
Sat Apr  4 11:28:16 CEST 2026
cd /out/sourcedata/freesurfer/sub-v1s13x0050005_ses-1
setenv SUBJECTS_DIR /out/sourcedata/freesurfer
/opt/freesurfer/bin/recon-all -autorecon1 -i /work/fmriprep_25_2_wf/sub_v1s13x0050005_ses_1_wf/anat_fit_wf/anat_validate/sub-v1s13x0050005_ses-1_T1w_noise_corrected_ras_valid.nii.gz -noskullstrip -noT2pial -noFLAIRpial -cw256 -openmp 16 -subjid sub-v1s13x0050005_ses-1 -sd /out/sourcedata/freesurfer

subjid sub-v1s13x0050005_ses-1
setenv SUBJECTS_DIR /out/sourcedata/freesurfer
FREESURFER_HOME /opt/freesurfer
Actual FREESURFER_HOME /opt/freesurfer
build-stamp.txt: freesurfer-linux-ubuntu22_x86_64-7.3.2-20220804-6354275
Linux dna055 5.14.0-427.37.1.el9_4.x86_64 #1 SMP PREEMPT_DYNAMIC Fri Sep 13 12:41:50 EDT 2024 x86_64 x86_64 x86_64 GNU/Linux
cputime      unlimited
filesize     unlimited
datasize     unlimited
stacksize    8192 kbytes
coredumpsize 0 kbytes
memoryuse    67108864 kbytes
vmemoryuse   unlimited
descriptors  1024 
memorylocked unlimited
maxproc      2061970 
maxlocks     unlimited
maxsignal    2061970 
maxmessage   819200 
maxnice      0 
maxrtprio    0 
maxrttime    unlimited

               total        used        free      shared  buff/cache   available
Mem:           503Gi        45Gi       424Gi       7.4Gi        33Gi       447Gi
Swap:             0B          0B          0B

########################################
program versions used
7.3.2 (freesurfer-linux-ubuntu22_x86_64-7.3.2-20220804-6354275)
7.3.2

ProgramName: lta_convert  ProgramArguments: lta_convert -all-info  ProgramVersion: 7.3.2  TimeStamp: 2026/04/04-09:28:17-GMT  BuildTime: Aug  4 2022 06:17:15  BuildStamp: freesurfer-linux-ubuntu22_x86_64-7.3.2-20220804-6354275  User: oesteban  Machine: dna055  Platform: Linux  PlatformVersion: 5.14.0-427.37.1.el9_4.x86_64  CompilerName: GCC  CompilerVersion: 8.4.0
ProgramName: mri_and  ProgramArguments: mri_and -all-info  ProgramVersion: 7.3.2  TimeStamp: 2026/04/04-09:28:17-GMT  BuildTime: Aug  4 2022 06:17:15  BuildStamp: freesurfer-linux-ubuntu22_x86_64-7.3.2-20220804-6354275  User: oesteban  Machine: dna055  Platform: Linux  PlatformVersion: 5.14.0-427.37.1.el9_4.x86_64  CompilerName: GCC  CompilerVersion: 8.4.0
ProgramName: mri_annotation2label  ProgramArguments: mri_annotation2label -all-info  ProgramVersion: 7.3.2  TimeStamp: 2026/04/04-09:28:17-GMT  BuildTime: Aug  4 2022 06:17:15  BuildStamp: freesurfer-linux-ubuntu22_x86_64-7.3.2-20220804-6354275  User: oesteban  Machine: dna055  Platform: Linux  PlatformVersion: 5.14.0-427.37.1.el9_4.x86_64  CompilerName: GCC  CompilerVersion: 8.4.0
ProgramName: mri_aparc2aseg  ProgramArguments: mri_aparc2aseg -all-info  ProgramVersion: 7.3.2  TimeStamp: 2026/04/04-09:28:17-GMT  BuildTime: Aug  4 2022 06:17:15  BuildStamp: freesurfer-linux-ubuntu22_x86_64-7.3.2-20220804-6354275  User: oesteban  Machine: dna055  Platform: Linux  PlatformVersion: 5.14.0-427.37.1.el9_4.x86_64  CompilerName: GCC  CompilerVersion: 8.4.0
ProgramName: mri_surf2volseg  ProgramArguments: mri_surf2volseg -all-info  ProgramVersion: 7.3.2  TimeStamp: 2026/04/04-09:28:17-GMT  BuildTime: Aug  4 2022 06:17:15  BuildStamp: freesurfer-linux-ubuntu22_x86_64-7.3.2-20220804-6354275  User: oesteban  Machine: dna055  Platform: Linux  PlatformVersion: 5.14.0-427.37.1.el9_4.x86_64  CompilerName: GCC  CompilerVersion: 8.4.0
ProgramName: mri_binarize  ProgramArguments: mri_binarize -all-info  ProgramVersion: 7.3.2  TimeStamp: 2026/04/04-09:28:17-GMT  BuildTime: Aug  4 2022 06:17:15  BuildStamp: freesurfer-linux-ubuntu22_x86_64-7.3.2-20220804-6354275  User: oesteban  Machine: dna055  Platform: Linux  PlatformVersion: 5.14.0-427.37.1.el9_4.x86_64  CompilerName: GCC  CompilerVersion: 8.4.0
ProgramName: mri_ca_label  ProgramArguments: mri_ca_label -all-info  ProgramVersion: 7.3.2  TimeStamp: 2026/04/04-09:28:17-GMT  BuildTime: Aug  4 2022 06:17:15  BuildStamp: freesurfer-linux-ubuntu22_x86_64-7.3.2-20220804-6354275  User: oesteban  Machine: dna055  Platform: Linux  PlatformVersion: 5.14.0-427.37.1.el9_4.x86_64  CompilerName: GCC  CompilerVersion: 8.4.0
ProgramName: mri_ca_normalize  ProgramArguments: mri_ca_normalize -all-info  ProgramVersion: 7.3.2  TimeStamp: 2026/04/04-09:28:17-GMT  BuildTime: Aug  4 2022 06:17:15  BuildStamp: freesurfer-linux-ubuntu22_x86_64-7.3.2-20220804-6354275  User: oesteban  Machine: dna055  Platform: Linux  PlatformVersion: 5.14.0-427.37.1.el9_4.x86_64  CompilerName: GCC  CompilerVersion: 8.4.0
ProgramName: mri_ca_register  ProgramArguments: mri_ca_register -all-info  ProgramVersion: 7.3.2  TimeStamp: 2026/04/04-09:28:17-GMT  BuildTime: Aug  4 2022 06:17:15  BuildStamp: freesurfer-linux-ubuntu22_x86_64-7.3.2-20220804-6354275  User: oesteban  Machine: dna055  Platform: Linux  PlatformVersion: 5.14.0-427.37.1.el9_4.x86_64  CompilerName: GCC  CompilerVersion: 8.4.0
ProgramName: mri_cc  ProgramArguments: mri_cc -all-info  ProgramVersion: 7.3.2  TimeStamp: 2026/04/04-09:28:17-GMT  BuildTime: Aug  4 2022 06:17:15  BuildStamp: freesurfer-linux-ubuntu22_x86_64-7.3.2-20220804-6354275  User: oesteban  Machine: dna055  Platform: Linux  PlatformVersion: 5.14.0-427.37.1.el9_4.x86_64  CompilerName: GCC  CompilerVersion: 8.4.0
ProgramName: mri_compute_overlap  ProgramArguments: mri_compute_overlap -all-info  ProgramVersion: 7.3.2  TimeStamp: 2026/04/04-09:28:17-GMT  BuildTime: Aug  4 2022 06:17:15  BuildStamp: freesurfer-linux-ubuntu22_x86_64-7.3.2-20220804-6354275  User: oesteban  Machine: dna055  Platform: Linux  PlatformVersion: 5.14.0-427.37.1.el9_4.x86_64  CompilerName: GCC  CompilerVersion: 8.4.0
ProgramName: mri_compute_seg_overlap  ProgramArguments: mri_compute_seg_overlap -all-info  ProgramVersion: 7.3.2  TimeStamp: 2026/04/04-09:28:17-GMT  BuildTime: Aug  4 2022 06:17:15  BuildStamp: freesurfer-linux-ubuntu22_x86_64-7.3.2-20220804-6354275  User: oesteban  Machine: dna055  Platform: Linux  PlatformVersion: 5.14.0-427.37.1.el9_4.x86_64  CompilerName: GCC  CompilerVersion: 8.4.0
ProgramName: mri_concat  ProgramArguments: mri_concat -all-info  ProgramVersion: 7.3.2  TimeStamp: 2026/04/04-09:28:17-GMT  BuildTime: Aug  4 2022 06:17:15  BuildStamp: freesurfer-linux-ubuntu22_x86_64-7.3.2-20220804-6354275  User: oesteban  Machine: dna055  Platform: Linux  PlatformVersion: 5.14.0-427.37.1.el9_4.x86_64  CompilerName: GCC  CompilerVersion: 8.4.0
ProgramName: mri_concatenate_lta  ProgramArguments: mri_concatenate_lta -all-info  ProgramVersion: 7.3.2  TimeStamp: 2026/04/04-09:28:17-GMT  BuildTime: Aug  4 2022 06:17:15  BuildStamp: freesurfer-linux-ubuntu22_x86_64-7.3.2-20220804-6354275  User: oesteban  Machine: dna055  Platform: Linux  PlatformVersion: 5.14.0-427.37.1.el9_4.x86_64  CompilerName: GCC  CompilerVersion: 8.4.0
mri_convert -all-info 
ProgramName: mri_convert  ProgramArguments: mri_convert -all-info  ProgramVersion: 7.3.2  TimeStamp: 2026/04/04-09:28:17-GMT  BuildTime: Aug  4 2022 06:17:15  BuildStamp: freesurfer-linux-ubuntu22_x86_64-7.3.2-20220804-6354275  User: oesteban  Machine: dna055  Platform: Linux  PlatformVersion: 5.14.0-427.37.1.el9_4.x86_64  CompilerName: GCC  CompilerVersion: 8.4.0
ProgramName: mri_diff  ProgramArguments: mri_diff -all-info  ProgramVersion: 7.3.2  TimeStamp: 2026/04/04-09:28:17-GMT  BuildTime: Aug  4 2022 06:17:15  BuildStamp: freesurfer-linux-ubuntu22_x86_64-7.3.2-20220804-6354275  User: oesteban  Machine: dna055  Platform: Linux  PlatformVersion: 5.14.0-427.37.1.el9_4.x86_64  CompilerName: GCC  CompilerVersion: 8.4.0
ProgramName: mri_edit_wm_with_aseg  ProgramArguments: mri_edit_wm_with_aseg -all-info  ProgramVersion: 7.3.2  TimeStamp: 2026/04/04-09:28:17-GMT  BuildTime: Aug  4 2022 06:17:15  BuildStamp: freesurfer-linux-ubuntu22_x86_64-7.3.2-20220804-6354275  User: oesteban  Machine: dna055  Platform: Linux  PlatformVersion: 5.14.0-427.37.1.el9_4.x86_64  CompilerName: GCC  CompilerVersion: 8.4.0
ProgramName: mri_em_register  ProgramArguments: mri_em_register -all-info  ProgramVersion: 7.3.2  TimeStamp: 2026/04/04-09:28:17-GMT  BuildTime: Aug  4 2022 06:17:15  BuildStamp: freesurfer-linux-ubuntu22_x86_64-7.3.2-20220804-6354275  User: oesteban  Machine: dna055  Platform: Linux  PlatformVersion: 5.14.0-427.37.1.el9_4.x86_64  CompilerName: GCC  CompilerVersion: 8.4.0
ProgramName: mri_fill  ProgramArguments: mri_fill -all-info  ProgramVersion: 7.3.2  TimeStamp: 2026/04/04-09:28:17-GMT  BuildTime: Aug  4 2022 06:17:15  BuildStamp: freesurfer-linux-ubuntu22_x86_64-7.3.2-20220804-6354275  User: oesteban  Machine: dna055  Platform: Linux  PlatformVersion: 5.14.0-427.37.1.el9_4.x86_64  CompilerName: GCC  CompilerVersion: 8.4.0
ProgramName: mri_fuse_segmentations  ProgramArguments: mri_fuse_segmentations -all-info  ProgramVersion: 7.3.2  TimeStamp: 2026/04/04-09:28:17-GMT  BuildTime: Aug  4 2022 06:17:15  BuildStamp: freesurfer-linux-ubuntu22_x86_64-7.3.2-20220804-6354275  User: oesteban  Machine: dna055  Platform: Linux  PlatformVersion: 5.14.0-427.37.1.el9_4.x86_64  CompilerName: GCC  CompilerVersion: 8.4.0
ProgramName: mri_fwhm  ProgramArguments: mri_fwhm -all-info  ProgramVersion: 7.3.2  TimeStamp: 2026/04/04-09:28:17-GMT  BuildTime: Aug  4 2022 06:17:15  BuildStamp: freesurfer-linux-ubuntu22_x86_64-7.3.2-20220804-6354275  User: oesteban  Machine: dna055  Platform: Linux  PlatformVersion: 5.14.0-427.37.1.el9_4.x86_64  CompilerName: GCC  CompilerVersion: 8.4.0
ProgramName: mri_gcut  ProgramArguments: mri_gcut -all-info  ProgramVersion: 7.3.2  TimeStamp: 2026/04/04-09:28:17-GMT  BuildTime: Aug  4 2022 06:17:15  BuildStamp: freesurfer-linux-ubuntu22_x86_64-7.3.2-20220804-6354275  User: oesteban  Machine: dna055  Platform: Linux  PlatformVersion: 5.14.0-427.37.1.el9_4.x86_64  CompilerName: GCC  CompilerVersion: 8.4.0
ProgramName: mri_info  ProgramArguments: mri_info -all-info  ProgramVersion: 7.3.2  TimeStamp: 2026/04/04-09:28:17-GMT  BuildTime: Aug  4 2022 06:17:15  BuildStamp: freesurfer-linux-ubuntu22_x86_64-7.3.2-20220804-6354275  User: oesteban  Machine: dna055  Platform: Linux  PlatformVersion: 5.14.0-427.37.1.el9_4.x86_64  CompilerName: GCC  CompilerVersion: 8.4.0
ProgramName: mri_label2label  ProgramArguments: mri_label2label -all-info  ProgramVersion: 7.3.2  TimeStamp: 2026/04/04-09:28:17-GMT  BuildTime: Aug  4 2022 06:17:15  BuildStamp: freesurfer-linux-ubuntu22_x86_64-7.3.2-20220804-6354275  User: oesteban  Machine: dna055  Platform: Linux  PlatformVersion: 5.14.0-427.37.1.el9_4.x86_64  CompilerName: GCC  CompilerVersion: 8.4.0
ProgramName: mri_label2vol  ProgramArguments: mri_label2vol -all-info  ProgramVersion: 7.3.2  TimeStamp: 2026/04/04-09:28:17-GMT  BuildTime: Aug  4 2022 06:17:15  BuildStamp: freesurfer-linux-ubuntu22_x86_64-7.3.2-20220804-6354275  User: oesteban  Machine: dna055  Platform: Linux  PlatformVersion: 5.14.0-427.37.1.el9_4.x86_64  CompilerName: GCC  CompilerVersion: 8.4.0
ProgramName: mri_log_likelihood  ProgramArguments: mri_log_likelihood -all-info  ProgramVersion: 7.3.2  TimeStamp: 2026/04/04-09:28:17-GMT  BuildTime: Aug  4 2022 06:17:15  BuildStamp: freesurfer-linux-ubuntu22_x86_64-7.3.2-20220804-6354275  User: oesteban  Machine: dna055  Platform: Linux  PlatformVersion: 5.14.0-427.37.1.el9_4.x86_64  CompilerName: GCC  CompilerVersion: 8.4.0
ProgramName: mri_mask  ProgramArguments: mri_mask -all-info  ProgramVersion: 7.3.2  TimeStamp: 2026/04/04-09:28:17-GMT  BuildTime: Aug  4 2022 06:17:15  BuildStamp: freesurfer-linux-ubuntu22_x86_64-7.3.2-20220804-6354275  User: oesteban  Machine: dna055  Platform: Linux  PlatformVersion: 5.14.0-427.37.1.el9_4.x86_64  CompilerName: GCC  CompilerVersion: 8.4.0
ProgramName: mri_matrix_multiply  ProgramArguments: mri_matrix_multiply -all-info  ProgramVersion: 7.3.2  TimeStamp: 2026/04/04-09:28:17-GMT  BuildTime: Aug  4 2022 06:17:15  BuildStamp: freesurfer-linux-ubuntu22_x86_64-7.3.2-20220804-6354275  User: oesteban  Machine: dna055  Platform: Linux  PlatformVersion: 5.14.0-427.37.1.el9_4.x86_64  CompilerName: GCC  CompilerVersion: 8.4.0
ProgramName: mri_normalize  ProgramArguments: mri_normalize -all-info  ProgramVersion: 7.3.2  TimeStamp: 2026/04/04-09:28:17-GMT  BuildTime: Aug  4 2022 06:17:15  BuildStamp: freesurfer-linux-ubuntu22_x86_64-7.3.2-20220804-6354275  User: oesteban  Machine: dna055  Platform: Linux  PlatformVersion: 5.14.0-427.37.1.el9_4.x86_64  CompilerName: GCC  CompilerVersion: 8.4.0
ProgramName: mri_normalize_tp2  ProgramArguments: mri_normalize_tp2 -all-info  ProgramVersion: 7.3.2  TimeStamp: 2026/04/04-09:28:17-GMT  BuildTime: Aug  4 2022 06:17:15  BuildStamp: freesurfer-linux-ubuntu22_x86_64-7.3.2-20220804-6354275  User: oesteban  Machine: dna055  Platform: Linux  PlatformVersion: 5.14.0-427.37.1.el9_4.x86_64  CompilerName: GCC  CompilerVersion: 8.4.0
ProgramName: mri_or  ProgramArguments: mri_or -all-info  ProgramVersion: 7.3.2  TimeStamp: 2026/04/04-09:28:17-GMT  BuildTime: Aug  4 2022 06:17:15  BuildStamp: freesurfer-linux-ubuntu22_x86_64-7.3.2-20220804-6354275  User: oesteban  Machine: dna055  Platform: Linux  PlatformVersion: 5.14.0-427.37.1.el9_4.x86_64  CompilerName: GCC  CompilerVersion: 8.4.0
ProgramName: mri_relabel_hypointensities  ProgramArguments: mri_relabel_hypointensities -all-info  ProgramVersion: 7.3.2  TimeStamp: 2026/04/04-09:28:17-GMT  BuildTime: Aug  4 2022 06:17:15  BuildStamp: freesurfer-linux-ubuntu22_x86_64-7.3.2-20220804-6354275  User: oesteban  Machine: dna055  Platform: Linux  PlatformVersion: 5.14.0-427.37.1.el9_4.x86_64  CompilerName: GCC  CompilerVersion: 8.4.0
ProgramName: mri_relabel_nonwm_hypos  ProgramArguments: mri_relabel_nonwm_hypos -all-info  ProgramVersion: 7.3.2  TimeStamp: 2026/04/04-09:28:17-GMT  BuildTime: Aug  4 2022 06:17:15  BuildStamp: freesurfer-linux-ubuntu22_x86_64-7.3.2-20220804-6354275  User: oesteban  Machine: dna055  Platform: Linux  PlatformVersion: 5.14.0-427.37.1.el9_4.x86_64  CompilerName: GCC  CompilerVersion: 8.4.0
ProgramName: mri_remove_neck  ProgramArguments: mri_remove_neck -all-info  ProgramVersion: 7.3.2  TimeStamp: 2026/04/04-09:28:17-GMT  BuildTime: Aug  4 2022 06:17:15  BuildStamp: freesurfer-linux-ubuntu22_x86_64-7.3.2-20220804-6354275  User: oesteban  Machine: dna055  Platform: Linux  PlatformVersion: 5.14.0-427.37.1.el9_4.x86_64  CompilerName: GCC  CompilerVersion: 8.4.0
7.3.2

ProgramName: mri_robust_register  ProgramArguments: mri_robust_register -all-info  ProgramVersion: 7.3.2  TimeStamp: 2026/04/04-09:28:17-GMT  BuildTime: Aug  4 2022 06:17:15  BuildStamp: freesurfer-linux-ubuntu22_x86_64-7.3.2-20220804-6354275  User: oesteban  Machine: dna055  Platform: Linux  PlatformVersion: 5.14.0-427.37.1.el9_4.x86_64  CompilerName: GCC  CompilerVersion: 8.4.0
7.3.2

ProgramName: mri_robust_template  ProgramArguments: mri_robust_template -all-info  ProgramVersion: 7.3.2  TimeStamp: 2026/04/04-09:28:17-GMT  BuildTime: Aug  4 2022 06:17:15  BuildStamp: freesurfer-linux-ubuntu22_x86_64-7.3.2-20220804-6354275  User: oesteban  Machine: dna055  Platform: Linux  PlatformVersion: 5.14.0-427.37.1.el9_4.x86_64  CompilerName: GCC  CompilerVersion: 8.4.0
ProgramName: mris_anatomical_stats  ProgramArguments: mris_anatomical_stats -all-info  ProgramVersion: 7.3.2  TimeStamp: 2026/04/04-09:28:17-GMT  BuildTime: Aug  4 2022 06:17:15  BuildStamp: freesurfer-linux-ubuntu22_x86_64-7.3.2-20220804-6354275  User: oesteban  Machine: dna055  Platform: Linux  PlatformVersion: 5.14.0-427.37.1.el9_4.x86_64  CompilerName: GCC  CompilerVersion: 8.4.0
ProgramName: mris_ca_label  ProgramArguments: mris_ca_label -all-info  ProgramVersion: 7.3.2  TimeStamp: 2026/04/04-09:28:17-GMT  BuildTime: Aug  4 2022 06:17:15  BuildStamp: freesurfer-linux-ubuntu22_x86_64-7.3.2-20220804-6354275  User: oesteban  Machine: dna055  Platform: Linux  PlatformVersion: 5.14.0-427.37.1.el9_4.x86_64  CompilerName: GCC  CompilerVersion: 8.4.0
ProgramName: mris_calc  ProgramArguments: mris_calc -all-info  ProgramVersion: 7.3.2  TimeStamp: 2026/04/04-09:28:17-GMT  BuildTime: Aug  4 2022 06:17:15  BuildStamp: freesurfer-linux-ubuntu22_x86_64-7.3.2-20220804-6354275  User: oesteban  Machine: dna055  Platform: Linux  PlatformVersion: 5.14.0-427.37.1.el9_4.x86_64  CompilerName: GCC  CompilerVersion: 8.4.0
ProgramName: mris_convert  ProgramArguments: mris_convert -all-info  ProgramVersion: 7.3.2  TimeStamp: 2026/04/04-09:28:17-GMT  BuildTime: Aug  4 2022 06:17:15  BuildStamp: freesurfer-linux-ubuntu22_x86_64-7.3.2-20220804-6354275  User: oesteban  Machine: dna055  Platform: Linux  PlatformVersion: 5.14.0-427.37.1.el9_4.x86_64  CompilerName: GCC  CompilerVersion: 8.4.0
ProgramName: mris_curvature  ProgramArguments: mris_curvature -all-info  ProgramVersion: 7.3.2  TimeStamp: 2026/04/04-09:28:17-GMT  BuildTime: Aug  4 2022 06:17:15  BuildStamp: freesurfer-linux-ubuntu22_x86_64-7.3.2-20220804-6354275  User: oesteban  Machine: dna055  Platform: Linux  PlatformVersion: 5.14.0-427.37.1.el9_4.x86_64  CompilerName: GCC  CompilerVersion: 8.4.0
ProgramName: mris_curvature_stats  ProgramArguments: mris_curvature_stats -all-info  ProgramVersion: 7.3.2  TimeStamp: 2026/04/04-09:28:17-GMT  BuildTime: Aug  4 2022 06:17:15  BuildStamp: freesurfer-linux-ubuntu22_x86_64-7.3.2-20220804-6354275  User: oesteban  Machine: dna055  Platform: Linux  PlatformVersion: 5.14.0-427.37.1.el9_4.x86_64  CompilerName: GCC  CompilerVersion: 8.4.0
ProgramName: mris_diff  ProgramArguments: mris_diff -all-info  ProgramVersion: 7.3.2  TimeStamp: 2026/04/04-09:28:17-GMT  BuildTime: Aug  4 2022 06:17:15  BuildStamp: freesurfer-linux-ubuntu22_x86_64-7.3.2-20220804-6354275  User: oesteban  Machine: dna055  Platform: Linux  PlatformVersion: 5.14.0-427.37.1.el9_4.x86_64  CompilerName: GCC  CompilerVersion: 8.4.0
ProgramName: mris_divide_parcellation  ProgramArguments: mris_divide_parcellation -all-info  ProgramVersion: 7.3.2  TimeStamp: 2026/04/04-09:28:17-GMT  BuildTime: Aug  4 2022 06:17:15  BuildStamp: freesurfer-linux-ubuntu22_x86_64-7.3.2-20220804-6354275  User: oesteban  Machine: dna055  Platform: Linux  PlatformVersion: 5.14.0-427.37.1.el9_4.x86_64  CompilerName: GCC  CompilerVersion: 8.4.0
ProgramName: mri_segment  ProgramArguments: mri_segment -all-info  ProgramVersion: 7.3.2  TimeStamp: 2026/04/04-09:28:17-GMT  BuildTime: Aug  4 2022 06:17:15  BuildStamp: freesurfer-linux-ubuntu22_x86_64-7.3.2-20220804-6354275  User: oesteban  Machine: dna055  Platform: Linux  PlatformVersion: 5.14.0-427.37.1.el9_4.x86_64  CompilerName: GCC  CompilerVersion: 8.4.0
ProgramName: mri_segstats  ProgramArguments: mri_segstats -all-info  ProgramVersion: 7.3.2  TimeStamp: 2026/04/04-09:28:17-GMT  BuildTime: Aug  4 2022 06:17:15  BuildStamp: freesurfer-linux-ubuntu22_x86_64-7.3.2-20220804-6354275  User: oesteban  Machine: dna055  Platform: Linux  PlatformVersion: 5.14.0-427.37.1.el9_4.x86_64  CompilerName: GCC  CompilerVersion: 8.4.0
ProgramName: mris_euler_number  ProgramArguments: mris_euler_number -all-info  ProgramVersion: 7.3.2  TimeStamp: 2026/04/04-09:28:17-GMT  BuildTime: Aug  4 2022 06:17:15  BuildStamp: freesurfer-linux-ubuntu22_x86_64-7.3.2-20220804-6354275  User: oesteban  Machine: dna055  Platform: Linux  PlatformVersion: 5.14.0-427.37.1.el9_4.x86_64  CompilerName: GCC  CompilerVersion: 8.4.0
ProgramName: mris_fix_topology  ProgramArguments: mris_fix_topology -all-info  ProgramVersion: 7.3.2  TimeStamp: 2026/04/04-09:28:17-GMT  BuildTime: Aug  4 2022 06:17:15  BuildStamp: freesurfer-linux-ubuntu22_x86_64-7.3.2-20220804-6354275  User: oesteban  Machine: dna055  Platform: Linux  PlatformVersion: 5.14.0-427.37.1.el9_4.x86_64  CompilerName: GCC  CompilerVersion: 8.4.0
ProgramName: mris_topo_fixer  ProgramArguments: mris_topo_fixer -all-info  ProgramVersion: 7.3.2  TimeStamp: 2026/04/04-09:28:17-GMT  BuildTime: Aug  4 2022 06:17:15  BuildStamp: freesurfer-linux-ubuntu22_x86_64-7.3.2-20220804-6354275  User: oesteban  Machine: dna055  Platform: Linux  PlatformVersion: 5.14.0-427.37.1.el9_4.x86_64  CompilerName: GCC  CompilerVersion: 8.4.0
ProgramName: mris_jacobian  ProgramArguments: mris_jacobian -all-info  ProgramVersion: 7.3.2  TimeStamp: 2026/04/04-09:28:17-GMT  BuildTime: Aug  4 2022 06:17:15  BuildStamp: freesurfer-linux-ubuntu22_x86_64-7.3.2-20220804-6354275  User: oesteban  Machine: dna055  Platform: Linux  PlatformVersion: 5.14.0-427.37.1.el9_4.x86_64  CompilerName: GCC  CompilerVersion: 8.4.0
ProgramName: mris_label2annot  ProgramArguments: mris_label2annot -all-info  ProgramVersion: 7.3.2  TimeStamp: 2026/04/04-09:28:17-GMT  BuildTime: Aug  4 2022 06:17:15  BuildStamp: freesurfer-linux-ubuntu22_x86_64-7.3.2-20220804-6354275  User: oesteban  Machine: dna055  Platform: Linux  PlatformVersion: 5.14.0-427.37.1.el9_4.x86_64  CompilerName: GCC  CompilerVersion: 8.4.0
ProgramName: mris_left_right_register  ProgramArguments: mris_left_right_register -all-info  ProgramVersion: 7.3.2  TimeStamp: 2026/04/04-09:28:17-GMT  BuildTime: Aug  4 2022 06:17:15  BuildStamp: freesurfer-linux-ubuntu22_x86_64-7.3.2-20220804-6354275  User: oesteban  Machine: dna055  Platform: Linux  PlatformVersion: 5.14.0-427.37.1.el9_4.x86_64  CompilerName: GCC  CompilerVersion: 8.4.0
ProgramName: mris_place_surface  ProgramArguments: mris_place_surface -all-info  ProgramVersion: 7.3.2  TimeStamp: 2026/04/04-09:28:17-GMT  BuildTime: Aug  4 2022 06:17:15  BuildStamp: freesurfer-linux-ubuntu22_x86_64-7.3.2-20220804-6354275  User: oesteban  Machine: dna055  Platform: Linux  PlatformVersion: 5.14.0-427.37.1.el9_4.x86_64  CompilerName: GCC  CompilerVersion: 8.4.0
ProgramName: mrisp_paint  ProgramArguments: mrisp_paint -all-info  ProgramVersion: 7.3.2  TimeStamp: 2026/04/04-09:28:17-GMT  BuildTime: Aug  4 2022 06:17:15  BuildStamp: freesurfer-linux-ubuntu22_x86_64-7.3.2-20220804-6354275  User: oesteban  Machine: dna055  Platform: Linux  PlatformVersion: 5.14.0-427.37.1.el9_4.x86_64  CompilerName: GCC  CompilerVersion: 8.4.0
ProgramName: mris_register  ProgramArguments: mris_register -all-info  ProgramVersion: 7.3.2  TimeStamp: 2026/04/04-09:28:17-GMT  BuildTime: Aug  4 2022 06:17:15  BuildStamp: freesurfer-linux-ubuntu22_x86_64-7.3.2-20220804-6354275  User: oesteban  Machine: dna055  Platform: Linux  PlatformVersion: 5.14.0-427.37.1.el9_4.x86_64  CompilerName: GCC  CompilerVersion: 8.4.0
ProgramName: mris_smooth  ProgramArguments: mris_smooth -all-info  ProgramVersion: 7.3.2  TimeStamp: 2026/04/04-09:28:17-GMT  BuildTime: Aug  4 2022 06:17:15  BuildStamp: freesurfer-linux-ubuntu22_x86_64-7.3.2-20220804-6354275  User: oesteban  Machine: dna055  Platform: Linux  PlatformVersion: 5.14.0-427.37.1.el9_4.x86_64  CompilerName: GCC  CompilerVersion: 8.4.0
ProgramName: mris_sphere  ProgramArguments: mris_sphere -all-info  ProgramVersion: 7.3.2  TimeStamp: 2026/04/04-09:28:17-GMT  BuildTime: Aug  4 2022 06:17:15  BuildStamp: freesurfer-linux-ubuntu22_x86_64-7.3.2-20220804-6354275  User: oesteban  Machine: dna055  Platform: Linux  PlatformVersion: 5.14.0-427.37.1.el9_4.x86_64  CompilerName: GCC  CompilerVersion: 8.4.0
ProgramName: mris_surface_stats  ProgramArguments: mris_surface_stats -all-info  ProgramVersion: 7.3.2  TimeStamp: 2026/04/04-09:28:17-GMT  BuildTime: Aug  4 2022 06:17:15  BuildStamp: freesurfer-linux-ubuntu22_x86_64-7.3.2-20220804-6354275  User: oesteban  Machine: dna055  Platform: Linux  PlatformVersion: 5.14.0-427.37.1.el9_4.x86_64  CompilerName: GCC  CompilerVersion: 8.4.0
ProgramName: mri_stats2seg  ProgramArguments: mri_stats2seg -all-info  ProgramVersion: 7.3.2  TimeStamp: 2026/04/04-09:28:17-GMT  BuildTime: Aug  4 2022 06:17:15  BuildStamp: freesurfer-linux-ubuntu22_x86_64-7.3.2-20220804-6354275  User: oesteban  Machine: dna055  Platform: Linux  PlatformVersion: 5.14.0-427.37.1.el9_4.x86_64  CompilerName: GCC  CompilerVersion: 8.4.0
ProgramName: mris_thickness  ProgramArguments: mris_thickness -all-info  ProgramVersion: 7.3.2  TimeStamp: 2026/04/04-09:28:17-GMT  BuildTime: Aug  4 2022 06:17:15  BuildStamp: freesurfer-linux-ubuntu22_x86_64-7.3.2-20220804-6354275  User: oesteban  Machine: dna055  Platform: Linux  PlatformVersion: 5.14.0-427.37.1.el9_4.x86_64  CompilerName: GCC  CompilerVersion: 8.4.0
ProgramName: mris_thickness_diff  ProgramArguments: mris_thickness_diff -all-info  ProgramVersion: 7.3.2  TimeStamp: 2026/04/04-09:28:17-GMT  BuildTime: Aug  4 2022 06:17:15  BuildStamp: freesurfer-linux-ubuntu22_x86_64-7.3.2-20220804-6354275  User: oesteban  Machine: dna055  Platform: Linux  PlatformVersion: 5.14.0-427.37.1.el9_4.x86_64  CompilerName: GCC  CompilerVersion: 8.4.0
ProgramName: mris_topo_fixer  ProgramArguments: mris_topo_fixer -all-info  ProgramVersion: 7.3.2  TimeStamp: 2026/04/04-09:28:17-GMT  BuildTime: Aug  4 2022 06:17:15  BuildStamp: freesurfer-linux-ubuntu22_x86_64-7.3.2-20220804-6354275  User: oesteban  Machine: dna055  Platform: Linux  PlatformVersion: 5.14.0-427.37.1.el9_4.x86_64  CompilerName: GCC  CompilerVersion: 8.4.0
ProgramName: mri_surf2surf  ProgramArguments: mri_surf2surf -all-info  ProgramVersion: 7.3.2  TimeStamp: 2026/04/04-09:28:17-GMT  BuildTime: Aug  4 2022 06:17:15  BuildStamp: freesurfer-linux-ubuntu22_x86_64-7.3.2-20220804-6354275  User: oesteban  Machine: dna055  Platform: Linux  PlatformVersion: 5.14.0-427.37.1.el9_4.x86_64  CompilerName: GCC  CompilerVersion: 8.4.0
ProgramName: mri_surf2vol  ProgramArguments: mri_surf2vol -all-info  ProgramVersion: 7.3.2  TimeStamp: 2026/04/04-09:28:17-GMT  BuildTime: Aug  4 2022 06:17:15  BuildStamp: freesurfer-linux-ubuntu22_x86_64-7.3.2-20220804-6354275  User: oesteban  Machine: dna055  Platform: Linux  PlatformVersion: 5.14.0-427.37.1.el9_4.x86_64  CompilerName: GCC  CompilerVersion: 8.4.0
ProgramName: mri_surfcluster  ProgramArguments: mri_surfcluster -all-info  ProgramVersion: 7.3.2  TimeStamp: 2026/04/04-09:28:17-GMT  BuildTime: Aug  4 2022 06:17:15  BuildStamp: freesurfer-linux-ubuntu22_x86_64-7.3.2-20220804-6354275  User: oesteban  Machine: dna055  Platform: Linux  PlatformVersion: 5.14.0-427.37.1.el9_4.x86_64  CompilerName: GCC  CompilerVersion: 8.4.0
ProgramName: mris_volmask  ProgramArguments: mris_volmask -all-info  ProgramVersion: 7.3.2  TimeStamp: 2026/04/04-09:28:17-GMT  BuildTime: Aug  4 2022 06:17:15  BuildStamp: freesurfer-linux-ubuntu22_x86_64-7.3.2-20220804-6354275  User: oesteban  Machine: dna055  Platform: Linux  PlatformVersion: 5.14.0-427.37.1.el9_4.x86_64  CompilerName: GCC  CompilerVersion: 8.4.0
ProgramName: mri_tessellate  ProgramArguments: mri_tessellate -all-info  ProgramVersion: 7.3.2  TimeStamp: 2026/04/04-09:28:17-GMT  BuildTime: Aug  4 2022 06:17:15  BuildStamp: freesurfer-linux-ubuntu22_x86_64-7.3.2-20220804-6354275  User: oesteban  Machine: dna055  Platform: Linux  PlatformVersion: 5.14.0-427.37.1.el9_4.x86_64  CompilerName: GCC  CompilerVersion: 8.4.0
ProgramName: mri_vol2surf  ProgramArguments: mri_vol2surf -all-info  ProgramVersion: 7.3.2  TimeStamp: 2026/04/04-09:28:17-GMT  BuildTime: Aug  4 2022 06:17:15  BuildStamp: freesurfer-linux-ubuntu22_x86_64-7.3.2-20220804-6354275  User: oesteban  Machine: dna055  Platform: Linux  PlatformVersion: 5.14.0-427.37.1.el9_4.x86_64  CompilerName: GCC  CompilerVersion: 8.4.0
ProgramName: mri_vol2vol  ProgramArguments: mri_vol2vol -all-info  ProgramVersion: 7.3.2  TimeStamp: 2026/04/04-09:28:17-GMT  BuildTime: Aug  4 2022 06:17:15  BuildStamp: freesurfer-linux-ubuntu22_x86_64-7.3.2-20220804-6354275  User: oesteban  Machine: dna055  Platform: Linux  PlatformVersion: 5.14.0-427.37.1.el9_4.x86_64  CompilerName: GCC  CompilerVersion: 8.4.0
ProgramName: mri_voldiff  ProgramArguments: mri_voldiff -all-info  ProgramVersion: 7.3.2  TimeStamp: 2026/04/04-09:28:17-GMT  BuildTime: Aug  4 2022 06:17:15  BuildStamp: freesurfer-linux-ubuntu22_x86_64-7.3.2-20220804-6354275  User: oesteban  Machine: dna055  Platform: Linux  PlatformVersion: 5.14.0-427.37.1.el9_4.x86_64  CompilerName: GCC  CompilerVersion: 8.4.0
ProgramName: mri_watershed  ProgramArguments: mri_watershed -all-info  ProgramVersion: 7.3.2  TimeStamp: 2026/04/04-09:28:17-GMT  BuildTime: Aug  4 2022 06:17:15  BuildStamp: freesurfer-linux-ubuntu22_x86_64-7.3.2-20220804-6354275  User: oesteban  Machine: dna055  Platform: Linux  PlatformVersion: 5.14.0-427.37.1.el9_4.x86_64  CompilerName: GCC  CompilerVersion: 8.4.0
ProgramName: tkregister2  ProgramArguments: tkregister2_cmdl -all-info  ProgramVersion: 7.3.2  TimeStamp: 2026/04/04-09:28:17-GMT  BuildTime: Aug  4 2022 06:17:15  BuildStamp: freesurfer-linux-ubuntu22_x86_64-7.3.2-20220804-6354275  User: oesteban  Machine: dna055  Platform: Linux  PlatformVersion: 5.14.0-427.37.1.el9_4.x86_64  CompilerName: GCC  CompilerVersion: 8.4.0
mri_motion_correct.fsl 7.3.2
mri_convert -all-info 
ProgramName: mri_convert  ProgramArguments: mri_convert -all-info  ProgramVersion: 7.3.2  TimeStamp: 2026/04/04-09:28:17-GMT  BuildTime: Aug  4 2022 06:17:15  BuildStamp: freesurfer-linux-ubuntu22_x86_64-7.3.2-20220804-6354275  User: oesteban  Machine: dna055  Platform: Linux  PlatformVersion: 5.14.0-427.37.1.el9_4.x86_64  CompilerName: GCC  CompilerVersion: 8.4.0
Program nu_correct, built from:
Package MNI N3, version 1.12.0, compiled by nicks@terrier (x86_64-unknown-linux-gnu) on 2015-06-19 at 01:25:34
#######################################
GCADIR /opt/freesurfer/average
GCA RB_all_2020-01-02.gca
GCASkull RB_all_withskull_2020_01_02.gca
AvgCurvTif folding.atlas.acfb40.noaparc.i12.2016-08-02.tif
GCSDIR /opt/freesurfer/average
GCS DKaparc.atlas.acfb40.noaparc.i12.2016-08-02.gcs
#######################################
-cw256 option is now persistent (remove with -clean-cw256)
/out/sourcedata/freesurfer/sub-v1s13x0050005_ses-1

 mri_convert /work/fmriprep_25_2_wf/sub_v1s13x0050005_ses_1_wf/anat_fit_wf/anat_validate/sub-v1s13x0050005_ses-1_T1w_noise_corrected_ras_valid.nii.gz /out/sourcedata/freesurfer/sub-v1s13x0050005_ses-1/mri/orig/001.mgz 

mri_convert /work/fmriprep_25_2_wf/sub_v1s13x0050005_ses_1_wf/anat_fit_wf/anat_validate/sub-v1s13x0050005_ses-1_T1w_noise_corrected_ras_valid.nii.gz /out/sourcedata/freesurfer/sub-v1s13x0050005_ses-1/mri/orig/001.mgz 
reading from /work/fmriprep_25_2_wf/sub_v1s13x0050005_ses_1_wf/anat_fit_wf/anat_validate/sub-v1s13x0050005_ses-1_T1w_noise_corrected_ras_valid.nii.gz...
TR=0.00, TE=0.00, TI=0.00, flip angle=0.00
i_ras = (1, 0, 0)
j_ras = (0, 1, 0)
k_ras = (0, 0, 1)
writing to /out/sourcedata/freesurfer/sub-v1s13x0050005_ses-1/mri/orig/001.mgz...
#--------------------------------------------
#@# MotionCor Sat Apr  4 11:28:20 CEST 2026
Found 1 runs
/out/sourcedata/freesurfer/sub-v1s13x0050005_ses-1/mri/orig/001.mgz
Checking for (invalid) multi-frame inputs...
Only one run found so motion
correction will not be performed. I'll
copy the run to rawavg and continue.

 cp /out/sourcedata/freesurfer/sub-v1s13x0050005_ses-1/mri/orig/001.mgz /out/sourcedata/freesurfer/sub-v1s13x0050005_ses-1/mri/rawavg.mgz 


 mri_info /out/sourcedata/freesurfer/sub-v1s13x0050005_ses-1/mri/rawavg.mgz 

rawavg.mgz ========================================
Volume information for /out/sourcedata/freesurfer/sub-v1s13x0050005_ses-1/mri/rawavg.mgz
          type: MGH
    dimensions: 176 x 256 x 256
   voxel sizes: 1.050000, 1.050781, 1.050781
          type: FLOAT (3)
           fov: 269.000
           dof: 1
        xstart: -92.4, xend: 92.4
        ystart: -134.5, yend: 134.5
        zstart: -134.5, zend: 134.5
            TR: 0.00 msec, TE: 0.00 msec, TI: 0.00 msec, flip angle: 0.00 degrees
       nframes: 1
       PhEncDir: UNKNOWN
       FieldStrength: 0.000000
ras xform present
    xform info: x_r =   1.0000, y_r =   0.0000, z_r =   0.0000, c_r =     0.5250
              : x_a =   0.0000, y_a =   1.0000, z_a =   0.0000, c_a =     1.0508
              : x_s =   0.0000, y_s =   0.0000, z_s =   1.0000, c_s =    -4.6886

talairach xfm : 
Orientation   : RAS
Primary Slice Direction: axial

voxel to ras transform:
                1.0500   0.0000   0.0000   -91.8750
                0.0000   1.0508   0.0000  -133.4492
                0.0000   0.0000   1.0508  -139.1886
                0.0000   0.0000   0.0000     1.0000

voxel-to-ras determinant 1.15935

ras to voxel transform:
                0.9524   0.0000   0.0000    87.5000
                0.0000   0.9517   0.0000   127.0000
                0.0000   0.0000   0.9517   132.4620
                0.0000   0.0000   0.0000     1.0000
/out/sourcedata/freesurfer/sub-v1s13x0050005_ses-1

 mri_convert /out/sourcedata/freesurfer/sub-v1s13x0050005_ses-1/mri/rawavg.mgz /out/sourcedata/freesurfer/sub-v1s13x0050005_ses-1/mri/orig.mgz --conform --cw256 

mri_convert /out/sourcedata/freesurfer/sub-v1s13x0050005_ses-1/mri/rawavg.mgz /out/sourcedata/freesurfer/sub-v1s13x0050005_ses-1/mri/orig.mgz --conform --cw256 
reading from /out/sourcedata/freesurfer/sub-v1s13x0050005_ses-1/mri/rawavg.mgz...
TR=0.00, TE=0.00, TI=0.00, flip angle=0.00
i_ras = (1, 0, 0)
j_ras = (0, 1, 0)
k_ras = (0, 0, 1)
changing data type from float to uchar (noscale = 0)...
MRIchangeType: Building histogram 0 1255.82 1000, flo=0, fhi=0.999, dest_type=0
Reslicing using trilinear interpolation 
writing to /out/sourcedata/freesurfer/sub-v1s13x0050005_ses-1/mri/orig.mgz...

 mri_add_xform_to_header -c /out/sourcedata/freesurfer/sub-v1s13x0050005_ses-1/mri/transforms/talairach.xfm /out/sourcedata/freesurfer/sub-v1s13x0050005_ses-1/mri/orig.mgz /out/sourcedata/freesurfer/sub-v1s13x0050005_ses-1/mri/orig.mgz 

INFO: extension is mgz

 mri_info /out/sourcedata/freesurfer/sub-v1s13x0050005_ses-1/mri/orig.mgz 

orig.mgz ========================================
Volume information for /out/sourcedata/freesurfer/sub-v1s13x0050005_ses-1/mri/orig.mgz
          type: MGH
    dimensions: 256 x 256 x 256
   voxel sizes: 1.000000, 1.000000, 1.000000
          type: UCHAR (0)
           fov: 256.000
           dof: 1
        xstart: -128.0, xend: 128.0
        ystart: -128.0, yend: 128.0
        zstart: -128.0, zend: 128.0
            TR: 0.00 msec, TE: 0.00 msec, TI: 0.00 msec, flip angle: 0.00 degrees
       nframes: 1
       PhEncDir: UNKNOWN
       FieldStrength: 0.000000
ras xform present
    xform info: x_r =  -1.0000, y_r =   0.0000, z_r =   0.0000, c_r =     0.5250
              : x_a =   0.0000, y_a =   0.0000, z_a =   1.0000, c_a =     1.0508
              : x_s =   0.0000, y_s =  -1.0000, z_s =   0.0000, c_s =    -4.6886

talairach xfm : /out/sourcedata/freesurfer/sub-v1s13x0050005_ses-1/mri/transforms/talairach.xfm
Orientation   : LIA
Primary Slice Direction: coronal

voxel to ras transform:
               -1.0000   0.0000   0.0000   128.5250
                0.0000   0.0000   1.0000  -126.9492
                0.0000  -1.0000   0.0000   123.3114
                0.0000   0.0000   0.0000     1.0000

voxel-to-ras determinant -1

ras to voxel transform:
               -1.0000  -0.0000  -0.0000   128.5250
               -0.0000  -0.0000  -1.0000   123.3114
               -0.0000   1.0000  -0.0000   126.9492
               -0.0000  -0.0000  -0.0000     1.0000
#--------------------------------------------
#@# Talairach Sat Apr  4 11:28:29 CEST 2026
/out/sourcedata/freesurfer/sub-v1s13x0050005_ses-1/mri

 mri_nu_correct.mni --no-rescale --i orig.mgz --o orig_nu.mgz --ants-n4 --n 1 --proto-iters 1000 --distance 50 

/usr/bin/bc
/out/sourcedata/freesurfer/sub-v1s13x0050005_ses-1/mri
/opt/freesurfer/bin/mri_nu_correct.mni
--no-rescale --i orig.mgz --o orig_nu.mgz --ants-n4 --n 1 --proto-iters 1000 --distance 50
nIters 1
mri_nu_correct.mni 7.3.2
Linux dna055 5.14.0-427.37.1.el9_4.x86_64 #1 SMP PREEMPT_DYNAMIC Fri Sep 13 12:41:50 EDT 2024 x86_64 x86_64 x86_64 GNU/Linux
Sat Apr  4 11:28:29 CEST 2026
tmpdir is ./tmp.mri_nu_correct.mni.509629
cd /out/sourcedata/freesurfer/sub-v1s13x0050005_ses-1/mri
AntsN4BiasFieldCorrectionFs -i orig.mgz -o ./tmp.mri_nu_correct.mni.509629/nu0.mgz --dtype uchar
AntsN4BiasFieldCorrectionFs done
mri_convert ./tmp.mri_nu_correct.mni.509629/nu0.mgz orig_nu.mgz --like orig.mgz --conform
mri_convert ./tmp.mri_nu_correct.mni.509629/nu0.mgz orig_nu.mgz --like orig.mgz --conform 
reading from ./tmp.mri_nu_correct.mni.509629/nu0.mgz...
TR=0.00, TE=0.00, TI=0.00, flip angle=0.00
i_ras = (-1, 0, 0)
j_ras = (0, 0, -1)
k_ras = (0, 1, 0)
INFO: transform src into the like-volume: orig.mgz
writing to orig_nu.mgz...
 
 
Sat Apr  4 11:31:25 CEST 2026
mri_nu_correct.mni done

 talairach_avi --i orig_nu.mgz --xfm transforms/talairach.auto.xfm 

talairach_avi log file is transforms/talairach_avi.log...
mv -f /out/sourcedata/freesurfer/sub-v1s13x0050005_ses-1/mri/talsrcimg_to_711-2C_as_mni_average_305_t4_vox2vox.txt /out/sourcedata/freesurfer/sub-v1s13x0050005_ses-1/mri/transforms/talsrcimg_to_711-2C_as_mni_average_305_t4_vox2vox.txt
Started at Sat Apr 4 11:31:25 CEST 2026
Ended   at Sat Apr  4 11:32:50 CEST 2026
talairach_avi done

 cp transforms/talairach.auto.xfm transforms/talairach.xfm 

lta_convert --src orig.mgz --trg /opt/freesurfer/average/mni305.cor.mgz --inxfm transforms/talairach.xfm --outlta transforms/talairach.xfm.lta --subject fsaverage --ltavox2vox
7.3.2

--src: orig.mgz src image (geometry).
--trg: /opt/freesurfer/average/mni305.cor.mgz trg image (geometry).
--inmni: transforms/talairach.xfm input MNI/XFM transform.
--outlta: transforms/talairach.xfm.lta output LTA.
--s: fsaverage subject name
--ltavox2vox: output LTA as VOX_TO_VOX transform.
 LTA read, type : 1
 1.05335   0.01665  -0.02172  -0.01860;
-0.01280   1.01271   0.23678  -5.89967;
 0.00623  -0.21021   1.13273   7.21875;
 0.00000   0.00000   0.00000   1.00000;
setting subject to fsaverage
Writing  LTA to file transforms/talairach.xfm.lta...
lta_convert successful.
#--------------------------------------------
#@# Talairach Failure Detection Sat Apr  4 11:32:52 CEST 2026
/out/sourcedata/freesurfer/sub-v1s13x0050005_ses-1/mri

 talairach_afd -T 0.005 -xfm transforms/talairach.xfm 

talairach_afd: Talairach Transform: transforms/talairach.xfm OK (p=0.8046, pval=0.8469 >= threshold=0.0050)

 awk -f /opt/freesurfer/bin/extract_talairach_avi_QA.awk /out/sourcedata/freesurfer/sub-v1s13x0050005_ses-1/mri/transforms/talairach_avi.log 


 tal_QC_AZS /out/sourcedata/freesurfer/sub-v1s13x0050005_ses-1/mri/transforms/talairach_avi.log 

TalAviQA: 0.97400
z-score: 0
#--------------------------------------------
#@# Nu Intensity Correction Sat Apr  4 11:32:53 CEST 2026

 mri_nu_correct.mni --i orig.mgz --o nu.mgz --uchar transforms/talairach.xfm --n 2 --ants-n4 

/usr/bin/bc
/out/sourcedata/freesurfer/sub-v1s13x0050005_ses-1/mri
/opt/freesurfer/bin/mri_nu_correct.mni
--i orig.mgz --o nu.mgz --uchar transforms/talairach.xfm --n 2 --ants-n4
nIters 2
mri_nu_correct.mni 7.3.2
Linux dna055 5.14.0-427.37.1.el9_4.x86_64 #1 SMP PREEMPT_DYNAMIC Fri Sep 13 12:41:50 EDT 2024 x86_64 x86_64 x86_64 GNU/Linux
Sat Apr  4 11:32:53 CEST 2026
tmpdir is ./tmp.mri_nu_correct.mni.510614
cd /out/sourcedata/freesurfer/sub-v1s13x0050005_ses-1/mri
AntsN4BiasFieldCorrectionFs -i orig.mgz -o ./tmp.mri_nu_correct.mni.510614/nu0.mgz --dtype uchar
AntsN4BiasFieldCorrectionFs done
mri_binarize --i ./tmp.mri_nu_correct.mni.510614/nu0.mgz --min -1 --o ./tmp.mri_nu_correct.mni.510614/ones.mgz

7.3.2
cwd /out/sourcedata/freesurfer/sub-v1s13x0050005_ses-1/mri
cmdline mri_binarize --i ./tmp.mri_nu_correct.mni.510614/nu0.mgz --min -1 --o ./tmp.mri_nu_correct.mni.510614/ones.mgz 
sysname  Linux
hostname dna055
machine  x86_64
user     oesteban

input      ./tmp.mri_nu_correct.mni.510614/nu0.mgz
frame      0
nErode3d   0
nErode2d   0
output     ./tmp.mri_nu_correct.mni.510614/ones.mgz
Binarizing based on threshold
min        -1
max        +infinity
binval        1
binvalnot     0
fstart = 0, fend = 0, nframes = 1
Starting parallel 1
Found 16777216 values in range
Counting number of voxels in first frame
Found 16777215 voxels in final mask
Writing output to ./tmp.mri_nu_correct.mni.510614/ones.mgz
Count: 16777215 16777215.000000 16777216 99.999994
mri_binarize done
mri_segstats --id 1 --seg ./tmp.mri_nu_correct.mni.510614/ones.mgz --i orig.mgz --sum ./tmp.mri_nu_correct.mni.510614/sum.junk --avgwf ./tmp.mri_nu_correct.mni.510614/input.mean.dat

7.3.2
cwd 
cmdline mri_segstats --id 1 --seg ./tmp.mri_nu_correct.mni.510614/ones.mgz --i orig.mgz --sum ./tmp.mri_nu_correct.mni.510614/sum.junk --avgwf ./tmp.mri_nu_correct.mni.510614/input.mean.dat 
sysname  Linux
hostname dna055
machine  x86_64
user     oesteban
whitesurfname  white
UseRobust  0
Loading ./tmp.mri_nu_correct.mni.510614/ones.mgz
Loading orig.mgz
Voxel Volume is 1 mm^3
Generating list of segmentation ids
Found   1 segmentations
Computing statistics for each segmentation

Reporting on   1 segmentations
Using PrintSegStat
Computing spatial average of each frame

Writing to ./tmp.mri_nu_correct.mni.510614/input.mean.dat
mri_segstats done
mri_segstats --id 1 --seg ./tmp.mri_nu_correct.mni.510614/ones.mgz --i ./tmp.mri_nu_correct.mni.510614/nu0.mgz --sum ./tmp.mri_nu_correct.mni.510614/sum.junk --avgwf ./tmp.mri_nu_correct.mni.510614/output.mean.dat

7.3.2
cwd 
cmdline mri_segstats --id 1 --seg ./tmp.mri_nu_correct.mni.510614/ones.mgz --i ./tmp.mri_nu_correct.mni.510614/nu0.mgz --sum ./tmp.mri_nu_correct.mni.510614/sum.junk --avgwf ./tmp.mri_nu_correct.mni.510614/output.mean.dat 
sysname  Linux
hostname dna055
machine  x86_64
user     oesteban
whitesurfname  white
UseRobust  0
Loading ./tmp.mri_nu_correct.mni.510614/ones.mgz
Loading ./tmp.mri_nu_correct.mni.510614/nu0.mgz
Voxel Volume is 1 mm^3
Generating list of segmentation ids
Found   1 segmentations
Computing statistics for each segmentation

Reporting on   1 segmentations
Using PrintSegStat
Computing spatial average of each frame

Writing to ./tmp.mri_nu_correct.mni.510614/output.mean.dat
mri_segstats done
mris_calc -o ./tmp.mri_nu_correct.mni.510614/nu0.mgz ./tmp.mri_nu_correct.mni.510614/nu0.mgz mul 1.36027909801155662355
Saving result to './tmp.mri_nu_correct.mni.510614/nu0.mgz' (type = MGH )                       [ ok ]
mri_convert ./tmp.mri_nu_correct.mni.510614/nu0.mgz nu.mgz --like orig.mgz
mri_convert ./tmp.mri_nu_correct.mni.510614/nu0.mgz nu.mgz --like orig.mgz 
reading from ./tmp.mri_nu_correct.mni.510614/nu0.mgz...
TR=0.00, TE=0.00, TI=0.00, flip angle=0.00
i_ras = (-1, 0, 0)
j_ras = (0, 0, -1)
k_ras = (0, 1, 0)
INFO: transform src into the like-volume: orig.mgz
writing to nu.mgz...
mri_make_uchar nu.mgz transforms/talairach.xfm nu.mgz
type change took 0 minutes and 6 seconds.
FIRST_PERCENTILE 0.010000
WM_PERCENTILE    0.900000
MAX_R 50.000000
i1 = 5, i2 = 73
#mri_make_uchar# mapping 13 188 to  3 110  :  b -5.35074 m 0.613469 : thresh 8.7221 maxsat 424.391 : nzero 13006521 nsat 0
 
 
Sat Apr  4 11:36:06 CEST 2026
mri_nu_correct.mni done

 mri_add_xform_to_header -c /out/sourcedata/freesurfer/sub-v1s13x0050005_ses-1/mri/transforms/talairach.xfm nu.mgz nu.mgz 

INFO: extension is mgz
#--------------------------------------------
#@# Intensity Normalization Sat Apr  4 11:36:07 CEST 2026
/out/sourcedata/freesurfer/sub-v1s13x0050005_ses-1/mri

 mri_normalize -g 1 -seed 1234 -mprage nu.mgz T1.mgz 

using max gradient = 1.000
setting seed for random number genererator to 1234
assuming input volume is MGH (Van der Kouwe) MP-RAGE
reading mri_src from nu.mgz...
normalizing image...
NOT doing gentle normalization with control points/label
talairach transform
 1.05335   0.01665  -0.02172  -0.01860;
-0.01280   1.01271   0.23678  -5.89967;
 0.00623  -0.21021   1.13273   7.21875;
 0.00000   0.00000   0.00000   1.00000;
processing without aseg, no1d=0
MRInormInit(): 
INFO: Modifying talairach volume c_(r,a,s) based on average_305
MRInormalize(): 
MRIsplineNormalize(): npeaks = 18
Starting OpenSpline(): npoints = 18
building Voronoi diagram...
performing soap bubble smoothing, sigma = 8...

Iterating 2 times
---------------------------------
3d normalization pass 1 of 2
white matter peak found at 110
white matter peak found at 110
gm peak at 69 (69), valley at 51 (51)
csf peak at 27, setting threshold to 55
building Voronoi diagram...
performing soap bubble smoothing, sigma = 8...
---------------------------------
3d normalization pass 2 of 2
white matter peak found at 110
white matter peak found at 110
gm peak at 70 (70), valley at 50 (50)
csf peak at 24, setting threshold to 54
building Voronoi diagram...
performing soap bubble smoothing, sigma = 8...
Done iterating ---------------------------------
writing output to T1.mgz
3D bias adjustment took 1 minutes and 29 seconds.

Started at Sat Apr 4 11:28:16 CEST 2026 
Ended   at Sat Apr 4 11:37:36 CEST 2026
#@#%# recon-all-run-time-hours 0.156
recon-all -s sub-v1s13x0050005_ses-1 finished without error at Sat Apr  4 11:37:36 CEST 2026



#New# invocation of recon-all 




Sat Apr  4 11:44:31 CEST 2026
cd /out/sourcedata/freesurfer/sub-v1s13x0050005_ses-1
setenv SUBJECTS_DIR /out/sourcedata/freesurfer
/opt/freesurfer/bin/recon-all -openmp 16 -subjid sub-v1s13x0050005_ses-1 -sd /out/sourcedata/freesurfer -gcareg

subjid sub-v1s13x0050005_ses-1
setenv SUBJECTS_DIR /out/sourcedata/freesurfer
FREESURFER_HOME /opt/freesurfer
Actual FREESURFER_HOME /opt/freesurfer
build-stamp.txt: freesurfer-linux-ubuntu22_x86_64-7.3.2-20220804-6354275
Linux dna055 5.14.0-427.37.1.el9_4.x86_64 #1 SMP PREEMPT_DYNAMIC Fri Sep 13 12:41:50 EDT 2024 x86_64 x86_64 x86_64 GNU/Linux
cputime      unlimited
filesize     unlimited
datasize     unlimited
stacksize    8192 kbytes
coredumpsize 0 kbytes
memoryuse    67108864 kbytes
vmemoryuse   unlimited
descriptors  1024 
memorylocked unlimited
maxproc      2061970 
maxlocks     unlimited
maxsignal    2061970 
maxmessage   819200 
maxnice      0 
maxrtprio    0 
maxrttime    unlimited

               total        used        free      shared  buff/cache   available
Mem:           503Gi        49Gi       416Gi       7.4Gi        37Gi       443Gi
Swap:             0B          0B          0B

########################################
program versions used
7.3.2 (freesurfer-linux-ubuntu22_x86_64-7.3.2-20220804-6354275)
7.3.2

ProgramName: lta_convert  ProgramArguments: lta_convert -all-info  ProgramVersion: 7.3.2  TimeStamp: 2026/04/04-09:44:31-GMT  BuildTime: Aug  4 2022 06:17:15  BuildStamp: freesurfer-linux-ubuntu22_x86_64-7.3.2-20220804-6354275  User: oesteban  Machine: dna055  Platform: Linux  PlatformVersion: 5.14.0-427.37.1.el9_4.x86_64  CompilerName: GCC  CompilerVersion: 8.4.0
ProgramName: mri_and  ProgramArguments: mri_and -all-info  ProgramVersion: 7.3.2  TimeStamp: 2026/04/04-09:44:31-GMT  BuildTime: Aug  4 2022 06:17:15  BuildStamp: freesurfer-linux-ubuntu22_x86_64-7.3.2-20220804-6354275  User: oesteban  Machine: dna055  Platform: Linux  PlatformVersion: 5.14.0-427.37.1.el9_4.x86_64  CompilerName: GCC  CompilerVersion: 8.4.0
ProgramName: mri_annotation2label  ProgramArguments: mri_annotation2label -all-info  ProgramVersion: 7.3.2  TimeStamp: 2026/04/04-09:44:31-GMT  BuildTime: Aug  4 2022 06:17:15  BuildStamp: freesurfer-linux-ubuntu22_x86_64-7.3.2-20220804-6354275  User: oesteban  Machine: dna055  Platform: Linux  PlatformVersion: 5.14.0-427.37.1.el9_4.x86_64  CompilerName: GCC  CompilerVersion: 8.4.0
ProgramName: mri_aparc2aseg  ProgramArguments: mri_aparc2aseg -all-info  ProgramVersion: 7.3.2  TimeStamp: 2026/04/04-09:44:31-GMT  BuildTime: Aug  4 2022 06:17:15  BuildStamp: freesurfer-linux-ubuntu22_x86_64-7.3.2-20220804-6354275  User: oesteban  Machine: dna055  Platform: Linux  PlatformVersion: 5.14.0-427.37.1.el9_4.x86_64  CompilerName: GCC  CompilerVersion: 8.4.0
ProgramName: mri_surf2volseg  ProgramArguments: mri_surf2volseg -all-info  ProgramVersion: 7.3.2  TimeStamp: 2026/04/04-09:44:31-GMT  BuildTime: Aug  4 2022 06:17:15  BuildStamp: freesurfer-linux-ubuntu22_x86_64-7.3.2-20220804-6354275  User: oesteban  Machine: dna055  Platform: Linux  PlatformVersion: 5.14.0-427.37.1.el9_4.x86_64  CompilerName: GCC  CompilerVersion: 8.4.0
ProgramName: mri_binarize  ProgramArguments: mri_binarize -all-info  ProgramVersion: 7.3.2  TimeStamp: 2026/04/04-09:44:31-GMT  BuildTime: Aug  4 2022 06:17:15  BuildStamp: freesurfer-linux-ubuntu22_x86_64-7.3.2-20220804-6354275  User: oesteban  Machine: dna055  Platform: Linux  PlatformVersion: 5.14.0-427.37.1.el9_4.x86_64  CompilerName: GCC  CompilerVersion: 8.4.0
ProgramName: mri_ca_label  ProgramArguments: mri_ca_label -all-info  ProgramVersion: 7.3.2  TimeStamp: 2026/04/04-09:44:31-GMT  BuildTime: Aug  4 2022 06:17:15  BuildStamp: freesurfer-linux-ubuntu22_x86_64-7.3.2-20220804-6354275  User: oesteban  Machine: dna055  Platform: Linux  PlatformVersion: 5.14.0-427.37.1.el9_4.x86_64  CompilerName: GCC  CompilerVersion: 8.4.0
ProgramName: mri_ca_normalize  ProgramArguments: mri_ca_normalize -all-info  ProgramVersion: 7.3.2  TimeStamp: 2026/04/04-09:44:31-GMT  BuildTime: Aug  4 2022 06:17:15  BuildStamp: freesurfer-linux-ubuntu22_x86_64-7.3.2-20220804-6354275  User: oesteban  Machine: dna055  Platform: Linux  PlatformVersion: 5.14.0-427.37.1.el9_4.x86_64  CompilerName: GCC  CompilerVersion: 8.4.0
ProgramName: mri_ca_register  ProgramArguments: mri_ca_register -all-info  ProgramVersion: 7.3.2  TimeStamp: 2026/04/04-09:44:31-GMT  BuildTime: Aug  4 2022 06:17:15  BuildStamp: freesurfer-linux-ubuntu22_x86_64-7.3.2-20220804-6354275  User: oesteban  Machine: dna055  Platform: Linux  PlatformVersion: 5.14.0-427.37.1.el9_4.x86_64  CompilerName: GCC  CompilerVersion: 8.4.0
ProgramName: mri_cc  ProgramArguments: mri_cc -all-info  ProgramVersion: 7.3.2  TimeStamp: 2026/04/04-09:44:31-GMT  BuildTime: Aug  4 2022 06:17:15  BuildStamp: freesurfer-linux-ubuntu22_x86_64-7.3.2-20220804-6354275  User: oesteban  Machine: dna055  Platform: Linux  PlatformVersion: 5.14.0-427.37.1.el9_4.x86_64  CompilerName: GCC  CompilerVersion: 8.4.0
ProgramName: mri_compute_overlap  ProgramArguments: mri_compute_overlap -all-info  ProgramVersion: 7.3.2  TimeStamp: 2026/04/04-09:44:31-GMT  BuildTime: Aug  4 2022 06:17:15  BuildStamp: freesurfer-linux-ubuntu22_x86_64-7.3.2-20220804-6354275  User: oesteban  Machine: dna055  Platform: Linux  PlatformVersion: 5.14.0-427.37.1.el9_4.x86_64  CompilerName: GCC  CompilerVersion: 8.4.0
ProgramName: mri_compute_seg_overlap  ProgramArguments: mri_compute_seg_overlap -all-info  ProgramVersion: 7.3.2  TimeStamp: 2026/04/04-09:44:31-GMT  BuildTime: Aug  4 2022 06:17:15  BuildStamp: freesurfer-linux-ubuntu22_x86_64-7.3.2-20220804-6354275  User: oesteban  Machine: dna055  Platform: Linux  PlatformVersion: 5.14.0-427.37.1.el9_4.x86_64  CompilerName: GCC  CompilerVersion: 8.4.0
ProgramName: mri_concat  ProgramArguments: mri_concat -all-info  ProgramVersion: 7.3.2  TimeStamp: 2026/04/04-09:44:31-GMT  BuildTime: Aug  4 2022 06:17:15  BuildStamp: freesurfer-linux-ubuntu22_x86_64-7.3.2-20220804-6354275  User: oesteban  Machine: dna055  Platform: Linux  PlatformVersion: 5.14.0-427.37.1.el9_4.x86_64  CompilerName: GCC  CompilerVersion: 8.4.0
ProgramName: mri_concatenate_lta  ProgramArguments: mri_concatenate_lta -all-info  ProgramVersion: 7.3.2  TimeStamp: 2026/04/04-09:44:31-GMT  BuildTime: Aug  4 2022 06:17:15  BuildStamp: freesurfer-linux-ubuntu22_x86_64-7.3.2-20220804-6354275  User: oesteban  Machine: dna055  Platform: Linux  PlatformVersion: 5.14.0-427.37.1.el9_4.x86_64  CompilerName: GCC  CompilerVersion: 8.4.0
mri_convert -all-info 
ProgramName: mri_convert  ProgramArguments: mri_convert -all-info  ProgramVersion: 7.3.2  TimeStamp: 2026/04/04-09:44:31-GMT  BuildTime: Aug  4 2022 06:17:15  BuildStamp: freesurfer-linux-ubuntu22_x86_64-7.3.2-20220804-6354275  User: oesteban  Machine: dna055  Platform: Linux  PlatformVersion: 5.14.0-427.37.1.el9_4.x86_64  CompilerName: GCC  CompilerVersion: 8.4.0
ProgramName: mri_diff  ProgramArguments: mri_diff -all-info  ProgramVersion: 7.3.2  TimeStamp: 2026/04/04-09:44:31-GMT  BuildTime: Aug  4 2022 06:17:15  BuildStamp: freesurfer-linux-ubuntu22_x86_64-7.3.2-20220804-6354275  User: oesteban  Machine: dna055  Platform: Linux  PlatformVersion: 5.14.0-427.37.1.el9_4.x86_64  CompilerName: GCC  CompilerVersion: 8.4.0
ProgramName: mri_edit_wm_with_aseg  ProgramArguments: mri_edit_wm_with_aseg -all-info  ProgramVersion: 7.3.2  TimeStamp: 2026/04/04-09:44:31-GMT  BuildTime: Aug  4 2022 06:17:15  BuildStamp: freesurfer-linux-ubuntu22_x86_64-7.3.2-20220804-6354275  User: oesteban  Machine: dna055  Platform: Linux  PlatformVersion: 5.14.0-427.37.1.el9_4.x86_64  CompilerName: GCC  CompilerVersion: 8.4.0
ProgramName: mri_em_register  ProgramArguments: mri_em_register -all-info  ProgramVersion: 7.3.2  TimeStamp: 2026/04/04-09:44:31-GMT  BuildTime: Aug  4 2022 06:17:15  BuildStamp: freesurfer-linux-ubuntu22_x86_64-7.3.2-20220804-6354275  User: oesteban  Machine: dna055  Platform: Linux  PlatformVersion: 5.14.0-427.37.1.el9_4.x86_64  CompilerName: GCC  CompilerVersion: 8.4.0
ProgramName: mri_fill  ProgramArguments: mri_fill -all-info  ProgramVersion: 7.3.2  TimeStamp: 2026/04/04-09:44:31-GMT  BuildTime: Aug  4 2022 06:17:15  BuildStamp: freesurfer-linux-ubuntu22_x86_64-7.3.2-20220804-6354275  User: oesteban  Machine: dna055  Platform: Linux  PlatformVersion: 5.14.0-427.37.1.el9_4.x86_64  CompilerName: GCC  CompilerVersion: 8.4.0
ProgramName: mri_fuse_segmentations  ProgramArguments: mri_fuse_segmentations -all-info  ProgramVersion: 7.3.2  TimeStamp: 2026/04/04-09:44:31-GMT  BuildTime: Aug  4 2022 06:17:15  BuildStamp: freesurfer-linux-ubuntu22_x86_64-7.3.2-20220804-6354275  User: oesteban  Machine: dna055  Platform: Linux  PlatformVersion: 5.14.0-427.37.1.el9_4.x86_64  CompilerName: GCC  CompilerVersion: 8.4.0
ProgramName: mri_fwhm  ProgramArguments: mri_fwhm -all-info  ProgramVersion: 7.3.2  TimeStamp: 2026/04/04-09:44:31-GMT  BuildTime: Aug  4 2022 06:17:15  BuildStamp: freesurfer-linux-ubuntu22_x86_64-7.3.2-20220804-6354275  User: oesteban  Machine: dna055  Platform: Linux  PlatformVersion: 5.14.0-427.37.1.el9_4.x86_64  CompilerName: GCC  CompilerVersion: 8.4.0
ProgramName: mri_gcut  ProgramArguments: mri_gcut -all-info  ProgramVersion: 7.3.2  TimeStamp: 2026/04/04-09:44:31-GMT  BuildTime: Aug  4 2022 06:17:15  BuildStamp: freesurfer-linux-ubuntu22_x86_64-7.3.2-20220804-6354275  User: oesteban  Machine: dna055  Platform: Linux  PlatformVersion: 5.14.0-427.37.1.el9_4.x86_64  CompilerName: GCC  CompilerVersion: 8.4.0
ProgramName: mri_info  ProgramArguments: mri_info -all-info  ProgramVersion: 7.3.2  TimeStamp: 2026/04/04-09:44:31-GMT  BuildTime: Aug  4 2022 06:17:15  BuildStamp: freesurfer-linux-ubuntu22_x86_64-7.3.2-20220804-6354275  User: oesteban  Machine: dna055  Platform: Linux  PlatformVersion: 5.14.0-427.37.1.el9_4.x86_64  CompilerName: GCC  CompilerVersion: 8.4.0
ProgramName: mri_label2label  ProgramArguments: mri_label2label -all-info  ProgramVersion: 7.3.2  TimeStamp: 2026/04/04-09:44:31-GMT  BuildTime: Aug  4 2022 06:17:15  BuildStamp: freesurfer-linux-ubuntu22_x86_64-7.3.2-20220804-6354275  User: oesteban  Machine: dna055  Platform: Linux  PlatformVersion: 5.14.0-427.37.1.el9_4.x86_64  CompilerName: GCC  CompilerVersion: 8.4.0
ProgramName: mri_label2vol  ProgramArguments: mri_label2vol -all-info  ProgramVersion: 7.3.2  TimeStamp: 2026/04/04-09:44:31-GMT  BuildTime: Aug  4 2022 06:17:15  BuildStamp: freesurfer-linux-ubuntu22_x86_64-7.3.2-20220804-6354275  User: oesteban  Machine: dna055  Platform: Linux  PlatformVersion: 5.14.0-427.37.1.el9_4.x86_64  CompilerName: GCC  CompilerVersion: 8.4.0
ProgramName: mri_log_likelihood  ProgramArguments: mri_log_likelihood -all-info  ProgramVersion: 7.3.2  TimeStamp: 2026/04/04-09:44:31-GMT  BuildTime: Aug  4 2022 06:17:15  BuildStamp: freesurfer-linux-ubuntu22_x86_64-7.3.2-20220804-6354275  User: oesteban  Machine: dna055  Platform: Linux  PlatformVersion: 5.14.0-427.37.1.el9_4.x86_64  CompilerName: GCC  CompilerVersion: 8.4.0
ProgramName: mri_mask  ProgramArguments: mri_mask -all-info  ProgramVersion: 7.3.2  TimeStamp: 2026/04/04-09:44:32-GMT  BuildTime: Aug  4 2022 06:17:15  BuildStamp: freesurfer-linux-ubuntu22_x86_64-7.3.2-20220804-6354275  User: oesteban  Machine: dna055  Platform: Linux  PlatformVersion: 5.14.0-427.37.1.el9_4.x86_64  CompilerName: GCC  CompilerVersion: 8.4.0
ProgramName: mri_matrix_multiply  ProgramArguments: mri_matrix_multiply -all-info  ProgramVersion: 7.3.2  TimeStamp: 2026/04/04-09:44:32-GMT  BuildTime: Aug  4 2022 06:17:15  BuildStamp: freesurfer-linux-ubuntu22_x86_64-7.3.2-20220804-6354275  User: oesteban  Machine: dna055  Platform: Linux  PlatformVersion: 5.14.0-427.37.1.el9_4.x86_64  CompilerName: GCC  CompilerVersion: 8.4.0
ProgramName: mri_normalize  ProgramArguments: mri_normalize -all-info  ProgramVersion: 7.3.2  TimeStamp: 2026/04/04-09:44:32-GMT  BuildTime: Aug  4 2022 06:17:15  BuildStamp: freesurfer-linux-ubuntu22_x86_64-7.3.2-20220804-6354275  User: oesteban  Machine: dna055  Platform: Linux  PlatformVersion: 5.14.0-427.37.1.el9_4.x86_64  CompilerName: GCC  CompilerVersion: 8.4.0
ProgramName: mri_normalize_tp2  ProgramArguments: mri_normalize_tp2 -all-info  ProgramVersion: 7.3.2  TimeStamp: 2026/04/04-09:44:32-GMT  BuildTime: Aug  4 2022 06:17:15  BuildStamp: freesurfer-linux-ubuntu22_x86_64-7.3.2-20220804-6354275  User: oesteban  Machine: dna055  Platform: Linux  PlatformVersion: 5.14.0-427.37.1.el9_4.x86_64  CompilerName: GCC  CompilerVersion: 8.4.0
ProgramName: mri_or  ProgramArguments: mri_or -all-info  ProgramVersion: 7.3.2  TimeStamp: 2026/04/04-09:44:32-GMT  BuildTime: Aug  4 2022 06:17:15  BuildStamp: freesurfer-linux-ubuntu22_x86_64-7.3.2-20220804-6354275  User: oesteban  Machine: dna055  Platform: Linux  PlatformVersion: 5.14.0-427.37.1.el9_4.x86_64  CompilerName: GCC  CompilerVersion: 8.4.0
ProgramName: mri_relabel_hypointensities  ProgramArguments: mri_relabel_hypointensities -all-info  ProgramVersion: 7.3.2  TimeStamp: 2026/04/04-09:44:32-GMT  BuildTime: Aug  4 2022 06:17:15  BuildStamp: freesurfer-linux-ubuntu22_x86_64-7.3.2-20220804-6354275  User: oesteban  Machine: dna055  Platform: Linux  PlatformVersion: 5.14.0-427.37.1.el9_4.x86_64  CompilerName: GCC  CompilerVersion: 8.4.0
ProgramName: mri_relabel_nonwm_hypos  ProgramArguments: mri_relabel_nonwm_hypos -all-info  ProgramVersion: 7.3.2  TimeStamp: 2026/04/04-09:44:32-GMT  BuildTime: Aug  4 2022 06:17:15  BuildStamp: freesurfer-linux-ubuntu22_x86_64-7.3.2-20220804-6354275  User: oesteban  Machine: dna055  Platform: Linux  PlatformVersion: 5.14.0-427.37.1.el9_4.x86_64  CompilerName: GCC  CompilerVersion: 8.4.0
ProgramName: mri_remove_neck  ProgramArguments: mri_remove_neck -all-info  ProgramVersion: 7.3.2  TimeStamp: 2026/04/04-09:44:32-GMT  BuildTime: Aug  4 2022 06:17:15  BuildStamp: freesurfer-linux-ubuntu22_x86_64-7.3.2-20220804-6354275  User: oesteban  Machine: dna055  Platform: Linux  PlatformVersion: 5.14.0-427.37.1.el9_4.x86_64  CompilerName: GCC  CompilerVersion: 8.4.0
7.3.2

ProgramName: mri_robust_register  ProgramArguments: mri_robust_register -all-info  ProgramVersion: 7.3.2  TimeStamp: 2026/04/04-09:44:32-GMT  BuildTime: Aug  4 2022 06:17:15  BuildStamp: freesurfer-linux-ubuntu22_x86_64-7.3.2-20220804-6354275  User: oesteban  Machine: dna055  Platform: Linux  PlatformVersion: 5.14.0-427.37.1.el9_4.x86_64  CompilerName: GCC  CompilerVersion: 8.4.0
7.3.2

ProgramName: mri_robust_template  ProgramArguments: mri_robust_template -all-info  ProgramVersion: 7.3.2  TimeStamp: 2026/04/04-09:44:32-GMT  BuildTime: Aug  4 2022 06:17:15  BuildStamp: freesurfer-linux-ubuntu22_x86_64-7.3.2-20220804-6354275  User: oesteban  Machine: dna055  Platform: Linux  PlatformVersion: 5.14.0-427.37.1.el9_4.x86_64  CompilerName: GCC  CompilerVersion: 8.4.0
ProgramName: mris_anatomical_stats  ProgramArguments: mris_anatomical_stats -all-info  ProgramVersion: 7.3.2  TimeStamp: 2026/04/04-09:44:32-GMT  BuildTime: Aug  4 2022 06:17:15  BuildStamp: freesurfer-linux-ubuntu22_x86_64-7.3.2-20220804-6354275  User: oesteban  Machine: dna055  Platform: Linux  PlatformVersion: 5.14.0-427.37.1.el9_4.x86_64  CompilerName: GCC  CompilerVersion: 8.4.0
ProgramName: mris_ca_label  ProgramArguments: mris_ca_label -all-info  ProgramVersion: 7.3.2  TimeStamp: 2026/04/04-09:44:32-GMT  BuildTime: Aug  4 2022 06:17:15  BuildStamp: freesurfer-linux-ubuntu22_x86_64-7.3.2-20220804-6354275  User: oesteban  Machine: dna055  Platform: Linux  PlatformVersion: 5.14.0-427.37.1.el9_4.x86_64  CompilerName: GCC  CompilerVersion: 8.4.0
ProgramName: mris_calc  ProgramArguments: mris_calc -all-info  ProgramVersion: 7.3.2  TimeStamp: 2026/04/04-09:44:32-GMT  BuildTime: Aug  4 2022 06:17:15  BuildStamp: freesurfer-linux-ubuntu22_x86_64-7.3.2-20220804-6354275  User: oesteban  Machine: dna055  Platform: Linux  PlatformVersion: 5.14.0-427.37.1.el9_4.x86_64  CompilerName: GCC  CompilerVersion: 8.4.0
ProgramName: mris_convert  ProgramArguments: mris_convert -all-info  ProgramVersion: 7.3.2  TimeStamp: 2026/04/04-09:44:32-GMT  BuildTime: Aug  4 2022 06:17:15  BuildStamp: freesurfer-linux-ubuntu22_x86_64-7.3.2-20220804-6354275  User: oesteban  Machine: dna055  Platform: Linux  PlatformVersion: 5.14.0-427.37.1.el9_4.x86_64  CompilerName: GCC  CompilerVersion: 8.4.0
ProgramName: mris_curvature  ProgramArguments: mris_curvature -all-info  ProgramVersion: 7.3.2  TimeStamp: 2026/04/04-09:44:32-GMT  BuildTime: Aug  4 2022 06:17:15  BuildStamp: freesurfer-linux-ubuntu22_x86_64-7.3.2-20220804-6354275  User: oesteban  Machine: dna055  Platform: Linux  PlatformVersion: 5.14.0-427.37.1.el9_4.x86_64  CompilerName: GCC  CompilerVersion: 8.4.0
ProgramName: mris_curvature_stats  ProgramArguments: mris_curvature_stats -all-info  ProgramVersion: 7.3.2  TimeStamp: 2026/04/04-09:44:32-GMT  BuildTime: Aug  4 2022 06:17:15  BuildStamp: freesurfer-linux-ubuntu22_x86_64-7.3.2-20220804-6354275  User: oesteban  Machine: dna055  Platform: Linux  PlatformVersion: 5.14.0-427.37.1.el9_4.x86_64  CompilerName: GCC  CompilerVersion: 8.4.0
ProgramName: mris_diff  ProgramArguments: mris_diff -all-info  ProgramVersion: 7.3.2  TimeStamp: 2026/04/04-09:44:32-GMT  BuildTime: Aug  4 2022 06:17:15  BuildStamp: freesurfer-linux-ubuntu22_x86_64-7.3.2-20220804-6354275  User: oesteban  Machine: dna055  Platform: Linux  PlatformVersion: 5.14.0-427.37.1.el9_4.x86_64  CompilerName: GCC  CompilerVersion: 8.4.0
ProgramName: mris_divide_parcellation  ProgramArguments: mris_divide_parcellation -all-info  ProgramVersion: 7.3.2  TimeStamp: 2026/04/04-09:44:32-GMT  BuildTime: Aug  4 2022 06:17:15  BuildStamp: freesurfer-linux-ubuntu22_x86_64-7.3.2-20220804-6354275  User: oesteban  Machine: dna055  Platform: Linux  PlatformVersion: 5.14.0-427.37.1.el9_4.x86_64  CompilerName: GCC  CompilerVersion: 8.4.0
ProgramName: mri_segment  ProgramArguments: mri_segment -all-info  ProgramVersion: 7.3.2  TimeStamp: 2026/04/04-09:44:32-GMT  BuildTime: Aug  4 2022 06:17:15  BuildStamp: freesurfer-linux-ubuntu22_x86_64-7.3.2-20220804-6354275  User: oesteban  Machine: dna055  Platform: Linux  PlatformVersion: 5.14.0-427.37.1.el9_4.x86_64  CompilerName: GCC  CompilerVersion: 8.4.0
ProgramName: mri_segstats  ProgramArguments: mri_segstats -all-info  ProgramVersion: 7.3.2  TimeStamp: 2026/04/04-09:44:32-GMT  BuildTime: Aug  4 2022 06:17:15  BuildStamp: freesurfer-linux-ubuntu22_x86_64-7.3.2-20220804-6354275  User: oesteban  Machine: dna055  Platform: Linux  PlatformVersion: 5.14.0-427.37.1.el9_4.x86_64  CompilerName: GCC  CompilerVersion: 8.4.0
ProgramName: mris_euler_number  ProgramArguments: mris_euler_number -all-info  ProgramVersion: 7.3.2  TimeStamp: 2026/04/04-09:44:32-GMT  BuildTime: Aug  4 2022 06:17:15  BuildStamp: freesurfer-linux-ubuntu22_x86_64-7.3.2-20220804-6354275  User: oesteban  Machine: dna055  Platform: Linux  PlatformVersion: 5.14.0-427.37.1.el9_4.x86_64  CompilerName: GCC  CompilerVersion: 8.4.0
ProgramName: mris_fix_topology  ProgramArguments: mris_fix_topology -all-info  ProgramVersion: 7.3.2  TimeStamp: 2026/04/04-09:44:32-GMT  BuildTime: Aug  4 2022 06:17:15  BuildStamp: freesurfer-linux-ubuntu22_x86_64-7.3.2-20220804-6354275  User: oesteban  Machine: dna055  Platform: Linux  PlatformVersion: 5.14.0-427.37.1.el9_4.x86_64  CompilerName: GCC  CompilerVersion: 8.4.0
ProgramName: mris_topo_fixer  ProgramArguments: mris_topo_fixer -all-info  ProgramVersion: 7.3.2  TimeStamp: 2026/04/04-09:44:32-GMT  BuildTime: Aug  4 2022 06:17:15  BuildStamp: freesurfer-linux-ubuntu22_x86_64-7.3.2-20220804-6354275  User: oesteban  Machine: dna055  Platform: Linux  PlatformVersion: 5.14.0-427.37.1.el9_4.x86_64  CompilerName: GCC  CompilerVersion: 8.4.0
ProgramName: mris_jacobian  ProgramArguments: mris_jacobian -all-info  ProgramVersion: 7.3.2  TimeStamp: 2026/04/04-09:44:32-GMT  BuildTime: Aug  4 2022 06:17:15  BuildStamp: freesurfer-linux-ubuntu22_x86_64-7.3.2-20220804-6354275  User: oesteban  Machine: dna055  Platform: Linux  PlatformVersion: 5.14.0-427.37.1.el9_4.x86_64  CompilerName: GCC  CompilerVersion: 8.4.0
ProgramName: mris_label2annot  ProgramArguments: mris_label2annot -all-info  ProgramVersion: 7.3.2  TimeStamp: 2026/04/04-09:44:32-GMT  BuildTime: Aug  4 2022 06:17:15  BuildStamp: freesurfer-linux-ubuntu22_x86_64-7.3.2-20220804-6354275  User: oesteban  Machine: dna055  Platform: Linux  PlatformVersion: 5.14.0-427.37.1.el9_4.x86_64  CompilerName: GCC  CompilerVersion: 8.4.0
ProgramName: mris_left_right_register  ProgramArguments: mris_left_right_register -all-info  ProgramVersion: 7.3.2  TimeStamp: 2026/04/04-09:44:32-GMT  BuildTime: Aug  4 2022 06:17:15  BuildStamp: freesurfer-linux-ubuntu22_x86_64-7.3.2-20220804-6354275  User: oesteban  Machine: dna055  Platform: Linux  PlatformVersion: 5.14.0-427.37.1.el9_4.x86_64  CompilerName: GCC  CompilerVersion: 8.4.0
ProgramName: mris_place_surface  ProgramArguments: mris_place_surface -all-info  ProgramVersion: 7.3.2  TimeStamp: 2026/04/04-09:44:32-GMT  BuildTime: Aug  4 2022 06:17:15  BuildStamp: freesurfer-linux-ubuntu22_x86_64-7.3.2-20220804-6354275  User: oesteban  Machine: dna055  Platform: Linux  PlatformVersion: 5.14.0-427.37.1.el9_4.x86_64  CompilerName: GCC  CompilerVersion: 8.4.0
ProgramName: mrisp_paint  ProgramArguments: mrisp_paint -all-info  ProgramVersion: 7.3.2  TimeStamp: 2026/04/04-09:44:32-GMT  BuildTime: Aug  4 2022 06:17:15  BuildStamp: freesurfer-linux-ubuntu22_x86_64-7.3.2-20220804-6354275  User: oesteban  Machine: dna055  Platform: Linux  PlatformVersion: 5.14.0-427.37.1.el9_4.x86_64  CompilerName: GCC  CompilerVersion: 8.4.0
ProgramName: mris_register  ProgramArguments: mris_register -all-info  ProgramVersion: 7.3.2  TimeStamp: 2026/04/04-09:44:32-GMT  BuildTime: Aug  4 2022 06:17:15  BuildStamp: freesurfer-linux-ubuntu22_x86_64-7.3.2-20220804-6354275  User: oesteban  Machine: dna055  Platform: Linux  PlatformVersion: 5.14.0-427.37.1.el9_4.x86_64  CompilerName: GCC  CompilerVersion: 8.4.0
ProgramName: mris_smooth  ProgramArguments: mris_smooth -all-info  ProgramVersion: 7.3.2  TimeStamp: 2026/04/04-09:44:32-GMT  BuildTime: Aug  4 2022 06:17:15  BuildStamp: freesurfer-linux-ubuntu22_x86_64-7.3.2-20220804-6354275  User: oesteban  Machine: dna055  Platform: Linux  PlatformVersion: 5.14.0-427.37.1.el9_4.x86_64  CompilerName: GCC  CompilerVersion: 8.4.0
ProgramName: mris_sphere  ProgramArguments: mris_sphere -all-info  ProgramVersion: 7.3.2  TimeStamp: 2026/04/04-09:44:32-GMT  BuildTime: Aug  4 2022 06:17:15  BuildStamp: freesurfer-linux-ubuntu22_x86_64-7.3.2-20220804-6354275  User: oesteban  Machine: dna055  Platform: Linux  PlatformVersion: 5.14.0-427.37.1.el9_4.x86_64  CompilerName: GCC  CompilerVersion: 8.4.0
ProgramName: mris_surface_stats  ProgramArguments: mris_surface_stats -all-info  ProgramVersion: 7.3.2  TimeStamp: 2026/04/04-09:44:32-GMT  BuildTime: Aug  4 2022 06:17:15  BuildStamp: freesurfer-linux-ubuntu22_x86_64-7.3.2-20220804-6354275  User: oesteban  Machine: dna055  Platform: Linux  PlatformVersion: 5.14.0-427.37.1.el9_4.x86_64  CompilerName: GCC  CompilerVersion: 8.4.0
ProgramName: mri_stats2seg  ProgramArguments: mri_stats2seg -all-info  ProgramVersion: 7.3.2  TimeStamp: 2026/04/04-09:44:32-GMT  BuildTime: Aug  4 2022 06:17:15  BuildStamp: freesurfer-linux-ubuntu22_x86_64-7.3.2-20220804-6354275  User: oesteban  Machine: dna055  Platform: Linux  PlatformVersion: 5.14.0-427.37.1.el9_4.x86_64  CompilerName: GCC  CompilerVersion: 8.4.0
ProgramName: mris_thickness  ProgramArguments: mris_thickness -all-info  ProgramVersion: 7.3.2  TimeStamp: 2026/04/04-09:44:32-GMT  BuildTime: Aug  4 2022 06:17:15  BuildStamp: freesurfer-linux-ubuntu22_x86_64-7.3.2-20220804-6354275  User: oesteban  Machine: dna055  Platform: Linux  PlatformVersion: 5.14.0-427.37.1.el9_4.x86_64  CompilerName: GCC  CompilerVersion: 8.4.0
ProgramName: mris_thickness_diff  ProgramArguments: mris_thickness_diff -all-info  ProgramVersion: 7.3.2  TimeStamp: 2026/04/04-09:44:32-GMT  BuildTime: Aug  4 2022 06:17:15  BuildStamp: freesurfer-linux-ubuntu22_x86_64-7.3.2-20220804-6354275  User: oesteban  Machine: dna055  Platform: Linux  PlatformVersion: 5.14.0-427.37.1.el9_4.x86_64  CompilerName: GCC  CompilerVersion: 8.4.0
ProgramName: mris_topo_fixer  ProgramArguments: mris_topo_fixer -all-info  ProgramVersion: 7.3.2  TimeStamp: 2026/04/04-09:44:32-GMT  BuildTime: Aug  4 2022 06:17:15  BuildStamp: freesurfer-linux-ubuntu22_x86_64-7.3.2-20220804-6354275  User: oesteban  Machine: dna055  Platform: Linux  PlatformVersion: 5.14.0-427.37.1.el9_4.x86_64  CompilerName: GCC  CompilerVersion: 8.4.0
ProgramName: mri_surf2surf  ProgramArguments: mri_surf2surf -all-info  ProgramVersion: 7.3.2  TimeStamp: 2026/04/04-09:44:32-GMT  BuildTime: Aug  4 2022 06:17:15  BuildStamp: freesurfer-linux-ubuntu22_x86_64-7.3.2-20220804-6354275  User: oesteban  Machine: dna055  Platform: Linux  PlatformVersion: 5.14.0-427.37.1.el9_4.x86_64  CompilerName: GCC  CompilerVersion: 8.4.0
ProgramName: mri_surf2vol  ProgramArguments: mri_surf2vol -all-info  ProgramVersion: 7.3.2  TimeStamp: 2026/04/04-09:44:32-GMT  BuildTime: Aug  4 2022 06:17:15  BuildStamp: freesurfer-linux-ubuntu22_x86_64-7.3.2-20220804-6354275  User: oesteban  Machine: dna055  Platform: Linux  PlatformVersion: 5.14.0-427.37.1.el9_4.x86_64  CompilerName: GCC  CompilerVersion: 8.4.0
ProgramName: mri_surfcluster  ProgramArguments: mri_surfcluster -all-info  ProgramVersion: 7.3.2  TimeStamp: 2026/04/04-09:44:32-GMT  BuildTime: Aug  4 2022 06:17:15  BuildStamp: freesurfer-linux-ubuntu22_x86_64-7.3.2-20220804-6354275  User: oesteban  Machine: dna055  Platform: Linux  PlatformVersion: 5.14.0-427.37.1.el9_4.x86_64  CompilerName: GCC  CompilerVersion: 8.4.0
ProgramName: mris_volmask  ProgramArguments: mris_volmask -all-info  ProgramVersion: 7.3.2  TimeStamp: 2026/04/04-09:44:32-GMT  BuildTime: Aug  4 2022 06:17:15  BuildStamp: freesurfer-linux-ubuntu22_x86_64-7.3.2-20220804-6354275  User: oesteban  Machine: dna055  Platform: Linux  PlatformVersion: 5.14.0-427.37.1.el9_4.x86_64  CompilerName: GCC  CompilerVersion: 8.4.0
ProgramName: mri_tessellate  ProgramArguments: mri_tessellate -all-info  ProgramVersion: 7.3.2  TimeStamp: 2026/04/04-09:44:32-GMT  BuildTime: Aug  4 2022 06:17:15  BuildStamp: freesurfer-linux-ubuntu22_x86_64-7.3.2-20220804-6354275  User: oesteban  Machine: dna055  Platform: Linux  PlatformVersion: 5.14.0-427.37.1.el9_4.x86_64  CompilerName: GCC  CompilerVersion: 8.4.0
ProgramName: mri_vol2surf  ProgramArguments: mri_vol2surf -all-info  ProgramVersion: 7.3.2  TimeStamp: 2026/04/04-09:44:32-GMT  BuildTime: Aug  4 2022 06:17:15  BuildStamp: freesurfer-linux-ubuntu22_x86_64-7.3.2-20220804-6354275  User: oesteban  Machine: dna055  Platform: Linux  PlatformVersion: 5.14.0-427.37.1.el9_4.x86_64  CompilerName: GCC  CompilerVersion: 8.4.0
ProgramName: mri_vol2vol  ProgramArguments: mri_vol2vol -all-info  ProgramVersion: 7.3.2  TimeStamp: 2026/04/04-09:44:32-GMT  BuildTime: Aug  4 2022 06:17:15  BuildStamp: freesurfer-linux-ubuntu22_x86_64-7.3.2-20220804-6354275  User: oesteban  Machine: dna055  Platform: Linux  PlatformVersion: 5.14.0-427.37.1.el9_4.x86_64  CompilerName: GCC  CompilerVersion: 8.4.0
ProgramName: mri_voldiff  ProgramArguments: mri_voldiff -all-info  ProgramVersion: 7.3.2  TimeStamp: 2026/04/04-09:44:32-GMT  BuildTime: Aug  4 2022 06:17:15  BuildStamp: freesurfer-linux-ubuntu22_x86_64-7.3.2-20220804-6354275  User: oesteban  Machine: dna055  Platform: Linux  PlatformVersion: 5.14.0-427.37.1.el9_4.x86_64  CompilerName: GCC  CompilerVersion: 8.4.0
ProgramName: mri_watershed  ProgramArguments: mri_watershed -all-info  ProgramVersion: 7.3.2  TimeStamp: 2026/04/04-09:44:32-GMT  BuildTime: Aug  4 2022 06:17:15  BuildStamp: freesurfer-linux-ubuntu22_x86_64-7.3.2-20220804-6354275  User: oesteban  Machine: dna055  Platform: Linux  PlatformVersion: 5.14.0-427.37.1.el9_4.x86_64  CompilerName: GCC  CompilerVersion: 8.4.0
ProgramName: tkregister2  ProgramArguments: tkregister2_cmdl -all-info  ProgramVersion: 7.3.2  TimeStamp: 2026/04/04-09:44:32-GMT  BuildTime: Aug  4 2022 06:17:15  BuildStamp: freesurfer-linux-ubuntu22_x86_64-7.3.2-20220804-6354275  User: oesteban  Machine: dna055  Platform: Linux  PlatformVersion: 5.14.0-427.37.1.el9_4.x86_64  CompilerName: GCC  CompilerVersion: 8.4.0
mri_motion_correct.fsl 7.3.2
mri_convert -all-info 
ProgramName: mri_convert  ProgramArguments: mri_convert -all-info  ProgramVersion: 7.3.2  TimeStamp: 2026/04/04-09:44:32-GMT  BuildTime: Aug  4 2022 06:17:15  BuildStamp: freesurfer-linux-ubuntu22_x86_64-7.3.2-20220804-6354275  User: oesteban  Machine: dna055  Platform: Linux  PlatformVersion: 5.14.0-427.37.1.el9_4.x86_64  CompilerName: GCC  CompilerVersion: 8.4.0
Program nu_correct, built from:
Package MNI N3, version 1.12.0, compiled by nicks@terrier (x86_64-unknown-linux-gnu) on 2015-06-19 at 01:25:34
#######################################
GCADIR /opt/freesurfer/average
GCA RB_all_2020-01-02.gca
GCASkull RB_all_withskull_2020_01_02.gca
AvgCurvTif folding.atlas.acfb40.noaparc.i12.2016-08-02.tif
GCSDIR /opt/freesurfer/average
GCS DKaparc.atlas.acfb40.noaparc.i12.2016-08-02.gcs
#######################################
#-------------------------------------
#@# EM Registration Sat Apr  4 11:44:32 CEST 2026
/out/sourcedata/freesurfer/sub-v1s13x0050005_ses-1/mri

 mri_em_register -uns 3 -mask brainmask.mgz nu.mgz /opt/freesurfer/average/RB_all_2020-01-02.gca transforms/talairach.lta 

setting unknown_nbr_spacing = 3
using MR volume brainmask.mgz to mask input volume...

== Number of threads available to mri_em_register for OpenMP = 16 == 
reading 1 input volumes...
logging results to talairach.log
reading '/opt/freesurfer/average/RB_all_2020-01-02.gca'...
GCAread took 0 minutes and 1 seconds.
average std = 7.2   using min determinant for regularization = 5.2
0 singular and 884 ill-conditioned covariance matrices regularized
reading 'nu.mgz'...
MRImask(): AllowDiffGeom = 1
MRImask(): AllowDiffGeom = 1
MRImask(): AllowDiffGeom = 1
MRImask(): AllowDiffGeom = 1
MRImask(): AllowDiffGeom = 1
freeing gibbs priors...done.
accounting for voxel sizes in initial transform
bounding unknown intensity as < 5.9 or > 519.0 
total sample mean = 79.1 (1017 zeros)
************************************************
spacing=8, using 2841 sample points, tol=1.00e-05...
************************************************
register_mri: find_optimal_transform
find_optimal_transform: nsamples 2841, passno 0, spacing 8
resetting wm mean[0]: 98 --> 107
resetting gm mean[0]: 61 --> 61
input volume #1 is the most T1-like
using real data threshold=29.1
skull bounding box = (60, 65, 36) --> (195, 188, 201)
finding center of left hemi white matter
using (105, 106, 119) as brain centroid of Right_Cerebral_White_Matter...
MRImask(): AllowDiffGeom = 1
mean wm in atlas = 107, using box (88,91,99) --> (121, 121,139) to find MRI wm
before smoothing, mri peak at 106
robust fit to distribution - 108 +- 3.5
after smoothing, mri peak at 108, scaling input intensities by 0.991
scaling channel 0 by 0.990741
initial log_p = -3.904
************************************************
First Search limited to translation only.
************************************************
max log p =    -3.890906 @ (0.000, 0.000, 0.000)
max log p =    -3.715459 @ (-5.263, -5.263, -5.263)
max log p =    -3.688035 @ (2.632, 2.632, -2.632)
max log p =    -3.625647 @ (1.316, -1.316, 1.316)
max log p =    -3.616858 @ (0.658, -1.974, 0.658)
max log p =    -3.616858 @ (0.000, 0.000, 0.000)
max log p =    -3.616858 @ (0.000, 0.000, 0.000)
max log p =    -3.616858 @ (0.000, 0.000, 0.000)
Found translation: (-0.7, -5.9, -5.9): log p = -3.617
****************************************
Nine parameter search.  iteration 0 nscales = 0 ...
****************************************
Result so far: scale 1.000: max_log_p=-3.368, old_max_log_p =-3.617 (thresh=-3.6)
 1.07500   0.00000   0.00000  -10.21741;
 0.00000   1.13509   0.16902  -41.65504;
 0.00000  -0.11161   0.99651   8.44266;
 0.00000   0.00000   0.00000   1.00000;
iteration took 0 minutes and 9 seconds.
****************************************
Nine parameter search.  iteration 1 nscales = 0 ...
****************************************
Result so far: scale 1.000: max_log_p=-3.368, old_max_log_p =-3.368 (thresh=-3.4)
 1.07500   0.00000   0.00000  -10.21741;
 0.00000   1.13509   0.16902  -41.65504;
 0.00000  -0.11161   0.99651   8.44266;
 0.00000   0.00000   0.00000   1.00000;
reducing scale to 0.2500
iteration took 0 minutes and 9 seconds.
****************************************
Nine parameter search.  iteration 2 nscales = 1 ...
****************************************
Result so far: scale 0.250: max_log_p=-3.293, old_max_log_p =-3.368 (thresh=-3.4)
 1.05425  -0.00216  -0.00490  -8.63125;
-0.00248   1.12493   0.23610  -49.41135;
 0.00451  -0.18608   1.00150   18.51062;
 0.00000   0.00000   0.00000   1.00000;
iteration took 0 minutes and 9 seconds.
****************************************
Nine parameter search.  iteration 3 nscales = 1 ...
****************************************
Result so far: scale 0.250: max_log_p=-3.281, old_max_log_p =-3.293 (thresh=-3.3)
 1.05376  -0.03849  -0.01475  -2.86480;
 0.03292   1.13050   0.30642  -62.41673;
 0.00466  -0.25925   0.98391   29.73031;
 0.00000   0.00000   0.00000   1.00000;
iteration took 0 minutes and 9 seconds.
****************************************
Nine parameter search.  iteration 4 nscales = 1 ...
****************************************
Result so far: scale 0.250: max_log_p=-3.281, old_max_log_p =-3.281 (thresh=-3.3)
 1.05376  -0.03849  -0.01475  -2.86480;
 0.03292   1.13050   0.30642  -62.41673;
 0.00466  -0.25925   0.98391   29.73031;
 0.00000   0.00000   0.00000   1.00000;
reducing scale to 0.0625
iteration took 0 minutes and 9 seconds.
****************************************
Nine parameter search.  iteration 5 nscales = 2 ...
****************************************
Result so far: scale 0.062: max_log_p=-3.255, old_max_log_p =-3.281 (thresh=-3.3)
 1.05417  -0.02183  -0.00204  -5.49627;
 0.01549   1.13582   0.29884  -59.52589;
-0.00340  -0.24910   0.98539   29.79513;
 0.00000   0.00000   0.00000   1.00000;
iteration took 0 minutes and 9 seconds.
****************************************
Nine parameter search.  iteration 6 nscales = 2 ...
****************************************
Result so far: scale 0.062: max_log_p=-3.253, old_max_log_p =-3.255 (thresh=-3.3)
 1.05417  -0.02183  -0.00204  -5.49627;
 0.01551   1.13715   0.29919  -59.73543;
-0.00339  -0.24881   0.98424   29.88375;
 0.00000   0.00000   0.00000   1.00000;
min search scale 0.025000 reached
***********************************************
Computing MAP estimate using 2841 samples...
***********************************************
dt = 5.00e-06, momentum=0.80, tol=1.00e-05
l_intensity = 1.0000
Aligning input volume to GCA...
Transform matrix
 1.05417  -0.02183  -0.00204  -5.49627;
 0.01551   1.13715   0.29919  -59.73543;
-0.00339  -0.24881   0.98424   29.88375;
 0.00000   0.00000   0.00000   1.00000;
nsamples 2841
Quasinewton: input matrix
 1.05417  -0.02183  -0.00204  -5.49627;
 0.01551   1.13715   0.29919  -59.73543;
-0.00339  -0.24881   0.98424   29.88375;
 0.00000   0.00000   0.00000   1.00000;
 IFLAG= -1  LINE SEARCH FAILED. SEE DOCUMENTATION OF ROUTINE MCSRCH ERROR RETURN OF LINE SEARCH: INFO= 3 POSSIBLE CAUSES: FUNCTION OR GRADIENT ARE INCORRECT OR INCORRECT TOLERANCESoutof QuasiNewtonEMA: 009: -log(p) =   -0.0  tol 0.000010
Resulting transform:
 1.05417  -0.02183  -0.00204  -5.49627;
 0.01551   1.13715   0.29919  -59.73543;
-0.00339  -0.24881   0.98424   29.88375;
 0.00000   0.00000   0.00000   1.00000;

pass 1, spacing 8: log(p) = -3.253 (old=-3.904)
transform before final EM align:
 1.05417  -0.02183  -0.00204  -5.49627;
 0.01551   1.13715   0.29919  -59.73543;
-0.00339  -0.24881   0.98424   29.88375;
 0.00000   0.00000   0.00000   1.00000;

**************************************************
 EM alignment process ...
 Computing final MAP estimate using 315638 samples. 
**************************************************
dt = 5.00e-06, momentum=0.80, tol=1.00e-07
l_intensity = 1.0000
Aligning input volume to GCA...
Transform matrix
 1.05417  -0.02183  -0.00204  -5.49627;
 0.01551   1.13715   0.29919  -59.73543;
-0.00339  -0.24881   0.98424   29.88375;
 0.00000   0.00000   0.00000   1.00000;
nsamples 315638
Quasinewton: input matrix
 1.05417  -0.02183  -0.00204  -5.49627;
 0.01551   1.13715   0.29919  -59.73543;
-0.00339  -0.24881   0.98424   29.88375;
 0.00000   0.00000   0.00000   1.00000;
 IFLAG= -1  LINE SEARCH FAILED. SEE DOCUMENTATION OF ROUTINE MCSRCH ERROR RETURN OF LINE SEARCH: INFO= 6 POSSIBLE CAUSES: FUNCTION OR GRADIENT ARE INCORRECT OR INCORRECT TOLERANCESoutof QuasiNewtonEMA: 011: -log(p) =    3.8  tol 0.000000
final transform:
 1.05417  -0.02183  -0.00204  -5.49627;
 0.01551   1.13715   0.29919  -59.73543;
-0.00339  -0.24881   0.98424   29.88375;
 0.00000   0.00000   0.00000   1.00000;

writing output transformation to transforms/talairach.lta...
#VMPC# mri_em_register VmPeak  891284
FSRUNTIME@ mri_em_register  0.0257 hours 16 threads
registration took 1 minutes and 32 seconds.

Started at Sat Apr 4 11:44:31 CEST 2026 
Ended   at Sat Apr 4 11:46:04 CEST 2026
#@#%# recon-all-run-time-hours 0.026
recon-all -s sub-v1s13x0050005_ses-1 finished without error at Sat Apr  4 11:46:04 CEST 2026



#New# invocation of recon-all 




Sat Apr  4 11:46:07 CEST 2026
cd /out/sourcedata/freesurfer/sub-v1s13x0050005_ses-1
setenv SUBJECTS_DIR /out/sourcedata/freesurfer
/opt/freesurfer/bin/recon-all -autorecon2-volonly -openmp 16 -subjid sub-v1s13x0050005_ses-1 -sd /out/sourcedata/freesurfer -nogcareg

subjid sub-v1s13x0050005_ses-1
setenv SUBJECTS_DIR /out/sourcedata/freesurfer
FREESURFER_HOME /opt/freesurfer
Actual FREESURFER_HOME /opt/freesurfer
build-stamp.txt: freesurfer-linux-ubuntu22_x86_64-7.3.2-20220804-6354275
Linux dna055 5.14.0-427.37.1.el9_4.x86_64 #1 SMP PREEMPT_DYNAMIC Fri Sep 13 12:41:50 EDT 2024 x86_64 x86_64 x86_64 GNU/Linux
cputime      unlimited
filesize     unlimited
datasize     unlimited
stacksize    8192 kbytes
coredumpsize 0 kbytes
memoryuse    67108864 kbytes
vmemoryuse   unlimited
descriptors  1024 
memorylocked unlimited
maxproc      2061970 
maxlocks     unlimited
maxsignal    2061970 
maxmessage   819200 
maxnice      0 
maxrtprio    0 
maxrttime    unlimited

               total        used        free      shared  buff/cache   available
Mem:           503Gi        50Gi       415Gi       7.4Gi        37Gi       442Gi
Swap:             0B          0B          0B

########################################
program versions used
7.3.2 (freesurfer-linux-ubuntu22_x86_64-7.3.2-20220804-6354275)
7.3.2

ProgramName: lta_convert  ProgramArguments: lta_convert -all-info  ProgramVersion: 7.3.2  TimeStamp: 2026/04/04-09:46:07-GMT  BuildTime: Aug  4 2022 06:17:15  BuildStamp: freesurfer-linux-ubuntu22_x86_64-7.3.2-20220804-6354275  User: oesteban  Machine: dna055  Platform: Linux  PlatformVersion: 5.14.0-427.37.1.el9_4.x86_64  CompilerName: GCC  CompilerVersion: 8.4.0
ProgramName: mri_and  ProgramArguments: mri_and -all-info  ProgramVersion: 7.3.2  TimeStamp: 2026/04/04-09:46:07-GMT  BuildTime: Aug  4 2022 06:17:15  BuildStamp: freesurfer-linux-ubuntu22_x86_64-7.3.2-20220804-6354275  User: oesteban  Machine: dna055  Platform: Linux  PlatformVersion: 5.14.0-427.37.1.el9_4.x86_64  CompilerName: GCC  CompilerVersion: 8.4.0
ProgramName: mri_annotation2label  ProgramArguments: mri_annotation2label -all-info  ProgramVersion: 7.3.2  TimeStamp: 2026/04/04-09:46:07-GMT  BuildTime: Aug  4 2022 06:17:15  BuildStamp: freesurfer-linux-ubuntu22_x86_64-7.3.2-20220804-6354275  User: oesteban  Machine: dna055  Platform: Linux  PlatformVersion: 5.14.0-427.37.1.el9_4.x86_64  CompilerName: GCC  CompilerVersion: 8.4.0
ProgramName: mri_aparc2aseg  ProgramArguments: mri_aparc2aseg -all-info  ProgramVersion: 7.3.2  TimeStamp: 2026/04/04-09:46:07-GMT  BuildTime: Aug  4 2022 06:17:15  BuildStamp: freesurfer-linux-ubuntu22_x86_64-7.3.2-20220804-6354275  User: oesteban  Machine: dna055  Platform: Linux  PlatformVersion: 5.14.0-427.37.1.el9_4.x86_64  CompilerName: GCC  CompilerVersion: 8.4.0
ProgramName: mri_surf2volseg  ProgramArguments: mri_surf2volseg -all-info  ProgramVersion: 7.3.2  TimeStamp: 2026/04/04-09:46:07-GMT  BuildTime: Aug  4 2022 06:17:15  BuildStamp: freesurfer-linux-ubuntu22_x86_64-7.3.2-20220804-6354275  User: oesteban  Machine: dna055  Platform: Linux  PlatformVersion: 5.14.0-427.37.1.el9_4.x86_64  CompilerName: GCC  CompilerVersion: 8.4.0
ProgramName: mri_binarize  ProgramArguments: mri_binarize -all-info  ProgramVersion: 7.3.2  TimeStamp: 2026/04/04-09:46:07-GMT  BuildTime: Aug  4 2022 06:17:15  BuildStamp: freesurfer-linux-ubuntu22_x86_64-7.3.2-20220804-6354275  User: oesteban  Machine: dna055  Platform: Linux  PlatformVersion: 5.14.0-427.37.1.el9_4.x86_64  CompilerName: GCC  CompilerVersion: 8.4.0
ProgramName: mri_ca_label  ProgramArguments: mri_ca_label -all-info  ProgramVersion: 7.3.2  TimeStamp: 2026/04/04-09:46:07-GMT  BuildTime: Aug  4 2022 06:17:15  BuildStamp: freesurfer-linux-ubuntu22_x86_64-7.3.2-20220804-6354275  User: oesteban  Machine: dna055  Platform: Linux  PlatformVersion: 5.14.0-427.37.1.el9_4.x86_64  CompilerName: GCC  CompilerVersion: 8.4.0
ProgramName: mri_ca_normalize  ProgramArguments: mri_ca_normalize -all-info  ProgramVersion: 7.3.2  TimeStamp: 2026/04/04-09:46:07-GMT  BuildTime: Aug  4 2022 06:17:15  BuildStamp: freesurfer-linux-ubuntu22_x86_64-7.3.2-20220804-6354275  User: oesteban  Machine: dna055  Platform: Linux  PlatformVersion: 5.14.0-427.37.1.el9_4.x86_64  CompilerName: GCC  CompilerVersion: 8.4.0
ProgramName: mri_ca_register  ProgramArguments: mri_ca_register -all-info  ProgramVersion: 7.3.2  TimeStamp: 2026/04/04-09:46:07-GMT  BuildTime: Aug  4 2022 06:17:15  BuildStamp: freesurfer-linux-ubuntu22_x86_64-7.3.2-20220804-6354275  User: oesteban  Machine: dna055  Platform: Linux  PlatformVersion: 5.14.0-427.37.1.el9_4.x86_64  CompilerName: GCC  CompilerVersion: 8.4.0
ProgramName: mri_cc  ProgramArguments: mri_cc -all-info  ProgramVersion: 7.3.2  TimeStamp: 2026/04/04-09:46:07-GMT  BuildTime: Aug  4 2022 06:17:15  BuildStamp: freesurfer-linux-ubuntu22_x86_64-7.3.2-20220804-6354275  User: oesteban  Machine: dna055  Platform: Linux  PlatformVersion: 5.14.0-427.37.1.el9_4.x86_64  CompilerName: GCC  CompilerVersion: 8.4.0
ProgramName: mri_compute_overlap  ProgramArguments: mri_compute_overlap -all-info  ProgramVersion: 7.3.2  TimeStamp: 2026/04/04-09:46:07-GMT  BuildTime: Aug  4 2022 06:17:15  BuildStamp: freesurfer-linux-ubuntu22_x86_64-7.3.2-20220804-6354275  User: oesteban  Machine: dna055  Platform: Linux  PlatformVersion: 5.14.0-427.37.1.el9_4.x86_64  CompilerName: GCC  CompilerVersion: 8.4.0
ProgramName: mri_compute_seg_overlap  ProgramArguments: mri_compute_seg_overlap -all-info  ProgramVersion: 7.3.2  TimeStamp: 2026/04/04-09:46:07-GMT  BuildTime: Aug  4 2022 06:17:15  BuildStamp: freesurfer-linux-ubuntu22_x86_64-7.3.2-20220804-6354275  User: oesteban  Machine: dna055  Platform: Linux  PlatformVersion: 5.14.0-427.37.1.el9_4.x86_64  CompilerName: GCC  CompilerVersion: 8.4.0
ProgramName: mri_concat  ProgramArguments: mri_concat -all-info  ProgramVersion: 7.3.2  TimeStamp: 2026/04/04-09:46:07-GMT  BuildTime: Aug  4 2022 06:17:15  BuildStamp: freesurfer-linux-ubuntu22_x86_64-7.3.2-20220804-6354275  User: oesteban  Machine: dna055  Platform: Linux  PlatformVersion: 5.14.0-427.37.1.el9_4.x86_64  CompilerName: GCC  CompilerVersion: 8.4.0
ProgramName: mri_concatenate_lta  ProgramArguments: mri_concatenate_lta -all-info  ProgramVersion: 7.3.2  TimeStamp: 2026/04/04-09:46:07-GMT  BuildTime: Aug  4 2022 06:17:15  BuildStamp: freesurfer-linux-ubuntu22_x86_64-7.3.2-20220804-6354275  User: oesteban  Machine: dna055  Platform: Linux  PlatformVersion: 5.14.0-427.37.1.el9_4.x86_64  CompilerName: GCC  CompilerVersion: 8.4.0
mri_convert -all-info 
ProgramName: mri_convert  ProgramArguments: mri_convert -all-info  ProgramVersion: 7.3.2  TimeStamp: 2026/04/04-09:46:07-GMT  BuildTime: Aug  4 2022 06:17:15  BuildStamp: freesurfer-linux-ubuntu22_x86_64-7.3.2-20220804-6354275  User: oesteban  Machine: dna055  Platform: Linux  PlatformVersion: 5.14.0-427.37.1.el9_4.x86_64  CompilerName: GCC  CompilerVersion: 8.4.0
ProgramName: mri_diff  ProgramArguments: mri_diff -all-info  ProgramVersion: 7.3.2  TimeStamp: 2026/04/04-09:46:07-GMT  BuildTime: Aug  4 2022 06:17:15  BuildStamp: freesurfer-linux-ubuntu22_x86_64-7.3.2-20220804-6354275  User: oesteban  Machine: dna055  Platform: Linux  PlatformVersion: 5.14.0-427.37.1.el9_4.x86_64  CompilerName: GCC  CompilerVersion: 8.4.0
ProgramName: mri_edit_wm_with_aseg  ProgramArguments: mri_edit_wm_with_aseg -all-info  ProgramVersion: 7.3.2  TimeStamp: 2026/04/04-09:46:07-GMT  BuildTime: Aug  4 2022 06:17:15  BuildStamp: freesurfer-linux-ubuntu22_x86_64-7.3.2-20220804-6354275  User: oesteban  Machine: dna055  Platform: Linux  PlatformVersion: 5.14.0-427.37.1.el9_4.x86_64  CompilerName: GCC  CompilerVersion: 8.4.0
ProgramName: mri_em_register  ProgramArguments: mri_em_register -all-info  ProgramVersion: 7.3.2  TimeStamp: 2026/04/04-09:46:07-GMT  BuildTime: Aug  4 2022 06:17:15  BuildStamp: freesurfer-linux-ubuntu22_x86_64-7.3.2-20220804-6354275  User: oesteban  Machine: dna055  Platform: Linux  PlatformVersion: 5.14.0-427.37.1.el9_4.x86_64  CompilerName: GCC  CompilerVersion: 8.4.0
ProgramName: mri_fill  ProgramArguments: mri_fill -all-info  ProgramVersion: 7.3.2  TimeStamp: 2026/04/04-09:46:07-GMT  BuildTime: Aug  4 2022 06:17:15  BuildStamp: freesurfer-linux-ubuntu22_x86_64-7.3.2-20220804-6354275  User: oesteban  Machine: dna055  Platform: Linux  PlatformVersion: 5.14.0-427.37.1.el9_4.x86_64  CompilerName: GCC  CompilerVersion: 8.4.0
ProgramName: mri_fuse_segmentations  ProgramArguments: mri_fuse_segmentations -all-info  ProgramVersion: 7.3.2  TimeStamp: 2026/04/04-09:46:07-GMT  BuildTime: Aug  4 2022 06:17:15  BuildStamp: freesurfer-linux-ubuntu22_x86_64-7.3.2-20220804-6354275  User: oesteban  Machine: dna055  Platform: Linux  PlatformVersion: 5.14.0-427.37.1.el9_4.x86_64  CompilerName: GCC  CompilerVersion: 8.4.0
ProgramName: mri_fwhm  ProgramArguments: mri_fwhm -all-info  ProgramVersion: 7.3.2  TimeStamp: 2026/04/04-09:46:07-GMT  BuildTime: Aug  4 2022 06:17:15  BuildStamp: freesurfer-linux-ubuntu22_x86_64-7.3.2-20220804-6354275  User: oesteban  Machine: dna055  Platform: Linux  PlatformVersion: 5.14.0-427.37.1.el9_4.x86_64  CompilerName: GCC  CompilerVersion: 8.4.0
ProgramName: mri_gcut  ProgramArguments: mri_gcut -all-info  ProgramVersion: 7.3.2  TimeStamp: 2026/04/04-09:46:07-GMT  BuildTime: Aug  4 2022 06:17:15  BuildStamp: freesurfer-linux-ubuntu22_x86_64-7.3.2-20220804-6354275  User: oesteban  Machine: dna055  Platform: Linux  PlatformVersion: 5.14.0-427.37.1.el9_4.x86_64  CompilerName: GCC  CompilerVersion: 8.4.0
ProgramName: mri_info  ProgramArguments: mri_info -all-info  ProgramVersion: 7.3.2  TimeStamp: 2026/04/04-09:46:07-GMT  BuildTime: Aug  4 2022 06:17:15  BuildStamp: freesurfer-linux-ubuntu22_x86_64-7.3.2-20220804-6354275  User: oesteban  Machine: dna055  Platform: Linux  PlatformVersion: 5.14.0-427.37.1.el9_4.x86_64  CompilerName: GCC  CompilerVersion: 8.4.0
ProgramName: mri_label2label  ProgramArguments: mri_label2label -all-info  ProgramVersion: 7.3.2  TimeStamp: 2026/04/04-09:46:07-GMT  BuildTime: Aug  4 2022 06:17:15  BuildStamp: freesurfer-linux-ubuntu22_x86_64-7.3.2-20220804-6354275  User: oesteban  Machine: dna055  Platform: Linux  PlatformVersion: 5.14.0-427.37.1.el9_4.x86_64  CompilerName: GCC  CompilerVersion: 8.4.0
ProgramName: mri_label2vol  ProgramArguments: mri_label2vol -all-info  ProgramVersion: 7.3.2  TimeStamp: 2026/04/04-09:46:07-GMT  BuildTime: Aug  4 2022 06:17:15  BuildStamp: freesurfer-linux-ubuntu22_x86_64-7.3.2-20220804-6354275  User: oesteban  Machine: dna055  Platform: Linux  PlatformVersion: 5.14.0-427.37.1.el9_4.x86_64  CompilerName: GCC  CompilerVersion: 8.4.0
ProgramName: mri_log_likelihood  ProgramArguments: mri_log_likelihood -all-info  ProgramVersion: 7.3.2  TimeStamp: 2026/04/04-09:46:07-GMT  BuildTime: Aug  4 2022 06:17:15  BuildStamp: freesurfer-linux-ubuntu22_x86_64-7.3.2-20220804-6354275  User: oesteban  Machine: dna055  Platform: Linux  PlatformVersion: 5.14.0-427.37.1.el9_4.x86_64  CompilerName: GCC  CompilerVersion: 8.4.0
ProgramName: mri_mask  ProgramArguments: mri_mask -all-info  ProgramVersion: 7.3.2  TimeStamp: 2026/04/04-09:46:07-GMT  BuildTime: Aug  4 2022 06:17:15  BuildStamp: freesurfer-linux-ubuntu22_x86_64-7.3.2-20220804-6354275  User: oesteban  Machine: dna055  Platform: Linux  PlatformVersion: 5.14.0-427.37.1.el9_4.x86_64  CompilerName: GCC  CompilerVersion: 8.4.0
ProgramName: mri_matrix_multiply  ProgramArguments: mri_matrix_multiply -all-info  ProgramVersion: 7.3.2  TimeStamp: 2026/04/04-09:46:07-GMT  BuildTime: Aug  4 2022 06:17:15  BuildStamp: freesurfer-linux-ubuntu22_x86_64-7.3.2-20220804-6354275  User: oesteban  Machine: dna055  Platform: Linux  PlatformVersion: 5.14.0-427.37.1.el9_4.x86_64  CompilerName: GCC  CompilerVersion: 8.4.0
ProgramName: mri_normalize  ProgramArguments: mri_normalize -all-info  ProgramVersion: 7.3.2  TimeStamp: 2026/04/04-09:46:07-GMT  BuildTime: Aug  4 2022 06:17:15  BuildStamp: freesurfer-linux-ubuntu22_x86_64-7.3.2-20220804-6354275  User: oesteban  Machine: dna055  Platform: Linux  PlatformVersion: 5.14.0-427.37.1.el9_4.x86_64  CompilerName: GCC  CompilerVersion: 8.4.0
ProgramName: mri_normalize_tp2  ProgramArguments: mri_normalize_tp2 -all-info  ProgramVersion: 7.3.2  TimeStamp: 2026/04/04-09:46:07-GMT  BuildTime: Aug  4 2022 06:17:15  BuildStamp: freesurfer-linux-ubuntu22_x86_64-7.3.2-20220804-6354275  User: oesteban  Machine: dna055  Platform: Linux  PlatformVersion: 5.14.0-427.37.1.el9_4.x86_64  CompilerName: GCC  CompilerVersion: 8.4.0
ProgramName: mri_or  ProgramArguments: mri_or -all-info  ProgramVersion: 7.3.2  TimeStamp: 2026/04/04-09:46:07-GMT  BuildTime: Aug  4 2022 06:17:15  BuildStamp: freesurfer-linux-ubuntu22_x86_64-7.3.2-20220804-6354275  User: oesteban  Machine: dna055  Platform: Linux  PlatformVersion: 5.14.0-427.37.1.el9_4.x86_64  CompilerName: GCC  CompilerVersion: 8.4.0
ProgramName: mri_relabel_hypointensities  ProgramArguments: mri_relabel_hypointensities -all-info  ProgramVersion: 7.3.2  TimeStamp: 2026/04/04-09:46:07-GMT  BuildTime: Aug  4 2022 06:17:15  BuildStamp: freesurfer-linux-ubuntu22_x86_64-7.3.2-20220804-6354275  User: oesteban  Machine: dna055  Platform: Linux  PlatformVersion: 5.14.0-427.37.1.el9_4.x86_64  CompilerName: GCC  CompilerVersion: 8.4.0
ProgramName: mri_relabel_nonwm_hypos  ProgramArguments: mri_relabel_nonwm_hypos -all-info  ProgramVersion: 7.3.2  TimeStamp: 2026/04/04-09:46:07-GMT  BuildTime: Aug  4 2022 06:17:15  BuildStamp: freesurfer-linux-ubuntu22_x86_64-7.3.2-20220804-6354275  User: oesteban  Machine: dna055  Platform: Linux  PlatformVersion: 5.14.0-427.37.1.el9_4.x86_64  CompilerName: GCC  CompilerVersion: 8.4.0
ProgramName: mri_remove_neck  ProgramArguments: mri_remove_neck -all-info  ProgramVersion: 7.3.2  TimeStamp: 2026/04/04-09:46:07-GMT  BuildTime: Aug  4 2022 06:17:15  BuildStamp: freesurfer-linux-ubuntu22_x86_64-7.3.2-20220804-6354275  User: oesteban  Machine: dna055  Platform: Linux  PlatformVersion: 5.14.0-427.37.1.el9_4.x86_64  CompilerName: GCC  CompilerVersion: 8.4.0
7.3.2

ProgramName: mri_robust_register  ProgramArguments: mri_robust_register -all-info  ProgramVersion: 7.3.2  TimeStamp: 2026/04/04-09:46:07-GMT  BuildTime: Aug  4 2022 06:17:15  BuildStamp: freesurfer-linux-ubuntu22_x86_64-7.3.2-20220804-6354275  User: oesteban  Machine: dna055  Platform: Linux  PlatformVersion: 5.14.0-427.37.1.el9_4.x86_64  CompilerName: GCC  CompilerVersion: 8.4.0
7.3.2

ProgramName: mri_robust_template  ProgramArguments: mri_robust_template -all-info  ProgramVersion: 7.3.2  TimeStamp: 2026/04/04-09:46:07-GMT  BuildTime: Aug  4 2022 06:17:15  BuildStamp: freesurfer-linux-ubuntu22_x86_64-7.3.2-20220804-6354275  User: oesteban  Machine: dna055  Platform: Linux  PlatformVersion: 5.14.0-427.37.1.el9_4.x86_64  CompilerName: GCC  CompilerVersion: 8.4.0
ProgramName: mris_anatomical_stats  ProgramArguments: mris_anatomical_stats -all-info  ProgramVersion: 7.3.2  TimeStamp: 2026/04/04-09:46:07-GMT  BuildTime: Aug  4 2022 06:17:15  BuildStamp: freesurfer-linux-ubuntu22_x86_64-7.3.2-20220804-6354275  User: oesteban  Machine: dna055  Platform: Linux  PlatformVersion: 5.14.0-427.37.1.el9_4.x86_64  CompilerName: GCC  CompilerVersion: 8.4.0
ProgramName: mris_ca_label  ProgramArguments: mris_ca_label -all-info  ProgramVersion: 7.3.2  TimeStamp: 2026/04/04-09:46:07-GMT  BuildTime: Aug  4 2022 06:17:15  BuildStamp: freesurfer-linux-ubuntu22_x86_64-7.3.2-20220804-6354275  User: oesteban  Machine: dna055  Platform: Linux  PlatformVersion: 5.14.0-427.37.1.el9_4.x86_64  CompilerName: GCC  CompilerVersion: 8.4.0
ProgramName: mris_calc  ProgramArguments: mris_calc -all-info  ProgramVersion: 7.3.2  TimeStamp: 2026/04/04-09:46:07-GMT  BuildTime: Aug  4 2022 06:17:15  BuildStamp: freesurfer-linux-ubuntu22_x86_64-7.3.2-20220804-6354275  User: oesteban  Machine: dna055  Platform: Linux  PlatformVersion: 5.14.0-427.37.1.el9_4.x86_64  CompilerName: GCC  CompilerVersion: 8.4.0
ProgramName: mris_convert  ProgramArguments: mris_convert -all-info  ProgramVersion: 7.3.2  TimeStamp: 2026/04/04-09:46:07-GMT  BuildTime: Aug  4 2022 06:17:15  BuildStamp: freesurfer-linux-ubuntu22_x86_64-7.3.2-20220804-6354275  User: oesteban  Machine: dna055  Platform: Linux  PlatformVersion: 5.14.0-427.37.1.el9_4.x86_64  CompilerName: GCC  CompilerVersion: 8.4.0
ProgramName: mris_curvature  ProgramArguments: mris_curvature -all-info  ProgramVersion: 7.3.2  TimeStamp: 2026/04/04-09:46:07-GMT  BuildTime: Aug  4 2022 06:17:15  BuildStamp: freesurfer-linux-ubuntu22_x86_64-7.3.2-20220804-6354275  User: oesteban  Machine: dna055  Platform: Linux  PlatformVersion: 5.14.0-427.37.1.el9_4.x86_64  CompilerName: GCC  CompilerVersion: 8.4.0
ProgramName: mris_curvature_stats  ProgramArguments: mris_curvature_stats -all-info  ProgramVersion: 7.3.2  TimeStamp: 2026/04/04-09:46:07-GMT  BuildTime: Aug  4 2022 06:17:15  BuildStamp: freesurfer-linux-ubuntu22_x86_64-7.3.2-20220804-6354275  User: oesteban  Machine: dna055  Platform: Linux  PlatformVersion: 5.14.0-427.37.1.el9_4.x86_64  CompilerName: GCC  CompilerVersion: 8.4.0
ProgramName: mris_diff  ProgramArguments: mris_diff -all-info  ProgramVersion: 7.3.2  TimeStamp: 2026/04/04-09:46:07-GMT  BuildTime: Aug  4 2022 06:17:15  BuildStamp: freesurfer-linux-ubuntu22_x86_64-7.3.2-20220804-6354275  User: oesteban  Machine: dna055  Platform: Linux  PlatformVersion: 5.14.0-427.37.1.el9_4.x86_64  CompilerName: GCC  CompilerVersion: 8.4.0
ProgramName: mris_divide_parcellation  ProgramArguments: mris_divide_parcellation -all-info  ProgramVersion: 7.3.2  TimeStamp: 2026/04/04-09:46:07-GMT  BuildTime: Aug  4 2022 06:17:15  BuildStamp: freesurfer-linux-ubuntu22_x86_64-7.3.2-20220804-6354275  User: oesteban  Machine: dna055  Platform: Linux  PlatformVersion: 5.14.0-427.37.1.el9_4.x86_64  CompilerName: GCC  CompilerVersion: 8.4.0
ProgramName: mri_segment  ProgramArguments: mri_segment -all-info  ProgramVersion: 7.3.2  TimeStamp: 2026/04/04-09:46:07-GMT  BuildTime: Aug  4 2022 06:17:15  BuildStamp: freesurfer-linux-ubuntu22_x86_64-7.3.2-20220804-6354275  User: oesteban  Machine: dna055  Platform: Linux  PlatformVersion: 5.14.0-427.37.1.el9_4.x86_64  CompilerName: GCC  CompilerVersion: 8.4.0
ProgramName: mri_segstats  ProgramArguments: mri_segstats -all-info  ProgramVersion: 7.3.2  TimeStamp: 2026/04/04-09:46:07-GMT  BuildTime: Aug  4 2022 06:17:15  BuildStamp: freesurfer-linux-ubuntu22_x86_64-7.3.2-20220804-6354275  User: oesteban  Machine: dna055  Platform: Linux  PlatformVersion: 5.14.0-427.37.1.el9_4.x86_64  CompilerName: GCC  CompilerVersion: 8.4.0
ProgramName: mris_euler_number  ProgramArguments: mris_euler_number -all-info  ProgramVersion: 7.3.2  TimeStamp: 2026/04/04-09:46:07-GMT  BuildTime: Aug  4 2022 06:17:15  BuildStamp: freesurfer-linux-ubuntu22_x86_64-7.3.2-20220804-6354275  User: oesteban  Machine: dna055  Platform: Linux  PlatformVersion: 5.14.0-427.37.1.el9_4.x86_64  CompilerName: GCC  CompilerVersion: 8.4.0
ProgramName: mris_fix_topology  ProgramArguments: mris_fix_topology -all-info  ProgramVersion: 7.3.2  TimeStamp: 2026/04/04-09:46:07-GMT  BuildTime: Aug  4 2022 06:17:15  BuildStamp: freesurfer-linux-ubuntu22_x86_64-7.3.2-20220804-6354275  User: oesteban  Machine: dna055  Platform: Linux  PlatformVersion: 5.14.0-427.37.1.el9_4.x86_64  CompilerName: GCC  CompilerVersion: 8.4.0
ProgramName: mris_topo_fixer  ProgramArguments: mris_topo_fixer -all-info  ProgramVersion: 7.3.2  TimeStamp: 2026/04/04-09:46:07-GMT  BuildTime: Aug  4 2022 06:17:15  BuildStamp: freesurfer-linux-ubuntu22_x86_64-7.3.2-20220804-6354275  User: oesteban  Machine: dna055  Platform: Linux  PlatformVersion: 5.14.0-427.37.1.el9_4.x86_64  CompilerName: GCC  CompilerVersion: 8.4.0
ProgramName: mris_jacobian  ProgramArguments: mris_jacobian -all-info  ProgramVersion: 7.3.2  TimeStamp: 2026/04/04-09:46:07-GMT  BuildTime: Aug  4 2022 06:17:15  BuildStamp: freesurfer-linux-ubuntu22_x86_64-7.3.2-20220804-6354275  User: oesteban  Machine: dna055  Platform: Linux  PlatformVersion: 5.14.0-427.37.1.el9_4.x86_64  CompilerName: GCC  CompilerVersion: 8.4.0
ProgramName: mris_label2annot  ProgramArguments: mris_label2annot -all-info  ProgramVersion: 7.3.2  TimeStamp: 2026/04/04-09:46:07-GMT  BuildTime: Aug  4 2022 06:17:15  BuildStamp: freesurfer-linux-ubuntu22_x86_64-7.3.2-20220804-6354275  User: oesteban  Machine: dna055  Platform: Linux  PlatformVersion: 5.14.0-427.37.1.el9_4.x86_64  CompilerName: GCC  CompilerVersion: 8.4.0
ProgramName: mris_left_right_register  ProgramArguments: mris_left_right_register -all-info  ProgramVersion: 7.3.2  TimeStamp: 2026/04/04-09:46:07-GMT  BuildTime: Aug  4 2022 06:17:15  BuildStamp: freesurfer-linux-ubuntu22_x86_64-7.3.2-20220804-6354275  User: oesteban  Machine: dna055  Platform: Linux  PlatformVersion: 5.14.0-427.37.1.el9_4.x86_64  CompilerName: GCC  CompilerVersion: 8.4.0
ProgramName: mris_place_surface  ProgramArguments: mris_place_surface -all-info  ProgramVersion: 7.3.2  TimeStamp: 2026/04/04-09:46:07-GMT  BuildTime: Aug  4 2022 06:17:15  BuildStamp: freesurfer-linux-ubuntu22_x86_64-7.3.2-20220804-6354275  User: oesteban  Machine: dna055  Platform: Linux  PlatformVersion: 5.14.0-427.37.1.el9_4.x86_64  CompilerName: GCC  CompilerVersion: 8.4.0
ProgramName: mrisp_paint  ProgramArguments: mrisp_paint -all-info  ProgramVersion: 7.3.2  TimeStamp: 2026/04/04-09:46:07-GMT  BuildTime: Aug  4 2022 06:17:15  BuildStamp: freesurfer-linux-ubuntu22_x86_64-7.3.2-20220804-6354275  User: oesteban  Machine: dna055  Platform: Linux  PlatformVersion: 5.14.0-427.37.1.el9_4.x86_64  CompilerName: GCC  CompilerVersion: 8.4.0
ProgramName: mris_register  ProgramArguments: mris_register -all-info  ProgramVersion: 7.3.2  TimeStamp: 2026/04/04-09:46:07-GMT  BuildTime: Aug  4 2022 06:17:15  BuildStamp: freesurfer-linux-ubuntu22_x86_64-7.3.2-20220804-6354275  User: oesteban  Machine: dna055  Platform: Linux  PlatformVersion: 5.14.0-427.37.1.el9_4.x86_64  CompilerName: GCC  CompilerVersion: 8.4.0
ProgramName: mris_smooth  ProgramArguments: mris_smooth -all-info  ProgramVersion: 7.3.2  TimeStamp: 2026/04/04-09:46:07-GMT  BuildTime: Aug  4 2022 06:17:15  BuildStamp: freesurfer-linux-ubuntu22_x86_64-7.3.2-20220804-6354275  User: oesteban  Machine: dna055  Platform: Linux  PlatformVersion: 5.14.0-427.37.1.el9_4.x86_64  CompilerName: GCC  CompilerVersion: 8.4.0
ProgramName: mris_sphere  ProgramArguments: mris_sphere -all-info  ProgramVersion: 7.3.2  TimeStamp: 2026/04/04-09:46:07-GMT  BuildTime: Aug  4 2022 06:17:15  BuildStamp: freesurfer-linux-ubuntu22_x86_64-7.3.2-20220804-6354275  User: oesteban  Machine: dna055  Platform: Linux  PlatformVersion: 5.14.0-427.37.1.el9_4.x86_64  CompilerName: GCC  CompilerVersion: 8.4.0
ProgramName: mris_surface_stats  ProgramArguments: mris_surface_stats -all-info  ProgramVersion: 7.3.2  TimeStamp: 2026/04/04-09:46:07-GMT  BuildTime: Aug  4 2022 06:17:15  BuildStamp: freesurfer-linux-ubuntu22_x86_64-7.3.2-20220804-6354275  User: oesteban  Machine: dna055  Platform: Linux  PlatformVersion: 5.14.0-427.37.1.el9_4.x86_64  CompilerName: GCC  CompilerVersion: 8.4.0
ProgramName: mri_stats2seg  ProgramArguments: mri_stats2seg -all-info  ProgramVersion: 7.3.2  TimeStamp: 2026/04/04-09:46:07-GMT  BuildTime: Aug  4 2022 06:17:15  BuildStamp: freesurfer-linux-ubuntu22_x86_64-7.3.2-20220804-6354275  User: oesteban  Machine: dna055  Platform: Linux  PlatformVersion: 5.14.0-427.37.1.el9_4.x86_64  CompilerName: GCC  CompilerVersion: 8.4.0
ProgramName: mris_thickness  ProgramArguments: mris_thickness -all-info  ProgramVersion: 7.3.2  TimeStamp: 2026/04/04-09:46:07-GMT  BuildTime: Aug  4 2022 06:17:15  BuildStamp: freesurfer-linux-ubuntu22_x86_64-7.3.2-20220804-6354275  User: oesteban  Machine: dna055  Platform: Linux  PlatformVersion: 5.14.0-427.37.1.el9_4.x86_64  CompilerName: GCC  CompilerVersion: 8.4.0
ProgramName: mris_thickness_diff  ProgramArguments: mris_thickness_diff -all-info  ProgramVersion: 7.3.2  TimeStamp: 2026/04/04-09:46:08-GMT  BuildTime: Aug  4 2022 06:17:15  BuildStamp: freesurfer-linux-ubuntu22_x86_64-7.3.2-20220804-6354275  User: oesteban  Machine: dna055  Platform: Linux  PlatformVersion: 5.14.0-427.37.1.el9_4.x86_64  CompilerName: GCC  CompilerVersion: 8.4.0
ProgramName: mris_topo_fixer  ProgramArguments: mris_topo_fixer -all-info  ProgramVersion: 7.3.2  TimeStamp: 2026/04/04-09:46:08-GMT  BuildTime: Aug  4 2022 06:17:15  BuildStamp: freesurfer-linux-ubuntu22_x86_64-7.3.2-20220804-6354275  User: oesteban  Machine: dna055  Platform: Linux  PlatformVersion: 5.14.0-427.37.1.el9_4.x86_64  CompilerName: GCC  CompilerVersion: 8.4.0
ProgramName: mri_surf2surf  ProgramArguments: mri_surf2surf -all-info  ProgramVersion: 7.3.2  TimeStamp: 2026/04/04-09:46:08-GMT  BuildTime: Aug  4 2022 06:17:15  BuildStamp: freesurfer-linux-ubuntu22_x86_64-7.3.2-20220804-6354275  User: oesteban  Machine: dna055  Platform: Linux  PlatformVersion: 5.14.0-427.37.1.el9_4.x86_64  CompilerName: GCC  CompilerVersion: 8.4.0
ProgramName: mri_surf2vol  ProgramArguments: mri_surf2vol -all-info  ProgramVersion: 7.3.2  TimeStamp: 2026/04/04-09:46:08-GMT  BuildTime: Aug  4 2022 06:17:15  BuildStamp: freesurfer-linux-ubuntu22_x86_64-7.3.2-20220804-6354275  User: oesteban  Machine: dna055  Platform: Linux  PlatformVersion: 5.14.0-427.37.1.el9_4.x86_64  CompilerName: GCC  CompilerVersion: 8.4.0
ProgramName: mri_surfcluster  ProgramArguments: mri_surfcluster -all-info  ProgramVersion: 7.3.2  TimeStamp: 2026/04/04-09:46:08-GMT  BuildTime: Aug  4 2022 06:17:15  BuildStamp: freesurfer-linux-ubuntu22_x86_64-7.3.2-20220804-6354275  User: oesteban  Machine: dna055  Platform: Linux  PlatformVersion: 5.14.0-427.37.1.el9_4.x86_64  CompilerName: GCC  CompilerVersion: 8.4.0
ProgramName: mris_volmask  ProgramArguments: mris_volmask -all-info  ProgramVersion: 7.3.2  TimeStamp: 2026/04/04-09:46:08-GMT  BuildTime: Aug  4 2022 06:17:15  BuildStamp: freesurfer-linux-ubuntu22_x86_64-7.3.2-20220804-6354275  User: oesteban  Machine: dna055  Platform: Linux  PlatformVersion: 5.14.0-427.37.1.el9_4.x86_64  CompilerName: GCC  CompilerVersion: 8.4.0
ProgramName: mri_tessellate  ProgramArguments: mri_tessellate -all-info  ProgramVersion: 7.3.2  TimeStamp: 2026/04/04-09:46:08-GMT  BuildTime: Aug  4 2022 06:17:15  BuildStamp: freesurfer-linux-ubuntu22_x86_64-7.3.2-20220804-6354275  User: oesteban  Machine: dna055  Platform: Linux  PlatformVersion: 5.14.0-427.37.1.el9_4.x86_64  CompilerName: GCC  CompilerVersion: 8.4.0
ProgramName: mri_vol2surf  ProgramArguments: mri_vol2surf -all-info  ProgramVersion: 7.3.2  TimeStamp: 2026/04/04-09:46:08-GMT  BuildTime: Aug  4 2022 06:17:15  BuildStamp: freesurfer-linux-ubuntu22_x86_64-7.3.2-20220804-6354275  User: oesteban  Machine: dna055  Platform: Linux  PlatformVersion: 5.14.0-427.37.1.el9_4.x86_64  CompilerName: GCC  CompilerVersion: 8.4.0
ProgramName: mri_vol2vol  ProgramArguments: mri_vol2vol -all-info  ProgramVersion: 7.3.2  TimeStamp: 2026/04/04-09:46:08-GMT  BuildTime: Aug  4 2022 06:17:15  BuildStamp: freesurfer-linux-ubuntu22_x86_64-7.3.2-20220804-6354275  User: oesteban  Machine: dna055  Platform: Linux  PlatformVersion: 5.14.0-427.37.1.el9_4.x86_64  CompilerName: GCC  CompilerVersion: 8.4.0
ProgramName: mri_voldiff  ProgramArguments: mri_voldiff -all-info  ProgramVersion: 7.3.2  TimeStamp: 2026/04/04-09:46:08-GMT  BuildTime: Aug  4 2022 06:17:15  BuildStamp: freesurfer-linux-ubuntu22_x86_64-7.3.2-20220804-6354275  User: oesteban  Machine: dna055  Platform: Linux  PlatformVersion: 5.14.0-427.37.1.el9_4.x86_64  CompilerName: GCC  CompilerVersion: 8.4.0
ProgramName: mri_watershed  ProgramArguments: mri_watershed -all-info  ProgramVersion: 7.3.2  TimeStamp: 2026/04/04-09:46:08-GMT  BuildTime: Aug  4 2022 06:17:15  BuildStamp: freesurfer-linux-ubuntu22_x86_64-7.3.2-20220804-6354275  User: oesteban  Machine: dna055  Platform: Linux  PlatformVersion: 5.14.0-427.37.1.el9_4.x86_64  CompilerName: GCC  CompilerVersion: 8.4.0
ProgramName: tkregister2  ProgramArguments: tkregister2_cmdl -all-info  ProgramVersion: 7.3.2  TimeStamp: 2026/04/04-09:46:08-GMT  BuildTime: Aug  4 2022 06:17:15  BuildStamp: freesurfer-linux-ubuntu22_x86_64-7.3.2-20220804-6354275  User: oesteban  Machine: dna055  Platform: Linux  PlatformVersion: 5.14.0-427.37.1.el9_4.x86_64  CompilerName: GCC  CompilerVersion: 8.4.0
mri_motion_correct.fsl 7.3.2
mri_convert -all-info 
ProgramName: mri_convert  ProgramArguments: mri_convert -all-info  ProgramVersion: 7.3.2  TimeStamp: 2026/04/04-09:46:08-GMT  BuildTime: Aug  4 2022 06:17:15  BuildStamp: freesurfer-linux-ubuntu22_x86_64-7.3.2-20220804-6354275  User: oesteban  Machine: dna055  Platform: Linux  PlatformVersion: 5.14.0-427.37.1.el9_4.x86_64  CompilerName: GCC  CompilerVersion: 8.4.0
Program nu_correct, built from:
Package MNI N3, version 1.12.0, compiled by nicks@terrier (x86_64-unknown-linux-gnu) on 2015-06-19 at 01:25:34
#######################################
GCADIR /opt/freesurfer/average
GCA RB_all_2020-01-02.gca
GCASkull RB_all_withskull_2020_01_02.gca
AvgCurvTif folding.atlas.acfb40.noaparc.i12.2016-08-02.tif
GCSDIR /opt/freesurfer/average
GCS DKaparc.atlas.acfb40.noaparc.i12.2016-08-02.gcs
#######################################
#--------------------------------------
#@# CA Normalize Sat Apr  4 11:46:08 CEST 2026
/out/sourcedata/freesurfer/sub-v1s13x0050005_ses-1/mri

 mri_ca_normalize -c ctrl_pts.mgz -mask brainmask.mgz nu.mgz /opt/freesurfer/average/RB_all_2020-01-02.gca transforms/talairach.lta norm.mgz 

writing control point volume to ctrl_pts.mgz
using MR volume brainmask.mgz to mask input volume...
reading 1 input volume
reading atlas from '/opt/freesurfer/average/RB_all_2020-01-02.gca'...
reading transform from 'transforms/talairach.lta'...
reading input volume from nu.mgz...
resetting wm mean[0]: 98 --> 107
resetting gm mean[0]: 61 --> 61
input volume #1 is the most T1-like
using real data threshold=29.1
skull bounding box = (60, 65, 36) --> (195, 188, 201)
finding center of left hemi white matter
using (105, 106, 119) as brain centroid of Right_Cerebral_White_Matter...
mean wm in atlas = 107, using box (88,91,99) --> (121, 121,139) to find MRI wm
before smoothing, mri peak at 106
robust fit to distribution - 108 +- 3.5
after smoothing, mri peak at 108, scaling input intensities by 0.991
scaling channel 0 by 0.990741
using 246437 sample points...
INFO: compute sample coordinates transform
 1.05417  -0.02183  -0.00204  -5.49627;
 0.01551   1.13715   0.29919  -59.73543;
-0.00339  -0.24881   0.98424   29.88375;
 0.00000   0.00000   0.00000   1.00000;
INFO: transform used
finding control points in Left_Cerebral_White_Matter....
found 40230 control points for structure...
bounding box (128, 69, 35) --> (191, 172, 196)
Left_Cerebral_White_Matter: limiting intensities to 96.0 --> 132.0
4 of 8116 (0.0%) samples deleted
finding control points in Right_Cerebral_White_Matter....
found 39478 control points for structure...
bounding box (66, 69, 34) --> (129, 167, 197)
Right_Cerebral_White_Matter: limiting intensities to 95.0 --> 132.0
13 of 7936 (0.2%) samples deleted
finding control points in Left_Cerebellum_White_Matter....
found 3105 control points for structure...
bounding box (130, 146, 63) --> (176, 186, 116)
Left_Cerebellum_White_Matter: limiting intensities to 98.0 --> 132.0
0 of 407 (0.0%) samples deleted
finding control points in Right_Cerebellum_White_Matter....
found 2710 control points for structure...
bounding box (87, 146, 60) --> (128, 186, 116)
Right_Cerebellum_White_Matter: limiting intensities to 97.0 --> 132.0
0 of 188 (0.0%) samples deleted
finding control points in Brain_Stem....
found 3475 control points for structure...
bounding box (113, 137, 98) --> (146, 196, 127)
Brain_Stem: limiting intensities to 91.0 --> 132.0
0 of 511 (0.0%) samples deleted
using 17158 total control points for intensity normalization...
bias field = 0.975 +- 0.057
122 of 17141 control points discarded
finding control points in Left_Cerebral_White_Matter....
found 40230 control points for structure...
bounding box (128, 69, 35) --> (191, 172, 196)
Left_Cerebral_White_Matter: limiting intensities to 92.0 --> 132.0
4 of 8239 (0.0%) samples deleted
finding control points in Right_Cerebral_White_Matter....
found 39478 control points for structure...
bounding box (66, 69, 34) --> (129, 167, 197)
Right_Cerebral_White_Matter: limiting intensities to 91.0 --> 132.0
17 of 8044 (0.2%) samples deleted
finding control points in Left_Cerebellum_White_Matter....
found 3105 control points for structure...
bounding box (130, 146, 63) --> (176, 186, 116)
Left_Cerebellum_White_Matter: limiting intensities to 88.0 --> 132.0
4 of 459 (0.9%) samples deleted
finding control points in Right_Cerebellum_White_Matter....
found 2710 control points for structure...
bounding box (87, 146, 60) --> (128, 186, 116)
Right_Cerebellum_White_Matter: limiting intensities to 88.0 --> 132.0
0 of 195 (0.0%) samples deleted
finding control points in Brain_Stem....
found 3475 control points for structure...
bounding box (113, 137, 98) --> (146, 196, 127)
Brain_Stem: limiting intensities to 88.0 --> 132.0
2 of 571 (0.4%) samples deleted
using 17508 total control points for intensity normalization...
bias field = 1.018 +- 0.047
108 of 17406 control points discarded
finding control points in Left_Cerebral_White_Matter....
found 40230 control points for structure...
bounding box (128, 69, 35) --> (191, 172, 196)
Left_Cerebral_White_Matter: limiting intensities to 93.0 --> 132.0
5 of 8247 (0.1%) samples deleted
finding control points in Right_Cerebral_White_Matter....
found 39478 control points for structure...
bounding box (66, 69, 34) --> (129, 167, 197)
Right_Cerebral_White_Matter: limiting intensities to 91.0 --> 132.0
17 of 8044 (0.2%) samples deleted
finding control points in Left_Cerebellum_White_Matter....
found 3105 control points for structure...
bounding box (130, 146, 63) --> (176, 186, 116)
Left_Cerebellum_White_Matter: limiting intensities to 88.0 --> 132.0
37 of 501 (7.4%) samples deleted
finding control points in Right_Cerebellum_White_Matter....
found 2710 control points for structure...
bounding box (87, 146, 60) --> (128, 186, 116)
Right_Cerebellum_White_Matter: limiting intensities to 88.0 --> 132.0
21 of 215 (9.8%) samples deleted
finding control points in Brain_Stem....
found 3475 control points for structure...
bounding box (113, 137, 98) --> (146, 196, 127)
Brain_Stem: limiting intensities to 88.0 --> 132.0
24 of 624 (3.8%) samples deleted
using 17631 total control points for intensity normalization...
bias field = 1.013 +- 0.041
92 of 17403 control points discarded
writing normalized volume to norm.mgz...
writing control points to ctrl_pts.mgz
freeing GCA...done.
normalization took 1 minutes and 20 seconds.
#--------------------------------------
#@# CA Reg Sat Apr  4 11:47:28 CEST 2026
/out/sourcedata/freesurfer/sub-v1s13x0050005_ses-1/mri

 mri_ca_register -nobigventricles -T transforms/talairach.lta -align-after -mask brainmask.mgz norm.mgz /opt/freesurfer/average/RB_all_2020-01-02.gca transforms/talairach.m3z 

not handling expanded ventricles...
using previously computed transform transforms/talairach.lta
renormalizing sequences with structure alignment, equivalent to:
	-renormalize
	-regularize_mean 0.500
	-regularize 0.500
using MR volume brainmask.mgz to mask input volume...

== Number of threads available to mri_ca_register for OpenMP = 16 == 
reading 1 input volumes...
logging results to talairach.log
reading input volume 'norm.mgz'...
reading GCA '/opt/freesurfer/average/RB_all_2020-01-02.gca'...
label assignment complete, 0 changed (0.00%)
freeing gibbs priors...done.
average std[0] = 5.0
Starting GCAMregister()
label assignment complete, 0 changed (0.00%)
npasses = 1, nlevels = 6
#pass# 1 of 1 ************************
enabling zero nodes
setting smoothness cost coefficient to 0.156

#GCAMreg# pass 0 level1 5 level2 0 tsec 0 sigma 2
l_jacobian=1.00 l_label=1.00 l_log_likelihood=0.20 l_smoothness=0.16 
tol=2.50e-01, dt=5.00e-02, exp_k=20.0, momentum=0.90, levels=6, niter=500, lbl_dist=10.00, avgs=256, sigma=2.0,type=2, relabel=0, neg=no

blurring input image with Gaussian with sigma=2.000...
GCAMRegisterLevel(): init RMS 0.77883
#FOTS# QuadFit found better minimum quadopt=(dt=247.304,rms=0.705827) vs oldopt=(dt=92.48,rms=0.728851)
#GCMRL#    0 dt 247.304348 rms  0.706  9.373% neg 0  invalid 762 tFOTS 3.3560 tGradient 2.6540 tsec 6.2590
#FOTS# QuadFit found better minimum quadopt=(dt=133.002,rms=0.687251) vs oldopt=(dt=92.48,rms=0.689175)
#GCMRL#    1 dt 133.001776 rms  0.687  2.632% neg 0  invalid 762 tFOTS 3.3900 tGradient 2.9740 tsec 6.6120
#GCMRL#    2 dt 369.920000 rms  0.679  1.262% neg 0  invalid 762 tFOTS 3.0790 tGradient 3.0130 tsec 6.3560
#FOTS# QuadFit found better minimum quadopt=(dt=110.976,rms=0.675058) vs oldopt=(dt=92.48,rms=0.675177)
#GCMRL#    3 dt 110.976000 rms  0.675  0.518% neg 0  invalid 762 tFOTS 3.3240 tGradient 2.8980 tsec 6.4760
#FOTS# QuadFit found better minimum quadopt=(dt=517.888,rms=0.671199) vs oldopt=(dt=369.92,rms=0.671722)
#GCMRL#    4 dt 517.888000 rms  0.671  0.572% neg 0  invalid 762 tFOTS 3.3330 tGradient 2.9640 tsec 6.5830
#FOTS# QuadFit found better minimum quadopt=(dt=110.976,rms=0.669646) vs oldopt=(dt=92.48,rms=0.66967)
#GCMRL#    5 dt 110.976000 rms  0.670  0.000% neg 0  invalid 762 tFOTS 3.5340 tGradient 2.9310 tsec 6.7360
#GCMRL#    6 dt 110.976000 rms  0.669  0.112% neg 0  invalid 762 tFOTS 0.0000 tGradient 2.6910 tsec 2.9370
#GCMRL#    7 dt 110.976000 rms  0.668  0.162% neg 0  invalid 762 tFOTS 0.0000 tGradient 2.6970 tsec 2.9350
#GCMRL#    8 dt 110.976000 rms  0.666  0.216% neg 0  invalid 762 tFOTS 0.0000 tGradient 2.7610 tsec 3.0040
#GCMRL#    9 dt 110.976000 rms  0.665  0.231% neg 0  invalid 762 tFOTS 0.0000 tGradient 2.7310 tsec 2.9820
#GCMRL#   10 dt 110.976000 rms  0.663  0.233% neg 0  invalid 762 tFOTS 0.0000 tGradient 2.9030 tsec 3.1460
#GCMRL#   11 dt 110.976000 rms  0.662  0.239% neg 0  invalid 762 tFOTS 0.0000 tGradient 2.8530 tsec 3.0950
#GCMRL#   12 dt 110.976000 rms  0.660  0.218% neg 0  invalid 762 tFOTS 0.0000 tGradient 3.0990 tsec 3.3390
#GCMRL#   13 dt 110.976000 rms  0.659  0.197% neg 0  invalid 762 tFOTS 0.0000 tGradient 2.8540 tsec 3.1030
#GCMRL#   14 dt 110.976000 rms  0.658  0.193% neg 0  invalid 762 tFOTS 0.0000 tGradient 2.9560 tsec 3.1960
#GCMRL#   15 dt 110.976000 rms  0.657  0.168% neg 0  invalid 762 tFOTS 0.0000 tGradient 2.9700 tsec 3.2100
#GCMRL#   16 dt 110.976000 rms  0.656  0.162% neg 0  invalid 762 tFOTS 0.0000 tGradient 2.8670 tsec 3.1210
#GCMRL#   17 dt 110.976000 rms  0.655  0.146% neg 0  invalid 762 tFOTS 0.0000 tGradient 2.8930 tsec 3.1350
#GCMRL#   18 dt 110.976000 rms  0.654  0.125% neg 0  invalid 762 tFOTS 0.0000 tGradient 3.0120 tsec 3.2530
#GCMRL#   19 dt 110.976000 rms  0.653  0.116% neg 0  invalid 762 tFOTS 0.0000 tGradient 2.9970 tsec 3.2560
#FOTS# QuadFit found better minimum quadopt=(dt=1775.62,rms=0.65186) vs oldopt=(dt=1479.68,rms=0.651904)
#GCMRL#   20 dt 1775.616000 rms  0.652  0.172% neg 0  invalid 762 tFOTS 3.5500 tGradient 3.0060 tsec 6.8070
#FOTS# QuadFit found better minimum quadopt=(dt=73.984,rms=0.651697) vs oldopt=(dt=92.48,rms=0.651709)
#GCMRL#   21 dt  73.984000 rms  0.652  0.000% neg 0  invalid 762 tFOTS 3.3970 tGradient 2.8630 tsec 6.5460
#GCMRL#   22 dt  73.984000 rms  0.652  0.005% neg 0  invalid 762 tFOTS 0.0000 tGradient 2.9350 tsec 3.1800
#GCMRL#   23 dt  73.984000 rms  0.652  0.005% neg 0  invalid 762 tFOTS 0.0000 tGradient 2.9040 tsec 3.1430
#GCMRL#   24 dt  73.984000 rms  0.652  0.006% neg 0  invalid 762 tFOTS 0.0000 tGradient 2.7810 tsec 3.0260
#GCMRL#   25 dt  73.984000 rms  0.651  0.023% neg 0  invalid 762 tFOTS 0.0000 tGradient 2.8150 tsec 3.0690
#GCMRL#   26 dt  73.984000 rms  0.651  0.037% neg 0  invalid 762 tFOTS 0.0000 tGradient 2.8150 tsec 3.0570
#GCMRL#   27 dt  73.984000 rms  0.651  0.041% neg 0  invalid 762 tFOTS 0.0000 tGradient 2.8330 tsec 3.0750
#GCMRL#   28 dt  73.984000 rms  0.651  0.035% neg 0  invalid 762 tFOTS 0.0000 tGradient 2.8840 tsec 3.1280

#GCAMreg# pass 0 level1 5 level2 1 tsec 131.167 sigma 0.5
l_jacobian=1.00 l_label=1.00 l_log_likelihood=0.20 l_smoothness=0.16 
tol=2.50e-01, dt=5.00e-02, exp_k=20.0, momentum=0.90, levels=6, niter=500, lbl_dist=10.00, avgs=256, sigma=0.5,type=2, relabel=0, neg=no

blurring input image with Gaussian with sigma=0.500...
GCAMRegisterLevel(): init RMS 0.65093
#GCMRL#   30 dt 369.920000 rms  0.649  0.261% neg 0  invalid 762 tFOTS 3.3450 tGradient 2.8520 tsec 6.4510
#FOTS# QuadFit found better minimum quadopt=(dt=129.472,rms=0.648892) vs oldopt=(dt=92.48,rms=0.648947)
#GCMRL#   31 dt 129.472000 rms  0.649  0.000% neg 0  invalid 762 tFOTS 3.3000 tGradient 2.7070 tsec 6.3200
#GCMRL#   32 dt 129.472000 rms  0.649  0.035% neg 0  invalid 762 tFOTS 0.0000 tGradient 2.8640 tsec 3.1010
#GCMRL#   33 dt 129.472000 rms  0.648  0.047% neg 0  invalid 762 tFOTS 0.0000 tGradient 2.8930 tsec 3.1790
#GCMRL#   34 dt 129.472000 rms  0.648  0.056% neg 0  invalid 762 tFOTS 0.0000 tGradient 2.9980 tsec 3.2400
#GCMRL#   35 dt 129.472000 rms  0.648  0.061% neg 0  invalid 762 tFOTS 0.0000 tGradient 2.9020 tsec 3.1410
#GCMRL#   36 dt 129.472000 rms  0.647  0.060% neg 0  invalid 762 tFOTS 0.0000 tGradient 2.9410 tsec 3.1830
#GCMRL#   37 dt 129.472000 rms  0.647  0.069% neg 0  invalid 762 tFOTS 0.0000 tGradient 2.8470 tsec 3.0880
#GCMRL#   38 dt 129.472000 rms  0.646  0.059% neg 0  invalid 762 tFOTS 0.0000 tGradient 2.8950 tsec 3.1550
#FOTS# QuadFit found better minimum quadopt=(dt=221.952,rms=0.646348) vs oldopt=(dt=369.92,rms=0.646352)
setting smoothness cost coefficient to 0.615

#GCAMreg# pass 0 level1 4 level2 0 tsec 0 sigma 2
l_jacobian=1.00 l_label=1.00 l_log_likelihood=0.20 l_smoothness=0.62 
tol=2.50e-01, dt=5.00e-02, exp_k=20.0, momentum=0.90, levels=6, niter=500, lbl_dist=10.00, avgs=64, sigma=2.0,type=2, relabel=0, neg=no

blurring input image with Gaussian with sigma=2.000...
GCAMRegisterLevel(): init RMS 0.655485
#FOTS# QuadFit found better minimum quadopt=(dt=86.6878,rms=0.652211) vs oldopt=(dt=103.68,rms=0.652329)
#GCMRL#   40 dt  86.687831 rms  0.652  0.499% neg 0  invalid 762 tFOTS 3.8750 tGradient 2.2240 tsec 6.3500
#GCMRL#   41 dt 414.720000 rms  0.641  1.725% neg 0  invalid 762 tFOTS 3.3580 tGradient 2.0500 tsec 5.6570
#FOTS# QuadFit found better minimum quadopt=(dt=36.288,rms=0.63933) vs oldopt=(dt=25.92,rms=0.639536)
#GCMRL#   42 dt  36.288000 rms  0.639  0.255% neg 0  invalid 762 tFOTS 3.3420 tGradient 2.1410 tsec 5.7320
#FOTS# QuadFit found better minimum quadopt=(dt=36.288,rms=0.638875) vs oldopt=(dt=25.92,rms=0.638962)
#GCMRL#   43 dt  36.288000 rms  0.639  0.000% neg 0  invalid 762 tFOTS 3.5260 tGradient 2.2240 tsec 6.0170
#GCMRL#   44 dt  36.288000 rms  0.638  0.066% neg 0  invalid 762 tFOTS 0.0000 tGradient 2.4240 tsec 2.6770
#GCMRL#   45 dt  36.288000 rms  0.638  0.103% neg 0  invalid 762 tFOTS 0.0000 tGradient 2.3760 tsec 2.6160
#GCMRL#   46 dt  36.288000 rms  0.637  0.132% neg 0  invalid 762 tFOTS 0.0000 tGradient 2.3890 tsec 2.7000
#GCMRL#   47 dt  36.288000 rms  0.636  0.170% neg 0  invalid 762 tFOTS 0.0000 tGradient 2.5810 tsec 2.8220
#GCMRL#   48 dt  36.288000 rms  0.635  0.191% neg 0  invalid 762 tFOTS 0.0000 tGradient 2.2340 tsec 2.4730
#GCMRL#   49 dt  36.288000 rms  0.633  0.189% neg 0  invalid 762 tFOTS 0.0000 tGradient 2.3070 tsec 2.6630
#GCMRL#   50 dt  36.288000 rms  0.632  0.166% neg 0  invalid 762 tFOTS 0.0000 tGradient 2.4220 tsec 2.6610
#GCMRL#   51 dt  36.288000 rms  0.632  0.128% neg 0  invalid 762 tFOTS 0.0000 tGradient 2.3600 tsec 2.6870
#GCMRL#   52 dt  36.288000 rms  0.631  0.100% neg 0  invalid 762 tFOTS 0.0000 tGradient 2.4100 tsec 2.6540
#GCMRL#   53 dt  36.288000 rms  0.630  0.094% neg 0  invalid 762 tFOTS 0.0000 tGradient 2.3560 tsec 2.6800
#FOTS# QuadFit found better minimum quadopt=(dt=580.608,rms=0.628251) vs oldopt=(dt=414.72,rms=0.628385)
#GCMRL#   54 dt 580.608000 rms  0.628  0.336% neg 0  invalid 762 tFOTS 3.5280 tGradient 2.2840 tsec 6.0600
#GCMRL#   55 dt  25.920000 rms  0.628  0.000% neg 0  invalid 762 tFOTS 3.1270 tGradient 2.2830 tsec 5.6770

#GCAMreg# pass 0 level1 4 level2 1 tsec 75.007 sigma 0.5
l_jacobian=1.00 l_label=1.00 l_log_likelihood=0.20 l_smoothness=0.62 
tol=2.50e-01, dt=5.00e-02, exp_k=20.0, momentum=0.90, levels=6, niter=500, lbl_dist=10.00, avgs=64, sigma=0.5,type=2, relabel=0, neg=no

blurring input image with Gaussian with sigma=0.500...
GCAMRegisterLevel(): init RMS 0.628575
#FOTS# QuadFit found better minimum quadopt=(dt=36.288,rms=0.627691) vs oldopt=(dt=25.92,rms=0.627727)
#GCMRL#   57 dt  36.288000 rms  0.628  0.141% neg 0  invalid 762 tFOTS 3.1970 tGradient 2.2590 tsec 5.7020
setting smoothness cost coefficient to 2.353

#GCAMreg# pass 0 level1 3 level2 0 tsec 0 sigma 2
l_jacobian=1.00 l_label=1.00 l_log_likelihood=0.20 l_smoothness=2.35 
tol=2.50e-01, dt=5.00e-02, exp_k=20.0, momentum=0.90, levels=6, niter=500, lbl_dist=10.00, avgs=16, sigma=2.0,type=2, relabel=0, neg=no

blurring input image with Gaussian with sigma=2.000...
GCAMRegisterLevel(): init RMS 0.653722
#GCMRL#   59 dt   2.000000 rms  0.653  0.114% neg 0  invalid 762 tFOTS 3.1380 tGradient 1.8620 tsec 5.2460
#GCMRL#   60 dt   0.500000 rms  0.653  0.000% neg 0  invalid 762 tFOTS 3.3020 tGradient 1.7970 tsec 5.3690
#GCMRL#   61 dt   0.500000 rms  0.653  0.000% neg 0  invalid 762 tFOTS 0.0000 tGradient 1.6650 tsec 1.9060

#GCAMreg# pass 0 level1 3 level2 1 tsec 24.742 sigma 0.5
l_jacobian=1.00 l_label=1.00 l_log_likelihood=0.20 l_smoothness=2.35 
tol=2.50e-01, dt=5.00e-02, exp_k=20.0, momentum=0.90, levels=6, niter=500, lbl_dist=10.00, avgs=16, sigma=0.5,type=2, relabel=0, neg=no

blurring input image with Gaussian with sigma=0.500...
GCAMRegisterLevel(): init RMS 0.653438
#FOTS# QuadFit found better minimum quadopt=(dt=0.4,rms=0.652973) vs oldopt=(dt=0.5,rms=0.652973)
#GCMRL#   63 dt   0.400000 rms  0.653  0.071% neg 0  invalid 762 tFOTS 3.4280 tGradient 1.6570 tsec 5.3940
#FOTS# QuadFit found better minimum quadopt=(dt=0.04375,rms=0.65297) vs oldopt=(dt=0.03125,rms=0.65297)
#GCMRL#   64 dt   0.043750 rms  0.653  0.000% neg 0  invalid 762 tFOTS 3.4300 tGradient 2.1390 tsec 5.8980
setting smoothness cost coefficient to 8.000

#GCAMreg# pass 0 level1 2 level2 0 tsec 0 sigma 2
l_jacobian=1.00 l_label=1.00 l_log_likelihood=0.20 l_smoothness=8.00 
tol=2.50e-01, dt=5.00e-02, exp_k=20.0, momentum=0.90, levels=6, niter=500, lbl_dist=10.00, avgs=4, sigma=2.0,type=2, relabel=0, neg=no

blurring input image with Gaussian with sigma=2.000...
GCAMRegisterLevel(): init RMS 0.719313
#FOTS# QuadFit found better minimum quadopt=(dt=2.4621,rms=0.699722) vs oldopt=(dt=2.88,rms=0.700281)
#GCMRL#   66 dt   2.462098 rms  0.700  2.724% neg 0  invalid 762 tFOTS 3.8670 tGradient 1.7780 tsec 5.9620
#FOTS# QuadFit found better minimum quadopt=(dt=2.2087,rms=0.696632) vs oldopt=(dt=2.88,rms=0.696935)
#GCMRL#   67 dt   2.208696 rms  0.697  0.442% neg 0  invalid 762 tFOTS 3.9090 tGradient 1.6980 tsec 5.9130
#FOTS# QuadFit found better minimum quadopt=(dt=2.26984,rms=0.695417) vs oldopt=(dt=2.88,rms=0.695512)
#GCMRL#   68 dt   2.269841 rms  0.695  0.000% neg 0  invalid 762 tFOTS 3.1360 tGradient 1.4460 tsec 4.8490

#GCAMreg# pass 0 level1 2 level2 1 tsec 28.851 sigma 0.5
l_jacobian=1.00 l_label=1.00 l_log_likelihood=0.20 l_smoothness=8.00 
tol=2.50e-01, dt=5.00e-02, exp_k=20.0, momentum=0.90, levels=6, niter=500, lbl_dist=10.00, avgs=4, sigma=0.5,type=2, relabel=0, neg=no

blurring input image with Gaussian with sigma=0.500...
GCAMRegisterLevel(): init RMS 0.69577
#FOTS# QuadFit found better minimum quadopt=(dt=0.216,rms=0.695416) vs oldopt=(dt=0.18,rms=0.695416)
#GCMRL#   70 dt   0.216000 rms  0.695  0.051% neg 0  invalid 762 tFOTS 3.3700 tGradient 1.4310 tsec 5.0520
#FOTS# QuadFit found better minimum quadopt=(dt=0.144,rms=0.695411) vs oldopt=(dt=0.18,rms=0.695411)
#GCMRL#   71 dt   0.144000 rms  0.695  0.000% neg 0  invalid 762 tFOTS 3.3420 tGradient 1.4820 tsec 5.0910
setting smoothness cost coefficient to 20.000

#GCAMreg# pass 0 level1 1 level2 0 tsec 0 sigma 2
l_jacobian=1.00 l_label=1.00 l_log_likelihood=0.20 l_smoothness=20.00 
tol=2.50e-01, dt=5.00e-02, exp_k=20.0, momentum=0.90, levels=6, niter=500, lbl_dist=10.00, avgs=1, sigma=2.0,type=2, relabel=0, neg=no

blurring input image with Gaussian with sigma=2.000...
GCAMRegisterLevel(): init RMS 0.74171
#FOTS# QuadFit found better minimum quadopt=(dt=0.112,rms=0.74123) vs oldopt=(dt=0.08,rms=0.741248)
#GCMRL#   73 dt   0.112000 rms  0.741  0.065% neg 0  invalid 762 tFOTS 3.1440 tGradient 1.2390 tsec 4.6260
#FOTS# QuadFit found better minimum quadopt=(dt=0.256,rms=0.740875) vs oldopt=(dt=0.32,rms=0.740885)
#GCMRL#   74 dt   0.256000 rms  0.741  0.000% neg 0  invalid 762 tFOTS 3.1350 tGradient 1.1640 tsec 4.5600
#GCMRL#   75 dt   0.256000 rms  0.740  0.175% neg 0  invalid 762 tFOTS 0.0000 tGradient 1.2480 tsec 1.4840
#GCMRL#   76 dt   0.256000 rms  0.738  0.245% neg 0  invalid 762 tFOTS 0.0000 tGradient 1.2070 tsec 1.4410
#GCMRL#   77 dt   0.256000 rms  0.736  0.252% neg 0  invalid 762 tFOTS 0.0000 tGradient 1.2320 tsec 1.4700
#GCMRL#   78 dt   0.256000 rms  0.734  0.240% neg 0  invalid 762 tFOTS 0.0000 tGradient 1.2500 tsec 1.4880
#GCMRL#   79 dt   0.256000 rms  0.733  0.219% neg 0  invalid 762 tFOTS 0.0000 tGradient 1.2070 tsec 1.4470
#GCMRL#   80 dt   0.256000 rms  0.731  0.172% neg 0  invalid 762 tFOTS 0.0000 tGradient 1.3220 tsec 1.5630
#GCMRL#   81 dt   0.256000 rms  0.731  0.089% neg 0  invalid 762 tFOTS 0.0000 tGradient 1.2750 tsec 1.5130
#GCMRL#   82 dt   0.256000 rms  0.730  0.030% neg 0  invalid 762 tFOTS 0.0000 tGradient 1.3120 tsec 1.5690
#FOTS# QuadFit found better minimum quadopt=(dt=2.04651,rms=0.726661) vs oldopt=(dt=1.28,rms=0.727489)
#GCMRL#   83 dt   2.046512 rms  0.727  0.511% neg 0  invalid 762 tFOTS 3.2130 tGradient 1.2650 tsec 4.7230
#FOTS# QuadFit found better minimum quadopt=(dt=0.256,rms=0.726038) vs oldopt=(dt=0.32,rms=0.726046)
#GCMRL#   84 dt   0.256000 rms  0.726  0.000% neg 0  invalid 762 tFOTS 3.1550 tGradient 1.3220 tsec 4.7540
#GCMRL#   85 dt   0.256000 rms  0.725  0.084% neg 0  invalid 762 tFOTS 0.0000 tGradient 1.3170 tsec 1.5560
#GCMRL#   86 dt   0.256000 rms  0.725  0.068% neg 0  invalid 762 tFOTS 0.0000 tGradient 1.2840 tsec 1.5250
#GCMRL#   87 dt   0.256000 rms  0.725  0.036% neg 0  invalid 762 tFOTS 0.0000 tGradient 1.3430 tsec 1.6040

#GCAMreg# pass 0 level1 1 level2 1 tsec 50.163 sigma 0.5
l_jacobian=1.00 l_label=1.00 l_log_likelihood=0.20 l_smoothness=20.00 
tol=2.50e-01, dt=5.00e-02, exp_k=20.0, momentum=0.90, levels=6, niter=500, lbl_dist=10.00, avgs=1, sigma=0.5,type=2, relabel=0, neg=no

blurring input image with Gaussian with sigma=0.500...
GCAMRegisterLevel(): init RMS 0.724929
#FOTS# QuadFit found better minimum quadopt=(dt=0.384,rms=0.724402) vs oldopt=(dt=0.32,rms=0.724403)
#GCMRL#   89 dt   0.384000 rms  0.724  0.073% neg 0  invalid 762 tFOTS 3.1480 tGradient 1.3270 tsec 4.7230
#GCMRL#   90 dt   0.100000 rms  0.724  0.000% neg 0  invalid 762 tFOTS 2.9350 tGradient 1.3350 tsec 4.5380
resetting metric properties...
setting smoothness cost coefficient to 40.000

#GCAMreg# pass 0 level1 0 level2 0 tsec 0 sigma 2
l_jacobian=1.00 l_label=1.00 l_log_likelihood=0.20 l_smoothness=40.00 
tol=2.50e-01, dt=5.00e-02, exp_k=20.0, momentum=0.90, levels=6, niter=500, lbl_dist=10.00, avgs=0, sigma=2.0,type=2, relabel=0, neg=no

blurring input image with Gaussian with sigma=2.000...
GCAMRegisterLevel(): init RMS 0.697961
#FOTS# QuadFit found better minimum quadopt=(dt=0.196478,rms=0.693933) vs oldopt=(dt=0.32,rms=0.695064)
#GCMRL#   92 dt   0.196478 rms  0.694  0.577% neg 0  invalid 762 tFOTS 3.1480 tGradient 0.8850 tsec 4.2810
#GCMRL#   93 dt   0.020000 rms  0.694  0.000% neg 0  invalid 762 tFOTS 3.4330 tGradient 0.8810 tsec 4.5820

#GCAMreg# pass 0 level1 0 level2 1 tsec 20.268 sigma 0.5
l_jacobian=1.00 l_label=1.00 l_log_likelihood=0.20 l_smoothness=40.00 
tol=2.50e-01, dt=5.00e-02, exp_k=20.0, momentum=0.90, levels=6, niter=500, lbl_dist=10.00, avgs=0, sigma=0.5,type=2, relabel=0, neg=no

blurring input image with Gaussian with sigma=0.500...
GCAMRegisterLevel(): init RMS 0.694064
#FOTS# QuadFit found better minimum quadopt=(dt=0.007,rms=0.693707) vs oldopt=(dt=0.005,rms=0.693711)
#GCMRL#   95 dt   0.007000 rms  0.694  0.051% neg 0  invalid 762 tFOTS 3.1770 tGradient 0.8730 tsec 4.2990
#FOTS# QuadFit found better minimum quadopt=(dt=0.00175,rms=0.693706) vs oldopt=(dt=0.00125,rms=0.693706)
#GCMRL#   96 dt   0.001750 rms  0.694  0.000% neg 0  invalid 762 tFOTS 3.9100 tGradient 0.9210 tsec 5.1640
GCAMregister done in 7.30408 min
Starting GCAmapRenormalizeWithAlignment() without scales
renormalizing by structure alignment....
renormalizing input #0
gca peak = 0.10253 (16)
mri peak = 0.21277 (20)
Left_Lateral_Ventricle (4): linear fit = 1.16 x + 0.0 (983 voxels, overlap=0.655)
Left_Lateral_Ventricle (4): linear fit = 1.16 x + 0.0 (983 voxels, peak = 19), gca=18.6
gca peak = 0.17690 (16)
mri peak = 0.16787 (20)
Right_Lateral_Ventricle (43): linear fit = 1.16 x + 0.0 (920 voxels, overlap=0.754)
Right_Lateral_Ventricle (43): linear fit = 1.16 x + 0.0 (920 voxels, peak = 19), gca=18.6
gca peak = 0.28275 (96)
mri peak = 0.14822 (95)
Right_Pallidum (52): linear fit = 1.00 x + 0.0 (967 voxels, overlap=0.997)
Right_Pallidum (52): linear fit = 1.00 x + 0.0 (967 voxels, peak = 96), gca=95.5
gca peak = 0.18948 (93)
mri peak = 0.12711 (100)
Left_Pallidum (13): linear fit = 1.04 x + 0.0 (856 voxels, overlap=1.001)
Left_Pallidum (13): linear fit = 1.04 x + 0.0 (856 voxels, peak = 97), gca=97.2
gca peak = 0.20755 (55)
mri peak = 0.13746 (69)
Right_Hippocampus (53): linear fit = 1.20 x + 0.0 (1039 voxels, overlap=0.015)
Right_Hippocampus (53): linear fit = 1.20 x + 0.0 (1039 voxels, peak = 66), gca=65.7
gca peak = 0.31831 (58)
mri peak = 0.13504 (68)
Left_Hippocampus (17): linear fit = 1.16 x + 0.0 (1016 voxels, overlap=0.041)
Left_Hippocampus (17): linear fit = 1.16 x + 0.0 (1016 voxels, peak = 68), gca=67.6
gca peak = 0.11957 (102)
mri peak = 0.15221 (106)
Right_Cerebral_White_Matter (41): linear fit = 1.04 x + 0.0 (60241 voxels, overlap=0.576)
Right_Cerebral_White_Matter (41): linear fit = 1.04 x + 0.0 (60241 voxels, peak = 107), gca=106.6
gca peak = 0.11429 (102)
mri peak = 0.15693 (107)
Left_Cerebral_White_Matter (2): linear fit = 1.04 x + 0.0 (63686 voxels, overlap=0.521)
Left_Cerebral_White_Matter (2): linear fit = 1.04 x + 0.0 (63686 voxels, peak = 107), gca=106.6
gca peak = 0.14521 (59)
mri peak = 0.04573 (70)
Left_Cerebral_Cortex (3): linear fit = 1.14 x + 0.0 (32693 voxels, overlap=0.441)
Left_Cerebral_Cortex (3): linear fit = 1.14 x + 0.0 (32693 voxels, peak = 68), gca=67.6
gca peak = 0.14336 (58)
mri peak = 0.04432 (68)
Right_Cerebral_Cortex (42): linear fit = 1.15 x + 0.0 (31836 voxels, overlap=0.563)
Right_Cerebral_Cortex (42): linear fit = 1.15 x + 0.0 (31836 voxels, peak = 67), gca=67.0
gca peak = 0.13305 (70)
mri peak = 0.13777 (77)
Right_Caudate (50): linear fit = 1.12 x + 0.0 (814 voxels, overlap=0.342)
Right_Caudate (50): linear fit = 1.12 x + 0.0 (814 voxels, peak = 78), gca=78.1
gca peak = 0.15761 (71)
mri peak = 0.15583 (77)
Left_Caudate (11): linear fit = 1.08 x + 0.0 (970 voxels, overlap=0.339)
Left_Caudate (11): linear fit = 1.08 x + 0.0 (970 voxels, peak = 76), gca=76.3
gca peak = 0.13537 (57)
mri peak = 0.03351 (51)
Left_Cerebellum_Cortex (8): linear fit = 1.04 x + 0.0 (27600 voxels, overlap=0.685)
Left_Cerebellum_Cortex (8): linear fit = 1.04 x + 0.0 (27600 voxels, peak = 60), gca=59.6
gca peak = 0.13487 (56)
mri peak = 0.03114 (54)
Right_Cerebellum_Cortex (47): linear fit = 1.04 x + 0.0 (31022 voxels, overlap=0.955)
Right_Cerebellum_Cortex (47): linear fit = 1.04 x + 0.0 (31022 voxels, peak = 59), gca=58.5
gca peak = 0.19040 (84)
mri peak = 0.09788 (93)
Left_Cerebellum_White_Matter (7): linear fit = 1.10 x + 0.0 (9167 voxels, overlap=0.115)
Left_Cerebellum_White_Matter (7): linear fit = 1.10 x + 0.0 (9167 voxels, peak = 92), gca=92.0
gca peak = 0.18871 (83)
mri peak = 0.07125 (91)
Right_Cerebellum_White_Matter (46): linear fit = 1.10 x + 0.0 (7471 voxels, overlap=0.015)
Right_Cerebellum_White_Matter (46): linear fit = 1.10 x + 0.0 (7471 voxels, peak = 91), gca=90.9
gca peak = 0.24248 (57)
mri peak = 0.08800 (77)
Left_Amygdala (18): linear fit = 1.26 x + 0.0 (374 voxels, overlap=0.053)
Left_Amygdala (18): linear fit = 1.26 x + 0.0 (374 voxels, peak = 72), gca=72.1
gca peak = 0.35833 (56)
mri peak = 0.10549 (67)
Right_Amygdala (54): linear fit = 1.23 x + 0.0 (468 voxels, overlap=0.029)
Right_Amygdala (54): linear fit = 1.23 x + 0.0 (468 voxels, peak = 69), gca=68.6
gca peak = 0.12897 (85)
mri peak = 0.07768 (91)
Left_Thalamus (10): linear fit = 1.07 x + 0.0 (5297 voxels, overlap=0.882)
Left_Thalamus (10): linear fit = 1.07 x + 0.0 (5297 voxels, peak = 91), gca=90.5
gca peak = 0.13127 (83)
mri peak = 0.09211 (91)
Right_Thalamus (49): linear fit = 1.08 x + 0.0 (4569 voxels, overlap=0.654)
Right_Thalamus (49): linear fit = 1.08 x + 0.0 (4569 voxels, peak = 89), gca=89.2
gca peak = 0.12974 (78)
mri peak = 0.12406 (91)
Left_Putamen (12): linear fit = 1.11 x + 0.0 (2249 voxels, overlap=0.388)
Left_Putamen (12): linear fit = 1.11 x + 0.0 (2249 voxels, peak = 86), gca=86.2
gca peak = 0.17796 (79)
mri peak = 0.09514 (86)
Right_Putamen (51): linear fit = 1.10 x + 0.0 (2344 voxels, overlap=0.786)
Right_Putamen (51): linear fit = 1.10 x + 0.0 (2344 voxels, peak = 87), gca=86.5
gca peak = 0.10999 (80)
mri peak = 0.11258 (91)
Brain_Stem (16): linear fit = 1.14 x + 0.0 (9603 voxels, overlap=0.026)
Brain_Stem (16): linear fit = 1.14 x + 0.0 (9603 voxels, peak = 92), gca=91.6
gca peak = 0.13215 (88)
mri peak = 0.08842 (91)
Right_VentralDC (60): linear fit = 1.09 x + 0.0 (1232 voxels, overlap=0.565)
Right_VentralDC (60): linear fit = 1.09 x + 0.0 (1232 voxels, peak = 95), gca=95.5
gca peak = 0.11941 (89)
mri peak = 0.11201 (96)
Left_VentralDC (28): linear fit = 1.09 x + 0.0 (1426 voxels, overlap=0.617)
Left_VentralDC (28): linear fit = 1.09 x + 0.0 (1426 voxels, peak = 97), gca=96.6
gca peak = 0.20775 (25)
mri peak = 0.28583 (30)
gca peak = 0.13297 (21)
mri peak = 0.08260 (20)
Fourth_Ventricle (15): linear fit = 1.16 x + 0.0 (324 voxels, overlap=0.891)
Fourth_Ventricle (15): linear fit = 1.16 x + 0.0 (324 voxels, peak = 24), gca=24.5
gca peak Unknown = 0.94777 ( 0)
gca peak Left_Inf_Lat_Vent = 0.19087 (28)
gca peak Third_Ventricle = 0.20775 (25)
gca peak CSF = 0.16821 (33)
gca peak Left_Accumbens_area = 0.32850 (63)
gca peak Left_undetermined = 0.98480 (28)
gca peak Left_vessel = 0.40887 (53)
gca peak Left_choroid_plexus = 0.10898 (46)
gca peak Right_Inf_Lat_Vent = 0.17798 (26)
gca peak Right_Accumbens_area = 0.30137 (64)
gca peak Right_vessel = 0.47828 (52)
gca peak Right_choroid_plexus = 0.11612 (45)
gca peak Fifth_Ventricle = 0.59466 (35)
gca peak WM_hypointensities = 0.10053 (78)
gca peak non_WM_hypointensities = 0.07253 (60)
gca peak Optic_Chiasm = 0.25330 (73)
not using caudate to estimate GM means
estimating mean gm scale to be 1.19 x + 0.0
estimating mean wm scale to be 1.04 x + 0.0
estimating mean csf scale to be 1.16 x + 0.0
saving intensity scales to talairach.label_intensities.txt
GCAmapRenormalizeWithAlignment() took 3.43757 min
noneg pre
Starting GCAMregister()
label assignment complete, 0 changed (0.00%)
npasses = 1, nlevels = 6
#pass# 1 of 1 ************************
enabling zero nodes
setting smoothness cost coefficient to 0.008

#GCAMreg# pass 0 level1 5 level2 0 tsec 0 sigma 2
l_jacobian=1.00 l_label=1.00 l_log_likelihood=0.20 l_smoothness=0.01 
tol=5.00e-02, dt=5.00e-02, exp_k=20.0, momentum=0.90, levels=6, niter=500, lbl_dist=10.00, avgs=256, sigma=2.0,type=2, relabel=0, neg=no

blurring input image with Gaussian with sigma=2.000...
GCAMRegisterLevel(): init RMS 0.705529
#FOTS# QuadFit found better minimum quadopt=(dt=163.679,rms=0.681409) vs oldopt=(dt=92.48,rms=0.686077)
#GCMRL#   98 dt 163.678959 rms  0.681  3.419% neg 0  invalid 762 tFOTS 3.2970 tGradient 2.5190 tsec 6.0600
#GCMRL#   99 dt 369.920000 rms  0.670  1.731% neg 0  invalid 762 tFOTS 3.1240 tGradient 2.4830 tsec 5.8560
#FOTS# QuadFit found better minimum quadopt=(dt=129.472,rms=0.666329) vs oldopt=(dt=92.48,rms=0.666627)
#GCMRL#  100 dt 129.472000 rms  0.666  0.490% neg 0  invalid 762 tFOTS 3.3440 tGradient 2.3770 tsec 5.9760
#GCMRL#  101 dt 369.920000 rms  0.664  0.371% neg 0  invalid 762 tFOTS 3.3620 tGradient 2.5430 tsec 6.1570
#FOTS# QuadFit found better minimum quadopt=(dt=129.472,rms=0.661228) vs oldopt=(dt=92.48,rms=0.661687)
#GCMRL#  102 dt 129.472000 rms  0.661  0.396% neg 0  invalid 762 tFOTS 3.3170 tGradient 2.5490 tsec 6.1170
#FOTS# QuadFit found better minimum quadopt=(dt=443.904,rms=0.659652) vs oldopt=(dt=369.92,rms=0.659715)
#GCMRL#  103 dt 443.904000 rms  0.660  0.238% neg 0  invalid 762 tFOTS 3.3250 tGradient 2.6240 tsec 6.1990
#FOTS# QuadFit found better minimum quadopt=(dt=129.472,rms=0.657475) vs oldopt=(dt=92.48,rms=0.657813)
#GCMRL#  104 dt 129.472000 rms  0.657  0.330% neg 0  invalid 762 tFOTS 3.3870 tGradient 2.3760 tsec 6.0210
#FOTS# QuadFit found better minimum quadopt=(dt=295.936,rms=0.656831) vs oldopt=(dt=369.92,rms=0.656887)
#GCMRL#  105 dt 295.936000 rms  0.657  0.098% neg 0  invalid 762 tFOTS 3.4030 tGradient 2.3270 tsec 5.9910
#FOTS# QuadFit found better minimum quadopt=(dt=221.952,rms=0.655143) vs oldopt=(dt=369.92,rms=0.655672)
#GCMRL#  106 dt 221.952000 rms  0.655  0.257% neg 0  invalid 762 tFOTS 3.5150 tGradient 2.4010 tsec 6.2430
#GCMRL#  107 dt  92.480000 rms  0.655  0.058% neg 0  invalid 762 tFOTS 3.6080 tGradient 2.6500 tsec 6.5160
#FOTS# QuadFit found better minimum quadopt=(dt=2071.55,rms=0.649547) vs oldopt=(dt=1479.68,rms=0.650396)
#GCMRL#  108 dt 2071.552000 rms  0.650  0.796% neg 0  invalid 762 tFOTS 3.3780 tGradient 2.5580 tsec 6.2030
#FOTS# QuadFit found better minimum quadopt=(dt=129.472,rms=0.647201) vs oldopt=(dt=92.48,rms=0.647446)
#GCMRL#  109 dt 129.472000 rms  0.647  0.361% neg 0  invalid 762 tFOTS 3.5590 tGradient 2.4350 tsec 6.2380
#GCMRL#  110 dt  92.480000 rms  0.647  0.000% neg 0  invalid 762 tFOTS 3.4310 tGradient 2.5810 tsec 6.2840
#GCMRL#  111 dt  92.480000 rms  0.647  0.040% neg 0  invalid 762 tFOTS 0.0000 tGradient 2.5510 tsec 2.7950
#GCMRL#  112 dt  92.480000 rms  0.646  0.067% neg 0  invalid 762 tFOTS 0.0000 tGradient 2.5660 tsec 2.8030
#GCMRL#  113 dt  92.480000 rms  0.646  0.093% neg 0  invalid 762 tFOTS 0.0000 tGradient 2.5740 tsec 2.8190
#GCMRL#  114 dt  92.480000 rms  0.645  0.114% neg 0  invalid 762 tFOTS 0.0000 tGradient 2.5860 tsec 2.8370
#GCMRL#  115 dt  92.480000 rms  0.644  0.126% neg 0  invalid 762 tFOTS 0.0000 tGradient 2.4280 tsec 2.6790
#GCMRL#  116 dt  92.480000 rms  0.643  0.135% neg 0  invalid 762 tFOTS 0.0000 tGradient 2.5240 tsec 2.7690
#GCMRL#  117 dt  92.480000 rms  0.643  0.142% neg 0  invalid 762 tFOTS 0.0000 tGradient 2.5080 tsec 2.7580
#GCMRL#  118 dt  92.480000 rms  0.642  0.146% neg 0  invalid 762 tFOTS 0.0000 tGradient 2.5670 tsec 2.8840
#GCMRL#  119 dt  92.480000 rms  0.641  0.149% neg 0  invalid 762 tFOTS 0.0000 tGradient 2.5060 tsec 2.7490
#GCMRL#  120 dt  92.480000 rms  0.640  0.150% neg 0  invalid 762 tFOTS 0.0000 tGradient 2.6750 tsec 2.9170
#GCMRL#  121 dt  92.480000 rms  0.639  0.148% neg 0  invalid 762 tFOTS 0.0000 tGradient 2.6370 tsec 2.8810
#GCMRL#  122 dt  92.480000 rms  0.638  0.145% neg 0  invalid 762 tFOTS 0.0000 tGradient 2.7030 tsec 2.9440
#GCMRL#  123 dt  92.480000 rms  0.637  0.138% neg 0  invalid 762 tFOTS 0.0000 tGradient 2.6520 tsec 2.8980
#GCMRL#  124 dt  92.480000 rms  0.636  0.131% neg 0  invalid 762 tFOTS 0.0000 tGradient 2.6020 tsec 2.8460
#GCMRL#  125 dt  92.480000 rms  0.635  0.128% neg 0  invalid 762 tFOTS 0.0000 tGradient 2.5860 tsec 2.8260
#GCMRL#  126 dt  92.480000 rms  0.634  0.126% neg 0  invalid 762 tFOTS 0.0000 tGradient 2.6260 tsec 2.8670
#GCMRL#  127 dt  92.480000 rms  0.634  0.123% neg 0  invalid 762 tFOTS 0.0000 tGradient 2.6970 tsec 2.9380
#GCMRL#  128 dt  92.480000 rms  0.633  0.114% neg 0  invalid 762 tFOTS 0.0000 tGradient 2.5990 tsec 2.8420
#GCMRL#  129 dt  92.480000 rms  0.632  0.108% neg 0  invalid 762 tFOTS 0.0000 tGradient 2.6150 tsec 2.8610
#GCMRL#  130 dt  92.480000 rms  0.632  0.105% neg 0  invalid 762 tFOTS 0.0000 tGradient 2.6320 tsec 2.8810
#GCMRL#  131 dt  92.480000 rms  0.631  0.100% neg 0  invalid 762 tFOTS 0.0000 tGradient 2.6540 tsec 2.8980
#GCMRL#  132 dt  92.480000 rms  0.630  0.097% neg 0  invalid 762 tFOTS 0.0000 tGradient 2.6120 tsec 2.8560
#GCMRL#  133 dt  92.480000 rms  0.630  0.092% neg 0  invalid 762 tFOTS 0.0000 tGradient 2.5600 tsec 2.8080
#GCMRL#  134 dt  92.480000 rms  0.629  0.087% neg 0  invalid 762 tFOTS 0.0000 tGradient 2.5300 tsec 2.7740
#GCMRL#  135 dt  92.480000 rms  0.629  0.084% neg 0  invalid 762 tFOTS 0.0000 tGradient 2.7480 tsec 2.9950
#GCMRL#  136 dt  92.480000 rms  0.628  0.079% neg 0  invalid 762 tFOTS 0.0000 tGradient 2.5860 tsec 2.8340
#GCMRL#  137 dt  92.480000 rms  0.628  0.077% neg 0  invalid 762 tFOTS 0.0000 tGradient 2.9090 tsec 3.2130
#GCMRL#  138 dt  92.480000 rms  0.627  0.075% neg 0  invalid 762 tFOTS 0.0000 tGradient 2.6480 tsec 2.8900
#GCMRL#  139 dt  92.480000 rms  0.627  0.072% neg 0  invalid 762 tFOTS 0.0000 tGradient 2.5620 tsec 2.8020
#GCMRL#  140 dt  92.480000 rms  0.626  0.068% neg 0  invalid 762 tFOTS 0.0000 tGradient 2.6350 tsec 2.8780
#GCMRL#  141 dt  92.480000 rms  0.626  0.067% neg 0  invalid 762 tFOTS 0.0000 tGradient 2.6090 tsec 2.8600
#GCMRL#  142 dt  92.480000 rms  0.626  0.066% neg 0  invalid 762 tFOTS 0.0000 tGradient 2.5870 tsec 2.8320
#GCMRL#  143 dt  92.480000 rms  0.625  0.064% neg 0  invalid 762 tFOTS 0.0000 tGradient 2.6150 tsec 2.8550
#GCMRL#  144 dt  92.480000 rms  0.625  0.060% neg 0  invalid 762 tFOTS 0.0000 tGradient 2.6430 tsec 2.8860
#GCMRL#  145 dt  92.480000 rms  0.624  0.060% neg 0  invalid 762 tFOTS 0.0000 tGradient 2.6270 tsec 2.8720
#GCMRL#  146 dt  92.480000 rms  0.624  0.055% neg 0  invalid 762 tFOTS 0.0000 tGradient 2.6830 tsec 2.9230
#GCMRL#  147 dt  92.480000 rms  0.624  0.052% neg 0  invalid 762 tFOTS 0.0000 tGradient 2.6280 tsec 2.8690
#GCMRL#  148 dt  92.480000 rms  0.623  0.050% neg 0  invalid 762 tFOTS 0.0000 tGradient 2.6120 tsec 2.8550
#GCMRL#  149 dt  92.480000 rms  0.623  0.049% neg 0  invalid 762 tFOTS 0.0000 tGradient 2.5670 tsec 2.8080
#GCMRL#  150 dt  92.480000 rms  0.623  0.046% neg 0  invalid 762 tFOTS 0.0000 tGradient 2.5690 tsec 2.8100
#GCMRL#  151 dt  92.480000 rms  0.623  0.046% neg 0  invalid 762 tFOTS 0.0000 tGradient 2.6210 tsec 2.8610
#GCMRL#  152 dt  92.480000 rms  0.622  0.046% neg 0  invalid 762 tFOTS 0.0000 tGradient 2.6270 tsec 2.8570
#GCMRL#  153 dt  92.480000 rms  0.622  0.045% neg 0  invalid 762 tFOTS 0.0000 tGradient 2.5570 tsec 2.7910
#GCMRL#  154 dt  92.480000 rms  0.622  0.043% neg 0  invalid 762 tFOTS 0.0000 tGradient 2.5710 tsec 2.8070
#GCMRL#  155 dt  92.480000 rms  0.621  0.042% neg 0  invalid 762 tFOTS 0.0000 tGradient 2.5820 tsec 2.8230
#GCMRL#  156 dt  92.480000 rms  0.621  0.039% neg 0  invalid 762 tFOTS 0.0000 tGradient 2.5590 tsec 2.7970
#GCMRL#  157 dt  92.480000 rms  0.621  0.037% neg 0  invalid 762 tFOTS 0.0000 tGradient 2.5130 tsec 2.7580
#GCMRL#  158 dt  92.480000 rms  0.621  0.036% neg 0  invalid 762 tFOTS 0.0000 tGradient 2.4750 tsec 2.7130
#GCMRL#  159 dt  92.480000 rms  0.621  0.036% neg 0  invalid 762 tFOTS 0.0000 tGradient 2.4680 tsec 2.7100
#GCMRL#  160 dt  92.480000 rms  0.620  0.035% neg 0  invalid 762 tFOTS 0.0000 tGradient 2.4940 tsec 2.7330
#GCMRL#  161 dt  92.480000 rms  0.620  0.035% neg 0  invalid 762 tFOTS 0.0000 tGradient 2.4540 tsec 2.6940
#GCMRL#  162 dt  92.480000 rms  0.620  0.033% neg 0  invalid 762 tFOTS 0.0000 tGradient 2.4900 tsec 2.7280
#GCMRL#  163 dt  92.480000 rms  0.620  0.032% neg 0  invalid 762 tFOTS 0.0000 tGradient 2.6430 tsec 2.8820
#GCMRL#  164 dt  92.480000 rms  0.619  0.031% neg 0  invalid 762 tFOTS 0.0000 tGradient 2.6190 tsec 2.8570
#GCMRL#  165 dt  92.480000 rms  0.619  0.030% neg 0  invalid 762 tFOTS 0.0000 tGradient 2.6820 tsec 2.9240
#GCMRL#  166 dt  92.480000 rms  0.619  0.029% neg 0  invalid 762 tFOTS 0.0000 tGradient 2.6670 tsec 2.9070
#GCMRL#  167 dt  92.480000 rms  0.619  0.028% neg 0  invalid 762 tFOTS 0.0000 tGradient 2.6450 tsec 2.8860
#GCMRL#  168 dt  92.480000 rms  0.619  0.027% neg 0  invalid 762 tFOTS 0.0000 tGradient 2.6120 tsec 2.8570
#GCMRL#  169 dt  92.480000 rms  0.619  0.026% neg 0  invalid 762 tFOTS 0.0000 tGradient 2.5860 tsec 2.8260
#GCMRL#  170 dt  92.480000 rms  0.618  0.025% neg 0  invalid 762 tFOTS 0.0000 tGradient 2.5800 tsec 2.8200
#GCMRL#  171 dt  92.480000 rms  0.618  0.025% neg 0  invalid 762 tFOTS 0.0000 tGradient 2.6410 tsec 2.8870
#GCMRL#  172 dt  92.480000 rms  0.618  0.024% neg 0  invalid 762 tFOTS 0.0000 tGradient 2.5660 tsec 2.8080
#GCMRL#  173 dt  92.480000 rms  0.618  0.025% neg 0  invalid 762 tFOTS 0.0000 tGradient 2.5690 tsec 2.8090
#GCMRL#  174 dt  92.480000 rms  0.618  0.025% neg 0  invalid 762 tFOTS 0.0000 tGradient 2.5650 tsec 2.8080
#GCMRL#  175 dt  92.480000 rms  0.618  0.024% neg 0  invalid 762 tFOTS 0.0000 tGradient 2.6160 tsec 2.8850
#GCMRL#  176 dt  92.480000 rms  0.618  0.025% neg 0  invalid 762 tFOTS 0.0000 tGradient 2.5530 tsec 2.7930
#GCMRL#  177 dt  92.480000 rms  0.617  0.024% neg 0  invalid 762 tFOTS 0.0000 tGradient 2.6430 tsec 2.9050
#FOTS# QuadFit found better minimum quadopt=(dt=8286.21,rms=0.616526) vs oldopt=(dt=5918.72,rms=0.616606)
#GCMRL#  178 dt 8286.208000 rms  0.617  0.142% neg 0  invalid 762 tFOTS 3.5780 tGradient 2.6370 tsec 6.4660
#FOTS# QuadFit found better minimum quadopt=(dt=73.984,rms=0.616181) vs oldopt=(dt=92.48,rms=0.616222)
#GCMRL#  179 dt  73.984000 rms  0.616  0.056% neg 0  invalid 762 tFOTS 3.3710 tGradient 2.6800 tsec 6.3000
#FOTS# QuadFit found better minimum quadopt=(dt=8.092,rms=0.616146) vs oldopt=(dt=5.78,rms=0.616146)
#GCMRL#  180 dt   8.092000 rms  0.616  0.000% neg 0  invalid 762 tFOTS 3.7740 tGradient 2.6680 tsec 6.7190

#GCAMreg# pass 0 level1 5 level2 1 tsec 302.967 sigma 0.5
l_jacobian=1.00 l_label=1.00 l_log_likelihood=0.20 l_smoothness=0.01 
tol=5.00e-02, dt=5.00e-02, exp_k=20.0, momentum=0.90, levels=6, niter=500, lbl_dist=10.00, avgs=256, sigma=0.5,type=2, relabel=0, neg=no

blurring input image with Gaussian with sigma=0.500...
GCAMRegisterLevel(): init RMS 0.616565
#FOTS# QuadFit found better minimum quadopt=(dt=221.952,rms=0.615406) vs oldopt=(dt=369.92,rms=0.615643)
#GCMRL#  182 dt 221.952000 rms  0.615  0.188% neg 0  invalid 762 tFOTS 3.4060 tGradient 2.5990 tsec 6.2530
#FOTS# QuadFit found better minimum quadopt=(dt=129.472,rms=0.615104) vs oldopt=(dt=92.48,rms=0.615156)
#GCMRL#  183 dt 129.472000 rms  0.615  0.000% neg 0  invalid 762 tFOTS 3.3620 tGradient 2.6230 tsec 6.2550
#GCMRL#  184 dt 129.472000 rms  0.615  0.013% neg 0  invalid 762 tFOTS 0.0000 tGradient 2.6090 tsec 2.8480
#GCMRL#  185 dt 129.472000 rms  0.615  0.031% neg 0  invalid 762 tFOTS 0.0000 tGradient 2.5810 tsec 2.8310
#GCMRL#  186 dt 129.472000 rms  0.615  0.033% neg 0  invalid 762 tFOTS 0.0000 tGradient 2.6370 tsec 2.8780
#GCMRL#  187 dt 129.472000 rms  0.614  0.038% neg 0  invalid 762 tFOTS 0.0000 tGradient 2.5830 tsec 2.9070
#GCMRL#  188 dt 129.472000 rms  0.614  0.033% neg 0  invalid 762 tFOTS 0.0000 tGradient 2.5550 tsec 2.8820
#GCMRL#  189 dt 129.472000 rms  0.614  0.028% neg 0  invalid 762 tFOTS 0.0000 tGradient 2.5350 tsec 2.8450
#GCMRL#  190 dt 129.472000 rms  0.614  0.030% neg 0  invalid 762 tFOTS 0.0000 tGradient 2.6000 tsec 2.8420
#GCMRL#  191 dt 129.472000 rms  0.614  0.034% neg 0  invalid 762 tFOTS 0.0000 tGradient 2.5580 tsec 2.8600
#GCMRL#  192 dt 129.472000 rms  0.613  0.034% neg 0  invalid 762 tFOTS 0.0000 tGradient 2.7290 tsec 2.9740
#GCMRL#  193 dt 129.472000 rms  0.613  0.033% neg 0  invalid 762 tFOTS 0.0000 tGradient 2.5820 tsec 2.9100
#GCMRL#  194 dt 129.472000 rms  0.613  0.028% neg 0  invalid 762 tFOTS 0.0000 tGradient 2.5180 tsec 2.7620
#GCMRL#  195 dt 129.472000 rms  0.613  0.030% neg 0  invalid 762 tFOTS 0.0000 tGradient 2.6910 tsec 2.9370
#GCMRL#  196 dt 129.472000 rms  0.613  0.031% neg 0  invalid 762 tFOTS 0.0000 tGradient 2.7110 tsec 2.9560
#GCMRL#  197 dt 129.472000 rms  0.612  0.031% neg 0  invalid 762 tFOTS 0.0000 tGradient 2.7340 tsec 2.9780
#GCMRL#  198 dt 129.472000 rms  0.612  0.025% neg 0  invalid 762 tFOTS 0.0000 tGradient 2.4590 tsec 2.7050
#GCMRL#  199 dt 129.472000 rms  0.612  0.029% neg 0  invalid 762 tFOTS 0.0000 tGradient 2.6950 tsec 2.9400
#GCMRL#  200 dt 129.472000 rms  0.612  0.024% neg 0  invalid 762 tFOTS 0.0000 tGradient 2.6780 tsec 2.9220
#GCMRL#  201 dt 129.472000 rms  0.612  0.025% neg 0  invalid 762 tFOTS 0.0000 tGradient 2.6590 tsec 2.9040
#GCMRL#  202 dt 129.472000 rms  0.612  0.021% neg 0  invalid 762 tFOTS 0.0000 tGradient 2.4840 tsec 2.8070
#GCMRL#  203 dt 129.472000 rms  0.612  0.017% neg 0  invalid 762 tFOTS 0.0000 tGradient 2.5150 tsec 2.7770
#FOTS# QuadFit found better minimum quadopt=(dt=129.472,rms=0.611609) vs oldopt=(dt=92.48,rms=0.61161)
#GCMRL#  204 dt 129.472000 rms  0.612  0.000% neg 0  invalid 762 tFOTS 3.5570 tGradient 2.4640 tsec 6.2930
#GCMRL#  205 dt 129.472000 rms  0.612  0.004% neg 0  invalid 762 tFOTS 0.0000 tGradient 2.4980 tsec 2.8150
#GCMRL#  206 dt 129.472000 rms  0.612  0.005% neg 0  invalid 762 tFOTS 0.0000 tGradient 2.6990 tsec 2.9420
#GCMRL#  207 dt 129.472000 rms  0.612  0.006% neg 0  invalid 762 tFOTS 0.0000 tGradient 2.4860 tsec 2.8040
#GCMRL#  208 dt 129.472000 rms  0.611  0.007% neg 0  invalid 762 tFOTS 0.0000 tGradient 2.6120 tsec 2.8560
#GCMRL#  209 dt 129.472000 rms  0.611  0.010% neg 0  invalid 762 tFOTS 0.0000 tGradient 2.6380 tsec 2.8820
#GCMRL#  210 dt 129.472000 rms  0.611  0.009% neg 0  invalid 762 tFOTS 0.0000 tGradient 2.7350 tsec 3.0390
#GCMRL#  211 dt 129.472000 rms  0.611  0.012% neg 0  invalid 762 tFOTS 0.0000 tGradient 2.6780 tsec 3.0100
#GCMRL#  212 dt 129.472000 rms  0.611  0.015% neg 0  invalid 762 tFOTS 0.0000 tGradient 2.8130 tsec 3.0560
setting smoothness cost coefficient to 0.031

#GCAMreg# pass 0 level1 4 level2 0 tsec 0 sigma 2
l_jacobian=1.00 l_label=1.00 l_log_likelihood=0.20 l_smoothness=0.03 
tol=5.00e-02, dt=5.00e-02, exp_k=20.0, momentum=0.90, levels=6, niter=500, lbl_dist=10.00, avgs=64, sigma=2.0,type=2, relabel=0, neg=no

blurring input image with Gaussian with sigma=2.000...
GCAMRegisterLevel(): init RMS 0.613239
#FOTS# QuadFit found better minimum quadopt=(dt=145.152,rms=0.6092) vs oldopt=(dt=103.68,rms=0.60953)
#GCMRL#  214 dt 145.152000 rms  0.609  0.659% neg 0  invalid 762 tFOTS 3.4210 tGradient 2.4100 tsec 6.0890
#FOTS# QuadFit found better minimum quadopt=(dt=220.082,rms=0.600725) vs oldopt=(dt=103.68,rms=0.602761)
#GCMRL#  215 dt 220.081633 rms  0.601  1.391% neg 0  invalid 762 tFOTS 3.6670 tGradient 1.9660 tsec 5.8870
#FOTS# QuadFit found better minimum quadopt=(dt=54.8571,rms=0.597145) vs oldopt=(dt=25.92,rms=0.59788)
#GCMRL#  216 dt  54.857143 rms  0.597  0.596% neg 0  invalid 762 tFOTS 3.3920 tGradient 2.1700 tsec 5.8160
#GCMRL#  217 dt 414.720000 rms  0.592  0.865% neg 0  invalid 762 tFOTS 3.5120 tGradient 2.0730 tsec 5.8410
#FOTS# QuadFit found better minimum quadopt=(dt=87.0607,rms=0.586499) vs oldopt=(dt=103.68,rms=0.586715)
#GCMRL#  218 dt  87.060729 rms  0.586  0.926% neg 0  invalid 762 tFOTS 3.7020 tGradient 2.2530 tsec 6.2120
#FOTS# QuadFit found better minimum quadopt=(dt=62.7114,rms=0.585106) vs oldopt=(dt=103.68,rms=0.585564)
#GCMRL#  219 dt  62.711409 rms  0.585  0.237% neg 0  invalid 762 tFOTS 3.4000 tGradient 2.3010 tsec 5.9540
#FOTS# QuadFit found better minimum quadopt=(dt=331.776,rms=0.582137) vs oldopt=(dt=414.72,rms=0.582265)
#GCMRL#  220 dt 331.776000 rms  0.582  0.507% neg 0  invalid 762 tFOTS 3.3820 tGradient 1.9290 tsec 5.5660
#FOTS# QuadFit found better minimum quadopt=(dt=36.288,rms=0.580128) vs oldopt=(dt=25.92,rms=0.580538)
#GCMRL#  221 dt  36.288000 rms  0.580  0.345% neg 0  invalid 762 tFOTS 3.6850 tGradient 2.5030 tsec 6.5240
#FOTS# QuadFit found better minimum quadopt=(dt=124.416,rms=0.578918) vs oldopt=(dt=103.68,rms=0.578921)
#GCMRL#  222 dt 124.416000 rms  0.579  0.209% neg 0  invalid 762 tFOTS 3.1560 tGradient 2.4790 tsec 5.8910
#FOTS# QuadFit found better minimum quadopt=(dt=72.3738,rms=0.577632) vs oldopt=(dt=103.68,rms=0.577844)
#GCMRL#  223 dt  72.373832 rms  0.578  0.222% neg 0  invalid 762 tFOTS 3.3400 tGradient 2.0930 tsec 5.6880
#GCMRL#  224 dt 103.680000 rms  0.577  0.153% neg 0  invalid 762 tFOTS 3.5040 tGradient 2.2880 tsec 6.0480
#GCMRL#  225 dt 103.680000 rms  0.576  0.197% neg 0  invalid 762 tFOTS 3.8300 tGradient 2.2550 tsec 6.4150
#FOTS# QuadFit found better minimum quadopt=(dt=69.6471,rms=0.574873) vs oldopt=(dt=103.68,rms=0.575035)
#GCMRL#  226 dt  69.647059 rms  0.575  0.128% neg 0  invalid 762 tFOTS 3.3620 tGradient 2.2400 tsec 5.8570
#FOTS# QuadFit found better minimum quadopt=(dt=145.152,rms=0.573457) vs oldopt=(dt=103.68,rms=0.573709)
#GCMRL#  227 dt 145.152000 rms  0.573  0.246% neg 0  invalid 762 tFOTS 3.3580 tGradient 2.0320 tsec 5.6440
#FOTS# QuadFit found better minimum quadopt=(dt=36.288,rms=0.572996) vs oldopt=(dt=25.92,rms=0.573094)
#GCMRL#  228 dt  36.288000 rms  0.573  0.080% neg 0  invalid 762 tFOTS 3.6490 tGradient 2.1010 tsec 5.9960
#GCMRL#  229 dt 414.720000 rms  0.571  0.356% neg 0  invalid 762 tFOTS 3.3310 tGradient 1.9560 tsec 5.5420
#FOTS# QuadFit found better minimum quadopt=(dt=73.931,rms=0.569128) vs oldopt=(dt=25.92,rms=0.56961)
#GCMRL#  230 dt  73.931034 rms  0.569  0.320% neg 0  invalid 762 tFOTS 3.3230 tGradient 1.9690 tsec 5.5460
#FOTS# QuadFit found better minimum quadopt=(dt=36.288,rms=0.568594) vs oldopt=(dt=25.92,rms=0.568689)
#GCMRL#  231 dt  36.288000 rms  0.569  0.094% neg 0  invalid 762 tFOTS 3.1530 tGradient 2.1230 tsec 5.5330
#FOTS# QuadFit found better minimum quadopt=(dt=331.776,rms=0.567432) vs oldopt=(dt=414.72,rms=0.567543)
#GCMRL#  232 dt 331.776000 rms  0.567  0.204% neg 0  invalid 762 tFOTS 3.3640 tGradient 2.0690 tsec 5.6880
#FOTS# QuadFit found better minimum quadopt=(dt=36.288,rms=0.566216) vs oldopt=(dt=25.92,rms=0.566455)
#GCMRL#  233 dt  36.288000 rms  0.566  0.214% neg 0  invalid 762 tFOTS 3.3590 tGradient 2.0550 tsec 5.6690
#FOTS# QuadFit found better minimum quadopt=(dt=145.152,rms=0.565355) vs oldopt=(dt=103.68,rms=0.565502)
#GCMRL#  234 dt 145.152000 rms  0.565  0.152% neg 0  invalid 762 tFOTS 3.3480 tGradient 2.0520 tsec 5.6540
#FOTS# QuadFit found better minimum quadopt=(dt=62.208,rms=0.564962) vs oldopt=(dt=103.68,rms=0.565083)
#GCMRL#  235 dt  62.208000 rms  0.565  0.069% neg 0  invalid 762 tFOTS 3.1440 tGradient 2.0170 tsec 5.4150
#FOTS# QuadFit found better minimum quadopt=(dt=331.776,rms=0.563793) vs oldopt=(dt=414.72,rms=0.56388)
#GCMRL#  236 dt 331.776000 rms  0.564  0.207% neg 0  invalid 762 tFOTS 3.3420 tGradient 1.9440 tsec 5.5420
#FOTS# QuadFit found better minimum quadopt=(dt=36.288,rms=0.563061) vs oldopt=(dt=25.92,rms=0.563203)
#GCMRL#  237 dt  36.288000 rms  0.563  0.130% neg 0  invalid 762 tFOTS 3.1620 tGradient 2.0270 tsec 5.4450
#FOTS# QuadFit found better minimum quadopt=(dt=82.944,rms=0.562703) vs oldopt=(dt=103.68,rms=0.562749)
#GCMRL#  238 dt  82.944000 rms  0.563  0.064% neg 0  invalid 762 tFOTS 3.1490 tGradient 1.9960 tsec 5.4040
#FOTS# QuadFit found better minimum quadopt=(dt=124.416,rms=0.562055) vs oldopt=(dt=103.68,rms=0.562073)
#GCMRL#  239 dt 124.416000 rms  0.562  0.115% neg 0  invalid 762 tFOTS 3.3810 tGradient 2.0230 tsec 5.6610
#FOTS# QuadFit found better minimum quadopt=(dt=36.288,rms=0.561791) vs oldopt=(dt=25.92,rms=0.561842)
#GCMRL#  240 dt  36.288000 rms  0.562  0.000% neg 0  invalid 762 tFOTS 3.1730 tGradient 1.9640 tsec 5.4100
#GCMRL#  241 dt  36.288000 rms  0.562  0.030% neg 0  invalid 762 tFOTS 0.0000 tGradient 1.9500 tsec 2.1880
#GCMRL#  242 dt  36.288000 rms  0.561  0.050% neg 0  invalid 762 tFOTS 0.0000 tGradient 1.9770 tsec 2.2290
#GCMRL#  243 dt  36.288000 rms  0.561  0.076% neg 0  invalid 762 tFOTS 0.0000 tGradient 2.0240 tsec 2.2640
#GCMRL#  244 dt  36.288000 rms  0.560  0.097% neg 0  invalid 762 tFOTS 0.0000 tGradient 1.9440 tsec 2.1930
#GCMRL#  245 dt  36.288000 rms  0.560  0.111% neg 0  invalid 762 tFOTS 0.0000 tGradient 1.9440 tsec 2.1890
#GCMRL#  246 dt  36.288000 rms  0.559  0.123% neg 0  invalid 762 tFOTS 0.0000 tGradient 1.9300 tsec 2.1700
#GCMRL#  247 dt  36.288000 rms  0.558  0.129% neg 0  invalid 762 tFOTS 0.0000 tGradient 1.9480 tsec 2.1950
#GCMRL#  248 dt  36.288000 rms  0.558  0.135% neg 0  invalid 762 tFOTS 0.0000 tGradient 1.9980 tsec 2.2610
#GCMRL#  249 dt  36.288000 rms  0.557  0.144% neg 0  invalid 762 tFOTS 0.0000 tGradient 1.8530 tsec 2.0890
#GCMRL#  250 dt  36.288000 rms  0.556  0.151% neg 0  invalid 762 tFOTS 0.0000 tGradient 1.8220 tsec 2.1030
#GCMRL#  251 dt  36.288000 rms  0.555  0.149% neg 0  invalid 762 tFOTS 0.0000 tGradient 2.0300 tsec 2.2720
#GCMRL#  252 dt  36.288000 rms  0.554  0.143% neg 0  invalid 762 tFOTS 0.0000 tGradient 1.9430 tsec 2.1780
#GCMRL#  253 dt  36.288000 rms  0.554  0.141% neg 0  invalid 762 tFOTS 0.0000 tGradient 1.9470 tsec 2.1870
#GCMRL#  254 dt  36.288000 rms  0.553  0.134% neg 0  invalid 762 tFOTS 0.0000 tGradient 1.9130 tsec 2.1540
#GCMRL#  255 dt  36.288000 rms  0.552  0.133% neg 0  invalid 762 tFOTS 0.0000 tGradient 1.9550 tsec 2.1950
#GCMRL#  256 dt  36.288000 rms  0.551  0.129% neg 0  invalid 762 tFOTS 0.0000 tGradient 1.9590 tsec 2.1940
#GCMRL#  257 dt  36.288000 rms  0.551  0.123% neg 0  invalid 762 tFOTS 0.0000 tGradient 1.9240 tsec 2.1630
#GCMRL#  258 dt  36.288000 rms  0.550  0.118% neg 0  invalid 762 tFOTS 0.0000 tGradient 2.0080 tsec 2.2470
#GCMRL#  259 dt  36.288000 rms  0.549  0.111% neg 0  invalid 762 tFOTS 0.0000 tGradient 1.9640 tsec 2.2050
#GCMRL#  260 dt  36.288000 rms  0.549  0.105% neg 0  invalid 762 tFOTS 0.0000 tGradient 1.7760 tsec 2.0140
#GCMRL#  261 dt  36.288000 rms  0.548  0.104% neg 0  invalid 762 tFOTS 0.0000 tGradient 1.7790 tsec 2.0150
#GCMRL#  262 dt  36.288000 rms  0.548  0.099% neg 0  invalid 762 tFOTS 0.0000 tGradient 1.7800 tsec 2.0230
#GCMRL#  263 dt  36.288000 rms  0.547  0.098% neg 0  invalid 762 tFOTS 0.0000 tGradient 1.7770 tsec 2.0200
#GCMRL#  264 dt  36.288000 rms  0.547  0.090% neg 0  invalid 762 tFOTS 0.0000 tGradient 1.7740 tsec 2.0180
#GCMRL#  265 dt  36.288000 rms  0.546  0.086% neg 0  invalid 762 tFOTS 0.0000 tGradient 1.8930 tsec 2.1990
#GCMRL#  266 dt  36.288000 rms  0.546  0.082% neg 0  invalid 762 tFOTS 0.0000 tGradient 1.7960 tsec 2.0360
#GCMRL#  267 dt  36.288000 rms  0.545  0.080% neg 0  invalid 762 tFOTS 0.0000 tGradient 1.7870 tsec 2.0280
#GCMRL#  268 dt  36.288000 rms  0.545  0.081% neg 0  invalid 762 tFOTS 0.0000 tGradient 1.9740 tsec 2.2180
#GCMRL#  269 dt  36.288000 rms  0.544  0.080% neg 0  invalid 762 tFOTS 0.0000 tGradient 1.9880 tsec 2.2320
#GCMRL#  270 dt  36.288000 rms  0.544  0.081% neg 0  invalid 762 tFOTS 0.0000 tGradient 1.9640 tsec 2.2710
#GCMRL#  271 dt  36.288000 rms  0.544  0.077% neg 0  invalid 762 tFOTS 0.0000 tGradient 1.9760 tsec 2.2170
#GCMRL#  272 dt  36.288000 rms  0.543  0.072% neg 0  invalid 762 tFOTS 0.0000 tGradient 1.9930 tsec 2.2320
#GCMRL#  273 dt  36.288000 rms  0.543  0.074% neg 0  invalid 762 tFOTS 0.0000 tGradient 1.9240 tsec 2.1620
#GCMRL#  274 dt  36.288000 rms  0.542  0.067% neg 0  invalid 762 tFOTS 0.0000 tGradient 1.9240 tsec 2.1660
#GCMRL#  275 dt  36.288000 rms  0.542  0.064% neg 0  invalid 762 tFOTS 0.0000 tGradient 1.9400 tsec 2.1870
#GCMRL#  276 dt  36.288000 rms  0.542  0.063% neg 0  invalid 762 tFOTS 0.0000 tGradient 1.9510 tsec 2.1970
#GCMRL#  277 dt  36.288000 rms  0.541  0.062% neg 0  invalid 762 tFOTS 0.0000 tGradient 1.9110 tsec 2.1510
#GCMRL#  278 dt  36.288000 rms  0.541  0.059% neg 0  invalid 762 tFOTS 0.0000 tGradient 1.9290 tsec 2.1710
#GCMRL#  279 dt  36.288000 rms  0.541  0.056% neg 0  invalid 762 tFOTS 0.0000 tGradient 1.9400 tsec 2.1870
#GCMRL#  280 dt  36.288000 rms  0.540  0.057% neg 0  invalid 762 tFOTS 0.0000 tGradient 1.9270 tsec 2.1850
#GCMRL#  281 dt  36.288000 rms  0.540  0.054% neg 0  invalid 762 tFOTS 0.0000 tGradient 1.9820 tsec 2.2240
#GCMRL#  282 dt  36.288000 rms  0.540  0.052% neg 0  invalid 762 tFOTS 0.0000 tGradient 1.9400 tsec 2.1860
#GCMRL#  283 dt  36.288000 rms  0.540  0.050% neg 0  invalid 762 tFOTS 0.0000 tGradient 2.0230 tsec 2.2620
#GCMRL#  284 dt  36.288000 rms  0.539  0.050% neg 0  invalid 762 tFOTS 0.0000 tGradient 1.9630 tsec 2.2020
#GCMRL#  285 dt  36.288000 rms  0.539  0.050% neg 0  invalid 762 tFOTS 0.0000 tGradient 1.9210 tsec 2.1750
#GCMRL#  286 dt  36.288000 rms  0.539  0.050% neg 0  invalid 762 tFOTS 0.0000 tGradient 1.9270 tsec 2.1710
#GCMRL#  287 dt  36.288000 rms  0.539  0.048% neg 0  invalid 762 tFOTS 0.0000 tGradient 1.9600 tsec 2.2010
#GCMRL#  288 dt  36.288000 rms  0.538  0.045% neg 0  invalid 762 tFOTS 0.0000 tGradient 1.9380 tsec 2.1770
#GCMRL#  289 dt  36.288000 rms  0.538  0.045% neg 0  invalid 762 tFOTS 0.0000 tGradient 1.9620 tsec 2.2010
#GCMRL#  290 dt  36.288000 rms  0.538  0.042% neg 0  invalid 762 tFOTS 0.0000 tGradient 1.9080 tsec 2.1470
#GCMRL#  291 dt  36.288000 rms  0.538  0.041% neg 0  invalid 762 tFOTS 0.0000 tGradient 1.9130 tsec 2.1520
#GCMRL#  292 dt  36.288000 rms  0.537  0.042% neg 0  invalid 762 tFOTS 0.0000 tGradient 1.9240 tsec 2.1630
#GCMRL#  293 dt  36.288000 rms  0.537  0.039% neg 0  invalid 762 tFOTS 0.0000 tGradient 1.9500 tsec 2.1900
#GCMRL#  294 dt  36.288000 rms  0.537  0.037% neg 0  invalid 762 tFOTS 0.0000 tGradient 1.9550 tsec 2.1950
#GCMRL#  295 dt  36.288000 rms  0.537  0.038% neg 0  invalid 762 tFOTS 0.0000 tGradient 1.9920 tsec 2.2340
#GCMRL#  296 dt  36.288000 rms  0.537  0.039% neg 0  invalid 762 tFOTS 0.0000 tGradient 2.0270 tsec 2.2580
#GCMRL#  297 dt  36.288000 rms  0.536  0.040% neg 0  invalid 762 tFOTS 0.0000 tGradient 1.9800 tsec 2.2180
#GCMRL#  298 dt  36.288000 rms  0.536  0.039% neg 0  invalid 762 tFOTS 0.0000 tGradient 1.9680 tsec 2.2070
#GCMRL#  299 dt  36.288000 rms  0.536  0.035% neg 0  invalid 762 tFOTS 0.0000 tGradient 1.9980 tsec 2.2330
#GCMRL#  300 dt  36.288000 rms  0.536  0.034% neg 0  invalid 762 tFOTS 0.0000 tGradient 1.9920 tsec 2.2250
#GCMRL#  301 dt  36.288000 rms  0.536  0.036% neg 0  invalid 762 tFOTS 0.0000 tGradient 2.0050 tsec 2.2410
#GCMRL#  302 dt  36.288000 rms  0.535  0.035% neg 0  invalid 762 tFOTS 0.0000 tGradient 1.9870 tsec 2.2200
#GCMRL#  303 dt  36.288000 rms  0.535  0.036% neg 0  invalid 762 tFOTS 0.0000 tGradient 1.9870 tsec 2.2250
#GCMRL#  304 dt  36.288000 rms  0.535  0.034% neg 0  invalid 762 tFOTS 0.0000 tGradient 1.9850 tsec 2.2230
#GCMRL#  305 dt  36.288000 rms  0.535  0.033% neg 0  invalid 762 tFOTS 0.0000 tGradient 1.9920 tsec 2.2290
#GCMRL#  306 dt  36.288000 rms  0.535  0.006% neg 0  invalid 762 tFOTS 0.0000 tGradient 2.0060 tsec 2.3670
#GCMRL#  307 dt  36.288000 rms  0.535  0.009% neg 0  invalid 762 tFOTS 0.0000 tGradient 1.9950 tsec 2.2290
#GCMRL#  308 dt  36.288000 rms  0.535  0.006% neg 0  invalid 762 tFOTS 0.0000 tGradient 2.0210 tsec 2.2770
#FOTS# QuadFit found better minimum quadopt=(dt=36.288,rms=0.534752) vs oldopt=(dt=25.92,rms=0.534754)
#GCMRL#  309 dt  36.288000 rms  0.535  0.000% neg 0  invalid 762 tFOTS 2.9520 tGradient 2.0270 tsec 5.2400
#GCMRL#  310 dt   9.072000 rms  0.535  0.000% neg 0  invalid 762 tFOTS 0.0000 tGradient 1.9810 tsec 2.5830

#GCAMreg# pass 0 level1 4 level2 1 tsec 325.424 sigma 0.5
l_jacobian=1.00 l_label=1.00 l_log_likelihood=0.20 l_smoothness=0.03 
tol=5.00e-02, dt=5.00e-02, exp_k=20.0, momentum=0.90, levels=6, niter=500, lbl_dist=10.00, avgs=64, sigma=0.5,type=2, relabel=0, neg=no

blurring input image with Gaussian with sigma=0.500...
GCAMRegisterLevel(): init RMS 0.535374
#FOTS# QuadFit found better minimum quadopt=(dt=145.152,rms=0.533103) vs oldopt=(dt=103.68,rms=0.533204)
#GCMRL#  312 dt 145.152000 rms  0.533  0.424% neg 0  invalid 762 tFOTS 3.0810 tGradient 1.9880 tsec 5.3120
#FOTS# QuadFit found better minimum quadopt=(dt=82.944,rms=0.5327) vs oldopt=(dt=103.68,rms=0.532768)
#GCMRL#  313 dt  82.944000 rms  0.533  0.076% neg 0  invalid 762 tFOTS 3.0860 tGradient 1.9770 tsec 5.3080
#FOTS# QuadFit found better minimum quadopt=(dt=145.152,rms=0.53223) vs oldopt=(dt=103.68,rms=0.532288)
#GCMRL#  314 dt 145.152000 rms  0.532  0.088% neg 0  invalid 762 tFOTS 3.0980 tGradient 1.9590 tsec 5.3040
#FOTS# QuadFit found better minimum quadopt=(dt=36.288,rms=0.5321) vs oldopt=(dt=25.92,rms=0.532128)
#GCMRL#  315 dt  36.288000 rms  0.532  0.000% neg 0  invalid 762 tFOTS 3.4980 tGradient 1.9910 tsec 5.7570
#GCMRL#  316 dt  36.288000 rms  0.532  0.017% neg 0  invalid 762 tFOTS 0.0000 tGradient 1.9720 tsec 2.2110
#GCMRL#  317 dt  36.288000 rms  0.532  0.023% neg 0  invalid 762 tFOTS 0.0000 tGradient 2.0320 tsec 2.2740
#GCMRL#  318 dt  36.288000 rms  0.532  0.035% neg 0  invalid 762 tFOTS 0.0000 tGradient 1.9900 tsec 2.2320
#GCMRL#  319 dt  36.288000 rms  0.531  0.043% neg 0  invalid 762 tFOTS 0.0000 tGradient 2.0220 tsec 2.2620
#GCMRL#  320 dt  36.288000 rms  0.531  0.046% neg 0  invalid 762 tFOTS 0.0000 tGradient 2.1600 tsec 2.3980
#GCMRL#  321 dt  36.288000 rms  0.531  0.039% neg 0  invalid 762 tFOTS 0.0000 tGradient 2.1600 tsec 2.4000
#GCMRL#  322 dt  36.288000 rms  0.531  0.039% neg 0  invalid 762 tFOTS 0.0000 tGradient 2.0230 tsec 2.2680
#GCMRL#  323 dt  36.288000 rms  0.531  0.041% neg 0  invalid 762 tFOTS 0.0000 tGradient 2.0500 tsec 2.2870
#GCMRL#  324 dt  36.288000 rms  0.530  0.037% neg 0  invalid 762 tFOTS 0.0000 tGradient 2.0370 tsec 2.2740
#GCMRL#  325 dt  36.288000 rms  0.530  0.036% neg 0  invalid 762 tFOTS 0.0000 tGradient 2.1280 tsec 2.3670
#GCMRL#  326 dt  36.288000 rms  0.530  0.035% neg 0  invalid 762 tFOTS 0.0000 tGradient 2.1210 tsec 2.3580
#GCMRL#  327 dt  36.288000 rms  0.530  0.038% neg 0  invalid 762 tFOTS 0.0000 tGradient 2.1260 tsec 2.3630
#GCMRL#  328 dt  36.288000 rms  0.530  0.039% neg 0  invalid 762 tFOTS 0.0000 tGradient 2.1090 tsec 2.3490
#GCMRL#  329 dt  36.288000 rms  0.529  0.039% neg 0  invalid 762 tFOTS 0.0000 tGradient 2.1060 tsec 2.3430
#GCMRL#  330 dt  36.288000 rms  0.529  0.041% neg 0  invalid 762 tFOTS 0.0000 tGradient 2.0730 tsec 2.3090
#GCMRL#  331 dt  36.288000 rms  0.529  0.041% neg 0  invalid 762 tFOTS 0.0000 tGradient 2.0850 tsec 2.3250
#GCMRL#  332 dt  36.288000 rms  0.529  0.037% neg 0  invalid 762 tFOTS 0.0000 tGradient 2.0470 tsec 2.2840
#GCMRL#  333 dt  36.288000 rms  0.529  0.037% neg 0  invalid 762 tFOTS 0.0000 tGradient 2.0650 tsec 2.3020
#GCMRL#  334 dt  36.288000 rms  0.528  0.036% neg 0  invalid 762 tFOTS 0.0000 tGradient 2.0770 tsec 2.3110
#GCMRL#  335 dt  36.288000 rms  0.528  0.038% neg 0  invalid 762 tFOTS 0.0000 tGradient 2.0450 tsec 2.2820
#GCMRL#  336 dt  36.288000 rms  0.528  0.040% neg 0  invalid 762 tFOTS 0.0000 tGradient 1.9800 tsec 2.2170
#GCMRL#  337 dt  36.288000 rms  0.528  0.041% neg 0  invalid 762 tFOTS 0.0000 tGradient 1.9780 tsec 2.2150
#GCMRL#  338 dt  36.288000 rms  0.528  0.038% neg 0  invalid 762 tFOTS 0.0000 tGradient 2.0160 tsec 2.2530
#GCMRL#  339 dt  36.288000 rms  0.527  0.036% neg 0  invalid 762 tFOTS 0.0000 tGradient 2.0200 tsec 2.2530
#GCMRL#  340 dt  36.288000 rms  0.527  0.035% neg 0  invalid 762 tFOTS 0.0000 tGradient 1.9730 tsec 2.2110
#GCMRL#  341 dt  36.288000 rms  0.527  0.032% neg 0  invalid 762 tFOTS 0.0000 tGradient 2.0120 tsec 2.2710
#GCMRL#  342 dt  36.288000 rms  0.527  0.031% neg 0  invalid 762 tFOTS 0.0000 tGradient 1.9960 tsec 2.2340
#GCMRL#  343 dt  36.288000 rms  0.527  0.031% neg 0  invalid 762 tFOTS 0.0000 tGradient 1.9630 tsec 2.2040
#GCMRL#  344 dt  36.288000 rms  0.527  0.030% neg 0  invalid 762 tFOTS 0.0000 tGradient 1.9850 tsec 2.2230
#GCMRL#  345 dt  36.288000 rms  0.526  0.028% neg 0  invalid 762 tFOTS 0.0000 tGradient 1.9800 tsec 2.2180
#GCMRL#  346 dt  36.288000 rms  0.526  0.027% neg 0  invalid 762 tFOTS 0.0000 tGradient 1.9890 tsec 2.2310
#GCMRL#  347 dt  36.288000 rms  0.526  0.026% neg 0  invalid 762 tFOTS 0.0000 tGradient 1.9770 tsec 2.2160
#GCMRL#  348 dt  36.288000 rms  0.526  0.026% neg 0  invalid 762 tFOTS 0.0000 tGradient 1.9780 tsec 2.2170
#GCMRL#  349 dt  36.288000 rms  0.526  0.026% neg 0  invalid 762 tFOTS 0.0000 tGradient 1.9860 tsec 2.2250
#GCMRL#  350 dt  36.288000 rms  0.526  0.027% neg 0  invalid 762 tFOTS 0.0000 tGradient 1.9950 tsec 2.2370
#GCMRL#  351 dt  36.288000 rms  0.526  0.026% neg 0  invalid 762 tFOTS 0.0000 tGradient 2.0370 tsec 2.2820
#GCMRL#  352 dt  36.288000 rms  0.525  0.026% neg 0  invalid 762 tFOTS 0.0000 tGradient 2.0050 tsec 2.2480
#GCMRL#  353 dt  36.288000 rms  0.525  0.024% neg 0  invalid 762 tFOTS 0.0000 tGradient 2.0100 tsec 2.2490
#GCMRL#  354 dt  36.288000 rms  0.525  0.022% neg 0  invalid 762 tFOTS 0.0000 tGradient 1.9900 tsec 2.2470
#FOTS# QuadFit found better minimum quadopt=(dt=145.152,rms=0.525144) vs oldopt=(dt=103.68,rms=0.525149)
#GCMRL#  355 dt 145.152000 rms  0.525  0.000% neg 0  invalid 762 tFOTS 3.2910 tGradient 1.9850 tsec 5.5480
#GCMRL#  356 dt 145.152000 rms  0.525  0.012% neg 0  invalid 762 tFOTS 0.0000 tGradient 1.9980 tsec 2.2390
#GCMRL#  357 dt 145.152000 rms  0.525  0.018% neg 0  invalid 762 tFOTS 0.0000 tGradient 1.9920 tsec 2.2320
#GCMRL#  358 dt 145.152000 rms  0.525  0.017% neg 0  invalid 762 tFOTS 0.0000 tGradient 1.9760 tsec 2.2200
#GCMRL#  359 dt 145.152000 rms  0.525  0.032% neg 0  invalid 762 tFOTS 0.0000 tGradient 2.0380 tsec 2.2830
#GCMRL#  360 dt 145.152000 rms  0.525  0.038% neg 0  invalid 762 tFOTS 0.0000 tGradient 2.0130 tsec 2.2570
#GCMRL#  361 dt 145.152000 rms  0.524  0.036% neg 0  invalid 762 tFOTS 0.0000 tGradient 1.9850 tsec 2.2250
#GCMRL#  362 dt 145.152000 rms  0.524  0.047% neg 0  invalid 762 tFOTS 0.0000 tGradient 1.9980 tsec 2.2330
#GCMRL#  363 dt 145.152000 rms  0.524  0.037% neg 0  invalid 762 tFOTS 0.0000 tGradient 2.0000 tsec 2.2370
#GCMRL#  364 dt 145.152000 rms  0.524  0.043% neg 0  invalid 762 tFOTS 0.0000 tGradient 1.9880 tsec 2.2940
#GCMRL#  365 dt 145.152000 rms  0.523  0.050% neg 0  invalid 762 tFOTS 0.0000 tGradient 1.9950 tsec 2.2390
#GCMRL#  366 dt 145.152000 rms  0.523  0.047% neg 0  invalid 762 tFOTS 0.0000 tGradient 2.0040 tsec 2.2480
#GCMRL#  367 dt 145.152000 rms  0.523  0.048% neg 0  invalid 762 tFOTS 0.0000 tGradient 2.0200 tsec 2.2630
#GCMRL#  368 dt 145.152000 rms  0.523  0.048% neg 0  invalid 762 tFOTS 0.0000 tGradient 2.0020 tsec 2.2430
#GCMRL#  369 dt 145.152000 rms  0.522  0.053% neg 0  invalid 762 tFOTS 0.0000 tGradient 1.9860 tsec 2.2290
#GCMRL#  370 dt 145.152000 rms  0.522  0.046% neg 0  invalid 762 tFOTS 0.0000 tGradient 1.9830 tsec 2.2250
#GCMRL#  371 dt 145.152000 rms  0.522  0.052% neg 0  invalid 762 tFOTS 0.0000 tGradient 2.0220 tsec 2.2630
#GCMRL#  372 dt 145.152000 rms  0.522  0.045% neg 0  invalid 762 tFOTS 0.0000 tGradient 1.9740 tsec 2.2130
#GCMRL#  373 dt 145.152000 rms  0.521  0.047% neg 0  invalid 762 tFOTS 0.0000 tGradient 2.0390 tsec 2.2810
#GCMRL#  374 dt 145.152000 rms  0.521  0.048% neg 0  invalid 762 tFOTS 0.0000 tGradient 2.0220 tsec 2.2670
#GCMRL#  375 dt 145.152000 rms  0.521  0.048% neg 0  invalid 762 tFOTS 0.0000 tGradient 2.0030 tsec 2.2520
#GCMRL#  376 dt 145.152000 rms  0.521  0.039% neg 0  invalid 762 tFOTS 0.0000 tGradient 2.0370 tsec 2.2780
#GCMRL#  377 dt 145.152000 rms  0.520  0.043% neg 0  invalid 762 tFOTS 0.0000 tGradient 2.0230 tsec 2.2640
#GCMRL#  378 dt 145.152000 rms  0.520  0.044% neg 0  invalid 762 tFOTS 0.0000 tGradient 2.0100 tsec 2.2520
#GCMRL#  379 dt 145.152000 rms  0.520  0.042% neg 0  invalid 762 tFOTS 0.0000 tGradient 2.0230 tsec 2.2710
#GCMRL#  380 dt 145.152000 rms  0.520  0.039% neg 0  invalid 762 tFOTS 0.0000 tGradient 2.0080 tsec 2.2500
#GCMRL#  381 dt 145.152000 rms  0.520  0.042% neg 0  invalid 762 tFOTS 0.0000 tGradient 1.9590 tsec 2.2010
#GCMRL#  382 dt 145.152000 rms  0.519  0.045% neg 0  invalid 762 tFOTS 0.0000 tGradient 2.0190 tsec 2.2630
#GCMRL#  383 dt 145.152000 rms  0.519  0.030% neg 0  invalid 762 tFOTS 0.0000 tGradient 1.9470 tsec 2.2570
#GCMRL#  384 dt 145.152000 rms  0.519  0.041% neg 0  invalid 762 tFOTS 0.0000 tGradient 1.9560 tsec 2.2010
#GCMRL#  385 dt 145.152000 rms  0.519  0.039% neg 0  invalid 762 tFOTS 0.0000 tGradient 2.0060 tsec 2.2600
#GCMRL#  386 dt 145.152000 rms  0.519  0.038% neg 0  invalid 762 tFOTS 0.0000 tGradient 1.9700 tsec 2.2120
#GCMRL#  387 dt 145.152000 rms  0.518  0.032% neg 0  invalid 762 tFOTS 0.0000 tGradient 1.9910 tsec 2.2340
#GCMRL#  388 dt 145.152000 rms  0.518  0.029% neg 0  invalid 762 tFOTS 0.0000 tGradient 2.0140 tsec 2.2560
#GCMRL#  389 dt 145.152000 rms  0.518  0.034% neg 0  invalid 762 tFOTS 0.0000 tGradient 2.0020 tsec 2.2450
#GCMRL#  390 dt 145.152000 rms  0.518  0.041% neg 0  invalid 762 tFOTS 0.0000 tGradient 1.9550 tsec 2.2000
#GCMRL#  391 dt 145.152000 rms  0.518  0.024% neg 0  invalid 762 tFOTS 0.0000 tGradient 1.9490 tsec 2.1870
#GCMRL#  392 dt 145.152000 rms  0.518  0.021% neg 0  invalid 762 tFOTS 0.0000 tGradient 1.9590 tsec 2.2140
#FOTS# QuadFit found better minimum quadopt=(dt=36.288,rms=0.517549) vs oldopt=(dt=25.92,rms=0.517558)
#GCMRL#  393 dt  36.288000 rms  0.518  0.000% neg 0  invalid 762 tFOTS 3.6900 tGradient 1.9630 tsec 5.9250
#GCMRL#  394 dt  36.288000 rms  0.518  0.002% neg 0  invalid 762 tFOTS 0.0000 tGradient 1.9070 tsec 2.1510
#GCMRL#  395 dt  36.288000 rms  0.518  0.003% neg 0  invalid 762 tFOTS 0.0000 tGradient 1.9020 tsec 2.1430
#GCMRL#  396 dt  36.288000 rms  0.518  0.003% neg 0  invalid 762 tFOTS 0.0000 tGradient 1.9460 tsec 2.1870
#GCMRL#  397 dt  36.288000 rms  0.517  0.004% neg 0  invalid 762 tFOTS 0.0000 tGradient 1.9010 tsec 2.1440
#GCMRL#  398 dt  36.288000 rms  0.517  0.003% neg 0  invalid 762 tFOTS 0.0000 tGradient 1.8900 tsec 2.1320
setting smoothness cost coefficient to 0.118

#GCAMreg# pass 0 level1 3 level2 0 tsec 0 sigma 2
l_jacobian=1.00 l_label=1.00 l_log_likelihood=0.20 l_smoothness=0.12 
tol=5.00e-02, dt=5.00e-02, exp_k=20.0, momentum=0.90, levels=6, niter=500, lbl_dist=10.00, avgs=16, sigma=2.0,type=2, relabel=0, neg=no

blurring input image with Gaussian with sigma=2.000...
GCAMRegisterLevel(): init RMS 0.531018
#FOTS# QuadFit found better minimum quadopt=(dt=11.2,rms=0.529863) vs oldopt=(dt=8,rms=0.529974)
#GCMRL#  400 dt  11.200000 rms  0.530  0.217% neg 0  invalid 762 tFOTS 3.1590 tGradient 1.5790 tsec 4.9910
#FOTS# QuadFit found better minimum quadopt=(dt=25.6,rms=0.529328) vs oldopt=(dt=32,rms=0.529392)
#GCMRL#  401 dt  25.600000 rms  0.529  0.101% neg 0  invalid 762 tFOTS 3.1620 tGradient 1.5750 tsec 4.9880
#FOTS# QuadFit found better minimum quadopt=(dt=44.8,rms=0.528031) vs oldopt=(dt=32,rms=0.528273)
#GCMRL#  402 dt  44.800000 rms  0.528  0.245% neg 0  invalid 762 tFOTS 3.2220 tGradient 1.4850 tsec 4.9520
#FOTS# QuadFit found better minimum quadopt=(dt=179.2,rms=0.522913) vs oldopt=(dt=128,rms=0.523616)
#GCMRL#  403 dt 179.200000 rms  0.523  0.969% neg 0  invalid 762 tFOTS 3.0680 tGradient 1.5860 tsec 4.8970
#FOTS# QuadFit found better minimum quadopt=(dt=100.721,rms=0.519683) vs oldopt=(dt=128,rms=0.519944)
#GCMRL#  404 dt 100.721311 rms  0.520  0.618% neg 0  invalid 762 tFOTS 3.2100 tGradient 1.5510 tsec 5.0050
#FOTS# QuadFit found better minimum quadopt=(dt=25.6,rms=0.517802) vs oldopt=(dt=32,rms=0.517938)
#GCMRL#  405 dt  25.600000 rms  0.518  0.362% neg 0  invalid 762 tFOTS 3.1000 tGradient 1.6200 tsec 4.9720
#FOTS# QuadFit found better minimum quadopt=(dt=44.8,rms=0.515938) vs oldopt=(dt=32,rms=0.516228)
#GCMRL#  406 dt  44.800000 rms  0.516  0.360% neg 0  invalid 762 tFOTS 3.3260 tGradient 1.5220 tsec 5.1040
#FOTS# QuadFit found better minimum quadopt=(dt=25.6,rms=0.515495) vs oldopt=(dt=32,rms=0.515522)
#GCMRL#  407 dt  25.600000 rms  0.515  0.086% neg 0  invalid 762 tFOTS 3.4720 tGradient 1.5260 tsec 5.2510
#FOTS# QuadFit found better minimum quadopt=(dt=102.4,rms=0.513837) vs oldopt=(dt=128,rms=0.513905)
#GCMRL#  408 dt 102.400000 rms  0.514  0.322% neg 0  invalid 762 tFOTS 3.1070 tGradient 1.5320 tsec 4.8830
#FOTS# QuadFit found better minimum quadopt=(dt=20.2424,rms=0.51295) vs oldopt=(dt=32,rms=0.513306)
#GCMRL#  409 dt  20.242424 rms  0.513  0.173% neg 0  invalid 762 tFOTS 3.3160 tGradient 1.5240 tsec 5.0860
#FOTS# QuadFit found better minimum quadopt=(dt=179.2,rms=0.510829) vs oldopt=(dt=128,rms=0.511082)
#GCMRL#  410 dt 179.200000 rms  0.511  0.414% neg 0  invalid 762 tFOTS 3.1190 tGradient 1.5100 tsec 4.8750
#FOTS# QuadFit found better minimum quadopt=(dt=25.6,rms=0.509747) vs oldopt=(dt=32,rms=0.509788)
#GCMRL#  411 dt  25.600000 rms  0.510  0.212% neg 0  invalid 762 tFOTS 3.1570 tGradient 1.5420 tsec 4.9530
#FOTS# QuadFit found better minimum quadopt=(dt=44.8,rms=0.508753) vs oldopt=(dt=32,rms=0.508829)
#GCMRL#  412 dt  44.800000 rms  0.509  0.195% neg 0  invalid 762 tFOTS 3.3080 tGradient 1.4820 tsec 5.0430
#FOTS# QuadFit found better minimum quadopt=(dt=25.6,rms=0.50835) vs oldopt=(dt=32,rms=0.508393)
#GCMRL#  413 dt  25.600000 rms  0.508  0.079% neg 0  invalid 762 tFOTS 3.3730 tGradient 1.4160 tsec 5.0390
#FOTS# QuadFit found better minimum quadopt=(dt=44.8,rms=0.507747) vs oldopt=(dt=32,rms=0.507862)
#GCMRL#  414 dt  44.800000 rms  0.508  0.119% neg 0  invalid 762 tFOTS 3.1360 tGradient 1.5200 tsec 4.9100
#FOTS# QuadFit found better minimum quadopt=(dt=25.6,rms=0.507538) vs oldopt=(dt=32,rms=0.507563)
#GCMRL#  415 dt  25.600000 rms  0.508  0.000% neg 0  invalid 762 tFOTS 3.4220 tGradient 1.4450 tsec 5.1370
#GCMRL#  416 dt  25.600000 rms  0.507  0.084% neg 0  invalid 762 tFOTS 0.0000 tGradient 1.4460 tsec 1.6900
#GCMRL#  417 dt  25.600000 rms  0.507  0.103% neg 0  invalid 762 tFOTS 0.0000 tGradient 1.4360 tsec 1.6810
#GCMRL#  418 dt  25.600000 rms  0.506  0.126% neg 0  invalid 762 tFOTS 0.0000 tGradient 1.4200 tsec 1.6630
#GCMRL#  419 dt  25.600000 rms  0.505  0.162% neg 0  invalid 762 tFOTS 0.0000 tGradient 1.4660 tsec 1.7090
#GCMRL#  420 dt  25.600000 rms  0.504  0.206% neg 0  invalid 762 tFOTS 0.0000 tGradient 1.4890 tsec 1.7370
#GCMRL#  421 dt  25.600000 rms  0.503  0.212% neg 0  invalid 762 tFOTS 0.0000 tGradient 1.5170 tsec 1.7600
#GCMRL#  422 dt  25.600000 rms  0.502  0.201% neg 0  invalid 762 tFOTS 0.0000 tGradient 1.4980 tsec 1.7930
#GCMRL#  423 dt  25.600000 rms  0.501  0.214% neg 0  invalid 762 tFOTS 0.0000 tGradient 1.5710 tsec 1.8140
#GCMRL#  424 dt  25.600000 rms  0.500  0.202% neg 0  invalid 762 tFOTS 0.0000 tGradient 1.4470 tsec 1.6900
#GCMRL#  425 dt  25.600000 rms  0.499  0.188% neg 0  invalid 762 tFOTS 0.0000 tGradient 1.4620 tsec 1.7160
#GCMRL#  426 dt  25.600000 rms  0.498  0.177% neg 0  invalid 762 tFOTS 0.0000 tGradient 1.4240 tsec 1.6670
#GCMRL#  427 dt  25.600000 rms  0.497  0.172% neg 0  invalid 762 tFOTS 0.0000 tGradient 1.4280 tsec 1.6680
#GCMRL#  428 dt  25.600000 rms  0.497  0.147% neg 0  invalid 762 tFOTS 0.0000 tGradient 1.4170 tsec 1.6640
#GCMRL#  429 dt  25.600000 rms  0.496  0.120% neg 0  invalid 762 tFOTS 0.0000 tGradient 1.4390 tsec 1.6920
#GCMRL#  430 dt  25.600000 rms  0.495  0.130% neg 0  invalid 762 tFOTS 0.0000 tGradient 1.4320 tsec 1.6740
#GCMRL#  431 dt  25.600000 rms  0.495  0.115% neg 0  invalid 762 tFOTS 0.0000 tGradient 1.4680 tsec 1.7120
#GCMRL#  432 dt  25.600000 rms  0.494  0.098% neg 0  invalid 762 tFOTS 0.0000 tGradient 1.4300 tsec 1.6750
#GCMRL#  433 dt  25.600000 rms  0.494  0.072% neg 0  invalid 762 tFOTS 0.0000 tGradient 1.4270 tsec 1.6720
#GCMRL#  434 dt  25.600000 rms  0.493  0.082% neg 0  invalid 762 tFOTS 0.0000 tGradient 1.4570 tsec 1.6950
#GCMRL#  435 dt  25.600000 rms  0.493  0.087% neg 0  invalid 762 tFOTS 0.0000 tGradient 1.4340 tsec 1.6740
#GCMRL#  436 dt  25.600000 rms  0.493  0.066% neg 0  invalid 762 tFOTS 0.0000 tGradient 1.4200 tsec 1.6630
#GCMRL#  437 dt  25.600000 rms  0.492  0.060% neg 0  invalid 762 tFOTS 0.0000 tGradient 1.4720 tsec 1.7170
#GCMRL#  438 dt  25.600000 rms  0.492  0.051% neg 0  invalid 762 tFOTS 0.0000 tGradient 1.4090 tsec 1.6530
#GCMRL#  439 dt  25.600000 rms  0.492  0.051% neg 0  invalid 762 tFOTS 0.0000 tGradient 1.4120 tsec 1.6510
#GCMRL#  440 dt  25.600000 rms  0.492  0.055% neg 0  invalid 762 tFOTS 0.0000 tGradient 1.4420 tsec 1.7410
#GCMRL#  441 dt  25.600000 rms  0.491  0.045% neg 0  invalid 762 tFOTS 0.0000 tGradient 1.4750 tsec 1.7110
#GCMRL#  442 dt  25.600000 rms  0.491  0.042% neg 0  invalid 762 tFOTS 0.0000 tGradient 1.3770 tsec 1.6160
#GCMRL#  443 dt   3.200000 rms  0.491  0.002% neg 0  invalid 762 tFOTS 0.0000 tGradient 1.4350 tsec 2.1630
#GCMRL#  444 dt   0.400000 rms  0.491 -0.000% neg 0  invalid 762 tFOTS 0.0000 tGradient 1.3950 tsec 2.3010
#FOTS# QuadFit found better minimum quadopt=(dt=0.175,rms=0.491201) vs oldopt=(dt=0.125,rms=0.491201)
#GCMRL#  445 dt   0.175000 rms  0.491  0.000% neg 0  invalid 762 tFOTS 2.3390 tGradient 1.3630 tsec 3.9610
#FOTS# QuadFit found better minimum quadopt=(dt=0.175,rms=0.4912) vs oldopt=(dt=0.125,rms=0.4912)

#GCAMreg# pass 0 level1 3 level2 1 tsec 148.625 sigma 0.5
l_jacobian=1.00 l_label=1.00 l_log_likelihood=0.20 l_smoothness=0.12 
tol=5.00e-02, dt=5.00e-02, exp_k=20.0, momentum=0.90, levels=6, niter=500, lbl_dist=10.00, avgs=16, sigma=0.5,type=2, relabel=0, neg=no

blurring input image with Gaussian with sigma=0.500...
GCAMRegisterLevel(): init RMS 0.491772
#FOTS# QuadFit found better minimum quadopt=(dt=59.6667,rms=0.489128) vs oldopt=(dt=32,rms=0.489411)
#GCMRL#  447 dt  59.666667 rms  0.489  0.538% neg 0  invalid 762 tFOTS 3.4510 tGradient 1.3750 tsec 5.0970
#FOTS# QuadFit found better minimum quadopt=(dt=11.2,rms=0.488891) vs oldopt=(dt=8,rms=0.488949)
#GCMRL#  448 dt  11.200000 rms  0.489  0.000% neg 0  invalid 762 tFOTS 3.0620 tGradient 1.4500 tsec 4.7700
#GCMRL#  449 dt  11.200000 rms  0.489  0.035% neg 0  invalid 762 tFOTS 0.0000 tGradient 1.3650 tsec 1.6100
#GCMRL#  450 dt  11.200000 rms  0.489  0.026% neg 0  invalid 762 tFOTS 0.0000 tGradient 1.3590 tsec 1.5980
#GCMRL#  451 dt  11.200000 rms  0.488  0.023% neg 0  invalid 762 tFOTS 0.0000 tGradient 1.4570 tsec 1.7040
#GCMRL#  452 dt  11.200000 rms  0.488  0.020% neg 0  invalid 762 tFOTS 0.0000 tGradient 1.3760 tsec 1.6340
#FOTS# QuadFit found better minimum quadopt=(dt=44.8,rms=0.488095) vs oldopt=(dt=32,rms=0.488136)
#GCMRL#  453 dt  44.800000 rms  0.488  0.059% neg 0  invalid 762 tFOTS 3.1890 tGradient 1.3600 tsec 4.8150
#FOTS# QuadFit found better minimum quadopt=(dt=38.4,rms=0.487956) vs oldopt=(dt=32,rms=0.48796)
#GCMRL#  454 dt  38.400000 rms  0.488  0.000% neg 0  invalid 762 tFOTS 3.1030 tGradient 1.5170 tsec 4.8920
#GCMRL#  455 dt  38.400000 rms  0.488  0.010% neg 0  invalid 762 tFOTS 0.0000 tGradient 1.4540 tsec 1.6940
#GCMRL#  456 dt  38.400000 rms  0.488  0.064% neg 0  invalid 762 tFOTS 0.0000 tGradient 1.5660 tsec 1.8100
#GCMRL#  457 dt  38.400000 rms  0.487  0.034% neg 0  invalid 762 tFOTS 0.0000 tGradient 1.5080 tsec 1.7500
#GCMRL#  458 dt  38.400000 rms  0.487  0.047% neg 0  invalid 762 tFOTS 0.0000 tGradient 1.5020 tsec 1.7440
#GCMRL#  459 dt  38.400000 rms  0.487  0.047% neg 0  invalid 762 tFOTS 0.0000 tGradient 1.5830 tsec 1.8290
#GCMRL#  460 dt  38.400000 rms  0.487 -0.033% neg 0  invalid 762 tFOTS 0.0000 tGradient 1.4980 tsec 2.0450
#FOTS# QuadFit found better minimum quadopt=(dt=11.2,rms=0.486928) vs oldopt=(dt=8,rms=0.486932)
#GCMRL#  461 dt  11.200000 rms  0.487  0.009% neg 0  invalid 762 tFOTS 3.2630 tGradient 1.5060 tsec 5.0160
#GCMRL#  462 dt  32.000000 rms  0.487  0.019% neg 0  invalid 762 tFOTS 3.1550 tGradient 1.4030 tsec 4.8060
#FOTS# QuadFit found better minimum quadopt=(dt=0.7,rms=0.486838) vs oldopt=(dt=0.5,rms=0.486839)
setting smoothness cost coefficient to 0.400

#GCAMreg# pass 0 level1 2 level2 0 tsec 0 sigma 2
l_jacobian=1.00 l_label=1.00 l_log_likelihood=0.20 l_smoothness=0.40 
tol=5.00e-02, dt=5.00e-02, exp_k=20.0, momentum=0.90, levels=6, niter=500, lbl_dist=10.00, avgs=4, sigma=2.0,type=2, relabel=0, neg=no

blurring input image with Gaussian with sigma=2.000...
GCAMRegisterLevel(): init RMS 0.516997
#GCMRL#  464 dt   0.000000 rms  0.516  0.110% neg 0  invalid 762 tFOTS 3.1780 tGradient 1.2880 tsec 4.7160
#GCMRL#  465 dt   0.150000 rms  0.516  0.000% neg 0  invalid 762 tFOTS 3.3280 tGradient 1.3860 tsec 5.1420

#GCAMreg# pass 0 level1 2 level2 1 tsec 21.709 sigma 0.5
l_jacobian=1.00 l_label=1.00 l_log_likelihood=0.20 l_smoothness=0.40 
tol=5.00e-02, dt=5.00e-02, exp_k=20.0, momentum=0.90, levels=6, niter=500, lbl_dist=10.00, avgs=4, sigma=0.5,type=2, relabel=0, neg=no

blurring input image with Gaussian with sigma=0.500...
GCAMRegisterLevel(): init RMS 0.516997
#GCMRL#  467 dt   0.000000 rms  0.516  0.110% neg 0  invalid 762 tFOTS 3.1320 tGradient 1.3740 tsec 4.7550
#GCMRL#  468 dt   0.150000 rms  0.516  0.000% neg 0  invalid 762 tFOTS 3.0790 tGradient 1.2650 tsec 4.7680
setting smoothness cost coefficient to 1.000

#GCAMreg# pass 0 level1 1 level2 0 tsec 0 sigma 2
l_jacobian=1.00 l_label=1.00 l_log_likelihood=0.20 l_smoothness=1.00 
tol=5.00e-02, dt=5.00e-02, exp_k=20.0, momentum=0.90, levels=6, niter=500, lbl_dist=10.00, avgs=1, sigma=2.0,type=2, relabel=0, neg=no

blurring input image with Gaussian with sigma=2.000...
GCAMRegisterLevel(): init RMS 0.574774
#FOTS# QuadFit found better minimum quadopt=(dt=2.01487,rms=0.565115) vs oldopt=(dt=1.28,rms=0.566571)
#GCMRL#  470 dt   2.014870 rms  0.565  1.680% neg 0  invalid 762 tFOTS 3.0830 tGradient 1.1130 tsec 4.4390
#FOTS# QuadFit found better minimum quadopt=(dt=0.448,rms=0.564767) vs oldopt=(dt=0.32,rms=0.564834)
#GCMRL#  471 dt   0.448000 rms  0.565  0.062% neg 0  invalid 762 tFOTS 3.0950 tGradient 1.1040 tsec 4.4450
#FOTS# QuadFit found better minimum quadopt=(dt=0.384,rms=0.564671) vs oldopt=(dt=0.32,rms=0.564673)
#GCMRL#  472 dt   0.384000 rms  0.565  0.000% neg 0  invalid 762 tFOTS 3.0950 tGradient 1.1070 tsec 4.4680

#GCAMreg# pass 0 level1 1 level2 1 tsec 25.042 sigma 0.5
l_jacobian=1.00 l_label=1.00 l_log_likelihood=0.20 l_smoothness=1.00 
tol=5.00e-02, dt=5.00e-02, exp_k=20.0, momentum=0.90, levels=6, niter=500, lbl_dist=10.00, avgs=1, sigma=0.5,type=2, relabel=0, neg=no

blurring input image with Gaussian with sigma=0.500...
GCAMRegisterLevel(): init RMS 0.565156
#FOTS# QuadFit found better minimum quadopt=(dt=1.024,rms=0.564096) vs oldopt=(dt=1.28,rms=0.564152)
#GCMRL#  474 dt   1.024000 rms  0.564  0.188% neg 0  invalid 762 tFOTS 3.0940 tGradient 1.1770 tsec 4.5170
#FOTS# QuadFit found better minimum quadopt=(dt=0.192,rms=0.564076) vs oldopt=(dt=0.32,rms=0.56408)
#GCMRL#  475 dt   0.192000 rms  0.564  0.000% neg 0  invalid 762 tFOTS 3.1120 tGradient 1.1050 tsec 4.4840
resetting metric properties...
setting smoothness cost coefficient to 2.000

#GCAMreg# pass 0 level1 0 level2 0 tsec 0 sigma 2
l_jacobian=1.00 l_label=1.00 l_log_likelihood=0.20 l_smoothness=2.00 
tol=5.00e-02, dt=5.00e-02, exp_k=20.0, momentum=0.90, levels=6, niter=500, lbl_dist=10.00, avgs=0, sigma=2.0,type=2, relabel=0, neg=no

blurring input image with Gaussian with sigma=2.000...
GCAMRegisterLevel(): init RMS 0.509915
#FOTS# QuadFit found better minimum quadopt=(dt=0.448,rms=0.497684) vs oldopt=(dt=0.32,rms=0.500859)
#GCMRL#  477 dt   0.448000 rms  0.498  2.399% neg 0  invalid 762 tFOTS 3.0070 tGradient 0.7120 tsec 3.9610
#FOTS# QuadFit found better minimum quadopt=(dt=0.448,rms=0.49438) vs oldopt=(dt=0.32,rms=0.4953)
#GCMRL#  478 dt   0.448000 rms  0.494  0.664% neg 0  invalid 762 tFOTS 2.9330 tGradient 0.6990 tsec 3.8810
#FOTS# QuadFit found better minimum quadopt=(dt=0.448,rms=0.492366) vs oldopt=(dt=0.32,rms=0.492932)
#GCMRL#  479 dt   0.448000 rms  0.492  0.407% neg 0  invalid 762 tFOTS 2.9100 tGradient 0.6680 tsec 3.8290
#FOTS# QuadFit found better minimum quadopt=(dt=0.448,rms=0.491034) vs oldopt=(dt=0.32,rms=0.49141)
#GCMRL#  480 dt   0.448000 rms  0.491  0.271% neg 0  invalid 762 tFOTS 2.9100 tGradient 0.7020 tsec 3.8690
#FOTS# QuadFit found better minimum quadopt=(dt=0.448,rms=0.490018) vs oldopt=(dt=0.32,rms=0.490301)
#GCMRL#  481 dt   0.448000 rms  0.490  0.207% neg 0  invalid 762 tFOTS 2.9420 tGradient 0.6710 tsec 3.8650
#FOTS# QuadFit found better minimum quadopt=(dt=0.545455,rms=0.489096) vs oldopt=(dt=0.32,rms=0.489471)
#GCMRL#  482 dt   0.545455 rms  0.489  0.188% neg 0  invalid 762 tFOTS 2.9570 tGradient 0.6680 tsec 3.8740
#FOTS# QuadFit found better minimum quadopt=(dt=0.448,rms=0.488506) vs oldopt=(dt=0.32,rms=0.488672)
#GCMRL#  483 dt   0.448000 rms  0.489  0.121% neg 0  invalid 762 tFOTS 2.9990 tGradient 0.6720 tsec 3.9210
#FOTS# QuadFit found better minimum quadopt=(dt=0.448,rms=0.488034) vs oldopt=(dt=0.32,rms=0.488166)
#GCMRL#  484 dt   0.448000 rms  0.488  0.097% neg 0  invalid 762 tFOTS 2.9280 tGradient 0.6980 tsec 3.8750
#FOTS# QuadFit found better minimum quadopt=(dt=0.448,rms=0.48762) vs oldopt=(dt=0.32,rms=0.487734)
#GCMRL#  485 dt   0.448000 rms  0.488  0.085% neg 0  invalid 762 tFOTS 2.9220 tGradient 0.6720 tsec 3.8400
#FOTS# QuadFit found better minimum quadopt=(dt=0.448,rms=0.487303) vs oldopt=(dt=0.32,rms=0.487393)
#GCMRL#  486 dt   0.448000 rms  0.487  0.065% neg 0  invalid 762 tFOTS 2.9120 tGradient 0.7020 tsec 3.8640
#FOTS# QuadFit found better minimum quadopt=(dt=0.448,rms=0.486991) vs oldopt=(dt=0.32,rms=0.487075)
#GCMRL#  487 dt   0.448000 rms  0.487  0.064% neg 0  invalid 762 tFOTS 2.9120 tGradient 0.6630 tsec 3.8260
#FOTS# QuadFit found better minimum quadopt=(dt=0.448,rms=0.486767) vs oldopt=(dt=0.32,rms=0.486829)
#GCMRL#  488 dt   0.448000 rms  0.487  0.000% neg 0  invalid 762 tFOTS 3.0640 tGradient 0.7020 tsec 4.0260
#GCMRL#  489 dt   0.448000 rms  0.487  0.049% neg 0  invalid 762 tFOTS 0.0000 tGradient 0.7430 tsec 0.9890
#GCMRL#  490 dt   0.448000 rms  0.486  0.077% neg 0  invalid 762 tFOTS 0.0000 tGradient 0.7530 tsec 1.0000
#GCMRL#  491 dt   0.448000 rms  0.486  0.094% neg 0  invalid 762 tFOTS 0.0000 tGradient 0.7610 tsec 1.0080
#GCMRL#  492 dt   0.448000 rms  0.485  0.107% neg 0  invalid 762 tFOTS 0.0000 tGradient 0.7500 tsec 1.0060
#GCMRL#  493 dt   0.448000 rms  0.485  0.013% neg 0  invalid 762 tFOTS 0.0000 tGradient 0.7220 tsec 1.1050
#GCMRL#  494 dt   0.448000 rms  0.485  0.016% neg 0  invalid 762 tFOTS 0.0000 tGradient 0.7180 tsec 0.9690
#GCMRL#  495 dt   0.448000 rms  0.485  0.021% neg 0  invalid 762 tFOTS 0.0000 tGradient 0.7020 tsec 0.9530
#GCMRL#  496 dt   0.448000 rms  0.485  0.030% neg 0  invalid 762 tFOTS 0.0000 tGradient 0.7080 tsec 0.9560
#GCMRL#  497 dt   0.448000 rms  0.485  0.009% neg 0  invalid 762 tFOTS 0.0000 tGradient 0.7170 tsec 1.1010
#GCMRL#  498 dt   0.448000 rms  0.485  0.013% neg 0  invalid 762 tFOTS 0.0000 tGradient 0.7130 tsec 0.9790
#GCMRL#  499 dt   0.448000 rms  0.485  0.006% neg 0  invalid 762 tFOTS 0.0000 tGradient 0.7540 tsec 1.1510
#FOTS# QuadFit found better minimum quadopt=(dt=0.384,rms=0.484623) vs oldopt=(dt=0.32,rms=0.484625)
#GCMRL#  500 dt   0.384000 rms  0.485  0.006% neg 0  invalid 762 tFOTS 2.9620 tGradient 0.7040 tsec 3.9360
#FOTS# QuadFit found better minimum quadopt=(dt=0.384,rms=0.484612) vs oldopt=(dt=0.32,rms=0.484614)
#GCMRL#  501 dt   0.384000 rms  0.485  0.000% neg 0  invalid 762 tFOTS 3.0030 tGradient 0.7020 tsec 3.9760
#GCMRL#  502 dt   0.384000 rms  0.485  0.005% neg 0  invalid 762 tFOTS 0.0000 tGradient 0.7000 tsec 0.9410
#GCMRL#  503 dt   0.384000 rms  0.485  0.007% neg 0  invalid 762 tFOTS 0.0000 tGradient 0.7070 tsec 0.9530
#GCMRL#  504 dt   0.192000 rms  0.485  0.001% neg 0  invalid 762 tFOTS 0.0000 tGradient 0.7070 tsec 1.1990
#GCMRL#  505 dt   0.192000 rms  0.485  0.005% neg 0  invalid 762 tFOTS 0.0000 tGradient 0.7070 tsec 0.9520
#GCMRL#  506 dt   0.192000 rms  0.484  0.005% neg 0  invalid 762 tFOTS 0.0000 tGradient 0.7080 tsec 0.9480

#GCAMreg# pass 0 level1 0 level2 1 tsec 81.957 sigma 0.5
l_jacobian=1.00 l_label=1.00 l_log_likelihood=0.20 l_smoothness=2.00 
tol=5.00e-02, dt=5.00e-02, exp_k=20.0, momentum=0.90, levels=6, niter=500, lbl_dist=10.00, avgs=0, sigma=0.5,type=2, relabel=0, neg=no

blurring input image with Gaussian with sigma=0.500...
GCAMRegisterLevel(): init RMS 0.485087
#FOTS# QuadFit found better minimum quadopt=(dt=0.448,rms=0.481495) vs oldopt=(dt=0.32,rms=0.482283)
#GCMRL#  508 dt   0.448000 rms  0.481  0.740% neg 0  invalid 762 tFOTS 3.0680 tGradient 0.7060 tsec 4.0240
#FOTS# QuadFit found better minimum quadopt=(dt=0.384,rms=0.481118) vs oldopt=(dt=0.32,rms=0.481176)
#GCMRL#  509 dt   0.384000 rms  0.481  0.078% neg 0  invalid 762 tFOTS 2.9440 tGradient 0.6970 tsec 3.8920
#FOTS# QuadFit found better minimum quadopt=(dt=0.384,rms=0.480941) vs oldopt=(dt=0.32,rms=0.480968)
#GCMRL#  510 dt   0.384000 rms  0.481  0.000% neg 0  invalid 762 tFOTS 2.9300 tGradient 0.6970 tsec 3.8960
#GCMRL#  511 dt   0.384000 rms  0.481  0.015% neg 0  invalid 762 tFOTS 0.0000 tGradient 0.6950 tsec 0.9350
#GCMRL#  512 dt   0.384000 rms  0.481  0.020% neg 0  invalid 762 tFOTS 0.0000 tGradient 0.6990 tsec 0.9440
GCAMregister done in 22.0201 min
********************* ALLOWING NEGATIVE NODES IN DEFORMATION********************************
noneg post
Starting GCAMregister()
label assignment complete, 0 changed (0.00%)
npasses = 1, nlevels = 6
#pass# 1 of 1 ************************
enabling zero nodes
setting smoothness cost coefficient to 0.008

#GCAMreg# pass 0 level1 5 level2 0 tsec 0 sigma 2
l_jacobian=1.00 l_label=1.00 l_log_likelihood=0.20 l_smoothness=0.01 
tol=2.50e-01, dt=5.00e-02, exp_k=20.0, momentum=0.90, levels=6, niter=500, lbl_dist=10.00, avgs=256, sigma=2.0,type=2, relabel=0, neg=yes

blurring input image with Gaussian with sigma=2.000...
GCAMRegisterLevel(): init RMS 0.478758
#GCMRL#  514 dt  23.120000 rms  0.478  0.131% neg 0  invalid 762 tFOTS 3.7570 tGradient 1.9940 tsec 6.0050
#FOTS# QuadFit found better minimum quadopt=(dt=32.368,rms=0.478122) vs oldopt=(dt=23.12,rms=0.478123)
#GCMRL#  515 dt  32.368000 rms  0.478  0.000% neg 0  invalid 762 tFOTS 3.7780 tGradient 1.9800 tsec 6.0270
#GCMRL#  516 dt  32.368000 rms  0.478  0.002% neg 0  invalid 762 tFOTS 0.0000 tGradient 1.9900 tsec 2.2310
#GCMRL#  517 dt  32.368000 rms  0.478  0.004% neg 0  invalid 762 tFOTS 0.0000 tGradient 1.9950 tsec 2.2360
#GCMRL#  518 dt  32.368000 rms  0.478  0.003% neg 0  invalid 762 tFOTS 0.0000 tGradient 1.9850 tsec 2.2260
#GCMRL#  519 dt  32.368000 rms  0.478  0.004% neg 0  invalid 762 tFOTS 0.0000 tGradient 2.0000 tsec 2.2380
#GCMRL#  520 dt  32.368000 rms  0.478  0.007% neg 0  invalid 762 tFOTS 0.0000 tGradient 1.9800 tsec 2.2180
#GCMRL#  521 dt  32.368000 rms  0.478  0.008% neg 0  invalid 762 tFOTS 0.0000 tGradient 1.9900 tsec 2.2340
#GCMRL#  522 dt  32.368000 rms  0.478  0.014% neg 0  invalid 762 tFOTS 0.0000 tGradient 1.9900 tsec 2.2420
#GCMRL#  523 dt  32.368000 rms  0.478  0.015% neg 0  invalid 762 tFOTS 0.0000 tGradient 1.9830 tsec 2.2270

#GCAMreg# pass 0 level1 5 level2 1 tsec 38.124 sigma 0.5
l_jacobian=1.00 l_label=1.00 l_log_likelihood=0.20 l_smoothness=0.01 
tol=2.50e-01, dt=5.00e-02, exp_k=20.0, momentum=0.90, levels=6, niter=500, lbl_dist=10.00, avgs=256, sigma=0.5,type=2, relabel=0, neg=yes

blurring input image with Gaussian with sigma=0.500...
GCAMRegisterLevel(): init RMS 0.478413
#FOTS# QuadFit found better minimum quadopt=(dt=129.472,rms=0.477164) vs oldopt=(dt=92.48,rms=0.477289)
#GCMRL#  525 dt 129.472000 rms  0.477  0.261% neg 0  invalid 762 tFOTS 3.5370 tGradient 1.9280 tsec 5.7150
#GCMRL#  526 dt 369.920000 rms  0.477  0.000% neg 0  invalid 762 tFOTS 3.5250 tGradient 1.9340 tsec 5.7250
setting smoothness cost coefficient to 0.031

#GCAMreg# pass 0 level1 4 level2 0 tsec 0 sigma 2
l_jacobian=1.00 l_label=1.00 l_log_likelihood=0.20 l_smoothness=0.03 
tol=2.50e-01, dt=5.00e-02, exp_k=20.0, momentum=0.90, levels=6, niter=500, lbl_dist=10.00, avgs=64, sigma=2.0,type=2, relabel=0, neg=yes

blurring input image with Gaussian with sigma=2.000...
GCAMRegisterLevel(): init RMS 0.477339
#FOTS# QuadFit found better minimum quadopt=(dt=36.288,rms=0.476232) vs oldopt=(dt=25.92,rms=0.476325)
#GCMRL#  528 dt  36.288000 rms  0.476  0.232% neg 0  invalid 762 tFOTS 3.5820 tGradient 1.5300 tsec 5.3660
#GCMRL#  529 dt 103.680000 rms  0.475  0.000% neg 0  invalid 762 tFOTS 3.5640 tGradient 1.5920 tsec 5.4250
iter 0, gcam->neg = 1
after 0 iterations, nbhd size=0, neg = 0
#GCMRL#  530 dt 103.680000 rms  0.475  0.127% neg 0  invalid 762 tFOTS 0.0000 tGradient 1.5720 tsec 2.5290
#GCMRL#  531 dt 103.680000 rms  0.474  0.210% neg 0  invalid 762 tFOTS 0.0000 tGradient 1.4940 tsec 1.7390
#GCMRL#  532 dt 103.680000 rms  0.473  0.148% neg 0  invalid 762 tFOTS 0.0000 tGradient 1.5170 tsec 1.7530
#GCMRL#  533 dt 103.680000 rms  0.473  0.010% neg 0  invalid 762 tFOTS 0.0000 tGradient 1.4950 tsec 1.7370
iter 0, gcam->neg = 4
after 7 iterations, nbhd size=1, neg = 0
#GCMRL#  534 dt 103.680000 rms  0.473  0.020% neg 0  invalid 762 tFOTS 0.0000 tGradient 1.4940 tsec 4.6700
iter 0, gcam->neg = 2
after 4 iterations, nbhd size=0, neg = 0
#GCMRL#  535 dt 103.680000 rms  0.473  0.024% neg 0  invalid 762 tFOTS 0.0000 tGradient 1.5520 tsec 3.7940
iter 0, gcam->neg = 6
after 12 iterations, nbhd size=1, neg = 0
#GCMRL#  536 dt 103.680000 rms  0.473  0.061% neg 0  invalid 762 tFOTS 0.0000 tGradient 1.5260 tsec 6.2810
iter 0, gcam->neg = 4
after 3 iterations, nbhd size=0, neg = 0
#GCMRL#  537 dt 103.680000 rms  0.473 -0.027% neg 0  invalid 762 tFOTS 0.0000 tGradient 1.6150 tsec 3.7140
#FOTS# QuadFit found better minimum quadopt=(dt=36.288,rms=0.472382) vs oldopt=(dt=25.92,rms=0.47241)
#GCMRL#  538 dt  36.288000 rms  0.472  0.050% neg 0  invalid 762 tFOTS 3.6280 tGradient 1.6200 tsec 5.5030
#GCMRL#  539 dt 414.720000 rms  0.471  0.244% neg 0  invalid 762 tFOTS 3.6190 tGradient 1.6120 tsec 5.4850
#FOTS# QuadFit found better minimum quadopt=(dt=36.288,rms=0.470815) vs oldopt=(dt=25.92,rms=0.470849)

#GCAMreg# pass 0 level1 4 level2 1 tsec 59.9 sigma 0.5
l_jacobian=1.00 l_label=1.00 l_log_likelihood=0.20 l_smoothness=0.03 
tol=2.50e-01, dt=5.00e-02, exp_k=20.0, momentum=0.90, levels=6, niter=500, lbl_dist=10.00, avgs=64, sigma=0.5,type=2, relabel=0, neg=yes

blurring input image with Gaussian with sigma=0.500...
GCAMRegisterLevel(): init RMS 0.471356
#FOTS# QuadFit found better minimum quadopt=(dt=132.267,rms=0.468295) vs oldopt=(dt=103.68,rms=0.468386)
iter 0, gcam->neg = 1
after 5 iterations, nbhd size=0, neg = 0
#GCMRL#  541 dt 132.266667 rms  0.468  0.648% neg 0  invalid 762 tFOTS 3.7930 tGradient 1.6870 tsec 8.0080
#FOTS# QuadFit found better minimum quadopt=(dt=79.4631,rms=0.467347) vs oldopt=(dt=103.68,rms=0.467431)
#GCMRL#  542 dt  79.463087 rms  0.467  0.000% neg 0  invalid 762 tFOTS 3.7800 tGradient 1.5440 tsec 5.5950
#GCMRL#  543 dt  79.463087 rms  0.467  0.079% neg 0  invalid 762 tFOTS 0.0000 tGradient 1.5110 tsec 1.7490
#GCMRL#  544 dt  79.463087 rms  0.466  0.149% neg 0  invalid 762 tFOTS 0.0000 tGradient 1.5190 tsec 1.7620
#GCMRL#  545 dt  79.463087 rms  0.465  0.191% neg 0  invalid 762 tFOTS 0.0000 tGradient 1.4810 tsec 1.7250
#GCMRL#  546 dt  79.463087 rms  0.465  0.127% neg 0  invalid 762 tFOTS 0.0000 tGradient 1.4840 tsec 1.7300
#GCMRL#  547 dt  79.463087 rms  0.464  0.082% neg 0  invalid 762 tFOTS 0.0000 tGradient 1.4820 tsec 1.7250
#GCMRL#  548 dt  79.463087 rms  0.464  0.090% neg 0  invalid 762 tFOTS 0.0000 tGradient 1.4810 tsec 1.7260
#GCMRL#  549 dt  79.463087 rms  0.464  0.074% neg 0  invalid 762 tFOTS 0.0000 tGradient 1.4870 tsec 1.7520
#FOTS# QuadFit found better minimum quadopt=(dt=36.288,rms=0.46359) vs oldopt=(dt=25.92,rms=0.463602)
#GCMRL#  550 dt  36.288000 rms  0.464  0.000% neg 0  invalid 762 tFOTS 3.9430 tGradient 1.4860 tsec 5.7470
#GCMRL#  551 dt  36.288000 rms  0.464  0.012% neg 0  invalid 762 tFOTS 0.0000 tGradient 1.5570 tsec 1.8020
#GCMRL#  552 dt  36.288000 rms  0.463  0.020% neg 0  invalid 762 tFOTS 0.0000 tGradient 1.5410 tsec 1.7860
#GCMRL#  553 dt  36.288000 rms  0.463  0.024% neg 0  invalid 762 tFOTS 0.0000 tGradient 1.5710 tsec 1.8160
#GCMRL#  554 dt  36.288000 rms  0.463  0.026% neg 0  invalid 762 tFOTS 0.0000 tGradient 1.4860 tsec 1.7310
#GCMRL#  555 dt  36.288000 rms  0.463  0.028% neg 0  invalid 762 tFOTS 0.0000 tGradient 1.4830 tsec 1.7270
#GCMRL#  556 dt  36.288000 rms  0.463  0.027% neg 0  invalid 762 tFOTS 0.0000 tGradient 1.4920 tsec 1.7340
setting smoothness cost coefficient to 0.118

#GCAMreg# pass 0 level1 3 level2 0 tsec 0 sigma 2
l_jacobian=1.00 l_label=1.00 l_log_likelihood=0.20 l_smoothness=0.12 
tol=2.50e-01, dt=5.00e-02, exp_k=20.0, momentum=0.90, levels=6, niter=500, lbl_dist=10.00, avgs=16, sigma=2.0,type=2, relabel=0, neg=yes

blurring input image with Gaussian with sigma=2.000...
GCAMRegisterLevel(): init RMS 0.464548
#GCMRL#  558 dt  32.000000 rms  0.463  0.416% neg 0  invalid 762 tFOTS 3.8690 tGradient 1.3210 tsec 5.4460
#FOTS# QuadFit found better minimum quadopt=(dt=123.578,rms=0.458723) vs oldopt=(dt=128,rms=0.458736)
iter 0, gcam->neg = 12
after 3 iterations, nbhd size=0, neg = 0
#GCMRL#  559 dt 123.577735 rms  0.459  0.840% neg 0  invalid 762 tFOTS 3.8500 tGradient 1.3130 tsec 7.0620
#FOTS# QuadFit found better minimum quadopt=(dt=21.967,rms=0.457791) vs oldopt=(dt=32,rms=0.458076)
iter 0, gcam->neg = 1
after 0 iterations, nbhd size=0, neg = 0
#GCMRL#  560 dt  21.966997 rms  0.458  0.000% neg 0  invalid 762 tFOTS 3.8200 tGradient 1.3690 tsec 6.1340
#GCMRL#  561 dt  21.966997 rms  0.457  0.212% neg 0  invalid 762 tFOTS 0.0000 tGradient 1.3540 tsec 1.5960
iter 0, gcam->neg = 1
after 3 iterations, nbhd size=0, neg = 0
#GCMRL#  562 dt  21.966997 rms  0.456  0.258% neg 0  invalid 762 tFOTS 0.0000 tGradient 1.3460 tsec 3.2420
iter 0, gcam->neg = 3
after 10 iterations, nbhd size=1, neg = 0
#GCMRL#  563 dt  21.966997 rms  0.454  0.291% neg 0  invalid 762 tFOTS 0.0000 tGradient 1.4610 tsec 5.5790
iter 0, gcam->neg = 5
after 4 iterations, nbhd size=0, neg = 0
#GCMRL#  564 dt  21.966997 rms  0.453  0.304% neg 0  invalid 762 tFOTS 0.0000 tGradient 1.3520 tsec 3.5620
iter 0, gcam->neg = 4
after 2 iterations, nbhd size=0, neg = 0
#GCMRL#  565 dt  21.966997 rms  0.452  0.257% neg 0  invalid 762 tFOTS 0.0000 tGradient 1.3110 tsec 2.8750
iter 0, gcam->neg = 8
after 5 iterations, nbhd size=0, neg = 0
#GCMRL#  566 dt  21.966997 rms  0.451  0.212% neg 0  invalid 762 tFOTS 0.0000 tGradient 1.3140 tsec 3.8360
iter 0, gcam->neg = 7
after 6 iterations, nbhd size=0, neg = 0
#GCMRL#  567 dt  21.966997 rms  0.450  0.140% neg 0  invalid 762 tFOTS 0.0000 tGradient 1.3750 tsec 4.2250
iter 0, gcam->neg = 14
after 14 iterations, nbhd size=1, neg = 0
#GCMRL#  568 dt  21.966997 rms  0.450  0.089% neg 0  invalid 762 tFOTS 0.0000 tGradient 1.3040 tsec 6.8060
iter 0, gcam->neg = 10
after 7 iterations, nbhd size=0, neg = 0
#GCMRL#  569 dt  21.966997 rms  0.449  0.127% neg 0  invalid 762 tFOTS 0.0000 tGradient 1.5800 tsec 4.8500
iter 0, gcam->neg = 7
after 5 iterations, nbhd size=0, neg = 0
#GCMRL#  570 dt  21.966997 rms  0.449  0.155% neg 0  invalid 762 tFOTS 0.0000 tGradient 1.2770 tsec 3.8120
iter 0, gcam->neg = 10
after 11 iterations, nbhd size=1, neg = 0
#GCMRL#  571 dt  21.966997 rms  0.448  0.166% neg 0  invalid 762 tFOTS 0.0000 tGradient 1.3510 tsec 5.8350
iter 0, gcam->neg = 20
after 13 iterations, nbhd size=1, neg = 0
#GCMRL#  572 dt  21.966997 rms  0.447  0.130% neg 0  invalid 762 tFOTS 0.0000 tGradient 1.3950 tsec 6.4850
iter 0, gcam->neg = 14
after 15 iterations, nbhd size=1, neg = 0
#GCMRL#  573 dt  21.966997 rms  0.447  0.119% neg 0  invalid 762 tFOTS 0.0000 tGradient 1.3370 tsec 7.1130
iter 0, gcam->neg = 21
after 5 iterations, nbhd size=0, neg = 0
#GCMRL#  574 dt  21.966997 rms  0.446  0.102% neg 0  invalid 762 tFOTS 0.0000 tGradient 1.3440 tsec 3.9330
#FOTS# QuadFit found better minimum quadopt=(dt=25.6,rms=0.446054) vs oldopt=(dt=32,rms=0.446056)
iter 0, gcam->neg = 1
after 0 iterations, nbhd size=0, neg = 0
#GCMRL#  575 dt  25.600000 rms  0.446  0.000% neg 0  invalid 762 tFOTS 3.5440 tGradient 1.3590 tsec 5.8500
iter 0, gcam->neg = 3
after 4 iterations, nbhd size=0, neg = 0
#GCMRL#  576 dt  25.600000 rms  0.446  0.002% neg 0  invalid 762 tFOTS 0.0000 tGradient 1.3610 tsec 3.5600
iter 0, gcam->neg = 4
after 6 iterations, nbhd size=0, neg = 0
#GCMRL#  577 dt  25.600000 rms  0.446  0.011% neg 0  invalid 762 tFOTS 0.0000 tGradient 1.3240 tsec 4.2040
iter 0, gcam->neg = 3
after 7 iterations, nbhd size=0, neg = 0
#GCMRL#  578 dt  25.600000 rms  0.446  0.007% neg 0  invalid 762 tFOTS 0.0000 tGradient 1.3290 tsec 4.5070
iter 0, gcam->neg = 6
after 17 iterations, nbhd size=1, neg = 0
#GCMRL#  579 dt  25.600000 rms  0.446  0.026% neg 0  invalid 762 tFOTS 0.0000 tGradient 1.3740 tsec 7.7610
iter 0, gcam->neg = 2
after 1 iterations, nbhd size=0, neg = 0

#GCAMreg# pass 0 level1 3 level2 1 tsec 116.851 sigma 0.5
l_jacobian=1.00 l_label=1.00 l_log_likelihood=0.20 l_smoothness=0.12 
tol=2.50e-01, dt=5.00e-02, exp_k=20.0, momentum=0.90, levels=6, niter=500, lbl_dist=10.00, avgs=16, sigma=0.5,type=2, relabel=0, neg=yes

blurring input image with Gaussian with sigma=0.500...
GCAMRegisterLevel(): init RMS 0.446449
#FOTS# QuadFit found better minimum quadopt=(dt=58.0645,rms=0.443028) vs oldopt=(dt=32,rms=0.443421)
#GCMRL#  581 dt  58.064516 rms  0.443  0.766% neg 0  invalid 762 tFOTS 3.7020 tGradient 1.3230 tsec 5.2710
#FOTS# QuadFit found better minimum quadopt=(dt=24.5895,rms=0.4423) vs oldopt=(dt=32,rms=0.442428)
#GCMRL#  582 dt  24.589474 rms  0.442  0.000% neg 0  invalid 762 tFOTS 3.6430 tGradient 1.3240 tsec 5.2280
iter 0, gcam->neg = 1
after 0 iterations, nbhd size=0, neg = 0
#GCMRL#  583 dt  24.589474 rms  0.442  0.122% neg 0  invalid 762 tFOTS 0.0000 tGradient 1.2820 tsec 2.1970
iter 0, gcam->neg = 1
after 4 iterations, nbhd size=0, neg = 0
#GCMRL#  584 dt  24.589474 rms  0.441  0.109% neg 0  invalid 762 tFOTS 0.0000 tGradient 1.3210 tsec 3.5770
iter 0, gcam->neg = 1
after 2 iterations, nbhd size=0, neg = 0
#GCMRL#  585 dt  24.589474 rms  0.441  0.096% neg 0  invalid 762 tFOTS 0.0000 tGradient 1.3490 tsec 2.9370
#FOTS# QuadFit found better minimum quadopt=(dt=19.2,rms=0.440642) vs oldopt=(dt=32,rms=0.440713)
setting smoothness cost coefficient to 0.400

#GCAMreg# pass 0 level1 2 level2 0 tsec 0 sigma 2
l_jacobian=1.00 l_label=1.00 l_log_likelihood=0.20 l_smoothness=0.40 
tol=2.50e-01, dt=5.00e-02, exp_k=20.0, momentum=0.90, levels=6, niter=500, lbl_dist=10.00, avgs=4, sigma=2.0,type=2, relabel=0, neg=yes

blurring input image with Gaussian with sigma=2.000...
GCAMRegisterLevel(): init RMS 0.450268
#FOTS# QuadFit found better minimum quadopt=(dt=2.24,rms=0.449612) vs oldopt=(dt=2.88,rms=0.449629)
#GCMRL#  587 dt   2.240000 rms  0.450  0.146% neg 0  invalid 762 tFOTS 3.8110 tGradient 1.2650 tsec 5.3270
iter 0, gcam->neg = 1
after 0 iterations, nbhd size=0, neg = 0
#GCMRL#  588 dt   0.720000 rms  0.450  0.000% neg 0  invalid 762 tFOTS 3.5660 tGradient 1.2010 tsec 5.7410

#GCAMreg# pass 0 level1 2 level2 1 tsec 18.684 sigma 0.5
l_jacobian=1.00 l_label=1.00 l_log_likelihood=0.20 l_smoothness=0.40 
tol=2.50e-01, dt=5.00e-02, exp_k=20.0, momentum=0.90, levels=6, niter=500, lbl_dist=10.00, avgs=4, sigma=0.5,type=2, relabel=0, neg=yes

blurring input image with Gaussian with sigma=0.500...
GCAMRegisterLevel(): init RMS 0.450185
#FOTS# QuadFit found better minimum quadopt=(dt=5.88235,rms=0.449114) vs oldopt=(dt=2.88,rms=0.4492)
#GCMRL#  590 dt   5.882353 rms  0.449  0.238% neg 0  invalid 762 tFOTS 3.7740 tGradient 1.2060 tsec 5.2240
#FOTS# QuadFit found better minimum quadopt=(dt=4.032,rms=0.448949) vs oldopt=(dt=2.88,rms=0.448965)
#GCMRL#  591 dt   4.032000 rms  0.449  0.000% neg 0  invalid 762 tFOTS 4.1100 tGradient 1.2150 tsec 5.5930
iter 0, gcam->neg = 1
after 3 iterations, nbhd size=0, neg = 0
#GCMRL#  592 dt   4.032000 rms  0.449  0.022% neg 0  invalid 762 tFOTS 0.0000 tGradient 1.1970 tsec 3.1930
iter 0, gcam->neg = 1
after 2 iterations, nbhd size=0, neg = 0
setting smoothness cost coefficient to 1.000

#GCAMreg# pass 0 level1 1 level2 0 tsec 0 sigma 2
l_jacobian=1.00 l_label=1.00 l_log_likelihood=0.20 l_smoothness=1.00 
tol=2.50e-01, dt=5.00e-02, exp_k=20.0, momentum=0.90, levels=6, niter=500, lbl_dist=10.00, avgs=1, sigma=2.0,type=2, relabel=0, neg=yes

blurring input image with Gaussian with sigma=2.000...
GCAMRegisterLevel(): init RMS 0.459889
#GCMRL#  594 dt   0.000050 rms  0.459  0.138% neg 0  invalid 762 tFOTS 4.7700 tGradient 1.0880 tsec 6.1130

#GCAMreg# pass 0 level1 1 level2 1 tsec 17.379 sigma 0.5
l_jacobian=1.00 l_label=1.00 l_log_likelihood=0.20 l_smoothness=1.00 
tol=2.50e-01, dt=5.00e-02, exp_k=20.0, momentum=0.90, levels=6, niter=500, lbl_dist=10.00, avgs=1, sigma=0.5,type=2, relabel=0, neg=yes

blurring input image with Gaussian with sigma=0.500...
GCAMRegisterLevel(): init RMS 0.459889
#FOTS# QuadFit found better minimum quadopt=(dt=0.768,rms=0.458991) vs oldopt=(dt=1.28,rms=0.459081)
#GCMRL#  596 dt   0.768000 rms  0.459  0.195% neg 0  invalid 762 tFOTS 3.7990 tGradient 1.0980 tsec 5.1520
#FOTS# QuadFit found better minimum quadopt=(dt=0.384,rms=0.458955) vs oldopt=(dt=0.32,rms=0.458957)
#GCMRL#  597 dt   0.384000 rms  0.459  0.000% neg 0  invalid 762 tFOTS 3.8070 tGradient 1.1000 tsec 5.1850
#GCMRL#  598 dt   0.384000 rms  0.459  0.001% neg 0  invalid 762 tFOTS 0.0000 tGradient 1.0930 tsec 1.3390
resetting metric properties...
setting smoothness cost coefficient to 2.000

#GCAMreg# pass 0 level1 0 level2 0 tsec 0 sigma 2
l_jacobian=1.00 l_label=1.00 l_log_likelihood=0.20 l_smoothness=2.00 
tol=2.50e-01, dt=5.00e-02, exp_k=20.0, momentum=0.90, levels=6, niter=500, lbl_dist=10.00, avgs=0, sigma=2.0,type=2, relabel=0, neg=yes

blurring input image with Gaussian with sigma=2.000...
GCAMRegisterLevel(): init RMS 0.446327
#FOTS# QuadFit found better minimum quadopt=(dt=2.0585,rms=0.422211) vs oldopt=(dt=1.28,rms=0.425761)
iter 0, gcam->neg = 438
after 16 iterations, nbhd size=1, neg = 0
#GCMRL#  600 dt   2.058503 rms  0.423  5.282% neg 0  invalid 762 tFOTS 3.7820 tGradient 0.6890 tsec 10.7460
#FOTS# QuadFit found better minimum quadopt=(dt=0.064,rms=0.422651) vs oldopt=(dt=0.08,rms=0.422666)
#GCMRL#  601 dt   0.064000 rms  0.423  0.000% neg 0  invalid 762 tFOTS 3.7840 tGradient 0.8690 tsec 4.9170

#GCAMreg# pass 0 level1 0 level2 1 tsec 22.838 sigma 0.5
l_jacobian=1.00 l_label=1.00 l_log_likelihood=0.20 l_smoothness=2.00 
tol=2.50e-01, dt=5.00e-02, exp_k=20.0, momentum=0.90, levels=6, niter=500, lbl_dist=10.00, avgs=0, sigma=0.5,type=2, relabel=0, neg=yes

blurring input image with Gaussian with sigma=0.500...
GCAMRegisterLevel(): init RMS 0.423349
#FOTS# QuadFit found better minimum quadopt=(dt=0.064,rms=0.422557) vs oldopt=(dt=0.08,rms=0.42257)
#GCMRL#  603 dt   0.064000 rms  0.423  0.187% neg 0  invalid 762 tFOTS 3.7510 tGradient 0.7500 tsec 4.7470
#GCMRL#  604 dt   0.050000 rms  0.423  0.000% neg 0  invalid 762 tFOTS 3.5630 tGradient 0.7700 tsec 4.6050
label assignment complete, 0 changed (0.00%)
GCAMregister done in 6.72765 min
Starting GCAMcomputeMaxPriorLabels()
Morphing with label term set to 0 *******************************
Starting GCAMregister()
label assignment complete, 0 changed (0.00%)
npasses = 1, nlevels = 6
#pass# 1 of 1 ************************
enabling zero nodes
setting smoothness cost coefficient to 0.008

#GCAMreg# pass 0 level1 5 level2 0 tsec 0 sigma 2
l_jacobian=1.00 l_log_likelihood=0.20 l_smoothness=0.01 
tol=2.50e-01, dt=5.00e-02, exp_k=20.0, momentum=0.90, levels=6, niter=500, lbl_dist=10.00, avgs=256, sigma=2.0,type=2, relabel=0, neg=yes

blurring input image with Gaussian with sigma=2.000...
GCAMRegisterLevel(): init RMS 0.410782

#GCAMreg# pass 0 level1 5 level2 1 tsec 10.998 sigma 0.5
l_jacobian=1.00 l_log_likelihood=0.20 l_smoothness=0.01 
tol=2.50e-01, dt=5.00e-02, exp_k=20.0, momentum=0.90, levels=6, niter=500, lbl_dist=10.00, avgs=256, sigma=0.5,type=2, relabel=0, neg=yes

blurring input image with Gaussian with sigma=0.500...
GCAMRegisterLevel(): init RMS 0.410782
#FOTS# QuadFit found better minimum quadopt=(dt=32.368,rms=0.410778) vs oldopt=(dt=23.12,rms=0.410778)
#GCMRL#  607 dt  32.368000 rms  0.411  0.001% neg 0  invalid 762 tFOTS 3.3970 tGradient 1.4740 tsec 5.1020
#FOTS# QuadFit found better minimum quadopt=(dt=32.368,rms=0.410775) vs oldopt=(dt=23.12,rms=0.410775)
#GCMRL#  608 dt  32.368000 rms  0.411  0.000% neg 0  invalid 762 tFOTS 3.3970 tGradient 1.4460 tsec 5.0900
#GCMRL#  609 dt  32.368000 rms  0.411  0.001% neg 0  invalid 762 tFOTS 0.0000 tGradient 1.4430 tsec 1.6610
#GCMRL#  610 dt  32.368000 rms  0.411  0.001% neg 0  invalid 762 tFOTS 0.0000 tGradient 1.4450 tsec 1.6630
#GCMRL#  611 dt  32.368000 rms  0.411  0.001% neg 0  invalid 762 tFOTS 0.0000 tGradient 1.4730 tsec 1.6940
#GCMRL#  612 dt  32.368000 rms  0.411  0.002% neg 0  invalid 762 tFOTS 0.0000 tGradient 1.4470 tsec 1.6670
#GCMRL#  613 dt  32.368000 rms  0.411  0.004% neg 0  invalid 762 tFOTS 0.0000 tGradient 1.4660 tsec 1.6860
#GCMRL#  614 dt  32.368000 rms  0.411  0.005% neg 0  invalid 762 tFOTS 0.0000 tGradient 1.5120 tsec 1.7390
#GCMRL#  615 dt  32.368000 rms  0.411  0.005% neg 0  invalid 762 tFOTS 0.0000 tGradient 1.5340 tsec 1.7580
setting smoothness cost coefficient to 0.031

#GCAMreg# pass 0 level1 4 level2 0 tsec 0 sigma 2
l_jacobian=1.00 l_log_likelihood=0.20 l_smoothness=0.03 
tol=2.50e-01, dt=5.00e-02, exp_k=20.0, momentum=0.90, levels=6, niter=500, lbl_dist=10.00, avgs=64, sigma=2.0,type=2, relabel=0, neg=yes

blurring input image with Gaussian with sigma=2.000...
GCAMRegisterLevel(): init RMS 0.410824
#FOTS# QuadFit found better minimum quadopt=(dt=0.00885937,rms=0.410824) vs oldopt=(dt=0.00632812,rms=0.410824)
#GCMRL#  617 dt   0.008859 rms  0.411  0.000% neg 0  invalid 762 tFOTS 3.4080 tGradient 1.1550 tsec 4.7960

#GCAMreg# pass 0 level1 4 level2 1 tsec 15.569 sigma 0.5
l_jacobian=1.00 l_log_likelihood=0.20 l_smoothness=0.03 
tol=2.50e-01, dt=5.00e-02, exp_k=20.0, momentum=0.90, levels=6, niter=500, lbl_dist=10.00, avgs=64, sigma=0.5,type=2, relabel=0, neg=yes

blurring input image with Gaussian with sigma=0.500...
GCAMRegisterLevel(): init RMS 0.410824
#FOTS# QuadFit found better minimum quadopt=(dt=145.152,rms=0.410397) vs oldopt=(dt=103.68,rms=0.410466)
#GCMRL#  619 dt 145.152000 rms  0.410  0.104% neg 0  invalid 762 tFOTS 3.2840 tGradient 1.1300 tsec 4.6490
#FOTS# QuadFit found better minimum quadopt=(dt=145.152,rms=0.410098) vs oldopt=(dt=103.68,rms=0.410127)
#GCMRL#  620 dt 145.152000 rms  0.410  0.000% neg 0  invalid 762 tFOTS 3.2350 tGradient 1.1520 tsec 4.6410
setting smoothness cost coefficient to 0.118

#GCAMreg# pass 0 level1 3 level2 0 tsec 0 sigma 2
l_jacobian=1.00 l_log_likelihood=0.20 l_smoothness=0.12 
tol=2.50e-01, dt=5.00e-02, exp_k=20.0, momentum=0.90, levels=6, niter=500, lbl_dist=10.00, avgs=16, sigma=2.0,type=2, relabel=0, neg=yes

blurring input image with Gaussian with sigma=2.000...
GCAMRegisterLevel(): init RMS 0.410663
#FOTS# QuadFit found better minimum quadopt=(dt=21.9905,rms=0.409929) vs oldopt=(dt=32,rms=0.410138)
iter 0, gcam->neg = 1
after 7 iterations, nbhd size=1, neg = 0
#GCMRL#  622 dt  21.990521 rms  0.410  0.174% neg 0  invalid 762 tFOTS 4.2010 tGradient 0.9570 tsec 8.3190
iter 0, gcam->neg = 10
after 9 iterations, nbhd size=1, neg = 0
#GCMRL#  623 dt  32.000000 rms  0.410  0.000% neg 0  invalid 762 tFOTS 3.4880 tGradient 0.8860 tsec 8.2040
iter 0, gcam->neg = 3
after 9 iterations, nbhd size=1, neg = 0
#GCMRL#  624 dt  32.000000 rms  0.409  0.088% neg 0  invalid 762 tFOTS 0.0000 tGradient 0.8880 tsec 4.6820
iter 0, gcam->neg = 31
after 16 iterations, nbhd size=1, neg = 0

#GCAMreg# pass 0 level1 3 level2 1 tsec 34.381 sigma 0.5
l_jacobian=1.00 l_log_likelihood=0.20 l_smoothness=0.12 
tol=2.50e-01, dt=5.00e-02, exp_k=20.0, momentum=0.90, levels=6, niter=500, lbl_dist=10.00, avgs=16, sigma=0.5,type=2, relabel=0, neg=yes

blurring input image with Gaussian with sigma=0.500...
GCAMRegisterLevel(): init RMS 0.409267
#FOTS# QuadFit found better minimum quadopt=(dt=57.9155,rms=0.406105) vs oldopt=(dt=32,rms=0.406583)
iter 0, gcam->neg = 7
after 1 iterations, nbhd size=0, neg = 0
#GCMRL#  626 dt  57.915493 rms  0.406  0.772% neg 0  invalid 762 tFOTS 3.4350 tGradient 0.9000 tsec 5.5920
#FOTS# QuadFit found better minimum quadopt=(dt=31.2889,rms=0.405196) vs oldopt=(dt=32,rms=0.405201)
iter 0, gcam->neg = 1
after 0 iterations, nbhd size=0, neg = 0
#GCMRL#  627 dt  31.288889 rms  0.405  0.000% neg 0  invalid 762 tFOTS 3.4480 tGradient 0.9340 tsec 5.3910
#GCMRL#  628 dt  31.288889 rms  0.405  0.146% neg 0  invalid 762 tFOTS 0.0000 tGradient 0.9040 tsec 1.1290
iter 0, gcam->neg = 1
after 0 iterations, nbhd size=0, neg = 0
#GCMRL#  629 dt  31.288889 rms  0.404  0.172% neg 0  invalid 762 tFOTS 0.0000 tGradient 0.8960 tsec 1.8020
iter 0, gcam->neg = 3
after 8 iterations, nbhd size=1, neg = 0
#GCMRL#  630 dt  31.288889 rms  0.403  0.206% neg 0  invalid 762 tFOTS 0.0000 tGradient 0.8890 tsec 4.4130
iter 0, gcam->neg = 5
after 2 iterations, nbhd size=0, neg = 0
#GCMRL#  631 dt  31.288889 rms  0.402  0.185% neg 0  invalid 762 tFOTS 0.0000 tGradient 0.9020 tsec 2.4670
iter 0, gcam->neg = 11
after 9 iterations, nbhd size=0, neg = 0
#GCMRL#  632 dt  31.288889 rms  0.402  0.189% neg 0  invalid 762 tFOTS 0.0000 tGradient 0.9300 tsec 4.7360
iter 0, gcam->neg = 12
after 14 iterations, nbhd size=1, neg = 0
#GCMRL#  633 dt  31.288889 rms  0.401  0.150% neg 0  invalid 762 tFOTS 0.0000 tGradient 0.8870 tsec 6.2560
iter 0, gcam->neg = 10
after 8 iterations, nbhd size=0, neg = 0
#GCMRL#  634 dt  31.288889 rms  0.400  0.125% neg 0  invalid 762 tFOTS 0.0000 tGradient 0.9090 tsec 4.4230
iter 0, gcam->neg = 14
after 13 iterations, nbhd size=1, neg = 0
#GCMRL#  635 dt  31.288889 rms  0.400  0.111% neg 0  invalid 762 tFOTS 0.0000 tGradient 1.0140 tsec 6.1960
#FOTS# QuadFit found better minimum quadopt=(dt=44.8,rms=0.399833) vs oldopt=(dt=32,rms=0.399853)
iter 0, gcam->neg = 1
after 13 iterations, nbhd size=1, neg = 0
#GCMRL#  636 dt  44.800000 rms  0.400  0.000% neg 0  invalid 762 tFOTS 3.2980 tGradient 0.9250 tsec 9.3790
iter 0, gcam->neg = 1
after 0 iterations, nbhd size=0, neg = 0
setting smoothness cost coefficient to 0.400

#GCAMreg# pass 0 level1 2 level2 0 tsec 0 sigma 2
l_jacobian=1.00 l_log_likelihood=0.20 l_smoothness=0.40 
tol=2.50e-01, dt=5.00e-02, exp_k=20.0, momentum=0.90, levels=6, niter=500, lbl_dist=10.00, avgs=4, sigma=2.0,type=2, relabel=0, neg=yes

blurring input image with Gaussian with sigma=2.000...
GCAMRegisterLevel(): init RMS 0.404437
#FOTS# QuadFit found better minimum quadopt=(dt=2.304,rms=0.404348) vs oldopt=(dt=2.88,rms=0.404353)
#GCMRL#  638 dt   2.304000 rms  0.404  0.022% neg 0  invalid 762 tFOTS 3.5070 tGradient 0.8040 tsec 4.5490
#FOTS# QuadFit found better minimum quadopt=(dt=0.576,rms=0.404343) vs oldopt=(dt=0.72,rms=0.404343)
#GCMRL#  639 dt   0.576000 rms  0.404  0.000% neg 0  invalid 762 tFOTS 3.5300 tGradient 0.8030 tsec 4.5830
iter 0, gcam->neg = 1
after 0 iterations, nbhd size=0, neg = 0

#GCAMreg# pass 0 level1 2 level2 1 tsec 16.961 sigma 0.5
l_jacobian=1.00 l_log_likelihood=0.20 l_smoothness=0.40 
tol=2.50e-01, dt=5.00e-02, exp_k=20.0, momentum=0.90, levels=6, niter=500, lbl_dist=10.00, avgs=4, sigma=0.5,type=2, relabel=0, neg=yes

blurring input image with Gaussian with sigma=0.500...
GCAMRegisterLevel(): init RMS 0.404343
#FOTS# QuadFit found better minimum quadopt=(dt=7.33333,rms=0.404025) vs oldopt=(dt=2.88,rms=0.404134)
iter 0, gcam->neg = 1
after 0 iterations, nbhd size=0, neg = 0
#GCMRL#  641 dt   7.333333 rms  0.404  0.079% neg 0  invalid 762 tFOTS 3.5250 tGradient 0.9260 tsec 5.3710
#FOTS# QuadFit found better minimum quadopt=(dt=11.1628,rms=0.403744) vs oldopt=(dt=11.52,rms=0.403744)
iter 0, gcam->neg = 1
after 3 iterations, nbhd size=0, neg = 0
#GCMRL#  642 dt  11.162791 rms  0.404  0.000% neg 0  invalid 762 tFOTS 3.7440 tGradient 0.8530 tsec 6.5350
iter 0, gcam->neg = 1
after 2 iterations, nbhd size=0, neg = 0
#GCMRL#  643 dt  11.162791 rms  0.403  0.081% neg 0  invalid 762 tFOTS 0.0000 tGradient 0.9470 tsec 2.5320
iter 0, gcam->neg = 5
after 6 iterations, nbhd size=0, neg = 0
#GCMRL#  644 dt  11.162791 rms  0.403  0.111% neg 0  invalid 762 tFOTS 0.0000 tGradient 0.8100 tsec 3.6710
iter 0, gcam->neg = 14
after 10 iterations, nbhd size=1, neg = 0
#GCMRL#  645 dt  11.162791 rms  0.403  0.098% neg 0  invalid 762 tFOTS 0.0000 tGradient 0.9330 tsec 5.0450
iter 0, gcam->neg = 13
after 21 iterations, nbhd size=1, neg = 0
setting smoothness cost coefficient to 1.000

#GCAMreg# pass 0 level1 1 level2 0 tsec 0 sigma 2
l_jacobian=1.00 l_log_likelihood=0.20 l_smoothness=1.00 
tol=2.50e-01, dt=5.00e-02, exp_k=20.0, momentum=0.90, levels=6, niter=500, lbl_dist=10.00, avgs=1, sigma=2.0,type=2, relabel=0, neg=yes

blurring input image with Gaussian with sigma=2.000...
GCAMRegisterLevel(): init RMS 0.408048
#GCMRL#  647 dt   0.000050 rms  0.408  0.000% neg 0  invalid 762 tFOTS 4.4690 tGradient 0.6800 tsec 5.3810

#GCAMreg# pass 0 level1 1 level2 1 tsec 15.768 sigma 0.5
l_jacobian=1.00 l_log_likelihood=0.20 l_smoothness=1.00 
tol=2.50e-01, dt=5.00e-02, exp_k=20.0, momentum=0.90, levels=6, niter=500, lbl_dist=10.00, avgs=1, sigma=0.5,type=2, relabel=0, neg=yes

blurring input image with Gaussian with sigma=0.500...
GCAMRegisterLevel(): init RMS 0.408048
resetting metric properties...
setting smoothness cost coefficient to 2.000

#GCAMreg# pass 0 level1 0 level2 0 tsec 0 sigma 2
l_jacobian=1.00 l_log_likelihood=0.20 l_smoothness=2.00 
tol=2.50e-01, dt=5.00e-02, exp_k=20.0, momentum=0.90, levels=6, niter=500, lbl_dist=10.00, avgs=0, sigma=2.0,type=2, relabel=0, neg=yes

blurring input image with Gaussian with sigma=2.000...
GCAMRegisterLevel(): init RMS 0.398233
#FOTS# QuadFit found better minimum quadopt=(dt=1.22126,rms=0.389531) vs oldopt=(dt=1.28,rms=0.389534)
iter 0, gcam->neg = 497
after 19 iterations, nbhd size=1, neg = 0
#GCMRL#  650 dt   1.221259 rms  0.391  1.767% neg 0  invalid 762 tFOTS 3.5720 tGradient 0.2760 tsec 10.8750
#FOTS# QuadFit found better minimum quadopt=(dt=2.73438e-05,rms=0.391197) vs oldopt=(dt=1.95313e-05,rms=0.391197)
#GCMRL#  651 dt   0.000027 rms  0.391  0.000% neg 0  invalid 762 tFOTS 4.3690 tGradient 0.2770 tsec 4.9000

#GCAMreg# pass 0 level1 0 level2 1 tsec 22.422 sigma 0.5
l_jacobian=1.00 l_log_likelihood=0.20 l_smoothness=2.00 
tol=2.50e-01, dt=5.00e-02, exp_k=20.0, momentum=0.90, levels=6, niter=500, lbl_dist=10.00, avgs=0, sigma=0.5,type=2, relabel=0, neg=yes

blurring input image with Gaussian with sigma=0.500...
GCAMRegisterLevel(): init RMS 0.391197
#FOTS# QuadFit found better minimum quadopt=(dt=0.112,rms=0.391018) vs oldopt=(dt=0.08,rms=0.391027)
#GCMRL#  653 dt   0.112000 rms  0.391  0.046% neg 0  invalid 762 tFOTS 3.6530 tGradient 0.2800 tsec 4.1670
#GCMRL#  654 dt   0.080000 rms  0.391  0.000% neg 0  invalid 762 tFOTS 3.4310 tGradient 0.2700 tsec 3.9540
#GCMRL#  655 dt   0.080000 rms  0.391  0.008% neg 0  invalid 762 tFOTS 0.0000 tGradient 0.2740 tsec 0.5010
GCAMregister done in 4.26993 min
writing output transformation to transforms/talairach.m3z...
GCAMwrite
Calls to gcamLogLikelihoodEnergy 4200 tmin = 1.40507
Calls to gcamLabelEnergy         3663 tmin = 0.976933
Calls to gcamJacobianEnergy      4200 tmin = 0.715883
Calls to gcamSmoothnessEnergy    4200 tmin = 3.50707
Calls to gcamLogLikelihoodTerm 657 tmin = 0.655333
Calls to gcamLabelTerm         606 tmin = 5.32032
Calls to gcamJacobianTerm      657 tmin = 0.905933
Calls to gcamSmoothnessTerm    657 tmin = 0.362483
Calls to gcamComputeGradient    657 tmin = 20.0197
Calls to gcamComputeMetricProperties    6286 tmin = 1.60603
mri_ca_register took 0 hours, 43 minutes and 59 seconds.
#VMPC# mri_ca_register VmPeak  3188220
FSRUNTIME@ mri_ca_register  0.7329 hours 16 threads
#--------------------------------------
#@# SubCort Seg Sat Apr  4 12:31:27 CEST 2026

 mri_ca_label -relabel_unlikely 9 .3 -prior 0.5 -align norm.mgz transforms/talairach.m3z /opt/freesurfer/average/RB_all_2020-01-02.gca aseg.auto_noCCseg.mgz 

sysname  Linux
hostname dna055
machine  x86_64

setenv SUBJECTS_DIR /out/sourcedata/freesurfer
cd /out/sourcedata/freesurfer/sub-v1s13x0050005_ses-1/mri
mri_ca_label -relabel_unlikely 9 .3 -prior 0.5 -align norm.mgz transforms/talairach.m3z /opt/freesurfer/average/RB_all_2020-01-02.gca aseg.auto_noCCseg.mgz 

relabeling unlikely voxels with window_size = 9 and prior threshold 0.30
using Gibbs prior factor = 0.500
renormalizing sequences with structure alignment, equivalent to:
	-renormalize
	-renormalize_mean 0.500
	-regularize 0.500

== Number of threads available to for OpenMP = 16 == 
reading 1 input volumes
reading classifier array from /opt/freesurfer/average/RB_all_2020-01-02.gca
reading input volume from norm.mgz
average std[0] = 7.2
reading transform from transforms/talairach.m3z
setting orig areas to linear transform determinant scaled 6.36
Atlas used for the 3D morph was /opt/freesurfer/average/RB_all_2020-01-02.gca
average std = 7.2   using min determinant for regularization = 5.2
0 singular and 0 ill-conditioned covariance matrices regularized
labeling volume...
renormalizing by structure alignment....
renormalizing input #0
gca peak = 0.15521 (20)
mri peak = 0.18677 (20)
Left_Lateral_Ventricle (4): linear fit = 0.93 x + 0.0 (1446 voxels, overlap=0.844)
Left_Lateral_Ventricle (4): linear fit = 0.93 x + 0.0 (1446 voxels, peak = 18), gca=18.5
gca peak = 0.20380 (13)
mri peak = 0.21566 (20)
Right_Lateral_Ventricle (43): linear fit = 1.34 x + 0.0 (1640 voxels, overlap=0.495)
Right_Lateral_Ventricle (43): linear fit = 1.34 x + 0.0 (1640 voxels, peak = 17), gca=17.4
gca peak = 0.26283 (96)
mri peak = 0.14516 (95)
Right_Pallidum (52): linear fit = 1.01 x + 0.0 (868 voxels, overlap=1.006)
Right_Pallidum (52): linear fit = 1.01 x + 0.0 (868 voxels, peak = 97), gca=97.4
gca peak = 0.15814 (97)
mri peak = 0.14115 (99)
Left_Pallidum (13): linear fit = 1.03 x + 0.0 (921 voxels, overlap=0.616)
Left_Pallidum (13): linear fit = 1.03 x + 0.0 (921 voxels, peak = 100), gca=100.4
gca peak = 0.27624 (56)
mri peak = 0.16287 (69)
Right_Hippocampus (53): linear fit = 1.21 x + 0.0 (1225 voxels, overlap=0.017)
Right_Hippocampus (53): linear fit = 1.21 x + 0.0 (1225 voxels, peak = 67), gca=67.5
gca peak = 0.28723 (59)
mri peak = 0.12983 (67)
Left_Hippocampus (17): linear fit = 1.14 x + 0.0 (1292 voxels, overlap=0.015)
Left_Hippocampus (17): linear fit = 1.14 x + 0.0 (1292 voxels, peak = 68), gca=67.6
gca peak = 0.07623 (103)
mri peak = 0.19968 (107)
Right_Cerebral_White_Matter (41): linear fit = 1.02 x + 0.0 (29915 voxels, overlap=0.460)
Right_Cerebral_White_Matter (41): linear fit = 1.02 x + 0.0 (29915 voxels, peak = 106), gca=105.6
gca peak = 0.07837 (105)
mri peak = 0.20801 (108)
Left_Cerebral_White_Matter (2): linear fit = 1.01 x + 0.0 (30342 voxels, overlap=0.421)
Left_Cerebral_White_Matter (2): linear fit = 1.01 x + 0.0 (30342 voxels, peak = 107), gca=106.6
gca peak = 0.10165 (58)
mri peak = 0.05106 (66)
Left_Cerebral_Cortex (3): linear fit = 1.13 x + 0.0 (41544 voxels, overlap=0.645)
Left_Cerebral_Cortex (3): linear fit = 1.13 x + 0.0 (41544 voxels, peak = 66), gca=65.8
gca peak = 0.11113 (58)
mri peak = 0.05443 (68)
Right_Cerebral_Cortex (42): linear fit = 1.13 x + 0.0 (39857 voxels, overlap=0.669)
Right_Cerebral_Cortex (42): linear fit = 1.13 x + 0.0 (39857 voxels, peak = 66), gca=65.8
gca peak = 0.27796 (67)
mri peak = 0.16038 (77)
Right_Caudate (50): linear fit = 1.14 x + 0.0 (1353 voxels, overlap=0.018)
Right_Caudate (50): linear fit = 1.14 x + 0.0 (1353 voxels, peak = 77), gca=76.7
gca peak = 0.14473 (69)
mri peak = 0.18704 (77)
Left_Caudate (11): linear fit = 1.10 x + 0.0 (1218 voxels, overlap=0.568)
Left_Caudate (11): linear fit = 1.10 x + 0.0 (1218 voxels, peak = 76), gca=75.6
gca peak = 0.14301 (56)
mri peak = 0.05194 (61)
Left_Cerebellum_Cortex (8): linear fit = 1.04 x + 0.0 (33074 voxels, overlap=0.961)
Left_Cerebellum_Cortex (8): linear fit = 1.04 x + 0.0 (33074 voxels, peak = 59), gca=58.5
gca peak = 0.14610 (55)
mri peak = 0.05097 (60)
Right_Cerebellum_Cortex (47): linear fit = 1.07 x + 0.0 (33543 voxels, overlap=0.975)
Right_Cerebellum_Cortex (47): linear fit = 1.07 x + 0.0 (33543 voxels, peak = 59), gca=58.6
gca peak = 0.16309 (85)
mri peak = 0.15857 (93)
Left_Cerebellum_White_Matter (7): linear fit = 1.09 x + 0.0 (8347 voxels, overlap=0.284)
Left_Cerebellum_White_Matter (7): linear fit = 1.09 x + 0.0 (8347 voxels, peak = 92), gca=92.2
gca peak = 0.15172 (84)
mri peak = 0.12000 (91)
Right_Cerebellum_White_Matter (46): linear fit = 1.09 x + 0.0 (8253 voxels, overlap=0.366)
Right_Cerebellum_White_Matter (46): linear fit = 1.09 x + 0.0 (8253 voxels, peak = 91), gca=91.1
gca peak = 0.30461 (58)
mri peak = 0.12903 (70)
Left_Amygdala (18): linear fit = 1.22 x + 0.0 (429 voxels, overlap=0.061)
Left_Amygdala (18): linear fit = 1.22 x + 0.0 (429 voxels, peak = 70), gca=70.5
gca peak = 0.32293 (57)
mri peak = 0.10745 (67)
Right_Amygdala (54): linear fit = 1.18 x + 0.0 (523 voxels, overlap=0.050)
Right_Amygdala (54): linear fit = 1.18 x + 0.0 (523 voxels, peak = 68), gca=67.5
gca peak = 0.11083 (90)
mri peak = 0.08555 (91)
Left_Thalamus (10): linear fit = 1.03 x + 0.0 (4914 voxels, overlap=0.885)
Left_Thalamus (10): linear fit = 1.03 x + 0.0 (4914 voxels, peak = 93), gca=93.1
gca peak = 0.11393 (83)
mri peak = 0.09393 (91)
Right_Thalamus (49): linear fit = 1.09 x + 0.0 (4800 voxels, overlap=0.696)
Right_Thalamus (49): linear fit = 1.09 x + 0.0 (4800 voxels, peak = 90), gca=90.1
gca peak = 0.08575 (81)
mri peak = 0.12569 (87)
Left_Putamen (12): linear fit = 1.09 x + 0.0 (2363 voxels, overlap=0.439)
Left_Putamen (12): linear fit = 1.09 x + 0.0 (2363 voxels, peak = 88), gca=87.9
gca peak = 0.08618 (78)
mri peak = 0.09709 (86)
Right_Putamen (51): linear fit = 1.10 x + 0.0 (2369 voxels, overlap=0.638)
Right_Putamen (51): linear fit = 1.10 x + 0.0 (2369 voxels, peak = 85), gca=85.4
gca peak = 0.08005 (78)
mri peak = 0.10657 (91)
Brain_Stem (16): linear fit = 1.12 x + 0.0 (10893 voxels, overlap=0.170)
Brain_Stem (16): linear fit = 1.12 x + 0.0 (10893 voxels, peak = 88), gca=87.8
gca peak = 0.12854 (88)
mri peak = 0.07342 (96)
Right_VentralDC (60): linear fit = 1.09 x + 0.0 (1734 voxels, overlap=0.619)
Right_VentralDC (60): linear fit = 1.09 x + 0.0 (1734 voxels, peak = 95), gca=95.5
gca peak = 0.15703 (87)
mri peak = 0.11995 (96)
Left_VentralDC (28): linear fit = 1.08 x + 0.0 (1725 voxels, overlap=0.486)
Left_VentralDC (28): linear fit = 1.08 x + 0.0 (1725 voxels, peak = 94), gca=93.5
gca peak = 0.17522 (25)
mri peak = 0.21429 (25)
gca peak = 0.17113 (14)
mri peak = 0.15461 (19)
Fourth_Ventricle (15): linear fit = 1.32 x + 0.0 (296 voxels, overlap=0.668)
Fourth_Ventricle (15): linear fit = 1.32 x + 0.0 (296 voxels, peak = 18), gca=18.4
gca peak Unknown = 0.94777 ( 0)
gca peak Left_Inf_Lat_Vent = 0.16627 (28)
gca peak Third_Ventricle = 0.17522 (25)
gca peak CSF = 0.20346 (36)
gca peak Left_Accumbens_area = 0.70646 (62)
gca peak Left_undetermined = 1.00000 (28)
gca peak Left_vessel = 0.89917 (53)
gca peak Left_choroid_plexus = 0.11689 (35)
gca peak Right_Inf_Lat_Vent = 0.25504 (23)
gca peak Right_Accumbens_area = 0.31650 (65)
gca peak Right_vessel = 0.77268 (52)
gca peak Right_choroid_plexus = 0.13275 (38)
gca peak Fifth_Ventricle = 0.60973 (33)
gca peak WM_hypointensities = 0.11013 (77)
gca peak non_WM_hypointensities = 0.11354 (41)
gca peak Optic_Chiasm = 0.51646 (76)
not using caudate to estimate GM means
estimating mean gm scale to be 1.17 x + 0.0
estimating mean wm scale to be 1.02 x + 0.0
estimating mean csf scale to be 1.19 x + 0.0
saving intensity scales to aseg.auto_noCCseg.label_intensities.txt
renormalizing by structure alignment....
renormalizing input #0
gca peak = 0.18640 (19)
mri peak = 0.18677 (20)
Left_Lateral_Ventricle (4): linear fit = 1.13 x + 0.0 (1446 voxels, overlap=0.904)
Left_Lateral_Ventricle (4): linear fit = 1.13 x + 0.0 (1446 voxels, peak = 22), gca=21.6
gca peak = 0.17042 (17)
mri peak = 0.21566 (20)
Right_Lateral_Ventricle (43): linear fit = 0.98 x + 0.0 (1640 voxels, overlap=0.650)
Right_Lateral_Ventricle (43): linear fit = 0.98 x + 0.0 (1640 voxels, peak = 17), gca=16.6
gca peak = 0.21941 (97)
mri peak = 0.14516 (95)
Right_Pallidum (52): linear fit = 1.00 x + 0.0 (868 voxels, overlap=1.002)
Right_Pallidum (52): linear fit = 1.00 x + 0.0 (868 voxels, peak = 97), gca=96.5
gca peak = 0.16064 (98)
mri peak = 0.14115 (99)
Left_Pallidum (13): linear fit = 1.00 x + 0.0 (921 voxels, overlap=0.966)
Left_Pallidum (13): linear fit = 1.00 x + 0.0 (921 voxels, peak = 98), gca=98.0
gca peak = 0.27487 (67)
mri peak = 0.16287 (69)
Right_Hippocampus (53): linear fit = 1.00 x + 0.0 (1225 voxels, overlap=1.000)
Right_Hippocampus (53): linear fit = 1.00 x + 0.0 (1225 voxels, peak = 67), gca=67.0
gca peak = 0.24345 (65)
mri peak = 0.12983 (67)
Left_Hippocampus (17): linear fit = 1.01 x + 0.0 (1292 voxels, overlap=1.001)
Left_Hippocampus (17): linear fit = 1.01 x + 0.0 (1292 voxels, peak = 66), gca=66.0
gca peak = 0.07773 (106)
mri peak = 0.19968 (107)
Right_Cerebral_White_Matter (41): linear fit = 1.00 x + 0.0 (29915 voxels, overlap=0.559)
Right_Cerebral_White_Matter (41): linear fit = 1.00 x + 0.0 (29915 voxels, peak = 106), gca=106.0
gca peak = 0.07852 (106)
mri peak = 0.20801 (108)
Left_Cerebral_White_Matter (2): linear fit = 1.00 x + 0.0 (30342 voxels, overlap=0.489)
Left_Cerebral_White_Matter (2): linear fit = 1.00 x + 0.0 (30342 voxels, peak = 106), gca=106.0
gca peak = 0.08850 (66)
mri peak = 0.05106 (66)
Left_Cerebral_Cortex (3): linear fit = 0.99 x + 0.0 (41544 voxels, overlap=0.972)
Left_Cerebral_Cortex (3): linear fit = 0.99 x + 0.0 (41544 voxels, peak = 65), gca=65.0
gca peak = 0.09973 (66)
mri peak = 0.05443 (68)
Right_Cerebral_Cortex (42): linear fit = 1.00 x + 0.0 (39857 voxels, overlap=0.965)
Right_Cerebral_Cortex (42): linear fit = 1.00 x + 0.0 (39857 voxels, peak = 66), gca=66.0
gca peak = 0.21914 (76)
mri peak = 0.16038 (77)
Right_Caudate (50): linear fit = 1.00 x + 0.0 (1353 voxels, overlap=1.000)
Right_Caudate (50): linear fit = 1.00 x + 0.0 (1353 voxels, peak = 76), gca=76.0
gca peak = 0.14712 (85)
mri peak = 0.18704 (77)
Left_Caudate (11): linear fit = 0.95 x + 0.0 (1218 voxels, overlap=0.786)
Left_Caudate (11): linear fit = 0.95 x + 0.0 (1218 voxels, peak = 81), gca=81.2
gca peak = 0.13218 (58)
mri peak = 0.05194 (61)
Left_Cerebellum_Cortex (8): linear fit = 1.02 x + 0.0 (33074 voxels, overlap=0.996)
Left_Cerebellum_Cortex (8): linear fit = 1.02 x + 0.0 (33074 voxels, peak = 59), gca=59.4
gca peak = 0.14397 (59)
mri peak = 0.05097 (60)
Right_Cerebellum_Cortex (47): linear fit = 1.02 x + 0.0 (33543 voxels, overlap=0.997)
Right_Cerebellum_Cortex (47): linear fit = 1.02 x + 0.0 (33543 voxels, peak = 60), gca=60.5
gca peak = 0.14929 (92)
mri peak = 0.15857 (93)
Left_Cerebellum_White_Matter (7): linear fit = 1.00 x + 0.0 (8347 voxels, overlap=0.898)
Left_Cerebellum_White_Matter (7): linear fit = 1.00 x + 0.0 (8347 voxels, peak = 92), gca=91.5
gca peak = 0.14714 (92)
mri peak = 0.12000 (91)
Right_Cerebellum_White_Matter (46): linear fit = 1.00 x + 0.0 (8253 voxels, overlap=0.904)
Right_Cerebellum_White_Matter (46): linear fit = 1.00 x + 0.0 (8253 voxels, peak = 92), gca=91.5
gca peak = 0.27540 (69)
mri peak = 0.12903 (70)
Left_Amygdala (18): linear fit = 1.00 x + 0.0 (429 voxels, overlap=1.022)
Left_Amygdala (18): linear fit = 1.00 x + 0.0 (429 voxels, peak = 69), gca=69.0
gca peak = 0.29238 (68)
mri peak = 0.10745 (67)
Right_Amygdala (54): linear fit = 1.00 x + 0.0 (523 voxels, overlap=1.007)
Right_Amygdala (54): linear fit = 1.00 x + 0.0 (523 voxels, peak = 68), gca=68.0
gca peak = 0.10790 (93)
mri peak = 0.08555 (91)
Left_Thalamus (10): linear fit = 1.00 x + 0.0 (4914 voxels, overlap=0.973)
Left_Thalamus (10): linear fit = 1.00 x + 0.0 (4914 voxels, peak = 93), gca=92.5
gca peak = 0.10482 (90)
mri peak = 0.09393 (91)
Right_Thalamus (49): linear fit = 1.00 x + 0.0 (4800 voxels, overlap=0.937)
Right_Thalamus (49): linear fit = 1.00 x + 0.0 (4800 voxels, peak = 90), gca=90.0
gca peak = 0.07806 (83)
mri peak = 0.12569 (87)
Left_Putamen (12): linear fit = 1.01 x + 0.0 (2363 voxels, overlap=0.820)
Left_Putamen (12): linear fit = 1.01 x + 0.0 (2363 voxels, peak = 84), gca=84.2
gca peak = 0.08735 (83)
mri peak = 0.09709 (86)
Right_Putamen (51): linear fit = 1.00 x + 0.0 (2369 voxels, overlap=0.933)
Right_Putamen (51): linear fit = 1.00 x + 0.0 (2369 voxels, peak = 83), gca=83.0
gca peak = 0.07877 (88)
mri peak = 0.10657 (91)
Brain_Stem (16): linear fit = 1.00 x + 0.0 (10893 voxels, overlap=0.596)
Brain_Stem (16): linear fit = 1.00 x + 0.0 (10893 voxels, peak = 88), gca=87.6
gca peak = 0.12083 (97)
mri peak = 0.07342 (96)
Right_VentralDC (60): linear fit = 1.01 x + 0.0 (1734 voxels, overlap=0.826)
Right_VentralDC (60): linear fit = 1.01 x + 0.0 (1734 voxels, peak = 98), gca=98.5
gca peak = 0.15414 (93)
mri peak = 0.11995 (96)
Left_VentralDC (28): linear fit = 1.01 x + 0.0 (1725 voxels, overlap=0.877)
Left_VentralDC (28): linear fit = 1.01 x + 0.0 (1725 voxels, peak = 94), gca=94.4
gca peak = 0.14269 (31)
mri peak = 0.21429 (25)
gca peak = 0.16806 (21)
mri peak = 0.15461 (19)
Fourth_Ventricle (15): linear fit = 0.94 x + 0.0 (296 voxels, overlap=0.707)
Fourth_Ventricle (15): linear fit = 0.94 x + 0.0 (296 voxels, peak = 20), gca=19.6
gca peak Unknown = 0.94777 ( 0)
gca peak Left_Inf_Lat_Vent = 0.17659 (32)
gca peak Third_Ventricle = 0.14269 (31)
gca peak CSF = 0.14135 (43)
gca peak Left_Accumbens_area = 0.78297 (68)
gca peak Left_undetermined = 1.00000 (28)
gca peak Left_vessel = 0.89837 (53)
gca peak Left_choroid_plexus = 0.10623 (35)
gca peak Right_Inf_Lat_Vent = 0.26261 (28)
gca peak Right_Accumbens_area = 0.31717 (74)
gca peak Right_vessel = 0.77268 (52)
gca peak Right_choroid_plexus = 0.13277 (38)
gca peak Fifth_Ventricle = 0.77931 (38)
gca peak WM_hypointensities = 0.10486 (78)
gca peak non_WM_hypointensities = 0.08220 (42)
gca peak Optic_Chiasm = 0.51654 (76)
not using caudate to estimate GM means
estimating mean gm scale to be 1.00 x + 0.0
estimating mean wm scale to be 1.00 x + 0.0
estimating mean csf scale to be 1.01 x + 0.0
saving intensity scales to aseg.auto_noCCseg.label_intensities.txt
saving sequentially combined intensity scales to aseg.auto_noCCseg.label_intensities.txt
38061 voxels changed in iteration 0 of unlikely voxel relabeling
271 voxels changed in iteration 1 of unlikely voxel relabeling
1 voxels changed in iteration 2 of unlikely voxel relabeling
0 voxels changed in iteration 3 of unlikely voxel relabeling
37494 gm and wm labels changed (%32 to gray, %68 to white out of all changed labels)
439 hippocampal voxels changed.
0 amygdala voxels changed.
Reclassifying using Gibbs Priors
pass 1: 54909 changed. image ll: -2.073, PF=0.500
pass 2: 13299 changed. image ll: -2.072, PF=0.500
pass 3: 4479 changed.
26077 voxels changed in iteration 0 of unlikely voxel relabeling
227 voxels changed in iteration 1 of unlikely voxel relabeling
26 voxels changed in iteration 2 of unlikely voxel relabeling
0 voxels changed in iteration 3 of unlikely voxel relabeling
5848 voxels changed in iteration 0 of unlikely voxel relabeling
60 voxels changed in iteration 1 of unlikely voxel relabeling
5 voxels changed in iteration 2 of unlikely voxel relabeling
0 voxels changed in iteration 3 of unlikely voxel relabeling
5967 voxels changed in iteration 0 of unlikely voxel relabeling
92 voxels changed in iteration 1 of unlikely voxel relabeling
4 voxels changed in iteration 2 of unlikely voxel relabeling
0 voxels changed in iteration 3 of unlikely voxel relabeling
4549 voxels changed in iteration 0 of unlikely voxel relabeling
25 voxels changed in iteration 1 of unlikely voxel relabeling
2 voxels changed in iteration 2 of unlikely voxel relabeling
0 voxels changed in iteration 3 of unlikely voxel relabeling
 !!!!!!!!! ventricle segment 0 with volume 7025 above threshold 100 - not erasing !!!!!!!!!!
 !!!!!!!!! ventricle segment 0 with volume 107 above threshold 100 - not erasing !!!!!!!!!!
 !!!!!!!!! ventricle segment 1 with volume 7733 above threshold 100 - not erasing !!!!!!!!!!
writing labeled volume to aseg.auto_noCCseg.mgz
mri_ca_label utimesec    1763.699270
mri_ca_label stimesec    2.660403
mri_ca_label ru_maxrss   2109788
mri_ca_label ru_ixrss    0
mri_ca_label ru_idrss    0
mri_ca_label ru_isrss    0
mri_ca_label ru_minflt   3991481
mri_ca_label ru_majflt   8
mri_ca_label ru_nswap    0
mri_ca_label ru_inblock  1142
mri_ca_label ru_oublock  632
mri_ca_label ru_msgsnd   0
mri_ca_label ru_msgrcv   0
mri_ca_label ru_nsignals 0
mri_ca_label ru_nvcsw    2033
mri_ca_label ru_nivcsw   1535
auto-labeling took 28 minutes and 19 seconds.
#--------------------------------------
#@# CC Seg Sat Apr  4 12:59:46 CEST 2026

 mri_cc -aseg aseg.auto_noCCseg.mgz -o aseg.auto.mgz -lta /out/sourcedata/freesurfer/sub-v1s13x0050005_ses-1/mri/transforms/cc_up.lta sub-v1s13x0050005_ses-1 

will read input aseg from aseg.auto_noCCseg.mgz
writing aseg with cc labels to aseg.auto.mgz
will write lta as /out/sourcedata/freesurfer/sub-v1s13x0050005_ses-1/mri/transforms/cc_up.lta
reading aseg from /out/sourcedata/freesurfer/sub-v1s13x0050005_ses-1/mri/aseg.auto_noCCseg.mgz
reading norm from /out/sourcedata/freesurfer/sub-v1s13x0050005_ses-1/mri/norm.mgz
15515 voxels in left wm, 31370 in right wm, xrange [125, 130]
searching rotation angles z=[-7  7], y=[-8  6]
searching scale 1 Z rot -7.0  searching scale 1 Z rot -6.8  searching scale 1 Z rot -6.5  searching scale 1 Z rot -6.3  searching scale 1 Z rot -6.0  searching scale 1 Z rot -5.8  searching scale 1 Z rot -5.5  searching scale 1 Z rot -5.3  searching scale 1 Z rot -5.0  searching scale 1 Z rot -4.8  searching scale 1 Z rot -4.5  searching scale 1 Z rot -4.3  searching scale 1 Z rot -4.0  searching scale 1 Z rot -3.8  searching scale 1 Z rot -3.5  searching scale 1 Z rot -3.3  searching scale 1 Z rot -3.0  searching scale 1 Z rot -2.8  searching scale 1 Z rot -2.5  searching scale 1 Z rot -2.3  searching scale 1 Z rot -2.0  searching scale 1 Z rot -1.8  searching scale 1 Z rot -1.5  searching scale 1 Z rot -1.3  searching scale 1 Z rot -1.0  searching scale 1 Z rot -0.8  searching scale 1 Z rot -0.5  searching scale 1 Z rot -0.3  searching scale 1 Z rot -0.0  searching scale 1 Z rot 0.2  searching scale 1 Z rot 0.5  searching scale 1 Z rot 0.7  searching scale 1 Z rot 1.0  searching scale 1 Z rot 1.2  searching scale 1 Z rot 1.5  searching scale 1 Z rot 1.7  searching scale 1 Z rot 2.0  searching scale 1 Z rot 2.2  searching scale 1 Z rot 2.5  searching scale 1 Z rot 2.7  searching scale 1 Z rot 3.0  searching scale 1 Z rot 3.2  searching scale 1 Z rot 3.5  searching scale 1 Z rot 3.7  searching scale 1 Z rot 4.0  searching scale 1 Z rot 4.2  searching scale 1 Z rot 4.5  searching scale 1 Z rot 4.7  searching scale 1 Z rot 5.0  searching scale 1 Z rot 5.2  searching scale 1 Z rot 5.5  searching scale 1 Z rot 5.7  searching scale 1 Z rot 6.0  searching scale 1 Z rot 6.2  searching scale 1 Z rot 6.5  searching scale 1 Z rot 6.7  searching scale 1 Z rot 7.0  global minimum found at slice 128.0, rotations (-0.67, 0.22)
final transformation (x=128.0, yr=-0.668, zr=0.221):
 0.99992  -0.00386  -0.01165   1.77412;
 0.00386   0.99999  -0.00004   17.51184;
 0.01165  -0.00000   0.99993   11.51654;
 0.00000   0.00000   0.00000   1.00000;
updating x range to be [126, 130] in xformed coordinates
best xformed slice 128
min_x_fornix = 140
min_x_fornix = 141
min_x_fornix = 140
min_x_fornix = 134
min_x_fornix = 126
cc center is found at 128 110 115
eigenvectors:
 0.00112  -0.00805   0.99997;
-0.08849  -0.99605  -0.00792;
 0.99608  -0.08848  -0.00183;
error in mid anterior detected - correcting...
writing aseg with callosum to /out/sourcedata/freesurfer/sub-v1s13x0050005_ses-1/mri/aseg.auto.mgz...
corpus callosum segmentation took 0.5 minutes
#VMPC# mri_cc VmPeak  553344
mri_cc done
#--------------------------------------
#@# Merge ASeg Sat Apr  4 13:00:16 CEST 2026

 cp aseg.auto.mgz aseg.presurf.mgz 

#--------------------------------------------
#@# Intensity Normalization2 Sat Apr  4 13:00:16 CEST 2026
/out/sourcedata/freesurfer/sub-v1s13x0050005_ses-1/mri

 mri_normalize -seed 1234 -mprage -aseg aseg.presurf.mgz -mask brainmask.mgz norm.mgz brain.mgz 

setting seed for random number genererator to 1234
assuming input volume is MGH (Van der Kouwe) MP-RAGE
using segmentation for initial intensity normalization
using MR volume brainmask.mgz to mask input volume...
reading mri_src from norm.mgz...
Reading aseg aseg.presurf.mgz
normalizing image...
NOT doing gentle normalization with control points/label
processing with aseg
removing outliers in the aseg WM...
674 control points removed
Building bias image
building Voronoi diagram...
performing soap bubble smoothing, sigma = 0...
Smoothing with sigma 8
Applying bias correction
building Voronoi diagram...
performing soap bubble smoothing, sigma = 8...

Iterating 2 times
---------------------------------
3d normalization pass 1 of 2
white matter peak found at 110
white matter peak found at 109
gm peak at 73 (73), valley at  0 (-1)
csf peak at 36, setting threshold to 60
building Voronoi diagram...
performing soap bubble smoothing, sigma = 8...
---------------------------------
3d normalization pass 2 of 2
white matter peak found at 110
white matter peak found at 110
gm peak at 73 (73), valley at  0 (-1)
csf peak at 36, setting threshold to 60
building Voronoi diagram...
performing soap bubble smoothing, sigma = 8...
Done iterating ---------------------------------
writing output to brain.mgz
3D bias adjustment took 2 minutes and 10 seconds.
#--------------------------------------------
#@# Mask BFS Sat Apr  4 13:02:27 CEST 2026
/out/sourcedata/freesurfer/sub-v1s13x0050005_ses-1/mri

 mri_mask -T 5 brain.mgz brainmask.mgz brain.finalsurfs.mgz 

threshold mask volume at 5
DoAbs = 0
Found 1471053 voxels in mask (pct=  8.77)
Writing masked volume to brain.finalsurfs.mgz...done.
#--------------------------------------------
#@# WM Segmentation Sat Apr  4 13:02:28 CEST 2026

 AntsDenoiseImageFs -i brain.mgz -o antsdn.brain.mgz 


 mri_segment -wsizemm 13 -mprage antsdn.brain.mgz wm.seg.mgz 

wsizemm = 13, voxres = 1, wsize = 13
Widening wm low from 89 to 79
assuming input volume is MGH (Van der Kouwe) MP-RAGE
wm mean:  110
wsize:    13
wm low:   79
wm hi:    125
gray low: 30
gray hi:  99
Doing initial trinary intensity segmentation 
Using local statistics to label ambiguous voxels
Autodetecting stats
Computing class statistics for intensity windows...
CCS WM (100.0): 100.1 +- 6.8 [79.0 --> 125.0]
CCS GM (76.0) : 75.3 +- 9.5 [30.0 --> 95.0]
 white_mean 100.075
 white_sigma 6.84607
 gray_mean 75.2963
 gray_sigma 9.4661
setting bottom of white matter range wm_low to 84.8
setting top of gray matter range gray_hi to 94.2
 wm_low 84.7624
 wm_hi  125
 gray_low 30
 gray_hi  94.2285
Redoing initial intensity segmentation...
Recomputing local statistics to label ambiguous voxels...
 wm_low 84.7624
 wm_hi  125
 gray_low 30
 gray_hi  94.2285
using local geometry to label remaining ambiguous voxels...
polvwsize = 5, polvlen = 3, gray_hi = 94.2285, wm_low = 84.7624
MRIcpolvMedianCurveSegment(): wsize=5, len=3, gmhi=94.2285, wmlow=84.7624
    139913 voxels processed (0.83%)
     62799 voxels white (0.37%)
     77114 voxels non-white (0.46%)

Reclassifying voxels using Gaussian border classifier niter=1
MRIreclassify(): wm_low=79.7624, gray_hi=94.2285, wsize=13
    285001 voxels tested (1.70%)
     46585 voxels changed (0.28%)
     59109 multi-scale searches  (0.35%)
Recovering bright white
MRIrecoverBrightWhite()
 wm_low 84.7624
 wm_hi 125
 slack 6.84607
 pct_thresh 0.33
 intensity_thresh 131.846
 nvox_thresh 8.58
      318 voxels tested (0.00%)
      292 voxels changed (0.00%)

removing voxels with positive offset direction...
MRIremoveWrongDirection() wsize=3, lowthr=79.7624, hithr=94.2285
  smoothing input volume with sigma = 0.250
    98671 voxels tested (0.59%)
    14658 voxels changed (0.09%)
thicken = 1
removing 1-dimensional structures...
MRIremove1dStructures(): max_iter=10000, thresh=2, WM_MIN_VAL=5
 1512 sparsely connected voxels removed in 1 iterations
thickening thin strands....
thickness 4
nsegments 20
wm_hi 125
1089 diagonally connected voxels added...
MRIthickenThinWMStrands(): thickness=4, nsegments=20
  20 segments, 3842 filled
MRIfindBrightNonWM(): 121 bright non-wm voxels segmented.
MRIfilterMorphology() WM_MIN_VAL=5, DIAGONAL_FILL=230
white matter segmentation took 1.0 minutes
writing output to wm.seg.mgz...

 mri_edit_wm_with_aseg -keep-in wm.seg.mgz brain.mgz aseg.presurf.mgz wm.asegedit.mgz 

preserving editing changes in input volume...
auto filling took 0.41 minutes
reading wm segmentation from wm.seg.mgz...
0 voxels added to wm to prevent paths from MTL structures to cortex
2871 additional wm voxels added
0 additional wm voxels added
SEG EDIT: 42433 voxels turned on, 41923 voxels turned off.
propagating editing to output volume from wm.seg.mgz
writing edited volume to wm.asegedit.mgz....

 mri_pretess wm.asegedit.mgz wm norm.mgz wm.mgz 


Iteration Number : 1
pass   1 (xy+):  13 found -  13 modified     |    TOTAL:  13
pass   2 (xy+):   0 found -  13 modified     |    TOTAL:  13
pass   1 (xy-):  12 found -  12 modified     |    TOTAL:  25
pass   2 (xy-):   0 found -  12 modified     |    TOTAL:  25
pass   1 (yz+):  17 found -  17 modified     |    TOTAL:  42
pass   2 (yz+):   0 found -  17 modified     |    TOTAL:  42
pass   1 (yz-):  23 found -  23 modified     |    TOTAL:  65
pass   2 (yz-):   0 found -  23 modified     |    TOTAL:  65
pass   1 (xz+):   7 found -   7 modified     |    TOTAL:  72
pass   2 (xz+):   0 found -   7 modified     |    TOTAL:  72
pass   1 (xz-):   9 found -   9 modified     |    TOTAL:  81
pass   2 (xz-):   0 found -   9 modified     |    TOTAL:  81
Iteration Number : 1
pass   1 (+++):  15 found -  15 modified     |    TOTAL:  15
pass   2 (+++):   0 found -  15 modified     |    TOTAL:  15
pass   1 (+++):  25 found -  25 modified     |    TOTAL:  40
pass   2 (+++):   0 found -  25 modified     |    TOTAL:  40
pass   1 (+++):  18 found -  18 modified     |    TOTAL:  58
pass   2 (+++):   0 found -  18 modified     |    TOTAL:  58
pass   1 (+++):  10 found -  10 modified     |    TOTAL:  68
pass   2 (+++):   0 found -  10 modified     |    TOTAL:  68
Iteration Number : 1
pass   1 (++):  46 found -  46 modified     |    TOTAL:  46
pass   2 (++):   0 found -  46 modified     |    TOTAL:  46
pass   1 (+-):  38 found -  38 modified     |    TOTAL:  84
pass   2 (+-):   0 found -  38 modified     |    TOTAL:  84
pass   1 (--):  45 found -  45 modified     |    TOTAL: 129
pass   2 (--):   0 found -  45 modified     |    TOTAL: 129
pass   1 (-+):  41 found -  41 modified     |    TOTAL: 170
pass   2 (-+):   0 found -  41 modified     |    TOTAL: 170
Iteration Number : 2
pass   1 (xy+):   0 found -   0 modified     |    TOTAL:   0
pass   1 (xy-):   4 found -   4 modified     |    TOTAL:   4
pass   2 (xy-):   0 found -   4 modified     |    TOTAL:   4
pass   1 (yz+):   5 found -   5 modified     |    TOTAL:   9
pass   2 (yz+):   0 found -   5 modified     |    TOTAL:   9
pass   1 (yz-):   2 found -   2 modified     |    TOTAL:  11
pass   2 (yz-):   0 found -   2 modified     |    TOTAL:  11
pass   1 (xz+):   2 found -   2 modified     |    TOTAL:  13
pass   2 (xz+):   0 found -   2 modified     |    TOTAL:  13
pass   1 (xz-):   7 found -   7 modified     |    TOTAL:  20
pass   2 (xz-):   0 found -   7 modified     |    TOTAL:  20
Iteration Number : 2
pass   1 (+++):   0 found -   0 modified     |    TOTAL:   0
pass   1 (+++):   1 found -   1 modified     |    TOTAL:   1
pass   2 (+++):   0 found -   1 modified     |    TOTAL:   1
pass   1 (+++):   0 found -   0 modified     |    TOTAL:   1
pass   1 (+++):   0 found -   0 modified     |    TOTAL:   1
Iteration Number : 2
pass   1 (++):   2 found -   2 modified     |    TOTAL:   2
pass   2 (++):   0 found -   2 modified     |    TOTAL:   2
pass   1 (+-):   0 found -   0 modified     |    TOTAL:   2
pass   1 (--):   0 found -   0 modified     |    TOTAL:   2
pass   1 (-+):   2 found -   2 modified     |    TOTAL:   4
pass   2 (-+):   0 found -   2 modified     |    TOTAL:   4
Iteration Number : 3
pass   1 (xy+):   0 found -   0 modified     |    TOTAL:   0
pass   1 (xy-):   0 found -   0 modified     |    TOTAL:   0
pass   1 (yz+):   1 found -   1 modified     |    TOTAL:   1
pass   2 (yz+):   0 found -   1 modified     |    TOTAL:   1
pass   1 (yz-):   0 found -   0 modified     |    TOTAL:   1
pass   1 (xz+):   0 found -   0 modified     |    TOTAL:   1
pass   1 (xz-):   0 found -   0 modified     |    TOTAL:   1
Iteration Number : 3
pass   1 (+++):   0 found -   0 modified     |    TOTAL:   0
pass   1 (+++):   0 found -   0 modified     |    TOTAL:   0
pass   1 (+++):   0 found -   0 modified     |    TOTAL:   0
pass   1 (+++):   0 found -   0 modified     |    TOTAL:   0
Iteration Number : 3
pass   1 (++):   0 found -   0 modified     |    TOTAL:   0
pass   1 (+-):   0 found -   0 modified     |    TOTAL:   0
pass   1 (--):   0 found -   0 modified     |    TOTAL:   0
pass   1 (-+):   0 found -   0 modified     |    TOTAL:   0
Iteration Number : 4
pass   1 (xy+):   0 found -   0 modified     |    TOTAL:   0
pass   1 (xy-):   0 found -   0 modified     |    TOTAL:   0
pass   1 (yz+):   0 found -   0 modified     |    TOTAL:   0
pass   1 (yz-):   0 found -   0 modified     |    TOTAL:   0
pass   1 (xz+):   0 found -   0 modified     |    TOTAL:   0
pass   1 (xz-):   0 found -   0 modified     |    TOTAL:   0
Iteration Number : 4
pass   1 (+++):   0 found -   0 modified     |    TOTAL:   0
pass   1 (+++):   0 found -   0 modified     |    TOTAL:   0
pass   1 (+++):   0 found -   0 modified     |    TOTAL:   0
pass   1 (+++):   0 found -   0 modified     |    TOTAL:   0
Iteration Number : 4
pass   1 (++):   0 found -   0 modified     |    TOTAL:   0
pass   1 (+-):   0 found -   0 modified     |    TOTAL:   0
pass   1 (--):   0 found -   0 modified     |    TOTAL:   0
pass   1 (-+):   0 found -   0 modified     |    TOTAL:   0

Total Number of Modified Voxels = 345 (out of 518601: 0.066525)
binarizing input wm segmentation...
Ambiguous edge configurations... 

mri_pretess done

#--------------------------------------------
#@# Fill Sat Apr  4 13:04:28 CEST 2026
/out/sourcedata/freesurfer/sub-v1s13x0050005_ses-1/mri

 mri_fill -a ../scripts/ponscc.cut.log -xform transforms/talairach.lta -segmentation aseg.presurf.mgz -ctab /opt/freesurfer/SubCorticalMassLUT.txt wm.mgz filled.mgz 

logging cutting plane coordinates to ../scripts/ponscc.cut.log...
INFO: Using transforms/talairach.lta and its offset for Talairach volume ...
using segmentation aseg.presurf.mgz...
reading input volume...done.
searching for cutting planes...voxel to talairach voxel transform
 1.05417  -0.02183  -0.00204  -5.49629;
 0.01551   1.13715   0.29919  -59.73546;
-0.00339  -0.24881   0.98424   29.88374;
 0.00000   0.00000   0.00000   1.00000;
voxel to talairach voxel transform
 1.05417  -0.02183  -0.00204  -5.49629;
 0.01551   1.13715   0.29919  -59.73546;
-0.00339  -0.24881   0.98424   29.88374;
 0.00000   0.00000   0.00000   1.00000;
reading segmented volume aseg.presurf.mgz
removing CC from segmentation
Looking for area (min, max) = (350, 1400)
area[0] = 1308 (min = 350, max = 1400), aspect = 0.71 (min = 0.10, max = 0.75)
no need to search
using seed (127, 120, 152), TAL = (1.0, 24.0, 8.0)
talairach voxel to voxel transform
 0.94835   0.01747  -0.00335   6.35608;
-0.01294   0.82431  -0.25060   56.65826;
-0.00000   0.20844   0.95265  -16.01741;
 0.00000   0.00000   0.00000   1.00000;
segmentation indicates cc at (127,  120,  152) --> (1.0, 24.0, 8.0)
done.
filling took 1.0 minutes
talairach cc position changed to (1.00, 24.00, 8.00)
Erasing brainstem...done.
seed_search_size = 9, min_neighbors = 5
search rh wm seed point around talairach space:(19.00, 24.00, 8.00) SRC: (111.31, 116.07, 153.80)
search lh wm seed point around talairach space (-17.00, 24.00, 8.00), SRC: (145.45, 115.61, 153.80)
compute mri_fill using aseg
Erasing Brain Stem and Cerebellum ...
Define left and right masks using aseg:
Building Voronoi diagram ...
Using the Voronoi diagram for separating WM into two hemispheres ...
Find the largest connected component for each hemisphere ...
Embedding colortable
mri_fill done, writing output to filled.mgz...
 cp filled.mgz filled.auto.mgz

Started at Sat Apr 4 11:46:07 CEST 2026 
Ended   at Sat Apr 4 13:05:28 CEST 2026
#@#%# recon-all-run-time-hours 1.322
recon-all -s sub-v1s13x0050005_ses-1 finished without error at Sat Apr  4 13:05:28 CEST 2026



#New# invocation of recon-all 




Sat Apr  4 15:20:45 CEST 2026
cd /out/sourcedata/freesurfer/sub-v1s13x0050005_ses-1
setenv SUBJECTS_DIR /out/sourcedata/freesurfer
/opt/freesurfer/bin/recon-all -parallel -subjid sub-v1s13x0050005_ses-1 -sd /out/sourcedata/freesurfer -cortribbon

subjid sub-v1s13x0050005_ses-1
setenv SUBJECTS_DIR /out/sourcedata/freesurfer
FREESURFER_HOME /opt/freesurfer
Actual FREESURFER_HOME /opt/freesurfer
build-stamp.txt: freesurfer-linux-ubuntu22_x86_64-7.3.2-20220804-6354275
Linux dna055 5.14.0-427.37.1.el9_4.x86_64 #1 SMP PREEMPT_DYNAMIC Fri Sep 13 12:41:50 EDT 2024 x86_64 x86_64 x86_64 GNU/Linux
cputime      unlimited
filesize     unlimited
datasize     unlimited
stacksize    8192 kbytes
coredumpsize 0 kbytes
memoryuse    67108864 kbytes
vmemoryuse   unlimited
descriptors  1024 
memorylocked unlimited
maxproc      2061970 
maxlocks     unlimited
maxsignal    2061970 
maxmessage   819200 
maxnice      0 
maxrtprio    0 
maxrttime    unlimited

               total        used        free      shared  buff/cache   available
Mem:           503Gi        50Gi       413Gi       7.4Gi        39Gi       442Gi
Swap:             0B          0B          0B

########################################
program versions used
7.3.2 (freesurfer-linux-ubuntu22_x86_64-7.3.2-20220804-6354275)
7.3.2

ProgramName: lta_convert  ProgramArguments: lta_convert -all-info  ProgramVersion: 7.3.2  TimeStamp: 2026/04/04-13:20:45-GMT  BuildTime: Aug  4 2022 06:17:15  BuildStamp: freesurfer-linux-ubuntu22_x86_64-7.3.2-20220804-6354275  User: oesteban  Machine: dna055  Platform: Linux  PlatformVersion: 5.14.0-427.37.1.el9_4.x86_64  CompilerName: GCC  CompilerVersion: 8.4.0
ProgramName: mri_and  ProgramArguments: mri_and -all-info  ProgramVersion: 7.3.2  TimeStamp: 2026/04/04-13:20:45-GMT  BuildTime: Aug  4 2022 06:17:15  BuildStamp: freesurfer-linux-ubuntu22_x86_64-7.3.2-20220804-6354275  User: oesteban  Machine: dna055  Platform: Linux  PlatformVersion: 5.14.0-427.37.1.el9_4.x86_64  CompilerName: GCC  CompilerVersion: 8.4.0
ProgramName: mri_annotation2label  ProgramArguments: mri_annotation2label -all-info  ProgramVersion: 7.3.2  TimeStamp: 2026/04/04-13:20:45-GMT  BuildTime: Aug  4 2022 06:17:15  BuildStamp: freesurfer-linux-ubuntu22_x86_64-7.3.2-20220804-6354275  User: oesteban  Machine: dna055  Platform: Linux  PlatformVersion: 5.14.0-427.37.1.el9_4.x86_64  CompilerName: GCC  CompilerVersion: 8.4.0
ProgramName: mri_aparc2aseg  ProgramArguments: mri_aparc2aseg -all-info  ProgramVersion: 7.3.2  TimeStamp: 2026/04/04-13:20:45-GMT  BuildTime: Aug  4 2022 06:17:15  BuildStamp: freesurfer-linux-ubuntu22_x86_64-7.3.2-20220804-6354275  User: oesteban  Machine: dna055  Platform: Linux  PlatformVersion: 5.14.0-427.37.1.el9_4.x86_64  CompilerName: GCC  CompilerVersion: 8.4.0
ProgramName: mri_surf2volseg  ProgramArguments: mri_surf2volseg -all-info  ProgramVersion: 7.3.2  TimeStamp: 2026/04/04-13:20:45-GMT  BuildTime: Aug  4 2022 06:17:15  BuildStamp: freesurfer-linux-ubuntu22_x86_64-7.3.2-20220804-6354275  User: oesteban  Machine: dna055  Platform: Linux  PlatformVersion: 5.14.0-427.37.1.el9_4.x86_64  CompilerName: GCC  CompilerVersion: 8.4.0
ProgramName: mri_binarize  ProgramArguments: mri_binarize -all-info  ProgramVersion: 7.3.2  TimeStamp: 2026/04/04-13:20:45-GMT  BuildTime: Aug  4 2022 06:17:15  BuildStamp: freesurfer-linux-ubuntu22_x86_64-7.3.2-20220804-6354275  User: oesteban  Machine: dna055  Platform: Linux  PlatformVersion: 5.14.0-427.37.1.el9_4.x86_64  CompilerName: GCC  CompilerVersion: 8.4.0
ProgramName: mri_ca_label  ProgramArguments: mri_ca_label -all-info  ProgramVersion: 7.3.2  TimeStamp: 2026/04/04-13:20:45-GMT  BuildTime: Aug  4 2022 06:17:15  BuildStamp: freesurfer-linux-ubuntu22_x86_64-7.3.2-20220804-6354275  User: oesteban  Machine: dna055  Platform: Linux  PlatformVersion: 5.14.0-427.37.1.el9_4.x86_64  CompilerName: GCC  CompilerVersion: 8.4.0
ProgramName: mri_ca_normalize  ProgramArguments: mri_ca_normalize -all-info  ProgramVersion: 7.3.2  TimeStamp: 2026/04/04-13:20:45-GMT  BuildTime: Aug  4 2022 06:17:15  BuildStamp: freesurfer-linux-ubuntu22_x86_64-7.3.2-20220804-6354275  User: oesteban  Machine: dna055  Platform: Linux  PlatformVersion: 5.14.0-427.37.1.el9_4.x86_64  CompilerName: GCC  CompilerVersion: 8.4.0
ProgramName: mri_ca_register  ProgramArguments: mri_ca_register -all-info  ProgramVersion: 7.3.2  TimeStamp: 2026/04/04-13:20:45-GMT  BuildTime: Aug  4 2022 06:17:15  BuildStamp: freesurfer-linux-ubuntu22_x86_64-7.3.2-20220804-6354275  User: oesteban  Machine: dna055  Platform: Linux  PlatformVersion: 5.14.0-427.37.1.el9_4.x86_64  CompilerName: GCC  CompilerVersion: 8.4.0
ProgramName: mri_cc  ProgramArguments: mri_cc -all-info  ProgramVersion: 7.3.2  TimeStamp: 2026/04/04-13:20:45-GMT  BuildTime: Aug  4 2022 06:17:15  BuildStamp: freesurfer-linux-ubuntu22_x86_64-7.3.2-20220804-6354275  User: oesteban  Machine: dna055  Platform: Linux  PlatformVersion: 5.14.0-427.37.1.el9_4.x86_64  CompilerName: GCC  CompilerVersion: 8.4.0
ProgramName: mri_compute_overlap  ProgramArguments: mri_compute_overlap -all-info  ProgramVersion: 7.3.2  TimeStamp: 2026/04/04-13:20:45-GMT  BuildTime: Aug  4 2022 06:17:15  BuildStamp: freesurfer-linux-ubuntu22_x86_64-7.3.2-20220804-6354275  User: oesteban  Machine: dna055  Platform: Linux  PlatformVersion: 5.14.0-427.37.1.el9_4.x86_64  CompilerName: GCC  CompilerVersion: 8.4.0
ProgramName: mri_compute_seg_overlap  ProgramArguments: mri_compute_seg_overlap -all-info  ProgramVersion: 7.3.2  TimeStamp: 2026/04/04-13:20:45-GMT  BuildTime: Aug  4 2022 06:17:15  BuildStamp: freesurfer-linux-ubuntu22_x86_64-7.3.2-20220804-6354275  User: oesteban  Machine: dna055  Platform: Linux  PlatformVersion: 5.14.0-427.37.1.el9_4.x86_64  CompilerName: GCC  CompilerVersion: 8.4.0
ProgramName: mri_concat  ProgramArguments: mri_concat -all-info  ProgramVersion: 7.3.2  TimeStamp: 2026/04/04-13:20:45-GMT  BuildTime: Aug  4 2022 06:17:15  BuildStamp: freesurfer-linux-ubuntu22_x86_64-7.3.2-20220804-6354275  User: oesteban  Machine: dna055  Platform: Linux  PlatformVersion: 5.14.0-427.37.1.el9_4.x86_64  CompilerName: GCC  CompilerVersion: 8.4.0
ProgramName: mri_concatenate_lta  ProgramArguments: mri_concatenate_lta -all-info  ProgramVersion: 7.3.2  TimeStamp: 2026/04/04-13:20:45-GMT  BuildTime: Aug  4 2022 06:17:15  BuildStamp: freesurfer-linux-ubuntu22_x86_64-7.3.2-20220804-6354275  User: oesteban  Machine: dna055  Platform: Linux  PlatformVersion: 5.14.0-427.37.1.el9_4.x86_64  CompilerName: GCC  CompilerVersion: 8.4.0
mri_convert -all-info 
ProgramName: mri_convert  ProgramArguments: mri_convert -all-info  ProgramVersion: 7.3.2  TimeStamp: 2026/04/04-13:20:45-GMT  BuildTime: Aug  4 2022 06:17:15  BuildStamp: freesurfer-linux-ubuntu22_x86_64-7.3.2-20220804-6354275  User: oesteban  Machine: dna055  Platform: Linux  PlatformVersion: 5.14.0-427.37.1.el9_4.x86_64  CompilerName: GCC  CompilerVersion: 8.4.0
ProgramName: mri_diff  ProgramArguments: mri_diff -all-info  ProgramVersion: 7.3.2  TimeStamp: 2026/04/04-13:20:45-GMT  BuildTime: Aug  4 2022 06:17:15  BuildStamp: freesurfer-linux-ubuntu22_x86_64-7.3.2-20220804-6354275  User: oesteban  Machine: dna055  Platform: Linux  PlatformVersion: 5.14.0-427.37.1.el9_4.x86_64  CompilerName: GCC  CompilerVersion: 8.4.0
ProgramName: mri_edit_wm_with_aseg  ProgramArguments: mri_edit_wm_with_aseg -all-info  ProgramVersion: 7.3.2  TimeStamp: 2026/04/04-13:20:45-GMT  BuildTime: Aug  4 2022 06:17:15  BuildStamp: freesurfer-linux-ubuntu22_x86_64-7.3.2-20220804-6354275  User: oesteban  Machine: dna055  Platform: Linux  PlatformVersion: 5.14.0-427.37.1.el9_4.x86_64  CompilerName: GCC  CompilerVersion: 8.4.0
ProgramName: mri_em_register  ProgramArguments: mri_em_register -all-info  ProgramVersion: 7.3.2  TimeStamp: 2026/04/04-13:20:45-GMT  BuildTime: Aug  4 2022 06:17:15  BuildStamp: freesurfer-linux-ubuntu22_x86_64-7.3.2-20220804-6354275  User: oesteban  Machine: dna055  Platform: Linux  PlatformVersion: 5.14.0-427.37.1.el9_4.x86_64  CompilerName: GCC  CompilerVersion: 8.4.0
ProgramName: mri_fill  ProgramArguments: mri_fill -all-info  ProgramVersion: 7.3.2  TimeStamp: 2026/04/04-13:20:45-GMT  BuildTime: Aug  4 2022 06:17:15  BuildStamp: freesurfer-linux-ubuntu22_x86_64-7.3.2-20220804-6354275  User: oesteban  Machine: dna055  Platform: Linux  PlatformVersion: 5.14.0-427.37.1.el9_4.x86_64  CompilerName: GCC  CompilerVersion: 8.4.0
ProgramName: mri_fuse_segmentations  ProgramArguments: mri_fuse_segmentations -all-info  ProgramVersion: 7.3.2  TimeStamp: 2026/04/04-13:20:45-GMT  BuildTime: Aug  4 2022 06:17:15  BuildStamp: freesurfer-linux-ubuntu22_x86_64-7.3.2-20220804-6354275  User: oesteban  Machine: dna055  Platform: Linux  PlatformVersion: 5.14.0-427.37.1.el9_4.x86_64  CompilerName: GCC  CompilerVersion: 8.4.0
ProgramName: mri_fwhm  ProgramArguments: mri_fwhm -all-info  ProgramVersion: 7.3.2  TimeStamp: 2026/04/04-13:20:45-GMT  BuildTime: Aug  4 2022 06:17:15  BuildStamp: freesurfer-linux-ubuntu22_x86_64-7.3.2-20220804-6354275  User: oesteban  Machine: dna055  Platform: Linux  PlatformVersion: 5.14.0-427.37.1.el9_4.x86_64  CompilerName: GCC  CompilerVersion: 8.4.0
ProgramName: mri_gcut  ProgramArguments: mri_gcut -all-info  ProgramVersion: 7.3.2  TimeStamp: 2026/04/04-13:20:45-GMT  BuildTime: Aug  4 2022 06:17:15  BuildStamp: freesurfer-linux-ubuntu22_x86_64-7.3.2-20220804-6354275  User: oesteban  Machine: dna055  Platform: Linux  PlatformVersion: 5.14.0-427.37.1.el9_4.x86_64  CompilerName: GCC  CompilerVersion: 8.4.0
ProgramName: mri_info  ProgramArguments: mri_info -all-info  ProgramVersion: 7.3.2  TimeStamp: 2026/04/04-13:20:45-GMT  BuildTime: Aug  4 2022 06:17:15  BuildStamp: freesurfer-linux-ubuntu22_x86_64-7.3.2-20220804-6354275  User: oesteban  Machine: dna055  Platform: Linux  PlatformVersion: 5.14.0-427.37.1.el9_4.x86_64  CompilerName: GCC  CompilerVersion: 8.4.0
ProgramName: mri_label2label  ProgramArguments: mri_label2label -all-info  ProgramVersion: 7.3.2  TimeStamp: 2026/04/04-13:20:45-GMT  BuildTime: Aug  4 2022 06:17:15  BuildStamp: freesurfer-linux-ubuntu22_x86_64-7.3.2-20220804-6354275  User: oesteban  Machine: dna055  Platform: Linux  PlatformVersion: 5.14.0-427.37.1.el9_4.x86_64  CompilerName: GCC  CompilerVersion: 8.4.0
ProgramName: mri_label2vol  ProgramArguments: mri_label2vol -all-info  ProgramVersion: 7.3.2  TimeStamp: 2026/04/04-13:20:45-GMT  BuildTime: Aug  4 2022 06:17:15  BuildStamp: freesurfer-linux-ubuntu22_x86_64-7.3.2-20220804-6354275  User: oesteban  Machine: dna055  Platform: Linux  PlatformVersion: 5.14.0-427.37.1.el9_4.x86_64  CompilerName: GCC  CompilerVersion: 8.4.0
ProgramName: mri_log_likelihood  ProgramArguments: mri_log_likelihood -all-info  ProgramVersion: 7.3.2  TimeStamp: 2026/04/04-13:20:45-GMT  BuildTime: Aug  4 2022 06:17:15  BuildStamp: freesurfer-linux-ubuntu22_x86_64-7.3.2-20220804-6354275  User: oesteban  Machine: dna055  Platform: Linux  PlatformVersion: 5.14.0-427.37.1.el9_4.x86_64  CompilerName: GCC  CompilerVersion: 8.4.0
ProgramName: mri_mask  ProgramArguments: mri_mask -all-info  ProgramVersion: 7.3.2  TimeStamp: 2026/04/04-13:20:45-GMT  BuildTime: Aug  4 2022 06:17:15  BuildStamp: freesurfer-linux-ubuntu22_x86_64-7.3.2-20220804-6354275  User: oesteban  Machine: dna055  Platform: Linux  PlatformVersion: 5.14.0-427.37.1.el9_4.x86_64  CompilerName: GCC  CompilerVersion: 8.4.0
ProgramName: mri_matrix_multiply  ProgramArguments: mri_matrix_multiply -all-info  ProgramVersion: 7.3.2  TimeStamp: 2026/04/04-13:20:45-GMT  BuildTime: Aug  4 2022 06:17:15  BuildStamp: freesurfer-linux-ubuntu22_x86_64-7.3.2-20220804-6354275  User: oesteban  Machine: dna055  Platform: Linux  PlatformVersion: 5.14.0-427.37.1.el9_4.x86_64  CompilerName: GCC  CompilerVersion: 8.4.0
ProgramName: mri_normalize  ProgramArguments: mri_normalize -all-info  ProgramVersion: 7.3.2  TimeStamp: 2026/04/04-13:20:45-GMT  BuildTime: Aug  4 2022 06:17:15  BuildStamp: freesurfer-linux-ubuntu22_x86_64-7.3.2-20220804-6354275  User: oesteban  Machine: dna055  Platform: Linux  PlatformVersion: 5.14.0-427.37.1.el9_4.x86_64  CompilerName: GCC  CompilerVersion: 8.4.0
ProgramName: mri_normalize_tp2  ProgramArguments: mri_normalize_tp2 -all-info  ProgramVersion: 7.3.2  TimeStamp: 2026/04/04-13:20:45-GMT  BuildTime: Aug  4 2022 06:17:15  BuildStamp: freesurfer-linux-ubuntu22_x86_64-7.3.2-20220804-6354275  User: oesteban  Machine: dna055  Platform: Linux  PlatformVersion: 5.14.0-427.37.1.el9_4.x86_64  CompilerName: GCC  CompilerVersion: 8.4.0
ProgramName: mri_or  ProgramArguments: mri_or -all-info  ProgramVersion: 7.3.2  TimeStamp: 2026/04/04-13:20:45-GMT  BuildTime: Aug  4 2022 06:17:15  BuildStamp: freesurfer-linux-ubuntu22_x86_64-7.3.2-20220804-6354275  User: oesteban  Machine: dna055  Platform: Linux  PlatformVersion: 5.14.0-427.37.1.el9_4.x86_64  CompilerName: GCC  CompilerVersion: 8.4.0
ProgramName: mri_relabel_hypointensities  ProgramArguments: mri_relabel_hypointensities -all-info  ProgramVersion: 7.3.2  TimeStamp: 2026/04/04-13:20:45-GMT  BuildTime: Aug  4 2022 06:17:15  BuildStamp: freesurfer-linux-ubuntu22_x86_64-7.3.2-20220804-6354275  User: oesteban  Machine: dna055  Platform: Linux  PlatformVersion: 5.14.0-427.37.1.el9_4.x86_64  CompilerName: GCC  CompilerVersion: 8.4.0
ProgramName: mri_relabel_nonwm_hypos  ProgramArguments: mri_relabel_nonwm_hypos -all-info  ProgramVersion: 7.3.2  TimeStamp: 2026/04/04-13:20:45-GMT  BuildTime: Aug  4 2022 06:17:15  BuildStamp: freesurfer-linux-ubuntu22_x86_64-7.3.2-20220804-6354275  User: oesteban  Machine: dna055  Platform: Linux  PlatformVersion: 5.14.0-427.37.1.el9_4.x86_64  CompilerName: GCC  CompilerVersion: 8.4.0
ProgramName: mri_remove_neck  ProgramArguments: mri_remove_neck -all-info  ProgramVersion: 7.3.2  TimeStamp: 2026/04/04-13:20:45-GMT  BuildTime: Aug  4 2022 06:17:15  BuildStamp: freesurfer-linux-ubuntu22_x86_64-7.3.2-20220804-6354275  User: oesteban  Machine: dna055  Platform: Linux  PlatformVersion: 5.14.0-427.37.1.el9_4.x86_64  CompilerName: GCC  CompilerVersion: 8.4.0
7.3.2

ProgramName: mri_robust_register  ProgramArguments: mri_robust_register -all-info  ProgramVersion: 7.3.2  TimeStamp: 2026/04/04-13:20:45-GMT  BuildTime: Aug  4 2022 06:17:15  BuildStamp: freesurfer-linux-ubuntu22_x86_64-7.3.2-20220804-6354275  User: oesteban  Machine: dna055  Platform: Linux  PlatformVersion: 5.14.0-427.37.1.el9_4.x86_64  CompilerName: GCC  CompilerVersion: 8.4.0
7.3.2

ProgramName: mri_robust_template  ProgramArguments: mri_robust_template -all-info  ProgramVersion: 7.3.2  TimeStamp: 2026/04/04-13:20:45-GMT  BuildTime: Aug  4 2022 06:17:15  BuildStamp: freesurfer-linux-ubuntu22_x86_64-7.3.2-20220804-6354275  User: oesteban  Machine: dna055  Platform: Linux  PlatformVersion: 5.14.0-427.37.1.el9_4.x86_64  CompilerName: GCC  CompilerVersion: 8.4.0
ProgramName: mris_anatomical_stats  ProgramArguments: mris_anatomical_stats -all-info  ProgramVersion: 7.3.2  TimeStamp: 2026/04/04-13:20:45-GMT  BuildTime: Aug  4 2022 06:17:15  BuildStamp: freesurfer-linux-ubuntu22_x86_64-7.3.2-20220804-6354275  User: oesteban  Machine: dna055  Platform: Linux  PlatformVersion: 5.14.0-427.37.1.el9_4.x86_64  CompilerName: GCC  CompilerVersion: 8.4.0
ProgramName: mris_ca_label  ProgramArguments: mris_ca_label -all-info  ProgramVersion: 7.3.2  TimeStamp: 2026/04/04-13:20:45-GMT  BuildTime: Aug  4 2022 06:17:15  BuildStamp: freesurfer-linux-ubuntu22_x86_64-7.3.2-20220804-6354275  User: oesteban  Machine: dna055  Platform: Linux  PlatformVersion: 5.14.0-427.37.1.el9_4.x86_64  CompilerName: GCC  CompilerVersion: 8.4.0
ProgramName: mris_calc  ProgramArguments: mris_calc -all-info  ProgramVersion: 7.3.2  TimeStamp: 2026/04/04-13:20:45-GMT  BuildTime: Aug  4 2022 06:17:15  BuildStamp: freesurfer-linux-ubuntu22_x86_64-7.3.2-20220804-6354275  User: oesteban  Machine: dna055  Platform: Linux  PlatformVersion: 5.14.0-427.37.1.el9_4.x86_64  CompilerName: GCC  CompilerVersion: 8.4.0
ProgramName: mris_convert  ProgramArguments: mris_convert -all-info  ProgramVersion: 7.3.2  TimeStamp: 2026/04/04-13:20:45-GMT  BuildTime: Aug  4 2022 06:17:15  BuildStamp: freesurfer-linux-ubuntu22_x86_64-7.3.2-20220804-6354275  User: oesteban  Machine: dna055  Platform: Linux  PlatformVersion: 5.14.0-427.37.1.el9_4.x86_64  CompilerName: GCC  CompilerVersion: 8.4.0
ProgramName: mris_curvature  ProgramArguments: mris_curvature -all-info  ProgramVersion: 7.3.2  TimeStamp: 2026/04/04-13:20:45-GMT  BuildTime: Aug  4 2022 06:17:15  BuildStamp: freesurfer-linux-ubuntu22_x86_64-7.3.2-20220804-6354275  User: oesteban  Machine: dna055  Platform: Linux  PlatformVersion: 5.14.0-427.37.1.el9_4.x86_64  CompilerName: GCC  CompilerVersion: 8.4.0
ProgramName: mris_curvature_stats  ProgramArguments: mris_curvature_stats -all-info  ProgramVersion: 7.3.2  TimeStamp: 2026/04/04-13:20:45-GMT  BuildTime: Aug  4 2022 06:17:15  BuildStamp: freesurfer-linux-ubuntu22_x86_64-7.3.2-20220804-6354275  User: oesteban  Machine: dna055  Platform: Linux  PlatformVersion: 5.14.0-427.37.1.el9_4.x86_64  CompilerName: GCC  CompilerVersion: 8.4.0
ProgramName: mris_diff  ProgramArguments: mris_diff -all-info  ProgramVersion: 7.3.2  TimeStamp: 2026/04/04-13:20:45-GMT  BuildTime: Aug  4 2022 06:17:15  BuildStamp: freesurfer-linux-ubuntu22_x86_64-7.3.2-20220804-6354275  User: oesteban  Machine: dna055  Platform: Linux  PlatformVersion: 5.14.0-427.37.1.el9_4.x86_64  CompilerName: GCC  CompilerVersion: 8.4.0
ProgramName: mris_divide_parcellation  ProgramArguments: mris_divide_parcellation -all-info  ProgramVersion: 7.3.2  TimeStamp: 2026/04/04-13:20:45-GMT  BuildTime: Aug  4 2022 06:17:15  BuildStamp: freesurfer-linux-ubuntu22_x86_64-7.3.2-20220804-6354275  User: oesteban  Machine: dna055  Platform: Linux  PlatformVersion: 5.14.0-427.37.1.el9_4.x86_64  CompilerName: GCC  CompilerVersion: 8.4.0
ProgramName: mri_segment  ProgramArguments: mri_segment -all-info  ProgramVersion: 7.3.2  TimeStamp: 2026/04/04-13:20:45-GMT  BuildTime: Aug  4 2022 06:17:15  BuildStamp: freesurfer-linux-ubuntu22_x86_64-7.3.2-20220804-6354275  User: oesteban  Machine: dna055  Platform: Linux  PlatformVersion: 5.14.0-427.37.1.el9_4.x86_64  CompilerName: GCC  CompilerVersion: 8.4.0
ProgramName: mri_segstats  ProgramArguments: mri_segstats -all-info  ProgramVersion: 7.3.2  TimeStamp: 2026/04/04-13:20:45-GMT  BuildTime: Aug  4 2022 06:17:15  BuildStamp: freesurfer-linux-ubuntu22_x86_64-7.3.2-20220804-6354275  User: oesteban  Machine: dna055  Platform: Linux  PlatformVersion: 5.14.0-427.37.1.el9_4.x86_64  CompilerName: GCC  CompilerVersion: 8.4.0
ProgramName: mris_euler_number  ProgramArguments: mris_euler_number -all-info  ProgramVersion: 7.3.2  TimeStamp: 2026/04/04-13:20:45-GMT  BuildTime: Aug  4 2022 06:17:15  BuildStamp: freesurfer-linux-ubuntu22_x86_64-7.3.2-20220804-6354275  User: oesteban  Machine: dna055  Platform: Linux  PlatformVersion: 5.14.0-427.37.1.el9_4.x86_64  CompilerName: GCC  CompilerVersion: 8.4.0
ProgramName: mris_fix_topology  ProgramArguments: mris_fix_topology -all-info  ProgramVersion: 7.3.2  TimeStamp: 2026/04/04-13:20:45-GMT  BuildTime: Aug  4 2022 06:17:15  BuildStamp: freesurfer-linux-ubuntu22_x86_64-7.3.2-20220804-6354275  User: oesteban  Machine: dna055  Platform: Linux  PlatformVersion: 5.14.0-427.37.1.el9_4.x86_64  CompilerName: GCC  CompilerVersion: 8.4.0
ProgramName: mris_topo_fixer  ProgramArguments: mris_topo_fixer -all-info  ProgramVersion: 7.3.2  TimeStamp: 2026/04/04-13:20:45-GMT  BuildTime: Aug  4 2022 06:17:15  BuildStamp: freesurfer-linux-ubuntu22_x86_64-7.3.2-20220804-6354275  User: oesteban  Machine: dna055  Platform: Linux  PlatformVersion: 5.14.0-427.37.1.el9_4.x86_64  CompilerName: GCC  CompilerVersion: 8.4.0
ProgramName: mris_jacobian  ProgramArguments: mris_jacobian -all-info  ProgramVersion: 7.3.2  TimeStamp: 2026/04/04-13:20:45-GMT  BuildTime: Aug  4 2022 06:17:15  BuildStamp: freesurfer-linux-ubuntu22_x86_64-7.3.2-20220804-6354275  User: oesteban  Machine: dna055  Platform: Linux  PlatformVersion: 5.14.0-427.37.1.el9_4.x86_64  CompilerName: GCC  CompilerVersion: 8.4.0
ProgramName: mris_label2annot  ProgramArguments: mris_label2annot -all-info  ProgramVersion: 7.3.2  TimeStamp: 2026/04/04-13:20:45-GMT  BuildTime: Aug  4 2022 06:17:15  BuildStamp: freesurfer-linux-ubuntu22_x86_64-7.3.2-20220804-6354275  User: oesteban  Machine: dna055  Platform: Linux  PlatformVersion: 5.14.0-427.37.1.el9_4.x86_64  CompilerName: GCC  CompilerVersion: 8.4.0
ProgramName: mris_left_right_register  ProgramArguments: mris_left_right_register -all-info  ProgramVersion: 7.3.2  TimeStamp: 2026/04/04-13:20:45-GMT  BuildTime: Aug  4 2022 06:17:15  BuildStamp: freesurfer-linux-ubuntu22_x86_64-7.3.2-20220804-6354275  User: oesteban  Machine: dna055  Platform: Linux  PlatformVersion: 5.14.0-427.37.1.el9_4.x86_64  CompilerName: GCC  CompilerVersion: 8.4.0
ProgramName: mris_place_surface  ProgramArguments: mris_place_surface -all-info  ProgramVersion: 7.3.2  TimeStamp: 2026/04/04-13:20:45-GMT  BuildTime: Aug  4 2022 06:17:15  BuildStamp: freesurfer-linux-ubuntu22_x86_64-7.3.2-20220804-6354275  User: oesteban  Machine: dna055  Platform: Linux  PlatformVersion: 5.14.0-427.37.1.el9_4.x86_64  CompilerName: GCC  CompilerVersion: 8.4.0
ProgramName: mrisp_paint  ProgramArguments: mrisp_paint -all-info  ProgramVersion: 7.3.2  TimeStamp: 2026/04/04-13:20:45-GMT  BuildTime: Aug  4 2022 06:17:15  BuildStamp: freesurfer-linux-ubuntu22_x86_64-7.3.2-20220804-6354275  User: oesteban  Machine: dna055  Platform: Linux  PlatformVersion: 5.14.0-427.37.1.el9_4.x86_64  CompilerName: GCC  CompilerVersion: 8.4.0
ProgramName: mris_register  ProgramArguments: mris_register -all-info  ProgramVersion: 7.3.2  TimeStamp: 2026/04/04-13:20:45-GMT  BuildTime: Aug  4 2022 06:17:15  BuildStamp: freesurfer-linux-ubuntu22_x86_64-7.3.2-20220804-6354275  User: oesteban  Machine: dna055  Platform: Linux  PlatformVersion: 5.14.0-427.37.1.el9_4.x86_64  CompilerName: GCC  CompilerVersion: 8.4.0
ProgramName: mris_smooth  ProgramArguments: mris_smooth -all-info  ProgramVersion: 7.3.2  TimeStamp: 2026/04/04-13:20:45-GMT  BuildTime: Aug  4 2022 06:17:15  BuildStamp: freesurfer-linux-ubuntu22_x86_64-7.3.2-20220804-6354275  User: oesteban  Machine: dna055  Platform: Linux  PlatformVersion: 5.14.0-427.37.1.el9_4.x86_64  CompilerName: GCC  CompilerVersion: 8.4.0
ProgramName: mris_sphere  ProgramArguments: mris_sphere -all-info  ProgramVersion: 7.3.2  TimeStamp: 2026/04/04-13:20:45-GMT  BuildTime: Aug  4 2022 06:17:15  BuildStamp: freesurfer-linux-ubuntu22_x86_64-7.3.2-20220804-6354275  User: oesteban  Machine: dna055  Platform: Linux  PlatformVersion: 5.14.0-427.37.1.el9_4.x86_64  CompilerName: GCC  CompilerVersion: 8.4.0
ProgramName: mris_surface_stats  ProgramArguments: mris_surface_stats -all-info  ProgramVersion: 7.3.2  TimeStamp: 2026/04/04-13:20:45-GMT  BuildTime: Aug  4 2022 06:17:15  BuildStamp: freesurfer-linux-ubuntu22_x86_64-7.3.2-20220804-6354275  User: oesteban  Machine: dna055  Platform: Linux  PlatformVersion: 5.14.0-427.37.1.el9_4.x86_64  CompilerName: GCC  CompilerVersion: 8.4.0
ProgramName: mri_stats2seg  ProgramArguments: mri_stats2seg -all-info  ProgramVersion: 7.3.2  TimeStamp: 2026/04/04-13:20:45-GMT  BuildTime: Aug  4 2022 06:17:15  BuildStamp: freesurfer-linux-ubuntu22_x86_64-7.3.2-20220804-6354275  User: oesteban  Machine: dna055  Platform: Linux  PlatformVersion: 5.14.0-427.37.1.el9_4.x86_64  CompilerName: GCC  CompilerVersion: 8.4.0
ProgramName: mris_thickness  ProgramArguments: mris_thickness -all-info  ProgramVersion: 7.3.2  TimeStamp: 2026/04/04-13:20:45-GMT  BuildTime: Aug  4 2022 06:17:15  BuildStamp: freesurfer-linux-ubuntu22_x86_64-7.3.2-20220804-6354275  User: oesteban  Machine: dna055  Platform: Linux  PlatformVersion: 5.14.0-427.37.1.el9_4.x86_64  CompilerName: GCC  CompilerVersion: 8.4.0
ProgramName: mris_thickness_diff  ProgramArguments: mris_thickness_diff -all-info  ProgramVersion: 7.3.2  TimeStamp: 2026/04/04-13:20:45-GMT  BuildTime: Aug  4 2022 06:17:15  BuildStamp: freesurfer-linux-ubuntu22_x86_64-7.3.2-20220804-6354275  User: oesteban  Machine: dna055  Platform: Linux  PlatformVersion: 5.14.0-427.37.1.el9_4.x86_64  CompilerName: GCC  CompilerVersion: 8.4.0
ProgramName: mris_topo_fixer  ProgramArguments: mris_topo_fixer -all-info  ProgramVersion: 7.3.2  TimeStamp: 2026/04/04-13:20:45-GMT  BuildTime: Aug  4 2022 06:17:15  BuildStamp: freesurfer-linux-ubuntu22_x86_64-7.3.2-20220804-6354275  User: oesteban  Machine: dna055  Platform: Linux  PlatformVersion: 5.14.0-427.37.1.el9_4.x86_64  CompilerName: GCC  CompilerVersion: 8.4.0
ProgramName: mri_surf2surf  ProgramArguments: mri_surf2surf -all-info  ProgramVersion: 7.3.2  TimeStamp: 2026/04/04-13:20:45-GMT  BuildTime: Aug  4 2022 06:17:15  BuildStamp: freesurfer-linux-ubuntu22_x86_64-7.3.2-20220804-6354275  User: oesteban  Machine: dna055  Platform: Linux  PlatformVersion: 5.14.0-427.37.1.el9_4.x86_64  CompilerName: GCC  CompilerVersion: 8.4.0
ProgramName: mri_surf2vol  ProgramArguments: mri_surf2vol -all-info  ProgramVersion: 7.3.2  TimeStamp: 2026/04/04-13:20:45-GMT  BuildTime: Aug  4 2022 06:17:15  BuildStamp: freesurfer-linux-ubuntu22_x86_64-7.3.2-20220804-6354275  User: oesteban  Machine: dna055  Platform: Linux  PlatformVersion: 5.14.0-427.37.1.el9_4.x86_64  CompilerName: GCC  CompilerVersion: 8.4.0
ProgramName: mri_surfcluster  ProgramArguments: mri_surfcluster -all-info  ProgramVersion: 7.3.2  TimeStamp: 2026/04/04-13:20:45-GMT  BuildTime: Aug  4 2022 06:17:15  BuildStamp: freesurfer-linux-ubuntu22_x86_64-7.3.2-20220804-6354275  User: oesteban  Machine: dna055  Platform: Linux  PlatformVersion: 5.14.0-427.37.1.el9_4.x86_64  CompilerName: GCC  CompilerVersion: 8.4.0
ProgramName: mris_volmask  ProgramArguments: mris_volmask -all-info  ProgramVersion: 7.3.2  TimeStamp: 2026/04/04-13:20:45-GMT  BuildTime: Aug  4 2022 06:17:15  BuildStamp: freesurfer-linux-ubuntu22_x86_64-7.3.2-20220804-6354275  User: oesteban  Machine: dna055  Platform: Linux  PlatformVersion: 5.14.0-427.37.1.el9_4.x86_64  CompilerName: GCC  CompilerVersion: 8.4.0
ProgramName: mri_tessellate  ProgramArguments: mri_tessellate -all-info  ProgramVersion: 7.3.2  TimeStamp: 2026/04/04-13:20:45-GMT  BuildTime: Aug  4 2022 06:17:15  BuildStamp: freesurfer-linux-ubuntu22_x86_64-7.3.2-20220804-6354275  User: oesteban  Machine: dna055  Platform: Linux  PlatformVersion: 5.14.0-427.37.1.el9_4.x86_64  CompilerName: GCC  CompilerVersion: 8.4.0
ProgramName: mri_vol2surf  ProgramArguments: mri_vol2surf -all-info  ProgramVersion: 7.3.2  TimeStamp: 2026/04/04-13:20:45-GMT  BuildTime: Aug  4 2022 06:17:15  BuildStamp: freesurfer-linux-ubuntu22_x86_64-7.3.2-20220804-6354275  User: oesteban  Machine: dna055  Platform: Linux  PlatformVersion: 5.14.0-427.37.1.el9_4.x86_64  CompilerName: GCC  CompilerVersion: 8.4.0
ProgramName: mri_vol2vol  ProgramArguments: mri_vol2vol -all-info  ProgramVersion: 7.3.2  TimeStamp: 2026/04/04-13:20:45-GMT  BuildTime: Aug  4 2022 06:17:15  BuildStamp: freesurfer-linux-ubuntu22_x86_64-7.3.2-20220804-6354275  User: oesteban  Machine: dna055  Platform: Linux  PlatformVersion: 5.14.0-427.37.1.el9_4.x86_64  CompilerName: GCC  CompilerVersion: 8.4.0
ProgramName: mri_voldiff  ProgramArguments: mri_voldiff -all-info  ProgramVersion: 7.3.2  TimeStamp: 2026/04/04-13:20:45-GMT  BuildTime: Aug  4 2022 06:17:15  BuildStamp: freesurfer-linux-ubuntu22_x86_64-7.3.2-20220804-6354275  User: oesteban  Machine: dna055  Platform: Linux  PlatformVersion: 5.14.0-427.37.1.el9_4.x86_64  CompilerName: GCC  CompilerVersion: 8.4.0
ProgramName: mri_watershed  ProgramArguments: mri_watershed -all-info  ProgramVersion: 7.3.2  TimeStamp: 2026/04/04-13:20:45-GMT  BuildTime: Aug  4 2022 06:17:15  BuildStamp: freesurfer-linux-ubuntu22_x86_64-7.3.2-20220804-6354275  User: oesteban  Machine: dna055  Platform: Linux  PlatformVersion: 5.14.0-427.37.1.el9_4.x86_64  CompilerName: GCC  CompilerVersion: 8.4.0
ProgramName: tkregister2  ProgramArguments: tkregister2_cmdl -all-info  ProgramVersion: 7.3.2  TimeStamp: 2026/04/04-13:20:45-GMT  BuildTime: Aug  4 2022 06:17:15  BuildStamp: freesurfer-linux-ubuntu22_x86_64-7.3.2-20220804-6354275  User: oesteban  Machine: dna055  Platform: Linux  PlatformVersion: 5.14.0-427.37.1.el9_4.x86_64  CompilerName: GCC  CompilerVersion: 8.4.0
mri_motion_correct.fsl 7.3.2
mri_convert -all-info 
ProgramName: mri_convert  ProgramArguments: mri_convert -all-info  ProgramVersion: 7.3.2  TimeStamp: 2026/04/04-13:20:45-GMT  BuildTime: Aug  4 2022 06:17:15  BuildStamp: freesurfer-linux-ubuntu22_x86_64-7.3.2-20220804-6354275  User: oesteban  Machine: dna055  Platform: Linux  PlatformVersion: 5.14.0-427.37.1.el9_4.x86_64  CompilerName: GCC  CompilerVersion: 8.4.0
Program nu_correct, built from:
Package MNI N3, version 1.12.0, compiled by nicks@terrier (x86_64-unknown-linux-gnu) on 2015-06-19 at 01:25:34
#######################################
GCADIR /opt/freesurfer/average
GCA RB_all_2020-01-02.gca
GCASkull RB_all_withskull_2020_01_02.gca
AvgCurvTif folding.atlas.acfb40.noaparc.i12.2016-08-02.tif
GCSDIR /opt/freesurfer/average
GCS DKaparc.atlas.acfb40.noaparc.i12.2016-08-02.gcs
#######################################
#@# white curv lh Sat Apr  4 15:20:45 CEST 2026
cd /out/sourcedata/freesurfer/sub-v1s13x0050005_ses-1/mri
mris_place_surface --curv-map ../surf/lh.white 2 10 ../surf/lh.curv
   Update not needed
#@# white area lh Sat Apr  4 15:20:45 CEST 2026
cd /out/sourcedata/freesurfer/sub-v1s13x0050005_ses-1/mri
mris_place_surface --area-map ../surf/lh.white ../surf/lh.area
   Update not needed
#@# pial curv lh Sat Apr  4 15:20:45 CEST 2026
cd /out/sourcedata/freesurfer/sub-v1s13x0050005_ses-1/mri
mris_place_surface --curv-map ../surf/lh.pial 2 10 ../surf/lh.curv.pial
   Update not needed
#@# pial area lh Sat Apr  4 15:20:45 CEST 2026
cd /out/sourcedata/freesurfer/sub-v1s13x0050005_ses-1/mri
mris_place_surface --area-map ../surf/lh.pial ../surf/lh.area.pial
   Update not needed
#@# thickness lh Sat Apr  4 15:20:45 CEST 2026
cd /out/sourcedata/freesurfer/sub-v1s13x0050005_ses-1/mri
mris_place_surface --thickness ../surf/lh.white ../surf/lh.pial 20 5 ../surf/lh.thickness
   Update not needed
#@# area and vertex vol lh Sat Apr  4 15:20:45 CEST 2026
cd /out/sourcedata/freesurfer/sub-v1s13x0050005_ses-1/mri
mris_place_surface --thickness ../surf/lh.white ../surf/lh.pial 20 5 ../surf/lh.thickness
   Update not needed
#@# white curv rh Sat Apr  4 15:20:45 CEST 2026
cd /out/sourcedata/freesurfer/sub-v1s13x0050005_ses-1/mri
mris_place_surface --curv-map ../surf/rh.white 2 10 ../surf/rh.curv
   Update not needed
#@# white area rh Sat Apr  4 15:20:45 CEST 2026
cd /out/sourcedata/freesurfer/sub-v1s13x0050005_ses-1/mri
mris_place_surface --area-map ../surf/rh.white ../surf/rh.area
   Update not needed
#@# pial curv rh Sat Apr  4 15:20:45 CEST 2026
cd /out/sourcedata/freesurfer/sub-v1s13x0050005_ses-1/mri
mris_place_surface --curv-map ../surf/rh.pial 2 10 ../surf/rh.curv.pial
   Update not needed
#@# pial area rh Sat Apr  4 15:20:45 CEST 2026
cd /out/sourcedata/freesurfer/sub-v1s13x0050005_ses-1/mri
mris_place_surface --area-map ../surf/rh.pial ../surf/rh.area.pial
   Update not needed
#@# thickness rh Sat Apr  4 15:20:45 CEST 2026
cd /out/sourcedata/freesurfer/sub-v1s13x0050005_ses-1/mri
mris_place_surface --thickness ../surf/rh.white ../surf/rh.pial 20 5 ../surf/rh.thickness
   Update not needed
#@# area and vertex vol rh Sat Apr  4 15:20:45 CEST 2026
cd /out/sourcedata/freesurfer/sub-v1s13x0050005_ses-1/mri
mris_place_surface --thickness ../surf/rh.white ../surf/rh.pial 20 5 ../surf/rh.thickness
   Update not needed
#--------------------------------------------
#@# Cortical ribbon mask Sat Apr  4 15:20:45 CEST 2026
/out/sourcedata/freesurfer/sub-v1s13x0050005_ses-1/mri

 mris_volmask --aseg_name aseg.presurf --label_left_white 2 --label_left_ribbon 3 --label_right_white 41 --label_right_ribbon 42 --save_ribbon sub-v1s13x0050005_ses-1 

SUBJECTS_DIR is /out/sourcedata/freesurfer
loading input data...
Running hemis serially
Processing left hemi
computing distance to left white surface 
computing distance to left pial surface 
Processing right hemi
computing distance to right white surface 
computing distance to right pial surface 
 hemi masks overlap voxels = 94
writing volume /out/sourcedata/freesurfer/sub-v1s13x0050005_ses-1/mri/ribbon.mgz
mris_volmask took 3.47 minutes
 writing ribbon files

Started at Sat Apr 4 15:20:44 CEST 2026 
Ended   at Sat Apr 4 15:24:13 CEST 2026
#@#%# recon-all-run-time-hours 0.058
recon-all -s sub-v1s13x0050005_ses-1 finished without error at Sat Apr  4 15:24:13 CEST 2026



#New# invocation of recon-all 




Sat Apr  4 15:30:01 CEST 2026
cd /out/sourcedata/freesurfer/sub-v1s13x0050005_ses-1
setenv SUBJECTS_DIR /out/sourcedata/freesurfer
/opt/freesurfer/bin/recon-all -autorecon3 -openmp 16 -subjid sub-v1s13x0050005_ses-1 -sd /out/sourcedata/freesurfer -nosphere -nosurfreg -nojacobian_white -noavgcurv -nocortparc -nopial -noparcstats -nocortparc2 -noparcstats2 -nocortparc3 -noparcstats3 -nopctsurfcon -nocortribbon -nobalabels

subjid sub-v1s13x0050005_ses-1
setenv SUBJECTS_DIR /out/sourcedata/freesurfer
FREESURFER_HOME /opt/freesurfer
Actual FREESURFER_HOME /opt/freesurfer
build-stamp.txt: freesurfer-linux-ubuntu22_x86_64-7.3.2-20220804-6354275
Linux dna055 5.14.0-427.37.1.el9_4.x86_64 #1 SMP PREEMPT_DYNAMIC Fri Sep 13 12:41:50 EDT 2024 x86_64 x86_64 x86_64 GNU/Linux
cputime      unlimited
filesize     unlimited
datasize     unlimited
stacksize    8192 kbytes
coredumpsize 0 kbytes
memoryuse    67108864 kbytes
vmemoryuse   unlimited
descriptors  1024 
memorylocked unlimited
maxproc      2061970 
maxlocks     unlimited
maxsignal    2061970 
maxmessage   819200 
maxnice      0 
maxrtprio    0 
maxrttime    unlimited

               total        used        free      shared  buff/cache   available
Mem:           503Gi        50Gi       413Gi       7.4Gi        39Gi       442Gi
Swap:             0B          0B          0B

########################################
program versions used
7.3.2 (freesurfer-linux-ubuntu22_x86_64-7.3.2-20220804-6354275)
7.3.2

ProgramName: lta_convert  ProgramArguments: lta_convert -all-info  ProgramVersion: 7.3.2  TimeStamp: 2026/04/04-13:30:01-GMT  BuildTime: Aug  4 2022 06:17:15  BuildStamp: freesurfer-linux-ubuntu22_x86_64-7.3.2-20220804-6354275  User: oesteban  Machine: dna055  Platform: Linux  PlatformVersion: 5.14.0-427.37.1.el9_4.x86_64  CompilerName: GCC  CompilerVersion: 8.4.0
ProgramName: mri_and  ProgramArguments: mri_and -all-info  ProgramVersion: 7.3.2  TimeStamp: 2026/04/04-13:30:01-GMT  BuildTime: Aug  4 2022 06:17:15  BuildStamp: freesurfer-linux-ubuntu22_x86_64-7.3.2-20220804-6354275  User: oesteban  Machine: dna055  Platform: Linux  PlatformVersion: 5.14.0-427.37.1.el9_4.x86_64  CompilerName: GCC  CompilerVersion: 8.4.0
ProgramName: mri_annotation2label  ProgramArguments: mri_annotation2label -all-info  ProgramVersion: 7.3.2  TimeStamp: 2026/04/04-13:30:01-GMT  BuildTime: Aug  4 2022 06:17:15  BuildStamp: freesurfer-linux-ubuntu22_x86_64-7.3.2-20220804-6354275  User: oesteban  Machine: dna055  Platform: Linux  PlatformVersion: 5.14.0-427.37.1.el9_4.x86_64  CompilerName: GCC  CompilerVersion: 8.4.0
ProgramName: mri_aparc2aseg  ProgramArguments: mri_aparc2aseg -all-info  ProgramVersion: 7.3.2  TimeStamp: 2026/04/04-13:30:01-GMT  BuildTime: Aug  4 2022 06:17:15  BuildStamp: freesurfer-linux-ubuntu22_x86_64-7.3.2-20220804-6354275  User: oesteban  Machine: dna055  Platform: Linux  PlatformVersion: 5.14.0-427.37.1.el9_4.x86_64  CompilerName: GCC  CompilerVersion: 8.4.0
ProgramName: mri_surf2volseg  ProgramArguments: mri_surf2volseg -all-info  ProgramVersion: 7.3.2  TimeStamp: 2026/04/04-13:30:01-GMT  BuildTime: Aug  4 2022 06:17:15  BuildStamp: freesurfer-linux-ubuntu22_x86_64-7.3.2-20220804-6354275  User: oesteban  Machine: dna055  Platform: Linux  PlatformVersion: 5.14.0-427.37.1.el9_4.x86_64  CompilerName: GCC  CompilerVersion: 8.4.0
ProgramName: mri_binarize  ProgramArguments: mri_binarize -all-info  ProgramVersion: 7.3.2  TimeStamp: 2026/04/04-13:30:01-GMT  BuildTime: Aug  4 2022 06:17:15  BuildStamp: freesurfer-linux-ubuntu22_x86_64-7.3.2-20220804-6354275  User: oesteban  Machine: dna055  Platform: Linux  PlatformVersion: 5.14.0-427.37.1.el9_4.x86_64  CompilerName: GCC  CompilerVersion: 8.4.0
ProgramName: mri_ca_label  ProgramArguments: mri_ca_label -all-info  ProgramVersion: 7.3.2  TimeStamp: 2026/04/04-13:30:01-GMT  BuildTime: Aug  4 2022 06:17:15  BuildStamp: freesurfer-linux-ubuntu22_x86_64-7.3.2-20220804-6354275  User: oesteban  Machine: dna055  Platform: Linux  PlatformVersion: 5.14.0-427.37.1.el9_4.x86_64  CompilerName: GCC  CompilerVersion: 8.4.0
ProgramName: mri_ca_normalize  ProgramArguments: mri_ca_normalize -all-info  ProgramVersion: 7.3.2  TimeStamp: 2026/04/04-13:30:01-GMT  BuildTime: Aug  4 2022 06:17:15  BuildStamp: freesurfer-linux-ubuntu22_x86_64-7.3.2-20220804-6354275  User: oesteban  Machine: dna055  Platform: Linux  PlatformVersion: 5.14.0-427.37.1.el9_4.x86_64  CompilerName: GCC  CompilerVersion: 8.4.0
ProgramName: mri_ca_register  ProgramArguments: mri_ca_register -all-info  ProgramVersion: 7.3.2  TimeStamp: 2026/04/04-13:30:01-GMT  BuildTime: Aug  4 2022 06:17:15  BuildStamp: freesurfer-linux-ubuntu22_x86_64-7.3.2-20220804-6354275  User: oesteban  Machine: dna055  Platform: Linux  PlatformVersion: 5.14.0-427.37.1.el9_4.x86_64  CompilerName: GCC  CompilerVersion: 8.4.0
ProgramName: mri_cc  ProgramArguments: mri_cc -all-info  ProgramVersion: 7.3.2  TimeStamp: 2026/04/04-13:30:01-GMT  BuildTime: Aug  4 2022 06:17:15  BuildStamp: freesurfer-linux-ubuntu22_x86_64-7.3.2-20220804-6354275  User: oesteban  Machine: dna055  Platform: Linux  PlatformVersion: 5.14.0-427.37.1.el9_4.x86_64  CompilerName: GCC  CompilerVersion: 8.4.0
ProgramName: mri_compute_overlap  ProgramArguments: mri_compute_overlap -all-info  ProgramVersion: 7.3.2  TimeStamp: 2026/04/04-13:30:01-GMT  BuildTime: Aug  4 2022 06:17:15  BuildStamp: freesurfer-linux-ubuntu22_x86_64-7.3.2-20220804-6354275  User: oesteban  Machine: dna055  Platform: Linux  PlatformVersion: 5.14.0-427.37.1.el9_4.x86_64  CompilerName: GCC  CompilerVersion: 8.4.0
ProgramName: mri_compute_seg_overlap  ProgramArguments: mri_compute_seg_overlap -all-info  ProgramVersion: 7.3.2  TimeStamp: 2026/04/04-13:30:01-GMT  BuildTime: Aug  4 2022 06:17:15  BuildStamp: freesurfer-linux-ubuntu22_x86_64-7.3.2-20220804-6354275  User: oesteban  Machine: dna055  Platform: Linux  PlatformVersion: 5.14.0-427.37.1.el9_4.x86_64  CompilerName: GCC  CompilerVersion: 8.4.0
ProgramName: mri_concat  ProgramArguments: mri_concat -all-info  ProgramVersion: 7.3.2  TimeStamp: 2026/04/04-13:30:01-GMT  BuildTime: Aug  4 2022 06:17:15  BuildStamp: freesurfer-linux-ubuntu22_x86_64-7.3.2-20220804-6354275  User: oesteban  Machine: dna055  Platform: Linux  PlatformVersion: 5.14.0-427.37.1.el9_4.x86_64  CompilerName: GCC  CompilerVersion: 8.4.0
ProgramName: mri_concatenate_lta  ProgramArguments: mri_concatenate_lta -all-info  ProgramVersion: 7.3.2  TimeStamp: 2026/04/04-13:30:01-GMT  BuildTime: Aug  4 2022 06:17:15  BuildStamp: freesurfer-linux-ubuntu22_x86_64-7.3.2-20220804-6354275  User: oesteban  Machine: dna055  Platform: Linux  PlatformVersion: 5.14.0-427.37.1.el9_4.x86_64  CompilerName: GCC  CompilerVersion: 8.4.0
mri_convert -all-info 
ProgramName: mri_convert  ProgramArguments: mri_convert -all-info  ProgramVersion: 7.3.2  TimeStamp: 2026/04/04-13:30:01-GMT  BuildTime: Aug  4 2022 06:17:15  BuildStamp: freesurfer-linux-ubuntu22_x86_64-7.3.2-20220804-6354275  User: oesteban  Machine: dna055  Platform: Linux  PlatformVersion: 5.14.0-427.37.1.el9_4.x86_64  CompilerName: GCC  CompilerVersion: 8.4.0
ProgramName: mri_diff  ProgramArguments: mri_diff -all-info  ProgramVersion: 7.3.2  TimeStamp: 2026/04/04-13:30:01-GMT  BuildTime: Aug  4 2022 06:17:15  BuildStamp: freesurfer-linux-ubuntu22_x86_64-7.3.2-20220804-6354275  User: oesteban  Machine: dna055  Platform: Linux  PlatformVersion: 5.14.0-427.37.1.el9_4.x86_64  CompilerName: GCC  CompilerVersion: 8.4.0
ProgramName: mri_edit_wm_with_aseg  ProgramArguments: mri_edit_wm_with_aseg -all-info  ProgramVersion: 7.3.2  TimeStamp: 2026/04/04-13:30:01-GMT  BuildTime: Aug  4 2022 06:17:15  BuildStamp: freesurfer-linux-ubuntu22_x86_64-7.3.2-20220804-6354275  User: oesteban  Machine: dna055  Platform: Linux  PlatformVersion: 5.14.0-427.37.1.el9_4.x86_64  CompilerName: GCC  CompilerVersion: 8.4.0
ProgramName: mri_em_register  ProgramArguments: mri_em_register -all-info  ProgramVersion: 7.3.2  TimeStamp: 2026/04/04-13:30:01-GMT  BuildTime: Aug  4 2022 06:17:15  BuildStamp: freesurfer-linux-ubuntu22_x86_64-7.3.2-20220804-6354275  User: oesteban  Machine: dna055  Platform: Linux  PlatformVersion: 5.14.0-427.37.1.el9_4.x86_64  CompilerName: GCC  CompilerVersion: 8.4.0
ProgramName: mri_fill  ProgramArguments: mri_fill -all-info  ProgramVersion: 7.3.2  TimeStamp: 2026/04/04-13:30:01-GMT  BuildTime: Aug  4 2022 06:17:15  BuildStamp: freesurfer-linux-ubuntu22_x86_64-7.3.2-20220804-6354275  User: oesteban  Machine: dna055  Platform: Linux  PlatformVersion: 5.14.0-427.37.1.el9_4.x86_64  CompilerName: GCC  CompilerVersion: 8.4.0
ProgramName: mri_fuse_segmentations  ProgramArguments: mri_fuse_segmentations -all-info  ProgramVersion: 7.3.2  TimeStamp: 2026/04/04-13:30:01-GMT  BuildTime: Aug  4 2022 06:17:15  BuildStamp: freesurfer-linux-ubuntu22_x86_64-7.3.2-20220804-6354275  User: oesteban  Machine: dna055  Platform: Linux  PlatformVersion: 5.14.0-427.37.1.el9_4.x86_64  CompilerName: GCC  CompilerVersion: 8.4.0
ProgramName: mri_fwhm  ProgramArguments: mri_fwhm -all-info  ProgramVersion: 7.3.2  TimeStamp: 2026/04/04-13:30:01-GMT  BuildTime: Aug  4 2022 06:17:15  BuildStamp: freesurfer-linux-ubuntu22_x86_64-7.3.2-20220804-6354275  User: oesteban  Machine: dna055  Platform: Linux  PlatformVersion: 5.14.0-427.37.1.el9_4.x86_64  CompilerName: GCC  CompilerVersion: 8.4.0
ProgramName: mri_gcut  ProgramArguments: mri_gcut -all-info  ProgramVersion: 7.3.2  TimeStamp: 2026/04/04-13:30:01-GMT  BuildTime: Aug  4 2022 06:17:15  BuildStamp: freesurfer-linux-ubuntu22_x86_64-7.3.2-20220804-6354275  User: oesteban  Machine: dna055  Platform: Linux  PlatformVersion: 5.14.0-427.37.1.el9_4.x86_64  CompilerName: GCC  CompilerVersion: 8.4.0
ProgramName: mri_info  ProgramArguments: mri_info -all-info  ProgramVersion: 7.3.2  TimeStamp: 2026/04/04-13:30:01-GMT  BuildTime: Aug  4 2022 06:17:15  BuildStamp: freesurfer-linux-ubuntu22_x86_64-7.3.2-20220804-6354275  User: oesteban  Machine: dna055  Platform: Linux  PlatformVersion: 5.14.0-427.37.1.el9_4.x86_64  CompilerName: GCC  CompilerVersion: 8.4.0
ProgramName: mri_label2label  ProgramArguments: mri_label2label -all-info  ProgramVersion: 7.3.2  TimeStamp: 2026/04/04-13:30:01-GMT  BuildTime: Aug  4 2022 06:17:15  BuildStamp: freesurfer-linux-ubuntu22_x86_64-7.3.2-20220804-6354275  User: oesteban  Machine: dna055  Platform: Linux  PlatformVersion: 5.14.0-427.37.1.el9_4.x86_64  CompilerName: GCC  CompilerVersion: 8.4.0
ProgramName: mri_label2vol  ProgramArguments: mri_label2vol -all-info  ProgramVersion: 7.3.2  TimeStamp: 2026/04/04-13:30:01-GMT  BuildTime: Aug  4 2022 06:17:15  BuildStamp: freesurfer-linux-ubuntu22_x86_64-7.3.2-20220804-6354275  User: oesteban  Machine: dna055  Platform: Linux  PlatformVersion: 5.14.0-427.37.1.el9_4.x86_64  CompilerName: GCC  CompilerVersion: 8.4.0
ProgramName: mri_log_likelihood  ProgramArguments: mri_log_likelihood -all-info  ProgramVersion: 7.3.2  TimeStamp: 2026/04/04-13:30:01-GMT  BuildTime: Aug  4 2022 06:17:15  BuildStamp: freesurfer-linux-ubuntu22_x86_64-7.3.2-20220804-6354275  User: oesteban  Machine: dna055  Platform: Linux  PlatformVersion: 5.14.0-427.37.1.el9_4.x86_64  CompilerName: GCC  CompilerVersion: 8.4.0
ProgramName: mri_mask  ProgramArguments: mri_mask -all-info  ProgramVersion: 7.3.2  TimeStamp: 2026/04/04-13:30:01-GMT  BuildTime: Aug  4 2022 06:17:15  BuildStamp: freesurfer-linux-ubuntu22_x86_64-7.3.2-20220804-6354275  User: oesteban  Machine: dna055  Platform: Linux  PlatformVersion: 5.14.0-427.37.1.el9_4.x86_64  CompilerName: GCC  CompilerVersion: 8.4.0
ProgramName: mri_matrix_multiply  ProgramArguments: mri_matrix_multiply -all-info  ProgramVersion: 7.3.2  TimeStamp: 2026/04/04-13:30:01-GMT  BuildTime: Aug  4 2022 06:17:15  BuildStamp: freesurfer-linux-ubuntu22_x86_64-7.3.2-20220804-6354275  User: oesteban  Machine: dna055  Platform: Linux  PlatformVersion: 5.14.0-427.37.1.el9_4.x86_64  CompilerName: GCC  CompilerVersion: 8.4.0
ProgramName: mri_normalize  ProgramArguments: mri_normalize -all-info  ProgramVersion: 7.3.2  TimeStamp: 2026/04/04-13:30:01-GMT  BuildTime: Aug  4 2022 06:17:15  BuildStamp: freesurfer-linux-ubuntu22_x86_64-7.3.2-20220804-6354275  User: oesteban  Machine: dna055  Platform: Linux  PlatformVersion: 5.14.0-427.37.1.el9_4.x86_64  CompilerName: GCC  CompilerVersion: 8.4.0
ProgramName: mri_normalize_tp2  ProgramArguments: mri_normalize_tp2 -all-info  ProgramVersion: 7.3.2  TimeStamp: 2026/04/04-13:30:01-GMT  BuildTime: Aug  4 2022 06:17:15  BuildStamp: freesurfer-linux-ubuntu22_x86_64-7.3.2-20220804-6354275  User: oesteban  Machine: dna055  Platform: Linux  PlatformVersion: 5.14.0-427.37.1.el9_4.x86_64  CompilerName: GCC  CompilerVersion: 8.4.0
ProgramName: mri_or  ProgramArguments: mri_or -all-info  ProgramVersion: 7.3.2  TimeStamp: 2026/04/04-13:30:01-GMT  BuildTime: Aug  4 2022 06:17:15  BuildStamp: freesurfer-linux-ubuntu22_x86_64-7.3.2-20220804-6354275  User: oesteban  Machine: dna055  Platform: Linux  PlatformVersion: 5.14.0-427.37.1.el9_4.x86_64  CompilerName: GCC  CompilerVersion: 8.4.0
ProgramName: mri_relabel_hypointensities  ProgramArguments: mri_relabel_hypointensities -all-info  ProgramVersion: 7.3.2  TimeStamp: 2026/04/04-13:30:01-GMT  BuildTime: Aug  4 2022 06:17:15  BuildStamp: freesurfer-linux-ubuntu22_x86_64-7.3.2-20220804-6354275  User: oesteban  Machine: dna055  Platform: Linux  PlatformVersion: 5.14.0-427.37.1.el9_4.x86_64  CompilerName: GCC  CompilerVersion: 8.4.0
ProgramName: mri_relabel_nonwm_hypos  ProgramArguments: mri_relabel_nonwm_hypos -all-info  ProgramVersion: 7.3.2  TimeStamp: 2026/04/04-13:30:01-GMT  BuildTime: Aug  4 2022 06:17:15  BuildStamp: freesurfer-linux-ubuntu22_x86_64-7.3.2-20220804-6354275  User: oesteban  Machine: dna055  Platform: Linux  PlatformVersion: 5.14.0-427.37.1.el9_4.x86_64  CompilerName: GCC  CompilerVersion: 8.4.0
ProgramName: mri_remove_neck  ProgramArguments: mri_remove_neck -all-info  ProgramVersion: 7.3.2  TimeStamp: 2026/04/04-13:30:01-GMT  BuildTime: Aug  4 2022 06:17:15  BuildStamp: freesurfer-linux-ubuntu22_x86_64-7.3.2-20220804-6354275  User: oesteban  Machine: dna055  Platform: Linux  PlatformVersion: 5.14.0-427.37.1.el9_4.x86_64  CompilerName: GCC  CompilerVersion: 8.4.0
7.3.2

ProgramName: mri_robust_register  ProgramArguments: mri_robust_register -all-info  ProgramVersion: 7.3.2  TimeStamp: 2026/04/04-13:30:01-GMT  BuildTime: Aug  4 2022 06:17:15  BuildStamp: freesurfer-linux-ubuntu22_x86_64-7.3.2-20220804-6354275  User: oesteban  Machine: dna055  Platform: Linux  PlatformVersion: 5.14.0-427.37.1.el9_4.x86_64  CompilerName: GCC  CompilerVersion: 8.4.0
7.3.2

ProgramName: mri_robust_template  ProgramArguments: mri_robust_template -all-info  ProgramVersion: 7.3.2  TimeStamp: 2026/04/04-13:30:01-GMT  BuildTime: Aug  4 2022 06:17:15  BuildStamp: freesurfer-linux-ubuntu22_x86_64-7.3.2-20220804-6354275  User: oesteban  Machine: dna055  Platform: Linux  PlatformVersion: 5.14.0-427.37.1.el9_4.x86_64  CompilerName: GCC  CompilerVersion: 8.4.0
ProgramName: mris_anatomical_stats  ProgramArguments: mris_anatomical_stats -all-info  ProgramVersion: 7.3.2  TimeStamp: 2026/04/04-13:30:01-GMT  BuildTime: Aug  4 2022 06:17:15  BuildStamp: freesurfer-linux-ubuntu22_x86_64-7.3.2-20220804-6354275  User: oesteban  Machine: dna055  Platform: Linux  PlatformVersion: 5.14.0-427.37.1.el9_4.x86_64  CompilerName: GCC  CompilerVersion: 8.4.0
ProgramName: mris_ca_label  ProgramArguments: mris_ca_label -all-info  ProgramVersion: 7.3.2  TimeStamp: 2026/04/04-13:30:01-GMT  BuildTime: Aug  4 2022 06:17:15  BuildStamp: freesurfer-linux-ubuntu22_x86_64-7.3.2-20220804-6354275  User: oesteban  Machine: dna055  Platform: Linux  PlatformVersion: 5.14.0-427.37.1.el9_4.x86_64  CompilerName: GCC  CompilerVersion: 8.4.0
ProgramName: mris_calc  ProgramArguments: mris_calc -all-info  ProgramVersion: 7.3.2  TimeStamp: 2026/04/04-13:30:01-GMT  BuildTime: Aug  4 2022 06:17:15  BuildStamp: freesurfer-linux-ubuntu22_x86_64-7.3.2-20220804-6354275  User: oesteban  Machine: dna055  Platform: Linux  PlatformVersion: 5.14.0-427.37.1.el9_4.x86_64  CompilerName: GCC  CompilerVersion: 8.4.0
ProgramName: mris_convert  ProgramArguments: mris_convert -all-info  ProgramVersion: 7.3.2  TimeStamp: 2026/04/04-13:30:01-GMT  BuildTime: Aug  4 2022 06:17:15  BuildStamp: freesurfer-linux-ubuntu22_x86_64-7.3.2-20220804-6354275  User: oesteban  Machine: dna055  Platform: Linux  PlatformVersion: 5.14.0-427.37.1.el9_4.x86_64  CompilerName: GCC  CompilerVersion: 8.4.0
ProgramName: mris_curvature  ProgramArguments: mris_curvature -all-info  ProgramVersion: 7.3.2  TimeStamp: 2026/04/04-13:30:01-GMT  BuildTime: Aug  4 2022 06:17:15  BuildStamp: freesurfer-linux-ubuntu22_x86_64-7.3.2-20220804-6354275  User: oesteban  Machine: dna055  Platform: Linux  PlatformVersion: 5.14.0-427.37.1.el9_4.x86_64  CompilerName: GCC  CompilerVersion: 8.4.0
ProgramName: mris_curvature_stats  ProgramArguments: mris_curvature_stats -all-info  ProgramVersion: 7.3.2  TimeStamp: 2026/04/04-13:30:01-GMT  BuildTime: Aug  4 2022 06:17:15  BuildStamp: freesurfer-linux-ubuntu22_x86_64-7.3.2-20220804-6354275  User: oesteban  Machine: dna055  Platform: Linux  PlatformVersion: 5.14.0-427.37.1.el9_4.x86_64  CompilerName: GCC  CompilerVersion: 8.4.0
ProgramName: mris_diff  ProgramArguments: mris_diff -all-info  ProgramVersion: 7.3.2  TimeStamp: 2026/04/04-13:30:01-GMT  BuildTime: Aug  4 2022 06:17:15  BuildStamp: freesurfer-linux-ubuntu22_x86_64-7.3.2-20220804-6354275  User: oesteban  Machine: dna055  Platform: Linux  PlatformVersion: 5.14.0-427.37.1.el9_4.x86_64  CompilerName: GCC  CompilerVersion: 8.4.0
ProgramName: mris_divide_parcellation  ProgramArguments: mris_divide_parcellation -all-info  ProgramVersion: 7.3.2  TimeStamp: 2026/04/04-13:30:01-GMT  BuildTime: Aug  4 2022 06:17:15  BuildStamp: freesurfer-linux-ubuntu22_x86_64-7.3.2-20220804-6354275  User: oesteban  Machine: dna055  Platform: Linux  PlatformVersion: 5.14.0-427.37.1.el9_4.x86_64  CompilerName: GCC  CompilerVersion: 8.4.0
ProgramName: mri_segment  ProgramArguments: mri_segment -all-info  ProgramVersion: 7.3.2  TimeStamp: 2026/04/04-13:30:01-GMT  BuildTime: Aug  4 2022 06:17:15  BuildStamp: freesurfer-linux-ubuntu22_x86_64-7.3.2-20220804-6354275  User: oesteban  Machine: dna055  Platform: Linux  PlatformVersion: 5.14.0-427.37.1.el9_4.x86_64  CompilerName: GCC  CompilerVersion: 8.4.0
ProgramName: mri_segstats  ProgramArguments: mri_segstats -all-info  ProgramVersion: 7.3.2  TimeStamp: 2026/04/04-13:30:01-GMT  BuildTime: Aug  4 2022 06:17:15  BuildStamp: freesurfer-linux-ubuntu22_x86_64-7.3.2-20220804-6354275  User: oesteban  Machine: dna055  Platform: Linux  PlatformVersion: 5.14.0-427.37.1.el9_4.x86_64  CompilerName: GCC  CompilerVersion: 8.4.0
ProgramName: mris_euler_number  ProgramArguments: mris_euler_number -all-info  ProgramVersion: 7.3.2  TimeStamp: 2026/04/04-13:30:01-GMT  BuildTime: Aug  4 2022 06:17:15  BuildStamp: freesurfer-linux-ubuntu22_x86_64-7.3.2-20220804-6354275  User: oesteban  Machine: dna055  Platform: Linux  PlatformVersion: 5.14.0-427.37.1.el9_4.x86_64  CompilerName: GCC  CompilerVersion: 8.4.0
ProgramName: mris_fix_topology  ProgramArguments: mris_fix_topology -all-info  ProgramVersion: 7.3.2  TimeStamp: 2026/04/04-13:30:01-GMT  BuildTime: Aug  4 2022 06:17:15  BuildStamp: freesurfer-linux-ubuntu22_x86_64-7.3.2-20220804-6354275  User: oesteban  Machine: dna055  Platform: Linux  PlatformVersion: 5.14.0-427.37.1.el9_4.x86_64  CompilerName: GCC  CompilerVersion: 8.4.0
ProgramName: mris_topo_fixer  ProgramArguments: mris_topo_fixer -all-info  ProgramVersion: 7.3.2  TimeStamp: 2026/04/04-13:30:01-GMT  BuildTime: Aug  4 2022 06:17:15  BuildStamp: freesurfer-linux-ubuntu22_x86_64-7.3.2-20220804-6354275  User: oesteban  Machine: dna055  Platform: Linux  PlatformVersion: 5.14.0-427.37.1.el9_4.x86_64  CompilerName: GCC  CompilerVersion: 8.4.0
ProgramName: mris_jacobian  ProgramArguments: mris_jacobian -all-info  ProgramVersion: 7.3.2  TimeStamp: 2026/04/04-13:30:01-GMT  BuildTime: Aug  4 2022 06:17:15  BuildStamp: freesurfer-linux-ubuntu22_x86_64-7.3.2-20220804-6354275  User: oesteban  Machine: dna055  Platform: Linux  PlatformVersion: 5.14.0-427.37.1.el9_4.x86_64  CompilerName: GCC  CompilerVersion: 8.4.0
ProgramName: mris_label2annot  ProgramArguments: mris_label2annot -all-info  ProgramVersion: 7.3.2  TimeStamp: 2026/04/04-13:30:01-GMT  BuildTime: Aug  4 2022 06:17:15  BuildStamp: freesurfer-linux-ubuntu22_x86_64-7.3.2-20220804-6354275  User: oesteban  Machine: dna055  Platform: Linux  PlatformVersion: 5.14.0-427.37.1.el9_4.x86_64  CompilerName: GCC  CompilerVersion: 8.4.0
ProgramName: mris_left_right_register  ProgramArguments: mris_left_right_register -all-info  ProgramVersion: 7.3.2  TimeStamp: 2026/04/04-13:30:01-GMT  BuildTime: Aug  4 2022 06:17:15  BuildStamp: freesurfer-linux-ubuntu22_x86_64-7.3.2-20220804-6354275  User: oesteban  Machine: dna055  Platform: Linux  PlatformVersion: 5.14.0-427.37.1.el9_4.x86_64  CompilerName: GCC  CompilerVersion: 8.4.0
ProgramName: mris_place_surface  ProgramArguments: mris_place_surface -all-info  ProgramVersion: 7.3.2  TimeStamp: 2026/04/04-13:30:01-GMT  BuildTime: Aug  4 2022 06:17:15  BuildStamp: freesurfer-linux-ubuntu22_x86_64-7.3.2-20220804-6354275  User: oesteban  Machine: dna055  Platform: Linux  PlatformVersion: 5.14.0-427.37.1.el9_4.x86_64  CompilerName: GCC  CompilerVersion: 8.4.0
ProgramName: mrisp_paint  ProgramArguments: mrisp_paint -all-info  ProgramVersion: 7.3.2  TimeStamp: 2026/04/04-13:30:01-GMT  BuildTime: Aug  4 2022 06:17:15  BuildStamp: freesurfer-linux-ubuntu22_x86_64-7.3.2-20220804-6354275  User: oesteban  Machine: dna055  Platform: Linux  PlatformVersion: 5.14.0-427.37.1.el9_4.x86_64  CompilerName: GCC  CompilerVersion: 8.4.0
ProgramName: mris_register  ProgramArguments: mris_register -all-info  ProgramVersion: 7.3.2  TimeStamp: 2026/04/04-13:30:01-GMT  BuildTime: Aug  4 2022 06:17:15  BuildStamp: freesurfer-linux-ubuntu22_x86_64-7.3.2-20220804-6354275  User: oesteban  Machine: dna055  Platform: Linux  PlatformVersion: 5.14.0-427.37.1.el9_4.x86_64  CompilerName: GCC  CompilerVersion: 8.4.0
ProgramName: mris_smooth  ProgramArguments: mris_smooth -all-info  ProgramVersion: 7.3.2  TimeStamp: 2026/04/04-13:30:01-GMT  BuildTime: Aug  4 2022 06:17:15  BuildStamp: freesurfer-linux-ubuntu22_x86_64-7.3.2-20220804-6354275  User: oesteban  Machine: dna055  Platform: Linux  PlatformVersion: 5.14.0-427.37.1.el9_4.x86_64  CompilerName: GCC  CompilerVersion: 8.4.0
ProgramName: mris_sphere  ProgramArguments: mris_sphere -all-info  ProgramVersion: 7.3.2  TimeStamp: 2026/04/04-13:30:01-GMT  BuildTime: Aug  4 2022 06:17:15  BuildStamp: freesurfer-linux-ubuntu22_x86_64-7.3.2-20220804-6354275  User: oesteban  Machine: dna055  Platform: Linux  PlatformVersion: 5.14.0-427.37.1.el9_4.x86_64  CompilerName: GCC  CompilerVersion: 8.4.0
ProgramName: mris_surface_stats  ProgramArguments: mris_surface_stats -all-info  ProgramVersion: 7.3.2  TimeStamp: 2026/04/04-13:30:01-GMT  BuildTime: Aug  4 2022 06:17:15  BuildStamp: freesurfer-linux-ubuntu22_x86_64-7.3.2-20220804-6354275  User: oesteban  Machine: dna055  Platform: Linux  PlatformVersion: 5.14.0-427.37.1.el9_4.x86_64  CompilerName: GCC  CompilerVersion: 8.4.0
ProgramName: mri_stats2seg  ProgramArguments: mri_stats2seg -all-info  ProgramVersion: 7.3.2  TimeStamp: 2026/04/04-13:30:01-GMT  BuildTime: Aug  4 2022 06:17:15  BuildStamp: freesurfer-linux-ubuntu22_x86_64-7.3.2-20220804-6354275  User: oesteban  Machine: dna055  Platform: Linux  PlatformVersion: 5.14.0-427.37.1.el9_4.x86_64  CompilerName: GCC  CompilerVersion: 8.4.0
ProgramName: mris_thickness  ProgramArguments: mris_thickness -all-info  ProgramVersion: 7.3.2  TimeStamp: 2026/04/04-13:30:01-GMT  BuildTime: Aug  4 2022 06:17:15  BuildStamp: freesurfer-linux-ubuntu22_x86_64-7.3.2-20220804-6354275  User: oesteban  Machine: dna055  Platform: Linux  PlatformVersion: 5.14.0-427.37.1.el9_4.x86_64  CompilerName: GCC  CompilerVersion: 8.4.0
ProgramName: mris_thickness_diff  ProgramArguments: mris_thickness_diff -all-info  ProgramVersion: 7.3.2  TimeStamp: 2026/04/04-13:30:01-GMT  BuildTime: Aug  4 2022 06:17:15  BuildStamp: freesurfer-linux-ubuntu22_x86_64-7.3.2-20220804-6354275  User: oesteban  Machine: dna055  Platform: Linux  PlatformVersion: 5.14.0-427.37.1.el9_4.x86_64  CompilerName: GCC  CompilerVersion: 8.4.0
ProgramName: mris_topo_fixer  ProgramArguments: mris_topo_fixer -all-info  ProgramVersion: 7.3.2  TimeStamp: 2026/04/04-13:30:01-GMT  BuildTime: Aug  4 2022 06:17:15  BuildStamp: freesurfer-linux-ubuntu22_x86_64-7.3.2-20220804-6354275  User: oesteban  Machine: dna055  Platform: Linux  PlatformVersion: 5.14.0-427.37.1.el9_4.x86_64  CompilerName: GCC  CompilerVersion: 8.4.0
ProgramName: mri_surf2surf  ProgramArguments: mri_surf2surf -all-info  ProgramVersion: 7.3.2  TimeStamp: 2026/04/04-13:30:01-GMT  BuildTime: Aug  4 2022 06:17:15  BuildStamp: freesurfer-linux-ubuntu22_x86_64-7.3.2-20220804-6354275  User: oesteban  Machine: dna055  Platform: Linux  PlatformVersion: 5.14.0-427.37.1.el9_4.x86_64  CompilerName: GCC  CompilerVersion: 8.4.0
ProgramName: mri_surf2vol  ProgramArguments: mri_surf2vol -all-info  ProgramVersion: 7.3.2  TimeStamp: 2026/04/04-13:30:01-GMT  BuildTime: Aug  4 2022 06:17:15  BuildStamp: freesurfer-linux-ubuntu22_x86_64-7.3.2-20220804-6354275  User: oesteban  Machine: dna055  Platform: Linux  PlatformVersion: 5.14.0-427.37.1.el9_4.x86_64  CompilerName: GCC  CompilerVersion: 8.4.0
ProgramName: mri_surfcluster  ProgramArguments: mri_surfcluster -all-info  ProgramVersion: 7.3.2  TimeStamp: 2026/04/04-13:30:01-GMT  BuildTime: Aug  4 2022 06:17:15  BuildStamp: freesurfer-linux-ubuntu22_x86_64-7.3.2-20220804-6354275  User: oesteban  Machine: dna055  Platform: Linux  PlatformVersion: 5.14.0-427.37.1.el9_4.x86_64  CompilerName: GCC  CompilerVersion: 8.4.0
ProgramName: mris_volmask  ProgramArguments: mris_volmask -all-info  ProgramVersion: 7.3.2  TimeStamp: 2026/04/04-13:30:01-GMT  BuildTime: Aug  4 2022 06:17:15  BuildStamp: freesurfer-linux-ubuntu22_x86_64-7.3.2-20220804-6354275  User: oesteban  Machine: dna055  Platform: Linux  PlatformVersion: 5.14.0-427.37.1.el9_4.x86_64  CompilerName: GCC  CompilerVersion: 8.4.0
ProgramName: mri_tessellate  ProgramArguments: mri_tessellate -all-info  ProgramVersion: 7.3.2  TimeStamp: 2026/04/04-13:30:01-GMT  BuildTime: Aug  4 2022 06:17:15  BuildStamp: freesurfer-linux-ubuntu22_x86_64-7.3.2-20220804-6354275  User: oesteban  Machine: dna055  Platform: Linux  PlatformVersion: 5.14.0-427.37.1.el9_4.x86_64  CompilerName: GCC  CompilerVersion: 8.4.0
ProgramName: mri_vol2surf  ProgramArguments: mri_vol2surf -all-info  ProgramVersion: 7.3.2  TimeStamp: 2026/04/04-13:30:01-GMT  BuildTime: Aug  4 2022 06:17:15  BuildStamp: freesurfer-linux-ubuntu22_x86_64-7.3.2-20220804-6354275  User: oesteban  Machine: dna055  Platform: Linux  PlatformVersion: 5.14.0-427.37.1.el9_4.x86_64  CompilerName: GCC  CompilerVersion: 8.4.0
ProgramName: mri_vol2vol  ProgramArguments: mri_vol2vol -all-info  ProgramVersion: 7.3.2  TimeStamp: 2026/04/04-13:30:01-GMT  BuildTime: Aug  4 2022 06:17:15  BuildStamp: freesurfer-linux-ubuntu22_x86_64-7.3.2-20220804-6354275  User: oesteban  Machine: dna055  Platform: Linux  PlatformVersion: 5.14.0-427.37.1.el9_4.x86_64  CompilerName: GCC  CompilerVersion: 8.4.0
ProgramName: mri_voldiff  ProgramArguments: mri_voldiff -all-info  ProgramVersion: 7.3.2  TimeStamp: 2026/04/04-13:30:01-GMT  BuildTime: Aug  4 2022 06:17:15  BuildStamp: freesurfer-linux-ubuntu22_x86_64-7.3.2-20220804-6354275  User: oesteban  Machine: dna055  Platform: Linux  PlatformVersion: 5.14.0-427.37.1.el9_4.x86_64  CompilerName: GCC  CompilerVersion: 8.4.0
ProgramName: mri_watershed  ProgramArguments: mri_watershed -all-info  ProgramVersion: 7.3.2  TimeStamp: 2026/04/04-13:30:01-GMT  BuildTime: Aug  4 2022 06:17:15  BuildStamp: freesurfer-linux-ubuntu22_x86_64-7.3.2-20220804-6354275  User: oesteban  Machine: dna055  Platform: Linux  PlatformVersion: 5.14.0-427.37.1.el9_4.x86_64  CompilerName: GCC  CompilerVersion: 8.4.0
ProgramName: tkregister2  ProgramArguments: tkregister2_cmdl -all-info  ProgramVersion: 7.3.2  TimeStamp: 2026/04/04-13:30:01-GMT  BuildTime: Aug  4 2022 06:17:15  BuildStamp: freesurfer-linux-ubuntu22_x86_64-7.3.2-20220804-6354275  User: oesteban  Machine: dna055  Platform: Linux  PlatformVersion: 5.14.0-427.37.1.el9_4.x86_64  CompilerName: GCC  CompilerVersion: 8.4.0
mri_motion_correct.fsl 7.3.2
mri_convert -all-info 
ProgramName: mri_convert  ProgramArguments: mri_convert -all-info  ProgramVersion: 7.3.2  TimeStamp: 2026/04/04-13:30:01-GMT  BuildTime: Aug  4 2022 06:17:15  BuildStamp: freesurfer-linux-ubuntu22_x86_64-7.3.2-20220804-6354275  User: oesteban  Machine: dna055  Platform: Linux  PlatformVersion: 5.14.0-427.37.1.el9_4.x86_64  CompilerName: GCC  CompilerVersion: 8.4.0
Program nu_correct, built from:
Package MNI N3, version 1.12.0, compiled by nicks@terrier (x86_64-unknown-linux-gnu) on 2015-06-19 at 01:25:34
#######################################
GCADIR /opt/freesurfer/average
GCA RB_all_2020-01-02.gca
GCASkull RB_all_withskull_2020_01_02.gca
AvgCurvTif folding.atlas.acfb40.noaparc.i12.2016-08-02.tif
GCSDIR /opt/freesurfer/average
GCS DKaparc.atlas.acfb40.noaparc.i12.2016-08-02.gcs
#######################################
#--------------------------------------------
#@# WhiteSurfs lh Sat Apr  4 15:30:01 CEST 2026
cd /out/sourcedata/freesurfer/sub-v1s13x0050005_ses-1/mri
mris_place_surface --adgws-in ../surf/autodet.gw.stats.lh.dat --seg aseg.presurf.mgz --threads 16 --wm wm.mgz --invol brain.finalsurfs.mgz --lh --i ../surf/lh.white.preaparc --o ../surf/lh.white --white --nsmooth 0 --rip-label ../label/lh.cortex.label --rip-bg --rip-surf ../surf/lh.white.preaparc --aparc ../label/lh.aparc.annot
   Update not needed
#--------------------------------------------
#@# WhiteSurfs rh Sat Apr  4 15:30:01 CEST 2026
cd /out/sourcedata/freesurfer/sub-v1s13x0050005_ses-1/mri
mris_place_surface --adgws-in ../surf/autodet.gw.stats.rh.dat --seg aseg.presurf.mgz --threads 16 --wm wm.mgz --invol brain.finalsurfs.mgz --rh --i ../surf/rh.white.preaparc --o ../surf/rh.white --white --nsmooth 0 --rip-label ../label/rh.cortex.label --rip-bg --rip-surf ../surf/rh.white.preaparc --aparc ../label/rh.aparc.annot
   Update not needed
#@# white curv lh Sat Apr  4 15:30:01 CEST 2026
cd /out/sourcedata/freesurfer/sub-v1s13x0050005_ses-1/mri
mris_place_surface --curv-map ../surf/lh.white 2 10 ../surf/lh.curv
   Update not needed
#@# white area lh Sat Apr  4 15:30:01 CEST 2026
cd /out/sourcedata/freesurfer/sub-v1s13x0050005_ses-1/mri
mris_place_surface --area-map ../surf/lh.white ../surf/lh.area
   Update not needed
#@# pial curv lh Sat Apr  4 15:30:01 CEST 2026
cd /out/sourcedata/freesurfer/sub-v1s13x0050005_ses-1/mri
mris_place_surface --curv-map ../surf/lh.pial 2 10 ../surf/lh.curv.pial
   Update not needed
#@# pial area lh Sat Apr  4 15:30:01 CEST 2026
cd /out/sourcedata/freesurfer/sub-v1s13x0050005_ses-1/mri
mris_place_surface --area-map ../surf/lh.pial ../surf/lh.area.pial
   Update not needed
#@# thickness lh Sat Apr  4 15:30:01 CEST 2026
cd /out/sourcedata/freesurfer/sub-v1s13x0050005_ses-1/mri
mris_place_surface --thickness ../surf/lh.white ../surf/lh.pial 20 5 ../surf/lh.thickness
   Update not needed
#@# area and vertex vol lh Sat Apr  4 15:30:01 CEST 2026
cd /out/sourcedata/freesurfer/sub-v1s13x0050005_ses-1/mri
mris_place_surface --thickness ../surf/lh.white ../surf/lh.pial 20 5 ../surf/lh.thickness
   Update not needed
#@# white curv rh Sat Apr  4 15:30:01 CEST 2026
cd /out/sourcedata/freesurfer/sub-v1s13x0050005_ses-1/mri
mris_place_surface --curv-map ../surf/rh.white 2 10 ../surf/rh.curv
   Update not needed
#@# white area rh Sat Apr  4 15:30:01 CEST 2026
cd /out/sourcedata/freesurfer/sub-v1s13x0050005_ses-1/mri
mris_place_surface --area-map ../surf/rh.white ../surf/rh.area
   Update not needed
#@# pial curv rh Sat Apr  4 15:30:01 CEST 2026
cd /out/sourcedata/freesurfer/sub-v1s13x0050005_ses-1/mri
mris_place_surface --curv-map ../surf/rh.pial 2 10 ../surf/rh.curv.pial
   Update not needed
#@# pial area rh Sat Apr  4 15:30:01 CEST 2026
cd /out/sourcedata/freesurfer/sub-v1s13x0050005_ses-1/mri
mris_place_surface --area-map ../surf/rh.pial ../surf/rh.area.pial
   Update not needed
#@# thickness rh Sat Apr  4 15:30:01 CEST 2026
cd /out/sourcedata/freesurfer/sub-v1s13x0050005_ses-1/mri
mris_place_surface --thickness ../surf/rh.white ../surf/rh.pial 20 5 ../surf/rh.thickness
   Update not needed
#@# area and vertex vol rh Sat Apr  4 15:30:01 CEST 2026
cd /out/sourcedata/freesurfer/sub-v1s13x0050005_ses-1/mri
mris_place_surface --thickness ../surf/rh.white ../surf/rh.pial 20 5 ../surf/rh.thickness
   Update not needed

#-----------------------------------------
#@# Curvature Stats lh Sat Apr  4 15:30:01 CEST 2026
/out/sourcedata/freesurfer/sub-v1s13x0050005_ses-1/surf

 mris_curvature_stats -m --writeCurvatureFiles -G -o ../stats/lh.curv.stats -F smoothwm sub-v1s13x0050005_ses-1 lh curv sulc 

             Toggling save flag on curvature files                       [ ok ]
                 Outputting results using filestem   [ ../stats/lh.curv.stats ]
             Toggling save flag on curvature files                       [ ok ]
                                   Setting surface [ sub-v1s13x0050005_ses-1/lh.smoothwm ]
                                Reading surface...                       [ ok ]
                                   Setting texture                     [ curv ]
                                Reading texture...                       [ ok ]
                                   Setting texture                     [ sulc ]
                                Reading texture...Gb_filter = 0
                       [ ok ]
      Calculating Discrete Principal Curvatures...
      Determining geometric order for vno faces... [####################] [ ok ]
                      Determining KH curvatures... [####################] [ ok ]
                    Determining k1k2 curvatures... [####################] [ ok ]
                                   deltaViolations                      [ 231 ]
Gb_filter = 0

WARN:    S lookup   min:                          -0.202150
WARN:    S explicit min:                          0.000000	vertex = 342

#-----------------------------------------
#@# Curvature Stats rh Sat Apr  4 15:30:03 CEST 2026
/out/sourcedata/freesurfer/sub-v1s13x0050005_ses-1/surf

 mris_curvature_stats -m --writeCurvatureFiles -G -o ../stats/rh.curv.stats -F smoothwm sub-v1s13x0050005_ses-1 rh curv sulc 

             Toggling save flag on curvature files                       [ ok ]
                 Outputting results using filestem   [ ../stats/rh.curv.stats ]
             Toggling save flag on curvature files                       [ ok ]
                                   Setting surface [ sub-v1s13x0050005_ses-1/rh.smoothwm ]
                                Reading surface...                       [ ok ]
                                   Setting texture                     [ curv ]
                                Reading texture...                       [ ok ]
                                   Setting texture                     [ sulc ]
                                Reading texture...Gb_filter = 0
                       [ ok ]
      Calculating Discrete Principal Curvatures...
      Determining geometric order for vno faces... [####################] [ ok ]
                      Determining KH curvatures... [####################] [ ok ]
                    Determining k1k2 curvatures... [####################] [ ok ]
                                   deltaViolations                      [ 273 ]
Gb_filter = 0

WARN:    S lookup   min:                          -0.090307
WARN:    S explicit min:                          0.000000	vertex = 711
#-----------------------------------------
#@# Relabel Hypointensities Sat Apr  4 15:30:06 CEST 2026
/out/sourcedata/freesurfer/sub-v1s13x0050005_ses-1/mri

 mri_relabel_hypointensities aseg.presurf.mgz ../surf aseg.presurf.hypos.mgz 

reading input surface ../surf/lh.white...
relabeling lh hypointensities...
2897 voxels changed to hypointensity...
reading input surface ../surf/rh.white...
relabeling rh hypointensities...
3278 voxels changed to hypointensity...
6231 hypointense voxels neighboring cortex changed
#-----------------------------------------
#@# APas-to-ASeg Sat Apr  4 15:30:20 CEST 2026
/out/sourcedata/freesurfer/sub-v1s13x0050005_ses-1/mri

 mri_surf2volseg --o aseg.mgz --i aseg.presurf.hypos.mgz --fix-presurf-with-ribbon /out/sourcedata/freesurfer/sub-v1s13x0050005_ses-1/mri/ribbon.mgz --threads 16 --lh-cortex-mask /out/sourcedata/freesurfer/sub-v1s13x0050005_ses-1/label/lh.cortex.label --lh-white /out/sourcedata/freesurfer/sub-v1s13x0050005_ses-1/surf/lh.white --lh-pial /out/sourcedata/freesurfer/sub-v1s13x0050005_ses-1/surf/lh.pial --rh-cortex-mask /out/sourcedata/freesurfer/sub-v1s13x0050005_ses-1/label/rh.cortex.label --rh-white /out/sourcedata/freesurfer/sub-v1s13x0050005_ses-1/surf/rh.white --rh-pial /out/sourcedata/freesurfer/sub-v1s13x0050005_ses-1/surf/rh.pial 

SUBJECTS_DIR /out/sourcedata/freesurfer
outvol aseg.mgz
16 avail.processors, using 16
Loading aseg.presurf.hypos.mgz
Loading /out/sourcedata/freesurfer/sub-v1s13x0050005_ses-1/mri/ribbon.mgz
Loading /out/sourcedata/freesurfer/sub-v1s13x0050005_ses-1/surf/lh.white
Loading /out/sourcedata/freesurfer/sub-v1s13x0050005_ses-1/surf/lh.pial
Loading /out/sourcedata/freesurfer/sub-v1s13x0050005_ses-1/label/lh.cortex.label
Loading /out/sourcedata/freesurfer/sub-v1s13x0050005_ses-1/surf/rh.white
Loading /out/sourcedata/freesurfer/sub-v1s13x0050005_ses-1/surf/rh.pial
Loading /out/sourcedata/freesurfer/sub-v1s13x0050005_ses-1/label/rh.cortex.label
Done loading
  0 160 144 176  96  80  16 128 208  32 192  48 112 240 224  64   1 241  33 209  49  17 177  81 225 193   2 242 210  34  65  50 113  18 161  82  97 178 226 145 243   3 194 211  35  66  51  19 
227 244   4 195 212  36 162  83 179 
 67  98  52  20 245 228 146   5 213 196  37  84 180  68  21 163  53 246 229   6 214 197  38  99 
114  22  85  69 247 181 147   7 230 215 198  54  39 
164  23 248   8 231  70 216 199 
 55 129  40  86 182 100 249  24   9 165 232 148 217 200  56  41  71 183  87 250  25 101  10 233 218 201  57  42 115  72 251 184 166  26  88  11 234 219 
202  58  43 102 149 252 185  12  27 235  73 203 220  59 
 44 167 253  89  13 236 204 221 103  45 186  60  28  74 150 254 168  14 116 237 205 222  46  29  61 187  90 255  75 104 238 206 223  15  30 169  47 151  62 188 239 
 76 207  91  31 130 189 117 170  63 105 152  77 190  92 171 118 106  78 191 153 172  93 131  79 
107 119 
173 154  94 174 155 108  95 132 120 175 156 109 133 121 157 110 134 158 122 135 111 159 
123 136 124 137 125 138 139 
126 140 127 141 142 143 
nrelabeled = 152940
ndotcheck = 0
Starting Surf2VolSeg free
free done
#VMPC# mri_surf2volseg VmPeak  1919128
mri_surf2volseg done

 mri_brainvol_stats sub-v1s13x0050005_ses-1 

ComputeBrainVolumeStats2 VoxelVol=1, KeepCSF=1
  #CBVS2 MaskVol              1475624.0
  #CBVS2 BrainSegVol          1180856.0
  #CBVS2 BrainSegVolNotVent   1160811.0
  #CBVS2 SupraTentVol         1021117.0
  #CBVS2 SupraTentVolNotVent  1001072.0
  #CBVS2 lhCtxGM               254968.7
  #CBVS2 rhCtxGM               257802.1
  #CBVS2 lhCerebralWM          212100.0
  #CBVS2 rhCerebralWM          212453.0
  #CBVS2 SubCortGMVol           65085.0
  #CBVS2 CerebellumVol         159739.0
  #CBVS2 CerebellumGMVol       124741.0
  #CBVS2 VentChorVol            16630.0
  #CBVS2 3rd4th5thCSF            3415.0
  #CBVS2 AllCSF                 20045.0
  #CBVS2 CCVol                   3880.0
#-----------------------------------------
#@# AParc-to-ASeg aparc Sat Apr  4 15:30:27 CEST 2026
/out/sourcedata/freesurfer/sub-v1s13x0050005_ses-1/mri

 mri_surf2volseg --o aparc+aseg.mgz --label-cortex --i aseg.mgz --threads 16 --lh-annot /out/sourcedata/freesurfer/sub-v1s13x0050005_ses-1/label/lh.aparc.annot 1000 --lh-cortex-mask /out/sourcedata/freesurfer/sub-v1s13x0050005_ses-1/label/lh.cortex.label --lh-white /out/sourcedata/freesurfer/sub-v1s13x0050005_ses-1/surf/lh.white --lh-pial /out/sourcedata/freesurfer/sub-v1s13x0050005_ses-1/surf/lh.pial --rh-annot /out/sourcedata/freesurfer/sub-v1s13x0050005_ses-1/label/rh.aparc.annot 2000 --rh-cortex-mask /out/sourcedata/freesurfer/sub-v1s13x0050005_ses-1/label/rh.cortex.label --rh-white /out/sourcedata/freesurfer/sub-v1s13x0050005_ses-1/surf/rh.white --rh-pial /out/sourcedata/freesurfer/sub-v1s13x0050005_ses-1/surf/rh.pial 

SUBJECTS_DIR /out/sourcedata/freesurfer
outvol aparc+aseg.mgz
16 avail.processors, using 16
Loading aseg.mgz
Loading /out/sourcedata/freesurfer/sub-v1s13x0050005_ses-1/surf/lh.white
Loading /out/sourcedata/freesurfer/sub-v1s13x0050005_ses-1/surf/lh.pial
Loading /out/sourcedata/freesurfer/sub-v1s13x0050005_ses-1/label/lh.cortex.label
Ripping lh vertices labeled not in lh.cortex.label
  ripped 8611 vertices from lh hemi
Loading /out/sourcedata/freesurfer/sub-v1s13x0050005_ses-1/label/lh.aparc.annot
Loading /out/sourcedata/freesurfer/sub-v1s13x0050005_ses-1/surf/rh.white
Loading /out/sourcedata/freesurfer/sub-v1s13x0050005_ses-1/surf/rh.pial
Loading /out/sourcedata/freesurfer/sub-v1s13x0050005_ses-1/label/rh.cortex.label
Ripping rh vertices labeled not in rh.cortex.label
  ripped 8375 vertices from rh hemi
Loading /out/sourcedata/freesurfer/sub-v1s13x0050005_ses-1/label/rh.aparc.annot
Done loading
  0 240 192  16 112  48  64  96  32 160 128 176  80 144 208 224  49  33 241 225   1 209  17  50  18   2 242  34 226 210  51  19 
  3  35 243 227 211  20  52   4  36 244 228 212  21  53   5 245  37 229 213  22  54   6 246  38 214 230  23  55   7  39 
247 231 215  24  56   8 248  40 232 216  25  57   9 249  41 233 217  58  26  10 250  42 234 218  59 
 27  11 251  43 235 219 
 28  12 252  44  60 236 220  29  13 253  45 237 221  30  14 254  46  61 238 222  31  15 255  47 239 
223  65  62 193 194  63 195 196 197 198 199 
200 201 202 203 204 205 206 207  66 129  67 113 145  68 130  97 177 161  81  69 114 131 146  70  98 178 115 162  71 147  82 132  72 116  99 
148 179 
163  73  83 100 117 149 180 133  74 164 150 101  84 118 181  75 134 151 102 182 165  76 119 
 85 183 135 103  77 152 166 120 184 104  78  86 185 153 136 167 186 121 105  79 
 87 187 106 154 168 137 188 122 189 107  88 169 190 155 138 191 108 123 170  89 109 156 139 
110 171  90 124 140 157 111 172  91 141 158 125 173  92 142 159 
126 143  93 174 127  94 175  95 
nrelabeled = 511434
ndotcheck = 34345
Starting Surf2VolSeg free
free done
#VMPC# mri_surf2volseg VmPeak  1903276
mri_surf2volseg done
#-----------------------------------------
#@# AParc-to-ASeg aparc.a2009s Sat Apr  4 15:30:54 CEST 2026
/out/sourcedata/freesurfer/sub-v1s13x0050005_ses-1/mri

 mri_surf2volseg --o aparc.a2009s+aseg.mgz --label-cortex --i aseg.mgz --threads 16 --lh-annot /out/sourcedata/freesurfer/sub-v1s13x0050005_ses-1/label/lh.aparc.a2009s.annot 11100 --lh-cortex-mask /out/sourcedata/freesurfer/sub-v1s13x0050005_ses-1/label/lh.cortex.label --lh-white /out/sourcedata/freesurfer/sub-v1s13x0050005_ses-1/surf/lh.white --lh-pial /out/sourcedata/freesurfer/sub-v1s13x0050005_ses-1/surf/lh.pial --rh-annot /out/sourcedata/freesurfer/sub-v1s13x0050005_ses-1/label/rh.aparc.a2009s.annot 12100 --rh-cortex-mask /out/sourcedata/freesurfer/sub-v1s13x0050005_ses-1/label/rh.cortex.label --rh-white /out/sourcedata/freesurfer/sub-v1s13x0050005_ses-1/surf/rh.white --rh-pial /out/sourcedata/freesurfer/sub-v1s13x0050005_ses-1/surf/rh.pial 

SUBJECTS_DIR /out/sourcedata/freesurfer
outvol aparc.a2009s+aseg.mgz
16 avail.processors, using 16
Loading aseg.mgz
Loading /out/sourcedata/freesurfer/sub-v1s13x0050005_ses-1/surf/lh.white
Loading /out/sourcedata/freesurfer/sub-v1s13x0050005_ses-1/surf/lh.pial
Loading /out/sourcedata/freesurfer/sub-v1s13x0050005_ses-1/label/lh.cortex.label
Ripping lh vertices labeled not in lh.cortex.label
  ripped 8611 vertices from lh hemi
Loading /out/sourcedata/freesurfer/sub-v1s13x0050005_ses-1/label/lh.aparc.a2009s.annot
Loading /out/sourcedata/freesurfer/sub-v1s13x0050005_ses-1/surf/rh.white
Loading /out/sourcedata/freesurfer/sub-v1s13x0050005_ses-1/surf/rh.pial
Loading /out/sourcedata/freesurfer/sub-v1s13x0050005_ses-1/label/rh.cortex.label
Ripping rh vertices labeled not in rh.cortex.label
  ripped 8375 vertices from rh hemi
Loading /out/sourcedata/freesurfer/sub-v1s13x0050005_ses-1/label/rh.aparc.a2009s.annot
Done loading
208 192 144  64  80 112  96 176  48  16 224   0 128  32 240 209  17 160  33   1  49 241  18 225 210  34   2  50 242 226  19 
211  35 243   3  51 227  20 212  36 244   4  52  21 228 213  37 245   5  53  22 229 214  38 246   6  54  23 230 215  39 
247   7  55  24 231 216  40 248   8  56  25 232 217  41 249  57  26 233 218  42 250  58   9  27 234 219 
251  59 
 10  28 235 220 252  43  60  29 236 221 253  30 237 222  11 254  44  31  61 238 223 255  65  45 239 
 12 193  13  46  62  14  47  15 194 195  63 196 197 198 199 
200 201 202 203 204 205 206 207  66  67 129 145 113  68 130  81 161  97 177  69 114 146 131  70 147 115  82  71 162  98 178 148 132  72 116  83  99 
149 179 
 73 163 117 133  74 150  84 100 180 164 118  75 151 134  85 101 181  76 165 152 119 
 77 182  86 102 135 153 166 120 183  78  87 103 136 154 121 184 167  79 
104  88 185 155 168 137 186 122 105  89 187 156 169 106 138 188 123  90 157 170 107 189 139 
190  91 108 191 171 158 124 140 109  92 172 159 
110 141 125  93 111 173 142 126  94 143 174  95 127 175 
nrelabeled = 511434
ndotcheck = 34345
Starting Surf2VolSeg free
free done
#VMPC# mri_surf2volseg VmPeak  1903392
mri_surf2volseg done
#-----------------------------------------
#@# AParc-to-ASeg aparc.DKTatlas Sat Apr  4 15:31:21 CEST 2026
/out/sourcedata/freesurfer/sub-v1s13x0050005_ses-1/mri

 mri_surf2volseg --o aparc.DKTatlas+aseg.mgz --label-cortex --i aseg.mgz --threads 16 --lh-annot /out/sourcedata/freesurfer/sub-v1s13x0050005_ses-1/label/lh.aparc.DKTatlas.annot 1000 --lh-cortex-mask /out/sourcedata/freesurfer/sub-v1s13x0050005_ses-1/label/lh.cortex.label --lh-white /out/sourcedata/freesurfer/sub-v1s13x0050005_ses-1/surf/lh.white --lh-pial /out/sourcedata/freesurfer/sub-v1s13x0050005_ses-1/surf/lh.pial --rh-annot /out/sourcedata/freesurfer/sub-v1s13x0050005_ses-1/label/rh.aparc.DKTatlas.annot 2000 --rh-cortex-mask /out/sourcedata/freesurfer/sub-v1s13x0050005_ses-1/label/rh.cortex.label --rh-white /out/sourcedata/freesurfer/sub-v1s13x0050005_ses-1/surf/rh.white --rh-pial /out/sourcedata/freesurfer/sub-v1s13x0050005_ses-1/surf/rh.pial 

SUBJECTS_DIR /out/sourcedata/freesurfer
outvol aparc.DKTatlas+aseg.mgz
16 avail.processors, using 16
Loading aseg.mgz
Loading /out/sourcedata/freesurfer/sub-v1s13x0050005_ses-1/surf/lh.white
Loading /out/sourcedata/freesurfer/sub-v1s13x0050005_ses-1/surf/lh.pial
Loading /out/sourcedata/freesurfer/sub-v1s13x0050005_ses-1/label/lh.cortex.label
Ripping lh vertices labeled not in lh.cortex.label
  ripped 8611 vertices from lh hemi
Loading /out/sourcedata/freesurfer/sub-v1s13x0050005_ses-1/label/lh.aparc.DKTatlas.annot
Loading /out/sourcedata/freesurfer/sub-v1s13x0050005_ses-1/surf/rh.white
Loading /out/sourcedata/freesurfer/sub-v1s13x0050005_ses-1/surf/rh.pial
Loading /out/sourcedata/freesurfer/sub-v1s13x0050005_ses-1/label/rh.cortex.label
Ripping rh vertices labeled not in rh.cortex.label
  ripped 8375 vertices from rh hemi
Loading /out/sourcedata/freesurfer/sub-v1s13x0050005_ses-1/label/rh.aparc.DKTatlas.annot
Done loading
112 176 144  64  16  80 240  96  48  32 224 128   0 160 192 241  49  17 208 242  50 209 225  33  18   1 243  51   2 244   3 210  52  34 226  19 
245   4  53  35 227  20 246   5  54 228 211  21 247   6  55 229  22 248  36   7  56 230  23 249 212   8  57 231  24 250   9 213  58  37 232  25 251  10  59 
 38 233  26 252  11 214 234  60  27 253  12 235  28  39 
 13 254 236  61  29 215  14 255 237  30  15  40 193 238  31  65  41 239 
216  62 217  42 218  43 194  44  45 219 
195  63 220 196 221 197  46 222 198  47 223 199 
200 201 202 203 204 205 206 207  66 129  67 113 145 130  68  97  81 161 177 114  69 131 146  70  98 115 147  82 162 178  71 132 148 116  99 
 83  72 179 
163 149 117 100  73 133 150  84 180 164  74 101 118 151 134  85 181  75 102 165 152 119 
 76 182 135  86 103 153 166 120 183  77 104  87 136 154 184 167 121 105  78  88 185 106 155 137 168 186 122  79 
 89 107 187 169 156 138 108 188 123  90 189 170 157 109 190 139 
191  91 110 171 158 124 140 111  92 172 159 
141 125  93 173 142  94 126 143 174  95 127 175 
nrelabeled = 511434
ndotcheck = 34345
Starting Surf2VolSeg free
free done
#VMPC# mri_surf2volseg VmPeak  1903296
mri_surf2volseg done
#-----------------------------------------
#@# WMParc Sat Apr  4 15:31:48 CEST 2026
/out/sourcedata/freesurfer/sub-v1s13x0050005_ses-1/mri

 mri_surf2volseg --o wmparc.mgz --label-wm --i aparc+aseg.mgz --threads 16 --lh-annot /out/sourcedata/freesurfer/sub-v1s13x0050005_ses-1/label/lh.aparc.annot 3000 --lh-cortex-mask /out/sourcedata/freesurfer/sub-v1s13x0050005_ses-1/label/lh.cortex.label --lh-white /out/sourcedata/freesurfer/sub-v1s13x0050005_ses-1/surf/lh.white --lh-pial /out/sourcedata/freesurfer/sub-v1s13x0050005_ses-1/surf/lh.pial --rh-annot /out/sourcedata/freesurfer/sub-v1s13x0050005_ses-1/label/rh.aparc.annot 4000 --rh-cortex-mask /out/sourcedata/freesurfer/sub-v1s13x0050005_ses-1/label/rh.cortex.label --rh-white /out/sourcedata/freesurfer/sub-v1s13x0050005_ses-1/surf/rh.white --rh-pial /out/sourcedata/freesurfer/sub-v1s13x0050005_ses-1/surf/rh.pial 

SUBJECTS_DIR /out/sourcedata/freesurfer
outvol wmparc.mgz
16 avail.processors, using 16
Loading aparc+aseg.mgz
Loading /out/sourcedata/freesurfer/sub-v1s13x0050005_ses-1/surf/lh.white
Loading /out/sourcedata/freesurfer/sub-v1s13x0050005_ses-1/surf/lh.pial
Loading /out/sourcedata/freesurfer/sub-v1s13x0050005_ses-1/label/lh.cortex.label
Ripping lh vertices labeled not in lh.cortex.label
  ripped 8611 vertices from lh hemi
Loading /out/sourcedata/freesurfer/sub-v1s13x0050005_ses-1/label/lh.aparc.annot
Loading /out/sourcedata/freesurfer/sub-v1s13x0050005_ses-1/surf/rh.white
Loading /out/sourcedata/freesurfer/sub-v1s13x0050005_ses-1/surf/rh.pial
Loading /out/sourcedata/freesurfer/sub-v1s13x0050005_ses-1/label/rh.cortex.label
Ripping rh vertices labeled not in rh.cortex.label
  ripped 8375 vertices from rh hemi
Loading /out/sourcedata/freesurfer/sub-v1s13x0050005_ses-1/label/rh.aparc.annot
Done loading
  0  96  48 192  16 128 160 112 240  80 144 176  32 224 208  64   1 241  49 209  17  33 193  65   2 242  50 210  18  34 194 129 225   3 243  51 211  35  19 
195 226   4  66 244  52  36 196 212  20   5 227 245  53 213 197  37  21  67   6 246  54 214 198  38  22 130   7 247  55  39 
215 199 
 23 228   8 248  56  40 216 200  24 229   9 249  57  41 217 201  25  68  10 250  58  42 218 202  26 230  11 251  59 
 43 219 
203  27  12 252  60  44 220 204  28 131  13  61 253  45 221 205 231  29  62  14 254  46 222 206  30  69  63  15 255  47 223 207  31 232 233 177  70 234 235 236 237  71 238 239 
 72  81 132 161  97 178  73  74  82 133 179 
113 145  75 180 162  83  98 134  76 181  77  84 182 135 163 114  78  99 
183  85 146  79 
184 136 185  86 164 186 187 100 188 115 189 190 191  87 137 165 147 101  88 116 166 138  89 102 167 117 139 
148  90 168 103 118 169 140  91 149 104 170 119 
 92 141 150 171 105 120  93 172 151 121 142 106 173  94 122 174 152 107 123 175  95 143 124 153 125 108 126 127 154 109 155 156 110 157 111 158 159 

nrelabeled = 420673
ndotcheck = 3204
Starting Surf2VolSeg free
free done
#VMPC# mri_surf2volseg VmPeak  1903276
mri_surf2volseg done

 mri_segstats --seed 1234 --seg mri/wmparc.mgz --sum stats/wmparc.stats --pv mri/norm.mgz --excludeid 0 --brainmask mri/brainmask.mgz --in mri/norm.mgz --in-intensity-name norm --in-intensity-units MR --subject sub-v1s13x0050005_ses-1 --surf-wm-vol --ctab /opt/freesurfer/WMParcStatsLUT.txt --etiv 

setting seed for random number genererator to 1234

7.3.2
cwd 
cmdline mri_segstats --seed 1234 --seg mri/wmparc.mgz --sum stats/wmparc.stats --pv mri/norm.mgz --excludeid 0 --brainmask mri/brainmask.mgz --in mri/norm.mgz --in-intensity-name norm --in-intensity-units MR --subject sub-v1s13x0050005_ses-1 --surf-wm-vol --ctab /opt/freesurfer/WMParcStatsLUT.txt --etiv 
sysname  Linux
hostname dna055
machine  x86_64
user     oesteban
whitesurfname  white
UseRobust  0
atlas_icv (eTIV) = 1544756 mm^3    (det: 1.261109 )
Loading mri/wmparc.mgz
Getting Brain Volume Statistics
Loading mri/norm.mgz
Loading mri/norm.mgz
Voxel Volume is 1 mm^3
Generating list of segmentation ids
Found 390 segmentations
Computing statistics for each segmentation

Reporting on  70 segmentations
Using PrintSegStat
mri_segstats done
#--------------------------------------------
#@# ASeg Stats Sat Apr  4 15:35:19 CEST 2026
/out/sourcedata/freesurfer/sub-v1s13x0050005_ses-1

 mri_segstats --seed 1234 --seg mri/aseg.mgz --sum stats/aseg.stats --pv mri/norm.mgz --empty --brainmask mri/brainmask.mgz --brain-vol-from-seg --excludeid 0 --excl-ctxgmwm --supratent --subcortgray --in mri/norm.mgz --in-intensity-name norm --in-intensity-units MR --etiv --surf-wm-vol --surf-ctx-vol --totalgray --euler --ctab /opt/freesurfer/ASegStatsLUT.txt --subject sub-v1s13x0050005_ses-1 

setting seed for random number genererator to 1234

7.3.2
cwd 
cmdline mri_segstats --seed 1234 --seg mri/aseg.mgz --sum stats/aseg.stats --pv mri/norm.mgz --empty --brainmask mri/brainmask.mgz --brain-vol-from-seg --excludeid 0 --excl-ctxgmwm --supratent --subcortgray --in mri/norm.mgz --in-intensity-name norm --in-intensity-units MR --etiv --surf-wm-vol --surf-ctx-vol --totalgray --euler --ctab /opt/freesurfer/ASegStatsLUT.txt --subject sub-v1s13x0050005_ses-1 
sysname  Linux
hostname dna055
machine  x86_64
user     oesteban
whitesurfname  white
UseRobust  0
atlas_icv (eTIV) = 1544756 mm^3    (det: 1.261109 )
Computing euler number
orig.nofix lheno =  -68, rheno = -58
orig.nofix lhholes =   35, rhholes = 30
Loading mri/aseg.mgz
Getting Brain Volume Statistics
Loading mri/norm.mgz
Loading mri/norm.mgz
Voxel Volume is 1 mm^3
Generating list of segmentation ids
Found  50 segmentations
Computing statistics for each segmentation

Reporting on  45 segmentations
Using PrintSegStat
mri_segstats done

Started at Sat Apr 4 15:30:01 CEST 2026 
Ended   at Sat Apr 4 15:35:49 CEST 2026
#@#%# recon-all-run-time-hours 0.097
recon-all -s sub-v1s13x0050005_ses-1 finished without error at Sat Apr  4 15:35:49 CEST 2026
