
Sat Apr  4 14:55:52 CEST 2026
cd /out/sourcedata/freesurfer/sub-v1s13x0050005_ses-1
setenv SUBJECTS_DIR /out/sourcedata/freesurfer
/opt/freesurfer/bin/recon-all -autorecon-hemi rh -noparcstats -noparcstats2 -noparcstats3 -nohyporelabel -nobalabels -rh-only -openmp 16 -subjid sub-v1s13x0050005_ses-1 -sd /out/sourcedata/freesurfer

subjid sub-v1s13x0050005_ses-1
setenv SUBJECTS_DIR /out/sourcedata/freesurfer
FREESURFER_HOME /opt/freesurfer
Actual FREESURFER_HOME /opt/freesurfer
build-stamp.txt: freesurfer-linux-ubuntu22_x86_64-7.3.2-20220804-6354275
Linux dna055 5.14.0-427.37.1.el9_4.x86_64 #1 SMP PREEMPT_DYNAMIC Fri Sep 13 12:41:50 EDT 2024 x86_64 x86_64 x86_64 GNU/Linux
cputime      unlimited
filesize     unlimited
datasize     unlimited
stacksize    8192 kbytes
coredumpsize 0 kbytes
memoryuse    67108864 kbytes
vmemoryuse   unlimited
descriptors  1024 
memorylocked unlimited
maxproc      2061970 
maxlocks     unlimited
maxsignal    2061970 
maxmessage   819200 
maxnice      0 
maxrtprio    0 
maxrttime    unlimited

               total        used        free      shared  buff/cache   available
Mem:           503Gi        50Gi       414Gi       7.4Gi        38Gi       442Gi
Swap:             0B          0B          0B

########################################
program versions used
7.3.2 (freesurfer-linux-ubuntu22_x86_64-7.3.2-20220804-6354275)
7.3.2

ProgramName: lta_convert  ProgramArguments: lta_convert -all-info  ProgramVersion: 7.3.2  TimeStamp: 2026/04/04-12:55:52-GMT  BuildTime: Aug  4 2022 06:17:15  BuildStamp: freesurfer-linux-ubuntu22_x86_64-7.3.2-20220804-6354275  User: oesteban  Machine: dna055  Platform: Linux  PlatformVersion: 5.14.0-427.37.1.el9_4.x86_64  CompilerName: GCC  CompilerVersion: 8.4.0
ProgramName: mri_and  ProgramArguments: mri_and -all-info  ProgramVersion: 7.3.2  TimeStamp: 2026/04/04-12:55:52-GMT  BuildTime: Aug  4 2022 06:17:15  BuildStamp: freesurfer-linux-ubuntu22_x86_64-7.3.2-20220804-6354275  User: oesteban  Machine: dna055  Platform: Linux  PlatformVersion: 5.14.0-427.37.1.el9_4.x86_64  CompilerName: GCC  CompilerVersion: 8.4.0
ProgramName: mri_annotation2label  ProgramArguments: mri_annotation2label -all-info  ProgramVersion: 7.3.2  TimeStamp: 2026/04/04-12:55:52-GMT  BuildTime: Aug  4 2022 06:17:15  BuildStamp: freesurfer-linux-ubuntu22_x86_64-7.3.2-20220804-6354275  User: oesteban  Machine: dna055  Platform: Linux  PlatformVersion: 5.14.0-427.37.1.el9_4.x86_64  CompilerName: GCC  CompilerVersion: 8.4.0
ProgramName: mri_aparc2aseg  ProgramArguments: mri_aparc2aseg -all-info  ProgramVersion: 7.3.2  TimeStamp: 2026/04/04-12:55:52-GMT  BuildTime: Aug  4 2022 06:17:15  BuildStamp: freesurfer-linux-ubuntu22_x86_64-7.3.2-20220804-6354275  User: oesteban  Machine: dna055  Platform: Linux  PlatformVersion: 5.14.0-427.37.1.el9_4.x86_64  CompilerName: GCC  CompilerVersion: 8.4.0
ProgramName: mri_surf2volseg  ProgramArguments: mri_surf2volseg -all-info  ProgramVersion: 7.3.2  TimeStamp: 2026/04/04-12:55:52-GMT  BuildTime: Aug  4 2022 06:17:15  BuildStamp: freesurfer-linux-ubuntu22_x86_64-7.3.2-20220804-6354275  User: oesteban  Machine: dna055  Platform: Linux  PlatformVersion: 5.14.0-427.37.1.el9_4.x86_64  CompilerName: GCC  CompilerVersion: 8.4.0
ProgramName: mri_binarize  ProgramArguments: mri_binarize -all-info  ProgramVersion: 7.3.2  TimeStamp: 2026/04/04-12:55:52-GMT  BuildTime: Aug  4 2022 06:17:15  BuildStamp: freesurfer-linux-ubuntu22_x86_64-7.3.2-20220804-6354275  User: oesteban  Machine: dna055  Platform: Linux  PlatformVersion: 5.14.0-427.37.1.el9_4.x86_64  CompilerName: GCC  CompilerVersion: 8.4.0
ProgramName: mri_ca_label  ProgramArguments: mri_ca_label -all-info  ProgramVersion: 7.3.2  TimeStamp: 2026/04/04-12:55:52-GMT  BuildTime: Aug  4 2022 06:17:15  BuildStamp: freesurfer-linux-ubuntu22_x86_64-7.3.2-20220804-6354275  User: oesteban  Machine: dna055  Platform: Linux  PlatformVersion: 5.14.0-427.37.1.el9_4.x86_64  CompilerName: GCC  CompilerVersion: 8.4.0
ProgramName: mri_ca_normalize  ProgramArguments: mri_ca_normalize -all-info  ProgramVersion: 7.3.2  TimeStamp: 2026/04/04-12:55:52-GMT  BuildTime: Aug  4 2022 06:17:15  BuildStamp: freesurfer-linux-ubuntu22_x86_64-7.3.2-20220804-6354275  User: oesteban  Machine: dna055  Platform: Linux  PlatformVersion: 5.14.0-427.37.1.el9_4.x86_64  CompilerName: GCC  CompilerVersion: 8.4.0
ProgramName: mri_ca_register  ProgramArguments: mri_ca_register -all-info  ProgramVersion: 7.3.2  TimeStamp: 2026/04/04-12:55:52-GMT  BuildTime: Aug  4 2022 06:17:15  BuildStamp: freesurfer-linux-ubuntu22_x86_64-7.3.2-20220804-6354275  User: oesteban  Machine: dna055  Platform: Linux  PlatformVersion: 5.14.0-427.37.1.el9_4.x86_64  CompilerName: GCC  CompilerVersion: 8.4.0
ProgramName: mri_cc  ProgramArguments: mri_cc -all-info  ProgramVersion: 7.3.2  TimeStamp: 2026/04/04-12:55:52-GMT  BuildTime: Aug  4 2022 06:17:15  BuildStamp: freesurfer-linux-ubuntu22_x86_64-7.3.2-20220804-6354275  User: oesteban  Machine: dna055  Platform: Linux  PlatformVersion: 5.14.0-427.37.1.el9_4.x86_64  CompilerName: GCC  CompilerVersion: 8.4.0
ProgramName: mri_compute_overlap  ProgramArguments: mri_compute_overlap -all-info  ProgramVersion: 7.3.2  TimeStamp: 2026/04/04-12:55:52-GMT  BuildTime: Aug  4 2022 06:17:15  BuildStamp: freesurfer-linux-ubuntu22_x86_64-7.3.2-20220804-6354275  User: oesteban  Machine: dna055  Platform: Linux  PlatformVersion: 5.14.0-427.37.1.el9_4.x86_64  CompilerName: GCC  CompilerVersion: 8.4.0
ProgramName: mri_compute_seg_overlap  ProgramArguments: mri_compute_seg_overlap -all-info  ProgramVersion: 7.3.2  TimeStamp: 2026/04/04-12:55:52-GMT  BuildTime: Aug  4 2022 06:17:15  BuildStamp: freesurfer-linux-ubuntu22_x86_64-7.3.2-20220804-6354275  User: oesteban  Machine: dna055  Platform: Linux  PlatformVersion: 5.14.0-427.37.1.el9_4.x86_64  CompilerName: GCC  CompilerVersion: 8.4.0
ProgramName: mri_concat  ProgramArguments: mri_concat -all-info  ProgramVersion: 7.3.2  TimeStamp: 2026/04/04-12:55:52-GMT  BuildTime: Aug  4 2022 06:17:15  BuildStamp: freesurfer-linux-ubuntu22_x86_64-7.3.2-20220804-6354275  User: oesteban  Machine: dna055  Platform: Linux  PlatformVersion: 5.14.0-427.37.1.el9_4.x86_64  CompilerName: GCC  CompilerVersion: 8.4.0
ProgramName: mri_concatenate_lta  ProgramArguments: mri_concatenate_lta -all-info  ProgramVersion: 7.3.2  TimeStamp: 2026/04/04-12:55:52-GMT  BuildTime: Aug  4 2022 06:17:15  BuildStamp: freesurfer-linux-ubuntu22_x86_64-7.3.2-20220804-6354275  User: oesteban  Machine: dna055  Platform: Linux  PlatformVersion: 5.14.0-427.37.1.el9_4.x86_64  CompilerName: GCC  CompilerVersion: 8.4.0
mri_convert -all-info 
ProgramName: mri_convert  ProgramArguments: mri_convert -all-info  ProgramVersion: 7.3.2  TimeStamp: 2026/04/04-12:55:52-GMT  BuildTime: Aug  4 2022 06:17:15  BuildStamp: freesurfer-linux-ubuntu22_x86_64-7.3.2-20220804-6354275  User: oesteban  Machine: dna055  Platform: Linux  PlatformVersion: 5.14.0-427.37.1.el9_4.x86_64  CompilerName: GCC  CompilerVersion: 8.4.0
ProgramName: mri_diff  ProgramArguments: mri_diff -all-info  ProgramVersion: 7.3.2  TimeStamp: 2026/04/04-12:55:52-GMT  BuildTime: Aug  4 2022 06:17:15  BuildStamp: freesurfer-linux-ubuntu22_x86_64-7.3.2-20220804-6354275  User: oesteban  Machine: dna055  Platform: Linux  PlatformVersion: 5.14.0-427.37.1.el9_4.x86_64  CompilerName: GCC  CompilerVersion: 8.4.0
ProgramName: mri_edit_wm_with_aseg  ProgramArguments: mri_edit_wm_with_aseg -all-info  ProgramVersion: 7.3.2  TimeStamp: 2026/04/04-12:55:52-GMT  BuildTime: Aug  4 2022 06:17:15  BuildStamp: freesurfer-linux-ubuntu22_x86_64-7.3.2-20220804-6354275  User: oesteban  Machine: dna055  Platform: Linux  PlatformVersion: 5.14.0-427.37.1.el9_4.x86_64  CompilerName: GCC  CompilerVersion: 8.4.0
ProgramName: mri_em_register  ProgramArguments: mri_em_register -all-info  ProgramVersion: 7.3.2  TimeStamp: 2026/04/04-12:55:52-GMT  BuildTime: Aug  4 2022 06:17:15  BuildStamp: freesurfer-linux-ubuntu22_x86_64-7.3.2-20220804-6354275  User: oesteban  Machine: dna055  Platform: Linux  PlatformVersion: 5.14.0-427.37.1.el9_4.x86_64  CompilerName: GCC  CompilerVersion: 8.4.0
ProgramName: mri_fill  ProgramArguments: mri_fill -all-info  ProgramVersion: 7.3.2  TimeStamp: 2026/04/04-12:55:52-GMT  BuildTime: Aug  4 2022 06:17:15  BuildStamp: freesurfer-linux-ubuntu22_x86_64-7.3.2-20220804-6354275  User: oesteban  Machine: dna055  Platform: Linux  PlatformVersion: 5.14.0-427.37.1.el9_4.x86_64  CompilerName: GCC  CompilerVersion: 8.4.0
ProgramName: mri_fuse_segmentations  ProgramArguments: mri_fuse_segmentations -all-info  ProgramVersion: 7.3.2  TimeStamp: 2026/04/04-12:55:52-GMT  BuildTime: Aug  4 2022 06:17:15  BuildStamp: freesurfer-linux-ubuntu22_x86_64-7.3.2-20220804-6354275  User: oesteban  Machine: dna055  Platform: Linux  PlatformVersion: 5.14.0-427.37.1.el9_4.x86_64  CompilerName: GCC  CompilerVersion: 8.4.0
ProgramName: mri_fwhm  ProgramArguments: mri_fwhm -all-info  ProgramVersion: 7.3.2  TimeStamp: 2026/04/04-12:55:52-GMT  BuildTime: Aug  4 2022 06:17:15  BuildStamp: freesurfer-linux-ubuntu22_x86_64-7.3.2-20220804-6354275  User: oesteban  Machine: dna055  Platform: Linux  PlatformVersion: 5.14.0-427.37.1.el9_4.x86_64  CompilerName: GCC  CompilerVersion: 8.4.0
ProgramName: mri_gcut  ProgramArguments: mri_gcut -all-info  ProgramVersion: 7.3.2  TimeStamp: 2026/04/04-12:55:52-GMT  BuildTime: Aug  4 2022 06:17:15  BuildStamp: freesurfer-linux-ubuntu22_x86_64-7.3.2-20220804-6354275  User: oesteban  Machine: dna055  Platform: Linux  PlatformVersion: 5.14.0-427.37.1.el9_4.x86_64  CompilerName: GCC  CompilerVersion: 8.4.0
ProgramName: mri_info  ProgramArguments: mri_info -all-info  ProgramVersion: 7.3.2  TimeStamp: 2026/04/04-12:55:52-GMT  BuildTime: Aug  4 2022 06:17:15  BuildStamp: freesurfer-linux-ubuntu22_x86_64-7.3.2-20220804-6354275  User: oesteban  Machine: dna055  Platform: Linux  PlatformVersion: 5.14.0-427.37.1.el9_4.x86_64  CompilerName: GCC  CompilerVersion: 8.4.0
ProgramName: mri_label2label  ProgramArguments: mri_label2label -all-info  ProgramVersion: 7.3.2  TimeStamp: 2026/04/04-12:55:52-GMT  BuildTime: Aug  4 2022 06:17:15  BuildStamp: freesurfer-linux-ubuntu22_x86_64-7.3.2-20220804-6354275  User: oesteban  Machine: dna055  Platform: Linux  PlatformVersion: 5.14.0-427.37.1.el9_4.x86_64  CompilerName: GCC  CompilerVersion: 8.4.0
ProgramName: mri_label2vol  ProgramArguments: mri_label2vol -all-info  ProgramVersion: 7.3.2  TimeStamp: 2026/04/04-12:55:52-GMT  BuildTime: Aug  4 2022 06:17:15  BuildStamp: freesurfer-linux-ubuntu22_x86_64-7.3.2-20220804-6354275  User: oesteban  Machine: dna055  Platform: Linux  PlatformVersion: 5.14.0-427.37.1.el9_4.x86_64  CompilerName: GCC  CompilerVersion: 8.4.0
ProgramName: mri_log_likelihood  ProgramArguments: mri_log_likelihood -all-info  ProgramVersion: 7.3.2  TimeStamp: 2026/04/04-12:55:52-GMT  BuildTime: Aug  4 2022 06:17:15  BuildStamp: freesurfer-linux-ubuntu22_x86_64-7.3.2-20220804-6354275  User: oesteban  Machine: dna055  Platform: Linux  PlatformVersion: 5.14.0-427.37.1.el9_4.x86_64  CompilerName: GCC  CompilerVersion: 8.4.0
ProgramName: mri_mask  ProgramArguments: mri_mask -all-info  ProgramVersion: 7.3.2  TimeStamp: 2026/04/04-12:55:52-GMT  BuildTime: Aug  4 2022 06:17:15  BuildStamp: freesurfer-linux-ubuntu22_x86_64-7.3.2-20220804-6354275  User: oesteban  Machine: dna055  Platform: Linux  PlatformVersion: 5.14.0-427.37.1.el9_4.x86_64  CompilerName: GCC  CompilerVersion: 8.4.0
ProgramName: mri_matrix_multiply  ProgramArguments: mri_matrix_multiply -all-info  ProgramVersion: 7.3.2  TimeStamp: 2026/04/04-12:55:53-GMT  BuildTime: Aug  4 2022 06:17:15  BuildStamp: freesurfer-linux-ubuntu22_x86_64-7.3.2-20220804-6354275  User: oesteban  Machine: dna055  Platform: Linux  PlatformVersion: 5.14.0-427.37.1.el9_4.x86_64  CompilerName: GCC  CompilerVersion: 8.4.0
ProgramName: mri_normalize  ProgramArguments: mri_normalize -all-info  ProgramVersion: 7.3.2  TimeStamp: 2026/04/04-12:55:53-GMT  BuildTime: Aug  4 2022 06:17:15  BuildStamp: freesurfer-linux-ubuntu22_x86_64-7.3.2-20220804-6354275  User: oesteban  Machine: dna055  Platform: Linux  PlatformVersion: 5.14.0-427.37.1.el9_4.x86_64  CompilerName: GCC  CompilerVersion: 8.4.0
ProgramName: mri_normalize_tp2  ProgramArguments: mri_normalize_tp2 -all-info  ProgramVersion: 7.3.2  TimeStamp: 2026/04/04-12:55:53-GMT  BuildTime: Aug  4 2022 06:17:15  BuildStamp: freesurfer-linux-ubuntu22_x86_64-7.3.2-20220804-6354275  User: oesteban  Machine: dna055  Platform: Linux  PlatformVersion: 5.14.0-427.37.1.el9_4.x86_64  CompilerName: GCC  CompilerVersion: 8.4.0
ProgramName: mri_or  ProgramArguments: mri_or -all-info  ProgramVersion: 7.3.2  TimeStamp: 2026/04/04-12:55:53-GMT  BuildTime: Aug  4 2022 06:17:15  BuildStamp: freesurfer-linux-ubuntu22_x86_64-7.3.2-20220804-6354275  User: oesteban  Machine: dna055  Platform: Linux  PlatformVersion: 5.14.0-427.37.1.el9_4.x86_64  CompilerName: GCC  CompilerVersion: 8.4.0
ProgramName: mri_relabel_hypointensities  ProgramArguments: mri_relabel_hypointensities -all-info  ProgramVersion: 7.3.2  TimeStamp: 2026/04/04-12:55:53-GMT  BuildTime: Aug  4 2022 06:17:15  BuildStamp: freesurfer-linux-ubuntu22_x86_64-7.3.2-20220804-6354275  User: oesteban  Machine: dna055  Platform: Linux  PlatformVersion: 5.14.0-427.37.1.el9_4.x86_64  CompilerName: GCC  CompilerVersion: 8.4.0
ProgramName: mri_relabel_nonwm_hypos  ProgramArguments: mri_relabel_nonwm_hypos -all-info  ProgramVersion: 7.3.2  TimeStamp: 2026/04/04-12:55:53-GMT  BuildTime: Aug  4 2022 06:17:15  BuildStamp: freesurfer-linux-ubuntu22_x86_64-7.3.2-20220804-6354275  User: oesteban  Machine: dna055  Platform: Linux  PlatformVersion: 5.14.0-427.37.1.el9_4.x86_64  CompilerName: GCC  CompilerVersion: 8.4.0
ProgramName: mri_remove_neck  ProgramArguments: mri_remove_neck -all-info  ProgramVersion: 7.3.2  TimeStamp: 2026/04/04-12:55:53-GMT  BuildTime: Aug  4 2022 06:17:15  BuildStamp: freesurfer-linux-ubuntu22_x86_64-7.3.2-20220804-6354275  User: oesteban  Machine: dna055  Platform: Linux  PlatformVersion: 5.14.0-427.37.1.el9_4.x86_64  CompilerName: GCC  CompilerVersion: 8.4.0
7.3.2

ProgramName: mri_robust_register  ProgramArguments: mri_robust_register -all-info  ProgramVersion: 7.3.2  TimeStamp: 2026/04/04-12:55:53-GMT  BuildTime: Aug  4 2022 06:17:15  BuildStamp: freesurfer-linux-ubuntu22_x86_64-7.3.2-20220804-6354275  User: oesteban  Machine: dna055  Platform: Linux  PlatformVersion: 5.14.0-427.37.1.el9_4.x86_64  CompilerName: GCC  CompilerVersion: 8.4.0
7.3.2

ProgramName: mri_robust_template  ProgramArguments: mri_robust_template -all-info  ProgramVersion: 7.3.2  TimeStamp: 2026/04/04-12:55:53-GMT  BuildTime: Aug  4 2022 06:17:15  BuildStamp: freesurfer-linux-ubuntu22_x86_64-7.3.2-20220804-6354275  User: oesteban  Machine: dna055  Platform: Linux  PlatformVersion: 5.14.0-427.37.1.el9_4.x86_64  CompilerName: GCC  CompilerVersion: 8.4.0
ProgramName: mris_anatomical_stats  ProgramArguments: mris_anatomical_stats -all-info  ProgramVersion: 7.3.2  TimeStamp: 2026/04/04-12:55:53-GMT  BuildTime: Aug  4 2022 06:17:15  BuildStamp: freesurfer-linux-ubuntu22_x86_64-7.3.2-20220804-6354275  User: oesteban  Machine: dna055  Platform: Linux  PlatformVersion: 5.14.0-427.37.1.el9_4.x86_64  CompilerName: GCC  CompilerVersion: 8.4.0
ProgramName: mris_ca_label  ProgramArguments: mris_ca_label -all-info  ProgramVersion: 7.3.2  TimeStamp: 2026/04/04-12:55:53-GMT  BuildTime: Aug  4 2022 06:17:15  BuildStamp: freesurfer-linux-ubuntu22_x86_64-7.3.2-20220804-6354275  User: oesteban  Machine: dna055  Platform: Linux  PlatformVersion: 5.14.0-427.37.1.el9_4.x86_64  CompilerName: GCC  CompilerVersion: 8.4.0
ProgramName: mris_calc  ProgramArguments: mris_calc -all-info  ProgramVersion: 7.3.2  TimeStamp: 2026/04/04-12:55:53-GMT  BuildTime: Aug  4 2022 06:17:15  BuildStamp: freesurfer-linux-ubuntu22_x86_64-7.3.2-20220804-6354275  User: oesteban  Machine: dna055  Platform: Linux  PlatformVersion: 5.14.0-427.37.1.el9_4.x86_64  CompilerName: GCC  CompilerVersion: 8.4.0
ProgramName: mris_convert  ProgramArguments: mris_convert -all-info  ProgramVersion: 7.3.2  TimeStamp: 2026/04/04-12:55:53-GMT  BuildTime: Aug  4 2022 06:17:15  BuildStamp: freesurfer-linux-ubuntu22_x86_64-7.3.2-20220804-6354275  User: oesteban  Machine: dna055  Platform: Linux  PlatformVersion: 5.14.0-427.37.1.el9_4.x86_64  CompilerName: GCC  CompilerVersion: 8.4.0
ProgramName: mris_curvature  ProgramArguments: mris_curvature -all-info  ProgramVersion: 7.3.2  TimeStamp: 2026/04/04-12:55:53-GMT  BuildTime: Aug  4 2022 06:17:15  BuildStamp: freesurfer-linux-ubuntu22_x86_64-7.3.2-20220804-6354275  User: oesteban  Machine: dna055  Platform: Linux  PlatformVersion: 5.14.0-427.37.1.el9_4.x86_64  CompilerName: GCC  CompilerVersion: 8.4.0
ProgramName: mris_curvature_stats  ProgramArguments: mris_curvature_stats -all-info  ProgramVersion: 7.3.2  TimeStamp: 2026/04/04-12:55:53-GMT  BuildTime: Aug  4 2022 06:17:15  BuildStamp: freesurfer-linux-ubuntu22_x86_64-7.3.2-20220804-6354275  User: oesteban  Machine: dna055  Platform: Linux  PlatformVersion: 5.14.0-427.37.1.el9_4.x86_64  CompilerName: GCC  CompilerVersion: 8.4.0
ProgramName: mris_diff  ProgramArguments: mris_diff -all-info  ProgramVersion: 7.3.2  TimeStamp: 2026/04/04-12:55:53-GMT  BuildTime: Aug  4 2022 06:17:15  BuildStamp: freesurfer-linux-ubuntu22_x86_64-7.3.2-20220804-6354275  User: oesteban  Machine: dna055  Platform: Linux  PlatformVersion: 5.14.0-427.37.1.el9_4.x86_64  CompilerName: GCC  CompilerVersion: 8.4.0
ProgramName: mris_divide_parcellation  ProgramArguments: mris_divide_parcellation -all-info  ProgramVersion: 7.3.2  TimeStamp: 2026/04/04-12:55:53-GMT  BuildTime: Aug  4 2022 06:17:15  BuildStamp: freesurfer-linux-ubuntu22_x86_64-7.3.2-20220804-6354275  User: oesteban  Machine: dna055  Platform: Linux  PlatformVersion: 5.14.0-427.37.1.el9_4.x86_64  CompilerName: GCC  CompilerVersion: 8.4.0
ProgramName: mri_segment  ProgramArguments: mri_segment -all-info  ProgramVersion: 7.3.2  TimeStamp: 2026/04/04-12:55:53-GMT  BuildTime: Aug  4 2022 06:17:15  BuildStamp: freesurfer-linux-ubuntu22_x86_64-7.3.2-20220804-6354275  User: oesteban  Machine: dna055  Platform: Linux  PlatformVersion: 5.14.0-427.37.1.el9_4.x86_64  CompilerName: GCC  CompilerVersion: 8.4.0
ProgramName: mri_segstats  ProgramArguments: mri_segstats -all-info  ProgramVersion: 7.3.2  TimeStamp: 2026/04/04-12:55:53-GMT  BuildTime: Aug  4 2022 06:17:15  BuildStamp: freesurfer-linux-ubuntu22_x86_64-7.3.2-20220804-6354275  User: oesteban  Machine: dna055  Platform: Linux  PlatformVersion: 5.14.0-427.37.1.el9_4.x86_64  CompilerName: GCC  CompilerVersion: 8.4.0
ProgramName: mris_euler_number  ProgramArguments: mris_euler_number -all-info  ProgramVersion: 7.3.2  TimeStamp: 2026/04/04-12:55:53-GMT  BuildTime: Aug  4 2022 06:17:15  BuildStamp: freesurfer-linux-ubuntu22_x86_64-7.3.2-20220804-6354275  User: oesteban  Machine: dna055  Platform: Linux  PlatformVersion: 5.14.0-427.37.1.el9_4.x86_64  CompilerName: GCC  CompilerVersion: 8.4.0
ProgramName: mris_fix_topology  ProgramArguments: mris_fix_topology -all-info  ProgramVersion: 7.3.2  TimeStamp: 2026/04/04-12:55:53-GMT  BuildTime: Aug  4 2022 06:17:15  BuildStamp: freesurfer-linux-ubuntu22_x86_64-7.3.2-20220804-6354275  User: oesteban  Machine: dna055  Platform: Linux  PlatformVersion: 5.14.0-427.37.1.el9_4.x86_64  CompilerName: GCC  CompilerVersion: 8.4.0
ProgramName: mris_topo_fixer  ProgramArguments: mris_topo_fixer -all-info  ProgramVersion: 7.3.2  TimeStamp: 2026/04/04-12:55:53-GMT  BuildTime: Aug  4 2022 06:17:15  BuildStamp: freesurfer-linux-ubuntu22_x86_64-7.3.2-20220804-6354275  User: oesteban  Machine: dna055  Platform: Linux  PlatformVersion: 5.14.0-427.37.1.el9_4.x86_64  CompilerName: GCC  CompilerVersion: 8.4.0
ProgramName: mris_jacobian  ProgramArguments: mris_jacobian -all-info  ProgramVersion: 7.3.2  TimeStamp: 2026/04/04-12:55:53-GMT  BuildTime: Aug  4 2022 06:17:15  BuildStamp: freesurfer-linux-ubuntu22_x86_64-7.3.2-20220804-6354275  User: oesteban  Machine: dna055  Platform: Linux  PlatformVersion: 5.14.0-427.37.1.el9_4.x86_64  CompilerName: GCC  CompilerVersion: 8.4.0
ProgramName: mris_label2annot  ProgramArguments: mris_label2annot -all-info  ProgramVersion: 7.3.2  TimeStamp: 2026/04/04-12:55:53-GMT  BuildTime: Aug  4 2022 06:17:15  BuildStamp: freesurfer-linux-ubuntu22_x86_64-7.3.2-20220804-6354275  User: oesteban  Machine: dna055  Platform: Linux  PlatformVersion: 5.14.0-427.37.1.el9_4.x86_64  CompilerName: GCC  CompilerVersion: 8.4.0
ProgramName: mris_left_right_register  ProgramArguments: mris_left_right_register -all-info  ProgramVersion: 7.3.2  TimeStamp: 2026/04/04-12:55:53-GMT  BuildTime: Aug  4 2022 06:17:15  BuildStamp: freesurfer-linux-ubuntu22_x86_64-7.3.2-20220804-6354275  User: oesteban  Machine: dna055  Platform: Linux  PlatformVersion: 5.14.0-427.37.1.el9_4.x86_64  CompilerName: GCC  CompilerVersion: 8.4.0
ProgramName: mris_place_surface  ProgramArguments: mris_place_surface -all-info  ProgramVersion: 7.3.2  TimeStamp: 2026/04/04-12:55:53-GMT  BuildTime: Aug  4 2022 06:17:15  BuildStamp: freesurfer-linux-ubuntu22_x86_64-7.3.2-20220804-6354275  User: oesteban  Machine: dna055  Platform: Linux  PlatformVersion: 5.14.0-427.37.1.el9_4.x86_64  CompilerName: GCC  CompilerVersion: 8.4.0
ProgramName: mrisp_paint  ProgramArguments: mrisp_paint -all-info  ProgramVersion: 7.3.2  TimeStamp: 2026/04/04-12:55:53-GMT  BuildTime: Aug  4 2022 06:17:15  BuildStamp: freesurfer-linux-ubuntu22_x86_64-7.3.2-20220804-6354275  User: oesteban  Machine: dna055  Platform: Linux  PlatformVersion: 5.14.0-427.37.1.el9_4.x86_64  CompilerName: GCC  CompilerVersion: 8.4.0
ProgramName: mris_register  ProgramArguments: mris_register -all-info  ProgramVersion: 7.3.2  TimeStamp: 2026/04/04-12:55:53-GMT  BuildTime: Aug  4 2022 06:17:15  BuildStamp: freesurfer-linux-ubuntu22_x86_64-7.3.2-20220804-6354275  User: oesteban  Machine: dna055  Platform: Linux  PlatformVersion: 5.14.0-427.37.1.el9_4.x86_64  CompilerName: GCC  CompilerVersion: 8.4.0
ProgramName: mris_smooth  ProgramArguments: mris_smooth -all-info  ProgramVersion: 7.3.2  TimeStamp: 2026/04/04-12:55:53-GMT  BuildTime: Aug  4 2022 06:17:15  BuildStamp: freesurfer-linux-ubuntu22_x86_64-7.3.2-20220804-6354275  User: oesteban  Machine: dna055  Platform: Linux  PlatformVersion: 5.14.0-427.37.1.el9_4.x86_64  CompilerName: GCC  CompilerVersion: 8.4.0
ProgramName: mris_sphere  ProgramArguments: mris_sphere -all-info  ProgramVersion: 7.3.2  TimeStamp: 2026/04/04-12:55:53-GMT  BuildTime: Aug  4 2022 06:17:15  BuildStamp: freesurfer-linux-ubuntu22_x86_64-7.3.2-20220804-6354275  User: oesteban  Machine: dna055  Platform: Linux  PlatformVersion: 5.14.0-427.37.1.el9_4.x86_64  CompilerName: GCC  CompilerVersion: 8.4.0
ProgramName: mris_surface_stats  ProgramArguments: mris_surface_stats -all-info  ProgramVersion: 7.3.2  TimeStamp: 2026/04/04-12:55:53-GMT  BuildTime: Aug  4 2022 06:17:15  BuildStamp: freesurfer-linux-ubuntu22_x86_64-7.3.2-20220804-6354275  User: oesteban  Machine: dna055  Platform: Linux  PlatformVersion: 5.14.0-427.37.1.el9_4.x86_64  CompilerName: GCC  CompilerVersion: 8.4.0
ProgramName: mri_stats2seg  ProgramArguments: mri_stats2seg -all-info  ProgramVersion: 7.3.2  TimeStamp: 2026/04/04-12:55:53-GMT  BuildTime: Aug  4 2022 06:17:15  BuildStamp: freesurfer-linux-ubuntu22_x86_64-7.3.2-20220804-6354275  User: oesteban  Machine: dna055  Platform: Linux  PlatformVersion: 5.14.0-427.37.1.el9_4.x86_64  CompilerName: GCC  CompilerVersion: 8.4.0
ProgramName: mris_thickness  ProgramArguments: mris_thickness -all-info  ProgramVersion: 7.3.2  TimeStamp: 2026/04/04-12:55:53-GMT  BuildTime: Aug  4 2022 06:17:15  BuildStamp: freesurfer-linux-ubuntu22_x86_64-7.3.2-20220804-6354275  User: oesteban  Machine: dna055  Platform: Linux  PlatformVersion: 5.14.0-427.37.1.el9_4.x86_64  CompilerName: GCC  CompilerVersion: 8.4.0
ProgramName: mris_thickness_diff  ProgramArguments: mris_thickness_diff -all-info  ProgramVersion: 7.3.2  TimeStamp: 2026/04/04-12:55:53-GMT  BuildTime: Aug  4 2022 06:17:15  BuildStamp: freesurfer-linux-ubuntu22_x86_64-7.3.2-20220804-6354275  User: oesteban  Machine: dna055  Platform: Linux  PlatformVersion: 5.14.0-427.37.1.el9_4.x86_64  CompilerName: GCC  CompilerVersion: 8.4.0
ProgramName: mris_topo_fixer  ProgramArguments: mris_topo_fixer -all-info  ProgramVersion: 7.3.2  TimeStamp: 2026/04/04-12:55:53-GMT  BuildTime: Aug  4 2022 06:17:15  BuildStamp: freesurfer-linux-ubuntu22_x86_64-7.3.2-20220804-6354275  User: oesteban  Machine: dna055  Platform: Linux  PlatformVersion: 5.14.0-427.37.1.el9_4.x86_64  CompilerName: GCC  CompilerVersion: 8.4.0
ProgramName: mri_surf2surf  ProgramArguments: mri_surf2surf -all-info  ProgramVersion: 7.3.2  TimeStamp: 2026/04/04-12:55:53-GMT  BuildTime: Aug  4 2022 06:17:15  BuildStamp: freesurfer-linux-ubuntu22_x86_64-7.3.2-20220804-6354275  User: oesteban  Machine: dna055  Platform: Linux  PlatformVersion: 5.14.0-427.37.1.el9_4.x86_64  CompilerName: GCC  CompilerVersion: 8.4.0
ProgramName: mri_surf2vol  ProgramArguments: mri_surf2vol -all-info  ProgramVersion: 7.3.2  TimeStamp: 2026/04/04-12:55:53-GMT  BuildTime: Aug  4 2022 06:17:15  BuildStamp: freesurfer-linux-ubuntu22_x86_64-7.3.2-20220804-6354275  User: oesteban  Machine: dna055  Platform: Linux  PlatformVersion: 5.14.0-427.37.1.el9_4.x86_64  CompilerName: GCC  CompilerVersion: 8.4.0
ProgramName: mri_surfcluster  ProgramArguments: mri_surfcluster -all-info  ProgramVersion: 7.3.2  TimeStamp: 2026/04/04-12:55:53-GMT  BuildTime: Aug  4 2022 06:17:15  BuildStamp: freesurfer-linux-ubuntu22_x86_64-7.3.2-20220804-6354275  User: oesteban  Machine: dna055  Platform: Linux  PlatformVersion: 5.14.0-427.37.1.el9_4.x86_64  CompilerName: GCC  CompilerVersion: 8.4.0
ProgramName: mris_volmask  ProgramArguments: mris_volmask -all-info  ProgramVersion: 7.3.2  TimeStamp: 2026/04/04-12:55:53-GMT  BuildTime: Aug  4 2022 06:17:15  BuildStamp: freesurfer-linux-ubuntu22_x86_64-7.3.2-20220804-6354275  User: oesteban  Machine: dna055  Platform: Linux  PlatformVersion: 5.14.0-427.37.1.el9_4.x86_64  CompilerName: GCC  CompilerVersion: 8.4.0
ProgramName: mri_tessellate  ProgramArguments: mri_tessellate -all-info  ProgramVersion: 7.3.2  TimeStamp: 2026/04/04-12:55:53-GMT  BuildTime: Aug  4 2022 06:17:15  BuildStamp: freesurfer-linux-ubuntu22_x86_64-7.3.2-20220804-6354275  User: oesteban  Machine: dna055  Platform: Linux  PlatformVersion: 5.14.0-427.37.1.el9_4.x86_64  CompilerName: GCC  CompilerVersion: 8.4.0
ProgramName: mri_vol2surf  ProgramArguments: mri_vol2surf -all-info  ProgramVersion: 7.3.2  TimeStamp: 2026/04/04-12:55:53-GMT  BuildTime: Aug  4 2022 06:17:15  BuildStamp: freesurfer-linux-ubuntu22_x86_64-7.3.2-20220804-6354275  User: oesteban  Machine: dna055  Platform: Linux  PlatformVersion: 5.14.0-427.37.1.el9_4.x86_64  CompilerName: GCC  CompilerVersion: 8.4.0
ProgramName: mri_vol2vol  ProgramArguments: mri_vol2vol -all-info  ProgramVersion: 7.3.2  TimeStamp: 2026/04/04-12:55:53-GMT  BuildTime: Aug  4 2022 06:17:15  BuildStamp: freesurfer-linux-ubuntu22_x86_64-7.3.2-20220804-6354275  User: oesteban  Machine: dna055  Platform: Linux  PlatformVersion: 5.14.0-427.37.1.el9_4.x86_64  CompilerName: GCC  CompilerVersion: 8.4.0
ProgramName: mri_voldiff  ProgramArguments: mri_voldiff -all-info  ProgramVersion: 7.3.2  TimeStamp: 2026/04/04-12:55:53-GMT  BuildTime: Aug  4 2022 06:17:15  BuildStamp: freesurfer-linux-ubuntu22_x86_64-7.3.2-20220804-6354275  User: oesteban  Machine: dna055  Platform: Linux  PlatformVersion: 5.14.0-427.37.1.el9_4.x86_64  CompilerName: GCC  CompilerVersion: 8.4.0
ProgramName: mri_watershed  ProgramArguments: mri_watershed -all-info  ProgramVersion: 7.3.2  TimeStamp: 2026/04/04-12:55:53-GMT  BuildTime: Aug  4 2022 06:17:15  BuildStamp: freesurfer-linux-ubuntu22_x86_64-7.3.2-20220804-6354275  User: oesteban  Machine: dna055  Platform: Linux  PlatformVersion: 5.14.0-427.37.1.el9_4.x86_64  CompilerName: GCC  CompilerVersion: 8.4.0
ProgramName: tkregister2  ProgramArguments: tkregister2_cmdl -all-info  ProgramVersion: 7.3.2  TimeStamp: 2026/04/04-12:55:53-GMT  BuildTime: Aug  4 2022 06:17:15  BuildStamp: freesurfer-linux-ubuntu22_x86_64-7.3.2-20220804-6354275  User: oesteban  Machine: dna055  Platform: Linux  PlatformVersion: 5.14.0-427.37.1.el9_4.x86_64  CompilerName: GCC  CompilerVersion: 8.4.0
mri_motion_correct.fsl 7.3.2
mri_convert -all-info 
ProgramName: mri_convert  ProgramArguments: mri_convert -all-info  ProgramVersion: 7.3.2  TimeStamp: 2026/04/04-12:55:53-GMT  BuildTime: Aug  4 2022 06:17:15  BuildStamp: freesurfer-linux-ubuntu22_x86_64-7.3.2-20220804-6354275  User: oesteban  Machine: dna055  Platform: Linux  PlatformVersion: 5.14.0-427.37.1.el9_4.x86_64  CompilerName: GCC  CompilerVersion: 8.4.0
Program nu_correct, built from:
Package MNI N3, version 1.12.0, compiled by nicks@terrier (x86_64-unknown-linux-gnu) on 2015-06-19 at 01:25:34
#######################################
GCADIR /opt/freesurfer/average
GCA RB_all_2020-01-02.gca
GCASkull RB_all_withskull_2020_01_02.gca
AvgCurvTif folding.atlas.acfb40.noaparc.i12.2016-08-02.tif
GCSDIR /opt/freesurfer/average
GCS DKaparc.atlas.acfb40.noaparc.i12.2016-08-02.gcs
#######################################
#--------------------------------------------
#@# Tessellate rh Sat Apr  4 14:55:53 CEST 2026
/out/sourcedata/freesurfer/sub-v1s13x0050005_ses-1/scripts

 mri_pretess ../mri/filled.mgz 127 ../mri/norm.mgz ../mri/filled-pretess127.mgz 


Iteration Number : 1
pass   1 (xy+):   4 found -   4 modified     |    TOTAL:   4
pass   2 (xy+):   0 found -   4 modified     |    TOTAL:   4
pass   1 (xy-):   2 found -   2 modified     |    TOTAL:   6
pass   2 (xy-):   0 found -   2 modified     |    TOTAL:   6
pass   1 (yz+):   4 found -   4 modified     |    TOTAL:  10
pass   2 (yz+):   0 found -   4 modified     |    TOTAL:  10
pass   1 (yz-):   6 found -   6 modified     |    TOTAL:  16
pass   2 (yz-):   0 found -   6 modified     |    TOTAL:  16
pass   1 (xz+):   0 found -   0 modified     |    TOTAL:  16
pass   1 (xz-):   0 found -   0 modified     |    TOTAL:  16
Iteration Number : 1
pass   1 (+++):   0 found -   0 modified     |    TOTAL:   0
pass   1 (+++):   0 found -   0 modified     |    TOTAL:   0
pass   1 (+++):   0 found -   0 modified     |    TOTAL:   0
pass   1 (+++):   0 found -   0 modified     |    TOTAL:   0
Iteration Number : 1
pass   1 (++):   0 found -   0 modified     |    TOTAL:   0
pass   1 (+-):   1 found -   1 modified     |    TOTAL:   1
pass   2 (+-):   0 found -   1 modified     |    TOTAL:   1
pass   1 (--):   1 found -   1 modified     |    TOTAL:   2
pass   2 (--):   0 found -   1 modified     |    TOTAL:   2
pass   1 (-+):   2 found -   2 modified     |    TOTAL:   4
pass   2 (-+):   0 found -   2 modified     |    TOTAL:   4
Iteration Number : 2
pass   1 (xy+):   0 found -   0 modified     |    TOTAL:   0
pass   1 (xy-):   0 found -   0 modified     |    TOTAL:   0
pass   1 (yz+):   0 found -   0 modified     |    TOTAL:   0
pass   1 (yz-):   0 found -   0 modified     |    TOTAL:   0
pass   1 (xz+):   0 found -   0 modified     |    TOTAL:   0
pass   1 (xz-):   0 found -   0 modified     |    TOTAL:   0
Iteration Number : 2
pass   1 (+++):   0 found -   0 modified     |    TOTAL:   0
pass   1 (+++):   0 found -   0 modified     |    TOTAL:   0
pass   1 (+++):   0 found -   0 modified     |    TOTAL:   0
pass   1 (+++):   0 found -   0 modified     |    TOTAL:   0
Iteration Number : 2
pass   1 (++):   0 found -   0 modified     |    TOTAL:   0
pass   1 (+-):   0 found -   0 modified     |    TOTAL:   0
pass   1 (--):   0 found -   0 modified     |    TOTAL:   0
pass   1 (-+):   0 found -   0 modified     |    TOTAL:   0

Total Number of Modified Voxels = 20 (out of 252226: 0.007929)
Ambiguous edge configurations... 

mri_pretess done


 mri_tessellate ../mri/filled-pretess127.mgz 127 ../surf/rh.orig.nofix 

7.3.2
  7.3.2
slice 40: 387 vertices, 444 faces
slice 50: 4840 vertices, 5048 faces
slice 60: 12168 vertices, 12440 faces
slice 70: 21082 vertices, 21385 faces
slice 80: 31144 vertices, 31471 faces
slice 90: 41566 vertices, 41904 faces
slice 100: 52849 vertices, 53294 faces
slice 110: 64190 vertices, 64575 faces
slice 120: 75340 vertices, 75733 faces
slice 130: 86345 vertices, 86754 faces
slice 140: 97432 vertices, 97836 faces
slice 150: 107384 vertices, 107729 faces
slice 160: 115245 vertices, 115526 faces
slice 170: 121186 vertices, 121452 faces
slice 180: 126129 vertices, 126339 faces
slice 190: 129628 vertices, 129801 faces
slice 200: 131188 vertices, 131246 faces
slice 210: 131188 vertices, 131246 faces
slice 220: 131188 vertices, 131246 faces
slice 230: 131188 vertices, 131246 faces
slice 240: 131188 vertices, 131246 faces
slice 250: 131188 vertices, 131246 faces
using the conformed surface RAS to save vertex points...
writing ../surf/rh.orig.nofix
using vox2ras matrix:
-1.00000   0.00000   0.00000   128.00000;
 0.00000   0.00000   1.00000  -128.00000;
 0.00000  -1.00000   0.00000   128.00000;
 0.00000   0.00000   0.00000   1.00000;

 rm -f ../mri/filled-pretess127.mgz 


 mris_extract_main_component ../surf/rh.orig.nofix ../surf/rh.orig.nofix 


counting number of connected components...
   131188 voxel in cpt #1: X=-58 [v=131188,e=393738,f=262492] located at (27.506182, -16.843271, 8.247728)
For the whole surface: X=-58 [v=131188,e=393738,f=262492]
One single component has been found
nothing to do
done

#--------------------------------------------
#@# Smooth1 rh Sat Apr  4 14:55:56 CEST 2026
/out/sourcedata/freesurfer/sub-v1s13x0050005_ses-1/scripts

 mris_smooth -nw -seed 1234 ../surf/rh.orig.nofix ../surf/rh.smoothwm.nofix 

setting seed for random number generator to 1234
smoothing surface tessellation for 10 iterations...
smoothing complete - recomputing first and second fundamental forms...
#--------------------------------------------
#@# Inflation1 rh Sat Apr  4 14:55:59 CEST 2026
/out/sourcedata/freesurfer/sub-v1s13x0050005_ses-1/scripts

 mris_inflate -no-save-sulc ../surf/rh.smoothwm.nofix ../surf/rh.inflated.nofix 

Not saving sulc
Reading ../surf/rh.smoothwm.nofix
avg radius = 45.3 mm, total surface area = 70769 mm^2
step 000: RMS=0.152 (target=0.015)   step 005: RMS=0.116 (target=0.015)   step 010: RMS=0.086 (target=0.015)   step 015: RMS=0.074 (target=0.015)   step 020: RMS=0.066 (target=0.015)   step 025: RMS=0.060 (target=0.015)   step 030: RMS=0.055 (target=0.015)   step 035: RMS=0.051 (target=0.015)   step 040: RMS=0.048 (target=0.015)   step 045: RMS=0.047 (target=0.015)   step 050: RMS=0.045 (target=0.015)   step 055: RMS=0.045 (target=0.015)   step 060: RMS=0.045 (target=0.015)   writing inflated surface to ../surf/rh.inflated.nofix
inflation took 0.2 minutes

inflation complete.
Not saving sulc
mris_inflate utimesec    44.490133
mris_inflate stimesec    1.462310
mris_inflate ru_maxrss   207584
mris_inflate ru_ixrss    0
mris_inflate ru_idrss    0
mris_inflate ru_isrss    0
mris_inflate ru_minflt   526585
mris_inflate ru_majflt   0
mris_inflate ru_nswap    0
mris_inflate ru_inblock  0
mris_inflate ru_oublock  9232
mris_inflate ru_msgsnd   0
mris_inflate ru_msgrcv   0
mris_inflate ru_nsignals 0
mris_inflate ru_nvcsw    4492
mris_inflate ru_nivcsw   147
#--------------------------------------------
#@# QSphere rh Sat Apr  4 14:56:08 CEST 2026
/out/sourcedata/freesurfer/sub-v1s13x0050005_ses-1/scripts

 mris_sphere -q -p 6 -a 128 -seed 1234 ../surf/rh.inflated.nofix ../surf/rh.qsphere.nofix 

doing quick spherical unfolding.
limitting unfolding to 6 passes
using n_averages = 128
setting seed for random number genererator to 1234
version: 7.3.2
available threads: 16
scaling brain by 0.313...
inflating...
projecting onto sphere...
surface projected - minimizing metric distortion...
vertex spacing 1.03 +- 0.59 (0.00-->6.67) (max @ vno 101202 --> 102315)
face area 0.03 +- 0.03 (-0.20-->0.59)
Entering MRISinflateToSphere()
inflating to sphere (rms error < 2.00)
000: dt: 0.0000, rms radial error=177.165, avgs=0
005/300: dt: 0.9000, rms radial error=176.906, avgs=0
010/300: dt: 0.9000, rms radial error=176.349, avgs=0
015/300: dt: 0.9000, rms radial error=175.617, avgs=0
020/300: dt: 0.9000, rms radial error=174.784, avgs=0
025/300: dt: 0.9000, rms radial error=173.893, avgs=0
030/300: dt: 0.9000, rms radial error=172.969, avgs=0
035/300: dt: 0.9000, rms radial error=172.028, avgs=0
040/300: dt: 0.9000, rms radial error=171.079, avgs=0
045/300: dt: 0.9000, rms radial error=170.127, avgs=0
050/300: dt: 0.9000, rms radial error=169.175, avgs=0
055/300: dt: 0.9000, rms radial error=168.225, avgs=0
060/300: dt: 0.9000, rms radial error=167.279, avgs=0
065/300: dt: 0.9000, rms radial error=166.342, avgs=0
070/300: dt: 0.9000, rms radial error=165.410, avgs=0
075/300: dt: 0.9000, rms radial error=164.483, avgs=0
080/300: dt: 0.9000, rms radial error=163.561, avgs=0
085/300: dt: 0.9000, rms radial error=162.644, avgs=0
090/300: dt: 0.9000, rms radial error=161.733, avgs=0
095/300: dt: 0.9000, rms radial error=160.827, avgs=0
100/300: dt: 0.9000, rms radial error=159.926, avgs=0
105/300: dt: 0.9000, rms radial error=159.030, avgs=0
110/300: dt: 0.9000, rms radial error=158.138, avgs=0
115/300: dt: 0.9000, rms radial error=157.252, avgs=0
120/300: dt: 0.9000, rms radial error=156.370, avgs=0
125/300: dt: 0.9000, rms radial error=155.493, avgs=0
130/300: dt: 0.9000, rms radial error=154.621, avgs=0
135/300: dt: 0.9000, rms radial error=153.754, avgs=0
140/300: dt: 0.9000, rms radial error=152.891, avgs=0
145/300: dt: 0.9000, rms radial error=152.034, avgs=0
150/300: dt: 0.9000, rms radial error=151.181, avgs=0
155/300: dt: 0.9000, rms radial error=150.332, avgs=0
160/300: dt: 0.9000, rms radial error=149.489, avgs=0
165/300: dt: 0.9000, rms radial error=148.650, avgs=0
170/300: dt: 0.9000, rms radial error=147.816, avgs=0
175/300: dt: 0.9000, rms radial error=146.986, avgs=0
180/300: dt: 0.9000, rms radial error=146.161, avgs=0
185/300: dt: 0.9000, rms radial error=145.341, avgs=0
190/300: dt: 0.9000, rms radial error=144.525, avgs=0
195/300: dt: 0.9000, rms radial error=143.714, avgs=0
200/300: dt: 0.9000, rms radial error=142.907, avgs=0
205/300: dt: 0.9000, rms radial error=142.104, avgs=0
210/300: dt: 0.9000, rms radial error=141.306, avgs=0
215/300: dt: 0.9000, rms radial error=140.512, avgs=0
220/300: dt: 0.9000, rms radial error=139.723, avgs=0
225/300: dt: 0.9000, rms radial error=138.937, avgs=0
230/300: dt: 0.9000, rms radial error=138.156, avgs=0
235/300: dt: 0.9000, rms radial error=137.379, avgs=0
240/300: dt: 0.9000, rms radial error=136.607, avgs=0
245/300: dt: 0.9000, rms radial error=135.839, avgs=0
250/300: dt: 0.9000, rms radial error=135.075, avgs=0
255/300: dt: 0.9000, rms radial error=134.316, avgs=0
260/300: dt: 0.9000, rms radial error=133.561, avgs=0
265/300: dt: 0.9000, rms radial error=132.810, avgs=0
270/300: dt: 0.9000, rms radial error=132.064, avgs=0
275/300: dt: 0.9000, rms radial error=131.321, avgs=0
280/300: dt: 0.9000, rms radial error=130.583, avgs=0
285/300: dt: 0.9000, rms radial error=129.849, avgs=0
290/300: dt: 0.9000, rms radial error=129.119, avgs=0
295/300: dt: 0.9000, rms radial error=128.392, avgs=0
300/300: dt: 0.9000, rms radial error=127.670, avgs=0

spherical inflation complete.
epoch 1 (K=10.0), pass 1, starting sse = 15244.67
taking momentum steps...
taking momentum steps...
taking momentum steps...
taking momentum steps...
pass 1 complete, delta sse/iter = 0.00/13 = 0.00037
epoch 2 (K=40.0), pass 1, starting sse = 2448.26
taking momentum steps...
taking momentum steps...
taking momentum steps...
taking momentum steps...
pass 1 complete, delta sse/iter = 0.01/13 = 0.00048
epoch 3 (K=160.0), pass 1, starting sse = 230.37
taking momentum steps...
taking momentum steps...
taking momentum steps...
taking momentum steps...
pass 1 complete, delta sse/iter = 0.06/14 = 0.00445
epoch 4 (K=640.0), pass 1, starting sse = 20.95
taking momentum steps...
taking momentum steps...
taking momentum steps...
taking momentum steps...
pass 1 complete, delta sse/iter = 0.11/22 = 0.00491
final distance error %100000.00
writing spherical brain to ../surf/rh.qsphere.nofix
spherical transformation took 0.0156 hours
FSRUNTIME@ mris_sphere  0.0156 hours 16 threads
#VMPC# mris_sphere VmPeak  1548300
mris_sphere done
#@# Fix Topology rh Sat Apr  4 14:57:05 CEST 2026

 mris_fix_topology -mgz -sphere qsphere.nofix -inflated inflated.nofix -orig orig.nofix -out orig.premesh -ga -seed 1234 sub-v1s13x0050005_ses-1 rh 

reading spherical homeomorphism from 'qsphere.nofix'
reading inflated coordinates from 'inflated.nofix'
reading original coordinates from 'orig.nofix'
using genetic algorithm with optimized parameters
setting seed for random number genererator to 1234

*************************************************************
Topology Correction Parameters
retessellation mode:           genetic search
number of patches/generation : 10
number of generations :        10
surface mri loglikelihood coefficient :         1.0
volume mri loglikelihood coefficient :          10.0
normal dot loglikelihood coefficient :          1.0
quadratic curvature loglikelihood coefficient : 1.0
volume resolution :                             2
eliminate vertices during search :              1
initial patch selection :                       1
select all defect vertices :                    0
ordering dependant retessellation:              0
use precomputed edge table :                    0
smooth retessellated patch :                    2
match retessellated patch :                     1
verbose mode :                                  0

*************************************************************
INFO: assuming .mgz format
writing corrected surface to 'orig.premesh'
7.3.2
  7.3.2
before topology correction, eno=-58 (nv=131188, nf=262492, ne=393738, g=30)
using quasi-homeomorphic spherical map to tessellate cortical surface...

Correction of the Topology
Finding true center and radius of Spherical Surface...done
Surface centered at (0,0,0) with radius 100.0 in 12 iterations
marking ambiguous vertices...
11191 ambiguous faces found in tessellation
segmenting defects...
24 defects found, arbitrating ambiguous regions...
analyzing neighboring defects...
      -merging segment 4 into 2
      -merging segment 16 into 13
22 defects to be corrected 
0 vertices coincident
reading input surface /out/sourcedata/freesurfer/sub-v1s13x0050005_ses-1/surf/rh.qsphere.nofix...
reading brain volume from brain...
reading wm segmentation from wm...
Reading original properties of orig.nofix
Reading vertex positions of inflated.nofix
Computing Initial Surface Statistics
      -face       loglikelihood: -8.8917  (-4.4459)
      -vertex     loglikelihood: -5.8453  (-2.9226)
      -normal dot loglikelihood: -3.6417  (-3.6417)
      -quad curv  loglikelihood: -5.8353  (-2.9176)
      Total Loglikelihood : -24.2140
CORRECTING DEFECT 0 (vertices=48, convex hull=82, v0=35254)
After retessellation of defect 0 (v0=35254), euler #=-20 (124899,373242,248323) : difference with theory (-19) = 1 
CORRECTING DEFECT 1 (vertices=121, convex hull=115, v0=43562)
After retessellation of defect 1 (v0=43562), euler #=-19 (124950,373445,248476) : difference with theory (-18) = 1 
CORRECTING DEFECT 2 (vertices=1025, convex hull=683, v0=44634)
An extra large defect has been detected...
This often happens because cerebellum or dura has not been removed from wm.mgz.
This may cause recon-all to run very slowly or crash.
if so, see https://surfer.nmr.mgh.harvard.edu/fswiki/FsTutorial/TopologicalDefect_freeview
Warning - incorrect dp selected!!!!(-100.328259 >= -100.320029 ) 
After retessellation of defect 2 (v0=44634), euler #=-17 (125087,374198,249094) : difference with theory (-17) = 0 
CORRECTING DEFECT 3 (vertices=42, convex hull=68, v0=52644)
After retessellation of defect 3 (v0=52644), euler #=-16 (125100,374260,249144) : difference with theory (-16) = 0 
CORRECTING DEFECT 4 (vertices=3615, convex hull=1129, v0=67979)
An extra large defect has been detected...
This often happens because cerebellum or dura has not been removed from wm.mgz.
This may cause recon-all to run very slowly or crash.
if so, see https://surfer.nmr.mgh.harvard.edu/fswiki/FsTutorial/TopologicalDefect_freeview
After retessellation of defect 4 (v0=67979), euler #=-16 (125640,376448,250792) : difference with theory (-15) = 1 
CORRECTING DEFECT 5 (vertices=7, convex hull=24, v0=75131)
After retessellation of defect 5 (v0=75131), euler #=-15 (125642,376463,250806) : difference with theory (-14) = 1 
CORRECTING DEFECT 6 (vertices=10, convex hull=30, v0=77191)
After retessellation of defect 6 (v0=77191), euler #=-14 (125645,376480,250821) : difference with theory (-13) = 1 
CORRECTING DEFECT 7 (vertices=18, convex hull=25, v0=77276)
After retessellation of defect 7 (v0=77276), euler #=-13 (125649,376501,250839) : difference with theory (-12) = 1 
CORRECTING DEFECT 8 (vertices=334, convex hull=140, v0=79328)
After retessellation of defect 8 (v0=79328), euler #=-12 (125657,376585,250916) : difference with theory (-11) = 1 
CORRECTING DEFECT 9 (vertices=6, convex hull=18, v0=83830)
After retessellation of defect 9 (v0=83830), euler #=-11 (125657,376589,250921) : difference with theory (-10) = 1 
CORRECTING DEFECT 10 (vertices=8, convex hull=26, v0=83834)
After retessellation of defect 10 (v0=83834), euler #=-10 (125660,376605,250935) : difference with theory (-9) = 1 
CORRECTING DEFECT 11 (vertices=6, convex hull=20, v0=84962)
After retessellation of defect 11 (v0=84962), euler #=-9 (125661,376614,250944) : difference with theory (-8) = 1 
CORRECTING DEFECT 12 (vertices=74, convex hull=114, v0=90815)
After retessellation of defect 12 (v0=90815), euler #=-7 (125694,376768,251067) : difference with theory (-7) = 0 
CORRECTING DEFECT 13 (vertices=55, convex hull=27, v0=91388)
After retessellation of defect 13 (v0=91388), euler #=-6 (125699,376789,251084) : difference with theory (-6) = 0 
CORRECTING DEFECT 14 (vertices=25, convex hull=50, v0=91828)
After retessellation of defect 14 (v0=91828), euler #=-5 (125709,376836,251122) : difference with theory (-5) = 0 
CORRECTING DEFECT 15 (vertices=363, convex hull=191, v0=92702)
After retessellation of defect 15 (v0=92702), euler #=-4 (125741,377029,251284) : difference with theory (-4) = 0 
CORRECTING DEFECT 16 (vertices=52, convex hull=66, v0=96721)
After retessellation of defect 16 (v0=96721), euler #=-3 (125756,377100,251341) : difference with theory (-3) = 0 
CORRECTING DEFECT 17 (vertices=21, convex hull=24, v0=97908)
After retessellation of defect 17 (v0=97908), euler #=-2 (125761,377123,251360) : difference with theory (-2) = 0 
CORRECTING DEFECT 18 (vertices=76, convex hull=83, v0=104394)
After retessellation of defect 18 (v0=104394), euler #=-1 (125793,377253,251459) : difference with theory (-1) = 0 
CORRECTING DEFECT 19 (vertices=18, convex hull=64, v0=106847)
After retessellation of defect 19 (v0=106847), euler #=0 (125801,377303,251502) : difference with theory (0) = 0 
CORRECTING DEFECT 20 (vertices=175, convex hull=102, v0=116247)
After retessellation of defect 20 (v0=116247), euler #=1 (125813,377381,251569) : difference with theory (1) = 0 
CORRECTING DEFECT 21 (vertices=206, convex hull=119, v0=128377)
After retessellation of defect 21 (v0=128377), euler #=2 (125874,377616,251744) : difference with theory (2) = 0 
computing original vertex metric properties...
storing new metric properties...
computing tessellation statistics...
vertex spacing 0.89 +- 0.25 (0.07-->17.58) (max @ vno 47960 --> 53277)
face area -nan +- -nan (1000.00-->-1.00)
performing soap bubble on retessellated vertices for 0 iterations...
vertex spacing 0.89 +- 0.25 (0.07-->17.58) (max @ vno 47960 --> 53277)
face area -nan +- -nan (1000.00-->-1.00)
tessellation finished, orienting corrected surface...
79 mutations (33.2%), 159 crossovers (66.8%), 805 vertices were eliminated
building final representation...
5314 vertices and 0 faces have been removed from triangulation
after topology correction, eno=2 (nv=125874, nf=251744, ne=377616, g=0)
writing corrected surface to /out/sourcedata/freesurfer/sub-v1s13x0050005_ses-1/surf/rh.orig.premesh...

0.000 % of the vertices (0 vertices) exhibit an orientation change
removing intersecting faces
000: 339 intersecting
001: 44 intersecting
002: 10 intersecting
003: 5 intersecting
004: 2 intersecting
terminating search with 0 intersecting
topology fixing took 5.5 minutes
FSRUNTIME@ mris_fix_topology rh  0.0916 hours 16 threads
#VMPC# mris_fix_topology VmPeak  1847484

 mris_euler_number ../surf/rh.orig.premesh 

euler # = v-e+f = 2g-2: 125874 - 377616 + 251744 = 2 --> 0 holes
      F =2V-4:          251744 = 251748-4 (0)
      2E=3F:            755232 = 755232 (0)

total defect index = 0
Sat Apr  4 15:02:35 CEST 2026

setenv SUBJECTS_DIR /out/sourcedata/freesurfer
cd /out/sourcedata/freesurfer/sub-v1s13x0050005_ses-1/scripts
/opt/freesurfer/bin/defect2seg --s sub-v1s13x0050005_ses-1 --rh-only --cortex

freesurfer-linux-ubuntu22_x86_64-7.3.2-20220804-6354275
defect2seg 7.3.2
Linux dna055 5.14.0-427.37.1.el9_4.x86_64 #1 SMP PREEMPT_DYNAMIC Fri Sep 13 12:41:50 EDT 2024 x86_64 x86_64 x86_64 GNU/Linux
pid 560144
mri_label2label --label-cortex /out/sourcedata/freesurfer/sub-v1s13x0050005_ses-1/surf/rh.orig.nofix /out/sourcedata/freesurfer/sub-v1s13x0050005_ses-1/mri/aseg.presurf.mgz 0 /out/sourcedata/freesurfer/sub-v1s13x0050005_ses-1/label/rh.nofix.cortex.label

 Generating cortex label... RemoveHipAmgy=0
 NucAccIsMedialWall=0
 mris->useRealRAS=0
19 non-cortical segments detected
only using segment with 7930 vertices
erasing segment 1 (vno[0] = 56187)
erasing segment 2 (vno[0] = 82171)
erasing segment 3 (vno[0] = 82718)
erasing segment 4 (vno[0] = 89494)
erasing segment 5 (vno[0] = 89547)
erasing segment 6 (vno[0] = 92625)
erasing segment 7 (vno[0] = 92893)
erasing segment 8 (vno[0] = 93490)
erasing segment 9 (vno[0] = 94015)
erasing segment 10 (vno[0] = 94093)
erasing segment 11 (vno[0] = 95044)
erasing segment 12 (vno[0] = 95089)
erasing segment 13 (vno[0] = 96071)
erasing segment 14 (vno[0] = 96896)
erasing segment 15 (vno[0] = 98030)
erasing segment 16 (vno[0] = 99890)
erasing segment 17 (vno[0] = 102038)
erasing segment 18 (vno[0] = 109265)
mri_label2vol --defects /out/sourcedata/freesurfer/sub-v1s13x0050005_ses-1/surf/rh.orig.nofix /out/sourcedata/freesurfer/sub-v1s13x0050005_ses-1/surf/rh.defect_labels /out/sourcedata/freesurfer/sub-v1s13x0050005_ses-1/mri/orig.mgz 2000 0 /out/sourcedata/freesurfer/sub-v1s13x0050005_ses-1/mri/rh.surface.defects.mgz /out/sourcedata/freesurfer/sub-v1s13x0050005_ses-1/label/rh.nofix.cortex.label
mri_label2vol supposed to be reproducible but seed not set
Contraining to label /out/sourcedata/freesurfer/sub-v1s13x0050005_ses-1/label/rh.nofix.cortex.label
Changing input type 0 to MRI_INT
Converting defects to volume: offset=2000, merge=0
Writing to /out/sourcedata/freesurfer/sub-v1s13x0050005_ses-1/mri/rh.surface.defects.mgz
mris_defects_pointset -s /out/sourcedata/freesurfer/sub-v1s13x0050005_ses-1/surf/rh.orig.nofix -d /out/sourcedata/freesurfer/sub-v1s13x0050005_ses-1/surf/rh.defect_labels -o /out/sourcedata/freesurfer/sub-v1s13x0050005_ses-1/surf/rh.defects.pointset --label /out/sourcedata/freesurfer/sub-v1s13x0050005_ses-1/label/rh.nofix.cortex.label
Reading in surface /out/sourcedata/freesurfer/sub-v1s13x0050005_ses-1/surf/rh.orig.nofix
Reading in defect segmentation /out/sourcedata/freesurfer/sub-v1s13x0050005_ses-1/surf/rh.defect_labels
Reading in label /out/sourcedata/freesurfer/sub-v1s13x0050005_ses-1/label/rh.nofix.cortex.label
#VMPC# mris_defects_pointset 1261876
mris_defects_pointset done
 
Started at Sat Apr 4 15:02:35 CEST 2026 
Ended   at Sat Apr  4 15:02:50 CEST 2026
Defect2seg-Run-Time-Sec 15
Defect2seg-Run-Time-Min 0.30
Defect2seg-Run-Time-Hours 0.00
 
tkmeditfv sub-v1s13x0050005_ses-1 brain.finalsurfs.mgz -defect
defect2seg Done

 mris_remesh --remesh --iters 3 --input /out/sourcedata/freesurfer/sub-v1s13x0050005_ses-1/surf/rh.orig.premesh --output /out/sourcedata/freesurfer/sub-v1s13x0050005_ses-1/surf/rh.orig 

iters = 3
standard remeshing without target
   adjusted l: 0.71585
remeshing to edge length 0.71585 with 3 iterations

avg qual before   : 0.89087  after: 0.971232

Removing intersections
Remeshed surface quality stats nv0 = 125874  nv = 131360  1.04358
Area    262716  0.30667  0.03401 0.081338   0.4784
Corner  788148 60.00000  8.78845 15.439646 147.1523
Edge    394074  0.84958  0.08285 0.327576   1.2489
Hinge   394074  9.46188  9.93947 0.000000 155.3153
mris_remesh done
/out/sourcedata/freesurfer/sub-v1s13x0050005_ses-1/scripts

 mris_remove_intersection ../surf/rh.orig ../surf/rh.orig 

intersection removal took 0.00 hours
writing corrected surface to ../surf/rh.orig

 rm -f ../surf/rh.inflated 

#--------------------------------------------
#@# AutoDetGWStats rh Sat Apr  4 15:03:20 CEST 2026
cd /out/sourcedata/freesurfer/sub-v1s13x0050005_ses-1/mri
mris_autodet_gwstats --o ../surf/autodet.gw.stats.rh.dat --i brain.finalsurfs.mgz --wm wm.mgz --surf ../surf/rh.orig.premesh
7.3.2

cd /out/sourcedata/freesurfer/sub-v1s13x0050005_ses-1/mri
setenv SUBJECTS_DIR /out/sourcedata/freesurfer
mris_autodet_gwstats --o ../surf/autodet.gw.stats.rh.dat --i brain.finalsurfs.mgz --wm wm.mgz --surf ../surf/rh.orig.premesh 

border white:    241084 voxels (1.44%)
border gray      269093 voxels (1.60%)
Reading in intensity volume brain.finalsurfs.mgz
Reading in wm volume wm.mgz
Reading in surf ../surf/rh.orig.premesh
Auto detecting stats
MRIclipBrightWM(): nthresh=13614, wmmin=5, clip=110 
Binarizing thresholding at 5
computing class statistics... low=30, hi=110.000000
CCS WM (98.0): 99.0 +- 7.0 [70.0 --> 110.0]
CCS GM (79.0) : 78.3 +- 9.0 [30.0 --> 110.0]
white_mean = 98.9684 +/- 6.99243, gray_mean = 78.3266 +/- 8.97133
using class modes intead of means, discounting robust sigmas....
MRIScomputeClassModes(): min=0 max=177 nbins=178
intensity peaks found at WM=102+-5.2,    GM=75+-7.0
white_mode = 102, gray_mode = 75
std_scale = 1
Applying sanity checks, max_scale_down = 0.2
setting MIN_GRAY_AT_WHITE_BORDER to 66.0 (was 70.000000)
setting MAX_BORDER_WHITE to 109.0 (was 105.000000)
setting MIN_BORDER_WHITE to 75.0 (was 85.000000)
setting MAX_CSF to 57.1 (was 40.000000)
setting MAX_GRAY to 95.0 (was 95.000000)
setting MAX_GRAY_AT_CSF_BORDER to 66.0 (was 75.000000)
setting MIN_GRAY_AT_CSF_BORDER to 48.1 (was 40.000000)
When placing the white surface
  white_border_hi   = 108.992;
  white_border_low  = 75;
  white_outside_low = 66.0287;
  white_inside_hi   = 120;
  white_outside_hi  = 108.992;
When placing the pial surface
  pial_border_hi   = 66.0287;
  pial_border_low  = 48.086;
  pial_outside_low = 10;
  pial_inside_hi   = 95.0076;
  pial_outside_hi  = 61.543;
#VMPC# mris_autodet_gwstats VmPeak  1391344
mris_autodet_gwstats done
#--------------------------------------------
#@# WhitePreAparc rh Sat Apr  4 15:03:24 CEST 2026
cd /out/sourcedata/freesurfer/sub-v1s13x0050005_ses-1/mri
mris_place_surface --adgws-in ../surf/autodet.gw.stats.rh.dat --wm wm.mgz --threads 16 --invol brain.finalsurfs.mgz --rh --i ../surf/rh.orig --o ../surf/rh.white.preaparc --white --seg aseg.presurf.mgz --nsmooth 5
7.3.2
7.3.2

cd /out/sourcedata/freesurfer/sub-v1s13x0050005_ses-1/mri
setenv SUBJECTS_DIR /out/sourcedata/freesurfer
mris_place_surface --adgws-in ../surf/autodet.gw.stats.rh.dat --wm wm.mgz --threads 16 --invol brain.finalsurfs.mgz --rh --i ../surf/rh.orig --o ../surf/rh.white.preaparc --white --seg aseg.presurf.mgz --nsmooth 5 

Reading in input surface ../surf/rh.orig
Smoothing surface before ripping with 5 iterations
removing intersecting faces
000: 2 intersecting
step 1 with no progress (num=6, old_num=2)
001: 6 intersecting
002: 2 intersecting
step 1 with no progress (num=2, old_num=2)
003: 2 intersecting
step 2 with no progress (num=2, old_num=2)
004: 2 intersecting
step 3 with no progress (num=2, old_num=2)
005: 2 intersecting
step 4 with no progress (num=2, old_num=2)
006: 2 intersecting
step 5 with no progress (num=2, old_num=2)
007: 2 intersecting
step 6 with no progress (num=2, old_num=2)
008: 2 intersecting
step 7 with no progress (num=2, old_num=2)
009: 2 intersecting
step 8 with no progress (num=2, old_num=2)
010: 2 intersecting
step 9 with no progress (num=2, old_num=2)
011: 2 intersecting
step 10 with no progress (num=2, old_num=2)
012: 2 intersecting
step 11 with no progress (num=2, old_num=2)
013: 2 intersecting
step 12 with no progress (num=2, old_num=2)
014: 2 intersecting
step 13 with no progress (num=2, old_num=2)
015: 2 intersecting
step 14 with no progress (num=2, old_num=2)
016: 2 intersecting
step 15 with no progress (num=2, old_num=2)
017: 2 intersecting
step 16 with no progress (num=2, old_num=2)
terminating search with 2 intersecting
Area    262716  0.27174  0.06327 0.000293   0.5618
Corner  788148 60.00000  9.42071 0.203767 177.7203
Edge    394074  0.79603  0.11412 0.011456   1.3059
Hinge   394074  6.34115  6.38576 0.000003 176.3689
Not reading in aparc
Reading in input volume brain.finalsurfs.mgz
Reading in wm volume wm.mgz
MRIclipBrightWM(): nthresh=13614, wmmin=5, clip=110 
MRIfindBrightNonWM(): 261 bright non-wm voxels segmented.
Masking bright non-wm for white surface
MRImask(): AllowDiffGeom = 1
MRImask(): AllowDiffGeom = 1
Reading in seg volume aseg.presurf.mgz
Ripping frozen voxels
INFO: rip surface needed but not specified, so using input surface
Freezing midline and others
Entering: MRISripMidline(): inhibiting deformation at non-cortical midline structures...
  which=1, fix_mtl=0, using annot = 0
#FML0# MRISripMidline(): nripped=0
removing 3 vertices from ripped group in thread:0
#FML# MRISripMidline(): nmarked=6227, nmarked2=0, nripped=6227
Ripping segs (eg, WMSA, BG, frozen)
Starting MRISripSegs() d = (-2 2 0.5) segnos: 247 
MRISripSegs(): -2 2 0.5 ripped 0
vertex 65680: xyz = (59.1291,-6.76797,-1.65199) oxyz = (59.1291,-6.76797,-1.65199) wxzy = (59.1291,-6.76797,-1.65199) pxyz = (0,0,0) 
CBVO Creating mask 131360
n_averages 4
Iteration 0 =========================================
n_averages=4, current_sigma=2
Freezing midline and others
Ripping frozen voxels
INFO: rip surface needed but not specified, so using input surface
Freezing midline and others
Entering: MRISripMidline(): inhibiting deformation at non-cortical midline structures...
  which=1, fix_mtl=0, using annot = 0
#FML0# MRISripMidline(): nripped=6227
removing 3 vertices from ripped group in thread:0
#FML# MRISripMidline(): nmarked=6227, nmarked2=0, nripped=6227
Ripping segs (eg, WMSA, BG, frozen)
Starting MRISripSegs() d = (-2 2 0.5) segnos: 247 247 
MRISripSegs(): -2 2 0.5 ripped 0
Computing target border values 
Entering MRIScomputeBorderValues_new(): 
  inside_hi   = 120.0000000;
  border_hi   = 108.9924320;
  border_low  =  75.0000000;
  outside_low =  66.0286710;
  outside_hi  = 108.9924320;
  sigma = 2;
  max_thickness = 10;
  step_size=0.5;
  STEP_SIZE=0.1;
  which = 1
  thresh = 0
  flags = 0
  CBVfindFirstPeakD1=0
  CBVfindFirstPeakD2=0
  nvertices=131360
  Gdiag_no=-1
  vno start=0, stop=131360
Replacing 255s with 0s
#SI# sigma=2 had to be increased for 89 vertices, nripped=6227
mean border=85.2, 94 (94) missing vertices, mean dist 0.3 [0.6 (%39.2)->0.8 (%60.8))]
%70 local maxima, %26 large gradients and % 0 min vals, 0 gradients ignored
nFirstPeakD1 0
MRIScomputeBorderValues_new() finished in 0.0125 min


Finding expansion regions
mean absolute distance = 0.75 +- 0.95
5324 vertices more than 2 sigmas from mean.
Averaging target values for 5 iterations...
Positioning Surface: tspring = 0.3, nspring = 0.3, spring = 0, niters = 100 l_repulse = 5, l_surf_repulse = 0, checktol = 0
Positioning pial surface
Entering MRISpositionSurface()
  max_mm = 0.3
  MAX_REDUCTIONS = 2, REDUCTION_PCT = 0.5
  parms->check_tol = 0, niterations = 100
tol=1.0e-04, sigma=2.0, host=dna05, nav=4, nbrs=2, l_repulse=5.000, l_tspring=0.300, l_nspring=0.300, l_intensity=0.200, l_curv=1.000
mom=0.00, dt=0.50
complete_dist_mat 0
rms 0
smooth_averages 0
remove_neg 0
ico_order 0
which_surface 0
target_radius 0.000000
nfields 0
scale 0.000000
desired_rms_height 0.000000
momentum 0.000000
nbhd_size 0
max_nbrs 0
niterations 100
nsurfaces 0
SURFACES 3
flags 0 (0)
use curv 0
no sulc 0
no rigid align 0
mris->nsize 2
mris->hemisphere 1
randomSeed 0

000: dt: 0.0000, sse=1789024.0, rms=8.090
001: dt: 0.5000, sse=981273.4, rms=5.786 (28.479%)
002: dt: 0.5000, sse=617458.7, rms=4.356 (24.717%)
003: dt: 0.5000, sse=443933.2, rms=3.463 (20.493%)
004: dt: 0.5000, sse=349321.4, rms=2.868 (17.184%)
005: dt: 0.5000, sse=298982.1, rms=2.485 (13.345%)
006: dt: 0.5000, sse=271994.5, rms=2.246 (9.647%)
007: dt: 0.5000, sse=258728.8, rms=2.115 (5.823%)
008: dt: 0.5000, sse=251893.3, rms=2.040 (3.565%)
rms = 2.0107/2.0395, sse=250290.4/251893.3, time step reduction 1 of 3 to 0.250  0 0 1
009: dt: 0.5000, sse=250290.4, rms=2.011 (1.411%)
010: dt: 0.2500, sse=185588.9, rms=1.170 (41.808%)
011: dt: 0.2500, sse=179712.2, rms=1.056 (9.788%)
rms = 1.0274/1.0556, sse=178799.3/179712.2, time step reduction 2 of 3 to 0.125  0 0 1
012: dt: 0.2500, sse=178799.3, rms=1.027 (2.666%)
rms = 1.0123/1.0274, sse=177953.0/178799.3, time step reduction 3 of 3 to 0.062  0 0 1
013: dt: 0.1250, sse=177953.0, rms=1.012 (1.466%)
  maximum number of reductions reached, breaking from loop
positioning took 0.9 minutes
Iteration 1 =========================================
n_averages=2, current_sigma=1
Freezing midline and others
Ripping frozen voxels
INFO: rip surface needed but not specified, so using input surface
Freezing midline and others
Entering: MRISripMidline(): inhibiting deformation at non-cortical midline structures...
  which=1, fix_mtl=0, using annot = 0
#FML0# MRISripMidline(): nripped=6227
removing 3 vertices from ripped group in thread:0
removing 3 vertices from ripped group in thread:0
removing 3 vertices from ripped group in thread:0
removing 3 vertices from ripped group in thread:0
removing 3 vertices from ripped group in thread:0
#FML# MRISripMidline(): nmarked=6472, nmarked2=0, nripped=6472
Ripping segs (eg, WMSA, BG, frozen)
Starting MRISripSegs() d = (-2 2 0.5) segnos: 247 247 247 
MRISripSegs(): -2 2 0.5 ripped 0
Computing target border values 
Entering MRIScomputeBorderValues_new(): 
  inside_hi   = 120.0000000;
  border_hi   = 108.9924320;
  border_low  =  75.0000000;
  outside_low =  66.0286710;
  outside_hi  = 108.9924320;
  sigma = 1;
  max_thickness = 10;
  step_size=0.5;
  STEP_SIZE=0.1;
  which = 1
  thresh = 0
  flags = 0
  CBVfindFirstPeakD1=0
  CBVfindFirstPeakD2=0
  nvertices=131360
  Gdiag_no=-1
  vno start=0, stop=131360
Replacing 255s with 0s
#SI# sigma=1 had to be increased for 90 vertices, nripped=6472
mean border=87.4, 130 (38) missing vertices, mean dist -0.2 [0.4 (%71.8)->0.3 (%28.2))]
%76 local maxima, %19 large gradients and % 0 min vals, 0 gradients ignored
nFirstPeakD1 0
MRIScomputeBorderValues_new() finished in 0.0115 min


Finding expansion regions
mean absolute distance = 0.38 +- 0.67
3418 vertices more than 2 sigmas from mean.
Averaging target values for 5 iterations...
Positioning Surface: tspring = 0.3, nspring = 0.3, spring = 0, niters = 100 l_repulse = 5, l_surf_repulse = 0, checktol = 0
Positioning pial surface
Entering MRISpositionSurface()
  max_mm = 0.3
  MAX_REDUCTIONS = 2, REDUCTION_PCT = 0.5
  parms->check_tol = 0, niterations = 100
tol=1.0e-04, sigma=1.0, host=dna05, nav=2, nbrs=2, l_repulse=5.000, l_tspring=0.300, l_nspring=0.300, l_intensity=0.200, l_curv=1.000
mom=0.00, dt=0.50
000: dt: 0.0000, sse=526802.2, rms=3.624
014: dt: 0.5000, sse=315242.4, rms=2.091 (42.290%)
015: dt: 0.5000, sse=268633.6, rms=1.683 (19.529%)
016: dt: 0.5000, sse=259600.1, rms=1.523 (9.486%)
rms = 1.5216/1.5233, sse=262623.4/259600.1, time step reduction 1 of 3 to 0.250  0 1 1
017: dt: 0.5000, sse=262623.4, rms=1.522 (0.115%)
018: dt: 0.2500, sse=225891.8, rms=0.998 (34.384%)
019: dt: 0.2500, sse=221398.2, rms=0.923 (7.507%)
rms = 0.9054/0.9235, sse=221499.5/221398.2, time step reduction 2 of 3 to 0.125  0 1 1
020: dt: 0.2500, sse=221499.5, rms=0.905 (1.955%)
rms = 0.8917/0.9054, sse=220696.6/221499.5, time step reduction 3 of 3 to 0.062  0 0 1
021: dt: 0.1250, sse=220696.6, rms=0.892 (1.515%)
  maximum number of reductions reached, breaking from loop
positioning took 0.6 minutes
Iteration 2 =========================================
n_averages=1, current_sigma=0.5
Freezing midline and others
Ripping frozen voxels
INFO: rip surface needed but not specified, so using input surface
Freezing midline and others
Entering: MRISripMidline(): inhibiting deformation at non-cortical midline structures...
  which=1, fix_mtl=0, using annot = 0
#FML0# MRISripMidline(): nripped=6472
removing 4 vertices from ripped group in thread:0
removing 3 vertices from ripped group in thread:0
removing 4 vertices from ripped group in thread:0
removing 3 vertices from ripped group in thread:0
removing 3 vertices from ripped group in thread:0
removing 4 vertices from ripped group in thread:0
removing 4 vertices from ripped group in thread:0
#FML# MRISripMidline(): nmarked=6545, nmarked2=0, nripped=6545
Ripping segs (eg, WMSA, BG, frozen)
Starting MRISripSegs() d = (-2 2 0.5) segnos: 247 247 247 247 
MRISripSegs(): -2 2 0.5 ripped 0
Computing target border values 
Entering MRIScomputeBorderValues_new(): 
  inside_hi   = 120.0000000;
  border_hi   = 108.9924320;
  border_low  =  75.0000000;
  outside_low =  66.0286710;
  outside_hi  = 108.9924320;
  sigma = 0.5;
  max_thickness = 10;
  step_size=0.5;
  STEP_SIZE=0.1;
  which = 1
  thresh = 0
  flags = 0
  CBVfindFirstPeakD1=0
  CBVfindFirstPeakD2=0
  nvertices=131360
  Gdiag_no=-1
  vno start=0, stop=131360
Replacing 255s with 0s
#SI# sigma=0.5 had to be increased for 90 vertices, nripped=6545
mean border=89.1, 129 (31) missing vertices, mean dist -0.2 [0.3 (%69.5)->0.2 (%30.5))]
%84 local maxima, %11 large gradients and % 0 min vals, 0 gradients ignored
nFirstPeakD1 0
MRIScomputeBorderValues_new() finished in 0.0071 min


Finding expansion regions
mean absolute distance = 0.30 +- 0.51
3919 vertices more than 2 sigmas from mean.
Averaging target values for 5 iterations...
Positioning Surface: tspring = 0.3, nspring = 0.3, spring = 0, niters = 100 l_repulse = 5, l_surf_repulse = 0, checktol = 0
Positioning pial surface
Entering MRISpositionSurface()
  max_mm = 0.3
  MAX_REDUCTIONS = 2, REDUCTION_PCT = 0.5
  parms->check_tol = 0, niterations = 100
tol=1.0e-04, sigma=0.5, host=dna05, nav=1, nbrs=2, l_repulse=5.000, l_tspring=0.300, l_nspring=0.300, l_intensity=0.200, l_curv=1.000
mom=0.00, dt=0.50
000: dt: 0.0000, sse=370017.5, rms=2.628
022: dt: 0.5000, sse=266513.3, rms=1.589 (39.533%)
023: dt: 0.5000, sse=248934.2, rms=1.388 (12.674%)
024: dt: 0.5000, sse=247347.4, rms=1.333 (3.942%)
rms = 1.4061/1.3330, sse=250462.9/247347.4, time step reduction 1 of 3 to 0.250  0 1 1
   RMS increased, rejecting step
025: dt: 0.2500, sse=227949.7, rms=0.997 (25.224%)
026: dt: 0.2500, sse=220736.7, rms=0.853 (14.409%)
rms = 0.8309/0.8531, sse=222218.6/220736.7, time step reduction 2 of 3 to 0.125  0 1 1
027: dt: 0.2500, sse=222218.6, rms=0.831 (2.604%)
rms = 0.8197/0.8309, sse=221089.3/222218.6, time step reduction 3 of 3 to 0.062  0 0 1
028: dt: 0.1250, sse=221089.3, rms=0.820 (1.349%)
  maximum number of reductions reached, breaking from loop
positioning took 0.5 minutes
Iteration 3 =========================================
n_averages=0, current_sigma=0.25
Freezing midline and others
Ripping frozen voxels
INFO: rip surface needed but not specified, so using input surface
Freezing midline and others
Entering: MRISripMidline(): inhibiting deformation at non-cortical midline structures...
  which=1, fix_mtl=0, using annot = 0
#FML0# MRISripMidline(): nripped=6545
removing 4 vertices from ripped group in thread:0
removing 4 vertices from ripped group in thread:0
removing 2 vertices from ripped group in thread:0
removing 3 vertices from ripped group in thread:0
removing 3 vertices from ripped group in thread:0
removing 3 vertices from ripped group in thread:0
removing 4 vertices from ripped group in thread:0
removing 2 vertices from ripped group in thread:0
removing 2 vertices from ripped group in thread:0
removing 4 vertices from ripped group in thread:0
#FML# MRISripMidline(): nmarked=6608, nmarked2=0, nripped=6608
Ripping segs (eg, WMSA, BG, frozen)
Starting MRISripSegs() d = (-2 2 0.5) segnos: 247 247 247 247 247 
MRISripSegs(): -2 2 0.5 ripped 0
Computing target border values 
Entering MRIScomputeBorderValues_new(): 
  inside_hi   = 120.0000000;
  border_hi   = 108.9924320;
  border_low  =  75.0000000;
  outside_low =  66.0286710;
  outside_hi  = 108.9924320;
  sigma = 0.25;
  max_thickness = 10;
  step_size=0.5;
  STEP_SIZE=0.1;
  which = 1
  thresh = 0
  flags = 0
  CBVfindFirstPeakD1=0
  CBVfindFirstPeakD2=0
  nvertices=131360
  Gdiag_no=-1
  vno start=0, stop=131360
Replacing 255s with 0s
#SI# sigma=0.25 had to be increased for 107 vertices, nripped=6608
mean border=89.7, 159 (27) missing vertices, mean dist -0.1 [0.3 (%56.8)->0.2 (%43.2))]
%87 local maxima, % 8 large gradients and % 0 min vals, 0 gradients ignored
nFirstPeakD1 0
MRIScomputeBorderValues_new() finished in 0.0034 min


Finding expansion regions
mean absolute distance = 0.26 +- 0.42
3529 vertices more than 2 sigmas from mean.
Averaging target values for 5 iterations...
Positioning Surface: tspring = 0.3, nspring = 0.3, spring = 0, niters = 100 l_repulse = 5, l_surf_repulse = 0, checktol = 0
Positioning pial surface
Entering MRISpositionSurface()
  max_mm = 0.3
  MAX_REDUCTIONS = 2, REDUCTION_PCT = 0.5
  parms->check_tol = 0, niterations = 100
tol=1.0e-04, sigma=0.2, host=dna05, nav=0, nbrs=2, l_repulse=5.000, l_tspring=0.300, l_nspring=0.300, l_intensity=0.200, l_curv=1.000
mom=0.00, dt=0.50
000: dt: 0.0000, sse=244135.2, rms=1.308
029: dt: 0.5000, sse=223011.2, rms=0.903 (30.950%)
rms = 1.0105/0.9034, sse=227525.4/223011.2, time step reduction 1 of 3 to 0.250  0 1 1
   RMS increased, rejecting step
030: dt: 0.2500, sse=214101.1, rms=0.748 (17.247%)
rms = 0.6913/0.7476, sse=217399.0/214101.1, time step reduction 2 of 3 to 0.125  0 1 0
031: dt: 0.2500, sse=217399.0, rms=0.691 (7.532%)
rms = 0.6790/0.6913, sse=217116.7/217399.0, time step reduction 3 of 3 to 0.062  0 0 1
032: dt: 0.1250, sse=217116.7, rms=0.679 (1.784%)
  maximum number of reductions reached, breaking from loop
positioning took 0.3 minutes


Writing output to ../surf/rh.white.preaparc
#ET# mris_place_surface  2.50 minutes
#VMPC# mris_place_surfaces VmPeak  3125684
mris_place_surface done
#--------------------------------------------
#@# CortexLabel rh Sat Apr  4 15:06:28 CEST 2026
cd /out/sourcedata/freesurfer/sub-v1s13x0050005_ses-1/mri
mri_label2label --label-cortex ../surf/rh.white.preaparc aseg.presurf.mgz 0 ../label/rh.cortex.label

 Generating cortex label... RemoveHipAmgy=0
 NucAccIsMedialWall=0
 mris->useRealRAS=0
5 non-cortical segments detected
only using segment with 8078 vertices
erasing segment 1 (vno[0] = 56147)
erasing segment 2 (vno[0] = 67706)
erasing segment 3 (vno[0] = 78750)
erasing segment 4 (vno[0] = 88901)
#--------------------------------------------
#@# CortexLabel+HipAmyg rh Sat Apr  4 15:06:42 CEST 2026
cd /out/sourcedata/freesurfer/sub-v1s13x0050005_ses-1/mri
mri_label2label --label-cortex ../surf/rh.white.preaparc aseg.presurf.mgz 1 ../label/rh.cortex+hipamyg.label

 Generating cortex label... RemoveHipAmgy=1
 NucAccIsMedialWall=0
 mris->useRealRAS=0
7 non-cortical segments detected
only using segment with 5608 vertices
erasing segment 1 (vno[0] = 42793)
erasing segment 2 (vno[0] = 50451)
erasing segment 3 (vno[0] = 56147)
erasing segment 4 (vno[0] = 67706)
erasing segment 5 (vno[0] = 78750)
erasing segment 6 (vno[0] = 88901)
#--------------------------------------------
#@# Smooth2 rh Sat Apr  4 15:06:56 CEST 2026
/out/sourcedata/freesurfer/sub-v1s13x0050005_ses-1/scripts

 mris_smooth -n 3 -nw -seed 1234 ../surf/rh.white.preaparc ../surf/rh.smoothwm 

smoothing for 3 iterations
setting seed for random number generator to 1234
smoothing surface tessellation for 3 iterations...
smoothing complete - recomputing first and second fundamental forms...
#--------------------------------------------
#@# Inflation2 rh Sat Apr  4 15:06:59 CEST 2026
/out/sourcedata/freesurfer/sub-v1s13x0050005_ses-1/scripts

 mris_inflate ../surf/rh.smoothwm ../surf/rh.inflated 

Reading ../surf/rh.smoothwm
avg radius = 45.7 mm, total surface area = 82531 mm^2
step 000: RMS=0.167 (target=0.015)   step 005: RMS=0.113 (target=0.015)   step 010: RMS=0.083 (target=0.015)   step 015: RMS=0.070 (target=0.015)   step 020: RMS=0.058 (target=0.015)   step 025: RMS=0.049 (target=0.015)   step 030: RMS=0.041 (target=0.015)   step 035: RMS=0.035 (target=0.015)   step 040: RMS=0.030 (target=0.015)   step 045: RMS=0.026 (target=0.015)   step 050: RMS=0.024 (target=0.015)   step 055: RMS=0.022 (target=0.015)   step 060: RMS=0.021 (target=0.015)   writing inflated surface to ../surf/rh.inflated
writing sulcal depths to ../surf/rh.sulc

inflation complete.
inflation took 0.2 minutes
mris_inflate utimesec    51.554371
mris_inflate stimesec    0.526323
mris_inflate ru_maxrss   201512
mris_inflate ru_ixrss    0
mris_inflate ru_idrss    0
mris_inflate ru_isrss    0
mris_inflate ru_minflt   131246
mris_inflate ru_majflt   7
mris_inflate ru_nswap    0
mris_inflate ru_inblock  0
mris_inflate ru_oublock  10272
mris_inflate ru_msgsnd   0
mris_inflate ru_msgrcv   0
mris_inflate ru_nsignals 0
mris_inflate ru_nvcsw    6059
mris_inflate ru_nivcsw   138
#--------------------------------------------
#@# Curv .H and .K rh Sat Apr  4 15:07:09 CEST 2026
/out/sourcedata/freesurfer/sub-v1s13x0050005_ses-1/surf

 mris_curvature -w -seed 1234 rh.white.preaparc 

setting seed for random number generator to 1234
total integrated curvature = 20.984*4pi (263.688) --> -20 handles
ICI = 138.3, FI = 1336.0, variation=21099.751
writing Gaussian curvature to ./rh.white.preaparc.K...done.
writing mean curvature to ./rh.white.preaparc.H...done.
rm -f rh.white.H
ln -s rh.white.preaparc.H rh.white.H
rm -f rh.white.K
ln -s rh.white.preaparc.K rh.white.K

 mris_curvature -seed 1234 -thresh .999 -n -a 5 -w -distances 10 10 rh.inflated 

setting seed for random number generator to 1234
normalizing curvature values.
averaging curvature patterns 5 times.
sampling 10 neighbors out to a distance of 10 mm
153 vertices thresholded to be in k1 ~ [-1.73 0.40], k2 ~ [-0.11 0.22]
total integrated curvature = 0.574*4pi (7.211) --> 0 handles
ICI = 1.6, FI = 10.4, variation=175.523
125 vertices thresholded to be in [-0.03 0.02]
writing Gaussian curvature to ./rh.inflated.K...thresholding curvature at 99.90% level
curvature mean = 0.000, std = 0.001
108 vertices thresholded to be in [-0.49 0.19]
done.
writing mean curvature to ./rh.inflated.H...curvature mean = -0.016, std = 0.026
done.
#--------------------------------------------
#@# Sphere rh Sat Apr  4 15:07:52 CEST 2026
/out/sourcedata/freesurfer/sub-v1s13x0050005_ses-1/scripts

 mris_sphere -seed 1234 ../surf/rh.inflated ../surf/rh.sphere 

setting seed for random number genererator to 1234
version: 7.3.2
available threads: 16
reading original vertex positions...
projecting onto sphere...
surface projected - minimizing metric distortion...
scaling brain by 0.287...
MRISunfold() max_passes = 1 -------
tol=5.0e-01, sigma=0.0, host=dna05, nav=1024, nbrs=2, l_area=1.000, l_dist=1.000
using quadratic fit line minimization
complete_dist_mat 0
rms 0
smooth_averages 0
remove_neg 0
ico_order 0
which_surface 0
target_radius 0.000000
nfields 0
scale 1.000000
desired_rms_height -1.000000
momentum 0.900000
nbhd_size 7
max_nbrs 8
niterations 25
nsurfaces 0
SURFACES 3
flags 0 (0)
use curv 0
no sulc 0
no rigid align 0
mris->nsize 2
mris->hemisphere 1
randomSeed 1234

singular matrix in quadratic form
singular matrix in quadratic form
singular matrix in quadratic form
singular matrix in quadratic form
--------------------
  mrisRemoveNegativeArea()
pass 1: epoch 1 of 3 starting distance error %19.66
pass 1: epoch 2 of 3 starting distance error %19.57
unfolding complete - removing small folds...
starting distance error %19.50
removing remaining folds...
final distance error %19.53
MRISunfold() return, current seed 1234
-01: dt=0.0000,  20 negative triangles  VmPeak 1587992
186: dt=0.9900,  20 negative triangles
187: dt=0.9900,  19 negative triangles
188: dt=0.9900,  17 negative triangles
189: dt=0.9900,  20 negative triangles
190: dt=0.9900,  18 negative triangles
191: dt=0.9900,  17 negative triangles
192: dt=0.9900,  17 negative triangles
193: dt=0.9900,  16 negative triangles
194: dt=0.9900,  19 negative triangles
195: dt=0.9900,  17 negative triangles
196: dt=0.9900,  16 negative triangles
197: dt=0.9900,  17 negative triangles
198: dt=0.9900,  15 negative triangles
199: dt=0.9900,  16 negative triangles
200: dt=0.9900,  16 negative triangles
201: dt=0.9900,  17 negative triangles
202: dt=0.9900,  16 negative triangles
203: dt=0.9900,  18 negative triangles
204: dt=0.9900,  16 negative triangles
205: dt=0.9900,  16 negative triangles
206: dt=0.9900,  15 negative triangles
207: dt=0.9900,  16 negative triangles
208: dt=0.9405,  17 negative triangles
209: dt=0.9405,  15 negative triangles
210: dt=0.9405,  16 negative triangles
211: dt=0.9405,  14 negative triangles
212: dt=0.9405,  15 negative triangles
213: dt=0.9405,  17 negative triangles
214: dt=0.9405,  16 negative triangles
215: dt=0.9405,  15 negative triangles
216: dt=0.9405,  14 negative triangles
217: dt=0.9405,  14 negative triangles
218: dt=0.9405,  18 negative triangles
219: dt=0.9405,  15 negative triangles
220: dt=0.9405,  14 negative triangles
221: dt=0.9405,  13 negative triangles
222: dt=0.9405,  13 negative triangles
223: dt=0.9405,  15 negative triangles
224: dt=0.9405,  17 negative triangles
225: dt=0.9405,  15 negative triangles
226: dt=0.9405,  13 negative triangles
227: dt=0.9405,  13 negative triangles
228: dt=0.9405,  15 negative triangles
229: dt=0.9405,  14 negative triangles
230: dt=0.9405,  13 negative triangles
231: dt=0.8935,  13 negative triangles
232: dt=0.8935,  14 negative triangles
233: dt=0.8935,  16 negative triangles
234: dt=0.8935,  13 negative triangles
235: dt=0.8935,  13 negative triangles
236: dt=0.8935,  13 negative triangles
237: dt=0.8935,  14 negative triangles
238: dt=0.8935,  13 negative triangles
239: dt=0.8935,  13 negative triangles
240: dt=0.8935,  13 negative triangles
241: dt=0.8488,  13 negative triangles
242: dt=0.8488,  13 negative triangles
243: dt=0.8488,  13 negative triangles
244: dt=0.8488,  13 negative triangles
245: dt=0.8488,  15 negative triangles
246: dt=0.8488,  16 negative triangles
247: dt=0.8488,  13 negative triangles
248: dt=0.8488,  12 negative triangles
249: dt=0.8488,  12 negative triangles
250: dt=0.8488,  12 negative triangles
251: dt=0.8488,  13 negative triangles
252: dt=0.8488,  12 negative triangles
253: dt=0.8488,  12 negative triangles
254: dt=0.8488,  12 negative triangles
255: dt=0.8488,  12 negative triangles
256: dt=0.8488,  12 negative triangles
257: dt=0.8488,  12 negative triangles
258: dt=0.8064,  12 negative triangles
259: dt=0.8064,  15 negative triangles
260: dt=0.8064,  12 negative triangles
261: dt=0.8064,  11 negative triangles
262: dt=0.8064,  11 negative triangles
263: dt=0.8064,  10 negative triangles
264: dt=0.8064,  11 negative triangles
265: dt=0.8064,  10 negative triangles
266: dt=0.8064,   9 negative triangles
267: dt=0.8064,   9 negative triangles
268: dt=0.8064,  12 negative triangles
269: dt=0.8064,   9 negative triangles
270: dt=0.8064,   8 negative triangles
271: dt=0.8064,   6 negative triangles
272: dt=0.8064,   6 negative triangles
273: dt=0.8064,   9 negative triangles
274: dt=0.8064,   7 negative triangles
275: dt=0.8064,   7 negative triangles
276: dt=0.8064,   6 negative triangles
277: dt=0.8064,  10 negative triangles
278: dt=0.8064,   6 negative triangles
279: dt=0.8064,   9 negative triangles
280: dt=0.8064,   6 negative triangles
281: dt=0.7660,   8 negative triangles
282: dt=0.7660,   7 negative triangles
283: dt=0.7660,   7 negative triangles
284: dt=0.7660,   3 negative triangles
285: dt=0.7660,   4 negative triangles
286: dt=0.7660,   2 negative triangles
287: dt=0.7660,   4 negative triangles
288: dt=0.7660,   2 negative triangles
289: dt=0.7660,   3 negative triangles
290: dt=0.7660,   2 negative triangles
291: dt=0.7660,   2 negative triangles
292: dt=0.7660,   4 negative triangles
293: dt=0.7660,   2 negative triangles
294: dt=0.7660,   1 negative triangles
295: dt=0.7660,   3 negative triangles
296: dt=0.7660,   1 negative triangles
297: dt=0.7660,   3 negative triangles
298: dt=0.7660,   1 negative triangles
299: dt=0.7660,   1 negative triangles
writing spherical brain to ../surf/rh.sphere
spherical transformation took 0.0516 hours
FSRUNTIME@ mris_sphere  0.0516 hours 16 threads
#VMPC# mris_sphere VmPeak  1587992
mris_sphere done
#--------------------------------------------
#@# Surf Reg rh Sat Apr  4 15:10:57 CEST 2026
/out/sourcedata/freesurfer/sub-v1s13x0050005_ses-1/scripts

 mris_register -curv ../surf/rh.sphere /opt/freesurfer/average/rh.folding.atlas.acfb40.noaparc.i12.2016-08-02.tif ../surf/rh.sphere.reg 

using smoothwm curvature for final alignment

cwd /out/sourcedata/freesurfer/sub-v1s13x0050005_ses-1/scripts
cmdline mris_register -curv ../surf/rh.sphere /opt/freesurfer/average/rh.folding.atlas.acfb40.noaparc.i12.2016-08-02.tif ../surf/rh.sphere.reg 

0 inflated.H
1 sulc
2 smoothwm (computed)
7.3.2
  7.3.2
reading surface from ../surf/rh.sphere...
reading template parameterization from /opt/freesurfer/average/rh.folding.atlas.acfb40.noaparc.i12.2016-08-02.tif...
MRISregister() -------
max_passes = 4 
min_degrees = 0.500000 
max_degrees = 64.000000 
nangles = 8 
tol=5.0e-01, sigma=0.0, host=dna05, nav=1024, nbrs=1, l_extern=10000.000, l_parea=0.200, l_nlarea=1.000, l_corr=1.000, l_dist=5.000
using quadratic fit line minimization
complete_dist_mat 0
rms 0
smooth_averages 0
remove_neg 0
ico_order 0
which_surface 0
target_radius 0.000000
nfields 0
scale 0.000000
desired_rms_height -1.000000
momentum 0.950000
nbhd_size -10
max_nbrs 10
niterations 25
nsurfaces 0
SURFACES 3
flags 16 (10)
use curv 16
no sulc 0
no rigid align 0
mris->nsize 1
mris->hemisphere 1
randomSeed 0

tol=5.0e-01, sigma=0.0, host=dna05, nav=1024, nbrs=1, l_extern=10000.000, l_parea=0.200, l_nlarea=1.000, l_corr=1.000, l_dist=5.000
using quadratic fit line minimization
--------------------
1 Reading rh.sulc
tol=1.0e+00, sigma=0.5, host=dna05, nav=1024, nbrs=1, l_extern=10000.000, l_parea=0.200, l_nlarea=1.000, l_corr=0.050, l_spring=0.500, l_dist=5.000
using quadratic fit line minimization
curvature mean = -0.000, std = 5.766
curvature mean = 0.045, std = 0.818
curvature mean = 0.009, std = 0.876
Starting MRISrigidBodyAlignGlobal()
Starting new MRISrigidBodyAlignGlobal_findMinSSE()
  new MRISrigidBodyAlignGlobal_findMinSSE min @ (8.00, -6.50, 5.00) sse = 195892.7, elapsed since starting=0.0805 min
MRISrigidBodyAlignGlobal() done   0.08 min
curvature mean = 0.030, std = 0.832
curvature mean = 0.004, std = 0.955
curvature mean = 0.027, std = 0.843
curvature mean = 0.001, std = 0.982
curvature mean = 0.026, std = 0.846
curvature mean = 0.000, std = 0.993
2 Reading smoothwm
curvature mean = -0.020, std = 0.254
curvature mean = 0.038, std = 0.244
curvature mean = 0.049, std = 0.404
curvature mean = 0.035, std = 0.301
curvature mean = 0.024, std = 0.606
curvature mean = 0.034, std = 0.328
curvature mean = 0.012, std = 0.746
curvature mean = 0.034, std = 0.340
curvature mean = 0.002, std = 0.844
MRISregister() return, current seed 0
-01: dt=0.0000,  23 negative triangles  VmPeak 1591832
109: dt=0.9900,  23 negative triangles
110: dt=0.9900,  20 negative triangles
111: dt=0.9900,  20 negative triangles
112: dt=0.9900,  17 negative triangles
113: dt=0.9900,  21 negative triangles
114: dt=0.9900,  22 negative triangles
115: dt=0.9900,  21 negative triangles
116: dt=0.9900,  21 negative triangles
117: dt=0.9900,  23 negative triangles
118: dt=0.9900,  20 negative triangles
119: dt=0.9900,  20 negative triangles
120: dt=0.9900,  21 negative triangles
121: dt=0.9900,  22 negative triangles
122: dt=0.9405,  19 negative triangles
123: dt=0.9405,  19 negative triangles
124: dt=0.9405,  21 negative triangles
125: dt=0.9405,  19 negative triangles
126: dt=0.9405,  18 negative triangles
127: dt=0.9405,  17 negative triangles
128: dt=0.9405,  17 negative triangles
129: dt=0.9405,  19 negative triangles
130: dt=0.9405,  19 negative triangles
131: dt=0.9405,  18 negative triangles
132: dt=0.8935,  17 negative triangles
133: dt=0.8935,  17 negative triangles
134: dt=0.8935,  17 negative triangles
135: dt=0.8935,  21 negative triangles
136: dt=0.8935,  18 negative triangles
137: dt=0.8935,  17 negative triangles
138: dt=0.8935,  17 negative triangles
139: dt=0.8935,  17 negative triangles
140: dt=0.8935,  19 negative triangles
141: dt=0.8935,  18 negative triangles
142: dt=0.8935,  16 negative triangles
143: dt=0.8935,  16 negative triangles
144: dt=0.8935,  16 negative triangles
145: dt=0.8935,  19 negative triangles
146: dt=0.8935,  17 negative triangles
147: dt=0.8935,  16 negative triangles
148: dt=0.8935,  17 negative triangles
149: dt=0.8935,  16 negative triangles
150: dt=0.8935,  16 negative triangles
151: dt=0.8935,  16 negative triangles
152: dt=0.8488,  16 negative triangles
153: dt=0.8488,  18 negative triangles
154: dt=0.8488,  16 negative triangles
155: dt=0.8488,  16 negative triangles
156: dt=0.8488,  16 negative triangles
157: dt=0.8488,  17 negative triangles
158: dt=0.8488,  16 negative triangles
159: dt=0.8488,  16 negative triangles
160: dt=0.8488,  16 negative triangles
161: dt=0.8488,  16 negative triangles
162: dt=0.8064,  16 negative triangles
163: dt=0.8064,  15 negative triangles
164: dt=0.8064,  15 negative triangles
165: dt=0.8064,  15 negative triangles
166: dt=0.8064,  15 negative triangles
167: dt=0.8064,  17 negative triangles
168: dt=0.8064,  15 negative triangles
169: dt=0.8064,  15 negative triangles
170: dt=0.8064,  15 negative triangles
171: dt=0.8064,  15 negative triangles
172: dt=0.8064,  16 negative triangles
173: dt=0.7660,  15 negative triangles
174: dt=0.7660,  15 negative triangles
175: dt=0.7660,  15 negative triangles
176: dt=0.7660,  15 negative triangles
177: dt=0.7660,  16 negative triangles
178: dt=0.7660,  15 negative triangles
179: dt=0.7660,  15 negative triangles
180: dt=0.7660,  15 negative triangles
181: dt=0.7660,  15 negative triangles
182: dt=0.7660,  15 negative triangles
183: dt=0.7277,  18 negative triangles
184: dt=0.7277,  15 negative triangles
185: dt=0.7277,  15 negative triangles
186: dt=0.7277,  15 negative triangles
187: dt=0.7277,  15 negative triangles
188: dt=0.7277,  15 negative triangles
189: dt=0.7277,  18 negative triangles
190: dt=0.7277,  15 negative triangles
191: dt=0.7277,  15 negative triangles
192: dt=0.7277,  15 negative triangles
193: dt=0.6914,  15 negative triangles
194: dt=0.6914,  14 negative triangles
195: dt=0.6914,  19 negative triangles
196: dt=0.6914,  15 negative triangles
197: dt=0.6914,  15 negative triangles
198: dt=0.6914,  15 negative triangles
199: dt=0.6914,  14 negative triangles
200: dt=0.6914,  16 negative triangles
201: dt=0.6914,  16 negative triangles
202: dt=0.6914,  16 negative triangles
203: dt=0.6914,  14 negative triangles
204: dt=0.6914,  11 negative triangles
205: dt=0.6914,  13 negative triangles
206: dt=0.6914,  12 negative triangles
207: dt=0.6914,  11 negative triangles
208: dt=0.6914,  13 negative triangles
209: dt=0.6914,  14 negative triangles
210: dt=0.6914,  11 negative triangles
211: dt=0.6914,  11 negative triangles
212: dt=0.6914,  10 negative triangles
213: dt=0.6914,   8 negative triangles
214: dt=0.6914,  10 negative triangles
215: dt=0.6914,  10 negative triangles
216: dt=0.6914,   9 negative triangles
217: dt=0.6914,  12 negative triangles
218: dt=0.6914,  10 negative triangles
219: dt=0.6914,   8 negative triangles
220: dt=0.6914,  10 negative triangles
221: dt=0.6914,   8 negative triangles
222: dt=0.6914,  10 negative triangles
223: dt=0.6568,   8 negative triangles
224: dt=0.6568,  10 negative triangles
225: dt=0.6568,   7 negative triangles
226: dt=0.6568,   8 negative triangles
227: dt=0.6568,   9 negative triangles
228: dt=0.6568,   7 negative triangles
229: dt=0.6568,   5 negative triangles
230: dt=0.6568,   7 negative triangles
231: dt=0.6568,   5 negative triangles
232: dt=0.6568,   7 negative triangles
233: dt=0.6568,   4 negative triangles
234: dt=0.6568,   6 negative triangles
235: dt=0.6568,   5 negative triangles
236: dt=0.6568,   5 negative triangles
237: dt=0.6568,   3 negative triangles
238: dt=0.6568,   4 negative triangles
239: dt=0.6568,   2 negative triangles
240: dt=0.6568,   3 negative triangles
241: dt=0.6568,   2 negative triangles
242: dt=0.6568,   3 negative triangles
243: dt=0.6568,   2 negative triangles
244: dt=0.6568,   2 negative triangles
245: dt=0.6568,   4 negative triangles
246: dt=0.6568,   2 negative triangles
247: dt=0.6568,   2 negative triangles
248: dt=0.6568,   2 negative triangles
249: dt=0.6239,   4 negative triangles
250: dt=0.6239,   2 negative triangles
251: dt=0.6239,   2 negative triangles
252: dt=0.6239,   2 negative triangles
253: dt=0.6239,   2 negative triangles
254: dt=0.6239,   2 negative triangles
255: dt=0.6239,   2 negative triangles
256: dt=0.6239,   2 negative triangles
257: dt=0.6239,   2 negative triangles
258: dt=0.6239,   2 negative triangles
259: dt=0.5927,   2 negative triangles
260: dt=0.5927,   1 negative triangles
261: dt=0.5927,   4 negative triangles
262: dt=0.5927,   2 negative triangles
writing registered surface to ../surf/rh.sphere.reg...
registration took 0.06 hours
#VMPC# mris_register VmPeak  1591832
FSRUNTIME@ mris_register  0.0573 hours 16 threads

 ln -sf rh.sphere.reg rh.fsaverage.sphere.reg 

#--------------------------------------------
#@# Jacobian white rh Sat Apr  4 15:14:24 CEST 2026
/out/sourcedata/freesurfer/sub-v1s13x0050005_ses-1/scripts

 mris_jacobian ../surf/rh.white.preaparc ../surf/rh.sphere.reg ../surf/rh.jacobian_white 

reading surface from ../surf/rh.white.preaparc...
writing curvature file ../surf/rh.jacobian_white
#--------------------------------------------
#@# AvgCurv rh Sat Apr  4 15:14:24 CEST 2026
/out/sourcedata/freesurfer/sub-v1s13x0050005_ses-1/scripts

 mrisp_paint -a 5 /opt/freesurfer/average/rh.folding.atlas.acfb40.noaparc.i12.2016-08-02.tif#6 ../surf/rh.sphere.reg ../surf/rh.avg_curv 

averaging curvature patterns 5 times...
reading surface from ../surf/rh.sphere.reg...
reading template parameterization from /opt/freesurfer/average/rh.folding.atlas.acfb40.noaparc.i12.2016-08-02.tif...
writing curvature file to ../surf/rh.avg_curv...
#-----------------------------------------
#@# Cortical Parc rh Sat Apr  4 15:14:25 CEST 2026
/out/sourcedata/freesurfer/sub-v1s13x0050005_ses-1/scripts

 mris_ca_label -l ../label/rh.cortex.label -aseg ../mri/aseg.presurf.mgz -seed 1234 sub-v1s13x0050005_ses-1 rh ../surf/rh.sphere.reg /opt/freesurfer/average/rh.DKaparc.atlas.acfb40.noaparc.i12.2016-08-02.gcs ../label/rh.aparc.annot 

setting seed for random number generator to 1234
using ../mri/aseg.presurf.mgz aseg volume to correct midline
7.3.2
  7.3.2
reading atlas from /opt/freesurfer/average/rh.DKaparc.atlas.acfb40.noaparc.i12.2016-08-02.gcs...
reading color table from GCSA file....
average std = 0.7   using min determinant for regularization = 0.004
0 singular and 309 ill-conditioned covariance matrices regularized
input 0: MEAN CURVATURE, flags 0, avgs 5, name mean_curvature
labeling surface...
1226 labels changed using aseg
relabeling using gibbs priors...
000:   2592 changed, 131360 examined...
001:    580 changed, 11362 examined...
002:    133 changed, 3366 examined...
003:     44 changed, 826 examined...
004:     12 changed, 284 examined...
005:      2 changed, 69 examined...
006:      0 changed, 13 examined...
155 labels changed using aseg
000: 72 total segments, 35 labels (137 vertices) changed
001: 38 total segments, 1 labels (1 vertices) changed
002: 37 total segments, 0 labels (0 vertices) changed
10 filter iterations complete (10 requested, 1 changed)
rationalizing unknown annotations with cortex label
relabeling unknown label...
relabeling corpuscallosum label...
1665 vertices marked for relabeling...
1665 labels changed in reclassification.
writing output to ../label/rh.aparc.annot...
classification took 0 minutes and 9 seconds.
#--------------------------------------------
#@# WhiteSurfs rh Sat Apr  4 15:14:34 CEST 2026
cd /out/sourcedata/freesurfer/sub-v1s13x0050005_ses-1/mri
mris_place_surface --adgws-in ../surf/autodet.gw.stats.rh.dat --seg aseg.presurf.mgz --threads 16 --wm wm.mgz --invol brain.finalsurfs.mgz --rh --i ../surf/rh.white.preaparc --o ../surf/rh.white --white --nsmooth 0 --rip-label ../label/rh.cortex.label --rip-bg --rip-surf ../surf/rh.white.preaparc --aparc ../label/rh.aparc.annot
7.3.2
7.3.2

cd /out/sourcedata/freesurfer/sub-v1s13x0050005_ses-1/mri
setenv SUBJECTS_DIR /out/sourcedata/freesurfer
mris_place_surface --adgws-in ../surf/autodet.gw.stats.rh.dat --seg aseg.presurf.mgz --threads 16 --wm wm.mgz --invol brain.finalsurfs.mgz --rh --i ../surf/rh.white.preaparc --o ../surf/rh.white --white --nsmooth 0 --rip-label ../label/rh.cortex.label --rip-bg --rip-surf ../surf/rh.white.preaparc --aparc ../label/rh.aparc.annot 

Reading in input surface ../surf/rh.white.preaparc
Not smoothing input surface
Area    262716  0.34352  0.11551 0.001108   1.6883
Corner  788148 60.00000 13.16311 0.324775 176.3624
Edge    394074  0.90055  0.19066 0.013003   3.1999
Hinge   394074  9.31557 10.48435 0.000003 179.9052
Reading in aparc ../label/rh.aparc.annot
Reading in input volume brain.finalsurfs.mgz
Reading in wm volume wm.mgz
MRIclipBrightWM(): nthresh=13614, wmmin=5, clip=110 
MRIfindBrightNonWM(): 261 bright non-wm voxels segmented.
Masking bright non-wm for white surface
MRImask(): AllowDiffGeom = 1
MRImask(): AllowDiffGeom = 1
Reading in seg volume aseg.presurf.mgz
Ripping frozen voxels
Ripping vertices not in label ../label/rh.cortex.label
MRISripNotLabel() ripped 8375/131360 vertices (122985 unripped)
Reading in ripping surface ../surf/rh.white.preaparc
Reading in aparc ../label/rh.aparc.annot for ripsurf
Ripping BG
MRISripBasalGanglia(): 1 -2 2 0.5 ripped 333
Ripping segs (eg, WMSA, BG, frozen)
Starting MRISripSegs() d = (-2 2 0.5) segnos: 247 
MRISripSegs(): -2 2 0.5 ripped 0
vertex 65680: xyz = (60.0081,-6.58118,-2.08356) oxyz = (60.0081,-6.58118,-2.08356) wxzy = (60.0081,-6.58118,-2.08356) pxyz = (0,0,0) 
CBVO Creating mask 131360
n_averages 4
Iteration 0 =========================================
n_averages=4, current_sigma=2
Computing target border values 
Entering MRIScomputeBorderValues_new(): 
  inside_hi   = 120.0000000;
  border_hi   = 108.9924320;
  border_low  =  75.0000000;
  outside_low =  66.0286710;
  outside_hi  = 108.9924320;
  sigma = 2;
  max_thickness = 10;
  step_size=0.5;
  STEP_SIZE=0.1;
  which = 1
  thresh = 0
  flags = 0
  CBVfindFirstPeakD1=0
  CBVfindFirstPeakD2=0
  nvertices=131360
  Gdiag_no=-1
  vno start=0, stop=131360
Replacing 255s with 0s
#SI# sigma=2 had to be increased for 129 vertices, nripped=8708
mean border=84.8, 126 (126) missing vertices, mean dist 0.4 [0.9 (%15.1)->0.6 (%84.9))]
%65 local maxima, %29 large gradients and % 0 min vals, 0 gradients ignored
nFirstPeakD1 0
MRIScomputeBorderValues_new() finished in 0.0111 min


Finding expansion regions
mean absolute distance = 0.66 +- 0.93
2915 vertices more than 2 sigmas from mean.
Averaging target values for 5 iterations...
Positioning Surface: tspring = 0.3, nspring = 0.3, spring = 0, niters = 100 l_repulse = 5, l_surf_repulse = 0, checktol = 0
Positioning pial surface
Entering MRISpositionSurface()
  max_mm = 0.3
  MAX_REDUCTIONS = 2, REDUCTION_PCT = 0.5
  parms->check_tol = 0, niterations = 100
tol=1.0e-04, sigma=2.0, host=dna05, nav=4, nbrs=2, l_repulse=5.000, l_tspring=0.300, l_nspring=0.300, l_intensity=0.200, l_curv=1.000
mom=0.00, dt=0.50
complete_dist_mat 0
rms 0
smooth_averages 0
remove_neg 0
ico_order 0
which_surface 0
target_radius 0.000000
nfields 0
scale 0.000000
desired_rms_height 0.000000
momentum 0.000000
nbhd_size 0
max_nbrs 0
niterations 100
nsurfaces 0
SURFACES 3
flags 0 (0)
use curv 0
no sulc 0
no rigid align 0
mris->nsize 2
mris->hemisphere 1
randomSeed 0

000: dt: 0.0000, sse=1201502.0, rms=6.429
001: dt: 0.5000, sse=555687.1, rms=3.881 (39.635%)
002: dt: 0.5000, sse=353591.6, rms=2.590 (33.257%)
003: dt: 0.5000, sse=285791.9, rms=2.013 (22.263%)
004: dt: 0.5000, sse=259632.1, rms=1.710 (15.096%)
005: dt: 0.5000, sse=253053.0, rms=1.623 (5.084%)
006: dt: 0.5000, sse=248617.5, rms=1.564 (3.591%)
rms = 1.5962/1.5643, sse=251876.8/248617.5, time step reduction 1 of 3 to 0.250  0 1 1
   RMS increased, rejecting step
007: dt: 0.2500, sse=223986.9, rms=1.181 (24.492%)
008: dt: 0.2500, sse=214765.3, rms=0.994 (15.810%)
rms = 0.9539/0.9944, sse=212869.0/214765.3, time step reduction 2 of 3 to 0.125  0 0 1
009: dt: 0.2500, sse=212869.0, rms=0.954 (4.075%)
rms = 0.9402/0.9539, sse=212322.3/212869.0, time step reduction 3 of 3 to 0.062  0 0 1
010: dt: 0.1250, sse=212322.2, rms=0.940 (1.436%)
  maximum number of reductions reached, breaking from loop
positioning took 0.8 minutes
Iteration 1 =========================================
n_averages=2, current_sigma=1
Computing target border values 
Entering MRIScomputeBorderValues_new(): 
  inside_hi   = 120.0000000;
  border_hi   = 108.9924320;
  border_low  =  75.0000000;
  outside_low =  66.0286710;
  outside_hi  = 108.9924320;
  sigma = 1;
  max_thickness = 10;
  step_size=0.5;
  STEP_SIZE=0.1;
  which = 1
  thresh = 0
  flags = 0
  CBVfindFirstPeakD1=0
  CBVfindFirstPeakD2=0
  nvertices=131360
  Gdiag_no=-1
  vno start=0, stop=131360
Replacing 255s with 0s
#SI# sigma=1 had to be increased for 84 vertices, nripped=8708
mean border=87.1, 82 (27) missing vertices, mean dist -0.2 [0.4 (%72.5)->0.3 (%27.5))]
%74 local maxima, %19 large gradients and % 0 min vals, 0 gradients ignored
nFirstPeakD1 0
MRIScomputeBorderValues_new() finished in 0.0087 min


Finding expansion regions
mean absolute distance = 0.39 +- 0.71
3029 vertices more than 2 sigmas from mean.
Averaging target values for 5 iterations...
Positioning Surface: tspring = 0.3, nspring = 0.3, spring = 0, niters = 100 l_repulse = 5, l_surf_repulse = 0, checktol = 0
Positioning pial surface
Entering MRISpositionSurface()
  max_mm = 0.3
  MAX_REDUCTIONS = 2, REDUCTION_PCT = 0.5
  parms->check_tol = 0, niterations = 100
tol=1.0e-04, sigma=1.0, host=dna05, nav=2, nbrs=2, l_repulse=5.000, l_tspring=0.300, l_nspring=0.300, l_intensity=0.200, l_curv=1.000
mom=0.00, dt=0.50
000: dt: 0.0000, sse=517523.9, rms=3.572
011: dt: 0.5000, sse=306734.8, rms=2.037 (42.967%)
012: dt: 0.5000, sse=265066.3, rms=1.585 (22.176%)
013: dt: 0.5000, sse=252243.4, rms=1.407 (11.262%)
rms = 1.4057/1.4067, sse=251960.9/252243.4, time step reduction 1 of 3 to 0.250  0 0 1
014: dt: 0.5000, sse=251960.9, rms=1.406 (0.072%)
015: dt: 0.2500, sse=224214.2, rms=0.893 (36.490%)
016: dt: 0.2500, sse=221874.6, rms=0.830 (6.990%)
rms = 0.8263/0.8304, sse=222175.2/221874.6, time step reduction 2 of 3 to 0.125  0 1 1
017: dt: 0.2500, sse=222175.2, rms=0.826 (0.487%)
rms = 0.8196/0.8263, sse=222115.4/222175.2, time step reduction 3 of 3 to 0.062  0 0 1
018: dt: 0.1250, sse=222115.4, rms=0.820 (0.818%)
  maximum number of reductions reached, breaking from loop
positioning took 0.6 minutes
Iteration 2 =========================================
n_averages=1, current_sigma=0.5
Computing target border values 
Entering MRIScomputeBorderValues_new(): 
  inside_hi   = 120.0000000;
  border_hi   = 108.9924320;
  border_low  =  75.0000000;
  outside_low =  66.0286710;
  outside_hi  = 108.9924320;
  sigma = 0.5;
  max_thickness = 10;
  step_size=0.5;
  STEP_SIZE=0.1;
  which = 1
  thresh = 0
  flags = 0
  CBVfindFirstPeakD1=0
  CBVfindFirstPeakD2=0
  nvertices=131360
  Gdiag_no=-1
  vno start=0, stop=131360
Replacing 255s with 0s
#SI# sigma=0.5 had to be increased for 81 vertices, nripped=8708
mean border=89.0, 95 (19) missing vertices, mean dist -0.2 [0.3 (%70.2)->0.2 (%29.8))]
%82 local maxima, %11 large gradients and % 0 min vals, 0 gradients ignored
nFirstPeakD1 0
MRIScomputeBorderValues_new() finished in 0.0053 min


Finding expansion regions
mean absolute distance = 0.32 +- 0.54
3706 vertices more than 2 sigmas from mean.
Averaging target values for 5 iterations...
Positioning Surface: tspring = 0.3, nspring = 0.3, spring = 0, niters = 100 l_repulse = 5, l_surf_repulse = 0, checktol = 0
Positioning pial surface
Entering MRISpositionSurface()
  max_mm = 0.3
  MAX_REDUCTIONS = 2, REDUCTION_PCT = 0.5
  parms->check_tol = 0, niterations = 100
tol=1.0e-04, sigma=0.5, host=dna05, nav=1, nbrs=2, l_repulse=5.000, l_tspring=0.300, l_nspring=0.300, l_intensity=0.200, l_curv=1.000
mom=0.00, dt=0.50
000: dt: 0.0000, sse=375370.2, rms=2.682
019: dt: 0.5000, sse=261379.9, rms=1.591 (40.671%)
020: dt: 0.5000, sse=243586.5, rms=1.350 (15.184%)
021: dt: 0.5000, sse=239354.1, rms=1.281 (5.076%)
rms = 1.3422/1.2812, sse=244114.1/239354.1, time step reduction 1 of 3 to 0.250  0 1 1
   RMS increased, rejecting step
022: dt: 0.2500, sse=221376.2, rms=0.945 (26.258%)
023: dt: 0.2500, sse=215254.7, rms=0.794 (15.978%)
rms = 0.7724/0.7938, sse=215779.1/215254.7, time step reduction 2 of 3 to 0.125  0 1 1
024: dt: 0.2500, sse=215779.1, rms=0.772 (2.704%)
rms = 0.7633/0.7724, sse=213429.9/215779.1, time step reduction 3 of 3 to 0.062  0 0 1
025: dt: 0.1250, sse=213429.9, rms=0.763 (1.178%)
  maximum number of reductions reached, breaking from loop
positioning took 0.5 minutes
Iteration 3 =========================================
n_averages=0, current_sigma=0.25
Computing target border values 
Entering MRIScomputeBorderValues_new(): 
  inside_hi   = 120.0000000;
  border_hi   = 108.9924320;
  border_low  =  75.0000000;
  outside_low =  66.0286710;
  outside_hi  = 108.9924320;
  sigma = 0.25;
  max_thickness = 10;
  step_size=0.5;
  STEP_SIZE=0.1;
  which = 1
  thresh = 0
  flags = 0
  CBVfindFirstPeakD1=0
  CBVfindFirstPeakD2=0
  nvertices=131360
  Gdiag_no=-1
  vno start=0, stop=131360
Replacing 255s with 0s
#SI# sigma=0.25 had to be increased for 90 vertices, nripped=8708
mean border=89.6, 119 (13) missing vertices, mean dist -0.1 [0.3 (%57.0)->0.2 (%43.0))]
%86 local maxima, % 8 large gradients and % 0 min vals, 0 gradients ignored
nFirstPeakD1 0
MRIScomputeBorderValues_new() finished in 0.0036 min


Finding expansion regions
mean absolute distance = 0.26 +- 0.42
3537 vertices more than 2 sigmas from mean.
Averaging target values for 5 iterations...
Positioning Surface: tspring = 0.3, nspring = 0.3, spring = 0, niters = 100 l_repulse = 5, l_surf_repulse = 0, checktol = 0
Positioning pial surface
Entering MRISpositionSurface()
  max_mm = 0.3
  MAX_REDUCTIONS = 2, REDUCTION_PCT = 0.5
  parms->check_tol = 0, niterations = 100
tol=1.0e-04, sigma=0.2, host=dna05, nav=0, nbrs=2, l_repulse=5.000, l_tspring=0.300, l_nspring=0.300, l_intensity=0.200, l_curv=1.000
mom=0.00, dt=0.50
000: dt: 0.0000, sse=237116.4, rms=1.305
026: dt: 0.5000, sse=216854.4, rms=0.870 (33.316%)
rms = 0.9602/0.8700, sse=218853.5/216854.4, time step reduction 1 of 3 to 0.250  0 1 1
   RMS increased, rejecting step
027: dt: 0.2500, sse=209808.8, rms=0.708 (18.632%)
028: dt: 0.2500, sse=207062.0, rms=0.642 (9.379%)
rms = 0.6263/0.6415, sse=206071.3/207062.0, time step reduction 2 of 3 to 0.125  0 0 1
029: dt: 0.2500, sse=206071.3, rms=0.626 (2.377%)
rms = 0.6212/0.6263, sse=205369.8/206071.3, time step reduction 3 of 3 to 0.062  0 0 1
030: dt: 0.1250, sse=205369.8, rms=0.621 (0.808%)
  maximum number of reductions reached, breaking from loop
positioning took 0.4 minutes


Writing output to ../surf/rh.white
#ET# mris_place_surface  2.34 minutes
#VMPC# mris_place_surfaces VmPeak  3062064
mris_place_surface done
#--------------------------------------------
#@# T1PialSurf rh Sat Apr  4 15:17:00 CEST 2026
cd /out/sourcedata/freesurfer/sub-v1s13x0050005_ses-1/mri
mris_place_surface --adgws-in ../surf/autodet.gw.stats.rh.dat --seg aseg.presurf.mgz --threads 16 --wm wm.mgz --invol brain.finalsurfs.mgz --rh --i ../surf/rh.white --o ../surf/rh.pial.T1 --pial --nsmooth 0 --rip-label ../label/rh.cortex+hipamyg.label --pin-medial-wall ../label/rh.cortex.label --aparc ../label/rh.aparc.annot --repulse-surf ../surf/rh.white --white-surf ../surf/rh.white
7.3.2
7.3.2

cd /out/sourcedata/freesurfer/sub-v1s13x0050005_ses-1/mri
setenv SUBJECTS_DIR /out/sourcedata/freesurfer
mris_place_surface --adgws-in ../surf/autodet.gw.stats.rh.dat --seg aseg.presurf.mgz --threads 16 --wm wm.mgz --invol brain.finalsurfs.mgz --rh --i ../surf/rh.white --o ../surf/rh.pial.T1 --pial --nsmooth 0 --rip-label ../label/rh.cortex+hipamyg.label --pin-medial-wall ../label/rh.cortex.label --aparc ../label/rh.aparc.annot --repulse-surf ../surf/rh.white --white-surf ../surf/rh.white 

Reading in input surface ../surf/rh.white
Not smoothing input surface
Area    262716  0.34650  0.12956 0.000726   1.7856
Corner  788148 60.00000 14.49388 0.324775 177.9087
Edge    394074  0.90567  0.20967 0.013003   3.1999
Hinge   394074  9.42043 10.66853 0.000003 179.9052
Reading white surface coordinates from ../surf/rh.white
Reading repulsion surface coordinates from ../surf/rh.white
Reading in aparc ../label/rh.aparc.annot
Reading in input volume brain.finalsurfs.mgz
Reading in wm volume wm.mgz
MRIclipBrightWM(): nthresh=13614, wmmin=5, clip=110 
MRIfindBrightNonWM(): 261 bright non-wm voxels segmented.
Masking bright non-wm for pial surface mid_gray = 71.5468
MRImask(): AllowDiffGeom = 1
MRImask(): AllowDiffGeom = 1
MRImask(): AllowDiffGeom = 1
Reading in seg volume aseg.presurf.mgz
Ripping frozen voxels
Ripping vertices not in label ../label/rh.cortex+hipamyg.label
MRISripNotLabel() ripped 6202/131360 vertices (125158 unripped)
INFO: rip surface needed but not specified, so using input surface
Ripping segs (eg, WMSA, BG, frozen)
Starting MRISripSegs() d = (-2 2 0.5) segnos: 247 
MRISripSegs(): -2 2 0.5 ripped 0
vertex 65680: xyz = (59.9259,-6.46724,-1.93281) oxyz = (59.9259,-6.46724,-1.93281) wxzy = (59.9259,-6.46724,-1.93281) pxyz = (59.9259,-6.46724,-1.93281) 
CBVO Creating mask 131360
n_averages 16
Iteration 0 =========================================
n_averages=16, current_sigma=2
Computing target border values 
Entering MRIScomputeBorderValues_new(): 
  inside_hi   =  95.0075680;
  border_hi   =  66.0286710;
  border_low  =  48.0860060;
  outside_low =  10.0000000;
  outside_hi  =  61.5430030;
  sigma = 2;
  max_thickness = 10;
  step_size=0.5;
  STEP_SIZE=0.1;
  which = 2
  thresh = 0
  flags = 0
  CBVfindFirstPeakD1=0
  CBVfindFirstPeakD2=0
  nvertices=131360
  Gdiag_no=-1
  vno start=0, stop=131360
Replacing 255s with 0s
#SI# sigma=2 had to be increased for 155 vertices, nripped=6202
mean border=64.5, 229 (229) missing vertices, mean dist 1.7 [2.1 (%0.0)->3.0 (%100.0))]
%14 local maxima, %40 large gradients and %42 min vals, 0 gradients ignored
nFirstPeakD1 0
MRIScomputeBorderValues_new() finished in 0.0117 min


Averaging target values for 5 iterations...
Positioning Surface: tspring = 0.3, nspring = 0.3, spring = 0, niters = 100 l_repulse = 0, l_surf_repulse = 5, checktol = 0
Positioning pial surface
Entering MRISpositionSurface()
  max_mm = 0.3
  MAX_REDUCTIONS = 2, REDUCTION_PCT = 0.5
  parms->check_tol = 0, niterations = 100
tol=1.0e-04, sigma=2.0, host=dna05, nav=16, nbrs=2, l_surf_repulse=5.000, l_tspring=0.300, l_nspring=0.300, l_intensity=0.200, l_curv=1.000
mom=0.00, dt=0.50
complete_dist_mat 0
rms 0
smooth_averages 0
remove_neg 0
ico_order 0
which_surface 0
target_radius 0.000000
nfields 0
scale 0.000000
desired_rms_height 0.000000
momentum 0.000000
nbhd_size 0
max_nbrs 0
niterations 100
nsurfaces 0
SURFACES 3
flags 0 (0)
use curv 0
no sulc 0
no rigid align 0
mris->nsize 2
mris->hemisphere 1
randomSeed 0

000: dt: 0.0000, sse=17001382.0, rms=25.937
001: dt: 0.5000, sse=12446924.0, rms=22.146 (14.617%)
002: dt: 0.5000, sse=9036830.0, rms=18.812 (15.052%)
003: dt: 0.5000, sse=6661524.5, rms=16.086 (14.492%)
004: dt: 0.5000, sse=5075472.0, rms=13.971 (13.149%)
005: dt: 0.5000, sse=3975225.2, rms=12.290 (12.031%)
006: dt: 0.5000, sse=3161686.8, rms=10.880 (11.475%)
007: dt: 0.5000, sse=2530552.5, rms=9.643 (11.370%)
008: dt: 0.5000, sse=2020357.0, rms=8.510 (11.742%)
009: dt: 0.5000, sse=1607930.0, rms=7.469 (12.237%)
010: dt: 0.5000, sse=1276291.0, rms=6.510 (12.842%)
011: dt: 0.5000, sse=1028262.6, rms=5.686 (12.659%)
012: dt: 0.5000, sse=852783.9, rms=5.019 (11.724%)
013: dt: 0.5000, sse=739522.5, rms=4.535 (9.647%)
014: dt: 0.5000, sse=664940.4, rms=4.183 (7.760%)
015: dt: 0.5000, sse=617634.6, rms=3.942 (5.762%)
016: dt: 0.5000, sse=585442.4, rms=3.767 (4.428%)
017: dt: 0.5000, sse=565372.4, rms=3.654 (3.017%)
018: dt: 0.5000, sse=552804.8, rms=3.579 (2.057%)
019: dt: 0.5000, sse=544318.1, rms=3.527 (1.455%)
rms = 3.4850/3.5265, sse=537844.4/544318.1, time step reduction 1 of 3 to 0.250  0 0 1
020: dt: 0.5000, sse=537844.4, rms=3.485 (1.177%)
021: dt: 0.2500, sse=471193.0, rms=3.057 (12.276%)
022: dt: 0.2500, sse=458544.7, rms=2.970 (2.856%)
rms = 2.9517/2.9699, sse=456134.0/458544.7, time step reduction 2 of 3 to 0.125  0 0 1
023: dt: 0.2500, sse=456133.9, rms=2.952 (0.614%)
rms = 2.9168/2.9517, sse=451519.2/456134.0, time step reduction 3 of 3 to 0.062  0 0 1
024: dt: 0.1250, sse=451519.2, rms=2.917 (1.180%)
  maximum number of reductions reached, breaking from loop
positioning took 1.5 minutes
Iteration 1 =========================================
n_averages=8, current_sigma=1
Computing target border values 
Entering MRIScomputeBorderValues_new(): 
  inside_hi   =  95.0075680;
  border_hi   =  66.0286710;
  border_low  =  48.0860060;
  outside_low =  10.0000000;
  outside_hi  =  61.5430030;
  sigma = 1;
  max_thickness = 10;
  step_size=0.5;
  STEP_SIZE=0.1;
  which = 2
  thresh = 0
  flags = 0
  CBVfindFirstPeakD1=0
  CBVfindFirstPeakD2=0
  nvertices=131360
  Gdiag_no=-1
  vno start=0, stop=131360
Replacing 255s with 0s
#SI# sigma=1 had to be increased for 11426 vertices, nripped=6202
mean border=63.4, 1907 (34) missing vertices, mean dist 0.1 [0.2 (%43.8)->0.5 (%56.2))]
%25 local maxima, %32 large gradients and %37 min vals, 0 gradients ignored
nFirstPeakD1 0
MRIScomputeBorderValues_new() finished in 0.0042 min


Averaging target values for 5 iterations...
Positioning Surface: tspring = 0.3, nspring = 0.3, spring = 0, niters = 100 l_repulse = 0, l_surf_repulse = 5, checktol = 0
Positioning pial surface
Entering MRISpositionSurface()
  max_mm = 0.3
  MAX_REDUCTIONS = 2, REDUCTION_PCT = 0.5
  parms->check_tol = 0, niterations = 100
tol=1.0e-04, sigma=1.0, host=dna05, nav=8, nbrs=2, l_surf_repulse=5.000, l_tspring=0.300, l_nspring=0.300, l_intensity=0.200, l_curv=1.000
mom=0.00, dt=0.50
000: dt: 0.0000, sse=590412.6, rms=3.434
025: dt: 0.5000, sse=548025.2, rms=3.173 (7.600%)
rms = 3.1924/3.1733, sse=549050.5/548025.2, time step reduction 1 of 3 to 0.250  0 1 1
   RMS increased, rejecting step
026: dt: 0.2500, sse=512542.6, rms=2.937 (7.443%)
027: dt: 0.2500, sse=497382.1, rms=2.832 (3.592%)
rms = 2.8011/2.8316, sse=493208.8/497382.0, time step reduction 2 of 3 to 0.125  0 0 1
028: dt: 0.2500, sse=493208.8, rms=2.801 (1.078%)
rms = 2.7710/2.8011, sse=489424.8/493208.8, time step reduction 3 of 3 to 0.062  0 0 1
029: dt: 0.1250, sse=489424.8, rms=2.771 (1.076%)
  maximum number of reductions reached, breaking from loop
positioning took 0.3 minutes
Iteration 2 =========================================
n_averages=4, current_sigma=0.5
Computing target border values 
Entering MRIScomputeBorderValues_new(): 
  inside_hi   =  95.0075680;
  border_hi   =  66.0286710;
  border_low  =  48.0860060;
  outside_low =  10.0000000;
  outside_hi  =  61.5430030;
  sigma = 0.5;
  max_thickness = 10;
  step_size=0.5;
  STEP_SIZE=0.1;
  which = 2
  thresh = 0
  flags = 0
  CBVfindFirstPeakD1=0
  CBVfindFirstPeakD2=0
  nvertices=131360
  Gdiag_no=-1
  vno start=0, stop=131360
Replacing 255s with 0s
#SI# sigma=0.5 had to be increased for 12411 vertices, nripped=6202
mean border=62.8, 2483 (27) missing vertices, mean dist 0.1 [0.2 (%41.5)->0.4 (%58.5))]
%36 local maxima, %21 large gradients and %37 min vals, 0 gradients ignored
nFirstPeakD1 0
MRIScomputeBorderValues_new() finished in 0.0026 min


Averaging target values for 5 iterations...
Positioning Surface: tspring = 0.3, nspring = 0.3, spring = 0, niters = 100 l_repulse = 0, l_surf_repulse = 5, checktol = 0
Positioning pial surface
Entering MRISpositionSurface()
  max_mm = 0.3
  MAX_REDUCTIONS = 2, REDUCTION_PCT = 0.5
  parms->check_tol = 0, niterations = 100
tol=1.0e-04, sigma=0.5, host=dna05, nav=4, nbrs=2, l_surf_repulse=5.000, l_tspring=0.300, l_nspring=0.300, l_intensity=0.200, l_curv=1.000
mom=0.00, dt=0.50
000: dt: 0.0000, sse=533606.9, rms=3.054
rms = 3.1094/3.0537, sse=541812.2/533606.9, time step reduction 1 of 3 to 0.250  0 1 1
   RMS increased, rejecting step
030: dt: 0.2500, sse=512771.3, rms=2.912 (4.646%)
031: dt: 0.2500, sse=502953.9, rms=2.844 (2.340%)
rms = 2.8443/2.8437, sse=502870.9/502953.9, time step reduction 2 of 3 to 0.125  0 0 1
   RMS increased, rejecting step
rms = 2.8340/2.8437, sse=501685.1/502953.9, time step reduction 3 of 3 to 0.062  0 0 1
032: dt: 0.1250, sse=501685.1, rms=2.834 (0.341%)
  maximum number of reductions reached, breaking from loop
positioning took 0.3 minutes
Iteration 3 =========================================
n_averages=2, current_sigma=0.25
Computing target border values 
Entering MRIScomputeBorderValues_new(): 
  inside_hi   =  95.0075680;
  border_hi   =  66.0286710;
  border_low  =  48.0860060;
  outside_low =  10.0000000;
  outside_hi  =  61.5430030;
  sigma = 0.25;
  max_thickness = 10;
  step_size=0.5;
  STEP_SIZE=0.1;
  which = 2
  thresh = 0
  flags = 0
  CBVfindFirstPeakD1=0
  CBVfindFirstPeakD2=0
  nvertices=131360
  Gdiag_no=-1
  vno start=0, stop=131360
Replacing 255s with 0s
#SI# sigma=0.25 had to be increased for 9974 vertices, nripped=6202
mean border=62.3, 5800 (27) missing vertices, mean dist 0.1 [0.2 (%42.6)->0.3 (%57.4))]
%40 local maxima, %16 large gradients and %35 min vals, 0 gradients ignored
nFirstPeakD1 0
MRIScomputeBorderValues_new() finished in 0.0017 min


Averaging target values for 5 iterations...
Positioning Surface: tspring = 0.3, nspring = 0.3, spring = 0, niters = 100 l_repulse = 0, l_surf_repulse = 5, checktol = 0
Positioning pial surface
Entering MRISpositionSurface()
  max_mm = 0.3
  MAX_REDUCTIONS = 2, REDUCTION_PCT = 0.5
  parms->check_tol = 0, niterations = 100
tol=1.0e-04, sigma=0.2, host=dna05, nav=2, nbrs=2, l_surf_repulse=5.000, l_tspring=0.300, l_nspring=0.300, l_intensity=0.200, l_curv=1.000
mom=0.00, dt=0.50
000: dt: 0.0000, sse=522070.6, rms=2.974
rms = 2.9466/2.9743, sse=516208.7/522070.6, time step reduction 1 of 3 to 0.250  0 0 1
033: dt: 0.5000, sse=516208.7, rms=2.947 (0.930%)
034: dt: 0.2500, sse=482351.3, rms=2.705 (8.200%)
035: dt: 0.2500, sse=472681.2, rms=2.636 (2.556%)
rms = 2.6026/2.6358, sse=468036.4/472681.2, time step reduction 2 of 3 to 0.125  0 0 1
036: dt: 0.2500, sse=468036.4, rms=2.603 (1.263%)
037: dt: 0.1250, sse=460812.2, rms=2.544 (2.245%)
rms = 2.5260/2.5441, sse=458364.9/460812.2, time step reduction 3 of 3 to 0.062  0 0 1
038: dt: 0.1250, sse=458364.9, rms=2.526 (0.713%)
  maximum number of reductions reached, breaking from loop
positioning took 0.3 minutes
Pinning medial wall to white surface
removing intersecting faces
000: 5 intersecting
terminating search with 0 intersecting


Writing output to ../surf/rh.pial.T1
#ET# mris_place_surface  2.56 minutes
#VMPC# mris_place_surfaces VmPeak  2376968
mris_place_surface done
#@# white curv rh Sat Apr  4 15:19:39 CEST 2026
cd /out/sourcedata/freesurfer/sub-v1s13x0050005_ses-1/mri
mris_place_surface --curv-map ../surf/rh.white 2 10 ../surf/rh.curv
insurf  ../surf/rh.white, nbrs 2, curvature_avgs 10
writing curvature file ../surf/rh.curv
#@# white area rh Sat Apr  4 15:19:41 CEST 2026
cd /out/sourcedata/freesurfer/sub-v1s13x0050005_ses-1/mri
mris_place_surface --area-map ../surf/rh.white ../surf/rh.area
writing curvature file ../surf/rh.area
#@# pial curv rh Sat Apr  4 15:19:41 CEST 2026
cd /out/sourcedata/freesurfer/sub-v1s13x0050005_ses-1/mri
mris_place_surface --curv-map ../surf/rh.pial 2 10 ../surf/rh.curv.pial
insurf  ../surf/rh.pial, nbrs 2, curvature_avgs 10
writing curvature file ../surf/rh.curv.pial
#@# pial area rh Sat Apr  4 15:19:43 CEST 2026
cd /out/sourcedata/freesurfer/sub-v1s13x0050005_ses-1/mri
mris_place_surface --area-map ../surf/rh.pial ../surf/rh.area.pial
writing curvature file ../surf/rh.area.pial
#@# thickness rh Sat Apr  4 15:19:44 CEST 2026
cd /out/sourcedata/freesurfer/sub-v1s13x0050005_ses-1/mri
mris_place_surface --thickness ../surf/rh.white ../surf/rh.pial 20 5 ../surf/rh.thickness
0 of 131360 vertices processed
25000 of 131360 vertices processed
50000 of 131360 vertices processed
75000 of 131360 vertices processed
100000 of 131360 vertices processed
125000 of 131360 vertices processed
0 of 131360 vertices processed
25000 of 131360 vertices processed
50000 of 131360 vertices processed
75000 of 131360 vertices processed
100000 of 131360 vertices processed
125000 of 131360 vertices processed
thickness calculation complete, 203:1672 truncations.
59692 vertices at 0 distance
106541 vertices at 1 distance
60101 vertices at 2 distance
22897 vertices at 3 distance
8180 vertices at 4 distance
2890 vertices at 5 distance
1168 vertices at 6 distance
515 vertices at 7 distance
261 vertices at 8 distance
132 vertices at 9 distance
77 vertices at 10 distance
53 vertices at 11 distance
38 vertices at 12 distance
33 vertices at 13 distance
33 vertices at 14 distance
28 vertices at 15 distance
27 vertices at 16 distance
15 vertices at 17 distance
8 vertices at 18 distance
8 vertices at 19 distance
23 vertices at 20 distance
writing curvature file ../surf/rh.thickness
#@# area and vertex vol rh Sat Apr  4 15:20:10 CEST 2026
cd /out/sourcedata/freesurfer/sub-v1s13x0050005_ses-1/mri
mris_place_surface --thickness ../surf/rh.white ../surf/rh.pial 20 5 ../surf/rh.thickness
/out/sourcedata/freesurfer/sub-v1s13x0050005_ses-1/surf
mris_calc -o rh.area.mid rh.area add rh.area.pial
Saving result to 'rh.area.mid' (type = MRI_CURV_FILE)                       [ ok ]
mris_calc -o rh.area.mid rh.area.mid div 2
Saving result to 'rh.area.mid' (type = MRI_CURV_FILE)                       [ ok ]
mris_convert --volume sub-v1s13x0050005_ses-1 rh /out/sourcedata/freesurfer/sub-v1s13x0050005_ses-1/surf/rh.volume
masking with /out/sourcedata/freesurfer/sub-v1s13x0050005_ses-1/label/rh.cortex.label
Total face volume 258037
Total vertex volume 257823 (mask=0)
#@# sub-v1s13x0050005_ses-1 rh 257823
 
vertexvol Done

#-----------------------------------------
#@# Curvature Stats rh Sat Apr  4 15:20:12 CEST 2026
/out/sourcedata/freesurfer/sub-v1s13x0050005_ses-1/surf

 mris_curvature_stats -m --writeCurvatureFiles -G -o ../stats/rh.curv.stats -F smoothwm sub-v1s13x0050005_ses-1 rh curv sulc 

             Toggling save flag on curvature files                       [ ok ]
                 Outputting results using filestem   [ ../stats/rh.curv.stats ]
             Toggling save flag on curvature files                       [ ok ]
                                   Setting surface [ sub-v1s13x0050005_ses-1/rh.smoothwm ]
                                Reading surface...                       [ ok ]
                                   Setting texture                     [ curv ]
                                Reading texture...                       [ ok ]
                                   Setting texture                     [ sulc ]
                                Reading texture...Gb_filter = 0
                       [ ok ]
      Calculating Discrete Principal Curvatures...
      Determining geometric order for vno faces... [####################] [ ok ]
                      Determining KH curvatures... [####################] [ ok ]
                    Determining k1k2 curvatures... [####################] [ ok ]
                                   deltaViolations                      [ 273 ]
Gb_filter = 0

WARN:    S lookup   min:                          -0.090307
WARN:    S explicit min:                          0.000000	vertex = 711
#-----------------------------------------
#@# Cortical Parc 2 rh Sat Apr  4 15:20:14 CEST 2026
/out/sourcedata/freesurfer/sub-v1s13x0050005_ses-1/scripts

 mris_ca_label -l ../label/rh.cortex.label -aseg ../mri/aseg.presurf.mgz -seed 1234 sub-v1s13x0050005_ses-1 rh ../surf/rh.sphere.reg /opt/freesurfer/average/rh.CDaparc.atlas.acfb40.noaparc.i12.2016-08-02.gcs ../label/rh.aparc.a2009s.annot 

setting seed for random number generator to 1234
using ../mri/aseg.presurf.mgz aseg volume to correct midline
7.3.2
  7.3.2
reading atlas from /opt/freesurfer/average/rh.CDaparc.atlas.acfb40.noaparc.i12.2016-08-02.gcs...
reading color table from GCSA file....
average std = 1.4   using min determinant for regularization = 0.021
0 singular and 0 ill-conditioned covariance matrices regularized
input 0: MEAN CURVATURE, flags 0, avgs 5, name mean_curvature
labeling surface...
40 labels changed using aseg
relabeling using gibbs priors...
000:   8556 changed, 131360 examined...
001:   1882 changed, 33621 examined...
002:    560 changed, 10096 examined...
003:    223 changed, 3238 examined...
004:    116 changed, 1298 examined...
005:     53 changed, 659 examined...
006:     31 changed, 296 examined...
007:     18 changed, 189 examined...
008:     10 changed, 104 examined...
009:      6 changed, 56 examined...
010:      5 changed, 37 examined...
011:      2 changed, 25 examined...
012:      1 changed, 15 examined...
013:      0 changed, 6 examined...
24 labels changed using aseg
000: 229 total segments, 146 labels (1731 vertices) changed
001: 89 total segments, 7 labels (35 vertices) changed
002: 82 total segments, 0 labels (0 vertices) changed
10 filter iterations complete (10 requested, 29 changed)
rationalizing unknown annotations with cortex label
relabeling Medial_wall label...
1254 vertices marked for relabeling...
1254 labels changed in reclassification.
writing output to ../label/rh.aparc.a2009s.annot...
classification took 0 minutes and 12 seconds.
#-----------------------------------------
#@# Cortical Parc 3 rh Sat Apr  4 15:20:26 CEST 2026
/out/sourcedata/freesurfer/sub-v1s13x0050005_ses-1/scripts

 mris_ca_label -l ../label/rh.cortex.label -aseg ../mri/aseg.presurf.mgz -seed 1234 sub-v1s13x0050005_ses-1 rh ../surf/rh.sphere.reg /opt/freesurfer/average/rh.DKTaparc.atlas.acfb40.noaparc.i12.2016-08-02.gcs ../label/rh.aparc.DKTatlas.annot 

setting seed for random number generator to 1234
using ../mri/aseg.presurf.mgz aseg volume to correct midline
7.3.2
  7.3.2
reading atlas from /opt/freesurfer/average/rh.DKTaparc.atlas.acfb40.noaparc.i12.2016-08-02.gcs...
reading color table from GCSA file....
average std = 0.9   using min determinant for regularization = 0.009
0 singular and 325 ill-conditioned covariance matrices regularized
input 0: MEAN CURVATURE, flags 0, avgs 5, name mean_curvature
labeling surface...
1690 labels changed using aseg
relabeling using gibbs priors...
000:   1935 changed, 131360 examined...
001:    446 changed, 9113 examined...
002:    116 changed, 2512 examined...
003:     47 changed, 695 examined...
004:     25 changed, 278 examined...
005:     15 changed, 128 examined...
006:      9 changed, 78 examined...
007:      6 changed, 52 examined...
008:      5 changed, 35 examined...
009:      3 changed, 30 examined...
010:      3 changed, 19 examined...
011:      3 changed, 13 examined...
012:      3 changed, 13 examined...
013:      4 changed, 18 examined...
014:      2 changed, 24 examined...
015:      4 changed, 12 examined...
016:      5 changed, 18 examined...
017:      3 changed, 27 examined...
018:      4 changed, 19 examined...
019:      1 changed, 20 examined...
020:      0 changed, 8 examined...
242 labels changed using aseg
000: 48 total segments, 15 labels (113 vertices) changed
001: 33 total segments, 0 labels (0 vertices) changed
10 filter iterations complete (10 requested, 1 changed)
rationalizing unknown annotations with cortex label
relabeling unknown label...
relabeling corpuscallosum label...
964 vertices marked for relabeling...
964 labels changed in reclassification.
writing output to ../label/rh.aparc.DKTatlas.annot...
classification took 0 minutes and 9 seconds.
#-----------------------------------------
#@# WM/GM Contrast rh Sat Apr  4 15:20:35 CEST 2026
/out/sourcedata/freesurfer/sub-v1s13x0050005_ses-1/scripts

 pctsurfcon --s sub-v1s13x0050005_ses-1 --rh-only 

Log file is /out/sourcedata/freesurfer/sub-v1s13x0050005_ses-1/scripts/pctsurfcon.log
Sat Apr  4 15:20:35 CEST 2026
setenv SUBJECTS_DIR /out/sourcedata/freesurfer
cd /out/sourcedata/freesurfer/sub-v1s13x0050005_ses-1/scripts
/opt/freesurfer/bin/pctsurfcon
pctsurfcon 7.3.2
Linux dna055 5.14.0-427.37.1.el9_4.x86_64 #1 SMP PREEMPT_DYNAMIC Fri Sep 13 12:41:50 EDT 2024 x86_64 x86_64 x86_64 GNU/Linux
FREESURFER_HOME /opt/freesurfer
mri_vol2surf --mov /out/sourcedata/freesurfer/sub-v1s13x0050005_ses-1/mri/rawavg.mgz --hemi rh --noreshape --interp trilinear --projdist -1 --o /out/sourcedata/freesurfer/sub-v1s13x0050005_ses-1/surf/tmp.pctsurfcon.564164/rh.wm.mgh --regheader sub-v1s13x0050005_ses-1 --cortex
srcvol = /out/sourcedata/freesurfer/sub-v1s13x0050005_ses-1/mri/rawavg.mgz
srcreg unspecified
srcregold = 0
srcwarp unspecified
surf = white
hemi = rh
ProjDist = -1
reshape = 0
interp = trilinear
float2int = round
GetProjMax = 0
INFO: float2int code = 0
Done loading volume
Computing registration from header.
  Using /out/sourcedata/freesurfer/sub-v1s13x0050005_ses-1/mri/orig.mgz as target reference.
-------- original matrix -----------
-1.00000   0.00000   0.00000   0.00000;
 0.00000   0.00000   1.00000   0.00003;
 0.00000  -1.00000   0.00000  -0.00003;
 0.00000   0.00000   0.00000   1.00000;
-------- original matrix -----------
Loading label /out/sourcedata/freesurfer/sub-v1s13x0050005_ses-1/label/rh.cortex.label
Reading surface /out/sourcedata/freesurfer/sub-v1s13x0050005_ses-1/surf/rh.white
Done reading source surface
Mapping Source Volume onto Source Subject Surface
Projecting -1 -1 1
 1 -1 -1 -1
using old
Done mapping volume to surface
Number of source voxels hit = 72615
Masking with /out/sourcedata/freesurfer/sub-v1s13x0050005_ses-1/label/rh.cortex.label
Writing to /out/sourcedata/freesurfer/sub-v1s13x0050005_ses-1/surf/tmp.pctsurfcon.564164/rh.wm.mgh
Dim: 131360 1 1
mri_vol2surf --mov /out/sourcedata/freesurfer/sub-v1s13x0050005_ses-1/mri/rawavg.mgz --hemi rh --noreshape --interp trilinear --o /out/sourcedata/freesurfer/sub-v1s13x0050005_ses-1/surf/tmp.pctsurfcon.564164/rh.gm.mgh --projfrac 0.3 --regheader sub-v1s13x0050005_ses-1 --cortex
srcvol = /out/sourcedata/freesurfer/sub-v1s13x0050005_ses-1/mri/rawavg.mgz
srcreg unspecified
srcregold = 0
srcwarp unspecified
surf = white
hemi = rh
ProjFrac = 0.3
thickness = thickness
reshape = 0
interp = trilinear
float2int = round
GetProjMax = 0
INFO: float2int code = 0
Done loading volume
Computing registration from header.
  Using /out/sourcedata/freesurfer/sub-v1s13x0050005_ses-1/mri/orig.mgz as target reference.
-------- original matrix -----------
-1.00000   0.00000   0.00000   0.00000;
 0.00000   0.00000   1.00000   0.00003;
 0.00000  -1.00000   0.00000  -0.00003;
 0.00000   0.00000   0.00000   1.00000;
-------- original matrix -----------
Loading label /out/sourcedata/freesurfer/sub-v1s13x0050005_ses-1/label/rh.cortex.label
Reading surface /out/sourcedata/freesurfer/sub-v1s13x0050005_ses-1/surf/rh.white
Done reading source surface
Reading thickness /out/sourcedata/freesurfer/sub-v1s13x0050005_ses-1/surf/rh.thickness
Done
Mapping Source Volume onto Source Subject Surface
Projecting 0.3 0.3 1
 1 0.3 0.3 0.3
using old
Done mapping volume to surface
Number of source voxels hit = 84371
Masking with /out/sourcedata/freesurfer/sub-v1s13x0050005_ses-1/label/rh.cortex.label
Writing to /out/sourcedata/freesurfer/sub-v1s13x0050005_ses-1/surf/tmp.pctsurfcon.564164/rh.gm.mgh
Dim: 131360 1 1
mri_concat /out/sourcedata/freesurfer/sub-v1s13x0050005_ses-1/surf/tmp.pctsurfcon.564164/rh.wm.mgh /out/sourcedata/freesurfer/sub-v1s13x0050005_ses-1/surf/tmp.pctsurfcon.564164/rh.gm.mgh --paired-diff-norm --mul 100 --o /out/sourcedata/freesurfer/sub-v1s13x0050005_ses-1/surf/rh.w-g.pct.mgh
ninputs = 2
Checking inputs
nframestot = 2
Allocing output
Done allocing
Combining pairs
nframes = 1
Multiplying by 100.000000
Writing to /out/sourcedata/freesurfer/sub-v1s13x0050005_ses-1/surf/rh.w-g.pct.mgh
mri_segstats --in /out/sourcedata/freesurfer/sub-v1s13x0050005_ses-1/surf/rh.w-g.pct.mgh --annot sub-v1s13x0050005_ses-1 rh aparc --sum /out/sourcedata/freesurfer/sub-v1s13x0050005_ses-1/stats/rh.w-g.pct.stats --snr

7.3.2
cwd 
cmdline mri_segstats --in /out/sourcedata/freesurfer/sub-v1s13x0050005_ses-1/surf/rh.w-g.pct.mgh --annot sub-v1s13x0050005_ses-1 rh aparc --sum /out/sourcedata/freesurfer/sub-v1s13x0050005_ses-1/stats/rh.w-g.pct.stats --snr 
sysname  Linux
hostname dna055
machine  x86_64
user     oesteban
whitesurfname  white
UseRobust  0
Constructing seg from annotation

Reading annotation /out/sourcedata/freesurfer/sub-v1s13x0050005_ses-1/label/rh.aparc.annot
Seg base 2000
Loading /out/sourcedata/freesurfer/sub-v1s13x0050005_ses-1/surf/rh.w-g.pct.mgh
Vertex Area is 0.692997 mm^3
Generating list of segmentation ids
Found  36 segmentations
Computing statistics for each segmentation

Reporting on  35 segmentations
Using PrintSegStat
mri_segstats done
Cleaning up

Started at Sat Apr 4 14:55:52 CEST 2026 
Ended   at Sat Apr 4 15:20:38 CEST 2026
#@#%# recon-all-run-time-hours 0.413
recon-all -s sub-v1s13x0050005_ses-1 finished without error at Sat Apr  4 15:20:38 CEST 2026



#New# invocation of recon-all 




Sat Apr  4 15:27:07 CEST 2026
cd /out/sourcedata/freesurfer/sub-v1s13x0050005_ses-1
setenv SUBJECTS_DIR /out/sourcedata/freesurfer
/opt/freesurfer/bin/recon-all -autorecon-hemi rh -nohyporelabel -rh-only -openmp 16 -subjid sub-v1s13x0050005_ses-1 -sd /out/sourcedata/freesurfer -notessellate -nosmooth1 -noinflate1 -noqsphere -nofix -nowhite -nosmooth2 -noinflate2 -nocurvHK -nocurvstats -nosphere -nosurfreg -nojacobian_white -noavgcurv -nocortparc -nopial -nocortparc2 -nocortparc3 -nopctsurfcon

subjid sub-v1s13x0050005_ses-1
setenv SUBJECTS_DIR /out/sourcedata/freesurfer
FREESURFER_HOME /opt/freesurfer
Actual FREESURFER_HOME /opt/freesurfer
build-stamp.txt: freesurfer-linux-ubuntu22_x86_64-7.3.2-20220804-6354275
Linux dna055 5.14.0-427.37.1.el9_4.x86_64 #1 SMP PREEMPT_DYNAMIC Fri Sep 13 12:41:50 EDT 2024 x86_64 x86_64 x86_64 GNU/Linux
cputime      unlimited
filesize     unlimited
datasize     unlimited
stacksize    8192 kbytes
coredumpsize 0 kbytes
memoryuse    67108864 kbytes
vmemoryuse   unlimited
descriptors  1024 
memorylocked unlimited
maxproc      2061970 
maxlocks     unlimited
maxsignal    2061970 
maxmessage   819200 
maxnice      0 
maxrtprio    0 
maxrttime    unlimited

               total        used        free      shared  buff/cache   available
Mem:           503Gi        50Gi       413Gi       7.4Gi        39Gi       442Gi
Swap:             0B          0B          0B

########################################
program versions used
7.3.2 (freesurfer-linux-ubuntu22_x86_64-7.3.2-20220804-6354275)
7.3.2

ProgramName: lta_convert  ProgramArguments: lta_convert -all-info  ProgramVersion: 7.3.2  TimeStamp: 2026/04/04-13:27:07-GMT  BuildTime: Aug  4 2022 06:17:15  BuildStamp: freesurfer-linux-ubuntu22_x86_64-7.3.2-20220804-6354275  User: oesteban  Machine: dna055  Platform: Linux  PlatformVersion: 5.14.0-427.37.1.el9_4.x86_64  CompilerName: GCC  CompilerVersion: 8.4.0
ProgramName: mri_and  ProgramArguments: mri_and -all-info  ProgramVersion: 7.3.2  TimeStamp: 2026/04/04-13:27:07-GMT  BuildTime: Aug  4 2022 06:17:15  BuildStamp: freesurfer-linux-ubuntu22_x86_64-7.3.2-20220804-6354275  User: oesteban  Machine: dna055  Platform: Linux  PlatformVersion: 5.14.0-427.37.1.el9_4.x86_64  CompilerName: GCC  CompilerVersion: 8.4.0
ProgramName: mri_annotation2label  ProgramArguments: mri_annotation2label -all-info  ProgramVersion: 7.3.2  TimeStamp: 2026/04/04-13:27:07-GMT  BuildTime: Aug  4 2022 06:17:15  BuildStamp: freesurfer-linux-ubuntu22_x86_64-7.3.2-20220804-6354275  User: oesteban  Machine: dna055  Platform: Linux  PlatformVersion: 5.14.0-427.37.1.el9_4.x86_64  CompilerName: GCC  CompilerVersion: 8.4.0
ProgramName: mri_aparc2aseg  ProgramArguments: mri_aparc2aseg -all-info  ProgramVersion: 7.3.2  TimeStamp: 2026/04/04-13:27:07-GMT  BuildTime: Aug  4 2022 06:17:15  BuildStamp: freesurfer-linux-ubuntu22_x86_64-7.3.2-20220804-6354275  User: oesteban  Machine: dna055  Platform: Linux  PlatformVersion: 5.14.0-427.37.1.el9_4.x86_64  CompilerName: GCC  CompilerVersion: 8.4.0
ProgramName: mri_surf2volseg  ProgramArguments: mri_surf2volseg -all-info  ProgramVersion: 7.3.2  TimeStamp: 2026/04/04-13:27:07-GMT  BuildTime: Aug  4 2022 06:17:15  BuildStamp: freesurfer-linux-ubuntu22_x86_64-7.3.2-20220804-6354275  User: oesteban  Machine: dna055  Platform: Linux  PlatformVersion: 5.14.0-427.37.1.el9_4.x86_64  CompilerName: GCC  CompilerVersion: 8.4.0
ProgramName: mri_binarize  ProgramArguments: mri_binarize -all-info  ProgramVersion: 7.3.2  TimeStamp: 2026/04/04-13:27:07-GMT  BuildTime: Aug  4 2022 06:17:15  BuildStamp: freesurfer-linux-ubuntu22_x86_64-7.3.2-20220804-6354275  User: oesteban  Machine: dna055  Platform: Linux  PlatformVersion: 5.14.0-427.37.1.el9_4.x86_64  CompilerName: GCC  CompilerVersion: 8.4.0
ProgramName: mri_ca_label  ProgramArguments: mri_ca_label -all-info  ProgramVersion: 7.3.2  TimeStamp: 2026/04/04-13:27:07-GMT  BuildTime: Aug  4 2022 06:17:15  BuildStamp: freesurfer-linux-ubuntu22_x86_64-7.3.2-20220804-6354275  User: oesteban  Machine: dna055  Platform: Linux  PlatformVersion: 5.14.0-427.37.1.el9_4.x86_64  CompilerName: GCC  CompilerVersion: 8.4.0
ProgramName: mri_ca_normalize  ProgramArguments: mri_ca_normalize -all-info  ProgramVersion: 7.3.2  TimeStamp: 2026/04/04-13:27:07-GMT  BuildTime: Aug  4 2022 06:17:15  BuildStamp: freesurfer-linux-ubuntu22_x86_64-7.3.2-20220804-6354275  User: oesteban  Machine: dna055  Platform: Linux  PlatformVersion: 5.14.0-427.37.1.el9_4.x86_64  CompilerName: GCC  CompilerVersion: 8.4.0
ProgramName: mri_ca_register  ProgramArguments: mri_ca_register -all-info  ProgramVersion: 7.3.2  TimeStamp: 2026/04/04-13:27:07-GMT  BuildTime: Aug  4 2022 06:17:15  BuildStamp: freesurfer-linux-ubuntu22_x86_64-7.3.2-20220804-6354275  User: oesteban  Machine: dna055  Platform: Linux  PlatformVersion: 5.14.0-427.37.1.el9_4.x86_64  CompilerName: GCC  CompilerVersion: 8.4.0
ProgramName: mri_cc  ProgramArguments: mri_cc -all-info  ProgramVersion: 7.3.2  TimeStamp: 2026/04/04-13:27:07-GMT  BuildTime: Aug  4 2022 06:17:15  BuildStamp: freesurfer-linux-ubuntu22_x86_64-7.3.2-20220804-6354275  User: oesteban  Machine: dna055  Platform: Linux  PlatformVersion: 5.14.0-427.37.1.el9_4.x86_64  CompilerName: GCC  CompilerVersion: 8.4.0
ProgramName: mri_compute_overlap  ProgramArguments: mri_compute_overlap -all-info  ProgramVersion: 7.3.2  TimeStamp: 2026/04/04-13:27:07-GMT  BuildTime: Aug  4 2022 06:17:15  BuildStamp: freesurfer-linux-ubuntu22_x86_64-7.3.2-20220804-6354275  User: oesteban  Machine: dna055  Platform: Linux  PlatformVersion: 5.14.0-427.37.1.el9_4.x86_64  CompilerName: GCC  CompilerVersion: 8.4.0
ProgramName: mri_compute_seg_overlap  ProgramArguments: mri_compute_seg_overlap -all-info  ProgramVersion: 7.3.2  TimeStamp: 2026/04/04-13:27:07-GMT  BuildTime: Aug  4 2022 06:17:15  BuildStamp: freesurfer-linux-ubuntu22_x86_64-7.3.2-20220804-6354275  User: oesteban  Machine: dna055  Platform: Linux  PlatformVersion: 5.14.0-427.37.1.el9_4.x86_64  CompilerName: GCC  CompilerVersion: 8.4.0
ProgramName: mri_concat  ProgramArguments: mri_concat -all-info  ProgramVersion: 7.3.2  TimeStamp: 2026/04/04-13:27:07-GMT  BuildTime: Aug  4 2022 06:17:15  BuildStamp: freesurfer-linux-ubuntu22_x86_64-7.3.2-20220804-6354275  User: oesteban  Machine: dna055  Platform: Linux  PlatformVersion: 5.14.0-427.37.1.el9_4.x86_64  CompilerName: GCC  CompilerVersion: 8.4.0
ProgramName: mri_concatenate_lta  ProgramArguments: mri_concatenate_lta -all-info  ProgramVersion: 7.3.2  TimeStamp: 2026/04/04-13:27:07-GMT  BuildTime: Aug  4 2022 06:17:15  BuildStamp: freesurfer-linux-ubuntu22_x86_64-7.3.2-20220804-6354275  User: oesteban  Machine: dna055  Platform: Linux  PlatformVersion: 5.14.0-427.37.1.el9_4.x86_64  CompilerName: GCC  CompilerVersion: 8.4.0
mri_convert -all-info 
ProgramName: mri_convert  ProgramArguments: mri_convert -all-info  ProgramVersion: 7.3.2  TimeStamp: 2026/04/04-13:27:07-GMT  BuildTime: Aug  4 2022 06:17:15  BuildStamp: freesurfer-linux-ubuntu22_x86_64-7.3.2-20220804-6354275  User: oesteban  Machine: dna055  Platform: Linux  PlatformVersion: 5.14.0-427.37.1.el9_4.x86_64  CompilerName: GCC  CompilerVersion: 8.4.0
ProgramName: mri_diff  ProgramArguments: mri_diff -all-info  ProgramVersion: 7.3.2  TimeStamp: 2026/04/04-13:27:07-GMT  BuildTime: Aug  4 2022 06:17:15  BuildStamp: freesurfer-linux-ubuntu22_x86_64-7.3.2-20220804-6354275  User: oesteban  Machine: dna055  Platform: Linux  PlatformVersion: 5.14.0-427.37.1.el9_4.x86_64  CompilerName: GCC  CompilerVersion: 8.4.0
ProgramName: mri_edit_wm_with_aseg  ProgramArguments: mri_edit_wm_with_aseg -all-info  ProgramVersion: 7.3.2  TimeStamp: 2026/04/04-13:27:07-GMT  BuildTime: Aug  4 2022 06:17:15  BuildStamp: freesurfer-linux-ubuntu22_x86_64-7.3.2-20220804-6354275  User: oesteban  Machine: dna055  Platform: Linux  PlatformVersion: 5.14.0-427.37.1.el9_4.x86_64  CompilerName: GCC  CompilerVersion: 8.4.0
ProgramName: mri_em_register  ProgramArguments: mri_em_register -all-info  ProgramVersion: 7.3.2  TimeStamp: 2026/04/04-13:27:07-GMT  BuildTime: Aug  4 2022 06:17:15  BuildStamp: freesurfer-linux-ubuntu22_x86_64-7.3.2-20220804-6354275  User: oesteban  Machine: dna055  Platform: Linux  PlatformVersion: 5.14.0-427.37.1.el9_4.x86_64  CompilerName: GCC  CompilerVersion: 8.4.0
ProgramName: mri_fill  ProgramArguments: mri_fill -all-info  ProgramVersion: 7.3.2  TimeStamp: 2026/04/04-13:27:07-GMT  BuildTime: Aug  4 2022 06:17:15  BuildStamp: freesurfer-linux-ubuntu22_x86_64-7.3.2-20220804-6354275  User: oesteban  Machine: dna055  Platform: Linux  PlatformVersion: 5.14.0-427.37.1.el9_4.x86_64  CompilerName: GCC  CompilerVersion: 8.4.0
ProgramName: mri_fuse_segmentations  ProgramArguments: mri_fuse_segmentations -all-info  ProgramVersion: 7.3.2  TimeStamp: 2026/04/04-13:27:07-GMT  BuildTime: Aug  4 2022 06:17:15  BuildStamp: freesurfer-linux-ubuntu22_x86_64-7.3.2-20220804-6354275  User: oesteban  Machine: dna055  Platform: Linux  PlatformVersion: 5.14.0-427.37.1.el9_4.x86_64  CompilerName: GCC  CompilerVersion: 8.4.0
ProgramName: mri_fwhm  ProgramArguments: mri_fwhm -all-info  ProgramVersion: 7.3.2  TimeStamp: 2026/04/04-13:27:07-GMT  BuildTime: Aug  4 2022 06:17:15  BuildStamp: freesurfer-linux-ubuntu22_x86_64-7.3.2-20220804-6354275  User: oesteban  Machine: dna055  Platform: Linux  PlatformVersion: 5.14.0-427.37.1.el9_4.x86_64  CompilerName: GCC  CompilerVersion: 8.4.0
ProgramName: mri_gcut  ProgramArguments: mri_gcut -all-info  ProgramVersion: 7.3.2  TimeStamp: 2026/04/04-13:27:07-GMT  BuildTime: Aug  4 2022 06:17:15  BuildStamp: freesurfer-linux-ubuntu22_x86_64-7.3.2-20220804-6354275  User: oesteban  Machine: dna055  Platform: Linux  PlatformVersion: 5.14.0-427.37.1.el9_4.x86_64  CompilerName: GCC  CompilerVersion: 8.4.0
ProgramName: mri_info  ProgramArguments: mri_info -all-info  ProgramVersion: 7.3.2  TimeStamp: 2026/04/04-13:27:07-GMT  BuildTime: Aug  4 2022 06:17:15  BuildStamp: freesurfer-linux-ubuntu22_x86_64-7.3.2-20220804-6354275  User: oesteban  Machine: dna055  Platform: Linux  PlatformVersion: 5.14.0-427.37.1.el9_4.x86_64  CompilerName: GCC  CompilerVersion: 8.4.0
ProgramName: mri_label2label  ProgramArguments: mri_label2label -all-info  ProgramVersion: 7.3.2  TimeStamp: 2026/04/04-13:27:07-GMT  BuildTime: Aug  4 2022 06:17:15  BuildStamp: freesurfer-linux-ubuntu22_x86_64-7.3.2-20220804-6354275  User: oesteban  Machine: dna055  Platform: Linux  PlatformVersion: 5.14.0-427.37.1.el9_4.x86_64  CompilerName: GCC  CompilerVersion: 8.4.0
ProgramName: mri_label2vol  ProgramArguments: mri_label2vol -all-info  ProgramVersion: 7.3.2  TimeStamp: 2026/04/04-13:27:07-GMT  BuildTime: Aug  4 2022 06:17:15  BuildStamp: freesurfer-linux-ubuntu22_x86_64-7.3.2-20220804-6354275  User: oesteban  Machine: dna055  Platform: Linux  PlatformVersion: 5.14.0-427.37.1.el9_4.x86_64  CompilerName: GCC  CompilerVersion: 8.4.0
ProgramName: mri_log_likelihood  ProgramArguments: mri_log_likelihood -all-info  ProgramVersion: 7.3.2  TimeStamp: 2026/04/04-13:27:07-GMT  BuildTime: Aug  4 2022 06:17:15  BuildStamp: freesurfer-linux-ubuntu22_x86_64-7.3.2-20220804-6354275  User: oesteban  Machine: dna055  Platform: Linux  PlatformVersion: 5.14.0-427.37.1.el9_4.x86_64  CompilerName: GCC  CompilerVersion: 8.4.0
ProgramName: mri_mask  ProgramArguments: mri_mask -all-info  ProgramVersion: 7.3.2  TimeStamp: 2026/04/04-13:27:07-GMT  BuildTime: Aug  4 2022 06:17:15  BuildStamp: freesurfer-linux-ubuntu22_x86_64-7.3.2-20220804-6354275  User: oesteban  Machine: dna055  Platform: Linux  PlatformVersion: 5.14.0-427.37.1.el9_4.x86_64  CompilerName: GCC  CompilerVersion: 8.4.0
ProgramName: mri_matrix_multiply  ProgramArguments: mri_matrix_multiply -all-info  ProgramVersion: 7.3.2  TimeStamp: 2026/04/04-13:27:07-GMT  BuildTime: Aug  4 2022 06:17:15  BuildStamp: freesurfer-linux-ubuntu22_x86_64-7.3.2-20220804-6354275  User: oesteban  Machine: dna055  Platform: Linux  PlatformVersion: 5.14.0-427.37.1.el9_4.x86_64  CompilerName: GCC  CompilerVersion: 8.4.0
ProgramName: mri_normalize  ProgramArguments: mri_normalize -all-info  ProgramVersion: 7.3.2  TimeStamp: 2026/04/04-13:27:07-GMT  BuildTime: Aug  4 2022 06:17:15  BuildStamp: freesurfer-linux-ubuntu22_x86_64-7.3.2-20220804-6354275  User: oesteban  Machine: dna055  Platform: Linux  PlatformVersion: 5.14.0-427.37.1.el9_4.x86_64  CompilerName: GCC  CompilerVersion: 8.4.0
ProgramName: mri_normalize_tp2  ProgramArguments: mri_normalize_tp2 -all-info  ProgramVersion: 7.3.2  TimeStamp: 2026/04/04-13:27:07-GMT  BuildTime: Aug  4 2022 06:17:15  BuildStamp: freesurfer-linux-ubuntu22_x86_64-7.3.2-20220804-6354275  User: oesteban  Machine: dna055  Platform: Linux  PlatformVersion: 5.14.0-427.37.1.el9_4.x86_64  CompilerName: GCC  CompilerVersion: 8.4.0
ProgramName: mri_or  ProgramArguments: mri_or -all-info  ProgramVersion: 7.3.2  TimeStamp: 2026/04/04-13:27:07-GMT  BuildTime: Aug  4 2022 06:17:15  BuildStamp: freesurfer-linux-ubuntu22_x86_64-7.3.2-20220804-6354275  User: oesteban  Machine: dna055  Platform: Linux  PlatformVersion: 5.14.0-427.37.1.el9_4.x86_64  CompilerName: GCC  CompilerVersion: 8.4.0
ProgramName: mri_relabel_hypointensities  ProgramArguments: mri_relabel_hypointensities -all-info  ProgramVersion: 7.3.2  TimeStamp: 2026/04/04-13:27:07-GMT  BuildTime: Aug  4 2022 06:17:15  BuildStamp: freesurfer-linux-ubuntu22_x86_64-7.3.2-20220804-6354275  User: oesteban  Machine: dna055  Platform: Linux  PlatformVersion: 5.14.0-427.37.1.el9_4.x86_64  CompilerName: GCC  CompilerVersion: 8.4.0
ProgramName: mri_relabel_nonwm_hypos  ProgramArguments: mri_relabel_nonwm_hypos -all-info  ProgramVersion: 7.3.2  TimeStamp: 2026/04/04-13:27:07-GMT  BuildTime: Aug  4 2022 06:17:15  BuildStamp: freesurfer-linux-ubuntu22_x86_64-7.3.2-20220804-6354275  User: oesteban  Machine: dna055  Platform: Linux  PlatformVersion: 5.14.0-427.37.1.el9_4.x86_64  CompilerName: GCC  CompilerVersion: 8.4.0
ProgramName: mri_remove_neck  ProgramArguments: mri_remove_neck -all-info  ProgramVersion: 7.3.2  TimeStamp: 2026/04/04-13:27:07-GMT  BuildTime: Aug  4 2022 06:17:15  BuildStamp: freesurfer-linux-ubuntu22_x86_64-7.3.2-20220804-6354275  User: oesteban  Machine: dna055  Platform: Linux  PlatformVersion: 5.14.0-427.37.1.el9_4.x86_64  CompilerName: GCC  CompilerVersion: 8.4.0
7.3.2

ProgramName: mri_robust_register  ProgramArguments: mri_robust_register -all-info  ProgramVersion: 7.3.2  TimeStamp: 2026/04/04-13:27:07-GMT  BuildTime: Aug  4 2022 06:17:15  BuildStamp: freesurfer-linux-ubuntu22_x86_64-7.3.2-20220804-6354275  User: oesteban  Machine: dna055  Platform: Linux  PlatformVersion: 5.14.0-427.37.1.el9_4.x86_64  CompilerName: GCC  CompilerVersion: 8.4.0
7.3.2

ProgramName: mri_robust_template  ProgramArguments: mri_robust_template -all-info  ProgramVersion: 7.3.2  TimeStamp: 2026/04/04-13:27:07-GMT  BuildTime: Aug  4 2022 06:17:15  BuildStamp: freesurfer-linux-ubuntu22_x86_64-7.3.2-20220804-6354275  User: oesteban  Machine: dna055  Platform: Linux  PlatformVersion: 5.14.0-427.37.1.el9_4.x86_64  CompilerName: GCC  CompilerVersion: 8.4.0
ProgramName: mris_anatomical_stats  ProgramArguments: mris_anatomical_stats -all-info  ProgramVersion: 7.3.2  TimeStamp: 2026/04/04-13:27:07-GMT  BuildTime: Aug  4 2022 06:17:15  BuildStamp: freesurfer-linux-ubuntu22_x86_64-7.3.2-20220804-6354275  User: oesteban  Machine: dna055  Platform: Linux  PlatformVersion: 5.14.0-427.37.1.el9_4.x86_64  CompilerName: GCC  CompilerVersion: 8.4.0
ProgramName: mris_ca_label  ProgramArguments: mris_ca_label -all-info  ProgramVersion: 7.3.2  TimeStamp: 2026/04/04-13:27:07-GMT  BuildTime: Aug  4 2022 06:17:15  BuildStamp: freesurfer-linux-ubuntu22_x86_64-7.3.2-20220804-6354275  User: oesteban  Machine: dna055  Platform: Linux  PlatformVersion: 5.14.0-427.37.1.el9_4.x86_64  CompilerName: GCC  CompilerVersion: 8.4.0
ProgramName: mris_calc  ProgramArguments: mris_calc -all-info  ProgramVersion: 7.3.2  TimeStamp: 2026/04/04-13:27:07-GMT  BuildTime: Aug  4 2022 06:17:15  BuildStamp: freesurfer-linux-ubuntu22_x86_64-7.3.2-20220804-6354275  User: oesteban  Machine: dna055  Platform: Linux  PlatformVersion: 5.14.0-427.37.1.el9_4.x86_64  CompilerName: GCC  CompilerVersion: 8.4.0
ProgramName: mris_convert  ProgramArguments: mris_convert -all-info  ProgramVersion: 7.3.2  TimeStamp: 2026/04/04-13:27:07-GMT  BuildTime: Aug  4 2022 06:17:15  BuildStamp: freesurfer-linux-ubuntu22_x86_64-7.3.2-20220804-6354275  User: oesteban  Machine: dna055  Platform: Linux  PlatformVersion: 5.14.0-427.37.1.el9_4.x86_64  CompilerName: GCC  CompilerVersion: 8.4.0
ProgramName: mris_curvature  ProgramArguments: mris_curvature -all-info  ProgramVersion: 7.3.2  TimeStamp: 2026/04/04-13:27:07-GMT  BuildTime: Aug  4 2022 06:17:15  BuildStamp: freesurfer-linux-ubuntu22_x86_64-7.3.2-20220804-6354275  User: oesteban  Machine: dna055  Platform: Linux  PlatformVersion: 5.14.0-427.37.1.el9_4.x86_64  CompilerName: GCC  CompilerVersion: 8.4.0
ProgramName: mris_curvature_stats  ProgramArguments: mris_curvature_stats -all-info  ProgramVersion: 7.3.2  TimeStamp: 2026/04/04-13:27:07-GMT  BuildTime: Aug  4 2022 06:17:15  BuildStamp: freesurfer-linux-ubuntu22_x86_64-7.3.2-20220804-6354275  User: oesteban  Machine: dna055  Platform: Linux  PlatformVersion: 5.14.0-427.37.1.el9_4.x86_64  CompilerName: GCC  CompilerVersion: 8.4.0
ProgramName: mris_diff  ProgramArguments: mris_diff -all-info  ProgramVersion: 7.3.2  TimeStamp: 2026/04/04-13:27:07-GMT  BuildTime: Aug  4 2022 06:17:15  BuildStamp: freesurfer-linux-ubuntu22_x86_64-7.3.2-20220804-6354275  User: oesteban  Machine: dna055  Platform: Linux  PlatformVersion: 5.14.0-427.37.1.el9_4.x86_64  CompilerName: GCC  CompilerVersion: 8.4.0
ProgramName: mris_divide_parcellation  ProgramArguments: mris_divide_parcellation -all-info  ProgramVersion: 7.3.2  TimeStamp: 2026/04/04-13:27:07-GMT  BuildTime: Aug  4 2022 06:17:15  BuildStamp: freesurfer-linux-ubuntu22_x86_64-7.3.2-20220804-6354275  User: oesteban  Machine: dna055  Platform: Linux  PlatformVersion: 5.14.0-427.37.1.el9_4.x86_64  CompilerName: GCC  CompilerVersion: 8.4.0
ProgramName: mri_segment  ProgramArguments: mri_segment -all-info  ProgramVersion: 7.3.2  TimeStamp: 2026/04/04-13:27:07-GMT  BuildTime: Aug  4 2022 06:17:15  BuildStamp: freesurfer-linux-ubuntu22_x86_64-7.3.2-20220804-6354275  User: oesteban  Machine: dna055  Platform: Linux  PlatformVersion: 5.14.0-427.37.1.el9_4.x86_64  CompilerName: GCC  CompilerVersion: 8.4.0
ProgramName: mri_segstats  ProgramArguments: mri_segstats -all-info  ProgramVersion: 7.3.2  TimeStamp: 2026/04/04-13:27:07-GMT  BuildTime: Aug  4 2022 06:17:15  BuildStamp: freesurfer-linux-ubuntu22_x86_64-7.3.2-20220804-6354275  User: oesteban  Machine: dna055  Platform: Linux  PlatformVersion: 5.14.0-427.37.1.el9_4.x86_64  CompilerName: GCC  CompilerVersion: 8.4.0
ProgramName: mris_euler_number  ProgramArguments: mris_euler_number -all-info  ProgramVersion: 7.3.2  TimeStamp: 2026/04/04-13:27:07-GMT  BuildTime: Aug  4 2022 06:17:15  BuildStamp: freesurfer-linux-ubuntu22_x86_64-7.3.2-20220804-6354275  User: oesteban  Machine: dna055  Platform: Linux  PlatformVersion: 5.14.0-427.37.1.el9_4.x86_64  CompilerName: GCC  CompilerVersion: 8.4.0
ProgramName: mris_fix_topology  ProgramArguments: mris_fix_topology -all-info  ProgramVersion: 7.3.2  TimeStamp: 2026/04/04-13:27:07-GMT  BuildTime: Aug  4 2022 06:17:15  BuildStamp: freesurfer-linux-ubuntu22_x86_64-7.3.2-20220804-6354275  User: oesteban  Machine: dna055  Platform: Linux  PlatformVersion: 5.14.0-427.37.1.el9_4.x86_64  CompilerName: GCC  CompilerVersion: 8.4.0
ProgramName: mris_topo_fixer  ProgramArguments: mris_topo_fixer -all-info  ProgramVersion: 7.3.2  TimeStamp: 2026/04/04-13:27:07-GMT  BuildTime: Aug  4 2022 06:17:15  BuildStamp: freesurfer-linux-ubuntu22_x86_64-7.3.2-20220804-6354275  User: oesteban  Machine: dna055  Platform: Linux  PlatformVersion: 5.14.0-427.37.1.el9_4.x86_64  CompilerName: GCC  CompilerVersion: 8.4.0
ProgramName: mris_jacobian  ProgramArguments: mris_jacobian -all-info  ProgramVersion: 7.3.2  TimeStamp: 2026/04/04-13:27:07-GMT  BuildTime: Aug  4 2022 06:17:15  BuildStamp: freesurfer-linux-ubuntu22_x86_64-7.3.2-20220804-6354275  User: oesteban  Machine: dna055  Platform: Linux  PlatformVersion: 5.14.0-427.37.1.el9_4.x86_64  CompilerName: GCC  CompilerVersion: 8.4.0
ProgramName: mris_label2annot  ProgramArguments: mris_label2annot -all-info  ProgramVersion: 7.3.2  TimeStamp: 2026/04/04-13:27:07-GMT  BuildTime: Aug  4 2022 06:17:15  BuildStamp: freesurfer-linux-ubuntu22_x86_64-7.3.2-20220804-6354275  User: oesteban  Machine: dna055  Platform: Linux  PlatformVersion: 5.14.0-427.37.1.el9_4.x86_64  CompilerName: GCC  CompilerVersion: 8.4.0
ProgramName: mris_left_right_register  ProgramArguments: mris_left_right_register -all-info  ProgramVersion: 7.3.2  TimeStamp: 2026/04/04-13:27:07-GMT  BuildTime: Aug  4 2022 06:17:15  BuildStamp: freesurfer-linux-ubuntu22_x86_64-7.3.2-20220804-6354275  User: oesteban  Machine: dna055  Platform: Linux  PlatformVersion: 5.14.0-427.37.1.el9_4.x86_64  CompilerName: GCC  CompilerVersion: 8.4.0
ProgramName: mris_place_surface  ProgramArguments: mris_place_surface -all-info  ProgramVersion: 7.3.2  TimeStamp: 2026/04/04-13:27:07-GMT  BuildTime: Aug  4 2022 06:17:15  BuildStamp: freesurfer-linux-ubuntu22_x86_64-7.3.2-20220804-6354275  User: oesteban  Machine: dna055  Platform: Linux  PlatformVersion: 5.14.0-427.37.1.el9_4.x86_64  CompilerName: GCC  CompilerVersion: 8.4.0
ProgramName: mrisp_paint  ProgramArguments: mrisp_paint -all-info  ProgramVersion: 7.3.2  TimeStamp: 2026/04/04-13:27:07-GMT  BuildTime: Aug  4 2022 06:17:15  BuildStamp: freesurfer-linux-ubuntu22_x86_64-7.3.2-20220804-6354275  User: oesteban  Machine: dna055  Platform: Linux  PlatformVersion: 5.14.0-427.37.1.el9_4.x86_64  CompilerName: GCC  CompilerVersion: 8.4.0
ProgramName: mris_register  ProgramArguments: mris_register -all-info  ProgramVersion: 7.3.2  TimeStamp: 2026/04/04-13:27:07-GMT  BuildTime: Aug  4 2022 06:17:15  BuildStamp: freesurfer-linux-ubuntu22_x86_64-7.3.2-20220804-6354275  User: oesteban  Machine: dna055  Platform: Linux  PlatformVersion: 5.14.0-427.37.1.el9_4.x86_64  CompilerName: GCC  CompilerVersion: 8.4.0
ProgramName: mris_smooth  ProgramArguments: mris_smooth -all-info  ProgramVersion: 7.3.2  TimeStamp: 2026/04/04-13:27:07-GMT  BuildTime: Aug  4 2022 06:17:15  BuildStamp: freesurfer-linux-ubuntu22_x86_64-7.3.2-20220804-6354275  User: oesteban  Machine: dna055  Platform: Linux  PlatformVersion: 5.14.0-427.37.1.el9_4.x86_64  CompilerName: GCC  CompilerVersion: 8.4.0
ProgramName: mris_sphere  ProgramArguments: mris_sphere -all-info  ProgramVersion: 7.3.2  TimeStamp: 2026/04/04-13:27:07-GMT  BuildTime: Aug  4 2022 06:17:15  BuildStamp: freesurfer-linux-ubuntu22_x86_64-7.3.2-20220804-6354275  User: oesteban  Machine: dna055  Platform: Linux  PlatformVersion: 5.14.0-427.37.1.el9_4.x86_64  CompilerName: GCC  CompilerVersion: 8.4.0
ProgramName: mris_surface_stats  ProgramArguments: mris_surface_stats -all-info  ProgramVersion: 7.3.2  TimeStamp: 2026/04/04-13:27:07-GMT  BuildTime: Aug  4 2022 06:17:15  BuildStamp: freesurfer-linux-ubuntu22_x86_64-7.3.2-20220804-6354275  User: oesteban  Machine: dna055  Platform: Linux  PlatformVersion: 5.14.0-427.37.1.el9_4.x86_64  CompilerName: GCC  CompilerVersion: 8.4.0
ProgramName: mri_stats2seg  ProgramArguments: mri_stats2seg -all-info  ProgramVersion: 7.3.2  TimeStamp: 2026/04/04-13:27:07-GMT  BuildTime: Aug  4 2022 06:17:15  BuildStamp: freesurfer-linux-ubuntu22_x86_64-7.3.2-20220804-6354275  User: oesteban  Machine: dna055  Platform: Linux  PlatformVersion: 5.14.0-427.37.1.el9_4.x86_64  CompilerName: GCC  CompilerVersion: 8.4.0
ProgramName: mris_thickness  ProgramArguments: mris_thickness -all-info  ProgramVersion: 7.3.2  TimeStamp: 2026/04/04-13:27:07-GMT  BuildTime: Aug  4 2022 06:17:15  BuildStamp: freesurfer-linux-ubuntu22_x86_64-7.3.2-20220804-6354275  User: oesteban  Machine: dna055  Platform: Linux  PlatformVersion: 5.14.0-427.37.1.el9_4.x86_64  CompilerName: GCC  CompilerVersion: 8.4.0
ProgramName: mris_thickness_diff  ProgramArguments: mris_thickness_diff -all-info  ProgramVersion: 7.3.2  TimeStamp: 2026/04/04-13:27:07-GMT  BuildTime: Aug  4 2022 06:17:15  BuildStamp: freesurfer-linux-ubuntu22_x86_64-7.3.2-20220804-6354275  User: oesteban  Machine: dna055  Platform: Linux  PlatformVersion: 5.14.0-427.37.1.el9_4.x86_64  CompilerName: GCC  CompilerVersion: 8.4.0
ProgramName: mris_topo_fixer  ProgramArguments: mris_topo_fixer -all-info  ProgramVersion: 7.3.2  TimeStamp: 2026/04/04-13:27:07-GMT  BuildTime: Aug  4 2022 06:17:15  BuildStamp: freesurfer-linux-ubuntu22_x86_64-7.3.2-20220804-6354275  User: oesteban  Machine: dna055  Platform: Linux  PlatformVersion: 5.14.0-427.37.1.el9_4.x86_64  CompilerName: GCC  CompilerVersion: 8.4.0
ProgramName: mri_surf2surf  ProgramArguments: mri_surf2surf -all-info  ProgramVersion: 7.3.2  TimeStamp: 2026/04/04-13:27:07-GMT  BuildTime: Aug  4 2022 06:17:15  BuildStamp: freesurfer-linux-ubuntu22_x86_64-7.3.2-20220804-6354275  User: oesteban  Machine: dna055  Platform: Linux  PlatformVersion: 5.14.0-427.37.1.el9_4.x86_64  CompilerName: GCC  CompilerVersion: 8.4.0
ProgramName: mri_surf2vol  ProgramArguments: mri_surf2vol -all-info  ProgramVersion: 7.3.2  TimeStamp: 2026/04/04-13:27:07-GMT  BuildTime: Aug  4 2022 06:17:15  BuildStamp: freesurfer-linux-ubuntu22_x86_64-7.3.2-20220804-6354275  User: oesteban  Machine: dna055  Platform: Linux  PlatformVersion: 5.14.0-427.37.1.el9_4.x86_64  CompilerName: GCC  CompilerVersion: 8.4.0
ProgramName: mri_surfcluster  ProgramArguments: mri_surfcluster -all-info  ProgramVersion: 7.3.2  TimeStamp: 2026/04/04-13:27:07-GMT  BuildTime: Aug  4 2022 06:17:15  BuildStamp: freesurfer-linux-ubuntu22_x86_64-7.3.2-20220804-6354275  User: oesteban  Machine: dna055  Platform: Linux  PlatformVersion: 5.14.0-427.37.1.el9_4.x86_64  CompilerName: GCC  CompilerVersion: 8.4.0
ProgramName: mris_volmask  ProgramArguments: mris_volmask -all-info  ProgramVersion: 7.3.2  TimeStamp: 2026/04/04-13:27:07-GMT  BuildTime: Aug  4 2022 06:17:15  BuildStamp: freesurfer-linux-ubuntu22_x86_64-7.3.2-20220804-6354275  User: oesteban  Machine: dna055  Platform: Linux  PlatformVersion: 5.14.0-427.37.1.el9_4.x86_64  CompilerName: GCC  CompilerVersion: 8.4.0
ProgramName: mri_tessellate  ProgramArguments: mri_tessellate -all-info  ProgramVersion: 7.3.2  TimeStamp: 2026/04/04-13:27:07-GMT  BuildTime: Aug  4 2022 06:17:15  BuildStamp: freesurfer-linux-ubuntu22_x86_64-7.3.2-20220804-6354275  User: oesteban  Machine: dna055  Platform: Linux  PlatformVersion: 5.14.0-427.37.1.el9_4.x86_64  CompilerName: GCC  CompilerVersion: 8.4.0
ProgramName: mri_vol2surf  ProgramArguments: mri_vol2surf -all-info  ProgramVersion: 7.3.2  TimeStamp: 2026/04/04-13:27:07-GMT  BuildTime: Aug  4 2022 06:17:15  BuildStamp: freesurfer-linux-ubuntu22_x86_64-7.3.2-20220804-6354275  User: oesteban  Machine: dna055  Platform: Linux  PlatformVersion: 5.14.0-427.37.1.el9_4.x86_64  CompilerName: GCC  CompilerVersion: 8.4.0
ProgramName: mri_vol2vol  ProgramArguments: mri_vol2vol -all-info  ProgramVersion: 7.3.2  TimeStamp: 2026/04/04-13:27:07-GMT  BuildTime: Aug  4 2022 06:17:15  BuildStamp: freesurfer-linux-ubuntu22_x86_64-7.3.2-20220804-6354275  User: oesteban  Machine: dna055  Platform: Linux  PlatformVersion: 5.14.0-427.37.1.el9_4.x86_64  CompilerName: GCC  CompilerVersion: 8.4.0
ProgramName: mri_voldiff  ProgramArguments: mri_voldiff -all-info  ProgramVersion: 7.3.2  TimeStamp: 2026/04/04-13:27:07-GMT  BuildTime: Aug  4 2022 06:17:15  BuildStamp: freesurfer-linux-ubuntu22_x86_64-7.3.2-20220804-6354275  User: oesteban  Machine: dna055  Platform: Linux  PlatformVersion: 5.14.0-427.37.1.el9_4.x86_64  CompilerName: GCC  CompilerVersion: 8.4.0
ProgramName: mri_watershed  ProgramArguments: mri_watershed -all-info  ProgramVersion: 7.3.2  TimeStamp: 2026/04/04-13:27:07-GMT  BuildTime: Aug  4 2022 06:17:15  BuildStamp: freesurfer-linux-ubuntu22_x86_64-7.3.2-20220804-6354275  User: oesteban  Machine: dna055  Platform: Linux  PlatformVersion: 5.14.0-427.37.1.el9_4.x86_64  CompilerName: GCC  CompilerVersion: 8.4.0
ProgramName: tkregister2  ProgramArguments: tkregister2_cmdl -all-info  ProgramVersion: 7.3.2  TimeStamp: 2026/04/04-13:27:07-GMT  BuildTime: Aug  4 2022 06:17:15  BuildStamp: freesurfer-linux-ubuntu22_x86_64-7.3.2-20220804-6354275  User: oesteban  Machine: dna055  Platform: Linux  PlatformVersion: 5.14.0-427.37.1.el9_4.x86_64  CompilerName: GCC  CompilerVersion: 8.4.0
mri_motion_correct.fsl 7.3.2
mri_convert -all-info 
ProgramName: mri_convert  ProgramArguments: mri_convert -all-info  ProgramVersion: 7.3.2  TimeStamp: 2026/04/04-13:27:07-GMT  BuildTime: Aug  4 2022 06:17:15  BuildStamp: freesurfer-linux-ubuntu22_x86_64-7.3.2-20220804-6354275  User: oesteban  Machine: dna055  Platform: Linux  PlatformVersion: 5.14.0-427.37.1.el9_4.x86_64  CompilerName: GCC  CompilerVersion: 8.4.0
Program nu_correct, built from:
Package MNI N3, version 1.12.0, compiled by nicks@terrier (x86_64-unknown-linux-gnu) on 2015-06-19 at 01:25:34
#######################################
GCADIR /opt/freesurfer/average
GCA RB_all_2020-01-02.gca
GCASkull RB_all_withskull_2020_01_02.gca
AvgCurvTif folding.atlas.acfb40.noaparc.i12.2016-08-02.tif
GCSDIR /opt/freesurfer/average
GCS DKaparc.atlas.acfb40.noaparc.i12.2016-08-02.gcs
#######################################
#--------------------------------------------
#@# AutoDetGWStats rh Sat Apr  4 15:27:07 CEST 2026
cd /out/sourcedata/freesurfer/sub-v1s13x0050005_ses-1/mri
mris_autodet_gwstats --o ../surf/autodet.gw.stats.rh.dat --i brain.finalsurfs.mgz --wm wm.mgz --surf ../surf/rh.orig.premesh
  Update not needed
#--------------------------------------------
#@# WhitePreAparc rh Sat Apr  4 15:27:07 CEST 2026
cd /out/sourcedata/freesurfer/sub-v1s13x0050005_ses-1/mri
mris_place_surface --adgws-in ../surf/autodet.gw.stats.rh.dat --wm wm.mgz --threads 16 --invol brain.finalsurfs.mgz --rh --i ../surf/rh.orig --o ../surf/rh.white.preaparc --white --seg aseg.presurf.mgz --nsmooth 5
   Update not needed
#--------------------------------------------
#@# CortexLabel rh Sat Apr  4 15:27:07 CEST 2026
cd /out/sourcedata/freesurfer/sub-v1s13x0050005_ses-1/mri
mri_label2label --label-cortex ../surf/rh.white.preaparc aseg.presurf.mgz 0 ../label/rh.cortex.label
   Update not needed
#--------------------------------------------
#@# CortexLabel+HipAmyg rh Sat Apr  4 15:27:07 CEST 2026
cd /out/sourcedata/freesurfer/sub-v1s13x0050005_ses-1/mri
mri_label2label --label-cortex ../surf/rh.white.preaparc aseg.presurf.mgz 1 ../label/rh.cortex+hipamyg.label
   Update not needed
#@# white curv rh Sat Apr  4 15:27:07 CEST 2026
cd /out/sourcedata/freesurfer/sub-v1s13x0050005_ses-1/mri
mris_place_surface --curv-map ../surf/rh.white 2 10 ../surf/rh.curv
   Update not needed
#@# white area rh Sat Apr  4 15:27:07 CEST 2026
cd /out/sourcedata/freesurfer/sub-v1s13x0050005_ses-1/mri
mris_place_surface --area-map ../surf/rh.white ../surf/rh.area
   Update not needed
#@# pial curv rh Sat Apr  4 15:27:07 CEST 2026
cd /out/sourcedata/freesurfer/sub-v1s13x0050005_ses-1/mri
mris_place_surface --curv-map ../surf/rh.pial 2 10 ../surf/rh.curv.pial
   Update not needed
#@# pial area rh Sat Apr  4 15:27:07 CEST 2026
cd /out/sourcedata/freesurfer/sub-v1s13x0050005_ses-1/mri
mris_place_surface --area-map ../surf/rh.pial ../surf/rh.area.pial
   Update not needed
#@# thickness rh Sat Apr  4 15:27:07 CEST 2026
cd /out/sourcedata/freesurfer/sub-v1s13x0050005_ses-1/mri
mris_place_surface --thickness ../surf/rh.white ../surf/rh.pial 20 5 ../surf/rh.thickness
   Update not needed
#@# area and vertex vol rh Sat Apr  4 15:27:07 CEST 2026
cd /out/sourcedata/freesurfer/sub-v1s13x0050005_ses-1/mri
mris_place_surface --thickness ../surf/rh.white ../surf/rh.pial 20 5 ../surf/rh.thickness
   Update not needed
#-----------------------------------------
#@# Parcellation Stats rh Sat Apr  4 15:27:07 CEST 2026
/out/sourcedata/freesurfer/sub-v1s13x0050005_ses-1/scripts

 mris_anatomical_stats -th3 -mgz -noglobal -cortex ../label/rh.cortex.label -f ../stats/rh.aparc.stats -b -a ../label/rh.aparc.annot -c ../label/aparc.annot.ctab sub-v1s13x0050005_ses-1 rh white 

computing statistics for each annotation in ../label/rh.aparc.annot.
reading volume /out/sourcedata/freesurfer/sub-v1s13x0050005_ses-1/mri/wm.mgz...
reading input surface /out/sourcedata/freesurfer/sub-v1s13x0050005_ses-1/surf/rh.white...
reading input pial surface /out/sourcedata/freesurfer/sub-v1s13x0050005_ses-1/surf/rh.pial...
reading input white surface /out/sourcedata/freesurfer/sub-v1s13x0050005_ses-1/surf/rh.white...
INFO: using TH3 volume calc
INFO: assuming MGZ format for volumes.
INFO: not computing global stats
INFO: using ../label/rh.cortex.label as mask to calc cortex NumVert, SurfArea and MeanThickness.
Using TH3 vertex volume calc
Total face volume 258037
Total vertex volume 257823 (mask=0)
Saving annotation colortable ../label/aparc.annot.ctab

table columns are:
    number of vertices
    total surface area (mm^2)
    total gray matter volume (mm^3)
    average cortical thickness +- standard deviation (mm)
    integrated rectified mean curvature
    integrated rectified Gaussian curvature
    folding index
    intrinsic curvature index
    structure name

 1529   1010   2980  2.865 0.511     0.090     0.015        8     0.9  bankssts
 1053    669   1936  2.415 0.912     0.112     0.014       11     0.6  caudalanteriorcingulate
 3373   2402   7346  2.763 0.530     0.109     0.019       28     2.7  caudalmiddlefrontal
 2154   1417   2501  1.692 0.430     0.127     0.021       24     2.1  cuneus
  511    342   1822  3.491 0.675     0.107     0.039        5     0.7  entorhinal
 4601   3334  10052  2.782 0.780     0.124     0.028       53     5.4  fusiform
 7443   5433  16026  2.575 0.658     0.126     0.024       84     7.2  inferiorparietal
 4071   2885   9536  2.797 0.693     0.128     0.026       51     4.5  inferiortemporal
 1246    860   2460  2.428 0.938     0.116     0.026       15     1.1  isthmuscingulate
 7421   5179  11174  2.047 0.608     0.143     0.031       92    10.1  lateraloccipital
 3658   2691   7937  2.827 0.827     0.139     0.034       59     5.2  lateralorbitofrontal
 3521   2423   4662  1.809 0.576     0.124     0.028       35     4.3  lingual
 3240   2215   6237  2.527 0.890     0.123     0.032       40     4.3  medialorbitofrontal
 5144   3679  14325  3.057 0.764     0.113     0.019       51     4.3  middletemporal
 1189    754   2031  2.335 0.654     0.077     0.021       11     0.9  parahippocampal
 2446   1426   4099  2.600 0.591     0.101     0.020       20     2.1  paracentral
 1982   1346   4084  2.742 0.561     0.103     0.018       16     1.3  parsopercularis
 1171    823   3470  3.223 0.603     0.113     0.023       13     1.1  parsorbitalis
 2301   1631   5849  2.998 0.617     0.112     0.023       22     2.1  parstriangularis
 1659   1100   1389  1.393 0.335     0.118     0.028       16     1.8  pericalcarine
 6065   3973  10719  2.285 0.751     0.104     0.020       49     5.0  postcentral
 1797   1280   3699  2.645 0.932     0.129     0.024       22     1.9  posteriorcingulate
 7717   5060  15025  2.603 0.679     0.101     0.018       55     5.9  precentral
 5672   3894  11316  2.646 0.619     0.113     0.021       50     4.8  precuneus
  754    559   1696  2.595 0.711     0.142     0.033        9     1.1  rostralanteriorcingulate
 7186   5500  18333  2.655 0.754     0.135     0.030      102     9.3  rostralmiddlefrontal
10945   7907  28325  3.011 0.678     0.122     0.025      108    11.8  superiorfrontal
 6926   4783  12314  2.314 0.625     0.122     0.024       66     6.9  superiorparietal
 6152   4160  14651  3.001 0.751     0.095     0.016       44     4.4  superiortemporal
 4761   3440  10752  2.750 0.602     0.110     0.020       45     4.2  supramarginal
  408    317   1352  2.886 0.830     0.168     0.049        8     0.8  frontalpole
  608    422   2327  3.534 0.914     0.117     0.022        6     0.6  temporalpole
  642    409    933  1.997 0.502     0.139     0.052       13     1.3  transversetemporal
 3639   2515   6468  2.776 0.795     0.113     0.025       29     3.6  insula

 mris_anatomical_stats -th3 -mgz -noglobal -cortex ../label/rh.cortex.label -f ../stats/rh.aparc.pial.stats -b -a ../label/rh.aparc.annot -c ../label/aparc.annot.ctab sub-v1s13x0050005_ses-1 rh pial 

computing statistics for each annotation in ../label/rh.aparc.annot.
reading volume /out/sourcedata/freesurfer/sub-v1s13x0050005_ses-1/mri/wm.mgz...
reading input surface /out/sourcedata/freesurfer/sub-v1s13x0050005_ses-1/surf/rh.pial...
reading input pial surface /out/sourcedata/freesurfer/sub-v1s13x0050005_ses-1/surf/rh.pial...
reading input white surface /out/sourcedata/freesurfer/sub-v1s13x0050005_ses-1/surf/rh.white...
INFO: using TH3 volume calc
INFO: assuming MGZ format for volumes.
INFO: not computing global stats
INFO: using ../label/rh.cortex.label as mask to calc cortex NumVert, SurfArea and MeanThickness.
Using TH3 vertex volume calc
Total face volume 258037
Total vertex volume 257823 (mask=0)
Saving annotation colortable ../label/aparc.annot.ctab

table columns are:
    number of vertices
    total surface area (mm^2)
    total gray matter volume (mm^3)
    average cortical thickness +- standard deviation (mm)
    integrated rectified mean curvature
    integrated rectified Gaussian curvature
    folding index
    intrinsic curvature index
    structure name

 1529   1057   2980  2.865 0.511     0.133     0.036       29     2.2  bankssts
 1053    874   1936  2.415 0.912     0.166     0.049       49     2.0  caudalanteriorcingulate
 3373   2730   7346  2.763 0.530     0.124     0.025       36     3.5  caudalmiddlefrontal
 2154   1709   2501  1.692 0.430     0.130     0.028       32     2.6  cuneus
  511    775   1822  3.491 0.675     0.342     0.089       22     2.4  entorhinal
 4601   4038  10052  2.782 0.780     0.152     0.043      166     7.2  fusiform
 7443   6869  16026  2.575 0.658     0.147     0.029      155     9.3  inferiorparietal
 4071   3752   9536  2.797 0.693     0.157     0.042      144     7.4  inferiortemporal
 1246   1168   2460  2.428 0.938     0.189     0.062       37     3.1  isthmuscingulate
 7421   5988  11174  2.047 0.608     0.131     0.032      340     9.7  lateraloccipital
 3658   2971   7937  2.827 0.827     0.163     0.047      180     7.5  lateralorbitofrontal
 3521   2913   4662  1.809 0.576     0.140     0.038       76     5.7  lingual
 3240   2903   6237  2.527 0.890     0.167     0.053       88     6.4  medialorbitofrontal
 5144   5479  14325  3.057 0.764     0.159     0.033      300     6.6  middletemporal
 1189    974   2031  2.335 0.654     0.161     0.044       37     2.7  parahippocampal
 2446   1751   4099  2.600 0.591     0.108     0.038       36     2.3  paracentral
 1982   1593   4084  2.742 0.561     0.138     0.031       27     2.8  parsopercularis
 1171   1310   3470  3.223 0.603     0.159     0.031       12     1.6  parsorbitalis
 2301   2185   5849  2.998 0.617     0.155     0.035       32     3.5  parstriangularis
 1659   1014   1389  1.393 0.335     0.108     0.029       23     1.8  pericalcarine
 6065   5302  10719  2.285 0.751     0.124     0.023       53     5.9  postcentral
 1797   1530   3699  2.645 0.932     0.151     0.037       57     2.9  posteriorcingulate
 7717   6176  15025  2.603 0.679     0.117     0.021       77     7.4  precentral
 5672   4554  11316  2.646 0.619     0.141     0.032      146     7.5  precuneus
  754    758   1696  2.595 0.711     0.187     0.048       12     1.7  rostralanteriorcingulate
 7186   7935  18333  2.655 0.754     0.187     0.040      198    12.2  rostralmiddlefrontal
10945  10445  28325  3.011 0.678     0.153     0.034      178    15.3  superiorfrontal
 6926   5716  12314  2.314 0.625     0.137     0.030      106     8.7  superiorparietal
 6152   5444  14651  3.001 0.751     0.151     0.036      121     9.7  superiortemporal
 4761   4168  10752  2.750 0.602     0.135     0.030       69     5.6  supramarginal
  408    596   1352  2.886 0.830     0.220     0.036        6     0.8  frontalpole
  608    842   2327  3.534 0.914     0.211     0.045       13     1.2  temporalpole
  642    565    933  1.997 0.502     0.154     0.052        9     1.1  transversetemporal
 3639   2358   6468  2.776 0.795     0.158     0.053       88     9.0  insula
#-----------------------------------------
#@# Parcellation Stats 2 rh Sat Apr  4 15:27:23 CEST 2026
/out/sourcedata/freesurfer/sub-v1s13x0050005_ses-1/scripts

 mris_anatomical_stats -th3 -mgz -noglobal -cortex ../label/rh.cortex.label -f ../stats/rh.aparc.a2009s.stats -b -a ../label/rh.aparc.a2009s.annot -c ../label/aparc.annot.a2009s.ctab sub-v1s13x0050005_ses-1 rh white 

computing statistics for each annotation in ../label/rh.aparc.a2009s.annot.
reading volume /out/sourcedata/freesurfer/sub-v1s13x0050005_ses-1/mri/wm.mgz...
reading input surface /out/sourcedata/freesurfer/sub-v1s13x0050005_ses-1/surf/rh.white...
reading input pial surface /out/sourcedata/freesurfer/sub-v1s13x0050005_ses-1/surf/rh.pial...
reading input white surface /out/sourcedata/freesurfer/sub-v1s13x0050005_ses-1/surf/rh.white...
INFO: using TH3 volume calc
INFO: assuming MGZ format for volumes.
INFO: not computing global stats
INFO: using ../label/rh.cortex.label as mask to calc cortex NumVert, SurfArea and MeanThickness.
Using TH3 vertex volume calc
Total face volume 258037
Total vertex volume 257823 (mask=0)
Saving annotation colortable ../label/aparc.annot.a2009s.ctab

table columns are:
    number of vertices
    total surface area (mm^2)
    total gray matter volume (mm^3)
    average cortical thickness +- standard deviation (mm)
    integrated rectified mean curvature
    integrated rectified Gaussian curvature
    folding index
    intrinsic curvature index
    structure name

  984    697   2417  2.723 0.854     0.143     0.036       18     1.3  G_and_S_frontomargin
 1426   1041   2702  2.301 0.639     0.141     0.024       20     1.4  G_and_S_occipital_inf
 1414    819   2294  2.309 0.576     0.106     0.022       11     1.3  G_and_S_paracentral
 1609   1121   3479  2.744 0.597     0.121     0.023       15     1.5  G_and_S_subcentral
  997    822   3542  2.982 0.776     0.157     0.039       18     1.9  G_and_S_transv_frontopol
 3293   2416   7321  2.865 0.638     0.126     0.027       31     3.8  G_and_S_cingul-Ant
 1492    999   3117  2.962 0.659     0.108     0.019       12     1.2  G_and_S_cingul-Mid-Ant
 1367    986   2810  2.929 0.709     0.116     0.023       12     1.3  G_and_S_cingul-Mid-Post
  496    351   1552  3.295 0.709     0.156     0.041        9     0.7  G_cingul-Post-dorsal
  229    157    681  2.915 0.908     0.132     0.033        3     0.2  G_cingul-Post-ventral
 1985   1265   2352  1.681 0.455     0.126     0.023       22     2.1  G_cuneus
 1423    981   3891  2.885 0.617     0.108     0.021       16     1.1  G_front_inf-Opercular
  497    352   1689  3.420 0.550     0.118     0.025        6     0.5  G_front_inf-Orbital
 1024    759   3404  3.274 0.551     0.133     0.033       14     1.4  G_front_inf-Triangul
 3306   2651  11113  2.967 0.642     0.147     0.033       60     4.5  G_front_middle
 6833   4892  20766  3.171 0.714     0.132     0.028       85     8.0  G_front_sup
  661    475   1274  2.680 0.795     0.150     0.038        9     1.0  G_Ins_lg_and_S_cent_ins
  852    626   1939  2.792 0.976     0.132     0.035       10     1.3  G_insular_short
 2346   1727   5007  2.364 0.666     0.153     0.034       33     3.4  G_occipital_middle
 1539   1003   2141  1.878 0.624     0.123     0.024       16     1.7  G_occipital_sup
 2427   1738   5856  2.877 0.833     0.135     0.035       37     3.5  G_oc-temp_lat-fusifor
 1955   1374   2721  1.686 0.613     0.130     0.031       22     2.4  G_oc-temp_med-Lingual
 1105    702   3018  2.993 0.793     0.101     0.036       15     1.4  G_oc-temp_med-Parahip
 2351   1781   6622  2.973 0.803     0.142     0.037       36     3.5  G_orbital
 2904   2174   8285  2.864 0.685     0.142     0.029       46     3.7  G_pariet_inf-Angular
 2196   1679   6810  2.984 0.651     0.130     0.026       31     2.4  G_pariet_inf-Supramar
 2332   1703   5665  2.540 0.640     0.141     0.030       31     3.0  G_parietal_sup
 2160   1395   4739  2.544 0.710     0.118     0.025       25     2.3  G_postcentral
 2842   1807   7071  2.853 0.684     0.113     0.022       28     2.7  G_precentral
 2329   1613   6328  2.831 0.614     0.131     0.029       31     2.7  G_precuneus
 1071    687   2293  2.506 0.808     0.125     0.039       14     1.9  G_rectus
  777    503    868  1.714 0.709     0.142     0.055       24     1.7  G_subcallosal
  494    295    792  2.107 0.617     0.131     0.051       10     0.9  G_temp_sup-G_T_transv
 2195   1478   6873  3.375 0.685     0.114     0.021       26     1.9  G_temp_sup-Lateral
  703    479   1712  3.052 0.776     0.091     0.019        4     0.5  G_temp_sup-Plan_polar
  915    625   1920  2.769 0.649     0.062     0.009        2     0.3  G_temp_sup-Plan_tempo
 2028   1431   5782  2.848 0.830     0.131     0.030       32     2.4  G_temporal_inf
 3054   2227  10307  3.222 0.736     0.127     0.022       40     2.9  G_temporal_middle
  451    289    668  2.705 0.456     0.082     0.012        2     0.2  Lat_Fis-ant-Horizont
  302    208    456  2.575 0.462     0.087     0.007        1     0.1  Lat_Fis-ant-Vertical
 1566   1034   2112  2.423 0.554     0.095     0.016        8     1.0  Lat_Fis-post
 3264   2199   4331  1.808 0.529     0.141     0.036       41     5.1  Pole_occipital
 1533   1108   5756  3.483 0.762     0.121     0.026       18     1.6  Pole_temporal
 1731   1185   2075  1.907 0.850     0.113     0.024       15     1.6  S_calcarine
 3211   2067   3631  1.931 0.663     0.094     0.016       16     2.2  S_central
 1335    897   2039  2.340 0.547     0.095     0.015        7     0.8  S_cingul-Marginalis
  611    400   1029  3.099 0.443     0.082     0.012        2     0.3  S_circular_insula_ant
 1416    971   1988  2.619 0.750     0.095     0.018        7     1.3  S_circular_insula_inf
 1517   1012   2209  2.664 0.575     0.090     0.014        6     1.0  S_circular_insula_sup
  834    608   1298  2.713 0.522     0.124     0.024        7     0.8  S_collat_transv_ant
  527    373    683  2.060 0.536     0.137     0.027        5     0.6  S_collat_transv_post
 1705   1196   2657  2.346 0.509     0.104     0.016       12     1.1  S_front_inf
 2137   1625   4388  2.373 0.712     0.129     0.028       22     2.9  S_front_middle
 2927   2005   4569  2.549 0.422     0.096     0.016       18     2.1  S_front_sup
  282    204    396  2.355 0.465     0.116     0.021        2     0.3  S_interm_prim-Jensen
 2827   1948   4183  2.382 0.497     0.104     0.017       18     1.9  S_intrapariet_and_P_trans
  810    572    871  1.890 0.496     0.144     0.028        9     1.0  S_oc_middle_and_Lunatus
 1298    857   1497  2.021 0.521     0.104     0.018        8     1.0  S_oc_sup_and_transversal
  771    533    950  2.168 0.485     0.119     0.023        5     0.8  S_occipital_ant
  827    611   1457  2.731 0.468     0.115     0.024        5     0.9  S_oc-temp_lat
 2443   1652   3225  2.182 0.516     0.090     0.014       13     1.5  S_oc-temp_med_and_Lingual
  429    311    749  2.471 0.577     0.106     0.015        3     0.3  S_orbital_lateral
  622    427   1144  2.865 0.852     0.096     0.017        4     0.4  S_orbital_med-olfact
 1232    891   2709  3.029 0.678     0.123     0.022       11     1.2  S_orbital-H_Shaped
 2290   1565   3182  2.344 0.602     0.111     0.017       17     1.8  S_parieto_occipital
 1516    987   1295  1.606 0.382     0.116     0.015       20     0.9  S_pericallosal
 2077   1407   2929  2.394 0.571     0.090     0.014        9     1.2  S_postcentral
 2051   1374   3424  2.741 0.430     0.092     0.013       10     1.2  S_precentral-inf-part
 1156    780   1805  2.395 0.565     0.091     0.014        7     0.6  S_precentral-sup-part
  260    191    426  2.750 1.210     0.125     0.018        3     0.2  S_suborbital
 1350    942   2298  2.576 0.460     0.104     0.018        8     1.1  S_subparietal
 1209    864   2229  2.680 0.604     0.115     0.018        8     1.0  S_temporal_inf
 6540   4475  11537  2.723 0.610     0.094     0.015       36     4.2  S_temporal_sup
  317    239    477  2.447 0.481     0.101     0.016        2     0.2  S_temporal_transverse
#-----------------------------------------
#@# Parcellation Stats 3 rh Sat Apr  4 15:27:31 CEST 2026
/out/sourcedata/freesurfer/sub-v1s13x0050005_ses-1/scripts

 mris_anatomical_stats -th3 -mgz -noglobal -cortex ../label/rh.cortex.label -f ../stats/rh.aparc.DKTatlas.stats -b -a ../label/rh.aparc.DKTatlas.annot -c ../label/aparc.annot.DKTatlas.ctab sub-v1s13x0050005_ses-1 rh white 

computing statistics for each annotation in ../label/rh.aparc.DKTatlas.annot.
reading volume /out/sourcedata/freesurfer/sub-v1s13x0050005_ses-1/mri/wm.mgz...
reading input surface /out/sourcedata/freesurfer/sub-v1s13x0050005_ses-1/surf/rh.white...
reading input pial surface /out/sourcedata/freesurfer/sub-v1s13x0050005_ses-1/surf/rh.pial...
reading input white surface /out/sourcedata/freesurfer/sub-v1s13x0050005_ses-1/surf/rh.white...
INFO: using TH3 volume calc
INFO: assuming MGZ format for volumes.
INFO: not computing global stats
INFO: using ../label/rh.cortex.label as mask to calc cortex NumVert, SurfArea and MeanThickness.
Using TH3 vertex volume calc
Total face volume 258037
Total vertex volume 257823 (mask=0)
Saving annotation colortable ../label/aparc.annot.DKTatlas.ctab

table columns are:
    number of vertices
    total surface area (mm^2)
    total gray matter volume (mm^3)
    average cortical thickness +- standard deviation (mm)
    integrated rectified mean curvature
    integrated rectified Gaussian curvature
    folding index
    intrinsic curvature index
    structure name

 1146    727   2060  2.403 0.914     0.112     0.014       12     0.6  caudalanteriorcingulate
 3491   2482   7565  2.767 0.529     0.109     0.019       29     2.8  caudalmiddlefrontal
 2697   1765   3264  1.761 0.476     0.126     0.022       29     2.7  cuneus
  448    296   1612  3.485 0.667     0.110     0.041        5     0.6  entorhinal
 4323   3142   8993  2.714 0.764     0.125     0.029       50     5.1  fusiform
 7454   5434  15853  2.566 0.654     0.127     0.025       86     7.5  inferiorparietal
 4384   3107  10522  2.847 0.706     0.127     0.026       54     4.9  inferiortemporal
 1237    851   2439  2.425 0.930     0.115     0.025       15     1.1  isthmuscingulate
 7254   5070  10884  2.022 0.612     0.144     0.031       91     9.9  lateraloccipital
 3990   2964   9198  2.841 0.853     0.144     0.036       67     6.2  lateralorbitofrontal
 3493   2400   4665  1.821 0.582     0.123     0.028       35     4.3  lingual
 2383   1604   4680  2.516 0.928     0.126     0.036       32     3.6  medialorbitofrontal
 6255   4438  16545  3.019 0.741     0.112     0.019       59     5.1  middletemporal
 1245    787   2115  2.343 0.656     0.078     0.020       12     0.9  parahippocampal
 2561   1506   4334  2.599 0.585     0.101     0.020       20     2.2  paracentral
 2166   1485   4612  2.762 0.564     0.104     0.019       19     1.4  parsopercularis
  986    669   2690  3.100 0.645     0.093     0.018        8     0.7  parsorbitalis
 2268   1612   5779  2.982 0.629     0.113     0.023       22     2.1  parstriangularis
 1657   1098   1373  1.381 0.318     0.118     0.027       16     1.8  pericalcarine
 6619   4373  11764  2.293 0.738     0.106     0.020       56     5.6  postcentral
 1874   1336   3923  2.697 0.913     0.131     0.026       23     2.1  posteriorcingulate
 7433   4885  14563  2.607 0.672     0.103     0.018       53     5.9  precentral
 5749   3979  11779  2.658 0.621     0.113     0.021       52     4.9  precuneus
 1099    778   2081  2.429 0.755     0.132     0.030       12     1.4  rostralanteriorcingulate
 5216   4009  13486  2.664 0.744     0.137     0.031       75     6.8  rostralmiddlefrontal
13602   9894  34646  2.936 0.718     0.123     0.026      142    14.8  superiorfrontal
 5668   3904  10182  2.342 0.614     0.119     0.023       52     5.3  superiorparietal
 7757   5223  18882  3.035 0.755     0.095     0.017       53     5.6  superiortemporal
 4519   3265  10261  2.749 0.612     0.109     0.020       41     3.9  supramarginal
  633    402    938  1.996 0.500     0.135     0.051       12     1.3  transversetemporal
 3378   2348   6136  2.827 0.768     0.112     0.022       26     3.2  insula
/out/sourcedata/freesurfer/sub-v1s13x0050005_ses-1/label
#--------------------------------------------
#@# BA_exvivo Labels rh Sat Apr  4 15:27:39 CEST 2026

 mri_label2label --srcsubject fsaverage --srclabel /out/sourcedata/freesurfer/fsaverage/label/rh.BA1_exvivo.label --trgsubject sub-v1s13x0050005_ses-1 --trglabel ./rh.BA1_exvivo.label --hemi rh --regmethod surface 


srclabel = /out/sourcedata/freesurfer/fsaverage/label/rh.BA1_exvivo.label
srcsubject = fsaverage
trgsubject = sub-v1s13x0050005_ses-1
trglabel = ./rh.BA1_exvivo.label
regmethod = surface

srchemi = rh
trghemi = rh
trgsurface = white
srcsurfreg = sphere.reg
trgsurfreg = sphere.reg
usehash = 1
Use ProjAbs  = 0, 0
Use ProjFrac = 0, 0
DoPaint 0

SUBJECTS_DIR    /out/sourcedata/freesurfer
FREESURFER_HOME /opt/freesurfer
Loading source label.
Found 3962 points in source label.
Starting surface-based mapping
Reading source registration 
 /out/sourcedata/freesurfer/fsaverage/surf/rh.sphere.reg
Rescaling ...  original radius = 100
Reading target surface 
 /out/sourcedata/freesurfer/sub-v1s13x0050005_ses-1/surf/rh.white
Reading target registration 
 /out/sourcedata/freesurfer/sub-v1s13x0050005_ses-1/surf/rh.sphere.reg
Rescaling ...  original radius = 100
Building target registration hash (res=16).
Building source registration hash (res=16).
INFO: found  3962 nlabel points
Performing mapping from target back to the source label 131360
Number of reverse mapping hits = 149
Checking for and removing duplicates
Writing label file ./rh.BA1_exvivo.label 4111
mri_label2label: Done


 mri_label2label --srcsubject fsaverage --srclabel /out/sourcedata/freesurfer/fsaverage/label/rh.BA2_exvivo.label --trgsubject sub-v1s13x0050005_ses-1 --trglabel ./rh.BA2_exvivo.label --hemi rh --regmethod surface 


srclabel = /out/sourcedata/freesurfer/fsaverage/label/rh.BA2_exvivo.label
srcsubject = fsaverage
trgsubject = sub-v1s13x0050005_ses-1
trglabel = ./rh.BA2_exvivo.label
regmethod = surface

srchemi = rh
trghemi = rh
trgsurface = white
srcsurfreg = sphere.reg
trgsurfreg = sphere.reg
usehash = 1
Use ProjAbs  = 0, 0
Use ProjFrac = 0, 0
DoPaint 0

SUBJECTS_DIR    /out/sourcedata/freesurfer
FREESURFER_HOME /opt/freesurfer
Loading source label.
Found 6687 points in source label.
Starting surface-based mapping
Reading source registration 
 /out/sourcedata/freesurfer/fsaverage/surf/rh.sphere.reg
Rescaling ...  original radius = 100
Reading target surface 
 /out/sourcedata/freesurfer/sub-v1s13x0050005_ses-1/surf/rh.white
Reading target registration 
 /out/sourcedata/freesurfer/sub-v1s13x0050005_ses-1/surf/rh.sphere.reg
Rescaling ...  original radius = 100
Building target registration hash (res=16).
Building source registration hash (res=16).
INFO: found  6687 nlabel points
Performing mapping from target back to the source label 131360
Number of reverse mapping hits = 139
Checking for and removing duplicates
Writing label file ./rh.BA2_exvivo.label 6826
mri_label2label: Done


 mri_label2label --srcsubject fsaverage --srclabel /out/sourcedata/freesurfer/fsaverage/label/rh.BA3a_exvivo.label --trgsubject sub-v1s13x0050005_ses-1 --trglabel ./rh.BA3a_exvivo.label --hemi rh --regmethod surface 


srclabel = /out/sourcedata/freesurfer/fsaverage/label/rh.BA3a_exvivo.label
srcsubject = fsaverage
trgsubject = sub-v1s13x0050005_ses-1
trglabel = ./rh.BA3a_exvivo.label
regmethod = surface

srchemi = rh
trghemi = rh
trgsurface = white
srcsurfreg = sphere.reg
trgsurfreg = sphere.reg
usehash = 1
Use ProjAbs  = 0, 0
Use ProjFrac = 0, 0
DoPaint 0

SUBJECTS_DIR    /out/sourcedata/freesurfer
FREESURFER_HOME /opt/freesurfer
Loading source label.
Found 3980 points in source label.
Starting surface-based mapping
Reading source registration 
 /out/sourcedata/freesurfer/fsaverage/surf/rh.sphere.reg
Rescaling ...  original radius = 100
Reading target surface 
 /out/sourcedata/freesurfer/sub-v1s13x0050005_ses-1/surf/rh.white
Reading target registration 
 /out/sourcedata/freesurfer/sub-v1s13x0050005_ses-1/surf/rh.sphere.reg
Rescaling ...  original radius = 100
Building target registration hash (res=16).
Building source registration hash (res=16).
INFO: found  3980 nlabel points
Performing mapping from target back to the source label 131360
Number of reverse mapping hits = 65
Checking for and removing duplicates
Writing label file ./rh.BA3a_exvivo.label 4045
mri_label2label: Done


 mri_label2label --srcsubject fsaverage --srclabel /out/sourcedata/freesurfer/fsaverage/label/rh.BA3b_exvivo.label --trgsubject sub-v1s13x0050005_ses-1 --trglabel ./rh.BA3b_exvivo.label --hemi rh --regmethod surface 


srclabel = /out/sourcedata/freesurfer/fsaverage/label/rh.BA3b_exvivo.label
srcsubject = fsaverage
trgsubject = sub-v1s13x0050005_ses-1
trglabel = ./rh.BA3b_exvivo.label
regmethod = surface

srchemi = rh
trghemi = rh
trgsurface = white
srcsurfreg = sphere.reg
trgsurfreg = sphere.reg
usehash = 1
Use ProjAbs  = 0, 0
Use ProjFrac = 0, 0
DoPaint 0

SUBJECTS_DIR    /out/sourcedata/freesurfer
FREESURFER_HOME /opt/freesurfer
Loading source label.
Found 4522 points in source label.
Starting surface-based mapping
Reading source registration 
 /out/sourcedata/freesurfer/fsaverage/surf/rh.sphere.reg
Rescaling ...  original radius = 100
Reading target surface 
 /out/sourcedata/freesurfer/sub-v1s13x0050005_ses-1/surf/rh.white
Reading target registration 
 /out/sourcedata/freesurfer/sub-v1s13x0050005_ses-1/surf/rh.sphere.reg
Rescaling ...  original radius = 100
Building target registration hash (res=16).
Building source registration hash (res=16).
INFO: found  4522 nlabel points
Performing mapping from target back to the source label 131360
Number of reverse mapping hits = 152
Checking for and removing duplicates
Writing label file ./rh.BA3b_exvivo.label 4674
mri_label2label: Done


 mri_label2label --srcsubject fsaverage --srclabel /out/sourcedata/freesurfer/fsaverage/label/rh.BA4a_exvivo.label --trgsubject sub-v1s13x0050005_ses-1 --trglabel ./rh.BA4a_exvivo.label --hemi rh --regmethod surface 


srclabel = /out/sourcedata/freesurfer/fsaverage/label/rh.BA4a_exvivo.label
srcsubject = fsaverage
trgsubject = sub-v1s13x0050005_ses-1
trglabel = ./rh.BA4a_exvivo.label
regmethod = surface

srchemi = rh
trghemi = rh
trgsurface = white
srcsurfreg = sphere.reg
trgsurfreg = sphere.reg
usehash = 1
Use ProjAbs  = 0, 0
Use ProjFrac = 0, 0
DoPaint 0

SUBJECTS_DIR    /out/sourcedata/freesurfer
FREESURFER_HOME /opt/freesurfer
Loading source label.
Found 5747 points in source label.
Starting surface-based mapping
Reading source registration 
 /out/sourcedata/freesurfer/fsaverage/surf/rh.sphere.reg
Rescaling ...  original radius = 100
Reading target surface 
 /out/sourcedata/freesurfer/sub-v1s13x0050005_ses-1/surf/rh.white
Reading target registration 
 /out/sourcedata/freesurfer/sub-v1s13x0050005_ses-1/surf/rh.sphere.reg
Rescaling ...  original radius = 100
Building target registration hash (res=16).
Building source registration hash (res=16).
INFO: found  5747 nlabel points
Performing mapping from target back to the source label 131360
Number of reverse mapping hits = 161
Checking for and removing duplicates
Writing label file ./rh.BA4a_exvivo.label 5908
mri_label2label: Done


 mri_label2label --srcsubject fsaverage --srclabel /out/sourcedata/freesurfer/fsaverage/label/rh.BA4p_exvivo.label --trgsubject sub-v1s13x0050005_ses-1 --trglabel ./rh.BA4p_exvivo.label --hemi rh --regmethod surface 


srclabel = /out/sourcedata/freesurfer/fsaverage/label/rh.BA4p_exvivo.label
srcsubject = fsaverage
trgsubject = sub-v1s13x0050005_ses-1
trglabel = ./rh.BA4p_exvivo.label
regmethod = surface

srchemi = rh
trghemi = rh
trgsurface = white
srcsurfreg = sphere.reg
trgsurfreg = sphere.reg
usehash = 1
Use ProjAbs  = 0, 0
Use ProjFrac = 0, 0
DoPaint 0

SUBJECTS_DIR    /out/sourcedata/freesurfer
FREESURFER_HOME /opt/freesurfer
Loading source label.
Found 4473 points in source label.
Starting surface-based mapping
Reading source registration 
 /out/sourcedata/freesurfer/fsaverage/surf/rh.sphere.reg
Rescaling ...  original radius = 100
Reading target surface 
 /out/sourcedata/freesurfer/sub-v1s13x0050005_ses-1/surf/rh.white
Reading target registration 
 /out/sourcedata/freesurfer/sub-v1s13x0050005_ses-1/surf/rh.sphere.reg
Rescaling ...  original radius = 100
Building target registration hash (res=16).
Building source registration hash (res=16).
INFO: found  4473 nlabel points
Performing mapping from target back to the source label 131360
Number of reverse mapping hits = 75
Checking for and removing duplicates
Writing label file ./rh.BA4p_exvivo.label 4548
mri_label2label: Done


 mri_label2label --srcsubject fsaverage --srclabel /out/sourcedata/freesurfer/fsaverage/label/rh.BA6_exvivo.label --trgsubject sub-v1s13x0050005_ses-1 --trglabel ./rh.BA6_exvivo.label --hemi rh --regmethod surface 


srclabel = /out/sourcedata/freesurfer/fsaverage/label/rh.BA6_exvivo.label
srcsubject = fsaverage
trgsubject = sub-v1s13x0050005_ses-1
trglabel = ./rh.BA6_exvivo.label
regmethod = surface

srchemi = rh
trghemi = rh
trgsurface = white
srcsurfreg = sphere.reg
trgsurfreg = sphere.reg
usehash = 1
Use ProjAbs  = 0, 0
Use ProjFrac = 0, 0
DoPaint 0

SUBJECTS_DIR    /out/sourcedata/freesurfer
FREESURFER_HOME /opt/freesurfer
Loading source label.
Found 12256 points in source label.
Starting surface-based mapping
Reading source registration 
 /out/sourcedata/freesurfer/fsaverage/surf/rh.sphere.reg
Rescaling ...  original radius = 100
Reading target surface 
 /out/sourcedata/freesurfer/sub-v1s13x0050005_ses-1/surf/rh.white
Reading target registration 
 /out/sourcedata/freesurfer/sub-v1s13x0050005_ses-1/surf/rh.sphere.reg
Rescaling ...  original radius = 100
Building target registration hash (res=16).
Building source registration hash (res=16).
INFO: found  12256 nlabel points
Performing mapping from target back to the source label 131360
Number of reverse mapping hits = 501
Checking for and removing duplicates
Writing label file ./rh.BA6_exvivo.label 12757
mri_label2label: Done


 mri_label2label --srcsubject fsaverage --srclabel /out/sourcedata/freesurfer/fsaverage/label/rh.BA44_exvivo.label --trgsubject sub-v1s13x0050005_ses-1 --trglabel ./rh.BA44_exvivo.label --hemi rh --regmethod surface 


srclabel = /out/sourcedata/freesurfer/fsaverage/label/rh.BA44_exvivo.label
srcsubject = fsaverage
trgsubject = sub-v1s13x0050005_ses-1
trglabel = ./rh.BA44_exvivo.label
regmethod = surface

srchemi = rh
trghemi = rh
trgsurface = white
srcsurfreg = sphere.reg
trgsurfreg = sphere.reg
usehash = 1
Use ProjAbs  = 0, 0
Use ProjFrac = 0, 0
DoPaint 0

SUBJECTS_DIR    /out/sourcedata/freesurfer
FREESURFER_HOME /opt/freesurfer
Loading source label.
Found 6912 points in source label.
Starting surface-based mapping
Reading source registration 
 /out/sourcedata/freesurfer/fsaverage/surf/rh.sphere.reg
Rescaling ...  original radius = 100
Reading target surface 
 /out/sourcedata/freesurfer/sub-v1s13x0050005_ses-1/surf/rh.white
Reading target registration 
 /out/sourcedata/freesurfer/sub-v1s13x0050005_ses-1/surf/rh.sphere.reg
Rescaling ...  original radius = 100
Building target registration hash (res=16).
Building source registration hash (res=16).
INFO: found  6912 nlabel points
Performing mapping from target back to the source label 131360
Number of reverse mapping hits = 461
Checking for and removing duplicates
Writing label file ./rh.BA44_exvivo.label 7373
mri_label2label: Done


 mri_label2label --srcsubject fsaverage --srclabel /out/sourcedata/freesurfer/fsaverage/label/rh.BA45_exvivo.label --trgsubject sub-v1s13x0050005_ses-1 --trglabel ./rh.BA45_exvivo.label --hemi rh --regmethod surface 


srclabel = /out/sourcedata/freesurfer/fsaverage/label/rh.BA45_exvivo.label
srcsubject = fsaverage
trgsubject = sub-v1s13x0050005_ses-1
trglabel = ./rh.BA45_exvivo.label
regmethod = surface

srchemi = rh
trghemi = rh
trgsurface = white
srcsurfreg = sphere.reg
trgsurfreg = sphere.reg
usehash = 1
Use ProjAbs  = 0, 0
Use ProjFrac = 0, 0
DoPaint 0

SUBJECTS_DIR    /out/sourcedata/freesurfer
FREESURFER_HOME /opt/freesurfer
Loading source label.
Found 5355 points in source label.
Starting surface-based mapping
Reading source registration 
 /out/sourcedata/freesurfer/fsaverage/surf/rh.sphere.reg
Rescaling ...  original radius = 100
Reading target surface 
 /out/sourcedata/freesurfer/sub-v1s13x0050005_ses-1/surf/rh.white
Reading target registration 
 /out/sourcedata/freesurfer/sub-v1s13x0050005_ses-1/surf/rh.sphere.reg
Rescaling ...  original radius = 100
Building target registration hash (res=16).
Building source registration hash (res=16).
INFO: found  5355 nlabel points
Performing mapping from target back to the source label 131360
Number of reverse mapping hits = 457
Checking for and removing duplicates
Writing label file ./rh.BA45_exvivo.label 5812
mri_label2label: Done


 mri_label2label --srcsubject fsaverage --srclabel /out/sourcedata/freesurfer/fsaverage/label/rh.V1_exvivo.label --trgsubject sub-v1s13x0050005_ses-1 --trglabel ./rh.V1_exvivo.label --hemi rh --regmethod surface 


srclabel = /out/sourcedata/freesurfer/fsaverage/label/rh.V1_exvivo.label
srcsubject = fsaverage
trgsubject = sub-v1s13x0050005_ses-1
trglabel = ./rh.V1_exvivo.label
regmethod = surface

srchemi = rh
trghemi = rh
trgsurface = white
srcsurfreg = sphere.reg
trgsurfreg = sphere.reg
usehash = 1
Use ProjAbs  = 0, 0
Use ProjFrac = 0, 0
DoPaint 0

SUBJECTS_DIR    /out/sourcedata/freesurfer
FREESURFER_HOME /opt/freesurfer
Loading source label.
Found 4727 points in source label.
Starting surface-based mapping
Reading source registration 
 /out/sourcedata/freesurfer/fsaverage/surf/rh.sphere.reg
Rescaling ...  original radius = 100
Reading target surface 
 /out/sourcedata/freesurfer/sub-v1s13x0050005_ses-1/surf/rh.white
Reading target registration 
 /out/sourcedata/freesurfer/sub-v1s13x0050005_ses-1/surf/rh.sphere.reg
Rescaling ...  original radius = 100
Building target registration hash (res=16).
Building source registration hash (res=16).
INFO: found  4727 nlabel points
Performing mapping from target back to the source label 131360
Number of reverse mapping hits = 631
Checking for and removing duplicates
Writing label file ./rh.V1_exvivo.label 5358
mri_label2label: Done


 mri_label2label --srcsubject fsaverage --srclabel /out/sourcedata/freesurfer/fsaverage/label/rh.V2_exvivo.label --trgsubject sub-v1s13x0050005_ses-1 --trglabel ./rh.V2_exvivo.label --hemi rh --regmethod surface 


srclabel = /out/sourcedata/freesurfer/fsaverage/label/rh.V2_exvivo.label
srcsubject = fsaverage
trgsubject = sub-v1s13x0050005_ses-1
trglabel = ./rh.V2_exvivo.label
regmethod = surface

srchemi = rh
trghemi = rh
trgsurface = white
srcsurfreg = sphere.reg
trgsurfreg = sphere.reg
usehash = 1
Use ProjAbs  = 0, 0
Use ProjFrac = 0, 0
DoPaint 0

SUBJECTS_DIR    /out/sourcedata/freesurfer
FREESURFER_HOME /opt/freesurfer
Loading source label.
Found 8016 points in source label.
Starting surface-based mapping
Reading source registration 
 /out/sourcedata/freesurfer/fsaverage/surf/rh.sphere.reg
Rescaling ...  original radius = 100
Reading target surface 
 /out/sourcedata/freesurfer/sub-v1s13x0050005_ses-1/surf/rh.white
Reading target registration 
 /out/sourcedata/freesurfer/sub-v1s13x0050005_ses-1/surf/rh.sphere.reg
Rescaling ...  original radius = 100
Building target registration hash (res=16).
Building source registration hash (res=16).
INFO: found  8016 nlabel points
Performing mapping from target back to the source label 131360
Number of reverse mapping hits = 1379
Checking for and removing duplicates
Writing label file ./rh.V2_exvivo.label 9395
mri_label2label: Done


 mri_label2label --srcsubject fsaverage --srclabel /out/sourcedata/freesurfer/fsaverage/label/rh.MT_exvivo.label --trgsubject sub-v1s13x0050005_ses-1 --trglabel ./rh.MT_exvivo.label --hemi rh --regmethod surface 


srclabel = /out/sourcedata/freesurfer/fsaverage/label/rh.MT_exvivo.label
srcsubject = fsaverage
trgsubject = sub-v1s13x0050005_ses-1
trglabel = ./rh.MT_exvivo.label
regmethod = surface

srchemi = rh
trghemi = rh
trgsurface = white
srcsurfreg = sphere.reg
trgsurfreg = sphere.reg
usehash = 1
Use ProjAbs  = 0, 0
Use ProjFrac = 0, 0
DoPaint 0

SUBJECTS_DIR    /out/sourcedata/freesurfer
FREESURFER_HOME /opt/freesurfer
Loading source label.
Found 1932 points in source label.
Starting surface-based mapping
Reading source registration 
 /out/sourcedata/freesurfer/fsaverage/surf/rh.sphere.reg
Rescaling ...  original radius = 100
Reading target surface 
 /out/sourcedata/freesurfer/sub-v1s13x0050005_ses-1/surf/rh.white
Reading target registration 
 /out/sourcedata/freesurfer/sub-v1s13x0050005_ses-1/surf/rh.sphere.reg
Rescaling ...  original radius = 100
Building target registration hash (res=16).
Building source registration hash (res=16).
INFO: found  1932 nlabel points
Performing mapping from target back to the source label 131360
Number of reverse mapping hits = 329
Checking for and removing duplicates
Writing label file ./rh.MT_exvivo.label 2261
mri_label2label: Done


 mri_label2label --srcsubject fsaverage --srclabel /out/sourcedata/freesurfer/fsaverage/label/rh.entorhinal_exvivo.label --trgsubject sub-v1s13x0050005_ses-1 --trglabel ./rh.entorhinal_exvivo.label --hemi rh --regmethod surface 


srclabel = /out/sourcedata/freesurfer/fsaverage/label/rh.entorhinal_exvivo.label
srcsubject = fsaverage
trgsubject = sub-v1s13x0050005_ses-1
trglabel = ./rh.entorhinal_exvivo.label
regmethod = surface

srchemi = rh
trghemi = rh
trgsurface = white
srcsurfreg = sphere.reg
trgsurfreg = sphere.reg
usehash = 1
Use ProjAbs  = 0, 0
Use ProjFrac = 0, 0
DoPaint 0

SUBJECTS_DIR    /out/sourcedata/freesurfer
FREESURFER_HOME /opt/freesurfer
Loading source label.
Found 1038 points in source label.
Starting surface-based mapping
Reading source registration 
 /out/sourcedata/freesurfer/fsaverage/surf/rh.sphere.reg
Rescaling ...  original radius = 100
Reading target surface 
 /out/sourcedata/freesurfer/sub-v1s13x0050005_ses-1/surf/rh.white
Reading target registration 
 /out/sourcedata/freesurfer/sub-v1s13x0050005_ses-1/surf/rh.sphere.reg
Rescaling ...  original radius = 100
Building target registration hash (res=16).
Building source registration hash (res=16).
INFO: found  1038 nlabel points
Performing mapping from target back to the source label 131360
Number of reverse mapping hits = 30
Checking for and removing duplicates
Writing label file ./rh.entorhinal_exvivo.label 1068
mri_label2label: Done


 mri_label2label --srcsubject fsaverage --srclabel /out/sourcedata/freesurfer/fsaverage/label/rh.perirhinal_exvivo.label --trgsubject sub-v1s13x0050005_ses-1 --trglabel ./rh.perirhinal_exvivo.label --hemi rh --regmethod surface 


srclabel = /out/sourcedata/freesurfer/fsaverage/label/rh.perirhinal_exvivo.label
srcsubject = fsaverage
trgsubject = sub-v1s13x0050005_ses-1
trglabel = ./rh.perirhinal_exvivo.label
regmethod = surface

srchemi = rh
trghemi = rh
trgsurface = white
srcsurfreg = sphere.reg
trgsurfreg = sphere.reg
usehash = 1
Use ProjAbs  = 0, 0
Use ProjFrac = 0, 0
DoPaint 0

SUBJECTS_DIR    /out/sourcedata/freesurfer
FREESURFER_HOME /opt/freesurfer
Loading source label.
Found 752 points in source label.
Starting surface-based mapping
Reading source registration 
 /out/sourcedata/freesurfer/fsaverage/surf/rh.sphere.reg
Rescaling ...  original radius = 100
Reading target surface 
 /out/sourcedata/freesurfer/sub-v1s13x0050005_ses-1/surf/rh.white
Reading target registration 
 /out/sourcedata/freesurfer/sub-v1s13x0050005_ses-1/surf/rh.sphere.reg
Rescaling ...  original radius = 100
Building target registration hash (res=16).
Building source registration hash (res=16).
INFO: found  752 nlabel points
Performing mapping from target back to the source label 131360
Number of reverse mapping hits = 17
Checking for and removing duplicates
Writing label file ./rh.perirhinal_exvivo.label 769
mri_label2label: Done


 mri_label2label --srcsubject fsaverage --srclabel /out/sourcedata/freesurfer/fsaverage/label/rh.FG1.mpm.vpnl.label --trgsubject sub-v1s13x0050005_ses-1 --trglabel ./rh.FG1.mpm.vpnl.label --hemi rh --regmethod surface 


srclabel = /out/sourcedata/freesurfer/fsaverage/label/rh.FG1.mpm.vpnl.label
srcsubject = fsaverage
trgsubject = sub-v1s13x0050005_ses-1
trglabel = ./rh.FG1.mpm.vpnl.label
regmethod = surface

srchemi = rh
trghemi = rh
trgsurface = white
srcsurfreg = sphere.reg
trgsurfreg = sphere.reg
usehash = 1
Use ProjAbs  = 0, 0
Use ProjFrac = 0, 0
DoPaint 0

SUBJECTS_DIR    /out/sourcedata/freesurfer
FREESURFER_HOME /opt/freesurfer
Loading source label.
Found 541 points in source label.
Starting surface-based mapping
Reading source registration 
 /out/sourcedata/freesurfer/fsaverage/surf/rh.sphere.reg
Rescaling ...  original radius = 100
Reading target surface 
 /out/sourcedata/freesurfer/sub-v1s13x0050005_ses-1/surf/rh.white
Reading target registration 
 /out/sourcedata/freesurfer/sub-v1s13x0050005_ses-1/surf/rh.sphere.reg
Rescaling ...  original radius = 100
Building target registration hash (res=16).
Building source registration hash (res=16).
INFO: found  541 nlabel points
Performing mapping from target back to the source label 131360
Number of reverse mapping hits = 276
Checking for and removing duplicates
Writing label file ./rh.FG1.mpm.vpnl.label 817
mri_label2label: Done


 mri_label2label --srcsubject fsaverage --srclabel /out/sourcedata/freesurfer/fsaverage/label/rh.FG2.mpm.vpnl.label --trgsubject sub-v1s13x0050005_ses-1 --trglabel ./rh.FG2.mpm.vpnl.label --hemi rh --regmethod surface 


srclabel = /out/sourcedata/freesurfer/fsaverage/label/rh.FG2.mpm.vpnl.label
srcsubject = fsaverage
trgsubject = sub-v1s13x0050005_ses-1
trglabel = ./rh.FG2.mpm.vpnl.label
regmethod = surface

srchemi = rh
trghemi = rh
trgsurface = white
srcsurfreg = sphere.reg
trgsurfreg = sphere.reg
usehash = 1
Use ProjAbs  = 0, 0
Use ProjFrac = 0, 0
DoPaint 0

SUBJECTS_DIR    /out/sourcedata/freesurfer
FREESURFER_HOME /opt/freesurfer
Loading source label.
Found 721 points in source label.
Starting surface-based mapping
Reading source registration 
 /out/sourcedata/freesurfer/fsaverage/surf/rh.sphere.reg
Rescaling ...  original radius = 100
Reading target surface 
 /out/sourcedata/freesurfer/sub-v1s13x0050005_ses-1/surf/rh.white
Reading target registration 
 /out/sourcedata/freesurfer/sub-v1s13x0050005_ses-1/surf/rh.sphere.reg
Rescaling ...  original radius = 100
Building target registration hash (res=16).
Building source registration hash (res=16).
INFO: found  721 nlabel points
Performing mapping from target back to the source label 131360
Number of reverse mapping hits = 327
Checking for and removing duplicates
Writing label file ./rh.FG2.mpm.vpnl.label 1048
mri_label2label: Done


 mri_label2label --srcsubject fsaverage --srclabel /out/sourcedata/freesurfer/fsaverage/label/rh.FG3.mpm.vpnl.label --trgsubject sub-v1s13x0050005_ses-1 --trglabel ./rh.FG3.mpm.vpnl.label --hemi rh --regmethod surface 


srclabel = /out/sourcedata/freesurfer/fsaverage/label/rh.FG3.mpm.vpnl.label
srcsubject = fsaverage
trgsubject = sub-v1s13x0050005_ses-1
trglabel = ./rh.FG3.mpm.vpnl.label
regmethod = surface

srchemi = rh
trghemi = rh
trgsurface = white
srcsurfreg = sphere.reg
trgsurfreg = sphere.reg
usehash = 1
Use ProjAbs  = 0, 0
Use ProjFrac = 0, 0
DoPaint 0

SUBJECTS_DIR    /out/sourcedata/freesurfer
FREESURFER_HOME /opt/freesurfer
Loading source label.
Found 1523 points in source label.
Starting surface-based mapping
Reading source registration 
 /out/sourcedata/freesurfer/fsaverage/surf/rh.sphere.reg
Rescaling ...  original radius = 100
Reading target surface 
 /out/sourcedata/freesurfer/sub-v1s13x0050005_ses-1/surf/rh.white
Reading target registration 
 /out/sourcedata/freesurfer/sub-v1s13x0050005_ses-1/surf/rh.sphere.reg
Rescaling ...  original radius = 100
Building target registration hash (res=16).
Building source registration hash (res=16).
INFO: found  1523 nlabel points
Performing mapping from target back to the source label 131360
Number of reverse mapping hits = 288
Checking for and removing duplicates
Writing label file ./rh.FG3.mpm.vpnl.label 1811
mri_label2label: Done


 mri_label2label --srcsubject fsaverage --srclabel /out/sourcedata/freesurfer/fsaverage/label/rh.FG4.mpm.vpnl.label --trgsubject sub-v1s13x0050005_ses-1 --trglabel ./rh.FG4.mpm.vpnl.label --hemi rh --regmethod surface 


srclabel = /out/sourcedata/freesurfer/fsaverage/label/rh.FG4.mpm.vpnl.label
srcsubject = fsaverage
trgsubject = sub-v1s13x0050005_ses-1
trglabel = ./rh.FG4.mpm.vpnl.label
regmethod = surface

srchemi = rh
trghemi = rh
trgsurface = white
srcsurfreg = sphere.reg
trgsurfreg = sphere.reg
usehash = 1
Use ProjAbs  = 0, 0
Use ProjFrac = 0, 0
DoPaint 0

SUBJECTS_DIR    /out/sourcedata/freesurfer
FREESURFER_HOME /opt/freesurfer
Loading source label.
Found 1586 points in source label.
Starting surface-based mapping
Reading source registration 
 /out/sourcedata/freesurfer/fsaverage/surf/rh.sphere.reg
Rescaling ...  original radius = 100
Reading target surface 
 /out/sourcedata/freesurfer/sub-v1s13x0050005_ses-1/surf/rh.white
Reading target registration 
 /out/sourcedata/freesurfer/sub-v1s13x0050005_ses-1/surf/rh.sphere.reg
Rescaling ...  original radius = 100
Building target registration hash (res=16).
Building source registration hash (res=16).
INFO: found  1586 nlabel points
Performing mapping from target back to the source label 131360
Number of reverse mapping hits = 261
Checking for and removing duplicates
Writing label file ./rh.FG4.mpm.vpnl.label 1847
mri_label2label: Done


 mri_label2label --srcsubject fsaverage --srclabel /out/sourcedata/freesurfer/fsaverage/label/rh.hOc1.mpm.vpnl.label --trgsubject sub-v1s13x0050005_ses-1 --trglabel ./rh.hOc1.mpm.vpnl.label --hemi rh --regmethod surface 


srclabel = /out/sourcedata/freesurfer/fsaverage/label/rh.hOc1.mpm.vpnl.label
srcsubject = fsaverage
trgsubject = sub-v1s13x0050005_ses-1
trglabel = ./rh.hOc1.mpm.vpnl.label
regmethod = surface

srchemi = rh
trghemi = rh
trgsurface = white
srcsurfreg = sphere.reg
trgsurfreg = sphere.reg
usehash = 1
Use ProjAbs  = 0, 0
Use ProjFrac = 0, 0
DoPaint 0

SUBJECTS_DIR    /out/sourcedata/freesurfer
FREESURFER_HOME /opt/freesurfer
Loading source label.
Found 3667 points in source label.
Starting surface-based mapping
Reading source registration 
 /out/sourcedata/freesurfer/fsaverage/surf/rh.sphere.reg
Rescaling ...  original radius = 100
Reading target surface 
 /out/sourcedata/freesurfer/sub-v1s13x0050005_ses-1/surf/rh.white
Reading target registration 
 /out/sourcedata/freesurfer/sub-v1s13x0050005_ses-1/surf/rh.sphere.reg
Rescaling ...  original radius = 100
Building target registration hash (res=16).
Building source registration hash (res=16).
INFO: found  3667 nlabel points
Performing mapping from target back to the source label 131360
Number of reverse mapping hits = 442
Checking for and removing duplicates
Writing label file ./rh.hOc1.mpm.vpnl.label 4109
mri_label2label: Done


 mri_label2label --srcsubject fsaverage --srclabel /out/sourcedata/freesurfer/fsaverage/label/rh.hOc2.mpm.vpnl.label --trgsubject sub-v1s13x0050005_ses-1 --trglabel ./rh.hOc2.mpm.vpnl.label --hemi rh --regmethod surface 


srclabel = /out/sourcedata/freesurfer/fsaverage/label/rh.hOc2.mpm.vpnl.label
srcsubject = fsaverage
trgsubject = sub-v1s13x0050005_ses-1
trglabel = ./rh.hOc2.mpm.vpnl.label
regmethod = surface

srchemi = rh
trghemi = rh
trgsurface = white
srcsurfreg = sphere.reg
trgsurfreg = sphere.reg
usehash = 1
Use ProjAbs  = 0, 0
Use ProjFrac = 0, 0
DoPaint 0

SUBJECTS_DIR    /out/sourcedata/freesurfer
FREESURFER_HOME /opt/freesurfer
Loading source label.
Found 2719 points in source label.
Starting surface-based mapping
Reading source registration 
 /out/sourcedata/freesurfer/fsaverage/surf/rh.sphere.reg
Rescaling ...  original radius = 100
Reading target surface 
 /out/sourcedata/freesurfer/sub-v1s13x0050005_ses-1/surf/rh.white
Reading target registration 
 /out/sourcedata/freesurfer/sub-v1s13x0050005_ses-1/surf/rh.sphere.reg
Rescaling ...  original radius = 100
Building target registration hash (res=16).
Building source registration hash (res=16).
INFO: found  2719 nlabel points
Performing mapping from target back to the source label 131360
Number of reverse mapping hits = 475
Checking for and removing duplicates
Writing label file ./rh.hOc2.mpm.vpnl.label 3194
mri_label2label: Done


 mri_label2label --srcsubject fsaverage --srclabel /out/sourcedata/freesurfer/fsaverage/label/rh.hOc3v.mpm.vpnl.label --trgsubject sub-v1s13x0050005_ses-1 --trglabel ./rh.hOc3v.mpm.vpnl.label --hemi rh --regmethod surface 


srclabel = /out/sourcedata/freesurfer/fsaverage/label/rh.hOc3v.mpm.vpnl.label
srcsubject = fsaverage
trgsubject = sub-v1s13x0050005_ses-1
trglabel = ./rh.hOc3v.mpm.vpnl.label
regmethod = surface

srchemi = rh
trghemi = rh
trgsurface = white
srcsurfreg = sphere.reg
trgsurfreg = sphere.reg
usehash = 1
Use ProjAbs  = 0, 0
Use ProjFrac = 0, 0
DoPaint 0

SUBJECTS_DIR    /out/sourcedata/freesurfer
FREESURFER_HOME /opt/freesurfer
Loading source label.
Found 1228 points in source label.
Starting surface-based mapping
Reading source registration 
 /out/sourcedata/freesurfer/fsaverage/surf/rh.sphere.reg
Rescaling ...  original radius = 100
Reading target surface 
 /out/sourcedata/freesurfer/sub-v1s13x0050005_ses-1/surf/rh.white
Reading target registration 
 /out/sourcedata/freesurfer/sub-v1s13x0050005_ses-1/surf/rh.sphere.reg
Rescaling ...  original radius = 100
Building target registration hash (res=16).
Building source registration hash (res=16).
INFO: found  1228 nlabel points
Performing mapping from target back to the source label 131360
Number of reverse mapping hits = 299
Checking for and removing duplicates
Writing label file ./rh.hOc3v.mpm.vpnl.label 1527
mri_label2label: Done


 mri_label2label --srcsubject fsaverage --srclabel /out/sourcedata/freesurfer/fsaverage/label/rh.hOc4v.mpm.vpnl.label --trgsubject sub-v1s13x0050005_ses-1 --trglabel ./rh.hOc4v.mpm.vpnl.label --hemi rh --regmethod surface 


srclabel = /out/sourcedata/freesurfer/fsaverage/label/rh.hOc4v.mpm.vpnl.label
srcsubject = fsaverage
trgsubject = sub-v1s13x0050005_ses-1
trglabel = ./rh.hOc4v.mpm.vpnl.label
regmethod = surface

srchemi = rh
trghemi = rh
trgsurface = white
srcsurfreg = sphere.reg
trgsurfreg = sphere.reg
usehash = 1
Use ProjAbs  = 0, 0
Use ProjFrac = 0, 0
DoPaint 0

SUBJECTS_DIR    /out/sourcedata/freesurfer
FREESURFER_HOME /opt/freesurfer
Loading source label.
Found 1025 points in source label.
Starting surface-based mapping
Reading source registration 
 /out/sourcedata/freesurfer/fsaverage/surf/rh.sphere.reg
Rescaling ...  original radius = 100
Reading target surface 
 /out/sourcedata/freesurfer/sub-v1s13x0050005_ses-1/surf/rh.white
Reading target registration 
 /out/sourcedata/freesurfer/sub-v1s13x0050005_ses-1/surf/rh.sphere.reg
Rescaling ...  original radius = 100
Building target registration hash (res=16).
Building source registration hash (res=16).
INFO: found  1025 nlabel points
Performing mapping from target back to the source label 131360
Number of reverse mapping hits = 448
Checking for and removing duplicates
Writing label file ./rh.hOc4v.mpm.vpnl.label 1473
mri_label2label: Done


 mris_label2annot --s sub-v1s13x0050005_ses-1 --ctab /opt/freesurfer/average/colortable_vpnl.txt --hemi rh --a mpm.vpnl --maxstatwinner --noverbose --l rh.FG1.mpm.vpnl.label --l rh.FG2.mpm.vpnl.label --l rh.FG3.mpm.vpnl.label --l rh.FG4.mpm.vpnl.label --l rh.hOc1.mpm.vpnl.label --l rh.hOc2.mpm.vpnl.label --l rh.hOc3v.mpm.vpnl.label --l rh.hOc4v.mpm.vpnl.label 

Reading ctab /opt/freesurfer/average/colortable_vpnl.txt
Number of ctab entries 9

7.3.2
cwd /out/sourcedata/freesurfer/sub-v1s13x0050005_ses-1/label
cmdline mris_label2annot --s sub-v1s13x0050005_ses-1 --ctab /opt/freesurfer/average/colortable_vpnl.txt --hemi rh --a mpm.vpnl --maxstatwinner --noverbose --l rh.FG1.mpm.vpnl.label --l rh.FG2.mpm.vpnl.label --l rh.FG3.mpm.vpnl.label --l rh.FG4.mpm.vpnl.label --l rh.hOc1.mpm.vpnl.label --l rh.hOc2.mpm.vpnl.label --l rh.hOc3v.mpm.vpnl.label --l rh.hOc4v.mpm.vpnl.label 
sysname  Linux
hostname dna055
machine  x86_64
user     oesteban

subject sub-v1s13x0050005_ses-1
hemi    rh
SUBJECTS_DIR /out/sourcedata/freesurfer
ColorTable /opt/freesurfer/average/colortable_vpnl.txt
AnnotName  mpm.vpnl
nlables 8
LabelThresh 0 0.000000
Loading /out/sourcedata/freesurfer/sub-v1s13x0050005_ses-1/surf/rh.orig
 1 1376057 FG1
 2 16711935 FG2
 3 16711680 FG3
 4 1705837 FG4
 5 25600 hOc1
 6 255 hOc2
 7 16776960 hOc3v
 8 65535 hOc4v
Mapping unhit to unknown
Found 117307 unhit vertices
Writing annot to /out/sourcedata/freesurfer/sub-v1s13x0050005_ses-1/label/rh.mpm.vpnl.annot

 mri_label2label --srcsubject fsaverage --srclabel /out/sourcedata/freesurfer/fsaverage/label/rh.BA1_exvivo.thresh.label --trgsubject sub-v1s13x0050005_ses-1 --trglabel ./rh.BA1_exvivo.thresh.label --hemi rh --regmethod surface 


srclabel = /out/sourcedata/freesurfer/fsaverage/label/rh.BA1_exvivo.thresh.label
srcsubject = fsaverage
trgsubject = sub-v1s13x0050005_ses-1
trglabel = ./rh.BA1_exvivo.thresh.label
regmethod = surface

srchemi = rh
trghemi = rh
trgsurface = white
srcsurfreg = sphere.reg
trgsurfreg = sphere.reg
usehash = 1
Use ProjAbs  = 0, 0
Use ProjFrac = 0, 0
DoPaint 0

SUBJECTS_DIR    /out/sourcedata/freesurfer
FREESURFER_HOME /opt/freesurfer
Loading source label.
Found 876 points in source label.
Starting surface-based mapping
Reading source registration 
 /out/sourcedata/freesurfer/fsaverage/surf/rh.sphere.reg
Rescaling ...  original radius = 100
Reading target surface 
 /out/sourcedata/freesurfer/sub-v1s13x0050005_ses-1/surf/rh.white
Reading target registration 
 /out/sourcedata/freesurfer/sub-v1s13x0050005_ses-1/surf/rh.sphere.reg
Rescaling ...  original radius = 100
Building target registration hash (res=16).
Building source registration hash (res=16).
INFO: found  876 nlabel points
Performing mapping from target back to the source label 131360
Number of reverse mapping hits = 51
Checking for and removing duplicates
Writing label file ./rh.BA1_exvivo.thresh.label 927
mri_label2label: Done


 mri_label2label --srcsubject fsaverage --srclabel /out/sourcedata/freesurfer/fsaverage/label/rh.BA2_exvivo.thresh.label --trgsubject sub-v1s13x0050005_ses-1 --trglabel ./rh.BA2_exvivo.thresh.label --hemi rh --regmethod surface 


srclabel = /out/sourcedata/freesurfer/fsaverage/label/rh.BA2_exvivo.thresh.label
srcsubject = fsaverage
trgsubject = sub-v1s13x0050005_ses-1
trglabel = ./rh.BA2_exvivo.thresh.label
regmethod = surface

srchemi = rh
trghemi = rh
trgsurface = white
srcsurfreg = sphere.reg
trgsurfreg = sphere.reg
usehash = 1
Use ProjAbs  = 0, 0
Use ProjFrac = 0, 0
DoPaint 0

SUBJECTS_DIR    /out/sourcedata/freesurfer
FREESURFER_HOME /opt/freesurfer
Loading source label.
Found 2688 points in source label.
Starting surface-based mapping
Reading source registration 
 /out/sourcedata/freesurfer/fsaverage/surf/rh.sphere.reg
Rescaling ...  original radius = 100
Reading target surface 
 /out/sourcedata/freesurfer/sub-v1s13x0050005_ses-1/surf/rh.white
Reading target registration 
 /out/sourcedata/freesurfer/sub-v1s13x0050005_ses-1/surf/rh.sphere.reg
Rescaling ...  original radius = 100
Building target registration hash (res=16).
Building source registration hash (res=16).
INFO: found  2688 nlabel points
Performing mapping from target back to the source label 131360
Number of reverse mapping hits = 52
Checking for and removing duplicates
Writing label file ./rh.BA2_exvivo.thresh.label 2740
mri_label2label: Done


 mri_label2label --srcsubject fsaverage --srclabel /out/sourcedata/freesurfer/fsaverage/label/rh.BA3a_exvivo.thresh.label --trgsubject sub-v1s13x0050005_ses-1 --trglabel ./rh.BA3a_exvivo.thresh.label --hemi rh --regmethod surface 


srclabel = /out/sourcedata/freesurfer/fsaverage/label/rh.BA3a_exvivo.thresh.label
srcsubject = fsaverage
trgsubject = sub-v1s13x0050005_ses-1
trglabel = ./rh.BA3a_exvivo.thresh.label
regmethod = surface

srchemi = rh
trghemi = rh
trgsurface = white
srcsurfreg = sphere.reg
trgsurfreg = sphere.reg
usehash = 1
Use ProjAbs  = 0, 0
Use ProjFrac = 0, 0
DoPaint 0

SUBJECTS_DIR    /out/sourcedata/freesurfer
FREESURFER_HOME /opt/freesurfer
Loading source label.
Found 1698 points in source label.
Starting surface-based mapping
Reading source registration 
 /out/sourcedata/freesurfer/fsaverage/surf/rh.sphere.reg
Rescaling ...  original radius = 100
Reading target surface 
 /out/sourcedata/freesurfer/sub-v1s13x0050005_ses-1/surf/rh.white
Reading target registration 
 /out/sourcedata/freesurfer/sub-v1s13x0050005_ses-1/surf/rh.sphere.reg
Rescaling ...  original radius = 100
Building target registration hash (res=16).
Building source registration hash (res=16).
INFO: found  1698 nlabel points
Performing mapping from target back to the source label 131360
Number of reverse mapping hits = 21
Checking for and removing duplicates
Writing label file ./rh.BA3a_exvivo.thresh.label 1719
mri_label2label: Done


 mri_label2label --srcsubject fsaverage --srclabel /out/sourcedata/freesurfer/fsaverage/label/rh.BA3b_exvivo.thresh.label --trgsubject sub-v1s13x0050005_ses-1 --trglabel ./rh.BA3b_exvivo.thresh.label --hemi rh --regmethod surface 


srclabel = /out/sourcedata/freesurfer/fsaverage/label/rh.BA3b_exvivo.thresh.label
srcsubject = fsaverage
trgsubject = sub-v1s13x0050005_ses-1
trglabel = ./rh.BA3b_exvivo.thresh.label
regmethod = surface

srchemi = rh
trghemi = rh
trgsurface = white
srcsurfreg = sphere.reg
trgsurfreg = sphere.reg
usehash = 1
Use ProjAbs  = 0, 0
Use ProjFrac = 0, 0
DoPaint 0

SUBJECTS_DIR    /out/sourcedata/freesurfer
FREESURFER_HOME /opt/freesurfer
Loading source label.
Found 2183 points in source label.
Starting surface-based mapping
Reading source registration 
 /out/sourcedata/freesurfer/fsaverage/surf/rh.sphere.reg
Rescaling ...  original radius = 100
Reading target surface 
 /out/sourcedata/freesurfer/sub-v1s13x0050005_ses-1/surf/rh.white
Reading target registration 
 /out/sourcedata/freesurfer/sub-v1s13x0050005_ses-1/surf/rh.sphere.reg
Rescaling ...  original radius = 100
Building target registration hash (res=16).
Building source registration hash (res=16).
INFO: found  2183 nlabel points
Performing mapping from target back to the source label 131360
Number of reverse mapping hits = 77
Checking for and removing duplicates
Writing label file ./rh.BA3b_exvivo.thresh.label 2260
mri_label2label: Done


 mri_label2label --srcsubject fsaverage --srclabel /out/sourcedata/freesurfer/fsaverage/label/rh.BA4a_exvivo.thresh.label --trgsubject sub-v1s13x0050005_ses-1 --trglabel ./rh.BA4a_exvivo.thresh.label --hemi rh --regmethod surface 


srclabel = /out/sourcedata/freesurfer/fsaverage/label/rh.BA4a_exvivo.thresh.label
srcsubject = fsaverage
trgsubject = sub-v1s13x0050005_ses-1
trglabel = ./rh.BA4a_exvivo.thresh.label
regmethod = surface

srchemi = rh
trghemi = rh
trgsurface = white
srcsurfreg = sphere.reg
trgsurfreg = sphere.reg
usehash = 1
Use ProjAbs  = 0, 0
Use ProjFrac = 0, 0
DoPaint 0

SUBJECTS_DIR    /out/sourcedata/freesurfer
FREESURFER_HOME /opt/freesurfer
Loading source label.
Found 1388 points in source label.
Starting surface-based mapping
Reading source registration 
 /out/sourcedata/freesurfer/fsaverage/surf/rh.sphere.reg
Rescaling ...  original radius = 100
Reading target surface 
 /out/sourcedata/freesurfer/sub-v1s13x0050005_ses-1/surf/rh.white
Reading target registration 
 /out/sourcedata/freesurfer/sub-v1s13x0050005_ses-1/surf/rh.sphere.reg
Rescaling ...  original radius = 100
Building target registration hash (res=16).
Building source registration hash (res=16).
INFO: found  1388 nlabel points
Performing mapping from target back to the source label 131360
Number of reverse mapping hits = 18
Checking for and removing duplicates
Writing label file ./rh.BA4a_exvivo.thresh.label 1406
mri_label2label: Done


 mri_label2label --srcsubject fsaverage --srclabel /out/sourcedata/freesurfer/fsaverage/label/rh.BA4p_exvivo.thresh.label --trgsubject sub-v1s13x0050005_ses-1 --trglabel ./rh.BA4p_exvivo.thresh.label --hemi rh --regmethod surface 


srclabel = /out/sourcedata/freesurfer/fsaverage/label/rh.BA4p_exvivo.thresh.label
srcsubject = fsaverage
trgsubject = sub-v1s13x0050005_ses-1
trglabel = ./rh.BA4p_exvivo.thresh.label
regmethod = surface

srchemi = rh
trghemi = rh
trgsurface = white
srcsurfreg = sphere.reg
trgsurfreg = sphere.reg
usehash = 1
Use ProjAbs  = 0, 0
Use ProjFrac = 0, 0
DoPaint 0

SUBJECTS_DIR    /out/sourcedata/freesurfer
FREESURFER_HOME /opt/freesurfer
Loading source label.
Found 1489 points in source label.
Starting surface-based mapping
Reading source registration 
 /out/sourcedata/freesurfer/fsaverage/surf/rh.sphere.reg
Rescaling ...  original radius = 100
Reading target surface 
 /out/sourcedata/freesurfer/sub-v1s13x0050005_ses-1/surf/rh.white
Reading target registration 
 /out/sourcedata/freesurfer/sub-v1s13x0050005_ses-1/surf/rh.sphere.reg
Rescaling ...  original radius = 100
Building target registration hash (res=16).
Building source registration hash (res=16).
INFO: found  1489 nlabel points
Performing mapping from target back to the source label 131360
Number of reverse mapping hits = 36
Checking for and removing duplicates
Writing label file ./rh.BA4p_exvivo.thresh.label 1525
mri_label2label: Done


 mri_label2label --srcsubject fsaverage --srclabel /out/sourcedata/freesurfer/fsaverage/label/rh.BA6_exvivo.thresh.label --trgsubject sub-v1s13x0050005_ses-1 --trglabel ./rh.BA6_exvivo.thresh.label --hemi rh --regmethod surface 


srclabel = /out/sourcedata/freesurfer/fsaverage/label/rh.BA6_exvivo.thresh.label
srcsubject = fsaverage
trgsubject = sub-v1s13x0050005_ses-1
trglabel = ./rh.BA6_exvivo.thresh.label
regmethod = surface

srchemi = rh
trghemi = rh
trgsurface = white
srcsurfreg = sphere.reg
trgsurfreg = sphere.reg
usehash = 1
Use ProjAbs  = 0, 0
Use ProjFrac = 0, 0
DoPaint 0

SUBJECTS_DIR    /out/sourcedata/freesurfer
FREESURFER_HOME /opt/freesurfer
Loading source label.
Found 6959 points in source label.
Starting surface-based mapping
Reading source registration 
 /out/sourcedata/freesurfer/fsaverage/surf/rh.sphere.reg
Rescaling ...  original radius = 100
Reading target surface 
 /out/sourcedata/freesurfer/sub-v1s13x0050005_ses-1/surf/rh.white
Reading target registration 
 /out/sourcedata/freesurfer/sub-v1s13x0050005_ses-1/surf/rh.sphere.reg
Rescaling ...  original radius = 100
Building target registration hash (res=16).
Building source registration hash (res=16).
INFO: found  6959 nlabel points
Performing mapping from target back to the source label 131360
Number of reverse mapping hits = 199
Checking for and removing duplicates
Writing label file ./rh.BA6_exvivo.thresh.label 7158
mri_label2label: Done


 mri_label2label --srcsubject fsaverage --srclabel /out/sourcedata/freesurfer/fsaverage/label/rh.BA44_exvivo.thresh.label --trgsubject sub-v1s13x0050005_ses-1 --trglabel ./rh.BA44_exvivo.thresh.label --hemi rh --regmethod surface 


srclabel = /out/sourcedata/freesurfer/fsaverage/label/rh.BA44_exvivo.thresh.label
srcsubject = fsaverage
trgsubject = sub-v1s13x0050005_ses-1
trglabel = ./rh.BA44_exvivo.thresh.label
regmethod = surface

srchemi = rh
trghemi = rh
trgsurface = white
srcsurfreg = sphere.reg
trgsurfreg = sphere.reg
usehash = 1
Use ProjAbs  = 0, 0
Use ProjFrac = 0, 0
DoPaint 0

SUBJECTS_DIR    /out/sourcedata/freesurfer
FREESURFER_HOME /opt/freesurfer
Loading source label.
Found 1012 points in source label.
Starting surface-based mapping
Reading source registration 
 /out/sourcedata/freesurfer/fsaverage/surf/rh.sphere.reg
Rescaling ...  original radius = 100
Reading target surface 
 /out/sourcedata/freesurfer/sub-v1s13x0050005_ses-1/surf/rh.white
Reading target registration 
 /out/sourcedata/freesurfer/sub-v1s13x0050005_ses-1/surf/rh.sphere.reg
Rescaling ...  original radius = 100
Building target registration hash (res=16).
Building source registration hash (res=16).
INFO: found  1012 nlabel points
Performing mapping from target back to the source label 131360
Number of reverse mapping hits = 88
Checking for and removing duplicates
Writing label file ./rh.BA44_exvivo.thresh.label 1100
mri_label2label: Done


 mri_label2label --srcsubject fsaverage --srclabel /out/sourcedata/freesurfer/fsaverage/label/rh.BA45_exvivo.thresh.label --trgsubject sub-v1s13x0050005_ses-1 --trglabel ./rh.BA45_exvivo.thresh.label --hemi rh --regmethod surface 


srclabel = /out/sourcedata/freesurfer/fsaverage/label/rh.BA45_exvivo.thresh.label
srcsubject = fsaverage
trgsubject = sub-v1s13x0050005_ses-1
trglabel = ./rh.BA45_exvivo.thresh.label
regmethod = surface

srchemi = rh
trghemi = rh
trgsurface = white
srcsurfreg = sphere.reg
trgsurfreg = sphere.reg
usehash = 1
Use ProjAbs  = 0, 0
Use ProjFrac = 0, 0
DoPaint 0

SUBJECTS_DIR    /out/sourcedata/freesurfer
FREESURFER_HOME /opt/freesurfer
Loading source label.
Found 1178 points in source label.
Starting surface-based mapping
Reading source registration 
 /out/sourcedata/freesurfer/fsaverage/surf/rh.sphere.reg
Rescaling ...  original radius = 100
Reading target surface 
 /out/sourcedata/freesurfer/sub-v1s13x0050005_ses-1/surf/rh.white
Reading target registration 
 /out/sourcedata/freesurfer/sub-v1s13x0050005_ses-1/surf/rh.sphere.reg
Rescaling ...  original radius = 100
Building target registration hash (res=16).
Building source registration hash (res=16).
INFO: found  1178 nlabel points
Performing mapping from target back to the source label 131360
Number of reverse mapping hits = 82
Checking for and removing duplicates
Writing label file ./rh.BA45_exvivo.thresh.label 1260
mri_label2label: Done


 mri_label2label --srcsubject fsaverage --srclabel /out/sourcedata/freesurfer/fsaverage/label/rh.V1_exvivo.thresh.label --trgsubject sub-v1s13x0050005_ses-1 --trglabel ./rh.V1_exvivo.thresh.label --hemi rh --regmethod surface 


srclabel = /out/sourcedata/freesurfer/fsaverage/label/rh.V1_exvivo.thresh.label
srcsubject = fsaverage
trgsubject = sub-v1s13x0050005_ses-1
trglabel = ./rh.V1_exvivo.thresh.label
regmethod = surface

srchemi = rh
trghemi = rh
trgsurface = white
srcsurfreg = sphere.reg
trgsurfreg = sphere.reg
usehash = 1
Use ProjAbs  = 0, 0
Use ProjFrac = 0, 0
DoPaint 0

SUBJECTS_DIR    /out/sourcedata/freesurfer
FREESURFER_HOME /opt/freesurfer
Loading source label.
Found 3232 points in source label.
Starting surface-based mapping
Reading source registration 
 /out/sourcedata/freesurfer/fsaverage/surf/rh.sphere.reg
Rescaling ...  original radius = 100
Reading target surface 
 /out/sourcedata/freesurfer/sub-v1s13x0050005_ses-1/surf/rh.white
Reading target registration 
 /out/sourcedata/freesurfer/sub-v1s13x0050005_ses-1/surf/rh.sphere.reg
Rescaling ...  original radius = 100
Building target registration hash (res=16).
Building source registration hash (res=16).
INFO: found  3232 nlabel points
Performing mapping from target back to the source label 131360
Number of reverse mapping hits = 402
Checking for and removing duplicates
Writing label file ./rh.V1_exvivo.thresh.label 3634
mri_label2label: Done


 mri_label2label --srcsubject fsaverage --srclabel /out/sourcedata/freesurfer/fsaverage/label/rh.V2_exvivo.thresh.label --trgsubject sub-v1s13x0050005_ses-1 --trglabel ./rh.V2_exvivo.thresh.label --hemi rh --regmethod surface 


srclabel = /out/sourcedata/freesurfer/fsaverage/label/rh.V2_exvivo.thresh.label
srcsubject = fsaverage
trgsubject = sub-v1s13x0050005_ses-1
trglabel = ./rh.V2_exvivo.thresh.label
regmethod = surface

srchemi = rh
trghemi = rh
trgsurface = white
srcsurfreg = sphere.reg
trgsurfreg = sphere.reg
usehash = 1
Use ProjAbs  = 0, 0
Use ProjFrac = 0, 0
DoPaint 0

SUBJECTS_DIR    /out/sourcedata/freesurfer
FREESURFER_HOME /opt/freesurfer
Loading source label.
Found 3437 points in source label.
Starting surface-based mapping
Reading source registration 
 /out/sourcedata/freesurfer/fsaverage/surf/rh.sphere.reg
Rescaling ...  original radius = 100
Reading target surface 
 /out/sourcedata/freesurfer/sub-v1s13x0050005_ses-1/surf/rh.white
Reading target registration 
 /out/sourcedata/freesurfer/sub-v1s13x0050005_ses-1/surf/rh.sphere.reg
Rescaling ...  original radius = 100
Building target registration hash (res=16).
Building source registration hash (res=16).
INFO: found  3437 nlabel points
Performing mapping from target back to the source label 131360
Number of reverse mapping hits = 576
Checking for and removing duplicates
Writing label file ./rh.V2_exvivo.thresh.label 4013
mri_label2label: Done


 mri_label2label --srcsubject fsaverage --srclabel /out/sourcedata/freesurfer/fsaverage/label/rh.MT_exvivo.thresh.label --trgsubject sub-v1s13x0050005_ses-1 --trglabel ./rh.MT_exvivo.thresh.label --hemi rh --regmethod surface 


srclabel = /out/sourcedata/freesurfer/fsaverage/label/rh.MT_exvivo.thresh.label
srcsubject = fsaverage
trgsubject = sub-v1s13x0050005_ses-1
trglabel = ./rh.MT_exvivo.thresh.label
regmethod = surface

srchemi = rh
trghemi = rh
trgsurface = white
srcsurfreg = sphere.reg
trgsurfreg = sphere.reg
usehash = 1
Use ProjAbs  = 0, 0
Use ProjFrac = 0, 0
DoPaint 0

SUBJECTS_DIR    /out/sourcedata/freesurfer
FREESURFER_HOME /opt/freesurfer
Loading source label.
Found 268 points in source label.
Starting surface-based mapping
Reading source registration 
 /out/sourcedata/freesurfer/fsaverage/surf/rh.sphere.reg
Rescaling ...  original radius = 100
Reading target surface 
 /out/sourcedata/freesurfer/sub-v1s13x0050005_ses-1/surf/rh.white
Reading target registration 
 /out/sourcedata/freesurfer/sub-v1s13x0050005_ses-1/surf/rh.sphere.reg
Rescaling ...  original radius = 100
Building target registration hash (res=16).
Building source registration hash (res=16).
INFO: found  268 nlabel points
Performing mapping from target back to the source label 131360
Number of reverse mapping hits = 33
Checking for and removing duplicates
Writing label file ./rh.MT_exvivo.thresh.label 301
mri_label2label: Done


 mri_label2label --srcsubject fsaverage --srclabel /out/sourcedata/freesurfer/fsaverage/label/rh.entorhinal_exvivo.thresh.label --trgsubject sub-v1s13x0050005_ses-1 --trglabel ./rh.entorhinal_exvivo.thresh.label --hemi rh --regmethod surface 


srclabel = /out/sourcedata/freesurfer/fsaverage/label/rh.entorhinal_exvivo.thresh.label
srcsubject = fsaverage
trgsubject = sub-v1s13x0050005_ses-1
trglabel = ./rh.entorhinal_exvivo.thresh.label
regmethod = surface

srchemi = rh
trghemi = rh
trgsurface = white
srcsurfreg = sphere.reg
trgsurfreg = sphere.reg
usehash = 1
Use ProjAbs  = 0, 0
Use ProjFrac = 0, 0
DoPaint 0

SUBJECTS_DIR    /out/sourcedata/freesurfer
FREESURFER_HOME /opt/freesurfer
Loading source label.
Found 694 points in source label.
Starting surface-based mapping
Reading source registration 
 /out/sourcedata/freesurfer/fsaverage/surf/rh.sphere.reg
Rescaling ...  original radius = 100
Reading target surface 
 /out/sourcedata/freesurfer/sub-v1s13x0050005_ses-1/surf/rh.white
Reading target registration 
 /out/sourcedata/freesurfer/sub-v1s13x0050005_ses-1/surf/rh.sphere.reg
Rescaling ...  original radius = 100
Building target registration hash (res=16).
Building source registration hash (res=16).
INFO: found  694 nlabel points
Performing mapping from target back to the source label 131360
Number of reverse mapping hits = 15
Checking for and removing duplicates
Writing label file ./rh.entorhinal_exvivo.thresh.label 709
mri_label2label: Done


 mri_label2label --srcsubject fsaverage --srclabel /out/sourcedata/freesurfer/fsaverage/label/rh.perirhinal_exvivo.thresh.label --trgsubject sub-v1s13x0050005_ses-1 --trglabel ./rh.perirhinal_exvivo.thresh.label --hemi rh --regmethod surface 


srclabel = /out/sourcedata/freesurfer/fsaverage/label/rh.perirhinal_exvivo.thresh.label
srcsubject = fsaverage
trgsubject = sub-v1s13x0050005_ses-1
trglabel = ./rh.perirhinal_exvivo.thresh.label
regmethod = surface

srchemi = rh
trghemi = rh
trgsurface = white
srcsurfreg = sphere.reg
trgsurfreg = sphere.reg
usehash = 1
Use ProjAbs  = 0, 0
Use ProjFrac = 0, 0
DoPaint 0

SUBJECTS_DIR    /out/sourcedata/freesurfer
FREESURFER_HOME /opt/freesurfer
Loading source label.
Found 291 points in source label.
Starting surface-based mapping
Reading source registration 
 /out/sourcedata/freesurfer/fsaverage/surf/rh.sphere.reg
Rescaling ...  original radius = 100
Reading target surface 
 /out/sourcedata/freesurfer/sub-v1s13x0050005_ses-1/surf/rh.white
Reading target registration 
 /out/sourcedata/freesurfer/sub-v1s13x0050005_ses-1/surf/rh.sphere.reg
Rescaling ...  original radius = 100
Building target registration hash (res=16).
Building source registration hash (res=16).
INFO: found  291 nlabel points
Performing mapping from target back to the source label 131360
Number of reverse mapping hits = 2
Checking for and removing duplicates
Writing label file ./rh.perirhinal_exvivo.thresh.label 293
mri_label2label: Done


 mris_label2annot --s sub-v1s13x0050005_ses-1 --hemi rh --ctab /opt/freesurfer/average/colortable_BA.txt --l rh.BA1_exvivo.label --l rh.BA2_exvivo.label --l rh.BA3a_exvivo.label --l rh.BA3b_exvivo.label --l rh.BA4a_exvivo.label --l rh.BA4p_exvivo.label --l rh.BA6_exvivo.label --l rh.BA44_exvivo.label --l rh.BA45_exvivo.label --l rh.V1_exvivo.label --l rh.V2_exvivo.label --l rh.MT_exvivo.label --l rh.perirhinal_exvivo.label --l rh.entorhinal_exvivo.label --a BA_exvivo --maxstatwinner --noverbose 

Reading ctab /opt/freesurfer/average/colortable_BA.txt
Number of ctab entries 15

7.3.2
cwd /out/sourcedata/freesurfer/sub-v1s13x0050005_ses-1/label
cmdline mris_label2annot --s sub-v1s13x0050005_ses-1 --hemi rh --ctab /opt/freesurfer/average/colortable_BA.txt --l rh.BA1_exvivo.label --l rh.BA2_exvivo.label --l rh.BA3a_exvivo.label --l rh.BA3b_exvivo.label --l rh.BA4a_exvivo.label --l rh.BA4p_exvivo.label --l rh.BA6_exvivo.label --l rh.BA44_exvivo.label --l rh.BA45_exvivo.label --l rh.V1_exvivo.label --l rh.V2_exvivo.label --l rh.MT_exvivo.label --l rh.perirhinal_exvivo.label --l rh.entorhinal_exvivo.label --a BA_exvivo --maxstatwinner --noverbose 
sysname  Linux
hostname dna055
machine  x86_64
user     oesteban

subject sub-v1s13x0050005_ses-1
hemi    rh
SUBJECTS_DIR /out/sourcedata/freesurfer
ColorTable /opt/freesurfer/average/colortable_BA.txt
AnnotName  BA_exvivo
nlables 14
LabelThresh 0 0.000000
Loading /out/sourcedata/freesurfer/sub-v1s13x0050005_ses-1/surf/rh.orig
 1 1530880 BA1_exvivo
 2 16749699 BA2_exvivo
 3 16711680 BA3a_exvivo
 4 3368703 BA3b_exvivo
 5 1376196 BA4a_exvivo
 6 13382655 BA4p_exvivo
 7 10036737 BA6_exvivo
 8 2490521 BA44_exvivo
 9 39283 BA45_exvivo
10 3993 V1_exvivo
11 8508928 V2_exvivo
12 10027163 MT_exvivo
13 16422433 perirhinal_exvivo
14 16392598 entorhinal_exvivo
Mapping unhit to unknown
Found 92870 unhit vertices
Writing annot to /out/sourcedata/freesurfer/sub-v1s13x0050005_ses-1/label/rh.BA_exvivo.annot

 mris_label2annot --s sub-v1s13x0050005_ses-1 --hemi rh --ctab /opt/freesurfer/average/colortable_BA.txt --l rh.BA1_exvivo.thresh.label --l rh.BA2_exvivo.thresh.label --l rh.BA3a_exvivo.thresh.label --l rh.BA3b_exvivo.thresh.label --l rh.BA4a_exvivo.thresh.label --l rh.BA4p_exvivo.thresh.label --l rh.BA6_exvivo.thresh.label --l rh.BA44_exvivo.thresh.label --l rh.BA45_exvivo.thresh.label --l rh.V1_exvivo.thresh.label --l rh.V2_exvivo.thresh.label --l rh.MT_exvivo.thresh.label --l rh.perirhinal_exvivo.thresh.label --l rh.entorhinal_exvivo.thresh.label --a BA_exvivo.thresh --maxstatwinner --noverbose 

Reading ctab /opt/freesurfer/average/colortable_BA.txt
Number of ctab entries 15

7.3.2
cwd /out/sourcedata/freesurfer/sub-v1s13x0050005_ses-1/label
cmdline mris_label2annot --s sub-v1s13x0050005_ses-1 --hemi rh --ctab /opt/freesurfer/average/colortable_BA.txt --l rh.BA1_exvivo.thresh.label --l rh.BA2_exvivo.thresh.label --l rh.BA3a_exvivo.thresh.label --l rh.BA3b_exvivo.thresh.label --l rh.BA4a_exvivo.thresh.label --l rh.BA4p_exvivo.thresh.label --l rh.BA6_exvivo.thresh.label --l rh.BA44_exvivo.thresh.label --l rh.BA45_exvivo.thresh.label --l rh.V1_exvivo.thresh.label --l rh.V2_exvivo.thresh.label --l rh.MT_exvivo.thresh.label --l rh.perirhinal_exvivo.thresh.label --l rh.entorhinal_exvivo.thresh.label --a BA_exvivo.thresh --maxstatwinner --noverbose 
sysname  Linux
hostname dna055
machine  x86_64
user     oesteban

subject sub-v1s13x0050005_ses-1
hemi    rh
SUBJECTS_DIR /out/sourcedata/freesurfer
ColorTable /opt/freesurfer/average/colortable_BA.txt
AnnotName  BA_exvivo.thresh
nlables 14
LabelThresh 0 0.000000
Loading /out/sourcedata/freesurfer/sub-v1s13x0050005_ses-1/surf/rh.orig
 1 1530880 BA1_exvivo
 2 16749699 BA2_exvivo
 3 16711680 BA3a_exvivo
 4 3368703 BA3b_exvivo
 5 1376196 BA4a_exvivo
 6 13382655 BA4p_exvivo
 7 10036737 BA6_exvivo
 8 2490521 BA44_exvivo
 9 39283 BA45_exvivo
10 3993 V1_exvivo
11 8508928 V2_exvivo
12 10027163 MT_exvivo
13 16422433 perirhinal_exvivo
14 16392598 entorhinal_exvivo
Mapping unhit to unknown
Found 110122 unhit vertices
Writing annot to /out/sourcedata/freesurfer/sub-v1s13x0050005_ses-1/label/rh.BA_exvivo.thresh.annot

 mris_anatomical_stats -th3 -mgz -noglobal -f ../stats/rh.BA_exvivo.stats -b -a ./rh.BA_exvivo.annot -c ./BA_exvivo.ctab sub-v1s13x0050005_ses-1 rh white 

computing statistics for each annotation in ./rh.BA_exvivo.annot.
reading volume /out/sourcedata/freesurfer/sub-v1s13x0050005_ses-1/mri/wm.mgz...
reading input surface /out/sourcedata/freesurfer/sub-v1s13x0050005_ses-1/surf/rh.white...
reading input pial surface /out/sourcedata/freesurfer/sub-v1s13x0050005_ses-1/surf/rh.pial...
reading input white surface /out/sourcedata/freesurfer/sub-v1s13x0050005_ses-1/surf/rh.white...
INFO: using TH3 volume calc
INFO: assuming MGZ format for volumes.
INFO: not computing global stats
Using TH3 vertex volume calc
Total face volume 258037
Total vertex volume 257823 (mask=0)
Saving annotation colortable ./BA_exvivo.ctab

table columns are:
    number of vertices
    total surface area (mm^2)
    total gray matter volume (mm^3)
    average cortical thickness +- standard deviation (mm)
    integrated rectified mean curvature
    integrated rectified Gaussian curvature
    folding index
    intrinsic curvature index
    structure name

  901    566   2020  2.591 0.576     0.122     0.025       10     0.8  BA1_exvivo
 2841   1911   5269  2.527 0.662     0.102     0.019       21     2.3  BA2_exvivo
 1058    713   1009  1.683 0.478     0.115     0.022        7     0.9  BA3a_exvivo
 2071   1332   2842  1.876 0.636     0.102     0.021       16     1.8  BA3b_exvivo
 1580    878   2817  2.711 0.564     0.095     0.019       12     1.3  BA4a_exvivo
 1298    815   1868  2.367 0.599     0.085     0.015        5     0.8  BA4p_exvivo
 8237   5598  19494  2.868 0.691     0.112     0.021       75     7.3  BA6_exvivo
 3846   2635   8065  2.753 0.554     0.103     0.017       30     2.8  BA44_exvivo
 3900   2787  10088  2.929 0.679     0.119     0.024       43     3.7  BA45_exvivo
 3115   2041   3320  1.573 0.501     0.120     0.028       31     3.7  V1_exvivo
 6771   4612   8637  1.799 0.564     0.135     0.030       78     8.9  V2_exvivo
 1999   1433   3541  2.375 0.580     0.140     0.029       24     2.4  MT_exvivo
  325    228    849  2.996 0.633     0.063     0.010        1     0.1  perirhinal_exvivo
  548    350   1877  3.358 0.870     0.115     0.036        6     0.8  entorhinal_exvivo

 mris_anatomical_stats -th3 -mgz -f ../stats/rh.BA_exvivo.thresh.stats -noglobal -b -a ./rh.BA_exvivo.thresh.annot -c ./BA_exvivo.thresh.ctab sub-v1s13x0050005_ses-1 rh white 

computing statistics for each annotation in ./rh.BA_exvivo.thresh.annot.
reading volume /out/sourcedata/freesurfer/sub-v1s13x0050005_ses-1/mri/wm.mgz...
reading input surface /out/sourcedata/freesurfer/sub-v1s13x0050005_ses-1/surf/rh.white...
reading input pial surface /out/sourcedata/freesurfer/sub-v1s13x0050005_ses-1/surf/rh.pial...
reading input white surface /out/sourcedata/freesurfer/sub-v1s13x0050005_ses-1/surf/rh.white...
INFO: using TH3 volume calc
INFO: assuming MGZ format for volumes.
INFO: not computing global stats
Using TH3 vertex volume calc
Total face volume 258037
Total vertex volume 257823 (mask=0)
Saving annotation colortable ./BA_exvivo.thresh.ctab

table columns are:
    number of vertices
    total surface area (mm^2)
    total gray matter volume (mm^3)
    average cortical thickness +- standard deviation (mm)
    integrated rectified mean curvature
    integrated rectified Gaussian curvature
    folding index
    intrinsic curvature index
    structure name

  661    402   1446  2.518 0.595     0.127     0.026        8     0.7  BA1_exvivo
 1723   1131   3483  2.618 0.685     0.087     0.016       12     1.1  BA2_exvivo
  974    664    856  1.651 0.429     0.120     0.022        6     1.0  BA3a_exvivo
 1598   1048   1872  1.690 0.558     0.090     0.018       10     1.1  BA3b_exvivo
  957    517   1827  2.777 0.527     0.103     0.023        9     0.9  BA4a_exvivo
 1071    667   1520  2.382 0.613     0.079     0.014        4     0.6  BA4p_exvivo
 5103   3464  11903  2.765 0.730     0.114     0.021       48     4.5  BA6_exvivo
  901    632   2189  2.757 0.580     0.111     0.021       11     0.7  BA44_exvivo
 1026    757   3199  3.169 0.612     0.128     0.030       13     1.2  BA45_exvivo
 2936   1902   3006  1.543 0.475     0.118     0.028       29     3.4  V1_exvivo
 3481   2386   4493  1.760 0.523     0.136     0.031       41     4.9  V2_exvivo
  262    191    412  2.214 0.500     0.128     0.026        2     0.3  MT_exvivo
   27     19     59  2.906 0.389     0.047     0.008        0     0.0  perirhinal_exvivo
  518    338   1747  3.411 0.669     0.090     0.023        3     0.5  entorhinal_exvivo

Started at Sat Apr 4 15:27:07 CEST 2026 
Ended   at Sat Apr 4 15:29:57 CEST 2026
#@#%# recon-all-run-time-hours 0.047
recon-all -s sub-v1s13x0050005_ses-1 finished without error at Sat Apr  4 15:29:57 CEST 2026
