
Sat Apr  4 13:05:34 CEST 2026
cd /out/sourcedata/freesurfer/sub-v1s13x0050005_ses-1
setenv SUBJECTS_DIR /out/sourcedata/freesurfer
/opt/freesurfer/bin/recon-all -autorecon-hemi lh -noparcstats -noparcstats2 -noparcstats3 -nohyporelabel -nobalabels -lh-only -openmp 16 -subjid sub-v1s13x0050005_ses-1 -sd /out/sourcedata/freesurfer

subjid sub-v1s13x0050005_ses-1
setenv SUBJECTS_DIR /out/sourcedata/freesurfer
FREESURFER_HOME /opt/freesurfer
Actual FREESURFER_HOME /opt/freesurfer
build-stamp.txt: freesurfer-linux-ubuntu22_x86_64-7.3.2-20220804-6354275
Linux dna055 5.14.0-427.37.1.el9_4.x86_64 #1 SMP PREEMPT_DYNAMIC Fri Sep 13 12:41:50 EDT 2024 x86_64 x86_64 x86_64 GNU/Linux
cputime      unlimited
filesize     unlimited
datasize     unlimited
stacksize    8192 kbytes
coredumpsize 0 kbytes
memoryuse    67108864 kbytes
vmemoryuse   unlimited
descriptors  1024 
memorylocked unlimited
maxproc      2061970 
maxlocks     unlimited
maxsignal    2061970 
maxmessage   819200 
maxnice      0 
maxrtprio    0 
maxrttime    unlimited

               total        used        free      shared  buff/cache   available
Mem:           503Gi        50Gi       414Gi       7.3Gi        37Gi       442Gi
Swap:             0B          0B          0B

########################################
program versions used
7.3.2 (freesurfer-linux-ubuntu22_x86_64-7.3.2-20220804-6354275)
7.3.2

ProgramName: lta_convert  ProgramArguments: lta_convert -all-info  ProgramVersion: 7.3.2  TimeStamp: 2026/04/04-11:05:34-GMT  BuildTime: Aug  4 2022 06:17:15  BuildStamp: freesurfer-linux-ubuntu22_x86_64-7.3.2-20220804-6354275  User: oesteban  Machine: dna055  Platform: Linux  PlatformVersion: 5.14.0-427.37.1.el9_4.x86_64  CompilerName: GCC  CompilerVersion: 8.4.0
ProgramName: mri_and  ProgramArguments: mri_and -all-info  ProgramVersion: 7.3.2  TimeStamp: 2026/04/04-11:05:34-GMT  BuildTime: Aug  4 2022 06:17:15  BuildStamp: freesurfer-linux-ubuntu22_x86_64-7.3.2-20220804-6354275  User: oesteban  Machine: dna055  Platform: Linux  PlatformVersion: 5.14.0-427.37.1.el9_4.x86_64  CompilerName: GCC  CompilerVersion: 8.4.0
ProgramName: mri_annotation2label  ProgramArguments: mri_annotation2label -all-info  ProgramVersion: 7.3.2  TimeStamp: 2026/04/04-11:05:34-GMT  BuildTime: Aug  4 2022 06:17:15  BuildStamp: freesurfer-linux-ubuntu22_x86_64-7.3.2-20220804-6354275  User: oesteban  Machine: dna055  Platform: Linux  PlatformVersion: 5.14.0-427.37.1.el9_4.x86_64  CompilerName: GCC  CompilerVersion: 8.4.0
ProgramName: mri_aparc2aseg  ProgramArguments: mri_aparc2aseg -all-info  ProgramVersion: 7.3.2  TimeStamp: 2026/04/04-11:05:34-GMT  BuildTime: Aug  4 2022 06:17:15  BuildStamp: freesurfer-linux-ubuntu22_x86_64-7.3.2-20220804-6354275  User: oesteban  Machine: dna055  Platform: Linux  PlatformVersion: 5.14.0-427.37.1.el9_4.x86_64  CompilerName: GCC  CompilerVersion: 8.4.0
ProgramName: mri_surf2volseg  ProgramArguments: mri_surf2volseg -all-info  ProgramVersion: 7.3.2  TimeStamp: 2026/04/04-11:05:34-GMT  BuildTime: Aug  4 2022 06:17:15  BuildStamp: freesurfer-linux-ubuntu22_x86_64-7.3.2-20220804-6354275  User: oesteban  Machine: dna055  Platform: Linux  PlatformVersion: 5.14.0-427.37.1.el9_4.x86_64  CompilerName: GCC  CompilerVersion: 8.4.0
ProgramName: mri_binarize  ProgramArguments: mri_binarize -all-info  ProgramVersion: 7.3.2  TimeStamp: 2026/04/04-11:05:34-GMT  BuildTime: Aug  4 2022 06:17:15  BuildStamp: freesurfer-linux-ubuntu22_x86_64-7.3.2-20220804-6354275  User: oesteban  Machine: dna055  Platform: Linux  PlatformVersion: 5.14.0-427.37.1.el9_4.x86_64  CompilerName: GCC  CompilerVersion: 8.4.0
ProgramName: mri_ca_label  ProgramArguments: mri_ca_label -all-info  ProgramVersion: 7.3.2  TimeStamp: 2026/04/04-11:05:34-GMT  BuildTime: Aug  4 2022 06:17:15  BuildStamp: freesurfer-linux-ubuntu22_x86_64-7.3.2-20220804-6354275  User: oesteban  Machine: dna055  Platform: Linux  PlatformVersion: 5.14.0-427.37.1.el9_4.x86_64  CompilerName: GCC  CompilerVersion: 8.4.0
ProgramName: mri_ca_normalize  ProgramArguments: mri_ca_normalize -all-info  ProgramVersion: 7.3.2  TimeStamp: 2026/04/04-11:05:34-GMT  BuildTime: Aug  4 2022 06:17:15  BuildStamp: freesurfer-linux-ubuntu22_x86_64-7.3.2-20220804-6354275  User: oesteban  Machine: dna055  Platform: Linux  PlatformVersion: 5.14.0-427.37.1.el9_4.x86_64  CompilerName: GCC  CompilerVersion: 8.4.0
ProgramName: mri_ca_register  ProgramArguments: mri_ca_register -all-info  ProgramVersion: 7.3.2  TimeStamp: 2026/04/04-11:05:34-GMT  BuildTime: Aug  4 2022 06:17:15  BuildStamp: freesurfer-linux-ubuntu22_x86_64-7.3.2-20220804-6354275  User: oesteban  Machine: dna055  Platform: Linux  PlatformVersion: 5.14.0-427.37.1.el9_4.x86_64  CompilerName: GCC  CompilerVersion: 8.4.0
ProgramName: mri_cc  ProgramArguments: mri_cc -all-info  ProgramVersion: 7.3.2  TimeStamp: 2026/04/04-11:05:34-GMT  BuildTime: Aug  4 2022 06:17:15  BuildStamp: freesurfer-linux-ubuntu22_x86_64-7.3.2-20220804-6354275  User: oesteban  Machine: dna055  Platform: Linux  PlatformVersion: 5.14.0-427.37.1.el9_4.x86_64  CompilerName: GCC  CompilerVersion: 8.4.0
ProgramName: mri_compute_overlap  ProgramArguments: mri_compute_overlap -all-info  ProgramVersion: 7.3.2  TimeStamp: 2026/04/04-11:05:34-GMT  BuildTime: Aug  4 2022 06:17:15  BuildStamp: freesurfer-linux-ubuntu22_x86_64-7.3.2-20220804-6354275  User: oesteban  Machine: dna055  Platform: Linux  PlatformVersion: 5.14.0-427.37.1.el9_4.x86_64  CompilerName: GCC  CompilerVersion: 8.4.0
ProgramName: mri_compute_seg_overlap  ProgramArguments: mri_compute_seg_overlap -all-info  ProgramVersion: 7.3.2  TimeStamp: 2026/04/04-11:05:34-GMT  BuildTime: Aug  4 2022 06:17:15  BuildStamp: freesurfer-linux-ubuntu22_x86_64-7.3.2-20220804-6354275  User: oesteban  Machine: dna055  Platform: Linux  PlatformVersion: 5.14.0-427.37.1.el9_4.x86_64  CompilerName: GCC  CompilerVersion: 8.4.0
ProgramName: mri_concat  ProgramArguments: mri_concat -all-info  ProgramVersion: 7.3.2  TimeStamp: 2026/04/04-11:05:34-GMT  BuildTime: Aug  4 2022 06:17:15  BuildStamp: freesurfer-linux-ubuntu22_x86_64-7.3.2-20220804-6354275  User: oesteban  Machine: dna055  Platform: Linux  PlatformVersion: 5.14.0-427.37.1.el9_4.x86_64  CompilerName: GCC  CompilerVersion: 8.4.0
ProgramName: mri_concatenate_lta  ProgramArguments: mri_concatenate_lta -all-info  ProgramVersion: 7.3.2  TimeStamp: 2026/04/04-11:05:34-GMT  BuildTime: Aug  4 2022 06:17:15  BuildStamp: freesurfer-linux-ubuntu22_x86_64-7.3.2-20220804-6354275  User: oesteban  Machine: dna055  Platform: Linux  PlatformVersion: 5.14.0-427.37.1.el9_4.x86_64  CompilerName: GCC  CompilerVersion: 8.4.0
mri_convert -all-info 
ProgramName: mri_convert  ProgramArguments: mri_convert -all-info  ProgramVersion: 7.3.2  TimeStamp: 2026/04/04-11:05:34-GMT  BuildTime: Aug  4 2022 06:17:15  BuildStamp: freesurfer-linux-ubuntu22_x86_64-7.3.2-20220804-6354275  User: oesteban  Machine: dna055  Platform: Linux  PlatformVersion: 5.14.0-427.37.1.el9_4.x86_64  CompilerName: GCC  CompilerVersion: 8.4.0
ProgramName: mri_diff  ProgramArguments: mri_diff -all-info  ProgramVersion: 7.3.2  TimeStamp: 2026/04/04-11:05:34-GMT  BuildTime: Aug  4 2022 06:17:15  BuildStamp: freesurfer-linux-ubuntu22_x86_64-7.3.2-20220804-6354275  User: oesteban  Machine: dna055  Platform: Linux  PlatformVersion: 5.14.0-427.37.1.el9_4.x86_64  CompilerName: GCC  CompilerVersion: 8.4.0
ProgramName: mri_edit_wm_with_aseg  ProgramArguments: mri_edit_wm_with_aseg -all-info  ProgramVersion: 7.3.2  TimeStamp: 2026/04/04-11:05:34-GMT  BuildTime: Aug  4 2022 06:17:15  BuildStamp: freesurfer-linux-ubuntu22_x86_64-7.3.2-20220804-6354275  User: oesteban  Machine: dna055  Platform: Linux  PlatformVersion: 5.14.0-427.37.1.el9_4.x86_64  CompilerName: GCC  CompilerVersion: 8.4.0
ProgramName: mri_em_register  ProgramArguments: mri_em_register -all-info  ProgramVersion: 7.3.2  TimeStamp: 2026/04/04-11:05:34-GMT  BuildTime: Aug  4 2022 06:17:15  BuildStamp: freesurfer-linux-ubuntu22_x86_64-7.3.2-20220804-6354275  User: oesteban  Machine: dna055  Platform: Linux  PlatformVersion: 5.14.0-427.37.1.el9_4.x86_64  CompilerName: GCC  CompilerVersion: 8.4.0
ProgramName: mri_fill  ProgramArguments: mri_fill -all-info  ProgramVersion: 7.3.2  TimeStamp: 2026/04/04-11:05:34-GMT  BuildTime: Aug  4 2022 06:17:15  BuildStamp: freesurfer-linux-ubuntu22_x86_64-7.3.2-20220804-6354275  User: oesteban  Machine: dna055  Platform: Linux  PlatformVersion: 5.14.0-427.37.1.el9_4.x86_64  CompilerName: GCC  CompilerVersion: 8.4.0
ProgramName: mri_fuse_segmentations  ProgramArguments: mri_fuse_segmentations -all-info  ProgramVersion: 7.3.2  TimeStamp: 2026/04/04-11:05:34-GMT  BuildTime: Aug  4 2022 06:17:15  BuildStamp: freesurfer-linux-ubuntu22_x86_64-7.3.2-20220804-6354275  User: oesteban  Machine: dna055  Platform: Linux  PlatformVersion: 5.14.0-427.37.1.el9_4.x86_64  CompilerName: GCC  CompilerVersion: 8.4.0
ProgramName: mri_fwhm  ProgramArguments: mri_fwhm -all-info  ProgramVersion: 7.3.2  TimeStamp: 2026/04/04-11:05:34-GMT  BuildTime: Aug  4 2022 06:17:15  BuildStamp: freesurfer-linux-ubuntu22_x86_64-7.3.2-20220804-6354275  User: oesteban  Machine: dna055  Platform: Linux  PlatformVersion: 5.14.0-427.37.1.el9_4.x86_64  CompilerName: GCC  CompilerVersion: 8.4.0
ProgramName: mri_gcut  ProgramArguments: mri_gcut -all-info  ProgramVersion: 7.3.2  TimeStamp: 2026/04/04-11:05:34-GMT  BuildTime: Aug  4 2022 06:17:15  BuildStamp: freesurfer-linux-ubuntu22_x86_64-7.3.2-20220804-6354275  User: oesteban  Machine: dna055  Platform: Linux  PlatformVersion: 5.14.0-427.37.1.el9_4.x86_64  CompilerName: GCC  CompilerVersion: 8.4.0
ProgramName: mri_info  ProgramArguments: mri_info -all-info  ProgramVersion: 7.3.2  TimeStamp: 2026/04/04-11:05:34-GMT  BuildTime: Aug  4 2022 06:17:15  BuildStamp: freesurfer-linux-ubuntu22_x86_64-7.3.2-20220804-6354275  User: oesteban  Machine: dna055  Platform: Linux  PlatformVersion: 5.14.0-427.37.1.el9_4.x86_64  CompilerName: GCC  CompilerVersion: 8.4.0
ProgramName: mri_label2label  ProgramArguments: mri_label2label -all-info  ProgramVersion: 7.3.2  TimeStamp: 2026/04/04-11:05:34-GMT  BuildTime: Aug  4 2022 06:17:15  BuildStamp: freesurfer-linux-ubuntu22_x86_64-7.3.2-20220804-6354275  User: oesteban  Machine: dna055  Platform: Linux  PlatformVersion: 5.14.0-427.37.1.el9_4.x86_64  CompilerName: GCC  CompilerVersion: 8.4.0
ProgramName: mri_label2vol  ProgramArguments: mri_label2vol -all-info  ProgramVersion: 7.3.2  TimeStamp: 2026/04/04-11:05:34-GMT  BuildTime: Aug  4 2022 06:17:15  BuildStamp: freesurfer-linux-ubuntu22_x86_64-7.3.2-20220804-6354275  User: oesteban  Machine: dna055  Platform: Linux  PlatformVersion: 5.14.0-427.37.1.el9_4.x86_64  CompilerName: GCC  CompilerVersion: 8.4.0
ProgramName: mri_log_likelihood  ProgramArguments: mri_log_likelihood -all-info  ProgramVersion: 7.3.2  TimeStamp: 2026/04/04-11:05:34-GMT  BuildTime: Aug  4 2022 06:17:15  BuildStamp: freesurfer-linux-ubuntu22_x86_64-7.3.2-20220804-6354275  User: oesteban  Machine: dna055  Platform: Linux  PlatformVersion: 5.14.0-427.37.1.el9_4.x86_64  CompilerName: GCC  CompilerVersion: 8.4.0
ProgramName: mri_mask  ProgramArguments: mri_mask -all-info  ProgramVersion: 7.3.2  TimeStamp: 2026/04/04-11:05:34-GMT  BuildTime: Aug  4 2022 06:17:15  BuildStamp: freesurfer-linux-ubuntu22_x86_64-7.3.2-20220804-6354275  User: oesteban  Machine: dna055  Platform: Linux  PlatformVersion: 5.14.0-427.37.1.el9_4.x86_64  CompilerName: GCC  CompilerVersion: 8.4.0
ProgramName: mri_matrix_multiply  ProgramArguments: mri_matrix_multiply -all-info  ProgramVersion: 7.3.2  TimeStamp: 2026/04/04-11:05:34-GMT  BuildTime: Aug  4 2022 06:17:15  BuildStamp: freesurfer-linux-ubuntu22_x86_64-7.3.2-20220804-6354275  User: oesteban  Machine: dna055  Platform: Linux  PlatformVersion: 5.14.0-427.37.1.el9_4.x86_64  CompilerName: GCC  CompilerVersion: 8.4.0
ProgramName: mri_normalize  ProgramArguments: mri_normalize -all-info  ProgramVersion: 7.3.2  TimeStamp: 2026/04/04-11:05:34-GMT  BuildTime: Aug  4 2022 06:17:15  BuildStamp: freesurfer-linux-ubuntu22_x86_64-7.3.2-20220804-6354275  User: oesteban  Machine: dna055  Platform: Linux  PlatformVersion: 5.14.0-427.37.1.el9_4.x86_64  CompilerName: GCC  CompilerVersion: 8.4.0
ProgramName: mri_normalize_tp2  ProgramArguments: mri_normalize_tp2 -all-info  ProgramVersion: 7.3.2  TimeStamp: 2026/04/04-11:05:34-GMT  BuildTime: Aug  4 2022 06:17:15  BuildStamp: freesurfer-linux-ubuntu22_x86_64-7.3.2-20220804-6354275  User: oesteban  Machine: dna055  Platform: Linux  PlatformVersion: 5.14.0-427.37.1.el9_4.x86_64  CompilerName: GCC  CompilerVersion: 8.4.0
ProgramName: mri_or  ProgramArguments: mri_or -all-info  ProgramVersion: 7.3.2  TimeStamp: 2026/04/04-11:05:34-GMT  BuildTime: Aug  4 2022 06:17:15  BuildStamp: freesurfer-linux-ubuntu22_x86_64-7.3.2-20220804-6354275  User: oesteban  Machine: dna055  Platform: Linux  PlatformVersion: 5.14.0-427.37.1.el9_4.x86_64  CompilerName: GCC  CompilerVersion: 8.4.0
ProgramName: mri_relabel_hypointensities  ProgramArguments: mri_relabel_hypointensities -all-info  ProgramVersion: 7.3.2  TimeStamp: 2026/04/04-11:05:34-GMT  BuildTime: Aug  4 2022 06:17:15  BuildStamp: freesurfer-linux-ubuntu22_x86_64-7.3.2-20220804-6354275  User: oesteban  Machine: dna055  Platform: Linux  PlatformVersion: 5.14.0-427.37.1.el9_4.x86_64  CompilerName: GCC  CompilerVersion: 8.4.0
ProgramName: mri_relabel_nonwm_hypos  ProgramArguments: mri_relabel_nonwm_hypos -all-info  ProgramVersion: 7.3.2  TimeStamp: 2026/04/04-11:05:34-GMT  BuildTime: Aug  4 2022 06:17:15  BuildStamp: freesurfer-linux-ubuntu22_x86_64-7.3.2-20220804-6354275  User: oesteban  Machine: dna055  Platform: Linux  PlatformVersion: 5.14.0-427.37.1.el9_4.x86_64  CompilerName: GCC  CompilerVersion: 8.4.0
ProgramName: mri_remove_neck  ProgramArguments: mri_remove_neck -all-info  ProgramVersion: 7.3.2  TimeStamp: 2026/04/04-11:05:34-GMT  BuildTime: Aug  4 2022 06:17:15  BuildStamp: freesurfer-linux-ubuntu22_x86_64-7.3.2-20220804-6354275  User: oesteban  Machine: dna055  Platform: Linux  PlatformVersion: 5.14.0-427.37.1.el9_4.x86_64  CompilerName: GCC  CompilerVersion: 8.4.0
7.3.2

ProgramName: mri_robust_register  ProgramArguments: mri_robust_register -all-info  ProgramVersion: 7.3.2  TimeStamp: 2026/04/04-11:05:34-GMT  BuildTime: Aug  4 2022 06:17:15  BuildStamp: freesurfer-linux-ubuntu22_x86_64-7.3.2-20220804-6354275  User: oesteban  Machine: dna055  Platform: Linux  PlatformVersion: 5.14.0-427.37.1.el9_4.x86_64  CompilerName: GCC  CompilerVersion: 8.4.0
7.3.2

ProgramName: mri_robust_template  ProgramArguments: mri_robust_template -all-info  ProgramVersion: 7.3.2  TimeStamp: 2026/04/04-11:05:34-GMT  BuildTime: Aug  4 2022 06:17:15  BuildStamp: freesurfer-linux-ubuntu22_x86_64-7.3.2-20220804-6354275  User: oesteban  Machine: dna055  Platform: Linux  PlatformVersion: 5.14.0-427.37.1.el9_4.x86_64  CompilerName: GCC  CompilerVersion: 8.4.0
ProgramName: mris_anatomical_stats  ProgramArguments: mris_anatomical_stats -all-info  ProgramVersion: 7.3.2  TimeStamp: 2026/04/04-11:05:34-GMT  BuildTime: Aug  4 2022 06:17:15  BuildStamp: freesurfer-linux-ubuntu22_x86_64-7.3.2-20220804-6354275  User: oesteban  Machine: dna055  Platform: Linux  PlatformVersion: 5.14.0-427.37.1.el9_4.x86_64  CompilerName: GCC  CompilerVersion: 8.4.0
ProgramName: mris_ca_label  ProgramArguments: mris_ca_label -all-info  ProgramVersion: 7.3.2  TimeStamp: 2026/04/04-11:05:34-GMT  BuildTime: Aug  4 2022 06:17:15  BuildStamp: freesurfer-linux-ubuntu22_x86_64-7.3.2-20220804-6354275  User: oesteban  Machine: dna055  Platform: Linux  PlatformVersion: 5.14.0-427.37.1.el9_4.x86_64  CompilerName: GCC  CompilerVersion: 8.4.0
ProgramName: mris_calc  ProgramArguments: mris_calc -all-info  ProgramVersion: 7.3.2  TimeStamp: 2026/04/04-11:05:34-GMT  BuildTime: Aug  4 2022 06:17:15  BuildStamp: freesurfer-linux-ubuntu22_x86_64-7.3.2-20220804-6354275  User: oesteban  Machine: dna055  Platform: Linux  PlatformVersion: 5.14.0-427.37.1.el9_4.x86_64  CompilerName: GCC  CompilerVersion: 8.4.0
ProgramName: mris_convert  ProgramArguments: mris_convert -all-info  ProgramVersion: 7.3.2  TimeStamp: 2026/04/04-11:05:34-GMT  BuildTime: Aug  4 2022 06:17:15  BuildStamp: freesurfer-linux-ubuntu22_x86_64-7.3.2-20220804-6354275  User: oesteban  Machine: dna055  Platform: Linux  PlatformVersion: 5.14.0-427.37.1.el9_4.x86_64  CompilerName: GCC  CompilerVersion: 8.4.0
ProgramName: mris_curvature  ProgramArguments: mris_curvature -all-info  ProgramVersion: 7.3.2  TimeStamp: 2026/04/04-11:05:34-GMT  BuildTime: Aug  4 2022 06:17:15  BuildStamp: freesurfer-linux-ubuntu22_x86_64-7.3.2-20220804-6354275  User: oesteban  Machine: dna055  Platform: Linux  PlatformVersion: 5.14.0-427.37.1.el9_4.x86_64  CompilerName: GCC  CompilerVersion: 8.4.0
ProgramName: mris_curvature_stats  ProgramArguments: mris_curvature_stats -all-info  ProgramVersion: 7.3.2  TimeStamp: 2026/04/04-11:05:34-GMT  BuildTime: Aug  4 2022 06:17:15  BuildStamp: freesurfer-linux-ubuntu22_x86_64-7.3.2-20220804-6354275  User: oesteban  Machine: dna055  Platform: Linux  PlatformVersion: 5.14.0-427.37.1.el9_4.x86_64  CompilerName: GCC  CompilerVersion: 8.4.0
ProgramName: mris_diff  ProgramArguments: mris_diff -all-info  ProgramVersion: 7.3.2  TimeStamp: 2026/04/04-11:05:34-GMT  BuildTime: Aug  4 2022 06:17:15  BuildStamp: freesurfer-linux-ubuntu22_x86_64-7.3.2-20220804-6354275  User: oesteban  Machine: dna055  Platform: Linux  PlatformVersion: 5.14.0-427.37.1.el9_4.x86_64  CompilerName: GCC  CompilerVersion: 8.4.0
ProgramName: mris_divide_parcellation  ProgramArguments: mris_divide_parcellation -all-info  ProgramVersion: 7.3.2  TimeStamp: 2026/04/04-11:05:34-GMT  BuildTime: Aug  4 2022 06:17:15  BuildStamp: freesurfer-linux-ubuntu22_x86_64-7.3.2-20220804-6354275  User: oesteban  Machine: dna055  Platform: Linux  PlatformVersion: 5.14.0-427.37.1.el9_4.x86_64  CompilerName: GCC  CompilerVersion: 8.4.0
ProgramName: mri_segment  ProgramArguments: mri_segment -all-info  ProgramVersion: 7.3.2  TimeStamp: 2026/04/04-11:05:34-GMT  BuildTime: Aug  4 2022 06:17:15  BuildStamp: freesurfer-linux-ubuntu22_x86_64-7.3.2-20220804-6354275  User: oesteban  Machine: dna055  Platform: Linux  PlatformVersion: 5.14.0-427.37.1.el9_4.x86_64  CompilerName: GCC  CompilerVersion: 8.4.0
ProgramName: mri_segstats  ProgramArguments: mri_segstats -all-info  ProgramVersion: 7.3.2  TimeStamp: 2026/04/04-11:05:34-GMT  BuildTime: Aug  4 2022 06:17:15  BuildStamp: freesurfer-linux-ubuntu22_x86_64-7.3.2-20220804-6354275  User: oesteban  Machine: dna055  Platform: Linux  PlatformVersion: 5.14.0-427.37.1.el9_4.x86_64  CompilerName: GCC  CompilerVersion: 8.4.0
ProgramName: mris_euler_number  ProgramArguments: mris_euler_number -all-info  ProgramVersion: 7.3.2  TimeStamp: 2026/04/04-11:05:34-GMT  BuildTime: Aug  4 2022 06:17:15  BuildStamp: freesurfer-linux-ubuntu22_x86_64-7.3.2-20220804-6354275  User: oesteban  Machine: dna055  Platform: Linux  PlatformVersion: 5.14.0-427.37.1.el9_4.x86_64  CompilerName: GCC  CompilerVersion: 8.4.0
ProgramName: mris_fix_topology  ProgramArguments: mris_fix_topology -all-info  ProgramVersion: 7.3.2  TimeStamp: 2026/04/04-11:05:34-GMT  BuildTime: Aug  4 2022 06:17:15  BuildStamp: freesurfer-linux-ubuntu22_x86_64-7.3.2-20220804-6354275  User: oesteban  Machine: dna055  Platform: Linux  PlatformVersion: 5.14.0-427.37.1.el9_4.x86_64  CompilerName: GCC  CompilerVersion: 8.4.0
ProgramName: mris_topo_fixer  ProgramArguments: mris_topo_fixer -all-info  ProgramVersion: 7.3.2  TimeStamp: 2026/04/04-11:05:34-GMT  BuildTime: Aug  4 2022 06:17:15  BuildStamp: freesurfer-linux-ubuntu22_x86_64-7.3.2-20220804-6354275  User: oesteban  Machine: dna055  Platform: Linux  PlatformVersion: 5.14.0-427.37.1.el9_4.x86_64  CompilerName: GCC  CompilerVersion: 8.4.0
ProgramName: mris_jacobian  ProgramArguments: mris_jacobian -all-info  ProgramVersion: 7.3.2  TimeStamp: 2026/04/04-11:05:34-GMT  BuildTime: Aug  4 2022 06:17:15  BuildStamp: freesurfer-linux-ubuntu22_x86_64-7.3.2-20220804-6354275  User: oesteban  Machine: dna055  Platform: Linux  PlatformVersion: 5.14.0-427.37.1.el9_4.x86_64  CompilerName: GCC  CompilerVersion: 8.4.0
ProgramName: mris_label2annot  ProgramArguments: mris_label2annot -all-info  ProgramVersion: 7.3.2  TimeStamp: 2026/04/04-11:05:34-GMT  BuildTime: Aug  4 2022 06:17:15  BuildStamp: freesurfer-linux-ubuntu22_x86_64-7.3.2-20220804-6354275  User: oesteban  Machine: dna055  Platform: Linux  PlatformVersion: 5.14.0-427.37.1.el9_4.x86_64  CompilerName: GCC  CompilerVersion: 8.4.0
ProgramName: mris_left_right_register  ProgramArguments: mris_left_right_register -all-info  ProgramVersion: 7.3.2  TimeStamp: 2026/04/04-11:05:34-GMT  BuildTime: Aug  4 2022 06:17:15  BuildStamp: freesurfer-linux-ubuntu22_x86_64-7.3.2-20220804-6354275  User: oesteban  Machine: dna055  Platform: Linux  PlatformVersion: 5.14.0-427.37.1.el9_4.x86_64  CompilerName: GCC  CompilerVersion: 8.4.0
ProgramName: mris_place_surface  ProgramArguments: mris_place_surface -all-info  ProgramVersion: 7.3.2  TimeStamp: 2026/04/04-11:05:34-GMT  BuildTime: Aug  4 2022 06:17:15  BuildStamp: freesurfer-linux-ubuntu22_x86_64-7.3.2-20220804-6354275  User: oesteban  Machine: dna055  Platform: Linux  PlatformVersion: 5.14.0-427.37.1.el9_4.x86_64  CompilerName: GCC  CompilerVersion: 8.4.0
ProgramName: mrisp_paint  ProgramArguments: mrisp_paint -all-info  ProgramVersion: 7.3.2  TimeStamp: 2026/04/04-11:05:34-GMT  BuildTime: Aug  4 2022 06:17:15  BuildStamp: freesurfer-linux-ubuntu22_x86_64-7.3.2-20220804-6354275  User: oesteban  Machine: dna055  Platform: Linux  PlatformVersion: 5.14.0-427.37.1.el9_4.x86_64  CompilerName: GCC  CompilerVersion: 8.4.0
ProgramName: mris_register  ProgramArguments: mris_register -all-info  ProgramVersion: 7.3.2  TimeStamp: 2026/04/04-11:05:34-GMT  BuildTime: Aug  4 2022 06:17:15  BuildStamp: freesurfer-linux-ubuntu22_x86_64-7.3.2-20220804-6354275  User: oesteban  Machine: dna055  Platform: Linux  PlatformVersion: 5.14.0-427.37.1.el9_4.x86_64  CompilerName: GCC  CompilerVersion: 8.4.0
ProgramName: mris_smooth  ProgramArguments: mris_smooth -all-info  ProgramVersion: 7.3.2  TimeStamp: 2026/04/04-11:05:34-GMT  BuildTime: Aug  4 2022 06:17:15  BuildStamp: freesurfer-linux-ubuntu22_x86_64-7.3.2-20220804-6354275  User: oesteban  Machine: dna055  Platform: Linux  PlatformVersion: 5.14.0-427.37.1.el9_4.x86_64  CompilerName: GCC  CompilerVersion: 8.4.0
ProgramName: mris_sphere  ProgramArguments: mris_sphere -all-info  ProgramVersion: 7.3.2  TimeStamp: 2026/04/04-11:05:34-GMT  BuildTime: Aug  4 2022 06:17:15  BuildStamp: freesurfer-linux-ubuntu22_x86_64-7.3.2-20220804-6354275  User: oesteban  Machine: dna055  Platform: Linux  PlatformVersion: 5.14.0-427.37.1.el9_4.x86_64  CompilerName: GCC  CompilerVersion: 8.4.0
ProgramName: mris_surface_stats  ProgramArguments: mris_surface_stats -all-info  ProgramVersion: 7.3.2  TimeStamp: 2026/04/04-11:05:34-GMT  BuildTime: Aug  4 2022 06:17:15  BuildStamp: freesurfer-linux-ubuntu22_x86_64-7.3.2-20220804-6354275  User: oesteban  Machine: dna055  Platform: Linux  PlatformVersion: 5.14.0-427.37.1.el9_4.x86_64  CompilerName: GCC  CompilerVersion: 8.4.0
ProgramName: mri_stats2seg  ProgramArguments: mri_stats2seg -all-info  ProgramVersion: 7.3.2  TimeStamp: 2026/04/04-11:05:34-GMT  BuildTime: Aug  4 2022 06:17:15  BuildStamp: freesurfer-linux-ubuntu22_x86_64-7.3.2-20220804-6354275  User: oesteban  Machine: dna055  Platform: Linux  PlatformVersion: 5.14.0-427.37.1.el9_4.x86_64  CompilerName: GCC  CompilerVersion: 8.4.0
ProgramName: mris_thickness  ProgramArguments: mris_thickness -all-info  ProgramVersion: 7.3.2  TimeStamp: 2026/04/04-11:05:34-GMT  BuildTime: Aug  4 2022 06:17:15  BuildStamp: freesurfer-linux-ubuntu22_x86_64-7.3.2-20220804-6354275  User: oesteban  Machine: dna055  Platform: Linux  PlatformVersion: 5.14.0-427.37.1.el9_4.x86_64  CompilerName: GCC  CompilerVersion: 8.4.0
ProgramName: mris_thickness_diff  ProgramArguments: mris_thickness_diff -all-info  ProgramVersion: 7.3.2  TimeStamp: 2026/04/04-11:05:34-GMT  BuildTime: Aug  4 2022 06:17:15  BuildStamp: freesurfer-linux-ubuntu22_x86_64-7.3.2-20220804-6354275  User: oesteban  Machine: dna055  Platform: Linux  PlatformVersion: 5.14.0-427.37.1.el9_4.x86_64  CompilerName: GCC  CompilerVersion: 8.4.0
ProgramName: mris_topo_fixer  ProgramArguments: mris_topo_fixer -all-info  ProgramVersion: 7.3.2  TimeStamp: 2026/04/04-11:05:34-GMT  BuildTime: Aug  4 2022 06:17:15  BuildStamp: freesurfer-linux-ubuntu22_x86_64-7.3.2-20220804-6354275  User: oesteban  Machine: dna055  Platform: Linux  PlatformVersion: 5.14.0-427.37.1.el9_4.x86_64  CompilerName: GCC  CompilerVersion: 8.4.0
ProgramName: mri_surf2surf  ProgramArguments: mri_surf2surf -all-info  ProgramVersion: 7.3.2  TimeStamp: 2026/04/04-11:05:34-GMT  BuildTime: Aug  4 2022 06:17:15  BuildStamp: freesurfer-linux-ubuntu22_x86_64-7.3.2-20220804-6354275  User: oesteban  Machine: dna055  Platform: Linux  PlatformVersion: 5.14.0-427.37.1.el9_4.x86_64  CompilerName: GCC  CompilerVersion: 8.4.0
ProgramName: mri_surf2vol  ProgramArguments: mri_surf2vol -all-info  ProgramVersion: 7.3.2  TimeStamp: 2026/04/04-11:05:34-GMT  BuildTime: Aug  4 2022 06:17:15  BuildStamp: freesurfer-linux-ubuntu22_x86_64-7.3.2-20220804-6354275  User: oesteban  Machine: dna055  Platform: Linux  PlatformVersion: 5.14.0-427.37.1.el9_4.x86_64  CompilerName: GCC  CompilerVersion: 8.4.0
ProgramName: mri_surfcluster  ProgramArguments: mri_surfcluster -all-info  ProgramVersion: 7.3.2  TimeStamp: 2026/04/04-11:05:34-GMT  BuildTime: Aug  4 2022 06:17:15  BuildStamp: freesurfer-linux-ubuntu22_x86_64-7.3.2-20220804-6354275  User: oesteban  Machine: dna055  Platform: Linux  PlatformVersion: 5.14.0-427.37.1.el9_4.x86_64  CompilerName: GCC  CompilerVersion: 8.4.0
ProgramName: mris_volmask  ProgramArguments: mris_volmask -all-info  ProgramVersion: 7.3.2  TimeStamp: 2026/04/04-11:05:34-GMT  BuildTime: Aug  4 2022 06:17:15  BuildStamp: freesurfer-linux-ubuntu22_x86_64-7.3.2-20220804-6354275  User: oesteban  Machine: dna055  Platform: Linux  PlatformVersion: 5.14.0-427.37.1.el9_4.x86_64  CompilerName: GCC  CompilerVersion: 8.4.0
ProgramName: mri_tessellate  ProgramArguments: mri_tessellate -all-info  ProgramVersion: 7.3.2  TimeStamp: 2026/04/04-11:05:34-GMT  BuildTime: Aug  4 2022 06:17:15  BuildStamp: freesurfer-linux-ubuntu22_x86_64-7.3.2-20220804-6354275  User: oesteban  Machine: dna055  Platform: Linux  PlatformVersion: 5.14.0-427.37.1.el9_4.x86_64  CompilerName: GCC  CompilerVersion: 8.4.0
ProgramName: mri_vol2surf  ProgramArguments: mri_vol2surf -all-info  ProgramVersion: 7.3.2  TimeStamp: 2026/04/04-11:05:34-GMT  BuildTime: Aug  4 2022 06:17:15  BuildStamp: freesurfer-linux-ubuntu22_x86_64-7.3.2-20220804-6354275  User: oesteban  Machine: dna055  Platform: Linux  PlatformVersion: 5.14.0-427.37.1.el9_4.x86_64  CompilerName: GCC  CompilerVersion: 8.4.0
ProgramName: mri_vol2vol  ProgramArguments: mri_vol2vol -all-info  ProgramVersion: 7.3.2  TimeStamp: 2026/04/04-11:05:34-GMT  BuildTime: Aug  4 2022 06:17:15  BuildStamp: freesurfer-linux-ubuntu22_x86_64-7.3.2-20220804-6354275  User: oesteban  Machine: dna055  Platform: Linux  PlatformVersion: 5.14.0-427.37.1.el9_4.x86_64  CompilerName: GCC  CompilerVersion: 8.4.0
ProgramName: mri_voldiff  ProgramArguments: mri_voldiff -all-info  ProgramVersion: 7.3.2  TimeStamp: 2026/04/04-11:05:34-GMT  BuildTime: Aug  4 2022 06:17:15  BuildStamp: freesurfer-linux-ubuntu22_x86_64-7.3.2-20220804-6354275  User: oesteban  Machine: dna055  Platform: Linux  PlatformVersion: 5.14.0-427.37.1.el9_4.x86_64  CompilerName: GCC  CompilerVersion: 8.4.0
ProgramName: mri_watershed  ProgramArguments: mri_watershed -all-info  ProgramVersion: 7.3.2  TimeStamp: 2026/04/04-11:05:34-GMT  BuildTime: Aug  4 2022 06:17:15  BuildStamp: freesurfer-linux-ubuntu22_x86_64-7.3.2-20220804-6354275  User: oesteban  Machine: dna055  Platform: Linux  PlatformVersion: 5.14.0-427.37.1.el9_4.x86_64  CompilerName: GCC  CompilerVersion: 8.4.0
ProgramName: tkregister2  ProgramArguments: tkregister2_cmdl -all-info  ProgramVersion: 7.3.2  TimeStamp: 2026/04/04-11:05:34-GMT  BuildTime: Aug  4 2022 06:17:15  BuildStamp: freesurfer-linux-ubuntu22_x86_64-7.3.2-20220804-6354275  User: oesteban  Machine: dna055  Platform: Linux  PlatformVersion: 5.14.0-427.37.1.el9_4.x86_64  CompilerName: GCC  CompilerVersion: 8.4.0
mri_motion_correct.fsl 7.3.2
mri_convert -all-info 
ProgramName: mri_convert  ProgramArguments: mri_convert -all-info  ProgramVersion: 7.3.2  TimeStamp: 2026/04/04-11:05:34-GMT  BuildTime: Aug  4 2022 06:17:15  BuildStamp: freesurfer-linux-ubuntu22_x86_64-7.3.2-20220804-6354275  User: oesteban  Machine: dna055  Platform: Linux  PlatformVersion: 5.14.0-427.37.1.el9_4.x86_64  CompilerName: GCC  CompilerVersion: 8.4.0
Program nu_correct, built from:
Package MNI N3, version 1.12.0, compiled by nicks@terrier (x86_64-unknown-linux-gnu) on 2015-06-19 at 01:25:34
#######################################
GCADIR /opt/freesurfer/average
GCA RB_all_2020-01-02.gca
GCASkull RB_all_withskull_2020_01_02.gca
AvgCurvTif folding.atlas.acfb40.noaparc.i12.2016-08-02.tif
GCSDIR /opt/freesurfer/average
GCS DKaparc.atlas.acfb40.noaparc.i12.2016-08-02.gcs
#######################################
#--------------------------------------------
#@# Tessellate lh Sat Apr  4 13:05:34 CEST 2026
/out/sourcedata/freesurfer/sub-v1s13x0050005_ses-1/scripts

 mri_pretess ../mri/filled.mgz 255 ../mri/norm.mgz ../mri/filled-pretess255.mgz 


Iteration Number : 1
pass   1 (xy+):   3 found -   3 modified     |    TOTAL:   3
pass   2 (xy+):   0 found -   3 modified     |    TOTAL:   3
pass   1 (xy-):   4 found -   4 modified     |    TOTAL:   7
pass   2 (xy-):   0 found -   4 modified     |    TOTAL:   7
pass   1 (yz+):   4 found -   4 modified     |    TOTAL:  11
pass   2 (yz+):   0 found -   4 modified     |    TOTAL:  11
pass   1 (yz-):   4 found -   4 modified     |    TOTAL:  15
pass   2 (yz-):   0 found -   4 modified     |    TOTAL:  15
pass   1 (xz+):   0 found -   0 modified     |    TOTAL:  15
pass   1 (xz-):   2 found -   2 modified     |    TOTAL:  17
pass   2 (xz-):   0 found -   2 modified     |    TOTAL:  17
Iteration Number : 1
pass   1 (+++):   0 found -   0 modified     |    TOTAL:   0
pass   1 (+++):   0 found -   0 modified     |    TOTAL:   0
pass   1 (+++):   2 found -   2 modified     |    TOTAL:   2
pass   2 (+++):   0 found -   2 modified     |    TOTAL:   2
pass   1 (+++):   0 found -   0 modified     |    TOTAL:   2
Iteration Number : 1
pass   1 (++):   1 found -   1 modified     |    TOTAL:   1
pass   2 (++):   0 found -   1 modified     |    TOTAL:   1
pass   1 (+-):   2 found -   2 modified     |    TOTAL:   3
pass   2 (+-):   0 found -   2 modified     |    TOTAL:   3
pass   1 (--):   0 found -   0 modified     |    TOTAL:   3
pass   1 (-+):   0 found -   0 modified     |    TOTAL:   3
Iteration Number : 2
pass   1 (xy+):   0 found -   0 modified     |    TOTAL:   0
pass   1 (xy-):   0 found -   0 modified     |    TOTAL:   0
pass   1 (yz+):   1 found -   1 modified     |    TOTAL:   1
pass   2 (yz+):   0 found -   1 modified     |    TOTAL:   1
pass   1 (yz-):   0 found -   0 modified     |    TOTAL:   1
pass   1 (xz+):   0 found -   0 modified     |    TOTAL:   1
pass   1 (xz-):   0 found -   0 modified     |    TOTAL:   1
Iteration Number : 2
pass   1 (+++):   0 found -   0 modified     |    TOTAL:   0
pass   1 (+++):   0 found -   0 modified     |    TOTAL:   0
pass   1 (+++):   0 found -   0 modified     |    TOTAL:   0
pass   1 (+++):   0 found -   0 modified     |    TOTAL:   0
Iteration Number : 2
pass   1 (++):   0 found -   0 modified     |    TOTAL:   0
pass   1 (+-):   1 found -   1 modified     |    TOTAL:   1
pass   2 (+-):   0 found -   1 modified     |    TOTAL:   1
pass   1 (--):   0 found -   0 modified     |    TOTAL:   1
pass   1 (-+):   0 found -   0 modified     |    TOTAL:   1
Iteration Number : 3
pass   1 (xy+):   1 found -   1 modified     |    TOTAL:   1
pass   2 (xy+):   0 found -   1 modified     |    TOTAL:   1
pass   1 (xy-):   0 found -   0 modified     |    TOTAL:   1
pass   1 (yz+):   0 found -   0 modified     |    TOTAL:   1
pass   1 (yz-):   0 found -   0 modified     |    TOTAL:   1
pass   1 (xz+):   0 found -   0 modified     |    TOTAL:   1
pass   1 (xz-):   0 found -   0 modified     |    TOTAL:   1
Iteration Number : 3
pass   1 (+++):   0 found -   0 modified     |    TOTAL:   0
pass   1 (+++):   0 found -   0 modified     |    TOTAL:   0
pass   1 (+++):   0 found -   0 modified     |    TOTAL:   0
pass   1 (+++):   0 found -   0 modified     |    TOTAL:   0
Iteration Number : 3
pass   1 (++):   0 found -   0 modified     |    TOTAL:   0
pass   1 (+-):   0 found -   0 modified     |    TOTAL:   0
pass   1 (--):   0 found -   0 modified     |    TOTAL:   0
pass   1 (-+):   0 found -   0 modified     |    TOTAL:   0
Iteration Number : 4
pass   1 (xy+):   0 found -   0 modified     |    TOTAL:   0
pass   1 (xy-):   0 found -   0 modified     |    TOTAL:   0
pass   1 (yz+):   0 found -   0 modified     |    TOTAL:   0
pass   1 (yz-):   0 found -   0 modified     |    TOTAL:   0
pass   1 (xz+):   0 found -   0 modified     |    TOTAL:   0
pass   1 (xz-):   0 found -   0 modified     |    TOTAL:   0
Iteration Number : 4
pass   1 (+++):   0 found -   0 modified     |    TOTAL:   0
pass   1 (+++):   0 found -   0 modified     |    TOTAL:   0
pass   1 (+++):   0 found -   0 modified     |    TOTAL:   0
pass   1 (+++):   0 found -   0 modified     |    TOTAL:   0
Iteration Number : 4
pass   1 (++):   0 found -   0 modified     |    TOTAL:   0
pass   1 (+-):   0 found -   0 modified     |    TOTAL:   0
pass   1 (--):   0 found -   0 modified     |    TOTAL:   0
pass   1 (-+):   0 found -   0 modified     |    TOTAL:   0

Total Number of Modified Voxels = 25 (out of 248509: 0.010060)
Ambiguous edge configurations... 

mri_pretess done


 mri_tessellate ../mri/filled-pretess255.mgz 255 ../surf/lh.orig.nofix 

7.3.2
  7.3.2
slice 40: 831 vertices, 913 faces
slice 50: 5853 vertices, 6079 faces
slice 60: 12958 vertices, 13227 faces
slice 70: 21823 vertices, 22173 faces
slice 80: 31514 vertices, 31865 faces
slice 90: 41664 vertices, 42005 faces
slice 100: 52456 vertices, 52850 faces
slice 110: 64130 vertices, 64543 faces
slice 120: 75090 vertices, 75522 faces
slice 130: 85943 vertices, 86352 faces
slice 140: 97013 vertices, 97385 faces
slice 150: 106089 vertices, 106469 faces
slice 160: 113502 vertices, 113781 faces
slice 170: 119453 vertices, 119717 faces
slice 180: 124407 vertices, 124639 faces
slice 190: 128458 vertices, 128633 faces
slice 200: 129772 vertices, 129838 faces
slice 210: 129772 vertices, 129838 faces
slice 220: 129772 vertices, 129838 faces
slice 230: 129772 vertices, 129838 faces
slice 240: 129772 vertices, 129838 faces
slice 250: 129772 vertices, 129838 faces
using the conformed surface RAS to save vertex points...
writing ../surf/lh.orig.nofix
using vox2ras matrix:
-1.00000   0.00000   0.00000   128.00000;
 0.00000   0.00000   1.00000  -128.00000;
 0.00000  -1.00000   0.00000   128.00000;
 0.00000   0.00000   0.00000   1.00000;

 rm -f ../mri/filled-pretess255.mgz 


 mris_extract_main_component ../surf/lh.orig.nofix ../surf/lh.orig.nofix 


counting number of connected components...
   129764 voxel in cpt #1: X=-68 [v=129764,e=389496,f=259664] located at (-26.916748, -17.312212, 8.299821)
   8 voxel in cpt #2: X=2 [v=8,e=18,f=12] located at (-1.000000, 22.000000, 19.000000)
For the whole surface: X=-66 [v=129772,e=389514,f=259676]
2 components have been found
keeping component #1 with 129764 vertices
done

#--------------------------------------------
#@# Smooth1 lh Sat Apr  4 13:05:38 CEST 2026
/out/sourcedata/freesurfer/sub-v1s13x0050005_ses-1/scripts

 mris_smooth -nw -seed 1234 ../surf/lh.orig.nofix ../surf/lh.smoothwm.nofix 

setting seed for random number generator to 1234
smoothing surface tessellation for 10 iterations...
smoothing complete - recomputing first and second fundamental forms...
#--------------------------------------------
#@# Inflation1 lh Sat Apr  4 13:05:41 CEST 2026
/out/sourcedata/freesurfer/sub-v1s13x0050005_ses-1/scripts

 mris_inflate -no-save-sulc ../surf/lh.smoothwm.nofix ../surf/lh.inflated.nofix 

Not saving sulc
Reading ../surf/lh.smoothwm.nofix
avg radius = 45.3 mm, total surface area = 69795 mm^2
step 000: RMS=0.152 (target=0.015)   step 005: RMS=0.116 (target=0.015)   step 010: RMS=0.086 (target=0.015)   step 015: RMS=0.074 (target=0.015)   step 020: RMS=0.065 (target=0.015)   step 025: RMS=0.058 (target=0.015)   step 030: RMS=0.052 (target=0.015)   step 035: RMS=0.049 (target=0.015)   step 040: RMS=0.046 (target=0.015)   step 045: RMS=0.044 (target=0.015)   step 050: RMS=0.043 (target=0.015)   step 055: RMS=0.042 (target=0.015)   step 060: RMS=0.042 (target=0.015)   writing inflated surface to ../surf/lh.inflated.nofix
inflation took 0.2 minutes

inflation complete.
Not saving sulc
mris_inflate utimesec    56.779136
mris_inflate stimesec    1.328157
mris_inflate ru_maxrss   206056
mris_inflate ru_ixrss    0
mris_inflate ru_idrss    0
mris_inflate ru_isrss    0
mris_inflate ru_minflt   457805
mris_inflate ru_majflt   39
mris_inflate ru_nswap    0
mris_inflate ru_inblock  1672
mris_inflate ru_oublock  9136
mris_inflate ru_msgsnd   0
mris_inflate ru_msgrcv   0
mris_inflate ru_nsignals 0
mris_inflate ru_nvcsw    6624
mris_inflate ru_nivcsw   329
#--------------------------------------------
#@# QSphere lh Sat Apr  4 13:05:51 CEST 2026
/out/sourcedata/freesurfer/sub-v1s13x0050005_ses-1/scripts

 mris_sphere -q -p 6 -a 128 -seed 1234 ../surf/lh.inflated.nofix ../surf/lh.qsphere.nofix 

doing quick spherical unfolding.
limitting unfolding to 6 passes
using n_averages = 128
setting seed for random number genererator to 1234
version: 7.3.2
available threads: 16
scaling brain by 0.312...
inflating...
projecting onto sphere...
surface projected - minimizing metric distortion...
vertex spacing 1.03 +- 0.59 (0.00-->8.38) (max @ vno 85418 --> 85430)
face area 0.03 +- 0.03 (-0.25-->0.59)
Entering MRISinflateToSphere()
inflating to sphere (rms error < 2.00)
000: dt: 0.0000, rms radial error=177.281, avgs=0
005/300: dt: 0.9000, rms radial error=177.022, avgs=0
010/300: dt: 0.9000, rms radial error=176.466, avgs=0
015/300: dt: 0.9000, rms radial error=175.735, avgs=0
020/300: dt: 0.9000, rms radial error=174.903, avgs=0
025/300: dt: 0.9000, rms radial error=174.013, avgs=0
030/300: dt: 0.9000, rms radial error=173.091, avgs=0
035/300: dt: 0.9000, rms radial error=172.153, avgs=0
040/300: dt: 0.9000, rms radial error=171.207, avgs=0
045/300: dt: 0.9000, rms radial error=170.259, avgs=0
050/300: dt: 0.9000, rms radial error=169.310, avgs=0
055/300: dt: 0.9000, rms radial error=168.364, avgs=0
060/300: dt: 0.9000, rms radial error=167.422, avgs=0
065/300: dt: 0.9000, rms radial error=166.484, avgs=0
070/300: dt: 0.9000, rms radial error=165.551, avgs=0
075/300: dt: 0.9000, rms radial error=164.622, avgs=0
080/300: dt: 0.9000, rms radial error=163.698, avgs=0
085/300: dt: 0.9000, rms radial error=162.779, avgs=0
090/300: dt: 0.9000, rms radial error=161.864, avgs=0
095/300: dt: 0.9000, rms radial error=160.955, avgs=0
100/300: dt: 0.9000, rms radial error=160.050, avgs=0
105/300: dt: 0.9000, rms radial error=159.151, avgs=0
110/300: dt: 0.9000, rms radial error=158.256, avgs=0
115/300: dt: 0.9000, rms radial error=157.366, avgs=0
120/300: dt: 0.9000, rms radial error=156.481, avgs=0
125/300: dt: 0.9000, rms radial error=155.601, avgs=0
130/300: dt: 0.9000, rms radial error=154.726, avgs=0
135/300: dt: 0.9000, rms radial error=153.856, avgs=0
140/300: dt: 0.9000, rms radial error=152.990, avgs=0
145/300: dt: 0.9000, rms radial error=152.130, avgs=0
150/300: dt: 0.9000, rms radial error=151.276, avgs=0
155/300: dt: 0.9000, rms radial error=150.426, avgs=0
160/300: dt: 0.9000, rms radial error=149.582, avgs=0
165/300: dt: 0.9000, rms radial error=148.742, avgs=0
170/300: dt: 0.9000, rms radial error=147.907, avgs=0
175/300: dt: 0.9000, rms radial error=147.076, avgs=0
180/300: dt: 0.9000, rms radial error=146.250, avgs=0
185/300: dt: 0.9000, rms radial error=145.428, avgs=0
190/300: dt: 0.9000, rms radial error=144.611, avgs=0
195/300: dt: 0.9000, rms radial error=143.798, avgs=0
200/300: dt: 0.9000, rms radial error=142.989, avgs=0
205/300: dt: 0.9000, rms radial error=142.185, avgs=0
210/300: dt: 0.9000, rms radial error=141.386, avgs=0
215/300: dt: 0.9000, rms radial error=140.591, avgs=0
220/300: dt: 0.9000, rms radial error=139.800, avgs=0
225/300: dt: 0.9000, rms radial error=139.014, avgs=0
230/300: dt: 0.9000, rms radial error=138.231, avgs=0
235/300: dt: 0.9000, rms radial error=137.454, avgs=0
240/300: dt: 0.9000, rms radial error=136.681, avgs=0
245/300: dt: 0.9000, rms radial error=135.912, avgs=0
250/300: dt: 0.9000, rms radial error=135.147, avgs=0
255/300: dt: 0.9000, rms radial error=134.387, avgs=0
260/300: dt: 0.9000, rms radial error=133.631, avgs=0
265/300: dt: 0.9000, rms radial error=132.879, avgs=0
270/300: dt: 0.9000, rms radial error=132.131, avgs=0
275/300: dt: 0.9000, rms radial error=131.388, avgs=0
280/300: dt: 0.9000, rms radial error=130.648, avgs=0
285/300: dt: 0.9000, rms radial error=129.913, avgs=0
290/300: dt: 0.9000, rms radial error=129.182, avgs=0
295/300: dt: 0.9000, rms radial error=128.455, avgs=0
300/300: dt: 0.9000, rms radial error=127.732, avgs=0

spherical inflation complete.
epoch 1 (K=10.0), pass 1, starting sse = 15116.24
taking momentum steps...
taking momentum steps...
taking momentum steps...
taking momentum steps...
pass 1 complete, delta sse/iter = 0.00/13 = 0.00032
epoch 2 (K=40.0), pass 1, starting sse = 2449.55
taking momentum steps...
taking momentum steps...
taking momentum steps...
taking momentum steps...
pass 1 complete, delta sse/iter = 0.01/13 = 0.00054
epoch 3 (K=160.0), pass 1, starting sse = 225.78
taking momentum steps...
taking momentum steps...
taking momentum steps...
taking momentum steps...
pass 1 complete, delta sse/iter = 0.04/13 = 0.00334
epoch 4 (K=640.0), pass 1, starting sse = 18.54
taking momentum steps...
taking momentum steps...
taking momentum steps...
taking momentum steps...
pass 1 complete, delta sse/iter = 0.10/19 = 0.00514
final distance error %100000.00
writing spherical brain to ../surf/lh.qsphere.nofix
spherical transformation took 0.0164 hours
FSRUNTIME@ mris_sphere  0.0164 hours 16 threads
#VMPC# mris_sphere VmPeak  1767168
mris_sphere done
#@# Fix Topology lh Sat Apr  4 13:06:50 CEST 2026

 mris_fix_topology -mgz -sphere qsphere.nofix -inflated inflated.nofix -orig orig.nofix -out orig.premesh -ga -seed 1234 sub-v1s13x0050005_ses-1 lh 

reading spherical homeomorphism from 'qsphere.nofix'
reading inflated coordinates from 'inflated.nofix'
reading original coordinates from 'orig.nofix'
using genetic algorithm with optimized parameters
setting seed for random number genererator to 1234

*************************************************************
Topology Correction Parameters
retessellation mode:           genetic search
number of patches/generation : 10
number of generations :        10
surface mri loglikelihood coefficient :         1.0
volume mri loglikelihood coefficient :          10.0
normal dot loglikelihood coefficient :          1.0
quadratic curvature loglikelihood coefficient : 1.0
volume resolution :                             2
eliminate vertices during search :              1
initial patch selection :                       1
select all defect vertices :                    0
ordering dependant retessellation:              0
use precomputed edge table :                    0
smooth retessellated patch :                    2
match retessellated patch :                     1
verbose mode :                                  0

*************************************************************
INFO: assuming .mgz format
writing corrected surface to 'orig.premesh'
7.3.2
  7.3.2
before topology correction, eno=-68 (nv=129764, nf=259664, ne=389496, g=35)
using quasi-homeomorphic spherical map to tessellate cortical surface...

Correction of the Topology
Finding true center and radius of Spherical Surface...done
Surface centered at (0,0,0) with radius 100.0 in 8 iterations
marking ambiguous vertices...
8884 ambiguous faces found in tessellation
segmenting defects...
25 defects found, arbitrating ambiguous regions...
analyzing neighboring defects...
      -merging segment 8 into 7
      -merging segment 9 into 7
23 defects to be corrected 
0 vertices coincident
reading input surface /out/sourcedata/freesurfer/sub-v1s13x0050005_ses-1/surf/lh.qsphere.nofix...
reading brain volume from brain...
reading wm segmentation from wm...
Reading original properties of orig.nofix
Reading vertex positions of inflated.nofix
Computing Initial Surface Statistics
      -face       loglikelihood: -8.6308  (-4.3154)
      -vertex     loglikelihood: -5.7997  (-2.8999)
      -normal dot loglikelihood: -3.5173  (-3.5173)
      -quad curv  loglikelihood: -5.8329  (-2.9165)
      Total Loglikelihood : -23.7807
CORRECTING DEFECT 0 (vertices=22, convex hull=47, v0=16298)
After retessellation of defect 0 (v0=16298), euler #=-20 (124543,371911,247348) : difference with theory (-20) = 0 
CORRECTING DEFECT 1 (vertices=20, convex hull=46, v0=18137)
After retessellation of defect 1 (v0=18137), euler #=-19 (124552,371955,247384) : difference with theory (-19) = 0 
CORRECTING DEFECT 2 (vertices=37, convex hull=71, v0=25318)
After retessellation of defect 2 (v0=25318), euler #=-18 (124568,372031,247445) : difference with theory (-18) = 0 
CORRECTING DEFECT 3 (vertices=14, convex hull=49, v0=27064)
After retessellation of defect 3 (v0=27064), euler #=-17 (124573,372065,247475) : difference with theory (-17) = 0 
CORRECTING DEFECT 4 (vertices=31, convex hull=60, v0=48888)
After retessellation of defect 4 (v0=48888), euler #=-16 (124588,372132,247528) : difference with theory (-16) = 0 
CORRECTING DEFECT 5 (vertices=37, convex hull=70, v0=52451)
After retessellation of defect 5 (v0=52451), euler #=-15 (124612,372232,247605) : difference with theory (-15) = 0 
CORRECTING DEFECT 6 (vertices=315, convex hull=236, v0=56426)
After retessellation of defect 6 (v0=56426), euler #=-14 (124629,372403,247760) : difference with theory (-14) = 0 
CORRECTING DEFECT 7 (vertices=320, convex hull=379, v0=61354)
After retessellation of defect 7 (v0=61354), euler #=-11 (124791,373065,248263) : difference with theory (-13) = -2 
CORRECTING DEFECT 8 (vertices=3959, convex hull=1833, v0=66958)
An extra large defect has been detected...
This often happens because cerebellum or dura has not been removed from wm.mgz.
This may cause recon-all to run very slowly or crash.
if so, see https://surfer.nmr.mgh.harvard.edu/fswiki/FsTutorial/TopologicalDefect_freeview
After retessellation of defect 8 (v0=66958), euler #=-12 (125493,376217,250712) : difference with theory (-12) = 0 
CORRECTING DEFECT 9 (vertices=22, convex hull=44, v0=77108)
After retessellation of defect 9 (v0=77108), euler #=-11 (125504,376266,250751) : difference with theory (-11) = 0 
CORRECTING DEFECT 10 (vertices=11, convex hull=26, v0=80210)
After retessellation of defect 10 (v0=80210), euler #=-10 (125506,376281,250765) : difference with theory (-10) = 0 
CORRECTING DEFECT 11 (vertices=141, convex hull=91, v0=82891)
After retessellation of defect 11 (v0=82891), euler #=-9 (125542,376435,250884) : difference with theory (-9) = 0 
CORRECTING DEFECT 12 (vertices=16, convex hull=51, v0=83731)
After retessellation of defect 12 (v0=83731), euler #=-8 (125551,376480,250921) : difference with theory (-8) = 0 
CORRECTING DEFECT 13 (vertices=31, convex hull=26, v0=84504)
After retessellation of defect 13 (v0=84504), euler #=-7 (125556,376503,250940) : difference with theory (-7) = 0 
CORRECTING DEFECT 14 (vertices=6, convex hull=18, v0=87824)
After retessellation of defect 14 (v0=87824), euler #=-6 (125558,376514,250950) : difference with theory (-6) = 0 
CORRECTING DEFECT 15 (vertices=15, convex hull=23, v0=92363)
After retessellation of defect 15 (v0=92363), euler #=-5 (125562,376530,250963) : difference with theory (-5) = 0 
CORRECTING DEFECT 16 (vertices=7, convex hull=15, v0=94621)
After retessellation of defect 16 (v0=94621), euler #=-4 (125562,376533,250967) : difference with theory (-4) = 0 
CORRECTING DEFECT 17 (vertices=30, convex hull=62, v0=107953)
After retessellation of defect 17 (v0=107953), euler #=-3 (125574,376594,251017) : difference with theory (-3) = 0 
CORRECTING DEFECT 18 (vertices=63, convex hull=80, v0=108331)
After retessellation of defect 18 (v0=108331), euler #=-2 (125603,376714,251109) : difference with theory (-2) = 0 
CORRECTING DEFECT 19 (vertices=34, convex hull=32, v0=108738)
After retessellation of defect 19 (v0=108738), euler #=-1 (125610,376745,251134) : difference with theory (-1) = 0 
CORRECTING DEFECT 20 (vertices=28, convex hull=68, v0=122926)
After retessellation of defect 20 (v0=122926), euler #=0 (125619,376800,251181) : difference with theory (0) = 0 
CORRECTING DEFECT 21 (vertices=48, convex hull=73, v0=127920)
After retessellation of defect 21 (v0=127920), euler #=1 (125634,376876,251243) : difference with theory (1) = 0 
CORRECTING DEFECT 22 (vertices=18, convex hull=46, v0=128866)
After retessellation of defect 22 (v0=128866), euler #=2 (125646,376932,251288) : difference with theory (2) = 0 
computing original vertex metric properties...
storing new metric properties...
computing tessellation statistics...
vertex spacing 0.89 +- 0.24 (0.06-->10.33) (max @ vno 79519 --> 80680)
face area -nan +- -nan (1000.00-->-1.00)
performing soap bubble on retessellated vertices for 0 iterations...
vertex spacing 0.89 +- 0.24 (0.06-->10.33) (max @ vno 79519 --> 80680)
face area -nan +- -nan (1000.00-->-1.00)
tessellation finished, orienting corrected surface...
100 mutations (36.6%), 173 crossovers (63.4%), 815 vertices were eliminated
building final representation...
4118 vertices and 0 faces have been removed from triangulation
after topology correction, eno=2 (nv=125646, nf=251288, ne=376932, g=0)
writing corrected surface to /out/sourcedata/freesurfer/sub-v1s13x0050005_ses-1/surf/lh.orig.premesh...

0.000 % of the vertices (0 vertices) exhibit an orientation change
removing intersecting faces
000: 319 intersecting
001: 13 intersecting
002: 6 intersecting
terminating search with 0 intersecting
topology fixing took 92.2 minutes
FSRUNTIME@ mris_fix_topology lh  1.5372 hours 16 threads
#VMPC# mris_fix_topology VmPeak  1845856

 mris_euler_number ../surf/lh.orig.premesh 

euler # = v-e+f = 2g-2: 125646 - 376932 + 251288 = 2 --> 0 holes
      F =2V-4:          251288 = 251292-4 (0)
      2E=3F:            753864 = 753864 (0)

total defect index = 0
Sat Apr  4 14:39:04 CEST 2026

setenv SUBJECTS_DIR /out/sourcedata/freesurfer
cd /out/sourcedata/freesurfer/sub-v1s13x0050005_ses-1/scripts
/opt/freesurfer/bin/defect2seg --s sub-v1s13x0050005_ses-1 --lh-only --cortex

freesurfer-linux-ubuntu22_x86_64-7.3.2-20220804-6354275
defect2seg 7.3.2
Linux dna055 5.14.0-427.37.1.el9_4.x86_64 #1 SMP PREEMPT_DYNAMIC Fri Sep 13 12:41:50 EDT 2024 x86_64 x86_64 x86_64 GNU/Linux
pid 554178
mri_label2label --label-cortex /out/sourcedata/freesurfer/sub-v1s13x0050005_ses-1/surf/lh.orig.nofix /out/sourcedata/freesurfer/sub-v1s13x0050005_ses-1/mri/aseg.presurf.mgz 0 /out/sourcedata/freesurfer/sub-v1s13x0050005_ses-1/label/lh.nofix.cortex.label

 Generating cortex label... RemoveHipAmgy=0
 NucAccIsMedialWall=0
 mris->useRealRAS=0
23 non-cortical segments detected
only using segment with 7652 vertices
erasing segment 1 (vno[0] = 87781)
erasing segment 2 (vno[0] = 89018)
erasing segment 3 (vno[0] = 89239)
erasing segment 4 (vno[0] = 90218)
erasing segment 5 (vno[0] = 90238)
erasing segment 6 (vno[0] = 90254)
erasing segment 7 (vno[0] = 90298)
erasing segment 8 (vno[0] = 90473)
erasing segment 9 (vno[0] = 92616)
erasing segment 10 (vno[0] = 93705)
erasing segment 11 (vno[0] = 94621)
erasing segment 12 (vno[0] = 94798)
erasing segment 13 (vno[0] = 95967)
erasing segment 14 (vno[0] = 105648)
erasing segment 15 (vno[0] = 106433)
erasing segment 16 (vno[0] = 106612)
erasing segment 17 (vno[0] = 107598)
erasing segment 18 (vno[0] = 107600)
erasing segment 19 (vno[0] = 108537)
erasing segment 20 (vno[0] = 111984)
erasing segment 21 (vno[0] = 112681)
erasing segment 22 (vno[0] = 113901)
mri_label2vol --defects /out/sourcedata/freesurfer/sub-v1s13x0050005_ses-1/surf/lh.orig.nofix /out/sourcedata/freesurfer/sub-v1s13x0050005_ses-1/surf/lh.defect_labels /out/sourcedata/freesurfer/sub-v1s13x0050005_ses-1/mri/orig.mgz 1000 0 /out/sourcedata/freesurfer/sub-v1s13x0050005_ses-1/mri/lh.surface.defects.mgz /out/sourcedata/freesurfer/sub-v1s13x0050005_ses-1/label/lh.nofix.cortex.label
mri_label2vol supposed to be reproducible but seed not set
Contraining to label /out/sourcedata/freesurfer/sub-v1s13x0050005_ses-1/label/lh.nofix.cortex.label
Changing input type 0 to MRI_INT
Converting defects to volume: offset=1000, merge=0
Writing to /out/sourcedata/freesurfer/sub-v1s13x0050005_ses-1/mri/lh.surface.defects.mgz
mris_defects_pointset -s /out/sourcedata/freesurfer/sub-v1s13x0050005_ses-1/surf/lh.orig.nofix -d /out/sourcedata/freesurfer/sub-v1s13x0050005_ses-1/surf/lh.defect_labels -o /out/sourcedata/freesurfer/sub-v1s13x0050005_ses-1/surf/lh.defects.pointset --label /out/sourcedata/freesurfer/sub-v1s13x0050005_ses-1/label/lh.nofix.cortex.label
Reading in surface /out/sourcedata/freesurfer/sub-v1s13x0050005_ses-1/surf/lh.orig.nofix
Reading in defect segmentation /out/sourcedata/freesurfer/sub-v1s13x0050005_ses-1/surf/lh.defect_labels
Reading in label /out/sourcedata/freesurfer/sub-v1s13x0050005_ses-1/label/lh.nofix.cortex.label
#VMPC# mris_defects_pointset 1309748
mris_defects_pointset done
 
Started at Sat Apr 4 14:39:04 CEST 2026 
Ended   at Sat Apr  4 14:39:21 CEST 2026
Defect2seg-Run-Time-Sec 16
Defect2seg-Run-Time-Min 0.32
Defect2seg-Run-Time-Hours 0.00
 
tkmeditfv sub-v1s13x0050005_ses-1 brain.finalsurfs.mgz -defect
defect2seg Done

 mris_remesh --remesh --iters 3 --input /out/sourcedata/freesurfer/sub-v1s13x0050005_ses-1/surf/lh.orig.premesh --output /out/sourcedata/freesurfer/sub-v1s13x0050005_ses-1/surf/lh.orig 

iters = 3
standard remeshing without target
   adjusted l: 0.714053
remeshing to edge length 0.714053 with 3 iterations

avg qual before   : 0.8884  after: 0.971096

Removing intersections
removing intersecting faces
000: 7 intersecting
terminating search with 0 intersecting
Remeshed surface quality stats nv0 = 125646  nv = 130831  1.04127
Area    261658  0.30505  0.03406 0.021350   0.4803
Corner  784974 60.00000  8.81716 5.413658 147.5272
Edge    392487  0.84737  0.08297 0.099661   1.3233
Hinge   392487  9.52175 10.22111 0.000015 172.5917
mris_remesh done
/out/sourcedata/freesurfer/sub-v1s13x0050005_ses-1/scripts

 mris_remove_intersection ../surf/lh.orig ../surf/lh.orig 

intersection removal took 0.00 hours
writing corrected surface to ../surf/lh.orig

 rm -f ../surf/lh.inflated 

#--------------------------------------------
#@# AutoDetGWStats lh Sat Apr  4 14:39:52 CEST 2026
cd /out/sourcedata/freesurfer/sub-v1s13x0050005_ses-1/mri
mris_autodet_gwstats --o ../surf/autodet.gw.stats.lh.dat --i brain.finalsurfs.mgz --wm wm.mgz --surf ../surf/lh.orig.premesh
7.3.2

cd /out/sourcedata/freesurfer/sub-v1s13x0050005_ses-1/mri
setenv SUBJECTS_DIR /out/sourcedata/freesurfer
mris_autodet_gwstats --o ../surf/autodet.gw.stats.lh.dat --i brain.finalsurfs.mgz --wm wm.mgz --surf ../surf/lh.orig.premesh 

border white:    241084 voxels (1.44%)
border gray      269093 voxels (1.60%)
Reading in intensity volume brain.finalsurfs.mgz
Reading in wm volume wm.mgz
Reading in surf ../surf/lh.orig.premesh
Auto detecting stats
MRIclipBrightWM(): nthresh=13614, wmmin=5, clip=110 
Binarizing thresholding at 5
computing class statistics... low=30, hi=110.000000
CCS WM (98.0): 99.0 +- 7.0 [70.0 --> 110.0]
CCS GM (79.0) : 78.3 +- 9.0 [30.0 --> 110.0]
white_mean = 98.9684 +/- 6.99243, gray_mean = 78.3266 +/- 8.97133
using class modes intead of means, discounting robust sigmas....
MRIScomputeClassModes(): min=0 max=177 nbins=178
intensity peaks found at WM=102+-6.1,    GM=75+-7.0
white_mode = 102, gray_mode = 75
std_scale = 1
Applying sanity checks, max_scale_down = 0.2
setting MIN_GRAY_AT_WHITE_BORDER to 66.0 (was 70.000000)
setting MAX_BORDER_WHITE to 109.0 (was 105.000000)
setting MIN_BORDER_WHITE to 75.0 (was 85.000000)
setting MAX_CSF to 57.1 (was 40.000000)
setting MAX_GRAY to 95.0 (was 95.000000)
setting MAX_GRAY_AT_CSF_BORDER to 66.0 (was 75.000000)
setting MIN_GRAY_AT_CSF_BORDER to 48.1 (was 40.000000)
When placing the white surface
  white_border_hi   = 108.992;
  white_border_low  = 75;
  white_outside_low = 66.0287;
  white_inside_hi   = 120;
  white_outside_hi  = 108.992;
When placing the pial surface
  pial_border_hi   = 66.0287;
  pial_border_low  = 48.086;
  pial_outside_low = 10;
  pial_inside_hi   = 95.0076;
  pial_outside_hi  = 61.543;
#VMPC# mris_autodet_gwstats VmPeak  1391184
mris_autodet_gwstats done
#--------------------------------------------
#@# WhitePreAparc lh Sat Apr  4 14:39:55 CEST 2026
cd /out/sourcedata/freesurfer/sub-v1s13x0050005_ses-1/mri
mris_place_surface --adgws-in ../surf/autodet.gw.stats.lh.dat --wm wm.mgz --threads 16 --invol brain.finalsurfs.mgz --lh --i ../surf/lh.orig --o ../surf/lh.white.preaparc --white --seg aseg.presurf.mgz --nsmooth 5
7.3.2
7.3.2

cd /out/sourcedata/freesurfer/sub-v1s13x0050005_ses-1/mri
setenv SUBJECTS_DIR /out/sourcedata/freesurfer
mris_place_surface --adgws-in ../surf/autodet.gw.stats.lh.dat --wm wm.mgz --threads 16 --invol brain.finalsurfs.mgz --lh --i ../surf/lh.orig --o ../surf/lh.white.preaparc --white --seg aseg.presurf.mgz --nsmooth 5 

Reading in input surface ../surf/lh.orig
Smoothing surface before ripping with 5 iterations
Area    261658  0.26968  0.06391 0.001180   0.6149
Corner  784974 60.00000  9.55368 5.660421 161.7572
Edge    392487  0.79302  0.11558 0.030737   1.3421
Hinge   392487  6.38650  6.55498 0.000018 154.4768
Not reading in aparc
Reading in input volume brain.finalsurfs.mgz
Reading in wm volume wm.mgz
MRIclipBrightWM(): nthresh=13614, wmmin=5, clip=110 
MRIfindBrightNonWM(): 261 bright non-wm voxels segmented.
Masking bright non-wm for white surface
MRImask(): AllowDiffGeom = 1
MRImask(): AllowDiffGeom = 1
Reading in seg volume aseg.presurf.mgz
Ripping frozen voxels
INFO: rip surface needed but not specified, so using input surface
Freezing midline and others
Entering: MRISripMidline(): inhibiting deformation at non-cortical midline structures...
  which=1, fix_mtl=0, using annot = 0
#FML0# MRISripMidline(): nripped=0
removing 4 vertices from ripped group in thread:0
removing 4 vertices from ripped group in thread:0
#FML# MRISripMidline(): nmarked=6428, nmarked2=67, nripped=6428
Ripping segs (eg, WMSA, BG, frozen)
Starting MRISripSegs() d = (-2 2 0.5) segnos: 247 
MRISripSegs(): -2 2 0.5 ripped 0
vertex 65416: xyz = (-46.5156,-6.58818,26.457) oxyz = (-46.5156,-6.58818,26.457) wxzy = (-46.5156,-6.58818,26.457) pxyz = (0,0,0) 
CBVO Creating mask 130831
n_averages 4
Iteration 0 =========================================
n_averages=4, current_sigma=2
Freezing midline and others
Ripping frozen voxels
INFO: rip surface needed but not specified, so using input surface
Freezing midline and others
Entering: MRISripMidline(): inhibiting deformation at non-cortical midline structures...
  which=1, fix_mtl=0, using annot = 0
#FML0# MRISripMidline(): nripped=6428
removing 4 vertices from ripped group in thread:0
removing 4 vertices from ripped group in thread:0
#FML# MRISripMidline(): nmarked=6428, nmarked2=67, nripped=6428
Ripping segs (eg, WMSA, BG, frozen)
Starting MRISripSegs() d = (-2 2 0.5) segnos: 247 247 
MRISripSegs(): -2 2 0.5 ripped 0
Computing target border values 
Entering MRIScomputeBorderValues_new(): 
  inside_hi   = 120.0000000;
  border_hi   = 108.9924320;
  border_low  =  75.0000000;
  outside_low =  66.0286710;
  outside_hi  = 108.9924320;
  sigma = 2;
  max_thickness = 10;
  step_size=0.5;
  STEP_SIZE=0.1;
  which = 1
  thresh = 0
  flags = 0
  CBVfindFirstPeakD1=0
  CBVfindFirstPeakD2=0
  nvertices=130831
  Gdiag_no=-1
  vno start=0, stop=130831
Replacing 255s with 0s
#SI# sigma=2 had to be increased for 153 vertices, nripped=6428
mean border=85.2, 61 (61) missing vertices, mean dist 0.3 [0.6 (%39.3)->0.8 (%60.7))]
%72 local maxima, %23 large gradients and % 0 min vals, 0 gradients ignored
nFirstPeakD1 0
MRIScomputeBorderValues_new() finished in 0.0114 min


Finding expansion regions
mean absolute distance = 0.74 +- 0.93
5114 vertices more than 2 sigmas from mean.
Averaging target values for 5 iterations...
Positioning Surface: tspring = 0.3, nspring = 0.3, spring = 0, niters = 100 l_repulse = 5, l_surf_repulse = 0, checktol = 0
Positioning pial surface
Entering MRISpositionSurface()
  max_mm = 0.3
  MAX_REDUCTIONS = 2, REDUCTION_PCT = 0.5
  parms->check_tol = 0, niterations = 100
tol=1.0e-04, sigma=2.0, host=dna05, nav=4, nbrs=2, l_repulse=5.000, l_tspring=0.300, l_nspring=0.300, l_intensity=0.200, l_curv=1.000
mom=0.00, dt=0.50
complete_dist_mat 0
rms 0
smooth_averages 0
remove_neg 0
ico_order 0
which_surface 0
target_radius 0.000000
nfields 0
scale 0.000000
desired_rms_height 0.000000
momentum 0.000000
nbhd_size 0
max_nbrs 0
niterations 100
nsurfaces 0
SURFACES 3
flags 0 (0)
use curv 0
no sulc 0
no rigid align 0
mris->nsize 2
mris->hemisphere 0
randomSeed 0

000: dt: 0.0000, sse=1697073.8, rms=7.901
001: dt: 0.5000, sse=935835.6, rms=5.653 (28.449%)
002: dt: 0.5000, sse=594932.6, rms=4.272 (24.425%)
003: dt: 0.5000, sse=429422.3, rms=3.404 (20.325%)
004: dt: 0.5000, sse=343109.8, rms=2.844 (16.442%)
005: dt: 0.5000, sse=297076.8, rms=2.489 (12.483%)
006: dt: 0.5000, sse=271268.9, rms=2.263 (9.089%)
007: dt: 0.5000, sse=259346.0, rms=2.144 (5.245%)
008: dt: 0.5000, sse=253705.6, rms=2.076 (3.186%)
rms = 2.0383/2.0760, sse=253014.9/253705.6, time step reduction 1 of 3 to 0.250  0 0 1
009: dt: 0.5000, sse=253014.9, rms=2.038 (1.818%)
010: dt: 0.2500, sse=186774.8, rms=1.230 (39.636%)
011: dt: 0.2500, sse=179793.4, rms=1.108 (9.932%)
rms = 1.0815/1.1082, sse=178680.6/179793.4, time step reduction 2 of 3 to 0.125  0 0 1
012: dt: 0.2500, sse=178680.6, rms=1.081 (2.413%)
rms = 1.0687/1.0815, sse=178123.1/178680.6, time step reduction 3 of 3 to 0.062  0 0 1
013: dt: 0.1250, sse=178123.1, rms=1.069 (1.175%)
  maximum number of reductions reached, breaking from loop
positioning took 1.0 minutes
Iteration 1 =========================================
n_averages=2, current_sigma=1
Freezing midline and others
Ripping frozen voxels
INFO: rip surface needed but not specified, so using input surface
Freezing midline and others
Entering: MRISripMidline(): inhibiting deformation at non-cortical midline structures...
  which=1, fix_mtl=0, using annot = 0
#FML0# MRISripMidline(): nripped=6428
removing 3 vertices from ripped group in thread:0
removing 2 vertices from ripped group in thread:0
removing 3 vertices from ripped group in thread:0
removing 3 vertices from ripped group in thread:0
removing 2 vertices from ripped group in thread:0
#FML# MRISripMidline(): nmarked=6622, nmarked2=70, nripped=6622
Ripping segs (eg, WMSA, BG, frozen)
Starting MRISripSegs() d = (-2 2 0.5) segnos: 247 247 247 
MRISripSegs(): -2 2 0.5 ripped 0
Computing target border values 
Entering MRIScomputeBorderValues_new(): 
  inside_hi   = 120.0000000;
  border_hi   = 108.9924320;
  border_low  =  75.0000000;
  outside_low =  66.0286710;
  outside_hi  = 108.9924320;
  sigma = 1;
  max_thickness = 10;
  step_size=0.5;
  STEP_SIZE=0.1;
  which = 1
  thresh = 0
  flags = 0
  CBVfindFirstPeakD1=0
  CBVfindFirstPeakD2=0
  nvertices=130831
  Gdiag_no=-1
  vno start=0, stop=130831
Replacing 255s with 0s
#SI# sigma=1 had to be increased for 96 vertices, nripped=6622
mean border=87.2, 62 (2) missing vertices, mean dist -0.2 [0.4 (%70.9)->0.3 (%29.1))]
%78 local maxima, %17 large gradients and % 0 min vals, 0 gradients ignored
nFirstPeakD1 0
MRIScomputeBorderValues_new() finished in 0.0082 min


Finding expansion regions
mean absolute distance = 0.37 +- 0.66
2976 vertices more than 2 sigmas from mean.
Averaging target values for 5 iterations...
Positioning Surface: tspring = 0.3, nspring = 0.3, spring = 0, niters = 100 l_repulse = 5, l_surf_repulse = 0, checktol = 0
Positioning pial surface
Entering MRISpositionSurface()
  max_mm = 0.3
  MAX_REDUCTIONS = 2, REDUCTION_PCT = 0.5
  parms->check_tol = 0, niterations = 100
tol=1.0e-04, sigma=1.0, host=dna05, nav=2, nbrs=2, l_repulse=5.000, l_tspring=0.300, l_nspring=0.300, l_intensity=0.200, l_curv=1.000
mom=0.00, dt=0.50
000: dt: 0.0000, sse=518096.2, rms=3.599
014: dt: 0.5000, sse=310256.6, rms=2.148 (40.309%)
015: dt: 0.5000, sse=267168.8, rms=1.701 (20.834%)
016: dt: 0.5000, sse=253649.3, rms=1.533 (9.866%)
rms = 1.5127/1.5330, sse=252531.4/253649.3, time step reduction 1 of 3 to 0.250  0 0 1
017: dt: 0.5000, sse=252531.4, rms=1.513 (1.326%)
018: dt: 0.2500, sse=223251.1, rms=1.024 (32.309%)
019: dt: 0.2500, sse=220013.3, rms=0.971 (5.136%)
rms = 0.9494/0.9714, sse=218897.6/220013.3, time step reduction 2 of 3 to 0.125  0 0 1
020: dt: 0.2500, sse=218897.6, rms=0.949 (2.266%)
rms = 0.9234/0.9494, sse=217710.4/218897.6, time step reduction 3 of 3 to 0.062  0 0 1
021: dt: 0.1250, sse=217710.4, rms=0.923 (2.734%)
  maximum number of reductions reached, breaking from loop
positioning took 0.6 minutes
Iteration 2 =========================================
n_averages=1, current_sigma=0.5
Freezing midline and others
Ripping frozen voxels
INFO: rip surface needed but not specified, so using input surface
Freezing midline and others
Entering: MRISripMidline(): inhibiting deformation at non-cortical midline structures...
  which=1, fix_mtl=0, using annot = 0
#FML0# MRISripMidline(): nripped=6622
removing 3 vertices from ripped group in thread:0
removing 4 vertices from ripped group in thread:0
removing 2 vertices from ripped group in thread:0
removing 3 vertices from ripped group in thread:0
removing 3 vertices from ripped group in thread:0
removing 2 vertices from ripped group in thread:0
removing 2 vertices from ripped group in thread:0
#FML# MRISripMidline(): nmarked=6699, nmarked2=70, nripped=6699
Ripping segs (eg, WMSA, BG, frozen)
Starting MRISripSegs() d = (-2 2 0.5) segnos: 247 247 247 247 
MRISripSegs(): -2 2 0.5 ripped 0
Computing target border values 
Entering MRIScomputeBorderValues_new(): 
  inside_hi   = 120.0000000;
  border_hi   = 108.9924320;
  border_low  =  75.0000000;
  outside_low =  66.0286710;
  outside_hi  = 108.9924320;
  sigma = 0.5;
  max_thickness = 10;
  step_size=0.5;
  STEP_SIZE=0.1;
  which = 1
  thresh = 0
  flags = 0
  CBVfindFirstPeakD1=0
  CBVfindFirstPeakD2=0
  nvertices=130831
  Gdiag_no=-1
  vno start=0, stop=130831
Replacing 255s with 0s
#SI# sigma=0.5 had to be increased for 78 vertices, nripped=6699
mean border=88.9, 49 (0) missing vertices, mean dist -0.1 [0.3 (%69.5)->0.2 (%30.5))]
%84 local maxima, %11 large gradients and % 0 min vals, 0 gradients ignored
nFirstPeakD1 0
MRIScomputeBorderValues_new() finished in 0.0050 min


Finding expansion regions
mean absolute distance = 0.30 +- 0.50
3712 vertices more than 2 sigmas from mean.
Averaging target values for 5 iterations...
Positioning Surface: tspring = 0.3, nspring = 0.3, spring = 0, niters = 100 l_repulse = 5, l_surf_repulse = 0, checktol = 0
Positioning pial surface
Entering MRISpositionSurface()
  max_mm = 0.3
  MAX_REDUCTIONS = 2, REDUCTION_PCT = 0.5
  parms->check_tol = 0, niterations = 100
tol=1.0e-04, sigma=0.5, host=dna05, nav=1, nbrs=2, l_repulse=5.000, l_tspring=0.300, l_nspring=0.300, l_intensity=0.200, l_curv=1.000
mom=0.00, dt=0.50
000: dt: 0.0000, sse=355672.3, rms=2.548
022: dt: 0.5000, sse=259597.4, rms=1.613 (36.695%)
023: dt: 0.5000, sse=243274.4, rms=1.399 (13.247%)
rms = 1.3671/1.3992, sse=241019.0/243274.4, time step reduction 1 of 3 to 0.250  0 0 1
024: dt: 0.5000, sse=241019.0, rms=1.367 (2.297%)
025: dt: 0.2500, sse=216283.4, rms=0.930 (31.951%)
rms = 0.8804/0.9303, sse=214022.6/216283.4, time step reduction 2 of 3 to 0.125  0 0 1
026: dt: 0.2500, sse=214022.6, rms=0.880 (5.356%)
rms = 0.8543/0.8804, sse=212949.0/214022.6, time step reduction 3 of 3 to 0.062  0 0 1
027: dt: 0.1250, sse=212949.0, rms=0.854 (2.970%)
  maximum number of reductions reached, breaking from loop
positioning took 0.4 minutes
Iteration 3 =========================================
n_averages=0, current_sigma=0.25
Freezing midline and others
Ripping frozen voxels
INFO: rip surface needed but not specified, so using input surface
Freezing midline and others
Entering: MRISripMidline(): inhibiting deformation at non-cortical midline structures...
  which=1, fix_mtl=0, using annot = 0
#FML0# MRISripMidline(): nripped=6699
removing 3 vertices from ripped group in thread:0
removing 3 vertices from ripped group in thread:0
removing 4 vertices from ripped group in thread:0
removing 3 vertices from ripped group in thread:0
removing 3 vertices from ripped group in thread:0
removing 3 vertices from ripped group in thread:0
#FML# MRISripMidline(): nmarked=6761, nmarked2=70, nripped=6761
Ripping segs (eg, WMSA, BG, frozen)
Starting MRISripSegs() d = (-2 2 0.5) segnos: 247 247 247 247 247 
MRISripSegs(): -2 2 0.5 ripped 0
Computing target border values 
Entering MRIScomputeBorderValues_new(): 
  inside_hi   = 120.0000000;
  border_hi   = 108.9924320;
  border_low  =  75.0000000;
  outside_low =  66.0286710;
  outside_hi  = 108.9924320;
  sigma = 0.25;
  max_thickness = 10;
  step_size=0.5;
  STEP_SIZE=0.1;
  which = 1
  thresh = 0
  flags = 0
  CBVfindFirstPeakD1=0
  CBVfindFirstPeakD2=0
  nvertices=130831
  Gdiag_no=-1
  vno start=0, stop=130831
Replacing 255s with 0s
#SI# sigma=0.25 had to be increased for 96 vertices, nripped=6761
mean border=89.5, 83 (0) missing vertices, mean dist -0.1 [0.3 (%56.9)->0.2 (%43.1))]
%87 local maxima, % 7 large gradients and % 0 min vals, 0 gradients ignored
nFirstPeakD1 0
MRIScomputeBorderValues_new() finished in 0.0033 min


Finding expansion regions
mean absolute distance = 0.25 +- 0.42
3229 vertices more than 2 sigmas from mean.
Averaging target values for 5 iterations...
Positioning Surface: tspring = 0.3, nspring = 0.3, spring = 0, niters = 100 l_repulse = 5, l_surf_repulse = 0, checktol = 0
Positioning pial surface
Entering MRISpositionSurface()
  max_mm = 0.3
  MAX_REDUCTIONS = 2, REDUCTION_PCT = 0.5
  parms->check_tol = 0, niterations = 100
tol=1.0e-04, sigma=0.2, host=dna05, nav=0, nbrs=2, l_repulse=5.000, l_tspring=0.300, l_nspring=0.300, l_intensity=0.200, l_curv=1.000
mom=0.00, dt=0.50
000: dt: 0.0000, sse=233806.4, rms=1.294
028: dt: 0.5000, sse=215354.2, rms=0.947 (26.790%)
rms = 1.0225/0.9475, sse=218114.7/215354.2, time step reduction 1 of 3 to 0.250  0 1 1
   RMS increased, rejecting step
029: dt: 0.2500, sse=207927.0, rms=0.775 (18.239%)
rms = 0.7331/0.7747, sse=205851.0/207926.9, time step reduction 2 of 3 to 0.125  0 0 1
030: dt: 0.2500, sse=205851.0, rms=0.733 (5.366%)
rms = 0.6930/0.7331, sse=204442.8/205851.0, time step reduction 3 of 3 to 0.062  0 0 1
031: dt: 0.1250, sse=204442.8, rms=0.693 (5.465%)
  maximum number of reductions reached, breaking from loop
positioning took 0.3 minutes


Writing output to ../surf/lh.white.preaparc
#ET# mris_place_surface  2.37 minutes
#VMPC# mris_place_surfaces VmPeak  3072448
mris_place_surface done
#--------------------------------------------
#@# CortexLabel lh Sat Apr  4 14:42:23 CEST 2026
cd /out/sourcedata/freesurfer/sub-v1s13x0050005_ses-1/mri
mri_label2label --label-cortex ../surf/lh.white.preaparc aseg.presurf.mgz 0 ../label/lh.cortex.label

 Generating cortex label... RemoveHipAmgy=0
 NucAccIsMedialWall=0
 mris->useRealRAS=0
6 non-cortical segments detected
only using segment with 8380 vertices
erasing segment 1 (vno[0] = 76470)
erasing segment 2 (vno[0] = 76569)
erasing segment 3 (vno[0] = 77307)
erasing segment 4 (vno[0] = 78133)
erasing segment 5 (vno[0] = 107353)
#--------------------------------------------
#@# CortexLabel+HipAmyg lh Sat Apr  4 14:42:37 CEST 2026
cd /out/sourcedata/freesurfer/sub-v1s13x0050005_ses-1/mri
mri_label2label --label-cortex ../surf/lh.white.preaparc aseg.presurf.mgz 1 ../label/lh.cortex+hipamyg.label

 Generating cortex label... RemoveHipAmgy=1
 NucAccIsMedialWall=0
 mris->useRealRAS=0
11 non-cortical segments detected
only using segment with 5893 vertices
erasing segment 1 (vno[0] = 37651)
erasing segment 2 (vno[0] = 37652)
erasing segment 3 (vno[0] = 42546)
erasing segment 4 (vno[0] = 46541)
erasing segment 5 (vno[0] = 54387)
erasing segment 6 (vno[0] = 65809)
erasing segment 7 (vno[0] = 77307)
erasing segment 8 (vno[0] = 78133)
erasing segment 9 (vno[0] = 106548)
erasing segment 10 (vno[0] = 107353)
#--------------------------------------------
#@# Smooth2 lh Sat Apr  4 14:42:50 CEST 2026
/out/sourcedata/freesurfer/sub-v1s13x0050005_ses-1/scripts

 mris_smooth -n 3 -nw -seed 1234 ../surf/lh.white.preaparc ../surf/lh.smoothwm 

smoothing for 3 iterations
setting seed for random number generator to 1234
smoothing surface tessellation for 3 iterations...
smoothing complete - recomputing first and second fundamental forms...
#--------------------------------------------
#@# Inflation2 lh Sat Apr  4 14:42:53 CEST 2026
/out/sourcedata/freesurfer/sub-v1s13x0050005_ses-1/scripts

 mris_inflate ../surf/lh.smoothwm ../surf/lh.inflated 

Reading ../surf/lh.smoothwm
avg radius = 45.5 mm, total surface area = 82277 mm^2
step 000: RMS=0.169 (target=0.015)   step 005: RMS=0.114 (target=0.015)   step 010: RMS=0.084 (target=0.015)   step 015: RMS=0.070 (target=0.015)   step 020: RMS=0.058 (target=0.015)   step 025: RMS=0.048 (target=0.015)   step 030: RMS=0.039 (target=0.015)   step 035: RMS=0.033 (target=0.015)   step 040: RMS=0.028 (target=0.015)   step 045: RMS=0.024 (target=0.015)   step 050: RMS=0.022 (target=0.015)   step 055: RMS=0.020 (target=0.015)   step 060: RMS=0.019 (target=0.015)   writing inflated surface to ../surf/lh.inflated
writing sulcal depths to ../surf/lh.sulc

inflation complete.
inflation took 0.2 minutes
mris_inflate utimesec    80.496398
mris_inflate stimesec    0.584809
mris_inflate ru_maxrss   201040
mris_inflate ru_ixrss    0
mris_inflate ru_idrss    0
mris_inflate ru_isrss    0
mris_inflate ru_minflt   181143
mris_inflate ru_majflt   13
mris_inflate ru_nswap    0
mris_inflate ru_inblock  130
mris_inflate ru_oublock  10232
mris_inflate ru_msgsnd   0
mris_inflate ru_msgrcv   0
mris_inflate ru_nsignals 0
mris_inflate ru_nvcsw    9604
mris_inflate ru_nivcsw   269
#--------------------------------------------
#@# Curv .H and .K lh Sat Apr  4 14:43:05 CEST 2026
/out/sourcedata/freesurfer/sub-v1s13x0050005_ses-1/surf

 mris_curvature -w -seed 1234 lh.white.preaparc 

setting seed for random number generator to 1234
total integrated curvature = 23.168*4pi (291.141) --> -22 handles
ICI = 141.4, FI = 1349.4, variation=21339.729
writing Gaussian curvature to ./lh.white.preaparc.K...done.
writing mean curvature to ./lh.white.preaparc.H...done.
rm -f lh.white.H
ln -s lh.white.preaparc.H lh.white.H
rm -f lh.white.K
ln -s lh.white.preaparc.K lh.white.K

 mris_curvature -seed 1234 -thresh .999 -n -a 5 -w -distances 10 10 lh.inflated 

setting seed for random number generator to 1234
normalizing curvature values.
averaging curvature patterns 5 times.
sampling 10 neighbors out to a distance of 10 mm
158 vertices thresholded to be in k1 ~ [-0.42 0.61], k2 ~ [-0.10 0.06]
total integrated curvature = 0.627*4pi (7.879) --> 0 handles
ICI = 1.5, FI = 9.1, variation=156.913
109 vertices thresholded to be in [-0.01 0.01]
writing Gaussian curvature to ./lh.inflated.K...thresholding curvature at 99.90% level
curvature mean = 0.000, std = 0.001
117 vertices thresholded to be in [-0.15 0.28]
done.
writing mean curvature to ./lh.inflated.H...curvature mean = -0.016, std = 0.022
done.
#--------------------------------------------
#@# Sphere lh Sat Apr  4 14:43:48 CEST 2026
/out/sourcedata/freesurfer/sub-v1s13x0050005_ses-1/scripts

 mris_sphere -seed 1234 ../surf/lh.inflated ../surf/lh.sphere 

setting seed for random number genererator to 1234
version: 7.3.2
available threads: 16
reading original vertex positions...
projecting onto sphere...
surface projected - minimizing metric distortion...
scaling brain by 0.284...
MRISunfold() max_passes = 1 -------
tol=5.0e-01, sigma=0.0, host=dna05, nav=1024, nbrs=2, l_area=1.000, l_dist=1.000
using quadratic fit line minimization
complete_dist_mat 0
rms 0
smooth_averages 0
remove_neg 0
ico_order 0
which_surface 0
target_radius 0.000000
nfields 0
scale 1.000000
desired_rms_height -1.000000
momentum 0.900000
nbhd_size 7
max_nbrs 8
niterations 25
nsurfaces 0
SURFACES 3
flags 0 (0)
use curv 0
no sulc 0
no rigid align 0
mris->nsize 2
mris->hemisphere 0
randomSeed 1234

singular matrix in quadratic form
--------------------
  mrisRemoveNegativeArea()
pass 1: epoch 1 of 3 starting distance error %19.37
pass 1: epoch 2 of 3 starting distance error %19.35
unfolding complete - removing small folds...
starting distance error %19.30
removing remaining folds...
final distance error %19.34
MRISunfold() return, current seed 1234
-01: dt=0.0000,  10 negative triangles  VmPeak 1653408
167: dt=0.9900,  10 negative triangles
168: dt=0.9900,   4 negative triangles
169: dt=0.9900,   3 negative triangles
170: dt=0.9900,   2 negative triangles
171: dt=0.9900,   2 negative triangles
172: dt=0.9900,   2 negative triangles
173: dt=0.9900,   2 negative triangles
174: dt=0.9900,   2 negative triangles
175: dt=0.9900,   3 negative triangles
176: dt=0.9900,   4 negative triangles
177: dt=0.9900,   1 negative triangles
writing spherical brain to ../surf/lh.sphere
spherical transformation took 0.0431 hours
FSRUNTIME@ mris_sphere  0.0431 hours 16 threads
#VMPC# mris_sphere VmPeak  1653408
mris_sphere done
#--------------------------------------------
#@# Surf Reg lh Sat Apr  4 14:46:24 CEST 2026
/out/sourcedata/freesurfer/sub-v1s13x0050005_ses-1/scripts

 mris_register -curv ../surf/lh.sphere /opt/freesurfer/average/lh.folding.atlas.acfb40.noaparc.i12.2016-08-02.tif ../surf/lh.sphere.reg 

using smoothwm curvature for final alignment

cwd /out/sourcedata/freesurfer/sub-v1s13x0050005_ses-1/scripts
cmdline mris_register -curv ../surf/lh.sphere /opt/freesurfer/average/lh.folding.atlas.acfb40.noaparc.i12.2016-08-02.tif ../surf/lh.sphere.reg 

0 inflated.H
1 sulc
2 smoothwm (computed)
7.3.2
  7.3.2
reading surface from ../surf/lh.sphere...
reading template parameterization from /opt/freesurfer/average/lh.folding.atlas.acfb40.noaparc.i12.2016-08-02.tif...
MRISregister() -------
max_passes = 4 
min_degrees = 0.500000 
max_degrees = 64.000000 
nangles = 8 
tol=5.0e-01, sigma=0.0, host=dna05, nav=1024, nbrs=1, l_extern=10000.000, l_parea=0.200, l_nlarea=1.000, l_corr=1.000, l_dist=5.000
using quadratic fit line minimization
complete_dist_mat 0
rms 0
smooth_averages 0
remove_neg 0
ico_order 0
which_surface 0
target_radius 0.000000
nfields 0
scale 0.000000
desired_rms_height -1.000000
momentum 0.950000
nbhd_size -10
max_nbrs 10
niterations 25
nsurfaces 0
SURFACES 3
flags 16 (10)
use curv 16
no sulc 0
no rigid align 0
mris->nsize 1
mris->hemisphere 0
randomSeed 0

tol=5.0e-01, sigma=0.0, host=dna05, nav=1024, nbrs=1, l_extern=10000.000, l_parea=0.200, l_nlarea=1.000, l_corr=1.000, l_dist=5.000
using quadratic fit line minimization
--------------------
1 Reading lh.sulc
tol=1.0e+00, sigma=0.5, host=dna05, nav=1024, nbrs=1, l_extern=10000.000, l_parea=0.200, l_nlarea=1.000, l_corr=0.050, l_spring=0.500, l_dist=5.000
using quadratic fit line minimization
curvature mean = 0.000, std = 5.711
curvature mean = 0.043, std = 0.816
curvature mean = 0.008, std = 0.873
Starting MRISrigidBodyAlignGlobal()
Starting new MRISrigidBodyAlignGlobal_findMinSSE()
  new MRISrigidBodyAlignGlobal_findMinSSE min @ (2.00, -8.50, 0.50) sse = 189049.5, elapsed since starting=0.0960 min
MRISrigidBodyAlignGlobal() done   0.10 min
curvature mean = 0.036, std = 0.836
curvature mean = 0.003, std = 0.954
curvature mean = 0.036, std = 0.847
curvature mean = 0.001, std = 0.982
curvature mean = 0.036, std = 0.851
curvature mean = 0.000, std = 0.993
2 Reading smoothwm
curvature mean = -0.018, std = 0.253
curvature mean = 0.048, std = 0.248
curvature mean = 0.043, std = 0.409
curvature mean = 0.044, std = 0.308
curvature mean = 0.026, std = 0.610
curvature mean = 0.043, std = 0.335
curvature mean = 0.014, std = 0.752
curvature mean = 0.043, std = 0.347
curvature mean = 0.004, std = 0.852
MRISregister() return, current seed 0
-01: dt=0.0000,   5 negative triangles  VmPeak 1665796
108: dt=0.9900,   5 negative triangles
109: dt=0.9900,   4 negative triangles
110: dt=0.9900,   2 negative triangles
writing registered surface to ../surf/lh.sphere.reg...
registration took 0.05 hours
#VMPC# mris_register VmPeak  1665796
FSRUNTIME@ mris_register  0.0499 hours 16 threads

 ln -sf lh.sphere.reg lh.fsaverage.sphere.reg 

#--------------------------------------------
#@# Jacobian white lh Sat Apr  4 14:49:23 CEST 2026
/out/sourcedata/freesurfer/sub-v1s13x0050005_ses-1/scripts

 mris_jacobian ../surf/lh.white.preaparc ../surf/lh.sphere.reg ../surf/lh.jacobian_white 

reading surface from ../surf/lh.white.preaparc...
writing curvature file ../surf/lh.jacobian_white
#--------------------------------------------
#@# AvgCurv lh Sat Apr  4 14:49:24 CEST 2026
/out/sourcedata/freesurfer/sub-v1s13x0050005_ses-1/scripts

 mrisp_paint -a 5 /opt/freesurfer/average/lh.folding.atlas.acfb40.noaparc.i12.2016-08-02.tif#6 ../surf/lh.sphere.reg ../surf/lh.avg_curv 

averaging curvature patterns 5 times...
reading surface from ../surf/lh.sphere.reg...
reading template parameterization from /opt/freesurfer/average/lh.folding.atlas.acfb40.noaparc.i12.2016-08-02.tif...
writing curvature file to ../surf/lh.avg_curv...
#-----------------------------------------
#@# Cortical Parc lh Sat Apr  4 14:49:25 CEST 2026
/out/sourcedata/freesurfer/sub-v1s13x0050005_ses-1/scripts

 mris_ca_label -l ../label/lh.cortex.label -aseg ../mri/aseg.presurf.mgz -seed 1234 sub-v1s13x0050005_ses-1 lh ../surf/lh.sphere.reg /opt/freesurfer/average/lh.DKaparc.atlas.acfb40.noaparc.i12.2016-08-02.gcs ../label/lh.aparc.annot 

setting seed for random number generator to 1234
using ../mri/aseg.presurf.mgz aseg volume to correct midline
7.3.2
  7.3.2
reading atlas from /opt/freesurfer/average/lh.DKaparc.atlas.acfb40.noaparc.i12.2016-08-02.gcs...
reading color table from GCSA file....
average std = 0.8   using min determinant for regularization = 0.006
0 singular and 342 ill-conditioned covariance matrices regularized
input 0: MEAN CURVATURE, flags 0, avgs 5, name mean_curvature
labeling surface...
1439 labels changed using aseg
relabeling using gibbs priors...
000:   3142 changed, 130831 examined...
001:    714 changed, 13157 examined...
002:    167 changed, 3980 examined...
003:     59 changed, 1020 examined...
004:     17 changed, 370 examined...
005:      5 changed, 92 examined...
006:      0 changed, 29 examined...
293 labels changed using aseg
000: 128 total segments, 90 labels (277 vertices) changed
001: 41 total segments, 3 labels (9 vertices) changed
002: 38 total segments, 0 labels (0 vertices) changed
10 filter iterations complete (10 requested, 5 changed)
rationalizing unknown annotations with cortex label
relabeling unknown label...
relabeling corpuscallosum label...
2046 vertices marked for relabeling...
2046 labels changed in reclassification.
writing output to ../label/lh.aparc.annot...
classification took 0 minutes and 9 seconds.
#--------------------------------------------
#@# WhiteSurfs lh Sat Apr  4 14:49:34 CEST 2026
cd /out/sourcedata/freesurfer/sub-v1s13x0050005_ses-1/mri
mris_place_surface --adgws-in ../surf/autodet.gw.stats.lh.dat --seg aseg.presurf.mgz --threads 16 --wm wm.mgz --invol brain.finalsurfs.mgz --lh --i ../surf/lh.white.preaparc --o ../surf/lh.white --white --nsmooth 0 --rip-label ../label/lh.cortex.label --rip-bg --rip-surf ../surf/lh.white.preaparc --aparc ../label/lh.aparc.annot
7.3.2
7.3.2

cd /out/sourcedata/freesurfer/sub-v1s13x0050005_ses-1/mri
setenv SUBJECTS_DIR /out/sourcedata/freesurfer
mris_place_surface --adgws-in ../surf/autodet.gw.stats.lh.dat --seg aseg.presurf.mgz --threads 16 --wm wm.mgz --invol brain.finalsurfs.mgz --lh --i ../surf/lh.white.preaparc --o ../surf/lh.white --white --nsmooth 0 --rip-label ../label/lh.cortex.label --rip-bg --rip-surf ../surf/lh.white.preaparc --aparc ../label/lh.aparc.annot 

Reading in input surface ../surf/lh.white.preaparc
Not smoothing input surface
Area    261658  0.34449  0.11743 0.000428   2.5998
Corner  784974 60.00000 13.14489 0.309032 178.2602
Edge    392487  0.90190  0.19250 0.014206   3.3179
Hinge   392487  9.29996 10.52980 0.000046 179.8644
Reading in aparc ../label/lh.aparc.annot
Reading in input volume brain.finalsurfs.mgz
Reading in wm volume wm.mgz
MRIclipBrightWM(): nthresh=13614, wmmin=5, clip=110 
MRIfindBrightNonWM(): 261 bright non-wm voxels segmented.
Masking bright non-wm for white surface
MRImask(): AllowDiffGeom = 1
MRImask(): AllowDiffGeom = 1
Reading in seg volume aseg.presurf.mgz
Ripping frozen voxels
Ripping vertices not in label ../label/lh.cortex.label
MRISripNotLabel() ripped 8611/130831 vertices (122220 unripped)
Reading in ripping surface ../surf/lh.white.preaparc
Reading in aparc ../label/lh.aparc.annot for ripsurf
Ripping BG
MRISripBasalGanglia(): 1 -2 2 0.5 ripped 361
Ripping segs (eg, WMSA, BG, frozen)
Starting MRISripSegs() d = (-2 2 0.5) segnos: 247 
MRISripSegs(): -2 2 0.5 ripped 0
vertex 65416: xyz = (-46.1851,-6.26369,27.0022) oxyz = (-46.1851,-6.26369,27.0022) wxzy = (-46.1851,-6.26369,27.0022) pxyz = (0,0,0) 
CBVO Creating mask 130831
n_averages 4
Iteration 0 =========================================
n_averages=4, current_sigma=2
Computing target border values 
Entering MRIScomputeBorderValues_new(): 
  inside_hi   = 120.0000000;
  border_hi   = 108.9924320;
  border_low  =  75.0000000;
  outside_low =  66.0286710;
  outside_hi  = 108.9924320;
  sigma = 2;
  max_thickness = 10;
  step_size=0.5;
  STEP_SIZE=0.1;
  which = 1
  thresh = 0
  flags = 0
  CBVfindFirstPeakD1=0
  CBVfindFirstPeakD2=0
  nvertices=130831
  Gdiag_no=-1
  vno start=0, stop=130831
Replacing 255s with 0s
#SI# sigma=2 had to be increased for 79 vertices, nripped=8972
mean border=84.7, 77 (77) missing vertices, mean dist 0.4 [0.9 (%15.3)->0.6 (%84.7))]
%66 local maxima, %27 large gradients and % 0 min vals, 0 gradients ignored
nFirstPeakD1 0
MRIScomputeBorderValues_new() finished in 0.0108 min


Finding expansion regions
mean absolute distance = 0.65 +- 0.92
2728 vertices more than 2 sigmas from mean.
Averaging target values for 5 iterations...
Positioning Surface: tspring = 0.3, nspring = 0.3, spring = 0, niters = 100 l_repulse = 5, l_surf_repulse = 0, checktol = 0
Positioning pial surface
Entering MRISpositionSurface()
  max_mm = 0.3
  MAX_REDUCTIONS = 2, REDUCTION_PCT = 0.5
  parms->check_tol = 0, niterations = 100
tol=1.0e-04, sigma=2.0, host=dna05, nav=4, nbrs=2, l_repulse=5.000, l_tspring=0.300, l_nspring=0.300, l_intensity=0.200, l_curv=1.000
mom=0.00, dt=0.50
complete_dist_mat 0
rms 0
smooth_averages 0
remove_neg 0
ico_order 0
which_surface 0
target_radius 0.000000
nfields 0
scale 0.000000
desired_rms_height 0.000000
momentum 0.000000
nbhd_size 0
max_nbrs 0
niterations 100
nsurfaces 0
SURFACES 3
flags 0 (0)
use curv 0
no sulc 0
no rigid align 0
mris->nsize 2
mris->hemisphere 0
randomSeed 0

000: dt: 0.0000, sse=1160977.4, rms=6.321
001: dt: 0.5000, sse=540633.0, rms=3.819 (39.589%)
002: dt: 0.5000, sse=344591.8, rms=2.553 (33.158%)
003: dt: 0.5000, sse=285157.5, rms=2.009 (21.282%)
004: dt: 0.5000, sse=260065.1, rms=1.719 (14.456%)
005: dt: 0.5000, sse=255735.8, rms=1.660 (3.413%)
006: dt: 0.5000, sse=250998.5, rms=1.593 (4.041%)
rms = 1.6380/1.5931, sse=254753.4/250998.5, time step reduction 1 of 3 to 0.250  0 1 1
   RMS increased, rejecting step
007: dt: 0.2500, sse=227159.5, rms=1.232 (22.669%)
008: dt: 0.2500, sse=218767.9, rms=1.072 (12.996%)
rms = 1.0342/1.0719, sse=217376.0/218767.9, time step reduction 2 of 3 to 0.125  0 0 1
009: dt: 0.2500, sse=217376.0, rms=1.034 (3.515%)
rms = 1.0085/1.0342, sse=215777.3/217376.0, time step reduction 3 of 3 to 0.062  0 0 1
010: dt: 0.1250, sse=215777.3, rms=1.009 (2.479%)
  maximum number of reductions reached, breaking from loop
positioning took 0.8 minutes
Iteration 1 =========================================
n_averages=2, current_sigma=1
Computing target border values 
Entering MRIScomputeBorderValues_new(): 
  inside_hi   = 120.0000000;
  border_hi   = 108.9924320;
  border_low  =  75.0000000;
  outside_low =  66.0286710;
  outside_hi  = 108.9924320;
  sigma = 1;
  max_thickness = 10;
  step_size=0.5;
  STEP_SIZE=0.1;
  which = 1
  thresh = 0
  flags = 0
  CBVfindFirstPeakD1=0
  CBVfindFirstPeakD2=0
  nvertices=130831
  Gdiag_no=-1
  vno start=0, stop=130831
Replacing 255s with 0s
#SI# sigma=1 had to be increased for 75 vertices, nripped=8972
mean border=87.0, 97 (34) missing vertices, mean dist -0.2 [0.4 (%71.8)->0.3 (%28.2))]
%75 local maxima, %18 large gradients and % 0 min vals, 0 gradients ignored
nFirstPeakD1 0
MRIScomputeBorderValues_new() finished in 0.0084 min


Finding expansion regions
mean absolute distance = 0.39 +- 0.69
2745 vertices more than 2 sigmas from mean.
Averaging target values for 5 iterations...
Positioning Surface: tspring = 0.3, nspring = 0.3, spring = 0, niters = 100 l_repulse = 5, l_surf_repulse = 0, checktol = 0
Positioning pial surface
Entering MRISpositionSurface()
  max_mm = 0.3
  MAX_REDUCTIONS = 2, REDUCTION_PCT = 0.5
  parms->check_tol = 0, niterations = 100
tol=1.0e-04, sigma=1.0, host=dna05, nav=2, nbrs=2, l_repulse=5.000, l_tspring=0.300, l_nspring=0.300, l_intensity=0.200, l_curv=1.000
mom=0.00, dt=0.50
000: dt: 0.0000, sse=511154.8, rms=3.550
011: dt: 0.5000, sse=308065.4, rms=2.068 (41.749%)
012: dt: 0.5000, sse=266631.0, rms=1.609 (22.178%)
013: dt: 0.5000, sse=252878.0, rms=1.428 (11.269%)
rms = 1.4229/1.4279, sse=253917.3/252878.0, time step reduction 1 of 3 to 0.250  0 1 1
014: dt: 0.5000, sse=253917.3, rms=1.423 (0.347%)
015: dt: 0.2500, sse=226226.2, rms=0.957 (32.728%)
016: dt: 0.2500, sse=223856.7, rms=0.902 (5.768%)
rms = 0.8953/0.9020, sse=223815.7/223856.7, time step reduction 2 of 3 to 0.125  0 0 1
017: dt: 0.2500, sse=223815.8, rms=0.895 (0.745%)
rms = 0.8738/0.8953, sse=223033.0/223815.7, time step reduction 3 of 3 to 0.062  0 0 1
018: dt: 0.1250, sse=223033.0, rms=0.874 (2.400%)
  maximum number of reductions reached, breaking from loop
positioning took 0.6 minutes
Iteration 2 =========================================
n_averages=1, current_sigma=0.5
Computing target border values 
Entering MRIScomputeBorderValues_new(): 
  inside_hi   = 120.0000000;
  border_hi   = 108.9924320;
  border_low  =  75.0000000;
  outside_low =  66.0286710;
  outside_hi  = 108.9924320;
  sigma = 0.5;
  max_thickness = 10;
  step_size=0.5;
  STEP_SIZE=0.1;
  which = 1
  thresh = 0
  flags = 0
  CBVfindFirstPeakD1=0
  CBVfindFirstPeakD2=0
  nvertices=130831
  Gdiag_no=-1
  vno start=0, stop=130831
Replacing 255s with 0s
#SI# sigma=0.5 had to be increased for 71 vertices, nripped=8972
mean border=88.8, 99 (25) missing vertices, mean dist -0.2 [0.3 (%70.1)->0.2 (%29.9))]
%83 local maxima, %10 large gradients and % 0 min vals, 0 gradients ignored
nFirstPeakD1 0
MRIScomputeBorderValues_new() finished in 0.0052 min


Finding expansion regions
mean absolute distance = 0.31 +- 0.54
3547 vertices more than 2 sigmas from mean.
Averaging target values for 5 iterations...
Positioning Surface: tspring = 0.3, nspring = 0.3, spring = 0, niters = 100 l_repulse = 5, l_surf_repulse = 0, checktol = 0
Positioning pial surface
Entering MRISpositionSurface()
  max_mm = 0.3
  MAX_REDUCTIONS = 2, REDUCTION_PCT = 0.5
  parms->check_tol = 0, niterations = 100
tol=1.0e-04, sigma=0.5, host=dna05, nav=1, nbrs=2, l_repulse=5.000, l_tspring=0.300, l_nspring=0.300, l_intensity=0.200, l_curv=1.000
mom=0.00, dt=0.50
000: dt: 0.0000, sse=365429.7, rms=2.617
019: dt: 0.5000, sse=264856.9, rms=1.618 (38.178%)
020: dt: 0.5000, sse=246980.8, rms=1.382 (14.550%)
021: dt: 0.5000, sse=241795.7, rms=1.309 (5.305%)
rms = 1.3574/1.3090, sse=245132.3/241795.7, time step reduction 1 of 3 to 0.250  0 1 1
   RMS increased, rejecting step
022: dt: 0.2500, sse=224074.0, rms=0.989 (24.431%)
023: dt: 0.2500, sse=218323.6, rms=0.857 (13.404%)
rms = 0.8389/0.8566, sse=217633.1/218323.6, time step reduction 2 of 3 to 0.125  0 0 1
024: dt: 0.2500, sse=217633.1, rms=0.839 (2.058%)
rms = 0.8138/0.8389, sse=216390.7/217633.1, time step reduction 3 of 3 to 0.062  0 0 1
025: dt: 0.1250, sse=216390.7, rms=0.814 (2.995%)
  maximum number of reductions reached, breaking from loop
positioning took 0.6 minutes
Iteration 3 =========================================
n_averages=0, current_sigma=0.25
Computing target border values 
Entering MRIScomputeBorderValues_new(): 
  inside_hi   = 120.0000000;
  border_hi   = 108.9924320;
  border_low  =  75.0000000;
  outside_low =  66.0286710;
  outside_hi  = 108.9924320;
  sigma = 0.25;
  max_thickness = 10;
  step_size=0.5;
  STEP_SIZE=0.1;
  which = 1
  thresh = 0
  flags = 0
  CBVfindFirstPeakD1=0
  CBVfindFirstPeakD2=0
  nvertices=130831
  Gdiag_no=-1
  vno start=0, stop=130831
Replacing 255s with 0s
#SI# sigma=0.25 had to be increased for 96 vertices, nripped=8972
mean border=89.4, 131 (25) missing vertices, mean dist -0.1 [0.3 (%57.1)->0.2 (%42.9))]
%86 local maxima, % 7 large gradients and % 0 min vals, 0 gradients ignored
nFirstPeakD1 0
MRIScomputeBorderValues_new() finished in 0.0035 min


Finding expansion regions
mean absolute distance = 0.26 +- 0.43
3349 vertices more than 2 sigmas from mean.
Averaging target values for 5 iterations...
Positioning Surface: tspring = 0.3, nspring = 0.3, spring = 0, niters = 100 l_repulse = 5, l_surf_repulse = 0, checktol = 0
Positioning pial surface
Entering MRISpositionSurface()
  max_mm = 0.3
  MAX_REDUCTIONS = 2, REDUCTION_PCT = 0.5
  parms->check_tol = 0, niterations = 100
tol=1.0e-04, sigma=0.2, host=dna05, nav=0, nbrs=2, l_repulse=5.000, l_tspring=0.300, l_nspring=0.300, l_intensity=0.200, l_curv=1.000
mom=0.00, dt=0.50
000: dt: 0.0000, sse=236486.2, rms=1.280
026: dt: 0.5000, sse=218591.7, rms=0.925 (27.705%)
rms = 0.9869/0.9251, sse=220295.3/218591.7, time step reduction 1 of 3 to 0.250  0 1 1
   RMS increased, rejecting step
027: dt: 0.2500, sse=210801.8, rms=0.753 (18.620%)
028: dt: 0.2500, sse=209383.5, rms=0.703 (6.659%)
rms = 0.6952/0.7027, sse=208156.7/209383.5, time step reduction 2 of 3 to 0.125  0 0 1
029: dt: 0.2500, sse=208156.7, rms=0.695 (1.063%)
rms = 0.6682/0.6952, sse=207088.4/208156.7, time step reduction 3 of 3 to 0.062  0 0 1
030: dt: 0.1250, sse=207088.3, rms=0.668 (3.881%)
  maximum number of reductions reached, breaking from loop
positioning took 0.4 minutes


Writing output to ../surf/lh.white
#ET# mris_place_surface  2.42 minutes
#VMPC# mris_place_surfaces VmPeak  3025600
mris_place_surface done
#--------------------------------------------
#@# T1PialSurf lh Sat Apr  4 14:52:04 CEST 2026
cd /out/sourcedata/freesurfer/sub-v1s13x0050005_ses-1/mri
mris_place_surface --adgws-in ../surf/autodet.gw.stats.lh.dat --seg aseg.presurf.mgz --threads 16 --wm wm.mgz --invol brain.finalsurfs.mgz --lh --i ../surf/lh.white --o ../surf/lh.pial.T1 --pial --nsmooth 0 --rip-label ../label/lh.cortex+hipamyg.label --pin-medial-wall ../label/lh.cortex.label --aparc ../label/lh.aparc.annot --repulse-surf ../surf/lh.white --white-surf ../surf/lh.white
7.3.2
7.3.2

cd /out/sourcedata/freesurfer/sub-v1s13x0050005_ses-1/mri
setenv SUBJECTS_DIR /out/sourcedata/freesurfer
mris_place_surface --adgws-in ../surf/autodet.gw.stats.lh.dat --seg aseg.presurf.mgz --threads 16 --wm wm.mgz --invol brain.finalsurfs.mgz --lh --i ../surf/lh.white --o ../surf/lh.pial.T1 --pial --nsmooth 0 --rip-label ../label/lh.cortex+hipamyg.label --pin-medial-wall ../label/lh.cortex.label --aparc ../label/lh.aparc.annot --repulse-surf ../surf/lh.white --white-surf ../surf/lh.white 

Reading in input surface ../surf/lh.white
Not smoothing input surface
Area    261658  0.34787  0.13203 0.000428   2.7379
Corner  784974 60.00000 14.60240 0.087565 178.2602
Edge    392487  0.90795  0.21311 0.014206   3.4930
Hinge   392487  9.39883 10.69107 0.000002 179.9201
Reading white surface coordinates from ../surf/lh.white
Reading repulsion surface coordinates from ../surf/lh.white
Reading in aparc ../label/lh.aparc.annot
Reading in input volume brain.finalsurfs.mgz
Reading in wm volume wm.mgz
MRIclipBrightWM(): nthresh=13614, wmmin=5, clip=110 
MRIfindBrightNonWM(): 261 bright non-wm voxels segmented.
Masking bright non-wm for pial surface mid_gray = 71.5468
MRImask(): AllowDiffGeom = 1
MRImask(): AllowDiffGeom = 1
MRImask(): AllowDiffGeom = 1
Reading in seg volume aseg.presurf.mgz
Ripping frozen voxels
Ripping vertices not in label ../label/lh.cortex+hipamyg.label
MRISripNotLabel() ripped 6310/130831 vertices (124521 unripped)
INFO: rip surface needed but not specified, so using input surface
Ripping segs (eg, WMSA, BG, frozen)
Starting MRISripSegs() d = (-2 2 0.5) segnos: 247 
MRISripSegs(): -2 2 0.5 ripped 0
vertex 65416: xyz = (-46.1824,-6.43738,26.9801) oxyz = (-46.1824,-6.43738,26.9801) wxzy = (-46.1824,-6.43738,26.9801) pxyz = (-46.1824,-6.43738,26.9801) 
CBVO Creating mask 130831
n_averages 16
Iteration 0 =========================================
n_averages=16, current_sigma=2
Computing target border values 
Entering MRIScomputeBorderValues_new(): 
  inside_hi   =  95.0075680;
  border_hi   =  66.0286710;
  border_low  =  48.0860060;
  outside_low =  10.0000000;
  outside_hi  =  61.5430030;
  sigma = 2;
  max_thickness = 10;
  step_size=0.5;
  STEP_SIZE=0.1;
  which = 2
  thresh = 0
  flags = 0
  CBVfindFirstPeakD1=0
  CBVfindFirstPeakD2=0
  nvertices=130831
  Gdiag_no=-1
  vno start=0, stop=130831
Replacing 255s with 0s
#SI# sigma=2 had to be increased for 141 vertices, nripped=6310
mean border=64.6, 149 (149) missing vertices, mean dist 1.6 [4.4 (%0.0)->3.0 (%100.0))]
%13 local maxima, %37 large gradients and %45 min vals, 0 gradients ignored
nFirstPeakD1 0
MRIScomputeBorderValues_new() finished in 0.0165 min


Averaging target values for 5 iterations...
Positioning Surface: tspring = 0.3, nspring = 0.3, spring = 0, niters = 100 l_repulse = 0, l_surf_repulse = 5, checktol = 0
Positioning pial surface
Entering MRISpositionSurface()
  max_mm = 0.3
  MAX_REDUCTIONS = 2, REDUCTION_PCT = 0.5
  parms->check_tol = 0, niterations = 100
tol=1.0e-04, sigma=2.0, host=dna05, nav=16, nbrs=2, l_surf_repulse=5.000, l_tspring=0.300, l_nspring=0.300, l_intensity=0.200, l_curv=1.000
mom=0.00, dt=0.50
complete_dist_mat 0
rms 0
smooth_averages 0
remove_neg 0
ico_order 0
which_surface 0
target_radius 0.000000
nfields 0
scale 0.000000
desired_rms_height 0.000000
momentum 0.000000
nbhd_size 0
max_nbrs 0
niterations 100
nsurfaces 0
SURFACES 3
flags 0 (0)
use curv 0
no sulc 0
no rigid align 0
mris->nsize 2
mris->hemisphere 0
randomSeed 0

000: dt: 0.0000, sse=16463154.0, rms=25.575
001: dt: 0.5000, sse=12004703.0, rms=21.791 (14.797%)
002: dt: 0.5000, sse=8690367.0, rms=18.481 (15.189%)
003: dt: 0.5000, sse=6398020.0, rms=15.789 (14.564%)
004: dt: 0.5000, sse=4873809.5, rms=13.709 (13.178%)
005: dt: 0.5000, sse=3822324.2, rms=12.064 (11.996%)
006: dt: 0.5000, sse=3047390.8, rms=10.690 (11.394%)
007: dt: 0.5000, sse=2443177.8, rms=9.479 (11.327%)
008: dt: 0.5000, sse=1961503.8, rms=8.387 (11.515%)
009: dt: 0.5000, sse=1576145.5, rms=7.397 (11.802%)
010: dt: 0.5000, sse=1276814.8, rms=6.524 (11.808%)
011: dt: 0.5000, sse=1045893.2, rms=5.758 (11.737%)
012: dt: 0.5000, sse=878443.3, rms=5.130 (10.907%)
013: dt: 0.5000, sse=753433.3, rms=4.605 (10.244%)
014: dt: 0.5000, sse=669220.0, rms=4.212 (8.531%)
015: dt: 0.5000, sse=611200.7, rms=3.917 (6.997%)
016: dt: 0.5000, sse=577741.2, rms=3.735 (4.655%)
017: dt: 0.5000, sse=551962.5, rms=3.587 (3.948%)
018: dt: 0.5000, sse=540575.6, rms=3.518 (1.934%)
019: dt: 0.5000, sse=528236.1, rms=3.442 (2.152%)
rms = 3.4183/3.4423, sse=524870.2/528236.1, time step reduction 1 of 3 to 0.250  0 0 1
020: dt: 0.5000, sse=524870.2, rms=3.418 (0.698%)
021: dt: 0.2500, sse=461710.0, rms=3.002 (12.169%)
022: dt: 0.2500, sse=450020.9, rms=2.920 (2.754%)
rms = 2.9010/2.9196, sse=447601.0/450020.9, time step reduction 2 of 3 to 0.125  0 0 1
023: dt: 0.2500, sse=447601.0, rms=2.901 (0.638%)
rms = 2.8617/2.9010, sse=442492.2/447601.0, time step reduction 3 of 3 to 0.062  0 0 1
024: dt: 0.1250, sse=442492.2, rms=2.862 (1.352%)
  maximum number of reductions reached, breaking from loop
positioning took 1.5 minutes
Iteration 1 =========================================
n_averages=8, current_sigma=1
Computing target border values 
Entering MRIScomputeBorderValues_new(): 
  inside_hi   =  95.0075680;
  border_hi   =  66.0286710;
  border_low  =  48.0860060;
  outside_low =  10.0000000;
  outside_hi  =  61.5430030;
  sigma = 1;
  max_thickness = 10;
  step_size=0.5;
  STEP_SIZE=0.1;
  which = 2
  thresh = 0
  flags = 0
  CBVfindFirstPeakD1=0
  CBVfindFirstPeakD2=0
  nvertices=130831
  Gdiag_no=-1
  vno start=0, stop=130831
Replacing 255s with 0s
#SI# sigma=1 had to be increased for 12752 vertices, nripped=6310
mean border=63.6, 2044 (55) missing vertices, mean dist 0.1 [0.2 (%45.5)->0.6 (%54.5))]
%23 local maxima, %30 large gradients and %40 min vals, 0 gradients ignored
nFirstPeakD1 0
MRIScomputeBorderValues_new() finished in 0.0037 min


Averaging target values for 5 iterations...
Positioning Surface: tspring = 0.3, nspring = 0.3, spring = 0, niters = 100 l_repulse = 0, l_surf_repulse = 5, checktol = 0
Positioning pial surface
Entering MRISpositionSurface()
  max_mm = 0.3
  MAX_REDUCTIONS = 2, REDUCTION_PCT = 0.5
  parms->check_tol = 0, niterations = 100
tol=1.0e-04, sigma=1.0, host=dna05, nav=8, nbrs=2, l_surf_repulse=5.000, l_tspring=0.300, l_nspring=0.300, l_intensity=0.200, l_curv=1.000
mom=0.00, dt=0.50
000: dt: 0.0000, sse=581960.9, rms=3.410
025: dt: 0.5000, sse=551619.2, rms=3.223 (5.500%)
rms = 3.2494/3.2227, sse=554066.9/551619.2, time step reduction 1 of 3 to 0.250  0 1 1
   RMS increased, rejecting step
026: dt: 0.2500, sse=518341.4, rms=3.004 (6.788%)
027: dt: 0.2500, sse=506249.4, rms=2.921 (2.758%)
rms = 2.8910/2.9211, sse=502063.0/506249.4, time step reduction 2 of 3 to 0.125  0 0 1
028: dt: 0.2500, sse=502063.0, rms=2.891 (1.031%)
rms = 2.8754/2.8910, sse=500255.5/502063.0, time step reduction 3 of 3 to 0.062  0 0 1
029: dt: 0.1250, sse=500255.5, rms=2.875 (0.540%)
  maximum number of reductions reached, breaking from loop
positioning took 0.3 minutes
Iteration 2 =========================================
n_averages=4, current_sigma=0.5
Computing target border values 
Entering MRIScomputeBorderValues_new(): 
  inside_hi   =  95.0075680;
  border_hi   =  66.0286710;
  border_low  =  48.0860060;
  outside_low =  10.0000000;
  outside_hi  =  61.5430030;
  sigma = 0.5;
  max_thickness = 10;
  step_size=0.5;
  STEP_SIZE=0.1;
  which = 2
  thresh = 0
  flags = 0
  CBVfindFirstPeakD1=0
  CBVfindFirstPeakD2=0
  nvertices=130831
  Gdiag_no=-1
  vno start=0, stop=130831
Replacing 255s with 0s
#SI# sigma=0.5 had to be increased for 13568 vertices, nripped=6310
mean border=63.1, 2725 (40) missing vertices, mean dist 0.1 [0.2 (%42.5)->0.4 (%57.5))]
%33 local maxima, %20 large gradients and %40 min vals, 0 gradients ignored
nFirstPeakD1 0
MRIScomputeBorderValues_new() finished in 0.0023 min


Averaging target values for 5 iterations...
Positioning Surface: tspring = 0.3, nspring = 0.3, spring = 0, niters = 100 l_repulse = 0, l_surf_repulse = 5, checktol = 0
Positioning pial surface
Entering MRISpositionSurface()
  max_mm = 0.3
  MAX_REDUCTIONS = 2, REDUCTION_PCT = 0.5
  parms->check_tol = 0, niterations = 100
tol=1.0e-04, sigma=0.5, host=dna05, nav=4, nbrs=2, l_surf_repulse=5.000, l_tspring=0.300, l_nspring=0.300, l_intensity=0.200, l_curv=1.000
mom=0.00, dt=0.50
000: dt: 0.0000, sse=535749.0, rms=3.100
rms = 3.1517/3.0995, sse=543378.9/535749.0, time step reduction 1 of 3 to 0.250  0 1 1
   RMS increased, rejecting step
030: dt: 0.2500, sse=519275.2, rms=2.989 (3.574%)
rms = 2.9440/2.9887, sse=512624.7/519275.3, time step reduction 2 of 3 to 0.125  0 0 1
031: dt: 0.2500, sse=512624.7, rms=2.944 (1.497%)
rms = 2.9381/2.9440, sse=512040.3/512624.7, time step reduction 3 of 3 to 0.062  0 0 1
032: dt: 0.1250, sse=512040.3, rms=2.938 (0.200%)
  maximum number of reductions reached, breaking from loop
positioning took 0.2 minutes
Iteration 3 =========================================
n_averages=2, current_sigma=0.25
Computing target border values 
Entering MRIScomputeBorderValues_new(): 
  inside_hi   =  95.0075680;
  border_hi   =  66.0286710;
  border_low  =  48.0860060;
  outside_low =  10.0000000;
  outside_hi  =  61.5430030;
  sigma = 0.25;
  max_thickness = 10;
  step_size=0.5;
  STEP_SIZE=0.1;
  which = 2
  thresh = 0
  flags = 0
  CBVfindFirstPeakD1=0
  CBVfindFirstPeakD2=0
  nvertices=130831
  Gdiag_no=-1
  vno start=0, stop=130831
Replacing 255s with 0s
#SI# sigma=0.25 had to be increased for 10998 vertices, nripped=6310
mean border=62.6, 6177 (30) missing vertices, mean dist 0.1 [0.2 (%43.7)->0.3 (%56.3))]
%37 local maxima, %16 large gradients and %38 min vals, 0 gradients ignored
nFirstPeakD1 0
MRIScomputeBorderValues_new() finished in 0.0021 min


Averaging target values for 5 iterations...
Positioning Surface: tspring = 0.3, nspring = 0.3, spring = 0, niters = 100 l_repulse = 0, l_surf_repulse = 5, checktol = 0
Positioning pial surface
Entering MRISpositionSurface()
  max_mm = 0.3
  MAX_REDUCTIONS = 2, REDUCTION_PCT = 0.5
  parms->check_tol = 0, niterations = 100
tol=1.0e-04, sigma=0.2, host=dna05, nav=2, nbrs=2, l_surf_repulse=5.000, l_tspring=0.300, l_nspring=0.300, l_intensity=0.200, l_curv=1.000
mom=0.00, dt=0.50
000: dt: 0.0000, sse=525800.7, rms=3.031
rms = 3.0030/3.0311, sse=519789.5/525800.7, time step reduction 1 of 3 to 0.250  0 0 1
033: dt: 0.5000, sse=519789.5, rms=3.003 (0.928%)
034: dt: 0.2500, sse=491031.5, rms=2.803 (6.673%)
035: dt: 0.2500, sse=480191.1, rms=2.727 (2.704%)
rms = 2.7091/2.7268, sse=477494.6/480191.1, time step reduction 2 of 3 to 0.125  0 0 1
036: dt: 0.2500, sse=477494.6, rms=2.709 (0.650%)
037: dt: 0.1250, sse=469466.8, rms=2.647 (2.296%)
rms = 2.6193/2.6469, sse=465700.5/469466.8, time step reduction 3 of 3 to 0.062  0 0 1
038: dt: 0.1250, sse=465700.5, rms=2.619 (1.043%)
  maximum number of reductions reached, breaking from loop
positioning took 0.3 minutes
Pinning medial wall to white surface
removing intersecting faces
000: 25 intersecting
001: 24 intersecting
002: 18 intersecting
step 1 with no progress (num=22, old_num=18)
003: 22 intersecting
terminating search with 0 intersecting


Writing output to ../surf/lh.pial.T1
#ET# mris_place_surface  2.69 minutes
#VMPC# mris_place_surfaces VmPeak  2373140
mris_place_surface done
#@# white curv lh Sat Apr  4 14:54:51 CEST 2026
cd /out/sourcedata/freesurfer/sub-v1s13x0050005_ses-1/mri
mris_place_surface --curv-map ../surf/lh.white 2 10 ../surf/lh.curv
insurf  ../surf/lh.white, nbrs 2, curvature_avgs 10
writing curvature file ../surf/lh.curv
#@# white area lh Sat Apr  4 14:54:53 CEST 2026
cd /out/sourcedata/freesurfer/sub-v1s13x0050005_ses-1/mri
mris_place_surface --area-map ../surf/lh.white ../surf/lh.area
writing curvature file ../surf/lh.area
#@# pial curv lh Sat Apr  4 14:54:54 CEST 2026
cd /out/sourcedata/freesurfer/sub-v1s13x0050005_ses-1/mri
mris_place_surface --curv-map ../surf/lh.pial 2 10 ../surf/lh.curv.pial
insurf  ../surf/lh.pial, nbrs 2, curvature_avgs 10
writing curvature file ../surf/lh.curv.pial
#@# pial area lh Sat Apr  4 14:54:56 CEST 2026
cd /out/sourcedata/freesurfer/sub-v1s13x0050005_ses-1/mri
mris_place_surface --area-map ../surf/lh.pial ../surf/lh.area.pial
writing curvature file ../surf/lh.area.pial
#@# thickness lh Sat Apr  4 14:54:56 CEST 2026
cd /out/sourcedata/freesurfer/sub-v1s13x0050005_ses-1/mri
mris_place_surface --thickness ../surf/lh.white ../surf/lh.pial 20 5 ../surf/lh.thickness
0 of 130831 vertices processed
25000 of 130831 vertices processed
50000 of 130831 vertices processed
75000 of 130831 vertices processed
100000 of 130831 vertices processed
125000 of 130831 vertices processed
0 of 130831 vertices processed
25000 of 130831 vertices processed
50000 of 130831 vertices processed
75000 of 130831 vertices processed
100000 of 130831 vertices processed
125000 of 130831 vertices processed
thickness calculation complete, 337:1268 truncations.
59632 vertices at 0 distance
105295 vertices at 1 distance
60719 vertices at 2 distance
22588 vertices at 3 distance
8165 vertices at 4 distance
2984 vertices at 5 distance
1145 vertices at 6 distance
429 vertices at 7 distance
193 vertices at 8 distance
113 vertices at 9 distance
92 vertices at 10 distance
53 vertices at 11 distance
42 vertices at 12 distance
32 vertices at 13 distance
37 vertices at 14 distance
33 vertices at 15 distance
31 vertices at 16 distance
19 vertices at 17 distance
25 vertices at 18 distance
18 vertices at 19 distance
17 vertices at 20 distance
writing curvature file ../surf/lh.thickness
#@# area and vertex vol lh Sat Apr  4 14:55:23 CEST 2026
cd /out/sourcedata/freesurfer/sub-v1s13x0050005_ses-1/mri
mris_place_surface --thickness ../surf/lh.white ../surf/lh.pial 20 5 ../surf/lh.thickness
/out/sourcedata/freesurfer/sub-v1s13x0050005_ses-1/surf
mris_calc -o lh.area.mid lh.area add lh.area.pial
Saving result to 'lh.area.mid' (type = MRI_CURV_FILE)                       [ ok ]
mris_calc -o lh.area.mid lh.area.mid div 2
Saving result to 'lh.area.mid' (type = MRI_CURV_FILE)                       [ ok ]
mris_convert --volume sub-v1s13x0050005_ses-1 lh /out/sourcedata/freesurfer/sub-v1s13x0050005_ses-1/surf/lh.volume
masking with /out/sourcedata/freesurfer/sub-v1s13x0050005_ses-1/label/lh.cortex.label
Total face volume 255110
Total vertex volume 254917 (mask=0)
#@# sub-v1s13x0050005_ses-1 lh 254917
 
vertexvol Done

#-----------------------------------------
#@# Curvature Stats lh Sat Apr  4 14:55:24 CEST 2026
/out/sourcedata/freesurfer/sub-v1s13x0050005_ses-1/surf

 mris_curvature_stats -m --writeCurvatureFiles -G -o ../stats/lh.curv.stats -F smoothwm sub-v1s13x0050005_ses-1 lh curv sulc 

             Toggling save flag on curvature files                       [ ok ]
                 Outputting results using filestem   [ ../stats/lh.curv.stats ]
             Toggling save flag on curvature files                       [ ok ]
                                   Setting surface [ sub-v1s13x0050005_ses-1/lh.smoothwm ]
                                Reading surface...                       [ ok ]
                                   Setting texture                     [ curv ]
                                Reading texture...                       [ ok ]
                                   Setting texture                     [ sulc ]
                                Reading texture...Gb_filter = 0
                       [ ok ]
      Calculating Discrete Principal Curvatures...
      Determining geometric order for vno faces... [####################] [ ok ]
                      Determining KH curvatures... [####################] [ ok ]
                    Determining k1k2 curvatures... [####################] [ ok ]
                                   deltaViolations                      [ 231 ]
Gb_filter = 0

WARN:    S lookup   min:                          -0.202150
WARN:    S explicit min:                          0.000000	vertex = 342
#-----------------------------------------
#@# Cortical Parc 2 lh Sat Apr  4 14:55:26 CEST 2026
/out/sourcedata/freesurfer/sub-v1s13x0050005_ses-1/scripts

 mris_ca_label -l ../label/lh.cortex.label -aseg ../mri/aseg.presurf.mgz -seed 1234 sub-v1s13x0050005_ses-1 lh ../surf/lh.sphere.reg /opt/freesurfer/average/lh.CDaparc.atlas.acfb40.noaparc.i12.2016-08-02.gcs ../label/lh.aparc.a2009s.annot 

setting seed for random number generator to 1234
using ../mri/aseg.presurf.mgz aseg volume to correct midline
7.3.2
  7.3.2
reading atlas from /opt/freesurfer/average/lh.CDaparc.atlas.acfb40.noaparc.i12.2016-08-02.gcs...
reading color table from GCSA file....
average std = 3.0   using min determinant for regularization = 0.088
0 singular and 0 ill-conditioned covariance matrices regularized
input 0: MEAN CURVATURE, flags 0, avgs 5, name mean_curvature
labeling surface...
86 labels changed using aseg
relabeling using gibbs priors...
000:   8643 changed, 130831 examined...
001:   2038 changed, 33781 examined...
002:    567 changed, 10852 examined...
003:    243 changed, 3338 examined...
004:    108 changed, 1458 examined...
005:     54 changed, 632 examined...
006:     29 changed, 295 examined...
007:     15 changed, 166 examined...
008:      8 changed, 84 examined...
009:      7 changed, 53 examined...
010:      4 changed, 41 examined...
011:      4 changed, 23 examined...
012:      2 changed, 15 examined...
013:      2 changed, 11 examined...
014:      0 changed, 9 examined...
16 labels changed using aseg
000: 228 total segments, 147 labels (1928 vertices) changed
001: 86 total segments, 5 labels (6 vertices) changed
002: 81 total segments, 0 labels (0 vertices) changed
10 filter iterations complete (10 requested, 20 changed)
rationalizing unknown annotations with cortex label
relabeling Medial_wall label...
1426 vertices marked for relabeling...
1426 labels changed in reclassification.
writing output to ../label/lh.aparc.a2009s.annot...
classification took 0 minutes and 12 seconds.
#-----------------------------------------
#@# Cortical Parc 3 lh Sat Apr  4 14:55:39 CEST 2026
/out/sourcedata/freesurfer/sub-v1s13x0050005_ses-1/scripts

 mris_ca_label -l ../label/lh.cortex.label -aseg ../mri/aseg.presurf.mgz -seed 1234 sub-v1s13x0050005_ses-1 lh ../surf/lh.sphere.reg /opt/freesurfer/average/lh.DKTaparc.atlas.acfb40.noaparc.i12.2016-08-02.gcs ../label/lh.aparc.DKTatlas.annot 

setting seed for random number generator to 1234
using ../mri/aseg.presurf.mgz aseg volume to correct midline
7.3.2
  7.3.2
reading atlas from /opt/freesurfer/average/lh.DKTaparc.atlas.acfb40.noaparc.i12.2016-08-02.gcs...
reading color table from GCSA file....
average std = 1.4   using min determinant for regularization = 0.020
0 singular and 383 ill-conditioned covariance matrices regularized
input 0: MEAN CURVATURE, flags 0, avgs 5, name mean_curvature
labeling surface...
1645 labels changed using aseg
relabeling using gibbs priors...
000:   1989 changed, 130831 examined...
001:    481 changed, 9313 examined...
002:    141 changed, 2804 examined...
003:     59 changed, 831 examined...
004:     26 changed, 344 examined...
005:     15 changed, 146 examined...
006:      7 changed, 89 examined...
007:      7 changed, 47 examined...
008:      8 changed, 44 examined...
009:      6 changed, 49 examined...
010:      7 changed, 32 examined...
011:      7 changed, 30 examined...
012:      5 changed, 30 examined...
013:      4 changed, 29 examined...
014:      5 changed, 25 examined...
015:      6 changed, 26 examined...
016:      5 changed, 31 examined...
017:      4 changed, 27 examined...
018:      6 changed, 28 examined...
019:      3 changed, 30 examined...
020:      4 changed, 18 examined...
021:      3 changed, 24 examined...
022:      2 changed, 20 examined...
023:      3 changed, 12 examined...
024:      2 changed, 17 examined...
025:      1 changed, 13 examined...
026:      1 changed, 7 examined...
027:      1 changed, 7 examined...
028:      1 changed, 8 examined...
029:      1 changed, 7 examined...
030:      1 changed, 6 examined...
031:      1 changed, 7 examined...
032:      0 changed, 7 examined...
321 labels changed using aseg
000: 49 total segments, 16 labels (81 vertices) changed
001: 33 total segments, 0 labels (0 vertices) changed
10 filter iterations complete (10 requested, 3 changed)
rationalizing unknown annotations with cortex label
relabeling unknown label...
relabeling corpuscallosum label...
1065 vertices marked for relabeling...
1065 labels changed in reclassification.
writing output to ../label/lh.aparc.DKTatlas.annot...
classification took 0 minutes and 9 seconds.
#-----------------------------------------
#@# WM/GM Contrast lh Sat Apr  4 14:55:48 CEST 2026
/out/sourcedata/freesurfer/sub-v1s13x0050005_ses-1/scripts

 pctsurfcon --s sub-v1s13x0050005_ses-1 --lh-only 

Log file is /out/sourcedata/freesurfer/sub-v1s13x0050005_ses-1/scripts/pctsurfcon.log
Sat Apr  4 14:55:48 CEST 2026
setenv SUBJECTS_DIR /out/sourcedata/freesurfer
cd /out/sourcedata/freesurfer/sub-v1s13x0050005_ses-1/scripts
/opt/freesurfer/bin/pctsurfcon
pctsurfcon 7.3.2
Linux dna055 5.14.0-427.37.1.el9_4.x86_64 #1 SMP PREEMPT_DYNAMIC Fri Sep 13 12:41:50 EDT 2024 x86_64 x86_64 x86_64 GNU/Linux
FREESURFER_HOME /opt/freesurfer
mri_vol2surf --mov /out/sourcedata/freesurfer/sub-v1s13x0050005_ses-1/mri/rawavg.mgz --hemi lh --noreshape --interp trilinear --projdist -1 --o /out/sourcedata/freesurfer/sub-v1s13x0050005_ses-1/surf/tmp.pctsurfcon.558491/lh.wm.mgh --regheader sub-v1s13x0050005_ses-1 --cortex
srcvol = /out/sourcedata/freesurfer/sub-v1s13x0050005_ses-1/mri/rawavg.mgz
srcreg unspecified
srcregold = 0
srcwarp unspecified
surf = white
hemi = lh
ProjDist = -1
reshape = 0
interp = trilinear
float2int = round
GetProjMax = 0
INFO: float2int code = 0
Done loading volume
Computing registration from header.
  Using /out/sourcedata/freesurfer/sub-v1s13x0050005_ses-1/mri/orig.mgz as target reference.
-------- original matrix -----------
-1.00000   0.00000   0.00000   0.00000;
 0.00000   0.00000   1.00000   0.00003;
 0.00000  -1.00000   0.00000  -0.00003;
 0.00000   0.00000   0.00000   1.00000;
-------- original matrix -----------
Loading label /out/sourcedata/freesurfer/sub-v1s13x0050005_ses-1/label/lh.cortex.label
Reading surface /out/sourcedata/freesurfer/sub-v1s13x0050005_ses-1/surf/lh.white
Done reading source surface
Mapping Source Volume onto Source Subject Surface
Projecting -1 -1 1
 1 -1 -1 -1
using old
Done mapping volume to surface
Number of source voxels hit = 72158
Masking with /out/sourcedata/freesurfer/sub-v1s13x0050005_ses-1/label/lh.cortex.label
Writing to /out/sourcedata/freesurfer/sub-v1s13x0050005_ses-1/surf/tmp.pctsurfcon.558491/lh.wm.mgh
Dim: 130831 1 1
mri_vol2surf --mov /out/sourcedata/freesurfer/sub-v1s13x0050005_ses-1/mri/rawavg.mgz --hemi lh --noreshape --interp trilinear --o /out/sourcedata/freesurfer/sub-v1s13x0050005_ses-1/surf/tmp.pctsurfcon.558491/lh.gm.mgh --projfrac 0.3 --regheader sub-v1s13x0050005_ses-1 --cortex
srcvol = /out/sourcedata/freesurfer/sub-v1s13x0050005_ses-1/mri/rawavg.mgz
srcreg unspecified
srcregold = 0
srcwarp unspecified
surf = white
hemi = lh
ProjFrac = 0.3
thickness = thickness
reshape = 0
interp = trilinear
float2int = round
GetProjMax = 0
INFO: float2int code = 0
Done loading volume
Computing registration from header.
  Using /out/sourcedata/freesurfer/sub-v1s13x0050005_ses-1/mri/orig.mgz as target reference.
-------- original matrix -----------
-1.00000   0.00000   0.00000   0.00000;
 0.00000   0.00000   1.00000   0.00003;
 0.00000  -1.00000   0.00000  -0.00003;
 0.00000   0.00000   0.00000   1.00000;
-------- original matrix -----------
Loading label /out/sourcedata/freesurfer/sub-v1s13x0050005_ses-1/label/lh.cortex.label
Reading surface /out/sourcedata/freesurfer/sub-v1s13x0050005_ses-1/surf/lh.white
Done reading source surface
Reading thickness /out/sourcedata/freesurfer/sub-v1s13x0050005_ses-1/surf/lh.thickness
Done
Mapping Source Volume onto Source Subject Surface
Projecting 0.3 0.3 1
 1 0.3 0.3 0.3
using old
Done mapping volume to surface
Number of source voxels hit = 84203
Masking with /out/sourcedata/freesurfer/sub-v1s13x0050005_ses-1/label/lh.cortex.label
Writing to /out/sourcedata/freesurfer/sub-v1s13x0050005_ses-1/surf/tmp.pctsurfcon.558491/lh.gm.mgh
Dim: 130831 1 1
mri_concat /out/sourcedata/freesurfer/sub-v1s13x0050005_ses-1/surf/tmp.pctsurfcon.558491/lh.wm.mgh /out/sourcedata/freesurfer/sub-v1s13x0050005_ses-1/surf/tmp.pctsurfcon.558491/lh.gm.mgh --paired-diff-norm --mul 100 --o /out/sourcedata/freesurfer/sub-v1s13x0050005_ses-1/surf/lh.w-g.pct.mgh
ninputs = 2
Checking inputs
nframestot = 2
Allocing output
Done allocing
Combining pairs
nframes = 1
Multiplying by 100.000000
Writing to /out/sourcedata/freesurfer/sub-v1s13x0050005_ses-1/surf/lh.w-g.pct.mgh
mri_segstats --in /out/sourcedata/freesurfer/sub-v1s13x0050005_ses-1/surf/lh.w-g.pct.mgh --annot sub-v1s13x0050005_ses-1 lh aparc --sum /out/sourcedata/freesurfer/sub-v1s13x0050005_ses-1/stats/lh.w-g.pct.stats --snr

7.3.2
cwd 
cmdline mri_segstats --in /out/sourcedata/freesurfer/sub-v1s13x0050005_ses-1/surf/lh.w-g.pct.mgh --annot sub-v1s13x0050005_ses-1 lh aparc --sum /out/sourcedata/freesurfer/sub-v1s13x0050005_ses-1/stats/lh.w-g.pct.stats --snr 
sysname  Linux
hostname dna055
machine  x86_64
user     oesteban
whitesurfname  white
UseRobust  0
Constructing seg from annotation

Reading annotation /out/sourcedata/freesurfer/sub-v1s13x0050005_ses-1/label/lh.aparc.annot
Seg base 1000
Loading /out/sourcedata/freesurfer/sub-v1s13x0050005_ses-1/surf/lh.w-g.pct.mgh
Vertex Area is 0.69572 mm^3
Generating list of segmentation ids
Found  36 segmentations
Computing statistics for each segmentation

Reporting on  35 segmentations
Using PrintSegStat
mri_segstats done
Cleaning up

Started at Sat Apr 4 13:05:34 CEST 2026 
Ended   at Sat Apr 4 14:55:51 CEST 2026
#@#%# recon-all-run-time-hours 1.838
recon-all -s sub-v1s13x0050005_ses-1 finished without error at Sat Apr  4 14:55:51 CEST 2026



#New# invocation of recon-all 




Sat Apr  4 15:24:17 CEST 2026
cd /out/sourcedata/freesurfer/sub-v1s13x0050005_ses-1
setenv SUBJECTS_DIR /out/sourcedata/freesurfer
/opt/freesurfer/bin/recon-all -autorecon-hemi lh -nohyporelabel -lh-only -openmp 16 -subjid sub-v1s13x0050005_ses-1 -sd /out/sourcedata/freesurfer -notessellate -nosmooth1 -noinflate1 -noqsphere -nofix -nowhite -nosmooth2 -noinflate2 -nocurvHK -nocurvstats -nosphere -nosurfreg -nojacobian_white -noavgcurv -nocortparc -nopial -nocortparc2 -nocortparc3 -nopctsurfcon

subjid sub-v1s13x0050005_ses-1
setenv SUBJECTS_DIR /out/sourcedata/freesurfer
FREESURFER_HOME /opt/freesurfer
Actual FREESURFER_HOME /opt/freesurfer
build-stamp.txt: freesurfer-linux-ubuntu22_x86_64-7.3.2-20220804-6354275
Linux dna055 5.14.0-427.37.1.el9_4.x86_64 #1 SMP PREEMPT_DYNAMIC Fri Sep 13 12:41:50 EDT 2024 x86_64 x86_64 x86_64 GNU/Linux
cputime      unlimited
filesize     unlimited
datasize     unlimited
stacksize    8192 kbytes
coredumpsize 0 kbytes
memoryuse    67108864 kbytes
vmemoryuse   unlimited
descriptors  1024 
memorylocked unlimited
maxproc      2061970 
maxlocks     unlimited
maxsignal    2061970 
maxmessage   819200 
maxnice      0 
maxrtprio    0 
maxrttime    unlimited

               total        used        free      shared  buff/cache   available
Mem:           503Gi        50Gi       413Gi       7.4Gi        39Gi       442Gi
Swap:             0B          0B          0B

########################################
program versions used
7.3.2 (freesurfer-linux-ubuntu22_x86_64-7.3.2-20220804-6354275)
7.3.2

ProgramName: lta_convert  ProgramArguments: lta_convert -all-info  ProgramVersion: 7.3.2  TimeStamp: 2026/04/04-13:24:17-GMT  BuildTime: Aug  4 2022 06:17:15  BuildStamp: freesurfer-linux-ubuntu22_x86_64-7.3.2-20220804-6354275  User: oesteban  Machine: dna055  Platform: Linux  PlatformVersion: 5.14.0-427.37.1.el9_4.x86_64  CompilerName: GCC  CompilerVersion: 8.4.0
ProgramName: mri_and  ProgramArguments: mri_and -all-info  ProgramVersion: 7.3.2  TimeStamp: 2026/04/04-13:24:17-GMT  BuildTime: Aug  4 2022 06:17:15  BuildStamp: freesurfer-linux-ubuntu22_x86_64-7.3.2-20220804-6354275  User: oesteban  Machine: dna055  Platform: Linux  PlatformVersion: 5.14.0-427.37.1.el9_4.x86_64  CompilerName: GCC  CompilerVersion: 8.4.0
ProgramName: mri_annotation2label  ProgramArguments: mri_annotation2label -all-info  ProgramVersion: 7.3.2  TimeStamp: 2026/04/04-13:24:17-GMT  BuildTime: Aug  4 2022 06:17:15  BuildStamp: freesurfer-linux-ubuntu22_x86_64-7.3.2-20220804-6354275  User: oesteban  Machine: dna055  Platform: Linux  PlatformVersion: 5.14.0-427.37.1.el9_4.x86_64  CompilerName: GCC  CompilerVersion: 8.4.0
ProgramName: mri_aparc2aseg  ProgramArguments: mri_aparc2aseg -all-info  ProgramVersion: 7.3.2  TimeStamp: 2026/04/04-13:24:17-GMT  BuildTime: Aug  4 2022 06:17:15  BuildStamp: freesurfer-linux-ubuntu22_x86_64-7.3.2-20220804-6354275  User: oesteban  Machine: dna055  Platform: Linux  PlatformVersion: 5.14.0-427.37.1.el9_4.x86_64  CompilerName: GCC  CompilerVersion: 8.4.0
ProgramName: mri_surf2volseg  ProgramArguments: mri_surf2volseg -all-info  ProgramVersion: 7.3.2  TimeStamp: 2026/04/04-13:24:17-GMT  BuildTime: Aug  4 2022 06:17:15  BuildStamp: freesurfer-linux-ubuntu22_x86_64-7.3.2-20220804-6354275  User: oesteban  Machine: dna055  Platform: Linux  PlatformVersion: 5.14.0-427.37.1.el9_4.x86_64  CompilerName: GCC  CompilerVersion: 8.4.0
ProgramName: mri_binarize  ProgramArguments: mri_binarize -all-info  ProgramVersion: 7.3.2  TimeStamp: 2026/04/04-13:24:17-GMT  BuildTime: Aug  4 2022 06:17:15  BuildStamp: freesurfer-linux-ubuntu22_x86_64-7.3.2-20220804-6354275  User: oesteban  Machine: dna055  Platform: Linux  PlatformVersion: 5.14.0-427.37.1.el9_4.x86_64  CompilerName: GCC  CompilerVersion: 8.4.0
ProgramName: mri_ca_label  ProgramArguments: mri_ca_label -all-info  ProgramVersion: 7.3.2  TimeStamp: 2026/04/04-13:24:17-GMT  BuildTime: Aug  4 2022 06:17:15  BuildStamp: freesurfer-linux-ubuntu22_x86_64-7.3.2-20220804-6354275  User: oesteban  Machine: dna055  Platform: Linux  PlatformVersion: 5.14.0-427.37.1.el9_4.x86_64  CompilerName: GCC  CompilerVersion: 8.4.0
ProgramName: mri_ca_normalize  ProgramArguments: mri_ca_normalize -all-info  ProgramVersion: 7.3.2  TimeStamp: 2026/04/04-13:24:17-GMT  BuildTime: Aug  4 2022 06:17:15  BuildStamp: freesurfer-linux-ubuntu22_x86_64-7.3.2-20220804-6354275  User: oesteban  Machine: dna055  Platform: Linux  PlatformVersion: 5.14.0-427.37.1.el9_4.x86_64  CompilerName: GCC  CompilerVersion: 8.4.0
ProgramName: mri_ca_register  ProgramArguments: mri_ca_register -all-info  ProgramVersion: 7.3.2  TimeStamp: 2026/04/04-13:24:17-GMT  BuildTime: Aug  4 2022 06:17:15  BuildStamp: freesurfer-linux-ubuntu22_x86_64-7.3.2-20220804-6354275  User: oesteban  Machine: dna055  Platform: Linux  PlatformVersion: 5.14.0-427.37.1.el9_4.x86_64  CompilerName: GCC  CompilerVersion: 8.4.0
ProgramName: mri_cc  ProgramArguments: mri_cc -all-info  ProgramVersion: 7.3.2  TimeStamp: 2026/04/04-13:24:17-GMT  BuildTime: Aug  4 2022 06:17:15  BuildStamp: freesurfer-linux-ubuntu22_x86_64-7.3.2-20220804-6354275  User: oesteban  Machine: dna055  Platform: Linux  PlatformVersion: 5.14.0-427.37.1.el9_4.x86_64  CompilerName: GCC  CompilerVersion: 8.4.0
ProgramName: mri_compute_overlap  ProgramArguments: mri_compute_overlap -all-info  ProgramVersion: 7.3.2  TimeStamp: 2026/04/04-13:24:17-GMT  BuildTime: Aug  4 2022 06:17:15  BuildStamp: freesurfer-linux-ubuntu22_x86_64-7.3.2-20220804-6354275  User: oesteban  Machine: dna055  Platform: Linux  PlatformVersion: 5.14.0-427.37.1.el9_4.x86_64  CompilerName: GCC  CompilerVersion: 8.4.0
ProgramName: mri_compute_seg_overlap  ProgramArguments: mri_compute_seg_overlap -all-info  ProgramVersion: 7.3.2  TimeStamp: 2026/04/04-13:24:17-GMT  BuildTime: Aug  4 2022 06:17:15  BuildStamp: freesurfer-linux-ubuntu22_x86_64-7.3.2-20220804-6354275  User: oesteban  Machine: dna055  Platform: Linux  PlatformVersion: 5.14.0-427.37.1.el9_4.x86_64  CompilerName: GCC  CompilerVersion: 8.4.0
ProgramName: mri_concat  ProgramArguments: mri_concat -all-info  ProgramVersion: 7.3.2  TimeStamp: 2026/04/04-13:24:17-GMT  BuildTime: Aug  4 2022 06:17:15  BuildStamp: freesurfer-linux-ubuntu22_x86_64-7.3.2-20220804-6354275  User: oesteban  Machine: dna055  Platform: Linux  PlatformVersion: 5.14.0-427.37.1.el9_4.x86_64  CompilerName: GCC  CompilerVersion: 8.4.0
ProgramName: mri_concatenate_lta  ProgramArguments: mri_concatenate_lta -all-info  ProgramVersion: 7.3.2  TimeStamp: 2026/04/04-13:24:17-GMT  BuildTime: Aug  4 2022 06:17:15  BuildStamp: freesurfer-linux-ubuntu22_x86_64-7.3.2-20220804-6354275  User: oesteban  Machine: dna055  Platform: Linux  PlatformVersion: 5.14.0-427.37.1.el9_4.x86_64  CompilerName: GCC  CompilerVersion: 8.4.0
mri_convert -all-info 
ProgramName: mri_convert  ProgramArguments: mri_convert -all-info  ProgramVersion: 7.3.2  TimeStamp: 2026/04/04-13:24:17-GMT  BuildTime: Aug  4 2022 06:17:15  BuildStamp: freesurfer-linux-ubuntu22_x86_64-7.3.2-20220804-6354275  User: oesteban  Machine: dna055  Platform: Linux  PlatformVersion: 5.14.0-427.37.1.el9_4.x86_64  CompilerName: GCC  CompilerVersion: 8.4.0
ProgramName: mri_diff  ProgramArguments: mri_diff -all-info  ProgramVersion: 7.3.2  TimeStamp: 2026/04/04-13:24:17-GMT  BuildTime: Aug  4 2022 06:17:15  BuildStamp: freesurfer-linux-ubuntu22_x86_64-7.3.2-20220804-6354275  User: oesteban  Machine: dna055  Platform: Linux  PlatformVersion: 5.14.0-427.37.1.el9_4.x86_64  CompilerName: GCC  CompilerVersion: 8.4.0
ProgramName: mri_edit_wm_with_aseg  ProgramArguments: mri_edit_wm_with_aseg -all-info  ProgramVersion: 7.3.2  TimeStamp: 2026/04/04-13:24:17-GMT  BuildTime: Aug  4 2022 06:17:15  BuildStamp: freesurfer-linux-ubuntu22_x86_64-7.3.2-20220804-6354275  User: oesteban  Machine: dna055  Platform: Linux  PlatformVersion: 5.14.0-427.37.1.el9_4.x86_64  CompilerName: GCC  CompilerVersion: 8.4.0
ProgramName: mri_em_register  ProgramArguments: mri_em_register -all-info  ProgramVersion: 7.3.2  TimeStamp: 2026/04/04-13:24:17-GMT  BuildTime: Aug  4 2022 06:17:15  BuildStamp: freesurfer-linux-ubuntu22_x86_64-7.3.2-20220804-6354275  User: oesteban  Machine: dna055  Platform: Linux  PlatformVersion: 5.14.0-427.37.1.el9_4.x86_64  CompilerName: GCC  CompilerVersion: 8.4.0
ProgramName: mri_fill  ProgramArguments: mri_fill -all-info  ProgramVersion: 7.3.2  TimeStamp: 2026/04/04-13:24:17-GMT  BuildTime: Aug  4 2022 06:17:15  BuildStamp: freesurfer-linux-ubuntu22_x86_64-7.3.2-20220804-6354275  User: oesteban  Machine: dna055  Platform: Linux  PlatformVersion: 5.14.0-427.37.1.el9_4.x86_64  CompilerName: GCC  CompilerVersion: 8.4.0
ProgramName: mri_fuse_segmentations  ProgramArguments: mri_fuse_segmentations -all-info  ProgramVersion: 7.3.2  TimeStamp: 2026/04/04-13:24:17-GMT  BuildTime: Aug  4 2022 06:17:15  BuildStamp: freesurfer-linux-ubuntu22_x86_64-7.3.2-20220804-6354275  User: oesteban  Machine: dna055  Platform: Linux  PlatformVersion: 5.14.0-427.37.1.el9_4.x86_64  CompilerName: GCC  CompilerVersion: 8.4.0
ProgramName: mri_fwhm  ProgramArguments: mri_fwhm -all-info  ProgramVersion: 7.3.2  TimeStamp: 2026/04/04-13:24:17-GMT  BuildTime: Aug  4 2022 06:17:15  BuildStamp: freesurfer-linux-ubuntu22_x86_64-7.3.2-20220804-6354275  User: oesteban  Machine: dna055  Platform: Linux  PlatformVersion: 5.14.0-427.37.1.el9_4.x86_64  CompilerName: GCC  CompilerVersion: 8.4.0
ProgramName: mri_gcut  ProgramArguments: mri_gcut -all-info  ProgramVersion: 7.3.2  TimeStamp: 2026/04/04-13:24:17-GMT  BuildTime: Aug  4 2022 06:17:15  BuildStamp: freesurfer-linux-ubuntu22_x86_64-7.3.2-20220804-6354275  User: oesteban  Machine: dna055  Platform: Linux  PlatformVersion: 5.14.0-427.37.1.el9_4.x86_64  CompilerName: GCC  CompilerVersion: 8.4.0
ProgramName: mri_info  ProgramArguments: mri_info -all-info  ProgramVersion: 7.3.2  TimeStamp: 2026/04/04-13:24:17-GMT  BuildTime: Aug  4 2022 06:17:15  BuildStamp: freesurfer-linux-ubuntu22_x86_64-7.3.2-20220804-6354275  User: oesteban  Machine: dna055  Platform: Linux  PlatformVersion: 5.14.0-427.37.1.el9_4.x86_64  CompilerName: GCC  CompilerVersion: 8.4.0
ProgramName: mri_label2label  ProgramArguments: mri_label2label -all-info  ProgramVersion: 7.3.2  TimeStamp: 2026/04/04-13:24:17-GMT  BuildTime: Aug  4 2022 06:17:15  BuildStamp: freesurfer-linux-ubuntu22_x86_64-7.3.2-20220804-6354275  User: oesteban  Machine: dna055  Platform: Linux  PlatformVersion: 5.14.0-427.37.1.el9_4.x86_64  CompilerName: GCC  CompilerVersion: 8.4.0
ProgramName: mri_label2vol  ProgramArguments: mri_label2vol -all-info  ProgramVersion: 7.3.2  TimeStamp: 2026/04/04-13:24:17-GMT  BuildTime: Aug  4 2022 06:17:15  BuildStamp: freesurfer-linux-ubuntu22_x86_64-7.3.2-20220804-6354275  User: oesteban  Machine: dna055  Platform: Linux  PlatformVersion: 5.14.0-427.37.1.el9_4.x86_64  CompilerName: GCC  CompilerVersion: 8.4.0
ProgramName: mri_log_likelihood  ProgramArguments: mri_log_likelihood -all-info  ProgramVersion: 7.3.2  TimeStamp: 2026/04/04-13:24:17-GMT  BuildTime: Aug  4 2022 06:17:15  BuildStamp: freesurfer-linux-ubuntu22_x86_64-7.3.2-20220804-6354275  User: oesteban  Machine: dna055  Platform: Linux  PlatformVersion: 5.14.0-427.37.1.el9_4.x86_64  CompilerName: GCC  CompilerVersion: 8.4.0
ProgramName: mri_mask  ProgramArguments: mri_mask -all-info  ProgramVersion: 7.3.2  TimeStamp: 2026/04/04-13:24:17-GMT  BuildTime: Aug  4 2022 06:17:15  BuildStamp: freesurfer-linux-ubuntu22_x86_64-7.3.2-20220804-6354275  User: oesteban  Machine: dna055  Platform: Linux  PlatformVersion: 5.14.0-427.37.1.el9_4.x86_64  CompilerName: GCC  CompilerVersion: 8.4.0
ProgramName: mri_matrix_multiply  ProgramArguments: mri_matrix_multiply -all-info  ProgramVersion: 7.3.2  TimeStamp: 2026/04/04-13:24:17-GMT  BuildTime: Aug  4 2022 06:17:15  BuildStamp: freesurfer-linux-ubuntu22_x86_64-7.3.2-20220804-6354275  User: oesteban  Machine: dna055  Platform: Linux  PlatformVersion: 5.14.0-427.37.1.el9_4.x86_64  CompilerName: GCC  CompilerVersion: 8.4.0
ProgramName: mri_normalize  ProgramArguments: mri_normalize -all-info  ProgramVersion: 7.3.2  TimeStamp: 2026/04/04-13:24:17-GMT  BuildTime: Aug  4 2022 06:17:15  BuildStamp: freesurfer-linux-ubuntu22_x86_64-7.3.2-20220804-6354275  User: oesteban  Machine: dna055  Platform: Linux  PlatformVersion: 5.14.0-427.37.1.el9_4.x86_64  CompilerName: GCC  CompilerVersion: 8.4.0
ProgramName: mri_normalize_tp2  ProgramArguments: mri_normalize_tp2 -all-info  ProgramVersion: 7.3.2  TimeStamp: 2026/04/04-13:24:17-GMT  BuildTime: Aug  4 2022 06:17:15  BuildStamp: freesurfer-linux-ubuntu22_x86_64-7.3.2-20220804-6354275  User: oesteban  Machine: dna055  Platform: Linux  PlatformVersion: 5.14.0-427.37.1.el9_4.x86_64  CompilerName: GCC  CompilerVersion: 8.4.0
ProgramName: mri_or  ProgramArguments: mri_or -all-info  ProgramVersion: 7.3.2  TimeStamp: 2026/04/04-13:24:17-GMT  BuildTime: Aug  4 2022 06:17:15  BuildStamp: freesurfer-linux-ubuntu22_x86_64-7.3.2-20220804-6354275  User: oesteban  Machine: dna055  Platform: Linux  PlatformVersion: 5.14.0-427.37.1.el9_4.x86_64  CompilerName: GCC  CompilerVersion: 8.4.0
ProgramName: mri_relabel_hypointensities  ProgramArguments: mri_relabel_hypointensities -all-info  ProgramVersion: 7.3.2  TimeStamp: 2026/04/04-13:24:17-GMT  BuildTime: Aug  4 2022 06:17:15  BuildStamp: freesurfer-linux-ubuntu22_x86_64-7.3.2-20220804-6354275  User: oesteban  Machine: dna055  Platform: Linux  PlatformVersion: 5.14.0-427.37.1.el9_4.x86_64  CompilerName: GCC  CompilerVersion: 8.4.0
ProgramName: mri_relabel_nonwm_hypos  ProgramArguments: mri_relabel_nonwm_hypos -all-info  ProgramVersion: 7.3.2  TimeStamp: 2026/04/04-13:24:17-GMT  BuildTime: Aug  4 2022 06:17:15  BuildStamp: freesurfer-linux-ubuntu22_x86_64-7.3.2-20220804-6354275  User: oesteban  Machine: dna055  Platform: Linux  PlatformVersion: 5.14.0-427.37.1.el9_4.x86_64  CompilerName: GCC  CompilerVersion: 8.4.0
ProgramName: mri_remove_neck  ProgramArguments: mri_remove_neck -all-info  ProgramVersion: 7.3.2  TimeStamp: 2026/04/04-13:24:17-GMT  BuildTime: Aug  4 2022 06:17:15  BuildStamp: freesurfer-linux-ubuntu22_x86_64-7.3.2-20220804-6354275  User: oesteban  Machine: dna055  Platform: Linux  PlatformVersion: 5.14.0-427.37.1.el9_4.x86_64  CompilerName: GCC  CompilerVersion: 8.4.0
7.3.2

ProgramName: mri_robust_register  ProgramArguments: mri_robust_register -all-info  ProgramVersion: 7.3.2  TimeStamp: 2026/04/04-13:24:17-GMT  BuildTime: Aug  4 2022 06:17:15  BuildStamp: freesurfer-linux-ubuntu22_x86_64-7.3.2-20220804-6354275  User: oesteban  Machine: dna055  Platform: Linux  PlatformVersion: 5.14.0-427.37.1.el9_4.x86_64  CompilerName: GCC  CompilerVersion: 8.4.0
7.3.2

ProgramName: mri_robust_template  ProgramArguments: mri_robust_template -all-info  ProgramVersion: 7.3.2  TimeStamp: 2026/04/04-13:24:17-GMT  BuildTime: Aug  4 2022 06:17:15  BuildStamp: freesurfer-linux-ubuntu22_x86_64-7.3.2-20220804-6354275  User: oesteban  Machine: dna055  Platform: Linux  PlatformVersion: 5.14.0-427.37.1.el9_4.x86_64  CompilerName: GCC  CompilerVersion: 8.4.0
ProgramName: mris_anatomical_stats  ProgramArguments: mris_anatomical_stats -all-info  ProgramVersion: 7.3.2  TimeStamp: 2026/04/04-13:24:17-GMT  BuildTime: Aug  4 2022 06:17:15  BuildStamp: freesurfer-linux-ubuntu22_x86_64-7.3.2-20220804-6354275  User: oesteban  Machine: dna055  Platform: Linux  PlatformVersion: 5.14.0-427.37.1.el9_4.x86_64  CompilerName: GCC  CompilerVersion: 8.4.0
ProgramName: mris_ca_label  ProgramArguments: mris_ca_label -all-info  ProgramVersion: 7.3.2  TimeStamp: 2026/04/04-13:24:17-GMT  BuildTime: Aug  4 2022 06:17:15  BuildStamp: freesurfer-linux-ubuntu22_x86_64-7.3.2-20220804-6354275  User: oesteban  Machine: dna055  Platform: Linux  PlatformVersion: 5.14.0-427.37.1.el9_4.x86_64  CompilerName: GCC  CompilerVersion: 8.4.0
ProgramName: mris_calc  ProgramArguments: mris_calc -all-info  ProgramVersion: 7.3.2  TimeStamp: 2026/04/04-13:24:17-GMT  BuildTime: Aug  4 2022 06:17:15  BuildStamp: freesurfer-linux-ubuntu22_x86_64-7.3.2-20220804-6354275  User: oesteban  Machine: dna055  Platform: Linux  PlatformVersion: 5.14.0-427.37.1.el9_4.x86_64  CompilerName: GCC  CompilerVersion: 8.4.0
ProgramName: mris_convert  ProgramArguments: mris_convert -all-info  ProgramVersion: 7.3.2  TimeStamp: 2026/04/04-13:24:17-GMT  BuildTime: Aug  4 2022 06:17:15  BuildStamp: freesurfer-linux-ubuntu22_x86_64-7.3.2-20220804-6354275  User: oesteban  Machine: dna055  Platform: Linux  PlatformVersion: 5.14.0-427.37.1.el9_4.x86_64  CompilerName: GCC  CompilerVersion: 8.4.0
ProgramName: mris_curvature  ProgramArguments: mris_curvature -all-info  ProgramVersion: 7.3.2  TimeStamp: 2026/04/04-13:24:17-GMT  BuildTime: Aug  4 2022 06:17:15  BuildStamp: freesurfer-linux-ubuntu22_x86_64-7.3.2-20220804-6354275  User: oesteban  Machine: dna055  Platform: Linux  PlatformVersion: 5.14.0-427.37.1.el9_4.x86_64  CompilerName: GCC  CompilerVersion: 8.4.0
ProgramName: mris_curvature_stats  ProgramArguments: mris_curvature_stats -all-info  ProgramVersion: 7.3.2  TimeStamp: 2026/04/04-13:24:17-GMT  BuildTime: Aug  4 2022 06:17:15  BuildStamp: freesurfer-linux-ubuntu22_x86_64-7.3.2-20220804-6354275  User: oesteban  Machine: dna055  Platform: Linux  PlatformVersion: 5.14.0-427.37.1.el9_4.x86_64  CompilerName: GCC  CompilerVersion: 8.4.0
ProgramName: mris_diff  ProgramArguments: mris_diff -all-info  ProgramVersion: 7.3.2  TimeStamp: 2026/04/04-13:24:17-GMT  BuildTime: Aug  4 2022 06:17:15  BuildStamp: freesurfer-linux-ubuntu22_x86_64-7.3.2-20220804-6354275  User: oesteban  Machine: dna055  Platform: Linux  PlatformVersion: 5.14.0-427.37.1.el9_4.x86_64  CompilerName: GCC  CompilerVersion: 8.4.0
ProgramName: mris_divide_parcellation  ProgramArguments: mris_divide_parcellation -all-info  ProgramVersion: 7.3.2  TimeStamp: 2026/04/04-13:24:17-GMT  BuildTime: Aug  4 2022 06:17:15  BuildStamp: freesurfer-linux-ubuntu22_x86_64-7.3.2-20220804-6354275  User: oesteban  Machine: dna055  Platform: Linux  PlatformVersion: 5.14.0-427.37.1.el9_4.x86_64  CompilerName: GCC  CompilerVersion: 8.4.0
ProgramName: mri_segment  ProgramArguments: mri_segment -all-info  ProgramVersion: 7.3.2  TimeStamp: 2026/04/04-13:24:17-GMT  BuildTime: Aug  4 2022 06:17:15  BuildStamp: freesurfer-linux-ubuntu22_x86_64-7.3.2-20220804-6354275  User: oesteban  Machine: dna055  Platform: Linux  PlatformVersion: 5.14.0-427.37.1.el9_4.x86_64  CompilerName: GCC  CompilerVersion: 8.4.0
ProgramName: mri_segstats  ProgramArguments: mri_segstats -all-info  ProgramVersion: 7.3.2  TimeStamp: 2026/04/04-13:24:17-GMT  BuildTime: Aug  4 2022 06:17:15  BuildStamp: freesurfer-linux-ubuntu22_x86_64-7.3.2-20220804-6354275  User: oesteban  Machine: dna055  Platform: Linux  PlatformVersion: 5.14.0-427.37.1.el9_4.x86_64  CompilerName: GCC  CompilerVersion: 8.4.0
ProgramName: mris_euler_number  ProgramArguments: mris_euler_number -all-info  ProgramVersion: 7.3.2  TimeStamp: 2026/04/04-13:24:17-GMT  BuildTime: Aug  4 2022 06:17:15  BuildStamp: freesurfer-linux-ubuntu22_x86_64-7.3.2-20220804-6354275  User: oesteban  Machine: dna055  Platform: Linux  PlatformVersion: 5.14.0-427.37.1.el9_4.x86_64  CompilerName: GCC  CompilerVersion: 8.4.0
ProgramName: mris_fix_topology  ProgramArguments: mris_fix_topology -all-info  ProgramVersion: 7.3.2  TimeStamp: 2026/04/04-13:24:17-GMT  BuildTime: Aug  4 2022 06:17:15  BuildStamp: freesurfer-linux-ubuntu22_x86_64-7.3.2-20220804-6354275  User: oesteban  Machine: dna055  Platform: Linux  PlatformVersion: 5.14.0-427.37.1.el9_4.x86_64  CompilerName: GCC  CompilerVersion: 8.4.0
ProgramName: mris_topo_fixer  ProgramArguments: mris_topo_fixer -all-info  ProgramVersion: 7.3.2  TimeStamp: 2026/04/04-13:24:17-GMT  BuildTime: Aug  4 2022 06:17:15  BuildStamp: freesurfer-linux-ubuntu22_x86_64-7.3.2-20220804-6354275  User: oesteban  Machine: dna055  Platform: Linux  PlatformVersion: 5.14.0-427.37.1.el9_4.x86_64  CompilerName: GCC  CompilerVersion: 8.4.0
ProgramName: mris_jacobian  ProgramArguments: mris_jacobian -all-info  ProgramVersion: 7.3.2  TimeStamp: 2026/04/04-13:24:17-GMT  BuildTime: Aug  4 2022 06:17:15  BuildStamp: freesurfer-linux-ubuntu22_x86_64-7.3.2-20220804-6354275  User: oesteban  Machine: dna055  Platform: Linux  PlatformVersion: 5.14.0-427.37.1.el9_4.x86_64  CompilerName: GCC  CompilerVersion: 8.4.0
ProgramName: mris_label2annot  ProgramArguments: mris_label2annot -all-info  ProgramVersion: 7.3.2  TimeStamp: 2026/04/04-13:24:17-GMT  BuildTime: Aug  4 2022 06:17:15  BuildStamp: freesurfer-linux-ubuntu22_x86_64-7.3.2-20220804-6354275  User: oesteban  Machine: dna055  Platform: Linux  PlatformVersion: 5.14.0-427.37.1.el9_4.x86_64  CompilerName: GCC  CompilerVersion: 8.4.0
ProgramName: mris_left_right_register  ProgramArguments: mris_left_right_register -all-info  ProgramVersion: 7.3.2  TimeStamp: 2026/04/04-13:24:17-GMT  BuildTime: Aug  4 2022 06:17:15  BuildStamp: freesurfer-linux-ubuntu22_x86_64-7.3.2-20220804-6354275  User: oesteban  Machine: dna055  Platform: Linux  PlatformVersion: 5.14.0-427.37.1.el9_4.x86_64  CompilerName: GCC  CompilerVersion: 8.4.0
ProgramName: mris_place_surface  ProgramArguments: mris_place_surface -all-info  ProgramVersion: 7.3.2  TimeStamp: 2026/04/04-13:24:17-GMT  BuildTime: Aug  4 2022 06:17:15  BuildStamp: freesurfer-linux-ubuntu22_x86_64-7.3.2-20220804-6354275  User: oesteban  Machine: dna055  Platform: Linux  PlatformVersion: 5.14.0-427.37.1.el9_4.x86_64  CompilerName: GCC  CompilerVersion: 8.4.0
ProgramName: mrisp_paint  ProgramArguments: mrisp_paint -all-info  ProgramVersion: 7.3.2  TimeStamp: 2026/04/04-13:24:17-GMT  BuildTime: Aug  4 2022 06:17:15  BuildStamp: freesurfer-linux-ubuntu22_x86_64-7.3.2-20220804-6354275  User: oesteban  Machine: dna055  Platform: Linux  PlatformVersion: 5.14.0-427.37.1.el9_4.x86_64  CompilerName: GCC  CompilerVersion: 8.4.0
ProgramName: mris_register  ProgramArguments: mris_register -all-info  ProgramVersion: 7.3.2  TimeStamp: 2026/04/04-13:24:17-GMT  BuildTime: Aug  4 2022 06:17:15  BuildStamp: freesurfer-linux-ubuntu22_x86_64-7.3.2-20220804-6354275  User: oesteban  Machine: dna055  Platform: Linux  PlatformVersion: 5.14.0-427.37.1.el9_4.x86_64  CompilerName: GCC  CompilerVersion: 8.4.0
ProgramName: mris_smooth  ProgramArguments: mris_smooth -all-info  ProgramVersion: 7.3.2  TimeStamp: 2026/04/04-13:24:17-GMT  BuildTime: Aug  4 2022 06:17:15  BuildStamp: freesurfer-linux-ubuntu22_x86_64-7.3.2-20220804-6354275  User: oesteban  Machine: dna055  Platform: Linux  PlatformVersion: 5.14.0-427.37.1.el9_4.x86_64  CompilerName: GCC  CompilerVersion: 8.4.0
ProgramName: mris_sphere  ProgramArguments: mris_sphere -all-info  ProgramVersion: 7.3.2  TimeStamp: 2026/04/04-13:24:17-GMT  BuildTime: Aug  4 2022 06:17:15  BuildStamp: freesurfer-linux-ubuntu22_x86_64-7.3.2-20220804-6354275  User: oesteban  Machine: dna055  Platform: Linux  PlatformVersion: 5.14.0-427.37.1.el9_4.x86_64  CompilerName: GCC  CompilerVersion: 8.4.0
ProgramName: mris_surface_stats  ProgramArguments: mris_surface_stats -all-info  ProgramVersion: 7.3.2  TimeStamp: 2026/04/04-13:24:17-GMT  BuildTime: Aug  4 2022 06:17:15  BuildStamp: freesurfer-linux-ubuntu22_x86_64-7.3.2-20220804-6354275  User: oesteban  Machine: dna055  Platform: Linux  PlatformVersion: 5.14.0-427.37.1.el9_4.x86_64  CompilerName: GCC  CompilerVersion: 8.4.0
ProgramName: mri_stats2seg  ProgramArguments: mri_stats2seg -all-info  ProgramVersion: 7.3.2  TimeStamp: 2026/04/04-13:24:17-GMT  BuildTime: Aug  4 2022 06:17:15  BuildStamp: freesurfer-linux-ubuntu22_x86_64-7.3.2-20220804-6354275  User: oesteban  Machine: dna055  Platform: Linux  PlatformVersion: 5.14.0-427.37.1.el9_4.x86_64  CompilerName: GCC  CompilerVersion: 8.4.0
ProgramName: mris_thickness  ProgramArguments: mris_thickness -all-info  ProgramVersion: 7.3.2  TimeStamp: 2026/04/04-13:24:17-GMT  BuildTime: Aug  4 2022 06:17:15  BuildStamp: freesurfer-linux-ubuntu22_x86_64-7.3.2-20220804-6354275  User: oesteban  Machine: dna055  Platform: Linux  PlatformVersion: 5.14.0-427.37.1.el9_4.x86_64  CompilerName: GCC  CompilerVersion: 8.4.0
ProgramName: mris_thickness_diff  ProgramArguments: mris_thickness_diff -all-info  ProgramVersion: 7.3.2  TimeStamp: 2026/04/04-13:24:17-GMT  BuildTime: Aug  4 2022 06:17:15  BuildStamp: freesurfer-linux-ubuntu22_x86_64-7.3.2-20220804-6354275  User: oesteban  Machine: dna055  Platform: Linux  PlatformVersion: 5.14.0-427.37.1.el9_4.x86_64  CompilerName: GCC  CompilerVersion: 8.4.0
ProgramName: mris_topo_fixer  ProgramArguments: mris_topo_fixer -all-info  ProgramVersion: 7.3.2  TimeStamp: 2026/04/04-13:24:17-GMT  BuildTime: Aug  4 2022 06:17:15  BuildStamp: freesurfer-linux-ubuntu22_x86_64-7.3.2-20220804-6354275  User: oesteban  Machine: dna055  Platform: Linux  PlatformVersion: 5.14.0-427.37.1.el9_4.x86_64  CompilerName: GCC  CompilerVersion: 8.4.0
ProgramName: mri_surf2surf  ProgramArguments: mri_surf2surf -all-info  ProgramVersion: 7.3.2  TimeStamp: 2026/04/04-13:24:17-GMT  BuildTime: Aug  4 2022 06:17:15  BuildStamp: freesurfer-linux-ubuntu22_x86_64-7.3.2-20220804-6354275  User: oesteban  Machine: dna055  Platform: Linux  PlatformVersion: 5.14.0-427.37.1.el9_4.x86_64  CompilerName: GCC  CompilerVersion: 8.4.0
ProgramName: mri_surf2vol  ProgramArguments: mri_surf2vol -all-info  ProgramVersion: 7.3.2  TimeStamp: 2026/04/04-13:24:17-GMT  BuildTime: Aug  4 2022 06:17:15  BuildStamp: freesurfer-linux-ubuntu22_x86_64-7.3.2-20220804-6354275  User: oesteban  Machine: dna055  Platform: Linux  PlatformVersion: 5.14.0-427.37.1.el9_4.x86_64  CompilerName: GCC  CompilerVersion: 8.4.0
ProgramName: mri_surfcluster  ProgramArguments: mri_surfcluster -all-info  ProgramVersion: 7.3.2  TimeStamp: 2026/04/04-13:24:17-GMT  BuildTime: Aug  4 2022 06:17:15  BuildStamp: freesurfer-linux-ubuntu22_x86_64-7.3.2-20220804-6354275  User: oesteban  Machine: dna055  Platform: Linux  PlatformVersion: 5.14.0-427.37.1.el9_4.x86_64  CompilerName: GCC  CompilerVersion: 8.4.0
ProgramName: mris_volmask  ProgramArguments: mris_volmask -all-info  ProgramVersion: 7.3.2  TimeStamp: 2026/04/04-13:24:17-GMT  BuildTime: Aug  4 2022 06:17:15  BuildStamp: freesurfer-linux-ubuntu22_x86_64-7.3.2-20220804-6354275  User: oesteban  Machine: dna055  Platform: Linux  PlatformVersion: 5.14.0-427.37.1.el9_4.x86_64  CompilerName: GCC  CompilerVersion: 8.4.0
ProgramName: mri_tessellate  ProgramArguments: mri_tessellate -all-info  ProgramVersion: 7.3.2  TimeStamp: 2026/04/04-13:24:17-GMT  BuildTime: Aug  4 2022 06:17:15  BuildStamp: freesurfer-linux-ubuntu22_x86_64-7.3.2-20220804-6354275  User: oesteban  Machine: dna055  Platform: Linux  PlatformVersion: 5.14.0-427.37.1.el9_4.x86_64  CompilerName: GCC  CompilerVersion: 8.4.0
ProgramName: mri_vol2surf  ProgramArguments: mri_vol2surf -all-info  ProgramVersion: 7.3.2  TimeStamp: 2026/04/04-13:24:17-GMT  BuildTime: Aug  4 2022 06:17:15  BuildStamp: freesurfer-linux-ubuntu22_x86_64-7.3.2-20220804-6354275  User: oesteban  Machine: dna055  Platform: Linux  PlatformVersion: 5.14.0-427.37.1.el9_4.x86_64  CompilerName: GCC  CompilerVersion: 8.4.0
ProgramName: mri_vol2vol  ProgramArguments: mri_vol2vol -all-info  ProgramVersion: 7.3.2  TimeStamp: 2026/04/04-13:24:17-GMT  BuildTime: Aug  4 2022 06:17:15  BuildStamp: freesurfer-linux-ubuntu22_x86_64-7.3.2-20220804-6354275  User: oesteban  Machine: dna055  Platform: Linux  PlatformVersion: 5.14.0-427.37.1.el9_4.x86_64  CompilerName: GCC  CompilerVersion: 8.4.0
ProgramName: mri_voldiff  ProgramArguments: mri_voldiff -all-info  ProgramVersion: 7.3.2  TimeStamp: 2026/04/04-13:24:17-GMT  BuildTime: Aug  4 2022 06:17:15  BuildStamp: freesurfer-linux-ubuntu22_x86_64-7.3.2-20220804-6354275  User: oesteban  Machine: dna055  Platform: Linux  PlatformVersion: 5.14.0-427.37.1.el9_4.x86_64  CompilerName: GCC  CompilerVersion: 8.4.0
ProgramName: mri_watershed  ProgramArguments: mri_watershed -all-info  ProgramVersion: 7.3.2  TimeStamp: 2026/04/04-13:24:17-GMT  BuildTime: Aug  4 2022 06:17:15  BuildStamp: freesurfer-linux-ubuntu22_x86_64-7.3.2-20220804-6354275  User: oesteban  Machine: dna055  Platform: Linux  PlatformVersion: 5.14.0-427.37.1.el9_4.x86_64  CompilerName: GCC  CompilerVersion: 8.4.0
ProgramName: tkregister2  ProgramArguments: tkregister2_cmdl -all-info  ProgramVersion: 7.3.2  TimeStamp: 2026/04/04-13:24:17-GMT  BuildTime: Aug  4 2022 06:17:15  BuildStamp: freesurfer-linux-ubuntu22_x86_64-7.3.2-20220804-6354275  User: oesteban  Machine: dna055  Platform: Linux  PlatformVersion: 5.14.0-427.37.1.el9_4.x86_64  CompilerName: GCC  CompilerVersion: 8.4.0
mri_motion_correct.fsl 7.3.2
mri_convert -all-info 
ProgramName: mri_convert  ProgramArguments: mri_convert -all-info  ProgramVersion: 7.3.2  TimeStamp: 2026/04/04-13:24:17-GMT  BuildTime: Aug  4 2022 06:17:15  BuildStamp: freesurfer-linux-ubuntu22_x86_64-7.3.2-20220804-6354275  User: oesteban  Machine: dna055  Platform: Linux  PlatformVersion: 5.14.0-427.37.1.el9_4.x86_64  CompilerName: GCC  CompilerVersion: 8.4.0
Program nu_correct, built from:
Package MNI N3, version 1.12.0, compiled by nicks@terrier (x86_64-unknown-linux-gnu) on 2015-06-19 at 01:25:34
#######################################
GCADIR /opt/freesurfer/average
GCA RB_all_2020-01-02.gca
GCASkull RB_all_withskull_2020_01_02.gca
AvgCurvTif folding.atlas.acfb40.noaparc.i12.2016-08-02.tif
GCSDIR /opt/freesurfer/average
GCS DKaparc.atlas.acfb40.noaparc.i12.2016-08-02.gcs
#######################################
#--------------------------------------------
#@# AutoDetGWStats lh Sat Apr  4 15:24:17 CEST 2026
cd /out/sourcedata/freesurfer/sub-v1s13x0050005_ses-1/mri
mris_autodet_gwstats --o ../surf/autodet.gw.stats.lh.dat --i brain.finalsurfs.mgz --wm wm.mgz --surf ../surf/lh.orig.premesh
  Update not needed
#--------------------------------------------
#@# WhitePreAparc lh Sat Apr  4 15:24:17 CEST 2026
cd /out/sourcedata/freesurfer/sub-v1s13x0050005_ses-1/mri
mris_place_surface --adgws-in ../surf/autodet.gw.stats.lh.dat --wm wm.mgz --threads 16 --invol brain.finalsurfs.mgz --lh --i ../surf/lh.orig --o ../surf/lh.white.preaparc --white --seg aseg.presurf.mgz --nsmooth 5
   Update not needed
#--------------------------------------------
#@# CortexLabel lh Sat Apr  4 15:24:17 CEST 2026
cd /out/sourcedata/freesurfer/sub-v1s13x0050005_ses-1/mri
mri_label2label --label-cortex ../surf/lh.white.preaparc aseg.presurf.mgz 0 ../label/lh.cortex.label
   Update not needed
#--------------------------------------------
#@# CortexLabel+HipAmyg lh Sat Apr  4 15:24:17 CEST 2026
cd /out/sourcedata/freesurfer/sub-v1s13x0050005_ses-1/mri
mri_label2label --label-cortex ../surf/lh.white.preaparc aseg.presurf.mgz 1 ../label/lh.cortex+hipamyg.label
   Update not needed
#@# white curv lh Sat Apr  4 15:24:17 CEST 2026
cd /out/sourcedata/freesurfer/sub-v1s13x0050005_ses-1/mri
mris_place_surface --curv-map ../surf/lh.white 2 10 ../surf/lh.curv
   Update not needed
#@# white area lh Sat Apr  4 15:24:17 CEST 2026
cd /out/sourcedata/freesurfer/sub-v1s13x0050005_ses-1/mri
mris_place_surface --area-map ../surf/lh.white ../surf/lh.area
   Update not needed
#@# pial curv lh Sat Apr  4 15:24:17 CEST 2026
cd /out/sourcedata/freesurfer/sub-v1s13x0050005_ses-1/mri
mris_place_surface --curv-map ../surf/lh.pial 2 10 ../surf/lh.curv.pial
   Update not needed
#@# pial area lh Sat Apr  4 15:24:17 CEST 2026
cd /out/sourcedata/freesurfer/sub-v1s13x0050005_ses-1/mri
mris_place_surface --area-map ../surf/lh.pial ../surf/lh.area.pial
   Update not needed
#@# thickness lh Sat Apr  4 15:24:17 CEST 2026
cd /out/sourcedata/freesurfer/sub-v1s13x0050005_ses-1/mri
mris_place_surface --thickness ../surf/lh.white ../surf/lh.pial 20 5 ../surf/lh.thickness
   Update not needed
#@# area and vertex vol lh Sat Apr  4 15:24:17 CEST 2026
cd /out/sourcedata/freesurfer/sub-v1s13x0050005_ses-1/mri
mris_place_surface --thickness ../surf/lh.white ../surf/lh.pial 20 5 ../surf/lh.thickness
   Update not needed
#-----------------------------------------
#@# Parcellation Stats lh Sat Apr  4 15:24:17 CEST 2026
/out/sourcedata/freesurfer/sub-v1s13x0050005_ses-1/scripts

 mris_anatomical_stats -th3 -mgz -noglobal -cortex ../label/lh.cortex.label -f ../stats/lh.aparc.stats -b -a ../label/lh.aparc.annot -c ../label/aparc.annot.ctab sub-v1s13x0050005_ses-1 lh white 

computing statistics for each annotation in ../label/lh.aparc.annot.
reading volume /out/sourcedata/freesurfer/sub-v1s13x0050005_ses-1/mri/wm.mgz...
reading input surface /out/sourcedata/freesurfer/sub-v1s13x0050005_ses-1/surf/lh.white...
reading input pial surface /out/sourcedata/freesurfer/sub-v1s13x0050005_ses-1/surf/lh.pial...
reading input white surface /out/sourcedata/freesurfer/sub-v1s13x0050005_ses-1/surf/lh.white...
INFO: using TH3 volume calc
INFO: assuming MGZ format for volumes.
INFO: not computing global stats
INFO: using ../label/lh.cortex.label as mask to calc cortex NumVert, SurfArea and MeanThickness.
Using TH3 vertex volume calc
Total face volume 255110
Total vertex volume 254917 (mask=0)
Saving annotation colortable ../label/aparc.annot.ctab

table columns are:
    number of vertices
    total surface area (mm^2)
    total gray matter volume (mm^3)
    average cortical thickness +- standard deviation (mm)
    integrated rectified mean curvature
    integrated rectified Gaussian curvature
    folding index
    intrinsic curvature index
    structure name

 1707   1179   2944  2.457 0.527     0.087     0.014       11     1.0  bankssts
 1247    888   2936  2.692 0.761     0.123     0.018       16     1.1  caudalanteriorcingulate
 3461   2413   7502  2.802 0.562     0.104     0.018       26     2.6  caudalmiddlefrontal
 2128   1417   2194  1.529 0.390     0.132     0.028       24     2.7  cuneus
  549    348   1668  3.271 0.768     0.082     0.020        3     0.4  entorhinal
 4447   3072   9051  2.682 0.669     0.118     0.025       48     4.4  fusiform
 6153   4357  13155  2.639 0.621     0.119     0.022       60     5.9  inferiorparietal
 4477   3366  11388  2.957 0.739     0.135     0.029       67     5.8  inferiortemporal
 1227    843   2221  2.310 0.910     0.115     0.022       14     1.0  isthmuscingulate
 6560   4544  10292  2.042 0.603     0.137     0.030       78     8.4  lateraloccipital
 4031   2788   8340  2.878 0.799     0.131     0.032       45     5.4  lateralorbitofrontal
 3828   2621   4685  1.707 0.478     0.121     0.026       38     4.0  lingual
 2549   1790   4963  2.485 0.739     0.128     0.032       35     3.7  medialorbitofrontal
 4723   3442  13701  3.142 0.684     0.125     0.024       58     5.0  middletemporal
 1215    752   2410  2.746 0.653     0.068     0.015        4     0.6  parahippocampal
 2297   1403   4001  2.631 0.567     0.101     0.020       15     2.0  paracentral
 2161   1512   5192  2.950 0.499     0.104     0.019       20     1.7  parsopercularis
 1019    701   2926  3.051 0.840     0.120     0.026       11     1.1  parsorbitalis
 1915   1410   4856  2.933 0.705     0.123     0.024       20     2.0  parstriangularis
 1517   1046   1240  1.348 0.356     0.129     0.032       16     2.0  pericalcarine
 5510   3652   8893  2.160 0.712     0.109     0.019       48     4.4  postcentral
 1901   1348   3826  2.564 0.768     0.128     0.026       25     2.0  posteriorcingulate
 7605   5061  14954  2.727 0.609     0.105     0.020       59     6.3  precentral
 5738   3967  10734  2.577 0.641     0.108     0.021       46     4.8  precuneus
 1340    933   2894  2.754 0.810     0.117     0.026       35     1.4  rostralanteriorcingulate
 7703   5873  18105  2.583 0.677     0.137     0.030      107     9.9  rostralmiddlefrontal
10330   7336  26558  3.086 0.696     0.111     0.021       97     9.1  superiorfrontal
 7832   5465  14193  2.291 0.654     0.123     0.023       82     7.4  superiorparietal
 5820   3937  13476  2.909 0.751     0.099     0.019       44     4.5  superiortemporal
 5676   4190  13684  2.779 0.651     0.128     0.027       71     6.5  supramarginal
  284    264   1512  3.922 0.580     0.202     0.055        7     0.7  frontalpole
  614    481   2425  3.441 0.902     0.152     0.037        9     1.1  temporalpole
  819    544   1240  2.039 0.526     0.114     0.036        8     1.1  transversetemporal
 3837   2752   6758  2.650 0.761     0.130     0.040       43     6.5  insula

 mris_anatomical_stats -th3 -mgz -noglobal -cortex ../label/lh.cortex.label -f ../stats/lh.aparc.pial.stats -b -a ../label/lh.aparc.annot -c ../label/aparc.annot.ctab sub-v1s13x0050005_ses-1 lh pial 

computing statistics for each annotation in ../label/lh.aparc.annot.
reading volume /out/sourcedata/freesurfer/sub-v1s13x0050005_ses-1/mri/wm.mgz...
reading input surface /out/sourcedata/freesurfer/sub-v1s13x0050005_ses-1/surf/lh.pial...
reading input pial surface /out/sourcedata/freesurfer/sub-v1s13x0050005_ses-1/surf/lh.pial...
reading input white surface /out/sourcedata/freesurfer/sub-v1s13x0050005_ses-1/surf/lh.white...
INFO: using TH3 volume calc
INFO: assuming MGZ format for volumes.
INFO: not computing global stats
INFO: using ../label/lh.cortex.label as mask to calc cortex NumVert, SurfArea and MeanThickness.
Using TH3 vertex volume calc
Total face volume 255110
Total vertex volume 254917 (mask=0)
Saving annotation colortable ../label/aparc.annot.ctab

table columns are:
    number of vertices
    total surface area (mm^2)
    total gray matter volume (mm^3)
    average cortical thickness +- standard deviation (mm)
    integrated rectified mean curvature
    integrated rectified Gaussian curvature
    folding index
    intrinsic curvature index
    structure name

 1707   1228   2944  2.457 0.527     0.108     0.023       24     1.7  bankssts
 1247   1252   2936  2.692 0.761     0.197     0.063     1267     2.5  caudalanteriorcingulate
 3461   2808   7502  2.802 0.562     0.118     0.030       40     3.0  caudalmiddlefrontal
 2128   1641   2194  1.529 0.390     0.129     0.031       31     2.8  cuneus
  549    720   1668  3.271 0.768     0.249     0.067       12     1.8  entorhinal
 4447   3655   9051  2.682 0.669     0.145     0.043      189     6.6  fusiform
 6153   5437  13155  2.639 0.621     0.143     0.032      115     8.1  inferiorparietal
 4477   4376  11388  2.957 0.739     0.162     0.038      108     6.9  inferiortemporal
 1227   1072   2221  2.310 0.910     0.158     0.051       26     3.3  isthmuscingulate
 6560   5641  10292  2.042 0.603     0.141     0.040      125     8.6  lateraloccipital
 4031   3063   8340  2.878 0.799     0.149     0.042      132     7.1  lateralorbitofrontal
 3828   3119   4685  1.707 0.478     0.134     0.033       84     5.1  lingual
 2549   2274   4963  2.485 0.739     0.169     0.068      114     4.9  medialorbitofrontal
 4723   5024  13701  3.142 0.684     0.155     0.030       93     6.3  middletemporal
 1215   1029   2410  2.746 0.653     0.138     0.040       13     2.2  parahippocampal
 2297   1711   4001  2.631 0.567     0.108     0.024       20     2.4  paracentral
 2161   1970   5192  2.950 0.499     0.145     0.030       29     2.9  parsopercularis
 1019   1160   2926  3.051 0.840     0.166     0.033       14     1.4  parsorbitalis
 1915   1838   4856  2.933 0.705     0.155     0.034       33     2.8  parstriangularis
 1517    913   1240  1.348 0.356     0.109     0.031       31     1.9  pericalcarine
 5510   4559   8893  2.160 0.712     0.123     0.022       60     5.0  postcentral
 1901   1623   3826  2.564 0.768     0.153     0.038       48     3.0  posteriorcingulate
 7605   5802  14954  2.727 0.609     0.115     0.024      186     7.2  precentral
 5738   4444  10734  2.577 0.641     0.130     0.029      102     7.2  precuneus
 1340   1212   2894  2.754 0.810     0.183     0.056      141     3.0  rostralanteriorcingulate
 7703   7666  18105  2.583 0.677     0.171     0.036      155    11.8  rostralmiddlefrontal
10330   9505  26558  3.086 0.696     0.141     0.032      315    12.6  superiorfrontal
 7832   6834  14193  2.291 0.654     0.141     0.028      115     9.4  superiorparietal
 5820   5107  13476  2.909 0.751     0.144     0.036      265     8.9  superiortemporal
 5676   5478  13684  2.779 0.651     0.151     0.034       81     7.7  supramarginal
  284    492   1512  3.922 0.580     0.261     0.047        6     0.6  frontalpole
  614    925   2425  3.441 0.902     0.238     0.050       16     1.4  temporalpole
  819    741   1240  2.039 0.526     0.146     0.038        7     1.3  transversetemporal
 3837   2667   6758  2.650 0.761     0.167     0.056      100     8.9  insula
#-----------------------------------------
#@# Parcellation Stats 2 lh Sat Apr  4 15:24:33 CEST 2026
/out/sourcedata/freesurfer/sub-v1s13x0050005_ses-1/scripts

 mris_anatomical_stats -th3 -mgz -noglobal -cortex ../label/lh.cortex.label -f ../stats/lh.aparc.a2009s.stats -b -a ../label/lh.aparc.a2009s.annot -c ../label/aparc.annot.a2009s.ctab sub-v1s13x0050005_ses-1 lh white 

computing statistics for each annotation in ../label/lh.aparc.a2009s.annot.
reading volume /out/sourcedata/freesurfer/sub-v1s13x0050005_ses-1/mri/wm.mgz...
reading input surface /out/sourcedata/freesurfer/sub-v1s13x0050005_ses-1/surf/lh.white...
reading input pial surface /out/sourcedata/freesurfer/sub-v1s13x0050005_ses-1/surf/lh.pial...
reading input white surface /out/sourcedata/freesurfer/sub-v1s13x0050005_ses-1/surf/lh.white...
INFO: using TH3 volume calc
INFO: assuming MGZ format for volumes.
INFO: not computing global stats
INFO: using ../label/lh.cortex.label as mask to calc cortex NumVert, SurfArea and MeanThickness.
Using TH3 vertex volume calc
Total face volume 255110
Total vertex volume 254917 (mask=0)
Saving annotation colortable ../label/aparc.annot.a2009s.ctab

table columns are:
    number of vertices
    total surface area (mm^2)
    total gray matter volume (mm^3)
    average cortical thickness +- standard deviation (mm)
    integrated rectified mean curvature
    integrated rectified Gaussian curvature
    folding index
    intrinsic curvature index
    structure name

 1022    806   2484  2.557 0.893     0.149     0.037       15     1.5  G_and_S_frontomargin
 1644   1224   3370  2.352 0.672     0.140     0.031       20     2.2  G_and_S_occipital_inf
 1598    956   2969  2.512 0.625     0.110     0.024       14     1.7  G_and_S_paracentral
 1387    938   3241  2.948 0.640     0.114     0.022       13     1.2  G_and_S_subcentral
  614    533   2364  3.124 0.789     0.182     0.046       14     1.2  G_and_S_transv_frontopol
 2390   1718   5327  3.031 0.512     0.111     0.019       26     2.1  G_and_S_cingul-Ant
 1351    976   3197  2.954 0.551     0.105     0.017       13     1.1  G_and_S_cingul-Mid-Ant
 1320    912   2694  2.866 0.469     0.109     0.020       11     1.1  G_and_S_cingul-Mid-Post
  628    462   1919  3.105 0.758     0.163     0.039       12     0.9  G_cingul-Post-dorsal
  212    139    488  2.645 0.763     0.127     0.033        2     0.3  G_cingul-Post-ventral
 2021   1357   2162  1.463 0.403     0.130     0.028       24     2.6  G_cuneus
 1133    796   3457  3.115 0.503     0.120     0.027       16     1.2  G_front_inf-Opercular
  404    282   1370  3.325 0.643     0.146     0.037        6     0.7  G_front_inf-Orbital
 1021    789   3485  3.209 0.670     0.139     0.031       15     1.3  G_front_inf-Triangul
 4264   3333  13099  2.919 0.676     0.147     0.033       69     5.9  G_front_middle
 7107   5035  20507  3.185 0.732     0.122     0.025       83     7.3  G_front_sup
  699    506   1389  2.625 0.705     0.133     0.041       10     1.0  G_Ins_lg_and_S_cent_ins
  717    530   1777  2.738 0.841     0.147     0.051       11     1.7  G_insular_short
 1607   1110   3881  2.646 0.668     0.139     0.028       21     2.0  G_occipital_middle
 1367    894   1782  1.778 0.593     0.134     0.029       16     1.6  G_occipital_sup
 1644   1131   3945  2.739 0.584     0.128     0.032       22     2.2  G_oc-temp_lat-fusifor
 2513   1723   3314  1.672 0.526     0.132     0.030       29     3.0  G_oc-temp_med-Lingual
 1268    781   3196  2.981 0.741     0.078     0.018        6     0.8  G_oc-temp_med-Parahip
 2396   1595   6239  2.877 0.867     0.128     0.036       33     3.2  G_orbital
 2436   1854   7231  2.864 0.564     0.145     0.030       38     3.1  G_pariet_inf-Angular
 2770   2124   8240  2.979 0.705     0.139     0.031       46     3.7  G_pariet_inf-Supramar
 2916   2192   7155  2.547 0.604     0.135     0.027       40     3.0  G_parietal_sup
 2099   1381   3959  2.337 0.631     0.128     0.025       26     2.2  G_postcentral
 2673   1737   6665  2.947 0.519     0.114     0.024       28     2.7  G_precentral
 2911   2082   6874  2.653 0.629     0.124     0.028       34     3.3  G_precuneus
  970    709   2622  2.704 0.857     0.149     0.042       19     2.2  G_rectus
  923    599    921  1.734 0.692     0.148     0.062       28     2.3  G_subcallosal
  658    439   1102  2.056 0.503     0.113     0.032        6     0.8  G_temp_sup-G_T_transv
 1985   1425   7022  3.358 0.709     0.141     0.032       30     2.5  G_temp_sup-Lateral
  723    480   1729  3.144 0.890     0.074     0.016        3     0.5  G_temp_sup-Plan_polar
 1032    688   2049  2.577 0.602     0.063     0.009        4     0.3  G_temp_sup-Plan_tempo
 2350   1836   7438  2.980 0.751     0.152     0.036       48     3.8  G_temporal_inf
 2656   2005   9694  3.355 0.669     0.144     0.032       45     3.6  G_temporal_middle
  327    233    582  2.710 0.572     0.119     0.024        2     0.3  Lat_Fis-ant-Horizont
  361    255    658  2.691 0.621     0.094     0.011        2     0.1  Lat_Fis-ant-Vertical
 1121    773   1444  2.255 0.470     0.123     0.028        9     1.4  Lat_Fis-post
 1774   1205   2516  1.870 0.480     0.143     0.034       24     2.6  Pole_occipital
 1478   1162   5607  3.501 0.684     0.156     0.037       23     2.3  Pole_temporal
 1715   1175   1819  1.711 0.762     0.122     0.027       16     1.9  S_calcarine
 3111   2091   3563  1.906 0.617     0.099     0.015       17     2.1  S_central
 1231    818   1844  2.655 0.448     0.096     0.015        6     0.8  S_cingul-Marginalis
  529    361    852  2.986 0.453     0.077     0.009        2     0.2  S_circular_insula_ant
 1425    995   2136  2.744 0.625     0.096     0.019        7     1.1  S_circular_insula_inf
 1923   1258   3027  2.930 0.491     0.084     0.013        6     1.1  S_circular_insula_sup
  879    627   1646  3.231 0.686     0.119     0.020        7     0.8  S_collat_transv_ant
  709    485    700  1.845 0.389     0.136     0.030        7     0.9  S_collat_transv_post
 2141   1473   3344  2.477 0.468     0.097     0.016       12     1.5  S_front_inf
 1391   1051   2711  2.331 0.661     0.129     0.025       13     1.6  S_front_middle
 2910   1992   4843  2.598 0.469     0.086     0.013       14     1.6  S_front_sup
  334    232    483  2.442 0.448     0.108     0.016        2     0.3  S_interm_prim-Jensen
 2876   1930   4290  2.368 0.592     0.109     0.017       22     2.1  S_intrapariet_and_P_trans
  688    469    708  1.711 0.371     0.123     0.020        6     0.6  S_oc_middle_and_Lunatus
 1256    824   1395  1.894 0.493     0.109     0.020        8     1.0  S_oc_sup_and_transversal
  653    456    881  2.237 0.473     0.124     0.028        5     0.7  S_occipital_ant
  786    548   1393  2.808 0.717     0.106     0.022       10     0.8  S_oc-temp_lat
 2579   1717   3277  2.166 0.568     0.092     0.016       15     1.7  S_oc-temp_med_and_Lingual
  366    267    494  2.164 0.373     0.112     0.015        3     0.2  S_orbital_lateral
  787    703   1214  2.228 0.681     0.210     0.061       15     2.4  S_orbital_med-olfact
 1535   1057   3173  2.995 0.715     0.119     0.021       14     1.4  S_orbital-H_Shaped
 2219   1471   2798  2.223 0.719     0.105     0.019       15     1.8  S_parieto_occipital
 1551    997   1475  1.824 0.693     0.108     0.015       21     0.8  S_pericallosal
 2435   1653   3414  2.300 0.568     0.102     0.017       16     1.8  S_postcentral
 1994   1382   3667  2.746 0.470     0.091     0.014       11     1.2  S_precentral-inf-part
 1437    963   2223  2.718 0.538     0.090     0.013        6     0.8  S_precentral-sup-part
  699    473   1031  2.430 0.470     0.112     0.015        6     0.4  S_suborbital
 1047    728   1597  2.465 0.514     0.101     0.014        5     0.6  S_subparietal
 1759   1227   2650  2.565 0.584     0.105     0.014       12     1.2  S_temporal_inf
 6320   4262  10602  2.605 0.561     0.089     0.014       33     3.8  S_temporal_sup
  445    307    501  2.139 0.548     0.114     0.014        3     0.3  S_temporal_transverse
#-----------------------------------------
#@# Parcellation Stats 3 lh Sat Apr  4 15:24:41 CEST 2026
/out/sourcedata/freesurfer/sub-v1s13x0050005_ses-1/scripts

 mris_anatomical_stats -th3 -mgz -noglobal -cortex ../label/lh.cortex.label -f ../stats/lh.aparc.DKTatlas.stats -b -a ../label/lh.aparc.DKTatlas.annot -c ../label/aparc.annot.DKTatlas.ctab sub-v1s13x0050005_ses-1 lh white 

computing statistics for each annotation in ../label/lh.aparc.DKTatlas.annot.
reading volume /out/sourcedata/freesurfer/sub-v1s13x0050005_ses-1/mri/wm.mgz...
reading input surface /out/sourcedata/freesurfer/sub-v1s13x0050005_ses-1/surf/lh.white...
reading input pial surface /out/sourcedata/freesurfer/sub-v1s13x0050005_ses-1/surf/lh.pial...
reading input white surface /out/sourcedata/freesurfer/sub-v1s13x0050005_ses-1/surf/lh.white...
INFO: using TH3 volume calc
INFO: assuming MGZ format for volumes.
INFO: not computing global stats
INFO: using ../label/lh.cortex.label as mask to calc cortex NumVert, SurfArea and MeanThickness.
Using TH3 vertex volume calc
Total face volume 255110
Total vertex volume 254917 (mask=0)
Saving annotation colortable ../label/aparc.annot.DKTatlas.ctab

table columns are:
    number of vertices
    total surface area (mm^2)
    total gray matter volume (mm^3)
    average cortical thickness +- standard deviation (mm)
    integrated rectified mean curvature
    integrated rectified Gaussian curvature
    folding index
    intrinsic curvature index
    structure name

 1891   1311   3879  2.699 0.698     0.113     0.017       22     1.4  caudalanteriorcingulate
 3679   2560   7883  2.800 0.556     0.104     0.018       27     2.7  caudalmiddlefrontal
 3020   2006   3373  1.676 0.517     0.124     0.027       31     3.6  cuneus
  529    340   1621  3.223 0.800     0.079     0.018        2     0.3  entorhinal
 4167   2840   7629  2.569 0.638     0.117     0.026       43     4.2  fusiform
 6138   4376  13489  2.652 0.625     0.122     0.023       63     6.1  inferiorparietal
 4426   3320  11910  3.019 0.750     0.135     0.029       67     5.6  inferiortemporal
 1236    850   2256  2.337 0.911     0.115     0.022       14     1.0  isthmuscingulate
 6471   4498  10242  2.033 0.611     0.138     0.030       78     8.3  lateraloccipital
 4530   3254   9869  2.766 0.862     0.146     0.040       63     8.0  lateralorbitofrontal
 3849   2628   4709  1.707 0.473     0.121     0.025       38     4.0  lingual
 2365   1690   4572  2.337 0.816     0.144     0.045       53     4.7  medialorbitofrontal
 6503   4709  17420  3.019 0.691     0.122     0.023       75     6.7  middletemporal
 1253    778   2474  2.743 0.650     0.068     0.015        4     0.6  parahippocampal
 2724   1686   4905  2.660 0.567     0.100     0.020       18     2.3  paracentral
 2056   1418   4719  2.949 0.496     0.106     0.018       19     1.5  parsopercularis
 1034    706   2788  3.208 0.735     0.113     0.025       10     1.0  parsorbitalis
 2312   1686   5633  2.851 0.684     0.117     0.023       23     2.2  parstriangularis
 1481   1025   1214  1.353 0.372     0.126     0.031       15     1.9  pericalcarine
 6358   4220  10459  2.212 0.710     0.110     0.019       56     5.1  postcentral
 2028   1436   4084  2.627 0.744     0.126     0.025       24     2.0  posteriorcingulate
 7493   4990  14742  2.729 0.608     0.105     0.020       58     6.3  precentral
 5539   3865  10683  2.578 0.659     0.110     0.021       47     4.7  precuneus
 1823   1256   3729  2.814 0.729     0.117     0.023       26     1.7  rostralanteriorcingulate
 5543   4248  13499  2.624 0.674     0.136     0.029       73     6.6  rostralmiddlefrontal
10989   7981  29034  3.025 0.758     0.118     0.024      118    11.0  superiorfrontal
 6240   4376  11429  2.316 0.636     0.122     0.022       66     5.5  superiorparietal
 7605   5215  17487  2.868 0.773     0.102     0.020       61     6.4  superiortemporal
 5147   3789  12192  2.773 0.648     0.127     0.027       65     5.9  supramarginal
  823    546   1240  2.044 0.529     0.112     0.035        8     1.1  transversetemporal
 2968   2095   5757  2.866 0.658     0.112     0.028       26     3.2  insula
/out/sourcedata/freesurfer/sub-v1s13x0050005_ses-1/label
#--------------------------------------------
#@# BA_exvivo Labels lh Sat Apr  4 15:24:49 CEST 2026

 mri_label2label --srcsubject fsaverage --srclabel /out/sourcedata/freesurfer/fsaverage/label/lh.BA1_exvivo.label --trgsubject sub-v1s13x0050005_ses-1 --trglabel ./lh.BA1_exvivo.label --hemi lh --regmethod surface 


srclabel = /out/sourcedata/freesurfer/fsaverage/label/lh.BA1_exvivo.label
srcsubject = fsaverage
trgsubject = sub-v1s13x0050005_ses-1
trglabel = ./lh.BA1_exvivo.label
regmethod = surface

srchemi = lh
trghemi = lh
trgsurface = white
srcsurfreg = sphere.reg
trgsurfreg = sphere.reg
usehash = 1
Use ProjAbs  = 0, 0
Use ProjFrac = 0, 0
DoPaint 0

SUBJECTS_DIR    /out/sourcedata/freesurfer
FREESURFER_HOME /opt/freesurfer
Loading source label.
Found 4129 points in source label.
Starting surface-based mapping
Reading source registration 
 /out/sourcedata/freesurfer/fsaverage/surf/lh.sphere.reg
Rescaling ...  original radius = 100
Reading target surface 
 /out/sourcedata/freesurfer/sub-v1s13x0050005_ses-1/surf/lh.white
Reading target registration 
 /out/sourcedata/freesurfer/sub-v1s13x0050005_ses-1/surf/lh.sphere.reg
Rescaling ...  original radius = 100
Building target registration hash (res=16).
Building source registration hash (res=16).
INFO: found  4129 nlabel points
Performing mapping from target back to the source label 130831
Number of reverse mapping hits = 30
Checking for and removing duplicates
Writing label file ./lh.BA1_exvivo.label 4159
mri_label2label: Done


 mri_label2label --srcsubject fsaverage --srclabel /out/sourcedata/freesurfer/fsaverage/label/lh.BA2_exvivo.label --trgsubject sub-v1s13x0050005_ses-1 --trglabel ./lh.BA2_exvivo.label --hemi lh --regmethod surface 


srclabel = /out/sourcedata/freesurfer/fsaverage/label/lh.BA2_exvivo.label
srcsubject = fsaverage
trgsubject = sub-v1s13x0050005_ses-1
trglabel = ./lh.BA2_exvivo.label
regmethod = surface

srchemi = lh
trghemi = lh
trgsurface = white
srcsurfreg = sphere.reg
trgsurfreg = sphere.reg
usehash = 1
Use ProjAbs  = 0, 0
Use ProjFrac = 0, 0
DoPaint 0

SUBJECTS_DIR    /out/sourcedata/freesurfer
FREESURFER_HOME /opt/freesurfer
Loading source label.
Found 7909 points in source label.
Starting surface-based mapping
Reading source registration 
 /out/sourcedata/freesurfer/fsaverage/surf/lh.sphere.reg
Rescaling ...  original radius = 100
Reading target surface 
 /out/sourcedata/freesurfer/sub-v1s13x0050005_ses-1/surf/lh.white
Reading target registration 
 /out/sourcedata/freesurfer/sub-v1s13x0050005_ses-1/surf/lh.sphere.reg
Rescaling ...  original radius = 100
Building target registration hash (res=16).
Building source registration hash (res=16).
INFO: found  7909 nlabel points
Performing mapping from target back to the source label 130831
Number of reverse mapping hits = 82
Checking for and removing duplicates
Writing label file ./lh.BA2_exvivo.label 7991
mri_label2label: Done


 mri_label2label --srcsubject fsaverage --srclabel /out/sourcedata/freesurfer/fsaverage/label/lh.BA3a_exvivo.label --trgsubject sub-v1s13x0050005_ses-1 --trglabel ./lh.BA3a_exvivo.label --hemi lh --regmethod surface 


srclabel = /out/sourcedata/freesurfer/fsaverage/label/lh.BA3a_exvivo.label
srcsubject = fsaverage
trgsubject = sub-v1s13x0050005_ses-1
trglabel = ./lh.BA3a_exvivo.label
regmethod = surface

srchemi = lh
trghemi = lh
trgsurface = white
srcsurfreg = sphere.reg
trgsurfreg = sphere.reg
usehash = 1
Use ProjAbs  = 0, 0
Use ProjFrac = 0, 0
DoPaint 0

SUBJECTS_DIR    /out/sourcedata/freesurfer
FREESURFER_HOME /opt/freesurfer
Loading source label.
Found 4077 points in source label.
Starting surface-based mapping
Reading source registration 
 /out/sourcedata/freesurfer/fsaverage/surf/lh.sphere.reg
Rescaling ...  original radius = 100
Reading target surface 
 /out/sourcedata/freesurfer/sub-v1s13x0050005_ses-1/surf/lh.white
Reading target registration 
 /out/sourcedata/freesurfer/sub-v1s13x0050005_ses-1/surf/lh.sphere.reg
Rescaling ...  original radius = 100
Building target registration hash (res=16).
Building source registration hash (res=16).
INFO: found  4077 nlabel points
Performing mapping from target back to the source label 130831
Number of reverse mapping hits = 38
Checking for and removing duplicates
Writing label file ./lh.BA3a_exvivo.label 4115
mri_label2label: Done


 mri_label2label --srcsubject fsaverage --srclabel /out/sourcedata/freesurfer/fsaverage/label/lh.BA3b_exvivo.label --trgsubject sub-v1s13x0050005_ses-1 --trglabel ./lh.BA3b_exvivo.label --hemi lh --regmethod surface 


srclabel = /out/sourcedata/freesurfer/fsaverage/label/lh.BA3b_exvivo.label
srcsubject = fsaverage
trgsubject = sub-v1s13x0050005_ses-1
trglabel = ./lh.BA3b_exvivo.label
regmethod = surface

srchemi = lh
trghemi = lh
trgsurface = white
srcsurfreg = sphere.reg
trgsurfreg = sphere.reg
usehash = 1
Use ProjAbs  = 0, 0
Use ProjFrac = 0, 0
DoPaint 0

SUBJECTS_DIR    /out/sourcedata/freesurfer
FREESURFER_HOME /opt/freesurfer
Loading source label.
Found 5983 points in source label.
Starting surface-based mapping
Reading source registration 
 /out/sourcedata/freesurfer/fsaverage/surf/lh.sphere.reg
Rescaling ...  original radius = 100
Reading target surface 
 /out/sourcedata/freesurfer/sub-v1s13x0050005_ses-1/surf/lh.white
Reading target registration 
 /out/sourcedata/freesurfer/sub-v1s13x0050005_ses-1/surf/lh.sphere.reg
Rescaling ...  original radius = 100
Building target registration hash (res=16).
Building source registration hash (res=16).
INFO: found  5983 nlabel points
Performing mapping from target back to the source label 130831
Number of reverse mapping hits = 36
Checking for and removing duplicates
Writing label file ./lh.BA3b_exvivo.label 6019
mri_label2label: Done


 mri_label2label --srcsubject fsaverage --srclabel /out/sourcedata/freesurfer/fsaverage/label/lh.BA4a_exvivo.label --trgsubject sub-v1s13x0050005_ses-1 --trglabel ./lh.BA4a_exvivo.label --hemi lh --regmethod surface 


srclabel = /out/sourcedata/freesurfer/fsaverage/label/lh.BA4a_exvivo.label
srcsubject = fsaverage
trgsubject = sub-v1s13x0050005_ses-1
trglabel = ./lh.BA4a_exvivo.label
regmethod = surface

srchemi = lh
trghemi = lh
trgsurface = white
srcsurfreg = sphere.reg
trgsurfreg = sphere.reg
usehash = 1
Use ProjAbs  = 0, 0
Use ProjFrac = 0, 0
DoPaint 0

SUBJECTS_DIR    /out/sourcedata/freesurfer
FREESURFER_HOME /opt/freesurfer
Loading source label.
Found 5784 points in source label.
Starting surface-based mapping
Reading source registration 
 /out/sourcedata/freesurfer/fsaverage/surf/lh.sphere.reg
Rescaling ...  original radius = 100
Reading target surface 
 /out/sourcedata/freesurfer/sub-v1s13x0050005_ses-1/surf/lh.white
Reading target registration 
 /out/sourcedata/freesurfer/sub-v1s13x0050005_ses-1/surf/lh.sphere.reg
Rescaling ...  original radius = 100
Building target registration hash (res=16).
Building source registration hash (res=16).
INFO: found  5784 nlabel points
Performing mapping from target back to the source label 130831
Number of reverse mapping hits = 164
Checking for and removing duplicates
Writing label file ./lh.BA4a_exvivo.label 5948
mri_label2label: Done


 mri_label2label --srcsubject fsaverage --srclabel /out/sourcedata/freesurfer/fsaverage/label/lh.BA4p_exvivo.label --trgsubject sub-v1s13x0050005_ses-1 --trglabel ./lh.BA4p_exvivo.label --hemi lh --regmethod surface 


srclabel = /out/sourcedata/freesurfer/fsaverage/label/lh.BA4p_exvivo.label
srcsubject = fsaverage
trgsubject = sub-v1s13x0050005_ses-1
trglabel = ./lh.BA4p_exvivo.label
regmethod = surface

srchemi = lh
trghemi = lh
trgsurface = white
srcsurfreg = sphere.reg
trgsurfreg = sphere.reg
usehash = 1
Use ProjAbs  = 0, 0
Use ProjFrac = 0, 0
DoPaint 0

SUBJECTS_DIR    /out/sourcedata/freesurfer
FREESURFER_HOME /opt/freesurfer
Loading source label.
Found 4070 points in source label.
Starting surface-based mapping
Reading source registration 
 /out/sourcedata/freesurfer/fsaverage/surf/lh.sphere.reg
Rescaling ...  original radius = 100
Reading target surface 
 /out/sourcedata/freesurfer/sub-v1s13x0050005_ses-1/surf/lh.white
Reading target registration 
 /out/sourcedata/freesurfer/sub-v1s13x0050005_ses-1/surf/lh.sphere.reg
Rescaling ...  original radius = 100
Building target registration hash (res=16).
Building source registration hash (res=16).
INFO: found  4070 nlabel points
Performing mapping from target back to the source label 130831
Number of reverse mapping hits = 82
Checking for and removing duplicates
Writing label file ./lh.BA4p_exvivo.label 4152
mri_label2label: Done


 mri_label2label --srcsubject fsaverage --srclabel /out/sourcedata/freesurfer/fsaverage/label/lh.BA6_exvivo.label --trgsubject sub-v1s13x0050005_ses-1 --trglabel ./lh.BA6_exvivo.label --hemi lh --regmethod surface 


srclabel = /out/sourcedata/freesurfer/fsaverage/label/lh.BA6_exvivo.label
srcsubject = fsaverage
trgsubject = sub-v1s13x0050005_ses-1
trglabel = ./lh.BA6_exvivo.label
regmethod = surface

srchemi = lh
trghemi = lh
trgsurface = white
srcsurfreg = sphere.reg
trgsurfreg = sphere.reg
usehash = 1
Use ProjAbs  = 0, 0
Use ProjFrac = 0, 0
DoPaint 0

SUBJECTS_DIR    /out/sourcedata/freesurfer
FREESURFER_HOME /opt/freesurfer
Loading source label.
Found 13589 points in source label.
Starting surface-based mapping
Reading source registration 
 /out/sourcedata/freesurfer/fsaverage/surf/lh.sphere.reg
Rescaling ...  original radius = 100
Reading target surface 
 /out/sourcedata/freesurfer/sub-v1s13x0050005_ses-1/surf/lh.white
Reading target registration 
 /out/sourcedata/freesurfer/sub-v1s13x0050005_ses-1/surf/lh.sphere.reg
Rescaling ...  original radius = 100
Building target registration hash (res=16).
Building source registration hash (res=16).
INFO: found  13589 nlabel points
Performing mapping from target back to the source label 130831
Number of reverse mapping hits = 637
Checking for and removing duplicates
Writing label file ./lh.BA6_exvivo.label 14226
mri_label2label: Done


 mri_label2label --srcsubject fsaverage --srclabel /out/sourcedata/freesurfer/fsaverage/label/lh.BA44_exvivo.label --trgsubject sub-v1s13x0050005_ses-1 --trglabel ./lh.BA44_exvivo.label --hemi lh --regmethod surface 


srclabel = /out/sourcedata/freesurfer/fsaverage/label/lh.BA44_exvivo.label
srcsubject = fsaverage
trgsubject = sub-v1s13x0050005_ses-1
trglabel = ./lh.BA44_exvivo.label
regmethod = surface

srchemi = lh
trghemi = lh
trgsurface = white
srcsurfreg = sphere.reg
trgsurfreg = sphere.reg
usehash = 1
Use ProjAbs  = 0, 0
Use ProjFrac = 0, 0
DoPaint 0

SUBJECTS_DIR    /out/sourcedata/freesurfer
FREESURFER_HOME /opt/freesurfer
Loading source label.
Found 4181 points in source label.
Starting surface-based mapping
Reading source registration 
 /out/sourcedata/freesurfer/fsaverage/surf/lh.sphere.reg
Rescaling ...  original radius = 100
Reading target surface 
 /out/sourcedata/freesurfer/sub-v1s13x0050005_ses-1/surf/lh.white
Reading target registration 
 /out/sourcedata/freesurfer/sub-v1s13x0050005_ses-1/surf/lh.sphere.reg
Rescaling ...  original radius = 100
Building target registration hash (res=16).
Building source registration hash (res=16).
INFO: found  4181 nlabel points
Performing mapping from target back to the source label 130831
Number of reverse mapping hits = 113
Checking for and removing duplicates
Writing label file ./lh.BA44_exvivo.label 4294
mri_label2label: Done


 mri_label2label --srcsubject fsaverage --srclabel /out/sourcedata/freesurfer/fsaverage/label/lh.BA45_exvivo.label --trgsubject sub-v1s13x0050005_ses-1 --trglabel ./lh.BA45_exvivo.label --hemi lh --regmethod surface 


srclabel = /out/sourcedata/freesurfer/fsaverage/label/lh.BA45_exvivo.label
srcsubject = fsaverage
trgsubject = sub-v1s13x0050005_ses-1
trglabel = ./lh.BA45_exvivo.label
regmethod = surface

srchemi = lh
trghemi = lh
trgsurface = white
srcsurfreg = sphere.reg
trgsurfreg = sphere.reg
usehash = 1
Use ProjAbs  = 0, 0
Use ProjFrac = 0, 0
DoPaint 0

SUBJECTS_DIR    /out/sourcedata/freesurfer
FREESURFER_HOME /opt/freesurfer
Loading source label.
Found 3422 points in source label.
Starting surface-based mapping
Reading source registration 
 /out/sourcedata/freesurfer/fsaverage/surf/lh.sphere.reg
Rescaling ...  original radius = 100
Reading target surface 
 /out/sourcedata/freesurfer/sub-v1s13x0050005_ses-1/surf/lh.white
Reading target registration 
 /out/sourcedata/freesurfer/sub-v1s13x0050005_ses-1/surf/lh.sphere.reg
Rescaling ...  original radius = 100
Building target registration hash (res=16).
Building source registration hash (res=16).
INFO: found  3422 nlabel points
Performing mapping from target back to the source label 130831
Number of reverse mapping hits = 383
Checking for and removing duplicates
Writing label file ./lh.BA45_exvivo.label 3805
mri_label2label: Done


 mri_label2label --srcsubject fsaverage --srclabel /out/sourcedata/freesurfer/fsaverage/label/lh.V1_exvivo.label --trgsubject sub-v1s13x0050005_ses-1 --trglabel ./lh.V1_exvivo.label --hemi lh --regmethod surface 


srclabel = /out/sourcedata/freesurfer/fsaverage/label/lh.V1_exvivo.label
srcsubject = fsaverage
trgsubject = sub-v1s13x0050005_ses-1
trglabel = ./lh.V1_exvivo.label
regmethod = surface

srchemi = lh
trghemi = lh
trgsurface = white
srcsurfreg = sphere.reg
trgsurfreg = sphere.reg
usehash = 1
Use ProjAbs  = 0, 0
Use ProjFrac = 0, 0
DoPaint 0

SUBJECTS_DIR    /out/sourcedata/freesurfer
FREESURFER_HOME /opt/freesurfer
Loading source label.
Found 4641 points in source label.
Starting surface-based mapping
Reading source registration 
 /out/sourcedata/freesurfer/fsaverage/surf/lh.sphere.reg
Rescaling ...  original radius = 100
Reading target surface 
 /out/sourcedata/freesurfer/sub-v1s13x0050005_ses-1/surf/lh.white
Reading target registration 
 /out/sourcedata/freesurfer/sub-v1s13x0050005_ses-1/surf/lh.sphere.reg
Rescaling ...  original radius = 100
Building target registration hash (res=16).
Building source registration hash (res=16).
INFO: found  4641 nlabel points
Performing mapping from target back to the source label 130831
Number of reverse mapping hits = 547
Checking for and removing duplicates
Writing label file ./lh.V1_exvivo.label 5188
mri_label2label: Done


 mri_label2label --srcsubject fsaverage --srclabel /out/sourcedata/freesurfer/fsaverage/label/lh.V2_exvivo.label --trgsubject sub-v1s13x0050005_ses-1 --trglabel ./lh.V2_exvivo.label --hemi lh --regmethod surface 


srclabel = /out/sourcedata/freesurfer/fsaverage/label/lh.V2_exvivo.label
srcsubject = fsaverage
trgsubject = sub-v1s13x0050005_ses-1
trglabel = ./lh.V2_exvivo.label
regmethod = surface

srchemi = lh
trghemi = lh
trgsurface = white
srcsurfreg = sphere.reg
trgsurfreg = sphere.reg
usehash = 1
Use ProjAbs  = 0, 0
Use ProjFrac = 0, 0
DoPaint 0

SUBJECTS_DIR    /out/sourcedata/freesurfer
FREESURFER_HOME /opt/freesurfer
Loading source label.
Found 8114 points in source label.
Starting surface-based mapping
Reading source registration 
 /out/sourcedata/freesurfer/fsaverage/surf/lh.sphere.reg
Rescaling ...  original radius = 100
Reading target surface 
 /out/sourcedata/freesurfer/sub-v1s13x0050005_ses-1/surf/lh.white
Reading target registration 
 /out/sourcedata/freesurfer/sub-v1s13x0050005_ses-1/surf/lh.sphere.reg
Rescaling ...  original radius = 100
Building target registration hash (res=16).
Building source registration hash (res=16).
INFO: found  8114 nlabel points
Performing mapping from target back to the source label 130831
Number of reverse mapping hits = 1516
Checking for and removing duplicates
Writing label file ./lh.V2_exvivo.label 9630
mri_label2label: Done


 mri_label2label --srcsubject fsaverage --srclabel /out/sourcedata/freesurfer/fsaverage/label/lh.MT_exvivo.label --trgsubject sub-v1s13x0050005_ses-1 --trglabel ./lh.MT_exvivo.label --hemi lh --regmethod surface 


srclabel = /out/sourcedata/freesurfer/fsaverage/label/lh.MT_exvivo.label
srcsubject = fsaverage
trgsubject = sub-v1s13x0050005_ses-1
trglabel = ./lh.MT_exvivo.label
regmethod = surface

srchemi = lh
trghemi = lh
trgsurface = white
srcsurfreg = sphere.reg
trgsurfreg = sphere.reg
usehash = 1
Use ProjAbs  = 0, 0
Use ProjFrac = 0, 0
DoPaint 0

SUBJECTS_DIR    /out/sourcedata/freesurfer
FREESURFER_HOME /opt/freesurfer
Loading source label.
Found 2018 points in source label.
Starting surface-based mapping
Reading source registration 
 /out/sourcedata/freesurfer/fsaverage/surf/lh.sphere.reg
Rescaling ...  original radius = 100
Reading target surface 
 /out/sourcedata/freesurfer/sub-v1s13x0050005_ses-1/surf/lh.white
Reading target registration 
 /out/sourcedata/freesurfer/sub-v1s13x0050005_ses-1/surf/lh.sphere.reg
Rescaling ...  original radius = 100
Building target registration hash (res=16).
Building source registration hash (res=16).
INFO: found  2018 nlabel points
Performing mapping from target back to the source label 130831
Number of reverse mapping hits = 202
Checking for and removing duplicates
Writing label file ./lh.MT_exvivo.label 2220
mri_label2label: Done


 mri_label2label --srcsubject fsaverage --srclabel /out/sourcedata/freesurfer/fsaverage/label/lh.entorhinal_exvivo.label --trgsubject sub-v1s13x0050005_ses-1 --trglabel ./lh.entorhinal_exvivo.label --hemi lh --regmethod surface 


srclabel = /out/sourcedata/freesurfer/fsaverage/label/lh.entorhinal_exvivo.label
srcsubject = fsaverage
trgsubject = sub-v1s13x0050005_ses-1
trglabel = ./lh.entorhinal_exvivo.label
regmethod = surface

srchemi = lh
trghemi = lh
trgsurface = white
srcsurfreg = sphere.reg
trgsurfreg = sphere.reg
usehash = 1
Use ProjAbs  = 0, 0
Use ProjFrac = 0, 0
DoPaint 0

SUBJECTS_DIR    /out/sourcedata/freesurfer
FREESURFER_HOME /opt/freesurfer
Loading source label.
Found 1290 points in source label.
Starting surface-based mapping
Reading source registration 
 /out/sourcedata/freesurfer/fsaverage/surf/lh.sphere.reg
Rescaling ...  original radius = 100
Reading target surface 
 /out/sourcedata/freesurfer/sub-v1s13x0050005_ses-1/surf/lh.white
Reading target registration 
 /out/sourcedata/freesurfer/sub-v1s13x0050005_ses-1/surf/lh.sphere.reg
Rescaling ...  original radius = 100
Building target registration hash (res=16).
Building source registration hash (res=16).
INFO: found  1290 nlabel points
Performing mapping from target back to the source label 130831
Number of reverse mapping hits = 25
Checking for and removing duplicates
Writing label file ./lh.entorhinal_exvivo.label 1315
mri_label2label: Done


 mri_label2label --srcsubject fsaverage --srclabel /out/sourcedata/freesurfer/fsaverage/label/lh.perirhinal_exvivo.label --trgsubject sub-v1s13x0050005_ses-1 --trglabel ./lh.perirhinal_exvivo.label --hemi lh --regmethod surface 


srclabel = /out/sourcedata/freesurfer/fsaverage/label/lh.perirhinal_exvivo.label
srcsubject = fsaverage
trgsubject = sub-v1s13x0050005_ses-1
trglabel = ./lh.perirhinal_exvivo.label
regmethod = surface

srchemi = lh
trghemi = lh
trgsurface = white
srcsurfreg = sphere.reg
trgsurfreg = sphere.reg
usehash = 1
Use ProjAbs  = 0, 0
Use ProjFrac = 0, 0
DoPaint 0

SUBJECTS_DIR    /out/sourcedata/freesurfer
FREESURFER_HOME /opt/freesurfer
Loading source label.
Found 1199 points in source label.
Starting surface-based mapping
Reading source registration 
 /out/sourcedata/freesurfer/fsaverage/surf/lh.sphere.reg
Rescaling ...  original radius = 100
Reading target surface 
 /out/sourcedata/freesurfer/sub-v1s13x0050005_ses-1/surf/lh.white
Reading target registration 
 /out/sourcedata/freesurfer/sub-v1s13x0050005_ses-1/surf/lh.sphere.reg
Rescaling ...  original radius = 100
Building target registration hash (res=16).
Building source registration hash (res=16).
INFO: found  1199 nlabel points
Performing mapping from target back to the source label 130831
Number of reverse mapping hits = 28
Checking for and removing duplicates
Writing label file ./lh.perirhinal_exvivo.label 1227
mri_label2label: Done


 mri_label2label --srcsubject fsaverage --srclabel /out/sourcedata/freesurfer/fsaverage/label/lh.FG1.mpm.vpnl.label --trgsubject sub-v1s13x0050005_ses-1 --trglabel ./lh.FG1.mpm.vpnl.label --hemi lh --regmethod surface 


srclabel = /out/sourcedata/freesurfer/fsaverage/label/lh.FG1.mpm.vpnl.label
srcsubject = fsaverage
trgsubject = sub-v1s13x0050005_ses-1
trglabel = ./lh.FG1.mpm.vpnl.label
regmethod = surface

srchemi = lh
trghemi = lh
trgsurface = white
srcsurfreg = sphere.reg
trgsurfreg = sphere.reg
usehash = 1
Use ProjAbs  = 0, 0
Use ProjFrac = 0, 0
DoPaint 0

SUBJECTS_DIR    /out/sourcedata/freesurfer
FREESURFER_HOME /opt/freesurfer
Loading source label.
Found 414 points in source label.
Starting surface-based mapping
Reading source registration 
 /out/sourcedata/freesurfer/fsaverage/surf/lh.sphere.reg
Rescaling ...  original radius = 100
Reading target surface 
 /out/sourcedata/freesurfer/sub-v1s13x0050005_ses-1/surf/lh.white
Reading target registration 
 /out/sourcedata/freesurfer/sub-v1s13x0050005_ses-1/surf/lh.sphere.reg
Rescaling ...  original radius = 100
Building target registration hash (res=16).
Building source registration hash (res=16).
INFO: found  414 nlabel points
Performing mapping from target back to the source label 130831
Number of reverse mapping hits = 200
Checking for and removing duplicates
Writing label file ./lh.FG1.mpm.vpnl.label 614
mri_label2label: Done


 mri_label2label --srcsubject fsaverage --srclabel /out/sourcedata/freesurfer/fsaverage/label/lh.FG2.mpm.vpnl.label --trgsubject sub-v1s13x0050005_ses-1 --trglabel ./lh.FG2.mpm.vpnl.label --hemi lh --regmethod surface 


srclabel = /out/sourcedata/freesurfer/fsaverage/label/lh.FG2.mpm.vpnl.label
srcsubject = fsaverage
trgsubject = sub-v1s13x0050005_ses-1
trglabel = ./lh.FG2.mpm.vpnl.label
regmethod = surface

srchemi = lh
trghemi = lh
trgsurface = white
srcsurfreg = sphere.reg
trgsurfreg = sphere.reg
usehash = 1
Use ProjAbs  = 0, 0
Use ProjFrac = 0, 0
DoPaint 0

SUBJECTS_DIR    /out/sourcedata/freesurfer
FREESURFER_HOME /opt/freesurfer
Loading source label.
Found 703 points in source label.
Starting surface-based mapping
Reading source registration 
 /out/sourcedata/freesurfer/fsaverage/surf/lh.sphere.reg
Rescaling ...  original radius = 100
Reading target surface 
 /out/sourcedata/freesurfer/sub-v1s13x0050005_ses-1/surf/lh.white
Reading target registration 
 /out/sourcedata/freesurfer/sub-v1s13x0050005_ses-1/surf/lh.sphere.reg
Rescaling ...  original radius = 100
Building target registration hash (res=16).
Building source registration hash (res=16).
INFO: found  703 nlabel points
Performing mapping from target back to the source label 130831
Number of reverse mapping hits = 171
Checking for and removing duplicates
Writing label file ./lh.FG2.mpm.vpnl.label 874
mri_label2label: Done


 mri_label2label --srcsubject fsaverage --srclabel /out/sourcedata/freesurfer/fsaverage/label/lh.FG3.mpm.vpnl.label --trgsubject sub-v1s13x0050005_ses-1 --trglabel ./lh.FG3.mpm.vpnl.label --hemi lh --regmethod surface 


srclabel = /out/sourcedata/freesurfer/fsaverage/label/lh.FG3.mpm.vpnl.label
srcsubject = fsaverage
trgsubject = sub-v1s13x0050005_ses-1
trglabel = ./lh.FG3.mpm.vpnl.label
regmethod = surface

srchemi = lh
trghemi = lh
trgsurface = white
srcsurfreg = sphere.reg
trgsurfreg = sphere.reg
usehash = 1
Use ProjAbs  = 0, 0
Use ProjFrac = 0, 0
DoPaint 0

SUBJECTS_DIR    /out/sourcedata/freesurfer
FREESURFER_HOME /opt/freesurfer
Loading source label.
Found 1873 points in source label.
Starting surface-based mapping
Reading source registration 
 /out/sourcedata/freesurfer/fsaverage/surf/lh.sphere.reg
Rescaling ...  original radius = 100
Reading target surface 
 /out/sourcedata/freesurfer/sub-v1s13x0050005_ses-1/surf/lh.white
Reading target registration 
 /out/sourcedata/freesurfer/sub-v1s13x0050005_ses-1/surf/lh.sphere.reg
Rescaling ...  original radius = 100
Building target registration hash (res=16).
Building source registration hash (res=16).
INFO: found  1873 nlabel points
Performing mapping from target back to the source label 130831
Number of reverse mapping hits = 293
Checking for and removing duplicates
Writing label file ./lh.FG3.mpm.vpnl.label 2166
mri_label2label: Done


 mri_label2label --srcsubject fsaverage --srclabel /out/sourcedata/freesurfer/fsaverage/label/lh.FG4.mpm.vpnl.label --trgsubject sub-v1s13x0050005_ses-1 --trglabel ./lh.FG4.mpm.vpnl.label --hemi lh --regmethod surface 


srclabel = /out/sourcedata/freesurfer/fsaverage/label/lh.FG4.mpm.vpnl.label
srcsubject = fsaverage
trgsubject = sub-v1s13x0050005_ses-1
trglabel = ./lh.FG4.mpm.vpnl.label
regmethod = surface

srchemi = lh
trghemi = lh
trgsurface = white
srcsurfreg = sphere.reg
trgsurfreg = sphere.reg
usehash = 1
Use ProjAbs  = 0, 0
Use ProjFrac = 0, 0
DoPaint 0

SUBJECTS_DIR    /out/sourcedata/freesurfer
FREESURFER_HOME /opt/freesurfer
Loading source label.
Found 2101 points in source label.
Starting surface-based mapping
Reading source registration 
 /out/sourcedata/freesurfer/fsaverage/surf/lh.sphere.reg
Rescaling ...  original radius = 100
Reading target surface 
 /out/sourcedata/freesurfer/sub-v1s13x0050005_ses-1/surf/lh.white
Reading target registration 
 /out/sourcedata/freesurfer/sub-v1s13x0050005_ses-1/surf/lh.sphere.reg
Rescaling ...  original radius = 100
Building target registration hash (res=16).
Building source registration hash (res=16).
INFO: found  2101 nlabel points
Performing mapping from target back to the source label 130831
Number of reverse mapping hits = 191
Checking for and removing duplicates
Writing label file ./lh.FG4.mpm.vpnl.label 2292
mri_label2label: Done


 mri_label2label --srcsubject fsaverage --srclabel /out/sourcedata/freesurfer/fsaverage/label/lh.hOc1.mpm.vpnl.label --trgsubject sub-v1s13x0050005_ses-1 --trglabel ./lh.hOc1.mpm.vpnl.label --hemi lh --regmethod surface 


srclabel = /out/sourcedata/freesurfer/fsaverage/label/lh.hOc1.mpm.vpnl.label
srcsubject = fsaverage
trgsubject = sub-v1s13x0050005_ses-1
trglabel = ./lh.hOc1.mpm.vpnl.label
regmethod = surface

srchemi = lh
trghemi = lh
trgsurface = white
srcsurfreg = sphere.reg
trgsurfreg = sphere.reg
usehash = 1
Use ProjAbs  = 0, 0
Use ProjFrac = 0, 0
DoPaint 0

SUBJECTS_DIR    /out/sourcedata/freesurfer
FREESURFER_HOME /opt/freesurfer
Loading source label.
Found 3877 points in source label.
Starting surface-based mapping
Reading source registration 
 /out/sourcedata/freesurfer/fsaverage/surf/lh.sphere.reg
Rescaling ...  original radius = 100
Reading target surface 
 /out/sourcedata/freesurfer/sub-v1s13x0050005_ses-1/surf/lh.white
Reading target registration 
 /out/sourcedata/freesurfer/sub-v1s13x0050005_ses-1/surf/lh.sphere.reg
Rescaling ...  original radius = 100
Building target registration hash (res=16).
Building source registration hash (res=16).
INFO: found  3877 nlabel points
Performing mapping from target back to the source label 130831
Number of reverse mapping hits = 387
Checking for and removing duplicates
Writing label file ./lh.hOc1.mpm.vpnl.label 4264
mri_label2label: Done


 mri_label2label --srcsubject fsaverage --srclabel /out/sourcedata/freesurfer/fsaverage/label/lh.hOc2.mpm.vpnl.label --trgsubject sub-v1s13x0050005_ses-1 --trglabel ./lh.hOc2.mpm.vpnl.label --hemi lh --regmethod surface 


srclabel = /out/sourcedata/freesurfer/fsaverage/label/lh.hOc2.mpm.vpnl.label
srcsubject = fsaverage
trgsubject = sub-v1s13x0050005_ses-1
trglabel = ./lh.hOc2.mpm.vpnl.label
regmethod = surface

srchemi = lh
trghemi = lh
trgsurface = white
srcsurfreg = sphere.reg
trgsurfreg = sphere.reg
usehash = 1
Use ProjAbs  = 0, 0
Use ProjFrac = 0, 0
DoPaint 0

SUBJECTS_DIR    /out/sourcedata/freesurfer
FREESURFER_HOME /opt/freesurfer
Loading source label.
Found 2919 points in source label.
Starting surface-based mapping
Reading source registration 
 /out/sourcedata/freesurfer/fsaverage/surf/lh.sphere.reg
Rescaling ...  original radius = 100
Reading target surface 
 /out/sourcedata/freesurfer/sub-v1s13x0050005_ses-1/surf/lh.white
Reading target registration 
 /out/sourcedata/freesurfer/sub-v1s13x0050005_ses-1/surf/lh.sphere.reg
Rescaling ...  original radius = 100
Building target registration hash (res=16).
Building source registration hash (res=16).
INFO: found  2919 nlabel points
Performing mapping from target back to the source label 130831
Number of reverse mapping hits = 670
Checking for and removing duplicates
Writing label file ./lh.hOc2.mpm.vpnl.label 3589
mri_label2label: Done


 mri_label2label --srcsubject fsaverage --srclabel /out/sourcedata/freesurfer/fsaverage/label/lh.hOc3v.mpm.vpnl.label --trgsubject sub-v1s13x0050005_ses-1 --trglabel ./lh.hOc3v.mpm.vpnl.label --hemi lh --regmethod surface 


srclabel = /out/sourcedata/freesurfer/fsaverage/label/lh.hOc3v.mpm.vpnl.label
srcsubject = fsaverage
trgsubject = sub-v1s13x0050005_ses-1
trglabel = ./lh.hOc3v.mpm.vpnl.label
regmethod = surface

srchemi = lh
trghemi = lh
trgsurface = white
srcsurfreg = sphere.reg
trgsurfreg = sphere.reg
usehash = 1
Use ProjAbs  = 0, 0
Use ProjFrac = 0, 0
DoPaint 0

SUBJECTS_DIR    /out/sourcedata/freesurfer
FREESURFER_HOME /opt/freesurfer
Loading source label.
Found 1286 points in source label.
Starting surface-based mapping
Reading source registration 
 /out/sourcedata/freesurfer/fsaverage/surf/lh.sphere.reg
Rescaling ...  original radius = 100
Reading target surface 
 /out/sourcedata/freesurfer/sub-v1s13x0050005_ses-1/surf/lh.white
Reading target registration 
 /out/sourcedata/freesurfer/sub-v1s13x0050005_ses-1/surf/lh.sphere.reg
Rescaling ...  original radius = 100
Building target registration hash (res=16).
Building source registration hash (res=16).
INFO: found  1286 nlabel points
Performing mapping from target back to the source label 130831
Number of reverse mapping hits = 355
Checking for and removing duplicates
Writing label file ./lh.hOc3v.mpm.vpnl.label 1641
mri_label2label: Done


 mri_label2label --srcsubject fsaverage --srclabel /out/sourcedata/freesurfer/fsaverage/label/lh.hOc4v.mpm.vpnl.label --trgsubject sub-v1s13x0050005_ses-1 --trglabel ./lh.hOc4v.mpm.vpnl.label --hemi lh --regmethod surface 


srclabel = /out/sourcedata/freesurfer/fsaverage/label/lh.hOc4v.mpm.vpnl.label
srcsubject = fsaverage
trgsubject = sub-v1s13x0050005_ses-1
trglabel = ./lh.hOc4v.mpm.vpnl.label
regmethod = surface

srchemi = lh
trghemi = lh
trgsurface = white
srcsurfreg = sphere.reg
trgsurfreg = sphere.reg
usehash = 1
Use ProjAbs  = 0, 0
Use ProjFrac = 0, 0
DoPaint 0

SUBJECTS_DIR    /out/sourcedata/freesurfer
FREESURFER_HOME /opt/freesurfer
Loading source label.
Found 1006 points in source label.
Starting surface-based mapping
Reading source registration 
 /out/sourcedata/freesurfer/fsaverage/surf/lh.sphere.reg
Rescaling ...  original radius = 100
Reading target surface 
 /out/sourcedata/freesurfer/sub-v1s13x0050005_ses-1/surf/lh.white
Reading target registration 
 /out/sourcedata/freesurfer/sub-v1s13x0050005_ses-1/surf/lh.sphere.reg
Rescaling ...  original radius = 100
Building target registration hash (res=16).
Building source registration hash (res=16).
INFO: found  1006 nlabel points
Performing mapping from target back to the source label 130831
Number of reverse mapping hits = 361
Checking for and removing duplicates
Writing label file ./lh.hOc4v.mpm.vpnl.label 1367
mri_label2label: Done


 mris_label2annot --s sub-v1s13x0050005_ses-1 --ctab /opt/freesurfer/average/colortable_vpnl.txt --hemi lh --a mpm.vpnl --maxstatwinner --noverbose --l lh.FG1.mpm.vpnl.label --l lh.FG2.mpm.vpnl.label --l lh.FG3.mpm.vpnl.label --l lh.FG4.mpm.vpnl.label --l lh.hOc1.mpm.vpnl.label --l lh.hOc2.mpm.vpnl.label --l lh.hOc3v.mpm.vpnl.label --l lh.hOc4v.mpm.vpnl.label 

Reading ctab /opt/freesurfer/average/colortable_vpnl.txt
Number of ctab entries 9

7.3.2
cwd /out/sourcedata/freesurfer/sub-v1s13x0050005_ses-1/label
cmdline mris_label2annot --s sub-v1s13x0050005_ses-1 --ctab /opt/freesurfer/average/colortable_vpnl.txt --hemi lh --a mpm.vpnl --maxstatwinner --noverbose --l lh.FG1.mpm.vpnl.label --l lh.FG2.mpm.vpnl.label --l lh.FG3.mpm.vpnl.label --l lh.FG4.mpm.vpnl.label --l lh.hOc1.mpm.vpnl.label --l lh.hOc2.mpm.vpnl.label --l lh.hOc3v.mpm.vpnl.label --l lh.hOc4v.mpm.vpnl.label 
sysname  Linux
hostname dna055
machine  x86_64
user     oesteban

subject sub-v1s13x0050005_ses-1
hemi    lh
SUBJECTS_DIR /out/sourcedata/freesurfer
ColorTable /opt/freesurfer/average/colortable_vpnl.txt
AnnotName  mpm.vpnl
nlables 8
LabelThresh 0 0.000000
Loading /out/sourcedata/freesurfer/sub-v1s13x0050005_ses-1/surf/lh.orig
 1 1376057 FG1
 2 16711935 FG2
 3 16711680 FG3
 4 1705837 FG4
 5 25600 hOc1
 6 255 hOc2
 7 16776960 hOc3v
 8 65535 hOc4v
Mapping unhit to unknown
Found 116451 unhit vertices
Writing annot to /out/sourcedata/freesurfer/sub-v1s13x0050005_ses-1/label/lh.mpm.vpnl.annot

 mri_label2label --srcsubject fsaverage --srclabel /out/sourcedata/freesurfer/fsaverage/label/lh.BA1_exvivo.thresh.label --trgsubject sub-v1s13x0050005_ses-1 --trglabel ./lh.BA1_exvivo.thresh.label --hemi lh --regmethod surface 


srclabel = /out/sourcedata/freesurfer/fsaverage/label/lh.BA1_exvivo.thresh.label
srcsubject = fsaverage
trgsubject = sub-v1s13x0050005_ses-1
trglabel = ./lh.BA1_exvivo.thresh.label
regmethod = surface

srchemi = lh
trghemi = lh
trgsurface = white
srcsurfreg = sphere.reg
trgsurfreg = sphere.reg
usehash = 1
Use ProjAbs  = 0, 0
Use ProjFrac = 0, 0
DoPaint 0

SUBJECTS_DIR    /out/sourcedata/freesurfer
FREESURFER_HOME /opt/freesurfer
Loading source label.
Found 1014 points in source label.
Starting surface-based mapping
Reading source registration 
 /out/sourcedata/freesurfer/fsaverage/surf/lh.sphere.reg
Rescaling ...  original radius = 100
Reading target surface 
 /out/sourcedata/freesurfer/sub-v1s13x0050005_ses-1/surf/lh.white
Reading target registration 
 /out/sourcedata/freesurfer/sub-v1s13x0050005_ses-1/surf/lh.sphere.reg
Rescaling ...  original radius = 100
Building target registration hash (res=16).
Building source registration hash (res=16).
INFO: found  1014 nlabel points
Performing mapping from target back to the source label 130831
Number of reverse mapping hits = 8
Checking for and removing duplicates
Writing label file ./lh.BA1_exvivo.thresh.label 1022
mri_label2label: Done


 mri_label2label --srcsubject fsaverage --srclabel /out/sourcedata/freesurfer/fsaverage/label/lh.BA2_exvivo.thresh.label --trgsubject sub-v1s13x0050005_ses-1 --trglabel ./lh.BA2_exvivo.thresh.label --hemi lh --regmethod surface 


srclabel = /out/sourcedata/freesurfer/fsaverage/label/lh.BA2_exvivo.thresh.label
srcsubject = fsaverage
trgsubject = sub-v1s13x0050005_ses-1
trglabel = ./lh.BA2_exvivo.thresh.label
regmethod = surface

srchemi = lh
trghemi = lh
trgsurface = white
srcsurfreg = sphere.reg
trgsurfreg = sphere.reg
usehash = 1
Use ProjAbs  = 0, 0
Use ProjFrac = 0, 0
DoPaint 0

SUBJECTS_DIR    /out/sourcedata/freesurfer
FREESURFER_HOME /opt/freesurfer
Loading source label.
Found 2092 points in source label.
Starting surface-based mapping
Reading source registration 
 /out/sourcedata/freesurfer/fsaverage/surf/lh.sphere.reg
Rescaling ...  original radius = 100
Reading target surface 
 /out/sourcedata/freesurfer/sub-v1s13x0050005_ses-1/surf/lh.white
Reading target registration 
 /out/sourcedata/freesurfer/sub-v1s13x0050005_ses-1/surf/lh.sphere.reg
Rescaling ...  original radius = 100
Building target registration hash (res=16).
Building source registration hash (res=16).
INFO: found  2092 nlabel points
Performing mapping from target back to the source label 130831
Number of reverse mapping hits = 22
Checking for and removing duplicates
Writing label file ./lh.BA2_exvivo.thresh.label 2114
mri_label2label: Done


 mri_label2label --srcsubject fsaverage --srclabel /out/sourcedata/freesurfer/fsaverage/label/lh.BA3a_exvivo.thresh.label --trgsubject sub-v1s13x0050005_ses-1 --trglabel ./lh.BA3a_exvivo.thresh.label --hemi lh --regmethod surface 


srclabel = /out/sourcedata/freesurfer/fsaverage/label/lh.BA3a_exvivo.thresh.label
srcsubject = fsaverage
trgsubject = sub-v1s13x0050005_ses-1
trglabel = ./lh.BA3a_exvivo.thresh.label
regmethod = surface

srchemi = lh
trghemi = lh
trgsurface = white
srcsurfreg = sphere.reg
trgsurfreg = sphere.reg
usehash = 1
Use ProjAbs  = 0, 0
Use ProjFrac = 0, 0
DoPaint 0

SUBJECTS_DIR    /out/sourcedata/freesurfer
FREESURFER_HOME /opt/freesurfer
Loading source label.
Found 1504 points in source label.
Starting surface-based mapping
Reading source registration 
 /out/sourcedata/freesurfer/fsaverage/surf/lh.sphere.reg
Rescaling ...  original radius = 100
Reading target surface 
 /out/sourcedata/freesurfer/sub-v1s13x0050005_ses-1/surf/lh.white
Reading target registration 
 /out/sourcedata/freesurfer/sub-v1s13x0050005_ses-1/surf/lh.sphere.reg
Rescaling ...  original radius = 100
Building target registration hash (res=16).
Building source registration hash (res=16).
INFO: found  1504 nlabel points
Performing mapping from target back to the source label 130831
Number of reverse mapping hits = 12
Checking for and removing duplicates
Writing label file ./lh.BA3a_exvivo.thresh.label 1516
mri_label2label: Done


 mri_label2label --srcsubject fsaverage --srclabel /out/sourcedata/freesurfer/fsaverage/label/lh.BA3b_exvivo.thresh.label --trgsubject sub-v1s13x0050005_ses-1 --trglabel ./lh.BA3b_exvivo.thresh.label --hemi lh --regmethod surface 


srclabel = /out/sourcedata/freesurfer/fsaverage/label/lh.BA3b_exvivo.thresh.label
srcsubject = fsaverage
trgsubject = sub-v1s13x0050005_ses-1
trglabel = ./lh.BA3b_exvivo.thresh.label
regmethod = surface

srchemi = lh
trghemi = lh
trgsurface = white
srcsurfreg = sphere.reg
trgsurfreg = sphere.reg
usehash = 1
Use ProjAbs  = 0, 0
Use ProjFrac = 0, 0
DoPaint 0

SUBJECTS_DIR    /out/sourcedata/freesurfer
FREESURFER_HOME /opt/freesurfer
Loading source label.
Found 1996 points in source label.
Starting surface-based mapping
Reading source registration 
 /out/sourcedata/freesurfer/fsaverage/surf/lh.sphere.reg
Rescaling ...  original radius = 100
Reading target surface 
 /out/sourcedata/freesurfer/sub-v1s13x0050005_ses-1/surf/lh.white
Reading target registration 
 /out/sourcedata/freesurfer/sub-v1s13x0050005_ses-1/surf/lh.sphere.reg
Rescaling ...  original radius = 100
Building target registration hash (res=16).
Building source registration hash (res=16).
INFO: found  1996 nlabel points
Performing mapping from target back to the source label 130831
Number of reverse mapping hits = 9
Checking for and removing duplicates
Writing label file ./lh.BA3b_exvivo.thresh.label 2005
mri_label2label: Done


 mri_label2label --srcsubject fsaverage --srclabel /out/sourcedata/freesurfer/fsaverage/label/lh.BA4a_exvivo.thresh.label --trgsubject sub-v1s13x0050005_ses-1 --trglabel ./lh.BA4a_exvivo.thresh.label --hemi lh --regmethod surface 


srclabel = /out/sourcedata/freesurfer/fsaverage/label/lh.BA4a_exvivo.thresh.label
srcsubject = fsaverage
trgsubject = sub-v1s13x0050005_ses-1
trglabel = ./lh.BA4a_exvivo.thresh.label
regmethod = surface

srchemi = lh
trghemi = lh
trgsurface = white
srcsurfreg = sphere.reg
trgsurfreg = sphere.reg
usehash = 1
Use ProjAbs  = 0, 0
Use ProjFrac = 0, 0
DoPaint 0

SUBJECTS_DIR    /out/sourcedata/freesurfer
FREESURFER_HOME /opt/freesurfer
Loading source label.
Found 2319 points in source label.
Starting surface-based mapping
Reading source registration 
 /out/sourcedata/freesurfer/fsaverage/surf/lh.sphere.reg
Rescaling ...  original radius = 100
Reading target surface 
 /out/sourcedata/freesurfer/sub-v1s13x0050005_ses-1/surf/lh.white
Reading target registration 
 /out/sourcedata/freesurfer/sub-v1s13x0050005_ses-1/surf/lh.sphere.reg
Rescaling ...  original radius = 100
Building target registration hash (res=16).
Building source registration hash (res=16).
INFO: found  2319 nlabel points
Performing mapping from target back to the source label 130831
Number of reverse mapping hits = 64
Checking for and removing duplicates
Writing label file ./lh.BA4a_exvivo.thresh.label 2383
mri_label2label: Done


 mri_label2label --srcsubject fsaverage --srclabel /out/sourcedata/freesurfer/fsaverage/label/lh.BA4p_exvivo.thresh.label --trgsubject sub-v1s13x0050005_ses-1 --trglabel ./lh.BA4p_exvivo.thresh.label --hemi lh --regmethod surface 


srclabel = /out/sourcedata/freesurfer/fsaverage/label/lh.BA4p_exvivo.thresh.label
srcsubject = fsaverage
trgsubject = sub-v1s13x0050005_ses-1
trglabel = ./lh.BA4p_exvivo.thresh.label
regmethod = surface

srchemi = lh
trghemi = lh
trgsurface = white
srcsurfreg = sphere.reg
trgsurfreg = sphere.reg
usehash = 1
Use ProjAbs  = 0, 0
Use ProjFrac = 0, 0
DoPaint 0

SUBJECTS_DIR    /out/sourcedata/freesurfer
FREESURFER_HOME /opt/freesurfer
Loading source label.
Found 1549 points in source label.
Starting surface-based mapping
Reading source registration 
 /out/sourcedata/freesurfer/fsaverage/surf/lh.sphere.reg
Rescaling ...  original radius = 100
Reading target surface 
 /out/sourcedata/freesurfer/sub-v1s13x0050005_ses-1/surf/lh.white
Reading target registration 
 /out/sourcedata/freesurfer/sub-v1s13x0050005_ses-1/surf/lh.sphere.reg
Rescaling ...  original radius = 100
Building target registration hash (res=16).
Building source registration hash (res=16).
INFO: found  1549 nlabel points
Performing mapping from target back to the source label 130831
Number of reverse mapping hits = 25
Checking for and removing duplicates
Writing label file ./lh.BA4p_exvivo.thresh.label 1574
mri_label2label: Done


 mri_label2label --srcsubject fsaverage --srclabel /out/sourcedata/freesurfer/fsaverage/label/lh.BA6_exvivo.thresh.label --trgsubject sub-v1s13x0050005_ses-1 --trglabel ./lh.BA6_exvivo.thresh.label --hemi lh --regmethod surface 


srclabel = /out/sourcedata/freesurfer/fsaverage/label/lh.BA6_exvivo.thresh.label
srcsubject = fsaverage
trgsubject = sub-v1s13x0050005_ses-1
trglabel = ./lh.BA6_exvivo.thresh.label
regmethod = surface

srchemi = lh
trghemi = lh
trgsurface = white
srcsurfreg = sphere.reg
trgsurfreg = sphere.reg
usehash = 1
Use ProjAbs  = 0, 0
Use ProjFrac = 0, 0
DoPaint 0

SUBJECTS_DIR    /out/sourcedata/freesurfer
FREESURFER_HOME /opt/freesurfer
Loading source label.
Found 7035 points in source label.
Starting surface-based mapping
Reading source registration 
 /out/sourcedata/freesurfer/fsaverage/surf/lh.sphere.reg
Rescaling ...  original radius = 100
Reading target surface 
 /out/sourcedata/freesurfer/sub-v1s13x0050005_ses-1/surf/lh.white
Reading target registration 
 /out/sourcedata/freesurfer/sub-v1s13x0050005_ses-1/surf/lh.sphere.reg
Rescaling ...  original radius = 100
Building target registration hash (res=16).
Building source registration hash (res=16).
INFO: found  7035 nlabel points
Performing mapping from target back to the source label 130831
Number of reverse mapping hits = 202
Checking for and removing duplicates
Writing label file ./lh.BA6_exvivo.thresh.label 7237
mri_label2label: Done


 mri_label2label --srcsubject fsaverage --srclabel /out/sourcedata/freesurfer/fsaverage/label/lh.BA44_exvivo.thresh.label --trgsubject sub-v1s13x0050005_ses-1 --trglabel ./lh.BA44_exvivo.thresh.label --hemi lh --regmethod surface 


srclabel = /out/sourcedata/freesurfer/fsaverage/label/lh.BA44_exvivo.thresh.label
srcsubject = fsaverage
trgsubject = sub-v1s13x0050005_ses-1
trglabel = ./lh.BA44_exvivo.thresh.label
regmethod = surface

srchemi = lh
trghemi = lh
trgsurface = white
srcsurfreg = sphere.reg
trgsurfreg = sphere.reg
usehash = 1
Use ProjAbs  = 0, 0
Use ProjFrac = 0, 0
DoPaint 0

SUBJECTS_DIR    /out/sourcedata/freesurfer
FREESURFER_HOME /opt/freesurfer
Loading source label.
Found 1912 points in source label.
Starting surface-based mapping
Reading source registration 
 /out/sourcedata/freesurfer/fsaverage/surf/lh.sphere.reg
Rescaling ...  original radius = 100
Reading target surface 
 /out/sourcedata/freesurfer/sub-v1s13x0050005_ses-1/surf/lh.white
Reading target registration 
 /out/sourcedata/freesurfer/sub-v1s13x0050005_ses-1/surf/lh.sphere.reg
Rescaling ...  original radius = 100
Building target registration hash (res=16).
Building source registration hash (res=16).
INFO: found  1912 nlabel points
Performing mapping from target back to the source label 130831
Number of reverse mapping hits = 36
Checking for and removing duplicates
Writing label file ./lh.BA44_exvivo.thresh.label 1948
mri_label2label: Done


 mri_label2label --srcsubject fsaverage --srclabel /out/sourcedata/freesurfer/fsaverage/label/lh.BA45_exvivo.thresh.label --trgsubject sub-v1s13x0050005_ses-1 --trglabel ./lh.BA45_exvivo.thresh.label --hemi lh --regmethod surface 


srclabel = /out/sourcedata/freesurfer/fsaverage/label/lh.BA45_exvivo.thresh.label
srcsubject = fsaverage
trgsubject = sub-v1s13x0050005_ses-1
trglabel = ./lh.BA45_exvivo.thresh.label
regmethod = surface

srchemi = lh
trghemi = lh
trgsurface = white
srcsurfreg = sphere.reg
trgsurfreg = sphere.reg
usehash = 1
Use ProjAbs  = 0, 0
Use ProjFrac = 0, 0
DoPaint 0

SUBJECTS_DIR    /out/sourcedata/freesurfer
FREESURFER_HOME /opt/freesurfer
Loading source label.
Found 1151 points in source label.
Starting surface-based mapping
Reading source registration 
 /out/sourcedata/freesurfer/fsaverage/surf/lh.sphere.reg
Rescaling ...  original radius = 100
Reading target surface 
 /out/sourcedata/freesurfer/sub-v1s13x0050005_ses-1/surf/lh.white
Reading target registration 
 /out/sourcedata/freesurfer/sub-v1s13x0050005_ses-1/surf/lh.sphere.reg
Rescaling ...  original radius = 100
Building target registration hash (res=16).
Building source registration hash (res=16).
INFO: found  1151 nlabel points
Performing mapping from target back to the source label 130831
Number of reverse mapping hits = 150
Checking for and removing duplicates
Writing label file ./lh.BA45_exvivo.thresh.label 1301
mri_label2label: Done


 mri_label2label --srcsubject fsaverage --srclabel /out/sourcedata/freesurfer/fsaverage/label/lh.V1_exvivo.thresh.label --trgsubject sub-v1s13x0050005_ses-1 --trglabel ./lh.V1_exvivo.thresh.label --hemi lh --regmethod surface 


srclabel = /out/sourcedata/freesurfer/fsaverage/label/lh.V1_exvivo.thresh.label
srcsubject = fsaverage
trgsubject = sub-v1s13x0050005_ses-1
trglabel = ./lh.V1_exvivo.thresh.label
regmethod = surface

srchemi = lh
trghemi = lh
trgsurface = white
srcsurfreg = sphere.reg
trgsurfreg = sphere.reg
usehash = 1
Use ProjAbs  = 0, 0
Use ProjFrac = 0, 0
DoPaint 0

SUBJECTS_DIR    /out/sourcedata/freesurfer
FREESURFER_HOME /opt/freesurfer
Loading source label.
Found 3405 points in source label.
Starting surface-based mapping
Reading source registration 
 /out/sourcedata/freesurfer/fsaverage/surf/lh.sphere.reg
Rescaling ...  original radius = 100
Reading target surface 
 /out/sourcedata/freesurfer/sub-v1s13x0050005_ses-1/surf/lh.white
Reading target registration 
 /out/sourcedata/freesurfer/sub-v1s13x0050005_ses-1/surf/lh.sphere.reg
Rescaling ...  original radius = 100
Building target registration hash (res=16).
Building source registration hash (res=16).
INFO: found  3405 nlabel points
Performing mapping from target back to the source label 130831
Number of reverse mapping hits = 341
Checking for and removing duplicates
Writing label file ./lh.V1_exvivo.thresh.label 3746
mri_label2label: Done


 mri_label2label --srcsubject fsaverage --srclabel /out/sourcedata/freesurfer/fsaverage/label/lh.V2_exvivo.thresh.label --trgsubject sub-v1s13x0050005_ses-1 --trglabel ./lh.V2_exvivo.thresh.label --hemi lh --regmethod surface 


srclabel = /out/sourcedata/freesurfer/fsaverage/label/lh.V2_exvivo.thresh.label
srcsubject = fsaverage
trgsubject = sub-v1s13x0050005_ses-1
trglabel = ./lh.V2_exvivo.thresh.label
regmethod = surface

srchemi = lh
trghemi = lh
trgsurface = white
srcsurfreg = sphere.reg
trgsurfreg = sphere.reg
usehash = 1
Use ProjAbs  = 0, 0
Use ProjFrac = 0, 0
DoPaint 0

SUBJECTS_DIR    /out/sourcedata/freesurfer
FREESURFER_HOME /opt/freesurfer
Loading source label.
Found 3334 points in source label.
Starting surface-based mapping
Reading source registration 
 /out/sourcedata/freesurfer/fsaverage/surf/lh.sphere.reg
Rescaling ...  original radius = 100
Reading target surface 
 /out/sourcedata/freesurfer/sub-v1s13x0050005_ses-1/surf/lh.white
Reading target registration 
 /out/sourcedata/freesurfer/sub-v1s13x0050005_ses-1/surf/lh.sphere.reg
Rescaling ...  original radius = 100
Building target registration hash (res=16).
Building source registration hash (res=16).
INFO: found  3334 nlabel points
Performing mapping from target back to the source label 130831
Number of reverse mapping hits = 698
Checking for and removing duplicates
Writing label file ./lh.V2_exvivo.thresh.label 4032
mri_label2label: Done


 mri_label2label --srcsubject fsaverage --srclabel /out/sourcedata/freesurfer/fsaverage/label/lh.MT_exvivo.thresh.label --trgsubject sub-v1s13x0050005_ses-1 --trglabel ./lh.MT_exvivo.thresh.label --hemi lh --regmethod surface 


srclabel = /out/sourcedata/freesurfer/fsaverage/label/lh.MT_exvivo.thresh.label
srcsubject = fsaverage
trgsubject = sub-v1s13x0050005_ses-1
trglabel = ./lh.MT_exvivo.thresh.label
regmethod = surface

srchemi = lh
trghemi = lh
trgsurface = white
srcsurfreg = sphere.reg
trgsurfreg = sphere.reg
usehash = 1
Use ProjAbs  = 0, 0
Use ProjFrac = 0, 0
DoPaint 0

SUBJECTS_DIR    /out/sourcedata/freesurfer
FREESURFER_HOME /opt/freesurfer
Loading source label.
Found 513 points in source label.
Starting surface-based mapping
Reading source registration 
 /out/sourcedata/freesurfer/fsaverage/surf/lh.sphere.reg
Rescaling ...  original radius = 100
Reading target surface 
 /out/sourcedata/freesurfer/sub-v1s13x0050005_ses-1/surf/lh.white
Reading target registration 
 /out/sourcedata/freesurfer/sub-v1s13x0050005_ses-1/surf/lh.sphere.reg
Rescaling ...  original radius = 100
Building target registration hash (res=16).
Building source registration hash (res=16).
INFO: found  513 nlabel points
Performing mapping from target back to the source label 130831
Number of reverse mapping hits = 31
Checking for and removing duplicates
Writing label file ./lh.MT_exvivo.thresh.label 544
mri_label2label: Done


 mri_label2label --srcsubject fsaverage --srclabel /out/sourcedata/freesurfer/fsaverage/label/lh.entorhinal_exvivo.thresh.label --trgsubject sub-v1s13x0050005_ses-1 --trglabel ./lh.entorhinal_exvivo.thresh.label --hemi lh --regmethod surface 


srclabel = /out/sourcedata/freesurfer/fsaverage/label/lh.entorhinal_exvivo.thresh.label
srcsubject = fsaverage
trgsubject = sub-v1s13x0050005_ses-1
trglabel = ./lh.entorhinal_exvivo.thresh.label
regmethod = surface

srchemi = lh
trghemi = lh
trgsurface = white
srcsurfreg = sphere.reg
trgsurfreg = sphere.reg
usehash = 1
Use ProjAbs  = 0, 0
Use ProjFrac = 0, 0
DoPaint 0

SUBJECTS_DIR    /out/sourcedata/freesurfer
FREESURFER_HOME /opt/freesurfer
Loading source label.
Found 470 points in source label.
Starting surface-based mapping
Reading source registration 
 /out/sourcedata/freesurfer/fsaverage/surf/lh.sphere.reg
Rescaling ...  original radius = 100
Reading target surface 
 /out/sourcedata/freesurfer/sub-v1s13x0050005_ses-1/surf/lh.white
Reading target registration 
 /out/sourcedata/freesurfer/sub-v1s13x0050005_ses-1/surf/lh.sphere.reg
Rescaling ...  original radius = 100
Building target registration hash (res=16).
Building source registration hash (res=16).
INFO: found  470 nlabel points
Performing mapping from target back to the source label 130831
Number of reverse mapping hits = 9
Checking for and removing duplicates
Writing label file ./lh.entorhinal_exvivo.thresh.label 479
mri_label2label: Done


 mri_label2label --srcsubject fsaverage --srclabel /out/sourcedata/freesurfer/fsaverage/label/lh.perirhinal_exvivo.thresh.label --trgsubject sub-v1s13x0050005_ses-1 --trglabel ./lh.perirhinal_exvivo.thresh.label --hemi lh --regmethod surface 


srclabel = /out/sourcedata/freesurfer/fsaverage/label/lh.perirhinal_exvivo.thresh.label
srcsubject = fsaverage
trgsubject = sub-v1s13x0050005_ses-1
trglabel = ./lh.perirhinal_exvivo.thresh.label
regmethod = surface

srchemi = lh
trghemi = lh
trgsurface = white
srcsurfreg = sphere.reg
trgsurfreg = sphere.reg
usehash = 1
Use ProjAbs  = 0, 0
Use ProjFrac = 0, 0
DoPaint 0

SUBJECTS_DIR    /out/sourcedata/freesurfer
FREESURFER_HOME /opt/freesurfer
Loading source label.
Found 450 points in source label.
Starting surface-based mapping
Reading source registration 
 /out/sourcedata/freesurfer/fsaverage/surf/lh.sphere.reg
Rescaling ...  original radius = 100
Reading target surface 
 /out/sourcedata/freesurfer/sub-v1s13x0050005_ses-1/surf/lh.white
Reading target registration 
 /out/sourcedata/freesurfer/sub-v1s13x0050005_ses-1/surf/lh.sphere.reg
Rescaling ...  original radius = 100
Building target registration hash (res=16).
Building source registration hash (res=16).
INFO: found  450 nlabel points
Performing mapping from target back to the source label 130831
Number of reverse mapping hits = 2
Checking for and removing duplicates
Writing label file ./lh.perirhinal_exvivo.thresh.label 452
mri_label2label: Done


 mris_label2annot --s sub-v1s13x0050005_ses-1 --hemi lh --ctab /opt/freesurfer/average/colortable_BA.txt --l lh.BA1_exvivo.label --l lh.BA2_exvivo.label --l lh.BA3a_exvivo.label --l lh.BA3b_exvivo.label --l lh.BA4a_exvivo.label --l lh.BA4p_exvivo.label --l lh.BA6_exvivo.label --l lh.BA44_exvivo.label --l lh.BA45_exvivo.label --l lh.V1_exvivo.label --l lh.V2_exvivo.label --l lh.MT_exvivo.label --l lh.perirhinal_exvivo.label --l lh.entorhinal_exvivo.label --a BA_exvivo --maxstatwinner --noverbose 

Reading ctab /opt/freesurfer/average/colortable_BA.txt
Number of ctab entries 15

7.3.2
cwd /out/sourcedata/freesurfer/sub-v1s13x0050005_ses-1/label
cmdline mris_label2annot --s sub-v1s13x0050005_ses-1 --hemi lh --ctab /opt/freesurfer/average/colortable_BA.txt --l lh.BA1_exvivo.label --l lh.BA2_exvivo.label --l lh.BA3a_exvivo.label --l lh.BA3b_exvivo.label --l lh.BA4a_exvivo.label --l lh.BA4p_exvivo.label --l lh.BA6_exvivo.label --l lh.BA44_exvivo.label --l lh.BA45_exvivo.label --l lh.V1_exvivo.label --l lh.V2_exvivo.label --l lh.MT_exvivo.label --l lh.perirhinal_exvivo.label --l lh.entorhinal_exvivo.label --a BA_exvivo --maxstatwinner --noverbose 
sysname  Linux
hostname dna055
machine  x86_64
user     oesteban

subject sub-v1s13x0050005_ses-1
hemi    lh
SUBJECTS_DIR /out/sourcedata/freesurfer
ColorTable /opt/freesurfer/average/colortable_BA.txt
AnnotName  BA_exvivo
nlables 14
LabelThresh 0 0.000000
Loading /out/sourcedata/freesurfer/sub-v1s13x0050005_ses-1/surf/lh.orig
 1 1530880 BA1_exvivo
 2 16749699 BA2_exvivo
 3 16711680 BA3a_exvivo
 4 3368703 BA3b_exvivo
 5 1376196 BA4a_exvivo
 6 13382655 BA4p_exvivo
 7 10036737 BA6_exvivo
 8 2490521 BA44_exvivo
 9 39283 BA45_exvivo
10 3993 V1_exvivo
11 8508928 V2_exvivo
12 10027163 MT_exvivo
13 16422433 perirhinal_exvivo
14 16392598 entorhinal_exvivo
Mapping unhit to unknown
Found 92994 unhit vertices
Writing annot to /out/sourcedata/freesurfer/sub-v1s13x0050005_ses-1/label/lh.BA_exvivo.annot

 mris_label2annot --s sub-v1s13x0050005_ses-1 --hemi lh --ctab /opt/freesurfer/average/colortable_BA.txt --l lh.BA1_exvivo.thresh.label --l lh.BA2_exvivo.thresh.label --l lh.BA3a_exvivo.thresh.label --l lh.BA3b_exvivo.thresh.label --l lh.BA4a_exvivo.thresh.label --l lh.BA4p_exvivo.thresh.label --l lh.BA6_exvivo.thresh.label --l lh.BA44_exvivo.thresh.label --l lh.BA45_exvivo.thresh.label --l lh.V1_exvivo.thresh.label --l lh.V2_exvivo.thresh.label --l lh.MT_exvivo.thresh.label --l lh.perirhinal_exvivo.thresh.label --l lh.entorhinal_exvivo.thresh.label --a BA_exvivo.thresh --maxstatwinner --noverbose 

Reading ctab /opt/freesurfer/average/colortable_BA.txt
Number of ctab entries 15

7.3.2
cwd /out/sourcedata/freesurfer/sub-v1s13x0050005_ses-1/label
cmdline mris_label2annot --s sub-v1s13x0050005_ses-1 --hemi lh --ctab /opt/freesurfer/average/colortable_BA.txt --l lh.BA1_exvivo.thresh.label --l lh.BA2_exvivo.thresh.label --l lh.BA3a_exvivo.thresh.label --l lh.BA3b_exvivo.thresh.label --l lh.BA4a_exvivo.thresh.label --l lh.BA4p_exvivo.thresh.label --l lh.BA6_exvivo.thresh.label --l lh.BA44_exvivo.thresh.label --l lh.BA45_exvivo.thresh.label --l lh.V1_exvivo.thresh.label --l lh.V2_exvivo.thresh.label --l lh.MT_exvivo.thresh.label --l lh.perirhinal_exvivo.thresh.label --l lh.entorhinal_exvivo.thresh.label --a BA_exvivo.thresh --maxstatwinner --noverbose 
sysname  Linux
hostname dna055
machine  x86_64
user     oesteban

subject sub-v1s13x0050005_ses-1
hemi    lh
SUBJECTS_DIR /out/sourcedata/freesurfer
ColorTable /opt/freesurfer/average/colortable_BA.txt
AnnotName  BA_exvivo.thresh
nlables 14
LabelThresh 0 0.000000
Loading /out/sourcedata/freesurfer/sub-v1s13x0050005_ses-1/surf/lh.orig
 1 1530880 BA1_exvivo
 2 16749699 BA2_exvivo
 3 16711680 BA3a_exvivo
 4 3368703 BA3b_exvivo
 5 1376196 BA4a_exvivo
 6 13382655 BA4p_exvivo
 7 10036737 BA6_exvivo
 8 2490521 BA44_exvivo
 9 39283 BA45_exvivo
10 3993 V1_exvivo
11 8508928 V2_exvivo
12 10027163 MT_exvivo
13 16422433 perirhinal_exvivo
14 16392598 entorhinal_exvivo
Mapping unhit to unknown
Found 108901 unhit vertices
Writing annot to /out/sourcedata/freesurfer/sub-v1s13x0050005_ses-1/label/lh.BA_exvivo.thresh.annot

 mris_anatomical_stats -th3 -mgz -noglobal -f ../stats/lh.BA_exvivo.stats -b -a ./lh.BA_exvivo.annot -c ./BA_exvivo.ctab sub-v1s13x0050005_ses-1 lh white 

computing statistics for each annotation in ./lh.BA_exvivo.annot.
reading volume /out/sourcedata/freesurfer/sub-v1s13x0050005_ses-1/mri/wm.mgz...
reading input surface /out/sourcedata/freesurfer/sub-v1s13x0050005_ses-1/surf/lh.white...
reading input pial surface /out/sourcedata/freesurfer/sub-v1s13x0050005_ses-1/surf/lh.pial...
reading input white surface /out/sourcedata/freesurfer/sub-v1s13x0050005_ses-1/surf/lh.white...
INFO: using TH3 volume calc
INFO: assuming MGZ format for volumes.
INFO: not computing global stats
Using TH3 vertex volume calc
Total face volume 255110
Total vertex volume 254917 (mask=0)
Saving annotation colortable ./BA_exvivo.ctab

table columns are:
    number of vertices
    total surface area (mm^2)
    total gray matter volume (mm^3)
    average cortical thickness +- standard deviation (mm)
    integrated rectified mean curvature
    integrated rectified Gaussian curvature
    folding index
    intrinsic curvature index
    structure name

  970    641   2009  2.391 0.610     0.142     0.032       14     1.3  BA1_exvivo
 3437   2313   5923  2.445 0.623     0.110     0.019       30     2.8  BA2_exvivo
 1032    702    973  1.748 0.483     0.128     0.023        8     1.0  BA3a_exvivo
 2159   1452   3349  1.967 0.774     0.113     0.018       20     1.8  BA3b_exvivo
 1729    985   3231  2.718 0.589     0.094     0.019       12     1.4  BA4a_exvivo
 1299    828   1979  2.493 0.673     0.084     0.015        5     0.9  BA4p_exvivo
 9383   6538  22533  2.934 0.599     0.113     0.021       89     8.4  BA6_exvivo
 2185   1511   4638  2.824 0.507     0.094     0.016       16     1.4  BA44_exvivo
 2861   2123   7181  2.813 0.688     0.125     0.026       32     3.0  BA45_exvivo
 2768   1842   2690  1.475 0.453     0.122     0.028       27     3.4  V1_exvivo
 7028   4798   8721  1.742 0.525     0.135     0.029       82     9.0  V2_exvivo
 1778   1286   3748  2.501 0.625     0.135     0.029       20     2.1  MT_exvivo
  631    412   1264  2.898 0.595     0.070     0.014        2     0.3  perirhinal_exvivo
  577    352   1717  3.130 0.934     0.094     0.021        5     0.4  entorhinal_exvivo

 mris_anatomical_stats -th3 -mgz -f ../stats/lh.BA_exvivo.thresh.stats -noglobal -b -a ./lh.BA_exvivo.thresh.annot -c ./BA_exvivo.thresh.ctab sub-v1s13x0050005_ses-1 lh white 

computing statistics for each annotation in ./lh.BA_exvivo.thresh.annot.
reading volume /out/sourcedata/freesurfer/sub-v1s13x0050005_ses-1/mri/wm.mgz...
reading input surface /out/sourcedata/freesurfer/sub-v1s13x0050005_ses-1/surf/lh.white...
reading input pial surface /out/sourcedata/freesurfer/sub-v1s13x0050005_ses-1/surf/lh.pial...
reading input white surface /out/sourcedata/freesurfer/sub-v1s13x0050005_ses-1/surf/lh.white...
INFO: using TH3 volume calc
INFO: assuming MGZ format for volumes.
INFO: not computing global stats
Using TH3 vertex volume calc
Total face volume 255110
Total vertex volume 254917 (mask=0)
Saving annotation colortable ./BA_exvivo.thresh.ctab

table columns are:
    number of vertices
    total surface area (mm^2)
    total gray matter volume (mm^3)
    average cortical thickness +- standard deviation (mm)
    integrated rectified mean curvature
    integrated rectified Gaussian curvature
    folding index
    intrinsic curvature index
    structure name

  639    428   1265  2.270 0.548     0.150     0.033       10     0.9  BA1_exvivo
 1387    913   2346  2.359 0.600     0.104     0.018       11     1.1  BA2_exvivo
  849    579    727  1.673 0.409     0.136     0.026        7     0.9  BA3a_exvivo
 1339    890   1498  1.607 0.405     0.099     0.013        9     0.8  BA3b_exvivo
 1618    944   2922  2.710 0.572     0.084     0.018        9     1.1  BA4a_exvivo
 1070    693   1557  2.379 0.601     0.086     0.015        5     0.7  BA4p_exvivo
 5088   3483  11880  2.876 0.582     0.110     0.021       49     4.5  BA6_exvivo
 1326    906   2984  2.891 0.488     0.099     0.018       12     1.0  BA44_exvivo
 1160    890   3885  3.219 0.679     0.136     0.029       15     1.4  BA45_exvivo
 2926   1966   2919  1.475 0.442     0.119     0.027       27     3.5  V1_exvivo
 3493   2363   4094  1.656 0.478     0.142     0.032       48     4.7  V2_exvivo
  439    323    679  2.130 0.550     0.131     0.028        4     0.5  MT_exvivo
  242    161    515  2.938 0.521     0.050     0.011        0     0.1  perirhinal_exvivo
  354    216   1134  3.380 0.663     0.083     0.012        2     0.2  entorhinal_exvivo

Started at Sat Apr 4 15:24:17 CEST 2026 
Ended   at Sat Apr 4 15:27:05 CEST 2026
#@#%# recon-all-run-time-hours 0.047
recon-all -s sub-v1s13x0050005_ses-1 finished without error at Sat Apr  4 15:27:05 CEST 2026
