global_signal	global_signal_derivative1	global_signal_power2	global_signal_derivative1_power2	csf	csf_derivative1	csf_power2	csf_derivative1_power2	white_matter	white_matter_derivative1	white_matter_derivative1_power2	white_matter_power2	csf_wm	tcompcor	std_dvars	dvars	framewise_displacement	rmsd	t_comp_cor_00	t_comp_cor_01	c_comp_cor_00	c_comp_cor_01	c_comp_cor_02	c_comp_cor_03	c_comp_cor_04	c_comp_cor_05	c_comp_cor_06	c_comp_cor_07	w_comp_cor_00	w_comp_cor_01	w_comp_cor_02	w_comp_cor_03	w_comp_cor_04	w_comp_cor_05	w_comp_cor_06	w_comp_cor_07	w_comp_cor_08	w_comp_cor_09	w_comp_cor_10	w_comp_cor_11	w_comp_cor_12	w_comp_cor_13	w_comp_cor_14	w_comp_cor_15	w_comp_cor_16	w_comp_cor_17	w_comp_cor_18	w_comp_cor_19	w_comp_cor_20	w_comp_cor_21	w_comp_cor_22	w_comp_cor_23	w_comp_cor_24	w_comp_cor_25	w_comp_cor_26	w_comp_cor_27	w_comp_cor_28	w_comp_cor_29	w_comp_cor_30	w_comp_cor_31	w_comp_cor_32	w_comp_cor_33	w_comp_cor_34	w_comp_cor_35	w_comp_cor_36	w_comp_cor_37	w_comp_cor_38	w_comp_cor_39	w_comp_cor_40	w_comp_cor_41	w_comp_cor_42	w_comp_cor_43	w_comp_cor_44	w_comp_cor_45	w_comp_cor_46	w_comp_cor_47	a_comp_cor_00	a_comp_cor_01	a_comp_cor_02	a_comp_cor_03	a_comp_cor_04	a_comp_cor_05	a_comp_cor_06	a_comp_cor_07	a_comp_cor_08	a_comp_cor_09	a_comp_cor_10	a_comp_cor_11	a_comp_cor_12	a_comp_cor_13	a_comp_cor_14	a_comp_cor_15	a_comp_cor_16	a_comp_cor_17	a_comp_cor_18	a_comp_cor_19	a_comp_cor_20	a_comp_cor_21	a_comp_cor_22	a_comp_cor_23	a_comp_cor_24	a_comp_cor_25	a_comp_cor_26	a_comp_cor_27	a_comp_cor_28	a_comp_cor_29	a_comp_cor_30	a_comp_cor_31	a_comp_cor_32	a_comp_cor_33	a_comp_cor_34	a_comp_cor_35	a_comp_cor_36	a_comp_cor_37	a_comp_cor_38	a_comp_cor_39	a_comp_cor_40	a_comp_cor_41	edge_comp_00	edge_comp_01	edge_comp_02	edge_comp_03	edge_comp_04	edge_comp_05	edge_comp_06	edge_comp_07	edge_comp_08	edge_comp_09	edge_comp_10	edge_comp_11	edge_comp_12	edge_comp_13	edge_comp_14	edge_comp_15	edge_comp_16	edge_comp_17	edge_comp_18	edge_comp_19	edge_comp_20	edge_comp_21	edge_comp_22	edge_comp_23	cosine00	cosine01	cosine02	non_steady_state_outlier00	trans_x	trans_x_derivative1	trans_x_power2	trans_x_derivative1_power2	trans_y	trans_y_derivative1	trans_y_derivative1_power2	trans_y_power2	trans_z	trans_z_derivative1	trans_z_derivative1_power2	trans_z_power2	rot_x	rot_x_derivative1	rot_x_power2	rot_x_derivative1_power2	rot_y	rot_y_derivative1	rot_y_power2	rot_y_derivative1_power2	rot_z	rot_z_derivative1	rot_z_power2	rot_z_derivative1_power2	motion_outlier00	motion_outlier01	motion_outlier02	motion_outlier03	motion_outlier04	motion_outlier05	motion_outlier06	motion_outlier07	motion_outlier08	motion_outlier09	motion_outlier10
597.0094041318353	n/a	356420.228621849	n/a	774.1794237952015	n/a	599353.7802278702	n/a	636.7610173255392	n/a	n/a	405464.59318545565	657.1138491979856	515.6269733083178	n/a	n/a	n/a	n/a	0.0	0.0	0.0	0.0	0.0	0.0	0.0	0.0	0.0	0.0	0.0	0.0	0.0	0.0	0.0	0.0	0.0	0.0	0.0	0.0	0.0	0.0	0.0	0.0	0.0	0.0	0.0	0.0	0.0	0.0	0.0	0.0	0.0	0.0	0.0	0.0	0.0	0.0	0.0	0.0	0.0	0.0	0.0	0.0	0.0	0.0	0.0	0.0	0.0	0.0	0.0	0.0	0.0	0.0	0.0	0.0	0.0	0.0	0.0	0.0	0.0	0.0	0.0	0.0	0.0	0.0	0.0	0.0	0.0	0.0	0.0	0.0	0.0	0.0	0.0	0.0	0.0	0.0	0.0	0.0	0.0	0.0	0.0	0.0	0.0	0.0	0.0	0.0	0.0	0.0	0.0	0.0	0.0	0.0	0.0	0.0	0.0	0.0	0.0	0.0	0.0	0.0	0.0	0.0	0.0	0.0	0.0	0.0	0.0	0.0	0.0	0.0	0.0	0.0	0.0	0.0	0.0	0.0	0.0	0.0	0.0	0.0	0.0	0.0	0.0	0.0	0.0	1.0	0.0011065250281205	n/a	1.2243976378570731e-06	n/a	-0.180700187877747	n/a	n/a	0.032652557899053	0.3445065378016778	n/a	n/a	0.1186847545880988	-0.0015130472064579	n/a	2.289311848970055e-06	n/a	-0.0020927482475447	n/a	4.379595227601414e-06	n/a	-0.0009980851869344	n/a	9.961740403778762e-07	n/a	0.0	0.0	0.0	0.0	0.0	0.0	0.0	0.0	0.0	0.0	0.0
594.2908378437988	-2.718566288036413	353181.5999450844	7.390602662448083	757.331131741219	-16.848292053982505	573550.4431044356	283.86494513629	636.5406842501658	-0.2203330753734462	0.0485466641035207	405184.0427056693	653.7144817306804	507.3561958792614	1.058803	23.672131	0.148882315411131	0.090245320125998	-0.0657492102	-0.0573624709	0.0768138676	0.0541724846	0.0799419955	-0.1472827026	0.0591925644	-0.0076257947	0.0625863101	-0.0516143449	-0.1024062598	0.0360232684	0.0087769198	-0.0355147901	0.0304567179	-0.0561406456	0.0813147371	-0.0272332279	0.0574670901	-0.0962605924	0.087668975	-0.0263920998	0.0230169463	-0.1582207246	0.0622715048	-0.0882746132	0.0032392233	-0.006830828	0.089371317	-0.0205081759	0.0523089918	-0.0720669537	0.0304858441	-0.0412681669	0.0881019791	-0.0849139781	0.0053883043	-0.0635666882	0.1097365002	-0.0275324896	0.023203484	-0.0338504753	0.0040690769	-0.0537495285	0.0001328878	0.0112593781	-0.0278809475	-0.0181990691	0.0500283611	-0.0757200375	0.1310888677	-0.0441492417	-0.0068728177	-0.0118057541	0.1018918414	-0.1289878627	-0.0847786548	0.0012358484	-0.0808176036	0.022712934	0.0541584877	0.0339064426	-0.0693423244	0.0367965954	-0.0124188538	0.1501057406	-0.044095094	-0.1112006292	0.0306431129	-0.0872293189	0.0780055483	-0.0034242639	0.1112343007	-0.0635266566	0.0425801268	-0.0125942614	0.0123797064	-0.1057311833	0.0102851074	0.0618804106	-0.0333049282	0.0723248435	-0.0110342091	0.1653017451	-0.0013876604	0.0277417235	-0.0167296142	0.0878857035	-0.0447000158	0.0929002569	-0.0597055923	0.0060322823	-0.0373993306	0.018033068	-0.0836019143	0.0295304713	-0.0776257962	-0.0763331025	0.0831965691	-0.0202425494	-0.1055807002	-0.0007076483	0.1401812647	0.1272502445	-0.0214289308	0.034354484	-0.1015885545	0.0865063653	-0.066377011	0.0123678061	-0.0659988159	0.0668705392	-0.0576488856	0.1122586022	-0.0403550334	0.0216556984	-0.0354212792	0.0564914842	-0.0314508323	0.0143992013	-0.143112432	0.0329212708	-0.0225274435	0.0910638415	0.1002478183	0.1002384491	0.1002228344	0.0	0.0006260799369925	-0.000480445091128	3.9197608750453273e-07	2.3082748558899227e-07	-0.2145625438723044	-0.0338623559945573	0.0011466591535021	0.0460370852329545	0.4096468929848385	0.0651403551831606	0.0042432658733883	0.1678105769321317	-0.0022037362710581	-0.0006906890646001	4.856453552377059e-06	4.770513839582992e-07	-0.0020927317288292	1.6518715500058595e-08	4.3795260888484525e-06	2.7286796177187607e-16	-0.0007008075874044	0.0002972775995299	4.911312745635757e-07	8.837397118231903e-08	0.0	0.0	0.0	0.0	0.0	0.0	0.0	0.0	0.0	0.0	0.0
592.7851493506843	-1.505688493114576	351394.23329071305	2.2670978382976426	752.0084065164273	-5.322725224791725	565516.6434713762	28.33140381863412	636.8805103421961	0.3398260920303073	0.1154817728245909	405616.78445373615	653.1471731975497	509.6599482123615	1.030483	23.038979	0.081142794839187	0.048645935415318	-0.0587128534	-0.0409298271	0.0909438591	0.0169211057	0.0301876657	-0.0988854104	0.0643984211	-0.0722558088	-0.0574153611	0.0912648319	-0.0929229797	0.0437589477	0.0437436679	-0.0139234077	-0.0288393104	0.0724221194	0.0276191216	-0.0323829812	0.0194616102	0.0004748555	0.1086664476	-0.069374638	-0.1091637457	0.0535444787	0.0907453877	-0.0173284409	-0.0949357157	0.0735856896	0.0756929557	-0.0296920841	-0.1386973517	-0.0033273381	0.044604042	-0.0964575792	-0.0563753309	-0.13768749	-0.0174040807	-0.122757558	0.0392062813	0.0389286235	-0.0896794816	0.0351262973	-0.0446736188	0.0301470601	0.0102519436	-0.0454618002	0.0348334463	0.0704840877	0.1294880769	-0.0112448013	0.0050653677	-0.0758162707	0.0109740347	-0.0329461602	-0.0655992841	-0.0218063325	-0.0742491815	0.0315149559	-0.0891829127	0.0141379193	0.0492950907	-0.0137781398	-0.0083780944	0.0016603376	0.0396371741	0.0338094891	-0.0638006822	0.0116284735	0.0486005857	-0.1891886051	0.1580808941	-0.1404212584	0.0212965681	-0.0402741013	0.0368134956	0.0029338878	0.0419374476	-0.038500058	0.0738315788	-0.0523708482	0.0302883636	-0.0347327072	-0.0252842201	0.1231827576	0.0782670375	0.0237548204	0.1096220534	0.022573265	-0.1393657952	0.0055983586	0.0003478157	-0.0163242465	0.1024281496	-0.0824334324	0.0251671102	0.0075743709	-0.0171303282	0.0743448101	-0.1141854527	0.0731931399	-0.0939547653	-0.0061852592	0.1341103042	0.1388990863	-0.0200932644	0.0113017339	-0.097214515	-0.0108265011	-0.0983616414	-0.0188685962	-0.022869211	-0.0789564421	0.0020794184	0.1207500637	-0.0341476643	0.0558798589	-0.013197564	-0.0631448072	-0.0460825589	-0.0483080073	-0.1211395734	0.0033524006	0.0007495221	-0.070779585	0.1002228344	0.1001385292	0.0999980731	0.0	0.0008079731747017	0.0001818932377092	6.528206510375438e-07	3.308514992433554e-08	-0.1710621345220033	0.043500409350301	0.0018922856136437	0.0292622538672239	0.3943536739820317	-0.0152932190028067	0.0002338825474678	0.1555148201831265	-0.002378019711344	-0.0001742834402859	5.654977747540602e-06	3.0374717557888905e-08	-0.0020918521448709	8.79583958300189e-07	4.375845396000985e-06	7.736679396990287e-13	-0.0009689900281276	-0.0002681824407232	9.389416746107272e-07	7.192182151225273e-08	0.0	0.0	0.0	0.0	0.0	0.0	0.0	0.0	0.0	0.0	0.0
591.355617789158	-1.4295315615262325	349701.4666907968	2.0435604853996288	750.3820212589754	-1.6263852574518296	563073.1778287055	2.645129005656654	635.196460843836	-1.684049498360082	2.836022712926844	403474.5438685349	651.45586293885	499.8705869613335	1.009068	22.560194	0.1009809871251714	0.0615499266165186	-0.0662632391	-0.0516794315	0.0839334578	0.0157051681	0.0821404977	-0.0363008948	0.0461417062	-0.0781441645	-0.011977369	-0.0210042005	-0.080015899	-0.0192538982	-0.0188411359	-0.0171005538	0.0899360943	0.1819000865	0.070070679	0.0148436676	0.1065121866	-0.0924392348	-0.0003527982	-0.1182433884	-0.0001504756	-0.051794192	0.0137107632	-0.1174782272	0.0291023873	0.0293500801	-0.0239173078	0.0052774953	0.000671719	-0.0297750746	0.0133657672	-0.07863222	-0.0056532011	0.0099852947	-0.0697863791	0.0399001343	-0.0522077372	-0.0151316758	0.1223495735	0.0456381603	-0.0450524011	0.0481341158	-0.0725959329	0.0209942266	0.0552312648	0.0660560491	-0.0040551133	-0.0876409961	-0.0033428348	0.0970303208	0.0355876892	0.0357052054	-0.0534489745	0.0888242825	0.063979182	-0.112665108	-0.0750282917	0.002730281	0.0184935528	0.0247892809	-0.0327394792	0.1025800079	-0.1320639388	0.0724819875	-0.0441438516	-0.0530238098	-0.0197496765	-0.1252311407	0.0267624622	-0.1052894419	0.0473645718	0.002059628	0.0565412684	-0.0236651423	0.0639030652	0.0638050689	0.0052770834	0.0117868905	0.0838017703	0.0626728937	-0.009823909	0.0758329374	0.0113153334	0.0051574601	0.0330895614	-0.0590410828	-0.0256546703	0.0399328142	0.0567345256	0.0038695996	-0.0662356684	-0.0234910233	-0.0414120963	0.0210257496	-0.0426876877	-0.0773019592	-0.0700411696	0.0533445043	-0.0998758517	0.0019452729	0.129198326	0.130700497	-0.0615571149	0.0285818737	-0.0663992726	0.1302961177	-0.0370520054	0.0156801715	-0.0358830199	-0.0088647668	-0.0188792093	0.0778611795	-0.0549283822	0.0406964767	-0.0509398759	0.0451389281	0.0122664157	-0.008502345	-0.0334125922	0.005053316	-0.001987207	0.0784252569	0.1001728729	0.0999387891	0.0995490545	0.0	-0.0040742766541654	-0.0048822498288671	1.6599730254677205e-05	2.3836363391472827e-05	-0.2175785072074347	-0.0465163726854314	0.0021637729278099	0.0473404067986157	0.4047005162421797	0.0103468422601479	0.0001070571447563	0.1637825078466867	-0.0016239857383658	0.0007540339729782	2.637329678415513e-06	5.685672324052889e-07	-0.0020927397028924	-8.875580214998645e-07	4.3795594640621696e-06	7.877592415287539e-13	-0.0009392011121128	2.978891601480003e-05	8.820987289939204e-07	8.873795173368095e-10	0.0	0.0	0.0	0.0	0.0	0.0	0.0	0.0	0.0	0.0	0.0
592.0779304854093	0.7223126962512652	350556.27576788515	0.5217356311657725	746.6221222303715	-3.759899028603968	557444.5934037837	14.13684070529706	636.4128457795149	1.2163849356788887	1.4795923117465342	405021.3102731806	652.0947192580371	505.50330016348096	1.023643	22.886049	0.1435978053123242	0.0853989112680973	-0.0787426204	-0.0606076723	0.1090489984	-0.0224935657	0.0048963475	-0.0183911446	0.0440819606	-0.0882069626	-0.0582306734	0.0886344682	-0.1460725462	0.0280185678	0.0380683873	-0.0256308712	-0.0701817482	0.0139820947	-0.1032363767	0.0824868105	0.0220342483	-0.1497681759	-0.0055440853	-0.0993760402	0.1350698191	-0.0910530198	-0.0643230242	-0.0030095528	-0.0865726622	-0.0261509963	0.0800024853	0.0106511929	0.0449798714	-0.1109646548	-0.0132824927	0.0423478411	0.0755041807	-0.0405378708	0.0431367877	-0.0259797029	-0.0835344804	-0.0664723347	0.0348210336	-0.051834153	0.0534748477	0.0468358748	0.056241217	0.0868040672	-0.1344904605	0.061796665	0.0509590053	0.1490397833	0.0764430871	0.0002030816	-0.1417955821	0.0333096248	-0.0992180115	0.1046813604	0.0400187165	-0.0704023139	-0.1165527519	0.0023941305	0.0228328274	-0.040121302	-0.0300689968	0.1001488338	0.0470833229	0.0396124933	-0.0031341523	0.0370117749	0.0573148462	-0.1085225725	0.1395888103	-0.0730124707	0.0509307813	-0.031838692	0.0054197586	-0.0132481897	-0.069344723	-0.0634735775	0.0515570201	0.1123221985	-0.1698516168	0.0405213516	-0.0218058922	0.0380468501	-0.1067681662	0.0383228038	-0.0883247728	-0.0324263549	0.0535820603	0.0261489121	0.0054186619	0.003846033	-0.0256045773	-0.013501427	-0.0418990235	0.0791597056	0.0876249655	0.0799258298	0.0888568565	-0.0166133303	-0.1036136998	0.0013744654	0.1292800175	0.1128876431	-0.0017271206	0.0369419874	-0.1341777329	-0.0469514959	-0.0521109144	-0.0205316116	-0.0318413297	-0.0960894869	0.0530214417	0.0906248287	-0.009080297	-0.0317787788	-0.0006727469	-0.0608466037	-0.0570858081	-0.0689073554	-0.0594485468	0.0352365134	0.0441203842	-0.0581983233	0.1000979463	0.0996394278	0.0988767856	0.0	0.0162493698854859	0.0203236465396513	0.0002640420216753	0.0004130506086686	-0.1387908816916621	0.0787876255157726	0.0062074899344136	0.0192629088407489	0.41879130094879	0.0140907847066103	0.000198550213648	0.17538615375038	-0.0015061465514007	0.0001178391869651	2.268477434296221e-06	1.3886073984595816e-08	-0.0018429761890303	0.000249763513862	3.396561233332648e-06	6.238181285674336e-08	-0.0006988888419342	0.0002403122701786	4.884456133801272e-07	5.7749987198392444e-08	0.0	0.0	0.0	0.0	0.0	0.0	0.0	0.0	0.0	0.0	0.0
590.9282291123972	-1.1497013730121353	349196.17196191376	1.321813247105989	746.5722338411323	-0.0498883892391859	557370.1003425383	0.0024888513808805	635.295133866604	-1.1177119129108632	1.249279920262861	403599.9071145863	650.9143339478787	496.56793193370976	1.04934	23.460577	0.1759132145709385	0.0981994804521966	-0.0640020811	-0.0644365262	0.0926554817	-0.0270595724	0.0689257469	0.0481164771	0.0487705501	-0.0376681158	-0.0568396016	-0.0219655238	-0.0900302439	-0.0026430712	-0.0245553057	-0.003684467	0.0631952696	-0.0937473628	-0.0139455688	-0.064786067	-0.0421611677	0.0803030915	0.0532861877	0.0909823821	0.0341462294	0.06851581	0.0696793473	-0.0520240594	0.0375510443	0.0422255081	0.060245859	0.0565107552	-0.098250922	-0.0876260447	-0.0575831643	-0.0436505888	0.0703059295	-0.1224025243	-0.0062170502	0.0890384281	-0.0161196152	0.04673927	-0.2012668685	0.1283222105	0.0537749115	0.1144229089	-0.012264717	0.0262205505	-0.1546903498	0.1170150794	-0.0753769048	0.0384515573	-0.0248895536	0.1552400587	0.0459867024	0.0570360566	-0.0004329958	0.0627803927	-0.0455367045	0.0122403243	-0.0869349582	-0.0024748876	0.0092163114	0.0188073521	0.0147081917	0.0191583253	-0.1257730573	0.0058872241	-0.0286090581	0.0116222626	-0.0561607108	-0.0416067223	0.0279475661	0.0128582238	0.1245951242	-0.0180878128	0.0350799477	0.0246541202	-0.0417534702	0.0086983543	0.0255362323	-0.0867270196	0.0540417204	-0.0484920753	-0.0600690762	0.1232980921	0.0012196727	0.0052411057	0.0642081051	0.091458589	0.0202205073	0.183248964	-0.117872328	0.0860157546	0.0637952643	0.0178594049	0.0175493686	0.0145347691	-0.0043021777	0.087102756	0.0396923624	0.1067345106	-0.0975183884	0.0128322343	0.1215135253	0.0888591007	-0.0999440757	0.039288263	-0.0295238991	0.1480537272	-0.0216924575	-0.0029615658	-0.0260254876	-0.025111347	0.0138902416	-0.0529934817	-0.0264161538	-0.0090174427	-0.1096818833	-0.0405959097	0.0623229382	-0.0369057938	-0.0235626797	-0.0221419194	0.0493022322	0.0161015419	0.0999980731	0.0992407438	0.097982774	0.0	0.0010194207414429	-0.015229949144043	1.0392186480839918e-06	0.0002319513509301	-0.2085273525650848	-0.0697364708734227	0.0048631753698797	0.0434836567678031	0.3806871055261922	-0.0381041954225978	0.0014519297088035	0.1449226723139102	-0.0007017300358402	0.0008044165155605	4.924250432002883e-07	6.470859305064961e-07	-0.0020937585284745	-0.0002507823394442	4.383824775559704e-06	6.289178177710601e-08	-0.0006972357143214	1.653127612799999e-06	4.86137641325273e-07	2.7328309042018238e-12	0.0	0.0	0.0	0.0	0.0	0.0	0.0	0.0	0.0	0.0	0.0
592.4621331251793	1.533904012782159	351011.3791872377	2.35286152042921	748.0023539056422	1.4301200645098788	559507.5214483816	2.04524339891374	635.8388236663626	0.5436897997585675	0.2955985983615112	404291.0096814238	651.8154069357877	502.3200666353716	1.030801	23.046093	0.1073916660113928	0.087279864281026	-0.0763567836	-0.0812691752	0.1046270768	-0.0288088047	-0.021102836	-0.0360173356	0.006471732	-0.1656358342	0.0428875644	0.0456173263	-0.0959070692	0.0098774591	0.0330384572	0.0927096321	-0.114213666	-0.0874306261	-0.0009562287	0.1018033642	0.0034637505	0.0279221523	0.0835041091	-0.0814386081	-0.0607950228	-0.1331472884	0.0663029768	0.080794564	-0.0360155694	0.0041198337	0.0136702354	-0.0665705852	0.0921588813	-0.032881654	0.118233249	-0.0435447286	-0.0062565718	-0.0048905379	-0.0846910527	-0.1383534831	0.0163137928	0.0062837555	-0.0929195119	-0.0143320501	0.0413850897	-0.1346954551	-0.0565498277	0.0489671806	0.1121405423	0.0267963059	0.1214802724	-0.0071464797	-0.0084723679	0.040187248	-0.0383033068	0.0267193767	0.0245567815	0.1252921564	-0.0589794602	-0.0466978955	-0.084648826	0.0066936646	-0.028044991	-0.0465895495	-0.0222450281	0.0735392151	0.1089382215	0.0506242365	-0.0655046072	0.0179758447	-0.030725067	-0.038547281	0.0825108514	-0.0769053274	0.1223052698	0.1311522868	0.0143111501	4.70859e-05	0.0531164191	-0.0030946988	0.0320718221	0.0924171143	-0.07143593	0.0069998703	-0.0359276441	0.0241280443	0.0194474225	0.1069193998	-0.1195822284	-0.0164128839	-0.0529695767	-0.0781092306	-0.0991637263	0.0424310151	0.0856062151	-0.0255057983	-0.0533337231	-0.0386253281	-0.0665005006	0.0697232521	-0.0247934527	-0.0753038497	-0.0922546279	0.0103644716	0.1089811288	0.1297868805	-0.0235658052	-0.0275700373	-0.1414502273	-0.0961340165	0.013580668	-0.0425364543	-0.0035900302	-0.0862619599	0.0480330019	0.031462395	0.0053091989	-0.0745535316	-0.0757566349	0.0217875966	0.0208359485	0.0373117616	-0.0045128881	0.015789409	0.0357030862	-0.0613001422	0.0998732783	0.0987431344	0.0968690246	0.0	-0.0132093483585862	-0.0142287691000291	0.0001744868840584	0.0002024578701019	-0.1228670415192567	0.0856603110458281	0.007337688888468	0.0150963098916947	0.3802694957961066	-0.0004176097300856	1.743978866622045e-07	0.1446048894330251	-0.0008427317186431	-0.0001410016828029	7.101967496071531e-07	1.988147455324963e-08	-0.0020937079697842	5.055869029988933e-08	4.3836130627378775e-06	2.556181164840123e-15	-0.0006978829955372	-6.472812157999911e-07	4.870406754599755e-07	4.189729723275148e-13	0.0	0.0	0.0	0.0	0.0	0.0	0.0	0.0	0.0	0.0	0.0
591.013617568071	-1.4485155571082942	349297.09615089814	2.098197319184752	747.2781503131281	-0.7242035925140726	558424.6339354101	0.5244708434102889	634.7038554065632	-1.1349682597993933	1.288152950752063	402848.9840679555	650.8055208326401	498.3494824498717	1.013545	22.660286	0.1475529848665233	0.1071561086451313	-0.0745314166	-0.0773544172	0.092955775	-0.0213431266	0.0607191713	0.0260460542	0.0014483373	-0.0085779163	-0.0686495106	-0.0250607788	-0.1150706266	-0.0463782465	-0.0144361637	0.0478744033	0.0819144433	0.0825388605	-0.1329520111	-0.0574769521	0.0384245294	-0.0348441206	-0.1091440238	0.0612568927	0.0106490799	-0.0853974918	0.0241219792	-0.0451215481	0.0046935035	0.0849085948	-0.1924127414	-0.000319461	-0.1195069657	-0.0887275844	-0.0263671001	0.0557359163	-0.0493645109	-0.0455927763	0.0588904545	0.0822942622	-0.1426722808	-0.0507789712	0.0263283276	0.0504596841	0.1370107617	-0.0234316903	0.099622675	-0.0485402906	0.0802997042	0.0155509861	-0.0398874612	0.018146467	-0.0004406411	-0.0036592361	-0.0194263323	-0.052375961	-0.0947052486	0.0231617059	-0.0331816045	0.0090859757	-0.0960756969	-0.016790682	-0.0190872439	-0.0140321155	-0.0190616725	0.0719891277	-0.1214151455	-0.0314718636	-0.0069116142	0.0515491569	-0.0483450703	-0.1264282184	-0.0519477011	0.0388594173	0.1166134482	-0.0440209126	0.0882840655	0.0712624856	-0.0463316989	0.0612298011	0.0641316607	0.060762124	0.110510091	-0.1364004006	0.1157871895	-0.0599524315	0.0640501064	-0.0709795509	0.0212873672	0.0681612943	0.1394374371	0.0069256228	0.0041483432	-0.1186324504	-0.0911302588	-0.0021569262	-0.0142753931	0.0370961902	0.0281046369	0.1417493422	-0.0091011654	0.036723985	-0.0968848317	0.0185091891	0.1124060859	0.1159231371	-0.1302748795	0.0715686345	-0.0157745282	0.1183483961	-0.025118344	0.0112696837	0.0396511508	-0.0261795448	0.0244511762	-0.0853771587	0.0282173043	-0.019949886	-0.061011769	0.0132438174	0.0685846409	-0.0484464008	0.0796199555	-0.028201094	0.0678954416	0.0063243575	0.099723593	0.0981470957	0.0955380353	0.0	-0.0147440462080083	-0.0015346978494221	0.0002173868985838	2.355297489020819e-06	-0.2269230143055836	-0.1040559727863268	0.0108276454725088	0.0514940544215321	0.4023660248722009	0.0220965290760943	0.0004882565972106	0.1618984179714566	-0.0005662726596965	0.0002764590589465	3.2066472511974817e-07	7.642961127363961e-08	-0.0022138087182446	-0.0001201007484603	4.900949040975798e-06	1.4424189780748205e-08	-0.0006971270998506	7.558956866000454e-07	4.859861933461084e-07	5.71378289020554e-13	0.0	0.0	0.0	0.0	0.0	0.0	0.0	0.0	0.0	0.0	0.0
592.5479929290763	1.5343753610052318	351113.1239242766	2.3543077484599357	749.4468038092016	2.168653496073489	561670.5117398279	4.703057986031766	635.8557380340384	1.1518826274751746	1.3268335874791115	404312.5195908116	651.6883159293023	501.8637558702837	1.01928	22.788504	0.1490844074556563	0.0835907927920724	-0.0724828918	-0.0723661601	0.1038488372	0.0136281729	-0.0430532098	-0.0086011582	-0.0166032735	-0.1322216652	0.1198591941	0.0164485802	-0.0847631317	-0.00505096	0.0312368957	0.0425381783	-0.1542439314	0.0844660593	-0.0502907052	0.0177631957	0.0014855685	0.0281910092	0.0569585041	-0.1458668793	-0.0419109572	-0.1226782271	-0.1049515876	0.1011529358	0.0375821962	0.1155387977	0.0183024219	0.0162226376	-0.0779872297	-0.0022093578	0.0355516559	-0.0887541689	-0.1034935938	-0.0881220092	0.0390268157	-0.0948207796	-0.0470509429	0.1271880555	-0.0112588084	0.0796978887	0.031303366	-0.0103747746	0.029003424	0.0466042548	0.1024579667	-0.1374993927	-0.1172448728	0.0550445429	-0.0228720106	0.0594305367	0.059713282	0.132569146	0.1062164389	-0.02549095	-0.0262156176	-0.0857015583	-0.0868544398	-0.0198193262	-0.0383137553	-0.0196682631	-0.034820699	0.092431327	0.1704791545	0.0615611774	-0.0987865845	0.0007501612	-0.0893196649	-0.0784372428	0.0579437823	-0.0504976941	-0.0207043883	0.1199308977	0.0844398893	-0.0104459775	0.0589782241	0.0412669166	0.0871028288	0.1037395518	0.1198597114	0.0433805414	-0.0758969047	-0.1031553149	0.0759439726	-0.0633946458	0.00817312	0.1027885999	-0.0129117587	0.0111495533	0.0171368356	0.0609329738	-0.0419456935	-0.0023690799	0.0078746307	0.0711055655	-0.1123664446	-0.09796015	-0.0608232352	0.0295580813	-0.0905002868	0.0121016865	0.111904921	0.1543788069	-0.0496597367	-0.0946287193	-0.1446376092	-0.0996909743	0.0289536202	-0.0814263225	0.0408032472	-0.0311076329	0.0033459373	0.0233803427	0.0055569719	-0.0233484593	-0.0571576376	-0.0156615695	-0.0240449177	0.163443219	0.0011260548	-0.0145591642	-0.0492967754	-0.0004039436	0.0995490545	0.0974532219	0.0939927908	0.0	-0.0167426513075383	-0.00199860509953	0.0002803163728058	3.994422343867326e-06	-0.1530748614644892	0.0738481528410943	0.0054535496780416	0.0234319132123725	0.373163915344314	-0.0292021095278869	0.0008527632008787	0.1392513077150983	-0.0007308590340763	-0.0001645863743797	5.341549276909422e-07	2.7088674631487663e-08	-0.0025711186562766	-0.000357309938032	6.61065114465359e-06	1.2767039181643186e-07	-0.0010559415871817	-0.0003588144873311	1.115012635539808e-06	1.287478363186802e-07	0.0	0.0	0.0	0.0	0.0	0.0	0.0	0.0	0.0	0.0	0.0
591.4440046870424	-1.103988242033893	349806.01068024617	1.2187900385490849	745.3507666370186	-4.096037172182946	555547.7653263914	16.777520515904467	634.957414159235	-0.8983238748033955	0.8069857840417866	403170.9177957823	650.7898224370849	499.97192790215473	1.068983	23.899731	0.1263652423205815	0.0734668278800934	-0.0751999576	-0.0716794901	0.1045987018	-0.0217068931	-0.0024296344	0.0277809164	-0.0264458446	0.03392327	-0.1136110887	-0.0183083918	-0.0960816646	-0.0333225417	-0.0523114502	-0.0881204269	0.1246251159	-0.0416656118	-0.0408553561	0.0170836897	0.1393477174	-0.0704307374	-0.0071627895	-0.0698077423	0.0230963057	0.0091619685	-0.0280348893	-0.0222230966	-0.0953955826	-0.0105433978	-0.0108438216	-0.0911436405	0.1004126573	-0.0624479031	0.0329298682	-0.1481198829	-0.012395147	-0.0498418939	-0.0936307916	-0.006024973	-0.0018195743	0.1283050519	0.0416066391	0.0677094356	-0.1348179451	0.0022060283	0.0026904843	-0.0694904569	0.0671995299	0.0527206408	-0.0484990752	0.0847307694	0.0026269506	-0.0160485578	-0.0059090872	-0.0915484871	-0.0596125764	0.0432318664	0.0081786588	0.0647550269	-0.1089201183	-0.0091466709	-0.0010681546	0.0027166466	-0.0306323681	0.0034377578	-0.1582022344	-0.0888531911	-0.0332553582	0.0398012062	-0.0714068354	-0.1220542791	0.0277544928	0.0412010007	0.0785328697	-0.0024591709	0.0582689143	-0.0164113761	0.0975532583	-0.0726056342	-0.0844999825	0.0922133958	-0.0194119236	0.0550918685	0.0026783266	-0.0511543084	0.0979975184	0.0732657509	0.004065401	0.0176600575	-0.0854262491	-0.0050761407	0.049215546	0.0489061836	-0.0147765425	-0.143997232	-0.0076507865	0.06845869	0.0459516095	0.0988668887	-0.100717619	0.025676827	-0.1047398097	0.016187163	0.1208647205	0.1149571529	-0.1119484712	0.1603124308	0.0053051436	0.0484598059	-0.0772520043	-0.0483464751	0.0712768585	0.0437953048	-0.0302895396	-0.0914814775	0.0121967517	0.0190595262	-0.0773952428	0.0313999464	0.0944318251	0.047159957	0.0836805307	-0.0205815255	0.0495860984	-0.0385106141	0.0993497063	0.0966622046	0.0922367566	0.0	-0.0149078074762201	0.0018348438313182	0.000222242723748	3.3666518853264547e-06	-0.2002182829915	-0.0471434215270107	0.0022225021932734	0.0400873608440643	0.4269045997685765	0.0537406844242625	0.0028880611623881	0.1822475373035684	-0.0006628820317607	6.797700231559996e-05	4.394125880311938e-07	4.620872843815082e-09	-0.0025242733452497	4.68453110269002e-05	6.371955921538111e-06	2.1944831652070172e-09	-0.0006978380497644	0.0003581035374173	4.869779436989811e-07	1.2823814351078369e-07	0.0	0.0	0.0	0.0	0.0	0.0	0.0	0.0	0.0	0.0	0.0
592.6743060314188	1.2303013443764712	351262.8330298239	1.5136413979745524	749.5447602331391	4.193993596120436	561817.3475929539	17.589582284299222	635.8001411006136	0.8427269413786007	0.7101886977253316	404241.81942356017	651.5067766634731	498.5256736661956	1.10548	24.715715	0.132981733993882	0.0798478043056951	-0.0800035229	-0.0864745325	0.1008003123	0.0134787199	-0.0354133293	-0.0264233517	-0.039051772	-0.1432162718	0.0556461985	-0.0769844738	-0.0795656832	0.0188172446	-0.0054712502	0.0184140398	-0.025630983	-0.0079996527	-0.1522941027	0.0355632496	-0.1216845909	-0.0371068496	0.0019246455	-0.1258758975	0.0889348083	-0.0967850476	-0.1208462141	0.0180735344	-0.022875689	-0.0421170302	0.0053405556	-0.0159474711	-0.0298164873	0.0704415848	0.0122197423	0.0045414868	-0.0673412477	-0.0180932806	-0.1014347176	0.0344346084	0.0250566025	-0.1463719689	0.0061281596	-0.0375972091	-0.0145048168	0.0129604676	0.0512102125	-0.0005642835	0.1226395887	0.0438606743	-0.1139014465	-0.0785784379	0.017059891	0.0232822659	-0.0372508327	-0.0121289462	0.1285403468	0.0212899839	-0.0809614634	0.1074076461	-0.0816031524	-0.0135417604	-0.0028996878	-0.0129526898	-0.0771754722	0.0977673489	0.066288911	0.0601140874	-0.1017513444	0.0513123747	-0.1407555221	0.0316840828	0.114133202	-0.0245275294	-0.0699665382	0.0926320722	-0.0026919574	0.0290739429	0.0111896421	0.0709715924	0.0190913201	0.0830485678	-0.0287789208	0.0362438362	-0.0451973454	-0.0222158881	-0.0901927134	0.0888339869	0.0073289463	0.0825218388	0.0158596016	-0.0426400502	-0.0076111935	-0.062208722	0.0050039281	-0.0738280743	0.029656663	-0.0171007807	0.1211121074	-0.0342021646	-0.0055983696	-0.0603061794	-0.104016208	0.0150953153	0.1262240901	0.1118033794	-0.0368005523	-0.1454710122	-0.1403411468	-0.0306071898	0.0394374112	-0.0442692149	0.0464963021	-0.0371907118	-0.0056741465	-0.001020385	-0.051816049	0.0459048872	-0.0438109946	0.0031665757	-0.0032373384	0.1087553594	0.0161166292	0.0217679438	-0.0362091594	0.068348967	0.099125598	0.0957748323	0.0902738707	0.0	0.0013799803043355	0.0162877877805556	1.9043456403538991e-06	0.0002652920307844	-0.17509936980926	0.0251189131822399	0.0006309597994569	0.0306597893075999	0.3690844725353059	-0.0578201272332705	0.0033431671132715	0.1362233478666649	-2.8864813579483107e-05	0.0006340172181812	8.331774629783124e-10	4.019778329502489e-07	-0.0024849935204527	3.927982479699993e-05	6.175192796691903e-06	1.5429046360830106e-09	-0.0006960369767863	1.801072978099968e-06	4.844674730538123e-07	3.2438638724418887e-12	0.0	0.0	0.0	0.0	0.0	0.0	0.0	0.0	0.0	0.0	0.0
591.1603508112125	-1.5139552202062987	349470.5603712359	2.2920604087899026	744.9682666572793	-4.576493575859786	554977.7183263511	20.94429344988589	635.2088455584064	-0.5912955422071491	0.3496304182340464	403490.2774756434	650.6462805388936	505.09506392478943	1.276453	28.538227	0.2088916262162944	0.1109001669354732	-0.0308565164	-0.0393139678	0.0674777235	-0.0194547783	0.0021735821	0.0810842163	-0.062495836	0.0774182604	-0.1421986676	-0.0591175171	-0.0669209824	-0.0102990018	-0.0529030911	-0.0223635818	0.1052162131	-0.0092804501	-0.0219524248	0.0482515473	0.1250902929	0.0208488468	0.0605000701	-0.0766819563	-0.0497821444	0.0364671553	0.0286209181	-0.1146256627	0.0775726657	-0.0265611476	-0.1709494841	-0.0140708304	-0.0047783752	0.0236461226	-0.0595326012	0.0179689448	-0.0758919653	0.0285493054	0.1510966815	-0.0825457761	0.0361201823	0.0904368122	-0.0102781244	-0.0772994067	0.0360565891	0.0007989703	0.0448349869	0.0643140203	-0.0028339189	0.0459105626	0.1259767123	0.1569904598	-0.0037280783	0.1351857014	0.018304001	-0.0579220987	0.047563295	-0.0340781677	0.0908785692	0.0063733962	-0.0660574415	-0.001703937	-0.0122013933	-0.0160437031	0.052955891	-0.0791879666	-0.1450930077	-0.1034876607	0.0202094541	0.0976559546	-0.0412715853	-0.1283472663	-0.0079024215	-0.0230796388	0.0352373977	0.0125855274	0.0280815388	-0.0232960328	0.00808204	0.0140049606	0.0008798614	0.0119638181	0.080046573	0.0649979954	0.1313870429	-0.1088104248	-0.0016479663	-0.1824901368	0.0117611506	0.0200020202	0.0545104992	-0.0673309906	-0.110584636	0.0248625789	-0.0767486064	0.0060264783	0.0254360638	-0.0034892283	-0.0856310644	-0.012836145	0.0989631381	-0.0615492773	-0.0582969729	0.0057470984	0.0866128841	0.0492256651	-0.0988598821	0.1375955754	0.1230000421	-0.0106501029	-0.1491386564	-0.1030137077	0.006673433	0.0403422893	-0.0930471991	-0.122732274	0.030542167	0.105839037	-0.0265488783	0.0114470485	0.0640042827	0.0508938454	0.0627031065	-0.0623913976	-0.0251591062	-0.1303287192	0.0988767856	0.0947919895	0.0881085353	0.0	-0.0152562036841459	-0.0166361839884814	0.0002327517508521	0.0002767626176986	-0.1134381945804676	0.0616611752287924	0.0038021005305958	0.012868223989676	0.2809114150469511	-0.0881730574883548	0.0077744880668447	0.0789112231036804	-0.0001910377811147	-0.0001621729675352	3.649543381322802e-08	2.6300071399178507e-08	-0.0020939065383083	0.0003910869821444	4.384444591170247e-06	1.5294902760281444e-07	-0.00099120121732	-0.0002951642405337	9.824798532166498e-07	8.712192888983595e-08	0.0	0.0	0.0	0.0	0.0	0.0	0.0	0.0	0.0	0.0	0.0
592.4818715798621	1.3215207686495205	351034.76815077616	1.7464171419720196	756.5686259922645	11.600359334985228	572396.085835823	134.56833670077893	634.6502557430628	-0.5585898153436801	0.3120225818056866	402780.94711473497	653.0999228755295	515.1603770088731	1.814567	40.569099	1.131706711289475	0.5700402880747092	0.1045039883	0.1639735271	-0.1482477259	-0.1290307167	-0.0543967913	-0.1644112431	-0.0056745754	-0.0290532693	0.0226328229	-0.2219978455	0.1442331301	0.0048531608	-0.0359974938	0.0690952466	0.1977648231	-0.1294077497	-0.1765867024	-0.049874145	-0.0881704388	0.2029465474	0.0357938821	0.0168033504	0.0780240943	-0.0447874713	-0.0160427899	0.0906282348	-0.0281611846	0.0828088438	0.071146074	0.0894394258	0.0127062772	0.0758414608	0.1097221315	0.0973254507	-0.0138350899	0.0501897788	-0.1093502527	-0.1466532673	-0.0006145292	0.0941468425	-0.0012664257	-0.0808965247	-0.0082807033	-0.0952390849	-0.0265916564	-0.0991351433	0.0705285443	0.0845996549	-0.115490841	0.0239318105	0.0451405679	-0.0109549082	-0.0081453154	0.0387794609	-0.1551497601	-0.0153133895	-0.0048947847	-0.0446463942	0.1615998112	0.1677917341	-0.1226241538	0.0152134355	-0.2059501317	-0.2845872827	-0.0020124603	0.1339505466	-0.1589850085	-0.0236218443	-0.1767253259	0.0698854177	-0.0379467927	0.1122166678	-0.1387634811	0.2047549931	-0.0732259179	-0.009742341	-0.1540504961	-0.0243954178	0.1011615716	0.0208681229	-0.0508880071	0.0567509816	-0.0708314648	-0.0279818138	0.0585640713	0.0378247407	-0.036012006	-0.0328562629	0.1117518286	-0.0303533023	0.0048914606	-0.164939516	-0.061464828	-0.1540105312	0.0352049698	-0.0996339055	-0.0530684727	0.0823792135	-0.0323033229	0.0053315841	0.0978539808	-0.1354497098	-0.1448629976	0.0709931414	0.0193405108	-0.223873305	0.0426875417	-0.0268944208	0.0334824563	0.0499541826	0.1309137282	-0.1899658406	-0.3136879795	0.0539678737	0.0353783983	-0.048009556	-0.0252081928	-0.0403981138	-0.1425264068	0.0877354649	0.1743484409	-0.1889994801	0.0813770029	-0.0171080243	0.098603331	0.0937146561	0.0857456062	0.0	-0.120698202449617	-0.1054419987654711	0.0145680560745687	0.0111180151036576	0.0456970923167858	0.1591352868972534	0.0253240395358711	0.0020882242462088	-0.2684969123960243	-0.5494083274429754	0.3018495102636876	0.0720905919661983	-0.0041583183998248	-0.0039672806187101	1.7291611914321488e-05	1.57393155075928e-05	-0.0010617611259968	0.0010321454123114	1.1273366886779928e-06	1.065324152155676e-06	0.0003637947153339	0.0013549959326539	1.3234659490487333e-07	1.836013977508612e-06	1.0	0.0	0.0	0.0	0.0	0.0	0.0	0.0	0.0	0.0	0.0
592.0928853687665	-0.3889862110955846	350573.98490431125	0.1513102724224987	748.3687442763712	-8.199881715893298	560055.7774097926	67.23806015464122	636.1605040832136	1.510248340150838	2.2808500489283614	404700.1869554084	652.3379875456048	510.531615101106	1.357342	30.346714	0.4415192534683624	0.2215105920858174	0.061647589	0.1328642307	-0.1103569105	-0.1299567751	-0.0845724416	-0.0602420015	0.0248418201	-0.0200292919	-0.1942185825	-0.0334141895	0.1128133407	0.0509501844	-0.0236301037	0.0111965473	-0.0477748792	-0.0357885625	-0.0501274856	-0.0556342705	-0.0606335278	-0.1079768662	-0.0245175681	0.0573056906	-0.125946445	-0.0907736748	-0.0699158025	-0.0136282539	-0.0645765669	0.0525363425	-0.0459484501	-0.0228120199	0.1361647566	-0.0457437968	0.0841374127	0.0945421774	0.1751528965	0.0691761149	-0.074957275	0.0991714356	-0.0665499927	-0.0454040554	-0.0269851333	-0.0127263341	-0.0012354863	-0.0588351387	-0.0425418964	-0.0077162347	-0.0979640866	-0.0860189754	0.0404710243	0.1055487162	-0.0383423627	-0.060735101	-0.1242525727	0.0222274968	0.1188391731	0.1301262978	-0.0122701073	0.059955073	0.1201795709	0.108824074	-0.0142142313	-0.0729076053	-0.1797093977	0.0566778126	0.0055098443	-0.05817469	0.0720937473	0.1716595801	0.1138446505	0.0697144782	-0.0309206455	0.0632755608	-0.0467807605	-0.0666824253	-0.0306199477	0.0503766435	0.1259433396	-0.0963303742	-0.1369927429	0.1380675656	0.0374618933	-0.0336494754	0.0785468497	0.1145415606	0.00193867	0.0553806399	-0.0223648054	-0.1468826563	0.0903224169	-0.0471481486	-0.006012581	-0.0191658024	0.0093363057	0.1349057326	-0.1548273992	-0.1264281558	0.1802435468	-0.0062403242	-0.0759855546	-0.1150343135	0.0728464205	-0.1040572604	-0.0887063366	-0.0692035217	0.1036154811	0.1196072748	0.1701047284	-0.0707322734	-0.1238287863	-0.1120402723	-0.0192788037	0.0510685601	-0.0631741044	0.1526641978	-0.1703810331	-0.1748609889	0.0037663089	0.0414313636	-0.0560808193	0.1437301385	0.1310314092	0.0255117643	0.0230435848	0.0125036347	0.0983053023	0.0925439058	0.0831903826	0.0	-0.0431956072918637	0.0775025951577533	0.0018658604893129	0.0060066522561866	0.1337112512596405	0.0880141589428547	0.007746492174418	0.0178786987134187	-0.0822725623526849	0.1862243500433394	0.0346795085490642	0.0067687745160764	-0.0034919669880331	0.0006663514117917	1.2193833445512962e-05	4.440242039967919e-07	-0.0001440048814724	0.0009177562445244	2.073740588787997e-08	8.422765243635305e-07	0.0005752500455061	0.0002114553301722	3.309126148547701e-07	4.4713356658234127e-08	0.0	0.0	0.0	0.0	0.0	0.0	0.0	0.0	0.0	0.0	0.0
591.565139717753	-0.5277456510134471	349949.31452928466	0.278515472163607	750.4842985794257	2.115554303054523	563226.6824142527	4.475570009172509	635.4865856050695	-0.6739184781440599	0.4541661151840058	403843.2004839894	650.8030348197768	502.5850412497047	1.21946	27.264023	0.3943127483995315	0.2038749257906703	0.0594511639	0.0968120519	-0.0784812048	-0.0464193841	0.0362381887	0.0732260549	-0.0696505953	0.0402955083	0.0665312749	-0.1060721968	0.0652064806	-0.0127783741	0.0724618308	0.0765674417	-0.0240099129	0.1168088685	0.032942125	-0.0048287376	-0.0518771803	-0.0018698699	0.0363787756	0.0336372237	-0.0362026324	0.1153440729	0.0399889469	0.0271213751	0.0810897473	0.1059124504	0.0088602508	0.0264592673	0.1243068169	0.0515742055	-0.0358544246	0.0774518449	0.0081708851	-0.0622437738	-0.0850759028	0.1144650903	0.0196425667	-0.0185863137	-0.0457383025	-0.060269866	-0.0719000886	0.0217534301	-0.033281777	0.1165583774	0.1099092684	0.0750203289	0.0070518154	-0.0799978639	0.0444222717	-0.0296928439	-0.0267962999	0.0837657045	-0.0484103467	-0.1652680958	-0.0781705449	-0.058842348	0.0694851108	0.0013691441	-0.0310138609	-0.0499186116	0.0834588083	0.036493761	-0.0247769623	-0.0490168279	-0.0262363178	-0.0825461275	-0.0792898624	0.0945251947	0.0294620612	0.0358275093	-0.0739912326	0.0301295931	-0.1487662396	0.0036041749	0.081980545	-0.0202436048	0.0646213151	0.0076216887	0.0116915012	-0.0562573785	-0.0714458821	0.0557458202	-0.0761015629	0.1066616775	0.1674862662	-0.1711095784	0.1311620902	0.0559950777	-0.0074949284	0.0191685342	0.0825753234	0.0515679214	0.0209415457	-0.0172488636	0.0090530559	-0.0499713191	-0.0205950881	0.076230559	0.0644286139	-0.0502772383	-0.1031170895	-0.0082451257	0.0892353698	-0.1532521606	0.0148136566	0.0837407608	0.0354451406	0.0384235952	0.0092484847	0.1211294309	-0.0353142202	0.2512886185	0.0359207973	-0.0349074425	0.1463464645	0.0226451297	0.1835437294	-0.0159645381	0.0873790778	0.0062093195	0.1502120336	-0.0396434536	0.097982774	0.0912809058	0.0804485949	0.0	-0.0909682340465138	-0.0477726267546501	0.0082752196055413	0.0022822238670391	-0.005548414230148	-0.1392596654897885	0.0193932544323277	3.078490046930883e-05	-0.076530631213842	0.0057419311388429	3.296977320321374e-05	0.005856937513989	-0.0024301973194302	0.0010617696686029	5.9058590113657295e-06	1.1273548291651125e-06	0.0024143093973456	0.002558314278818	5.8288898661112735e-06	6.544971949204063e-06	0.0009859365984102	0.0004106865529041	9.72070976084676e-07	1.6866344473625218e-07	0.0	0.0	0.0	0.0	0.0	0.0	0.0	0.0	0.0	0.0	0.0
592.2567941500059	0.6916544322529035	350768.1102168425	0.4783858536550862	750.4008266084917	-0.0834719709340561	563101.4005747077	0.0069675699316159	635.7451092702038	0.2585236651342484	0.066834485434445	404171.8439609833	651.5217303872312	506.7562785789981	1.08185	24.187412	0.3031849885392179	0.1495470727309263	0.0414734683	0.0842555498	-0.0472174606	-0.0240293726	-0.0584589894	-0.0412048972	-0.0524039109	0.0633226177	-0.0794931975	0.0867101659	0.0514181394	0.0075240471	0.1078400678	0.0855614652	-0.0299725173	0.0410916164	0.0213620235	-0.0034858897	-0.0723012125	-0.0223747134	-0.0778492683	0.0263609894	-0.0188026698	0.0615093147	0.0195261744	0.1716585027	0.2229572598	-0.0729214465	-0.0047949301	-0.1857692601	0.0259777508	-0.0076721526	0.0188400075	-0.0549804922	0.1078772232	-0.0392515611	0.0695826446	0.0604169823	-0.0156784319	0.0167169127	0.0467663053	-0.021613414	-0.0004406345	-0.0833893681	-0.0914544043	0.0466022198	-0.0496457812	0.0006303519	-0.0052405246	0.1163482037	0.1970347268	-0.0087065374	0.1113328333	0.1259111496	0.0261732778	0.0376983761	0.0441064574	-0.0641233966	0.0447905373	-0.0013202826	-0.0203402156	-0.1106261163	0.0177928799	0.0064129773	0.0423744455	5.98136e-05	0.1183567291	0.058671502	0.1241429532	0.0522308645	-0.0240677684	0.0356633565	-0.0097303246	-0.0671109179	-0.0480391186	0.0347209336	0.1522471131	0.0379463737	0.0536718112	-0.0048117296	0.0505650999	0.0012150262	-0.1199284479	-0.0089936715	0.1723254513	6.09e-08	-0.18509859	-0.172340069	0.0011993521	0.0108372277	-0.1070206251	-0.0311338667	-0.0339121638	-0.0655896388	-0.0126677907	0.1420983311	-0.1115526197	-0.0260384992	-0.0309130312	0.0024957209	0.0533325113	-0.0460218106	-0.0704054123	0.0052598175	0.0865231511	0.0564317764	0.1263037284	-0.0875449639	-0.1096707306	-0.0527711071	-0.0323959076	0.0297322262	-0.0151725061	0.1899012711	-0.136546663	-0.1095356078	0.0058379832	-0.0397467447	-0.0246762043	0.003064233	0.0561315338	0.1287186569	0.1165676704	0.0054876191	0.0976358263	0.0899269149	0.077526392	0.0	-0.0663093123795874	0.0246589216669264	0.0043969249082537	0.0006080624177756	0.0852974636103027	0.0908458778404507	0.008252973520602	0.0072756572983509	-0.0133585536374312	0.0631720775764108	0.00399071138532	0.0001784509552841	-0.002631157412042	-0.0002009600926118	6.922989326943556e-06	4.038495882254331e-08	0.0005717910295377	-0.0018425183678079	3.269449814597829e-07	3.394873935709488e-06	0.0005392528297213	-0.0004466837686889	2.907936143624293e-07	1.995263892101188e-07	0.0	0.0	0.0	0.0	0.0	0.0	0.0	0.0	0.0	0.0	0.0
591.739655337985	-0.5171388120209031	350155.81969951733	0.2674325508983909	753.2470615751021	2.846234966610382	567381.1357715256	8.101053485155601	634.7043660001934	-1.0407432700103527	1.083146554071842	402849.6322197075	651.1723111947107	506.1179959313912	1.08752	24.314182	0.270762505289208	0.1689234889858958	0.0788872448	0.1328603258	-0.0952761276	-0.0467622787	0.0692914875	0.0408977921	-0.0561582163	0.0738867256	0.0364666947	-0.1261330484	0.0718085244	-0.0185711574	0.0145154956	0.0589535818	0.0837156684	-0.0304303811	0.1592700003	-0.0949613511	0.0293663743	0.0104874464	0.0139430054	0.0890517406	-0.0739329102	0.0889237521	-0.0864025236	0.0225192461	-0.0781973639	0.038459845	-0.0219164649	-0.1156958037	-0.0378493108	-0.0396426141	0.0194233701	0.0201581169	0.2017460069	-0.0488262004	-0.0110825485	0.0682534575	0.0297722946	-0.0676582569	0.1061120898	-0.115800584	-0.0359982193	-0.0262098381	0.0481010058	-0.2078425894	0.0043456185	0.04832465	0.0243000153	-0.096379743	-0.076687328	0.1213065724	0.1349797979	0.1145594498	0.0413223549	0.0930971897	0.0897193904	-0.007946538	0.0870330724	0.0412761405	-0.0489277799	0.0143899466	0.1150163275	-0.0694200304	-0.0605085671	0.0659305646	0.0479502937	-0.096726098	-0.0241516834	0.0701121114	0.0064974954	0.0831892275	0.020918719	-0.01051884	-0.0440552288	0.1512364875	0.1004846848	-0.1061904694	-0.0046617137	-0.0408061971	-0.0308590189	-0.0131497908	0.0635984861	0.0557260811	0.1273189685	0.1395233717	0.0435469978	-0.0492653433	-0.0908158036	-0.0124388141	0.1260298252	-0.1889827668	-0.009624538	0.032828931	-0.0447929445	-0.0645317386	-0.0192427378	0.032390345	0.0943083369	0.0327549222	0.0929467384	-0.0804172164	-0.1335002599	0.0322113942	0.06544274	-0.119049217	0.0548534515	0.0705531721	0.0144860438	0.0651501693	0.0383417117	0.0277740345	-0.1641957025	0.1696220769	0.0045220904	-0.0310302913	0.0667434093	0.0504968536	0.04723289	-0.0106005481	0.0628326472	-0.0859174746	0.1144789022	0.0462983884	0.0972645456	0.088483283	0.0744303271	0.0	-0.110012350831937	-0.0437030384523496	0.0121027173355691	0.0019099555699675	0.0298391654295926	-0.0554582981807101	0.0030756228371005	0.0008903757935345	-0.1636594066769845	-0.1503008530395533	0.0225903464244174	0.0267844013938626	-0.0024257230083047	0.0002054344037373	5.884132113018804e-06	4.220329423890002e-08	0.0007127504458157	0.000140959416278	5.08013198010479e-07	1.9869557037434492e-08	0.0006188653220379	7.961249231659999e-05	3.829942868210736e-07	6.338148932860692e-09	0.0	0.0	0.0	0.0	0.0	0.0	0.0	0.0	0.0	0.0	0.0
591.6202655801811	-0.1193897578039013	350014.53864516405	0.0142539142684742	749.364169488804	-3.8828920862980567	561546.658513645	15.076850953836075	635.4793233331644	0.7749573329709847	0.6005588679255016	403833.9703839765	651.2274689812473	507.54657042653935	1.086405	24.289255	0.2499997312205333	0.1332391440321586	0.0498755985	0.1002265537	-0.0622420682	-0.0392098758	-0.0859562536	-0.0290685866	-0.0240029198	0.0450453047	-0.0440929694	0.1021757627	0.047484033	0.010792869	0.0315868235	0.061209879	-0.0122048733	0.0421983682	-0.103183029	-0.0571875089	0.037335057	0.1138395864	0.0259712687	0.0100011171	-0.1165007079	0.0679404173	0.190145293	0.0023360352	0.050423485	-0.027743263	0.0980702721	-0.1398304453	0.0056576635	0.0579335309	-0.1103762853	0.0397491805	-0.0749637885	0.0880140506	-0.0355018755	0.097478264	-0.0677262438	-0.0337242642	0.1629682645	0.0605632902	-0.0044228241	-0.0639651488	0.0965936989	-0.1375189058	-0.0068861226	-0.1144072915	-0.0663047804	0.0009022127	0.1728879144	-0.0415449651	-0.0285245509	-0.0559935238	-0.0105083201	-0.0130737828	0.036638449	0.1409817954	0.0703882033	0.0174201763	-0.0348354151	-0.0620451714	-0.0236173741	-0.0263578312	0.0695939487	-0.0418793564	0.1094271247	0.0567515331	0.0877426565	-0.0605740366	-0.0621013552	-0.0472159093	-0.0281055415	0.0249755734	-0.0403739253	0.0579455988	0.056409577	-0.0886329879	-0.0661886329	-0.2213186167	0.1485818204	-0.0210957376	-0.045472977	-0.0461352635	0.0475506068	0.0084636192	-0.0585072337	-0.0901890669	0.0102438685	-0.0589359263	-0.0627226431	0.0075322667	-0.0694551989	-0.0894494735	0.1089884929	0.0525500144	0.0325182811	0.0257081605	-0.0192689653	-0.0160618613	0.0640375295	-0.0562147013	-0.062815478	-0.0283695492	0.0724644253	0.0547314671	0.1528973351	-0.1081340162	-0.0846160615	-0.0423726734	-0.0574755952	0.008750441	-0.0192252007	0.1849979455	-0.1039759149	-0.1072250083	-0.0040801293	-0.0216898323	-0.0411432211	-0.0375420315	0.0311989352	0.0459951909	0.086109803	-0.0287091726	0.0968690246	0.086951449	0.0711673436	0.0	-0.0468923945092996	0.0631199563226374	0.0021988966628157	0.0039841288861716	0.0687321769243283	0.0388930114947357	0.0015126663431296	0.0047241121447571	-0.0537471581703243	0.1099122485066602	0.0120807023717898	0.0028887570113858	-0.0025055360366755	-7.981302837079983e-05	6.277710831079572e-06	6.370119497718097e-09	0.0004998125069251	-0.0002129379388906	2.498125420787531e-07	4.5342565818976895e-08	0.0001501259913693	-0.0004687393306685	2.2537813284615137e-08	2.197165601156471e-07	0.0	0.0	0.0	0.0	0.0	0.0	0.0	0.0	0.0	0.0	0.0
591.5492209373696	-0.0710446428115574	349930.48079160886	0.0050473412722217	753.3481130639548	3.983943575150761	567533.3794570211	15.871806409985023	636.3133599623194	0.8340366291549799	0.6956170987722015	404894.6920665363	652.5443436851697	504.94903706667714	1.123412	25.116621	0.1696527688094531	0.0892577534505854	0.0463219837	0.0747169176	-0.0465284906	0.0007524949	0.0738013848	-0.0093004667	-0.0071432217	0.1343836952	0.0304421341	-0.1067209771	0.0644495411	0.0623498527	0.0021441626	0.02092997	0.0912032747	0.0505069861	0.1319560884	-0.0768019176	-0.0781161977	-0.0962494228	0.0055074535	0.0725106911	0.1032338363	-0.0390676495	-0.0764448001	0.0082799483	-0.0111778751	0.0683169704	-0.0502222149	0.0198616299	-0.0418933449	-0.0273134939	0.0957129142	0.093814711	0.0907783107	0.072388142	-0.1238981227	0.1407526634	0.0123254383	-0.0076629769	0.0810212591	0.0585469026	-0.0843021714	-0.0304489987	-0.0254901125	-0.0413369244	0.0029670393	0.0086124618	-0.0045919454	-0.1165328854	-0.1685893867	-0.0647122303	-0.0408563395	-0.1375697378	0.129404258	-0.0159644928	-0.0726543344	-0.0452479215	0.0546788177	0.0168897061	0.0612080469	-0.0282132118	0.1000726164	0.0054263316	-0.0912922677	0.0455881362	0.1032597998	-0.180862983	-0.0678642266	0.1528532517	-0.079961928	-0.0133524313	0.0393219906	-0.0486342457	-0.0082622811	0.0210000123	-0.0573620912	0.048632869	0.0234867308	0.0083634956	-0.0253030838	-0.0566800623	0.0572590125	0.0553179153	0.1270732711	0.1658393516	0.0388426651	-0.0227440516	0.0122173028	0.147034901	0.0591907163	0.0136126571	-0.0458435159	-0.0109687589	0.0538699813	-0.1219644145	0.0507492967	0.0584615479	-0.0348689825	0.0390215154	0.0439145761	-0.0488731565	-0.0372165955	-0.0380592518	0.0818918255	-0.080208493	0.0904807614	0.1302564525	0.0771517767	0.0745907777	0.054966664	-0.0378824684	-0.0737257245	0.0891182459	0.0542586371	-0.0164599923	0.0689690241	0.0315653966	0.0870437749	0.008855084	-0.1070070369	0.0424674185	0.0335492776	-0.0454497957	0.0964493619	0.0853329399	0.067744759	0.0	-0.0321522192499941	0.0147401752593055	0.0010337652026996	0.000217272766675	-0.0102113776956542	-0.0789435546199825	0.0062320848160381	0.0001042722344433	-0.0304012603628791	0.0233458978074452	0.0005450309444356	0.0009242366316515	-0.0020571646744766	0.0004483713621989	4.231926497914414e-06	2.0103687844009729e-07	0.0008841205815106	0.0003843080745855	7.816692026506415e-07	1.476926961916143e-07	0.0003699093770393	0.0002197833856699	1.36832947221603e-07	4.830473661656795e-08	0.0	0.0	0.0	0.0	0.0	0.0	0.0	0.0	0.0	0.0	0.0
591.5748005281675	0.0255795907979745	349960.7446199412	0.0006543154653918	750.3536024291486	-2.994510634806147	563030.5286784008	8.967093941967114	636.4895232098658	0.1761632475463557	0.0310334897860786	405118.9131559223	652.2026087876276	505.0947055928192	1.160305	25.941467	0.2252689988420832	0.0964865778062722	0.0344483487	0.0779207486	-0.0542036664	-0.0194374627	-0.0436525801	-0.0330803416	-0.009719621	-0.048773299	-0.0211590381	0.1457319601	0.0498611705	0.0630896276	0.0205012189	0.0039369351	-0.0966531047	0.0472188681	-0.0647108928	0.0561297765	-0.0197074111	-0.1040447482	-0.0244698784	0.03260041	0.0331276803	-0.001336522	0.0138505611	-0.0346893679	0.1666518713	0.0160883229	0.0442417428	-0.0175297958	-0.0668283509	0.0204603986	0.0451118333	0.0507545882	0.0387430237	0.1039676164	0.129715746	0.0358930821	0.1449665187	0.0781177686	0.0858969139	-0.0442529225	-0.0169013662	0.0344291231	0.077997935	0.0785031693	0.1869491614	0.0518706856	-0.0209908776	-0.0933026063	-0.056831699	0.0515031753	-0.0362597176	0.0665145951	0.0175478564	-0.0126969125	0.0407208578	-0.0908901482	0.0558763976	0.0151755693	0.0200224274	-0.0399288137	-0.0056568201	0.0601450739	0.1197806289	0.0110817865	0.1172767297	0.082973979	0.026056538	-0.0257751913	-0.0339228662	-0.0337808344	-0.0247672346	-0.0578521577	-0.0556738064	-0.1066808021	-0.0326589384	-0.0189963006	0.0415006887	-0.0878274603	-0.0038799069	0.0833654714	-0.0375121822	-0.0272764303	0.1199271028	0.0535378806	0.0534325763	-0.024466581	0.0247960764	-0.0184897606	0.0292868056	0.022445046	-0.1286514335	0.0008363805	-0.0361282811	0.0218093528	-0.1843600864	-0.1064364879	0.1095101381	-0.0973096944	0.0397742671	-0.0501132833	-0.0236777505	-0.0677176067	0.0332133239	0.0106028962	0.1302934644	-0.1545900599	0.0024256898	0.0087116588	-0.1381361475	-0.0502403568	0.0480214971	0.0404904335	-0.0717619824	-0.108286146	-0.053915881	-0.0941530338	-0.0436537369	-0.0668391549	0.0166140066	0.1016657125	0.0325598754	0.0156667895	0.0960056619	0.083629369	0.064170249	0.0	-0.0009079204651243	0.0312442987848697	8.243195709915252e-07	0.0009762062065582	0.0545691994902739	0.0647805771859281	0.0041965231805419	0.0029777975330093	0.0101764096343615	0.0405776699972406	0.0016465473024049	0.0001035593130463	-0.001581998606274	0.0004751660682025	2.502719590252878e-06	2.257827923711177e-07	-0.000106049148667	-0.0009901697301776	1.1246421932995468e-08	9.804360945599811e-07	6.191611793860503e-05	-0.0003079932591006	3.8336056605872474e-09	9.485984765146781e-08	0.0	0.0	0.0	0.0	0.0	0.0	0.0	0.0	0.0	0.0	0.0
591.9839902840033	0.4091897558357686	350445.0447525709	0.1674362562809359	754.7296502837502	4.376047854601552	569616.8450174319	19.149794825762847	635.9231662390367	-0.5663569708290197	0.320760218406623	404398.2733594816	653.0196969456323	501.975850289328	1.114826	24.924671	0.1477220379011317	0.0891327859890143	0.041901014	0.055078496	-0.0537230579	0.0192582704	0.0831893101	-0.0283350663	-0.0230498283	0.094433784	0.0489447694	-0.1168179508	0.057751768	0.0495458156	-0.0656975248	-0.0683373387	0.1040798161	-0.0334838724	-0.0210610553	0.0050583531	0.1462720716	-0.0544383942	0.1126238053	0.0821702243	-0.0517547915	0.038063701	-0.0094343082	-0.0634729482	-0.0148761769	-0.1100394276	-0.0960418476	0.0289489555	0.0567431384	0.0100237754	-0.0046403155	0.117875465	0.0472955261	0.0682777106	-0.0915603011	-0.037453203	0.1093330347	0.0691555257	-0.0094998512	-0.0058923749	-0.0327629096	0.0477736788	0.0495188148	0.119940619	0.046485118	-0.0442672706	0.0770836793	-0.0896108805	0.1080381258	0.0384743543	-0.0124218748	-0.1364144857	-0.0438958055	-0.0980044769	-0.0226996171	0.055195034	0.0580993758	0.0457710525	0.081364762	0.025904337	0.0119939212	-0.0598145678	-0.0805222794	-0.0090039539	0.0557999922	-0.0948053102	-0.1301595573	-0.0273254816	-0.1134252262	-0.0142977896	0.0438385233	-0.1149210836	0.010520056	0.0388517661	-0.0891771168	-0.0953359944	-0.0607723934	-0.0192677406	-0.077275788	0.1234649867	0.1000579383	0.0062662768	0.0695558424	0.056529891	0.0121303506	0.00905461	0.0310750672	-0.1332433933	-0.0846834663	0.1007144276	0.0537024747	-0.0085206358	0.0227235963	0.0014404533	0.0786525964	-0.1332526369	0.0884050291	-0.0252753927	0.0358999624	-0.0337738066	-0.0093798691	-0.0770785481	0.04556383	0.0126405533	0.1293435628	0.1375382391	0.1199410122	0.074384127	0.0156077769	-0.0227462192	-0.073126212	-0.0972544622	0.0647793583	-0.0183903949	0.0537361501	-0.0488495165	0.0812059338	-0.0468489459	-0.1632199811	0.0595459766	-0.0421078002	0.0500194008	0.0955380353	0.0818424346	0.0604518297	0.0	-0.000851562105808	5.635835931629997e-05	7.251580200481553e-07	3.1762646648251757e-09	-0.0070950631642716	-0.0616642626545455	0.0038024812887287	5.033992130500373e-05	0.0171325537484605	0.006956144114099	4.838794093611416e-05	0.0002935243979438	-0.0004000147144294	0.0011819838918446	1.6001177176003446e-07	1.3970859205801071e-06	-0.0003579829895092	-0.0002519338408422	1.2815182077794402e-07	6.347066016150296e-08	-8.50716048380141e-05	-0.0001469877227766	7.237177949715225e-09	2.1605390647056243e-08	0.0	0.0	0.0	0.0	0.0	0.0	0.0	0.0	0.0	0.0	0.0
592.0864656858768	0.1024754018734483	350566.38284839294	0.0105012079891247	752.8151688951674	-1.914481388582772	566730.6785186594	3.6652389872298174	635.5958167981802	-0.3273494408565511	0.1071576564290966	403982.04233134585	652.229089629711	503.6996220287524	1.093395	24.44552	0.1866321338701374	0.1117219173117753	0.0329592254	0.0265954189	-0.0608626136	-0.0128480276	-0.047631646	-0.0296032252	-0.0261546956	-0.112890126	0.0641642162	0.1010982945	0.0513042729	0.0001111004	-0.0093384425	-0.0353430776	-0.1217275647	-0.1021950884	-0.1204570234	0.0431717536	0.0078858076	-0.0623897858	0.0201684734	0.0568512992	0.13842501	-0.0491965036	-0.0946165885	-0.0128910228	0.0939010073	-0.0359025505	-0.0395366456	0.0655545334	-0.2192101303	-0.0121527219	-0.0327425339	-0.1001249251	-0.0137120235	0.1807415515	0.0538692085	0.0339122	0.1199184989	0.1568819169	0.0233738617	-0.0465051314	0.0103679449	-0.0420883376	-0.0748946633	0.07209315	-0.009341785	-0.019578442	0.0648835117	0.144321964	-0.1447593377	0.0444864551	0.0493839638	-0.1003392584	0.0215323523	-0.0250585887	0.0603639504	0.0224138949	0.0580425635	0.006633014	0.0028336968	-0.0010148687	0.003841544	0.0491466113	0.14196316	-0.0228860886	-0.0012296331	0.0530019618	-0.0329493572	0.0475163443	-0.0361245998	-0.0015730561	0.0469676961	0.0629057762	0.0161043779	-0.1105134515	-0.1611295255	0.0314681214	0.0423254987	0.0053696803	-0.1551473193	0.0176424122	0.0894558515	-0.0557281897	0.1471912157	-0.0941058345	-0.069326506	0.0286058356	-0.1168004674	0.0421056031	0.0416933736	0.0311362159	-0.1835310819	0.0734502265	0.0032865979	-0.0121331255	-0.0605405553	0.0464023917	0.0444036323	-0.0290391339	0.0537300316	-0.0256656764	-0.0163973619	-0.0869418702	-0.0048803886	-0.0384616239	0.0672149516	-0.1828580091	0.0977381675	0.0606297075	-0.0843136535	-0.0621081812	0.100904203	-0.081213149	0.0052553112	-0.0351577949	-0.0421839547	0.0002799336	-0.0675402406	-0.0162800661	0.0381417404	0.0073148014	-0.0155838594	0.0779900875	0.0950465986	0.0799739179	0.0565978402	0.0	-0.0008435933710444	7.968734763600023e-06	7.116497756700547e-07	6.350073373260749e-11	0.0474634371772424	0.054558500341514	0.0029766299595149	0.002252777868678	-0.0419024820087585	-0.0590350357572189	0.0034851354468561	0.0017558179984943	0.0008089976027149	0.0012090123171443	6.544771211984552e-07	1.4617107830066293e-06	-0.0001520158445815	0.0002059671449277	2.310881700382677e-08	4.242246478966819e-08	-3.943848617719804e-05	4.563311866081607e-05	1.5553941919490406e-09	2.082381518712119e-09	0.0	0.0	0.0	0.0	0.0	0.0	0.0	0.0	0.0	0.0	0.0
591.6753362510576	-0.411129434819145	350079.7035278021	0.1690274121747096	753.3695864222357	0.5544175270682672	567565.7337460105	0.3073787943204928	635.2961009283486	-0.2997158698316298	0.0898296026289304	403601.13585476245	651.7698576958054	501.6582157765216	1.032973	23.094641	0.1315426326476756	0.0865872734727096	0.0422313828	0.0246863475	-0.0444189846	0.0129256248	0.0167779874	-0.0045144816	-0.0291996618	0.0625913915	0.0827686431	-0.0700712496	0.0496698668	-0.0128077737	-0.0118814613	0.0149602271	0.1063768215	0.000115237	0.0389205428	-0.0331342205	0.0538309863	-0.0289026014	-0.0634529186	0.0697233902	-0.0258415151	-0.0138645186	0.0184438778	0.0938981262	-0.0446567956	0.1837800523	-0.005211224	0.0336291484	-0.0146543365	0.0136051526	-0.1171518275	0.0507881088	0.0228480437	-0.022323697	0.0295963069	-0.0793457796	0.0185431598	0.0771022971	0.0430279801	0.0910374428	-0.0319529622	-0.1064614733	0.1092449326	0.0946745022	-0.0870205298	0.0601758473	-0.0444377484	-0.1579770838	-0.131114972	-0.0164610788	-0.0557909381	0.0123086291	0.0047161379	0.0858749301	-0.0992368874	0.0107538798	0.0408998433	-0.0107959322	-0.0040040123	0.0106403435	0.0084343844	-0.0313879952	-0.0654853539	-0.022873946	0.016085573	-0.1223427669	-0.0237674122	-0.0074390982	-0.0859850942	0.0512422516	-0.0175104373	-0.0646418058	0.1092218661	0.0510049598	-0.1379050289	-0.0025210954	0.002223825	-0.0483745686	0.0750358994	-0.0650509709	-0.0220497072	-0.0258871317	-0.0029833571	0.1021620433	0.0600672437	0.0727055526	0.0147430363	0.0434035282	0.0144242992	0.0690421433	-0.0024283108	0.0773081975	0.0130470871	0.157150389	-0.0466500863	-0.0353463681	-0.10389429	-0.0789439312	0.0432077454	-0.0260464673	0.0124082973	-0.1039939905	-0.0384322324	-0.0090157122	0.1241602624	0.0987939586	0.1031644978	0.1238988355	0.0433406181	-0.0558276929	-0.0065772078	-0.1950471137	0.0470631735	0.0377320822	0.0116782664	-0.0146743653	0.0373275888	-0.0670795196	-0.0339026078	-0.0188124157	-0.0551662969	0.042365298	0.0945314743	0.0780256814	0.0526169234	0.0	0.0134899291013681	0.0143335224724125	0.0001819781871599	0.0002054498664671	-0.0354560738522451	-0.0829195110294875	0.0068756453093692	0.0012571331730158	-0.054775970931054	-0.0128734889222955	0.0001657267170324	0.0030004069914396	0.0008889730955025	7.997549278760004e-05	7.902731645272971e-07	6.396079446619465e-09	-0.0001411676436435	1.0848200938000004e-05	1.992830361185821e-08	1.1768346359122418e-10	-0.0003769369969212	-0.000337498510744	1.4208149964797276e-07	1.1390524475441922e-07	0.0	0.0	0.0	0.0	0.0	0.0	0.0	0.0	0.0	0.0	0.0
591.583554627573	-0.0917816234846213	349971.10210579465	0.0084238664094728	751.5245518981174	-1.8450345241183184	564789.1521056661	3.40415239518851	635.1589929352766	-0.1371079930719361	0.018798601764214	403426.9463065548	651.504733837849	502.6579738890218	1.057017	23.632214	0.1420461145504385	0.0803386496909134	0.0298673077	0.0291931012	-0.0633315031	-0.0136617902	-0.0713812287	-0.0171551495	-0.0471027074	-0.0942490352	0.0824661509	0.0865738462	0.0554853157	0.0050737171	-0.0052411966	0.0709706192	-0.1146380332	-0.0706947361	-0.0360029105	0.0926158541	-0.0448437177	0.0816226667	-0.0671673825	0.0713283408	0.0008338705	-0.1800136842	-0.0913852164	0.025329816	-0.1237246433	-0.1003648011	0.0923825441	-0.0172357537	-0.0893461091	-0.0354664144	-0.0137081089	-0.0288053452	-0.0644502951	-0.0212380836	-0.0236273053	0.1108438648	-0.0009968656	-0.0530714734	-0.0532934911	0.0791317288	0.0157250374	0.0088468077	-0.1353815987	-0.0401699917	-0.1362009428	0.0367236741	0.1101480939	0.0019834616	-0.0631380446	-0.0320247829	-0.1066645976	-0.0490583605	0.0077715338	0.0445557216	0.1288705715	-0.0291500655	0.06044078	0.0122351651	-0.0429350634	-0.0109431239	-0.0180265162	0.0542169417	0.1414316468	0.0039921143	-0.0283573909	0.0957191638	-0.0005645869	0.0387348617	-0.0280220893	-0.0320821765	0.0376575277	0.1182724135	-0.0157980078	0.0047445346	-0.04900105	0.1510232843	-0.0820768783	0.0362669838	-0.1470558525	-0.1986860971	0.0039102251	0.0107849955	-0.0749965391	0.0282586078	-0.1156277551	0.0747519301	-0.0525380774	-0.0610908119	0.0599688158	-0.0045804832	0.1180305366	0.1329470963	0.0139357461	-0.0287837635	0.0309253675	0.0937255347	0.0367968959	-0.0018099213	0.0556686772	-0.0298062233	0.0122078259	-0.1216711281	-0.0229828142	-0.0827287097	0.0168606891	-0.1861834053	0.1436752486	0.0510969383	-0.0346163844	-0.0716263774	0.1109235138	-0.1493490687	0.0074756149	-0.0025119369	-0.0319740414	0.0640187687	-0.0713318945	-0.0229400747	-0.00641984	-0.033730397	-0.0861275209	0.0450626859	0.0939927908	0.0759996673	0.0485180071	0.0	0.0303943481852826	0.0169044190839145	0.0009238164016081	0.0002857593845646	0.0332034075593696	0.0686594814116147	0.0047141243877118	0.0011024662735536	-0.0545211607498643	0.0002548101811896	6.492822843792587e-08	0.0029725569695125	0.0015169944678156	0.0006280213723131	2.301272215383136e-06	3.944108440820294e-07	-0.0003000297241049	-0.0001588620804614	9.001783534646243e-08	2.5237160608524332e-08	-3.927237222130686e-05	0.0003376646246998	1.542319219888875e-09	1.140173987737197e-07	0.0	0.0	0.0	0.0	0.0	0.0	0.0	0.0	0.0	0.0	0.0
591.5708178023452	-0.0127368252277619	349956.0324753355	0.0001622267168825	752.3784257564307	0.8538738583133636	566073.2955437249	0.7291005659109502	635.4182578032871	0.2592648680105185	0.0672182717845115	403756.3623497647	651.4842609425014	499.7331573781912	1.078801	24.119236	0.2757414608580755	0.156758041698494	0.0138843861	0.0079634135	-0.03835693	0.0219826916	0.0073382977	-0.0007826761	-0.0077965748	0.1008031096	0.0602757931	-0.0420459924	0.018884324	-0.0114173613	0.009974022	-0.0588215174	0.0138013135	0.0274648948	0.0254194178	-0.0428160451	0.0339704863	-0.0739635501	-0.0575224275	0.0875202667	0.1268578634	0.0977414327	0.1433134918	0.0440433208	-0.0782460611	-0.009633844	0.0562644725	-0.0607328851	0.0884739974	-0.0436437457	-0.1199371796	-0.1060654238	0.0057434072	0.004927353	0.0375524422	0.0564235246	0.0730443605	-0.0465968124	-0.0408430923	0.0642570001	0.0813146158	-0.057682947	0.0015783125	-0.0181417435	-0.0025577229	-0.0746312196	0.0023388891	0.0705377994	0.0901949659	0.0822479782	0.0001868758	-0.0828883943	-0.1139954215	-0.0078549643	0.0702026612	0.0400363142	0.0138635226	-0.037293755	0.0066267884	-0.0019088944	0.0127468326	0.0121330142	-0.0948394726	-0.1088386339	-0.0552935767	-0.0923225935	0.0190240891	-0.0130658358	-0.0929564239	0.0677684616	-0.0402315741	-0.1554066384	0.047956701	-0.0396288015	-0.1461919789	0.0017957339	-0.1948386902	-0.1070576197	0.0606701167	-0.0478221054	-0.1053818628	-0.0688955203	0.0089390892	0.0688831472	-0.0742490504	0.0577817462	-0.0353361374	0.067598409	-0.0514966152	-0.0017908506	0.0761099539	0.042061036	0.0686534766	0.0949877832	0.0032772287	0.0591994715	0.093683834	-0.050420278	0.0185506845	0.003031384	0.0129009759	-0.0587004071	-0.0347025264	0.0759597946	0.1731843652	0.0467627988	0.0994768494	0.0721471039	0.0621898978	-0.0047385251	0.0231644271	-0.1456831934	0.0638289897	-0.039708035	-0.011666201	-0.0136468984	0.0242491175	-0.0028268567	0.0041821396	-0.017609648	0.0579336244	0.0206491469	0.0934306823	0.073897895	0.0443102836	0.0	0.0140638666671151	-0.0163304815181675	0.0001977923456303	0.0002666846266152	-0.0251127056360189	-0.0583161131953885	0.0034007690582173	0.0006306479843613	0.0736489583251511	0.1281701190750154	0.0164275794237036	0.0054241690623798	0.0009070050731746	-0.000609989394641	8.226582027644614e-07	3.7208706157449377e-07	1.6741059793989876e-05	0.0003167707838988	2.8026308302594434e-10	1.003437295319172e-07	-0.0005710071350715	-0.0005317347628501	3.2604914830256225e-07	2.827418580233512e-07	0.0	0.0	0.0	0.0	0.0	0.0	0.0	0.0	0.0	0.0	0.0
591.9192115414471	0.3483937391018799	350368.3529918484	0.1213781974453887	753.3247631911914	0.9463374347607214	567498.1988370647	0.8955545404295027	634.603814370977	-0.8144434323100995	0.6633181044330556	402722.0012141935	651.1246164637083	502.9174278660825	1.063825	23.784424	0.1784387318535694	0.1293995299664964	0.0323768733	0.0092572407	-0.0415914449	-0.0131344478	-0.0510554737	-0.0082991712	-0.0322995583	-0.0725066123	0.143415008	0.0247019834	0.0354693831	-0.0563202595	0.0414507478	0.0746972141	-0.1186405213	-0.0299738465	0.089703296	-0.0369653926	0.0248190478	-0.1370948746	0.0712352929	-0.1215910036	-0.0046730373	-0.0115291465	-0.0001616058	0.0269415391	-0.0227642626	0.0144199332	-0.0351385909	0.0387346161	0.0694147904	0.0550663804	0.0433630348	0.0265796103	-0.1590116134	0.0849147485	0.0427467145	0.0502354699	0.0141467583	0.0339449858	-0.0934841992	0.025381333	0.0601957155	0.0607459637	-0.0334679825	-0.126251862	-0.0697954561	-0.0806789707	-0.0179735311	-0.0738193949	-0.0307181649	0.1446407901	-0.0807041347	-0.0032031031	-0.1410735819	-0.0211980115	0.0550498923	0.1207173207	0.0384417035	-0.0140659956	-0.0749943865	-0.0359262796	-0.0292971321	0.0485442017	0.0933978294	0.0386666011	-0.011852267	-0.0755223269	-0.0972366274	0.0405673257	0.0041299948	-0.0990077838	0.003447137	0.0299930602	0.0638806393	-0.1198843349	-0.0274527926	0.061566417	-0.1553868748	-0.040321647	0.0176981759	0.0261819753	0.0318707275	-0.1585338363	-0.0541905618	-0.1279822306	0.0422271368	-0.1417351904	-0.0200075008	-0.1226065366	-0.0808244787	-0.0242213537	-0.0131708848	0.1851188652	0.026773054	0.0349070707	-0.1007149919	-0.0346037912	0.0014626518	0.0716720858	0.0412810753	-0.0215695448	0.024046482	-0.1204512779	-0.0104949628	-0.1419673967	0.0290382105	-0.1425882824	0.1428410033	0.0405808645	-0.0123714031	0.0249174728	0.0041166795	-0.1205352787	0.02135778	0.0558761618	-0.0460309817	0.0800822583	-0.0332269434	0.0644167155	-0.0040776058	-0.0017965638	-0.0262719369	0.0275233135	0.092845289	0.0717224597	0.0400031891	0.0	0.0185210890561933	0.0044572223890782	0.0003430307398274	1.986683142569998e-05	-0.0122843627740678	0.0128283428619511	0.0001645663805837	0.0001509055687649	-0.0512963317337522	-0.1249452900589033	0.0156113255079034	0.0026313136493391	0.000901003770528	-6.0013026466e-06	8.118077945056729e-07	3.6015633456088166e-11	0.000203982076816	0.000187241017022	4.160868766216853e-08	3.5059198455436685e-08	-4.009192386737238e-05	0.0005309152112041	1.6073623593871831e-09	2.8187096148792344e-07	0.0	0.0	0.0	0.0	0.0	0.0	0.0	0.0	0.0	0.0	0.0
591.703332666692	-0.2158788747551625	350112.8338888699	0.0466036885655551	751.0114853095217	-2.313277881669705	564018.251066814	5.35125455782228	635.1703384687315	0.5665240977544954	0.320949553336545	403441.35887048295	651.6072852152575	504.5221591832345	1.072516	23.978733	0.1777283040786175	0.1038161436018017	0.024040682	0.0140637362	-0.0222522972	0.0485833288	-0.0238972967	0.0220857545	-0.0032719541	0.1443351194	-0.0564273602	0.0266743205	0.0278101454	-0.0312145364	0.0332000438	-0.0311073029	0.0296848563	0.0875238529	0.0277827855	0.1224679179	-0.0139333409	-0.0028725798	0.0551718659	0.0959534903	-0.0268799766	0.1456170803	-0.0916968263	0.1305626657	-0.0214554159	-0.1260323601	-0.0694820037	0.0831609674	-0.0098043808	0.0488605624	-0.0714431939	0.0692730612	-0.0523261246	0.048113008	-0.0114464011	-0.0344510512	-0.0205425385	-0.0292866187	-0.0705581335	0.004240797	0.1164124606	-0.0417303932	0.0226555472	-0.0606881202	-0.0216149501	-0.0745082679	-0.1324638549	-0.0890609837	0.0383750771	-0.1460862766	0.0255227214	-0.1535713796	0.0046573976	0.0523235404	0.0951220652	-0.036951768	0.0220677462	-0.0408461616	0.0085213735	-0.0057655785	0.0430375322	-0.0664858867	-0.058017813	-0.1111374899	0.0137389918	-0.0526401968	0.0337935908	-0.036866158	-0.114426452	0.0213211621	-0.0987322434	-0.0652968	-0.1088217547	-0.0538190278	-0.0297499331	0.0413843784	-0.0221325808	0.0238377466	-0.0826680651	0.0234399963	0.0469179533	-0.0327034368	0.0027681841	-0.0929823321	0.0352811616	-0.032502404	-0.1165341165	-0.0282374254	0.0082640804	0.0517123162	0.0271995787	0.0012606983	0.1371259405	0.0514692026	-0.0644990515	-0.1103024119	0.0781525136	-0.0653567542	0.0322263836	-0.0006893969	0.0022795705	-0.093209192	-0.0030202978	0.0819157842	0.1509721963	-0.021190901	0.0441058226	-0.0134137117	0.1162681155	0.0739012342	0.0350530959	-0.1014553882	0.0325906078	0.0878079132	0.0578335916	0.0466946435	0.0382219998	0.0415881238	-0.0704696801	0.006202796	-0.0377176908	-0.0665076062	0.0922367566	0.0694755299	0.0356063828	0.0	0.0069090114857175	-0.0116120775704758	4.7734439709776335e-05	0.0001348403455027	0.0038716767587061	0.0161560395327739	0.0002610176133845	1.498988092390497e-05	0.0505181467669757	0.1018144785007278	0.0103661880323751	0.0025520831527696	0.0012880165340383	0.0003870127635103	1.6589865919560354e-06	1.4977887911987945e-07	0.0007789737274608	0.0005749916506448	6.068000680741728e-07	3.306153983112318e-07	-4.100167920507102e-05	-9.09755337698639e-07	1.6811376976355532e-09	8.276547744711648e-13	0.0	0.0	0.0	0.0	0.0	0.0	0.0	0.0	0.0	0.0	0.0
591.3701792894661	-0.3331533772258126	349718.6889528553	0.1109911727569646	752.8323319304534	1.8208466209316607	566756.5199998444	3.3154824169582486	634.6211841511276	-0.5491543176038931	0.3015704645429975	402744.04737337946	651.873556816192	499.3229811986287	1.053726	23.55863	0.068223961166835	0.0352492453581274	0.0077074949	-0.000232307	-0.0240622421	0.0196878955	0.0036839685	-0.0045629421	0.0054200151	-0.0479478436	0.0311779618	-0.0922044283	0.0274730034	-0.0269263931	-0.0078308499	-0.0267407617	0.0368276307	0.1140295995	0.0831682361	-0.0598137772	-0.0441892347	0.1368796452	-0.0030696487	0.0309597364	0.1048272781	0.0849663166	-0.0519276895	0.0034073941	-0.0626380967	-0.0450959463	-0.0277578806	0.0911084472	-0.0201524455	-0.0327391631	-0.0282917367	0.0669896319	-0.155974753	-0.0228111192	-0.1463552523	0.0126227993	0.0189819354	0.0386642117	-0.0618102382	-0.1165263904	0.0277972188	-0.054139889	-0.0585442213	-0.0618399432	0.0325505277	0.0429671119	-0.0443996413	0.0089567012	-0.0470795562	0.0721907532	-0.0285734869	0.1004589766	-0.0004940451	-0.1292733568	0.0793694677	0.1093008922	0.0284225824	-0.0112847717	0.0052818592	0.0481900275	0.0121551231	-0.0146611681	-0.0172279742	0.0580694022	-0.0315337553	-0.0227113372	-0.0772796	0.0702191879	-0.0292233028	-0.0156200181	-0.0773886646	-0.0021597489	-0.0874597566	-0.1260327575	-0.0530435848	0.2125852436	-0.1522400144	-0.02680432	-0.0723848649	-0.0597214486	-0.0658721936	0.011016853	-0.0261301956	-0.1086847591	0.0561682619	-0.1121394	-0.0367123776	-0.0684007217	0.0706087079	-0.0429438743	0.0263337192	-0.1018803797	-0.0135133014	-0.0284355061	0.0737620892	0.0558115702	-0.0505942968	0.0232489602	0.0108940301	0.0087142433	0.0205845446	-0.0965294853	0.0014827134	-0.1308429312	0.042895857	-0.0706101679	0.0944994312	0.049133453	-0.0298348393	0.0340326411	0.0480697902	-0.0230665028	0.0210960973	0.0768246559	-0.041963312	0.0770094918	-0.0170719703	0.0366507864	0.004072556	0.0202616975	-0.0865883865	0.0659432448	0.0916052369	0.0671593453	0.031129725	0.0	0.0156014986163199	0.0086924871306024	0.000243406759075	7.555933251568834e-05	-0.0236741192578904	-0.0275457960165965	0.0007587708781879	0.0005604639226368	0.0615680991471521	0.0110499523801763	0.0001221014476041	0.0037906308325935	0.0011400104189533	-0.000148006115085	1.2996237553220785e-06	2.1905810102554306e-08	0.0005089769241302	-0.0002699968033306	2.590575092970393e-07	7.289827380874272e-08	-4.029008483147573e-05	7.115943735952913e-07	1.6232909357275103e-09	5.06366552532475e-13	0.0	0.0	0.0	0.0	0.0	0.0	0.0	0.0	0.0	0.0	0.0
590.8445848308564	-0.525594458609703	349097.3234239471	0.2762495349212268	750.5482714007999	-2.284060529653516	563322.7077027288	5.216932503121099	635.3995118531042	0.7783277019765364	0.6057940116640761	403732.5396631631	651.4013841359335	500.6630939154597	1.000737	22.373936	0.1322765440106412	0.0596591748764692	0.007116749	-0.0013797689	-0.0042912144	0.0441772848	-0.0153620142	0.0131448937	0.021257191	0.0848645638	-0.0314564248	0.0260507304	0.015215662	0.0050055227	-0.0104152426	-0.0618184658	0.0074213583	0.0760770224	0.0257635773	0.0011641748	-0.033774992	0.0384436778	-0.076775818	-0.0113924397	-0.0356072165	-0.0186268793	-0.097469541	0.0086660833	0.0501469176	-0.0674189677	0.0416177139	0.0747496183	0.128064511	-0.0607328536	-0.1010977605	-0.0989049305	-0.0366665019	-0.0259671981	-0.0309603456	0.0396049698	-0.0744544604	-0.0472232339	-0.0149773293	0.0657987563	0.1094518096	0.0375048999	-0.0360862884	-0.0161614097	-0.000593997	0.024401377	0.1111725326	-0.0449200283	-0.0297473675	-0.0868365299	0.0357391058	0.0965708495	-0.0236387367	-0.1428005606	0.0714206819	0.0880547887	0.0042522056	-0.0285007475	0.0342212649	0.0197705996	0.0179886143	-0.0551495275	-0.0182552786	-0.054253262	0.0521342164	0.0650403831	0.0031133599	-0.040727229	-0.0773134119	-0.0309817482	-0.0702144455	-0.0962629891	-0.0057913979	-0.0138940937	-0.0225293436	0.059360678	-0.0087546165	0.0946924751	-0.0347657563	0.0230271267	-0.0783419731	-0.0103980861	-0.1935018368	-0.0367609539	0.0372714466	0.0328069244	-0.039860825	-0.0095497733	-0.0225105868	-0.0211605501	0.0713680054	0.0279224309	0.0615397955	-0.0504249902	0.0958123938	0.0625789015	-0.0045831099	0.030550474	0.0127919446	0.0210610932	-0.0026123708	-0.0523719149	-0.0129752203	0.0587115107	0.1675185677	-0.0459033768	0.0094674859	-0.0230496828	0.0697122206	0.0525601457	0.0543185893	-0.0726366885	0.0365671662	0.1059071076	0.0491182067	0.0385118699	-0.0473319937	0.0655472104	-0.0533123573	-0.0198600739	-0.072736729	-0.0267347148	0.0909508872	0.0647762149	0.0265832553	0.0	-0.020808365956725	-0.0364098645730449	0.0004329880937889	0.0013256782382274	-0.0016376643907989	0.0220364548670915	0.0004856053431093	2.681944656890732e-06	0.0983157682086357	0.0367476690614836	0.0013503911814523	0.0096659902784541	0.0014111050871333	0.00027109466818	1.9912175669334787e-06	7.349231911562443e-08	0.0007388022295133	0.0002298253053831	5.458287343338228e-07	5.2819670994435176e-08	-0.0002810212214488	-0.0002407311366173	7.897292690457549e-08	5.795148013706885e-08	0.0	0.0	0.0	0.0	0.0	0.0	0.0	0.0	0.0	0.0	0.0
590.4472496778803	-0.3973351529760975	348627.95465217315	0.1578752237905388	751.9729153328417	1.4246439320418176	565463.2653941731	2.029610333103571	634.2493700711233	-1.150141781980892	1.322826118658182	402272.2634356167	651.0160641190953	496.4786921384042	0.993048	22.202013	0.1110231244494689	0.0561435707656929	0.0023394829	-0.0088531435	-0.0194003069	0.0349630217	0.0257626639	0.0138056668	0.0244441138	-0.0017598056	-0.0066407373	-0.047170519	0.0250030667	-0.0555176972	0.0066906864	-0.0497433025	-0.0033487134	0.0137510344	0.0149813755	-0.0845807989	-0.0722618819	0.0568027132	-0.040305108	0.0441323846	0.1384172672	0.0656643779	0.0219554953	-0.0362242439	0.0444186764	-0.0191548416	0.1284074891	0.0696581248	0.1471477706	-0.0385614719	0.1305077042	0.0491141607	-0.1361212522	0.1470250424	-0.0826165102	-0.0851733024	0.0158531803	-0.0682345155	0.0524691907	-0.1226141151	0.0498008503	0.0206340765	-0.0313939781	0.0142055111	-0.0797651325	-0.0749864228	-0.0345545472	0.0982482913	-0.0937631834	0.1266137925	0.1291832898	0.0214832381	-0.0188185329	0.0280504182	-0.1722399194	0.0644510334	0.0164311081	-0.039772765	0.0065461114	0.0329900357	-0.0229816973	0.0045945914	-0.034223323	0.0427738293	0.0312599101	0.0064547674	-0.074579775	0.0939724049	-0.0235623412	-0.0135251865	-0.0735102391	0.0214929642	-0.0757540653	-0.1548053629	-0.1282969296	0.051790909	-0.0417366478	-0.0429981939	-0.0634119142	0.1155106262	-0.0977011647	-0.006342922	-0.1401552154	-0.1068428229	-0.085675265	-0.0988318942	-0.0030417131	0.0297065377	-0.013016801	-0.003850536	-0.0095659697	0.0101780001	-0.1613493893	-0.0575204526	0.0433101177	0.0337691254	-0.1256762525	-0.0418446682	0.0086829085	0.0249241129	0.0081676936	-0.0574297009	-0.0208489	-0.1042288621	0.0668519359	-0.0110492895	0.1106257923	0.0748610945	-0.0084680972	0.0311073621	0.0275558855	-0.0040814423	-0.0007139609	0.0876237015	-0.0275419041	0.0735879618	-0.0537892177	0.0667647194	-0.0036597269	0.0532362929	-0.0190224208	0.0395363922	0.0902738707	0.0623285141	0.0219771695	0.0	-0.0125356034931627	0.0082727624635623	0.0001571413549377	6.843859877852539e-05	-0.0279340148736366	-0.0262963504828377	0.0006914980487162	0.0007803091869605	0.0605545095834543	-0.0377612586251814	0.0014259126529578	0.0036668486308926	0.001664974811905	0.0002538697247717	2.7721411242780904e-06	6.44498371556587e-08	0.0009300406197796	0.0001912383902663	8.649755544400224e-07	3.657212191164567e-08	4.772572107094989e-05	0.0003287469425197	2.27774445174211e-09	1.0807455221608375e-07	0.0	0.0	0.0	0.0	0.0	0.0	0.0	0.0	0.0	0.0	0.0
591.074472208116	0.6272225302357128	349369.03169610293	0.3934081024352897	749.2381279656502	-2.734787367191529	561357.7723974719	7.479061943750377	635.2679625697106	1.0185924985872816	1.0375306781782814	403565.3842674712	651.2321006540951	500.9303579441985	1.031361	23.058613	0.1785698156948286	0.0940916851424807	-0.0006448882	-0.0160282682	0.0059702111	0.0073757079	-0.063945504	-0.0146966582	-0.0021064845	0.0598799321	-0.0693795983	0.0623396575	0.0122056546	0.0084003883	0.031457235	-0.0552302195	-0.0089826502	0.0807153592	-0.0240426987	0.0600274554	-0.0479585579	-0.0197542889	-0.0654660289	0.0439483079	-0.029952646	0.0497374955	0.0663967875	-0.0302193808	-0.0526581321	-0.0389792076	0.0256750609	0.0824615685	0.033009151	0.0288341084	0.0737017714	0.0409218709	-0.0762548191	-0.01326103	-0.0331156651	0.021112888	-0.0132214498	-0.1795370392	0.0832786666	0.0188175134	-0.0701209998	-0.0950627921	0.090905233	-0.0341623093	0.0335971844	0.0214757305	0.0120563249	0.0680205446	0.0644368577	-0.1574823885	0.0778876305	0.013051871	0.0119193934	-0.0658711016	0.1375564964	-0.0537491392	-0.0023890271	-0.0211445686	0.0027985909	-0.0169205913	0.0046873823	-0.0405791184	0.0298787444	-0.0095037063	0.1083313513	0.0622109668	0.0346046806	-0.0256594321	-0.082476112	-0.0514971894	-0.1182119912	-0.1021905636	-0.0835054494	-0.0706770752	-0.0114503604	-0.0085173342	-0.0394388341	-0.0612406673	-0.0384794678	0.029535212	-0.0198748149	0.0878484778	-0.0293423204	-0.0483480407	0.0724223736	0.0313918798	0.0893715295	-0.0200450101	0.0510242081	-0.1410135745	0.0091229762	-0.1563387362	-0.071598653	0.127921627	0.048079467	-0.0071226533	-0.0378704024	-0.0919074522	0.007031561	0.0157197842	0.0034566808	-0.011256352	-0.0064744052	0.06132823	0.1793190591	-0.0996549451	0.0287298143	-0.0515858464	0.0331557689	0.0618832234	0.0150979033	-0.0524194825	0.0546079977	0.0779005831	0.0406188128	-0.0539339892	-0.0710752112	0.0463105607	-0.1639680913	0.0183927685	-0.0957802408	-0.0006496766	0.0895743561	0.0598186829	0.0173217973	0.0	-0.0205413989088754	-0.0080057954157127	0.0004219490691335	6.409276023824651e-05	-0.0052812608668659	0.0226527540067707	0.0005131472640912	2.789171634388916e-05	0.129658916113307	0.0691044065298527	0.0047754190018431	0.0168114345276775	0.0011380913414944	-0.0005268834704106	1.2952519015845228e-06	2.7760619139191776e-07	0.0003927359582782	-0.0005373046615013	1.5424153292469608e-07	2.88696299271134e-07	-0.0004642233418669	-0.0005119490629378	2.1550331113407278e-07	2.6209184304294256e-07	0.0	0.0	0.0	0.0	0.0	0.0	0.0	0.0	0.0	0.0	0.0
591.2859821447752	0.2115099366591266	349619.1126809114	0.0447364533055477	754.9830455226028	5.7449175569526005	569999.3990265845	33.00407773618224	634.9011974214758	-0.3667651482347764	0.1345166739596775	403099.53048722376	651.8962903908205	495.1820878062332	1.040253	23.257406	0.0682378893270202	0.0353026880431684	-0.0101754227	-0.0265112717	-0.0015684363	0.0451811585	0.0914720178	-0.0150244758	0.0201626206	0.0735981233	-0.0013452021	-0.0861466029	0.0048989599	-0.0249429095	-0.0009434576	-0.0709221485	0.0960077204	0.0820200644	-0.0090323224	-0.1075805272	-0.0076472323	-0.0733391826	-0.162480868	-0.0850468399	0.1029728107	0.0417003142	0.0161636634	-0.0942732636	0.071661079	-0.0964570916	0.0546799495	0.0361216466	-0.0252565761	0.0048988493	0.0883842978	-0.0827394013	-0.0147134556	0.0960662108	-0.081470955	0.0054255903	-0.0451280047	0.0454236061	-0.2172023765	-0.096645349	-0.0631576416	0.0746714737	0.0552073754	0.0530854494	-0.0915429287	-0.1249511948	0.043293008	0.1029875963	0.0028352499	-0.0447447916	0.0120527344	-0.0158252644	-0.1522041635	0.1409748345	0.0290385865	-0.1751979966	0.0009862656	-0.0381841929	0.0373951441	0.0278830807	0.016332511	0.0057617516	-0.1134674324	0.1123823399	0.078032945	-0.0175691563	0.0206288576	0.0665443679	-0.085851768	-0.0905018537	-0.076106199	-0.0322430733	0.0721453935	-0.0999190242	-0.0611840268	0.1062385381	0.012397491	-0.0192291947	-0.0598092188	0.1482624681	-0.0200387062	4.23316e-05	-0.0058782712	-0.0371562141	0.0202796994	-0.0869325777	0.0943904012	0.0176744419	0.0635777418	-0.0140865198	0.0879943951	-0.0137142162	0.0675832322	-0.1320881601	0.0419534129	0.0742984783	0.0797647495	0.1195046565	-0.0063418201	0.0307015033	0.0117727646	-0.0224065861	-0.0055691143	-0.0588638799	0.1240457135	0.0738391173	0.1213667441	0.0841887333	-0.0111479704	0.0411269916	0.0042871164	-0.0334775023	0.0179501093	0.0495075999	-0.0147512688	-0.0099301497	-0.1033237105	0.0089444955	-0.0514149976	0.0354653614	0.0068003041	-0.0148959529	0.0888525176	0.0572492232	0.012627579	0.0	-0.0117534010988435	0.0087879978100319	0.0001381424373902	7.72289055091255e-05	-0.0235774561869703	-0.0182961953201044	0.0003347507631914	0.0005558964402485	0.1156381621649131	-0.0140207539483938	0.0001965815412814	0.0133721845488787	0.0015016288311263	0.0003635374896319	2.2548891464697382e-06	1.3215950636786386e-07	0.0005711516074295	0.0001784156491513	3.262141586693017e-07	3.1832143862079785e-08	-0.0004649290480535	-7.057061865999611e-07	2.161590197239337e-07	4.980212218054592e-13	0.0	0.0	0.0	0.0	0.0	0.0	0.0	0.0	0.0	0.0	0.0
591.2844647322612	-0.0015174125139765	349617.31823371665	2.302540737572554e-06	746.8059716442314	-8.177073878371402	557719.1592834844	66.86453721234393	634.7880778282694	-0.1131195932064201	0.0127960423671859	402955.903752909	650.0018118642258	496.9513180939078	1.071082	23.946663	0.1113363590053063	0.0747587354511737	-0.0063238596	-0.0325253604	0.0446614618	0.0212414611	-0.0858747335	0.0591432629	-0.0931134821	0.0154037778	0.0519039012	0.1011204346	-0.0141042097	-0.0373711478	0.0661588068	0.0356348389	-0.035883662	0.0754576557	0.0053373243	-0.0349056163	0.0561530557	-0.0548826731	0.0261943343	-0.0529651103	-0.0380275842	0.1972589551	-0.0686420257	-0.1140938905	-0.007275977	-0.0567270925	-0.0049564323	0.1061177692	0.0012111446	0.1119515758	-0.0544970052	0.0280213551	-0.0165845561	-0.0275301924	0.1536500597	-0.0926401788	-0.0046755422	-0.0193499553	0.0467359179	0.032915411	-0.0032555952	0.0904179931	-0.0495321903	0.1266278099	0.0882117212	-0.0823472149	0.0099591434	-0.0426938828	0.0399920332	-0.007994815	-0.060704042	0.063729017	-0.0060757341	-0.0486667949	-0.0289558632	-0.1160903022	-0.0323508195	-0.0392818657	-0.065738857	-0.0503876198	0.0726049768	-0.0117172633	0.0584726233	-0.0170235982	0.0425211755	0.0508725326	-0.0427431625	-0.0495162955	0.0477883099	-0.0461197503	-0.1749531093	-0.0891815345	-0.0506242952	-0.1361996872	-0.0094576325	-0.0729120332	-0.0431802753	0.0010146408	0.0466783635	0.1522772221	0.0643835108	-0.0527121732	-0.0640617131	-0.0648880611	0.0447459194	0.1079054807	-0.0355058179	-0.0248617493	0.1496213342	-0.0142436136	0.0108130776	0.0584058433	0.0610050806	0.0297702554	0.0243187926	-0.1772480931	0.0320191114	-0.0154765748	-0.0024948058	0.0295137714	0.0242774444	0.0030286882	-0.1252095254	-0.0487335272	0.1283307504	-0.1275410047	0.0824205473	0.0849494917	-0.0584454366	-0.0170651188	0.0632661536	-0.0738528201	0.0722751531	0.0800524625	0.0397689121	-0.1254962276	-0.0112071467	-0.0415183202	-0.0477704043	-0.1392264334	0.0238495912	-0.0277978269	0.0881085353	0.0546226962	0.0079050419	0.0	-0.0096906944348376	0.0020627066640059	9.390955862939244e-05	4.2547587817343485e-06	-0.0885715816336443	-0.064994125446674	0.0042242363425779	0.0078449250730853	0.1158578419251696	0.0002196797602564	4.8259197066352024e-08	0.0134230395355575	0.0021120730983716	0.0006104442672452	4.46085277286501e-06	3.726422034126511e-07	0.0003010094478159	-0.0002701421596136	9.060668767443305e-08	7.297678640069976e-08	-0.000464318532225	6.105158284999863e-07	2.1559169936757837e-07	3.727295768490248e-13	0.0	0.0	0.0	0.0	0.0	0.0	0.0	0.0	0.0	0.0	0.0
592.7987951589934	1.5143304267321582	351410.41154195415	2.293196641326801	753.3700351952517	6.564063551020354	567566.4099300948	43.08693030183394	636.1103137514126	1.3222359231432392	1.748307836450454	404636.33126092056	652.3597104334141	498.188847921048	1.158466	25.900343	0.3758693692973427	0.2205195768704037	-0.0620307608	-0.0667868126	0.0501139012	0.0558929546	0.0782404401	-0.0605466068	-0.0111517563	0.0367331624	0.0676295579	0.01104034	-0.061955804	0.0678975998	0.0330099003	-0.0406376112	0.0393933678	0.0156347445	-0.0282452796	0.0694456798	0.0057645807	0.0279977043	0.0425460914	0.006215192	-0.1487426674	0.1107030003	0.0544741957	0.1100016764	0.031246432	-0.0960415789	-0.0847039981	0.1002534429	0.0235247273	0.1161675313	-0.1023526132	-0.0952423419	0.153310128	-0.0329410415	0.1149008742	-0.1149251079	0.0548795109	-0.0036360418	0.0209096228	-0.0459636691	0.0685343078	-0.1218975981	-0.0210960878	-0.0941996515	-0.1313946305	-0.0064307777	-0.0487804337	-0.011664855	-0.0613357495	0.0139983232	0.0105262929	-0.0526209053	0.0627872884	0.047246812	-0.0602255636	0.0340912177	-0.067908221	-0.0053323492	0.0740418792	-0.053087056	-0.042707731	0.0608528093	-0.0728997048	-0.0586983371	-0.1275863956	-0.1115389197	0.0788244209	-0.0474158427	-0.0550696803	0.0837965295	-0.1915286721	0.0128094976	-0.0653521007	0.0552049553	-0.0468086638	-0.1724412891	0.0627619216	-0.0212128649	0.0251177287	0.0393811035	0.1305520796	-0.0561044578	-0.0137326362	-0.0738634487	0.0106125426	0.0767363512	-0.1585314915	-0.0359169619	-0.0481234882	-0.1726652868	0.0830764012	0.0893253312	0.0461823018	0.0142124749	0.0470647576	-0.0215210395	-0.0362529055	-0.0682447303	-0.0764072169	0.029464229	0.0606360444	-0.0397804733	0.1237961924	0.0221028765	0.0618613955	0.0946720053	0.1102523367	0.0410763956	0.0534512557	-0.0378199556	0.0665065838	-0.0319195765	0.0248516881	-0.1623270766	0.019955424	0.0302032794	-0.1018007799	-0.0594838683	-0.0490039596	0.0487891229	-0.014144833	-0.0287483979	0.0873425944	0.05194172	0.0031647768	0.0	0.0508724480255153	0.0605631424603528	0.0025880059681087	0.003667894224673	0.0211128882754394	0.1096844699090837	0.0120306829392366	0.0004457540513311	0.2811917746448458	0.1653339327196762	0.0273353093085544	0.0790688141279177	0.0013495804092079	-0.0007624926891636	1.8213672809177629e-06	5.813951010280907e-07	0.0003441869648412	4.31775170253e-05	1.1846466676659746e-07	1.8642979764700712e-09	-0.0004642322542494	8.627797560000231e-08	2.1551158588547957e-07	7.443889073634594e-15	0.0	0.0	0.0	0.0	0.0	0.0	0.0	0.0	0.0	0.0	0.0
594.9387957548444	2.1400005958510064	353952.1706942244	4.579602550242663	751.6117340974293	-1.7583010978223683	564920.1988329449	3.091622750603346	638.6052370371309	2.494923285718301	6.2246422016194005	407816.64877125015	654.3166480511173	499.1378485752128	1.434212	32.065319	0.543291711025406	0.4007627245328438	-0.1751979346	-0.0855333725	0.1731554733	0.0016204974	0.0030640582	-0.201224956	0.073353024	0.0625255594	0.1577358045	0.0593641329	-0.174757968	0.1985223875	0.08575658	0.0725772908	0.0445389627	-0.0562427682	0.0333061299	-0.0378829684	-0.0401306621	-0.0314149825	0.0284560829	0.056086708	-0.0602825561	-0.033985269	0.1041368056	-0.042857466	-0.024080164	-0.0448908961	0.0481669989	-0.0099768023	-0.1095768688	0.1027441009	0.0460142218	0.017304423	-0.0936473778	-0.0280233239	0.1069083256	0.0905501718	-0.0531275279	0.1038303798	-0.037566586	-0.025537998	0.0119279204	-0.001523873	-0.0148917395	-0.0785698397	-0.0786731913	-0.0713047307	-0.0511874518	-0.0341119085	0.0295796422	-0.1073447865	0.0739885035	0.1175690978	-0.0346327507	-0.0071509238	-0.0231463896	0.14033471	-0.1832876942	0.0817274536	0.105224599	-0.1319376011	-0.0672815996	-0.0137010753	0.0956969165	0.048556208	-0.0175632037	-0.112847805	0.030691001	-0.0026360646	0.0835610727	-0.0251004944	0.0277535923	-0.0683311719	0.0217202091	0.1093064294	0.0174534372	0.046023159	0.0086356099	-0.1459216508	0.0115306734	-0.1572426036	0.0624718796	0.013219361	-0.0155476292	-0.1758598589	-0.0815799655	-0.0088341615	-0.0031782942	-0.0536130101	0.0280130412	-0.0889202957	-0.074433929	0.0577398101	0.1214156483	-0.1000556296	0.0567644538	-0.0544995372	0.0223754072	0.1306575785	-0.1983061454	-0.019725336	0.0977508486	-0.0244671852	0.2906931242	0.1900001264	-0.1830915658	-0.0729624708	0.0840254636	-0.153231847	-0.0609005269	0.0853288566	-0.1676867525	-0.0088853326	0.1812795419	-0.1385664478	0.2536260903	0.0373934486	-0.1525484945	-0.2206932913	-0.015977983	-0.0132329097	-0.1226764863	-0.0331046141	0.0865548859	0.0492089673	-0.0015825856	0.0	0.1370119635009388	0.0861395154754235	0.0187722781423825	0.0074200161263407	0.0650354215339064	0.043922533258467	0.0019291889278411	0.0042296060540928	0.6719327200920162	0.3907409454471704	0.1526784864489486	0.4514935803302558	0.0015066440056898	0.0001570635964819	2.2699761598810065e-06	2.466897333982916e-08	0.0006361505202963	0.0002919635554551	4.0468748447325323e-07	8.524271771398327e-08	-0.0004649794391993	-7.471849499000112e-07	2.1620587887809558e-07	5.582853493570822e-13	0.0	1.0	0.0	0.0	0.0	0.0	0.0	0.0	0.0	0.0	0.0
593.6230832039961	-1.315712550848275	352388.3649126185	1.7310995164596743	740.6011032800951	-11.010630817334231	548489.9941796941	121.23399099563028	638.3188380595274	-0.2863989776035396	0.0820243743723527	407450.93902166514	652.6450442520479	489.48220527938935	1.19983	26.825151	0.5395728069336043	0.3030883318437293	-0.1845149574	-0.1341773257	0.1989969231	-0.0645294885	-0.0505612902	-0.0612535766	-0.0522597395	0.0389424042	-0.2413118528	0.0126859545	-0.1681882598	0.1647207844	0.1386139692	0.0091074479	0.0556650399	-0.0893927653	-0.0037370971	0.0620587022	0.0818610663	-0.0037262414	-0.1022648081	0.0271067688	-0.0062352104	0.0004936525	-0.1160679551	-0.0532437531	0.0246337703	0.0821795624	0.1298338405	-0.0028491282	-0.0999138584	0.0740686828	0.0075532877	0.0459152698	0.0204102067	-0.0806412155	0.0368662161	-0.0329822472	0.0510716242	-0.0533178232	-0.088940804	0.0394916515	-0.0187264913	0.0474509792	-0.0260781514	0.013759856	-0.058302053	-0.0519664621	0.0149212927	-0.0776681013	0.0375033369	-0.0110499274	-0.0395569147	-0.1131268292	0.0576411235	-0.0757092752	0.0638595207	-0.0495402712	-0.2074538448	0.0198254724	0.0886391737	-0.216994366	-0.0884752191	-0.0430288192	-0.0479542943	-0.050571145	0.0996293005	0.04731574	-0.0251192946	0.0416624353	0.0800654962	0.072284298	0.113840997	9.34414e-05	0.1017220587	0.0642747338	0.0079711093	0.132963923	0.0713713183	-0.0210830868	-0.0446640454	-0.0512753444	-0.1136268679	-0.0136631083	-0.0697127624	-0.0165277265	0.0676659531	0.0169629068	0.0827688513	0.0081446052	0.0851276519	0.0901324432	0.105795695	0.152187543	-0.0371429522	-0.0525355526	-0.007497965	-0.1033815791	0.0318681383	-0.0120132003	-0.2226362202	0.0024671735	0.0965599825	-0.209585276	0.0781932689	0.0544542188	-0.1094604181	0.0792415686	0.0460971318	0.0021625154	0.0615937249	0.0102481705	0.0934328866	-0.0597866944	-0.1093991135	0.1417025294	0.2559111231	0.0047909755	-0.0821608143	-0.1329020102	0.1918117452	-0.094907616	0.0968036807	0.0464252045	0.0857456062	0.046427162	-0.0063263989	0.0	0.1562915168836411	0.0192795533827022	0.0244270382497894	0.0003717011786364	-0.1494800056907195	-0.2145154272246259	0.0460168685173637	0.0223442721012975	0.572769725659505	-0.0991629944325112	0.0098332994648222	0.3280651586320646	0.0042793002580592	0.0027726562523693	1.8312410698625533e-05	7.687622693803124e-06	0.0011617947646334	0.0005256442443371	1.3497670751295777e-06	2.763018716047209e-07	0.0003690167019695	0.0008339961411688	1.361733263324468e-07	6.95549563484449e-07	0.0	0.0	1.0	0.0	0.0	0.0	0.0	0.0	0.0	0.0	0.0
590.8983030836994	-2.724780120296714	349160.80458719545	7.4244267039641745	748.8802471873177	8.279143907222533	560821.624627338	68.5442238365	633.2965071576197	-5.022330901907708	25.22380768825709	401064.465978041	649.7901501761181	501.80849066672965	1.768704	39.54372	0.6788111898233415	0.3730226262033447	-0.0336010306	-0.0376952181	-0.0026061096	-0.028836807	0.0516037671	0.1523920044	-0.1288176288	-0.1635440784	0.0230348216	-0.019690677	-0.0619340786	-0.0972302839	0.0667849895	0.1244940878	-0.1972535617	-0.0407627208	0.0714407488	-0.0439787024	0.0812142783	0.1073923026	-0.0360735806	0.1054008814	0.1576713801	0.0766552522	0.1333522788	-0.1014174346	0.0117287065	-0.1959471471	-0.1623994651	0.0393231551	0.1442546197	0.1293892567	0.0193937201	0.0370806465	0.0119474009	-0.1983468384	0.1109833412	-0.0114291475	-0.1303991419	-0.0402367834	-0.0537052626	-0.0635093836	-0.1784689361	-0.0119826509	-0.0965231279	0.0338015738	-0.0842489814	0.0283437556	-0.0764330076	-0.0013832098	-0.0803955456	-0.10931879	-0.132790907	-0.0215684196	0.0936665066	0.0477009894	-0.0324871281	-0.010647312	-0.0271977839	-0.0183836895	-0.1221511948	0.0258635213	0.123411199	0.1232812936	0.0401842602	0.2129258851	-0.0835380101	0.0773048726	0.2626592285	0.0088515312	0.1504023322	0.2769933891	-0.0164225306	0.0080146248	-0.155997092	-0.093363235	0.0715713301	-0.0748874371	-0.2207413986	-0.0649352649	-0.0210332238	-0.0206159247	0.2067821619	0.0372390881	-0.1506912291	-0.0886948685	0.0255923241	0.1263653408	0.1723851451	0.0062523273	-0.146330888	0.0366844253	0.1491476423	-0.0141729285	0.0271297901	-0.0843825104	-0.047082021	-0.0144835718	-0.0059525711	0.0837201978	-0.0574001215	0.0280883446	-0.0112480399	-0.237220561	-0.0124922463	-0.0961295502	-0.0887199993	0.0370388627	-0.099675091	-0.0684535807	-0.2342871336	0.221013601	0.1116952203	0.1978518991	-0.1273582844	0.0306147692	0.1107870693	0.0927843569	0.1155346864	0.0572077322	-0.030731785	-0.2121001088	-0.1487536755	0.176095332	0.0849149568	0.043599077	-0.0110560246	0.0	0.077900405537278	-0.078391111346363	0.0060684731828723	0.0061451663381178	-0.1015848747976235	0.047895130893096	0.0022939435632667	0.0103194867876488	0.2286163728298476	-0.3441533528296574	0.1184415302638946	0.0522654459258758	0.0039629818227014	-0.0003163184353577	1.570522492706171e-05	1.0005735254720647e-07	0.0030970486898742	0.0019352539252408	9.5917105874515e-06	3.745207755159924e-06	0.0022848762364554	0.0019158595344858	5.2206594159185925e-06	3.670517755880528e-06	0.0	0.0	0.0	1.0	0.0	0.0	0.0	0.0	0.0	0.0	0.0
592.4764269833604	1.5781238996610227	351028.3165309692	2.4904750426813136	753.2970446827995	4.416797495481887	567456.4375278397	19.508100116095072	634.9540234451774	1.657516287557769	2.7473602435192883	403166.6118892189	653.7028493085143	519.1465190000702	1.818072	40.647449	1.2482798718002217	0.5731406093310553	0.1181975564	0.1544031794	-0.0834965781	-0.0192113194	0.2290494446	0.3061194672	-0.0652070762	0.2415503578	0.1974050802	0.1460495365	0.1012833911	0.0297035858	-0.0534985186	0.1132158808	-0.134151331	0.0980772895	0.0473432072	-0.0236662873	0.0967170982	0.3407536516	-0.091153186	-0.0629945407	-0.0391095192	0.0986056868	-0.0150729511	0.0143297384	0.0488071053	0.0446815032	-0.0509514519	-0.1286469824	-0.0997685942	-0.2507952159	0.0300479631	0.0335117153	-0.0557896892	-0.0752351691	0.0318386546	-0.1086450418	-0.0349764328	0.0907904934	0.0225000205	0.0026137397	0.0314348355	0.037383627	0.0285691379	-0.0055219705	-0.039840056	0.0398312136	-0.1265793403	0.1214999598	-0.0005983025	0.047689331	0.0421421736	-0.0395628386	0.0878742509	-0.0395621181	0.0783870073	-0.0467776136	0.1145258412	0.1131467813	-0.0378206104	0.1470569958	0.5335897143	-0.3038563103	0.117647758	0.0421981472	-0.1739477301	0.0256026644	0.2182386914	-0.2820098448	0.0310068632	0.0732196574	-0.0171396187	0.0303162028	0.0131317874	0.1417903111	-0.074298049	0.0864565553	0.0901029596	0.0594533483	0.0037878578	0.0892536093	-0.0483062957	-0.0285224618	0.0162526229	-0.045971913	-0.0410918943	0.0194803941	0.096356506	0.0215401493	-0.0335267715	-0.0342278449	-0.0447805481	0.0249636112	-0.0680886045	-0.0094615072	-0.0560221888	-0.0445390386	-0.0555536506	0.0543051968	0.1263555125	-0.1045613537	-0.1558568349	-0.0738986529	0.0045294282	0.0454799123	-0.0832081529	0.0018016476	-0.1994062925	-0.1114186766	0.0408793766	-0.0344114736	-0.135155078	-0.0764835234	-0.0894547208	0.0485510213	-0.0109238005	0.0132726348	0.0630120345	-0.1261902105	0.0126450011	-0.2557193249	-0.2116562009	-0.1735061121	0.0840631448	0.0407275316	-0.0157608558	0.0	-0.0520460253661383	-0.1299464309034163	0.0027087887564127	0.0168860749045363	0.1816082883749601	0.2831931631725836	0.0801983676676935	0.0329815704064826	-0.2490359485991291	-0.4776523214289767	0.2281517401664904	0.062018903694668	0.0003287101858416	-0.0036342716368598	1.080503862760192e-07	1.3207930330483607e-05	0.0007480691793129	-0.0023489795105613	5.596074970378757e-07	5.517704741036804e-06	0.0034513842149392	0.0011665079784838	1.1912052999131478e-05	1.3607408638663625e-06	0.0	0.0	0.0	0.0	1.0	0.0	0.0	0.0	0.0	0.0	0.0
589.8390904641113	-2.637336519249061	347910.15263953013	6.9555439157647525	744.0513744433391	-9.245670239460424	553612.447811022	85.48241817684416	633.9540019485186	-1.00002149665886	1.0000429937798263	401897.6765865423	650.2412702245241	506.1707379260258	1.236628	27.64785	0.1649309608045672	0.0901038251925054	0.0694997333	0.1129571081	-0.1072461604	-0.1287004416	0.0820166739	0.2013252761	-0.079006078	0.0285635352	-0.1150269018	-0.0182261018	0.1135474168	-0.0013799495	-0.0928285979	0.111402555	0.0316711868	-0.0718627825	0.0803029988	-0.0792499903	0.0431195275	0.0754945502	0.0254963342	-0.1644127729	-0.0453486566	-0.0567207665	-0.0163931189	0.0736309886	-0.0142110431	0.0225841316	0.0114306909	-0.0317460707	0.0501262772	0.0627539471	-0.0267194265	-0.0457463407	-0.0409980574	0.0166769807	0.0885395231	0.0992183107	0.0596821981	-0.1232571035	-0.0483242731	-0.0541516944	0.0666831663	0.0859822521	-0.1131385866	0.0142515802	0.126894247	0.0343315417	-0.0635611744	0.1567817839	0.110670737	-0.0777956028	0.0012281179	-0.0966757437	0.1146858401	-0.0307188283	-0.1638369667	0.0906608408	0.101742833	0.0669998501	-0.035194326	0.0324104409	0.1717926868	-0.0113233051	-0.1238918283	-0.0720312503	-0.0109940481	0.0475313606	-0.0829896843	0.1138448102	0.0186337204	0.0610239654	0.035067803	0.1006286403	0.0718110108	0.1170063366	0.127825298	-0.0062435431	-0.0196679624	0.1176115457	0.0294585298	-0.0564774248	-0.1260912803	0.0156725114	-0.094771714	-0.0287152068	-0.0626499838	-0.0546237191	-0.0385483578	-0.023287957	-0.0740087367	0.0495919169	-0.0055126895	0.0652663486	0.0489337082	-0.1348479566	0.0086130337	-0.0439302423	-0.0988532312	-0.1001900427	0.1052067314	-0.0588890153	-0.1385810081	-0.0577405356	0.0071619317	-0.0532403459	-0.1760565322	0.1127315008	-0.0439280467	0.0493528716	0.0620965106	-0.0407167015	-0.0201655124	-0.0099529048	-0.0943923275	0.0129785064	-0.0331034668	0.0652926672	0.0446879526	-0.0636762746	-0.0709915275	-0.1304833274	-0.0901853187	-0.0129231815	0.0831903826	0.0378153881	-0.0204303415	0.0	-0.0742227423697414	-0.022176717003603	0.005509015484885	0.0004918067770578	0.1545089527596985	-0.0270993356152615	0.0007343739907885	0.0238730164828987	-0.2384512841667216	0.0105846644324074	0.0001120351211466	0.0568590149207586	0.0018659737625411	0.0015372635766995	3.4818580824917897e-06	2.36317930424694e-06	0.0009839169026741	0.0002358477233612	9.680924713677944e-07	5.5624148614661135e-08	0.003123090639934	-0.0003282935750052	9.753695145243364e-06	1.0777667138969493e-07	0.0	0.0	0.0	0.0	0.0	0.0	0.0	0.0	0.0	0.0	0.0
589.8541908559035	0.0151003917922025	347927.9664702727	0.000228021832278	748.0162350349901	3.964860591651018	559528.2878759216	15.720119511227258	633.2980514142498	-0.6559505342687544	0.4302711034074643	401066.4219250858	650.4148213323174	510.0071243431136	1.081186	24.17256	0.1431349040484116	0.072764923782463	0.079596978	0.1222809969	-0.1080002448	-0.0777681086	0.0285605799	0.0990889009	0.011181477	-0.0355040941	0.0151102731	0.1238823623	0.0807746432	-0.0451183395	-0.1704570477	0.0477851992	-0.0691700074	0.0710283928	0.0475293659	-0.0203649334	0.0827509788	-0.0507920882	0.1010364822	0.0960932063	0.0855272468	0.0177584949	0.0824824589	0.1344352011	-0.1739374026	0.0132803528	0.0707388725	-0.0084040349	-0.1076056546	0.0561381285	0.010940322	-0.0387191143	0.0134392948	0.0012280279	0.0896127165	-0.0258926425	-0.1729456464	0.0457900293	0.0595367379	-0.0685591268	-0.0269448646	0.1655025915	0.0148952617	-0.0416936455	-0.0270905985	0.1095042623	0.0544452962	0.0355503562	-0.0503924176	-0.0236724405	0.0784899152	0.0478183108	0.081967636	-0.0046349016	0.0593260702	-0.0663027394	0.0976237736	0.0799371677	-0.052216358	0.1139786183	0.0821213114	0.0845735672	0.0451621228	-0.0271972886	0.0337549751	0.0598838308	0.0108665026	-0.0078283047	0.0030243161	0.0422539291	-0.0764699488	0.0009941383	-0.0601729962	-0.0504657793	0.0389842584	-0.1766557386	-0.0484728091	0.0141739008	0.0312796929	-0.2676747529	0.0277494911	-0.1332460756	-0.0116346111	0.0248569887	-0.0904919288	0.0039373272	-0.1179643988	0.0084016993	0.1568920241	0.0521043117	-0.0253704888	-0.0836144079	0.0297171936	-0.0097509337	0.011168627	0.0797986554	-0.0697958398	0.045957766	0.1179391012	-0.0580336516	-0.1456002792	-0.0037252892	-0.0478416143	0.0467975685	-0.13276279	-0.0841735038	-0.1055523365	-0.0121985842	-0.0589228537	-0.086543989	0.0253092142	-0.0306313006	0.0597797281	-0.0003344588	-0.1032510376	0.1112031123	-0.0317781344	-0.2144801754	0.0983409282	0.0654917889	-0.0743097739	0.0276689719	0.0822968876	0.0348655494	-0.0250540098	0.0	-0.0834065931914835	-0.009183850821742	0.0069566597878096	8.434311591601301e-05	0.1837519755072492	0.0292430227475506	0.0008551543794137	0.0337647885028167	-0.1872652799222578	0.0511860042444637	0.0026200070305142	0.0350682850643615	0.0018422752274731	-2.369853506800005e-05	3.3939780137610623e-06	5.616205643692284e-10	0.0013922919750424	0.0004083750723683	1.938476943767467e-06	1.667701997318143e-07	0.0024847237226772	-0.0006383669172568	6.173851978034843e-06	4.075123210479502e-07	0.0	0.0	0.0	0.0	0.0	0.0	0.0	0.0	0.0	0.0	0.0
588.3332112052367	-1.5209796506668454	346135.9674070656	2.313379097742639	749.9904691450823	1.9742341100921976	562485.7038084607	3.8976003214515313	634.0458871133673	0.7478356991174451	0.5592582328744778	402014.1869653768	651.9304852786219	505.733304126918	1.061723	23.737417	0.1816686525296844	0.1069848361365226	0.0629613995	0.1048017682	-0.0876776435	-0.0390904995	0.0381492741	0.061878643	0.1003055069	0.102523266	-0.0663531849	0.0599648101	0.0851909713	0.0108749317	-0.2152474956	0.0094256677	0.0230311301	-0.0478926395	-0.0705486541	0.1115109839	0.0297819851	0.0595224363	-0.0911083043	-0.1511280214	0.0066294004	0.0588270991	-0.0328807261	0.0869558774	0.0979006528	-0.0730626183	-0.0136996497	0.1126742402	0.0066847778	0.0043498221	-0.0600822457	0.0002377611	-0.0092318206	0.1596389379	-0.0050364215	0.0925911322	-0.0222622932	-0.0560596202	0.0980084844	0.1063529583	-0.0587689903	0.1269715317	-0.1003082108	0.0054372019	0.0301564356	0.0177098846	0.0333912235	-0.0667946566	-0.0258493583	-0.0031719861	-0.01382746	-0.0174207149	0.0276339178	0.0924303235	-0.0864069277	0.0946116142	0.0803359537	0.0741909578	0.0504128729	0.1058913222	0.0296592696	0.0291305136	-0.0456732948	-0.1836712864	0.0960129118	-0.0134091324	0.0138573098	0.0482313474	-0.1018289813	-0.0016225086	0.0004354959	0.233790291	0.1287938527	0.0291859183	-0.0036657844	-0.0502855318	0.0626169791	0.1194549126	-0.039635361	0.060461722	-0.0110365003	-0.083368139	-0.123337848	0.0027120347	-0.0300959354	-0.0287727369	-0.0623750264	0.0774829003	-0.0149654991	0.0896503419	-0.120277477	-0.0233773384	0.0581067785	-0.0705796762	0.1700395008	-0.1437219449	0.0001233159	0.056002981	0.0972233658	-0.0485953177	-0.1229804979	-0.0586816499	-0.0347041775	0.1071312202	-0.1433345738	0.085684513	-0.0755679409	0.0310713371	0.2060015421	-0.1998384402	0.0962857986	-0.0223646983	0.0638950331	0.1616838794	0.0359949654	0.1200420488	0.0163704774	-0.1577021059	0.1896862507	0.3143970394	-0.0857074769	0.0742055128	0.0813828824	0.0318809559	-0.0296214915	0.0	-0.0749439242942742	0.0084626688972093	0.0056165917886259	7.161676486379367e-05	0.1587914898415334	-0.0249604856657157	0.0006230258446684	0.0252147372460938	-0.1651274755597285	0.0221378043625292	0.0004900823819936	0.0272670831847287	0.0037875798324649	0.0019453046049918	1.434576098729484e-05	3.784210006202304e-06	0.0019642083745385	0.000571916399496	3.858114538607176e-06	3.270883680125825e-07	0.0024797908550805	-4.932867596700238e-06	6.149362684940876e-06	2.4333182726575184e-11	0.0	0.0	0.0	0.0	0.0	0.0	0.0	0.0	0.0	0.0	0.0
587.5044094318085	-0.8288017734281539	345161.4311018181	0.686912379637653	751.3092502578165	1.3187811127342002	564465.5895229623	1.7391836233044553	633.9623204837055	-0.0835666296617319	0.006983381593021	401908.22379308456	651.3191415504052	492.8849368973782	1.162553	25.991716	0.1669861776349042	0.1040863220540644	0.0533268015	0.1011287802	-0.1084828496	-0.0517926238	0.0635435065	0.057960367	0.1557793538	-0.0130195198	0.0892094422	0.0712296072	0.0910431412	-0.0132239503	-0.2411909994	-0.0255281528	-0.0651603113	0.1372193879	0.0094623513	0.0461662511	-0.1326730565	0.1847855989	-0.0623831149	-0.0227367023	0.129431525	-0.0162211064	-0.0119290794	0.0647853131	-0.0735600795	-0.0093388235	0.0499307473	-0.0101344339	0.0465147893	-0.0272236348	-0.0858396936	-0.0721904381	-0.0022753435	-0.0449734025	0.0891439581	-0.081483853	0.1046487762	-0.0962983489	-0.0248174893	0.1164578912	-0.037606581	0.163037533	0.0156541568	-0.0109429715	0.0027419802	0.0456471108	0.0937075839	-0.0604246576	0.0314398105	-0.1348006315	0.0230243468	0.0209788426	0.0101580292	0.0042338253	-0.0611796102	-0.0832496132	0.0955181677	0.0972596171	0.0213743016	0.1682805218	0.0389200111	0.1580417501	0.0231420201	-0.0394552148	-0.0046142427	0.0479185975	0.046765254	0.0207002338	-0.1284793992	-0.0135690392	-0.1428295073	0.1325360586	-0.0003138389	-0.0434089034	0.1185187017	-0.0004358566	0.0798120386	-0.0486180584	0.028892393	-0.1431910643	-0.1983188585	-0.0879625447	-0.1137328976	0.0603289532	0.0177027535	0.1880673676	-0.0547093127	-0.0049544374	-0.0377852052	0.0154219541	0.0003126398	-0.0411242723	-0.0934800759	0.0321819926	0.0546468331	0.0367792514	0.1111782759	0.0205425581	0.0906553318	-0.0303908234	-0.123482182	-0.0601697635	-0.0257863189	0.0143991375	-0.0668945395	0.081902129	-0.0310893873	-0.0907811732	-0.0611858785	-0.0079931714	0.0870514367	-0.0195970281	-0.05233208	-0.0096905215	-0.2074914735	-0.004873407	0.0456749656	-0.0336827827	-0.0089162862	0.0206028276	-0.1653547013	0.0492471752	0.0804485949	0.0288645828	-0.0341225436	0.0	-0.0526448540379647	0.0222990702563095	0.0027714806566786	0.0004972485342958	0.134281669583629	-0.0245098202579044	0.0006007312890747	0.0180315667861669	-0.1147791630760082	0.0503483124837203	0.0025349525699583	0.0131742562764288	0.0024050846862036	-0.0013824951462613	5.784432347811069e-06	1.9112928294360534e-06	0.001952993061562	-1.1215312976499936e-05	3.8141818985093137e-06	1.257832451608478e-10	0.0024826598885821	2.8690335016003272e-06	6.163600122374486e-06	8.231353233305034e-12	0.0	0.0	0.0	0.0	0.0	0.0	0.0	0.0	0.0	0.0	0.0
587.7737095508039	0.2693001189953747	345477.9336391128	0.072522554090923	750.4561860650407	-0.8530641927758325	563184.487203287	0.7277185169962826	634.4291040672446	0.4667835835390406	0.2178869138615485	402500.2880875666	651.7009987384334	495.8999516399283	1.174883	26.26738	0.1393798260232009	0.0916974721366384	0.0309276776	0.0506150879	-0.044964632	-0.0088295686	-0.007752063	-0.0019766962	0.189600668	0.0063314839	0.0809411143	0.0423323514	0.0510445323	0.0174294998	-0.1706140168	-0.0057458593	-0.0174010724	-0.0450829378	0.1191722548	0.0757883633	0.0038431184	-0.0866846566	0.105284421	0.0409137402	-0.1102773669	-0.1117944207	0.0304687746	-0.0441791349	-0.0306594697	0.0145027285	0.0512666902	-0.061430384	0.039498253	0.0338681475	-0.0527420629	0.2123688655	-0.0243210269	-0.0510531158	0.043760009	0.1037807419	0.0465376932	-0.0550687762	-0.0153554179	-0.1250944062	0.0563835812	0.1668265073	-0.1156269145	0.0037810585	0.0026046792	-0.1202079723	-0.0448174142	-0.049618605	-0.0365854527	0.0873475719	0.0591661448	0.0514121884	0.0372927887	-0.0861687252	-0.0154660885	0.0662529076	0.0464180471	0.0501023808	0.045632923	0.1223896775	-0.0158262046	0.0053921252	0.0670258297	-0.111000423	0.0983399628	-0.0812845162	-0.1038738645	0.0476387352	0.0140399838	-0.0721873855	0.0435821829	-0.0275945052	-0.023152704	0.1394276545	0.145040871	-0.0611757286	-0.0328878217	0.0168789438	-0.0272500401	-0.1709929977	0.0693569786	-0.0126967996	-0.0461646024	-0.0055409146	0.0143630634	0.0549567728	0.0769467406	0.0130086996	-0.0356787881	0.0100031216	-0.0202713706	0.0853066508	0.0103923477	-0.104961996	-0.026919754	-0.0812663814	0.0194056211	-0.0310639654	0.0553307171	0.0025075699	-0.119823052	-0.019905197	0.0358612417	0.0799222689	-0.1223184934	0.0005510612	-0.0031613549	-0.0603303397	-0.0034928789	-0.0918605354	-0.0009893166	0.0326394164	0.1844903128	0.0220880309	0.0069179901	0.0051254508	0.1903099427	0.0024565654	-0.028409383	0.2429275726	0.0237839886	-0.0609114334	0.079494258	0.0258194369	-0.0385470719	0.0	-0.0744357296784983	-0.0217908756405336	0.0055406778527704	0.0004748422611812	0.1536864924309355	0.0194048228473064	0.0003765471497353	0.0236195379557239	-0.0268543132110323	0.0879248498649759	0.0077307792237785	0.0007211541380362	0.0024889348972733	8.385021106969981e-05	6.194796922864852e-06	7.030857896433208e-09	0.0020735962008402	0.0001206031392782	4.299801204138911e-06	1.4545117203756914e-08	0.0024819276855223	-7.322030598001274e-07	6.159965036162081e-06	5.361213207806689e-13	0.0	0.0	0.0	0.0	0.0	0.0	0.0	0.0	0.0	0.0	0.0
585.7882739156469	-1.985435635157046	343147.9018570729	3.9419546613514624	748.7776047955905	-1.6785812694502056	560667.9014434215	2.817635078149064	633.4546454087744	-0.974458658470212	0.9495696770675652	401264.787789956	650.6367748266997	492.7249337270943	1.061228	23.726364	0.1079645887873463	0.0651541341018565	0.0326310394	0.0544443286	-0.0643605392	-0.0220554708	-0.0312193611	0.0508111974	0.2369397006	0.0728089144	-0.0493817752	0.1082276428	0.0598502201	-0.027237336	-0.1456427067	0.0001952311	-0.0438349538	-0.1051432051	0.0751999603	-0.0365356714	0.0762938608	0.0094620998	-0.140657278	0.0689828862	-0.0472982948	-0.0108683259	0.0107515229	-0.0169493128	-0.0146436691	0.0069008893	0.0196479304	0.0097357581	0.0528005977	0.0834085295	-0.0289845558	-0.0419213618	-0.0547662254	0.021407286	-0.1043360191	0.0296980686	0.0012678278	0.0563794781	-0.0241492614	0.0916561667	-0.0404531293	0.0835379423	-0.0316896007	0.0664220032	0.1059667397	-0.1219264008	-0.1325112894	0.0085948789	-0.0713505599	-0.1126047749	-0.014794167	-0.0083905133	0.0467225311	0.0988207715	-0.1543273221	-0.0913968063	0.0623743108	0.0398213981	0.0013779848	0.1227170189	-0.0145108939	0.0704076988	0.0372810102	-0.1140097655	0.0877383326	-0.063962182	0.0784264266	0.008478473	-0.0065276526	0.0723303704	0.0634651046	0.1190492348	0.0905538232	0.0093995191	0.1131916106	0.0476972623	-0.03071478	-0.1755903118	-0.1061430042	0.0739140724	0.044856117	0.05803051	-0.0937892273	0.0334793303	0.0993543823	0.0518110626	0.0220148213	0.1271315598	0.0843318317	0.1182135213	-0.1104499415	-0.0915565973	0.0773769646	-0.0626527768	0.0400045767	-0.0973449084	-0.0985691646	0.0439500094	0.065944967	0.0087152674	-0.1172130445	-0.0262916412	-0.058497534	0.093804202	-0.0832835993	0.015265176	0.0236599464	-0.1361099947	0.0410748284	0.0141318465	0.1407596139	0.0241440504	0.0408067765	0.0239298055	-0.0911092443	-0.0656915277	0.0826520124	0.1177204073	0.0622003981	0.0573157326	-0.0752489929	-0.0424854945	0.0785201094	0.0227485535	-0.042885154	0.0	-0.0747840419758603	-0.0003483122973619	0.0055926529342472	1.21321456493594e-07	0.1045201871201015	-0.0491663053108339	0.0024173255779181	0.010924469515621	-0.023133841653717	0.0037204715573153	1.384190860879214e-05	0.0005351746296592	0.0032351295258018	0.0007461946285285	1.046606304871458e-05	5.568064236447862e-07	0.0021550924486912	8.149624785100005e-05	4.644423462405833e-06	6.641638413791631e-09	0.0022150285694651	-0.0002668991160572	4.906351563546607e-06	7.123513815211473e-08	0.0	0.0	0.0	0.0	0.0	0.0	0.0	0.0	0.0	0.0	0.0
587.3142988617647	1.5260249461177864	344938.0856474862	2.328752136173793	746.747005731733	-2.030599063857494	557631.0905693088	4.123332558138931	633.5413248314047	0.0866794226303682	0.0075133223075339	401374.6102691315	650.2193462105382	483.874982366785	1.090446	24.379583	0.1639076881148722	0.1194651786462535	0.0040007795	0.0205119696	-0.0184488006	-0.0164384531	-0.0965698867	0.0537745024	0.1549361172	0.0482116534	0.1064127331	-0.0700580428	0.0160635324	-0.0596223672	-0.0879122768	0.0107317649	-0.0384384682	-0.1243227789	0.0834480041	0.1088697825	0.0192642895	-0.047725761	-0.0606313597	0.0131287014	-0.0663110312	-0.0287336381	-0.0584599662	-0.061052891	0.1072904771	-0.0774520291	0.019027354	0.036198164	-0.012110655	-0.0229003647	0.1154457764	-0.0437988923	0.0353099739	0.0919037073	0.0795006764	0.0535603311	-0.0154839543	-0.0318949328	0.086796494	-0.0012711251	0.0186415269	-0.029404495	0.0258313502	0.0942584759	-0.0793384246	-0.0404542476	-0.0626751625	-0.0088252632	0.0840382505	-0.1266007688	-0.0935213045	0.16286812	-0.0986354999	-0.0528054999	-0.0056819363	0.1209232283	0.0152127122	0.0094260449	-0.0415065326	0.0856089383	-0.0519262555	0.0120639819	0.049750091	-0.0932718897	0.0892510259	-0.1128044241	-0.0074534488	0.0997241868	0.0690674931	0.0189751977	0.035392284	-0.0627370882	0.0362053027	0.0554644093	0.1101873336	0.0694343509	0.0126920204	0.0521663696	-0.0162656715	0.0482109564	0.0390085077	0.0086033122	-0.0103520412	-0.1005545244	-0.0863355771	0.0001653563	-0.0582179857	0.0055801597	-0.012931027	0.0591190429	-0.055774891	-0.0650148634	-0.1103346734	0.0254528993	0.0403642902	0.0093956393	0.0654252603	0.0719362498	0.0307403195	0.0327011205	-0.1197354496	0.0168523799	0.0308631724	0.0645597801	-0.0493452003	0.087233309	0.0418439166	-0.1075107242	-0.1174096409	0.0539176229	-0.0578488126	0.0289765215	0.084306018	0.0069264056	-0.0235067709	-0.1534434548	0.0465751629	0.0953180541	0.0095754441	0.1681254058	-0.0573759279	-0.0587191482	0.077526392	0.019654994	-0.0471270611	0.0	-0.0746758582037898	0.0001081837720705	0.0055764837984725	1.170372853940245e-08	0.1155169981214783	0.0109968110013767	0.0001209298522	0.0133441768549976	0.0830911377471679	0.1062249794008849	0.0112837462487184	0.0069041371721188	0.0026710077674676	-0.0005641217583342	7.134282493872252e-06	3.182333582260696e-07	0.0019357677564773	-0.0002193246922139	3.74719680701716e-06	4.810332061472199e-08	0.0020669207412024	-0.0001481078282626	4.272161350412679e-06	2.1935928792693417e-08	0.0	0.0	0.0	0.0	0.0	0.0	0.0	0.0	0.0	0.0	0.0
587.6204744805581	0.3061756187934179	345297.8220287562	0.0937435095435323	744.0520777405545	-2.6949279911784743	553613.4943900362	7.262636877637247	633.6095415511221	0.0682167197173839	0.0046535208490001	401461.0511446232	648.8652365715378	489.81916683947134	1.026978	22.960619	0.1797928786674382	0.1377903095889205	0.0340575403	0.028864975	-0.0255118637	-0.0439617717	-0.1743880224	0.0695662261	0.0920208834	0.0444481725	-0.0054943642	0.0304785984	0.0484582516	-0.0702528255	0.019812097	0.0765843588	-0.0544735973	0.0136328773	-0.0536130099	0.1048807751	-0.0554290572	-0.0390377686	-0.1613600576	0.0120139702	-0.1065234313	-0.0226316462	-0.0145938212	-0.0556103075	-0.0629604549	-0.1396223382	0.0944566132	-0.2034408303	0.0038879872	0.0732326213	0.049373268	0.0217237215	-0.112503112	-0.0893847705	0.0280773312	-0.1184683718	0.0854951021	-0.0570778491	0.0517892306	-0.0415325423	-0.04877167	0.0243098426	0.1110464727	-0.0242263986	-0.0828815043	-0.0603671747	0.0554910757	-0.1471888062	-0.0315458811	-0.0071545226	0.0388756788	0.0250723094	-0.0379719624	-0.034245919	-0.0647056285	0.0678143249	0.0513883228	-0.039730965	-0.1298206612	-0.0060609398	-0.0227361457	-0.0160878378	0.0934101909	-0.0669289219	0.1354145446	-0.0032737533	0.092792768	0.0178130122	0.0356085636	-0.0189533949	-0.021688465	0.0114145688	0.0396203364	0.0897791016	0.1511482473	0.1382541448	0.0628101256	-0.1417642432	-0.0755631335	0.0191451266	-0.0204525638	-0.066926798	0.0281541306	0.0658822756	-0.1021255506	0.0926823988	0.0656091977	-0.127003605	0.0877857747	0.0880299016	0.1293974015	-0.0672938102	-0.0525673297	0.1127562216	-0.0122175421	0.0232548343	-0.0098789992	0.0840277967	0.0641826977	0.01269084	-0.1216856186	0.0158366174	-0.0456184575	0.0558400078	-0.1108001504	-0.0441228074	0.0284814656	-0.0612094036	-0.1043840323	-0.0407244794	0.0689186001	-0.0285751492	0.0217279742	-0.0009363049	0.0331760194	-0.2836005029	0.0229212033	-0.0085630738	0.0247911327	0.0509972286	-0.0350241025	0.0381194352	0.0765133533	0.0165418419	-0.0512632804	0.0	-0.0797443613265471	-0.0050685031227572	0.0063591631633789	2.5689723905400424e-05	0.1068101543523312	-0.008706843769147	7.580912842033566e-05	0.0114084090727688	-0.0454315363612209	-0.1285226741083888	0.0165180777599711	0.0020640244961409	0.0031222070248576	0.00045119925739	9.748176706070146e-06	2.035807698692876e-07	0.002034052127902	9.828437142469994e-05	4.137368059022654e-06	9.659817666348374e-09	0.0022673342657306	0.0002004135245281	5.14080467255612e-06	4.0165580813815394e-08	0.0	0.0	0.0	0.0	0.0	0.0	0.0	0.0	0.0	0.0	0.0
589.1986872491013	1.578212768543267	347155.09305606433	2.4907555427930035	745.193887164484	1.1418094239294303	555313.9294673137	1.303728760574058	633.3696414779567	-0.2399000731653586	0.0575520451047444	401157.1027459155	648.4309541939471	485.3019696676243	1.073789	24.007185	0.2615921238853585	0.1394401390143692	-0.0116890945	-0.0319717887	0.0174425842	0.0222069662	-0.1427366884	0.0418448713	0.0269222707	0.0654872754	0.0617018181	0.0125118671	-0.0028698563	-0.0773473792	0.054095288	-0.0153450091	0.0865465155	-0.0253206916	-0.0424249809	-0.0929309486	0.0049172133	-0.1065224414	0.0681838244	0.1185325355	-0.0239523196	-0.1446402999	0.0107450249	0.0645027719	-0.0513508916	-0.0814282505	-0.2010973257	0.0684953001	0.0866934017	-0.1022198348	-0.0052293121	0.046850377	0.0807787745	0.1260732657	0.0914479983	-0.1413631139	-0.0064015203	-0.0949120922	0.0304099051	0.0385626304	0.0191144615	0.046093914	-0.0082101138	-0.0928687673	-0.0097641851	0.0003169509	0.0205142457	0.0016651802	-0.0313843105	-0.0040909789	0.0340366966	-0.009454014	-0.0131327534	-0.0756356292	-0.0039580107	-0.023889209	-0.0132893261	-0.1055860906	-0.0937067538	-0.0188388776	-0.0258471607	-0.0146025921	-0.0161518798	0.0088813208	0.0609749456	-0.0499485456	-0.0434939298	0.0591522737	-0.1977804943	-0.0128981067	0.1030410143	-0.1670795553	-0.0041313011	0.0616984466	-0.0546270987	-0.1068747136	0.0385075149	0.0095733007	-0.0461411201	0.0455689236	0.1663964444	-0.0742114887	-0.0816730501	0.0252784791	-0.0848442054	0.1089603854	0.0279337905	-0.0304281004	0.0935317458	0.0128794862	0.0324881185	-0.0009072116	-0.1108087283	0.0215305974	-0.095535455	0.1557785052	-0.0271464807	-0.0742406866	0.0193860348	0.0583089976	-0.0821688141	0.0005719429	-0.0539187872	0.0355789412	-0.0057818427	0.110028758	0.0460974685	-0.042870399	0.0165647035	0.0414614124	0.0517360497	-0.0526545458	0.0370099133	-0.0968863723	0.0523463725	-0.1540679675	0.0771930996	0.0224310483	0.0885535779	0.0159037299	0.0619223604	-0.0248107646	0.075481246	0.0134122005	-0.0552845357	0.0	-0.0590758853307278	0.0206684759958192	0.0034899602276093	0.0004271858999897	0.0417056396077129	-0.0651045147446183	0.0042385978401322	0.0017393603750884	0.080216579537705	0.1256481158989259	0.0157874490289499	0.0064346996327289	0.0038190203255174	0.0006968133006598	1.458491624671503e-05	4.85548775976405e-07	0.0019299532713581	-0.0001040988565439	3.724719629625832e-06	1.083657193374747e-08	0.0020648260780144	-0.0002025081877161	4.26350673244833e-06	4.100956609209965e-08	0.0	0.0	0.0	0.0	0.0	0.0	0.0	0.0	0.0	0.0	0.0
591.3603032655564	2.1616160164550138	349707.0082783308	4.6725838025948425	748.5883378784686	3.394450713984611	560384.4996076482	11.522295649670635	634.3674332240843	0.9977917461275184	0.995588368640202	402422.040335313	649.905448705618	490.9071176093921	0.973619	21.767649	0.107197794147586	0.059829389864542	-0.0078049397	-0.0470951729	-0.0054200295	0.0501986294	-0.091690188	0.0174924317	-0.0556331936	0.0247636968	0.0737953958	-0.0398703317	0.0117379777	-0.0431048626	0.0978236606	-0.041323324	-0.0053479193	-0.0205981259	0.0378173417	0.1803167885	-0.1151900101	-0.0022203404	0.0619034646	-0.0487780268	-0.0320880435	0.0853879253	0.0112413046	0.0226812098	0.0204376902	0.1004054316	0.0039443494	-0.0309353216	-0.0433964993	-0.0446898508	-0.0174864816	0.1403071281	0.0354365403	0.0540995526	-0.1338950921	-0.1149594093	-0.0637933584	-0.0610405186	-0.0647686016	-0.0394361354	0.1193412041	-0.0276913884	0.0660460474	0.094190076	0.0606157789	-0.0973405175	-0.0319587614	0.0465504874	-0.1107641996	-0.0911622954	0.085795693	-0.1545934537	-0.0373289625	0.0156074568	-0.0325687113	0.0519985799	0.0015637998	-0.0912472546	-0.064855115	-0.0488165065	-0.0174409658	-0.0975605951	0.0640854216	-0.0070697432	-0.0513839941	-0.0952049569	0.0549353475	0.1029254553	0.0352485764	-0.1043403154	-0.0483603402	0.032032412	-0.0659956601	0.0386982062	-0.0539751858	0.0310556077	0.0732665555	0.1355408152	-0.0164197354	-0.0130790974	0.0569084291	-0.0184400392	0.0831078002	0.0183685398	0.0014951441	-0.1202156309	0.1090838533	0.0905480021	-0.04084266	0.1035342959	0.0523457149	0.0384707094	0.0033593717	0.0855011408	0.017192185	-0.0266102988	-0.0373667338	-0.0901910492	0.0187754181	0.0691333308	-0.0700378766	-0.0217964739	0.025292942	-0.0519318702	-0.1206997258	0.0424595936	0.0608687391	-0.0230710352	-0.0610590445	0.1367667981	0.0115744996	-0.0285571699	-0.0181793699	-0.0064154961	0.0297459504	-0.0314740941	-0.0814956215	0.034638631	0.0586993289	-0.0074073939	0.0637902749	-0.0624472052	0.0744303271	0.0102691896	-0.0591818091	0.0	-0.035216607382253	0.0238592779484748	0.0012402094355157	0.0005692651442225	0.0911947432879856	0.0494891036802727	0.0024491713830767	0.0083164812033615	0.0805121538698685	0.0002955743321634	8.73641858338978e-08	0.0064822069207653	0.0042012321876209	0.0003822118621034	1.765035189430189e-05	1.4608590753262462e-07	0.0022168473879971	0.0002868941166389	4.914412341669564e-06	8.230823416207208e-08	0.0020628552930234	-1.970784991000164e-06	4.255371959954657e-06	3.883993480751515e-12	0.0	0.0	0.0	0.0	0.0	0.0	0.0	0.0	0.0	0.0	0.0
592.1922085612592	0.8319052957028816	350691.611880662	0.6920664210184989	745.3131931668989	-3.275144711569624	555491.7559086392	10.726572881722474	634.041078051681	-0.3263551724032822	0.1065076985543761	402008.0886569378	648.8733463839737	493.3435115591128	0.952494	21.295347	0.085011210251007	0.0584997049216791	-0.0084508533	-0.0591180808	0.0294824299	0.0196804616	-0.157748687	0.0122850983	-0.1038753475	-0.0073053596	-0.015432201	-0.0223300057	0.013940842	-0.0533022088	0.1228515707	-0.0082621489	0.0954542683	-0.0659940745	-0.0445129711	-0.0163840012	-0.0074043813	0.0919643826	0.0853555359	-0.0228122539	-0.0346420724	0.0598497751	0.0140121744	0.0131087431	-0.0537293599	0.1024117215	0.0483155361	0.0449955238	-0.0036621015	0.0051090181	-0.1393060957	-0.080404952	0.0269303088	0.0507786476	-0.008675642	0.0001843326	-0.1553885634	0.0811962686	-0.0068390079	0.0089730027	-0.0546601075	0.0085543411	0.1452815503	0.0257897223	-0.1544246683	0.0121871246	0.0463087699	0.0731208089	-0.0913009465	-0.0578056356	0.0563549869	-0.100111121	0.0680566825	-0.1530341143	-0.019543601	-0.0485436951	-0.0141682357	-0.0869683772	-0.0889372022	-0.0792183971	-0.0346218162	-0.1357169415	0.0035435911	-0.0021081208	0.0368594035	0.0369680639	0.007545578	0.0768912176	-0.0190763888	-0.01075701	-0.0700359629	-0.0504854029	0.0381442608	0.0603406384	-0.068843736	-0.1608175647	0.0242175887	0.0634093614	0.1619164779	-0.071218737	0.0099445732	-0.0002341005	-0.0090454841	-0.0424146744	0.0910468826	0.0133616943	-0.0176123474	0.0154456766	0.0179959309	0.2140037465	0.0111453878	-0.1065848851	0.1307736025	0.0186456609	3.07294e-05	0.1320579514	-0.0586650281	0.068602075	0.0154845301	0.0708543181	-0.0538048886	-0.0054519432	-0.0460040042	-0.0036637123	-0.0896824749	-0.0450829713	-0.0206668328	0.0599165673	-0.04239028	0.044117682	0.0312614992	-0.0389540008	-0.0026878235	0.0303446265	0.1633735512	-0.070630553	0.0663736584	-0.0468421179	0.0164294877	-0.0642785912	0.1204859207	0.0136650569	0.0733608586	0.0071159421	-0.0629463604	0.0	-0.0392209776905758	-0.0040043703083228	0.0015382850910046	1.6034981566177276e-05	0.0356289473298687	-0.0555657959581169	0.003087557680459	0.0012694218878345	0.0700128642308612	-0.0104992896390073	0.0001102350829237	0.004901801157809	0.0043179235413271	0.0001166913537062	1.8644463708746765e-05	1.3616872029785504e-08	0.0020349674537267	-0.0001818799342704	4.141092537726928e-06	3.3080310490205034e-08	0.002063119091958	2.637989345998133e-07	4.256460387601602e-06	6.958987789599658e-14	0.0	0.0	0.0	0.0	0.0	0.0	0.0	0.0	0.0	0.0	0.0
592.1792359739661	-0.0129725872931203	350676.24751871027	0.0001682880210776	749.5454717612365	4.232278594337572	561818.4142377746	17.912182100088014	634.8931605980831	0.85208254640213	0.726044665883138	403089.32537422335	651.4230276754402	504.7127027176974	0.96368	21.545439	0.0981065305304834	0.0616595828430631	0.0074720148	-0.044041904	-0.0024561934	0.0545699413	-0.0028507027	0.0220824754	-0.0839759487	-0.0077064359	-0.0611148313	0.0146710277	0.0187835161	0.0295558745	-0.0278944064	-0.0821454545	0.0098586243	-0.0191416979	-0.0298754047	0.0136603486	-0.1752227598	-0.0586048761	0.0273946093	0.0678981988	-0.0475022565	0.0861545142	0.0520551377	-0.0286368161	-0.0548813946	-0.0241910953	-0.1699361013	0.0108560551	0.020384328	0.1130193609	-0.0384564785	-0.0173801119	0.0670913379	0.0904081144	0.1054162861	-0.0474148653	-0.1394560364	0.003452469	-0.0404958843	0.1190982597	-0.005173992	0.0493892817	-0.1271736936	-0.0257123928	0.0584447192	0.0864225046	-0.0894180794	-0.0143880467	0.0589630683	0.0302054519	-0.036375993	-0.0962008554	-0.096515348	0.0263977995	0.0548151892	-0.0451167934	-0.0052519994	-0.0433371827	0.0522878323	-0.0126746269	0.0154864005	-0.0567751366	-0.0421146806	-0.1255159945	-0.1673392547	0.0740909061	0.0636866751	0.1016826421	-0.0177300596	0.0262134071	-0.0143446029	-0.0541761219	-0.0130428271	-0.0972278751	-0.0254177334	-0.0079256866	0.0864104471	0.0032546777	0.0552384836	-0.0240324923	0.208082852	-0.01331906	-0.0873319576	0.0336401711	-0.0032963967	0.0496821994	0.0104966752	-0.0748071964	-0.0703744027	-0.0062277516	-0.0405464317	-0.0212404595	0.155157777	-0.083136011	-0.0702443967	-0.019703422	-0.0222714088	-0.0609311215	0.0301239977	0.0620379107	-0.053602994	-0.0188658631	-0.0104336538	-0.0031756868	-0.08797986	-0.011282622	-0.0739540282	-0.0226933828	0.1322368511	0.0371537305	0.0934593817	-0.0481850033	-0.0756046633	-0.0132204741	0.0753810049	0.0415058689	0.0008704511	0.1197202362	0.1096465225	-0.0737903215	0.0018455858	-0.0674540123	0.0722731071	0.0039556013	-0.0665697472	0.0	-0.0392896392489774	-6.866155840160038e-05	0.0015436757523147	4.714409602136379e-09	0.0737834060330868	0.0381544587032181	0.0014557627189355	0.0054439910058433	0.0217948287744675	-0.0482180354563937	0.002324978943274	0.0004750145613083	0.0042656067103747	-5.231683095239994e-05	1.819540060759367e-05	2.737050800901992e-09	0.0018549143445791	-0.0001800531091475	3.4407072257253124e-06	3.2419122113717455e-08	0.0020640566481074	9.375561494003036e-07	4.260329846596356e-06	8.790115332783247e-13	0.0	0.0	0.0	0.0	0.0	0.0	0.0	0.0	0.0	0.0	0.0
591.4631431701904	-0.716092803775723	349828.6497287611	0.5127889036193762	753.196927589005	3.6514558277684728	567305.6117295168	13.333129662144342	634.9483875778486	0.0552269797655071	0.0030500192940197	403159.4548877099	652.1938334437408	495.8854724844994	1.012972	22.647476	0.0561493961886382	0.0276906319092418	0.0251068019	-0.0160920463	-0.0324219951	0.0306719062	0.0538614698	0.0038703346	-0.0452247392	-0.0186102618	-0.0123515546	-0.1275695891	0.0253641236	0.0274940024	-0.0462642355	-0.1101592276	0.029287423	-0.1806897357	0.1101266969	-0.095189767	-0.1712372344	-0.0262307283	0.0229431622	-0.0466208738	-0.0062723282	0.0118681278	-0.015558076	0.0605254342	-0.0993413105	-0.0733120347	0.0133023685	-0.1246609795	-0.0588603668	-0.0526272645	0.0035776448	0.0320301804	-0.0071741894	0.050736989	0.0753362578	-0.1168108477	0.0514156855	-0.1116013726	-0.0693476551	-0.0318649412	-0.0070359713	-0.0233453725	0.0108582809	0.0024107229	0.1045136148	-0.0536708639	-0.0519275034	0.0019659496	0.0283775802	-0.0325332207	-0.0596753358	-0.0032188773	0.0579674324	0.0473760746	-0.0686970809	-0.1052369646	0.0222970192	0.0044544013	0.0670627351	0.0712504781	-0.0122565504	-0.1129324643	-0.0374824659	-0.001665628	-0.1405997144	0.0440633502	-0.0311721286	0.1689063857	0.0696319449	0.0105159272	-0.0567330314	-0.0728633717	0.0535479406	0.0053812666	0.1506135752	-0.0251601856	-0.0694740511	-0.0516055985	-0.0147868434	-0.008664652	0.0681381006	0.0177331615	-0.0028104423	0.0398855697	-0.0117839895	0.0082065662	-0.0004005213	-0.0598046195	-0.0522914186	0.0199957627	-0.0508400362	0.0108982581	-0.0853927362	0.0111807625	-0.12644815	-0.0731688772	0.1305253447	-0.1228502582	0.0395476105	0.0446107231	-0.0608793696	-0.0060396817	-0.0236537677	0.0047461794	-0.0459375575	0.1269191434	-0.0819985324	0.0652957035	-0.0790931915	0.085597134	-0.0340773138	-0.0535296274	-0.0046969743	0.0291250276	0.0121242291	0.0610360064	-0.0467439245	-0.0331084729	-0.0312121639	-0.0166348695	0.1093026226	-0.0666874719	0.0711673436	0.0007913175	-0.0700438436	0.0	-0.0485171475584564	-0.009227508309479	0.002353913607209	8.5146909601504e-05	0.0735018304804668	-0.00028157555262	7.928479183326483e-08	0.0054025190839792	0.0004230360746433	-0.0213717926998242	0.0004567535232042	1.789595204496117e-07	0.00386099945209	-0.0004046072582847	1.490731676903928e-05	1.6370703345666194e-07	0.0019549977209494	0.0001000833763702	3.8220160889173485e-06	1.0016682225679102e-08	0.0020647364059867	6.797578793000733e-07	4.263136426206876e-06	4.62070774470533e-13	0.0	0.0	0.0	0.0	0.0	0.0	0.0	0.0	0.0	0.0	0.0
591.3356872515812	-0.1274559186091437	349677.8950172999	0.0162450111885006	751.3038435180158	-1.8930840709891756	564457.4652849432	3.583767299832949	634.2177165769181	-0.7306710009305561	0.5338801116008608	402232.11202004	651.9485761847163	505.2785704902738	1.057541	23.643925	0.1636152469383215	0.0920311499545564	0.0335059783	-0.0013935647	-0.0412222517	0.016649478	-0.0137758153	-0.0114847191	0.0348454956	-0.1256727461	0.032859236	0.0139387229	0.0364586564	0.0156461707	-0.0904961169	-0.0505759771	-0.110441947	-0.0564830834	-0.0590489588	-0.0513904488	0.0142893118	0.0002916696	-0.0489037619	0.0820102402	-0.1037099645	0.1758705147	0.0515760262	-0.0442243073	-0.1329148515	0.032263678	0.0520301662	-0.0470701186	-0.1025060123	0.0655097929	0.169159382	-0.106774762	0.1566785024	-0.0537663038	-0.1440049539	0.052420291	-0.0835612671	-0.0809338554	0.1239845053	0.0295569889	-0.0157020401	0.042661644	0.0117958203	0.0485066286	0.0375382533	-0.0626872654	0.0895927455	0.0702534279	-0.0535902952	0.1079984662	-0.0142335137	-0.0433764438	-0.0766799156	-0.1222811426	-0.0264189196	-0.0123924726	0.0371088397	0.0269619839	0.0405210361	0.0980073864	-0.0124120817	-0.0263730122	0.1187269827	-0.0654793468	-0.0856561299	0.0446632831	0.0210896862	-0.0252942739	0.1354225468	0.0714992585	-0.0613638172	0.0116954676	0.0854036649	0.0197037101	0.0234879017	-0.0198990394	0.0003128257	-0.1819508598	0.0134933715	-0.0125289153	0.1429888531	0.1526880661	0.048475079	0.1207725338	0.0302776526	-0.0777148928	-0.0509748983	0.0689243341	0.1600564796	0.0419826586	0.1219935901	-0.022999927	-0.002030054	-0.0398342912	0.0395783215	-0.0299988066	0.0162724491	0.0739124288	0.0592737543	0.03207021	-0.0644578945	-0.0068911374	0.008752381	0.005503904	-0.1769639139	-0.0830157739	-0.0302904437	0.0314004135	0.0045468396	-0.0020071744	0.0398650099	-0.0283298089	0.050470568	-0.0012236108	0.0212189861	0.1229240901	-0.0058919368	-0.0177460211	-0.0533717959	-0.0247190256	0.1202390081	-0.025482716	0.0700438436	-0.0023737552	-0.0733608586	0.0	-0.0391999224312513	0.0093172251272051	0.0015366339186161	8.68106840710222e-05	0.1487563544950063	0.0752545240145395	0.0056632433846549	0.0221284530026439	-0.0359013777025936	-0.0363244137772369	0.0013194630362599	0.0012889089209442	0.0039938915169955	0.0001328920649054	1.5951169449528614e-05	1.766030091484755e-08	0.0026200275951273	0.0006650298741778	6.864544599228543e-06	4.422647335490734e-07	0.0020082766646833	-5.64597413034002e-05	4.033175161911479e-06	3.187702388046874e-09	0.0	0.0	0.0	0.0	0.0	0.0	0.0	0.0	0.0	0.0	0.0
590.1144833552408	-1.2212038963403984	348235.1034656228	1.4913389564369706	749.9331923362131	-1.3706511818027138	562399.7929675836	1.878684662177176	634.53837091218	0.3206543352619064	0.1028192027222551	402638.9441598833	651.6676044301646	498.78712245595386	0.98266	21.969772	0.194911270819874	0.1152068768981097	0.0129142368	-0.0200698001	-0.0112413139	0.0479462471	-0.001949872	-0.0018421978	0.0690405469	-0.0053527754	-0.0907316563	0.065047708	0.018953987	0.0152198543	-0.0630428815	-0.0914380891	-0.0413902702	-0.0359279142	-0.0418175612	0.0292415759	0.0149668325	-0.0128966713	0.0847136255	0.0259847879	-0.0901784862	0.0483290861	-0.0221872937	-0.0892592601	0.0620163907	0.1406189154	-0.037081478	0.0679838028	-0.0292189681	0.1469782524	-0.1377106697	-0.1199765705	-0.0639501371	0.0088418434	0.0186988165	0.0029915189	0.2202765707	-0.0016586479	0.0848490613	-0.0320778043	-0.0139886418	-0.1689179412	-0.0468579155	-0.0329328819	-0.0001839106	0.044757228	-0.01880419	0.0438717931	-0.0270516238	-0.0008861894	-0.0198050724	0.1114159444	0.0558254006	0.042330708	0.0617825789	-0.1057707176	0.0089690248	-0.0114653064	0.0771907836	0.0616902316	-0.0487000781	-0.0110291625	-0.004640305	-0.09226225	0.0873766801	0.0938979626	0.0410959655	0.0801427963	-0.0164492014	0.0015510506	0.0898002845	0.0427670303	-0.039748277	-0.0205206883	-0.0392418046	0.0659858791	-0.0114924779	-0.0450894741	0.0643677145	-0.0003191037	0.0069650529	0.0167347382	0.0475734248	-0.0506634618	0.1412778583	-0.0116762872	-0.1466064733	0.0437343843	-0.0707208137	-0.1700810132	-0.0115753285	0.0212932063	-0.0612274238	-0.0076127557	-0.1234173137	-0.0684738403	-0.1443565883	-0.075070938	0.0315651592	0.0552345483	-0.0460427011	-0.0081870493	-0.0522506597	0.0579997927	-0.0380439029	0.0082778922	-0.0707709455	-0.005518455	0.1291001382	0.0858108497	0.0969892513	-0.0430955429	-0.0049767093	0.0368466626	0.0175499473	0.0352644557	0.0276893389	0.0664229019	0.000758227	-0.069067203	0.0113239594	0.0199540898	0.0689028873	-0.0055364616	-0.0765133533	0.0	-0.039064945489585	0.0001349769416662	0.0015260699661042	1.8218774781586533e-08	0.0525040665160219	-0.0962522879789843	0.0092645029411893	0.0027566770007188	0.0269381381636648	0.0628395158662584	0.0039488047543057	0.0007256632877246	0.0042873667929877	0.0002934752759922	1.8381514017613632e-05	8.612773761869801e-08	0.0024403093078071	-0.0001797182873201	5.955109517769968e-06	3.2298662797305934e-08	0.0017677804273364	-0.0002404962373468	3.125047639273665e-06	5.7838440178016434e-08	0.0	0.0	0.0	0.0	0.0	0.0	0.0	0.0	0.0	0.0	0.0
590.4996798164631	0.3851964612222218	348689.8718633454	0.1483763137381226	753.40353355566	3.4703412194469365	567616.8843741545	12.04326817939245	634.2765556671335	-0.2618152450464777	0.0685472225387471	402306.7490689623	651.4550258240058	493.4391272054081	0.999645	22.349524	0.1627629408117138	0.0885822056396472	-0.0002145131	-0.0232073093	-0.0023458732	0.0660053108	0.1130208224	-0.0019905063	0.044219623	-0.0104702903	0.0265857673	0.0085847755	-0.0080955125	0.0156760321	-0.0370524168	-0.0282737246	-0.0214921104	0.0331499265	0.1244068007	0.0610956187	-0.0585843128	0.0610607117	0.0093750234	-0.0092873815	-0.0211684745	0.0087072546	0.1133757153	0.037415431	0.0096231985	-0.1567745246	-0.0746699078	0.1911070634	-0.0908735003	-0.0056558339	-0.0367805826	0.1202739501	0.0154902891	-0.002680765	-0.0035505054	0.0187184325	0.0330179995	0.1048817097	-0.022805918	0.0884473054	-0.028362022	-0.0406420388	0.0098892464	0.0263061886	-0.0051295289	-0.0645186543	-0.0621178148	0.0116886034	0.1173458787	0.0342705212	0.1021831062	0.1050592507	-0.106980206	-0.0152106868	0.0064785817	-0.0872618565	-0.0132401888	-0.0179100252	0.0888434927	0.0755136116	-0.0062150816	0.0640178695	-0.0066263314	0.0461149315	-0.0369311767	-0.0829471525	0.0424666233	0.0969991158	-0.0516515845	-0.0618725323	-0.0344724016	0.0670349529	-0.0880441358	0.0458619484	0.0224160254	0.0061451987	0.006529554	-0.0759882951	-0.0385659902	-0.004924861	0.0236332157	0.1346507133	-0.0582865061	-0.1175645221	-0.0603440142	0.0327087417	0.0061098969	-0.0694948035	-0.0601116276	0.0427585477	-0.0182263361	-0.0240236464	0.0280132082	0.0547763565	-0.0478641762	-0.0595223183	0.008076474	-0.00217977	0.0139766494	0.0630970686	-0.0531420411	-0.0096945682	0.0612975981	-0.0176154805	-0.0660454827	0.0813300226	0.0321724143	-0.0091351437	-0.03904904	0.0755342695	0.0299257599	0.0001793077	-0.010192862	-0.0133533428	-0.029898596	0.0435624895	-0.099422975	-0.036253961	-0.0472963827	-0.0401580177	0.0162390688	-0.1005804077	0.067744759	-0.0086936492	-0.079494258	0.0	-0.0265042566370539	0.0125606888525311	0.0007024756198828	0.00015777090445	0.111569769351405	0.0590657028353831	0.0034887572514377	0.0124478134331257	0.0842322867869995	0.0572941486233346	0.0032826194664727	0.0070950781373673	0.0040282853584825	-0.0002590814345051	1.6227082929364485e-05	6.712318970527204e-08	0.0027273133650822	0.0002870040572751	7.438238191355994e-06	8.237132889236889e-08	0.0016370179091074	-0.000130762518229	2.6798276347383635e-06	1.7098836173589573e-08	0.0	0.0	0.0	0.0	0.0	0.0	0.0	0.0	0.0	0.0	0.0
590.2872406786059	-0.2124391378571317	348439.02650796244	0.0451303872934814	746.1918236823498	-7.211709873310269	556802.237730391	52.00875929680082	632.756389114092	-1.520166553041463	2.310906348985963	400380.64796470426	649.4663010423391	494.2567800499542	0.97664	21.835184	0.1361404045255755	0.0822197654345106	-0.0030438275	-0.0442177737	0.0134577452	0.0093898216	-0.0653862407	0.0174727274	0.0143223249	-0.0346690594	-0.0217492708	0.0306956128	-0.0162384386	-0.0827761168	0.0218242075	-0.021153241	-0.0641417994	-0.0927357867	0.08488081	-0.0725856864	-0.010515366	-0.0550585946	0.1271722129	0.0647846582	0.000972226	-0.0036964228	-0.1191716209	-0.0702074735	0.1218349765	-0.0955220154	0.0723687774	-0.0191538048	0.0426606707	-0.0235254784	-0.0777866733	0.0394226648	-0.0416852257	0.0017577355	-0.0711887787	-0.0023212361	-0.1441372231	0.054785216	0.0291724325	-0.0097603646	-0.1340601532	-0.1401830418	0.1276273615	-0.0113883736	-0.0380903614	0.1343615485	0.1067300555	0.011492999	0.1187481266	-0.0226353647	-0.1072056113	0.0203047927	0.0896927231	-0.1160941171	0.0939619337	0.0302597868	-0.0086641255	-0.0597248926	-0.037672476	0.0502023153	-0.0521924609	-0.0267090277	0.0599165234	0.0074840824	0.063067883	0.0257795877	-0.0056919838	0.0908953919	0.0930002865	-0.0134070416	0.0911435019	-0.1377433231	-0.094602795	-0.0261318994	-0.0263151654	-0.0127291043	-0.1040814077	0.0577256098	0.0909765987	0.0194137476	-0.0419023289	-0.00355873	-0.0525524884	-0.0073109155	-0.0233065415	-0.0896313366	0.0417699575	-0.012674606	0.0083870532	-0.0468638357	0.0332157106	-0.0800289926	-0.0092533562	0.1116904495	0.0025236254	-0.0567737213	0.0650967511	0.1251950009	0.0167886953	0.0691025446	-0.0267007928	-0.0044070688	-0.0554675339	0.0243545074	-0.1090130721	-0.0601181068	0.0033848777	0.0859004128	-0.0359313962	0.0252847617	0.0290360351	-0.0170841243	0.0690540018	0.0355858978	0.0111312105	-0.0329901335	0.0593851936	0.0366806501	-0.0411654999	-0.0070192697	0.0962779237	0.0546628364	0.0665697472	-0.0118421707	-0.0822968876	0.0	-0.026660096499242	-0.0001558398621881	0.0007107607453488	2.4286062646806015e-08	0.0436764131488445	-0.0678933562025605	0.0046095078164477	0.0019076290655485	0.0744979904890925	-0.0097342962979069	9.47565244154458e-05	0.0055499505869129	0.0046730428176005	0.0006447574591179	2.183732917512762e-05	4.157121810882993e-07	0.0022960579437896	-0.0004312554212925	5.271882081239327e-06	1.8598123839425786e-07	0.0017281432719552	9.112536284780004e-05	2.9864791684040245e-06	8.303831754143217e-09	0.0	0.0	0.0	0.0	0.0	0.0	0.0	0.0	0.0	0.0	0.0
590.4002989376402	0.1130582590342328	348572.5129856549	0.0127821699358516	750.1724291283066	3.980605445956826	562758.6734242642	15.84521971638114	633.1143717735819	0.357982659489835	0.1281515844954151	400833.8077462572	650.1708377207767	499.1457343436124	0.941745	21.055017	0.0817965306246494	0.0530380692518122	-0.0048894537	-0.0396705119	0.0135983868	0.0841445211	0.0115541775	0.0140364243	0.0766845916	0.0305889298	-0.057820301	0.0734204696	-0.0171779726	-0.059346886	0.0142507857	-0.0125475902	-0.0124968758	-0.0216863405	0.062990468	0.1746823602	-0.0688316656	0.0529936266	-0.1656946035	0.0008562271	0.0057344744	0.077659131	0.0426082126	-0.1192623434	-0.0771658922	0.0189866262	-0.0113971791	-0.0194486347	0.0283154918	-0.0047311931	-0.0657449233	-0.0976166609	0.0474983575	0.0947623311	-0.0633583973	0.0983709142	0.1028616923	0.048379951	-0.0834118544	0.0296250447	0.0811967613	-0.0319118739	-0.0297860576	0.1608717806	0.0546007704	0.1558979955	0.0060153673	-0.0579158292	0.0079141881	0.0213177267	0.0332085817	-0.0543287546	0.0864958659	0.0706705191	0.0277612578	0.257843332	-0.0103507063	-0.0671541719	0.0030290409	0.0423491473	-0.0079204038	0.0039849729	-0.0330718378	-0.111693227	-0.0706597202	-0.0517806414	0.2288538753	0.0172327265	0.0607079551	-0.0306376052	0.0760017755	0.0575082788	-0.0303083492	0.0062625232	-0.0764166772	0.1107129486	0.0604739545	0.0399005299	-0.073637454	0.0198934945	-0.1057002317	0.1122007577	-0.0851402057	0.0790106456	0.0795356885	0.000242923	-0.0518301826	-0.1589037205	-0.0301287096	-0.049213964	-0.0658004829	0.1069185481	-0.0209934402	-0.0302331574	0.041246539	0.0027038738	-0.0554741459	0.0487104685	0.013821478	0.0699596662	-0.0455088267	0.0067642396	0.0013039011	0.0222558869	-0.0488360003	0.0035152003	-0.0297191253	-0.0631138991	0.1216230572	0.0310473452	0.1210589891	-0.028348345	-0.0063440333	-0.012231504	0.0506648826	0.0221436073	-0.0429982278	0.1213931229	-0.0049221628	-0.0913335476	-0.0471374447	-0.0589827868	0.0653781449	-0.0149788877	-0.0849149568	0.0	-0.0307356959404216	-0.0040755994411795	0.000944683004942	1.661051080494346e-05	0.094393696509158	0.0507172833603135	0.0025722428314503	0.008910169940663	0.0894945895309788	0.0149965990418863	0.0002248979828231	0.0080092815553183	0.0047430832558808	7.004043828030045e-05	2.2496838772216816e-05	4.9056629944965775e-09	0.0023743967116027	7.833876781309984e-05	5.637759744069715e-06	6.136962542474767e-09	0.0016363815024232	-9.176176953200008e-05	2.677744421472809e-06	8.420222347643896e-09	0.0	0.0	0.0	0.0	0.0	0.0	0.0	0.0	0.0	0.0	0.0
589.9585686357547	-0.4417303018855136	348051.1127067484	0.195125659603867	748.4151256767051	-1.7573034516015014	560125.2003416782	3.08811542101055	632.1843969956884	-0.9299747778934488	0.8648530875179695	399657.1118048022	648.747779215824	489.8434467538755	1.010182	22.585094	0.090350499274289	0.0510681187022033	-0.0003119007	-0.0335060225	-0.0057375463	0.0513905676	-0.0043904308	0.0567789175	0.0187870212	-0.0053871323	0.0061086045	-0.0867099297	0.0034714032	-0.1284707167	0.0104484266	-0.0503730582	0.0843115378	-0.0257951236	0.0276157187	-0.0186138884	-0.2086313045	0.0760717825	0.001379342	0.0375389477	-0.0065884549	-0.0042507716	0.0033299077	-0.0517216385	0.018509099	0.0762917505	0.0337516024	0.0274331663	0.0161320011	-0.0822407901	0.0917153953	-0.0266561194	0.0755018805	-0.0043686543	0.0074777863	-0.0887905106	-0.0277012511	0.0653246487	-0.0238052719	-0.0446431771	0.0510497135	0.0492476591	-0.033825375	-0.0854039818	-0.1301556173	-0.0936171148	-0.0121158525	-0.0873205907	-0.0003427671	-0.0805434938	-0.1350649787	0.1503425739	0.1084446506	-0.1406248402	0.0654314405	-0.1298777161	-0.0026995027	-0.0816723412	-0.0754565815	0.0636430624	-0.0358191473	-0.0627965475	-0.0530585228	0.0115243263	-0.0688020775	-0.0047124468	0.0611737537	0.0433994708	0.0118874428	-0.0442300249	0.0399934192	-0.0637374509	-0.022292532	-0.0706501547	0.0378840765	0.0379818975	0.0479721411	-0.0378552932	0.1375064106	-0.021330004	-0.0944197615	0.0862904317	0.0171779771	-0.0250463662	0.0211722224	0.040937403	-0.0589822453	0.0831844767	0.0637774004	-0.0079048445	-0.090565122	0.0586933577	-0.1007404321	-0.1111215878	0.0724273986	0.0467507027	0.1621127149	-0.0406474399	0.0157959802	0.0713269076	-0.053280832	0.0490247849	-0.0113114921	0.0219150847	0.0104980869	0.0886789988	-0.0152458971	0.0780479668	-0.0663790814	0.1223223878	-0.0675483068	0.0051848347	0.0267144416	0.0427141751	-0.0147340612	0.0032400624	-0.0111763169	-0.0172426928	-0.0652267499	-0.0235528681	0.0566683275	0.0031180932	0.064170249	-0.0181006735	-0.0873425944	0.0	-0.0455800402251185	-0.0148443442846969	0.0020775400669234	0.0002203545572426	0.0630855445066487	-0.0313081520025093	0.0009802003818122	0.0039797859257003	0.1022797422862566	0.0127851527552777	0.0001634601309757	0.010461145682143	0.004118078155453	-0.0006250051004278	1.6958567694419183e-05	3.906313755607647e-07	0.0023728871498487	-1.5095617539998864e-06	5.630593425917087e-06	2.2787766891392133e-12	0.0016381238448775	1.74234245430005e-06	2.683449731156244e-06	3.0357572280563213e-12	0.0	0.0	0.0	0.0	0.0	0.0	0.0	0.0	0.0	0.0	0.0
590.966655943954	1.0080873081993786	349241.58843757975	1.016240020952669	750.1487231116078	1.7335974349026628	562723.1067859755	3.005360066301092	633.8964420054693	1.7120450097809226	2.931098115515759	401824.69918719336	650.0813438766454	502.3120381260476	1.027948	22.982307	0.2075352698833403	0.1035533479697845	0.0181041485	-0.0169957877	-0.0065722311	0.0411111212	-0.0613365251	-0.0214478353	-0.0097272043	-0.054787152	0.0398244025	0.0159556187	0.0183681011	-0.0205680903	0.0983733823	-0.00508048	-0.1019225271	-0.0746294497	0.0175548794	0.0387257423	0.0023463458	0.0120297965	0.0286016043	0.0556089499	0.024958532	0.0707252779	0.0674261197	0.0442414918	-0.0022992564	0.0289024669	-0.0288560598	-0.0218193694	-0.026675059	0.0025748875	-0.0882268982	0.0542570081	0.0105028667	0.0305828394	0.0148897241	-0.0407257145	0.0484093042	-0.0436621358	0.0605389433	-0.0998451585	0.0524279484	-0.0702600905	0.0226850662	-0.141776489	-0.0873702004	0.069340945	0.1713799868	-0.0128724708	-0.0871794776	-0.097456768	0.126592517	0.05987876	-0.0205072294	-0.0235742702	-0.000972583	-0.0549896653	0.0182344806	-0.0569349697	-0.0303296938	-0.0341339905	-0.0125840482	-0.0253204527	0.0709020629	0.0318704883	-0.0286574246	0.0004290727	0.1919831346	0.0508803839	0.1049402816	-0.0138362508	0.0008434074	0.0148237326	-0.0451305084	0.0237056739	-0.1010362078	-0.090698597	0.0477203862	-0.0771693534	-0.103352606	-0.0388755939	0.0666752597	-0.0270223772	-0.0039204832	0.004703187	0.0066944464	-0.0587274928	-0.0110418398	0.0175859541	0.01750061	-0.0585832588	0.0363468207	0.0594294012	0.0076266236	0.050993294	0.0026956781	0.1257187487	0.0388182436	-0.0434305976	0.0266930745	0.0325227722	-0.0353749358	0.0136001936	0.0736868423	-0.0195601042	-0.0500509372	-0.0848558699	-0.0144791215	-0.0091640613	-0.0684703722	-0.0579275446	0.0893585955	0.0190552136	0.0094393144	-0.0495778469	0.0630299675	-0.0176744426	-0.0479935792	-0.0442054995	-0.1266486308	0.0437163821	0.0237204564	-0.0372706712	0.0629463604	-0.0212044161	-0.0895743561	0.0	-0.0041535365108416	0.0414265037142769	1.7251865546894213e-05	0.0017161552099889	0.1325438980320257	0.069458353525377	0.0048244628744562	0.017567884905524	0.0417707923687302	-0.0605089499175263	0.0036613330201217	0.0017447990951115	0.0038746859631473	-0.0002433921923057	1.5013191313010718e-05	5.923975927537498e-08	0.0028511883237019	0.0004783011738532	8.12927485721405e-06	2.287720129093491e-07	0.0016369879565132	-1.1358883643000726e-06	2.679729569769262e-06	1.2902423761522944e-12	0.0	0.0	0.0	0.0	0.0	0.0	0.0	0.0	0.0	0.0	0.0
589.8310343595305	-1.1356215844235749	347900.64909363363	1.2896363830087103	747.1830902099609	-2.965632901646813	558282.5702957066	8.794978507330098	632.3278978455742	-1.5685441598951684	2.46033078154124	399838.5703938029	649.0255967616223	497.02887151952376	1.026538	22.950768	0.1453327678025606	0.0858712263803828	0.0410127902	0.0122626545	-0.0495104596	0.002542373	-0.0337192372	0.0159729756	0.0204885382	0.0200424244	-0.0303534182	-0.0414313916	0.0394514469	-0.0881165384	-0.0024894488	0.0238713659	0.0479946602	-0.0098214567	-0.0441855332	-0.095761798	0.0450053606	0.0107811193	-0.1195547983	0.0707081417	0.0125138319	-0.0830522781	-0.0374235201	-0.0375435278	0.0273444455	0.0708045478	0.0053093459	-0.0055164214	0.1219874762	-0.0824033379	0.0379015288	0.0270746453	-0.0883882548	0.0693298955	0.0993753884	-0.0611610342	0.0746478404	0.0425696414	0.0905871304	-0.0562431494	-0.0563493696	-0.0389664042	0.0106789158	0.1369368678	0.0106263407	0.0567194943	0.1695418138	-0.0272071319	0.0255049405	0.0570696441	0.0525802683	-0.0460577528	-0.0803989353	-0.0260308377	0.1005032819	-0.0960074977	0.0385470195	-0.0506360535	-0.0750644024	0.0225509649	-0.0264727187	-0.0442905071	-0.0592497979	0.058079065	0.0380836524	-0.0079933484	0.0422806184	-0.0327316556	-0.0986266572	0.1102126962	0.1099222679	-0.0504143643	0.1301324168	-0.0329189765	-0.0305933317	-0.0138365927	0.0889286946	-0.0609632047	0.0594128596	0.0103797044	-0.0347055923	-0.0680493382	-0.0764490173	0.0767625907	0.0025625087	0.0177608921	0.1763922009	0.0131793147	0.1112824249	-0.0197104821	0.0583672738	0.0235609347	-0.1634651889	0.1011595339	-0.0033002667	-0.0130466009	0.0909782959	0.019162281	0.0533073975	0.0067972292	-0.0195021936	-0.0144875724	-0.0393758406	0.0647329021	-0.0099236087	0.0738018117	-0.0285426872	0.0305265373	0.0186527231	0.0532394805	0.0337409676	-0.0941599051	-0.003274841	-0.0671410127	-0.0044826919	-0.0247569554	0.0558144136	-0.0252206862	-0.0297220909	-0.02373289	0.0283667076	0.0443688327	0.0617067844	-0.0242870216	-0.0916052369	0.0	-0.0146523137124745	-0.0104987772016328	0.0002146902971287	0.0001102243227295	0.0850080951861116	-0.0475358028459141	0.0022596525522056	0.007226376247171	-0.0287252965638984	-0.0704960889326286	0.004969698554797	0.0008251426626839	0.0038660076724335	-8.678290713800066e-06	1.4946015323314688e-05	7.531272971322846e-11	0.0027280751867344	-0.0001231131369675	7.442394224475931e-06	1.5156844493978433e-08	0.0018412385052796	0.0002042505487664	3.390159233324256e-06	4.1718286671375614e-08	0.0	0.0	0.0	0.0	0.0	0.0	0.0	0.0	0.0	0.0	0.0
591.2772776046653	1.4462432451348377	349608.81901158445	2.0916195240981463	748.4613964033325	1.2783061933715771	560194.4619060265	1.634066724012132	633.7419554992292	1.4140576536550498	1.9995590478604248	401628.8661599871	649.7923598736271	496.8899211046988	1.037675	23.199759	0.145626323920331	0.0877949725472515	0.0282457807	-0.0048458987	-0.0220050123	0.0396771788	-0.0121291378	0.0387524343	-0.0035822998	-0.0293863926	0.0883256863	-0.0180178155	0.0514210348	-0.0221253771	0.0813187013	0.0010857382	-0.0981959124	-0.1167802154	0.0964934551	-0.0829958509	0.0161185106	0.0911653852	0.0001103276	-0.1462093586	-0.067024048	-0.1224091103	-0.0339841755	-0.0531487996	0.1257518093	0.1116914383	-0.0276547654	-0.044317451	-0.0511602514	0.008118802	0.0498875567	0.0145891758	0.0961767034	0.0062226784	-0.0324488163	0.0229057223	-0.0290207078	-0.0755470916	0.0717530232	-0.0770363069	-0.0691507563	-0.0439473765	-0.0008229006	-0.010318444	-0.0211254006	0.0929116458	-0.0268974549	0.0812976446	-0.0885677386	0.0484546753	-0.0260685301	-0.0654881652	-0.1632654364	-0.0599176341	0.0174626896	-0.0668044803	0.0324244436	-0.066564937	-0.0214727324	-0.0217732864	0.0126970067	-0.0135798873	0.1011913625	0.1041270087	-0.0150148483	-0.0799396278	-0.0216373356	0.1486761812	0.0603157151	0.0485988485	0.1173614204	0.0750093353	0.0975864095	0.1419682043	0.0467318774	-0.0005423541	0.0429641875	0.0066381148	0.1694498404	0.0476301667	-0.0079392857	-0.0384085871	0.0063932287	-0.0637988705	-0.0495221272	-0.0851663813	0.0857384191	0.0618402001	0.0078813859	-0.1992148298	0.0675418712	-0.0425767589	-0.0776561661	-0.0745008786	-0.0092966089	0.1402926284	-0.051394709	-0.0452806569	0.0437157233	0.0340024477	-0.0525146658	0.0441304088	0.0952972727	-0.1043308584	-0.1108411604	-0.0107909983	0.0137574376	-0.0468959112	-0.0208937271	0.0523199784	-0.0312734206	-0.0198632544	0.0049091958	-0.0190087566	-0.0479678868	0.0196568133	-0.064117285	0.057843534	-0.0995501405	0.110581078	0.0117828987	-0.0606577813	0.0604518297	-0.0273454174	-0.0934306823	0.0	-0.0297203305497646	-0.0150680168372901	0.0008832980479872	0.0002270451314088	0.1642414497824518	0.0792333545963402	0.0062779244805893	0.0269752538266416	0.0039973913441073	0.0327226879080057	0.0010707743039247	1.597913755794397e-05	0.0039198273319828	5.381965954929981e-05	1.5365046312559395e-05	2.896555754002538e-09	0.0024929642387938	-0.0002351109479405	6.214870695904751e-06	5.527715784152748e-08	0.0017581238211956	-8.311468408400018e-05	3.0909993706554178e-06	6.908050710383153e-09	0.0	0.0	0.0	0.0	0.0	0.0	0.0	0.0	0.0	0.0	0.0
590.8232848338062	-0.4539927708591449	349072.15390180884	0.206109435992364	746.4436404279653	-2.0177559753672085	557178.1083353536	4.071339176130075	633.7880763887609	0.0461208895317213	0.0021271364511972	401687.32577256585	649.146222993503	494.5595436054364	1.053773	23.559687	0.1873357162910619	0.0964798842604462	0.0218453705	-0.0283880226	0.0031211983	0.0457232537	-0.1092545338	0.004059576	-0.0323040951	0.0489929845	-0.120169364	0.0318614788	0.0336220033	-0.0260557443	0.0865204379	-0.0518651962	-0.0304167521	-0.0601412591	0.0529711114	-0.0952301255	-0.1249199383	-0.0070538043	-0.0646332079	0.110233324	-0.0676326584	0.0046787629	-0.0067401391	-0.078646914	0.1045741254	0.0994647046	-0.1085952302	-0.055872878	-0.0966254295	-0.0051579506	-0.008569703	-0.0140367836	-0.0023937742	0.0043612066	-0.0043086972	0.0393305348	0.0326200261	-0.1562442586	-0.0845984167	0.0403659539	0.0129140694	0.0325780748	0.0134359261	-0.0154768494	-0.0025759069	0.0449646908	0.0673903436	0.0642927749	0.0675935893	0.0360360248	-0.0651685042	-0.1770630919	-0.2011698382	0.0200117407	-0.0586487138	0.0730557712	0.017575601	-0.0761211027	-0.0181050824	-0.0404618496	-0.0469168852	-0.0689299782	-0.0110314391	-0.0366710553	0.1098384894	0.091565233	0.0503964589	0.0837213276	0.0171734495	0.0263346773	0.0529129199	-0.1037763006	0.0439181765	-0.035379118	0.0096469238	0.0803949543	0.1239904606	-0.0372616383	0.0591499567	-0.0039504807	0.0208642755	0.010465282	-0.0070793881	0.0390454785	0.0578285233	-0.0426162014	0.0239706948	0.0456957742	-0.1396298689	-0.1069493873	0.0468269516	0.1116832764	0.056418891	0.0269567207	0.0323653403	0.1195377023	0.0871738213	-0.0723423486	0.0403506228	0.046368636	-0.0315430724	0.0308918873	-0.052195776	0.0714905054	-0.0253874246	-0.0335619699	-0.0849514033	0.0987996775	-0.0744200912	0.0475380482	-0.0100145107	-0.041903996	-0.034031054	0.0966853455	0.0726702359	-0.1054172871	-0.0532816874	-0.0332307883	-0.0202278198	0.0500735337	0.118012345	0.1045025647	0.0591818091	-0.0303765546	-0.0950465986	0.0	-0.0393799184842436	-0.009659587934479	0.0015507779798256	9.330763906393233e-05	0.0833494667671033	-0.0808919830153485	0.0065435129161554	0.0069471336103604	0.0350672904594517	0.0310698991153444	0.0009653386310376	0.0012297148601675	0.0047503079899425	0.0008304806579597	2.256542599931156e-05	6.896981232451769e-07	0.0022377365750536	-0.0002552276637402	5.007464979332616e-06	6.51411603382807e-08	0.0019867004240135	0.0002285766028179	3.9469785747754215e-06	5.224726335577215e-08	0.0	0.0	0.0	0.0	0.0	0.0	0.0	0.0	0.0	0.0	0.0
591.7036200002708	0.880335166464647	350113.1739214249	0.7749900053143378	752.6282042190742	6.184563791108872	566449.2137860284	38.248829286294935	633.8962763660359	0.1081999772749213	0.0117072350822935	401824.4891907257	650.7577578919912	497.42072614870574	0.997543	22.302519	0.1206370636718056	0.0574445140092935	0.0146026838	-0.0265339291	-0.0064503995	0.05954278	0.0584918463	-0.0187429742	-0.052418738	-0.0523401098	0.0646303127	-0.0212723638	0.0109529783	-0.0127367019	0.0408111116	-0.0184433008	-0.0337346572	0.0630474467	0.0853801045	0.022233605	-0.0531785057	-0.0840613074	-0.0080682915	-0.0301718953	0.0917875234	-0.0515392654	0.018762834	0.0405458148	0.0199917201	0.1399924956	-0.1159092828	0.0219074551	0.0531062366	0.1017469677	-0.0288232275	-0.0449793639	0.0351597897	0.0673639735	0.0766607822	-0.0644507492	0.0044928425	-0.0960138963	0.0070368101	-0.0335396377	-0.0551645187	-0.1557961814	0.0335401855	-0.0406227783	0.0510881769	-0.132887481	0.023618286	-0.0572392973	0.0672981651	0.0458566731	0.2246592714	-0.0873271575	0.0169714234	0.0039011914	0.0396414047	0.0350563918	0.002789159	-0.0570710426	0.0544966	-0.0007165405	-0.0162446714	0.080546848	-0.0123823314	0.0568896908	-0.0477939078	-0.0994583919	0.0622829393	0.1178750368	-0.0052276096	0.0156697275	0.0291689617	0.0084480407	-0.0044613194	-0.0947478783	-0.1154529032	-0.0497750238	0.1048199966	0.0556457455	0.1160037894	-0.0148442598	0.0783179152	-0.0605259133	-0.0214352109	0.0610214915	-0.0244571473	0.0343353841	-0.0506590079	-0.0312433257	0.0741458926	-0.0153646749	0.0879243089	-0.0506817943	-0.0320862671	-0.1041380897	-0.1970570039	-0.0667542485	-0.0002979651	-0.0378401434	0.0269984162	0.0522739368	-0.0379051892	0.037657237	0.059742897	-0.0517609243	-0.0404930145	0.0849719054	-0.0129740027	0.0229736611	0.048869601	0.019074921	0.0663106286	-0.039069115	-0.0181747994	-0.1295729536	-0.0533679731	0.0004984251	-0.0970321367	0.0040137883	-0.0650802418	-0.0007514823	-0.0022929719	-0.0694274522	0.0578970392	-0.0333774118	-0.0964493619	0.0	-0.0268631680947493	0.0125167503894943	0.0007216298000867	0.0001566690403129	0.1244961268276227	0.0411466600605194	0.0016930476341359	0.0154992855950795	0.0522789443943736	0.0172116539349218	0.0002962410311755	0.00273308802699	0.0044370756751642	-0.0003132323147782	1.968764054713384e-05	9.811448302137193e-08	0.0027290036595131	0.0004912670844595	7.447460973635893e-06	2.4134334827333773e-07	0.0017959598375139	-0.0001907405864996	3.2254717379629542e-06	3.638197133821146e-08	0.0	0.0	0.0	0.0	0.0	0.0	0.0	0.0	0.0	0.0	0.0
591.1643643330441	-0.5392556672267119	349475.3056572921	0.2907966746361262	750.2250201593296	-2.4031840597446035	562837.5808730664	5.775293625010554	633.0127962700226	-0.8834800960132725	0.7805370800516211	400705.2002415931	650.0825881438117	495.7671150575604	1.002735	22.418604	0.0952190917451092	0.0604383141851992	0.0276141463	-0.0188715573	-0.0270029758	0.0349662166	-0.0363767027	-0.0090437682	-0.0260973842	-0.0337411946	0.0327923824	-0.0309500274	0.0233758841	-0.0514221222	-0.0551150129	-0.0619847384	0.0220383552	-0.1540566742	-0.070538279	-0.0904968269	0.1021853052	0.0614597486	-0.0229727993	-0.1398799245	-0.1351141589	-0.0502405451	-0.1128164367	0.0921201132	0.055532402	0.0187339337	-0.0006089186	0.0035884812	-0.0483128802	-0.0294309673	-0.0079351386	0.0271664884	-0.007476924	-0.006293943	0.0194024714	0.0507182911	-0.0708701987	-0.0097683695	-0.0780095203	-0.0066517139	-0.0887961713	0.0199110556	-0.0490934282	0.0806405826	0.0362583639	-0.107790274	0.0753208784	-0.0628656753	0.0383193453	0.029869802	-0.0284957137	0.1184395624	0.0186866719	-0.0541459209	0.1528686137	0.0424168299	0.0249370485	-0.0333028882	-0.0099685227	0.0769911186	-0.0423062628	-0.1146664802	0.0795745426	-0.0014549604	0.0215796105	0.0896832828	-0.0623336578	0.0424068765	0.0384490382	0.0295259817	0.0404701277	-0.0234293834	0.1838479062	0.0408343096	0.07286627	-0.0499022818	0.0016221936	0.095765652	0.0620289609	0.0277887613	-0.0466637221	8.50844e-05	0.0727531672	-0.1701854623	0.0311460718	-0.079897349	-0.0153229842	-0.1282671646	0.0361351593	0.0957619021	0.1587346778	-0.0304899307	-0.0307404199	0.011934636	0.074800005	-0.0555885477	0.0513204637	-0.079677936	0.0335087331	0.0476790653	-0.0205656967	0.0301015166	-0.0453607834	0.027770985	-0.0359992531	-0.0562954464	-0.0380464704	0.0692393741	-0.0584514637	0.0985664294	-0.1137922182	-0.0853507504	0.0413845053	0.0700534918	-0.0035683309	0.0281798963	0.0572489926	0.0473665468	-0.0264389804	0.0184752301	0.1130219103	0.0828498311	0.0565978402	-0.0363449977	-0.0976358263	0.0	-0.0212427788352869	0.0056203892594623	0.0004512556526449	3.1588775427880296e-05	0.0672612223044097	-0.057234904523213	0.0032758342957813	0.0045240720258832	0.0426124821738298	-0.0096664622205438	9.344049186120056e-05	0.0018158236370149	0.0045839200051747	0.0001468443300104	2.1012322613840825e-05	2.1563257256232623e-08	0.0025817671920047	-0.0001472364675084	6.665521833711833e-06	2.167857736435221e-08	0.001636093920195	-0.0001598659173189	2.676803315699043e-06	2.5557111520213372e-08	0.0	0.0	0.0	0.0	0.0	0.0	0.0	0.0	0.0	0.0	0.0
591.373618887507	0.2092545544628592	349722.75711610634	0.0437874685634497	749.1263451160731	-1.098675043256435	561190.2809469659	1.2070868506745291	633.9259013050007	0.9131050349781162	0.8337608049023869	401862.0483453575	650.1163021523055	502.910331313373	1.027282	22.967407	0.1178419307532185	0.0818761219521519	0.0122814311	-0.0422267047	0.0157551302	0.0728430961	-0.0082169861	-0.0175880818	-0.0084268695	-0.0204935667	-0.0693731331	0.078909699	-0.0146957504	0.0004263363	0.0029774278	-0.057317608	-0.0514306761	-0.0380308569	-0.1008598471	0.0374805448	-0.0111192558	-0.0051433101	-0.0819480968	-0.0670184886	0.0563014608	0.0230229599	0.0185073739	-0.0617195646	0.0388797522	0.1482815174	0.0742953149	0.0333161571	-0.0385529216	-0.0140840553	-0.1567663258	-0.0282777328	-0.0482862764	0.087847622	0.0498736442	-0.0263011334	-0.1467806649	0.1037456563	0.0148537004	-0.0981807544	-0.0139966177	-0.0073130766	0.0993238337	-0.0993589053	0.0704186766	-0.033504469	0.0595466783	-0.1321315541	-0.0865551573	-0.039451351	-0.0379604625	0.1111078922	-0.0415589237	0.1066299249	-0.1806090324	0.0037851044	-0.0178377849	-0.043519431	0.0416320892	-0.0138277961	-0.0459982854	-0.0008124309	0.0069643256	-0.1209306588	-0.0466457181	0.0461574805	0.0803647462	0.0833829627	0.0185610749	-0.0347167271	-0.0022765107	0.08067472	-0.0198903587	0.0055517352	-0.1081029627	-0.0316773312	0.0143254163	-0.0303950123	0.0378433001	0.0080326701	-0.1205323436	-0.0102174232	0.0888274689	-0.0833492019	0.1678536124	-0.0217136249	-0.011186131	-0.1219463147	0.144044878	0.0845352204	-0.1735416419	0.0455375277	0.0769972439	0.0563179516	-0.0691579927	-0.0151148754	-0.0290214213	0.0873724552	0.0216485726	0.0539287854	-0.0254718454	0.0338505009	0.0835997638	-0.0497362118	-0.0324938192	-0.0484900645	-0.0438099732	-0.0711904583	0.1443945599	-0.005351191	0.0745380182	-0.0092925626	-0.056032943	-0.0174807968	0.0203088085	-0.029739703	-0.0854784076	0.11098015	-0.1297851806	-0.0640356458	-0.0640708158	-0.0530806416	0.0552845357	-0.0392763541	-0.098603331	0.0	-0.0037423968914964	0.0175003819437905	1.4005534493481917e-05	0.0003062633681785	0.1460501058727601	0.0787888835683504	0.006207688173947	0.0213306334254444	0.0575661033289875	0.0149536211551577	0.0002236107856519	0.0033138562524836	0.0046769486880564	9.302868288170018e-05	2.1873849030712484e-05	8.654335838703937e-09	0.0025428431107756	-3.892408122909991e-05	6.46605108601893e-06	1.515084099529568e-09	0.0016360658025874	-2.8117607599881245e-08	2.676711310395953e-06	7.905998571408997e-16	0.0	0.0	0.0	0.0	0.0	0.0	0.0	0.0	0.0	0.0	0.0
590.6632567596081	-0.7103621278988612	348883.0828858667	0.504614352752998	751.2078684573352	2.0815233412620278	564313.261632213	4.332739420218634	632.2636772971483	-1.662224007852387	2.7629886522808533	399757.3576293125	649.1365694894092	489.4402351985898	1.174697	26.263231	0.1015538029994037	0.0849088450153982	0.0269817439	-0.0306630647	-0.0459226667	0.0263254299	0.0102616945	-0.0275858573	-0.0258714014	-0.0379234104	-0.0350431954	-0.148188911	0.0204390474	-0.0822360938	-0.0490966938	-0.0614677752	0.0726434642	-0.0214889408	0.0001386617	0.1134776368	-0.0093216764	0.0866636868	0.0446336206	0.0355683161	0.0052563684	-0.0334767646	0.0901307569	-0.0635184274	-0.0267889378	-0.0210909774	0.1033890833	0.0329770627	-0.0595024292	0.0375391964	0.1383258693	-0.0736165843	-0.0690015551	-0.083241366	0.0633127017	0.108455912	0.0464012334	0.0541454642	0.0024066722	0.0554175571	-0.0178965743	-0.0389878283	-0.0462056219	0.1576672291	-0.0476385039	-0.1010983705	-0.0239843044	-0.0701272591	-0.113937461	-0.0415704218	0.0588757467	-0.0792817062	0.089004433	0.0849789621	0.1753007988	-0.0834141292	0.0238854131	-0.0406860487	-0.0047493232	0.0788542046	-0.0441315321	-0.048257843	-0.0612046315	-0.0320101957	-0.0526866282	0.042612591	0.0151813746	0.0161723048	0.0029320282	-0.0021987981	0.0715929385	-0.0318269412	-0.0595221369	-0.0865790941	0.0189768108	-0.01344239	0.0408350528	-0.042866784	0.0392459991	-0.1320045577	-0.0670451888	0.1600282596	0.139404582	-0.1556095186	-0.0466672243	0.126492993	-0.0292100762	-0.0241004337	0.0015947407	0.0591225155	0.0811581469	0.1131876477	-0.1390560024	0.012256928	0.0568629735	-0.1101393216	-0.0585245863	-0.0489497898	0.0336133264	0.0501398304	-0.0144580287	0.0179515775	-0.0419767264	0.0827166129	0.0331595897	0.0847442031	-0.0553633996	0.1097167604	-0.1337490252	0.1543105986	-0.080670917	-0.0549522338	-0.0518993188	0.0082894799	-0.0655859374	0.0295641136	-0.0115766588	0.0255807121	-0.079670554	0.0061548827	0.1203142097	0.0653205544	0.0539574532	-0.042168559	-0.0993497063	0.0	-0.0095070410711031	-0.0057646441796067	9.038382992764118e-05	3.323112251747341e-05	0.0622285448711465	-0.0838215610016136	0.0070260540887472	0.0038723917967802	0.048298605110169	-0.0092674982188184	8.588652323580402e-05	0.002332755255588	0.0047224557507438	4.550706268739973e-05	2.230158831773319e-05	2.0708927544349286e-09	0.0025343812449125	-8.461865863099941e-06	6.423088294564234e-06	7.160317388509611e-11	0.0016360327391506	-3.306343680006124e-08	2.676603123572616e-06	1.093190853031644e-15	0.0	0.0	0.0	0.0	0.0	0.0	0.0	0.0	0.0	0.0	0.0
592.2329917981366	1.5697350385285065	350739.91657417174	2.464068091184091	747.8802055263915	-3.3276629309436885	559324.8018181976	11.07334058197674	634.0215547189772	1.75787742182888	3.09013303017575	401983.331848269	649.6935718867808	501.746006419087	1.220572	27.288877	0.0739597704829652	0.0424612151352787	0.0238054337	-0.0477667853	0.0117132196	0.0444764996	-0.0612995633	-0.009884846	-0.065699592	-0.0897111023	0.074827322	-0.0055187205	0.0110709058	0.0042472341	0.0949617006	0.0085476972	-0.1068985457	-0.1544923694	0.055666711	0.0061920426	-0.1056004193	0.034496931	0.0363065032	-0.0194600836	0.0637374576	0.0107416057	-0.0008197961	0.0220321267	0.0698139972	-0.1187803625	0.0382658432	0.0315462963	0.0399072443	-0.0081943611	-0.1158948128	0.1167392041	0.0518045358	-0.1122381261	-0.0103597485	0.0432963763	0.039528948	0.0436651845	0.0743871717	0.0366758601	0.0508179891	0.063867017	0.2021382666	0.0051777019	-0.0443767779	-0.0347746653	-0.1039904948	-0.0041830263	-0.0618921196	0.072542756	0.0071550045	-0.0003715678	-0.1074027548	-0.0088642456	-0.0430112023	-0.0553716539	-0.0005092837	-0.075946308	0.0012946808	-0.0487412493	0.026210704	-0.019286701	0.1174886353	0.0288904332	-0.0534993187	0.0021592815	0.0046110487	0.1776504346	0.0925930643	-0.070887436	0.0412748598	0.0309450192	-0.1126127423	0.1027954915	-0.0481105996	-0.0352122668	-0.0180943685	-0.0489399555	-0.0684272429	0.0659332506	-0.0747891478	0.0201396961	0.0093522989	0.0058412074	-0.0260857576	0.1272054686	0.0362042487	0.0696702593	-0.0516462488	-0.0103026905	-0.0208756214	0.0395305507	0.0805617192	0.1801284389	-0.0473250702	0.0418939252	0.0776537668	0.0436436171	0.0333960563	0.054961137	-0.0171257448	0.0724002896	0.0552549623	-0.1611963183	-0.1244618294	-0.0756019347	0.0437884651	0.0549078241	0.0681552749	-0.0741974101	0.0646737723	-0.0006891461	-0.0030559328	-0.081915003	0.0616458176	-0.0279875278	-0.04822516	0.0401353423	-0.1409409513	-0.0598423612	0.0550967494	-0.0050786626	0.0526169234	-0.0450187293	-0.0998732783	0.0	-0.0095095876044837	-2.5465333806009437e-06	9.043225640735004e-05	6.484832258514869e-12	0.085840716026766	0.0236121711556195	0.0005575346266822	0.0073686285279878	0.0125541915841438	-0.0357444135260252	0.0012776630983194	0.0001576077263313	0.0045780727517874	-0.0001443829989563	2.095875012065826e-05	2.084645038764368e-08	0.0023877640641889	-0.0001466171807236	5.701417226231893e-06	2.1496597683336807e-08	0.0016370453448294	1.0126056787999708e-06	2.679917461027609e-06	1.0253702607379496e-12	0.0	0.0	0.0	0.0	0.0	0.0	0.0	0.0	0.0	0.0	0.0
591.064936321936	-1.1680554762006068	349357.75894925423	1.3643535954822263	748.6688486312929	0.7886431049014391	560505.0449109058	0.6219579469085822	633.0554710724069	-0.9660836465702688	0.9333176121705078	400759.2294547071	649.8263345487683	495.3504455744872	1.174483	26.258448	0.1484506746577671	0.0826716410916351	0.0215185258	-0.044467439	-0.0119087718	0.0750276808	-0.0013638412	-0.0261357337	-0.0038221059	0.0258238573	-0.1473853814	0.0671273024	0.0179883501	-0.0454795937	0.0108116139	-0.0941954454	0.0876460056	-0.0657063292	-0.0006488328	0.1165673159	-0.0715030453	0.0427817497	-0.1619612527	0.1046910155	0.0968473327	-0.0422769994	0.0284952009	-0.0301807231	0.1176630659	0.0493785918	-0.1447196319	-0.0607313571	-0.0552902477	0.0331582141	0.1237105494	-0.053978605	0.070969194	-0.0743415937	-0.0609648085	-0.0040430936	-0.0240182848	-0.0134645766	0.0261842803	0.0202749496	-0.0567063468	0.1409352992	0.0245494222	-0.0805484526	0.0751991491	0.0054727601	0.1074428848	-0.0280455809	0.0586658741	0.0238215762	0.1220102792	0.0546314465	0.0986240124	-0.0381501757	0.0519502602	-0.1256334751	0.0035919145	-0.0635595596	0.0195674959	0.0171694853	-0.0267542456	-0.0486097116	-0.0940378973	-0.047331931	-0.0393041132	0.0801572779	0.1568671819	0.0158621398	-0.0887060566	0.0930710762	0.1906824395	0.0409585562	0.0160028694	-0.1548737033	0.1259446424	0.1118030274	0.1120328422	0.0497098197	-0.0145717655	0.0108725626	0.0202614118	-0.0134320199	0.1004801955	0.0023837001	0.0274638548	0.0177222391	0.0133599098	0.1114592299	0.1125181009	-0.0064315372	-0.1092811771	-0.1621608619	0.0409522514	-0.0044721678	0.0752587124	0.0068202165	0.1499208653	-0.0530121059	0.0353223879	0.0639189777	-0.0240938232	0.0738220315	-0.0664785021	0.1371957339	0.0847262487	-0.0306228811	-0.1746466461	0.0070553438	-0.0147338868	0.1172788607	0.0270944278	-0.1063450857	-0.0437696903	-0.1162876138	-0.1159179033	0.0738626276	-0.0557225533	0.1042483783	0.0594024433	0.0107461732	0.0894693637	0.038540676	0.0512632804	-0.047824024	-0.1001728729	0.0	-0.0502220405711	-0.0407124529666163	0.0025222533591252	0.0016575038265589	0.1072278072235803	0.0213870911968142	0.0004574076698608	0.0114978026419772	0.0798470119730154	0.0672928203888716	0.0045283236758889	0.0063755453210188	0.0045782289519205	1.5620013309961686e-07	2.096018033620308e-05	2.4398481580338012e-14	0.0020879450332071	-0.0002998190309817	4.359514461694199e-06	8.989145133886543e-08	0.0017182363158238	8.119097099439998e-05	2.9523360370157453e-06	6.5919737710135e-09	0.0	0.0	0.0	0.0	0.0	0.0	0.0	0.0	0.0	0.0	0.0
592.1076390637995	1.0427027418635362	350591.4562377067	1.0872290078897362	752.2280449451747	3.5591963138817846	565847.0316020398	12.667878400749682	634.1826665626382	1.1271954902313157	1.2705696731978156	402187.6545684984	650.5974769397326	500.3383239758642	1.178567	26.349751	0.1419267449053766	0.0816950809665714	0.0309661408	-0.0424351106	-0.0029777363	0.0895332769	0.0611423638	-0.0077769391	-0.0528513901	0.0227329442	0.0521101472	-0.0997358742	0.0346591187	0.012527708	0.0542484889	-0.0228302178	0.0409385485	-0.1736107757	0.0793386364	-0.0306197599	0.0729774423	-0.0040075653	0.0189893217	-0.117653309	0.0751688509	0.1331017614	-0.1211465527	0.0407331566	0.0457922049	0.1312962263	-0.0085472393	0.1313321618	0.1156550053	0.0922620167	0.0634017214	-0.0562216353	-0.0645448792	-0.0605005909	-0.1529683607	0.003686176	-0.0542349943	0.0363732835	-0.0352924881	0.0911717014	0.1231867942	-0.0384196282	0.1254845307	0.047152318	-0.0007957733	0.0158082741	-0.0594011375	-0.0097631908	-0.0432908104	0.079151976	0.0501653988	-0.0260984774	0.0517134315	0.0113844254	0.1478723488	0.0391490105	0.0145321696	-0.0756096892	0.0550160336	-0.0154173896	0.0511153441	-0.1153013729	-0.0131373423	0.0061917668	-0.0668356135	-0.1115688983	-0.0799831339	0.1202160735	0.1496092815	0.0397878016	0.0876772267	0.0323660016	0.0750654019	-0.0267310416	-0.0496914282	-0.0247952085	-0.0057369645	0.0132396158	-0.02852831	0.1739416234	-0.0225778355	-0.0562354249	0.0281697388	-0.050156092	0.0996013421	-0.0156536635	-0.1176143704	0.1082999356	0.0205249666	0.0469288256	0.1059544248	-0.0527524184	0.0431938362	0.0677713934	0.0756097852	0.0052604257	-0.1426957947	0.0538398051	0.0288307545	0.0678518149	-0.0339402416	0.1353635361	0.0344753651	-0.1595865477	-0.0657348292	0.0729925831	0.0022976572	0.0975457631	0.0998054724	-0.0225637629	-0.1224040798	0.0383989631	0.0553061665	0.0437461908	0.0196667527	-0.06415501	-0.0005834412	0.0944704066	-0.1403798853	0.0294545662	-0.0257395249	-0.0267711287	0.0498968614	-0.0505816467	-0.1002478183	0.0	-0.0575708548430782	-0.0073488142719781	0.0033144033273627	5.400507120403047e-05	0.0353640964665089	-0.0718637107570714	0.005164392923776	0.0012506193188925	0.0416774944307434	-0.038169517542272	0.0014569120694098	0.0017370135420246	0.0043879923566394	-0.0001902365952811	1.9254476921925792e-05	3.618996218414517e-08	0.0018661128025516	-0.0002218322306555	3.4823769918469863e-06	4.920953855759507e-08	0.0016394110950793	-7.882522074449997e-05	2.68766873866911e-06	6.213415425419148e-09	0.0	0.0	0.0	0.0	0.0	0.0	0.0	0.0	0.0	0.0	0.0
590.8391227295859	-1.2685163342135866	349090.8689478667	1.6091336901666755	749.688083632853	-2.5399613123216795	562032.2227410997	6.451403468090868	633.4416250552771	-0.7410415073611603	0.5491425156321005	401248.2923526702	650.1217457253035	499.6939372793276	1.139182	25.46921	0.1664562538636555	0.0993166664998612	0.0085531115	-0.0405765042	0.0060148616	0.0828792915	0.0055688432	-0.0335677791	-0.020149443	-0.0903812196	-0.1190045312	0.1050177832	-0.0102784755	-0.0208493258	0.0119039477	-0.0854498898	-0.0723993984	0.0515251686	-0.02215777	-0.0348326447	-0.1050811347	-0.0517379263	0.0986957091	-0.165672187	0.0382891152	-0.023101996	-0.0300190158	-0.078754996	-0.1304858812	0.1009777772	-0.0054339597	0.03086675	0.1688676439	0.0073871527	0.0593947967	0.0027032271	0.0616716158	-0.0084819465	-0.0135968209	0.1043718628	0.0767253241	0.1557868442	-0.1161301504	0.1122788322	0.0040307624	0.0586870548	0.0775164819	0.0317656061	-0.0018106465	0.0900458411	-0.0963826702	0.0165546676	-0.0259418351	-0.1460895423	0.0304647291	0.0452358179	0.0376058973	0.0098944341	0.1021274184	0.0792298436	-0.0068203801	-0.0450862856	0.0441992712	0.0198489554	-0.0102476206	0.0280871747	0.0182171825	0.0015317114	-0.0135996003	0.1700117333	0.0360976284	0.0022452514	0.0653362196	-0.1643834401	0.0142445751	0.016624051	-0.0076218812	-0.1569406992	-0.0567286706	0.0176057042	-0.0084627561	0.0507505102	0.1004181081	0.0852823697	-0.06192706	0.1220152952	-0.005712225	0.1472668904	0.116353998	-0.0750714633	-0.0843825973	-0.0546732188	-0.0420164881	0.1050794379	-0.0090971261	0.0074865266	0.0029564776	-0.003959123	-0.0211035178	0.0676489764	-0.0698968367	0.0279284019	0.0181564919	0.0697825816	-0.0085892167	0.099208001	-0.0513143086	0.0101808965	0.0745256916	-0.1167906087	-0.1310816028	0.0529065483	-0.109841658	-0.0507030551	0.0530667434	0.0070028779	-0.0160685971	-0.0472569851	-0.1334723026	-0.0595824621	-0.1172465758	-0.0341974693	-0.0452522734	-0.0192914823	-0.0326870606	0.0126476269	0.0485180071	-0.0532888484	-0.1000979463	0.0	-0.0419365929202228	0.0156342619228554	0.0017586778257564	0.0002444301458724	0.0863033535145234	0.0509392570480145	0.0025948079086036	0.0074482688278527	0.122948161017959	0.0812706665872156	0.0066049212475303	0.0151162502976979	0.0042818766273801	-0.0001061157292593	1.8334467452103976e-05	1.1260547996233065e-08	0.0020748955961737	0.0002087827936221	4.305191735021014e-06	4.3590254912648464e-08	0.0015820682518493	-5.734284323000009e-05	2.5029399535095e-06	3.2882016697003663e-09	0.0	0.0	0.0	0.0	0.0	0.0	0.0	0.0	0.0	0.0	0.0
590.5909557109838	-0.2481670186020892	348797.6769676133	0.0615868691218497	752.7750648720136	3.0869812391605365	566670.2982930642	9.529453170929122	633.7850121072254	0.343387051948298	0.1179146674457431	401683.4415717558	650.8155870908773	498.071419676842	1.039464	23.239771	0.2561927039246964	0.1078742199389249	-0.0142223305	-0.0639544844	0.0114521441	0.1045636274	0.1015094429	-0.0490670975	0.0127465203	0.0021891021	0.0223243429	-0.0592647475	-0.0218135242	0.0232314832	0.0041142464	-0.0937013535	0.0296499023	0.0559317097	-0.0687829731	0.1099985403	-0.1597393544	0.0511571967	0.0289981652	-0.0318674498	0.0407200703	-0.1708292433	0.0240623715	-0.0571133009	-0.0763945058	0.0256744853	-0.0194584756	-0.0114015828	0.1009737875	-0.0071365443	0.0843618011	-0.1093382775	-0.0017118935	-0.0968719941	0.043129477	0.0643030176	0.0484703548	-0.0029814448	0.0142573746	0.0301351487	0.0762254168	-0.1827237686	0.1065524513	-0.061423851	0.0346874159	-0.0524508496	0.028576806	-0.0046877314	0.1176425236	0.1335336786	-0.0086224278	-0.0256032129	-0.1221083376	-0.0456435967	-0.1199968662	-0.0051444705	-0.0316544586	-0.0338656869	0.0934962472	0.0393432717	-0.0494419824	-0.0075179598	-0.094251934	0.030410003	-0.06222963	-0.008394057	0.0253847497	-0.0022767271	-0.061084033	-0.0244343721	0.043581074	-0.0623748831	-0.0120216944	0.0121425334	-0.1635599742	0.0898120393	-0.0014006453	0.092605612	0.1758876078	-0.0328188356	-0.0598084592	0.0538060809	0.0147155998	0.0678968345	-0.1663842281	0.1063934261	-0.0398481453	-0.0640689833	-0.1248225512	0.004227461	0.1199414702	-0.1026328173	-0.0037910208	-0.0197535621	0.0954750972	0.0432011463	-0.0273880423	0.0079489461	-0.0300198723	0.0711338473	0.018119271	0.0693733399	0.0178499895	-0.0042112059	0.0828492347	0.1017454714	-0.0151864716	0.0544123216	0.0533020694	-0.1007882945	-0.0683432066	-0.0408204349	0.0484326487	-0.0673623275	-0.0429731652	-0.0488998342	0.0605482511	-0.0347512585	-0.1085821974	0.0690639014	-0.0679098204	0.0314349741	0.0471270611	-0.0559429307	-0.099723593	0.0	0.0076854771800896	0.0496220701003124	5.906655948567799e-05	0.0024623498410403	0.0367206864037967	-0.0495826671107266	0.0024584408778131	0.0013484088099659	0.2033220789721213	0.0803739179541623	0.0064599666873024	0.0413398677975455	0.0050899810232185	0.0008081043958384	2.590790681672445e-05	6.530327145733467e-07	0.0017086279871112	-0.0003662676090625	2.919409598339671e-06	1.341519614483604e-07	0.0012241592815603	-0.0003579089702889	1.49856594663023e-06	1.280988310133322e-07	0.0	0.0	0.0	0.0	0.0	0.0	0.0	0.0	0.0	0.0	0.0
590.95298226693	0.3620265559461586	349225.4272501785	0.1310632272102371	749.6521213895552	-3.122943482458368	561978.3031038604	9.752775994629197	634.776197757361	0.9911856501356624	0.9824489930348558	402940.82123929233	651.0987358678138	492.1097753759016	1.102434	24.647617	0.3283226959471477	0.1791929702885642	-0.0652282454	-0.0912473449	0.0601078321	0.0544262153	0.0361472401	-0.0695165587	0.0577567441	-0.1005993601	0.0241856098	0.0488001476	-0.0758142498	0.0635040408	0.0205400072	-0.0319159679	0.0348714549	0.0468984866	-0.0094764882	-0.0609432282	0.0383934513	0.0058944275	-0.0204774669	0.0382444194	-0.0951795738	-0.1748425229	-0.0747825131	0.0519479278	0.0311315729	-0.1152647118	-0.008632282	-0.0249929419	0.1394455707	0.0030102659	0.0620205508	-0.0233807179	0.0313689627	-0.0386586753	0.0079609785	-0.0142811025	-0.1024538572	0.0885163538	-0.0645534487	-0.0149399762	0.0699042351	-0.0128982101	-0.0450922354	0.1352762703	0.0190441295	0.1193805715	-0.0475272195	-0.1927948717	-0.0908619139	-6.07544e-05	0.0661444755	-0.0220937435	-0.1056367727	0.0358517915	0.044106166	0.1337443506	-0.0810608009	-0.0048241645	0.082369718	-0.0025395698	-0.0386809067	0.0965332022	0.0599609893	0.1109047005	0.0357674808	0.0194076843	-0.0944928605	-0.044768741	-0.1257534952	0.019795066	0.0260486742	-0.0034610799	0.0178487559	-0.0185408138	0.1187153171	0.0756067054	0.0009345396	0.0357681903	-0.1192862184	0.0646445333	0.0665008482	0.0064061398	-0.0343790881	0.0212752569	-0.097161112	0.0307110416	0.0260450435	-0.0626052363	-0.0375549208	0.0759968479	0.0060256544	0.0474839282	0.0893120061	0.0196112383	-0.012380617	0.0312233055	-0.072220423	-0.0327094299	-0.0917572205	0.0421291608	0.0930782689	-0.1341031052	0.0164288448	-0.0273059213	0.0058514012	-0.0772813852	0.0296935536	-0.0891501484	-0.0762911863	-0.0257010386	-0.10691144	-0.0612598668	-0.0505054836	0.0083845829	-0.12828397	0.0555522427	-0.0475807016	-0.0231431195	0.0354054251	0.0322910447	-0.1625967879	0.014716939	0.0457243701	-0.0585412479	-0.099125598	0.0	0.1359802216411907	0.1282947444611011	0.0184906206775873	0.0164595414563392	0.0260328578209936	-0.0106878285828031	0.0001142296798153	0.000677709686328	0.3272490758149899	0.1239269968428686	0.0153579005464923	0.107091957621765	0.006197859231894	0.0011078782086754	3.841345905837368e-05	1.2273941252580332e-06	0.0016883688471127	-2.025913999849989e-05	2.850589363900668e-06	4.104327534788182e-10	0.0014042844540938	0.0001801251725335	1.9720148280095223e-06	3.2445077780223156e-08	0.0	0.0	0.0	0.0	0.0	0.0	0.0	0.0	0.0	0.0	0.0
590.6464687260169	-0.3065135409131017	348863.2510185137	0.0939505507630876	745.8764794693943	-3.775641920160865	556331.7226256578	14.255471909276023	634.4286476950975	-0.3475500622635081	0.1207910457793683	402499.7090162302	649.9448802109674	493.7986506774412	1.01832	22.767038	0.2078510875712559	0.0931318354900545	-0.0435210231	-0.0929536789	0.0924577257	0.0654493384	-0.0271448264	-0.0138410397	-0.028839061	0.0820884796	-0.1080492081	0.0243799784	-0.0647429879	0.051898088	0.0819799753	-0.0527020805	-0.0011586765	0.1082686131	0.004394886	-0.0275308456	0.1392034458	0.0210338733	0.1758501021	0.0903247997	0.0397112454	0.0302921675	-0.0321800692	-0.0832961391	-0.0235185817	0.0179290173	0.0403496073	-0.0479586441	-0.0285030469	-0.0532501396	0.0565997946	-0.0229123743	-0.0204937092	0.0131638338	-0.050030434	0.0765408349	0.015286315	0.0563795516	0.1375230846	0.0167294382	0.1104312683	0.1010784421	0.0519341471	0.0021402498	0.0314846841	-0.0801578781	0.0487718362	-0.023202208	-0.0312586704	-0.0513803291	-0.0489216268	0.0155442242	-0.0061010936	0.1222153886	-0.1185297846	0.068143824	-0.0886411896	-0.0410189384	0.0611367064	-0.0466354411	0.0432686631	-0.0494049948	0.0080029698	-0.0204290067	0.1254279362	-0.026318208	-0.1024832298	-0.1724974544	0.0124282828	0.0230230756	0.0232587549	-0.0765702884	-0.1226616762	0.0752649469	-0.0341583704	-0.0324852481	-0.1205888141	-0.003966409	0.0723750279	0.0003069746	-0.0071434067	-0.066881436	0.0057385578	0.0593081639	-0.0403975095	-0.0332012085	-0.0957476786	0.0714434322	0.0197238296	0.0750904415	-0.1610400142	0.0641815492	-0.0702380025	-0.0896066705	0.1699873305	0.0182118778	-0.0264881717	0.0355153498	-0.0809027599	0.0453857855	0.0783603335	-0.1034164911	0.012089753	0.0163500084	0.0732395572	0.0049817368	-0.020989478	0.0094883146	0.0203231387	-0.1112175008	-0.0842108163	0.0343580005	-0.0590557987	0.1237107339	0.0865201387	-0.1874877817	0.067347284	-0.1004357738	0.0152532715	0.0140692815	0.0094584316	0.0292401204	0.0443102836	-0.0610812099	-0.0983053023	0.0	0.1081705297543749	-0.0278096918868158	0.0117008635073421	0.0007733789628396	-0.0370594049858681	-0.0630922628068617	0.0039806336260901	0.0013733994979065	0.2827168459151465	-0.0445322298998434	0.0019831194998525	0.0799288149642087	0.0059428778142203	-0.0002549814176736	3.531779671475185e-05	6.501552335888981e-08	0.0026538776910309	0.0009655088439181	7.0430667989515005e-06	9.322073276842588e-07	0.0016321322520566	0.0002278477979628	2.663855688203349e-06	5.191461903649692e-08	0.0	0.0	0.0	0.0	0.0	0.0	0.0	0.0	0.0	0.0	0.0
590.8233245345184	0.1768558085015001	349072.2008140209	0.0312779770007193	750.9985069813075	5.122027511913188	563998.757488153	26.23516583279561	633.8936246476084	-0.535023047489176	0.286249661344605	401821.127368883	650.5582943320071	491.3699672403391	1.001159	22.383366	0.0803592502996187	0.0468238788257212	-0.036003738	-0.0798753612	0.0455468471	0.0776552758	0.0823237533	-0.0474321971	-0.0684303301	-0.0529937939	0.0012541693	0.0022621704	-0.0555182568	0.0125929364	0.0701167048	-0.0205468631	-0.0203244943	0.1426933004	-0.0643639109	-0.0693105396	0.0960126086	0.1095936422	-0.0004458481	-0.0453539048	0.0532758329	-0.0222767918	0.0650836796	-0.0083713342	-0.0450731545	-0.0087881395	-0.0171442057	-0.0708019617	-0.0294135368	-0.1484329588	-0.0600730026	0.0399772261	0.1777689846	0.0775372039	-0.0041272448	-0.113462981	0.0577009728	0.0160156216	-0.146730856	0.0283555184	0.018536099	-0.1291831279	-0.077522477	0.0112560367	0.0481815648	-0.0443189013	0.0227206705	-0.150117857	-0.0137678142	0.0081754861	-0.0135777878	0.078624228	0.0054194321	0.0251184352	0.0100650589	0.0205366125	-0.0507896814	-0.0241560152	0.0468569903	-0.0103406091	0.0054349033	0.0643606276	-0.0092801739	0.1674183592	-0.0226220401	-0.0211075111	0.0345860345	-0.0930661045	-0.0552590324	0.0170953894	-0.0835197436	0.1111562216	-0.0166054214	0.070795765	-0.169446727	0.0046592613	-0.0640824497	-0.0828244201	0.082496822	0.0676355325	-0.0022194481	-0.0293224227	0.0534069959	0.1411167899	0.0188504591	0.0034851744	-0.0028181241	-0.0283266774	0.010000141	0.0154269447	0.0341269709	0.1086199737	-0.0234924551	-0.135647615	-0.0575853596	-0.0046190547	0.0283614624	-0.088984446	-0.0659952374	0.055941088	0.0709741549	-0.0895615417	0.0067521882	-0.0556870056	0.0529503491	0.0738987474	0.027804572	0.0059858336	0.0162654178	-0.0471812246	0.0750480732	0.067396157	-0.0749838258	-0.0541048494	-0.0629331306	-0.0113913539	-0.0028034328	-0.0679041699	0.1304828846	-0.056876729	-0.0926860434	0.0115388287	0.042885154	-0.0635602848	-0.0972645456	0.0	0.1082170382754981	4.650852112320081e-05	0.0117109273731206	2.163042537067216e-09	-0.0017872611632583	0.0352721438226098	0.0012441241298428	3.1943024656914114e-06	0.2547177914135758	-0.0279990545015706	0.0007839470529819	0.0648811532626099	0.0058691697635545	-7.370805066580013e-05	3.444715371342238e-05	5.432876732952159e-09	0.0029193193504983	0.0002654416594674	8.522425470193817e-06	7.045927458080734e-08	0.0016304510931035	-1.681158953100153e-06	2.6583707670023977e-06	2.8262954255888027e-12	0.0	0.0	0.0	0.0	0.0	0.0	0.0	0.0	0.0	0.0	0.0
591.8905421200545	1.0672175855361274	350334.413851172	1.1389533748775615	748.5090720782141	-2.489434903093411	560265.8309833892	6.1972861367397	634.1973052594647	0.3036806118562936	0.0922219140174128	402206.2219983666	650.7051366516841	494.65812449427375	1.017404	22.746557	0.1568120345033063	0.0857993866029085	-0.0462201674	-0.0834747972	0.0825563913	0.0705006412	0.0313802017	-0.0496865964	-0.0642257405	-0.0060908768	0.0475867655	0.0254702083	-0.053634268	0.0252940796	0.1051164943	-0.0357103556	-0.0236562281	-0.0265653172	-0.0020017169	0.0105756262	0.0336799696	0.0633148917	0.0736388572	0.1152168953	0.0453445953	-0.1661462032	0.0521639671	0.0180450355	-0.0339337351	-0.0917452591	-0.053223629	0.1274248963	-0.108201624	-0.1474633975	-0.0465059814	0.0147892835	-0.0606581331	0.0164271416	-0.0543949526	-0.0364331827	-0.0219347967	-0.1308951694	-0.040626034	0.025163441	-0.0594556701	0.0256249594	-0.0607336748	0.0025915729	0.094307078	0.0247902854	0.0223552715	0.0588147852	0.1559741985	0.0673213339	-0.1067306904	0.0089212777	0.0712786743	-0.0480714207	-0.0550613535	0.0718175659	-0.0744462275	-0.039156383	0.0465490397	-0.034498019	0.0162093422	-0.0495694958	0.0911155956	0.1317018678	-0.0047111049	-0.0350949845	-0.0492562651	-0.0399998411	-0.1088708112	-0.0262748411	0.0403685612	0.0073980811	-0.0574121611	0.1335701475	-0.0334613284	-0.0467718053	-0.0995038309	0.0515932646	-0.0806726496	-0.1080447624	0.0273669095	0.0242815049	-0.0631291793	-0.0755725961	-0.0532542257	-0.0189665409	0.0042415804	0.0733111403	-0.0820857429	0.0133923887	-0.1288824985	-0.1092904119	-0.0734987537	-0.0433821847	0.0586063696	-0.1228328949	0.0917165837	0.0014655732	-0.0818368275	0.0621779615	0.0641573586	-0.0366908357	0.1161044069	-0.0306244047	0.0244228239	-0.0627788982	0.0045201773	-0.0375515227	-0.0174581186	-0.0387954595	-0.1444547025	-0.0048014182	0.0535212458	0.022522607	-0.0033040164	0.0429932745	0.112661129	-0.0776551506	0.0760415266	0.0886130939	-0.0303559276	0.0222050343	0.0414493366	-0.0659760014	-0.0960056619	0.0	0.0911800085098946	-0.0170370297656034	0.0083137939518644	0.000290260383234	0.0401146685999975	0.0419019297632558	0.0017557717178848	0.0016091866368876	0.3096988352297529	0.054981043816177	0.0030229151791163	0.0959133685426656	0.0052813680061849	-0.0005878017573696	2.789284801675346e-05	3.455109059667901e-07	0.0026528389136926	-0.0002664804368057	7.037554302001735e-06	7.10118232001567e-08	0.0016340095220936	3.5584289901000304e-06	2.669987118292555e-06	1.2662416877584322e-11	0.0	0.0	0.0	0.0	0.0	0.0	0.0	0.0	0.0	0.0	0.0
590.7289452079042	-1.161596912150344	348960.6867064431	1.349307386317214	746.0166799458231	-2.4923921323910463	556540.8867573886	6.212018541604786	633.4612307758451	-0.7360744836195181	0.5418056454357403	401273.1308960485	649.6499882686686	496.2563869269968	0.989406	22.1206	0.139650780997661	0.0936779387450499	-0.0454978488	-0.0800648685	0.0742010529	0.0423180412	0.0054893178	-0.0198921946	-0.0015937876	0.0282957033	-0.1213578213	0.0757611597	-0.0530189985	0.0044208239	0.019523662	-0.0461422137	0.0621032742	0.0489315853	-0.1155862398	-0.0140871379	0.1000815484	0.0219450533	0.0814190465	-0.0836518171	0.2367125717	-0.022052809	0.0090155785	0.056472275	0.072186571	-0.0288293953	0.0061635816	0.0002727296	0.0323091634	0.0591960055	0.0662920426	-0.026215112	0.1129918578	0.0149667731	0.0926914544	-0.0310310936	0.0573890665	0.057008007	0.121620248	-0.0040725059	-0.0798998217	0.0467379836	-0.1029103951	-0.0241874562	-0.1572173676	-0.0871453742	-0.0311796131	0.0193367913	-0.0424952502	0.0390579154	-0.0462923941	-0.0212351717	0.0134938015	-0.054360949	-0.056904437	0.0972363474	-0.0665832531	-0.0266494449	0.0315362014	-0.0233653744	-0.0415554077	0.0450142305	-0.060220704	0.0777956027	0.0851262574	0.0868708659	-0.0068112424	-0.0591845554	-0.0247365044	0.0103432241	-0.0705166838	0.1279734857	-0.0451907722	-0.0214739329	-0.0644178732	-0.0840152024	-0.020580047	-0.0376611687	-0.0531647966	0.0856328976	-0.0741482368	-0.1369046543	0.0976093261	-0.0331314647	-0.1060277168	0.0553017673	-0.0329341533	0.039290858	0.0305362552	0.0711181792	0.0215191253	0.0645305754	-0.0491682704	-0.0876262305	-0.0050800645	0.0800589377	-0.0008964439	0.0303422745	-0.0777073692	0.0589178036	0.0642095304	-0.0731031357	-0.0079516528	-0.02196854	0.0711975738	-0.0331750887	-0.0585939004	0.0217659955	0.0438448414	-0.1110272322	0.0311025377	0.1290136449	-0.0880275996	0.0903481528	0.0713768612	-0.0605947853	0.0145076746	-0.0741206975	0.0632715019	-0.0435385943	-0.0857254339	0.0583836854	0.0400031891	-0.0683259517	-0.0945314743	0.0	0.0907772346353539	-0.0004027738745406	0.008240506328042	1.622267940125267e-07	-0.0380297772659901	-0.0781444458659876	0.0061065544197022	0.0014462639589008	0.2997312721851202	-0.0099675630446326	9.935231304872748e-05	0.0898388355257106	0.0061032336851259	0.000821865678941	3.724946141525547e-05	6.754631942211515e-07	0.0028500062019796	0.000197167288287	8.122535351322185e-06	3.8874939570448976e-08	0.0016303225250716	-3.68699702200004e-06	2.657951535755837e-06	1.3593947040237164e-11	0.0	0.0	0.0	0.0	0.0	0.0	0.0	0.0	0.0	0.0	0.0
590.5815731369229	-0.1473720709813051	348786.5945288826	0.0217185273053188	746.8528196089495	0.8361396631264597	557789.1341578381	0.6991295362532295	633.798151795969	0.3369210201238957	0.1135157738013265	401700.0972199862	650.1920924795953	488.7614945668226	0.99152	22.167858	0.1487753286161194	0.0868318907745822	-0.0569102595	-0.0815563967	0.0786992284	0.0556159744	0.0916349894	-0.0154596917	-0.0221484964	-0.0719055993	-0.000236649	-0.0227935426	-0.1108771541	0.0175135854	0.0066186958	-0.0639111646	0.0275755788	0.0789505044	-0.0010672906	-0.0488581473	0.111045447	-0.0655386238	-0.1247010157	-0.0388915931	0.0579445019	-0.0729344431	0.0493902885	0.127787712	-0.0717153149	0.1033398156	0.0326789216	-0.0116589101	-0.0612472192	0.1032568199	0.0596490653	-0.0185623241	0.0099968462	-0.0363333071	-0.1637527001	-0.0702951213	-0.0333373181	0.0505474399	0.032393725	-0.1078256766	-0.1184975796	0.0006770245	0.0723142744	-0.1288635044	0.0342385132	0.0907917955	0.0057011044	-0.0055113511	0.0309443468	-0.0614857886	-0.0066275665	-0.0701315292	0.0009647474	0.1028799536	-0.0154977866	-0.0205797692	-0.0961780438	-0.0231094764	0.0642473252	0.0148721582	-0.012724607	0.0937633839	-0.0613440357	0.1333593032	-0.0438136852	-0.048379206	0.0264315285	-0.085273809	-0.0711190346	0.1035787388	-0.0095318374	0.008955045	0.0978418972	-0.0230120039	0.0915892986	-0.1118106555	0.0289527516	-0.0296802049	-0.0721040016	-0.0300354786	-0.0692573304	-0.0258979968	0.118630927	0.0262284003	0.112427249	-0.1024876978	0.0664211298	-0.0781974101	0.1311350037	-0.0824901764	0.0235874442	-0.1377908606	0.0835328106	-0.0265121278	0.0719017632	-0.0537659095	0.0072014105	0.0207914745	-0.0895988308	0.0669985943	0.0423343901	-0.0110832929	0.0663226896	-0.0773744441	0.0812421361	0.070055022	-0.0367275636	-0.0152402157	-0.0426597401	-0.0383208865	-0.0300969777	0.0556899128	-0.0501267343	-0.0279432961	-0.0826905563	0.0521940672	0.0651951175	-0.0931968724	0.0981174351	0.0457734489	-0.0707028887	-0.057509043	0.0385470719	-0.0706077933	-0.092845289	0.0	0.0678263951141531	-0.0229508395212008	0.0046004198741812	0.0005267410347279	0.0216299570644906	0.0596597343304807	0.0035592839003835	0.0004678550426117	0.3515875805545931	0.0518563083694729	0.0026890767177098	0.1236138268002325	0.0058232166505374	-0.0002800170345885	3.390985215909602e-05	7.840953965973724e-08	0.0028552795197187	5.273317739099871e-06	8.15262113572505e-06	2.7807879977505372e-11	0.0016312011006433	8.785755717000566e-07	2.660817030739913e-06	7.718950351880812e-13	0.0	0.0	0.0	0.0	0.0	0.0	0.0	0.0	0.0	0.0	0.0
589.7547600250549	-0.8268131118679776	347810.6769722101	0.6836199219568088	746.0192072065045	-0.8336124024450555	556544.6575210214	0.6949096375102172	632.5603574836779	-1.2377943122911574	1.5321347595403394	400132.6058598784	649.2093459849057	490.7658416876319	0.972647	21.745905	0.1718930528109934	0.0899508976433106	-0.0402788729	-0.077062219	0.054337474	0.0551650943	-0.0363430791	-0.0088498576	0.0094956988	-0.0610119268	-0.0843510569	0.007469919	-0.0763174433	-0.0386065385	-0.0069384758	-0.0552121089	-0.0068670463	0.0471481593	-0.0408940605	-0.0154200411	0.137902214	-0.0207222147	-0.0286056618	-0.0851650062	-0.0802462583	0.0144535216	-0.0776412007	0.056777519	0.0943402229	-0.0299793541	-0.0388605716	0.0268470088	0.0142576957	-0.0685626912	0.0351039189	0.0267732494	0.0714488098	-0.082131557	0.091263265	0.0870425815	0.0735705336	0.014397455	0.0268382743	0.0499664969	-0.0411949908	-0.0428013008	0.0511510109	-0.0440747047	-0.0700068494	-0.0918907824	-0.0063419873	0.0891972916	-0.0575224863	-0.1267143958	-0.0067492355	-0.0257139224	-0.0167590586	0.1169605227	-0.0641548571	0.0992236211	-0.0622486004	-0.0268053499	-0.0051870804	0.0315043599	-0.026695018	-0.0006303797	0.0223885143	0.0290534522	0.1012470991	0.0927339083	-0.0182930698	-0.1311366758	-5.7198e-05	0.0379201586	-0.0198609584	0.0614513586	0.0054524952	0.0543986683	0.0442356131	-0.0934187243	-0.0253045873	0.0942579206	-0.0025680888	0.0544758659	0.0154819114	-0.0147885199	0.0262895617	-0.0833961323	0.01639022	-0.059515583	-0.0182673437	0.0438847687	0.0016916891	-0.077984469	0.0070067365	0.0967345674	0.0163063636	0.03893624	0.0713215938	0.0016780026	0.0334093344	0.0594559108	-0.0603596998	0.0802608294	0.0351439156	0.0307922819	-0.0486512713	-0.0056548931	0.053196824	-0.0851376418	-0.0266084685	0.0936988378	-0.0355294081	-0.1023591127	0.0031573723	0.0828857403	-0.009328318	0.034243429	0.0499383195	0.0334895972	0.078822491	-0.057011675	0.0934980466	-0.0135247669	-0.0649283302	0.0774353312	0.0370813481	-0.0728192514	-0.0909508872	0.0	0.0343418352230742	-0.0334845598910789	0.0011793616464887	0.0011212157510992	-0.0311070557727362	-0.0527370128372268	0.0027811925229938	0.0009676489188481	0.3088622521451754	-0.0427253284094177	0.0018254536876925	0.0953958908001899	0.0064808966904104	0.0006576800398729	4.200202191177248e-05	4.325430348473506e-07	0.0026548193967661	-0.0002004601229525	7.04806602944552e-06	4.018426089417146e-08	0.0016304182300035	-7.828706398000079e-07	2.658263604727746e-06	6.128864386608738e-13	0.0	0.0	0.0	0.0	0.0	0.0	0.0	0.0	0.0	0.0	0.0
589.5724798889063	-0.1822801361486199	347595.70904235484	0.0332260480343594	745.9707455456999	-0.0484616608046053	556472.3532100073	0.0023485325679406	633.3463862197204	0.7860287360425673	0.617841173884676	401127.6449375793	648.9171917475062	487.2805079253096	0.965828	21.593447	0.2182745428265133	0.1174653082265328	-0.0632996684	-0.0811624056	0.0825425387	0.0498404656	0.0531227168	-0.0167240057	-0.0092849217	-0.0353067281	0.0256493407	0.0056634418	-0.0938099713	0.0219139081	0.0237808162	-0.0527880129	0.0139457485	0.0325792873	-0.0794271056	-0.0483366137	0.1105697856	0.0302385326	0.0365984299	-0.0099686912	-0.0468131922	0.0291477816	0.0652831739	0.0762953779	-0.0599582621	-0.0275096879	-0.0208489086	-0.0924551647	0.1427311145	-0.0166234048	-7.88853e-05	0.0775607119	0.1300947126	0.0397992114	0.0252360375	-0.0183353105	0.0688028279	-0.0267857787	0.0244949403	0.0873586058	-0.0361489307	0.0068417391	-0.0100751602	-0.0741821593	0.0885824885	0.0544884203	-0.0364762517	0.0164552601	-0.0142475405	0.0538707358	-0.1668840629	0.0430623444	-0.0231490702	0.0446954132	-0.0225064999	-0.0550674812	-0.1022707315	-0.0395447001	0.0350308064	-0.0066092488	-0.0162805307	0.0993588227	-0.0391597522	-0.0065850999	-0.0492378985	-0.0190484059	-0.0480770052	-0.1068081376	-0.0587683033	0.0594779058	-0.0738911661	0.1213211449	-0.0419672265	0.1343130494	0.0484623709	-0.1780354234	0.0133715716	-0.0881521675	-0.004990265	0.0570140362	0.0009204916	-0.0399546712	0.0058436229	0.1022008312	0.0427320622	0.0207123447	0.0350832383	-0.0681965038	-0.028444228	-0.0225080804	0.0262907901	0.065936936	-0.107290285	-0.0586978649	-0.0439475921	0.0182427399	0.052915122	-0.0037722699	-0.0984273331	0.0613974383	0.0330466979	0.0330038717	0.0670613699	-0.0299183273	0.1005876389	0.0548583858	-0.005183439	-0.003152015	0.0528543649	-0.0964734927	0.0401108737	0.0417156234	0.0275445043	-0.1588376273	0.0010250003	-0.0030243355	0.1246444852	-0.0434360452	0.1405604105	-0.0271956369	-0.046849951	0.0020866629	0.0356063828	-0.0749581217	-0.0888525176	0.0	0.0563692177419028	0.0220273825188286	0.003177488708834	0.0004852055806307	0.0172359789979736	0.0483430347707097	0.002337049010842	0.0002970789720185	0.3893595370225853	0.0804972848774099	0.0064798128726348	0.1516008490704419	0.0057368975953292	-0.0007439990950811	3.291199401929396e-05	5.535346534816436e-07	0.0032577119193211	0.000602892522555	1.0612686949286766e-05	3.634793937527312e-07	0.0016291730344484	-1.2451955551000867e-06	2.6542047761738072e-06	1.550511970441013e-12	0.0	0.0	0.0	0.0	0.0	0.0	0.0	0.0	0.0	0.0	0.0
590.1051805517151	0.5327006628087929	348224.12411397224	0.2837699961569273	748.0041748300133	2.0334292843134563	559510.2455631291	4.134834654303535	633.3133782440761	-0.0330079756442955	0.0010895264561344	401085.83506292425	650.1362291560263	487.7507522622047	0.97219	21.735691	0.1208030083370562	0.0769780368850531	-0.0423422244	-0.0781645702	0.0474400908	0.0460476988	-0.0044670546	0.0066237776	0.0185801596	-0.0024815482	0.0699528348	-0.0739247209	-0.0641692376	0.0036739689	0.0143097533	-0.0338307435	0.0479117182	0.0438626636	-0.0870525637	-0.0074614285	0.0018181577	0.0650542006	0.0741859946	0.1092675274	0.0716891872	0.0275575505	-0.0506021896	0.003697109	0.0359036659	0.0335317685	0.0367672808	-0.0015292074	-0.131305436	0.0875191327	-0.2091195198	-0.0679595512	-0.0126172511	-0.0621074532	-0.0299333857	0.0051513077	-0.0450906547	-0.0593185322	0.0525502507	-0.1121193895	-0.0454841603	0.1218873003	-0.177935991	0.0082217829	-0.068309305	-0.0530267469	0.0475739624	0.0096616046	0.0786187603	-0.0431483075	-0.0909928217	0.1310978158	-0.0009085325	0.0080045476	0.0086741854	0.0473966416	-0.0573084647	-0.0149750954	0.0077554406	0.029332873	-0.0364756234	-0.0409532397	0.0405466598	0.0757703334	0.0234381323	0.0644460884	-0.079621274	-0.0705950542	-0.0244753045	0.0383742365	-0.0566626277	0.0466453118	-0.0598198552	0.0259490627	-0.0087573979	0.0533731176	-0.0587760635	0.0034711913	0.0125311347	-0.1381220257	-0.0214512028	-0.0969976793	-0.0096065206	-0.0615568634	0.0147715763	0.102658261	-0.0350203333	0.1425019326	-0.0059060213	-0.1159743842	-0.0320029446	-0.0117122234	0.137297001	0.072194241	0.0570537896	-0.02039102	0.0211704085	-0.1058654711	-0.0722664798	0.0733087986	0.0406869119	0.0147610304	0.0027512847	-0.0178053654	0.0596910621	-0.0789359064	0.0220806183	0.0240687384	-0.0579151569	0.0311928242	-0.1342162648	0.0649521171	0.0357446564	0.0623813521	-0.0216471636	0.0462521173	0.171610301	-0.0107937896	0.0765940704	0.047855161	-0.0547655906	0.122920359	0.0341225436	-0.0770222721	-0.0865548859	0.0	0.0507888896588752	-0.0055803280830276	0.0025795113127814	3.11400615142265e-05	-0.039593224245749	-0.0568292032437226	0.0032295583413163	0.0015676234061741	0.3435964741785042	-0.0457630628440811	0.0020942579208713	0.1180585370678995	0.005986402739326	0.0002495051439967	3.583701775740984e-05	6.225281688086363e-08	0.003259908424176	2.196504854899955e-06	1.0627002934013652e-05	4.824633577599071e-12	0.0016282663999756	-9.0663447279999e-07	2.6512514692895e-06	8.21986067269316e-13	0.0	0.0	0.0	0.0	0.0	0.0	0.0	0.0	0.0	0.0	0.0
589.3874054413097	-0.7177751104053414	347377.51369283884	0.5152011091174	741.1982695393542	-6.805905290659098	549374.8747681332	46.320346825421495	632.7320659325558	-0.581312311520378	0.337924003525165	400349.8672592801	647.5911641161528	488.4558040191207	1.001934	22.400688	0.0657056860794178	0.0331001343983716	-0.0597785506	-0.0881152877	0.1090076294	0.0377963909	-0.028142136	0.0123284504	-0.0762917734	-0.0150283679	-0.1026791889	0.074528064	-0.0857951233	0.0001738123	0.0322261527	-0.0247920067	-0.0458245752	0.0120117984	-0.1413932906	-0.0164729423	0.0456166659	0.1732563202	0.101462489	-0.0206417348	0.0305892703	-0.0538533046	-0.0433344104	0.0364322183	0.0198433732	-0.0190807291	-0.0195004866	-0.0806613301	0.1196560293	0.0480043909	0.0360595425	0.0880405373	-0.0938268127	0.1136349434	0.0366404332	0.1686864102	-0.0288578351	-0.0841163486	-0.018588786	0.0329811976	0.0149693437	0.0381011705	-0.007311327	-0.1320088054	0.0241743378	0.1125436857	0.0785624476	0.0161933894	-0.0511123607	-0.0245806981	0.1474961748	0.0042030482	-0.0187012985	0.1549208192	0.0168689262	-0.1588780135	-0.1019334681	-0.05650241	-0.002421698	-0.0682231027	0.0299644421	0.0180620315	-0.0098230349	-0.0117539518	0.0613751057	0.0471619568	-0.1187938848	-0.0278112015	-0.0698743733	0.0570455006	0.0607927355	0.2248940561	-0.1531858504	0.0377755397	0.0539960885	-0.0401033887	0.0461131651	-0.0377261282	0.0289481976	0.0082251637	-0.0389052521	-0.0029809626	-0.0319521287	-0.0021114538	-0.050905905	-0.0248692419	0.0198322931	-0.051340698	-0.0443171991	0.0060817655	-0.0226405049	-0.1230579265	-0.1362825622	0.0259080906	-0.0562617	0.0683371807	0.0274231689	0.0540916404	-0.0890696173	0.0661907414	0.0448865855	0.0076171039	-0.0025714015	-0.1300674285	0.0799048506	-0.0221222131	-0.0470783205	-0.0787387198	0.1729608395	-0.0663347897	0.0546636628	0.0935130529	-0.0525768919	0.0399274823	0.0418085979	-0.0590670666	0.1537333675	-0.0111484862	0.1459820091	-0.0110539097	-0.1105030632	-0.0171519849	0.0326302004	-0.0790096451	-0.0840631448	0.0	0.0593739999917346	0.0085851103328594	0.0035252718750185	7.370411942736924e-05	-0.0457140998310166	-0.0061208755852675	3.746511793032494e-05	0.0020897789233601	0.36229139265415	0.0186949184756458	0.000349499976811	0.1312550531912835	0.0065593616032054	0.0005729588638794	4.302522464160532e-05	3.2828185969797335e-07	0.0033308767195399	7.096829536389982e-05	1.1094739720772884e-05	5.036498946857724e-09	0.001626097925506	-2.1684744695999857e-06	2.6441944633349164e-06	4.702281525306939e-12	0.0	0.0	0.0	0.0	0.0	0.0	0.0	0.0	0.0	0.0	0.0
590.0165410856608	0.6291356443510949	348119.5187546873	0.3958116589930674	749.3704785865372	8.172209047182946	561556.1141770157	66.7850007108588	632.9492917330759	0.2172258005201683	0.0471870484116279	400624.80590540246	650.4253410586304	488.8549484174851	1.107257	24.755451	0.2463213809854522	0.1324766477185585	-0.0050106648	-0.0712901414	-0.0017275536	0.0561032629	0.0024024889	-0.0243709054	0.0078825767	-0.0186039232	-0.0333412439	-0.143722723	-0.0401643987	-0.0240595704	0.0518056462	-0.0437896491	-2.26986e-05	0.0401599118	-0.0250134465	-0.0536023026	0.0428729004	0.0594707366	0.0057670162	-0.0159881696	0.0764967869	0.0258326548	-0.0903833472	-0.0505397368	-0.0036902711	0.0842873458	-0.1086486102	-0.0318147304	-0.0181874495	0.0848567567	-0.0129935242	-0.0612427512	0.0317162126	-0.0806732123	-0.1987390744	-0.0448414445	0.0605443454	-0.0096587017	0.0301711307	0.0766364061	0.0562712397	0.1411250329	-0.128523906	0.0606445113	-0.0360946583	0.0738109566	0.023906601	-0.0287511857	0.0188521117	0.0983909047	-0.0695846312	0.0287994037	0.0341824003	-0.0455893163	-0.0069200225	0.1052364629	-0.0229517955	-0.0206741701	0.0118626717	0.0363765396	-0.0353780092	-0.0523282785	-0.0254811286	0.1222370402	-0.0534241562	0.0461761406	0.0173741605	-0.1135203008	0.0836547513	0.0230422926	-0.0302991166	-0.001591141	0.053072478	-0.0667268936	0.0542554835	0.1777936876	-0.0816184344	0.0152009741	-0.0671516936	0.0640262337	0.0329314204	-0.1047909812	0.0445226392	0.0530370013	0.1400562962	0.0193544169	-0.0252755947	0.1118849995	-0.0695674487	0.0028524487	-0.0235386135	-0.0060685671	0.0216820537	-0.0580429636	0.1841122782	-0.015009881	-0.0084902518	-0.1098941969	-0.0301104007	0.0692290609	0.0433376056	0.0143508832	0.0182549458	-0.0199634888	0.0754114133	-0.0117692251	0.0019811438	-0.022979203	-0.1008890406	0.0379706738	-0.0801329627	0.0663053673	0.0101481435	0.0511549745	-0.0621578331	0.0647114213	-0.0185147708	0.0390741694	0.069378214	0.060417491	-0.0231441468	0.0477221983	0.031129725	-0.0809182595	-0.0813828824	0.0	0.0456431854581751	-0.0137308145335595	0.0020833003787693	0.000188535267755	0.0318125904238968	0.0775266902549134	0.0060103877018812	0.0010120409094786	0.2575482117460907	-0.1047431809080592	0.0109711339467384	0.0663310813736091	0.0062478469044848	-0.0003115146987206	3.90355909418803e-05	9.704140751898633e-08	0.0036238694820427	0.0002929927625028	1.3132430022880429e-05	8.584475887902229e-08	0.001224191480951	-0.0004019064445549	1.498644782033003e-06	1.615287901748412e-07	0.0	0.0	0.0	0.0	0.0	0.0	0.0	0.0	0.0	0.0	0.0
590.5123222474278	0.4957811617670131	348704.8027260501	0.2457989603630492	744.4346363495	-4.93584223703715	554182.9277968124	24.362538588919897	633.1734091800714	0.2241174469954785	0.0502286300477711	400908.5660927141	648.5715700633684	495.1826399864509	1.087997	24.32485	0.239198067668203	0.141487036669545	0.0452244548	-0.0602536973	-0.001211852	0.0450467843	-0.0628850142	0.0589521856	-0.1094197471	0.0462834493	-0.0828699925	-0.0081481242	0.0147449664	-0.01728354	0.0742068762	-0.0871846525	0.0426820186	-0.0204728954	-0.0340460552	0.0405677934	-0.129314887	-0.0221339251	0.0190315806	-0.0364832758	0.0121495178	0.141436842	-0.0540195046	-0.0717924422	-0.0733827297	-0.0046233763	-0.0322780054	-0.0833306696	-0.0278955294	-0.1134820344	0.004170397	-0.0330613332	-0.0864750671	-0.0923573199	0.1027075034	-0.0627510806	0.040130609	0.081442001	-0.0076183056	0.0834371536	-0.0454393567	-0.0039899415	-0.0612715567	-0.0956344586	0.0971856831	-0.0784564223	0.0856163501	0.068110458	-0.0194234112	0.0302801927	-0.0345475953	0.0204508943	0.0329375944	0.0579521539	0.0537808126	0.1875785987	0.0147565678	-0.0823820964	-0.0131852466	-0.0374200894	0.0603922066	-0.1378541758	0.0033802119	-0.0159973944	-0.0084796806	0.1255818549	-0.0420012771	-0.035511356	0.061223471	-0.0931793416	-0.0694384719	-0.0441299803	-0.0383229067	-0.0094675757	-0.031582806	0.081713518	-0.0168006753	0.0415546885	-0.0489845196	0.0232037648	-0.0080025765	-0.1114899431	0.1114645376	0.0676533488	0.0497499835	0.1389493151	-0.0556541616	-0.0330278006	-0.046427835	-0.0441074665	-0.0180129655	0.036273929	-0.0833581405	-0.0533402522	0.0592708496	-0.0603166451	0.0242792851	0.1543378675	0.0320115417	0.0526107103	0.0405918164	0.0785540126	0.0029839664	0.0125442837	0.1128058181	-0.0383264395	-0.0408762335	-0.0201565623	0.0537975274	-0.0224290931	-0.0103558278	0.0434522928	0.0247706808	0.0948968761	0.0595620681	-0.1641385766	-0.0443259972	-0.0022123691	-0.1116595279	-0.0072268119	0.0275218617	-0.1177427359	0.0296214915	-0.0827462129	-0.0785201094	0.0	0.0093552044661748	-0.0362879809920003	8.751985060393694e-05	0.0013168175644757	0.0550046191887361	0.0231920287648393	0.0005378701982291	0.0030255081320978	0.1187856516935923	-0.1387625600524984	0.0192550480723232	0.0141100310482714	0.0057450853227261	-0.0005027615817587	3.3006005365402853e-05	2.527692080925103e-07	0.0033688768101822	-0.0002549926718605	1.1349330962183394e-05	6.502126270255678e-08	0.0011628357773929	-6.135570355810015e-05	1.35218704518495e-06	3.764522359109463e-09	0.0	0.0	0.0	0.0	0.0	0.0	0.0	0.0	0.0	0.0	0.0
591.2429673244403	0.7306450770124684	349568.2464106092	0.5338422285625559	750.8904119467834	6.4557755972833775	563836.4107536101	41.67703856247955	634.0016832171746	0.8282740371031423	0.6860378805391375	401958.13432221056	650.4250543519626	489.27557257044384	1.064222	23.793297	0.1553134605085396	0.073250532081279	0.0193316513	-0.061554686	-0.0307488569	0.0676437963	0.0701406741	-0.0594971749	-0.0656130071	-0.027547184	-0.0340107841	-0.1425775711	0.0021760494	0.0515398447	0.0953358259	-0.0555590024	0.0755453667	0.0902679336	0.1378288288	0.1316831086	-0.1448112457	0.0272123338	0.0071695053	-0.0085638442	-0.0099527432	-0.1767502602	0.0372585441	0.0657513842	0.0485786443	-0.0123228135	-0.094534239	-0.130217638	-0.0562725222	-0.0479294966	-0.0593555606	0.0265384425	-0.0001447655	-0.0265949061	0.087055085	0.1508026512	0.0224861985	0.1012664466	-0.0329188351	-0.0406415894	-0.1392874281	-0.0487586299	-0.0840872053	0.0133549608	0.0056098228	-0.0263875766	-0.0447849273	0.0496108523	-0.1516155481	-0.0045477217	-0.0347573073	-0.0442014847	0.0838734645	-0.0003836087	-0.0737142274	-0.0101116428	0.004931689	-0.0519630234	0.0824209726	-0.0588143001	-0.0424893894	-0.0040879967	-0.0555681195	0.130438079	-0.0216040573	-0.0005706364	0.0744014564	0.0798467245	-0.0863562191	-0.071100974	-0.0393441693	0.0101913526	-0.1065978247	-0.0081040959	0.0796454037	0.1171530898	-0.048815905	0.1847016122	0.0315051568	-0.1738890419	0.0414467847	-0.0624834175	0.1763404864	0.0928801186	0.0469126932	0.0100098642	0.038814796	0.0080245666	-0.1099485076	0.1286091185	-0.0922992036	0.0274225091	-0.0126351691	0.0046888533	-0.0968580026	-0.07052929	-0.0771485464	0.0553031816	0.0122643017	0.0792261917	0.0247070052	0.0480807958	0.0506302064	0.0239704237	0.0677844358	0.0888936848	0.0366708877	0.0673350087	-0.0307788336	0.0484027395	-0.0364377831	0.0383214932	-0.0405897755	-0.0266646327	-0.1237014351	0.0429043571	-0.0802691596	0.033453559	0.0015597273	0.0508927447	-0.021461567	0.0524075879	0.0281058757	-0.084491683	-0.075481246	0.0	0.0280679960564214	0.0187127915902466	0.0007878124026232	0.0003501685691	0.0857387015844182	0.030734082395682	0.0009445838207045	0.0073511249493819	0.1824736666576782	0.0636880149640859	0.0040561632500656	0.0332966390234974	0.0064539622091581	0.000708876886432	4.1653628197240906e-05	5.025064401175273e-07	0.0034419982503195	7.312144013730008e-05	1.18473519552025e-05	5.346745007752759e-09	0.0012244088819941	6.157310460119998e-05	1.4991771103060416e-06	3.7912472102303134e-09	0.0	0.0	0.0	0.0	0.0	0.0	0.0	0.0	0.0	0.0	0.0
590.8599859503545	-0.3829813740858299	349115.5229972531	0.1466747328966703	743.7711324731345	-7.11927947364893	553195.497500369	50.684140223919	633.4284363752641	-0.573246841910418	0.3286119417602677	401231.584008812	647.7536485272332	492.269936724713	1.086021	24.280664	0.104243079324709	0.0610450555750879	0.0088624849	-0.0835930783	0.0445210108	0.0583626754	-0.0519063431	0.033852522	-0.1361674961	-0.0231885656	0.0227940948	0.0305355542	-0.0128679646	0.0089495727	0.1244408907	-0.0948922915	0.0438284955	0.0762148779	-0.0385882925	-0.0862694609	-0.0813441555	-0.1220102668	-0.013316969	-0.0964592047	-0.1672922603	0.0495868544	0.0179269125	0.0182332076	0.0020836852	-0.0748392163	0.056218129	0.0230384732	0.0027163883	-0.1010339776	-0.0425541239	0.2296214788	-0.0666978119	-0.0499237112	0.0001245571	0.0907498706	-0.017484541	0.0996697546	0.0058042386	0.0243590505	0.0017202921	0.079580141	-0.0764566524	-0.0579046999	-0.0333341195	0.1205548853	-0.1194684783	0.1022288037	0.0883178742	0.0503334907	-0.0115552118	-0.0190573222	0.1150805548	-0.0106696836	-0.0556761725	-0.0886665486	-0.0286701042	-0.0984161434	-0.0102371214	-0.0955359932	0.0650074749	-0.0394989403	0.0338469818	0.0218893778	0.0349816817	0.0984888967	-0.1111150941	-0.0104982871	-0.0139100519	-0.116477781	-0.1551070291	-0.0610557963	-0.0087714447	0.0525451008	0.112552365	-0.1444402479	0.0300184092	0.0796258035	-0.0670519377	0.0120151897	0.040216258	0.08838557	-0.0154926441	0.0904264679	-0.0205530456	-0.0003547862	0.1358544532	0.0138249701	-0.0060654345	-0.0517194671	-0.0731309729	-0.0391395681	0.0387669174	0.0485290086	-0.023590832	0.0146583721	-0.1336308	0.157403304	-0.0050190307	0.0784585175	0.0440524554	0.0857278225	-0.033339751	-0.0685396303	0.0614344149	-0.1233827363	-0.0040162674	0.0523122403	-0.0328795161	-0.0967957715	0.0119241925	0.0273277159	0.0570795421	-0.0103612923	0.0368598525	-0.0672443269	-0.0058679939	-0.0835802659	0.0672778751	-0.0425420351	0.0923145878	-0.0962432798	0.0265832553	-0.08615293	-0.0722731071	0.0	0.018110898940634	-0.0099570971157873	0.0003280046604378	9.914378297322174e-05	0.0296948590641363	-0.0560438425202819	0.0031409122844381	0.0008817846548389	0.198975197017198	0.0165015303595198	0.0002723005042061	0.0395911290280327	0.0066293036494878	0.0001753414403296	4.3947666877112266e-05	3.0744620696893624e-08	0.0033530363215963	-8.896192872319972e-05	1.1242852573944047e-05	7.914224762151667e-09	0.0010539000644646	-0.0001705088175294	1.1107053458784882e-06	2.9073256855308264e-08	0.0	0.0	0.0	0.0	0.0	0.0	0.0	0.0	0.0	0.0	0.0
591.5970088200104	0.7370228696559025	349987.02084478346	0.5432027103958214	749.8609738171842	6.089841344049773	562291.4800540558	37.08616759569795	634.1743094006424	0.7458730253782733	0.5563265699869383	402177.0547037817	650.8219070044653	492.7517322336721	1.04706	23.409586	0.156356182602506	0.1030696049146618	-0.0017975972	-0.0868045603	0.0194620034	0.064911546	0.0622642544	-0.094344699	0.0369927232	0.0204510404	0.0057868887	-0.0296852821	-0.043577171	0.0609776338	0.0621487659	-0.086732184	0.0694161859	0.0896010776	0.0355759038	0.0396548263	0.1590174747	-0.0457634039	-0.1626271425	-0.0013024532	0.0079696096	-0.0079310696	-0.0143299224	0.0554848616	0.0363785901	-0.0398292879	0.1196622964	-0.0017318393	-0.0051148646	-0.0677845084	-0.0043334275	-0.0572618002	0.0186422055	0.0127240803	0.0066546255	-0.0029023073	-0.2234828776	-0.0539250461	0.0505897537	-0.0470682508	0.1585053192	-0.057505747	-0.0379064214	0.0594121545	0.0597462905	-0.0341739861	0.0327386316	0.0555626747	0.0203953897	0.0279251095	0.1265823524	0.0192251123	0.1302395436	-0.0990473944	-0.1381251947	0.0183266809	-0.04674139	-0.024384752	0.1165006435	-0.0452170916	-0.0957114334	0.0727844655	-0.075283036	-0.056050598	-0.1019708008	-0.0644502501	0.0751547498	-0.1109132123	-0.0563454161	0.0633968403	-0.1421827835	0.0205381601	0.0672147484	0.00293455	0.050456392	-0.0092433515	-0.1154970051	0.1831695427	0.0491967226	0.023782283	0.0089055411	0.0764703732	-0.0614400507	-0.0288169121	-0.1639015851	-0.1126524248	0.0815976363	0.0869023297	0.2332084014	0.0180008041	-0.029791339	0.075877822	0.0311851395	0.0621538865	-0.1483211984	-0.0436291013	-0.061694468	0.0265705934	-0.0106555161	0.0787263547	0.0298466685	0.0742080386	0.0811290755	0.0783148019	0.0981968619	0.0644547154	0.0145879784	0.0578884696	0.0542919487	-0.0449729648	0.0236573843	-0.0125273568	-0.0316248959	-0.1742436197	-0.0601401796	0.0856858285	-0.0907470806	0.02537836	0.0730887167	0.0278544304	-0.0051578983	0.1124803694	0.0250540098	-0.0877282978	-0.0689028873	0.0	0.0208995246379544	0.0027886256973203	0.0004367901300924	7.77643327975568e-06	0.1204240091628463	0.09072915009871	0.0082317786776342	0.0145019419828532	0.2479417164563386	0.0489665194391406	0.0023977200259837	0.0614750947593154	0.0067315237915998	0.000102220142112	4.531341255687415e-05	1.044895745339752e-08	0.0033481671473125	-4.869174283800293e-06	1.1210223246342724e-05	2.3708858206022093e-11	0.0012242484954155	0.0001703484309508	1.4987843785271152e-06	2.9018587927433484e-08	0.0	0.0	0.0	0.0	0.0	0.0	0.0	0.0	0.0	0.0	0.0
589.984187545794	-1.612821274216344	348081.3415540707	2.601192462564832	742.3224575311812	-7.538516286003073	551042.6309551323	56.82922779433357	632.0183863130005	-2.155923087641895	4.648004359827363	399447.2406376892	647.1781478699875	487.9869486602426	1.085055	24.259069	0.1868395145515665	0.1305968034876164	0.0127153538	-0.0881274502	0.0386110057	0.0463572823	-0.0797221163	0.0932778143	-0.0767326377	-0.1007043895	0.0726310193	-0.0266414303	-0.0040125921	-0.0529468131	0.0574541563	-0.0292840303	0.0059212591	0.0603346055	-0.0055460029	-0.1030708989	-0.0326964514	0.0076885708	0.0856165338	-0.0897087792	-0.0555357997	-0.0122562298	0.070421874	-0.0343245582	0.0297716098	0.0119152591	0.0937724464	-0.0329044743	-0.0841862231	0.1035765873	0.0786907251	0.0232383966	-0.051214493	-0.0822672675	-0.0206288668	-0.0402904461	0.0435164836	-0.0543295702	-0.0607409474	-0.0385170325	0.0139473786	0.0200381844	0.0257398279	0.1118001433	-0.1024371384	0.0944873975	-0.0949396421	-0.0725012599	0.068797942	0.0273640108	0.0944687829	0.0131180042	0.0274337949	-0.0263348858	-0.1070050405	0.0082983384	-0.0304940768	-0.0823691689	-0.0413450871	-0.0200656279	0.0503384294	-0.0076067386	0.0294535695	0.0554210231	-0.020830508	0.0149193142	-0.2047666764	-0.0369439463	0.0592162879	-0.0695599227	-0.044554417	0.0104108835	0.0441279914	-0.0202294645	0.0637518238	-0.0186218718	0.0780142719	-0.0620714949	0.04717783	-0.028329157	0.0241890581	0.0851841116	-0.091151071	0.0115386143	-0.0454956677	-0.0194538975	0.0368017592	0.0400292012	-0.1566051835	0.0364338832	-0.0405922188	-0.0104730644	0.0829374449	0.075820393	0.0090680104	0.0424355932	-0.0922291408	0.0243683385	0.0002737843	0.0754276876	0.0586787174	0.0719236748	-0.0479363137	-0.1396775335	0.0417116962	-0.1060386978	0.0172864057	0.001508598	-0.0075753869	0.0447038332	-0.0681407952	0.0209000573	0.0809132703	0.0218659094	-0.0349560759	0.0517633357	0.0067327656	0.0462993845	0.0527076535	-0.011931305	-0.0225948764	-0.0562887725	0.0235185203	-0.0892162162	-0.0653781449	0.0	0.0264259341315948	0.0055264094936403	0.0006983299947273	3.054120189139873e-05	0.0014641346011643	-0.118959874561682	0.0141514517557311	2.143690130326544e-06	0.2062121412025845	-0.0417295752537541	0.0017413574508587	0.0425234471793546	0.0071080141930409	0.0003764904014411	5.052386576847088e-05	1.4174502237728073e-07	0.0033828978986392	3.473075132670025e-05	1.1443998192617515e-05	1.206225087717091e-09	0.0012229965433335	-1.2519520819999003e-06	1.4957205450056895e-06	1.5673840156238858e-12	0.0	0.0	0.0	0.0	0.0	0.0	0.0	0.0	0.0	0.0	0.0
592.1580182991721	2.17383075337807	350651.11863600265	4.725540144332267	746.3887974909233	4.066339959742095	557096.2370199464	16.53512066819534	634.5568978651514	2.538511552150908	6.444040900403611	402662.4566282442	650.620470076241	493.24026511565984	1.13403	25.354027	0.2065517302139105	0.1155066992150817	-0.0242938683	-0.1011871193	0.0446165496	0.0646676305	-0.0402395338	-0.1218037116	0.0200349498	0.0539549299	-0.1167177669	0.0244362793	-0.0653835642	0.1086704732	0.0527003012	-0.031205651	0.0317526811	0.0604973994	-0.0217723543	0.1105583412	0.0925310067	-0.0306287682	-0.0968250572	0.142991042	-0.0224968245	-0.0499264556	-0.0116246754	0.0923467516	0.0991381698	0.0007026289	0.0669462765	-0.0065917796	0.0439872713	-0.0284865876	-0.0280924037	-0.0585334493	0.0145692338	0.0629457226	-0.1607932094	0.037653067	0.1226615952	-0.0129676051	0.010036134	0.0049976119	-0.0518822822	-0.0147461873	-0.1209910776	-0.0822337494	0.0328518865	-0.0109631802	-0.0860871316	0.135022327	0.0595942506	0.0933851111	0.0092575479	0.2002851666	-0.0217805251	0.0342609887	-0.0529604692	-0.0528260342	-0.0663524182	7.04152e-05	0.0962900566	-0.0748027413	-0.1242951215	-0.0174991572	0.0227929055	-0.0092154789	0.108842297	-0.0108740027	0.073846431	-0.1194753319	-0.1383902888	0.0810901636	-0.0342018122	0.1125599328	-0.0873012032	-0.0213437065	0.1079484873	0.0558563451	-0.098995765	0.0524838407	-0.1098548115	-0.0339722387	-0.0788252751	0.0185687109	0.0424240547	0.1029241466	0.0155729076	-0.0894734012	-0.0070012049	0.1255914417	-0.0342929524	-0.107939384	0.0618948532	-0.0715406346	0.0475533682	-0.080561714	-0.147414969	-0.0507568985	0.0532939903	-0.0558586481	-0.0272743964	0.0952474135	0.0271068195	0.0863759282	0.0486524094	0.0704710828	0.1130741777	-0.0578208076	-0.0470473485	0.0033652086	0.1480210164	0.0022609254	0.0157826632	0.0447350106	-0.0990515925	-0.0089103763	-0.0042118029	0.1077025474	-0.0527746486	0.1373839404	0.0746324884	0.0428511506	-0.0162431424	0.2140507874	0.0219771695	-0.0906152019	-0.0617067844	0.0	0.0010373524604432	-0.0253885816711516	1.0761001271875607e-06	0.0006445800792727	0.0709894129192747	0.0695252783181104	0.0048337643252107	0.0050394967466232	0.2967176447701831	0.0905055035675986	0.0081912461760246	0.0880413607179645	0.0072858761888079	0.0001778619957669	5.308399183863793e-05	3.1634889538220245e-08	0.0036250029595779	0.0002421050609387	1.3140646456948535e-05	5.8614860532131695e-08	0.0012203162668982	-2.6802764352999112e-06	1.489171791256359e-06	7.183881769624e-12	0.0	0.0	0.0	0.0	0.0	0.0	0.0	0.0	0.0	0.0	0.0
588.5826484399217	-3.5753698592503724	346429.53404455254	12.783269630436028	739.8269580508663	-6.561839440056929	547343.9278587983	43.05773683708663	631.1171806383433	-3.4397172268081704	11.83165460040089	398308.8956968912	645.7993195645854	491.9913477256284	1.28468	28.722164	0.1368666050883445	0.0852550676030178	0.0247164825	-0.0627671503	0.0676628612	0.0488839362	0.0888048775	0.1980604143	-0.0565497502	-0.0103311733	-0.0144395698	-0.0928786857	-0.0230508208	-0.086445589	-0.0135689814	-0.0841282469	0.1130563499	0.1497010295	-0.0995883564	-0.1232017736	-0.0245337752	0.0234929785	0.1524093408	0.0216455671	-0.073634264	0.0275042818	-0.0680466003	0.1139200799	0.0147632892	-0.096946021	0.0436356694	-0.0128427444	-0.0955019186	0.033545177	0.0738993559	0.1032327028	-0.081250949	-0.1201745342	0.0768691473	-0.0561187292	0.1114930405	-0.1589693999	-0.086869726	-0.057838876	0.0007157777	0.0369551805	0.0954784926	0.1044856099	0.1047385646	-0.0128977867	0.0235136503	0.0575811261	-0.0977012268	0.0225888252	-0.0885839642	-0.0939925954	0.0117648054	0.1094278056	0.0539300908	-0.0963503502	-0.0490071212	-0.1002454346	-0.0105658063	0.0488709115	0.1718415195	-0.029264946	-0.1950463399	-0.0043539448	-0.0152085417	0.1084778978	-0.2853578898	-0.0438221513	0.0307694595	-0.0788662084	-0.0422569561	0.0119036376	-0.1413664455	0.0481574112	0.0472064771	0.015475433	0.2148863312	-0.1736848724	-0.0802197843	-0.0637607954	0.0508607616	0.098171712	-0.0337337063	-0.0232349342	-0.1206984947	-0.0756117956	0.0109750722	-0.0248089393	-0.0022270871	-0.0176879317	0.0903978433	0.090687871	0.072704776	0.0656995069	0.0022934212	-0.0847480763	0.0616572404	-0.1518171672	-0.0040810648	0.0619522103	0.054983997	0.0688498996	-0.0421166085	-0.1574338289	0.1061469168	0.0376068325	-0.0660226351	-0.0134096259	-0.059976396	0.0338632772	-0.1492331651	0.0102878501	0.1302373177	0.097610476	-0.0043194289	-0.0038355531	-0.0560152334	-0.0861588542	0.0996817997	-0.1069222439	-0.0555558861	-0.3768004701	0.0204303415	-0.0919238605	-0.0578970392	0.0	0.020076985450828	0.0190396329903848	0.0004030853447927	0.0003625076244085	0.0052141252361366	-0.0657752876831381	0.0043263884697995	2.7187101978116556e-05	0.2472725619266214	-0.0494450828435616	0.0024448162174066	0.0611437198817548	0.0073378799433275	5.2003754519599696e-05	5.3844482062688e-05	2.704390484134785e-09	0.0036250313730279	2.8413449999938056e-08	1.3140852455436545e-05	8.073241408989799e-16	0.0012202164034426	-9.986345560013787e-08	1.488928071230394e-06	9.972709764400703e-15	0.0	0.0	0.0	0.0	0.0	0.0	0.0	0.0	0.0	0.0	0.0
590.7750672374121	2.1924187974904044	349015.18006936886	4.806700183589271	752.9052995863792	13.078341535512893	566866.3901452555	171.04301731952168	631.7009960630405	0.5838154246972636	0.3408404501144462	399046.1484270375	651.1021399684821	522.1340651038097	2.283217	51.046906	1.4293225143903625	0.8430514805378053	0.2387655728	0.1693094978	-0.2700795486	-0.2372488031	-0.1622556639	-0.452276003	0.0676927104	-0.1266000944	-0.1501995447	-0.109131779	0.2664188848	0.042254697	-0.0639997815	0.1513692915	0.3984844071	-0.119109508	-0.1101604586	0.1659181607	0.0445765169	-0.0174523925	0.0785008255	0.0914133846	-0.154067756	-0.0540174075	0.0898918023	-0.0630548937	-0.0125548833	0.0270307006	0.0867247207	0.0180089532	0.0587114438	-0.0430741318	0.0465088922	-0.0441387067	-0.1095524487	-0.0979331301	0.0086281065	-0.0501697264	-0.027873951	-0.0044052907	0.0753009032	0.0491093019	0.0467302278	-0.0316686384	0.0270768719	0.1142335405	-0.0511042333	0.0257336909	0.0757705327	0.0616619295	0.0923336152	0.018923371	-0.0614266879	0.041411081	-0.0027515441	0.0125147576	-0.0439680307	0.018887139	0.2956002794	0.2484111996	-0.0939063071	-0.0619416307	-0.4447052456	-0.3351882091	-0.0497809924	0.0355492929	-0.1001408845	-0.0006188817	-0.0537577997	-0.2390123766	-0.0392178439	-0.0320559206	0.1291242829	0.047512116	-0.0535385053	-0.104451341	0.0700391417	-0.0426246286	0.0179672336	-0.0632969089	-0.00352188	-0.0322127614	0.0681920477	0.0856949727	-0.1612530478	0.0595349157	-0.0082178137	0.0439579284	-0.0313365266	0.0086901239	-0.0101356981	-0.0290864599	0.0012629167	0.1200030386	0.0218761665	0.1304951323	-0.044442244	-0.0772421624	-0.0279646295	0.1523220025	0.2124629896	-0.2412021827	0.0366722249	0.1563590389	0.0674097767	0.1279012959	-0.1020799224	-0.0362190027	-0.0201628578	0.0274262965	0.0932659853	-0.1513406492	-0.3066446484	-0.0787980026	-0.1266692344	0.0329576943	-0.0641794489	-0.1255951355	-0.1957067427	-0.0498956156	-0.0209993789	-0.1021838408	-0.0532397474	0.2630780526	0.0188784218	-0.0931408873	-0.0539574532	0.0	0.0317006000417592	0.0116236145909312	0.0010049280430075	0.0001351084161585	0.290774491224667	0.2855603659885303	0.0815447226235034	0.0845498047469639	-0.5725490349657392	-0.8198215968923606	0.6721074507311401	0.3278123974401992	0.0020433329891309	-0.0052945469541965	4.175209704470619e-06	2.8032227450192485e-05	0.0026942746796594	-0.0009307566933685	7.259116049453762e-06	8.663080222502644e-07	0.0012412514942483	2.103509080569996e-05	1.5407052719736374e-06	4.4247504520404303e-10	0.0	0.0	0.0	0.0	0.0	1.0	0.0	0.0	0.0	0.0	0.0
589.2368422804129	-1.5382249569992157	347200.0563005922	2.3661360183352382	744.7686715027108	-8.13662808366837	554680.3740519128	66.2047165719408	633.5973493947923	1.8963533317518115	3.5961559588461958	401445.60116010654	650.495541158283	517.7030698095846	1.650588	36.90295	0.5930853877548509	0.3300910295171435	0.2062353783	0.202296624	-0.2467795591	-0.2586861088	0.1241990311	-0.0258245934	0.0405816893	-0.1029656704	-0.1083086822	-0.0812050308	0.2084543227	0.1135979889	-0.064520394	0.1999196101	0.0984803887	-0.0095863626	-0.0890186114	-0.0322597428	-0.1041478623	-0.1730733548	0.0166772032	-0.1886419258	0.0956181071	-0.1114237823	0.1150422038	-0.1455855899	0.1280785274	-0.0626425483	-0.0265109532	-0.0970760704	-0.113711963	-0.0233839812	-0.1362664486	-0.1163226687	0.0312864449	-0.0043846143	-0.040215711	-0.1740823272	-0.1537396879	-0.2019689592	0.0099077926	0.0547685646	-0.0914770372	-0.0545916532	0.0239638744	-0.0216873628	-0.021998385	-0.0153757618	-0.1645846342	-0.105783122	-0.125600274	0.0642547434	-0.0105749328	0.0001276886	0.020596051	-0.0154678177	0.043810842	-0.0438681415	0.27345947	0.2097405132	-0.0165850306	-0.0957403699	-0.1343867278	0.2340118589	-0.1856512362	0.1589942765	-0.1175802921	0.1554952593	0.093796047	0.0418709774	0.1093761456	-0.2654242979	-0.0143358239	-0.2206563355	0.0152675921	0.355068335	-0.0161283883	0.0721104707	0.0483908169	-0.1215702412	-0.0646352008	0.1112565441	0.0019588679	-0.2239314339	-0.0968788458	-0.0827294323	0.0650499781	0.0705278754	-0.0160979894	0.1082383666	0.0126960566	0.0677968978	-0.0228934447	-0.1724073044	-0.0249990944	-0.0907938885	-0.0521994695	-0.0123599688	-0.0586802213	-0.1021681869	0.1589541878	-0.2485273311	0.1683944318	0.0858156648	-0.1059427789	-0.2496317526	0.1649714338	0.2561799477	-0.256161286	-0.3839531145	-0.2513208574	-0.1552981487	0.1545258663	-0.1533231793	0.2159840335	-0.0162624837	0.3635900104	0.0913507058	-0.134579937	0.1344342972	-0.009306059	0.052502449	0.0643780714	0.1876472904	0.0173217973	-0.0942650692	-0.0498968614	0.0	0.0816025105620354	0.0499019105202761	0.006658969730027	0.0024902006735736	0.0029680232528477	-0.2878064679718193	0.0828325630064138	8.809162029444642e-06	-0.4221191519847238	0.1504298829810154	0.0226291496936819	0.1781845784723023	0.0030770235250677	0.0010336905359368	9.468073773820055e-06	1.0685161240853088e-06	0.0036197124839907	0.0009254378043313	1.3102318466758125e-05	8.564351296855379e-07	0.0011014373088816	-0.0001398141853666	1.2131641453963413e-06	1.954800642975392e-08	0.0	0.0	0.0	0.0	0.0	0.0	1.0	0.0	0.0	0.0	0.0
588.0946794910561	-1.142162789356803	345855.352045688	1.3045358373913123	739.2676246611409	-5.501046841569973	546516.6208721255	30.26151635314698	631.6459009422446	-1.9514484525477656	3.808151062951069	398976.5441771398	646.4180940111411	517.106708546131	1.46518	32.75769	0.163170674457277	0.0929567509602553	0.2092561981	0.1898927217	-0.2145023953	-0.237738839	0.0523152923	0.1803441451	-0.0020395336	-0.126119786	0.0166232247	0.112700614	0.2248729908	0.016724793	-0.023761127	0.1956715329	-0.028925735	0.0385555781	-0.1755980383	0.1354381848	0.0399545746	-0.1671513991	0.1664666773	-0.0989777329	0.1993176908	0.0841452739	-0.0386739487	-0.0781196998	-0.0137194703	-0.0088745535	0.0037256127	0.0108046996	-0.0035460332	-0.1405683689	-6.85038e-05	0.1374518103	0.0348857602	-0.1365507839	-0.0722844918	0.1923997858	-0.0149257303	0.0985239296	-0.1024788713	0.003344383	0.064726594	-0.0907313523	0.0244565349	-0.0694086114	0.0045632178	-0.1522896869	0.1146628593	0.0494950237	0.0213216874	-0.0844855587	0.0156467147	-0.0020933374	0.009719643	0.0470170825	0.0860518677	-0.0452093174	0.2359825345	0.0911096689	-0.0691754265	-0.1527593685	0.105419852	0.2306933286	-0.1538832006	-0.1740285082	-0.0995701598	0.0676939621	-0.0896697809	-0.0451384562	0.1739430232	-0.1673406163	0.1115171244	0.0998045237	-0.1674587093	-0.023087606	-0.1783609736	-0.0455191064	-0.0992181189	0.1441259703	-0.0094631109	-0.0360548557	0.0422717329	0.0870276558	0.1793139126	-0.0656273825	-0.064992386	-0.0379250952	0.1752668103	0.0801487323	0.126678953	8.30698e-05	0.063035465	0.0287285746	0.0663683032	0.044597278	0.1270142839	-0.0590124412	0.1866169119	0.0784986126	0.1695031772	-0.2337598308	0.1695065158	-0.0032832189	-0.0469650031	-0.0223280629	0.0475513565	-0.1029288485	-0.0461859038	-0.0198351654	-0.1217888382	-0.1397940548	-0.0169271448	-0.0159834996	0.017737715	0.0283568449	-0.0747308742	0.1031451588	0.263001481	-0.070817326	-0.0339025984	-0.0240379717	0.0158326935	-0.1266978812	0.0157608558	-0.0952952857	-0.0457243701	0.0	0.1137597419377414	0.032157231375706	0.0129412788857415	0.0010340875297506	0.0819719581846811	0.0790039349318334	0.0062416217347133	0.0067194019286311	-0.3934683015923212	0.0286508503924025	0.0008208712282078	0.1548173043579458	0.0028563433772834	-0.0002206801477843	8.15869748895074e-06	4.869972762610049e-08	0.0035087819138361	-0.0001109305701546	1.2311550518863324e-05	1.2305591394824665e-08	0.0012369997460894	0.0001355624372078	1.5301683718252402e-06	1.8377174381718722e-08	0.0	0.0	0.0	0.0	0.0	0.0	0.0	0.0	0.0	0.0	0.0
588.9666871817312	0.8720076906751046	346881.75860982324	0.7603974125965289	745.2130625871207	5.945437925979832	555342.5086504759	35.34823213167936	632.6832502832953	1.037349341050685	1.0760936553782912	400288.0951890348	649.0509520405602	501.44721946102834	1.343181	30.030111	0.2571681871048956	0.1161384727856725	0.1817860699	0.1095804972	-0.1880718177	-0.0594921058	-0.0735421472	0.0084807092	0.0542139767	0.1540309922	0.0403696041	0.1360826131	0.1857110532	0.0423189391	-0.0082577169	0.08503933	-0.0875288044	0.0246071825	-0.048776432	0.1041880858	0.2284560607	0.0141619112	-0.0815123149	-0.034609639	-0.0613576327	-0.0525321913	-0.013359287	-0.0496607008	-0.0758951059	-0.0552841705	-0.0508725136	0.050657383	0.0446691563	0.0162822849	0.0233096277	0.0709414855	0.0314371719	-0.1310273528	-0.1183663607	-0.056083043	0.098310498	0.0639376208	0.0431629758	-0.0361524526	0.1092943929	0.0019393178	-0.048582387	-0.0760927318	-0.111699102	0.0384473856	-0.0265108724	-0.001551856	0.0153860629	0.0044343171	-0.0167938924	-0.1525001786	-0.0640000789	0.0918741426	-0.0229170737	-0.1053323911	0.1996772813	0.0232733371	0.0144624758	-0.0801225038	0.0398657514	0.126884724	0.0498885659	-0.1291575941	0.117458243	-0.1742681233	-0.0332223209	-0.1307908665	-0.0686106995	0.0244715683	0.0923049909	0.131641818	0.1003773015	-0.0259726004	-0.0544025823	0.0364456748	-0.1096793207	0.1109373434	0.0077462594	0.1288554344	0.0010652647	0.0456322152	0.1273860297	0.0139228464	-0.0113904948	0.1412244655	0.0968717756	-0.0387233361	-0.089457382	-0.1278961291	0.1359307084	0.0203102625	-0.0117202079	0.0912594456	-0.0006859179	0.0318209463	-0.0708871741	-0.0825053572	0.1661093785	-0.1665512307	0.1684678941	0.0197843289	-0.0164698756	0.0594433574	-0.0039616991	0.0092811591	0.137653924	0.0024803355	0.1747582784	-0.014039381	0.0127752447	0.0855114312	-0.1376114247	0.0527580862	-0.0101153294	-0.0824253622	0.1420958332	0.0712714865	-0.0937531651	-0.0372556985	-0.1288761002	0.09083168	0.0141959864	-0.0962305098	-0.0414493366	0.0	0.1136167770189615	-0.0001429649187798	0.0129087720201764	2.043896800174192e-08	0.0440638176634848	-0.0379081405211963	0.0014370271177747	0.0019416200270808	-0.3170623586451668	0.0764059429471544	0.0058378681176438	0.1005285392696363	0.0045808492783507	0.0017245059010672	2.0984180110966127e-05	2.9739206028159392e-06	0.0042048756576704	0.0006960937438343	1.7680979296469082e-05	4.845465002052524e-07	0.0008033766166357	-0.0004336231294537	6.454139881570246e-07	1.8802901839722026e-07	0.0	0.0	0.0	0.0	0.0	0.0	0.0	0.0	0.0	0.0	0.0
590.1339977678052	1.1673105860739952	348258.13532141194	1.362614004360414	744.5901176484294	-0.622944938691262	554414.443299702	0.3880603966410602	632.7372465793442	0.0539962960489219	0.0029155999870028	400356.4232088098	648.2545134107339	496.5743560177541	1.092495	24.425411	0.207371217391318	0.1276364112085775	0.1800838862	0.0874955637	-0.1827874463	-0.064075614	0.0434017737	0.054924133	-0.0696519805	0.0972493918	0.0720565829	0.005336066	0.176148898	0.0209225679	0.0847210036	0.1535192671	0.0090816337	0.1628238067	0.1243133342	-0.1345429396	0.0183236779	0.0131485727	-0.0527944582	0.0464612953	0.02460018	0.0609854683	0.025630701	0.0273692979	-0.0594845127	-0.0138506334	0.0762569634	-0.0110563501	-0.0888936314	-0.0087982741	-0.008876002	-0.0014659953	-0.0731244591	-0.0217105652	-0.0109198584	0.0308730192	-0.0364399364	0.0824054549	-0.0182567961	-0.0005314541	-0.1381064741	-0.050831567	0.096559792	0.1048795295	0.1060817169	-0.1096564124	-0.0299808928	-0.0361467301	0.0202163535	-0.0662010031	-0.1289558402	0.0431307796	0.0049875362	0.1336914247	0.0672697707	0.0396274903	0.1990266809	-0.0020300249	-0.0245589825	-0.1288723383	0.1410099367	0.1414484392	-0.0265878108	0.1270639337	0.0377167921	-0.1670277006	-0.0428025453	-0.0865350307	-0.0094627903	0.0035040944	-0.069042747	-0.1340552403	0.0235649132	-0.004791406	0.0489962546	0.0430820313	-0.0309548425	-0.0881962873	0.0540102125	-0.0778871009	-0.1328065896	0.0773653923	0.1113127963	-0.0329132259	0.0235414394	0.0396813715	-0.0182497329	-0.0810763632	0.006874161	0.0211678714	-0.0976250058	-0.0069739726	-0.0206927286	0.0547338086	0.0758198195	-0.0705865792	-0.0772888334	0.0240990613	0.1592893822	-0.1525980191	0.1757134486	-0.0203299513	0.0418170899	0.0612838538	0.0159074871	0.0768995928	0.1157050087	-0.0498170521	-0.0941913552	0.0793405885	0.0183843216	0.0520930032	-0.0543750015	-0.0223804749	-0.100048072	-0.0136817251	0.0909985623	-0.0506726434	0.0074227804	0.0073845177	0.0144525825	-0.1881988589	0.012627579	-0.0970698092	-0.0370813481	0.0	0.1141213718696008	0.0005045948506392	0.0130236875173997	2.546159632916896e-07	0.1441175132259218	0.100053695562437	0.0100107419957008	0.0207698576184237	-0.24583280384239	0.0712295548027767	0.0050736494774017	0.060433767445011	0.0045390954752651	-4.175380308560003e-05	2.0603387733572102e-05	1.7433800721110627e-09	0.0048718650457952	0.0006669893881247	2.3735069024441066e-05	4.448748438710943e-07	0.0008004523643368	-2.9242522989000484e-06	6.407239875723731e-07	8.551251507622218e-12	0.0	0.0	0.0	0.0	0.0	0.0	0.0	0.0	0.0	0.0	0.0
591.810248569375	1.6762508015697222	350239.3703117454	2.809816749763136	746.7004799743905	2.1103623259610917	557561.6067939852	4.453629146835907	632.5784326229456	-0.1588139563986033	0.0252218727469774	400155.4734197025	647.8579171422799	501.104440684207	1.043569	23.331537	0.1887862487420424	0.1182221233334012	0.1671062456	0.0383180783	-0.1652771416	-0.027659871	-0.0822763002	-0.0845061706	-0.0688704576	0.0446152216	0.1070524758	0.0693237551	0.1799078485	0.0039522051	0.132637797	0.1148863038	-0.0326013526	0.0819095025	0.0088140224	-0.0186558063	0.0966159404	-0.0721118556	-0.0260651611	0.0262432862	-0.0169676701	-0.0700735706	0.0168739254	0.0516979081	-0.0731035549	0.0386216781	0.0230284146	-0.0944203429	-1.85545e-05	0.0613526997	0.0767227702	0.023778847	0.0650706701	0.0430689964	0.0363980231	-0.033046192	-0.0737916096	0.0751399159	-0.1442127649	0.1514508254	-0.0789531345	0.1465821475	-0.145044521	-0.0044767595	-0.0582080422	-0.0008761136	-0.0010092059	-0.0170589428	0.0418684038	0.0449830821	0.0858814701	-0.0201932326	-0.1864474013	-0.0931583364	0.0158478963	0.0949787079	0.183670604	-0.0431879879	-0.0507218595	-0.1320697686	0.0211793536	0.0502443753	0.1088168074	0.082863784	0.1031262509	-0.125484717	-0.04912093	-0.1071162036	0.0442081449	0.0591430763	0.0506002888	-0.0947587956	0.1425520689	-0.0827813549	-0.0120002725	0.0011097136	0.0700953774	0.0093018119	-0.0160449181	-0.0181710809	-0.0211458589	-0.0173780404	0.0600973062	0.0523742948	0.0090767356	-0.057550381	0.0362849992	-0.1261093045	-0.0176464013	0.1606209841	0.1119983668	-0.0029880525	0.0987724162	-0.147439956	-0.0068890724	0.11572715	-0.0226825864	0.0229370291	0.1553694991	-0.1150477456	0.1970064355	0.00710234	-0.0323910494	0.0463851728	-0.0953206001	-0.051287773	0.1957656556	0.0638782144	0.0112151154	0.0660889335	0.0201075978	0.0766593385	-0.0040182687	0.0379967451	0.0338879108	-0.0380920398	0.0771603582	0.0229051346	0.0586887507	0.0072271154	0.0294129808	0.0794011558	0.0110560246	-0.0978123473	-0.0326302004	0.0	0.1135032532243371	-0.0006181186452636	0.0128829884925079	3.820706596226201e-07	0.061146449912016	-0.0829710633139058	0.0068841973474401	0.0037388883368426	-0.2294122520973971	0.0164205517449929	0.0002696345196099	0.0526299814123996	0.0061320779394807	0.0015929824642156	3.760237985586588e-05	2.5375931312984074e-06	0.0050460014796833	0.0001741364338881	2.546213093296605e-05	3.0323497607264624e-08	0.0007920409616829	-8.411402653899966e-06	6.273288849835731e-07	7.07516946060354e-11	0.0	0.0	0.0	0.0	0.0	0.0	0.0	0.0	0.0	0.0	0.0
592.0855871360425	0.2753385666675285	350565.3424942322	0.075811326294529	746.847663277907	0.1471833035164991	557781.43214367	0.0216629248340298	632.8836503418737	0.3052177189281337	0.0931578559476932	400541.71487005503	648.1895530089812	506.09704043572407	1.008733	22.552689	0.1986371075794622	0.0958196348500923	0.1601824705	0.0156804207	-0.1558129153	0.0247905206	0.0219244607	-0.0232827052	-0.0868065797	0.1059644766	-0.0318330197	0.1082123175	0.1755411924	0.0342413326	0.0710558147	0.0426309904	-0.081766848	0.0113836516	-0.0313692747	-0.1177563554	0.0169783718	-0.1838537156	-0.0436174402	-0.0716918411	0.0146024126	-0.0128785903	0.0953457721	-0.0553177131	-0.0142538062	-0.1689190366	-0.0606570076	0.0631472328	0.0056186699	0.0531169215	-0.0215513385	-0.1524307694	0.0399892304	0.058720502	0.0143640805	-0.040890253	0.0904641401	-0.0096074353	0.0771865323	-0.110507368	0.1188640738	0.0070930818	0.0189067415	-0.0880427422	0.1782821768	0.1392755397	0.0225577991	0.1445646274	-0.0574605545	-0.0925873607	-0.0827854903	0.0654801542	0.0280816437	-0.0558738999	0.0219631428	0.0086420624	0.1616567356	-0.0633367899	0.0464554193	-0.1396688117	0.0653520396	0.1474585987	-0.0255664672	-0.0899246965	-0.0463880668	0.0333622498	0.0148138455	-0.0525487487	0.0187532834	0.0142907094	0.017839657	0.0089715646	0.0983574649	-0.0880868311	0.0734600751	-0.0713770945	0.0326725789	-0.0728705797	-0.0289740273	0.0795082353	0.0069002882	0.0160313389	-0.0900236844	-0.0813685316	-0.0555694278	-0.0567537003	-0.0956313125	-0.0652642352	-0.0372841461	-0.2498168462	-0.1672155272	-0.0351415474	0.0462882209	-0.0379680085	-0.0574346116	0.1852716687	-0.0188686824	-0.0223315375	0.1459798219	-0.1066554626	0.2065194545	-0.0411239246	0.0128409885	0.1133025333	-0.0142415336	-0.0278193111	0.0878303198	-0.0558502698	0.0827188666	0.1089377331	0.1198573409	0.059670505	-0.0723812894	0.0160522807	0.0280808894	0.0224599695	-0.0798996952	0.0449207098	0.0540641546	0.0111041234	0.0766967436	-0.1485705571	0.0094817148	-0.0984573839	-0.0281058757	0.0	0.1200298184836015	0.0065265652592644	0.0144071573252063	4.259605408343698e-05	0.1384663068307219	0.0773198569187058	0.0059783602739291	0.0191729181273396	-0.1853777810544201	0.044034471042977	0.0019390346400347	0.0343649217086605	0.0070621109010054	0.0009300329615247	4.987341037809931e-05	8.649613095224042e-07	0.0051269557310689	8.09542513856001e-05	2.628567506834024e-05	6.553590817402937e-09	0.0003879038874229	-0.00040413707426	1.504694258777979e-07	1.6332677479143274e-07	0.0	0.0	0.0	0.0	0.0	0.0	0.0	0.0	0.0	0.0	0.0
591.5586227286267	-0.5269644074157895	349941.6041245897	0.2776914866830742	750.2048183456991	3.357155067792064	562807.2694691034	11.270490149201938	631.9103478485683	-0.9733024933053684	0.9473177434744467	399310.6877180986	649.2228671436212	500.472051356271	1.116046	24.951939	0.2760093337031581	0.1468420019260278	0.1705496682	0.0501175678	-0.2257916505	-0.0438861455	0.0574487718	-0.050246309	-0.1152985967	0.0240255331	0.0740782692	-0.0323366023	0.2043230865	0.0083400207	-0.0650509725	0.0728160086	-0.075106345	0.0738085246	0.0905750987	-0.0727336204	0.0359372509	-0.0256024816	0.011543778	0.0226642189	0.0366571473	-0.027525834	-0.0443334671	0.1336964762	0.0397994088	0.0674037599	-0.0478072968	0.1058503088	0.0343720608	0.0351317875	0.0265490449	-0.1166830908	-0.0267679168	-0.0872484773	0.1060409639	-0.0173049762	-0.0229241099	0.0632285792	-0.0569715549	-0.0316118297	0.176413932	-0.0794839609	-0.0124137739	-0.0467825879	0.0687328879	0.108198544	0.0096940343	-0.0307186737	0.1017686894	0.1682204615	0.0169073453	-0.0071879948	0.0795990353	0.0491678832	-0.0629044724	0.0164031956	0.2093061031	0.0260037143	0.0173112575	0.0015451269	0.0593160615	0.0949796937	0.0246640232	0.0751175872	-0.0450469692	-0.0523471327	-0.0655208128	-0.0548824159	-0.0334307465	0.1371052487	-0.0421532075	-0.0615973513	0.1365916301	-0.1831560058	0.0797243983	0.0240275444	0.0419579999	0.1210365198	-0.0189876873	0.0240837599	0.0084351289	0.0364787212	0.0055049073	-0.1074676702	-0.0688604703	0.0461380571	-0.1691556982	0.0864687252	-0.0944241962	0.0617860277	0.0507115132	0.0848711734	0.0315390037	0.0211205587	-0.0885002794	0.0403673911	0.0114114276	-0.0661557468	0.1685336761	-0.1251249615	0.2152579354	0.0207638165	-0.0792887589	0.0907708383	-0.0982599559	0.1279718502	0.1399858202	0.0711477115	0.0023512964	0.16704893	0.0716856172	0.0960419791	-0.0606563785	0.0011723853	-0.0391551175	0.048150905	-0.1010625077	-0.1278480159	0.0655005246	-0.0839958768	0.0397223791	0.1082206669	0.0079050419	-0.0990042761	-0.0235185203	0.0	0.0982248346627017	-0.0218049838208998	0.009648118144515	0.0004754573194297	0.0494384054018297	-0.0890279014288921	0.0079259672328325	0.0024441559286756	-0.2644689294563562	-0.0790911484019361	0.006255409755537	0.0699438146477911	0.0080957579360291	0.0010336470350236	6.554129655877816e-05	1.0684261930132851e-06	0.0057398834266346	0.0006129276955657	3.294626175135456e-05	3.756803599914802e-07	0.0003127726169837	-7.513127043920004e-05	9.782670993483229e-08	5.644707797808214e-09	0.0	0.0	0.0	0.0	0.0	0.0	0.0	0.0	0.0	0.0	0.0
593.254211747063	1.6955890184362945	351950.55975562904	2.875022119441756	750.0712325226716	-0.133585823027488	562606.8538580796	0.0178451721139313	634.1794678790014	2.2691200304331005	5.148905712512715	402183.5974792934	650.0998623537652	506.13692256302863	1.232126	27.547188	0.3843110706498362	0.2211669988540996	0.1535121812	0.005435216	-0.1391665713	0.0513585775	0.0440183784	-0.03887386	-0.0689184887	0.0053599166	0.1143365056	0.076741297	0.1286903938	0.0929796838	0.008688786	-0.0560439279	-0.1924262254	0.0224335599	0.1231318498	-0.0426605379	0.1153515888	-0.0524357721	0.0592930317	0.0587571607	-0.0636100025	-0.0029911927	-0.0260616852	0.0123065228	-0.1674693011	0.0337330816	-0.0004627009	0.1050380171	0.044290356	-0.1174889324	-0.0739076272	-0.0849336933	-0.0664230613	0.1221077388	0.022190769	0.0171211525	0.0193228969	-0.0144210308	-0.0345899209	-0.0409302879	-0.0386585564	0.0664243226	0.0772069518	0.0387467334	-0.1326968444	0.0483049905	0.0410564966	-0.0253664128	0.1039679572	0.0237805047	0.0890628692	-0.0261229847	-0.0154250275	0.0596150285	-0.1649534661	-0.0679827814	0.1245146526	-0.0282639093	0.1171203611	-0.0272160173	0.1378950958	0.0399654994	0.1640560331	-0.0160318409	0.0745456953	-0.0649477734	-0.1448373802	-0.0350132514	0.0192258266	0.0106617553	0.0302753572	-0.059456464	0.066994909	-0.0125691495	-0.0511590162	-0.0807763358	-0.0712218651	0.0513062299	-0.0148966426	-0.0901856385	0.0309092962	0.0644717471	-0.2186067657	0.0390879919	0.1442704213	-0.0407993073	-0.0843848722	-0.0585851518	-0.0723985883	-0.0138899977	-0.0486299906	-0.0650355598	-0.0773736356	0.0695837644	-0.0677896373	0.0075800811	0.1126291869	0.0458988381	0.1462597911	-0.0642191411	0.1805468691	0.0136568445	0.0582306716	0.000242242	-0.084348345	-0.1042909648	0.1107491523	0.0267394244	0.0215620223	0.1097748545	0.071014089	0.0495847178	0.0918402629	-0.0296611439	0.0070437002	0.1111823726	0.0205229422	-0.0762494786	0.0550794023	-0.0088204476	0.1364284799	-0.2334932504	0.0063263989	-0.0994524786	-0.0188784218	0.0	0.0814174016884266	-0.0168074329742751	0.0066287932976946	0.0002824898031847	0.1682694403035043	0.1188310349016746	0.014120814855803	0.0283146045400545	-0.1100793489657547	0.1543895804906014	0.0238361425640639	0.0121174630687244	0.0069760884913913	-0.0011196694446377	4.866581063972215e-05	1.2536596652555192e-06	0.005060474950264	-0.0006794084763706	2.5608406722249432e-05	4.615958777642207e-07	0.000399355141641	8.65825246573e-05	1.5948452915510318e-07	7.496533576031963e-09	0.0	0.0	0.0	0.0	0.0	0.0	0.0	0.0	0.0	0.0	0.0
593.5512083077607	0.2969965606977212	352303.03688360273	0.0882069570662751	754.7652741744805	4.694041651808902	569670.6190996787	22.03402702891685	637.5568344787981	3.3773665997966877	11.406605149422235	406478.7171906256	653.7252493863211	501.6440178776345	1.624917	36.329014	0.6300067863753444	0.4960074837118045	0.0009476956	-0.0422123254	-0.0151979127	0.1503073655	0.0977056882	-0.2014211941	0.0962726688	0.1413753678	0.0292053449	0.1383109681	0.0098000205	0.2973419703	0.0039874877	-0.1379736622	-0.1707075644	-0.0345225329	-0.0242818659	0.119716343	-0.0006054468	0.0263851624	-0.0274502029	-0.0082810634	-0.0837437268	0.0613680226	0.0610864058	-0.0336459242	-0.0344494619	-0.0402154747	0.0047677296	0.0642548793	-0.1157600531	0.0343701917	0.0656039401	0.0343242312	-0.0272121229	0.1134923342	-0.0572925334	-0.002589614	0.0134309942	-0.0388214507	0.0012586563	-0.1421683277	-0.0439765635	-0.0401384127	0.124627912	0.0484124965	-0.065112916	0.1090986227	-0.0950004567	0.0400785158	0.042497586	-0.0012045342	-0.0856865913	0.0504719394	0.0401250806	0.0437746499	0.1036744137	0.0607249356	-0.015383493	0.0428093777	0.3018271011	-0.0796385232	-0.0310325972	0.0229360052	0.0977350324	-0.1588463657	-0.0167599268	-0.076958759	0.1184451112	-0.0314374192	-0.0133169577	0.0066377253	-0.0459367062	-0.043925822	-0.0335730451	0.0767208266	-0.1309252175	-0.0002723732	0.0408337704	0.0171061916	-0.0370021243	0.0209635861	0.0248809346	0.0684246754	-0.0503681051	-0.0412198955	0.0758834882	-0.0896690125	0.0033940579	-0.1076401625	-0.0446426667	-0.0782635637	-0.0461906136	-0.1231472687	-0.091812485	0.0587350634	0.1228632726	0.0371077793	-0.0006062089	-0.047207621	-0.0186799674	0.0026876848	0.0714679071	-0.0219141878	0.3101754667	0.1494214364	0.0595004798	-0.0259833783	-0.027291629	0.0058979691	0.1091401353	-0.0187148161	0.0413884574	0.0976012185	0.0835384562	-0.112614101	0.0986129117	0.0622569148	0.0498860136	0.1123002597	-0.2447320263	0.0748185778	-0.0091564885	0.0338605561	0.0047461793	-0.0998015448	-0.0141959864	0.0	0.1224956662986755	0.0410782646102489	0.0150051882619564	0.0016874238233896	0.1607908418419725	-0.0074785984615317	5.5929434948825626e-05	0.0258536948202502	0.370034277771559	0.4801136267373137	0.2305090945788566	0.1369253667259193	0.0064840284125223	-0.0004920600788689	4.2042624454396464e-05	2.4212312121656625e-07	0.0055208670338562	0.0004603920835921	3.047997280552015e-05	2.119608706343669e-07	0.0014736289105048	0.0010742737688638	2.171582165875564e-06	1.1540641304688334e-06	0.0	0.0	0.0	0.0	0.0	0.0	0.0	1.0	0.0	0.0	0.0
593.6808278645486	0.1296195567879294	352456.92537393584	0.0168012295018992	747.8731306400537	-6.89214353442685	559314.2195333547	47.50164249914184	638.8435149762615	1.2866804974634078	1.6555467025526829	408121.0366272249	654.5350513750691	455.6124595508241	2.282217	51.024567	1.3554233720544988	0.8212229745876666	-0.2722784584	0.2205536595	0.1607200222	-0.1475741552	0.183687643	-0.3231581169	0.0568939807	0.2300807776	0.2308315728	0.0281338446	-0.1450975263	0.4222938858	-0.0544395626	0.1859317609	0.0611775345	0.069976645	0.0001210332	0.0466761901	0.0157697815	0.0994714347	0.0546253795	0.0191431035	-0.0160319441	0.0590870498	0.0185225585	0.0354676409	-0.0545978276	-0.0158602798	-0.009463377	0.0723568741	0.027466798	0.0596819592	0.140987944	0.0245891275	-0.0301162467	0.1755835504	0.026249578	-0.0283285832	-0.0419185703	-0.0232315197	-0.0260452825	-0.0400476606	-0.0092088336	-0.0412248348	0.070260317	0.0878205303	-0.0029422084	0.0079242208	0.0461274216	0.0218439032	-0.0963919349	-0.0159101052	-0.0074884708	-0.0106578006	-0.007934249	-0.0547621609	0.0330807515	-0.0022828669	-0.1485742889	0.3739328369	0.1674491786	-0.1919274328	0.0138409656	-0.0861254324	0.0730148928	0.0133833717	-0.0093115884	-0.1653560407	-0.0022625762	-0.0226931228	-0.0503430453	0.0518764754	-0.0610524026	0.0153675247	-0.036008451	-0.0452743383	-0.0573291577	0.0645270343	0.1191044719	-0.085318844	0.016240792	-0.024254012	0.0405157567	0.0282059155	-0.0134773199	-0.1746661822	-0.0100859596	-0.046114156	0.0269774295	-0.1401809699	0.0045022357	0.1534000517	0.0595572495	-0.0555744151	-0.0635688333	0.0560757261	0.0526544285	0.0659067958	0.0317835023	0.0128415351	-0.2288634386	-0.2814528995	-0.0598616338	0.0656033066	0.2860920431	0.0413548988	-0.0135000456	-0.0048691626	-0.0337258188	0.0739356158	-0.024238322	0.1286502721	-0.006594885	-0.1698836102	0.1753239547	-0.0167408304	0.0135104723	-0.0847746175	-0.0676263832	0.003785766	0.1190204165	-0.1848217454	-0.1385148672	0.0566664573	0.0031647768	-0.1000511266	-0.0094817148	0.0	0.1920664334273141	0.0695707671286386	0.0368895148494888	0.0048400916388672	0.0651173241459162	-0.0956735176960563	0.0091534219883376	0.0042402659039243	1.212811565253233	0.8427772874816739	0.710273556294968	1.470911892811997	0.01215040021034	0.0056663717978176	0.0001476322252714	3.210776935110378e-05	0.0067893354415482	0.001268468407692	4.60950757378625e-05	1.60901210131268e-06	0.0014868246999577	1.3195789452899887e-05	2.2106476884043043e-06	1.7412885928526388e-10	0.0	0.0	0.0	0.0	0.0	0.0	0.0	0.0	1.0	0.0	0.0
591.3160337962962	-2.364794068252422	349654.65182458254	5.592250985241842	730.9281542766144	-16.94497636343931	534255.9667142181	287.1322239575169	637.9086654950987	-0.9348494811628144	0.8739435524303831	406927.46551373776	651.9497113853338	453.0477006869358	1.108607	24.785624	0.5513027789823312	0.3028643172877853	-0.2731197401	0.2986439929	0.1625509333	-0.3628334822	0.1633971578	-0.057970156	-0.1334068122	0.0546686003	-0.1033513711	-0.0160833855	-0.1506093784	0.345638138	-0.0578568467	0.2164642704	0.0709750548	-0.0461052247	0.0430236843	-0.1137746993	-0.0516190063	-0.005863135	-0.0959969197	0.0493326473	0.0859446547	0.0693369041	-0.2235491058	-0.0572168287	0.0138580634	0.0420286732	-0.0232420346	0.112116045	0.0356059214	-0.072548762	-0.0052164104	-0.0326765001	-0.0386307628	-0.0327651842	0.0752810303	-0.0327274217	0.0416346509	0.0109467708	-0.0132417804	0.0100749173	0.0238619823	0.0942051204	0.0338618686	-0.0274665671	0.0505896885	-0.1180412327	0.0175354041	-0.0245760949	0.0243022693	-0.0114077046	-0.0653043718	-0.0354456665	-0.0393619673	-0.0066760043	-0.0282941423	-0.0161357129	-0.1325353288	0.3812284545	0.0594288772	-0.190317782	0.1241607045	-0.0323973155	-0.0038544284	0.0076870488	0.0767728318	0.0606180963	-0.0758140102	0.1515562957	0.0673872683	0.1484599881	-0.0436031906	-0.1067065856	0.0199293869	-0.0369141153	0.0259585036	0.0591837729	0.0260172937	0.089241999	-0.0060822952	0.0403881151	-0.0898275899	-0.0524781837	-0.0345535798	-0.0511811746	0.0880756045	0.1520315564	-0.0030431704	0.0685626354	0.1107924469	-0.0802409736	0.0120712484	0.0936322825	-0.0013338147	0.0171622914	0.0134168698	0.055666018	0.0651743793	0.0458604358	-0.2289805425	-0.3590233788	-0.0401761089	0.0003715504	0.0536650425	-0.0188532154	-0.0551187216	-0.0542292896	-0.127587337	0.2264928452	0.018176322	0.0963239014	0.08270244	-0.1002142635	0.1002633104	-0.0102841763	-0.087000976	-0.1773041588	0.0747355617	0.1902899181	0.0695924374	0.0373402761	-0.0181436698	0.0119301385	0.0015825856	-0.1002009753	-0.0047461793	0.0	0.2382955830853035	0.0462291496579893	0.0567847849179647	0.0021371342781007	-0.2026883417134684	-0.2678056658593846	0.0717198746663883	0.0410825638665557	1.286132553946615	0.0733209886933821	0.005375967382975	1.6541369463212428	0.013925883372709	0.001775483162369	0.0001939302277102	3.15234045985583e-06	0.0079402812127495	0.0011509457712013	6.304806573754268e-05	1.324676168246156e-06	0.0018393352618189	0.0003525105618612	3.383154205370401e-06	1.2426369622369893e-07	0.0	0.0	0.0	0.0	0.0	0.0	0.0	0.0	0.0	1.0	0.0
586.6371073056094	-4.678926490686763	344143.0956678931	21.892353105250347	729.5214031425254	-1.4067511340889496	532201.4776430391	1.9789487532605456	631.951340681352	-5.957324813746709	35.48971893648226	399362.4969889582	646.9677883193684	447.2071720415737	1.045873	23.383053	0.3680913806974355	0.1875480699295489	-0.2607370329	0.2864940857	0.1636973942	-0.312826728	0.1844569031	0.0546491721	-0.1047193684	-0.0630162642	-0.1083509393	0.0116859672	-0.1455386216	0.0487053972	-0.1155053727	0.2473784845	0.0558559487	-0.0636321952	0.026561849	-0.1193228544	-0.0099359513	-0.00289336	0.0003588564	-0.0138965329	0.0524445527	0.11768835	-0.1352253115	-0.0621593263	-0.0179793878	0.0015198185	-0.0523525686	-0.1606571968	-0.0440774702	-0.0360874959	-0.0202421424	0.0042443896	0.0425883749	-0.0355304939	0.0538970435	-0.0729059302	0.0601125356	0.0096787738	0.0371774821	0.0274995857	0.0180713339	-0.0595929837	0.0898614538	-0.0540480519	0.0207626102	0.0802598148	-0.029968759	0.0439886619	0.0251053186	-0.0807546757	0.1814135035	-0.0316534315	0.0608920177	-0.0874934667	0.0238815811	0.0505869854	-0.1242889786	0.2830664682	-0.1120671745	-0.046629796	0.0995787796	0.0636486378	-0.1073697461	0.0270846426	0.0560766813	0.1392891612	-0.0494171957	0.1357523284	0.1055762593	0.1280281578	0.0902465009	0.0231293825	-0.026128528	-0.010120322	0.0056059648	-0.005628129	0.0251367164	-0.010241328	0.1206563779	0.1146011972	0.0111731563	0.0164727276	0.0146640807	0.0890236575	-0.0300509297	-0.0276707054	-0.0839571311	-0.0847629745	0.0730569058	-0.0057754311	-0.0601044492	0.0977919024	-0.0584234681	0.1672364924	-0.0799642508	-0.0011959763	-0.0884992244	0.0025271802	-0.2122771421	-0.3183622796	-0.0764590484	-0.0517298275	-0.1058831522	-0.1224898152	-0.0036247947	-0.0149554881	-0.1609420722	0.2007972106	0.0662497057	0.101124222	0.138474011	0.071222471	0.1166153471	-0.0221564407	-0.1125524446	-0.0952403562	-0.0368950355	0.0202599356	-0.0088246245	0.1392756529	-0.0265371525	-0.0816459549	0.0	-0.1002509414	-0.0	0.0	0.1948997188567176	-0.0433958642285858	0.0379859004104275	0.0018832010321458	-0.2674762656741904	-0.064787923960722	0.0041974750911402	0.0715435526990101	1.1931488386155775	-0.0929837153310375	0.0086459713167634	1.4236041510897015	0.0159540341100422	0.0020281507373331	0.0002545312043843	4.1133954133452e-06	0.0077401174537889	-0.0002001637589606	5.990941819844756e-05	4.0065530401237454e-08	0.0029494983090669	0.001110163047248	8.699540275188504e-06	1.2324619914749654e-06	0.0	0.0	0.0	0.0	0.0	0.0	0.0	0.0	0.0	0.0	0.0
586.9018232565796	0.2647159509701851	344453.7501418974	0.0700745346980494	734.6709362995575	5.149533157032124	539741.3846432685	26.517691735373237	631.5365346272787	-0.414806054073324	0.1720640624958814	398838.394569032	648.2840689378053	461.2110838862191	1.277972	28.572206	0.6922616602001269	0.3991517014169193	-0.1602809542	0.1369201017	0.0911681107	-0.1702810063	0.0968083957	0.0582798951	-0.0146454068	-0.0786633178	-0.0464570018	0.0649569526	-0.1401988034	-0.0050033726	-0.0786718088	0.1070146129	0.0378786548	-0.0169294251	-0.0245713715	-0.0736849453	-0.035314235	-0.0254227152	0.0896272358	-0.0262820523	0.0919594306	-0.0033573713	-0.0109575606	0.057276583	-0.0158940017	-0.0975740915	-0.0337876777	-0.1075912488	0.061305346	0.0719813768	0.0061456004	0.1209537322	0.007938327	0.1218922152	-0.0555317573	-0.0288865817	0.0227620781	0.0178226574	0.0565200361	-0.0179006439	0.0324619796	0.1116749781	0.0397044538	0.0105360156	0.076952327	0.0247889658	0.0798830604	-0.0537330308	0.0441880511	0.0362955571	0.0693042449	0.0087722541	0.0136171432	-0.0276333042	0.1787804417	0.0080252839	-0.1034294207	0.1553137439	-0.0638073193	0.042240331	0.0700610881	-0.0284447273	-0.0138414278	0.0523419341	0.0003753149	0.0779643947	-0.0253820176	0.0147983406	-0.0041906938	-0.0424981799	0.0793257384	-0.014203341	-0.0630418701	-0.151960038	0.0165908565	-0.0339542553	-0.0853294211	-0.0459832717	-0.0079202725	0.1189115575	0.0365132899	-0.0796457308	-0.0314716677	0.1442769593	-0.0752930766	-0.0880091744	0.0128888568	-0.0983085232	0.0623715489	0.1029517883	-0.0345973309	-0.0508755966	0.0870480195	0.0163514271	0.0062503144	0.0460682831	0.0648219884	-0.156788775	-0.1441347234	-0.1484528388	-0.0750178416	-0.1278671907	-0.0608847321	-0.0287085436	0.0314112847	-0.0364948515	-0.0523696249	0.0311305593	0.115798671	0.1071828298	0.0290997033	0.1409932163	0.103716809	0.2050404983	-0.0683526691	0.0008759569	-0.2139353598	-0.0374206966	0.0303598767	0.0623248627	0.2167210037	0.0287839287	-0.0015825856	-0.1002009753	0.0047461793	0.0	0.1693553253421527	-0.0255443935145649	0.0286812262217463	0.0006525160400269	-0.0743889313287979	0.1930873343453925	0.0372827186846093	0.0055337131042406	0.8442667605162981	-0.3488820780992794	0.1217187044188717	0.7127863629126843	0.0149688950289669	-0.0009851390810753	0.0002240678183882	9.704990090618874e-07	0.0082284940451	0.000488376591311	6.770811425024615e-05	2.385116949406487e-07	0.0019280568966355	-0.0010214414124314	3.7174033966637153e-06	1.0433425590298536e-06	0.0	0.0	0.0	0.0	0.0	0.0	0.0	0.0	0.0	0.0	1.0
586.0457957380046	-0.856027518575047	343449.67470219097	0.7327831125577524	736.4672106351101	1.796274335552539	542383.9523406596	3.2266014885647154	630.1093551347841	-1.427179492494588	2.0368413037971096	397037.7994283735	647.7134038609987	464.4226608889842	1.044426	23.350698	0.4049578521236161	0.1881521548164448	-0.1298014153	0.0776631174	0.0951697811	-0.1021962528	0.0538985177	0.0633793877	0.0564678508	-0.065188346	-0.0436415674	-0.0861812401	-0.1400636391	-0.106511643	-0.118205447	0.0285693217	0.0036387172	-0.012230412	0.1208022018	0.0901542057	0.019330107	-0.0404293732	-0.0115374319	0.015293995	0.1213899445	0.027353812	0.0353401699	-0.0704208085	0.0333998531	0.0165950699	0.0220124653	-0.0294628369	0.0398147473	-0.0450457608	-0.0150916794	0.0689424839	-0.0599994415	0.0193379582	-0.0136751935	-0.0734740251	-0.0053286376	-0.0494489373	-0.001674257	-0.1036330829	-0.16047587	0.0836611672	-0.0205655182	-0.0632658179	0.0253400173	-0.0108655256	-0.0074656721	-0.0933748105	0.0145855237	0.0406793631	0.0041212899	-0.0667131271	-0.0716150004	0.0796109997	0.0366777807	0.0959770299	-0.1081979248	0.0904269327	-0.0889410258	0.139697103	0.0046934851	0.0328377723	-0.090794636	0.0661386002	0.0318526031	-0.0207739219	0.0662862619	0.0234946305	0.0168367655	-0.0623781173	0.004939217	-0.0455089254	-0.0530459148	-0.0649444669	-0.0190269403	-0.0111114938	-0.0869803428	0.0272104951	-0.0538563386	0.0025251641	-0.10357549	-0.1406981154	-0.0150195567	0.0053142942	0.0375297734	-0.0784140642	0.0379741137	-0.0206648649	-0.0011542389	-0.0096721222	0.0045970608	-0.0032817086	-0.0008016747	-0.0116024859	0.0037693435	-0.0185251791	-0.0212199014	0.0159772521	-0.1438259509	-0.073729906	-0.0875650995	-0.0700393851	-0.0072234413	0.0119548113	0.0634827542	0.0913511903	-0.0303708117	-0.0050903256	-0.0290398323	-0.0527776441	0.0097075747	0.050678363	-0.0175256341	-0.0146385993	-0.0975930217	0.0341581521	0.0225534246	0.0521225814	-0.1510259139	-0.0773544987	0.0170941322	-0.01371611	-0.0031647768	-0.1000511266	0.0094817148	0.0	0.1412423042913957	-0.0281130210507569	0.0199493885215432	0.0007903419526003	-0.0480692598020198	0.026319671526778	0.0006927251092774	0.002310653737914	0.7933232968134121	-0.050943463702886	0.0025952364940472	0.6293618532669011	0.0125629089446794	-0.0024059860842874	0.0001578266811523	5.788769037785094e-06	0.0057090798695871	-0.0025194141755128	3.259359295732466e-05	6.347447787775344e-06	0.002994290553699	0.0010662336570635	8.965775919971064e-06	1.1368542114550052e-06	0.0	0.0	0.0	0.0	0.0	0.0	0.0	0.0	0.0	0.0	0.0
586.5088009782797	0.4630052402751516	343992.57362497936	0.2143738525222509	733.9165099844398	-2.550700650670251	538633.4436277404	6.506073809329641	629.9237770704353	-0.1855780643487605	0.0344392179674327	396803.9649186835	646.9321635179666	466.5733932347326	0.96244	21.517698	0.2160149929632765	0.1361213864069768	-0.0968184157	0.0412735798	0.0765933421	-0.0804542833	-0.0153185639	0.1078414472	0.03506281	-0.1142953749	0.0667015275	-0.0378353958	-0.1094264198	-0.0983239751	-0.1449051699	0.0119094349	0.0030685824	0.0011653218	0.0397376541	0.0849889657	0.0235318024	-0.1741710878	-0.1134062748	-0.0355716783	0.0356779032	-0.0939598826	0.0422590996	0.1386818599	-0.0454049584	0.0300295818	0.1344363664	0.0696981312	0.0641835544	0.0450729542	-0.1251929028	-0.0258658396	-0.0218499471	-0.1189177159	0.0428577134	0.0499954558	0.0475601998	0.0142835681	0.0306603672	-0.0660086265	0.0008444844	0.0041696255	0.0704524224	-0.0892120444	0.0047956378	0.0271137158	-0.0553142551	0.0691229715	-0.1270270226	-0.0032501567	0.0255724539	0.0256287082	-0.0443802815	-0.1412515818	0.0500417939	-0.0383643937	-0.0891722575	0.05287996	-0.1012578598	0.1483505042	-0.0104701167	0.0505027967	0.0093933787	0.0441300768	-0.0490448153	0.0005710015	0.0027907709	0.0016540568	-0.0297956049	-0.0609979765	0.0059087793	-0.0927301836	0.0780232361	-0.0357749542	0.0296508139	-0.1725938721	-0.0204687365	0.0522925876	-0.1594823233	-0.1268847794	-0.2025859117	-0.0951685606	-0.0067756607	-0.0079668251	0.0578527554	0.0768103648	0.0334922338	-0.0013239036	0.1062324226	-0.0803125854	0.0359265404	-0.0020764233	0.0981414804	0.0786622619	-0.1035722324	0.0236549836	-0.0349132855	0.0183070214	-0.1087720474	-0.0412163404	-0.0549627349	-0.1073005112	-0.112276822	-0.0263024808	-0.0222955741	0.0190983101	0.0187520423	-0.0244225217	0.0045997916	-0.0110047575	-0.0617299479	0.0831498699	0.0038804254	-0.0179832435	-0.0514567686	0.0785726184	0.0146341592	-0.0311687433	-0.043656334	-0.0084989852	0.143926532	0.0618576072	-0.0047461793	-0.0998015448	0.0141959864	0.0	0.1235192814586128	-0.0177230228327829	0.015257012892052	0.0003141055383313	-0.0912820571156345	-0.0432127973136147	0.0018673458516675	0.0083324139512619	0.6770575466537281	-0.1162657501596839	0.013517724660194	0.4584069214807652	0.0130463849010432	0.0004834759563637	0.0001702081589861	2.3374900038189059e-07	0.0054173113387778	-0.0002917685308092	2.934726214125052e-05	8.512887557061727e-08	0.0029953145196698	1.0239659708000462e-06	8.971909071744725e-06	1.048506309356481e-12	0.0	0.0	0.0	0.0	0.0	0.0	0.0	0.0	0.0	0.0	0.0
585.7235725431703	-0.7852284351093886	343072.10343273456	0.6165836953043392	736.7993899776728	2.8828799932330185	542873.3410714708	8.310997055383208	630.1012367872322	0.177459716796875	0.031491951085627	397027.56860079966	647.0953026662693	467.6633078414097	0.946198	21.154573	0.0990455039467801	0.0647527117825813	-0.1005096548	0.0664410223	0.0787153027	-0.058932029	0.0727894864	0.0371350673	0.1542838925	-0.0402111428	-0.0089929666	-0.0015882903	-0.1053049091	-0.0712529719	-0.2431515021	-0.0470352125	0.0368972962	-0.0668647806	0.0550772909	0.0059196535	-0.097680811	-0.158042656	-0.0656886954	-0.0322789483	-0.0471373364	0.073411567	0.154249039	0.1115126797	0.0257307035	0.0071228799	-0.0841313214	0.0085495904	-0.1419481361	-0.05780338	0.0027611096	0.0021086574	-0.1283685131	-0.0339924277	0.0096792736	0.0197221572	0.0061300718	0.0345096435	0.0215721521	-0.0750405447	0.0414706187	-0.0251687787	0.0115607166	0.0828301395	-0.042838316	0.0970169723	0.0773519676	0.1144938098	0.0603606443	0.0326626712	-0.0655718396	-0.0215418969	0.0254459197	0.1704244432	0.0280159806	0.0031206338	-0.0853868169	0.072029507	-0.0315525148	0.1809821526	-0.0023472943	0.0387310333	-0.0846617275	-0.0398412114	-0.0280862233	0.003012263	0.0342429108	0.0396152064	-0.0199027439	-0.150121213	-0.0170696985	-0.0712309887	0.1649139558	-0.0898927236	0.020936585	-0.1479811825	0.1117395656	0.0048446466	-0.1688491818	-0.1023504824	0.0162106171	-0.0355632008	0.1057740105	-0.0524816829	0.0529822977	-0.1023276384	0.0179423269	0.0206890514	-0.2121490812	-0.1691570537	-0.0531322786	-0.0017704122	-0.0713375718	0.0685091176	-0.0074349144	-0.0686447824	0.0541134385	0.1306293858	-0.1097265224	-0.0479562326	-0.0702105621	-0.0877843936	-0.0587991666	0.0004198347	0.0083999483	0.04226033	0.0046064816	-0.0510135005	-0.000923192	-0.0947138593	0.0762813892	0.076798217	-0.0201267574	0.0001449803	-0.1108940884	0.1747517965	-0.0310780979	0.0041977296	-0.129980473	-0.0629004068	0.0736854424	-0.0622202245	-0.0063263989	-0.0994524786	0.0188784218	0.0	0.1202272652940905	-0.0032920161645222	0.0144545953200956	1.0837370427476072e-05	-0.0321840929918124	0.0590979641238221	0.0034925693635805	0.0010358158417056	0.6982618399733838	0.0212042933196556	0.0004496220551859	0.4875695971630154	0.0130584626282277	1.2077727184501078e-05	0.0001705234462128	1.4587149394323629e-10	0.0057103199999626	0.0002930086611847	3.2607754501972864e-05	8.58540755293087e-08	0.0029913763012635	-3.938218406300195e-06	8.948332175760896e-06	1.550956421572165e-11	0.0	0.0	0.0	0.0	0.0	0.0	0.0	0.0	0.0	0.0	0.0
584.1016327916733	-1.6219397514970524	341174.71742989874	2.63068855748632	737.6017005888752	0.8023106112024152	544056.2687116008	0.6437023168479931	630.0800171378273	-0.0212196494048839	0.0004502735208661	397000.8279964048	648.8706189209192	477.92448275165947	1.113744	24.900473	0.084621446136104	0.0621981609887024	-0.0785558075	0.0726708316	0.0309697781	-0.0331445459	0.0408660165	0.0668250608	0.2742643598	-0.0567797294	-0.0186944132	-0.0015452137	-0.0735697793	-0.0751973186	-0.2310454828	-0.0338862221	-0.0461697219	0.1201371188	0.0033614655	-0.0330949785	-0.0049099015	-0.0865209111	0.0976713389	0.0493098164	0.0398005971	-0.04837342	0.0462260654	0.1139064699	-0.0500037235	0.1335425775	0.1057836884	-0.0359218374	-0.0743776816	-0.0504782492	0.0256469705	0.0380296386	-0.0296285094	0.0213471409	0.0210929267	0.056185813	-0.15636	-0.0438999212	-0.0235204388	-0.0013063353	0.0367537639	-0.0715552193	-0.0293208409	-0.0004819334	-0.1171901902	-0.0637586656	-0.0402328137	-0.0086975624	-0.0551727278	-0.0400426342	-0.0926977668	-0.0224293509	-0.0108522608	-0.1654953326	0.0572550144	0.0570736338	-0.0527542134	0.0993281547	-0.0042365777	0.2756394019	-0.0456293734	0.0226933673	0.0458071308	-0.0101244307	0.0492872095	-0.0194081414	-0.0150428667	-0.1076956693	0.0704110677	-0.0763513403	-0.0539122122	-0.0916665924	0.0238564753	-0.0233301383	-0.1589780735	-0.0055901477	0.0493544174	0.0529086802	0.0588511229	-0.217450863	0.0697846775	-0.0293290627	-0.0052794133	-0.023802655	-0.0721663297	-0.1397455755	0.002513554	0.1404737586	0.0656254113	0.0266570329	0.0252049382	0.0200683852	0.0331576527	-0.0229121368	-0.0136825985	0.079636552	-0.034443842	-0.0499031201	-0.0803653484	-0.0297960265	-0.0619335246	-0.0992902384	-0.0982751483	0.0890392929	-0.033747555	-0.0385851602	0.0259880726	-0.0175332717	-0.0024970048	-0.1730408871	-0.0325706741	0.1364754213	0.1474180662	0.0636599441	-0.0681874164	0.1957638078	-0.0139714847	-0.0465547377	-0.1539376785	-0.0896850988	0.1699161855	0.0231847281	-0.0079050419	-0.0990042761	0.0235185203	0.0	0.1201215351496927	-0.0001057301443977	0.0144291832067188	1.1178863434379132e-08	-0.0354441074108962	-0.0032600144190838	1.0627694012634293e-05	0.0012562847501551	0.6461844659720413	-0.0520773740013424	0.0027120528828757	0.4175543640635721	0.0134286071582851	0.0003701445300574	0.0001803274902115	1.3700697313141357e-07	0.0057089590594252	-1.3609405373994285e-06	3.259221354219307e-05	1.852159146337045e-12	0.0027793152204327	-0.0002120610808307	7.724593094528868e-06	4.496990200312704e-08	0.0	0.0	0.0	0.0	0.0	0.0	0.0	0.0	0.0	0.0	0.0
580.8056228160858	-3.2960099755874808	337335.17149478133	10.863681759172186	735.4834634931256	-2.1182370957496914	540935.9250718438	4.486928393810088	630.0056269423767	-0.0743901954506327	0.0055339011791833	396907.08997905714	647.6151852843302	463.6226819635135	1.142136	25.535254	0.0986940710848818	0.0577058964665279	-0.0948202832	0.0657322514	0.077053933	-0.0612495732	0.0200847408	0.1068381029	0.2792039672	-0.0312810889	0.0199200499	0.0089854925	-0.0892891971	-0.0543275754	-0.2263636587	0.0263410177	-0.0767973206	0.0744084108	-0.0409959134	0.0799053539	0.0229968568	-0.0463851381	0.0202706973	0.049393181	-0.1058069847	0.0201267549	0.0513512145	-0.053728878	-0.0010868845	0.0651626821	0.0046770255	-0.0340493427	-0.0082307695	0.0376518291	-0.0659258043	0.1500223156	0.09460553	0.0136335804	0.0033728518	-0.092080549	0.0352215969	-0.0414615531	-0.0701271844	0.0649967703	0.0081183986	-0.0360510875	0.0720143362	-0.0085451638	-0.0651629228	0.1097097427	-0.0455924563	-0.0671285615	0.0542691642	0.0635532351	0.0277652451	0.0275744664	0.0498518061	0.0607332181	0.0404736617	0.0355546743	-0.063774078	0.0995575937	-0.0042998908	0.2126831957	-0.0366509776	0.1185369674	0.022805592	-0.1580507555	0.0356078517	-0.1063588715	-0.0047659158	-0.0299948231	0.0260356375	-0.1127538967	0.0130164258	0.0500929554	-0.0673286032	0.0542432716	-0.0826083463	0.0224010974	0.100018219	-0.0711728561	0.0818546893	0.0558487831	0.1019034965	0.0039194152	0.0124683723	0.082258438	0.045340748	8.63388e-05	0.1451386424	-0.0636936388	-0.0171417113	-0.0299691306	0.1073196863	0.0079506497	0.0196256042	-0.0427349704	-0.0983473368	-0.0118794085	-0.0473308751	-0.0111542126	-0.0872639813	-0.0416066445	-0.0775862496	-0.0864133103	-0.0872026248	0.0804242148	0.0145809441	0.0547275214	0.1074780769	-0.1395309911	0.0731423026	-0.17887199	0.0893257985	0.0844949876	0.0780494573	-0.0242916126	-0.0861587411	0.0668192203	-0.0843304211	0.0203771832	-0.0485186136	-0.1047178631	0.0241272293	-0.0714263161	-0.0094817148	-0.0984573839	0.0281058757	0.0	0.1058219289396191	-0.0142996062100736	0.0111982806445017	0.0002044787377631	-0.0048729206013433	0.0305711868095529	0.0009345974629445	2.374535518699595e-05	0.6919272254531066	0.0457427594810653	0.0020924000449425	0.4787632853232342	0.0133747935238654	-5.381363441970058e-05	0.000178885101806	2.8959072494571827e-09	0.0057100992668746	1.140207449399841e-06	3.260523363756185e-05	1.300073027666891e-12	0.0028859717502474	0.0001066565298147	8.32883294322604e-06	1.1375615352113998e-08	0.0	0.0	0.0	0.0	0.0	0.0	0.0	0.0	0.0	0.0	0.0
582.5477542142164	1.7421313981305957	339361.8859400271	3.035021808352464	735.002728125861	-0.4807353672645149	540229.0103524585	0.231106493338948	631.0228284919787	1.017201549601964	1.0346989925126366	398189.8100780171	648.3969721493567	456.5513041781055	1.064957	23.809732	0.2215620870091145	0.1067345590765844	-0.0718774821	0.0425867721	0.0372285218	-0.0501158871	-0.0461523784	0.0874235338	0.272951202	-0.0212788108	0.1623966139	-0.0614730699	-0.0379290505	-0.059614132	-0.1115424779	-0.0109598186	-0.1683486674	0.0666865717	0.0826659409	-0.0091777791	0.0612610365	-0.012260608	-0.0070543224	0.0014697351	-0.0678496929	0.035817713	-0.0294003497	0.0038305261	0.1531053541	0.0911827851	0.0627476745	0.0185013161	0.0095913116	-0.0412871406	0.1404787329	0.0881450026	0.066934492	0.0700599103	-0.0749462275	-0.0679986465	-0.0040696205	0.0042474808	0.053224246	-0.0194603174	0.0064356231	-0.0607909511	-0.0728000789	0.0510057893	-0.0300398214	-0.1436364051	-0.0226283875	-0.0238747661	0.0034919925	-0.0292868691	-0.0921084987	0.0450924628	-0.1203423276	-0.0851495197	-0.0261170322	0.0301082618	-0.0333740156	0.0692059038	-0.0316683274	0.2003502969	-0.0546929138	0.0211709395	0.1697530192	-0.0139008668	0.0193822291	-0.144665806	-0.055108523	-0.0449481439	0.0608965041	-0.0054355344	-0.0635251628	-0.054520416	-0.0468117599	-0.0090591383	0.0886500717	0.0739606863	-0.0278683562	-0.0113213958	0.0259834049	0.1130033846	0.0344307647	-0.0553347798	0.0562843509	-0.0619934614	-0.0034456536	-0.1028069826	0.1456609983	0.0438318546	0.0537442817	0.0648636107	-0.0230129671	0.0398311401	-0.0635324162	0.019716804	0.0268565658	0.145202417	0.0080778304	-0.1440822615	-0.0633719559	-0.0050737539	-0.0897367711	-0.0333661996	0.0340069374	0.1044430627	-0.015219562	0.0393154951	0.2089102557	-0.200066432	-0.0901304209	-0.0369816574	-0.1106173914	0.0122757447	0.1028094774	0.0817811228	-0.0857447735	-0.0183372926	-0.0018032816	0.0585804298	-0.0422318482	0.0152802302	0.0294960674	0.0532309891	-0.0110560246	-0.0978123473	0.0326302004	0.0	0.0816613136138499	-0.0241606153257692	0.0066685701411395	0.0005837353329197	0.0810321037517098	0.0859050243530531	0.0073796732090986	0.0065662018384278	0.6485375044846293	-0.0433897209684772	0.0018826678857223	0.4206008947231506	0.0128192962793565	-0.0005554972445088	0.0001643343570979	3.085771886569801e-07	0.0052162394900054	-0.0004938597768692	2.72091544170918e-05	2.438974792092962e-07	0.0025731942443892	-0.0003127775058582	6.621328619357706e-06	9.782976817087643e-08	0.0	0.0	0.0	0.0	0.0	0.0	0.0	0.0	0.0	0.0	0.0
581.7266058501565	-0.8211483640599226	338405.84395394335	0.6742846357982872	730.2081872140718	-4.794540911789227	533203.9966744609	22.98762255482067	629.1713455008261	-1.8514829911525796	3.427989266527302	395856.58199931984	644.9123490575631	452.547361322488	1.040966	23.273344	0.2484262631073678	0.1558258259112137	-0.0683662049	0.0357119264	0.0596541367	-0.0628901477	-0.2065764762	0.1204956799	0.2149297839	0.0468302496	-0.0348157836	-0.0367932552	-0.0549976522	-0.1285640518	-0.1297135654	0.0389178518	-0.0362687431	0.0770577328	0.0120705137	-0.006172932	-0.0034909745	0.0222067126	-0.0019838829	0.0877267751	-0.0713858555	0.0628929213	-0.1680197295	-0.0946022715	0.1062668366	-0.1087782922	0.1174269096	-0.0288869095	-0.0164067269	-0.0880668655	0.0919460947	-0.0632667502	0.0627800178	0.0938237498	-0.0218519392	0.0619014155	0.0386222632	0.0056086171	-0.0829375709	0.1235828752	-0.0219745694	-0.1303962842	0.0586104279	-0.0439124483	0.0416482308	0.1489317112	-0.0826552323	0.0315802384	-0.0352641629	0.1029131859	0.049444507	-0.1029308716	0.0073490151	-0.0516934706	0.0084776592	-0.0490994402	-0.0423940685	0.0132681801	-0.1470928439	0.1638647702	-0.067263175	0.0461112877	0.0686939518	-0.0820360467	0.1909828578	-0.0345864755	-0.0236250041	-0.006577199	0.0399376968	0.0383477747	-0.1319493357	-0.0814767336	-0.0747411942	0.088065973	-0.003606169	0.1383132163	0.0683802589	-0.0045534588	-0.0067596588	0.1239954052	0.004399817	0.117042609	0.0438990569	0.02032573	-0.0119982459	0.049345888	-0.0715770196	0.0292111473	-0.0121006455	0.0164056977	-0.0622304981	0.0228109806	-0.0459611477	-0.0490664478	-0.0661733581	0.0949061737	0.0657870585	0.1573689056	-0.0515297713	-0.0039608435	-0.06868936	-0.0598890475	-0.1588433994	0.0820226174	-0.0265530876	0.0027983942	0.1538186099	-0.098528632	-0.1083947455	-0.1051495188	0.0279471634	0.1432144508	-0.0304844282	-0.0002677833	0.0291133988	-0.2546040434	-0.0775713102	0.0727820625	-0.0119178259	-0.0345901019	-0.0213836133	-0.0189897993	-0.012627579	-0.0970698092	0.0370813481	0.0	0.0635474511846183	-0.0181138624292316	0.0040382785520614	0.0003281120121051	-0.0552123641255377	-0.1362444678772475	0.0185625550271543	0.0030484051523309	0.6184262750495506	-0.0301112294350787	0.0009066861380919	0.3824510576716624	0.0137694499967111	0.0009501537173545	0.0001895977532119	9.027920866027648e-07	0.0052232153453433	6.9758553378996765e-06	2.7281978543829725e-05	4.866255769530341e-11	0.0028951987390129	0.0003220044946236	8.382175738381885e-06	1.036868945578644e-07	0.0	0.0	0.0	0.0	0.0	0.0	0.0	0.0	0.0	0.0	0.0
584.2755989698986	2.548993119742136	341377.9755516338	6.497365924492745	734.2165407679388	4.008353553866982	539073.9287372383	16.066898212798066	630.6753022295874	1.5039567287612954	2.2618858419863765	397751.3368423814	645.998807747888	451.406221034234	1.045911	23.383904	0.2525273239458149	0.1639688975911568	-0.1038473682	0.0669666852	0.0800565082	-0.0594097603	-0.0829500076	-0.0025581845	0.1223478076	0.0595718862	0.1117902804	-0.0236584066	-0.0858982817	-0.0656055941	-0.0285186985	0.1014306032	0.0580548788	0.0014280541	0.062401087	0.0923759281	-0.0204411087	-0.0235153968	0.0316979346	0.0338651875	-0.0199111046	0.0422300436	-0.0223331687	-0.0125823862	0.0956408553	-0.1173262179	-0.0581061441	-0.006365129	-0.093563447	-0.0171164495	0.0545894375	-0.0390786379	-0.0076812426	0.0120866977	-0.0012111827	-0.1030898213	-0.0891057137	0.0346231803	0.1336192095	0.0054373596	-0.011592295	-0.035742543	-0.0847805286	-0.0061764106	0.0189612644	-0.045793475	-0.0415153443	-0.017042379	0.1169416366	-0.0543601896	-0.066345957	-0.0801633717	-0.0300295492	0.025990911	0.0095468904	0.0060608999	-0.0837507142	0.0341128767	-0.1175333002	0.0489790615	-0.0305128846	0.0286195891	-0.0085890643	-0.0639233595	-0.0505138131	-0.1505919639	0.0818491406	0.0115612783	-0.0726370568	-0.0044698899	0.023978921	-0.1310447524	-0.0701625035	0.0466769774	0.0478338003	0.048959801	0.0522045523	0.029866337	-0.0068731002	0.1053454531	0.0816987696	-0.0219232062	0.0101266535	-0.0563774488	-0.1256488483	0.0344659968	-0.044694301	0.0028016322	0.0163040664	-0.0538698314	-0.0289762388	0.0199929755	0.0502787558	0.0019588801	0.0542849721	-0.0974723083	-0.0039578096	-0.0377016953	-0.085437667	-0.02875316	-0.1222242414	0.0245253497	0.0011202522	0.0794953991	0.0197103472	0.0620045727	0.1780517632	-0.1632370265	-0.0546851366	-0.0235203782	-0.0211444109	-0.0348238459	0.0065244181	-0.0338694232	-0.0390739876	-0.0565014815	0.0255996049	0.0370779685	0.0267703605	-0.0189411877	0.0337450876	0.0363969994	-0.0141959864	-0.0962305098	0.0414493366	0.0	0.053525781955301	-0.0100216692293172	0.0028650093339264	0.0001004338541418	0.029863556081267	0.0850759202068047	0.0072379121990345	0.0008918319818189	0.7530515473945485	0.1346252723449978	0.0181239639539648	0.567086633033324	0.0135305365418642	-0.0002389134548469	0.0001830754191107	5.707963890688176e-08	0.0052194100673688	-3.805277974500143e-06	2.7242241451350776e-05	1.4480140463215911e-11	0.0026818282285404	-0.0002133705104724	7.19220264739614e-06	4.552697473929517e-08	0.0	0.0	0.0	0.0	0.0	0.0	0.0	0.0	0.0	0.0	0.0
584.80813022484	0.532531254941432	342000.54917707347	0.2835895374894965	731.2882296613637	-2.928311106575052	534782.4748412515	8.575005936890804	629.5997054861776	-1.0755967434097329	1.1569083544336227	396395.7891482816	644.4770880314114	453.3812831605387	0.973962	21.775316	0.2477472414139142	0.1620742000273806	-0.0598081155	0.0189891137	0.0498210756	-0.023376433	-0.1852388993	0.101589544	0.0732630678	0.0512216436	0.0445588825	-0.070323378	-0.0656832731	-0.161933357	0.0969659606	0.0632701572	0.0484650837	-0.0107401626	0.1014222776	-0.0195525998	-0.0062632155	-0.0691563344	0.0367380801	0.03860659	-0.0307879425	0.006468071	-0.109928655	0.0032092333	0.0044332996	-0.0261335536	0.093325627	0.0519745874	0.0570492373	0.0792945121	0.0570605718	0.0084339094	0.0653230289	0.0646621399	-0.0927119388	-0.086953929	-0.0155802423	-0.0839322218	0.0389114815	0.1397204532	0.147015506	0.0118525246	0.0099386894	0.0559643025	0.0469529839	-0.0262035444	-0.0467856315	0.009676939	0.0236944788	-0.0067012317	0.0209032459	0.1091783603	0.0113612678	0.0393758756	0.0700587188	-0.0144998537	-0.0405900986	-0.0604069123	-0.2010212383	0.0120483791	-0.0177116703	-0.0553025258	0.0130650532	0.0486963945	0.0682287557	-0.1011859678	-0.0186019917	-0.0039687942	0.0646441195	0.0356893482	-0.0565069394	-0.0481607892	0.0184926589	-0.0104439747	0.005075521	0.0471143313	0.0576912063	0.0020612166	-0.0356935978	0.0945282208	0.0376878054	0.0707990742	-0.0923473918	0.1111504359	-0.0690630306	-0.0176176772	-0.0726794673	0.0183050204	0.0640176513	0.0087466831	-0.071899618	0.0443856645	0.0859486195	-0.0431048976	0.0674001693	-0.0054033627	-0.0342372783	-0.1003342792	-0.0465619295	0.0120812619	-0.077832435	-0.0078263157	-0.1231474982	0.0141174842	-0.0187268044	0.04649176	0.1494440975	-0.0560541688	-0.1292116716	0.026066452	-0.0392033738	0.0345594908	-0.0517496338	-0.0293784889	0.024235969	-0.1025065794	-0.0337212751	0.0581108732	0.05806439	0.0021469572	-0.0552587543	0.0040345893	-0.0157608558	-0.0952952857	0.0457243701	0.0	0.0397885117245095	-0.0137372702307915	0.0015831256652514	0.0001887125933937	-0.0604351612301172	-0.0902987173113842	0.0081538583480812	0.0036524087129102	0.6183136630535699	-0.1347378843409785	0.0181542974766829	0.3823117859187236	0.0135056358395139	-2.490070235030076e-05	0.0001824021994295	6.200449775382736e-10	0.0052214130567338	2.002989365000596e-06	2.7263154309030207e-05	4.01196639630549e-12	0.0028343919274403	0.0001525636988998	8.033777598338737e-06	2.3275682222019304e-08	0.0	0.0	0.0	0.0	0.0	0.0	0.0	0.0	0.0	0.0	0.0
588.3373020923203	3.5291718674802723	346140.7810332702	12.455054070214192	733.3193208686544	2.031091207290615	537757.2263592645	4.125331492333247	630.9070030068451	1.3072975206674755	1.7090268075433286	398043.6464430793	645.5466763368051	463.181111643886	0.958814	21.436632	0.1831988292090584	0.0938156770304454	-0.0734199297	0.0160315554	0.0753687475	-0.044135194	-0.1854861123	0.0223472568	-0.0283966481	0.0445227483	0.1156080671	0.0028304474	-0.0792650066	-0.0710683646	0.1168170428	0.1329230052	0.0111865273	-0.1104882839	-0.0409119874	0.0413324067	-0.040446883	-0.0480521226	0.0082547065	0.0012344873	-0.0767777421	-0.0200246925	-0.0021379174	0.0905722802	0.0001378899	0.1005744088	-0.0698265039	0.1128911245	-0.0390975004	0.0550411502	0.0416250814	-0.0477990283	0.0130285759	-0.0066775433	0.0428947449	0.0212088408	-0.1182195156	0.0468047054	-0.0397521647	-0.0016796333	0.0360462154	0.0288539603	-0.072876923	0.0255700757	-0.1190073287	0.0725784812	-0.0455696385	-0.0152165464	0.0752810197	-0.0682974741	0.1446777528	-0.0018072152	-0.0437698101	0.0338646788	0.0269234072	-0.0835732391	-0.0779969736	-0.0307918067	-0.174124417	-0.0880917368	0.0122908583	-0.0530008709	0.0906956715	-0.0246205441	-0.0081997879	-0.0586891523	0.0340797946	0.0501397385	-0.0443122086	-0.0305917646	-0.0154890271	0.0122468458	0.0834458962	0.0012087871	-0.0480924772	-0.0110208873	0.0629723935	0.0920208792	-0.0727862487	-0.0616391942	0.1019027213	-0.0060200639	0.0430343026	-0.0402695461	-0.0268587289	-0.0093171411	-0.044615823	0.1152559226	0.0194174196	0.0093728042	-0.0086371823	-0.062129136	0.061256558	-0.0703300309	-0.0446689706	-0.0391181138	-0.1241250056	0.0241784548	-0.05690291	0.0032544403	-0.0767251034	0.0430463253	-0.0352080835	0.0247709291	-0.0196333342	-0.0951627322	0.1073346359	-0.0820417984	-0.0910364486	-0.0113204832	-0.0503127432	-0.0756274174	-0.0527484658	-0.0073444283	0.0666624887	-0.0886259499	0.0653803765	-0.0187781453	0.0099684713	-0.0102150215	0.0870673885	0.0251725472	-0.0173217973	-0.0942650692	0.0498968614	0.0	0.0435883533498184	0.0037998416253089	0.0018999445477486	1.4438796377430184e-05	-0.0066569334596806	0.0537782277704365	0.0028920977821289	4.4314763086615126e-05	0.6671377942020129	0.0488241311484429	0.0023837957824003	0.4450728364527273	0.0128645297562989	-0.0006411060832149	0.0001654961258506	4.1101700993527836e-07	0.0045798143498545	-0.0006415987068793	2.09746994791332e-05	4.1164890066919e-07	0.0025811641442372	-0.0002532277832031	6.662408339495756e-06	6.412431018595621e-08	0.0	0.0	0.0	0.0	0.0	0.0	0.0	0.0	0.0	0.0	0.0
587.9650566321891	-0.3722454601312392	345702.90782049333	0.138566682588318	731.6700247610258	-1.6492961076285155	535341.0251338002	2.720177650638572	630.5219744316437	-0.3850285752014315	0.1482470037216444	397557.9602411784	645.4130260850949	468.7821031303434	0.9676	21.633078	0.1740627063024966	0.1149012230303927	-0.0425525236	-0.0159565274	0.0598130537	-0.0261082142	-0.1011249114	0.1081739846	-0.0385509012	0.1296871371	-0.0658679293	0.0070447896	-0.0498039207	-0.0729771996	0.0147735367	0.0615543554	0.0674764743	0.0481764691	-0.0221660663	0.0453639458	-0.0590100157	-0.076600801	-0.0976817192	0.0560433944	-0.0540704801	0.0445853567	-0.0284723273	-0.0358401459	-0.0034110233	0.0392691174	-0.0220019355	0.0826206972	0.0757552116	0.0011165682	0.0070199889	0.0264195739	-0.0879809874	-0.1238866262	0.0473398149	0.0698209429	-0.0185584226	0.0306053111	0.0218123601	-0.0217944964	0.1167781965	0.0432716796	0.0046028322	-0.1418086348	-0.0211946318	0.0880943845	0.0032344259	0.083355267	-0.0897713688	-0.0213894399	-0.0694683084	-0.0101811708	-0.0691225325	-0.1124362826	-0.0698384586	-0.0203806604	-0.0520849054	-0.0326460623	-0.1123707466	-0.0436045225	0.0286298744	-0.0523540355	-0.0831266991	-0.1312882315	0.0241239573	0.0014333509	0.0404630598	-0.008392823	-0.0417025302	-0.0291599538	-0.0125063457	-0.0257519426	0.0953458359	-0.0016581609	-0.001064179	0.0879203756	-0.0448644047	0.0538111181	0.0364606278	-0.0543218745	0.0703689828	0.0688122029	-0.0299887906	-0.0179179786	-0.0440777152	0.0222307692	0.1300516653	0.0796164719	0.0232063722	-0.1583509982	-0.0021804689	-0.0290296848	0.0989095983	-0.0274851324	-0.1199705874	0.1163032413	-0.011063131	0.0723082548	-0.0367655725	0.0186588029	-0.0466594262	-0.0071499254	-0.1325172347	0.0631075229	-0.0166492062	-0.0116649251	0.0400104163	-0.049923725	0.0868227411	-0.0224383907	-0.0244431963	-0.0125487457	-0.1111025195	-0.051586555	0.1126897996	0.0178280308	-0.0015304745	0.118718211	0.0374847138	-0.0688241591	0.0045880793	-0.0378714309	-0.0188784218	-0.0931408873	0.0539574532	0.0	0.0381725208752641	-0.0054158324745543	0.0014571413499724	2.9331241392436965e-05	-0.0585201459960416	-0.0518632125363609	0.0026897928145917	0.003424607487398	0.5792853626961616	-0.0878524315058513	0.0077180497214902	0.3355715314340235	0.0134395941873847	0.0005750644310858	0.0001806226919215	3.306990999000358e-07	0.0045810612058361	1.2468559815997232e-06	2.09861217716165e-05	1.5546498388510092e-12	0.00257885083559	-2.313308647199693e-06	6.650471632223242e-06	5.351396897208874e-12	0.0	0.0	0.0	0.0	0.0	0.0	0.0	0.0	0.0	0.0	0.0
589.4335244549947	1.4684678228055643	347431.8797514368	2.156397746615315	739.6025142432248	7.932489482199003	547011.8790748996	62.924389385197806	631.5135299874552	0.9915555558114876	0.983182420260628	398809.33855721646	647.4070879466692	466.391750574112	0.995677	22.260796	0.150189643744155	0.0884676538047628	-0.0528598024	0.0025949058	0.0415065268	-0.0099112321	-0.0113771896	-0.0153736866	-0.0590787761	-0.0205328219	0.1245577459	-0.0711459306	-0.0551184735	-0.0283777198	-0.0340044047	-0.0113748975	0.0422805114	-0.0877658263	0.0783176771	-0.0206154972	-0.0744358688	0.0914951965	-0.1317274043	-0.0240965347	0.0442388736	-0.0307043357	0.1032096194	0.0428096294	-0.0217587566	-0.0080595323	0.0199597655	0.0596896124	0.0115102172	0.0517165925	0.0461978237	0.0081424819	0.077492045	0.013887856	0.1110365983	0.0994413606	-0.0342656547	0.133282967	-0.0435465587	-0.0697894711	0.0114360966	-0.0682967757	-0.0791714265	-0.052707662	0.1361480142	-0.0548627689	0.0376732817	-0.015512382	0.0492304886	-0.040054106	-0.0912226551	-0.0868123789	-0.0516731874	0.0021030752	0.0446224808	-0.0157499322	-0.054724339	0.0087920434	-0.034892331	0.047917638	-0.0247673447	-0.0558493956	-0.0225977295	0.0209248391	-0.1189660747	-0.0456765746	0.0031237239	0.0911725109	-0.0115517559	0.0263677499	-0.0514546292	-0.017868229	0.0876112007	-0.0653498788	0.0459235614	-0.0280105317	-0.0571379183	-0.0161896628	0.0276496814	-0.1021263627	-0.068695623	0.0111366596	0.080046906	-0.021476878	0.002184365	0.0847017232	0.0560568976	-0.0844518097	-0.0087248113	0.0808942708	-0.0172743291	-0.0395642905	0.0519040183	-0.1303767132	0.0531027532	0.0431686135	0.0125643285	-0.0057452231	-0.0529530921	0.0093582161	-0.0608299923	0.0321579917	-0.0116601057	-0.0280949071	0.0028126774	0.0619673349	0.0652725491	-0.0339467614	-0.1023198239	0.0702477327	-0.1116924199	-0.0819811207	-0.0823474668	0.0493136977	0.0128761947	0.069033921	0.0184821773	-0.0575213267	0.006354441	-0.0181832384	0.0459106676	0.0154162328	-0.0204303415	-0.0919238605	0.0578970392	0.0	0.0388572634365402	0.0006847425612761	0.0015098869217766	4.688723752229591e-07	-0.0137345703321614	0.0447855756638801	0.0020057477875451	0.000188638422209	0.6380099207578454	0.0587245580616837	0.00344857371954	0.4070566589854321	0.0128884786964229	-0.0005511154909618	0.0001661128831081	3.037282843780662e-07	0.0042193588384791	-0.000361702367357	1.78029890078517e-05	1.308286025516582e-07	0.0025859283264175	7.077490827500036e-06	6.6870253093684135e-06	5.009087641334715e-11	0.0	0.0	0.0	0.0	0.0	0.0	0.0	0.0	0.0	0.0	0.0
588.8780378230067	-0.5554866319879466	346777.3434302745	0.3085653983173124	737.8005906734229	-1.801923569801943	544349.7115980517	3.2469285514077773	631.7976983508224	0.2841683633672573	0.0807516587388256	399168.3316413968	647.6682979057351	475.6661054202688	1.017123	22.740276	0.1682089306459021	0.136037398134769	-0.0292521595	-0.0147118915	0.040981193	0.0026105168	-0.0816719117	0.0105546109	-0.0146091754	-0.0425369319	-0.0122609651	-0.0329118823	-0.0215516347	-0.006399559	-0.0162624492	-0.0431358886	-0.0538245585	-0.1084943912	-0.0397140076	-0.018751742	-0.0033199918	-0.0408875911	-0.0284898228	-0.007502307	-0.0289996103	0.0665425572	-0.157117982	-0.081769285	-0.1332541451	0.0497954689	-0.0339650701	-0.0236678474	0.0538752747	0.0414280528	0.0489844512	0.0353009628	-0.0101749427	-0.0583827617	0.0539669802	-0.0018850686	-0.0998474818	-0.0040140384	0.0635298656	0.035512884	-0.0194767002	-0.1248081542	-0.0879474056	0.0397605121	0.0309515039	-0.0112753362	0.0710242992	-0.0034167322	0.0159810913	0.0447296154	-0.1100356729	0.0220802479	0.1479068333	-0.0040464864	0.00849563	-0.0297107209	-0.0308274062	0.0134222693	-0.0099291373	0.0347661304	-0.0119857696	-0.0562126495	0.0404893275	-0.0825891757	0.0020976039	0.0642930374	-0.0280161961	0.0277929571	0.1342880394	0.0562857018	-0.0574995394	-0.0577812088	0.069950524	0.0336731773	-0.0797598691	-0.0101174073	-0.1055885946	0.1002099298	-0.0246418929	-0.0139030251	0.1165465911	0.0432521506	0.0100859266	0.1014998034	-0.0400817613	0.0895117001	-0.0213141065	-0.0048917831	0.0543807759	-0.0492269167	0.0006867125	-0.0542527407	-0.1154463612	-0.0079336755	0.0459364646	-0.0762334658	-0.055439525	0.0355452797	-0.0199652339	0.0240633102	-0.0366226959	0.0036127625	-0.1032268883	0.0433531057	-0.0503238903	-0.08197574	0.0139204768	0.0702533649	0.0060438163	-0.1482904824	-0.0028514522	-0.0394345993	-0.0740837702	-0.0946035774	0.1670990803	0.0418121868	0.0371389509	-0.0111140804	-0.0559709426	0.0008363837	0.0169384009	0.0254540603	-0.0219771695	-0.0906152019	0.0617067844	0.0	0.038194665728426	-0.0006625977081142	0.0014588324901061	4.3903572279819074e-07	-0.0145517852927525	-0.000817214960591	6.678402918139129e-07	0.0002117544552063	0.5337326035840135	-0.1042773171738318	0.0108737588769719	0.2848704921285697	0.0140444961498606	0.0011560174534376	0.0001972478721034	1.3363763526525834e-06	0.0043063486197014	8.698978122230038e-05	1.854463843440416e-05	7.567222037103685e-09	0.0025798995450102	-6.028781407300347e-06	6.655881662343836e-06	3.634620525701035e-11	0.0	0.0	0.0	0.0	0.0	0.0	0.0	0.0	0.0	0.0	0.0
588.9491954847883	0.0711576617816263	346861.1548621794	0.0050634128302283	739.722462507699	1.9218718342760892	547189.3215384542	3.693591347383741	632.281892548567	0.484194197744614	0.2344440211295504	399780.3916447977	648.3826645781274	469.1172718332525	0.928889	20.767601	0.15122625496007	0.1067867988488386	-0.047847744	0.0014800447	0.0354746259	-0.0091590276	0.0224499546	-0.0366771448	-0.0057684211	-0.1105303701	0.0235408316	-0.0435964579	-0.0490132927	0.0499279034	-0.1219512373	-0.0309822656	-0.0044141995	0.0029095582	-0.0465726554	-0.0697815387	-0.0307619678	-0.0004314699	0.0014217462	0.0978370693	-0.0063520292	0.0762306017	0.0260455667	0.0168753389	0.0078048174	-0.044395679	-0.0580023613	-0.1343846492	0.0155241874	0.0251891976	-0.0616266869	-0.1282754883	-0.0172411978	-0.0013416253	-0.1605114906	0.0541269452	0.0287577393	0.012742702	-0.0812372672	0.1152373184	0.1274500101	-0.0168764307	-0.0494512543	-0.0441147978	0.0190607162	-0.1289780872	-0.0337151524	-0.0014690338	-0.0406545067	-0.0765212225	-0.019698923	-0.048331432	0.0125043299	-0.1037747814	-0.1202080581	-0.1540167614	-0.0407582238	0.0547924271	0.0411204368	0.0538787812	-0.0276944193	0.0475332839	-0.0052787052	-0.1392598458	-0.1611886057	0.026067178	-0.0690838438	0.025876883	-0.0129666175	0.1243457093	-0.0127348072	-0.0127129027	0.0061962737	0.0079591382	0.0564461159	0.0616386259	-0.0409130115	-0.1022292838	-0.0362025822	-0.037940376	0.0140485044	-0.0198535573	0.0688031901	0.1034196651	0.0562039516	-0.0103789383	-0.0045183402	-0.0262898384	-0.0976063557	0.0284924502	-0.0115132758	0.0806426664	0.1103015362	-0.0432443684	-0.0030939693	0.0237295525	-0.0161873856	0.0611666165	-0.040802573	0.0075501833	-0.0508124817	0.0140063505	-0.0571888666	-0.0097352045	0.0172046021	0.0369967967	0.0228388408	-0.0369317462	0.0286822036	0.0034655704	0.0141267409	-0.0817408159	-0.0543944356	-0.1247699992	-0.0371856789	0.0840222336	0.0103187975	-0.0725904571	0.0199690704	0.0006288366	0.0245211405	0.0374090958	-0.0235185203	-0.0892162162	0.0653781449	0.0	0.0381369724868818	-5.76932415442058e-05	0.0014544286704651	3.3285101198780742e-09	-0.0306198410144702	-0.0160680557217177	0.0002581824146762	0.0009375746637514	0.6266719939694667	0.0929393903854531	0.0086377302852196	0.3927177880256673	0.0135155545590169	-0.0005289415908437	0.0001826702150377	2.797792065242643e-07	0.004618656362562	0.0003123077428605	2.1331986595434445e-05	9.753612625068253e-08	0.0025779265664874	-1.972978522799939e-06	6.645705382201514e-06	3.89264425142983e-12	0.0	0.0	0.0	0.0	0.0	0.0	0.0	0.0	0.0	0.0	0.0
588.750043833652	-0.1991516511363897	346626.61411412706	0.0396613801503503	740.239912800769	0.5174502930700555	547955.1285032901	0.2677548057982863	631.3684722612489	-0.913420287318104	0.8343366212842874	398626.1477655035	647.7591386109439	472.3256362478374	0.870622	19.464897	0.0581080007974012	0.0350509012821355	-0.0319444762	-0.0072110805	0.0335746153	0.0221962864	-0.025270602	0.0173799464	0.0135460201	-0.0097624376	0.0522445276	-0.100467694	-0.0176234298	-0.0148511664	-0.0853770875	-0.0440139798	-0.0954280537	-0.1183895695	-0.0283080522	-0.0376383989	0.0194410987	0.0057859035	0.0803047939	0.0202632376	-0.0080907625	0.06162279	-0.0267480638	-0.0708037893	0.0127264044	-0.002005408	0.0700947487	-0.0550194126	-0.0421811532	0.0722814547	-0.0563513155	0.0102302188	-0.0625167893	0.0528226541	0.0252094588	-0.0329217362	-0.0895847413	0.0592378271	-0.0929028241	0.0171274542	-0.0338046909	-0.080012793	-0.1438538166	0.0738893298	0.0261590974	0.0418353361	0.0626225704	-0.0291730494	0.0419925445	-0.0827628592	0.0629595181	0.0039577352	-0.0238269337	-0.0997797045	-0.0515981394	-0.0333460357	-0.0213128864	0.012049201	-0.0007645195	0.0637761608	-0.0227604976	-0.0379184835	0.0450234418	-0.096417862	-0.0089086851	0.0009210422	-0.0489109906	0.0036142241	0.1279510506	0.0576358847	0.0021072345	-0.0136269274	0.0415678101	0.0165282874	-0.0927691495	0.0095215494	-0.0702944961	-0.0197893552	0.0444330857	0.008510185	0.0072794321	-0.0220627062	0.0174310009	0.0482383799	-0.0623148722	-0.0041322852	0.0362448841	-0.0791990533	-0.0581593567	-0.0145870368	0.0030906284	-0.1082692398	0.0615979315	-0.0992899253	-0.0445847304	-0.1422401038	-0.0511269194	0.0551552388	-0.027275294	0.0214081483	-0.044296752	-0.0089076787	-0.0596747075	0.0060884703	-0.0288632271	-0.0550397102	0.0366986529	-0.0149215428	-0.0055448364	0.0084066577	-0.1081138795	-0.0415472606	-0.0243630913	0.0025085884	0.0878919537	0.0883001347	0.0383671413	0.1054782633	-0.0531302716	-0.0231684944	-0.010087009	-0.0134433751	-0.0250540098	-0.0877282978	0.0689028873	0.0	0.0383440956892684	0.0002071232023866	0.0014702696742277	4.290002096688213e-08	-0.0306816805383363	-6.183952386609737e-05	3.824126711985626e-09	0.0009413655206565	0.5923654690202582	-0.0343065249492084	0.0011769376540906	0.3508968488875905	0.0133028429543289	-0.000212711604688	0.0001769656306675	4.524622676894405e-08	0.0043648876829052	-0.0002537686796568	1.9052244484377523e-05	6.439854277475566e-08	0.0025820965445814	4.1699780939999376e-06	6.667222565539205e-06	1.7388717304439353e-11	0.0	0.0	0.0	0.0	0.0	0.0	0.0	0.0	0.0	0.0	0.0
588.7864456430729	0.0364018094209086	346669.4785730032	0.0013250917291161	736.6366671487009	-3.6032456520681535	542633.5793879459	12.983379229148053	631.3795187128414	0.0110464515925059	0.0001220240927855	398640.0966500593	647.1504126423669	470.5478961579284	0.8584589999999999	19.192947	0.0870521596770484	0.0400615074000003	-0.0431728502	0.0070607102	0.0448325372	-0.0145733138	-0.0128904837	0.0065242136	-0.0038369121	0.0137941868	0.0221376334	0.0536439243	-0.0329570433	-0.032035378	-0.0162191321	-0.0204468122	-0.0270162888	-0.0583891236	-0.0255584624	-0.0431054081	-0.04028952	0.000398606	0.011912105	0.0464682129	-0.0339009167	0.0051512688	0.0837171456	-0.0169988765	0.0511139495	0.0478135942	0.0126742175	0.0953728182	0.0990125859	-0.2316833732	-0.0616788059	0.0338095721	-0.1537389009	0.0187867653	-0.0145706412	-0.0332426285	0.0583476201	-0.0243741545	-0.049063278	0.0267861149	-0.0041395557	-0.0074985031	-0.0028855112	-0.0742134611	0.0511034815	-0.0558374445	-0.031772352	0.0199278627	0.1029634708	0.0274930206	0.0860717135	-0.0025735565	0.0202397916	0.0179573541	-0.0568073822	-0.0065704713	-0.0396371295	-0.0012369576	-0.0304463121	0.0269688142	0.0059353499	-0.0001010357	0.0373047011	-0.0836798074	-0.0626995461	-0.0203464514	-0.0266805204	0.028325154	-0.0840758828	-0.0273762098	0.0666132076	-0.0779258435	-0.0357296104	-0.0533198325	0.0094324144	-0.0161038337	-0.126883538	-0.0259502609	-0.0606779193	0.1010781682	-0.1211051845	0.0564166864	-0.0770066643	-0.0491805276	0.1005038542	0.0185030465	0.1051970606	0.0349246995	-0.1191083877	0.0339297409	-0.0070718678	-0.0393688736	-0.1110345168	-0.0498137516	-0.1577304281	-0.0475765988	0.0237656698	-0.0023885389	-0.0306002908	0.0096491432	-0.0522800676	0.0135619659	-0.0465665863	-0.0216990063	-0.0040681625	-0.0318185141	0.004743742	-0.1034255124	0.1162882464	0.0657462421	-0.0398003968	-0.0535054662	-0.0694129325	0.0208349276	0.0050077686	0.0491384945	-0.0015372113	-0.0062004514	-0.0157120297	0.0037479029	0.0433127909	0.0407702487	-0.0265832553	-0.08615293	0.0722731071	0.0	0.0445587834490623	0.0062146877597938	0.0019854851824604	3.86223439517321e-05	-0.0195211560158838	0.0111605245224525	0.0001245573076162	0.0003810755321964	0.6287490357569752	0.0363835667367169	0.0013237639284851	0.395325349965326	0.0137876054812863	0.0004847625269574	0.0001900980649075	2.3499470754212495e-07	0.0044914085023839	0.0001265208194786	2.0172750335286385e-05	1.6007517761561776e-08	0.002636680811307	5.4584266725600256e-05	6.95208570071454e-06	2.9794421739714713e-09	0.0	0.0	0.0	0.0	0.0	0.0	0.0	0.0	0.0	0.0	0.0
588.2497119661089	-0.5367336769639905	346037.72362821	0.2880830399872853	739.2169910605023	2.580323911801429	546441.7598725428	6.658071489814229	629.9704474203241	-1.4090712925172966	1.9854819073963648	396862.7646229634	646.044103216272	470.96725148729416	0.86838	19.414774	0.0835079451659795	0.0560107988275127	-0.0227417916	-0.01150746	0.0320875723	0.0096901858	-0.0187037441	0.0108702528	0.0446473998	0.0918436433	-0.0124381197	-0.1705293124	-0.0447067703	-0.107311675	0.0282350615	0.0455710906	0.0387028577	-0.027884947	-0.0344976949	0.0811377502	0.0551850979	0.1478238943	0.0688499294	-0.0358208261	0.0667931631	0.0347118033	0.071435945	-0.018926664	-0.1185541416	0.0027138345	-0.0016425723	-0.0732357192	0.0929357012	0.1223068013	-0.0351571682	-0.0066954971	0.0058669331	0.0679937177	0.023449638	0.1425643179	-0.0891044455	0.0453822071	0.0492126277	0.0222129236	-0.0726542511	-0.1818758833	0.0645601958	-0.0214171576	0.0232993069	-0.0352468019	-0.033521912	0.0592509872	0.001816348	-0.0241382177	-0.0871123728	0.050039839	-0.0954703689	-0.0708915164	-0.0548680256	-0.0279638422	-0.0252258443	-0.0239378185	-0.0777464999	0.0080789541	-0.029774442	-0.0410714044	-0.0991513338	-0.0284742628	0.0481048676	-0.0331627308	0.0400136564	0.000696982	0.0979466577	0.0569228831	0.0074070723	0.108967608	-0.1015573398	-0.00127277	-0.0647295423	-0.0223748888	-0.1263466445	-0.0443561824	0.0737960052	-0.1361264256	-0.0487345799	-0.0107249865	0.0241650097	-0.0639759361	0.0031230458	-0.0428360364	-0.0220583446	-0.1583862444	-0.0369462643	0.0501186146	-0.0719219337	-0.0893881607	-0.0068283476	0.0386634855	0.0206574772	0.1159598865	-0.0275804734	-0.0017588414	-0.0152387094	0.0193771301	-0.0322654224	-0.0077257402	-0.0567946985	0.0213261107	-0.044177904	0.0101786242	0.0022987353	0.0195665867	0.0022200422	-0.0372276055	-0.1175417337	-0.0424814866	-0.0258102923	0.0628735638	0.0909637478	0.0969379456	-0.0430231108	0.0831959365	0.0994913884	0.1102777351	-0.041344235	-0.039117256	-0.0281058757	-0.084491683	0.075481246	0.0	0.0378425404834246	-0.0067162429656376	0.0014320578702396	4.510791957347787e-05	-0.0144900108785464	0.0050311451373373	2.5312421392953755e-05	0.0002099604152603	0.5765321228826608	-0.0522169128743144	0.0027266059901237	0.3323892887155874	0.0139306826424276	0.0001430771611413	0.000194063918884	2.0471074040253552e-08	0.0046224318811474	0.0001310233787634	2.1366876495847888e-05	1.7167125782603533e-08	0.002753453155176	0.0001167723438689	7.581504277748669e-06	1.363578029265996e-08	0.0	0.0	0.0	0.0	0.0	0.0	0.0	0.0	0.0	0.0	0.0
588.6815073554865	0.4317953893776121	346545.9171023277	0.1864472582877636	734.7265925110623	-4.490398549439988	539823.1657429166	20.163679132812742	629.7815555596502	-0.188891860673948	0.0356801350288661	396624.8077231328	645.2591636696707	471.0879224998909	0.9229210000000002	20.634169	0.0852697410701812	0.0647350281596643	-0.0377060935	0.0015734072	0.0486387569	-0.031272932	-0.0625661546	0.0112305648	-0.0013450277	-0.0382501504	0.0422507409	0.008444251	-0.0501596393	-0.1197799511	0.0519580823	0.0709202702	-0.0762256932	-0.0311474763	-0.001947631	0.0654913658	-0.0544815247	0.065372592	0.0712815939	0.1025325299	0.0453611586	-0.0133103443	0.0457042503	-0.0372574036	-0.0985329102	-0.0132198962	0.0658732489	-0.0129729413	0.0301284364	-0.0331438675	0.0975186564	-0.0917521008	0.1035805354	0.0805938856	0.0938913399	0.0634172644	0.0031666088	-0.0069605974	0.0622233442	-0.0029132797	0.180142905	0.0437342347	0.0958250699	0.0129543702	0.0171474091	0.0227926568	-0.1091254688	0.0329271668	-0.0290484473	-0.0107259062	-0.0922381551	0.0540099639	-0.0068908875	0.0092155049	-0.0890773627	-0.0497292241	-0.0365909226	-0.0420931581	-0.1335725059	-0.001995619	-0.0207475581	0.0644153533	0.055458359	-0.0318447039	-0.0811175063	-0.0380121949	-0.0005993303	-0.0129494981	-0.044723625	0.0704940195	0.117907227	-0.020946526	-0.1142684652	0.01638078	-0.0816063107	-2.91575e-05	-0.0417956769	-0.0073246648	-0.0107236646	-0.04135384	-0.0746715451	0.0488694584	-0.044598752	0.0248017784	-0.0144719469	-0.0258703778	-0.1416641452	-0.0301222855	-0.0158599534	0.0126756392	-0.170426897	0.0813271775	-0.0445514031	-0.0642374421	-0.0415978783	0.0527131909	0.0229612655	0.0538172956	-0.0235312717	0.0113439333	-0.0374655021	0.0068289664	-0.0396184965	-0.0427428625	-0.0012842301	-0.0819350088	0.0295176676	-0.133931576	0.1075313372	0.0891230626	-0.0544413905	-0.0882217463	-0.0377272298	-0.0302793998	0.0002917382	0.0246671901	0.0830049059	-0.0487983983	-0.0486590299	0.0028973999	0.0406212039	0.0687640549	-0.0296214915	-0.0827462129	0.0785201094	0.0	0.0381345338787042	0.0002919933952795	0.001454242674146	8.52601428869076e-08	-0.0150850138804941	-0.0005950030019477	3.5402857232677574e-07	0.0002275576437746	0.6291703157380297	0.0526381928553689	0.002770779347079	0.395855286205892	0.0134745570278908	-0.0004561256145367	0.0001815636870978	2.080505762365733e-07	0.0046191033893714	-3.3284917759996216e-06	2.133611612170236e-05	1.1078857502897116e-11	0.0025780162251371	-0.0001754369300388	6.646167657070144e-06	3.0778116421473824e-08	0.0	0.0	0.0	0.0	0.0	0.0	0.0	0.0	0.0	0.0	0.0
588.6028034306574	-0.0787039248290284	346453.2602064292	0.0061943077834933	736.682222928249	1.955630417186626	542700.6975785063	3.824490328625537	630.6661843833683	0.884628823718117	0.7825681557528994	397739.8361246768	645.325288957794	467.64071686226026	0.942206	21.065327	0.0466825503020159	0.0267390766620901	-0.0267295101	-0.0113259762	0.0434351644	0.001062744	-0.0669843813	-0.0027788428	0.0118339053	0.1303876943	-0.0095367745	-0.1189178525	-0.0459140996	-0.0805560976	0.0709549165	0.0389587095	0.0031815429	-0.1979565596	0.0847797655	0.0248577512	0.1406225515	0.0341822009	0.0146846757	-0.0171456596	0.0326214585	0.0235942816	0.2160266512	-0.0263530027	0.0408010943	-0.0798049747	0.0443985809	0.0011277909	-0.0010388418	0.012512983	-0.0290580513	0.0203664769	-0.0118103552	0.0584490828	-0.1084089139	-0.0353332684	0.0790626351	-0.0543932413	-0.1862742276	0.0481741092	-0.0557901677	0.0690048026	0.1259177207	-0.0078624733	0.0955565302	-0.0581412158	-0.0567283467	0.0901027712	0.0039645235	0.015758581	0.0586075972	0.0080093523	0.1407737564	-0.015448904	-0.0020719487	-0.0052994888	-0.030976571	-0.0499537191	-0.1020309452	-0.0379381609	-0.0472932056	-0.0538975068	-0.1089291093	-0.0680582412	0.0357706415	-0.1232419541	0.0645464729	0.0062762048	0.1445772256	0.0953023579	0.064901409	0.0600837947	0.0231576157	-0.0026533992	0.0235997619	-0.1458958406	-0.0487632312	-0.0879164393	-0.0849614292	0.0858476711	-0.0636012293	-0.0001703888	-0.0840531885	-0.0521683944	0.0172464822	0.005487159	-0.02051677	-0.0453066712	-0.1215786216	0.1421922698	-0.0005890692	-0.1038034952	0.0499856196	-0.0390161017	0.020367432	0.0085495942	0.0248038474	-0.0860884158	-0.0176916494	0.015934499	-0.042716955	0.0075804318	-0.0170811326	0.0298082048	-0.0390087312	0.0362459239	0.056449229	0.0514052033	-0.0185315637	-0.0498712061	-0.0613315127	-0.0296180895	-0.0675201138	0.0005662786	0.0572665944	0.0806636236	0.0108079698	0.1257979631	0.1019054846	-0.0021361783	-0.0148706343	-0.0411737495	-0.031129725	-0.0809182595	0.0813828824	0.0	0.03813200764408	-2.526234624197765e-06	0.0014540500069681	6.3818613764956225e-12	0.0018228798031714	0.0169078936836655	0.0002858768688181	3.322890776810202e-06	0.6110192087980835	-0.0181511069399462	0.0003294626831453	0.3733444735202359	0.0134545575005951	-1.999952729569987e-05	0.0001810251175368	3.9998109205144415e-10	0.0046214880746535	2.384685282100403e-06	2.135815202416452e-05	5.686723894666279e-12	0.0027880524814349	0.0002100362562977	7.773236639235303e-06	4.4115228959594985e-08	0.0	0.0	0.0	0.0	0.0	0.0	0.0	0.0	0.0	0.0	0.0
589.0619733106191	0.4591698799616779	346994.0084006006	0.2108369786640217	735.1295608900394	-1.5526620382095189	540415.4712943822	2.4107594048969374	629.6236076594898	-1.0425767238784829	1.0869662251731904	396425.8873221512	644.6349799628964	468.8242862464653	0.994455	22.233486	0.0978666733463842	0.045350927296095	-0.0347682919	0.0071283002	0.0289628955	-0.0355127021	-0.1337533638	-0.029137914	-0.0570872889	-0.0549238886	0.079055981	-0.0043023606	-0.0431887798	-0.1223193582	0.0673804122	0.0907250764	-0.0347539145	-0.0487800427	-0.0916244182	-0.0660691077	0.0355379625	0.0630890481	0.0081457803	0.0777539014	-0.0834103203	-0.078527624	0.1069558012	0.1382030096	0.0861275182	-0.000304621	0.0571382783	0.0814795274	-0.1353877275	-0.0311947688	-0.0931362704	-0.0509469704	0.048007516	0.1123136354	-0.0299927333	0.0009198295	0.0520933799	-0.0147354392	0.0583761377	0.1689860493	0.04074781	0.1551751493	0.0195377051	0.0008040095	0.0302866571	-0.0204960727	0.0420981009	-0.1498585399	-0.0722462987	-0.0247761502	-0.0428110774	-0.0925567952	-0.0163928448	0.0382263996	0.1098511148	0.0646331831	-0.0305069949	-0.0578538485	-0.1649691962	-0.0257403458	-0.0419911621	0.0573208124	0.0829691658	-0.0369399527	-0.0840003625	0.022425927	0.013992725	-0.0142554536	-0.0987708343	0.0771000211	0.0828539637	0.0279686713	0.0360117771	0.1420009503	-0.0493464309	-0.0169801573	0.0512186208	-0.1274017544	0.0252524444	-0.023146416	-0.1060891556	0.0015540271	0.003411618	-0.0774386464	0.0664207057	-0.0714594715	-0.0392223749	0.0660731471	-0.0138073216	0.0849665514	-0.0349648536	0.1271374453	0.0853411732	-0.0299612018	0.0956881897	-0.0727693693	0.0347370042	-0.0708708329	-0.0139278075	0.0143589627	-0.0508608117	0.0557043802	-0.0649963312	-0.074006234	-0.0245099576	-0.090494371	0.0247527329	-0.0964656395	0.0939693444	0.0795975145	-0.0266557334	-0.0710246898	0.0325804115	-0.1288718894	0.0460697088	0.0326998793	0.0874927294	-0.096365232	-0.0079809031	0.0258103229	0.0277376278	0.068516154	-0.0326302004	-0.0790096451	0.0840631448	0.0	0.0123197329506723	-0.0258122746934077	0.0001517758199758	0.0006662735248479	-0.0137987873578708	-0.0156216671610422	0.0002440364848903	0.0001904065325477	0.6309276761366078	0.0199084673385243	0.000396347071769	0.3980697325151403	0.0139716074278678	0.0005170499272726	0.0001952058141184	2.6734062729270426e-07	0.0046202413198666	-1.2467547869004017e-06	2.134662985380266e-05	1.554397498659066e-12	0.0025758638804263	-0.0002121886010085	6.635074730484836e-06	4.5024002397986835e-08	0.0	0.0	0.0	0.0	0.0	0.0	0.0	0.0	0.0	0.0	0.0
589.2905424222965	0.228569111677416	347263.3433883645	0.052243838813003	736.3671383679655	1.2375774779260382	542236.5624682264	1.5315980138697736	630.8997790738472	1.27617141435735	1.628613478822839	398034.5312354292	645.8075401527105	469.105736749214	1.008632	22.550434	0.1054426753798953	0.0502285024761789	-0.0159319962	-0.0143930784	0.0411875978	-0.0159141426	-0.0598694752	0.0083603619	-0.0314104018	0.1298028655	0.0070288851	-0.1017170401	-0.0382548966	-0.0895171655	0.1316117497	0.0278572017	0.0195589593	-0.0388277844	0.1435486486	0.0371415391	0.0068139375	0.0070500097	-0.0522482184	-0.0666986492	0.0802063774	0.0640560684	0.0015363814	-0.0115086701	0.0666121418	0.065752284	0.0457883194	-0.0300573916	0.0022870248	-0.06502794	0.0746729598	-0.006947059	-0.0715437505	0.0380086477	0.1219191138	0.0954936684	0.0692286722	-0.0011407236	0.0625461722	-0.1070047948	0.1148937843	0.0237185334	-0.0446220563	-0.0074919863	-0.0296637366	0.0048639445	0.0887364998	-0.1248142835	0.1096647422	-0.005868731	0.0362922021	-0.1023583172	-0.0116498361	0.0464805935	-0.0535427811	-0.0467453473	-0.0288152286	-0.0584713765	-0.0992062423	-0.0845534947	-0.0010956902	-0.0422516368	-0.0957815817	-0.0689032273	-0.0185495702	-0.1475283437	0.0409709099	0.0476990279	0.1090096262	-0.016028347	-0.0776840644	0.0486617018	0.0399409747	-0.0433293009	0.099105446	0.0111595762	-0.0481534001	0.0546467644	0.0420680495	-0.0178737019	-0.0709244232	-0.0743195381	-0.0303087712	-0.049409947	-0.12825217	-0.010211704	0.0167356515	0.0217748257	0.0055709894	-0.0903445853	-0.0018077483	0.068897052	-0.1323729845	-0.0491424819	-0.0044024628	-0.0082700588	0.1376168535	-0.0009163009	-0.0119515592	0.0300459892	-0.0488060521	0.051884144	0.0104179493	0.0184137403	-0.011478122	0.0436879253	0.047062768	0.0816576237	-0.0498768851	-0.0900474971	-0.0141276724	-0.0871942808	-0.1116208786	-0.0134241808	0.0240568653	0.0359964262	0.0237861374	0.1155626186	0.0589686224	-0.0203644025	-0.0089423362	-0.0820295694	-0.0341225436	-0.0770222721	0.0865548859	0.0	0.0125799288855716	0.0002601959348992	0.000158254610766	6.77019245381207e-08	0.012061644802543	0.0258604321604138	0.0006687619515233	0.0001454832753427	0.6064973238674156	-0.0244303522691922	0.0005968421119968	0.3678390038583368	0.013347097331854	-0.0006245100960138	0.0001781450071859	3.90012860023167e-07	0.0041559486052922	-0.0004642927145744	1.7271908809830178e-05	2.155677248068656e-07	0.0025848949701459	9.031089719600297e-06	6.681682006685574e-06	8.156058152347014e-11	0.0	0.0	0.0	0.0	0.0	0.0	0.0	0.0	0.0	0.0	0.0
589.7942659307107	0.5037235084141685	347857.2761247459	0.2537373729290788	733.5911015554087	-2.776036812556754	538155.904281278	7.706380384670261	631.2033041708124	0.3035250969652452	0.0921274844877615	398417.6111961512	645.6896670209894	467.75125654120194	1.016255	22.720882	0.1073179493006211	0.0592510305629915	-0.021932008	-0.012294209	0.05525835	-0.030490153	-0.1307620709	0.0033089809	-0.0862079156	-0.0443588732	0.066087102	0.0197608988	-0.0222560408	-0.0485928128	0.0774575206	0.0871170764	-0.1078446656	-0.0253114467	-0.0880261797	-0.0029983627	-0.0440196452	-0.019205869	-0.0380296607	-0.0123578318	-0.0075919392	-0.0724306076	0.036503413	-0.01187022	0.09541185	0.030502372	-0.0704125037	0.0039844564	-0.0358457236	-0.1012597	-0.0525187943	0.0037066398	-0.0995539021	-0.0092016911	-0.1192716582	-0.040411747	0.0097000327	0.0888048369	-0.0457340024	-0.1230574494	-0.0793113093	-0.0528452075	0.0264177289	-0.0092561564	-0.0603546983	0.0268948368	-0.1142589868	-0.0460131838	-0.0269555014	0.0647345418	-0.0603833421	-0.0235524114	0.0194340081	-0.1240591358	-0.0220255563	0.0153068951	-0.0373221709	-0.0325038563	-0.1158100182	-0.0776073327	-0.0229752086	0.0382667657	0.0863661569	-0.0292294145	-0.1217760314	0.0852071853	0.0393143509	0.0078182643	-0.0863826852	0.030479895	-0.0482328503	0.0227537966	0.0753113614	0.0492641914	-0.0793328632	0.0903398902	-0.0248921131	0.0542522879	-0.0328573629	0.0532965009	5.14164e-05	-0.0129587562	0.019011197	0.0111095027	0.0981146567	-0.139586145	0.0800141865	0.0232770657	-0.1140439596	-0.0028735442	0.0032636695	0.0249547737	0.0052929977	-0.0165256872	-0.0175751258	-0.0662849786	-0.0124957621	0.0815105146	-0.0105395168	0.0092839607	-0.0211418992	0.0209833015	-0.0795793674	-0.0618954286	-0.0088253065	-0.0785018588	0.0134000254	-0.0180618518	0.0174813674	0.0564452418	0.0043279599	-0.0616962711	-0.0069045736	-0.2099483327	0.0183637035	0.0145185595	0.0854221949	-0.0897305716	-0.0067411566	-0.0272237838	0.0245620652	0.0319569888	-0.0356063828	-0.0749581217	0.0888525176	0.0	0.0358735083563885	0.0232935794708169	0.0012869086017958	0.0005425908445632	-0.036797133096158	-0.048858777898701	0.0023871801777545	0.0013540290040963	0.6136387427185639	0.0071414188511482	5.0999863207535925e-05	0.3765525065652198	0.013633335896638	0.000286238564784	0.0001858678476705	8.19325159696043e-08	0.0040771577505183	-7.879085477389969e-05	1.6623215322611442e-05	6.207998796001751e-09	0.0027803490121871	0.0001954540420411	7.730340629569783e-06	3.82022825502431e-08	0.0	0.0	0.0	0.0	0.0	0.0	0.0	0.0	0.0	0.0	0.0
590.956590103275	1.16232417256424	349229.6913864901	1.3509974821271455	737.661331999846	4.070230444437243	544144.240727787	16.566775870823797	632.1235331889219	0.9202290181094668	0.8468214457707134	399580.1612112461	647.4457745527693	472.6188501823716	1.036547	23.174555	0.2038916281656908	0.1078683354326341	-0.0174199735	-0.0106177989	0.0391737966	-0.014921128	-0.0185044646	-0.0270079438	-0.0762688729	0.0924021116	0.0077151129	-0.0080998735	-0.0217947892	0.0250708664	0.0259694042	0.0020286549	-0.0524855481	-0.0352217697	-0.0365742158	0.0678743085	-0.0896605797	0.0599109721	-0.0509364061	-0.0603591142	0.0126801506	0.0271372811	0.061271404	-0.0512741653	-0.1636141799	-0.0271748441	0.0543689647	0.0321010831	0.0591096096	-0.0847010267	-0.023345927	0.063944606	0.0654044918	-0.0834632172	-0.0278852367	-0.0310364411	-0.0175685632	-0.0332938533	0.1515764797	-0.0579577972	-0.0372848193	-0.0329709835	-0.1591406464	0.138080418	-0.0467373334	0.0548858886	-0.0664250808	-0.0438753596	-0.028728201	0.1360707208	0.0082947318	-0.1339915988	0.0920022078	0.0603461626	-0.1035274877	-0.0922259559	-0.0309847071	-0.003627079	-0.0048589934	-0.0741232189	0.0200679631	-0.0526857287	-0.0191833377	-0.0984597796	-0.0931464333	-0.0291254041	0.0469129999	0.002562684	-0.0310679061	-0.0963984352	-0.0775782141	0.0912015368	0.0541123213	-0.0304117095	-0.0039567865	-0.0195777116	-0.1060231494	-0.0181649093	-0.0108722788	-0.0157857636	-0.031949921	0.0620865752	-0.0315583954	0.1289904159	-0.0964682259	0.1608955618	0.0184580455	0.0660234309	-0.0029005033	0.0310291632	0.0629345895	0.0057689513	-0.1482804647	-0.0452378855	0.0030574043	-0.0152834748	-0.07870981	-0.1199346206	-0.0169831097	0.0046186279	-0.0279337903	-0.025481756	0.1131776015	0.026315178	-0.0186301081	0.0438592116	0.038172764	0.0840588722	-0.0721144263	-0.0931021608	0.0352493321	-0.075039323	-0.1197249555	-0.0025084636	0.0222938148	0.0232765886	0.01860211	0.064292241	0.0023862908	0.0072853091	0.1006034115	-0.084493889	-0.0370813481	-0.0728192514	0.0909508872	0.0	0.0800415741225322	0.0441680657661436	0.0064066535880128	0.0019508180335223	0.0446807426296658	0.0814778757258238	0.0066386442327927	0.0019963687619384	0.6135525659293606	-8.617678920330718e-05	7.426438997391241e-09	0.3764467511585023	0.0130312367833611	-0.0006020991132769	0.000169813132104	3.625233422088293e-07	0.0048350217674402	0.0007578640169219	2.3377435491620555e-05	5.743578681449981e-07	0.0025771219446955	-0.0002032270674915	6.641557517831116e-06	4.1301240961235274e-08	0.0	0.0	0.0	0.0	0.0	0.0	0.0	0.0	0.0	0.0	0.0
590.6499945718932	-0.3065955313817312	348867.41608777747	0.0940008198632461	736.2373225421826	-1.4240094576633735	542045.3951040818	2.027802935514736	632.5678914388021	0.4443582498802243	0.1974542542366159	400142.13727933215	646.7090664787228	472.2197440005185	1.046312	23.392872	0.2495455656222948	0.1428111584966249	-0.0029676696	-0.0146582007	0.0259539732	-0.0001284345	-0.0800669812	0.0252354773	-0.1071188714	-0.0773799045	0.0320593686	-0.0102227683	-0.0043796377	0.0442908672	0.0058408914	-0.0102752588	-0.0525697351	0.0046559702	-0.2072627543	-0.1096689957	-0.1502481462	-0.0085082489	-0.0428996075	0.0018570219	-0.0752511186	0.0184099189	-0.079301154	0.0187441425	-0.0159794531	-0.1098819777	0.0331059825	0.0897439688	0.0390921843	0.036623924	-0.103913089	-0.0528996949	0.1375031605	-0.0928187334	-0.0697195495	0.0437485518	0.0831577272	0.0637703616	0.051255298	-0.1384439192	0.0193507485	0.0321603929	-0.0380858592	0.1152388348	-0.0410065155	0.0104040731	-0.0436519262	-0.0344884618	-0.0189702028	0.0664017564	0.0439273738	0.0066258907	-0.0452156463	-0.0684578225	0.0950636776	-0.0170156943	-0.0165796636	-0.0045408743	-0.0428476642	-0.0405108333	0.0028819866	0.0379242181	0.0835461879	-0.0299435339	-0.0640599327	0.1710517638	-0.0425482753	0.0621484643	-0.1046797621	0.0994058679	-0.1578701754	-0.0537449099	0.0685552686	0.0638551087	-0.080729593	0.0612493212	0.0783493657	-0.0492256206	-0.072419628	0.0798124537	-0.0225844613	0.146808504	0.0654996612	0.0785275462	0.0291362634	0.0679718993	-0.0603369266	0.0494081683	-0.0258213424	-0.0503867784	0.0233034437	-0.1075790863	0.0239397215	0.006595609	0.0180606783	-0.0223187192	0.0744235316	-0.0153309587	0.0032867073	0.0116568317	-0.0085496081	-0.0101501711	-0.0908093293	-0.0690573453	-0.0239925949	-0.0482864007	-0.0262966507	0.0116115938	0.0095162524	0.0514039848	0.028342738	-0.0669973431	-0.0272634249	-0.1994679874	0.0510184948	-0.036137041	0.0059014344	-0.1522644435	-0.0868102211	0.0090868971	-0.0490626153	0.0409249234	-0.0385470719	-0.0706077933	0.092845289	0.0	0.0388100167674991	-0.041231557355033	0.0015062174014935	0.0017000413219213	-0.037223449205527	-0.0819041918351927	0.006708296640176	0.0013855851707564	0.5650446023769717	-0.0485079635523888	0.0023530225279998	0.3192754026753501	0.0145339665419632	0.0015027297586021	0.0002112361834429	2.258196727388328e-06	0.0047859570799533	-4.9064687486900446e-05	2.2905385171155114e-05	2.407343558187205e-09	0.0025708793331909	-6.242611504600048e-06	6.609420545828088e-06	3.897019839736488e-11	0.0	0.0	0.0	0.0	0.0	0.0	0.0	0.0	0.0	0.0	0.0
591.7175441754125	1.0675496035192964	350129.65208498127	1.1396621559742068	736.2631754894969	0.0258529473143198	542083.4635818778	0.0006683748848369	632.9033678162773	0.3354763774751745	0.1125443998438658	400566.672993186	648.410544413318	473.90151432801406	1.111786	24.856699	0.2009827874583285	0.1166908812707132	-0.0180405342	-0.0001889015	0.0554113223	-0.0208655146	0.0198142676	-0.0180511858	-0.0856987582	0.1063705918	0.0186724418	0.0932617536	-0.0225588387	0.0719670692	-0.0128819826	-0.022913904	0.0169359776	-0.0116571999	-0.0093179984	-0.0972051193	-0.157490855	0.0588319773	-0.0020476679	-0.0634906623	-0.0071825052	0.0860707821	0.0514262901	-0.0900209328	-0.0434346848	-0.0878767934	0.0168476425	-0.1434995965	0.0489217959	0.0221607248	-0.0164394495	0.073288167	-0.0619445006	0.0208924917	-0.0563702027	0.0124549162	-0.0205997587	-0.073000465	0.0845076586	0.0510035996	0.0646526152	-0.0715516284	-0.0685215593	0.0674695285	-0.0259298554	0.0199456195	0.1894654411	0.0242841262	-0.2105570034	0.0134036163	0.0975266172	0.0437258713	-0.0513914605	0.0215565113	-0.1023246626	-0.0213839686	-0.0327105328	0.0322774306	0.042280769	-0.0605074778	0.0856536268	-0.0936591114	-0.0214938203	-0.0858653632	0.0076802323	0.0130832785	-0.0046123809	0.0629701837	-0.0324130712	-0.1690109619	-0.0577719912	0.0825506665	0.046587889	-0.0367958543	0.0318937969	0.0824751345	-0.1237878119	-0.1718640537	0.1321962909	0.0151070605	0.0421787362	0.0042969556	0.0201874956	0.0751083053	-0.1780026121	0.0415127218	0.0379644756	0.0660067593	-0.0348600854	-0.0074122189	0.0164445669	-0.0742157037	-0.1138511891	0.011277802	-0.0034578948	0.0388478557	0.0253464076	0.0176066236	-0.0155984913	0.0106221113	-0.0343768441	0.0284454484	0.0772298882	-0.0188051885	0.0136299932	0.041035575	-0.0422192395	0.0644231538	-0.0369883231	-0.0692524124	0.0097306089	-0.1231770733	-0.1453183594	0.0209595476	0.0293333441	0.0203722076	0.0152108652	-0.0671079447	-0.0174544396	0.0659322175	0.0798095196	-0.076830077	-0.0400031891	-0.0683259517	0.0945314743	0.0	0.0396344158388188	0.0008243990713196	0.0015708869188844	6.796338287927783e-07	0.0282985012316885	0.0655219504372155	0.0042931259890969	0.0008008051719598	0.6316594975839251	0.0666148952069534	0.0044375442634333	0.3989937208879767	0.0136815292640457	-0.0008524372779175	0.0001871842430029	7.266493127833985e-07	0.004288378115073	-0.0004975789648802	1.839018685783706e-05	2.4758482629135e-07	0.0025812939452499	1.0414612059000091e-05	6.663078431783794e-06	1.0846414433947016e-10	0.0	0.0	0.0	0.0	0.0	0.0	0.0	0.0	0.0	0.0	0.0
590.7036991138398	-1.013845061572738	348930.86014677375	1.027881808875429	737.024604765706	0.7614292762091281	543205.2680300452	0.5797745426683568	631.846530746364	-1.0568370699132856	1.116904592342899	399230.0384162159	646.4952552574457	474.9680750676763	1.045872	23.383036	0.1819350854222148	0.1056896268966381	0.0047581645	-0.0191106942	0.0203849643	-0.0030873443	-0.0173029403	0.008774242	-0.1101879577	-0.074141063	0.0114921664	-0.0341768417	-0.0152688376	-0.0166975229	0.0270196176	-0.0160007077	0.0046845234	-0.0067271242	-0.0172694172	-0.0736265316	-0.0461126656	-0.0532316027	-0.0879362566	0.0629219365	-0.0751838025	-0.0748626766	-0.1086995107	0.0904565406	-0.0601819099	-0.0245017355	-0.0903783649	-0.1273352931	0.0449550694	0.0513660024	-0.0362899206	-0.082151299	-0.1299286689	-0.0605645528	-0.0377901326	0.0297457344	0.0777593271	-0.0494665869	0.0461043582	-0.0340000981	-0.0461528965	-0.0843322668	-0.101566378	0.1288933042	-0.0509337181	-0.1001473022	-0.1505535011	0.1157424519	-0.023265744	-0.0934329588	0.121029885	-0.0020913621	0.0027373216	0.0358926352	0.0706548207	0.0817835952	-0.0122157044	-0.0156653521	-0.0200201246	-0.0379951319	0.029026683	0.0263625131	-0.0057572005	0.0281523579	0.0095998116	0.115902022	-0.0598831171	0.084510486	-0.0814210476	0.0507087785	-0.0014341144	-0.0273829616	0.0805869786	0.0449483355	0.0336015535	0.1377336629	-0.0143124945	-0.0169733725	-0.0567993003	-0.0870572099	0.0504677329	0.0114439812	0.0436056327	0.0001665572	-0.0380375479	-0.0295784242	-0.0345960793	-0.0611868849	-0.0754319723	-0.0639387343	0.0695426553	0.0056598454	-0.0729491743	0.1285477195	0.0037010727	-0.1171717771	-0.2219064977	-0.0335790383	0.0078906197	0.0275111962	-0.0099133148	0.006690548	-0.0766485844	-0.0884768698	-0.0189633326	-0.049930629	-0.0300463083	0.0594405469	0.0160985356	0.0721278995	0.0086694743	-0.0143879209	-0.0410749915	-0.1149402851	0.0555969556	0.014533547	-0.0212419456	-0.033198073	-0.0476372293	0.0090299782	-0.0873962456	-0.0168706849	-0.0414493366	-0.0659760014	0.0960056619	0.0	0.0202543137383059	-0.0193801021005129	0.0004102372250097	0.0003755883574263	-0.0449221393988779	-0.0732206406305664	0.0053612622143505	0.0020179986081722	0.5678021115779046	-0.0638573860060205	0.0040777657475219	0.3223992379123272	0.0140483493692263	0.0003668201051806	0.0001973561199998	1.3455698956470698e-07	0.0044278441957681	0.000139466080695	1.960580422199725e-05	1.9450787664451996e-08	0.0025780409974233	-3.2529478266002214e-06	6.646295384395323e-06	1.0581669562583104e-11	0.0	0.0	0.0	0.0	0.0	0.0	0.0	0.0	0.0	0.0	0.0
591.7485195173346	1.044820403494782	350166.31035095727	1.0916496755589993	738.3546224253801	1.330017659674013	545167.5484569255	1.7689469750447386	632.6821686366819	0.835637890317912	0.6982906837349707	400286.7265108148	647.98331936214	476.6601171165879	0.987876	22.086393	0.1881882382355	0.1123616319417997	-0.0095698826	-0.0080994429	0.0326817573	0.0140993616	0.0493832865	0.0076812596	-0.0930049241	0.0407904304	-0.0332463575	0.088247324	-0.0420632592	0.0434828218	0.0282101818	-0.0412639827	-0.0045977392	-0.1016821381	0.0627208857	-0.0564080535	0.0211650071	0.0223045758	0.0313255008	-0.0208058985	0.0059155071	0.0556459998	0.0522036951	0.0342116554	0.0654445223	-0.0067948235	0.0519359903	0.0708517479	0.0608171832	0.0329507997	-0.0592150448	-0.0660784452	0.0095137886	-0.0671452348	-0.0581033099	0.0196629947	-0.0314304362	-0.0267481278	0.0024930617	0.0277178724	0.0061107695	-0.0160358683	-0.104809555	0.0054558525	-0.001102478	-0.0268656045	0.0997128702	-0.0360189913	-0.0118267238	0.0461948009	-0.0696824172	-0.0867639107	0.0079231831	0.0846211599	0.0801692606	-0.131978101	-0.0339480075	0.0003532596	0.0320694795	-0.0533113585	0.0652973799	-0.0754223312	-0.0042752021	-0.0112751117	0.0085896305	0.0271500571	0.0117255031	0.0474610607	-0.0073512591	-0.0736998071	0.0300624755	0.0221268805	0.0161154678	-0.0551795999	0.0619254622	-0.0489779212	-0.1087861221	-0.1321582385	-0.0478763812	-0.0185279092	-0.0209879614	0.0110424705	-0.0253381465	-0.0089304174	-0.0400135299	0.0157096867	-0.0503071754	0.1703340271	-0.0194522621	-0.0086073087	0.0644022783	-0.0038041323	0.0487109753	0.0446053333	0.0405028624	0.0033146085	-0.0708254461	-0.0279437733	-0.005265596	0.0229517443	-0.023620762	0.0513756303	0.0758989615	-0.0199166413	0.0094382715	-0.0004107758	-0.0474088789	0.0494620608	-0.0068536027	-0.0277791864	0.0427064936	-0.0707390128	-0.1409065668	0.0812142472	0.0366216596	0.0364371123	-0.0430502435	-0.056018838	0.0394312971	0.1098115815	0.0846321923	-0.0438898386	-0.042885154	-0.0635602848	0.0972645456	0.0	0.012743775838814	-0.0075105378994918	0.0001624038226299	5.640817953970418e-05	0.034121932080481	0.0790440714793589	0.006247965236034	0.0011643062489049	0.6246068731670888	0.0568047615891842	0.003226780939204	0.3901337460075678	0.0133625241376461	-0.0006858252315802	0.0001785570513291	4.703562482720356e-07	0.0042229681589851	-0.0002048760367829	1.7833460071802006e-05	4.1974190447909147e-08	0.0025839170744094	5.876076986099932e-06	6.676627447424432e-06	3.4528280746573256e-11	0.0	0.0	0.0	0.0	0.0	0.0	0.0	0.0	0.0	0.0	0.0
590.9492280457482	-0.7992914715863435	349220.99012786575	0.6388668565506626	740.706819336444	2.35219691106397	548646.5922115116	5.532830308418883	631.5853826174946	-1.0967860191873342	1.2029395718847995	398900.0955360871	647.2916226232682	477.3747620457097	0.959437	21.450562	0.1959052365412713	0.1198086232664292	0.0084590475	-0.0080109618	0.0009728558	0.0249854119	0.0520619762	-0.0003957012	-0.0577135154	-0.1086123113	-0.0177632092	-0.0363879327	0.0056946884	-0.0242867081	0.023183274	0.0297800267	0.0336251294	0.0197776512	0.0353100469	0.0109999533	0.067487048	-0.022023878	-0.0182986307	0.0101270741	-0.0452987791	-0.0556150557	-0.0121800083	-0.0780707581	0.0487134307	-0.0086231934	-0.0408294545	0.0518108972	-0.0160271935	0.0475884693	0.0410514519	-0.0433813691	-0.0498455607	0.0528001149	0.0179367298	0.0469070436	0.1189908803	-0.0958011973	-0.0793850169	-0.0603473629	0.0303427685	0.0556602287	-0.0137982893	0.0399712528	0.0194893444	0.0002693916	0.0395042639	-0.0203514411	-0.1579023027	-0.075295709	0.0084131932	0.0514056857	-0.0383835017	-0.0055422222	-0.0633037997	-0.1202907106	0.0030311396	-0.0134593748	-0.0074149852	-0.0098789917	0.0423244606	0.0234882832	-0.0621701303	0.0568505074	0.0721132421	0.053717418	0.0204975484	0.053764407	-0.0359664449	0.0051292607	0.0679693341	0.0274971008	0.061640847	0.0014079417	-0.0096976007	0.0887283965	0.00544643	0.0375196985	0.0458766927	-0.0030622908	0.0589973599	0.0979221906	-0.0783746414	-0.0073445754	0.0161367392	-0.0593581363	-0.0465700488	-0.0063661705	-0.049245046	-0.0074093025	-0.0103208512	-0.043375022	0.054149918	-0.0732176254	-0.0906054761	-0.0821049554	0.0981681763	0.0346032876	0.0118367039	0.0178065513	-0.001782116	0.0052525519	-0.0513425715	-0.0573720374	-0.0327900671	-0.0142213361	-0.0691866342	0.0790666781	-0.0057316259	0.0322937558	0.0113473614	0.0147085643	-0.0123109202	-0.0301763448	0.0851474761	0.0394398978	-0.0476150235	-0.0761993629	-0.0064220067	0.1420395228	-0.0991939158	0.0325681828	-0.0443102836	-0.0610812099	0.0983053023	0.0	0.0257299044020129	0.0129861285631989	0.0006620279805367	0.0001686395350599	-0.0433107137196486	-0.0774326458001296	0.0059958146356083	0.0018758179229053	0.580666751491151	-0.0439401216759378	0.0019307342928962	0.3371738762872861	0.0145305798827022	0.001168055745056	0.0002111377517275	1.36435422355856e-06	0.0042799779784234	5.700981943830043e-05	1.831821149578926e-05	3.250119512387617e-09	0.0025780558288637	-5.8612455456998926e-06	6.646371856738099e-06	3.4354199346986825e-11	0.0	0.0	0.0	0.0	0.0	0.0	0.0	0.0	0.0	0.0	0.0
590.9867979058935	0.0375698601452541	349265.3952990614	0.0014114943913339	738.6474603043553	-2.0593590320887643	545600.0706140741	4.240959623045572	631.6385760037405	0.0531933862458799	0.0028295363403033	398967.290696033	647.9187315204887	476.0262668955396	0.941271	21.044413	0.1263202187828475	0.0888488043456638	0.0096685704	-0.0081867264	-0.0096613092	0.0120444975	0.0868958481	0.0037426299	-0.0228435071	0.0328433556	-0.0755538878	0.1295819217	-0.0074010844	-0.0169418041	0.0374994988	0.0140329927	-0.0124002479	0.0299409391	0.0299676522	0.0347405657	0.0600700668	-0.0078665741	-0.0490441037	-0.1025215658	-0.0760824997	-0.000463985	-0.0417388762	0.0504930766	-0.0588619248	0.0499212458	-0.0668151145	-0.1405843116	-0.0244364421	-0.0253510876	-0.1017880968	0.027259075	-0.054542057	0.0281253957	-0.0081742783	0.0209374022	-0.0005706645	-0.1049196677	-0.0568792009	-0.0718244868	-0.0670290752	-0.0198630415	-0.0032516021	0.0732270407	-0.0268550019	-0.025498429	0.0777939775	-0.0283968136	-0.0911170276	-0.0285568207	-0.0633356869	-0.0197116327	-0.0584610268	-0.1008697793	0.0200159346	-0.1250230203	-0.0104290765	-0.0201595434	0.0239976939	-0.0163094705	0.0760849822	-0.0460634963	-0.0263104624	0.0134507799	0.0149686229	0.0319922264	0.0786587032	-0.0191597198	-0.0008152961	-0.1351706885	0.0701634734	0.0270766441	0.0661882569	0.0423027679	0.0412031423	0.0532179722	-0.0203437041	-0.0039230182	0.0479413287	-0.1047088471	0.0303527478	-0.1060127985	-0.0634473371	0.043327574	0.0559764682	-0.1265505849	-0.007778111	-0.0780431695	0.0904590161	-0.0027676478	0.1184820987	0.0400804341	-0.0332355217	-0.0083699488	-0.015158588	-0.0657049631	0.0309564541	-0.1238349881	0.0101195794	0.0283143649	-0.0096997323	0.0051737514	0.0432729756	-0.0325514243	0.0200361878	0.0076705117	-0.0709669041	-0.000799173	0.003731498	0.0028226741	0.0292754403	-0.0762887229	-0.1222526231	0.052226954	-0.0008781613	-0.0059282933	0.0033181995	-0.0801503246	-0.0518986364	-0.0173532892	0.0300828566	-0.0275040866	-0.0457243701	-0.0585412479	0.099125598	0.0	0.0254259828762712	-0.0003039215257416	0.0006464806052244	9.23682938091621e-08	0.0267508424490756	0.0700615561687242	0.0049086216527832	0.0007156075717352	0.5881557526157977	0.0074890011246466	5.608513784495919e-05	0.3459271893350554	0.0136538711034665	-0.0008767087792356	0.00018642819611	7.686182835889494e-07	0.0043703434453201	9.036546689669948e-05	1.909990183005236e-05	8.165917607458491e-09	0.002580296382006	2.2405531422999003e-06	6.657929418993253e-06	5.020078383469957e-12	0.0	0.0	0.0	0.0	0.0	0.0	0.0	0.0	0.0	0.0	0.0
590.3807402232691	-0.606057682624396	348549.41842657514	0.367305914668053	740.2024745703733	1.55501426601802	547899.7033601041	2.418069367519561	630.7770457717608	-0.8615302319797138	0.7422343406150195	397879.68147255	647.2041970014166	476.84295169773856	0.925817	20.698904	0.1079899917470437	0.0709259611830895	0.0223318332	-0.0123243007	-0.0119409141	0.038453069	0.0594702007	0.0354042646	-0.0184205418	-0.0086888273	-0.0504834995	-0.0261783946	0.0233660963	-0.0659191281	0.0382270554	-0.0419437031	0.0640684391	0.0367090131	-0.0030072714	0.0915107299	0.0042242739	0.0369830124	-0.0506082869	-0.0020710717	-0.005780475	-0.0567643081	-0.0892095721	-0.0303714772	-0.1995008444	-0.0223721079	-0.0679912937	0.0091677646	0.0017745252	0.0587705962	-0.0639254157	-0.0539706968	0.07451559	0.176047439	-0.0512858406	-0.0150122351	-0.1077609429	0.0253356713	0.0227091449	-0.020101957	-0.1604404587	0.0810251387	0.0972590033	0.101970738	-0.0689800959	-0.0475746538	-0.0548067211	0.0182718618	0.1554399288	0.0315365867	0.103433172	-0.0906026985	0.0202999939	-0.047564022	-0.0811500834	-0.0220833838	0.0176439028	-0.0431495168	-0.0157039338	0.0211411801	0.0050466885	-0.0415082713	-0.055473316	0.0966257922	0.0525473264	0.0031573703	0.0459377227	0.0320332583	-0.0518561716	0.0119979089	0.025599139	0.0649578815	0.0231471116	0.0587805902	-0.0809368356	-0.01147934	0.0089715157	0.1108797915	0.0285262672	-0.0600726594	0.0228095351	0.0169657755	-0.0234984446	0.0927091725	0.0738341677	-0.0401986351	-0.0329128247	-0.1962999925	0.1341408737	0.0171228068	0.008527723	-0.1326022081	-0.021842091	0.0918915651	-0.0212557427	-0.0627947741	0.0526989036	-0.017773507	0.0228911564	0.024418617	0.0020292253	-0.0178052224	-0.034612667	-0.0499888908	-0.0278579446	0.0048626506	-0.0341861329	0.0688345637	-0.0238468942	0.0284951136	-0.007526297	0.0342525335	-0.0122827872	-0.0278123321	0.0484132476	0.017608628	-0.0256039793	-0.0339255448	-0.0377353894	0.0533704356	-0.1364900705	0.0008495821	-0.0471270611	-0.0559429307	0.099723593	0.0	0.034557628596417	0.0091316457201457	0.0011942296942078	8.338695355825707e-05	-0.0359082533898913	-0.0626590958389669	0.0039261622913568	0.0012894026615126	0.5789217478924016	-0.009234004723396	8.526684323170117e-05	0.3351503901827933	0.0140865529822477	0.0004326818787811	0.0001984309749216	1.872136082256287e-07	0.004263905647688	-0.0001064377976321	1.818089137238562e-05	1.1329004764771905e-08	0.0025801111491286	-1.852328773998581e-07	6.656973541857705e-06	3.4311218869830853e-14	0.0	0.0	0.0	0.0	0.0	0.0	0.0	0.0	0.0	0.0	0.0
591.1626175979728	0.781877374703754	349473.240445287	0.6113322290736345	738.3441424864457	-1.8583320839276207	545152.0727440448	3.4533981341547757	631.7314009276575	0.954355155896792	0.91079376358679	399084.5629180208	647.6905263871513	474.84824600693776	0.917803	20.519726	0.1509668232603399	0.086306466185269	0.0066932228	-0.0068296084	0.0025244685	0.0117323872	0.0233623633	-0.0536996926	-0.0308563458	0.0345833838	-0.0337811401	0.0955782076	0.0147594268	-0.0272926066	0.0570569399	-0.0210274724	-0.0480194832	0.0004572338	0.055330032	-0.0419314116	-0.0963846303	0.0453535031	-0.0231722026	-0.0548308129	-0.0303515905	-0.0242456522	0.0347028311	0.0435129985	-0.0849704566	0.01383455	0.0508604137	-0.0311741629	0.0204544868	0.0336446318	0.0018990098	-0.0553781449	-0.024062824	-0.018697294	-0.0350288598	-0.0134119625	0.1224574734	0.1011341445	0.2112163709	0.0395517463	-0.0558365983	0.1549812963	0.0209294529	-0.0520478826	0.0880131896	-0.0812152184	0.0534634299	0.1343889033	0.0309557391	-0.0695407862	0.0029687812	-0.0326450869	-0.061471345	-0.0244632313	0.1858038858	0.0966022924	-0.0069504984	-0.0433610263	-2.9238e-05	-0.0257948808	0.0251343519	-0.0441815808	0.0483238096	0.0326503596	-0.025864306	0.0044658069	0.0786941143	0.0104458973	-0.0659538459	-0.109270933	0.0329587023	-0.0179574167	0.0062143758	-0.039131688	0.1013970167	-0.0368605764	-0.0779681991	-0.0800170922	0.0275958659	0.0064337433	-0.0829572852	-0.0518204861	0.047934122	0.0507420755	-0.0665745884	-0.013679628	-0.1087399784	-0.0559291019	0.0677380958	-0.0761207705	-0.0096340626	0.0046940541	-0.0118768605	-0.0079015762	0.1045686066	-0.0191323022	-0.006061333	-0.1066733105	0.0058646604	0.0212239373	-0.0080243045	-0.0038111909	0.0772088202	-0.0200994956	0.0268585327	-0.0059010651	-0.0389257957	0.0019483459	-0.0130962007	-0.0132682548	0.0503966565	-0.0231269809	-0.1194554914	0.0931618314	0.017357353	-0.0196745354	-0.0124687606	-0.0602198799	-0.0380345202	0.0020166436	0.0573935404	0.0031039174	-0.0485180071	-0.0532888484	0.1000979463	0.0	0.0395014636642372	0.0049438350678202	0.001560365631617	2.4441505177808777e-05	0.0295073969506631	0.0654156503405544	0.0042792073094776	0.000870686474804	0.6115876801245719	0.0326659322321702	0.0010670631285967	0.3740394904801556	0.0134976777628998	-0.0005888752193479	0.000182187304991	3.467740239620374e-07	0.0044458697310827	0.0001819640833947	1.976575766575736e-05	3.311092764567355e-08	0.0023921223394753	-0.0001879888096533	5.722249287016782e-06	3.5339792554864725e-08	0.0	0.0	0.0	0.0	0.0	0.0	0.0	0.0	0.0	0.0	0.0
590.7728684901675	-0.3897491078053008	349012.5821441008	0.151904367035028	739.5913462658641	1.2472037794184416	546995.3594713534	1.5555172673956448	631.4030111060953	-0.3283898215622685	0.1078398749056985	398669.7624338439	646.7732634016359	478.0034691597286	0.915315	20.464108	0.1637076694292954	0.0965957364160088	0.0321699817	-0.0284647066	-0.0180960097	0.0332736861	0.030676318	0.0082645514	-0.0272543226	-0.0677754053	0.007222941	-0.0241468534	0.0280933338	-0.0394206774	0.0305872347	0.0034573902	0.0057533847	-0.0128269486	-0.0560646832	0.0101124237	0.0318611575	0.0121100878	-0.0040923046	-0.0159985069	0.0644797709	-0.0652282395	-0.0894734395	-0.0614749204	-0.0716274597	-0.0732051507	-0.0915882063	0.0907218642	-0.0211114474	0.0483751509	-0.0356335746	-0.0784522727	-0.027898922	-0.0717506996	0.1122960579	0.06727694	0.0215614102	-0.0961671555	-0.0457315869	0.0118636612	-0.0931250882	-0.0317413993	0.1483138875	0.1052972066	-0.0939865603	-0.0013738542	0.0486900144	-0.1174571511	0.1203331414	-0.0276883757	0.1129565006	0.0879188278	-0.0040920117	0.0028211789	-0.0751639738	-0.0112923932	0.0202312417	-0.039128525	-0.020401418	-0.0073121213	0.020444701	0.0426327798	-0.0779672167	0.1052201318	0.0393469917	0.0821593545	0.0170265088	0.0170230741	-0.033805895	0.0311891705	0.0931723562	0.0291530914	0.0557147896	0.0150790776	-0.097428927	-0.0337557266	0.0300894063	0.0356101108	0.0987236074	-0.0378325877	0.072891768	0.0620119362	-0.1348169678	-0.0343205895	-0.0309892235	0.0699021765	-0.071027253	-0.0527964771	0.0267457093	-0.0143024837	0.0474500616	-0.1345514966	-0.019861826	0.1203739998	-0.0178340967	-0.0837471622	0.1133708932	0.0514689285	0.0295436478	0.0318164085	0.0114774498	-0.0171253707	-0.0548288692	-0.0184872563	-0.0183044106	0.0159129952	-0.0401453831	0.0587267039	-0.0273139677	0.0463445191	-0.0219560506	0.0048304867	0.0001745082	-0.0404163244	0.010435056	0.0241278185	-0.0401044075	-0.0114861729	-0.0545574731	0.0252719358	-0.1086300248	-0.0317463339	-0.0498968614	-0.0505816467	0.1002478183	0.0	0.0368490153063589	-0.0026524483578782	0.0013578499290482	7.0354822912112806e-06	-0.0427107329251015	-0.0722181298757645	0.0052154582827528	0.0018242067069993	0.5542091712006894	-0.0573785089238825	0.003292293286328	0.307147805442955	0.0136875934005072	0.0001899156376073	0.0001873502130976	3.6067949407825184e-08	0.0041973936891608	-0.0002484760419219	1.7618113781806913e-05	6.174034340917383e-08	0.0025829023053814	0.0001907799659061	6.671384319144551e-06	3.6396995391132756e-08	0.0	0.0	0.0	0.0	0.0	0.0	0.0	0.0	0.0	0.0	0.0
591.5301679167474	0.7572994265798343	349907.9395556153	0.5735024214981458	740.0363321264749	0.4449858606108137	547653.7728672063	0.1980124161435465	632.7542640638052	1.351252957709903	1.8258845557197607	400377.9586909277	648.7016339277693	479.7726116361238	0.91094	20.366297	0.1304134395468346	0.1183325199569227	0.0274021204	-0.0119020262	-0.0253593579	0.0398148509	0.0746653813	-0.0157387771	-0.0027376994	0.0043843776	-0.004780705	0.1163927617	0.0424618341	0.0545358232	0.0479421995	-0.0645910502	0.0321973554	-0.081445163	0.0344468621	-0.0265028906	0.0124295999	-0.0352499064	0.0611524185	-0.0897296664	-0.0542097091	0.0606018964	0.0188863451	0.1648549475	-0.0068269598	0.0145128725	-0.1035565022	-0.095769707	0.0117521386	0.0904254119	0.0352177394	-0.0458009839	-0.0320878066	0.0328702164	-0.1187082062	-0.003541991	-0.0698784081	0.0238716708	-0.0206273941	-0.0363623886	-0.0454477346	0.0507952485	0.0443382163	-0.0701716593	-0.0602153023	-0.009970713	0.1286340723	0.028780284	0.045405229	-0.025099844	-0.0252130922	0.1268255078	0.039303301	0.0661870117	-0.0161897047	0.0742026692	0.0126909229	-0.0213517386	0.0737959526	-0.0377206583	0.0577335989	-0.0815384061	-0.0016953451	0.0458054615	-0.0228501348	0.030783483	0.0412926069	0.0287309398	0.0123336202	-0.0517276728	0.0585052227	0.0230385942	0.0185463037	-0.0037349387	0.0624729877	-0.1190692741	-0.0318105528	-0.009076792	0.0108111867	0.0155493917	0.1035613444	-0.122161997	0.0067606769	0.0410113687	-0.0020769895	-0.1373659678	-0.1072822209	0.0230188138	-0.0147894563	0.0223393678	0.053944824	-0.0428662181	0.0751702233	0.0535703399	0.1749299164	0.024399462	-0.0268773452	-0.012258498	0.0285773413	0.034435513	-0.0003752837	0.0033937372	0.1038168932	0.0073801072	0.0128647874	0.0073431251	-0.0320524757	-0.0049660045	-0.0025817393	-0.0580805673	0.050481083	-0.0325910668	-0.0648520927	0.0918234471	-0.0302894083	-0.021582993	-0.0195484974	-0.0484403096	-0.051672987	0.0173436317	0.014770373	-0.008858799	-0.0512632804	-0.047824024	0.1001728729	0.0	0.0367453739571175	-0.0001036413492414	0.0013502225072484	1.07415292725781e-08	0.0750488984648853	0.1177596313899868	0.0138673307851055	0.0056323371607926	0.5639199924100708	0.0097108212093814	9.430004856057344e-05	0.3180057578397743	0.0136696357136643	-1.7957686842899265e-05	0.0001868589405442	3.224785167476374e-10	0.0041588717890126	-3.8521900148200464e-05	1.729621455744486e-05	1.4839367910279271e-09	0.0025832096303548	3.073249733999244e-07	6.672971994357783e-06	9.44486392752642e-14	0.0	0.0	0.0	0.0	0.0	0.0	0.0	0.0	0.0	0.0	0.0
590.0407068746634	-1.4894610420839172	348148.0357691525	2.2184941958857083	740.930220861158	0.8938887346830597	548977.5921853643	0.7990370699932816	631.8033039404911	-0.9509601233140756	0.904325156133522	399175.4148701206	648.2075703635533	478.2980034818426	0.914648	20.44919	0.1444143497469404	0.1044842068631298	0.0311898262	-0.008653378	-0.0392706031	0.052512172	0.0694746174	0.0295003654	0.0088227795	-0.0414701414	-0.0741854203	-0.022609949	0.0234472604	-0.0024221851	-0.0354136006	-0.0196073842	0.0300508755	0.0524823583	-0.073514668	-0.0267892099	-0.0218784263	0.0068164968	-0.025739096	-0.0282878592	0.0115274431	0.0679190263	-0.1027803615	0.0844931996	0.0334244161	-0.0104230348	-0.1201351893	0.0012401245	0.0510431307	0.0365853215	-0.0728616219	0.0878088715	-0.0030316404	-0.0207672794	0.0113947263	-0.0462015866	0.1021214312	-0.0210596876	0.0040018557	0.090575386	-0.0579936284	0.0349430746	0.0629098058	-0.0203607437	-0.1203755546	-0.0833503526	0.0718419035	0.0662068556	-0.0794206373	-0.0047363261	0.0318482648	0.1009157492	-0.0406712888	-0.0416281554	-0.1376239452	0.0224070404	0.023598683	-0.0115556341	0.0497365287	0.0628005841	0.0082238501	0.0327000729	-0.0617105179	0.1028821853	0.0971050719	0.0897353215	0.0223201711	0.0406951266	-0.0671500148	0.0431914216	-0.0379076319	0.1069226613	0.0115658165	-0.0140868276	-0.0655797681	0.0167195684	0.0623179879	-0.016477909	0.020087035	0.0516625614	0.1082151007	-0.0271429855	-0.0859871816	0.0190493323	0.0349819038	-0.0447602504	0.0210427217	0.011787164	0.0004645577	0.0344179653	0.0488755773	0.0746336504	0.0364738166	0.115260644	0.0150772704	-0.0332772311	-0.0049333575	0.0572856022	0.0326020064	0.0268744764	0.0052740059	-0.0278113183	-0.0539091145	0.0063158385	0.000925548	0.0073935285	-0.054116201	0.0662591901	-0.0319601737	0.004937358	0.0012762167	0.0236440091	0.022132255	-0.0704627149	0.0305676517	0.0322634113	-0.0361725733	-0.043604627	-0.0908379098	0.0670215221	-0.1217584536	0.0102124897	-0.0526169234	-0.0450187293	0.0998732783	0.0	0.0237448217479396	-0.0130005522091779	0.0005638165598414	0.0001690143577435	-0.0185820244547159	-0.0936309229196012	0.0087667497267763	0.0003452916328356	0.5651738620769322	0.0012538696668613	1.5721891414750242e-06	0.3194214943749552	0.0143877284854444	0.00071809277178	0.0002070067309708	5.156572288828267e-07	0.0041492979955062	-9.573793506400044e-06	1.7216673855511768e-05	9.165752210318764e-11	0.0025802960966153	-2.913533739499867e-06	6.657927946208154e-06	8.488678851204079e-12	0.0	0.0	0.0	0.0	0.0	0.0	0.0	0.0	0.0	0.0	0.0
590.4137414895021	0.3730346148386161	348588.3861396325	0.1391548238677946	739.0410609581659	-1.8891599029921051	546181.6897821714	3.5689251390731407	632.8118689675001	1.0085650270090127	1.017203413705691	400450.86150614056	648.7225753290284	473.69324635762223	0.9533100000000002	21.313589	0.1791878188183329	0.1016548596475786	0.0078191254	0.0010030617	-0.0016661047	0.0281967023	0.0845909047	-0.0239491013	0.0500194456	0.017542588	-0.0383347258	0.1318895779	0.0191316326	0.0637452172	-0.0260066783	-0.0370456304	-0.0436846567	0.101383079	-0.0292509059	-0.0620020122	-0.0437170758	0.0379606543	-0.1198038496	-0.0365382495	-0.0583451253	-0.090528064	0.0990394185	-0.2836406153	0.0291434806	0.0987946755	0.0690818929	0.0572408114	-0.0220417958	-0.0020749268	-0.0292144093	0.0195288527	-0.0048089632	0.1140785101	-0.0356895334	-0.0612612663	0.0864933542	0.0267249439	0.0970238761	0.1177593197	-0.0087966881	-0.009495689	-0.0002639535	-0.2142758399	-0.1295349373	0.0276447643	-0.0892933374	-0.0112519222	0.0707850762	-0.0767958649	0.018786093	-0.0269598234	0.0443770669	0.0119727089	0.0879998568	0.0327602514	0.0058076995	0.0227517961	0.0897913806	0.0117194364	0.049517594	-0.0242322158	0.0482700055	0.0327789289	0.0472866943	0.0249317613	0.0487441841	0.0189969445	-0.0600625287	-0.1578800803	0.0756563029	0.0382567905	-0.0038687554	-0.0588161586	-0.0395808352	-0.0349179326	0.0683384138	-0.0619355458	0.0623260273	0.0562727968	-0.0032820388	0.0440447387	-0.0865380733	0.0850078232	0.0645501668	0.0674408493	0.0390237516	0.0050698158	0.0771129517	-0.0909240076	-0.0738839373	0.1214837886	0.0219525736	-0.1055628375	0.1156799799	0.0882005241	-0.1340832337	-0.0033548853	0.0093139234	0.0271617731	-0.029491579	0.042298582	0.0795960107	-0.0324357767	0.0381536117	0.0117443164	-0.026265025	-0.0372859688	0.0269001622	-0.0049223908	0.0317450192	-0.0323269751	-0.0724490672	0.0976725332	-0.0233591447	-0.0162744796	-0.0175663534	-0.041635309	-0.0292132527	0.0756063229	0.0654832199	-0.0174509224	-0.0539574532	-0.042168559	0.0993497063	0.0	-0.0026623891209993	-0.0264072108689388	7.088315831615424e-06	0.0006973407858766	0.0358086624673745	0.0543906869220904	0.0029583468238568	0.0012822603077023	0.6337485625143557	0.0685747004374235	0.0047024895400823	0.4016372404890123	0.0139015331260487	-0.0004861953593957	0.0001932526232546	2.363859274979146e-07	0.0042586603375607	0.0001093623420545	1.8136187870712616e-05	1.1960121859645498e-08	0.0025810428069627	7.467103474000786e-07	6.661781971373894e-06	5.575763429143461e-13	0.0	0.0	0.0	0.0	0.0	0.0	0.0	0.0	0.0	0.0	0.0
589.1958825192548	-1.217858970247221	347151.78797764354	1.4831804714116212	739.9848534041915	0.943792446025668	547577.5832676229	0.8907441811751137	631.8193816658836	-0.9924873016165066	0.9850310438700144	399195.7310486595	648.5160012578233	476.6729607930657	0.958379	21.426914	0.2144334869274194	0.1234830181167076	0.0335540001	-0.0166093571	-0.0333009417	0.0392629033	0.0432857674	0.0434378373	0.0476495453	-0.0130027519	-0.0642888086	-0.052593678	0.0528116611	0.01077593	-0.0251870469	-0.0292290438	0.0418472468	0.083360157	-0.0367037466	-0.0560896334	-0.0173435403	0.0675203904	-0.0412109804	-0.0040562578	0.0917286539	-0.0529912195	0.0464668158	-0.0068204635	0.007466606	-0.0667357525	0.1526505844	0.1696694574	-0.0965075821	0.1658319141	0.0355442716	0.0147091867	0.1019797104	-0.0864411687	0.0143454095	0.0239890793	0.0113431921	-0.0340412493	-0.0289015867	-0.0010376922	-0.101282946	-0.1286350999	-0.0810088183	-0.0545360343	0.0853302144	-0.0601960597	0.0616605201	0.0437373108	-0.0270629916	0.1248884164	0.0708806278	0.0014304524	0.0418548698	-0.0108960246	-0.0834613614	0.151917867	0.0372833015	-0.0128947329	0.0587059836	0.0588801087	-0.0157928619	0.0276282398	-0.0305476095	0.1002322693	0.1051487458	0.0412624621	0.0008915867	-0.0067794891	-0.0256878579	0.0550974131	-0.0653062408	0.0559635638	0.0282047721	0.0225831217	-0.0892902758	0.0356157863	0.0315025099	-0.0444516317	0.0256206406	0.0231033216	-0.1325405365	0.1871553678	0.0534125704	-0.1422412572	-0.0927389119	0.0523204716	0.0301646056	0.0296391678	0.0703153112	-0.0011059034	0.0540274413	-0.1037716752	0.0930145111	-0.1121796345	-0.044379146	-0.0362858772	-0.0006645999	-0.0342794755	0.0350496701	0.0247445776	0.0115358386	-0.0451363787	-0.0618851571	0.0099322254	-0.0111666272	0.0133796865	-0.0312374085	0.0658068753	-0.0585057513	0.0202156497	-0.0397475701	0.0794649459	0.0497098347	-0.0012778473	0.0351700261	-0.0082358606	-0.0090163208	0.0159949292	-0.0463224876	0.0198605487	-0.1491536672	-0.0409555166	-0.0552845357	-0.0392763541	0.098603331	0.0	0.0222815165885492	0.0249439057095485	0.0004964659814857	0.0006221984320468	-0.0499256541712895	-0.085734316638664	0.0073503730494986	0.0024925709444311	0.5642306720091739	-0.0695178905051818	0.0048327371002904	0.3183562512359239	0.014439921295685	0.0005383881696363	0.0002085113270255	2.89861821204326e-07	0.0044008559214483	0.0001421955838876	1.936753284134657e-05	2.021958407713551e-08	0.0025768790790061	-4.1637279566001176e-06	6.640305787819326e-06	1.733663049657339e-11	0.0	0.0	0.0	0.0	0.0	0.0	0.0	0.0	0.0	0.0	0.0
589.9967057430756	0.8008232238207711	348096.11278768134	0.6413178358106928	739.0176746795781	-0.9671787246134044	546147.1234888107	0.9354346853448116	632.1082263682623	0.2888447023786966	0.0834312620922378	399560.8098424304	648.2305032057494	473.09358246702897	0.906764	20.272943	0.1582028753993448	0.097079021050904	0.0255226958	-0.0222987619	-0.0344213105	0.0258326593	0.0493895526	-0.0014176018	0.0093801897	-0.018447924	-0.0304566013	0.1036230349	0.0170692217	0.0219480887	0.0256430264	-0.0044132908	0.0024799219	-0.0086725719	-0.0014240834	0.055528778	0.0310419302	0.0941179856	0.082453844	0.0808250895	-0.0204910781	-0.0057401736	-0.0448231111	0.0094023346	-0.0646755527	-0.0506010721	-0.0062100234	-0.0031671526	0.0880673496	-0.0940429531	0.1432320715	-0.0944535401	-0.0794062157	0.0326111559	0.0468370215	0.013233587	-0.0403217933	-0.0118249236	0.0472258965	-0.0691156956	-0.0076201484	0.0347007978	0.0208579682	-0.0805617747	0.0949930149	-0.029357613	-0.1208741627	-0.0796200019	-0.0388297352	-0.07183251	0.0271913147	0.0370314471	0.1322969477	0.0973032597	0.0753102141	0.0013444984	0.0217426441	-0.0194132277	0.0406578473	-0.0038716687	0.0424605644	-0.0675616022	0.0556241666	0.0445012823	-0.0045684018	0.0120415537	0.0430913681	-0.0602956719	-0.0563870937	-0.0224052995	0.1555708751	-0.0178217543	-0.1567941804	-0.0232332073	0.0667575005	0.0130447155	-0.0102130393	-0.0190145936	-0.0267191575	0.0212065185	0.0255103531	0.0290634575	0.0222858846	-0.0632290383	-0.0033067306	-0.0222315243	-0.1113557836	-0.0243263036	0.0919491743	-0.0016499299	-0.0058895681	-0.0134847169	-0.0368337696	-0.0368074832	0.0198653242	-0.055417632	-0.096081267	0.1072066907	0.0303603633	0.028686546	0.0014285457	-0.0055656101	0.0719341668	-0.0057118725	0.0121555874	0.0108204085	-0.0182798127	-0.0931057459	0.0681889433	0.0305345828	0.016364823	0.0008194209	-0.0086709858	0.1070107738	-0.0560239316	-0.0680108236	-0.0133871841	0.0005067706	-0.0361647547	0.0159744528	0.0072830416	-0.0369168694	-0.0565978402	-0.0363449977	0.0976358263	0.0	0.0294842591293615	0.0072027425408122	0.0008693215364073	5.187950010922722e-05	0.0375503308032705	0.08747598497456	0.0076520479472694	0.001410027343435	0.5847345376367414	0.0205038656275675	0.0004204085056733	0.3419144795052538	0.0140105274026158	-0.0004293938930692	0.0001962948780994	1.8437911540512385e-07	0.0041038325758604	-0.0002970233455878	1.6841441810693008e-05	8.8222867824229e-08	0.0024428906725351	-0.0001339884064709	5.967714837958994e-06	1.7952893068637893e-08	0.0	0.0	0.0	0.0	0.0	0.0	0.0	0.0	0.0	0.0	0.0
589.6077081741705	-0.388997568905097	347637.2495383978	0.1513191086140757	741.358629978544	2.3409552989658096	549612.6182436637	5.480071711756103	631.187578933044	-0.9206474352182568	0.8475916999739542	398397.75979935774	647.7410920775119	475.94158930388113	0.8810219999999999	19.697411	0.1385780591680062	0.0745428984047361	0.0450838479	-0.0346717789	-0.0579493297	0.0539751301	0.0219974706	0.0029419736	0.0393503641	0.0005099779	-0.037088394	-0.0435534122	0.0308712466	-0.0309030774	-0.005863833	-0.0148296169	0.0964653908	0.0494190678	-0.0184584294	0.0116512201	0.082450325	0.1090516064	-0.0709365381	0.03887026	0.0806180594	0.0179884207	-0.0693387933	-0.0180818704	0.0592099052	0.0738266332	-0.040377819	-0.0049757141	0.0023232737	0.00929006	-0.0574248913	0.0023677646	0.0859412586	0.0670913255	0.0477108323	0.1746166207	-0.0440409671	-0.0456819376	-0.1031827919	-0.1469408369	0.0204423545	-0.1204312305	-0.0286990201	0.0502143774	0.0185891227	0.0901551899	-0.0168511424	-0.0202871542	0.0602374324	-0.0524835252	-0.0127306593	0.0078036652	-0.0217130791	-0.033962751	0.0157307681	0.0502052706	0.0460834719	-0.0282287884	0.019368102	0.0534101553	-0.0063188542	-0.0156488583	-0.0664474183	0.0982088087	0.1162381655	0.0230174412	0.0281054863	-0.012135299	0.0149663632	0.074960216	-0.0208399342	0.0669497521	-0.0613147017	0.0375255795	-0.0398917034	0.0624407617	-0.0392552742	0.0475905674	0.0025734018	-0.0557323733	0.0301787886	0.064460553	0.0286823987	-0.0941391933	0.1024435104	-0.0182252158	0.0102789452	0.0191540236	0.0407388284	0.0525959063	-0.0048054857	-0.0210498083	0.0015857962	0.0374209487	-0.0803048036	0.0632410036	0.0269431109	-0.0102135493	0.0440159446	0.0407702944	0.0096838048	-0.0224144704	-0.0244006026	0.0310434128	-0.0117445418	0.0041824801	-0.0114498268	0.0648253266	-0.0468184438	0.0129006724	-0.0306221076	0.0221001748	0.038133812	-0.0160271079	0.0132006625	-0.0163844054	-0.0101608313	0.0410443151	-0.0333973063	-0.0015931109	-0.1309259431	-0.0320630132	-0.0578970392	-0.0333774118	0.0964493619	0.0	0.0123607594548929	-0.0171234996744686	0.0001527883743017	0.0002932142411015	-0.0242276623902171	-0.0617779931934876	0.0038165204430145	0.0005869796248943	0.5433654828923764	-0.041369054744365	0.0017113986904422	0.2952460479988654	0.0138306691288877	-0.0001798582737281	0.0001912874085527	3.23489986284524e-08	0.0041500756251438	4.624304928339991e-05	1.7223127694412703e-05	2.1384196070269527e-09	0.0025829395806373	0.0001400489081022	6.671576877222792e-06	1.9613696660618467e-08	0.0	0.0	0.0	0.0	0.0	0.0	0.0	0.0	0.0	0.0	0.0
590.1938705431882	0.586162369017643	348328.80482674955	0.3435863228523754	736.4390931188813	-4.919536859662685	542342.5378737602	24.201842913579792	632.5262051468376	1.338626213793532	1.7919201402552063	400089.40019745927	647.2304332674667	471.0849960686868	0.880926	19.695263	0.1026969340051874	0.0607412844854715	0.0263783239	-0.0284112911	-0.021668694	0.0308694258	-0.0035321556	0.0115154137	-0.0173245876	0.0432228469	-0.0125758901	0.1174165904	0.0633006295	0.0272134738	0.0427020771	0.0263236738	0.0169797515	-0.0290353738	0.1259668135	0.0296799041	-0.0365385372	0.0533635247	0.0816412221	0.0343902841	-0.0867907563	-0.0378302282	-0.0814441157	0.0065920418	-0.0399512038	0.0365023394	0.0091196112	0.0300799296	0.0907342521	-0.0020648147	-0.0989277388	-0.1165665235	0.0141405224	-0.0390837211	0.038988947	-0.0566530237	0.0803633097	0.0768659927	-0.0326550314	-0.0962290564	-0.0774247756	0.0972357946	-0.0478369916	-0.1130099033	0.0682216977	-0.0451929567	-0.0034371375	-0.0445238642	-0.039963104	0.0270788077	-0.1307248906	-0.0574554158	-0.0130805341	-0.0604984389	0.0006006815	-0.0467820361	0.0323362979	-0.0465521154	0.0063146009	-0.0466632283	0.0344868879	-0.0352931245	0.0549402379	0.0353085885	0.0207731308	-0.0590972544	0.0279813523	-0.0061081827	-0.0663111939	0.0092132407	0.1135883231	-0.0357445557	-0.0749405952	-0.0030679458	0.0963190531	-0.0419115786	-0.0053533657	0.0015351212	-0.0208611241	0.0139572005	-0.08704612	-0.0868064862	-0.0201114967	0.0608777021	0.131312005	0.1150472827	-0.0874895683	-0.0383778125	0.0605248466	-0.0381177834	0.1111923085	0.0919993095	0.0838781758	-0.0932870363	-0.0140075064	-0.0294539817	0.0668216855	0.0301127008	0.0260053107	0.0331736753	-0.0002821554	-0.0059270488	0.0593164344	-0.0130069328	0.0237413035	-0.0084867587	-0.0271212362	-0.0847239003	0.0131180316	0.0359712117	0.0127190307	-0.0341614348	-0.0418734453	0.0882728772	-0.0284188828	-0.0794804794	-0.0397714123	-0.0743275152	-0.0209899249	0.0519329189	0.0194590555	-0.0547071477	-0.0591818091	-0.0303765546	0.0950465986	0.0	0.029518981373684	0.0171582219187911	0.0008713702613399	0.0002944045794144	0.011285623707181	0.035513286097398	0.0012611934894356	0.00012736530246	0.5898765443525846	0.0465110614602082	0.0021632788381552	0.3479543375773467	0.0138557309089606	2.5061780072900205e-05	0.0001919812790215	6.280928204224179e-10	0.0041051110897005	-4.496453544329971e-05	1.6851937058782028e-05	2.0218094476317557e-09	0.0025832005556969	2.6097505959965864e-07	6.672925110952772e-06	6.810798173304539e-14	0.0	0.0	0.0	0.0	0.0	0.0	0.0	0.0	0.0	0.0	0.0
589.784482489645	-0.4093880535431253	347845.7357855784	0.1675985783838288	740.2221094661728	3.78301634729155	547928.7713425508	14.311212683875102	630.74163468079	-1.7845704660476258	3.184691748289441	397835.0097197951	647.4673652194022	473.9407185838934	0.866687	19.376921	0.1004740364088066	0.0602781031274567	0.0398732332	-0.0299706996	-0.0378659034	0.0432488342	0.0069869107	0.0239079718	0.0047318071	0.0199308996	-0.0211007712	-0.1025273422	0.0243791596	-0.0583047175	0.0087153544	-0.0111336749	0.0480832648	-0.0427531001	0.0673372485	-0.0326541545	0.0518923481	0.1131947868	0.1126240513	0.0121790261	0.0776054036	-0.1203913319	-0.0080647006	-0.0539922503	-0.0320755946	0.0340957079	0.0261342692	-0.0038781242	0.0191021624	0.1057095709	-0.1713389306	0.0796720489	0.016289523	0.0610574808	0.1080275368	-0.0976290815	-0.017241732	0.0569602566	0.033945806	-0.0338716665	0.0889777217	0.0352881912	0.0390872292	0.0805313966	0.0525358366	-0.1100901581	-0.0793652999	0.151783804	-0.0993042542	0.1226394051	-0.0244170176	0.0268827083	-0.0626169145	0.0394793608	-0.0235590464	0.0176574962	0.031559116	-0.0293272646	0.0064434185	0.0474045102	-0.0058541529	-0.0535687419	-0.0416740337	0.1197763443	0.0839756106	-0.0071521481	-0.0046644924	0.0046021145	0.0548937974	0.0389248695	0.0291868201	0.0083536319	-0.0774443318	0.0471732193	-0.1180740017	-0.0299457486	-0.0394993956	0.0560247256	0.0473277341	-0.026364202	-0.0271238929	-0.1128260566	0.0085948717	-0.0537534563	0.0170334919	0.0978502373	0.0300871384	-0.0719769708	-0.0323692414	0.0048901765	-0.08733924	0.0781473	0.056724438	-0.0044020681	-4.305e-05	-0.0658698083	-0.0996962979	-0.1073309537	0.0406278706	0.0371070611	0.0093205048	-0.0371154828	-0.0380892895	0.0236707859	-0.0085372939	0.0299250036	-0.01258248	0.0843961055	-0.049983833	0.0413549019	-0.0404234346	0.0587217016	0.0195303493	-0.0010229707	0.034658234	-0.0158376727	-0.0022015604	0.06441847	-0.025459177	0.0079053989	-0.1252077089	-0.0306948307	-0.0604518297	-0.0273454174	0.0934306823	0.0	0.0170844248692674	-0.0124345565044166	0.0002918775731136	0.0001546181954615	-0.0369148987074225	-0.0482005224146035	0.0023232903610406	0.0013627097465792	0.5709884012477531	-0.0188881431048315	0.0003567619499485	0.326027754359465	0.0142377246697368	0.0003819937607761	0.0002027128037712	1.459192332719444e-07	0.0041401069413005	3.499585160000006e-05	1.7140485485404586e-05	1.2247096292092267e-09	0.002581173880374	-2.026675322900056e-06	6.662458600724971e-06	4.107412864452046e-12	0.0	0.0	0.0	0.0	0.0	0.0	0.0	0.0	0.0	0.0	0.0
590.4217942704826	0.6373117808375355	348597.895149576	0.4061663059943108	736.7812726032685	-3.440836862904348	542846.6436588918	11.839358317121436	631.3073018871763	0.5656672063863653	0.3199793883809547	398548.9094160664	646.7639998999731	471.6577365384464	0.893463	19.975555	0.1524425364076519	0.0783501078335904	0.0208840269	-0.0211082539	-0.00866719	0.040045916	-0.0020319812	-0.0132019987	-0.0242704938	0.0406328459	-0.0199830519	0.1412411115	0.0114160492	-0.0226373329	0.0180911834	0.017652833	-0.0201227848	-0.0286821746	-0.0908717575	0.0924891998	0.0156465738	-0.0722142495	-0.0297236943	-0.0157554637	0.0199356164	0.0398646763	0.0908130355	-0.0311595099	0.0134794778	0.0929023891	-0.055444344	0.0191612431	0.0330511628	-0.0090153929	0.0239263727	0.1362271776	0.0700433806	-0.0304747411	-0.0426261231	-0.0516706596	0.0123302657	-0.0891707216	-0.1444874861	-0.1714311846	0.0561609075	0.0938133604	-0.0978337273	-0.1012639291	-0.0044824447	-0.0518005192	0.0112713154	-0.0245849507	-0.0163035285	-0.0467741882	0.1200967989	0.0509863671	0.0807086558	0.0839368822	0.1261723303	0.0735728772	0.0046849962	-0.0441387474	-0.0019149497	-0.0275466193	0.0116881548	0.0037909132	0.0381329935	-0.0373964224	0.0112038596	0.0328352801	0.0281917035	0.0243115938	-0.0455920535	-0.094972208	0.0604930169	0.0226093668	-0.0250605358	-0.0511440711	-0.0205099472	-0.1024587421	0.0529749512	0.0186009773	-0.055702723	0.0427880941	0.035034904	-0.0393079	0.0199856795	-0.0700384765	0.0955828205	-0.0185324033	0.0847597283	-0.0152622043	0.0794826133	-0.0185025004	0.1099189213	0.0765615439	-0.0159233272	-0.1264792451	-0.0148751612	0.0083402989	-0.0214794747	-0.0631131626	0.0228423472	0.028377543	-0.0212234914	0.0095020799	0.069016839	-0.0381676912	0.029075705	-0.0012796074	-0.0421245984	-0.0503508331	0.0224868177	0.0484582379	0.0458781493	-0.0118687694	-0.0590724168	0.1000955945	-0.0243858393	-0.0952954558	-0.0252960052	-0.0597639581	-0.0637989316	0.0306180431	0.0286045565	-0.0040299747	-0.0617067844	-0.0242870216	0.0916052369	0.0	-0.0063429205510914	-0.0234273454203588	4.023264111745763e-05	0.0005488405134448	0.0123026452921521	0.0492175439995746	0.00242236663735	0.0001513550811845	0.6151580649869217	0.0441696637391686	0.0019509591948312	0.3784194449184538	0.0139556697719169	-0.0002820548978198	0.0001947607187827	7.955496538419345e-08	0.0045657239485388	0.0004256170072382	2.084583517426073e-05	1.8114983685048706e-07	0.0025762861204612	-4.887759912799647e-06	6.637250174481021e-06	2.389019696517121e-11	0.0	0.0	0.0	0.0	0.0	0.0	0.0	0.0	0.0	0.0	0.0
590.3464266167086	-0.0753676537739238	348508.903419117	0.005680283235386	743.1649889807484	6.383716377479914	552294.2008467559	40.75183478810527	631.543386159453	0.2360842722766847	0.0557357836164118	398847.048601748	648.4625076345934	476.1301196081597	0.911036	20.368446	0.109444484712439	0.0548866664331196	0.042897493	-0.0259651208	-0.0524493401	0.0839137285	0.0663673926	-0.0031511951	0.0244829725	0.0421236665	-0.0204932073	-0.0427168292	0.0388434109	-0.0241011297	0.0321072496	-0.0319517116	0.0818190059	0.0195187592	0.1037274295	-0.0521349648	0.046806687	-0.0208159682	-0.1226252648	0.0263873609	-0.0551411987	-0.014470115	-0.0096604325	-0.0208590218	-0.075582827	0.0348795981	-0.0665742684	0.066907491	-0.0499389436	-0.0133467964	0.0610726884	0.0380994101	0.076627253	-0.0203981818	0.0557857495	-0.0429867149	0.0688308003	-0.0376633406	-0.088599468	0.0199637098	-0.0052406728	-0.0071882709	0.0526373276	-0.0225251229	-0.0792041114	-0.031424616	-0.049418737	0.0697157416	-0.0053188925	-0.0045392047	-0.0673747925	0.1003243005	0.0855916409	0.0145347311	0.0658843862	0.087126289	0.0367995233	-0.0379936727	0.0528323402	0.0276300528	-0.0037925987	-0.043711175	-0.0671184032	0.1330994957	0.0923120459	0.0036041351	0.0824503152	-0.0032929353	0.0150157354	0.0343727095	-0.0444933377	0.0315076947	0.049909947	0.0073316083	0.0143982203	-0.0015759168	0.0285386377	0.0318551257	-0.0121749786	-0.0513170345	0.1098254657	0.0542123181	-0.0050113857	-0.039171776	0.0542570213	0.0173199538	-0.0555175693	0.0183080778	-0.0153338823	0.0154315373	-0.0210205188	0.082978758	-0.0719390914	0.0658461032	0.0129768813	-0.0219310524	-0.040830288	-0.0053821926	0.0449884791	0.0449223295	0.003467857	0.0012172219	0.0154318821	0.0619146894	-0.0066471654	0.0252053869	-0.0293913885	0.0718211831	-0.0559469825	0.0113383791	-0.0116341906	0.0129071702	0.0513590247	0.0119038836	0.0129270306	0.0300430336	-0.0093750658	0.0465785595	-0.0232352345	-0.0293535508	-0.0856993659	-0.0393278669	-0.0629463604	-0.0212044161	0.0895743561	0.0	0.0095290015721047	0.0158719221231961	9.080187096117384e-05	0.0002519179118848	0.0303535655958313	0.0180509203036791	0.0003258357238097	0.0009213389443804	0.5777139022699629	-0.0374441627169588	0.001402065321574	0.3337533528759882	0.0141418908339599	0.0001862210620429	0.0001999930763596	3.4678283948422674e-08	0.0039979840524748	-0.000567739896064	1.5983876483842826e-05	3.223285895827617e-07	0.0025838747537263	7.58863326509986e-06	6.676408742944148e-06	5.758735483218016e-11	0.0	0.0	0.0	0.0	0.0	0.0	0.0	0.0	0.0	0.0	0.0
590.0074400234397	-0.3389865932689417	348108.7792830128	0.1149119104160829	735.9838063093637	-7.181182671384704	541672.1631496189	51.56938455979596	632.1154926707909	0.5721065113378927	0.3273058603152143	399569.9960744367	647.1997849498534	471.8118990987365	0.917541	20.513872	0.0880763411408736	0.0450506994980789	0.0385718878	-0.033442292	-0.020650279	0.0208859555	0.0317371882	0.0309852834	-0.0080018223	-0.011723542	-0.0119364696	0.1140412059	0.0620285863	0.0247660458	0.0487954605	-0.0450318055	-0.0372178641	-0.0055563178	-0.1020384522	0.0148736769	-0.0165790651	0.0134350672	0.1128630401	0.0135215925	0.0601166664	0.006797971	0.0292879379	0.0123162649	0.1137455886	-0.0195481908	-0.0438336152	-0.0071638587	-0.0332956272	-0.0641829042	0.1644335308	-0.0022254823	-0.0211511949	-0.0359863057	-0.0248324094	0.0135439555	0.0753599862	-0.0502584472	-0.1008250457	0.1056694538	-0.0911581359	0.0729016971	-0.0499705826	-0.0127687171	-0.0494046317	0.0363681812	0.0168799748	0.0200989704	0.0257886988	0.0172140668	-0.0049801282	0.0148679212	-0.0316581294	0.012854335	-0.0108720806	-0.0344813239	0.0360991127	-0.0538703193	0.0452236884	-0.0215604489	0.0369366891	-0.028155013	0.05371791	0.0202648906	0.0015797602	0.0388813924	-0.0388659092	-0.0101146542	-0.0413573287	-0.0392746381	0.0920547157	0.0764110023	-0.1439781883	-0.0798851607	0.0615951116	-0.0611145669	0.1045891178	-0.0541120457	0.0034822219	0.0553577356	0.0688150152	-0.0633063491	0.0628579668	-0.0287506677	-0.0251548587	-0.0299709372	0.0251973218	0.1350570293	-0.0309990704	0.0375815751	0.1057006625	-0.0171081107	-0.0514568181	-0.0744130628	0.0529828881	-0.0394326137	0.0986938783	0.1008299997	0.0372137898	0.03627933	0.0066801575	-0.0021720635	0.0305445735	-0.0248755439	0.0095010085	0.0341490675	-0.0372622421	-0.0331651802	0.0484988472	0.0288684851	0.0150043071	-0.0200143907	-0.0299947833	0.1348635405	-0.0199696426	-0.0995773067	-0.0366438732	-0.0816565971	0.0264291343	0.1221009209	0.0507371571	-0.0119242079	-0.064170249	-0.0181006735	0.0873425944	0.0	-0.0059535784635755	-0.0154825800356802	3.5445096521950016e-05	0.0002397102845612	-0.0002348694143279	-0.0305884350101592	0.0009356523563707	5.5163641786730764e-08	0.5667091865339486	-0.0110047157360142	0.0001211037684304	0.3211593021019698	0.0144153435366913	0.0002734527027313	0.0002078021292808	7.477638063110717e-08	0.0036548540137999	-0.0003431300386749	1.335795786218924e-05	1.177382234410385e-07	0.0025873042195004	3.4294657740999504e-06	6.694143124244574e-06	1.1761235495722971e-11	0.0	0.0	0.0	0.0	0.0	0.0	0.0	0.0	0.0	0.0	0.0
590.0450790467567	0.0376390233169559	348153.1953072933	0.0014166960762543	741.0875777248525	5.103771415488836	549210.7978580893	26.04848266156092	631.732443851495	-0.3830488192959365	0.146726397964011	399085.8806145822	648.2432881863804	477.13848353199097	0.928256	20.753448	0.105103847276739	0.0550251082183854	0.0619597753	-0.0526513117	-0.0537129838	0.0648691683	0.0079731202	-0.011611024	0.0249505273	-0.0093367992	-0.0514429088	-0.0576263323	0.0517443513	-0.0073641652	-0.0149430535	-0.0925980191	0.1160470447	0.020303582	0.1142474433	-0.1123139201	0.0194668128	0.0408753629	0.0425675854	-0.0757391672	0.0602300031	-0.062867154	0.0200628991	-0.1928008305	-0.0121842328	-0.1017696164	-0.119429633	-0.0109854326	-0.1438710871	-0.0264210718	0.0258755853	-0.0593244039	0.0157136381	0.1009384424	0.0294446602	0.0732890956	-0.047970763	0.0164905449	-0.0362511595	0.0873105018	0.1085273008	-0.0074399234	0.0911614951	-0.0346569058	-0.0853591617	0.008916384	0.0522830512	0.0362842404	-0.0295446515	0.0086845689	-0.1092446617	0.1185288531	0.0601558428	-0.0213967619	-0.0284581474	-0.0650920195	0.0532132404	-0.0453096319	0.059467059	0.0342701501	-0.04016521	-0.0063813504	-0.0821026366	0.1313164066	0.0923760278	0.0055131433	0.0094081281	0.0060247445	0.0365783465	-0.0592821946	-0.0434576826	0.0532225025	0.0537549357	0.0504411789	0.0347627458	0.0577740175	-0.0371823704	-0.0141003543	0.0369190558	0.0502135414	0.179844438	0.0526658396	-0.0043453019	-0.0706104234	0.0477183852	0.1112130248	-0.0660266778	-0.0064081683	-0.0332220455	0.0387851309	-0.1578368601	0.0633914116	-0.022108512	-0.073252978	0.008852359	0.1612608387	0.1091389447	0.1130679975	0.0587344927	0.0523613388	0.0267814675	-0.0202106277	0.0164222959	0.0186994369	-0.0297190245	0.0196711716	-0.0289777591	0.0356093114	-0.0422590259	0.0055820087	-0.019182519	0.0417568249	0.0678096235	0.0238565816	0.0231866062	-0.016650068	-0.0233850928	0.1130181447	0.0118598927	-0.0532472967	-0.1436426909	-0.0921810122	-0.0653781449	-0.0149788877	0.0849149568	0.0	-0.0056695894013643	0.0002839890622111	3.2144243980062406e-05	8.064978745559674e-08	0.0162592081594823	0.0164940775738102	0.0002720545950108	0.0002643618499733	0.516335888035691	-0.0503732984982576	0.0025374692015945	0.2666027492736056	0.0138045894266096	-0.0006107541100816	0.0001905666892372	3.730205829816878e-07	0.0038025572292565	0.0001477032154565	1.445944148177087e-05	2.1816239856218783e-08	0.0025878965368113	5.923173108999917e-07	6.69720848523992e-06	3.5083979679179745e-13	0.0	0.0	0.0	0.0	0.0	0.0	0.0	0.0	0.0	0.0	0.0
590.294792814783	0.2497137680263677	348447.9424242476	0.0623569659419265	737.9780719804565	-3.1095057443959604	544611.6347239919	9.669025974431475	632.4620514395851	0.7296075880901753	0.532327232598763	400008.2465111684	647.8945561007706	471.1084407993228	0.936997	20.948866	0.0938595447961422	0.0625620983957278	0.0348408063	-0.0352194136	-0.0247838735	0.033885262	-0.0160143604	-0.0365491631	0.0024548409	-0.0103597363	0.0067758236	0.1002891213	0.0494906193	0.049568307	0.0210977634	-0.0309455441	-0.0009500993	-0.0271062038	0.0139706454	0.0401817214	-0.0241996187	0.0337784541	0.0267362223	0.0486034048	0.0013408258	-0.07993345	0.0035317658	0.0605576087	-0.0207727521	0.0161743452	-0.0356491553	0.0118164731	0.0579842679	-0.0417840301	0.0103176963	-0.0923734033	0.0153591723	-0.0699940352	0.0544248975	-0.1054103424	0.039231277	-0.0232285791	-0.040787651	0.0320674026	0.0891958966	0.0306992996	0.0520990478	-0.0308104268	-0.0356540398	0.0175600293	0.059504314	-0.0300764373	-0.1226535351	-0.0026775218	0.0340939135	0.0013347346	-0.0452059019	0.0403798	0.0748434263	0.1346202767	0.0248525536	-0.0251084332	0.0471850564	-0.0208878274	-0.0013030002	-0.0309665243	0.0588350471	0.015339488	-0.0239041575	0.0392238483	0.0125807789	0.0027197225	-0.079586969	-0.0336274404	0.0997644364	-0.0347110815	-0.0770059976	-0.0282590215	0.0323932386	0.0081419914	0.0941702847	0.0409539455	-0.1174631485	-0.0689754637	-0.0114133327	-0.0740691252	-0.046354156	-0.0244280016	-0.0004558709	0.0732418166	-0.0029175077	0.0176213815	-0.0566758784	0.0619340465	0.115646104	0.071273365	-0.0390299259	0.0325835894	0.0399868271	0.1239016946	-0.0069336607	0.0220553077	0.0402300846	0.0396043272	0.0084709071	0.0027139209	0.0477879434	-0.0012997217	0.0194401764	-0.004338366	-0.038803494	-0.0758832964	0.0338918372	0.0838369492	-0.0134070492	-0.0334787331	0.0150427885	0.1109342234	-0.0585579893	-0.0260766676	-0.0368963266	-0.0599487361	0.0668960546	0.1291696002	-0.001142856	0.0301571672	-0.0665697472	-0.0118421707	0.0822968876	0.0	-0.0057240933999196	-5.450399855529923e-05	3.276524525100312e-05	2.9706858585160603e-09	0.0083023591554223	-0.0079568490040599	6.33114460734106e-05	6.89291675456245e-05	0.5809435498361779	0.0646076618004869	0.004174149963326	0.3374954080962597	0.0141307496557657	0.000326160229156	0.0001996780858339	1.063804950831592e-07	0.0037039823326836	-9.857489657289983e-05	1.3719485120832244e-05	9.7170102343579e-09	0.0025879720109431	7.547413180021556e-08	6.697599129424874e-06	5.6963445709963106e-15	0.0	0.0	0.0	0.0	0.0	0.0	0.0	0.0	0.0	0.0	0.0
589.9581308644655	-0.3366619503175343	348050.59617309377	0.1133412687916059	740.8814709928521	2.903399012395539	548905.3540605323	8.429725825179391	631.3310595818285	-1.1309918577566125	1.279142582311753	398578.9067927143	647.7972433814807	475.54593171013727	0.947559	21.185001	0.1471283841233091	0.102799304577037	0.0633028266	-0.0556672302	-0.0575985024	0.0547207739	-0.0086796668	0.0027552295	0.00637787	0.0170611051	-0.0524711888	-0.1177411045	0.0611250174	-0.0334966553	0.0035977089	-0.058677065	0.0908257991	-0.0673882382	0.0119885416	0.0450958559	-0.0055001886	-0.0308903897	-0.0390677916	-0.0539963163	0.0341164618	-0.0491266466	-0.025747292	0.0948283452	-0.022192512	0.035808312	0.0322650974	-0.0771906859	-0.1696996163	0.0148678023	0.046171698	0.161118062	0.0414030324	0.1317287251	0.0115639874	0.0269022467	0.1013001403	0.0524317093	0.011828127	0.0221107863	0.0643538391	-0.0121874817	0.0362763057	0.0482904319	-0.036710365	0.0558110128	0.0131507115	-0.0339802213	0.0316412174	0.0565955926	-0.0701416278	0.0467099335	0.0433041679	-0.0303100818	-0.0445269795	0.0148713298	0.0541899683	-0.0438817791	0.0353557486	0.0307370355	-0.0112076009	-0.047806769	-0.0650598885	0.0526174631	0.1001166389	-0.0341397812	-0.0079226478	-0.0034360827	0.0868654013	-0.0628180782	-0.0546900257	0.0923101636	0.0410889184	0.0307551503	-0.0330668492	-0.0288889543	0.059593377	-0.0073988818	-0.1653859048	-0.0522757587	0.0246269763	0.0124487809	0.1039144907	0.0245999965	0.0065554971	0.0385945495	0.0358184979	-0.0740234517	-0.0400972623	0.078700226	-0.1217284279	0.1187841527	-0.0243715715	0.0346720778	0.0398680542	-0.0194280851	0.024131317	-0.0242962728	0.0643235628	0.0439371554	0.0384746539	-0.0470314103	-0.0040648042	0.0336829544	-0.0579524044	0.0445132132	-0.0540851266	0.0853421644	-0.023722233	-0.0219219435	-0.0226026247	0.0387905709	0.0770325881	0.0685727044	0.0833579766	0.0245961517	-0.0928001359	0.1069166542	0.1119483234	0.1908207971	-0.138363345	-0.0426923719	-0.067744759	-0.0086936492	0.079494258	0.0	0.0100630603406131	0.0157871537405327	0.0001012651834188	0.0002492342232272	0.0150711470671325	0.0067687879117101	4.581648979371412e-05	0.0002271394739191	0.4991361362134867	-0.0818074136226912	0.006692452923634	0.2491368824741283	0.0148876681449778	0.0007569184892121	0.0002216426627949	5.729255993111282e-07	0.0037359822075979	3.1999874914299866e-05	1.395756305548808e-05	1.0239919945308376e-09	0.0026543542237842	6.638221284110003e-05	7.045596345321024e-06	4.4065981816811054e-09	0.0	0.0	0.0	0.0	0.0	0.0	0.0	0.0	0.0	0.0	0.0
590.4470347371575	0.4889038726920489	348627.70082990214	0.2390269967332832	736.9225202378395	-3.958950755012552	543054.800833689	15.673291080614456	631.5825773035206	0.2515177216920392	0.0632611643251541	398896.5519533575	647.1077812753707	473.6445264028527	0.972252	21.737085	0.1282294666478175	0.0853496139431932	0.0457070794	-0.0501520987	-0.0445760816	0.035002497	-0.038003404	-0.0096592238	-0.0423334387	-0.037583931	0.0154885206	0.0792854826	0.0314802553	-0.0103420264	0.005035969	-0.0292606815	-0.0612793887	0.088834162	-0.0996420196	0.0215113047	-0.022555401	-0.0295746583	0.1025991467	0.1085773932	-0.113733584	-0.0552345946	-0.0387601423	-0.0090775224	0.0312257474	0.0108506562	-0.0681587494	0.0110390407	-0.0936418101	0.0403690122	0.0478759434	0.0003618608	-0.0996534675	-0.0621887398	0.0165994764	0.0677113225	-0.1172678559	0.0052438366	0.0792596925	0.0488074347	0.0104866343	-0.0275851958	-0.0389259948	0.0361913132	0.1260660511	0.0209560401	-0.0179728502	-0.0682067533	0.0106406797	0.0618478356	0.0585871078	0.074217328	-0.0257908678	0.1170618593	0.0064953809	-0.0033090912	0.0297084362	-0.0573626315	0.0132823493	-0.010245766	0.0086030871	0.0275214649	0.0863705991	-0.039867907	-0.070384037	0.0487300255	-0.0751521146	-0.0609645135	-0.0619865329	0.003368192	0.1032237874	-0.0590029122	-0.0872045638	-0.0926989236	0.093050667	0.0526361255	0.0921598151	-0.0129824166	0.0499910402	-0.0584742973	0.0730697353	-0.0104160585	0.0500858703	-0.0648549215	-0.009226047	0.0558343569	0.0177734551	-0.0210369281	0.080631701	-0.0200130454	0.0489879058	-0.0925765814	-0.0382518744	-0.0565507918	-0.012817102	-0.101662597	-0.0403656474	-0.0417258815	0.0468486517	0.0452764092	0.02332129	-0.028558738	0.0475112475	-0.0280057701	0.0125758021	-0.0251688399	-0.0357592693	-0.122017477	0.0723084333	0.1273386262	-0.0224304013	-0.0273815398	0.0449918295	0.0141044349	-0.0950557181	-0.0641231896	0.0110893036	-0.0380824873	0.0063575135	-0.0313250087	-0.0323202348	-0.004239185	-0.0689028873	-0.0055364616	0.0765133533	0.0	0.0247031187895458	0.0146400584489327	0.0006102440779304	0.0002143313113881	0.0143486664924665	-0.0007224805746659	5.219781807697134e-07	0.000205884230112	0.5564747979584155	0.0573386617449288	0.0032877221306993	0.3096642007628593	0.0140160325546797	-0.0008716355902981	0.0001964491685738	7.597486022743193e-07	0.0039058283738595	0.0001698461662615	1.5255495286045945e-05	2.8847720193763053e-08	0.0025852706627581	-6.908356102610031e-05	6.683624399717705e-06	4.772538404046926e-09	0.0	0.0	0.0	0.0	0.0	0.0	0.0	0.0	0.0	0.0	0.0
590.2892935611164	-0.1577411760410996	348441.4500928819	0.0248822786188291	739.0654078440053	2.1428876061658	546217.677071626	4.591967292658993	631.6737480883328	0.0911707848122205	0.0083121120032762	399011.7240239625	647.3944579064338	474.0943968839813	0.954965	21.350588	0.0415811364696691	0.0266280066038125	0.0539490652	-0.0530132676	-0.0474405742	0.0640358022	-0.0465488244	0.032369057	-0.0113726662	0.081940919	-0.0553254414	-0.1267077457	0.0444507361	-0.005757234	0.0342126821	-0.0439511151	0.0758387113	0.0871338922	0.0111836338	0.0357139094	-0.0675130579	-0.0503115092	0.0180309182	0.0926635979	-0.0024383903	0.077462546	0.055733554	0.0391432539	0.0035801248	0.0271968955	0.1466791382	0.0652236666	0.0445728348	0.0220519862	0.066195235	-0.0049440946	-0.0514405367	0.0714087561	0.0497313404	0.0193560933	0.0368268373	0.0303448714	-0.1042143263	-0.026224323	-0.159525852	0.0145350605	0.091826578	-0.0531659525	-0.006440008	0.0730461428	0.1235881407	-0.093289558	-0.0305782336	0.139160868	0.0044294473	0.1255395747	0.0884873421	0.0064263062	-0.0194358209	0.0154595872	0.0361738808	-0.0652227208	0.0347020151	-0.0163445638	-0.0206608032	-0.0409450142	-0.0898173762	-0.0219335023	0.0697623957	-0.0712537226	-0.0249584647	-0.0100647543	0.0456677023	-0.0037987412	-0.1398669404	-0.0842729043	-0.0728795257	-0.0401624982	0.0002415509	0.0027066758	0.0882482772	-0.0262255063	0.023103515	-0.1015970679	-0.1219334911	0.0193192495	-0.0362813055	-0.0251925267	-0.0009512808	-0.0030072717	0.0283356595	-0.0278977108	0.011897525	0.0307998596	0.0414386903	-0.051621879	-0.081010517	-0.0906304646	-0.0289409578	-0.0348567844	0.0770993102	0.1290149075	0.047034643	0.0458643963	0.0320133824	-0.0461240389	0.0080528452	0.041434781	-0.0352701628	0.0354850547	-0.0278231614	0.0776922408	0.0013716361	-0.0123046383	-0.0127839653	0.0221124818	0.0524508857	0.0190580164	0.0209360769	-0.0019360063	-0.0137483643	0.1326290398	0.05692682	-0.0002732351	-0.081891645	-0.0396158752	-0.0700438436	-0.0023737552	0.0733608586	0.0	0.0142943039941201	-0.0104088147954257	0.0002043271266763	0.0001083434254454	-0.0081818692809179	-0.0225305357733844	0.0005076250422357	6.694298493002798e-05	0.5567642714078644	0.0002894734494489	8.37948779358811e-08	0.3099864539163301	0.0141694883995723	0.0001534558448926	0.0002007744015056	2.3548696331701888e-08	0.0039190269339248	1.3198560065300416e-05	1.5358772108828022e-05	1.7420198779734288e-10	0.0025848788186878	-3.9184407029995913e-07	6.681598507300836e-06	1.5354177542923932e-13	0.0	0.0	0.0	0.0	0.0	0.0	0.0	0.0	0.0	0.0	0.0
590.5834965184359	0.2942029573194986	348788.8663599414	0.0865553800955387	735.8148202856546	-3.2505875583507304	541423.4497520102	10.566319474504564	631.441459991647	-0.2322880966858065	0.0539577598619145	398718.3173963827	646.5571973498472	474.6217005489863	0.981549	21.944927	0.0664744544126376	0.0295132896201695	0.0373106729	-0.0391276229	-0.0432322405	0.0258527689	-0.0690644946	0.0140127716	-0.0595464281	-0.0494832426	-0.0015042601	0.0572106954	0.0315007647	-0.0216297038	0.0267398033	-0.0494899586	-0.0108973251	-0.0100825763	-0.1009028164	0.0533830544	-0.0531857609	0.0555747541	-0.098535417	0.0603396735	-0.0404922519	0.0364684311	0.0541953852	-0.0416416682	0.0085482504	0.0853029691	-0.037860924	0.0612264908	-0.0082804779	-0.0857235365	0.1015464842	0.1652296654	-0.0204830271	-0.0278260678	0.0668331812	-0.0976882698	-0.030667461	0.1820343093	0.0739913751	0.0321947693	-0.0517015471	0.024309302	-0.017362875	0.0522043894	0.1050956415	-0.0157538057	0.0725594511	-0.013398935	-0.0177658498	-0.0845530457	-0.0184664599	-0.0070480472	-0.0426598419	0.0093940205	-0.0640004794	0.0074109379	0.0267352344	-0.0678204647	-0.019817845	-0.0104684958	-0.0138750792	0.0169759688	0.0482959284	-0.0499127136	-0.1303527035	0.0182758714	-0.0060930955	-0.0192027025	-0.096818499	0.0524707885	0.0164912291	-0.0486469812	-0.043642714	-0.0285753278	0.0471585383	-0.0206872316	0.1159542859	0.0186858631	-0.0604947081	-0.0093819505	-0.0059344634	-0.0407391651	0.0752045006	-0.0624430775	0.0590971547	0.0647933702	0.2177217612	-0.0577081193	0.0625384409	0.0536146308	-0.129383292	-0.0391460684	-0.1573173056	-0.0578119101	0.1123698424	-0.0279267987	-0.0144718296	0.0193248461	0.0434733375	0.0403789205	0.018602748	-0.0354397576	0.0207067138	-0.0431613275	-0.0136070417	-0.0516991309	-0.0312464201	-0.1061780553	0.0761301531	0.1418662922	-0.0099703313	-0.0251924104	0.0744158827	-0.0047699977	-0.0632813409	-0.081605734	0.0604964573	-0.0674628556	0.0334207324	-0.0184679632	0.0410675257	0.0433494179	-0.0711673436	0.0007913175	0.0700438436	0.0	0.0010542460114919	-0.0132400579826282	1.1114346527465797e-06	0.0001752991353833	0.0026362525773606	0.0108181218582785	0.0001170317605405	6.949827651640406e-06	0.5811280712485853	0.0243637998407209	0.0005935947426787	0.3377098351931009	0.0143923480396306	0.0002228596400583	0.0002071396820938	4.96664191669152e-08	0.0040543076194383	0.0001352806855134	1.6437410273035457e-05	1.8300863873002463e-08	0.0025819696496394	-2.9091690484000024e-06	6.666567271659005e-06	8.463264552168575e-12	0.0	0.0	0.0	0.0	0.0	0.0	0.0	0.0	0.0	0.0	0.0
590.5662162268445	-0.0172802915914189	348768.4557484921	0.0002986084774844	737.8590277200913	2.044207434436657	544435.9447880384	4.178784035006101	632.1283071745867	0.6868471829396867	0.4717590527121835	399586.1967314086	647.1376152883396	474.9157411980699	1.004096	22.44903	0.0629525632316946	0.0333866992765833	0.0565857992	-0.0566285834	-0.0268427223	0.0737533289	-0.0598463933	0.0297527858	0.007082162	0.134818632	-0.0604818934	-0.110858915	0.0392339513	0.0095618003	0.0402140507	-0.0894639455	0.0847905492	-0.0241757046	0.076910824	0.2306065	0.095595649	-0.0437762182	-0.0137239146	-0.0279614175	0.0851638146	0.1135361744	-0.1429497901	0.0759615895	-0.0690556033	0.0371389533	-0.0462153836	-0.0326488587	-0.1073785924	-0.0950528368	-0.0354120573	0.0462241153	0.024160615	-0.0805709989	0.0222928799	-0.0799846725	0.0607490911	0.0368625921	0.0678190701	0.0216347655	-0.1242434714	0.0364972468	-0.0791610741	-0.0519575945	-0.0194823787	0.0527391688	-0.1186884898	0.0706705644	-0.0132084543	-0.0228329199	0.035737391	-0.0118274786	-0.0622383673	-0.0469182341	-0.0425449699	-0.0490598759	0.0320750954	-0.0708897012	0.0324467406	-0.0280409973	-0.0197567328	-0.0721064687	-0.1075209437	-0.0490686796	0.0481795161	-0.0714725703	0.0569495165	-0.0184651117	0.1532272628	0.0369375404	-0.0862279095	0.0193516397	-0.0514619666	0.017749117	0.0344941721	-0.0060119603	0.0884514688	0.1049601619	-0.1993248047	-0.0253754599	-0.0574086661	-0.0306713242	0.0120289214	0.0115178383	0.1043370016	0.0785806147	-0.0597320811	0.0098741568	0.0780997321	0.0210755865	0.0319691467	-0.025950106	-0.0933802268	0.1390808338	-0.1351370248	0.048308697	-0.0544995533	-0.0549468291	0.0504947686	0.0519703092	0.0237168411	-0.0259323119	0.0362964199	0.0634304464	-0.0476506624	0.0493406654	-0.0180903989	0.0936223898	0.0070471488	-0.0357599594	-0.0198374781	0.0161934883	0.04863247	0.000952181	0.0505582528	0.0299567412	-0.0136311339	0.1519673837	0.122474574	-0.001472883	0.0031842296	-0.0324463046	-0.0722731071	0.0039556013	0.0665697472	0.0	-0.0060487362807464	-0.0071029822922383	3.658721059401779e-05	5.0452357443850855e-05	0.0153654455789933	0.0127291930016327	0.0001620323544728	0.000236096917841	0.5516014165399667	-0.0295266547086185	0.0008718233382819	0.3042641227288979	0.0143095686939858	-8.277934564480081e-05	0.0002047637562078	6.852420065381403e-09	0.0038682093987161	-0.0001860982207222	1.4963043952315571e-05	3.4632547755968694e-08	0.0025849667478565	2.9970982171000603e-06	6.68205308752381e-06	8.98259772294436e-12	0.0	0.0	0.0	0.0	0.0	0.0	0.0	0.0	0.0	0.0	0.0
590.4248941062413	-0.1413221206032631	348601.55558036617	0.0199719417718032	735.9838531620769	-1.8751745580143504	541672.2321152976	3.516279623024315	631.0018315345236	-1.126475640063063	1.2689473676554877	398163.3113999233	646.4387290733637	476.0394354284856	1.042839	23.315226	0.1051744249345753	0.0578537968435461	0.0381329771	-0.0387466402	-0.0505626817	0.0054690494	-0.0704478382	0.0127359531	-0.0310186601	-0.1490447966	0.0526219669	0.0520111733	0.0321156319	-0.0451925899	0.0479468235	0.002812134	-0.1030683793	-0.0515833578	-0.0725475366	-0.0262677619	0.0132315039	-0.0658288377	0.0844109237	-0.0301987926	0.0672806042	0.065242236	0.0478876729	0.0914028024	-0.0210343722	-0.0492177846	-0.0768270989	0.0522594654	-0.0271070243	-0.2061822548	0.0696851781	-0.1410857419	-0.0154076195	-0.0953830428	-0.0862196603	-0.0536749912	0.0214613578	-0.0785163848	0.0605366849	0.0117320929	-0.0973211661	-0.0165917963	0.0472356931	0.1351351868	0.0048363173	0.0492728574	-0.0233564435	-0.081449121	-0.0110658008	-0.0681599385	0.0606611961	0.0545963616	-0.0762191019	-0.0883795212	-0.023742631	0.0523102346	0.038423609	-0.0700653483	-0.0488247899	0.0036600851	-0.04993971	0.0991375979	0.0675856387	-0.036827831	-0.1790465785	0.0103717514	-0.0621737978	-0.0082195572	-0.0327570822	0.1001282786	0.0512970989	-0.0736623716	-0.0018255415	0.0867410668	-0.0390002705	-0.0486021107	-0.0184545784	0.0034346164	-0.0499824116	0.0466804596	-0.0109743386	0.0114239277	-0.0516630469	-0.0462575922	0.0499704311	-0.1264679491	-0.0854540939	0.0667325966	-0.0016150821	0.0988409654	0.0471362814	-0.0629282067	-0.155091261	0.0725044625	0.038117052	0.049352393	0.0614141727	0.0221341963	0.0444225019	0.0349852178	0.0308395054	-0.0327607612	-0.0203404723	-0.0616297248	-0.0351757961	-0.0628618646	-0.016900244	-0.0549876028	0.1167498669	0.101425003	-0.008069766	-0.0075969882	0.1010824061	-0.0648114794	-0.019550493	-0.0111459656	0.0540784485	-0.0315711565	0.0725242314	0.0369167244	-0.0025271522	0.0615614322	-0.0733608586	0.0071159421	0.0629463604	0.0	-0.0029386050804305	0.0031101312003159	8.635399818731944e-06	9.67291608317842e-06	-0.0302488674148833	-0.0456143129938765	0.0020806655499033	0.0009149939798831	0.5710370799859845	0.0194356634460177	0.0003777450135868	0.3260833467189197	0.0148733557787329	0.0005637870847471	0.0002212167121207	3.178558769276352e-07	0.0036919432073692	-0.0001762661913469	1.3630444646439577e-05	3.1069770211942016e-08	0.0025851998176498	2.3306979330013638e-07	6.68325809717656e-06	5.432152854896828e-14	0.0	0.0	0.0	0.0	0.0	0.0	0.0	0.0	0.0	0.0	0.0
590.4494041881836	0.0245100819423669	348630.498906181	0.0006007441168215	739.249327916822	3.265474754745128	546489.5688254731	10.663325373877754	632.2282537784216	1.226422243898014	1.50411152032784	399712.56487571227	647.7050580962147	476.487339517875	1.013925	22.668779	0.1495672311807832	0.0953321138698621	0.0567896614	-0.0624059412	-0.029516615	0.0668535072	-0.0343057355	0.0165896919	-0.0010323607	0.0735806169	-0.0168646323	-0.0776617258	0.0350210689	0.0128445008	0.0138639933	-0.0768097256	-0.0052154752	0.0678733392	0.0451035296	0.1912488904	-0.0123970575	0.0193515373	0.0557929552	-0.1679364107	-0.089001367	0.0664204496	-0.0439283597	-0.0872821132	0.0864657687	7.96e-08	-0.083836134	-0.0548556637	0.0069925718	0.1473165079	0.0950387961	-0.0123013687	0.0078141525	0.0203755098	0.0447067761	-0.0149715528	-0.0197034409	-0.004741823	-0.0715350993	0.0849801558	0.0851529205	0.0787756329	0.0102801533	-0.055094711	0.007226557	0.0118141452	-0.0211309878	-0.0562777267	0.0418084546	-0.0856448534	-0.0229627229	0.0472796191	-0.0465106259	-0.060140056	-0.0807295261	-0.0202743713	0.0289300681	-0.0619679259	0.0541088309	-0.0113995209	-0.0468259891	-2.50146e-05	-0.0547048044	-0.1149785058	-0.0156946137	-0.069267986	0.0185585222	-0.0191784248	0.1326581934	-0.0556033773	-0.141998241	0.04845003	-0.0493357904	0.0011967932	0.1646847132	0.0678298082	0.1004998301	0.0715573605	0.1301790537	0.058781755	0.0456803081	-0.0731751839	0.0118281513	-0.0779672773	0.0416949245	0.075217657	-0.0489553684	-0.1034226039	-0.0378187709	0.0162345551	0.0735322951	-0.0205796788	0.04806432	-0.0910291891	-0.0152482908	0.0455506716	0.0426547832	-0.0174658661	0.0478307804	0.0550037398	0.0205537599	-0.0068022833	0.0705265393	0.0487850616	-0.013494049	0.0324885653	-0.0078022977	0.0794500136	-0.0443681104	-0.1010257818	0.0846126414	-0.0121034282	0.055266636	-0.0282326758	-0.0144120865	-0.0013880316	-0.0106187863	0.0862820215	0.1485381921	-0.0796230657	0.0186430843	-0.0663119821	-0.0744303271	0.0102691896	0.0591818091	0.0	-0.0056678026194987	-0.0027291975390682	3.212398653359633e-05	7.448519207255921e-06	0.0487767359656885	0.0790256033805718	0.0062450459896634	0.0023791699714664	0.5531685426456363	-0.0178685373403482	0.0003192846266834	0.3059954365726972	0.0139423196432212	-0.0009310361355117	0.0001943882770337	8.668282856285616e-07	0.0036287460503192	-6.319715704999982e-05	1.3167797897707194e-05	3.993880659202342e-09	0.002589844383504	4.644565854199697e-06	6.707293930767213e-06	2.1571991973997758e-11	0.0	0.0	0.0	0.0	0.0	0.0	0.0	0.0	0.0	0.0	0.0
589.9994917727483	-0.4499124154352785	348099.4002921013	0.2024211815628066	738.0421060902449	-1.207221826577097	544706.1503621243	1.4573845385641426	632.1075352122948	-0.1207185661268113	0.0145729722077133	399559.9360721625	647.0682125319005	473.75406055422553	0.966004	21.597397	0.1684847309170819	0.0927667700039061	0.0450707955	-0.0527277448	-0.0508919344	0.0544597189	-0.0369440973	-0.0052875286	-0.0098590919	-0.0648740197	0.0321139703	0.0015519149	0.0459480574	0.0113472454	-0.0180562343	-0.059482734	-0.0441459326	0.0272986561	-0.0686283854	-0.0469526575	0.0147005298	0.0023819702	-0.0022040333	0.0573469789	0.0294921344	0.0029801082	-0.0289407175	0.1118293375	0.1544259801	0.1206529397	0.0011121846	-0.0071560413	0.0406645438	-0.0501111513	-0.0130613146	-0.0129258614	-0.0322919992	-0.0094703574	0.0610184462	0.0697739713	-0.0390797224	-0.0608275043	-0.1402345763	0.0201694331	-0.0909270153	-0.0070174481	0.0594823543	0.0016661567	0.0996325085	0.0521557782	0.0466146134	0.0135165723	0.0301618301	-0.1006514717	-0.0197318237	-0.1653068031	0.0356001801	-0.0658881382	-0.0447435009	0.0503414929	0.042113761	-0.0414362002	0.0168390947	0.0041794394	-0.0499591785	0.0759651547	0.0406507867	-0.0534211908	-0.0629749587	0.0648193856	-0.088010089	-0.0108882915	0.0055414477	0.1683774083	-0.0775273571	-0.019500702	0.0082306251	-0.0152488417	-0.0203453157	-0.0087429267	0.0633246901	0.0215597485	0.0639838378	-0.0567040858	-0.0263423661	-0.0639514412	-0.0027174938	-0.009147795	0.1009587654	-0.098378962	0.038980802	0.0702497203	-0.0841657849	0.0760748814	0.0614044307	-0.0156915185	-0.0058100344	0.0309027115	0.0139986579	0.0154876656	0.0653272184	-0.0329880391	0.0524234791	0.0571165581	0.0173263631	0.023467383	-0.0191715875	-0.01262433	-0.0046019911	-0.0103302059	-0.0066806196	0.0206353952	0.0444205968	0.0310488426	0.013863483	0.0066191437	0.1605449705	-0.1225167208	-0.0216907301	-0.0227596986	0.0599759586	-0.0829354579	0.071840413	-0.0213242343	0.0181830263	0.0833737591	-0.075481246	0.0134122005	0.0552845357	0.0	-0.040892494010464	-0.0352246913909653	0.0016721960663958	0.0012407788835887	-0.0254588299342231	-0.0742355658999116	0.0055109192444801	0.0006481520216196	0.5637407559968963	0.01057221335126	0.0001117716951445	0.3178036399719522	0.0146395532632682	0.000697233620047	0.000214316519748	4.861347209238445e-07	0.0037389864388359	0.0001102403885166	1.3980019589798764e-05	1.2152943260312934e-08	0.0024282731865688	-0.0001615711969352	5.896510668608993e-06	2.610525167907319e-08	0.0	0.0	0.0	0.0	0.0	0.0	0.0	0.0	0.0	0.0	0.0
590.4687303244633	0.469238551714966	348653.32149098377	0.2201848184155588	741.5980332877132	3.555927197468236	549967.6429762042	12.644618233694304	632.7030777361408	0.5955425238460066	0.3546708977088713	400313.184576785	648.2591633187445	478.0082213404583	0.950241	21.244967	0.152229535615765	0.073507881721471	0.0600700465	-0.0678854298	-0.0546189081	0.0790364382	0.0022633077	0.0043181431	0.0039764309	0.0302674869	0.0239330087	0.0007118984	0.0361459384	0.0516513196	-0.0087221871	-0.112837371	0.0434540017	0.157691358	0.0866726442	0.0254322958	-0.0351266604	-0.0176375646	0.0764753412	-0.0140578789	0.0656225727	-0.1309904625	0.0168171225	-0.0563732593	0.0649113367	-0.0020917698	-0.0367893663	-0.048247444	0.0163863257	0.0860205766	-0.0943752575	0.0492151004	-0.0009018338	0.0255086655	-0.0910047777	0.0049230368	-0.0655735468	0.021729075	-0.0116076307	-0.0083208383	0.015526086	0.0284234091	-0.047114895	0.0504595827	-0.0303328255	-0.0568144707	0.0036388948	0.060618486	0.0340768959	-0.0039158158	0.0097278579	0.0085898734	0.0364623225	0.0187227494	0.1032809426	0.0003902592	0.0388982099	-0.048856707	0.082789745	0.0046184806	-0.0178310338	0.0272569619	-0.0157969984	0.0049043045	-0.0112718602	-0.0323830182	-0.008508517	-0.0016040072	0.049654853	-0.0378337418	-0.0986822269	0.0412171235	-0.1148775009	-0.0557582435	0.1350309578	0.0531357465	0.0411610792	0.0237174074	0.0792717732	0.0051789801	0.0607533199	-0.0356636488	-0.0416220097	0.05695651	-0.0403208789	0.071744453	0.0575330597	0.0183833623	0.0128771711	0.0456885761	-0.0402012565	-0.0089477501	0.089358786	0.0459015184	-0.0506909018	0.09040193	-0.0248392056	-0.0760846574	0.0549947107	0.0633138197	0.0236674952	9.8545e-05	0.0635247744	0.0059746292	-0.0298778291	0.0398050722	0.0118377005	0.0503493551	-0.0601709194	-0.0873337076	0.093956694	0.02476884	0.0631309071	-0.0120739581	-0.0615080052	-0.0503236954	-0.0312523668	0.084038101	0.0573183372	-0.07482181	0.0357830611	-0.0614923518	-0.0765133533	0.0165418419	0.0512632804	0.0	-0.0178457357529993	0.0230467582574647	0.0003184702845658	0.000531153066178	0.0269925353316153	0.0524513652658384	0.0027511457182503	0.0007285969636285	0.5448554240428294	-0.0188853319540669	0.0003566557630153	0.2968674331088914	0.0138704577735382	-0.00076909548973	0.0001923895988475	5.915078723230293e-07	0.0035141529387805	-0.0002248335000554	1.2349270877139624e-05	5.05501027471616e-08	0.0025912657995513	0.0001629926129825	6.714658443924238e-06	2.656659188686305e-08	0.0	0.0	0.0	0.0	0.0	0.0	0.0	0.0	0.0	0.0	0.0
590.136791877102	-0.3319384473612672	348261.4331269981	0.1101831328366087	739.3251027467339	-2.272930540979246	546601.6075514687	5.166213244116208	631.22747452454	-1.4756032116008555	2.177404838086759	398448.1245946288	646.7768826070393	472.1323749558968	0.920208	20.573509	0.1345376836221327	0.0604923376172085	0.0506741325	-0.0563683029	-0.049875306	0.0690788414	-0.0101797436	-0.0031936714	-0.0004525434	-0.0584370124	0.0076143536	-0.0203929333	0.0561298881	-0.0352104019	-0.011678383	-0.1001444879	-0.015690578	0.0604888875	-0.1065856074	-0.0026319765	-0.0485022052	0.0313781879	0.040973433	-0.0112876487	-0.0004569478	0.1667826129	-0.0675382742	0.0757753277	0.0320929245	-0.0203198424	0.0540317436	0.0095962105	0.0015709436	-0.0239481244	0.0440727362	-0.0691097311	0.2054003893	0.037474336	0.0587036134	0.0021993332	0.0430428842	-0.0213323942	0.0853360118	-0.0897794265	-0.00176662	0.0328160848	0.0615972117	0.0072541461	-0.0974790425	-0.1243972082	-0.0732972892	-0.0538914819	0.040287099	0.099061765	-0.0676877258	-0.0920716266	0.0364527184	-0.0015037229	0.0402012902	0.0131369285	0.0346398033	-0.0614486014	0.0201433637	0.0396504267	-0.0439189626	0.0549464253	0.0027494775	-0.0464306539	-0.0972143703	0.0672314125	-0.0400226627	-0.0369145713	-0.0178140706	0.1035723741	-0.1064450543	0.0299042171	-0.0530293082	0.0386775153	-0.0457721907	-0.0275971154	0.0735071805	-0.091862829	0.1018112882	0.0737396871	-0.0268289734	0.0307352188	0.0471971823	0.0463635563	-0.0257092385	-0.0767887265	-0.1173188476	0.0308361518	0.0883935368	0.0171422508	0.0750048783	0.1419716937	-0.0545283638	0.1182079971	0.0509050519	0.040798545	0.1004083498	0.0168441457	0.0539815323	0.0528361108	0.0182681263	0.0144344491	-0.0148063639	0.0464112152	0.0155398501	0.0338316995	-0.0127590885	0.049630558	-0.0177531365	0.0236799277	-0.0074329753	0.0006885774	0.1519108816	-0.1182668653	-0.0620080273	-0.0452295615	0.0155686565	-0.052637399	0.0417461486	-0.0019933114	0.0159215629	0.0531195213	-0.077526392	0.019654994	0.0471270611	0.0	-0.0419227407629989	-0.0240770050099996	0.0017575161930816	0.0005797021702515	0.0017868159529399	-0.0252057193786753	0.0006353282893965	3.1927112496805228e-06	0.5733726099959071	0.0285171859530777	0.0008132298946824	0.3287561498935186	0.0146929407516882	0.0008224829781499	0.0002158825079326	6.764782493464928e-07	0.0032037328828626	-0.0003104200559179	1.0263904384735103e-05	9.636061111607225e-08	0.002593118231091	1.8524315396999116e-06	6.724262160416516e-06	3.4315026092749847e-12	0.0	0.0	0.0	0.0	0.0	0.0	0.0	0.0	0.0	0.0	0.0
592.0038275782531	1.8670357011510528	350468.531867302	3.485822309372605	740.4194035826877	1.0943008359537316	548220.8932017429	1.1974943195690355	633.2015922114534	1.9741176869134731	3.897140641784602	400944.25637911976	649.3988330977536	477.9980319382852	1.014976	22.692284	0.2401160403562719	0.1319454182001796	0.0289131264	-0.0376296446	-0.0061602812	0.0513735825	0.0414984018	-0.0434279235	0.022175675	0.0303392586	0.0413877255	0.0435257549	0.0129778521	0.0797863659	0.0303756899	-0.0847817492	-0.0023572375	-0.0431051005	0.0665524359	0.0711910745	0.0954962076	0.0175682801	-0.0535654737	-0.0981670834	-0.0127352901	0.0502279751	0.045996485	0.1086891951	0.0035672947	-0.057282122	0.018704866	0.1144639229	-0.0610944454	-0.0285277344	-0.0528510508	0.1275477373	0.0728909877	-0.071092032	-0.0004732756	0.0529112765	-0.0921297169	-0.1146773692	0.0517089301	0.2256015016	0.0257275844	-0.089029367	-0.0508182893	-0.0443654684	0.1106317957	0.0097748711	0.1720789762	-0.0324364014	-0.0799562943	-0.0399555463	0.0500647056	0.0332424201	-0.0489391512	-0.0839337589	0.0281275647	-0.0692215059	0.0110503519	-0.0245316043	0.1121043552	-0.0195823838	-0.0005700739	-0.0197768019	0.0370453392	-0.0475982904	-0.0260454585	-0.0572811083	0.0484547466	0.0834710851	0.0461838438	-0.0666927001	-0.0166924166	0.1059042946	-0.0105096554	0.0598554097	0.0433470761	-0.0607747005	-0.0736922875	0.0012523871	-0.0582128395	-0.0048449035	0.0537612012	0.0604395297	0.0145025238	-0.0855984484	0.0152114114	0.0257304989	0.0289398674	0.129758261	0.1830987525	0.017733367	0.0633239782	0.024077501	0.0370768631	0.1285679061	-0.0775896296	0.0463451097	0.0075486744	-0.0514698235	0.026371876	0.0465840874	-0.0200347391	0.0610503443	0.1819478565	-0.0479636055	-0.0302807002	0.0123939202	0.0260988515	-0.0031933255	-0.0131180087	-0.1248495969	0.1332523709	-0.057261026	-0.009548262	0.0037792567	-0.0164327273	-0.0050294154	0.0739742796	0.048671926	0.0470176659	-0.0341347103	0.0630772383	-0.0013942631	-0.0785201094	0.0227485535	0.042885154	0.0	-0.0256879793361406	0.0162347614268583	0.0006598722823739	0.000263567478587	0.0813218816127232	0.0795350656597833	0.006325826669506	0.0066132484290337	0.6454743999909525	0.0721017899950453	0.0051986681204896	0.41663720104368	0.0137815486454351	-0.000911392106253	0.0001899310830664	8.306355713404597e-07	0.0034902536747642	0.0002865207919016	1.2181870714205e-05	8.209416419191999e-08	0.002840093798428	0.000246975567337	8.066132783869185e-06	6.099693086143315e-08	0.0	0.0	0.0	0.0	0.0	0.0	0.0	0.0	0.0	0.0	0.0
590.5712494220464	-1.4325781562066595	348774.400643917	2.0522801736404723	737.2593075447558	-3.160096037931908	543551.2865613728	9.98620696895294	630.6155488596022	-2.586043351851231	6.687620217653949	397675.9704634973	646.7556964542837	470.9547244115183	1.03424	23.12298	0.2330804730634478	0.1545890746744609	0.0326656955	-0.0429746661	-0.0283238573	0.0210633725	-0.0356899614	-0.0015504276	0.0177973402	-0.0792464464	-0.0447773668	0.0088379033	0.025333199	-0.0715721164	0.01851662	-0.0073636191	-0.0357701453	0.0463815967	-0.0374185009	-0.0413724377	0.0044338087	-0.0167422487	-0.0617471094	0.0537154895	-0.0126406494	0.0108616369	-0.0187011047	-0.1439512406	0.1137323863	0.0672304877	-0.0521928783	-0.0615805846	0.0386107338	0.0889817363	-0.0494242825	-0.0452356551	-0.0285639001	-0.0788197336	-0.0476356155	-0.1532227045	-0.0979582299	0.0511310806	0.0064530364	-0.0347504454	0.01764894	0.0644011701	-0.0031528714	-0.0194246837	0.0087405294	-0.0768294141	0.0830151714	0.0593415791	-0.0253554055	-0.0546968251	-0.0625474513	-0.0234993057	0.0847851303	0.1135268293	-0.083127515	0.1031791762	0.0245769845	-0.0455548082	-0.0275432197	0.0141324429	-0.0654475519	0.0865151483	0.0220143611	-0.0209611217	-0.012683779	0.0714950022	0.0128459627	-0.0566897659	0.0087156279	0.1254520713	-0.0062621316	-0.0509929105	-0.0218632685	-0.0095253202	0.0466249366	0.0411656094	-0.0302683617	0.0344733055	0.1756153067	0.0527173846	0.0010496037	-0.1005682492	0.0125489137	-0.022139599	0.0619123513	0.0149715477	0.0829025827	0.0306976021	0.0207531907	-0.1116961324	0.0132107728	0.0573258087	0.0059736655	0.0151784297	0.1287455767	-0.0259994971	-0.0827679124	0.0471592476	0.0305779478	0.0342737807	0.0126507944	-0.027143167	-0.0593345027	0.0659188176	0.0290465568	-0.0097881772	-0.0667880744	0.0601529228	-0.028674488	0.0387465074	0.0208380535	0.0061318416	0.0851103596	-0.1481284786	-0.0151825383	-0.0333929598	0.0536082845	-0.0718637898	0.0625965816	-0.0463503854	0.0152450291	0.0481535226	-0.079494258	0.0258194369	0.0385470719	0.0	-0.0092084704091917	0.0164795089269489	8.479592727695915e-05	0.0002715742144733	-0.0578280797827943	-0.1391499613955175	0.019362711756374	0.0033440868113652	0.624973160280561	-0.0205012397103914	0.0004203008296629	0.3905914510710718	0.0146497115065579	0.0008681628611228	0.0002146140472253	7.537067534329266e-07	0.0036220355183549	0.0001317818435906	1.3119141296224449e-05	1.7366454300163718e-08	0.0029791443543263	0.0001390505558982	8.875301083914267e-06	1.933505709562625e-08	0.0	0.0	0.0	0.0	0.0	0.0	0.0	0.0	0.0	0.0	0.0
592.3574442009383	1.7861947788918542	350887.34170026775	3.19049178814052	740.3255396166284	3.066232071872605	548081.904608652	9.401779118580167	633.1631375198845	2.5475886602822584	6.490207981998752	400895.55871402414	648.596189443663	477.61615907936766	1.04606	23.387228	0.1403617046435491	0.0976525082815985	0.0380567137	-0.0559975105	-0.0140086533	0.0230229806	-0.0056482137	-0.0471644456	-0.0610068746	-0.0195171506	0.132863357	0.0223017399	0.0148696157	0.0767486452	0.0642381544	-0.0030475023	-0.0253826658	-0.0478677886	0.0044503014	-0.0260980337	0.0351015322	-0.0393512569	0.0296409929	-0.0819373629	-0.0202300673	0.0030436744	0.0754622685	-0.094363435	-0.0109037639	0.0150050861	0.0305488587	0.0225028592	0.0584090317	0.0109327372	-0.0396645354	-0.0378768517	-0.1250522458	0.0127742899	0.0049761955	0.1511066078	0.0079339834	-0.0943189842	0.0305230522	0.0384152373	-0.0827525187	0.0623144831	-0.0426860839	-0.0746001733	-0.0116513548	0.0376791732	-0.0449652559	-0.0873390368	-0.0083703654	0.0428380372	-0.0164191102	-0.1552666451	0.0425012689	-0.0252543897	0.0856547847	-0.1085504674	0.0129004999	-0.0278959429	0.0471638916	-0.0753441876	-0.0082108406	-0.0241799041	0.0808598733	-0.0270097979	-0.0467721404	-0.0699421551	-0.0863194864	0.0114014643	0.0238299633	-0.0986890963	0.0102216455	0.0599400784	0.0714416348	-0.001243032	0.0257600911	-0.0119394985	-0.1417962806	-0.0950963097	0.1443401898	-0.010935795	-0.0215216498	-0.0826676937	-0.0483118585	0.0022493197	0.1265922586	0.079312809	0.0329605617	0.0881086622	0.0088374296	-0.0470122938	-0.0154235265	-0.06401819	0.0071043858	-0.0529205327	-0.075276017	-0.0273066901	0.0979733208	0.0672806792	0.0132251459	0.0367924187	0.022145735	-0.0015030835	0.1202929812	-0.1414040754	-0.054933935	0.0001122223	-0.0125883246	-0.0270215562	-0.00122584	0.0146581896	0.0365200317	-0.0243153367	-0.0232146685	0.0096212679	-0.0295292045	-0.0803367696	0.2045696413	0.1274887687	-0.0645414459	0.0098059909	0.0555953321	0.145748206	-0.0804485949	0.0288645828	0.0341225436	0.0	0.0097628285556368	0.0189712989648285	9.531282140675732e-05	0.0003599101844129	-0.0611930403111387	-0.0033649605283444	1.1322959357315844e-05	0.0037445881825206	0.6260941469484322	0.0011209866678711	1.256611109544961e-06	0.391993880843085	0.0129074101850246	-0.0017423013215333	0.0001666012376844	3.0356138950166894e-06	0.0031093302320641	-0.0005127052862907	9.66793449202779e-06	2.628667105905309e-07	0.0028960617925003	-8.308256182600017e-05	8.38717390598005e-06	6.902712079571141e-09	0.0	0.0	0.0	0.0	0.0	0.0	0.0	0.0	0.0	0.0	0.0
592.1764636240782	-0.1809805768600654	350672.96407031926	0.032753969200602	737.1093013019482	-3.2162383146801403	543330.1220658463	10.344188896816547	633.3815225565208	0.2183850366363913	0.0476920242266779	401172.1531160165	648.7933734198446	481.3817560812186	1.065847	23.829624	0.1360089125492422	0.0696965773636247	0.0435436611	-0.0574087154	-0.0085166762	0.0495785826	-0.0638482728	0.0056600896	-0.0281242023	0.0696714732	-0.1042211061	0.007562637	0.0403133414	0.0744658528	0.1139693436	-0.0496777699	-0.012910821	-0.0912428802	0.0091644628	-0.0437401549	0.1086064694	-0.0095779764	0.0003603774	0.0538985761	0.1218937662	0.0176422571	0.0894752142	0.0251555961	0.0020257505	0.0499204964	0.0478784419	-0.1251134934	-0.12576444	0.0017928096	-0.1199802251	-0.000708578	0.0678871773	-0.0892189381	0.0670213937	0.1546371418	0.0580554857	-0.0837562655	0.093512706	0.0137211514	0.123794974	0.0232858482	0.1185405589	0.1353391372	0.1026813225	0.0291583537	-0.1276579676	-0.0446079768	-0.0139367173	-0.0291494427	0.0216108502	0.0688216923	-0.1081443441	0.0724111051	0.0193088371	0.0645508854	0.0222115583	-0.0463305054	0.046464826	-0.089578965	-0.026949949	-0.0528510078	0.0142098139	-0.0524366615	0.0287354226	0.0638680855	0.0613321064	-0.0304155071	0.099028656	0.1196358036	0.0014327641	-0.0259870492	0.0358391583	0.1343572336	-0.0674267843	0.0030916036	-0.0466052851	-0.0645102533	-0.030967297	-0.0465820105	-0.0757587392	-0.006372487	0.0884911983	0.0105095982	-0.0546081783	-0.0553057395	-0.0229505435	0.1422383302	-0.0471199982	0.0659757884	-0.1523741246	0.0395704155	0.0921323077	0.0520027835	-0.1313514536	0.017449366	0.0267422886	-0.1549846077	0.0342898177	0.0516816057	0.0410266989	-0.0501642762	0.0130446131	0.0933946012	0.025361265	-0.1098084531	-0.1260700513	0.0323529519	0.0089949224	-0.0151160212	0.0267360296	-0.0056642692	0.0504165029	-0.0145321136	0.0426385112	-0.0560018887	0.0615510026	0.0121683437	-0.0432560535	-0.1384601124	0.0459342435	0.0367444956	-0.0813828824	0.0318809559	0.0296214915	0.0	0.0019549280463309	-0.0078079005093059	3.821743666331149e-06	6.096331036321933e-05	-0.0247017133231111	0.0364913269880276	0.0013316169453471	0.0006101746410971	0.6115849376945235	-0.0145092092539087	0.0002105171531737	0.3740361360148141	0.0138485860477279	0.0009411758627033	0.0001917833355213	8.858120045353012e-07	0.0034091283707979	0.0002997981387338	1.1622156248579144e-05	8.987892398825083e-08	0.0025930262779774	-0.0003030355145229	6.723785278281328e-06	9.183052306215881e-08	0.0	0.0	0.0	0.0	0.0	0.0	0.0	0.0	0.0	0.0	0.0
593.0041879817295	0.8277243576512774	351653.9669638704	0.6851276122492198	742.8698784919201	5.760577189971855	551855.6563706001	33.18424956162403	633.5962303209604	0.2147077644395949	0.0460994241106485	401444.1830769316	649.3679036752937	477.6623772292109	1.074057	24.01317	0.078446255236673	0.0537988506229726	0.0423425398	-0.0519277336	-0.0384693269	0.0786815575	0.079027975	-0.0257262962	-0.0697555907	0.0015056458	-0.008003817	-0.0801071512	0.0306821374	0.0756154526	0.0942970934	-0.0612495573	0.0271230289	-0.0431800537	0.06919921	0.0450963985	-0.1458425095	-0.0517495959	0.0659700415	-0.0264837388	0.0032016459	0.065253192	-0.022422099	0.118975052	0.0735610944	-0.1097731545	-0.0047537903	-0.1139094885	0.0118614059	-0.0218390865	0.0341089941	-0.0895187987	0.0091259687	0.0035936046	-0.0508199421	0.0118603475	-0.1497905328	0.138140795	0.0063350165	-0.0398635653	0.0068391559	0.022135376	-0.0249897514	-0.091997478	0.0568524027	0.0402356146	-0.0089528555	-0.1281767996	-0.0171452245	0.0858185025	-0.0771534289	-0.0395358186	-0.0279465906	0.0747097352	-0.0484023982	-0.0005271486	0.0204031546	-0.052124642	0.1049529709	-0.0482669924	-0.0352815965	-0.011668347	-0.0473360047	0.0320869485	-0.1589094602	-0.0739465811	9.96051e-05	0.1088937559	-0.0015843621	0.061410044	-0.0645981059	-0.1048041222	-0.0632625685	0.0848549896	0.066453812	0.0022940804	0.0430104941	0.041708293	-0.0478801877	0.0653550234	-0.0050231127	-0.1547894807	0.1080871098	0.0542750153	-0.1211785259	-0.0469217328	-0.1044612625	-0.0488938947	-0.0211466846	-0.0803636927	0.0072111148	-0.0093286292	0.0429423903	-0.0240939806	0.0276572282	0.0118502444	0.0466567912	0.1887745803	0.0176060796	0.0351013826	0.020779916	-0.0259380799	0.0495280249	-0.0926785832	-0.0061266817	0.1394882517	-0.024723461	0.0280082167	0.0808247853	-0.0053774543	0.045805849	-0.021243521	0.0085339054	-0.0647437931	-0.0264206953	-0.0577074617	0.0120168265	-0.0572544562	-0.0157449653	-0.060418108	0.065951943	0.0188662058	-0.0822968876	0.0348655494	0.0250540098	0.0	0.0003780745427661	-0.0015768535035648	1.429403598877956e-07	2.4864669717045844e-06	-0.0686267361992349	-0.0439250228761238	0.0019294076346679	0.0047096289213593	0.6122910015461329	0.0007060638516094	4.985261625495412e-07	0.3749002705743665	0.0143503292752974	0.0005017432275695	0.0002059319503094	2.517462664118595e-07	0.0032662843556774	-0.0001428440151205	1.0668613492142928e-05	2.040441265574574e-08	0.0025932053353949	1.7905741750033274e-07	6.724713911520577e-06	3.2061558761888465e-14	0.0	0.0	0.0	0.0	0.0	0.0	0.0	0.0	0.0	0.0	0.0
592.4330197069686	-0.5711682747609075	350976.88283911743	0.3262331980933515	744.4839777649686	1.6140992730485095	554256.3931487502	2.605316463255727	633.6368283925566	0.0405980715961504	0.0016482034173261	401495.6302953782	650.2183004765941	487.0266819502178	1.097851	24.545143	0.1489158361002145	0.1241541517133608	0.0456355751	-0.0317176386	-0.063119759	0.0866724708	0.096342416	-0.0460828746	0.0229138323	-0.145238104	-0.0042682676	0.0332151365	0.0527431982	0.1007284199	0.0257740385	-0.0399739578	-0.0727581819	-0.0322459085	0.0679714791	-0.0183054624	0.0174847877	0.0087251282	0.0192646635	-0.0207583535	0.0647657173	-0.007331987	-0.0751280935	-0.0707946818	-0.0327558647	0.0457951231	0.0462872445	-0.0598401272	0.005068023	-0.0222684855	0.0344499883	0.1391451412	0.00112557	0.0222712561	0.1985696531	-0.0417776321	-0.0709781883	-0.0014531035	0.0843773828	0.1759406045	-0.1476785915	-0.0063429338	-0.077972829	-0.0310975216	0.0365739397	0.1456790909	-0.074770065	0.0848417015	0.0455539331	0.0566397633	0.0682061431	0.0360543139	-0.0020838376	-0.0208566404	-0.0197121681	0.0523078545	0.0392749873	-0.0052221868	0.1314465049	-0.0002674603	-0.0072398146	0.0080267004	0.0580130426	0.0777630992	0.0025018972	0.0519793328	-0.001464254	0.0051839693	0.1258200374	0.0632369844	0.0006156524	-0.0032036086	0.0023132021	0.0344274725	-0.035064321	-0.0240873117	0.0297369307	0.0691227969	0.0603518459	-0.0277734403	-0.0023238723	-0.0218417177	-0.115547769	0.0689645488	-0.0466589023	-0.0797978499	-0.0174807304	0.0137996573	-0.0132405042	-0.013900876	-0.0926031372	-0.0563748049	-0.129298308	-0.095163565	-0.1011216475	-0.0981048161	-0.0164662655	0.0337697994	0.0343359494	0.0425398783	0.0344728534	-0.0411397111	0.0658509697	0.0057577785	-0.0205668927	-0.1132167755	-0.0622359315	-0.0036367743	-0.022651175	-0.0116334285	-0.0033217282	0.0077143224	0.1535911188	0.0129081257	-0.1108730727	0.1276826033	-0.0042534205	0.0335848131	-0.0074692837	-0.0598094658	0.0268903466	0.051607358	-0.0831903826	0.0378153881	0.0204303415	0.0	-0.0082957230392963	-0.0086737975820624	6.881902074471144e-05	7.523476449459154e-05	0.0539109097123997	0.1225376459116346	0.0150154746655651	0.0029063861860185	0.6122974017801255	6.400233992565063e-06	4.096299515958533e-11	0.3749081082266924	0.0142122038758105	-0.0001381253994868	0.0002019867390076	1.9078625983415583e-08	0.0034257134097746	0.0001594290540972	1.1735512365909516e-05	2.5417623290328e-08	0.0025367999415285	-5.6405393866400255e-05	6.435353943339e-06	3.1815684572237436e-09	0.0	0.0	0.0	0.0	0.0	0.0	0.0	0.0	0.0	0.0	0.0
591.1146259453755	-1.3183937615931427	349416.50100654113	1.7381621106077163	742.8873475260755	-1.5966302388931126	551881.611114328	2.5492281197478777	633.7858911190393	0.1490627264827253	0.0222196964264637	401684.5557815548	651.057408464422	484.69653477724535	0.975885	21.818306	0.1546494050805	0.0907308998043445	0.035281706	-0.0200690959	-0.0349936388	0.0831010583	0.1124889717	-0.0291940354	0.1161059506	-0.0107708205	-0.0842423901	0.0409992468	0.0425771451	0.1391403114	-0.0868947358	-0.0326223939	-0.0562137961	-0.1048121476	0.0794202973	0.0650111266	-0.0136842921	0.0041835532	-0.0272118611	0.1553034116	0.088202258	-0.0456048299	-0.0971058707	0.0698142931	0.1004730083	-0.0709293135	0.0473721496	-0.1785468413	0.0729757065	0.0181415837	-0.1050998169	0.0383790919	-0.0373730399	-0.0270323173	-0.1156475744	-0.0630775171	-0.0401051459	0.1141051281	0.0022833789	0.018445065	0.0673003711	0.0135433633	0.0213332758	0.0545990632	-0.0766889317	0.1053679185	0.0747372717	-0.0162210992	0.0047608647	0.0254426167	0.0283749846	0.0623563847	-0.0281855939	-0.0001993955	-0.0210988177	-0.0029493045	0.0256083956	0.0484239938	0.1812293096	0.065015776	0.0063105533	-0.0056484348	0.000225521	-0.0583829635	0.0254283447	-0.0390974311	0.0443491625	0.005008813	0.0474630923	0.0761611746	0.1332207368	-0.0300494338	-0.0262229359	0.0042366338	-0.0314697146	0.1109854859	0.0218339111	0.0682119897	-0.0679082599	0.0100229244	-0.0218720409	-0.1387049838	-0.0723665299	0.2097828305	-0.0996755085	-0.0462579242	0.0311485041	0.0219631503	-0.0991269059	-0.0211043066	-0.0188739851	-0.0777908514	0.1476302852	0.0875011468	0.0354110114	-0.0404104068	0.0602633377	0.0255012209	0.027651468	0.0370977128	0.0119660802	-0.0325121271	0.0427130504	0.0133237958	0.0178551494	0.0318172273	-0.0391523281	-0.0418931451	0.1563882592	-0.0114791142	0.0128505785	0.0540626004	0.1205340762	0.0829335473	-0.0452384753	0.0074470281	0.0186208708	0.0139522216	-0.0871628971	-0.076938203	0.0183289424	0.0778677886	-0.0840631448	0.0407275316	0.0157608558	0.0	-0.0087288055832317	-0.0004330825439353	7.61920469098569e-05	1.8756048986155746e-07	-0.0178435085284149	-0.0717544182408146	0.0051486965370777	0.0003183907966036	0.6329872241224805	0.020689822342355	0.0004280687485582	0.4006728259022834	0.0151749103554281	0.0009627064796175	0.0002302779042952	9.26803765897712e-07	0.0035518507439167	0.000126137334142	1.2615643707061616e-05	1.5910627064475777e-08	0.0023902021162203	-0.0001465978253081	5.713066156384001e-06	2.149092238509349e-08	0.0	0.0	0.0	0.0	0.0	0.0	0.0	0.0	0.0	0.0	0.0
590.3027231747428	-0.8119027706326278	348457.30498751707	0.6591861089609374	742.829700580771	-0.057646945304441	551795.964064918	0.0033231703029332	632.451132528437	-1.3347585906022914	1.7815804951866154	399994.4350365026	649.9913443804194	475.2246397779873	0.996233	22.273233	0.2021008901505184	0.1029947016246338	0.0527900611	-0.057855614	-0.0666349016	0.0746817715	0.1018865109	0.0141969152	0.1029805148	-0.038102657	-0.0150270451	-0.0045113521	0.0593031	0.0500594537	-0.0517253089	-0.1051749234	-0.0052511539	0.1575194804	0.1054300262	0.0191579429	-0.0129452777	0.1140507076	-0.0272801891	-0.0415273072	0.0450700862	0.0290507358	-0.0948260804	-0.0005762232	-0.0187408819	0.0485102441	-0.0729899593	-0.0337432733	0.0219415081	0.059478152	-0.0049803314	-0.0009664903	-0.0650341085	-0.0436887399	0.0010286366	-0.0544499786	-0.0093973793	-0.1913372612	-0.0919586441	-0.0496525556	0.0824976203	-0.0779835092	0.0677798361	0.0111078835	-0.0979046047	0.0750024373	-0.0581336636	0.0047109259	0.0222566897	0.0183885014	-0.1638763117	0.0177184523	-0.1173419724	0.0417496122	0.1042734464	0.0355770921	0.0498658549	-0.010330149	0.1346012947	0.1133233001	-0.0057485883	0.0029088831	0.0060563957	0.0599517358	0.0088461744	-0.0168348298	-0.0046406948	-0.0298701563	0.0636969804	0.0446970794	-0.0466677568	0.035356824	-0.0456705522	0.0044778627	0.039980244	0.1191269848	0.0595742493	0.020746948	0.0225653904	-0.0826027708	0.0104969085	-0.0654365421	-0.1157086752	-0.0251647519	0.0946815023	-0.0884404424	0.0590629606	-0.0126807982	-0.0278860519	-0.0846049383	0.0066936776	0.0790132802	0.0105744598	0.1404877744	0.0282508175	0.1439439836	0.0004169665	-0.0316711873	0.0416390876	0.0575981575	0.0243284382	-0.0433247205	0.0766419114	-0.0048222299	-0.0315345225	0.0152743366	0.023485792	-0.0304792466	-0.0700152934	0.0013482818	-0.0112134647	0.0191946543	0.0908150186	0.0361196952	-0.1510107709	-0.0032911195	-0.078930804	0.0474961846	0.0606689106	-0.0078042934	0.0465664411	0.0430586176	-0.0849149568	0.043599077	0.0110560246	0.0	-0.0077250133474819	0.0010037922357497	5.967583121877351e-05	1.0075988525515817e-06	0.0542476462248657	0.0720911547532806	0.0051971345936614	0.0029428071209381	0.5825569594860625	-0.050430264636418	0.0025432115912991	0.3393726110456458	0.0140397753747104	-0.0011351349807176	0.0001971152925723	1.2885314244489714e-06	0.003121984015546	-0.0004298667283706	9.746784193324727e-06	1.84785404160129e-07	0.0023967139776333	6.511861412999802e-06	5.744237890582833e-06	4.2404339062115765e-11	0.0	0.0	0.0	0.0	0.0	0.0	0.0	0.0	0.0	0.0	0.0
590.5413226449739	0.2385994702310654	348739.0537512752	0.056929707194545	735.2684365426851	-7.5612640380859375	540619.6737759245	57.17271385365166	632.0406840582314	-0.4104484702056652	0.1684679466941708	399475.42630479706	647.7358117696577	469.9063640100914	0.975501	21.809711	0.2502180433152917	0.118917545724178	0.0315805702	-0.0428662529	-0.0149711569	0.0306239443	-0.1004020912	0.0196851138	0.0387577826	-0.0297395975	-0.0549838925	0.0373022846	0.0345081109	0.0221804678	-0.0274766262	-0.1003239182	-0.0307245563	-0.0510320907	-0.0945195005	-0.0193032943	0.058883225	0.0586145286	0.0418606642	0.1766080459	-0.0129082024	-0.0719385669	0.0137332101	-0.0701722957	0.1502514828	0.0731056445	-0.0379200906	-0.013459782	0.0842226612	0.0469037077	-0.0300265724	0.0700692345	0.048884149	-0.1116673244	-0.0209102852	-0.0517207314	-0.0108783063	-0.0140541152	0.0165912062	-0.06111402	-0.0266204979	0.0693730295	0.1170018994	0.0450507327	0.0734894624	0.0275254982	-0.0025366194	0.0367817468	-0.0083572594	-0.1048144696	0.0207883054	-0.0108619267	0.0710361728	0.0814887088	0.0644844152	0.0580731682	0.0245252364	-0.0394781035	0.0530822107	0.0377536885	-0.047498119	-0.0144981937	0.086360946	-0.0421310811	0.1224500749	0.0735668046	-0.0166329015	0.0253563912	0.0389213505	0.0731763046	0.0173517809	-0.0956132687	-0.1357932563	0.0445217277	-0.0037682036	-0.0542723601	0.0200180025	0.012843763	0.0107410761	0.0969732782	-0.0162410382	-0.0150274401	0.0288206656	-0.033512658	0.0329745522	0.1302847899	0.1118025837	0.0486582629	-0.0736790873	0.0403360907	-0.0354565625	-0.0304732055	0.0056773193	0.0538423545	0.1204982528	-0.0479818961	-0.1133151137	-0.0904466766	0.0312483716	0.044531312	-0.0001141549	-0.0006899917	0.0063431263	0.0242778815	0.013177911	-0.0179119783	-0.0088712673	0.0172527013	-0.0243930472	-0.0365652824	0.0202612678	0.0719067435	0.035930703	0.0917945844	0.0174178756	-0.1988799399	-0.0326951249	-0.070619899	-0.0137969711	-0.0661442205	0.0191118037	0.0911169173	-0.0857456062	0.046427162	0.0063263989	0.0	-0.0339959494034332	-0.0262709360559513	0.0011557245758407	0.0006901620812558	-0.0355091500559865	-0.0897567962808522	0.0080562824786024	0.0012608997376985	0.6325430439487008	0.0499860844626383	0.002498608639906	0.400110702447888	0.0151466855411353	0.0011069101664248	0.000229422082882	1.2252501165347978e-06	0.0028859102680152	-0.0002360737475308	8.328478075035564e-06	5.573081427323595e-08	0.0027378145939946	0.0003411006163613	7.495628751089816e-06	1.1634963048205885e-07	0.0	0.0	0.0	0.0	0.0	0.0	0.0	0.0	0.0	0.0	0.0
591.6916105469913	1.1502879020174532	350098.9619916925	1.323162257527714	742.3372403220022	7.068803779317136	551064.5783688861	49.96798687048823	632.4924508340704	0.4517667758390189	0.2040932197519823	400046.7003620889	648.8191510514059	472.3409987646237	0.916241	20.484806	0.1417304844838602	0.0874806103614411	0.0370956599	-0.0535536096	-0.0422610021	0.0847560544	0.0616532034	-0.0376230667	-0.0301213203	-0.0138869345	-0.0241183103	-0.0281509009	0.0300128702	0.0397797784	0.0428164887	-0.0763191843	0.0141203086	0.1072825879	0.058093061	0.0043266165	0.0129796953	-0.0373787683	0.016076617	0.0426625583	0.0333982095	-0.0880175263	0.0409355309	0.0159246806	0.1714712733	-0.1498012704	0.1320544191	-0.0310685259	0.0998362348	0.0474617575	0.0116673275	0.0286303681	-0.0085986043	-0.0591615767	0.0078468726	-0.0569961849	-0.0088444528	0.0449012796	-0.0105990574	0.0961377842	-0.0057174139	-0.0941264095	0.0567899321	0.0464829876	-0.0710781655	-0.0253440387	0.0109596817	0.0722768314	-0.1304853923	-0.0671052435	0.1048590154	-0.1631925308	0.1029861984	-0.0635051861	-0.0215904912	0.0163596801	0.0194801229	-0.0320588643	0.0794908335	0.0010919791	-0.0199668735	0.0549409155	-0.0180428528	0.0816229304	0.0077426202	-0.0340372703	0.089388302	0.0481548816	-0.0645442556	0.0402144954	-0.0138827806	-0.0483592924	-0.0773915789	-0.0142731918	-0.0060520822	-0.0129843981	0.0457107646	-0.0011186838	0.0750732686	0.0761595996	-0.0318854955	0.0080463622	-0.0365119912	0.0657800794	-0.173058131	0.0088763335	0.1030567658	0.1148448116	0.0144975592	0.1483236857	0.0198254079	0.0377505179	0.0982415361	0.0395142557	-0.0186172142	-0.1121861167	-0.0676705436	0.1466221562	0.0298195881	0.0500051158	0.0090507905	-1.85847e-05	0.0786163114	0.014851585	0.0218690712	0.0888337725	0.0062191014	0.0001710897	-0.0626204627	-0.0279847345	0.0602171533	-0.0202132127	0.0301225285	-0.0462466759	-0.0930685904	-0.0474281968	-0.0479278109	0.0056149511	0.074225236	-0.1080290675	-0.020770109	0.0627882071	-0.0865548859	0.0492089673	0.0015825856	0.0	-0.0246545825885249	0.0093413668149083	0.0006078484426143	8.726113397067005e-05	0.0370419049671539	0.0725510550231404	0.0052636555849707	0.0013721027235956	0.6318658698085642	-0.0006771741401365	4.5856481606970525e-07	0.3992544774289334	0.0144145391895311	-0.0007321463516042	0.0002077789400465	5.36038280167341e-07	0.003153080883576	0.0002671706155608	9.941919058372407e-06	7.138013781913679e-08	0.0025539137910461	-0.0001839008029485	6.5224756520954615e-06	3.3819505325103056e-08	0.0	0.0	0.0	0.0	0.0	0.0	0.0	0.0	0.0	0.0	0.0
592.3172039718534	0.6255934248620179	350839.67012103414	0.3913671332305892	737.0473718287044	-5.289868493297831	543238.8283196004	27.982708676385062	631.8466050249975	-0.6458458090728527	0.4171168090969677	399230.1322816152	646.9919526134277	473.0994895088394	0.927903	20.745556	0.2020678304909892	0.1124594147443754	0.026592318	-0.0393202204	-0.0187352381	0.0306904623	-0.0655244316	-0.0009823604	-0.0919288943	-0.0755283296	0.0253419935	0.0129392802	0.0152623322	-0.0016208698	0.037585168	-0.0419126323	-0.0671394008	-0.0203961127	-0.0151812561	-0.0983751468	-0.0306706666	0.0313843281	0.0480046224	-0.0107734158	0.0238684336	-0.1056677737	0.082132045	-0.0361640678	-0.0747212646	0.0033937945	0.0227251116	0.0993521383	-0.0128973934	0.0356681684	0.069991033	0.0135940532	0.0674351143	-0.0060196936	0.0754653629	-0.0935996265	-0.0528927898	0.0037948217	0.0572710441	-0.0512686578	0.0656350048	0.0012568641	-0.0887985799	0.0405548379	-0.0178121565	0.0604516618	0.092343973	0.0171594708	-0.0016184433	-0.1137226815	0.0573586614	-0.0271609923	0.0216424439	-0.0080711267	0.0324379605	0.0561337701	0.0067022905	-0.0526604654	0.0030404175	-0.0235249991	-0.0142611052	-0.0098305289	0.0829809805	0.0453776406	-0.0496524904	-0.001643608	-0.0659753884	0.0515262643	-0.0154057996	-0.005322207	0.0627449073	-0.0453360609	0.0378357415	-0.0344290297	-0.0427845796	-0.1232043325	0.0492027807	0.0406613469	0.0214736385	-0.021122815	-0.0436141247	0.0751873449	-0.0381069493	0.004286062	-0.0664831046	0.0660058545	0.0770357408	-0.0647487694	-0.0376696819	-0.0240152114	-0.1198014058	0.0384424682	0.0440840637	-0.0604877106	0.0742702408	0.0873060446	-0.0303951421	-0.0289063217	0.0243533265	0.0398369856	0.0033208453	0.0192231496	-0.0314497152	-0.0504197116	-0.0331136053	-0.0642706256	-0.01482762	0.0042745987	-0.0122738801	0.0496352179	-0.0631238845	0.0415408423	0.0477040396	0.0236806051	0.0405859236	-0.0440124803	0.0134763435	0.0451635587	0.0358999405	-0.0263043937	0.007619486	0.075728103	-0.0873425944	0.05194172	-0.0031647768	0.0	-0.0472060431506093	-0.0225514605620844	0.0022284105099371	0.0005085683734832	-0.0610081012826384	-0.0980500062497923	0.0096138037255843	0.0037219884221126	0.6539698805022667	0.0221040106937024	0.0004885872887473	0.4276766046041489	0.0151916419035602	0.000777102714029	0.000230785983726	6.038886281513927e-07	0.002925966409657	-0.000227114473919	8.561279430441076e-06	5.1580984263504147e-08	0.0027369436628062	0.0001830298717601	7.490860613375019e-06	3.3499933956518736e-08	0.0	0.0	0.0	0.0	0.0	0.0	0.0	0.0	0.0	0.0	0.0
592.7291886712784	0.4119846994250338	351327.891102912	0.1697313925603354	740.3337091469666	3.2863373182622126	548094.0008993053	10.800012969402871	632.5448542181051	0.6982491931075856	0.4875519356753943	400112.9925978039	648.4257407375251	479.4268304757904	0.918604	20.537651	0.2172291400564842	0.129335269658317	0.0084376643	-0.0185591882	-0.007025552	0.0513998477	0.0206461562	-0.0522578671	-0.0447449562	0.0448569238	-0.0467468659	0.0255585348	0.0212745326	0.0512270731	0.0459723279	-0.0002446581	0.0744299512	0.0552730779	-0.0583733022	-0.0419815382	0.0280117062	0.0492825142	-0.1429784734	-0.0285608698	0.0198243413	0.0421036192	0.1917209688	0.0259226238	0.0455127641	0.022798544	0.017240857	0.0338703926	0.1246495247	-0.0321668856	0.0557203642	0.0371193403	-0.0382740577	-0.0305057453	-0.0002064225	-0.0642931647	-0.0939641316	-0.0359926171	0.0001837166	-0.0394407111	0.1225210433	0.0554637531	-0.0862602514	0.0736571682	-0.0065234546	0.0594178256	-0.030996686	0.0222953022	0.0037692985	-0.0439577985	-0.0413917907	-0.0067724253	-0.0329447956	-0.0473593397	0.0602488319	-0.0171811321	0.0061763255	-0.0092490108	0.0568470605	-0.0527374298	0.0285356366	-0.0520552861	-0.047143298	-0.0383849046	-0.0616988415	0.0360089217	0.1189351884	-0.0662389337	-0.0463198092	-0.0335235882	-0.0271954057	-0.0365447094	0.0555395921	-0.0615981865	-0.0245651239	-0.0630685292	0.045501831	-0.070000248	-0.0343261775	0.004341037	-0.1093309598	0.0751452166	-0.1061534931	-0.0579148346	-0.1074410729	-0.0553761196	0.1685872528	0.0394991585	0.0004156918	0.054619798	-0.057339433	-0.0059710208	0.0100627609	-0.0239233611	0.0484959841	0.0830551125	-0.1474147113	-0.0277468904	0.0052365597	0.0184546033	-0.00017693	0.0093577997	0.0753153417	0.0527464818	0.0370208471	-0.0170044678	-0.0750438747	-0.0317837516	0.0589291555	0.0053226177	0.0436555388	-0.0036490288	-0.0068280769	0.0780041386	0.0181852368	0.0579129294	-0.0035359812	0.0133947085	-0.0153096626	-0.1336427907	0.0313979115	0.0300898982	-0.0881085353	0.0546226962	-0.0079050419	0.0	-0.023707985046343	0.0234980581042663	0.0005620685549576	0.0005521587346714	0.0500188532778906	0.111026954560529	0.0123269846389857	0.0025018856832351	0.7154362176168405	0.0614663371145738	0.0037781105982824	0.5118489814778912	0.0151917464724091	1.0456884890104601e-07	0.0002307891608819	1.0934644160489792e-14	0.0029192897698409	-6.676639816100005e-06	8.522252760297736e-06	4.457751923393191e-11	0.0023189690659289	-0.0004179745968772	5.377617528735155e-06	1.747027636347414e-07	0.0	0.0	0.0	0.0	0.0	0.0	0.0	0.0	0.0	0.0	0.0
591.6843163340718	-1.0448723372065842	350090.330195718	1.09175820105955	739.7566667612163	-0.5770423857503602	547239.9260176652	0.3329779149524674	631.0654736404899	-1.4793805776151885	2.188566893425049	398243.6320210959	647.7983946532163	471.20847543638354	0.94265	21.075251	0.1875469894705509	0.152626618893507	0.0137952069	-0.0194010837	-0.014953911	0.0361294686	0.0638960267	0.0281487397	-0.0256639501	-0.0660933165	-0.0201402993	-0.076837149	0.0265150913	-0.0360993504	0.0027812584	-0.0187202226	0.0037094465	-0.1040384044	0.0818402711	-0.1206812515	-0.0395269098	-0.05913697	-0.0527381227	-0.0706342046	0.0975877473	0.0206797423	-0.1205413338	-0.0323752079	-0.0374289942	-0.0605362899	0.1116281268	0.1318671461	-0.1095821511	-0.044760818	0.0197241423	0.1431491931	0.0662685819	-0.0774528382	-0.0185338671	-0.0196480142	-0.0700145259	-0.0365524737	0.0348843302	-0.0204062531	0.0298010887	-0.0133341916	-0.0014287439	-0.0053793348	0.033859312	-0.0474742014	-0.0297961134	-0.0110451016	0.055778727	-0.032485868	0.0872577611	-0.013850879	-0.1076750809	0.1723784427	-0.0445177198	0.0430665964	0.0143284309	-0.0195835219	0.0261888882	0.0503099066	-0.001697046	-0.0150968015	-0.0366066274	0.0584066117	-0.0387829572	0.0346315386	-0.0486107471	0.0982441046	0.0339623111	0.0142728502	-0.0680318431	-0.0542208477	0.0521719002	-0.0309994813	0.0084468349	-0.0460598086	-0.0820268838	0.0797371979	-0.0662520682	0.0680448663	-0.0633764892	0.1750917624	-0.0387045319	-0.0597422839	-0.062915615	-0.0420736629	0.0266185746	0.0137871565	0.1016365901	-0.0656297131	-0.0865748442	0.0529282106	0.071401959	0.0079467682	0.0570363003	-0.0547959331	0.043338966	-0.0705666783	0.0099562291	0.0187119822	-0.0062951378	-0.0058708587	-0.0195154962	-0.0522861461	-0.0028101636	0.0534173117	-0.0109847765	0.0462899218	-0.0388385416	0.06462634	-0.0558716101	0.0707698922	-0.0008131938	0.0825282543	0.0207368495	0.0300689971	-0.0167754567	-0.0473499749	-0.0014694131	-0.0569318318	-0.0278431046	0.0594541119	-0.0888525176	0.0572492232	-0.012627579	0.0	-0.0237842143896358	-7.622934329280101e-05	0.0005656888541321	5.810912778851707e-09	-0.0966704806028388	-0.1466893338807294	0.0215177606743721	0.0093451818199838	0.6985532723420818	-0.0168829452747587	0.0002850338411504	0.4879766742998306	0.0156628069128705	0.0004710604404613	0.0002453235203898	2.218979385676871e-07	0.0029203896547449	1.0998849039999675e-06	8.528675735541036e-06	1.2097468020470177e-12	0.0023247783599989	5.809294069999971e-06	5.404594423119176e-06	3.3747897591736816e-11	0.0	0.0	0.0	0.0	0.0	0.0	0.0	0.0	0.0	0.0	0.0
591.9676269278833	0.2833105938115068	350425.6713306297	0.0802648925658286	740.0208079864375	0.2641412252212376	547630.7962528998	0.0697705868613765	632.5747873558188	1.509313715328858	2.2780278912798013	400150.86159825936	649.3399509254468	479.304469105793	0.975077	21.800243	0.1770486224540617	0.1165828813365523	0.0151440948	-0.0145613591	-0.0013817628	0.0266822189	0.0276135582	-0.0383432539	0.0218555865	-0.0203921654	-0.0336827698	0.087820878	0.0246238938	0.0659690822	-0.0114371649	-0.0440990801	0.0063072755	-0.0376038585	-9.5191e-05	-0.0140701968	-0.0074110147	0.033294113	-0.0787728973	-0.0607589185	-0.0294469989	-0.1126091641	-0.06600441	0.0490420451	0.0195289881	-0.0574375623	0.2091251457	0.0355678	-0.0439996804	0.0384011829	-0.0079034847	0.0347122934	0.0659377288	-0.0401933641	0.0659012231	-0.0458437786	0.0993640199	0.0258925344	-0.0220169288	0.0111826721	0.0500735419	0.0300479053	0.042868224	-0.083908181	0.0600620695	0.0704841285	0.0294310491	-0.0201845485	0.0917516595	-0.1416338338	-0.065863513	-0.1252510835	0.0027838498	-0.1138035228	0.0341847132	0.0223080828	0.0078665649	0.0132898955	0.0941183105	-0.0045286156	-0.0176468573	-0.0443763693	0.0674663191	-0.0068451336	0.039238975	0.0570982421	0.028232577	0.027921275	0.043686341	-0.0261911709	0.0031002405	0.0198798785	0.117209022	0.0065729889	-0.0125847065	-0.1049213946	0.0689282124	0.0285373935	0.0562282809	-0.023746936	-0.1619501419	0.0710122512	-0.0411530427	-0.00073442	-0.0897664085	0.0811321126	0.0200162498	-0.04888101	0.0522056729	-0.0212571368	-0.0258618053	0.0173735403	0.1062017845	-0.0236140236	-0.0031839415	-0.0220437858	0.1083982923	-0.0834039126	0.0097745431	0.0301083811	-0.0110764579	0.0218574833	0.0432123641	0.0179848354	0.0203597053	-0.0626809325	-0.0657254932	0.0197575739	-0.0345959193	-0.0825992042	0.0729764939	0.0325287736	-0.0075260096	0.0676197308	0.0061075292	-0.0038060572	-0.0399807597	-0.0598103441	-0.0046751389	-0.0971354186	0.0236148512	0.0281098574	-0.0895743561	0.0598186829	-0.0173217973	0.0	-0.0335313701846615	-0.0097471557950256	0.0011243527864608	9.500704609250306e-05	0.0121009518385903	0.108771432441429	0.0118312245153603	0.0001464330353998	0.6973127306635547	-0.001240541678527	1.538943656162715e-06	0.4862450443454632	0.015122933368138	-0.0005398735447324	0.0002287031136571	2.91463444302033e-07	0.002520789288622	-0.0003996003661229	6.354378637631408e-06	1.5968045260555588e-07	0.0025310942999251	0.0002063159399262	6.406438355113333e-06	4.2566267067631426e-08	0.0	0.0	0.0	0.0	0.0	0.0	0.0	0.0	0.0	0.0	0.0
590.1233445606521	-1.8442823672312445	348245.5617954501	3.401377450080082	741.6747294065864	1.6539214201488903	550081.4042403331	2.735456064027322	630.8162384513039	-1.758548904514896	3.092494249570541	397929.1266938523	648.9321171697197	471.25979900081256	0.926413	20.712242	0.1512189857400813	0.1050028239894609	0.01501664	-0.0050351962	-0.0339202439	0.0562027634	0.0895690643	-0.0264994045	0.0787260811	-0.0625347416	-0.0294694917	-0.0107636172	0.0107067726	-0.0387776129	-0.1277752087	-0.0881672053	0.0337183451	-0.0532158572	-0.0640916653	-0.1682851649	0.0937747562	0.0320398046	-0.0504790302	-0.185300687	-0.0736735026	0.0535332204	0.0546086117	0.0344968213	0.0365517321	-0.0760778204	-0.0340299029	0.0079104229	-0.007907148	0.0410395407	0.1262778362	-0.0709458778	-0.0023789148	-0.0103343848	0.0479543179	0.0342412535	-0.0173560274	0.0317936494	0.0337213585	-0.0437671497	0.0339246505	-0.0361934228	-0.0357943111	-0.0874268676	-0.0549318258	-0.0481429987	-0.0706312099	-0.1325375772	0.0381317841	0.1076301828	0.1032451812	-0.035448828	0.0780943697	-0.044785921	0.0100563767	-0.0423700708	0.0156449293	0.0130940498	0.0849838729	0.1516525526	-0.0180029812	-0.005436464	-0.0415469552	0.0716236501	-0.002094454	0.0808598449	0.0100438927	0.0451607927	-0.07543796	-0.0293309941	-0.0123318972	0.0489887363	0.2066540596	0.0192042341	0.0277524569	-0.0784076087	-0.0359967678	-0.0694007559	0.0437579355	0.130288363	0.0045593677	0.029932998	0.0765657597	-0.1268693064	-0.0971328038	-0.0508585685	-0.0169281125	-0.0481622521	0.0053844384	0.0025019974	0.0802531025	0.0346476276	-0.0204384941	-0.0031024014	-0.0157722888	-0.048125884	-0.0538720229	0.1069871605	0.0121635226	0.0260472584	-0.0134837585	-0.0025694486	-0.0253406524	0.0008479029	0.0122913019	0.1062220284	-0.0201635473	0.0807214434	-0.002514349	-0.0246178857	0.0246654497	0.0939205294	0.0311244013	0.0306688514	-0.0111988786	0.0463314316	-0.0762646187	-0.0719181074	-0.0539748294	-0.0614841751	-0.0672355409	0.0675682837	-0.0902738707	0.0623285141	-0.0219771695	0.0	-0.0317240495392212	0.0018073206454402	0.0010064153191669	3.266407915434741e-06	-0.077625974396156	-0.0897269262347462	0.0080509212915356	0.0060257919009526	0.6990303930728246	0.0017176624092698	2.950364152218702e-06	0.4886434904395476	0.0160118244008064	0.0008888910326683	0.0002563785206422	7.90127267958292e-07	0.0027299566358052	0.0002091673471832	7.452663233376846e-06	4.375097912765744e-08	0.0024698111507642	-6.12831491609003e-05	6.099967120439181e-06	3.755624371077154e-09	0.0	0.0	0.0	0.0	0.0	0.0	0.0	0.0	0.0	0.0	0.0
590.1484629584937	0.025118397841652	348275.20833227265	0.0006309339101315	738.0686564465282	-3.6060729600582135	544745.3416287833	13.003762193263006	632.107941681484	1.2917032301801328	1.6684972348577891	399560.4499368024	648.9313501101336	473.5071516232184	0.944786	21.122999	0.1854187115583513	0.1182596948841886	0.0029756973	0.0045157443	-0.0175163336	0.0202281899	0.02132789	-0.0065074577	0.0870719905	-0.1005123066	0.006255488	0.1278923118	0.0116353671	0.0425548772	-0.096243239	-0.0416530074	-0.0949380315	-0.0244580374	-0.0280007584	0.0232179314	0.0376692368	-0.0634517353	0.0625302592	0.0549125527	-0.0144337734	-0.0058153471	0.0314975869	-0.0089119699	-0.0565299662	0.0445778646	0.0216340562	-0.0296053968	-0.0856145411	-0.0367580341	-0.0167537925	-0.1229251543	0.1428621667	0.0534230319	-0.0259153009	-0.116837908	-0.054712107	0.0523836616	-0.1743651268	-0.051378506	0.0899851736	-0.0675785477	-0.0619557605	-0.0315401216	0.0994120088	-0.0991271258	-0.0645845264	-0.0156788234	0.0440870251	-0.0758453158	0.027740815	-0.0175385026	-0.0120623914	0.0065616357	-0.011069348	-0.0792801991	0.0078730653	0.036301102	0.0750597912	0.0854144737	-0.0195348203	0.0084678213	0.1105671263	-0.0165314749	-0.002923994	0.0479423794	0.0095392261	0.005401906	0.0047860392	-0.0421988926	0.0671267768	-0.0731784802	-0.0402280277	0.010109595	-0.0447165721	-0.0341146761	-0.0140194682	-0.0035111061	-0.0117579469	-0.0030767732	0.0181357367	0.0212061759	0.0801623114	0.0153657726	-0.0433627712	-0.0157747259	-0.0929221744	-0.0453368393	0.0742212388	0.0199696808	0.0702061672	0.0605072577	0.0398407411	-0.0836141972	-0.1333192467	0.0705456091	-0.0766301858	-0.0249535608	0.0058118433	0.018342294	-0.0238585747	0.0319552449	0.0389052536	0.0175753065	-0.0124482777	-0.0878358084	-0.0221656066	0.0043112816	-0.0769596722	-0.1003479906	0.1102109184	0.054000666	0.0719453039	0.021769088	-0.0494685951	0.04020902	-0.0066039595	-0.0567404747	-0.0031545424	-0.0739267764	0.0390662123	0.0526148963	-0.0909508872	0.0647762149	-0.0265832553	0.0	-0.0408436741185198	-0.0091196245792986	0.0016682057154998	8.31675524673472e-05	0.0302244546841308	0.1078504290802868	0.0116317150528019	0.000913517660953	0.7331669915788055	0.0341365985059809	0.0011653073575585	0.5375338375407163	0.0156785734286079	-0.0003332509721984	0.0002458176647562	1.1105621047124477e-07	0.0024510993709359	-0.0002788572648693	6.007888126202365e-06	7.776137417038697e-08	0.0025439441015521	7.413295078789999e-05	6.471651591821721e-06	5.495694392521202e-09	0.0	0.0	0.0	0.0	0.0	0.0	0.0	0.0	0.0	0.0	0.0
588.9938371396735	-1.15462581882025	346913.7401885162	1.3331607814863329	739.0674307415594	0.9987742950312396	546220.6671829297	0.9975500924151496	631.4886306666729	-0.61931101481116	0.3835461330664289	398777.8906612696	648.7025080068352	467.6301898788988	0.916532	20.49132	0.1630299408376723	0.118900008941647	0.0027080608	-0.0007448854	0.0009237312	0.0375622013	0.0505580825	0.0285730486	0.1027707423	-0.0289522951	-0.0364426683	-0.0384253142	0.0017817177	0.0137837798	-0.1065446538	-0.0901924947	0.0523818398	-0.0618114924	0.0269806387	-0.194610773	-0.0075524687	0.0305973352	0.0297078444	-0.0425353351	-0.016834068	-0.0121338641	-0.0023943806	0.0075793085	-0.0440584133	-0.0612479159	0.0432957651	-0.0204629037	0.0743121909	-0.1105130398	-0.0934257455	-0.0221607351	-0.0465660878	0.0121301477	0.0216019965	-0.0081775865	0.0425425872	0.0889892401	-0.0070260073	0.0096740095	-0.0832059065	-0.1458331538	-0.0633609363	0.0472312433	-0.0939748522	0.0482369081	-0.0069331562	-0.0743123648	0.0363094065	-0.1440934463	0.0346003806	0.0853768539	-0.1172882983	0.1937079395	0.0295977252	-0.0011583914	0.0079225488	0.0191370136	0.0706907004	0.1181656024	-0.0199625978	-0.0254204744	-0.0122662883	-8.69581e-05	0.0320076083	0.0194215236	-0.0296690505	0.0727978525	-0.0473935846	-0.0046773768	0.0098413327	-0.0325809902	0.0346823374	0.1052194841	-0.019152385	-0.0554188122	-0.0994536759	-0.0546644218	-0.0059214792	0.0493843226	-0.127889094	-0.0283577714	0.0540431006	-0.0023030622	-0.0351501854	0.0287026728	-0.0145006673	-0.0378374198	-0.0977196548	-0.0713687958	0.0565880353	0.0756210384	-0.0537629105	0.0797247438	0.0187061302	0.0437768302	-0.1128456534	0.1202488508	0.002131059	0.0109454307	-0.0183556378	-0.0026651508	-0.053848096	0.0570375078	0.0246438525	0.1076349716	0.0150581556	0.0344292839	0.0201823016	-0.044932943	0.0264989412	0.0662075538	0.0829253556	-0.066286838	-0.0231135669	-0.0082608786	-0.0093464626	-0.0522506768	0.0043242605	-0.0618846225	0.0124095815	0.0451895615	-0.0916052369	0.0671593453	-0.031129725	0.0	-0.042834111170805	-0.0019904370522852	0.0018347610797928	3.9618396591098025e-06	-0.0824530729083363	-0.1126775275924671	0.0126962252243511	0.0067985092320274	0.7359879770511455	0.0028209854723399	7.957959035153324e-06	0.5416783023638375	0.0162166750133465	0.0005381015847386	0.0002629805484884	2.895533154981932e-07	0.0026288884968392	0.0001777891259032	6.911054728813468e-06	3.160897328945937e-08	0.0027388732053218	0.0001949291037697	7.501426434829711e-06	3.799735549645856e-08	0.0	0.0	0.0	0.0	0.0	0.0	0.0	0.0	0.0	0.0	0.0
590.0371668814953	1.0433297418218217	348143.85830154154	1.088536950169989	737.8254393898105	-1.2419913517488794	544386.379010767	1.5425425178190086	632.6194195537447	1.1307888870718443	1.2786835071251803	400207.32999651687	648.9868813145912	470.0853556513089	0.907021	20.278677	0.1863177834669641	0.1294615764300046	0.0018423468	-0.0049169893	-0.0148452296	0.0159643996	-0.0114411627	0.007325991	0.0587894378	-0.0901574031	0.0673300066	0.0345832153	0.0112467868	0.0536776297	-0.0454504654	-0.0530081941	-0.0814325302	-0.0414450617	-0.0153153925	-0.037325644	-0.0111275574	0.0011467775	-0.0570311438	0.0947062609	0.0011170141	-0.0917497911	-0.0809569554	0.0846895449	0.0669632685	-0.0312613883	0.0067119276	0.0031047481	-0.0065997805	0.110418776	0.0743950094	0.0382854685	-0.0853770579	-0.0513935069	0.0618080953	-0.0299748852	-0.0791801052	0.0090705922	0.0025775211	0.0283134431	0.0266480256	0.0542189905	0.1950539328	-0.1149255342	-0.0838986249	-0.1329994626	0.0508772598	0.0136944245	0.130065228	0.1002689999	-0.0570572215	-0.0960738398	0.0295959819	0.0502039158	-0.0544106646	-0.0940238961	0.0048605639	0.0140958229	0.0619059902	0.0623447581	-0.0174182751	0.0049509306	0.1308345403	0.0300177917	-0.0027302709	0.024890223	-0.0521252097	0.0348327919	0.0228220436	0.0123190793	0.0684492873	-0.0413259001	0.0535385351	-0.0249588628	-0.030370633	0.0465786885	0.0361727401	-0.0281737934	-0.0093828635	-0.022646829	-0.015129957	-0.0615994773	0.012172289	0.0219270643	-0.1411304777	0.0295748251	0.0518512681	-0.0449373375	0.051438994	-0.0835790748	0.0167861929	0.0056962878	0.1056701092	0.0174612879	0.0266562673	-0.0649284218	0.1621171753	0.0590826811	-0.0007075413	0.0125757249	-0.0152019822	0.0045187379	0.0663476985	-0.0266723574	-0.031198646	-0.0596772776	0.0645800214	-0.0717323933	-0.0586967059	-0.05327591	0.0352653808	-0.0117678113	0.0639192159	0.054108996	-0.0625159988	0.0213870184	0.0439903169	0.0184485771	0.0129149805	-0.0591868135	0.0499248382	0.0355227023	-0.0922367566	0.0694755299	-0.0356063828	0.0	-0.0234692727338909	0.0193648384369141	0.0005508067626577	0.0003749969676877	0.035406203639738	0.1178592765480743	0.0138908090684354	0.0012535992561785	0.7327454405794498	-0.0032425364716957	1.0514042770276805e-05	0.536915880689972	0.0154337378411529	-0.0007829371721936	0.0002382002637494	6.129906156025117e-07	0.0024988224082507	-0.0001300660885884	6.244113427975828e-06	1.6917187400711447e-08	0.0027428925847453	4.019379423500068e-06	7.5234597314507534e-06	1.6155410950055742e-11	0.0	0.0	0.0	0.0	0.0	0.0	0.0	0.0	0.0	0.0	0.0
588.9991175239071	-1.0380493575881928	346919.9604439413	1.0775464687892595	737.4217048739991	-0.4037345158113794	543790.7708192755	0.1630015592574489	630.8477989052826	-1.7716206484620898	3.1386397220572357	397968.9453836399	647.4268712006395	466.3675684848724	0.9296930000000002	20.785568	0.1662811569611153	0.1141257221045004	0.0080773549	-0.0177339771	0.0007014374	0.0257593362	-0.0313136545	-0.0022731846	0.0447954578	-0.0159212043	-0.0337632328	-0.0378229156	-0.005613959	-0.039132767	-0.0683771228	-0.0564826679	-0.0801311201	-0.0425019496	-0.027578486	0.1219946745	0.0731619799	-0.0098530621	0.0509742743	0.0137402186	0.0586294847	0.0337051006	0.004176325	0.005923534	0.064492458	-0.1199873514	-0.0125535897	-0.0254681198	0.0483364499	-0.0277212718	0.0393599034	-0.0755319201	-0.1149529958	-0.007780474	-0.0071093563	-0.0197846787	-0.0797635558	-0.0022768686	0.0319805794	0.0552593643	-0.0133860217	-0.0042667319	0.0500818026	-0.1197686437	-0.065549785	-0.00315375	-0.0200374842	-0.0784609131	-0.0477804845	0.113383768	-0.034221309	0.002458014	-0.046520466	-0.0089127876	-0.0341103479	0.0901421312	0.0051040723	-0.0199813047	-0.0028656577	0.0705567036	-0.0340412886	0.0149404705	0.0056732794	-0.0756181399	-0.0054985044	0.0024975509	0.0286909701	-0.0087100682	-0.0181409229	0.0056700553	0.0872301858	0.0258178674	-0.0446002514	-0.0086690518	-0.0732325177	0.0457280833	-0.0943963203	-0.0128964481	0.001263141	0.0539611286	0.0226024942	-0.1466532978	-0.0112663035	-0.0437889253	-0.1319816327	0.0082550802	-0.062532896	0.0415380515	0.0124187038	-0.0105577953	0.0355291417	-0.0342653278	0.0106500583	0.065363554	0.0044846565	-0.0072353421	-0.0293581136	0.1970283828	0.0032733004	0.0200413808	-0.0164134448	-0.0126101658	-0.0677933096	0.0953254548	0.0218209132	0.0635680417	0.0055799547	0.0030946228	0.0525657369	-0.0189947781	0.0074588011	0.0437940796	0.0938718456	-0.0544937136	0.0249960641	-0.0434287194	0.0378516293	0.0223224793	0.055368467	-0.0785542152	0.0534596279	0.0029533854	-0.092845289	0.0717224597	-0.0400031891	0.0	-0.0331944932719636	-0.0097252205380727	0.0011018743835824	9.457991451415114e-05	-0.068428822162545	-0.103835025802283	0.0107817125833607	0.0046825037025532	0.7166539937012502	-0.0160914468781996	0.0002589346626339	0.5135929466879515	0.0160040299275866	0.0005702920864337	0.000256128973923	3.252330638489033e-07	0.0023376132022367	-0.0001612092060139	5.46443548327132e-06	2.598840810366428e-08	0.0027439805671488	1.0879824035000057e-06	7.529429352890251e-06	1.1837057103256489e-12	0.0	0.0	0.0	0.0	0.0	0.0	0.0	0.0	0.0	0.0	0.0
590.8413017070108	1.8421841831036545	349093.4438028349	3.393642564477279	738.9152732627521	1.4935683887529194	545995.7810609676	2.230746531881992	631.743659541292	0.8958606360093881	0.8025662791511454	399100.0513706239	647.5796457579838	467.8351826054311	1.011431	22.613026	0.1686859305576308	0.0994819692410576	-0.0026973144	-0.0113395181	0.0082167114	0.028921021	-0.0171044505	-0.0118890172	-0.0057233161	-0.0708748572	0.1164009221	-0.0242618723	-0.0238778216	-0.0096255963	0.0204844648	-0.0340984887	-0.0617717448	-0.0027392753	0.0126155566	-0.0005299605	-0.0259930101	0.0519618311	-0.0719124261	-0.087627996	-0.0549762996	-0.0968199713	-0.0399714546	-0.0543120588	-0.1224779514	0.0494083901	-0.0183335687	0.0168150871	-0.0319166933	0.0541887766	-0.1228983279	0.1080707417	-0.066327052	0.0254866602	-0.0907698077	-0.0310326601	-0.0715017789	-0.0067395799	0.0621091722	0.1064014219	0.1205847532	-0.004596762	-0.0276874832	0.0069644012	0.0306628786	-0.1230751595	0.0571364768	0.0814491061	0.0231889501	0.0910285109	0.0955406661	0.0852214693	0.0727498062	0.0114065405	0.0618184331	-0.0608261392	-0.0136986622	-0.041055625	-0.0067782656	0.0099341762	-0.0245014708	0.0195473384	0.0984505964	0.0302983953	-0.0459462237	-0.073301312	-0.0426794671	0.0416577664	0.046111525	-0.0493793005	0.0282928436	0.0866877714	0.0687400246	0.0299718681	-0.028226431	0.0363201215	-0.066194112	0.0051943384	0.0384360956	-0.0267760195	0.0321018908	0.011377937	-0.0131422183	0.0134816428	0.0311707257	0.1260269949	0.0826172445	-0.0462438171	0.0865802761	-0.0531729421	-0.1096465014	-0.0174264474	0.0225524782	0.0924547291	0.0880771609	-0.1365636795	-0.0256034179	-0.10523241	-0.0062616561	0.0157364075	-0.0119170581	0.0374363203	0.0931210349	-0.1101228769	-0.0422452461	-0.029421568	0.0465728824	-0.0995442308	-0.053493387	0.0166716567	0.0093354743	-0.0308073333	0.0017576071	0.0532192473	-0.0710140035	-0.0187920133	0.0212187463	0.0019909776	0.0511491298	0.0051934069	0.0100002807	0.074563015	-0.0934306823	0.073897895	-0.0443102836	0.0	-0.0392952489534508	-0.0061007556814871	0.0015441165903136	3.721921988519834e-05	0.0076817824303532	0.0761106045928982	0.0057928241314964	5.900978130728312e-05	0.7416695854719606	0.0250155917707104	0.0006257798316388	0.5500737740141499	0.0151894662875012	-0.0008145636400854	0.0002307198860991	6.635139237491778e-07	0.0019310155735059	-0.0004065976287308	3.72882114512232e-06	1.6532163168950958e-07	0.0027519988685833	8.018301434500018e-06	7.573497772683764e-06	6.429315789450505e-11	0.0	0.0	0.0	0.0	0.0	0.0	0.0	0.0	0.0	0.0	0.0
589.8336004578305	-1.007701249180286	347903.6762290476	1.0154618075995092	734.0173260067509	-4.897947256001203	538781.4348781008	23.98988732256971	629.7253874772749	-2.018272064017083	4.073422124391776	396554.063633404	646.0439794303205	466.8911127096032	1.06506	23.812038	0.1534314635314992	0.1106707087611696	0.0009432606	-0.0119778568	0.0001251381	0.0165095286	-0.1023031476	0.0358748745	0.0068813918	0.0764176613	-0.1247385881	0.0061391934	-0.0167330737	-0.0962884582	-0.0070587879	0.039943309	0.0204617328	-0.002060782	-0.0491892677	0.0066701373	0.0613690124	-0.0193993748	-0.1424617373	-0.0531284878	-0.1376600852	0.0302874319	-0.0060129573	-0.1202422927	-0.0036489019	-0.1155267199	0.0425478157	-0.1107768552	0.079880578	-0.0433853656	-0.0900559802	0.0365446591	0.1527012677	-0.0414423847	0.066680563	0.0260694515	-0.0746547522	0.080444919	-0.1234395939	-0.0965732197	0.014962395	0.0576072556	0.0810705167	-0.0173861447	0.1288817159	0.045493687	0.0183995071	-0.0627733706	-0.0468687922	0.0251541572	-0.0404132912	0.0906092216	0.0275165414	0.0276814063	-0.056056884	0.002008895	-0.0080636765	-0.0239147542	-0.0763152825	0.0007068548	-0.0214651717	-0.0359966563	-0.0355097539	-0.0371832451	0.1024814321	0.0750169003	0.0813292859	-0.0631937884	-0.0365129154	-0.0428726452	-0.0481497722	-0.0108750807	0.048311174	0.1057169259	0.0478113008	-0.0694052139	-0.0862182976	0.1011071413	-0.05586359	0.0925867527	-0.0216843722	0.0263667467	-0.0142040984	0.0350257957	0.043013913	0.0715664063	0.1112235836	-0.1838000413	-0.0210592605	-0.0031603371	-0.018532874	0.1172170042	0.1280797567	-0.0092628483	-0.0578388546	0.0689998061	0.0946252644	0.1207101641	0.0065371406	0.0260835809	-0.0221745363	0.0035084143	-0.0827487191	0.1073088878	0.0412698729	-0.0126950867	-0.0453965529	-0.0031137293	0.0178374703	0.0202340117	-0.0332602931	0.0901936367	-0.0044932616	0.064247174	0.0785023526	-0.0894499873	-0.0567063614	-0.0023427729	-0.0402602926	-0.0890913602	-0.0070291573	-0.0257284068	-0.0939927908	0.0759996673	-0.0485180071	0.0	-0.0403728978353541	-0.0010776488819033	0.0016299708796239	1.1613271126674343e-06	-0.0767016210794793	-0.0843834035098324	0.0071205587879032	0.00588313867622	0.743957055750954	0.0022874702789934	5.232520277278386e-06	0.5534721008016281	0.0164055432608737	0.0012160769733724	0.0002691418496843	1.4788432051668173e-06	0.002025179917753	9.41643442471001e-05	4.101353699270049e-06	8.866923727486374e-09	0.0027485813689875	-3.41749959580041e-06	7.554699541945199e-06	1.1679303487295964e-11	0.0	0.0	0.0	0.0	0.0	0.0	0.0	0.0	0.0	0.0	0.0
591.2542356805249	1.4206352226943864	349581.5712101616	2.018204435959929	738.5070110653446	4.48968505859375	545392.605392669	20.157271925359964	631.6732294814392	1.947842004164272	3.794088473186688	399011.0688435109	647.3153744881157	452.6653944483975	1.394727	31.182549	0.4861027466897012	0.3466466939226759	-0.090548664	0.1413125743	0.0639869098	-0.0874258897	0.1168286019	-0.0966705206	-0.0895666431	0.1028410587	0.1260991535	-0.0163429556	-0.0751557095	0.0363989831	-0.0423797603	0.1495583035	-0.0170600801	0.0117238571	0.0598345439	-0.063663976	-0.0620321159	0.0029978809	0.0158219258	0.0012206541	0.0261925173	-0.0160649585	0.1070634595	0.0651813539	0.0551561943	0.1036804678	-0.1672263517	0.0926138912	0.0621073452	-0.049348585	-0.0416475773	0.0601899088	0.0112438856	0.0440270137	-0.050891451	0.0150050953	0.0732698024	0.0167794267	0.1451123704	0.0816226273	0.0097345127	-0.0879627535	-0.0742340497	0.0567738345	-0.1165746368	-0.0550108089	0.0292463975	-0.0715742704	0.0440470149	-0.0281448893	-0.0489297669	-0.0106546385	0.045372526	0.0689359673	-0.0431903143	0.0062440461	-0.0501735768	0.1173313759	-0.0477980246	-0.0494588661	0.0666244733	0.0360897626	-0.0255679447	0.0890382653	-0.0419824808	-0.1359738506	0.0447573467	0.1585271021	-0.1300933708	-0.0236307771	0.0531216579	0.0894936884	0.0058871613	-0.0793042188	-0.0118835661	-0.0943352622	0.0083872685	-0.0538153214	0.043229482	-0.0221714788	0.056296744	-0.0325592925	0.0309797961	0.000153728	0.1051488154	-0.0136764516	0.0664016912	0.0801040573	-0.0425590532	-0.011784288	-0.0728951707	0.1189905411	-0.0857309949	0.0987686045	0.0369851988	-0.0339704723	-0.0417719338	0.0232515657	-0.0597637189	-0.118816836	-0.0584455549	0.1471777844	0.146898449	-0.0845450861	0.0106244353	0.0877693773	0.060732723	-0.0289375411	-0.076567853	0.0671540435	0.0704605982	-0.0752405216	-0.1363062332	0.0986820423	-0.0297415521	0.0206893224	0.169317359	-0.0478207526	-0.009733895	-0.0139436596	-0.029688155	0.0030886037	-0.0945314743	0.0780256814	-0.0526169234	0.0	-0.0222979348201306	0.0180749630152235	0.0004971978972427	0.0003267042880016	0.0102451852462763	0.0869468063257555	0.0075597471302484	0.0001049638207305	1.083986536355951	0.340029480604997	0.115620047680504	1.1750268110009716	0.0167676679408333	0.0003621246799596	0.000281154688174	1.311342838358434e-07	0.0015727109142424	-0.0004524690035106	2.473419619777166e-06	2.047281991378754e-07	0.0027550176203918	6.436251404300011e-06	7.590122088669295e-06	4.142533213935386e-11	0.0	0.0	0.0	0.0	0.0	0.0	0.0	0.0	0.0	0.0	0.0
590.0291591454967	-1.2250765350281654	348134.40864194185	1.5008125166766155	732.1172772166145	-6.3897338487300885	535995.7075990692	40.82869865760703	631.1323325199152	-0.5408969615240267	0.2925695229859243	398328.0211520288	646.4117724339031	455.3282710052373	1.062929	23.764389	0.2051825411742555	0.1298822424140953	-0.0918861461	0.1486236134	0.0400298576	-0.159627923	-0.0790984804	-0.1062256457	-0.0659395727	0.1112690941	-0.052894907	0.0387508818	-0.0440664222	0.0115706355	-0.0393624644	0.2020930787	-0.0954783656	0.0477819009	-0.026110139	0.041478812	-0.1407605695	-0.0276416428	-0.0409219021	0.006900951	0.0846357547	0.0634189099	0.0410668389	0.0121562294	0.0054646304	0.082349308	0.0135467599	-0.0632940727	0.0194156091	0.1129302576	0.1044666124	-0.0304894855	0.1256220961	0.0441728053	0.0743996683	0.0210448902	0.0170003633	-0.0153602922	-0.0938855439	0.076480865	-0.0259229278	0.0716980127	0.0293007504	0.0813754373	-0.0404386321	0.0202010543	0.1192266202	0.1834390315	0.0660262326	0.0821052563	0.028641558	-0.0031255453	0.0643807791	0.0430584096	-0.0249123297	0.0603406398	-0.0281276568	0.1364547883	-0.1079230464	-0.1097547638	0.0010940485	0.1092220351	0.0454115955	-0.0147185631	0.1289037633	0.0210419582	0.1436359077	0.0421387576	0.076507268	0.0318988991	-0.062240153	0.0102280748	0.0101801008	-0.1976847988	-0.0657640774	-0.1060665514	0.2000023127	0.0203360184	0.0422632392	-0.0880799747	0.034158919	0.0124958469	0.0453710774	0.0632268422	-0.0823942474	0.0427378575	-0.0770971393	0.0222799427	-0.1355384407	0.0158307187	-0.0298859891	-0.0111468185	-0.0498274287	-0.0682964291	0.1120592501	-0.093707101	0.0056756035	0.0395731003	-0.0549076006	-0.1351079013	-0.045968075	0.0917355011	0.0195886574	0.0712145745	0.0266904805	-0.0867887703	-0.0198040868	0.1262731269	-0.0933057186	-0.0008569622	0.0961526811	0.0153739673	-0.149290343	0.0179132589	0.1115320127	-0.0033725925	0.1279487792	0.023723002	-0.0707776101	-0.0009190826	-0.0690633029	-0.0478581577	-0.0950465986	0.0799739179	-0.0565978402	0.0	-0.0232159639100757	-0.0009180290899451	0.0005389809802739	8.427774099854299e-07	-0.0897338956425102	-0.0999790808887865	0.0099958166153665	0.0080521720271809	1.076483587454142	-0.007502948901809	5.629424222315726e-05	1.1588169140581397	0.0180410287038691	0.0012733607630357	0.0003254787166938	1.621447632839112e-06	0.0019867735179557	0.0004140626037132	3.947269011650068e-06	1.7144783979383717e-07	0.0025067913412666	-0.0002482262791251	6.2840028286492e-06	6.16162856483416e-08	0.0	0.0	0.0	0.0	0.0	0.0	0.0	0.0	0.0	0.0	0.0
591.0741357805508	1.0449766350541267	349368.633988725	1.0919761678090456	736.7674318052426	4.650154588628084	542826.2485688928	21.62393769813882	632.2157309670118	1.0833984470966698	1.1737521951714756	399696.730482153	648.651380041795	459.5961895895283	1.163002	26.001755	0.3550420518644979	0.1842850079792291	-0.0356942747	0.0444621014	0.0119360005	-0.0214251802	0.0675542091	0.0667236329	-0.054746029	-0.0473727937	0.0622181626	-0.0251377066	-0.0308804348	0.0391744206	-0.0082660923	0.0193415116	-0.0139781643	0.1308572513	0.0768150033	0.0081435106	-0.0696267376	0.0437824906	0.0126135615	-0.0531088851	-0.0273200496	-0.0261831635	0.099054526	0.0268594689	-0.0635342133	-0.0266241169	-0.0912075717	-0.0703771529	0.001997836	-0.2145539311	-0.040484171	-0.075259218	0.0186107882	-0.0101339258	-0.0336236975	0.0282081989	0.0211567454	0.0537139443	0.0848809801	-0.0688665281	0.1111181894	0.0494198031	0.0638220483	0.1150808709	0.0204819686	-0.1142995422	0.1091237262	-0.068979831	0.0788482158	0.044936494	-0.0110328241	-0.0542627391	0.040191606	-0.1078838439	0.0814449647	-0.0110802229	-0.0213540234	0.0632957483	-0.0034580279	0.0330783874	0.0713714409	-0.0082003688	-0.0103357682	0.053149784	-0.2146508652	-0.025901533	0.0334331699	-0.0400036971	-0.1047159727	-0.0886753438	-0.0480939539	-0.1143837094	0.0323832604	0.0570557143	0.0594322438	0.1018505144	-0.0783918052	0.082858139	0.051142086	0.0179686466	-0.0224918073	0.0647205063	0.0085370776	0.1270318087	0.019575444	-0.0719464164	0.0019321967	-0.0736372884	-0.0055926892	0.1391595022	-0.0609844117	0.0946674038	-0.073111366	0.0596151289	0.0104079658	0.1143492901	0.1338451393	-0.038533505	-0.0318028008	-0.0277844998	-0.0489947554	0.1088470493	0.013605014	-0.027088365	0.0555250713	0.0823943355	0.0580221846	-0.009409196	-0.0542417429	0.0237603078	0.0193030024	-0.0354596864	-0.0525492292	-0.0323111	-0.0670442852	0.0694194264	-0.0323004296	-0.1417248238	-0.0180554251	-0.0401437108	-0.0869616427	-0.0682266655	-0.0955380353	0.0818424346	-0.0604518297	0.0	-0.0398531449378936	-0.0166371810278179	0.0015882731614407	0.0002767957925523	-0.0216196188278132	0.068114276814697	0.0046395547059891	0.0004674079182599	0.903962735573934	-0.172520851880208	0.0297634443334726	0.8171486273063102	0.0166719727460087	-0.0013690559578603	0.0002779546752436	1.8743142157530563e-06	0.0015671215783439	-0.0004196519396117	2.4558700413110764e-06	1.7610775041994572e-07	0.0023401043959033	-0.0001666869453632	5.476088583725949e-06	2.778453775454772e-08	0.0	0.0	0.0	0.0	0.0	0.0	0.0	0.0	0.0	0.0	0.0
590.8414095372021	-0.2327262433486794	349093.5712239078	0.0541615043431887	735.3024267932686	-1.4650050119739717	540669.6588480702	2.1462396851088568	632.3900461736715	0.1743152066596849	0.0303857912728086	399917.1704995384	648.3060909446704	467.129963791902	0.995639	22.259949	0.0807571524194933	0.0578505270162808	-0.0420796187	0.0700267144	0.0272218895	-0.0747348378	0.0083072246	0.0100459788	-0.0424593441	0.0238780604	0.0012557639	0.0165895457	-0.0284991698	0.0612400829	-0.0101453368	0.0521401204	-0.0212910684	0.004874604	0.0379017329	-0.0057279654	0.0588351746	0.0215505365	0.0662111713	0.039797138	-0.1523200159	-0.0221320707	-0.0206481819	-0.0881844529	0.0586293217	0.0591073267	0.0741456702	-0.0135130831	0.0433973419	-0.0298058411	-0.0129493545	-0.0515286802	0.0358269593	0.060606088	0.0171797403	0.0405801223	-0.0142796557	0.0085722432	-0.0442761182	-0.1304817825	-0.0531585921	-0.0004665396	-0.0213396931	-0.0643666695	-0.0123338892	-0.058042725	0.0489749968	0.1159220483	-0.067248111	0.0895188734	-0.0011092255	-0.0277065936	-0.131516147	0.0117910039	0.0484124203	-0.0922916644	-0.0166485748	0.0923782918	-0.007888038	-0.0352629255	0.0350081505	-0.0685047564	0.0773637828	-0.0257008775	0.0522976436	0.0497368358	-0.0152721744	-0.0708984172	-0.0244642045	-0.030173791	0.0794377861	-0.0709152334	-0.0415583715	0.0457846607	0.0236955588	-0.0260001941	-0.061895313	0.0445754753	0.0820241895	0.012916646	-0.0285468877	0.059753305	0.0194015781	-0.0448933548	0.0450177927	-0.0769117354	-0.0103738041	-0.0246138238	-0.0063748882	-0.0455414073	0.0242597131	-0.0324773727	0.0825296007	-0.1208619211	-0.0948420877	0.0346666426	0.0690770245	-0.0834321793	-0.0262635064	-0.0470702751	-0.0305001427	0.0637212476	-0.0390524829	0.0693746473	-0.003537893	-0.0954557717	0.0127977807	0.0698027962	-0.0160546492	-0.0161575274	-0.0578333615	0.015200574	0.0204269591	0.0461865739	0.1384126139	0.1262321412	0.0647384941	0.0188808157	-0.02048016	0.0214343799	-0.0003069394	0.0090279979	-0.0960056619	0.083629369	-0.064170249	0.0	-0.0428162783679653	-0.0029631334300717	0.001833233693283	8.78015972440848e-06	-0.0364835425201022	-0.0148639236922889	0.0002209362275301	0.0013310488748161	0.8921525060802864	-0.0118102294936476	0.0001394815206926	0.7959360941053355	0.0175977464736359	0.0009257737276271	0.0003096806809503	8.570569947647599e-07	0.001518781606536	-4.8339971807899885e-05	2.306697568352073e-06	2.336752874388556e-09	0.0022918207792687	-4.8283616634600245e-05	5.252442484287791e-06	2.3313076353170453e-09	0.0	0.0	0.0	0.0	0.0	0.0	0.0	0.0	0.0	0.0	0.0
590.4149816911865	-0.4264278460155992	348589.8506054041	0.1818407078575036	735.7692902750989	0.4668634818302735	541356.4485119227	0.2179615106666861	631.8751086828844	-0.5149374907871334	0.265160619418149	399266.15297300695	647.6473598707677	461.690741846436	0.942922	21.081324	0.0586062571459014	0.0396477807578465	-0.051789414	0.0742390878	0.0325087114	-0.0623831628	0.0806003609	-0.0058030276	-0.0562020557	-0.0344348928	0.046127048	0.0114430109	-0.0606733562	0.0467117671	-0.0798173943	0.0429273483	0.0768463531	0.0422465196	0.1155193141	0.0361358679	-0.0274915084	-0.0148913007	0.0045351281	0.0410285681	-0.0283033481	-0.0770844586	0.037082652	-0.0476956356	-0.000363625	-0.1434069982	-0.040198444	0.0837196519	-0.0463778516	-0.0260792799	-0.0101222833	-0.0252286922	0.0807435734	-0.0569205002	-0.1200966113	0.0317871268	-0.0776096167	0.0904783677	-0.0136255984	-0.047428173	0.0010732223	0.1306999366	0.0676396051	-0.0081952311	0.0213712575	0.105628105	-0.061966786	0.0938350485	-0.0742915724	-0.0156215954	0.0744145063	0.0221384605	-0.0356503293	-0.0053103614	0.018538103	-0.0264697122	-0.0373424053	0.0926427224	-0.0045151325	0.0104810203	0.0538075973	0.0310154857	-0.0528744298	-0.0091480679	-0.1023560847	-0.0200126574	-0.0271836114	0.0421398199	-0.0768165176	0.0290844611	0.083433832	-0.0275519319	-0.1227694582	0.012207131	0.1549926059	0.0285134153	-0.0271514308	0.0562297134	-0.0449697888	0.0373504666	0.0383057734	0.1707355755	0.0149881784	0.0060298127	0.0338270677	0.0384611312	-0.0407347531	-0.0783340759	0.0337102438	0.0608529096	-0.0368308016	-0.0325095333	0.1432457149	0.0526298369	0.0001510311	0.1097372016	-0.0636532504	0.0170147471	-0.0290419075	-0.0525463165	-0.046361348	0.1138511083	-0.0214109021	-0.0440537356	0.0516710676	0.0260708904	0.0373533871	-0.0685515472	0.0930387527	0.063479957	0.0555396096	-0.0081181431	-0.0432974628	0.0258795207	-0.0338373145	0.0768145253	0.0027405424	-0.0654105724	-0.0105894939	-0.0099579566	-0.0151467927	-0.0418854132	-0.0964493619	0.0853329399	-0.067744759	0.0	-0.0484095015693242	-0.0055932232013588	0.0023434798421904	3.128414578021946e-05	-0.0371243408224017	-0.0006407983022995	4.10622464229925e-07	0.0013782166814978	0.9286389788493494	0.036486472769063	0.0013312626951275	0.8623703530383624	0.0174966202559082	-0.0001011262177277	0.0003061317203794	1.0226511911910277e-08	0.0016418622040952	0.0001230805975591	2.695711497236348e-06	1.514883349552971e-08	0.002198312337092	-9.350844217669971e-05	4.832577131410892e-06	8.743828758313196e-09	0.0	0.0	0.0	0.0	0.0	0.0	0.0	0.0	0.0	0.0	0.0
590.2878904861617	-0.1270912050248398	348439.79365460284	0.0161521743946658	739.2562163420238	3.486926066924866	546499.7534003251	12.158653396200116	632.5981076798349	0.7229989969505368	0.5227275495914824	400180.365840108	650.0680516517548	468.36396725554215	0.934625	20.89583	0.0735043376644633	0.0381835757857038	-0.0437891191	0.0794891479	0.0121822838	-0.0579229029	0.0452345429	-0.0532835309	0.0458441123	0.033774927	0.0026298271	-0.0777447474	-0.0174869619	0.0709093869	-0.0830155121	-0.0145811814	0.0594480916	-0.0522138492	0.0082466819	0.026320003	0.0104591524	0.0429307879	0.1103088444	0.0320917268	-0.0446331331	0.019200485	0.048144742	-0.1141988905	0.0059242279	0.0740279385	0.0094002786	-0.0312262401	0.0303855082	-0.0721376093	0.0393673896	-0.0393464226	0.0106153684	-0.1327683355	0.076399357	0.1065347602	0.0202371945	-0.1014547381	-0.0049718307	-0.1091787108	-0.0731737441	0.0316092288	-0.0754431174	-0.0040783276	0.0014307693	-0.1537478716	-0.0813198098	-0.0328731332	-0.0091218058	0.0885528912	0.142047293	0.0011434199	-0.1445268893	0.0056550251	0.0609047023	0.0287062393	-0.0044775567	0.1104825781	0.0500605485	0.032954951	-0.0211611543	-0.0720244805	0.0158024722	5.42166e-05	0.0345568726	0.0523076115	0.0004311363	-0.0674245467	0.0183780389	-0.036244091	0.006588227	-0.0074163905	-0.0156173267	0.0251155967	0.0169043361	-0.0108780485	-0.1056314212	0.0393718663	0.0069869165	-0.0078984655	-0.0409426876	0.0574722107	0.1038261624	-0.0676348041	0.0017724405	0.0129135881	-0.0158799705	0.1296122196	-0.0407981892	0.038313007	0.0861009618	0.0113684572	-0.052431918	-0.1028507588	-0.0981410229	0.0316828905	0.0797713358	-0.0670841455	-0.0254923074	-0.0453882719	-0.0416266422	0.0856619124	0.0087782933	0.0611514687	0.0044234784	-0.0428130553	0.0272781203	0.0183550531	-0.0221123688	-0.0230914494	-0.0192147059	-0.0019809949	0.0370579851	0.0981784501	0.0625577224	0.148699491	0.0124824857	0.008238527	-0.0384425931	0.0336831996	-0.0345280726	0.0260349886	-0.0968690246	0.086951449	-0.0711673436	0.0	-0.0538097290194485	-0.0054002274501242	0.0028954869371464	2.916245651307599e-05	-0.0110204646411062	0.0261038761812955	0.0006814123516884	0.0001214506409058	0.9021192516658658	-0.0265197271834836	0.0007032959298863	0.8138191442261817	0.0174397189894147	-5.690126649349897e-05	0.0003041437984297	3.237754128564188e-09	0.0014820959372823	-0.0001597662668128	2.1966083673087e-06	2.5525260011330715e-08	0.0022912549407768	9.29426036848e-05	5.249849203634098e-06	8.638327579709798e-09	0.0	0.0	0.0	0.0	0.0	0.0	0.0	0.0	0.0	0.0	0.0
588.5771481560809	-1.7107423300808478	346423.05933154514	2.926639319930448	735.0817831205629	-4.174433221460845	540345.2278757063	17.425892720435968	630.3746059585667	-2.223501721268235	4.943959904482804	397372.14383741823	646.724923908812	461.3777373666652	0.900536	20.133692	0.1301980213176869	0.0800022464558444	-0.0467353303	0.0758897277	0.0218452262	-0.0777893116	0.048418937	0.0072628495	0.0080310935	-0.0702924287	0.0277644245	0.0484291379	-0.0242584615	-0.0312332645	-0.1046689384	0.0279279621	0.0032948193	0.0446124664	0.0055215436	0.0183375969	-0.0545364137	0.0564006527	0.1502562394	-0.1202908003	-0.0285435688	0.0031090658	-0.0416351537	-0.0351835877	0.0559133097	-0.0349249089	-0.0812070161	0.1467091764	-0.0853003138	-0.0022299921	-0.0190881903	0.0160872385	0.0269580202	-0.0150964211	-0.0954587378	0.0733184328	0.0002445937	0.0638502306	0.0841429539	-0.1837848571	0.0123205734	0.0406927946	-0.0243262972	-0.0252267634	0.0672371995	0.106975387	0.065622278	-0.0040218953	0.0161896927	-0.1531297773	0.0629694463	-0.0704293956	-0.0737699072	-0.0593940614	-0.1396216275	0.1107548498	-0.0232096357	0.0613107213	-0.0363765086	0.074653585	0.0357928174	0.0198604049	-0.004200719	-0.0111594827	-0.0508066354	5.11492e-05	-0.0793574004	0.0651959159	-0.1012394045	-0.0620894744	0.055559118	0.0515816428	-0.1005016201	0.0150038729	0.0444570891	-0.0170131145	-0.0030152397	0.0973619082	0.0730367632	0.0772987248	-0.0011572747	0.0715730807	0.0373068787	-0.1295587452	0.0896439347	-0.0073472904	-0.0440221369	-0.0098651473	-0.0171261162	0.0005264193	-0.0279061222	-0.0653155932	0.0429891106	0.0038803382	-0.0326654696	0.0831505094	-0.0188097638	-0.0134904881	-0.0230266729	-0.0485193312	-0.0464901783	0.0744067746	-0.0720802341	-0.049682205	0.046451826	-0.0160664006	0.0422310653	-0.0960670208	0.1042342926	0.0633524404	0.036065723	0.0655323851	-0.0563248541	0.0538434358	-0.0328727108	0.0313229017	-0.0704149049	-0.0491709286	-0.0247807744	0.0516130582	-0.0685196588	0.0095398473	-0.0972645456	0.088483283	-0.0744303271	0.0	-0.0554656674042917	-0.0016559383848432	0.0030764402606035	2.7421319343971115e-06	-0.0775535887838287	-0.0665331241427225	0.0044266566081909	0.0060145591332512	0.8929100758493647	-0.0092091758165011	8.480891921922978e-05	0.7972884035533182	0.0180488542552167	0.000609135265802	0.000325761139926	3.710457720436758e-07	0.0017573719076862	0.0002752759704039	3.088356021924634e-06	7.577685988180882e-08	0.0024628393640433	0.0001715844232664	6.065577733081206e-06	2.9441214307697348e-08	0.0	0.0	0.0	0.0	0.0	0.0	0.0	0.0	0.0	0.0	0.0
588.5557182983276	-0.021429857753219	346397.8335416604	0.0004592388033232	737.767145813748	2.685362693185084	544300.3614421642	7.211172793950248	631.3592695320177	0.98466357345103	0.969562352881352	398614.527224003	648.1829417811952	462.65594437666107	0.89191	19.940826	0.1627595318234271	0.1073874373075817	-0.0463369915	0.0761036505	0.0340323626	-0.0543563204	0.0310636963	-0.0374211046	0.0915967157	0.0665292937	0.0020990676	-0.0668546985	-0.0478022084	0.0078885225	-0.11113758	0.0241573524	-0.0112162002	-0.066710868	0.0933399102	0.0055159095	0.019405584	0.0044809916	0.0038975847	-0.0305770423	0.0136197782	-0.0353361846	0.1563795251	0.089938042	-0.0216974354	0.0925254645	-0.1474038938	0.0227413434	0.0122677008	0.0905463484	0.1325971131	0.0242077429	0.0444231271	-0.1600271765	-0.0748278869	0.0372937431	0.0795449331	-0.0164871267	0.0036399848	0.0823673125	-0.0845263408	-0.0743368379	0.1092081821	0.059706829	0.0343740346	-0.0058273973	0.0073800933	0.059960861	-0.0601963572	0.0318198412	-0.1163989937	0.0559647026	-0.0751355839	-0.0947520489	-0.0212631845	0.0031260903	-0.0208744169	0.0996905958	-0.0084154411	0.0609670636	-0.0149982282	-0.0013164766	-0.0389944257	0.0200131862	0.0623102264	-0.0585660432	0.0228612314	0.00705983	0.0604534828	0.0083111448	-0.0074356697	0.0197790034	0.0318670734	-0.0776491395	-0.0098689503	-0.0957599297	-0.0136970508	-0.0062265787	-0.0561411385	-0.0243060559	0.0622559612	0.0179214879	0.1780623865	-0.0128084398	0.0718847118	0.0222418869	0.0286123691	0.03659462	-0.1908433298	-0.0251883158	0.0782723682	-0.0931822003	-0.0196403576	0.0262683057	0.0654860277	0.0924473025	0.0144825273	-0.0997818082	-0.0305527183	-0.0390679679	-0.0511727488	0.0864711474	0.0162205131	0.0767998384	0.026068782	-0.0218789065	0.0699705698	0.0121408029	-0.0334399088	-0.0357099689	-0.0149063972	0.0133373826	0.0258175554	0.0713192227	0.0211054134	0.1338265803	0.0682370035	0.0645623629	0.0002564261	0.0165605769	-0.0220633951	0.0278468244	-0.0976358263	0.0899269149	-0.077526392	0.0	-0.064219915617727	-0.0087542482134352	0.0041241975619479	7.663686178243508e-05	0.0099146880730387	0.0874682768568674	0.0076506994563096	9.830103958565585e-05	0.913958254684914	0.0210481788355493	0.0004430258322932	0.8353196913066941	0.0172147726301266	-0.0008340816250901	0.0002963483967069	6.956921573129448e-07	0.0017632305812731	5.858673586899878e-06	3.1089820827366737e-06	3.432405619783828e-11	0.0023930031043688	-6.983625967449999e-05	5.7264638575187135e-06	4.8771031653241936e-09	0.0	0.0	0.0	0.0	0.0	0.0	0.0	0.0	0.0	0.0	0.0
587.3463786873267	-1.209339611000928	344975.76855711656	1.462502294735876	732.7839918334455	-4.983153980302518	536972.3786873592	24.831823591404827	629.8544419966404	-1.5048275353773306	2.264505911229812	396716.6181028992	645.6736757450656	457.2108288313213	0.915554	20.46945	0.1996777599256758	0.1378513728799363	-0.0553064843	0.0862599799	0.0386309563	-0.0968046303	0.0224485116	0.0307551235	0.0695039072	-0.0345842834	0.0425790391	0.0072334218	-0.0575126881	-0.0639869611	-0.0148323715	0.0995734483	0.0014504591	0.017582271	-0.0059318924	0.0409558557	-0.0515949298	0.0738472243	0.0734037701	0.0332124066	0.0661510259	-0.0699143476	-0.0768286757	-0.023753484	0.027342772	0.0812310435	0.0015722229	0.0411079315	0.0469760125	0.0260911404	-0.0547841474	-0.0295683438	0.0519006721	-0.0416959057	-0.1047300918	0.0640502888	0.0150327966	-0.1093929117	0.0800642006	0.0034812697	-0.0072861769	0.0482910813	0.0485554032	-0.0267490085	0.0408575511	0.0210165507	-0.0547105289	-0.0188374172	0.169872077	-0.0327828044	-0.0401895591	0.0616210477	0.0140262752	0.0656694776	-0.0045005235	-0.1506084483	-0.0295634312	0.04808117	-0.1178163639	0.0273818469	0.0138786814	0.0470966069	0.0068312875	0.0244583821	0.0099192045	-0.0496795888	-0.0599377267	-0.0193072877	-0.0480394644	0.0078745743	0.0850127978	0.0373205985	-0.101485357	0.0416531412	-0.0071904309	0.0449447114	0.0389515427	0.0175030596	0.0495173192	0.024397072	-0.0379455335	0.026079642	-0.0688940661	0.0870768118	0.1014571633	0.0420949023	-0.0239461747	0.0918220844	0.0193376794	-0.0853108935	-0.0300695984	-0.1359388999	0.0571419655	0.03619121	-0.0032658334	0.0304528241	0.0317392218	-0.1056827353	-0.0279164284	-0.0638046308	-0.0507625944	0.0959894599	-0.0920557481	-0.0363676431	0.0434969917	-0.026379696	0.0862593893	-0.0819163587	0.1076632935	0.0711210227	0.0171037897	0.0983151803	-0.0071245788	0.0068845455	0.0197486418	0.0178115324	-0.0237898864	-0.0302105081	-0.0576963512	0.0747822617	-0.0699432971	-0.0111887435	-0.097982774	0.0912809058	-0.0804485949	0.0	-0.0806478180405605	-0.0164279024228335	0.0065040705547033	0.0002698759780141	-0.1125925452528662	-0.1225072333259049	0.0150080222171677	0.0126770812465187	0.9181717466562064	0.0042134919712923	1.775351459214546e-05	0.8430393563577089	0.0181441069338086	0.000929334303682	0.0003292086164254	8.636622480001079e-07	0.0017209103071793	-4.2320274093799945e-05	2.9615322853559525e-06	1.7910055993743545e-09	0.0022340750380317	-0.000158928066337	4.991091275556342e-06	2.5258130269649625e-08	0.0	0.0	0.0	0.0	0.0	0.0	0.0	0.0	0.0	0.0	0.0
588.124845048932	0.7784663616052967	345890.8333638303	0.6060098761509886	734.4491783553634	1.6651865219179172	539415.5955868685	2.77284615277709	630.025837448408	0.1713954517675802	0.0293764008866129	396932.5558525678	646.2078397708614	457.06599741372446	0.864093	19.318914	0.158509052838892	0.109678577538073	-0.0490435654	0.0632426221	0.0345045063	-0.067563458	-0.0417966444	0.0069757591	0.0610447291	0.0799048149	0.0267675968	-0.0380970702	-0.017769203	-0.0589748724	0.0073626837	0.1020988612	0.0503072813	0.0529865514	0.0565554837	0.0339512198	0.003744523	-0.0124041024	0.1537187307	-0.0502509144	-0.0265667169	-0.0172146179	-0.0556335229	-0.0504899552	0.0721810973	0.0518350578	0.1089253339	-0.0288021166	0.0388198147	-0.0060821532	-0.0617138364	-0.0266011724	0.0967654692	0.0240520896	-0.0500992392	-0.0176648719	0.0792701132	0.059353852	-0.0177827737	0.0458885468	-0.0291695104	-0.0592658871	-0.0486674449	-0.0006560942	-0.0395056382	-0.004352586	0.0521713608	0.0707019772	0.079483056	-0.1017288499	0.0307210999	-0.0708066472	0.0978023836	0.1000781516	-0.0169080425	-0.0442685795	-0.021398742	0.0406474369	-0.1048496108	-0.0027060701	-0.0228154623	0.0006470645	-0.0284812154	0.0143235829	0.0518221636	-0.1102196641	0.0053764063	-0.0215139868	0.0611735857	-0.0511832421	-0.0407524632	0.0057546359	-0.0832170865	0.0065432637	0.0061032	-0.0553591303	0.0453831649	0.1112136967	0.0997140461	0.0720569507	-0.1067261394	0.0038221288	0.0332712575	0.0402730708	-0.0017925748	-0.0028614916	-0.0603609831	-0.0217114185	-0.1186450884	-0.071152908	0.0805964142	0.0497633184	0.0484183674	-0.0524783599	0.044084404	-0.1152141667	-9.41852e-05	-0.0371391553	-0.0293607191	-0.042020824	-0.0561218121	0.1218789252	-0.0110087779	0.0666929213	0.0497119007	-0.0062921394	0.085230188	0.0034114303	-0.0515501301	-0.0175935134	0.0308511681	0.0018814594	-0.0152100239	0.0419584762	0.0014044352	0.0786182486	0.0218062652	0.0521698414	0.0261296913	0.0004540204	-0.0270636984	-0.0462442059	-0.0983053023	0.0925439058	-0.0831903826	0.0	-0.0800431032175339	0.0006047148230265	0.0064068983726927	3.656800171880892e-07	-0.0188909595421336	0.0937015857107326	0.0087799871647057	0.0003568683524225	0.9133259525549136	-0.0048457941012928	2.3481720472124307e-05	0.8341642956103402	0.0172212200535241	-0.0009228868802844	0.0002965704201319	8.517201938012557e-07	0.001557983088579	-0.0001629272186002	2.42731130429816e-06	2.654527856082993e-08	0.0021327499728397	-0.000101325065192	4.548622446647742e-06	1.026676883616305e-08	0.0	0.0	0.0	0.0	0.0	0.0	0.0	0.0	0.0	0.0	0.0
587.6867131921833	-0.4381318567486687	345375.6728626316	0.1919595238980359	731.1759110446787	-3.273267310684673	534618.2128920159	10.714278887196873	628.8294542420585	-1.1963832063494235	1.4313327764349275	395426.4825223652	644.5341137263804	454.3259324056712	0.851126	19.029015	0.1789896153209003	0.1274423740846418	-0.0532569415	0.0746678845	0.0315419965	-0.0886208951	-0.080357028	0.0327442667	0.0177667284	-0.0076189502	0.0657774787	-0.0239602912	-0.0417766732	-0.1453207867	0.0653657924	0.1401982123	-0.0387372173	0.0941378125	0.0183453419	-0.0282615872	-0.0116088126	-0.0032618039	0.0020761051	0.1180870931	-0.1419202558	-0.0161198081	-0.108886094	-0.0627533523	-0.1414450729	-0.0820620412	-0.0051088077	0.1104959022	-0.1436816294	0.0604975564	-0.0162810369	0.0172799497	-0.0099394985	-0.0363754358	-0.0840465156	0.0458481024	-0.0154823493	-0.0057264774	-0.0079593557	-0.0262457791	-0.0568338294	-0.1361066989	-0.0021952394	-0.0660383085	0.0600590039	-0.0274399147	0.1042528706	0.041188473	-0.0287966772	0.147779068	0.0319711441	-0.107403884	0.024137281	0.0289046755	-0.0662720568	0.0692130957	-0.0217653139	-0.0138565057	-0.1867340365	-0.0263506066	-0.0191726004	0.0688465712	0.0161659468	0.0311286495	0.0055628585	-0.053857579	0.0144207696	-0.0504024588	-0.0374773261	-0.0077873653	-0.0189941298	-0.0198560524	-0.0513331167	0.0955195431	-0.0344097781	0.1379020507	-0.0312807208	-0.0286924862	0.0231685247	-0.0758948237	0.0579820622	0.1449857924	-0.0059293864	-0.0223423277	0.0518962973	-0.0034824184	-0.0839541995	-0.0824293227	0.0325664086	-0.0940168194	0.0992593477	-0.0265020093	0.0435018609	0.0221608023	0.1051183014	-0.1041575305	-0.0628282069	-0.0149275224	-0.022452186	-0.0549865917	-0.0452755633	0.0881289811	-0.1045748733	-0.0174222935	0.0490103289	-0.0252631219	0.098289334	-0.0468507326	0.0652060189	0.0826894151	0.0003842608	0.0751012337	0.013151903	-0.0488538575	0.0457972123	-0.0003916967	-0.0422880242	-0.0572278344	0.0364892466	0.0726699461	-0.0397885918	-0.0029072078	-0.098603331	0.0937146561	-0.0857456062	0.0	-0.0724604255907337	0.0075826776268001	0.0052505132767902	5.749699999197618e-05	-0.1246082101464907	-0.1057172506043571	0.0111761370753444	0.0155272060359119	0.9057110491623704	-0.0076149033925431	5.798675367776464e-05	0.8203125045748018	0.0183198526902875	0.0010986326367633	0.0003356170025938	1.2069936705616957e-06	0.0015617107690795	3.727680500499944e-06	2.4389405262588832e-06	1.3895601913807516e-11	0.0021918853295198	5.913535668010004e-05	4.804361297764123e-06	3.496990409682653e-09	0.0	0.0	0.0	0.0	0.0	0.0	0.0	0.0	0.0	0.0	0.0
589.3086305504529	1.6219173582695705	347284.6620412502	2.6306159170561414	734.445529858601	3.269618813922307	539410.2363292812	10.690407188354712	630.6011995999319	1.7717453578733284	3.1390816131456885	397657.8729368731	646.0932905986728	456.06322494584913	0.859089	19.207039	0.1378123958435722	0.0720228311329295	-0.0514315242	0.0692562083	0.0376635275	-0.0887607998	-0.0548639472	-0.0153302302	-0.005455709	0.0819389007	0.0836199107	-0.0050808442	-0.0252473903	-0.0529218507	0.0245858092	0.0859752139	0.0071262971	0.047272434	0.0584763621	0.0406808509	-0.0132159937	-0.0511129022	-0.0044248638	0.0260991712	-0.0307790386	0.0070843538	-0.0079675525	0.0485642251	0.0287908997	-0.0882438052	-0.0304243309	0.1014815139	0.0461698476	-0.0398976825	0.0185602999	-0.0242776066	-0.0229043705	0.0870967684	0.0167561146	-0.0918384331	0.0471794751	-0.0199670612	0.0027930559	0.0963843268	-0.1245180565	-0.0268327337	-0.028576395	0.0460078339	0.0830719922	-0.0052313806	-0.0250749408	0.1199554372	-0.0841506946	-0.0026832528	-0.0001107701	0.1327127764	-0.0649139348	-0.0152353631	0.0269408804	-0.0003341369	-0.0247853557	0.0305375604	-0.1236646805	-0.0429960001	-0.0025279367	0.0108272617	-0.0165681489	-0.0207553384	0.039543675	-0.0951317301	0.0370478536	-0.0264239103	0.0050918393	-0.0402303445	-0.0698070967	-0.0393719666	-0.0026500319	-0.0929202717	-0.0165160317	-0.0060492329	0.0102234294	0.0345460232	0.0357423398	0.0051196522	0.0420116755	-0.013647456	-0.0799353743	-0.0121783278	-0.0143250964	-0.0019650832	-0.0571540178	0.0384740385	-0.0258639176	0.0002403534	-0.0488271049	-0.1156621949	-0.0893291751	0.0229673843	-0.0158494217	-0.0377978908	-0.0017810658	-0.0866221228	-0.0376098997	-0.0593379944	-0.0311514943	0.0647549566	-0.0363739062	0.0681817975	0.0538444634	-0.0075786156	0.085198247	0.0622802207	-0.0870351718	-0.0310764578	0.0095867157	-0.0194334646	-0.0844057786	0.0003477897	0.0614994477	0.0150938161	0.0262025828	0.0173434934	0.0011112393	0.0331386661	0.0044484627	-0.0823471509	-0.0988767856	0.0947919895	-0.0881085353	0.0	-0.0294151357224308	0.0430452898683029	0.000865250209569	0.0018528969798462	-0.0953334279950297	0.029274782151461	0.0008570128700155	0.0090884624932835	0.9159437474081288	0.0102326982457583	0.0001047081133887	0.8389529484160461	0.0175459839011104	-0.000773868789177	0.000307861551058	5.988729028624295e-07	0.0012903575253047	-0.0002713532437748	1.6650225431104693e-06	7.363258290710606e-08	0.0022518558081289	5.9970478609099737e-05	5.070854580603861e-06	3.596458304604489e-09	0.0	0.0	0.0	0.0	0.0	0.0	0.0	0.0	0.0	0.0	0.0
588.4893916512892	-0.819238899163679	346319.76408610446	0.6711523739029166	731.9939662569292	-2.4515636016718645	535815.1666365503	6.010164093042325	629.213524488533	-1.3876751113988348	1.9256422147957688	395909.6593992818	645.0376865705396	456.0142007640928	0.867243	19.389351	0.1891679930082963	0.102031625727187	-0.0354176961	0.0484726823	0.0448972456	-0.0516909036	-0.0791850524	0.0084360432	-0.0013257752	0.0554880747	0.0070238295	-0.0204599957	-0.0338375528	-0.1051355719	0.0294389016	0.1418614183	0.0889884067	-0.012608573	-0.1002210893	-0.0315224257	0.0371849596	0.0660179389	-0.0015565328	-0.0662922869	-0.0468244305	-0.0123589616	-0.0111095159	0.1146688182	-0.0385735521	-0.0886903187	-0.0016085829	-0.0974558077	-0.1102288275	-0.0088352444	0.0518636324	0.0225617957	-0.0337120486	0.0934015661	-0.0506638913	0.0602066662	0.108537998	-0.0478020501	-0.0518926417	-0.0625298892	0.031725777	0.040923311	-0.0345316374	-0.049458182	-0.1490992257	0.0409002097	0.0076214837	0.0253145812	0.0019379508	-0.055972951	-0.0363819911	0.0326140592	0.0096336616	-0.0163998383	-0.1231699368	0.0335229422	-0.0277286621	0.004848861	-0.1516472433	-0.0193786405	-0.0015409416	0.0056536679	-0.0553007809	0.0555105327	0.0208798092	-0.0080971421	0.0380804244	-0.0734208055	-0.0582173148	-0.0704202967	-0.0289450278	0.131215148	0.0774625895	0.127602518	-0.0299057627	0.0399165469	0.0215453344	-0.0372288271	-0.0859726498	-0.0195491856	0.0940939909	0.0194091095	-0.0232962595	0.0029563777	-0.0416318167	-0.1106710143	-0.0645897916	-0.0055618706	-0.0596094066	-0.0037647658	0.0119277229	-0.0186234138	0.0070329163	-0.0097626962	0.0464270686	-0.0607076893	0.1182323138	-0.0295579847	-0.0205945432	-0.0441591397	-0.0287515077	0.0376102217	-0.1069538644	-0.0285631799	0.0059389032	0.046498086	0.0627380043	-0.01118465	0.0185126439	0.0078814776	0.0199040513	0.036004971	0.002076545	-0.1039423113	0.0627264121	-0.041024994	-0.0868647652	-0.0682591623	0.0017213334	0.0755565144	-0.0865850759	-0.0368523074	-0.099125598	0.0957748323	-0.0902738707	0.0	-0.0465695167859223	-0.0171543810634914	0.0021687198936742	0.0002942727896714	-0.1302916344652516	-0.0349582064702219	0.0012220761996146	0.0169759100116267	0.8510203936234859	-0.0649233537846428	0.0042150418666459	0.7242357103630729	0.0184311073870095	0.0008851234858991	0.0003397057195114	7.834435852901748e-07	0.0011189061344314	-0.0001714513908732	1.2519509376682184e-06	2.9395579432389053e-08	0.0026379219651553	0.0003860661570264	6.958632294248799e-06	1.4904707760113305e-07	0.0	0.0	0.0	0.0	0.0	0.0	0.0	0.0	0.0	0.0	0.0
590.5128371085293	2.0234454572400864	348705.4107899645	4.094331518425542	732.6528918001167	0.658925543187479	536780.2598630735	0.4341828714649142	631.1250741346827	1.9115496461496375	3.654022049694805	398318.8592015087	646.4965783920159	459.2909893376088	0.860678	19.242569	0.1896564196826924	0.1146619779793281	-0.0451398641	0.0472980575	0.0402943421	-0.1036025945	-0.0941195516	-0.0108558035	-0.0458600404	0.0507982307	0.063586514	0.0908230811	-0.0396545532	-0.023599341	0.0967836394	0.1272150541	0.0512931023	0.0557792824	0.0591409833	0.0689735171	-0.0644128744	-0.0139972642	-0.0226460899	-0.102753308	-0.0902717358	0.0708107156	-0.0237808466	0.0422921162	0.0036696068	0.0408712493	0.1096743499	0.0480559031	-0.0493500396	0.0133438549	-0.031937463	-0.1327985997	-0.0478017887	0.0904631011	-0.0227879933	-0.0427956309	0.0627658713	-0.0503466742	0.0246418891	0.0246782718	-0.0531302015	-1.43113e-05	-0.0095105928	0.0257297635	-0.0660496421	0.0283002087	0.053258885	-0.019762361	-0.0365218919	-0.0272995313	-0.0122020917	0.0499264656	-0.0652713242	0.1123685469	0.0009351611	-0.013733734	-0.0425544831	0.0210349562	-0.1171803224	-0.1067895272	0.0169303276	-0.014776688	0.0549572832	0.006232467	0.0347658941	-0.0685510881	0.0542443497	-0.043936584	-0.0501343392	-0.1610566811	-0.0780262434	0.0199895977	0.0635591068	-0.0317884907	0.0477972628	0.0757208752	0.037280349	0.016787136	-0.0163630454	-0.0060079669	-0.0386647913	-0.0200396654	-0.0431114139	-0.0050216149	0.0158889009	-0.070537694	-0.12858659	0.0787126421	0.0095222073	-0.0423142136	0.0480890015	-0.0029791097	-0.0135127733	0.0615298445	-0.0001050385	-0.012139351	-0.0116739569	0.0175337759	-0.0304540982	-0.0412826114	-0.0257738368	0.0800598055	-0.0123025102	0.0481116324	0.0311486445	-0.0504987694	0.0500278311	0.0282435043	-0.0659759228	-0.0173860713	0.0113074999	-0.0313249231	-0.0660097338	0.0259438262	0.0473912704	0.0199528888	0.0010044571	-0.0137112562	0.0503523712	0.0700051427	0.0524623407	-0.0672740906	-0.0993497063	0.0966622046	-0.0922367566	0.0	-0.0524042288525237	-0.0058347120666014	0.0027462032016276	3.404386490014402e-05	-0.0493645224253356	0.080927112039916	0.0065491974631211	0.0024368560742814	0.8838950264293359	0.03287463280585	0.0010807414821194	0.7812704177465165	0.0173790413972474	-0.0010520659897621	0.0003020310798872	1.106842846814107e-06	0.0011643785399122	4.547240548079994e-05	1.3557773842080668e-06	2.067739660210284e-09	0.0023350611049917	-0.0003028608601635	5.452510364045059e-06	9.172470061903565e-08	0.0	0.0	0.0	0.0	0.0	0.0	0.0	0.0	0.0	0.0	0.0
590.2944029433814	-0.2184341651478689	348447.48214628315	0.0477134845038464	732.4916888984902	-0.1612029016264387	536544.0743053625	0.0259863754927832	631.0746807362299	-0.0503933984527975	0.0025394946076224	398255.2526663345	645.8407254844549	460.1819671915289	0.845344	18.899738	0.1453365191179953	0.0867528821284444	-0.0345734085	0.0321555806	0.0446749955	-0.0613069212	-0.0495810664	0.0217702556	-0.0554811241	0.0420638193	0.0513822936	-0.0061962178	-0.0428547293	-0.0231000097	0.0261980943	0.0890671258	-0.0347634654	-0.0692584581	-0.0997902534	0.0795809182	0.0352686446	0.1202457006	-0.1581912526	-0.0441885921	0.02389816	-0.0471917897	-0.0330489097	0.0223368548	-0.0798982632	-0.0817483131	-0.0913003754	0.0323647302	0.0007671054	-0.0096374915	-0.0412875635	0.0121203163	-0.0236588146	0.0625014459	-0.0039890451	0.0384797521	0.003615359	0.024448147	-0.1131034996	0.0039161591	-0.0243815382	-0.0465157317	0.0660685682	-0.0485687923	0.0221835506	-0.0999227087	0.029238309	-0.0851317667	-0.0478519151	0.1063749241	-0.0297300452	0.0358745743	0.0473896198	-0.0338189441	0.0927095221	0.0212937727	-0.0342777132	0.0131897046	-0.09046012	-0.0664855251	0.0163962405	-2.79428e-05	-0.0202358636	-0.0490497707	-0.0073955886	0.0355984603	0.0325455316	0.0250113035	-0.0501180373	0.0300552047	-0.035284784	0.140049053	0.0828877483	0.078878149	-0.03414067	0.0922654985	-0.0893450379	-0.0092285358	-0.0964142416	-0.0296530846	0.0733956725	-0.0144631741	0.0187822642	-0.0740080627	0.0105395981	0.0719748696	-0.0385747253	-0.0948981291	0.0450227329	0.1109138307	0.0479875466	-0.0655147627	-0.0363135159	0.0213018055	0.0563337113	0.1259962945	0.0491819342	0.0183950831	-0.0221595998	-0.0337634945	-0.0115935949	0.0398664229	-0.0649233495	-0.023970707	0.0199204675	0.0588629624	0.0830189839	0.0108408058	0.059773401	-0.009128634	0.0421953897	-0.0001543664	-0.0451071561	-0.1339362505	0.0743472568	-0.0420001631	-0.0524588223	0.0024151113	0.0159992726	-0.0042765965	-0.0065740275	-0.0338010628	-0.0995490545	0.0974532219	-0.0939927908	0.0	-0.0375635646861525	0.0148406641663712	0.0014110213919307	0.000220245312899	-0.115399380528288	-0.0660348581029524	0.004360602484677	0.0133170170263126	0.8397458605395443	-0.0441491658897916	0.0019491488487643	0.7051731102932997	0.0177111159222528	0.0003320745250054	0.0003136836272114	1.102734901575633e-07	0.0011777355278079	1.3356987895700098e-05	1.387060973460953e-06	1.7840912564587895e-10	0.0022742559987152	-6.08051062764999e-05	5.172240347692073e-06	3.6972609492964477e-09	0.0	0.0	0.0	0.0	0.0	0.0	0.0	0.0	0.0	0.0	0.0
591.9293583547484	1.6349554113669456	350380.36528226413	2.6730791971580583	734.9661348588239	2.4744459603336963	540175.219389319	6.122882810611749	632.2312022754982	1.156521539268283	1.337542070791479	399716.2931307219	647.3688465878748	463.0889635361426	0.8875849999999998	19.844133	0.1516476702778493	0.089087017813825	-0.0338951356	0.0282989588	0.0376771299	-0.0582863791	-0.0661586691	-0.0158583282	-0.0621270846	0.0307884084	0.0994472087	0.1200236528	-0.0316980084	0.0516480196	0.0300673109	0.0123705542	0.019534537	0.005105762	-0.102502334	-0.0214153962	-0.0666872056	-0.0892786973	-0.0307412774	-0.0521175513	-0.0739044927	0.0876682191	0.0481924649	0.1055872613	-0.0118966586	0.0980285222	0.0272975873	0.0821602054	0.1484351472	-0.0824969035	-0.0828012832	-0.0109771075	0.0034149112	0.063748337	0.0489051918	0.0893948884	-0.0916263853	-0.0352481901	0.0034597341	-0.0295296013	-0.1028535821	0.1118072839	0.0904264449	0.1150607655	-0.0047889191	-0.0260019546	-0.0379758118	0.0452350529	-0.0073221407	0.1025792902	-0.0702261435	-0.0345121007	0.1673471642	-0.0336245284	0.0083125532	0.0263571977	-0.0361408975	0.0456548181	-0.042731998	-0.0829657903	0.032984884	-0.0320438057	0.0607296242	-0.0617180445	0.0098773195	0.0500437246	-0.0420428125	-0.011687445	-0.0840436204	-0.0512225641	-0.1494808342	0.0130905995	0.0788989496	-0.0359966263	-0.0104065592	-0.0561678667	-0.0041077321	0.0283014791	0.0958163556	-0.0389176653	0.0573275105	-0.0549688126	-0.1072009072	0.0655212772	0.1029023829	-0.0364292636	-0.0189171529	0.1143851445	0.0074412061	0.1055136813	0.0131096389	-0.0361346961	-0.0604383368	0.0122854716	-0.0222555088	-0.0183440003	0.0527584422	0.0601374061	-0.0341290995	-0.0433578797	0.004067904	0.0066952692	-0.0200995158	-0.0084670649	-0.0032403798	-0.0845337462	0.0261436293	-0.0062566275	-0.0726188662	0.0734079475	-0.0465126946	-0.0716194528	-0.0657079521	-0.0147787384	0.0107028023	0.0639734056	-0.05665996	0.0545301708	0.0346644414	0.0416574698	0.0458826349	-0.0296369974	-0.099723593	0.0981470957	-0.0955380353	0.0	-0.0067160084447408	0.0308475562414116	4.510476942982973e-05	0.000951571726067	-0.042996301601363	0.072403078926925	0.0052422058380985	0.0018486819513953	0.8491367733039468	0.0093909127644025	8.818924254861808e-05	0.7210332597770382	0.0171119311097275	-0.0005991848125253	0.000292818186304	3.590224395609827e-07	0.0012950032493685	0.0001172677215606	1.6770334158749736e-06	1.3751718520014412e-08	0.0022105860858989	-6.366991281630012e-05	4.886690843169819e-06	4.053857798035258e-09	0.0	0.0	0.0	0.0	0.0	0.0	0.0	0.0	0.0	0.0	0.0
591.8895789430368	-0.0397794117116063	350333.2736613654	0.0015824015961214	732.5840512350882	-2.382083623735753	536679.3921240143	5.674322390470055	631.463525976025	-0.7676762994731234	0.5893269007727487	398746.1846380741	646.8378896632024	472.7139954845808	0.975468	21.808973	0.2901015845724177	0.1573761966881771	-0.0074770644	-0.0103225111	0.0305938456	-0.053853379	-0.0201123987	0.0271991958	-0.0649585953	0.0338294808	-0.036398255	-0.0337717712	-0.016967369	-0.005109238	0.0130933238	-0.0168756127	-0.0084266299	-0.0292349961	-0.0702578104	-0.0401692495	-0.0244602124	-0.0849618998	0.000557853	0.0797233088	-0.0583650071	0.0246664132	-0.0238934345	-0.018229649	0.0344695717	0.1158151522	0.0123754665	0.0109807723	0.0012775833	-0.0652576996	0.0473701281	-0.0494641849	-0.0782951634	0.0755526283	0.1001921069	0.0089235042	-0.0404314266	-0.0562522796	0.0396920913	0.0918825742	0.0131483984	0.0350722091	-0.0405833963	-0.0145557584	-0.0041316599	0.0579791263	-0.1280286393	0.0069709124	-0.1802344684	-0.0469829768	0.0409605776	0.0035337613	0.0260934791	-0.0197813221	-0.0168275555	0.0510010979	-0.0276805846	-0.0091362067	-0.019642003	-0.0450345821	0.0239631226	0.0017791005	-0.0495391545	-0.1011688067	0.004558447	0.0396663442	-0.0968009299	-0.0277713772	-0.073447896	0.0710826961	0.0059201373	-0.0506353469	0.0075166316	0.0491659831	-0.0242848571	0.0096395268	0.068504079	-0.0273941348	-0.0552195442	-0.0084664299	0.0719044201	-0.0620662905	-0.0498610825	-0.0272650073	-0.0037582465	-0.025203396	-0.0333035999	0.0370302057	0.0489481635	0.0531839929	-0.0542521143	0.066520144	-0.106857701	-0.1399409022	-0.1083888211	0.0367140239	-0.1931384943	0.0271612336	-0.0197641331	-0.0250283824	0.0529714611	-0.0843413929	-0.0790618801	-0.0180220701	-0.0421538135	0.0242811346	0.0063117882	0.0075089883	0.1382881783	-0.0086158995	-0.1095485792	-0.0548572744	-0.0294348465	-0.0804783815	0.103854218	-0.0258518119	-0.0665411235	0.0028304443	-0.0270408422	0.0710130133	0.0629450098	-0.0541921892	-0.0998732783	0.0987431344	-0.0968690246	0.0	0.0229734667913845	0.0296894752361253	0.0005277801764148	0.0008814649397964	-0.1344452792664583	-0.0914489776650953	0.008362915515991	0.0180755331170359	0.7406116858749598	-0.1085250874289869	0.0117776946014692	0.5485056692545502	0.017591131686992	0.0004792005772645	0.000309447914029	2.296331932506326e-07	0.0009958059671457	-0.0002991972822228	9.916295242029829e-07	8.951901368950997e-08	0.0026409491112558	0.0004303630253568	6.974612208242799e-06	1.8521233359434358e-07	0.0	0.0	0.0	0.0	0.0	0.0	0.0	0.0	0.0	0.0	0.0
591.9825119003233	0.0929329572865071	350443.2943958164	0.0086365345500157	738.0363673293244	5.4523160942362665	544697.6795006655	29.727750791467816	632.1880731642622	0.7245471882371248	0.5249686279823236	399661.7598511425	647.8203072361077	475.6837901483502	0.962362	21.51597	0.3113952671375689	0.1353635712011091	0.0188494962	-0.0470386434	-0.0206923991	0.0122717941	-0.047697907	0.015717193	-0.0495915379	-0.0480732144	-0.0002106014	-0.0265850516	0.0055459692	0.0207213431	0.0151560525	-0.0645281608	-0.0344038392	-0.02610109	-0.1191195023	-0.1012698715	0.0220456699	-0.1036423321	-0.0723810371	0.1107643966	0.0540007057	0.0035185761	0.0020358412	-0.021321136	-0.1465911651	0.0011864978	-0.1532678793	-0.116673165	-0.0344732221	0.0787328933	0.0748538233	0.0380931689	-0.0965104526	0.0490155871	-0.026073855	0.0655306591	0.1066315302	0.1828065137	-0.0221166461	-0.0378746798	0.0120086891	0.0057310692	0.014486798	0.0518902259	0.0024385486	-0.0441336811	-0.0971874156	-0.0704910933	0.0635845068	-0.0763581537	0.1106461176	0.0283400722	-0.0177221912	-0.1246145828	-0.0541707841	-0.1198073238	0.0015201595	-0.0323993923	0.0163359405	-0.0207830862	-0.0100484898	0.0127403305	0.0294691166	-0.0101932508	-0.0254459611	0.0561915666	-0.0724531415	-0.0105580125	0.0813033523	0.0441544622	-0.048759632	-0.0378938599	0.1282868665	-0.141997706	-0.0267363297	0.082142737	-0.0666285458	-0.1376391303	-0.0454055977	-0.0451332793	0.1446970889	-0.0064826785	0.14805641	0.1161183208	0.0288208258	0.0408233052	0.078942867	-0.1072626647	0.0191233284	-0.0018452802	-0.1313662465	-0.0312272876	-0.0481559963	0.0110221458	-0.0184660857	-0.0086190968	0.0167544803	-0.0307283161	-0.0029614909	-0.0011389191	0.0960576008	-0.119783872	-0.0269925512	-0.0788713183	-0.0738826807	-0.0494242466	0.0034352856	-0.0366604885	-0.0234077056	-0.0113024513	-0.0745674871	-0.086775303	-0.0786879801	-0.0519606841	-0.045759229	0.0117498211	-0.2055129674	0.0663317075	0.0625061014	0.0493855334	0.022345017	-0.0092711898	-0.0999980731	0.0992407438	-0.097982774	0.0	0.0484969531722754	0.0255234863808908	0.0023519544669938	0.0006514483570355	-0.0448072182545615	0.0896380610118968	0.0080349819819725	0.0020076868077119	0.6554857398534537	-0.0851259460215061	0.0072464266860563	0.4296615551512296	0.0168205609820209	-0.0007705707049711	0.0002829312717498	5.937792113596589e-07	0.0002592151875215	-0.0007365907796241	6.719251344180642e-08	5.425659766273866e-07	0.0019259551213856	-0.0007149939898701	3.709303129591421e-06	5.112164055505074e-07	0.0	0.0	0.0	0.0	0.0	0.0	0.0	0.0	0.0	0.0	0.0
591.7759725202226	-0.2065393801007076	350198.80165225524	0.0426585155323845	734.6788601697233	-3.357507159601141	539753.0275802838	11.272854326772924	631.8402317454979	-0.3478414187642329	0.1209936526079144	399222.0784522045	647.5398719956562	479.962403258385	0.990383	22.14245	0.3161040475236994	0.1593290869652098	0.0037027991	-0.0406898927	0.0292986458	-0.0267467464	-9.29348e-05	0.0270673896	-0.0392261196	0.0365260249	-0.0526577671	-0.0313256214	-0.0130508281	0.0137573333	0.0089983384	-0.033273605	0.0356327069	-0.0720819757	-0.1080030035	0.0371926341	0.0221583506	-0.0828491682	0.0165501234	0.0650102209	0.0562166745	0.1063216251	-0.0467951987	-0.036385971	-0.1009112678	0.0139981134	0.1055900961	0.00830698	0.0051626268	-0.0985031729	-0.0474249019	-0.0209876787	0.0092450264	0.0181168907	0.0191561956	-0.0563912334	0.0060087919	-0.1212654823	-0.1110141413	-0.0021846193	-0.0263585573	-0.089458622	-0.1145181779	-0.0676677471	0.0894634273	-0.0060645722	-0.0646989839	0.060857565	0.008140238	-0.0321150535	0.0079556794	0.0622818424	-0.0802109656	-0.0702001022	0.0005569632	0.0014256432	-0.0201052676	0.0008486227	0.0250420326	-0.0301189944	0.0274767243	-0.0284327344	-0.0770156435	-0.0791025417	0.023333652	0.0686548993	-0.0921045396	-0.028731653	-0.0006248176	0.0219645568	0.0277994336	-0.0761495208	-0.029227588	0.0219143989	-0.0979080611	-0.0187588825	-0.0287821813	0.0202522295	-0.1725487414	-0.0412812152	-0.0201425242	-0.0233731916	-0.0062239702	0.0178248887	-0.0021916636	0.0222744079	-0.0438305762	-0.0122282044	0.0322806337	-0.0337811563	0.138543804	-0.0826097223	-0.0768472866	-0.1618692421	-0.0963025758	-0.0414545614	-0.0666563064	0.0070012239	-0.0379450304	-0.0266493288	0.100110755	-0.1706375001	-0.043442895	0.0289209912	0.0015543073	-0.0040453702	-0.095285608	-0.0230438052	0.0606773521	-0.0008303828	-0.1794148548	-0.0776955994	0.0138908236	-0.0485014403	0.002163885	-0.0463752865	0.0428385791	0.0132553405	-0.0806707996	0.0211166379	0.1017660852	-0.0607787609	-0.1000979463	0.0996394278	-0.0988767856	0.0	0.0984453736293033	0.0499484204570279	0.0096914915890131	0.002494844706152	-0.1387797903591376	-0.0939725721045761	0.0088308443079497	0.0192598302121261	0.734511387214674	0.0790256473612203	0.0062450529408599	0.5395069779480248	0.0157537388280645	-0.0010668221539564	0.0002481802870628	1.1381095081721763e-06	0.000328418660934	6.92034734125e-05	1.0785881684968165e-07	4.789120732354595e-09	0.0026530776460342	0.0007271225246485	7.038820995886371e-06	5.287071658513538e-07	0.0	0.0	0.0	0.0	0.0	0.0	0.0	0.0	0.0	0.0	0.0
591.1180278086019	-0.6579447116206438	349420.5228003311	0.4328912435495721	737.9365094450005	3.257649275277231	544550.2919718714	10.612278800714268	631.7805035189263	-0.0597282265716785	0.0035674610493977	399146.604626628	647.3522787402801	477.3723278408162	0.953695	21.322189	0.1540664638168422	0.0714412288482677	0.0081184555	-0.0455775634	0.0198094063	0.013375485	0.0151933603	0.000935059	-0.0077632604	-0.0528762825	-0.0385228729	-0.0646887964	-0.0091743933	0.0024052167	0.0416554365	0.0307739031	-0.0022318962	-0.0131484591	-0.0040413084	-0.0612591381	0.0894111032	-0.1139588487	-0.0433541186	0.0606858318	0.1183071502	0.0877599987	0.0688973958	-0.015669433	-0.0031777572	0.0008484623	-0.0019621332	0.0089349568	-0.0403703187	0.0525975714	0.0199067529	0.0549707103	-0.1136303714	-0.0364431482	-0.0257814111	0.0109327105	0.1400697866	0.048034314	0.0060988219	0.0796833427	0.1161289769	-0.0937126406	-0.1089387438	-0.0379910927	-0.0654147979	0.0232118193	0.0577324906	-0.1045447008	0.0157487703	0.0388666531	-0.0941156653	0.0235452992	0.1594530278	-0.0554088847	-0.0328445567	-0.0323459451	-0.0073124744	-0.0327909274	0.0021907133	-0.0513706315	-0.0014348402	0.0556470454	-0.0654914489	0.0370066014	0.022739669	-0.0103318502	-0.034633202	0.0055393577	0.1092667086	0.0314600775	-0.0017621892	0.0231048497	0.0276634157	-0.1116066298	-0.0147876075	0.0276047077	-0.1197531072	-0.124195107	-0.1123372047	-0.0477510597	0.0158160218	0.0406175632	0.0266519262	0.0140436843	0.0288623468	-0.0446886347	0.0543269444	0.0539652502	-0.0186094501	-0.0734301308	0.0163726578	0.0497364106	-0.0058997191	-0.0139538608	-0.0219662746	-0.0055736155	-0.0534113014	0.0719571569	-0.041478736	-0.0318626994	0.109869605	-0.2224612167	0.023936869	-0.116021912	-0.0781611777	0.0205582969	-0.0432158918	-0.0202756491	-0.0118179411	-0.1007839738	-0.047130712	-0.0424706279	-0.1299089419	-0.0738542575	-0.0780568631	-0.0324320171	0.0235205709	0.0961354489	-0.043087115	0.1078960669	0.0494191988	-0.0152207605	-0.1001728729	0.0999387891	-0.0995490545	0.0	0.1214913299805715	0.0230459563512681	0.0147601432604481	0.0005311161041445	-0.1080488638790342	0.0307309264801033	0.0009443898423255	0.01167455698555	0.6951117547221983	-0.0393996324924756	0.0015523310405421	0.4831803515529736	0.0155296578235726	-0.0002240810044918	0.0002411702721172	5.021229657409853e-08	0.000605205336192	0.0002767866752579	3.662734989552717e-07	7.661086360037754e-08	0.0033700089361442	0.00071693129011	1.1356960229691765e-05	5.139904747387895e-07	0.0	0.0	0.0	0.0	0.0	0.0	0.0	0.0	0.0	0.0	0.0
590.5808748295085	-0.5371529790934346	348785.7697143876	0.2885333229489518	735.6160756344617	-2.320433810538816	541131.0107318461	5.38441306909169	630.5427959130245	-1.237707605901733	1.5319201177069988	397584.2174778141	646.3208509766873	480.8436486668754	0.979823	21.906338	0.113194602444822	0.0732926314615687	-0.0011563616	-0.0290606747	0.0118772991	-0.0193688499	0.0269872199	0.01525121	0.076727915	0.0060874989	-0.1002926506	0.012676829	-0.0065739484	-0.0568642527	0.0230511708	0.0491789933	0.0246163324	0.0654560672	-0.0426597803	0.0275175414	-0.0173678909	-0.0778142984	0.0011598178	0.0242051101	0.0865295563	0.0187348623	0.0118830586	0.0346724654	-0.0343535457	0.0021114334	0.1082119789	-0.12939869	0.0018009938	0.1616875377	-0.0793081939	0.0468658824	-0.0940968566	0.0490082106	0.0296636931	-0.08402806	0.0222941211	0.0865960507	-0.000588066	0.012450353	0.0702380849	-0.0378528818	-0.0793597608	0.0590971777	0.017472765	0.1127032334	-0.0720422084	-0.0181314075	0.0463055363	0.068869161	-0.1143568253	-0.0978874899	-0.099060036	0.0147638446	0.0713602549	-0.0666511825	-0.0038037408	-0.0076863391	-0.0516925967	-0.0148187394	0.0053282599	0.0462150064	-0.082807463	-0.0324327428	-0.0070218459	0.0103489013	-0.0022709188	-0.1072646027	0.0781932324	0.0291129528	0.0549935566	-0.0559714046	-0.0145066273	-0.0621650382	-0.0347679647	0.0345619734	0.100247157	-0.1163879591	-0.0794633906	-0.0634107432	-0.1211735756	-0.0618461595	-0.040665163	-0.0091467508	-0.0417638843	-0.0875038399	0.0926196457	-0.0791249639	-0.0212822384	0.0093139653	-0.0203888656	-0.0124463553	0.0891014811	-0.0172702432	-0.0854163095	-0.0672298769	-0.069588755	-0.0050576019	-0.0445133183	-0.042585322	0.0919734069	-0.2039757743	-0.0390241403	0.0498972236	-0.020681911	-0.0743865639	-0.1396534923	-0.0783230723	0.0140205479	-0.0050096906	-0.1393708667	-0.0694332133	-0.0486671303	-0.1365467969	-0.0427707972	-0.0210707384	0.0960364486	0.0521340684	-0.1157610863	0.0347585093	0.0099909061	-0.080400431	-0.1002228344	0.1001385292	-0.0999980731	0.0	0.1221126216051828	0.0006212916246113	0.0149114923552905	3.8600328281215243e-07	-0.1237192295366185	-0.0156703656575842	0.0002455603598423	0.0153064477571344	0.7656569343179598	0.0705451795957614	0.0049766223641982	0.5862305410691766	0.0156397068214537	0.0001100489978811	0.000244600429461	1.2110781934634444e-08	0.000282105016137	-0.0003231003200549	7.958324012965704e-08	1.0439381681964343e-07	0.0034640149295454	9.400599340119973e-05	1.1999399432113422e-05	8.837126795346403e-09	0.0	0.0	0.0	0.0	0.0	0.0	0.0	0.0	0.0	0.0	0.0
590.5982351855522	0.0173603560436959	348806.27540428884	0.0003013819619638	737.4578033067379	1.8417276722761928	543844.0116579994	3.391960818827883	630.9257481413067	0.3829522282821926	0.1466524091462966	398067.2996676676	646.8405808118986	474.698693812242	1.138129	25.44566	0.254039714343478	0.1682992281957524	0.0423333133	-0.0941270815	-0.0104993546	0.0751557093	0.0474505869	0.1055098939	0.0611610506	0.0278735111	-0.0676922509	-0.0914932488	0.016147544	-0.0590766118	0.0669556155	-0.0457533263	0.0551727323	-0.0373487567	0.0680438911	0.052669469	0.1256097436	0.0073707357	0.0102381488	0.0242403409	0.0851905711	0.0218891862	-0.0389008908	-0.0078666691	-0.0485624175	0.0216211688	-0.0132106884	-0.0472703683	-0.0225945005	-0.0303136161	0.1278255382	-0.0227485391	-0.1253255182	0.0833012702	0.0250514312	-0.0401146885	-0.0319996345	-0.1179853762	0.0830228688	-0.0854211231	0.0781169572	0.0019897854	-0.0570371789	0.0257154012	-0.0153350817	0.0614232559	-0.0873786584	0.0147567309	-0.0483690214	-0.058544789	-0.070148779	-0.0167461671	0.1064303113	-0.0633613823	0.0547696698	-0.005037231	0.0211175554	-0.1079828259	0.0272035818	0.0219373735	0.0291784471	-0.0297479056	-0.1329616088	-0.0016941015	-0.0096786934	-0.0995900655	-0.0838507117	-0.0722112469	0.1643814182	0.0846506277	0.0867819093	0.0134320032	-0.001361192	-0.0637659847	0.0284035143	0.0536783231	0.0120473707	-0.0662004355	-0.0129824372	-0.0045976259	-0.0037727613	-0.1006476761	-0.0889193317	0.0081167522	-0.0600507334	-0.0431713081	0.0120368734	-0.0302980452	0.1223276315	-0.0332569145	-0.0691796943	0.0229879905	-0.1392150158	-0.0109540322	-0.0046895858	-0.0068011352	-0.0264579506	-0.0332126022	-0.0227487974	5.3959e-06	0.1328043708	-0.2594395589	-0.0088422751	-0.0663735087	-0.093740392	0.1290011834	-0.0398952365	0.0331444686	-0.0113318742	-0.0984260497	-0.1238894785	-0.0315398591	-0.0814117792	-0.0276983248	-0.0716635917	-0.0985784594	0.0089643151	0.0600369341	0.0046787479	0.0789518132	0.1071095085	-0.0034832487	-0.1002478183	0.1002384491	-0.1002228344	0.0	0.123865094989128	0.0017524733839451	0.0153425617566657	3.0711629614363386e-06	-0.1594519776545695	-0.035732748117951	0.0012768292880609	0.0254249331779533	0.594980255160273	-0.1706766791576868	0.0291305288082959	0.3540015040305835	0.0150655514918941	-0.0005741553295595	0.0002269708417549	3.296543424616928e-07	0.0006160548254281	0.0003339498092911	3.795235479332468e-07	1.1152247512556207e-07	0.0034545637947182	-9.451134827199916e-06	1.193401101177781e-05	8.932394952191119e-11	0.0	0.0	0.0	0.0	0.0	0.0	0.0	0.0	0.0	0.0	0.0
