#!ascii label  , from subject sub-v1s13x0050005_ses-1 vox2ras=TkReg
3075
110042  -48.789  15.519  15.709 0.6999999881
83522  -48.940  15.188  14.699 0.6999999881
128980  -48.014  14.652  13.875 0.6999999881
84162  -50.374  16.343  16.209 0.6999999881
83514  -50.623  15.948  15.275 0.6999999881
84161  -49.429  16.305  16.891 0.6000000238
83513  -49.967  15.496  14.934 0.6999999881
83523  -50.512  15.845  14.372 0.6999999881
83504  -48.591  15.940  16.646 0.6000000238
83505  -49.748  15.825  15.975 0.6999999881
118862  -49.808  15.348  13.805 0.8000000119
82776  -48.935  14.866  13.811 0.8000000119
82777  -49.441  14.982  13.134 0.8000000119
80803  -47.839  12.123  8.784 0.8999999762
80809  -46.977  11.552  8.556 0.8999999762
81564  -45.646  12.646  0.246 0.8000000119
84163  -50.823  16.481  15.582 0.6999999881
83530  -50.103  15.721  13.587 0.6999999881
84194  -49.547  15.589  12.867 0.6999999881
82784  -48.724  14.643  13.030 0.6999999881
83529  -49.569  15.304  12.984 0.8000000119
82785  -49.351  14.956  12.510 0.8000000119
83542  -49.404  15.160  12.335 0.8000000119
82791  -48.866  14.627  12.167 0.6999999881
82159  -48.418  13.884  11.160 0.6999999881
82797  -48.579  14.568  11.370 0.8000000119
120315  -48.682  14.148  9.971 0.8000000119
81491  -48.582  13.544  9.885 0.8000000119
81499  -48.464  12.772  8.976 0.8999999762
81500  -48.711  13.386  9.189 0.8999999762
81506  -48.486  12.636  8.284 0.8999999762
81507  -48.770  13.190  8.580 0.8999999762
80810  -47.873  12.020  8.000 0.8999999762
80807  -45.020  11.526  8.061 0.8999999762
80816  -46.137  11.651  7.868 0.8999999762
80815  -44.249  11.374  7.239 0.8000000119
120557  -42.592  9.017  6.629 0.8000000119
78747  -42.687  8.452  6.104 0.8000000119
79464  -42.930  9.345  5.894 0.8000000119
78755  -42.975  8.563  5.340 0.8000000119
79471  -43.330  9.255  5.024 0.8999999762
79477  -43.686  9.358  4.295 0.8000000119
79482  -43.983  9.483  3.600 0.8000000119
80845  -44.649  11.253  3.222 0.8000000119
82228  -46.170  13.591  0.594 0.8000000119
82238  -46.227  14.613  0.314 0.8000000119
84181  -50.859  16.282  14.886 0.6000000238
84850  -50.923  16.866  15.818 0.5000000000
84180  -50.560  16.246  14.242 0.6000000238
84205  -48.980  15.573  12.252 0.6999999881
83541  -49.090  15.137  11.885 0.8000000119
82805  -48.566  14.485  10.628 0.8999999762
82813  -48.527  14.260  9.351 1.0000000000
120599  -48.808  13.595  8.883 0.8999999762
82180  -48.814  13.454  8.340 0.8999999762
81513  -48.516  12.548  7.472 0.8999999762
81514  -48.853  13.043  7.847 0.8999999762
80825  -46.745  11.787  6.926 0.8999999762
80814  -43.429  10.780  6.966 0.8000000119
111583  -45.403  11.711  7.135 0.8999999762
81519  -47.769  12.094  6.291 1.0000000000
79457  -42.779  9.922  6.926 0.8000000119
80823  -44.760  11.633  6.324 0.8000000119
80824  -45.849  11.879  6.260 0.8000000119
125506  -46.869  11.994  6.080 0.8999999762
80128  -43.263  10.317  6.129 0.8000000119
80132  -43.672  10.651  5.430 0.8999999762
80829  -44.318  11.379  5.474 0.8999999762
120914  -43.318  9.904  5.418 0.8000000119
80138  -44.053  10.852  4.676 0.8000000119
80830  -44.768  11.610  4.696 0.8999999762
80838  -45.153  11.935  3.814 0.8000000119
81543  -46.808  12.904  3.059 0.8000000119
81552  -47.146  13.487  2.241 0.8000000119
82223  -47.846  14.086  2.356 0.8999999762
79478  -44.029  10.130  4.043 0.8000000119
81542  -45.818  12.388  3.194 0.8000000119
82222  -47.270  13.984  1.709 0.8000000119
80846  -45.132  11.879  2.776 0.8000000119
82898  -46.220  15.267  0.507 0.8000000119
82229  -46.761  14.257  1.101 0.8000000119
81504  -39.802  12.256  8.358 0.1000000015
83647  -44.915  15.572  0.100 0.6999999881
81511  -39.915  12.973  7.781 0.1000000015
82186  -39.965  13.476  7.149 0.2000000030
81512  -40.457  12.847  7.156 0.2000000030
81518  -41.437  12.516  5.919 0.2000000030
83640  -43.538  15.949  0.834 0.6999999881
82905  -45.132  15.071  -0.140 0.8000000119
82208  -41.284  14.055  4.051 0.4000000060
82214  -41.629  14.234  3.247 0.5000000000
82889  -42.972  15.180  0.891 0.6999999881
84863  -50.801  16.723  14.936 0.6000000238
84179  -49.636  16.372  13.634 0.6999999881
83552  -48.681  14.934  11.335 0.6999999881
84203  -46.431  16.177  12.786 0.6999999881
83539  -47.010  15.754  12.016 0.6999999881
111456  -48.306  14.591  10.007 1.0000000000
83550  -46.342  15.512  11.623 0.6999999881
82179  -48.766  13.860  8.846 0.8999999762
82187  -48.634  13.730  8.225 1.0000000000
82194  -48.730  13.429  7.382 0.8999999762
82838  -48.145  13.939  7.596 1.0000000000
81521  -48.873  12.959  6.904 1.0000000000
81528  -48.436  12.609  5.627 1.0000000000
81527  -47.582  12.271  5.450 1.0000000000
110520  -45.276  11.828  5.514 0.8999999762
80832  -46.364  12.093  5.469 0.8999999762
81526  -47.011  12.434  4.663 1.0000000000
81536  -47.597  12.907  3.805 1.0000000000
80831  -45.789  12.120  4.721 0.8999999762
81535  -46.340  12.474  3.899 0.8000000119
82230  -47.366  14.507  1.778 0.8000000119
80800  -38.656  11.537  10.183 0.1000000015
83634  -45.609  15.749  1.368 0.8000000119
83635  -46.469  15.358  1.115 0.8000000119
82171  -37.946  13.743  9.057 0.1000000015
81497  -38.739  12.317  9.718 0.1000000015
81498  -39.300  12.286  9.040 0.1000000015
82178  -38.571  13.781  8.387 0.1000000015
81503  -39.322  13.070  8.446 0.1000000015
83632  -42.964  16.093  1.483 0.6999999881
82184  -38.336  14.255  7.605 0.2000000030
82192  -40.379  13.535  6.409 0.2000000030
82200  -40.574  13.863  5.461 0.3000000119
82207  -40.711  14.162  4.617 0.4000000060
82896  -42.688  15.801  1.297 0.6999999881
82220  -42.558  14.129  2.251 0.6000000238
82888  -42.343  15.148  1.565 0.6000000238
82221  -43.008  14.287  1.495 0.6000000238
85467  -50.368  17.691  16.229 0.5000000000
84862  -50.070  16.963  14.526 0.6000000238
84193  -48.659  16.206  12.913 0.6999999881
83540  -48.343  15.479  11.777 0.6999999881
83551  -47.544  15.339  11.325 0.6999999881
83562  -47.998  14.950  10.635 0.8000000119
83538  -45.620  15.796  12.322 0.6999999881
84201  -43.733  15.992  12.678 0.6999999881
122065  -44.668  16.006  12.790 0.6999999881
83549  -45.337  15.385  11.577 0.6999999881
83561  -46.417  15.142  10.894 0.8000000119
130248  -48.008  14.438  9.047 1.0000000000
84189  -43.219  16.641  13.388 0.8000000119
83537  -44.553  15.626  12.166 0.8000000119
82803  -45.659  14.808  10.170 0.8000000119
82825  -48.209  14.176  8.586 1.0000000000
82837  -47.129  14.227  7.969 1.0000000000
84188  -42.279  16.827  13.248 0.8000000119
84200  -42.709  16.215  12.673 0.8000000119
127105  -43.793  15.546  11.978 0.8000000119
120640  -44.311  15.282  11.468 0.8000000119
83560  -45.004  15.021  10.869 0.8000000119
84198  -41.115  16.652  12.347 0.8000000119
84199  -41.833  16.418  12.540 0.8000000119
84215  -42.230  15.874  11.986 0.8000000119
83536  -43.052  15.672  12.058 0.8000000119
83548  -43.417  15.331  11.401 0.8000000119
119006  -43.889  14.968  10.699 0.8000000119
126940  -44.614  14.775  10.246 0.8000000119
84214  -41.390  16.147  11.682 0.8000000119
83547  -42.611  15.517  11.371 0.8000000119
130202  -43.250  14.949  10.150 0.8000000119
81529  -48.838  12.995  5.901 1.0000000000
82849  -48.304  13.867  6.334 1.0000000000
84882  -40.515  17.198  12.618 0.8000000119
83546  -41.952  15.749  11.296 0.8000000119
83558  -42.166  15.494  10.641 0.8000000119
124774  -42.553  15.215  9.974 0.6999999881
82202  -48.945  13.536  5.214 1.0000000000
82850  -48.736  13.793  5.408 1.0000000000
84881  -39.675  17.584  12.459 0.6000000238
83569  -42.355  15.303  9.132 0.6999999881
82875  -49.057  14.159  4.044 1.0000000000
121465  -48.098  14.715  3.429 1.0000000000
84891  -39.293  17.379  11.761 0.6000000238
126285  -39.898  17.062  12.012 0.6000000238
84892  -40.493  16.621  11.687 0.6999999881
83557  -41.421  15.851  10.735 0.6999999881
83568  -41.651  15.645  9.736 0.6999999881
127469  -42.278  15.379  8.362 0.6000000238
119230  -48.342  12.842  4.610 1.0000000000
81544  -48.605  13.505  3.754 1.0000000000
82217  -49.013  13.940  3.810 1.0000000000
108856  -40.805  16.200  10.987 0.6999999881
83581  -41.804  15.699  7.641 0.6000000238
83575  -42.646  15.153  7.772 0.6000000238
83582  -42.373  15.383  6.919 0.6000000238
82216  -48.484  14.062  3.157 1.0000000000
82884  -48.516  14.336  3.448 1.0000000000
82883  -47.790  14.860  2.634 0.8999999762
84213  -39.727  16.925  11.254 0.6000000238
84223  -40.190  16.525  10.719 0.6999999881
84224  -40.703  16.147  10.044 0.6999999881
84233  -40.904  16.091  8.994 0.6000000238
83574  -41.653  15.700  8.646 0.6000000238
83599  -42.599  15.424  5.259 0.6999999881
117264  -43.061  15.325  4.624 0.6999999881
81553  -47.855  13.558  3.045 0.8999999762
82891  -47.948  14.502  2.565 0.8999999762
83624  -46.889  15.295  1.933 0.8999999762
118510  -39.506  16.792  10.394 0.5000000000
110051  -39.984  16.551  9.948 0.6000000238
84232  -40.153  16.470  9.201 0.6000000238
84242  -41.015  16.130  8.029 0.6000000238
84250  -41.041  16.235  7.074 0.5000000000
83589  -42.136  15.587  6.015 0.6000000238
83610  -42.069  15.799  3.820 0.6999999881
82890  -47.271  14.959  1.835 0.8000000119
84241  -40.315  16.437  8.333 0.6000000238
84249  -40.346  16.471  7.464 0.5000000000
84259  -40.983  16.317  6.092 0.5000000000
83609  -41.107  16.208  4.088 0.6000000238
82899  -46.740  14.913  1.081 0.8000000119
84240  -39.590  16.633  8.491 0.6000000238
110992  -39.789  16.605  7.806 0.6000000238
84258  -40.277  16.521  6.475 0.5000000000
84267  -41.019  16.284  5.122 0.6000000238
113700  -43.562  16.002  2.072 0.8000000119
111801  -47.206  15.075  2.812 0.8000000119
83621  -42.585  16.008  2.471 0.6999999881
83620  -40.929  16.188  2.933 0.6000000238
112539  -41.762  15.764  1.886 0.6000000238
82844  -37.594  14.904  5.835 0.3000000119
82845  -38.736  14.684  5.767 0.3000000119
82857  -39.926  14.630  4.648 0.3000000119
120507  -40.232  14.997  3.615 0.4000000060
82887  -41.028  15.721  2.432 0.6000000238
82880  -41.720  14.860  2.362 0.6000000238
82854  -36.693  15.413  5.035 0.3000000119
84848  -50.271  17.384  15.388 0.5000000000
84839  -50.691  17.270  16.414 0.5000000000
84861  -48.585  17.197  14.527 0.6000000238
84178  -47.936  16.764  13.882 0.6999999881
84204  -47.817  16.021  12.420 0.6999999881
84191  -45.942  16.584  13.583 0.6000000238
84177  -46.543  16.891  14.128 0.6000000238
84190  -45.072  16.668  13.787 0.6000000238
82804  -47.085  14.803  10.071 0.8999999762
82812  -47.642  14.576  9.431 0.8000000119
114992  -44.286  16.502  13.496 0.6999999881
84202  -45.295  16.268  13.150 0.6999999881
82824  -47.216  14.423  8.790 1.0000000000
82811  -46.189  14.552  9.313 0.8999999762
82823  -46.075  14.349  8.389 1.0000000000
82810  -44.834  14.589  9.544 0.8000000119
119807  -47.046  14.162  6.841 1.0000000000
82802  -43.890  14.711  9.850 0.8000000119
110018  -46.493  14.284  5.965 0.8999999762
126391  -47.484  14.214  5.844 1.0000000000
83570  -43.113  14.898  9.443 0.6999999881
82809  -43.891  14.568  8.888 0.6999999881
82861  -47.004  14.421  4.963 0.8999999762
128250  -48.055  14.582  4.195 1.0000000000
124014  -42.921  14.941  8.601 0.6999999881
83576  -43.444  14.686  7.941 0.6999999881
82834  -43.931  14.524  7.197 0.8000000119
82835  -44.876  14.332  7.277 0.8999999762
82862  -48.377  14.249  5.028 1.0000000000
82847  -44.448  14.487  6.298 0.6999999881
83583  -43.106  14.875  7.107 0.6999999881
82873  -47.175  14.767  3.784 0.8999999762
84880  -38.906  17.854  12.245 0.5000000000
82858  -43.517  14.864  5.558 0.8000000119
84879  -38.071  18.006  12.043 0.5000000000
84890  -38.557  17.568  11.536 0.5000000000
84898  -39.031  17.183  10.944 0.5000000000
84897  -38.265  17.282  10.746 0.5000000000
84222  -38.756  16.941  10.113 0.5000000000
84231  -39.325  16.721  9.407 0.5000000000
84248  -39.504  16.644  6.954 0.5000000000
84266  -40.109  16.532  5.228 0.6000000238
83622  -44.872  15.617  2.471 0.8000000119
83623  -46.204  15.408  2.318 0.8000000119
84230  -38.307  16.797  9.240 0.4000000060
84239  -38.720  16.728  8.460 0.4000000060
108453  -39.089  16.688  7.715 0.5000000000
84257  -38.769  16.621  6.221 0.5000000000
111463  -39.394  16.619  5.827 0.5000000000
118709  -39.575  16.586  4.139 0.6000000238
84247  -38.114  16.648  7.523 0.4000000060
108452  -38.614  16.662  6.919 0.4000000060
82869  -39.191  15.419  3.785 0.3000000119
82878  -39.484  15.805  3.116 0.5000000000
83629  -40.471  16.040  2.616 0.6000000238
82855  -37.828  15.366  4.858 0.3000000119
82868  -38.232  15.713  3.999 0.3000000119
83608  -38.746  15.977  3.392 0.3000000119
114492  -36.702  16.192  6.067 0.4000000060
84254  -36.320  15.873  5.399 0.4000000060
83605  -36.667  16.051  4.809 0.3000000119
83606  -37.395  16.120  4.388 0.3000000119
83607  -38.117  16.141  3.899 0.3000000119
84847  -49.074  17.683  15.188 0.6000000238
84860  -47.148  17.344  14.639 0.6000000238
84176  -45.486  17.004  14.240 0.6000000238
113202  -45.043  14.420  8.695 0.8000000119
82822  -45.206  14.313  7.982 0.8000000119
82836  -45.953  14.284  7.517 0.8000000119
82848  -45.662  14.311  6.581 0.8999999762
82821  -44.356  14.410  8.008 0.8000000119
82860  -45.478  14.418  5.489 0.8999999762
82872  -45.865  14.612  4.348 0.8999999762
82859  -44.403  14.608  5.337 0.8000000119
111657  -44.848  14.607  4.711 0.8000000119
82882  -46.061  15.046  3.237 0.8000000119
82881  -44.844  14.946  3.756 0.8000000119
84221  -37.867  16.964  9.978 0.4000000060
85495  -37.655  18.589  12.433 0.5000000000
84889  -37.745  17.590  11.367 0.5000000000
84238  -37.582  16.622  8.279 0.4000000060
84896  -37.448  17.188  10.663 0.5000000000
84256  -37.645  16.493  6.460 0.4000000060
130214  -38.592  16.562  5.362 0.5000000000
84265  -38.907  16.595  4.549 0.5000000000
83617  -38.782  16.256  3.470 0.5000000000
84279  -39.363  16.286  3.156 0.5000000000
84280  -40.032  16.265  2.934 0.6000000238
112837  -37.914  16.491  5.605 0.5000000000
84263  -37.236  16.285  4.810 0.5000000000
84264  -37.934  16.412  4.598 0.4000000060
84272  -38.267  16.381  3.927 0.4000000060
83619  -39.740  16.114  2.844 0.6000000238
84246  -36.841  16.282  7.077 0.4000000060
84255  -36.967  16.301  5.437 0.4000000060
85496  -38.526  18.432  12.610 0.5000000000
83611  -43.064  15.527  3.741 0.6999999881
83612  -43.763  15.544  3.174 0.8000000119
84275  -40.409  16.373  3.450 0.6000000238
122095  -40.349  16.470  4.244 0.6000000238
84273  -38.996  16.493  3.610 0.5000000000
84274  -39.726  16.472  3.470 0.6000000238
127938  -47.149  11.727  7.708 0.8999999762
81558  -46.537  13.458  1.445 0.8000000119
82792  -49.160  14.921  11.929 0.8000000119
82165  -48.600  14.045  10.591 0.6999999881
118513  -48.409  12.952  9.513 0.8000000119
80817  -47.835  12.023  7.164 0.8999999762
128450  -43.695  11.001  7.563 0.8000000119
80137  -43.636  10.017  4.769 0.8000000119
81520  -48.496  12.522  6.566 1.0000000000
80822  -43.832  11.145  6.242 0.8000000119
80837  -44.410  11.031  3.932 0.8000000119
83642  -45.638  15.634  0.487 0.8000000119
82185  -39.245  13.778  7.593 0.1000000015
83641  -44.599  15.865  0.613 0.8000000119
83646  -44.027  15.671  0.346 0.6999999881
82191  -39.508  14.073  6.614 0.1000000015
82833  -38.564  14.425  6.781 0.2000000030
82193  -41.026  13.256  5.969 0.2000000030
83633  -44.122  16.041  1.354 0.6999999881
118444  -41.830  13.271  4.671 0.3000000119
84192  -47.178  16.475  13.289 0.6999999881
82195  -48.777  13.376  6.187 1.0000000000
81537  -48.849  13.204  4.971 1.0000000000
118041  -38.719  13.108  9.134 0.1000000015
82832  -37.449  14.583  6.848 0.3000000119
82199  -39.736  14.321  5.650 0.3000000119
82870  -40.964  15.009  2.971 0.6000000238
83559  -42.954  15.203  10.719 0.8000000119
83590  -42.870  15.104  6.250 0.6000000238
83588  -41.636  15.858  6.617 0.5000000000
83598  -41.763  15.861  5.049 0.6000000238
83597  -41.515  15.974  5.813 0.5000000000
83631  -42.018  16.032  1.852 0.6000000238
127905  -41.631  16.106  2.509 0.6000000238
83630  -41.270  15.904  2.324 0.6000000238
82856  -38.930  15.047  4.733 0.3000000119
82879  -40.258  15.743  2.797 0.5000000000
82846  -43.547  14.713  6.497 0.8000000119
82871  -43.909  14.988  4.461 0.8000000119
72527  -45.933  1.561  0.611 0.2000000030
72526  -45.252  1.363  0.485 0.2000000030
72535  -45.558  1.996  -0.187 0.2000000030
73396  -45.457  3.084  -1.508 0.2000000030
73388  -45.144  2.343  -0.951 0.2000000030
73395  -44.769  2.727  -1.440 0.2000000030
73387  -44.503  2.353  -0.836 0.2000000030
73394  -44.172  2.988  -1.418 0.2000000030
129452  -43.783  3.044  -0.977 0.2000000030
111603  -47.604  1.669  2.165 0.2000000030
72509  -46.813  1.286  1.811 0.2000000030
114347  -46.193  1.183  1.311 0.2000000030
73381  -46.428  2.418  0.011 0.2000000030
73389  -45.996  2.801  -0.810 0.2000000030
74425  -45.605  3.823  -1.960 0.2000000030
74424  -44.845  3.394  -2.042 0.2000000030
74418  -43.591  3.714  -1.339 0.3000000119
74423  -44.165  3.783  -2.109 0.3000000119
72520  -47.541  2.294  1.226 0.2000000030
73382  -47.359  2.875  0.255 0.2000000030
73390  -46.884  3.351  -0.434 0.2000000030
73397  -46.226  3.737  -1.186 0.2000000030
76341  -42.792  6.069  0.038 0.3000000119
75400  -43.167  4.203  -0.397 0.3000000119
75399  -42.958  5.106  -0.387 0.3000000119
75411  -43.403  4.782  -1.325 0.3000000119
75424  -44.455  4.501  -2.487 0.2000000030
73361  -49.654  2.800  2.676 0.3000000119
73373  -49.270  3.203  1.865 0.3000000119
72510  -48.992  2.500  2.426 0.3000000119
73372  -48.461  2.641  1.667 0.2000000030
77190  -40.001  6.346  5.495 0.1000000015
115852  -40.233  6.961  5.137 0.1000000015
73371  -48.149  3.288  0.665 0.2000000030
74409  -47.655  3.674  0.046 0.2000000030
77208  -40.792  6.041  3.955 0.1000000015
119586  -41.500  6.286  2.666 0.3000000119
74419  -47.010  3.926  -0.444 0.2000000030
76332  -41.869  5.959  1.927 0.3000000119
75420  -45.842  4.234  -1.667 0.2000000030
77227  -42.749  7.175  0.041 0.3000000119
78051  -43.413  7.641  -0.982 0.3000000119
76350  -45.278  5.018  -2.321 0.3000000119
75419  -45.516  4.410  -2.214 0.3000000119
75410  -43.531  5.873  -1.389 0.4000000060
76348  -44.523  6.078  -2.292 0.4000000060
76354  -44.418  5.214  -2.426 0.3000000119
75425  -45.051  4.495  -2.549 0.3000000119
113380  -43.871  5.306  -2.043 0.3000000119
75418  -43.855  4.532  -2.099 0.3000000119
76321  -51.921  6.750  3.091 0.3000000119
74376  -50.961  4.271  3.889 0.3000000119
76309  -51.744  5.675  3.617 0.3000000119
121447  -50.701  3.596  4.236 0.3000000119
117225  -50.684  4.542  3.290 0.3000000119
74375  -50.556  3.713  3.568 0.3000000119
73352  -50.178  3.228  3.087 0.3000000119
74387  -50.253  4.056  2.935 0.3000000119
115343  -50.358  3.006  3.766 0.3000000119
73362  -49.766  3.666  2.320 0.3000000119
75395  -48.801  3.993  1.149 0.3000000119
74410  -48.254  3.865  0.604 0.2000000030
74398  -48.785  3.581  1.136 0.2000000030
75404  -47.654  3.946  0.132 0.2000000030
75403  -46.999  4.053  -0.357 0.2000000030
78022  -40.504  7.217  4.556 0.1000000015
111346  -40.675  6.751  4.087 0.1000000015
125066  -46.343  4.216  -0.640 0.2000000030
78030  -40.829  7.404  3.882 0.2000000030
77209  -41.114  6.715  3.411 0.3000000119
115636  -41.826  7.355  1.898 0.3000000119
78042  -42.362  7.673  1.064 0.3000000119
78771  -41.411  8.361  3.185 0.3000000119
78036  -41.547  7.852  2.526 0.3000000119
78784  -42.400  8.511  1.093 0.3000000119
75413  -46.264  4.186  -1.024 0.2000000030
115465  -45.874  4.580  -1.071 0.2000000030
110321  -41.664  9.011  2.918 0.3000000119
125673  -42.085  8.700  1.823 0.3000000119
123270  -44.520  8.288  -2.267 0.4000000060
76342  -45.253  6.011  -2.117 0.4000000060
76343  -45.375  5.398  -2.093 0.3000000119
75412  -45.604  4.721  -1.738 0.3000000119
77232  -44.245  6.738  -2.088 0.4000000060
117267  -45.064  6.433  -2.347 0.3000000119
76349  -45.030  5.662  -2.380 0.3000000119
76320  -51.306  6.114  2.893 0.3000000119
75376  -51.176  5.096  3.478 0.3000000119
75375  -50.722  5.527  2.877 0.3000000119
78013  -42.953  7.847  5.084 0.8000000119
78023  -43.231  7.652  4.462 0.8000000119
77210  -43.548  6.661  3.678 0.4000000060
76325  -44.128  5.490  2.447 0.3000000119
75381  -44.506  4.468  2.179 0.3000000119
74396  -45.443  3.688  1.543 0.2000000030
75394  -48.226  4.109  0.810 0.3000000119
118055  -48.755  4.201  1.483 0.3000000119
77211  -43.802  6.183  3.158 0.4000000060
74395  -44.870  3.834  2.034 0.3000000119
74397  -46.415  3.866  0.926 0.2000000030
78765  -43.352  8.554  4.560 0.6999999881
78772  -43.552  8.256  3.887 0.6999999881
77221  -43.757  7.091  3.048 0.5000000000
75392  -44.933  4.244  1.116 0.3000000119
75393  -47.393  4.094  0.307 0.2000000030
127207  -43.709  8.903  3.947 0.6999999881
78032  -43.778  8.009  3.119 0.6999999881
108349  -44.065  6.602  2.310 0.4000000060
109436  -44.350  6.194  1.384 0.4000000060
76334  -44.505  5.152  1.237 0.2000000030
74408  -46.522  4.106  -0.011 0.2000000030
78773  -43.875  8.837  3.327 0.6999999881
78037  -44.150  7.677  2.128 0.6000000238
124955  -44.307  7.037  1.460 0.4000000060
110326  -44.929  5.077  -0.053 0.2000000030
75402  -45.595  4.485  -0.193 0.2000000030
117111  -44.360  10.314  3.169 0.6999999881
79488  -44.240  9.474  2.777 0.6999999881
78779  -44.148  8.683  2.454 0.6999999881
78043  -44.490  7.793  0.796 0.6000000238
109280  -44.693  6.014  0.097 0.4000000060
80149  -44.576  10.137  2.112 0.6999999881
79495  -42.836  9.135  0.290 0.3000000119
79502  -43.472  9.061  -0.901 0.4000000060
78047  -44.843  7.859  -0.654 0.4000000060
108441  -44.594  6.974  0.367 0.4000000060
75401  -45.397  5.172  -1.327 0.2000000030
80147  -42.074  9.689  2.842 0.4000000060
79487  -42.412  9.764  1.856 0.3000000119
80163  -42.817  9.878  0.778 0.4000000060
115929  -44.193  9.061  -1.659 0.6000000238
78797  -44.945  8.427  -1.876 0.5000000000
76338  -45.123  6.033  -1.293 0.4000000060
80148  -42.471  10.322  2.359 0.3000000119
80153  -42.794  10.520  1.478 0.5000000000
79503  -43.467  9.882  -0.578 0.5000000000
80175  -43.928  10.624  -0.955 0.5000000000
80870  -44.598  10.909  -0.547 0.6000000238
77233  -45.186  6.960  -2.192 0.4000000060
80856  -43.235  11.286  1.286 0.6000000238
80864  -43.873  11.481  -0.363 0.6000000238
80869  -44.210  11.101  -0.668 0.6000000238
119848  -44.546  11.609  -0.447 0.6000000238
80177  -44.851  11.028  -0.203 0.6000000238
81556  -43.740  12.986  0.612 0.6000000238
82242  -44.555  13.144  -0.230 0.6000000238
81569  -44.796  12.364  -0.390 0.6000000238
81570  -45.358  12.499  -0.243 0.6000000238
82897  -43.730  15.091  0.478 0.6000000238
75386  -50.185  5.020  2.794 0.3000000119
75385  -49.759  4.545  2.514 0.3000000119
120379  -49.302  4.789  2.527 0.3000000119
75396  -49.303  4.227  1.910 0.3000000119
78001  -42.754  7.957  5.673 0.6999999881
77198  -43.287  6.683  4.389 0.5000000000
75371  -44.217  4.632  3.141 0.3000000119
74384  -44.732  3.918  2.848 0.3000000119
74385  -45.400  3.537  2.471 0.3000000119
76316  -43.543  5.960  3.948 0.3000000119
75382  -47.404  4.129  1.249 0.2000000030
79496  -44.468  9.384  1.769 0.6999999881
128810  -44.599  9.300  0.732 0.6000000238
78785  -44.439  8.600  1.341 0.6000000238
78789  -44.709  8.706  -0.140 0.6000000238
81551  -45.942  12.697  2.251 0.6999999881
80852  -45.252  11.680  1.633 0.6999999881
80165  -44.738  10.264  -0.122 0.6000000238
128799  -44.642  9.635  -0.816 0.6000000238
123172  -45.043  8.510  -1.131 0.5000000000
81557  -45.801  12.685  1.126 0.6999999881
80858  -45.354  11.762  0.554 0.6999999881
80166  -44.962  10.972  0.001 0.6000000238
82237  -45.684  13.635  -0.111 0.6999999881
80865  -45.275  11.717  -0.016 0.6999999881
80176  -44.594  10.249  -0.613 0.6000000238
119674  -45.593  14.644  -0.134 0.6999999881
82243  -45.095  13.182  -0.388 0.6000000238
82904  -44.469  15.056  0.049 0.6000000238
77212  -49.903  6.480  2.726 0.3000000119
76329  -50.594  6.501  2.649 0.3000000119
76327  -49.561  5.524  2.682 0.3000000119
78737  -42.002  8.205  7.848 0.6999999881
78000  -42.578  7.679  6.326 0.6999999881
110219  -43.008  7.029  5.069 0.8000000119
76308  -43.652  5.172  4.240 0.3000000119
74386  -46.320  3.686  1.924 0.3000000119
75383  -48.148  4.281  1.765 0.3000000119
78728  -41.794  8.555  8.793 0.6999999881
79456  -42.380  9.111  7.450 0.6999999881
78746  -42.412  8.274  6.908 0.6999999881
77191  -42.757  7.291  5.705 0.6999999881
79449  -42.144  9.195  8.398 0.6999999881
113827  -43.442  10.225  9.690 0.8000000119
79443  -42.624  9.868  9.035 0.8000000119
79450  -42.598  9.942  8.012 0.6999999881
80118  -43.293  10.463  8.682 0.8000000119
80109  -44.150  10.722  9.292 0.8000000119
124971  -44.019  11.086  8.251 0.8000000119
80120  -45.682  10.959  9.404 0.8000000119
76326  -49.081  5.187  2.960 0.3000000119
75372  -47.219  3.983  2.352 0.3000000119
75384  -48.761  4.540  2.348 0.3000000119
77992  -42.290  7.318  7.162 0.6999999881
110777  -43.107  6.300  5.051 0.4000000060
108751  -43.987  4.683  3.842 0.3000000119
74374  -46.261  3.623  2.923 0.3000000119
116049  -42.038  9.203  9.371 0.6999999881
76307  -43.343  5.774  4.666 0.3000000119
79442  -42.734  9.691  10.024 0.8000000119
79435  -43.739  9.757  10.647 0.6999999881
80101  -44.438  10.264  10.226 0.6999999881
80110  -45.104  10.650  9.774 0.6999999881
80796  -47.826  12.340  9.446 0.6999999881
80112  -46.517  11.033  10.031 0.6999999881
76318  -48.886  5.424  3.561 0.3000000119
75337  -48.457  4.508  5.764 0.3000000119
74346  -48.110  3.750  6.848 0.3000000119
78719  -41.659  8.310  9.709 0.8000000119
112918  -42.575  6.879  6.414 0.6999999881
74372  -44.515  4.073  3.723 0.3000000119
78720  -42.135  9.076  10.328 0.8000000119
79434  -42.969  9.341  10.938 0.8000000119
79427  -44.087  9.007  11.695 0.6999999881
79436  -44.803  9.630  11.037 0.6999999881
79429  -45.473  9.843  11.234 0.6999999881
80103  -45.954  10.429  10.660 0.6999999881
81490  -47.937  12.730  10.004 0.6999999881
80787  -46.751  11.868  10.573 0.6999999881
75365  -48.378  4.787  4.142 0.3000000119
75374  -48.439  4.719  3.283 0.3000000119
75350  -47.903  4.113  5.359 0.3000000119
75336  -47.967  3.919  6.117 0.3000000119
114627  -47.544  3.269  7.400 0.3000000119
126339  -48.467  4.226  6.437 0.3000000119
75373  -47.888  4.319  2.843 0.3000000119
77983  -41.911  7.318  7.893 0.6999999881
78699  -43.088  8.525  12.010 0.8000000119
78708  -42.460  8.833  11.178 0.8000000119
78701  -44.638  8.731  12.479 0.6999999881
79428  -45.069  9.221  11.803 0.6999999881
79421  -45.332  9.670  11.703 0.6999999881
80779  -45.749  11.190  11.625 0.6999999881
81479  -46.899  12.592  10.985 0.6999999881
81478  -46.161  12.148  11.414 0.6999999881
81489  -47.343  12.461  10.441 0.6999999881
84859  -46.020  17.476  14.662 0.5000000000
85477  -46.589  17.991  15.099 0.5000000000
74373  -45.317  3.584  3.405 0.3000000119
76297  -43.128  5.620  5.356 0.5000000000
77181  -42.801  6.400  5.720 0.5000000000
78700  -44.077  8.439  12.528 0.6999999881
78689  -44.253  8.278  12.981 0.8000000119
78690  -44.611  8.677  12.871 0.6999999881
79410  -44.448  9.015  13.304 0.6999999881
80766  -43.278  12.101  13.793 0.6999999881
79420  -45.023  9.211  12.323 0.6999999881
80079  -44.459  9.882  13.133 0.6999999881
80078  -43.747  10.822  13.515 0.6999999881
80088  -45.421  10.175  12.023 0.6999999881
80773  -44.458  11.982  12.729 0.6999999881
81464  -44.368  12.839  13.087 0.6999999881
81471  -45.021  12.599  12.553 0.6000000238
82143  -45.319  14.161  14.199 0.6000000238
82764  -46.903  15.065  15.346 0.6000000238
83503  -47.697  15.700  16.357 0.6000000238
81473  -46.516  13.025  11.699 0.6999999881
82782  -46.289  14.322  13.854 0.6000000238
82153  -47.213  13.741  12.163 0.6000000238
82783  -47.446  14.419  13.458 0.6000000238
82154  -48.272  14.109  11.785 0.6000000238
84187  -41.413  17.024  13.021 0.6999999881
84872  -42.780  17.385  13.880 0.5000000000
84873  -43.694  17.203  14.059 0.6000000238
84874  -44.589  17.095  14.199 0.5000000000
84858  -45.057  17.648  14.622 0.5000000000
84846  -47.736  17.843  15.144 0.4000000060
85476  -45.617  18.246  14.959 0.5000000000
85465  -48.437  18.398  15.496 0.4000000060
86058  -48.149  19.141  15.538 0.5000000000
86697  -48.601  19.866  15.438 0.5000000000
75362  -44.074  4.331  4.496 0.3000000119
77938  -42.753  7.828  13.794 0.8000000119
125139  -42.598  6.164  6.445 0.5000000000
76284  -42.823  5.545  6.085 0.5000000000
77165  -42.034  6.564  7.714 0.6999999881
78707  -41.799  8.420  10.722 0.8000000119
77982  -41.664  7.661  8.716 0.6999999881
78688  -43.513  8.097  12.863 0.8000000119
80759  -42.417  11.328  14.691 0.8000000119
121811  -43.391  10.015  13.959 0.8000000119
78681  -44.143  8.457  13.374 0.8000000119
81445  -42.341  12.971  15.982 0.6999999881
120983  -42.354  12.272  15.016 0.6999999881
80765  -42.771  12.232  14.423 0.8000000119
81449  -42.586  12.952  15.426 0.6999999881
81450  -42.934  12.996  14.907 0.8000000119
81456  -43.272  13.025  14.269 0.6999999881
82133  -43.228  13.422  15.447 0.6999999881
82141  -43.749  13.575  14.939 0.8000000119
82142  -44.525  13.935  14.584 0.6999999881
82759  -46.239  15.254  16.071 0.6999999881
83497  -46.696  15.726  16.803 0.6999999881
82763  -45.871  14.776  15.303 0.6000000238
84158  -50.124  16.827  17.166 0.5000000000
110613  -49.898  19.560  16.355 0.3000000119
86059  -49.257  19.078  15.908 0.4000000060
85466  -49.620  18.159  15.796 0.4000000060
84871  -41.889  17.570  13.634 0.6000000238
85474  -43.846  18.674  14.466 0.5000000000
109811  -46.222  18.756  15.135 0.4000000060
85464  -47.226  18.735  15.343 0.5000000000
86057  -47.498  19.712  15.263 0.5000000000
75363  -47.072  3.875  3.363 0.3000000119
120397  -46.197  3.643  3.827 0.3000000119
74365  -45.147  3.684  4.356 0.3000000119
77151  -41.252  6.792  10.230 0.6000000238
117741  -42.248  5.957  7.447 0.6000000238
75347  -43.885  4.401  5.210 0.3000000119
77948  -42.745  7.845  13.231 0.8000000119
77956  -41.537  7.649  11.633 0.8000000119
77975  -41.461  7.316  9.598 0.8000000119
75361  -43.540  5.001  4.951 0.5000000000
80063  -41.464  10.334  15.378 0.6000000238
78658  -42.450  8.805  14.619 0.8000000119
128255  -41.638  8.036  11.098 0.6999999881
77173  -42.404  6.410  7.042 0.6999999881
79386  -41.883  9.561  15.054 0.8000000119
78670  -42.875  8.131  14.151 0.8000000119
77957  -42.423  8.039  12.424 0.8000000119
77939  -43.521  8.090  13.492 0.8000000119
80070  -42.735  10.300  14.464 0.8000000119
79398  -43.087  9.216  14.286 0.8000000119
78698  -42.065  8.302  11.526 0.8000000119
81448  -41.983  12.373  15.609 0.6999999881
80758  -41.765  11.395  15.287 0.6999999881
79399  -43.863  9.035  13.797 0.8000000119
82125  -42.880  13.716  16.727 0.6999999881
82129  -42.717  13.388  16.210 0.6999999881
82751  -43.145  14.215  17.260 0.6999999881
82126  -43.590  14.123  16.586 0.6999999881
82130  -44.011  14.183  16.084 0.6999999881
82757  -44.672  14.625  16.209 0.6999999881
82758  -45.426  14.961  16.096 0.6999999881
83502  -45.771  15.406  16.741 0.6999999881
82756  -44.161  14.465  16.540 0.6999999881
82753  -44.570  14.850  16.905 0.6000000238
83496  -45.160  15.409  17.336 0.6999999881
111503  -46.033  15.829  17.419 0.6999999881
84155  -47.148  16.556  17.790 0.5000000000
84144  -48.617  17.285  18.274 0.5000000000
84834  -49.695  17.344  17.942 0.4000000060
85451  -50.300  18.269  17.781 0.4000000060
85457  -50.569  18.033  17.023 0.4000000060
119415  -50.198  18.681  16.526 0.3000000119
122024  -49.467  20.147  15.735 0.3000000119
86707  -49.652  21.143  14.914 0.3000000119
87384  -47.625  21.326  13.817 0.2000000030
86718  -44.321  20.599  14.054 0.3000000119
86068  -44.364  19.615  14.447 0.3000000119
86719  -45.022  21.068  13.749 0.3000000119
87368  -45.899  20.987  14.056 0.3000000119
86704  -46.130  20.318  14.611 0.3000000119
87369  -47.016  20.913  14.377 0.4000000060
87370  -48.407  21.055  14.313 0.2000000030
85475  -44.717  18.551  14.685 0.4000000060
86069  -45.482  19.372  14.808 0.4000000060
123790  -46.965  20.249  14.855 0.3000000119
86705  -47.914  20.465  14.928 0.4000000060
86070  -46.528  19.560  15.041 0.4000000060
79387  -42.446  9.654  14.686 0.8000000119
78671  -43.499  8.469  13.906 0.8000000119
81441  -41.257  12.835  16.955 0.6999999881
80064  -42.090  10.434  14.912 0.8000000119
81444  -41.651  12.575  16.265 0.6999999881
82124  -41.537  13.398  17.382 0.6000000238
82746  -41.766  14.488  18.083 0.4000000060
82747  -42.680  14.600  17.886 0.5000000000
83485  -43.213  15.229  18.015 0.6000000238
84139  -43.860  15.826  18.196 0.5000000000
83487  -45.471  15.984  17.972 0.5000000000
84154  -46.307  16.323  17.903 0.4000000060
84143  -47.650  17.042  18.153 0.3000000119
84821  -48.575  17.918  18.705 0.4000000060
85441  -49.729  18.408  18.434 0.4000000060
117555  -49.817  19.681  17.774 0.3000000119
84820  -47.328  17.412  18.368 0.3000000119
115953  -47.827  17.967  18.659 0.3000000119
121344  -50.359  18.857  17.407 0.3000000119
86050  -50.235  19.360  16.942 0.3000000119
84152  -42.131  16.135  17.882 0.4000000060
84138  -42.974  15.842  18.157 0.4000000060
84818  -44.479  17.178  18.159 0.3000000119
130273  -45.229  17.879  18.154 0.3000000119
123117  -47.073  17.946  18.474 0.3000000119
85439  -48.427  18.656  18.870 0.4000000060
86671  -49.394  19.600  18.709 0.3000000119
87347  -49.516  20.598  17.606 0.3000000119
84832  -42.447  17.568  17.456 0.4000000060
112473  -42.793  18.297  17.308 0.1000000015
84153  -42.860  16.713  17.842 0.4000000060
126888  -43.446  17.553  17.721 0.3000000119
85449  -44.423  18.660  17.674 0.1000000015
85450  -45.325  18.940  17.903 0.2000000030
84817  -43.785  16.624  18.146 0.3000000119
84833  -44.220  17.948  17.798 0.3000000119
85437  -46.265  18.368  18.340 0.3000000119
86032  -48.337  19.629  18.883 0.3000000119
86682  -49.278  20.442  18.637 0.3000000119
87346  -49.079  21.259  18.483 0.3000000119
86038  -43.023  19.175  17.086 0.1000000015
86039  -43.613  19.951  17.128 0.2000000030
127878  -44.150  20.228  17.276 0.1000000015
86680  -45.518  20.788  17.658 0.2000000030
87344  -45.800  21.678  17.812 0.2000000030
116391  -43.815  19.164  17.357 0.1000000015
86679  -44.675  20.482  17.417 0.2000000030
86041  -45.382  19.890  17.698 0.2000000030
86681  -46.506  20.975  18.013 0.2000000030
86030  -46.256  19.377  18.177 0.3000000119
86031  -47.235  20.118  18.391 0.3000000119
126202  -48.495  21.405  18.801 0.3000000119
83512  -47.822  15.319  15.471 0.6000000238
82765  -47.889  14.959  14.599 0.6999999881
82790  -47.982  14.275  12.573 0.6000000238
121305  -47.132  11.616  9.377 0.8000000119
80808  -45.831  11.364  8.719 0.8000000119
80802  -46.395  11.191  9.418 0.8000000119
84159  -50.719  16.866  16.424 0.4000000060
81480  -48.031  13.274  10.653 0.6000000238
80119  -44.903  11.153  8.943 0.8000000119
80851  -44.725  10.999  2.398 0.6999999881
80123  -43.240  10.576  7.734 0.6999999881
82236  -44.959  14.171  -0.245 0.6000000238
82227  -43.583  14.214  0.872 0.6000000238
84870  -41.000  17.731  13.348 0.6000000238
84835  -50.436  17.512  17.301 0.4000000060
72528  -46.730  1.899  0.842 0.2000000030
76333  -42.351  5.614  1.139 0.3000000119
76355  -44.882  5.022  -2.566 0.3000000119
76295  -39.659  5.643  5.969 0.1000000015
76296  -40.215  5.459  5.231 0.1000000015
77197  -40.408  6.333  4.705 0.1000000015
125594  -41.744  6.671  2.079 0.3000000119
77220  -41.466  7.081  2.640 0.3000000119
77224  -42.272  6.648  1.241 0.3000000119
77231  -43.480  6.870  -1.108 0.4000000060
77237  -44.938  7.019  -2.363 0.4000000060
74399  -49.204  3.766  1.608 0.3000000119
125176  -41.059  8.001  3.715 0.3000000119
78031  -41.246  7.580  3.245 0.3000000119
78041  -41.943  8.114  1.822 0.3000000119
78778  -41.728  8.541  2.419 0.3000000119
78788  -42.909  8.226  -0.125 0.3000000119
79486  -42.024  9.138  2.217 0.3000000119
79494  -42.396  9.194  1.369 0.3000000119
78796  -43.766  8.365  -1.516 0.6000000238
78802  -44.807  8.549  -1.843 0.5000000000
78052  -44.368  7.612  -2.029 0.4000000060
78057  -45.022  7.879  -2.178 0.4000000060
77214  -51.215  7.104  2.729 0.3000000119
109837  -43.482  7.404  3.778 0.6999999881
76317  -43.842  5.350  3.487 0.3000000119
74407  -45.634  3.954  0.686 0.2000000030
129231  -43.818  9.601  -1.405 0.4000000060
77228  -45.013  6.980  -1.098 0.4000000060
80164  -43.387  10.778  0.254 0.5000000000
79516  -44.458  9.188  -1.487 0.6000000238
80184  -44.284  10.130  -1.166 0.6000000238
79510  -43.979  9.944  -1.429 0.5000000000
118621  -44.807  9.117  -0.888 0.6000000238
124542  -44.695  8.777  -1.626 0.6000000238
78053  -45.167  7.860  -1.893 0.4000000060
80857  -43.560  11.845  0.514 0.6000000238
80850  -43.360  12.304  1.664 0.6000000238
81568  -44.257  12.119  -0.308 0.6000000238
115190  -43.866  12.271  -0.018 0.6000000238
81563  -44.101  12.906  -0.005 0.6000000238
82235  -44.183  13.991  0.206 0.6000000238
80150  -44.793  10.758  1.519 0.6999999881
80154  -44.639  10.090  0.891 0.6000000238
79504  -44.708  9.565  -0.232 0.6000000238
80155  -44.922  10.931  0.684 0.6999999881
79511  -44.564  9.360  -1.266 0.6000000238
80111  -45.969  10.616  10.028 0.6999999881
80102  -45.427  10.177  10.593 0.6999999881
80795  -47.121  11.822  10.033 0.6999999881
80095  -46.389  11.061  10.566 0.6999999881
80094  -45.808  10.401  11.262 0.6999999881
80786  -46.301  11.461  11.049 0.6999999881
127169  -47.942  4.304  4.668 0.3000000119
75351  -48.424  4.729  4.954 0.3000000119
80778  -45.105  11.281  12.310 0.6999999881
81472  -45.646  12.347  11.933 0.6999999881
82158  -47.635  13.480  11.397 0.6000000238
79411  -44.791  9.182  12.843 0.6999999881
80071  -43.034  11.156  14.162 0.8000000119
80087  -44.962  9.982  12.576 0.6999999881
122045  -44.418  10.984  12.886 0.6999999881
80772  -43.894  11.999  13.201 0.6999999881
112447  -43.977  13.461  14.286 0.6999999881
81463  -43.752  12.983  13.644 0.6999999881
81457  -44.634  13.580  13.766 0.6999999881
81465  -45.928  13.371  12.530 0.6999999881
110173  -45.076  13.313  13.073 0.6000000238
82148  -45.648  13.853  13.427 0.6000000238
82774  -45.860  14.478  14.563 0.6000000238
82775  -46.861  14.674  14.434 0.6000000238
83511  -47.012  15.432  16.035 0.6000000238
83498  -47.579  16.153  17.241 0.6000000238
82149  -46.732  14.061  12.992 0.6000000238
84856  -43.315  17.987  14.348 0.5000000000
84857  -44.167  17.825  14.485 0.5000000000
77928  -42.187  7.727  14.177 0.8000000119
76271  -42.542  5.562  6.926 0.5000000000
118160  -41.751  6.919  8.298 0.6000000238
77967  -41.457  7.651  10.562 0.8000000119
118282  -41.569  6.921  8.921 0.6999999881
82132  -42.847  13.309  15.789 0.6999999881
116420  -43.337  13.692  16.045 0.6999999881
82134  -43.867  13.883  15.584 0.6999999881
113271  -44.419  14.146  15.231 0.8000000119
82773  -45.127  14.400  14.915 0.6000000238
82762  -44.963  14.559  15.579 0.6999999881
125384  -46.729  16.138  17.467 0.6999999881
83499  -48.487  16.361  17.318 0.3000000119
84157  -49.066  16.783  17.659 0.5000000000
85486  -42.464  18.317  14.141 0.6000000238
85473  -42.707  19.231  14.154 0.6000000238
120738  -41.967  5.878  7.883 0.5000000000
130183  -43.026  8.577  14.264 0.8000000119
82128  -42.096  13.247  16.702 0.6999999881
115843  -42.219  13.892  17.531 0.6000000238
82748  -43.426  14.718  17.638 0.6999999881
125647  -44.380  14.296  15.728 0.6999999881
82754  -45.133  15.068  16.643 0.6999999881
83495  -44.161  15.135  17.667 0.6000000238
83486  -44.715  15.694  17.977 0.6000000238
84142  -46.756  16.893  18.151 0.4000000060
84156  -48.047  16.681  17.821 0.4000000060
127260  -48.016  17.487  18.471 0.3000000119
84822  -49.329  17.872  18.488 0.5000000000
84823  -50.028  17.864  18.095 0.4000000060
86043  -49.886  18.967  18.201 0.4000000060
116404  -45.169  20.395  14.334 0.4000000060
80754  -41.299  11.830  15.927 0.6000000238
113022  -41.551  15.711  17.926 0.5000000000
82745  -40.853  14.414  18.211 0.4000000060
83484  -42.244  15.248  18.149 0.4000000060
84140  -44.697  16.300  18.187 0.5000000000
84141  -45.632  16.799  18.262 0.3000000119
84819  -46.389  17.484  18.367 0.3000000119
85440  -49.116  18.510  18.822 0.4000000060
130731  -49.423  18.961  18.722 0.4000000060
85438  -47.359  18.833  18.587 0.4000000060
108905  -41.892  16.933  17.558 0.3000000119
128729  -43.369  16.246  18.176 0.4000000060
86033  -49.023  19.267  19.016 0.4000000060
110369  -49.015  20.185  19.071 0.3000000119
87352  -49.136  21.496  17.342 0.2000000030
85447  -42.081  18.162  17.132 0.2000000030
85448  -43.606  18.469  17.482 0.1000000015
86040  -44.471  19.605  17.460 0.1000000015
86670  -48.435  20.667  18.864 0.3000000119
116281  -48.963  21.144  18.951 0.3000000119
86042  -46.151  20.218  17.964 0.3000000119
76275  -54.708  6.055  6.569 0.2000000030
75325  -54.500  5.383  7.223 0.2000000030
75324  -53.251  5.055  7.003 0.2000000030
74331  -52.714  4.349  7.541 0.2000000030
76287  -54.238  6.404  5.949 0.2000000030
75341  -53.751  5.723  6.487 0.2000000030
75340  -52.778  5.303  6.124 0.2000000030
74348  -52.281  4.643  6.540 0.2000000030
77194  -55.365  8.206  5.276 0.2000000030
77184  -54.771  7.323  5.363 0.2000000030
76286  -53.253  5.878  5.656 0.2000000030
74347  -51.807  3.991  7.162 0.2000000030
73334  -51.058  3.446  6.743 0.2000000030
73333  -50.438  2.847  6.460 0.2000000030
109859  -50.312  2.871  5.582 0.2000000030
72469  -49.923  2.302  6.058 0.1000000015
72478  -49.454  1.748  5.577 0.2000000030
71588  -48.986  1.123  6.223 0.2000000030
78748  -54.704  9.560  5.520 0.2000000030
79466  -55.091  9.540  6.032 0.2000000030
78017  -55.018  8.971  4.657 0.2000000030
78758  -55.109  9.391  5.170 0.2000000030
79472  -55.212  9.466  5.704 0.2000000030
113191  -54.004  7.455  4.497 0.2000000030
122170  -52.493  5.425  5.388 0.2000000030
110966  -51.436  4.145  5.928 0.2000000030
128588  -51.461  4.418  5.224 0.2000000030
126450  -50.766  3.452  5.714 0.2000000030
71598  -48.228  0.632  4.908 0.1000000015
71587  -48.333  0.602  5.864 0.1000000015
70786  -47.667  0.104  5.493 0.1000000015
71599  -48.877  1.164  5.241 0.2000000030
70791  -45.827  -1.337  3.587 0.1000000015
70792  -46.582  -0.622  4.287 0.1000000015
107756  -45.283  -1.949  3.130 0.1000000015
77994  -54.183  8.982  6.860 0.2000000030
78766  -54.638  9.268  4.512 0.2000000030
78016  -53.942  9.407  4.819 0.2000000030
77204  -54.591  8.256  4.475 0.2000000030
78756  -53.887  9.179  4.110 0.2000000030
78027  -53.483  8.716  3.764 0.2000000030
76302  -53.675  6.632  5.103 0.2000000030
75354  -52.046  5.253  4.956 0.2000000030
75353  -51.536  4.692  4.766 0.2000000030
75367  -51.967  5.373  4.361 0.2000000030
74357  -51.070  3.965  4.957 0.2000000030
73340  -50.539  3.211  4.910 0.2000000030
72479  -49.983  2.477  4.975 0.2000000030
72490  -49.952  2.440  4.123 0.2000000030
72489  -49.350  1.801  4.565 0.2000000030
71606  -47.179  0.211  3.983 0.1000000015
70793  -47.442  0.149  4.622 0.1000000015
71607  -48.080  0.748  4.056 0.1000000015
71608  -48.712  1.158  4.497 0.2000000030
107623  -45.229  -1.261  2.783 0.1000000015
106838  -46.490  -0.206  3.497 0.1000000015
106837  -45.739  -0.926  3.068 0.1000000015
77993  -53.323  8.075  6.597 0.2000000030
78003  -53.191  8.694  5.244 0.2000000030
78015  -53.112  8.909  4.201 0.2000000030
77216  -52.786  8.262  3.467 0.2000000030
78026  -52.965  8.682  3.675 0.2000000030
77202  -52.598  7.409  3.525 0.2000000030
76301  -52.701  5.905  4.786 0.2000000030
75366  -51.430  4.826  4.115 0.2000000030
76310  -52.401  6.273  3.871 0.2000000030
74367  -51.119  4.247  4.389 0.2000000030
117884  -50.348  2.920  4.334 0.2000000030
116132  -49.458  2.061  3.861 0.2000000030
72488  -48.861  1.504  3.920 0.1000000015
72499  -48.251  1.230  3.385 0.1000000015
106846  -44.483  -1.675  2.999 0.1000000015
70801  -44.393  -0.757  2.585 0.1000000015
71620  -44.031  0.097  2.502 0.1000000015
72508  -43.712  1.145  2.648 0.1000000015
74301  -49.543  3.379  9.554 0.2000000030
74300  -48.916  2.861  9.694 0.2000000030
76255  -52.485  6.080  9.663 0.2000000030
72393  -41.330  1.335  13.163 0.2000000030
108010  -48.807  3.133  9.022 0.2000000030
74312  -49.324  3.664  8.592 0.2000000030
73247  -40.855  2.004  12.828 0.2000000030
72415  -41.820  2.021  11.778 0.2000000030
72416  -42.605  1.701  11.322 0.2000000030
72418  -44.504  1.245  11.057 0.2000000030
72429  -44.893  1.476  10.392 0.2000000030
72441  -46.083  1.693  9.907 0.2000000030
73295  -46.350  2.080  9.249 0.2000000030
73296  -47.333  2.386  9.159 0.2000000030
73310  -48.101  2.872  8.658 0.2000000030
74311  -48.613  3.422  8.276 0.2000000030
77984  -52.911  7.162  7.740 0.2000000030
73257  -41.135  2.388  12.149 0.2000000030
72428  -43.959  1.595  10.340 0.2000000030
72439  -44.639  1.773  9.727 0.2000000030
115918  -45.706  1.918  9.383 0.2000000030
74266  -40.815  3.174  11.905 0.2000000030
118351  -41.404  2.731  11.478 0.2000000030
73267  -42.006  2.366  11.179 0.2000000030
73279  -42.481  2.364  10.500 0.2000000030
72438  -43.893  2.061  9.515 0.2000000030
73294  -45.169  1.969  9.327 0.2000000030
73307  -45.521  2.301  8.605 0.2000000030
73308  -46.557  2.427  8.493 0.2000000030
73309  -47.369  2.749  8.206 0.2000000030
125419  -48.002  3.196  8.020 0.2000000030
73291  -42.689  2.686  9.645 0.2000000030
73292  -43.299  2.461  9.366 0.2000000030
73293  -44.579  2.212  9.065 0.2000000030
129651  -46.115  2.487  8.090 0.2000000030
78002  -52.479  8.364  4.653 0.2000000030
74299  -42.940  2.937  8.904 0.2000000030
124950  -44.533  2.485  8.403 0.2000000030
73324  -46.623  2.761  7.647 0.2000000030
74310  -44.040  2.837  7.874 0.2000000030
73351  -49.866  2.547  3.445 0.2000000030
107821  -44.817  -1.139  2.666 0.1000000015
71614  -47.380  0.594  3.503 0.1000000015
72500  -49.078  2.066  3.242 0.1000000015
73349  -42.756  2.589  3.701 0.1000000015
76254  -51.814  5.557  9.178 0.2000000030
76265  -52.496  6.389  8.677 0.2000000030
75296  -50.056  3.991  8.927 0.2000000030
77166  -52.022  6.360  7.684 0.2000000030
75307  -49.726  4.278  8.090 0.2000000030
77175  -52.273  7.030  6.834 0.2000000030
75239  -38.320  4.065  16.114 0.3000000119
75240  -38.838  4.195  15.335 0.3000000119
74244  -39.341  3.156  14.316 0.2000000030
73246  -40.248  2.447  13.356 0.2000000030
74330  -49.060  3.909  7.781 0.2000000030
77183  -52.372  7.765  5.719 0.2000000030
125978  -39.184  3.851  14.674 0.2000000030
75259  -39.539  4.051  14.156 0.2000000030
74255  -39.769  3.275  13.700 0.2000000030
73256  -40.574  2.812  12.591 0.2000000030
74265  -40.467  3.564  12.418 0.2000000030
74277  -41.076  3.529  11.180 0.2000000030
73278  -41.687  2.963  10.757 0.2000000030
124473  -51.702  7.697  4.802 0.2000000030
74287  -41.375  3.794  10.356 0.2000000030
74288  -42.023  3.176  9.994 0.2000000030
74298  -42.335  3.409  9.239 0.2000000030
74308  -42.571  3.640  8.472 0.2000000030
73306  -44.896  2.643  7.728 0.2000000030
73323  -45.748  2.635  7.628 0.2000000030
74327  -45.237  2.995  6.926 0.2000000030
74344  -46.643  3.419  6.291 0.2000000030
74356  -47.286  3.692  5.771 0.2000000030
74324  -42.814  3.936  7.654 0.2000000030
74325  -43.588  3.495  7.383 0.2000000030
74326  -44.394  3.191  7.139 0.2000000030
74341  -43.843  3.762  6.587 0.2000000030
74342  -44.665  3.472  6.353 0.2000000030
74343  -45.639  3.404  6.107 0.2000000030
74354  -45.501  3.599  5.213 0.2000000030
74353  -44.835  3.639  5.656 0.2000000030
74366  -46.275  3.625  4.630 0.2000000030
75335  -44.053  4.032  5.807 0.2000000030
75348  -44.545  3.906  5.103 0.2000000030
70807  -44.868  -0.213  2.000 0.1000000015
125814  -45.634  -0.607  2.697 0.1000000015
107879  -46.148  -0.114  2.918 0.1000000015
106835  -46.559  0.594  2.563 0.1000000015
107518  -45.417  0.140  1.905 0.1000000015
122655  -46.043  0.621  1.909 0.1000000015
70806  -44.437  0.174  1.916 0.1000000015
75360  -41.280  4.356  4.221 0.1000000015
73360  -43.392  2.047  2.292 0.1000000015
74364  -42.280  3.194  4.171 0.1000000015
73350  -43.212  1.957  3.181 0.1000000015
75277  -50.868  4.036  11.523 0.2000000030
75287  -50.627  3.885  10.682 0.2000000030
120616  -50.970  4.381  10.086 0.2000000030
74302  -50.354  3.856  9.816 0.2000000030
75297  -50.730  4.453  9.266 0.2000000030
75309  -51.174  5.027  8.762 0.2000000030
76264  -51.600  5.703  8.288 0.2000000030
75308  -50.462  4.625  8.415 0.2000000030
77174  -51.616  6.397  6.979 0.2000000030
76194  -38.482  5.429  16.641 0.3000000119
76195  -39.059  5.805  16.172 0.3000000119
75323  -50.161  4.848  7.525 0.2000000030
118694  -38.274  4.719  16.513 0.3000000119
76201  -38.682  4.972  15.997 0.3000000119
75247  -39.378  4.669  14.731 0.3000000119
75322  -49.422  4.513  7.240 0.2000000030
76272  -49.807  5.139  6.655 0.2000000030
77182  -51.472  6.865  6.071 0.2000000030
76210  -39.697  5.378  14.767 0.4000000060
75260  -39.933  4.192  13.509 0.4000000060
120808  -40.275  4.246  12.758 0.3000000119
123974  -40.583  4.159  11.843 0.3000000119
75275  -40.634  5.145  11.498 0.5000000000
75321  -48.734  4.155  7.049 0.2000000030
77193  -50.872  6.931  5.001 0.2000000030
75276  -40.861  4.438  10.881 0.5000000000
74297  -41.687  3.953  9.505 0.2000000030
78014  -52.217  8.314  3.785 0.2000000030
75286  -41.206  4.785  9.926 0.5000000000
75305  -41.684  4.685  8.946 0.3000000119
75295  -42.028  4.036  8.818 0.2000000030
74345  -47.421  3.536  6.564 0.2000000030
76262  -42.230  5.336  7.660 0.3000000119
75320  -43.198  4.214  6.929 0.2000000030
75333  -42.940  4.847  6.497 0.3000000119
129184  -43.473  4.340  6.287 0.2000000030
75334  -43.358  4.803  5.719 0.2000000030
119871  -48.314  1.831  2.672 0.1000000015
117368  -44.091  0.694  1.978 0.1000000015
71632  -44.312  0.877  1.520 0.1000000015
126593  -44.735  0.725  1.325 0.1000000015
71626  -45.114  0.442  1.466 0.1000000015
72519  -45.552  0.841  1.258 0.1000000015
73370  -43.060  2.721  2.047 0.1000000015
72518  -43.839  1.365  1.710 0.1000000015
74383  -42.638  3.358  2.399 0.1000000015
115572  -43.466  2.258  1.275 0.1000000015
75380  -42.409  4.152  1.854 0.1000000015
74394  -43.322  2.962  0.656 0.1000000015
75270  -51.582  4.919  12.632 0.2000000030
122129  -51.999  5.431  11.873 0.2000000030
75278  -51.479  4.676  11.683 0.2000000030
76238  -51.931  5.177  10.933 0.2000000030
75288  -51.255  4.455  10.864 0.2000000030
129839  -51.501  4.821  10.296 0.2000000030
75298  -51.365  4.896  9.592 0.2000000030
76246  -51.931  5.373  10.026 0.2000000030
76263  -50.859  5.261  7.913 0.2000000030
76274  -51.308  5.837  7.425 0.2000000030
77109  -39.624  6.135  15.749 0.4000000060
76202  -39.951  5.998  15.160 0.4000000060
76273  -50.583  5.548  6.932 0.2000000030
125776  -51.136  6.108  6.708 0.2000000030
75248  -39.800  5.000  14.083 0.4000000060
111682  -40.221  5.598  13.816 0.5000000000
76285  -50.692  6.219  6.069 0.2000000030
120834  -40.165  5.021  13.297 0.4000000060
121595  -40.419  5.074  12.444 0.5000000000
128480  -50.149  5.704  6.144 0.2000000030
125374  -49.544  5.555  5.708 0.2000000030
76300  -50.137  6.234  5.257 0.2000000030
75285  -40.845  5.255  10.676 0.5000000000
76245  -41.104  5.904  10.149 0.5000000000
76253  -41.444  5.557  9.203 0.4000000060
77164  -41.685  6.216  8.490 0.5000000000
76319  -49.384  6.024  3.097 0.2000000030
127405  -46.931  3.814  4.124 0.2000000030
72524  -44.151  1.459  0.828 0.1000000015
72525  -44.740  1.378  0.549 0.1000000015
73380  -43.721  2.249  0.171 0.1000000015
72533  -44.299  1.922  -0.097 0.1000000015
74406  -42.881  3.864  0.655 0.1000000015
78669  -42.018  8.107  14.605 0.6999999881
77927  -41.549  7.548  14.571 0.6999999881
77926  -40.951  7.206  15.069 0.6000000238
77118  -41.092  6.921  14.298 0.6000000238
77937  -41.973  7.533  13.606 0.6000000238
77101  -40.206  6.811  15.615 0.6000000238
115734  -40.523  6.477  14.812 0.6000000238
111295  -40.553  6.224  14.027 0.6000000238
77128  -40.885  6.630  13.513 0.6000000238
77129  -41.273  7.043  13.081 0.6000000238
77137  -41.054  6.844  12.065 0.6000000238
76223  -40.474  5.891  13.147 0.6000000238
77136  -40.808  6.491  12.782 0.5000000000
76237  -40.864  6.067  11.147 0.6000000238
108830  -41.160  6.916  11.031 0.6000000238
128508  -41.094  6.424  10.633 0.6000000238
76298  -48.861  5.467  4.354 0.2000000030
77156  -41.410  6.452  9.433 0.5000000000
76315  -41.261  5.796  3.290 0.1000000015
73386  -43.945  2.508  -0.669 0.1000000015
76324  -41.629  5.485  2.583 0.2000000030
75390  -42.067  5.096  1.871 0.2000000030
112811  -43.472  3.190  -0.296 0.1000000015
118603  -42.777  4.603  0.290 0.2000000030
126039  -41.198  8.553  3.892 0.1000000015
76337  -42.623  5.212  0.460 0.2000000030
79455  -40.336  9.802  7.033 0.1000000015
80126  -40.754  10.256  6.395 0.1000000015
79463  -40.471  9.283  6.176 0.1000000015
80131  -41.094  10.051  5.521 0.1000000015
79476  -41.007  8.824  4.521 0.2000000030
79469  -40.790  9.116  5.238 0.2000000030
78764  -41.399  9.188  3.977 0.2000000030
80820  -40.939  11.174  6.672 0.1000000015
119986  -41.488  11.018  5.452 0.1000000015
79470  -41.290  9.583  4.647 0.2000000030
80143  -41.749  9.953  3.834 0.2000000030
79481  -41.649  9.344  3.414 0.2000000030
82818  -35.251  14.274  7.873 0.1000000015
82819  -35.949  14.199  7.729 0.1000000015
80821  -41.386  11.531  6.042 0.1000000015
119875  -41.663  11.837  5.527 0.1000000015
80843  -42.137  10.935  4.073 0.1000000015
80144  -42.342  10.555  3.179 0.2000000030
82817  -34.866  14.394  8.190 0.1000000015
82831  -36.214  14.558  6.807 0.1000000015
82820  -37.415  14.307  8.008 0.1000000015
81517  -40.954  12.725  6.545 0.1000000015
121955  -41.218  11.994  6.508 0.1000000015
81525  -41.833  12.604  5.210 0.1000000015
80836  -42.385  11.844  4.181 0.2000000030
80844  -42.546  11.560  3.412 0.2000000030
80849  -42.771  11.234  2.328 0.4000000060
84227  -35.379  16.117  9.539 0.2000000030
83572  -34.855  14.982  8.162 0.2000000030
83573  -35.396  15.179  7.450 0.2000000030
82829  -35.148  14.667  7.732 0.2000000030
82830  -35.587  14.731  7.107 0.2000000030
82842  -35.847  14.961  6.085 0.1000000015
82843  -36.402  14.877  5.868 0.2000000030
82853  -36.059  15.185  5.429 0.2000000030
82201  -41.340  13.412  5.206 0.2000000030
81533  -42.227  12.632  4.531 0.3000000119
82209  -42.086  13.508  3.981 0.3000000119
81534  -42.568  12.708  3.653 0.2000000030
114342  -42.908  12.357  2.766 0.3000000119
85484  -40.672  18.541  13.541 0.6000000238
85498  -40.136  17.935  13.091 0.6000000238
83567  -35.355  15.662  8.527 0.2000000030
84237  -36.220  16.114  8.054 0.2000000030
117556  -35.954  15.626  6.953 0.2000000030
83580  -35.694  15.152  6.426 0.2000000030
84245  -36.150  15.693  6.168 0.2000000030
83594  -36.364  15.622  5.150 0.3000000119
82215  -42.259  13.784  3.098 0.4000000060
81550  -43.466  13.375  1.415 0.5000000000
81541  -42.812  13.248  2.908 0.5000000000
81549  -43.203  13.280  2.203 0.5000000000
86079  -40.396  19.436  13.547 0.5000000000
85483  -39.815  18.705  13.311 0.6000000238
85507  -37.097  17.965  11.928 0.4000000060
86078  -39.516  19.533  13.344 0.6000000238
84219  -36.126  16.573  10.236 0.2000000030
84220  -36.943  16.801  10.001 0.3000000119
86066  -43.055  20.032  13.948 0.3000000119
111742  -42.014  19.017  14.045 0.5000000000
112780  -42.695  20.819  13.539 0.2000000030
86081  -42.109  19.894  13.792 0.2000000030
85485  -41.536  18.388  13.818 0.4000000060
87400  -43.140  21.826  12.704 0.2000000030
86080  -41.288  19.261  13.795 0.3000000119
86716  -41.881  20.681  13.435 0.2000000030
117754  -42.748  21.484  13.120 0.2000000030
86715  -41.088  20.252  13.500 0.4000000060
87379  -42.119  21.321  13.140 0.2000000030
87377  -40.522  21.016  13.171 0.4000000060
87378  -41.354  21.138  13.177 0.2000000030
87397  -40.878  21.656  12.783 0.4000000060
77215  -51.936  7.754  3.071 0.2000000030
77200  -50.486  7.324  3.173 0.2000000030
74355  -46.455  3.567  5.471 0.2000000030
75352  -48.912  5.267  5.286 0.2000000030
75349  -47.232  3.853  4.845 0.2000000030
77201  -51.185  7.596  3.690 0.2000000030
75338  -49.037  4.783  6.322 0.2000000030
124478  -49.259  6.042  3.693 0.2000000030
77192  -50.227  6.941  4.051 0.2000000030
77213  -50.441  7.155  2.736 0.2000000030
77199  -49.803  6.735  3.286 0.2000000030
75364  -47.681  4.251  3.921 0.2000000030
75370  -41.578  4.551  3.409 0.1000000015
75391  -42.481  4.735  1.063 0.2000000030
74363  -41.629  3.648  4.581 0.1000000015
119561  -41.437  5.127  3.148 0.2000000030
74371  -42.483  3.317  3.311 0.1000000015
121291  -40.810  12.023  7.072 0.1000000015
84229  -37.202  16.653  9.143 0.3000000119
72534  -44.864  1.820  -0.246 0.1000000015
71633  -45.086  0.918  1.025 0.1000000015
130450  -47.076  1.099  2.439 0.1000000015
129755  -41.464  8.900  3.487 0.2000000030
74329  -48.364  3.606  7.559 0.2000000030
77947  -41.777  7.544  12.713 0.6000000238
78657  -41.650  8.722  15.108 0.6000000238
78024  -51.145  7.574  2.940 0.2000000030
76261  -41.819  5.352  8.342 0.5000000000
75339  -51.925  4.871  5.524 0.2000000030
78018  -55.426  8.735  5.412 0.2000000030
78004  -54.018  9.215  5.881 0.2000000030
76311  -53.174  6.933  4.208 0.2000000030
106845  -45.263  -0.586  2.383 0.1000000015
78025  -51.814  7.920  3.231 0.2000000030
107639  -45.807  0.002  2.446 0.1000000015
73297  -48.257  2.616  9.463 0.2000000030
72405  -41.563  1.680  12.476 0.2000000030
72417  -43.579  1.296  11.286 0.2000000030
72427  -43.134  1.727  10.648 0.2000000030
72440  -45.367  1.681  9.857 0.2000000030
73280  -43.215  2.079  9.973 0.2000000030
73305  -43.768  2.566  8.745 0.2000000030
74309  -43.287  3.221  8.174 0.2000000030
107988  -46.865  3.235  6.959 0.2000000030
106836  -46.770  0.411  3.121 0.1000000015
72498  -47.431  1.017  2.886 0.1000000015
74239  -38.825  3.115  14.908 0.2000000030
74256  -40.176  3.417  13.044 0.2000000030
74328  -46.128  3.037  6.888 0.2000000030
74370  -41.903  3.859  3.764 0.1000000015
73359  -42.912  2.675  2.823 0.1000000015
125736  -39.301  5.343  15.398 0.3000000119
75306  -42.235  4.533  8.151 0.3000000119
75319  -42.628  4.724  7.281 0.3000000119
74393  -42.936  3.224  1.474 0.1000000015
74382  -42.190  4.044  2.909 0.1000000015
76211  -40.124  5.793  14.462 0.4000000060
76231  -40.644  5.933  12.163 0.5000000000
76299  -49.474  6.103  4.483 0.2000000030
77916  -41.314  7.958  15.124 0.6000000238
123452  -41.384  7.104  13.754 0.6000000238
116020  -41.845  4.740  2.614 0.1000000015
80127  -41.164  10.775  6.018 0.1000000015
78754  -40.638  8.450  4.987 0.2000000030
80136  -41.601  10.489  4.732 0.1000000015
82176  -35.643  13.808  8.456 0.1000000015
80835  -41.954  11.584  4.863 0.1000000015
84228  -36.172  16.365  9.250 0.2000000030
84895  -36.729  16.962  10.679 0.3000000119
88069  -41.946  22.266  12.178 0.3000000119
72368  -38.533  1.276  16.054 0.2000000030
74231  -37.836  4.035  16.783 0.2000000030
74232  -37.838  3.155  16.384 0.2000000030
75204  -34.830  1.735  20.312 0.2000000030
75203  -34.398  2.645  19.972 0.2000000030
74201  -35.495  1.290  19.932 0.2000000030
74217  -36.326  1.643  18.558 0.2000000030
73216  -37.028  2.403  17.494 0.2000000030
73226  -37.439  2.385  16.934 0.2000000030
74226  -37.361  3.384  17.157 0.2000000030
76152  -30.199  5.321  21.721 0.2000000030
76153  -30.946  4.968  21.378 0.2000000030
75200  -31.626  4.602  21.110 0.2000000030
119483  -32.482  3.347  21.752 0.2000000030
76166  -31.434  5.349  20.655 0.2000000030
110348  -33.047  3.118  20.940 0.2000000030
75202  -33.823  3.085  20.185 0.2000000030
112972  -34.275  1.990  20.852 0.2000000030
113368  -32.031  5.009  20.524 0.2000000030
76167  -32.617  5.145  20.063 0.2000000030
75210  -33.279  4.409  19.970 0.2000000030
117832  -34.409  3.583  19.558 0.2000000030
75213  -35.296  2.702  19.137 0.2000000030
75221  -35.964  3.533  18.457 0.2000000030
76181  -34.652  5.392  19.109 0.2000000030
76176  -35.256  5.257  18.859 0.2000000030
75220  -35.493  4.315  18.764 0.2000000030
74225  -36.924  3.347  17.632 0.2000000030
116913  -35.926  5.493  18.557 0.2000000030
75227  -37.349  4.338  17.443 0.2000000030
76189  -37.479  5.343  17.582 0.2000000030
77013  -29.127  6.714  24.281 0.1000000015
77045  -28.428  6.875  22.686 0.1000000015
77046  -28.961  6.330  22.609 0.1000000015
77055  -29.215  6.212  21.841 0.1000000015
77056  -29.754  5.938  21.420 0.1000000015
77068  -30.011  6.506  20.825 0.2000000030
76165  -30.576  5.767  20.869 0.2000000030
77069  -31.400  6.270  20.199 0.2000000030
77070  -32.054  5.696  20.112 0.2000000030
77077  -32.182  6.459  19.771 0.2000000030
76175  -33.257  5.557  19.616 0.2000000030
77079  -33.745  6.032  19.340 0.2000000030
127414  -34.357  6.123  19.091 0.2000000030
77086  -35.247  6.155  18.757 0.2000000030
77087  -36.212  6.431  18.452 0.3000000119
77088  -36.990  6.714  18.131 0.4000000060
75228  -37.954  4.962  17.048 0.2000000030
113393  -38.223  6.629  17.311 0.3000000119
124673  -38.808  6.904  16.971 0.3000000119
77100  -39.399  6.696  16.376 0.4000000060
75958  -28.401  5.219  39.012 0.1000000015
76081  -26.980  5.245  27.535 0.1000000015
76066  -26.930  5.203  28.398 0.1000000015
77002  -26.787  6.532  25.615 0.1000000015
77011  -27.746  6.660  25.009 0.1000000015
77847  -27.930  7.223  23.297 0.1000000015
77862  -28.117  7.432  22.315 0.1000000015
77054  -28.716  6.844  21.860 0.1000000015
77870  -29.074  7.351  21.117 0.1000000015
127556  -29.647  7.104  20.811 0.2000000030
77880  -29.605  7.854  20.611 0.2000000030
77882  -31.156  7.155  20.041 0.2000000030
77076  -31.785  6.975  19.810 0.2000000030
110021  -32.773  6.624  19.548 0.2000000030
77890  -33.276  7.081  19.329 0.3000000119
77085  -34.655  6.922  18.867 0.3000000119
77897  -34.825  7.809  18.731 0.3000000119
78639  -35.634  8.168  18.537 0.3000000119
124347  -33.889  6.674  19.186 0.3000000119
77898  -35.636  7.219  18.567 0.3000000119
77904  -37.644  7.109  17.722 0.3000000119
78646  -37.671  7.965  17.757 0.4000000060
77905  -38.387  7.506  17.325 0.4000000060
77910  -39.923  7.598  16.267 0.5000000000
77915  -40.629  7.765  15.653 0.5000000000
113065  -28.320  6.254  38.788 0.1000000015
75954  -28.633  5.580  40.380 0.1000000015
76818  -28.586  6.499  41.413 0.1000000015
75941  -28.801  5.848  42.020 0.1000000015
75973  -27.808  5.858  37.206 0.1000000015
109273  -28.499  6.064  39.708 0.1000000015
76017  -27.318  5.332  33.710 0.1000000015
75994  -27.519  5.254  35.689 0.1000000015
76891  -27.350  6.583  32.389 0.1000000015
76878  -27.273  5.966  33.021 0.1000000015
76914  -27.135  6.158  30.693 0.1000000015
76058  -26.600  5.806  28.697 0.1000000015
76928  -26.660  6.224  29.300 0.1000000015
76929  -26.891  6.814  30.046 0.1000000015
76984  -26.374  6.253  26.562 0.1000000015
76080  -26.470  5.767  28.011 0.1000000015
76945  -26.316  6.555  28.547 0.1000000015
77781  -25.759  7.036  26.981 0.1000000015
77795  -25.956  7.005  26.031 0.1000000015
77811  -26.316  7.295  25.221 0.1000000015
77827  -27.492  7.211  24.215 0.1000000015
77846  -27.202  7.725  23.546 0.1000000015
77861  -27.509  7.881  22.711 0.1000000015
77869  -28.463  7.742  21.543 0.1000000015
78613  -28.921  8.204  20.915 0.1000000015
77881  -30.335  7.363  20.387 0.2000000030
78623  -31.012  7.997  19.918 0.2000000030
77888  -31.753  7.696  19.726 0.2000000030
127180  -32.369  8.100  19.517 0.2000000030
111910  -33.211  8.028  19.281 0.3000000119
77891  -34.001  7.488  19.054 0.3000000119
78630  -32.682  8.830  19.440 0.2000000030
78632  -34.137  8.378  18.971 0.3000000119
78638  -34.964  8.681  18.719 0.3000000119
77900  -37.043  7.544  18.133 0.4000000060
124270  -36.256  8.503  18.407 0.4000000060
79371  -37.713  8.797  17.804 0.4000000060
78648  -38.844  8.079  17.127 0.5000000000
78650  -39.477  8.407  16.707 0.5000000000
78647  -38.305  8.366  17.441 0.4000000060
124492  -38.855  8.653  17.165 0.5000000000
78651  -40.269  8.505  16.152 0.5000000000
78656  -40.926  8.635  15.588 0.5000000000
111432  -28.510  6.837  40.020 0.1000000015
77670  -28.552  7.533  42.550 0.1000000015
75985  -27.597  5.771  36.351 0.1000000015
76851  -27.755  6.676  36.572 0.1000000015
76836  -28.150  6.620  37.916 0.1000000015
76828  -28.439  6.906  39.323 0.1000000015
77680  -28.522  7.278  40.703 0.1000000015
109853  -27.469  6.739  34.878 0.1000000015
76858  -27.491  6.221  35.673 0.1000000015
77704  -27.959  7.571  36.446 0.1000000015
77696  -28.127  7.380  37.263 0.1000000015
77690  -28.394  7.537  38.163 0.1000000015
77745  -27.512  7.390  32.643 0.1000000015
124713  -27.393  6.822  33.193 0.1000000015
77714  -27.752  7.661  34.932 0.1000000015
77765  -27.231  7.079  30.959 0.1000000015
77758  -27.417  7.247  31.818 0.1000000015
123692  -26.582  6.948  29.288 0.1000000015
110923  -27.160  7.805  30.404 0.1000000015
78530  -27.500  8.043  31.290 0.1000000015
77774  -25.863  7.397  27.977 0.1000000015
111445  -26.348  7.517  28.883 0.1000000015
78540  -26.588  8.318  29.222 0.1000000015
119214  -25.560  7.790  27.238 0.1000000015
78543  -26.096  8.270  28.545 0.1000000015
78555  -25.399  8.465  26.047 0.1000000015
77780  -25.555  7.728  26.470 0.1000000015
78545  -25.369  8.489  26.916 0.1000000015
77810  -25.719  7.768  25.644 0.1000000015
78579  -26.130  8.389  24.137 0.1000000015
78567  -25.580  8.422  25.347 0.1000000015
124252  -26.647  8.159  23.674 0.1000000015
78602  -27.244  8.614  22.326 0.1000000015
78603  -27.834  8.201  21.914 0.1000000015
78612  -28.335  8.601  21.295 0.1000000015
78620  -28.825  8.934  20.840 0.1000000015
78621  -29.539  8.859  20.523 0.2000000030
79343  -29.717  9.728  20.465 0.2000000030
79344  -30.426  9.404  20.198 0.2000000030
78622  -30.303  8.371  20.236 0.2000000030
78629  -31.745  8.634  19.676 0.2000000030
79352  -32.191  9.538  19.599 0.2000000030
79353  -33.034  9.654  19.405 0.2000000030
78631  -33.535  8.995  19.219 0.2000000030
80047  -34.484  10.138  18.962 0.3000000119
79362  -35.129  9.522  18.707 0.3000000119
119393  -35.745  8.962  18.527 0.4000000060
78640  -36.486  9.113  18.361 0.4000000060
79365  -37.175  9.281  18.161 0.5000000000
79372  -38.433  9.228  17.445 0.5000000000
127480  -37.760  9.523  17.841 0.5000000000
79373  -39.230  9.241  16.944 0.5000000000
79378  -39.885  9.235  16.472 0.5000000000
78494  -28.122  8.209  35.791 0.1000000015
111756  -28.372  8.231  36.798 0.1000000015
77734  -27.589  7.557  33.471 0.1000000015
78508  -27.831  8.255  33.528 0.1000000015
112422  -28.141  8.491  34.793 0.1000000015
128635  -27.717  8.455  31.780 0.1000000015
78519  -27.759  8.128  32.870 0.1000000015
78495  -28.648  9.047  35.385 0.1000000015
78531  -27.829  8.969  31.430 0.1000000015
79263  -28.449  9.381  32.773 0.1000000015
78501  -28.116  8.703  33.961 0.1000000015
79249  -28.582  9.201  34.470 0.1000000015
78541  -27.068  8.488  29.875 0.1000000015
78538  -27.479  8.708  30.611 0.1000000015
79270  -28.306  9.507  31.970 0.1000000015
79281  -26.493  9.674  28.844 0.1000000015
79278  -26.827  9.091  29.392 0.1000000015
79978  -27.724  10.057  30.295 0.1000000015
79275  -27.791  9.536  30.750 0.1000000015
79285  -25.556  9.420  27.465 0.1000000015
116993  -25.968  9.100  28.328 0.1000000015
79282  -27.013  9.763  29.432 0.1000000015
79981  -27.407  10.231  29.735 0.1000000015
79291  -25.291  9.289  26.449 0.1000000015
79988  -25.425  10.186  26.772 0.1000000015
79984  -26.419  10.527  28.410 0.1000000015
78578  -25.644  8.767  24.714 0.1000000015
79295  -25.355  9.260  25.485 0.1000000015
79993  -25.393  10.781  26.115 0.1000000015
79302  -25.758  9.139  23.971 0.1000000015
79301  -25.479  9.614  24.593 0.1000000015
78601  -26.744  8.895  22.697 0.1000000015
79310  -25.977  9.652  23.381 0.1000000015
79323  -26.983  9.374  22.208 0.1000000015
80028  -27.297  10.072  21.783 0.1000000015
79336  -28.394  9.436  21.044 0.1000000015
119442  -28.254  10.833  21.095 0.2000000030
80038  -30.976  10.277  20.093 0.2000000030
80736  -32.244  10.979  19.767 0.2000000030
115607  -32.890  10.917  19.555 0.3000000119
116539  -33.446  11.901  19.465 0.3000000119
79345  -31.337  9.495  19.847 0.2000000030
80045  -32.590  10.304  19.575 0.2000000030
111767  -34.057  10.793  19.178 0.3000000119
125236  -35.447  10.777  18.708 0.5000000000
80743  -36.549  11.654  18.568 0.5000000000
112249  -36.994  10.937  18.388 0.5000000000
79354  -33.790  9.799  19.197 0.2000000030
80051  -35.296  10.297  18.701 0.3000000119
120401  -36.543  10.342  18.429 0.5000000000
80054  -37.792  10.959  18.101 0.6000000238
80056  -38.271  10.197  17.663 0.5000000000
79363  -35.971  9.789  18.501 0.4000000060
79364  -36.712  9.725  18.341 0.5000000000
127596  -38.970  9.858  17.195 0.5000000000
129902  -40.108  9.772  16.358 0.5000000000
80060  -40.374  10.383  16.241 0.5000000000
79379  -40.518  9.448  16.009 0.5000000000
79250  -29.145  9.711  34.964 0.1000000015
79264  -28.956  9.909  33.207 0.1000000015
79258  -29.053  9.814  34.065 0.1000000015
79276  -28.155  9.710  31.319 0.1000000015
79963  -28.800  10.037  32.395 0.1000000015
79956  -29.523  10.396  33.624 0.1000000015
79979  -28.211  10.345  30.835 0.1000000015
114164  -29.186  10.667  31.979 0.1000000015
79957  -29.973  10.994  33.178 0.1000000015
113877  -30.149  10.842  34.017 0.1000000015
79985  -26.946  10.412  29.115 0.1000000015
80683  -27.464  11.006  29.427 0.1000000015
79971  -28.845  10.917  31.234 0.1000000015
126208  -25.645  11.030  26.905 0.1000000015
79989  -25.850  10.534  27.606 0.1000000015
79999  -25.520  10.427  24.317 0.1000000015
80698  -25.504  11.365  25.413 0.1000000015
80713  -26.107  11.180  23.061 0.2000000030
80707  -25.691  11.199  23.944 0.1000000015
80714  -26.667  11.483  22.412 0.2000000030
126686  -26.522  10.791  22.514 0.1000000015
120709  -26.998  10.841  22.021 0.1000000015
119906  -27.640  10.872  21.514 0.2000000030
80730  -28.931  11.187  20.775 0.2000000030
117076  -29.835  11.138  20.517 0.2000000030
118145  -31.147  11.796  20.197 0.2000000030
80737  -32.758  11.628  19.639 0.2000000030
80739  -34.191  11.673  19.232 0.3000000119
118582  -37.059  12.304  18.566 0.5000000000
81436  -38.527  12.480  18.314 0.5000000000
81437  -39.208  12.543  18.107 0.6000000238
82123  -40.799  13.220  17.647 0.5000000000
80740  -35.071  11.865  18.942 0.4000000060
80745  -38.186  11.749  18.170 0.5000000000
80746  -38.956  11.913  17.875 0.6000000238
81440  -40.448  12.522  17.286 0.6000000238
80748  -38.634  11.138  17.708 0.5000000000
80749  -39.412  11.426  17.329 0.6000000238
80750  -40.139  11.786  16.933 0.6000000238
80057  -39.156  10.591  17.234 0.5000000000
80752  -39.858  10.941  16.748 0.5000000000
80757  -41.046  10.942  15.799 0.5000000000
80059  -39.643  10.016  16.705 0.5000000000
129430  -40.894  10.132  15.763 0.5000000000
80657  -29.771  11.160  32.363 0.1000000015
80650  -30.602  11.453  33.556 0.1000000015
80686  -26.971  11.216  28.707 0.1000000015
80666  -29.514  11.365  31.580 0.1000000015
81399  -26.199  12.529  26.489 0.1000000015
81394  -26.613  12.313  27.449 0.1000000015
81391  -27.839  12.712  28.572 0.1000000015
80702  -25.698  11.963  24.578 0.1000000015
80699  -25.774  12.262  25.568 0.1000000015
118021  -25.974  11.984  23.573 0.1000000015
118423  -26.338  11.962  22.870 0.2000000030
80724  -27.302  11.640  21.837 0.2000000030
80725  -28.147  11.668  21.277 0.2000000030
80726  -28.840  12.018  20.943 0.2000000030
80731  -29.516  11.930  20.693 0.2000000030
81432  -35.226  12.747  19.005 0.4000000060
125128  -36.467  12.373  18.652 0.4000000060
121488  -36.073  12.866  18.761 0.4000000060
81417  -26.874  12.398  22.390 0.2000000030
82121  -41.273  13.858  17.956 0.5000000000
79385  -41.213  9.469  15.493 0.5000000000
81443  -40.882  12.175  16.568 0.6000000238
74238  -38.312  3.089  15.663 0.2000000030
77099  -38.697  6.216  16.797 0.3000000119
77094  -38.106  5.805  17.213 0.2000000030
116679  -34.834  3.257  19.342 0.2000000030
75226  -36.690  4.037  17.977 0.2000000030
75186  -31.241  4.402  21.870 0.1000000015
75201  -32.359  4.184  20.767 0.2000000030
75211  -34.151  4.452  19.483 0.2000000030
75212  -34.835  4.484  19.168 0.2000000030
110838  -33.920  5.376  19.401 0.2000000030
76182  -36.350  4.737  18.325 0.2000000030
76188  -36.972  4.878  17.921 0.2000000030
76183  -36.817  5.721  18.139 0.2000000030
77012  -28.260  6.856  24.183 0.1000000015
77030  -28.603  6.721  23.429 0.1000000015
77067  -29.379  6.615  21.304 0.1000000015
112592  -30.686  6.597  20.442 0.2000000030
77889  -32.478  7.286  19.549 0.2000000030
115755  -36.474  7.159  18.357 0.3000000119
77093  -37.553  6.234  17.686 0.2000000030
77909  -39.161  7.517  16.829 0.4000000060
74982  -28.803  4.396  39.553 0.1000000015
75964  -28.146  5.610  38.119 0.1000000015
77812  -26.981  7.015  24.852 0.1000000015
129910  -26.918  6.023  26.123 0.1000000015
77899  -36.357  7.841  18.374 0.3000000119
125985  -28.361  7.002  38.634 0.1000000015
76823  -28.568  6.309  40.579 0.1000000015
76811  -28.613  6.665  42.288 0.1000000015
76812  -28.885  6.015  42.858 0.1000000015
76005  -27.365  5.619  34.751 0.1000000015
76867  -27.350  6.401  33.927 0.1000000015
76903  -27.283  6.383  31.537 0.1000000015
77772  -26.775  7.650  29.632 0.1000000015
76963  -26.099  6.406  27.575 0.1000000015
78568  -25.928  7.983  24.867 0.1000000015
123385  -26.665  7.655  24.350 0.1000000015
78590  -26.926  8.321  23.034 0.1000000015
129826  -30.949  8.779  19.934 0.2000000030
79355  -34.334  9.256  18.951 0.3000000119
78641  -36.981  8.435  18.188 0.4000000060
77685  -28.500  7.536  39.801 0.1000000015
77713  -27.703  7.203  35.730 0.1000000015
112449  -28.480  7.628  38.992 0.1000000015
77724  -27.756  8.016  34.158 0.1000000015
77723  -27.523  7.243  34.187 0.1000000015
78589  -26.330  8.831  23.347 0.1000000015
79335  -27.662  9.167  21.621 0.1000000015
79342  -29.071  9.603  20.676 0.2000000030
80037  -30.175  10.342  20.371 0.2000000030
80044  -31.793  10.276  19.798 0.2000000030
80046  -33.396  10.430  19.367 0.3000000119
124753  -33.933  10.293  19.186 0.3000000119
80053  -37.322  10.128  18.167 0.5000000000
78509  -28.108  8.761  33.169 0.1000000015
78520  -27.950  8.756  32.301 0.1000000015
79257  -28.533  9.309  33.608 0.1000000015
79279  -27.369  9.402  30.003 0.1000000015
79286  -25.993  9.869  28.174 0.1000000015
79982  -27.891  10.736  30.095 0.1000000015
116670  -25.256  9.983  26.016 0.1000000015
79995  -25.352  10.368  25.234 0.1000000015
80695  -25.676  11.640  26.288 0.1000000015
80006  -25.797  10.435  23.561 0.1000000015
80016  -26.715  10.135  22.324 0.1000000015
80015  -26.220  10.283  22.897 0.1000000015
80029  -27.960  10.101  21.273 0.1000000015
80035  -28.649  10.263  20.840 0.2000000030
80036  -29.389  10.384  20.580 0.2000000030
80732  -30.663  11.077  20.299 0.2000000030
80734  -31.940  11.709  19.918 0.2000000030
80733  -31.468  11.022  20.043 0.2000000030
80738  -33.456  11.228  19.409 0.3000000119
81429  -32.989  12.397  19.605 0.2000000030
80048  -34.895  10.975  18.916 0.3000000119
80052  -35.886  10.568  18.584 0.4000000060
80742  -35.719  11.270  18.694 0.5000000000
81433  -35.852  12.126  18.746 0.4000000060
80744  -37.393  11.657  18.395 0.5000000000
79948  -29.644  10.294  34.501 0.1000000015
79964  -29.381  10.515  32.783 0.1000000015
79970  -28.589  10.198  31.622 0.1000000015
79949  -30.315  10.705  34.882 0.1000000015
80640  -30.790  11.286  34.390 0.1000000015
80687  -27.597  11.833  29.041 0.1000000015
80677  -29.171  11.651  30.833 0.1000000015
80690  -26.388  11.381  27.875 0.1000000015
80696  -26.011  11.710  27.102 0.1000000015
80701  -25.510  11.077  24.696 0.1000000015
81431  -34.560  12.364  19.181 0.3000000119
81435  -37.766  12.371  18.454 0.5000000000
81439  -39.672  12.201  17.574 0.6000000238
80753  -40.589  11.366  16.339 0.5000000000
80658  -30.412  11.604  32.730 0.1000000015
81390  -27.091  12.073  28.267 0.1000000015
115532  -46.884  2.172  17.675 0.1000000015
72354  -45.984  1.755  17.989 0.1000000015
72345  -44.313  1.526  19.009 0.1000000015
73209  -45.122  1.795  18.694 0.1000000015
72361  -46.458  1.519  17.116 0.1000000015
73208  -41.974  0.839  19.430 0.1000000015
72352  -43.512  1.066  18.680 0.1000000015
72353  -44.400  1.178  18.305 0.1000000015
72359  -45.120  1.199  17.842 0.1000000015
71478  -44.873  0.773  17.084 0.1000000015
72372  -46.033  1.088  16.590 0.1000000015
73207  -40.961  0.177  19.009 0.1000000015
72350  -41.748  0.375  18.686 0.1000000015
71470  -42.908  0.508  17.936 0.1000000015
125690  -44.448  0.837  17.614 0.1000000015
71477  -44.073  0.535  17.035 0.1000000015
71488  -45.365  0.778  16.472 0.1000000015
114859  -38.775  0.101  20.168 0.1000000015
108393  -38.150  -0.078  19.356 0.1000000015
73206  -39.901  -0.183  19.279 0.1000000015
72358  -40.970  -0.279  18.090 0.1000000015
71475  -42.348  -0.014  17.241 0.1000000015
71476  -43.238  0.311  17.108 0.1000000015
71487  -44.521  0.488  16.262 0.1000000015
115349  -45.149  0.577  15.817 0.1000000015
71489  -45.926  0.820  15.829 0.1000000015
71499  -46.122  0.756  15.013 0.1000000015
128777  -37.310  0.311  18.973 0.1000000015
73204  -37.582  0.456  18.171 0.1000000015
73205  -38.624  -0.232  18.804 0.1000000015
73219  -39.212  -0.344  18.279 0.1000000015
72371  -39.769  -0.374  17.778 0.1000000015
127115  -40.192  -0.373  17.293 0.1000000015
70680  -41.716  -0.334  17.079 0.1000000015
71485  -42.744  -0.110  16.293 0.1000000015
71486  -43.648  0.252  16.321 0.1000000015
125925  -44.006  0.259  15.691 0.1000000015
71498  -45.365  0.522  15.141 0.1000000015
71509  -45.653  0.577  14.279 0.1000000015
73218  -38.238  0.203  17.703 0.1000000015
73229  -38.858  0.064  17.249 0.1000000015
72370  -39.462  -0.042  16.846 0.1000000015
71483  -40.176  -0.170  16.531 0.1000000015
70693  -41.453  -0.317  16.157 0.1000000015
70694  -42.019  -0.314  15.931 0.1000000015
71496  -43.347  0.036  15.513 0.1000000015
71508  -44.679  0.360  14.520 0.1000000015
120425  -44.985  0.466  13.808 0.1000000015
71526  -46.321  0.828  13.659 0.1000000015
113697  -37.223  1.462  17.545 0.1000000015
73217  -37.645  1.102  17.176 0.1000000015
73227  -37.997  1.899  16.322 0.1000000015
72369  -38.878  0.578  16.353 0.1000000015
71482  -39.648  0.404  15.938 0.1000000015
72376  -40.058  0.813  15.057 0.1000000015
71505  -41.452  0.479  14.409 0.1000000015
114924  -42.451  0.349  14.131 0.1000000015
71507  -43.904  0.246  14.308 0.1000000015
71523  -44.271  0.385  13.729 0.1000000015
71525  -45.549  0.620  13.379 0.1000000015
71537  -46.158  0.853  12.834 0.1000000015
72409  -46.632  1.173  12.353 0.1000000015
128742  -37.594  3.307  16.796 0.1000000015
72375  -39.212  1.265  15.366 0.1000000015
118058  -43.318  0.396  13.683 0.1000000015
71524  -44.775  0.543  13.132 0.1000000015
71536  -45.363  0.725  12.563 0.1000000015
72408  -46.005  0.966  12.013 0.1000000015
73235  -39.239  2.277  14.712 0.1000000015
73239  -39.747  2.421  14.065 0.1000000015
72392  -40.688  1.594  13.525 0.1000000015
72394  -42.051  1.025  12.883 0.1000000015
71534  -42.938  0.744  12.682 0.1000000015
72407  -43.702  0.848  12.125 0.1000000015
71545  -44.286  0.986  11.696 0.1000000015
72420  -46.756  1.365  11.545 0.1000000015
72406  -42.328  1.367  12.171 0.1000000015
123295  -45.222  1.251  10.954 0.1000000015
72430  -45.662  1.456  10.485 0.1000000015
72431  -46.444  1.517  10.634 0.1000000015
73210  -46.467  2.600  18.385 0.1000000015
72344  -43.726  1.632  19.484 0.1000000015
125501  -45.806  2.391  18.657 0.1000000015
73221  -47.636  2.571  17.443 0.1000000015
73195  -42.520  1.430  19.966 0.1000000015
73222  -48.335  2.926  17.249 0.1000000015
73230  -48.054  2.384  16.835 0.1000000015
128576  -39.661  0.438  20.456 0.1000000015
116267  -40.948  0.509  19.827 0.1000000015
73236  -48.080  2.032  16.097 0.1000000015
124720  -40.098  0.308  20.020 0.1000000015
72377  -47.106  1.302  14.853 0.1000000015
124111  -46.475  0.908  14.448 0.1000000015
72384  -47.642  1.524  14.295 0.1000000015
73203  -36.856  1.258  18.160 0.1000000015
117017  -47.656  1.520  13.559 0.1000000015
72410  -47.295  1.439  12.294 0.1000000015
72432  -47.291  1.713  10.770 0.1000000015
72421  -47.667  1.688  11.585 0.1000000015
73281  -46.887  1.873  9.957 0.1000000015
74218  -46.058  3.086  18.984 0.1000000015
74220  -47.460  3.713  18.505 0.1000000015
74227  -48.561  3.650  17.593 0.1000000015
73197  -44.521  2.267  19.544 0.1000000015
73198  -45.376  2.697  19.253 0.1000000015
110314  -40.036  0.984  21.069 0.1000000015
73185  -40.878  1.887  21.439 0.1000000015
73178  -42.336  2.478  21.208 0.1000000015
73187  -42.600  2.007  20.613 0.1000000015
73196  -43.832  2.186  20.008 0.1000000015
74233  -48.890  3.297  17.042 0.1000000015
74203  -37.992  0.466  20.986 0.1000000015
73184  -38.964  0.546  20.936 0.1000000015
110614  -40.778  0.991  20.631 0.1000000015
121492  -41.811  1.291  20.264 0.1000000015
73183  -37.802  0.083  20.090 0.1000000015
124517  -48.715  2.195  14.742 0.1000000015
73193  -36.750  0.565  19.233 0.1000000015
72385  -48.354  1.902  14.040 0.1000000015
73202  -36.659  2.367  17.903 0.1000000015
73248  -48.879  2.312  13.327 0.1000000015
72411  -48.012  1.751  12.338 0.1000000015
73268  -48.092  2.061  10.905 0.1000000015
73269  -48.400  2.110  11.711 0.1000000015
73282  -47.741  2.171  10.082 0.1000000015
108879  -53.274  0.031  8.869 0.1000000015
130091  -51.327  8.133  17.505 0.1000000015
75214  -45.953  4.244  19.840 0.1000000015
75223  -47.713  4.526  18.848 0.1000000015
75224  -48.349  4.751  18.547 0.1000000015
75230  -49.551  5.233  17.819 0.1000000015
74206  -45.348  4.170  20.279 0.1000000015
74212  -45.663  3.545  19.594 0.1000000015
74213  -46.329  3.842  19.348 0.1000000015
75222  -47.021  4.196  19.154 0.1000000015
75229  -48.888  4.511  17.920 0.1000000015
74205  -44.582  3.708  20.514 0.1000000015
74211  -44.947  3.221  19.914 0.1000000015
74228  -49.209  3.938  17.241 0.1000000015
73167  -41.237  2.687  21.971 0.1000000015
73177  -41.769  2.541  21.574 0.1000000015
73179  -42.968  2.817  21.057 0.1000000015
115247  -44.134  3.468  20.673 0.1000000015
73189  -44.183  2.917  20.311 0.1000000015
118792  -38.635  1.120  21.675 0.1000000015
74234  -49.456  3.493  16.499 0.1000000015
73232  -49.373  2.919  15.766 0.1000000015
73237  -49.306  2.626  14.961 0.1000000015
119517  -49.115  2.460  14.159 0.1000000015
74208  -35.801  2.091  18.840 0.1000000015
74257  -49.584  2.827  13.503 0.1000000015
73270  -49.116  2.543  11.868 0.1000000015
73283  -48.525  2.495  10.252 0.1000000015
73284  -48.826  2.490  11.056 0.1000000015
71558  -53.382  1.462  9.279 0.1000000015
70744  -52.290  0.112  9.304 0.1000000015
70752  -52.593  -0.699  8.834 0.1000000015
71566  -51.415  0.240  9.382 0.1000000015
109808  -48.600  -2.381  24.655 0.1000000015
68991  -49.367  -1.983  24.893 0.1000000015
69857  -49.732  -1.463  24.312 0.1000000015
70647  -50.909  -0.711  24.419 0.1000000015
70654  -51.490  -0.123  24.111 0.1000000015
121914  -53.879  2.060  22.400 0.1000000015
75197  -53.859  4.642  22.122 0.1000000015
76149  -53.551  5.246  21.918 0.1000000015
77065  -53.252  6.797  21.148 0.1000000015
70660  -51.054  0.049  23.206 0.1000000015
71452  -52.679  1.233  22.728 0.1000000015
77074  -53.510  6.487  20.611 0.1000000015
78627  -53.319  9.056  20.073 0.1000000015
76955  -46.512  6.640  29.062 0.1000000015
79349  -53.003  10.789  20.484 0.1000000015
76977  -46.989  7.313  28.358 0.1000000015
77071  -46.023  6.355  21.412 0.1000000015
76168  -46.067  5.716  20.878 0.1000000015
77072  -46.655  6.454  20.858 0.1000000015
77080  -47.962  6.686  19.913 0.1000000015
77081  -48.674  6.782  19.466 0.1000000015
76976  -45.712  6.913  27.902 0.1000000015
76170  -47.260  6.144  20.168 0.1000000015
76177  -47.775  5.899  19.608 0.1000000015
77089  -49.171  6.410  18.947 0.1000000015
108327  -50.569  7.481  18.125 0.1000000015
76156  -45.519  5.712  21.366 0.1000000015
76169  -46.621  5.551  20.287 0.1000000015
75216  -47.280  5.182  19.574 0.1000000015
76184  -48.073  5.309  19.093 0.1000000015
76186  -49.689  6.079  18.216 0.1000000015
76197  -51.486  6.398  15.764 0.1000000015
75205  -44.814  4.478  20.878 0.1000000015
76190  -50.190  5.838  17.523 0.1000000015
75192  -43.677  4.436  21.694 0.1000000015
75193  -44.437  4.783  21.439 0.1000000015
75194  -45.055  5.129  21.263 0.1000000015
75234  -49.815  4.301  16.841 0.1000000015
130737  -41.742  3.094  22.038 0.1000000015
116036  -43.309  3.613  21.403 0.1000000015
74195  -44.088  3.966  21.054 0.1000000015
74235  -50.160  4.031  16.176 0.1000000015
74191  -39.335  2.068  22.298 0.1000000015
74192  -40.402  2.447  22.146 0.1000000015
75242  -51.099  5.026  15.290 0.1000000015
78702  -53.578  9.171  12.343 0.1000000015
74171  -36.444  1.831  22.753 0.1000000015
74189  -37.017  1.180  22.153 0.1000000015
74190  -38.226  1.802  22.383 0.1000000015
74204  -39.722  1.467  21.630 0.1000000015
74246  -50.410  3.632  14.646 0.1000000015
75190  -35.253  1.311  21.898 0.1000000015
74188  -35.784  0.945  21.461 0.1000000015
74245  -49.792  3.001  14.355 0.1000000015
118937  -50.326  3.479  13.661 0.1000000015
119631  -55.466  7.689  10.431 0.1000000015
77158  -55.875  7.089  9.585 0.1000000015
74267  -49.986  3.214  12.870 0.1000000015
77159  -56.322  6.910  8.670 0.1000000015
110315  -56.981  6.236  8.125 0.1000000015
74278  -49.807  3.024  12.047 0.1000000015
77168  -56.361  7.256  7.981 0.1000000015
74290  -49.935  3.376  10.494 0.1000000015
76278  -56.731  6.010  7.180 0.1000000015
74315  -54.791  3.706  8.394 0.1000000015
73313  -53.453  2.403  9.236 0.1000000015
70598  -49.055  -0.926  28.784 0.1000000015
69814  -50.119  -0.600  29.625 0.1000000015
69807  -51.548  -1.183  30.553 0.1000000015
125981  -51.597  -2.383  30.501 0.1000000015
68058  -51.045  -3.192  29.786 0.1000000015
121274  -48.698  -0.642  27.175 0.1000000015
70625  -49.180  -0.346  27.102 0.1000000015
67201  -48.889  -3.682  27.324 0.1000000015
70646  -48.473  -0.060  25.266 0.1000000015
127924  -49.101  -2.932  26.363 0.1000000015
112148  -47.584  0.345  23.939 0.1000000015
68988  -49.846  -2.093  25.823 0.1000000015
68992  -50.198  -1.568  25.157 0.1000000015
127758  -50.421  -1.171  24.588 0.1000000015
74149  -46.198  4.009  24.172 0.1000000015
126885  -46.535  3.815  23.471 0.1000000015
75136  -46.569  4.830  25.834 0.1000000015
70649  -52.573  0.302  24.654 0.1000000015
75134  -47.826  5.219  27.445 0.1000000015
71445  -52.131  0.474  23.743 0.1000000015
75182  -54.162  4.248  22.523 0.1000000015
77878  -52.963  7.918  20.931 0.1000000015
76089  -50.119  6.583  29.098 0.1000000015
76958  -50.037  6.961  29.453 0.1000000015
110681  -52.699  0.966  23.384 0.1000000015
72317  -53.524  1.524  23.314 0.1000000015
77886  -53.260  7.780  20.446 0.1000000015
78619  -53.053  8.920  20.705 0.1000000015
128423  -53.203  9.876  20.429 0.1000000015
77775  -48.111  7.139  29.293 0.1000000015
79359  -52.937  10.548  19.478 0.1000000015
80050  -52.621  11.091  20.333 0.1000000015
77073  -47.350  6.920  20.564 0.1000000015
80049  -52.135  11.226  20.229 0.1000000015
76975  -44.656  6.730  27.431 0.1000000015
110516  -43.890  6.722  27.037 0.1000000015
76997  -43.342  7.374  26.464 0.1000000015
76154  -44.107  5.224  22.058 0.1000000015
76155  -44.880  5.528  21.764 0.1000000015
75191  -42.890  4.058  22.025 0.1000000015
76143  -43.697  5.678  22.707 0.1000000015
116840  -39.015  2.678  22.824 0.1000000015
74175  -41.100  3.377  22.491 0.1000000015
75173  -41.541  4.315  22.847 0.1000000015
75175  -43.280  4.888  22.334 0.1000000015
74172  -37.598  2.316  22.944 0.1000000015
74173  -38.424  2.754  23.054 0.1000000015
74174  -39.936  3.218  22.827 0.1000000015
78711  -54.920  9.182  10.713 0.1000000015
75172  -35.597  2.134  22.923 0.1000000015
75261  -50.946  4.098  13.095 0.1000000015
77970  -55.301  8.447  10.099 0.1000000015
77977  -55.648  8.011  8.846 0.1000000015
75189  -34.602  1.777  22.103 0.1000000015
75269  -51.076  4.263  12.252 0.1000000015
77986  -55.904  8.117  7.900 0.1000000015
127074  -56.666  6.735  7.485 0.1000000015
110163  -56.297  7.688  7.225 0.1000000015
77176  -56.577  6.822  7.025 0.1000000015
78006  -56.136  7.742  6.549 0.1000000015
77186  -56.293  7.051  6.614 0.1000000015
76289  -56.201  6.453  6.744 0.1000000015
76276  -55.668  5.894  6.842 0.1000000015
76288  -55.332  6.634  6.242 0.1000000015
75310  -54.770  4.548  7.903 0.1000000015
120768  -54.062  4.073  8.353 0.1000000015
74314  -53.243  3.913  8.336 0.1000000015
111404  -53.879  3.367  8.798 0.1000000015
74313  -52.340  3.629  8.185 0.1000000015
72442  -52.550  1.658  9.374 0.1000000015
73312  -52.174  2.673  8.892 0.1000000015
71556  -51.947  0.911  9.440 0.1000000015
73325  -50.762  2.734  7.526 0.1000000015
72450  -50.624  2.050  8.360 0.1000000015
112969  -51.444  1.746  9.131 0.1000000015
70599  -49.951  -0.380  28.747 0.1000000015
70593  -51.285  -0.663  30.013 0.1000000015
68952  -51.552  -2.339  29.915 0.1000000015
68945  -51.856  -1.523  29.761 0.1000000015
70608  -49.010  -0.645  27.831 0.1000000015
68953  -51.739  -1.763  29.192 0.1000000015
70609  -49.986  -0.077  27.930 0.1000000015
68961  -50.603  -2.717  28.384 0.1000000015
128823  -51.262  -2.199  28.626 0.1000000015
70636  -49.018  -0.106  26.162 0.1000000015
68070  -49.717  -3.361  27.998 0.1000000015
71408  -49.945  0.213  27.022 0.1000000015
110573  -49.594  -2.622  26.473 0.1000000015
68976  -50.401  -2.177  26.777 0.1000000015
71420  -49.161  0.336  25.341 0.1000000015
71433  -48.443  0.378  24.431 0.1000000015
69849  -50.746  -1.630  26.123 0.1000000015
69858  -51.151  -1.048  25.361 0.1000000015
71444  -47.925  0.814  23.497 0.1000000015
72313  -47.386  1.321  22.964 0.1000000015
74158  -46.733  3.333  22.855 0.1000000015
70648  -51.840  -0.387  24.978 0.1000000015
75162  -46.750  4.506  23.877 0.1000000015
76120  -47.100  5.420  25.544 0.1000000015
71446  -53.048  0.900  24.049 0.1000000015
72328  -54.231  2.165  23.112 0.1000000015
74182  -54.443  3.785  22.925 0.1000000015
75181  -53.710  4.663  22.632 0.1000000015
127332  -53.305  5.949  21.570 0.1000000015
76100  -48.476  5.819  27.197 0.1000000015
76978  -50.102  7.317  28.788 0.1000000015
77777  -49.897  7.681  28.843 0.1000000015
77877  -52.684  8.821  21.245 0.1000000015
78618  -52.968  10.148  21.221 0.1000000015
77776  -49.375  7.561  29.247 0.1000000015
129985  -48.229  7.722  28.712 0.1000000015
77788  -49.090  8.203  28.465 0.1000000015
79340  -52.904  11.223  21.348 0.1000000015
77059  -46.418  6.957  21.518 0.1000000015
77892  -48.578  7.436  19.846 0.1000000015
77893  -49.481  7.911  19.443 0.1000000015
80041  -52.430  11.765  20.941 0.1000000015
77785  -45.119  7.493  26.955 0.1000000015
77787  -47.547  8.099  28.001 0.1000000015
77884  -47.521  7.571  20.823 0.1000000015
78625  -48.518  8.678  20.720 0.1000000015
78633  -48.935  8.246  20.071 0.1000000015
76998  -44.162  7.461  26.648 0.1000000015
77872  -46.650  7.584  21.735 0.1000000015
77802  -41.823  7.956  25.899 0.1000000015
76996  -42.536  7.224  26.418 0.1000000015
78614  -46.885  8.284  22.015 0.1000000015
77033  -40.042  6.844  23.878 0.1000000015
77023  -40.388  7.724  24.046 0.1000000015
77819  -41.231  8.345  25.310 0.1000000015
77803  -42.699  8.154  25.799 0.1000000015
77804  -43.598  8.143  26.046 0.1000000015
77058  -45.946  6.805  21.861 0.1000000015
77871  -46.141  7.324  22.074 0.1000000015
76144  -44.566  5.951  22.438 0.1000000015
77048  -44.895  6.694  22.758 0.1000000015
75161  -41.041  5.037  23.303 0.1000000015
76141  -41.941  5.205  23.143 0.1000000015
76142  -42.812  5.422  22.930 0.1000000015
77047  -44.064  6.437  23.076 0.1000000015
122153  -35.517  4.386  24.217 0.1000000015
75145  -38.133  5.430  24.167 0.1000000015
75158  -38.594  4.543  23.799 0.1000000015
121345  -39.076  3.662  23.330 0.1000000015
74156  -39.863  4.120  23.325 0.1000000015
110208  -54.512  9.303  11.257 0.1000000015
109395  -32.879  3.304  22.824 0.1000000015
75155  -34.927  3.425  23.776 0.1000000015
75156  -35.834  3.343  23.799 0.1000000015
75157  -37.740  4.296  23.929 0.1000000015
74155  -38.145  3.481  23.483 0.1000000015
125788  -52.010  5.735  12.559 0.1000000015
78723  -54.963  9.031  9.758 0.1000000015
75170  -34.181  2.554  22.870 0.1000000015
126221  -55.269  8.816  8.224 0.1000000015
78731  -55.782  8.549  7.381 0.1000000015
78005  -55.713  8.635  6.092 0.1000000015
119331  -55.839  7.977  5.992 0.1000000015
73326  -51.478  3.238  7.871 0.1000000015
73311  -51.247  2.515  8.415 0.1000000015
117544  -50.820  -0.311  29.414 0.1000000015
70600  -51.658  -0.340  29.475 0.1000000015
69815  -52.202  -1.072  29.303 0.1000000015
70610  -50.943  0.055  28.866 0.1000000015
68962  -51.649  -1.712  28.236 0.1000000015
71421  -49.860  0.443  26.100 0.1000000015
111519  -50.915  -2.226  27.775 0.1000000015
69837  -52.117  -1.222  27.670 0.1000000015
124954  -49.837  0.666  25.392 0.1000000015
68975  -50.079  -2.703  27.397 0.1000000015
68977  -51.272  -1.707  27.200 0.1000000015
69838  -52.598  -0.653  27.062 0.1000000015
72302  -48.853  0.996  23.745 0.1000000015
72303  -49.806  1.320  24.138 0.1000000015
111865  -51.716  -1.178  26.551 0.1000000015
70638  -53.185  0.012  26.437 0.1000000015
71434  -49.396  0.753  24.669 0.1000000015
72314  -48.189  1.457  22.933 0.1000000015
72325  -48.430  2.182  22.437 0.1000000015
70637  -52.222  -0.583  25.969 0.1000000015
71423  -53.896  0.792  26.240 0.1000000015
71435  -53.336  0.461  25.474 0.1000000015
72324  -47.395  2.090  22.501 0.1000000015
73168  -47.186  2.842  22.463 0.1000000015
109109  -52.678  -0.055  25.497 0.1000000015
71436  -53.893  0.995  25.230 0.1000000015
72306  -54.192  1.554  24.885 0.1000000015
74177  -47.404  3.559  22.452 0.1000000015
75176  -47.025  4.108  23.073 0.1000000015
111353  -53.373  0.794  24.756 0.1000000015
72318  -54.203  1.831  23.985 0.1000000015
72319  -54.433  2.526  23.724 0.1000000015
123605  -54.162  4.305  23.127 0.1000000015
76132  -47.083  5.300  24.505 0.1000000015
76121  -47.625  6.061  25.271 0.1000000015
77007  -48.506  6.713  26.053 0.1000000015
74163  -54.494  3.209  23.373 0.1000000015
114084  -52.893  6.545  21.547 0.1000000015
77876  -52.163  8.528  21.549 0.1000000015
76108  -47.962  5.979  26.279 0.1000000015
76101  -49.668  6.479  28.200 0.1000000015
76999  -49.026  6.619  27.074 0.1000000015
77000  -49.785  7.468  27.962 0.1000000015
77789  -49.829  8.176  28.333 0.1000000015
78548  -49.135  8.745  27.835 0.1000000015
78617  -52.377  9.934  22.011 0.1000000015
78547  -48.220  8.685  27.792 0.1000000015
79338  -48.746  10.335  21.970 0.1000000015
80032  -52.163  12.180  21.473 0.1000000015
77786  -46.242  7.749  27.410 0.1000000015
77807  -46.910  8.643  27.038 0.1000000015
78624  -47.797  8.272  21.058 0.1000000015
78616  -48.203  9.164  21.429 0.1000000015
79346  -49.023  9.716  21.126 0.1000000015
78626  -49.405  9.130  20.383 0.1000000015
77806  -45.538  8.293  26.505 0.1000000015
78562  -47.108  9.394  26.368 0.1000000015
78615  -47.494  8.690  21.704 0.1000000015
77821  -42.623  8.573  24.992 0.1000000015
77823  -43.962  8.567  25.522 0.1000000015
77805  -44.480  8.180  26.241 0.1000000015
78606  -47.238  9.112  22.417 0.1000000015
77848  -41.229  7.770  24.002 0.1000000015
115293  -41.729  8.341  24.643 0.1000000015
77865  -46.323  7.959  22.349 0.1000000015
78605  -46.577  8.696  22.711 0.1000000015
77034  -40.881  6.908  23.741 0.1000000015
77038  -44.323  7.202  23.382 0.1000000015
77863  -45.100  7.420  23.072 0.1000000015
77049  -45.591  7.027  22.404 0.1000000015
76127  -39.736  5.748  23.828 0.1000000015
76128  -40.545  5.887  23.639 0.1000000015
76129  -41.415  5.992  23.516 0.1000000015
76131  -43.187  6.240  23.287 0.1000000015
77959  -53.787  9.026  11.096 0.1000000015
77958  -53.113  8.434  11.779 0.1000000015
77144  -52.665  7.130  11.524 0.1000000015
75143  -36.322  4.759  24.286 0.1000000015
75160  -40.193  4.917  23.467 0.1000000015
76232  -52.350  6.319  12.090 0.1000000015
123166  -54.818  9.143  10.101 0.1000000015
78709  -54.519  9.206  10.606 0.1000000015
77968  -53.162  7.921  10.939 0.1000000015
121543  -36.849  3.893  23.996 0.1000000015
76239  -52.406  6.063  11.281 0.1000000015
78722  -54.947  9.004  9.097 0.1000000015
78721  -54.512  8.923  9.705 0.1000000015
76247  -52.438  5.937  10.469 0.1000000015
113640  -54.748  8.900  8.551 0.1000000015
78730  -55.092  9.047  7.846 0.1000000015
78740  -55.411  9.104  6.992 0.1000000015
78738  -54.768  9.483  6.405 0.1000000015
70601  -52.202  -0.531  29.169 0.1000000015
71392  -51.133  0.461  27.984 0.1000000015
69823  -52.251  -1.151  28.629 0.1000000015
69816  -52.537  -0.558  28.738 0.1000000015
71422  -50.545  0.894  25.876 0.1000000015
70611  -53.029  -0.049  28.226 0.1000000015
69824  -52.677  -0.603  28.070 0.1000000015
70626  -53.192  -0.079  27.507 0.1000000015
70627  -53.608  0.444  27.068 0.1000000015
71412  -54.124  1.486  26.318 0.1000000015
73135  -53.801  1.965  26.349 0.1000000015
72315  -49.264  1.712  23.121 0.1000000015
73144  -54.007  2.489  25.716 0.1000000015
73152  -53.912  3.034  25.119 0.1000000015
73170  -48.871  2.777  22.088 0.1000000015
75177  -47.589  4.411  22.561 0.1000000015
72299  -54.309  1.843  25.460 0.1000000015
73164  -53.678  3.642  24.252 0.1000000015
74160  -52.664  4.120  23.216 0.1000000015
75163  -47.324  5.023  23.421 0.1000000015
112219  -47.568  5.912  24.187 0.1000000015
115931  -53.127  4.785  22.711 0.1000000015
76147  -52.575  5.333  22.114 0.1000000015
77063  -52.147  7.284  21.561 0.1000000015
77024  -48.153  6.900  24.946 0.1000000015
76160  -52.045  6.160  21.719 0.1000000015
77808  -49.605  8.323  27.593 0.1000000015
129349  -52.338  10.856  22.551 0.1000000015
78549  -49.478  8.716  27.667 0.1000000015
80715  -51.699  12.501  22.804 0.1000000015
80021  -52.489  12.058  22.621 0.1000000015
80717  -52.500  12.239  22.236 0.1000000015
113863  -48.199  9.203  27.260 0.1000000015
79339  -49.707  10.988  21.752 0.1000000015
107895  -50.668  12.224  22.650 0.1000000015
80031  -51.572  12.224  21.928 0.1000000015
79326  -48.559  10.810  22.829 0.1000000015
79347  -50.015  10.235  20.827 0.1000000015
80039  -50.764  11.464  21.394 0.1000000015
78573  -44.429  8.852  24.904 0.1000000015
78574  -45.248  9.070  25.227 0.1000000015
78561  -45.905  8.974  25.966 0.1000000015
79337  -47.948  9.675  22.178 0.1000000015
116790  -43.169  8.298  24.506 0.1000000015
78572  -43.501  8.662  24.927 0.1000000015
78560  -44.853  8.713  25.705 0.1000000015
79324  -47.017  9.522  23.217 0.1000000015
77849  -42.093  7.757  24.031 0.1000000015
77838  -42.458  8.207  24.489 0.1000000015
77852  -45.280  8.134  23.408 0.1000000015
78604  -45.952  8.374  23.057 0.1000000015
77035  -41.744  6.948  23.696 0.1000000015
77037  -43.482  7.061  23.579 0.1000000015
77851  -44.534  7.927  23.726 0.1000000015
76130  -42.296  6.091  23.423 0.1000000015
77036  -42.625  6.976  23.672 0.1000000015
77969  -53.759  8.596  10.364 0.1000000015
112367  -52.727  6.806  10.751 0.1000000015
77152  -53.202  7.446  10.209 0.1000000015
77976  -53.688  8.059  9.718 0.1000000015
77167  -53.939  8.121  8.977 0.1000000015
127472  -52.802  6.583  10.106 0.1000000015
77157  -53.176  7.039  9.421 0.1000000015
78729  -54.776  9.184  7.420 0.1000000015
112314  -53.313  7.328  8.569 0.1000000015
77985  -53.921  8.313  7.858 0.1000000015
71386  -51.970  0.133  28.926 0.1000000015
71393  -52.381  0.542  28.251 0.1000000015
70602  -52.603  -0.049  28.604 0.1000000015
71410  -51.896  1.007  27.478 0.1000000015
71394  -53.031  0.433  27.993 0.1000000015
72284  -51.463  1.288  26.492 0.1000000015
72285  -52.509  1.550  26.966 0.1000000015
72287  -53.832  1.331  26.939 0.1000000015
72294  -50.236  1.089  25.027 0.1000000015
72295  -51.102  1.473  25.532 0.1000000015
72304  -50.733  1.671  24.624 0.1000000015
72305  -51.669  2.106  25.133 0.1000000015
73142  -52.669  2.529  25.585 0.1000000015
73151  -53.214  3.152  25.021 0.1000000015
74159  -51.705  3.293  23.246 0.1000000015
72316  -50.338  1.939  23.723 0.1000000015
73149  -51.266  2.308  24.254 0.1000000015
74181  -51.446  3.828  22.477 0.1000000015
72326  -49.203  2.306  22.522 0.1000000015
73171  -49.627  2.705  22.370 0.1000000015
73172  -50.547  3.056  22.571 0.1000000015
127669  -53.265  3.989  23.819 0.1000000015
75180  -52.085  4.632  22.355 0.1000000015
127505  -51.324  5.174  21.773 0.1000000015
74179  -48.750  3.508  21.857 0.1000000015
74196  -48.782  4.297  21.767 0.1000000015
74197  -49.529  4.031  21.699 0.1000000015
75195  -49.498  4.886  21.626 0.1000000015
76159  -50.775  6.004  21.553 0.1000000015
77062  -51.149  7.006  21.594 0.1000000015
77875  -51.343  8.124  21.712 0.1000000015
77039  -47.922  6.487  23.692 0.1000000015
113057  -48.649  6.216  22.192 0.1000000015
78608  -51.524  9.349  22.223 0.1000000015
77841  -48.900  8.202  25.225 0.1000000015
77840  -48.288  7.464  24.021 0.1000000015
77853  -48.829  8.383  23.982 0.1000000015
78609  -51.881  10.654  22.855 0.1000000015
78584  -49.387  9.327  25.086 0.1000000015
78594  -49.503  9.323  24.235 0.1000000015
78565  -49.461  10.076  26.428 0.1000000015
78576  -49.613  10.237  25.823 0.1000000015
80030  -49.489  11.580  22.767 0.1000000015
79329  -52.217  11.608  22.965 0.1000000015
117284  -46.230  9.441  25.258 0.1000000015
79296  -48.509  10.434  26.148 0.1000000015
80017  -49.334  11.760  23.674 0.1000000015
79303  -46.956  9.974  24.882 0.1000000015
79304  -47.675  10.524  24.685 0.1000000015
79312  -47.632  10.410  23.811 0.1000000015
77850  -42.906  7.758  24.018 0.1000000015
77839  -44.006  8.364  24.397 0.1000000015
78582  -45.311  9.093  24.603 0.1000000015
78583  -46.118  9.410  24.323 0.1000000015
79311  -46.832  9.886  24.025 0.1000000015
79325  -47.751  10.106  22.971 0.1000000015
78591  -44.798  8.601  24.131 0.1000000015
78592  -45.555  8.845  23.808 0.1000000015
78593  -46.273  9.126  23.492 0.1000000015
81411  -26.350  12.636  23.162 0.1000000015
119229  -27.995  13.129  21.612 0.1000000015
119313  -30.332  11.859  20.465 0.1000000015
82105  -28.699  13.439  21.266 0.1000000015
82107  -29.586  13.397  20.805 0.1000000015
81424  -29.973  12.628  20.626 0.1000000015
81426  -31.681  12.534  20.039 0.1000000015
118781  -31.220  13.265  20.203 0.1000000015
123306  -31.887  13.265  19.959 0.1000000015
81427  -32.417  12.884  19.788 0.1000000015
82111  -32.465  13.723  19.738 0.2000000030
82112  -33.224  13.851  19.524 0.2000000030
82113  -33.949  13.527  19.329 0.2000000030
82114  -34.835  13.523  19.107 0.2000000030
82117  -36.458  13.516  18.713 0.3000000119
81434  -36.785  12.890  18.664 0.3000000119
82119  -38.034  13.150  18.566 0.4000000060
82737  -34.479  14.277  19.113 0.2000000030
82740  -36.018  14.323  18.671 0.2000000030
120617  -38.966  13.128  18.418 0.3000000119
82120  -40.390  13.752  18.190 0.4000000060
78744  -39.974  8.354  6.391 0.1000000015
78745  -40.384  8.465  5.642 0.1000000015
73150  -52.238  2.754  24.684 0.1000000015
108660  -51.780  2.866  23.921 0.1000000015
73162  -50.940  2.588  23.418 0.1000000015
75179  -51.124  4.359  21.954 0.1000000015
74198  -50.435  3.794  21.942 0.1000000015
75196  -50.347  4.554  21.684 0.1000000015
113461  -50.329  5.242  21.578 0.1000000015
76158  -49.802  5.761  21.587 0.1000000015
77061  -50.010  6.835  21.674 0.1000000015
77874  -50.523  7.734  21.802 0.1000000015
77867  -50.644  8.683  22.310 0.1000000015
116603  -49.094  7.036  22.194 0.1000000015
77052  -48.963  7.766  22.979 0.1000000015
77854  -49.511  8.684  23.358 0.1000000015
113699  -50.154  9.036  22.968 0.1000000015
78607  -50.959  10.129  23.195 0.1000000015
78585  -49.809  10.336  24.969 0.1000000015
78595  -50.172  10.016  23.977 0.1000000015
79327  -50.789  11.319  24.195 0.1000000015
79298  -49.479  10.640  25.905 0.1000000015
79305  -49.758  11.030  25.395 0.1000000015
79314  -50.529  12.134  24.294 0.1000000015
79328  -51.480  11.799  23.674 0.1000000015
115296  -47.832  10.453  25.442 0.1000000015
79996  -48.639  11.028  25.508 0.1000000015
110914  -49.923  12.165  24.333 0.1000000015
80018  -50.223  12.287  23.692 0.1000000015
80007  -48.460  11.064  23.686 0.1000000015
82731  -30.865  14.025  20.331 0.1000000015
82742  -37.753  13.917  18.629 0.3000000119
126378  -38.590  13.820  18.572 0.3000000119
119792  -39.489  13.746  18.442 0.3000000119
82743  -39.044  14.465  18.379 0.3000000119
82744  -39.955  14.412  18.351 0.3000000119
83482  -40.384  15.100  18.130 0.3000000119
85482  -38.983  18.875  13.127 0.4000000060
86091  -38.199  19.090  12.862 0.4000000060
85497  -39.334  18.203  12.842 0.5000000000
86077  -38.713  19.639  13.139 0.5000000000
86713  -39.205  20.342  13.195 0.5000000000
77095  -50.444  6.712  17.822 0.1000000015
77090  -49.877  6.911  18.542 0.1000000015
118941  -50.720  6.369  17.208 0.1000000015
76191  -50.626  5.688  16.829 0.1000000015
77082  -49.306  7.179  19.212 0.1000000015
77901  -50.068  7.673  18.799 0.1000000015
79366  -51.658  10.040  19.022 0.1000000015
76196  -51.067  5.529  15.998 0.1000000015
75235  -50.432  4.833  16.480 0.1000000015
79356  -50.396  9.695  20.033 0.1000000015
78634  -49.846  8.719  19.690 0.1000000015
77918  -52.369  8.354  15.390 0.1000000015
76203  -51.465  5.853  15.093 0.1000000015
79348  -51.087  10.844  20.449 0.1000000015
75250  -51.274  4.973  14.556 0.1000000015
77949  -52.853  8.404  12.674 0.1000000015
75249  -50.846  4.331  14.984 0.1000000015
80040  -51.774  11.766  20.989 0.1000000015
116867  -54.371  9.342  11.977 0.1000000015
126424  -53.881  9.275  11.685 0.1000000015
77138  -52.576  7.362  12.353 0.1000000015
78682  -53.365  9.239  13.649 0.1000000015
77131  -52.480  7.482  13.212 0.1000000015
116605  -50.942  4.184  14.117 0.1000000015
83483  -41.279  15.088  18.178 0.3000000119
74332  -53.721  4.580  7.776 0.1000000015
77185  -55.785  7.347  6.079 0.1000000015
72468  -49.506  1.638  6.646 0.1000000015
71574  -48.420  0.589  6.924 0.1000000015
79458  -55.297  9.373  6.173 0.1000000015
74289  -49.255  2.867  10.357 0.1000000015
129932  -41.129  1.010  13.757 0.1000000015
71521  -41.790  0.748  13.591 0.1000000015
108627  -42.988  1.094  11.879 0.1000000015
72382  -39.816  1.607  14.525 0.1000000015
74279  -50.217  3.454  11.377 0.1000000015
74268  -50.487  3.643  12.308 0.1000000015
73234  -38.646  2.131  15.437 0.1000000015
127757  -34.704  1.540  21.254 0.1000000015
74209  -36.127  0.909  19.573 0.1000000015
75187  -33.274  2.692  22.147 0.1000000015
75188  -33.764  2.241  21.474 0.1000000015
81430  -33.825  12.567  19.389 0.2000000030
81425  -30.794  12.565  20.335 0.1000000015
118813  -37.376  12.835  18.585 0.4000000060
81438  -39.866  13.006  17.993 0.4000000060
82098  -26.717  13.136  22.815 0.1000000015
81421  -27.654  12.465  21.711 0.1000000015
81422  -28.429  12.569  21.266 0.1000000015
81423  -29.167  12.672  20.886 0.1000000015
82116  -35.637  13.519  18.874 0.2000000030
118531  -33.149  13.156  19.578 0.2000000030
119927  -34.485  12.947  19.242 0.2000000030
72343  -42.903  1.283  19.373 0.1000000015
72373  -46.631  1.322  16.263 0.1000000015
72362  -47.340  1.880  16.779 0.1000000015
73220  -40.156  -0.330  18.560 0.1000000015
71469  -42.050  0.229  18.041 0.1000000015
108084  -47.322  1.540  15.757 0.1000000015
71474  -41.651  -0.195  17.541 0.1000000015
115641  -43.974  0.137  14.997 0.1000000015
71510  -47.030  1.202  13.977 0.1000000015
73228  -38.228  0.775  16.779 0.1000000015
71494  -40.527  0.126  15.704 0.1000000015
71495  -41.366  -0.010  15.400 0.1000000015
127113  -42.389  -0.078  15.141 0.1000000015
71506  -43.234  0.143  14.625 0.1000000015
72395  -46.971  1.200  13.075 0.1000000015
71504  -40.771  0.480  14.917 0.1000000015
124333  -47.646  1.538  12.871 0.1000000015
72383  -40.544  1.081  14.254 0.1000000015
71522  -42.510  0.615  13.391 0.1000000015
111073  -43.928  0.559  12.946 0.1000000015
71535  -44.534  0.729  12.359 0.1000000015
71546  -45.116  0.964  11.681 0.1000000015
72419  -45.880  1.227  11.211 0.1000000015
73211  -47.205  2.926  18.134 0.1000000015
109260  -47.898  3.285  17.871 0.1000000015
72378  -48.029  1.760  15.046 0.1000000015
110244  -48.726  2.332  15.512 0.1000000015
72396  -48.234  1.818  13.101 0.1000000015
74219  -46.753  3.389  18.748 0.1000000015
74221  -48.151  4.051  18.229 0.1000000015
73186  -41.761  1.856  21.004 0.1000000015
73188  -43.401  2.468  20.494 0.1000000015
73231  -48.739  2.716  16.463 0.1000000015
74210  -37.043  0.337  20.455 0.1000000015
74202  -36.421  0.590  20.956 0.1000000015
73258  -48.660  2.204  12.502 0.1000000015
71557  -52.873  0.817  9.348 0.1000000015
117955  -51.599  7.711  16.694 0.1000000015
77096  -51.046  7.115  17.263 0.1000000015
127726  -50.830  7.343  17.674 0.1000000015
75207  -46.010  4.926  20.347 0.1000000015
75215  -46.526  4.663  19.756 0.1000000015
76185  -48.891  5.467  18.576 0.1000000015
75231  -50.057  5.047  17.182 0.1000000015
74193  -42.442  3.184  21.673 0.1000000015
114083  -49.863  3.476  15.830 0.1000000015
74240  -49.887  3.208  15.187 0.1000000015
73259  -49.353  2.660  12.680 0.1000000015
110397  -49.544  2.922  11.200 0.1000000015
71567  -53.742  0.854  8.991 0.1000000015
124532  -54.467  2.692  23.005 0.1000000015
77064  -52.736  7.568  21.276 0.1000000015
80042  -52.769  11.591  21.089 0.1000000015
75206  -45.483  5.055  20.844 0.1000000015
77902  -50.828  8.339  18.321 0.1000000015
77102  -51.223  6.583  16.537 0.1000000015
77110  -51.761  6.745  15.265 0.1000000015
74176  -42.043  3.741  22.313 0.1000000015
75241  -50.687  4.571  15.747 0.1000000015
74241  -50.358  3.832  15.453 0.1000000015
78692  -53.959  9.453  12.994 0.1000000015
78691  -53.284  9.066  13.011 0.1000000015
130451  -36.419  2.793  23.455 0.1000000015
128253  -50.440  3.603  12.992 0.1000000015
77961  -55.162  8.658  11.035 0.1000000015
76266  -57.018  6.054  7.476 0.1000000015
110772  -52.991  3.245  8.851 0.1000000015
69806  -50.615  -0.894  30.469 0.1000000015
68944  -51.716  -1.677  30.284 0.1000000015
115178  -50.302  -3.773  29.697 0.1000000015
118366  -51.152  -2.582  29.240 0.1000000015
68085  -49.332  -3.130  26.969 0.1000000015
71442  -46.192  0.805  23.365 0.1000000015
71443  -47.053  0.812  23.365 0.1000000015
73160  -46.532  2.529  22.737 0.1000000015
76161  -53.050  5.760  21.883 0.1000000015
125918  -47.879  7.307  20.342 0.1000000015
79357  -51.468  10.408  19.649 0.1000000015
77057  -45.396  6.302  22.003 0.1000000015
74157  -40.627  4.132  23.095 0.1000000015
75174  -42.433  4.589  22.600 0.1000000015
78703  -54.740  9.249  11.326 0.1000000015
78710  -54.781  9.281  10.714 0.1000000015
75171  -35.029  2.509  23.140 0.1000000015
74154  -37.251  3.105  23.521 0.1000000015
75262  -51.412  4.893  13.638 0.1000000015
77995  -55.859  8.537  6.706 0.1000000015
75326  -55.790  5.034  7.349 0.1000000015
69808  -52.030  -0.950  29.940 0.1000000015
76148  -53.292  5.179  22.248 0.1000000015
79330  -52.691  11.161  22.145 0.1000000015
77883  -46.971  7.215  21.166 0.1000000015
77885  -48.154  7.887  20.468 0.1000000015
77894  -50.351  8.458  19.039 0.1000000015
77820  -41.983  8.392  25.340 0.1000000015
76119  -39.272  6.681  24.118 0.1000000015
77837  -40.791  8.280  24.548 0.1000000015
75142  -34.760  4.629  24.249 0.1000000015
76224  -52.232  6.505  12.882 0.1000000015
115335  -51.816  5.707  13.262 0.1000000015
71409  -50.787  0.712  26.826 0.1000000015
71411  -53.925  0.940  27.100 0.1000000015
73136  -54.209  2.118  25.902 0.1000000015
72307  -54.395  2.218  24.605 0.1000000015
73153  -54.383  3.144  24.378 0.1000000015
74161  -53.643  4.273  23.407 0.1000000015
77025  -48.893  7.529  25.939 0.1000000015
79292  -48.333  9.803  26.676 0.1000000015
72275  -53.542  0.934  27.479 0.1000000015
72286  -53.391  1.522  27.089 0.1000000015
73163  -52.715  3.508  24.094 0.1000000015
76145  -47.839  5.207  22.685 0.1000000015
77050  -48.115  5.989  22.807 0.1000000015
77824  -49.429  8.430  26.593 0.1000000015
78564  -49.427  9.235  27.006 0.1000000015
78563  -49.093  9.321  27.228 0.1000000015
80019  -51.140  12.281  23.472 0.1000000015
79293  -49.148  9.986  26.655 0.1000000015
123158  -47.459  9.974  25.818 0.1000000015
72274  -52.927  1.073  27.714 0.1000000015
72296  -52.091  1.872  26.056 0.1000000015
72297  -53.083  2.145  26.435 0.1000000015
73161  -49.977  2.345  22.924 0.1000000015
74180  -49.604  3.263  21.970 0.1000000015
76146  -48.386  5.438  22.190 0.1000000015
77051  -48.386  6.979  22.952 0.1000000015
129890  -48.567  7.622  23.448 0.1000000015
79297  -49.222  10.644  26.132 0.1000000015
80000  -48.452  11.143  24.560 0.1000000015
82108  -30.419  13.330  20.492 0.1000000015
82738  -35.206  14.123  18.910 0.2000000030
82118  -37.233  13.408  18.641 0.3000000119
77866  -49.770  7.959  22.360 0.1000000015
79313  -50.206  11.320  24.764 0.1000000015
80009  -49.843  11.738  24.930 0.1000000015
83481  -39.491  15.123  18.086 0.3000000119
78635  -50.771  9.369  19.313 0.1000000015
78642  -51.229  9.247  18.655 0.1000000015
79367  -52.285  10.148  18.480 0.1000000015
77103  -51.829  7.390  15.841 0.1000000015
76212  -51.640  5.770  14.142 0.1000000015
77940  -52.775  8.495  13.466 0.1000000015
77130  -52.112  6.597  13.718 0.1000000015
77119  -51.925  6.664  14.572 0.1000000015
77120  -52.427  7.653  14.149 0.1000000015
84887  -35.612  17.449  11.632 0.2000000030
121774  -36.383  17.551  11.620 0.2000000030
84212  -36.062  16.930  11.092 0.2000000030
84888  -36.934  17.365  11.247 0.2000000030
85506  -36.155  18.081  12.033 0.2000000030
126120  -43.153  18.717  14.325 0.4000000060
86714  -40.065  20.297  13.365 0.4000000060
87376  -39.667  21.029  13.089 0.3000000119
85494  -36.740  18.725  12.366 0.2000000030
86089  -36.352  19.554  12.573 0.2000000030
86090  -37.340  19.455  12.700 0.3000000119
120266  -36.818  20.175  12.685 0.2000000030
112471  -38.047  19.782  12.929 0.3000000119
86717  -43.564  20.732  13.774 0.2000000030
87381  -44.220  21.267  13.370 0.2000000030
120590  -40.105  21.614  12.763 0.3000000119
86703  -43.746  20.098  14.139 0.2000000030
86067  -43.471  19.405  14.272 0.2000000030
124276  -44.975  21.418  13.114 0.2000000030
85493  -35.807  18.844  12.306 0.1000000015
86088  -35.412  19.698  12.452 0.1000000015
86048  -41.458  19.334  16.677 0.1000000015
86049  -42.238  19.667  16.762 0.1000000015
119346  -40.795  19.062  16.613 0.1000000015
86687  -41.441  20.350  16.665 0.1000000015
125476  -42.869  19.984  16.881 0.1000000015
112943  -40.686  19.794  16.596 0.1000000015
86726  -37.592  20.440  12.786 0.3000000119
86689  -43.057  20.704  16.969 0.1000000015
86676  -39.293  20.888  17.133 0.1000000015
86685  -39.808  20.193  16.658 0.1000000015
113884  -38.151  21.006  12.796 0.1000000015
86728  -38.847  21.048  12.919 0.1000000015
88066  -38.931  22.321  12.173 0.1000000015
87395  -38.348  21.711  12.514 0.1000000015
129938  -37.590  21.962  12.238 0.1000000015
85505  -35.237  18.142  11.965 0.1000000015
84218  -35.298  16.434  10.436 0.1000000015
84211  -35.056  16.759  11.159 0.1000000015
86686  -40.597  20.550  16.703 0.1000000015
87350  -41.809  21.287  16.836 0.1000000015
86678  -43.881  20.908  17.214 0.1000000015
87345  -46.906  21.859  18.230 0.1000000015
86677  -40.129  21.117  16.970 0.1000000015
87349  -40.965  21.276  16.872 0.1000000015
87342  -42.231  21.961  17.168 0.1000000015
87343  -43.097  21.679  17.162 0.1000000015
126296  -44.736  21.520  17.487 0.1000000015
86669  -47.599  21.176  18.499 0.2000000030
86727  -38.424  20.384  12.996 0.3000000119
87396  -39.284  21.673  12.663 0.2000000030
88081  -40.467  22.624  11.797 0.1000000015
88095  -40.874  23.057  11.009 0.1000000015
88096  -41.772  22.930  10.778 0.2000000030
88097  -42.619  22.786  9.901 0.2000000030
88079  -38.596  22.860  11.454 0.1000000015
88080  -39.495  22.768  11.645 0.1000000015
88735  -41.870  23.135  9.964 0.1000000015
125845  -42.217  22.899  10.352 0.1000000015
88120  -44.363  21.918  8.474 0.1000000015
88734  -41.090  23.281  10.163 0.1000000015
88107  -42.806  22.709  9.015 0.1000000015
88119  -43.545  22.400  8.745 0.1000000015
120105  -36.138  21.274  12.316 0.1000000015
115751  -36.814  20.933  12.558 0.2000000030
87394  -37.548  21.333  12.547 0.2000000030
88748  -42.078  23.071  9.178 0.1000000015
125169  -43.661  22.271  7.996 0.1000000015
86725  -35.975  20.500  12.533 0.1000000015
88118  -42.865  22.613  8.056 0.1000000015
88035  -46.185  22.507  18.115 0.1000000015
114026  -43.884  21.835  17.345 0.1000000015
122181  -40.482  22.085  12.414 0.2000000030
88082  -41.416  22.629  11.611 0.2000000030
116428  -42.552  22.675  10.713 0.2000000030
88732  -39.609  23.414  10.105 0.1000000015
88733  -40.384  23.322  10.380 0.1000000015
88108  -43.439  22.464  9.573 0.1000000015
88721  -40.008  23.170  11.029 0.1000000015
88719  -38.201  23.221  10.561 0.1000000015
88132  -44.196  21.866  7.510 0.1000000015
88064  -37.222  22.406  11.714 0.1000000015
88078  -37.713  22.882  11.205 0.1000000015
86690  -49.942  19.998  16.782 0.1000000015
88033  -44.309  22.507  17.684 0.1000000015
87333  -48.022  21.927  18.702 0.1000000015
87383  -46.623  21.340  13.617 0.1000000015
87382  -45.694  21.373  13.335 0.1000000015
115096  -47.352  21.669  12.254 0.1000000015
87401  -44.557  21.667  12.475 0.1000000015
87402  -45.475  21.598  12.570 0.1000000015
126805  -43.804  21.636  12.777 0.1000000015
87418  -47.478  21.592  11.306 0.1000000015
109360  -45.208  21.739  11.901 0.1000000015
87417  -46.199  21.696  11.803 0.1000000015
87416  -44.562  21.875  11.550 0.1000000015
129036  -47.788  21.371  10.478 0.1000000015
111623  -45.379  21.737  11.131 0.1000000015
87428  -46.501  21.541  10.626 0.1000000015
88068  -41.144  22.213  12.286 0.2000000030
87437  -48.491  20.657  8.830 0.1000000015
88083  -42.261  22.538  11.460 0.2000000030
88098  -43.317  22.453  10.434 0.1000000015
121653  -44.087  22.187  9.242 0.1000000015
121995  -45.332  21.456  8.548 0.1000000015
87445  -46.314  20.945  8.429 0.1000000015
88720  -39.111  23.245  10.823 0.1000000015
121813  -40.238  23.444  9.352 0.1000000015
88747  -41.239  23.317  9.241 0.1000000015
87444  -45.043  21.494  7.781 0.1000000015
87446  -47.616  20.493  8.051 0.1000000015
86744  -48.898  20.461  7.401 0.1000000015
88731  -38.663  23.393  9.803 0.1000000015
123993  -45.810  21.112  7.941 0.1000000015
87453  -46.622  20.625  7.568 0.1000000015
88760  -42.274  22.902  8.508 0.1000000015
88141  -44.072  21.802  6.659 0.1000000015
87451  -44.903  21.448  6.858 0.1000000015
86748  -46.737  20.561  6.678 0.1000000015
88679  -46.453  23.287  18.438 0.1000000015
127243  -45.657  23.057  18.156 0.1000000015
87334  -48.698  21.812  18.644 0.2000000030
87385  -48.846  21.489  13.401 0.1000000015
87404  -47.486  21.553  13.122 0.1000000015
126586  -48.368  21.622  12.607 0.1000000015
87380  -43.368  21.339  13.264 0.1000000015
87415  -43.705  22.033  12.013 0.1000000015
87429  -48.939  21.050  9.824 0.1000000015
87438  -50.087  20.729  8.972 0.1000000015
88124  -50.797  21.191  8.563 0.1000000015
87399  -42.397  21.870  12.691 0.1000000015
88084  -43.091  22.375  11.301 0.1000000015
88109  -44.250  22.115  10.076 0.1000000015
87434  -44.827  21.750  9.300 0.1000000015
113201  -37.709  23.217  9.522 0.1000000015
88746  -39.121  23.420  8.940 0.1000000015
88758  -40.514  23.361  8.292 0.1000000015
88759  -41.482  23.179  8.270 0.1000000015
86698  -49.690  20.413  15.949 0.2000000030
87335  -48.744  21.698  18.802 0.1000000015
87353  -49.665  20.807  16.420 0.1000000015
86706  -49.192  20.656  14.911 0.2000000030
88680  -47.480  22.770  18.643 0.1000000015
87371  -49.539  21.416  14.108 0.1000000015
87405  -49.584  21.663  12.390 0.1000000015
120445  -48.891  21.432  10.805 0.1000000015
87430  -50.314  21.262  10.063 0.1000000015
88738  -50.712  22.285  10.276 0.1000000015
87431  -50.756  21.585  9.907 0.1000000015
88070  -42.766  22.216  12.087 0.1000000015
88085  -43.938  22.158  11.028 0.1000000015
88113  -50.824  21.651  9.523 0.1000000015
88027  -48.337  22.464  18.682 0.1000000015
87386  -50.012  21.837  13.034 0.1000000015
88071  -50.450  22.272  12.273 0.1000000015
87406  -50.389  21.911  11.839 0.1000000015
88086  -50.688  22.182  11.335 0.1000000015
87421  -50.634  21.771  10.742 0.1000000015
88724  -50.609  22.597  11.005 0.1000000015
88099  -50.858  21.969  10.453 0.1000000015
110730  -47.278  24.579  12.005 0.1000000015
88750  -49.407  23.081  9.970 0.1000000015
88040  -49.268  21.769  16.038 0.1000000015
87361  -49.705  21.197  15.323 0.1000000015
88036  -48.709  22.054  18.216 0.1000000015
88672  -48.243  23.616  19.044 0.1000000015
88028  -48.412  22.553  18.605 0.1000000015
118988  -48.587  22.955  18.243 0.1000000015
88039  -48.744  22.679  17.109 0.1000000015
88048  -49.600  22.053  14.889 0.1000000015
88673  -48.412  23.903  18.882 0.1000000015
88681  -48.484  23.862  17.728 0.1000000015
122066  -49.764  21.647  14.481 0.1000000015
89284  -48.382  24.633  19.883 0.1000000015
88683  -48.507  23.924  16.411 0.1000000015
89291  -48.504  24.860  18.336 0.1000000015
87372  -49.916  21.757  13.877 0.1000000015
89285  -48.590  24.931  19.336 0.1000000015
88059  -50.156  22.274  13.146 0.1000000015
89267  -48.395  25.248  20.754 0.1000000015
88707  -50.200  22.968  12.639 0.1000000015
88714  -50.449  22.835  11.827 0.1000000015
88723  -50.084  23.412  11.536 0.1000000015
90430  -44.109  26.009  13.590 0.1000000015
89890  -44.726  25.599  13.272 0.1000000015
89891  -45.539  25.314  12.962 0.1000000015
112797  -50.193  23.059  10.645 0.1000000015
90438  -44.132  26.071  12.806 0.1000000015
89316  -46.239  24.628  11.753 0.1000000015
89892  -46.656  25.039  12.614 0.1000000015
129553  -49.474  23.471  10.690 0.1000000015
88054  -49.959  22.220  13.982 0.1000000015
89833  -48.441  25.720  18.891 0.1000000015
124980  -48.307  25.665  17.730 0.1000000015
88690  -49.439  23.046  14.435 0.1000000015
88700  -49.869  23.032  13.487 0.1000000015
89832  -48.315  26.511  19.574 0.1000000015
88699  -49.136  23.983  13.940 0.1000000015
89814  -48.377  26.202  20.642 0.1000000015
88706  -49.542  23.818  13.072 0.1000000015
130296  -49.213  24.268  12.835 0.1000000015
88713  -49.881  23.658  12.312 0.1000000015
127783  -43.652  26.561  13.960 0.1000000015
89884  -44.746  25.637  14.029 0.1000000015
89886  -46.406  25.368  13.480 0.1000000015
89311  -47.687  25.284  13.449 0.1000000015
89312  -48.705  24.841  13.112 0.1000000015
89317  -48.056  24.747  12.548 0.1000000015
88722  -49.401  23.749  11.276 0.1000000015
88047  -48.940  22.914  15.606 0.1000000015
126986  -48.517  24.908  16.084 0.1000000015
88689  -48.699  24.171  15.105 0.1000000015
113679  -48.475  24.936  17.109 0.1000000015
90377  -47.590  26.505  21.617 0.1000000015
130708  -48.091  25.909  17.420 0.1000000015
89298  -48.483  25.205  15.342 0.1000000015
90381  -47.083  27.034  21.270 0.1000000015
90390  -48.100  26.998  20.317 0.1000000015
89849  -48.065  26.250  18.304 0.1000000015
121958  -48.733  24.842  14.455 0.1000000015
89866  -48.410  25.316  14.612 0.1000000015
89307  -48.887  24.718  13.653 0.1000000015
89885  -45.484  25.470  13.716 0.1000000015
111053  -46.212  25.497  14.103 0.1000000015
113261  -47.004  25.518  14.049 0.1000000015
90382  -47.741  27.066  21.020 0.1000000015
90401  -47.946  26.911  19.269 0.1000000015
89859  -48.191  25.556  15.536 0.1000000015
89876  -45.561  25.534  14.423 0.1000000015
89877  -46.735  25.622  14.827 0.1000000015
89879  -48.435  25.232  13.863 0.1000000015
112692  -45.170  25.625  22.343 0.1000000015
89798  -46.666  26.283  21.969 0.1000000015
89830  -46.540  26.872  20.259 0.1000000015
89831  -47.051  26.666  19.093 0.1000000015
89848  -47.534  26.300  18.070 0.1000000015
108607  -47.893  25.967  17.190 0.1000000015
89865  -47.811  25.689  15.164 0.1000000015
89878  -47.796  25.542  14.340 0.1000000015
89813  -46.113  26.671  21.313 0.1000000015
89236  -43.354  24.581  22.322 0.1000000015
89796  -44.583  25.822  21.740 0.1000000015
89789  -43.817  25.287  21.943 0.1000000015
89812  -45.055  26.275  21.123 0.1000000015
89857  -47.104  25.920  16.703 0.1000000015
89858  -47.873  25.822  16.127 0.1000000015
89294  -48.220  25.578  16.539 0.1000000015
89847  -46.168  25.957  17.724 0.1000000015
89811  -44.025  25.761  20.529 0.1000000015
89864  -47.257  25.770  15.708 0.1000000015
113376  -45.769  26.089  18.897 0.1000000015
110858  -45.438  26.341  20.189 0.1000000015
89810  -42.977  25.487  19.849 0.1000000015
89262  -40.331  24.571  19.348 0.1000000015
89809  -41.969  25.193  19.428 0.1000000015
127286  -42.575  25.282  20.354 0.1000000015
128798  -44.533  25.912  20.048 0.1000000015
89808  -41.015  24.953  18.840 0.1000000015
89827  -42.502  25.453  18.674 0.1000000015
89829  -44.686  25.751  19.023 0.1000000015
89828  -43.624  25.598  19.141 0.1000000015
129074  -45.600  25.871  18.155 0.1000000015
89846  -44.993  25.705  17.927 0.1000000015
116040  -43.904  25.636  18.031 0.1000000015
114209  -47.452  21.177  9.751 0.1000000015
124423  -44.680  21.890  10.775 0.1000000015
115284  -46.346  21.351  9.753 0.1000000015
115279  -45.467  25.104  12.146 0.1000000015
87427  -45.347  21.649  10.130 0.1000000015
88736  -48.388  23.762  10.772 0.1000000015
88111  -50.015  22.227  8.987 0.1000000015
87436  -46.931  20.899  9.034 0.1000000015
86740  -50.498  20.839  8.233 0.1000000015
87435  -45.803  21.347  9.220 0.1000000015
88067  -39.796  22.209  12.294 0.1000000015
86688  -42.333  20.532  16.777 0.1000000015
87351  -42.507  21.245  16.922 0.1000000015
88065  -38.070  22.402  11.964 0.1000000015
88034  -45.225  22.411  17.805 0.1000000015
87393  -36.767  21.782  12.172 0.2000000030
87403  -46.413  21.579  12.792 0.1000000015
128886  -48.672  20.443  8.062 0.1000000015
86745  -49.870  20.727  7.513 0.1000000015
87420  -49.988  21.554  11.284 0.1000000015
88123  -50.396  21.417  8.234 0.1000000015
111234  -48.308  24.253  11.706 0.1000000015
89318  -49.202  24.214  12.196 0.1000000015
89826  -41.547  25.321  18.220 0.1000000015
83492  -39.042  15.861  17.661 0.2000000030
115691  -41.308  16.343  17.638 0.2000000030
83493  -39.960  15.788  17.707 0.2000000030
84829  -40.173  17.177  17.148 0.2000000030
84838  -40.745  17.790  16.988 0.2000000030
84830  -41.027  17.072  17.344 0.2000000030
84837  -39.900  17.894  16.818 0.2000000030
84150  -39.585  16.553  17.367 0.2000000030
84151  -40.471  16.444  17.479 0.2000000030
121842  -38.168  14.505  18.431 0.2000000030
84831  -41.594  17.672  17.219 0.2000000030
83494  -40.819  15.737  17.796 0.2000000030
83480  -38.570  15.173  18.085 0.2000000030
82735  -32.873  14.481  19.561 0.1000000015
121075  -36.961  14.070  18.611 0.1000000015
84810  -31.842  17.057  19.823 0.1000000015
83470  -31.735  15.378  19.903 0.1000000015
83471  -32.497  15.255  19.599 0.1000000015
83476  -33.613  15.910  19.067 0.1000000015
83472  -33.282  15.175  19.357 0.1000000015
83473  -34.101  15.102  19.080 0.1000000015
82739  -35.071  14.991  18.733 0.1000000015
83490  -37.185  16.039  17.728 0.1000000015
82741  -36.794  14.802  18.417 0.1000000015
126147  -37.452  14.486  18.473 0.1000000015
85435  -34.350  18.378  18.421 0.1000000015
86035  -35.874  19.103  17.690 0.1000000015
84132  -33.135  16.697  19.144 0.1000000015
84814  -34.092  17.533  18.518 0.1000000015
84816  -35.567  17.733  17.724 0.1000000015
84826  -37.064  17.958  17.195 0.1000000015
120992  -37.756  17.366  17.176 0.1000000015
129384  -39.187  18.031  16.771 0.1000000015
83477  -35.287  16.011  18.323 0.1000000015
124070  -36.214  16.257  17.920 0.1000000015
84148  -37.696  16.597  17.443 0.1000000015
84149  -38.573  16.750  17.302 0.1000000015
85444  -36.479  18.599  17.367 0.1000000015
85455  -41.338  18.461  16.846 0.1000000015
82734  -32.085  14.560  19.810 0.1000000015
82736  -33.662  14.397  19.348 0.1000000015
85454  -40.404  18.505  16.695 0.1000000015
83491  -38.101  15.913  17.688 0.1000000015
113472  -39.324  17.345  17.032 0.1000000015
83479  -37.574  15.200  18.167 0.1000000015
113581  -36.017  15.303  18.369 0.1000000015
84130  -31.422  16.224  20.051 0.1000000015
84131  -32.128  16.081  19.660 0.1000000015
82732  -31.314  14.701  20.146 0.1000000015
83468  -31.003  15.547  20.280 0.1000000015
112572  -32.869  15.952  19.378 0.1000000015
119705  -34.416  15.899  18.690 0.1000000015
84135  -33.854  16.704  18.736 0.1000000015
84147  -36.886  17.007  17.485 0.1000000015
83478  -36.745  15.504  18.113 0.1000000015
84815  -34.832  17.649  18.085 0.1000000015
85436  -35.159  18.570  17.952 0.1000000015
86036  -36.719  19.492  17.511 0.1000000015
84825  -36.302  17.790  17.473 0.1000000015
84812  -33.399  17.462  18.958 0.1000000015
84137  -35.407  16.909  17.952 0.1000000015
84136  -34.630  16.774  18.345 0.1000000015
84146  -36.055  17.125  17.661 0.1000000015
84828  -38.543  17.715  16.931 0.1000000015
84827  -37.839  18.236  16.922 0.1000000015
70612  -53.420  0.466  27.637 0.1000000015
70624  -48.450  -0.612  26.621 0.1000000015
70685  -40.881  -0.303  16.365 0.1000000015
70686  -41.429  -0.370  16.716 0.1000000015
70687  -41.984  -0.325  16.605 0.1000000015
71447  -53.740  1.287  24.385 0.1000000015
71471  -43.758  0.708  17.788 0.1000000015
71484  -40.980  -0.418  17.128 0.1000000015
71497  -44.605  0.372  15.397 0.1000000015
72298  -54.137  1.300  25.643 0.1000000015
72337  -54.243  2.582  22.417 0.1000000015
72338  -43.176  1.779  20.035 0.1000000015
72351  -42.545  0.723  18.710 0.1000000015
72360  -45.666  1.149  17.204 0.1000000015
73143  -53.524  2.616  25.756 0.1000000015
73145  -54.325  2.547  25.264 0.1000000015
73169  -47.965  2.940  22.139 0.1000000015
73194  -39.212  -0.059  19.751 0.1000000015
73240  -40.183  1.814  13.921 0.1000000015
74162  -54.193  3.841  23.639 0.1000000015
74178  -48.070  3.867  22.008 0.1000000015
74194  -43.680  3.228  20.826 0.1000000015
74216  -36.370  2.897  18.149 0.2000000030
74430  -44.715  3.987  -2.456 0.2000000030
74431  -45.202  3.988  -2.396 0.2000000030
75144  -37.248  5.142  24.265 0.1000000015
75146  -46.572  4.721  24.832 0.1000000015
75159  -39.408  4.745  23.654 0.1000000015
75169  -33.573  3.034  23.061 0.1000000015
75178  -48.185  4.696  22.101 0.1000000015
76107  -47.404  5.322  26.496 0.1000000015
76126  -38.960  5.594  24.053 0.1000000015
76157  -49.014  5.577  21.753 0.1000000015
76174  -32.673  5.960  19.706 0.2000000030
76178  -48.427  6.108  19.297 0.1000000015
76328  -50.142  5.910  2.652 0.3000000119
77008  -49.393  7.531  26.904 0.1000000015
77060  -49.270  6.265  21.777 0.1000000015
77078  -33.266  6.328  19.452 0.2000000030
77203  -53.611  8.089  3.791 0.2000000030
77822  -43.236  8.499  25.430 0.1000000015
77864  -45.754  7.686  22.704 0.1000000015
77873  -47.214  7.884  21.419 0.1000000015
78028  -54.264  8.909  4.036 0.2000000030
78546  -25.662  8.403  27.770 0.1000000015
78575  -49.535  9.335  26.185 0.1000000015
78739  -55.162  9.350  6.764 0.1000000015
78749  -55.533  9.110  6.284 0.1000000015
78757  -54.644  9.449  4.869 0.2000000030
78759  -55.369  9.278  5.792 0.2000000030
79309  -25.627  9.832  23.935 0.1000000015
79322  -26.462  9.505  22.774 0.1000000015
79465  -55.077  9.510  5.459 0.2000000030
79997  -49.445  11.164  25.546 0.1000000015
80001  -49.207  11.506  25.110 0.1000000015
80008  -49.271  11.694  24.454 0.1000000015
80020  -51.973  12.363  23.205 0.1000000015
80033  -52.762  11.844  21.859 0.1000000015
80716  -52.227  12.465  22.711 0.1000000015
80727  -52.168  12.422  22.151 0.1000000015
80728  -52.544  12.092  21.609 0.1000000015
80871  -44.979  11.644  -0.318 0.6000000238
81545  -48.938  13.485  4.272 1.0000000000
82104  -27.919  13.867  21.797 0.1000000015
82172  -48.801  13.860  9.362 0.8999999762
82210  -49.069  13.792  4.417 1.0000000000
82752  -43.865  14.560  17.102 0.6999999881
82863  -49.006  14.068  4.624 1.0000000000
82874  -48.727  14.392  4.071 1.0000000000
82906  -45.692  15.287  0.037 0.8000000119
83587  -35.954  15.319  5.647 0.2000000030
83595  -36.769  15.885  4.701 0.3000000119
83596  -37.356  15.850  4.373 0.3000000119
83618  -39.202  16.135  3.132 0.5000000000
84849  -50.863  17.070  15.650 0.5000000000
84864  -50.919  16.667  15.313 0.6000000238
85443  -35.844  18.374  17.597 0.1000000015
86749  -47.702  20.391  7.090 0.1000000015
87398  -41.643  21.781  12.731 0.3000000119
87419  -48.623  21.607  11.800 0.1000000015
87439  -50.773  21.166  9.102 0.1000000015
88112  -50.688  21.673  8.963 0.1000000015
88737  -50.473  22.319  9.734 0.1000000015
88770  -42.071  22.886  7.826 0.1000000015
89268  -48.534  25.554  19.959 0.1000000015
89790  -44.662  25.306  22.432 0.1000000015
89800  -48.074  26.631  21.133 0.1000000015
90389  -47.527  27.152  20.259 0.1000000015
90423  -44.114  25.923  14.388 0.1000000015
108368  -27.623  8.011  32.116 0.1000000015
110126  -43.722  7.808  23.930 0.1000000015
110846  -37.571  0.788  21.544 0.1000000015
114760  -47.733  5.697  23.334 0.1000000015
117580  -41.663  7.365  14.108 0.6999999881
118165  -26.382  8.896  28.891 0.1000000015
121185  -52.348  8.248  3.372 0.2000000030
122044  -43.997  9.707  13.545 0.6999999881
122118  -31.799  3.995  21.646 0.1000000015
124986  -46.623  1.129  15.448 0.1000000015
126009  -49.639  20.517  8.054 0.1000000015
126105  -36.340  10.947  18.531 0.5000000000
126755  -49.510  4.587  17.408 0.1000000015
127283  -43.348  15.639  0.714 0.6999999881
128281  -43.106  8.982  11.486 0.8000000119
128400  -38.287  16.584  6.355 0.5000000000
128703  -27.933  6.640  37.245 0.1000000015
128740  -25.943  11.177  27.391 0.1000000015
128957  -27.439  7.013  33.699 0.1000000015
129194  -46.589  1.020  14.946 0.1000000015
129378  -32.350  12.237  19.792 0.1000000015
130174  -41.035  -0.190  15.885 0.1000000015
130198  -48.750  4.962  21.813 0.1000000015
130509  -31.516  4.146  22.212 0.1000000015
