#!ascii label  , from subject sub-v1s13x0050005_ses-1 vox2ras=TkReg
3786
31086  -9.954  -42.936  53.570 0.2222220004
33590  -9.710  -40.870  53.237 0.3333329856
35434  -10.692  -38.429  53.139 0.4444440007
36269  -11.646  -37.297  52.508 0.5555559993
36281  -11.980  -37.093  51.391 0.5555559993
36270  -12.309  -36.773  52.403 0.4444440007
127055  -12.571  -36.642  51.425 0.5555559993
126812  -9.106  -42.525  52.711 0.4444440007
130306  -9.273  -41.925  52.924 0.3333329856
32740  -9.654  -41.491  53.382 0.3333329856
29261  -8.473  -45.202  51.912 0.3333329856
30209  -9.127  -44.822  52.449 0.3333329856
30208  -8.411  -44.211  52.083 0.3333329856
31094  -9.332  -43.264  53.094 0.3333329856
33595  -10.056  -40.044  53.263 0.4444440007
34512  -10.550  -39.088  53.473 0.4444440007
28388  -8.563  -45.957  51.743 0.1111110002
119324  -9.008  -45.557  52.093 0.3333329856
115991  -9.923  -40.067  52.594 0.5555559993
34515  -10.202  -39.268  52.848 0.5555559993
34521  -10.618  -38.898  51.929 0.5555559993
33598  -10.267  -39.817  51.857 0.5555559993
35442  -11.022  -37.971  52.414 0.5555559993
34531  -11.105  -39.210  50.673 0.5555559993
35474  -11.579  -38.561  50.267 0.6666669846
37112  -12.834  -36.612  49.677 0.6666669846
37094  -13.729  -36.069  51.910 0.4444440007
35475  -11.947  -38.166  49.559 0.6666669846
36299  -12.380  -37.444  49.402 0.6666669846
37961  -13.789  -35.881  50.046 0.7777780294
35496  -12.120  -38.238  48.784 0.7777780294
110974  -12.776  -36.826  48.781 0.7777780294
115893  -13.081  -36.316  49.071 0.7777780294
35510  -11.949  -38.936  48.412 0.7777780294
117159  -12.281  -38.374  47.932 0.7777780294
36312  -12.509  -37.571  48.365 0.7777780294
37126  -12.838  -36.887  47.898 0.7777780294
34582  -12.278  -39.243  46.537 0.7777780294
35511  -12.462  -38.471  47.041 0.7777780294
36324  -12.628  -37.641  47.466 0.7777780294
32747  -9.416  -41.469  52.865 0.4444440007
29260  -8.136  -44.843  51.618 0.4444440007
31106  -8.837  -43.288  52.394 0.3333329856
31933  -9.146  -42.150  52.531 0.4444440007
32754  -9.328  -41.675  52.187 0.4444440007
28401  -6.926  -46.620  50.504 0.4444440007
27533  -7.620  -46.499  51.120 0.1111110002
30215  -7.900  -45.013  51.189 0.4444440007
30216  -8.134  -44.233  51.495 0.4444440007
31113  -8.533  -43.375  51.845 0.3333329856
31932  -8.924  -42.743  52.265 0.4444440007
31936  -8.859  -42.578  52.043 0.4444440007
32748  -9.638  -40.781  52.774 0.5555559993
29275  -7.477  -45.836  50.869 0.5555559993
31125  -8.383  -43.895  50.443 0.4444440007
31938  -8.598  -43.062  51.569 0.5555559993
31939  -9.194  -42.378  51.258 0.5555559993
32759  -9.710  -41.585  51.287 0.5555559993
32755  -9.940  -40.783  51.799 0.5555559993
34530  -10.700  -39.683  51.028 0.5555559993
29282  -7.657  -45.376  49.711 0.5555559993
30232  -8.032  -44.631  50.116 0.4444440007
31119  -8.813  -43.188  50.791 0.5555559993
31943  -9.592  -42.663  50.127 0.5555559993
31940  -9.935  -41.917  50.440 0.5555559993
32760  -10.258  -41.203  50.683 0.5555559993
33626  -10.763  -40.890  49.955 0.5555559993
30233  -8.766  -44.144  49.433 0.5555559993
31126  -9.210  -43.427  49.767 0.5555559993
31944  -10.267  -42.103  49.528 0.6666669846
33627  -11.192  -40.535  49.237 0.7777780294
34549  -11.442  -39.458  49.682 0.7777780294
35495  -11.799  -38.897  49.209 0.7777780294
37963  -15.184  -35.515  49.944 0.7777780294
37948  -15.812  -35.611  50.889 0.4444440007
29289  -8.015  -45.655  48.580 0.5555559993
30241  -9.090  -44.393  48.434 0.4444440007
31134  -9.627  -43.965  47.824 0.5555559993
31948  -10.027  -42.888  49.016 0.6666669846
32772  -10.841  -41.428  49.092 0.7777780294
32786  -11.329  -40.852  48.342 0.7777780294
33638  -11.615  -39.813  48.670 0.7777780294
37962  -14.471  -35.632  49.363 0.7777780294
30248  -9.297  -44.608  47.506 0.3333329856
31949  -10.535  -42.599  48.087 0.6666669846
114670  -10.991  -41.781  48.014 0.7777780294
33652  -11.690  -40.307  47.622 0.7777780294
37139  -13.268  -36.366  47.494 0.7777780294
37127  -13.156  -36.336  48.358 0.7777780294
32802  -11.151  -41.837  47.003 0.6666669846
123856  -12.011  -39.309  47.569 0.7777780294
36336  -12.751  -37.677  46.574 0.7777780294
37138  -12.925  -36.908  47.008 0.7777780294
32803  -11.434  -41.136  47.415 0.6666669846
34581  -11.917  -40.001  46.792 0.6666669846
36347  -12.877  -37.720  45.673 0.7777780294
36337  -13.126  -37.005  46.147 0.6666669846
31963  -11.197  -41.889  46.165 0.5555559993
122035  -11.805  -40.630  46.134 0.5555559993
34596  -12.403  -39.224  45.655 0.5555559993
35524  -12.581  -38.478  46.117 0.7777780294
32830  -11.459  -41.418  45.334 0.5555559993
33678  -11.930  -40.464  45.256 0.5555559993
34595  -12.117  -39.899  45.956 0.5555559993
35533  -12.693  -38.534  45.199 0.6666669846
127322  -15.763  -35.506  49.802 0.6666669846
37949  -16.951  -35.665  51.089 0.4444440007
111645  -15.319  -35.475  49.162 0.7777780294
37980  -14.842  -35.507  48.462 0.7777780294
37994  -13.698  -35.999  48.027 0.7777780294
38009  -13.888  -35.984  47.158 0.7777780294
124882  -12.442  -39.325  44.804 0.6666669846
109522  -16.082  -35.470  49.152 0.8888890147
37964  -17.480  -35.596  50.010 0.5555559993
37941  -18.198  -36.140  51.651 0.4444440007
37982  -16.528  -35.471  48.456 0.8888890147
37981  -15.665  -35.409  48.404 0.8888890147
115072  -16.113  -35.360  47.632 0.8888890147
38010  -14.693  -35.639  46.942 0.7777780294
37996  -15.613  -35.438  46.847 0.8888890147
37148  -13.457  -36.430  46.617 0.7777780294
37149  -14.219  -36.075  46.191 0.6666669846
108177  -15.113  -35.721  46.106 0.7777780294
36359  -13.005  -37.797  44.748 0.5555559993
36348  -13.358  -37.128  45.282 0.5555559993
38021  -14.742  -36.056  45.411 0.7777780294
37158  -13.907  -36.692  44.938 0.4444440007
115756  -14.509  -36.387  44.782 0.6666669846
36360  -13.578  -37.287  44.395 0.5555559993
37168  -14.278  -36.963  44.041 0.5555559993
37953  -20.083  -36.423  50.424 0.4444440007
109789  -18.163  -35.638  49.423 0.8888890147
37951  -18.792  -35.951  51.130 0.5555559993
32767  -29.228  -41.054  50.381 0.3333329856
37983  -17.496  -35.590  48.730 0.8888890147
37998  -17.646  -35.491  47.004 0.8888890147
115071  -17.072  -35.469  47.719 0.8888890147
33605  -29.662  -39.827  50.271 0.4444440007
34525  -30.369  -38.706  50.573 0.5555559993
36292  -30.590  -37.453  50.451 0.5555559993
38011  -16.022  -35.566  46.026 0.8888890147
37106  -30.782  -36.802  50.308 0.6666669846
38022  -15.561  -35.816  45.254 0.7777780294
38023  -16.372  -35.648  45.345 0.7777780294
38017  -30.967  -35.634  46.962 0.8888890147
119345  -30.840  -36.079  48.708 0.7777780294
40713  -34.485  -32.394  49.003 0.3333329856
125208  -15.046  -36.106  44.798 0.6666669846
38877  -31.294  -34.774  47.436 0.8888890147
40712  -33.820  -32.904  48.535 0.4444440007
108341  -34.328  -32.540  48.281 0.4444440007
39782  -32.018  -33.699  47.376 0.6666669846
39789  -32.286  -33.296  46.870 0.6666669846
40744  -32.795  -33.011  46.881 0.5555559993
40745  -33.464  -32.865  46.949 0.6666669846
39788  -31.861  -33.505  46.472 0.7777780294
39798  -32.324  -33.056  46.013 0.6666669846
37103  -20.430  -36.926  50.298 0.2222220004
128496  -20.824  -37.373  50.110 0.1111110002
127131  -27.969  -41.139  49.926 0.2222220004
112552  -18.919  -35.704  49.520 0.7777780294
130545  -19.860  -35.995  50.361 0.7777780294
32766  -28.408  -41.090  50.174 0.4444440007
37984  -18.482  -35.633  48.648 0.7777780294
33617  -28.502  -40.633  50.330 0.5555559993
115070  -18.023  -35.582  47.817 0.8888890147
33603  -28.703  -39.736  50.282 0.5555559993
33618  -29.236  -40.480  50.388 0.5555559993
37997  -16.676  -35.421  46.770 0.8888890147
35467  -29.301  -38.594  50.511 0.5555559993
34524  -29.740  -39.123  50.701 0.5555559993
36304  -29.760  -37.883  49.845 0.5555559993
36291  -30.001  -38.018  50.494 0.5555559993
109520  -16.895  -35.550  45.856 0.7777780294
126031  -17.421  -35.519  46.336 0.8888890147
37133  -30.575  -36.880  48.617 0.7777780294
36305  -30.372  -37.327  50.202 0.5555559993
41809  -35.579  -31.690  48.496 0.5555559993
108579  -17.171  -35.623  44.963 0.7777780294
37143  -30.691  -36.561  47.622 0.8888890147
37119  -30.701  -36.575  49.657 0.7777780294
40746  -34.262  -32.632  47.432 0.5555559993
40730  -34.886  -32.275  48.170 0.4444440007
37169  -15.092  -36.463  44.087 0.6666669846
38039  -15.573  -36.042  44.515 0.7777780294
38033  -30.930  -35.644  45.915 0.8888890147
38884  -31.190  -34.738  46.464 0.8888890147
113536  -33.149  -32.877  46.126 0.6666669846
125675  -33.894  -32.811  46.589 0.6666669846
38040  -16.270  -35.816  44.647 0.6666669846
117213  -31.044  -34.672  45.474 1.0000000000
38885  -31.402  -33.944  45.994 0.8888890147
108304  -16.972  -35.865  44.054 0.6666669846
39796  -31.189  -33.787  45.028 1.0000000000
108089  -32.683  -32.900  45.228 0.8888890147
37183  -15.602  -36.783  43.207 0.6666669846
38057  -16.088  -36.216  43.811 0.6666669846
39806  -31.584  -33.213  44.541 0.8888890147
40764  -32.100  -32.974  44.931 0.8888890147
37198  -15.936  -36.903  42.446 0.5555559993
37114  -20.808  -36.586  50.114 0.1111110002
36287  -21.655  -37.817  49.812 0.1111110002
33616  -27.633  -40.165  49.964 0.3333329856
128195  -21.435  -36.668  49.847 0.5555559993
37104  -21.334  -37.131  50.080 0.1111110002
114372  -19.731  -35.820  49.668 0.7777780294
37968  -21.046  -36.229  49.484 0.7777780294
37985  -19.388  -35.694  48.719 0.7777780294
37986  -20.376  -35.858  48.873 0.7777780294
33602  -28.040  -39.798  50.123 0.4444440007
37999  -18.537  -35.597  47.067 0.7777780294
38000  -19.875  -35.731  47.884 0.7777780294
35466  -28.637  -38.847  50.480 0.5555559993
34523  -29.047  -38.983  50.676 0.5555559993
115638  -18.949  -35.657  47.848 0.7777780294
35487  -29.392  -38.332  50.279 0.6666669846
36317  -29.609  -37.906  48.650 0.8888890147
40731  -35.216  -32.300  47.586 0.5555559993
109519  -18.164  -35.559  46.352 0.8888890147
36329  -30.164  -37.424  47.991 0.8888890147
38025  -18.619  -35.599  45.660 0.8888890147
38024  -17.742  -35.558  45.689 0.8888890147
38041  -17.809  -35.711  44.236 0.6666669846
38891  -30.840  -34.590  44.523 1.0000000000
40785  -33.136  -32.836  44.631 0.8888890147
37184  -16.266  -36.578  42.965 0.6666669846
39805  -30.995  -33.597  44.004 1.0000000000
40783  -31.880  -32.828  44.001 0.8888890147
40784  -32.429  -32.789  44.317 0.8888890147
37197  -15.292  -37.139  42.363 0.4444440007
107911  -16.982  -36.171  43.093 0.6666669846
108848  -17.901  -35.975  42.932 0.7777780294
40799  -31.165  -33.149  43.233 1.0000000000
37216  -15.704  -36.927  41.442 0.4444440007
38071  -17.492  -36.232  42.196 0.6666669846
38070  -16.611  -36.613  42.052 0.6666669846
35460  -22.751  -38.460  49.469 0.1111110002
37105  -22.085  -37.456  49.826 0.1111110002
32765  -27.667  -40.796  49.961 0.2222220004
111982  -26.812  -39.606  49.758 0.3333329856
34540  -27.339  -39.415  50.010 0.4444440007
35485  -27.154  -38.740  49.942 0.6666669846
34541  -28.081  -39.128  50.323 0.6666669846
38001  -20.799  -35.829  47.838 0.7777780294
130094  -27.898  -38.688  49.953 0.6666669846
41810  -36.327  -31.055  48.275 0.4444440007
42857  -36.863  -30.356  48.500 0.3333329856
115069  -19.431  -35.693  47.082 0.7777780294
115068  -20.326  -35.777  47.060 0.7777780294
35518  -27.950  -38.330  48.395 0.7777780294
35504  -29.149  -38.309  49.478 0.6666669846
41825  -35.923  -31.830  47.742 0.4444440007
36316  -28.886  -38.268  48.348 0.8888890147
40747  -35.827  -32.342  46.877 0.6666669846
38026  -19.500  -35.633  45.652 0.7777780294
109516  -20.755  -35.737  46.309 0.7777780294
36328  -29.444  -37.902  47.332 0.8888890147
36353  -30.149  -37.242  45.917 1.0000000000
108417  -34.873  -32.969  45.404 0.7777780294
108559  -34.831  -32.724  46.526 0.5555559993
108578  -18.183  -35.607  44.957 0.8888890147
108576  -19.991  -35.643  44.944 0.7777780294
37163  -30.558  -36.480  45.430 1.0000000000
108909  -33.970  -32.988  44.943 0.8888890147
40766  -33.989  -32.884  45.829 0.6666669846
38058  -17.587  -35.882  43.585 0.6666669846
38042  -18.660  -35.690  44.252 0.8888890147
38050  -30.818  -35.594  44.957 1.0000000000
108572  -18.292  -35.797  43.595 0.7777780294
108571  -18.980  -35.730  43.633 0.7777780294
38044  -20.529  -35.643  44.253 0.7777780294
38064  -30.539  -35.511  44.086 0.8888890147
38059  -19.546  -35.709  43.272 0.7777780294
38045  -21.408  -35.635  44.362 0.8888890147
40782  -31.467  -33.039  43.781 1.0000000000
108570  -20.227  -35.661  43.492 0.7777780294
38898  -30.583  -34.566  43.635 0.8888890147
38087  -17.258  -36.392  41.275 0.5555559993
38072  -18.254  -35.977  42.202 0.5555559993
38073  -19.649  -35.725  42.455 0.6666669846
123231  -17.896  -36.135  41.600 0.4444440007
38089  -19.363  -35.757  41.410 0.5555559993
116566  -20.287  -35.648  41.744 0.6666669846
35461  -23.771  -38.785  49.440 0.1111110002
33612  -24.047  -39.359  49.279 0.1111110002
36288  -22.677  -37.884  49.670 0.1111110002
113151  -23.349  -38.296  49.473 0.1111110002
114069  -22.042  -36.938  49.735 0.2222220004
35462  -24.601  -38.923  49.541 0.1111110002
121720  -26.104  -39.289  49.648 0.3333329856
37988  -22.124  -36.233  48.384 0.6666669846
37115  -21.780  -36.460  49.222 0.5555559993
37116  -22.724  -37.346  49.510 0.1111110002
36289  -24.105  -38.425  49.370 0.2222220004
36301  -24.472  -37.898  49.155 0.5555559993
35483  -25.613  -38.660  49.508 0.6666669846
126602  -25.585  -39.143  49.628 0.5555559993
37987  -21.317  -36.014  48.593 0.7777780294
36302  -25.199  -38.043  49.151 0.6666669846
35484  -26.371  -38.746  49.705 0.5555559993
125091  -26.649  -39.175  49.842 0.4444440007
36314  -26.033  -37.683  48.675 0.7777780294
36303  -26.597  -38.278  49.355 0.7777780294
41827  -37.058  -30.724  47.467 0.4444440007
36315  -26.994  -37.969  48.625 1.0000000000
35502  -27.468  -38.422  49.360 0.7777780294
41826  -36.460  -31.601  47.161 0.6666669846
42865  -37.268  -29.984  48.142 0.2222220004
38012  -21.217  -35.850  46.985 0.7777780294
36326  -27.331  -37.967  47.630 1.0000000000
38027  -20.352  -35.657  45.658 0.7777780294
36327  -28.350  -38.213  47.200 1.0000000000
40767  -35.741  -32.727  45.848 0.6666669846
40748  -36.474  -32.165  46.158 0.5555559993
41845  -37.074  -31.440  46.397 0.5555559993
124519  -21.079  -35.688  45.671 0.7777780294
128835  -22.237  -35.860  46.311 0.7777780294
111807  -28.151  -38.050  46.184 1.0000000000
36340  -28.956  -37.999  46.304 1.0000000000
36341  -29.645  -37.673  46.379 1.0000000000
111149  -35.722  -32.948  44.884 0.7777780294
126818  -37.102  -31.913  45.461 0.8888890147
42872  -37.640  -30.740  46.422 0.5555559993
108574  -21.752  -35.678  45.212 0.7777780294
36351  -28.464  -37.834  45.366 1.0000000000
36363  -29.128  -37.494  44.761 1.0000000000
109047  -33.781  -32.844  44.072 0.8888890147
123580  -35.725  -32.916  44.119 0.7777780294
40768  -36.466  -32.562  45.210 0.6666669846
40788  -37.080  -32.209  44.535 0.8888890147
37175  -30.334  -36.371  44.547 1.0000000000
109042  -32.912  -32.652  43.814 0.8888890147
40803  -34.456  -32.804  43.573 0.8888890147
40804  -35.320  -32.799  43.509 0.8888890147
40787  -36.379  -32.719  44.331 0.8888890147
108569  -21.070  -35.607  43.550 0.8888890147
127334  -22.144  -35.666  44.477 0.8888890147
38063  -30.188  -35.492  43.278 0.8888890147
130101  -31.175  -33.034  42.845 1.0000000000
40801  -32.188  -32.571  43.331 0.8888890147
130308  -20.008  -35.688  42.994 0.7777780294
108568  -22.059  -35.634  43.646 0.8888890147
109515  -20.579  -35.630  42.721 0.6666669846
109538  -22.514  -35.648  42.732 0.8888890147
124446  -22.862  -35.706  43.433 0.8888890147
38118  -18.740  -35.848  40.581 0.5555559993
129605  -19.378  -35.744  40.716 0.5555559993
38074  -21.191  -35.596  41.963 0.6666669846
115117  -20.021  -35.667  40.749 0.5555559993
38090  -20.894  -35.582  41.103 0.6666669846
107827  -23.346  -37.144  49.148 0.6666669846
37117  -24.092  -37.243  48.979 0.6666669846
37128  -22.667  -36.728  49.008 0.6666669846
37129  -23.589  -36.762  48.567 0.6666669846
36313  -25.397  -37.695  48.887 0.7777780294
111161  -25.841  -38.169  49.248 0.7777780294
37130  -24.525  -36.837  48.300 0.7777780294
37131  -25.291  -37.236  48.407 1.0000000000
43815  -37.763  -29.480  48.311 0.3333329856
37140  -23.803  -36.350  47.630 0.7777780294
37142  -25.150  -36.770  47.697 1.0000000000
37132  -25.864  -37.148  47.708 1.0000000000
36325  -26.549  -37.640  47.972 1.0000000000
125639  -22.354  -36.095  47.657 0.7777780294
37141  -24.582  -36.499  47.508 0.7777780294
37150  -24.986  -36.470  46.968 1.0000000000
37152  -26.068  -36.935  46.734 1.0000000000
36338  -26.634  -37.537  47.122 1.0000000000
43821  -37.742  -29.944  47.235 0.4444440007
42873  -38.443  -29.605  46.585 0.4444440007
38015  -24.319  -36.225  46.855 0.7777780294
123488  -25.499  -36.752  47.110 1.0000000000
126399  -38.154  -30.233  46.270 0.5555559993
43823  -38.861  -28.907  46.926 0.4444440007
38013  -22.762  -35.964  46.416 0.7777780294
36339  -27.445  -37.909  46.615 1.0000000000
41860  -37.756  -31.461  44.771 0.6666669846
42878  -38.172  -30.762  45.456 0.6666669846
43828  -39.093  -29.372  45.976 0.4444440007
108573  -22.669  -35.736  44.998 0.7777780294
38030  -23.345  -35.902  45.696 0.8888890147
37161  -26.872  -37.087  45.174 1.0000000000
36350  -27.538  -37.783  45.661 1.0000000000
42887  -38.340  -30.923  44.565 0.7777780294
117219  -38.804  -30.440  44.804 0.6666669846
36361  -27.709  -37.593  44.781 1.0000000000
40805  -36.150  -32.690  43.564 0.8888890147
41876  -37.597  -31.703  43.744 0.8888890147
42880  -39.297  -29.815  45.084 0.4444440007
38046  -22.805  -35.726  44.157 0.8888890147
36362  -28.378  -37.563  44.543 0.8888890147
40800  -31.590  -32.819  43.154 1.0000000000
123615  -32.766  -32.527  43.316 0.8888890147
110221  -34.734  -32.622  42.851 0.8888890147
125321  -36.553  -32.318  43.072 0.8888890147
41875  -37.156  -31.907  43.001 0.8888890147
41861  -38.128  -31.168  44.032 0.8888890147
42888  -38.726  -30.678  43.851 0.8888890147
42889  -39.377  -30.138  44.191 0.7777780294
108567  -23.547  -35.808  43.727 0.8888890147
37188  -29.325  -36.754  43.477 0.8888890147
37189  -30.022  -36.259  43.751 0.8888890147
38897  -30.245  -34.614  42.813 0.8888890147
41891  -32.127  -32.358  42.436 1.0000000000
41874  -32.682  -32.383  42.825 0.8888890147
40821  -33.267  -32.349  42.412 0.8888890147
40823  -35.092  -32.337  42.009 0.8888890147
40824  -35.816  -32.431  42.717 0.8888890147
41894  -37.340  -31.397  42.218 0.8888890147
42895  -38.708  -30.560  42.884 0.8888890147
109537  -23.377  -35.736  42.894 0.8888890147
38061  -25.171  -35.981  43.340 0.8888890147
37202  -29.078  -36.495  42.738 0.8888890147
40818  -30.872  -33.122  42.499 0.8888890147
40819  -31.302  -32.761  42.340 0.8888890147
41915  -32.616  -32.204  42.074 0.8888890147
40838  -34.422  -32.283  41.377 0.8888890147
41892  -36.025  -31.872  41.743 0.8888890147
41895  -38.075  -30.855  42.395 0.8888890147
130083  -22.567  -35.644  42.112 0.6666669846
38076  -23.096  -35.716  42.143 0.6666669846
38077  -23.973  -35.781  42.202 0.8888890147
38905  -29.847  -34.639  42.053 0.8888890147
112128  -29.973  -33.930  41.747 0.8888890147
117874  -30.901  -32.758  41.739 0.8888890147
41890  -31.456  -32.473  42.045 0.7777780294
40822  -34.108  -32.459  42.239 0.7777780294
108933  -36.767  -31.544  41.772 0.8888890147
41919  -37.721  -30.859  41.722 0.7777780294
38092  -22.617  -35.609  41.482 0.6666669846
38093  -23.544  -35.671  41.412 0.6666669846
39824  -29.891  -33.576  41.081 0.8888890147
40836  -31.103  -32.513  41.572 0.7777780294
41913  -31.189  -32.160  41.366 0.7777780294
41914  -31.854  -32.124  41.750 0.7777780294
40837  -33.475  -32.290  41.661 0.8888890147
40839  -35.320  -31.983  41.168 0.8888890147
41917  -36.544  -31.390  41.142 0.8888890147
41918  -37.181  -31.084  41.407 0.7777780294
39831  -29.508  -33.625  40.392 0.7777780294
125634  -30.848  -32.523  41.143 0.7777780294
41938  -31.800  -31.906  40.918 0.7777780294
40849  -33.770  -32.211  40.678 0.8888890147
41941  -35.557  -31.732  40.400 1.0000000000
41916  -35.960  -31.662  40.973 0.8888890147
39838  -28.984  -33.514  39.305 0.7777780294
39839  -29.469  -33.152  39.847 0.7777780294
40848  -30.499  -32.374  40.507 0.7777780294
41912  -30.823  -32.260  40.902 0.7777780294
41937  -30.927  -31.837  40.482 0.7777780294
111119  -31.829  -31.789  39.946 0.7777780294
128644  -33.188  -32.118  40.443 0.7777780294
40862  -34.255  -32.038  39.960 0.7777780294
41942  -36.266  -31.359  40.425 0.8888890147
40860  -29.456  -32.711  39.088 0.6666669846
41957  -29.918  -32.070  39.129 0.6666669846
41936  -30.530  -32.093  40.278 0.7777780294
41958  -30.415  -31.826  39.606 0.6666669846
109462  -32.656  -31.921  39.308 0.7777780294
41961  -33.471  -32.043  39.796 0.6666669846
41940  -35.036  -31.770  39.630 0.6666669846
113572  -35.870  -31.410  39.736 0.7777780294
41980  -29.787  -31.876  38.358 0.6666669846
117082  -30.095  -31.908  39.106 0.5555559993
112754  -30.913  -31.586  38.872 0.6666669846
41984  -33.492  -31.892  38.769 0.5555559993
129766  -34.163  -31.774  38.469 0.6666669846
113385  -34.831  -31.633  38.719 0.7777780294
41981  -30.117  -31.603  38.598 0.5555559993
116393  -30.691  -31.564  38.138 0.3333329856
115060  -31.592  -31.789  37.958 0.4444440007
41985  -34.552  -31.624  37.911 0.5555559993
124006  -32.943  -31.888  37.333 0.5555559993
114305  -33.643  -31.819  37.773 0.5555559993
43816  -38.339  -28.990  48.495 0.3333329856
43822  -38.262  -29.197  47.576 0.4444440007
44773  -38.755  -28.544  47.919 0.4444440007
44774  -39.308  -28.192  47.330 0.4444440007
110710  -24.090  -36.035  46.130 0.8888890147
37151  -25.497  -36.509  46.386 1.0000000000
36349  -26.759  -37.379  46.161 1.0000000000
44775  -39.942  -27.853  46.779 0.4444440007
38016  -24.797  -36.207  46.181 1.0000000000
107975  -26.146  -36.727  45.833 1.0000000000
44785  -39.520  -28.645  46.325 0.4444440007
38047  -23.536  -35.842  44.659 0.8888890147
38031  -24.387  -36.025  45.271 1.0000000000
38032  -25.409  -36.309  45.433 1.0000000000
37160  -26.157  -36.563  45.087 1.0000000000
37172  -27.220  -37.107  44.348 0.8888890147
112491  -39.767  -29.121  45.363 0.4444440007
37170  -25.745  -36.326  44.561 1.0000000000
37173  -28.806  -37.277  44.002 0.8888890147
43834  -39.910  -29.560  44.486 0.7777780294
124020  -25.285  -36.147  44.074 1.0000000000
37171  -26.498  -36.712  44.389 0.8888890147
124272  -27.769  -37.002  43.118 0.8888890147
37187  -28.495  -36.986  43.259 0.8888890147
42896  -39.341  -30.222  43.271 0.8888890147
38048  -24.456  -35.974  44.121 0.8888890147
37185  -26.025  -36.330  43.654 0.8888890147
38080  -29.684  -35.642  42.451 0.8888890147
42904  -39.250  -30.141  42.387 0.8888890147
38078  -25.027  -35.861  42.316 0.7777780294
38079  -28.823  -36.146  42.007 0.8888890147
38099  -29.269  -35.386  41.628 0.8888890147
42903  -38.667  -30.417  42.159 0.8888890147
42916  -38.977  -30.070  41.585 0.8888890147
38121  -22.244  -35.555  40.619 0.4444440007
38122  -23.089  -35.555  40.673 0.5555559993
38094  -24.564  -35.734  41.323 0.6666669846
42914  -37.711  -30.531  41.053 0.7777780294
42915  -38.273  -30.444  41.606 0.8888890147
122237  -28.731  -34.878  40.276 0.7777780294
38912  -28.941  -35.150  40.897 0.7777780294
38913  -29.577  -34.530  41.317 0.7777780294
41943  -37.010  -30.846  40.533 0.7777780294
38153  -28.300  -34.939  39.684 0.7777780294
38922  -29.287  -34.334  40.630 0.7777780294
41964  -36.158  -31.097  39.203 0.7777780294
41965  -36.528  -30.981  39.775 0.8888890147
41963  -35.572  -31.378  38.980 0.7777780294
111584  -28.787  -32.700  38.040 0.5555559993
40873  -29.211  -32.553  38.462 0.5555559993
41956  -29.626  -32.180  38.588 0.5555559993
41986  -35.358  -31.392  38.140 0.7777780294
40885  -28.641  -32.394  37.433 0.4444440007
41998  -28.944  -31.699  37.192 0.5555559993
122058  -30.115  -31.363  37.628 0.4444440007
42017  -28.683  -31.320  36.458 0.3333329856
42957  -29.481  -31.135  36.943 0.3333329856
42001  -30.924  -31.630  37.252 0.2222220004
42002  -32.348  -31.877  37.382 0.4444440007
42004  -34.246  -31.712  37.032 0.5555559993
42005  -35.066  -31.469  37.279 0.5555559993
42018  -30.255  -31.301  36.614 0.1111110002
42032  -30.484  -31.260  35.407 0.1111110002
120674  -31.800  -31.855  36.854 0.2222220004
42003  -33.413  -31.870  36.728 0.3333329856
42033  -31.350  -31.606  35.065 0.1111110002
42020  -32.007  -31.928  35.825 0.2222220004
42021  -33.008  -31.973  35.651 0.2222220004
44766  -39.320  -27.976  48.272 0.2222220004
45883  -40.661  -27.551  46.252 0.4444440007
44786  -40.249  -28.382  45.751 0.4444440007
43845  -39.966  -29.834  43.646 0.8888890147
43829  -40.557  -28.898  44.687 0.8888890147
37186  -27.027  -36.846  43.549 0.8888890147
43859  -39.990  -29.862  42.734 0.8888890147
111351  -40.425  -29.413  43.964 0.8888890147
38062  -25.893  -36.086  42.721 0.8888890147
37199  -26.551  -36.510  42.913 0.8888890147
37200  -27.263  -36.731  42.623 0.8888890147
38096  -25.901  -35.963  41.938 0.7777780294
37217  -26.612  -36.313  42.113 0.8888890147
37201  -28.164  -36.706  42.427 0.8888890147
113973  -39.880  -29.766  41.717 0.8888890147
38095  -25.392  -35.851  41.511 0.6666669846
108649  -26.054  -35.940  41.253 0.7777780294
117028  -26.845  -36.146  41.245 0.7777780294
37219  -28.127  -36.343  41.720 0.8888890147
38123  -23.940  -35.594  40.618 0.6666669846
124957  -24.670  -35.646  40.468 0.6666669846
38097  -27.717  -36.110  41.136 0.7777780294
38127  -28.139  -35.580  40.422 0.7777780294
38098  -28.511  -35.856  41.276 0.7777780294
109512  -23.488  -35.515  39.929 0.4444440007
38149  -24.290  -35.556  39.858 0.4444440007
38152  -27.447  -35.478  39.544 0.6666669846
38927  -27.884  -34.873  39.061 0.6666669846
108721  -23.830  -35.489  39.202 0.4444440007
38150  -25.127  -35.666  39.819 0.4444440007
39845  -28.732  -33.364  38.569 0.5555559993
39844  -28.204  -33.366  37.688 0.5555559993
40897  -28.426  -32.011  36.714 0.4444440007
42968  -28.709  -30.892  36.155 0.1111110002
42969  -29.001  -30.752  36.315 0.1111110002
42981  -28.954  -30.395  35.269 0.1111110002
42982  -29.936  -30.584  34.518 0.1111110002
42047  -30.801  -31.123  34.480 0.1111110002
42022  -34.022  -31.826  35.967 0.3333329856
115777  -34.755  -31.582  36.518 0.4444440007
45838  -39.923  -27.450  48.582 0.1111110002
45865  -39.764  -27.468  47.812 0.3333329856
45849  -40.257  -26.980  48.235 0.2222220004
45866  -40.393  -26.977  47.388 0.2222220004
46859  -40.839  -26.407  48.221 0.1111110002
46883  -41.249  -25.891  47.690 0.1111110002
46902  -41.537  -26.280  46.443 0.2222220004
45884  -41.421  -27.246  45.799 0.5555559993
46884  -41.705  -25.441  47.197 0.1111110002
44800  -41.498  -28.491  44.310 0.7777780294
111761  -40.568  -29.465  43.213 0.8888890147
112316  -41.711  -28.674  43.358 0.8888890147
43860  -40.787  -29.365  42.255 0.8888890147
44824  -41.619  -28.747  42.457 0.8888890147
38125  -26.349  -35.899  40.519 0.7777780294
43868  -40.564  -29.309  41.389 0.8888890147
38124  -25.433  -35.783  40.687 0.6666669846
38151  -26.577  -35.751  39.701 0.6666669846
117942  -40.044  -29.476  40.860 0.8888890147
127534  -25.795  -35.686  38.922 0.5555559993
108898  -26.725  -35.555  39.008 0.5555559993
38176  -27.283  -35.170  38.660 0.5555559993
38952  -27.508  -34.207  37.438 0.5555559993
125586  -27.441  -33.356  36.359 0.3333329856
47777  -41.983  -25.321  47.972 0.1111110002
47789  -42.558  -24.822  47.561 0.1111110002
45885  -42.126  -26.852  45.393 0.5555559993
108823  -42.211  -24.807  47.111 0.1111110002
44801  -42.350  -28.030  43.852 0.7777780294
45915  -42.891  -27.405  43.786 0.7777780294
112216  -42.709  -26.410  44.935 0.3333329856
44825  -42.333  -28.240  42.861 0.8888890147
44839  -42.189  -28.186  41.938 0.8888890147
46940  -42.850  -27.519  42.433 0.8888890147
44837  -41.338  -28.735  41.466 1.0000000000
43876  -40.643  -28.950  40.720 1.0000000000
44854  -41.266  -28.299  40.545 1.0000000000
49597  -43.196  -23.350  46.390 0.1111110002
121548  -42.611  -24.305  46.454 0.2222220004
48677  -43.216  -23.831  46.775 0.1111110002
46919  -43.177  -25.848  44.539 0.4444440007
126576  -42.679  -25.619  45.326 0.2222220004
47800  -42.412  -25.019  46.055 0.2222220004
46931  -43.574  -26.038  43.490 0.5555559993
46930  -43.168  -26.749  44.102 0.6666669846
46941  -43.392  -26.629  42.508 0.6666669846
45916  -43.236  -27.078  43.271 0.6666669846
45949  -42.450  -27.248  40.669 1.0000000000
45937  -42.628  -27.490  41.493 1.0000000000
44838  -41.984  -27.963  41.045 1.0000000000
49598  -43.530  -23.306  46.437 0.1111110002
49606  -43.397  -22.965  46.023 0.2222220004
49605  -43.064  -23.171  45.944 0.2222220004
49599  -44.195  -23.309  46.373 0.2222220004
48676  -42.966  -23.733  46.503 0.1111110002
49615  -43.122  -23.193  45.150 0.2222220004
47812  -43.491  -25.045  44.179 0.2222220004
48697  -43.184  -24.041  44.741 0.2222220004
48704  -43.620  -24.281  43.841 0.5555559993
49616  -43.524  -23.345  44.004 0.2222220004
47823  -43.848  -24.955  43.211 0.6666669846
49639  -43.840  -23.950  43.057 0.5555559993
46950  -42.960  -26.751  41.139 0.8888890147
46951  -43.407  -26.248  41.691 0.8888890147
47843  -43.620  -25.351  41.523 0.7777780294
46962  -43.276  -25.941  40.891 1.0000000000
45962  -41.507  -27.270  39.511 1.0000000000
46961  -42.772  -26.446  40.377 1.0000000000
45974  -41.207  -26.953  38.797 1.0000000000
46971  -41.816  -26.495  39.245 1.0000000000
45986  -40.390  -27.179  37.583 1.0000000000
45973  -40.604  -27.440  38.359 1.0000000000
49607  -43.869  -22.751  46.091 0.2222220004
127371  -44.511  -22.830  45.927 0.1111110002
50579  -43.778  -22.505  45.476 0.2222220004
50578  -43.392  -22.754  45.397 0.2222220004
50591  -43.866  -22.286  44.641 0.2222220004
50602  -43.887  -22.349  43.900 0.3333329856
50590  -43.548  -22.739  44.504 0.2222220004
50601  -43.738  -22.649  43.463 0.2222220004
49651  -43.567  -23.609  42.073 0.5555559993
49638  -43.561  -22.985  42.833 0.6666669846
48732  -43.508  -24.391  41.365 0.7777780294
47848  -43.000  -25.595  40.158 1.0000000000
47849  -43.377  -25.060  40.723 0.7777780294
48750  -42.979  -24.691  40.070 1.0000000000
46983  -41.548  -26.140  38.502 1.0000000000
47854  -42.023  -25.637  39.036 1.0000000000
46992  -40.703  -26.313  37.292 1.0000000000
46982  -40.924  -26.632  38.053 1.0000000000
45999  -40.173  -26.857  36.816 1.0000000000
50580  -44.441  -22.207  45.493 0.2222220004
50581  -45.194  -22.611  45.459 0.1111110002
50592  -44.246  -21.914  44.876 0.2222220004
51618  -44.169  -21.712  44.313 0.2222220004
51627  -43.763  -22.087  43.037 0.4444440007
50612  -43.390  -22.337  42.472 0.5555559993
121178  -43.114  -22.685  41.917 0.5555559993
48751  -43.185  -24.255  40.663 0.7777780294
48731  -43.069  -23.348  41.105 0.7777780294
48764  -42.119  -24.732  38.896 1.0000000000
49666  -42.735  -23.733  40.194 0.8888890147
48794  -41.409  -24.782  37.578 1.0000000000
47864  -41.751  -25.234  38.291 1.0000000000
47876  -40.902  -25.372  37.062 1.0000000000
47877  -41.236  -25.756  37.770 1.0000000000
119153  -40.454  -25.958  36.545 1.0000000000
47010  -40.130  -25.596  35.841 1.0000000000
47001  -39.917  -26.476  36.072 1.0000000000
114983  -39.287  -25.717  34.536 0.7777780294
47009  -39.666  -26.091  35.332 0.8888890147
47028  -38.392  -26.253  33.258 0.4444440007
113955  -44.707  -21.508  45.001 0.1111110002
51629  -44.227  -21.243  43.976 0.2222220004
51619  -44.556  -21.145  44.452 0.2222220004
51638  -43.297  -21.866  42.273 0.4444440007
51639  -43.811  -21.493  42.826 0.2222220004
50621  -42.872  -22.137  41.736 0.4444440007
111160  -42.696  -22.456  41.260 0.5555559993
49665  -42.364  -22.672  40.427 0.7777780294
49679  -42.099  -23.280  39.608 0.7777780294
49680  -42.475  -24.240  39.487 1.0000000000
49690  -41.478  -22.995  39.017 0.8888890147
50644  -41.779  -22.443  39.609 0.8888890147
48780  -41.724  -24.295  38.245 1.0000000000
124452  -41.510  -23.514  38.405 1.0000000000
49689  -41.085  -22.874  38.294 1.0000000000
47887  -40.639  -25.037  36.299 1.0000000000
48793  -40.924  -24.385  36.914 1.0000000000
47893  -39.792  -25.237  35.171 0.8888890147
47894  -40.191  -24.758  35.709 1.0000000000
48809  -40.462  -24.161  36.225 1.0000000000
47903  -39.390  -24.774  34.614 0.8888890147
47902  -38.770  -25.645  33.745 0.4444440007
126331  -38.996  -25.040  34.083 0.6666669846
126900  -38.385  -25.487  33.133 0.3333329856
48831  -38.833  -24.277  34.181 0.3333329856
48850  -37.352  -24.477  32.357 0.2222220004
49759  -38.228  -23.749  33.750 0.4444440007
51620  -45.806  -21.377  44.539 0.1111110002
126351  -45.180  -21.005  44.698 0.1111110002
52619  -44.130  -21.008  43.396 0.3333329856
51649  -43.542  -21.426  42.137 0.3333329856
52633  -44.074  -20.778  42.547 0.3333329856
51648  -42.947  -21.755  41.490 0.4444440007
52645  -43.621  -21.105  41.517 0.4444440007
50631  -42.473  -22.096  40.977 0.6666669846
52659  -42.143  -21.708  39.899 0.7777780294
52671  -42.040  -21.548  39.237 0.7777780294
51686  -41.401  -21.862  38.698 0.7777780294
52686  -41.729  -21.571  38.378 0.7777780294
50656  -40.920  -22.241  38.003 0.8888890147
52700  -41.503  -21.619  37.575 0.7777780294
52687  -42.170  -21.542  37.948 0.6666669846
51705  -42.541  -21.717  37.481 0.6666669846
49700  -41.193  -23.692  37.649 1.0000000000
49699  -40.629  -22.821  37.514 1.0000000000
126241  -40.583  -21.922  37.467 1.0000000000
52699  -40.813  -21.693  37.189 1.0000000000
52701  -41.907  -21.594  37.112 0.7777780294
51716  -41.645  -21.661  36.428 0.7777780294
49713  -40.528  -23.452  36.880 1.0000000000
50685  -40.065  -22.723  36.788 0.8888890147
51704  -40.235  -21.878  36.703 1.0000000000
52717  -41.267  -21.585  36.816 0.8888890147
51717  -42.198  -21.857  36.483 0.7777780294
48821  -39.721  -24.395  35.221 0.8888890147
49712  -39.871  -23.293  36.170 0.8888890147
50671  -39.940  -22.246  36.575 1.0000000000
52716  -40.595  -21.628  36.422 0.8888890147
52730  -41.103  -21.587  36.044 1.0000000000
51728  -41.612  -21.829  35.610 1.0000000000
125429  -39.957  -24.032  35.768 0.8888890147
49731  -39.522  -23.581  35.418 0.8888890147
50684  -39.591  -22.515  35.999 0.8888890147
52715  -40.143  -21.674  35.805 1.0000000000
52748  -40.914  -21.682  35.226 1.0000000000
51729  -42.178  -22.108  35.624 1.0000000000
48832  -39.169  -23.891  34.796 0.8888890147
49730  -38.894  -23.118  34.940 0.8888890147
50699  -39.415  -23.102  35.613 0.8888890147
50698  -39.001  -22.441  35.210 0.8888890147
50683  -39.327  -22.052  35.432 1.0000000000
51715  -39.832  -21.853  36.028 1.0000000000
52729  -40.346  -21.637  34.976 1.0000000000
51743  -41.221  -21.994  34.709 1.0000000000
51744  -41.935  -22.184  34.774 1.0000000000
49747  -38.607  -23.363  34.408 0.6666669846
129239  -38.750  -22.285  34.791 0.8888890147
51726  -38.940  -21.967  34.900 0.8888890147
52746  -40.052  -21.784  34.255 1.0000000000
52747  -40.573  -21.857  34.509 1.0000000000
51742  -40.800  -22.128  34.123 1.0000000000
49758  -37.531  -23.214  33.364 0.2222220004
49746  -38.108  -23.102  34.005 0.4444440007
51741  -38.632  -22.000  34.362 0.6666669846
52745  -39.342  -21.805  34.268 0.8888890147
52760  -40.193  -21.963  34.021 0.8888890147
49757  -36.937  -22.902  32.869 0.3333329856
50735  -37.701  -22.600  33.567 0.4444440007
50717  -38.165  -22.451  34.103 0.5555559993
51757  -38.121  -22.017  33.754 0.5555559993
52759  -39.640  -21.839  34.044 0.8888890147
51759  -39.663  -21.919  33.732 0.8888890147
50748  -36.856  -22.261  32.518 0.5555559993
120212  -37.448  -22.128  33.140 0.5555559993
121461  -38.190  -21.827  33.086 0.6666669846
115136  -39.223  -21.877  33.126 0.6666669846
51760  -40.303  -22.165  33.616 0.8888890147
51774  -37.038  -21.985  32.096 0.5555559993
52621  -45.116  -19.994  43.642 0.1111110002
51630  -46.431  -20.841  43.955 0.1111110002
120918  -44.522  -20.458  43.282 0.3333329856
52634  -44.870  -20.055  42.795 0.2222220004
52646  -44.479  -20.374  41.886 0.2222220004
129803  -43.024  -21.508  40.870 0.4444440007
51658  -42.514  -21.801  40.577 0.6666669846
127643  -42.732  -21.498  40.062 0.6666669846
120436  -42.303  -21.479  38.676 0.7777780294
51687  -42.876  -21.521  38.470 0.6666669846
50658  -43.428  -21.986  37.826 0.5555559993
50673  -43.996  -22.341  37.205 0.6666669846
50686  -42.876  -22.364  36.031 0.7777780294
50688  -44.583  -22.368  36.662 0.7777780294
111458  -43.075  -22.175  36.928 0.6666669846
50702  -44.430  -22.448  35.804 0.7777780294
50700  -42.706  -22.480  35.156 0.8888890147
50721  -44.300  -22.428  34.822 0.8888890147
50720  -43.392  -22.658  34.588 0.8888890147
120741  -43.921  -22.563  33.916 0.8888890147
112255  -43.038  -22.698  33.801 0.8888890147
51762  -42.169  -22.485  33.783 0.7777780294
50737  -43.628  -22.527  33.130 0.7777780294
125414  -41.586  -22.436  33.481 0.7777780294
51780  -42.060  -22.483  32.919 0.7777780294
119340  -41.015  -22.347  33.567 0.8888890147
51778  -40.614  -22.363  32.946 0.8888890147
51789  -37.642  -21.937  31.977 0.5555559993
51790  -38.401  -22.019  31.969 0.7777780294
51776  -38.759  -21.902  32.675 0.6666669846
51791  -39.274  -22.156  32.051 0.7777780294
52622  -46.712  -19.976  43.582 0.1111110002
112959  -45.965  -19.840  43.946 0.1111110002
52635  -45.748  -19.536  43.167 0.1111110002
52647  -45.487  -19.760  42.230 0.2222220004
110652  -44.886  -20.304  41.527 0.3333329856
51659  -44.977  -20.724  40.811 0.3333329856
110169  -43.423  -21.335  40.074 0.5555559993
51669  -44.146  -21.215  40.165 0.3333329856
51670  -45.181  -21.427  39.838 0.3333329856
52672  -42.767  -21.447  39.296 0.5555559993
52673  -43.471  -21.466  39.384 0.4444440007
126913  -44.320  -21.609  39.453 0.4444440007
51689  -44.930  -22.032  38.957 0.3333329856
129353  -45.437  -21.614  39.235 0.3333329856
51688  -43.874  -21.831  38.714 0.6666669846
51690  -45.613  -21.617  38.625 0.3333329856
50659  -44.453  -22.218  38.035 0.5555559993
50674  -44.727  -22.309  37.384 0.6666669846
50675  -45.231  -22.106  37.077 0.3333329856
50689  -45.166  -21.946  36.148 0.6666669846
51718  -45.563  -21.516  36.688 0.4444440007
51730  -44.892  -22.021  35.364 0.7777780294
111586  -45.675  -21.230  36.113 0.3333329856
51746  -45.669  -21.145  34.447 0.5555559993
121924  -44.603  -21.977  33.999 0.7777780294
50738  -44.342  -22.106  33.237 0.8888890147
51763  -44.967  -21.528  33.369 0.8888890147
50736  -42.780  -22.698  33.039 0.7777780294
50752  -44.124  -22.218  32.509 0.7777780294
51781  -44.742  -21.660  32.587 0.8888890147
50750  -42.655  -22.627  32.284 0.7777780294
51779  -41.368  -22.465  32.896 0.8888890147
50749  -41.917  -22.557  32.161 0.7777780294
51792  -40.212  -22.334  32.107 0.7777780294
51793  -41.114  -22.530  32.105 0.6666669846
50787  -38.499  -22.764  30.562 0.6666669846
50767  -38.890  -22.461  31.280 0.7777780294
50768  -39.812  -22.602  31.285 0.7777780294
50769  -40.747  -22.718  31.263 0.7777780294
50788  -39.430  -22.882  30.535 0.7777780294
50789  -40.318  -22.948  30.504 0.6666669846
50790  -41.203  -22.880  30.407 0.6666669846
113692  -39.919  -23.186  29.886 0.6666669846
49803  -39.901  -23.328  29.091 0.6666669846
50809  -40.734  -23.039  29.533 0.6666669846
52648  -46.469  -19.294  42.652 0.2222220004
113462  -46.361  -19.382  41.994 0.2222220004
53773  -47.706  -18.861  41.552 0.1111110002
52661  -45.729  -19.989  41.429 0.3333329856
51671  -46.020  -20.998  39.450 0.3333329856
53786  -48.301  -18.715  40.305 0.2222220004
51691  -46.287  -20.813  38.391 0.3333329856
51706  -45.775  -21.381  37.542 0.3333329856
52703  -46.482  -20.392  37.498 0.3333329856
126134  -46.822  -20.066  38.215 0.3333329856
52702  -46.050  -20.704  36.648 0.3333329856
52718  -46.758  -20.044  36.759 0.3333329856
52732  -46.714  -20.207  35.867 0.3333329856
52733  -47.429  -20.064  35.570 0.3333329856
122914  -46.939  -20.252  35.126 0.3333329856
51764  -45.632  -21.101  33.627 0.7777780294
52749  -46.873  -20.378  34.414 0.5555559993
51782  -45.450  -21.136  32.793 0.8888890147
52769  -46.214  -20.697  33.141 0.7777780294
50751  -43.421  -22.518  32.420 0.7777780294
50773  -44.436  -21.883  31.847 0.7777780294
51795  -45.200  -21.254  31.792 0.7777780294
52780  -45.998  -20.751  32.227 0.8888890147
50771  -42.580  -22.622  31.487 0.7777780294
129392  -43.902  -22.296  31.938 0.7777780294
51794  -44.612  -21.642  31.007 0.7777780294
113757  -45.886  -20.703  31.301 0.8888890147
50792  -43.295  -22.419  30.893 0.7777780294
51803  -43.967  -21.987  30.316 0.7777780294
51804  -44.722  -21.354  30.095 0.7777780294
50791  -42.534  -22.619  30.621 0.7777780294
50770  -41.733  -22.735  31.200 0.7777780294
51812  -43.561  -21.932  29.550 0.7777780294
50810  -41.674  -22.806  29.613 0.7777780294
51811  -42.957  -22.190  29.229 0.7777780294
50827  -41.409  -22.756  28.751 0.7777780294
50828  -42.213  -22.489  28.971 0.7777780294
51821  -42.664  -21.945  28.460 0.7777780294
118023  -43.530  -21.482  28.770 0.7777780294
51834  -42.255  -21.639  27.720 0.5555559993
51835  -42.946  -21.238  28.006 0.7777780294
52810  -43.499  -20.845  28.177 0.7777780294
51832  -40.926  -22.074  26.954 0.5555559993
51846  -41.755  -21.305  26.902 0.5555559993
52825  -42.540  -20.897  27.302 0.6666669846
51860  -40.999  -21.290  26.073 0.5555559993
52839  -42.263  -20.540  26.559 0.5555559993
52851  -41.321  -20.523  25.532 0.3333329856
52852  -42.023  -20.211  25.821 0.5555559993
53760  -47.262  -19.129  42.143 0.2222220004
52662  -46.752  -19.408  41.251 0.2222220004
53774  -48.339  -18.792  41.233 0.2222220004
123285  -47.534  -18.945  40.725 0.3333329856
52675  -46.681  -19.855  40.127 0.3333329856
125407  -47.392  -19.217  39.677 0.3333329856
53799  -47.990  -18.822  39.210 0.3333329856
125029  -47.708  -19.150  38.332 0.3333329856
53798  -47.292  -19.471  38.661 0.3333329856
114923  -48.440  -18.740  38.581 0.3333329856
53814  -47.892  -19.166  37.624 0.3333329856
53815  -48.832  -18.785  37.853 0.3333329856
108665  -48.420  -19.211  37.040 0.2222220004
53813  -47.167  -19.666  37.702 0.3333329856
53829  -47.342  -19.622  37.074 0.3333329856
53831  -49.101  -19.534  36.443 0.2222220004
53830  -47.761  -19.491  36.878 0.3333329856
113723  -48.128  -19.754  36.142 0.3333329856
53845  -49.062  -19.849  35.389 0.2222220004
52750  -47.468  -20.142  34.696 0.3333329856
53861  -49.074  -19.682  34.251 0.2222220004
53862  -50.029  -19.780  34.710 0.2222220004
52763  -47.413  -20.152  33.872 0.3333329856
53860  -48.099  -19.862  34.084 0.2222220004
111129  -50.065  -19.333  34.062 0.2222220004
128118  -46.722  -20.420  33.084 0.6666669846
53872  -47.981  -19.762  33.271 0.4444440007
53886  -48.615  -19.212  32.833 0.3333329856
113010  -46.656  -20.378  32.558 0.8888890147
52781  -46.569  -20.316  31.706 0.8888890147
53884  -47.231  -19.930  32.094 0.6666669846
53885  -47.896  -19.514  32.454 0.4444440007
51805  -45.307  -21.089  30.755 0.7777780294
122795  -45.830  -20.565  30.514 0.7777780294
52792  -46.444  -20.212  30.783 0.7777780294
53893  -47.107  -19.763  31.201 0.7777780294
51813  -44.128  -21.500  29.479 0.7777780294
52791  -45.376  -20.711  29.914 0.7777780294
52800  -44.694  -20.860  29.243 0.7777780294
127604  -44.142  -21.175  28.984 0.7777780294
52811  -44.097  -20.694  28.567 0.7777780294
52826  -43.149  -20.506  27.654 0.6666669846
52827  -43.690  -20.176  28.008 0.6666669846
52840  -42.852  -20.155  26.994 0.6666669846
52850  -40.585  -20.849  25.234 0.5555559993
53937  -42.661  -19.886  26.209 0.6666669846
53939  -43.866  -19.165  27.103 0.6666669846
52864  -40.172  -20.442  24.573 0.1111110002
52865  -40.922  -20.172  24.806 0.3333329856
53947  -42.409  -19.591  25.436 0.5555559993
53948  -43.118  -19.324  25.789 0.6666669846
54900  -43.741  -18.947  26.235 0.6666669846
54831  -49.838  -18.242  33.400 0.2222220004
54821  -50.710  -17.671  33.552 0.2222220004
121901  -49.017  -18.627  32.892 0.3333329856
54841  -48.440  -18.669  32.132 0.5555559993
53894  -47.739  -19.252  31.599 0.6666669846
53902  -46.803  -19.481  30.369 0.7777780294
54855  -47.460  -19.060  30.800 0.7777780294
52802  -46.077  -19.997  29.856 0.7777780294
52801  -45.331  -20.138  29.259 0.7777780294
115130  -45.598  -19.294  29.261 0.7777780294
52812  -44.719  -20.096  28.712 0.7777780294
125841  -45.090  -19.499  28.840 0.7777780294
108015  -44.220  -19.937  28.269 0.7777780294
53916  -44.627  -19.260  28.304 0.7777780294
53917  -45.164  -18.747  28.743 0.7777780294
53928  -43.993  -19.487  27.826 0.6666669846
110937  -44.427  -18.815  27.632 0.7777780294
54901  -44.417  -18.498  26.753 0.6666669846
55840  -44.894  -17.870  26.880 0.7777780294
53963  -40.426  -19.807  24.213 0.3333329856
53965  -42.087  -19.217  24.701 0.5555559993
54910  -42.866  -19.031  25.003 0.5555559993
55850  -44.818  -18.008  26.106 0.7777780294
55851  -45.289  -17.489  26.574 0.7777780294
54924  -41.792  -18.789  24.022 0.3333329856
54925  -42.583  -18.656  24.287 0.4444440007
54926  -43.345  -18.498  24.552 0.6666669846
54912  -44.235  -18.450  25.730 0.6666669846
55863  -45.279  -17.591  25.547 0.7777780294
55802  -48.344  -17.734  31.951 0.4444440007
55788  -49.846  -17.431  33.524 0.3333329856
125886  -47.461  -18.488  30.697 0.5555559993
54840  -47.885  -18.376  31.215 0.4444440007
55801  -47.742  -17.401  31.243 0.4444440007
55816  -47.376  -17.905  30.633 0.5555559993
54867  -46.259  -18.971  29.726 0.8888890147
54854  -46.984  -18.524  30.221 0.7777780294
55815  -46.661  -17.557  30.173 0.5555559993
54866  -45.648  -18.385  29.245 0.7777780294
54880  -45.297  -17.919  28.696 0.7777780294
54879  -44.915  -18.386  28.180 0.7777780294
54891  -45.178  -17.587  28.079 0.7777780294
55831  -45.472  -17.093  28.628 0.7777780294
54890  -44.846  -18.088  27.500 0.7777780294
56747  -45.436  -16.801  27.929 0.7777780294
55841  -45.229  -17.427  27.376 0.7777780294
56772  -45.763  -17.088  26.114 0.7777780294
54940  -41.421  -18.280  23.545 0.3333329856
54941  -42.252  -18.204  23.690 0.4444440007
55878  -44.404  -17.851  24.432 0.7777780294
56787  -45.827  -17.095  25.004 0.7777780294
120135  -41.336  -16.984  23.110 0.4444440007
55895  -43.568  -17.536  23.509 0.5555559993
55896  -44.348  -17.489  23.775 0.6666669846
55879  -45.077  -17.456  24.407 0.7777780294
55787  -48.828  -17.202  32.881 0.3333329856
56710  -49.638  -16.740  33.684 0.2222220004
56720  -48.068  -16.857  32.028 0.4444440007
56727  -47.025  -17.010  30.677 0.5555559993
55824  -46.195  -18.026  29.735 0.8888890147
56726  -46.297  -16.615  30.020 0.6666669846
55823  -45.692  -17.547  29.239 0.8888890147
56731  -45.776  -16.762  29.300 0.6666669846
118120  -45.868  -16.071  29.419 0.5555559993
57566  -45.647  -16.167  28.602 0.8888890147
56758  -45.612  -16.772  27.123 0.7777780294
57579  -46.100  -15.531  27.441 0.6666669846
57592  -45.897  -16.130  27.110 0.7777780294
56759  -46.008  -16.542  26.547 0.7777780294
57593  -46.478  -15.980  26.509 0.7777780294
56773  -46.300  -16.632  25.691 0.7777780294
56804  -43.189  -16.951  23.117 0.4444440007
119722  -44.073  -16.939  23.212 0.5555559993
116950  -44.905  -16.890  23.507 0.7777780294
116494  -42.692  -16.215  23.027 0.5555559993
116001  -43.622  -16.210  23.039 0.5555559993
56805  -45.685  -16.739  23.976 0.7777780294
56698  -49.890  -15.910  34.242 0.3333329856
57542  -48.650  -15.352  34.031 0.3333329856
57553  -47.588  -15.912  32.065 0.4444440007
57541  -47.796  -15.220  32.903 0.3333329856
56719  -47.387  -16.486  31.302 0.4444440007
114168  -46.745  -16.067  30.662 0.4444440007
57559  -46.597  -15.020  30.677 0.5555559993
57558  -46.228  -15.624  29.928 0.5555559993
58423  -46.255  -14.755  29.626 0.5555559993
56737  -45.905  -15.383  29.090 0.5555559993
108883  -46.091  -14.639  28.732 0.5555559993
58429  -46.333  -14.082  29.218 0.5555559993
57567  -45.852  -15.357  28.235 0.5555559993
58436  -46.520  -13.874  28.407 0.5555559993
113566  -46.283  -14.735  27.869 0.6666669846
58446  -46.997  -14.277  27.455 0.5555559993
58445  -46.720  -15.097  27.005 0.6666669846
58463  -47.537  -14.744  26.587 0.7777780294
57609  -47.460  -15.474  24.952 0.7777780294
57594  -47.259  -15.498  26.060 0.7777780294
121878  -43.987  -15.402  23.050 0.2222220004
57629  -44.893  -15.408  23.073 0.7777780294
56806  -46.166  -16.003  23.691 0.7777780294
57616  -46.850  -15.771  24.252 0.7777780294
57608  -46.866  -16.062  25.345 0.7777780294
58488  -41.702  -14.700  22.883 0.2222220004
121883  -44.520  -16.210  23.103 0.6666669846
111530  -45.381  -16.151  23.308 0.7777780294
60202  -46.381  -12.451  23.154 0.7777780294
61064  -46.702  -11.555  23.143 0.7777780294
58374  -49.509  -14.262  35.096 0.4444440007
58395  -48.091  -14.645  33.555 0.3333329856
123089  -47.058  -15.675  31.296 0.4444440007
120181  -47.147  -14.887  31.782 0.4444440007
58394  -47.557  -14.168  32.700 0.4444440007
127507  -47.106  -13.982  31.742 0.4444440007
58424  -46.587  -13.963  30.137 0.4444440007
60126  -47.190  -12.574  30.699 0.4444440007
110062  -46.841  -13.011  30.071 0.4444440007
114640  -47.282  -12.268  29.996 0.4444440007
59298  -46.639  -13.436  29.279 0.4444440007
60134  -47.038  -12.748  29.274 0.4444440007
60135  -47.642  -12.135  29.148 0.4444440007
59309  -46.908  -13.172  28.643 0.5555559993
60149  -47.464  -12.725  28.523 0.5555559993
60150  -48.126  -12.234  28.343 0.4444440007
59325  -47.340  -13.389  27.871 0.5555559993
60166  -47.923  -12.817  27.925 0.5555559993
61006  -48.424  -11.481  28.978 0.4444440007
59340  -47.854  -13.983  27.008 0.6666669846
121892  -43.392  -14.496  23.002 0.3333329856
58490  -44.292  -14.583  23.067 0.4444440007
57631  -46.576  -15.188  23.472 0.7777780294
58493  -47.031  -14.292  23.348 0.7777780294
59379  -42.513  -13.610  22.462 0.2222220004
127966  -43.849  -14.043  23.016 0.6666669846
58491  -45.162  -14.509  23.081 0.7777780294
59365  -46.259  -13.431  23.136 0.7777780294
129000  -47.123  -12.408  23.255 0.7777780294
125104  -42.559  -13.167  22.092 0.2222220004
60203  -47.618  -11.955  23.352 0.7777780294
61102  -46.012  -11.709  20.477 0.6666669846
61118  -46.513  -11.721  19.513 0.5555559993
59253  -48.839  -13.646  34.649 0.4444440007
59265  -48.167  -13.898  33.731 0.4444440007
59264  -47.846  -13.224  33.123 0.4444440007
60093  -47.758  -12.460  32.610 0.4444440007
59279  -47.358  -13.275  32.117 0.4444440007
60107  -47.407  -12.509  31.562 0.4444440007
60127  -47.618  -11.766  30.932 0.4444440007
116055  -47.846  -11.562  29.893 0.4444440007
61007  -49.050  -10.743  29.395 0.4444440007
60151  -48.944  -11.892  28.062 0.5555559993
61017  -49.375  -11.167  28.554 0.4444440007
59326  -48.257  -13.285  27.339 0.7777780294
60167  -48.630  -12.619  27.649 0.4444440007
112169  -47.861  -14.944  25.586 0.7777780294
58464  -48.284  -14.382  26.122 0.7777780294
59347  -48.890  -13.933  25.609 0.7777780294
58472  -47.895  -14.825  24.586 0.7777780294
58473  -48.445  -14.455  25.102 0.7777780294
59352  -48.888  -13.842  24.623 0.7777780294
59342  -49.356  -13.413  26.032 0.7777780294
59348  -49.443  -13.466  25.123 0.7777780294
57617  -47.341  -15.088  23.964 0.7777780294
58479  -47.714  -14.490  23.842 0.7777780294
58480  -48.288  -14.206  24.171 0.7777780294
119637  -48.590  -13.389  23.769 0.7777780294
59353  -49.328  -13.199  24.281 0.7777780294
60185  -49.970  -12.852  24.805 0.7777780294
58494  -47.815  -13.813  23.514 0.7777780294
109312  -47.839  -12.928  23.328 0.7777780294
60204  -48.432  -12.469  23.483 0.7777780294
61949  -49.282  -10.223  23.537 0.7777780294
62807  -48.498  -9.710  22.961 0.7777780294
61948  -47.732  -10.386  23.055 0.7777780294
61956  -47.266  -10.207  22.393 0.7777780294
61963  -47.009  -10.380  21.761 0.7777780294
61974  -46.460  -11.094  21.212 0.6666669846
61975  -47.309  -10.653  21.038 0.7777780294
61103  -46.937  -11.408  20.383 0.5555559993
60982  -48.233  -11.048  31.716 0.4444440007
60999  -48.223  -11.003  30.672 0.4444440007
61861  -48.840  -10.354  31.567 0.4444440007
130705  -48.426  -11.014  29.805 0.4444440007
61884  -49.493  -9.806  31.028 0.4444440007
61890  -49.584  -10.080  29.965 0.4444440007
61018  -50.302  -10.900  28.240 0.4444440007
60178  -49.046  -13.042  26.877 0.6666669846
61029  -49.858  -11.664  27.754 0.5555559993
59341  -48.649  -13.716  26.538 0.7777780294
60168  -49.475  -12.391  27.296 0.5555559993
60169  -50.336  -12.107  26.919 0.5555559993
60179  -49.896  -12.768  26.333 0.7777780294
60180  -50.756  -12.292  25.927 0.6666669846
119444  -49.819  -13.086  25.583 0.7777780294
117510  -50.250  -12.728  25.528 0.7777780294
113622  -50.174  -9.996  23.770 0.7777780294
62808  -49.384  -9.291  23.237 0.7777780294
62818  -48.420  -9.565  22.119 0.7777780294
62817  -47.787  -9.903  21.905 0.7777780294
62826  -48.460  -9.665  21.550 0.7777780294
61964  -47.860  -10.043  21.406 0.7777780294
62836  -48.572  -9.762  21.177 0.7777780294
61976  -48.190  -10.426  20.841 0.7777780294
61119  -47.472  -11.494  19.618 0.5555559993
61104  -47.845  -11.115  20.334 0.5555559993
122210  -47.188  -11.566  18.961 0.4444440007
107859  -50.384  -9.663  29.785 0.4444440007
113905  -50.763  -10.057  28.847 0.5555559993
61901  -49.858  -10.410  29.078 0.4444440007
61030  -50.723  -11.404  27.415 0.5555559993
61039  -51.672  -11.300  26.337 0.5555559993
111252  -51.067  -11.732  26.598 0.5555559993
63695  -49.785  -8.549  22.597 0.7777780294
62819  -49.062  -9.134  22.359 0.7777780294
62827  -48.989  -9.471  21.327 0.7777780294
61105  -48.723  -10.981  20.327 0.5555559993
61130  -47.922  -11.424  18.915 0.4444440007
61120  -48.332  -11.320  19.630 0.5555559993
62000  -47.371  -11.137  18.317 0.4444440007
62013  -46.210  -10.448  17.644 0.4444440007
121801  -46.642  -10.965  18.062 0.4444440007
61891  -51.367  -9.156  29.697 0.4444440007
62761  -52.501  -8.557  29.428 0.3333329856
61915  -52.397  -9.709  27.986 0.5555559993
61914  -51.339  -10.589  27.884 0.5555559993
61922  -52.002  -10.686  27.006 0.5555559993
61031  -51.372  -11.189  27.049 0.5555559993
61930  -52.292  -10.709  25.984 0.6666669846
61931  -52.737  -9.965  26.029 0.6666669846
61939  -52.475  -10.135  25.324 0.6666669846
61938  -51.841  -10.247  24.561 0.6666669846
62809  -50.206  -9.044  23.609 0.7777780294
62810  -51.028  -8.862  23.856 0.6666669846
118155  -50.373  -8.368  23.306 0.7777780294
63706  -49.601  -8.803  21.648 0.7777780294
63714  -49.506  -9.151  21.298 0.7777780294
62837  -49.228  -9.436  21.128 0.7777780294
61121  -49.163  -11.232  19.632 0.7777780294
61106  -49.454  -10.910  20.246 0.7777780294
61131  -48.764  -11.331  18.902 0.6666669846
62001  -48.299  -11.034  18.295 0.4444440007
61923  -52.650  -10.013  26.813 0.6666669846
62802  -52.497  -9.276  24.842 0.6666669846
63687  -51.818  -8.589  24.240 0.6666669846
63697  -50.989  -7.914  23.555 0.6666669846
63696  -50.321  -7.864  22.567 0.7777780294
63707  -50.146  -8.150  21.668 0.7777780294
63715  -50.139  -8.571  21.185 0.7777780294
62838  -49.929  -9.622  20.869 0.7777780294
62002  -49.142  -10.954  18.271 0.6666669846
61132  -49.608  -11.232  18.926 0.6666669846
61122  -49.961  -11.098  19.699 0.7777780294
62015  -47.836  -10.530  17.693 0.4444440007
63649  -53.610  -7.590  29.715 0.3333329856
62771  -53.236  -8.391  28.575 0.4444440007
63659  -53.978  -7.399  28.982 0.3333329856
62779  -53.081  -9.190  26.642 0.5555559993
62772  -53.736  -7.974  27.765 0.5555559993
62790  -52.919  -9.305  25.753 0.6666669846
63667  -54.352  -7.006  27.541 0.5555559993
63676  -53.131  -8.340  25.579 0.6666669846
63688  -52.651  -8.158  24.756 0.6666669846
63698  -51.910  -7.638  24.143 0.6666669846
64570  -51.429  -7.035  23.344 0.6666669846
64578  -51.177  -6.636  22.235 0.6666669846
64577  -50.571  -7.382  21.816 0.7777780294
64586  -50.625  -7.705  21.187 0.7777780294
64587  -51.050  -6.933  21.322 0.6666669846
64596  -50.692  -7.963  20.883 0.7777780294
64597  -51.154  -7.223  20.864 0.7777780294
63724  -50.265  -8.709  20.958 0.7777780294
64604  -51.303  -7.578  20.507 0.7777780294
61979  -50.843  -10.230  20.427 0.7777780294
130782  -50.764  -9.392  20.717 0.7777780294
62876  -47.802  -9.359  16.625 0.4444440007
62865  -48.249  -9.995  17.136 0.5555559993
61988  -50.747  -10.861  19.784 0.6666669846
62016  -49.470  -10.476  17.649 0.5555559993
62003  -49.986  -10.880  18.270 0.6666669846
61133  -50.457  -11.126  18.988 0.6666669846
61989  -51.403  -10.545  19.830 0.7777780294
123980  -48.665  -10.531  17.688 0.5555559993
62780  -53.496  -8.232  26.559 0.5555559993
64539  -54.814  -6.315  27.156 0.4444440007
64534  -55.236  -6.550  27.863 0.4444440007
64535  -55.775  -6.781  27.609 0.4444440007
127601  -52.682  -7.312  24.587 0.6666669846
64561  -53.120  -6.491  24.799 0.6666669846
64571  -52.293  -6.762  24.031 0.6666669846
65431  -52.996  -5.880  24.091 0.6666669846
65439  -52.018  -6.203  23.176 0.6666669846
65445  -51.931  -5.846  22.127 0.6666669846
65464  -51.518  -6.497  20.944 0.6666669846
63725  -51.044  -8.489  20.654 0.7777780294
62877  -48.812  -9.431  16.644 0.5555559993
62866  -49.637  -9.896  17.031 0.5555559993
62004  -51.373  -10.917  19.011 0.7777780294
61990  -51.965  -10.473  19.443 0.7777780294
62845  -51.718  -9.688  20.169 0.7777780294
63728  -51.845  -8.356  20.166 0.7777780294
64540  -55.527  -6.295  27.038 0.4444440007
64541  -56.064  -6.585  26.942 0.4444440007
64551  -53.321  -7.181  25.435 0.5555559993
64553  -55.087  -5.881  26.682 0.4444440007
64562  -53.814  -6.127  25.567 0.6666669846
65432  -53.927  -5.574  25.036 0.5555559993
108271  -53.987  -4.986  24.298 0.6666669846
66291  -53.578  -4.445  22.652 0.5555559993
66290  -52.610  -5.117  21.930 0.6666669846
65454  -51.961  -5.732  21.219 0.6666669846
65465  -51.972  -6.063  20.555 0.7777780294
65472  -52.199  -6.402  19.944 0.7777780294
62017  -50.404  -10.371  17.576 0.5555559993
62018  -51.455  -10.528  17.937 0.6666669846
64605  -51.985  -7.328  19.981 0.7777780294
62846  -52.649  -9.966  19.304 0.7777780294
121697  -52.482  -9.131  19.792 0.7777780294
67218  -54.677  -3.842  23.314 0.5555559993
67232  -54.175  -3.675  22.253 0.5555559993
130193  -53.035  -4.569  21.123 0.6666669846
108621  -56.326  -4.414  22.750 0.3333329856
65446  -56.112  -5.339  23.058 0.3333329856
66310  -52.909  -4.806  20.559 0.6666669846
66316  -52.485  -5.586  20.123 0.6666669846
65473  -52.871  -5.962  19.394 0.7777780294
63730  -53.359  -8.202  19.100 0.7777780294
64606  -52.842  -7.113  19.363 0.7777780294
67224  -55.248  -3.264  22.723 0.4444440007
67225  -55.941  -3.395  22.700 0.3333329856
66300  -56.326  -3.682  22.279 0.3333329856
67243  -53.681  -3.879  21.153 0.6666669846
66311  -56.554  -4.301  21.444 0.3333329856
66317  -53.131  -4.998  19.639 0.6666669846
66325  -53.592  -5.457  18.820 0.7777780294
68102  -55.685  -2.977  22.156 0.4444440007
67233  -54.901  -2.984  21.705 0.5555559993
67234  -56.125  -3.146  21.843 0.4444440007
67244  -54.610  -3.244  20.692 0.6666669846
66301  -56.427  -3.494  21.244 0.3333329856
66318  -54.021  -4.433  19.194 0.6666669846
66327  -55.491  -4.362  18.133 0.6666669846
66326  -54.431  -4.854  18.365 0.6666669846
68110  -56.210  -3.022  21.042 0.4444440007
67251  -54.765  -3.540  19.768 0.6666669846
67260  -55.124  -3.922  18.910 0.6666669846
66333  -55.775  -4.902  17.316 0.6666669846
67261  -56.299  -3.717  18.843 0.5555559993
67245  -56.468  -3.359  20.509 0.4444440007
68126  -56.245  -3.037  20.367 0.5555559993
67253  -56.807  -3.599  19.653 0.4444440007
67268  -56.686  -4.175  18.135 0.5555559993
67262  -57.110  -3.907  18.849 0.5555559993
66334  -57.251  -4.544  17.439 0.3333329856
61955  -46.661  -10.588  22.303 0.7777780294
61075  -46.202  -11.071  22.601 0.7777780294
61065  -47.378  -11.101  23.244 0.7777780294
61076  -46.904  -10.700  22.866 0.7777780294
61962  -46.066  -10.967  21.954 0.7777780294
60205  -48.973  -12.119  23.579 0.7777780294
61066  -48.281  -11.397  23.418 0.7777780294
112551  -48.562  -10.526  23.360 0.7777780294
59367  -49.044  -12.775  23.749 0.7777780294
61067  -49.294  -11.351  23.610 0.7777780294
61068  -50.161  -11.002  23.826 0.7777780294
60191  -50.248  -12.255  24.425 0.7777780294
61052  -50.066  -11.775  24.003 0.7777780294
61046  -51.196  -11.845  25.194 0.7777780294
61937  -50.999  -10.710  24.141 0.7777780294
60186  -50.626  -12.376  25.006 0.7777780294
61950  -51.031  -9.745  24.021 0.6666669846
61038  -51.328  -11.760  25.905 0.6666669846
61054  -51.501  -11.162  24.744 0.6666669846
61902  -51.682  -9.682  28.726 0.5555559993
63650  -54.410  -7.393  29.626 0.3333329856
33591  -10.063  -40.666  53.759 0.4444440007
35453  -11.165  -38.493  51.301 0.5555559993
36280  -11.532  -37.830  51.352 0.5555559993
114008  -12.470  -36.931  50.474 0.5555559993
37102  -13.144  -36.206  50.784 0.5555559993
29268  -7.951  -45.691  51.486 0.4444440007
112092  -10.612  -39.913  53.738 0.4444440007
33608  -10.508  -40.421  50.855 0.5555559993
33609  -11.012  -40.047  50.068 0.7777780294
36298  -11.957  -37.666  50.361 0.6666669846
37113  -13.262  -36.163  49.683 0.6666669846
37936  -13.922  -35.870  51.014 0.5555559993
37979  -13.596  -35.961  48.982 0.7777780294
30224  -7.928  -44.408  50.951 0.4444440007
31118  -8.225  -43.684  51.293 0.4444440007
29281  -7.155  -45.970  50.233 0.5555559993
30223  -7.640  -45.198  50.597 0.5555559993
114187  -8.393  -44.876  49.063 0.4444440007
32771  -10.452  -41.524  49.905 0.5555559993
31129  -9.501  -43.695  48.752 0.5555559993
123616  -10.561  -42.162  48.738 0.6666669846
128648  -11.335  -39.992  49.385 0.7777780294
37947  -14.674  -35.701  50.636 0.5555559993
116430  -15.209  -35.784  51.600 0.5555559993
30240  -8.746  -45.111  48.008 0.5555559993
126030  -10.040  -43.661  47.159 0.4444440007
31130  -10.087  -43.322  48.033 0.5555559993
130806  -14.163  -35.723  48.502 0.7777780294
31135  -10.448  -42.975  47.259 0.3333329856
33664  -11.702  -40.675  46.900 0.7777780294
113256  -11.497  -41.279  46.504 0.5555559993
128876  -12.238  -39.817  45.250 0.5555559993
108722  -16.477  -35.543  50.014 0.5555559993
115762  -15.196  -35.431  47.665 0.8888890147
37995  -14.380  -35.670  47.778 0.7777780294
112629  -13.679  -36.568  45.763 0.6666669846
109521  -16.804  -35.555  49.241 0.8888890147
37950  -17.932  -35.819  51.173 0.4444440007
37942  -18.817  -36.286  51.174 0.3333329856
37159  -14.189  -36.333  45.409 0.5555559993
37099  -20.088  -37.150  50.193 0.1111110002
37952  -19.433  -36.182  50.806 0.4444440007
37965  -18.455  -35.740  50.319 0.4444440007
37966  -19.258  -35.888  50.389 0.5555559993
33604  -29.277  -39.589  50.444 0.5555559993
35448  -29.839  -38.516  50.627 0.5555559993
35468  -30.580  -37.945  50.558 0.5555559993
38004  -31.014  -35.489  47.981 0.7777780294
40696  -34.647  -32.398  49.564 0.3333329856
41774  -35.060  -31.984  49.418 0.2222220004
40729  -33.463  -32.976  47.676 0.5555559993
38878  -31.535  -34.071  46.962 0.7777780294
39797  -31.753  -33.363  45.500 0.8888890147
37967  -20.397  -36.014  49.939 0.7777780294
36318  -30.216  -37.390  49.186 0.7777780294
36342  -30.207  -37.343  46.891 1.0000000000
40765  -33.346  -32.907  45.363 0.7777780294
116418  -27.925  -38.925  50.268 0.6666669846
35486  -28.683  -38.615  50.230 0.5555559993
109518  -19.025  -35.629  46.358 0.7777780294
37153  -30.665  -36.562  46.419 1.0000000000
35464  -26.097  -39.021  49.766 0.5555559993
33615  -26.225  -39.723  49.481 0.2222220004
35465  -27.053  -39.015  50.066 0.5555559993
35503  -28.374  -38.477  49.344 0.6666669846
109517  -19.899  -35.683  46.348 0.7777780294
108577  -19.093  -35.644  44.936 0.8888890147
108575  -20.858  -35.640  45.019 0.7777780294
38043  -19.582  -35.681  44.119 0.7777780294
39811  -30.693  -33.721  43.108 0.8888890147
120190  -18.923  -35.847  42.092 0.5555559993
109651  -18.795  -35.810  42.890 0.7777780294
38088  -18.518  -35.933  41.462 0.5555559993
119937  -17.923  -36.105  40.836 0.4444440007
34538  -24.296  -39.153  49.476 0.1111110002
36300  -23.525  -37.769  49.351 0.1111110002
36290  -24.901  -38.549  49.409 0.6666669846
35463  -25.326  -38.991  49.647 0.4444440007
37118  -24.856  -37.434  48.867 0.6666669846
38002  -21.661  -35.948  47.715 0.7777780294
114820  -22.116  -35.937  46.911 0.7777780294
38028  -21.655  -35.777  46.164 0.7777780294
38029  -22.406  -35.801  45.793 0.7777780294
36352  -29.412  -37.638  45.606 1.0000000000
40786  -34.851  -32.970  44.351 0.8888890147
40769  -37.579  -31.292  45.701 0.6666669846
37162  -29.920  -37.102  45.048 1.0000000000
37174  -29.624  -36.946  44.231 1.0000000000
40806  -36.868  -32.352  43.700 0.8888890147
40802  -33.551  -32.563  43.148 0.8888890147
109539  -21.581  -35.584  42.788 0.8888890147
38075  -22.038  -35.570  42.071 0.8888890147
38091  -21.737  -35.566  41.294 0.5555559993
37989  -22.921  -36.364  48.094 0.7777780294
38003  -22.915  -36.179  47.211 0.7777780294
38014  -23.545  -36.084  46.653 0.7777780294
42879  -38.659  -30.037  45.678 0.5555559993
41877  -38.148  -31.034  43.302 0.8888890147
110462  -37.691  -31.403  42.923 0.8888890147
36370  -27.891  -37.304  43.905 0.8888890147
40820  -31.673  -32.646  42.669 1.0000000000
41893  -36.617  -31.914  42.418 0.8888890147
125543  -29.727  -36.189  43.099 0.8888890147
39818  -30.352  -33.811  42.360 0.8888890147
38060  -24.263  -35.818  43.105 0.7777780294
39817  -30.453  -33.270  41.773 0.8888890147
41939  -32.743  -32.091  41.135 0.8888890147
40835  -30.518  -32.834  41.118 0.8888890147
113069  -29.943  -32.908  40.497 0.7777780294
40850  -34.731  -32.044  40.531 1.0000000000
41960  -32.625  -31.976  40.270 0.7777780294
38921  -28.958  -34.110  39.881 0.7777780294
40861  -29.959  -32.390  39.832 0.7777780294
41959  -31.119  -31.657  39.603 0.7777780294
41962  -34.234  -31.868  39.199 0.6666669846
41935  -30.290  -32.061  39.753 0.6666669846
41982  -31.809  -31.799  38.962 0.6666669846
41999  -29.404  -31.691  37.570 0.5555559993
41983  -32.668  -31.906  38.192 0.5555559993
42000  -29.602  -31.484  37.693 0.5555559993
38049  -25.051  -36.152  44.691 1.0000000000
38928  -28.486  -34.243  39.113 0.6666669846
41979  -29.219  -32.060  37.983 0.5555559993
42956  -29.114  -31.248  36.912 0.3333329856
42019  -31.138  -31.696  36.154 0.2222220004
115105  -32.598  -31.912  36.620 0.4444440007
42970  -29.567  -30.838  35.933 0.1111110002
42034  -32.195  -31.775  34.794 0.1111110002
44787  -41.094  -28.114  45.270 0.4444440007
43846  -41.006  -29.055  43.751 0.8888890147
130424  -26.358  -36.088  41.628 0.7777780294
37218  -27.478  -36.443  41.857 0.7777780294
38126  -27.186  -35.902  40.407 0.7777780294
38148  -23.080  -35.479  39.245 0.3333329856
108566  -24.670  -35.569  39.065 0.4444440007
38942  -27.921  -34.364  38.320 0.6666669846
109063  -25.876  -35.787  39.912 0.5555559993
38941  -27.127  -34.893  37.867 0.5555559993
40896  -28.034  -32.870  36.918 0.4444440007
39865  -27.686  -33.605  37.021 0.4444440007
121183  -27.738  -32.496  36.153 0.3333329856
127388  -28.722  -30.648  35.871 0.1111110002
42980  -28.413  -30.493  35.211 0.1111110002
43927  -28.482  -29.795  34.224 0.1111110002
130676  -40.813  -26.420  47.579 0.1111110002
45867  -40.958  -26.683  46.824 0.2222220004
46860  -41.476  -25.885  48.382 0.1111110002
45899  -41.930  -27.739  44.857 0.6666669846
46903  -42.105  -25.736  46.029 0.2222220004
43847  -41.163  -29.096  42.989 0.8888890147
129395  -39.640  -29.517  40.471 0.8888890147
38967  -27.132  -34.056  36.677 0.5555559993
47778  -42.644  -25.353  47.856 0.1111110002
45900  -42.617  -27.261  44.491 0.5555559993
111403  -42.781  -24.319  47.061 0.2222220004
124102  -43.284  -24.647  47.309 0.1111110002
118487  -42.786  -27.709  43.229 0.7777780294
44867  -40.589  -28.546  39.989 1.0000000000
48696  -42.857  -23.777  45.778 0.2222220004
47811  -42.861  -24.825  45.279 0.3333329856
126458  -43.078  -26.963  41.832 0.8888890147
46960  -42.179  -26.891  39.926 1.0000000000
45948  -41.775  -27.607  40.238 1.0000000000
45961  -41.079  -27.909  39.830 1.0000000000
48715  -43.860  -24.659  42.273 0.6666669846
47832  -43.723  -25.669  42.435 0.6666669846
46972  -42.456  -26.068  39.676 1.0000000000
51628  -44.032  -21.778  43.711 0.3333329856
48765  -42.590  -25.182  39.501 1.0000000000
110469  -41.935  -23.827  38.919 1.0000000000
47020  -39.242  -26.535  34.896 0.8888890147
52620  -44.565  -20.643  43.888 0.1111110002
48842  -38.510  -24.747  33.469 0.2222220004
48841  -37.791  -24.108  33.062 0.3333329856
52609  -45.145  -20.374  44.273 0.1111110002
127864  -43.414  -21.298  40.676 0.4444440007
51657  -42.083  -22.046  40.167 0.7777780294
51668  -41.660  -21.891  39.487 0.7777780294
50657  -41.293  -22.311  38.900 0.8888890147
51685  -41.118  -21.768  37.915 0.8888890147
50672  -40.364  -22.316  37.205 0.8888890147
51727  -39.874  -21.641  34.820 1.0000000000
50718  -38.571  -22.591  34.562 0.8888890147
51761  -41.435  -22.293  34.109 0.8888890147
51758  -39.026  -21.813  33.864 0.8888890147
49767  -36.281  -22.781  32.171 0.2222220004
51775  -37.480  -21.964  32.620 0.6666669846
51777  -39.702  -22.103  32.966 0.7777780294
130521  -38.109  -21.856  32.537 0.6666669846
50687  -43.745  -22.487  36.369 0.7777780294
50701  -43.578  -22.607  35.469 0.8888890147
50719  -42.595  -22.553  34.415 0.8888890147
50786  -37.538  -22.619  30.674 0.4444440007
51802  -37.989  -22.301  31.311 0.6666669846
52660  -44.091  -20.794  40.944 0.3333329856
50660  -45.187  -22.132  37.967 0.3333329856
51731  -45.538  -21.333  35.360 0.6666669846
52731  -46.069  -20.664  35.864 0.4444440007
128112  -46.417  -20.332  36.270 0.3333329856
51745  -45.024  -21.727  34.661 0.7777780294
118193  -46.281  -20.636  35.017 0.3333329856
128809  -45.164  -21.441  34.015 0.7777780294
115326  -47.109  -19.267  42.777 0.2222220004
52674  -45.872  -20.462  40.505 0.3333329856
52688  -46.737  -20.078  39.075 0.3333329856
52719  -47.313  -19.847  36.398 0.3333329856
52761  -46.275  -20.738  34.050 0.6666669846
52762  -46.812  -20.422  33.622 0.6666669846
117788  -43.327  -22.474  31.706 0.7777780294
50772  -43.980  -22.197  31.268 0.7777780294
129756  -41.932  -22.798  30.326 0.7777780294
50812  -43.153  -22.335  30.046 0.7777780294
50811  -42.426  -22.569  29.785 0.7777780294
51820  -41.928  -22.299  28.186 0.7777780294
51833  -41.636  -22.017  27.506 0.5555559993
52838  -41.689  -20.782  26.163 0.5555559993
53946  -41.675  -19.862  25.095 0.5555559993
53844  -48.179  -19.981  35.020 0.2222220004
52770  -47.265  -20.132  33.018 0.6666669846
126260  -48.661  -19.508  33.488 0.3333329856
53873  -49.447  -19.053  33.468 0.2222220004
53927  -43.444  -19.813  27.396 0.6666669846
52849  -39.823  -21.097  24.876 0.1111110002
53938  -43.281  -19.543  26.628 0.6666669846
54911  -43.568  -18.773  25.345 0.6666669846
53874  -50.626  -18.677  33.678 0.2222220004
53964  -41.235  -19.427  24.317 0.4444440007
55862  -44.666  -17.973  25.156 0.7777780294
53977  -41.115  -18.835  23.791 0.3333329856
54927  -44.042  -18.298  24.856 0.5555559993
54830  -48.990  -17.977  32.795 0.3333329856
125693  -46.092  -17.284  29.723 0.7777780294
57578  -45.687  -16.062  27.738 0.7777780294
55892  -40.945  -17.683  23.266 0.3333329856
55893  -41.829  -17.639  23.294 0.3333329856
54942  -43.073  -18.105  23.872 0.3333329856
55877  -43.809  -17.966  24.134 0.5555559993
121622  -42.262  -16.962  23.108 0.3333329856
55894  -42.722  -17.599  23.366 0.4444440007
56788  -46.356  -16.457  24.590 0.7777780294
124485  -48.547  -16.254  33.186 0.3333329856
57627  -42.167  -15.431  22.992 0.3333329856
57628  -43.065  -15.395  23.025 0.2222220004
57630  -45.764  -15.337  23.191 0.7777780294
61063  -45.741  -11.794  22.848 0.7777780294
59366  -47.105  -13.241  23.239 0.7777780294
115969  -45.565  -11.468  22.302 0.7777780294
57527  -49.559  -15.056  34.859 0.3333329856
58384  -48.707  -14.519  34.426 0.4444440007
58413  -46.805  -14.236  31.090 0.4444440007
59293  -46.980  -13.349  31.045 0.4444440007
58492  -46.077  -14.436  23.120 0.7777780294
120907  -43.423  -13.628  22.764 0.4444440007
59363  -44.407  -13.640  23.013 0.5555559993
59364  -45.382  -13.554  23.074 0.7777780294
60108  -47.900  -11.714  32.130 0.4444440007
61000  -48.901  -10.491  30.348 0.4444440007
123715  -50.086  -9.479  30.599 0.4444440007
62749  -50.961  -8.817  30.887 0.4444440007
61047  -51.721  -11.325  25.520 0.6666669846
114388  -52.034  -10.782  25.157 0.6666669846
62801  -51.695  -9.396  24.263 0.6666669846
125279  -49.781  -9.047  21.149 0.7777780294
61978  -50.068  -10.589  20.410 0.7777780294
113239  -53.023  -9.127  27.510 0.5555559993
64569  -50.768  -7.300  22.701 0.6666669846
64598  -51.634  -6.789  20.466 0.7777780294
129998  -48.967  -10.096  17.192 0.5555559993
63677  -53.833  -7.192  26.466 0.5555559993
127767  -52.997  -5.300  23.105 0.6666669846
62867  -50.426  -9.705  16.827 0.5555559993
123851  -50.762  -10.826  18.340 0.5555559993
64552  -54.269  -6.242  26.306 0.5555559993
65425  -54.792  -5.523  25.943 0.5555559993
66282  -54.071  -4.459  23.631 0.5555559993
66299  -53.217  -4.460  21.675 0.5555559993
66298  -52.592  -5.041  21.174 0.6666669846
66309  -52.326  -5.472  20.720 0.6666669846
63729  -52.658  -8.213  19.674 0.7777780294
67250  -53.735  -4.097  20.125 0.6666669846
68109  -55.779  -2.821  21.465 0.6666669846
68125  -55.556  -2.968  20.400 0.6666669846
67252  -55.918  -3.275  19.641 0.6666669846
27541  -7.406  -47.199  50.807 0.2222220004
28400  -6.500  -47.058  49.997 0.4444440007
28407  -6.353  -47.247  49.367 0.3333329856
28408  -6.656  -46.620  49.805 0.4444440007
29288  -7.209  -46.140  49.258 0.4444440007
28414  -6.598  -46.720  48.843 0.4444440007
29294  -7.477  -46.369  48.061 0.4444440007
28413  -6.093  -47.266  48.482 0.3333329856
28420  -5.981  -47.069  47.568 0.3333329856
28421  -6.753  -46.759  47.714 0.3333329856
28419  -5.186  -47.633  47.335 0.2222220004
28431  -6.701  -46.523  46.859 0.3333329856
130753  -8.993  -45.198  47.150 0.3333329856
29295  -8.357  -45.863  47.304 0.4444440007
29306  -8.140  -45.978  46.226 0.1111110002
28429  -5.101  -46.978  46.485 0.3333329856
28430  -5.818  -46.717  46.807 0.3333329856
28422  -7.537  -46.389  46.947 0.3333329856
29305  -7.308  -46.142  46.160 0.2222220004
28428  -4.617  -46.978  46.096 0.2222220004
30257  -9.368  -44.742  46.553 0.3333329856
29307  -8.826  -45.435  46.412 0.1111110002
29319  -9.106  -45.029  45.848 0.1111110002
29304  -6.423  -46.167  46.246 0.2222220004
30267  -9.467  -44.461  45.675 0.1111110002
29317  -7.709  -45.570  45.468 0.2222220004
30265  -8.089  -44.867  44.953 0.2222220004
29303  -5.428  -46.061  46.222 0.2222220004
29302  -4.828  -46.266  46.059 0.2222220004
31142  -9.868  -44.067  46.358 0.3333329856
30276  -9.229  -44.132  44.825 0.1111110002
30275  -8.460  -44.222  44.643 0.2222220004
29316  -6.793  -45.567  45.660 0.2222220004
125805  -7.774  -44.204  44.710 0.1111110002
31156  -7.989  -43.602  44.417 0.1111110002
31143  -10.310  -43.351  46.361 0.1111110002
31150  -9.947  -43.748  45.380 0.1111110002
31962  -10.772  -42.526  46.462 0.3333329856
31151  -10.462  -42.976  45.528 0.1111110002
31158  -9.523  -43.498  44.466 0.1111110002
31159  -10.134  -43.232  44.776 0.1111110002
30264  -7.128  -44.643  45.113 0.2222220004
31157  -8.765  -43.612  44.291 0.1111110002
31974  -8.324  -42.915  44.159 0.1111110002
31955  -10.805  -42.356  47.374 0.4444440007
31969  -10.928  -42.274  45.491 0.4444440007
111869  -9.900  -42.907  44.090 0.1111110002
31976  -10.534  -42.672  44.700 0.2222220004
32829  -10.990  -42.105  44.673 0.3333329856
31149  -7.277  -43.647  44.853 0.1111110002
31975  -9.095  -42.956  43.947 0.1111110002
32840  -10.439  -42.225  43.827 0.1111110002
32841  -11.178  -41.626  44.094 0.2222220004
33690  -11.653  -40.835  44.320 0.3333329856
32851  -8.378  -41.495  43.811 0.1111110002
31981  -9.553  -42.306  43.565 0.1111110002
32853  -10.039  -41.704  43.149 0.1111110002
32854  -10.692  -41.565  43.433 0.1111110002
34623  -11.836  -40.198  43.492 0.3333329856
32866  -9.898  -41.035  42.774 0.1111110002
33701  -10.551  -41.085  42.933 0.1111110002
33715  -11.156  -40.377  42.679 0.1111110002
33714  -10.418  -40.559  42.570 0.1111110002
111541  -11.739  -39.738  42.706 0.2222220004
34609  -12.340  -39.556  44.023 0.4444440007
34624  -12.285  -39.332  43.235 0.1111110002
34637  -11.317  -39.574  42.146 0.1111110002
34638  -12.076  -39.038  42.262 0.1111110002
34649  -11.408  -38.897  41.671 0.1111110002
35545  -12.708  -38.698  44.126 0.5555559993
35563  -12.733  -38.581  43.040 0.5555559993
36368  -13.153  -37.930  43.783 0.5555559993
36369  -13.710  -37.539  43.443 0.3333329856
36382  -13.218  -38.064  42.763 0.3333329856
35582  -12.655  -38.424  42.212 0.2222220004
114418  -13.011  -38.030  41.762 0.2222220004
36383  -13.688  -37.744  42.366 0.3333329856
36399  -13.421  -37.530  41.247 0.2222220004
36398  -12.494  -37.629  41.040 0.1111110002
37182  -14.866  -37.111  43.217 0.4444440007
37195  -14.051  -37.521  42.021 0.3333329856
37181  -14.220  -37.405  42.946 0.3333329856
37214  -14.118  -37.237  41.283 0.3333329856
37196  -14.592  -37.341  42.236 0.3333329856
37235  -13.421  -36.808  40.525 0.2222220004
37215  -14.832  -37.088  41.386 0.3333329856
37238  -15.647  -36.608  40.435 0.2222220004
38086  -16.414  -36.594  40.847 0.3333329856
38115  -16.081  -36.257  39.814 0.2222220004
38116  -17.098  -36.248  40.142 0.3333329856
120410  -16.544  -35.736  39.259 0.3333329856
38117  -17.967  -35.951  39.920 0.3333329856
120245  -19.384  -35.744  40.092 0.3333329856
43874  -39.137  -29.612  40.091 0.7777780294
43886  -39.977  -29.219  40.071 0.8888890147
38142  -17.345  -35.815  39.234 0.3333329856
38143  -18.020  -35.742  39.165 0.3333329856
38145  -20.125  -35.646  39.775 0.3333329856
42938  -37.164  -30.502  39.646 0.6666669846
42926  -37.754  -30.274  40.207 0.6666669846
42939  -37.851  -30.058  39.285 0.6666669846
44866  -40.070  -28.714  39.304 0.8888890147
42927  -38.367  -29.886  39.927 0.6666669846
43885  -39.408  -29.233  39.271 0.7777780294
126149  -40.574  -28.209  39.394 0.8888890147
43884  -38.666  -29.663  39.262 0.7777780294
43897  -38.938  -29.369  38.511 0.7777780294
44882  -39.595  -28.716  38.459 0.7777780294
119877  -37.224  -30.343  38.973 0.6666669846
43896  -38.241  -29.805  38.531 0.7777780294
43910  -39.081  -29.034  37.887 0.7777780294
42937  -36.665  -30.687  39.072 0.6666669846
42948  -37.595  -30.182  38.474 0.6666669846
44898  -38.869  -28.954  37.190 0.7777780294
41987  -36.185  -31.025  38.415 0.6666669846
42960  -37.908  -30.014  37.950 0.6666669846
43909  -38.462  -29.551  37.731 0.7777780294
44899  -39.432  -28.445  37.552 0.7777780294
42958  -36.625  -30.757  37.647 0.6666669846
42959  -37.344  -30.359  37.765 0.6666669846
43908  -37.808  -30.028  37.275 0.6666669846
43919  -38.274  -29.508  36.767 0.7777780294
44916  -38.689  -28.883  36.513 0.7777780294
42006  -35.865  -31.161  37.498 0.5555559993
42972  -37.056  -30.482  36.872 0.6666669846
114067  -37.885  -29.707  36.085 0.6666669846
43933  -38.322  -29.178  35.993 0.5555559993
43918  -37.658  -30.012  36.550 0.6666669846
42985  -37.154  -30.203  35.714 0.5555559993
112960  -36.300  -30.922  36.950 0.6666669846
42971  -36.339  -30.842  36.158 0.5555559993
115239  -40.860  -27.655  39.113 0.8888890147
44883  -40.284  -28.145  38.749 0.7777780294
45985  -39.807  -27.690  37.147 0.8888890147
44917  -39.209  -28.250  36.626 0.7777780294
44929  -38.714  -28.503  35.879 0.5555559993
44928  -38.293  -28.812  35.317 0.4444440007
42024  -35.560  -31.285  36.540 0.5555559993
43932  -37.224  -29.697  34.628 0.4444440007
42023  -34.862  -31.554  35.753 0.4444440007
126015  -37.832  -29.436  35.358 0.4444440007
42038  -35.597  -31.205  35.571 0.4444440007
42984  -36.231  -30.727  35.217 0.4444440007
43931  -36.663  -30.269  34.775 0.4444440007
38173  -24.043  -35.465  38.415 0.3333329856
44930  -39.111  -27.763  35.728 0.7777780294
38174  -24.894  -35.482  38.177 0.3333329856
115833  -24.899  -35.325  37.400 0.3333329856
38191  -25.725  -35.405  37.691 0.3333329856
46029  -38.940  -27.290  34.942 0.7777780294
44944  -38.560  -28.139  35.077 0.4444440007
44943  -37.859  -28.747  34.378 0.4444440007
46027  -37.867  -28.015  33.612 0.4444440007
44951  -37.274  -28.591  33.314 0.2222220004
46013  -39.441  -26.941  35.542 0.7777780294
38175  -26.538  -35.393  38.264 0.3333329856
47019  -38.791  -26.622  34.133 0.4444440007
46028  -38.400  -27.688  34.250 0.4444440007
46037  -37.478  -27.751  32.751 0.2222220004
38950  -26.070  -34.995  36.893 0.3333329856
42016  -28.035  -31.587  35.949 0.1111110002
46038  -38.203  -27.201  33.412 0.2222220004
47918  -38.039  -25.837  32.594 0.2222220004
47027  -37.891  -26.739  32.639 0.2222220004
47036  -37.551  -26.257  32.003 0.2222220004
48857  -34.657  -24.201  30.409 0.1111110002
49778  -35.913  -23.382  31.811 0.1111110002
50841  -40.335  -22.796  27.535 0.4444440007
51845  -40.409  -21.938  26.220 0.4444440007
50766  -36.332  -22.322  31.665 0.2222220004
50826  -40.554  -22.998  28.478 0.4444440007
50765  -35.677  -22.917  31.470 0.1111110002
50808  -38.059  -23.015  29.840 0.3333329856
127119  -39.226  -23.447  28.839 0.4444440007
50785  -36.577  -22.556  30.790 0.1111110002
62856  -54.222  -8.931  17.987 0.6666669846
126869  -54.995  -7.741  17.367 0.6666669846
130243  -53.250  -9.657  18.758 0.6666669846
120979  -53.665  -9.027  18.659 0.6666669846
62871  -54.841  -8.757  17.147 0.6666669846
62005  -52.201  -10.541  18.654 0.6666669846
62854  -52.914  -10.183  18.350 0.6666669846
62870  -53.461  -9.737  17.041 0.6666669846
109595  -54.196  -9.410  16.656 0.6666669846
62883  -54.838  -9.134  16.170 0.6666669846
62884  -55.572  -8.887  15.668 0.6666669846
127725  -56.074  -8.360  15.513 0.6666669846
63773  -56.722  -8.055  14.481 0.6666669846
60201  -45.592  -12.651  23.046 0.6666669846
60215  -44.594  -12.284  22.386 0.5555559993
60216  -45.117  -12.168  22.706 0.5555559993
65486  -54.191  -6.038  18.047 0.6666669846
61074  -45.146  -11.845  22.481 0.5555559993
63737  -53.961  -8.164  18.500 0.6666669846
63738  -54.556  -8.010  17.904 0.6666669846
64619  -55.193  -6.952  17.052 0.6666669846
62847  -53.102  -9.096  19.297 0.6666669846
63783  -57.048  -8.061  13.698 0.6666669846
62019  -52.371  -10.273  17.809 0.6666669846
62869  -52.603  -9.893  17.077 0.6666669846
62882  -53.583  -9.476  16.305 0.6666669846
111262  -54.100  -9.377  15.832 0.6666669846
62892  -54.762  -9.310  15.318 0.6666669846
107993  -55.374  -9.215  14.941 0.6666669846
62899  -55.599  -9.180  14.386 0.6666669846
62900  -56.291  -8.920  13.947 0.6666669846
63794  -56.803  -8.725  13.192 0.6666669846
63795  -57.504  -7.823  12.791 0.6666669846
62881  -52.843  -9.509  16.303 0.6666669846
62891  -53.328  -9.298  15.678 0.6666669846
119982  -51.785  -9.987  17.182 0.5555559993
62897  -53.865  -9.249  14.925 0.6666669846
62898  -54.810  -9.272  14.406 0.6666669846
61084  -44.285  -12.247  21.880 0.5555559993
65479  -53.501  -6.520  18.773 0.6666669846
64612  -54.073  -7.200  18.284 0.6666669846
61085  -44.900  -11.825  22.091 0.5555559993
65519  -58.017  -5.566  14.326 0.3333329856
64659  -57.655  -6.215  13.736 0.5555559993
62906  -55.450  -9.194  13.711 0.6666669846
62915  -57.739  -8.156  11.811 0.6666669846
63753  -49.895  -8.683  15.840 0.4444440007
62868  -51.204  -9.563  16.619 0.5555559993
62889  -51.438  -8.991  15.894 0.5555559993
62890  -52.687  -9.183  15.653 0.6666669846
62896  -52.946  -9.037  15.066 0.6666669846
62914  -56.887  -8.958  12.309 0.6666669846
63805  -58.431  -7.266  11.153 0.6666669846
63751  -48.168  -8.763  16.093 0.4444440007
63752  -49.085  -8.733  16.022 0.4444440007
62879  -50.550  -9.113  16.192 0.4444440007
63761  -52.155  -8.798  15.301 0.6666669846
63770  -52.542  -8.674  14.692 0.6666669846
62904  -54.011  -9.092  14.070 0.6666669846
117084  -50.016  -8.280  15.338 0.4444440007
107939  -51.310  -8.402  15.107 0.4444440007
65474  -57.397  -4.938  19.185 0.1111110002
65467  -56.887  -4.767  20.195 0.1111110002
63689  -56.091  -7.344  25.379 0.2222220004
64563  -56.101  -6.236  25.081 0.2222220004
109840  -56.780  -3.880  20.389 0.1111110002
65440  -56.134  -5.537  23.994 0.2222220004
65494  -56.188  -5.886  16.149 0.5555559993
61100  -44.198  -12.265  20.629 0.3333329856
62905  -54.595  -9.123  13.508 0.6666669846
63759  -48.489  -8.223  15.502 0.4444440007
63771  -53.160  -8.802  14.246 0.6666669846
107894  -55.223  -9.158  12.885 0.6666669846
123939  -55.736  -9.229  12.075 0.6666669846
118637  -49.348  -8.248  15.439 0.4444440007
63760  -49.698  -7.876  14.889 0.4444440007
63768  -50.504  -8.060  14.931 0.4444440007
64648  -51.161  -7.823  14.291 0.4444440007
124725  -52.483  -8.394  14.210 0.6666669846
65427  -55.833  -5.729  25.702 0.2222220004
65433  -56.051  -5.273  24.782 0.2222220004
129043  -56.126  -5.814  24.535 0.2222220004
65426  -55.486  -5.813  26.290 0.3333329856
66277  -55.728  -5.195  25.124 0.3333329856
127642  -55.955  -4.269  23.789 0.2222220004
66276  -55.430  -4.885  24.975 0.4444440007
67219  -55.649  -3.879  23.568 0.3333329856
63814  -57.779  -8.395  10.908 0.6666669846
63815  -58.587  -7.681  10.215 0.6666669846
63781  -53.636  -8.701  13.288 0.6666669846
62913  -54.956  -9.079  12.230 0.6666669846
62924  -56.469  -9.162  11.379 0.6666669846
62937  -57.060  -9.042  10.728 0.6666669846
64646  -49.267  -7.361  14.333 0.3333329856
64647  -50.163  -7.558  14.295 0.4444440007
63779  -52.025  -7.937  13.908 0.4444440007
63780  -52.743  -8.259  13.586 0.5555559993
63782  -54.412  -8.898  12.675 0.6666669846
62925  -57.218  -8.865  11.453 0.6666669846
115583  -57.686  -8.696  10.001 0.5555559993
63825  -58.591  -8.073  9.073 0.4444440007
63792  -52.943  -8.035  12.723 0.4444440007
63803  -54.420  -8.717  11.856 0.6666669846
62936  -56.376  -9.158  10.641 0.6666669846
64714  -59.919  -7.279  7.979 0.4444440007
64669  -53.095  -7.742  11.861 0.4444440007
63802  -53.837  -8.122  11.283 0.6666669846
62922  -55.042  -9.019  11.638 0.6666669846
62923  -55.586  -9.090  11.012 0.6666669846
63824  -57.351  -8.736  9.220 0.5555559993
63837  -57.905  -8.310  8.327 0.4444440007
63838  -59.080  -7.823  7.965 0.4444440007
63812  -54.357  -8.154  10.429 0.6666669846
62947  -56.817  -9.104  9.997 0.6666669846
63823  -56.438  -8.848  9.387 0.5555559993
63836  -56.916  -8.529  8.615 0.5555559993
63854  -57.420  -8.024  7.824 0.4444440007
63839  -59.817  -7.283  7.171 0.4444440007
63822  -55.546  -8.586  9.545 0.6666669846
63835  -55.989  -8.336  8.838 0.5555559993
65581  -55.551  -6.668  8.209 0.5555559993
64713  -56.441  -7.890  8.159 0.5555559993
64678  -52.719  -7.081  11.579 0.4444440007
64679  -53.210  -7.275  11.133 0.5555559993
65547  -52.863  -6.454  11.150 0.4444440007
64689  -53.793  -7.418  10.526 0.6666669846
64690  -54.314  -7.499  9.863 0.5555559993
64699  -55.238  -7.928  9.096 0.5555559993
64712  -55.655  -7.546  8.462 0.5555559993
120001  -52.812  -5.023  10.927 0.5555559993
65558  -53.417  -6.486  10.605 0.5555559993
65559  -54.008  -6.624  9.975 0.5555559993
64698  -54.752  -7.537  9.365 0.5555559993
67316  -53.315  -4.702  10.539 0.5555559993
66388  -53.801  -5.491  10.121 0.5555559993
67317  -53.926  -4.233  9.957 0.3333329856
68184  -54.239  -3.136  9.983 0.4444440007
68183  -53.456  -3.573  10.539 0.4444440007
69074  -53.943  -2.412  10.555 0.3333329856
118110  -54.757  -2.115  10.131 0.2222220004
66353  -57.670  -4.979  15.839 0.4444440007
128106  -57.475  -7.116  13.439 0.6666669846
64649  -56.837  -7.160  14.648 0.6666669846
64650  -57.230  -6.265  14.423 0.4444440007
64626  -56.254  -6.790  15.738 0.6666669846
65507  -57.556  -5.451  15.083 0.5555559993
66343  -58.193  -4.881  16.473 0.3333329856
64625  -55.724  -6.961  16.418 0.6666669846
66332  -54.875  -5.218  17.758 0.5555559993
63744  -55.450  -7.863  16.811 0.6666669846
34608  -12.128  -40.075  44.509 0.3333329856
38192  -26.471  -35.126  37.554 0.3333329856
45998  -39.623  -27.352  36.315 0.8888890147
51801  -37.128  -22.179  31.425 0.2222220004
113585  -39.086  -23.201  29.691 0.5555559993
50842  -41.171  -22.554  27.868 0.4444440007
51859  -40.183  -21.527  25.583 0.4444440007
65418  -55.799  -6.179  26.456 0.2222220004
62878  -49.734  -9.255  16.420 0.4444440007
129627  -51.052  -10.044  17.206 0.4444440007
66283  -55.027  -4.329  24.341 0.5555559993
66292  -56.120  -3.970  23.258 0.2222220004
64611  -53.572  -7.441  18.824 0.6666669846
66341  -56.338  -5.090  16.710 0.5555559993
61086  -45.316  -11.523  21.848 0.5555559993
38951  -26.811  -34.667  37.109 0.1111110002
39864  -26.750  -33.800  35.877 0.1111110002
44900  -40.011  -27.957  37.965 0.7777780294
50807  -37.082  -22.939  29.975 0.1111110002
66271  -54.885  -4.961  25.148 0.4444440007
27540  -6.814  -47.352  50.216 0.2222220004
27563  -5.543  -47.908  48.231 0.2222220004
27562  -4.992  -48.607  48.032 0.2222220004
115788  -4.669  -47.774  46.686 0.2222220004
29318  -8.532  -45.348  45.643 0.1111110002
31148  -6.486  -43.667  45.464 0.1111110002
31980  -8.736  -42.254  43.741 0.1111110002
33702  -11.216  -41.007  43.428 0.3333329856
32852  -9.244  -41.518  43.229 0.1111110002
36408  -11.769  -36.920  40.733 0.1111110002
37237  -14.952  -36.640  40.488 0.3333329856
109748  -18.661  -35.766  39.578 0.3333329856
42947  -36.939  -30.544  38.389 0.6666669846
38190  -24.181  -35.356  37.567 0.3333329856
49777  -35.307  -23.651  31.053 0.1111110002
50840  -39.507  -23.083  27.171 0.4444440007
62855  -53.633  -9.733  18.000 0.6666669846
123464  -54.127  -9.401  17.387 0.6666669846
64618  -54.661  -7.021  17.680 0.6666669846
120830  -55.386  -8.588  16.398 0.6666669846
63754  -55.957  -7.928  16.052 0.6666669846
63772  -56.085  -8.738  14.925 0.6666669846
63762  -56.412  -7.683  15.231 0.6666669846
63774  -57.144  -7.171  14.074 0.6666669846
60200  -44.823  -12.763  22.861 0.5555559993
60214  -43.835  -12.632  22.105 0.4444440007
65487  -54.953  -6.052  17.359 0.6666669846
62880  -52.012  -9.547  16.484 0.6666669846
108086  -56.075  -9.154  13.038 0.6666669846
116805  -52.218  -9.182  15.935 0.6666669846
61083  -44.027  -12.396  21.266 0.3333329856
120073  -44.673  -11.978  21.466 0.4444440007
65529  -58.394  -5.676  13.563 0.3333329856
62888  -50.620  -8.573  15.554 0.5555559993
63769  -51.959  -8.293  14.615 0.5555559993
64554  -56.079  -6.476  26.100 0.2222220004
63678  -56.217  -7.500  26.381 0.2222220004
64572  -55.962  -6.534  23.928 0.2222220004
63700  -55.869  -7.391  24.350 0.2222220004
111031  -56.157  -4.641  23.847 0.2222220004
65506  -56.788  -5.620  15.600 0.5555559993
66342  -57.271  -4.844  16.410 0.5555559993
64637  -48.854  -7.763  14.928 0.4444440007
64656  -50.616  -7.196  13.619 0.4444440007
66272  -55.437  -5.339  25.576 0.3333329856
66284  -55.750  -4.655  24.361 0.2222220004
64645  -48.372  -7.130  14.425 0.2222220004
64658  -52.206  -7.667  13.108 0.4444440007
63793  -53.704  -8.401  12.275 0.5555559993
62935  -55.974  -9.078  10.113 0.6666669846
63804  -54.668  -8.683  11.060 0.6666669846
63813  -55.099  -8.685  10.284 0.6666669846
63821  -54.815  -8.122  9.726 0.6666669846
66387  -53.113  -5.629  10.765 0.5555559993
65569  -54.527  -6.861  9.355 0.5555559993
64711  -55.060  -7.163  8.861 0.5555559993
66395  -54.442  -5.924  9.434 0.5555559993
66405  -54.966  -6.328  8.827 0.5555559993
66344  -58.519  -5.401  16.417 0.3333329856
64638  -56.724  -6.462  15.043 0.6666669846
66362  -58.511  -5.316  15.037 0.2222220004
65493  -55.571  -6.013  16.755 0.6666669846
35427  -11.092  -38.398  53.531 0.3333329856
35428  -11.705  -38.079  53.698 0.2222220004
34513  -11.189  -39.104  53.652 0.2222220004
36253  -12.224  -37.405  53.797 0.2222220004
117917  -15.252  -36.677  52.686 0.1111110002
35435  -11.454  -37.710  53.445 0.4444440007
37086  -14.918  -36.420  52.957 0.3333329856
37929  -15.274  -36.005  52.521 0.3333329856
37937  -14.523  -35.894  51.776 0.3333329856
36263  -16.121  -36.529  52.333 0.2222220004
37087  -15.686  -36.293  52.610 0.2222220004
32783  -30.174  -40.720  49.393 0.2222220004
33633  -30.413  -39.838  49.151 0.2222220004
33621  -30.830  -39.469  49.504 0.2222220004
108155  -31.144  -39.335  49.014 0.1111110002
34543  -30.855  -39.075  50.143 0.3333329856
34542  -30.151  -39.505  50.327 0.3333329856
124397  -31.396  -38.942  49.680 0.2222220004
34544  -31.496  -38.689  50.075 0.2222220004
36294  -32.125  -37.504  50.190 0.2222220004
119816  -32.443  -36.863  50.092 0.2222220004
36293  -31.339  -37.653  50.460 0.3333329856
35471  -32.621  -38.012  49.806 0.2222220004
35470  -31.813  -38.172  50.172 0.2222220004
36295  -32.914  -37.347  49.897 0.2222220004
124474  -34.026  -36.347  49.994 0.2222220004
35469  -31.086  -38.369  50.437 0.3333329856
34545  -32.178  -38.616  49.464 0.2222220004
38853  -33.846  -34.010  50.261 0.3333329856
39759  -33.893  -33.332  49.991 0.2222220004
39776  -33.345  -33.340  48.819 0.3333329856
39775  -32.675  -33.708  48.256 0.3333329856
39783  -32.602  -33.380  47.562 0.3333329856
110117  -31.684  -36.799  50.259 0.2222220004
37108  -33.173  -36.569  50.022 0.2222220004
123878  -30.965  -37.141  50.497 0.3333329856
114689  -32.499  -36.042  50.122 0.3333329856
116398  -33.443  -35.744  50.154 0.2222220004
37956  -33.837  -34.894  50.262 0.2222220004
37107  -31.177  -36.394  50.202 0.3333329856
115689  -31.760  -35.866  50.074 0.3333329856
37971  -31.990  -35.102  49.803 0.3333329856
38851  -32.627  -34.715  49.970 0.3333329856
38852  -33.175  -33.983  49.894 0.3333329856
37120  -30.973  -36.178  50.009 0.5555559993
37970  -31.409  -35.627  49.715 0.3333329856
38857  -31.860  -34.869  49.247 0.3333329856
38858  -32.460  -34.461  49.480 0.3333329856
37969  -31.067  -35.772  49.431 0.6666669846
37990  -31.434  -35.159  49.039 0.3333329856
38866  -32.305  -34.271  48.756 0.3333329856
39764  -32.901  -33.842  49.132 0.3333329856
124523  -31.146  -35.404  48.738 0.5555559993
38865  -31.775  -34.596  48.499 0.3333329856
39774  -32.096  -34.011  48.019 0.3333329856
128757  -32.323  -33.681  47.770 0.4444440007
38864  -31.401  -34.891  48.272 0.4444440007
38871  -31.655  -34.286  47.770 0.5555559993
43875  -39.369  -29.754  40.905 0.7777780294
42928  -38.495  -30.037  40.770 0.7777780294
37088  -16.409  -36.225  52.323 0.2222220004
37938  -15.787  -35.855  52.006 0.2222220004
37931  -16.677  -36.139  52.282 0.2222220004
113072  -12.988  -36.370  52.136 0.3333329856
37095  -14.383  -36.187  52.680 0.3333329856
114675  -13.575  -36.444  52.876 0.3333329856
33619  -29.824  -40.555  50.200 0.3333329856
33620  -30.280  -39.763  49.851 0.3333329856
40711  -33.179  -33.304  48.132 0.3333329856
33645  -31.003  -39.459  48.570 0.1111110002
35472  -33.476  -37.836  49.470 0.2222220004
36296  -33.771  -37.149  49.724 0.2222220004
39765  -33.480  -33.457  49.477 0.2222220004
124721  -33.282  -34.518  50.173 0.3333329856
37954  -32.309  -35.348  50.064 0.3333329856
37955  -32.986  -35.182  50.189 0.2222220004
28389  -9.151  -45.988  51.945 0.1111110002
29254  -9.873  -44.834  52.789 0.1111110002
30199  -9.008  -43.957  52.623 0.2222220004
32734  -11.224  -41.627  54.199 0.1111110002
33588  -10.754  -40.704  54.203 0.1111110002
32733  -10.324  -41.457  54.001 0.1111110002
33592  -11.197  -40.110  53.956 0.1111110002
36265  -17.535  -36.473  51.820 0.1111110002
119916  -17.923  -36.760  51.460 0.1111110002
36274  -17.425  -36.849  51.626 0.1111110002
37089  -17.073  -36.255  52.088 0.1111110002
35436  -13.069  -37.463  53.694 0.1111110002
37940  -17.311  -35.982  51.940 0.1111110002
37096  -17.636  -36.272  51.823 0.1111110002
35437  -13.827  -37.444  53.086 0.1111110002
36271  -14.622  -37.367  52.530 0.1111110002
120376  -11.551  -39.657  53.752 0.1111110002
34514  -11.815  -38.820  53.699 0.1111110002
37093  -12.823  -36.732  53.181 0.1111110002
119818  -14.084  -36.631  53.216 0.2222220004
37939  -16.470  -35.854  51.928 0.3333329856
59380  -43.244  -13.129  22.305 0.2222220004
60199  -44.023  -12.896  22.618 0.4444440007
111957  -45.640  -11.494  21.328 0.4444440007
66406  -55.391  -5.921  8.304 0.5555559993
64729  -59.314  -7.166  6.512 0.3333329856
65531  -59.711  -6.108  12.752 0.2222220004
64672  -60.102  -6.264  12.080 0.1111110002
65549  -59.835  -5.880  11.255 0.3333329856
64726  -56.150  -7.126  7.827 0.4444440007
66414  -56.053  -5.936  7.644 0.4444440007
65590  -56.771  -6.523  7.208 0.4444440007
64743  -57.672  -6.876  6.769 0.3333329856
67347  -56.453  -4.887  7.415 0.2222220004
66415  -57.073  -5.520  6.820 0.2222220004
65602  -58.062  -5.972  6.228 0.3333329856
65538  -58.717  -5.711  12.817 0.2222220004
64680  -58.183  -6.857  11.992 0.4444440007
65540  -59.753  -5.848  11.809 0.2222220004
63855  -58.519  -7.772  7.407 0.3333329856
64727  -56.982  -7.388  7.428 0.3333329856
64728  -58.075  -7.483  6.942 0.3333329856
64670  -58.062  -6.311  12.880 0.3333329856
64671  -58.727  -5.903  12.088 0.3333329856
64681  -58.831  -6.236  11.429 0.4444440007
65548  -59.403  -5.884  11.474 0.4444440007
65560  -59.760  -6.061  10.977 0.4444440007
64691  -59.314  -6.432  10.714 0.4444440007
110660  -59.559  -7.016  9.719 0.3333329856
130522  -59.933  -7.024  9.407 0.3333329856
64700  -59.754  -7.286  8.770 0.3333329856
31928  -9.428  -42.309  53.248 0.2222220004
31095  -10.164  -43.774  53.388 0.2222220004
36260  -12.109  -37.024  53.460 0.2222220004
32732  -10.042  -42.201  53.678 0.1111110002
37098  -19.511  -36.633  50.578 0.2222220004
38119  -20.702  -35.620  40.339 0.4444440007
130191  -45.141  -11.716  21.397 0.4444440007
35429  -12.337  -37.873  53.832 0.1111110002
36262  -14.401  -36.843  53.097 0.1111110002
36264  -16.920  -36.478  52.069 0.1111110002
36254  -12.708  -37.023  53.855 0.1111110002
36261  -13.604  -36.986  53.569 0.1111110002
36273  -16.662  -36.975  51.823 0.1111110002
37085  -13.325  -36.865  53.566 0.1111110002
64744  -58.969  -6.649  6.083 0.3333329856
65539  -59.255  -5.634  12.344 0.2222220004
37154  -40.182  -37.019  46.400 0.1111110002
35529  -39.718  -37.988  46.260 0.1111110002
38872  -38.731  -34.398  48.116 0.1111110002
38005  -38.593  -35.569  47.830 0.1111110002
39790  -39.505  -34.102  46.684 0.1111110002
36331  -38.458  -37.667  47.286 0.1111110002
36321  -38.000  -37.305  47.735 0.1111110002
37145  -39.533  -36.796  46.897 0.1111110002
38018  -39.928  -36.144  46.356 0.1111110002
34578  -36.854  -38.143  46.770 0.1111110002
34591  -37.736  -38.187  46.634 0.1111110002
35522  -39.008  -37.941  46.780 0.1111110002
125974  -36.941  -37.686  45.737 0.1111110002
35539  -37.958  -37.906  45.588 0.1111110002
115248  -38.945  -37.951  45.268 0.1111110002
35555  -36.678  -37.420  45.420 0.1111110002
40714  -38.330  -32.875  49.104 0.1111110002
116522  -38.096  -34.839  48.502 0.1111110002
37134  -37.412  -36.753  48.284 0.1111110002
37974  -37.102  -35.771  48.870 0.1111110002
127860  -33.161  -38.544  47.741 0.1111110002
35520  -37.373  -38.152  47.143 0.1111110002
36319  -36.576  -37.561  48.306 0.1111110002
37123  -36.506  -36.564  48.854 0.1111110002
33675  -33.782  -38.424  47.508 0.1111110002
34575  -34.562  -38.194  47.177 0.1111110002
34577  -35.962  -38.062  46.961 0.1111110002
35491  -35.631  -37.990  48.427 0.1111110002
35554  -35.952  -37.512  45.832 0.1111110002
125174  -36.042  -37.255  45.325 0.1111110002
35573  -36.729  -37.064  44.898 0.1111110002
117416  -37.969  -31.119  49.698 0.1111110002
40701  -38.449  -31.936  49.344 0.1111110002
40700  -37.577  -32.162  49.642 0.1111110002
39770  -37.663  -33.324  49.347 0.1111110002
126251  -37.120  -33.805  49.508 0.1111110002
39777  -38.253  -33.866  48.799 0.1111110002
38859  -35.943  -34.627  49.789 0.1111110002
33634  -31.597  -38.970  49.152 0.1111110002
33660  -32.617  -38.624  48.136 0.1111110002
116390  -35.288  -36.918  49.391 0.1111110002
37972  -35.446  -35.395  49.734 0.1111110002
35488  -33.120  -38.362  49.117 0.1111110002
35489  -34.014  -38.313  48.849 0.1111110002
35490  -34.826  -38.160  48.556 0.1111110002
36307  -35.152  -37.618  49.058 0.1111110002
41794  -37.114  -30.652  49.545 0.1111110002
41777  -37.134  -31.245  49.757 0.1111110002
40699  -36.553  -31.960  49.887 0.1111110002
41776  -36.242  -31.257  49.685 0.1111110002
39768  -35.998  -32.777  50.077 0.1111110002
40698  -35.765  -32.044  49.984 0.1111110002
119368  -35.204  -32.757  50.151 0.1111110002
37957  -34.666  -35.131  50.080 0.1111110002
39760  -34.556  -33.428  50.176 0.1111110002
41793  -36.625  -30.643  49.148 0.1111110002
109241  -36.009  -31.111  49.075 0.1111110002
41775  -35.557  -31.758  49.696 0.2222220004
43945  -36.503  -29.948  33.998 0.2222220004
43946  -37.009  -29.307  33.736 0.2222220004
41808  -34.997  -32.017  48.803 0.2222220004
41792  -35.586  -31.568  49.243 0.2222220004
40695  -34.036  -32.901  49.353 0.1111110002
39766  -34.535  -32.756  49.976 0.1111110002
42983  -35.453  -31.019  34.709 0.2222220004
33646  -31.704  -38.892  48.613 0.1111110002
36306  -34.366  -37.739  49.246 0.1111110002
37109  -34.860  -36.097  49.772 0.1111110002
37121  -34.625  -37.015  49.574 0.1111110002
33635  -32.369  -38.705  48.685 0.1111110002
125079  -34.175  -35.619  50.135 0.1111110002
36343  -39.651  -37.494  46.632 0.1111110002
108822  -39.145  -38.186  46.245 0.1111110002
38873  -39.075  -34.779  47.194 0.1111110002
37144  -38.881  -36.584  47.430 0.1111110002
37991  -37.884  -35.798  48.435 0.1111110002
37135  -38.246  -36.556  47.904 0.1111110002
38006  -39.231  -35.805  46.983 0.1111110002
38879  -39.621  -34.958  46.185 0.1111110002
35521  -38.205  -38.068  47.021 0.1111110002
36330  -37.768  -37.842  47.450 0.1111110002
128730  -38.555  -37.139  47.536 0.1111110002
36332  -39.069  -37.354  47.179 0.1111110002
35519  -36.460  -38.151  47.230 0.1111110002
34590  -36.360  -37.958  46.584 0.1111110002
34604  -37.174  -37.997  46.208 0.1111110002
125861  -38.046  -38.195  46.137 0.1111110002
35528  -38.517  -38.204  46.474 0.1111110002
35556  -37.459  -37.493  45.195 0.1111110002
34592  -38.710  -38.214  45.868 0.1111110002
35557  -38.367  -37.613  44.942 0.1111110002
121203  -39.217  -37.711  44.612 0.1111110002
123545  -37.510  -35.081  48.815 0.1111110002
38867  -37.615  -34.284  49.087 0.1111110002
36320  -37.373  -37.560  47.871 0.1111110002
37973  -36.288  -35.580  49.350 0.1111110002
38861  -36.880  -34.706  49.350 0.1111110002
33647  -33.124  -38.597  48.252 0.1111110002
33661  -33.491  -38.553  47.913 0.1111110002
35507  -36.971  -37.995  47.655 0.1111110002
35506  -36.057  -38.146  47.778 0.1111110002
119435  -34.227  -38.406  47.592 0.1111110002
34576  -35.064  -38.201  47.226 0.1111110002
109212  -34.759  -37.941  46.768 0.1111110002
118022  -34.684  -38.369  47.639 0.1111110002
34589  -35.485  -37.952  46.764 0.1111110002
34569  -35.542  -38.208  47.370 0.1111110002
36308  -35.860  -37.257  48.960 0.1111110002
108381  -35.059  -37.219  45.454 0.1111110002
109051  -36.235  -37.770  46.248 0.1111110002
35538  -35.331  -37.709  46.379 0.1111110002
127019  -35.010  -37.516  46.052 0.1111110002
39769  -36.879  -32.921  49.730 0.1111110002
38860  -36.386  -33.742  49.839 0.1111110002
39767  -35.385  -33.691  50.133 0.1111110002
118625  -35.184  -34.606  50.011 0.1111110002
34556  -32.845  -38.600  48.708 0.1111110002
37122  -35.729  -36.333  49.361 0.1111110002
34557  -33.538  -38.543  48.433 0.1111110002
34568  -34.375  -38.446  48.178 0.1111110002
35505  -35.177  -38.310  47.908 0.1111110002
38854  -34.555  -34.255  50.223 0.1111110002
34567  -33.951  -38.544  48.050 0.1111110002
34539  -25.007  -39.197  49.576 0.1111110002
33614  -25.445  -39.484  49.451 0.1111110002
114684  -27.099  -40.510  49.344 0.1111110002
32793  -27.149  -40.952  48.774 0.1111110002
32764  -27.010  -40.120  49.630 0.1111110002
32781  -28.277  -41.211  49.527 0.1111110002
49822  -38.822  -23.544  28.271 0.3333329856
112562  -37.724  -23.805  27.049 0.2222220004
49840  -39.015  -23.434  27.586 0.2222220004
117509  -38.633  -23.422  26.811 0.2222220004
50853  -38.507  -23.064  25.915 0.2222220004
51844  -39.761  -22.208  25.903 0.2222220004
50870  -38.987  -22.412  25.579 0.2222220004
49801  -37.612  -23.429  29.204 0.2222220004
49802  -38.493  -23.447  29.052 0.3333329856
115624  -37.621  -23.845  27.823 0.1111110002
49839  -38.335  -23.663  27.646 0.2222220004
53787  -49.038  -18.642  39.705 0.1111110002
53816  -49.856  -18.856  37.944 0.1111110002
115871  -49.201  -19.052  37.256 0.1111110002
53846  -50.156  -19.908  35.797 0.1111110002
61840  -50.425  -10.395  33.674 0.3333329856
116536  -36.950  -17.758  23.485 0.1111110002
113265  -38.023  -17.707  23.236 0.1111110002
127953  -38.860  -17.724  23.192 0.1111110002
114056  -39.523  -17.385  23.149 0.1111110002
61849  -49.179  -10.213  32.806 0.3333329856
112307  -37.189  -17.151  27.816 0.1111110002
55849  -36.125  -17.518  27.183 0.1111110002
119601  -35.194  -18.054  24.860 0.1111110002
55875  -35.476  -17.173  24.561 0.1111110002
55889  -37.512  -16.944  23.354 0.1111110002
115796  -39.551  -16.649  23.105 0.1111110002
56801  -40.152  -16.326  23.069 0.1111110002
56757  -36.343  -16.744  27.073 0.1111110002
116683  -35.292  -17.975  26.141 0.1111110002
56771  -35.352  -16.410  25.379 0.1111110002
130452  -35.859  -16.767  24.057 0.1111110002
128142  -35.742  -15.400  24.254 0.1111110002
128570  -35.358  -15.473  24.952 0.1111110002
56797  -36.068  -16.133  23.873 0.1111110002
57621  -36.450  -15.400  23.676 0.1111110002
56799  -37.983  -16.179  23.234 0.1111110002
116582  -39.674  -16.036  23.087 0.1111110002
57625  -40.309  -15.585  22.970 0.1111110002
58478  -36.046  -14.623  23.964 0.1111110002
57622  -37.420  -15.399  23.317 0.1111110002
57624  -39.388  -15.437  22.994 0.1111110002
57626  -41.277  -15.484  22.964 0.1111110002
58486  -39.946  -14.745  22.760 0.1111110002
58487  -40.851  -14.766  22.800 0.1111110002
58459  -36.490  -14.098  26.710 0.1111110002
112798  -36.526  -15.857  27.102 0.1111110002
57589  -35.918  -15.040  26.477 0.1111110002
57606  -35.489  -15.550  25.746 0.1111110002
58477  -35.544  -14.561  24.716 0.1111110002
126816  -37.118  -14.009  23.206 0.1111110002
58484  -37.873  -14.523  23.043 0.1111110002
111312  -38.978  -14.665  22.835 0.1111110002
58500  -39.562  -14.016  22.539 0.1111110002
59378  -41.063  -13.703  22.230 0.1111110002
115496  -41.783  -13.787  22.453 0.1111110002
119451  -35.893  -13.828  24.335 0.1111110002
58485  -38.604  -13.859  22.674 0.1111110002
59374  -37.379  -12.820  22.857 0.1111110002
59376  -39.110  -13.316  22.234 0.1111110002
60211  -39.591  -12.738  21.689 0.1111110002
60209  -37.856  -11.657  22.101 0.1111110002
60221  -40.348  -12.451  21.244 0.1111110002
115323  -42.172  -12.954  21.584 0.1111110002
60213  -43.045  -12.903  21.805 0.1111110002
61072  -38.271  -11.019  21.554 0.1111110002
61079  -39.061  -11.259  20.857 0.1111110002
61080  -40.006  -11.772  20.729 0.1111110002
61097  -41.321  -11.812  20.251 0.1111110002
61082  -41.756  -12.487  20.850 0.1111110002
61099  -43.290  -12.436  20.598 0.1111110002
61971  -39.918  -10.524  19.922 0.1111110002
61096  -40.449  -11.439  20.260 0.1111110002
61114  -42.683  -11.788  19.778 0.1111110002
61985  -42.222  -10.993  19.214 0.1111110002
61115  -43.613  -12.008  19.849 0.1111110002
61101  -45.088  -11.957  20.702 0.3333329856
60198  -37.125  -11.910  22.967 0.1111110002
124589  -37.796  -10.826  22.183 0.1111110002
61970  -39.170  -10.411  20.490 0.1111110002
62834  -39.327  -9.720  20.223 0.1111110002
61972  -40.859  -11.051  19.714 0.1111110002
61984  -41.391  -10.602  19.233 0.1111110002
61983  -40.550  -10.069  19.405 0.1111110002
61995  -42.603  -10.567  18.788 0.1111110002
61986  -43.059  -11.263  19.207 0.1111110002
61987  -43.969  -11.489  19.145 0.1111110002
61128  -45.799  -11.626  18.903 0.3333329856
61996  -43.359  -10.537  18.508 0.1111110002
61998  -45.196  -11.070  18.372 0.3333329856
61999  -45.983  -11.093  18.184 0.3333329856
61062  -37.357  -11.035  22.798 0.1111110002
61953  -37.607  -10.266  22.711 0.1111110002
61954  -37.986  -10.178  21.947 0.1111110002
62824  -38.255  -9.365  21.697 0.1111110002
62825  -38.764  -9.454  20.839 0.1111110002
62835  -39.798  -9.434  19.780 0.1111110002
62842  -40.420  -8.895  19.363 0.1111110002
62843  -41.171  -9.638  18.947 0.1111110002
62850  -41.819  -9.242  18.583 0.1111110002
62861  -44.738  -9.736  17.435 0.2222220004
62012  -45.421  -10.462  17.761 0.3333329856
63735  -42.481  -8.708  18.156 0.1111110002
62852  -43.222  -9.492  17.934 0.1111110002
62860  -43.949  -9.164  17.525 0.1111110002
63703  -38.262  -8.711  22.330 0.1111110002
63713  -38.619  -8.362  21.516 0.1111110002
64584  -39.166  -7.695  20.999 0.1111110002
65461  -40.110  -6.787  20.430 0.1111110002
64593  -39.535  -8.018  20.339 0.1111110002
63723  -39.752  -8.566  19.899 0.1111110002
64595  -40.664  -7.104  19.601 0.1111110002
64601  -40.687  -8.007  19.250 0.1111110002
63734  -41.751  -8.400  18.539 0.1111110002
63743  -45.149  -9.106  16.883 0.2222220004
62014  -47.002  -10.496  17.638 0.3333329856
63736  -43.330  -8.489  17.651 0.1111110002
63742  -44.064  -8.314  17.265 0.1111110002
62875  -46.881  -9.330  16.630 0.2222220004
62864  -47.390  -9.944  17.121 0.3333329856
64617  -44.274  -7.542  17.020 0.1111110002
64623  -45.219  -7.583  16.348 0.1111110002
113865  -46.341  -8.657  16.262 0.2222220004
121523  -45.883  -8.015  16.054 0.1111110002
63750  -46.577  -8.034  15.756 0.2222220004
63758  -47.529  -8.149  15.562 0.2222220004
64636  -47.911  -7.616  14.976 0.2222220004
124787  -39.217  -7.200  22.886 0.1111110002
63704  -38.657  -7.925  22.729 0.1111110002
64574  -38.959  -7.298  21.964 0.1111110002
64585  -39.586  -6.767  21.366 0.1111110002
65450  -40.327  -6.038  21.270 0.1111110002
65462  -40.848  -6.038  20.291 0.1111110002
65463  -41.641  -5.709  19.877 0.1111110002
66313  -42.380  -5.415  19.650 0.1111110002
65469  -41.361  -6.585  19.380 0.1111110002
65476  -42.588  -6.790  18.388 0.1111110002
65471  -42.785  -5.816  18.817 0.1111110002
64610  -42.859  -7.706  17.916 0.1111110002
65483  -43.268  -6.970  17.845 0.1111110002
65484  -44.005  -6.550  17.410 0.1111110002
65490  -44.665  -6.967  16.707 0.1111110002
65491  -45.255  -6.574  16.293 0.1111110002
64624  -45.909  -7.171  15.766 0.1111110002
65505  -46.747  -6.159  14.981 0.1111110002
64634  -46.863  -7.258  15.219 0.2222220004
65518  -48.829  -6.670  13.861 0.2222220004
64655  -49.722  -6.956  13.726 0.3333329856
64657  -51.462  -7.414  13.443 0.3333329856
65528  -51.005  -6.794  12.968 0.3333329856
64668  -52.361  -7.263  12.217 0.3333329856
63692  -39.253  -7.551  23.665 0.1111110002
124091  -40.108  -6.196  22.116 0.1111110002
65443  -40.818  -5.729  22.223 0.1111110002
65451  -41.095  -5.474  21.328 0.1111110002
107999  -42.531  -4.673  21.145 0.1111110002
66307  -42.083  -5.123  20.477 0.1111110002
66308  -43.465  -4.462  20.064 0.1111110002
66314  -43.091  -5.070  19.433 0.1111110002
67246  -44.208  -4.127  19.869 0.1111110002
66322  -43.494  -5.405  18.618 0.1111110002
66323  -44.185  -5.043  18.382 0.1111110002
66330  -45.131  -5.095  17.252 0.1111110002
66338  -45.401  -5.543  16.517 0.1111110002
65492  -45.739  -6.033  15.865 0.1111110002
66351  -46.287  -5.491  15.538 0.1111110002
65504  -46.250  -6.457  15.427 0.1111110002
64635  -47.493  -6.762  14.651 0.1111110002
65516  -47.329  -5.747  14.543 0.1111110002
65517  -48.003  -6.265  14.112 0.1111110002
65526  -49.306  -6.199  13.351 0.1111110002
65527  -50.177  -6.427  13.085 0.1111110002
65535  -50.741  -6.149  12.638 0.2222220004
65537  -51.865  -6.485  12.076 0.3333329856
65452  -41.624  -5.215  22.239 0.1111110002
66287  -42.366  -4.711  22.088 0.1111110002
67247  -44.964  -3.724  19.634 0.1111110002
67248  -45.792  -3.406  19.347 0.1111110002
67257  -45.262  -3.952  18.643 0.1111110002
66324  -44.850  -4.663  18.063 0.1111110002
66331  -45.766  -4.644  16.933 0.1111110002
66340  -46.598  -4.516  15.915 0.1111110002
67282  -47.277  -4.026  15.697 0.1111110002
66352  -46.933  -4.957  15.176 0.1111110002
66360  -47.434  -4.820  14.676 0.1111110002
66361  -47.812  -5.179  14.104 0.1111110002
66367  -49.027  -5.235  13.219 0.1111110002
66368  -49.664  -5.705  12.968 0.1111110002
66374  -50.229  -5.562  12.657 0.1111110002
66375  -50.963  -5.447  12.278 0.1111110002
66376  -51.559  -5.844  12.040 0.3333329856
65546  -52.372  -6.471  11.636 0.3333329856
67258  -46.011  -3.644  18.336 0.1111110002
68128  -47.260  -2.867  18.694 0.1111110002
119702  -58.031  -4.664  17.085 0.3333329856
67266  -46.941  -3.655  17.172 0.1111110002
67267  -47.612  -3.405  16.873 0.1111110002
67265  -46.222  -3.926  17.436 0.1111110002
67272  -47.089  -3.815  16.384 0.1111110002
67283  -47.953  -3.673  15.444 0.1111110002
67293  -47.958  -4.102  14.568 0.1111110002
67298  -48.380  -4.593  13.722 0.1111110002
66373  -49.598  -4.797  12.863 0.1111110002
67303  -50.975  -4.321  12.112 0.1111110002
66381  -52.048  -5.748  11.661 0.3333329856
66382  -52.580  -5.690  11.238 0.3333329856
68124  -47.645  -2.455  19.266 0.1111110002
69020  -48.333  -2.192  18.787 0.1111110002
68131  -48.483  -2.798  16.935 0.1111110002
68142  -48.404  -3.254  15.826 0.1111110002
68154  -48.617  -3.317  15.052 0.1111110002
68155  -49.077  -3.115  14.546 0.1111110002
67294  -48.654  -3.640  14.137 0.1111110002
68164  -49.273  -3.286  13.810 0.1111110002
68170  -50.358  -3.504  12.621 0.1111110002
68171  -51.072  -3.261  12.170 0.1111110002
68176  -51.671  -4.048  11.688 0.1111110002
67308  -52.282  -4.817  11.335 0.2222220004
66396  -54.996  -5.341  8.812 0.4444440007
68134  -48.689  -2.882  16.244 0.1111110002
69028  -49.695  -2.169  15.695 0.1111110002
69891  -50.834  -1.129  15.757 0.1111110002
69032  -49.365  -2.586  15.309 0.1111110002
125741  -49.788  -2.281  15.112 0.1111110002
69894  -50.236  -1.813  15.326 0.1111110002
111017  -50.903  -1.392  14.801 0.1111110002
68144  -49.189  -2.866  14.966 0.1111110002
68156  -49.507  -2.790  14.350 0.1111110002
69034  -50.164  -2.087  14.686 0.1111110002
69044  -50.594  -1.858  14.099 0.1111110002
69051  -50.432  -2.306  13.645 0.1111110002
110267  -51.102  -1.783  13.330 0.1111110002
68172  -51.762  -3.007  11.692 0.1111110002
69067  -52.507  -2.798  11.350 0.1111110002
67309  -52.869  -4.247  10.944 0.2222220004
67326  -54.451  -4.861  9.457 0.3333329856
126787  -54.949  -4.438  8.973 0.3333329856
128771  -55.357  -4.602  8.547 0.3333329856
115860  -55.661  -5.188  8.138 0.3333329856
69060  -52.108  -2.031  11.950 0.1111110002
69061  -52.921  -1.815  11.595 0.1111110002
68185  -54.960  -2.719  9.597 0.2222220004
67327  -55.443  -3.801  8.705 0.2222220004
67338  -55.908  -4.237  8.054 0.2222220004
67348  -57.503  -4.383  6.523 0.2222220004
69895  -51.811  -0.735  14.592 0.1111110002
69903  -51.359  -1.244  14.030 0.1111110002
69915  -51.886  -0.973  13.420 0.1111110002
69052  -51.864  -1.428  12.719 0.1111110002
69925  -52.672  -1.116  12.316 0.1111110002
69926  -53.490  -0.782  11.942 0.1111110002
69075  -55.528  -1.897  9.622 0.1111110002
69080  -56.215  -1.673  9.067 0.2222220004
68195  -55.656  -2.741  8.976 0.2222220004
68211  -56.152  -3.240  8.218 0.2222220004
68212  -56.668  -2.853  7.765 0.2222220004
67339  -56.745  -3.695  7.403 0.2222220004
65617  -57.272  -5.811  3.985 0.2222220004
64758  -56.237  -6.680  4.509 0.2222220004
64751  -55.522  -7.299  5.226 0.2222220004
69904  -52.106  -0.727  13.992 0.1111110002
70700  -52.652  -0.291  14.328 0.1111110002
69905  -52.846  -0.379  13.607 0.1111110002
69917  -53.432  -0.303  12.863 0.1111110002
69927  -54.182  -0.066  12.427 0.1111110002
110157  -54.435  -0.479  11.599 0.1111110002
69934  -55.070  -0.535  11.015 0.1111110002
113914  -54.528  -1.338  10.771 0.1111110002
69943  -55.414  -1.080  10.327 0.1111110002
69076  -56.077  -1.061  9.681 0.1111110002
108157  -56.505  -0.945  9.220 0.1111110002
69950  -56.667  -1.236  8.647 0.2222220004
60342  -49.891  -12.010  10.216 0.1111110002
61199  -50.300  -11.172  9.406 0.1111110002
114423  -56.439  -2.242  8.324 0.2222220004
69090  -56.739  -2.403  7.709 0.2222220004
69100  -56.888  -2.354  7.370 0.2222220004
62077  -51.281  -10.722  8.817 0.1111110002
68221  -57.001  -2.897  7.239 0.2222220004
68222  -57.462  -2.887  6.684 0.2222220004
69118  -57.368  -2.596  5.752 0.2222220004
62085  -52.432  -10.247  8.187 0.1111110002
68232  -57.675  -2.884  6.039 0.2222220004
67357  -57.948  -3.519  5.912 0.2222220004
68242  -57.717  -3.258  5.366 0.2222220004
67369  -57.569  -3.675  4.696 0.2222220004
66438  -58.034  -4.423  4.383 0.2222220004
67375  -57.064  -4.316  4.241 0.2222220004
110228  -58.387  -5.190  4.091 0.2222220004
66436  -56.584  -5.079  4.236 0.2222220004
65616  -55.955  -5.740  4.517 0.2222220004
69935  -55.695  -0.199  10.840 0.1111110002
69945  -56.396  -0.416  9.691 0.1111110002
69944  -56.019  -0.483  10.186 0.1111110002
69973  -56.787  -1.554  7.704 0.2222220004
61191  -49.670  -11.374  9.754 0.1111110002
118547  -50.535  -10.663  9.030 0.1111110002
62957  -50.828  -10.158  8.681 0.1111110002
69091  -56.680  -1.855  8.032 0.2222220004
62958  -51.541  -10.100  8.499 0.1111110002
114501  -51.893  -9.402  8.202 0.1111110002
69109  -57.089  -2.339  6.742 0.2222220004
62078  -51.961  -10.705  8.565 0.1111110002
63852  -52.340  -8.626  7.922 0.1111110002
69117  -56.808  -2.315  5.505 0.2222220004
121717  -52.776  -9.452  7.805 0.1111110002
63853  -53.162  -8.604  7.489 0.1111110002
68241  -57.168  -2.941  5.052 0.2222220004
62966  -53.665  -9.549  7.321 0.1111110002
63861  -53.863  -8.498  6.956 0.1111110002
68250  -56.357  -3.631  4.639 0.2222220004
67368  -55.920  -4.596  4.534 0.2222220004
63862  -54.496  -8.272  6.393 0.1111110002
63868  -54.999  -7.865  5.823 0.1111110002
67367  -55.122  -5.259  5.151 0.2222220004
65612  -55.311  -6.331  5.169 0.2222220004
70732  -56.321  0.598  10.946 0.1111110002
70737  -56.641  0.435  10.068 0.1111110002
70730  -55.303  0.058  11.645 0.1111110002
70731  -55.882  0.335  11.390 0.1111110002
69936  -56.262  0.107  10.404 0.1111110002
129773  -56.584  0.013  9.691 0.1111110002
127434  -56.844  -0.511  8.740 0.1111110002
117448  -51.990  -7.833  8.181 0.1111110002
70755  -56.929  -0.535  8.268 0.2222220004
70767  -56.835  -0.888  7.703 0.2222220004
112359  -52.487  -6.890  7.826 0.1111110002
69981  -56.762  -1.620  7.156 0.2222220004
117006  -52.767  -7.800  7.645 0.1111110002
69108  -56.924  -2.046  6.311 0.2222220004
128017  -53.131  -7.125  7.344 0.1111110002
69115  -55.279  -2.938  5.406 0.2222220004
64740  -53.607  -6.893  6.825 0.1111110002
64741  -53.996  -7.570  6.632 0.1111110002
115237  -55.527  -3.416  5.060 0.2222220004
116669  -55.142  -4.142  5.071 0.2222220004
64742  -54.477  -7.442  6.190 0.1111110002
65601  -54.201  -6.671  6.282 0.1111110002
65611  -54.599  -6.081  5.756 0.1111110002
64750  -54.780  -6.940  5.727 0.1111110002
70745  -57.027  0.127  8.903 0.1111110002
71570  -57.152  0.304  8.458 0.1111110002
70778  -56.668  -1.047  7.276 0.2222220004
70777  -56.444  -0.913  7.072 0.2222220004
64724  -51.531  -7.071  8.387 0.2222220004
65588  -51.851  -6.189  8.232 0.2222220004
69988  -56.480  -1.855  6.036 0.2222220004
110323  -55.863  -1.503  6.427 0.2222220004
128252  -55.325  -1.960  6.050 0.2222220004
65599  -53.192  -6.359  7.152 0.2222220004
66422  -53.299  -5.494  6.885 0.1111110002
68231  -54.538  -3.236  5.806 0.2222220004
68240  -54.920  -3.558  5.384 0.2222220004
65600  -53.781  -5.984  6.510 0.1111110002
67356  -54.092  -4.659  6.177 0.1111110002
129726  -54.210  -6.005  6.160 0.1111110002
65610  -54.303  -5.388  6.005 0.1111110002
67366  -54.556  -4.672  5.628 0.1111110002
128234  -54.387  -2.334  6.355 0.2222220004
69106  -53.932  -2.142  6.804 0.2222220004
66413  -52.819  -5.005  7.248 0.2222220004
68229  -53.433  -3.859  6.739 0.2222220004
114586  -53.892  -4.133  6.345 0.2222220004
66423  -53.788  -5.218  6.437 0.1111110002
68220  -53.424  -3.004  6.864 0.2222220004
126127  -54.125  -2.811  6.299 0.2222220004
125603  -49.175  -12.651  34.692 0.3333329856
57528  -50.449  -15.110  34.601 0.2222220004
60969  -49.645  -10.621  33.631 0.3333329856
60957  -50.188  -11.263  34.137 0.3333329856
59243  -49.670  -13.445  35.213 0.3333329856
65550  -60.115  -6.153  11.428 0.1111110002
65561  -60.011  -6.229  10.869 0.3333329856
53800  -49.392  -18.629  38.751 0.1111110002
110986  -50.842  -19.914  34.942 0.1111110002
56802  -40.865  -16.283  23.048 0.1111110002
55891  -40.365  -17.016  23.097 0.2222220004
58502  -41.356  -14.167  22.613 0.1111110002
111106  -42.510  -14.631  22.943 0.1111110002
57517  -50.181  -14.596  35.122 0.2222220004
128966  -42.755  -14.029  22.810 0.1111110002
125357  -41.744  -13.316  22.040 0.1111110002
111507  -48.421  -13.153  33.984 0.3333329856
111803  -48.272  -11.764  33.114 0.3333329856
60094  -48.367  -12.427  33.640 0.3333329856
61862  -49.722  -9.632  32.320 0.3333329856
62863  -46.525  -9.894  17.142 0.3333329856
62862  -45.677  -9.847  17.228 0.2222220004
114702  -47.219  -8.742  16.126 0.2222220004
54939  -40.531  -18.407  23.456 0.1111110002
56803  -41.765  -16.242  23.017 0.1111110002
50855  -40.050  -22.503  26.681 0.3333329856
50825  -39.651  -23.286  28.133 0.3333329856
49821  -38.038  -23.681  28.423 0.2222220004
49800  -36.708  -23.453  29.323 0.1111110002
60224  -43.577  -12.624  21.495 0.1111110002
68194  -54.761  -3.698  9.362 0.3333329856
69068  -53.210  -2.638  10.981 0.2222220004
50854  -39.271  -22.840  26.324 0.2222220004
61117  -45.496  -11.924  19.756 0.3333329856
32779  -26.309  -40.394  48.814 0.1111110002
49858  -36.992  -23.828  26.458 0.1111110002
49820  -37.189  -23.799  28.499 0.1111110002
61850  -50.123  -9.799  33.351 0.3333329856
55876  -36.015  -17.464  23.880 0.1111110002
55890  -38.629  -16.964  23.157 0.1111110002
54936  -37.648  -18.464  23.356 0.1111110002
54922  -35.596  -18.858  24.180 0.1111110002
55861  -35.291  -17.358  25.429 0.1111110002
119536  -35.634  -17.967  24.207 0.1111110002
55888  -36.531  -16.873  23.676 0.1111110002
56798  -36.968  -16.162  23.486 0.1111110002
56800  -38.949  -16.123  23.143 0.1111110002
55848  -35.593  -17.056  26.276 0.1111110002
56756  -35.749  -16.102  26.379 0.1111110002
56786  -35.574  -16.213  24.470 0.1111110002
58483  -36.857  -14.653  23.435 0.1111110002
57623  -38.436  -15.403  23.099 0.1111110002
120347  -36.450  -13.899  23.663 0.1111110002
58501  -40.495  -14.137  22.522 0.1111110002
108387  -36.904  -14.958  27.287 0.1111110002
57607  -35.461  -14.785  25.543 0.1111110002
59361  -36.890  -13.304  23.285 0.1111110002
59362  -37.687  -13.607  22.878 0.1111110002
59377  -40.108  -13.521  22.154 0.1111110002
60212  -40.710  -13.130  21.752 0.1111110002
59375  -38.193  -13.111  22.476 0.1111110002
60210  -38.489  -12.544  21.957 0.1111110002
61073  -38.725  -11.892  21.464 0.1111110002
60220  -39.548  -12.064  21.158 0.1111110002
60222  -41.269  -12.788  21.368 0.1111110002
61081  -40.867  -12.156  20.746 0.1111110002
60223  -42.683  -12.720  21.078 0.1111110002
61961  -38.500  -10.275  21.158 0.1111110002
61095  -39.708  -11.114  20.395 0.1111110002
61098  -42.245  -12.172  20.341 0.1111110002
61973  -41.775  -11.436  19.716 0.1111110002
61116  -44.537  -12.046  19.856 0.2222220004
62844  -41.928  -10.172  18.792 0.1111110002
62851  -42.538  -9.801  18.411 0.1111110002
61997  -44.336  -10.904  18.465 0.1111110002
61127  -44.899  -11.614  19.100 0.3333329856
62853  -44.018  -10.074  17.908 0.1111110002
62011  -44.708  -10.462  17.950 0.2222220004
62816  -37.875  -9.433  22.655 0.1111110002
63722  -39.225  -8.726  20.465 0.1111110002
63727  -41.167  -8.650  18.874 0.1111110002
119455  -44.507  -8.905  17.165 0.1111110002
117948  -39.634  -7.374  20.566 0.1111110002
64594  -40.047  -7.792  19.840 0.1111110002
64602  -41.329  -7.636  18.907 0.1111110002
64609  -42.127  -7.705  18.402 0.1111110002
62874  -45.994  -9.255  16.696 0.2222220004
64616  -43.613  -7.591  17.482 0.1111110002
63748  -44.730  -8.237  16.755 0.1111110002
63749  -45.529  -8.488  16.449 0.2222220004
129970  -44.704  -7.585  16.674 0.1111110002
64575  -39.647  -6.691  22.503 0.1111110002
66296  -41.831  -5.026  21.323 0.1111110002
130110  -41.470  -5.413  20.644 0.1111110002
120287  -42.751  -4.778  20.267 0.1111110002
65470  -42.103  -6.219  19.115 0.1111110002
64603  -41.852  -6.979  18.767 0.1111110002
65477  -43.322  -6.201  18.146 0.1111110002
66329  -44.444  -5.486  17.600 0.1111110002
65478  -43.857  -5.706  17.968 0.1111110002
65485  -44.768  -6.017  16.871 0.1111110002
65536  -51.313  -6.319  12.430 0.2222220004
64667  -51.697  -7.024  12.699 0.3333329856
126489  -43.217  -4.391  20.916 0.1111110002
66315  -43.811  -4.686  19.178 0.1111110002
67264  -45.532  -4.281  17.740 0.1111110002
66339  -45.953  -5.011  16.180 0.1111110002
65525  -48.498  -5.737  13.628 0.1111110002
65444  -42.334  -5.056  23.239 0.1111110002
67256  -44.543  -4.327  18.937 0.1111110002
67271  -46.414  -4.219  16.649 0.1111110002
67292  -47.484  -4.262  15.130 0.1111110002
67273  -47.792  -3.525  16.129 0.1111110002
67302  -50.275  -4.599  12.493 0.1111110002
67249  -46.564  -3.089  19.003 0.1111110002
67259  -46.763  -3.414  18.049 0.1111110002
68129  -47.447  -3.178  17.768 0.1111110002
68133  -48.189  -3.157  16.522 0.1111110002
68130  -48.022  -2.951  17.372 0.1111110002
67299  -49.009  -4.130  13.348 0.1111110002
67300  -49.645  -3.769  12.978 0.1111110002
66380  -51.589  -5.069  11.803 0.2222220004
113799  -47.918  -2.627  18.462 0.1111110002
68143  -48.899  -2.922  15.547 0.1111110002
68165  -49.924  -2.877  13.498 0.1111110002
68166  -50.631  -2.611  12.920 0.1111110002
68177  -52.342  -3.754  11.306 0.1111110002
69027  -49.200  -2.553  16.009 0.1111110002
69024  -49.001  -2.407  16.940 0.1111110002
69025  -49.581  -1.989  16.512 0.1111110002
69033  -49.645  -2.521  14.767 0.1111110002
69043  -50.013  -2.404  14.193 0.1111110002
69059  -51.376  -2.326  12.445 0.1111110002
68178  -52.884  -3.442  10.998 0.1111110002
67349  -57.452  -3.419  6.717 0.2222220004
69916  -52.486  -0.749  12.970 0.1111110002
69069  -53.716  -1.560  11.202 0.1111110002
109886  -58.354  -4.392  5.498 0.2222220004
66437  -57.579  -4.882  3.989 0.2222220004
70712  -53.813  0.066  13.524 0.1111110002
69918  -54.582  0.238  13.176 0.1111110002
69951  -56.687  -0.466  9.174 0.1111110002
67370  -58.172  -3.950  5.015 0.2222220004
128833  -55.803  -5.184  4.562 0.2222220004
70720  -54.929  0.217  12.434 0.1111110002
120823  -56.805  0.080  9.332 0.1111110002
108946  -56.800  -1.139  8.292 0.2222220004
64725  -53.443  -7.734  7.178 0.1111110002
116324  -56.224  -2.831  5.105 0.2222220004
70713  -55.379  0.456  12.929 0.1111110002
71579  -57.019  -0.118  7.966 0.1111110002
62964  -50.814  -9.387  8.430 0.1111110002
69980  -56.559  -1.521  6.741 0.2222220004
69116  -55.870  -2.179  5.647 0.2222220004
69107  -54.858  -2.461  5.945 0.2222220004
71559  -57.313  0.715  9.030 0.1111110002
70766  -56.752  -0.510  7.587 0.1111110002
70776  -55.921  -0.723  7.041 0.2222220004
65589  -52.642  -5.861  7.520 0.2222220004
68239  -54.415  -3.986  5.800 0.2222220004
67355  -53.474  -4.650  6.682 0.1111110002
68230  -53.965  -3.522  6.297 0.2222220004
64682  -60.347  -6.856  11.019 0.1111110002
38120  -21.420  -35.580  40.466 0.2222220004
109514  -21.900  -35.555  39.822 0.2222220004
109513  -22.691  -35.521  39.923 0.2222220004
37236  -14.175  -36.710  40.489 0.2222220004
38167  -18.502  -35.469  38.660 0.2222220004
38146  -21.031  -35.584  39.552 0.2222220004
38168  -19.275  -35.308  38.243 0.2222220004
38169  -20.222  -35.498  38.702 0.2222220004
38147  -22.337  -35.503  39.195 0.2222220004
38186  -20.673  -35.247  37.859 0.2222220004
113482  -21.949  -35.440  38.484 0.2222220004
38189  -23.273  -35.380  37.806 0.2222220004
116548  -13.505  -36.040  40.035 0.1111110002
38138  -13.723  -35.268  39.795 0.1111110002
38114  -15.108  -35.908  39.708 0.1111110002
38140  -14.893  -34.865  39.332 0.1111110002
38141  -15.740  -35.306  39.184 0.1111110002
38926  -16.110  -34.550  38.793 0.1111110002
38165  -16.834  -35.120  38.685 0.1111110002
38938  -17.426  -34.642  38.290 0.1111110002
112390  -18.017  -34.981  38.246 0.1111110002
127429  -20.375  -34.859  37.387 0.1111110002
111190  -20.997  -34.947  37.196 0.1111110002
38188  -22.327  -35.329  37.738 0.2222220004
38171  -22.727  -35.444  38.524 0.2222220004
38211  -22.707  -35.134  36.980 0.1111110002
38172  -23.393  -35.457  38.645 0.2222220004
38212  -23.555  -35.148  36.874 0.1111110002
38213  -24.418  -35.110  36.789 0.1111110002
38940  -19.198  -34.621  37.597 0.1111110002
38948  -20.516  -34.351  36.975 0.1111110002
38949  -21.856  -34.985  36.951 0.1111110002
110133  -22.939  -34.718  36.252 0.1111110002
38963  -23.871  -34.735  36.167 0.1111110002
38214  -25.254  -35.076  36.814 0.1111110002
38965  -25.622  -34.668  36.128 0.1111110002
127255  -22.379  -34.818  36.582 0.1111110002
128032  -33.605  -31.893  35.249 0.1111110002
42037  -34.975  -31.436  35.033 0.1111110002
42035  -33.163  -31.721  34.553 0.1111110002
42036  -34.180  -31.690  34.928 0.1111110002
43000  -35.974  -30.496  34.309 0.1111110002
42052  -34.652  -31.199  34.343 0.1111110002
42051  -33.802  -31.292  34.033 0.1111110002
46047  -36.815  -27.801  32.050 0.1111110002
113073  -37.308  -27.137  31.995 0.1111110002
126161  -37.035  -26.634  31.527 0.1111110002
43954  -36.205  -29.517  33.319 0.1111110002
44957  -36.552  -28.451  32.512 0.1111110002
47917  -37.558  -25.371  32.079 0.1111110002
47035  -36.557  -27.315  31.541 0.1111110002
47046  -36.297  -26.473  31.081 0.1111110002
48860  -36.902  -24.907  31.646 0.1111110002
47929  -37.059  -25.841  31.480 0.1111110002
46054  -34.832  -27.322  31.481 0.1111110002
53976  -40.526  -19.159  23.808 0.2222220004
48851  -38.048  -24.990  32.700 0.1111110002
49769  -37.048  -23.588  32.721 0.1111110002
38166  -17.677  -35.362  38.658 0.1111110002
38144  -19.364  -35.632  39.167 0.2222220004
38113  -14.261  -35.987  39.864 0.1111110002
129769  -16.272  -35.184  38.922 0.1111110002
125627  -21.674  -35.525  39.126 0.2222220004
38170  -21.160  -35.455  38.561 0.2222220004
38939  -18.567  -34.850  37.966 0.1111110002
38185  -19.908  -35.106  37.768 0.1111110002
38139  -14.395  -35.282  39.590 0.1111110002
38925  -15.447  -34.349  39.067 0.1111110002
108253  -16.732  -34.145  38.439 0.1111110002
38187  -21.481  -35.276  37.768 0.1111110002
110185  -19.842  -34.408  37.256 0.1111110002
38961  -21.236  -34.368  36.660 0.1111110002
39861  -20.753  -33.628  36.692 0.1111110002
115541  -36.604  -29.007  33.103 0.1111110002
46046  -36.039  -28.009  31.810 0.1111110002
46055  -35.644  -27.386  31.339 0.1111110002
47045  -35.136  -26.639  30.838 0.1111110002
48028  -53.899  -25.581  21.061 0.1111110002
113969  -53.973  -26.352  21.130 0.1111110002
46165  -53.950  -26.949  21.086 0.1111110002
42204  -57.797  -31.492  19.920 0.1111110002
42205  -58.385  -31.927  20.364 0.1111110002
50910  -53.365  -22.126  20.615 0.1111110002
50905  -53.981  -22.430  21.163 0.1111110002
48958  -53.419  -24.314  20.409 0.1111110002
48032  -53.450  -25.244  20.386 0.1111110002
47152  -53.719  -26.623  20.668 0.1111110002
46172  -54.025  -27.919  20.283 0.1111110002
126929  -54.716  -28.998  19.674 0.1111110002
44107  -55.299  -29.745  19.492 0.1111110002
127378  -56.970  -31.234  19.577 0.1111110002
42215  -58.465  -32.000  19.498 0.1111110002
51901  -53.191  -21.234  20.594 0.1111110002
49915  -53.523  -22.936  20.688 0.1111110002
43156  -56.148  -30.510  18.826 0.1111110002
43157  -56.901  -31.198  18.914 0.1111110002
50909  -53.071  -22.696  20.088 0.1111110002
51900  -52.873  -21.769  19.939 0.1111110002
42196  -58.655  -32.803  21.763 0.1111110002
51896  -54.613  -21.242  21.615 0.1111110002
50907  -55.435  -21.785  21.859 0.1111110002
49916  -54.825  -23.473  21.540 0.1111110002
42202  -58.274  -31.814  21.342 0.1111110002
52891  -54.680  -20.475  21.876 0.1111110002
121718  -54.539  -21.952  21.456 0.1111110002
127219  -54.161  -24.092  21.187 0.1111110002
126836  -54.644  -24.981  21.492 0.1111110002
47149  -54.576  -26.898  21.506 0.1111110002
45086  -55.353  -28.663  21.474 0.1111110002
44096  -56.246  -30.289  20.793 0.1111110002
43146  -57.748  -31.263  20.754 0.1111110002
110241  -53.807  -24.857  20.943 0.1111110002
46166  -54.152  -27.586  21.102 0.1111110002
44088  -55.061  -29.188  20.984 0.1111110002
43145  -56.867  -30.984  20.312 0.1111110002
51895  -53.819  -21.619  21.150 0.1111110002
127151  -54.116  -23.212  21.186 0.1111110002
44094  -54.766  -29.215  20.347 0.1111110002
44095  -55.430  -29.816  20.486 0.1111110002
52898  -52.797  -20.898  20.108 0.1111110002
114641  -57.887  -31.132  22.033 0.1111110002
50906  -54.966  -22.652  21.594 0.1111110002
111352  -55.234  -24.108  21.754 0.1111110002
48030  -55.498  -25.500  21.959 0.1111110002
47150  -55.448  -26.345  21.931 0.1111110002
43142  -57.685  -30.986  21.455 0.1111110002
46161  -55.579  -27.170  21.946 0.1111110002
44090  -56.687  -29.752  21.590 0.1111110002
43141  -57.115  -30.599  21.163 0.1111110002
44089  -55.781  -29.464  21.254 0.1111110002
53993  -54.013  -19.938  21.707 0.1111110002
52890  -53.674  -20.639  21.257 0.1111110002
53992  -53.181  -19.569  21.247 0.1111110002
110039  -55.851  -21.093  17.678 0.1111110002
54052  -61.424  -19.540  16.621 0.1111110002
126640  -61.557  -18.959  16.909 0.1111110002
54064  -61.300  -19.700  16.162 0.1111110002
43130  -57.806  -31.243  23.660 0.1111110002
110141  -55.819  -19.606  22.647 0.1111110002
52887  -56.366  -20.274  22.569 0.1111110002
51890  -56.541  -21.510  22.318 0.1111110002
50900  -56.205  -22.384  22.141 0.1111110002
43138  -57.623  -30.465  22.556 0.1111110002
53988  -55.640  -18.854  22.941 0.1111110002
48950  -56.440  -24.061  22.343 0.1111110002
111193  -56.464  -25.058  22.426 0.1111110002
44085  -57.354  -29.509  22.749 0.1111110002
51897  -55.678  -20.924  22.172 0.1111110002
48955  -55.627  -24.741  22.016 0.1111110002
48024  -56.356  -25.924  22.370 0.1111110002
46162  -56.554  -27.277  22.365 0.1111110002
45088  -57.039  -29.113  22.311 0.1111110002
44091  -57.372  -30.192  21.958 0.1111110002
114522  -54.945  -19.237  22.505 0.1111110002
52886  -54.792  -19.799  22.188 0.1111110002
46168  -55.907  -27.990  21.973 0.1111110002
45087  -56.290  -28.848  21.875 0.1111110002
53987  -53.976  -19.209  22.058 0.1111110002
52899  -52.924  -20.326  20.602 0.1111110002
52903  -52.666  -20.130  19.899 0.1111110002
52904  -52.953  -20.381  19.115 0.1111110002
52907  -53.465  -20.501  18.621 0.1111110002
54035  -55.813  -20.261  17.920 0.1111110002
54983  -59.974  -18.196  18.662 0.1111110002
55942  -60.884  -17.473  18.352 0.1111110002
52924  -56.631  -20.869  17.692 0.1111110002
54037  -58.019  -19.904  18.043 0.1111110002
54018  -59.556  -19.012  18.379 0.1111110002
54019  -60.533  -18.927  18.275 0.1111110002
54984  -60.763  -18.127  18.406 0.1111110002
55943  -61.309  -18.037  18.008 0.1111110002
54998  -61.216  -18.800  17.979 0.1111110002
52928  -60.634  -20.299  17.455 0.1111110002
54040  -61.032  -19.594  17.776 0.1111110002
54041  -61.443  -19.303  17.296 0.1111110002
55010  -61.556  -18.429  16.902 0.1111110002
55027  -61.387  -18.903  16.490 0.1111110002
47132  -55.307  -25.612  25.100 0.1111110002
44027  -57.679  -28.587  27.442 0.1111110002
48011  -54.692  -24.992  24.496 0.1111110002
108882  -57.560  -30.278  24.224 0.1111110002
109068  -57.570  -30.164  23.321 0.1111110002
130493  -56.524  -19.128  23.211 0.1111110002
53989  -56.976  -19.706  23.115 0.1111110002
123753  -56.738  -20.828  22.519 0.1111110002
49910  -56.959  -23.051  22.426 0.1111110002
49917  -55.773  -23.284  21.966 0.1111110002
125054  -57.459  -28.236  22.992 0.1111110002
54946  -55.325  -18.109  23.182 0.1111110002
54951  -54.615  -18.614  22.604 0.1111110002
54956  -53.210  -18.743  21.591 0.1111110002
53999  -52.732  -19.442  20.522 0.1111110002
54002  -52.655  -19.162  19.896 0.1111110002
54003  -52.973  -19.559  19.316 0.1111110002
54013  -54.227  -19.585  18.475 0.1111110002
54978  -54.537  -18.761  18.568 0.1111110002
54012  -53.456  -19.873  18.759 0.1111110002
126330  -53.969  -20.203  18.428 0.1111110002
54014  -55.209  -19.442  18.262 0.1111110002
55938  -57.241  -17.654  18.659 0.1111110002
55939  -58.309  -17.592  18.781 0.1111110002
55940  -59.369  -17.460  18.873 0.1111110002
55941  -60.272  -17.281  18.763 0.1111110002
56834  -60.306  -16.041  18.845 0.1111110002
57659  -60.588  -15.849  18.313 0.1111110002
52909  -54.732  -20.214  18.181 0.1111110002
54015  -56.270  -19.320  18.152 0.1111110002
54981  -57.828  -18.384  18.492 0.1111110002
54982  -58.924  -18.299  18.633 0.1111110002
56849  -60.683  -16.663  18.466 0.1111110002
56850  -61.220  -17.238  17.848 0.1111110002
54036  -56.941  -20.050  17.975 0.1111110002
54016  -57.361  -19.202  18.219 0.1111110002
54017  -58.458  -19.100  18.327 0.1111110002
56863  -61.052  -16.393  17.651 0.1111110002
56879  -61.003  -16.157  16.755 0.1111110002
125595  -60.645  -15.404  16.726 0.1111110002
57693  -60.561  -15.528  16.121 0.1111110002
54881  -49.560  -18.188  28.379 0.1111110002
54893  -49.228  -18.490  27.655 0.1111110002
113934  -48.634  -18.755  25.866 0.1111110002
53966  -49.093  -19.196  23.765 0.1111110002
53986  -49.995  -20.139  22.908 0.1111110002
51889  -51.099  -20.980  22.818 0.1111110002
50891  -52.725  -22.443  23.341 0.1111110002
49900  -53.187  -23.185  23.518 0.1111110002
46103  -57.724  -26.936  28.026 0.1111110002
49891  -54.776  -23.527  24.239 0.1111110002
48012  -55.819  -24.868  25.026 0.1111110002
47120  -57.058  -25.707  26.331 0.1111110002
47108  -58.233  -25.863  26.592 0.1111110002
46115  -58.377  -26.182  26.739 0.1111110002
45050  -57.953  -27.916  26.994 0.1111110002
55870  -57.366  -17.600  26.054 0.1111110002
54915  -57.557  -18.293  25.664 0.1111110002
44050  -57.626  -29.109  26.092 0.1111110002
54933  -57.530  -18.077  25.266 0.1111110002
44069  -57.592  -29.178  24.928 0.1111110002
125193  -57.265  -17.470  25.273 0.1111110002
55902  -57.066  -17.817  24.548 0.1111110002
54948  -57.550  -18.554  24.542 0.1111110002
53983  -57.418  -19.116  23.798 0.1111110002
52881  -57.908  -19.847  23.703 0.1111110002
127186  -57.562  -29.351  24.033 0.1111110002
52888  -57.402  -20.370  22.958 0.1111110002
51891  -57.541  -21.111  22.740 0.1111110002
55901  -56.014  -17.554  23.876 0.1111110002
54947  -56.595  -18.399  23.668 0.1111110002
48951  -57.660  -24.544  22.741 0.1111110002
48025  -57.354  -25.528  22.725 0.1111110002
47146  -57.164  -26.460  22.658 0.1111110002
46163  -57.400  -27.302  22.790 0.1111110002
56809  -55.494  -16.717  24.108 0.1111110002
55900  -54.872  -17.347  23.390 0.1111110002
55906  -54.261  -17.841  22.749 0.1111110002
54950  -53.641  -18.343  22.179 0.1111110002
55913  -52.858  -18.014  21.623 0.1111110002
54955  -52.666  -18.637  21.016 0.1111110002
54961  -52.608  -18.770  20.389 0.1111110002
54964  -52.707  -18.369  19.947 0.1111110002
55920  -53.207  -17.821  19.596 0.1111110002
54965  -53.086  -18.705  19.420 0.1111110002
54966  -53.825  -18.214  19.011 0.1111110002
55937  -56.135  -17.686  18.601 0.1111110002
56845  -56.746  -16.898  18.871 0.1111110002
56846  -57.759  -16.913  18.961 0.1111110002
54979  -55.627  -18.565  18.412 0.1111110002
56847  -58.751  -16.813  19.033 0.1111110002
55922  -59.650  -16.628  19.069 0.1111110002
56848  -60.179  -16.460  18.926 0.1111110002
57658  -60.110  -15.424  18.809 0.1111110002
54980  -56.729  -18.465  18.387 0.1111110002
58533  -60.392  -14.928  17.205 0.1111110002
59404  -60.081  -14.337  16.867 0.1111110002
54892  -48.943  -17.925  26.981 0.1111110002
55852  -48.960  -17.464  26.301 0.1111110002
55864  -48.793  -17.935  25.480 0.1111110002
55897  -50.051  -17.928  23.820 0.1111110002
118139  -54.176  -16.779  26.449 0.1111110002
54943  -49.535  -18.618  23.727 0.1111110002
53981  -51.250  -19.411  23.364 0.1111110002
108767  -52.200  -19.891  23.597 0.1111110002
127560  -55.828  -16.751  27.072 0.1111110002
56779  -54.982  -17.239  26.633 0.1111110002
55853  -56.095  -17.339  26.874 0.1111110002
53980  -50.387  -19.556  23.140 0.1111110002
52878  -51.724  -20.500  23.197 0.1111110002
50892  -53.575  -22.270  23.690 0.1111110002
55868  -55.498  -17.992  26.373 0.1111110002
49901  -54.197  -22.910  23.892 0.1111110002
120369  -55.289  -24.196  24.564 0.1111110002
126653  -57.117  -24.825  25.479 0.1111110002
47989  -57.881  -25.420  26.154 0.1111110002
55869  -56.572  -17.837  26.485 0.1111110002
110874  -57.022  -18.338  26.018 0.1111110002
53951  -57.486  -18.813  25.520 0.1111110002
53970  -57.889  -19.165  25.083 0.1111110002
47121  -58.631  -25.847  25.844 0.1111110002
46130  -58.222  -26.855  27.206 0.1111110002
45072  -58.000  -27.897  25.816 0.1111110002
55854  -56.780  -17.256  26.624 0.1111110002
53952  -57.755  -18.705  25.153 0.1111110002
52882  -58.225  -20.106  24.178 0.1111110002
110824  -58.413  -20.739  23.958 0.1111110002
53984  -57.898  -19.349  24.555 0.1111110002
51884  -58.545  -21.445  23.630 0.1111110002
50902  -58.530  -22.084  23.048 0.1111110002
51892  -58.161  -20.708  23.504 0.1111110002
110319  -58.199  -21.441  23.021 0.1111110002
50903  -58.903  -22.653  23.242 0.1111110002
48953  -59.180  -23.704  23.486 0.1111110002
48019  -58.878  -25.266  23.693 0.1111110002
47133  -58.386  -26.772  24.221 0.1111110002
109562  -57.866  -27.747  23.861 0.1111110002
49911  -58.242  -22.902  22.745 0.1111110002
49912  -58.939  -23.183  23.166 0.1111110002
48952  -58.765  -24.471  23.241 0.1111110002
48026  -58.243  -25.170  23.045 0.1111110002
47141  -58.376  -26.231  23.668 0.1111110002
55886  -56.649  -17.097  24.689 0.1111110002
50901  -57.573  -22.034  22.527 0.1111110002
119287  -57.575  -23.660  22.629 0.1111110002
47147  -58.071  -25.902  23.085 0.1111110002
46158  -57.879  -27.108  23.426 0.1111110002
109052  -57.541  -28.872  23.514 0.1111110002
113936  -54.471  -16.670  23.480 0.1111110002
55904  -52.690  -17.150  21.673 0.1111110002
55912  -52.467  -17.648  21.000 0.1111110002
59401  -59.541  -13.939  18.255 0.1111110002
60245  -59.390  -13.276  17.267 0.1111110002
60247  -59.499  -13.055  16.400 0.1111110002
116215  -54.069  -17.239  19.250 0.1111110002
55921  -54.828  -17.061  18.984 0.1111110002
56830  -56.387  -16.139  19.130 0.1111110002
57655  -59.212  -15.224  19.378 0.1111110002
58527  -59.772  -14.636  18.667 0.1111110002
59403  -59.670  -13.849  17.469 0.1111110002
55936  -54.932  -17.752  18.755 0.1111110002
56844  -55.609  -16.843  18.905 0.1111110002
56831  -57.369  -16.196  19.169 0.1111110002
125927  -58.205  -16.288  19.201 0.1111110002
59413  -59.811  -13.746  16.621 0.1111110002
56832  -59.026  -16.035  19.277 0.1111110002
56833  -59.816  -15.829  19.165 0.1111110002
58532  -59.931  -14.452  17.778 0.1111110002
59435  -60.008  -13.670  15.884 0.1111110002
59414  -60.308  -14.281  15.866 0.1111110002
59436  -60.364  -13.915  15.269 0.1111110002
55867  -53.902  -17.276  26.016 0.1111110002
52880  -53.390  -20.879  23.851 0.1111110002
50893  -54.474  -22.059  24.008 0.1111110002
118649  -56.252  -18.369  26.160 0.1111110002
124893  -56.341  -19.134  25.681 0.1111110002
50882  -55.211  -22.609  24.287 0.1111110002
49892  -55.760  -23.410  24.512 0.1111110002
48936  -57.727  -23.986  25.002 0.1111110002
53969  -57.452  -19.477  25.246 0.1111110002
114773  -57.977  -19.691  24.701 0.1111110002
52870  -58.119  -20.421  24.273 0.1111110002
48924  -58.979  -24.658  25.189 0.1111110002
48923  -58.316  -24.716  25.445 0.1111110002
46131  -58.436  -26.659  26.044 0.1111110002
56763  -56.479  -16.692  26.840 0.1111110002
51879  -58.669  -21.873  23.968 0.1111110002
48938  -59.206  -24.091  24.557 0.1111110002
47134  -58.871  -25.778  24.646 0.1111110002
56781  -57.063  -16.735  26.333 0.1111110002
49902  -59.273  -22.983  23.775 0.1111110002
48944  -59.330  -24.325  23.939 0.1111110002
48013  -59.194  -24.847  24.616 0.1111110002
46150  -58.583  -26.438  25.144 0.1111110002
50894  -58.929  -22.229  23.695 0.1111110002
46149  -58.219  -27.323  24.897 0.1111110002
109054  -57.758  -28.375  24.463 0.1111110002
56795  -57.134  -16.854  25.552 0.1111110002
56794  -56.489  -16.357  24.952 0.1111110002
55899  -53.889  -17.056  22.924 0.1111110002
55905  -53.314  -17.527  22.279 0.1111110002
60239  -58.579  -13.060  18.938 0.1111110002
59400  -59.069  -13.388  18.546 0.1111110002
60241  -58.976  -12.943  17.882 0.1111110002
61141  -59.373  -12.369  15.832 0.1111110002
118222  -52.511  -16.829  21.172 0.1111110002
115552  -52.652  -16.871  20.554 0.1111110002
59397  -58.808  -13.768  19.175 0.1111110002
60242  -59.339  -13.463  17.915 0.1111110002
55916  -52.713  -17.610  20.198 0.1111110002
129095  -54.008  -16.608  19.479 0.1111110002
56829  -54.706  -16.504  19.258 0.1111110002
117981  -55.502  -16.046  19.234 0.1111110002
57653  -56.998  -15.428  19.374 0.1111110002
57654  -58.171  -15.473  19.412 0.1111110002
58525  -59.319  -14.528  19.192 0.1111110002
60256  -60.015  -13.214  15.348 0.1111110002
58524  -58.636  -14.552  19.452 0.1111110002
59461  -60.528  -13.771  14.466 0.1111110002
59327  -52.301  -13.525  28.447 0.1111110002
58449  -52.287  -14.107  27.756 0.1111110002
58466  -52.907  -14.726  27.167 0.1111110002
58465  -51.799  -14.823  27.082 0.1111110002
57599  -53.607  -15.391  26.952 0.1111110002
57613  -52.854  -15.943  26.174 0.1111110002
57598  -52.381  -15.287  26.542 0.1111110002
56761  -53.907  -16.187  26.646 0.1111110002
53950  -55.494  -18.611  25.882 0.1111110002
56762  -54.987  -16.444  26.912 0.1111110002
52869  -57.489  -20.207  24.764 0.1111110002
51878  -58.338  -21.225  24.045 0.1111110002
48937  -58.781  -23.971  24.908 0.1111110002
49895  -59.137  -23.330  24.379 0.1111110002
116841  -59.358  -23.646  24.049 0.1111110002
56780  -56.961  -16.108  25.811 0.1111110002
56793  -55.596  -15.890  24.599 0.1111110002
56808  -54.627  -16.024  23.891 0.1111110002
57638  -53.185  -15.332  22.971 0.1111110002
56807  -53.649  -16.164  23.148 0.1111110002
58504  -53.018  -14.688  22.685 0.1111110002
116245  -52.909  -15.920  22.469 0.1111110002
57637  -52.741  -15.238  22.066 0.1111110002
56815  -53.060  -16.680  22.389 0.1111110002
56814  -52.608  -16.210  21.690 0.1111110002
57640  -52.647  -15.482  21.223 0.1111110002
58511  -52.865  -15.004  20.874 0.1111110002
56822  -52.582  -16.190  20.910 0.1111110002
58512  -53.320  -14.825  20.472 0.1111110002
58520  -53.987  -15.054  19.898 0.1111110002
58521  -54.721  -14.542  19.728 0.1111110002
125539  -58.126  -13.945  19.463 0.1111110002
60240  -58.573  -12.669  18.447 0.1111110002
60244  -58.993  -12.631  17.203 0.1111110002
57644  -53.390  -15.729  20.134 0.1111110002
115961  -55.458  -14.928  19.537 0.1111110002
117163  -56.436  -14.597  19.512 0.1111110002
58523  -57.613  -14.630  19.498 0.1111110002
56823  -52.920  -16.215  20.389 0.1111110002
57650  -54.103  -15.968  19.653 0.1111110002
118695  -54.724  -15.302  19.587 0.1111110002
57652  -56.028  -15.450  19.364 0.1111110002
60273  -60.342  -13.019  14.556 0.1111110002
120032  -60.642  -13.137  13.785 0.1111110002
58467  -53.813  -14.749  27.425 0.1111110002
57600  -54.880  -15.683  27.184 0.1111110002
56778  -53.318  -16.649  25.986 0.1111110002
49894  -58.303  -23.016  24.574 0.1111110002
57601  -56.034  -15.957  27.102 0.1111110002
50885  -58.302  -21.985  24.255 0.1111110002
50886  -58.951  -22.514  24.160 0.1111110002
57614  -56.664  -16.018  26.498 0.1111110002
124921  -56.389  -15.755  25.279 0.1111110002
57619  -54.825  -15.312  24.423 0.1111110002
57632  -53.966  -15.373  23.690 0.1111110002
58503  -52.842  -14.360  22.073 0.1111110002
58506  -52.776  -14.750  21.386 0.1111110002
58507  -52.936  -14.009  21.364 0.1111110002
114154  -53.276  -13.940  20.738 0.1111110002
58513  -53.984  -14.053  20.143 0.1111110002
124714  -54.817  -13.795  19.816 0.1111110002
60238  -58.080  -12.469  18.940 0.1111110002
61135  -58.509  -12.122  17.808 0.1111110002
61137  -58.634  -11.955  17.152 0.1111110002
58522  -55.530  -14.139  19.626 0.1111110002
117127  -56.920  -13.089  19.517 0.1111110002
60237  -57.318  -12.403  19.298 0.1111110002
115251  -57.237  -13.837  19.524 0.1111110002
59244  -50.431  -13.425  35.239 0.2222220004
124329  -50.927  -13.712  34.369 0.2222220004
58396  -50.824  -13.990  33.397 0.1111110002
60075  -50.521  -12.722  35.075 0.2222220004
60095  -50.664  -12.168  33.768 0.2222220004
112649  -50.776  -12.721  32.910 0.1111110002
60129  -51.662  -11.787  31.221 0.1111110002
60128  -51.008  -12.322  31.546 0.1111110002
59295  -50.563  -13.073  30.919 0.1111110002
59301  -51.536  -12.804  29.730 0.1111110002
59300  -50.692  -13.245  30.000 0.1111110002
59312  -52.840  -13.041  28.887 0.1111110002
58438  -51.294  -13.852  28.493 0.1111110002
118199  -51.118  -14.524  27.698 0.1111110002
58450  -53.444  -14.209  27.734 0.1111110002
59328  -53.121  -13.588  28.269 0.1111110002
56777  -52.240  -16.508  25.380 0.1111110002
58451  -54.371  -14.290  27.725 0.1111110002
57612  -51.789  -15.752  25.827 0.1111110002
55885  -53.688  -17.870  25.469 0.1111110002
54914  -54.559  -18.361  25.691 0.1111110002
117772  -55.184  -19.853  24.970 0.1111110002
123063  -56.448  -20.044  25.072 0.1111110002
54932  -54.816  -19.075  25.326 0.1111110002
108611  -56.455  -20.866  24.660 0.1111110002
51877  -57.541  -21.240  24.434 0.1111110002
50884  -57.261  -22.322  24.464 0.1111110002
108760  -56.285  -15.151  26.643 0.1111110002
120491  -56.616  -15.418  25.936 0.1111110002
127154  -56.113  -14.388  26.386 0.1111110002
58474  -55.751  -13.936  25.712 0.1111110002
57620  -55.845  -15.222  25.134 0.1111110002
59355  -54.934  -13.586  24.859 0.1111110002
60192  -54.852  -12.789  24.751 0.1111110002
57618  -54.273  -14.790  24.161 0.1111110002
59354  -54.213  -14.085  24.196 0.1111110002
59369  -54.131  -13.120  24.020 0.1111110002
60206  -53.783  -12.381  23.313 0.1111110002
59368  -53.633  -13.779  23.543 0.1111110002
58495  -53.562  -14.581  23.478 0.1111110002
108047  -53.416  -13.133  22.999 0.1111110002
124977  -53.296  -12.728  22.183 0.1111110002
59381  -53.145  -13.993  22.838 0.1111110002
59383  -53.054  -13.535  22.096 0.1111110002
61992  -56.417  -10.863  19.353 0.1111110002
61993  -57.036  -11.098  19.006 0.1111110002
59387  -53.236  -13.132  21.244 0.1111110002
60229  -53.702  -12.483  20.713 0.1111110002
60230  -55.262  -12.224  19.869 0.1111110002
61123  -55.935  -11.503  19.665 0.1111110002
61124  -56.791  -11.650  19.328 0.1111110002
61125  -57.520  -11.741  18.958 0.1111110002
62008  -57.474  -11.003  18.428 0.1111110002
59388  -53.650  -13.297  20.545 0.1111110002
59394  -54.430  -12.993  20.095 0.1111110002
59395  -55.540  -13.212  19.715 0.1111110002
60236  -56.304  -12.443  19.588 0.1111110002
126440  -56.262  -13.105  19.595 0.1111110002
125491  -49.966  -12.781  35.247 0.2222220004
60086  -50.457  -12.096  34.516 0.2222220004
125617  -50.585  -11.459  33.968 0.2222220004
60109  -50.935  -12.087  32.664 0.2222220004
60968  -48.622  -10.980  32.903 0.2222220004
60137  -52.050  -12.160  30.321 0.1111110002
59313  -53.604  -13.024  28.705 0.1111110002
60138  -53.001  -12.001  30.171 0.1111110002
59329  -53.955  -13.684  28.169 0.1111110002
58452  -55.243  -14.244  27.414 0.1111110002
59330  -54.629  -13.624  27.892 0.1111110002
58468  -55.650  -15.058  27.163 0.1111110002
58453  -55.597  -13.817  27.112 0.1111110002
58469  -55.909  -14.420  26.940 0.1111110002
59350  -55.758  -13.684  26.503 0.1111110002
113421  -55.498  -12.888  26.397 0.1111110002
59349  -55.401  -13.023  25.636 0.1111110002
60207  -54.505  -12.025  24.147 0.1111110002
61069  -53.964  -11.560  23.216 0.1111110002
61077  -53.975  -10.757  22.747 0.1111110002
129956  -53.483  -12.547  22.759 0.1111110002
130475  -53.732  -11.375  22.591 0.1111110002
61087  -53.618  -11.268  21.887 0.1111110002
60225  -53.414  -12.162  21.545 0.1111110002
61107  -53.766  -11.590  20.975 0.1111110002
61108  -54.352  -11.043  20.635 0.1111110002
61109  -55.055  -11.272  20.043 0.1111110002
61991  -55.674  -10.662  19.782 0.1111110002
118010  -54.394  -11.927  20.357 0.1111110002
61134  -58.073  -11.905  18.452 0.1111110002
60956  -49.148  -11.560  34.057 0.2222220004
60085  -49.953  -12.133  34.792 0.2222220004
60984  -51.687  -10.649  32.743 0.2222220004
61001  -52.122  -10.969  31.936 0.2222220004
60130  -52.543  -11.466  30.987 0.1111110002
61002  -52.974  -10.647  31.652 0.2222220004
60131  -53.360  -11.304  30.717 0.1111110002
60154  -53.890  -12.428  29.121 0.1111110002
60140  -54.143  -11.788  29.551 0.1111110002
59314  -54.202  -13.033  28.467 0.1111110002
61019  -54.843  -12.002  28.213 0.1111110002
60170  -54.722  -12.875  28.072 0.1111110002
60181  -55.372  -12.307  26.800 0.1111110002
59331  -55.137  -13.426  27.502 0.1111110002
60171  -55.127  -12.579  27.511 0.1111110002
61040  -55.445  -11.381  26.451 0.1111110002
59343  -55.451  -13.148  26.990 0.1111110002
60187  -55.387  -12.195  26.004 0.1111110002
61941  -55.381  -10.557  25.263 0.1111110002
61049  -55.339  -11.338  25.599 0.1111110002
61055  -55.025  -11.199  24.747 0.1111110002
61048  -55.120  -12.109  25.147 0.1111110002
61070  -54.509  -10.944  23.809 0.1111110002
110767  -54.138  -9.920  22.506 0.1111110002
61965  -53.880  -10.391  21.827 0.1111110002
61980  -54.224  -10.269  21.044 0.1111110002
125060  -54.571  -9.637  20.853 0.1111110002
61088  -53.924  -10.902  21.245 0.1111110002
121312  -55.542  -9.970  19.945 0.1111110002
62007  -56.797  -10.221  18.855 0.1111110002
61851  -51.074  -9.694  33.399 0.2222220004
60985  -52.397  -10.035  32.644 0.2222220004
62700  -50.737  -8.967  32.880 0.2222220004
61852  -51.992  -9.371  33.152 0.2222220004
122850  -52.756  -9.162  32.837 0.2222220004
61864  -53.283  -9.588  32.116 0.2222220004
61865  -53.241  -8.389  32.375 0.2222220004
61004  -54.173  -10.292  30.647 0.1111110002
61008  -54.418  -10.905  29.914 0.1111110002
61020  -55.073  -10.932  28.460 0.1111110002
61032  -55.303  -11.438  27.458 0.1111110002
61924  -55.617  -10.352  26.920 0.1111110002
111261  -55.668  -9.555  25.505 0.1111110002
62803  -55.539  -9.150  24.790 0.1111110002
62811  -55.132  -9.189  23.952 0.1111110002
63699  -55.252  -8.291  23.642 0.1111110002
62820  -54.539  -9.062  22.861 0.1111110002
61951  -54.539  -10.003  23.396 0.1111110002
61863  -50.268  -9.121  31.653 0.2222220004
62717  -51.656  -8.398  32.642 0.2222220004
116569  -52.421  -8.071  32.381 0.2222220004
62737  -51.817  -8.023  31.827 0.2222220004
62750  -52.100  -8.097  30.726 0.2222220004
62738  -52.947  -7.718  31.630 0.2222220004
62739  -53.766  -7.872  31.653 0.2222220004
61886  -54.645  -9.539  30.254 0.2222220004
120044  -54.865  -10.390  29.352 0.1111110002
61904  -55.261  -9.652  28.823 0.1111110002
62773  -55.631  -8.664  28.401 0.1111110002
61916  -55.471  -10.070  27.893 0.1111110002
120301  -55.838  -9.066  27.436 0.1111110002
62791  -55.845  -9.401  26.468 0.1111110002
125361  -56.031  -8.622  26.156 0.1111110002
110292  -55.930  -8.421  25.471 0.1111110002
62812  -55.689  -8.325  24.586 0.1111110002
63709  -55.490  -7.522  23.452 0.1111110002
63635  -54.016  -7.511  30.467 0.2222220004
63636  -54.628  -7.719  30.137 0.2222220004
63652  -55.555  -7.674  28.765 0.1111110002
61903  -55.080  -9.278  29.581 0.1111110002
62763  -55.298  -8.270  29.317 0.2222220004
63668  -56.194  -7.215  27.283 0.1111110002
62781  -56.174  -8.203  26.988 0.1111110002
63651  -55.049  -7.441  29.307 0.2222220004
63661  -55.357  -7.114  28.346 0.1111110002
123227  -55.893  -6.169  23.197 0.1111110002
63660  -54.728  -6.975  28.648 0.2222220004
65488  -58.499  -5.963  17.076 0.1111110002
130421  -58.705  -6.317  16.606 0.1111110002
64620  -58.128  -7.004  17.535 0.2222220004
64621  -58.576  -7.046  16.843 0.1111110002
64627  -58.928  -6.597  16.220 0.1111110002
63755  -58.868  -7.597  16.257 0.1111110002
64639  -59.309  -6.910  15.426 0.1111110002
63763  -59.092  -8.372  15.731 0.1111110002
119567  -59.647  -6.991  14.367 0.1111110002
116187  -60.182  -7.215  9.398 0.2222220004
64702  -60.423  -7.636  8.447 0.1111110002
64715  -60.174  -7.482  7.633 0.2222220004
64746  -60.152  -7.598  6.283 0.2222220004
108967  -60.063  -7.164  6.349 0.2222220004
64754  -59.988  -7.420  5.466 0.2222220004
111157  -59.658  -6.482  5.383 0.2222220004
64753  -59.916  -7.092  4.812 0.2222220004
65603  -59.230  -5.990  5.331 0.2222220004
65604  -59.675  -6.468  4.959 0.2222220004
65613  -59.157  -5.693  4.601 0.2222220004
64761  -59.377  -6.638  4.375 0.2222220004
66336  -58.313  -5.115  17.112 0.2222220004
65495  -58.793  -5.929  16.303 0.2222220004
66354  -58.353  -5.130  15.783 0.1111110002
65508  -58.816  -5.570  15.665 0.1111110002
64628  -59.076  -6.106  15.801 0.1111110002
66363  -58.957  -5.513  14.956 0.1111110002
65521  -59.304  -5.906  14.492 0.1111110002
65530  -59.125  -5.617  13.407 0.1111110002
129097  -59.535  -6.211  13.695 0.1111110002
64693  -60.233  -6.916  10.280 0.2222220004
64701  -60.021  -7.279  8.620 0.2222220004
62751  -53.206  -7.592  30.613 0.2222220004
67269  -57.444  -4.381  18.391 0.1111110002
62740  -54.147  -7.867  30.956 0.2222220004
65520  -58.759  -5.412  14.282 0.1111110002
63662  -55.972  -7.663  27.957 0.1111110002
64730  -60.168  -7.422  6.837 0.2222220004
64745  -60.003  -6.867  5.589 0.2222220004
64692  -59.857  -6.636  10.271 0.2222220004
60970  -50.761  -10.663  33.622 0.2222220004
62736  -51.021  -8.493  32.073 0.2222220004
48029  -54.612  -25.947  21.531 0.1111110002
121770  -53.580  -26.035  20.486 0.1111110002
46171  -53.795  -27.165  20.540 0.1111110002
47156  -53.620  -26.557  19.968 0.1111110002
45091  -54.402  -28.630  20.197 0.1111110002
43144  -56.084  -30.659  19.764 0.1111110002
52892  -55.461  -20.229  22.285 0.1111110002
46167  -54.941  -27.818  21.531 0.1111110002
45085  -54.509  -28.511  20.962 0.1111110002
47145  -56.226  -26.634  22.292 0.1111110002
54999  -61.516  -18.578  17.431 0.1111110002
109179  -58.025  -31.506  22.819 0.1111110002
45082  -56.866  -28.119  22.398 0.1111110002
54039  -60.177  -19.730  18.070 0.1111110002
54038  -59.094  -19.793  18.095 0.1111110002
55955  -61.533  -17.853  17.311 0.1111110002
55967  -61.356  -17.854  16.636 0.1111110002
54977  -53.577  -19.092  18.836 0.1111110002
56880  -61.400  -17.037  17.051 0.1111110002
57671  -60.725  -15.606  17.463 0.1111110002
55966  -61.123  -16.948  16.557 0.1111110002
54868  -49.926  -17.979  29.160 0.1111110002
55843  -49.229  -17.624  27.731 0.1111110002
54902  -48.741  -18.164  26.292 0.1111110002
54903  -48.848  -18.862  26.838 0.1111110002
54928  -48.967  -18.676  24.209 0.1111110002
53979  -49.632  -19.460  23.348 0.1111110002
52866  -48.633  -19.650  24.344 0.1111110002
52876  -49.326  -20.328  23.201 0.1111110002
52885  -50.379  -20.699  22.762 0.1111110002
51882  -51.984  -21.274  23.148 0.1111110002
50899  -51.249  -21.910  22.735 0.1111110002
51888  -50.341  -21.401  22.645 0.1111110002
114714  -52.193  -21.959  23.119 0.1111110002
51883  -52.913  -21.570  23.544 0.1111110002
48943  -53.914  -23.792  23.840 0.1111110002
46114  -58.019  -26.316  27.315 0.1111110002
48934  -54.480  -24.235  24.218 0.1111110002
48935  -56.408  -24.105  24.868 0.1111110002
129438  -57.137  -25.355  25.911 0.1111110002
114081  -58.495  -23.742  22.913 0.1111110002
118474  -57.864  -26.621  23.094 0.1111110002
56828  -53.304  -16.747  19.849 0.1111110002
124330  -59.705  -15.111  19.150 0.1111110002
58528  -60.269  -15.125  18.083 0.1111110002
58545  -60.442  -14.897  16.320 0.1111110002
55842  -49.085  -17.109  27.094 0.1111110002
113600  -49.244  -17.487  24.819 0.1111110002
55880  -48.920  -18.126  24.684 0.1111110002
55881  -49.886  -17.326  24.356 0.1111110002
116705  -49.398  -17.981  24.187 0.1111110002
52877  -50.884  -20.145  22.947 0.1111110002
129057  -51.510  -19.973  23.241 0.1111110002
52879  -52.599  -20.716  23.552 0.1111110002
125838  -54.492  -17.778  26.073 0.1111110002
51874  -53.906  -21.426  23.904 0.1111110002
48004  -58.495  -25.342  25.701 0.1111110002
48005  -58.960  -25.225  25.285 0.1111110002
57651  -54.868  -15.857  19.418 0.1111110002
59398  -59.339  -14.031  18.824 0.1111110002
125704  -55.319  -15.511  19.424 0.1111110002
59311  -51.916  -13.163  29.018 0.1111110002
57643  -52.905  -15.566  20.633 0.1111110002
114775  -57.944  -13.186  19.310 0.1111110002
59396  -56.302  -13.675  19.568 0.1111110002
61159  -60.652  -12.302  13.304 0.1111110002
57582  -54.695  -14.948  27.481 0.1111110002
58475  -56.194  -14.693  25.816 0.1111110002
59254  -50.710  -12.893  34.528 0.2222220004
60110  -51.398  -11.469  32.272 0.2222220004
60136  -51.169  -12.532  30.564 0.1111110002
58431  -50.326  -14.036  29.350 0.1111110002
60152  -52.472  -12.573  29.557 0.1111110002
60153  -53.324  -12.474  29.393 0.1111110002
58481  -55.154  -14.510  24.880 0.1111110002
60217  -53.535  -11.978  22.509 0.1111110002
60983  -50.994  -11.122  33.268 0.2222220004
61981  -54.909  -10.317  20.334 0.1111110002
60971  -51.507  -10.179  33.224 0.2222220004
61003  -53.937  -11.216  30.366 0.1111110002
60139  -53.666  -11.901  29.911 0.1111110002
60155  -54.369  -12.313  28.745 0.1111110002
119448  -54.604  -11.478  29.051 0.1111110002
61940  -55.136  -10.110  24.494 0.1111110002
112019  -53.694  -10.401  31.188 0.2222220004
61885  -54.116  -8.969  31.391 0.2222220004
61932  -55.583  -10.462  26.008 0.1111110002
63629  -53.686  -7.601  31.137 0.2222220004
62752  -54.568  -8.371  30.608 0.2222220004
62762  -54.984  -8.376  30.016 0.2222220004
129288  -55.062  -7.793  29.783 0.2222220004
65509  -59.170  -5.892  15.282 0.1111110002
63764  -59.498  -8.147  14.917 0.1111110002
64660  -59.932  -7.017  13.480 0.1111110002
64731  -60.461  -7.764  7.006 0.1111110002
114602  -59.935  -7.092  5.918 0.2222220004
66424  -58.781  -5.208  5.337 0.2222220004
27542  -8.050  -47.431  50.647 0.1111110002
25886  -4.726  -49.674  47.445 0.1111110002
25894  -4.695  -50.033  46.903 0.1111110002
114146  -5.609  -50.256  46.615 0.1111110002
26697  -7.407  -47.644  50.051 0.1111110002
27547  -6.504  -47.653  49.586 0.1111110002
26709  -5.294  -49.462  48.209 0.1111110002
112134  -4.784  -50.040  45.940 0.1111110002
27561  -4.598  -48.521  47.334 0.1111110002
27569  -4.326  -48.546  46.686 0.1111110002
25901  -4.006  -49.296  44.888 0.1111110002
27573  -4.107  -47.800  45.544 0.1111110002
29315  -4.579  -45.885  45.667 0.1111110002
30254  -4.791  -45.276  45.899 0.1111110002
29314  -4.364  -46.146  45.364 0.1111110002
110803  -4.257  -44.051  45.513 0.1111110002
29326  -4.120  -45.959  44.820 0.1111110002
30253  -4.434  -43.721  45.716 0.1111110002
127210  -4.062  -44.342  45.147 0.1111110002
31138  -4.553  -43.027  45.900 0.1111110002
31959  -4.648  -42.251  46.115 0.1111110002
31147  -4.161  -43.195  45.607 0.1111110002
31139  -4.971  -42.625  46.225 0.1111110002
31155  -3.915  -43.623  45.157 0.1111110002
110604  -4.728  -43.960  45.953 0.1111110002
108682  -3.863  -44.140  44.515 0.1111110002
31958  -4.312  -42.445  45.883 0.1111110002
113725  -4.097  -41.980  45.801 0.1111110002
31953  -5.261  -41.579  46.574 0.1111110002
109249  -3.818  -42.948  45.138 0.1111110002
115696  -3.745  -43.164  44.468 0.1111110002
33649  -4.722  -40.244  47.055 0.1111110002
32798  -4.866  -40.817  46.702 0.1111110002
32799  -5.176  -40.973  46.706 0.1111110002
32797  -4.434  -40.831  46.542 0.1111110002
31952  -4.923  -41.607  46.450 0.1111110002
32815  -4.144  -41.322  45.983 0.1111110002
31133  -5.535  -42.445  46.357 0.1111110002
130314  -3.668  -41.971  44.705 0.1111110002
33648  -4.361  -40.310  46.804 0.1111110002
33662  -4.207  -40.550  46.298 0.1111110002
33676  -4.076  -40.816  45.432 0.1111110002
31954  -5.622  -41.518  46.611 0.1111110002
50869  -38.208  -22.558  25.265 0.1111110002
62968  -60.362  -8.960  7.026 0.1111110002
122879  -59.936  -9.011  6.265 0.1111110002
62967  -59.853  -9.682  7.001 0.1111110002
59266  -50.795  -13.113  33.651 0.1111110002
63856  -60.550  -8.299  7.171 0.1111110002
63864  -60.014  -8.172  5.795 0.1111110002
62975  -57.801  -9.792  5.903 0.1111110002
62984  -58.891  -9.171  5.291 0.1111110002
63872  -58.661  -8.435  4.666 0.1111110002
112320  -50.825  -15.790  33.818 0.1111110002
58375  -50.200  -14.030  35.282 0.1111110002
123645  -57.059  -9.774  5.817 0.1111110002
63880  -59.283  -7.502  4.324 0.1111110002
120219  -58.064  -6.063  17.875 0.1111110002
124177  -58.181  -5.364  17.652 0.1111110002
63871  -57.514  -8.558  4.795 0.1111110002
63879  -58.219  -7.775  4.252 0.1111110002
64760  -58.748  -7.036  3.960 0.1111110002
125839  -57.211  -7.924  4.520 0.1111110002
64759  -57.517  -7.048  4.078 0.1111110002
65618  -58.563  -6.191  3.975 0.1111110002
62963  -49.695  -9.044  8.396 0.1111110002
63850  -50.283  -8.491  8.316 0.1111110002
62066  -48.272  -10.714  9.606 0.1111110002
117838  -49.171  -10.095  8.995 0.1111110002
66412  -52.078  -5.282  7.909 0.1111110002
112836  -47.387  -10.699  9.651 0.1111110002
62075  -48.540  -10.239  9.185 0.1111110002
63849  -49.030  -8.204  8.050 0.1111110002
64709  -49.803  -7.572  8.268 0.1111110002
64710  -50.654  -7.160  8.533 0.1111110002
65580  -50.924  -6.439  8.621 0.1111110002
121912  -52.356  -4.589  7.620 0.1111110002
62074  -47.805  -10.097  9.141 0.1111110002
119738  -49.209  -9.485  8.614 0.1111110002
65579  -49.987  -6.694  8.610 0.1111110002
66402  -49.319  -6.093  8.655 0.1111110002
66403  -50.184  -5.885  8.814 0.1111110002
67337  -51.510  -4.549  8.272 0.1111110002
111156  -48.819  -5.445  8.726 0.1111110002
67335  -49.192  -4.831  9.114 0.1111110002
120342  -50.712  -4.106  8.756 0.1111110002
67345  -52.269  -3.957  7.699 0.1111110002
63834  -47.894  -8.871  8.178 0.1111110002
112835  -48.402  -9.580  8.697 0.1111110002
70775  -55.250  -1.181  6.851 0.1111110002
69971  -53.633  -1.460  7.557 0.1111110002
67336  -50.283  -4.946  8.882 0.1111110002
69099  -53.133  -2.211  7.468 0.1111110002
68218  -52.287  -3.339  7.794 0.1111110002
69098  -52.687  -2.862  7.580 0.1111110002
70765  -55.943  -0.096  7.361 0.1111110002
70754  -54.616  0.108  7.998 0.1111110002
69972  -54.472  -1.326  7.116 0.1111110002
69961  -53.409  -0.779  8.273 0.1111110002
69960  -52.862  -1.488  8.182 0.1111110002
69089  -52.356  -2.155  8.127 0.1111110002
70753  -53.896  -0.214  8.293 0.1111110002
42858  -37.401  -29.950  49.078 0.1111110002
43807  -37.995  -29.381  48.952 0.1111110002
43808  -38.560  -29.115  49.070 0.1111110002
113522  -18.855  -36.615  51.025 0.1111110002
27574  -4.374  -47.764  46.148 0.1111110002
28437  -4.351  -46.920  45.692 0.1111110002
30200  -9.675  -44.219  52.914 0.1111110002
36276  -19.292  -36.936  50.441 0.1111110002
49877  -37.840  -23.095  25.590 0.1111110002
66335  -57.935  -4.807  17.834 0.1111110002
129786  -58.052  -5.073  6.099 0.1111110002
69979  -54.820  -1.822  6.445 0.1111110002
67346  -52.914  -4.258  7.164 0.1111110002
68219  -52.876  -3.556  7.267 0.1111110002
58376  -50.773  -14.247  34.841 0.1111110002
66433  -58.658  -4.737  4.709 0.1111110002
26718  -4.708  -49.181  47.701 0.1111110002
110058  -4.350  -49.767  46.469 0.1111110002
27556  -6.011  -48.149  49.011 0.1111110002
26724  -4.232  -49.245  46.416 0.1111110002
26717  -4.371  -49.228  47.145 0.1111110002
26723  -4.196  -48.464  46.079 0.1111110002
26729  -3.990  -48.805  45.398 0.1111110002
30263  -4.547  -44.593  45.624 0.1111110002
30262  -4.367  -45.087  45.324 0.1111110002
30274  -4.069  -44.991  44.631 0.1111110002
32816  -4.467  -41.640  46.236 0.1111110002
31163  -3.975  -43.962  43.648 0.1111110002
31966  -3.932  -42.471  45.425 0.1111110002
31972  -3.694  -42.386  44.843 0.1111110002
32826  -3.833  -41.799  45.205 0.1111110002
121149  -4.144  -40.090  45.952 0.1111110002
63865  -60.359  -8.282  6.564 0.1111110002
123041  -59.620  -8.751  5.554 0.1111110002
121442  -59.687  -8.098  4.950 0.1111110002
62983  -57.781  -9.225  5.236 0.1111110002
65578  -49.127  -6.829  8.163 0.1111110002
66404  -51.155  -5.558  8.525 0.1111110002
62962  -48.757  -8.902  8.259 0.1111110002
65587  -48.683  -7.401  7.662 0.1111110002
109961  -49.504  -5.458  8.921 0.1111110002
67334  -48.396  -4.707  8.839 0.1111110002
68210  -51.469  -3.526  8.346 0.1111110002
70764  -55.126  -0.506  7.351 0.1111110002
68209  -50.418  -3.408  8.998 0.1111110002
69097  -51.908  -2.763  8.220 0.1111110002
70763  -54.170  -0.699  7.734 0.1111110002
25893  -4.393  -49.668  46.913 0.1111110002
30266  -8.892  -44.752  45.198 0.1111110002
32794  -28.638  -41.217  48.866 0.1111110002
33632  -30.117  -40.406  49.632 0.2222220004
35430  -12.686  -37.227  53.878 0.1111110002
36255  -13.052  -37.068  53.846 0.1111110002
37930  -16.064  -36.086  52.469 0.2222220004
40697  -35.087  -32.185  49.926 0.2222220004
53978  -49.032  -19.798  23.604 0.1111110002
56789  -49.738  -16.841  25.002 0.1111110002
58489  -42.090  -14.082  22.753 0.1111110002
59245  -50.789  -13.393  34.897 0.2222220004
60190  -49.627  -12.398  23.979 0.7777780294
61053  -50.777  -11.674  24.396 0.7777780294
61129  -46.601  -11.450  18.659 0.4444440007
61957  -47.905  -9.919  22.462 0.7777780294
61977  -49.146  -10.270  20.764 0.7777780294
62006  -53.036  -10.063  17.649 0.6666669846
62701  -51.591  -8.895  33.212 0.2222220004
62718  -52.363  -8.571  33.016 0.2222220004
63705  -48.998  -9.272  21.627 0.7777780294
65453  -51.460  -6.307  21.484 0.6666669846
68119  -55.393  -2.825  21.037 0.6666669846
68120  -55.933  -2.799  20.870 0.6666669846
70722  -55.992  0.640  11.854 0.1111110002
109243  -5.410  -50.066  47.573 0.1111110002
112498  -9.681  -44.218  47.077 0.3333329856
112538  -52.545  -18.212  20.498 0.1111110002
113301  -37.746  -12.413  22.407 0.1111110002
120127  -40.184  -17.742  23.224 0.1111110002
126357  -52.952  -14.478  20.905 0.1111110002
126443  -48.663  -10.624  32.247 0.4444440007
128691  -28.049  -40.731  50.233 0.4444440007
129128  -56.066  -6.574  7.730 0.4444440007
129996  -53.639  -23.617  20.734 0.1111110002
130558  -40.527  -21.601  35.697 0.8888890147
