#!ascii label  , from subject sub-v1s13x0050005_ses-1 vox2ras=TkReg
4855
31937  -18.611  -43.072  52.053 0.1000000015
31946  -18.235  -42.904  49.817 0.1000000015
116553  -17.977  -42.367  51.393 0.1000000015
32757  -16.790  -41.642  51.875 0.1000000015
31941  -17.835  -42.372  50.360 0.1000000015
31945  -17.712  -42.441  49.521 0.1000000015
32776  -17.153  -41.986  49.792 0.1000000015
31950  -17.732  -42.643  48.014 0.1000000015
31956  -17.579  -42.498  47.136 0.1000000015
32818  -16.876  -41.985  46.749 0.1000000015
31964  -17.465  -42.378  46.418 0.1000000015
32832  -16.910  -41.993  45.885 0.1000000015
113490  -17.739  -42.494  45.733 0.1000000015
32843  -17.189  -41.732  44.228 0.1000000015
31225  -27.046  -44.082  36.957 0.2000000030
31244  -25.657  -43.930  36.120 0.2000000030
31242  -23.709  -43.738  36.269 0.2000000030
31243  -24.716  -43.978  36.077 0.2000000030
35436  -13.069  -37.463  53.694 0.2000000030
35437  -13.827  -37.444  53.086 0.3000000119
33600  -13.259  -40.167  51.927 0.1000000015
109583  -13.355  -38.367  52.741 0.2000000030
33610  -13.688  -40.180  50.802 0.1000000015
118456  -13.446  -39.793  51.313 0.1000000015
35444  -13.953  -38.215  52.092 0.3000000119
33601  -13.795  -40.597  51.355 0.1000000015
33611  -14.166  -40.660  50.420 0.1000000015
34532  -13.782  -39.631  50.536 0.1000000015
35443  -13.626  -39.068  51.480 0.2000000030
112578  -16.265  -41.528  51.004 0.1000000015
32761  -15.247  -41.206  50.462 0.1000000015
32773  -14.592  -40.782  49.592 0.1000000015
33628  -14.080  -40.119  49.786 0.1000000015
32762  -16.315  -41.581  50.106 0.2000000030
32775  -16.354  -41.643  49.144 0.1000000015
32805  -16.143  -41.531  47.214 0.1000000015
125738  -16.039  -41.316  46.140 0.3000000119
32831  -16.380  -41.418  45.315 0.1000000015
32842  -16.394  -41.016  44.456 0.1000000015
124361  -16.776  -41.022  43.727 0.1000000015
32855  -17.314  -41.479  43.451 0.1000000015
32867  -17.414  -41.153  42.642 0.1000000015
31227  -28.673  -43.469  37.287 0.2000000030
31246  -27.424  -43.508  36.450 0.2000000030
31247  -28.250  -43.236  36.612 0.2000000030
31226  -27.872  -43.724  37.181 0.2000000030
31268  -26.085  -43.353  35.603 0.2000000030
31245  -26.563  -43.751  36.273 0.2000000030
30394  -26.158  -44.325  36.799 0.2000000030
36263  -16.121  -36.529  52.333 0.3000000119
116533  -13.980  -38.594  51.324 0.3000000119
35445  -14.572  -38.114  51.419 0.3000000119
36272  -15.571  -37.248  51.986 0.3000000119
34533  -14.075  -38.863  50.682 0.2000000030
36283  -16.215  -37.467  51.198 0.3000000119
36282  -15.332  -37.852  51.013 0.3000000119
34550  -14.191  -39.245  49.734 0.2000000030
35477  -15.238  -38.241  49.234 0.3000000119
35454  -15.647  -37.923  50.168 0.3000000119
110152  -15.450  -41.269  49.449 0.2000000030
124525  -14.901  -40.919  48.939 0.2000000030
33639  -14.603  -40.056  48.237 0.2000000030
35476  -14.711  -38.791  48.880 0.2000000030
33640  -14.903  -40.726  48.313 0.2000000030
33653  -14.795  -39.482  47.564 0.2000000030
35512  -15.167  -38.666  47.409 0.3000000119
35513  -15.845  -38.202  47.332 0.3000000119
32787  -15.439  -41.127  47.764 0.2000000030
33654  -14.940  -40.426  47.563 0.3000000119
34583  -14.975  -39.102  46.825 0.3000000119
35525  -15.451  -38.554  46.593 0.3000000119
32804  -15.349  -40.874  46.864 0.3000000119
33666  -15.332  -40.315  45.975 0.3000000119
34597  -15.468  -38.959  45.262 0.3000000119
33680  -15.786  -40.640  45.196 0.3000000119
33679  -15.474  -39.652  45.215 0.3000000119
33716  -16.818  -39.873  42.964 0.2000000030
33703  -16.896  -40.636  43.080 0.1000000015
34639  -17.142  -39.343  42.556 0.3000000119
33725  -17.532  -39.723  41.787 0.2000000030
33736  -18.413  -40.232  40.321 0.3000000119
33747  -18.786  -39.673  39.806 0.2000000030
32027  -20.374  -41.339  37.499 0.1000000015
32913  -20.828  -41.300  36.796 0.1000000015
31265  -23.444  -42.874  35.609 0.1000000015
32059  -25.602  -42.800  35.010 0.2000000030
31266  -24.274  -43.286  35.534 0.1000000015
31267  -25.170  -43.431  35.479 0.2000000030
36274  -17.425  -36.849  51.626 0.3000000119
36284  -17.196  -37.208  51.260 0.3000000119
35478  -16.246  -37.954  49.204 0.3000000119
35455  -16.785  -37.645  50.453 0.3000000119
35472  -33.476  -37.836  49.470 0.6000000238
36296  -33.771  -37.149  49.724 0.5000000000
37108  -33.173  -36.569  50.022 0.4000000060
124474  -34.026  -36.347  49.994 0.4000000060
35497  -15.402  -38.328  48.271 0.3000000119
36306  -34.366  -37.739  49.246 0.8000000119
125079  -34.175  -35.619  50.135 0.4000000060
34567  -33.951  -38.544  48.050 0.8999999762
35489  -34.014  -38.313  48.849 0.8000000119
37121  -34.625  -37.015  49.574 0.6000000238
37109  -34.860  -36.097  49.772 0.4000000060
121405  -15.723  -38.538  45.728 0.3000000119
113434  -16.229  -38.177  46.421 0.4000000060
33661  -33.491  -38.553  47.913 0.8999999762
34568  -34.375  -38.446  48.178 0.8000000119
35490  -34.826  -38.160  48.556 0.8000000119
36307  -35.152  -37.618  49.058 0.6999999881
116390  -35.288  -36.918  49.391 0.5000000000
35534  -16.612  -38.282  45.302 0.4000000060
110781  -17.589  -38.112  45.652 0.4000000060
33675  -33.782  -38.424  47.508 0.8999999762
118022  -34.684  -38.369  47.639 0.8999999762
35491  -35.631  -37.990  48.427 0.8000000119
34611  -16.169  -39.237  43.969 0.3000000119
35564  -16.667  -38.815  43.661 0.3000000119
117385  -17.000  -38.464  44.227 0.4000000060
34575  -34.562  -38.194  47.177 0.8999999762
34577  -35.962  -38.062  46.961 0.8999999762
35506  -36.057  -38.146  47.778 0.8999999762
35583  -16.958  -38.933  43.039 0.3000000119
35584  -17.346  -38.889  42.632 0.4000000060
109212  -34.759  -37.941  46.768 0.8999999762
34589  -35.485  -37.952  46.764 0.8999999762
34590  -36.360  -37.958  46.584 0.8999999762
34651  -17.888  -39.366  41.288 0.3000000119
35602  -18.226  -38.883  41.285 0.3000000119
35538  -35.331  -37.709  46.379 0.8999999762
109051  -36.235  -37.770  46.248 0.8999999762
34604  -37.174  -37.997  46.208 0.8999999762
125174  -36.042  -37.255  45.325 0.8999999762
125974  -36.941  -37.686  45.737 0.8999999762
35539  -37.958  -37.906  45.588 1.0000000000
33755  -19.768  -40.086  38.221 0.1000000015
35555  -36.678  -37.420  45.420 1.0000000000
35556  -37.459  -37.493  45.195 1.0000000000
115248  -38.945  -37.951  45.268 1.0000000000
33756  -20.421  -39.914  37.570 0.2000000030
32912  -20.534  -40.514  37.089 0.1000000015
35573  -36.729  -37.064  44.898 1.0000000000
35575  -38.689  -37.384  44.432 1.0000000000
121203  -39.217  -37.711  44.612 1.0000000000
32038  -21.386  -41.936  36.614 0.1000000015
32056  -22.686  -42.218  35.667 0.1000000015
31229  -30.210  -43.928  37.273 0.2000000030
122217  -37.869  -36.806  44.061 1.0000000000
36374  -38.536  -37.048  44.051 1.0000000000
36375  -39.403  -37.377  43.943 1.0000000000
32058  -24.702  -42.754  34.980 0.1000000015
32060  -26.508  -42.766  35.117 0.2000000030
31248  -29.078  -43.120  36.655 0.2000000030
31228  -29.429  -43.513  37.282 0.2000000030
122216  -38.215  -36.639  43.602 1.0000000000
36390  -39.864  -37.035  43.287 1.0000000000
32040  -27.811  -42.996  35.904 0.2000000030
37207  -39.274  -36.453  42.845 1.0000000000
36285  -17.915  -37.027  51.235 0.4000000060
34543  -30.855  -39.075  50.143 0.4000000060
35456  -17.766  -37.422  50.692 0.5000000000
33621  -30.830  -39.469  49.504 0.5000000000
35479  -17.473  -37.777  49.799 0.4000000060
34545  -32.178  -38.616  49.464 0.5000000000
35471  -32.621  -38.012  49.806 0.5000000000
109411  -18.171  -37.909  49.361 0.5000000000
33635  -32.369  -38.705  48.685 0.6999999881
35488  -33.120  -38.362  49.117 0.6999999881
114689  -32.499  -36.042  50.122 0.3000000119
116398  -33.443  -35.744  50.154 0.3000000119
37956  -33.837  -34.894  50.262 0.3000000119
39768  -35.998  -32.777  50.077 0.4000000060
35514  -16.911  -38.019  47.366 0.3000000119
34556  -32.845  -38.600  48.708 0.6999999881
34557  -33.538  -38.543  48.433 0.8000000119
37957  -34.666  -35.131  50.080 0.4000000060
109667  -17.912  -38.065  47.071 0.4000000060
33674  -33.135  -38.462  47.145 0.8000000119
127860  -33.161  -38.544  47.741 0.8000000119
36308  -35.860  -37.257  48.960 0.8000000119
37122  -35.729  -36.333  49.361 0.5000000000
37972  -35.446  -35.395  49.734 0.5000000000
36319  -36.576  -37.561  48.306 0.8000000119
37973  -36.288  -35.580  49.350 0.6000000238
38859  -35.943  -34.627  49.789 0.5000000000
35565  -17.358  -38.637  43.293 0.4000000060
116719  -17.835  -38.303  44.002 0.4000000060
129695  -18.642  -38.271  43.947 0.4000000060
34603  -34.284  -37.757  46.441 0.8999999762
35519  -36.460  -38.151  47.230 0.8999999762
35507  -36.971  -37.995  47.655 0.8999999762
36320  -37.373  -37.560  47.871 0.8999999762
37134  -37.412  -36.753  48.284 0.8999999762
35566  -18.267  -38.383  43.256 0.4000000060
34618  -34.162  -37.444  45.805 0.8999999762
34578  -36.854  -38.143  46.770 0.8999999762
36330  -37.768  -37.842  47.450 1.0000000000
36321  -38.000  -37.305  47.735 0.8999999762
34660  -18.372  -39.361  40.591 0.3000000119
35603  -18.956  -38.720  40.757 0.3000000119
108381  -35.059  -37.219  45.454 0.8999999762
125861  -38.046  -38.195  46.137 1.0000000000
35522  -39.008  -37.941  46.780 1.0000000000
34685  -19.825  -39.449  38.844 0.4000000060
35572  -35.557  -36.921  44.841 0.8999999762
34686  -20.438  -39.441  38.196 0.3000000119
36372  -36.041  -36.594  44.242 0.8999999762
33775  -21.517  -40.172  36.340 0.2000000030
36373  -37.102  -36.688  44.231 1.0000000000
32083  -24.161  -41.912  34.657 0.1000000015
38102  -37.751  -35.509  41.159 1.0000000000
37224  -37.317  -35.904  42.052 1.0000000000
37206  -37.791  -36.272  42.944 1.0000000000
32086  -26.954  -42.240  34.595 0.2000000030
32042  -29.442  -42.896  35.877 0.2000000030
124301  -30.634  -43.958  36.445 0.2000000030
38103  -38.720  -35.455  41.098 1.0000000000
37225  -38.417  -35.940  42.202 1.0000000000
122215  -38.540  -36.411  43.103 1.0000000000
32063  -29.020  -42.398  35.168 0.2000000030
32043  -30.154  -43.095  35.672 0.2000000030
38159  -38.620  -34.866  39.446 1.0000000000
122148  -39.064  -35.102  40.204 1.0000000000
37226  -39.652  -35.850  41.851 1.0000000000
126577  -30.499  -42.178  34.658 0.2000000030
111934  -29.927  -42.608  35.158 0.2000000030
38933  -39.053  -34.869  38.845 1.0000000000
38160  -39.526  -34.960  39.390 1.0000000000
38133  -40.038  -35.110  40.191 1.0000000000
38104  -40.484  -35.486  41.034 1.0000000000
126226  -39.893  -35.255  38.634 1.0000000000
37255  -40.707  -36.059  38.217 0.8999999762
125390  -40.837  -35.651  38.813 1.0000000000
108273  -39.863  -37.246  37.183 0.8999999762
37265  -40.454  -36.806  37.600 1.0000000000
36438  -40.251  -37.550  36.138 0.8999999762
36430  -40.590  -37.276  36.906 0.8999999762
36456  -40.021  -37.437  35.407 0.8000000119
36457  -40.722  -37.209  35.644 0.8000000119
32977  -37.177  -40.947  35.126 0.3000000119
36476  -39.519  -37.250  34.892 0.8000000119
35446  -18.549  -37.167  50.563 0.5000000000
33633  -30.413  -39.838  49.151 0.5000000000
35480  -19.013  -37.805  49.480 0.5000000000
35500  -18.546  -38.040  48.580 0.5000000000
33645  -31.003  -39.459  48.570 0.5000000000
108155  -31.144  -39.335  49.014 0.6000000238
35470  -31.813  -38.172  50.172 0.6000000238
119816  -32.443  -36.863  50.092 0.4000000060
35515  -17.874  -38.057  47.828 0.5000000000
35516  -18.702  -38.080  47.583 0.5000000000
32814  -30.812  -39.600  47.924 0.6000000238
110117  -31.684  -36.799  50.259 0.3000000119
35517  -19.141  -38.137  46.868 0.6999999881
33659  -31.591  -38.904  47.943 0.6999999881
113169  -32.505  -38.600  47.585 0.8000000119
115689  -31.760  -35.866  50.074 0.3000000119
37971  -31.990  -35.102  49.803 0.3000000119
38851  -32.627  -34.715  49.970 0.3000000119
124721  -33.282  -34.518  50.173 0.3000000119
39760  -34.556  -33.428  50.176 0.2000000030
35526  -18.275  -38.093  46.344 0.4000000060
35527  -19.139  -38.195  46.033 0.4000000060
38857  -31.860  -34.869  49.247 0.3000000119
38858  -32.460  -34.461  49.480 0.3000000119
39764  -32.901  -33.842  49.132 0.2000000030
38860  -36.386  -33.742  49.839 0.5000000000
39769  -36.879  -32.921  49.730 0.6000000238
35549  -18.490  -38.215  44.645 0.4000000060
35537  -20.073  -38.449  45.000 0.5000000000
34602  -32.328  -38.260  45.987 0.8000000119
37974  -37.102  -35.771  48.870 0.8000000119
38861  -36.880  -34.706  49.350 0.8000000119
38867  -37.615  -34.284  49.087 0.8000000119
39770  -37.663  -33.324  49.347 0.8000000119
35567  -19.355  -38.339  43.463 0.4000000060
107995  -33.283  -37.768  45.985 0.8000000119
37991  -37.884  -35.798  48.435 0.8000000119
116522  -38.096  -34.839  48.502 0.8000000119
39777  -38.253  -33.866  48.799 0.8000000119
35596  -18.809  -38.542  41.620 0.4000000060
129734  -19.304  -38.409  42.042 0.4000000060
35553  -34.021  -37.161  45.211 0.8999999762
36331  -38.458  -37.667  47.286 1.0000000000
37144  -38.881  -36.584  47.430 0.8000000119
38005  -38.593  -35.569  47.830 0.8000000119
35610  -19.480  -38.812  40.054 0.4000000060
35604  -19.797  -38.557  40.705 0.4000000060
35571  -34.409  -36.915  44.685 0.8999999762
108822  -39.145  -38.186  46.245 1.0000000000
36332  -39.069  -37.354  47.179 1.0000000000
34674  -20.016  -38.956  39.468 0.5000000000
36371  -34.873  -36.601  44.066 0.8999999762
35540  -39.601  -38.200  45.689 1.0000000000
35529  -39.718  -37.988  46.260 1.0000000000
34710  -21.754  -39.643  36.713 0.4000000060
37204  -35.874  -36.270  42.627 0.8999999762
36387  -36.458  -36.450  43.495 0.8999999762
35576  -40.111  -37.882  44.155 1.0000000000
32944  -22.673  -41.166  35.259 0.1000000015
32968  -25.609  -41.477  34.141 0.1000000015
38101  -36.788  -35.552  41.083 1.0000000000
37205  -36.850  -36.232  42.775 0.8999999762
36376  -40.437  -37.573  43.483 1.0000000000
32969  -26.529  -41.596  34.078 0.1000000015
30377  -31.440  -44.864  37.483 0.2000000030
36403  -41.181  -36.884  42.205 1.0000000000
32947  -28.332  -42.033  34.656 0.2000000030
31270  -30.711  -43.576  35.830 0.2000000030
31250  -31.319  -44.093  36.157 0.2000000030
124804  -32.667  -44.897  37.085 0.2000000030
38158  -37.737  -34.805  39.441 1.0000000000
38132  -38.160  -35.113  40.253 1.0000000000
37227  -40.833  -36.168  41.762 1.0000000000
32972  -29.373  -41.355  34.066 0.2000000030
32064  -30.791  -42.881  35.212 0.2000000030
31271  -31.459  -43.419  35.605 0.2000000030
112207  -38.911  -35.136  38.371 1.0000000000
118359  -40.464  -35.241  39.396 1.0000000000
128316  -31.211  -42.240  34.792 0.2000000030
38199  -38.607  -35.597  37.873 0.8999999762
38161  -41.395  -35.764  39.420 1.0000000000
38134  -41.036  -35.402  40.235 1.0000000000
38200  -39.673  -35.780  37.944 0.8999999762
37256  -41.606  -36.527  38.619 1.0000000000
36429  -39.015  -37.439  37.181 0.8999999762
126533  -41.276  -36.945  38.015 0.8999999762
35628  -38.822  -38.051  36.845 0.8000000119
35629  -39.694  -37.633  36.754 0.8000000119
37266  -41.203  -36.967  37.462 1.0000000000
32048  -38.438  -42.029  36.870 0.3000000119
128034  -38.550  -39.039  36.114 0.6000000238
34717  -38.596  -38.636  36.488 0.8000000119
35637  -39.349  -37.942  36.271 0.8000000119
36439  -40.904  -37.246  36.303 0.8999999762
32953  -38.000  -41.634  36.234 0.3000000119
129761  -37.731  -40.674  35.502 0.5000000000
114129  -38.392  -39.814  36.133 0.6000000238
34727  -38.491  -39.135  35.680 0.6999999881
35645  -38.636  -38.597  35.343 0.8000000119
36475  -38.782  -37.654  34.823 0.8000000119
36477  -40.372  -37.042  35.050 0.8999999762
32952  -37.578  -41.298  35.642 0.3000000119
33816  -37.559  -40.301  35.033 0.6000000238
130047  -37.878  -39.735  34.972 0.6000000238
35660  -37.738  -38.573  34.526 0.6000000238
33815  -36.891  -40.490  34.608 0.4000000060
34759  -37.077  -39.063  34.252 0.5000000000
35676  -37.241  -38.079  34.145 0.5000000000
36490  -37.827  -37.348  34.280 0.6000000238
37319  -38.447  -36.774  34.335 0.8999999762
116936  -36.197  -39.125  33.774 0.4000000060
129219  -35.621  -39.063  33.354 0.4000000060
35674  -35.891  -38.474  33.435 0.4000000060
36488  -36.342  -37.698  33.571 0.4000000060
36489  -37.070  -37.299  33.929 0.5000000000
35683  -34.653  -38.371  32.630 0.4000000060
36498  -35.374  -37.779  33.047 0.5000000000
33619  -29.824  -40.555  50.200 0.3000000119
33620  -30.280  -39.763  49.851 0.3000000119
34542  -30.151  -39.505  50.327 0.3000000119
35481  -19.921  -38.000  49.440 0.6000000238
32783  -30.174  -40.720  49.393 0.4000000060
34551  -20.109  -38.365  48.830 0.6999999881
32796  -30.362  -40.285  48.669 0.5000000000
124397  -31.396  -38.942  49.680 0.4000000060
35501  -19.410  -38.155  48.253 0.6999999881
34563  -20.150  -38.635  48.010 0.6999999881
32825  -29.804  -39.919  46.992 0.6000000238
33658  -30.601  -39.628  47.182 0.5000000000
36293  -31.339  -37.653  50.460 0.2000000030
34572  -19.938  -38.498  47.148 0.6000000238
33671  -30.397  -39.593  46.394 0.6999999881
40698  -35.765  -32.044  49.984 0.4000000060
41776  -36.242  -31.257  49.685 0.4000000060
41777  -37.134  -31.245  49.757 0.5000000000
34584  -19.758  -38.344  46.482 0.5000000000
34585  -20.514  -38.609  46.548 0.6999999881
33684  -30.178  -39.518  45.586 0.8000000119
33686  -31.565  -38.743  46.439 0.8000000119
37970  -31.409  -35.627  49.715 0.3000000119
39776  -33.345  -33.340  48.819 0.2000000030
39765  -33.480  -33.457  49.477 0.2000000030
39766  -34.535  -32.756  49.976 0.2000000030
40699  -36.553  -31.960  49.887 0.4000000060
40700  -37.577  -32.162  49.642 0.6999999881
40701  -38.449  -31.936  49.344 0.6000000238
118169  -30.569  -39.038  45.160 0.8000000119
33697  -31.360  -38.667  45.501 0.8000000119
38865  -31.775  -34.596  48.499 0.3000000119
38866  -32.305  -34.271  48.756 0.2000000030
40714  -38.330  -32.875  49.104 0.8000000119
120732  -39.024  -31.821  49.040 0.8000000119
35551  -20.176  -38.508  44.168 0.4000000060
34626  -20.964  -38.876  43.905 0.5000000000
34615  -31.086  -38.622  44.582 0.8000000119
34617  -32.558  -37.869  45.351 0.8000000119
35587  -19.907  -38.432  42.584 0.4000000060
35568  -20.297  -38.546  43.437 0.4000000060
109442  -31.239  -38.096  43.299 0.8999999762
34631  -32.400  -37.755  44.452 0.8000000119
38872  -38.731  -34.398  48.116 0.8999999762
39778  -38.907  -33.438  48.473 0.8000000119
34662  -20.634  -38.592  41.186 0.4000000060
34652  -20.791  -38.643  42.109 0.4000000060
34630  -31.884  -37.769  43.477 0.8999999762
35569  -32.741  -37.463  43.642 0.8999999762
38006  -39.231  -35.805  46.983 0.8999999762
38873  -39.075  -34.779  47.194 0.8999999762
116365  -20.470  -38.671  40.249 0.4000000060
36344  -40.312  -37.604  46.139 1.0000000000
36343  -39.651  -37.494  46.632 1.0000000000
34699  -21.609  -39.393  37.386 0.4000000060
34675  -21.489  -38.950  39.296 0.5000000000
35589  -33.671  -36.998  43.686 0.8999999762
35559  -40.777  -38.181  44.555 1.0000000000
35530  -40.362  -38.050  45.790 1.0000000000
33776  -22.296  -39.778  36.109 0.4000000060
114735  -22.319  -39.205  37.915 0.5000000000
37221  -34.510  -36.225  41.542 0.8999999762
36385  -34.335  -36.663  43.068 0.8999999762
119676  -41.649  -38.163  44.051 1.0000000000
35577  -41.155  -38.038  43.612 1.0000000000
128534  -22.803  -39.759  35.753 0.1000000015
37222  -35.397  -36.033  41.727 0.8999999762
35591  -41.859  -38.150  43.072 1.0000000000
33806  -24.325  -40.339  34.346 0.1000000015
38100  -35.856  -35.584  40.984 0.8999999762
37223  -36.324  -35.920  41.886 0.8999999762
125910  -41.518  -37.535  42.519 1.0000000000
35590  -41.293  -37.780  42.976 1.0000000000
33808  -26.048  -40.807  33.773 0.1000000015
29441  -34.031  -45.174  37.679 0.2000000030
38157  -36.823  -34.776  39.409 0.8999999762
38130  -36.325  -35.112  40.205 0.8999999762
36404  -42.136  -37.395  41.879 1.0000000000
36391  -40.780  -37.286  42.907 1.0000000000
32971  -28.518  -41.391  34.070 0.2000000030
31251  -32.231  -43.801  36.036 0.2000000030
30396  -32.834  -44.278  36.662 0.2000000030
38131  -37.243  -35.106  40.247 1.0000000000
37228  -42.519  -36.727  40.875 1.0000000000
114316  -41.686  -36.655  41.548 1.0000000000
32973  -30.221  -41.425  34.228 0.2000000030
31252  -33.194  -43.397  36.369 0.2000000030
38931  -37.383  -34.709  38.689 1.0000000000
37249  -42.673  -36.575  39.762 1.0000000000
38105  -41.509  -35.906  40.938 1.0000000000
32065  -31.660  -42.624  35.212 0.2000000030
38181  -37.970  -35.021  38.236 0.8999999762
38162  -42.148  -36.434  39.293 1.0000000000
117140  -38.222  -36.119  37.621 0.8999999762
37267  -41.579  -36.719  37.286 1.0000000000
111297  -38.212  -36.938  37.483 0.8999999762
110484  -41.745  -36.878  38.000 1.0000000000
32903  -38.529  -41.436  38.529 0.3000000119
111255  -38.175  -38.729  37.171 0.8000000119
36431  -41.202  -37.002  36.799 0.8999999762
32931  -38.451  -41.278  36.906 0.3000000119
121162  -38.396  -39.542  36.613 0.6000000238
36440  -41.151  -36.972  36.031 1.0000000000
37278  -41.463  -36.602  36.565 1.0000000000
113070  -38.146  -40.744  36.101 0.4000000060
33779  -38.402  -40.418  36.826 0.6000000238
37308  -39.921  -36.701  34.740 0.8999999762
129883  -40.492  -36.773  34.943 0.8999999762
37320  -39.123  -36.953  34.614 0.8999999762
37317  -36.569  -36.767  33.570 0.5000000000
37327  -35.793  -36.909  33.163 0.5000000000
35459  -21.815  -38.343  49.508 0.6000000238
32781  -28.277  -41.211  49.527 0.4000000060
32766  -28.408  -41.090  50.174 0.2000000030
32767  -29.228  -41.054  50.381 0.3000000119
32795  -29.290  -41.126  48.542 0.5000000000
32782  -29.124  -41.210  49.600 0.3000000119
33618  -29.236  -40.480  50.388 0.2000000030
33605  -29.662  -39.827  50.271 0.3000000119
34552  -20.900  -38.651  48.799 0.6999999881
121304  -29.932  -41.053  49.112 0.4000000060
34574  -21.193  -38.946  47.129 0.6999999881
127268  -28.676  -40.885  47.094 0.6000000238
32812  -29.347  -40.735  47.604 0.6000000238
34525  -30.369  -38.706  50.573 0.2000000030
35468  -30.580  -37.945  50.558 0.3000000119
34573  -20.523  -38.702  47.369 0.6999999881
32849  -28.713  -39.741  44.934 0.6999999881
32824  -29.024  -40.223  46.730 0.6000000238
36292  -30.590  -37.453  50.451 0.2000000030
123878  -30.965  -37.141  50.497 0.2000000030
34586  -21.382  -39.018  46.256 0.6999999881
33683  -29.466  -39.672  45.250 0.6999999881
37106  -30.782  -36.802  50.308 0.2000000030
37120  -30.973  -36.178  50.009 0.2000000030
117416  -37.969  -31.119  49.698 0.5000000000
34612  -20.847  -38.836  44.746 0.6000000238
34600  -21.515  -39.121  45.338 0.6000000238
32862  -28.530  -39.687  44.198 0.8000000119
33696  -29.925  -39.359  44.848 0.8000000119
38017  -30.967  -35.634  46.962 0.2000000030
119345  -30.840  -36.079  48.708 0.2000000030
124523  -31.146  -35.404  48.738 0.2000000030
40713  -34.485  -32.394  49.003 0.2000000030
41775  -35.557  -31.758  49.696 0.4000000060
41779  -38.771  -31.228  49.411 0.6000000238
126801  -29.726  -39.161  44.212 0.8000000119
33710  -30.310  -38.895  44.367 0.8000000119
38877  -31.294  -34.774  47.436 0.2000000030
38871  -31.655  -34.286  47.770 0.2000000030
128757  -32.323  -33.681  47.770 0.2000000030
40711  -33.179  -33.304  48.132 0.2000000030
40712  -33.820  -32.904  48.535 0.2000000030
108341  -34.328  -32.540  48.281 0.2000000030
34640  -20.953  -38.759  43.031 0.4000000060
34641  -21.704  -39.040  42.547 0.4000000060
33709  -29.942  -38.828  43.651 0.8000000119
39782  -32.018  -33.699  47.376 0.2000000030
39789  -32.286  -33.296  46.870 0.2000000030
40744  -32.795  -33.011  46.881 0.1000000015
40745  -33.464  -32.865  46.949 0.2000000030
40732  -39.512  -32.922  48.042 0.8000000119
40716  -39.543  -32.088  48.532 0.8000000119
34643  -30.200  -38.619  42.866 0.8000000119
39788  -31.861  -33.505  46.472 0.2000000030
39798  -32.324  -33.056  46.013 0.1000000015
39784  -39.261  -33.815  47.583 0.8999999762
39785  -39.905  -33.155  46.898 0.8999999762
40733  -40.055  -32.257  47.694 0.8999999762
34653  -21.538  -38.905  41.649 0.5000000000
34654  -22.203  -39.161  41.068 0.5000000000
34656  -30.358  -38.447  42.033 0.8000000119
34645  -31.438  -37.833  42.579 0.8999999762
37154  -40.182  -37.019  46.400 1.0000000000
38018  -39.928  -36.144  46.356 1.0000000000
38879  -39.621  -34.958  46.185 0.8999999762
39790  -39.505  -34.102  46.684 0.8999999762
109996  -40.632  -32.997  45.863 0.8999999762
34663  -21.456  -38.906  40.189 0.6000000238
35607  -31.883  -37.645  41.375 0.8999999762
35600  -32.706  -37.305  42.340 0.8999999762
37155  -40.807  -37.145  45.861 1.0000000000
119162  -40.496  -35.579  45.625 1.0000000000
38880  -40.337  -34.630  45.554 1.0000000000
123859  -32.925  -37.259  43.035 0.8999999762
35542  -41.430  -38.083  44.727 1.0000000000
36355  -41.515  -37.678  45.112 1.0000000000
37164  -41.462  -37.169  45.369 1.0000000000
34711  -23.174  -39.497  36.084 0.3000000119
34700  -22.499  -39.399  36.939 0.4000000060
36402  -34.009  -36.683  42.155 0.8999999762
36384  -33.431  -36.971  42.701 0.8999999762
36377  -42.418  -38.007  43.677 1.0000000000
36364  -42.055  -37.800  44.471 1.0000000000
34722  -23.202  -39.822  35.390 0.2000000030
37241  -34.167  -36.020  40.661 0.8999999762
117636  -24.381  -39.512  34.678 0.2000000030
38128  -34.524  -35.330  39.901 0.8999999762
126028  -33.824  -35.836  39.973 0.8999999762
36392  -42.013  -37.894  42.489 1.0000000000
33807  -25.188  -40.584  33.975 0.1000000015
38156  -35.905  -34.804  39.362 1.0000000000
38129  -35.424  -35.156  40.136 0.8999999762
37229  -42.899  -37.313  41.366 1.0000000000
36405  -42.699  -37.761  42.081 1.0000000000
33809  -26.929  -40.882  33.696 0.2000000030
37243  -43.051  -36.946  40.480 1.0000000000
33832  -28.436  -39.866  33.394 0.1000000015
117561  -30.785  -40.697  34.153 0.2000000030
38930  -36.440  -34.688  38.601 1.0000000000
37250  -42.782  -36.520  39.679 1.0000000000
125782  -31.053  -41.554  34.498 0.2000000030
32949  -31.893  -41.712  34.892 0.2000000030
32950  -32.771  -41.285  35.441 0.2000000030
38197  -36.729  -35.435  37.654 1.0000000000
126704  -36.100  -34.846  37.930 1.0000000000
37257  -42.572  -36.248  38.748 1.0000000000
35626  -35.889  -38.587  37.575 0.8000000119
37263  -37.418  -36.232  37.569 0.8999999762
110079  -42.145  -36.477  37.773 1.0000000000
110026  -42.269  -36.565  38.760 1.0000000000
33760  -36.309  -40.969  38.217 0.3000000119
36428  -37.268  -37.261  37.547 0.8999999762
37268  -41.764  -36.314  37.009 1.0000000000
32902  -37.752  -41.534  38.829 0.3000000119
35627  -37.473  -38.869  37.554 0.6999999881
107972  -38.036  -37.935  37.380 0.8999999762
37297  -41.388  -36.390  35.717 0.8999999762
32904  -38.926  -41.877  38.389 0.3000000119
32916  -38.499  -41.081  37.731 0.3000000119
34708  -37.856  -39.764  37.694 0.6000000238
38237  -39.842  -36.005  34.508 0.8999999762
37309  -40.933  -36.813  35.228 0.8999999762
33770  -38.284  -40.119  37.324 0.5000000000
38247  -38.315  -36.041  34.099 0.8999999762
110124  -40.513  -36.447  34.859 0.8999999762
109026  -36.815  -36.074  33.606 0.5000000000
32765  -27.667  -40.796  49.961 0.4000000060
127131  -27.969  -41.139  49.926 0.3000000119
34554  -22.565  -39.090  49.170 0.6000000238
32793  -27.149  -40.952  48.774 0.4000000060
32780  -27.632  -41.091  49.485 0.4000000060
33617  -28.502  -40.633  50.330 0.2000000030
33641  -22.240  -39.613  48.012 0.6999999881
34566  -22.425  -39.405  48.751 0.6000000238
32810  -27.513  -41.089  47.810 0.5000000000
118898  -27.948  -41.210  48.740 0.6000000238
128058  -21.627  -39.214  47.715 0.6999999881
33656  -22.845  -39.918  47.440 0.6000000238
32835  -27.577  -39.816  45.720 0.6000000238
32811  -28.090  -41.015  47.171 0.6000000238
33603  -28.703  -39.736  50.282 0.2000000030
33668  -22.826  -39.903  46.481 0.8000000119
125850  -28.119  -40.278  46.458 0.6000000238
35467  -29.301  -38.594  50.511 0.2000000030
34524  -29.740  -39.123  50.701 0.2000000030
33667  -22.189  -39.462  45.936 0.6999999881
33681  -22.946  -39.958  45.518 0.8000000119
32848  -28.136  -39.729  44.674 0.6999999881
32836  -28.135  -39.775  45.411 0.6999999881
36304  -29.760  -37.883  49.845 0.2000000030
36291  -30.001  -38.018  50.494 0.2000000030
41794  -37.114  -30.652  49.545 0.3000000119
42850  -37.877  -30.313  49.568 0.3000000119
34601  -22.269  -39.521  45.040 0.6999999881
32871  -27.559  -39.647  43.383 0.8000000119
37133  -30.575  -36.880  48.617 0.2000000030
36305  -30.372  -37.327  50.202 0.2000000030
41809  -35.579  -31.690  48.496 0.1000000015
41792  -35.586  -31.568  49.243 0.3000000119
126261  -37.515  -30.808  49.664 0.5000000000
41778  -38.569  -30.517  49.545 0.5000000000
34613  -21.653  -39.181  44.466 0.5000000000
34614  -22.419  -39.536  44.247 0.6999999881
115982  -28.509  -39.363  42.522 0.8000000119
33707  -28.326  -39.601  43.403 0.8000000119
37143  -30.691  -36.561  47.622 0.2000000030
37119  -30.701  -36.575  49.657 0.2000000030
40746  -34.262  -32.632  47.432 0.1000000015
40730  -34.886  -32.275  48.170 0.2000000030
41808  -34.997  -32.017  48.803 0.2000000030
42860  -39.175  -30.739  49.354 0.6999999881
42852  -39.208  -30.031  49.468 0.5000000000
34627  -21.857  -39.206  43.526 0.5000000000
33704  -23.214  -39.731  43.218 0.6999999881
33723  -28.941  -39.292  43.163 0.8000000119
38033  -30.930  -35.644  45.915 0.2000000030
38884  -31.190  -34.738  46.464 0.2000000030
113536  -33.149  -32.877  46.126 0.1000000015
125675  -33.894  -32.811  46.589 0.1000000015
115965  -39.854  -30.618  48.945 0.6999999881
119949  -22.536  -39.418  42.887 0.5000000000
33745  -28.787  -39.394  41.081 0.8000000119
109215  -29.081  -39.007  42.387 0.8000000119
117213  -31.044  -34.672  45.474 0.2000000030
38885  -31.402  -33.944  45.994 0.2000000030
41796  -40.044  -31.470  48.369 0.8999999762
41795  -39.415  -31.330  48.998 0.8000000119
34642  -22.396  -39.243  42.037 0.5000000000
33727  -22.939  -39.521  41.644 0.5000000000
33734  -29.724  -38.758  42.173 0.8000000119
39796  -31.189  -33.787  45.028 0.1000000015
108089  -32.683  -32.900  45.228 0.1000000015
40749  -40.564  -32.222  46.690 0.8999999762
41811  -40.599  -31.532  47.512 0.8999999762
34664  -22.430  -39.283  40.031 0.5000000000
34667  -29.462  -39.097  40.727 0.6999999881
34669  -30.587  -38.229  41.301 0.8000000119
34657  -30.858  -38.095  42.039 0.8999999762
39806  -31.584  -33.213  44.541 0.1000000015
40764  -32.100  -32.974  44.931 0.1000000015
39791  -39.998  -33.893  45.878 0.8999999762
34665  -23.056  -39.599  39.513 0.6000000238
34682  -29.645  -38.852  40.120 0.6999999881
35605  -30.537  -38.076  40.646 0.8999999762
35606  -31.312  -37.785  40.864 0.8999999762
128885  -41.896  -36.633  44.965 1.0000000000
110501  -41.271  -35.475  45.108 1.0000000000
38887  -41.693  -34.736  44.915 1.0000000000
39800  -42.199  -33.695  44.950 1.0000000000
34688  -23.100  -39.354  37.624 0.4000000060
34689  -23.979  -39.634  37.858 0.5000000000
35613  -30.929  -37.724  40.049 0.8999999762
36410  -32.187  -37.398  40.809 0.8999999762
36356  -42.085  -37.173  44.821 1.0000000000
124608  -42.022  -35.729  44.728 1.0000000000
38888  -42.678  -34.728  44.660 1.0000000000
34723  -23.885  -39.489  35.398 0.3000000119
34701  -23.523  -39.380  36.926 0.4000000060
34712  -24.157  -39.343  36.181 0.3000000119
36414  -31.750  -37.365  40.091 0.8999999762
37239  -33.000  -37.041  40.959 0.8999999762
37176  -42.776  -37.220  44.077 1.0000000000
37177  -43.240  -36.279  44.035 1.0000000000
38051  -43.657  -35.440  44.043 1.0000000000
37247  -32.601  -36.805  40.057 0.8999999762
37220  -33.711  -36.578  41.280 0.8999999762
121166  -42.469  -37.994  42.837 1.0000000000
36378  -43.059  -37.617  43.213 1.0000000000
37190  -43.403  -36.847  43.420 1.0000000000
37191  -43.720  -36.014  43.495 1.0000000000
121242  -24.934  -39.704  34.069 0.1000000015
38154  -33.855  -35.408  39.234 0.8999999762
37209  -43.612  -37.151  42.263 1.0000000000
37231  -43.889  -36.606  42.072 1.0000000000
35668  -25.867  -39.100  33.646 0.1000000015
38229  -32.926  -35.631  36.057 0.8000000119
38178  -33.906  -35.067  38.311 0.8999999762
37230  -43.329  -37.020  41.194 1.0000000000
38106  -43.710  -36.608  41.349 1.0000000000
115141  -27.708  -39.769  33.404 0.1000000015
34753  -27.953  -39.032  33.235 0.1000000015
36436  -34.058  -36.628  36.150 0.6999999881
37277  -33.783  -35.708  36.400 0.6999999881
38179  -34.609  -34.817  38.024 0.8999999762
37244  -43.405  -36.559  40.412 1.0000000000
33833  -29.175  -39.956  33.434 0.1000000015
34737  -30.540  -39.661  33.750 0.1000000015
38943  -35.251  -34.843  37.740 0.8999999762
38929  -35.415  -34.717  38.486 1.0000000000
32974  -31.568  -40.865  34.579 0.2000000030
33791  -33.283  -40.470  35.818 0.3000000119
32951  -33.566  -41.172  36.078 0.2000000030
128640  -34.900  -38.195  36.979 0.4000000060
36437  -34.753  -37.207  36.718 0.8000000119
119109  -34.510  -36.135  36.625 0.8000000119
33777  -33.956  -40.447  36.429 0.3000000119
32929  -34.247  -41.137  36.646 0.2000000030
36425  -35.198  -36.636  37.014 0.8000000119
115431  -36.420  -36.448  37.442 1.0000000000
38201  -42.033  -35.981  37.248 1.0000000000
33778  -34.696  -40.468  36.959 0.3000000119
33768  -35.302  -40.589  37.430 0.3000000119
110434  -35.812  -36.984  37.309 0.8000000119
38230  -41.550  -35.773  35.755 0.8999999762
38219  -41.763  -35.926  36.811 1.0000000000
33762  -37.824  -40.752  38.287 0.3000000119
109240  -36.529  -40.447  38.098 0.4000000060
34695  -36.493  -39.829  37.850 0.4000000060
35619  -36.603  -38.911  37.722 0.5000000000
110760  -37.157  -38.178  37.583 0.8999999762
38218  -41.635  -36.133  36.376 0.8999999762
119882  -37.118  -40.193  38.065 0.5000000000
38239  -41.280  -35.908  35.237 0.8999999762
33763  -38.281  -40.621  38.004 0.4000000060
34536  -22.622  -38.830  49.340 0.6000000238
34555  -23.279  -39.269  49.215 0.5000000000
33616  -27.633  -40.165  49.964 0.3000000119
33643  -23.731  -39.884  48.574 0.6000000238
32777  -25.034  -39.977  48.983 0.6000000238
32779  -26.309  -40.394  48.814 0.5000000000
114684  -27.099  -40.510  49.344 0.4000000060
32807  -24.246  -40.137  47.289 0.6000000238
32808  -25.048  -40.207  47.674 0.6000000238
127695  -25.660  -40.330  47.590 0.6000000238
32809  -26.598  -40.799  48.059 0.5000000000
33669  -23.527  -40.118  46.922 0.6999999881
32833  -24.737  -39.928  45.927 0.6999999881
32821  -25.635  -40.182  46.960 0.6999999881
122971  -26.361  -40.314  46.837 0.5000000000
33602  -28.040  -39.798  50.123 0.2000000030
33682  -23.933  -40.035  45.486 0.8000000119
32819  -24.140  -40.113  46.413 0.6999999881
108723  -26.890  -39.761  45.424 0.6999999881
35466  -28.637  -38.847  50.480 0.2000000030
34523  -29.047  -38.983  50.676 0.2000000030
32859  -26.591  -39.623  43.763 0.8000000119
110672  -26.783  -39.657  44.533 0.8000000119
35487  -29.392  -38.332  50.279 0.2000000030
41793  -36.625  -30.643  49.148 0.3000000119
42857  -36.863  -30.356  48.500 0.3000000119
33705  -23.943  -39.829  43.658 0.8000000119
112846  -23.354  -40.006  44.881 0.8000000119
32870  -26.923  -39.644  43.247 0.8000000119
32860  -27.223  -39.650  43.983 0.8000000119
36317  -29.609  -37.906  48.650 0.2000000030
40731  -35.216  -32.300  47.586 0.2000000030
109241  -36.009  -31.111  49.075 0.2000000030
42859  -38.152  -29.627  49.382 0.3000000119
42851  -38.508  -29.943  49.556 0.4000000060
33692  -23.189  -39.867  44.120 0.6999999881
125439  -27.244  -39.637  42.776 0.8000000119
36329  -30.164  -37.424  47.991 0.2000000030
33728  -23.716  -39.760  41.734 0.6999999881
33721  -27.336  -39.649  42.072 0.8000000119
117473  -24.648  -39.810  42.308 0.8000000119
33732  -28.116  -39.533  41.672 0.8000000119
33738  -23.094  -39.587  40.927 0.5000000000
33739  -23.863  -39.916  40.749 0.8000000119
33740  -24.597  -40.105  40.503 0.6000000238
33744  -28.114  -39.696  40.609 0.6999999881
34666  -28.886  -39.385  40.352 0.6999999881
38891  -30.840  -34.590  44.523 0.1000000015
40785  -33.136  -32.836  44.631 0.1000000015
41828  -41.138  -31.542  46.695 0.8999999762
117982  -23.904  -40.006  39.748 0.5000000000
33749  -24.730  -40.191  39.813 0.6000000238
33750  -25.461  -40.171  39.624 0.6999999881
34680  -28.398  -39.496  39.804 0.6999999881
128295  -29.303  -39.165  40.206 0.6999999881
39805  -30.995  -33.597  44.004 0.1000000015
40783  -31.880  -32.828  44.001 0.1000000015
40784  -32.429  -32.789  44.317 0.1000000015
39792  -41.475  -33.070  45.360 0.8999999762
40750  -41.478  -32.192  45.889 0.8999999762
34678  -24.523  -40.070  38.900 0.6000000238
33757  -25.384  -40.062  38.733 0.6999999881
34681  -29.124  -39.099  39.669 0.6999999881
35612  -30.103  -38.160  39.941 0.6999999881
40799  -31.165  -33.149  43.233 0.1000000015
40770  -42.172  -32.739  45.291 1.0000000000
40751  -42.567  -32.063  45.575 0.8999999762
34702  -24.517  -39.470  37.099 0.4000000060
34690  -24.931  -39.905  37.998 0.6000000238
34703  -25.459  -39.456  37.297 0.5000000000
34691  -25.841  -39.760  38.156 0.6000000238
35618  -30.608  -37.662  39.211 0.6999999881
36419  -31.308  -37.232  39.359 0.8999999762
38035  -43.011  -35.577  44.447 1.0000000000
109671  -43.268  -33.830  44.708 1.0000000000
110401  -42.991  -32.897  45.079 1.0000000000
40771  -43.450  -32.153  45.302 0.8999999762
34713  -25.097  -39.197  36.365 0.4000000060
34714  -25.984  -39.062  36.599 0.4000000060
35632  -26.350  -38.507  36.070 0.6000000238
127475  -31.019  -37.158  38.663 0.6999999881
38052  -44.110  -35.230  43.616 1.0000000000
39807  -44.105  -33.894  44.365 1.0000000000
39801  -43.824  -32.990  44.868 1.0000000000
40772  -44.148  -32.051  44.996 1.0000000000
34736  -25.048  -38.994  34.446 0.3000000119
35631  -25.635  -38.671  35.718 0.4000000060
35643  -26.296  -38.000  35.234 0.4000000060
36420  -31.696  -36.633  38.556 0.8000000119
110508  -32.608  -36.265  39.130 0.8000000119
37210  -43.805  -36.536  42.809 1.0000000000
38899  -44.374  -34.994  43.071 1.0000000000
114538  -44.426  -34.388  43.763 1.0000000000
117179  -44.659  -33.491  43.944 1.0000000000
39813  -44.852  -33.007  43.619 1.0000000000
126654  -25.378  -39.202  33.895 0.1000000015
35657  -25.640  -38.594  34.019 0.1000000015
36468  -26.998  -37.937  33.691 0.2000000030
127427  -32.210  -35.674  35.856 0.6999999881
38215  -31.978  -35.694  36.584 0.6999999881
37253  -32.470  -35.917  38.219 0.8000000119
37254  -33.215  -35.629  38.694 0.8999999762
38906  -44.192  -35.245  42.349 1.0000000000
125216  -44.425  -34.460  42.759 1.0000000000
120630  -44.766  -33.141  43.192 1.0000000000
40827  -44.895  -32.485  43.342 1.0000000000
35669  -26.473  -38.608  33.602 0.1000000015
35670  -27.403  -38.416  33.375 0.1000000015
35671  -28.214  -38.236  33.228 0.3000000119
125380  -29.148  -37.877  33.271 0.1000000015
38216  -32.611  -35.561  36.447 0.8000000119
115200  -33.332  -35.360  36.855 0.8000000119
38136  -43.771  -36.048  40.943 1.0000000000
38914  -43.607  -34.542  41.388 1.0000000000
39826  -44.132  -34.542  42.181 1.0000000000
40825  -44.080  -32.828  42.404 1.0000000000
34754  -28.919  -38.999  33.205 0.1000000015
34755  -29.876  -38.726  33.395 0.1000000015
34756  -30.733  -38.559  33.732 0.2000000030
37296  -33.261  -36.167  35.733 0.6000000238
37295  -32.505  -35.920  35.368 0.6999999881
38217  -34.157  -35.249  36.946 0.8000000119
38194  -33.995  -35.041  37.519 0.8000000119
37251  -43.126  -36.253  39.531 1.0000000000
38923  -43.558  -35.298  40.707 1.0000000000
33834  -29.688  -39.593  33.454 0.1000000015
34738  -31.207  -39.241  34.082 0.2000000030
34739  -31.816  -39.341  34.540 0.3000000119
124383  -33.113  -38.950  35.561 0.3000000119
36455  -33.521  -37.165  35.646 0.5000000000
36454  -32.796  -36.669  35.125 0.6000000238
37261  -34.901  -35.590  37.081 0.8000000119
38182  -42.464  -35.853  37.962 1.0000000000
38183  -42.797  -35.622  39.005 1.0000000000
38935  -43.084  -34.983  39.843 1.0000000000
34725  -32.477  -39.535  35.096 0.4000000060
34715  -33.621  -39.754  36.087 0.4000000060
125955  -33.547  -38.177  35.825 0.3000000119
35635  -34.219  -37.937  36.392 0.4000000060
127813  -35.122  -35.128  37.405 0.8000000119
38953  -41.990  -35.317  37.440 1.0000000000
34716  -34.324  -39.780  36.735 0.3000000119
116630  -33.921  -38.980  36.312 0.3000000119
35636  -34.720  -39.059  37.008 0.3000000119
38969  -41.733  -35.501  36.849 1.0000000000
34705  -35.017  -39.924  37.210 0.3000000119
130055  -35.311  -39.508  37.410 0.4000000060
35625  -35.334  -38.806  37.390 0.5000000000
38978  -41.495  -35.117  35.800 0.8999999762
38231  -41.665  -35.619  36.320 1.0000000000
34706  -35.566  -40.110  37.552 0.3000000119
34707  -35.856  -39.462  37.662 0.4000000060
38985  -41.221  -35.303  35.281 0.8999999762
111284  -39.720  -35.265  34.359 0.8000000119
35460  -22.751  -38.460  49.469 0.2000000030
34537  -23.464  -39.036  49.381 0.4000000060
33612  -24.047  -39.359  49.279 0.4000000060
33630  -23.870  -39.618  49.039 0.5000000000
126578  -26.458  -40.085  49.265 0.4000000060
32764  -27.010  -40.120  49.630 0.4000000060
33615  -26.225  -39.723  49.481 0.4000000060
111982  -26.812  -39.606  49.758 0.3000000119
32834  -25.452  -39.756  45.519 0.8000000119
127639  -25.341  -39.901  46.266 0.6999999881
108581  -26.139  -39.872  46.097 0.6999999881
33694  -24.760  -39.823  45.051 0.8000000119
34541  -28.081  -39.128  50.323 0.2000000030
33706  -24.780  -39.754  44.154 0.8000000119
32857  -25.506  -39.682  43.771 0.8000000119
32846  -26.170  -39.702  45.062 0.8000000119
130094  -27.898  -38.688  49.953 0.2000000030
41810  -36.327  -31.055  48.275 0.2000000030
42858  -37.401  -29.950  49.078 0.3000000119
33720  -24.743  -39.734  43.241 0.8000000119
32858  -26.054  -39.667  43.530 0.8000000119
35504  -29.149  -38.309  49.478 0.2000000030
41825  -35.923  -31.830  47.742 0.2000000030
43807  -37.995  -29.381  48.952 0.3000000119
32869  -25.544  -39.720  42.873 0.8000000119
127387  -26.301  -39.687  43.035 0.8000000119
40747  -35.827  -32.342  46.877 0.1000000015
120094  -39.436  -29.348  49.392 0.5000000000
33719  -23.862  -39.798  42.745 0.8000000119
32876  -25.986  -39.753  42.360 0.8000000119
124642  -26.801  -39.751  41.641 0.8000000119
36353  -30.149  -37.242  45.917 0.2000000030
108417  -34.873  -32.969  45.404 0.1000000015
108559  -34.831  -32.724  46.526 0.1000000015
42853  -40.015  -29.636  49.166 0.6999999881
112505  -25.276  -39.994  41.043 0.8000000119
33742  -26.620  -39.891  40.889 0.8000000119
125827  -27.392  -39.776  41.201 0.8000000119
37163  -30.558  -36.480  45.430 0.2000000030
108909  -33.970  -32.988  44.943 0.1000000015
40766  -33.989  -32.884  45.829 0.1000000015
42867  -41.129  -30.236  47.973 0.6999999881
33751  -26.416  -40.069  39.968 0.6999999881
33743  -27.251  -39.882  40.328 0.6999999881
38050  -30.818  -35.594  44.957 0.1000000015
41812  -41.241  -30.891  47.314 0.8000000119
33758  -26.170  -40.003  39.044 0.6999999881
33752  -27.130  -39.767  39.364 0.6999999881
34679  -27.900  -39.526  39.326 0.6999999881
38064  -30.539  -35.511  44.086 0.2000000030
41829  -42.038  -31.209  46.318 0.8000000119
41830  -42.835  -30.642  46.310 0.8000000119
33759  -26.733  -39.587  38.370 0.6999999881
35616  -29.232  -38.636  38.714 0.6999999881
35617  -29.978  -38.121  38.917 0.6999999881
40782  -31.467  -33.039  43.781 0.1000000015
40752  -43.071  -31.388  45.777 0.8999999762
41831  -43.548  -30.887  45.851 0.8999999762
121617  -26.361  -39.337  37.488 0.6000000238
34704  -27.209  -39.202  37.683 0.6000000238
128706  -27.594  -38.785  37.226 0.6000000238
119298  -29.008  -38.391  37.813 0.6999999881
35624  -29.738  -37.949  37.906 0.6999999881
36418  -30.421  -37.428  38.260 0.6999999881
38898  -30.583  -34.566  43.635 0.1000000015
35621  -26.889  -38.782  36.808 0.5000000000
35633  -28.392  -38.003  36.488 0.5000000000
35634  -29.145  -37.836  36.946 0.6000000238
36422  -29.937  -37.273  37.078 0.6999999881
36423  -30.530  -36.908  37.373 0.6999999881
36424  -31.121  -36.747  37.884 0.6999999881
123887  -44.839  -32.782  44.043 1.0000000000
40789  -44.751  -32.101  44.366 1.0000000000
36450  -26.951  -37.694  34.487 0.4000000060
119381  -27.011  -38.140  35.952 0.4000000060
36433  -27.889  -37.711  35.706 0.5000000000
36434  -28.820  -37.400  35.898 0.5000000000
36435  -29.622  -37.006  36.151 0.6000000238
37259  -31.210  -36.201  36.911 0.6999999881
37260  -31.828  -36.043  37.537 0.6999999881
41878  -45.124  -31.601  43.819 1.0000000000
36469  -27.642  -37.540  33.890 0.4000000060
36470  -28.375  -37.173  34.094 0.4000000060
36471  -29.269  -36.789  34.230 0.4000000060
37292  -30.080  -36.533  35.450 0.6000000238
37275  -30.495  -36.472  36.270 0.6000000238
40826  -44.697  -32.728  42.896 1.0000000000
41897  -44.808  -31.946  42.982 1.0000000000
36486  -28.322  -37.616  33.497 0.2000000030
36487  -29.673  -37.079  33.548 0.3000000119
36472  -30.861  -36.697  34.005 0.4000000060
37306  -31.288  -36.274  34.555 0.5000000000
37294  -31.732  -35.864  35.174 0.6999999881
109883  -43.226  -34.473  40.595 1.0000000000
39825  -43.740  -33.698  41.995 1.0000000000
41921  -44.353  -31.356  42.496 1.0000000000
127140  -31.763  -37.684  34.275 0.3000000119
36473  -31.569  -36.873  34.261 0.4000000060
39832  -42.718  -33.792  39.999 1.0000000000
40852  -42.752  -32.740  40.699 1.0000000000
40840  -43.298  -32.757  41.680 1.0000000000
41920  -43.714  -31.918  42.129 1.0000000000
41945  -43.042  -31.680  41.204 1.0000000000
121908  -32.310  -38.444  34.739 0.3000000119
36474  -32.299  -37.222  34.613 0.3000000119
35644  -32.982  -37.760  35.169 0.4000000060
37307  -32.058  -36.312  34.738 0.4000000060
38944  -42.307  -34.976  38.159 1.0000000000
38934  -42.578  -34.464  39.015 1.0000000000
40851  -42.318  -32.648  39.794 1.0000000000
39846  -41.964  -33.947  38.354 1.0000000000
39840  -42.176  -33.408  39.107 1.0000000000
37262  -35.619  -36.181  37.218 0.8000000119
38968  -41.578  -34.920  36.359 1.0000000000
39867  -41.614  -34.689  36.961 1.0000000000
39854  -41.755  -34.356  37.622 1.0000000000
124448  -41.516  -33.186  37.793 1.0000000000
40874  -41.729  -33.069  38.529 1.0000000000
39876  -41.233  -34.382  35.924 1.0000000000
38984  -40.648  -34.645  35.023 0.8999999762
121720  -26.104  -39.289  49.648 0.4000000060
41827  -37.058  -30.724  47.467 0.2000000030
41826  -36.460  -31.601  47.161 0.1000000015
42865  -37.268  -29.984  48.142 0.3000000119
43808  -38.560  -29.115  49.070 0.3000000119
44758  -38.945  -28.536  48.713 0.3000000119
43803  -39.300  -28.778  49.217 0.3000000119
40767  -35.741  -32.727  45.848 0.1000000015
40748  -36.474  -32.165  46.158 0.1000000015
41845  -37.074  -31.440  46.397 0.1000000015
43804  -39.835  -28.929  49.356 0.6000000238
111149  -35.722  -32.948  44.884 0.1000000015
42861  -40.841  -29.546  48.609 0.6999999881
109047  -33.781  -32.844  44.072 0.1000000015
41813  -42.011  -30.272  47.120 0.6999999881
37175  -30.334  -36.371  44.547 0.2000000030
109042  -32.912  -32.652  43.814 0.1000000015
38063  -30.188  -35.492  43.278 0.1000000015
130101  -31.175  -33.034  42.845 0.1000000015
41846  -44.100  -31.139  45.437 0.8999999762
42881  -43.968  -30.295  45.878 0.8999999762
41847  -44.553  -31.355  44.868 1.0000000000
41862  -44.894  -31.416  44.383 1.0000000000
42906  -45.185  -31.032  43.611 1.0000000000
42905  -44.937  -30.953  42.978 1.0000000000
129746  -42.778  -31.240  40.638 1.0000000000
42930  -43.183  -30.595  40.803 1.0000000000
40863  -41.837  -32.430  39.061 1.0000000000
41966  -42.104  -31.652  39.644 1.0000000000
39866  -41.315  -34.057  36.484 1.0000000000
39853  -41.420  -33.700  37.090 1.0000000000
41988  -41.542  -32.242  38.322 1.0000000000
41989  -41.748  -31.445  38.879 1.0000000000
42950  -41.930  -30.446  38.617 0.8999999762
40898  -41.041  -33.075  36.630 0.8999999762
42007  -41.255  -32.052  37.588 0.8999999762
42949  -41.525  -31.222  38.089 0.8999999762
39875  -40.709  -34.004  35.493 0.8000000119
40907  -40.861  -33.499  36.039 0.8000000119
42025  -40.889  -31.876  36.810 0.8999999762
40906  -40.285  -32.948  35.417 0.8000000119
43815  -37.763  -29.480  48.311 0.2000000030
43816  -38.339  -28.990  48.495 0.2000000030
43821  -37.742  -29.944  47.235 0.1000000015
42873  -38.443  -29.605  46.585 0.1000000015
44760  -39.979  -28.275  49.227 0.2000000030
125614  -40.135  -27.650  49.006 0.3000000119
43809  -40.438  -28.810  49.122 0.5000000000
44762  -41.658  -27.865  48.632 0.4000000060
43811  -42.190  -28.790  47.898 0.6999999881
42869  -42.904  -29.275  47.085 0.6999999881
42875  -43.470  -29.725  46.445 0.6999999881
42882  -44.515  -30.555  45.297 1.0000000000
42890  -44.908  -30.735  44.676 1.0000000000
114334  -45.340  -30.156  44.383 0.8999999762
111965  -45.442  -30.263  43.816 0.8999999762
42918  -44.460  -30.377  42.178 1.0000000000
42929  -42.515  -30.964  40.179 1.0000000000
42940  -42.198  -30.691  39.431 1.0000000000
42941  -42.818  -30.078  39.973 1.0000000000
43887  -42.525  -29.780  39.140 0.8999999762
42961  -41.264  -30.962  37.327 0.8999999762
42962  -41.692  -30.212  37.838 0.8999999762
43898  -42.281  -29.527  38.305 0.8999999762
111373  -40.643  -32.425  36.097 0.8999999762
43911  -41.525  -29.918  37.077 0.8999999762
42039  -40.287  -31.829  35.443 0.8999999762
42040  -40.716  -31.305  35.975 0.8999999762
114937  -40.940  -30.336  35.611 0.8999999762
42054  -39.989  -31.357  34.716 0.8000000119
42986  -40.462  -30.887  35.189 0.8000000119
43822  -38.262  -29.197  47.576 0.1000000015
44773  -38.755  -28.544  47.919 0.2000000030
44759  -39.564  -28.023  48.955 0.2000000030
45838  -39.923  -27.450  48.582 0.1000000015
44761  -40.743  -27.877  48.993 0.3000000119
44768  -42.984  -28.473  47.453 0.4000000060
44776  -43.584  -28.964  46.743 0.8000000119
43824  -44.103  -29.469  46.113 0.6999999881
44788  -44.735  -29.230  45.685 0.6000000238
42883  -45.014  -29.883  45.099 0.8999999762
43835  -45.505  -29.468  44.649 0.8000000119
43848  -45.749  -29.476  44.087 0.8999999762
43861  -45.008  -29.802  42.652 0.8999999762
43862  -45.539  -29.317  43.291 0.8999999762
42931  -43.994  -29.967  41.308 1.0000000000
43869  -44.725  -29.387  41.703 1.0000000000
43877  -43.638  -29.614  40.418 1.0000000000
43888  -43.332  -29.284  39.571 0.8999999762
43899  -43.010  -28.945  38.771 0.8999999762
43912  -42.052  -29.294  37.537 0.8999999762
42973  -41.106  -30.553  36.490 0.8999999762
127564  -41.283  -29.827  35.949 0.8999999762
43920  -41.471  -29.681  36.449 0.8999999762
42058  -39.275  -31.379  33.539 0.6999999881
43001  -39.798  -31.032  33.967 0.6999999881
43002  -40.271  -30.616  34.413 0.8000000119
113293  -41.277  -29.448  35.220 0.8999999762
43010  -40.075  -30.341  33.689 0.8000000119
43947  -40.510  -30.007  34.103 0.8999999762
44766  -39.320  -27.976  48.272 0.2000000030
45839  -40.597  -27.032  48.749 0.1000000015
45841  -41.888  -26.949  48.595 0.3000000119
46844  -42.077  -25.986  48.422 0.2000000030
115510  -43.019  -27.739  47.723 0.5000000000
46861  -43.129  -26.338  47.881 0.2000000030
113295  -44.174  -27.831  46.737 0.5000000000
45868  -44.440  -27.133  46.739 0.5000000000
44789  -45.080  -28.374  45.729 0.6999999881
44777  -44.633  -27.921  46.312 0.5000000000
111487  -45.648  -28.396  45.113 0.8000000119
44802  -45.902  -28.753  44.510 0.8999999762
44815  -46.063  -28.644  43.716 0.8999999762
43870  -45.324  -28.568  42.130 1.0000000000
43889  -44.232  -28.905  39.913 0.8999999762
43879  -45.134  -28.465  41.085 1.0000000000
43900  -43.948  -28.574  39.128 0.8999999762
43913  -42.744  -28.696  37.951 0.8999999762
44901  -42.474  -28.547  37.276 0.8999999762
43921  -41.900  -28.979  36.725 0.8999999762
43934  -41.632  -29.187  35.951 0.8999999762
43935  -42.130  -28.461  35.947 0.8999999762
126722  -41.774  -28.754  35.379 0.8999999762
43948  -40.981  -29.329  34.161 0.8999999762
43959  -40.158  -29.313  32.682 0.8000000119
44952  -40.794  -28.931  33.193 0.8000000119
46886  -44.915  -26.652  46.437 0.4000000060
46904  -45.539  -26.684  45.708 0.5000000000
45886  -45.623  -27.708  45.372 0.6000000238
44803  -46.353  -28.043  44.020 0.8999999762
44826  -45.862  -28.164  42.854 0.8999999762
44868  -44.864  -28.251  39.419 0.8999999762
44885  -44.651  -28.052  38.629 0.8999999762
44902  -43.334  -27.968  37.391 0.8999999762
44918  -42.623  -28.135  36.636 0.8999999762
44953  -41.450  -28.515  33.669 0.8999999762
44931  -41.631  -28.671  34.610 0.8999999762
110795  -39.560  -29.711  32.247 0.8000000119
43966  -39.278  -29.453  31.636 0.6999999881
44963  -39.875  -28.988  31.835 0.6999999881
44958  -40.569  -28.615  32.351 0.8000000119
109275  -39.317  -28.926  31.155 0.6000000238
45901  -46.068  -27.943  44.706 0.6000000238
44827  -46.359  -27.776  43.235 0.8999999762
45917  -46.672  -27.348  43.498 0.8999999762
44840  -45.770  -27.822  41.240 0.8999999762
44841  -46.397  -27.397  41.432 0.8999999762
43890  -45.009  -28.384  40.227 0.8999999762
44886  -45.608  -27.860  38.877 0.8999999762
44903  -44.388  -27.814  37.799 0.8999999762
44919  -43.441  -27.585  36.481 0.8999999762
44933  -42.848  -27.849  35.804 0.8999999762
44932  -42.301  -28.108  35.063 0.8999999762
44945  -42.117  -28.052  34.072 0.8999999762
44959  -41.249  -28.258  32.779 0.8000000119
110486  -40.389  -28.297  31.584 0.8000000119
124081  -39.837  -28.492  31.236 0.6999999881
43975  -38.818  -28.771  30.409 0.5000000000
45902  -46.482  -27.390  44.254 0.6999999881
44870  -46.412  -27.615  40.009 0.8999999762
126678  -45.273  -27.760  38.075 0.8999999762
44921  -45.041  -27.497  37.335 0.8999999762
46000  -44.148  -27.307  36.295 0.8999999762
46015  -43.690  -27.361  35.574 0.8999999762
46031  -43.541  -27.319  34.624 0.8999999762
46014  -43.026  -27.626  35.087 0.8999999762
46030  -42.819  -27.641  34.361 0.8999999762
46039  -41.938  -27.919  33.153 0.8999999762
46041  -43.343  -27.240  33.790 0.8000000119
46049  -41.720  -27.680  32.315 0.8000000119
46057  -41.519  -27.444  31.505 0.8000000119
46048  -41.047  -27.991  31.960 0.6999999881
44974  -39.536  -28.329  30.639 0.4000000060
44964  -40.175  -27.974  30.892 0.6000000238
46056  -40.856  -27.737  31.178 0.6999999881
46066  -41.314  -27.218  30.711 0.6999999881
44975  -39.929  -27.751  30.164 0.5000000000
46077  -40.390  -27.249  29.644 0.5000000000
46076  -39.657  -27.522  29.393 0.5000000000
46087  -39.307  -27.305  28.586 0.3000000119
45926  -46.846  -27.204  42.619 0.8000000119
44842  -46.900  -27.236  40.924 0.8000000119
45938  -46.972  -27.078  41.600 0.8999999762
44857  -47.065  -27.250  40.307 0.8999999762
44887  -46.404  -27.531  38.743 0.8999999762
44871  -46.968  -27.317  39.414 0.8999999762
129951  -45.920  -27.631  38.264 0.8999999762
44904  -45.762  -27.432  37.680 0.8999999762
115721  -47.827  -26.040  37.264 0.8999999762
47003  -48.477  -25.663  36.920 0.8999999762
46001  -44.843  -27.261  36.561 0.8999999762
46016  -44.585  -27.125  35.760 0.8999999762
47013  -46.681  -25.809  36.044 0.8000000119
47002  -47.519  -25.721  36.522 0.8000000119
46032  -44.346  -27.082  34.921 0.8999999762
47895  -47.165  -25.411  35.737 0.8000000119
47896  -48.028  -25.333  36.168 0.8000000119
47022  -46.403  -25.473  35.193 0.8000000119
47905  -47.535  -25.037  35.503 0.8000000119
46050  -42.419  -27.412  32.631 0.8000000119
47911  -46.077  -25.070  34.285 0.8000000119
47904  -46.824  -25.020  35.014 0.8000000119
48833  -47.449  -24.529  34.855 0.6999999881
46058  -42.189  -27.177  31.824 0.6999999881
48843  -46.304  -24.539  33.687 0.6999999881
48844  -47.007  -24.131  33.988 0.6999999881
47047  -41.979  -26.945  31.021 0.6999999881
46078  -41.079  -26.994  29.930 0.5000000000
48853  -46.011  -24.315  32.893 0.6999999881
48854  -46.630  -23.818  33.204 0.6999999881
46101  -38.960  -27.126  27.854 0.3000000119
47096  -39.057  -26.751  27.073 0.3000000119
46123  -39.190  -27.055  24.939 0.3000000119
47123  -40.015  -26.871  24.773 0.3000000119
45060  -40.157  -28.139  24.397 0.3000000119
44062  -41.723  -28.828  24.639 0.3000000119
45927  -47.273  -26.814  42.013 0.6999999881
49681  -48.686  -23.650  39.447 0.3000000119
45950  -47.517  -26.937  40.364 0.8999999762
48767  -50.011  -24.736  38.729 0.5000000000
44888  -47.023  -27.118  38.509 0.8999999762
46984  -49.271  -26.018  38.456 0.6999999881
47865  -49.560  -25.712  38.601 0.6999999881
47857  -50.137  -25.269  38.454 0.6999999881
44905  -46.373  -27.323  38.036 0.8999999762
45975  -47.635  -26.869  38.982 0.8999999762
45989  -48.480  -26.356  38.178 0.8999999762
46994  -49.163  -26.066  38.076 0.8000000119
49691  -50.557  -23.830  38.539 0.4000000060
46002  -45.658  -27.126  36.958 0.8999999762
45987  -46.213  -27.092  37.457 0.8999999762
44906  -46.823  -26.920  37.823 0.8999999762
45988  -47.660  -26.669  38.216 0.8999999762
46005  -48.030  -26.346  37.792 0.8999999762
46993  -48.783  -25.983  37.621 0.8999999762
46985  -49.708  -25.755  38.013 0.8999999762
47879  -50.306  -25.383  37.780 0.8999999762
110465  -50.718  -25.125  38.009 0.8000000119
119175  -45.334  -26.974  36.089 0.8999999762
119530  -46.015  -26.737  36.605 0.8999999762
130282  -46.539  -26.513  36.913 0.8999999762
46004  -47.178  -26.492  37.493 0.8999999762
47878  -49.685  -25.672  37.675 0.8999999762
47888  -49.490  -25.534  37.177 0.8000000119
46033  -45.067  -26.816  35.258 0.8999999762
46017  -45.654  -26.513  35.776 0.8999999762
46018  -46.262  -26.303  36.297 0.8000000119
46019  -46.961  -26.141  36.809 0.8000000119
47897  -49.059  -25.203  36.549 0.8000000119
46042  -44.078  -26.926  34.087 0.8000000119
47021  -44.797  -26.602  34.459 0.8000000119
47011  -45.364  -26.263  34.928 0.8000000119
47012  -45.963  -25.980  35.496 0.8000000119
48822  -48.428  -24.714  35.690 0.8000000119
47030  -44.589  -26.407  33.612 0.8000000119
47031  -45.166  -26.020  34.050 0.8000000119
120686  -45.713  -25.670  34.591 0.8000000119
46051  -43.129  -27.118  32.940 0.8000000119
47029  -43.860  -26.778  33.256 0.8000000119
48834  -48.304  -24.011  35.009 0.6999999881
47037  -42.914  -26.956  32.109 0.8000000119
47038  -43.634  -26.633  32.424 0.8000000119
47920  -45.244  -25.265  32.717 0.6999999881
47910  -45.440  -25.434  33.669 0.6999999881
47921  -45.690  -24.876  33.301 0.6999999881
48845  -47.862  -23.663  34.306 0.6999999881
47048  -42.704  -26.739  31.300 0.6999999881
47053  -41.761  -26.730  30.208 0.5000000000
47054  -42.490  -26.503  30.483 0.5000000000
48852  -45.501  -24.686  32.382 0.6999999881
49770  -46.345  -23.625  32.501 0.6999999881
128345  -40.688  -26.686  28.675 0.4000000060
118776  -40.833  -26.791  29.176 0.5000000000
48861  -45.381  -24.379  31.630 0.6999999881
48862  -45.842  -23.947  32.089 0.6999999881
46088  -40.163  -26.970  28.787 0.4000000060
47078  -39.731  -26.789  27.806 0.3000000119
126109  -39.715  -26.482  26.897 0.3000000119
47110  -38.990  -26.803  25.589 0.3000000119
47103  -40.183  -26.244  26.156 0.3000000119
118674  -46.372  -27.530  25.515 0.3000000119
47111  -39.664  -26.595  25.421 0.3000000119
46139  -40.508  -27.388  24.514 0.3000000119
46140  -41.415  -27.230  24.432 0.3000000119
46141  -42.318  -27.148  24.340 0.3000000119
46142  -43.247  -27.171  24.362 0.3000000119
49682  -49.541  -23.758  38.909 0.3000000119
45976  -48.241  -26.543  38.688 0.8999999762
45977  -48.771  -26.307  38.473 0.8999999762
48781  -50.835  -24.653  38.297 0.6000000238
50662  -50.962  -22.811  38.411 0.4000000060
115819  -51.418  -24.617  37.941 0.6999999881
47889  -50.352  -25.291  37.320 0.8000000119
48810  -50.140  -25.090  36.817 0.8000000119
48823  -49.649  -24.504  36.201 0.8000000119
47039  -44.354  -26.273  32.738 0.8000000119
47040  -44.988  -25.875  33.126 0.8000000119
48835  -49.216  -23.840  35.436 0.6999999881
47049  -43.445  -26.474  31.606 0.6999999881
47050  -44.154  -26.123  31.945 0.6999999881
47919  -44.793  -25.698  32.270 0.6999999881
49748  -48.840  -23.047  34.668 0.6999999881
47055  -43.276  -26.260  30.777 0.6999999881
127056  -44.002  -25.933  31.171 0.6999999881
47930  -44.562  -25.604  31.594 0.6999999881
49760  -47.529  -23.046  33.405 0.6999999881
49761  -48.296  -22.762  33.929 0.6999999881
117613  -43.849  -25.572  30.325 0.6000000238
47931  -45.052  -25.061  31.688 0.6999999881
49771  -46.981  -22.882  32.526 0.6999999881
50739  -48.527  -21.942  33.197 0.6999999881
47065  -41.509  -26.542  29.395 0.5000000000
47066  -42.261  -26.269  29.642 0.5000000000
47942  -43.043  -25.989  29.957 0.5000000000
47943  -43.492  -25.442  29.586 0.5000000000
47944  -43.978  -25.080  29.700 0.6999999881
47939  -44.449  -24.851  30.247 0.6999999881
48871  -45.233  -24.102  30.962 0.6999999881
49779  -45.789  -23.582  31.250 0.6999999881
49780  -46.492  -22.913  31.678 0.6999999881
50775  -47.510  -22.103  31.647 0.6999999881
50753  -47.911  -21.999  32.460 0.6999999881
47064  -41.195  -26.413  28.565 0.4000000060
47081  -41.976  -26.105  28.798 0.4000000060
112954  -42.846  -25.644  29.016 0.5000000000
48877  -44.344  -24.449  29.458 0.6999999881
49804  -44.849  -23.675  29.025 0.6999999881
49788  -45.673  -23.325  30.354 0.6999999881
49789  -46.381  -22.703  30.640 0.6999999881
50774  -47.297  -22.152  30.788 0.6999999881
47079  -40.547  -26.565  28.128 0.4000000060
47098  -41.108  -26.147  27.638 0.4000000060
47080  -41.702  -26.014  28.057 0.5000000000
49824  -45.469  -23.010  28.370 0.6000000238
127969  -46.261  -22.639  29.195 0.6999999881
50814  -46.938  -22.365  29.048 0.6999999881
47097  -40.359  -26.314  27.221 0.4000000060
49842  -45.440  -23.019  27.277 0.6000000238
50829  -46.212  -22.711  27.804 0.6999999881
50830  -46.896  -22.600  28.193 0.6999999881
47965  -40.986  -25.896  26.638 0.4000000060
47982  -40.968  -25.897  25.653 0.4000000060
50843  -46.326  -22.896  27.050 0.6000000238
49843  -47.045  -23.199  27.196 0.6000000238
47996  -41.659  -25.709  25.153 0.3000000119
47997  -42.329  -25.285  25.434 0.4000000060
124350  -43.020  -25.650  24.476 0.3000000119
122120  -43.796  -25.671  24.358 0.3000000119
46126  -47.098  -28.027  25.739 0.3000000119
47112  -40.443  -26.350  25.206 0.3000000119
47125  -41.843  -26.322  24.578 0.3000000119
47128  -44.434  -26.186  24.374 0.3000000119
130829  -45.401  -25.878  24.661 0.3000000119
47115  -46.987  -27.053  25.762 0.3000000119
46127  -47.952  -28.173  25.359 0.3000000119
47124  -40.878  -26.690  24.689 0.3000000119
47126  -42.711  -26.386  24.378 0.3000000119
47127  -43.551  -26.335  24.313 0.3000000119
46145  -48.493  -28.017  24.598 0.3000000119
45065  -48.779  -28.504  24.284 0.3000000119
50646  -49.056  -22.605  39.159 0.4000000060
50661  -49.998  -22.703  38.705 0.4000000060
49692  -51.516  -23.885  38.237 0.6999999881
47880  -51.054  -24.922  37.526 0.6999999881
125106  -51.518  -24.621  37.118 0.6999999881
49701  -52.193  -23.837  37.592 0.6999999881
50676  -52.295  -22.776  37.734 0.5000000000
130271  -52.732  -22.728  37.203 0.6000000238
48824  -50.714  -24.392  36.487 0.8000000119
48825  -51.525  -24.246  36.662 0.6999999881
49714  -52.150  -24.065  36.879 0.5000000000
49715  -52.882  -23.447  36.163 0.4000000060
50677  -53.093  -22.677  36.593 0.6999999881
49732  -50.305  -23.593  35.838 0.6999999881
49733  -51.333  -23.521  35.988 0.6999999881
49749  -49.931  -22.803  35.161 0.6999999881
50740  -49.144  -22.054  33.916 0.6999999881
50754  -49.234  -21.452  32.080 0.6999999881
111260  -48.348  -21.762  30.791 0.6999999881
112764  -48.461  -21.631  31.567 0.6999999881
47951  -42.344  -25.607  28.082 0.5000000000
48876  -43.712  -24.958  28.909 0.5000000000
48879  -44.226  -24.138  28.582 0.6999999881
50794  -48.189  -22.112  30.026 0.6999999881
47952  -43.102  -25.092  28.088 0.5000000000
111558  -43.714  -24.464  27.974 0.6000000238
121725  -44.209  -23.920  27.788 0.5000000000
49823  -44.749  -23.502  28.056 0.5000000000
50815  -47.955  -22.496  29.333 0.6999999881
47966  -41.837  -25.646  27.157 0.4000000060
48889  -42.654  -25.154  27.255 0.4000000060
47967  -43.294  -24.627  27.231 0.4000000060
119646  -43.907  -24.032  27.110 0.4000000060
49841  -44.587  -23.520  27.135 0.5000000000
50831  -47.688  -22.843  28.595 0.6999999881
48916  -43.065  -24.736  25.672 0.4000000060
48902  -43.549  -24.310  26.358 0.4000000060
48903  -44.385  -23.727  26.188 0.4000000060
49861  -45.816  -23.196  26.381 0.4000000060
49862  -46.600  -23.452  26.546 0.5000000000
49863  -47.420  -24.015  26.972 0.6000000238
47983  -41.664  -25.536  26.038 0.4000000060
48932  -44.363  -24.444  24.817 0.3000000119
48919  -45.450  -24.196  25.132 0.3000000119
48920  -46.410  -24.641  25.580 0.3000000119
48904  -46.950  -24.316  26.277 0.4000000060
48008  -44.459  -25.309  24.441 0.3000000119
124585  -45.170  -24.904  24.655 0.3000000119
47998  -45.961  -25.150  24.994 0.3000000119
48000  -47.432  -26.401  26.120 0.3000000119
47116  -47.925  -26.932  26.287 0.3000000119
109841  -48.170  -27.681  25.358 0.3000000119
46146  -49.050  -28.014  23.857 0.3000000119
47129  -48.546  -27.288  24.772 0.3000000119
47135  -48.799  -26.806  23.706 0.3000000119
46153  -49.390  -27.323  23.355 0.3000000119
47136  -49.370  -26.491  22.992 0.3000000119
48022  -49.460  -25.657  22.723 0.3000000119
49734  -52.211  -23.475  35.962 0.6000000238
49736  -53.176  -23.196  35.471 0.6999999881
51719  -52.917  -21.583  36.434 0.6000000238
52706  -52.292  -21.042  36.993 0.4000000060
49750  -53.125  -22.941  34.833 0.6999999881
49716  -53.346  -22.959  35.853 0.6999999881
50723  -51.045  -22.678  35.276 0.6000000238
51732  -53.184  -21.153  35.579 0.6000000238
50722  -49.732  -22.226  34.489 0.6999999881
123988  -50.733  -22.041  34.520 0.6000000238
111296  -51.868  -22.164  34.253 0.6999999881
50755  -49.778  -21.515  32.978 0.6999999881
118293  -50.325  -21.676  33.741 0.6999999881
108711  -51.325  -21.772  33.653 0.6999999881
51784  -50.357  -21.550  32.138 0.6999999881
50741  -51.091  -21.681  32.704 0.6000000238
50795  -49.272  -22.489  30.213 0.6999999881
50776  -49.562  -21.885  30.967 0.6999999881
49807  -49.745  -24.164  29.130 0.6999999881
50832  -48.771  -23.519  28.935 0.6999999881
49825  -48.405  -23.995  28.211 0.6999999881
48890  -48.242  -24.761  27.617 0.6000000238
47986  -48.223  -26.197  26.740 0.3000000119
48905  -47.837  -25.202  26.982 0.4000000060
47117  -48.353  -27.112  25.934 0.3000000119
116120  -48.689  -26.711  25.388 0.3000000119
48009  -48.637  -26.362  24.147 0.3000000119
118504  -48.611  -25.372  23.620 0.3000000119
48016  -48.810  -25.917  23.284 0.3000000119
48015  -48.887  -24.976  22.833 0.3000000119
50703  -52.003  -22.887  35.129 0.6999999881
50704  -52.703  -23.048  34.905 0.6999999881
50724  -52.580  -22.524  34.183 0.6999999881
51733  -53.664  -21.740  34.977 0.6999999881
130054  -52.464  -22.279  33.611 0.6999999881
50725  -53.032  -22.679  34.037 0.6999999881
51747  -53.803  -21.343  34.287 0.6999999881
52752  -53.670  -20.544  34.021 0.6000000238
50742  -52.155  -22.036  33.043 0.6000000238
50758  -52.822  -22.452  32.326 0.8999999762
50759  -53.301  -22.225  32.495 0.8999999762
51785  -53.744  -21.497  32.773 0.8000000119
52764  -53.679  -20.593  33.335 0.6000000238
51796  -51.079  -22.048  31.686 0.6999999881
50756  -51.893  -22.310  31.999 0.8000000119
51783  -50.248  -21.767  31.500 0.6999999881
50778  -51.549  -22.653  31.186 0.6999999881
49782  -52.105  -22.710  31.036 0.8999999762
50796  -50.321  -22.914  30.324 0.6999999881
50797  -50.999  -23.060  30.425 0.6999999881
49792  -51.628  -22.835  30.532 0.8000000119
49811  -52.003  -22.742  30.643 0.8999999762
49790  -50.674  -23.514  29.763 0.6999999881
50817  -50.006  -23.582  29.713 0.6999999881
48891  -49.104  -25.260  28.003 0.6999999881
49826  -49.466  -24.678  28.521 0.6999999881
48881  -49.976  -24.720  28.604 0.6999999881
47968  -48.743  -25.745  27.452 0.5000000000
47969  -49.395  -25.648  27.604 0.5000000000
47987  -49.021  -26.185  27.094 0.5000000000
47105  -48.866  -26.552  26.401 0.4000000060
48001  -48.706  -25.896  24.699 0.3000000119
48946  -48.844  -24.172  22.775 0.4000000060
53878  -53.167  -19.878  33.699 0.6999999881
51798  -53.422  -21.930  31.963 1.0000000000
52783  -53.584  -21.055  32.189 0.8999999762
52771  -53.609  -20.610  32.788 0.8999999762
53888  -53.238  -19.942  33.133 0.6999999881
51797  -52.990  -22.122  31.376 0.8999999762
52795  -53.249  -21.483  31.509 1.0000000000
53897  -53.321  -20.165  32.501 0.8999999762
53896  -52.865  -19.750  32.136 0.8999999762
53887  -52.744  -19.557  32.842 0.8999999762
49791  -51.189  -23.178  30.138 0.6999999881
51806  -52.794  -21.882  30.871 0.8999999762
52794  -52.879  -21.002  31.027 1.0000000000
53904  -52.679  -20.090  31.335 1.0000000000
54843  -52.257  -19.196  32.493 0.8999999762
49809  -50.704  -23.676  29.419 0.6999999881
49810  -51.420  -23.085  30.087 0.6999999881
50819  -51.956  -22.528  30.114 0.8999999762
51815  -52.213  -22.290  30.216 0.8999999762
52804  -52.372  -21.399  30.352 1.0000000000
49828  -51.146  -23.345  29.461 0.6999999881
48882  -50.239  -24.418  28.818 0.6999999881
49827  -50.657  -23.959  28.957 0.6999999881
47970  -49.641  -25.448  27.741 0.6000000238
48892  -49.888  -24.974  28.220 0.6999999881
48893  -50.261  -24.476  28.564 0.6999999881
47988  -49.454  -25.822  27.340 0.6000000238
48906  -49.766  -25.218  27.382 0.6000000238
130755  -49.219  -26.154  26.815 0.5000000000
48922  -49.450  -25.728  26.602 0.4000000060
48002  -49.127  -26.229  25.957 0.4000000060
49880  -49.331  -24.558  26.066 0.4000000060
49890  -48.577  -24.226  24.787 0.4000000060
48933  -48.501  -24.864  24.158 0.4000000060
49898  -48.379  -23.917  23.755 0.4000000060
49905  -48.620  -23.645  23.032 0.4000000060
54832  -51.734  -18.607  32.743 0.8000000119
52793  -52.292  -20.470  30.555 1.0000000000
53903  -52.058  -19.610  30.836 0.8999999762
54842  -51.897  -18.646  32.078 0.6999999881
50834  -51.412  -22.781  29.363 0.8999999762
127149  -51.718  -22.365  29.651 0.8999999762
54857  -51.728  -18.850  31.198 0.8999999762
55818  -51.464  -18.103  31.593 0.8000000119
52815  -51.328  -21.048  29.259 0.8999999762
124554  -51.288  -20.341  29.517 1.0000000000
53909  -50.951  -19.638  29.559 1.0000000000
54856  -51.078  -18.354  30.643 0.8999999762
49846  -50.518  -23.843  28.355 0.6999999881
50833  -51.020  -23.049  28.759 0.6999999881
51822  -50.636  -21.918  28.357 0.8000000119
123579  -50.824  -21.196  28.709 1.0000000000
52814  -50.658  -20.303  28.906 1.0000000000
53919  -50.288  -19.345  28.919 1.0000000000
54869  -50.556  -18.708  29.645 0.8999999762
49845  -50.173  -24.524  27.928 0.6999999881
50847  -50.404  -22.783  28.020 0.8000000119
51836  -49.946  -21.727  27.694 0.8999999762
52813  -49.924  -19.828  28.280 1.0000000000
54881  -49.560  -18.188  28.379 0.8000000119
54868  -49.926  -17.979  29.160 0.8000000119
49864  -49.821  -24.068  26.970 0.6000000238
50857  -49.532  -22.825  26.817 0.6999999881
121980  -49.853  -22.486  27.410 0.8000000119
111996  -49.450  -20.820  27.362 0.8000000119
53929  -49.343  -19.376  27.645 1.0000000000
54893  -49.228  -18.490  27.655 1.0000000000
49881  -49.094  -23.215  26.082 0.6000000238
51848  -49.282  -21.661  26.887 0.8000000119
52841  -48.649  -20.172  26.127 0.8999999762
54903  -48.848  -18.862  26.838 1.0000000000
116613  -48.588  -23.346  25.220 0.5000000000
50871  -48.551  -22.484  25.427 0.5000000000
52853  -48.447  -20.413  25.246 0.6999999881
53949  -48.552  -19.507  25.442 0.8000000119
50881  -48.284  -22.404  24.608 0.5000000000
51873  -48.395  -21.506  23.908 0.6000000238
109186  -48.441  -20.690  24.416 0.6000000238
52866  -48.633  -19.650  24.344 0.6000000238
116541  -48.302  -23.241  24.252 0.4000000060
50889  -48.366  -22.484  23.707 0.4000000060
114934  -48.645  -21.984  23.247 0.6000000238
51881  -48.959  -21.252  23.106 0.6000000238
50896  -48.692  -22.739  22.995 0.4000000060
111694  -51.333  -17.379  32.022 0.6999999881
55826  -50.466  -17.748  30.053 0.6999999881
54892  -48.943  -17.925  26.981 0.8999999762
54913  -48.654  -18.737  24.960 0.6999999881
113934  -48.634  -18.755  25.866 0.8000000119
54902  -48.741  -18.164  26.292 0.8999999762
52875  -48.739  -20.509  23.698 0.6000000238
54928  -48.967  -18.676  24.209 0.6000000238
55864  -48.793  -17.935  25.480 0.8000000119
51887  -49.541  -21.716  22.689 0.5000000000
52876  -49.326  -20.328  23.201 0.6000000238
53979  -49.632  -19.460  23.348 0.6000000238
52885  -50.379  -20.699  22.762 0.5000000000
125868  -50.990  -16.938  31.558 0.6000000238
55817  -50.973  -17.550  31.065 0.6999999881
55825  -49.817  -17.119  29.444 0.6999999881
56728  -50.380  -16.812  30.565 0.6999999881
55843  -49.229  -17.624  27.731 0.8999999762
56748  -49.292  -16.806  27.868 0.6999999881
55842  -49.085  -17.109  27.094 0.8999999762
113919  -49.432  -16.064  28.038 0.8000000119
55852  -48.960  -17.464  26.301 0.8000000119
116705  -49.398  -17.981  24.187 0.8000000119
54943  -49.535  -18.618  23.727 0.6000000238
55898  -50.791  -18.013  23.794 0.6000000238
52877  -50.884  -20.145  22.947 0.5000000000
54945  -52.028  -19.149  23.805 0.5000000000
55884  -52.738  -17.879  24.831 0.5000000000
54931  -53.560  -18.678  24.900 0.4000000060
56721  -50.742  -16.240  31.647 0.6000000238
57554  -50.415  -15.216  31.725 0.6000000238
57560  -50.073  -15.816  30.633 0.6999999881
57562  -49.706  -15.334  29.741 0.6999999881
56738  -49.483  -16.516  28.694 0.6999999881
58430  -49.898  -14.554  29.966 0.6999999881
57568  -49.564  -15.682  28.833 0.6999999881
57580  -49.784  -15.342  28.109 0.8000000119
117715  -49.787  -14.881  29.035 0.6999999881
116691  -49.386  -16.416  27.309 0.8999999762
57581  -50.067  -15.446  27.294 0.6999999881
55865  -49.212  -17.118  25.592 0.8000000119
56774  -49.668  -16.569  25.669 0.6999999881
57596  -50.441  -15.582  26.569 0.6999999881
58448  -50.839  -15.089  27.096 0.6999999881
57610  -49.975  -16.073  26.077 0.6999999881
57611  -50.816  -15.809  25.844 0.6000000238
56790  -50.485  -16.774  24.730 0.6000000238
56791  -51.390  -16.907  24.685 0.6000000238
56777  -52.240  -16.508  25.380 0.6000000238
56792  -52.199  -17.234  24.874 0.6000000238
56778  -53.318  -16.649  25.986 0.5000000000
54929  -51.415  -18.572  23.752 0.5000000000
54930  -52.378  -18.557  24.264 0.5000000000
55885  -53.688  -17.870  25.469 0.5000000000
55866  -52.992  -17.238  25.414 0.5000000000
55868  -55.498  -17.992  26.373 0.4000000060
54914  -54.559  -18.361  25.691 0.4000000060
58397  -50.874  -14.929  33.095 0.6000000238
58396  -50.824  -13.990  33.397 0.6000000238
58414  -50.457  -14.241  32.189 0.6999999881
58425  -50.095  -14.405  31.012 0.6999999881
59299  -50.224  -13.825  30.406 0.6999999881
58431  -50.326  -14.036  29.350 0.6999999881
58437  -50.344  -14.574  28.369 0.6999999881
58438  -51.294  -13.852  28.493 0.6999999881
118199  -51.118  -14.524  27.698 0.6999999881
59327  -52.301  -13.525  28.447 0.6000000238
58465  -51.799  -14.823  27.082 0.6000000238
58449  -52.287  -14.107  27.756 0.6000000238
59328  -53.121  -13.588  28.269 0.6000000238
57598  -52.381  -15.287  26.542 0.6000000238
58466  -52.907  -14.726  27.167 0.6999999881
58467  -53.813  -14.749  27.425 0.6999999881
58450  -53.444  -14.209  27.734 0.6999999881
56761  -53.907  -16.187  26.646 0.6000000238
57600  -54.880  -15.683  27.184 0.6000000238
58451  -54.371  -14.290  27.725 0.6000000238
58452  -55.243  -14.244  27.414 0.6000000238
58453  -55.597  -13.817  27.112 0.6000000238
55867  -53.902  -17.276  26.016 0.4000000060
118139  -54.176  -16.779  26.449 0.6000000238
57601  -56.034  -15.957  27.102 0.6000000238
58468  -55.650  -15.058  27.163 0.6000000238
125838  -54.492  -17.778  26.073 0.4000000060
127560  -55.828  -16.751  27.072 0.5000000000
55853  -56.095  -17.339  26.874 0.4000000060
60095  -50.664  -12.168  33.768 0.6000000238
59266  -50.795  -13.113  33.651 0.6999999881
112649  -50.776  -12.721  32.910 0.6000000238
59281  -50.682  -12.896  31.923 0.6000000238
60128  -51.008  -12.322  31.546 0.6999999881
60136  -51.169  -12.532  30.564 0.6999999881
60129  -51.662  -11.787  31.221 0.6999999881
60130  -52.543  -11.466  30.987 0.6999999881
60131  -53.360  -11.304  30.717 0.6999999881
61003  -53.937  -11.216  30.366 0.6000000238
59301  -51.536  -12.804  29.730 0.6999999881
60137  -52.050  -12.160  30.321 0.6999999881
60138  -53.001  -12.001  30.171 0.6999999881
60139  -53.666  -11.901  29.911 0.6000000238
60140  -54.143  -11.788  29.551 0.6000000238
59311  -51.916  -13.163  29.018 0.6999999881
60153  -53.324  -12.474  29.393 0.6999999881
60154  -53.890  -12.428  29.121 0.6000000238
59313  -53.604  -13.024  28.705 0.6000000238
60155  -54.369  -12.313  28.745 0.6000000238
59329  -53.955  -13.684  28.169 0.6000000238
59314  -54.202  -13.033  28.467 0.6000000238
59330  -54.629  -13.624  27.892 0.6000000238
60086  -50.457  -12.096  34.516 0.4000000060
125617  -50.585  -11.459  33.968 0.5000000000
60109  -50.935  -12.087  32.664 0.6999999881
59331  -55.137  -13.426  27.502 0.6000000238
61008  -54.418  -10.905  29.914 0.6000000238
60171  -55.127  -12.579  27.511 0.6000000238
56763  -56.479  -16.692  26.840 0.5000000000
57614  -56.664  -16.018  26.498 0.6000000238
58469  -55.909  -14.420  26.940 0.6000000238
127154  -56.113  -14.388  26.386 0.6000000238
59350  -55.758  -13.684  26.503 0.6000000238
60170  -54.722  -12.875  28.072 0.6000000238
113421  -55.498  -12.888  26.397 0.6000000238
61019  -54.843  -12.002  28.213 0.6000000238
60181  -55.372  -12.307  26.800 0.6000000238
119448  -54.604  -11.478  29.051 0.5000000000
118000  -17.996  -42.368  52.476 0.1000000015
31942  -18.403  -42.951  50.833 0.1000000015
32763  -17.193  -41.877  50.890 0.1000000015
32789  -17.210  -42.179  48.746 0.1000000015
31951  -18.006  -42.790  48.903 0.1000000015
31957  -18.172  -43.021  47.384 0.1000000015
32806  -17.002  -42.077  47.677 0.1000000015
113166  -17.046  -41.939  45.048 0.1000000015
31970  -17.897  -42.423  44.821 0.1000000015
36271  -14.622  -37.367  52.530 0.3000000119
32788  -16.296  -41.633  48.186 0.1000000015
114768  -16.422  -40.098  43.647 0.2000000030
121861  -17.172  -40.210  42.407 0.2000000030
30375  -28.398  -43.983  37.897 0.2000000030
111205  -14.733  -38.413  50.086 0.3000000119
116661  -14.513  -40.381  48.929 0.2000000030
110382  -14.359  -39.690  48.926 0.2000000030
34562  -14.632  -39.365  48.303 0.2000000030
32774  -15.506  -41.256  48.611 0.2000000030
127327  -14.889  -38.853  48.053 0.2000000030
33665  -14.992  -39.938  46.767 0.3000000119
126919  -15.167  -39.231  45.989 0.3000000119
34610  -15.724  -39.101  44.667 0.3000000119
33691  -15.879  -39.922  44.463 0.3000000119
35547  -16.282  -38.709  44.449 0.4000000060
34625  -16.651  -39.301  43.278 0.3000000119
33726  -17.902  -40.021  41.038 0.2000000030
33737  -18.868  -40.411  39.633 0.1000000015
33748  -19.191  -39.973  39.049 0.3000000119
126334  -20.141  -40.547  37.656 0.1000000015
32900  -19.865  -41.141  38.167 0.1000000015
126581  -21.698  -41.738  36.223 0.1000000015
113649  -23.350  -42.037  35.092 0.1000000015
32057  -23.964  -42.615  35.112 0.1000000015
32084  -25.132  -42.126  34.532 0.1000000015
36273  -16.662  -36.975  51.823 0.3000000119
35499  -17.341  -38.009  48.602 0.4000000060
36295  -32.914  -37.347  49.897 0.5000000000
35498  -16.289  -38.040  48.120 0.3000000119
33647  -33.124  -38.597  48.252 0.6999999881
119435  -34.227  -38.406  47.592 0.8999999762
112186  -17.221  -38.074  46.346 0.4000000060
35505  -35.177  -38.310  47.908 0.8000000119
35548  -17.590  -38.195  44.849 0.4000000060
34588  -33.984  -38.150  47.001 0.8000000119
34569  -35.542  -38.208  47.370 0.8000000119
34576  -35.064  -38.201  47.226 0.8999999762
34650  -17.638  -38.992  41.921 0.3000000119
128128  -18.189  -38.656  41.909 0.3000000119
35585  -17.854  -38.627  42.524 0.4000000060
127019  -35.010  -37.516  46.052 0.8999999762
35554  -35.952  -37.512  45.832 0.8999999762
34591  -37.736  -38.187  46.634 1.0000000000
34661  -18.870  -39.100  40.050 0.3000000119
34673  -19.293  -39.327  39.513 0.3000000119
34592  -38.710  -38.214  45.868 1.0000000000
35557  -38.367  -37.613  44.942 1.0000000000
35574  -37.858  -37.183  44.566 1.0000000000
33767  -21.020  -39.817  36.959 0.1000000015
32926  -20.972  -40.530  36.580 0.1000000015
32928  -22.032  -41.539  35.844 0.1000000015
32943  -22.003  -40.606  35.773 0.1000000015
31249  -29.924  -43.425  36.447 0.2000000030
36388  -37.407  -36.506  43.573 1.0000000000
36389  -38.981  -36.848  43.516 1.0000000000
32085  -26.056  -42.224  34.513 0.2000000030
32061  -27.358  -42.682  35.243 0.2000000030
32041  -28.638  -42.810  35.977 0.2000000030
32062  -28.153  -42.513  35.323 0.2000000030
37208  -40.259  -36.637  42.585 1.0000000000
124273  -18.438  -37.535  50.088 0.5000000000
34544  -31.496  -38.689  50.075 0.5000000000
33634  -31.597  -38.970  49.152 0.6999999881
36294  -32.125  -37.504  50.190 0.4000000060
37954  -32.309  -35.348  50.064 0.3000000119
37955  -32.986  -35.182  50.189 0.3000000119
119368  -35.204  -32.757  50.151 0.2000000030
39767  -35.385  -33.691  50.133 0.4000000060
126251  -37.120  -33.805  49.508 0.6999999881
33660  -32.617  -38.624  48.136 0.6999999881
38854  -34.555  -34.255  50.223 0.4000000060
38853  -33.846  -34.010  50.261 0.2000000030
128309  -18.515  -38.079  46.966 0.4000000060
34587  -33.267  -38.138  46.642 0.8000000119
33687  -32.459  -38.497  46.896 0.8000000119
37123  -36.506  -36.564  48.854 0.8000000119
118625  -35.184  -34.606  50.011 0.4000000060
35535  -18.384  -38.145  45.459 0.4000000060
35520  -37.373  -38.152  47.143 0.8999999762
35586  -18.785  -38.413  42.460 0.4000000060
35521  -38.205  -38.068  47.021 1.0000000000
35528  -38.517  -38.204  46.474 1.0000000000
128730  -38.555  -37.139  47.536 1.0000000000
111556  -20.607  -39.040  38.897 0.5000000000
34698  -20.926  -39.459  37.635 0.4000000060
36386  -35.392  -36.458  43.325 0.8999999762
35558  -39.815  -38.152  44.904 1.0000000000
32966  -24.038  -41.048  34.488 0.1000000015
32945  -23.459  -41.193  34.769 0.1000000015
32967  -24.724  -41.270  34.307 0.1000000015
32946  -27.687  -42.248  34.782 0.2000000030
32970  -27.558  -41.603  34.175 0.2000000030
118782  -31.039  -44.450  36.840 0.2000000030
32948  -28.987  -41.865  34.490 0.2000000030
38932  -38.280  -34.783  38.777 1.0000000000
37264  -39.196  -36.556  37.507 0.8999999762
126156  -39.614  -37.802  35.768 0.8000000119
35662  -39.126  -37.874  35.253 0.8000000119
107986  -19.402  -38.022  48.950 0.6000000238
120953  -19.476  -38.257  47.564 0.6999999881
33646  -31.704  -38.892  48.613 0.6999999881
109238  -31.142  -39.272  47.378 0.6999999881
33673  -31.682  -38.814  47.213 0.8000000119
37107  -31.177  -36.394  50.202 0.2000000030
38852  -33.175  -33.983  49.894 0.3000000119
39759  -33.893  -33.332  49.991 0.2000000030
35536  -19.239  -38.275  45.232 0.5000000000
37990  -31.434  -35.159  49.039 0.3000000119
35550  -19.341  -38.312  44.416 0.5000000000
34598  -19.936  -38.391  45.815 0.6000000238
39774  -32.096  -34.011  48.019 0.2000000030
39775  -32.675  -33.708  48.256 0.2000000030
123545  -37.510  -35.081  48.815 0.8000000119
35552  -33.268  -37.496  45.261 0.8999999762
37135  -38.246  -36.556  47.904 0.8999999762
35597  -19.729  -38.437  41.546 0.4000000060
35570  -33.381  -37.289  44.481 0.8999999762
37145  -39.533  -36.796  46.897 1.0000000000
37203  -34.890  -36.381  42.432 0.8999999762
33789  -23.174  -40.425  35.000 0.1000000015
33830  -26.427  -40.231  33.567 0.1000000015
30395  -31.934  -44.654  36.730 0.2000000030
33811  -28.895  -40.669  33.653 0.1000000015
38135  -42.015  -35.982  40.097 1.0000000000
35646  -38.929  -38.375  35.812 0.6999999881
33792  -38.118  -39.971  35.498 0.6000000238
34742  -38.229  -39.213  35.162 0.6000000238
35661  -38.350  -38.450  34.898 0.6000000238
34741  -37.820  -39.201  34.736 0.6000000238
34740  -37.329  -39.815  34.609 0.6000000238
35677  -38.088  -37.913  34.562 0.6000000238
36491  -38.569  -37.330  34.581 0.8000000119
34758  -36.459  -39.918  34.140 0.4000000060
33837  -36.292  -40.651  34.246 0.3000000119
35675  -36.548  -38.500  33.823 0.5000000000
38248  -39.151  -36.354  34.384 0.8999999762
34757  -35.688  -39.702  33.574 0.4000000060
37318  -37.499  -36.571  33.965 0.5000000000
36497  -34.722  -37.486  32.549 0.4000000060
32768  -29.903  -41.065  49.916 0.4000000060
35457  -19.529  -37.532  49.959 0.5000000000
119249  -20.515  -38.300  49.293 0.6999999881
123069  -29.824  -40.784  48.343 0.5000000000
32813  -30.032  -40.022  47.850 0.6000000238
35469  -31.086  -38.369  50.437 0.3000000119
33670  -29.645  -39.811  46.100 0.6999999881
33672  -31.027  -39.230  46.765 0.8000000119
34599  -20.728  -38.703  45.606 0.6000000238
33685  -30.822  -39.149  45.980 0.8000000119
37969  -31.067  -35.772  49.431 0.2000000030
40695  -34.036  -32.901  49.353 0.2000000030
40696  -34.647  -32.398  49.564 0.2000000030
41774  -35.060  -31.984  49.418 0.2000000030
34616  -31.865  -38.272  44.952 0.8000000119
38864  -31.401  -34.891  48.272 0.2000000030
40715  -38.995  -32.540  48.810 0.8000000119
34629  -30.755  -38.530  43.638 0.8000000119
114472  -31.522  -38.208  44.057 0.8000000119
35588  -32.271  -37.521  42.849 0.8999999762
35599  -32.018  -37.595  42.049 0.8999999762
35598  -31.321  -37.838  41.686 0.8999999762
112259  -20.774  -38.824  39.578 0.5000000000
129906  -21.293  -38.815  40.877 0.5000000000
35541  -40.948  -38.111  45.265 1.0000000000
34687  -21.344  -39.100  38.273 0.6000000238
34676  -22.318  -39.211  38.934 0.5000000000
37242  -34.948  -35.658  40.865 0.8999999762
34735  -23.711  -39.932  34.818 0.1000000015
33829  -25.703  -39.857  33.668 0.1000000015
33810  -27.891  -40.658  33.626 0.2000000030
31272  -32.131  -43.055  35.571 0.2000000030
33812  -29.845  -40.528  33.722 0.1000000015
32044  -32.804  -42.876  35.878 0.2000000030
38180  -37.051  -34.893  38.053 1.0000000000
32066  -32.432  -42.268  35.447 0.2000000030
38198  -37.665  -35.463  37.797 0.8999999762
118536  -38.259  -39.315  37.045 0.6000000238
119907  -28.530  -41.144  47.934 0.6000000238
33604  -29.277  -39.589  50.444 0.2000000030
34564  -20.993  -38.916  47.924 0.6999999881
33655  -22.060  -39.453  47.005 0.6999999881
35448  -29.839  -38.516  50.627 0.2000000030
32837  -28.822  -39.830  45.838 0.6999999881
33695  -29.248  -39.537  44.405 0.8000000119
33708  -28.892  -39.514  43.777 0.8000000119
38004  -31.014  -35.489  47.981 0.2000000030
33724  -29.486  -38.898  43.019 0.8000000119
38878  -31.535  -34.071  46.962 0.2000000030
39783  -32.602  -33.380  47.562 0.2000000030
40729  -33.463  -32.976  47.676 0.1000000015
34644  -30.788  -38.260  42.733 0.8000000119
39797  -31.753  -33.363  45.500 0.1000000015
34655  -29.963  -38.745  41.355 0.8000000119
120608  -40.523  -36.506  45.938 1.0000000000
36400  -32.494  -37.357  41.555 0.8999999762
38034  -41.212  -36.380  45.325 1.0000000000
38886  -40.944  -34.869  45.212 1.0000000000
39799  -40.948  -33.929  45.216 1.0000000000
36401  -33.214  -37.008  41.837 0.8999999762
125794  -35.134  -34.870  39.368 0.8999999762
38155  -34.548  -34.908  38.873 0.8999999762
37240  -33.408  -36.395  40.437 0.8999999762
36406  -43.263  -37.411  41.823 1.0000000000
36393  -43.167  -37.668  42.456 1.0000000000
33831  -27.093  -40.047  33.500 0.1000000015
32975  -32.221  -40.908  34.931 0.2000000030
32067  -33.189  -41.987  35.874 0.2000000030
36426  -35.466  -37.789  37.246 0.6999999881
36427  -36.361  -37.770  37.509 0.8999999762
33761  -37.034  -40.870  38.443 0.3000000119
34694  -36.042  -40.292  37.848 0.3000000119
38238  -40.567  -35.585  34.804 0.8999999762
33629  -23.123  -39.566  48.947 0.6000000238
33642  -22.975  -39.797  48.325 0.6000000238
32822  -26.855  -40.755  47.219 0.5000000000
32823  -27.530  -40.816  46.949 0.5000000000
112036  -23.481  -40.083  46.149 0.6999999881
108580  -27.080  -40.163  46.413 0.6000000238
32847  -27.528  -39.721  44.812 0.8000000119
114042  -22.831  -39.845  44.755 0.6999999881
32861  -27.867  -39.740  44.080 0.8000000119
33722  -27.846  -39.578  42.649 0.8000000119
36318  -30.216  -37.390  49.186 0.2000000030
34628  -22.665  -39.573  43.593 0.6999999881
36342  -30.207  -37.343  46.891 0.2000000030
43802  -38.835  -29.455  49.419 0.4000000060
33718  -23.118  -39.637  42.379 0.6999999881
40765  -33.346  -32.907  45.363 0.1000000015
33733  -29.292  -39.020  41.546 0.8000000119
42866  -40.590  -30.851  48.193 0.8000000119
118719  -23.282  -39.711  40.204 0.6000000238
34668  -30.053  -38.591  40.683 0.6999999881
34677  -23.307  -39.588  38.632 0.6000000238
35611  -29.612  -38.578  39.503 0.6999999881
37165  -42.545  -36.449  44.542 1.0000000000
36415  -32.026  -36.830  39.346 0.8999999762
38065  -44.074  -35.763  43.114 1.0000000000
38892  -43.532  -34.724  44.415 1.0000000000
34724  -24.779  -39.033  35.362 0.4000000060
37248  -33.251  -36.060  39.584 0.8999999762
125115  -43.617  -37.026  41.730 1.0000000000
38177  -33.258  -35.319  37.739 0.8999999762
38195  -34.661  -34.991  37.409 0.8999999762
38196  -35.723  -35.405  37.481 1.0000000000
33814  -32.030  -40.190  34.770 0.2000000030
34726  -32.992  -39.821  35.610 0.4000000060
125504  -33.817  -41.748  36.329 0.2000000030
32930  -34.981  -41.146  37.203 0.2000000030
34696  -37.094  -39.523  37.820 0.5000000000
32790  -24.350  -40.104  48.148 0.5000000000
33657  -23.611  -40.056  47.802 0.6000000238
33644  -24.454  -39.927  48.789 0.5000000000
32791  -25.019  -40.139  48.510 0.6000000238
32792  -25.750  -40.386  48.174 0.6000000238
32778  -25.507  -40.150  48.774 0.5000000000
32820  -24.831  -40.060  46.757 0.6000000238
122863  -26.144  -40.544  47.479 0.5000000000
116418  -27.925  -38.925  50.268 0.2000000030
35486  -28.683  -38.615  50.230 0.2000000030
33693  -24.006  -39.903  44.559 0.8000000119
110076  -26.138  -39.650  44.214 0.8000000119
32877  -26.650  -39.695  42.403 0.8000000119
36328  -29.444  -37.902  47.332 0.2000000030
37153  -30.665  -36.562  46.419 0.2000000030
126052  -40.482  -30.202  48.608 0.6999999881
33729  -24.597  -39.928  41.378 0.8000000119
128824  -25.178  -40.194  40.310 0.6999999881
33753  -27.768  -39.734  39.911 0.6999999881
33741  -25.830  -40.076  40.562 0.6999999881
34693  -28.508  -39.236  39.008 0.6999999881
35615  -28.482  -38.935  38.154 0.6999999881
38893  -44.039  -34.756  44.080 1.0000000000
127109  -43.717  -31.536  45.490 0.8999999762
114100  -44.451  -32.910  44.437 1.0000000000
39812  -44.650  -33.862  43.301 1.0000000000
35642  -25.548  -38.455  34.823 0.3000000119
35658  -26.198  -38.036  34.254 0.3000000119
38081  -44.080  -35.893  42.539 1.0000000000
38193  -32.582  -35.537  37.163 0.8000000119
38107  -44.019  -36.028  41.800 1.0000000000
38915  -43.922  -35.354  41.580 1.0000000000
39819  -44.495  -33.635  42.703 1.0000000000
40807  -44.992  -32.237  43.822 1.0000000000
110279  -28.932  -37.202  33.631 0.4000000060
35672  -30.151  -37.730  33.477 0.3000000119
38163  -43.473  -35.922  39.982 1.0000000000
126988  -30.390  -37.029  33.645 0.3000000119
35659  -31.490  -38.477  34.185 0.2000000030
38977  -41.124  -34.691  35.479 0.8999999762
32845  -25.505  -39.702  44.632 0.8000000119
33730  -25.370  -39.853  41.921 0.8000000119
33731  -26.065  -39.845  41.559 0.8000000119
43817  -41.633  -29.551  47.931 0.6999999881
34692  -27.708  -39.373  38.513 0.6999999881
124512  -27.878  -39.020  37.756 0.6999999881
39811  -30.693  -33.721  43.108 0.1000000015
129682  -43.349  -30.308  46.231 0.6999999881
35622  -27.682  -38.336  36.593 0.5000000000
35623  -28.316  -38.493  37.288 0.6999999881
36451  -27.717  -37.398  34.699 0.4000000060
36452  -28.512  -37.042  34.932 0.4000000060
36453  -29.353  -36.755  35.186 0.5000000000
37276  -31.431  -35.855  35.898 0.6999999881
42897  -45.187  -31.034  44.087 1.0000000000
37304  -30.062  -36.505  34.680 0.5000000000
37305  -30.631  -36.423  34.448 0.6000000238
37293  -30.819  -36.105  35.132 0.6000000238
41896  -44.425  -32.165  42.624 1.0000000000
35673  -31.020  -37.501  33.820 0.4000000060
39833  -43.159  -33.680  41.093 1.0000000000
42917  -43.715  -30.930  41.760 1.0000000000
41944  -42.521  -31.802  40.366 1.0000000000
43810  -41.282  -28.754  48.611 0.6000000238
37162  -29.920  -37.102  45.048 0.2000000030
42868  -42.326  -29.593  47.361 0.6999999881
42874  -42.825  -29.968  46.740 0.6999999881
40886  -41.215  -32.784  37.170 0.8999999762
44767  -42.438  -27.801  48.154 0.4000000060
125580  -44.485  -29.896  45.635 1.0000000000
119834  -45.238  -30.294  43.326 1.0000000000
110120  -44.294  -28.590  46.342 0.6000000238
44769  -43.627  -28.059  47.138 0.5000000000
108125  -45.367  -29.049  45.169 0.8000000119
43878  -44.462  -29.139  40.779 1.0000000000
43003  -40.761  -30.105  34.789 0.8999999762
45850  -42.644  -26.948  48.196 0.2000000030
45851  -43.281  -27.287  47.667 0.3000000119
45852  -43.800  -27.222  47.272 0.5000000000
45869  -45.091  -27.448  46.075 0.5000000000
44884  -43.671  -28.268  38.313 0.8999999762
43955  -39.819  -30.011  32.984 0.8000000119
43956  -40.396  -29.652  33.465 0.8000000119
45887  -46.125  -27.182  44.916 0.6000000238
121328  -45.862  -27.733  42.007 0.8999999762
44855  -45.743  -27.881  40.453 0.8999999762
44920  -44.207  -27.519  36.994 0.8999999762
115551  -46.397  -27.458  42.325 0.8999999762
44869  -45.674  -27.919  39.724 0.8999999762
117338  -46.512  -26.809  44.477 0.5000000000
44856  -46.427  -27.492  40.666 0.8999999762
110726  -46.255  -27.677  39.383 0.8999999762
46040  -42.628  -27.571  33.486 0.8000000119
46065  -40.630  -27.476  30.423 0.6000000238
47912  -46.676  -24.692  34.378 0.6999999881
46138  -39.624  -27.544  24.582 0.3000000119
45061  -41.071  -28.043  24.386 0.3000000119
45062  -41.958  -27.940  24.395 0.3000000119
130274  -46.097  -26.931  37.063 0.8999999762
46003  -46.461  -26.786  37.242 0.8999999762
47102  -39.331  -26.544  26.213 0.3000000119
45063  -42.836  -27.942  24.468 0.3000000119
48795  -51.735  -24.435  37.522 0.6999999881
48811  -50.897  -24.904  36.947 0.6999999881
110837  -44.531  -25.283  30.969 0.6999999881
47940  -44.899  -24.674  30.890 0.6999999881
48870  -44.967  -24.019  30.072 0.6999999881
49805  -45.622  -23.074  29.363 0.6999999881
49806  -46.309  -22.632  29.760 0.6999999881
50793  -47.149  -22.172  29.915 0.6999999881
50813  -46.247  -22.648  28.632 0.6999999881
50844  -46.770  -22.801  27.579 0.6999999881
50845  -47.380  -23.065  27.862 0.6999999881
111378  -42.344  -25.608  24.763 0.3000000119
48930  -42.923  -25.044  24.900 0.4000000060
48007  -43.628  -25.029  24.588 0.3000000119
48931  -43.528  -24.615  25.025 0.3000000119
108765  -47.726  -27.545  25.769 0.3000000119
47113  -41.117  -26.122  24.956 0.3000000119
122967  -42.471  -25.952  24.521 0.3000000119
115472  -48.759  -29.101  24.443 0.3000000119
48782  -51.914  -24.094  37.959 0.8000000119
49702  -52.639  -23.332  37.064 0.5000000000
51708  -52.596  -22.034  37.170 0.6000000238
123163  -42.973  -24.780  26.564 0.4000000060
49860  -45.100  -23.326  26.480 0.5000000000
47984  -42.402  -25.167  26.342 0.4000000060
48917  -43.894  -24.219  25.517 0.3000000119
48918  -44.661  -23.899  25.376 0.3000000119
49878  -45.266  -23.547  25.771 0.3000000119
49879  -46.103  -23.733  25.799 0.3000000119
49844  -47.658  -23.748  27.582 0.6000000238
47985  -47.298  -25.437  26.234 0.3000000119
47999  -46.728  -25.692  25.647 0.3000000119
123391  -46.886  -26.365  25.742 0.3000000119
47104  -48.560  -26.544  26.494 0.3000000119
46152  -48.753  -27.503  23.976 0.3000000119
45077  -49.759  -28.057  23.467 0.3000000119
46154  -50.159  -27.491  23.074 0.3000000119
50705  -53.440  -22.643  35.173 0.6999999881
50816  -49.032  -23.037  29.571 0.6999999881
50726  -53.592  -22.280  34.126 0.6999999881
50743  -52.785  -22.406  33.172 0.8000000119
50744  -53.198  -22.377  33.184 0.8000000119
50745  -53.670  -22.081  33.209 0.8000000119
51765  -53.845  -21.437  33.604 0.6000000238
50757  -52.488  -22.374  32.313 0.8999999762
50779  -52.239  -22.533  31.541 0.8000000119
50780  -52.781  -22.440  31.652 0.8999999762
50777  -50.702  -22.472  31.006 0.6999999881
49781  -51.489  -22.721  31.042 0.6999999881
50798  -52.397  -22.475  30.899 0.8999999762
49808  -50.279  -24.157  29.169 0.6999999881
48880  -49.687  -25.204  28.026 0.6999999881
48940  -48.577  -24.465  23.246 0.4000000060
52782  -53.243  -20.556  31.756 0.8999999762
54833  -52.103  -19.145  33.006 0.6999999881
50818  -51.631  -22.822  29.881 0.8000000119
53895  -52.298  -19.330  31.711 0.8999999762
48921  -48.991  -25.365  25.403 0.4000000060
129241  -48.423  -23.187  23.498 0.4000000060
49906  -49.183  -23.435  22.630 0.4000000060
55804  -51.535  -17.937  32.441 0.6999999881
51814  -51.848  -21.684  29.711 0.8999999762
51823  -51.317  -22.015  29.068 0.8999999762
52803  -51.822  -20.814  29.882 1.0000000000
53910  -51.665  -19.977  30.062 0.8999999762
54870  -51.336  -19.182  30.319 0.8999999762
123345  -49.983  -18.650  28.880 0.8999999762
53918  -49.695  -18.986  28.306 1.0000000000
50846  -50.150  -23.496  27.588 0.6999999881
52829  -50.132  -20.826  28.136 1.0000000000
52828  -49.563  -20.147  27.686 1.0000000000
127773  -48.967  -20.719  26.691 0.8000000119
52842  -49.015  -19.929  26.970 0.8999999762
50856  -48.833  -22.106  26.080 0.5000000000
51847  -48.645  -21.083  26.060 0.6999999881
53940  -48.677  -19.440  26.260 0.8000000119
51861  -48.356  -21.503  25.115 0.6000000238
53966  -49.093  -19.196  23.765 0.6000000238
51886  -48.978  -22.033  22.845 0.4000000060
52884  -49.699  -20.899  22.798 0.5000000000
55832  -49.486  -17.366  28.535 0.6999999881
55880  -48.920  -18.126  24.684 0.8000000119
53986  -49.995  -20.139  22.908 0.5000000000
53980  -50.387  -19.556  23.140 0.5000000000
54944  -50.390  -18.746  23.464 0.5000000000
56722  -51.217  -16.734  32.431 0.6000000238
113600  -49.244  -17.487  24.819 0.8000000119
56760  -49.349  -16.657  26.420 0.8000000119
55881  -49.886  -17.326  24.356 0.6999999881
55897  -50.051  -17.928  23.820 0.6000000238
55882  -50.674  -17.371  24.168 0.6000000238
53981  -51.250  -19.411  23.364 0.5000000000
53967  -52.894  -19.353  24.197 0.5000000000
55883  -51.654  -17.754  24.271 0.5000000000
57555  -51.067  -15.946  32.860 0.5000000000
126725  -49.932  -15.057  30.584 0.6999999881
56732  -49.714  -16.217  29.642 0.6999999881
127573  -49.619  -15.865  27.541 0.6999999881
57595  -49.718  -15.976  26.862 0.6999999881
58447  -50.381  -14.973  27.689 0.6999999881
56775  -50.292  -16.337  25.370 0.8000000119
57597  -51.332  -15.348  26.445 0.6000000238
57612  -51.789  -15.752  25.827 0.6000000238
56776  -51.153  -16.237  25.198 0.6999999881
57613  -52.854  -15.943  26.174 0.4000000060
56779  -54.982  -17.239  26.633 0.4000000060
53950  -55.494  -18.611  25.882 0.4000000060
59294  -50.352  -13.634  31.418 0.6000000238
59280  -50.630  -13.421  32.534 0.6999999881
59300  -50.692  -13.245  30.000 0.6999999881
59295  -50.563  -13.073  30.919 0.6999999881
59310  -51.124  -13.428  29.287 0.6999999881
59312  -52.840  -13.041  28.887 0.6000000238
57599  -53.607  -15.391  26.952 0.6999999881
57582  -54.695  -14.948  27.481 0.6000000238
59343  -55.451  -13.148  26.990 0.6000000238
56762  -54.987  -16.444  26.912 0.6000000238
108760  -56.285  -15.151  26.643 0.6999999881
59254  -50.710  -12.893  34.528 0.6000000238
60152  -52.472  -12.573  29.557 0.6999999881
28471  -25.762  -45.965  43.058 0.1000000015
28460  -25.269  -46.482  43.330 0.1000000015
24299  -25.072  -50.970  41.336 0.1000000015
26793  -26.160  -48.596  42.043 0.1000000015
22619  -23.097  -52.892  41.766 0.1000000015
27613  -25.973  -47.878  43.136 0.1000000015
22618  -22.352  -53.292  41.692 0.1000000015
27599  -25.502  -47.038  43.692 0.1000000015
23470  -21.840  -52.886  41.061 0.1000000015
29356  -26.239  -45.843  42.257 0.1000000015
25955  -25.515  -49.279  40.959 0.1000000015
116919  -23.891  -52.482  41.756 0.1000000015
24298  -24.047  -51.583  41.251 0.1000000015
25956  -26.056  -49.234  41.492 0.1000000015
23472  -23.246  -52.102  41.223 0.1000000015
26772  -25.496  -48.151  42.106 0.1000000015
23471  -22.537  -52.532  41.199 0.1000000015
114208  -22.075  -52.171  40.555 0.1000000015
108071  -27.155  -45.830  42.228 0.1000000015
24311  -24.161  -50.702  40.626 0.1000000015
24310  -23.316  -51.235  40.540 0.1000000015
25124  -23.124  -50.477  39.900 0.1000000015
23481  -22.695  -51.872  40.705 0.1000000015
24309  -22.299  -51.270  39.945 0.1000000015
24324  -21.434  -51.432  39.695 0.1000000015
29372  -27.784  -45.756  41.360 0.1000000015
128278  -24.889  -49.843  40.616 0.1000000015
25125  -23.895  -49.925  40.026 0.1000000015
26808  -25.011  -48.920  40.673 0.1000000015
126401  -23.631  -50.589  40.236 0.1000000015
26792  -25.588  -48.710  41.312 0.1000000015
25138  -22.362  -50.191  39.637 0.1000000015
109573  -21.729  -49.781  39.623 0.1000000015
25967  -24.360  -49.263  40.271 0.1000000015
25139  -23.086  -49.642  39.714 0.1000000015
25980  -22.960  -48.977  39.817 0.1000000015
25136  -20.575  -50.600  39.557 0.1000000015
29371  -26.799  -45.958  41.285 0.1000000015
29388  -28.438  -45.374  40.642 0.1000000015
113527  -23.362  -48.320  40.845 0.1000000015
126508  -23.385  -48.664  40.201 0.1000000015
26807  -24.148  -48.585  40.572 0.1000000015
26790  -24.085  -48.128  41.518 0.1000000015
25966  -23.654  -49.125  39.957 0.1000000015
26791  -24.907  -48.367  41.314 0.1000000015
26771  -24.739  -47.865  42.268 0.1000000015
25979  -22.347  -49.395  39.707 0.1000000015
27612  -25.160  -47.450  43.046 0.1000000015
27611  -24.373  -47.353  43.116 0.1000000015
25965  -21.568  -49.123  39.943 0.1000000015
25964  -20.573  -49.295  40.360 0.1000000015
109759  -20.972  -49.815  39.646 0.1000000015
25135  -19.824  -50.712  39.649 0.1000000015
113039  -20.189  -51.208  39.506 0.1000000015
30326  -29.136  -44.687  39.981 0.1000000015
111343  -29.172  -44.179  39.074 0.1000000015
30357  -30.420  -44.085  39.078 0.1000000015
31213  -30.273  -44.035  38.241 0.1000000015
30378  -32.219  -45.220  37.510 0.1000000015
29439  -32.691  -45.753  38.160 0.1000000015
29424  -34.039  -45.900  38.124 0.1000000015
30379  -33.445  -44.633  37.189 0.1000000015
26806  -22.767  -48.575  40.320 0.1000000015
26789  -22.557  -48.335  41.116 0.1000000015
26770  -23.871  -47.756  42.556 0.1000000015
26821  -22.324  -48.873  39.976 0.1000000015
26787  -21.299  -48.854  40.665 0.1000000015
27598  -24.734  -46.905  43.445 0.1000000015
28470  -24.308  -45.960  43.009 0.1000000015
25978  -20.149  -49.979  39.829 0.1000000015
127798  -25.512  -45.837  42.380 0.1000000015
128959  -25.090  -45.906  42.905 0.1000000015
25134  -19.148  -50.791  39.779 0.1000000015
29387  -27.439  -45.755  40.328 0.1000000015
29406  -28.185  -45.251  39.855 0.1000000015
113574  -28.583  -44.247  38.572 0.1000000015
30355  -29.106  -43.894  38.377 0.1000000015
30376  -30.756  -44.392  37.624 0.1000000015
120064  -34.799  -46.280  38.592 0.1000000015
29425  -34.669  -45.496  38.176 0.1000000015
30359  -35.047  -44.667  38.014 0.1000000015
29426  -35.610  -45.371  38.550 0.1000000015
29409  -36.573  -45.672  39.187 0.1000000015
28503  -36.684  -46.767  39.636 0.1000000015
122995  -35.885  -44.347  38.453 0.1000000015
108761  -23.219  -48.088  41.844 0.1000000015
26769  -22.283  -48.388  42.240 0.1000000015
26756  -22.937  -47.842  42.875 0.1000000015
26805  -22.028  -48.679  40.506 0.1000000015
26788  -21.735  -48.628  41.329 0.1000000015
25954  -21.467  -48.747  42.164 0.1000000015
27597  -23.975  -46.950  43.375 0.1000000015
25953  -20.792  -48.968  41.460 0.1000000015
28459  -24.340  -46.549  43.262 0.1000000015
25123  -19.436  -50.198  40.074 0.1000000015
25963  -19.809  -49.702  40.415 0.1000000015
29386  -26.393  -45.997  40.385 0.1000000015
29405  -27.513  -45.378  39.406 0.1000000015
30339  -28.291  -44.744  39.135 0.1000000015
27645  -38.889  -47.732  40.971 0.1000000015
30380  -34.487  -44.116  37.443 0.1000000015
130261  -37.185  -45.168  39.434 0.1000000015
28504  -38.267  -46.826  40.484 0.1000000015
31253  -33.971  -42.888  36.721 0.1000000015
32045  -33.581  -42.487  36.311 0.1000000015
31231  -34.774  -42.882  37.307 0.1000000015
30360  -35.642  -43.416  38.059 0.1000000015
111813  -36.508  -43.703  38.749 0.1000000015
30361  -36.692  -44.673  38.999 0.1000000015
32046  -34.438  -42.012  36.798 0.1000000015
32030  -35.565  -42.377  37.874 0.1000000015
31215  -37.000  -43.181  39.045 0.1000000015
32020  -36.153  -42.381  38.391 0.1000000015
125521  -22.165  -48.265  43.080 0.1000000015
27595  -22.235  -47.822  43.460 0.1000000015
119117  -21.669  -48.429  43.727 0.1000000015
27596  -23.003  -47.144  43.349 0.1000000015
25952  -19.885  -49.421  41.116 0.1000000015
25944  -20.825  -49.014  42.604 0.1000000015
124415  -23.509  -46.408  43.257 0.1000000015
29369  -24.821  -45.811  42.031 0.1000000015
29370  -25.742  -45.930  41.364 0.1000000015
30354  -27.900  -44.536  38.373 0.1000000015
124622  -27.517  -45.033  38.772 0.1000000015
29410  -37.833  -45.724  39.909 0.1000000015
28491  -39.456  -46.878  40.908 0.1000000015
27658  -40.193  -48.205  40.811 0.1000000015
112180  -37.741  -44.667  39.713 0.1000000015
29393  -39.134  -46.143  40.671 0.1000000015
27667  -40.129  -48.014  39.898 0.1000000015
26833  -38.350  -48.673  38.731 0.1000000015
30342  -37.341  -43.831  39.342 0.1000000015
29411  -38.903  -44.986  40.332 0.1000000015
28505  -40.056  -46.224  40.158 0.1000000015
114988  -39.805  -46.907  39.305 0.1000000015
32029  -35.244  -41.821  37.523 0.1000000015
31214  -36.455  -42.970  38.679 0.1000000015
30343  -38.300  -43.975  39.847 0.1000000015
30344  -39.075  -44.190  40.171 0.1000000015
28519  -39.691  -45.834  39.195 0.1000000015
32007  -36.968  -42.527  38.938 0.1000000015
30345  -39.441  -44.462  40.063 0.1000000015
32009  -38.545  -42.739  39.484 0.1000000015
31203  -39.149  -43.476  39.763 0.1000000015
27578  -21.367  -47.461  45.358 0.1000000015
113042  -21.286  -48.411  45.694 0.1000000015
26744  -21.301  -48.656  44.700 0.1000000015
27594  -21.745  -47.924  44.150 0.1000000015
25934  -21.092  -49.075  44.126 0.1000000015
29331  -21.807  -46.232  43.775 0.1000000015
25945  -21.530  -48.701  43.097 0.1000000015
25109  -19.309  -49.863  41.745 0.1000000015
25943  -20.098  -49.445  42.149 0.1000000015
122099  -20.889  -49.136  43.443 0.1000000015
29355  -23.412  -45.804  42.712 0.1000000015
25116  -19.240  -49.916  40.797 0.1000000015
29368  -23.900  -45.736  42.003 0.1000000015
109094  -24.967  -45.917  40.999 0.1000000015
111658  -26.832  -45.771  39.672 0.1000000015
29421  -26.724  -45.457  38.867 0.1000000015
30374  -27.503  -44.329  37.673 0.1000000015
28517  -38.810  -46.942  38.284 0.1000000015
28518  -39.217  -46.263  38.459 0.1000000015
28526  -37.838  -46.796  37.631 0.1000000015
27673  -37.990  -47.654  38.170 0.1000000015
32915  -35.822  -41.718  38.053 0.1000000015
28527  -38.450  -46.148  37.778 0.1000000015
32888  -37.283  -41.992  38.983 0.1000000015
30362  -39.566  -44.051  38.965 0.1000000015
114408  -37.700  -46.099  37.263 0.1000000015
32901  -36.452  -41.728  38.465 0.1000000015
31216  -39.265  -43.138  39.277 0.1000000015
112288  -39.122  -43.627  38.125 0.1000000015
27572  -21.235  -47.614  46.279 0.1000000015
28448  -21.269  -46.680  44.955 0.1000000015
25919  -20.513  -49.630  44.843 0.1000000015
129784  -20.842  -49.244  44.978 0.1000000015
28449  -21.552  -46.652  44.263 0.1000000015
27587  -21.984  -47.108  43.779 0.1000000015
25102  -20.062  -49.973  43.675 0.1000000015
25933  -20.547  -49.600  43.993 0.1000000015
29341  -22.122  -45.726  43.209 0.1000000015
28458  -22.561  -46.444  43.411 0.1000000015
25101  -19.587  -50.037  42.888 0.1000000015
25932  -20.329  -49.510  43.138 0.1000000015
29342  -22.891  -45.980  43.072 0.1000000015
29384  -24.222  -45.740  41.117 0.1000000015
29402  -24.588  -45.769  40.235 0.1000000015
29403  -25.128  -45.792  39.448 0.1000000015
29404  -26.042  -45.872  39.532 0.1000000015
30353  -27.097  -44.912  38.181 0.1000000015
27672  -37.049  -47.384  37.546 0.1000000015
26838  -36.100  -48.559  37.376 0.1000000015
28525  -37.017  -46.566  37.137 0.1000000015
30381  -38.557  -44.703  37.631 0.2000000030
28531  -36.302  -46.387  36.611 0.2000000030
28530  -35.556  -46.245  36.157 0.2000000030
32889  -37.994  -42.156  39.304 0.1000000015
32010  -39.063  -42.653  39.314 0.1000000015
31233  -39.343  -43.168  38.735 0.1000000015
30399  -38.598  -44.009  37.541 0.2000000030
127602  -37.508  -44.860  36.703 0.2000000030
124351  -36.239  -44.880  35.802 0.2000000030
32032  -39.101  -42.398  38.193 0.1000000015
125817  -38.630  -43.382  37.461 0.1000000015
30406  -37.401  -44.038  36.377 0.2000000030
30405  -36.575  -44.046  35.716 0.2000000030
25884  -20.731  -50.084  48.705 0.1000000015
25885  -21.070  -49.681  48.459 0.1000000015
25892  -21.045  -49.883  47.669 0.1000000015
26722  -21.254  -49.068  48.086 0.1000000015
26728  -21.199  -49.219  47.243 0.1000000015
25087  -20.372  -50.180  46.702 0.1000000015
25900  -20.858  -49.907  46.910 0.1000000015
28435  -21.033  -46.868  46.926 0.1000000015
28441  -21.031  -46.784  45.864 0.1000000015
25092  -20.201  -49.990  46.189 0.1000000015
26734  -21.070  -49.248  46.402 0.1000000015
118331  -21.260  -48.453  46.720 0.1000000015
27568  -21.235  -47.722  47.081 0.1000000015
25908  -20.486  -49.676  45.623 0.1000000015
25920  -20.963  -49.226  45.599 0.1000000015
29330  -21.124  -45.985  44.378 0.1000000015
29340  -21.446  -45.640  43.696 0.1000000015
30292  -21.997  -45.277  42.675 0.1000000015
29367  -23.089  -45.492  41.921 0.1000000015
115939  -23.502  -45.508  41.247 0.1000000015
29385  -25.465  -45.968  40.311 0.1000000015
29420  -25.705  -45.613  38.718 0.1000000015
29438  -26.209  -45.243  38.045 0.1000000015
27677  -35.765  -47.815  36.966 0.2000000030
28529  -34.875  -46.947  36.147 0.2000000030
27681  -33.776  -47.762  35.233 0.2000000030
126097  -35.953  -41.245  38.066 0.2000000030
113083  -36.906  -41.433  38.600 0.1000000015
29452  -35.568  -45.413  35.723 0.2000000030
29450  -34.030  -45.992  35.249 0.2000000030
28534  -33.521  -46.731  35.061 0.2000000030
123215  -39.025  -42.057  38.920 0.2000000030
30404  -35.738  -44.522  35.381 0.2000000030
29451  -34.769  -45.125  35.200 0.2000000030
28536  -34.802  -46.086  35.711 0.2000000030
129507  -38.771  -42.359  37.482 0.2000000030
125455  -37.035  -43.371  35.945 0.2000000030
26716  -21.294  -48.863  48.912 0.1000000015
27554  -21.353  -48.008  49.305 0.1000000015
27560  -21.303  -48.140  48.452 0.1000000015
28418  -21.138  -47.164  48.777 0.1000000015
118594  -21.271  -48.342  47.588 0.1000000015
28427  -20.894  -46.549  47.849 0.1000000015
29313  -20.727  -46.084  46.339 0.1000000015
29301  -20.737  -46.105  47.140 0.1000000015
29324  -20.802  -46.032  45.381 0.1000000015
30281  -20.885  -45.258  44.065 0.1000000015
30291  -21.327  -45.127  43.229 0.1000000015
30304  -22.269  -45.157  41.983 0.1000000015
29383  -22.658  -45.125  41.025 0.1000000015
107952  -23.546  -45.419  40.220 0.1000000015
112738  -24.255  -45.525  39.372 0.1000000015
29419  -24.823  -45.514  38.653 0.1000000015
29418  -24.057  -45.212  38.542 0.1000000015
29437  -25.317  -45.324  37.982 0.1000000015
30372  -25.730  -44.876  37.377 0.1000000015
30373  -26.635  -44.649  37.490 0.1000000015
28539  -32.916  -46.502  34.396 0.2000000030
27684  -32.987  -47.190  33.852 0.2000000030
32031  -38.786  -41.799  37.625 0.2000000030
30410  -34.358  -44.542  34.665 0.2000000030
125743  -33.401  -45.976  34.782 0.2000000030
31254  -37.616  -43.126  36.382 0.2000000030
121911  -35.964  -42.922  35.008 0.2000000030
31273  -35.941  -43.621  35.157 0.2000000030
30411  -35.147  -44.133  34.830 0.2000000030
31274  -36.541  -43.054  35.427 0.2000000030
29287  -20.461  -45.689  49.481 0.1000000015
116623  -21.162  -47.441  47.806 0.1000000015
28417  -20.708  -46.152  48.624 0.1000000015
29300  -20.620  -45.693  47.690 0.1000000015
29312  -20.523  -45.458  46.804 0.1000000015
29323  -20.514  -45.368  45.891 0.1000000015
30261  -20.198  -44.763  46.354 0.1000000015
30272  -20.284  -44.784  45.432 0.1000000015
30273  -20.645  -45.328  44.948 0.1000000015
30280  -20.397  -44.741  44.561 0.1000000015
30290  -20.576  -44.665  43.715 0.1000000015
30302  -20.715  -44.534  42.867 0.1000000015
30303  -21.473  -44.821  42.366 0.1000000015
31175  -20.114  -43.982  42.531 0.1000000015
30313  -21.588  -44.620  41.369 0.1000000015
30324  -21.907  -44.625  40.415 0.1000000015
130070  -23.084  -45.150  39.628 0.1000000015
30338  -22.720  -44.807  39.121 0.1000000015
29401  -23.479  -45.211  39.201 0.1000000015
30371  -23.133  -44.360  37.636 0.1000000015
124083  -24.592  -45.191  38.027 0.1000000015
30392  -24.339  -44.406  36.837 0.1000000015
116257  -24.853  -44.910  37.399 0.1000000015
52735  -52.766  -20.359  35.198 0.3000000119
29455  -32.884  -45.463  34.233 0.2000000030
29454  -32.261  -45.852  33.596 0.2000000030
28538  -32.578  -46.519  33.661 0.2000000030
30409  -33.612  -44.517  34.289 0.2000000030
29465  -31.789  -45.572  32.295 0.2000000030
32069  -37.392  -42.012  35.729 0.2000000030
32088  -34.896  -42.691  34.137 0.2000000030
31294  -32.470  -44.077  33.404 0.2000000030
32090  -36.322  -41.962  34.863 0.2000000030
31295  -34.123  -42.993  33.786 0.2000000030
32118  -32.590  -42.644  32.886 0.2000000030
30434  -30.835  -44.117  30.916 0.2000000030
32119  -33.425  -41.876  32.936 0.2000000030
121418  -29.875  -42.292  30.483 0.2000000030
32138  -30.172  -42.681  30.027 0.2000000030
33022  -29.841  -41.961  29.865 0.2000000030
36536  -30.264  -37.451  28.240 0.2000000030
42091  -33.579  -31.569  29.054 0.2000000030
42108  -33.883  -30.942  28.556 0.3000000119
43050  -35.082  -30.123  28.890 0.3000000119
29461  -31.778  -45.392  33.020 0.2000000030
30423  -31.380  -44.770  32.488 0.2000000030
31303  -31.854  -43.470  32.850 0.2000000030
31302  -31.170  -44.002  32.489 0.2000000030
30428  -30.877  -44.240  31.518 0.2000000030
32106  -35.204  -41.917  33.994 0.2000000030
32988  -34.848  -41.387  33.551 0.2000000030
32116  -30.975  -43.199  32.257 0.2000000030
31301  -30.719  -43.771  31.878 0.2000000030
31316  -30.707  -43.509  30.339 0.2000000030
33008  -32.270  -41.105  32.133 0.2000000030
109545  -30.014  -42.315  31.172 0.2000000030
43974  -38.199  -29.281  30.455 0.4000000060
33862  -31.175  -40.817  31.601 0.2000000030
33861  -30.168  -40.938  31.043 0.2000000030
34794  -29.873  -39.814  30.145 0.2000000030
34806  -29.764  -39.533  29.253 0.2000000030
43972  -37.139  -29.989  30.375 0.4000000060
35719  -30.487  -38.063  29.910 0.2000000030
36525  -30.271  -37.705  29.074 0.2000000030
37363  -30.985  -36.126  28.561 0.2000000030
43037  -35.596  -30.474  29.784 0.4000000060
38289  -31.155  -35.545  28.215 0.2000000030
39951  -32.099  -33.477  28.586 0.2000000030
40978  -32.944  -32.021  28.847 0.2000000030
42092  -34.253  -31.233  29.350 0.3000000119
38281  -31.570  -35.429  28.895 0.2000000030
39037  -31.797  -34.666  28.730 0.2000000030
46885  -44.352  -26.172  46.993 0.2000000030
32976  -36.477  -41.221  34.627 0.2000000030
32990  -35.855  -41.046  34.079 0.2000000030
33835  -35.266  -40.860  33.627 0.2000000030
123495  -35.415  -41.361  33.916 0.2000000030
33001  -33.743  -41.050  32.718 0.2000000030
33848  -33.074  -40.644  32.374 0.2000000030
43029  -37.815  -29.907  30.785 0.4000000060
43965  -38.647  -29.523  31.125 0.4000000060
33863  -32.264  -40.345  31.894 0.2000000030
111804  -31.492  -40.038  31.476 0.2000000030
33872  -30.505  -40.114  30.972 0.2000000030
108612  -36.398  -30.219  30.096 0.4000000060
34795  -30.505  -39.352  30.620 0.2000000030
35700  -30.076  -38.955  30.017 0.2000000030
36526  -30.962  -37.225  29.665 0.2000000030
37353  -31.434  -36.339  29.423 0.2000000030
39940  -32.576  -33.459  29.262 0.2000000030
40977  -32.410  -32.713  28.563 0.2000000030
40960  -33.045  -32.747  29.390 0.2000000030
129852  -45.035  -24.923  46.300 0.2000000030
47791  -44.912  -25.718  46.518 0.3000000119
47801  -45.653  -25.549  45.620 0.2000000030
33836  -35.767  -40.422  33.849 0.3000000119
110464  -34.452  -39.875  32.773 0.2000000030
33864  -33.069  -39.887  32.159 0.2000000030
33849  -33.846  -40.287  32.541 0.2000000030
129304  -37.361  -30.292  30.762 0.5000000000
34783  -31.304  -39.389  31.163 0.2000000030
43028  -36.908  -30.668  30.755 0.5000000000
35701  -31.093  -38.570  30.668 0.2000000030
36511  -31.372  -37.640  30.374 0.2000000030
110482  -35.316  -31.048  30.129 0.3000000119
42078  -36.000  -30.993  30.521 0.5000000000
111591  -32.139  -34.854  29.380 0.2000000030
40947  -33.704  -32.636  29.987 0.2000000030
39031  -32.127  -34.110  29.008 0.2000000030
48688  -45.926  -24.212  45.228 0.1000000015
127733  -46.753  -24.697  44.273 0.1000000015
47813  -46.810  -25.407  44.301 0.1000000015
124293  -47.202  -25.047  43.695 0.2000000030
110696  -47.275  -24.153  43.322 0.3000000119
47824  -47.553  -25.838  43.038 0.4000000060
47834  -48.110  -25.716  41.555 0.3000000119
48734  -48.271  -25.406  40.883 0.3000000119
48752  -48.379  -24.702  40.007 0.3000000119
48766  -49.169  -24.741  39.319 0.4000000060
45940  -47.737  -26.803  40.675 0.5000000000
45963  -47.539  -26.931  39.757 0.8000000119
46974  -49.086  -26.162  39.040 0.6000000238
124344  -52.027  -23.593  38.023 0.5000000000
45964  -48.084  -26.633  39.305 0.8000000119
52736  -53.441  -20.752  34.752 0.4000000060
45965  -48.664  -26.399  38.908 0.8000000119
38983  -39.835  -34.505  34.538 0.6999999881
39882  -40.069  -33.765  34.954 0.6999999881
120104  -38.088  -35.326  33.977 0.6000000238
109638  -39.120  -33.928  34.311 0.6999999881
39881  -39.419  -33.464  34.504 0.5000000000
124149  -39.533  -32.358  34.549 0.6000000238
38246  -37.450  -35.676  33.787 0.5000000000
109430  -38.472  -33.847  34.000 0.5000000000
34772  -35.017  -39.299  33.029 0.3000000119
43014  -39.244  -30.385  32.554 0.6000000238
33851  -35.109  -40.169  33.330 0.2000000030
43013  -38.622  -30.753  32.156 0.5000000000
43022  -38.938  -30.033  31.861 0.6000000238
34770  -33.788  -39.488  32.304 0.2000000030
34785  -33.032  -39.100  31.794 0.2000000030
43019  -37.231  -31.123  31.287 0.5000000000
43021  -38.247  -30.328  31.474 0.6000000238
111399  -32.873  -38.222  31.495 0.2000000030
42077  -35.413  -31.487  30.515 0.4000000060
42069  -36.604  -31.416  31.136 0.4000000060
35688  -32.095  -38.784  31.341 0.2000000030
35702  -32.068  -37.966  30.934 0.2000000030
36512  -32.066  -37.276  30.650 0.2000000030
37341  -31.701  -36.878  30.145 0.2000000030
38282  -32.045  -35.621  29.728 0.2000000030
39927  -33.295  -33.542  30.084 0.2000000030
40962  -34.007  -31.900  29.763 0.2000000030
37354  -32.003  -36.243  30.074 0.2000000030
39022  -32.640  -34.251  29.756 0.2000000030
49626  -46.418  -23.188  44.422 0.1000000015
111027  -47.606  -24.444  42.544 0.3000000119
49653  -47.884  -24.198  40.962 0.3000000119
49668  -48.015  -23.331  40.129 0.1000000015
40917  -39.207  -32.568  34.224 0.6000000238
38993  -37.351  -34.742  33.529 0.4000000060
39891  -37.728  -33.864  33.497 0.5000000000
39893  -38.815  -33.176  34.011 0.5000000000
42053  -39.506  -31.813  34.248 0.6000000238
38260  -36.063  -36.042  33.175 0.4000000060
38245  -36.641  -35.365  33.338 0.4000000060
39007  -37.037  -33.965  33.085 0.5000000000
39892  -38.141  -33.031  33.326 0.5000000000
40925  -38.278  -32.232  32.866 0.6000000238
119402  -35.467  -36.331  32.804 0.4000000060
114025  -35.955  -35.271  32.922 0.4000000060
39905  -37.313  -33.254  32.784 0.5000000000
123275  -37.732  -32.616  32.655 0.5000000000
42057  -38.783  -31.767  33.158 0.5000000000
43009  -39.530  -30.700  33.268 0.6999999881
109632  -35.111  -36.896  32.702 0.4000000060
38258  -34.953  -35.495  32.202 0.4000000060
42061  -37.779  -31.989  32.233 0.5000000000
42062  -38.391  -31.498  32.496 0.5000000000
127689  -35.307  -38.617  33.092 0.3000000119
37331  -34.442  -36.774  32.228 0.3000000119
124627  -34.253  -35.827  31.873 0.3000000119
39004  -34.625  -34.938  31.839 0.4000000060
39917  -36.237  -33.044  31.980 0.5000000000
35690  -34.110  -37.614  32.110 0.3000000119
36505  -33.640  -36.745  31.636 0.3000000119
118249  -33.548  -35.835  31.330 0.3000000119
38266  -33.832  -34.975  31.263 0.2000000030
40936  -35.652  -32.558  31.317 0.4000000060
40938  -37.178  -31.752  31.673 0.5000000000
35689  -33.772  -38.547  32.042 0.2000000030
126091  -33.438  -37.685  31.683 0.3000000119
36504  -32.771  -37.253  31.163 0.3000000119
42068  -35.866  -31.779  30.989 0.5000000000
37342  -32.345  -36.625  30.586 0.2000000030
39928  -34.119  -33.177  30.619 0.2000000030
40948  -35.152  -32.097  30.740 0.4000000060
38275  -32.595  -35.075  30.118 0.2000000030
40935  -34.423  -32.362  30.397 0.2000000030
50604  -46.867  -21.897  43.441 0.1000000015
49652  -47.599  -23.690  41.953 0.3000000119
130061  -51.695  -21.989  38.077 0.4000000060
39006  -36.376  -34.512  32.884 0.4000000060
39005  -35.434  -34.848  32.379 0.4000000060
39904  -36.591  -33.634  32.551 0.4000000060
130059  -36.812  -33.134  32.352 0.5000000000
40924  -37.081  -32.575  32.158 0.5000000000
39903  -35.829  -33.927  32.200 0.4000000060
39015  -35.055  -34.197  31.748 0.3000000119
115489  -34.389  -34.354  31.406 0.2000000030
39916  -35.364  -33.372  31.591 0.3000000119
40937  -36.439  -32.190  31.543 0.4000000060
38276  -33.101  -35.414  30.790 0.2000000030
39024  -33.874  -34.024  30.892 0.2000000030
123791  -34.872  -32.864  31.006 0.3000000119
126206  -32.970  -36.278  31.017 0.2000000030
39023  -33.213  -34.540  30.502 0.2000000030
110588  -32.507  -35.861  30.401 0.2000000030
50613  -47.194  -21.640  42.720 0.1000000015
50633  -48.060  -21.947  40.305 0.2000000030
113955  -44.707  -21.508  45.001 0.1000000015
128376  -45.695  -20.600  44.294 0.1000000015
50622  -47.501  -21.388  41.967 0.1000000015
51673  -49.631  -21.508  39.171 0.2000000030
50663  -51.692  -22.857  38.172 0.3000000119
51720  -53.456  -22.183  35.822 0.4000000060
51630  -46.431  -20.841  43.955 0.1000000015
51640  -47.472  -20.418  42.622 0.1000000015
52650  -48.552  -19.891  41.429 0.1000000015
52663  -49.098  -19.760  40.694 0.1000000015
50632  -48.002  -21.048  41.266 0.1000000015
51672  -48.835  -21.354  39.845 0.2000000030
115025  -49.715  -20.298  39.866 0.2000000030
124887  -50.128  -20.750  39.207 0.2000000030
51692  -50.432  -21.673  38.731 0.2000000030
51694  -51.161  -21.824  38.403 0.3000000119
51707  -51.987  -21.524  37.687 0.5000000000
51693  -50.634  -20.789  38.792 0.2000000030
52689  -51.316  -20.911  38.265 0.3000000119
53762  -48.698  -19.075  41.461 0.1000000015
51674  -50.273  -19.829  39.467 0.1000000015
52676  -49.664  -19.210  40.157 0.1000000015
52677  -50.804  -19.988  38.813 0.1000000015
61001  -52.122  -10.969  31.936 0.6000000238
61002  -52.974  -10.647  31.652 0.5000000000
122850  -52.756  -9.162  32.837 0.5000000000
60110  -51.398  -11.469  32.272 0.6000000238
60984  -51.687  -10.649  32.743 0.5000000000
60971  -51.507  -10.179  33.224 0.5000000000
60985  -52.397  -10.035  32.644 0.5000000000
52734  -52.184  -20.180  35.739 0.3000000119
60983  -50.994  -11.122  33.268 0.5000000000
60970  -50.761  -10.663  33.622 0.5000000000
124329  -50.927  -13.712  34.369 0.6000000238
60075  -50.521  -12.722  35.075 0.4000000060
60957  -50.188  -11.263  34.137 0.3000000119
60956  -49.148  -11.560  34.057 0.3000000119
60969  -49.645  -10.621  33.631 0.3000000119
61840  -50.425  -10.395  33.674 0.5000000000
61851  -51.074  -9.694  33.399 0.5000000000
61852  -51.992  -9.371  33.152 0.5000000000
112019  -53.694  -10.401  31.188 0.5000000000
60968  -48.622  -10.980  32.903 0.3000000119
60108  -47.900  -11.714  32.130 0.3000000119
61862  -49.722  -9.632  32.320 0.3000000119
61850  -50.123  -9.799  33.351 0.5000000000
62700  -50.737  -8.967  32.880 0.5000000000
46953  -47.934  -26.602  41.105 0.4000000060
46943  -47.971  -26.229  41.652 0.5000000000
46963  -48.225  -26.436  40.342 0.5000000000
46942  -47.641  -26.363  42.265 0.4000000060
47802  -46.322  -25.558  44.863 0.2000000030
46920  -46.709  -26.187  44.392 0.3000000119
47833  -47.817  -25.551  42.273 0.3000000119
45939  -47.499  -26.857  41.276 0.5000000000
30393  -25.231  -44.463  36.732 0.1000000015
31212  -29.626  -43.762  37.995 0.1000000015
32091  -36.919  -41.632  35.254 0.2000000030
112335  -33.061  -45.325  37.506 0.1000000015
32047  -37.815  -42.379  36.307 0.2000000030
32068  -36.746  -42.306  35.377 0.2000000030
32890  -38.574  -42.061  39.160 0.1000000015
109402  -38.999  -35.492  34.156 0.6999999881
32914  -35.540  -41.173  37.733 0.1000000015
38995  -39.107  -34.645  34.212 0.6999999881
119868  -39.688  -32.882  34.776 0.6999999881
40913  -39.837  -32.179  34.892 0.6999999881
46932  -46.843  -26.800  43.896 0.6999999881
45918  -47.226  -26.722  43.012 0.6000000238
115837  -47.321  -27.036  40.858 0.6999999881
46952  -47.659  -26.616  41.623 0.5000000000
50645  -48.417  -22.596  39.657 0.2000000030
47856  -49.435  -25.570  39.092 0.5000000000
111701  -52.547  -19.550  33.812 0.5000000000
46905  -46.191  -26.351  44.988 0.4000000060
61864  -53.283  -9.588  32.116 0.5000000000
128007  -30.561  -44.197  39.656 0.1000000015
30356  -29.769  -43.949  38.755 0.1000000015
26757  -23.671  -47.382  43.155 0.1000000015
28516  -35.765  -46.241  38.958 0.1000000015
31201  -37.670  -43.198  39.429 0.1000000015
121084  -40.010  -47.308  41.063 0.1000000015
28493  -39.967  -46.387  40.790 0.1000000015
29394  -39.623  -45.768  40.571 0.1000000015
27666  -39.199  -47.838  38.913 0.1000000015
30330  -39.499  -45.144  40.316 0.1000000015
29395  -39.776  -45.861  40.586 0.1000000015
29428  -39.841  -45.394  39.940 0.1000000015
31202  -38.478  -43.370  39.709 0.1000000015
29443  -39.017  -45.373  38.176 0.1000000015
29427  -39.618  -44.916  39.091 0.1000000015
128076  -21.507  -47.973  44.867 0.1000000015
126315  -21.566  -47.306  44.540 0.1000000015
29354  -22.659  -45.581  42.591 0.1000000015
28532  -37.123  -45.677  36.713 0.2000000030
27678  -36.326  -47.162  37.023 0.1000000015
27671  -36.401  -47.827  37.386 0.1000000015
116098  -35.593  -47.037  36.615 0.2000000030
29448  -36.288  -45.592  36.158 0.2000000030
30397  -36.880  -44.857  36.192 0.2000000030
32021  -39.192  -42.525  38.848 0.1000000015
110918  -38.088  -43.608  36.945 0.2000000030
31255  -38.376  -42.809  36.971 0.1000000015
25878  -21.088  -49.433  49.200 0.1000000015
25082  -20.576  -50.324  47.282 0.1000000015
25909  -20.601  -49.762  46.262 0.1000000015
26843  -35.394  -48.653  36.790 0.2000000030
27682  -34.369  -47.750  35.978 0.2000000030
28535  -34.179  -46.865  35.616 0.2000000030
129664  -33.984  -48.442  34.965 0.2000000030
27685  -33.335  -47.405  34.514 0.2000000030
31275  -37.169  -42.694  35.849 0.2000000030
30325  -22.643  -44.988  39.994 0.1000000015
30351  -23.323  -44.808  38.404 0.1000000015
29456  -33.821  -45.264  34.755 0.2000000030
31286  -34.422  -43.688  34.289 0.2000000030
31288  -36.246  -42.505  35.067 0.2000000030
32089  -35.711  -42.399  34.558 0.2000000030
31287  -35.361  -43.250  34.643 0.2000000030
31168  -19.970  -44.219  44.161 0.1000000015
115321  -20.099  -44.129  43.349 0.1000000015
31183  -20.771  -44.325  41.977 0.1000000015
130170  -20.777  -44.137  41.214 0.1000000015
30337  -22.004  -44.523  39.589 0.1000000015
28544  -32.223  -46.248  32.971 0.2000000030
27702  -32.781  -46.745  32.668 0.2000000030
30417  -32.912  -44.540  33.866 0.2000000030
30416  -32.276  -44.968  33.569 0.2000000030
31285  -33.405  -43.705  33.734 0.2000000030
32103  -32.755  -43.338  33.249 0.2000000030
30415  -31.750  -44.448  33.023 0.2000000030
32989  -35.833  -41.648  34.334 0.2000000030
32105  -34.329  -42.152  33.523 0.2000000030
32104  -33.458  -42.784  33.335 0.2000000030
31310  -30.536  -43.625  31.174 0.2000000030
33002  -34.187  -41.431  33.147 0.2000000030
33000  -32.409  -41.861  32.481 0.2000000030
33006  -30.390  -41.618  31.437 0.2000000030
33013  -29.803  -41.604  30.554 0.2000000030
33871  -29.810  -40.679  30.305 0.2000000030
121865  -29.803  -41.212  29.680 0.2000000030
37352  -30.688  -36.894  28.873 0.2000000030
30422  -30.977  -44.348  32.063 0.2000000030
32117  -31.611  -42.546  32.426 0.2000000030
32125  -30.722  -42.398  31.841 0.2000000030
32124  -30.433  -43.031  31.555 0.2000000030
130263  -33.030  -41.293  32.538 0.2000000030
33007  -31.398  -41.713  32.012 0.2000000030
35718  -29.888  -38.606  29.155 0.2000000030
43982  -35.981  -29.774  29.318 0.3000000119
38288  -30.810  -35.991  27.804 0.2000000030
39950  -31.682  -34.049  28.153 0.2000000030
42076  -34.751  -31.541  30.110 0.2000000030
47790  -44.114  -25.347  47.141 0.2000000030
33850  -34.521  -40.719  33.091 0.2000000030
48687  -45.432  -24.547  45.785 0.2000000030
120566  -45.975  -24.949  45.229 0.1000000015
43020  -37.568  -30.578  31.144 0.4000000060
34784  -32.241  -39.586  31.656 0.2000000030
48698  -46.388  -24.824  44.737 0.1000000015
119843  -46.403  -24.069  44.628 0.1000000015
48705  -46.826  -24.066  44.001 0.1000000015
47814  -47.175  -26.047  43.764 0.2000000030
127838  -47.556  -25.028  42.990 0.3000000119
48733  -47.892  -24.908  41.733 0.3000000119
125343  -48.542  -25.529  40.276 0.3000000119
47850  -48.571  -25.980  40.367 0.4000000060
47844  -48.267  -26.149  41.031 0.4000000060
47855  -48.839  -25.575  39.760 0.5000000000
45951  -47.899  -26.679  40.007 0.6999999881
46964  -48.823  -26.129  39.685 0.5000000000
46973  -48.448  -26.414  39.528 0.6000000238
38994  -38.279  -34.653  33.972 0.5000000000
34771  -34.339  -39.147  32.540 0.2000000030
125922  -37.865  -31.150  31.774 0.5000000000
49627  -46.853  -23.109  43.702 0.1000000015
49617  -45.883  -23.333  45.094 0.1000000015
49640  -47.300  -23.092  42.873 0.2000000030
49667  -47.535  -22.629  41.160 0.2000000030
40916  -38.707  -32.449  33.545 0.5000000000
127163  -39.061  -31.972  33.755 0.6000000238
37326  -34.955  -36.161  32.382 0.4000000060
42063  -38.958  -31.070  32.870 0.6000000238
39915  -34.606  -33.662  31.223 0.3000000119
51620  -45.806  -21.377  44.539 0.1000000015
50603  -46.437  -22.107  44.182 0.1000000015
125003  -47.331  -22.519  42.134 0.1000000015
51660  -48.565  -20.772  40.730 0.2000000030
126351  -45.180  -21.005  44.698 0.1000000015
51631  -47.043  -20.661  43.289 0.1000000015
51650  -48.028  -20.153  42.008 0.1000000015
127338  -48.324  -19.347  41.872 0.1000000015
61849  -49.179  -10.213  32.806 0.3000000119
60127  -47.618  -11.766  30.932 0.3000000119
34538  -24.296  -39.153  49.476 0.3000000119
120467  -24.568  -39.693  49.129 0.3000000119
128654  -21.138  -37.847  49.814 0.5000000000
108815  -21.020  -38.138  49.627 0.4000000060
33613  -24.759  -39.426  49.369 0.3000000119
34539  -25.007  -39.197  49.576 0.3000000119
34534  -21.096  -38.373  49.393 0.6000000238
34553  -21.931  -39.012  48.939 0.5000000000
128723  -25.075  -39.737  49.212 0.4000000060
33631  -25.651  -39.949  49.152 0.4000000060
34565  -21.682  -39.132  48.453 0.6000000238
35458  -20.185  -37.728  49.906 0.4000000060
44986  -39.245  -28.093  29.923 0.4000000060
46075  -38.909  -27.847  29.206 0.4000000060
45069  -52.388  -28.848  24.248 0.2000000030
45079  -51.932  -28.411  23.737 0.2000000030
124493  -52.699  -28.176  23.980 0.2000000030
46147  -53.438  -27.678  24.232 0.2000000030
46148  -54.414  -27.307  24.896 0.2000000030
46128  -54.856  -27.770  25.699 0.2000000030
46155  -51.471  -27.868  23.336 0.3000000119
46157  -52.830  -27.125  23.598 0.2000000030
47130  -53.887  -26.604  24.189 0.2000000030
47139  -52.106  -26.559  23.108 0.3000000119
47140  -53.044  -26.148  23.539 0.2000000030
47131  -54.842  -26.417  25.035 0.2000000030
113584  -54.492  -25.839  24.554 0.2000000030
48023  -50.361  -25.335  22.540 0.3000000119
48941  -52.206  -24.980  22.963 0.2000000030
48018  -53.055  -25.214  23.490 0.2000000030
48943  -53.914  -23.792  23.840 0.2000000030
120369  -55.289  -24.196  24.564 0.2000000030
48942  -53.825  -24.665  23.913 0.2000000030
52751  -52.968  -19.928  34.347 0.4000000060
53864  -52.247  -19.553  34.145 0.4000000060
53876  -51.898  -19.168  33.584 0.5000000000
54823  -51.598  -18.720  33.158 0.5000000000
50897  -49.363  -22.521  22.633 0.4000000060
109599  -50.918  -22.951  22.525 0.3000000119
49908  -51.862  -23.367  22.784 0.3000000119
48935  -56.408  -24.105  24.868 0.2000000030
48947  -49.405  -24.295  22.558 0.3000000119
108953  -51.074  -23.905  22.548 0.3000000119
49909  -52.008  -24.133  22.855 0.2000000030
49900  -53.187  -23.185  23.518 0.2000000030
49891  -54.776  -23.527  24.239 0.2000000030
53875  -51.362  -18.865  33.593 0.4000000060
113790  -51.365  -18.528  33.295 0.3000000119
55770  -51.213  -17.834  33.116 0.4000000060
55790  -51.367  -17.852  32.923 0.4000000060
55803  -51.344  -17.206  32.772 0.5000000000
51888  -50.341  -21.401  22.645 0.4000000060
50899  -51.249  -21.910  22.735 0.3000000119
49892  -55.760  -23.410  24.512 0.2000000030
114714  -52.193  -21.959  23.119 0.2000000030
50892  -53.575  -22.270  23.690 0.2000000030
50882  -55.211  -22.609  24.287 0.2000000030
117709  -56.227  -22.688  24.464 0.2000000030
52879  -52.599  -20.716  23.552 0.3000000119
51883  -52.913  -21.570  23.544 0.2000000030
51874  -53.906  -21.426  23.904 0.2000000030
109715  -55.191  -21.822  24.310 0.2000000030
112138  -51.722  -19.322  33.985 0.4000000060
54822  -51.106  -18.046  33.362 0.2000000030
55769  -51.031  -17.227  33.251 0.2000000030
55788  -49.846  -17.431  33.524 0.2000000030
121491  -51.100  -16.080  33.356 0.4000000060
56699  -51.050  -16.524  33.251 0.4000000060
57543  -50.980  -15.429  33.608 0.4000000060
53968  -53.954  -19.630  24.652 0.2000000030
117772  -55.184  -19.853  24.970 0.2000000030
108767  -52.200  -19.891  23.597 0.3000000119
52867  -54.244  -20.557  24.345 0.2000000030
108611  -56.455  -20.866  24.660 0.2000000030
52880  -53.390  -20.879  23.851 0.2000000030
51876  -55.559  -21.289  24.486 0.2000000030
53863  -50.953  -19.431  34.199 0.2000000030
53874  -50.626  -18.677  33.678 0.2000000030
54821  -50.710  -17.671  33.552 0.2000000030
55787  -48.828  -17.202  32.881 0.2000000030
55768  -50.600  -16.672  33.580 0.3000000119
56698  -49.890  -15.910  34.242 0.3000000119
112320  -50.825  -15.790  33.818 0.4000000060
113018  -50.962  -14.582  34.014 0.4000000060
52869  -57.489  -20.207  24.764 0.2000000030
110824  -58.413  -20.739  23.958 0.2000000030
53969  -57.452  -19.477  25.246 0.2000000030
53970  -57.889  -19.165  25.083 0.2000000030
53984  -57.898  -19.349  24.555 0.2000000030
124893  -56.341  -19.134  25.681 0.2000000030
55902  -57.066  -17.817  24.548 0.2000000030
54947  -56.595  -18.399  23.668 0.2000000030
118649  -56.252  -18.369  26.160 0.2000000030
53951  -57.486  -18.813  25.520 0.2000000030
54948  -57.550  -18.554  24.542 0.2000000030
53983  -57.418  -19.116  23.798 0.2000000030
56781  -57.063  -16.735  26.333 0.3000000119
55886  -56.649  -17.097  24.689 0.3000000119
54946  -55.325  -18.109  23.182 0.2000000030
55869  -56.572  -17.837  26.485 0.3000000119
55870  -57.366  -17.600  26.054 0.3000000119
125193  -57.265  -17.470  25.273 0.3000000119
62717  -51.656  -8.398  32.642 0.4000000060
63678  -56.217  -7.500  26.381 0.4000000060
111261  -55.668  -9.555  25.505 0.4000000060
125361  -56.031  -8.622  26.156 0.4000000060
60187  -55.387  -12.195  26.004 0.4000000060
61932  -55.583  -10.462  26.008 0.4000000060
58475  -56.194  -14.693  25.816 0.5000000000
59349  -55.401  -13.023  25.636 0.5000000000
61049  -55.339  -11.338  25.599 0.4000000060
61941  -55.381  -10.557  25.263 0.4000000060
57620  -55.845  -15.222  25.134 0.6000000238
57619  -54.825  -15.312  24.423 0.5000000000
59355  -54.934  -13.586  24.859 0.5000000000
61048  -55.120  -12.109  25.147 0.5000000000
56794  -56.489  -16.357  24.952 0.4000000060
56809  -55.494  -16.717  24.108 0.4000000060
113936  -54.471  -16.670  23.480 0.3000000119
61020  -55.073  -10.932  28.460 0.5000000000
61032  -55.303  -11.438  27.458 0.5000000000
61040  -55.445  -11.381  26.451 0.5000000000
62791  -55.845  -9.401  26.468 0.4000000060
59354  -54.213  -14.085  24.196 0.5000000000
60192  -54.852  -12.789  24.751 0.5000000000
120491  -56.616  -15.418  25.936 0.5000000000
116569  -52.421  -8.071  32.381 0.4000000060
61865  -53.241  -8.389  32.375 0.4000000060
61885  -54.116  -8.969  31.391 0.4000000060
61886  -54.645  -9.539  30.254 0.4000000060
120044  -54.865  -10.390  29.352 0.4000000060
61916  -55.471  -10.070  27.893 0.4000000060
120301  -55.838  -9.066  27.436 0.4000000060
61940  -55.136  -10.110  24.494 0.4000000060
61070  -54.509  -10.944  23.809 0.5000000000
60207  -54.505  -12.025  24.147 0.5000000000
59368  -53.633  -13.779  23.543 0.5000000000
62738  -52.947  -7.718  31.630 0.4000000060
62740  -54.147  -7.867  30.956 0.4000000060
64541  -56.064  -6.585  26.942 0.4000000060
63636  -54.628  -7.719  30.137 0.4000000060
61904  -55.261  -9.652  28.823 0.4000000060
62781  -56.174  -8.203  26.988 0.4000000060
110292  -55.930  -8.421  25.471 0.4000000060
62803  -55.539  -9.150  24.790 0.4000000060
63689  -56.091  -7.344  25.379 0.4000000060
62811  -55.132  -9.189  23.952 0.4000000060
61951  -54.539  -10.003  23.396 0.4000000060
63668  -56.194  -7.215  27.283 0.4000000060
62812  -55.689  -8.325  24.586 0.4000000060
63699  -55.252  -8.291  23.642 0.4000000060
62820  -54.539  -9.062  22.861 0.4000000060
63700  -55.869  -7.391  24.350 0.4000000060
47120  -57.058  -25.707  26.331 0.2000000030
48003  -56.346  -25.416  25.635 0.2000000030
48011  -54.692  -24.992  24.496 0.2000000030
47132  -55.307  -25.612  25.100 0.2000000030
126653  -57.117  -24.825  25.479 0.2000000030
35482  -20.472  -38.013  49.655 0.5000000000
34535  -21.849  -38.561  49.367 0.5000000000
33614  -25.445  -39.484  49.451 0.4000000060
114886  -49.618  -24.960  22.554 0.3000000119
53877  -52.444  -19.433  33.375 0.6000000238
56711  -51.242  -16.599  33.058 0.4000000060
52878  -51.724  -20.500  23.197 0.3000000119
129057  -51.510  -19.973  23.241 0.3000000119
55854  -56.780  -17.256  26.624 0.3000000119
61004  -54.173  -10.292  30.647 0.5000000000
58376  -50.773  -14.247  34.841 0.4000000060
46156  -52.299  -27.770  23.584 0.2000000030
129717  -52.832  -27.694  23.816 0.2000000030
45071  -54.005  -28.171  25.002 0.2000000030
124832  -51.951  -27.296  23.234 0.2000000030
47138  -50.993  -27.072  22.878 0.3000000119
48017  -52.369  -25.748  23.134 0.2000000030
48010  -53.834  -25.578  24.018 0.2000000030
47144  -51.381  -25.834  22.721 0.3000000119
48949  -51.227  -24.782  22.617 0.3000000119
113067  -52.958  -24.214  23.412 0.2000000030
48934  -54.480  -24.235  24.218 0.2000000030
48012  -55.819  -24.868  25.026 0.2000000030
120237  -49.922  -22.968  22.488 0.3000000119
50898  -50.202  -22.243  22.532 0.4000000060
49899  -52.514  -23.585  23.153 0.3000000119
50890  -51.950  -22.605  22.871 0.3000000119
129608  -52.477  -23.037  23.125 0.2000000030
49907  -50.107  -23.677  22.467 0.3000000119
48948  -50.286  -24.498  22.482 0.3000000119
50891  -52.725  -22.443  23.341 0.2000000030
49901  -54.197  -22.910  23.892 0.2000000030
55789  -51.187  -17.110  33.036 0.4000000060
51889  -51.099  -20.980  22.818 0.3000000119
51882  -51.984  -21.274  23.148 0.2000000030
50893  -54.474  -22.059  24.008 0.2000000030
50883  -56.176  -21.836  24.465 0.2000000030
53982  -53.234  -20.164  23.999 0.3000000119
51875  -54.769  -21.299  24.281 0.2000000030
54932  -54.816  -19.075  25.326 0.2000000030
52868  -55.414  -20.650  24.658 0.2000000030
123063  -56.448  -20.044  25.072 0.2000000030
51877  -57.541  -21.240  24.434 0.2000000030
56710  -49.638  -16.740  33.684 0.2000000030
57528  -50.449  -15.110  34.601 0.4000000060
52870  -58.119  -20.421  24.273 0.2000000030
114773  -57.977  -19.691  24.701 0.2000000030
52882  -58.225  -20.106  24.178 0.2000000030
53952  -57.755  -18.705  25.153 0.2000000030
52881  -57.908  -19.847  23.703 0.2000000030
110874  -57.022  -18.338  26.018 0.2000000030
55901  -56.014  -17.554  23.876 0.2000000030
130493  -56.524  -19.128  23.211 0.2000000030
53988  -55.640  -18.854  22.941 0.2000000030
54915  -57.557  -18.293  25.664 0.2000000030
54933  -57.530  -18.077  25.266 0.2000000030
56780  -56.961  -16.108  25.811 0.4000000060
56795  -57.134  -16.854  25.552 0.4000000060
55900  -54.872  -17.347  23.390 0.2000000030
55906  -54.261  -17.841  22.749 0.2000000030
61924  -55.617  -10.352  26.920 0.4000000060
58474  -55.751  -13.936  25.712 0.5000000000
58481  -55.154  -14.510  24.880 0.5000000000
56793  -55.596  -15.890  24.599 0.5000000000
124921  -56.389  -15.755  25.279 0.6000000238
57618  -54.273  -14.790  24.161 0.6000000238
61055  -55.025  -11.199  24.747 0.4000000060
56808  -54.627  -16.024  23.891 0.4000000060
57632  -53.966  -15.373  23.690 0.5000000000
56807  -53.649  -16.164  23.148 0.4000000060
59369  -54.131  -13.120  24.020 0.5000000000
62739  -53.766  -7.872  31.653 0.4000000060
62752  -54.568  -8.371  30.608 0.4000000060
62762  -54.984  -8.376  30.016 0.4000000060
61903  -55.080  -9.278  29.581 0.4000000060
60206  -53.783  -12.381  23.313 0.5000000000
63629  -53.686  -7.601  31.137 0.4000000060
62763  -55.298  -8.270  29.317 0.4000000060
47119  -55.883  -26.129  25.875 0.2000000030
129438  -57.137  -25.355  25.911 0.2000000030
35462  -24.601  -38.923  49.541 0.2000000030
126602  -25.585  -39.143  49.628 0.2000000030
34540  -27.339  -39.415  50.010 0.3000000119
37118  -24.856  -37.434  48.867 0.2000000030
36313  -25.397  -37.695  48.887 0.2000000030
36349  -26.759  -37.379  46.161 0.1000000015
37161  -26.872  -37.087  45.174 0.1000000015
35447  -19.317  -37.194  50.205 0.4000000060
36277  -19.871  -37.393  50.053 0.3000000119
35461  -23.771  -38.785  49.440 0.2000000030
36289  -24.105  -38.425  49.370 0.2000000030
35463  -25.326  -38.991  49.647 0.2000000030
35464  -26.097  -39.021  49.766 0.2000000030
107827  -23.346  -37.144  49.148 0.1000000015
36301  -24.472  -37.898  49.155 0.2000000030
36290  -24.901  -38.549  49.409 0.2000000030
35483  -25.613  -38.660  49.508 0.2000000030
125091  -26.649  -39.175  49.842 0.2000000030
38000  -19.875  -35.731  47.884 0.1000000015
38001  -20.799  -35.829  47.838 0.1000000015
37987  -21.317  -36.014  48.593 0.1000000015
37989  -22.921  -36.364  48.094 0.1000000015
37129  -23.589  -36.762  48.567 0.1000000015
37117  -24.092  -37.243  48.979 0.1000000015
111161  -25.841  -38.169  49.248 0.2000000030
35465  -27.053  -39.015  50.066 0.2000000030
38002  -21.661  -35.948  47.715 0.1000000015
37999  -18.537  -35.597  47.067 0.1000000015
115069  -19.431  -35.693  47.082 0.1000000015
38012  -21.217  -35.850  46.985 0.1000000015
114820  -22.116  -35.937  46.911 0.1000000015
38015  -24.319  -36.225  46.855 0.1000000015
35503  -28.374  -38.477  49.344 0.1000000015
109518  -19.025  -35.629  46.358 0.1000000015
109517  -19.899  -35.683  46.348 0.1000000015
109516  -20.755  -35.737  46.309 0.1000000015
38013  -22.762  -35.964  46.416 0.1000000015
36327  -28.350  -38.213  47.200 0.1000000015
36316  -28.886  -38.268  48.348 0.1000000015
38027  -20.352  -35.657  45.658 0.1000000015
128835  -22.237  -35.860  46.311 0.1000000015
38029  -22.406  -35.801  45.793 0.1000000015
108575  -20.858  -35.640  45.019 0.1000000015
108574  -21.752  -35.678  45.212 0.1000000015
36350  -27.538  -37.783  45.661 0.1000000015
36340  -28.956  -37.999  46.304 0.1000000015
36341  -29.645  -37.673  46.379 0.1000000015
38031  -24.387  -36.025  45.271 0.1000000015
38048  -24.456  -35.974  44.121 0.1000000015
37160  -26.157  -36.563  45.087 0.1000000015
37172  -27.220  -37.107  44.348 0.1000000015
36361  -27.709  -37.593  44.781 0.1000000015
36363  -29.128  -37.494  44.761 0.1000000015
124446  -22.862  -35.706  43.433 0.1000000015
38047  -23.536  -35.842  44.659 0.1000000015
108567  -23.547  -35.808  43.727 0.1000000015
124020  -25.285  -36.147  44.074 0.1000000015
37170  -25.745  -36.326  44.561 0.1000000015
36362  -28.378  -37.563  44.543 0.1000000015
37174  -29.624  -36.946  44.231 0.1000000015
128496  -20.824  -37.373  50.110 0.2000000030
36287  -21.655  -37.817  49.812 0.3000000119
119916  -17.923  -36.760  51.460 0.3000000119
113522  -18.855  -36.615  51.025 0.1000000015
37099  -20.088  -37.150  50.193 0.1000000015
37966  -19.258  -35.888  50.389 0.1000000015
37953  -20.083  -36.423  50.424 0.1000000015
37114  -20.808  -36.586  50.114 0.1000000015
37104  -21.334  -37.131  50.080 0.1000000015
36288  -22.677  -37.884  49.670 0.1000000015
113151  -23.349  -38.296  49.473 0.1000000015
112552  -18.919  -35.704  49.520 0.1000000015
114372  -19.731  -35.820  49.668 0.1000000015
37968  -21.046  -36.229  49.484 0.1000000015
128195  -21.435  -36.668  49.847 0.1000000015
114069  -22.042  -36.938  49.735 0.1000000015
37116  -22.724  -37.346  49.510 0.1000000015
37983  -17.496  -35.590  48.730 0.1000000015
37984  -18.482  -35.633  48.648 0.1000000015
37985  -19.388  -35.694  48.719 0.1000000015
37986  -20.376  -35.858  48.873 0.1000000015
37988  -22.124  -36.233  48.384 0.1000000015
35484  -26.371  -38.746  49.705 0.2000000030
115071  -17.072  -35.469  47.719 0.1000000015
115638  -18.949  -35.657  47.848 0.1000000015
37131  -25.291  -37.236  48.407 0.1000000015
36314  -26.033  -37.683  48.675 0.2000000030
36303  -26.597  -38.278  49.355 0.1000000015
109519  -18.164  -35.559  46.352 0.1000000015
37132  -25.864  -37.148  47.708 0.1000000015
36315  -26.994  -37.969  48.625 0.1000000015
37996  -15.613  -35.438  46.847 0.1000000015
37997  -16.676  -35.421  46.770 0.1000000015
37998  -17.646  -35.491  47.004 0.1000000015
38030  -23.345  -35.902  45.696 0.1000000015
110710  -24.090  -36.035  46.130 0.1000000015
37150  -24.986  -36.470  46.968 0.1000000015
37152  -26.068  -36.935  46.734 0.1000000015
35518  -27.950  -38.330  48.395 0.1000000015
126031  -17.421  -35.519  46.336 0.1000000015
38025  -18.619  -35.599  45.660 0.1000000015
108573  -22.669  -35.736  44.998 0.1000000015
109520  -16.895  -35.550  45.856 0.1000000015
108576  -19.991  -35.643  44.944 0.1000000015
37151  -25.497  -36.509  46.386 0.1000000015
36339  -27.445  -37.909  46.615 0.1000000015
111807  -28.151  -38.050  46.184 0.1000000015
38023  -16.372  -35.648  45.345 0.1000000015
38024  -17.742  -35.558  45.689 0.1000000015
108578  -18.183  -35.607  44.957 0.1000000015
127334  -22.144  -35.666  44.477 0.1000000015
38049  -25.051  -36.152  44.691 0.1000000015
108577  -19.093  -35.644  44.936 0.1000000015
38043  -19.582  -35.681  44.119 0.1000000015
38041  -17.809  -35.711  44.236 0.1000000015
108571  -18.980  -35.730  43.633 0.1000000015
36265  -17.535  -36.473  51.820 0.3000000119
37941  -18.198  -36.140  51.651 0.2000000030
37942  -18.817  -36.286  51.174 0.1000000015
37952  -19.433  -36.182  50.806 0.1000000015
37964  -17.480  -35.596  50.010 0.1000000015
37962  -14.471  -35.632  49.363 0.1000000015
111645  -15.319  -35.475  49.162 0.1000000015
37982  -16.528  -35.471  48.456 0.1000000015
115762  -15.196  -35.431  47.665 0.1000000015
115072  -16.113  -35.360  47.632 0.1000000015
108177  -15.113  -35.721  46.106 0.1000000015
37149  -14.219  -36.075  46.191 0.1000000015
38039  -15.573  -36.042  44.515 0.1000000015
108579  -17.171  -35.623  44.963 0.1000000015
38040  -16.270  -35.816  44.647 0.1000000015
37089  -17.073  -36.255  52.088 0.1000000015
37087  -15.686  -36.293  52.610 0.1000000015
37088  -16.409  -36.225  52.323 0.1000000015
37940  -17.311  -35.982  51.940 0.2000000030
37096  -17.636  -36.272  51.823 0.2000000030
117917  -15.252  -36.677  52.686 0.2000000030
37950  -17.932  -35.819  51.173 0.2000000030
127322  -15.763  -35.506  49.802 0.1000000015
37949  -16.951  -35.665  51.089 0.2000000030
109522  -16.082  -35.470  49.152 0.1000000015
108722  -16.477  -35.543  50.014 0.1000000015
44774  -39.308  -28.192  47.330 0.1000000015
37931  -16.677  -36.139  52.282 0.2000000030
119818  -14.084  -36.631  53.216 0.2000000030
37938  -15.787  -35.855  52.006 0.1000000015
37939  -16.470  -35.854  51.928 0.1000000015
37937  -14.523  -35.894  51.776 0.1000000015
37948  -15.812  -35.611  50.889 0.1000000015
37947  -14.674  -35.701  50.636 0.1000000015
37963  -15.184  -35.515  49.944 0.1000000015
43983  -36.821  -29.532  29.676 0.3000000119
43973  -37.582  -29.382  30.074 0.3000000119
110753  -34.471  -30.674  28.921 0.2000000030
43993  -35.651  -29.400  28.400 0.2000000030
43984  -37.391  -28.802  29.225 0.3000000119
43985  -38.145  -28.816  29.842 0.3000000119
43994  -36.150  -28.786  27.966 0.2000000030
45041  -43.156  -28.672  24.884 0.2000000030
44038  -41.252  -29.595  24.959 0.2000000030
112233  -41.994  -29.558  25.163 0.2000000030
44985  -38.664  -28.367  29.708 0.3000000119
44999  -37.675  -28.153  28.469 0.3000000119
46086  -38.447  -27.645  28.375 0.2000000030
44998  -36.917  -28.516  28.320 0.3000000119
46085  -37.839  -27.722  27.841 0.2000000030
44042  -45.117  -29.019  25.975 0.2000000030
45043  -45.526  -28.353  25.489 0.2000000030
45015  -36.606  -28.314  27.505 0.2000000030
45027  -36.963  -27.918  27.113 0.2000000030
46099  -37.534  -27.627  27.138 0.2000000030
46111  -37.846  -27.355  26.298 0.2000000030
45042  -44.595  -28.584  25.293 0.2000000030
121193  -35.482  -28.834  26.694 0.2000000030
45026  -36.487  -28.146  26.690 0.2000000030
46110  -37.081  -27.730  26.395 0.2000000030
46136  -37.807  -27.947  24.744 0.2000000030
45059  -39.262  -28.275  24.394 0.2000000030
44061  -40.743  -28.870  24.514 0.2000000030
43104  -50.232  -30.739  25.208 0.2000000030
128081  -48.913  -30.650  24.994 0.2000000030
44045  -48.077  -29.453  25.049 0.2000000030
126951  -46.163  -28.525  25.734 0.2000000030
46100  -38.315  -27.275  27.290 0.2000000030
46125  -45.671  -27.580  25.190 0.2000000030
47101  -38.595  -26.902  26.270 0.2000000030
46124  -44.856  -27.775  24.867 0.2000000030
46122  -38.336  -27.296  25.340 0.2000000030
45064  -43.851  -28.060  24.682 0.2000000030
46137  -38.736  -27.716  24.631 0.2000000030
43122  -50.720  -30.249  24.778 0.2000000030
44063  -48.731  -29.740  24.627 0.2000000030
43121  -49.872  -30.235  24.618 0.2000000030
45067  -50.871  -29.188  23.896 0.2000000030
45045  -47.584  -28.742  25.422 0.2000000030
113296  -46.259  -28.114  25.585 0.2000000030
46144  -45.126  -26.893  24.682 0.2000000030
46143  -44.197  -27.087  24.465 0.2000000030
44078  -50.175  -28.822  23.727 0.2000000030
45078  -51.091  -28.588  23.594 0.2000000030
45046  -48.281  -28.681  24.847 0.2000000030
110957  -46.321  -26.150  25.297 0.2000000030
57638  -53.185  -15.332  22.971 0.3000000119
58495  -53.562  -14.581  23.478 0.4000000060
59381  -53.145  -13.993  22.838 0.5000000000
62008  -57.474  -11.003  18.428 0.1000000015
116748  -57.318  -9.903  18.224 0.1000000015
62009  -58.024  -11.356  17.979 0.1000000015
64563  -56.101  -6.236  25.081 0.3000000119
64554  -56.079  -6.476  26.100 0.3000000119
108047  -53.416  -13.133  22.999 0.5000000000
129956  -53.483  -12.547  22.759 0.5000000000
62858  -57.339  -8.962  18.184 0.2000000030
62020  -57.770  -10.479  17.805 0.1000000015
62872  -57.754  -9.231  17.660 0.1000000015
61134  -58.073  -11.905  18.452 0.1000000015
61135  -58.509  -12.122  17.808 0.1000000015
62021  -58.235  -11.107  17.351 0.1000000015
52704  -51.159  -19.951  38.090 0.1000000015
53818  -51.373  -19.956  37.218 0.2000000030
52720  -51.927  -20.360  36.676 0.2000000030
63651  -55.049  -7.441  29.307 0.3000000119
63650  -54.410  -7.393  29.626 0.3000000119
63652  -55.555  -7.674  28.765 0.3000000119
62773  -55.631  -8.664  28.401 0.3000000119
63661  -55.357  -7.114  28.346 0.3000000119
63662  -55.972  -7.663  27.957 0.3000000119
64535  -55.775  -6.781  27.609 0.3000000119
64540  -55.527  -6.295  27.038 0.2000000030
65427  -55.833  -5.729  25.702 0.2000000030
65418  -55.799  -6.179  26.456 0.3000000119
64580  -55.410  -7.096  22.695 0.1000000015
61069  -53.964  -11.560  23.216 0.4000000060
63717  -55.261  -7.830  20.899 0.2000000030
63731  -55.867  -7.661  20.057 0.2000000030
60217  -53.535  -11.978  22.509 0.4000000060
61077  -53.975  -10.757  22.747 0.3000000119
130304  -56.095  -6.886  20.161 0.1000000015
64607  -56.539  -6.714  19.578 0.1000000015
63732  -56.445  -7.890  19.283 0.3000000119
64613  -57.053  -6.966  18.786 0.2000000030
63739  -57.036  -8.202  18.551 0.2000000030
64614  -57.605  -7.054  18.159 0.2000000030
63740  -57.618  -8.064  17.857 0.2000000030
63745  -58.130  -8.052  17.282 0.2000000030
111948  -58.027  -10.022  17.299 0.1000000015
62873  -58.236  -9.035  17.035 0.2000000030
61137  -58.634  -11.955  17.152 0.1000000015
63659  -53.978  -7.399  28.982 0.3000000119
63660  -54.728  -6.975  28.648 0.3000000119
129288  -55.062  -7.793  29.783 0.3000000119
64534  -55.236  -6.550  27.863 0.2000000030
64539  -54.814  -6.315  27.156 0.3000000119
65426  -55.486  -5.813  26.290 0.1000000015
108271  -53.987  -4.986  24.298 0.1000000015
66277  -55.728  -5.195  25.124 0.1000000015
66284  -55.750  -4.655  24.361 0.1000000015
129043  -56.126  -5.814  24.535 0.1000000015
67219  -55.649  -3.879  23.568 0.1000000015
123227  -55.893  -6.169  23.197 0.1000000015
113463  -55.740  -6.196  22.293 0.1000000015
116499  -55.712  -6.948  20.685 0.1000000015
67225  -55.941  -3.395  22.700 0.1000000015
108621  -56.326  -4.414  22.750 0.1000000015
65455  -56.177  -5.243  22.000 0.1000000015
64599  -56.320  -6.047  20.342 0.1000000015
64620  -58.128  -7.004  17.535 0.2000000030
63746  -58.486  -8.078  16.775 0.2000000030
114488  -58.383  -10.095  16.672 0.1000000015
60244  -58.993  -12.631  17.203 0.1000000015
53848  -51.615  -20.081  36.270 0.2000000030
129820  -51.892  -19.991  35.419 0.2000000030
53849  -52.323  -19.925  34.853 0.3000000119
62751  -53.206  -7.592  30.613 0.3000000119
63635  -54.016  -7.511  30.467 0.3000000119
63649  -53.610  -7.590  29.715 0.3000000119
63667  -54.352  -7.006  27.541 0.2000000030
61939  -52.475  -10.135  25.324 0.2000000030
62802  -52.497  -9.276  24.842 0.2000000030
62801  -51.695  -9.396  24.263 0.1000000015
63688  -52.651  -8.158  24.756 0.1000000015
64553  -55.087  -5.881  26.682 0.2000000030
62810  -51.028  -8.862  23.856 0.1000000015
63698  -51.910  -7.638  24.143 0.1000000015
127601  -52.682  -7.312  24.587 0.1000000015
64562  -53.814  -6.127  25.567 0.1000000015
64570  -51.429  -7.035  23.344 0.1000000015
65439  -52.018  -6.203  23.176 0.1000000015
64561  -53.120  -6.491  24.799 0.1000000015
65432  -53.927  -5.574  25.036 0.1000000015
65445  -51.931  -5.846  22.127 0.1000000015
127767  -52.997  -5.300  23.105 0.1000000015
65454  -51.961  -5.732  21.219 0.1000000015
66290  -52.610  -5.117  21.930 0.1000000015
67218  -54.677  -3.842  23.314 0.1000000015
66298  -52.592  -5.041  21.174 0.1000000015
67232  -54.175  -3.675  22.253 0.1000000015
66300  -56.326  -3.682  22.279 0.1000000015
66311  -56.554  -4.301  21.444 0.1000000015
123064  -56.924  -5.607  19.628 0.1000000015
65480  -57.284  -5.886  18.967 0.1000000015
130193  -53.035  -4.569  21.123 0.1000000015
67233  -54.901  -2.984  21.705 0.1000000015
66301  -56.427  -3.494  21.244 0.1000000015
65467  -56.887  -4.767  20.195 0.1000000015
117295  -57.631  -6.197  18.418 0.1000000015
64621  -58.576  -7.046  16.843 0.2000000030
63755  -58.868  -7.597  16.257 0.1000000015
62885  -58.623  -8.766  16.402 0.1000000015
59413  -59.811  -13.746  16.621 0.1000000015
60247  -59.499  -13.055  16.400 0.1000000015
62023  -58.584  -11.357  16.675 0.1000000015
62893  -58.781  -9.574  15.927 0.1000000015
62027  -58.719  -10.752  16.049 0.1000000015
53847  -51.240  -20.025  35.635 0.2000000030
53833  -50.876  -19.795  36.654 0.2000000030
110188  -51.675  -19.755  34.667 0.3000000119
62736  -51.021  -8.493  32.073 0.3000000119
62737  -51.817  -8.023  31.827 0.3000000119
62750  -52.100  -8.097  30.726 0.3000000119
62761  -52.501  -8.557  29.428 0.3000000119
62771  -53.236  -8.391  28.575 0.3000000119
61922  -52.002  -10.686  27.006 0.2000000030
61923  -52.650  -10.013  26.813 0.2000000030
61930  -52.292  -10.709  25.984 0.2000000030
61931  -52.737  -9.965  26.029 0.2000000030
62790  -52.919  -9.305  25.753 0.2000000030
114388  -52.034  -10.782  25.157 0.2000000030
62780  -53.496  -8.232  26.559 0.2000000030
63676  -53.131  -8.340  25.579 0.2000000030
63677  -53.833  -7.192  26.466 0.2000000030
63697  -50.989  -7.914  23.555 0.1000000015
64552  -54.269  -6.242  26.306 0.2000000030
64569  -50.768  -7.300  22.701 0.1000000015
64578  -51.177  -6.636  22.235 0.1000000015
66309  -52.326  -5.472  20.720 0.1000000015
67250  -53.735  -4.097  20.125 0.1000000015
68126  -56.245  -3.037  20.367 0.1000000015
109840  -56.780  -3.880  20.389 0.1000000015
65474  -57.397  -4.938  19.185 0.1000000015
120219  -58.064  -6.063  17.875 0.1000000015
63763  -59.092  -8.372  15.731 0.1000000015
61141  -59.373  -12.369  15.832 0.1000000015
62024  -58.907  -11.668  16.124 0.1000000015
53846  -50.156  -19.908  35.797 0.1000000015
110986  -50.842  -19.914  34.942 0.1000000015
57517  -50.181  -14.596  35.122 0.3000000119
58375  -50.200  -14.030  35.282 0.2000000030
125491  -49.966  -12.781  35.247 0.2000000030
60085  -49.953  -12.133  34.792 0.2000000030
61863  -50.268  -9.121  31.653 0.3000000119
61006  -48.424  -11.481  28.978 0.2000000030
62749  -50.961  -8.817  30.887 0.3000000119
61018  -50.302  -10.900  28.240 0.2000000030
113905  -50.763  -10.057  28.847 0.2000000030
61902  -51.682  -9.682  28.726 0.2000000030
61030  -50.723  -11.404  27.415 0.2000000030
61914  -51.339  -10.589  27.884 0.2000000030
61915  -52.397  -9.709  27.986 0.3000000119
61039  -51.672  -11.300  26.337 0.2000000030
113239  -53.023  -9.127  27.510 0.2000000030
62779  -53.081  -9.190  26.642 0.2000000030
62772  -53.736  -7.974  27.765 0.2000000030
64577  -50.571  -7.382  21.816 0.1000000015
64587  -51.050  -6.933  21.322 0.1000000015
66316  -52.485  -5.586  20.123 0.1000000015
66310  -52.909  -4.806  20.559 0.1000000015
67251  -54.765  -3.540  19.768 0.1000000015
67253  -56.807  -3.599  19.653 0.1000000015
65481  -57.811  -5.294  18.337 0.1000000015
65488  -58.499  -5.963  17.076 0.1000000015
116663  -58.971  -10.245  15.483 0.1000000015
62028  -59.185  -11.334  15.405 0.1000000015
58374  -49.509  -14.262  35.096 0.2000000030
125603  -49.175  -12.651  34.692 0.2000000030
60094  -48.367  -12.427  33.640 0.2000000030
61000  -48.901  -10.491  30.348 0.2000000030
61884  -49.493  -9.806  31.028 0.3000000119
130705  -48.426  -11.014  29.805 0.2000000030
107859  -50.384  -9.663  29.785 0.3000000119
61891  -51.367  -9.156  29.697 0.3000000119
61890  -49.584  -10.080  29.965 0.2000000030
63696  -50.321  -7.864  22.567 0.1000000015
118155  -50.373  -8.368  23.306 0.1000000015
65464  -51.518  -6.497  20.944 0.1000000015
65465  -51.972  -6.063  20.555 0.1000000015
67260  -55.124  -3.922  18.910 0.1000000015
67269  -57.444  -4.381  18.391 0.1000000015
66335  -57.935  -4.807  17.834 0.1000000015
124177  -58.181  -5.364  17.652 0.1000000015
130421  -58.705  -6.317  16.606 0.1000000015
62894  -59.218  -9.290  15.248 0.1000000015
61147  -59.777  -12.329  14.968 0.1000000015
61148  -60.264  -12.306  14.147 0.1000000015
62030  -59.687  -11.362  14.495 0.1000000015
58583  -60.386  -14.254  14.138 0.1000000015
59461  -60.528  -13.771  14.466 0.1000000015
58582  -60.170  -14.476  14.099 0.1000000015
60093  -47.758  -12.460  32.610 0.2000000030
63707  -50.146  -8.150  21.668 0.1000000015
63715  -50.139  -8.571  21.185 0.1000000015
64597  -51.154  -7.223  20.864 0.1000000015
66317  -53.131  -4.998  19.639 0.1000000015
66326  -54.431  -4.854  18.365 0.1000000015
67268  -56.686  -4.175  18.135 0.1000000015
66334  -57.251  -4.544  17.439 0.1000000015
114442  -59.334  -10.289  14.831 0.1000000015
120032  -60.642  -13.137  13.785 0.1000000015
62031  -60.158  -11.404  13.727 0.1000000015
59476  -60.539  -13.684  13.534 0.1000000015
61159  -60.652  -12.302  13.304 0.1000000015
59475  -60.303  -14.036  13.437 0.1000000015
60293  -60.822  -13.064  12.797 0.1000000015
61169  -60.846  -12.183  12.453 0.1000000015
64586  -50.625  -7.705  21.187 0.1000000015
64596  -50.692  -7.963  20.883 0.1000000015
64604  -51.303  -7.578  20.507 0.1000000015
64598  -51.634  -6.789  20.466 0.1000000015
66332  -54.875  -5.218  17.758 0.1000000015
66327  -55.491  -4.362  18.133 0.1000000015
66333  -55.775  -4.902  17.316 0.1000000015
119702  -58.031  -4.664  17.085 0.1000000015
66341  -56.338  -5.090  16.710 0.1000000015
65495  -58.793  -5.929  16.303 0.1000000015
63764  -59.498  -8.147  14.917 0.1000000015
66342  -57.271  -4.844  16.410 0.1000000015
66343  -58.193  -4.881  16.473 0.1000000015
62038  -59.805  -10.337  13.971 0.1000000015
62901  -59.606  -9.209  14.463 0.1000000015
129730  -60.134  -10.779  13.474 0.1000000015
116969  -60.181  -10.155  13.216 0.1000000015
65487  -54.953  -6.052  17.359 0.1000000015
66353  -57.670  -4.979  15.839 0.1000000015
65508  -58.816  -5.570  15.665 0.1000000015
64639  -59.309  -6.910  15.426 0.1000000015
66344  -58.519  -5.401  16.417 0.1000000015
62907  -59.953  -9.171  13.631 0.1000000015
62046  -60.730  -11.290  12.178 0.1000000015
62039  -60.501  -11.222  12.965 0.1000000015
115384  -60.501  -10.285  12.420 0.1000000015
65493  -55.571  -6.013  16.755 0.1000000015
65494  -56.188  -5.886  16.149 0.1000000015
65521  -59.304  -5.906  14.492 0.1000000015
119567  -59.647  -6.991  14.367 0.1000000015
63775  -59.816  -8.100  14.034 0.1000000015
63784  -60.098  -8.093  13.179 0.1000000015
62908  -60.286  -9.167  12.804 0.1000000015
64660  -59.932  -7.017  13.480 0.1000000015
129097  -59.535  -6.211  13.695 0.1000000015
63785  -60.362  -8.071  12.326 0.1000000015
65531  -59.711  -6.108  12.752 0.1000000015
64672  -60.102  -6.264  12.080 0.1000000015
37130  -24.525  -36.837  48.300 0.1000000015
37141  -24.582  -36.499  47.508 0.1000000015
37140  -23.803  -36.350  47.630 0.1000000015
38014  -23.545  -36.084  46.653 0.1000000015
123488  -25.499  -36.752  47.110 0.1000000015
37142  -25.150  -36.770  47.697 0.1000000015
38016  -24.797  -36.207  46.181 0.1000000015
107975  -26.146  -36.727  45.833 0.1000000015
63708  -54.856  -8.057  22.753 0.2000000030
63716  -54.791  -7.837  21.806 0.2000000030
110340  -55.435  -8.623  20.298 0.2000000030
64572  -55.962  -6.534  23.928 0.2000000030
62848  -55.759  -9.317  19.791 0.2000000030
111369  -54.439  -8.594  22.027 0.2000000030
62839  -54.735  -8.764  21.097 0.2000000030
114931  -55.955  -8.554  19.687 0.2000000030
111252  -51.067  -11.732  26.598 0.2000000030
61031  -51.372  -11.189  27.049 0.2000000030
61950  -51.031  -9.745  24.021 0.1000000015
61029  -49.858  -11.664  27.754 0.2000000030
61007  -49.050  -10.743  29.395 0.2000000030
116055  -47.846  -11.562  29.893 0.2000000030
111803  -48.272  -11.764  33.114 0.2000000030
61017  -49.375  -11.167  28.554 0.2000000030
61038  -51.328  -11.760  25.905 0.2000000030
36262  -14.401  -36.843  53.097 0.2000000030
36264  -16.920  -36.478  52.069 0.2000000030
36275  -18.549  -36.874  51.002 0.2000000030
35485  -27.154  -38.740  49.942 0.2000000030
47114  -45.965  -26.844  25.186 0.2000000030
45040  -42.445  -28.516  24.643 0.2000000030
45066  -49.299  -28.670  23.936 0.2000000030
47137  -50.016  -26.957  22.835 0.2000000030
47143  -50.253  -26.243  22.669 0.2000000030
52705  -51.681  -20.558  37.545 0.1000000015
52721  -52.518  -20.697  36.112 0.2000000030
59244  -50.431  -13.425  35.239 0.2000000030
60982  -48.233  -11.048  31.716 0.2000000030
61861  -48.840  -10.354  31.567 0.2000000030
60999  -48.223  -11.003  30.672 0.2000000030
36286  -20.677  -37.710  49.909 0.2000000030
36302  -25.199  -38.043  49.151 0.2000000030
36276  -19.292  -36.936  50.441 0.1000000015
36300  -23.525  -37.769  49.351 0.2000000030
125639  -22.354  -36.095  47.657 0.1000000015
37128  -22.667  -36.728  49.008 0.1000000015
115068  -20.326  -35.777  47.060 0.1000000015
38003  -22.915  -36.179  47.211 0.1000000015
35502  -27.468  -38.422  49.360 0.1000000015
38028  -21.655  -35.777  46.164 0.1000000015
38026  -19.500  -35.633  45.652 0.1000000015
124519  -21.079  -35.688  45.671 0.1000000015
38045  -21.408  -35.635  44.362 0.1000000015
36352  -29.412  -37.638  45.606 0.1000000015
38032  -25.409  -36.309  45.433 0.1000000015
37171  -26.498  -36.712  44.389 0.1000000015
36351  -28.464  -37.834  45.366 0.1000000015
37185  -26.025  -36.330  43.654 0.1000000015
36370  -27.891  -37.304  43.905 0.1000000015
37103  -20.430  -36.926  50.298 0.1000000015
37098  -19.511  -36.633  50.578 0.1000000015
37105  -22.085  -37.456  49.826 0.1000000015
37965  -18.455  -35.740  50.319 0.1000000015
109789  -18.163  -35.638  49.423 0.1000000015
37951  -18.792  -35.951  51.130 0.1000000015
130545  -19.860  -35.995  50.361 0.1000000015
37967  -20.397  -36.014  49.939 0.1000000015
37115  -21.780  -36.460  49.222 0.1000000015
115070  -18.023  -35.582  47.817 0.1000000015
36326  -27.331  -37.967  47.630 0.1000000015
36325  -26.549  -37.640  47.972 0.1000000015
38011  -16.022  -35.566  46.026 0.1000000015
36338  -26.634  -37.537  47.122 0.1000000015
38042  -18.660  -35.690  44.252 0.1000000015
109521  -16.804  -35.555  49.241 0.1000000015
37980  -14.842  -35.507  48.462 0.1000000015
37981  -15.665  -35.409  48.404 0.1000000015
38010  -14.693  -35.639  46.942 0.1000000015
38022  -15.561  -35.816  45.254 0.1000000015
38021  -14.742  -36.056  45.411 0.1000000015
125208  -15.046  -36.106  44.798 0.1000000015
108304  -16.972  -35.865  44.054 0.1000000015
37929  -15.274  -36.005  52.521 0.1000000015
37086  -14.918  -36.420  52.957 0.2000000030
116430  -15.209  -35.784  51.600 0.2000000030
109544  -36.481  -29.124  28.836 0.2000000030
44006  -35.463  -29.062  27.456 0.2000000030
44039  -42.562  -29.162  25.056 0.2000000030
45000  -38.205  -28.270  29.151 0.3000000119
45016  -37.252  -28.025  27.759 0.2000000030
44043  -46.009  -29.050  25.987 0.2000000030
127102  -43.844  -28.826  25.207 0.2000000030
45039  -36.559  -28.099  25.780 0.2000000030
43102  -48.391  -30.345  25.011 0.2000000030
43120  -49.107  -30.237  24.688 0.2000000030
44044  -46.751  -29.590  25.917 0.2000000030
45044  -46.785  -28.758  25.765 0.2000000030
44066  -51.209  -29.665  24.387 0.2000000030
44065  -50.362  -29.625  24.214 0.2000000030
44064  -49.437  -29.496  24.257 0.2000000030
118049  -50.596  -27.988  23.299 0.2000000030
58504  -53.018  -14.688  22.685 0.5000000000
59383  -53.054  -13.535  22.096 0.5000000000
65433  -56.051  -5.273  24.782 0.1000000015
62857  -56.957  -9.313  18.573 0.2000000030
60240  -58.573  -12.669  18.447 0.1000000015
66272  -55.437  -5.339  25.576 0.2000000030
63709  -55.490  -7.522  23.452 0.1000000015
64579  -55.313  -6.995  21.564 0.1000000015
130475  -53.732  -11.375  22.591 0.3000000119
110767  -54.138  -9.920  22.506 0.3000000119
65425  -54.792  -5.523  25.943 0.1000000015
66271  -54.885  -4.961  25.148 0.1000000015
66283  -55.027  -4.329  24.341 0.1000000015
66276  -55.430  -4.885  24.975 0.1000000015
66282  -54.071  -4.459  23.631 0.1000000015
127642  -55.955  -4.269  23.789 0.1000000015
111031  -56.157  -4.641  23.847 0.2000000030
65440  -56.134  -5.537  23.994 0.1000000015
66292  -56.120  -3.970  23.258 0.1000000015
67224  -55.248  -3.264  22.723 0.1000000015
65446  -56.112  -5.339  23.058 0.2000000030
114671  -55.880  -6.135  21.292 0.1000000015
68102  -55.685  -2.977  22.156 0.1000000015
65466  -56.411  -5.258  21.056 0.1000000015
61138  -58.954  -12.243  16.580 0.1000000015
60245  -59.390  -13.276  17.267 0.1000000015
63687  -51.818  -8.589  24.240 0.1000000015
64571  -52.293  -6.762  24.031 0.1000000015
64551  -53.321  -7.181  25.435 0.2000000030
65431  -52.996  -5.880  24.091 0.1000000015
66299  -53.217  -4.460  21.675 0.1000000015
66291  -53.578  -4.445  22.652 0.1000000015
67243  -53.681  -3.879  21.153 0.1000000015
67234  -56.125  -3.146  21.843 0.1000000015
67244  -54.610  -3.244  20.692 0.1000000015
68109  -55.779  -2.821  21.465 0.1000000015
67245  -56.468  -3.359  20.509 0.1000000015
68110  -56.210  -3.022  21.042 0.1000000015
66319  -57.189  -4.220  19.463 0.1000000015
61047  -51.721  -11.325  25.520 0.2000000030
67252  -55.918  -3.275  19.641 0.1000000015
68125  -55.556  -2.968  20.400 0.1000000015
64627  -58.928  -6.597  16.220 0.1000000015
59243  -49.670  -13.445  35.213 0.3000000119
123715  -50.086  -9.479  30.599 0.3000000119
61901  -49.858  -10.410  29.078 0.2000000030
65472  -52.199  -6.402  19.944 0.1000000015
66318  -54.021  -4.433  19.194 0.1000000015
67261  -56.299  -3.717  18.843 0.1000000015
67254  -57.316  -4.083  19.012 0.1000000015
66320  -57.522  -4.576  18.655 0.1000000015
66336  -58.313  -5.115  17.112 0.1000000015
59253  -48.839  -13.646  34.649 0.1000000015
63706  -49.601  -8.803  21.648 0.1000000015
66325  -53.592  -5.457  18.820 0.1000000015
67262  -57.110  -3.907  18.849 0.1000000015
60273  -60.342  -13.019  14.556 0.1000000015
65473  -52.871  -5.962  19.394 0.1000000015
59486  -60.569  -13.438  12.733 0.1000000015
64628  -59.076  -6.106  15.801 0.1000000015
65509  -59.170  -5.892  15.282 0.1000000015
62916  -60.547  -9.200  11.905 0.1000000015
66363  -58.957  -5.513  14.956 0.1000000015
64661  -60.187  -7.023  12.645 0.1000000015
55904  -52.690  -17.150  21.673 0.2000000030
56814  -52.608  -16.210  21.690 0.2000000030
58503  -52.842  -14.360  22.073 0.4000000060
61088  -53.924  -10.902  21.245 0.3000000119
60225  -53.414  -12.162  21.545 0.3000000119
61965  -53.880  -10.391  21.827 0.3000000119
61107  -53.766  -11.590  20.975 0.3000000119
61980  -54.224  -10.269  21.044 0.2000000030
57542  -48.650  -15.352  34.031 0.2000000030
57527  -49.559  -15.056  34.859 0.2000000030
60126  -47.190  -12.574  30.699 0.1000000015
60134  -47.038  -12.748  29.274 0.1000000015
111507  -48.421  -13.153  33.984 0.1000000015
60107  -47.407  -12.509  31.562 0.1000000015
114640  -47.282  -12.268  29.996 0.1000000015
56815  -53.060  -16.680  22.389 0.2000000030
60135  -47.642  -12.135  29.148 0.1000000015
60169  -50.336  -12.107  26.919 0.1000000015
59264  -47.846  -13.224  33.123 0.1000000015
62828  -54.214  -9.483  21.709 0.2000000030
60180  -50.756  -12.292  25.927 0.1000000015
116245  -52.909  -15.920  22.469 0.3000000119
57637  -52.741  -15.238  22.066 0.3000000119
61087  -53.618  -11.268  21.887 0.3000000119
55905  -53.314  -17.527  22.279 0.2000000030
118222  -52.511  -16.829  21.172 0.2000000030
58506  -52.776  -14.750  21.386 0.4000000060
61108  -54.352  -11.043  20.635 0.3000000119
32750  -14.317  -41.071  53.495 0.1000000015
32751  -15.389  -41.245  53.246 0.1000000015
32752  -16.455  -41.515  53.007 0.1000000015
36254  -12.708  -37.023  53.855 0.1000000015
32756  -14.565  -40.976  51.158 0.1000000015
124132  -15.618  -41.288  51.824 0.1000000015
36253  -12.224  -37.405  53.797 0.1000000015
35442  -11.022  -37.971  52.414 0.1000000015
114675  -13.575  -36.444  52.876 0.1000000015
37095  -14.383  -36.187  52.680 0.1000000015
127055  -12.571  -36.642  51.425 0.1000000015
113072  -12.988  -36.370  52.136 0.1000000015
37093  -12.823  -36.732  53.181 0.1000000015
36280  -11.532  -37.830  51.352 0.1000000015
36261  -13.604  -36.986  53.569 0.1000000015
37094  -13.729  -36.069  51.910 0.1000000015
45840  -41.225  -27.165  48.785 0.1000000015
46862  -43.890  -26.509  47.314 0.1000000015
124102  -43.284  -24.647  47.309 0.1000000015
47778  -42.644  -25.353  47.856 0.1000000015
47789  -42.558  -24.822  47.561 0.1000000015
48678  -43.822  -23.945  46.790 0.1000000015
48679  -44.645  -24.118  46.393 0.1000000015
36260  -12.109  -37.024  53.460 0.1000000015
36269  -11.646  -37.297  52.508 0.1000000015
35435  -11.454  -37.710  53.445 0.1000000015
36270  -12.309  -36.773  52.403 0.1000000015
36281  -11.980  -37.093  51.391 0.1000000015
37085  -13.325  -36.865  53.566 0.1000000015
114392  -44.304  -24.717  46.856 0.1000000015
47779  -43.550  -25.646  47.526 0.1000000015
57640  -52.647  -15.482  21.223 0.2000000030
58511  -52.865  -15.004  20.874 0.2000000030
58520  -53.987  -15.054  19.898 0.2000000030
114154  -53.276  -13.940  20.738 0.2000000030
58507  -52.936  -14.009  21.364 0.3000000119
58512  -53.320  -14.825  20.472 0.2000000030
58513  -53.984  -14.053  20.143 0.2000000030
59388  -53.650  -13.297  20.545 0.2000000030
57541  -47.796  -15.220  32.903 0.1000000015
124977  -53.296  -12.728  22.183 0.2000000030
59387  -53.236  -13.132  21.244 0.3000000119
60229  -53.702  -12.483  20.713 0.3000000119
54831  -49.838  -18.242  33.400 0.1000000015
111129  -50.065  -19.333  34.062 0.1000000015
124485  -48.547  -16.254  33.186 0.1000000015
57553  -47.588  -15.912  32.065 0.1000000015
54830  -48.990  -17.977  32.795 0.1000000015
56720  -48.068  -16.857  32.028 0.1000000015
55802  -48.344  -17.734  31.951 0.1000000015
57643  -52.905  -15.566  20.633 0.2000000030
118010  -54.394  -11.927  20.357 0.2000000030
59394  -54.430  -12.993  20.095 0.2000000030
60230  -55.262  -12.224  19.869 0.2000000030
62007  -56.797  -10.221  18.855 0.1000000015
61123  -55.935  -11.503  19.665 0.2000000030
61109  -55.055  -11.272  20.043 0.2000000030
61992  -56.417  -10.863  19.353 0.2000000030
62849  -56.418  -9.109  19.146 0.2000000030
115870  -56.111  -10.044  19.462 0.2000000030
62840  -55.146  -9.445  20.367 0.1000000015
61981  -54.909  -10.317  20.334 0.1000000015
121312  -55.542  -9.970  19.945 0.2000000030
125060  -54.571  -9.637  20.853 0.1000000015
61991  -55.674  -10.662  19.782 0.2000000030
23577  -36.257  -52.535  33.296 0.1000000015
24398  -36.187  -51.541  33.186 0.1000000015
120755  -35.924  -50.829  32.989 0.1000000015
32899  -19.449  -40.792  38.823 0.1000000015
24399  -36.684  -51.831  33.790 0.1000000015
121164  -36.188  -50.832  33.358 0.1000000015
118295  -35.516  -50.775  32.572 0.1000000015
25226  -35.702  -50.195  32.823 0.1000000015
25209  -35.922  -50.429  33.423 0.1000000015
26051  -35.372  -49.470  32.285 0.1000000015
26035  -35.552  -49.836  32.898 0.1000000015
25198  -36.738  -51.046  34.720 0.1000000015
25197  -36.289  -50.503  34.119 0.1000000015
25190  -36.291  -50.556  35.165 0.1000000015
115514  -35.646  -49.987  35.626 0.1000000015
26050  -35.394  -49.127  31.847 0.1000000015
26868  -35.315  -49.151  32.579 0.1000000015
26008  -35.378  -49.448  36.277 0.1000000015
114867  -35.358  -48.938  31.921 0.1000000015
26918  -35.497  -48.067  31.088 0.1000000015
26024  -35.779  -50.030  33.630 0.1000000015
26016  -35.760  -50.051  34.628 0.1000000015
26023  -35.230  -49.545  34.150 0.1000000015
26034  -35.426  -49.551  33.260 0.1000000015
26886  -35.196  -48.555  32.139 0.1000000015
26842  -34.752  -48.660  36.171 0.1000000015
26855  -34.440  -48.912  34.690 0.1000000015
26867  -34.768  -48.928  33.631 0.1000000015
111057  -35.569  -47.725  30.610 0.1000000015
118793  -53.716  -30.452  29.960 0.1000000015
27676  -35.044  -47.791  36.524 0.1000000015
26866  -34.087  -48.232  33.525 0.1000000015
26917  -34.945  -48.311  30.568 0.1000000015
119680  -35.353  -47.813  30.024 0.1000000015
113477  -53.099  -31.128  30.067 0.1000000015
26854  -33.881  -48.261  34.397 0.1000000015
27691  -33.504  -47.604  33.343 0.1000000015
27756  -35.590  -47.232  29.706 0.1000000015
40968  -52.461  -31.753  30.268 0.1000000015
28593  -34.957  -46.983  29.103 0.1000000015
39946  -51.010  -33.043  29.895 0.1000000015
40954  -51.829  -32.381  30.544 0.1000000015
42099  -53.268  -30.897  31.226 0.1000000015
42100  -53.899  -30.237  31.071 0.1000000015
28615  -34.321  -46.488  28.532 0.1000000015
39923  -50.709  -33.324  31.641 0.1000000015
118860  -51.988  -32.281  31.581 0.1000000015
40955  -52.598  -31.612  31.369 0.1000000015
42116  -53.562  -30.614  28.853 0.1000000015
42115  -52.956  -31.240  29.004 0.1000000015
26885  -34.467  -48.031  32.742 0.1000000015
27704  -35.040  -47.936  31.772 0.1000000015
40986  -52.333  -31.821  29.227 0.1000000015
40967  -51.696  -32.407  29.512 0.1000000015
114543  -54.206  -30.049  28.703 0.1000000015
43039  -54.613  -29.615  31.071 0.1000000015
27703  -33.705  -47.364  32.562 0.1000000015
109622  -34.513  -47.217  31.821 0.1000000015
27717  -35.432  -47.377  31.035 0.1000000015
27737  -35.973  -46.800  29.936 0.1000000015
113204  -50.112  -33.459  29.740 0.1000000015
43053  -54.380  -29.802  29.892 0.1000000015
43030  -54.678  -29.661  31.823 0.1000000015
43031  -55.372  -29.379  31.684 0.1000000015
27690  -32.840  -46.979  33.200 0.1000000015
28616  -35.452  -46.339  28.971 0.1000000015
39934  -50.400  -33.448  30.681 0.1000000015
29514  -34.989  -45.702  28.306 0.1000000015
30465  -34.285  -44.506  27.305 0.1000000015
114631  -39.995  -35.853  26.931 0.1000000015
38303  -39.488  -35.187  26.968 0.1000000015
37379  -39.546  -36.499  26.814 0.1000000015
40985  -51.548  -32.267  28.494 0.1000000015
27736  -35.861  -47.161  30.316 0.1000000015
43054  -54.887  -29.216  29.738 0.1000000015
28550  -33.363  -46.815  32.093 0.1000000015
39945  -49.178  -33.647  29.601 0.1000000015
39956  -49.978  -33.189  28.732 0.1000000015
43070  -53.945  -30.090  27.528 0.1000000015
44007  -54.699  -29.213  27.553 0.1000000015
43071  -54.828  -29.290  28.693 0.1000000015
43995  -55.768  -28.500  30.057 0.1000000015
28594  -35.730  -46.747  29.509 0.1000000015
45048  -54.367  -28.567  25.777 0.1000000015
45028  -54.571  -28.908  26.591 0.1000000015
28549  -32.426  -46.301  32.288 0.1000000015
28559  -33.009  -46.305  31.676 0.1000000015
42071  -54.504  -30.351  32.881 0.1000000015
29466  -32.199  -45.915  31.836 0.1000000015
29544  -35.011  -45.029  27.885 0.1000000015
42070  -45.958  -31.403  31.420 0.1000000015
30466  -35.499  -44.468  27.958 0.1000000015
42080  -45.429  -31.445  30.820 0.1000000015
31340  -35.313  -43.840  27.436 0.1000000015
39032  -43.209  -34.093  29.313 0.1000000015
40950  -44.329  -32.114  30.710 0.1000000015
39942  -43.444  -33.180  29.729 0.1000000015
111455  -42.245  -34.917  28.244 0.1000000015
39040  -42.514  -34.193  28.725 0.1000000015
126709  -41.752  -34.896  27.933 0.1000000015
39053  -41.200  -34.869  27.617 0.1000000015
114205  -40.365  -35.120  27.224 0.1000000015
130780  -40.532  -34.474  27.496 0.1000000015
37377  -38.240  -35.837  26.580 0.1000000015
111179  -39.056  -35.879  26.744 0.1000000015
37400  -37.431  -36.738  26.524 0.1000000015
128101  -37.736  -36.232  26.488 0.1000000015
36573  -37.983  -37.218  26.401 0.1000000015
37378  -38.484  -36.585  26.632 0.1000000015
35761  -37.754  -37.906  25.893 0.1000000015
113551  -53.485  -30.599  27.998 0.1000000015
42133  -52.775  -31.171  27.962 0.1000000015
130566  -51.697  -31.969  27.964 0.1000000015
41005  -51.215  -32.126  27.672 0.1000000015
40984  -50.672  -32.587  28.132 0.1000000015
43040  -55.389  -28.932  30.940 0.1000000015
28575  -35.947  -46.551  30.157 0.1000000015
40983  -49.239  -33.049  28.024 0.1000000015
44025  -53.932  -29.628  26.557 0.1000000015
43976  -55.885  -28.938  31.344 0.1000000015
28560  -34.480  -46.607  31.350 0.1000000015
28574  -35.613  -46.577  30.539 0.1000000015
28595  -35.909  -46.213  29.738 0.1000000015
39944  -48.112  -33.611  29.714 0.1000000015
44008  -55.523  -28.481  28.755 0.1000000015
43023  -54.954  -29.801  32.297 0.1000000015
29473  -33.716  -45.995  31.171 0.1000000015
29484  -34.905  -45.832  30.612 0.1000000015
29485  -35.822  -45.950  30.165 0.1000000015
109278  -35.829  -44.973  29.099 0.1000000015
39943  -47.047  -33.005  30.002 0.1000000015
40981  -46.913  -32.999  28.758 0.1000000015
45049  -55.177  -28.123  26.600 0.1000000015
29472  -32.674  -45.747  31.295 0.1000000015
30451  -35.747  -44.430  28.713 0.1000000015
40952  -46.384  -31.858  30.875 0.1000000015
40965  -46.312  -32.252  29.625 0.1000000015
42064  -54.065  -30.815  33.796 0.1000000015
30429  -31.273  -44.834  31.860 0.1000000015
29483  -33.523  -45.448  30.754 0.1000000015
30467  -35.671  -43.802  28.167 0.1000000015
40951  -44.875  -31.507  30.922 0.1000000015
30435  -31.341  -44.747  31.082 0.1000000015
31334  -35.671  -43.187  28.109 0.1000000015
32157  -35.650  -42.595  28.127 0.1000000015
40949  -43.787  -32.312  30.035 0.1000000015
42079  -44.308  -31.576  30.188 0.1000000015
32162  -35.914  -42.509  27.429 0.1000000015
33035  -35.131  -42.003  28.307 0.1000000015
39941  -42.782  -33.326  29.159 0.1000000015
40964  -43.145  -32.479  29.455 0.1000000015
33042  -35.825  -41.929  27.718 0.1000000015
39039  -41.723  -34.263  28.206 0.1000000015
39953  -42.098  -33.408  28.630 0.1000000015
39038  -40.952  -34.032  27.841 0.1000000015
38318  -38.025  -35.268  26.525 0.1000000015
38302  -38.657  -35.219  26.758 0.1000000015
36572  -36.981  -37.521  26.335 0.1000000015
43069  -52.987  -30.704  27.249 0.1000000015
42149  -52.332  -31.147  27.159 0.1000000015
41004  -50.337  -32.245  27.253 0.1000000015
42131  -51.081  -31.709  26.954 0.1000000015
42147  -50.340  -31.657  26.442 0.1000000015
41022  -49.545  -32.042  26.602 0.1000000015
41003  -49.408  -32.563  27.328 0.1000000015
123644  -48.451  -33.261  28.178 0.1000000015
43986  -56.156  -28.560  30.866 0.1000000015
29515  -35.768  -45.589  29.094 0.1000000015
40982  -47.698  -33.116  27.986 0.1000000015
44026  -55.366  -28.380  27.605 0.1000000015
44009  -56.236  -27.781  28.788 0.1000000015
110402  -56.329  -27.982  29.641 0.1000000015
43996  -56.648  -28.076  30.169 0.1000000015
42084  -55.371  -29.869  31.988 0.1000000015
42072  -55.088  -30.481  32.683 0.1000000015
30438  -35.466  -45.190  29.937 0.1000000015
29495  -35.706  -45.440  29.595 0.1000000015
46129  -55.809  -27.130  26.691 0.1000000015
45029  -56.079  -27.542  27.742 0.1000000015
42065  -54.645  -30.842  33.368 0.1000000015
30436  -33.095  -44.820  30.372 0.1000000015
31326  -35.609  -43.839  28.710 0.1000000015
42081  -45.808  -31.597  30.380 0.1000000015
42098  -45.711  -31.718  29.203 0.1000000015
47118  -55.298  -26.952  25.667 0.1000000015
40932  -54.584  -31.366  34.036 0.1000000015
118969  -32.048  -44.726  30.470 0.1000000015
29482  -32.316  -45.215  30.868 0.1000000015
108158  -44.935  -31.347  30.327 0.1000000015
129779  -44.072  -31.306  29.604 0.1000000015
42111  -44.256  -30.970  29.127 0.1000000015
33041  -34.987  -41.236  27.940 0.1000000015
40963  -42.492  -32.583  28.890 0.1000000015
42094  -42.961  -31.866  29.092 0.1000000015
33903  -35.725  -41.104  27.277 0.1000000015
33902  -34.827  -40.511  27.612 0.1000000015
39952  -41.363  -33.378  28.218 0.1000000015
40979  -41.809  -32.609  28.414 0.1000000015
123438  -35.388  -40.474  27.299 0.1000000015
109747  -40.227  -33.806  27.540 0.1000000015
39966  -40.682  -33.234  27.818 0.1000000015
39051  -39.050  -34.473  26.967 0.1000000015
39052  -39.859  -34.485  27.254 0.1000000015
110217  -37.029  -36.211  26.365 0.1000000015
38317  -37.533  -35.684  26.382 0.1000000015
120357  -36.033  -37.579  26.476 0.1000000015
37399  -36.540  -36.826  26.517 0.1000000015
42148  -51.727  -31.255  26.698 0.1000000015
43086  -52.374  -30.773  26.534 0.1000000015
130042  -48.087  -31.424  25.748 0.1000000015
42167  -49.611  -31.416  25.831 0.1000000015
42146  -47.370  -31.177  25.890 0.1000000015
41021  -48.668  -32.351  26.808 0.1000000015
41002  -48.560  -32.861  27.551 0.1000000015
128060  -47.181  -31.654  26.346 0.1000000015
41001  -46.937  -32.107  26.869 0.1000000015
111398  -47.765  -32.583  27.176 0.1000000015
43041  -56.186  -28.948  31.071 0.1000000015
42145  -46.702  -31.322  26.437 0.1000000015
41000  -46.397  -32.170  27.598 0.1000000015
45001  -56.862  -27.616  29.537 0.1000000015
45002  -57.103  -27.745  29.573 0.1000000015
43042  -56.491  -28.531  30.386 0.1000000015
42085  -55.785  -29.387  31.469 0.1000000015
30437  -34.441  -44.963  30.252 0.1000000015
30444  -35.100  -44.374  29.691 0.1000000015
42113  -45.788  -31.724  28.074 0.1000000015
128759  -55.918  -26.634  26.263 0.1000000015
46112  -56.879  -26.818  27.918 0.1000000015
45017  -56.890  -27.261  28.801 0.1000000015
119417  -55.454  -30.702  31.985 0.1000000015
30443  -33.835  -44.275  29.906 0.1000000015
124113  -35.682  -44.556  29.317 0.1000000015
42097  -45.216  -31.344  29.793 0.1000000015
42112  -45.261  -31.164  28.692 0.1000000015
30441  -31.427  -44.232  30.374 0.1000000015
30442  -32.489  -44.286  29.989 0.1000000015
31324  -34.404  -43.667  29.430 0.1000000015
32142  -34.775  -43.101  28.903 0.1000000015
31333  -35.446  -43.208  28.553 0.1000000015
43038  -44.849  -30.979  29.028 0.1000000015
43052  -45.006  -30.747  28.313 0.1000000015
31322  -31.744  -43.685  29.732 0.1000000015
32140  -32.231  -43.029  29.227 0.1000000015
32155  -34.148  -42.288  28.706 0.1000000015
32156  -35.163  -42.637  28.530 0.1000000015
116979  -43.035  -31.341  28.518 0.1000000015
42110  -43.752  -30.871  28.526 0.1000000015
32139  -30.997  -42.998  29.496 0.1000000015
32153  -31.454  -42.394  28.906 0.1000000015
118818  -33.102  -41.760  28.481 0.1000000015
42109  -42.353  -31.904  28.484 0.1000000015
42129  -43.220  -30.892  27.973 0.1000000015
32152  -30.446  -42.256  29.315 0.1000000015
33031  -30.087  -41.614  29.238 0.1000000015
33891  -31.206  -40.995  28.202 0.1000000015
34829  -35.003  -39.889  27.284 0.1000000015
42144  -41.667  -31.299  27.107 0.1000000015
35758  -33.597  -38.320  26.604 0.1000000015
40998  -40.591  -32.566  27.582 0.1000000015
34843  -35.591  -39.407  26.726 0.1000000015
36569  -34.133  -37.620  26.374 0.1000000015
37414  -35.278  -36.231  26.063 0.1000000015
108386  -38.174  -34.463  26.603 0.1000000015
39965  -39.492  -33.730  27.204 0.1000000015
40997  -39.957  -32.955  27.424 0.1000000015
35759  -34.713  -38.398  26.735 0.1000000015
37398  -35.641  -36.885  26.424 0.1000000015
38315  -36.186  -36.202  26.263 0.1000000015
39063  -37.459  -34.951  26.313 0.1000000015
39976  -38.756  -33.684  26.809 0.1000000015
116006  -38.677  -32.971  26.540 0.1000000015
35760  -35.741  -38.468  26.537 0.1000000015
36570  -35.121  -37.644  26.539 0.1000000015
43087  -53.160  -30.262  26.499 0.1000000015
43085  -51.707  -30.798  25.959 0.1000000015
43106  -52.445  -30.315  25.775 0.1000000015
43105  -50.963  -30.758  25.512 0.1000000015
122909  -47.964  -30.904  25.402 0.1000000015
43103  -49.484  -30.804  25.142 0.1000000015
44049  -53.954  -29.202  25.897 0.1000000015
43101  -47.493  -30.199  25.516 0.1000000015
43084  -46.706  -30.468  26.099 0.1000000015
43055  -56.449  -29.494  30.120 0.1000000015
44024  -46.053  -29.863  26.353 0.1000000015
42130  -46.169  -31.543  27.152 0.1000000015
43997  -57.067  -28.151  29.881 0.1000000015
42102  -56.052  -29.937  30.715 0.1000000015
43083  -45.310  -30.111  26.929 0.1000000015
43067  -45.425  -30.882  27.623 0.1000000015
47106  -56.815  -26.321  26.932 0.1000000015
46102  -57.378  -27.161  28.522 0.1000000015
45018  -57.163  -27.462  29.148 0.1000000015
42101  -55.658  -30.539  31.222 0.1000000015
31325  -35.351  -43.783  29.127 0.1000000015
43066  -44.838  -30.408  27.725 0.1000000015
43051  -44.491  -30.705  28.424 0.1000000015
33034  -34.021  -41.460  28.311 0.1000000015
43064  -42.967  -30.632  27.236 0.1000000015
33032  -30.775  -41.699  28.701 0.1000000015
33892  -32.680  -41.008  28.140 0.1000000015
128256  -42.315  -30.932  27.176 0.1000000015
113929  -42.450  -31.269  27.786 0.1000000015
120314  -29.758  -40.383  29.432 0.1000000015
33890  -30.113  -40.900  28.769 0.1000000015
34828  -33.756  -39.833  27.474 0.1000000015
41019  -40.252  -32.165  27.133 0.1000000015
34815  -29.965  -39.269  28.246 0.1000000015
33899  -30.485  -40.103  27.959 0.1000000015
36568  -33.042  -37.574  26.084 0.1000000015
37413  -34.344  -36.242  25.789 0.1000000015
41018  -39.666  -32.451  26.897 0.1000000015
35725  -30.028  -38.278  28.288 0.1000000015
37396  -33.788  -36.914  25.961 0.1000000015
38331  -34.849  -35.553  25.570 0.1000000015
39079  -36.026  -34.619  25.729 0.1000000015
41017  -39.143  -32.407  26.404 0.1000000015
38316  -36.712  -35.432  26.120 0.1000000015
39975  -37.348  -34.109  26.240 0.1000000015
41016  -37.982  -33.382  26.317 0.1000000015
41036  -38.351  -32.394  25.914 0.1000000015
44047  -52.446  -29.822  25.170 0.1000000015
44048  -53.208  -29.680  25.664 0.1000000015
45047  -53.592  -28.926  25.254 0.1000000015
124914  -47.342  -29.341  25.565 0.1000000015
43056  -56.916  -29.048  29.603 0.1000000015
42119  -56.588  -30.318  28.833 0.1000000015
44010  -57.304  -28.639  29.068 0.1000000015
44023  -45.461  -29.514  26.352 0.1000000015
44022  -44.806  -29.576  26.528 0.1000000015
46113  -57.615  -26.605  27.734 0.1000000015
45019  -57.403  -27.477  28.855 0.1000000015
43998  -57.378  -27.897  29.351 0.1000000015
44041  -44.211  -29.295  25.871 0.1000000015
47107  -57.801  -25.926  27.048 0.1000000015
44021  -43.501  -29.767  26.191 0.1000000015
124540  -44.146  -29.758  26.545 0.1000000015
112628  -43.009  -30.223  26.514 0.1000000015
43081  -43.681  -30.165  26.887 0.1000000015
117649  -32.891  -40.285  27.727 0.1000000015
43080  -42.229  -30.576  26.518 0.1000000015
33900  -31.769  -40.300  27.714 0.1000000015
35757  -32.535  -38.362  26.453 0.1000000015
42143  -40.724  -31.506  26.703 0.1000000015
43079  -41.268  -30.823  26.209 0.1000000015
34826  -31.228  -39.535  27.307 0.1000000015
36586  -33.015  -36.848  25.693 0.1000000015
38330  -33.862  -35.515  25.364 0.1000000015
39077  -34.365  -34.708  25.240 0.1000000015
42142  -39.826  -31.771  26.345 0.1000000015
35738  -30.249  -38.636  27.493 0.1000000015
35755  -30.471  -37.985  26.932 0.1000000015
39988  -35.718  -33.657  25.351 0.1000000015
107957  -36.340  -33.091  25.336 0.1000000015
41035  -37.601  -32.716  25.737 0.1000000015
39989  -36.583  -33.911  25.803 0.1000000015
44067  -52.039  -29.514  24.584 0.1000000015
44068  -52.823  -29.252  24.869 0.1000000015
45070  -53.173  -28.529  24.555 0.1000000015
43072  -57.017  -29.807  28.421 0.1000000015
42118  -56.012  -30.999  29.169 0.1000000015
46114  -58.019  -26.316  27.315 0.1000000015
46103  -57.724  -26.936  28.026 0.1000000015
47989  -57.881  -25.420  26.154 0.1000000015
47108  -58.233  -25.863  26.592 0.1000000015
44040  -43.324  -29.288  25.488 0.1000000015
34827  -32.434  -39.650  27.355 0.1000000015
35756  -31.623  -38.369  26.413 0.1000000015
35740  -31.934  -38.985  26.829 0.1000000015
35741  -33.078  -39.010  26.984 0.1000000015
43097  -38.419  -30.713  24.808 0.1000000015
42164  -39.592  -31.139  25.514 0.1000000015
36566  -31.067  -37.806  26.312 0.1000000015
36584  -31.444  -37.166  25.931 0.1000000015
36585  -32.259  -37.057  25.703 0.1000000015
38329  -32.894  -35.547  25.376 0.1000000015
41045  -36.099  -32.248  24.915 0.1000000015
42180  -37.848  -31.185  24.876 0.1000000015
42163  -38.383  -31.540  25.293 0.1000000015
37362  -30.510  -36.676  28.061 0.1000000015
36565  -30.692  -37.123  26.650 0.1000000015
37395  -31.098  -36.532  26.205 0.1000000015
38328  -32.086  -35.628  25.618 0.1000000015
118526  -32.363  -34.890  25.454 0.1000000015
127159  -34.328  -33.900  25.198 0.1000000015
41033  -35.415  -32.730  24.962 0.1000000015
41034  -36.926  -32.525  25.293 0.1000000015
42162  -37.584  -31.913  25.218 0.1000000015
45068  -51.591  -29.073  24.001 0.1000000015
118956  -57.376  -30.063  26.591 0.1000000015
43088  -57.096  -30.661  27.277 0.1000000015
44027  -57.679  -28.587  27.442 0.1000000015
122869  -56.781  -30.936  27.826 0.1000000015
45050  -57.953  -27.916  26.994 0.1000000015
45030  -57.838  -27.459  28.016 0.1000000015
42134  -56.503  -31.708  27.970 0.1000000015
46115  -58.377  -26.182  26.739 0.1000000015
40988  -55.262  -32.192  28.896 0.1000000015
48936  -57.727  -23.986  25.002 0.1000000015
48923  -58.316  -24.716  25.445 0.1000000015
44060  -39.844  -28.952  24.401 0.1000000015
43118  -38.735  -29.906  24.519 0.1000000015
43119  -39.542  -29.771  24.599 0.1000000015
113965  -31.416  -34.911  28.184 0.1000000015
126734  -31.316  -34.384  26.815 0.1000000015
39974  -31.554  -33.921  26.406 0.1000000015
41030  -32.196  -32.799  25.896 0.1000000015
41031  -33.426  -31.804  25.188 0.1000000015
130315  -33.978  -31.496  24.946 0.1000000015
42178  -35.870  -31.404  24.670 0.1000000015
43117  -37.604  -30.490  24.577 0.1000000015
38301  -31.100  -35.316  27.597 0.1000000015
38300  -30.867  -35.826  27.122 0.1000000015
39061  -31.432  -34.846  26.314 0.1000000015
120114  -31.766  -35.030  25.782 0.1000000015
39075  -32.566  -34.216  25.417 0.1000000015
39986  -33.719  -33.379  25.102 0.1000000015
41044  -35.234  -31.829  24.722 0.1000000015
130272  -57.457  -30.104  25.802 0.1000000015
44050  -57.626  -29.109  26.092 0.1000000015
121730  -57.395  -31.669  26.223 0.1000000015
42150  -57.109  -32.190  26.981 0.1000000015
46131  -58.436  -26.659  26.044 0.1000000015
41006  -56.104  -32.622  28.112 0.1000000015
48005  -58.960  -25.225  25.285 0.1000000015
39958  -55.756  -33.771  28.186 0.1000000015
49893  -56.936  -23.262  24.630 0.1000000015
43049  -34.346  -30.330  28.164 0.1000000015
44005  -34.888  -29.670  27.819 0.1000000015
113654  -36.963  -28.243  25.032 0.1000000015
40995  -31.820  -32.880  27.166 0.1000000015
43096  -35.077  -29.831  24.965 0.1000000015
44057  -35.978  -29.606  24.709 0.1000000015
129218  -37.402  -29.636  24.436 0.1000000015
44058  -38.137  -29.275  24.379 0.1000000015
39964  -31.505  -33.667  27.170 0.1000000015
118780  -31.805  -33.136  26.519 0.1000000015
42158  -32.652  -31.970  25.784 0.1000000015
42159  -33.215  -31.232  25.791 0.1000000015
42160  -33.883  -30.942  25.242 0.1000000015
43115  -35.662  -30.504  24.651 0.1000000015
43116  -36.677  -30.225  24.487 0.1000000015
115360  -57.498  -30.210  25.138 0.1000000015
109054  -57.758  -28.375  24.463 0.1000000015
44069  -57.592  -29.178  24.928 0.1000000015
109562  -57.866  -27.747  23.861 0.1000000015
45072  -58.000  -27.897  25.816 0.1000000015
42151  -57.824  -33.226  25.998 0.1000000015
41023  -57.525  -33.865  26.526 0.1000000015
47134  -58.871  -25.778  24.646 0.1000000015
46150  -58.583  -26.438  25.144 0.1000000015
41007  -56.802  -33.160  27.295 0.1000000015
48013  -59.194  -24.847  24.616 0.1000000015
125484  -56.516  -33.867  27.544 0.1000000015
50886  -58.951  -22.514  24.160 0.1000000015
49895  -59.137  -23.330  24.379 0.1000000015
48938  -59.206  -24.091  24.557 0.1000000015
48924  -58.979  -24.658  25.189 0.1000000015
50884  -57.261  -22.322  24.464 0.1000000015
49894  -58.303  -23.016  24.574 0.1000000015
42107  -33.137  -31.360  28.115 0.1000000015
43062  -33.682  -30.662  27.625 0.1000000015
44018  -34.845  -29.352  26.700 0.1000000015
45025  -35.936  -28.476  26.283 0.1000000015
46121  -37.390  -27.715  25.532 0.1000000015
42125  -32.577  -31.686  27.343 0.1000000015
43078  -34.169  -29.943  26.219 0.1000000015
44034  -34.802  -29.473  25.704 0.1000000015
44035  -35.526  -29.121  25.211 0.1000000015
41015  -32.200  -32.278  26.649 0.1000000015
42139  -32.767  -31.470  26.459 0.1000000015
123702  -57.797  -31.635  24.498 0.1000000015
42187  -58.451  -32.682  23.534 0.1000000015
109068  -57.570  -30.164  23.321 0.1000000015
108882  -57.560  -30.278  24.224 0.1000000015
109052  -57.541  -28.872  23.514 0.1000000015
127186  -57.562  -29.351  24.033 0.1000000015
42170  -58.063  -32.732  25.240 0.1000000015
118474  -57.864  -26.621  23.094 0.1000000015
48026  -58.243  -25.170  23.045 0.1000000015
47141  -58.376  -26.231  23.668 0.1000000015
47133  -58.386  -26.772  24.221 0.1000000015
48953  -59.180  -23.704  23.486 0.1000000015
48019  -58.878  -25.266  23.693 0.1000000015
114398  -57.225  -34.528  27.007 0.1000000015
51879  -58.669  -21.873  23.968 0.1000000015
49902  -59.273  -22.983  23.775 0.1000000015
48944  -59.330  -24.325  23.939 0.1000000015
39967  -56.668  -34.903  27.467 0.1000000015
50885  -58.302  -21.985  24.255 0.1000000015
39043  -55.966  -35.107  28.038 0.1000000015
109179  -58.025  -31.506  22.819 0.1000000015
43130  -57.806  -31.243  23.660 0.1000000015
42181  -58.491  -33.111  24.378 0.1000000015
125054  -57.459  -28.236  22.992 0.1000000015
44085  -57.354  -29.509  22.749 0.1000000015
47145  -56.226  -26.634  22.292 0.1000000015
46163  -57.400  -27.302  22.790 0.1000000015
126923  -58.418  -33.945  25.380 0.1000000015
48951  -57.660  -24.544  22.741 0.1000000015
48025  -57.354  -25.528  22.725 0.1000000015
39979  -58.162  -34.444  25.816 0.1000000015
110319  -58.199  -21.441  23.021 0.1000000015
49911  -58.242  -22.902  22.745 0.1000000015
114081  -58.495  -23.742  22.913 0.1000000015
48952  -58.765  -24.471  23.241 0.1000000015
50902  -58.530  -22.084  23.048 0.1000000015
50903  -58.903  -22.653  23.242 0.1000000015
39055  -57.185  -35.362  26.780 0.1000000015
39978  -57.673  -34.905  26.267 0.1000000015
51878  -58.338  -21.225  24.045 0.1000000015
39054  -56.441  -35.668  27.336 0.1000000015
38293  -55.700  -35.809  28.128 0.1000000015
38285  -55.300  -35.222  28.864 0.1000000015
120518  -58.369  -32.036  22.110 0.1000000015
114641  -57.887  -31.132  22.033 0.1000000015
44091  -57.372  -30.192  21.958 0.1000000015
43138  -57.623  -30.465  22.556 0.1000000015
48028  -53.899  -25.581  21.061 0.1000000015
113969  -53.973  -26.352  21.130 0.1000000015
45086  -55.353  -28.663  21.474 0.1000000015
45087  -56.290  -28.848  21.875 0.1000000015
127151  -54.116  -23.212  21.186 0.1000000015
127219  -54.161  -24.092  21.187 0.1000000015
126836  -54.644  -24.981  21.492 0.1000000015
46168  -55.907  -27.990  21.973 0.1000000015
40000  -58.477  -34.627  25.130 0.1000000015
50907  -55.435  -21.785  21.859 0.1000000015
50900  -56.205  -22.384  22.141 0.1000000015
111352  -55.234  -24.108  21.754 0.1000000015
111193  -56.464  -25.058  22.426 0.1000000015
48024  -56.356  -25.924  22.370 0.1000000015
53989  -56.976  -19.706  23.115 0.1000000015
123753  -56.738  -20.828  22.519 0.1000000015
49910  -56.959  -23.051  22.426 0.1000000015
48950  -56.440  -24.061  22.343 0.1000000015
51892  -58.161  -20.708  23.504 0.1000000015
127103  -57.377  -35.202  26.132 0.1000000015
42195  -58.602  -32.806  22.579 0.1000000015
49915  -53.523  -22.936  20.688 0.1000000015
48958  -53.419  -24.314  20.409 0.1000000015
47152  -53.719  -26.623  20.668 0.1000000015
45085  -54.509  -28.511  20.962 0.1000000015
44090  -56.687  -29.752  21.590 0.1000000015
43142  -57.685  -30.986  21.455 0.1000000015
42202  -58.274  -31.814  21.342 0.1000000015
41054  -58.770  -33.869  23.969 0.1000000015
51895  -53.819  -21.619  21.150 0.1000000015
46180  -54.267  -27.519  19.411 0.1000000015
45091  -54.402  -28.630  20.197 0.1000000015
44095  -55.430  -29.816  20.486 0.1000000015
43141  -57.115  -30.599  21.163 0.1000000015
41037  -58.680  -33.964  24.738 0.1000000015
52892  -55.461  -20.229  22.285 0.1000000015
51896  -54.613  -21.242  21.615 0.1000000015
45113  -54.945  -27.837  18.775 0.1000000015
126929  -54.716  -28.998  19.674 0.1000000015
44107  -55.299  -29.745  19.492 0.1000000015
41097  -58.634  -33.117  21.306 0.1000000015
46206  -56.507  -27.529  17.619 0.1000000015
44131  -56.230  -29.221  17.962 0.1000000015
43156  -56.148  -30.510  18.826 0.1000000015
39999  -58.060  -35.029  25.715 0.1000000015
114668  -57.882  -34.934  25.341 0.1000000015
124308  -56.830  -35.541  26.680 0.1000000015
39088  -56.594  -35.397  26.305 0.1000000015
51900  -52.873  -21.769  19.939 0.1000000015
113613  -53.447  -24.267  18.999 0.1000000015
48034  -53.505  -25.704  19.739 0.1000000015
52890  -53.674  -20.639  21.257 0.1000000015
51901  -53.191  -21.234  20.594 0.1000000015
49930  -53.706  -23.667  18.565 0.1000000015
48045  -53.826  -25.264  18.894 0.1000000015
42196  -58.655  -32.803  21.763 0.1000000015
40015  -58.685  -34.349  24.450 0.1000000015
53993  -54.013  -19.938  21.707 0.1000000015
124426  -55.514  -25.066  17.824 0.1000000015
48046  -54.784  -25.607  18.309 0.1000000015
41083  -58.636  -33.241  21.844 0.1000000015
114522  -54.945  -19.237  22.505 0.1000000015
48047  -55.592  -25.867  17.904 0.1000000015
40014  -58.319  -34.532  24.564 0.1000000015
39998  -56.754  -34.859  25.590 0.1000000015
52904  -52.953  -20.381  19.115 0.1000000015
52907  -53.465  -20.501  18.621 0.1000000015
54002  -52.655  -19.162  19.896 0.1000000015
120289  -53.254  -22.080  18.696 0.1000000015
41067  -58.675  -33.595  23.116 0.1000000015
53999  -52.732  -19.442  20.522 0.1000000015
52903  -52.666  -20.130  19.899 0.1000000015
49938  -54.982  -23.191  17.758 0.1000000015
54950  -53.641  -18.343  22.179 0.1000000015
53992  -53.181  -19.569  21.247 0.1000000015
48982  -55.732  -24.085  17.652 0.1000000015
40039  -58.455  -33.661  22.734 0.1000000015
40026  -58.567  -34.078  23.699 0.1000000015
40038  -57.739  -33.527  22.001 0.1000000015
40025  -57.935  -33.822  22.925 0.1000000015
41052  -56.366  -33.387  23.990 0.1000000015
40013  -57.300  -34.413  24.691 0.1000000015
54977  -53.577  -19.092  18.836 0.1000000015
54012  -53.456  -19.873  18.759 0.1000000015
56823  -52.920  -16.215  20.389 0.1000000015
54965  -53.086  -18.705  19.420 0.1000000015
54013  -54.227  -19.585  18.475 0.1000000015
55912  -52.467  -17.648  21.000 0.1000000015
52923  -55.062  -20.949  17.851 0.1000000015
52908  -54.051  -20.890  18.189 0.1000000015
55899  -53.889  -17.056  22.924 0.1000000015
55913  -52.858  -18.014  21.623 0.1000000015
50924  -56.219  -22.520  17.531 0.1000000015
50923  -55.362  -22.595  17.639 0.1000000015
59395  -55.540  -13.212  19.715 0.1000000015
58521  -54.721  -14.542  19.728 0.1000000015
57644  -53.390  -15.729  20.134 0.1000000015
55921  -54.828  -17.061  18.984 0.1000000015
125704  -55.319  -15.511  19.424 0.1000000015
56822  -52.582  -16.190  20.910 0.1000000015
54035  -55.813  -20.261  17.920 0.1000000015
54014  -55.209  -19.442  18.262 0.1000000015
52924  -56.631  -20.869  17.692 0.1000000015
51923  -57.269  -21.510  17.547 0.1000000015
60236  -56.304  -12.443  19.588 0.1000000015
57651  -54.868  -15.857  19.418 0.1000000015
115961  -55.458  -14.928  19.537 0.1000000015
56844  -55.609  -16.843  18.905 0.1000000015
57652  -56.028  -15.450  19.364 0.1000000015
54015  -56.270  -19.320  18.152 0.1000000015
54036  -56.941  -20.050  17.975 0.1000000015
120311  -58.783  -22.421  17.246 0.1000000015
50930  -59.512  -22.330  16.221 0.1000000015
51939  -60.251  -21.482  16.375 0.1000000015
50931  -59.874  -21.897  15.692 0.1000000015
50964  -59.529  -21.964  14.966 0.1000000015
51980  -58.856  -21.400  13.565 0.1000000015
51978  -57.052  -20.907  12.977 0.1000000015
59396  -56.302  -13.675  19.568 0.1000000015
56830  -56.387  -16.139  19.130 0.1000000015
126440  -56.262  -13.105  19.595 0.1000000015
55937  -56.135  -17.686  18.601 0.1000000015
57653  -56.998  -15.428  19.374 0.1000000015
54037  -58.019  -19.904  18.043 0.1000000015
54981  -57.828  -18.384  18.492 0.1000000015
56846  -57.759  -16.913  18.961 0.1000000015
52926  -58.673  -20.546  17.784 0.1000000015
55939  -58.309  -17.592  18.781 0.1000000015
51924  -58.408  -21.451  17.499 0.1000000015
54038  -59.094  -19.793  18.095 0.1000000015
54018  -59.556  -19.012  18.379 0.1000000015
114935  -59.293  -21.022  17.503 0.1000000015
127586  -60.805  -20.705  16.767 0.1000000015
52928  -60.634  -20.299  17.455 0.1000000015
52943  -61.091  -20.724  16.140 0.1000000015
52944  -61.288  -20.202  16.137 0.1000000015
52967  -60.806  -20.907  14.077 0.1000000015
52956  -60.906  -20.851  14.772 0.1000000015
54063  -61.050  -20.325  15.601 0.1000000015
51991  -56.276  -20.303  12.152 0.1000000015
51994  -58.674  -20.642  12.799 0.1000000015
52966  -60.722  -20.670  14.052 0.1000000015
52955  -60.762  -20.582  14.839 0.1000000015
117127  -56.920  -13.089  19.517 0.1000000015
61124  -56.791  -11.650  19.328 0.1000000015
58523  -57.613  -14.630  19.498 0.1000000015
125927  -58.205  -16.288  19.201 0.1000000015
54998  -61.216  -18.800  17.979 0.1000000015
54041  -61.443  -19.303  17.296 0.1000000015
126640  -61.557  -18.959  16.909 0.1000000015
55027  -61.387  -18.903  16.490 0.1000000015
125294  -33.485  -47.753  33.950 0.1000000015
120727  -30.210  -37.961  27.616 0.1000000015
115971  -29.872  -40.070  28.677 0.1000000015
40976  -31.846  -33.142  27.881 0.1000000015
26848  -34.289  -48.550  35.440 0.1000000015
37376  -30.610  -36.534  27.298 0.1000000015
39050  -31.322  -34.552  27.448 0.1000000015
51884  -58.545  -21.445  23.630 0.1000000015
54951  -54.615  -18.614  22.604 0.1000000015
44019  -35.349  -28.880  25.991 0.1000000015
45057  -37.376  -28.786  24.534 0.1000000015
45058  -38.365  -28.471  24.455 0.1000000015
42168  -50.370  -31.175  25.789 0.1000000015
129802  -49.942  -31.062  25.496 0.1000000015
42166  -48.730  -31.104  25.389 0.1000000015
45038  -36.004  -28.598  25.538 0.1000000015
129720  -36.463  -28.417  25.275 0.1000000015
124714  -54.817  -13.795  19.816 0.1000000015
115552  -52.652  -16.871  20.554 0.1000000015
61993  -57.036  -11.098  19.006 0.1000000015
26015  -34.946  -49.423  35.344 0.1000000015
119670  -34.842  -48.598  32.878 0.1000000015
39935  -51.242  -32.932  30.990 0.1000000015
42114  -52.190  -31.723  28.324 0.1000000015
126046  -50.529  -33.167  29.278 0.1000000015
40966  -50.939  -32.847  28.949 0.1000000015
112839  -48.501  -33.689  30.371 0.1000000015
39955  -48.841  -33.450  28.790 0.1000000015
29471  -31.793  -45.381  31.557 0.1000000015
40940  -45.514  -31.410  31.691 0.1000000015
39929  -43.997  -32.965  30.351 0.1000000015
128159  -38.741  -37.196  26.596 0.1000000015
36551  -39.346  -37.044  26.784 0.1000000015
42132  -51.856  -31.621  27.504 0.1000000015
113223  -49.938  -32.715  27.881 0.1000000015
39954  -47.790  -33.423  28.859 0.1000000015
39931  -47.737  -33.216  30.751 0.1000000015
40953  -47.002  -32.236  31.379 0.1000000015
40980  -46.295  -32.347  28.456 0.1000000015
42095  -43.614  -31.771  29.629 0.1000000015
42096  -44.640  -31.218  29.704 0.1000000015
117259  -48.752  -31.759  26.088 0.1000000015
126799  -43.590  -31.309  29.125 0.1000000015
33901  -33.854  -40.705  27.890 0.1000000015
40999  -41.157  -32.589  27.942 0.1000000015
39062  -36.850  -34.619  26.051 0.1000000015
42169  -51.040  -31.257  26.219 0.1000000015
41020  -47.806  -31.928  26.353 0.1000000015
114500  -46.971  -32.660  27.753 0.1000000015
31323  -33.042  -43.683  29.519 0.1000000015
32141  -33.587  -42.996  29.125 0.1000000015
32154  -32.724  -42.373  28.786 0.1000000015
33033  -31.951  -41.723  28.474 0.1000000015
42128  -41.687  -31.898  27.922 0.1000000015
42127  -40.973  -31.958  27.457 0.1000000015
37397  -34.714  -36.913  26.243 0.1000000015
39977  -39.245  -33.011  26.964 0.1000000015
38332  -35.756  -35.520  25.883 0.1000000015
44046  -51.667  -30.209  25.120 0.1000000015
43068  -46.014  -30.705  26.695 0.1000000015
43082  -44.476  -30.040  27.099 0.1000000015
43065  -43.930  -30.489  27.719 0.1000000015
37412  -33.414  -36.236  25.581 0.1000000015
42141  -39.059  -31.758  25.764 0.1000000015
39990  -37.150  -33.319  25.789 0.1000000015
42117  -55.640  -31.077  30.009 0.1000000015
44011  -57.598  -28.104  28.601 0.1000000015
44020  -42.626  -29.841  25.785 0.1000000015
35742  -34.277  -39.070  27.040 0.1000000015
42165  -40.391  -31.017  25.869 0.1000000015
34825  -30.501  -39.282  27.510 0.1000000015
35739  -30.902  -38.718  26.844 0.1000000015
37411  -32.552  -36.293  25.586 0.1000000015
127960  -33.748  -34.080  25.198 0.1000000015
36550  -30.376  -37.286  27.448 0.1000000015
39078  -35.263  -34.937  25.474 0.1000000015
39987  -34.637  -33.241  25.047 0.1000000015
110268  -35.089  -34.167  25.355 0.1000000015
43073  -57.379  -29.295  27.924 0.1000000015
46130  -58.222  -26.855  27.206 0.1000000015
43100  -41.728  -30.172  25.630 0.1000000015
44037  -40.390  -29.674  24.763 0.1000000015
43099  -40.854  -30.313  25.397 0.1000000015
43098  -39.226  -30.549  24.913 0.1000000015
129860  -38.949  -31.159  25.237 0.1000000015
112234  -40.018  -30.441  25.121 0.1000000015
129459  -30.984  -37.186  26.176 0.1000000015
36567  -31.941  -37.786  25.998 0.1000000015
37410  -31.753  -36.403  25.754 0.1000000015
39076  -33.254  -34.689  25.218 0.1000000015
116227  -36.401  -31.000  24.590 0.1000000015
42161  -36.689  -31.729  24.840 0.1000000015
42179  -37.149  -31.119  24.682 0.1000000015
37394  -30.824  -36.353  26.745 0.1000000015
38313  -31.115  -35.723  26.556 0.1000000015
38314  -31.476  -35.679  26.014 0.1000000015
47121  -58.631  -25.847  25.844 0.1000000015
48004  -58.495  -25.342  25.701 0.1000000015
44059  -38.973  -29.076  24.346 0.1000000015
39049  -31.124  -35.089  26.926 0.1000000015
39074  -31.901  -34.241  25.802 0.1000000015
129297  -31.907  -33.485  26.019 0.1000000015
39985  -32.353  -33.510  25.574 0.1000000015
110216  -32.907  -32.773  25.288 0.1000000015
107974  -33.755  -32.634  24.994 0.1000000015
41032  -34.372  -32.133  24.824 0.1000000015
41043  -34.510  -31.308  24.804 0.1000000015
42177  -35.166  -31.099  24.685 0.1000000015
110365  -33.058  -33.759  25.235 0.1000000015
43107  -57.469  -31.070  25.538 0.1000000015
48937  -58.781  -23.971  24.908 0.1000000015
43063  -34.211  -30.032  27.182 0.1000000015
44036  -36.393  -28.830  24.837 0.1000000015
40996  -32.174  -32.401  27.627 0.1000000015
43114  -34.714  -30.588  24.899 0.1000000015
130792  -36.746  -29.383  24.537 0.1000000015
121272  -38.063  -30.000  24.490 0.1000000015
42140  -33.258  -30.943  26.354 0.1000000015
43095  -34.333  -30.173  25.456 0.1000000015
46149  -58.219  -27.323  24.897 0.1000000015
116841  -59.358  -23.646  24.049 0.1000000015
42126  -33.135  -31.062  27.086 0.1000000015
43077  -33.644  -30.497  26.687 0.1000000015
43094  -33.687  -30.568  25.915 0.1000000015
46158  -57.879  -27.108  23.426 0.1000000015
47147  -58.071  -25.902  23.085 0.1000000015
49912  -58.939  -23.183  23.166 0.1000000015
50894  -58.929  -22.229  23.695 0.1000000015
45088  -57.039  -29.113  22.311 0.1000000015
45082  -56.866  -28.119  22.398 0.1000000015
47146  -57.164  -26.460  22.658 0.1000000015
46162  -56.554  -27.277  22.365 0.1000000015
51891  -57.541  -21.111  22.740 0.1000000015
52888  -57.402  -20.370  22.958 0.1000000015
50901  -57.573  -22.034  22.527 0.1000000015
119287  -57.575  -23.660  22.629 0.1000000015
48029  -54.612  -25.947  21.531 0.1000000015
121770  -53.580  -26.035  20.486 0.1000000015
110241  -53.807  -24.857  20.943 0.1000000015
48032  -53.450  -25.244  20.386 0.1000000015
47149  -54.576  -26.898  21.506 0.1000000015
46165  -53.950  -26.949  21.086 0.1000000015
46167  -54.941  -27.818  21.531 0.1000000015
44089  -55.781  -29.464  21.254 0.1000000015
49916  -54.825  -23.473  21.540 0.1000000015
50906  -54.966  -22.652  21.594 0.1000000015
121718  -54.539  -21.952  21.456 0.1000000015
50905  -53.981  -22.430  21.163 0.1000000015
48955  -55.627  -24.741  22.016 0.1000000015
48030  -55.498  -25.500  21.959 0.1000000015
46161  -55.579  -27.170  21.946 0.1000000015
47150  -55.448  -26.345  21.931 0.1000000015
51897  -55.678  -20.924  22.172 0.1000000015
51890  -56.541  -21.510  22.318 0.1000000015
49917  -55.773  -23.284  21.966 0.1000000015
52887  -56.366  -20.274  22.569 0.1000000015
50910  -53.365  -22.126  20.615 0.1000000015
50909  -53.071  -22.696  20.088 0.1000000015
49921  -53.247  -23.465  20.206 0.1000000015
48963  -53.324  -24.826  19.612 0.1000000015
48957  -53.186  -23.946  19.637 0.1000000015
46171  -53.795  -27.165  20.540 0.1000000015
47156  -53.620  -26.557  19.968 0.1000000015
46179  -53.837  -27.206  19.906 0.1000000015
44094  -54.766  -29.215  20.347 0.1000000015
44088  -55.061  -29.188  20.984 0.1000000015
46166  -54.152  -27.586  21.102 0.1000000015
44096  -56.246  -30.289  20.793 0.1000000015
43146  -57.748  -31.263  20.754 0.1000000015
47168  -53.809  -26.109  19.347 0.1000000015
46172  -54.025  -27.919  20.283 0.1000000015
45098  -54.501  -28.318  19.521 0.1000000015
47157  -54.041  -26.771  19.355 0.1000000015
46189  -54.655  -26.996  18.765 0.1000000015
43144  -56.084  -30.659  19.764 0.1000000015
43145  -56.867  -30.984  20.312 0.1000000015
52886  -54.792  -19.799  22.188 0.1000000015
52891  -54.680  -20.475  21.876 0.1000000015
110141  -55.819  -19.606  22.647 0.1000000015
45114  -55.818  -28.181  18.097 0.1000000015
46190  -55.503  -27.236  18.183 0.1000000015
47170  -55.142  -26.409  18.266 0.1000000015
45099  -55.215  -28.876  18.842 0.1000000015
42206  -58.595  -32.587  20.853 0.1000000015
45131  -56.953  -28.491  17.397 0.1000000015
47179  -56.192  -26.588  17.686 0.1000000015
130741  -55.774  -29.764  18.600 0.1000000015
52898  -52.797  -20.898  20.108 0.1000000015
51906  -52.766  -21.024  19.512 0.1000000015
49920  -53.075  -23.233  19.654 0.1000000015
50915  -52.980  -22.561  19.287 0.1000000015
111821  -53.941  -24.394  18.522 0.1000000015
49926  -53.216  -23.440  19.093 0.1000000015
125011  -54.558  -23.946  18.066 0.1000000015
119270  -53.425  -22.875  18.656 0.1000000015
49931  -54.123  -23.066  18.171 0.1000000015
47169  -54.325  -26.200  18.812 0.1000000015
41082  -58.622  -33.361  22.330 0.1000000015
53987  -53.976  -19.209  22.058 0.1000000015
122957  -54.584  -24.796  18.238 0.1000000015
130305  -55.083  -24.473  17.898 0.1000000015
40058  -58.405  -33.385  21.834 0.1000000015
48057  -56.430  -25.724  17.558 0.1000000015
51907  -53.179  -21.191  18.724 0.1000000015
54003  -52.973  -19.559  19.316 0.1000000015
51910  -53.827  -21.741  18.237 0.1000000015
126330  -53.969  -20.203  18.428 0.1000000015
54964  -52.707  -18.369  19.947 0.1000000015
54961  -52.608  -18.770  20.389 0.1000000015
126721  -52.882  -21.731  19.220 0.1000000015
50920  -53.776  -22.416  18.306 0.1000000015
52899  -52.924  -20.326  20.602 0.1000000015
54955  -52.666  -18.637  21.016 0.1000000015
54956  -53.210  -18.743  21.591 0.1000000015
120723  -54.545  -22.331  17.892 0.1000000015
49939  -55.754  -23.161  17.584 0.1000000015
111834  -56.467  -24.960  17.538 0.1000000015
41053  -57.749  -34.077  23.800 0.1000000015
54966  -53.825  -18.214  19.011 0.1000000015
55916  -52.713  -17.610  20.198 0.1000000015
56828  -53.304  -16.747  19.849 0.1000000015
55920  -53.207  -17.821  19.596 0.1000000015
54978  -54.537  -18.761  18.568 0.1000000015
110039  -55.851  -21.093  17.678 0.1000000015
51921  -55.409  -21.801  17.659 0.1000000015
51920  -54.557  -21.536  17.912 0.1000000015
52909  -54.732  -20.214  18.181 0.1000000015
51922  -56.372  -21.651  17.562 0.1000000015
114968  -56.948  -22.159  17.487 0.1000000015
58522  -55.530  -14.139  19.626 0.1000000015
118695  -54.724  -15.302  19.587 0.1000000015
129095  -54.008  -16.608  19.479 0.1000000015
57650  -54.103  -15.968  19.653 0.1000000015
55936  -54.932  -17.752  18.755 0.1000000015
116215  -54.069  -17.239  19.250 0.1000000015
56829  -54.706  -16.504  19.258 0.1000000015
54979  -55.627  -18.565  18.412 0.1000000015
50925  -57.805  -22.270  17.438 0.1000000015
117981  -55.502  -16.046  19.234 0.1000000015
117163  -56.436  -14.597  19.512 0.1000000015
54980  -56.729  -18.465  18.387 0.1000000015
54016  -57.361  -19.202  18.219 0.1000000015
52925  -57.630  -20.715  17.728 0.1000000015
118271  -58.211  -23.159  17.291 0.1000000015
51925  -59.483  -21.682  17.145 0.1000000015
50926  -59.331  -22.384  16.720 0.1000000015
51926  -60.134  -20.978  17.171 0.1000000015
50946  -59.290  -22.367  15.438 0.1000000015
51951  -60.804  -21.173  15.363 0.1000000015
50947  -60.202  -21.620  15.012 0.1000000015
112902  -59.203  -21.927  14.664 0.1000000015
123428  -60.213  -21.387  14.347 0.1000000015
50981  -58.816  -21.862  14.292 0.1000000015
51979  -57.924  -21.347  13.348 0.1000000015
50982  -59.628  -21.386  13.886 0.1000000015
115251  -57.237  -13.837  19.524 0.1000000015
56845  -56.746  -16.898  18.871 0.1000000015
56831  -57.369  -16.196  19.169 0.1000000015
55938  -57.241  -17.654  18.659 0.1000000015
54017  -58.458  -19.100  18.327 0.1000000015
54982  -58.924  -18.299  18.633 0.1000000015
52927  -59.697  -20.422  17.742 0.1000000015
54983  -59.974  -18.196  18.662 0.1000000015
54039  -60.177  -19.730  18.070 0.1000000015
54019  -60.533  -18.927  18.275 0.1000000015
127528  -61.283  -20.105  16.893 0.1000000015
54040  -61.032  -19.594  17.776 0.1000000015
118481  -61.055  -20.649  15.561 0.1000000015
54064  -61.300  -19.700  16.162 0.1000000015
54052  -61.424  -19.540  16.621 0.1000000015
51981  -60.343  -20.984  13.713 0.1000000015
123879  -60.779  -21.137  14.613 0.1000000015
51992  -57.299  -20.129  11.896 0.1000000015
51995  -59.633  -20.677  13.259 0.1000000015
51993  -57.852  -20.613  12.587 0.1000000015
52984  -60.363  -20.390  13.769 0.1000000015
54084  -60.389  -20.321  13.194 0.1000000015
56847  -58.751  -16.813  19.033 0.1000000015
55940  -59.369  -17.460  18.873 0.1000000015
54984  -60.763  -18.127  18.406 0.1000000015
54999  -61.516  -18.578  17.431 0.1000000015
25210  -36.547  -50.934  33.909 0.1000000015
27646  -39.790  -47.508  41.113 0.1000000015
27668  -40.174  -47.169  40.466 0.1000000015
28492  -39.847  -46.487  40.883 0.1000000015
29412  -39.683  -45.217  40.236 0.1000000015
29440  -33.446  -45.683  37.885 0.1000000015
29442  -38.053  -45.327  37.289 0.1000000015
30341  -30.923  -44.254  39.577 0.1000000015
30352  -23.978  -44.763  37.685 0.1000000015
30363  -39.605  -44.664  39.783 0.1000000015
30382  -39.146  -44.426  38.234 0.1000000015
30398  -37.985  -44.405  37.095 0.2000000030
30450  -35.677  -45.021  28.517 0.1000000015
31211  -29.041  -43.625  37.824 0.1000000015
31230  -33.779  -43.740  36.904 0.1000000015
31232  -38.960  -42.930  37.823 0.1000000015
31269  -26.975  -43.224  35.741 0.2000000030
32008  -37.819  -42.635  39.371 0.1000000015
32039  -22.054  -42.388  36.329 0.1000000015
32087  -29.679  -42.025  34.565 0.2000000030
32131  -30.144  -42.918  30.805 0.2000000030
32794  -28.638  -41.217  48.866 0.4000000060
32927  -21.379  -41.101  36.197 0.1000000015
33632  -30.117  -40.406  49.632 0.4000000060
33769  -35.774  -40.748  37.813 0.2000000030
33788  -22.641  -40.197  35.492 0.1000000015
33790  -32.630  -40.374  35.280 0.4000000060
33805  -23.711  -40.533  34.667 0.1000000015
33813  -31.365  -40.027  34.265 0.2000000030
34751  -26.416  -39.471  33.489 0.1000000015
34752  -27.144  -39.183  33.336 0.1000000015
35430  -12.686  -37.227  53.878 0.1000000015
35546  -15.880  -38.662  45.044 0.4000000060
35578  -41.928  -38.189  43.388 1.0000000000
36255  -13.052  -37.068  53.846 0.1000000015
36354  -40.921  -37.656  45.636 1.0000000000
36485  -27.698  -37.917  33.428 0.3000000119
37097  -18.175  -36.452  51.459 0.2000000030
37310  -41.047  -36.292  35.074 0.8999999762
37316  -30.143  -36.611  33.980 0.4000000060
37930  -16.064  -36.086  52.469 0.1000000015
38259  -35.458  -35.684  32.644 0.4000000060
40697  -35.087  -32.185  49.926 0.2000000030
40961  -33.439  -32.159  29.443 0.2000000030
41863  -45.039  -31.718  44.066 1.0000000000
41898  -45.032  -31.740  43.454 1.0000000000
42093  -34.886  -30.826  29.566 0.3000000119
42106  -32.581  -31.983  28.135 0.1000000015
45014  -35.977  -28.557  27.106 0.2000000030
47866  -49.967  -25.543  38.184 0.6999999881
49735  -52.848  -23.270  35.443 0.6999999881
53978  -49.032  -19.798  23.604 0.6000000238
56789  -49.738  -16.841  25.002 0.6999999881
57529  -50.900  -15.036  34.192 0.4000000060
59245  -50.789  -13.393  34.897 0.2000000030
61938  -51.841  -10.247  24.561 0.2000000030
62701  -51.591  -8.895  33.212 0.4000000060
62718  -52.363  -8.571  33.016 0.5000000000
65453  -51.460  -6.307  21.484 0.1000000015
68119  -55.393  -2.825  21.037 0.1000000015
68120  -55.933  -2.799  20.870 0.1000000015
112538  -52.545  -18.212  20.498 0.1000000015
118372  -39.873  -45.798  40.513 0.1000000015
118967  -39.442  -43.843  39.513 0.1000000015
119726  -29.333  -39.217  43.715 0.8000000119
120086  -40.306  -38.212  45.265 1.0000000000
121779  -19.168  -40.554  39.221 0.1000000015
121890  -28.739  -39.210  41.810 0.8000000119
123450  -27.128  -37.706  35.238 0.4000000060
123744  -34.302  -35.612  36.759 0.8000000119
124827  -43.471  -37.214  42.822 1.0000000000
124838  -26.585  -45.942  43.104 0.1000000015
125990  -39.013  -37.290  34.746 0.8000000119
126357  -52.952  -14.478  20.905 0.2000000030
126443  -48.663  -10.624  32.247 0.2000000030
127791  -30.137  -37.396  37.685 0.6999999881
128691  -28.049  -40.731  50.233 0.2000000030
128916  -45.104  -24.607  31.300 0.6999999881
129609  -32.538  -46.116  34.034 0.2000000030
129982  -32.183  -36.430  38.819 0.8000000119
129996  -53.639  -23.617  20.734 0.1000000015
130178  -39.552  -35.330  40.886 1.0000000000
