#!ascii label  , from subject sub-v1s13x0050005_ses-1 vox2ras=TkReg
4189
29326  -4.120  -45.959  44.820 0.1250000000
29314  -4.364  -46.146  45.364 0.1250000000
28436  -4.023  -46.918  45.114 0.1250000000
30254  -4.791  -45.276  45.899 0.1250000000
29336  -3.950  -45.788  43.769 0.1250000000
28444  -3.904  -46.856  44.100 0.1250000000
30265  -8.089  -44.867  44.953 0.1250000000
115153  -3.461  -46.161  42.379 0.1250000000
29362  -3.236  -45.588  41.244 0.1250000000
31156  -7.989  -43.602  44.417 0.1250000000
31157  -8.765  -43.612  44.291 0.1250000000
30308  -3.625  -44.876  41.146 0.1250000000
31185  -4.536  -43.384  40.626 0.2500000000
31975  -9.095  -42.956  43.947 0.1250000000
31184  -3.583  -43.729  40.197 0.2500000000
31992  -3.864  -42.989  39.940 0.2500000000
32878  -5.148  -41.882  39.697 0.2500000000
31981  -9.553  -42.306  43.565 0.1250000000
32853  -10.039  -41.704  43.149 0.1250000000
125129  -3.287  -43.396  39.597 0.2500000000
32000  -4.137  -42.285  39.492 0.3750000000
32881  -4.286  -41.424  39.019 0.2500000000
33714  -10.418  -40.559  42.570 0.1250000000
32011  -3.621  -42.011  38.891 0.2500000000
34670  -4.558  -40.275  38.314 0.2500000000
34684  -4.933  -38.538  38.323 0.3750000000
35614  -4.783  -37.770  38.015 0.3750000000
37252  -4.846  -36.541  38.146 0.5000000000
36421  -4.782  -37.345  37.629 0.3750000000
36432  -4.907  -37.114  37.263 0.3750000000
30274  -4.069  -44.991  44.631 0.1250000000
127210  -4.062  -44.342  45.147 0.1250000000
30263  -4.547  -44.593  45.624 0.1250000000
29303  -5.428  -46.061  46.222 0.1250000000
119920  -6.017  -45.526  46.024 0.1250000000
29316  -6.793  -45.567  45.660 0.1250000000
30295  -4.178  -44.673  42.939 0.1250000000
30264  -7.128  -44.643  45.113 0.1250000000
31149  -7.277  -43.647  44.853 0.2500000000
130825  -4.309  -44.575  42.336 0.1250000000
30296  -4.435  -44.320  41.746 0.1250000000
125805  -7.774  -44.204  44.710 0.1250000000
31170  -4.871  -43.459  41.920 0.1250000000
31177  -4.743  -43.648  41.281 0.2500000000
31989  -5.550  -42.069  40.603 0.2500000000
31974  -8.324  -42.915  44.159 0.1250000000
31980  -8.736  -42.254  43.741 0.1250000000
32879  -5.895  -41.292  40.086 0.3750000000
112803  -6.011  -40.350  39.559 0.3750000000
32852  -9.244  -41.518  43.229 0.1250000000
34672  -6.042  -39.317  39.340 0.3750000000
35609  -5.834  -38.397  39.293 0.3750000000
32866  -9.898  -41.035  42.774 0.1250000000
34671  -4.854  -39.601  38.423 0.2500000000
36413  -5.647  -37.514  39.429 0.5000000000
36412  -5.143  -37.114  38.855 0.5000000000
34636  -10.575  -39.870  42.146 0.1250000000
35608  -5.237  -37.971  38.728 0.3750000000
36417  -4.958  -37.606  38.346 0.5000000000
36411  -4.962  -36.785  38.476 0.5000000000
109625  -4.965  -36.104  38.518 0.5000000000
115416  -4.988  -35.403  38.431 0.5000000000
37269  -5.059  -36.576  37.284 0.5000000000
37258  -4.851  -36.645  37.674 0.5000000000
38936  -5.030  -34.729  38.308 0.6250000000
36443  -5.335  -37.519  36.589 0.3750000000
38202  -5.210  -35.528  37.416 0.5000000000
39847  -5.135  -34.202  38.200 0.6250000000
37270  -5.288  -36.243  37.103 0.3750000000
121692  -6.163  -37.619  35.878 0.2500000000
37285  -6.177  -36.914  36.091 0.2500000000
33637  -6.333  -39.612  47.733 0.2500000000
33625  -6.720  -39.208  48.180 0.2500000000
32801  -6.265  -40.264  47.027 0.2500000000
34560  -6.819  -38.936  47.939 0.3750000000
109249  -3.818  -42.948  45.138 0.1250000000
110803  -4.257  -44.051  45.513 0.1250000000
110604  -4.728  -43.960  45.953 0.1250000000
31140  -5.313  -43.671  46.090 0.1250000000
31133  -5.535  -42.445  46.357 0.2500000000
31967  -6.162  -42.699  46.007 0.2500000000
31961  -6.579  -41.958  45.978 0.2500000000
32817  -6.385  -41.090  46.470 0.3750000000
33650  -6.463  -39.648  47.233 0.2500000000
108682  -3.863  -44.140  44.515 0.1250000000
30255  -5.308  -44.918  46.055 0.1250000000
30256  -6.065  -44.582  45.789 0.1250000000
31148  -6.486  -43.667  45.464 0.2500000000
33663  -6.971  -41.186  45.985 0.3750000000
31163  -3.975  -43.962  43.648 0.1250000000
31968  -6.860  -42.819  45.321 0.2500000000
32827  -7.280  -41.945  45.102 0.2500000000
31169  -4.442  -43.912  42.673 0.1250000000
124201  -4.544  -43.085  42.665 0.1250000000
32828  -7.799  -41.315  44.635 0.1250000000
31985  -5.019  -42.592  42.210 0.2500000000
32873  -5.837  -41.314  41.101 0.3750000000
34646  -5.953  -39.722  41.525 0.3750000000
32839  -7.957  -42.158  44.230 0.1250000000
32851  -8.378  -41.495  43.811 0.1250000000
33735  -6.181  -40.506  40.706 0.3750000000
33699  -8.659  -40.757  43.444 0.1250000000
35601  -6.222  -38.004  40.015 0.3750000000
33700  -9.330  -40.648  42.884 0.1250000000
34622  -9.298  -39.818  42.734 0.1250000000
36407  -6.050  -37.048  40.359 0.3750000000
37246  -5.498  -36.771  39.551 0.5000000000
37245  -5.180  -36.204  39.174 0.5000000000
34635  -9.788  -39.370  42.189 0.1250000000
38137  -5.107  -35.379  39.174 0.5000000000
38924  -4.985  -34.502  39.208 0.5000000000
123044  -4.771  -33.596  39.802 0.5000000000
40853  -4.578  -32.983  40.312 0.6250000000
40864  -4.832  -33.286  39.416 0.6250000000
40854  -4.735  -32.818  39.895 0.6250000000
125442  -5.233  -33.845  38.171 0.6250000000
40855  -4.948  -32.748  39.523 0.6250000000
36445  -5.784  -37.461  36.103 0.2500000000
38223  -5.527  -36.185  36.781 0.3750000000
38954  -5.292  -34.953  37.367 0.5000000000
38946  -5.250  -34.329  37.751 0.5000000000
40866  -5.143  -33.012  38.842 0.5000000000
38955  -5.793  -34.845  36.884 0.5000000000
38225  -6.659  -36.083  36.368 0.2500000000
34527  -6.070  -38.458  50.190 0.7500000000
34519  -5.847  -38.012  50.984 0.7500000000
35439  -5.669  -37.805  51.406 0.8750000000
32769  -5.451  -39.998  47.542 0.7500000000
33606  -5.827  -39.007  49.035 0.8750000000
34520  -6.188  -38.189  50.783 0.7500000000
35440  -6.278  -38.008  51.240 0.8750000000
32798  -4.866  -40.817  46.702 0.5000000000
118515  -4.795  -40.345  47.117 0.6250000000
32784  -5.269  -40.428  47.071 0.6250000000
32770  -5.583  -40.031  47.509 0.6250000000
33623  -6.087  -39.769  48.099 0.7500000000
33607  -6.076  -39.129  49.009 0.8750000000
34547  -6.398  -39.109  49.130 0.7500000000
35450  -6.622  -38.350  50.504 0.7500000000
31959  -4.648  -42.251  46.115 0.3750000000
31952  -4.923  -41.607  46.450 0.5000000000
31947  -5.536  -40.866  46.764 0.5000000000
33624  -6.114  -39.558  48.114 0.5000000000
34529  -6.853  -38.656  49.674 0.7500000000
35451  -7.148  -38.313  50.267 0.7500000000
31953  -5.261  -41.579  46.574 0.2500000000
31954  -5.622  -41.518  46.611 0.3750000000
32785  -6.279  -40.087  47.456 0.3750000000
32800  -5.914  -40.883  46.719 0.2500000000
34548  -6.868  -38.814  48.928 0.6250000000
35473  -7.199  -38.424  49.530 0.7500000000
31972  -3.694  -42.386  44.843 0.2500000000
31966  -3.932  -42.471  45.425 0.1250000000
31138  -4.553  -43.027  45.900 0.1250000000
31139  -4.971  -42.625  46.225 0.2500000000
34561  -7.152  -38.475  48.815 0.6250000000
116718  -7.612  -37.921  49.343 0.7500000000
130314  -3.668  -41.971  44.705 0.2500000000
120416  -4.054  -43.094  43.476 0.1250000000
32838  -3.906  -41.390  44.598 0.3750000000
34619  -4.465  -39.970  44.468 0.5000000000
31984  -4.295  -42.297  43.194 0.2500000000
117815  -4.947  -40.073  43.259 0.5000000000
34633  -5.080  -39.306  43.294 0.5000000000
33711  -5.120  -40.615  42.672 0.3750000000
33712  -5.317  -39.850  42.500 0.5000000000
35579  -5.368  -38.331  42.885 0.6250000000
113428  -6.194  -38.816  41.295 0.3750000000
36380  -5.647  -37.433  42.493 0.5000000000
38083  -5.611  -35.619  41.779 0.5000000000
117811  -6.377  -38.601  40.499 0.3750000000
37211  -5.883  -36.293  41.137 0.5000000000
38110  -5.576  -35.577  40.890 0.5000000000
38109  -5.300  -35.241  40.140 0.5000000000
38916  -4.817  -33.948  40.298 0.6250000000
38108  -5.087  -34.671  39.908 0.5000000000
40842  -4.548  -32.509  40.809 0.6250000000
41923  -5.024  -31.800  40.662 0.7500000000
125394  -5.451  -35.049  37.076 0.3750000000
113198  -5.328  -33.782  37.910 0.5000000000
40876  -5.404  -33.270  38.218 0.5000000000
116675  -5.758  -31.836  40.063 0.6250000000
127918  -5.724  -31.516  40.690 0.6250000000
42920  -6.130  -31.208  41.105 0.6250000000
38205  -6.140  -35.384  36.582 0.3750000000
39856  -6.147  -34.135  37.118 0.5000000000
38956  -6.570  -34.714  36.787 0.3750000000
116640  -6.840  -35.295  36.616 0.3750000000
35449  -5.350  -37.960  50.468 1.0000000000
34518  -5.697  -38.124  50.599 0.7500000000
35431  -5.254  -37.709  51.538 0.7500000000
34559  -4.867  -39.106  47.949 0.8750000000
34546  -5.456  -38.780  48.762 0.8750000000
112687  -5.604  -39.243  48.431 0.8750000000
34526  -5.722  -38.554  49.536 0.8750000000
35426  -5.893  -37.058  51.936 0.8750000000
34571  -4.833  -39.759  47.442 0.7500000000
33636  -5.193  -39.688  47.724 0.7500000000
33622  -5.685  -39.653  48.057 0.8750000000
36258  -6.415  -37.140  51.832 0.8750000000
33649  -4.722  -40.244  47.055 0.6250000000
35441  -6.623  -37.650  51.597 0.8750000000
32815  -4.144  -41.322  45.983 0.6250000000
32797  -4.434  -40.831  46.542 0.5000000000
35508  -4.766  -38.898  47.175 0.8750000000
119443  -5.112  -37.998  47.422 0.8750000000
109666  -6.966  -38.109  51.076 0.7500000000
33662  -4.207  -40.550  46.298 0.5000000000
113725  -4.097  -41.980  45.801 0.2500000000
36278  -7.554  -37.799  50.664 0.8750000000
33676  -4.076  -40.816  45.432 0.7500000000
35452  -7.545  -38.035  49.979 0.7500000000
33688  -4.190  -40.560  44.763 0.7500000000
34620  -4.804  -39.320  44.128 0.6250000000
36365  -5.304  -37.488  44.696 0.6250000000
34632  -4.640  -39.992  43.814 0.6250000000
35561  -5.158  -38.515  43.780 0.6250000000
36366  -5.306  -37.620  44.110 0.6250000000
38067  -5.612  -35.944  42.746 0.5000000000
38066  -5.345  -34.789  42.464 0.5000000000
38908  -4.982  -34.009  41.785 0.5000000000
38917  -5.000  -34.308  40.796 0.5000000000
39827  -4.563  -33.266  40.813 0.6250000000
40841  -4.479  -32.723  41.289 0.7500000000
41900  -4.603  -31.461  42.250 0.7500000000
41922  -4.551  -31.966  41.377 0.7500000000
42919  -4.830  -31.551  41.519 0.7500000000
42900  -5.359  -30.488  42.651 0.6250000000
42909  -5.999  -30.799  41.883 0.6250000000
116240  -5.677  -30.015  43.201 0.6250000000
39848  -5.682  -33.618  37.614 0.5000000000
40877  -5.998  -33.046  37.977 0.5000000000
41967  -5.904  -32.292  39.255 0.6250000000
41948  -6.542  -31.788  39.695 0.6250000000
41924  -6.611  -31.409  40.439 0.6250000000
39857  -7.191  -34.007  37.071 0.5000000000
40878  -6.953  -32.855  37.816 0.6250000000
38957  -7.548  -34.793  36.890 0.3750000000
36266  -4.920  -37.857  51.202 0.8750000000
36256  -5.014  -37.350  51.789 0.8750000000
124788  -5.428  -38.307  49.401 1.0000000000
111424  -4.934  -37.539  50.645 1.0000000000
35432  -5.356  -37.636  51.543 0.8750000000
120310  -5.239  -38.515  48.602 0.8750000000
127486  -4.927  -37.215  49.784 1.0000000000
37100  -4.595  -36.911  50.645 1.0000000000
35492  -5.055  -38.501  47.911 0.8750000000
36309  -5.189  -37.599  48.132 0.8750000000
36310  -5.144  -36.790  48.840 1.0000000000
37976  -4.998  -35.683  49.124 1.0000000000
36267  -7.416  -37.416  51.466 0.8750000000
33648  -4.361  -40.310  46.804 0.6250000000
34570  -4.474  -39.890  47.114 0.7500000000
127515  -4.470  -39.507  47.026 0.8750000000
37124  -5.263  -36.856  47.797 1.0000000000
117563  -5.214  -36.021  48.361 1.0000000000
37975  -5.111  -35.015  48.317 1.0000000000
127697  -7.858  -37.021  51.521 0.8750000000
34579  -4.240  -39.869  46.621 0.8750000000
115369  -4.469  -39.163  46.633 0.8750000000
113088  -4.857  -38.385  46.767 0.8750000000
111935  -5.293  -36.229  47.192 0.8750000000
37992  -5.247  -35.103  47.439 1.0000000000
38862  -4.876  -34.038  48.464 1.0000000000
36268  -7.970  -37.160  50.986 0.7500000000
34593  -4.320  -39.436  46.024 0.7500000000
110880  -4.633  -38.663  46.160 0.8750000000
36333  -5.037  -37.796  46.343 0.8750000000
116087  -5.349  -36.108  46.086 0.7500000000
36279  -7.906  -37.404  50.034 0.7500000000
121149  -4.144  -40.090  45.952 0.7500000000
36345  -4.922  -38.130  45.795 0.8750000000
115454  -5.401  -36.064  45.573 0.6250000000
38036  -5.435  -35.230  45.020 0.7500000000
34605  -4.318  -39.882  45.266 0.6250000000
35560  -5.048  -38.545  44.612 0.6250000000
108236  -5.228  -34.159  44.560 0.6250000000
37178  -5.451  -36.390  44.281 0.6250000000
38053  -5.424  -34.961  44.154 0.6250000000
38894  -5.008  -33.712  43.745 0.6250000000
37179  -5.469  -36.663  43.534 0.6250000000
124524  -5.271  -34.463  43.327 0.6250000000
108609  -4.731  -33.063  43.051 0.5000000000
39808  -4.541  -32.382  43.375 0.7500000000
38054  -5.496  -35.464  43.466 0.6250000000
40808  -4.427  -32.065  42.961 0.6250000000
108659  -4.419  -31.864  42.688 0.7500000000
39820  -4.548  -32.959  41.721 0.6250000000
40828  -4.487  -32.398  42.180 0.7500000000
42898  -4.380  -30.933  43.421 0.7500000000
43850  -4.510  -30.488  43.574 0.7500000000
41899  -4.464  -31.731  42.439 0.7500000000
42899  -4.630  -30.813  42.865 0.7500000000
43851  -5.003  -30.150  43.227 0.6250000000
43852  -6.284  -30.271  42.707 0.6250000000
43853  -7.244  -30.078  42.852 0.6250000000
41949  -7.445  -31.487  39.767 0.6250000000
42921  -7.706  -31.058  40.488 0.6250000000
42910  -7.852  -30.474  41.704 0.6250000000
109229  -7.045  -30.883  41.279 0.6250000000
43863  -7.033  -30.458  42.121 0.6250000000
41990  -7.463  -32.357  38.263 0.6250000000
41969  -7.127  -31.988  39.014 0.6250000000
40879  -7.923  -32.699  37.711 0.5000000000
39850  -7.511  -33.298  37.387 0.5000000000
115213  -8.026  -33.666  37.194 0.3750000000
37090  -4.536  -36.765  51.893 1.0000000000
127951  -4.413  -36.677  51.245 1.0000000000
36249  -4.945  -36.644  52.426 0.8750000000
36250  -5.435  -36.557  52.250 0.8750000000
37110  -4.703  -36.390  49.857 1.0000000000
37944  -4.265  -35.297  50.780 1.0000000000
36251  -6.191  -36.513  52.137 1.0000000000
38849  -4.515  -34.703  50.193 1.0000000000
117551  -4.575  -33.835  50.014 1.0000000000
36259  -7.027  -36.986  51.996 0.8750000000
109019  -4.672  -33.558  49.014 1.0000000000
39761  -4.564  -33.111  49.580 1.0000000000
37146  -5.269  -36.707  46.520 0.8750000000
38007  -5.317  -35.377  46.611 0.8750000000
130283  -4.896  -33.454  47.221 1.0000000000
39771  -4.679  -33.161  47.941 1.0000000000
114564  -4.273  -32.051  48.876 1.0000000000
110458  -4.485  -32.776  48.868 1.0000000000
37092  -8.048  -36.457  51.520 0.8750000000
38019  -5.370  -35.156  45.809 0.7500000000
39779  -4.682  -32.768  46.921 1.0000000000
40718  -4.279  -31.748  47.299 1.0000000000
37101  -8.098  -36.399  50.466 0.7500000000
108212  -5.226  -34.100  45.305 0.7500000000
40735  -4.425  -31.964  46.524 1.0000000000
39793  -4.630  -32.413  45.210 0.7500000000
38889  -4.851  -33.179  44.642 0.7500000000
40734  -4.252  -31.306  46.019 1.0000000000
39802  -4.555  -32.220  44.306 1.0000000000
40790  -4.442  -31.770  43.712 0.7500000000
41865  -4.395  -31.246  43.924 0.8750000000
42892  -4.371  -30.914  43.744 0.7500000000
43849  -4.385  -30.684  43.833 0.7500000000
43837  -4.671  -29.905  43.773 0.7500000000
43838  -5.298  -29.712  43.609 0.6250000000
125391  -5.833  -29.701  43.546 0.6250000000
44805  -5.912  -29.366  43.989 0.7500000000
43839  -6.510  -29.766  43.431 0.6250000000
43855  -9.181  -29.670  42.572 0.6250000000
43864  -8.540  -30.157  42.094 0.6250000000
44806  -6.987  -29.301  44.165 0.6250000000
43865  -9.436  -29.992  41.696 0.6250000000
42922  -8.598  -30.700  40.556 0.6250000000
123129  -7.983  -30.694  41.044 0.6250000000
110738  -7.789  -30.237  42.328 0.6250000000
42932  -8.470  -31.088  39.821 0.6250000000
42942  -8.168  -31.586  39.152 0.6250000000
113825  -8.001  -31.961  38.592 0.6250000000
40880  -8.782  -32.474  37.584 0.5000000000
39858  -8.866  -33.672  37.108 0.3750000000
37926  -4.275  -36.073  52.472 1.0000000000
37933  -4.185  -35.926  51.536 1.0000000000
37082  -4.709  -36.556  52.541 1.0000000000
37077  -4.770  -36.092  53.187 1.0000000000
37078  -5.133  -36.056  52.969 1.0000000000
37932  -3.991  -35.193  52.181 1.0000000000
36248  -5.797  -35.889  52.643 1.0000000000
38848  -4.355  -34.404  50.865 1.0000000000
40671  -4.610  -32.623  50.851 1.0000000000
37083  -7.345  -36.253  52.328 0.8750000000
113804  -5.188  -34.149  46.155 0.8750000000
120724  -5.141  -34.192  46.958 1.0000000000
40702  -4.415  -32.307  48.065 1.0000000000
41761  -4.047  -31.535  49.481 1.0000000000
38874  -4.902  -33.321  46.503 0.8750000000
41797  -3.788  -30.993  47.361 1.0000000000
41780  -3.659  -30.956  48.644 1.0000000000
128975  -8.129  -35.456  50.471 0.8750000000
39786  -4.624  -32.546  46.067 0.8750000000
40717  -4.154  -31.303  46.657 1.0000000000
40754  -4.442  -31.862  45.672 1.0000000000
129046  -3.851  -30.133  46.613 1.0000000000
37960  -8.056  -34.781  49.164 0.5000000000
40773  -4.428  -31.439  44.516 1.0000000000
40753  -4.369  -31.339  45.324 1.0000000000
41832  -4.240  -30.876  45.745 1.0000000000
130627  -4.112  -30.487  46.095 0.8750000000
41864  -4.377  -31.055  44.455 0.8750000000
42876  -4.276  -30.607  45.539 0.7500000000
43825  -4.089  -30.182  46.126 0.8750000000
42891  -4.389  -30.865  44.059 0.7500000000
43830  -4.351  -30.269  45.002 0.7500000000
43831  -4.417  -29.967  44.647 0.7500000000
122896  -4.582  -29.675  44.350 0.7500000000
44804  -5.054  -29.364  44.095 0.7500000000
43841  -8.814  -29.350  43.494 0.6250000000
128736  -8.951  -28.979  44.087 0.6250000000
43840  -7.673  -29.614  43.531 0.6250000000
43871  -9.519  -30.336  40.752 0.6250000000
43854  -8.208  -29.883  42.822 0.6250000000
127663  -9.093  -30.930  39.600 0.6250000000
42923  -9.200  -30.689  40.011 0.6250000000
109546  -8.996  -31.205  39.179 0.5000000000
114885  -8.991  -31.946  37.850 0.3750000000
37925  -4.169  -35.413  53.078 1.0000000000
37073  -5.418  -35.397  53.192 1.0000000000
36252  -6.895  -36.459  52.259 1.0000000000
111868  -4.122  -33.480  52.537 1.0000000000
37080  -7.325  -35.712  52.566 1.0000000000
39754  -4.509  -33.088  51.731 1.0000000000
37084  -7.843  -36.084  52.272 1.0000000000
41752  -4.356  -31.732  50.638 1.0000000000
37945  -8.182  -35.620  51.195 1.0000000000
122149  -8.256  -34.799  50.939 0.7500000000
127718  -3.739  -31.025  49.431 1.0000000000
38850  -8.564  -33.928  50.615 0.7500000000
37946  -8.182  -34.739  50.092 0.7500000000
38856  -8.523  -33.973  49.613 0.7500000000
42862  -3.549  -30.210  47.103 1.0000000000
126432  -4.294  -30.401  45.440 0.8750000000
113075  -4.029  -29.658  46.442 0.8750000000
44790  -4.200  -29.959  45.780 0.8750000000
44791  -4.354  -29.685  45.409 0.7500000000
44780  -4.762  -28.697  45.428 0.7500000000
44792  -4.868  -29.033  44.707 0.7500000000
45889  -5.913  -28.626  45.020 0.7500000000
44794  -6.344  -28.918  44.647 0.5000000000
46889  -9.399  -26.568  45.597 0.7500000000
45890  -9.484  -27.518  45.015 0.7500000000
45903  -9.923  -27.942  44.173 0.6250000000
44797  -9.107  -28.486  44.507 0.6250000000
44807  -8.198  -29.054  44.329 0.6250000000
44795  -7.306  -28.775  44.896 0.6250000000
44809  -10.282  -28.254  43.422 0.6250000000
43842  -9.807  -29.033  43.047 0.6250000000
43856  -10.191  -29.340  42.146 0.6250000000
42943  -9.608  -31.080  38.574 0.5000000000
41971  -9.535  -31.517  37.892 0.5000000000
129489  -5.151  -35.000  53.618 1.0000000000
37071  -5.830  -34.792  53.490 1.0000000000
37074  -6.245  -35.210  52.985 1.0000000000
37916  -4.781  -34.853  53.982 1.0000000000
38842  -4.380  -34.123  54.195 1.0000000000
37922  -4.589  -35.460  53.682 1.0000000000
37072  -4.812  -35.502  53.485 1.0000000000
37079  -6.679  -35.819  52.522 1.0000000000
37076  -7.611  -34.958  52.932 1.0000000000
37081  -7.610  -35.530  52.627 1.0000000000
39751  -4.145  -32.946  53.108 1.0000000000
38844  -3.922  -34.470  52.792 1.0000000000
37075  -6.909  -35.026  53.066 1.0000000000
109814  -4.519  -32.653  52.402 1.0000000000
37927  -8.206  -35.376  52.470 1.0000000000
41738  -4.184  -31.006  50.943 1.0000000000
37935  -8.269  -34.876  51.704 1.0000000000
119885  -3.468  -30.541  49.475 1.0000000000
42854  -3.335  -30.368  47.807 1.0000000000
44752  -31.010  -27.169  50.790 0.7500000000
45790  -31.423  -26.831  51.065 0.7500000000
43812  -3.329  -29.734  47.234 1.0000000000
43818  -3.733  -29.680  46.763 1.0000000000
45871  -4.145  -28.467  46.623 0.8750000000
44778  -4.213  -29.130  46.208 0.8750000000
44779  -4.416  -28.956  45.823 0.8750000000
45874  -5.933  -28.262  45.566 0.7500000000
50566  -7.334  -22.775  46.171 0.8750000000
126892  -7.994  -24.008  46.689 0.8750000000
49601  -8.558  -23.574  45.400 0.8750000000
49591  -8.263  -23.827  46.203 0.8750000000
48680  -8.857  -24.536  45.886 0.8750000000
48670  -8.233  -24.570  46.594 0.8750000000
44782  -7.412  -28.302  45.538 0.5000000000
44781  -6.609  -28.506  45.298 0.5000000000
47793  -9.856  -25.745  45.309 0.7500000000
48681  -9.488  -24.898  45.266 0.7500000000
47792  -9.184  -25.622  45.880 0.7500000000
46888  -8.524  -26.605  46.230 0.7500000000
45876  -7.938  -27.695  45.996 0.7500000000
47803  -10.360  -25.752  44.669 0.7500000000
46907  -10.570  -26.507  44.262 0.7500000000
46906  -10.093  -26.560  44.986 0.7500000000
44796  -8.345  -28.252  45.215 0.6250000000
44816  -10.564  -28.549  42.675 0.6250000000
107970  -10.271  -29.768  41.216 0.6250000000
44828  -10.890  -29.130  41.487 0.6250000000
43880  -9.855  -30.426  40.017 0.6250000000
112254  -10.407  -30.044  40.375 0.6250000000
43881  -10.433  -30.274  39.567 0.5000000000
42934  -10.332  -30.535  38.737 0.2500000000
42951  -10.295  -30.918  37.847 0.1250000000
37913  -6.254  -34.327  54.013 1.0000000000
37918  -7.412  -34.530  53.595 1.0000000000
109058  -4.563  -34.823  54.116 1.0000000000
37919  -7.642  -34.424  53.507 1.0000000000
39747  -4.168  -33.228  53.837 1.0000000000
114309  -4.550  -32.222  52.847 1.0000000000
37928  -8.210  -34.760  52.328 1.0000000000
41739  -4.476  -31.543  51.651 1.0000000000
111001  -3.045  -29.778  49.747 1.0000000000
42844  -3.653  -30.406  50.340 1.0000000000
39762  -8.863  -33.191  50.026 0.7500000000
43794  -29.978  -28.760  51.341 0.8750000000
43792  -30.434  -28.313  51.674 0.7500000000
45789  -31.187  -27.212  51.622 0.8750000000
44749  -30.954  -27.453  51.262 0.7500000000
42847  -2.998  -29.965  48.647 1.0000000000
43798  -30.303  -28.372  50.770 0.8750000000
47721  -32.137  -25.770  51.367 0.6250000000
48623  -32.146  -24.043  51.934 0.8750000000
43799  -2.345  -29.174  48.238 1.0000000000
42848  -28.767  -29.575  49.835 0.6250000000
46792  -32.015  -26.055  50.956 0.7500000000
120972  -32.485  -25.005  51.323 0.8750000000
130333  -32.679  -24.340  51.279 0.8750000000
49542  -32.893  -23.076  51.358 0.8750000000
49554  -33.357  -23.336  50.713 0.7500000000
109444  -2.757  -29.126  47.460 1.0000000000
129263  -27.416  -30.065  48.984 0.6250000000
114874  -32.864  -24.786  50.762 0.8750000000
48624  -33.050  -24.100  50.923 0.8750000000
50529  -33.432  -22.215  50.630 0.5000000000
44763  -2.975  -28.523  47.291 0.8750000000
107851  -4.563  -21.877  48.155 0.8750000000
109036  -4.437  -21.168  47.812 0.8750000000
46863  -3.310  -27.347  47.554 0.8750000000
50553  -4.942  -22.137  47.987 0.8750000000
51588  -4.819  -21.235  47.347 0.8750000000
51589  -5.289  -21.593  47.288 0.7500000000
49582  -5.891  -23.508  48.253 0.8750000000
45856  -4.771  -27.706  46.726 0.7500000000
128100  -5.804  -21.915  47.240 0.7500000000
50555  -6.238  -22.602  47.572 1.0000000000
49583  -6.638  -23.519  47.742 0.8750000000
45857  -5.609  -27.575  46.695 0.7500000000
124466  -6.295  -22.000  46.701 0.8750000000
111307  -6.952  -22.812  46.931 0.8750000000
48669  -7.591  -24.391  47.085 0.8750000000
48668  -6.877  -24.458  47.622 0.8750000000
47780  -7.058  -25.365  47.407 0.8750000000
50573  -7.264  -22.423  45.354 0.7500000000
47781  -7.768  -25.407  46.955 0.8750000000
46868  -7.103  -26.449  47.150 0.7500000000
48689  -9.122  -24.097  44.959 0.7500000000
47782  -8.490  -25.478  46.455 0.7500000000
46887  -7.517  -27.146  46.591 0.7500000000
119978  -9.999  -25.125  44.836 0.7500000000
45875  -6.848  -27.995  46.068 0.7500000000
45904  -10.653  -27.327  43.733 0.7500000000
46921  -11.054  -26.401  43.571 0.6250000000
113639  -10.853  -28.707  42.065 0.6250000000
44829  -11.354  -28.366  41.646 0.6250000000
37912  -5.412  -34.465  53.959 1.0000000000
37917  -6.709  -34.682  53.564 1.0000000000
109858  -4.545  -33.335  54.408 1.0000000000
37911  -5.066  -34.147  54.410 1.0000000000
38835  -6.614  -33.949  54.545 1.0000000000
37915  -7.492  -34.131  54.160 1.0000000000
37924  -8.039  -34.521  52.864 1.0000000000
37923  -7.725  -34.852  52.984 1.0000000000
40637  -4.267  -32.406  53.489 1.0000000000
41708  -4.473  -31.688  53.146 1.0000000000
38845  -8.480  -33.994  52.659 1.0000000000
41725  -4.251  -30.872  51.916 1.0000000000
40685  -9.912  -31.842  50.103 0.7500000000
38847  -8.853  -33.449  51.532 0.6250000000
43796  -3.379  -29.618  50.782 1.0000000000
39763  -9.261  -32.474  49.617 0.7500000000
43791  -29.817  -28.911  51.915 0.7500000000
128938  -3.829  -21.259  50.170 0.7500000000
42846  -29.342  -29.402  50.462 0.7500000000
46791  -31.652  -26.482  51.449 0.7500000000
41773  -27.848  -29.917  49.428 0.7500000000
51575  -4.015  -21.233  49.258 0.8750000000
107943  -4.115  -22.127  49.288 0.8750000000
113460  -4.285  -22.900  49.217 0.8750000000
52566  -4.066  -20.445  48.888 0.8750000000
51581  -4.249  -21.575  48.551 0.8750000000
118112  -4.382  -22.285  48.755 0.8750000000
50541  -4.676  -22.804  48.681 0.8750000000
46845  -3.012  -26.691  47.931 0.8750000000
52575  -4.192  -20.644  48.127 0.7500000000
46865  -4.382  -27.247  47.443 0.8750000000
45855  -4.155  -27.841  46.964 0.8750000000
50554  -5.492  -22.527  48.001 0.8750000000
130770  -4.666  -20.797  46.621 0.7500000000
48662  -6.123  -24.507  48.141 1.0000000000
51596  -4.923  -21.067  46.496 0.7500000000
47771  -6.302  -25.400  47.856 0.7500000000
45858  -6.544  -27.421  46.732 0.7500000000
121935  -5.982  -27.851  46.140 0.7500000000
50564  -6.130  -21.655  45.844 0.8750000000
49610  -8.763  -23.362  44.415 0.7500000000
49611  -9.298  -23.711  43.814 0.6250000000
48691  -10.350  -24.963  44.213 0.7500000000
48700  -10.745  -24.921  43.589 0.6250000000
47815  -11.248  -25.502  43.172 0.6250000000
47826  -11.662  -25.879  42.446 0.6250000000
38843  -8.359  -33.773  53.201 1.0000000000
39752  -8.984  -33.161  53.069 0.8750000000
41695  -4.363  -31.681  53.853 0.7500000000
127494  -8.978  -33.360  52.388 0.8750000000
118795  -3.639  -29.510  52.386 1.0000000000
42838  -4.353  -31.030  52.831 1.0000000000
39755  -9.359  -32.577  51.326 0.6250000000
43793  -3.275  -29.163  51.583 0.8750000000
42841  -3.909  -29.963  51.700 1.0000000000
40686  -10.680  -31.312  49.651 0.7500000000
115039  -25.936  -30.615  49.335 0.7500000000
40694  -27.146  -30.524  49.784 0.7500000000
42845  -28.874  -29.875  50.719 0.6250000000
51569  -3.699  -21.651  51.004 0.7500000000
50524  -3.688  -22.434  50.688 0.8750000000
45808  -2.347  -27.586  50.768 0.8750000000
108544  -2.540  -28.888  50.064 0.8750000000
40720  -10.637  -31.371  47.930 0.3750000000
123083  -24.595  -30.863  47.708 0.7500000000
120669  -25.498  -30.673  48.245 0.6250000000
40709  -26.020  -30.586  48.835 0.7500000000
41772  -27.568  -30.352  49.798 0.7500000000
49556  -3.824  -23.773  50.240 0.8750000000
45830  -2.164  -27.456  48.456 1.0000000000
40739  -24.358  -30.957  47.090 0.7500000000
40741  -24.825  -30.757  46.804 0.6250000000
40727  -25.724  -30.598  48.087 0.6250000000
123546  -26.900  -30.305  48.878 0.6250000000
52553  -3.831  -20.837  50.835 0.5000000000
40759  -23.709  -31.359  45.833 0.5000000000
40740  -24.615  -30.901  46.566 0.7500000000
40726  -25.161  -30.693  47.506 0.6250000000
52558  -3.921  -20.644  49.727 0.6250000000
130759  -4.477  -23.571  49.179 0.8750000000
120438  -2.588  -26.782  48.246 1.0000000000
53633  -4.104  -20.018  49.131 0.7500000000
49580  -4.719  -23.943  48.939 1.0000000000
47759  -3.551  -25.871  48.879 1.0000000000
46833  -3.370  -26.328  48.396 1.0000000000
46864  -3.782  -27.325  47.547 0.8750000000
121721  -5.033  -22.951  48.521 0.8750000000
49581  -5.187  -23.706  48.587 1.0000000000
48661  -5.324  -24.664  48.498 1.0000000000
47768  -3.920  -26.011  48.534 1.0000000000
46847  -4.076  -26.635  47.976 0.8750000000
51586  -36.024  -21.455  47.768 0.5000000000
52580  -36.862  -20.541  47.918 0.6250000000
53664  -4.331  -19.954  47.239 0.7500000000
46848  -4.851  -26.473  47.900 0.8750000000
47769  -4.651  -25.765  48.385 0.8750000000
46866  -5.208  -27.118  47.364 0.8750000000
51587  -36.799  -21.261  47.251 0.6250000000
52581  -4.516  -20.548  47.028 0.7500000000
47770  -5.472  -25.550  48.186 0.8750000000
46849  -5.726  -26.306  47.769 0.7500000000
46867  -6.129  -26.922  47.304 0.7500000000
51595  -37.079  -21.183  46.786 0.7500000000
51597  -5.564  -21.422  46.394 0.7500000000
51604  -5.444  -21.396  45.510 0.7500000000
50572  -6.548  -21.934  45.359 0.7500000000
129279  -7.415  -22.471  44.530 0.7500000000
108109  -7.992  -22.764  44.017 0.6250000000
48699  -10.062  -24.211  43.472 0.6250000000
48709  -10.807  -24.545  42.921 0.6250000000
47835  -11.254  -24.390  41.833 0.6250000000
47825  -11.407  -24.985  42.453 0.6250000000
47836  -11.884  -25.369  41.749 0.6250000000
47837  -12.232  -25.337  40.986 0.2500000000
47846  -12.639  -25.395  40.314 0.1250000000
40659  -10.169  -32.125  51.937 0.7500000000
50497  -3.523  -22.968  54.551 0.5000000000
49510  -2.940  -23.778  54.732 0.6250000000
48590  -2.769  -24.195  54.324 0.6250000000
42830  -4.051  -30.399  53.391 0.8750000000
116959  -4.291  -31.124  53.412 1.0000000000
40672  -9.986  -31.940  50.993 0.7500000000
52543  -4.174  -21.323  53.854 0.5000000000
111956  -3.846  -22.103  54.268 0.5000000000
50504  -3.472  -22.540  53.998 0.5000000000
120288  -3.210  -22.949  53.563 0.6250000000
49514  -2.921  -23.612  53.880 0.6250000000
48599  -2.865  -24.341  53.160 0.6250000000
47712  -2.811  -25.333  53.043 0.6250000000
45755  -2.948  -27.478  53.399 0.7500000000
43790  -3.408  -29.040  53.108 0.8750000000
40704  -10.588  -31.300  48.761 0.6250000000
52548  -4.472  -20.653  53.710 0.5000000000
52547  -4.092  -21.086  53.261 0.5000000000
51552  -3.787  -21.793  53.620 0.5000000000
50509  -3.320  -22.716  52.844 0.6250000000
49516  -3.126  -23.444  52.769 0.7500000000
49529  -3.311  -23.580  51.681 0.7500000000
112574  -3.167  -24.837  51.341 0.7500000000
47722  -3.033  -25.018  52.077 0.7500000000
108543  -2.601  -26.678  51.021 0.8750000000
46793  -2.673  -26.833  52.109 0.7500000000
45791  -2.543  -27.377  51.525 0.8750000000
41782  -11.327  -31.103  48.346 0.6250000000
40725  -24.745  -30.845  48.044 0.6250000000
53592  -4.699  -20.172  53.480 0.5000000000
53591  -4.075  -20.536  52.526 0.5000000000
52551  -3.919  -20.979  52.560 0.5000000000
50523  -3.543  -22.966  51.218 0.7500000000
49543  -3.527  -23.707  50.855 0.8750000000
48637  -3.559  -24.513  50.463 0.8750000000
47746  -2.958  -25.946  49.461 1.0000000000
130678  -3.061  -25.637  50.148 1.0000000000
46805  -2.247  -27.088  50.042 0.8750000000
41798  -11.541  -31.110  47.613 0.2500000000
41783  -12.285  -30.931  48.317 0.5000000000
109763  -23.585  -31.159  46.883 0.5000000000
40724  -24.010  -30.961  47.739 0.6250000000
53607  -4.052  -20.235  51.118 0.5000000000
123695  -3.860  -20.665  51.827 0.6250000000
114110  -3.729  -21.228  51.838 0.5000000000
40758  -22.880  -31.489  45.163 0.3750000000
53617  -4.030  -20.152  50.124 0.5000000000
118799  -22.805  -31.358  46.195 0.2500000000
49571  -4.237  -24.423  49.363 1.0000000000
47758  -3.321  -25.779  49.243 1.0000000000
48650  -3.406  -25.332  49.899 1.0000000000
53649  -4.188  -19.938  48.186 0.6250000000
48660  -4.660  -24.931  48.767 1.0000000000
48659  -4.125  -25.150  48.989 1.0000000000
52579  -36.031  -20.491  48.571 0.5000000000
123053  -37.408  -19.804  48.062 0.6250000000
53677  -4.351  -20.035  46.393 0.7500000000
111784  -37.293  -20.573  46.755 0.7500000000
52586  -37.495  -20.332  47.320 0.6250000000
111596  -4.865  -21.121  45.617 0.7500000000
52588  -4.504  -20.559  45.883 0.7500000000
51601  -36.898  -21.202  46.171 0.7500000000
52600  -36.781  -20.566  45.855 0.7500000000
50589  -36.355  -22.119  44.584 0.7500000000
51608  -36.506  -21.455  45.391 0.7500000000
50596  -6.192  -22.026  43.432 0.7500000000
49619  -7.660  -22.856  43.067 0.6250000000
49632  -8.297  -23.276  42.493 0.6250000000
48707  -8.949  -23.528  42.020 0.6250000000
110202  -10.828  -24.257  42.294 0.6250000000
48722  -10.290  -23.787  41.674 0.6250000000
48723  -11.629  -24.480  41.194 0.3750000000
47845  -12.071  -24.419  40.458 0.2500000000
40660  -10.750  -31.651  51.377 0.7500000000
41753  -11.731  -31.057  50.071 0.6250000000
51547  -4.417  -21.601  54.383 0.5000000000
41762  -11.511  -31.036  49.078 0.6250000000
52544  -4.727  -20.761  54.170 0.5000000000
41800  -13.323  -30.729  47.838 0.3750000000
123650  -4.306  -20.545  53.126 0.5000000000
41799  -12.477  -30.964  47.277 0.2500000000
41821  -20.594  -30.651  46.364 0.3750000000
40722  -21.886  -31.046  47.240 0.5000000000
124501  -22.614  -31.136  47.084 0.3750000000
53599  -4.474  -20.087  52.550 0.5000000000
41816  -12.605  -31.030  46.338 0.2500000000
124116  -14.155  -30.637  46.566 0.3750000000
123566  -21.972  -31.232  46.524 0.2500000000
53619  -5.205  -19.628  50.967 0.5000000000
53618  -4.492  -19.848  50.522 0.5000000000
41817  -13.515  -30.833  46.039 0.2500000000
110670  -14.602  -30.619  45.841 0.1250000000
109072  -19.826  -30.296  44.891 0.1250000000
41822  -21.268  -31.082  45.987 0.3750000000
40738  -22.042  -31.356  45.617 0.3750000000
53634  -4.507  -19.791  49.520 0.5000000000
123508  -15.687  -30.455  45.251 0.1250000000
41853  -16.158  -30.452  44.307 0.1250000000
41841  -21.332  -31.128  45.061 0.3750000000
53665  -4.543  -19.567  47.402 0.6250000000
53678  -4.493  -19.608  46.508 0.6250000000
52587  -37.579  -20.058  46.892 0.7500000000
117454  -4.710  -19.345  45.896 0.6250000000
52593  -37.251  -20.246  46.462 0.7500000000
50571  -5.875  -21.618  44.999 0.7500000000
51603  -4.526  -20.922  44.879 0.7500000000
52608  -36.219  -20.905  45.320 0.7500000000
50584  -5.613  -21.619  44.041 0.7500000000
51612  -4.983  -21.314  44.677 0.7500000000
52618  -35.679  -21.408  44.381 0.6250000000
51616  -35.855  -21.381  44.672 0.7500000000
108240  -6.678  -22.510  42.798 0.7500000000
49631  -7.202  -22.991  42.067 0.6250000000
49645  -7.175  -23.419  41.406 0.6250000000
48706  -8.021  -23.434  41.686 0.6250000000
119933  -10.869  -23.933  41.300 0.6250000000
48742  -10.891  -23.772  40.554 0.3750000000
48743  -12.588  -24.828  40.028 0.1250000000
53584  -5.289  -20.220  54.393 0.5000000000
41801  -14.375  -30.453  47.401 0.3750000000
53583  -4.850  -20.266  54.004 0.5000000000
53594  -6.141  -19.564  54.049 0.5000000000
53593  -5.278  -19.846  53.973 0.5000000000
41819  -15.612  -30.180  46.291 0.1250000000
41820  -19.852  -30.204  46.731 0.3750000000
53600  -5.114  -19.769  53.030 0.5000000000
108548  -19.210  -29.947  45.289 0.1250000000
41839  -19.871  -30.243  45.804 0.2500000000
53635  -5.218  -19.588  49.969 0.5000000000
41837  -16.759  -30.175  45.049 0.1250000000
41855  -18.954  -29.970  44.484 0.1250000000
41854  -17.502  -29.993  44.832 0.1250000000
109089  -17.975  -30.108  44.140 0.1250000000
53650  -4.605  -19.625  48.440 0.5000000000
53666  -4.963  -19.235  47.596 0.6250000000
53679  -4.791  -19.252  46.745 0.6250000000
53691  -37.569  -19.536  46.769 0.7500000000
53676  -37.780  -19.579  47.170 0.6250000000
54682  -37.989  -18.627  47.216 0.3750000000
53692  -4.434  -19.919  45.602 0.6250000000
53706  -37.074  -19.780  46.240 0.7500000000
53690  -37.471  -18.952  46.585 0.7500000000
129492  -37.888  -18.348  46.841 0.7500000000
52594  -4.449  -20.525  44.891 0.6250000000
120666  -4.679  -19.674  45.054 0.5000000000
52607  -35.896  -20.654  45.149 0.7500000000
53722  -36.351  -20.089  45.600 0.8750000000
53705  -36.875  -19.530  46.096 0.8750000000
51602  -4.466  -20.865  44.308 0.6250000000
52617  -35.488  -21.432  44.012 0.6250000000
52606  -35.900  -20.782  44.981 0.8750000000
52632  -34.835  -21.366  43.250 0.7500000000
128523  -5.211  -22.671  41.979 0.7500000000
49643  -5.259  -23.156  41.629 0.7500000000
49644  -6.261  -23.292  41.490 0.6250000000
48720  -7.717  -23.695  41.071 0.6250000000
48741  -9.318  -23.696  40.993 0.6250000000
48719  -6.575  -23.778  40.914 0.5000000000
108949  -8.866  -23.871  40.137 0.3750000000
48761  -12.417  -24.269  39.658 0.1250000000
48760  -11.480  -23.756  39.718 0.2500000000
107926  -12.595  -23.665  38.236 0.1250000000
109945  -5.748  -19.601  53.371 0.5000000000
53609  -5.146  -19.697  52.001 0.5000000000
108537  -6.067  -19.492  50.422 0.5000000000
108534  -6.061  -19.441  49.363 0.5000000000
53651  -5.440  -19.350  48.438 0.3750000000
122852  -5.343  -19.123  47.015 0.6250000000
116693  -38.040  -17.731  47.124 0.3750000000
113764  -36.575  -19.318  45.901 0.7500000000
112636  -37.138  -18.880  46.312 0.6250000000
50595  -5.309  -21.747  43.027 0.7500000000
50583  -4.880  -21.382  43.612 0.7500000000
51611  -4.571  -21.092  44.048 0.7500000000
53721  -36.022  -19.935  45.405 0.8750000000
49629  -4.875  -22.233  42.224 0.6250000000
50594  -4.624  -21.697  42.597 0.7500000000
52616  -34.931  -20.804  44.051 0.7500000000
112060  -4.434  -22.941  41.827 0.7500000000
49618  -5.739  -22.200  42.487 0.6250000000
51635  -34.567  -21.510  42.619 0.6250000000
125766  -4.584  -23.409  41.382 0.7500000000
48740  -8.338  -23.827  40.679 0.5000000000
49642  -3.848  -23.352  41.297 0.6250000000
48718  -5.331  -23.669  41.096 0.6250000000
48739  -7.388  -24.047  40.425 0.5000000000
108542  -9.768  -23.683  40.288 0.2500000000
48717  -4.349  -23.750  40.960 0.6250000000
48737  -4.886  -23.980  40.642 0.6250000000
111354  -6.448  -24.199  40.142 0.5000000000
109887  -8.023  -24.139  39.882 0.3750000000
123602  -8.517  -24.178  39.366 0.2500000000
48759  -10.310  -23.679  39.412 0.2500000000
48775  -11.140  -23.608  38.964 0.1250000000
48787  -11.419  -23.491  38.136 0.1250000000
48736  -4.239  -23.978  40.294 0.6250000000
129655  -5.702  -24.329  39.801 0.5000000000
48756  -6.206  -24.514  39.243 0.3750000000
107907  -7.768  -24.428  38.984 0.2500000000
48772  -8.552  -24.355  38.493 0.1250000000
48773  -9.467  -24.038  38.506 0.1250000000
48786  -10.315  -23.696  37.626 0.1250000000
48771  -6.820  -24.583  38.647 0.2500000000
47860  -6.500  -24.628  37.925 0.2500000000
130187  -8.948  -24.402  37.864 0.1250000000
48774  -10.341  -23.740  38.406 0.1250000000
53601  -5.905  -19.562  52.483 0.5000000000
108539  -6.898  -19.530  51.971 0.5000000000
108536  -6.910  -19.531  49.984 0.3750000000
53652  -6.495  -19.423  48.464 0.3750000000
55626  -38.057  -16.599  47.631 0.2500000000
53680  -5.408  -19.069  46.181 0.5000000000
54704  -37.606  -18.107  46.607 0.3750000000
55638  -37.766  -16.993  47.012 0.3750000000
53710  -5.657  -19.249  44.630 0.3750000000
53704  -35.827  -18.807  45.462 0.7500000000
54703  -36.735  -18.345  46.012 0.6250000000
55646  -36.969  -17.216  46.255 0.3750000000
51622  -4.570  -21.242  43.279 0.7500000000
52610  -4.346  -20.846  43.247 0.7500000000
53724  -4.550  -19.923  43.768 0.6250000000
52605  -35.449  -20.484  44.734 0.8750000000
53720  -35.350  -19.529  45.005 0.8750000000
50593  -4.086  -22.115  42.026 0.7500000000
51621  -4.377  -21.409  42.698 0.7500000000
52631  -34.093  -20.715  42.829 0.6250000000
52615  -34.383  -20.305  43.498 0.7500000000
54713  -35.059  -18.659  44.618 0.6250000000
51632  -3.943  -21.823  42.034 0.7500000000
52624  -4.217  -20.838  42.660 0.7500000000
109415  -34.265  -19.379  43.460 0.7500000000
49628  -3.874  -22.768  41.746 0.8750000000
49641  -3.461  -22.990  41.342 0.7500000000
52630  -33.624  -20.143  42.177 0.8750000000
130710  -3.471  -23.434  40.955 0.6250000000
48735  -3.722  -23.882  39.951 0.5000000000
110649  -4.977  -24.234  39.956 0.5000000000
48755  -5.252  -24.543  38.980 0.2500000000
47859  -5.814  -24.631  38.016 0.2500000000
47870  -7.048  -24.587  37.488 0.1250000000
47872  -8.877  -24.483  37.375 0.1250000000
48801  -9.498  -24.123  37.246 0.1250000000
48803  -11.198  -23.367  37.230 0.1250000000
47861  -7.477  -24.573  38.115 0.1250000000
47871  -8.135  -24.566  37.564 0.2500000000
48785  -9.526  -24.121  37.790 0.1250000000
108533  -7.114  -19.511  49.183 0.3750000000
108529  -6.910  -19.433  47.681 0.3750000000
109485  -6.215  -19.226  46.923 0.5000000000
128684  -35.502  -18.224  45.107 0.6250000000
55645  -35.991  -17.837  45.540 0.5000000000
55653  -36.270  -16.940  45.266 0.3750000000
53736  -4.360  -20.377  43.168 0.7500000000
53738  -5.335  -19.573  42.908 0.5000000000
54722  -34.506  -18.839  43.812 0.7500000000
55652  -35.509  -17.726  44.597 0.5000000000
51641  -3.461  -22.010  41.574 0.7500000000
52625  -4.260  -20.511  42.360 0.7500000000
53748  -33.977  -19.664  42.830 0.6250000000
54723  -34.910  -18.216  43.693 0.5000000000
51651  -3.200  -22.148  40.983 0.7500000000
52644  -33.424  -20.443  41.574 0.8750000000
49655  -3.460  -23.612  40.486 0.6250000000
53759  -33.906  -19.156  41.912 0.8750000000
48753  -3.804  -24.191  39.051 0.5000000000
47851  -4.709  -24.518  38.473 0.5000000000
47867  -4.743  -24.495  37.971 0.2500000000
47869  -6.141  -24.520  37.566 0.1250000000
47882  -7.571  -24.614  37.157 0.1250000000
48800  -8.829  -24.534  36.987 0.1250000000
48814  -9.471  -23.959  36.640 0.1250000000
49722  -10.264  -23.422  36.295 0.1250000000
49706  -11.022  -23.181  36.518 0.1250000000
49723  -11.675  -22.850  35.929 0.1250000000
49740  -11.359  -22.554  35.207 0.1250000000
56572  -37.752  -15.324  46.551 0.2500000000
56578  -37.112  -16.127  45.890 0.3750000000
55662  -36.061  -16.831  44.105 0.3750000000
124578  -3.902  -20.989  41.703 0.7500000000
53749  -4.893  -19.821  42.097 0.5000000000
54731  -34.356  -18.729  42.908 0.5000000000
55661  -35.461  -17.456  43.397 0.5000000000
52651  -3.520  -21.789  40.555 0.5000000000
52637  -3.534  -21.597  41.368 0.6250000000
54741  -34.541  -18.310  41.935 0.5000000000
54732  -34.936  -17.941  42.695 0.5000000000
51661  -3.366  -22.390  40.123 0.5000000000
50623  -3.108  -22.767  40.691 0.6250000000
126707  -3.173  -22.956  40.027 0.5000000000
50634  -3.402  -23.454  39.479 0.5000000000
54751  -35.012  -17.779  41.108 0.6250000000
48768  -4.100  -24.246  38.163 0.5000000000
48784  -5.197  -24.348  37.574 0.2500000000
117975  -7.249  -24.470  36.971 0.1250000000
48812  -7.585  -24.017  36.525 0.1250000000
48813  -8.588  -24.199  36.567 0.1250000000
49693  -3.996  -23.658  37.938 0.2500000000
48796  -5.047  -23.833  37.252 0.2500000000
49704  -5.019  -23.097  36.704 0.2500000000
48798  -6.451  -24.059  36.765 0.1250000000
125472  -9.052  -23.770  36.121 0.1250000000
49721  -9.672  -23.484  35.915 0.1250000000
111069  -10.846  -22.930  35.839 0.1250000000
56585  -36.765  -16.068  44.750 0.3750000000
53750  -5.928  -19.614  42.197 0.5000000000
52653  -4.601  -20.600  40.690 0.6250000000
52638  -4.314  -20.475  41.543 0.5000000000
55671  -36.206  -16.766  42.853 0.3750000000
54742  -35.156  -17.691  41.851 0.5000000000
55670  -35.640  -17.251  42.290 0.5000000000
52664  -3.860  -21.901  39.536 0.3750000000
116620  -3.721  -22.263  39.145 0.5000000000
121768  -34.904  -17.859  40.332 0.6250000000
55677  -35.837  -17.056  41.211 0.5000000000
49683  -3.631  -23.929  38.784 0.5000000000
50647  -3.716  -23.265  38.527 0.3750000000
49718  -5.201  -22.908  36.348 0.2500000000
115471  -6.815  -23.571  36.243 0.1250000000
49703  -4.513  -23.085  37.276 0.2500000000
49705  -5.527  -23.604  36.747 0.1250000000
119014  -8.347  -23.598  35.988 0.1250000000
126684  -9.028  -23.322  35.477 0.1250000000
49738  -9.749  -22.963  35.237 0.1250000000
49739  -10.520  -22.702  35.148 0.1250000000
54760  -35.228  -17.617  39.499 0.6250000000
54752  -35.622  -17.334  40.301 0.6250000000
49737  -8.240  -22.964  35.264 0.1250000000
50710  -8.983  -22.657  34.666 0.1250000000
50712  -10.899  -22.200  34.339 0.1250000000
54768  -35.188  -17.610  38.650 0.8750000000
54767  -34.527  -18.179  39.018 0.8750000000
50727  -9.214  -21.971  33.938 0.1250000000
54777  -34.546  -18.046  38.230 0.7500000000
54786  -34.191  -18.237  36.959 0.5000000000
126492  -34.582  -17.958  37.535 0.7500000000
56579  -37.525  -15.287  45.368 0.3750000000
111578  -5.881  -19.808  41.469 0.5000000000
56592  -36.846  -16.156  43.478 0.3750000000
56586  -37.471  -15.434  44.171 0.3750000000
53763  -5.157  -20.183  41.108 0.2500000000
56601  -37.116  -16.236  42.165 0.2500000000
52666  -4.669  -20.931  39.713 0.3750000000
52665  -4.164  -21.565  39.954 0.5000000000
52680  -4.887  -20.678  38.445 0.3750000000
52679  -4.302  -21.311  38.804 0.3750000000
52691  -4.334  -20.646  37.668 0.3750000000
52678  -4.004  -21.826  38.523 0.3750000000
111533  -4.065  -21.205  37.689 0.2500000000
125540  -4.007  -21.731  37.659 0.2500000000
51675  -3.915  -22.413  38.263 0.2500000000
53804  -3.825  -20.424  36.960 0.2500000000
51695  -4.046  -22.012  37.207 0.2500000000
50664  -4.153  -22.832  37.631 0.2500000000
50693  -5.675  -22.639  35.867 0.1250000000
49720  -7.512  -23.268  35.827 0.1250000000
55697  -36.087  -17.074  39.545 0.6250000000
108614  -41.423  -15.354  40.538 0.5000000000
127763  -41.856  -15.027  41.040 0.5000000000
58314  -42.581  -14.336  41.147 0.2500000000
59184  -42.967  -13.921  41.188 0.2500000000
51709  -4.027  -21.585  36.377 0.2500000000
50679  -4.753  -22.603  36.553 0.2500000000
50691  -4.687  -22.107  36.065 0.1250000000
50708  -7.383  -22.468  35.211 0.1250000000
50709  -8.121  -22.297  34.653 0.1250000000
57462  -41.091  -15.618  39.415 0.5000000000
121170  -42.449  -14.949  40.796 0.5000000000
58315  -43.284  -14.415  40.814 0.3750000000
59185  -43.796  -13.966  40.807 0.3750000000
51722  -4.636  -21.546  35.525 0.1250000000
50706  -5.465  -21.859  35.502 0.1250000000
51737  -6.334  -21.340  34.969 0.1250000000
54778  -35.188  -17.587  37.867 0.8750000000
57473  -40.692  -15.641  38.464 0.6250000000
57463  -42.234  -15.447  39.804 0.5000000000
57464  -43.393  -15.088  40.058 0.3750000000
58324  -44.200  -14.397  40.508 0.3750000000
51736  -5.193  -21.076  35.053 0.1250000000
54787  -35.049  -17.644  36.942 0.7500000000
55728  -36.462  -16.796  37.294 0.8750000000
122976  -39.873  -15.636  38.367 0.6250000000
54788  -35.827  -17.134  36.664 0.8750000000
55721  -37.821  -16.113  37.642 0.6250000000
56641  -38.567  -15.727  37.229 0.5000000000
56642  -39.377  -15.628  37.720 0.5000000000
110284  -36.536  -16.644  36.406 0.8750000000
55730  -37.886  -15.901  36.674 0.8750000000
55679  -36.835  -16.565  41.176 0.3750000000
58305  -41.286  -14.260  41.481 0.3750000000
116416  -41.377  -13.969  41.520 0.2500000000
55687  -36.580  -16.767  40.291 0.6250000000
57453  -40.431  -15.301  40.902 0.3750000000
117015  -40.743  -14.751  41.427 0.3750000000
59183  -42.034  -13.806  41.342 0.2500000000
57454  -41.340  -14.998  41.221 0.3750000000
58313  -41.864  -14.599  41.274 0.2500000000
59172  -42.089  -14.140  41.370 0.2500000000
60011  -42.689  -13.481  40.962 0.2500000000
54761  -35.763  -17.293  38.965 0.6250000000
56612  -39.523  -15.723  40.278 0.5000000000
59196  -43.671  -13.588  40.829 0.2500000000
53803  -3.554  -20.468  36.393 0.2500000000
52708  -3.563  -20.782  35.972 0.2500000000
50690  -4.439  -21.908  36.158 0.1250000000
55707  -36.335  -16.931  38.858 0.6250000000
55708  -37.005  -16.561  38.713 0.6250000000
55699  -37.666  -16.414  39.296 0.5000000000
123006  -38.898  -15.962  39.854 0.5000000000
56621  -39.368  -15.804  39.527 0.5000000000
126994  -40.283  -15.660  39.972 0.5000000000
124303  -4.346  -21.552  35.739 0.1250000000
51734  -4.015  -20.945  35.123 0.1250000000
51735  -4.404  -20.853  34.949 0.1250000000
54779  -35.824  -17.236  37.537 0.7500000000
111022  -35.815  -17.258  38.330 0.7500000000
55719  -36.424  -16.878  38.117 0.6250000000
56620  -38.535  -16.088  39.169 0.5000000000
56630  -39.225  -15.764  38.744 0.5000000000
56631  -40.028  -15.718  39.099 0.6250000000
52740  -4.819  -20.310  34.640 0.1250000000
55720  -37.097  -16.491  37.911 0.7500000000
55709  -37.785  -16.290  38.520 0.5000000000
56629  -38.516  -15.886  38.238 0.5000000000
58334  -44.438  -14.789  39.733 0.3750000000
58343  -44.491  -14.991  38.486 0.3750000000
56594  -38.137  -15.754  42.033 0.2500000000
56602  -37.713  -16.178  41.274 0.2500000000
57445  -40.027  -14.966  41.361 0.3750000000
57437  -39.896  -14.371  41.716 0.3750000000
58304  -40.643  -14.294  41.563 0.2500000000
59182  -41.058  -13.691  41.489 0.2500000000
128228  -37.335  -16.442  40.620 0.3750000000
56603  -38.647  -15.753  41.289 0.3750000000
57444  -39.348  -15.077  41.644 0.3750000000
55698  -36.843  -16.661  39.457 0.5000000000
55688  -37.468  -16.478  40.002 0.5000000000
56610  -38.059  -16.218  40.574 0.3750000000
56604  -39.454  -15.457  40.985 0.3750000000
60017  -43.217  -13.035  40.532 0.2500000000
114076  -38.818  -15.938  40.472 0.5000000000
52722  -3.342  -20.127  35.475 0.2500000000
56611  -38.275  -16.268  39.884 0.5000000000
59197  -44.696  -13.771  40.688 0.3750000000
60018  -44.382  -13.237  40.530 0.1250000000
58325  -45.012  -14.280  40.375 0.2500000000
59198  -45.601  -13.724  40.473 0.2500000000
57488  -43.670  -15.379  37.667 0.6250000000
58335  -45.384  -14.355  39.509 0.2500000000
58296  -39.406  -13.857  42.589 0.3750000000
58297  -39.761  -14.038  41.986 0.3750000000
59164  -40.455  -13.852  41.747 0.2500000000
60010  -41.631  -13.273  40.984 0.1250000000
60019  -45.344  -13.320  40.675 0.1250000000
60029  -46.028  -13.131  40.505 0.1250000000
57499  -43.586  -15.346  36.481 0.6250000000
58350  -44.366  -15.058  37.133 0.6250000000
58351  -44.772  -14.409  36.659 0.6250000000
60009  -40.927  -13.047  41.096 0.1250000000
114217  -42.323  -13.013  40.561 0.1250000000
58336  -45.864  -14.015  38.776 0.2500000000
59206  -46.149  -13.610  39.840 0.2500000000
58344  -45.133  -14.504  37.992 0.5000000000
58358  -44.044  -14.898  35.855 0.6250000000
59214  -45.556  -13.918  37.576 0.2500000000
57516  -42.941  -15.373  34.695 0.6250000000
57504  -43.319  -15.316  35.470 0.6250000000
59215  -46.301  -13.332  38.698 0.2500000000
59207  -46.469  -12.861  39.906 0.2500000000
60040  -46.608  -12.466  39.102 0.2500000000
59222  -45.032  -13.761  36.284 0.6250000000
59223  -45.726  -13.323  37.197 0.3750000000
129641  -43.012  -15.088  34.303 0.6250000000
124126  -43.513  -14.926  34.893 0.6250000000
58359  -44.363  -14.255  35.506 0.6250000000
108622  -43.274  -14.753  34.227 0.6250000000
58373  -44.148  -14.011  34.818 0.6250000000
58393  -43.116  -14.529  33.463 0.6250000000
58383  -43.561  -14.314  34.121 0.6250000000
60049  -46.256  -12.662  37.868 0.2500000000
60031  -46.589  -11.841  39.265 0.2500000000
59231  -44.875  -13.225  35.696 0.5000000000
128452  -45.284  -13.303  36.404 0.3750000000
112992  -46.019  -12.030  37.185 0.2500000000
123832  -44.592  -13.802  35.375 0.5000000000
127823  -42.791  -14.807  33.099 0.5000000000
59263  -43.028  -14.093  33.252 0.6250000000
59262  -42.612  -13.510  32.736 0.7500000000
59278  -42.098  -14.055  32.155 0.6250000000
60060  -45.542  -12.678  36.577 0.5000000000
59242  -44.365  -13.505  34.891 0.6250000000
60936  -45.477  -11.686  36.332 0.3750000000
120460  -43.884  -13.732  34.283 0.6250000000
60073  -43.964  -12.990  34.348 0.6250000000
60092  -43.154  -13.514  33.320 0.7500000000
60105  -41.843  -13.023  31.934 0.7500000000
60106  -42.237  -12.417  32.438 0.7500000000
122881  -41.599  -12.145  31.780 0.8750000000
112630  -46.011  -11.227  37.092 0.3750000000
60935  -44.930  -12.213  35.637 0.3750000000
60084  -43.551  -13.228  33.747 0.6250000000
60955  -43.577  -12.381  33.800 0.5000000000
60945  -43.963  -12.122  34.386 0.6250000000
60074  -44.438  -12.673  34.943 0.6250000000
60967  -42.979  -12.631  33.195 0.6250000000
129696  -43.628  -11.678  33.929 0.5000000000
60966  -42.505  -11.635  32.814 0.6250000000
60981  -41.753  -11.499  32.090 0.7500000000
60980  -41.130  -11.425  31.216 0.7500000000
62716  -41.593  -9.805  31.816 0.6250000000
61859  -41.244  -9.804  30.732 0.7500000000
62715  -41.483  -9.114  31.074 0.7500000000
62735  -41.690  -9.082  30.004 0.7500000000
112800  -43.933  -11.271  34.348 0.5000000000
60946  -44.407  -11.700  34.928 0.5000000000
61838  -42.768  -10.825  33.191 0.5000000000
61839  -43.451  -11.000  33.782 0.5000000000
61848  -42.025  -10.703  32.428 0.7500000000
62686  -43.226  -10.151  33.602 0.5000000000
62698  -42.398  -9.787  32.793 0.6250000000
124003  -42.476  -8.849  32.720 0.6250000000
63618  -41.957  -8.279  30.847 0.7500000000
63599  -42.325  -8.091  32.091 0.6250000000
63631  -42.351  -8.431  29.777 0.7500000000
63632  -43.079  -8.292  29.203 0.7500000000
62699  -43.054  -9.217  33.399 0.5000000000
63600  -42.912  -8.258  33.096 0.5000000000
116355  -41.884  -8.934  31.959 0.6250000000
64497  -42.924  -7.213  32.472 0.5000000000
64504  -42.527  -7.361  31.245 0.5000000000
63628  -42.810  -7.659  29.979 0.6250000000
62747  -43.054  -8.635  28.689 0.7500000000
64516  -43.586  -7.773  29.271 0.7500000000
64507  -43.703  -7.159  29.684 0.7500000000
63634  -44.628  -7.544  28.720 0.7500000000
119288  -43.149  -6.810  30.538 0.5000000000
64505  -42.991  -6.673  31.500 0.5000000000
65387  -43.978  -6.410  30.191 0.6250000000
125680  -44.240  -5.799  30.770 0.2500000000
66229  -44.763  -5.007  32.250 0.1250000000
64508  -44.511  -6.812  29.494 0.6250000000
65388  -44.866  -5.869  29.996 0.5000000000
65382  -44.851  -5.239  31.076 0.2500000000
111516  -44.851  -7.154  29.063 0.5000000000
64509  -45.259  -6.522  29.328 0.3750000000
66244  -45.782  -5.267  30.479 0.3750000000
64519  -46.078  -6.565  28.891 0.3750000000
65400  -46.067  -6.249  29.259 0.3750000000
65401  -47.600  -5.794  29.297 0.3750000000
65402  -48.203  -5.384  29.718 0.3750000000
113431  -45.744  -4.722  31.638 0.1250000000
111436  -45.723  -5.842  29.682 0.2500000000
126252  -46.880  -4.782  30.922 0.1250000000
66234  -47.913  -4.721  30.839 0.1250000000
65389  -46.592  -5.545  29.911 0.3750000000
65390  -47.534  -5.312  30.152 0.2500000000
66245  -48.296  -5.041  30.268 0.1250000000
67166  -49.109  -4.588  30.555 0.1250000000
111039  -47.803  -5.516  29.767 0.3750000000
67178  -49.384  -4.577  30.109 0.1250000000
66246  -48.724  -4.959  30.052 0.2500000000
67179  -50.205  -4.071  30.167 0.1250000000
66254  -48.689  -5.051  29.609 0.2500000000
68046  -50.852  -3.617  30.147 0.1250000000
67148  -50.000  -4.215  30.724 0.1250000000
68058  -51.045  -3.192  29.786 0.1250000000
68015  -50.339  -3.634  31.551 0.1250000000
68047  -51.351  -3.078  30.333 0.1250000000
125981  -51.597  -2.383  30.501 0.1250000000
68952  -51.552  -2.339  29.915 0.1250000000
68944  -51.716  -1.677  30.284 0.1250000000
70600  -51.658  -0.340  29.475 0.1250000000
69815  -52.202  -1.072  29.303 0.1250000000
71408  -49.945  0.213  27.022 0.1250000000
70610  -50.943  0.055  28.866 0.1250000000
70593  -51.285  -0.663  30.013 0.1250000000
115753  -3.832  -21.917  50.034 0.8750000000
50532  -3.911  -22.840  49.921 0.8750000000
111593  -2.701  -26.242  50.059 1.0000000000
49557  -4.159  -23.707  49.656 1.0000000000
126348  -2.471  -29.251  49.150 1.0000000000
48638  -3.887  -24.580  49.885 1.0000000000
108948  -2.845  -28.835  50.907 1.0000000000
45842  -2.730  -27.512  47.638 1.0000000000
45853  -3.349  -28.108  47.237 1.0000000000
45821  -2.043  -27.503  49.348 0.8750000000
29315  -4.579  -45.885  45.667 0.1250000000
30262  -4.367  -45.087  45.324 0.1250000000
109326  -3.963  -45.286  43.075 0.1250000000
30283  -3.962  -44.811  43.769 0.1250000000
28454  -3.587  -46.688  43.019 0.1250000000
113661  -3.740  -45.824  42.874 0.1250000000
29351  -3.876  -45.296  42.134 0.1250000000
30319  -3.269  -44.532  40.333 0.1250000000
31988  -5.249  -42.923  41.176 0.2500000000
31993  -4.881  -42.651  40.222 0.2500000000
115333  -3.432  -42.760  39.242 0.3750000000
127708  -5.362  -40.477  39.043 0.3750000000
33746  -4.730  -40.546  38.697 0.2500000000
33701  -10.551  -41.085  42.933 0.1250000000
123256  -5.396  -39.881  38.860 0.2500000000
110823  -4.743  -38.479  38.038 0.3750000000
38164  -4.864  -36.039  37.969 0.5000000000
31155  -3.915  -43.623  45.157 0.1250000000
30253  -4.434  -43.721  45.716 0.1250000000
32872  -5.435  -41.965  41.622 0.2500000000
34658  -6.404  -39.480  40.351 0.3750000000
114090  -5.352  -38.930  38.739 0.3750000000
33713  -9.892  -40.274  42.482 0.1250000000
38184  -5.044  -36.065  37.514 0.5000000000
37282  -5.058  -37.105  37.011 0.3750000000
119000  -4.977  -35.447  37.820 0.5000000000
39834  -4.951  -33.944  38.882 0.6250000000
38945  -5.123  -34.869  37.744 0.6250000000
39841  -5.085  -33.597  38.676 0.6250000000
37283  -5.454  -36.855  36.697 0.3750000000
38203  -5.389  -35.570  37.085 0.3750000000
37284  -5.670  -36.835  36.408 0.3750000000
115336  -6.647  -40.403  46.555 0.2500000000
115696  -3.745  -43.164  44.468 0.1250000000
31147  -4.161  -43.195  45.607 0.1250000000
31141  -5.816  -43.443  46.018 0.1250000000
31960  -6.017  -41.815  46.456 0.2500000000
31973  -7.565  -42.850  44.611 0.1250000000
32863  -4.866  -41.526  42.743 0.3750000000
32865  -5.639  -40.543  41.751 0.3750000000
32864  -5.383  -41.187  41.973 0.3750000000
34634  -5.540  -39.006  42.265 0.5000000000
35580  -5.806  -38.119  41.935 0.6250000000
35592  -6.296  -37.935  40.965 0.5000000000
34621  -8.854  -40.101  43.192 0.1250000000
37232  -5.596  -36.142  40.174 0.5000000000
41946  -4.768  -32.398  40.335 0.7500000000
40875  -5.219  -33.417  38.476 0.6250000000
41947  -5.171  -32.329  39.824 0.6250000000
38204  -5.614  -35.507  36.810 0.3750000000
39855  -5.465  -34.373  37.345 0.5000000000
128947  -5.254  -32.683  39.208 0.6250000000
34528  -6.386  -38.672  49.669 0.7500000000
32799  -5.176  -40.973  46.706 0.5000000000
32816  -4.467  -41.640  46.236 0.3750000000
31958  -4.312  -42.445  45.883 0.2500000000
32826  -3.833  -41.799  45.205 0.2500000000
31979  -3.751  -42.214  44.192 0.2500000000
32850  -4.154  -41.435  43.743 0.2500000000
33698  -4.270  -40.665  44.136 0.3750000000
120270  -4.591  -40.681  43.457 0.3750000000
112818  -4.644  -39.360  44.770 0.7500000000
36379  -5.372  -37.597  43.344 0.6250000000
128755  -5.554  -36.829  42.884 0.6250000000
36394  -6.068  -37.180  41.529 0.5000000000
38082  -5.284  -34.818  41.297 0.5000000000
38907  -4.695  -33.574  41.282 0.6250000000
110757  -5.377  -31.315  41.308 0.6250000000
40867  -5.570  -32.803  38.630 0.6250000000
37166  -5.392  -36.608  45.059 0.6250000000
128894  -5.474  -35.790  44.642 0.6250000000
38901  -5.010  -33.811  42.744 0.5000000000
38900  -4.725  -33.279  42.163 0.5000000000
119657  -4.474  -32.217  41.817 0.7500000000
42907  -4.432  -31.287  42.903 0.7500000000
42908  -5.029  -31.041  42.041 0.6250000000
41968  -6.442  -32.538  38.464 0.5000000000
39849  -6.527  -33.432  37.417 0.5000000000
120343  -5.204  -37.867  49.654 1.0000000000
110273  -4.738  -37.270  51.355 1.0000000000
130017  -5.009  -38.985  47.991 0.8750000000
35493  -5.155  -37.761  48.814 1.0000000000
114998  -4.379  -36.145  50.686 1.0000000000
34558  -4.802  -39.352  47.488 0.8750000000
110003  -5.273  -35.837  47.806 0.8750000000
38855  -4.780  -34.586  49.305 1.0000000000
36322  -5.186  -37.394  46.999 0.8750000000
38868  -5.017  -34.111  47.730 1.0000000000
37156  -5.244  -37.094  45.816 0.8750000000
111942  -4.679  -38.891  45.415 0.7500000000
36357  -5.133  -37.890  45.246 0.8750000000
108267  -4.678  -32.862  43.809 0.6250000000
108843  -4.400  -31.522  43.340 0.7500000000
39814  -4.568  -32.649  42.551 0.6250000000
41879  -4.390  -31.310  43.202 0.7500000000
124610  -4.377  -31.068  43.606 0.7500000000
116115  -4.467  -30.219  44.031 0.7500000000
41991  -8.330  -32.150  38.044 0.5000000000
40887  -8.441  -33.118  37.347 0.5000000000
37943  -4.080  -34.973  51.421 1.0000000000
37958  -4.580  -35.477  50.005 1.0000000000
39756  -4.530  -33.512  50.937 1.0000000000
111121  -4.582  -33.071  50.240 1.0000000000
40684  -4.426  -32.401  49.796 1.0000000000
124898  -4.034  -31.554  48.806 1.0000000000
109690  -4.519  -32.387  47.323 1.0000000000
41781  -4.098  -31.614  48.154 1.0000000000
38881  -4.884  -33.213  45.644 0.7500000000
41814  -3.999  -30.706  46.456 1.0000000000
113607  -4.483  -31.816  44.996 1.0000000000
42911  -8.677  -30.415  41.305 0.6250000000
38846  -4.154  -34.133  51.776 1.0000000000
41751  -3.873  -31.048  50.045 1.0000000000
37934  -8.128  -35.565  51.985 1.0000000000
43805  -2.964  -29.749  47.645 1.0000000000
37959  -7.983  -35.662  49.724 0.5000000000
41848  -4.345  -30.962  45.044 0.8750000000
42884  -4.377  -30.678  44.791 0.7500000000
43836  -4.405  -30.561  44.237 0.7500000000
113560  -4.540  -29.376  45.037 0.7500000000
45888  -5.305  -28.573  45.145 0.7500000000
44808  -9.533  -28.707  43.801 0.6250000000
42933  -9.648  -30.723  39.374 0.5000000000
41992  -9.451  -32.080  37.427 0.1250000000
40888  -9.396  -32.826  37.166 0.1250000000
37921  -4.177  -34.781  53.682 1.0000000000
40658  -4.629  -32.217  51.619 1.0000000000
129356  -8.447  -34.241  51.398 0.7500000000
39757  -8.901  -33.082  50.781 0.7500000000
44770  -3.612  -28.987  46.873 0.8750000000
45872  -4.535  -28.299  46.225 0.7500000000
45873  -5.188  -28.062  45.875 0.7500000000
45877  -8.780  -27.368  45.690 0.7500000000
45891  -10.211  -27.203  44.471 0.7500000000
109542  -3.954  -33.835  53.411 1.0000000000
40646  -4.658  -32.000  52.226 1.0000000000
127460  -4.002  -30.371  51.113 1.0000000000
122150  -8.545  -34.160  52.043 0.8750000000
45870  -3.808  -28.521  46.894 0.8750000000
45854  -3.726  -27.921  47.171 0.8750000000
50565  -6.797  -22.194  46.077 0.8750000000
49600  -7.884  -23.102  45.811 0.8750000000
49609  -8.079  -22.813  44.954 0.7500000000
46869  -7.927  -26.224  46.734 0.7500000000
45919  -10.900  -27.767  42.961 0.6250000000
38834  -5.809  -33.967  54.351 1.0000000000
111828  -4.825  -33.938  54.573 1.0000000000
39743  -4.396  -32.659  54.004 1.0000000000
41726  -4.555  -31.555  52.453 1.0000000000
39758  -9.302  -32.473  50.466 0.7500000000
46780  -31.156  -26.492  52.278 0.8750000000
47720  -31.456  -25.669  52.191 0.7500000000
44755  -2.217  -28.343  47.871 1.0000000000
49589  -7.209  -23.668  47.261 0.8750000000
48690  -9.660  -24.387  44.414 0.6250000000
47804  -10.768  -25.664  43.940 0.7500000000
46922  -11.453  -26.272  42.969 0.6250000000
45905  -11.282  -26.998  43.088 0.6250000000
44817  -11.156  -28.052  42.303 0.6250000000
42837  -4.085  -30.302  52.560 1.0000000000
118211  -9.412  -32.801  52.022 0.6250000000
40673  -10.755  -31.423  50.594 0.7500000000
42843  -29.412  -29.421  51.132 0.5000000000
50585  -6.581  -22.025  44.499 0.7500000000
49620  -8.576  -23.218  43.427 0.6250000000
42831  -4.162  -30.708  53.858 0.7500000000
126712  -3.790  -29.784  53.076 1.0000000000
44748  -2.722  -28.225  51.441 0.8750000000
111318  -3.114  -28.646  52.304 0.8750000000
45772  -2.765  -27.643  52.364 0.8750000000
122875  -25.372  -30.699  48.840 0.7500000000
40710  -26.673  -30.475  49.257 0.7500000000
41790  -27.239  -30.312  49.347 0.7500000000
41760  -27.642  -30.592  50.442 0.7500000000
40683  -27.111  -30.714  50.251 0.7500000000
118805  -28.334  -30.363  51.017 0.6250000000
44750  -2.435  -28.284  50.646 0.8750000000
108416  -2.049  -27.959  50.014 0.8750000000
109511  -24.803  -30.796  47.259 0.6250000000
40708  -24.546  -30.828  48.486 0.6250000000
51560  -3.580  -21.734  51.917 0.7500000000
50531  -3.697  -23.120  50.551 0.8750000000
46818  -2.446  -26.675  49.129 0.8750000000
124593  -25.324  -30.614  47.449 0.5000000000
48651  -3.752  -25.256  49.380 1.0000000000
46832  -2.994  -26.217  48.679 1.0000000000
46846  -3.501  -26.723  47.959 1.0000000000
53662  -36.808  -19.700  48.696 0.5000000000
50586  -7.091  -22.447  43.745 0.8750000000
49621  -9.221  -23.586  42.890 0.6250000000
48708  -9.991  -23.812  42.399 0.6250000000
46945  -12.225  -26.127  41.276 0.3750000000
50496  -3.189  -23.256  54.330 0.6250000000
125499  -2.984  -23.917  55.150 0.6250000000
115422  -2.744  -24.831  53.888 0.6250000000
43786  -3.907  -30.119  53.924 0.7500000000
51551  -3.474  -22.271  53.231 0.6250000000
110309  -2.891  -25.970  52.015 0.7500000000
129528  -4.116  -20.798  52.913 0.5000000000
51556  -3.700  -21.582  52.726 0.5000000000
51555  -3.451  -22.182  52.407 0.7500000000
111858  -3.385  -22.830  52.085 0.7500000000
48613  -3.095  -24.242  52.021 0.7500000000
48625  -3.310  -24.342  51.157 0.8750000000
47734  -2.991  -25.610  50.976 0.8750000000
117191  -4.097  -20.245  51.921 0.5000000000
112287  -3.255  -25.064  50.641 0.8750000000
109253  -1.986  -28.390  49.042 1.0000000000
40723  -23.156  -30.988  47.761 0.5000000000
53608  -4.476  -19.905  51.518 0.5000000000
124515  -5.111  -19.505  49.130 0.5000000000
129081  -36.627  -21.779  45.705 0.7500000000
51617  -36.165  -21.526  44.856 0.7500000000
121602  -9.422  -23.624  41.641 0.6250000000
52537  -5.142  -20.878  54.577 0.5000000000
112008  -13.402  -30.805  46.900 0.2500000000
108617  -14.150  -30.479  48.401 0.3750000000
41840  -20.582  -30.703  45.431 0.2500000000
121385  -22.269  -30.912  47.819 0.5000000000
53610  -6.017  -19.523  51.446 0.5000000000
41818  -14.876  -30.358  46.669 0.2500000000
52599  -36.448  -20.147  45.728 0.8750000000
50599  -35.929  -21.933  43.783 0.6250000000
49630  -6.062  -22.702  41.977 0.6250000000
48721  -8.628  -23.638  41.325 0.6250000000
109888  -10.199  -23.702  41.007 0.3750000000
108549  -18.324  -29.803  45.230 0.1250000000
110647  -17.060  -30.262  44.198 0.1250000000
108530  -5.852  -19.259  47.684 0.5000000000
125332  -5.141  -19.222  45.254 0.5000000000
53707  -4.453  -20.184  44.669 0.6250000000
52601  -4.426  -20.655  44.117 0.6250000000
48738  -5.637  -24.056  40.509 0.5000000000
53693  -6.023  -19.151  45.364 0.5000000000
53709  -4.927  -19.524  44.408 0.5000000000
51610  -4.461  -21.030  43.621 0.7500000000
53723  -4.415  -20.325  43.901 0.7500000000
53735  -34.727  -19.713  44.254 0.8750000000
48758  -9.248  -23.941  39.378 0.2500000000
48754  -4.319  -24.304  39.289 0.5000000000
49695  -12.274  -23.358  37.432 0.1250000000
48770  -5.928  -24.630  38.389 0.2500000000
53653  -7.505  -19.546  48.443 0.3750000000
113535  -4.187  -21.272  42.517 0.7500000000
53737  -4.606  -19.895  43.018 0.5000000000
51645  -33.864  -21.191  42.065 0.7500000000
47881  -6.551  -24.431  37.215 0.1250000000
48799  -8.050  -24.602  36.900 0.1250000000
111227  -38.101  -15.721  47.633 0.2500000000
55637  -37.601  -16.285  46.714 0.3750000000
53739  -6.258  -19.476  42.844 0.3750000000
48783  -4.663  -24.262  37.710 0.2500000000
48797  -5.729  -24.076  37.097 0.1250000000
48802  -10.271  -23.649  36.958 0.1250000000
128735  -10.231  -23.110  35.710 0.1250000000
52652  -3.920  -21.063  40.848 0.5000000000
54750  -34.260  -18.512  40.950 0.6250000000
129152  -4.800  -23.257  37.095 0.2500000000
49719  -5.968  -23.359  36.266 0.1250000000
112311  -5.389  -20.409  40.051 0.2500000000
55678  -36.324  -16.749  41.875 0.2500000000
50692  -4.966  -22.299  35.992 0.1250000000
50678  -4.338  -22.365  36.827 0.2500000000
129975  -8.559  -21.985  34.181 0.1250000000
50711  -9.923  -22.451  34.473 0.1250000000
50728  -10.053  -21.850  33.746 0.1250000000
122213  -34.006  -18.549  37.725 0.6250000000
53812  -33.463  -18.929  37.128 0.5000000000
50694  -6.625  -22.921  35.793 0.1250000000
50707  -6.422  -22.164  35.382 0.1250000000
55729  -37.178  -16.396  37.025 0.7500000000
54796  -35.900  -16.912  35.773 0.7500000000
55737  -37.298  -16.214  36.088 0.8750000000
52723  -3.595  -20.567  35.278 0.1250000000
58372  -43.806  -14.439  34.791 0.6250000000
57540  -42.983  -14.775  33.632 0.6250000000
59252  -43.446  -13.961  33.686 0.6250000000
60954  -43.178  -11.683  33.440 0.5000000000
61860  -41.329  -10.625  31.508 0.8750000000
64485  -43.551  -7.656  33.595 0.3750000000
64517  -44.256  -7.492  29.113 0.6250000000
65380  -43.549  -6.162  31.104 0.3750000000
64518  -45.364  -6.933  28.932 0.3750000000
115255  -47.025  -5.909  29.409 0.3750000000
67165  -48.660  -4.508  31.043 0.1250000000
67185  -49.378  -4.484  29.488 0.2500000000
69808  -52.030  -0.950  29.940 0.1250000000
68945  -51.856  -1.523  29.761 0.1250000000
117544  -50.820  -0.311  29.414 0.1250000000
35620  -4.700  -38.122  37.497 0.2500000000
130527  -4.797  -37.560  37.294 0.3750000000
123536  -7.149  -40.403  45.950 0.1250000000
33651  -6.808  -39.695  46.537 0.1250000000
34594  -7.574  -38.925  45.849 0.1250000000
33677  -7.664  -40.474  45.264 0.1250000000
108708  -7.976  -39.620  45.071 0.1250000000
35532  -8.319  -38.147  45.003 0.1250000000
35543  -8.399  -38.963  44.494 0.1250000000
35544  -8.758  -38.278  44.102 0.1250000000
123891  -6.692  -39.052  47.310 0.1250000000
34580  -7.035  -39.014  46.506 0.1250000000
35531  -7.840  -38.163  45.769 0.1250000000
125571  -8.024  -38.748  45.274 0.1250000000
36346  -8.246  -37.317  45.501 0.1250000000
129776  -8.670  -36.779  44.935 0.1250000000
37167  -9.043  -36.688  44.197 0.1250000000
36367  -9.088  -37.485  43.611 0.1250000000
37180  -9.329  -36.644  43.231 0.1250000000
38055  -9.783  -35.884  42.887 0.1250000000
129120  -9.637  -36.546  42.511 0.1250000000
129315  -6.922  -38.542  47.198 0.2500000000
35523  -7.288  -38.272  46.581 0.2500000000
36334  -7.707  -37.521  46.336 0.1250000000
111588  -8.896  -36.037  44.816 0.1250000000
36358  -8.708  -37.458  44.587 0.1250000000
38037  -9.388  -35.728  43.915 0.1250000000
38056  -10.130  -34.951  43.338 0.1250000000
38895  -10.808  -34.148  43.203 0.1250000000
38903  -11.246  -34.260  42.439 0.1250000000
38069  -11.065  -34.980  41.843 0.1250000000
38904  -11.850  -33.817  42.188 0.1250000000
38206  -7.463  -35.677  36.634 0.1250000000
109764  -7.343  -37.638  47.063 0.2500000000
36323  -7.588  -36.959  46.969 0.2500000000
36335  -7.983  -36.688  46.207 0.2500000000
37147  -8.258  -35.932  46.103 0.2500000000
37157  -8.464  -36.372  45.543 0.1250000000
38882  -8.822  -34.650  45.878 0.1250000000
38020  -8.734  -35.425  45.526 0.1250000000
114412  -9.173  -35.293  44.734 0.1250000000
38038  -9.641  -34.790  44.290 0.1250000000
130277  -9.692  -34.271  44.571 0.1250000000
39809  -11.012  -33.372  43.772 0.1250000000
38896  -11.512  -33.562  42.956 0.1250000000
39821  -12.438  -33.569  41.721 0.1250000000
38207  -8.291  -35.384  36.910 0.1250000000
36311  -7.413  -37.333  47.896 0.2500000000
35509  -7.124  -38.038  47.593 0.2500000000
38008  -8.415  -35.215  46.360 0.1250000000
37137  -7.908  -35.999  46.878 0.1250000000
38875  -8.665  -34.352  46.583 0.1250000000
38890  -9.228  -34.530  45.080 0.1250000000
39794  -9.974  -33.025  45.356 0.1250000000
39803  -10.182  -34.036  44.067 0.1250000000
39810  -11.849  -32.812  43.532 0.1250000000
38958  -8.616  -34.531  37.063 0.1250000000
116845  -8.047  -34.120  37.080 0.1250000000
129077  -7.869  -37.410  49.412 0.6250000000
36297  -7.716  -37.377  48.842 0.5000000000
115316  -7.694  -36.605  48.396 0.2500000000
37978  -8.104  -34.870  48.175 0.3750000000
37136  -7.621  -36.540  47.596 0.2500000000
37125  -7.812  -35.778  47.834 0.2500000000
37993  -8.200  -35.025  47.212 0.2500000000
38870  -8.994  -33.440  46.749 0.1250000000
39787  -9.608  -32.854  46.209 0.1250000000
38876  -9.241  -33.781  45.799 0.1250000000
49555  -33.769  -23.072  50.129 0.5000000000
39804  -10.475  -33.187  44.571 0.1250000000
39795  -10.781  -32.486  45.085 0.1250000000
50530  -33.897  -22.071  50.039 0.2500000000
51574  -33.413  -21.321  50.250 0.2500000000
40774  -11.311  -32.607  44.345 0.1250000000
49569  -33.966  -23.614  49.454 0.7500000000
50539  -34.259  -22.042  49.313 0.2500000000
37111  -7.917  -36.698  49.362 0.3750000000
37977  -7.844  -35.746  48.778 0.3750000000
38869  -8.574  -34.009  47.565 0.2500000000
39781  -9.439  -32.647  47.063 0.2500000000
40755  -10.322  -32.265  45.792 0.1250000000
40757  -11.613  -31.999  44.994 0.1250000000
51579  -34.033  -21.044  49.692 0.2500000000
113883  -33.093  -24.676  50.025 0.6250000000
48636  -33.604  -23.998  50.052 0.7500000000
47756  -33.224  -24.565  49.344 0.6250000000
117309  -35.239  -22.026  47.994 0.3750000000
50551  -34.840  -22.764  48.077 0.7500000000
38863  -8.471  -34.010  48.634 0.3750000000
39780  -8.891  -33.230  48.236 0.3750000000
48612  -31.787  -24.828  52.097 0.7500000000
118739  -31.245  -23.714  52.373 0.7500000000
129313  -9.001  -33.153  47.482 0.2500000000
49528  -31.708  -22.983  52.175 0.7500000000
50515  -31.131  -22.077  51.974 0.7500000000
111597  -10.927  -31.652  46.228 0.1250000000
49541  -32.502  -23.448  51.660 0.7500000000
50521  -32.206  -22.346  51.805 0.6250000000
51573  -32.344  -21.139  50.913 0.3750000000
53645  -33.218  -19.476  49.733 0.2500000000
54654  -34.017  -19.155  49.651 0.2500000000
41833  -11.842  -31.427  45.735 0.1250000000
124605  -12.306  -31.570  45.020 0.1250000000
47732  -32.545  -25.374  50.767 0.6250000000
50522  -32.920  -22.277  51.231 0.6250000000
53631  -33.280  -20.118  49.865 0.2500000000
53632  -33.990  -19.673  49.604 0.2500000000
52572  -34.376  -19.960  49.472 0.2500000000
47733  -32.634  -25.159  50.320 0.7500000000
48635  -33.295  -24.324  50.394 0.7500000000
52564  -32.960  -20.911  50.300 0.2500000000
52565  -33.596  -20.488  49.793 0.2500000000
128391  -34.447  -20.555  49.363 0.2500000000
47744  -32.639  -24.993  49.890 0.6250000000
51580  -34.593  -21.224  49.113 0.2500000000
52573  -35.107  -20.305  49.147 0.2500000000
128479  -32.550  -25.011  49.583 0.6250000000
51585  -35.282  -21.302  48.516 0.3750000000
50552  -35.544  -22.362  47.517 0.5000000000
116455  -35.209  -22.920  47.464 0.7500000000
116380  -36.197  -22.075  47.118 0.6250000000
37920  -7.879  -34.227  53.380 0.8750000000
39748  -8.946  -33.068  53.662 0.8750000000
41742  -14.658  -31.065  51.650 0.6250000000
109791  -15.077  -30.972  50.894 0.5000000000
41756  -14.318  -31.011  50.757 0.6250000000
41757  -15.781  -30.725  50.561 0.5000000000
39772  -8.817  -33.209  49.148 0.6250000000
109510  -16.441  -30.692  51.260 0.3750000000
39773  -9.276  -32.487  48.727 0.6250000000
116565  -14.986  -30.711  50.196 0.3750000000
119587  -9.867  -31.844  48.325 0.5000000000
125837  -9.377  -32.548  47.880 0.3750000000
40719  -9.946  -31.930  47.479 0.1250000000
40736  -10.063  -32.057  46.623 0.1250000000
41815  -11.688  -31.196  46.700 0.1250000000
44754  -30.747  -27.002  50.281 0.6250000000
52556  -31.167  -21.003  51.467 0.3750000000
52557  -31.665  -21.266  51.457 0.5000000000
45827  -30.697  -26.577  49.816 0.6250000000
45820  -31.918  -25.975  50.526 0.6250000000
53629  -31.791  -20.307  50.399 0.5000000000
53646  -34.797  -18.894  49.617 0.2500000000
41834  -12.804  -31.150  45.485 0.1250000000
45829  -31.723  -25.916  50.140 0.5000000000
46817  -32.274  -25.470  50.276 0.5000000000
53647  -35.714  -18.610  49.619 0.2500000000
45837  -31.329  -25.750  49.417 0.5000000000
46830  -32.262  -25.302  49.830 0.6250000000
52574  -35.928  -19.488  49.222 0.2500000000
110116  -35.178  -19.354  49.444 0.2500000000
50562  -36.578  -21.876  46.726 0.6250000000
49596  -36.285  -23.029  45.922 0.6250000000
38838  -8.086  -33.471  54.354 0.8750000000
38837  -7.651  -33.734  54.523 0.8750000000
38840  -7.743  -33.954  53.990 0.8750000000
39744  -8.807  -33.067  54.222 0.7500000000
39745  -9.697  -32.687  54.127 0.7500000000
39749  -9.780  -32.618  53.564 0.7500000000
39750  -10.596  -32.222  53.463 0.7500000000
39753  -9.757  -32.532  52.813 0.7500000000
113019  -11.226  -31.661  52.044 0.6250000000
40661  -11.680  -31.267  51.200 0.6250000000
41727  -13.198  -31.206  52.174 0.7500000000
41741  -13.715  -31.120  51.421 0.7500000000
41740  -12.776  -31.138  51.349 0.6250000000
114294  -12.641  -30.898  50.039 0.5000000000
41755  -13.332  -30.991  50.536 0.5000000000
41764  -13.307  -30.786  49.636 0.5000000000
41765  -14.109  -30.746  49.986 0.5000000000
41758  -16.757  -30.458  50.501 0.3750000000
40703  -9.837  -31.792  49.202 0.6250000000
41763  -12.459  -30.885  49.309 0.5000000000
114695  -14.048  -30.626  49.223 0.5000000000
124163  -14.655  -30.570  49.597 0.2500000000
45771  -30.840  -27.304  52.493 0.6250000000
41784  -13.268  -30.734  48.776 0.2500000000
115065  -16.129  -30.364  49.754 0.3750000000
41785  -14.829  -30.392  48.993 0.2500000000
43797  -29.816  -28.900  50.643 0.7500000000
40737  -10.767  -31.469  47.090 0.1250000000
43800  -29.614  -28.408  49.438 0.5000000000
44751  -30.583  -27.699  50.535 0.6250000000
43806  -29.100  -28.345  48.881 0.5000000000
44753  -30.408  -27.436  49.990 0.6250000000
54663  -35.509  -17.968  49.819 0.2500000000
44757  -30.159  -27.188  49.437 0.5000000000
54664  -36.318  -17.818  49.780 0.2500000000
50563  -36.712  -21.766  46.387 0.6250000000
50570  -36.557  -22.226  45.899 0.6250000000
49614  -36.354  -22.810  44.747 0.6250000000
39739  -8.007  -33.375  54.816 0.8750000000
38836  -7.247  -33.836  54.707 0.7500000000
39740  -8.653  -33.074  54.693 0.8750000000
39741  -9.506  -32.736  54.611 0.8750000000
40634  -11.267  -32.019  54.373 0.7500000000
40632  -12.044  -31.705  54.772 0.6250000000
39737  -5.817  -33.234  54.674 0.7500000000
39732  -6.501  -33.202  54.855 0.7500000000
38833  -7.581  -33.538  54.902 0.7500000000
39734  -8.482  -32.924  55.186 0.8750000000
39735  -9.328  -32.683  55.106 0.8750000000
39746  -10.540  -32.347  53.993 0.7500000000
40638  -11.332  -32.028  53.870 0.7500000000
40635  -12.082  -31.773  54.271 0.7500000000
41709  -13.551  -31.437  53.714 0.7500000000
41728  -13.731  -31.278  52.871 0.7500000000
41729  -14.547  -31.145  52.630 0.7500000000
40629  -5.489  -32.686  54.675 0.6250000000
40620  -6.159  -32.739  54.791 0.7500000000
41675  -6.361  -32.140  54.906 0.7500000000
40639  -12.014  -31.705  53.592 0.7500000000
40640  -12.743  -31.383  53.083 0.7500000000
119459  -11.693  -31.596  52.838 0.6250000000
40648  -12.208  -31.319  52.134 0.6250000000
126160  -13.978  -31.183  52.132 0.7500000000
41743  -15.586  -30.889  51.446 0.6250000000
41767  -16.576  -29.930  48.941 0.2500000000
44739  -30.428  -28.133  52.701 0.6250000000
127245  -17.361  -29.835  48.828 0.3750000000
42840  -29.410  -29.416  51.742 0.3750000000
109507  -16.976  -29.716  48.171 0.1250000000
42849  -29.529  -28.991  49.920 0.6250000000
41791  -27.849  -29.564  48.748 0.5000000000
42856  -28.986  -28.948  49.264 0.5000000000
42855  -28.471  -28.899  48.695 0.5000000000
53648  -36.605  -18.710  49.343 0.2500000000
54665  -37.218  -17.885  49.326 0.2500000000
53663  -37.455  -18.941  48.673 0.2500000000
51626  -36.076  -21.826  44.308 0.6250000000
40625  -9.904  -31.908  55.355 0.7500000000
40630  -10.225  -32.322  54.977 0.7500000000
40631  -11.119  -31.939  54.811 0.7500000000
108770  -14.809  -31.185  54.156 0.7500000000
108558  -15.823  -31.024  54.133 0.6250000000
108557  -16.046  -30.919  53.053 0.5000000000
40621  -6.734  -32.696  55.062 0.7500000000
40622  -7.340  -32.548  55.297 0.7500000000
40623  -8.100  -32.355  55.450 0.7500000000
40624  -8.980  -32.165  55.455 0.7500000000
41680  -10.438  -31.150  55.549 0.6250000000
40626  -10.849  -31.632  55.238 0.7500000000
40627  -11.862  -31.479  55.172 0.6250000000
40633  -12.871  -31.584  54.701 0.6250000000
41696  -13.555  -31.489  54.453 0.7500000000
41711  -15.173  -31.094  53.317 0.7500000000
41731  -16.825  -30.754  52.670 0.3750000000
40628  -4.764  -32.475  54.433 0.6250000000
41687  -5.258  -31.771  54.555 0.6250000000
42791  -6.504  -31.570  54.968 0.7500000000
42793  -7.544  -30.823  55.259 0.6250000000
122214  -8.127  -30.936  55.463 0.6250000000
41679  -9.494  -31.351  55.570 0.7500000000
123907  -10.822  -30.545  55.580 0.6250000000
41730  -15.387  -30.974  52.370 0.6250000000
41744  -16.212  -30.763  52.109 0.3750000000
41685  -4.387  -30.817  54.148 0.6250000000
41688  -5.980  -31.454  54.732 0.6250000000
42807  -6.485  -30.911  54.838 0.5000000000
42792  -6.938  -31.203  55.176 0.6250000000
42809  -8.317  -30.311  55.067 0.6250000000
42795  -9.999  -30.621  55.588 0.6250000000
42804  -4.447  -30.103  54.470 0.6250000000
42805  -5.064  -30.181  54.424 0.3750000000
42806  -5.862  -30.464  54.514 0.3750000000
114883  -6.553  -30.363  54.601 0.3750000000
130600  -7.724  -30.068  54.709 0.3750000000
43759  -8.336  -29.927  54.697 0.3750000000
109509  -17.267  -30.555  51.220 0.3750000000
43785  -3.632  -29.442  53.861 0.6250000000
42819  -4.105  -30.084  54.375 0.6250000000
43756  -5.302  -29.531  54.489 0.3750000000
43757  -6.132  -29.802  54.426 0.3750000000
109085  -17.930  -29.825  48.231 0.2500000000
42839  -28.928  -29.889  52.128 0.3750000000
108553  -17.323  -29.654  47.417 0.1250000000
108552  -18.150  -29.709  47.272 0.1250000000
40728  -26.287  -30.479  48.599 0.5000000000
112609  -27.227  -29.986  48.536 0.5000000000
53675  -37.889  -19.269  47.797 0.2500000000
54674  -38.012  -18.005  48.377 0.2500000000
44843  -11.006  -29.475  40.741 0.5000000000
41682  -13.937  -30.846  55.674 0.5000000000
41697  -14.277  -31.258  54.752 0.6250000000
113176  -11.503  -30.920  55.504 0.6250000000
41689  -12.911  -31.354  55.238 0.6250000000
41690  -13.680  -31.296  55.090 0.6250000000
41712  -16.688  -30.896  53.599 0.5000000000
42811  -10.610  -30.092  55.477 0.6250000000
43772  -7.647  -29.715  54.341 0.3750000000
43773  -8.714  -29.735  54.364 0.3750000000
43760  -9.207  -29.862  54.915 0.5000000000
42810  -9.592  -30.159  55.306 0.6250000000
44711  -3.294  -28.073  54.797 0.5000000000
44712  -3.603  -28.371  55.115 0.5000000000
44700  -4.084  -28.737  55.215 0.5000000000
112659  -4.736  -28.710  54.902 0.3750000000
121425  -5.554  -28.915  54.496 0.3750000000
43771  -6.569  -29.398  54.259 0.3750000000
41759  -17.731  -30.309  50.485 0.3750000000
44726  -3.257  -28.327  53.943 0.5000000000
43770  -3.477  -28.732  54.584 0.5000000000
110006  -3.806  -29.306  54.693 0.6250000000
115064  -17.271  -30.040  49.668 0.5000000000
41769  -18.394  -30.208  49.702 0.3750000000
41770  -19.863  -30.421  49.523 0.3750000000
112952  -20.654  -30.542  49.609 0.3750000000
110195  -21.362  -30.631  49.352 0.3750000000
40677  -22.670  -30.608  50.692 0.5000000000
41768  -17.973  -29.952  49.077 0.5000000000
41788  -19.614  -30.307  48.651 0.3750000000
41771  -20.510  -30.518  48.964 0.3750000000
40705  -21.098  -30.674  48.572 0.3750000000
113922  -21.862  -30.738  48.567 0.3750000000
109536  -23.697  -30.700  49.922 0.5000000000
40706  -22.772  -30.843  48.541 0.3750000000
40689  -23.266  -30.789  49.260 0.3750000000
40691  -24.868  -30.718  49.348 0.5000000000
40681  -25.683  -30.750  50.510 0.5000000000
41802  -18.882  -29.959  47.993 0.2500000000
109534  -25.543  -30.649  49.648 0.5000000000
40657  -27.486  -31.117  51.739 0.3750000000
108550  -18.242  -29.690  46.305 0.1250000000
40693  -26.723  -30.616  49.831 0.6250000000
108713  -19.081  -29.870  46.077 0.1250000000
45941  -11.824  -27.979  41.076 0.5000000000
45920  -11.328  -27.405  42.521 0.5000000000
43746  -12.428  -29.855  55.766 0.6250000000
113869  -13.116  -30.832  55.575 0.6250000000
41691  -14.532  -30.939  55.415 0.6250000000
42812  -11.391  -29.759  55.383 0.6250000000
114959  -12.463  -30.497  55.617 0.6250000000
43774  -9.805  -29.623  54.675 0.5000000000
43761  -10.376  -29.720  55.128 0.5000000000
42796  -11.535  -30.216  55.609 0.6250000000
45731  -3.834  -27.798  55.468 0.5000000000
45733  -4.609  -27.333  55.182 0.3750000000
44702  -4.934  -28.134  54.921 0.3750000000
45747  -5.943  -27.829  54.185 0.3750000000
44727  -6.705  -28.254  53.773 0.3750000000
44728  -7.402  -28.753  53.654 0.3750000000
43787  -8.609  -29.467  53.810 0.3750000000
45745  -3.452  -27.534  55.172 0.5000000000
44713  -5.521  -28.232  54.523 0.3750000000
44714  -6.188  -28.621  54.210 0.3750000000
44715  -7.046  -29.067  53.996 0.3750000000
45744  -3.133  -27.285  54.466 0.5000000000
41787  -18.681  -30.130  48.847 0.5000000000
109083  -19.119  -30.360  49.327 0.3750000000
46770  -2.876  -26.659  53.720 0.5000000000
41789  -20.486  -30.553  48.157 0.3750000000
40721  -21.333  -30.836  47.789 0.3750000000
46781  -2.759  -26.262  52.969 0.5000000000
109637  -19.017  -29.843  47.042 0.2500000000
41803  -19.774  -30.221  47.677 0.3750000000
41804  -20.569  -30.632  47.272 0.3750000000
46944  -11.927  -26.457  41.809 0.5000000000
46933  -11.594  -26.757  42.442 0.5000000000
51655  -33.399  -21.099  41.203 0.6250000000
44717  -11.302  -29.148  54.501 0.3750000000
111061  -11.324  -29.423  55.072 0.6250000000
118378  -9.922  -29.066  53.546 0.3750000000
43775  -10.640  -29.445  54.817 0.3750000000
43788  -9.398  -29.533  53.999 0.3750000000
45732  -4.149  -27.134  55.515 0.3750000000
45746  -5.244  -27.558  54.709 0.3750000000
44716  -7.903  -29.385  53.902 0.3750000000
112596  -3.735  -26.883  55.419 0.5000000000
125368  -4.449  -26.444  55.325 0.3750000000
46764  -5.654  -26.984  54.260 0.3750000000
46762  -3.356  -26.559  55.041 0.5000000000
47688  -3.404  -24.842  55.378 0.5000000000
46761  -3.019  -26.317  54.519 0.5000000000
121110  -2.858  -24.739  54.673 0.5000000000
41805  -21.248  -31.012  46.882 0.1250000000
129573  -23.555  -31.485  45.112 0.3750000000
53771  -33.319  -19.640  40.615 0.6250000000
112484  -33.136  -20.226  40.924 0.6250000000
44730  -8.982  -29.121  53.368 0.3750000000
44729  -8.085  -28.960  53.437 0.3750000000
47689  -3.902  -25.412  55.487 0.5000000000
47695  -4.908  -25.744  55.260 0.3750000000
127312  -3.036  -24.551  55.182 0.5000000000
53772  -33.803  -19.069  40.295 0.7500000000
53784  -33.225  -19.478  39.799 0.5000000000
116088  -33.723  -19.257  41.047 0.7500000000
49507  -3.790  -23.755  55.235 0.5000000000
54759  -34.391  -18.343  39.899 0.7500000000
53796  -33.216  -19.340  38.924 0.6250000000
53785  -33.885  -18.911  39.406 0.6250000000
53797  -33.939  -18.739  38.545 0.6250000000
53828  -33.634  -18.548  36.344 0.3750000000
54794  -34.396  -17.911  36.192 0.5000000000
53843  -33.797  -18.141  35.615 0.2500000000
108329  -34.574  -17.656  35.386 0.3750000000
54820  -34.274  -17.457  34.108 0.2500000000
128900  -34.549  -17.155  33.595 0.1250000000
54795  -35.199  -17.458  35.997 0.6250000000
111120  -36.717  -16.494  35.476 0.7500000000
54811  -34.730  -17.388  34.622 0.3750000000
55750  -35.320  -17.209  35.147 0.3750000000
108835  -37.033  -16.353  34.536 0.5000000000
55762  -36.472  -16.530  33.934 0.6250000000
124851  -34.804  -17.165  34.015 0.3750000000
109044  -35.461  -16.857  34.205 0.2500000000
109852  -36.846  -16.516  33.093 0.6250000000
111268  -36.002  -16.623  33.194 0.2500000000
55781  -36.640  -16.738  32.321 0.2500000000
55782  -37.679  -16.713  32.508 0.5000000000
114447  -37.539  -16.040  35.129 0.7500000000
56679  -38.061  -15.963  34.083 0.7500000000
55763  -37.407  -16.342  33.538 0.7500000000
56693  -38.936  -16.200  33.521 0.7500000000
55796  -37.385  -17.169  31.629 0.2500000000
58412  -42.152  -14.895  32.266 0.5000000000
55813  -40.478  -16.668  31.059 0.6250000000
56724  -40.272  -16.429  30.608 0.5000000000
56725  -40.766  -16.031  30.924 0.6250000000
58411  -41.541  -15.133  31.651 0.6250000000
56652  -39.400  -15.565  36.619 0.5000000000
121847  -39.526  -15.544  35.743 0.6250000000
55752  -38.331  -15.761  34.836 0.7500000000
56661  -39.096  -15.627  35.122 0.7500000000
56662  -40.132  -15.609  35.020 0.6250000000
56681  -39.934  -15.875  34.345 0.7500000000
55764  -38.381  -16.405  33.105 0.6250000000
56694  -39.851  -16.297  33.567 0.7500000000
55765  -39.324  -16.580  32.915 0.7500000000
112715  -38.211  -17.151  31.786 0.5000000000
55783  -38.796  -16.870  32.300 0.5000000000
55766  -40.222  -16.654  32.822 0.7500000000
125508  -42.258  -15.600  32.743 0.5000000000
113323  -42.485  -15.207  32.767 0.6250000000
55797  -38.947  -17.226  31.538 0.3750000000
55798  -39.813  -17.060  31.575 0.5000000000
55799  -40.585  -16.779  31.603 0.5000000000
55800  -41.123  -16.442  31.720 0.5000000000
56708  -41.756  -16.051  32.403 0.6250000000
55811  -38.230  -17.571  30.951 0.3750000000
54839  -39.225  -17.383  30.799 0.3750000000
55812  -39.991  -17.099  30.855 0.3750000000
56717  -41.378  -16.097  31.680 0.5000000000
57557  -41.344  -15.721  31.520 0.7500000000
54853  -39.406  -17.347  30.117 0.3750000000
62758  -42.931  -8.837  28.300 0.5000000000
108318  -41.313  -16.132  34.144 0.6250000000
56695  -40.649  -16.205  33.870 0.7500000000
130772  -40.644  -16.464  33.281 0.7500000000
123033  -41.286  -16.334  33.440 0.7500000000
125576  -39.317  -17.038  31.935 0.5000000000
55767  -40.995  -16.557  32.806 0.7500000000
55786  -41.200  -16.517  32.309 0.5000000000
65374  -43.678  -6.637  33.227 0.2500000000
62748  -43.496  -8.391  28.455 0.6250000000
61900  -43.528  -8.495  27.841 0.6250000000
62759  -43.504  -8.480  28.175 0.5000000000
121621  -43.659  -8.367  27.396 0.7500000000
62788  -42.984  -8.474  26.793 0.6250000000
69862  -50.112  -0.996  23.926 0.5000000000
70654  -51.490  -0.123  24.111 0.6250000000
72317  -53.524  1.524  23.314 0.3750000000
72318  -54.203  1.831  23.985 0.2500000000
70660  -51.054  0.049  23.206 0.6250000000
110681  -52.699  0.966  23.384 0.5000000000
124532  -54.467  2.692  23.005 0.3750000000
74182  -54.443  3.785  22.925 0.1250000000
75181  -53.710  4.663  22.632 0.1250000000
76149  -53.551  5.246  21.918 0.1250000000
71452  -52.679  1.233  22.728 0.6250000000
121914  -53.879  2.060  22.400 0.3750000000
73173  -54.446  3.136  22.594 0.2500000000
63647  -44.651  -7.768  28.289 0.6250000000
63664  -44.198  -7.938  26.693 0.6250000000
63673  -43.456  -7.858  26.274 0.3750000000
63674  -43.999  -7.701  26.315 0.3750000000
127652  -48.395  -2.762  25.111 0.5000000000
109808  -48.600  -2.381  24.655 0.3750000000
69857  -49.732  -1.463  24.312 0.5000000000
70647  -50.909  -0.711  24.419 0.6250000000
72319  -54.433  2.526  23.724 0.1250000000
71445  -52.131  0.474  23.743 0.6250000000
71446  -53.048  0.900  24.049 0.5000000000
74163  -54.494  3.209  23.373 0.1250000000
63675  -44.489  -7.564  26.439 0.7500000000
44740  -30.770  -27.961  51.950 0.6250000000
43801  -30.127  -28.293  50.109 0.6250000000
42863  -27.563  -29.503  48.232 0.5000000000
119874  -33.033  -24.771  50.388 0.6250000000
51568  -32.883  -21.524  50.811 0.2500000000
44844  -11.473  -28.786  40.989 0.5000000000
37914  -7.056  -34.302  54.237 0.8750000000
39736  -5.110  -33.390  54.663 0.8750000000
38832  -6.782  -33.585  54.838 0.7500000000
39738  -6.180  -33.568  54.629 0.7500000000
38841  -8.214  -33.582  53.792 0.8750000000
40692  -26.221  -30.675  49.975 0.6250000000
42842  -28.851  -29.997  51.549 0.5000000000
41806  -26.522  -30.311  48.280 0.5000000000
49579  -35.746  -22.790  47.013 0.6250000000
40647  -10.790  -31.986  52.780 0.6250000000
112873  -3.540  -23.387  54.871 0.5000000000
48587  -2.877  -24.144  55.053 0.5000000000
40690  -24.109  -30.800  49.245 0.5000000000
40707  -23.658  -30.891  48.509 0.5000000000
41754  -12.440  -31.061  50.635 0.5000000000
110955  -35.158  -21.953  42.644 0.5000000000
53758  -33.461  -19.788  41.397 0.6250000000
58392  -42.689  -14.563  32.859 0.5000000000
41749  -27.895  -30.750  51.345 0.5000000000
40682  -26.780  -30.823  50.495 0.6250000000
41750  -28.384  -30.486  51.678 0.3750000000
47687  -3.067  -24.187  55.314 0.5000000000
120005  -2.740  -26.970  52.894 0.5000000000
56651  -38.714  -15.607  36.185 0.5000000000
55738  -38.077  -15.747  35.674 0.6250000000
108743  -7.361  -39.697  45.854 0.1250000000
130084  -9.255  -37.232  43.043 0.1250000000
38068  -10.358  -35.405  42.362 0.1250000000
37194  -10.025  -36.187  42.059 0.1250000000
109904  -7.053  -38.378  47.769 0.3750000000
38902  -10.708  -34.734  42.630 0.1250000000
128500  -11.570  -34.375  41.812 0.1250000000
38883  -9.773  -33.784  44.893 0.1250000000
39822  -13.102  -33.463  41.079 0.1250000000
35494  -7.381  -37.972  48.519 0.3750000000
40756  -11.079  -31.931  45.548 0.1250000000
50540  -34.708  -22.091  48.579 0.2500000000
118886  -31.606  -21.676  51.742 0.3750000000
52563  -31.765  -20.835  51.029 0.5000000000
51567  -32.279  -21.640  51.377 0.2500000000
53630  -32.470  -20.641  50.397 0.5000000000
125957  -32.657  -20.104  50.018 0.5000000000
54662  -34.719  -18.305  49.684 0.1250000000
46804  -32.277  -25.631  50.495 0.6250000000
46831  -32.645  -25.042  49.135 0.5000000000
45819  -31.385  -26.361  50.500 0.6250000000
52562  -31.032  -20.624  51.056 0.3750000000
45828  -31.207  -26.154  49.954 0.5000000000
53643  -31.426  -19.834  49.838 0.3750000000
53644  -32.362  -19.712  49.810 0.5000000000
120852  -32.167  -25.300  49.249 0.3750000000
126107  -30.018  -27.859  49.606 0.5000000000
110331  -7.149  -33.281  55.077 0.7500000000
39742  -10.391  -32.362  54.485 0.7500000000
112037  -11.307  -31.925  53.339 0.7500000000
40636  -12.825  -31.605  54.013 0.7500000000
125099  -14.094  -31.392  54.149 0.7500000000
41710  -14.319  -31.271  53.486 0.7500000000
41674  -5.872  -32.200  54.729 0.7500000000
41676  -6.877  -31.986  55.158 0.6250000000
41677  -7.579  -31.623  55.432 0.6250000000
41678  -8.534  -31.526  55.564 0.6250000000
41681  -12.438  -31.044  55.437 0.6250000000
108556  -17.381  -30.699  53.165 0.5000000000
41686  -4.672  -31.547  54.245 0.6250000000
117207  -5.401  -30.951  54.522 0.6250000000
42794  -8.994  -30.752  55.504 0.5000000000
118989  -4.817  -30.894  54.385 0.6250000000
42808  -7.193  -30.489  54.873 0.3750000000
43758  -6.997  -29.994  54.531 0.3750000000
43754  -4.143  -29.504  54.817 0.6250000000
43755  -4.660  -29.250  54.778 0.3750000000
44701  -4.352  -27.976  55.324 0.5000000000
124962  -19.124  -30.477  49.940 0.3750000000
40687  -21.121  -30.596  50.140 0.3750000000
40676  -21.976  -30.619  50.210 0.3750000000
40688  -22.355  -30.697  49.334 0.3750000000
109879  -22.886  -30.669  50.001 0.5000000000
109535  -25.091  -30.657  49.986 0.5000000000
40679  -24.454  -30.686  49.941 0.5000000000
40669  -26.849  -31.196  51.357 0.5000000000
45928  -11.658  -27.440  41.842 0.5000000000
44703  -12.750  -29.339  55.588 0.6250000000
42797  -13.492  -30.291  55.938 0.6250000000
124155  -12.033  -29.491  55.342 0.6250000000
47694  -3.136  -25.442  54.951 0.5000000000
47702  -2.803  -25.648  54.027 0.5000000000
44731  -10.342  -29.364  54.274 0.3750000000
46752  -4.037  -26.226  55.500 0.5000000000
108980  -4.123  -24.766  55.562 0.5000000000
48584  -3.534  -24.238  55.407 0.5000000000
52657  -32.818  -20.001  40.157 0.5000000000
54810  -33.876  -17.807  34.816 0.2500000000
55751  -36.131  -16.717  34.866 0.7500000000
121297  -35.115  -16.824  33.363 0.2500000000
55779  -34.592  -16.970  32.845 0.2500000000
56680  -39.042  -15.879  34.212 0.7500000000
56718  -41.918  -15.583  32.229 0.6250000000
111987  -41.683  -14.444  31.689 0.7500000000
55814  -40.846  -16.364  31.217 0.5000000000
56653  -40.379  -15.540  35.885 0.6250000000
55785  -40.483  -16.779  32.220 0.6250000000
62770  -44.010  -8.221  27.639 0.6250000000
63657  -44.601  -7.930  27.692 0.7500000000
69868  -49.813  -0.855  23.171 0.6250000000
72328  -54.231  2.165  23.112 0.3750000000
73153  -54.383  3.144  24.378 0.1250000000
75182  -54.162  4.248  22.523 0.1250000000
72327  -53.296  1.641  22.383 0.3750000000
72306  -54.192  1.554  24.885 0.1250000000
43781  -26.551  -29.488  54.344 0.2500000000
43769  -23.758  -28.417  55.310 0.2500000000
111518  -24.697  -28.791  54.972 0.2500000000
44710  -23.616  -27.319  55.200 0.2500000000
45753  -24.023  -26.938  54.586 0.2500000000
44725  -28.515  -28.695  53.919 0.2500000000
43784  -29.172  -28.773  53.512 0.3750000000
121575  -27.354  -29.205  54.278 0.2500000000
43789  -29.457  -29.054  52.870 0.3750000000
42818  -20.685  -29.303  54.413 0.3750000000
43778  -22.350  -29.444  54.819 0.2500000000
43780  -25.547  -29.202  54.554 0.1250000000
126620  -26.049  -28.570  54.319 0.2500000000
44723  -26.826  -28.495  54.260 0.2500000000
42835  -29.209  -29.557  52.507 0.3750000000
42836  -29.637  -29.040  52.314 0.3750000000
43768  -22.663  -28.443  55.361 0.2500000000
128314  -23.198  -27.809  55.375 0.2500000000
44722  -25.243  -28.095  54.484 0.2500000000
44734  -26.204  -28.003  53.938 0.1250000000
108203  -26.072  -27.845  53.495 0.1250000000
44709  -22.723  -27.165  55.383 0.2500000000
45764  -24.417  -27.128  53.979 0.2500000000
45785  -25.147  -27.693  53.458 0.2500000000
109164  -25.863  -27.806  52.746 0.2500000000
46769  -22.805  -26.139  54.490 0.2500000000
46776  -23.198  -26.595  53.645 0.2500000000
45784  -24.410  -27.413  53.328 0.2500000000
112450  -24.241  -27.538  52.642 0.2500000000
46788  -23.049  -26.676  53.056 0.2500000000
45801  -23.330  -27.417  51.548 0.2500000000
46800  -22.888  -26.796  52.277 0.2500000000
45814  -22.963  -27.411  50.707 0.2500000000
45836  -30.493  -26.363  49.165 0.2500000000
44736  -27.983  -27.801  53.914 0.2500000000
44737  -28.787  -27.889  53.693 0.2500000000
44738  -29.678  -28.166  53.304 0.2500000000
107950  -29.927  -28.686  52.635 0.5000000000
43766  -20.872  -28.685  54.803 0.2500000000
43767  -21.758  -28.820  55.124 0.2500000000
45767  -27.716  -27.464  53.483 0.2500000000
45768  -28.291  -27.231  53.478 0.2500000000
45741  -21.034  -26.885  54.940 0.2500000000
45742  -21.881  -26.626  55.266 0.2500000000
45786  -26.811  -27.610  52.929 0.3750000000
46758  -21.499  -26.101  54.912 0.2500000000
46760  -22.672  -26.300  55.070 0.2500000000
111158  -24.934  -27.778  52.600 0.2500000000
45804  -25.524  -27.742  51.752 0.2500000000
47701  -22.003  -25.504  54.237 0.2500000000
46775  -22.557  -25.957  53.575 0.2500000000
45802  -23.591  -27.314  52.417 0.2500000000
45816  -24.521  -27.668  50.508 0.2500000000
45817  -25.217  -27.630  50.769 0.2500000000
47718  -22.130  -25.222  53.085 0.2500000000
47729  -22.183  -25.412  52.325 0.2500000000
122273  -22.457  -26.154  52.104 0.2500000000
45815  -23.785  -27.623  50.647 0.2500000000
45835  -24.739  -27.415  48.918 0.2500000000
45848  -31.080  -25.741  48.554 0.2500000000
48621  -21.911  -24.770  52.504 0.2500000000
47741  -22.046  -25.830  51.491 0.2500000000
46815  -22.280  -26.704  50.699 0.2500000000
116879  -22.961  -27.627  49.091 0.2500000000
45823  -23.386  -27.639  49.829 0.2500000000
45847  -30.817  -25.918  47.835 0.2500000000
46814  -21.683  -25.878  50.580 0.2500000000
119002  -22.281  -27.307  49.284 0.2500000000
46835  -21.661  -26.834  49.103 0.2500000000
45831  -21.544  -26.919  48.251 0.1250000000
113283  -28.512  -26.772  52.998 0.2500000000
45770  -30.042  -27.158  53.150 0.5000000000
43753  -18.427  -28.648  55.876 0.2500000000
45787  -27.625  -27.307  53.068 0.3750000000
45788  -28.176  -27.009  53.059 0.3750000000
45739  -19.302  -27.456  55.515 0.2500000000
44707  -20.098  -28.441  55.011 0.2500000000
45806  -27.493  -27.176  52.312 0.3750000000
114730  -19.545  -26.724  55.127 0.2500000000
45818  -26.193  -27.362  50.888 0.2500000000
47699  -20.831  -25.662  54.257 0.2500000000
47707  -21.657  -25.212  53.847 0.2500000000
45826  -25.658  -27.314  50.146 0.2500000000
48595  -21.316  -24.686  53.460 0.2500000000
48607  -21.751  -24.567  52.886 0.2500000000
45824  -24.220  -27.700  49.763 0.2500000000
48620  -21.561  -24.129  52.261 0.2500000000
47728  -21.871  -24.828  51.826 0.2500000000
45833  -23.303  -27.612  48.248 0.2500000000
113418  -23.807  -27.695  48.964 0.1250000000
47740  -21.722  -25.070  51.089 0.2500000000
46825  -21.340  -25.964  49.739 0.2500000000
45843  -22.122  -27.314  47.693 0.1250000000
45844  -22.810  -27.479  47.579 0.1250000000
45845  -23.566  -27.345  47.483 0.1250000000
46834  -21.050  -26.168  48.882 0.1250000000
46850  -20.922  -26.332  47.972 0.1250000000
45860  -22.272  -27.285  47.003 0.1250000000
129649  -11.203  -29.694  39.872 0.1250000000
43891  -11.038  -30.034  39.005 0.1250000000
109387  -15.951  -30.746  55.115 0.5000000000
41694  -16.983  -30.163  55.288 0.5000000000
46777  -28.845  -26.193  52.627 0.3750000000
46778  -29.388  -26.135  52.945 0.3750000000
42803  -17.260  -29.480  56.288 0.3750000000
46803  -28.719  -25.986  52.037 0.3750000000
46790  -28.584  -26.433  52.506 0.3750000000
44699  -18.847  -28.101  55.894 0.2500000000
46801  -27.257  -26.912  51.250 0.3750000000
46789  -28.185  -26.771  52.545 0.3750000000
45730  -18.592  -27.596  56.316 0.2500000000
46828  -26.343  -26.787  49.941 0.2500000000
46756  -19.728  -26.244  54.857 0.2500000000
46827  -25.588  -27.103  49.353 0.2500000000
47705  -20.393  -25.240  53.932 0.2500000000
46836  -24.786  -27.046  48.092 0.1250000000
46839  -32.024  -25.370  48.484 0.2500000000
48605  -20.888  -24.051  52.965 0.2500000000
45862  -23.700  -26.971  46.852 0.1250000000
45834  -24.125  -27.476  48.137 0.1250000000
46854  -31.821  -25.439  47.497 0.2500000000
49538  -21.232  -23.495  51.746 0.2500000000
114410  -21.395  -24.844  50.298 0.2500000000
45861  -23.042  -27.271  46.841 0.1250000000
48646  -20.939  -24.125  49.650 0.2500000000
47753  -20.967  -25.199  49.378 0.1250000000
45859  -21.500  -26.983  47.394 0.1250000000
46872  -22.476  -27.117  46.195 0.1250000000
46870  -20.839  -26.473  46.995 0.1250000000
129463  -11.574  -29.117  40.374 0.2500000000
120878  -11.620  -29.575  39.208 0.1250000000
41693  -16.046  -30.359  55.826 0.3750000000
128636  -29.217  -25.102  51.761 0.3750000000
47710  -29.583  -25.355  52.651 0.5000000000
46779  -30.331  -26.270  52.919 0.6250000000
42802  -16.729  -29.708  56.464 0.3750000000
47719  -28.939  -25.570  51.915 0.3750000000
43752  -17.782  -28.833  56.611 0.2500000000
47730  -28.696  -25.504  51.470 0.3750000000
116104  -18.281  -27.279  56.490 0.2500000000
46829  -27.192  -26.382  50.338 0.2500000000
47697  -19.480  -25.683  54.292 0.2500000000
46838  -26.240  -26.454  48.927 0.2500000000
48593  -20.345  -24.531  53.326 0.2500000000
46855  -32.575  -25.195  47.595 0.2500000000
49537  -20.810  -23.183  51.580 0.1250000000
49522  -20.591  -23.428  52.151 0.2500000000
46851  -24.377  -26.902  47.342 0.1250000000
46852  -25.247  -26.494  47.638 0.1250000000
49566  -20.824  -23.296  50.219 0.1250000000
117122  -21.216  -23.862  50.488 0.1250000000
48653  -20.583  -23.977  48.798 0.1250000000
47772  -20.507  -25.577  47.613 0.1250000000
46871  -21.555  -26.997  46.519 0.1250000000
48663  -20.178  -24.585  47.271 0.1250000000
47783  -20.334  -25.677  46.551 0.1250000000
46890  -20.849  -26.553  45.897 0.1250000000
114848  -21.872  -26.825  45.013 0.1250000000
46892  -22.662  -26.822  45.267 0.1250000000
48683  -19.839  -24.779  46.012 0.1250000000
47795  -20.196  -25.754  45.482 0.1250000000
46891  -21.284  -26.686  45.222 0.1250000000
48682  -19.616  -24.445  45.195 0.1250000000
47794  -19.722  -25.133  44.956 0.1250000000
47805  -19.716  -25.207  44.089 0.1250000000
47806  -20.140  -25.737  44.556 0.1250000000
47816  -19.881  -25.234  43.332 0.1250000000
47817  -20.545  -25.658  43.333 0.1250000000
45929  -12.231  -27.040  41.077 0.2500000000
44858  -11.911  -28.489  40.453 0.1250000000
48597  -29.414  -24.969  52.073 0.3750000000
48610  -29.709  -23.957  52.146 0.5000000000
48598  -29.778  -24.720  52.553 0.6250000000
48611  -30.681  -24.482  52.637 0.6250000000
41683  -14.904  -30.546  55.960 0.3750000000
43750  -16.429  -29.489  56.785 0.3750000000
48622  -29.029  -23.928  51.181 0.3750000000
45751  -17.344  -27.091  55.405 0.2500000000
45728  -17.263  -27.858  56.959 0.2500000000
47743  -28.873  -24.434  51.098 0.3750000000
46765  -17.706  -26.681  54.511 0.2500000000
46754  -18.250  -26.777  55.351 0.2500000000
46816  -28.067  -26.056  50.911 0.3750000000
47704  -18.847  -25.564  53.690 0.2500000000
47717  -19.656  -25.048  53.588 0.2500000000
47754  -27.014  -26.006  49.458 0.2500000000
126249  -33.047  -24.733  49.108 0.3750000000
49535  -19.416  -23.374  51.003 0.1250000000
48619  -19.842  -23.539  51.908 0.1250000000
126115  -19.719  -24.522  53.016 0.2500000000
115817  -32.981  -24.917  47.002 0.2500000000
46840  -32.834  -25.124  48.264 0.5000000000
48666  -35.161  -23.388  46.555 0.5000000000
49536  -20.234  -23.008  51.330 0.1250000000
48604  -20.183  -23.957  52.682 0.2500000000
47762  -26.061  -26.098  48.028 0.1250000000
47776  -35.769  -23.429  46.001 0.6250000000
50528  -20.396  -22.864  49.922 0.1250000000
49551  -20.444  -22.924  50.675 0.1250000000
47784  -24.699  -25.900  45.962 0.1250000000
46875  -24.977  -26.190  46.819 0.1250000000
46901  -34.961  -23.979  44.125 0.5000000000
117030  -35.685  -23.390  45.189 0.5000000000
48667  -35.830  -23.234  46.372 0.6250000000
125860  -36.156  -23.080  46.207 0.6250000000
50537  -20.132  -22.736  49.229 0.1250000000
49576  -20.298  -23.212  48.490 0.1250000000
117732  -20.375  -23.989  48.069 0.1250000000
46874  -24.208  -26.551  46.470 0.1250000000
48675  -36.074  -23.470  45.584 0.6250000000
48671  -19.889  -23.791  46.688 0.1250000000
46893  -23.597  -26.412  45.284 0.1250000000
48685  -35.903  -23.442  45.630 0.6250000000
126802  -36.006  -23.436  45.099 0.6250000000
46909  -21.398  -26.507  44.606 0.1250000000
47799  -35.633  -23.580  44.230 0.6250000000
48692  -19.558  -24.545  44.440 0.1250000000
48701  -19.584  -24.526  43.549 0.1250000000
114518  -21.225  -25.931  43.454 0.1250000000
47810  -35.579  -24.068  43.283 0.6250000000
47827  -20.371  -25.234  42.621 0.1250000000
47822  -36.012  -24.433  42.599 0.6250000000
48710  -19.778  -24.657  42.712 0.1250000000
47838  -20.271  -24.693  41.998 0.1250000000
113494  -30.388  -23.510  52.334 0.5000000000
43748  -15.050  -29.893  56.516 0.3750000000
42789  -15.663  -29.932  56.504 0.3750000000
49527  -30.750  -22.838  52.168 0.5000000000
115374  -15.492  -28.683  56.399 0.3750000000
113485  -16.022  -29.046  56.926 0.3750000000
49524  -29.208  -23.758  51.340 0.3750000000
45762  -16.431  -27.173  53.379 0.3750000000
128069  -16.753  -27.302  55.289 0.3750000000
45736  -16.794  -27.570  56.069 0.2500000000
48634  -28.905  -23.715  51.050 0.3750000000
47745  -33.506  -24.289  49.636 0.6250000000
46772  -17.198  -26.731  53.513 0.3750000000
46773  -18.032  -26.200  53.606 0.2500000000
126062  -28.691  -24.194  50.681 0.3750000000
47765  -33.402  -24.498  48.519 0.5000000000
47766  -34.025  -23.948  47.943 0.5000000000
47715  -18.267  -25.625  52.782 0.2500000000
47716  -19.047  -24.972  52.951 0.2500000000
114417  -27.819  -24.261  49.030 0.3750000000
46841  -33.189  -24.803  48.392 0.5000000000
46842  -33.778  -24.219  47.490 0.3750000000
48657  -34.565  -23.527  47.392 0.5000000000
48618  -18.962  -24.169  51.525 0.1250000000
48603  -19.378  -24.325  52.376 0.2500000000
48655  -27.346  -24.606  48.332 0.1250000000
49550  -19.785  -22.770  50.370 0.1250000000
47774  -26.610  -25.160  47.647 0.1250000000
50527  -20.012  -22.652  49.859 0.1250000000
50548  -19.828  -22.653  48.426 0.1250000000
49584  -20.139  -23.539  47.592 0.1250000000
49604  -36.351  -22.914  45.424 0.5000000000
119860  -36.092  -23.205  44.252 0.6250000000
48686  -36.157  -23.324  44.968 0.6250000000
113972  -21.327  -25.575  42.683 0.1250000000
46925  -22.531  -26.110  43.850 0.1250000000
47828  -22.397  -25.546  42.561 0.1250000000
47831  -36.318  -24.830  42.031 0.1250000000
49646  -19.550  -23.309  42.029 0.1250000000
48724  -19.760  -24.128  42.040 0.1250000000
47839  -20.999  -25.109  41.906 0.1250000000
49647  -19.921  -23.740  41.337 0.1250000000
48744  -20.485  -24.124  40.871 0.1250000000
48714  -36.367  -24.272  42.071 0.1250000000
49526  -29.963  -23.022  52.034 0.3750000000
42798  -14.533  -30.330  56.218 0.3750000000
50519  -29.531  -22.318  51.202 0.3750000000
49525  -29.465  -23.405  51.659 0.3750000000
44704  -14.559  -28.880  56.145 0.3750000000
49540  -29.274  -23.019  51.439 0.3750000000
49539  -29.079  -23.347  51.288 0.3750000000
116590  -15.925  -27.455  54.076 0.3750000000
45735  -15.832  -28.040  55.821 0.3750000000
49553  -28.818  -23.003  50.799 0.2500000000
46785  -16.783  -26.833  52.561 0.3750000000
49568  -28.548  -22.823  49.969 0.2500000000
48647  -28.261  -24.437  49.851 0.3750000000
48649  -33.779  -24.027  49.027 0.6250000000
47726  -17.686  -25.746  51.712 0.2500000000
49570  -34.303  -23.441  48.596 0.5000000000
48656  -34.142  -23.757  48.239 0.6250000000
48617  -18.121  -24.870  51.114 0.1250000000
49578  -34.680  -23.285  47.782 0.6250000000
49549  -18.942  -23.218  50.175 0.1250000000
48632  -18.525  -24.025  50.626 0.1250000000
50535  -19.020  -22.608  49.186 0.1250000000
123181  -19.242  -22.776  49.770 0.1250000000
49587  -36.178  -22.621  46.600 0.5000000000
50536  -19.543  -22.587  49.022 0.1250000000
50577  -36.509  -22.241  45.288 0.5000000000
49625  -36.204  -22.737  43.972 0.5000000000
48726  -21.577  -24.844  41.229 0.1250000000
48727  -22.486  -24.865  41.249 0.1250000000
48703  -35.864  -23.801  43.103 0.6250000000
50600  -36.140  -22.286  43.777 0.5000000000
48745  -21.231  -24.431  40.628 0.1250000000
115375  -36.131  -23.786  42.643 0.5000000000
50611  -36.177  -23.088  42.314 0.6250000000
127246  -36.501  -24.162  41.563 0.1250000000
48730  -36.604  -24.462  40.909 0.1250000000
50514  -30.319  -22.318  51.766 0.3750000000
44720  -14.023  -28.542  55.402 0.3750000000
43762  -13.564  -29.045  55.804 0.3750000000
127408  -29.401  -22.044  50.863 0.2500000000
45780  -14.592  -27.745  52.779 0.2500000000
127762  -14.411  -28.195  54.858 0.3750000000
45734  -14.899  -28.342  55.594 0.3750000000
114506  -29.032  -22.230  50.447 0.2500000000
45800  -15.646  -27.272  51.860 0.2500000000
129535  -15.805  -27.429  53.218 0.2500000000
47738  -16.570  -25.912  50.195 0.2500000000
46797  -16.327  -26.860  51.609 0.2500000000
49548  -18.083  -23.827  49.764 0.1250000000
50610  -36.001  -22.473  43.017 0.6250000000
49650  -36.385  -23.736  41.438 0.2500000000
50620  -36.138  -23.177  41.704 0.5000000000
49664  -36.502  -24.214  40.640 0.1250000000
45759  -13.417  -28.243  53.683 0.3750000000
45748  -13.703  -28.363  54.590 0.3750000000
51564  -29.694  -21.590  51.082 0.2500000000
50520  -29.980  -21.952  51.415 0.3750000000
51566  -30.923  -21.407  51.700 0.2500000000
123336  -13.888  -27.991  52.998 0.2500000000
51572  -29.912  -21.067  51.156 0.2500000000
52555  -30.526  -20.987  51.416 0.1250000000
51625  -35.669  -21.915  43.407 0.5000000000
125297  -35.799  -22.240  42.971 0.5000000000
120021  -35.084  -22.642  41.178 0.3750000000
50619  -35.974  -23.020  41.548 0.3750000000
110871  -35.905  -22.693  42.295 0.6250000000
50629  -35.533  -23.093  40.761 0.2500000000
50630  -35.929  -23.397  40.763 0.3750000000
112136  -36.334  -24.005  40.361 0.2500000000
43776  -12.156  -29.114  55.075 0.5000000000
123982  -12.840  -28.935  55.369 0.5000000000
44718  -12.653  -28.791  54.937 0.5000000000
44719  -13.246  -28.667  55.141 0.5000000000
130118  -29.573  -21.212  50.812 0.2500000000
52560  -29.698  -20.813  50.638 0.2500000000
51563  -29.374  -21.563  50.621 0.2500000000
51646  -34.786  -22.063  42.057 0.3750000000
111012  -35.461  -22.412  42.166 0.3750000000
125249  -34.209  -22.605  40.275 0.3750000000
50641  -34.494  -23.129  39.580 0.2500000000
50642  -34.999  -23.106  40.232 0.2500000000
52561  -30.263  -20.633  50.913 0.1250000000
54660  -32.909  -19.006  49.561 0.2500000000
51577  -29.070  -21.519  50.026 0.2500000000
124119  -5.450  -19.387  44.054 0.2500000000
51667  -33.175  -21.869  39.752 0.3750000000
108168  -33.516  -21.818  40.626 0.3750000000
51656  -34.122  -22.046  41.299 0.3750000000
52658  -32.978  -20.919  40.421 0.3750000000
53628  -30.792  -20.178  50.446 0.1250000000
52570  -29.511  -20.618  50.009 0.2500000000
52571  -30.015  -20.320  50.269 0.1250000000
116781  -30.530  -19.880  49.749 0.1250000000
51578  -29.353  -21.090  50.348 0.2500000000
53642  -29.841  -20.145  49.589 0.2500000000
53660  -30.342  -19.760  48.923 0.2500000000
53694  -7.084  -19.341  45.365 0.3750000000
109484  -6.161  -19.309  44.059 0.2500000000
53727  -6.659  -19.412  43.443 0.2500000000
53751  -6.925  -19.530  42.068 0.2500000000
53795  -32.683  -19.846  39.309 0.3750000000
52670  -32.667  -20.676  39.611 0.3750000000
53661  -31.174  -19.566  49.163 0.2500000000
54659  -32.048  -19.348  49.333 0.2500000000
53810  -32.657  -19.758  38.420 0.3750000000
53811  -33.295  -19.196  38.016 0.3750000000
126847  -3.883  -19.722  36.728 0.1250000000
56643  -40.353  -15.563  37.646 0.5000000000
108601  -40.081  -15.550  36.906 0.5000000000
57485  -41.326  -15.571  37.664 0.5000000000
57486  -42.131  -15.553  37.661 0.5000000000
57496  -41.048  -15.540  36.654 0.5000000000
117614  -41.853  -15.518  36.966 0.5000000000
57497  -42.068  -15.517  36.037 0.5000000000
121375  -40.809  -15.305  30.829 0.5000000000
58422  -41.119  -14.411  30.940 0.5000000000
60125  -40.800  -12.563  30.225 0.5000000000
59292  -40.737  -13.518  30.186 0.3750000000
112014  -40.796  -11.467  30.093 0.5000000000
60998  -40.989  -10.581  30.412 0.6250000000
61883  -41.385  -9.917  29.687 0.6250000000
62746  -42.462  -8.940  29.176 0.5000000000
62776  -42.806  -8.854  27.324 0.5000000000
57498  -42.744  -15.480  36.982 0.5000000000
57476  -43.660  -15.302  38.890 0.3750000000
56654  -41.330  -15.604  35.659 0.5000000000
122925  -42.893  -15.482  35.993 0.5000000000
56663  -41.119  -15.774  34.910 0.5000000000
121197  -41.166  -12.354  31.107 0.5000000000
62745  -41.978  -9.538  29.203 0.6250000000
63646  -44.033  -8.060  28.407 0.5000000000
64529  -45.297  -7.220  28.582 0.3750000000
64530  -45.965  -6.866  28.432 0.2500000000
63665  -44.756  -7.789  26.995 0.6250000000
64538  -45.784  -7.015  27.053 0.5000000000
63666  -45.351  -7.429  27.160 0.3750000000
64549  -44.669  -7.006  26.220 0.3750000000
64550  -45.457  -6.606  26.443 0.3750000000
56664  -41.926  -15.718  35.083 0.5000000000
57503  -42.613  -15.545  35.240 0.5000000000
56665  -42.394  -15.754  34.518 0.3750000000
56683  -42.612  -15.569  34.183 0.5000000000
56696  -41.685  -16.275  32.932 0.6250000000
59277  -41.356  -13.494  31.186 0.5000000000
64520  -46.810  -6.280  28.856 0.2500000000
64533  -46.611  -6.522  28.265 0.2500000000
65412  -46.446  -6.563  27.572 0.2500000000
116290  -46.124  -5.875  26.570 0.2500000000
65417  -46.798  -5.825  27.250 0.3750000000
65424  -44.793  -6.328  25.786 0.5000000000
57526  -42.825  -15.127  33.778 0.5000000000
56697  -42.531  -15.578  33.510 0.3750000000
57539  -42.618  -15.285  33.195 0.3750000000
65414  -47.831  -5.630  28.492 0.2500000000
65410  -48.066  -5.599  29.167 0.2500000000
66256  -48.530  -5.167  28.924 0.2500000000
66258  -47.548  -5.451  27.767 0.1250000000
66259  -48.191  -5.065  28.146 0.2500000000
67192  -48.857  -4.540  28.527 0.2500000000
66261  -46.663  -5.187  26.515 0.3750000000
66262  -47.324  -5.014  27.061 0.2500000000
66263  -47.861  -4.867  27.522 0.2500000000
67200  -48.432  -4.378  27.619 0.3750000000
66270  -46.075  -5.315  26.064 0.2500000000
108189  -48.340  -3.922  26.902 0.2500000000
67193  -49.079  -3.990  28.062 0.2500000000
67206  -46.396  -4.715  25.741 0.2500000000
67207  -47.215  -4.389  26.154 0.2500000000
67208  -47.953  -3.795  26.227 0.3750000000
121189  -46.679  -4.032  25.121 0.2500000000
67201  -48.889  -3.682  27.324 0.2500000000
68092  -48.662  -3.338  26.418 0.2500000000
68094  -47.473  -3.570  25.331 0.3750000000
110149  -45.979  -3.842  24.225 0.2500000000
67212  -46.906  -3.273  24.264 0.3750000000
68070  -49.717  -3.361  27.998 0.3750000000
68975  -50.079  -2.703  27.397 0.3750000000
110573  -49.594  -2.622  26.473 0.3750000000
123682  -48.219  -3.177  25.543 0.3750000000
127924  -49.101  -2.932  26.363 0.3750000000
113247  -46.770  -2.812  23.297 0.2500000000
68976  -50.401  -2.177  26.777 0.3750000000
111865  -51.716  -1.178  26.551 0.3750000000
68988  -49.846  -2.093  25.823 0.3750000000
68992  -50.198  -1.568  25.157 0.5000000000
69858  -51.151  -1.048  25.361 0.5000000000
68095  -47.874  -2.864  24.619 0.3750000000
68991  -49.367  -1.983  24.893 0.3750000000
68996  -48.088  -2.185  23.681 0.3750000000
109109  -52.678  -0.055  25.497 0.2500000000
127758  -50.421  -1.171  24.588 0.5000000000
70649  -52.573  0.302  24.654 0.3750000000
69861  -49.381  -1.309  23.489 0.3750000000
69867  -49.045  -1.154  22.505 0.5000000000
70659  -50.258  -0.463  23.009 0.5000000000
69875  -48.478  -1.355  21.598 0.3750000000
70658  -49.698  -0.669  22.412 0.5000000000
113229  -50.334  -0.223  22.533 0.5000000000
111653  -51.902  1.002  22.292 0.5000000000
69876  -49.055  -0.928  21.488 0.3750000000
70669  -49.291  -0.686  20.880 0.3750000000
71458  -50.514  0.348  21.346 0.3750000000
71459  -51.471  1.017  21.421 0.3750000000
70672  -49.295  -0.864  19.974 0.3750000000
69880  -48.998  -1.443  19.229 0.3750000000
69881  -49.546  -0.825  18.914 0.3750000000
71460  -52.568  1.436  21.911 0.5000000000
71462  -50.686  0.569  20.539 0.5000000000
71463  -51.526  1.247  20.358 0.3750000000
70673  -50.098  -0.021  19.593 0.6250000000
71466  -50.819  0.884  19.584 0.6250000000
69884  -49.857  -1.003  17.957 0.2500000000
70677  -50.239  -0.181  18.505 0.3750000000
69025  -49.581  -1.989  16.512 0.1250000000
69887  -50.085  -1.305  17.052 0.3750000000
70681  -50.500  -0.423  17.631 0.3750000000
69888  -50.705  -0.788  16.682 0.3750000000
70688  -51.413  -0.307  16.326 0.2500000000
70696  -52.364  -0.117  15.087 0.1250000000
70700  -52.652  -0.291  14.328 0.1250000000
71511  -53.997  0.526  14.329 0.1250000000
124942  -54.688  1.002  14.313 0.2500000000
70712  -53.813  0.066  13.524 0.1250000000
71512  -54.793  0.631  14.025 0.1250000000
69918  -54.582  0.238  13.176 0.1250000000
70674  -50.148  0.775  18.737 0.3750000000
70678  -50.293  1.079  17.959 0.3750000000
70682  -51.179  0.164  17.291 0.3750000000
71490  -51.765  0.674  16.826 0.3750000000
71491  -52.430  1.118  16.451 0.3750000000
71500  -52.784  0.669  15.542 0.1250000000
71501  -53.478  0.954  15.040 0.2500000000
71502  -54.218  1.000  14.596 0.2500000000
72397  -55.028  1.552  13.784 0.2500000000
71513  -55.280  0.653  13.556 0.2500000000
71492  -53.025  1.636  16.001 0.2500000000
123127  -53.233  2.240  15.932 0.2500000000
121293  -53.532  2.272  15.376 0.2500000000
73241  -53.808  2.444  14.798 0.2500000000
51636  -35.495  -21.968  42.974 0.3750000000
53681  -6.609  -19.263  46.124 0.3750000000
53711  -6.573  -19.285  44.680 0.2500000000
53725  -5.015  -19.572  43.634 0.2500000000
124553  -4.188  -20.018  37.130 0.1250000000
57474  -41.879  -15.591  38.599 0.5000000000
57475  -42.835  -15.462  39.114 0.5000000000
47711  -30.521  -25.460  52.752 0.6250000000
115957  -34.116  -22.819  49.599 0.5000000000
115915  -34.391  -22.891  48.927 0.5000000000
48658  -35.268  -23.259  46.994 0.6250000000
41698  -15.133  -31.003  54.930 0.5000000000
108311  -16.616  -30.775  54.451 0.5000000000
41692  -15.359  -30.637  55.652 0.3750000000
56682  -40.659  -15.924  34.443 0.6250000000
56709  -42.232  -15.840  33.063 0.6250000000
109641  -42.040  -16.144  33.775 0.5000000000
128698  -41.829  -15.985  34.467 0.5000000000
71451  -51.893  0.714  22.974 0.5000000000
68997  -48.974  -1.813  23.996 0.5000000000
68097  -47.379  -2.664  23.770 0.3750000000
70648  -51.840  -0.387  24.978 0.5000000000
111353  -53.373  0.794  24.756 0.2500000000
114300  -13.435  -29.681  56.095 0.5000000000
63648  -45.284  -7.511  28.074 0.5000000000
44721  -24.408  -27.714  54.974 0.2500000000
45769  -29.041  -26.991  53.331 0.2500000000
44735  -27.207  -27.890  53.869 0.2500000000
44724  -27.670  -28.528  54.178 0.2500000000
45766  -27.004  -27.693  53.505 0.3750000000
44708  -21.604  -27.765  55.254 0.2500000000
45743  -23.272  -26.576  54.822 0.2500000000
45765  -25.244  -27.677  53.989 0.1250000000
45754  -24.653  -27.423  54.384 0.1250000000
45752  -23.433  -26.592  54.099 0.2500000000
45763  -23.864  -26.921  53.686 0.2500000000
46768  -22.379  -25.755  54.434 0.2500000000
45783  -23.738  -27.114  53.200 0.2500000000
45803  -24.382  -27.689  51.608 0.2500000000
46787  -22.515  -26.047  52.795 0.2500000000
46799  -22.637  -26.769  51.490 0.2500000000
109284  -20.566  -27.772  54.983 0.2500000000
108099  -20.834  -26.393  54.802 0.2500000000
46759  -22.245  -25.912  54.919 0.2500000000
45805  -26.552  -27.557  51.974 0.2500000000
46767  -21.827  -25.696  54.593 0.2500000000
114101  -22.371  -25.695  54.075 0.2500000000
47708  -22.097  -25.357  53.782 0.2500000000
45825  -25.013  -27.545  49.874 0.2500000000
46826  -21.893  -26.748  49.914 0.2500000000
45832  -22.373  -27.443  48.432 0.2500000000
43763  -17.964  -29.183  55.633 0.3750000000
44706  -19.313  -28.539  55.368 0.2500000000
46755  -19.039  -26.576  55.270 0.2500000000
125821  -19.327  -28.033  55.511 0.2500000000
45740  -20.203  -27.036  54.923 0.2500000000
46757  -20.327  -26.333  54.804 0.2500000000
47700  -21.492  -25.547  54.212 0.2500000000
47693  -21.087  -25.933  54.551 0.2500000000
127818  -26.724  -26.879  50.585 0.2500000000
47692  -20.441  -25.984  54.608 0.2500000000
48594  -20.879  -24.684  53.546 0.2500000000
47706  -21.159  -25.181  53.881 0.2500000000
48596  -21.743  -24.826  53.403 0.2500000000
48606  -21.378  -24.242  52.940 0.2500000000
48633  -21.487  -24.144  51.254 0.2500000000
49523  -21.075  -23.616  52.323 0.2500000000
47761  -20.681  -25.466  48.541 0.1250000000
108056  -16.551  -30.437  55.250 0.5000000000
42815  -17.561  -29.784  55.258 0.5000000000
42814  -16.977  -29.898  55.952 0.5000000000
42813  -16.553  -30.092  55.964 0.5000000000
47709  -29.063  -25.502  52.195 0.3750000000
43751  -17.159  -29.171  56.923 0.3750000000
44698  -18.338  -28.190  56.667 0.2500000000
46802  -28.176  -26.465  51.806 0.3750000000
118475  -18.515  -26.896  55.746 0.2500000000
47698  -20.023  -25.827  54.553 0.2500000000
46766  -19.101  -26.357  54.965 0.2500000000
46837  -25.452  -26.800  48.471 0.1250000000
46873  -23.400  -26.842  46.084 0.1250000000
48654  -20.685  -24.694  48.951 0.1250000000
42801  -16.201  -29.982  56.342 0.3750000000
41684  -15.627  -30.283  56.111 0.3750000000
47731  -29.005  -25.042  51.548 0.3750000000
45729  -17.903  -27.621  56.917 0.2500000000
44697  -17.686  -28.274  57.009 0.2500000000
47742  -28.521  -25.041  50.707 0.3750000000
45737  -17.816  -27.267  56.304 0.2500000000
47755  -27.831  -25.523  50.037 0.3750000000
46774  -18.621  -26.220  54.479 0.2500000000
49565  -20.529  -23.314  49.405 0.1250000000
47760  -20.458  -24.726  48.225 0.1250000000
46908  -20.708  -26.316  44.954 0.1250000000
46923  -20.771  -26.087  44.085 0.1250000000
42799  -15.317  -30.199  56.325 0.3750000000
44696  -16.851  -28.723  57.045 0.3750000000
48648  -28.588  -23.539  50.302 0.3750000000
47763  -26.802  -25.599  48.567 0.1250000000
47764  -27.629  -25.109  49.135 0.3750000000
46856  -33.372  -24.620  47.427 0.3750000000
47767  -34.485  -23.646  46.958 0.5000000000
47773  -25.770  -25.754  47.201 0.1250000000
47788  -35.831  -23.406  45.741 0.5000000000
48674  -36.015  -23.474  45.910 0.6250000000
47798  -35.533  -23.501  44.784 0.6250000000
46924  -21.675  -26.221  43.952 0.1250000000
44695  -15.211  -29.295  56.669 0.3750000000
44694  -14.313  -29.481  56.423 0.3750000000
43749  -15.791  -29.611  56.672 0.3750000000
42790  -15.985  -29.817  56.585 0.3750000000
44705  -16.410  -28.325  56.712 0.3750000000
45750  -16.775  -27.128  54.476 0.2500000000
46786  -17.515  -26.301  52.636 0.2500000000
49567  -28.114  -23.510  49.345 0.3750000000
47727  -18.558  -24.954  52.078 0.2500000000
50526  -19.565  -22.663  49.675 0.1250000000
130035  -20.019  -22.880  47.869 0.1250000000
111365  -36.333  -23.700  42.112 0.5000000000
43747  -14.174  -30.005  56.382 0.3750000000
50518  -29.165  -22.656  51.077 0.2500000000
112755  -16.198  -27.539  55.092 0.3750000000
45749  -15.232  -27.858  54.718 0.3750000000
45761  -15.201  -27.664  53.553 0.3750000000
45782  -16.078  -27.237  52.520 0.2500000000
46798  -17.083  -26.465  51.864 0.1250000000
49564  -18.529  -23.020  49.424 0.1250000000
49637  -36.164  -23.302  42.690 0.6250000000
51559  -30.504  -21.748  51.646 0.3750000000
45781  -15.368  -27.494  52.591 0.2500000000
45760  -14.340  -28.022  53.898 0.2500000000
47725  -16.902  -26.253  51.051 0.1250000000
47739  -17.338  -25.491  50.632 0.1250000000
49663  -36.237  -23.562  41.067 0.2500000000
44733  -12.936  -28.555  54.398 0.5000000000
45758  -12.480  -28.354  53.456 0.3750000000
51637  -35.647  -22.320  42.622 0.5000000000
50618  -35.716  -22.872  41.434 0.3750000000
109500  -7.097  -19.390  44.040 0.2500000000
57487  -42.837  -15.495  38.138 0.5000000000
64532  -45.833  -7.130  27.739 0.6250000000
65416  -46.182  -6.437  26.980 0.3750000000
65409  -47.369  -6.028  28.737 0.2500000000
67199  -47.857  -4.404  26.922 0.3750000000
68085  -49.332  -3.130  26.969 0.3750000000
68977  -51.272  -1.707  27.200 0.3750000000
69849  -50.746  -1.630  26.123 0.3750000000
70637  -52.222  -0.583  25.969 0.3750000000
69000  -47.352  -2.357  22.968 0.2500000000
69002  -48.628  -1.602  23.103 0.3750000000
70668  -50.961  0.404  22.238 0.5000000000
70667  -49.914  -0.316  21.677 0.5000000000
70670  -49.893  -0.187  20.695 0.5000000000
69883  -49.282  -1.545  18.342 0.3750000000
69886  -49.463  -1.742  17.413 0.2500000000
69890  -50.200  -1.582  16.155 0.2500000000
70701  -53.521  0.081  14.037 0.1250000000
70697  -53.130  0.313  14.682 0.1250000000
72386  -55.034  1.027  14.006 0.2500000000
72380  -54.319  1.584  14.531 0.2500000000
73242  -54.439  2.089  14.195 0.2500000000
70702  -54.419  0.308  13.791 0.1250000000
70713  -55.379  0.456  12.929 0.1250000000
71527  -55.102  0.456  13.467 0.1250000000
70689  -52.064  0.219  15.927 0.1250000000
70695  -51.560  -0.606  15.394 0.2500000000
72379  -53.608  1.603  15.203 0.2500000000
74248  -54.024  2.725  14.177 0.2500000000
41745  -17.616  -30.600  52.110 0.2500000000
124412  -17.181  -30.770  53.916 0.3750000000
41713  -17.683  -30.562  53.648 0.3750000000
41714  -18.252  -30.363  53.297 0.3750000000
41746  -18.647  -30.509  51.811 0.2500000000
41732  -18.080  -30.499  52.793 0.3750000000
110702  -19.645  -30.431  51.818 0.2500000000
56546  -37.272  -16.484  49.456 0.1250000000
45757  -7.394  -28.068  53.167 0.2500000000
55606  -36.883  -17.069  49.744 0.1250000000
46763  -5.030  -26.688  54.939 0.2500000000
45756  -6.449  -27.279  53.533 0.2500000000
125932  -17.791  -30.421  53.947 0.3750000000
124734  -18.880  -30.364  52.518 0.2500000000
41748  -20.359  -30.453  51.251 0.2500000000
117353  -12.186  -28.797  54.384 0.2500000000
40675  -20.821  -30.515  50.724 0.2500000000
44732  -11.600  -28.706  53.689 0.2500000000
56555  -37.257  -15.965  49.271 0.1250000000
44744  -10.337  -28.602  53.087 0.2500000000
44745  -11.040  -28.457  53.008 0.2500000000
44746  -11.759  -28.290  52.950 0.2500000000
45778  -12.274  -27.885  52.284 0.2500000000
45797  -13.064  -27.676  51.724 0.2500000000
56556  -37.819  -16.195  48.953 0.1250000000
57398  -37.784  -15.696  48.516 0.1250000000
56562  -38.141  -15.946  48.224 0.1250000000
48583  -4.260  -24.076  55.457 0.3750000000
48585  -4.700  -24.390  55.570 0.3750000000
45777  -11.323  -27.956  52.261 0.2500000000
45796  -12.448  -27.606  51.334 0.2500000000
48586  -5.250  -24.368  55.488 0.2500000000
47691  -5.394  -25.052  55.212 0.2500000000
44742  -8.414  -28.468  52.875 0.2500000000
44743  -9.470  -28.486  52.777 0.2500000000
45776  -10.348  -28.083  52.321 0.2500000000
45794  -10.812  -27.709  51.454 0.2500000000
120770  -13.065  -27.421  50.780 0.2500000000
56545  -36.638  -16.571  49.666 0.1250000000
55607  -37.621  -16.974  49.170 0.1250000000
55615  -38.009  -16.780  48.358 0.1250000000
47703  -6.280  -25.494  53.859 0.2500000000
116283  -8.754  -28.017  52.369 0.2500000000
117729  -10.018  -27.716  51.498 0.2500000000
45810  -11.262  -27.388  50.635 0.2500000000
45811  -12.132  -27.414  50.598 0.2500000000
55605  -36.094  -17.253  49.818 0.1250000000
54681  -38.111  -17.520  47.690 0.1250000000
47696  -5.604  -25.936  54.626 0.2500000000
118107  -6.093  -26.429  53.863 0.2500000000
45773  -7.152  -26.977  52.629 0.2500000000
45774  -7.966  -27.684  52.413 0.2500000000
45792  -8.593  -27.475  51.800 0.2500000000
45793  -9.336  -27.354  51.231 0.2500000000
45809  -10.291  -27.275  50.706 0.2500000000
47713  -6.716  -25.390  52.964 0.2500000000
46771  -6.562  -26.323  53.196 0.2500000000
46783  -7.326  -26.215  51.987 0.2500000000
46784  -7.843  -26.921  51.864 0.2500000000
116701  -10.983  -26.978  50.138 0.2500000000
46794  -7.840  -26.220  51.478 0.2500000000
46795  -8.540  -26.643  51.160 0.2500000000
46806  -9.483  -26.591  50.616 0.2500000000
41699  -17.207  -30.512  54.457 0.3750000000
122135  -20.681  -30.330  52.188 0.2500000000
41733  -20.622  -30.401  51.760 0.2500000000
51530  -6.285  -21.194  55.048 0.2500000000
40662  -21.316  -30.508  51.288 0.2500000000
51529  -5.693  -21.273  54.888 0.3750000000
109554  -5.588  -21.923  54.883 0.2500000000
50487  -6.064  -22.067  54.902 0.2500000000
40650  -22.082  -30.586  51.541 0.2500000000
50491  -4.942  -22.294  54.909 0.3750000000
50486  -5.253  -22.796  55.123 0.3750000000
45779  -13.166  -27.938  52.699 0.2500000000
49503  -5.030  -23.725  55.476 0.3750000000
49509  -6.376  -23.032  54.864 0.2500000000
45798  -13.888  -27.713  51.987 0.2500000000
50490  -4.053  -23.075  54.962 0.3750000000
49508  -5.700  -23.718  55.219 0.2500000000
48588  -5.954  -24.361  54.960 0.2500000000
130575  -13.524  -27.538  51.325 0.2500000000
45812  -14.050  -27.365  50.901 0.1250000000
57397  -37.042  -15.484  48.671 0.1250000000
48589  -6.555  -24.001  54.473 0.2500000000
48591  -6.421  -24.604  54.206 0.2500000000
46810  -13.567  -26.994  50.047 0.1250000000
56561  -35.949  -15.611  48.456 0.1250000000
48600  -6.713  -24.767  53.482 0.2500000000
46809  -12.627  -27.059  49.965 0.2500000000
56544  -35.764  -16.777  49.671 0.1250000000
47714  -7.112  -25.368  52.205 0.2500000000
47723  -7.595  -25.487  51.579 0.2500000000
46822  -13.110  -26.401  49.509 0.2500000000
47735  -8.929  -25.741  50.634 0.2500000000
46820  -11.320  -26.314  49.760 0.2500000000
46808  -11.740  -27.037  49.994 0.2500000000
46821  -12.199  -26.374  49.568 0.2500000000
125352  -19.810  -30.326  52.319 0.3750000000
41715  -19.003  -30.191  52.986 0.3750000000
51531  -7.063  -20.539  55.421 0.2500000000
52531  -6.382  -20.532  55.154 0.3750000000
130365  -22.272  -30.578  51.916 0.2500000000
109734  -5.281  -21.350  54.737 0.3750000000
108561  -23.271  -30.589  51.007 0.3750000000
40663  -22.015  -30.611  51.004 0.3750000000
57402  -37.543  -15.044  48.079 0.1250000000
50492  -6.591  -22.150  54.813 0.2500000000
45799  -14.863  -27.466  51.665 0.1250000000
49504  -5.741  -22.969  55.107 0.2500000000
50498  -7.305  -22.378  54.554 0.2500000000
128911  -7.464  -22.767  54.165 0.2500000000
127743  -3.570  -23.605  55.061 0.3750000000
49511  -6.298  -23.700  54.843 0.2500000000
49512  -6.926  -23.287  54.352 0.2500000000
48601  -7.189  -24.520  52.742 0.2500000000
46823  -14.014  -26.352  49.509 0.1250000000
48602  -7.823  -24.044  52.252 0.2500000000
40760  -24.335  -31.119  45.995 0.3750000000
56553  -34.822  -17.082  49.456 0.1250000000
125611  -7.958  -24.914  51.251 0.2500000000
47724  -8.167  -25.651  51.054 0.2500000000
47749  -13.530  -25.642  49.156 0.1250000000
130644  -9.644  -25.745  50.318 0.2500000000
46807  -10.368  -26.266  50.122 0.2500000000
46819  -10.918  -25.429  49.801 0.2500000000
47748  -12.661  -25.562  49.299 0.2500000000
47747  -11.767  -25.480  49.520 0.2500000000
108003  -17.618  -30.214  54.484 0.3750000000
125498  -18.298  -30.226  53.729 0.3750000000
52533  -9.228  -20.313  56.812 0.1250000000
110459  -7.771  -20.218  55.967 0.1250000000
51532  -8.582  -20.565  56.231 0.1250000000
51533  -9.582  -20.843  56.720 0.1250000000
40649  -21.527  -30.492  51.889 0.3750000000
125585  -7.743  -20.643  55.688 0.1250000000
52538  -5.811  -20.619  54.881 0.3750000000
50488  -7.026  -21.231  55.173 0.2500000000
51540  -8.153  -21.154  55.538 0.2500000000
129953  -8.916  -21.407  55.316 0.1250000000
40664  -22.644  -30.575  51.293 0.3750000000
120797  -22.715  -30.563  51.778 0.2500000000
51539  -4.595  -21.980  54.680 0.3750000000
110561  -7.445  -21.646  54.964 0.2500000000
50493  -8.214  -21.697  54.820 0.2500000000
125533  -23.313  -30.626  50.463 0.3750000000
122973  -23.794  -30.601  51.300 0.3750000000
40665  -23.262  -30.566  51.569 0.2500000000
45813  -14.866  -27.197  50.746 0.1250000000
40680  -24.871  -30.673  50.614 0.3750000000
40678  -24.002  -30.634  50.652 0.3750000000
40652  -23.920  -30.627  51.869 0.3750000000
57401  -36.708  -15.053  47.815 0.1250000000
57403  -38.050  -15.463  47.787 0.1250000000
49513  -7.552  -23.115  53.738 0.2500000000
46811  -14.466  -26.869  50.125 0.1250000000
40667  -25.399  -30.859  51.309 0.3750000000
40654  -25.345  -30.967  52.452 0.3750000000
49517  -7.690  -23.625  52.985 0.2500000000
114504  -8.305  -22.847  53.248 0.2500000000
46812  -15.294  -26.750  50.268 0.1250000000
40668  -26.131  -31.110  51.352 0.3750000000
46824  -14.913  -26.260  49.565 0.1250000000
57400  -35.539  -15.353  47.426 0.1250000000
48614  -7.587  -24.699  51.853 0.2500000000
47750  -14.389  -25.592  49.076 0.1250000000
40762  -24.739  -30.765  45.988 0.2500000000
40742  -24.883  -30.709  46.788 0.3750000000
56565  -34.019  -16.573  47.493 0.1250000000
48615  -8.352  -24.158  51.507 0.2500000000
48626  -8.598  -24.851  50.813 0.2500000000
48627  -10.064  -24.398  50.305 0.2500000000
40779  -24.691  -30.780  45.233 0.2500000000
40763  -25.224  -30.578  46.886 0.3750000000
55624  -32.846  -17.762  47.579 0.1250000000
118028  -9.385  -24.953  50.385 0.2500000000
47736  -10.132  -25.221  50.048 0.2500000000
40797  -24.640  -30.711  44.677 0.2500000000
40781  -25.013  -30.648  45.957 0.2500000000
41823  -26.061  -30.373  47.454 0.3750000000
48642  -13.145  -24.797  49.156 0.1250000000
41859  -25.304  -30.444  45.367 0.2500000000
41824  -26.422  -29.919  47.035 0.3750000000
41844  -26.123  -29.942  45.946 0.2500000000
42870  -27.220  -29.393  47.549 0.2500000000
43813  -28.328  -28.599  48.264 0.3750000000
54671  -31.750  -19.061  48.682 0.1250000000
54680  -32.208  -18.408  48.068 0.1250000000
42886  -26.559  -29.234  45.615 0.2500000000
43819  -28.214  -28.323  47.755 0.3750000000
44756  -29.659  -27.772  49.095 0.3750000000
53674  -31.081  -19.380  48.374 0.1250000000
54692  -31.714  -18.551  47.245 0.1250000000
44765  -29.902  -27.002  48.809 0.2500000000
53673  -30.532  -19.594  47.968 0.1250000000
53703  -30.264  -19.329  46.108 0.1250000000
52578  -29.434  -20.501  49.375 0.1250000000
126794  -30.137  -19.776  47.563 0.1250000000
53719  -30.071  -19.208  45.069 0.1250000000
54719  -29.932  -18.755  43.364 0.1250000000
53733  -28.913  -20.193  44.047 0.1250000000
128442  -29.061  -20.423  45.842 0.1250000000
53718  -29.471  -19.655  44.617 0.1250000000
54710  -29.863  -19.116  44.202 0.1250000000
53734  -29.381  -19.435  43.696 0.1250000000
54729  -29.674  -18.556  42.392 0.1250000000
53747  -29.270  -19.170  42.830 0.1250000000
54739  -29.457  -18.405  41.528 0.1250000000
125584  -28.703  -19.555  42.396 0.1250000000
52532  -8.385  -20.028  56.475 0.2500000000
51534  -10.470  -21.087  57.064 0.1250000000
41717  -21.193  -30.287  52.602 0.3750000000
52540  -7.087  -20.053  55.551 0.2500000000
50494  -9.747  -21.434  55.464 0.1250000000
41734  -22.157  -30.533  52.326 0.3750000000
52539  -6.377  -20.140  55.166 0.3750000000
53568  -7.508  -19.682  55.738 0.3750000000
118753  -10.170  -21.568  54.822 0.2500000000
50500  -9.215  -21.674  54.559 0.2500000000
41718  -22.853  -30.451  52.773 0.3750000000
53577  -5.926  -20.087  54.879 0.3750000000
50499  -8.158  -22.327  54.065 0.2500000000
41720  -24.326  -30.606  53.140 0.3750000000
41719  -23.674  -30.492  52.955 0.3750000000
40641  -23.381  -30.507  52.525 0.2500000000
53585  -5.912  -19.826  54.631 0.3750000000
50505  -9.098  -22.165  53.609 0.2500000000
41721  -24.949  -30.780  53.270 0.3750000000
40644  -25.448  -30.979  52.952 0.2500000000
58251  -37.414  -14.635  47.050 0.1250000000
47737  -15.779  -26.149  49.807 0.1250000000
42828  -26.676  -30.533  53.865 0.1250000000
41707  -25.943  -30.939  53.579 0.2500000000
40645  -26.039  -31.314  52.600 0.2500000000
57407  -36.235  -14.692  46.895 0.1250000000
56567  -38.073  -16.136  47.017 0.1250000000
109699  -9.028  -22.624  52.876 0.2500000000
40656  -27.113  -31.360  52.087 0.3750000000
57406  -35.171  -15.233  46.390 0.1250000000
58264  -35.743  -14.523  45.942 0.1250000000
49518  -8.481  -23.323  52.336 0.2500000000
49530  -9.030  -23.461  51.591 0.2500000000
47752  -16.217  -25.544  49.537 0.1250000000
114230  -27.460  -30.031  53.983 0.1250000000
42834  -28.335  -30.405  52.916 0.2500000000
41723  -27.875  -30.917  52.653 0.2500000000
57412  -34.854  -15.192  45.396 0.1250000000
48616  -9.293  -24.035  50.856 0.2500000000
49544  -10.245  -23.627  50.699 0.2500000000
48628  -10.814  -24.046  50.190 0.2500000000
48641  -12.254  -24.503  49.535 0.1250000000
47751  -15.408  -25.447  49.102 0.1250000000
41736  -28.075  -30.796  52.076 0.2500000000
56571  -34.306  -15.824  45.863 0.1250000000
48639  -10.645  -24.729  49.974 0.2500000000
124733  -14.595  -24.660  48.762 0.1250000000
125229  -15.490  -24.623  48.745 0.1250000000
110238  -28.782  -30.023  52.590 0.2500000000
48643  -13.850  -24.982  48.915 0.1250000000
109809  -28.677  -22.142  49.604 0.1250000000
54701  -30.796  -18.795  45.530 0.1250000000
113828  -31.292  -18.664  46.427 0.1250000000
51594  -28.444  -21.708  48.144 0.1250000000
54711  -30.521  -18.665  44.298 0.1250000000
54721  -31.147  -18.117  43.835 0.1250000000
54702  -31.452  -18.356  45.618 0.1250000000
111212  -28.532  -21.252  47.315 0.1250000000
54720  -30.605  -18.352  43.424 0.1250000000
54730  -30.385  -18.246  42.691 0.1250000000
52604  -29.049  -20.296  45.033 0.1250000000
52577  -29.102  -20.842  49.107 0.1250000000
54740  -30.181  -18.090  41.844 0.1250000000
55684  -29.808  -17.845  40.101 0.1250000000
129388  -12.347  -20.316  58.603 0.1250000000
51521  -12.886  -21.023  58.895 0.1250000000
51527  -13.208  -21.220  58.397 0.1250000000
51537  -13.158  -21.324  57.352 0.1250000000
51545  -13.222  -21.093  56.141 0.1250000000
111783  -13.649  -20.777  55.389 0.1250000000
53563  -12.591  -19.833  58.263 0.1250000000
112225  -11.823  -19.906  58.051 0.1250000000
51525  -11.874  -21.118  58.194 0.1250000000
51536  -12.408  -21.309  57.863 0.1250000000
51549  -13.019  -21.099  54.949 0.1250000000
52525  -9.769  -20.107  57.185 0.1250000000
52526  -10.700  -20.322  57.603 0.1250000000
51535  -11.489  -21.279  57.231 0.1250000000
51544  -12.406  -21.399  56.723 0.1250000000
123361  -12.519  -21.334  55.700 0.1250000000
53569  -8.115  -19.613  56.249 0.3750000000
53581  -8.746  -19.350  56.407 0.1250000000
54603  -10.114  -19.217  56.708 0.1250000000
51542  -10.066  -21.301  56.321 0.1250000000
124510  -10.852  -21.337  56.472 0.1250000000
51543  -11.680  -21.437  55.922 0.1250000000
50503  -12.581  -21.348  54.113 0.1250000000
41701  -20.292  -29.998  53.311 0.3750000000
41716  -20.020  -30.202  52.755 0.3750000000
53580  -8.059  -19.185  55.753 0.3750000000
54602  -9.414  -19.035  56.407 0.1250000000
50495  -10.737  -21.490  55.503 0.1250000000
108625  -12.233  -21.440  54.947 0.1250000000
53578  -6.714  -19.814  55.247 0.3750000000
53579  -7.326  -19.516  55.368 0.2500000000
54621  -8.454  -18.883  54.993 0.2500000000
50501  -10.846  -21.599  54.496 0.1250000000
51548  -11.528  -21.546  54.879 0.1250000000
50502  -11.980  -21.532  54.209 0.1250000000
127603  -6.289  -19.755  54.969 0.3750000000
53587  -7.651  -19.195  55.097 0.2500000000
108840  -10.038  -21.732  53.996 0.2500000000
50506  -10.851  -21.848  53.517 0.1250000000
109180  -11.427  -21.588  54.145 0.1250000000
50507  -11.697  -21.690  53.521 0.2500000000
123051  -12.242  -21.554  53.581 0.1250000000
50511  -12.152  -21.846  52.790 0.1250000000
41704  -23.814  -30.434  53.480 0.3750000000
107933  -7.881  -19.195  54.115 0.3750000000
49515  -9.864  -22.249  53.126 0.2500000000
50510  -11.367  -22.127  52.766 0.2500000000
123698  -12.377  -22.207  52.020 0.1250000000
46813  -16.098  -26.560  50.617 0.1250000000
41705  -24.489  -30.589  53.669 0.3750000000
58266  -37.895  -14.618  46.500 0.1250000000
49520  -10.509  -22.398  52.596 0.2500000000
108298  -11.033  -22.619  52.025 0.2500000000
49521  -11.798  -22.394  52.089 0.2500000000
42827  -25.783  -30.265  54.150 0.1250000000
115988  -37.923  -15.247  47.130 0.1250000000
57408  -37.834  -14.689  46.480 0.1250000000
57413  -37.953  -14.557  45.818 0.1250000000
49519  -9.535  -22.790  52.219 0.2500000000
111553  -10.283  -22.759  51.882 0.2500000000
49532  -10.622  -23.004  51.272 0.2500000000
49533  -11.443  -22.812  51.338 0.1250000000
49534  -12.168  -22.621  51.406 0.1250000000
57419  -34.613  -15.232  44.417 0.1250000000
49531  -9.797  -23.226  51.367 0.2500000000
49545  -11.086  -23.331  50.653 0.1250000000
108636  -11.873  -23.112  50.709 0.1250000000
49546  -12.374  -23.477  50.124 0.1250000000
48644  -16.308  -24.825  49.057 0.1250000000
49558  -12.978  -23.860  49.535 0.1250000000
48640  -11.327  -24.657  49.781 0.1250000000
57411  -34.109  -15.800  44.893 0.1250000000
56576  -33.011  -16.854  44.959 0.1250000000
57418  -33.912  -15.817  43.959 0.1250000000
56577  -33.455  -16.348  44.458 0.1250000000
56584  -33.273  -16.381  43.571 0.1250000000
109646  -32.625  -16.846  43.266 0.1250000000
50538  -28.194  -22.766  49.112 0.1250000000
111440  -33.056  -16.441  42.700 0.1250000000
56583  -32.822  -16.837  44.097 0.1250000000
50561  -28.056  -22.278  47.987 0.1250000000
56598  -32.156  -16.887  41.651 0.1250000000
129406  -31.912  -17.154  42.053 0.1250000000
55669  -32.100  -17.235  43.066 0.1250000000
51600  -28.262  -21.416  46.342 0.1250000000
121732  -31.514  -17.316  41.627 0.1250000000
55686  -31.319  -17.263  40.719 0.1250000000
55668  -31.633  -17.426  42.526 0.1250000000
55650  -31.762  -17.755  44.246 0.1250000000
51607  -28.522  -20.912  45.477 0.1250000000
52603  -28.600  -20.702  44.618 0.1250000000
55685  -30.567  -17.559  40.405 0.1250000000
55676  -30.734  -17.640  41.291 0.1250000000
55667  -30.901  -17.759  42.163 0.1250000000
52614  -28.358  -20.865  43.942 0.1250000000
52629  -28.302  -20.273  42.596 0.1250000000
54738  -28.786  -18.739  41.205 0.1250000000
54749  -29.285  -18.291  40.658 0.1250000000
54728  -28.982  -18.880  42.031 0.1250000000
121102  -13.365  -19.844  58.499 0.1250000000
53555  -13.043  -20.362  58.783 0.1250000000
52522  -13.379  -20.739  58.896 0.1250000000
118404  -13.769  -21.100  57.741 0.1250000000
51538  -13.766  -20.964  56.942 0.1250000000
51546  -14.093  -20.703  56.146 0.1250000000
51550  -14.246  -20.471  55.195 0.1250000000
53572  -12.117  -19.415  57.322 0.1250000000
41700  -19.169  -30.059  53.454 0.3750000000
122805  -11.723  -18.948  56.369 0.1250000000
53571  -11.109  -19.499  57.185 0.1250000000
51553  -13.330  -20.976  53.856 0.1250000000
123342  -13.671  -20.711  54.680 0.1250000000
54612  -9.906  -18.729  55.965 0.1250000000
124445  -22.003  -30.430  52.890 0.3750000000
54622  -9.254  -18.721  54.868 0.1250000000
50508  -12.737  -21.443  53.229 0.1250000000
122267  -23.190  -30.360  53.275 0.3750000000
53596  -8.674  -19.256  53.038 0.1250000000
54631  -9.134  -18.921  53.929 0.1250000000
42825  -23.909  -30.110  54.207 0.3750000000
42824  -22.997  -30.072  54.014 0.2500000000
53595  -6.984  -19.407  53.812 0.3750000000
50512  -12.788  -21.776  52.308 0.1250000000
42826  -24.813  -30.014  54.378 0.2500000000
59120  -37.652  -14.074  46.337 0.1250000000
59133  -38.106  -13.849  45.804 0.1250000000
128724  -38.330  -13.872  45.514 0.1250000000
108411  -6.558  -19.501  53.083 0.3750000000
50517  -12.770  -22.362  51.380 0.1250000000
49547  -12.967  -22.959  50.337 0.1250000000
116610  -36.268  -13.934  45.443 0.1250000000
59132  -37.353  -13.539  45.669 0.1250000000
57414  -38.137  -14.154  45.837 0.1250000000
57421  -38.354  -14.132  45.105 0.1250000000
115419  -12.465  -22.873  50.801 0.1250000000
58274  -35.375  -14.580  44.937 0.1250000000
58275  -35.891  -14.041  44.476 0.1250000000
57420  -38.028  -14.694  44.754 0.2500000000
49559  -13.554  -23.334  49.454 0.1250000000
116561  -13.690  -24.211  48.969 0.1250000000
49560  -14.279  -23.669  48.826 0.1250000000
49561  -15.149  -23.938  48.624 0.1250000000
48652  -15.984  -24.092  48.599 0.1250000000
57427  -34.446  -15.306  43.439 0.1250000000
57426  -33.736  -15.890  43.021 0.1250000000
108824  -32.803  -16.475  41.845 0.1250000000
50560  -27.691  -22.692  47.468 0.1250000000
114899  -31.897  -16.956  41.020 0.1250000000
129133  -27.899  -22.038  46.191 0.1250000000
55659  -31.640  -17.613  43.398 0.1250000000
51606  -28.034  -21.684  45.461 0.1250000000
55694  -29.601  -17.724  39.248 0.1250000000
53757  -28.430  -19.424  41.649 0.1250000000
54748  -28.630  -18.658  40.334 0.1250000000
53564  -14.083  -19.554  58.171 0.1250000000
53556  -14.025  -20.198  58.860 0.1250000000
52523  -14.276  -20.504  58.662 0.1250000000
52528  -14.987  -20.483  58.087 0.1250000000
52534  -14.507  -20.689  57.240 0.1250000000
54596  -14.038  -18.903  57.026 0.1250000000
52541  -15.002  -20.318  56.043 0.1250000000
52545  -14.785  -20.093  54.897 0.1250000000
42820  -18.375  -29.948  54.259 0.3750000000
109302  -13.283  -18.614  56.104 0.1250000000
116151  -14.106  -20.401  54.191 0.1250000000
112322  -11.555  -18.568  55.387 0.1250000000
51554  -13.772  -20.652  53.354 0.1250000000
54623  -10.601  -18.583  55.091 0.1250000000
51557  -13.332  -21.179  52.725 0.1250000000
41702  -21.310  -30.085  53.359 0.3750000000
108845  -10.784  -18.542  53.950 0.1250000000
41703  -22.286  -30.248  53.509 0.3750000000
54639  -9.576  -19.110  52.727 0.1250000000
53614  -10.655  -19.102  51.269 0.2500000000
117980  -13.601  -21.080  52.070 0.1250000000
51561  -13.247  -21.707  51.653 0.1250000000
53602  -8.615  -19.411  52.203 0.1250000000
122825  -9.243  -19.484  50.872 0.2500000000
53624  -10.745  -19.242  50.363 0.2500000000
129597  -13.178  -22.318  50.868 0.1250000000
117313  -24.108  -29.458  54.918 0.2500000000
53611  -8.105  -19.463  51.725 0.3750000000
108538  -7.589  -19.505  51.264 0.3750000000
50525  -13.496  -22.537  50.042 0.1250000000
58277  -38.424  -13.804  45.133 0.1250000000
58285  -38.705  -13.832  44.360 0.2500000000
58283  -35.141  -14.673  43.947 0.1250000000
57428  -38.203  -14.929  43.647 0.2500000000
57429  -38.587  -14.309  44.130 0.2500000000
56593  -37.694  -15.583  42.975 0.2500000000
57434  -34.307  -15.380  42.375 0.1250000000
56591  -33.514  -15.999  42.112 0.1250000000
49586  -27.504  -23.288  47.762 0.1250000000
56600  -33.296  -16.125  41.252 0.1250000000
50576  -27.523  -22.466  45.504 0.1250000000
50609  -27.424  -21.821  43.035 0.1250000000
56599  -32.539  -16.521  40.942 0.1250000000
52613  -27.982  -20.963  43.178 0.1250000000
52643  -27.986  -20.199  41.783 0.1250000000
53770  -28.252  -19.186  40.824 0.1250000000
54758  -29.083  -18.169  39.774 0.1250000000
129719  -28.286  -18.570  39.398 0.1250000000
108535  -9.003  -19.535  50.070 0.2500000000
53657  -11.207  -19.257  48.683 0.2500000000
53636  -7.589  -19.561  49.715 0.2500000000
108531  -8.780  -19.581  49.290 0.2500000000
53656  -10.374  -19.517  48.317 0.2500000000
54675  -11.577  -19.124  47.838 0.2500000000
54676  -12.377  -18.720  47.446 0.1250000000
54684  -12.236  -18.843  46.424 0.1250000000
53654  -8.450  -19.602  48.499 0.2500000000
108527  -8.943  -19.610  47.775 0.2500000000
53668  -10.402  -19.511  47.419 0.2500000000
54694  -11.518  -19.162  46.151 0.1250000000
54695  -12.724  -18.619  45.707 0.1250000000
54696  -13.528  -18.144  45.699 0.1250000000
108528  -7.951  -19.569  47.684 0.2500000000
53667  -9.500  -19.583  47.115 0.2500000000
53685  -10.945  -19.396  46.737 0.1250000000
116105  -38.732  -14.542  43.245 0.2500000000
58295  -38.998  -14.051  43.408 0.2500000000
109501  -8.464  -19.563  46.827 0.2500000000
57435  -38.491  -15.124  42.699 0.2500000000
57436  -39.104  -14.541  42.431 0.2500000000
109502  -7.319  -19.411  46.882 0.2500000000
123182  -38.800  -15.302  42.017 0.2500000000
55695  -30.378  -17.471  39.518 0.1250000000
130262  -12.025  -18.911  45.692 0.1250000000
54706  -12.253  -18.801  44.982 0.1250000000
54707  -13.045  -18.402  44.887 0.1250000000
53684  -10.126  -19.510  46.515 0.1250000000
111236  -11.407  -19.148  45.233 0.1250000000
54705  -11.657  -18.952  44.378 0.1250000000
54715  -12.498  -18.535  44.033 0.1250000000
53697  -9.870  -19.486  45.642 0.2500000000
117074  -10.512  -19.364  45.046 0.1250000000
53731  -11.055  -19.161  43.882 0.1250000000
54725  -11.792  -18.686  42.741 0.1250000000
53682  -7.682  -19.444  46.081 0.2500000000
59985  -39.335  -13.259  43.068 0.1250000000
59171  -39.708  -13.493  42.319 0.1250000000
60163  -39.722  -12.619  27.488 0.1250000000
60177  -40.012  -11.716  27.336 0.1250000000
61035  -39.513  -11.152  26.786 0.1250000000
60030  -46.420  -12.140  39.780 0.1250000000
127649  -40.396  -15.726  30.486 0.3750000000
117022  -40.109  -15.281  30.001 0.2500000000
58428  -40.492  -14.425  30.094 0.2500000000
60133  -40.514  -12.686  29.378 0.2500000000
116476  -40.945  -11.158  28.983 0.3750000000
129589  -39.759  -15.669  29.739 0.2500000000
58427  -40.049  -14.388  29.372 0.2500000000
59308  -40.321  -12.813  28.806 0.2500000000
60148  -40.570  -11.874  28.647 0.2500000000
61015  -41.143  -10.733  28.266 0.3750000000
57565  -39.645  -15.184  29.352 0.2500000000
58435  -39.752  -14.293  28.888 0.2500000000
60147  -40.260  -12.574  28.301 0.2500000000
60165  -40.593  -11.542  28.079 0.2500000000
61028  -41.438  -10.270  27.902 0.5000000000
61929  -41.621  -9.432  27.017 0.2500000000
62787  -42.149  -8.760  26.646 0.2500000000
59324  -39.895  -13.475  28.410 0.2500000000
61027  -40.927  -10.846  27.922 0.2500000000
61920  -41.711  -9.792  27.552 0.5000000000
63672  -42.650  -8.051  26.197 0.3750000000
64547  -43.701  -7.337  25.928 0.2500000000
64560  -43.870  -6.797  25.620 0.2500000000
65438  -43.690  -5.479  24.565 0.2500000000
66274  -44.252  -5.292  24.656 0.2500000000
60164  -40.234  -12.101  27.801 0.2500000000
61026  -40.482  -11.244  27.730 0.1250000000
61919  -40.557  -10.207  27.118 0.1250000000
63671  -41.761  -8.215  26.067 0.2500000000
63686  -43.068  -7.466  25.749 0.2500000000
66281  -44.620  -4.661  24.299 0.2500000000
61036  -40.267  -10.891  27.284 0.2500000000
61927  -40.097  -9.839  26.572 0.2500000000
62786  -41.287  -8.905  26.454 0.1250000000
65429  -43.530  -6.266  25.072 0.2500000000
61926  -39.391  -10.258  26.377 0.1250000000
62785  -40.378  -9.062  26.229 0.1250000000
60910  -46.650  -11.181  38.986 0.1250000000
60924  -46.508  -10.791  37.912 0.1250000000
61828  -45.430  -10.757  36.231 0.2500000000
61888  -41.738  -10.042  28.876 0.5000000000
115820  -41.147  -10.583  29.364 0.5000000000
127913  -41.373  -10.496  28.656 0.5000000000
61016  -41.785  -10.028  28.125 0.5000000000
61921  -42.394  -9.303  27.620 0.5000000000
66275  -44.860  -5.409  25.134 0.2500000000
67215  -44.419  -4.128  23.522 0.2500000000
67216  -45.103  -3.983  23.840 0.2500000000
67222  -44.945  -3.606  23.006 0.1250000000
68100  -46.168  -2.976  22.826 0.2500000000
110329  -45.653  -3.460  23.312 0.2500000000
126943  -46.506  -10.799  39.356 0.1250000000
61804  -46.737  -10.283  38.730 0.1250000000
61834  -44.405  -10.761  34.850 0.2500000000
114596  -44.907  -10.186  35.536 0.2500000000
61816  -45.952  -10.338  36.886 0.2500000000
62676  -44.361  -9.877  34.745 0.2500000000
61898  -41.807  -10.036  28.342 0.5000000000
61889  -42.361  -9.396  28.590 0.3750000000
61911  -42.047  -9.727  27.879 0.5000000000
61912  -42.527  -9.261  27.868 0.5000000000
65423  -44.291  -6.746  25.797 0.2500000000
67210  -45.347  -4.563  24.619 0.2500000000
68101  -46.729  -2.552  22.415 0.2500000000
69007  -47.308  -2.116  22.037 0.2500000000
69866  -48.388  -1.508  22.299 0.3750000000
64548  -44.151  -7.221  26.065 0.2500000000
65430  -44.167  -6.095  25.235 0.2500000000
69008  -47.880  -1.684  21.726 0.3750000000
62664  -45.298  -9.543  35.848 0.2500000000
62663  -44.840  -9.322  35.293 0.2500000000
63539  -45.989  -8.479  36.490 0.1250000000
62675  -43.729  -9.567  34.108 0.1250000000
63567  -44.279  -9.010  34.614 0.2500000000
63550  -44.864  -8.494  35.140 0.2500000000
63551  -45.413  -8.876  35.806 0.2500000000
63566  -43.618  -8.646  33.900 0.1250000000
63583  -44.222  -8.096  34.431 0.2500000000
64455  -45.492  -8.017  35.680 0.1250000000
64486  -44.236  -7.115  34.171 0.2500000000
66269  -45.688  -5.026  25.428 0.2500000000
69877  -48.517  -1.321  20.890 0.3750000000
112303  -48.765  -1.428  19.865 0.3750000000
72339  -52.299  1.750  19.985 0.3750000000
72347  -52.949  2.259  19.670 0.2500000000
72346  -51.650  2.237  18.903 0.3750000000
73200  -53.734  3.164  20.088 0.2500000000
74207  -53.770  4.029  20.328 0.2500000000
73199  -53.384  2.788  19.446 0.2500000000
74214  -53.725  3.741  19.766 0.2500000000
73214  -53.523  3.297  19.164 0.2500000000
75217  -53.761  4.656  20.390 0.1250000000
75225  -53.779  4.312  19.781 0.1250000000
112716  -53.822  4.817  19.673 0.1250000000
72356  -52.678  2.539  18.919 0.2500000000
123210  -53.755  4.140  19.263 0.2500000000
114064  -53.874  4.673  19.122 0.1250000000
76187  -53.949  5.347  19.163 0.1250000000
74222  -53.598  3.770  18.847 0.2500000000
123978  -53.968  5.120  18.793 0.1250000000
72365  -53.006  2.714  16.849 0.2500000000
74229  -53.459  3.815  17.895 0.2500000000
115217  -53.901  4.912  18.372 0.1250000000
72364  -52.499  2.163  17.023 0.2500000000
76192  -54.069  5.683  18.364 0.1250000000
110091  -53.237  3.316  17.216 0.2500000000
75236  -53.652  4.460  17.544 0.1250000000
76198  -53.942  5.418  17.530 0.1250000000
110575  -53.236  2.890  16.315 0.2500000000
74236  -53.389  3.645  16.790 0.2500000000
122043  -53.538  4.257  16.628 0.1250000000
74242  -53.402  3.021  15.695 0.2500000000
119269  -53.459  3.799  15.891 0.2500000000
114384  -53.727  4.994  16.683 0.1250000000
74247  -53.561  3.244  14.969 0.1250000000
71538  -55.770  0.622  12.616 0.1250000000
75243  -53.575  4.497  16.034 0.2500000000
75251  -53.610  4.242  15.080 0.2500000000
73249  -54.793  2.234  13.587 0.1250000000
73250  -56.003  1.351  12.630 0.1250000000
72412  -56.238  1.128  12.052 0.1250000000
76199  -54.097  6.152  16.442 0.1250000000
73261  -55.943  2.048  12.460 0.1250000000
74269  -54.843  3.361  12.562 0.2500000000
74271  -56.283  2.409  11.756 0.1250000000
74281  -56.659  2.846  11.121 0.1250000000
73271  -56.711  2.055  11.203 0.1250000000
129380  -56.850  1.651  10.810 0.1250000000
72423  -57.141  1.627  10.311 0.1250000000
74270  -55.658  2.819  12.161 0.1250000000
74280  -56.072  3.257  11.491 0.1250000000
74292  -57.279  2.731  10.155 0.1250000000
74282  -56.974  2.554  10.722 0.1250000000
74303  -57.485  2.940  9.403 0.1250000000
73272  -57.096  2.091  10.551 0.1250000000
73285  -57.416  2.158  9.936 0.1250000000
74317  -57.502  3.161  8.525 0.1250000000
127380  -57.128  1.278  10.083 0.1250000000
73298  -57.558  2.208  9.194 0.1250000000
73316  -57.494  2.178  8.549 0.1250000000
72433  -57.388  1.581  9.714 0.1250000000
72443  -57.519  1.421  8.964 0.1250000000
73329  -57.312  1.543  8.215 0.1250000000
73328  -57.073  2.033  7.830 0.1250000000
72460  -56.576  1.475  7.813 0.1250000000
72462  -57.167  0.663  8.098 0.1250000000
75291  -57.286  3.571  9.662 0.1250000000
73327  -56.661  2.387  7.811 0.1250000000
112328  -35.324  -16.321  49.026 0.1250000000
56566  -34.569  -15.908  46.903 0.1250000000
111572  -33.722  -16.543  46.348 0.1250000000
55613  -33.098  -18.037  48.494 0.1250000000
55642  -31.925  -17.898  45.170 0.1250000000
56570  -33.218  -16.866  45.684 0.1250000000
55660  -32.238  -17.294  43.767 0.1250000000
40761  -24.661  -30.868  46.036 0.3750000000
50489  -3.941  -22.576  54.658 0.3750000000
53586  -6.791  -19.518  54.779 0.3750000000
53620  -6.871  -19.526  50.897 0.3750000000
53621  -7.614  -19.544  50.405 0.2500000000
108532  -7.965  -19.587  49.165 0.2500000000
60909  -46.507  -11.771  38.235 0.1250000000
61827  -44.882  -11.200  35.571 0.2500000000
61833  -43.845  -10.437  34.250 0.1250000000
40743  -26.108  -30.414  47.819 0.3750000000
59163  -39.621  -13.571  42.355 0.1250000000
43814  -28.709  -28.304  48.479 0.3750000000
55604  -35.272  -17.522  49.764 0.1250000000
44764  -29.230  -27.625  48.475 0.2500000000
42864  -28.030  -29.093  48.404 0.3750000000
42871  -27.886  -28.930  47.993 0.3750000000
41807  -26.876  -29.950  47.918 0.3750000000
111695  -10.786  -28.957  53.698 0.2500000000
47690  -4.807  -24.957  55.577 0.3750000000
46753  -4.376  -25.561  55.480 0.3750000000
49502  -4.511  -23.376  55.236 0.3750000000
113534  -42.349  -9.487  28.119 0.5000000000
61899  -42.928  -8.902  27.985 0.5000000000
43779  -23.287  -29.464  54.937 0.2500000000
43783  -28.823  -29.621  53.228 0.2500000000
42829  -28.129  -30.143  53.457 0.1250000000
120169  -27.694  -23.863  48.639 0.1250000000
46796  -15.538  -27.093  51.073 0.1250000000
51584  -28.819  -21.462  49.156 0.1250000000
53659  -29.739  -20.084  49.001 0.1250000000
59297  -40.342  -13.551  29.378 0.2500000000
129490  -40.667  -11.920  29.400 0.3750000000
62775  -42.317  -9.184  27.197 0.2500000000
72398  -55.595  1.008  13.301 0.1250000000
56554  -36.348  -16.032  49.300 0.1250000000
45795  -11.702  -27.663  51.405 0.2500000000
120440  -5.955  -25.087  54.643 0.2500000000
45775  -9.405  -27.867  52.005 0.2500000000
46782  -6.907  -26.098  52.555 0.2500000000
48592  -7.048  -24.009  53.739 0.2500000000
56560  -34.886  -16.010  48.014 0.1250000000
56559  -34.358  -16.741  48.574 0.1250000000
55603  -34.409  -17.914  49.558 0.1250000000
55614  -33.932  -17.540  48.997 0.1250000000
53570  -8.962  -19.879  56.809 0.1250000000
51523  -10.148  -20.557  57.189 0.1250000000
51541  -9.156  -21.167  56.057 0.1250000000
40642  -24.028  -30.584  52.546 0.2500000000
40666  -24.547  -30.677  51.399 0.3750000000
40653  -24.636  -30.716  52.194 0.2500000000
58252  -37.881  -15.144  47.236 0.1250000000
110856  -25.792  -31.217  51.987 0.3750000000
55625  -33.524  -17.241  48.077 0.1250000000
55636  -33.322  -17.160  47.044 0.1250000000
55635  -32.697  -17.618  46.635 0.1250000000
54693  -32.287  -18.091  47.158 0.1250000000
41843  -25.612  -30.400  46.450 0.2500000000
42877  -26.810  -29.320  46.611 0.2500000000
43827  -27.577  -28.649  47.136 0.2500000000
125447  -31.549  -18.915  47.996 0.1250000000
125660  -28.072  -28.006  47.114 0.3750000000
43820  -28.627  -27.968  48.097 0.3750000000
54691  -31.062  -19.101  47.397 0.1250000000
119913  -30.771  -19.062  46.518 0.1250000000
55634  -31.990  -18.091  46.262 0.1250000000
53689  -30.465  -19.437  47.074 0.1250000000
52585  -29.426  -20.463  48.506 0.1250000000
53672  -29.961  -19.935  48.310 0.1250000000
53688  -29.935  -19.775  46.771 0.1250000000
52598  -29.598  -19.815  45.716 0.1250000000
53746  -28.859  -19.848  43.148 0.1250000000
116015  -28.479  -20.432  43.374 0.1250000000
52592  -29.382  -20.275  46.624 0.1250000000
118154  -28.760  -20.804  46.493 0.1250000000
114322  -7.766  -19.901  56.066 0.2500000000
41706  -25.196  -30.768  53.712 0.2500000000
42832  -26.647  -31.051  53.318 0.2500000000
41735  -26.967  -31.322  52.724 0.3750000000
42833  -27.530  -30.787  53.326 0.1250000000
115267  -33.628  -16.373  45.349 0.1250000000
50550  -28.348  -22.191  48.759 0.1250000000
54712  -31.273  -18.285  44.761 0.1250000000
52584  -28.870  -21.051  48.326 0.1250000000
51593  -28.033  -21.977  47.141 0.1250000000
114956  -29.109  -20.676  47.471 0.1250000000
55658  -31.061  -17.944  42.990 0.1250000000
116656  -29.694  -20.156  47.558 0.1250000000
52520  -11.922  -20.469  58.511 0.1250000000
52521  -12.599  -20.711  58.853 0.1250000000
51522  -13.554  -20.977  58.807 0.1250000000
53573  -13.139  -19.313  57.386 0.1250000000
52527  -11.571  -20.583  58.129 0.1250000000
53562  -11.221  -20.150  57.912 0.1250000000
51524  -11.073  -20.800  57.616 0.1250000000
111382  -9.516  -19.598  56.831 0.1250000000
53561  -10.361  -19.866  57.299 0.1250000000
54611  -9.032  -18.792  55.750 0.2500000000
123476  -9.745  -18.652  55.236 0.2500000000
58265  -36.812  -14.040  46.343 0.1250000000
48629  -11.626  -23.832  50.114 0.1250000000
56590  -32.318  -16.919  42.439 0.1250000000
55651  -32.403  -17.357  44.626 0.1250000000
55696  -31.175  -17.187  39.833 0.1250000000
51615  -28.208  -21.285  44.657 0.1250000000
128108  -28.373  -19.873  42.099 0.1250000000
54604  -12.521  -18.977  56.516 0.1250000000
54613  -10.791  -18.832  56.167 0.1250000000
54614  -12.397  -18.572  55.676 0.1250000000
111150  -9.955  -18.695  54.393 0.1250000000
124197  -7.671  -19.440  52.743 0.2500000000
54632  -10.146  -18.776  53.395 0.1250000000
49577  -27.769  -23.311  48.547 0.1250000000
50549  -27.892  -22.755  48.299 0.1250000000
50569  -27.573  -22.589  46.544 0.1250000000
55705  -29.399  -17.641  38.568 0.1250000000
54624  -11.487  -18.396  54.397 0.1250000000
54640  -10.369  -18.869  52.566 0.1250000000
53603  -9.375  -19.373  51.814 0.1250000000
53604  -10.167  -19.156  51.896 0.1250000000
53613  -10.027  -19.398  51.047 0.2500000000
53612  -8.748  -19.472  51.472 0.2500000000
53622  -8.373  -19.511  50.793 0.2500000000
53623  -9.837  -19.496  50.181 0.2500000000
48665  -27.410  -23.872  48.015 0.1250000000
49585  -27.071  -23.914  47.211 0.1250000000
49595  -27.280  -23.227  46.924 0.1250000000
50588  -27.242  -22.627  44.519 0.1250000000
51624  -27.886  -21.528  43.875 0.1250000000
112631  -27.490  -22.169  43.901 0.1250000000
53637  -8.235  -19.573  49.894 0.2500000000
53638  -9.498  -19.548  49.495 0.2500000000
123475  -10.360  -19.464  49.323 0.2500000000
54666  -12.031  -18.781  48.440 0.2500000000
53655  -9.462  -19.590  48.650 0.2500000000
130617  -11.125  -19.362  47.401 0.2500000000
54683  -11.664  -19.164  47.010 0.1250000000
125296  -9.747  -19.595  47.859 0.2500000000
53698  -10.747  -19.380  45.877 0.1250000000
53683  -9.249  -19.558  46.256 0.2500000000
53715  -11.015  -19.233  44.559 0.1250000000
54714  -11.732  -18.826  43.557 0.1250000000
125933  -8.498  -19.526  45.981 0.2500000000
53714  -10.371  -19.350  44.267 0.1250000000
53744  -11.109  -19.088  43.049 0.1250000000
114700  -39.304  -13.477  43.052 0.1250000000
61037  -40.935  -10.457  27.605 0.3750000000
115836  -41.096  -9.906  27.232 0.2500000000
61918  -39.990  -10.498  26.839 0.2500000000
129399  -41.424  -7.846  25.648 0.1250000000
62784  -39.423  -9.354  25.883 0.1250000000
62799  -39.838  -8.508  25.541 0.1250000000
62783  -38.655  -9.912  25.792 0.1250000000
124130  -45.461  -10.022  36.188 0.2500000000
62650  -45.847  -9.433  36.564 0.2500000000
75232  -53.720  4.280  18.563 0.1250000000
73223  -53.207  3.320  18.058 0.2500000000
71529  -55.984  0.864  12.711 0.1250000000
125257  -55.539  1.733  13.135 0.1250000000
73260  -55.255  2.500  12.897 0.1250000000
73262  -56.332  1.695  11.934 0.1250000000
75281  -56.441  3.745  10.751 0.1250000000
72422  -56.559  1.417  11.341 0.1250000000
71552  -56.997  1.016  10.087 0.1250000000
75271  -54.631  4.251  12.324 0.2500000000
74291  -56.981  3.246  10.433 0.1250000000
109585  -57.286  2.651  8.053 0.1250000000
72461  -57.036  1.074  7.815 0.1250000000
55644  -33.125  -17.140  46.242 0.1250000000
55643  -32.624  -17.415  45.633 0.1250000000
54673  -33.472  -18.338  49.261 0.1250000000
127765  -7.438  -41.050  45.421 0.1250000000
41766  -15.325  -30.447  49.584 0.2500000000
41786  -15.673  -30.159  48.945 0.1250000000
109477  -15.100  -30.140  48.192 0.1250000000
108555  -15.538  -29.969  47.259 0.1250000000
108554  -16.506  -29.703  47.428 0.1250000000
124010  -16.830  -29.678  46.824 0.1250000000
108551  -17.439  -29.658  46.571 0.1250000000
125092  -16.578  -29.902  46.027 0.1250000000
128778  -15.563  -30.582  50.022 0.2500000000
41838  -17.462  -29.798  45.646 0.1250000000
124727  -30.357  -26.293  48.516 0.1250000000
46878  -32.001  -25.355  46.293 0.1250000000
41842  -22.059  -31.380  44.817 0.1250000000
45846  -29.882  -26.634  48.015 0.1250000000
41858  -22.532  -31.477  44.238 0.1250000000
44784  -28.853  -26.902  46.967 0.1250000000
45864  -30.620  -26.040  47.139 0.1250000000
41857  -21.535  -31.213  44.080 0.1250000000
124401  -23.004  -31.452  43.679 0.1250000000
45863  -29.707  -26.468  47.154 0.1250000000
46879  -32.579  -25.059  46.428 0.1250000000
119641  -33.015  -24.729  45.968 0.1250000000
46880  -33.376  -24.414  46.304 0.1250000000
44772  -29.056  -27.207  47.784 0.1250000000
44771  -28.503  -27.663  47.473 0.1250000000
44799  -28.046  -27.374  45.821 0.1250000000
46857  -33.735  -24.120  46.652 0.2500000000
46898  -33.372  -24.694  44.961 0.1250000000
46881  -33.833  -23.963  45.592 0.2500000000
46858  -34.378  -23.636  46.266 0.2500000000
40794  -22.975  -31.222  42.974 0.1250000000
117328  -28.146  -27.019  45.222 0.1250000000
46882  -34.536  -23.678  45.156 0.2500000000
53712  -7.565  -19.413  44.670 0.1250000000
53741  -8.735  -19.457  42.728 0.1250000000
53740  -7.106  -19.461  42.807 0.1250000000
108526  -7.872  -19.477  42.347 0.1250000000
40776  -23.439  -31.484  44.421 0.1250000000
43833  -27.603  -27.974  46.253 0.1250000000
40795  -23.655  -31.251  43.531 0.1250000000
42885  -25.979  -29.850  44.886 0.1250000000
43832  -26.955  -28.393  45.405 0.1250000000
44783  -28.298  -27.467  46.621 0.1250000000
130560  -23.668  -31.018  43.103 0.1250000000
43844  -26.795  -28.115  44.463 0.1250000000
113180  -35.003  -23.442  45.836 0.3750000000
40815  -23.759  -30.812  42.852 0.1250000000
44798  -27.483  -27.570  45.095 0.1250000000
45892  -27.874  -26.810  44.423 0.1250000000
46899  -34.095  -24.454  44.480 0.2500000000
46900  -34.687  -24.140  44.208 0.3750000000
53695  -8.073  -19.477  45.342 0.1250000000
40833  -23.527  -30.525  42.011 0.1250000000
40834  -24.002  -30.549  42.623 0.1250000000
53713  -8.591  -19.488  44.587 0.1250000000
115776  -9.584  -19.466  44.727 0.1250000000
53728  -7.751  -19.461  43.310 0.1250000000
109406  -9.584  -19.417  43.099 0.1250000000
53742  -9.580  -19.337  42.203 0.1250000000
108442  -7.833  -19.502  41.439 0.1250000000
108695  -8.794  -19.408  41.694 0.1250000000
53765  -6.907  -19.652  41.093 0.2500000000
122001  -8.528  -19.409  40.906 0.1250000000
53764  -6.143  -19.949  40.493 0.1250000000
109127  -7.123  -19.589  39.954 0.1250000000
107965  -8.036  -19.246  39.579 0.1250000000
53777  -6.321  -20.005  39.233 0.1250000000
40777  -23.918  -31.366  45.084 0.1250000000
109818  -24.188  -31.170  44.372 0.1250000000
110963  -24.526  -30.864  44.541 0.1250000000
40796  -23.886  -31.066  43.713 0.1250000000
40798  -24.861  -30.569  44.654 0.1250000000
53639  -11.166  -19.182  49.560 0.1250000000
54655  -11.781  -18.811  49.280 0.1250000000
123599  -24.410  -30.798  44.138 0.1250000000
40817  -24.650  -30.619  44.120 0.1250000000
41872  -25.332  -30.290  44.550 0.1250000000
40816  -24.190  -30.750  43.469 0.1250000000
41889  -25.208  -30.191  43.826 0.1250000000
41873  -25.618  -29.876  44.039 0.1250000000
42894  -26.446  -28.959  44.745 0.1250000000
47787  -35.002  -23.508  45.022 0.3750000000
123551  -24.451  -30.484  43.210 0.1250000000
42901  -25.404  -29.774  43.217 0.1250000000
43843  -26.382  -28.710  43.928 0.1250000000
41910  -24.288  -30.244  42.324 0.1250000000
41911  -24.825  -30.102  42.813 0.1250000000
42902  -25.960  -29.281  43.531 0.1250000000
43857  -26.242  -28.452  43.131 0.1250000000
42913  -25.763  -29.072  42.745 0.1250000000
43867  -26.025  -28.173  42.346 0.1250000000
44819  -26.978  -27.167  43.123 0.1250000000
46916  -34.857  -24.766  43.371 0.2500000000
46918  -35.372  -24.541  43.087 0.5000000000
54724  -11.196  -18.871  42.064 0.1250000000
54734  -10.925  -18.687  41.105 0.1250000000
53752  -9.633  -19.235  41.436 0.1250000000
54745  -10.618  -18.456  40.287 0.1250000000
54753  -8.888  -18.812  39.219 0.1250000000
55690  -10.615  -17.386  39.309 0.1250000000
53776  -5.414  -20.501  39.101 0.1250000000
53791  -6.685  -19.626  38.177 0.1250000000
53790  -5.762  -20.172  38.214 0.1250000000
53805  -6.776  -19.142  37.614 0.1250000000
53625  -11.570  -18.818  50.107 0.1250000000
108916  -12.461  -18.436  49.040 0.1250000000
108290  -6.000  -19.554  37.512 0.1250000000
54770  -6.231  -18.725  37.132 0.1250000000
52692  -4.952  -19.987  37.418 0.1250000000
50655  -35.335  -23.692  39.455 0.1250000000
49676  -35.929  -23.927  39.821 0.1250000000
50643  -35.459  -23.426  40.112 0.1250000000
50653  -34.290  -23.364  38.850 0.1250000000
51684  -33.562  -22.928  38.445 0.1250000000
108846  -33.837  -22.770  39.249 0.1250000000
51683  -33.072  -22.146  38.808 0.1250000000
50668  -33.252  -23.069  37.733 0.1250000000
51682  -32.681  -21.362  39.088 0.2500000000
52698  -32.253  -20.484  37.985 0.2500000000
52685  -32.426  -20.530  38.820 0.2500000000
122012  -32.608  -19.652  37.401 0.2500000000
117002  -31.793  -20.520  36.373 0.2500000000
115234  -32.230  -19.848  36.643 0.2500000000
53827  -32.883  -19.230  36.493 0.2500000000
52728  -31.561  -20.422  35.628 0.1250000000
53842  -33.066  -18.758  35.782 0.2500000000
111519  -50.915  -2.226  27.775 0.2500000000
69837  -52.117  -1.222  27.670 0.2500000000
69838  -52.598  -0.653  27.062 0.2500000000
70638  -53.185  0.012  26.437 0.2500000000
71423  -53.896  0.792  26.240 0.1250000000
124534  -6.438  -19.645  41.712 0.1250000000
46917  -35.136  -24.599  43.236 0.3750000000
71435  -53.336  0.461  25.474 0.1250000000
109499  -7.965  -19.447  44.059 0.1250000000
40778  -24.536  -30.982  45.168 0.1250000000
53696  -8.980  -19.523  45.418 0.1250000000
53730  -10.368  -19.318  43.468 0.1250000000
43826  -27.097  -28.707  46.211 0.1250000000
127862  -9.149  -19.492  44.232 0.1250000000
109508  -16.065  -29.855  48.159 0.1250000000
129919  -16.220  -29.808  46.746 0.1250000000
45893  -28.649  -26.320  44.848 0.1250000000
42893  -26.108  -29.408  44.208 0.1250000000
44810  -27.208  -27.372  44.004 0.1250000000
53729  -8.780  -19.483  43.703 0.1250000000
53743  -10.371  -19.240  42.588 0.1250000000
53753  -10.318  -19.098  41.691 0.1250000000
124640  -7.882  -19.460  40.506 0.1250000000
53766  -9.282  -19.223  40.807 0.1250000000
54744  -9.688  -18.777  39.975 0.1250000000
54743  -8.751  -19.205  40.135 0.1250000000
53778  -7.345  -19.444  38.936 0.1250000000
42912  -25.211  -29.573  42.354 0.1250000000
43858  -26.650  -27.894  43.562 0.1250000000
45898  -35.151  -25.451  42.763 0.2500000000
54733  -10.103  -18.939  40.853 0.1250000000
54755  -10.328  -18.186  39.527 0.1250000000
54754  -9.660  -18.397  39.212 0.1250000000
54762  -7.569  -18.999  38.076 0.1250000000
51702  -32.490  -21.414  38.405 0.2500000000
53841  -32.219  -19.549  35.871 0.2500000000
121590  -22.084  -29.847  54.235 0.2500000000
42816  -18.597  -29.513  54.779 0.2500000000
42822  -20.507  -29.668  53.922 0.2500000000
43777  -21.505  -29.359  54.599 0.1250000000
29396  -3.185  -45.433  39.334 0.1250000000
130086  -2.920  -44.100  38.963 0.2500000000
125013  -3.329  -44.994  38.518 0.2500000000
30346  -3.139  -44.164  38.441 0.2500000000
31999  -3.380  -42.716  38.474 0.2500000000
65377  -43.442  -6.251  32.150 0.1250000000
64471  -44.883  -7.581  34.951 0.1250000000
72335  -53.423  1.933  21.549 0.2500000000
72334  -52.439  1.614  20.986 0.2500000000
76214  -54.159  6.290  15.232 0.1250000000
111656  -48.961  -1.998  17.805 0.2500000000
76204  -53.777  5.247  15.704 0.1250000000
76213  -53.867  5.258  14.649 0.1250000000
74258  -53.786  4.240  13.982 0.1250000000
75263  -54.264  4.197  13.081 0.1250000000
74259  -54.267  3.167  13.436 0.1250000000
72355  -51.915  2.534  18.191 0.3750000000
72363  -51.602  2.253  17.602 0.1250000000
73212  -52.846  2.849  17.587 0.2500000000
71479  -51.035  1.574  17.523 0.2500000000
71480  -51.864  1.607  17.116 0.1250000000
109323  -54.353  6.248  13.226 0.1250000000
117262  -54.376  5.184  12.699 0.1250000000
43765  -19.952  -28.983  54.887 0.2500000000
42823  -21.403  -29.771  54.024 0.2500000000
43764  -18.946  -29.049  55.172 0.2500000000
72340  -53.180  2.089  20.583 0.2500000000
71467  -50.605  1.614  18.636 0.3750000000
71472  -50.830  2.169  18.008 0.2500000000
124839  -53.739  3.474  14.294 0.1250000000
42821  -19.446  -29.787  54.048 0.2500000000
42817  -19.703  -29.366  54.514 0.2500000000
28520  -4.020  -45.780  38.240 0.1250000000
31204  -3.362  -43.422  38.088 0.1250000000
72341  -53.688  2.454  21.037 0.2500000000
72336  -53.962  2.513  21.701 0.2500000000
76225  -54.082  5.244  13.642 0.1250000000
45881  -33.810  -25.298  43.747 0.1250000000
124403  -19.239  -30.531  50.559 0.1250000000
108781  -21.467  -30.572  50.716 0.2500000000
45882  -34.419  -25.085  43.543 0.1250000000
45897  -34.836  -25.658  42.819 0.1250000000
45911  -34.160  -26.364  42.151 0.1250000000
44813  -34.852  -26.563  41.762 0.1250000000
130568  -18.782  -30.537  51.027 0.1250000000
124884  -18.566  -30.447  50.477 0.2500000000
45912  -34.798  -26.308  42.188 0.1250000000
45914  -35.439  -25.964  42.336 0.1250000000
46928  -35.424  -25.205  42.725 0.1250000000
44814  -34.971  -26.576  41.747 0.1250000000
46939  -36.077  -25.235  42.258 0.2500000000
46929  -35.679  -24.875  42.695 0.2500000000
51703  -32.852  -22.246  38.041 0.1250000000
51714  -32.556  -22.343  37.344 0.1250000000
113512  -32.224  -21.446  37.656 0.1250000000
51713  -31.919  -21.479  36.899 0.1250000000
52714  -32.001  -20.513  37.175 0.1250000000
110371  -31.844  -19.597  35.053 0.1250000000
109316  -32.575  -18.843  35.174 0.1250000000
127487  -33.276  -18.345  35.198 0.1250000000
64567  -42.299  -6.234  24.633 0.1250000000
65437  -42.880  -5.651  24.399 0.1250000000
64558  -42.650  -6.924  25.204 0.1250000000
64568  -43.007  -6.437  24.965 0.1250000000
66280  -43.997  -4.750  24.021 0.1250000000
66289  -43.751  -4.255  23.198 0.1250000000
110745  -45.473  -5.777  25.924 0.1250000000
69001  -47.913  -1.861  22.637 0.1250000000
67217  -46.281  -3.266  23.565 0.1250000000
69051  -50.432  -2.306  13.645 0.1250000000
68166  -50.631  -2.611  12.920 0.1250000000
68172  -51.762  -3.007  11.692 0.1250000000
69894  -50.236  -1.813  15.326 0.1250000000
111017  -50.903  -1.392  14.801 0.1250000000
69044  -50.594  -1.858  14.099 0.1250000000
110267  -51.102  -1.783  13.330 0.1250000000
69059  -51.376  -2.326  12.445 0.1250000000
69060  -52.108  -2.031  11.950 0.1250000000
69891  -50.834  -1.129  15.757 0.1250000000
69903  -51.359  -1.244  14.030 0.1250000000
69895  -51.811  -0.735  14.592 0.1250000000
69052  -51.864  -1.428  12.719 0.1250000000
69916  -52.486  -0.749  12.970 0.1250000000
69925  -52.672  -1.116  12.316 0.1250000000
69061  -52.921  -1.815  11.595 0.1250000000
69926  -53.490  -0.782  11.942 0.1250000000
69917  -53.432  -0.303  12.863 0.1250000000
123990  -16.888  -30.634  51.865 0.1250000000
109046  -18.102  -30.510  51.178 0.2500000000
130824  -19.705  -30.473  50.148 0.2500000000
67211  -46.033  -4.446  25.009 0.1250000000
69915  -51.886  -0.973  13.420 0.1250000000
41747  -19.444  -30.498  51.190 0.1250000000
123825  -20.010  -30.458  50.665 0.1250000000
45896  -34.249  -25.880  42.855 0.1250000000
46938  -35.748  -25.631  42.333 0.1250000000
51725  -31.607  -21.567  36.087 0.1250000000
68170  -50.358  -3.504  12.621 0.1250000000
68171  -51.072  -3.261  12.170 0.1250000000
69067  -52.507  -2.798  11.350 0.1250000000
30318  -2.995  -44.999  39.783 0.1250000000
31217  -3.715  -43.285  37.556 0.1250000000
32917  -3.906  -42.006  37.677 0.1250000000
110799  -4.274  -41.328  37.512 0.1250000000
32958  -4.908  -40.893  36.563 0.1250000000
33796  -5.529  -40.268  35.827 0.1250000000
34730  -5.610  -39.440  35.722 0.1250000000
34731  -6.007  -39.491  35.357 0.1250000000
35652  -6.272  -38.843  35.384 0.1250000000
34732  -6.695  -39.644  34.972 0.1250000000
33799  -7.241  -40.524  34.592 0.1250000000
121846  -6.591  -38.191  35.601 0.1250000000
35653  -7.207  -38.953  35.093 0.1250000000
33764  -4.330  -40.674  37.727 0.1250000000
120826  -4.630  -39.652  36.824 0.1250000000
120030  -4.576  -39.112  37.676 0.1250000000
33795  -5.039  -40.240  36.250 0.1250000000
113722  -4.890  -38.861  36.607 0.1250000000
34729  -5.268  -39.512  36.076 0.1250000000
35640  -5.223  -38.273  36.442 0.1250000000
36461  -5.675  -38.015  36.108 0.1250000000
36462  -5.963  -38.125  35.825 0.1250000000
113683  -8.174  -39.401  34.535 0.1250000000
36446  -6.799  -37.511  35.829 0.1250000000
121563  -8.034  -38.709  35.152 0.1250000000
118817  -6.937  -36.872  36.069 0.1250000000
36447  -7.779  -37.433  36.018 0.1250000000
35650  -5.467  -38.673  36.102 0.1250000000
55793  -34.626  -17.088  31.911 0.1250000000
55807  -34.673  -17.420  31.054 0.1250000000
55780  -35.532  -16.798  32.289 0.1250000000
55795  -36.405  -17.163  31.463 0.1250000000
55794  -35.463  -17.226  31.313 0.1250000000
55809  -36.213  -17.659  30.675 0.1250000000
55808  -35.427  -17.622  30.624 0.1250000000
54850  -36.893  -18.101  30.014 0.1250000000
55810  -37.170  -17.692  30.806 0.1250000000
54863  -37.498  -18.223  29.332 0.1250000000
54878  -38.392  -17.666  28.902 0.1250000000
54877  -37.846  -18.076  28.792 0.1250000000
54851  -37.813  -17.979  30.076 0.1250000000
54864  -38.222  -17.934  29.377 0.1250000000
54852  -38.684  -17.725  30.076 0.1250000000
54865  -38.875  -17.519  29.438 0.1250000000
113940  -38.851  -17.195  29.040 0.1250000000
116992  -38.852  -15.678  28.715 0.1250000000
55822  -39.675  -16.523  29.898 0.1250000000
56736  -39.443  -16.008  29.519 0.1250000000
56735  -38.965  -16.223  29.027 0.1250000000
57576  -39.246  -15.551  29.072 0.1250000000
58444  -39.450  -14.304  28.513 0.1250000000
58443  -38.867  -14.890  28.250 0.1250000000
58462  -39.202  -14.051  28.026 0.1250000000
126827  -40.025  -12.844  27.978 0.1250000000
55821  -39.898  -16.855  30.307 0.1250000000
56730  -40.033  -16.010  30.159 0.1250000000
68071  -50.428  -3.258  29.056 0.1250000000
68961  -50.603  -2.717  28.384 0.1250000000
118366  -51.152  -2.582  29.240 0.1250000000
112176  -49.622  -3.925  28.839 0.1250000000
128823  -51.262  -2.199  28.626 0.1250000000
115178  -50.302  -3.773  29.697 0.1250000000
68962  -51.649  -1.712  28.236 0.1250000000
69013  -47.413  -2.025  21.088 0.1250000000
69824  -52.677  -0.603  28.070 0.1250000000
69014  -48.013  -1.620  20.868 0.1250000000
68124  -47.645  -2.455  19.266 0.1250000000
69015  -48.324  -1.637  20.123 0.1250000000
69017  -48.065  -2.108  19.378 0.1250000000
69878  -48.823  -1.156  20.519 0.1250000000
113799  -47.918  -2.627  18.462 0.1250000000
69020  -48.333  -2.192  18.787 0.1250000000
69021  -48.721  -1.904  18.612 0.1250000000
69023  -48.506  -2.451  17.836 0.1250000000
73213  -53.000  2.834  18.448 0.1250000000
127410  -52.398  2.588  17.752 0.1250000000
73190  -53.979  3.520  21.415 0.1250000000
73180  -53.894  2.973  21.015 0.1250000000
54661  -33.857  -18.719  49.594 0.1250000000
32891  -3.686  -42.013  38.219 0.1250000000
32892  -3.983  -41.420  38.530 0.1250000000
33754  -4.271  -40.822  38.205 0.1250000000
108397  -4.420  -40.036  37.941 0.1250000000
35630  -4.889  -37.882  36.897 0.1250000000
36444  -5.579  -37.394  36.358 0.1250000000
37286  -7.528  -36.510  36.379 0.1250000000
34709  -4.636  -38.894  37.079 0.1250000000
57577  -39.463  -14.910  28.928 0.1250000000
72348  -53.593  2.620  20.312 0.1250000000
111862  -53.818  3.548  20.618 0.1250000000
32033  -3.970  -42.636  37.390 0.1250000000
32935  -4.572  -41.265  36.978 0.1250000000
33771  -4.477  -40.507  37.169 0.1250000000
119947  -4.663  -42.079  37.020 0.1250000000
34721  -4.919  -39.582  36.408 0.1250000000
127108  -5.572  -41.713  36.298 0.1250000000
116711  -5.861  -40.010  35.447 0.1250000000
35651  -5.762  -38.746  35.727 0.1250000000
34733  -7.419  -39.748  34.576 0.1250000000
36463  -7.463  -38.165  35.551 0.1250000000
36464  -8.442  -38.194  35.500 0.1250000000
112981  -39.376  -17.041  29.588 0.1250000000
55830  -39.173  -16.670  29.281 0.1250000000
28467  -3.095  -46.857  42.135 0.1250000000
28506  -3.609  -45.696  39.063 0.1250000000
28508  -4.284  -46.018  38.743 0.1250000000
29413  -3.709  -45.479  38.378 0.1250000000
30331  -2.980  -44.672  39.061 0.2500000000
31176  -4.102  -44.102  40.899 0.1250000000
31193  -3.079  -43.497  38.864 0.3750000000
31194  -2.978  -44.111  39.551 0.2500000000
31256  -4.837  -42.562  36.773 0.1250000000
32022  -3.591  -42.682  37.835 0.1250000000
32882  -5.301  -41.037  39.281 0.3750000000
32905  -4.023  -41.380  37.994 0.1250000000
32959  -5.314  -41.002  36.266 0.1250000000
33782  -4.712  -40.336  36.668 0.1250000000
34659  -6.316  -38.761  39.846 0.3750000000
34683  -4.702  -39.359  38.143 0.3750000000
34697  -4.491  -39.815  37.375 0.1250000000
35433  -6.008  -37.686  51.648 0.8750000000
35438  -5.354  -38.059  51.087 0.7500000000
35641  -5.489  -37.928  36.330 0.1250000000
35649  -5.160  -38.967  36.307 0.1250000000
36257  -5.164  -36.951  52.007 0.8750000000
36416  -4.806  -37.104  38.078 0.3750000000
37091  -7.611  -36.747  51.895 0.8750000000
37192  -5.797  -36.513  42.116 0.5000000000
38224  -6.004  -36.063  36.499 0.3750000000
38839  -4.717  -34.446  54.369 1.0000000000
39733  -7.764  -33.095  55.175 0.7500000000
40643  -24.797  -30.730  52.806 0.2500000000
40651  -22.809  -30.546  52.208 0.2500000000
40655  -26.517  -31.419  52.062 0.3750000000
40670  -27.300  -30.914  50.932 0.6250000000
40674  -20.378  -30.504  50.128 0.1250000000
40780  -24.897  -30.622  45.178 0.2500000000
40865  -4.972  -33.110  39.112 0.6250000000
41722  -26.069  -31.202  53.092 0.2500000000
41724  -28.448  -30.431  52.402 0.2500000000
41737  -28.557  -30.365  52.007 0.3750000000
41970  -8.821  -31.641  38.466 0.5000000000
42800  -15.819  -30.043  56.378 0.3750000000
43782  -28.098  -29.444  53.955 0.1250000000
43795  -30.607  -27.986  51.104 0.8750000000
44741  -3.078  -28.211  53.013 0.7500000000
44747  -30.201  -28.572  52.178 0.6250000000
44793  -5.513  -28.942  44.568 0.7500000000
45738  -18.822  -26.989  55.809 0.2500000000
45807  -31.432  -26.609  50.824 0.6250000000
45822  -22.614  -27.357  49.911 0.2500000000
45913  -35.066  -26.231  42.225 0.1250000000
46751  -3.623  -25.855  55.293 0.5000000000
46853  -31.371  -25.671  47.015 0.1250000000
47757  -33.651  -24.200  48.631 0.5000000000
47775  -35.250  -23.387  46.160 0.5000000000
47809  -35.286  -23.958  43.784 0.5000000000
47818  -22.002  -25.898  43.263 0.1250000000
47840  -21.941  -25.239  41.885 0.1250000000
47842  -36.573  -24.791  41.397 0.1250000000
47858  -5.246  -24.617  38.133 0.2500000000
47868  -5.437  -24.499  37.743 0.2500000000
47883  -8.307  -24.655  37.149 0.1250000000
48608  -29.141  -24.651  51.419 0.3750000000
48609  -29.299  -24.247  51.538 0.3750000000
48695  -35.798  -23.523  43.808 0.6250000000
48716  -3.715  -23.678  40.696 0.6250000000
48725  -20.775  -24.615  41.324 0.1250000000
48757  -7.119  -24.371  39.560 0.3750000000
48769  -4.268  -24.399  38.514 0.5000000000
49505  -3.207  -23.608  54.866 0.5000000000
49506  -3.262  -23.853  55.176 0.3750000000
49552  -21.086  -23.266  51.047 0.2500000000
49588  -36.420  -22.464  46.300 0.6250000000
49590  -7.637  -23.475  46.618 0.8750000000
49654  -3.235  -23.179  40.893 0.6250000000
49669  -3.219  -23.371  40.294 0.5000000000
49670  -3.533  -23.816  39.735 0.5000000000
49694  -4.479  -23.815  37.584 0.2500000000
49717  -4.865  -22.566  36.322 0.2500000000
50513  -29.701  -22.643  51.587 0.3750000000
50516  -3.564  -22.268  51.550 0.7500000000
50605  -4.248  -22.381  41.981 0.6250000000
50614  -3.269  -22.561  41.238 0.7500000000
51520  -12.204  -20.881  58.686 0.1250000000
51526  -12.485  -21.161  58.592 0.1250000000
51528  -14.063  -20.905  58.314 0.1250000000
51565  -30.216  -21.402  51.453 0.2500000000
51614  -27.756  -21.981  44.642 0.1250000000
51647  -35.755  -22.664  42.024 0.3750000000
51721  -3.936  -21.255  35.713 0.1250000000
52569  -29.174  -20.964  49.715 0.1250000000
52690  -3.830  -21.156  36.832 0.2500000000
53669  -10.957  -19.410  47.944 0.2500000000
53708  -4.533  -19.924  44.380 0.5000000000
53726  -5.747  -19.421  43.516 0.2500000000
55784  -39.684  -16.869  32.289 0.5000000000
57446  -41.221  -14.591  41.420 0.3750000000
59307  -40.087  -13.499  28.799 0.2500000000
61913  -42.990  -8.776  27.637 0.6250000000
61928  -40.858  -9.586  26.803 0.2500000000
62760  -44.074  -8.208  28.037 0.6250000000
62777  -43.366  -8.489  27.121 0.7500000000
62778  -44.195  -8.098  27.194 0.6250000000
62789  -43.712  -8.103  26.655 0.6250000000
62800  -40.835  -8.252  25.775 0.1250000000
63633  -43.820  -8.012  28.804 0.6250000000
63658  -45.169  -7.601  27.519 0.6250000000
64537  -45.095  -7.311  26.667 0.3750000000
64559  -43.364  -6.901  25.444 0.2500000000
65381  -44.074  -5.582  31.685 0.3750000000
65413  -47.157  -6.093  28.034 0.2500000000
66279  -43.263  -4.850  23.760 0.1250000000
68108  -46.796  -2.433  21.488 0.2500000000
68987  -48.937  -2.642  25.653 0.3750000000
69018  -48.506  -1.794  19.376 0.1250000000
69823  -52.251  -1.151  28.629 0.1250000000
70653  -50.580  -0.528  23.640 0.6250000000
71447  -53.740  1.287  24.385 0.5000000000
72337  -54.243  2.582  22.417 0.3750000000
74162  -54.193  3.841  23.639 0.1250000000
75197  -53.859  4.642  22.122 0.1250000000
108076  -31.685  -25.742  49.951 0.5000000000
108228  -24.039  -26.387  45.823 0.1250000000
108560  -24.222  -31.125  46.452 0.7500000000
110037  -3.903  -21.320  42.044 0.7500000000
110673  -28.371  -29.388  49.145 0.6250000000
110814  -27.533  -31.166  52.309 0.3750000000
111930  -5.469  -33.679  54.580 1.0000000000
112116  -19.813  -27.896  55.168 0.2500000000
112117  -36.042  -23.281  43.358 0.6250000000
112166  -36.145  -22.824  43.161 0.5000000000
112608  -4.497  -36.038  53.144 1.0000000000
112667  -39.208  -15.099  28.732 0.1250000000
112834  -3.282  -29.204  47.104 1.0000000000
112838  -26.368  -30.895  50.738 0.5000000000
112845  -3.526  -22.811  39.276 0.5000000000
113408  -22.802  -26.097  53.976 0.2500000000
115669  -4.327  -40.927  38.560 0.1250000000
115713  -9.225  -23.886  44.380 0.7500000000
116338  -21.766  -26.962  45.658 0.1250000000
116354  -3.624  -22.403  41.642 0.8750000000
116413  -23.344  -30.555  52.097 0.2500000000
116907  -28.145  -30.133  50.208 0.7500000000
119560  -26.347  -30.575  49.428 0.7500000000
119905  -20.147  -25.623  43.860 0.1250000000
121276  -6.484  -26.127  47.571 0.7500000000
121604  -51.387  1.557  19.546 0.3750000000
122926  -29.391  -29.379  52.129 0.3750000000
123605  -54.162  4.305  23.127 0.1250000000
123629  -5.772  -24.398  37.472 0.1250000000
124118  -25.178  -30.874  51.889 0.3750000000
124619  -20.200  -24.278  41.493 0.1250000000
125167  -18.177  -27.736  56.870 0.2500000000
125983  -4.877  -38.078  38.194 0.3750000000
127022  -4.062  -43.089  37.222 0.1250000000
127200  -9.637  -19.443  43.916 0.1250000000
127728  -9.080  -19.322  52.452 0.1250000000
127914  -5.092  -33.812  54.621 1.0000000000
128123  -8.518  -19.731  56.533 0.1250000000
128968  -35.961  -23.477  45.821 0.5000000000
129163  -43.928  -14.605  35.240 0.6250000000
129188  -7.579  -19.485  51.922 0.3750000000
129296  -25.478  -30.969  53.289 0.2500000000
129506  -35.541  -23.336  46.375 0.6250000000
129643  -36.038  -23.312  44.626 0.6250000000
129987  -43.864  -8.217  26.960 0.6250000000
