#!ascii label  , from subject sub-v1s13x0050005_ses-1 vox2ras=TkReg
3160
86043  -49.886  18.967  18.201 0.6000000238
85467  -50.368  17.691  16.229 0.6000000238
84847  -49.074  17.683  15.188 0.5000000000
84861  -48.585  17.197  14.527 0.5000000000
84177  -46.543  16.891  14.128 0.4000000060
84190  -45.072  16.668  13.787 0.4000000060
84176  -45.486  17.004  14.240 0.4000000060
84189  -43.219  16.641  13.388 0.4000000060
84188  -42.279  16.827  13.248 0.2000000030
84198  -41.115  16.652  12.347 0.2000000030
84882  -40.515  17.198  12.618 0.2000000030
85451  -50.300  18.269  17.781 0.6000000238
85457  -50.569  18.033  17.023 0.6000000238
119415  -50.198  18.681  16.526 0.6999999881
85466  -49.620  18.159  15.796 0.6000000238
110369  -49.015  20.185  19.071 0.6000000238
86671  -49.394  19.600  18.709 0.6000000238
86050  -50.235  19.360  16.942 0.6999999881
86682  -49.278  20.442  18.637 0.6000000238
121344  -50.359  18.857  17.407 0.6999999881
85465  -48.437  18.398  15.496 0.6000000238
84846  -47.736  17.843  15.144 0.6000000238
84859  -46.020  17.476  14.662 0.4000000060
84860  -47.148  17.344  14.639 0.4000000060
85477  -46.589  17.991  15.099 0.4000000060
84858  -45.057  17.648  14.622 0.4000000060
84200  -42.709  16.215  12.673 0.3000000119
84873  -43.694  17.203  14.059 0.3000000119
84187  -41.413  17.024  13.021 0.2000000030
84199  -41.833  16.418  12.540 0.2000000030
117555  -49.817  19.681  17.774 0.6999999881
85476  -45.617  18.246  14.959 0.4000000060
84874  -44.589  17.095  14.199 0.4000000060
84871  -41.889  17.570  13.634 0.3000000119
84872  -42.780  17.385  13.880 0.4000000060
84870  -41.000  17.731  13.348 0.2000000030
110613  -49.898  19.560  16.355 0.6999999881
122024  -49.467  20.147  15.735 0.6999999881
86059  -49.257  19.078  15.908 0.6999999881
85464  -47.226  18.735  15.343 0.5000000000
109811  -46.222  18.756  15.135 0.5000000000
86697  -48.601  19.866  15.438 0.6000000238
84857  -44.167  17.825  14.485 0.4000000060
85475  -44.717  18.551  14.685 0.4000000060
86057  -47.498  19.712  15.263 0.6000000238
123790  -46.965  20.249  14.855 0.6999999881
86069  -45.482  19.372  14.808 0.5000000000
84856  -43.315  17.987  14.348 0.4000000060
85474  -43.846  18.674  14.466 0.4000000060
126120  -43.153  18.717  14.325 0.5000000000
85486  -42.464  18.317  14.141 0.3000000119
85473  -42.707  19.231  14.154 0.4000000060
84881  -39.675  17.584  12.459 0.2000000030
111742  -42.014  19.017  14.045 0.4000000060
85485  -41.536  18.388  13.818 0.4000000060
85498  -40.136  17.935  13.091 0.2000000030
85484  -40.672  18.541  13.541 0.4000000060
88141  -44.072  21.802  6.659 0.8000000119
87347  -49.516  20.598  17.606 0.6000000238
86690  -49.942  19.998  16.782 0.8000000119
87353  -49.665  20.807  16.420 0.6999999881
86698  -49.690  20.413  15.949 0.8000000119
86706  -49.192  20.656  14.911 0.8000000119
87371  -49.539  21.416  14.108 0.8999999762
87372  -49.916  21.757  13.877 0.8999999762
86068  -44.364  19.615  14.447 0.5000000000
116404  -45.169  20.395  14.334 0.5000000000
86704  -46.130  20.318  14.611 0.5000000000
87370  -48.407  21.055  14.313 0.8999999762
87386  -50.012  21.837  13.034 0.8999999762
87384  -47.625  21.326  13.817 0.8000000119
87385  -48.846  21.489  13.401 0.8999999762
86718  -44.321  20.599  14.054 0.6000000238
87368  -45.899  20.987  14.056 0.5000000000
87383  -46.623  21.340  13.617 0.8000000119
86066  -43.055  20.032  13.948 0.6000000238
86703  -43.746  20.098  14.139 0.6000000238
124276  -44.975  21.418  13.114 0.6999999881
126586  -48.368  21.622  12.607 0.8999999762
87420  -49.988  21.554  11.284 0.8999999762
87421  -50.634  21.771  10.742 0.8999999762
86717  -43.564  20.732  13.774 0.6000000238
87381  -44.220  21.267  13.370 0.6999999881
87382  -45.694  21.373  13.335 0.8000000119
115096  -47.352  21.669  12.254 0.8000000119
120445  -48.891  21.432  10.805 0.8999999762
87418  -47.478  21.592  11.306 0.8000000119
87430  -50.314  21.262  10.063 0.8999999762
87417  -46.199  21.696  11.803 0.8000000119
87429  -48.939  21.050  9.824 0.8999999762
129036  -47.788  21.371  10.478 0.8000000119
86079  -40.396  19.436  13.547 0.4000000060
86715  -41.088  20.252  13.500 0.6000000238
87378  -41.354  21.138  13.177 0.6999999881
87377  -40.522  21.016  13.171 0.3000000119
87397  -40.878  21.656  12.783 0.4000000060
88068  -41.144  22.213  12.286 0.6999999881
88083  -42.261  22.538  11.460 0.6999999881
88082  -41.416  22.629  11.611 0.6999999881
116428  -42.552  22.675  10.713 0.6999999881
88097  -42.619  22.786  9.901 0.8000000119
88119  -43.545  22.400  8.745 0.8000000119
88120  -44.363  21.918  8.474 0.8000000119
88132  -44.196  21.866  7.510 0.8000000119
125169  -43.661  22.271  7.996 0.8000000119
87451  -44.903  21.448  6.858 0.8000000119
87461  -44.572  21.479  5.746 0.8000000119
88140  -43.562  22.036  5.855 0.8000000119
88040  -49.268  21.769  16.038 0.6999999881
87361  -49.705  21.197  15.323 0.8999999762
88048  -49.600  22.053  14.889 0.8000000119
86707  -49.652  21.143  14.914 0.8999999762
88054  -49.959  22.220  13.982 0.8999999762
88690  -49.439  23.046  14.435 0.8999999762
88700  -49.869  23.032  13.487 0.8999999762
88699  -49.136  23.983  13.940 0.8999999762
88059  -50.156  22.274  13.146 0.8999999762
88707  -50.200  22.968  12.639 0.8999999762
88071  -50.450  22.272  12.273 0.8999999762
88714  -50.449  22.835  11.827 0.8999999762
87406  -50.389  21.911  11.839 0.8999999762
88086  -50.688  22.182  11.335 0.8999999762
88099  -50.858  21.969  10.453 0.8999999762
86080  -41.288  19.261  13.795 0.5000000000
87380  -43.368  21.339  13.264 0.6999999881
87401  -44.557  21.667  12.475 0.8000000119
109360  -45.208  21.739  11.901 0.8000000119
87431  -50.756  21.585  9.907 0.8999999762
87438  -50.087  20.729  8.972 0.8999999762
86081  -42.109  19.894  13.792 0.6000000238
87428  -46.501  21.541  10.626 0.8000000119
86740  -50.498  20.839  8.233 0.8000000119
88069  -41.946  22.266  12.178 0.6999999881
88098  -43.317  22.453  10.434 0.8000000119
88108  -43.439  22.464  9.573 0.8000000119
87460  -43.846  21.780  4.998 0.8000000119
121958  -48.733  24.842  14.455 0.8000000119
89866  -48.410  25.316  14.612 0.8000000119
88706  -49.542  23.818  13.072 0.8999999762
89307  -48.887  24.718  13.653 0.8999999762
88723  -50.084  23.412  11.536 0.8999999762
112797  -50.193  23.059  10.645 0.8999999762
88724  -50.609  22.597  11.005 0.8999999762
88738  -50.712  22.285  10.276 0.8999999762
112780  -42.695  20.819  13.539 0.6000000238
126805  -43.804  21.636  12.777 0.8000000119
88113  -50.824  21.651  9.523 0.8999999762
87400  -43.140  21.826  12.704 0.8000000119
87416  -44.562  21.875  11.550 0.8000000119
111623  -45.379  21.737  11.131 0.8000000119
114209  -47.452  21.177  9.751 0.8000000119
87437  -48.491  20.657  8.830 0.8000000119
88124  -50.797  21.191  8.563 0.8999999762
86716  -41.881  20.681  13.435 0.6000000238
87415  -43.705  22.033  12.013 0.8000000119
124423  -44.680  21.890  10.775 0.8000000119
115284  -46.346  21.351  9.753 0.8000000119
128886  -48.672  20.443  8.062 0.8000000119
87447  -50.293  20.911  7.827 0.8999999762
117754  -42.748  21.484  13.120 0.6999999881
88085  -43.938  22.158  11.028 0.8000000119
87427  -45.347  21.649  10.130 0.8000000119
87446  -47.616  20.493  8.051 0.8000000119
86745  -49.870  20.727  7.513 0.8000000119
87379  -42.119  21.321  13.140 0.6999999881
87435  -45.803  21.347  9.220 0.8000000119
86744  -48.898  20.461  7.401 0.8000000119
87455  -49.667  20.718  7.211 0.8000000119
88158  -44.102  22.217  3.632 0.8000000119
87475  -44.601  21.563  4.427 0.8000000119
130296  -49.213  24.268  12.835 0.8999999762
88713  -49.881  23.658  12.312 0.8999999762
88722  -49.401  23.749  11.276 0.8999999762
129553  -49.474  23.471  10.690 0.8999999762
88736  -48.388  23.762  10.772 1.0000000000
88750  -49.407  23.081  9.970 0.8999999762
89328  -45.979  24.325  10.916 1.0000000000
88111  -50.015  22.227  8.987 0.8999999762
89906  -44.700  25.661  10.745 1.0000000000
114283  -45.828  24.100  10.032 1.0000000000
89329  -46.588  23.614  9.792 1.0000000000
88110  -48.464  22.733  9.057 1.0000000000
89907  -45.167  24.953  10.236 1.0000000000
88070  -42.766  22.216  12.087 0.8000000119
88109  -44.250  22.115  10.076 0.8000000119
89336  -45.971  23.846  9.207 1.0000000000
88749  -46.924  23.128  9.064 1.0000000000
88122  -49.151  21.955  8.153 0.8999999762
113320  -49.561  21.147  7.301 0.8999999762
88084  -43.091  22.375  11.301 0.8000000119
87434  -44.827  21.750  9.300 0.8000000119
87445  -46.314  20.945  8.429 0.8000000119
86751  -48.979  20.736  6.841 0.8000000119
123993  -45.810  21.112  7.941 0.8000000119
86755  -47.624  20.569  6.383 0.8000000119
88134  -48.395  21.266  6.576 0.8000000119
88142  -47.514  22.230  6.171 0.8000000119
121653  -44.087  22.187  9.242 0.8000000119
87444  -45.043  21.494  7.781 0.8000000119
86748  -46.737  20.561  6.678 0.8000000119
86756  -48.161  20.817  6.297 0.8000000119
88783  -47.369  22.564  4.962 0.8000000119
87452  -45.798  20.998  7.171 0.8000000119
86761  -47.424  20.810  5.633 0.8000000119
87470  -47.590  21.181  5.501 0.8000000119
114242  -45.470  21.133  5.097 0.8000000119
87469  -47.247  21.013  4.936 0.8000000119
88161  -47.062  22.033  4.018 0.8000000119
87476  -45.844  21.340  4.248 0.8000000119
88167  -45.550  22.494  3.097 0.8000000119
88159  -45.120  21.853  3.526 0.8000000119
113261  -47.004  25.518  14.049 0.8000000119
89311  -47.687  25.284  13.449 0.8999999762
89312  -48.705  24.841  13.112 0.8999999762
89318  -49.202  24.214  12.196 0.8999999762
89879  -48.435  25.232  13.863 0.8000000119
110730  -47.278  24.579  12.005 0.8999999762
111234  -48.308  24.253  11.706 0.8999999762
89323  -47.152  24.189  11.312 0.8999999762
89316  -46.239  24.628  11.753 1.0000000000
118398  -46.869  23.808  10.515 0.8999999762
90969  -44.054  27.175  11.681 0.8999999762
89898  -45.275  24.967  11.265 1.0000000000
90968  -44.052  28.224  11.842 1.0000000000
90446  -44.310  26.353  11.170 1.0000000000
91481  -43.776  28.642  12.537 0.8999999762
91482  -44.115  29.072  11.929 1.0000000000
90454  -44.542  26.463  10.328 1.0000000000
113004  -45.360  24.771  9.222 1.0000000000
88761  -46.233  23.576  8.541 1.0000000000
88121  -47.757  22.575  8.361 0.8999999762
119547  -44.617  27.887  10.387 1.0000000000
90980  -44.740  27.303  9.967 1.0000000000
89918  -44.798  25.774  9.886 1.0000000000
89346  -45.795  24.297  8.422 1.0000000000
90461  -44.897  26.587  9.503 1.0000000000
89919  -45.143  25.812  8.994 1.0000000000
88762  -46.843  22.968  8.093 1.0000000000
88772  -46.986  23.127  7.057 0.8999999762
88782  -47.338  23.548  5.822 0.8000000119
88803  -47.014  22.713  3.196 0.8000000119
88810  -45.983  23.140  2.827 0.8000000119
88168  -46.395  22.716  2.977 0.8000000119
89958  -46.301  25.327  3.036 0.8000000119
89384  -46.489  23.859  2.677 0.8000000119
89886  -46.406  25.368  13.480 0.8000000119
89317  -48.056  24.747  12.548 0.8999999762
89892  -46.656  25.039  12.614 0.8999999762
89891  -45.539  25.314  12.962 0.8999999762
115279  -45.467  25.104  12.146 0.8999999762
121051  -44.714  25.559  12.483 1.0000000000
118260  -44.162  26.207  12.003 0.8999999762
89897  -44.671  25.580  11.634 1.0000000000
91998  -44.566  29.846  11.565 1.0000000000
93010  -44.610  31.495  13.273 0.8000000119
92485  -44.498  30.662  12.346 0.8000000119
92004  -44.826  29.435  10.834 0.8999999762
90981  -45.316  27.490  9.107 1.0000000000
89930  -45.636  25.242  8.250 1.0000000000
89357  -46.697  24.140  6.985 1.0000000000
92505  -45.336  30.201  10.706 1.0000000000
91496  -45.419  29.001  9.718 1.0000000000
90987  -45.898  27.194  8.310 1.0000000000
89936  -46.333  25.544  7.434 1.0000000000
89365  -47.260  24.477  6.285 1.0000000000
88793  -47.734  23.558  4.302 0.8999999762
118182  -47.844  23.715  3.278 0.8999999762
88804  -47.525  23.520  2.900 0.8000000119
88812  -47.388  24.138  2.596 0.8000000119
93023  -44.998  31.362  12.296 0.8000000119
92496  -45.095  30.849  11.554 0.8000000119
92011  -46.314  29.251  9.132 1.0000000000
90988  -46.731  27.673  7.863 1.0000000000
90481  -48.032  25.966  5.948 1.0000000000
89371  -47.946  24.489  5.009 1.0000000000
89946  -48.421  25.486  4.879 0.8999999762
125553  -48.415  25.046  4.038 0.8999999762
89380  -47.938  24.275  2.811 0.8999999762
89969  -47.794  24.942  2.605 0.8999999762
89968  -46.954  24.738  2.585 0.8999999762
89959  -47.314  25.790  2.910 0.8999999762
92995  -45.322  32.434  14.080 0.8000000119
93554  -46.299  32.581  12.243 0.8999999762
93025  -46.557  32.147  11.220 1.0000000000
92012  -46.907  30.183  9.363 1.0000000000
92497  -45.917  31.196  10.939 0.8999999762
92506  -46.294  30.663  10.162 1.0000000000
92018  -47.403  29.478  8.508 1.0000000000
91516  -47.778  28.106  7.268 0.8999999762
91003  -48.325  26.904  5.954 0.8999999762
91004  -48.546  27.574  5.033 0.8999999762
89953  -48.387  25.727  3.905 0.8999999762
91015  -48.386  27.157  4.258 0.8999999762
90488  -48.299  26.508  3.749 0.8999999762
91014  -48.037  27.215  3.727 0.8999999762
90495  -47.870  26.480  3.311 0.8999999762
90494  -47.122  26.960  3.604 0.8999999762
94090  -46.879  34.155  13.432 0.8999999762
93569  -47.038  33.142  11.655 1.0000000000
93585  -47.359  32.574  10.474 1.0000000000
93051  -47.731  31.678  9.593 1.0000000000
93540  -46.516  33.555  13.830 0.8999999762
93555  -46.778  33.360  12.836 0.8999999762
93039  -46.863  31.556  10.370 1.0000000000
92519  -47.916  30.296  8.673 1.0000000000
92514  -48.313  31.087  8.795 1.0000000000
91517  -48.571  28.599  6.466 1.0000000000
91526  -48.652  29.131  5.519 1.0000000000
91525  -48.626  28.398  5.455 0.8999999762
91532  -48.439  28.656  4.851 1.0000000000
91008  -48.302  27.919  4.349 0.8999999762
91530  -46.711  28.525  4.850 0.8999999762
91007  -47.400  27.855  4.160 0.8999999762
129665  -46.601  27.508  4.212 0.8999999762
121509  -47.036  34.444  12.386 0.8999999762
94106  -47.450  33.852  10.692 1.0000000000
93586  -47.679  33.256  10.122 1.0000000000
93606  -48.124  33.185  9.220 1.0000000000
94096  -47.076  33.781  12.376 0.8999999762
93570  -47.380  33.370  10.893 1.0000000000
93040  -47.978  32.577  9.529 1.0000000000
92520  -48.757  30.491  8.058 1.0000000000
93052  -48.538  31.990  8.780 1.0000000000
92033  -48.967  29.794  6.165 1.0000000000
92039  -48.689  29.766  5.691 1.0000000000
112361  -46.700  30.231  6.008 0.8000000119
92036  -47.175  29.025  4.953 1.0000000000
92030  -46.994  29.565  5.426 0.8999999762
94147  -47.963  33.770  9.080 1.0000000000
93607  -48.691  32.711  8.347 1.0000000000
125070  -49.410  31.250  7.209 1.0000000000
93059  -49.166  31.938  7.789 1.0000000000
92534  -49.072  30.671  5.970 1.0000000000
93064  -49.460  31.851  6.783 1.0000000000
92031  -47.980  30.026  5.464 1.0000000000
92532  -47.486  30.792  6.040 0.8999999762
93069  -49.005  31.583  5.685 1.0000000000
93647  -49.000  32.466  5.686 1.0000000000
93068  -48.127  31.546  5.845 1.0000000000
86058  -48.149  19.141  15.538 0.5000000000
86070  -46.528  19.560  15.041 0.6000000238
86705  -47.914  20.465  14.928 0.6999999881
87369  -47.016  20.913  14.377 0.6000000238
86067  -43.471  19.405  14.272 0.6000000238
86719  -45.022  21.068  13.749 0.6000000238
87404  -47.486  21.553  13.122 0.8999999762
87405  -49.584  21.663  12.390 0.8999999762
87402  -45.475  21.598  12.570 0.8000000119
87403  -46.413  21.579  12.792 0.8000000119
87399  -42.397  21.870  12.691 0.8000000119
122066  -49.764  21.647  14.481 0.8999999762
88123  -50.396  21.417  8.234 0.8999999762
87436  -46.931  20.899  9.034 0.8000000119
87453  -46.622  20.625  7.568 0.8000000119
121995  -45.332  21.456  8.548 0.8000000119
119475  -47.696  23.374  9.866 1.0000000000
88133  -47.908  22.028  7.398 0.8999999762
88143  -47.688  21.522  5.718 0.8000000119
87468  -46.597  20.843  5.070 0.8000000119
88794  -47.386  22.880  3.788 0.8000000119
88160  -46.311  21.969  3.512 0.8000000119
90975  -44.372  27.191  10.757 1.0000000000
88771  -46.259  23.769  7.781 1.0000000000
91502  -45.047  28.162  9.756 1.0000000000
90462  -45.350  26.686  8.779 1.0000000000
91503  -45.774  28.416  9.072 1.0000000000
90468  -45.887  26.289  8.033 1.0000000000
89356  -46.122  24.671  7.629 1.0000000000
89937  -46.756  24.958  6.905 1.0000000000
112489  -45.846  29.813  9.864 1.0000000000
90994  -46.537  26.977  7.644 1.0000000000
114420  -46.041  27.899  8.507 1.0000000000
90475  -47.078  26.363  7.002 1.0000000000
125059  -47.105  25.605  6.722 1.0000000000
93011  -45.452  32.074  12.792 0.8000000119
91509  -46.845  28.537  8.295 1.0000000000
90995  -47.562  27.263  7.050 1.0000000000
90482  -48.533  26.497  4.736 0.8999999762
92507  -47.103  30.982  9.788 1.0000000000
91510  -48.025  28.939  7.550 1.0000000000
90996  -48.506  27.789  6.154 0.8999999762
92019  -48.415  29.741  7.827 1.0000000000
92026  -48.751  29.364  6.797 1.0000000000
91518  -48.758  29.013  6.015 1.0000000000
92038  -48.481  29.429  5.281 1.0000000000
91531  -47.835  28.575  4.535 0.8999999762
93058  -49.005  31.237  8.078 1.0000000000
92027  -49.094  30.078  7.155 1.0000000000
127937  -49.427  31.229  6.452 1.0000000000
93070  -49.320  31.709  6.038 1.0000000000
92533  -48.596  30.701  5.756 1.0000000000
93632  -49.311  32.424  6.273 1.0000000000
88065  -38.070  22.402  11.964 0.5000000000
88079  -38.596  22.860  11.454 0.5000000000
88067  -39.796  22.209  12.294 0.5000000000
88081  -40.467  22.624  11.797 0.6000000238
122181  -40.482  22.085  12.414 0.6000000238
88076  -35.284  22.245  11.039 0.3000000119
88729  -36.434  22.833  9.864 0.3000000119
88077  -36.293  22.370  11.439 0.4000000060
88094  -36.818  22.802  10.902 0.4000000060
88719  -38.201  23.221  10.561 0.5000000000
88720  -39.111  23.245  10.823 0.6000000238
88732  -39.609  23.414  10.105 0.6000000238
88734  -41.090  23.281  10.163 0.6999999881
88095  -40.874  23.057  11.009 0.6000000238
88091  -34.250  22.496  9.622 0.2000000030
88092  -34.897  22.469  9.904 0.2000000030
88106  -35.499  22.643  9.247 0.2000000030
88743  -36.077  22.726  8.639 0.4000000060
127236  -36.903  23.005  9.343 0.4000000060
113201  -37.709  23.217  9.522 0.5000000000
88731  -38.663  23.393  9.803 0.6000000238
88747  -41.239  23.317  9.241 0.6999999881
88748  -42.078  23.071  9.178 0.6999999881
88096  -41.772  22.930  10.778 0.6000000238
88104  -34.490  22.884  9.158 0.1000000015
88765  -35.010  23.698  7.787 0.3000000119
87346  -49.079  21.259  18.483 0.6000000238
88105  -34.812  22.747  8.848 0.2000000030
88116  -35.079  23.191  8.111 0.3000000119
88754  -35.766  22.900  7.377 0.3000000119
88755  -36.364  22.932  6.577 0.5000000000
87352  -49.136  21.496  17.342 0.6000000238
88745  -38.064  23.240  8.582 0.6000000238
88756  -38.419  23.155  7.428 0.6000000238
88757  -39.544  23.362  8.073 0.6000000238
125921  -40.699  23.217  7.479 0.6999999881
88129  -41.338  22.947  7.032 0.6999999881
88118  -42.865  22.613  8.056 0.6999999881
127243  -45.657  23.057  18.156 0.2000000030
88035  -46.185  22.507  18.115 0.2000000030
88679  -46.453  23.287  18.438 0.3000000119
87344  -45.800  21.678  17.812 0.3000000119
88680  -47.480  22.770  18.643 0.3000000119
88672  -48.243  23.616  19.044 0.3000000119
86669  -47.599  21.176  18.499 0.5000000000
87334  -48.698  21.812  18.644 0.5000000000
118988  -48.587  22.955  18.243 0.5000000000
88039  -48.744  22.679  17.109 0.6000000238
88047  -48.940  22.914  15.606 0.6999999881
89340  -34.705  23.883  8.450 0.2000000030
116281  -48.963  21.144  18.951 0.6000000238
88036  -48.709  22.054  18.216 0.6000000238
89350  -35.219  23.927  6.953 0.3000000119
88766  -35.662  23.656  6.325 0.6000000238
88768  -37.255  22.925  6.065 0.6000000238
88769  -38.462  23.031  5.938 0.6000000238
108451  -39.738  23.202  7.007 0.6000000238
109373  -40.347  23.016  6.402 0.6000000238
88138  -41.544  22.622  5.869 0.6000000238
88139  -42.518  22.413  5.628 0.6000000238
88131  -43.308  22.286  7.015 0.6999999881
89249  -47.403  25.816  21.730 0.1000000015
90377  -47.590  26.505  21.617 0.2000000030
89264  -45.844  24.764  21.415 0.1000000015
89248  -46.378  25.531  21.941 0.1000000015
89265  -46.849  25.100  21.204 0.1000000015
88668  -43.488  23.445  19.132 0.1000000015
117893  -44.118  23.754  19.309 0.1000000015
118361  -44.856  24.264  20.127 0.1000000015
89281  -45.791  24.514  19.946 0.1000000015
89266  -47.966  25.177  21.128 0.2000000030
88026  -42.839  22.986  18.438 0.1000000015
112943  -40.686  19.794  16.596 0.1000000015
116402  -42.681  22.415  17.588 0.1000000015
87350  -41.809  21.287  16.836 0.2000000030
126986  -48.517  24.908  16.084 0.5000000000
89298  -48.483  25.205  15.342 0.6000000238
88689  -48.699  24.171  15.105 0.6999999881
88034  -45.225  22.411  17.805 0.2000000030
89284  -48.382  24.633  19.883 0.3000000119
88681  -48.484  23.862  17.728 0.5000000000
113679  -48.475  24.936  17.109 0.5000000000
126296  -44.736  21.520  17.487 0.2000000030
87345  -46.906  21.859  18.230 0.3000000119
88683  -48.507  23.924  16.411 0.5000000000
88027  -48.337  22.464  18.682 0.4000000060
88028  -48.412  22.553  18.605 0.4000000060
87333  -48.022  21.927  18.702 0.4000000060
89335  -34.845  24.487  8.723 0.2000000030
89923  -35.311  24.621  8.302 0.3000000119
89351  -35.560  24.025  6.236 0.5000000000
89352  -36.177  24.167  5.757 0.6000000238
88777  -36.743  23.924  5.098 0.6000000238
88778  -37.393  23.534  5.015 0.6000000238
88779  -38.568  23.357  4.813 0.6000000238
88780  -40.127  22.971  5.173 0.6000000238
108072  -40.824  22.788  5.902 0.6000000238
88149  -43.119  22.238  4.720 0.6999999881
89831  -47.051  26.666  19.093 0.3000000119
90390  -48.100  26.998  20.317 0.2000000030
89848  -47.534  26.300  18.070 0.4000000060
90382  -47.741  27.066  21.020 0.1000000015
90401  -47.946  26.911  19.269 0.3000000119
88663  -44.899  24.290  21.519 0.1000000015
89247  -45.486  24.866  22.278 0.1000000015
88662  -43.969  23.849  20.221 0.1000000015
88677  -43.894  23.254  18.418 0.1000000015
88670  -45.899  23.949  18.781 0.3000000119
89799  -48.108  25.870  21.412 0.2000000030
87342  -42.231  21.961  17.168 0.2000000030
88678  -44.891  23.225  18.168 0.2000000030
87351  -42.507  21.245  16.922 0.2000000030
109700  -43.417  22.531  17.646 0.2000000030
88033  -44.309  22.507  17.684 0.2000000030
89285  -48.590  24.931  19.336 0.4000000060
89291  -48.504  24.860  18.336 0.4000000060
114026  -43.884  21.835  17.345 0.2000000030
87343  -43.097  21.679  17.162 0.2000000030
89924  -36.001  24.815  8.047 0.4000000060
89342  -35.346  24.193  7.204 0.4000000060
89925  -37.022  24.847  8.042 0.6000000238
89345  -38.147  24.654  6.846 0.6000000238
89354  -38.279  24.441  5.645 0.6000000238
88789  -38.002  23.797  4.578 0.6000000238
89928  -39.977  25.418  8.014 0.6000000238
89932  -39.212  24.780  6.966 0.6000000238
89361  -38.595  24.175  4.797 0.6000000238
88790  -39.227  23.590  4.367 0.6000000238
88791  -40.103  23.203  4.209 0.6000000238
88792  -40.879  22.934  3.921 0.6000000238
88148  -42.261  22.569  4.133 0.6999999881
89933  -40.241  24.936  7.086 0.6000000238
89363  -40.714  24.279  5.001 0.6000000238
89368  -40.955  23.666  4.220 0.6000000238
89369  -41.983  23.699  4.280 0.6000000238
88156  -42.166  22.914  3.558 0.6000000238
88150  -43.683  22.003  4.205 0.6999999881
90467  -42.189  26.882  8.214 0.4000000060
90473  -42.514  26.417  7.475 0.5000000000
89941  -40.486  24.643  6.036 0.6000000238
91508  -43.008  28.714  8.240 0.5000000000
90992  -42.856  27.222  7.685 0.5000000000
93062  -44.492  31.522  7.702 0.6000000238
92526  -44.765  30.549  7.384 0.6000000238
91514  -43.622  28.867  7.583 0.6000000238
90993  -43.507  27.384  7.044 0.5000000000
93643  -45.296  32.767  6.977 0.6000000238
92024  -44.960  29.708  6.877 0.6000000238
91515  -44.381  28.971  6.951 0.6000000238
94182  -46.346  33.595  5.563 0.6999999881
114427  -46.237  32.933  6.306 0.6999999881
93063  -45.572  31.287  7.026 0.6999999881
114797  -47.142  33.180  5.572 0.6999999881
93067  -46.816  31.504  6.455 0.8000000119
93645  -47.324  32.396  6.023 0.8000000119
94702  -47.129  34.691  3.992 0.6999999881
94194  -47.447  33.842  4.750 0.6999999881
94183  -48.057  33.021  5.236 0.8000000119
94206  -47.759  34.445  4.393 0.6999999881
95194  -47.509  35.115  4.190 0.6999999881
128312  -47.470  34.971  3.849 0.6999999881
129969  -47.577  35.019  4.994 0.6999999881
95183  -46.899  35.647  4.666 0.6999999881
95202  -47.180  35.264  3.743 0.6999999881
90381  -47.083  27.034  21.270 0.1000000015
89830  -46.540  26.872  20.259 0.1000000015
89798  -46.666  26.283  21.969 0.1000000015
89239  -45.619  25.475  22.243 0.1000000015
89814  -48.377  26.202  20.642 0.2000000030
118411  -44.266  23.674  21.738 0.1000000015
89832  -48.315  26.511  19.574 0.3000000119
89267  -48.395  25.248  20.754 0.3000000119
89282  -46.970  24.577  20.014 0.3000000119
89833  -48.441  25.720  18.891 0.4000000060
89849  -48.065  26.250  18.304 0.3000000119
88671  -47.395  23.899  19.070 0.3000000119
124980  -48.307  25.665  17.730 0.4000000060
89294  -48.220  25.578  16.539 0.5000000000
89859  -48.191  25.556  15.536 0.8000000119
89865  -47.811  25.689  15.164 0.8000000119
89878  -47.796  25.542  14.340 0.6999999881
89942  -41.476  24.792  6.154 0.6000000238
89364  -41.709  24.349  5.149 0.6000000238
89376  -42.353  23.145  3.504 0.6000000238
89377  -43.395  23.296  3.481 0.6000000238
88802  -43.850  22.865  3.255 0.6999999881
90478  -42.873  25.996  6.719 0.5000000000
89943  -42.403  25.081  6.116 0.5000000000
89950  -42.705  24.562  5.176 0.6000000238
89370  -43.038  23.941  4.191 0.6999999881
123803  -44.280  24.384  3.961 0.6999999881
89383  -45.574  23.530  3.012 0.6999999881
90474  -43.116  26.720  7.112 0.5000000000
89944  -43.281  25.503  5.903 0.6000000238
90485  -44.106  25.909  5.432 0.6000000238
89952  -44.440  25.367  4.663 0.6999999881
89957  -45.296  25.308  3.895 0.6999999881
91522  -43.901  28.204  6.958 0.5000000000
93630  -44.476  32.504  7.496 0.4000000060
94181  -45.384  33.453  6.369 0.6000000238
92025  -45.649  30.382  6.684 0.6000000238
94686  -45.530  33.988  5.660 0.6000000238
94701  -46.325  34.233  4.762 0.6000000238
95201  -46.896  35.389  3.494 0.6000000238
94195  -48.223  33.576  5.081 0.6999999881
130123  -47.024  35.616  3.718 0.6999999881
89238  -45.109  24.841  22.550 0.1000000015
89797  -45.598  26.132  21.953 0.1000000015
89813  -46.113  26.671  21.313 0.1000000015
89847  -46.168  25.957  17.724 0.4000000060
88648  -44.671  24.129  22.185 0.1000000015
88633  -44.579  24.450  22.671 0.1000000015
112692  -45.170  25.625  22.343 0.1000000015
89796  -44.583  25.822  21.740 0.1000000015
130708  -48.091  25.909  17.420 0.5000000000
89885  -45.484  25.470  13.716 0.8000000119
90437  -43.881  26.724  12.429 0.8000000119
91000  -44.217  27.525  6.299 0.5000000000
90480  -44.565  26.871  5.478 0.8000000119
90486  -44.949  26.187  4.611 0.8000000119
91523  -44.683  28.319  6.268 0.5000000000
91001  -45.065  27.732  5.476 0.6000000238
91002  -46.146  27.891  4.789 0.8000000119
93629  -43.582  33.123  7.691 0.4000000060
92029  -45.261  29.001  6.280 0.6000000238
119559  -46.215  29.045  5.532 0.6999999881
94180  -44.603  34.058  6.316 0.6000000238
94699  -44.123  34.597  5.886 0.4000000060
118757  -45.898  29.653  6.150 0.6000000238
94700  -45.100  34.530  5.102 0.6000000238
95200  -46.000  35.476  3.301 0.5000000000
94716  -46.168  34.843  3.927 0.6000000238
93646  -48.562  32.372  5.558 0.8000000119
95211  -46.497  35.911  3.034 0.6000000238
95212  -46.814  35.996  3.243 0.6999999881
89812  -45.055  26.275  21.123 0.1000000015
113376  -45.769  26.089  18.897 0.3000000119
123694  -44.253  23.653  22.513 0.1000000015
88632  -44.208  23.743  22.843 0.1000000015
88621  -44.353  24.350  22.774 0.1000000015
89789  -43.817  25.287  21.943 0.1000000015
88009  -43.812  23.120  22.245 0.1000000015
89229  -43.939  24.079  23.044 0.1000000015
89857  -47.104  25.920  16.703 0.5000000000
108607  -47.893  25.967  17.190 0.4000000060
89858  -47.873  25.822  16.127 0.8000000119
92444  -42.579  30.624  16.039 0.5000000000
124973  -43.044  30.557  15.182 0.6999999881
120272  -43.115  28.069  14.013 0.6000000238
90429  -43.725  26.684  13.136 0.8999999762
92445  -43.103  31.552  16.142 0.6000000238
121946  -43.445  28.267  13.252 0.6999999881
90961  -43.709  27.567  12.615 0.6999999881
92454  -43.525  31.297  15.150 0.6000000238
91982  -43.578  29.970  13.594 0.6999999881
92973  -43.335  32.508  16.430 0.5000000000
92470  -43.897  31.135  14.124 0.6000000238
91991  -44.009  29.695  12.579 0.8000000119
92974  -44.169  32.895  16.391 0.6000000238
92993  -43.984  31.855  15.149 0.5000000000
92994  -44.559  32.058  14.676 0.6999999881
94060  -44.490  33.408  16.196 0.5000000000
92982  -44.478  32.560  15.854 0.6000000238
93529  -45.243  32.818  15.479 0.6999999881
93518  -44.903  33.208  16.203 0.5000000000
93530  -45.512  33.601  15.768 0.6999999881
118863  -45.984  33.338  14.792 0.6999999881
95193  -45.102  35.204  4.186 0.5000000000
118783  -44.164  35.635  4.235 0.5000000000
114220  -45.085  35.710  3.513 0.5000000000
94184  -49.034  32.955  5.819 0.8999999762
94674  -48.742  33.468  6.190 0.8999999762
94661  -48.695  33.486  7.106 0.8999999762
94660  -48.279  33.793  8.067 0.8999999762
128389  -48.385  33.345  8.498 0.8999999762
121257  -47.724  34.227  8.936 0.8999999762
95210  -45.688  36.058  2.969 0.5000000000
95682  -46.621  36.499  3.749 0.6999999881
95694  -46.280  36.465  2.916 0.6000000238
110858  -45.438  26.341  20.189 0.2000000030
89811  -44.025  25.761  20.529 0.1000000015
89795  -43.426  25.509  20.971 0.1000000015
89236  -43.354  24.581  22.322 0.1000000015
111053  -46.212  25.497  14.103 0.6999999881
89890  -44.726  25.599  13.272 0.8000000119
93509  -41.489  32.264  16.846 0.4000000060
92964  -42.031  31.912  17.244 0.4000000060
128760  -42.633  31.394  16.552 0.5000000000
91968  -42.677  29.682  15.151 0.6999999881
90954  -43.439  27.380  13.542 0.6000000238
90430  -44.109  26.009  13.590 0.8000000119
93516  -42.074  32.456  16.551 0.4000000060
92972  -42.616  31.995  16.826 0.5000000000
130714  -40.764  32.207  15.117 0.3000000119
93515  -41.431  32.428  15.832 0.4000000060
93528  -42.219  32.779  15.586 0.4000000060
119204  -42.833  32.565  16.525 0.4000000060
93527  -41.238  32.519  14.745 0.4000000060
94059  -43.433  33.210  15.920 0.4000000060
93539  -41.764  32.933  14.255 0.4000000060
116505  -42.606  33.219  14.812 0.4000000060
111256  -42.311  33.544  13.697 0.5000000000
108737  -43.307  33.679  14.636 0.5000000000
94066  -44.305  33.947  15.468 0.5000000000
94067  -45.045  34.230  15.777 0.5000000000
94078  -46.054  33.993  15.377 0.6000000238
94077  -43.927  34.321  14.407 0.5000000000
94608  -44.864  35.053  14.707 0.6000000238
94079  -46.452  34.084  14.590 0.6999999881
95127  -46.262  35.840  14.081 0.6999999881
94630  -46.673  35.160  13.333 0.6999999881
94648  -47.545  34.222  9.749 0.8999999762
94647  -47.184  34.699  9.547 0.8999999762
95184  -47.968  34.534  4.814 0.6999999881
94687  -47.835  34.504  5.784 0.8000000119
94688  -48.322  34.026  5.560 0.8000000119
94659  -47.611  34.424  7.990 0.8999999762
95199  -44.424  36.230  3.307 0.5000000000
95693  -45.253  36.664  2.877 0.5000000000
128798  -44.533  25.912  20.048 0.2000000030
89263  -41.294  24.753  19.825 0.1000000015
89810  -42.977  25.487  19.849 0.2000000030
89829  -44.686  25.751  19.023 0.2000000030
89245  -41.713  24.611  20.802 0.1000000015
127286  -42.575  25.282  20.354 0.2000000030
110618  -42.322  24.334  21.855 0.1000000015
89864  -47.257  25.770  15.708 0.8000000119
89877  -46.735  25.622  14.827 0.6999999881
89875  -44.809  25.603  14.795 0.8999999762
90423  -44.114  25.923  14.388 0.6999999881
92961  -39.672  31.739  17.237 0.4000000060
92963  -41.520  32.014  17.367 0.4000000060
117857  -41.659  30.552  16.951 0.4000000060
91452  -42.442  28.707  15.240 0.5000000000
90947  -43.236  27.187  14.372 0.5000000000
127783  -43.652  26.561  13.960 0.8000000119
89884  -44.746  25.637  14.029 0.8000000119
92970  -39.902  31.735  16.086 0.3000000119
92439  -42.212  31.250  16.913 0.4000000060
91462  -42.838  28.837  14.509 0.6000000238
92980  -40.088  31.822  15.032 0.3000000119
92971  -40.731  32.127  16.034 0.3000000119
93525  -39.516  31.993  14.169 0.3000000119
94075  -40.559  33.025  13.168 0.4000000060
94076  -41.327  33.213  13.333 0.5000000000
94089  -42.414  34.183  13.045 0.5000000000
94616  -43.136  34.192  13.630 0.5000000000
94617  -43.967  34.973  13.609 0.6000000238
125911  -46.105  35.722  5.761 0.8000000119
96160  -45.470  37.094  5.521 0.8000000119
128004  -47.402  34.210  10.423 0.8999999762
114379  -46.138  36.450  5.038 0.6999999881
116743  -46.922  35.091  6.036 0.8000000119
114572  -46.025  35.151  7.986 0.8000000119
95166  -46.829  34.891  8.616 0.8999999762
95158  -46.526  35.162  9.484 0.8999999762
96185  -45.882  37.164  2.933 0.5000000000
96665  -46.036  37.578  3.428 0.5000000000
95692  -44.191  36.756  2.939 0.4000000060
96184  -44.723  37.230  2.816 0.5000000000
96664  -45.368  37.773  3.192 0.5000000000
89809  -41.969  25.193  19.428 0.1000000015
121411  -45.658  25.582  15.086 0.8000000119
89876  -45.561  25.534  14.423 0.6999999881
94628  -42.085  34.732  12.533 0.5000000000
94629  -43.009  34.869  12.941 0.6000000238
97121  -46.067  39.771  5.487 0.6000000238
96651  -45.887  38.095  4.062 0.6999999881
96650  -45.712  38.271  3.904 0.5000000000
89808  -41.015  24.953  18.840 0.1000000015
89827  -42.502  25.453  18.674 0.2000000030
89826  -41.547  25.321  18.220 0.1000000015
89828  -43.624  25.598  19.141 0.3000000119
89846  -44.993  25.705  17.927 0.4000000060
129074  -45.600  25.871  18.155 0.4000000060
89863  -46.308  25.660  15.745 0.8000000119
89283  -48.162  24.586  20.122 0.3000000119
125845  -42.217  22.899  10.352 0.6999999881
88107  -42.806  22.709  9.015 0.6999999881
91472  -43.582  29.100  13.122 0.6999999881
89379  -45.695  24.361  3.140 0.6999999881
90493  -46.077  26.201  3.645 0.8000000119
90438  -44.132  26.071  12.806 0.8999999762
92484  -44.069  30.606  13.125 0.6999999881
90487  -45.728  27.101  4.531 0.8000000119
91524  -45.604  28.434  5.542 0.8000000119
94148  -48.782  33.174  7.686 0.8999999762
94166  -49.072  33.024  6.689 0.8999999762
93659  -48.649  32.944  5.348 0.8000000119
88078  -37.713  22.882  11.205 0.5000000000
88080  -39.495  22.768  11.645 0.6000000238
88721  -40.008  23.170  11.029 0.6000000238
88093  -35.877  22.588  10.457 0.2000000030
88064  -37.222  22.406  11.714 0.5000000000
88730  -37.318  23.098  10.289 0.4000000060
88733  -40.384  23.322  10.380 0.6999999881
121813  -40.238  23.444  9.352 0.6999999881
88735  -41.870  23.135  9.964 0.6999999881
88753  -34.765  23.304  8.537 0.2000000030
88117  -35.332  22.816  8.160 0.3000000119
88744  -36.879  22.895  8.171 0.3000000119
126367  -37.372  22.941  7.317 0.5000000000
88746  -39.121  23.420  8.940 0.6999999881
88758  -40.514  23.361  8.292 0.6999999881
88759  -41.482  23.179  8.270 0.6999999881
88760  -42.274  22.902  8.508 0.6999999881
89341  -35.025  24.096  7.784 0.4000000060
87335  -48.744  21.698  18.802 0.6000000238
88128  -35.328  23.437  7.382 0.3000000119
88767  -36.401  23.494  5.552 0.6000000238
127739  -39.053  23.185  7.114 0.6000000238
88130  -42.283  22.630  6.980 0.6999999881
126202  -48.495  21.405  18.801 0.4000000060
89334  -34.398  24.283  9.193 0.2000000030
89333  -33.991  23.985  9.618 0.1000000015
109020  -39.390  23.026  5.524 0.6000000238
88661  -42.963  23.292  19.585 0.1000000015
88669  -44.818  23.860  19.014 0.1000000015
88032  -42.004  22.512  17.925 0.1000000015
86688  -42.333  20.532  16.777 0.2000000030
88673  -48.412  23.903  18.882 0.4000000060
86678  -43.881  20.908  17.214 0.2000000030
89343  -35.993  24.417  6.856 0.6000000238
89353  -37.140  24.310  5.532 0.6000000238
89344  -37.061  24.552  6.806 0.6000000238
88788  -37.340  23.890  4.711 0.6000000238
117290  -39.433  23.246  4.637 0.6000000238
88147  -41.539  22.627  4.570 0.6000000238
86689  -43.057  20.704  16.969 0.2000000030
89926  -38.060  24.963  8.043 0.6000000238
89355  -39.411  24.548  5.830 0.6000000238
89362  -39.698  24.238  4.856 0.6000000238
89927  -39.033  25.185  8.021 0.6000000238
88799  -39.956  23.355  4.176 0.6000000238
89367  -40.108  23.665  4.314 0.6000000238
88800  -40.495  23.235  3.987 0.6000000238
89375  -41.327  23.051  3.713 0.6000000238
88801  -42.864  22.924  3.321 0.6999999881
90472  -41.765  26.056  7.790 0.5000000000
89934  -41.196  25.250  7.088 0.6000000238
90985  -42.495  27.871  8.411 0.5000000000
89935  -42.080  25.574  6.981 0.5000000000
92023  -44.031  29.776  7.599 0.5000000000
90986  -43.240  28.046  7.666 0.5000000000
93631  -45.158  32.042  7.272 0.6000000238
93644  -46.041  32.163  6.775 0.6999999881
89378  -44.610  23.488  3.345 0.6999999881
89951  -43.660  24.946  4.991 0.6999999881
90479  -43.682  26.567  6.351 0.5000000000
94165  -44.529  33.325  7.051 0.4000000060
94689  -48.522  33.430  5.413 0.8000000119
126514  -44.668  24.784  22.657 0.1000000015
94164  -43.902  33.801  7.035 0.4000000060
95192  -44.123  35.086  5.154 0.4000000060
120456  -46.215  37.491  3.797 0.6999999881
87987  -43.716  23.146  23.072 0.1000000015
89246  -42.711  25.021  21.237 0.1000000015
120817  -42.119  30.329  16.430 0.5000000000
91463  -43.233  28.981  13.770 0.6999999881
94673  -48.237  34.029  6.807 0.8000000119
89794  -42.021  24.995  20.317 0.1000000015
92962  -40.691  32.023  17.214 0.4000000060
93538  -40.886  32.667  13.799 0.4000000060
95176  -46.759  34.861  7.423 0.8000000119
82757  -44.672  14.625  16.209 0.1000000015
82762  -44.963  14.559  15.579 0.2000000030
82763  -45.871  14.776  15.303 0.2000000030
82774  -45.860  14.478  14.563 0.2000000030
82747  -42.680  14.600  17.886 0.1000000015
82751  -43.145  14.215  17.260 0.1000000015
82756  -44.161  14.465  16.540 0.1000000015
82130  -44.011  14.183  16.084 0.1000000015
125647  -44.380  14.296  15.728 0.1000000015
113271  -44.419  14.146  15.231 0.2000000030
82773  -45.127  14.400  14.915 0.2000000030
82143  -45.319  14.161  14.199 0.2000000030
82782  -46.289  14.322  13.854 0.2000000030
82123  -40.799  13.220  17.647 0.1000000015
115843  -42.219  13.892  17.531 0.1000000015
82125  -42.880  13.716  16.727 0.1000000015
116420  -43.337  13.692  16.045 0.1000000015
110173  -45.076  13.313  13.073 0.2000000030
81441  -41.257  12.835  16.955 0.1000000015
81444  -41.651  12.575  16.265 0.1000000015
81439  -39.672  12.201  17.574 0.1000000015
80750  -40.139  11.786  16.933 0.1000000015
81443  -40.882  12.175  16.568 0.1000000015
80057  -39.156  10.591  17.234 0.1000000015
80752  -39.858  10.941  16.748 0.1000000015
111503  -46.033  15.829  17.419 0.1000000015
83502  -45.771  15.406  16.741 0.1000000015
82759  -46.239  15.254  16.071 0.2000000030
82764  -46.903  15.065  15.346 0.2000000030
82765  -47.889  14.959  14.599 0.2000000030
84139  -43.860  15.826  18.196 0.1000000015
83486  -44.715  15.694  17.977 0.1000000015
82758  -45.426  14.961  16.096 0.1000000015
82775  -46.861  14.674  14.434 0.2000000030
128980  -48.014  14.652  13.875 0.2000000030
83485  -43.213  15.229  18.015 0.1000000015
82748  -43.426  14.718  17.638 0.1000000015
82783  -47.446  14.419  13.458 0.2000000030
82745  -40.853  14.414  18.211 0.1000000015
82746  -41.766  14.488  18.083 0.1000000015
81464  -44.368  12.839  13.087 0.2000000030
82148  -45.648  13.853  13.427 0.2000000030
80773  -44.458  11.982  12.729 0.2000000030
83497  -46.696  15.726  16.803 0.1000000015
83511  -47.012  15.432  16.035 0.2000000030
83503  -47.697  15.700  16.357 0.2000000030
83512  -47.822  15.319  15.471 0.3000000119
128729  -43.369  16.246  18.176 0.1000000015
83487  -45.471  15.984  17.972 0.1000000015
125384  -46.729  16.138  17.467 0.1000000015
83504  -48.591  15.940  16.646 0.4000000060
110042  -48.789  15.519  15.709 0.3000000119
83522  -48.940  15.188  14.699 0.2000000030
83484  -42.244  15.248  18.149 0.1000000015
82790  -47.982  14.275  12.573 0.2000000030
81465  -45.928  13.371  12.530 0.2000000030
82149  -46.732  14.061  12.992 0.2000000030
81471  -45.021  12.599  12.553 0.2000000030
84162  -50.374  16.343  16.209 0.4000000060
84158  -50.124  16.827  17.166 0.4000000060
84161  -49.429  16.305  16.891 0.4000000060
130273  -45.229  17.879  18.154 0.2000000030
84819  -46.389  17.484  18.367 0.3000000119
84143  -47.650  17.042  18.153 0.3000000119
84156  -48.047  16.681  17.821 0.2000000030
83505  -49.748  15.825  15.975 0.3000000119
83513  -49.967  15.496  14.934 0.3000000119
108905  -41.892  16.933  17.558 0.2000000030
84153  -42.860  16.713  17.842 0.2000000030
84817  -43.785  16.624  18.146 0.2000000030
84818  -44.479  17.178  18.159 0.2000000030
84154  -46.307  16.323  17.903 0.2000000030
84142  -46.756  16.893  18.151 0.2000000030
83498  -47.579  16.153  17.241 0.4000000060
118862  -49.808  15.348  13.805 0.2000000030
82776  -48.935  14.866  13.811 0.2000000030
115691  -41.308  16.343  17.638 0.1000000015
84152  -42.131  16.135  17.882 0.1000000015
82777  -49.441  14.982  13.134 0.2000000030
82784  -48.724  14.643  13.030 0.2000000030
84829  -40.173  17.177  17.148 0.1000000015
82785  -49.351  14.956  12.510 0.2000000030
82791  -48.866  14.627  12.167 0.2000000030
82159  -48.418  13.884  11.160 0.2000000030
82797  -48.579  14.568  11.370 0.2000000030
82165  -48.600  14.045  10.591 0.2000000030
120315  -48.682  14.148  9.971 0.1000000015
84822  -49.329  17.872  18.488 0.4000000060
84157  -49.066  16.783  17.659 0.4000000060
85437  -46.265  18.368  18.340 0.3000000119
123117  -47.073  17.946  18.474 0.3000000119
84821  -48.575  17.918  18.705 0.5000000000
84144  -48.617  17.285  18.274 0.4000000060
84159  -50.719  16.866  16.424 0.5000000000
84163  -50.823  16.481  15.582 0.4000000060
83514  -50.623  15.948  15.275 0.3000000119
84832  -42.447  17.568  17.456 0.2000000030
84833  -44.220  17.948  17.798 0.2000000030
85450  -45.325  18.940  17.903 0.3000000119
84850  -50.923  16.866  15.818 0.5000000000
84181  -50.859  16.282  14.886 0.4000000060
83523  -50.512  15.845  14.372 0.3000000119
84830  -41.027  17.072  17.344 0.2000000030
85447  -42.081  18.162  17.132 0.2000000030
85448  -43.606  18.469  17.482 0.2000000030
84863  -50.801  16.723  14.936 0.4000000060
84862  -50.070  16.963  14.526 0.4000000060
84180  -50.560  16.246  14.242 0.3000000119
83530  -50.103  15.721  13.587 0.3000000119
120992  -37.756  17.366  17.176 0.1000000015
129384  -39.187  18.031  16.771 0.1000000015
84837  -39.900  17.894  16.818 0.1000000015
85454  -40.404  18.505  16.695 0.2000000030
86038  -43.023  19.175  17.086 0.2000000030
84179  -49.636  16.372  13.634 0.3000000119
84194  -49.547  15.589  12.867 0.3000000119
83529  -49.569  15.304  12.984 0.2000000030
119346  -40.795  19.062  16.613 0.1000000015
84193  -48.659  16.206  12.913 0.3000000119
83542  -49.404  15.160  12.335 0.2000000030
84203  -46.431  16.177  12.786 0.2000000030
84204  -47.817  16.021  12.420 0.2000000030
83540  -48.343  15.479  11.777 0.2000000030
84205  -48.980  15.573  12.252 0.3000000119
82792  -49.160  14.921  11.929 0.2000000030
122065  -44.668  16.006  12.790 0.2000000030
83538  -45.620  15.796  12.322 0.2000000030
83551  -47.544  15.339  11.325 0.2000000030
83552  -48.681  14.934  11.335 0.2000000030
83549  -45.337  15.385  11.577 0.2000000030
83550  -46.342  15.512  11.623 0.2000000030
82805  -48.566  14.485  10.628 0.1000000015
83561  -46.417  15.142  10.894 0.2000000030
84834  -49.695  17.344  17.942 0.5000000000
85438  -47.359  18.833  18.587 0.3000000119
85440  -49.116  18.510  18.822 0.5000000000
84835  -50.436  17.512  17.301 0.5000000000
86030  -46.256  19.377  18.177 0.3000000119
86032  -48.337  19.629  18.883 0.4000000060
84839  -50.691  17.270  16.414 0.5000000000
86039  -43.613  19.951  17.128 0.2000000030
86040  -44.471  19.605  17.460 0.3000000119
86041  -45.382  19.890  17.698 0.2000000030
86031  -47.235  20.118  18.391 0.2000000030
84848  -50.271  17.384  15.388 0.5000000000
119225  -38.645  18.637  16.721 0.1000000015
86047  -40.064  19.273  16.569 0.1000000015
86049  -42.238  19.667  16.762 0.1000000015
125476  -42.869  19.984  16.881 0.2000000030
127878  -44.150  20.228  17.276 0.2000000030
84178  -47.936  16.764  13.882 0.3000000119
85453  -39.557  18.622  16.641 0.1000000015
84192  -47.178  16.475  13.289 0.2000000030
84202  -45.295  16.268  13.150 0.2000000030
84201  -43.733  15.992  12.678 0.2000000030
83537  -44.553  15.626  12.166 0.2000000030
130731  -49.423  18.961  18.722 0.5000000000
86670  -48.435  20.667  18.864 0.4000000060
86042  -46.151  20.218  17.964 0.2000000030
86680  -45.518  20.788  17.658 0.2000000030
84191  -45.942  16.584  13.583 0.3000000119
114992  -44.286  16.502  13.496 0.2000000030
87376  -39.667  21.029  13.089 0.4000000060
116040  -43.904  25.636  18.031 0.2000000030
89853  -42.617  25.867  17.013 0.2000000030
126239  -43.310  25.705  17.249 0.2000000030
89854  -44.026  25.662  17.057 0.3000000119
89855  -45.000  25.655  16.780 0.5000000000
89861  -44.079  25.693  16.090 0.5000000000
90414  -44.127  25.795  15.213 0.6000000238
89914  -36.895  25.307  9.078 0.4000000060
89845  -42.973  25.608  17.913 0.2000000030
89844  -42.070  25.637  17.563 0.2000000030
90400  -41.870  26.195  16.841 0.2000000030
89915  -37.878  25.357  9.072 0.4000000060
89916  -38.812  25.569  8.998 0.4000000060
126034  -38.424  27.081  10.839 0.3000000119
90453  -38.876  26.770  10.353 0.4000000060
90458  -39.338  26.355  9.668 0.4000000060
90465  -40.552  26.233  8.716 0.4000000060
90974  -40.185  28.067  10.132 0.3000000119
90978  -40.494  27.481  9.682 0.3000000119
90459  -40.167  26.704  9.438 0.4000000060
89929  -40.890  25.724  7.942 0.3000000119
94145  -41.423  33.610  8.612 0.3000000119
95174  -42.478  35.067  6.798 0.3000000119
94684  -42.995  34.587  6.906 0.3000000119
94685  -43.673  34.361  6.626 0.3000000119
119879  -42.604  35.470  6.123 0.3000000119
119787  -43.145  35.632  5.212 0.3000000119
95182  -43.318  35.013  6.154 0.3000000119
95190  -42.162  35.947  5.711 0.3000000119
95191  -42.462  36.246  4.791 0.3000000119
95198  -43.342  36.142  4.131 0.3000000119
90967  -38.272  27.719  11.069 0.3000000119
91493  -39.475  28.169  10.549 0.3000000119
90979  -41.164  27.762  9.368 0.3000000119
90460  -40.947  27.017  9.145 0.3000000119
90984  -41.703  27.369  8.844 0.3000000119
90466  -41.385  26.555  8.508 0.3000000119
92002  -39.564  29.570  10.329 0.3000000119
91494  -39.891  28.821  10.299 0.3000000119
92504  -39.978  30.177  10.064 0.3000000119
92510  -40.760  30.054  9.785 0.3000000119
92009  -41.738  29.016  9.347 0.3000000119
92010  -42.281  29.571  9.069 0.3000000119
92016  -42.794  29.328  8.617 0.3000000119
127574  -39.927  31.526  9.804 0.3000000119
93048  -40.728  31.544  9.553 0.3000000119
112461  -41.286  30.762  9.486 0.3000000119
92512  -42.143  30.370  9.197 0.4000000060
119260  -42.886  30.062  8.737 0.4000000060
92518  -43.248  30.792  8.550 0.5000000000
92525  -43.971  30.699  8.041 0.5000000000
93615  -40.843  33.075  9.117 0.3000000119
93616  -41.649  32.784  8.854 0.3000000119
93055  -41.898  31.967  8.999 0.3000000119
93056  -42.728  31.575  8.706 0.3000000119
93057  -43.614  31.518  8.287 0.5000000000
124214  -42.013  33.955  8.197 0.3000000119
93628  -42.815  32.993  8.206 0.3000000119
117472  -43.893  32.222  7.973 0.3000000119
94671  -43.206  34.025  7.326 0.3000000119
95681  -41.611  36.479  5.260 0.2000000030
95686  -41.908  36.709  4.278 0.3000000119
126361  -42.664  36.521  3.948 0.3000000119
95687  -43.379  36.635  3.338 0.3000000119
91487  -38.044  28.459  11.250 0.3000000119
91492  -38.739  28.334  10.898 0.3000000119
91501  -41.821  28.199  9.117 0.3000000119
92001  -39.175  28.965  10.643 0.3000000119
91507  -42.377  28.776  8.820 0.3000000119
92017  -43.330  29.479  8.197 0.4000000060
95691  -43.498  37.101  2.940 0.3000000119
96176  -41.487  37.322  3.934 0.2000000030
96177  -42.453  37.015  3.459 0.3000000119
96182  -41.843  37.669  3.483 0.3000000119
96183  -42.747  37.607  3.169 0.3000000119
95685  -41.092  37.012  4.781 0.2000000030
96175  -40.564  37.606  4.310 0.2000000030
96663  -43.981  37.839  3.116 0.3000000119
96167  -40.252  37.323  5.225 0.2000000030
96181  -40.963  37.891  3.672 0.2000000030
127184  -41.319  38.149  3.477 0.2000000030
97132  -45.567  39.125  4.410 0.4000000060
96661  -42.041  38.122  3.365 0.3000000119
96647  -42.435  38.729  3.793 0.3000000119
96648  -43.629  38.608  3.801 0.3000000119
96649  -44.898  38.463  3.732 0.4000000060
96662  -42.929  38.127  3.356 0.3000000119
96168  -46.102  37.418  4.444 0.5000000000
97125  -46.096  39.899  5.087 0.5000000000
97637  -46.060  39.968  4.878 0.4000000060
97628  -46.194  40.757  5.379 0.4000000060
97636  -45.432  40.039  4.720 0.3000000119
97627  -46.054  40.755  5.173 0.4000000060
97130  -43.150  39.427  4.363 0.3000000119
97635  -44.006  40.172  4.779 0.3000000119
98093  -45.762  41.566  5.505 0.3000000119
97626  -44.872  40.887  5.192 0.3000000119
95165  -45.895  35.313  8.860 0.6999999881
95175  -45.163  35.570  8.006 0.6999999881
95674  -45.334  36.248  6.284 0.6999999881
96639  -45.037  37.807  6.095 0.6999999881
97120  -45.705  39.548  6.113 0.6999999881
97622  -46.178  40.419  6.184 0.6000000238
98087  -46.420  41.204  6.359 0.6999999881
98094  -46.462  41.448  5.898 0.6000000238
98525  -46.315  42.231  6.525 0.6000000238
96660  -40.633  38.515  3.494 0.2000000030
98533  -46.336  41.961  5.945 0.6000000238
97147  -41.321  38.857  3.601 0.2000000030
97129  -41.950  39.603  4.267 0.3000000119
97634  -42.651  40.325  4.784 0.3000000119
97625  -43.387  41.011  5.224 0.3000000119
96146  -43.291  37.381  8.532 0.6999999881
95658  -44.353  36.140  8.572 0.6999999881
96634  -43.200  39.223  7.659 0.6999999881
96635  -43.237  38.250  7.813 0.6999999881
95657  -43.797  36.777  7.973 0.6999999881
96152  -43.655  37.536  7.599 0.6999999881
96153  -44.256  37.259  7.010 0.6999999881
119116  -43.865  38.991  7.205 0.6999999881
97118  -44.733  39.255  6.708 0.6999999881
97617  -43.997  40.645  7.498 0.6999999881
97117  -44.151  39.892  7.177 0.6999999881
97618  -44.959  40.814  7.138 0.6999999881
98084  -46.226  41.647  7.088 0.6999999881
97146  -40.505  39.299  3.412 0.2000000030
97128  -40.978  39.899  3.973 0.2000000030
97633  -41.572  40.562  4.583 0.2000000030
98523  -44.871  43.178  6.422 0.4000000060
98532  -45.365  42.434  5.898 0.4000000060
98090  -42.219  41.168  5.126 0.3000000119
98091  -42.852  41.711  5.413 0.3000000119
98531  -44.016  42.783  6.016 0.3000000119
98092  -44.160  41.885  5.545 0.3000000119
95138  -46.058  36.546  13.717 0.6000000238
110393  -46.738  35.340  12.353 0.6000000238
114529  -46.687  35.346  11.443 0.8000000119
121701  -46.556  35.320  10.458 0.8000000119
95157  -45.854  35.578  9.839 0.8000000119
95156  -45.045  35.720  9.220 0.8000000119
97114  -42.591  39.465  8.135 0.6999999881
97615  -43.275  40.936  7.908 0.6999999881
98074  -43.445  41.858  8.288 0.6999999881
98083  -44.539  41.514  7.721 0.6999999881
98519  -45.599  42.200  7.751 0.6999999881
98520  -46.211  42.301  7.186 0.6999999881
98924  -46.001  42.939  7.143 0.6999999881
98524  -45.902  42.727  6.469 0.6000000238
126174  -42.055  41.995  5.230 0.3000000119
98530  -42.882  42.529  5.643 0.3000000119
98922  -44.316  43.882  6.588 0.4000000060
115621  -43.882  43.409  6.251 0.3000000119
95630  -46.023  36.936  13.156 0.6000000238
95151  -46.323  36.234  12.408 0.6000000238
95150  -46.151  36.071  11.511 0.6999999881
98891  -41.138  44.565  11.247 0.6999999881
98890  -40.217  44.373  11.678 0.6999999881
98499  -41.740  43.406  10.249 0.6999999881
117064  -41.266  42.617  10.083 0.6999999881
98062  -42.166  42.712  9.410 0.6999999881
98073  -42.582  42.063  8.770 0.6999999881
95653  -43.685  36.759  9.126 0.6999999881
98899  -41.882  44.248  10.793 0.6999999881
98501  -42.708  44.469  10.272 0.6999999881
98508  -43.324  42.879  8.897 0.6999999881
99282  -42.794  44.945  10.479 0.6999999881
98509  -43.419  43.807  9.358 0.6999999881
124263  -44.324  43.274  8.733 0.6999999881
98075  -44.529  42.476  8.313 0.6999999881
124843  -39.978  39.478  3.027 0.2000000030
99283  -43.279  45.059  9.716 0.6999999881
98901  -43.920  44.208  9.021 0.6999999881
98510  -45.147  42.892  8.285 0.6999999881
97649  -40.325  40.263  3.398 0.2000000030
127653  -43.765  44.746  8.869 0.6999999881
99689  -44.040  44.918  8.300 0.6999999881
98918  -45.146  43.631  7.733 0.6999999881
97145  -39.868  39.980  2.635 0.2000000030
97632  -40.765  40.875  4.144 0.2000000030
121950  -41.376  41.464  4.717 0.2000000030
99688  -43.869  45.628  8.142 0.6999999881
99701  -44.153  45.022  7.608 0.6000000238
98923  -45.297  43.483  6.984 0.5000000000
98096  -40.778  41.704  4.108 0.2000000030
99310  -44.543  44.315  7.229 0.5000000000
125829  -41.441  43.150  4.189 0.3000000119
98529  -42.064  42.738  5.265 0.2000000030
112038  -43.320  43.927  5.935 0.4000000060
113569  -43.231  43.193  5.949 0.4000000060
95642  -44.948  37.171  12.100 0.6000000238
95651  -45.415  36.573  11.365 0.6000000238
127547  -43.840  37.340  11.021 0.6000000238
130260  -45.861  35.928  10.707 0.6999999881
95655  -45.135  36.125  10.302 0.6999999881
96145  -42.695  37.990  8.963 0.6999999881
96630  -42.554  38.734  8.417 0.6999999881
97613  -41.760  40.721  8.889 0.6999999881
99669  -41.451  45.209  10.892 0.6999999881
99670  -42.074  45.634  10.655 0.6999999881
100068  -42.873  46.753  9.991 0.6999999881
100069  -43.253  46.855  9.571 0.6999999881
100079  -43.642  46.689  8.442 0.6999999881
99700  -43.894  45.967  7.310 0.6000000238
96680  -39.338  38.924  2.739 0.2000000030
97657  -40.260  40.851  3.046 0.2000000030
110138  -40.506  41.127  3.636 0.2000000030
99309  -43.941  44.605  6.417 0.4000000060
98929  -42.546  43.333  5.523 0.4000000060
96136  -43.300  37.733  10.879 0.6000000238
95650  -44.461  36.895  10.958 0.6000000238
96133  -40.972  38.237  11.143 0.5000000000
96134  -41.824  38.326  11.137 0.6000000238
96621  -42.048  38.604  10.452 0.6000000238
95649  -43.742  37.052  10.260 0.6999999881
124584  -39.666  40.511  10.590 0.5000000000
97101  -40.619  39.485  10.633 0.6000000238
96620  -41.275  38.960  10.723 0.6000000238
96627  -41.680  39.216  9.835 0.6999999881
96135  -42.662  38.155  10.143 0.6999999881
97591  -38.288  41.482  10.633 0.5000000000
120421  -40.342  40.183  10.524 0.6000000238
97102  -41.092  39.873  10.224 0.6999999881
97605  -41.222  40.729  9.634 0.6999999881
96139  -42.213  38.631  9.427 0.6999999881
96140  -43.202  37.499  9.671 0.6999999881
97592  -39.172  41.338  10.658 0.5000000000
97593  -39.987  41.020  10.530 0.6999999881
120269  -40.270  41.604  10.355 0.6999999881
98061  -40.854  41.663  9.967 0.6999999881
97109  -41.615  39.966  9.250 0.6999999881
97110  -42.032  39.303  8.825 0.6999999881
98050  -37.274  41.747  10.368 0.5000000000
98051  -37.956  42.101  10.624 0.5000000000
98490  -38.678  42.651  10.629 0.5000000000
98491  -39.333  43.303  11.035 0.6000000238
98483  -39.876  44.183  11.674 0.6000000238
97113  -42.324  40.207  8.361 0.6999999881
99679  -41.881  45.953  10.227 0.6999999881
100067  -42.474  46.396  10.094 0.6999999881
100101  -43.778  46.714  6.427 0.5000000000
97159  -39.277  39.533  2.131 0.2000000030
99318  -43.283  44.809  5.648 0.3000000119
117300  -43.801  45.269  6.154 0.3000000119
116239  -40.334  41.199  2.593 0.2000000030
98111  -40.538  41.673  3.350 0.2000000030
99719  -42.883  45.088  4.958 0.3000000119
98539  -40.933  42.370  3.866 0.2000000030
98938  -42.491  44.180  5.188 0.3000000119
97610  -32.925  40.736  8.513 0.4000000060
97611  -33.743  40.540  8.752 0.4000000060
98068  -33.482  41.181  8.091 0.4000000060
98069  -34.463  40.975  8.286 0.4000000060
128821  -36.048  41.488  8.423 0.4000000060
123237  -36.511  41.867  8.047 0.5000000000
98071  -36.612  41.594  8.985 0.5000000000
98059  -36.639  41.492  10.021 0.5000000000
98497  -37.749  42.375  9.325 0.5000000000
98897  -38.861  43.186  9.754 0.6000000238
98898  -39.471  43.754  10.039 0.6000000238
128896  -39.689  43.801  8.847 0.6000000238
99290  -40.220  44.330  9.296 0.6000000238
98498  -38.363  42.757  10.144 0.5000000000
98888  -39.140  43.339  10.795 0.6999999881
98889  -39.628  43.851  11.456 0.6999999881
99266  -40.067  44.311  11.686 0.6000000238
100078  -42.778  47.225  9.692 0.6999999881
100521  -42.985  47.317  9.626 0.6999999881
100538  -43.186  47.715  8.971 0.6000000238
100554  -43.469  47.772  7.920 0.6000000238
100093  -43.721  46.945  7.368 0.6999999881
99709  -43.840  45.884  6.302 0.5000000000
98557  -40.818  42.307  3.213 0.3000000119
98558  -41.326  42.860  3.430 0.3000000119
98937  -41.971  43.947  4.406 0.4000000060
99734  -43.006  45.084  4.297 0.4000000060
99326  -42.483  44.548  4.540 0.3000000119
98516  -35.214  42.510  7.489 0.4000000060
98081  -34.849  41.716  7.702 0.4000000060
98082  -35.721  41.804  7.794 0.5000000000
98506  -37.180  42.046  8.574 0.5000000000
98916  -37.453  43.091  7.347 0.5000000000
98507  -37.754  42.558  8.148 0.5000000000
108330  -41.487  47.245  7.946 0.6000000238
99687  -41.416  45.917  9.102 0.6000000238
100537  -42.931  47.777  9.151 0.6999999881
100111  -43.709  47.398  5.503 0.4000000060
99726  -43.603  45.962  4.679 0.4000000060
113406  -43.699  46.486  5.480 0.3000000119
98956  -42.534  44.408  3.824 0.4000000060
98955  -41.897  43.593  3.622 0.3000000119
85441  -49.729  18.408  18.434 0.5000000000
84823  -50.028  17.864  18.095 0.5000000000
86033  -49.023  19.267  19.016 0.4000000060
120590  -40.105  21.614  12.763 0.4000000060
86687  -41.441  20.350  16.665 0.1000000015
86679  -44.675  20.482  17.417 0.2000000030
86681  -46.506  20.975  18.013 0.2000000030
89856  -45.933  25.694  16.503 0.4000000060
120571  -45.721  37.960  5.143 0.6000000238
117009  -45.148  38.714  6.279 0.6999999881
127738  -45.832  35.458  6.940 0.6999999881
97133  -45.784  38.988  4.620 0.4000000060
89862  -45.067  25.584  15.711 0.6000000238
97124  -45.861  38.594  4.702 0.5000000000
97122  -46.336  40.664  5.706 0.5000000000
89917  -39.709  25.885  8.889 0.4000000060
82754  -45.133  15.068  16.643 0.1000000015
82753  -44.570  14.850  16.905 0.1000000015
82126  -43.590  14.123  16.586 0.1000000015
83495  -44.161  15.135  17.667 0.1000000015
82124  -41.537  13.398  17.382 0.1000000015
82121  -41.273  13.858  17.956 0.1000000015
82128  -42.096  13.247  16.702 0.1000000015
82129  -42.717  13.388  16.210 0.1000000015
82132  -42.847  13.309  15.789 0.1000000015
81440  -40.448  12.522  17.286 0.1000000015
81445  -42.341  12.971  15.982 0.1000000015
80749  -39.412  11.426  17.329 0.1000000015
80753  -40.589  11.366  16.339 0.1000000015
80746  -38.956  11.913  17.875 0.1000000015
84140  -44.697  16.300  18.187 0.1000000015
84138  -42.974  15.842  18.157 0.1000000015
83496  -45.160  15.409  17.336 0.1000000015
84155  -47.148  16.556  17.790 0.2000000030
84141  -45.632  16.799  18.262 0.2000000030
84820  -47.328  17.412  18.368 0.3000000119
127260  -48.016  17.487  18.471 0.3000000119
83499  -48.487  16.361  17.318 0.5000000000
84831  -41.594  17.672  17.219 0.2000000030
126888  -43.446  17.553  17.721 0.2000000030
84838  -40.745  17.790  16.988 0.1000000015
84150  -39.585  16.553  17.367 0.1000000015
115953  -47.827  17.967  18.659 0.4000000060
85439  -48.427  18.656  18.870 0.5000000000
112473  -42.793  18.297  17.308 0.2000000030
85449  -44.423  18.660  17.674 0.2000000030
85455  -41.338  18.461  16.846 0.2000000030
85456  -42.175  18.822  16.910 0.1000000015
116391  -43.815  19.164  17.357 0.2000000030
85445  -37.234  18.815  17.081 0.1000000015
84827  -37.839  18.236  16.922 0.1000000015
113472  -39.324  17.345  17.032 0.1000000015
86048  -41.458  19.334  16.677 0.1000000015
83541  -49.090  15.137  11.885 0.2000000030
83539  -47.010  15.754  12.016 0.2000000030
83562  -47.998  14.950  10.635 0.2000000030
85446  -37.911  18.955  16.839 0.1000000015
86046  -39.200  19.405  16.632 0.1000000015
90973  -38.940  27.549  10.696 0.3000000119
90452  -38.121  26.471  10.555 0.3000000119
90977  -39.689  27.274  10.148 0.4000000060
91499  -40.558  28.698  9.912 0.3000000119
91500  -41.183  28.500  9.541 0.3000000119
92008  -41.016  29.261  9.688 0.3000000119
94162  -42.342  34.449  7.546 0.3000000119
95173  -41.674  35.186  7.341 0.3000000119
122108  -41.890  35.631  6.550 0.3000000119
92003  -40.303  29.433  10.035 0.3000000119
119040  -40.385  30.822  9.797 0.3000000119
93038  -39.618  30.882  10.044 0.3000000119
92503  -39.221  30.305  10.303 0.3000000119
92511  -41.553  29.840  9.481 0.3000000119
129870  -39.284  31.458  10.024 0.3000000119
93605  -41.139  32.235  9.281 0.3000000119
93050  -42.033  31.165  9.137 0.3000000119
92517  -42.629  30.792  8.917 0.4000000060
94146  -42.172  33.267  8.420 0.3000000119
93617  -42.408  32.496  8.587 0.3000000119
94163  -42.675  33.636  7.887 0.3000000119
97131  -44.492  39.291  4.319 0.3000000119
95663  -44.583  36.334  7.319 0.6999999881
97621  -45.342  40.166  6.658 0.6999999881
97619  -45.985  40.966  6.856 0.6999999881
98511  -45.662  42.906  7.838 0.6999999881
97614  -42.449  41.228  8.479 0.6999999881
99305  -44.546  44.403  7.876 0.6999999881
98097  -41.402  42.423  4.671 0.2000000030
99281  -40.739  44.915  10.555 0.6000000238
98054  -40.294  42.670  10.671 0.6999999881
98900  -43.293  44.385  9.614 0.6999999881
98908  -44.753  43.521  8.457 0.6999999881
122111  -40.035  40.593  2.462 0.2000000030
99710  -44.084  45.172  6.862 0.5000000000
98928  -41.883  43.333  4.951 0.4000000060
96619  -40.411  38.845  10.821 0.5000000000
98492  -39.545  42.979  11.044 0.6999999881
116824  -39.543  44.022  11.170 0.6000000238
99720  -43.510  45.617  5.486 0.3000000119
98514  -33.452  42.459  7.586 0.4000000060
98907  -39.129  43.397  8.518 0.5000000000
98917  -38.308  43.142  7.720 0.5000000000
85494  -36.740  18.725  12.366 0.1000000015
86090  -37.340  19.455  12.700 0.1000000015
85495  -37.655  18.589  12.433 0.1000000015
85496  -38.526  18.432  12.610 0.1000000015
84880  -38.906  17.854  12.245 0.1000000015
84891  -39.293  17.379  11.761 0.1000000015
84879  -38.071  18.006  12.043 0.1000000015
84213  -39.727  16.925  11.254 0.1000000015
85482  -38.983  18.875  13.127 0.1000000015
126285  -39.898  17.062  12.012 0.1000000015
85493  -35.807  18.844  12.306 0.1000000015
83557  -41.421  15.851  10.735 0.1000000015
83546  -41.952  15.749  11.296 0.1000000015
84892  -40.493  16.621  11.687 0.1000000015
84214  -41.390  16.147  11.682 0.1000000015
86088  -35.412  19.698  12.452 0.1000000015
126129  -34.342  16.120  10.485 0.1000000015
84211  -35.056  16.759  11.159 0.1000000015
85505  -35.237  18.142  11.965 0.1000000015
83558  -42.166  15.494  10.641 0.1000000015
83570  -43.113  14.898  9.443 0.1000000015
111456  -48.306  14.591  10.007 0.1000000015
86077  -38.713  19.639  13.139 0.1000000015
85497  -39.334  18.203  12.842 0.1000000015
84210  -34.126  16.663  11.246 0.1000000015
84886  -34.644  17.402  11.612 0.1000000015
85504  -34.223  18.233  11.824 0.1000000015
84215  -42.230  15.874  11.986 0.1000000015
82810  -44.834  14.589  9.544 0.1000000015
113202  -45.043  14.420  8.695 0.1000000015
130248  -48.008  14.438  9.047 0.1000000015
83559  -42.954  15.203  10.719 0.1000000015
82802  -43.890  14.711  9.850 0.1000000015
82811  -46.189  14.552  9.313 0.1000000015
82824  -47.216  14.423  8.790 0.1000000015
82812  -47.642  14.576  9.431 0.1000000015
127105  -43.793  15.546  11.978 0.1000000015
86091  -38.199  19.090  12.862 0.1000000015
83536  -43.052  15.672  12.058 0.1000000015
82803  -45.659  14.808  10.170 0.1000000015
82804  -47.085  14.803  10.071 0.1000000015
86725  -35.975  20.500  12.533 0.1000000015
120105  -36.138  21.274  12.316 0.2000000030
120266  -36.818  20.175  12.685 0.2000000030
112471  -38.047  19.782  12.929 0.2000000030
85483  -39.815  18.705  13.311 0.1000000015
120640  -44.311  15.282  11.468 0.1000000015
83560  -45.004  15.021  10.869 0.1000000015
85492  -34.857  18.975  12.154 0.1000000015
115751  -36.814  20.933  12.558 0.2000000030
86726  -37.592  20.440  12.786 0.2000000030
86727  -38.424  20.384  12.996 0.2000000030
126940  -44.614  14.775  10.246 0.1000000015
130202  -43.250  14.949  10.150 0.1000000015
119006  -43.889  14.968  10.699 0.1000000015
86728  -38.847  21.048  12.919 0.3000000119
86713  -39.205  20.342  13.195 0.2000000030
86078  -39.516  19.533  13.344 0.1000000015
87394  -37.548  21.333  12.547 0.3000000119
113884  -38.151  21.006  12.796 0.3000000119
86087  -34.475  19.833  12.263 0.1000000015
86724  -34.938  20.532  12.342 0.1000000015
87392  -35.313  21.210  12.157 0.1000000015
86097  -33.861  19.130  11.902 0.1000000015
86723  -34.129  20.538  12.181 0.1000000015
87413  -34.775  21.715  11.535 0.1000000015
87414  -35.765  21.828  11.854 0.2000000030
87396  -39.284  21.673  12.663 0.4000000060
87395  -38.348  21.711  12.514 0.3000000119
87393  -36.767  21.782  12.172 0.3000000119
129938  -37.590  21.962  12.238 0.3000000119
86722  -33.361  20.805  11.821 0.1000000015
121018  -34.198  22.048  10.434 0.1000000015
88066  -38.931  22.321  12.173 0.4000000060
96126  -43.125  37.666  11.596 0.4000000060
96127  -43.965  37.368  11.698 0.4000000060
96125  -42.345  37.839  11.532 0.4000000060
95641  -43.766  37.209  12.217 0.4000000060
96123  -40.541  37.280  11.220 0.4000000060
95627  -42.346  36.510  12.086 0.4000000060
95137  -44.612  36.851  13.127 0.4000000060
95621  -45.616  36.771  13.539 0.5000000000
96124  -41.512  37.695  11.408 0.4000000060
95640  -42.849  37.324  11.954 0.4000000060
119464  -44.592  37.139  12.462 0.5000000000
110024  -40.070  38.005  10.895 0.4000000060
95135  -42.694  35.701  12.490 0.5000000000
95628  -43.382  36.714  12.445 0.4000000060
96122  -39.687  37.286  10.960 0.4000000060
96618  -39.479  38.692  10.678 0.4000000060
115044  -38.917  40.511  10.573 0.4000000060
95134  -41.733  35.530  12.107 0.4000000060
95148  -40.826  35.516  11.800 0.4000000060
95136  -43.700  35.896  13.032 0.5000000000
95149  -41.448  36.325  11.761 0.4000000060
95126  -45.822  36.119  14.168 0.5000000000
117856  -39.139  37.775  10.735 0.4000000060
115954  -38.691  38.465  10.566 0.4000000060
115793  -38.600  39.474  10.511 0.4000000060
124371  -44.578  35.940  13.741 0.5000000000
109576  -39.954  35.597  11.583 0.4000000060
94627  -41.019  34.570  12.235 0.4000000060
95637  -39.641  36.467  11.216 0.4000000060
95636  -38.649  36.305  11.100 0.4000000060
95647  -38.326  36.962  10.772 0.4000000060
96617  -37.896  38.708  10.455 0.4000000060
116305  -37.375  39.765  10.454 0.4000000060
114780  -37.019  40.758  10.571 0.4000000060
97590  -37.457  41.392  10.510 0.4000000060
94610  -45.913  35.185  14.810 0.5000000000
94636  -40.216  34.902  11.880 0.4000000060
95147  -39.053  35.612  11.467 0.4000000060
96131  -37.381  38.016  10.520 0.4000000060
101023  -42.780  49.036  8.121 0.5000000000
94087  -40.731  33.624  12.689 0.4000000060
95635  -37.698  36.335  11.000 0.4000000060
95646  -37.595  37.205  10.684 0.4000000060
96130  -36.566  38.168  10.585 0.4000000060
120894  -36.595  39.618  10.498 0.4000000060
96615  -36.092  39.051  10.565 0.4000000060
99304  -40.340  44.802  7.978 0.4000000060
99699  -40.823  45.596  8.019 0.5000000000
100077  -42.072  46.833  9.325 0.6000000238
100536  -42.495  47.729  8.907 0.6000000238
94624  -38.044  34.275  12.021 0.3000000119
114765  -39.153  33.494  12.535 0.3000000119
94633  -37.725  34.928  11.704 0.3000000119
94634  -38.544  34.919  11.757 0.4000000060
94625  -38.887  34.209  12.107 0.3000000119
121426  -36.227  36.480  11.084 0.4000000060
95145  -37.288  35.552  11.371 0.4000000060
96121  -36.172  37.408  10.822 0.4000000060
95634  -36.921  36.813  10.842 0.4000000060
128993  -35.577  39.492  10.615 0.4000000060
117864  -34.920  40.242  10.285 0.4000000060
97588  -35.684  40.443  10.404 0.4000000060
98049  -36.110  41.054  10.275 0.4000000060
114467  -39.673  45.920  7.233 0.4000000060
99697  -39.464  44.944  7.282 0.4000000060
99698  -40.185  45.469  7.511 0.4000000060
100092  -41.293  46.356  8.184 0.5000000000
100552  -42.046  48.191  8.152 0.4000000060
101022  -41.987  49.091  7.867 0.4000000060
92992  -38.477  31.807  14.126 0.2000000030
92978  -37.544  31.622  14.428 0.2000000030
93535  -38.157  32.422  13.362 0.2000000030
126848  -37.120  33.024  12.811 0.2000000030
93552  -37.831  32.984  12.786 0.2000000030
93537  -39.948  32.578  13.460 0.3000000119
94623  -36.677  34.142  12.083 0.2000000030
95143  -35.481  35.402  11.590 0.2000000030
95144  -36.312  35.577  11.389 0.3000000119
95633  -35.505  36.163  11.346 0.3000000119
96120  -35.220  37.838  11.059 0.4000000060
97088  -34.469  39.170  10.890 0.4000000060
97604  -35.418  40.690  9.918 0.3000000119
99302  -38.751  43.997  7.231 0.4000000060
110928  -40.574  47.225  7.428 0.4000000060
114262  -41.241  48.057  7.597 0.4000000060
101021  -40.990  48.755  7.608 0.3000000119
119988  -41.152  49.761  7.815 0.3000000119
101459  -41.936  50.187  7.870 0.5000000000
115911  -37.173  31.379  16.524 0.2000000030
110867  -38.270  31.395  15.151 0.2000000030
92969  -38.977  31.491  16.144 0.2000000030
129724  -37.353  31.370  15.366 0.2000000030
92979  -39.220  31.536  15.014 0.2000000030
93523  -36.880  32.029  13.855 0.2000000030
117266  -37.362  32.515  13.300 0.2000000030
130417  -36.321  32.298  13.737 0.2000000030
94083  -36.459  33.415  12.607 0.2000000030
114297  -35.258  34.170  12.278 0.2000000030
111835  -35.981  33.962  12.244 0.2000000030
95142  -34.762  35.822  11.685 0.3000000119
96119  -34.369  37.875  11.406 0.3000000119
97098  -34.351  39.712  10.515 0.3000000119
97603  -34.550  40.439  9.404 0.3000000119
118683  -35.389  41.235  8.318 0.3000000119
100089  -38.939  46.713  7.337 0.4000000060
100551  -39.647  47.402  7.439 0.4000000060
99301  -37.554  44.607  6.986 0.4000000060
115021  -38.681  45.777  7.102 0.4000000060
101457  -40.403  50.521  8.052 0.3000000119
92950  -37.033  31.317  17.666 0.2000000030
122069  -37.823  31.329  17.988 0.3000000119
92952  -39.360  31.453  17.847 0.3000000119
92435  -40.679  31.345  17.726 0.3000000119
91957  -42.253  29.612  15.815 0.4000000060
93514  -35.092  31.975  15.180 0.2000000030
92967  -35.621  31.534  15.785 0.2000000030
92960  -38.742  31.554  17.287 0.3000000119
120887  -41.470  31.513  17.417 0.3000000119
92976  -35.863  31.689  14.899 0.2000000030
92977  -36.691  31.603  14.652 0.2000000030
93522  -35.390  32.252  14.420 0.2000000030
93533  -35.754  32.569  13.677 0.2000000030
94065  -34.918  32.813  13.967 0.2000000030
94074  -35.900  33.044  13.068 0.2000000030
94621  -34.409  34.407  12.475 0.2000000030
95133  -34.952  34.914  11.905 0.2000000030
95632  -34.001  37.251  11.679 0.2000000030
96602  -33.972  38.602  11.273 0.4000000060
97097  -33.564  39.765  10.068 0.4000000060
97602  -33.851  40.187  9.489 0.3000000119
99695  -36.799  45.383  7.324 0.4000000060
129660  -36.280  43.890  7.182 0.4000000060
113981  -37.029  43.847  7.057 0.4000000060
100088  -37.943  46.451  7.419 0.4000000060
98517  -36.123  42.502  7.515 0.4000000060
98915  -36.573  43.196  7.237 0.4000000060
99696  -37.706  45.606  7.147 0.4000000060
113792  -40.348  48.087  7.488 0.3000000119
92432  -37.394  31.039  18.132 0.3000000119
92433  -38.570  30.353  17.975 0.3000000119
91943  -40.358  30.326  17.576 0.3000000119
91950  -41.774  29.588  16.341 0.3000000119
91445  -42.020  28.629  15.836 0.4000000060
90946  -42.788  27.863  14.782 0.5000000000
93513  -34.394  32.355  15.489 0.2000000030
94063  -33.794  33.605  14.661 0.2000000030
93512  -34.074  32.994  15.064 0.2000000030
94064  -34.271  33.190  14.320 0.2000000030
94606  -32.827  34.671  13.946 0.2000000030
94614  -33.409  34.340  13.562 0.2000000030
94615  -34.029  33.984  13.151 0.2000000030
94081  -34.784  33.714  12.841 0.2000000030
95130  -32.648  35.658  12.974 0.2000000030
94620  -33.620  34.663  12.820 0.2000000030
95626  -33.930  36.357  11.905 0.2000000030
96601  -33.169  38.525  11.371 0.3000000119
96613  -33.610  39.211  10.869 0.3000000119
97108  -32.668  39.718  9.694 0.3000000119
98913  -34.643  43.311  7.447 0.3000000119
99694  -35.928  45.181  7.523 0.4000000060
90933  -41.343  27.647  16.427 0.3000000119
113036  -42.345  27.022  16.082 0.3000000119
91437  -39.315  28.380  17.129 0.3000000119
91443  -40.856  28.515  16.610 0.3000000119
90934  -41.943  27.695  16.087 0.3000000119
90939  -43.036  26.933  15.172 0.4000000060
95120  -32.308  35.094  14.361 0.2000000030
95124  -32.378  35.268  13.668 0.2000000030
95619  -31.356  36.266  13.623 0.2000000030
95624  -32.435  36.349  12.765 0.2000000030
129819  -33.589  35.836  12.258 0.2000000030
96108  -31.043  36.941  13.191 0.2000000030
96114  -32.129  37.405  12.313 0.2000000030
96115  -32.614  36.996  12.367 0.2000000030
96117  -32.736  37.789  11.871 0.2000000030
95625  -33.343  37.129  11.985 0.2000000030
96599  -31.414  38.286  11.382 0.2000000030
96600  -32.319  38.385  11.403 0.2000000030
96612  -32.721  38.938  10.901 0.3000000119
97095  -32.220  39.284  10.241 0.3000000119
97600  -31.327  40.474  9.072 0.3000000119
97601  -32.260  40.351  8.958 0.3000000119
98505  -31.970  42.108  8.041 0.3000000119
98079  -33.222  41.815  7.743 0.3000000119
99288  -33.301  44.205  7.884 0.3000000119
99289  -34.210  44.713  7.816 0.3000000119
113660  -33.174  40.164  9.206 0.3000000119
98912  -33.763  43.289  7.539 0.3000000119
99686  -35.365  45.760  8.067 0.3000000119
100087  -36.220  45.958  7.895 0.3000000119
113599  -37.068  46.211  7.658 0.4000000060
99693  -35.068  44.979  7.653 0.4000000060
100534  -37.952  47.789  8.265 0.3000000119
90406  -42.472  26.407  16.435 0.2000000030
91940  -38.088  29.422  17.766 0.3000000119
91436  -38.409  28.317  17.416 0.3000000119
91438  -40.102  28.416  16.809 0.3000000119
90412  -42.839  26.626  15.873 0.2000000030
95114  -31.661  35.510  15.399 0.2000000030
95119  -31.642  35.448  14.824 0.2000000030
95115  -32.461  35.061  15.036 0.2000000030
95123  -31.735  35.583  14.060 0.2000000030
95618  -30.616  36.515  13.965 0.2000000030
96590  -30.027  37.697  12.069 0.2000000030
96608  -28.863  38.767  11.021 0.2000000030
96591  -30.996  37.790  11.986 0.2000000030
96598  -30.432  38.210  11.389 0.2000000030
96609  -29.814  38.699  10.765 0.2000000030
98065  -30.543  41.629  8.825 0.2000000030
98503  -30.710  42.385  8.661 0.2000000030
98895  -30.307  43.024  9.092 0.2000000030
96610  -30.847  38.687  10.694 0.2000000030
97093  -30.216  39.360  10.086 0.3000000119
97106  -30.834  39.924  9.556 0.3000000119
98904  -30.917  43.098  8.685 0.2000000030
98905  -31.529  43.480  8.506 0.3000000119
113417  -31.721  44.389  8.896 0.3000000119
99675  -32.820  45.570  9.313 0.2000000030
121754  -32.272  41.005  8.440 0.3000000119
98066  -31.283  41.771  8.421 0.3000000119
121678  -32.108  42.930  8.005 0.3000000119
116932  -32.333  43.840  8.214 0.3000000119
99684  -33.541  45.320  8.524 0.3000000119
99685  -34.509  45.534  8.239 0.3000000119
100074  -34.853  46.364  8.851 0.3000000119
98911  -32.895  43.194  7.705 0.3000000119
90407  -43.219  25.950  16.431 0.2000000030
90413  -43.465  26.148  15.592 0.4000000060
96101  -29.132  37.184  14.760 0.2000000030
95611  -29.477  36.939  15.546 0.2000000030
95612  -30.110  36.347  15.557 0.2000000030
95118  -30.878  35.796  15.388 0.2000000030
96102  -29.874  36.811  14.303 0.2000000030
95616  -31.039  35.898  14.475 0.2000000030
96106  -29.344  37.254  13.797 0.2000000030
96107  -30.210  37.069  13.472 0.2000000030
96111  -29.669  37.418  12.903 0.2000000030
96588  -28.202  38.024  12.623 0.2000000030
96596  -28.113  39.012  11.442 0.2000000030
97092  -29.191  39.433  10.344 0.2000000030
128290  -29.597  39.789  9.939 0.3000000119
98496  -30.045  42.183  9.108 0.2000000030
98887  -30.069  43.662  9.840 0.2000000030
97581  -27.988  40.158  10.802 0.2000000030
97586  -29.117  40.286  9.897 0.2000000030
97598  -29.577  40.926  9.493 0.2000000030
98896  -30.859  43.895  9.231 0.2000000030
99279  -32.062  45.172  9.448 0.2000000030
99676  -33.534  46.061  9.405 0.3000000119
99677  -34.095  46.018  8.849 0.3000000119
96100  -28.517  37.696  14.814 0.2000000030
96581  -28.736  38.138  15.763 0.2000000030
97070  -27.984  38.885  14.892 0.2000000030
121607  -27.995  38.199  14.384 0.2000000030
96583  -27.616  38.546  13.738 0.2000000030
96585  -28.014  37.958  13.500 0.2000000030
98487  -28.412  42.214  10.485 0.2000000030
98495  -29.009  42.562  10.088 0.2000000030
98886  -29.383  43.381  10.312 0.2000000030
99270  -30.596  44.425  10.256 0.2000000030
99661  -31.786  45.621  11.239 0.2000000030
99667  -32.538  45.982  10.868 0.2000000030
98048  -28.038  41.505  10.637 0.2000000030
99278  -31.337  44.770  9.812 0.2000000030
99666  -31.862  45.402  10.358 0.2000000030
114018  -32.438  45.654  10.014 0.2000000030
99668  -33.014  46.097  10.118 0.2000000030
100064  -34.219  46.534  9.560 0.2000000030
100065  -34.866  47.024  9.721 0.3000000119
97073  -27.171  39.210  13.519 0.2000000030
130041  -32.092  46.144  12.259 0.2000000030
98882  -27.671  43.013  11.784 0.2000000030
98482  -28.033  42.691  11.084 0.2000000030
99269  -29.846  44.153  10.665 0.2000000030
111175  -30.448  44.743  11.182 0.2000000030
99271  -31.158  45.089  10.779 0.2000000030
100046  -32.724  46.485  12.342 0.2000000030
100057  -33.258  46.433  10.865 0.2000000030
98486  -27.830  42.058  10.935 0.2000000030
97062  -27.514  39.533  14.924 0.2000000030
100041  -31.611  46.227  13.354 0.2000000030
99256  -28.142  44.806  13.304 0.2000000030
99257  -29.027  45.095  12.978 0.2000000030
99649  -30.199  45.770  13.624 0.2000000030
99650  -30.857  45.758  13.100 0.2000000030
99656  -32.245  46.351  12.886 0.2000000030
98879  -27.988  43.830  12.079 0.2000000030
99259  -28.481  44.504  12.507 0.2000000030
99653  -30.007  45.340  12.819 0.2000000030
99261  -30.255  44.995  11.999 0.2000000030
100058  -33.703  46.556  10.287 0.2000000030
100036  -29.898  46.201  14.872 0.2000000030
99645  -30.354  46.148  14.333 0.2000000030
115460  -31.750  46.664  14.223 0.2000000030
99643  -28.619  45.584  14.466 0.2000000030
99644  -29.482  45.790  14.232 0.2000000030
100040  -30.957  46.160  13.837 0.2000000030
100033  -31.504  46.921  15.038 0.2000000030
86714  -40.065  20.297  13.365 0.3000000119
115423  -33.953  21.650  11.177 0.1000000015
127835  -43.574  26.369  14.784 0.4000000060
92953  -40.256  31.632  17.703 0.3000000119
92436  -41.094  30.730  17.425 0.3000000119
90938  -42.440  27.575  15.555 0.4000000060
93536  -39.001  32.406  13.455 0.2000000030
83548  -43.417  15.331  11.401 0.1000000015
97589  -36.338  40.724  10.480 0.4000000060
83547  -42.611  15.517  11.371 0.1000000015
87391  -34.235  21.185  11.938 0.1000000015
86086  -33.560  20.007  12.011 0.1000000015
93553  -38.625  32.930  12.866 0.3000000119
94084  -37.406  33.671  12.350 0.2000000030
92958  -36.275  31.371  16.681 0.2000000030
112133  -38.054  31.392  16.289 0.3000000119
92968  -36.481  31.411  15.586 0.2000000030
117382  -38.990  31.111  18.095 0.3000000119
120872  -38.180  31.073  18.134 0.3000000119
91941  -39.424  30.355  17.842 0.3000000119
92949  -35.999  31.271  17.623 0.2000000030
92426  -36.913  30.398  18.213 0.3000000119
120039  -38.937  29.361  17.581 0.3000000119
91942  -39.758  29.357  17.314 0.3000000119
91949  -41.099  29.682  16.875 0.3000000119
91444  -41.483  28.614  16.280 0.3000000119
94071  -33.846  33.756  13.923 0.2000000030
96112  -30.606  37.390  12.687 0.2000000030
97094  -31.300  39.253  10.119 0.3000000119
97107  -31.776  39.762  9.548 0.3000000119
98504  -31.404  42.626  8.339 0.3000000119
99287  -32.574  44.809  8.630 0.2000000030
98056  -28.643  41.564  10.144 0.2000000030
98488  -28.705  43.044  10.701 0.2000000030
99660  -31.095  45.358  11.738 0.2000000030
99264  -28.828  44.183  11.759 0.2000000030
99265  -29.658  44.460  11.483 0.2000000030
87339  -39.748  21.555  17.666 0.1000000015
87340  -40.560  21.867  17.519 0.1000000015
87341  -41.400  22.044  17.333 0.1000000015
89888  -31.836  25.196  12.587 0.1000000015
89889  -32.472  25.317  12.020 0.1000000015
89894  -33.147  25.481  11.408 0.1000000015
89322  -33.230  24.693  10.929 0.1000000015
89315  -32.244  24.411  12.143 0.1000000015
89326  -33.574  24.156  10.292 0.1000000015
89327  -34.006  24.756  9.865 0.1000000015
89900  -33.640  25.121  10.624 0.1000000015
89901  -34.233  25.426  10.357 0.1000000015
89911  -34.511  25.036  9.513 0.1000000015
89912  -35.137  25.185  9.238 0.1000000015
89913  -35.941  25.272  9.098 0.1000000015
90398  -39.535  26.551  17.069 0.2000000030
123212  -40.391  26.625  16.879 0.2000000030
90434  -32.722  26.153  12.070 0.1000000015
118485  -31.445  25.984  12.984 0.1000000015
119259  -32.065  25.984  12.453 0.1000000015
89895  -33.904  25.847  11.154 0.1000000015
89902  -34.967  25.594  10.183 0.1000000015
90428  -31.563  26.795  12.994 0.1000000015
115990  -33.050  26.914  12.378 0.1000000015
90441  -33.483  26.335  11.823 0.1000000015
90442  -34.331  26.488  11.800 0.1000000015
89896  -34.746  25.987  11.101 0.1000000015
90956  -31.883  27.481  13.017 0.1000000015
90433  -32.232  26.756  12.608 0.1000000015
90959  -34.235  27.578  12.535 0.1000000015
90443  -35.411  26.746  11.958 0.1000000015
90449  -35.627  26.023  11.010 0.1000000015
89903  -35.819  25.634  10.088 0.1000000015
111524  -36.191  26.488  11.497 0.1000000015
90450  -36.471  26.051  10.878 0.1000000015
89904  -36.720  25.652  10.039 0.2000000030
89905  -37.624  25.777  9.964 0.3000000119
90457  -38.488  26.016  9.830 0.3000000119
90397  -38.707  26.500  17.257 0.2000000030
90927  -38.989  27.400  17.138 0.2000000030
90928  -39.802  27.461  16.841 0.2000000030
90925  -37.474  27.160  17.431 0.2000000030
90926  -38.202  27.259  17.314 0.2000000030
91469  -30.746  28.337  13.549 0.1000000015
91470  -31.571  28.230  13.300 0.1000000015
91471  -32.214  28.092  13.109 0.1000000015
90958  -33.478  27.717  12.711 0.1000000015
90436  -34.587  27.102  12.295 0.1000000015
90960  -36.089  27.802  12.281 0.2000000030
90965  -36.370  27.020  11.906 0.2000000030
90444  -36.907  26.687  11.453 0.2000000030
89821  -37.166  25.091  18.053 0.1000000015
89839  -36.758  25.768  17.711 0.1000000015
123550  -36.777  27.158  17.542 0.1000000015
90396  -37.906  26.449  17.391 0.1000000015
120164  -37.111  27.870  17.608 0.1000000015
128910  -37.756  27.836  17.485 0.2000000030
118839  -29.409  29.182  13.879 0.1000000015
91979  -30.292  29.328  13.578 0.1000000015
91980  -31.238  29.080  13.399 0.1000000015
91967  -28.658  29.108  14.126 0.1000000015
91477  -33.519  28.516  12.884 0.1000000015
91479  -35.558  28.485  12.508 0.2000000030
128409  -35.020  27.811  12.556 0.1000000015
91480  -36.175  28.802  12.320 0.2000000030
90966  -37.032  27.583  11.814 0.2000000030
91486  -37.379  28.473  11.698 0.2000000030
130227  -37.720  27.846  11.457 0.2000000030
114652  -36.198  25.194  18.118 0.2000000030
91434  -36.791  28.680  17.904 0.2000000030
91939  -37.274  29.510  18.003 0.2000000030
91936  -37.740  30.377  18.095 0.2000000030
118528  -29.543  29.963  13.634 0.1000000015
92469  -30.973  29.974  13.316 0.1000000015
130767  -31.679  29.695  13.272 0.1000000015
91981  -32.144  28.938  13.197 0.1000000015
92991  -29.944  31.126  13.150 0.2000000030
92480  -31.662  30.539  13.075 0.2000000030
91986  -32.360  29.903  13.110 0.2000000030
91987  -33.090  29.243  12.987 0.1000000015
91988  -33.965  29.071  12.840 0.1000000015
91989  -34.863  28.902  12.681 0.1000000015
92479  -30.779  30.868  13.088 0.2000000030
117941  -32.421  30.715  12.851 0.2000000030
92481  -33.096  30.202  12.840 0.2000000030
117075  -34.383  29.775  12.637 0.2000000030
91994  -36.027  29.666  12.214 0.2000000030
91996  -37.697  29.239  11.394 0.2000000030
91997  -38.451  29.113  10.998 0.2000000030
92494  -38.088  29.915  11.016 0.2000000030
127890  -36.290  27.143  17.622 0.1000000015
118529  -34.473  28.124  18.260 0.1000000015
90924  -36.302  27.800  17.774 0.2000000030
120609  -35.069  28.884  18.295 0.1000000015
91934  -35.597  29.632  18.362 0.1000000015
92431  -36.520  30.991  18.124 0.1000000015
93006  -31.430  31.447  12.680 0.2000000030
93008  -33.135  31.077  12.444 0.2000000030
92482  -33.823  30.434  12.539 0.2000000030
92491  -34.678  30.651  12.220 0.2000000030
92483  -35.217  29.793  12.432 0.2000000030
92492  -35.642  30.494  12.006 0.2000000030
92493  -36.484  30.281  11.742 0.2000000030
92500  -36.875  30.898  11.224 0.2000000030
112641  -37.292  30.082  11.390 0.2000000030
92502  -38.479  30.503  10.605 0.2000000030
93037  -38.902  31.033  10.278 0.2000000030
121478  -34.252  30.070  18.393 0.1000000015
92429  -34.776  31.063  18.054 0.1000000015
92430  -35.617  30.984  18.121 0.1000000015
92956  -34.593  31.691  16.861 0.1000000015
92948  -35.117  31.348  17.584 0.1000000015
93018  -32.739  31.833  12.009 0.2000000030
93019  -33.560  31.654  11.857 0.2000000030
93020  -34.377  31.474  11.756 0.2000000030
93021  -35.218  31.267  11.657 0.2000000030
93022  -36.064  31.078  11.469 0.2000000030
93034  -35.618  31.875  11.050 0.2000000030
93036  -38.151  31.284  10.494 0.2000000030
93601  -37.173  32.539  10.308 0.2000000030
93583  -36.392  32.224  10.643 0.2000000030
111081  -37.874  32.774  10.029 0.2000000030
93047  -39.331  32.089  9.868 0.2000000030
94125  -39.207  33.619  9.419 0.2000000030
93603  -39.286  32.888  9.645 0.2000000030
94126  -39.973  33.374  9.298 0.2000000030
94144  -40.590  33.946  8.827 0.2000000030
93491  -31.194  32.542  21.251 0.1000000015
93498  -30.916  32.649  19.470 0.1000000015
94582  -32.306  34.726  20.220 0.1000000015
95074  -34.065  35.509  21.035 0.1000000015
95567  -35.721  36.617  19.861 0.1000000015
95568  -36.672  36.814  20.171 0.1000000015
96058  -38.461  37.541  19.757 0.1000000015
96537  -40.556  38.922  18.540 0.1000000015
92422  -32.764  30.491  18.358 0.1000000015
119241  -31.657  31.902  18.491 0.1000000015
94590  -31.474  33.890  19.161 0.1000000015
95084  -32.679  35.162  19.595 0.1000000015
95566  -34.914  36.318  19.360 0.1000000015
95579  -36.476  37.044  18.967 0.1000000015
96074  -37.682  37.890  17.151 0.1000000015
96075  -38.720  38.551  17.538 0.1000000015
125854  -40.872  39.818  18.154 0.1000000015
92945  -32.457  31.911  18.044 0.1000000015
94052  -32.261  33.415  17.837 0.1000000015
120527  -31.986  34.064  18.353 0.1000000015
93505  -33.926  31.942  17.012 0.1000000015
94053  -33.025  33.344  17.018 0.1000000015
92966  -34.798  31.743  15.984 0.1000000015
94123  -37.237  33.419  9.833 0.2000000030
94645  -37.728  34.158  9.406 0.1000000015
94646  -38.683  34.201  9.298 0.2000000030
94124  -38.380  33.362  9.679 0.2000000030
125028  -39.655  34.998  8.673 0.2000000030
94657  -40.328  34.723  8.537 0.2000000030
94658  -41.249  34.549  8.144 0.2000000030
95085  -34.024  35.953  20.018 0.1000000015
94591  -32.066  34.642  19.182 0.1000000015
95095  -33.398  35.566  19.307 0.1000000015
95578  -35.759  36.630  18.497 0.1000000015
95591  -36.500  36.947  17.498 0.1000000015
96569  -37.850  38.375  17.121 0.1000000015
96570  -39.057  39.091  17.364 0.1000000015
94597  -32.817  34.150  17.373 0.1000000015
94596  -33.294  34.868  17.595 0.1000000015
95105  -33.785  35.401  18.094 0.1000000015
94055  -33.484  33.278  16.124 0.1000000015
94644  -36.755  34.223  9.352 0.1000000015
94655  -37.195  34.807  8.957 0.1000000015
94122  -36.382  33.717  9.658 0.1000000015
113637  -38.950  34.907  8.920 0.1000000015
94143  -39.649  34.271  9.051 0.2000000030
95164  -40.078  35.464  8.202 0.2000000030
111168  -40.842  35.372  7.748 0.2000000030
95181  -41.079  35.870  7.020 0.2000000030
111899  -34.033  35.397  16.028 0.1000000015
94598  -33.574  34.712  16.449 0.1000000015
95109  -34.884  35.710  16.172 0.1000000015
94603  -33.508  34.034  14.912 0.1000000015
94600  -33.563  33.907  15.549 0.1000000015
117154  -33.390  33.916  16.283 0.1000000015
94654  -36.245  34.751  8.712 0.1000000015
94656  -38.096  34.826  9.040 0.1000000015
95163  -39.172  35.558  8.470 0.1000000015
95172  -40.256  36.055  7.508 0.1000000015
95607  -33.223  35.724  16.066 0.1000000015
125260  -34.254  35.959  15.909 0.1000000015
95599  -32.361  36.614  16.797 0.1000000015
95116  -33.261  34.492  15.145 0.1000000015
95111  -32.257  35.457  15.663 0.1000000015
95598  -31.349  36.652  17.023 0.1000000015
96084  -30.658  37.307  17.235 0.1000000015
96579  -30.077  38.515  16.872 0.1000000015
97524  -32.086  41.587  16.406 0.1000000015
94602  -32.951  34.593  14.576 0.1000000015
97051  -29.500  39.489  16.082 0.1000000015
97050  -28.980  40.028  15.792 0.1000000015
97536  -29.229  40.570  16.110 0.1000000015
98016  -30.824  41.641  16.500 0.1000000015
98006  -31.256  42.047  17.243 0.1000000015
97534  -27.116  40.303  15.809 0.1000000015
97533  -26.580  40.796  16.293 0.1000000015
97519  -27.327  40.590  16.652 0.1000000015
95171  -39.414  36.141  7.915 0.1000000015
95673  -41.330  36.239  6.179 0.1000000015
97999  -33.465  42.385  19.230 0.1000000015
97988  -32.818  41.137  19.893 0.1000000015
97494  -31.914  40.780  19.605 0.1000000015
97493  -31.002  40.459  19.429 0.1000000015
97492  -30.118  40.335  19.294 0.1000000015
97505  -30.623  41.116  18.258 0.1000000015
97997  -31.522  41.485  18.497 0.1000000015
95110  -31.212  35.760  16.003 0.1000000015
96094  -29.854  37.322  16.723 0.1000000015
97477  -29.109  40.533  19.743 0.1000000015
96098  -28.862  37.561  15.420 0.1000000015
127292  -28.179  39.536  15.393 0.1000000015
97520  -28.301  40.540  16.679 0.1000000015
97995  -27.460  41.286  19.065 0.1000000015
97068  -26.698  39.874  13.874 0.1000000015
98032  -25.928  41.296  15.040 0.1000000015
98021  -26.258  41.392  16.709 0.1000000015
116310  -26.079  42.102  17.042 0.1000000015
98867  -26.441  43.699  17.839 0.1000000015
97575  -27.010  40.023  12.298 0.1000000015
97574  -26.586  40.529  12.698 0.1000000015
117794  -25.777  42.140  15.518 0.1000000015
109490  -25.990  43.165  15.596 0.1000000015
110663  -26.163  43.579  16.369 0.1000000015
99628  -26.935  44.892  18.074 0.1000000015
95672  -40.375  36.536  6.606 0.1000000015
95680  -40.773  36.760  5.687 0.1000000015
97468  -31.645  39.893  21.239 0.1000000015
97480  -31.403  40.085  20.383 0.1000000015
113001  -29.313  40.628  22.279 0.1000000015
97965  -29.086  41.604  22.315 0.1000000015
97453  -29.882  40.398  22.001 0.1000000015
97466  -30.208  40.246  21.224 0.1000000015
97479  -30.596  40.051  20.427 0.1000000015
97966  -29.450  41.471  21.979 0.1000000015
98439  -29.418  41.630  21.470 0.1000000015
97478  -29.853  40.232  20.071 0.1000000015
97986  -28.920  41.199  20.363 0.1000000015
97490  -28.622  40.591  18.769 0.1000000015
98432  -29.594  42.567  21.980 0.1000000015
98431  -29.365  42.690  21.531 0.1000000015
98438  -28.782  42.127  20.695 0.1000000015
97985  -27.987  41.645  19.858 0.1000000015
97996  -28.256  40.909  19.448 0.1000000015
97994  -27.219  42.085  19.318 0.1000000015
99624  -27.758  45.225  19.477 0.1000000015
100011  -28.066  45.970  19.158 0.1000000015
99234  -27.112  43.910  19.202 0.1000000015
100419  -29.328  47.105  20.429 0.1000000015
97567  -26.279  40.703  13.496 0.1000000015
98037  -26.080  41.856  13.459 0.1000000015
99629  -27.477  45.442  18.588 0.1000000015
100015  -28.665  46.552  18.843 0.1000000015
97579  -26.819  40.784  12.047 0.1000000015
98478  -26.483  41.993  12.614 0.1000000015
98871  -26.169  42.968  13.976 0.1000000015
99247  -26.737  44.634  15.430 0.1000000015
99243  -26.529  44.477  16.292 0.1000000015
100014  -27.962  46.117  18.245 0.1000000015
100428  -29.358  47.112  19.483 0.1000000015
100429  -30.338  47.712  20.156 0.1000000015
98878  -27.265  43.309  12.529 0.1000000015
95661  -38.719  36.557  7.463 0.1000000015
95662  -39.553  36.574  7.184 0.1000000015
95670  -38.156  36.878  6.851 0.1000000015
95671  -39.482  36.982  6.458 0.1000000015
95679  -40.049  37.051  5.965 0.1000000015
98421  -29.360  42.532  22.196 0.1000000015
98839  -29.598  43.219  21.922 0.1000000015
98847  -29.273  43.506  21.403 0.1000000015
98846  -28.657  43.049  20.750 0.1000000015
98854  -27.821  43.577  20.050 0.1000000015
99235  -27.672  44.437  19.731 0.1000000015
99625  -28.363  45.702  20.093 0.1000000015
99231  -29.029  44.354  21.087 0.1000000015
99620  -28.306  44.880  20.278 0.1000000015
100006  -28.932  46.292  20.774 0.1000000015
100420  -30.176  47.646  20.980 0.1000000015
100421  -31.704  48.610  20.957 0.1000000015
99255  -27.634  44.115  12.869 0.1000000015
99252  -27.829  45.122  14.210 0.1000000015
126138  -27.355  45.095  14.987 0.1000000015
129145  -28.687  46.433  17.267 0.1000000015
100021  -28.796  46.574  17.904 0.1000000015
100016  -29.461  47.068  18.616 0.1000000015
100430  -31.626  48.477  19.905 0.1000000015
100878  -32.892  49.411  20.455 0.1000000015
110448  -29.321  46.708  17.268 0.1000000015
100436  -30.349  47.481  18.483 0.1000000015
100437  -31.472  48.234  19.028 0.1000000015
95169  -37.660  36.401  7.480 0.1000000015
95669  -37.228  36.724  6.619 0.1000000015
96158  -37.689  37.195  6.153 0.1000000015
96159  -38.630  37.217  6.303 0.1000000015
96165  -38.183  37.527  5.570 0.1000000015
96173  -38.618  37.821  4.850 0.1000000015
96166  -39.280  37.428  5.621 0.1000000015
96644  -37.973  38.126  4.110 0.1000000015
96174  -39.606  37.760  4.667 0.1000000015
96658  -38.641  38.412  3.385 0.1000000015
96645  -38.981  38.194  4.080 0.1000000015
96646  -39.982  38.200  3.842 0.1000000015
101046  -43.303  49.278  5.452 0.3000000119
100569  -43.596  47.763  6.622 0.4000000060
122100  -39.342  38.531  3.469 0.1000000015
101484  -43.253  50.026  4.560 0.3000000119
100581  -43.516  48.328  5.445 0.2000000030
96659  -39.962  38.796  3.259 0.1000000015
101060  -43.591  49.002  3.355 0.3000000119
112457  -43.866  48.528  3.711 0.3000000119
100590  -43.772  48.048  4.531 0.3000000119
100599  -44.088  47.867  3.678 0.3000000119
100121  -43.872  47.137  4.630 0.3000000119
121030  -44.066  48.546  2.858 0.3000000119
100131  -44.173  46.840  3.823 0.3000000119
98127  -40.676  41.877  2.614 0.2000000030
99735  -43.798  45.744  3.873 0.3000000119
98573  -41.419  42.481  2.634 0.2000000030
98969  -41.879  43.150  3.007 0.2000000030
98970  -42.736  43.720  2.957 0.3000000119
98420  -28.732  42.405  22.458 0.1000000015
98830  -29.030  43.179  22.530 0.1000000015
98831  -29.509  43.388  22.180 0.1000000015
99227  -29.642  43.961  21.941 0.1000000015
99615  -29.538  44.829  21.838 0.1000000015
99621  -28.935  45.308  20.989 0.1000000015
100007  -29.568  47.012  21.387 0.1000000015
100870  -33.076  49.799  21.168 0.1000000015
127657  -33.205  50.138  20.792 0.1000000015
99641  -28.367  45.951  15.839 0.1000000015
100440  -30.466  47.331  17.399 0.1000000015
107938  -31.158  47.842  18.218 0.1000000015
100890  -33.018  49.326  19.604 0.1000000015
119606  -32.958  50.399  20.494 0.1000000015
108230  -36.513  46.737  8.365 0.2000000030
102234  -37.614  52.086  11.847 0.1000000015
95678  -36.934  36.972  5.971 0.1000000015
96164  -37.165  37.358  5.340 0.1000000015
102613  -39.119  53.167  10.089 0.1000000015
102250  -40.054  53.239  9.128 0.2000000030
102257  -40.804  53.036  8.261 0.2000000030
101872  -41.342  52.009  7.792 0.2000000030
111590  -42.012  51.005  7.736 0.4000000060
102623  -38.834  53.288  9.558 0.1000000015
102624  -39.414  53.417  9.445 0.1000000015
102635  -39.971  53.800  8.137 0.1000000015
112634  -41.313  52.937  7.569 0.2000000030
102645  -39.835  53.613  7.152 0.1000000015
111431  -40.570  53.813  7.418 0.2000000030
102646  -41.034  53.800  6.887 0.3000000119
101873  -41.868  52.048  7.005 0.4000000060
101470  -42.888  50.168  7.154 0.4000000060
101460  -43.113  49.378  7.506 0.4000000060
102263  -40.598  53.459  6.354 0.1000000015
102272  -40.276  52.256  5.528 0.2000000030
102274  -41.674  52.607  5.466 0.3000000119
102266  -42.237  52.140  5.812 0.4000000060
101471  -43.231  49.588  6.578 0.3000000119
101038  -43.342  48.677  7.281 0.4000000060
117721  -41.609  52.239  4.777 0.3000000119
101885  -42.194  52.009  4.861 0.3000000119
101887  -42.948  50.881  5.658 0.4000000060
101884  -41.005  51.774  4.541 0.2000000030
101893  -41.950  51.428  4.335 0.3000000119
101894  -42.539  51.217  4.511 0.3000000119
101477  -43.204  50.229  5.549 0.3000000119
101482  -41.995  50.372  3.914 0.3000000119
101490  -43.193  49.664  3.752 0.3000000119
101059  -43.122  49.235  3.085 0.3000000119
99736  -44.538  46.438  2.983 0.3000000119
98574  -42.468  42.896  2.394 0.2000000030
99746  -44.128  45.380  3.132 0.3000000119
99340  -43.280  45.015  3.732 0.3000000119
128818  -43.777  44.029  2.550 0.3000000119
99350  -43.429  44.532  3.169 0.3000000119
101330  -31.803  50.250  20.877 0.1000000015
100031  -30.018  46.535  15.681 0.1000000015
100027  -30.692  47.158  16.488 0.1000000015
100902  -32.612  48.720  18.623 0.1000000015
100879  -33.377  50.099  19.509 0.1000000015
101339  -32.206  50.386  19.708 0.1000000015
116043  -31.511  50.191  20.155 0.1000000015
108094  -30.629  46.531  15.018 0.1000000015
117397  -31.429  47.658  17.106 0.1000000015
100903  -33.171  49.026  18.003 0.1000000015
101347  -33.216  50.124  18.687 0.1000000015
101345  -31.374  50.071  18.826 0.1000000015
100877  -30.315  49.648  19.378 0.1000000015
100051  -33.118  46.544  11.644 0.1000000015
100509  -34.847  47.548  11.266 0.1000000015
100059  -34.394  47.047  10.427 0.1000000015
100510  -35.485  48.025  11.075 0.1000000015
100519  -35.570  47.599  9.992 0.1000000015
100532  -36.019  47.224  9.113 0.2000000030
101000  -37.707  48.550  8.995 0.2000000030
100535  -38.726  47.664  7.767 0.3000000119
101019  -39.394  48.329  7.766 0.3000000119
102233  -36.840  51.867  11.454 0.1000000015
101840  -38.244  51.949  11.611 0.1000000015
101861  -39.240  51.980  10.032 0.2000000030
120209  -39.287  51.108  9.052 0.2000000030
101850  -36.460  51.790  10.127 0.1000000015
102235  -38.119  52.325  11.489 0.1000000015
102236  -38.589  52.441  10.729 0.2000000030
101862  -39.767  52.321  9.330 0.1000000015
126479  -39.895  51.408  8.524 0.2000000030
101871  -40.694  51.808  8.210 0.2000000030
102242  -38.285  52.805  10.399 0.1000000015
102634  -39.281  53.518  8.752 0.1000000015
121026  -42.513  50.011  7.746 0.4000000060
101024  -43.131  48.723  8.196 0.4000000060
102249  -37.903  52.811  9.222 0.1000000015
102255  -37.791  52.404  8.146 0.1000000015
102261  -37.998  51.956  7.233 0.1000000015
101877  -39.565  52.585  6.351 0.1000000015
96657  -37.913  38.292  3.207 0.1000000015
101883  -39.374  51.450  5.772 0.1000000015
127178  -38.511  38.610  2.781 0.1000000015
101476  -40.580  50.345  4.566 0.3000000119
97669  -39.642  40.189  2.031 0.1000000015
101052  -41.052  49.659  3.970 0.3000000119
117654  -41.821  49.424  3.376 0.3000000119
101489  -42.628  49.847  3.625 0.3000000119
127575  -40.565  41.387  2.016 0.2000000030
101058  -42.495  49.103  2.899 0.3000000119
101071  -43.611  48.954  2.723 0.3000000119
122262  -44.302  48.340  2.050 0.3000000119
98141  -41.259  41.793  1.815 0.2000000030
98142  -42.080  42.320  1.948 0.2000000030
110749  -44.427  44.777  2.444 0.3000000119
101331  -33.008  50.164  21.394 0.1000000015
101309  -32.623  50.204  22.649 0.1000000015
101320  -31.800  50.281  21.780 0.1000000015
100869  -30.077  49.623  20.220 0.1000000015
100032  -31.111  47.070  15.757 0.1000000015
100446  -31.785  47.637  16.553 0.1000000015
101355  -33.028  50.013  17.904 0.1000000015
101354  -32.196  50.192  18.190 0.1000000015
100889  -29.826  49.438  18.396 0.1000000015
100888  -28.944  48.957  18.795 0.1000000015
100463  -32.382  47.318  14.969 0.1000000015
100448  -33.217  48.667  16.184 0.1000000015
101362  -32.788  49.671  17.186 0.1000000015
101360  -30.840  49.728  17.379 0.1000000015
100901  -29.643  49.283  17.548 0.1000000015
100900  -28.440  48.710  17.895 0.1000000015
100499  -34.103  47.313  12.342 0.1000000015
100487  -34.019  47.484  13.142 0.1000000015
100500  -34.812  47.682  12.213 0.1000000015
100489  -35.437  48.402  12.984 0.1000000015
100501  -35.460  48.220  12.090 0.1000000015
101394  -35.840  49.762  13.263 0.1000000015
100971  -36.104  48.768  11.926 0.1000000015
100511  -36.140  48.456  10.792 0.1000000015
100984  -36.819  48.885  10.484 0.2000000030
101001  -38.530  48.680  8.404 0.2000000030
101815  -36.440  50.298  12.714 0.1000000015
100962  -36.448  49.621  12.553 0.1000000015
100972  -36.728  49.374  11.641 0.1000000015
100985  -37.461  49.270  10.049 0.2000000030
101445  -38.168  49.600  9.480 0.2000000030
101446  -38.871  49.894  8.833 0.3000000119
117071  -35.073  50.372  11.735 0.1000000015
101839  -36.352  51.289  11.927 0.1000000015
102222  -37.216  51.611  12.209 0.1000000015
101407  -37.891  51.322  12.050 0.1000000015
101433  -38.646  50.981  10.133 0.2000000030
101447  -39.558  50.145  8.338 0.3000000119
101838  -35.429  50.750  11.223 0.1000000015
109563  -35.841  51.279  10.649 0.1000000015
101849  -35.057  50.499  9.975 0.1000000015
110172  -37.195  52.355  9.705 0.1000000015
101859  -35.500  50.906  9.208 0.1000000015
101868  -35.736  50.598  8.144 0.1000000015
101869  -36.472  51.067  7.851 0.1000000015
101870  -37.189  51.490  7.520 0.1000000015
101469  -38.488  51.378  6.392 0.1000000015
101876  -36.791  50.603  7.061 0.1000000015
101468  -37.595  50.081  6.175 0.1000000015
112384  -38.758  50.204  5.571 0.1000000015
124087  -39.987  50.905  5.200 0.1000000015
96678  -38.104  38.334  2.298 0.1000000015
96679  -38.787  38.891  2.191 0.1000000015
101045  -39.571  49.717  4.931 0.1000000015
111285  -40.112  49.383  4.382 0.1000000015
96692  -38.648  38.687  1.590 0.1000000015
97172  -39.340  39.757  1.438 0.1000000015
97678  -39.767  40.262  1.363 0.1000000015
101057  -40.963  48.951  3.266 0.3000000119
100598  -41.595  48.649  2.671 0.3000000119
101070  -43.154  48.882  2.456 0.3000000119
98140  -40.733  41.139  1.279 0.2000000030
101069  -42.520  48.679  2.340 0.3000000119
100612  -43.827  48.683  2.170 0.3000000119
97679  -40.236  40.531  0.910 0.2000000030
100148  -44.944  47.079  1.807 0.3000000119
108844  -42.315  41.824  1.340 0.1000000015
98585  -43.185  42.494  1.606 0.2000000030
98980  -43.670  43.318  2.049 0.2000000030
125475  -44.042  42.897  1.492 0.1000000015
98971  -44.664  44.073  1.858 0.3000000119
101329  -29.946  49.681  21.013 0.1000000015
100876  -28.816  48.930  19.562 0.1000000015
100887  -27.638  48.561  18.802 0.1000000015
100474  -33.130  47.301  14.121 0.1000000015
100464  -33.137  47.598  14.851 0.1000000015
101368  -32.797  49.537  16.368 0.1000000015
101367  -31.969  49.763  16.468 0.1000000015
100910  -30.833  49.592  16.557 0.1000000015
114364  -28.683  48.708  16.963 0.1000000015
100475  -33.965  47.785  14.075 0.1000000015
101376  -34.039  49.345  14.890 0.1000000015
101374  -32.912  49.507  15.569 0.1000000015
100941  -34.915  48.956  14.224 0.1000000015
101375  -33.644  49.478  14.593 0.1000000015
101393  -35.375  49.916  13.444 0.1000000015
100942  -35.196  49.363  13.756 0.1000000015
101392  -34.455  49.737  12.928 0.1000000015
101405  -35.231  50.250  12.680 0.1000000015
100960  -33.552  49.174  11.860 0.1000000015
101404  -34.314  49.713  11.518 0.1000000015
101417  -34.686  50.057  10.635 0.1000000015
101444  -35.051  50.034  8.376 0.1000000015
101455  -35.404  49.710  7.641 0.1000000015
101456  -36.124  50.158  7.348 0.1000000015
128374  -37.110  50.305  6.621 0.1000000015
101467  -36.674  49.711  6.630 0.1000000015
101037  -37.046  49.017  5.994 0.1000000015
101475  -37.866  49.147  5.602 0.1000000015
101044  -38.638  49.012  5.107 0.1000000015
101051  -39.298  48.771  4.504 0.2000000030
108363  -39.136  39.127  0.871 0.1000000015
111940  -40.061  48.607  3.803 0.2000000030
100596  -39.562  47.554  3.423 0.2000000030
97184  -39.724  39.877  0.721 0.1000000015
100597  -40.523  48.107  3.034 0.2000000030
100611  -43.247  48.443  1.834 0.3000000119
97689  -40.404  40.092  0.144 0.1000000015
97680  -40.966  40.753  0.459 0.1000000015
98151  -41.573  41.291  0.956 0.1000000015
100610  -42.069  48.159  2.020 0.3000000119
100623  -43.936  48.031  1.155 0.3000000119
100613  -44.762  48.026  1.442 0.3000000119
100625  -45.419  47.523  0.859 0.3000000119
99351  -45.374  45.011  1.533 0.3000000119
98586  -44.923  43.353  1.241 0.3000000119
100868  -28.688  48.989  20.347 0.1000000015
100899  -26.886  48.357  17.672 0.1000000015
100918  -29.799  49.018  15.902 0.1000000015
100909  -29.715  49.190  16.723 0.1000000015
116113  -27.705  48.360  17.131 0.1000000015
100938  -31.896  49.022  13.945 0.1000000015
100920  -31.931  49.601  15.651 0.1000000015
100927  -29.920  48.697  15.104 0.1000000015
100917  -28.843  48.561  16.158 0.1000000015
127306  -27.840  48.204  16.415 0.1000000015
100908  -26.827  48.073  16.693 0.1000000015
101383  -34.324  49.384  14.337 0.1000000015
100939  -32.766  49.317  13.833 0.1000000015
109424  -34.830  49.609  13.876 0.1000000015
100970  -33.396  48.971  10.737 0.1000000015
101416  -33.933  49.405  10.124 0.1000000015
100982  -32.270  48.226  9.490 0.1000000015
101430  -33.793  49.223  9.044 0.1000000015
100983  -33.107  48.736  9.545 0.1000000015
100997  -33.172  48.668  8.520 0.1000000015
100998  -33.882  48.915  8.236 0.1000000015
101017  -34.627  49.145  7.839 0.1000000015
101018  -35.193  48.912  7.284 0.1000000015
101036  -36.268  48.662  6.386 0.1000000015
128157  -37.320  48.399  5.570 0.1000000015
101043  -37.897  48.276  5.211 0.1000000015
101050  -38.490  48.127  4.708 0.1000000015
100589  -39.054  47.869  4.111 0.1000000015
100609  -40.998  47.700  2.361 0.2000000030
97690  -41.392  40.162  -0.292 0.1000000015
100147  -41.523  47.162  1.861 0.2000000030
97681  -41.934  40.828  0.258 0.1000000015
98152  -42.555  41.309  0.691 0.1000000015
100161  -44.441  47.484  0.552 0.3000000119
100172  -45.436  47.250  0.356 0.3000000119
98593  -43.422  41.835  0.919 0.1000000015
98594  -44.510  42.536  0.955 0.1000000015
99759  -45.907  45.987  1.030 0.3000000119
98595  -46.111  43.593  0.313 0.2000000030
98972  -45.655  44.265  0.985 0.3000000119
111109  -27.719  48.635  19.800 0.1000000015
100445  -26.960  47.793  15.870 0.1000000015
108795  -26.049  48.310  16.928 0.1000000015
100937  -30.980  48.669  14.104 0.1000000015
100461  -29.079  48.015  14.510 0.1000000015
100453  -28.972  48.325  15.350 0.1000000015
100473  -31.077  48.291  13.251 0.1000000015
124135  -32.774  48.988  12.913 0.1000000015
100948  -31.975  48.601  13.064 0.1000000015
115562  -32.879  48.748  12.064 0.1000000015
100485  -31.212  47.933  12.364 0.1000000015
100958  -32.150  48.006  11.016 0.1000000015
100969  -32.637  48.394  10.339 0.1000000015
100981  -31.506  47.847  9.496 0.1000000015
100996  -32.437  48.349  8.736 0.1000000015
100995  -31.790  48.052  8.893 0.1000000015
101016  -33.264  48.356  7.774 0.1000000015
117805  -33.977  48.486  7.637 0.1000000015
101034  -34.540  48.167  7.085 0.1000000015
101035  -35.450  48.336  6.715 0.1000000015
100568  -35.790  47.692  6.063 0.1000000015
101042  -36.635  48.051  5.789 0.1000000015
100580  -37.113  47.539  5.172 0.1000000015
100588  -38.172  47.348  4.279 0.1000000015
100595  -38.609  47.039  3.643 0.1000000015
100608  -40.021  47.152  2.755 0.2000000030
100146  -40.465  46.684  2.147 0.2000000030
100160  -43.237  47.202  0.870 0.2000000030
126392  -44.814  46.906  0.044 0.2000000030
99359  -46.217  45.967  0.291 0.3000000119
99358  -46.033  45.181  0.610 0.3000000119
98987  -46.259  44.516  0.211 0.3000000119
100866  -26.955  48.723  20.185 0.1000000015
100875  -26.721  48.618  19.363 0.1000000015
100898  -25.976  48.491  17.712 0.1000000015
100460  -28.132  47.708  14.788 0.1000000015
100462  -30.027  48.347  14.281 0.1000000015
100452  -28.004  47.986  15.621 0.1000000015
100470  -28.271  47.312  12.960 0.1000000015
100484  -30.265  47.663  12.584 0.1000000015
111824  -29.269  47.410  12.754 0.1000000015
114755  -30.375  47.485  11.709 0.1000000015
100498  -31.288  47.720  11.403 0.1000000015
100508  -31.225  47.663  10.359 0.1000000015
100506  -29.608  47.496  10.370 0.1000000015
100517  -30.650  47.626  9.499 0.1000000015
100548  -31.849  47.617  7.347 0.1000000015
100531  -31.753  47.933  8.191 0.1000000015
100530  -31.031  47.728  8.648 0.1000000015
100549  -32.654  47.670  7.179 0.1000000015
99765  -42.153  45.268  0.568 0.2000000030
99766  -43.137  45.653  0.168 0.2000000030
99758  -42.603  46.059  0.820 0.2000000030
99767  -44.438  46.167  -0.300 0.2000000030
99777  -45.290  45.606  -0.787 0.2000000030
99768  -45.617  46.473  -0.242 0.3000000119
99371  -46.278  45.261  -0.214 0.2000000030
99778  -46.014  45.569  -0.579 0.3000000119
98988  -46.486  44.241  -0.464 0.1000000015
100886  -26.376  48.563  18.467 0.1000000015
118119  -27.178  47.607  15.048 0.1000000015
100444  -26.091  47.924  16.082 0.1000000015
117063  -28.198  47.423  13.888 0.1000000015
100459  -27.286  47.416  14.187 0.1000000015
99369  -42.462  44.812  -0.034 0.2000000030
99370  -43.806  45.216  -0.545 0.2000000030
99387  -46.282  44.797  -0.809 0.1000000015
98596  -46.531  43.249  -0.571 0.1000000015
98604  -46.387  42.447  -0.697 0.1000000015
99384  -43.012  44.226  -0.826 0.1000000015
99000  -43.986  43.900  -1.332 0.1000000015
99001  -45.329  44.010  -1.418 0.1000000015
98605  -46.380  42.763  -1.124 0.1000000015
99002  -46.330  43.818  -1.157 0.1000000015
99018  -46.201  42.898  -1.494 0.1000000015
99014  -41.644  43.195  -1.370 0.1000000015
115487  -41.150  42.982  -2.204 0.1000000015
99017  -45.611  43.186  -1.665 0.1000000015
90445  -37.751  27.042  11.246 0.2000000030
93604  -40.179  32.395  9.519 0.2000000030
92495  -38.835  29.729  10.635 0.2000000030
92957  -35.389  31.480  16.752 0.1000000015
100076  -37.378  47.071  8.140 0.3000000119
93507  -33.826  32.777  15.836 0.1000000015
94058  -33.715  33.416  15.360 0.1000000015
90932  -40.615  27.549  16.651 0.2000000030
100075  -35.709  46.506  8.567 0.2000000030
107984  -33.203  34.975  15.525 0.1000000015
118087  -33.517  34.512  15.714 0.1000000015
121858  -28.522  38.326  11.793 0.1000000015
100066  -35.378  46.958  9.228 0.2000000030
95605  -30.693  36.413  16.627 0.1000000015
96595  -27.802  38.705  12.205 0.1000000015
96587  -27.607  38.541  13.024 0.1000000015
97580  -27.413  40.285  11.504 0.1000000015
97584  -27.677  40.875  10.921 0.1000000015
97063  -28.410  38.748  15.358 0.1000000015
96578  -29.269  38.274  16.314 0.1000000015
97079  -27.269  39.274  12.657 0.1000000015
97072  -26.753  39.900  13.083 0.1000000015
98479  -26.991  42.491  12.197 0.1000000015
98042  -26.891  41.619  11.920 0.1000000015
100047  -33.446  46.920  12.418 0.1000000015
100052  -33.944  47.039  11.359 0.1000000015
97547  -26.949  40.068  15.120 0.1000000015
97558  -26.392  40.488  14.547 0.1000000015
128147  -32.530  47.088  14.342 0.1000000015
100030  -29.084  45.978  15.156 0.1000000015
100454  -32.331  47.647  15.875 0.1000000015
108914  -28.063  45.583  15.054 0.1000000015
91935  -36.449  29.585  18.234 0.1000000015
89321  -32.770  24.598  11.477 0.1000000015
88718  -33.069  23.890  10.893 0.1000000015
90399  -41.203  26.777  16.708 0.2000000030
126435  -31.817  26.389  12.732 0.1000000015
89882  -30.627  25.690  13.575 0.1000000015
90435  -33.865  27.007  12.300 0.1000000015
90957  -32.608  27.539  12.817 0.1000000015
90953  -31.156  27.492  13.348 0.1000000015
90451  -37.319  26.224  10.767 0.2000000030
91476  -32.847  28.327  13.004 0.1000000015
91478  -34.192  28.259  12.750 0.1000000015
90394  -36.368  26.536  17.612 0.1000000015
91978  -28.843  29.775  13.869 0.1000000015
91990  -35.582  29.136  12.476 0.2000000030
91485  -36.740  28.388  12.072 0.2000000030
91995  -36.864  29.302  11.902 0.2000000030
91432  -35.966  28.741  18.136 0.1000000015
92468  -30.186  30.324  13.381 0.2000000030
92467  -29.546  30.634  13.408 0.2000000030
128991  -31.955  31.054  12.834 0.2000000030
129541  -33.678  29.748  12.800 0.2000000030
92501  -37.682  30.724  10.906 0.2000000030
91933  -34.067  29.126  18.416 0.1000000015
92425  -36.048  30.414  18.325 0.1000000015
93007  -32.264  31.386  12.500 0.2000000030
93035  -37.239  31.614  10.714 0.2000000030
92423  -33.655  30.586  18.278 0.1000000015
91932  -33.371  29.837  18.420 0.1000000015
92943  -33.940  31.173  17.985 0.1000000015
92946  -33.361  31.839  17.565 0.1000000015
93568  -33.967  32.194  11.229 0.2000000030
130378  -34.805  31.858  11.287 0.2000000030
127928  -36.445  31.537  11.028 0.2000000030
93046  -38.697  31.741  10.156 0.2000000030
93584  -37.952  32.075  10.286 0.2000000030
93602  -38.593  32.485  9.954 0.2000000030
127679  -31.929  33.690  21.231 0.1000000015
93482  -31.745  32.154  21.976 0.1000000015
94035  -31.433  33.459  20.779 0.1000000015
93496  -30.851  32.697  20.361 0.1000000015
94047  -31.139  33.419  19.825 0.1000000015
94049  -31.217  33.237  19.141 0.1000000015
93500  -31.313  32.630  18.765 0.1000000015
94583  -33.178  35.300  20.431 0.1000000015
94581  -31.608  34.137  20.019 0.1000000015
94568  -32.763  34.579  21.074 0.1000000015
127314  -34.969  36.032  20.667 0.1000000015
95557  -36.069  36.237  20.879 0.1000000015
112906  -34.810  35.404  21.473 0.1000000015
96057  -37.388  37.334  19.324 0.1000000015
96065  -37.229  37.407  17.917 0.1000000015
120017  -39.188  38.089  19.271 0.1000000015
96066  -38.299  37.911  18.358 0.1000000015
96068  -40.278  38.480  19.348 0.1000000015
97026  -40.079  39.764  17.803 0.1000000015
92942  -33.067  31.207  18.115 0.1000000015
92941  -32.172  31.173  18.354 0.1000000015
93503  -32.686  32.647  17.562 0.1000000015
93501  -31.939  32.666  18.193 0.1000000015
94595  -32.535  34.595  18.260 0.1000000015
95104  -32.869  35.122  18.703 0.1000000015
96091  -37.148  37.767  16.695 0.1000000015
93504  -33.462  32.587  16.785 0.1000000015
95096  -34.282  35.916  18.727 0.1000000015
97025  -39.111  39.794  17.615 0.1000000015
95108  -34.173  35.264  16.775 0.1000000015
95606  -31.781  36.012  16.415 0.1000000015
96562  -30.886  38.161  17.460 0.1000000015
97052  -30.305  39.996  16.334 0.1000000015
97033  -30.884  39.258  17.100 0.1000000015
97525  -32.920  41.691  16.822 0.1000000015
119636  -30.703  40.826  16.134 0.1000000015
98022  -30.757  41.217  16.215 0.1000000015
127052  -32.130  42.068  16.373 0.1000000015
97535  -28.157  40.194  15.866 0.1000000015
115717  -29.925  40.628  16.036 0.1000000015
98015  -29.974  41.179  16.141 0.1000000015
97521  -29.132  40.879  16.696 0.1000000015
97522  -29.816  41.311  16.856 0.1000000015
98023  -31.729  42.174  16.487 0.1000000015
98007  -32.172  42.343  17.695 0.1000000015
116766  -29.815  40.857  18.063 0.1000000015
97503  -29.099  40.700  17.838 0.1000000015
97546  -26.423  40.671  15.480 0.1000000015
97518  -26.735  40.957  16.969 0.1000000015
97481  -32.275  40.323  20.563 0.1000000015
98005  -27.193  41.054  18.185 0.1000000015
98013  -26.596  41.452  17.572 0.1000000015
97502  -28.368  40.595  17.691 0.1000000015
98454  -26.691  42.585  18.654 0.1000000015
98004  -26.852  41.748  18.512 0.1000000015
124395  -25.968  41.257  14.211 0.1000000015
109491  -25.946  42.642  16.353 0.1000000015
98463  -26.383  42.313  17.878 0.1000000015
98868  -26.176  43.060  17.242 0.1000000015
112187  -26.378  44.042  17.093 0.1000000015
98860  -26.671  43.419  18.590 0.1000000015
99238  -26.742  44.197  18.387 0.1000000015
98041  -26.410  41.258  12.666 0.1000000015
99250  -26.299  43.747  14.847 0.1000000015
99246  -26.273  43.957  15.693 0.1000000015
99633  -27.361  45.535  17.688 0.1000000015
125072  -29.856  39.773  22.784 0.1000000015
98446  -27.832  42.549  20.046 0.1000000015
98853  -27.114  43.011  19.367 0.1000000015
98875  -26.872  43.580  13.332 0.1000000015
98872  -26.638  43.867  14.045 0.1000000015
109142  -27.304  44.370  13.689 0.1000000015
99636  -26.819  44.952  15.974 0.1000000015
99251  -26.960  44.523  14.505 0.1000000015
99637  -27.357  45.524  16.798 0.1000000015
100020  -28.040  46.134  17.282 0.1000000015
99638  -27.932  45.917  16.469 0.1000000015
100025  -28.711  46.322  16.654 0.1000000015
101053  -43.482  48.995  4.342 0.3000000119
121414  -42.471  50.738  4.088 0.3000000119
100132  -44.432  47.684  2.628 0.3000000119
115425  -29.639  44.574  22.369 0.1000000015
109730  -29.158  46.301  15.966 0.1000000015
100441  -31.908  48.146  17.783 0.1000000015
100999  -37.053  48.296  9.475 0.2000000030
101874  -42.398  50.860  7.261 0.4000000060
101878  -42.622  51.177  6.376 0.4000000060
99747  -45.105  45.918  2.074 0.3000000119
100904  -33.269  49.439  17.604 0.1000000015
101432  -37.977  50.348  10.798 0.2000000030
101860  -36.291  51.537  8.849 0.1000000015
100447  -32.755  48.425  16.716 0.1000000015
101361  -32.077  49.930  17.289 0.1000000015
129034  -33.520  48.800  15.705 0.1000000015
101363  -33.067  49.295  16.938 0.1000000015
100488  -34.800  47.892  13.067 0.1000000015
100466  -34.524  48.565  14.411 0.1000000015
101418  -37.412  49.857  11.287 0.2000000030
101827  -36.618  50.945  12.558 0.1000000015
101826  -35.846  50.740  12.376 0.1000000015
101406  -37.252  50.431  12.217 0.1000000015
101443  -34.405  49.572  8.622 0.1000000015
100162  -45.653  46.754  1.214 0.3000000119
100624  -44.916  48.051  0.861 0.3000000119
120396  -33.692  47.880  14.687 0.1000000015
100931  -33.820  49.101  15.222 0.1000000015
100930  -32.847  49.473  14.725 0.1000000015
100929  -31.903  49.371  14.805 0.1000000015
100959  -32.844  48.582  11.240 0.1000000015
100622  -42.694  47.695  1.493 0.3000000119
100173  -45.968  46.764  0.455 0.3000000119
100928  -30.891  49.087  14.910 0.1000000015
100159  -42.081  46.565  1.389 0.2000000030
100472  -30.139  47.985  13.440 0.1000000015
100171  -43.755  46.595  0.336 0.2000000030
100469  -27.365  47.428  13.277 0.1000000015
100483  -29.415  47.313  11.904 0.1000000015
118699  -30.129  47.636  8.796 0.1000000015
99385  -44.681  44.707  -1.129 0.1000000015
99386  -45.982  44.894  -1.168 0.1000000015
98999  -42.033  43.614  -0.851 0.1000000015
89825  -40.637  25.282  17.912 0.1000000015
89277  -37.621  24.590  18.617 0.1000000015
89823  -38.937  25.092  17.941 0.1000000015
89842  -39.244  25.758  17.415 0.1000000015
121058  -41.104  25.864  17.225 0.1000000015
90405  -41.883  26.935  16.431 0.1000000015
119532  -35.830  24.512  18.728 0.1000000015
89274  -34.365  24.984  18.618 0.1000000015
89843  -40.119  25.809  17.310 0.1000000015
89840  -37.566  25.708  17.625 0.1000000015
89822  -38.046  25.059  17.999 0.1000000015
89824  -39.794  25.206  17.877 0.1000000015
80765  -42.771  12.232  14.423 0.1000000015
80766  -43.278  12.101  13.793 0.1000000015
80071  -43.034  11.156  14.162 0.1000000015
81456  -43.272  13.025  14.269 0.1000000015
112447  -43.977  13.461  14.286 0.1000000015
121811  -43.391  10.015  13.959 0.1000000015
80078  -43.747  10.822  13.515 0.1000000015
81463  -43.752  12.983  13.644 0.1000000015
78681  -44.143  8.457  13.374 0.1000000015
81457  -44.634  13.580  13.766 0.1000000015
78688  -43.513  8.097  12.863 0.1000000015
80772  -43.894  11.999  13.201 0.1000000015
79410  -44.448  9.015  13.304 0.1000000015
78689  -44.253  8.278  12.981 0.1000000015
80079  -44.459  9.882  13.133 0.1000000015
78700  -44.077  8.439  12.528 0.1000000015
78690  -44.611  8.677  12.871 0.1000000015
79411  -44.791  9.182  12.843 0.1000000015
122045  -44.418  10.984  12.886 0.1000000015
78701  -44.638  8.731  12.479 0.1000000015
80087  -44.962  9.982  12.576 0.1000000015
80778  -45.105  11.281  12.310 0.1000000015
78699  -43.088  8.525  12.010 0.1000000015
79427  -44.087  9.007  11.695 0.1000000015
79420  -45.023  9.211  12.323 0.1000000015
79434  -42.969  9.341  10.938 0.1000000015
80779  -45.749  11.190  11.625 0.1000000015
81472  -45.646  12.347  11.933 0.1000000015
81473  -46.516  13.025  11.699 0.1000000015
79442  -42.734  9.691  10.024 0.1000000015
81478  -46.161  12.148  11.414 0.1000000015
82153  -47.213  13.741  12.163 0.1000000015
113827  -43.442  10.225  9.690 0.1000000015
80101  -44.438  10.264  10.226 0.1000000015
80110  -45.104  10.650  9.774 0.1000000015
80120  -45.682  10.959  9.404 0.1000000015
80802  -46.395  11.191  9.418 0.1000000015
80795  -47.121  11.822  10.033 0.1000000015
81490  -47.937  12.730  10.004 0.1000000015
121305  -47.132  11.616  9.377 0.1000000015
80796  -47.826  12.340  9.446 0.1000000015
79428  -45.069  9.221  11.803 0.1000000015
80088  -45.421  10.175  12.023 0.1000000015
79421  -45.332  9.670  11.703 0.1000000015
79436  -44.803  9.630  11.037 0.1000000015
79435  -43.739  9.757  10.647 0.1000000015
80094  -45.808  10.401  11.262 0.1000000015
80102  -45.427  10.177  10.593 0.1000000015
81479  -46.899  12.592  10.985 0.1000000015
80095  -46.389  11.061  10.566 0.1000000015
80787  -46.751  11.868  10.573 0.1000000015
82158  -47.635  13.480  11.397 0.1000000015
82154  -48.272  14.109  11.785 0.1000000015
80111  -45.969  10.616  10.028 0.1000000015
80112  -46.517  11.033  10.031 0.1000000015
81489  -47.343  12.461  10.441 0.1000000015
82142  -44.525  13.935  14.584 0.1000000015
81491  -48.582  13.544  9.885 0.1000000015
80786  -46.301  11.461  11.049 0.1000000015
81480  -48.031  13.274  10.653 0.1000000015
118513  -48.409  12.952  9.513 0.1000000015
79429  -45.473  9.843  11.234 0.1000000015
80103  -45.954  10.429  10.660 0.1000000015
93600  -36.302  33.095  10.149 0.1000000015
93005  -30.449  31.705  12.734 0.1000000015
93551  -31.893  32.067  12.129 0.1000000015
93567  -33.151  32.185  11.499 0.1000000015
100130  -39.047  46.713  2.979 0.1000000015
100145  -39.444  46.381  2.300 0.1000000015
99757  -41.459  45.485  1.117 0.1000000015
100158  -40.976  46.125  1.669 0.1000000015
100144  -38.452  46.191  2.350 0.1000000015
100157  -39.865  45.749  1.709 0.1000000015
99368  -41.327  44.630  0.478 0.1000000015
99383  -41.742  44.105  -0.301 0.1000000015
100156  -38.834  45.856  1.747 0.1000000015
99754  -38.262  45.660  1.214 0.1000000015
99755  -39.057  45.326  1.161 0.1000000015
99357  -40.658  44.899  0.989 0.1000000015
99367  -40.252  44.506  0.508 0.1000000015
99775  -38.507  45.463  -0.283 0.1000000015
99776  -38.982  44.957  -0.794 0.1000000015
99756  -40.538  45.379  1.371 0.1000000015
99356  -39.884  44.939  1.146 0.1000000015
99764  -38.488  45.439  0.572 0.1000000015
99366  -39.203  44.851  0.333 0.1000000015
82752  -43.865  14.560  17.102 0.1000000015
84849  -50.863  17.070  15.650 0.5000000000
84864  -50.919  16.667  15.313 0.4000000060
86749  -47.702  20.391  7.090 0.8000000119
86750  -48.548  20.557  6.818 0.8000000119
86760  -46.880  20.616  5.915 0.8000000119
87398  -41.643  21.781  12.731 0.6999999881
87419  -48.623  21.607  11.800 0.8999999762
87439  -50.773  21.166  9.102 0.8999999762
87454  -49.131  20.850  6.855 0.8000000119
87462  -45.827  20.876  6.061 0.8000000119
87463  -48.377  20.976  6.365 0.8000000119
87477  -46.819  21.358  4.371 0.8000000119
87478  -47.197  21.433  4.695 0.8000000119
88112  -50.688  21.673  8.963 0.8999999762
88151  -47.316  21.899  4.727 0.8000000119
88155  -41.529  22.846  3.771 0.6000000238
88157  -43.085  22.591  3.647 0.6999999881
88166  -44.665  22.497  3.279 0.8000000119
88620  -44.105  23.822  22.995 0.1000000015
88737  -50.473  22.319  9.734 0.8999999762
88770  -42.071  22.886  7.826 0.6999999881
88776  -36.017  23.977  5.648 0.6000000238
88781  -40.796  22.773  4.850 0.6000000238
88809  -44.974  22.998  3.041 0.6999999881
88811  -46.885  23.338  2.733 0.8000000119
89230  -45.058  25.090  22.609 0.1000000015
89237  -43.910  24.994  22.376 0.1000000015
89268  -48.534  25.554  19.959 0.4000000060
89360  -37.535  24.083  4.797 0.6000000238
89372  -48.160  24.346  3.602 0.8999999762
89790  -44.662  25.306  22.432 0.1000000015
89800  -48.074  26.631  21.133 0.2000000030
89841  -38.397  25.719  17.522 0.1000000015
89945  -47.651  25.136  6.073 1.0000000000
89960  -48.105  25.783  3.130 0.8999999762
90389  -47.527  27.152  20.259 0.1000000015
90395  -37.139  26.451  17.514 0.1000000015
90923  -35.719  27.068  17.733 0.1000000015
91435  -37.576  28.603  17.680 0.3000000119
91488  -44.417  28.898  11.261 1.0000000000
91495  -44.793  28.713  10.448 0.8999999762
91948  -40.429  29.268  16.990 0.3000000119
91969  -43.087  29.753  14.377 0.6999999881
92005  -45.210  29.444  10.298 1.0000000000
92032  -48.668  30.046  5.612 1.0000000000
92037  -47.993  29.255  4.867 1.0000000000
92424  -35.094  30.420  18.331 0.1000000015
92434  -39.856  31.190  18.016 0.3000000119
92513  -47.611  30.843  9.280 1.0000000000
92521  -49.230  30.709  7.458 1.0000000000
92527  -49.323  30.614  6.663 1.0000000000
92531  -46.387  30.857  6.468 0.6000000238
92947  -34.280  31.499  17.549 0.1000000015
92951  -38.502  31.392  17.934 0.3000000119
92959  -37.891  31.458  17.412 0.3000000119
92981  -43.739  32.218  15.980 0.5000000000
93009  -33.930  31.076  12.186 0.2000000030
93024  -45.673  31.697  11.796 0.8999999762
93049  -41.418  31.537  9.315 0.3000000119
93492  -31.982  33.136  21.668 0.1000000015
93508  -34.111  32.158  16.284 0.1000000015
93510  -42.123  32.203  17.020 0.4000000060
93517  -43.719  32.962  16.471 0.6000000238
93519  -45.127  33.754  16.076 0.5000000000
93521  -34.662  32.581  14.727 0.2000000030
93524  -37.673  32.018  13.776 0.2000000030
93526  -40.403  32.241  14.313 0.3000000119
93534  -36.535  32.672  13.272 0.2000000030
93618  -43.186  32.340  8.286 0.3000000119
93619  -49.181  32.543  7.261 1.0000000000
93660  -48.729  33.022  5.394 0.8000000119
94036  -32.481  33.873  21.500 0.1000000015
94044  -32.017  34.136  20.829 0.1000000015
94050  -31.611  33.361  18.551 0.1000000015
94068  -45.604  34.270  15.543 0.6000000238
94069  -46.128  34.498  15.071 0.6000000238
94072  -34.483  33.419  13.571 0.2000000030
94073  -35.224  33.170  13.285 0.2000000030
94082  -35.586  33.550  12.683 0.2000000030
94085  -38.320  33.588  12.413 0.3000000119
94086  -39.932  33.242  12.779 0.3000000119
94088  -41.667  33.885  12.814 0.4000000060
94127  -47.686  33.775  9.885 0.8999999762
94569  -33.503  34.931  21.309 0.1000000015
94607  -33.378  34.168  14.274 0.2000000030
94609  -45.522  35.495  14.588 0.5000000000
94613  -32.962  34.933  13.257 0.2000000030
94618  -46.456  34.872  14.347 0.6999999881
94622  -35.925  34.675  11.811 0.2000000030
94626  -39.899  34.090  12.206 0.4000000060
94632  -36.891  34.862  11.705 0.2000000030
94635  -39.414  34.880  11.820 0.4000000060
94638  -47.118  34.680  10.494 0.8999999762
94639  -47.130  34.521  11.314 1.0000000000
94670  -40.644  35.040  8.182 0.2000000030
94672  -47.515  34.535  6.829 0.8000000119
94703  -48.138  34.125  4.774 0.6999999881
95125  -45.245  36.200  14.060 0.5000000000
95131  -33.293  35.409  12.626 0.2000000030
95132  -34.052  35.318  12.188 0.2000000030
95139  -46.394  36.170  13.249 0.6000000238
95146  -38.163  35.594  11.392 0.4000000060
95203  -47.652  34.736  4.198 0.6999999881
95604  -29.915  36.641  16.188 0.1000000015
95614  -29.730  36.655  15.024 0.2000000030
95615  -30.325  36.268  14.811 0.2000000030
95620  -32.034  35.971  13.317 0.2000000030
95623  -31.867  36.789  12.855 0.2000000030
95629  -45.344  37.189  12.924 0.6000000238
95638  -40.606  36.337  11.484 0.4000000060
95639  -41.974  37.178  11.732 0.4000000060
95643  -45.739  36.863  12.383 0.6000000238
95645  -36.932  37.502  10.655 0.4000000060
95648  -39.024  36.997  10.873 0.4000000060
95654  -44.353  36.382  9.739 0.6999999881
95688  -46.397  36.849  3.212 0.6999999881
96067  -39.503  38.529  18.375 0.1000000015
96093  -29.285  37.418  16.069 0.1000000015
96097  -28.366  38.134  15.149 0.2000000030
96105  -28.534  37.563  14.097 0.2000000030
96110  -28.739  37.569  13.177 0.2000000030
96113  -31.455  37.389  12.505 0.2000000030
96118  -33.600  37.907  11.617 0.2000000030
96129  -35.846  38.261  10.715 0.4000000060
96132  -38.257  37.759  10.586 0.4000000060
96550  -40.063  39.187  17.853 0.1000000015
96551  -41.154  39.547  18.509 0.1000000015
96589  -29.049  37.746  12.283 0.2000000030
96592  -31.867  37.872  11.934 0.2000000030
96597  -29.428  38.186  11.507 0.2000000030
96603  -34.641  38.512  11.103 0.4000000060
96611  -31.827  38.759  10.775 0.3000000119
96614  -35.255  38.899  10.784 0.4000000060
96616  -36.987  38.876  10.462 0.4000000060
96636  -44.193  38.261  6.896 0.6999999881
96640  -45.717  38.804  5.558 0.6000000238
97034  -31.673  39.779  17.243 0.1000000015
97064  -28.816  39.082  15.710 0.1000000015
97069  -27.451  39.062  14.273 0.2000000030
97086  -27.533  39.463  11.871 0.1000000015
97087  -28.382  39.463  10.811 0.2000000030
97096  -32.969  39.394  10.410 0.3000000119
97099  -36.620  40.257  10.517 0.4000000060
97100  -39.764  39.664  10.629 0.5000000000
97105  -29.948  40.165  9.645 0.3000000119
97115  -43.198  40.065  7.707 0.6999999881
97158  -38.974  39.249  1.633 0.1000000015
97489  -27.852  40.757  18.536 0.1000000015
97491  -29.361  40.437  19.043 0.1000000015
97501  -27.641  40.705  17.585 0.1000000015
97504  -30.407  41.543  17.240 0.1000000015
97506  -33.721  41.712  17.382 0.1000000015
97510  -38.764  40.960  18.097 0.1000000015
97523  -31.703  40.796  16.552 0.1000000015
97537  -31.315  41.188  16.248 0.1000000015
97538  -31.547  41.682  16.372 0.1000000015
97548  -27.585  39.941  15.391 0.1000000015
97559  -26.961  39.716  14.471 0.1000000015
97585  -28.387  40.768  10.320 0.2000000030
97587  -34.245  40.097  10.042 0.3000000119
97594  -40.649  40.769  10.226 0.6999999881
97597  -28.964  41.062  9.833 0.2000000030
97599  -30.436  40.805  9.173 0.2000000030
97608  -31.019  41.142  8.766 0.3000000119
97609  -31.663  41.026  8.607 0.3000000119
97612  -35.199  40.773  9.000 0.3000000119
97670  -40.150  40.775  1.806 0.2000000030
97977  -29.712  40.775  21.595 0.1000000015
97987  -29.618  40.648  20.781 0.1000000015
98014  -27.081  40.902  17.434 0.1000000015
98028  -26.024  41.327  15.916 0.1000000015
98047  -27.489  41.547  11.216 0.1000000015
98052  -38.819  42.438  10.785 0.5000000000
98053  -39.614  42.042  10.658 0.6999999881
98057  -29.293  41.828  9.634 0.2000000030
98058  -29.955  41.475  9.202 0.2000000030
98060  -37.178  41.931  9.745 0.5000000000
98067  -31.945  41.494  8.275 0.3000000119
98070  -35.916  41.186  9.360 0.4000000060
98072  -41.692  41.672  9.214 0.6999999881
98078  -32.622  41.510  8.042 0.4000000060
98080  -33.954  41.717  7.697 0.4000000060
98085  -46.434  41.814  6.486 0.6999999881
98467  -25.885  41.896  16.326 0.1000000015
98472  -25.807  42.043  14.503 0.1000000015
98475  -26.555  42.710  12.997 0.1000000015
98481  -27.443  42.246  11.494 0.2000000030
98489  -37.796  42.274  10.339 0.5000000000
98493  -40.901  43.723  11.118 0.6999999881
98500  -42.552  43.661  9.799 0.6999999881
98513  -32.683  42.336  7.766 0.3000000119
98515  -34.312  42.474  7.508 0.4000000060
98518  -36.989  42.456  7.696 0.4000000060
98534  -46.453  41.864  6.158 0.6000000238
98883  -28.381  43.461  11.383 0.2000000030
98884  -29.103  43.849  11.014 0.2000000030
98892  -42.116  44.846  10.916 0.6999999881
98894  -29.642  42.791  9.624 0.2000000030
98906  -38.409  42.800  8.855 0.5000000000
98914  -35.611  43.428  7.313 0.4000000060
99230  -28.262  44.224  20.356 0.1000000015
99239  -27.189  44.715  18.914 0.1000000015
99241  -26.614  44.361  17.696 0.1000000015
99260  -29.395  44.771  12.246 0.2000000030
99272  -39.945  44.201  11.660 0.6000000238
99273  -41.617  44.972  11.057 0.6999999881
99274  -42.330  45.292  10.732 0.6999999881
99275  -42.791  45.469  10.355 0.6999999881
99280  -39.950  44.361  10.983 0.6000000238
99291  -40.872  45.140  9.076 0.5000000000
99292  -43.563  45.718  9.069 0.6999999881
99293  -44.446  44.209  8.393 0.6999999881
99297  -34.125  43.968  7.556 0.3000000119
99298  -34.865  44.160  7.445 0.3000000119
99299  -35.693  44.384  7.337 0.4000000060
99300  -36.528  44.560  7.182 0.4000000060
99303  -39.771  44.037  7.992 0.4000000060
99607  -29.551  44.883  22.881 0.1000000015
99632  -26.787  44.882  17.148 0.1000000015
99640  -27.382  45.407  15.844 0.1000000015
99647  -28.739  45.356  13.748 0.2000000030
99648  -29.492  45.476  13.468 0.2000000030
99654  -30.755  45.447  12.435 0.2000000030
99655  -31.489  45.852  12.525 0.2000000030
99662  -32.321  46.122  11.707 0.2000000030
99671  -42.558  45.944  10.313 0.6999999881
99678  -41.296  45.513  10.131 0.6000000238
99680  -43.087  46.061  10.010 0.6999999881
99769  -46.097  46.228  -0.084 0.3000000119
100001  -29.462  45.860  21.743 0.1000000015
100012  -28.713  46.454  19.768 0.1000000015
100022  -29.714  47.098  17.910 0.1000000015
100026  -29.702  46.694  16.565 0.1000000015
100037  -31.019  46.461  14.477 0.2000000030
100042  -32.394  46.708  13.670 0.2000000030
100090  -39.925  46.650  7.302 0.4000000060
100091  -40.573  46.299  7.546 0.4000000060
100442  -32.406  48.309  17.268 0.1000000015
100455  -33.173  48.058  15.552 0.1000000015
100456  -33.683  48.372  15.224 0.1000000015
100465  -34.133  48.582  14.819 0.1000000015
100471  -29.170  47.664  13.642 0.1000000015
100476  -34.662  48.192  13.822 0.1000000015
100486  -33.140  46.935  13.223 0.2000000030
100497  -30.406  47.455  10.843 0.1000000015
100507  -30.312  47.514  10.119 0.1000000015
100518  -35.013  47.440  10.474 0.1000000015
100520  -36.346  48.002  9.759 0.2000000030
100529  -29.451  47.797  8.873 0.1000000015
100533  -36.758  47.505  8.911 0.2000000030
100550  -38.152  47.141  7.735 0.3000000119
100553  -42.713  48.440  8.543 0.6999999881
100567  -34.868  47.469  6.254 0.1000000015
100871  -33.292  50.031  20.317 0.1000000015
100885  -25.695  48.868  18.177 0.1000000015
100891  -33.291  49.636  18.814 0.1000000015
100892  -33.367  49.732  18.228 0.1000000015
100911  -33.174  48.970  17.355 0.1000000015
100912  -33.215  49.103  16.890 0.1000000015
100919  -30.837  49.410  15.726 0.1000000015
100921  -33.226  49.135  16.008 0.1000000015
100932  -34.415  49.151  14.621 0.1000000015
100940  -33.544  49.473  13.719 0.1000000015
100949  -33.529  49.344  12.838 0.1000000015
100950  -35.245  48.652  13.650 0.1000000015
100951  -35.776  49.126  13.406 0.1000000015
100952  -36.141  49.544  13.112 0.1000000015
100961  -35.999  48.938  12.849 0.1000000015
100968  -32.007  47.944  10.130 0.1000000015
101002  -39.235  49.188  8.160 0.3000000119
101003  -42.939  48.342  8.631 0.6000000238
101015  -32.497  48.184  7.939 0.1000000015
101020  -40.113  49.196  7.799 0.3000000119
101033  -33.543  47.821  7.093 0.1000000015
101340  -33.153  50.345  19.923 0.1000000015
101346  -32.797  50.339  19.206 0.1000000015
101353  -30.740  49.764  18.061 0.1000000015
101369  -33.573  49.322  15.229 0.1000000015
101384  -34.804  49.346  14.259 0.1000000015
101419  -37.839  50.740  11.774 0.1000000015
101431  -34.424  49.809  9.520 0.1000000015
101458  -41.378  50.912  7.966 0.3000000119
101466  -35.850  49.253  6.990 0.1000000015
101483  -42.919  50.512  4.113 0.3000000119
101814  -35.987  50.377  13.034 0.1000000015
101828  -37.290  51.163  12.292 0.1000000015
101851  -38.278  51.341  11.442 0.1000000015
101852  -38.740  52.040  10.835 0.2000000030
101886  -42.643  51.448  5.272 0.4000000060
101895  -43.012  50.835  4.837 0.3000000119
102223  -37.821  51.809  12.022 0.1000000015
102243  -39.308  52.801  10.065 0.1000000015
102244  -39.524  53.319  9.550 0.1000000015
102248  -37.036  52.030  8.494 0.1000000015
102251  -40.429  53.669  8.317 0.1000000015
102256  -39.338  53.443  7.825 0.1000000015
102262  -38.918  52.732  7.099 0.1000000015
102264  -41.211  53.266  6.191 0.3000000119
102265  -41.676  52.749  6.265 0.4000000060
102273  -41.098  52.787  5.329 0.2000000030
102625  -39.859  53.594  8.976 0.1000000015
102633  -38.458  53.101  8.759 0.1000000015
102636  -41.002  53.664  7.613 0.2000000030
102637  -41.369  53.282  6.933 0.4000000060
110177  -28.597  43.752  22.827 0.1000000015
110351  -35.965  40.017  10.558 0.4000000060
111049  -40.736  28.092  9.750 0.3000000119
111165  -42.867  49.473  7.781 0.4000000060
111812  -31.748  45.832  11.894 0.2000000030
112362  -44.218  48.249  1.544 0.3000000119
112579  -34.763  36.896  11.461 0.3000000119
113212  -26.376  43.015  18.061 0.1000000015
113249  -36.137  32.012  14.167 0.2000000030
113403  -46.131  32.871  13.430 0.8999999762
113548  -32.127  48.267  12.058 0.1000000015
113717  -34.184  49.555  13.611 0.1000000015
114150  -29.566  40.000  22.495 0.1000000015
114223  -28.633  43.763  20.715 0.1000000015
115045  -37.930  40.597  10.485 0.4000000060
115205  -48.205  25.021  3.208 0.8999999762
116804  -38.926  36.888  6.886 0.1000000015
116807  -30.345  47.406  17.981 0.1000000015
116953  -25.940  48.896  18.998 0.1000000015
117365  -45.441  34.835  15.146 0.6000000238
117412  -47.248  33.851  11.546 1.0000000000
117502  -45.649  41.459  7.367 0.6999999881
117611  -38.581  52.903  7.940 0.1000000015
117634  -43.406  30.533  14.425 0.6999999881
118105  -37.468  52.352  10.992 0.1000000015
118214  -44.327  28.022  11.045 1.0000000000
118369  -36.798  41.239  10.464 0.5000000000
118658  -33.108  36.260  12.392 0.2000000030
118742  -35.149  39.787  10.607 0.4000000060
118854  -40.565  44.429  11.456 0.6999999881
119067  -27.192  41.022  11.477 0.1000000015
119251  -28.562  39.995  10.364 0.2000000030
119307  -43.502  30.154  8.253 0.4000000060
119565  -43.382  48.690  6.293 0.3000000119
119811  -36.888  36.121  11.101 0.4000000060
119827  -38.432  44.989  6.984 0.4000000060
119943  -35.576  36.949  11.155 0.4000000060
120208  -30.360  47.605  19.261 0.1000000015
120256  -31.006  31.865  19.023 0.1000000015
120716  -37.472  50.943  6.765 0.1000000015
121708  -34.377  30.694  18.233 0.1000000015
122044  -43.997  9.707  13.545 0.1000000015
122256  -37.361  34.372  11.960 0.3000000119
122969  -43.011  50.447  6.304 0.3000000119
123025  -46.314  41.313  5.589 0.4000000060
123455  -40.098  43.710  11.503 0.6000000238
123661  -44.019  43.826  9.053 0.6999999881
124389  -49.332  20.655  7.109 0.8000000119
124674  -32.491  48.378  11.577 0.1000000015
124690  -37.835  43.704  7.122 0.4000000060
125157  -40.955  31.824  17.623 0.3000000119
125998  -44.809  36.920  6.406 0.6999999881
126009  -49.639  20.517  8.054 0.8000000119
126058  -41.224  36.965  11.503 0.4000000060
126731  -42.579  38.158  11.035 0.6000000238
126985  -34.834  50.182  9.057 0.1000000015
127256  -30.506  36.095  16.034 0.1000000015
127792  -34.836  29.633  18.395 0.1000000015
127845  -41.421  50.797  4.217 0.3000000119
127984  -45.040  25.323  9.584 1.0000000000
128281  -43.106  8.982  11.486 0.1000000015
128342  -48.360  32.642  8.989 1.0000000000
128856  -27.850  39.657  11.250 0.1000000015
129005  -47.411  34.544  8.825 0.8999999762
129352  -35.766  26.326  17.739 0.1000000015
129488  -25.925  42.817  14.873 0.1000000015
129496  -27.023  39.438  14.047 0.2000000030
129674  -45.135  35.831  7.120 0.6999999881
129894  -40.324  52.512  8.732 0.2000000030
130154  -33.631  46.940  11.934 0.1000000015
130242  -28.821  42.042  10.058 0.2000000030
130265  -39.326  32.891  12.970 0.3000000119
130339  -39.687  43.756  11.466 0.6000000238
130447  -38.689  37.355  10.724 0.4000000060
130466  -45.907  46.791  0.076 0.3000000119
130499  -48.491  28.139  4.841 0.8999999762
130594  -26.905  45.091  16.400 0.1000000015
130625  -37.351  47.807  8.728 0.3000000119
