#!ascii label  , from subject sub-v1s13x0050005_ses-1 vox2ras=TkReg
10458
46892  -22.662  -26.822  45.267 1.0000000000
46910  -22.224  -26.522  44.505 1.0000000000
46911  -23.178  -26.246  44.464 1.0000000000
49612  -19.549  -23.824  44.872 1.0000000000
46925  -22.531  -26.110  43.850 1.0000000000
124614  -19.507  -23.895  44.067 1.0000000000
49593  -19.846  -23.000  47.145 1.0000000000
49592  -19.696  -23.064  46.287 1.0000000000
115338  -19.615  -23.064  45.371 1.0000000000
47819  -22.847  -25.762  43.191 1.0000000000
49633  -19.536  -23.832  42.885 1.0000000000
49646  -19.550  -23.309  42.029 1.0000000000
109858  -4.545  -33.335  54.408 0.3750000000
120169  -27.694  -23.863  48.639 1.0000000000
114417  -27.819  -24.261  49.030 0.8750000000
48664  -27.051  -24.409  47.654 1.0000000000
48655  -27.346  -24.606  48.332 1.0000000000
112707  -26.708  -24.557  47.174 1.0000000000
48672  -25.939  -24.784  46.109 1.0000000000
47786  -26.180  -25.013  46.830 1.0000000000
50547  -19.263  -22.368  48.058 1.0000000000
47797  -25.293  -25.186  45.647 1.0000000000
50559  -19.589  -22.491  47.618 1.0000000000
46912  -24.041  -25.922  44.755 1.0000000000
47808  -24.544  -25.319  44.385 1.0000000000
50567  -19.521  -22.400  46.791 1.0000000000
47820  -23.600  -25.535  43.281 1.0000000000
47828  -22.397  -25.546  42.561 1.0000000000
115573  -19.552  -23.145  44.469 1.0000000000
50606  -19.460  -22.713  42.924 1.0000000000
49622  -19.489  -23.342  43.626 1.0000000000
49647  -19.921  -23.740  41.337 1.0000000000
50625  -19.862  -22.683  40.355 1.0000000000
49657  -20.199  -23.452  40.592 1.0000000000
46812  -15.294  -26.750  50.268 1.0000000000
49568  -28.548  -22.823  49.969 1.0000000000
51568  -32.883  -21.524  50.811 0.7500000000
50529  -33.432  -22.215  50.630 0.6250000000
47752  -16.217  -25.544  49.537 1.0000000000
50538  -28.194  -22.766  49.112 1.0000000000
50530  -33.897  -22.071  50.039 0.6250000000
49563  -17.500  -23.502  48.959 1.0000000000
49577  -27.769  -23.311  48.547 1.0000000000
50539  -34.259  -22.042  49.313 0.7500000000
50545  -17.686  -22.279  48.081 1.0000000000
50534  -18.124  -22.711  48.717 1.0000000000
49585  -27.071  -23.914  47.211 1.0000000000
50557  -18.074  -21.875  47.604 1.0000000000
50546  -18.712  -22.341  48.310 1.0000000000
48673  -26.533  -24.364  46.577 1.0000000000
50558  -19.062  -21.927  47.155 1.0000000000
113435  -18.737  -22.005  47.619 1.0000000000
114173  -25.754  -24.529  45.385 1.0000000000
50574  -19.537  -22.348  45.926 1.0000000000
111335  -19.264  -21.825  46.421 1.0000000000
47821  -24.410  -25.123  43.453 1.0000000000
113108  -25.151  -24.900  44.891 1.0000000000
125378  -19.625  -22.236  44.954 1.0000000000
47830  -23.933  -25.165  42.785 1.0000000000
47829  -23.264  -25.392  42.601 1.0000000000
50597  -19.555  -22.512  43.959 1.0000000000
48727  -22.486  -24.865  41.249 1.0000000000
47841  -22.891  -25.168  41.913 1.0000000000
48746  -22.120  -24.562  40.569 1.0000000000
50615  -19.453  -22.390  41.903 1.0000000000
48745  -21.231  -24.431  40.628 1.0000000000
49659  -21.748  -24.144  39.960 1.0000000000
49656  -19.687  -22.956  41.191 1.0000000000
49658  -20.871  -23.889  40.155 1.0000000000
39736  -5.110  -33.390  54.663 0.3750000000
39737  -5.817  -33.234  54.674 0.3750000000
38832  -6.782  -33.585  54.838 0.3750000000
38836  -7.247  -33.836  54.707 0.3750000000
39739  -8.007  -33.375  54.816 0.3750000000
116959  -4.291  -31.124  53.412 0.3750000000
41695  -4.363  -31.681  53.853 0.3750000000
40628  -4.764  -32.475  54.433 0.5000000000
39732  -6.501  -33.202  54.855 0.3750000000
110331  -7.149  -33.281  55.077 0.3750000000
40623  -8.100  -32.355  55.450 0.3750000000
42830  -4.051  -30.399  53.391 0.2500000000
40629  -5.489  -32.686  54.675 0.3750000000
40620  -6.159  -32.739  54.791 0.3750000000
43796  -3.379  -29.618  50.782 0.2500000000
108544  -2.540  -28.888  50.064 0.2500000000
45797  -13.064  -27.676  51.724 0.8750000000
45779  -13.166  -27.938  52.699 0.8750000000
46810  -13.567  -26.994  50.047 0.8750000000
45798  -13.888  -27.713  51.987 1.0000000000
123336  -13.888  -27.991  52.998 1.0000000000
46823  -14.014  -26.352  49.509 1.0000000000
46824  -14.913  -26.260  49.565 1.0000000000
46811  -14.466  -26.869  50.125 1.0000000000
45813  -14.866  -27.197  50.746 1.0000000000
124733  -14.595  -24.660  48.762 1.0000000000
47751  -15.408  -25.447  49.102 1.0000000000
47737  -15.779  -26.149  49.807 1.0000000000
109809  -28.677  -22.142  49.604 1.0000000000
51573  -32.344  -21.139  50.913 0.7500000000
51574  -33.413  -21.321  50.250 0.7500000000
49561  -15.149  -23.938  48.624 1.0000000000
48652  -15.984  -24.092  48.599 1.0000000000
50550  -28.348  -22.191  48.759 1.0000000000
52565  -33.596  -20.488  49.793 0.7500000000
51579  -34.033  -21.044  49.692 0.7500000000
51580  -34.593  -21.224  49.113 0.7500000000
49575  -17.128  -22.833  48.372 1.0000000000
50560  -27.691  -22.692  47.468 1.0000000000
128391  -34.447  -20.555  49.363 0.7500000000
52573  -35.107  -20.305  49.147 0.7500000000
127030  -17.284  -21.827  47.631 1.0000000000
50569  -27.573  -22.589  46.544 1.0000000000
49595  -27.280  -23.227  46.924 1.0000000000
51592  -18.309  -21.539  47.031 1.0000000000
51599  -18.718  -21.242  46.309 1.0000000000
48702  -25.098  -24.695  44.057 1.0000000000
49623  -25.676  -24.047  43.802 1.0000000000
48693  -25.658  -24.291  44.636 1.0000000000
48684  -26.339  -24.171  45.854 1.0000000000
51605  -19.384  -21.574  45.719 1.0000000000
52596  -19.681  -20.318  45.024 1.0000000000
49634  -25.031  -24.167  42.326 1.0000000000
108390  -19.674  -21.209  44.883 1.0000000000
48712  -24.480  -24.723  42.620 1.0000000000
128610  -19.690  -21.807  44.284 1.0000000000
51633  -19.500  -21.751  42.595 1.0000000000
48729  -24.060  -24.363  41.429 1.0000000000
51623  -19.599  -21.845  43.509 1.0000000000
51642  -19.437  -21.534  41.666 1.0000000000
48747  -22.986  -24.490  40.683 1.0000000000
50637  -20.949  -22.869  39.084 1.0000000000
41687  -5.258  -31.771  54.555 0.5000000000
48613  -3.095  -24.242  52.021 0.5000000000
48599  -2.865  -24.341  53.160 0.5000000000
42831  -4.162  -30.708  53.858 0.3750000000
41686  -4.672  -31.547  54.245 0.5000000000
41674  -5.872  -32.200  54.729 0.3750000000
40621  -6.734  -32.696  55.062 0.3750000000
47722  -3.033  -25.018  52.077 0.5000000000
46781  -2.759  -26.262  52.969 0.5000000000
45772  -2.765  -27.643  52.364 0.3750000000
43790  -3.408  -29.040  53.108 0.2500000000
41675  -6.361  -32.140  54.906 0.3750000000
46793  -2.673  -26.833  52.109 0.3750000000
44731  -10.342  -29.364  54.274 0.7500000000
51555  -3.451  -22.182  52.407 0.5000000000
108543  -2.601  -26.678  51.021 0.2500000000
44750  -2.435  -28.284  50.646 0.2500000000
45777  -11.323  -27.956  52.261 0.8750000000
111695  -10.786  -28.957  53.698 0.8750000000
44717  -11.302  -29.148  54.501 0.6250000000
114110  -3.729  -21.228  51.838 0.6250000000
46805  -2.247  -27.088  50.042 0.2500000000
45811  -12.132  -27.414  50.598 0.8750000000
45778  -12.274  -27.885  52.284 0.8750000000
44746  -11.759  -28.290  52.950 0.8750000000
117353  -12.186  -28.797  54.384 0.8750000000
52553  -3.831  -20.837  50.835 0.6250000000
46818  -2.446  -26.675  49.129 0.2500000000
109253  -1.986  -28.390  49.042 0.2500000000
46821  -12.199  -26.374  49.568 0.8750000000
46809  -12.627  -27.059  49.965 0.8750000000
53617  -4.030  -20.152  50.124 0.6250000000
47748  -12.661  -25.562  49.299 1.0000000000
47749  -13.530  -25.642  49.156 1.0000000000
53633  -4.104  -20.018  49.131 0.5000000000
48643  -13.850  -24.982  48.915 1.0000000000
51577  -29.070  -21.519  50.026 1.0000000000
52564  -32.960  -20.911  50.300 0.7500000000
53631  -33.280  -20.118  49.865 0.7500000000
53632  -33.990  -19.673  49.604 0.7500000000
53650  -4.605  -19.625  48.440 0.5000000000
49572  -14.849  -23.096  48.690 1.0000000000
49574  -16.528  -23.461  48.504 1.0000000000
52572  -34.376  -19.960  49.472 0.7500000000
50543  -15.375  -22.499  48.395 1.0000000000
51583  -15.924  -21.971  47.985 1.0000000000
50544  -16.183  -22.741  48.205 1.0000000000
50561  -28.056  -22.278  47.987 1.0000000000
110116  -35.178  -19.354  49.444 0.7500000000
52574  -35.928  -19.488  49.222 0.7500000000
54682  -37.989  -18.627  47.216 0.6250000000
129492  -37.888  -18.348  46.841 0.3750000000
51590  -15.843  -21.295  47.863 1.0000000000
52582  -16.154  -20.701  47.541 1.0000000000
51591  -17.438  -21.373  47.181 1.0000000000
52583  -16.877  -20.716  47.019 1.0000000000
51598  -17.725  -20.867  46.555 1.0000000000
121005  -26.505  -23.511  44.956 1.0000000000
50576  -27.523  -22.466  45.504 1.0000000000
52589  -17.268  -20.039  46.479 1.0000000000
52590  -18.211  -20.249  45.924 1.0000000000
52595  -19.002  -19.903  45.442 1.0000000000
50587  -26.679  -23.196  44.385 1.0000000000
112631  -27.490  -22.169  43.901 1.0000000000
49636  -26.374  -23.083  42.953 1.0000000000
50609  -27.424  -21.821  43.035 1.0000000000
52602  -20.133  -20.428  44.363 1.0000000000
51613  -19.919  -21.186  44.048 1.0000000000
52611  -19.826  -21.127  43.217 1.0000000000
49649  -25.431  -23.524  41.895 1.0000000000
50607  -26.086  -23.003  42.228 1.0000000000
50608  -26.732  -22.467  42.577 1.0000000000
51644  -27.237  -21.063  41.520 1.0000000000
52642  -27.497  -20.380  41.095 1.0000000000
52627  -20.131  -20.388  43.003 1.0000000000
52626  -19.626  -20.931  42.341 1.0000000000
49661  -24.268  -23.808  40.792 1.0000000000
49662  -25.072  -23.337  41.086 1.0000000000
50628  -26.109  -22.213  40.933 1.0000000000
51654  -26.394  -21.558  40.493 1.0000000000
114653  -27.263  -19.877  39.775 0.8750000000
52639  -19.501  -20.705  41.430 1.0000000000
51652  -19.441  -21.335  40.753 1.0000000000
49674  -23.329  -23.584  39.484 1.0000000000
50626  -24.687  -23.116  40.306 1.0000000000
50627  -25.420  -22.672  40.625 1.0000000000
51666  -26.111  -21.416  39.779 1.0000000000
52655  -26.622  -20.924  40.072 1.0000000000
52654  -19.495  -20.514  40.523 1.0000000000
50635  -19.612  -21.930  40.155 1.0000000000
49685  -22.805  -23.269  38.742 1.0000000000
51664  -24.795  -22.213  39.033 1.0000000000
51680  -25.261  -21.574  38.662 1.0000000000
51681  -25.896  -21.184  39.079 1.0000000000
51662  -19.568  -21.209  39.809 1.0000000000
128688  -19.763  -21.791  39.642 1.0000000000
50648  -20.604  -22.155  38.732 1.0000000000
50650  -22.357  -22.791  38.202 1.0000000000
51678  -23.819  -22.158  37.950 1.0000000000
51679  -24.540  -21.897  38.282 1.0000000000
52696  -25.428  -20.635  37.557 1.0000000000
52668  -19.767  -20.877  38.970 1.0000000000
51676  -20.326  -21.424  38.425 1.0000000000
51677  -21.054  -21.919  38.002 1.0000000000
50666  -22.794  -22.348  37.691 1.0000000000
51701  -25.004  -21.306  37.899 1.0000000000
51696  -20.701  -21.203  37.663 1.0000000000
52694  -21.162  -20.980  36.963 1.0000000000
51710  -22.039  -21.353  36.662 1.0000000000
51711  -23.055  -21.465  36.529 1.0000000000
117207  -5.401  -30.951  54.522 0.5000000000
41688  -5.980  -31.454  54.732 0.5000000000
49516  -3.126  -23.444  52.769 0.5000000000
43786  -3.907  -30.119  53.924 0.3750000000
42819  -4.105  -30.084  54.375 0.5000000000
42804  -4.447  -30.103  54.470 0.5000000000
118989  -4.817  -30.894  54.385 0.5000000000
42791  -6.504  -31.570  54.968 0.3750000000
42792  -6.938  -31.203  55.176 0.3750000000
42809  -8.317  -30.311  55.067 0.6250000000
42794  -8.994  -30.752  55.504 0.6250000000
49514  -2.921  -23.612  53.880 0.5000000000
115422  -2.744  -24.831  53.888 0.5000000000
120005  -2.740  -26.970  52.894 0.5000000000
45755  -2.948  -27.478  53.399 0.2500000000
44726  -3.257  -28.327  53.943 0.3750000000
42808  -7.193  -30.489  54.873 0.5000000000
43759  -8.336  -29.927  54.697 0.7500000000
43760  -9.207  -29.862  54.915 0.6250000000
42810  -9.592  -30.159  55.306 0.6250000000
50509  -3.320  -22.716  52.844 0.5000000000
51551  -3.474  -22.271  53.231 0.5000000000
120288  -3.210  -22.949  53.563 0.5000000000
116283  -8.754  -28.017  52.369 0.8750000000
44730  -8.982  -29.121  53.368 0.7500000000
43788  -9.398  -29.533  53.999 0.7500000000
43761  -10.376  -29.720  55.128 0.6250000000
51556  -3.700  -21.582  52.726 0.6250000000
51552  -3.787  -21.793  53.620 0.6250000000
50504  -3.472  -22.540  53.998 0.6250000000
45793  -9.336  -27.354  51.231 0.8750000000
45775  -9.405  -27.867  52.005 0.8750000000
45776  -10.348  -28.083  52.321 0.8750000000
44744  -10.337  -28.602  53.087 0.8750000000
117191  -4.097  -20.245  51.921 0.6250000000
129528  -4.116  -20.798  52.913 0.6250000000
52547  -4.092  -21.086  53.261 0.6250000000
52543  -4.174  -21.323  53.854 0.6250000000
47736  -10.132  -25.221  50.048 0.8750000000
46807  -10.368  -26.266  50.122 0.8750000000
45809  -10.291  -27.275  50.706 0.8750000000
45794  -10.812  -27.709  51.454 0.8750000000
53618  -4.492  -19.848  50.522 0.6250000000
46819  -10.918  -25.429  49.801 0.8750000000
47747  -11.767  -25.480  49.520 0.8750000000
46808  -11.740  -27.037  49.994 0.8750000000
53635  -5.218  -19.588  49.969 0.6250000000
48641  -12.254  -24.503  49.535 1.0000000000
48642  -13.145  -24.797  49.156 1.0000000000
52577  -29.102  -20.842  49.107 1.0000000000
52578  -29.434  -20.501  49.375 1.0000000000
53659  -29.739  -20.084  49.001 1.0000000000
53672  -29.961  -19.935  48.310 1.0000000000
53645  -33.218  -19.476  49.733 0.7500000000
124515  -5.111  -19.505  49.130 0.6250000000
49558  -12.978  -23.860  49.535 1.0000000000
49559  -13.554  -23.334  49.454 1.0000000000
51584  -28.819  -21.462  49.156 1.0000000000
126794  -30.137  -19.776  47.563 1.0000000000
54654  -34.017  -19.155  49.651 0.8750000000
108530  -5.852  -19.259  47.684 0.6250000000
49560  -14.279  -23.669  48.826 1.0000000000
51594  -28.444  -21.708  48.144 1.0000000000
52584  -28.870  -21.051  48.326 1.0000000000
114956  -29.109  -20.676  47.471 1.0000000000
53688  -29.935  -19.775  46.771 1.0000000000
53703  -30.264  -19.329  46.108 1.0000000000
53646  -34.797  -18.894  49.617 0.7500000000
54662  -34.719  -18.305  49.684 1.0000000000
55607  -37.621  -16.974  49.170 1.0000000000
54681  -38.111  -17.520  47.690 1.0000000000
55626  -38.057  -16.599  47.631 0.8750000000
50542  -14.630  -22.228  48.905 1.0000000000
52568  -14.997  -20.662  48.951 1.0000000000
111212  -28.532  -21.252  47.315 1.0000000000
118154  -28.760  -20.804  46.493 1.0000000000
52598  -29.598  -19.815  45.716 1.0000000000
53719  -30.071  -19.208  45.069 1.0000000000
54701  -30.796  -18.795  45.530 1.0000000000
53647  -35.714  -18.610  49.619 0.7500000000
53663  -37.455  -18.941  48.673 0.8750000000
54674  -38.012  -18.005  48.377 0.8750000000
116693  -38.040  -17.731  47.124 0.7500000000
55638  -37.766  -16.993  47.012 0.7500000000
51582  -15.222  -21.550  48.434 1.0000000000
129133  -27.899  -22.038  46.191 1.0000000000
51607  -28.522  -20.912  45.477 1.0000000000
52603  -28.600  -20.702  44.618 1.0000000000
53718  -29.471  -19.655  44.617 1.0000000000
54719  -29.932  -18.755  43.364 1.0000000000
54711  -30.521  -18.665  44.298 1.0000000000
54704  -37.606  -18.107  46.607 0.7500000000
51606  -28.034  -21.684  45.461 1.0000000000
53733  -28.913  -20.193  44.047 1.0000000000
53734  -29.381  -19.435  43.696 1.0000000000
54720  -30.605  -18.352  43.424 1.0000000000
53686  -17.814  -19.307  46.178 1.0000000000
51624  -27.886  -21.528  43.875 1.0000000000
52614  -28.358  -20.865  43.942 1.0000000000
125584  -28.703  -19.555  42.396 1.0000000000
54729  -29.674  -18.556  42.392 0.8750000000
54740  -30.181  -18.090  41.844 0.8750000000
53687  -18.443  -19.428  45.754 1.0000000000
52628  -27.627  -20.944  42.268 1.0000000000
128108  -28.373  -19.873  42.099 1.0000000000
54728  -28.982  -18.880  42.031 1.0000000000
54739  -29.457  -18.405  41.528 0.8750000000
52597  -20.169  -19.880  44.739 1.0000000000
52643  -27.986  -20.199  41.783 1.0000000000
53756  -27.963  -19.761  41.158 1.0000000000
54738  -28.786  -18.739  41.205 0.8750000000
53732  -20.680  -19.853  43.696 1.0000000000
124924  -28.091  -19.049  40.116 0.8750000000
54748  -28.630  -18.658  40.334 0.8750000000
52640  -19.800  -20.113  42.098 1.0000000000
53754  -19.653  -19.893  41.182 1.0000000000
53782  -27.008  -19.705  39.027 0.8750000000
53783  -27.630  -19.269  39.569 0.8750000000
53793  -26.560  -19.834  38.421 1.0000000000
53794  -26.888  -19.336  38.356 0.8750000000
52667  -19.567  -20.313  39.652 1.0000000000
52697  -26.080  -20.218  38.033 1.0000000000
53808  -26.471  -19.542  37.820 0.8750000000
52712  -24.267  -20.823  36.286 1.0000000000
52713  -25.164  -20.391  36.737 0.8750000000
53807  -25.882  -19.926  37.261 0.8750000000
52693  -20.427  -20.377  37.334 0.8750000000
52710  -21.585  -20.714  36.311 1.0000000000
52725  -22.728  -20.517  35.329 1.0000000000
51723  -23.379  -20.901  35.830 1.0000000000
53824  -24.882  -20.093  35.915 0.8750000000
53823  -21.094  -20.070  36.061 0.8750000000
52724  -21.897  -20.363  35.626 0.8750000000
121110  -2.858  -24.739  54.673 0.5000000000
45744  -3.133  -27.285  54.466 0.5000000000
43770  -3.477  -28.732  54.584 0.3750000000
43754  -4.143  -29.504  54.817 0.5000000000
42805  -5.064  -30.181  54.424 0.5000000000
42806  -5.862  -30.464  54.514 0.6250000000
114883  -6.553  -30.363  54.601 0.7500000000
46761  -3.019  -26.317  54.519 0.5000000000
43771  -6.569  -29.398  54.259 0.7500000000
43758  -6.997  -29.994  54.531 0.7500000000
43772  -7.647  -29.715  54.341 0.7500000000
50496  -3.189  -23.256  54.330 0.5000000000
45774  -7.966  -27.684  52.413 0.8750000000
44742  -8.414  -28.468  52.875 0.8750000000
44716  -7.903  -29.385  53.902 0.7500000000
43787  -8.609  -29.467  53.810 0.7500000000
46784  -7.843  -26.921  51.864 0.8750000000
45792  -8.593  -27.475  51.800 0.8750000000
53608  -4.476  -19.905  51.518 0.6250000000
53599  -4.474  -20.087  52.550 0.6250000000
53592  -4.699  -20.172  53.480 0.6250000000
130644  -9.644  -25.745  50.318 0.8750000000
47735  -8.929  -25.741  50.634 0.8750000000
53600  -5.114  -19.769  53.030 0.6250000000
53593  -5.278  -19.846  53.973 0.6250000000
53583  -4.850  -20.266  54.004 0.6250000000
54660  -32.909  -19.006  49.561 1.0000000000
108534  -6.061  -19.441  49.363 0.7500000000
48640  -11.327  -24.657  49.781 1.0000000000
53673  -30.532  -19.594  47.968 1.0000000000
54673  -33.472  -18.338  49.261 1.0000000000
53652  -6.495  -19.423  48.464 0.7500000000
49546  -12.374  -23.477  50.124 1.0000000000
49547  -12.967  -22.959  50.337 1.0000000000
53689  -30.465  -19.437  47.074 1.0000000000
54661  -33.857  -18.719  49.594 1.0000000000
55603  -34.409  -17.914  49.558 1.0000000000
108529  -6.910  -19.433  47.681 0.6250000000
50525  -13.496  -22.537  50.042 1.0000000000
119913  -30.771  -19.062  46.518 1.0000000000
55605  -36.094  -17.253  49.818 1.0000000000
55606  -36.883  -17.069  49.744 1.0000000000
55615  -38.009  -16.780  48.358 1.0000000000
51576  -14.515  -21.375  49.299 1.0000000000
54712  -31.273  -18.285  44.761 1.0000000000
54663  -35.509  -17.968  49.819 0.8750000000
54664  -36.318  -17.818  49.780 0.8750000000
54665  -37.218  -17.885  49.326 1.0000000000
52576  -15.554  -20.696  48.148 1.0000000000
54721  -31.147  -18.117  43.835 0.8750000000
55646  -36.969  -17.216  46.255 0.7500000000
53670  -16.488  -19.835  47.223 1.0000000000
54678  -16.580  -18.737  47.580 1.0000000000
55658  -31.061  -17.944  42.990 0.8750000000
55653  -36.270  -16.940  45.266 0.7500000000
53671  -17.118  -19.063  46.775 1.0000000000
55667  -30.901  -17.759  42.163 0.8750000000
54687  -18.411  -18.658  45.961 1.0000000000
53699  -19.049  -19.051  45.508 1.0000000000
55684  -29.808  -17.845  40.101 0.8750000000
55676  -30.734  -17.640  41.291 0.8750000000
53701  -20.496  -19.336  44.987 1.0000000000
53716  -20.675  -19.698  44.383 1.0000000000
54749  -29.285  -18.291  40.658 0.8750000000
55685  -30.567  -17.559  40.405 0.8750000000
54717  -20.984  -19.020  43.323 1.0000000000
129719  -28.286  -18.570  39.398 0.8750000000
54758  -29.083  -18.169  39.774 0.8750000000
55694  -29.601  -17.724  39.248 0.8750000000
53745  -20.370  -19.582  42.711 1.0000000000
53755  -20.046  -19.337  41.765 1.0000000000
54757  -27.501  -18.863  38.636 0.8750000000
55693  -28.886  -17.954  38.911 0.8750000000
55705  -29.399  -17.641  38.568 0.8750000000
115474  -19.872  -19.132  40.881 1.0000000000
54775  -27.617  -18.344  37.788 0.8750000000
54766  -28.209  -18.185  38.411 0.8750000000
55704  -28.859  -17.685  38.017 0.8750000000
53767  -19.616  -19.714  40.314 1.0000000000
52681  -19.676  -19.967  38.784 1.0000000000
53809  -26.981  -18.899  37.805 0.8750000000
55715  -27.735  -17.931  37.062 0.8750000000
54776  -28.170  -17.893  37.674 0.8750000000
52682  -19.920  -19.959  37.967 1.0000000000
53825  -25.673  -19.645  36.417 0.8750000000
54774  -26.447  -19.144  37.003 0.8750000000
54785  -27.249  -18.116  36.375 0.8750000000
53838  -23.867  -19.961  34.788 0.8750000000
53840  -25.392  -19.300  35.514 0.8750000000
53835  -20.641  -19.225  35.996 0.8750000000
53836  -21.387  -19.635  35.373 0.8750000000
53837  -22.235  -19.939  34.921 0.8750000000
53855  -23.434  -19.667  34.263 0.8750000000
53856  -24.158  -19.359  34.248 0.8750000000
53853  -21.697  -19.239  34.598 0.8750000000
53854  -22.632  -19.467  34.140 0.8750000000
48587  -2.877  -24.144  55.053 0.5000000000
47694  -3.136  -25.442  54.951 0.5000000000
45745  -3.452  -27.534  55.172 0.5000000000
45731  -3.834  -27.798  55.468 0.6250000000
44700  -4.084  -28.737  55.215 0.6250000000
43755  -4.660  -29.250  54.778 0.7500000000
43756  -5.302  -29.531  54.489 0.7500000000
48590  -2.769  -24.195  54.324 0.5000000000
44701  -4.352  -27.976  55.324 0.6250000000
112659  -4.736  -28.710  54.902 0.7500000000
121425  -5.554  -28.915  54.496 0.7500000000
44714  -6.188  -28.621  54.210 0.7500000000
50497  -3.523  -22.968  54.551 0.6250000000
112873  -3.540  -23.387  54.871 0.6250000000
50490  -4.053  -23.075  54.962 0.7500000000
45773  -7.152  -26.977  52.629 0.8750000000
44727  -6.705  -28.254  53.773 0.7500000000
44715  -7.046  -29.067  53.996 0.7500000000
51547  -4.417  -21.601  54.383 0.6250000000
51539  -4.595  -21.980  54.680 0.7500000000
47723  -7.595  -25.487  51.579 0.8750000000
53619  -5.205  -19.628  50.967 0.6250000000
53610  -6.017  -19.523  51.446 0.6250000000
52544  -4.727  -20.761  54.170 0.6250000000
52537  -5.142  -20.878  54.577 0.7500000000
109734  -5.281  -21.350  54.737 0.7500000000
46794  -7.840  -26.220  51.478 0.8750000000
108536  -6.910  -19.531  49.984 0.7500000000
53601  -5.905  -19.562  52.483 0.6250000000
109945  -5.748  -19.601  53.371 0.7500000000
53594  -6.141  -19.564  54.049 0.6250000000
53577  -5.926  -20.087  54.879 0.7500000000
48627  -10.064  -24.398  50.305 0.8750000000
108533  -7.114  -19.511  49.183 0.8750000000
127603  -6.289  -19.755  54.969 0.7500000000
53578  -6.714  -19.814  55.247 0.7500000000
52539  -6.377  -20.140  55.166 0.7500000000
48628  -10.814  -24.046  50.190 1.0000000000
48629  -11.626  -23.832  50.114 1.0000000000
53661  -31.174  -19.566  49.163 1.0000000000
53674  -31.081  -19.380  48.374 1.0000000000
54671  -31.750  -19.061  48.682 1.0000000000
54672  -32.551  -18.685  48.966 1.0000000000
55613  -33.098  -18.037  48.494 1.0000000000
109502  -7.319  -19.411  46.882 0.8750000000
54691  -31.062  -19.101  47.397 1.0000000000
54692  -31.714  -18.551  47.245 1.0000000000
55614  -33.932  -17.540  48.997 1.0000000000
56559  -34.358  -16.741  48.574 1.0000000000
112328  -35.324  -16.321  49.026 1.0000000000
53682  -7.682  -19.444  46.081 0.8750000000
51571  -14.032  -21.245  50.280 1.0000000000
55634  -31.990  -18.091  46.262 1.0000000000
56544  -35.764  -16.777  49.671 1.0000000000
56555  -37.257  -15.965  49.271 1.0000000000
56562  -38.141  -15.946  48.224 1.0000000000
111227  -38.101  -15.721  47.633 0.8750000000
53712  -7.565  -19.413  44.670 0.8750000000
50533  -14.018  -22.020  49.728 1.0000000000
55650  -31.762  -17.755  44.246 1.0000000000
55660  -32.238  -17.294  43.767 1.0000000000
57403  -38.050  -15.463  47.787 1.0000000000
56567  -38.073  -16.136  47.017 1.0000000000
109500  -7.097  -19.390  44.040 0.8750000000
53740  -7.106  -19.461  42.807 0.8750000000
53641  -15.467  -19.734  48.726 1.0000000000
54669  -16.200  -18.574  48.460 1.0000000000
55659  -31.640  -17.613  43.398 0.8750000000
56572  -37.752  -15.324  46.551 1.0000000000
53764  -6.143  -19.949  40.493 0.8750000000
124534  -6.438  -19.645  41.712 0.8750000000
53658  -16.038  -19.331  48.033 1.0000000000
56590  -32.318  -16.919  42.439 0.8750000000
56578  -37.112  -16.127  45.890 0.7500000000
112311  -5.389  -20.409  40.051 0.7500000000
53763  -5.157  -20.183  41.108 0.7500000000
111578  -5.881  -19.808  41.469 0.6250000000
55618  -17.971  -17.764  46.864 1.0000000000
55629  -18.506  -17.891  46.319 1.0000000000
121732  -31.514  -17.316  41.627 0.8750000000
55662  -36.061  -16.831  44.105 0.7500000000
54688  -19.157  -18.209  45.778 1.0000000000
54698  -20.837  -18.662  45.395 1.0000000000
55686  -31.319  -17.263  40.719 0.8750000000
56669  -7.679  -16.704  34.517 0.1250000000
54697  -19.883  -18.783  45.397 1.0000000000
53702  -21.194  -18.989  44.857 1.0000000000
53717  -21.260  -19.158  44.197 1.0000000000
55706  -30.137  -17.387  38.591 0.8750000000
55695  -30.378  -17.471  39.518 0.8750000000
108662  -20.547  -18.662  42.281 1.0000000000
113043  -29.582  -17.475  38.057 0.8750000000
55718  -30.151  -17.228  37.712 0.8750000000
53768  -19.745  -18.962  39.994 1.0000000000
53781  -19.712  -19.086  39.088 0.7500000000
55726  -27.884  -17.620  36.280 0.8750000000
55735  -28.621  -17.308  36.095 0.8750000000
55717  -29.417  -17.391  37.376 0.8750000000
54773  -20.021  -18.568  37.655 0.8750000000
53806  -20.098  -19.506  37.424 0.8750000000
128328  -20.369  -18.678  36.339 0.8750000000
54792  -26.015  -18.652  35.479 0.8750000000
54808  -26.381  -18.128  35.083 0.8750000000
55747  -26.804  -17.525  34.609 0.8750000000
115586  -28.066  -17.334  35.502 0.8750000000
54791  -20.932  -18.846  35.160 0.8750000000
54819  -25.163  -18.206  33.934 0.8750000000
55746  -25.994  -17.869  34.297 0.8750000000
54805  -21.967  -18.805  33.861 0.8750000000
53867  -22.721  -18.800  33.461 0.8750000000
123936  -23.384  -18.589  33.213 0.8750000000
54818  -24.240  -18.608  33.570 0.8750000000
127312  -3.036  -24.551  55.182 0.6250000000
47688  -3.404  -24.842  55.378 0.6250000000
112596  -3.735  -26.883  55.419 0.6250000000
45732  -4.149  -27.134  55.515 0.7500000000
45733  -4.609  -27.333  55.182 0.7500000000
125499  -2.984  -23.917  55.150 0.5000000000
47687  -3.067  -24.187  55.314 0.6250000000
49507  -3.790  -23.755  55.235 0.6250000000
44702  -4.934  -28.134  54.921 0.7500000000
45747  -5.943  -27.829  54.185 0.7500000000
127743  -3.570  -23.605  55.061 0.7500000000
45756  -6.449  -27.279  53.533 0.8750000000
50491  -4.942  -22.294  54.909 0.7500000000
51529  -5.693  -21.273  54.888 0.7500000000
125611  -7.958  -24.914  51.251 0.8750000000
46782  -6.907  -26.098  52.555 0.8750000000
53620  -6.871  -19.526  50.897 0.8750000000
108539  -6.898  -19.530  51.971 0.6250000000
52531  -6.382  -20.532  55.154 0.7500000000
48626  -8.598  -24.851  50.813 0.8750000000
53636  -7.589  -19.561  49.715 0.8750000000
108411  -6.558  -19.501  53.083 0.7500000000
53586  -6.791  -19.518  54.779 0.7500000000
52538  -5.811  -20.619  54.881 0.7500000000
52540  -7.087  -20.053  55.551 0.7500000000
51531  -7.063  -20.539  55.421 0.8750000000
49544  -10.245  -23.627  50.699 0.8750000000
49533  -11.443  -22.812  51.338 1.0000000000
56523  -22.393  -16.675  52.691 1.0000000000
56524  -22.813  -16.627  52.401 1.0000000000
53654  -8.450  -19.602  48.499 0.8750000000
108528  -7.951  -19.569  47.684 0.8750000000
107933  -7.881  -19.195  54.115 0.7500000000
53587  -7.651  -19.195  55.097 0.8750000000
53568  -7.508  -19.682  55.738 0.7500000000
110459  -7.771  -20.218  55.967 0.8750000000
108636  -11.873  -23.112  50.709 1.0000000000
115419  -12.465  -22.873  50.801 1.0000000000
55584  -20.523  -16.731  52.290 1.0000000000
56528  -21.196  -16.726  51.648 1.0000000000
121114  -22.005  -16.759  51.710 1.0000000000
56530  -22.931  -16.576  51.830 0.8750000000
109501  -8.464  -19.563  46.827 0.8750000000
53580  -8.059  -19.185  55.753 0.7500000000
53569  -8.115  -19.613  56.249 0.7500000000
129597  -13.178  -22.318  50.868 1.0000000000
51562  -13.691  -21.165  51.255 1.0000000000
55594  -17.648  -17.254  50.755 1.0000000000
55590  -19.858  -16.714  51.337 1.0000000000
56533  -20.774  -16.695  50.913 1.0000000000
56536  -23.019  -16.416  51.093 1.0000000000
55636  -33.322  -17.160  47.044 1.0000000000
56565  -34.019  -16.573  47.493 1.0000000000
56560  -34.886  -16.010  48.014 1.0000000000
56561  -35.949  -15.611  48.456 1.0000000000
53695  -8.073  -19.477  45.342 0.8750000000
51570  -13.570  -21.865  50.676 1.0000000000
52559  -14.169  -20.515  50.850 1.0000000000
53627  -15.098  -19.249  50.824 1.0000000000
55593  -16.800  -17.718  50.066 1.0000000000
55595  -18.691  -16.871  50.502 1.0000000000
56539  -21.052  -16.722  50.343 1.0000000000
115186  -22.247  -16.784  50.630 1.0000000000
55643  -32.624  -17.415  45.633 1.0000000000
56570  -33.218  -16.866  45.684 1.0000000000
57397  -37.042  -15.484  48.671 1.0000000000
57402  -37.543  -15.044  48.079 1.0000000000
53713  -8.591  -19.488  44.587 0.8750000000
113250  -15.195  -19.352  49.811 1.0000000000
54658  -16.110  -18.251  49.870 1.0000000000
112525  -17.696  -17.244  49.776 1.0000000000
55602  -19.541  -16.795  48.970 1.0000000000
56550  -21.897  -16.882  49.363 1.0000000000
56541  -22.372  -16.817  49.979 1.0000000000
55651  -32.403  -17.357  44.626 1.0000000000
56576  -33.011  -16.854  44.959 1.0000000000
58251  -37.414  -14.635  47.050 1.0000000000
58252  -37.881  -15.144  47.236 1.0000000000
57408  -37.834  -14.689  46.480 1.0000000000
53741  -8.735  -19.457  42.728 0.8750000000
108442  -7.833  -19.502  41.439 0.8750000000
54657  -15.750  -18.756  49.246 1.0000000000
55600  -17.713  -17.312  48.785 1.0000000000
110554  -18.538  -17.058  48.554 1.0000000000
108388  -20.304  -16.849  48.303 1.0000000000
127363  -21.325  -16.893  48.668 1.0000000000
56583  -32.822  -16.837  44.097 1.0000000000
57413  -37.953  -14.557  45.818 1.0000000000
56579  -37.525  -15.287  45.368 0.8750000000
124640  -7.882  -19.460  40.506 0.8750000000
55609  -17.935  -17.417  47.719 1.0000000000
55620  -19.827  -17.117  47.221 1.0000000000
56598  -32.156  -16.887  41.651 0.8750000000
56585  -36.765  -16.068  44.750 0.7500000000
56586  -37.471  -15.434  44.171 0.8750000000
109127  -7.123  -19.589  39.954 0.8750000000
53778  -7.345  -19.444  38.936 0.8750000000
55619  -18.725  -17.375  46.985 1.0000000000
55631  -20.578  -17.513  46.580 1.0000000000
54690  -21.217  -18.038  46.007 1.0000000000
56592  -36.846  -16.156  43.478 0.7500000000
53777  -6.321  -20.005  39.233 0.8750000000
53776  -5.414  -20.501  39.101 0.8750000000
53791  -6.685  -19.626  38.177 0.8750000000
54689  -20.127  -18.064  45.836 1.0000000000
54699  -21.607  -18.340  45.414 1.0000000000
54700  -22.148  -17.996  45.368 1.0000000000
114899  -31.897  -16.956  41.020 0.8750000000
55671  -36.206  -16.766  42.853 0.6250000000
52666  -4.669  -20.931  39.713 0.7500000000
53790  -5.762  -20.172  38.214 0.8750000000
108290  -6.000  -19.554  37.512 0.8750000000
54770  -6.231  -18.725  37.132 0.8750000000
54782  -4.698  -18.478  36.642 0.8750000000
55731  -2.747  -17.361  34.468 0.8750000000
116432  -2.995  -16.657  33.805 0.3750000000
115087  -4.118  -16.680  33.744 0.2500000000
56667  -5.417  -16.692  34.017 0.2500000000
116309  -7.103  -15.896  34.340 0.1250000000
54718  -21.534  -18.386  43.862 1.0000000000
55656  -21.595  -17.369  43.438 0.8750000000
56607  -31.949  -16.764  40.207 0.8750000000
55678  -36.324  -16.749  41.875 0.6250000000
56601  -37.116  -16.236  42.165 0.6250000000
52680  -4.887  -20.678  38.445 0.8750000000
52692  -4.952  -19.987  37.418 0.8750000000
124553  -4.188  -20.018  37.130 0.8750000000
113813  -3.588  -18.202  36.194 0.8750000000
54789  -2.851  -18.004  35.232 0.8750000000
54727  -21.096  -18.110  42.942 1.0000000000
56616  -30.985  -17.086  38.952 0.8750000000
120211  -8.121  -15.978  34.493 0.2500000000
55665  -20.793  -17.873  42.195 0.8750000000
56638  -30.791  -16.845  37.268 0.8750000000
56626  -30.870  -16.989  38.095 0.8750000000
57512  -9.525  -15.297  34.244 0.1250000000
117753  -20.235  -18.692  41.407 0.8750000000
54747  -20.194  -18.298  40.588 0.8750000000
56649  -30.715  -16.686  36.458 0.8750000000
54756  -20.044  -18.201  39.432 0.8750000000
56658  -29.857  -16.604  35.283 0.8750000000
56637  -30.081  -17.088  36.897 0.8750000000
54765  -19.899  -18.566  38.555 0.7500000000
55703  -20.163  -17.726  38.388 0.7500000000
55736  -29.262  -16.995  35.746 0.8750000000
114031  -20.229  -18.156  36.758 0.8750000000
56674  -27.192  -16.988  34.079 0.8750000000
55749  -28.383  -16.998  34.870 0.8750000000
111686  -20.469  -17.594  35.535 0.8750000000
54803  -20.654  -18.038  34.966 0.8750000000
55778  -25.233  -17.136  32.825 0.8750000000
55760  -25.609  -17.518  33.541 0.8750000000
55745  -20.871  -17.705  34.200 0.8750000000
54816  -22.189  -18.354  33.326 0.8750000000
112594  -24.748  -17.776  33.216 0.8750000000
108980  -4.123  -24.766  55.562 0.6250000000
47689  -3.902  -25.412  55.487 0.6250000000
125368  -4.449  -26.444  55.325 0.6250000000
48583  -4.260  -24.076  55.457 0.7500000000
48585  -4.700  -24.390  55.570 0.7500000000
46753  -4.376  -25.561  55.480 0.7500000000
47695  -4.908  -25.744  55.260 0.7500000000
46763  -5.030  -26.688  54.939 0.8750000000
45746  -5.244  -27.558  54.709 0.7500000000
50486  -5.253  -22.796  55.123 0.7500000000
49503  -5.030  -23.725  55.476 0.7500000000
118107  -6.093  -26.429  53.863 0.8750000000
46764  -5.654  -26.984  54.260 0.7500000000
109554  -5.588  -21.923  54.883 0.8750000000
51530  -6.285  -21.194  55.048 0.8750000000
47714  -7.112  -25.368  52.205 0.8750000000
47713  -6.716  -25.390  52.964 0.8750000000
58217  -22.180  -15.486  54.529 1.0000000000
58216  -21.412  -14.699  54.180 0.8750000000
53621  -7.614  -19.544  50.405 0.8750000000
108538  -7.589  -19.505  51.264 0.8750000000
48615  -8.352  -24.158  51.507 0.8750000000
49519  -9.535  -22.790  52.219 0.8750000000
57382  -22.586  -16.085  53.753 1.0000000000
58220  -22.330  -15.354  53.605 0.8750000000
108531  -8.780  -19.581  49.290 0.8750000000
124197  -7.671  -19.440  52.743 0.8750000000
48616  -9.293  -24.035  50.856 0.8750000000
49532  -10.622  -23.004  51.272 0.8750000000
109864  -21.712  -16.705  52.366 1.0000000000
56519  -22.847  -16.386  52.924 1.0000000000
108527  -8.943  -19.610  47.775 0.8750000000
53667  -9.500  -19.583  47.115 0.8750000000
54621  -8.454  -18.883  54.993 0.8750000000
49521  -11.798  -22.394  52.089 1.0000000000
51561  -13.247  -21.707  51.653 1.0000000000
111605  -19.314  -16.881  52.199 1.0000000000
57385  -23.150  -16.270  52.356 1.0000000000
53697  -9.870  -19.486  45.642 0.8750000000
54611  -9.032  -18.792  55.750 0.8750000000
114322  -7.766  -19.901  56.066 0.8750000000
52554  -13.957  -20.550  51.822 1.0000000000
55588  -17.672  -17.338  51.705 1.0000000000
58236  -22.867  -15.526  51.234 0.8750000000
58226  -22.986  -15.680  52.138 0.8750000000
111572  -33.722  -16.543  46.348 1.0000000000
56566  -34.569  -15.908  46.903 1.0000000000
57400  -35.539  -15.353  47.426 1.0000000000
115776  -9.584  -19.466  44.727 0.8750000000
54649  -16.245  -18.238  51.642 1.0000000000
54650  -16.963  -17.831  52.142 1.0000000000
56542  -22.958  -16.518  49.765 1.0000000000
57391  -23.296  -15.943  50.733 0.8750000000
56571  -34.306  -15.824  45.863 1.0000000000
115267  -33.628  -16.373  45.349 1.0000000000
57401  -36.708  -15.053  47.815 1.0000000000
53729  -8.780  -19.483  43.703 0.8750000000
53753  -10.318  -19.098  41.691 0.8750000000
56551  -22.548  -16.899  49.197 1.0000000000
56577  -33.455  -16.348  44.458 1.0000000000
57414  -38.137  -14.154  45.837 1.0000000000
53742  -9.580  -19.337  42.203 0.8750000000
122001  -8.528  -19.409  40.906 0.8750000000
54744  -9.688  -18.777  39.975 0.8750000000
55621  -21.188  -17.109  47.646 1.0000000000
55622  -22.245  -17.208  47.637 1.0000000000
109646  -32.625  -16.846  43.266 0.8750000000
57420  -38.028  -14.694  44.754 0.8750000000
116105  -38.732  -14.542  43.245 0.8750000000
54753  -8.888  -18.812  39.219 0.8750000000
54764  -9.255  -18.173  38.632 0.8750000000
108262  -21.671  -17.495  46.802 1.0000000000
120714  -22.393  -17.336  46.917 1.0000000000
55633  -22.738  -17.061  46.500 0.8750000000
111440  -33.056  -16.441  42.700 0.8750000000
57428  -38.203  -14.929  43.647 0.8750000000
57436  -39.104  -14.541  42.431 0.8750000000
54763  -8.447  -18.511  38.400 0.8750000000
54772  -7.957  -18.108  37.708 0.8750000000
55712  -7.318  -17.506  37.297 0.8750000000
55711  -6.471  -17.757  36.989 0.8750000000
55641  -22.501  -17.295  45.545 0.8750000000
56569  -22.940  -16.487  45.940 0.8750000000
108824  -32.803  -16.475  41.845 0.8750000000
56593  -37.694  -15.583  42.975 0.8750000000
123182  -38.800  -15.302  42.017 0.8750000000
54771  -7.120  -18.439  37.400 0.8750000000
55710  -5.410  -17.933  36.727 0.8750000000
114270  -4.878  -16.821  36.744 0.8750000000
56646  -3.499  -16.349  36.489 0.8750000000
55649  -22.378  -17.156  44.726 0.8750000000
55657  -22.096  -17.018  44.057 0.8750000000
56609  -33.142  -16.128  40.471 0.8750000000
55724  -4.446  -17.590  36.560 0.8750000000
55723  -3.687  -17.327  36.328 0.8750000000
56655  -2.474  -16.421  34.579 0.6250000000
120097  -2.527  -15.904  34.078 0.5000000000
117574  -3.428  -15.837  33.804 0.2500000000
115798  -4.689  -15.802  33.831 0.2500000000
55648  -21.992  -17.747  44.323 0.8750000000
56618  -32.420  -16.372  39.518 0.8750000000
56602  -37.713  -16.178  41.274 0.6250000000
56603  -38.647  -15.753  41.289 0.7500000000
56604  -39.454  -15.457  40.985 0.6250000000
115797  -5.960  -15.833  34.160 0.2500000000
57509  -6.503  -14.956  34.302 0.1250000000
56589  -21.364  -16.541  42.827 0.8750000000
56597  -21.012  -16.586  41.999 0.8750000000
56628  -32.263  -16.326  38.758 0.8750000000
56610  -38.059  -16.218  40.574 0.7500000000
57453  -40.431  -15.301  40.902 0.5000000000
126994  -40.283  -15.660  39.972 0.5000000000
57510  -7.606  -15.093  34.371 0.2500000000
55674  -20.780  -17.303  41.697 0.8750000000
56596  -20.730  -16.624  41.146 0.8750000000
57495  -32.806  -15.599  36.547 0.8750000000
56640  -32.208  -16.279  37.977 0.8750000000
114076  -38.818  -15.938  40.472 0.6250000000
56612  -39.523  -15.723  40.278 0.5000000000
57462  -41.091  -15.618  39.415 0.5000000000
57511  -8.602  -15.225  34.375 0.2500000000
119244  -20.502  -17.419  40.860 0.8750000000
55683  -20.470  -16.670  40.167 0.8750000000
56650  -31.396  -16.442  36.815 0.8750000000
56639  -31.503  -16.570  37.625 0.8750000000
123006  -38.898  -15.962  39.854 0.5000000000
56625  -20.317  -16.743  38.487 0.7500000000
56659  -30.693  -16.398  35.608 0.8750000000
56660  -31.256  -16.314  36.124 0.8750000000
113611  -20.371  -16.326  37.841 0.7500000000
56678  -30.452  -16.111  34.758 0.8750000000
57514  -31.204  -15.719  34.722 0.8750000000
118012  -20.279  -17.292  36.952 0.8750000000
55733  -20.421  -16.947  35.766 0.8750000000
56692  -28.345  -16.301  33.642 0.7500000000
57523  -29.259  -15.988  33.659 0.8750000000
55744  -20.529  -17.149  34.885 0.8750000000
55756  -20.672  -17.027  34.083 0.8750000000
56706  -26.480  -16.369  32.682 0.7500000000
56707  -27.246  -16.204  32.906 0.7500000000
57522  -28.545  -15.813  32.997 0.7500000000
55757  -21.197  -17.282  33.439 0.7500000000
55776  -23.206  -17.536  32.437 0.7500000000
55777  -24.426  -17.308  32.548 0.7500000000
56705  -25.619  -16.462  32.353 0.7500000000
57551  -26.417  -15.539  31.610 0.7500000000
47691  -5.394  -25.052  55.212 0.8750000000
47696  -5.604  -25.936  54.626 0.8750000000
50487  -6.064  -22.067  54.902 0.8750000000
48591  -6.421  -24.604  54.206 0.8750000000
48600  -6.713  -24.767  53.482 0.8750000000
122825  -9.243  -19.484  50.872 0.8750000000
48601  -7.189  -24.520  52.742 0.8750000000
53622  -8.373  -19.511  50.793 0.8750000000
53611  -8.105  -19.463  51.725 0.8750000000
53612  -8.748  -19.472  51.472 0.8750000000
49517  -7.690  -23.625  52.985 0.8750000000
49518  -8.481  -23.323  52.336 0.8750000000
53637  -8.235  -19.573  49.894 0.8750000000
53602  -8.615  -19.411  52.203 1.0000000000
56518  -22.357  -16.460  53.346 1.0000000000
58219  -21.379  -14.627  53.201 0.8750000000
53655  -9.462  -19.590  48.650 0.8750000000
125296  -9.747  -19.595  47.859 0.8750000000
53596  -8.674  -19.256  53.038 1.0000000000
54631  -9.134  -18.921  53.929 1.0000000000
50488  -7.026  -21.231  55.173 0.8750000000
125585  -7.743  -20.643  55.688 1.0000000000
49520  -10.509  -22.398  52.596 0.8750000000
108298  -11.033  -22.619  52.025 0.8750000000
123698  -12.377  -22.207  52.020 1.0000000000
56522  -21.760  -16.598  53.064 1.0000000000
59052  -20.360  -14.187  52.730 0.8750000000
53684  -10.126  -19.510  46.515 0.8750000000
54602  -9.414  -19.035  56.407 1.0000000000
53570  -8.962  -19.879  56.809 1.0000000000
51532  -8.582  -20.565  56.231 1.0000000000
50511  -12.152  -21.846  52.790 1.0000000000
50512  -12.788  -21.776  52.308 1.0000000000
117980  -13.601  -21.080  52.070 1.0000000000
58230  -22.249  -14.940  51.776 0.8750000000
58224  -21.335  -14.539  52.272 0.8750000000
57412  -34.854  -15.192  45.396 1.0000000000
57406  -35.171  -15.233  46.390 1.0000000000
53731  -11.055  -19.161  43.882 0.8750000000
54725  -11.792  -18.686  42.741 0.8750000000
111382  -9.516  -19.598  56.831 1.0000000000
52525  -9.769  -20.107  57.185 1.0000000000
51534  -10.470  -21.087  57.064 1.0000000000
51542  -10.066  -21.301  56.321 1.0000000000
51558  -13.883  -20.579  52.706 1.0000000000
117496  -14.258  -20.083  52.454 1.0000000000
53616  -15.141  -19.186  51.805 1.0000000000
57394  -23.326  -15.950  49.783 0.8750000000
58235  -22.048  -14.822  50.875 0.8750000000
57407  -36.235  -14.692  46.895 1.0000000000
53743  -10.371  -19.240  42.588 0.8750000000
54734  -10.925  -18.687  41.105 0.8750000000
54746  -11.409  -18.145  40.588 0.8750000000
53561  -10.361  -19.866  57.299 1.0000000000
52526  -10.700  -20.322  57.603 1.0000000000
51523  -10.148  -20.557  57.189 1.0000000000
53605  -14.746  -19.591  52.358 1.0000000000
54643  -15.721  -18.725  52.028 1.0000000000
56543  -23.361  -16.325  48.585 0.8750000000
124569  -23.292  -16.275  49.213 0.8750000000
58240  -21.951  -14.833  49.392 0.8750000000
125324  -21.773  -14.699  50.126 0.8750000000
57418  -33.912  -15.817  43.959 1.0000000000
59120  -37.652  -14.074  46.337 1.0000000000
59133  -38.106  -13.849  45.804 1.0000000000
58277  -38.424  -13.804  45.133 1.0000000000
54745  -10.618  -18.456  40.287 0.8750000000
54755  -10.328  -18.186  39.527 0.8750000000
130078  -23.128  -16.719  48.298 0.8750000000
57396  -23.390  -15.878  48.154 0.8750000000
58246  -22.897  -15.324  48.113 0.8750000000
57426  -33.736  -15.890  43.021 0.8750000000
56584  -33.273  -16.381  43.571 1.0000000000
57421  -38.354  -14.132  45.105 1.0000000000
58285  -38.705  -13.832  44.360 0.8750000000
58295  -38.998  -14.051  43.408 0.8750000000
55700  -8.738  -17.717  38.051 0.8750000000
55713  -8.106  -17.113  37.575 0.8750000000
56635  -7.278  -16.545  37.328 0.8750000000
55623  -22.913  -16.929  47.520 0.8750000000
56564  -23.180  -16.428  46.898 0.8750000000
112523  -23.204  -15.650  47.286 0.8750000000
58296  -39.406  -13.857  42.589 0.8750000000
58297  -39.761  -14.038  41.986 0.7500000000
56634  -6.340  -16.268  37.222 0.8750000000
57405  -23.014  -15.710  46.261 0.8750000000
57451  -33.732  -15.738  40.713 0.8750000000
56600  -33.296  -16.125  41.252 0.8750000000
57444  -39.348  -15.077  41.644 0.7500000000
57437  -39.896  -14.371  41.716 0.7500000000
58304  -40.643  -14.294  41.563 0.8750000000
56632  -4.251  -15.975  36.952 0.8750000000
115483  -2.790  -15.928  35.956 0.7500000000
57506  -2.488  -15.360  34.431 0.5000000000
57507  -2.884  -15.161  34.203 0.6250000000
56575  -22.663  -16.499  45.108 0.8750000000
56582  -22.323  -16.294  44.363 0.8750000000
58273  -22.368  -15.047  44.949 0.8750000000
117836  -34.140  -15.415  40.133 0.8750000000
115579  -33.535  -15.766  40.074 0.8750000000
114124  -37.775  -13.268  36.296 0.8750000000
60057  -38.853  -12.713  35.489 0.8750000000
60046  -39.465  -12.756  36.332 0.8750000000
58305  -41.286  -14.260  41.481 0.7500000000
58313  -41.864  -14.599  41.274 0.8750000000
57505  -2.415  -15.921  34.298 0.6250000000
57508  -3.952  -14.970  33.939 0.2500000000
56581  -21.846  -16.415  43.572 0.8750000000
57425  -21.951  -15.579  43.829 0.8750000000
123463  -34.048  -15.169  37.742 0.8750000000
57460  -33.697  -15.580  39.335 0.8750000000
56619  -33.063  -16.053  39.747 0.8750000000
59230  -37.005  -13.427  36.133 0.8750000000
60056  -37.527  -13.147  35.424 0.8750000000
57445  -40.027  -14.966  41.361 0.6250000000
57454  -41.340  -14.998  41.221 0.7500000000
59184  -42.967  -13.921  41.188 0.8750000000
114259  -5.252  -14.905  34.058 0.2500000000
115058  -7.085  -14.060  34.311 0.2500000000
57433  -21.124  -15.871  42.345 0.8750000000
57471  -33.422  -15.582  38.333 0.8750000000
60069  -37.067  -13.104  34.800 0.8750000000
124926  -38.185  -12.842  35.149 0.8750000000
60071  -38.610  -12.501  34.602 0.8750000000
108614  -41.423  -15.354  40.538 0.5000000000
127763  -41.856  -15.027  41.040 0.5000000000
58315  -43.284  -14.415  40.814 0.6250000000
58324  -44.200  -14.397  40.508 0.6250000000
58364  -8.107  -14.270  34.281 0.2500000000
57441  -20.889  -15.884  41.530 0.8750000000
57470  -32.740  -15.979  38.332 0.8750000000
107997  -37.057  -12.933  34.187 0.8750000000
60070  -37.743  -12.776  34.503 0.8750000000
60083  -38.301  -12.299  33.774 0.8750000000
57463  -42.234  -15.447  39.804 0.5000000000
57464  -43.393  -15.088  40.058 0.6250000000
112575  -20.530  -15.748  39.868 0.7500000000
57502  -32.337  -15.534  35.672 0.8750000000
60082  -37.461  -12.553  33.590 0.8750000000
60950  -37.970  -12.041  32.933 0.8750000000
55692  -20.269  -17.192  39.303 0.7500000000
58368  -31.583  -15.245  34.050 0.8750000000
57515  -31.986  -15.406  34.860 0.8750000000
60963  -37.633  -11.591  32.181 0.8750000000
61858  -38.046  -10.809  31.907 0.8750000000
57475  -42.835  -15.462  39.114 0.5000000000
57483  -20.369  -15.533  37.535 0.7500000000
57524  -30.115  -15.517  33.379 0.8750000000
57525  -30.745  -15.603  34.012 0.8750000000
56647  -20.414  -16.269  36.165 0.8750000000
56656  -20.427  -16.303  35.303 0.8750000000
56673  -20.510  -16.388  34.412 0.8750000000
57521  -20.812  -16.019  33.149 0.7500000000
57535  -27.811  -15.710  32.421 0.7500000000
58408  -29.318  -14.546  31.498 0.7500000000
56702  -21.899  -16.607  32.379 0.7500000000
56714  -22.905  -16.122  31.620 0.7500000000
57549  -24.256  -15.490  31.281 0.7500000000
57550  -25.631  -15.788  31.734 0.7500000000
58406  -27.677  -14.648  30.927 0.7500000000
48586  -5.250  -24.368  55.488 0.8750000000
48588  -5.954  -24.361  54.960 0.8750000000
53613  -10.027  -19.398  51.047 0.8750000000
48589  -6.555  -24.001  54.473 0.8750000000
49513  -7.552  -23.115  53.738 0.8750000000
59041  -20.617  -14.071  54.819 0.8750000000
53623  -9.837  -19.496  50.181 0.8750000000
53603  -9.375  -19.373  51.814 0.8750000000
50492  -6.591  -22.150  54.813 0.8750000000
114504  -8.305  -22.847  53.248 0.8750000000
50505  -9.098  -22.165  53.609 0.8750000000
57378  -22.366  -16.041  54.743 1.0000000000
53638  -9.498  -19.548  49.495 0.8750000000
110561  -7.445  -21.646  54.964 0.8750000000
59045  -20.323  -14.002  53.728 0.8750000000
53656  -10.374  -19.517  48.317 0.8750000000
53668  -10.402  -19.511  47.419 0.8750000000
54639  -9.576  -19.110  52.727 1.0000000000
54632  -10.146  -18.776  53.395 1.0000000000
129953  -8.916  -21.407  55.316 1.0000000000
49515  -9.864  -22.249  53.126 0.8750000000
50507  -11.697  -21.690  53.521 0.8750000000
116181  -19.669  -13.687  53.031 0.8750000000
58264  -35.743  -14.523  45.942 1.0000000000
54675  -11.577  -19.124  47.838 0.8750000000
54683  -11.664  -19.164  47.010 0.8750000000
111150  -9.955  -18.695  54.393 1.0000000000
54623  -10.601  -18.583  55.091 1.0000000000
51541  -9.156  -21.167  56.057 1.0000000000
50494  -9.747  -21.434  55.464 1.0000000000
50510  -11.367  -22.127  52.766 0.8750000000
55583  -19.787  -16.847  52.991 1.0000000000
58229  -21.180  -14.490  51.378 0.8750000000
58274  -35.375  -14.580  44.937 1.0000000000
58265  -36.812  -14.040  46.343 1.0000000000
116610  -36.268  -13.934  45.443 1.0000000000
54706  -12.253  -18.801  44.982 0.8750000000
54714  -11.732  -18.826  43.557 0.8750000000
54603  -10.114  -19.217  56.708 1.0000000000
53571  -11.109  -19.499  57.185 1.0000000000
51533  -9.582  -20.843  56.720 1.0000000000
51554  -13.772  -20.652  53.354 1.0000000000
127947  -14.234  -20.188  52.970 1.0000000000
58234  -20.997  -14.459  50.521 0.8750000000
57419  -34.613  -15.232  44.417 1.0000000000
59132  -37.353  -13.539  45.669 1.0000000000
114237  -11.928  -18.459  42.054 0.8750000000
53562  -11.221  -20.150  57.912 1.0000000000
124510  -10.852  -21.337  56.472 1.0000000000
110586  -15.383  -19.139  52.795 1.0000000000
58239  -20.858  -14.435  49.634 0.8750000000
58284  -35.711  -14.132  43.502 1.0000000000
58283  -35.141  -14.673  43.947 1.0000000000
128724  -38.330  -13.872  45.514 1.0000000000
58278  -38.696  -13.502  44.408 1.0000000000
59153  -39.050  -13.314  43.737 1.0000000000
55681  -11.657  -17.419  40.320 0.8750000000
51535  -11.489  -21.279  57.231 1.0000000000
58245  -22.056  -14.830  48.489 0.8750000000
58293  -35.031  -14.758  42.965 1.0000000000
57427  -34.446  -15.306  43.439 1.0000000000
59163  -39.621  -13.571  42.355 1.0000000000
55702  -10.136  -16.903  38.782 0.8750000000
57482  -8.106  -15.976  37.663 0.8750000000
117037  -22.653  -15.028  47.257 0.8750000000
58302  -35.004  -14.771  42.040 0.8750000000
57434  -34.307  -15.380  42.375 1.0000000000
59213  -37.479  -13.345  37.997 0.8750000000
60044  -38.053  -13.269  37.153 0.8750000000
60022  -37.946  -13.156  38.824 0.8750000000
114700  -39.304  -13.477  43.052 0.8750000000
59164  -40.455  -13.852  41.747 0.8750000000
57481  -6.943  -15.657  37.579 0.8750000000
57480  -5.855  -15.519  37.578 0.8750000000
58262  -22.057  -14.533  45.980 0.8750000000
57443  -34.528  -15.211  41.593 0.8750000000
57442  -33.946  -15.634  41.487 0.8750000000
59221  -37.246  -13.454  36.979 0.8750000000
60034  -38.351  -13.207  38.053 0.8750000000
117456  -39.171  -13.094  38.157 0.8750000000
116416  -41.377  -13.969  41.520 0.8750000000
59172  -42.089  -14.140  41.370 0.8750000000
113342  -5.861  -16.933  36.848 0.8750000000
57479  -4.849  -15.379  37.480 0.8750000000
57490  -2.660  -15.028  35.920 0.7500000000
58303  -35.608  -14.244  41.604 0.8750000000
58322  -34.872  -14.910  40.335 0.8750000000
57452  -34.392  -15.334  40.900 0.8750000000
59220  -36.471  -13.621  36.716 0.8750000000
60045  -38.550  -13.069  36.366 0.8750000000
60035  -39.752  -12.877  37.372 1.0000000000
58352  -2.637  -14.683  35.063 0.7500000000
58360  -2.763  -14.546  34.729 0.3750000000
58361  -3.386  -14.313  34.443 0.3750000000
109782  -21.373  -15.013  43.356 0.8750000000
57472  -34.249  -15.170  38.646 0.8750000000
126340  -36.315  -13.547  36.007 0.8750000000
108996  -38.189  -13.040  35.736 0.8750000000
60058  -39.607  -12.447  35.479 0.8750000000
60047  -40.368  -12.493  36.666 0.8750000000
60048  -41.218  -12.170  36.948 1.0000000000
59185  -43.796  -13.966  40.807 0.8750000000
59232  -3.057  -13.659  35.043 0.7500000000
58362  -4.509  -14.073  34.269 0.2500000000
58363  -5.846  -13.827  34.303 0.2500000000
57440  -20.688  -15.153  41.139 0.8750000000
58310  -20.392  -14.441  40.749 0.7500000000
58348  -34.492  -14.531  36.515 0.8750000000
120659  -36.661  -13.343  35.383 0.8750000000
60941  -39.136  -12.013  33.979 0.8750000000
60072  -39.388  -12.266  34.787 0.8750000000
60932  -40.670  -11.826  35.392 1.0000000000
60920  -40.957  -12.039  36.064 1.0000000000
59197  -44.696  -13.771  40.688 0.7500000000
57450  -20.530  -15.134  40.334 0.7500000000
58355  -33.497  -14.722  35.373 0.8750000000
58347  -34.108  -14.978  36.986 0.8750000000
60081  -36.645  -12.867  33.566 0.8750000000
60942  -39.896  -11.656  34.288 0.8750000000
60953  -40.300  -10.992  33.937 0.8750000000
60943  -40.667  -11.320  34.693 1.0000000000
57458  -20.484  -15.445  39.120 0.7500000000
59238  -33.695  -13.970  34.041 0.8750000000
125259  -36.184  -12.312  32.048 0.7500000000
60091  -37.002  -12.323  32.676 0.8750000000
60951  -38.775  -11.707  33.212 0.8750000000
60952  -39.589  -11.257  33.470 0.8750000000
61837  -40.046  -10.503  33.473 0.8750000000
130543  -40.388  -10.447  33.823 1.0000000000
61832  -40.769  -10.417  34.259 1.0000000000
58334  -44.438  -14.789  39.733 0.6250000000
57469  -20.425  -15.891  38.429 0.7500000000
58381  -32.559  -14.178  33.068 0.8750000000
58354  -32.760  -15.037  35.076 0.8750000000
60962  -36.847  -11.751  31.807 0.8750000000
60979  -37.317  -11.024  31.571 0.8750000000
60964  -38.438  -11.339  32.489 0.8750000000
61847  -39.519  -10.490  32.935 0.8750000000
119371  -39.887  -9.896  33.179 0.8750000000
62685  -40.376  -9.826  33.686 1.0000000000
62673  -40.869  -9.454  34.257 1.0000000000
57492  -20.367  -15.620  36.614 0.7500000000
57500  -20.364  -15.481  35.761 0.8750000000
130351  -31.127  -14.615  32.510 0.7500000000
62712  -36.857  -9.215  31.068 0.7500000000
62713  -37.524  -9.569  31.428 0.8750000000
62714  -38.168  -9.932  31.800 0.8750000000
63617  -38.068  -9.020  31.742 0.7500000000
63598  -39.234  -8.622  32.715 0.7500000000
62684  -39.939  -9.090  33.259 0.7500000000
63564  -40.767  -8.612  34.265 1.0000000000
58367  -20.318  -14.849  35.093 0.7500000000
124803  -29.820  -14.766  32.050 0.7500000000
120625  -35.904  -8.073  31.029 0.6250000000
63615  -36.665  -8.313  31.282 0.6250000000
64503  -37.232  -7.908  31.887 0.6250000000
123290  -37.842  -8.289  31.916 0.7500000000
64496  -38.754  -7.973  32.689 0.7500000000
64483  -38.595  -7.507  33.213 0.7500000000
111213  -39.130  -7.370  33.773 0.7500000000
57520  -20.510  -15.695  33.829 0.7500000000
113429  -21.091  -15.128  32.409 0.7500000000
58407  -28.643  -14.565  31.246 0.7500000000
122236  -29.794  -14.308  31.423 0.7500000000
120722  -36.300  -7.713  31.889 0.6250000000
64494  -37.028  -7.511  32.730 0.7500000000
64482  -37.732  -7.219  33.625 0.7500000000
125078  -38.493  -7.168  33.925 0.7500000000
57546  -21.696  -15.301  31.900 0.7500000000
57548  -23.331  -15.449  31.232 0.7500000000
58403  -24.786  -14.912  30.915 0.7500000000
58420  -26.153  -14.513  30.588 0.7500000000
59287  -27.574  -13.906  30.335 0.7500000000
111009  -36.096  -7.436  32.971 0.7500000000
64480  -35.770  -7.308  34.001 0.7500000000
64466  -37.207  -6.818  34.795 0.7500000000
58402  -23.859  -14.786  30.831 0.7500000000
58419  -25.381  -14.366  30.504 0.7500000000
118173  -25.097  -13.605  30.071 0.6250000000
49508  -5.700  -23.718  55.219 0.8750000000
49504  -5.741  -22.969  55.107 0.8750000000
49509  -6.376  -23.032  54.864 0.8750000000
49511  -6.298  -23.700  54.843 0.8750000000
50498  -7.305  -22.378  54.554 0.8750000000
49512  -6.926  -23.287  54.352 0.8750000000
59918  -19.009  -12.744  54.364 0.7500000000
53624  -10.745  -19.242  50.363 0.8750000000
53614  -10.655  -19.102  51.269 0.8750000000
54646  -10.891  -18.802  51.948 1.0000000000
128911  -7.464  -22.767  54.165 0.8750000000
50499  -8.158  -22.327  54.065 0.8750000000
56517  -21.638  -16.469  53.726 1.0000000000
59044  -19.345  -13.275  53.635 0.7500000000
53639  -11.166  -19.182  49.560 0.8750000000
53604  -10.167  -19.156  51.896 1.0000000000
109383  -11.033  -18.572  52.908 1.0000000000
50493  -8.214  -21.697  54.820 0.8750000000
54666  -12.031  -18.781  48.440 0.8750000000
50500  -9.215  -21.674  54.559 0.8750000000
118753  -10.170  -21.568  54.822 0.8750000000
50501  -10.846  -21.599  54.496 1.0000000000
109180  -11.427  -21.588  54.145 1.0000000000
120567  -20.870  -16.619  53.002 1.0000000000
59050  -18.966  -13.233  52.798 0.7500000000
59917  -18.534  -12.585  53.439 0.7500000000
54676  -12.377  -18.720  47.446 0.8750000000
54695  -12.724  -18.619  45.707 0.8750000000
54624  -11.487  -18.396  54.397 1.0000000000
50495  -10.737  -21.490  55.503 1.0000000000
51548  -11.528  -21.546  54.879 1.0000000000
50502  -11.980  -21.532  54.209 1.0000000000
55581  -17.818  -17.479  52.564 1.0000000000
55582  -18.749  -17.187  52.851 1.0000000000
59051  -19.528  -13.741  52.302 0.7500000000
58276  -36.638  -13.517  44.931 1.0000000000
54707  -13.045  -18.402  44.887 0.8750000000
54716  -13.275  -18.005  44.113 0.8750000000
54613  -10.791  -18.832  56.167 1.0000000000
122805  -11.723  -18.948  56.369 1.0000000000
108625  -12.233  -21.440  54.947 1.0000000000
50503  -12.581  -21.348  54.113 1.0000000000
54644  -16.258  -18.441  52.712 1.0000000000
58233  -20.051  -14.164  50.147 0.8750000000
58228  -20.135  -14.233  50.993 0.7500000000
59068  -18.672  -13.280  51.078 0.7500000000
58275  -35.891  -14.041  44.476 1.0000000000
59142  -37.404  -13.075  44.696 1.0000000000
54726  -12.398  -18.225  42.508 0.8750000000
56587  -13.126  -16.644  42.190 0.8750000000
112225  -11.823  -19.906  58.051 1.0000000000
52527  -11.571  -20.583  58.129 1.0000000000
51524  -11.073  -20.800  57.616 1.0000000000
51553  -13.330  -20.976  53.856 1.0000000000
59069  -19.326  -13.744  50.594 0.7500000000
59141  -36.441  -13.511  44.065 1.0000000000
59143  -38.267  -12.932  44.660 1.0000000000
59977  -38.705  -13.169  44.306 1.0000000000
59984  -39.038  -13.032  43.756 1.0000000000
56606  -12.230  -16.449  40.873 0.8750000000
51525  -11.874  -21.118  58.194 1.0000000000
51543  -11.680  -21.437  55.922 1.0000000000
51549  -13.019  -21.099  54.949 1.0000000000
123342  -13.671  -20.711  54.680 1.0000000000
116151  -14.106  -20.401  54.191 1.0000000000
58244  -21.066  -14.503  48.779 0.8750000000
59150  -36.272  -13.577  43.086 1.0000000000
59160  -36.275  -13.541  42.094 0.8750000000
118726  -36.823  -13.208  40.601 0.8750000000
59181  -37.436  -12.894  40.159 0.8750000000
59195  -37.666  -13.001  39.526 0.8750000000
59985  -39.335  -13.259  43.068 1.0000000000
56614  -11.321  -16.166  39.795 0.8750000000
56624  -10.146  -16.041  38.861 0.8750000000
58249  -21.163  -14.416  47.923 0.8750000000
59169  -36.190  -13.722  41.125 0.8750000000
59180  -36.324  -13.696  39.821 0.8750000000
59194  -36.932  -13.298  39.503 0.8750000000
59205  -37.375  -13.282  38.892 0.8750000000
123093  -38.215  -12.924  39.460 0.8750000000
60023  -38.639  -13.102  38.898 0.8750000000
59171  -39.708  -13.493  42.319 1.0000000000
120760  -8.962  -15.952  38.042 0.8750000000
57466  -7.532  -15.131  38.117 0.8750000000
124697  -20.582  -13.875  46.542 0.8750000000
58294  -35.637  -14.180  42.537 0.8750000000
59204  -36.777  -13.529  38.508 0.8750000000
59182  -41.058  -13.691  41.489 0.8750000000
59183  -42.034  -13.806  41.342 0.8750000000
57467  -8.526  -15.316  38.341 0.8750000000
57478  -3.905  -15.118  37.335 0.8750000000
59131  -21.425  -14.170  45.624 0.8750000000
58312  -35.559  -14.344  40.702 0.8750000000
58323  -35.524  -14.376  39.644 0.8750000000
59203  -36.058  -13.907  38.089 0.8750000000
59212  -36.644  -13.607  37.581 0.8750000000
60036  -40.012  -12.858  38.303 1.0000000000
58328  -5.475  -14.310  38.626 0.8750000000
57477  -3.079  -14.620  36.895 0.8750000000
59224  -2.691  -13.729  35.285 0.7500000000
58282  -21.040  -14.302  43.583 0.8750000000
58332  -34.910  -14.726  38.893 0.8750000000
58342  -35.364  -14.304  37.690 0.8750000000
59211  -35.900  -13.875  37.215 0.8750000000
60037  -41.546  -12.270  38.006 1.0000000000
60906  -42.122  -11.860  37.262 1.0000000000
60011  -42.689  -13.481  40.962 0.8750000000
59196  -43.671  -13.588  40.829 0.8750000000
58345  -2.645  -13.870  36.057 0.7500000000
59233  -3.851  -13.372  34.669 0.5000000000
59234  -4.926  -13.074  34.400 0.2500000000
115253  -20.353  -13.707  42.105 0.8750000000
58301  -20.551  -14.440  41.635 0.8750000000
117099  -34.665  -14.644  37.317 0.8750000000
59219  -35.752  -13.774  36.373 0.8750000000
60061  -4.227  -12.431  34.837 0.2500000000
122138  -5.823  -12.766  34.353 0.2500000000
59179  -20.076  -13.755  40.301 0.7500000000
59228  -34.811  -13.902  35.105 0.8750000000
59240  -35.371  -13.499  34.428 0.8750000000
60933  -41.358  -11.339  35.454 1.0000000000
61825  -41.781  -10.498  35.292 1.0000000000
60934  -42.140  -11.000  35.927 1.0000000000
60922  -42.472  -11.278  36.774 1.0000000000
58325  -45.012  -14.280  40.375 0.8750000000
58331  -20.385  -14.669  39.144 0.7500000000
59250  -34.212  -13.571  33.400 0.8750000000
120829  -35.027  -13.385  33.600 0.8750000000
125460  -36.107  -12.785  32.866 0.8750000000
61826  -42.356  -10.204  35.802 1.0000000000
61814  -42.677  -10.600  36.470 1.0000000000
59202  -20.166  -14.222  38.457 0.7500000000
59260  -33.898  -13.363  32.413 0.8750000000
60102  -34.439  -12.327  31.005 0.7500000000
60104  -36.170  -11.764  31.441 0.7500000000
60978  -36.580  -11.145  31.227 0.7500000000
62674  -41.387  -9.936  34.738 1.0000000000
63565  -41.401  -8.918  34.840 1.0000000000
62661  -41.935  -9.585  35.324 1.0000000000
125773  -42.780  -9.945  36.295 1.0000000000
59214  -45.556  -13.918  37.576 0.7500000000
59227  -19.889  -13.894  35.958 0.7500000000
60121  -31.773  -12.589  30.521 0.7500000000
59258  -32.350  -13.929  32.279 0.7500000000
62732  -34.366  -9.259  29.846 0.7500000000
63625  -34.697  -8.486  30.275 0.6250000000
62734  -36.283  -9.787  30.713 0.7500000000
64469  -40.409  -7.750  34.396 1.0000000000
64470  -41.068  -8.146  34.714 1.0000000000
64453  -41.517  -8.033  35.287 1.0000000000
59237  -19.975  -13.504  34.617 0.8750000000
122943  -20.268  -14.287  34.321 0.7500000000
60120  -30.010  -12.457  30.196 0.7500000000
110940  -30.892  -13.793  31.306 0.7500000000
64501  -34.723  -7.584  31.747 0.6250000000
64502  -35.515  -7.723  31.523 0.6250000000
119635  -38.834  -7.007  34.615 0.7500000000
64468  -39.596  -7.266  34.475 0.7500000000
64452  -40.528  -6.930  35.975 0.7500000000
115165  -40.888  -7.491  35.157 1.0000000000
118250  -20.183  -13.589  33.815 0.7500000000
124038  -20.379  -14.130  33.470 0.7500000000
125062  -29.291  -12.633  30.126 0.7500000000
59273  -30.109  -13.836  31.055 0.7500000000
64479  -33.603  -7.613  33.400 0.5000000000
64493  -34.787  -7.526  32.696 0.6250000000
64467  -38.058  -6.872  34.725 0.7500000000
64451  -39.214  -6.885  35.380 0.7500000000
65363  -39.549  -6.706  36.346 0.7500000000
59269  -21.183  -13.287  31.346 0.6250000000
58400  -21.975  -14.712  31.367 0.7500000000
58416  -22.654  -13.692  30.509 0.7500000000
115880  -26.997  -13.420  29.985 0.7500000000
110463  -27.915  -13.135  30.004 0.7500000000
108145  -34.910  -7.476  34.190 0.7500000000
64465  -36.304  -6.971  34.846 0.7500000000
124811  -35.966  -6.912  35.583 0.7500000000
64448  -36.776  -6.725  35.978 0.7500000000
64449  -37.684  -6.711  35.822 0.7500000000
64434  -38.157  -6.669  36.621 0.7500000000
65362  -38.751  -6.698  36.233 0.7500000000
130577  -20.951  -12.617  31.316 0.6250000000
60111  -21.527  -12.707  30.784 0.6250000000
123313  -23.331  -12.963  30.003 0.6250000000
59284  -24.244  -13.385  30.034 0.6250000000
60116  -26.323  -12.690  29.722 0.7500000000
60117  -27.175  -12.661  29.772 0.7500000000
64446  -34.534  -7.355  35.906 0.6250000000
64447  -35.291  -7.107  35.741 0.7500000000
114145  -35.217  -6.875  36.556 0.7500000000
114985  -35.995  -6.739  36.413 0.7500000000
64432  -36.715  -6.632  37.181 0.7500000000
64433  -37.483  -6.649  36.958 0.7500000000
121840  -35.149  -6.608  37.294 0.6250000000
113068  -19.750  -13.410  54.563 0.8750000000
125509  -18.441  -12.243  54.269 0.7500000000
53625  -11.570  -18.818  50.107 0.8750000000
54647  -12.242  -18.317  51.327 1.0000000000
54641  -11.647  -18.459  52.056 1.0000000000
108916  -12.461  -18.436  49.040 1.0000000000
54651  -12.068  -18.502  50.563 1.0000000000
55576  -20.033  -16.906  53.735 1.0000000000
60768  -17.940  -11.931  53.820 0.7500000000
54667  -12.748  -18.362  48.272 1.0000000000
108181  -12.103  -18.154  53.736 1.0000000000
55575  -19.087  -17.361  53.626 1.0000000000
59929  -18.302  -12.658  52.440 0.7500000000
59916  -17.809  -12.083  52.929 0.7500000000
54685  -13.021  -18.459  46.587 0.8750000000
54696  -13.528  -18.144  45.699 0.8750000000
112322  -11.555  -18.568  55.387 1.0000000000
59058  -18.785  -13.254  51.940 0.7500000000
55639  -13.923  -17.385  45.169 1.0000000000
56580  -13.717  -16.496  43.820 0.8750000000
54604  -12.521  -18.977  56.516 1.0000000000
59939  -18.140  -12.714  51.551 0.7500000000
59151  -36.974  -13.013  43.616 1.0000000000
59152  -37.790  -12.685  43.933 1.0000000000
130757  -38.028  -12.490  43.461 1.0000000000
55664  -13.240  -17.250  42.808 0.8750000000
57430  -12.964  -15.743  42.084 0.8750000000
53563  -12.591  -19.833  58.263 1.0000000000
52521  -12.599  -20.711  58.853 1.0000000000
52549  -14.266  -20.191  53.467 1.0000000000
52552  -14.685  -19.776  53.132 1.0000000000
59093  -19.634  -13.853  48.934 0.7500000000
59079  -18.630  -13.265  50.235 0.7500000000
59983  -38.536  -12.699  43.840 1.0000000000
57438  -11.952  -15.441  41.070 0.8750000000
51536  -12.408  -21.309  57.863 1.0000000000
51545  -13.222  -21.093  56.141 1.0000000000
111783  -13.649  -20.777  55.389 1.0000000000
118450  -14.608  -20.015  54.160 1.0000000000
59094  -20.183  -14.080  48.273 0.7500000000
59170  -36.714  -13.210  41.482 0.8750000000
59998  -37.286  -12.784  41.536 0.8750000000
60007  -37.675  -12.631  40.938 0.8750000000
107980  -38.163  -12.649  40.249 0.8750000000
60001  -39.511  -12.969  42.572 1.0000000000
57447  -11.145  -15.479  40.082 0.8750000000
57456  -9.898  -15.303  39.276 0.8750000000
59117  -19.745  -13.555  46.824 0.7500000000
60024  -39.444  -12.932  39.061 0.8750000000
60014  -39.731  -12.733  40.040 1.0000000000
60002  -40.155  -13.296  41.852 1.0000000000
57455  -8.961  -14.816  39.151 0.8750000000
59130  -20.773  -13.814  45.744 0.7500000000
60009  -40.927  -13.047  41.096 0.8750000000
58330  -7.952  -14.662  38.817 0.8750000000
58329  -7.098  -14.568  38.644 0.8750000000
59976  -20.119  -13.230  44.128 0.8750000000
127462  -20.656  -13.647  44.466 0.8750000000
122922  -40.782  -12.609  38.404 1.0000000000
60017  -43.217  -13.035  40.532 0.8750000000
113891  -4.350  -14.068  38.351 1.0000000000
58326  -3.120  -13.712  37.307 1.0000000000
59982  -20.119  -13.113  43.323 0.8750000000
60018  -44.382  -13.237  40.530 1.0000000000
58337  -3.770  -14.357  37.712 1.0000000000
60050  -2.832  -12.188  35.612 0.5000000000
117686  -42.290  -12.395  38.876 1.0000000000
60038  -42.710  -12.042  38.336 1.0000000000
60019  -45.344  -13.320  40.675 0.8750000000
60052  -4.630  -11.626  35.121 0.3750000000
60053  -5.755  -11.462  34.883 0.2500000000
113375  -20.240  -13.702  41.198 0.7500000000
60123  -33.366  -11.774  30.165 0.6250000000
59198  -45.601  -13.724  40.473 0.8750000000
111763  -46.141  -12.431  40.222 1.0000000000
60894  -46.098  -11.547  39.975 1.0000000000
60006  -19.981  -12.975  40.749 0.7500000000
60995  -32.835  -11.224  29.878 0.6250000000
60923  -43.282  -10.914  37.296 1.0000000000
61815  -43.289  -10.136  36.928 1.0000000000
59206  -46.149  -13.610  39.840 0.8750000000
60040  -46.608  -12.466  39.102 0.8750000000
59178  -19.865  -13.014  39.851 0.7500000000
128078  -19.882  -13.541  38.527 0.7500000000
60101  -33.059  -12.998  31.101 0.7500000000
60996  -33.680  -11.091  29.857 0.6250000000
63623  -32.919  -8.491  30.137 0.6250000000
62662  -42.503  -9.362  35.935 1.0000000000
62649  -43.779  -9.441  37.390 1.0000000000
58336  -45.864  -14.015  38.776 0.7500000000
59215  -46.301  -13.332  38.698 0.7500000000
60049  -46.256  -12.662  37.868 0.8750000000
112992  -46.019  -12.030  37.185 0.8750000000
128050  -19.592  -12.396  38.724 0.7500000000
59210  -19.862  -13.752  37.781 0.7500000000
60122  -32.579  -12.234  30.352 0.6250000000
60100  -32.220  -13.114  30.983 0.7500000000
61880  -34.041  -10.206  29.720 0.7500000000
63612  -33.347  -7.846  30.777 0.6250000000
63549  -42.022  -8.672  35.586 1.0000000000
112822  -41.693  -7.041  36.707 1.0000000000
112630  -46.011  -11.227  37.092 1.0000000000
61828  -45.430  -10.757  36.231 0.8750000000
59226  -19.777  -13.364  35.451 0.6250000000
118801  -31.696  -12.000  30.146 0.6250000000
64500  -33.768  -7.559  31.658 0.5000000000
125902  -41.012  -6.884  36.565 0.8750000000
59231  -44.875  -13.225  35.696 0.5000000000
60935  -44.930  -12.213  35.637 0.7500000000
114596  -44.907  -10.186  35.536 0.8750000000
60067  -19.659  -12.664  34.821 0.6250000000
128114  -20.130  -13.187  33.522 0.7500000000
112730  -30.251  -11.509  29.896 0.7500000000
63580  -34.427  -7.546  33.446 0.5000000000
65351  -40.287  -6.693  37.068 0.7500000000
59248  -20.352  -13.438  32.900 0.6250000000
118700  -28.335  -11.476  29.779 0.7500000000
63548  -33.863  -7.738  35.293 0.5000000000
64445  -33.724  -7.659  36.039 0.5000000000
65348  -38.088  -6.614  37.717 0.7500000000
65349  -38.698  -6.602  37.135 0.7500000000
65350  -39.362  -6.603  37.667 0.7500000000
62676  -44.361  -9.877  34.745 0.8750000000
60112  -22.308  -12.840  30.303 0.6250000000
60113  -23.748  -12.006  29.686 0.6250000000
127385  -25.476  -12.264  29.591 0.6250000000
118231  -26.868  -11.874  29.612 0.7500000000
64430  -34.404  -7.064  36.652 0.5000000000
64431  -35.932  -6.607  37.268 0.7500000000
64420  -37.369  -6.620  38.033 0.7500000000
63566  -43.618  -8.646  33.900 0.8750000000
121285  -21.922  -12.000  30.338 0.6250000000
118959  -22.814  -12.050  29.936 0.6250000000
117674  -24.643  -12.017  29.561 0.6250000000
64417  -34.161  -6.607  37.405 0.5000000000
65332  -35.224  -6.251  37.950 0.7500000000
65333  -36.189  -6.427  38.397 0.7500000000
65374  -43.678  -6.637  33.227 0.6250000000
66226  -44.794  -5.145  33.389 1.0000000000
67119  -46.240  -4.048  33.442 1.0000000000
129613  -46.881  -3.899  33.169 1.0000000000
67121  -47.529  -3.821  33.042 0.8750000000
65377  -43.442  -6.251  32.150 0.8750000000
65381  -44.074  -5.582  31.685 0.8750000000
66229  -44.763  -5.007  32.250 0.8750000000
66231  -46.765  -4.187  32.333 0.8750000000
67133  -47.894  -4.056  32.184 0.7500000000
125680  -44.240  -5.799  30.770 0.6250000000
65382  -44.851  -5.239  31.076 0.7500000000
113431  -45.744  -4.722  31.638 0.8750000000
66233  -47.567  -4.382  31.538 0.7500000000
67134  -48.837  -4.049  31.951 0.8750000000
68014  -49.648  -3.708  31.998 0.6250000000
126252  -46.880  -4.782  30.922 0.7500000000
66234  -47.913  -4.721  30.839 0.6250000000
67165  -48.660  -4.508  31.043 0.6250000000
65390  -47.534  -5.312  30.152 0.6250000000
67147  -49.495  -4.214  31.307 0.6250000000
66245  -48.296  -5.041  30.268 0.6250000000
67166  -49.109  -4.588  30.555 0.6250000000
65410  -48.066  -5.599  29.167 0.5000000000
67178  -49.384  -4.577  30.109 0.7500000000
67185  -49.378  -4.484  29.488 0.6250000000
58213  -21.960  -15.456  55.421 0.8750000000
58212  -21.471  -14.737  55.180 0.8750000000
59040  -20.133  -13.429  55.573 0.8750000000
115439  -22.123  -16.310  54.177 1.0000000000
59908  -19.414  -12.759  55.338 0.7500000000
55592  -13.513  -17.528  50.757 1.0000000000
55585  -13.017  -17.799  51.530 1.0000000000
54642  -12.410  -18.074  52.228 1.0000000000
55578  -13.057  -17.687  52.410 1.0000000000
55598  -13.451  -17.617  49.885 1.0000000000
55591  -12.815  -18.091  50.503 1.0000000000
54633  -11.870  -18.235  52.928 1.0000000000
54634  -12.573  -17.891  53.046 1.0000000000
55571  -13.266  -17.584  53.133 1.0000000000
55577  -20.899  -16.562  53.665 1.0000000000
60767  -17.379  -11.507  53.388 0.6250000000
55608  -14.014  -17.218  48.371 1.0000000000
54625  -12.378  -18.243  54.662 1.0000000000
54635  -12.853  -17.875  53.816 1.0000000000
54638  -18.457  -17.868  54.206 1.0000000000
60778  -17.219  -11.561  52.527 0.7500000000
55628  -14.186  -17.199  46.879 1.0000000000
55640  -14.063  -17.379  46.045 0.8750000000
54645  -17.191  -17.998  53.081 1.0000000000
55574  -18.127  -17.683  53.382 1.0000000000
59938  -17.542  -12.179  51.134 0.7500000000
59928  -17.647  -12.153  52.037 0.7500000000
57404  -14.556  -15.694  46.444 1.0000000000
56568  -14.218  -16.584  45.485 1.0000000000
55647  -13.684  -17.303  44.341 0.8750000000
118410  -13.000  -18.266  55.209 1.0000000000
53573  -13.139  -19.313  57.386 1.0000000000
53606  -15.957  -18.901  53.496 1.0000000000
125242  -18.269  -12.885  49.184 0.7500000000
57409  -13.865  -14.944  44.873 1.0000000000
57423  -13.521  -15.807  43.311 1.0000000000
57431  -13.336  -16.011  42.638 0.8750000000
121102  -13.365  -19.844  58.499 1.0000000000
52522  -13.379  -20.739  58.896 1.0000000000
59092  -18.852  -13.312  48.868 0.7500000000
122021  -36.759  -13.120  42.777 1.0000000000
59162  -37.453  -12.656  43.016 1.0000000000
59990  -37.585  -12.581  42.285 1.0000000000
59991  -38.258  -12.430  42.909 1.0000000000
59992  -39.028  -12.753  43.209 1.0000000000
57422  -13.077  -15.329  42.786 0.8750000000
58290  -12.471  -14.996  42.223 0.8750000000
51527  -13.208  -21.220  58.397 1.0000000000
51537  -13.158  -21.324  57.352 1.0000000000
51546  -14.093  -20.703  56.146 1.0000000000
51550  -14.246  -20.471  55.195 1.0000000000
52545  -14.785  -20.093  54.897 1.0000000000
52550  -14.793  -19.819  53.833 1.0000000000
59116  -18.980  -13.171  47.153 0.7500000000
59161  -36.978  -12.921  42.167 1.0000000000
111180  -38.522  -12.476  41.318 1.0000000000
108872  -39.397  -12.699  41.724 1.0000000000
58309  -11.409  -15.180  40.794 0.8750000000
114594  -10.075  -14.514  40.712 0.8750000000
59969  -19.134  -13.139  46.293 0.7500000000
108314  -39.089  -12.619  40.702 1.0000000000
60008  -40.014  -12.811  41.074 1.0000000000
58299  -9.355  -13.753  42.166 1.0000000000
108941  -10.130  -14.189  41.678 0.8750000000
58319  -9.597  -14.663  39.889 0.8750000000
59972  -19.307  -13.075  45.404 0.7500000000
60025  -40.468  -12.723  39.300 1.0000000000
60015  -40.705  -12.831  40.480 1.0000000000
60010  -41.631  -13.273  40.984 0.8750000000
59147  -8.411  -13.504  43.730 1.0000000000
126345  -8.566  -13.527  42.696 1.0000000000
58298  -8.493  -13.672  41.556 0.8750000000
58318  -8.134  -14.277  39.637 0.8750000000
108011  -6.268  -14.197  39.000 0.8750000000
59975  -18.840  -12.380  44.111 0.7500000000
117560  -19.449  -12.918  44.529 0.7500000000
60026  -41.450  -12.570  39.006 1.0000000000
60016  -41.481  -12.778  40.033 1.0000000000
114217  -42.323  -13.013  40.561 0.8750000000
117453  -7.862  -13.473  44.372 1.0000000000
59156  -7.095  -13.369  42.812 1.0000000000
59168  -7.405  -13.447  41.806 1.0000000000
58306  -7.377  -13.800  40.236 0.8750000000
115332  -19.535  -12.715  43.692 0.8750000000
111421  -42.392  -12.684  39.764 1.0000000000
59146  -7.447  -13.399  43.771 1.0000000000
59177  -6.629  -13.460  41.096 0.8750000000
58316  -5.400  -13.819  39.411 1.0000000000
59200  -4.143  -13.478  39.026 1.0000000000
59208  -2.780  -12.760  36.707 1.0000000000
60042  -3.021  -11.350  35.910 0.5000000000
60842  -19.130  -11.927  42.459 0.8750000000
59981  -19.602  -12.545  42.873 0.8750000000
60027  -43.550  -12.567  39.604 1.0000000000
60039  -44.036  -12.133  38.876 1.0000000000
60893  -45.220  -11.954  39.648 1.0000000000
123274  -6.140  -13.108  44.260 1.0000000000
110944  -6.541  -13.220  43.635 1.0000000000
59167  -5.789  -13.178  41.775 1.0000000000
59176  -5.538  -13.345  40.874 1.0000000000
59187  -3.998  -13.046  39.784 1.0000000000
59199  -3.231  -12.849  38.009 1.0000000000
60911  -2.914  -11.137  36.716 0.7500000000
60912  -3.530  -10.795  36.344 0.5000000000
60926  -5.120  -11.119  35.504 0.3750000000
60927  -6.211  -10.974  35.232 0.3750000000
59988  -19.656  -12.399  42.049 0.8750000000
59996  -19.702  -12.293  41.197 0.8750000000
109176  -43.047  -11.550  37.767 1.0000000000
60908  -45.277  -11.132  39.144 1.0000000000
60030  -46.420  -12.140  39.780 1.0000000000
59155  -6.095  -13.149  42.720 1.0000000000
59175  -4.683  -13.137  40.698 1.0000000000
60003  -3.463  -11.755  40.511 0.8750000000
60896  -3.139  -11.162  37.730 0.8750000000
126242  -4.040  -10.604  36.808 0.5000000000
60913  -4.486  -10.771  36.141 0.3750000000
60005  -19.681  -12.256  40.307 0.7500000000
61879  -33.135  -10.304  29.697 0.6250000000
60907  -44.159  -11.421  38.365 1.0000000000
62638  -44.606  -9.555  38.377 1.0000000000
61791  -45.900  -10.589  39.827 1.0000000000
62631  -46.117  -9.939  39.857 1.0000000000
60910  -46.650  -11.181  38.986 1.0000000000
59144  -5.555  -12.851  43.533 0.8750000000
59154  -5.191  -12.804  42.435 1.0000000000
59995  -4.341  -12.435  42.070 0.8750000000
59165  -4.107  -12.640  41.269 0.8750000000
123030  -19.650  -12.307  39.434 0.7500000000
60994  -31.989  -11.317  29.889 0.6250000000
62729  -31.634  -9.513  29.742 0.6250000000
63622  -31.958  -8.535  30.171 0.6250000000
63611  -32.439  -7.848  30.803 0.5000000000
63538  -43.414  -8.408  37.193 1.0000000000
63528  -43.988  -7.902  38.254 1.0000000000
63529  -44.697  -8.721  38.958 1.0000000000
60924  -46.508  -10.791  37.912 1.0000000000
59987  -4.653  -12.421  43.002 0.8750000000
59201  -19.611  -12.900  38.105 0.7500000000
63621  -30.805  -8.665  30.224 0.5000000000
63595  -31.238  -7.543  31.996 0.5000000000
64490  -32.093  -7.546  31.739 0.5000000000
64421  -42.880  -6.889  37.991 1.0000000000
61817  -46.503  -9.911  37.540 1.0000000000
61816  -45.952  -10.338  36.886 1.0000000000
60043  -19.477  -12.560  36.572 0.6250000000
61877  -31.410  -10.501  29.707 0.6250000000
61876  -30.547  -10.535  29.731 0.6250000000
126135  -29.943  -8.338  30.728 0.6250000000
63596  -31.945  -7.635  32.869 0.5000000000
63578  -32.287  -7.980  33.887 0.5000000000
112777  -31.797  -8.861  35.127 0.3750000000
65352  -41.094  -6.659  37.557 0.8750000000
65337  -40.210  -6.487  38.514 0.8750000000
62650  -45.847  -9.433  36.564 1.0000000000
60055  -19.548  -12.666  35.770 0.5000000000
61874  -28.619  -10.036  29.875 0.6250000000
62711  -28.561  -8.718  30.669 0.6250000000
63562  -33.285  -7.969  34.805 0.5000000000
65315  -39.846  -6.152  39.479 0.7500000000
62664  -45.298  -9.543  35.848 0.8750000000
60079  -19.719  -12.268  33.932 0.5000000000
61873  -27.732  -10.036  29.958 0.6250000000
62710  -27.759  -8.720  30.926 0.6250000000
63547  -32.996  -8.159  35.470 0.5000000000
127676  -37.919  -6.568  38.356 0.7500000000
65335  -38.408  -6.526  38.705 0.7500000000
63550  -44.864  -8.494  35.140 0.8750000000
60089  -20.230  -12.491  32.543 0.6250000000
129200  -20.743  -11.583  31.397 0.6250000000
60975  -20.987  -11.111  31.153 0.6250000000
61870  -24.767  -10.275  29.845 0.6250000000
60991  -26.396  -10.979  29.565 0.7500000000
64428  -32.641  -7.675  36.750 0.3750000000
64416  -33.098  -6.843  37.197 0.5000000000
65334  -36.963  -6.497  38.706 0.7500000000
63567  -44.279  -9.010  34.614 0.8750000000
64471  -44.883  -7.581  34.951 1.0000000000
65369  -44.917  -6.583  34.708 1.0000000000
60099  -21.137  -11.915  30.977 0.6250000000
60987  -21.658  -11.183  30.594 0.6250000000
60989  -23.347  -11.199  29.843 0.6250000000
60990  -24.276  -11.154  29.639 0.6250000000
65330  -32.663  -6.337  37.425 0.5000000000
65331  -33.403  -6.124  37.667 0.3750000000
129794  -34.195  -5.406  38.076 0.6250000000
66199  -34.935  -5.718  38.197 0.6250000000
64486  -44.236  -7.115  34.171 1.0000000000
66223  -45.076  -5.537  34.378 1.0000000000
67033  -32.995  -5.000  37.469 0.5000000000
67057  -32.522  -4.723  36.858 0.5000000000
64485  -43.551  -7.656  33.595 0.8750000000
65375  -44.373  -6.082  33.849 1.0000000000
66227  -45.495  -4.608  33.928 1.0000000000
67120  -47.084  -3.702  33.938 0.8750000000
67992  -48.196  -3.302  33.841 0.8750000000
68001  -48.468  -3.592  32.865 0.8750000000
68002  -49.344  -3.334  32.714 0.7500000000
68015  -50.339  -3.634  31.551 0.7500000000
67148  -50.000  -4.215  30.724 0.6250000000
72271  -41.318  1.628  27.656 0.3750000000
67179  -50.205  -4.071  30.167 0.6250000000
121724  -21.297  -15.378  57.300 1.0000000000
58210  -21.526  -14.895  56.851 1.0000000000
118560  -21.347  -14.587  56.218 1.0000000000
59037  -20.804  -14.087  55.708 0.8750000000
56506  -21.493  -16.642  56.418 1.0000000000
126559  -22.176  -16.330  54.968 1.0000000000
60758  -18.123  -11.704  54.766 0.6250000000
60757  -17.500  -11.349  54.292 0.6250000000
122191  -13.637  -17.395  51.440 1.0000000000
55586  -13.478  -17.462  51.964 1.0000000000
55563  -20.250  -17.407  55.384 1.0000000000
55570  -20.990  -16.821  55.044 1.0000000000
56513  -21.676  -16.576  54.875 1.0000000000
61652  -17.004  -11.054  53.835 0.6250000000
56537  -14.056  -17.088  50.204 1.0000000000
116457  -14.734  -16.553  52.231 1.0000000000
55579  -13.658  -17.342  52.526 1.0000000000
54630  -19.359  -17.837  55.444 1.0000000000
55568  -20.121  -17.090  54.535 1.0000000000
56548  -14.549  -16.536  48.788 1.0000000000
55580  -13.945  -17.233  53.171 1.0000000000
54637  -17.563  -18.228  53.948 1.0000000000
55567  -19.317  -17.531  54.454 1.0000000000
60787  -17.083  -11.593  51.638 0.7500000000
57395  -14.890  -15.567  48.324 1.0000000000
55572  -13.598  -17.562  53.824 1.0000000000
54636  -16.696  -18.574  53.682 1.0000000000
59948  -17.475  -12.187  50.152 0.7500000000
57399  -14.728  -15.570  47.325 1.0000000000
114895  -13.873  -14.301  46.027 1.0000000000
54615  -13.737  -18.065  55.238 1.0000000000
109302  -13.283  -18.614  56.104 1.0000000000
59957  -18.095  -12.804  49.837 0.7500000000
58260  -13.485  -14.311  45.318 1.0000000000
58271  -13.365  -14.702  44.335 1.0000000000
53564  -14.083  -19.554  58.171 1.0000000000
52523  -14.276  -20.504  58.662 1.0000000000
52528  -14.987  -20.483  58.087 1.0000000000
52546  -15.164  -19.771  54.489 1.0000000000
53597  -15.431  -19.441  53.846 1.0000000000
59963  -18.141  -12.692  48.432 0.7500000000
59127  -11.600  -13.624  45.469 1.0000000000
107958  -11.904  -13.829  44.798 1.0000000000
58281  -13.233  -14.978  43.566 1.0000000000
108746  -12.467  -14.638  43.069 1.0000000000
51522  -13.554  -20.977  58.807 1.0000000000
52534  -14.507  -20.689  57.240 1.0000000000
52541  -15.002  -20.318  56.043 1.0000000000
59968  -18.424  -12.708  46.660 0.7500000000
59126  -10.092  -13.641  45.440 1.0000000000
58268  -10.234  -13.647  44.727 1.0000000000
58280  -11.539  -14.152  43.475 1.0000000000
111968  -18.569  -12.648  45.790 0.7500000000
60817  -17.909  -12.197  46.182 0.7500000000
109498  -8.624  -13.561  45.852 1.0000000000
58267  -9.624  -13.612  44.375 1.0000000000
58287  -9.942  -13.696  43.563 1.0000000000
108917  -10.896  -14.354  42.104 1.0000000000
59971  -18.712  -12.571  44.931 0.7500000000
115086  -8.444  -13.549  45.193 1.0000000000
59138  -8.657  -13.561  44.583 1.0000000000
59158  -9.283  -13.592  43.136 1.0000000000
109878  -6.955  -13.449  46.012 1.0000000000
59137  -7.798  -13.476  44.912 1.0000000000
59980  -18.944  -12.163  43.276 0.8750000000
125114  -6.101  -13.259  45.655 1.0000000000
59123  -6.963  -13.425  45.233 1.0000000000
60852  -18.785  -11.194  42.107 0.8750000000
59145  -6.986  -13.361  44.484 1.0000000000
60853  -19.300  -11.704  41.644 0.8750000000
59136  -6.152  -13.223  44.911 1.0000000000
60004  -3.638  -12.252  40.960 0.8750000000
60870  -3.571  -11.314  40.021 0.8750000000
119555  -3.599  -10.882  38.046 0.7500000000
60899  -4.934  -10.857  36.882 0.5000000000
60914  -5.691  -10.881  36.054 0.3750000000
60878  -19.485  -11.445  39.790 0.7500000000
63519  -45.309  -8.683  40.312 1.0000000000
61781  -46.513  -10.123  39.486 1.0000000000
111045  -5.498  -12.792  44.491 0.8750000000
59994  -3.696  -12.051  41.706 0.8750000000
121805  -19.502  -11.740  38.924 0.7500000000
62629  -30.487  -9.603  37.184 0.3750000000
63510  -29.802  -9.408  38.464 0.3750000000
64422  -43.573  -7.128  39.035 1.0000000000
64423  -44.481  -7.926  39.754 1.0000000000
62624  -46.618  -9.318  39.852 1.0000000000
62632  -47.000  -9.502  38.975 1.0000000000
59979  -4.883  -12.388  43.924 0.8750000000
60021  -19.468  -12.011  38.167 0.7500000000
60919  -19.370  -11.783  36.734 0.6250000000
63576  -30.224  -7.812  33.400 0.3750000000
63559  -30.733  -8.916  34.971 0.3750000000
62646  -30.560  -9.705  36.520 0.3750000000
63518  -30.263  -9.246  37.755 0.3750000000
65338  -41.363  -6.345  38.928 1.0000000000
65339  -42.562  -6.540  39.347 1.0000000000
124387  -43.222  -6.866  40.506 1.0000000000
62639  -46.878  -9.533  38.130 1.0000000000
130291  -19.408  -12.071  36.092 0.5000000000
121852  -19.388  -10.562  36.151 0.5000000000
63592  -28.548  -7.809  32.836 0.6250000000
63560  -31.326  -8.861  34.881 0.3750000000
125946  -31.774  -8.509  34.437 0.3750000000
63535  -31.751  -8.975  35.770 0.3750000000
65316  -40.877  -5.983  39.672 0.8750000000
65317  -41.756  -6.129  40.339 1.0000000000
108752  -42.479  -6.491  41.186 1.0000000000
63540  -46.536  -9.041  37.302 1.0000000000
64438  -46.753  -8.084  37.231 1.0000000000
61831  -19.446  -10.832  34.409 0.5000000000
61821  -19.395  -10.648  35.390 0.5000000000
63606  -27.491  -8.398  31.670 0.6250000000
63591  -27.628  -8.126  32.527 0.6250000000
111642  -32.098  -8.486  36.337 0.3750000000
64414  -31.211  -8.008  37.204 0.3750000000
65314  -38.968  -6.305  39.497 0.7500000000
66168  -38.996  -5.300  40.361 0.7500000000
65297  -40.543  -5.597  40.055 0.7500000000
64456  -46.076  -7.525  36.330 1.0000000000
65354  -46.771  -7.014  36.862 1.0000000000
130769  -19.696  -11.324  33.236 0.5000000000
61844  -19.817  -10.266  32.873 0.5000000000
61872  -26.808  -10.033  29.872 0.6250000000
114048  -26.952  -8.729  31.230 0.6250000000
63605  -26.885  -8.419  32.204 0.6250000000
63536  -32.907  -7.995  36.157 0.3750000000
65312  -37.303  -6.239  39.436 0.7500000000
65294  -37.952  -6.197  39.816 0.7500000000
66996  -38.313  -5.135  40.047 0.7500000000
64455  -45.492  -8.017  35.680 1.0000000000
65364  -46.141  -6.515  36.040 1.0000000000
66219  -46.212  -5.436  35.704 1.0000000000
117995  -20.137  -11.761  32.350 0.5000000000
61845  -20.230  -10.419  32.187 0.5000000000
61856  -21.480  -10.407  30.938 0.6250000000
62723  -25.149  -9.476  30.425 0.6250000000
62724  -26.204  -9.210  30.611 0.6250000000
121986  -31.908  -6.213  37.415 0.3750000000
66200  -35.438  -5.591  38.527 0.7500000000
67035  -35.803  -5.211  38.416 0.7500000000
119944  -36.463  -4.794  38.132 0.7500000000
65370  -45.575  -6.022  35.208 1.0000000000
61867  -22.199  -10.457  30.454 0.6250000000
61868  -22.979  -10.456  30.162 0.6250000000
62722  -24.222  -9.639  30.352 0.6250000000
62707  -24.523  -9.059  31.039 0.6250000000
66197  -32.630  -5.587  37.580 0.3750000000
66212  -32.112  -5.040  37.235 0.3750000000
67058  -33.378  -4.690  36.996 0.6250000000
67059  -34.229  -4.682  37.178 0.6250000000
67078  -34.764  -4.559  36.299 0.7500000000
67086  -46.445  -4.407  35.346 1.0000000000
67104  -47.062  -3.667  34.987 1.0000000000
67056  -31.643  -4.810  36.628 0.3750000000
119806  -32.113  -4.657  36.090 0.6250000000
67103  -46.213  -4.122  34.427 1.0000000000
67982  -47.941  -3.061  34.785 0.8750000000
67983  -48.777  -2.254  34.627 0.8750000000
67993  -49.040  -2.815  33.582 0.8750000000
68911  -49.683  -2.499  33.217 0.7500000000
68971  -41.861  -3.208  26.085 0.3750000000
68912  -50.154  -2.262  32.791 0.7500000000
68921  -50.612  -2.753  32.075 0.7500000000
129215  -41.221  -2.174  25.062 0.3750000000
68003  -50.078  -3.093  32.479 0.7500000000
70631  -40.417  -0.934  25.250 0.3750000000
69844  -41.583  -1.622  24.726 0.3750000000
69845  -42.466  -1.768  24.779 0.3750000000
68935  -50.994  -3.105  31.416 0.7500000000
125981  -51.597  -2.383  30.501 0.7500000000
70632  -41.268  -0.800  24.767 0.3750000000
69852  -42.028  -1.050  24.284 0.3750000000
68032  -50.876  -3.616  30.734 0.7500000000
68047  -51.351  -3.078  30.333 0.6250000000
71406  -41.233  0.552  26.151 0.3750000000
71417  -41.603  0.047  25.319 0.3750000000
68046  -50.852  -3.617  30.147 0.6250000000
68058  -51.045  -3.192  29.786 0.6250000000
68952  -51.552  -2.339  29.915 0.6250000000
72265  -41.981  2.099  28.203 0.2500000000
72281  -41.658  1.222  26.774 0.3750000000
71407  -41.984  0.786  25.924 0.3750000000
115178  -50.302  -3.773  29.697 0.7500000000
118366  -51.152  -2.582  29.240 0.6250000000
68953  -51.739  -1.763  29.192 0.6250000000
72273  -42.837  2.112  27.108 0.2500000000
68071  -50.428  -3.258  29.056 0.7500000000
68961  -50.603  -2.717  28.384 0.7500000000
128823  -51.262  -2.199  28.626 0.7500000000
73126  -42.690  2.280  27.998 0.2500000000
59024  -18.308  -13.360  59.105 0.8750000000
58203  -19.053  -13.718  58.862 0.8750000000
59025  -19.206  -12.903  58.881 0.8750000000
58206  -19.789  -14.230  58.456 0.8750000000
59028  -19.990  -13.083  58.406 0.8750000000
59032  -20.553  -13.088  57.635 0.8750000000
113076  -20.478  -15.018  57.957 0.8750000000
58207  -21.104  -14.576  57.530 1.0000000000
59033  -21.079  -14.008  57.218 0.8750000000
59036  -20.606  -13.441  56.615 0.8750000000
59898  -19.866  -12.668  56.331 0.8750000000
58202  -18.183  -14.052  58.811 0.8750000000
58205  -18.719  -14.576  58.609 0.8750000000
57368  -20.746  -16.037  57.545 1.0000000000
56505  -21.022  -16.864  57.181 1.0000000000
59894  -20.175  -12.417  57.249 0.8750000000
59897  -19.205  -12.053  56.126 0.7500000000
59907  -18.733  -12.191  55.114 0.7500000000
56531  -14.119  -17.050  51.035 1.0000000000
57366  -19.340  -15.324  58.305 0.8750000000
57367  -19.944  -16.042  58.012 1.0000000000
56501  -20.304  -16.909  57.782 1.0000000000
126724  -20.465  -17.783  56.521 1.0000000000
60744  -17.686  -11.051  55.406 0.6250000000
60766  -16.788  -11.079  53.095 0.6250000000
56532  -14.639  -16.525  50.510 1.0000000000
56526  -14.677  -16.512  51.377 1.0000000000
55554  -19.693  -17.614  57.905 1.0000000000
54609  -19.413  -18.347  56.790 1.0000000000
54619  -19.649  -18.002  56.118 1.0000000000
54629  -18.658  -17.950  54.994 1.0000000000
60777  -16.563  -11.007  52.182 0.6250000000
61660  -16.145  -10.610  51.632 0.6250000000
57389  -15.150  -15.827  49.943 1.0000000000
57390  -15.382  -15.333  50.494 1.0000000000
56527  -15.312  -15.910  51.767 1.0000000000
108098  -14.724  -16.749  53.130 1.0000000000
53576  -17.741  -19.001  56.951 1.0000000000
54617  -18.311  -18.422  55.765 1.0000000000
54628  -17.880  -18.320  54.847 1.0000000000
60786  -16.519  -11.085  51.226 0.6250000000
62538  -15.330  -9.820  50.630 0.6250000000
62546  -14.852  -9.224  49.974 0.6250000000
63439  -14.512  -8.640  49.442 0.6250000000
57392  -15.149  -15.150  49.146 1.0000000000
56515  -15.524  -16.376  53.452 1.0000000000
55573  -14.317  -17.207  53.824 1.0000000000
53566  -17.182  -19.434  57.561 1.0000000000
53575  -17.151  -19.352  56.794 1.0000000000
53582  -17.606  -18.907  56.319 1.0000000000
54627  -17.055  -18.744  54.553 1.0000000000
114029  -16.941  -11.616  50.035 0.7500000000
60794  -17.002  -11.618  50.746 0.6250000000
61675  -15.798  -10.415  49.956 0.6250000000
62547  -15.326  -9.778  49.609 0.6250000000
63440  -14.973  -9.255  49.066 0.6250000000
58248  -14.553  -14.048  47.967 1.0000000000
58247  -14.242  -13.962  47.333 1.0000000000
56514  -15.035  -16.842  53.954 1.0000000000
128299  -14.690  -17.271  54.443 1.0000000000
55559  -14.663  -17.662  55.264 1.0000000000
53574  -16.742  -19.614  57.220 1.0000000000
118718  -16.559  -19.597  56.588 1.0000000000
53589  -16.632  -19.209  55.140 1.0000000000
53598  -16.270  -19.095  54.263 1.0000000000
60800  -17.137  -11.822  49.393 0.7500000000
60799  -16.684  -11.364  49.587 0.6250000000
61685  -15.686  -10.234  48.986 0.6250000000
63447  -14.652  -8.230  48.134 0.6250000000
59104  -13.494  -13.312  47.220 1.0000000000
54616  -14.244  -18.320  56.070 1.0000000000
54597  -14.843  -19.167  57.791 1.0000000000
113213  -15.377  -20.199  58.517 1.0000000000
52529  -15.879  -20.193  57.932 1.0000000000
52542  -15.892  -19.909  56.367 1.0000000000
53588  -15.878  -19.498  54.811 1.0000000000
59962  -17.754  -12.302  47.784 0.6250000000
60806  -17.332  -11.975  48.455 0.7500000000
60811  -16.771  -11.308  47.979 0.6250000000
61695  -15.844  -10.128  48.033 0.6250000000
63448  -15.048  -8.957  48.220 0.6250000000
63456  -15.113  -8.551  47.259 0.6250000000
111214  -12.101  -13.280  46.516 1.0000000000
58259  -12.576  -13.803  45.336 1.0000000000
52535  -15.507  -20.310  57.166 1.0000000000
60812  -17.291  -11.796  47.490 0.7500000000
61696  -16.373  -10.635  47.551 0.6250000000
62565  -15.997  -9.971  47.123 0.6250000000
62572  -15.671  -9.252  46.692 0.6250000000
121410  -10.420  -13.373  47.187 1.0000000000
59101  -9.635  -13.505  47.103 1.0000000000
60816  -17.369  -11.683  46.616 0.6250000000
61706  -16.990  -11.035  46.191 0.7500000000
61717  -16.672  -10.368  45.771 0.6250000000
62573  -16.189  -9.825  46.223 0.6250000000
62581  -15.893  -9.152  45.760 0.6250000000
109796  -9.180  -13.603  46.448 1.0000000000
59100  -8.886  -13.583  47.120 1.0000000000
60822  -18.057  -12.121  45.301 0.7500000000
60821  -17.520  -11.563  45.723 0.7500000000
61718  -17.185  -10.878  45.325 0.6250000000
62582  -16.411  -9.697  45.343 0.6250000000
108730  -8.399  -13.577  46.728 1.0000000000
60828  -18.289  -12.056  44.564 0.7500000000
61729  -17.337  -10.706  44.587 0.7500000000
62589  -17.223  -10.131  44.009 0.6250000000
62588  -16.634  -9.585  44.470 0.6250000000
59124  -7.782  -13.481  45.553 1.0000000000
60833  -18.277  -11.656  43.813 0.7500000000
61743  -18.076  -11.049  43.284 0.8750000000
61755  -17.709  -10.418  43.234 0.6250000000
64373  -31.089  -8.736  43.771 0.3750000000
64365  -31.305  -8.092  44.414 0.3750000000
119234  -31.613  -7.557  44.969 0.3750000000
60841  -18.553  -11.480  42.903 0.8750000000
61756  -18.228  -10.736  42.614 0.8750000000
63492  -30.428  -9.342  42.369 0.3750000000
64372  -30.694  -7.707  43.811 0.3750000000
64364  -31.047  -7.103  44.417 0.3750000000
61764  -18.450  -10.405  41.795 0.7500000000
114016  -29.695  -10.345  40.834 0.3750000000
116825  -29.867  -9.876  41.100 0.3750000000
63499  -29.942  -9.208  41.659 0.3750000000
63491  -29.974  -8.595  42.277 0.3750000000
65264  -30.010  -7.218  43.233 0.3750000000
60883  -3.955  -10.852  38.804 0.8750000000
60884  -4.858  -11.029  38.743 0.7500000000
108517  -6.608  -11.354  37.627 0.5000000000
60900  -6.671  -11.098  36.632 0.3750000000
61773  -19.192  -10.742  40.404 0.7500000000
61778  -19.299  -10.543  39.540 0.7500000000
61790  -29.463  -10.308  38.761 0.3750000000
113015  -29.573  -10.331  40.102 0.3750000000
62616  -29.622  -9.765  40.089 0.3750000000
63498  -29.392  -8.837  40.759 0.3750000000
64371  -29.661  -7.729  42.506 0.3750000000
65271  -29.415  -6.678  42.615 0.3750000000
64407  -44.935  -7.940  41.096 1.0000000000
63511  -45.640  -8.428  40.857 1.0000000000
63520  -45.940  -9.209  40.382 1.0000000000
60846  -3.693  -11.367  41.950 0.8750000000
121146  -3.572  -11.050  41.233 0.8750000000
60859  -4.157  -10.769  40.925 0.8750000000
108519  -6.223  -11.442  38.631 0.7500000000
124334  -19.405  -11.079  39.066 0.7500000000
61785  -19.359  -10.478  38.698 0.7500000000
62645  -29.828  -9.941  36.637 0.3750000000
124213  -29.551  -9.412  39.178 0.3750000000
64391  -28.833  -7.957  40.123 0.3750000000
117554  -29.082  -7.203  41.901 0.3750000000
64406  -44.053  -7.360  40.999 1.0000000000
65300  -44.552  -7.308  41.975 1.0000000000
64398  -46.022  -8.058  40.962 1.0000000000
59135  -5.401  -12.839  45.272 0.8750000000
60838  -4.153  -11.578  42.755 0.8750000000
60872  -4.339  -10.824  39.822 0.8750000000
60904  -19.374  -11.464  37.532 0.6250000000
61795  -19.359  -10.505  37.738 0.6250000000
62642  -19.418  -9.967  36.755 0.5000000000
62659  -29.634  -9.406  35.618 0.3750000000
116277  -30.149  -9.704  36.078 0.3750000000
64413  -30.367  -8.302  37.646 0.3750000000
64405  -29.178  -7.672  38.523 0.3750000000
64395  -28.644  -7.253  39.681 0.3750000000
65299  -43.421  -6.732  41.996 1.0000000000
65286  -44.064  -6.461  42.176 1.0000000000
65302  -46.575  -7.417  40.343 1.0000000000
63521  -47.311  -8.643  39.020 1.0000000000
64424  -47.296  -8.197  38.077 1.0000000000
59978  -4.353  -12.031  43.369 0.8750000000
62654  -19.414  -9.910  35.770 0.5000000000
63558  -29.238  -8.505  34.463 0.3750000000
112746  -27.844  -8.301  33.549 0.6250000000
64412  -29.672  -7.368  37.855 0.3750000000
64404  -28.707  -7.007  38.970 0.3750000000
128712  -42.071  -6.035  41.172 0.8750000000
109861  -42.516  -6.110  41.940 0.8750000000
62689  -19.888  -9.616  32.932 0.5000000000
118194  -30.481  -7.438  37.518 0.3750000000
66997  -39.603  -4.964  40.464 0.8750000000
66998  -40.305  -4.967  40.570 0.8750000000
66171  -41.842  -5.460  41.311 0.8750000000
65365  -46.836  -5.974  36.512 1.0000000000
66213  -47.392  -5.371  36.960 1.0000000000
66220  -46.887  -4.889  36.205 0.8750000000
60960  -19.615  -10.809  33.433 0.5000000000
117463  -20.139  -9.828  32.465 0.5000000000
62690  -20.353  -9.130  32.495 0.5000000000
62695  -26.168  -8.581  32.831 0.6250000000
65329  -31.158  -6.908  37.359 0.3750000000
118906  -37.859  -4.551  38.622 0.8750000000
67015  -38.304  -4.700  39.465 0.8750000000
67016  -39.079  -4.654  39.836 0.8750000000
62703  -20.581  -9.727  31.938 0.5000000000
62704  -21.331  -9.610  31.387 0.5000000000
113473  -22.027  -9.204  31.223 0.6250000000
62708  -25.366  -8.889  31.316 0.6250000000
62694  -25.432  -8.638  32.348 0.6250000000
66195  -30.644  -5.679  37.163 0.3750000000
66196  -31.633  -5.536  37.360 0.3750000000
109799  -33.742  -4.534  35.085 0.6250000000
67060  -35.493  -4.531  36.564 0.7500000000
109752  -36.171  -4.499  36.182 0.7500000000
67087  -47.200  -3.917  35.920 0.8750000000
62721  -23.363  -9.758  30.404 0.6250000000
62706  -23.681  -9.180  30.920 0.6250000000
66210  -29.960  -5.197  36.694 0.3750000000
67055  -30.640  -4.838  36.281 0.3750000000
111003  -32.140  -4.614  35.156 0.6250000000
67094  -32.930  -4.575  34.672 0.6250000000
68010  -41.974  -3.511  31.141 0.3750000000
67074  -30.107  -4.450  35.391 0.5000000000
110487  -30.644  -4.412  34.762 0.6250000000
67093  -31.359  -4.531  34.539 0.6250000000
109002  -41.889  -3.547  30.376 0.3750000000
68029  -42.513  -3.472  30.473 0.3750000000
121452  -48.406  -2.372  35.501 0.8750000000
123160  -48.630  -1.638  35.338 0.7500000000
67171  -33.921  -4.124  29.310 0.3750000000
68067  -41.802  -3.696  27.901 0.3750000000
115519  -41.549  -3.574  26.862 0.3750000000
68084  -42.518  -3.431  26.947 0.3750000000
68901  -49.275  -1.804  33.993 0.7500000000
68902  -49.635  -1.726  33.389 0.7500000000
111308  -42.730  -2.961  25.994 0.3750000000
68972  -43.396  -3.090  26.678 0.3750000000
69784  -49.999  -1.593  32.930 0.7500000000
68983  -42.001  -2.494  25.284 0.3750000000
68984  -43.546  -2.615  25.884 0.3750000000
69846  -43.516  -1.866  25.036 0.3750000000
68985  -44.403  -2.278  25.799 0.3750000000
69798  -50.902  -1.528  31.630 0.7500000000
119262  -51.058  -1.225  31.066 0.7500000000
70640  -42.536  -0.616  24.200 0.3750000000
114311  -44.636  -1.549  25.057 0.3750000000
71418  -42.298  0.393  25.002 0.3750000000
69854  -43.746  -1.068  24.376 0.3750000000
69855  -44.478  -0.899  24.417 0.3750000000
72291  -42.619  1.148  25.568 0.3750000000
71419  -42.927  0.754  24.637 0.2500000000
71428  -43.395  0.315  23.972 0.5000000000
70642  -44.784  -0.395  24.133 0.5000000000
69815  -52.202  -1.072  29.303 0.6250000000
69823  -52.251  -1.151  28.629 0.7500000000
72283  -42.968  1.918  26.121 0.2500000000
72292  -43.230  1.504  25.163 0.2500000000
71429  -44.248  0.325  23.791 0.3750000000
70643  -45.635  -0.433  24.290 0.5000000000
69816  -52.537  -0.558  28.738 0.7500000000
73114  -43.859  2.872  29.357 0.2500000000
73127  -43.429  2.506  27.764 0.2500000000
73133  -43.499  2.468  26.773 0.2500000000
72293  -43.830  1.822  24.677 0.2500000000
72301  -44.139  1.192  23.823 0.3750000000
111519  -50.915  -2.226  27.775 0.6250000000
68977  -51.272  -1.707  27.200 0.6250000000
69824  -52.677  -0.603  28.070 0.8750000000
73128  -44.156  2.837  27.488 0.2500000000
59890  -20.166  -12.172  57.980 0.7500000000
59027  -17.459  -13.701  58.661 0.8750000000
59886  -18.739  -12.344  59.068 0.7500000000
59887  -19.645  -12.101  58.480 0.8750000000
126166  -19.750  -11.509  58.085 0.7500000000
111800  -16.805  -13.349  55.768 0.8750000000
59034  -16.806  -13.344  56.973 0.8750000000
59031  -17.356  -13.948  57.580 0.8750000000
58204  -17.900  -14.425  58.185 0.8750000000
58209  -18.320  -15.125  57.830 0.8750000000
60721  -19.397  -10.944  57.860 0.6250000000
60732  -19.160  -11.229  57.039 0.7500000000
60745  -18.470  -11.489  55.894 0.6250000000
57386  -15.160  -15.944  50.859 1.0000000000
58211  -17.796  -14.678  55.852 0.8750000000
57374  -18.106  -15.261  56.626 0.8750000000
57370  -18.487  -15.773  57.630 0.8750000000
56500  -19.538  -16.861  58.045 1.0000000000
61642  -17.151  -10.259  55.929 0.6250000000
61646  -17.031  -10.708  54.692 0.6250000000
61651  -16.445  -10.502  53.819 0.6250000000
112587  -16.318  -10.627  52.896 0.6250000000
61657  -15.981  -10.376  52.310 0.6250000000
62522  -15.357  -9.745  52.477 0.6250000000
57393  -15.327  -14.809  49.918 1.0000000000
58232  -15.479  -14.607  50.684 1.0000000000
57387  -15.513  -15.294  51.149 1.0000000000
59039  -17.285  -14.085  55.239 0.8750000000
58215  -17.480  -14.813  54.898 0.8750000000
57369  -18.065  -15.910  56.581 0.8750000000
55553  -19.013  -17.512  58.144 1.0000000000
54595  -18.347  -18.506  58.108 1.0000000000
54600  -18.688  -18.577  57.557 1.0000000000
61645  -16.417  -10.047  55.029 0.6250000000
61650  -15.848  -10.146  53.171 0.6250000000
62537  -14.690  -9.156  50.831 0.6250000000
57383  -15.812  -15.485  52.402 1.0000000000
57373  -17.741  -15.404  55.565 0.8750000000
56508  -17.557  -16.192  55.835 1.0000000000
55551  -17.400  -17.379  57.369 1.0000000000
55549  -18.360  -18.086  58.258 1.0000000000
53567  -17.911  -18.949  57.492 1.0000000000
59091  -14.413  -13.249  48.819 1.0000000000
57379  -15.997  -15.764  53.117 1.0000000000
56516  -16.186  -16.037  53.833 1.0000000000
56507  -16.244  -16.946  55.437 1.0000000000
115160  -16.899  -16.468  55.374 1.0000000000
56502  -17.015  -16.925  56.218 1.0000000000
54599  -16.941  -18.724  58.343 1.0000000000
53559  -17.429  -19.222  58.122 1.0000000000
110295  -14.327  -8.077  48.893 0.6250000000
59105  -14.116  -13.371  48.007 1.0000000000
56510  -15.451  -17.033  54.765 1.0000000000
55562  -16.244  -17.358  56.144 1.0000000000
54607  -16.358  -18.297  57.588 1.0000000000
123137  -16.398  -19.336  58.327 1.0000000000
52530  -16.488  -19.794  57.784 1.0000000000
59961  -12.296  -12.523  48.606 1.0000000000
55561  -15.563  -17.475  55.721 1.0000000000
54606  -15.525  -18.586  57.434 1.0000000000
54598  -15.666  -19.379  58.309 1.0000000000
52524  -16.066  -19.982  58.311 1.0000000000
52536  -16.230  -19.880  57.200 1.0000000000
64336  -14.569  -7.681  47.418 0.6250000000
59088  -10.904  -13.077  47.757 1.0000000000
63460  -15.406  -8.514  46.185 0.6250000000
59087  -10.039  -13.292  47.813 1.0000000000
63467  -16.137  -9.051  44.880 0.6250000000
64361  -15.831  -7.673  43.966 0.6250000000
64358  -32.560  -8.393  45.883 0.3750000000
120660  -32.656  -7.571  45.946 0.3750000000
59099  -8.271  -13.578  47.666 1.0000000000
62594  -16.856  -9.408  43.633 0.6250000000
123710  -16.633  -8.802  43.356 0.6250000000
63480  -16.258  -8.273  43.620 0.6250000000
130764  -31.739  -8.338  44.957 0.3750000000
64357  -32.142  -8.002  45.426 0.3750000000
65250  -32.091  -7.119  45.447 0.3750000000
59112  -7.025  -13.518  46.894 1.0000000000
108522  -7.746  -13.580  47.091 1.0000000000
63481  -17.107  -9.101  42.765 0.7500000000
65256  -31.481  -6.615  44.971 0.3750000000
108719  -6.308  -13.494  47.530 1.0000000000
62601  -17.789  -9.862  42.416 0.7500000000
62607  -17.559  -9.010  41.897 0.7500000000
63483  -30.896  -9.450  43.105 0.3750000000
66128  -31.394  -5.657  44.941 0.3750000000
59111  -6.018  -13.366  46.594 1.0000000000
61772  -18.710  -10.142  40.928 0.6250000000
62608  -18.151  -9.571  41.448 0.6250000000
62610  -30.365  -9.996  41.748 0.3750000000
61769  -30.357  -10.515  41.843 0.3750000000
65265  -30.435  -6.633  43.856 0.3750000000
66137  -30.343  -5.606  43.831 0.3750000000
66954  -30.844  -5.157  44.392 0.3750000000
59122  -5.305  -12.951  46.069 0.8750000000
62612  -18.447  -9.298  40.574 0.6250000000
62619  -18.742  -9.070  39.734 0.6250000000
61780  -29.420  -10.510  39.703 0.3750000000
60881  -29.165  -10.915  40.102 0.3750000000
66144  -29.311  -5.637  42.618 0.3750000000
60873  -5.703  -11.230  39.616 0.8750000000
60874  -7.056  -11.552  39.479 0.7500000000
108518  -7.621  -11.588  38.375 0.5000000000
62620  -19.185  -9.683  39.143 0.6250000000
62626  -19.233  -9.135  38.432 0.5000000000
61789  -29.062  -10.582  38.432 0.3750000000
60891  -28.615  -10.821  38.929 0.3750000000
60880  -28.603  -11.083  39.596 0.3750000000
65287  -44.728  -6.571  41.899 1.0000000000
65301  -45.515  -7.158  41.292 1.0000000000
59974  -4.896  -12.344  44.737 0.8750000000
61735  -4.823  -10.896  43.392 0.8750000000
61734  -4.322  -11.181  42.959 0.8750000000
60847  -4.943  -10.702  41.480 0.8750000000
60860  -5.274  -10.877  40.583 0.8750000000
116322  -19.340  -9.870  38.342 0.6250000000
116873  -19.331  -8.643  37.751 0.5000000000
61811  -29.041  -10.178  36.816 0.3750000000
109662  -28.344  -10.433  37.238 0.3750000000
60905  -28.269  -10.749  38.155 0.3750000000
65293  -28.459  -6.345  39.767 0.3750000000
66173  -44.461  -5.669  41.854 1.0000000000
65318  -46.288  -6.372  40.262 1.0000000000
112387  -47.423  -7.084  38.429 1.0000000000
66186  -46.778  -5.553  39.134 1.0000000000
59973  -4.517  -12.045  44.123 0.8750000000
108420  -6.553  -11.288  40.386 0.7500000000
60875  -8.417  -11.589  39.419 0.7500000000
123799  -19.438  -9.268  36.167 0.5000000000
63542  -19.524  -8.214  35.200 0.5000000000
123144  -29.144  -8.972  35.117 0.3750000000
61823  -27.554  -9.852  35.939 0.5000000000
65308  -28.552  -6.038  38.785 0.3750000000
67018  -41.552  -4.391  39.767 0.8750000000
67001  -42.989  -4.557  41.562 1.0000000000
64439  -47.278  -7.459  37.718 1.0000000000
65340  -47.390  -6.085  38.339 1.0000000000
66201  -47.493  -5.559  37.664 1.0000000000
120705  -19.436  -9.061  35.276 0.5000000000
63554  -19.622  -8.474  34.424 0.5000000000
120559  -20.299  -7.921  33.401 0.5000000000
62683  -27.202  -8.878  34.188 0.6250000000
65327  -29.386  -6.408  37.681 0.3750000000
109457  -39.035  -4.428  36.401 0.7500000000
67037  -40.747  -4.315  38.788 0.8750000000
66999  -41.165  -4.915  40.762 0.8750000000
65355  -47.355  -6.406  37.440 1.0000000000
67066  -47.455  -4.366  36.757 0.8750000000
63569  -19.918  -8.427  33.623 0.5000000000
63586  -20.346  -8.408  32.970 0.5000000000
62682  -26.218  -8.990  33.956 0.6250000000
63573  -26.966  -8.464  33.234 0.6250000000
66194  -29.607  -5.774  37.263 0.3750000000
108513  -36.497  -4.516  35.327 0.6250000000
115101  -38.194  -4.435  37.217 0.7500000000
67036  -39.928  -4.406  39.278 0.8750000000
67974  -48.033  -2.475  36.234 0.6250000000
63602  -21.594  -8.823  31.687 0.5000000000
63603  -22.402  -8.715  31.530 0.6250000000
126293  -23.544  -8.467  32.067 0.6250000000
67110  -33.533  -4.562  33.220 0.5000000000
67096  -35.061  -4.492  34.463 0.6250000000
67079  -35.507  -4.514  35.479 0.6250000000
67080  -36.951  -4.494  36.100 0.8750000000
67117  -40.328  -3.880  33.386 0.5000000000
67989  -41.726  -3.663  33.426 0.5000000000
67990  -42.509  -3.488  33.547 0.5000000000
67991  -43.438  -3.182  33.743 0.5000000000
63531  -12.626  -8.396  36.863 0.1250000000
63604  -23.207  -8.749  31.478 0.6250000000
62692  -23.973  -8.769  31.627 0.6250000000
67054  -29.202  -4.595  36.466 0.3750000000
67968  -28.910  -3.231  35.582 0.5000000000
67108  -31.028  -4.114  33.152 0.3750000000
67109  -32.837  -4.589  33.687 0.5000000000
108511  -33.649  -4.534  34.119 0.6250000000
128826  -39.235  -4.104  32.388 0.5000000000
67988  -41.094  -3.717  32.867 0.3750000000
67999  -42.078  -3.540  32.786 0.3750000000
68011  -42.462  -3.410  32.009 0.3750000000
107994  -43.173  -3.226  31.970 0.3750000000
68889  -48.333  -1.705  35.927 0.5000000000
67092  -30.023  -3.975  34.510 0.3750000000
67977  -29.537  -3.308  34.337 0.3750000000
126394  -30.431  -3.691  33.295 0.5000000000
124974  -31.406  -4.418  33.761 0.5000000000
109005  -34.655  -4.485  29.834 0.5000000000
67142  -36.422  -4.502  31.506 0.6250000000
109374  -42.845  -3.354  31.228 0.3750000000
68012  -43.632  -3.127  31.424 0.3750000000
64425  -12.640  -7.740  37.385 0.1250000000
67159  -32.842  -4.116  30.456 0.3750000000
67160  -33.734  -4.349  30.148 0.5000000000
68044  -43.356  -3.411  29.514 0.3750000000
68056  -43.175  -3.469  28.704 0.3750000000
69776  -49.130  -1.061  33.992 0.3750000000
69783  -49.359  -1.197  33.203 0.7500000000
68025  -33.112  -3.809  29.614 0.3750000000
68045  -44.061  -3.191  29.847 0.3750000000
68057  -44.026  -3.237  28.949 0.3750000000
124110  -43.280  -3.333  27.389 0.3750000000
114555  -48.699  -1.246  32.560 0.3750000000
107891  -45.256  -2.714  28.051 0.3750000000
68069  -44.443  -3.043  28.124 0.3750000000
68973  -44.195  -2.737  26.598 0.3750000000
68920  -47.753  -1.692  31.776 0.3750000000
69792  -50.548  -1.813  32.338 0.6250000000
68958  -44.743  -2.743  27.342 0.3750000000
69796  -48.269  -1.619  30.408 0.3750000000
114802  -50.059  -1.358  31.863 0.5000000000
72243  -35.716  1.307  32.723 0.1250000000
68959  -45.566  -2.432  27.298 0.3750000000
110942  -45.018  -2.415  26.582 0.3750000000
69805  -49.112  -1.170  29.813 0.5000000000
68960  -46.544  -2.041  27.310 0.3750000000
68974  -45.812  -2.107  26.605 0.3750000000
70598  -49.055  -0.926  28.784 0.5000000000
69814  -50.119  -0.600  29.625 0.6250000000
69807  -51.548  -1.183  30.553 0.6250000000
69836  -46.374  -1.782  26.513 0.3750000000
69848  -46.557  -1.377  25.898 0.3750000000
70610  -50.943  0.055  28.866 0.5000000000
69808  -52.030  -0.950  29.940 0.6250000000
70634  -46.137  -0.942  24.995 0.3750000000
70644  -46.545  -0.366  24.481 0.5000000000
70600  -51.658  -0.340  29.475 0.6250000000
70602  -52.603  -0.049  28.604 0.7500000000
71440  -44.720  0.726  23.563 0.3750000000
71432  -46.819  0.219  23.901 0.5000000000
70611  -53.029  -0.049  28.226 0.8750000000
73139  -43.590  2.273  25.720 0.2500000000
73140  -44.217  2.648  25.254 0.2500000000
72310  -44.861  1.362  23.450 0.3750000000
71442  -46.192  0.805  23.365 0.3750000000
69838  -52.598  -0.653  27.062 0.5000000000
70626  -53.192  -0.079  27.507 0.7500000000
73134  -44.126  2.883  26.409 0.2500000000
74139  -44.748  3.351  25.962 0.2500000000
73141  -44.883  3.071  24.791 0.3750000000
70638  -53.185  0.012  26.437 0.5000000000
71423  -53.896  0.792  26.240 0.6250000000
125327  -45.917  3.846  27.965 0.2500000000
70649  -52.573  0.302  24.654 0.6250000000
59026  -16.872  -13.139  58.852 0.8750000000
59885  -17.612  -12.897  59.208 0.7500000000
60711  -18.091  -11.731  59.210 0.7500000000
60712  -19.176  -11.207  58.509 0.7500000000
59896  -16.228  -12.722  56.387 0.8750000000
59892  -16.215  -12.802  57.587 0.8750000000
59030  -16.771  -13.343  58.123 0.8750000000
60720  -15.917  -12.150  59.027 0.7500000000
126823  -17.525  -11.198  59.230 0.7500000000
61627  -18.383  -10.612  58.707 0.7500000000
61632  -18.296  -9.911  58.367 0.6250000000
61633  -18.849  -10.346  58.101 0.6250000000
60731  -18.133  -10.542  56.790 0.6250000000
58214  -16.985  -14.346  54.291 0.8750000000
59038  -16.626  -13.532  54.668 0.8750000000
59888  -15.689  -12.285  58.193 0.8750000000
60719  -15.196  -11.770  58.723 0.7500000000
60709  -15.638  -11.309  59.287 0.7500000000
60710  -16.612  -11.287  59.316 0.7500000000
61625  -16.455  -10.162  59.260 0.6250000000
62502  -17.820  -9.471  58.358 0.6250000000
61638  -18.237  -9.750  57.850 0.6250000000
62528  -15.018  -9.508  51.556 0.6250000000
58231  -15.196  -13.869  50.193 1.0000000000
59067  -15.389  -13.825  51.065 1.0000000000
112315  -15.659  -13.816  51.898 1.0000000000
57381  -17.167  -15.030  54.096 0.8750000000
57377  -17.339  -15.328  54.729 0.8750000000
61624  -15.392  -10.323  59.321 0.7500000000
62494  -16.179  -9.080  58.984 0.6250000000
62495  -17.122  -9.182  58.689 0.6250000000
110069  -17.388  -9.102  58.049 0.6250000000
62512  -16.462  -9.437  56.306 0.6250000000
62518  -15.785  -9.761  54.191 0.6250000000
63417  -14.481  -8.913  51.563 0.6250000000
63430  -14.362  -8.633  50.275 0.6250000000
59937  -14.502  -12.428  51.356 1.0000000000
58221  -16.003  -14.615  52.265 0.8750000000
58222  -16.328  -15.081  52.922 0.8750000000
58218  -16.712  -14.683  53.517 0.8750000000
57376  -16.832  -15.674  54.276 0.8750000000
56512  -17.207  -15.923  54.997 1.0000000000
61623  -14.346  -10.583  59.276 0.7500000000
62493  -15.068  -9.465  59.015 0.6250000000
62500  -15.733  -8.598  58.396 0.6250000000
63379  -15.882  -8.539  57.597 0.6250000000
62511  -16.074  -8.829  56.903 0.6250000000
62514  -15.844  -9.427  55.256 0.6250000000
129857  -15.489  -9.310  54.692 0.6250000000
62517  -15.126  -9.181  54.112 0.6250000000
62527  -14.713  -9.155  52.276 0.6250000000
59955  -13.609  -12.298  49.727 1.0000000000
57380  -16.589  -15.377  53.584 1.0000000000
56511  -16.365  -16.400  54.645 1.0000000000
62499  -14.617  -8.979  58.276 0.6250000000
116506  -14.075  -8.685  57.493 0.6250000000
64258  -14.302  -8.311  56.950 0.6250000000
64266  -14.189  -8.147  56.466 0.5000000000
64272  -14.133  -7.948  55.734 0.5000000000
64277  -14.022  -7.836  54.999 0.5000000000
63397  -14.118  -8.147  54.257 0.5000000000
121182  -14.288  -8.655  52.140 0.6250000000
121187  -14.271  -8.633  50.990 0.6250000000
64303  -13.970  -7.977  49.740 0.5000000000
127812  -14.215  -7.025  47.577 0.5000000000
64345  -14.885  -7.798  46.510 0.5000000000
59954  -12.560  -12.204  49.403 1.0000000000
127153  -13.703  -8.322  57.093 0.6250000000
64257  -13.610  -7.712  56.860 0.5000000000
64265  -13.710  -7.490  56.230 0.5000000000
64271  -13.655  -7.404  55.375 0.5000000000
65160  -13.142  -7.032  53.671 0.5000000000
119046  -13.136  -7.175  51.672 0.5000000000
63416  -13.946  -8.285  51.590 0.5000000000
63429  -13.900  -8.120  50.694 0.5000000000
64317  -13.968  -7.512  49.056 0.5000000000
64329  -14.199  -7.437  48.285 0.5000000000
64344  -14.420  -6.956  46.746 0.5000000000
59960  -11.279  -12.695  48.446 1.0000000000
65144  -13.480  -6.806  56.912 0.5000000000
65151  -13.408  -6.764  55.879 0.5000000000
65157  -13.230  -6.831  54.808 0.5000000000
65177  -12.821  -6.197  50.814 0.5000000000
65166  -12.827  -6.541  51.629 0.5000000000
65189  -13.234  -6.681  50.180 0.5000000000
65201  -13.382  -6.392  49.378 0.5000000000
65217  -13.561  -6.111  48.607 0.5000000000
65218  -13.902  -6.628  48.077 0.5000000000
124498  -14.841  -6.417  45.381 0.5000000000
59959  -10.486  -12.962  48.334 1.0000000000
59075  -9.039  -13.137  49.294 1.0000000000
66863  -12.447  -4.735  51.281 0.3750000000
66049  -12.949  -5.888  49.964 0.3750000000
66062  -13.175  -5.565  49.152 0.5000000000
65228  -13.726  -5.846  47.847 0.3750000000
64352  -14.777  -7.126  45.882 0.5000000000
66123  -15.306  -5.776  44.311 0.1250000000
111947  -9.202  -13.488  47.819 1.0000000000
124408  -8.324  -13.422  49.112 1.0000000000
114857  -12.393  -4.011  51.116 0.3750000000
66869  -12.557  -4.363  50.394 0.3750000000
66061  -12.797  -5.021  49.752 0.3750000000
66910  -13.402  -4.456  48.085 0.3750000000
66092  -13.654  -5.047  47.636 0.3750000000
66911  -13.905  -4.728  46.976 0.3750000000
64353  -15.201  -7.820  45.611 0.6250000000
65252  -15.202  -6.393  44.663 0.5000000000
59086  -8.720  -13.455  48.530 1.0000000000
59085  -7.846  -13.551  48.546 1.0000000000
59074  -7.617  -13.494  49.348 1.0000000000
67812  -12.630  -3.624  49.847 0.3750000000
66880  -13.050  -4.609  48.909 0.3750000000
118162  -13.196  -3.872  48.449 0.2500000000
129063  -13.650  -4.341  47.463 0.2500000000
67836  -13.845  -3.890  46.927 0.2500000000
63473  -15.499  -7.776  44.765 0.6250000000
59084  -6.959  -13.561  48.763 1.0000000000
67823  -12.736  -2.949  49.333 0.3750000000
67824  -13.103  -3.020  48.470 0.2500000000
67835  -13.483  -3.580  47.700 0.2500000000
64368  -16.221  -7.526  43.194 0.6250000000
65268  -16.207  -6.686  42.796 0.5000000000
63471  -32.305  -9.098  45.743 0.3750000000
59098  -7.236  -13.549  47.833 1.0000000000
108523  -6.422  -13.544  48.266 1.0000000000
59082  -4.976  -13.567  49.032 1.0000000000
125302  -13.769  -2.107  47.131 0.2500000000
63487  -16.655  -8.219  42.774 0.6250000000
64381  -16.793  -7.197  41.805 0.5000000000
63484  -31.386  -9.559  43.748 0.3750000000
62598  -31.692  -10.054  44.210 0.3750000000
110779  -31.845  -10.171  44.918 0.3750000000
118841  -31.966  -9.541  45.044 0.3750000000
59097  -5.498  -13.480  48.183 1.0000000000
121485  -4.515  -13.299  48.445 1.0000000000
63488  -17.110  -8.493  42.187 0.6250000000
63494  -17.362  -8.254  41.548 0.6250000000
64382  -17.165  -7.483  41.363 0.5000000000
61758  -30.619  -10.668  42.421 0.3750000000
61745  -30.712  -10.907  43.168 0.3750000000
112185  -5.527  -13.376  47.353 0.8750000000
59096  -4.830  -13.225  47.652 0.8750000000
59095  -4.326  -12.985  47.923 0.8750000000
59958  -4.094  -12.888  48.615 1.0000000000
63495  -17.880  -8.739  41.072 0.6250000000
63501  -17.634  -7.886  40.830 0.5000000000
64387  -17.416  -7.026  40.732 0.5000000000
60856  -29.767  -11.214  41.635 0.3750000000
59121  -4.865  -12.684  46.523 0.8750000000
59964  -4.375  -12.697  47.689 0.8750000000
63502  -18.232  -8.340  40.202 0.5000000000
64388  -17.900  -7.394  40.153 0.2500000000
66963  -29.813  -5.100  43.218 0.3750000000
59970  -4.822  -12.352  45.687 0.8750000000
129103  -4.773  -12.404  46.350 0.8750000000
63507  -18.672  -8.282  39.369 0.2500000000
60890  -27.961  -11.024  39.023 0.5000000000
66152  -28.851  -5.217  41.936 0.3750000000
61749  -5.674  -10.663  43.005 0.8750000000
108130  -6.145  -10.956  41.247 0.8750000000
109380  -8.719  -11.612  38.491 0.3750000000
60876  -9.431  -11.494  38.945 0.3750000000
116401  -19.405  -8.076  37.052 0.3750000000
61810  -27.656  -10.253  36.741 0.5000000000
66988  -28.408  -4.635  40.276 0.3750000000
67002  -44.081  -4.620  41.386 0.8750000000
67003  -45.187  -4.816  40.565 1.0000000000
66185  -45.988  -5.428  40.124 0.8750000000
60825  -4.667  -11.765  44.721 0.8750000000
60831  -4.437  -11.551  43.666 0.8750000000
61760  -5.700  -10.704  42.125 0.8750000000
60861  -7.289  -11.245  41.058 0.8750000000
124681  -8.179  -11.356  40.922 0.8750000000
60862  -8.732  -11.450  40.388 0.7500000000
64426  -19.509  -7.394  36.384 0.5000000000
61822  -26.749  -10.104  36.352 0.5000000000
66182  -28.396  -5.172  38.624 0.3750000000
66164  -28.336  -5.280  39.478 0.3750000000
67019  -42.657  -4.172  40.170 0.7500000000
67020  -43.662  -4.023  40.324 0.8750000000
67021  -44.622  -3.955  40.026 0.8750000000
113770  -45.555  -3.984  39.297 0.8750000000
65320  -47.407  -5.077  38.213 0.8750000000
60832  -4.880  -11.060  44.218 0.8750000000
115150  -9.445  -11.415  39.832 0.6250000000
64458  -19.748  -7.632  34.695 0.3750000000
62657  -26.523  -9.755  35.508 0.6250000000
123060  -28.441  -4.835  38.056 0.3750000000
110383  -39.845  -4.391  36.627 0.8750000000
67038  -41.605  -4.250  38.083 0.7500000000
67039  -42.499  -4.078  38.593 0.8750000000
67065  -43.386  -3.795  37.630 0.7500000000
67949  -44.299  -3.573  38.176 0.7500000000
67950  -45.263  -3.195  37.679 0.7500000000
67043  -46.934  -3.700  38.146 0.8750000000
66214  -47.510  -4.729  37.487 0.8750000000
64488  -20.804  -7.751  32.983 0.5000000000
62681  -25.444  -8.739  33.424 0.6250000000
110286  -28.396  -4.134  37.746 0.3750000000
67097  -36.011  -4.516  34.493 0.6250000000
67098  -36.937  -4.500  34.544 0.6250000000
124712  -38.409  -4.443  36.079 0.7500000000
67082  -39.630  -4.382  35.652 0.6250000000
67062  -40.669  -4.309  36.725 0.6250000000
67063  -41.505  -4.196  36.837 0.7500000000
67958  -43.239  -3.702  36.353 0.7500000000
67959  -44.349  -3.334  36.846 0.6250000000
67951  -46.286  -2.712  37.338 0.7500000000
67952  -46.977  -2.970  37.588 0.7500000000
67962  -47.550  -2.788  36.983 0.6250000000
67088  -47.586  -3.347  36.513 0.6250000000
63587  -21.030  -8.360  32.312 0.5000000000
63570  -22.505  -7.769  32.678 0.6250000000
62693  -24.707  -8.708  31.927 0.6250000000
67948  -28.510  -3.562  37.080 0.3750000000
67111  -34.447  -4.511  33.626 0.5000000000
67112  -35.534  -4.497  33.528 0.6250000000
67113  -36.547  -4.484  33.735 0.6250000000
67099  -37.780  -4.464  34.583 0.6250000000
127537  -38.682  -4.367  34.534 0.6250000000
67101  -40.185  -4.162  34.875 0.6250000000
123630  -40.867  -4.104  35.210 0.6250000000
67084  -41.567  -3.928  35.083 0.6250000000
67970  -43.052  -3.590  35.269 0.6250000000
109407  -43.737  -3.161  34.668 0.6250000000
68887  -45.520  -2.320  35.956 0.5000000000
69756  -46.958  -1.614  36.307 0.6250000000
67961  -47.170  -2.133  36.865 0.6250000000
68880  -47.842  -1.896  36.392 0.6250000000
63522  -12.634  -8.500  37.692 0.1250000000
109113  -12.524  -9.160  37.978 0.1250000000
63590  -24.129  -8.519  32.432 0.6250000000
68893  -29.370  -2.603  34.384 0.3750000000
67124  -31.388  -4.024  32.386 0.5000000000
67125  -32.279  -4.389  32.252 0.3750000000
67126  -33.323  -4.552  32.247 0.5000000000
108506  -34.319  -4.559  32.086 0.5000000000
67127  -35.557  -4.500  32.705 0.6250000000
108504  -35.958  -4.491  32.162 0.6250000000
108503  -36.776  -4.479  32.293 0.7500000000
67129  -37.660  -4.396  32.451 0.7500000000
108182  -39.511  -4.028  32.959 0.5000000000
68898  -44.375  -2.705  34.071 0.5000000000
68899  -45.420  -2.177  34.428 0.5000000000
120408  -47.512  -1.253  35.884 0.3750000000
69765  -48.055  -0.906  35.340 0.5000000000
63514  -12.597  -8.627  38.468 0.1250000000
68897  -29.920  -2.407  33.059 0.3750000000
127438  -30.169  -2.901  32.612 0.5000000000
67137  -31.730  -3.925  31.579 0.3750000000
108747  -32.610  -4.302  31.388 0.5000000000
67139  -33.684  -4.493  31.174 0.6250000000
67140  -34.713  -4.544  31.353 0.6250000000
67141  -35.575  -4.534  31.433 0.6250000000
68907  -44.636  -2.584  32.555 0.3750000000
68900  -46.210  -1.740  33.816 0.3750000000
69774  -47.303  -1.165  34.613 0.3750000000
69772  -30.905  -1.211  33.214 0.5000000000
69780  -31.030  -1.417  32.370 0.5000000000
69787  -30.626  -1.967  32.109 0.5000000000
68916  -31.057  -2.691  31.147 0.3750000000
68023  -31.515  -2.980  30.481 0.5000000000
68031  -44.222  -3.002  30.742 0.3750000000
68918  -45.225  -2.454  31.902 0.3750000000
68909  -46.567  -1.813  32.862 0.3750000000
69781  -47.434  -1.290  33.674 0.3750000000
69782  -48.530  -1.047  33.492 0.3750000000
65322  -12.480  -6.963  37.240 0.1250000000
111711  -32.611  -0.145  32.907 0.3750000000
69789  -31.685  -1.211  31.047 0.3750000000
68930  -31.842  -2.360  29.946 0.3750000000
68931  -45.016  -2.620  31.000 0.3750000000
115910  -45.937  -2.345  31.288 0.3750000000
68919  -46.760  -1.966  31.966 0.3750000000
68910  -47.626  -1.477  32.714 0.3750000000
126019  -34.469  0.714  33.423 0.1250000000
70581  -32.974  -0.197  31.271 0.1250000000
68949  -44.950  -2.887  28.960 0.3750000000
68932  -45.682  -2.514  30.422 0.3750000000
114758  -46.887  -2.157  31.016 0.3750000000
122978  -47.784  -1.806  31.003 0.3750000000
69790  -48.883  -1.418  31.571 0.3750000000
71364  -34.346  0.611  32.448 0.1250000000
68941  -45.716  -2.588  29.543 0.3750000000
68942  -46.555  -2.370  29.196 0.3750000000
71360  -35.331  1.138  33.464 0.1250000000
69812  -46.609  -2.257  28.329 0.3750000000
68951  -47.329  -1.993  28.915 0.3750000000
69804  -47.983  -1.684  29.497 0.3750000000
124346  -48.155  -1.498  28.815 0.3750000000
72240  -37.103  1.985  33.531 0.1250000000
73091  -37.669  2.286  34.024 0.1250000000
69813  -47.392  -1.782  28.079 0.3750000000
107949  -48.226  -1.261  27.968 0.3750000000
70599  -49.951  -0.380  28.747 0.5000000000
69821  -47.486  -1.465  27.253 0.3750000000
69822  -48.234  -0.960  27.192 0.3750000000
121274  -48.698  -0.642  27.175 0.5000000000
71392  -51.133  0.461  27.984 0.6250000000
70623  -47.561  -1.064  26.384 0.3750000000
114111  -48.060  -0.516  25.739 0.3750000000
70646  -48.473  -0.060  25.266 0.5000000000
71386  -51.970  0.133  28.926 0.6250000000
71393  -52.381  0.542  28.251 0.6250000000
71410  -51.896  1.007  27.478 0.6250000000
71420  -49.161  0.336  25.341 0.5000000000
71394  -53.031  0.433  27.993 0.7500000000
73158  -45.149  1.979  23.427 0.3750000000
72311  -45.610  1.435  23.206 0.3750000000
71443  -47.053  0.812  23.365 0.3750000000
71444  -47.925  0.814  23.497 0.5000000000
72286  -53.391  1.522  27.089 0.7500000000
71412  -54.124  1.486  26.318 0.8750000000
73136  -54.209  2.118  25.902 0.8750000000
74140  -45.500  3.826  26.653 0.3750000000
74144  -45.427  3.742  25.528 0.3750000000
73148  -45.251  2.712  23.792 0.3750000000
72312  -46.521  1.572  22.916 0.3750000000
71411  -53.925  0.940  27.100 0.7500000000
71435  -53.336  0.461  25.474 0.7500000000
71436  -53.893  0.995  25.230 0.7500000000
72306  -54.192  1.554  24.885 0.6250000000
72317  -53.524  1.524  23.314 0.3750000000
59895  -15.570  -12.187  55.842 0.8750000000
59891  -15.577  -12.267  57.050 0.8750000000
59906  -16.172  -12.762  55.217 0.8750000000
60730  -14.954  -11.807  57.744 0.8750000000
119138  -15.397  -9.626  53.400 0.6250000000
59926  -14.794  -12.374  52.341 1.0000000000
59927  -15.422  -13.156  52.464 1.0000000000
59043  -16.370  -13.821  53.617 0.8750000000
60707  -13.854  -11.216  59.072 0.7500000000
62521  -14.890  -9.222  53.123 0.6250000000
59946  -13.527  -11.982  50.478 1.0000000000
59936  -13.827  -11.888  51.120 1.0000000000
59049  -16.309  -14.415  52.979 0.8750000000
62492  -13.964  -9.883  59.031 0.6250000000
63404  -14.531  -8.686  53.673 0.6250000000
63410  -14.395  -8.683  52.821 0.6250000000
59945  -12.756  -11.830  50.183 1.0000000000
60792  -12.982  -11.563  50.939 1.0000000000
62498  -13.565  -9.353  58.162 0.6250000000
63377  -13.137  -8.706  57.611 0.6250000000
120551  -13.617  -7.736  53.724 0.5000000000
63403  -13.978  -8.207  53.308 0.6250000000
63409  -13.889  -8.221  52.473 0.6250000000
59953  -11.546  -12.372  49.212 1.0000000000
59944  -11.777  -11.959  49.978 1.0000000000
59935  -11.047  -11.886  50.619 1.0000000000
117466  -13.130  -7.754  57.393 0.5000000000
65156  -12.745  -6.174  54.203 0.5000000000
65159  -12.677  -6.209  53.126 0.5000000000
65167  -12.981  -6.960  52.481 0.5000000000
64285  -13.443  -7.682  52.063 0.6250000000
65229  -14.033  -6.367  47.314 0.5000000000
59952  -10.603  -12.658  48.998 1.0000000000
109982  -10.815  -12.294  49.791 1.0000000000
108319  -9.483  -12.349  50.892 1.0000000000
59941  -8.594  -12.781  50.567 1.0000000000
126461  -12.915  -5.924  58.436 0.5000000000
66014  -13.140  -6.084  56.459 0.5000000000
65150  -12.914  -6.123  55.316 0.5000000000
126671  -12.223  -4.770  54.294 0.5000000000
66026  -12.362  -5.317  53.598 0.5000000000
127065  -12.647  -6.184  52.275 0.5000000000
65238  -14.221  -6.046  46.537 0.5000000000
59951  -9.913  -12.705  49.537 1.0000000000
59942  -9.236  -12.711  50.064 1.0000000000
66007  -12.770  -5.341  57.019 0.5000000000
119178  -12.313  -4.673  55.162 0.5000000000
66030  -12.436  -5.500  52.557 0.3750000000
66114  -14.595  -5.626  45.734 0.5000000000
65259  -15.527  -6.275  43.965 0.3750000000
66950  -15.267  -5.005  44.303 0.1250000000
59065  -8.396  -13.170  49.775 1.0000000000
66854  -12.081  -4.363  53.609 0.3750000000
66857  -12.218  -4.678  52.754 0.3750000000
115102  -12.279  -4.101  51.937 0.3750000000
66924  -14.210  -4.290  46.346 0.2500000000
66940  -14.530  -4.665  45.753 0.2500000000
66131  -15.565  -5.510  43.736 0.1250000000
62569  -32.786  -8.946  46.995 0.3750000000
59073  -6.569  -13.611  49.628 1.0000000000
116563  -12.052  -3.784  52.857 0.3750000000
67795  -12.330  -3.363  51.378 0.3750000000
67803  -12.469  -3.506  50.617 0.3750000000
67848  -14.227  -3.438  46.308 0.2500000000
67864  -14.534  -3.826  45.713 0.2500000000
65260  -15.847  -6.043  43.226 0.2500000000
66132  -15.902  -5.144  43.066 0.2500000000
59072  -5.535  -13.634  49.513 1.0000000000
114856  -12.402  -2.793  50.864 0.3750000000
68776  -12.844  -2.200  48.879 0.2500000000
67847  -13.838  -2.914  46.906 0.2500000000
125173  -14.320  -2.678  46.256 0.2500000000
65274  -16.580  -6.581  42.036 0.3750000000
62585  -32.041  -9.797  45.660 0.3750000000
63463  -32.769  -8.636  46.407 0.3750000000
68767  -12.583  -2.205  49.672 0.2500000000
69679  -14.741  -1.978  45.826 0.2500000000
129722  -17.056  -6.017  41.152 0.3750000000
69646  -13.079  -1.336  48.419 0.2500000000
68777  -13.195  -2.181  48.224 0.2500000000
68788  -14.199  -2.054  46.561 0.2500000000
65281  -17.328  -6.191  40.757 0.3750000000
69656  -13.493  -1.701  47.657 0.2500000000
69657  -14.032  -1.233  46.946 0.2500000000
69669  -14.559  -1.379  46.346 0.2500000000
64393  -18.334  -7.679  39.643 0.2500000000
65282  -17.756  -6.492  40.133 0.3750000000
67898  -29.934  -4.132  43.097 0.3750000000
59967  -4.647  -12.498  46.914 0.8750000000
65305  -18.726  -6.447  38.719 0.2500000000
66981  -29.000  -4.296  41.769 0.3750000000
67909  -29.563  -3.775  42.336 0.3750000000
60818  -4.650  -12.184  46.335 0.8750000000
64402  -19.036  -7.273  38.204 0.3750000000
64410  -19.350  -7.128  37.300 0.3750000000
119436  -26.751  -10.361  37.010 0.5000000000
67927  -29.008  -3.222  40.605 0.3750000000
60819  -4.737  -11.789  45.588 0.8750000000
61737  -6.626  -10.624  43.439 0.8750000000
60848  -6.987  -10.991  41.853 0.8750000000
60849  -8.039  -11.198  41.605 0.8750000000
65323  -19.443  -6.235  37.172 0.3750000000
65344  -19.971  -5.861  35.914 0.3750000000
67011  -28.343  -4.373  38.626 0.3750000000
67926  -28.553  -3.804  40.064 0.3750000000
61736  -5.650  -10.675  43.790 0.8750000000
60850  -9.015  -11.292  41.230 0.8750000000
60863  -9.495  -11.314  40.559 0.7500000000
60864  -10.245  -11.109  40.235 0.5000000000
65343  -19.590  -6.493  36.531 0.3750000000
64442  -19.918  -6.852  34.954 0.5000000000
67933  -28.429  -3.633  39.223 0.3750000000
68861  -28.580  -2.827  38.972 0.3750000000
126555  -10.774  -10.882  39.668 0.5000000000
65372  -20.882  -6.673  33.875 0.5000000000
65373  -21.689  -6.670  33.822 0.5000000000
120772  -28.424  -3.318  37.728 0.5000000000
68865  -28.557  -2.699  38.149 0.3750000000
61777  -11.391  -10.452  39.507 0.3750000000
64475  -21.251  -7.163  33.322 0.5000000000
64489  -21.589  -7.688  32.722 0.5000000000
63571  -23.467  -8.084  32.786 0.6250000000
63572  -24.261  -8.349  33.263 0.6250000000
68874  -28.531  -2.704  37.327 0.3750000000
62617  -11.977  -9.933  39.361 0.2500000000
68886  -28.846  -2.213  35.913 0.3750000000
116403  -12.550  -8.770  39.149 0.1250000000
69770  -29.636  -2.118  33.861 0.3750000000
64400  -12.635  -7.944  39.092 0.1250000000
69762  -29.977  -1.485  34.260 0.3750000000
69763  -30.678  -1.082  34.030 0.3750000000
65304  -12.509  -7.146  38.620 0.1250000000
70570  -32.349  -0.212  33.711 0.3750000000
70574  -31.735  -0.702  32.887 0.3750000000
66177  -10.933  -5.642  38.570 0.1250000000
65321  -12.190  -6.548  38.052 0.1250000000
70565  -33.016  0.156  34.314 0.3750000000
70571  -33.692  0.415  33.891 0.1250000000
66203  -11.397  -5.611  37.043 0.1250000000
72239  -36.577  1.603  33.864 0.1250000000
72234  -37.996  2.128  34.859 0.1250000000
70609  -49.986  -0.077  27.930 0.5000000000
71408  -49.945  0.213  27.022 0.5000000000
124954  -49.837  0.666  25.392 0.5000000000
71433  -48.443  0.378  24.431 0.5000000000
71434  -49.396  0.753  24.669 0.5000000000
72274  -52.927  1.073  27.714 0.7500000000
72313  -47.386  1.321  22.964 0.5000000000
72302  -48.853  0.996  23.745 0.5000000000
73142  -52.669  2.529  25.585 0.7500000000
72287  -53.832  1.331  26.939 0.8750000000
75132  -46.044  4.287  26.178 0.3750000000
74145  -46.038  4.181  25.160 0.3750000000
74148  -46.002  3.207  23.430 0.3750000000
73160  -46.532  2.529  22.737 0.3750000000
72324  -47.395  2.090  22.501 0.5000000000
72314  -48.189  1.457  22.933 0.5000000000
73135  -53.801  1.965  26.349 0.7500000000
72299  -54.309  1.843  25.460 0.8750000000
75116  -47.892  4.613  29.109 0.2500000000
74141  -46.224  4.271  27.090 0.2500000000
72307  -54.395  2.218  24.605 0.8750000000
72318  -54.203  1.831  23.985 0.6250000000
71452  -52.679  1.233  22.728 0.3750000000
72327  -53.296  1.641  22.383 0.3750000000
72334  -52.439  1.614  20.986 0.2500000000
71463  -51.526  1.247  20.358 0.1250000000
60755  -14.205  -11.234  54.771 1.0000000000
60756  -14.919  -11.676  55.300 0.8750000000
60743  -14.874  -11.697  56.519 0.8750000000
60765  -14.219  -11.372  53.788 1.0000000000
59904  -14.880  -11.823  54.237 1.0000000000
59905  -15.496  -12.300  54.721 0.8750000000
116143  -13.949  -11.476  57.292 0.8750000000
60776  -14.206  -11.587  52.844 1.0000000000
59914  -14.799  -12.057  53.305 1.0000000000
121943  -15.699  -13.173  53.280 0.8750000000
60717  -13.476  -11.425  58.354 0.7500000000
60775  -13.380  -11.197  52.517 1.0000000000
60774  -12.453  -10.856  53.155 1.0000000000
61631  -13.120  -11.333  58.999 0.7500000000
62491  -12.990  -10.105  58.939 0.7500000000
60783  -12.350  -11.278  51.593 1.0000000000
112602  -11.875  -11.037  52.442 1.0000000000
60782  -11.297  -11.452  51.622 1.0000000000
60781  -10.455  -11.570  52.155 1.0000000000
59934  -10.333  -11.898  51.217 1.0000000000
64256  -12.554  -7.832  57.857 0.5000000000
126532  -14.543  -6.452  46.050 0.5000000000
59933  -8.908  -12.405  51.434 1.0000000000
66001  -12.725  -5.926  58.798 0.5000000000
117691  -14.882  -4.892  45.094 0.2500000000
66000  -12.763  -5.347  58.247 0.5000000000
66958  -15.442  -4.188  43.871 0.1250000000
66959  -15.851  -4.191  43.106 0.1250000000
59064  -7.573  -13.318  50.251 1.0000000000
66840  -12.509  -4.421  57.685 0.5000000000
67772  -12.105  -3.800  55.563 0.5000000000
66848  -12.030  -4.063  54.485 0.5000000000
128969  -14.772  -4.189  45.220 0.2500000000
67893  -15.683  -3.492  43.533 0.1250000000
66967  -16.292  -4.596  42.391 0.2500000000
67904  -17.086  -3.177  42.194 0.2500000000
67777  -11.944  -3.208  54.643 0.5000000000
115876  -11.960  -2.897  53.029 0.3750000000
67789  -12.148  -3.178  52.174 0.3750000000
68807  -14.616  -2.952  45.684 0.2500000000
67865  -14.928  -3.384  44.961 0.2500000000
127062  -15.652  -2.911  43.849 0.1250000000
67905  -17.980  -2.881  42.154 0.1250000000
62577  -32.411  -9.198  46.218 0.2500000000
59071  -4.608  -13.533  49.810 1.0000000000
68745  -12.090  -2.326  52.339 0.3750000000
129475  -12.318  -2.189  51.060 0.3750000000
111592  -12.432  -2.201  50.430 0.3750000000
68808  -15.089  -2.385  45.068 0.2500000000
69695  -15.643  -2.053  44.610 0.1250000000
68826  -16.050  -2.263  43.998 0.1250000000
66140  -16.310  -5.699  42.378 0.2500000000
66975  -16.735  -4.956  41.682 0.2500000000
67912  -17.568  -3.510  41.552 0.2500000000
59950  -3.691  -12.989  49.693 1.0000000000
59070  -3.771  -13.288  50.220 1.0000000000
69638  -12.480  -1.518  50.073 0.2500000000
69645  -12.670  -1.447  49.276 0.2500000000
69680  -15.577  -1.506  45.225 0.1250000000
66148  -17.196  -5.377  40.999 0.2500000000
66976  -17.289  -4.372  41.197 0.2500000000
123118  -17.986  -3.822  40.836 0.2500000000
60801  -3.854  -12.595  49.041 1.0000000000
128585  -12.817  -0.740  48.969 0.2500000000
69670  -15.136  -1.062  45.955 0.1250000000
119043  -17.700  -5.597  40.300 0.2500000000
66984  -17.729  -4.696  40.519 0.2500000000
71244  -13.761  0.247  47.760 0.2500000000
70452  -14.233  -0.199  47.115 0.2500000000
111084  -18.223  -5.818  39.525 0.2500000000
66161  -18.521  -4.823  39.412 0.2500000000
66985  -18.400  -4.173  40.040 0.2500000000
60807  -4.145  -12.458  48.023 1.0000000000
70466  -14.710  -0.621  46.522 0.2500000000
67006  -19.006  -4.536  38.873 0.2500000000
112894  -30.166  -3.248  42.813 0.3750000000
65306  -19.184  -6.406  37.860 0.2500000000
66179  -19.236  -4.952  38.228 0.2500000000
67918  -29.339  -3.382  41.507 0.3750000000
126699  -29.833  -3.071  42.134 0.3750000000
66190  -19.454  -5.437  37.500 0.2500000000
68851  -29.820  -2.707  41.662 0.3750000000
108095  -7.643  -10.720  43.197 0.8750000000
60840  -8.827  -11.079  42.133 0.8750000000
68858  -29.267  -2.495  40.263 0.3750000000
60826  -5.067  -11.184  45.028 0.8750000000
61723  -5.754  -10.734  44.532 0.8750000000
130015  -6.473  -10.615  44.069 0.8750000000
60839  -7.842  -10.956  42.404 0.8750000000
60851  -9.966  -11.084  41.060 0.7500000000
61770  -11.038  -10.616  40.242 0.5000000000
66216  -20.896  -5.743  34.923 0.5000000000
65367  -22.157  -6.301  34.457 0.5000000000
68875  -28.865  -1.895  37.769 0.3750000000
61761  -9.729  -10.993  41.847 0.8750000000
113889  -10.617  -10.764  40.823 0.6250000000
65366  -21.297  -6.165  34.371 0.5000000000
64460  -22.566  -6.895  33.937 0.5000000000
65368  -23.032  -6.678  34.686 0.5000000000
64462  -24.210  -7.830  34.524 0.6250000000
117784  -24.667  -8.540  34.505 0.6250000000
68878  -28.717  -1.997  36.806 0.3750000000
61754  -11.362  -10.100  41.827 0.7500000000
62605  -11.838  -9.743  41.129 0.6250000000
64477  -22.991  -7.489  33.400 0.6250000000
64461  -23.413  -7.293  34.170 0.5000000000
63557  -24.383  -8.303  33.963 0.6250000000
117622  -29.158  -1.420  37.141 0.3750000000
63500  -12.542  -8.571  40.547 0.2500000000
70556  -30.471  -0.682  35.458 0.3750000000
65272  -11.934  -6.305  41.742 0.2500000000
65279  -12.007  -6.301  40.856 0.2500000000
65280  -12.477  -6.952  40.430 0.2500000000
63506  -12.593  -8.469  39.710 0.1250000000
70562  -30.404  -0.984  34.683 0.3750000000
66966  -10.345  -4.555  42.241 0.1250000000
66145  -10.884  -5.114  41.778 0.2500000000
66146  -11.419  -5.714  41.311 0.2500000000
70569  -31.494  -0.624  33.877 0.3750000000
66973  -9.859  -4.010  41.846 0.1250000000
66153  -10.845  -5.163  40.891 0.1250000000
66154  -11.427  -5.739  40.399 0.1250000000
65288  -12.073  -6.334  39.931 0.1250000000
65289  -12.504  -7.049  39.516 0.1250000000
66159  -10.765  -5.231  40.016 0.1250000000
124826  -11.638  -6.078  38.573 0.1250000000
65303  -12.097  -6.482  39.014 0.1250000000
71356  -34.328  0.770  34.340 0.1250000000
72232  -35.924  1.434  35.144 0.1250000000
72238  -35.783  1.346  34.218 0.1250000000
72223  -36.936  1.639  35.547 0.1250000000
72233  -36.677  1.576  34.653 0.1250000000
111941  -37.289  1.841  34.295 0.1250000000
71422  -50.545  0.894  25.876 0.6250000000
72284  -51.463  1.288  26.492 0.5000000000
72285  -52.509  1.550  26.966 0.7500000000
72303  -49.806  1.320  24.138 0.5000000000
72294  -50.236  1.089  25.027 0.5000000000
72296  -52.091  1.872  26.056 0.7500000000
72297  -53.083  2.145  26.435 0.7500000000
74149  -46.198  4.009  24.172 0.3750000000
74158  -46.733  3.333  22.855 0.3750000000
73168  -47.186  2.842  22.463 0.5000000000
72325  -48.430  2.182  22.437 0.5000000000
72316  -50.338  1.939  23.723 0.5000000000
73150  -52.238  2.754  24.684 0.7500000000
73144  -54.007  2.489  25.716 0.8750000000
75105  -48.921  4.975  30.391 0.2500000000
74136  -47.113  4.588  27.890 0.2500000000
75136  -46.569  4.830  25.834 0.3750000000
126885  -46.535  3.815  23.471 0.3750000000
74177  -47.404  3.559  22.452 0.5000000000
73161  -49.977  2.345  22.924 0.5000000000
73162  -50.940  2.588  23.418 0.6250000000
73151  -53.214  3.152  25.021 0.8750000000
73152  -53.912  3.034  25.119 0.8750000000
75127  -48.541  5.216  28.456 0.2500000000
73172  -50.547  3.056  22.571 0.6250000000
74159  -51.705  3.293  23.246 0.7500000000
73164  -53.678  3.642  24.252 0.8750000000
73153  -54.383  3.144  24.378 0.6250000000
127669  -53.265  3.989  23.819 0.8750000000
72328  -54.231  2.165  23.112 0.3750000000
121914  -53.879  2.060  22.400 0.3750000000
72335  -53.423  1.933  21.549 0.2500000000
72339  -52.299  1.750  19.985 0.2500000000
71467  -50.605  1.614  18.636 0.1250000000
72346  -51.650  2.237  18.903 0.2500000000
71479  -51.035  1.574  17.523 0.1250000000
72363  -51.602  2.253  17.602 0.2500000000
71491  -52.430  1.118  16.451 0.2500000000
74271  -56.283  2.409  11.756 0.2500000000
60742  -14.090  -11.226  55.929 0.8750000000
119804  -13.445  -10.902  54.341 1.0000000000
60754  -13.305  -10.906  55.279 0.8750000000
60764  -13.417  -10.990  53.433 1.0000000000
60741  -12.894  -11.200  56.484 0.8750000000
60729  -13.006  -11.417  57.582 0.8750000000
61630  -12.497  -11.235  59.032 0.7500000000
108952  -11.557  -10.940  53.456 1.0000000000
60773  -11.070  -11.238  52.747 1.0000000000
61621  -12.516  -10.803  59.239 0.7500000000
130197  -10.472  -11.410  53.026 1.0000000000
60772  -9.903  -11.673  52.727 1.0000000000
63376  -12.345  -8.752  58.061 0.6250000000
59925  -9.709  -11.968  51.773 1.0000000000
59924  -9.195  -12.054  52.395 1.0000000000
65136  -12.419  -5.995  59.200 0.5000000000
111169  -12.689  -5.354  59.160 0.5000000000
67903  -16.380  -3.683  42.500 0.1250000000
59932  -7.998  -12.828  51.116 1.0000000000
130038  -16.059  -3.415  43.020 0.1250000000
68849  -17.529  -2.608  42.803 0.1250000000
59055  -6.026  -13.518  50.926 1.0000000000
110632  -12.276  -3.899  56.661 0.5000000000
68839  -16.096  -2.831  43.383 0.1250000000
68850  -18.366  -2.544  42.824 0.1250000000
59062  -5.528  -13.612  50.239 1.0000000000
68727  -11.988  -2.865  55.518 0.5000000000
108600  -19.807  -3.014  42.942 0.2500000000
67906  -18.940  -2.750  42.420 0.2500000000
115652  -16.783  -1.844  44.141 0.1250000000
67913  -18.571  -3.156  41.469 0.2500000000
60795  -3.491  -12.724  50.011 1.0000000000
59940  -3.415  -13.011  50.653 1.0000000000
69611  -12.017  -1.944  53.246 0.3750000000
69623  -12.229  -1.745  51.638 0.3750000000
109738  -12.432  -0.981  50.507 0.3750000000
70425  -12.533  -0.177  50.674 0.2500000000
69697  -17.093  -1.461  44.704 0.1250000000
67921  -18.767  -3.514  40.564 0.2500000000
67914  -19.443  -3.195  41.091 0.2500000000
70434  -12.599  -0.663  49.774 0.2500000000
70443  -13.232  -0.309  48.390 0.2500000000
69681  -16.507  -1.158  45.232 0.1250000000
66991  -18.844  -4.158  39.413 0.2500000000
60802  -4.448  -11.916  48.473 1.0000000000
70478  -15.958  -0.782  45.794 0.1250000000
66992  -19.316  -3.920  39.080 0.2500000000
67929  -19.672  -3.615  39.359 0.2500000000
68844  -30.789  -2.672  43.227 0.3750000000
60808  -4.728  -11.834  47.420 1.0000000000
123622  -4.632  -11.961  46.670 1.0000000000
60809  -5.595  -11.316  47.315 1.0000000000
70453  -15.725  0.138  46.928 0.2500000000
70467  -15.444  -0.384  46.369 0.1250000000
67937  -19.925  -3.665  38.775 0.2500000000
123453  -31.144  -1.445  42.313 0.3750000000
67910  -30.396  -2.311  42.273 0.3750000000
114285  -5.267  -11.446  46.600 0.8750000000
114178  -6.926  -10.697  45.886 0.8750000000
61703  -7.831  -10.541  46.055 0.8750000000
67028  -19.771  -4.511  37.700 0.2500000000
68854  -30.060  -2.140  41.323 0.3750000000
60814  -4.797  -11.786  46.147 0.8750000000
60820  -5.258  -11.305  45.788 0.8750000000
61702  -6.121  -10.928  46.174 0.8750000000
61725  -7.959  -10.568  44.622 0.8750000000
61738  -8.396  -10.653  43.822 0.8750000000
61727  -10.139  -10.237  44.218 0.8750000000
67029  -20.553  -4.118  37.394 0.2500000000
129167  -29.353  -1.775  39.166 0.3750000000
69728  -29.680  -1.769  39.942 0.3750000000
108673  -7.369  -10.638  43.956 0.8750000000
61751  -8.649  -10.836  42.974 0.8750000000
61740  -10.528  -10.386  43.158 0.8750000000
128641  -20.549  -5.561  35.499 0.3750000000
65359  -21.742  -5.710  34.947 0.5000000000
69736  -29.414  -1.542  38.485 0.3750000000
130222  -10.277  -10.675  42.323 0.8750000000
61741  -11.296  -10.020  42.610 0.7500000000
65360  -22.666  -5.992  35.177 0.5000000000
64443  -23.714  -7.157  34.865 0.6250000000
63543  -24.733  -8.402  35.295 0.6250000000
69737  -30.094  -1.016  38.347 0.3750000000
130252  -11.603  -9.769  42.244 0.6250000000
69746  -29.703  -0.921  37.043 0.3750000000
62606  -12.314  -9.093  41.295 0.6250000000
69748  -30.030  -0.707  36.315 0.3750000000
70564  -32.133  -0.137  34.721 0.3750000000
65267  -12.331  -6.901  42.157 0.3750000000
65273  -12.405  -6.902  41.318 0.2500000000
66956  -9.690  -4.169  43.535 0.2500000000
66957  -10.292  -4.628  43.103 0.2500000000
66138  -10.853  -5.153  42.652 0.2500000000
66139  -11.396  -5.718  42.194 0.2500000000
64392  -12.657  -7.757  40.032 0.2500000000
67892  -9.279  -3.541  43.156 0.1250000000
71355  -33.674  0.518  34.745 0.2500000000
70559  -33.037  0.266  35.198 0.3750000000
66965  -9.778  -4.059  42.686 0.1250000000
115158  -34.202  0.881  35.055 0.1250000000
72222  -35.920  1.502  36.030 0.1250000000
75134  -47.826  5.219  27.445 0.2500000000
76132  -47.083  5.300  24.505 0.3750000000
75176  -47.025  4.108  23.073 0.5000000000
74179  -48.750  3.508  21.857 0.5000000000
73171  -49.627  2.705  22.370 0.5000000000
114302  -48.927  5.650  27.982 0.2500000000
74197  -49.529  4.031  21.699 0.6250000000
74181  -51.446  3.828  22.477 0.6250000000
74160  -52.664  4.120  23.216 0.8750000000
74163  -54.494  3.209  23.373 0.6250000000
73173  -54.446  3.136  22.594 0.5000000000
72336  -53.962  2.513  21.701 0.5000000000
72341  -53.688  2.454  21.037 0.3750000000
72348  -53.593  2.620  20.312 0.3750000000
72347  -52.949  2.259  19.670 0.2500000000
72356  -52.678  2.539  18.919 0.2500000000
73213  -53.000  2.834  18.448 0.2500000000
72355  -51.915  2.534  18.191 0.2500000000
127410  -52.398  2.588  17.752 0.2500000000
71472  -50.830  2.169  18.008 0.1250000000
73212  -52.846  2.849  17.587 0.2500000000
71480  -51.864  1.607  17.116 0.2500000000
72365  -53.006  2.714  16.849 0.2500000000
71492  -53.025  1.636  16.001 0.2500000000
110575  -53.236  2.890  16.315 0.2500000000
121293  -53.532  2.272  15.376 0.2500000000
73241  -53.808  2.444  14.798 0.2500000000
74259  -54.267  3.167  13.436 0.2500000000
74269  -54.843  3.361  12.562 0.2500000000
74280  -56.072  3.257  11.491 0.2500000000
75280  -55.692  4.302  11.148 0.2500000000
75281  -56.441  3.745  10.751 0.2500000000
75290  -56.858  4.175  9.922 0.2500000000
108520  -11.400  -10.912  54.665 1.0000000000
60753  -12.212  -10.887  55.415 1.0000000000
60740  -11.703  -11.301  56.531 1.0000000000
60727  -11.192  -11.643  57.420 0.8750000000
60763  -12.497  -10.783  54.230 1.0000000000
60728  -12.157  -11.499  57.465 0.8750000000
60715  -11.691  -11.497  58.406 0.7500000000
119068  -11.172  -11.212  58.621 0.7500000000
115977  -10.941  -10.451  58.453 0.7500000000
130309  -11.938  -10.827  53.878 1.0000000000
60716  -12.623  -11.467  58.381 0.7500000000
61620  -11.878  -11.058  58.995 0.7500000000
62490  -12.123  -10.177  58.907 0.7500000000
119700  -11.553  -9.782  58.479 0.7500000000
63374  -10.990  -9.293  57.938 0.7500000000
60762  -10.790  -11.161  53.890 1.0000000000
62497  -12.081  -9.363  58.453 0.6250000000
63375  -11.762  -8.897  58.163 0.7500000000
60760  -9.447  -11.739  53.438 1.0000000000
64255  -12.022  -7.949  58.283 0.5000000000
64252  -12.251  -6.807  58.505 0.5000000000
65135  -11.848  -6.032  59.332 0.5000000000
108220  -8.364  -12.422  52.026 1.0000000000
65998  -12.411  -5.399  59.649 0.5000000000
65133  -12.032  -5.521  60.006 0.5000000000
67896  -20.534  -3.451  43.527 0.2500000000
59931  -6.361  -13.148  51.606 1.0000000000
66835  -12.613  -4.610  59.120 0.5000000000
68842  -19.168  -2.605  43.376 0.1250000000
59054  -5.259  -13.414  51.567 1.0000000000
67766  -12.157  -3.442  57.574 0.5000000000
67771  -12.062  -3.226  56.436 0.5000000000
68841  -18.201  -2.230  43.564 0.1250000000
59061  -4.333  -13.473  50.630 1.0000000000
68732  -11.941  -2.384  54.751 0.2500000000
68828  -18.476  -2.036  44.457 0.1250000000
59060  -3.562  -13.226  51.125 1.0000000000
69601  -12.136  -1.259  53.924 0.3750000000
109567  -19.625  -3.004  42.012 0.2500000000
67907  -20.507  -3.319  42.582 0.2500000000
60788  -3.350  -12.758  50.924 1.0000000000
124816  -12.140  -1.583  52.448 0.3750000000
125089  -12.362  -0.351  52.415 0.3750000000
69698  -17.958  -1.588  44.945 0.1250000000
67915  -20.347  -3.237  41.585 0.2500000000
127233  -3.766  -12.265  50.292 1.0000000000
70417  -12.425  -0.255  51.650 0.3750000000
69682  -17.385  -1.230  45.472 0.1250000000
118020  -4.775  -11.649  50.152 1.0000000000
60796  -4.109  -12.039  49.475 1.0000000000
70435  -12.930  0.025  49.144 0.2500000000
69671  -16.830  -0.811  45.978 0.1250000000
67923  -20.675  -3.382  40.137 0.2500000000
71232  -13.424  0.626  48.524 0.2500000000
70468  -16.271  -0.390  46.498 0.1250000000
67930  -20.335  -3.466  39.368 0.2500000000
113449  -6.281  -11.014  46.929 0.8750000000
123874  -7.247  -10.818  47.324 0.8750000000
71246  -15.252  0.701  47.386 0.2500000000
67938  -20.845  -3.526  38.648 0.2500000000
60803  -5.490  -11.393  48.057 1.0000000000
61714  -8.425  -10.415  45.400 0.8750000000
67947  -20.942  -3.696  37.889 0.2500000000
67030  -21.454  -3.890  37.394 0.2500000000
61726  -9.112  -10.408  44.612 0.8750000000
67052  -22.062  -4.261  36.840 0.2500000000
66207  -22.609  -4.921  36.395 0.3750000000
69733  -30.472  -1.136  39.955 0.3750000000
67051  -21.043  -4.325  36.688 0.2500000000
66218  -22.224  -5.296  35.622 0.5000000000
65345  -23.097  -5.673  35.978 0.3750000000
69732  -29.950  -1.302  39.170 0.3750000000
70527  -30.808  -0.722  39.043 0.3750000000
63478  -11.930  -9.008  43.496 0.6250000000
65361  -23.583  -6.568  35.525 0.5000000000
63485  -11.848  -9.395  42.657 0.6250000000
70532  -30.838  -0.571  37.967 0.3750000000
116678  -31.722  -0.214  37.911 0.3750000000
117791  -32.376  0.098  37.946 0.3750000000
62600  -12.309  -8.868  42.083 0.6250000000
70551  -31.842  -0.109  36.442 0.3750000000
71341  -32.668  0.239  36.600 0.3750000000
66947  -8.766  -3.884  44.765 0.6250000000
66948  -9.552  -4.287  44.385 0.3750000000
66949  -10.244  -4.709  43.976 0.3750000000
65266  -11.867  -6.344  42.613 0.2500000000
64380  -12.549  -7.539  41.774 0.3750000000
63493  -12.554  -8.315  41.492 0.5000000000
70557  -31.479  -0.276  35.559 0.3750000000
70552  -33.064  0.401  35.974 0.2500000000
67881  -9.062  -3.718  43.967 0.3750000000
67891  -8.673  -3.124  43.640 0.2500000000
67902  -9.423  -3.420  42.311 0.1250000000
72211  -35.825  1.499  36.959 0.1250000000
72201  -36.633  1.605  37.371 0.1250000000
77007  -48.506  6.713  26.053 0.3750000000
77039  -47.922  6.487  23.692 0.5000000000
76146  -48.386  5.438  22.190 0.6250000000
76158  -49.802  5.761  21.587 0.6250000000
76101  -49.668  6.479  28.200 0.2500000000
76108  -47.962  5.979  26.279 0.2500000000
76121  -47.625  6.061  25.271 0.3750000000
76145  -47.839  5.207  22.685 0.5000000000
75195  -49.498  4.886  21.626 0.6250000000
75179  -51.124  4.359  21.954 0.8750000000
75180  -52.085  4.632  22.355 0.8750000000
76089  -50.119  6.583  29.098 0.2500000000
76100  -48.476  5.819  27.197 0.2500000000
75163  -47.324  5.023  23.421 0.5000000000
115931  -53.127  4.785  22.711 0.8750000000
75181  -53.710  4.663  22.632 0.7500000000
123605  -54.162  4.305  23.127 0.7500000000
74183  -54.257  3.622  22.176 0.5000000000
73180  -53.894  2.973  21.015 0.5000000000
73200  -53.734  3.164  20.088 0.2500000000
73214  -53.523  3.297  19.164 0.2500000000
73223  -53.207  3.320  18.058 0.2500000000
110091  -53.237  3.316  17.216 0.2500000000
74236  -53.389  3.645  16.790 0.2500000000
74242  -53.402  3.021  15.695 0.2500000000
75251  -53.610  4.242  15.080 0.2500000000
74258  -53.786  4.240  13.982 0.2500000000
75263  -54.264  4.197  13.081 0.2500000000
75271  -54.631  4.251  12.324 0.2500000000
75272  -55.249  3.754  11.839 0.2500000000
75289  -56.116  4.972  10.268 0.2500000000
108521  -11.271  -11.083  55.807 1.0000000000
60739  -10.821  -11.511  56.591 1.0000000000
62496  -10.228  -10.266  57.984 0.7500000000
60752  -10.615  -11.287  55.635 1.0000000000
60751  -10.233  -11.381  54.809 1.0000000000
113407  -11.450  -8.160  57.988 0.5000000000
60761  -10.107  -11.461  53.702 1.0000000000
108258  -9.695  -11.577  54.343 1.0000000000
65138  -11.698  -6.949  58.392 0.5000000000
59913  -8.968  -11.856  54.403 1.0000000000
65132  -11.443  -5.429  59.988 0.5000000000
65994  -11.152  -4.912  60.273 0.5000000000
59912  -8.049  -12.176  53.836 1.0000000000
123718  -12.138  -4.128  59.745 0.5000000000
67758  -11.703  -4.140  60.179 0.5000000000
65996  -12.167  -5.123  60.247 0.5000000000
66960  -21.148  -4.037  44.117 0.2500000000
59922  -6.664  -12.709  52.451 1.0000000000
67761  -11.745  -2.679  58.728 0.5000000000
66952  -21.746  -4.786  44.653 0.2500000000
127054  -4.597  -12.872  52.803 1.0000000000
67765  -11.912  -2.784  57.283 0.5000000000
69590  -11.859  -1.605  56.695 0.3750000000
59053  -4.210  -13.418  51.440 1.0000000000
122820  -12.011  -1.414  55.737 0.3750000000
60779  -3.527  -12.616  51.879 1.0000000000
70397  -12.287  -0.538  53.778 0.2500000000
67908  -21.328  -3.592  42.097 0.2500000000
67897  -21.258  -3.791  43.182 0.2500000000
60789  -4.013  -11.973  51.051 1.0000000000
108493  -12.408  0.056  53.169 0.2500000000
71194  -12.489  0.353  52.235 0.3750000000
118440  -21.004  -3.381  41.028 0.2500000000
66977  -22.118  -3.970  42.059 0.2500000000
71216  -12.738  0.794  50.379 0.2500000000
67924  -21.554  -3.537  40.364 0.2500000000
60797  -5.452  -11.430  49.131 1.0000000000
60804  -6.526  -11.098  48.471 1.0000000000
128743  -21.697  -3.549  38.956 0.2500000000
61692  -7.221  -10.873  48.010 0.8750000000
61693  -8.126  -10.515  47.910 0.8750000000
72093  -13.750  1.495  48.707 0.2500000000
70469  -17.096  -0.653  46.830 0.1250000000
67939  -21.663  -3.675  38.212 0.2500000000
114559  -8.076  -10.515  46.908 0.8750000000
61704  -8.886  -10.202  46.287 0.8750000000
72102  -14.801  1.249  47.851 0.2500000000
67031  -22.335  -4.041  37.759 0.2500000000
65324  -24.005  -5.998  37.383 0.2500000000
69725  -30.666  -1.501  41.528 0.3750000000
61715  -9.246  -10.160  45.478 0.8750000000
61716  -9.963  -10.043  45.123 0.8750000000
62586  -10.877  -9.937  43.984 0.8750000000
66192  -22.902  -4.641  37.275 0.2500000000
66208  -23.379  -5.399  36.858 0.2500000000
65346  -23.800  -6.229  36.484 0.3750000000
69730  -30.916  -0.942  40.787 0.3750000000
62580  -11.146  -9.129  45.192 0.7500000000
62592  -11.372  -9.730  43.387 0.7500000000
70528  -31.289  -0.598  39.970 0.3750000000
70524  -32.369  0.201  40.655 0.3750000000
63472  -11.981  -8.386  44.197 0.7500000000
70533  -31.435  -0.391  38.550 0.3750000000
111570  -32.035  -0.020  39.962 0.3750000000
63479  -12.212  -8.333  43.442 0.6250000000
70534  -32.106  -0.065  38.554 0.3750000000
64366  -12.252  -7.664  43.656 0.3750000000
64374  -12.409  -7.870  42.961 0.3750000000
116625  -12.519  -8.117  42.277 0.5000000000
71329  -32.911  0.435  37.515 0.3750000000
66939  -10.171  -4.812  44.874 0.6250000000
127452  -12.118  -6.979  43.813 0.5000000000
65257  -11.801  -6.405  43.483 0.3750000000
65258  -12.272  -7.049  43.032 0.3750000000
71330  -33.515  0.831  37.541 0.3750000000
66122  -11.341  -5.821  43.945 0.2500000000
66130  -11.359  -5.762  43.070 0.3750000000
67880  -8.290  -3.333  44.372 0.6250000000
71343  -34.068  1.096  36.341 0.1250000000
71332  -34.943  1.369  37.507 0.1250000000
67901  -9.004  -2.861  42.864 0.1250000000
68848  -9.279  -2.596  41.954 0.1250000000
71344  -34.890  1.351  36.483 0.1250000000
72200  -35.801  1.494  37.878 0.1250000000
77841  -48.900  8.202  25.225 0.3750000000
77840  -48.288  7.464  24.021 0.5000000000
77051  -48.386  6.979  22.952 0.6250000000
113461  -50.329  5.242  21.578 0.6250000000
127505  -51.324  5.174  21.773 0.8750000000
76147  -52.575  5.333  22.114 0.8750000000
75197  -53.859  4.642  22.122 0.6250000000
114245  -53.806  4.078  21.000 0.5000000000
111862  -53.818  3.548  20.618 0.3750000000
74207  -53.770  4.029  20.328 0.2500000000
74222  -53.598  3.770  18.847 0.2500000000
75232  -53.720  4.280  18.563 0.2500000000
74229  -53.459  3.815  17.895 0.2500000000
75236  -53.652  4.460  17.544 0.2500000000
119269  -53.459  3.799  15.891 0.2500000000
122043  -53.538  4.257  16.628 0.2500000000
76225  -54.082  5.244  13.642 0.2500000000
76233  -54.560  6.217  12.288 0.2500000000
75279  -54.836  5.035  11.713 0.2500000000
76240  -55.001  6.504  11.419 0.2500000000
112946  -55.369  5.410  10.949 0.2500000000
76241  -55.570  6.418  10.455 0.2500000000
116733  -56.664  6.090  8.984 0.3750000000
62508  -10.142  -9.158  57.271 0.6250000000
64263  -9.844  -8.458  56.556 0.6250000000
64270  -9.634  -7.660  55.832 0.6250000000
60726  -10.371  -11.809  57.329 1.0000000000
60713  -9.934  -11.749  57.845 0.8750000000
61629  -10.418  -11.219  58.256 0.8750000000
64264  -10.338  -7.704  56.743 0.5000000000
65149  -10.172  -6.980  56.154 0.5000000000
65148  -9.730  -6.664  55.451 0.5000000000
60738  -10.109  -11.739  56.572 1.0000000000
128220  -10.277  -8.404  56.953 0.6250000000
115011  -10.735  -8.351  57.408 0.5000000000
110179  -9.978  -11.580  55.807 1.0000000000
60737  -9.342  -11.974  56.400 1.0000000000
60724  -8.697  -12.107  57.248 1.0000000000
60725  -9.577  -11.995  57.285 1.0000000000
61637  -9.074  -11.683  57.684 0.8750000000
62507  -8.707  -10.928  57.757 0.8750000000
64254  -11.033  -7.431  57.614 0.5000000000
65143  -10.604  -6.792  56.954 0.5000000000
66012  -10.224  -6.226  56.179 0.5000000000
60750  -9.554  -11.675  55.273 1.0000000000
61636  -8.180  -11.597  57.585 1.0000000000
65134  -11.297  -5.926  59.177 0.5000000000
65137  -11.065  -6.498  58.060 0.5000000000
66006  -10.545  -5.949  57.298 0.5000000000
59903  -8.914  -11.963  55.585 1.0000000000
60723  -7.772  -12.055  57.109 1.0000000000
62506  -7.827  -10.673  57.349 0.8750000000
65999  -10.732  -5.620  58.703 0.5000000000
59902  -8.046  -12.115  55.162 1.0000000000
60736  -8.371  -12.186  56.416 1.0000000000
61635  -7.302  -11.365  57.241 1.0000000000
121370  -6.968  -10.399  56.743 0.8750000000
67757  -11.537  -3.226  60.005 0.5000000000
66830  -11.228  -4.302  60.337 0.5000000000
66832  -10.718  -4.357  60.148 0.5000000000
66834  -10.459  -4.670  59.251 0.5000000000
59901  -6.345  -12.286  54.267 1.0000000000
60749  -6.905  -12.135  55.219 1.0000000000
60734  -6.301  -11.926  56.060 1.0000000000
61634  -6.406  -10.930  56.813 1.0000000000
68721  -11.083  -2.073  60.036 0.5000000000
68717  -10.679  -2.401  60.334 0.3750000000
67756  -10.528  -3.222  60.300 0.5000000000
66124  -22.023  -5.310  45.326 0.2500000000
59910  -5.650  -12.593  53.272 1.0000000000
60748  -5.785  -12.033  55.106 1.0000000000
125416  -11.414  -1.765  59.125 0.5000000000
59919  -3.596  -12.775  52.380 1.0000000000
59909  -4.391  -12.441  53.399 1.0000000000
59900  -5.090  -12.284  54.259 1.0000000000
69591  -12.131  -0.816  55.543 0.3750000000
66953  -22.287  -4.879  44.089 0.2500000000
66961  -21.813  -4.401  43.720 0.2500000000
60770  -4.700  -11.300  52.913 1.0000000000
60780  -4.480  -11.674  52.001 1.0000000000
115698  -3.840  -12.263  52.811 1.0000000000
66970  -22.583  -4.465  42.470 0.2500000000
66971  -23.225  -4.782  42.042 0.2500000000
71205  -12.589  0.593  51.324 0.2500000000
67925  -22.343  -3.843  40.539 0.2500000000
66978  -22.643  -4.220  41.444 0.2500000000
110266  -5.537  -11.309  51.018 1.0000000000
67932  -22.062  -3.645  39.669 0.2500000000
66986  -22.916  -4.249  40.621 0.2500000000
128956  -6.435  -11.004  50.632 1.0000000000
118394  -6.112  -11.239  50.094 1.0000000000
60798  -6.835  -11.015  49.362 1.0000000000
61682  -7.541  -10.730  48.684 0.8750000000
71217  -13.074  1.502  50.098 0.2500000000
67009  -22.493  -3.864  38.823 0.2500000000
66994  -23.293  -4.442  39.244 0.3750000000
66162  -23.902  -5.043  39.699 0.2500000000
61684  -8.952  -9.917  48.212 0.8750000000
61694  -8.954  -10.145  47.326 0.8750000000
67010  -23.116  -4.471  38.246 0.3750000000
66163  -24.313  -5.715  39.239 0.2500000000
62570  -9.653  -9.683  46.838 0.8750000000
66193  -23.580  -5.217  37.789 0.2500000000
62571  -10.318  -9.275  46.412 0.7500000000
62579  -10.497  -9.489  45.580 0.8750000000
63464  -10.871  -8.878  45.951 0.7500000000
63465  -11.369  -8.429  45.510 0.7500000000
118837  -11.606  -8.676  44.867 0.7500000000
65246  -11.344  -6.479  45.374 0.7500000000
64359  -11.806  -7.961  44.994 0.7500000000
67863  -7.777  -3.607  44.970 0.7500000000
66937  -8.384  -4.091  45.632 0.7500000000
125097  -12.022  -7.434  44.377 0.6250000000
66938  -9.385  -4.399  45.263 0.6250000000
66113  -11.257  -5.898  44.717 0.5000000000
66121  -10.773  -5.325  44.404 0.5000000000
68847  -8.891  -2.063  42.700 0.2500000000
68824  -8.012  -2.675  44.183 0.6250000000
77853  -48.829  8.383  23.982 0.5000000000
129890  -48.567  7.622  23.448 0.5000000000
116603  -49.094  7.036  22.194 0.6250000000
77061  -50.010  6.835  21.674 0.6250000000
77062  -51.149  7.006  21.594 0.6250000000
76159  -50.775  6.004  21.553 0.7500000000
76160  -52.045  6.160  21.719 0.7500000000
76148  -53.292  5.179  22.248 0.7500000000
76149  -53.551  5.246  21.918 0.6250000000
75198  -53.975  4.134  21.798 0.6250000000
74214  -53.725  3.741  19.766 0.3750000000
114064  -53.874  4.673  19.122 0.2500000000
123210  -53.755  4.140  19.263 0.3750000000
115217  -53.901  4.912  18.372 0.3750000000
75243  -53.575  4.497  16.034 0.2500000000
76204  -53.777  5.247  15.704 0.2500000000
76213  -53.867  5.258  14.649 0.2500000000
112657  -54.215  6.300  14.194 0.3750000000
109323  -54.353  6.248  13.226 0.2500000000
77139  -54.604  7.274  12.797 0.2500000000
126891  -54.774  7.233  12.080 0.2500000000
77158  -55.875  7.089  9.585 0.3750000000
77970  -55.301  8.447  10.099 0.3750000000
77159  -56.322  6.910  8.670 0.2500000000
77977  -55.648  8.011  8.846 0.3750000000
77168  -56.361  7.256  7.981 0.2500000000
77986  -55.904  8.117  7.900 0.3750000000
78018  -55.426  8.735  5.412 0.2500000000
77194  -55.365  8.206  5.276 0.2500000000
77184  -54.771  7.323  5.363 0.2500000000
63385  -9.470  -9.206  56.820 0.7500000000
61628  -9.577  -11.135  58.004 0.8750000000
120910  -9.437  -10.108  57.551 0.8750000000
63392  -9.146  -8.613  56.190 0.7500000000
64275  -8.768  -7.963  55.507 0.7500000000
65155  -9.090  -7.186  55.012 0.7500000000
63384  -8.641  -9.684  56.907 0.8750000000
65154  -8.363  -6.673  54.544 0.6250000000
66020  -9.238  -6.297  54.723 0.5000000000
66011  -9.733  -5.662  55.295 0.5000000000
63391  -8.257  -8.760  56.023 0.7500000000
66005  -10.105  -5.335  56.426 0.5000000000
62510  -7.578  -9.608  56.527 0.8750000000
129403  -7.962  -8.138  55.489 0.7500000000
67763  -9.701  -3.426  57.469 0.3750000000
66838  -9.875  -4.325  56.758 0.5000000000
66839  -10.285  -5.004  57.805 0.5000000000
63390  -7.150  -8.646  55.862 0.7500000000
67759  -9.761  -3.045  59.049 0.5000000000
67764  -10.010  -4.016  58.383 0.5000000000
63383  -6.561  -9.388  56.289 0.8750000000
129171  -6.323  -8.034  55.710 0.7500000000
68720  -9.927  -2.778  60.118 0.3750000000
65247  -22.749  -6.263  46.338 0.2500000000
61641  -5.834  -11.273  56.467 1.0000000000
118602  -5.566  -10.352  56.467 1.0000000000
69582  -10.081  -1.364  60.473 0.3750000000
66125  -22.526  -5.358  44.752 0.2500000000
66117  -22.532  -5.787  45.712 0.2500000000
121324  -3.995  -12.289  53.245 1.0000000000
60747  -4.794  -11.887  55.112 1.0000000000
60733  -5.202  -11.584  55.829 1.0000000000
107201  -11.262  -0.400  59.096 0.3750000000
66118  -23.033  -5.821  45.158 0.2500000000
61655  -5.499  -10.392  52.889 1.0000000000
61653  -4.092  -11.106  54.093 1.0000000000
129082  -11.990  -1.004  56.304 0.3750000000
66133  -22.859  -5.187  43.854 0.2500000000
66126  -23.265  -5.650  44.417 0.2500000000
66141  -23.071  -4.994  42.975 0.2500000000
61656  -6.286  -10.107  52.386 1.0000000000
110995  -12.548  0.819  52.837 0.3750000000
66979  -23.340  -4.667  41.090 0.2500000000
60771  -5.808  -10.811  52.050 1.0000000000
66987  -23.397  -4.551  40.190 0.2500000000
61665  -6.618  -10.703  51.150 1.0000000000
60790  -7.129  -10.717  50.318 1.0000000000
61673  -7.793  -10.462  49.525 0.8750000000
61683  -8.363  -10.207  48.825 0.8750000000
62556  -9.404  -9.203  48.467 0.8750000000
62562  -9.545  -9.480  47.702 0.8750000000
63454  -9.861  -8.711  48.020 0.8750000000
115980  -10.597  -8.564  46.703 0.7500000000
64351  -11.412  -7.486  45.677 0.7500000000
66923  -9.266  -4.583  46.131 0.6250000000
66102  -9.879  -5.143  46.572 0.6250000000
65245  -10.863  -6.139  46.144 0.7500000000
65237  -11.115  -6.835  46.083 0.7500000000
66111  -10.044  -4.928  45.768 0.7500000000
66103  -10.433  -5.502  46.174 0.7500000000
66112  -10.755  -5.541  45.376 0.6250000000
67879  -7.143  -3.114  44.597 0.6250000000
68838  -8.536  -2.327  43.521 0.3750000000
69720  -9.245  -1.585  41.935 0.2500000000
113699  -50.154  9.036  22.968 0.5000000000
77867  -50.644  8.683  22.310 0.7500000000
78594  -49.503  9.323  24.235 0.5000000000
77854  -49.511  8.684  23.358 0.5000000000
77866  -49.770  7.959  22.360 0.5000000000
77874  -50.523  7.734  21.802 0.6250000000
77063  -52.147  7.284  21.561 0.7500000000
114084  -52.893  6.545  21.547 0.6250000000
127332  -53.305  5.949  21.570 0.6250000000
77065  -53.252  6.797  21.148 0.6250000000
78625  -48.518  8.678  20.720 0.1250000000
76162  -53.526  5.747  21.284 0.6250000000
75208  -53.738  4.834  21.362 0.6250000000
75217  -53.761  4.656  20.390 0.6250000000
75225  -53.779  4.312  19.781 0.6250000000
114384  -53.727  4.994  16.683 0.2500000000
76199  -54.097  6.152  16.442 0.3750000000
76214  -54.159  6.290  15.232 0.3750000000
116808  -54.810  8.242  12.321 0.5000000000
77145  -55.068  7.948  11.618 0.3750000000
77961  -55.162  8.658  11.035 0.3750000000
119631  -55.466  7.689  10.431 0.3750000000
78711  -54.920  9.182  10.713 0.3750000000
78723  -54.963  9.031  9.758 0.3750000000
126221  -55.269  8.816  8.224 0.3750000000
110163  -56.297  7.688  7.225 0.2500000000
77995  -55.859  8.537  6.706 0.3750000000
79472  -55.212  9.466  5.704 0.3750000000
78766  -54.638  9.268  4.512 0.3750000000
78017  -55.018  8.971  4.657 0.2500000000
78756  -53.887  9.179  4.110 0.3750000000
77204  -54.591  8.256  4.475 0.2500000000
78027  -53.483  8.716  3.764 0.2500000000
66019  -8.752  -5.980  54.289 0.6250000000
124543  -9.554  -4.796  54.730 0.5000000000
66018  -7.979  -6.029  54.126 0.6250000000
66844  -9.797  -4.823  55.672 0.5000000000
121682  -9.687  -3.977  55.504 0.5000000000
64269  -7.196  -7.815  55.356 0.7500000000
64274  -7.272  -7.098  54.861 0.7500000000
68722  -9.550  -2.521  58.032 0.3750000000
129277  -9.695  -3.681  56.457 0.3750000000
63382  -5.651  -8.957  56.180 0.8750000000
69584  -9.684  -0.916  59.782 0.3750000000
125444  -4.997  -9.851  56.217 0.8750000000
62505  -5.369  -9.403  56.239 0.8750000000
129742  -9.748  -0.096  59.811 0.3750000000
127150  -4.049  -11.428  54.508 1.0000000000
61644  -4.184  -11.233  55.530 1.0000000000
130122  -4.234  -10.606  55.842 1.0000000000
70385  -11.986  -0.353  56.576 0.3750000000
124582  -11.024  0.300  59.481 0.3750000000
65248  -23.254  -6.272  45.836 0.2500000000
61654  -4.536  -10.819  53.596 1.0000000000
61648  -4.147  -10.432  54.117 1.0000000000
70386  -12.241  0.094  55.552 0.2500000000
71174  -11.899  0.460  57.179 0.2500000000
65253  -23.629  -6.098  44.983 0.2500000000
62519  -5.970  -9.675  52.712 1.0000000000
61649  -5.065  -9.905  53.429 1.0000000000
70390  -12.384  0.120  54.265 0.2500000000
66134  -23.577  -5.558  43.492 0.2500000000
71186  -12.525  0.936  53.759 0.3750000000
63407  -6.268  -8.915  52.517 0.8750000000
62520  -6.665  -9.497  52.160 1.0000000000
62526  -7.290  -9.432  51.571 1.0000000000
109097  -12.713  1.265  52.070 0.3750000000
61658  -6.794  -10.127  51.770 1.0000000000
61667  -7.935  -9.981  50.310 1.0000000000
61674  -8.435  -9.756  49.590 0.8750000000
62544  -8.859  -9.026  49.584 0.8750000000
63438  -9.529  -8.470  48.710 0.7500000000
64315  -9.435  -7.690  48.977 0.6250000000
64328  -9.883  -7.883  48.300 0.6250000000
63455  -10.321  -8.117  47.508 0.7500000000
65227  -10.131  -6.501  47.598 0.6250000000
65236  -10.710  -6.805  46.766 0.7500000000
66921  -7.496  -4.127  46.338 0.6250000000
66922  -8.530  -4.390  46.462 0.6250000000
66090  -9.696  -5.480  47.369 0.6250000000
66935  -6.537  -3.809  45.733 0.6250000000
66936  -7.390  -3.806  45.547 0.6250000000
67862  -6.748  -3.482  45.095 0.6250000000
68822  -6.247  -2.590  44.594 0.6250000000
124822  -7.222  -2.389  44.413 0.5000000000
126843  -8.524  -1.632  43.290 0.3750000000
78595  -50.172  10.016  23.977 0.3750000000
78608  -51.524  9.349  22.223 0.7500000000
77876  -52.163  8.528  21.549 0.7500000000
77875  -51.343  8.124  21.712 0.7500000000
77064  -52.736  7.568  21.276 0.6250000000
76171  -53.680  5.484  20.616 0.6250000000
76179  -53.773  5.329  19.863 0.6250000000
123978  -53.968  5.120  18.793 0.6250000000
76192  -54.069  5.683  18.364 0.5000000000
117842  -54.161  6.597  18.139 0.6250000000
76198  -53.942  5.418  17.530 0.5000000000
77132  -54.539  7.344  13.706 0.5000000000
110789  -54.652  8.349  13.162 0.5000000000
77950  -54.584  8.983  12.489 0.5000000000
78693  -54.547  9.176  11.899 0.3750000000
78703  -54.740  9.249  11.326 0.3750000000
78710  -54.781  9.281  10.714 0.3750000000
123166  -54.818  9.143  10.101 0.3750000000
78721  -54.512  8.923  9.705 0.3750000000
78722  -54.947  9.004  9.097 0.3750000000
78730  -55.092  9.047  7.846 0.3750000000
78729  -54.776  9.184  7.420 0.3750000000
79458  -55.297  9.373  6.173 0.3750000000
78738  -54.768  9.483  6.405 0.3750000000
78748  -54.704  9.560  5.520 0.3750000000
78004  -54.018  9.215  5.881 0.3750000000
78015  -53.112  8.909  4.201 0.3750000000
78016  -53.942  9.407  4.819 0.3750000000
66024  -8.588  -5.450  53.923 0.6250000000
66853  -9.065  -4.700  53.835 0.5000000000
67776  -9.461  -3.950  54.245 0.5000000000
128725  -7.411  -6.468  54.514 0.7500000000
66023  -7.595  -5.419  53.866 0.6250000000
67770  -9.592  -3.012  56.383 0.3750000000
112513  -9.604  -3.114  54.930 0.3750000000
65147  -6.134  -7.268  55.539 0.7500000000
65153  -6.483  -6.550  55.008 0.7500000000
68725  -9.581  -2.214  55.739 0.3750000000
64262  -5.186  -8.026  56.105 0.8750000000
64268  -5.429  -7.649  55.997 0.7500000000
114741  -9.590  -1.350  56.839 0.3750000000
63381  -5.087  -8.527  56.090 0.8750000000
113677  -3.939  -10.421  55.421 1.0000000000
61643  -4.422  -9.906  55.850 0.8750000000
62504  -4.853  -9.137  56.000 0.8750000000
107205  -10.316  1.472  59.662 0.2500000000
107347  -10.375  0.717  59.825 0.3750000000
107204  -11.194  0.884  59.029 0.2500000000
65261  -23.973  -5.999  44.126 0.2500000000
63402  -5.554  -9.204  52.978 0.8750000000
71172  -11.740  1.227  57.905 0.2500000000
71175  -12.293  1.095  56.330 0.2500000000
63408  -6.996  -8.785  51.963 1.0000000000
63415  -7.570  -8.718  51.364 0.8750000000
72042  -12.724  1.490  53.027 0.3750000000
114750  -7.715  -8.025  51.188 0.8750000000
121349  -8.164  -7.920  50.674 0.6250000000
63428  -8.622  -8.290  50.109 0.7500000000
64314  -8.944  -7.542  49.653 0.6250000000
65200  -9.185  -6.988  49.212 0.6250000000
66076  -8.556  -5.317  48.610 0.6250000000
66077  -9.405  -5.871  48.194 0.6250000000
66909  -8.204  -4.474  47.193 0.6250000000
66089  -8.867  -4.983  47.795 0.6250000000
67878  -5.927  -3.151  44.814 0.6250000000
113927  -5.622  -1.754  44.546 0.6250000000
68823  -7.804  -1.612  44.009 0.3750000000
69710  -8.329  -0.962  43.282 0.3750000000
69719  -8.817  -1.251  42.702 0.3750000000
117954  -9.174  -0.643  42.245 0.3750000000
70508  -8.728  -0.566  42.797 0.3750000000
78609  -51.881  10.654  22.855 0.5000000000
78617  -52.377  9.934  22.011 0.7500000000
77877  -52.684  8.821  21.245 0.6250000000
78607  -50.959  10.129  23.195 0.5000000000
77878  -52.963  7.918  20.931 0.6250000000
77886  -53.260  7.780  20.446 0.6250000000
80039  -50.764  11.464  21.394 0.3750000000
80040  -51.774  11.766  20.989 0.3750000000
77074  -53.510  6.487  20.611 0.6250000000
77895  -53.543  7.221  19.866 0.6250000000
79339  -49.707  10.988  21.752 0.2500000000
79347  -50.015  10.235  20.827 0.2500000000
77083  -53.665  6.137  19.941 0.6250000000
77903  -53.738  8.102  19.084 0.6250000000
77091  -54.039  6.238  18.802 0.6250000000
76187  -53.949  5.347  19.163 0.6250000000
107931  -54.059  7.414  18.403 0.6250000000
77097  -54.299  7.410  17.541 0.6250000000
77104  -54.187  6.411  17.476 0.5000000000
77105  -54.396  7.346  16.667 0.6250000000
77111  -54.465  7.336  15.696 0.5000000000
77930  -54.623  8.343  15.082 0.6250000000
77941  -54.630  8.375  14.109 0.5000000000
77121  -54.519  7.366  14.683 0.5000000000
126660  -54.451  9.080  13.476 0.6250000000
78691  -53.284  9.066  13.011 0.3750000000
78702  -53.578  9.171  12.343 0.3750000000
124183  -54.317  9.191  12.628 0.3750000000
126424  -53.881  9.275  11.685 0.3750000000
116867  -54.371  9.342  11.977 0.3750000000
77959  -53.787  9.026  11.096 0.3750000000
77969  -53.759  8.596  10.364 0.3750000000
77976  -53.688  8.059  9.718 0.3750000000
113640  -54.748  8.900  8.551 0.3750000000
77985  -53.921  8.313  7.858 0.3750000000
77994  -54.183  8.982  6.860 0.3750000000
77993  -53.323  8.075  6.597 0.3750000000
78003  -53.191  8.694  5.244 0.3750000000
128727  -8.325  -4.958  53.568 0.6250000000
66852  -7.434  -4.699  53.586 0.6250000000
67781  -8.424  -4.280  53.275 0.6250000000
67782  -9.136  -3.763  53.358 0.6250000000
110155  -4.915  -5.816  56.700 0.7500000000
66016  -5.095  -4.941  56.128 0.7500000000
113132  -6.921  -5.921  54.475 0.7500000000
110072  -9.599  -2.298  54.454 0.3750000000
65142  -4.541  -6.289  56.842 0.7500000000
66010  -5.617  -6.518  55.824 0.7500000000
66017  -5.848  -5.852  55.398 0.7500000000
114215  -9.612  -0.458  56.541 0.3750000000
69589  -9.647  -1.317  55.233 0.3750000000
64267  -3.998  -7.303  55.842 0.8750000000
124332  -4.398  -7.538  56.030 0.7500000000
64260  -4.767  -7.634  56.160 0.8750000000
126108  -4.222  -8.077  54.099 0.8750000000
63395  -4.009  -8.241  54.756 0.8750000000
63388  -4.362  -8.384  55.630 0.8750000000
62503  -4.687  -8.341  55.938 0.8750000000
122465  -9.707  1.372  58.732 0.2500000000
107441  -9.688  0.547  59.360 0.3750000000
64280  -4.592  -8.253  53.538 0.8750000000
63401  -4.822  -9.074  53.482 0.8750000000
63400  -4.258  -8.902  54.304 1.0000000000
62515  -3.971  -9.914  54.742 0.8750000000
62509  -4.416  -9.060  55.622 0.8750000000
122466  -9.958  0.393  60.072 0.3750000000
62516  -4.333  -9.665  53.968 1.0000000000
72029  -11.959  1.991  57.785 0.2500000000
71178  -12.456  0.861  54.914 0.2500000000
72035  -12.678  1.509  54.538 0.2500000000
64289  -5.552  -7.287  52.375 0.8750000000
63414  -6.493  -8.015  52.187 0.8750000000
123743  -7.224  -8.190  51.674 0.8750000000
124337  -12.769  1.654  53.774 0.2500000000
126442  -6.365  -7.233  51.889 0.8750000000
64300  -7.781  -7.354  50.897 0.6250000000
65188  -7.846  -6.652  50.485 0.6250000000
64301  -8.389  -7.380  50.308 0.6250000000
65199  -8.533  -6.617  49.755 0.6250000000
65198  -7.638  -5.949  49.972 0.6250000000
66060  -8.176  -5.670  49.356 0.6250000000
65214  -8.982  -6.234  48.964 0.6250000000
66893  -7.809  -4.633  48.132 0.6250000000
66920  -6.254  -4.143  46.469 0.6250000000
66908  -7.069  -4.355  47.277 0.6250000000
67861  -5.881  -3.511  45.248 0.6250000000
68821  -5.129  -2.712  44.693 0.6250000000
69693  -5.622  -0.806  44.169 0.5000000000
120927  -6.705  -1.734  44.413 0.6250000000
129578  -6.203  -1.267  44.295 0.5000000000
70486  -5.377  -0.076  44.094 0.5000000000
70487  -6.259  -0.135  43.924 0.5000000000
69694  -6.796  -0.868  44.045 0.3750000000
125102  -7.703  0.213  43.554 0.3750000000
71279  -7.730  1.022  43.778 0.3750000000
70498  -8.317  -0.172  43.195 0.3750000000
129349  -52.338  10.856  22.551 0.5000000000
78618  -52.968  10.148  21.221 0.7500000000
79329  -52.217  11.608  22.965 0.5000000000
79330  -52.691  11.161  22.145 0.6250000000
78619  -53.053  8.920  20.705 0.6250000000
80019  -51.140  12.281  23.472 0.3750000000
80021  -52.489  12.058  22.621 0.5000000000
80717  -52.500  12.239  22.236 0.5000000000
79340  -52.904  11.223  21.348 0.6250000000
80715  -51.699  12.501  22.804 0.3750000000
80031  -51.572  12.224  21.928 0.3750000000
80032  -52.163  12.180  21.473 0.5000000000
79349  -53.003  10.789  20.484 0.7500000000
78627  -53.319  9.056  20.073 0.6250000000
79359  -52.937  10.548  19.478 0.7500000000
129909  -53.484  8.271  19.783 0.6250000000
79368  -53.036  10.470  18.468 0.6250000000
78644  -53.702  9.348  18.532 0.6250000000
125912  -53.986  8.555  18.294 0.6250000000
77906  -53.907  9.364  17.712 0.6250000000
77907  -54.223  8.420  17.643 0.6250000000
78653  -54.410  9.154  16.226 0.6250000000
77912  -54.441  8.367  16.844 0.6250000000
79382  -54.139  9.541  15.768 0.6250000000
120997  -54.565  8.336  15.989 0.6250000000
78660  -54.491  9.117  15.416 0.6250000000
79390  -54.186  9.489  14.970 0.6250000000
78674  -54.492  9.085  14.518 0.6250000000
78672  -53.355  9.394  14.393 0.5000000000
78682  -53.365  9.239  13.649 0.5000000000
79412  -54.160  9.332  13.407 0.6250000000
78692  -53.959  9.453  12.994 0.5000000000
67786  -7.292  -3.316  52.759 0.6250000000
67769  -4.312  -3.813  56.915 0.7500000000
66851  -6.370  -4.197  53.958 0.7500000000
67780  -7.392  -3.950  53.149 0.6250000000
67787  -8.391  -3.403  52.742 0.6250000000
67788  -9.209  -2.914  52.888 0.3750000000
66842  -3.916  -3.960  57.506 0.7500000000
66843  -4.286  -4.716  57.240 0.7500000000
66022  -6.335  -5.087  54.533 0.7500000000
68736  -9.494  -2.281  53.408 0.3750000000
68730  -9.469  -3.093  53.790 0.3750000000
66009  -3.498  -5.075  56.552 0.7500000000
66837  -3.989  -4.568  57.506 0.7500000000
66004  -4.215  -5.425  57.275 0.7500000000
69595  -9.617  -1.641  54.033 0.3750000000
65145  -3.603  -6.034  56.342 0.8750000000
64259  -4.113  -6.716  56.571 0.7500000000
113835  -4.440  -6.785  56.527 0.7500000000
65158  -3.829  -6.902  53.735 0.7500000000
64278  -3.954  -7.572  54.347 0.8750000000
65152  -3.714  -6.820  55.122 0.8750000000
64279  -4.291  -7.457  53.430 0.8750000000
107379  -9.996  1.140  59.731 0.2500000000
107206  -11.109  1.731  59.176 0.2500000000
64284  -4.878  -7.644  52.995 0.8750000000
63406  -5.460  -8.345  52.892 0.8750000000
72031  -12.565  1.800  56.234 0.2500000000
72918  -13.011  2.185  53.370 0.3750000000
65175  -5.894  -6.619  51.695 0.8750000000
65176  -6.631  -6.834  51.497 0.7500000000
118769  -7.208  -6.729  51.075 0.6250000000
66074  -5.815  -4.691  48.723 0.6250000000
66075  -6.814  -4.739  48.974 0.6250000000
66907  -5.849  -4.396  47.277 0.6250000000
66919  -5.122  -4.103  46.527 0.6250000000
67846  -5.491  -3.812  45.770 0.6250000000
68806  -4.251  -2.772  44.940 0.6250000000
69691  -4.641  -1.932  44.773 0.6250000000
67860  -4.890  -3.318  45.087 0.6250000000
70485  -4.629  -0.440  44.324 0.5000000000
69692  -4.831  -1.211  44.391 0.6250000000
71270  -5.840  0.629  44.151 0.5000000000
129134  -7.088  -0.169  43.749 0.3750000000
71271  -6.900  0.546  43.897 0.2500000000
123640  -6.479  0.990  44.139 0.3750000000
72131  -6.956  1.350  44.078 0.2500000000
70497  -7.689  -0.590  43.618 0.3750000000
72139  -8.416  1.558  43.525 0.3750000000
73018  -9.587  2.738  42.684 0.1250000000
68741  -6.550  -2.717  52.828 0.7500000000
68742  -7.711  -2.772  52.297 0.5000000000
68753  -7.947  -2.182  51.867 0.3750000000
68728  -3.053  -1.931  56.777 0.7500000000
68724  -3.519  -2.177  57.175 0.7500000000
67774  -3.919  -2.808  57.117 0.7500000000
67775  -4.664  -3.203  55.955 0.7500000000
66850  -5.551  -3.606  54.563 0.7500000000
67779  -6.251  -3.372  53.521 0.7500000000
69621  -8.529  -1.731  51.698 0.3750000000
67773  -3.326  -2.722  56.742 0.7500000000
66841  -3.465  -3.920  56.854 0.7500000000
66836  -3.839  -3.805  57.498 0.7500000000
66847  -5.342  -4.181  55.295 0.7500000000
68754  -9.078  -1.846  51.920 0.3750000000
66846  -3.272  -3.815  55.281 0.7500000000
113135  -3.363  -4.711  55.683 0.7500000000
66002  -3.774  -4.647  57.340 0.7500000000
69610  -9.412  -1.244  52.145 0.3750000000
66849  -3.442  -5.073  54.382 0.7500000000
66015  -3.453  -5.680  55.311 0.7500000000
124990  -3.567  -6.119  54.012 0.7500000000
71223  -5.295  0.605  49.093 0.5000000000
112898  -3.757  -6.324  53.088 0.7500000000
65164  -4.114  -6.689  52.839 0.7500000000
69637  -5.183  -1.406  49.234 0.5000000000
65165  -4.684  -6.943  52.625 0.8750000000
70433  -5.233  -0.389  49.201 0.5000000000
65174  -5.092  -6.415  51.927 0.8750000000
126244  -5.492  -0.966  48.514 0.5000000000
65185  -5.493  -5.948  51.194 0.6250000000
65186  -6.388  -6.242  51.103 0.6250000000
65187  -7.017  -6.083  50.539 0.6250000000
66047  -6.803  -5.551  50.033 0.6250000000
70450  -6.434  -0.215  47.022 0.5000000000
66057  -5.188  -5.132  49.796 0.6250000000
125593  -5.567  -0.920  47.220 0.5000000000
66058  -6.118  -5.038  49.567 0.6250000000
66892  -5.495  -4.539  47.979 0.6250000000
67834  -4.333  -3.893  46.607 0.6250000000
67845  -4.519  -3.681  45.848 0.6250000000
67859  -4.123  -3.236  45.384 0.6250000000
69678  -4.184  -1.896  45.183 0.6250000000
67844  -3.935  -3.448  46.162 0.6250000000
70484  -4.114  -0.441  44.716 0.5000000000
72128  -4.352  1.058  44.715 0.5000000000
115559  -4.055  1.676  44.938 0.5000000000
71269  -4.815  0.429  44.330 0.5000000000
72129  -4.367  1.915  44.647 0.5000000000
110584  -5.011  1.271  44.386 0.5000000000
72130  -6.036  1.450  44.244 0.5000000000
73002  -5.212  2.195  44.385 0.5000000000
115162  -7.643  1.870  43.915 0.3750000000
73003  -6.609  2.240  44.170 0.2500000000
73011  -8.285  2.443  43.651 0.2500000000
73012  -8.808  3.187  43.245 0.1250000000
74943  -9.779  4.036  42.111 0.1250000000
73939  -10.036  3.296  42.115 0.1250000000
69588  -3.301  -1.569  56.782 0.7500000000
69593  -3.270  -1.057  56.363 0.7500000000
69594  -4.040  -1.048  55.997 0.7500000000
110722  -5.689  -1.832  53.298 0.6250000000
69609  -6.933  -2.100  52.237 0.3750000000
120718  -3.406  -1.572  56.821 0.7500000000
68729  -4.077  -2.087  56.504 0.7500000000
68734  -4.783  -1.912  54.844 0.7500000000
69608  -6.304  -1.299  52.313 0.5000000000
120842  -3.063  -2.539  55.553 0.7500000000
70416  -9.186  -0.693  51.379 0.3750000000
69622  -9.006  -1.363  51.574 0.3750000000
115938  -4.269  0.182  50.953 0.5000000000
69629  -4.205  -0.624  51.169 0.6250000000
71222  -4.765  0.342  50.028 0.5000000000
72079  -4.793  1.264  49.857 0.5000000000
72080  -5.264  1.440  49.127 0.5000000000
123595  -4.492  -1.373  50.648 0.6250000000
70432  -4.709  -0.725  50.181 0.6250000000
66029  -3.614  -5.501  52.967 0.7500000000
68762  -4.498  -2.326  50.530 0.6250000000
69636  -4.852  -1.867  49.917 0.6250000000
70442  -5.839  -0.094  48.011 0.5000000000
123528  -4.665  -2.769  49.595 0.6250000000
119110  -4.925  -2.431  48.960 0.6250000000
109661  -5.666  -0.947  47.730 0.5000000000
65173  -4.421  -6.236  52.113 0.7500000000
66036  -4.726  -5.788  51.358 0.7500000000
69644  -5.235  -1.769  48.313 0.5000000000
69655  -5.035  -1.744  47.469 0.5000000000
66045  -4.985  -5.478  50.553 0.6250000000
68775  -4.491  -2.728  47.841 0.6250000000
71243  -6.253  0.279  46.858 0.5000000000
70465  -6.435  -0.000  46.534 0.5000000000
66878  -4.643  -4.665  49.295 0.6250000000
70464  -5.420  -0.442  46.638 0.5000000000
71253  -5.815  0.221  46.496 0.5000000000
66891  -4.788  -4.525  48.437 0.6250000000
66906  -4.694  -4.279  47.406 0.6250000000
68786  -3.977  -3.279  46.925 0.6250000000
69667  -3.991  -2.200  45.916 0.5000000000
114211  -4.317  -0.316  45.800 0.5000000000
126989  -3.830  -2.925  46.149 0.5000000000
70463  -4.164  -1.206  45.870 0.5000000000
109919  -4.314  0.495  45.670 0.5000000000
71262  -3.909  0.006  45.065 0.5000000000
72122  -3.968  0.816  44.994 0.5000000000
68798  -3.924  -2.844  45.502 0.6250000000
70477  -3.995  -0.838  45.088 0.5000000000
73001  -4.363  2.726  44.534 0.5000000000
118008  -7.233  3.931  43.724 0.1250000000
73924  -6.883  3.169  44.051 0.2500000000
73915  -5.723  2.974  44.250 0.3750000000
128230  -4.921  2.833  44.394 0.3750000000
114542  -7.875  3.235  43.722 0.2500000000
73010  -7.514  2.605  43.947 0.2500000000
128972  -7.568  4.558  43.348 0.1250000000
74925  -8.140  3.961  43.329 0.1250000000
73937  -8.779  4.011  42.882 0.1250000000
73938  -9.385  3.634  42.591 0.1250000000
69592  -3.104  -1.093  56.415 0.6250000000
69598  -3.704  -0.433  55.809 0.5000000000
70394  -4.486  -0.099  54.705 0.6250000000
68733  -2.912  -1.620  55.524 0.6250000000
69599  -4.600  -0.992  54.769 0.6250000000
69607  -5.386  -0.782  53.449 0.5000000000
70403  -5.929  -0.461  52.434 0.5000000000
69619  -6.687  -0.814  51.721 0.3750000000
69620  -7.490  -1.446  51.614 0.3750000000
70415  -8.457  -0.910  51.225 0.5000000000
71211  -4.285  1.068  50.726 0.5000000000
71203  -9.571  0.193  51.185 0.5000000000
125230  -3.179  -2.351  54.295 0.7500000000
111218  -3.493  -4.441  53.512 0.7500000000
67785  -3.421  -3.386  53.742 0.7500000000
69618  -4.123  -1.377  51.382 0.6250000000
116652  -4.905  2.088  49.599 0.5000000000
67802  -4.236  -3.164  50.731 0.6250000000
67801  -3.889  -3.882  50.951 0.7500000000
65163  -3.919  -6.034  52.320 0.7500000000
108400  -4.326  -3.396  49.745 0.6250000000
71231  -5.645  1.104  48.159 0.5000000000
129990  -5.581  1.970  47.925 0.5000000000
67811  -3.973  -4.017  49.084 0.6250000000
72101  -5.524  1.467  47.160 0.5000000000
66044  -4.322  -5.340  50.793 0.6250000000
115739  -4.255  -3.425  48.689 0.6250000000
66056  -4.486  -5.019  50.037 0.6250000000
68774  -3.993  -3.629  47.718 0.6250000000
127554  -4.614  2.041  46.309 0.5000000000
66890  -4.181  -4.221  48.735 0.6250000000
67822  -3.861  -4.014  48.164 0.6250000000
72113  -4.901  0.921  46.400 0.5000000000
66905  -4.127  -4.185  47.958 0.6250000000
67833  -3.983  -3.890  47.240 0.6250000000
72112  -4.161  1.376  45.494 0.5000000000
72993  -3.937  2.306  45.255 0.5000000000
73000  -3.998  2.571  44.839 0.5000000000
73914  -4.658  3.454  44.297 0.3750000000
73923  -5.927  3.896  43.989 0.3750000000
73922  -4.750  4.217  44.021 0.3750000000
74924  -6.645  4.694  43.610 0.1250000000
75926  -7.288  5.396  43.101 0.1250000000
75934  -8.068  5.560  42.534 0.1250000000
74941  -8.277  4.761  42.842 0.1250000000
75935  -8.722  5.277  42.260 0.1250000000
74942  -9.162  4.516  42.366 0.1250000000
69597  -2.806  -0.805  55.384 0.6250000000
70392  -2.952  0.240  55.704 0.6250000000
71182  -3.656  1.157  55.017 0.5000000000
70393  -3.659  0.332  55.384 0.5000000000
71183  -4.476  0.715  54.535 0.5000000000
70412  -5.691  0.239  52.559 0.5000000000
71202  -7.193  0.253  50.921 0.5000000000
71213  -7.813  0.607  50.376 0.5000000000
70410  -3.220  -0.053  53.100 0.6250000000
71190  -2.728  0.897  54.005 0.6250000000
70402  -5.219  0.093  53.476 0.5000000000
70413  -6.423  0.007  51.715 0.5000000000
70423  -8.129  -0.136  50.670 0.5000000000
71214  -8.541  0.488  50.353 0.5000000000
71198  -3.276  0.808  52.662 0.6250000000
72054  -3.393  1.536  52.286 0.5000000000
70424  -8.875  -0.133  50.774 0.5000000000
72070  -8.795  1.117  49.978 0.5000000000
112319  -3.134  -1.615  53.858 0.6250000000
121251  -3.730  -0.634  51.946 0.6250000000
70411  -3.696  0.085  51.839 0.6250000000
71199  -3.749  0.894  51.598 0.6250000000
72055  -3.844  1.736  51.337 0.5000000000
71204  -10.163  0.890  51.566 0.3750000000
72067  -4.400  1.962  50.481 0.5000000000
72955  -4.513  2.823  50.116 0.5000000000
68752  -4.047  -2.183  51.525 0.6250000000
67794  -3.902  -2.972  51.741 0.7500000000
72092  -5.380  2.055  48.709 0.5000000000
72956  -5.082  2.870  49.172 0.5000000000
127709  -3.594  -4.086  52.856 0.7500000000
66035  -3.755  -5.362  51.820 0.7500000000
66862  -3.750  -4.681  51.204 0.7500000000
72968  -5.544  2.755  48.213 0.5000000000
66876  -3.991  -3.963  50.017 0.6250000000
65172  -4.161  -5.644  51.561 0.7500000000
66043  -3.916  -5.222  51.087 0.7500000000
66877  -4.156  -4.454  49.678 0.6250000000
72977  -5.387  2.445  47.297 0.5000000000
66868  -3.996  -4.908  50.444 0.7500000000
73900  -5.028  3.033  46.583 0.5000000000
72987  -4.144  2.834  45.730 0.5000000000
73906  -3.789  3.278  45.058 0.5000000000
74907  -3.806  4.261  44.635 0.5000000000
73913  -3.974  3.434  44.577 0.3750000000
116458  -5.664  7.622  42.521 0.3750000000
76805  -5.598  6.833  42.914 0.2500000000
76798  -5.508  6.140  43.257 0.2500000000
74923  -5.404  4.794  43.751 0.2500000000
78447  -5.749  8.263  42.195 0.3750000000
75933  -6.482  6.204  42.953 0.2500000000
75925  -6.067  5.488  43.426 0.1250000000
78453  -6.293  8.608  41.713 0.2500000000
77666  -6.494  7.844  41.983 0.1250000000
76806  -7.495  6.290  42.426 0.1250000000
76807  -8.412  6.033  41.958 0.1250000000
76813  -7.918  6.817  41.725 0.1250000000
129199  -2.789  -0.177  55.349 0.6250000000
71181  -2.864  0.957  55.168 0.6250000000
115563  -4.471  1.492  54.378 0.5000000000
71200  -5.835  0.694  52.246 0.5000000000
71201  -6.379  0.876  51.527 0.5000000000
70401  -2.735  0.274  54.677 0.6250000000
72039  -2.826  1.636  54.592 0.5000000000
71191  -5.232  0.933  53.300 0.5000000000
111838  -3.076  2.082  52.945 0.5000000000
72071  -9.421  1.330  50.090 0.3750000000
72932  -3.417  2.290  52.068 0.5000000000
72943  -3.861  2.703  51.092 0.5000000000
72059  -10.242  1.436  51.168 0.3750000000
72058  -9.802  0.959  50.735 0.3750000000
69617  -3.523  -1.219  52.561 0.6250000000
68751  -3.647  -2.126  52.457 0.6250000000
73858  -4.157  3.595  50.581 0.5000000000
110751  -3.518  -2.698  52.964 0.7500000000
120068  -3.724  -3.782  52.180 0.7500000000
73870  -4.716  3.664  49.688 0.5000000000
73871  -5.341  3.725  48.607 0.5000000000
66856  -3.626  -4.681  52.334 0.7500000000
127597  -3.905  -4.424  50.369 0.7500000000
114947  -5.653  4.213  47.690 0.5000000000
73893  -5.544  3.349  47.508 0.5000000000
109059  -5.365  3.858  46.778 0.5000000000
73899  -4.369  3.574  45.871 0.5000000000
74897  -3.946  4.091  45.298 0.5000000000
74908  -4.014  4.157  44.173 0.3750000000
79182  -4.312  9.539  42.739 0.3750000000
78445  -4.404  8.641  42.934 0.3750000000
127836  -4.468  8.054  42.979 0.3750000000
74922  -4.240  4.814  43.858 0.3750000000
78446  -4.886  8.320  42.630 0.3750000000
76804  -4.693  7.490  43.076 0.3750000000
76797  -4.675  6.549  43.410 0.3750000000
75924  -4.715  5.605  43.591 0.2500000000
78452  -5.388  8.932  42.073 0.3750000000
79190  -5.981  9.436  41.544 0.2500000000
77671  -7.283  7.396  41.806 0.1250000000
78454  -7.194  8.212  41.364 0.1250000000
77675  -7.895  7.558  41.253 0.1250000000
72910  -3.270  2.217  54.897 0.5000000000
72040  -3.722  1.984  54.792 0.5000000000
72046  -5.000  1.797  53.444 0.5000000000
72057  -6.252  1.846  51.444 0.5000000000
71212  -7.016  1.070  50.735 0.5000000000
72068  -6.996  1.748  50.590 0.5000000000
110967  -2.982  2.271  54.767 0.5000000000
72923  -4.768  2.520  53.714 0.5000000000
72056  -5.640  1.419  52.395 0.5000000000
72081  -7.423  2.080  50.089 0.3750000000
72069  -7.637  1.321  50.176 0.5000000000
73828  -2.959  2.865  53.097 0.5000000000
72083  -9.084  1.803  49.579 0.3750000000
115461  -3.357  2.994  51.974 0.5000000000
73857  -3.590  3.609  51.432 0.5000000000
72945  -9.758  2.014  49.751 0.3750000000
74862  -4.383  4.403  50.187 0.5000000000
75862  -4.529  5.259  49.917 0.5000000000
74863  -4.886  4.491  49.361 0.5000000000
74872  -5.390  4.695  48.539 0.5000000000
75871  -5.829  5.160  47.739 0.5000000000
74890  -4.991  4.496  46.067 0.5000000000
75894  -5.218  5.456  45.839 0.5000000000
74898  -3.988  4.971  45.182 0.3750000000
115555  -3.723  5.042  44.485 0.3750000000
79176  -4.187  9.772  42.986 0.2500000000
78440  -4.296  8.917  43.278 0.3750000000
74921  -3.823  4.867  44.138 0.3750000000
79188  -4.276  10.122  42.177 0.3750000000
77660  -4.305  7.958  43.404 0.3750000000
75923  -4.027  6.113  43.785 0.3750000000
128465  -3.943  5.376  43.852 0.3750000000
76796  -4.187  7.020  43.662 0.3750000000
79189  -4.984  9.793  41.837 0.1250000000
79191  -6.850  9.075  41.234 0.1250000000
123969  -7.483  8.820  40.925 0.2500000000
77676  -8.534  7.566  40.614 0.1250000000
79206  -8.467  9.273  39.656 0.1250000000
72915  -3.551  2.492  54.771 0.5000000000
72916  -4.118  2.563  54.528 0.5000000000
73829  -3.974  3.781  54.470 0.5000000000
73819  -4.429  3.183  54.150 0.5000000000
73817  -3.340  3.495  54.542 0.5000000000
72914  -2.898  3.078  54.341 0.5000000000
72933  -5.417  2.297  52.626 0.5000000000
125999  -7.161  2.831  50.191 0.5000000000
72082  -8.274  1.699  49.713 0.3750000000
74833  -3.035  4.034  54.196 0.5000000000
122892  -2.902  3.658  53.585 0.5000000000
72958  -8.722  2.467  49.276 0.3750000000
73843  -3.159  3.664  52.509 0.5000000000
118029  -3.689  5.137  51.259 0.5000000000
74853  -3.856  4.358  50.948 0.5000000000
78356  -3.760  8.270  54.072 0.5000000000
78362  -3.547  8.696  53.579 0.5000000000
77583  -3.435  7.840  53.410 0.5000000000
77590  -3.465  7.754  52.420 0.5000000000
75852  -3.641  6.023  51.479 0.5000000000
120866  -4.108  4.980  50.595 0.5000000000
77600  -4.006  7.497  51.036 0.5000000000
76728  -4.101  6.661  50.743 0.5000000000
75863  -5.044  5.168  49.191 0.5000000000
79099  -3.806  9.193  54.052 0.5000000000
79106  -3.552  9.471  53.283 0.5000000000
77591  -3.788  8.189  51.618 0.5000000000
114403  -4.674  6.758  49.902 0.5000000000
76738  -4.985  5.950  49.371 0.5000000000
78370  -3.482  8.579  52.709 0.5000000000
77608  -4.434  7.484  50.372 0.5000000000
124549  -5.402  5.431  48.665 0.5000000000
114404  -5.201  6.741  49.216 0.5000000000
77617  -5.604  7.205  48.632 0.5000000000
125212  -6.086  6.853  47.739 0.5000000000
123333  -5.718  4.560  46.972 0.5000000000
76760  -6.174  5.981  47.266 0.5000000000
108350  -5.838  5.248  46.686 0.5000000000
75883  -6.018  6.042  46.369 0.5000000000
75903  -4.357  5.866  45.145 0.3750000000
75902  -3.835  5.527  44.642 0.3750000000
112033  -3.937  11.064  42.770 0.2500000000
79177  -4.249  9.638  43.441 0.3750000000
78435  -4.275  8.970  43.837 0.3750000000
77654  -4.086  7.480  43.893 0.3750000000
77646  -4.165  7.106  44.337 0.3750000000
76782  -3.986  6.206  44.488 0.3750000000
79878  -4.052  10.466  42.508 0.2500000000
108831  -4.209  8.244  43.717 0.3750000000
76790  -3.929  6.567  44.018 0.3750000000
79884  -3.873  10.846  41.960 0.2500000000
79885  -4.486  10.809  41.547 0.1250000000
79886  -5.619  10.363  41.290 0.1250000000
79198  -6.599  9.924  41.079 0.1250000000
115930  -7.119  10.221  40.636 0.1250000000
79199  -7.330  9.502  40.755 0.1250000000
79205  -7.785  9.958  40.168 0.1250000000
74824  -3.561  4.469  54.461 0.5000000000
73830  -4.695  4.020  53.651 0.5000000000
73844  -5.404  3.920  52.458 0.5000000000
72934  -5.848  3.017  51.777 0.5000000000
72944  -6.673  2.504  50.769 0.5000000000
73859  -6.535  3.514  50.754 0.5000000000
73860  -7.346  3.482  49.855 0.3750000000
73845  -5.931  3.920  51.562 0.5000000000
73872  -8.264  3.385  49.137 0.3750000000
73873  -9.177  3.150  48.865 0.3750000000
74816  -3.531  5.314  54.448 0.5000000000
74842  -3.014  4.520  53.230 0.5000000000
76700  -3.714  6.615  54.290 0.5000000000
118698  -3.104  5.577  53.454 0.5000000000
75842  -3.314  5.319  52.269 0.5000000000
78351  -3.915  7.859  54.330 0.5000000000
77576  -3.714  7.470  54.140 0.5000000000
76703  -3.400  6.913  53.747 0.5000000000
75825  -3.306  6.129  54.008 0.5000000000
76710  -3.219  6.378  53.348 0.5000000000
76718  -3.319  6.234  52.486 0.5000000000
119989  -3.324  7.040  52.840 0.5000000000
79100  -3.972  10.106  54.229 0.5000000000
79792  -3.684  10.283  53.564 0.5000000000
79799  -3.654  10.130  52.659 0.5000000000
79112  -3.732  9.375  51.967 0.5000000000
78382  -4.214  8.082  50.804 0.5000000000
79800  -3.787  11.000  52.759 0.5000000000
79120  -4.171  9.801  51.146 0.5000000000
78391  -4.615  8.300  50.191 0.5000000000
77609  -5.024  7.606  49.533 0.5000000000
79806  -3.947  10.369  51.785 0.5000000000
79128  -4.567  9.760  50.382 0.5000000000
76771  -5.428  6.310  45.671 0.3750000000
114795  -4.567  9.094  44.269 0.3750000000
77647  -4.927  7.681  44.882 0.3750000000
79171  -4.439  9.708  43.990 0.2500000000
78436  -4.334  8.180  44.224 0.3750000000
81254  -3.984  11.895  42.732 0.2500000000
81266  -3.998  12.475  42.109 0.2500000000
80564  -3.750  11.335  42.180 0.1250000000
80586  -4.164  12.250  41.268 0.1250000000
123232  -4.410  11.683  41.194 0.1250000000
80574  -3.923  11.539  41.646 0.1250000000
81290  -4.606  12.893  40.913 0.1250000000
125514  -4.158  4.504  54.303 0.5000000000
74843  -5.139  4.635  52.868 0.5000000000
75834  -4.063  5.297  54.410 0.5000000000
75843  -5.271  5.531  52.775 0.5000000000
74854  -6.274  4.365  51.082 0.5000000000
74855  -6.860  4.441  50.283 0.5000000000
74844  -5.726  4.756  51.897 0.5000000000
75844  -5.919  5.745  51.760 0.5000000000
75855  -6.925  5.429  50.295 0.5000000000
115869  -7.301  4.908  49.761 0.5000000000
74873  -7.803  4.889  49.190 0.3750000000
73883  -9.647  3.816  48.588 0.3750000000
76705  -4.468  6.543  53.976 0.5000000000
76711  -5.136  6.570  53.183 0.5000000000
76729  -6.544  6.140  50.974 0.5000000000
77571  -3.911  7.314  54.392 0.5000000000
76704  -4.080  6.810  54.361 0.5000000000
77577  -4.091  7.742  54.348 0.5000000000
78358  -4.454  8.434  54.139 0.5000000000
77584  -5.463  7.504  52.933 0.5000000000
78357  -3.977  8.469  54.340 0.5000000000
78363  -5.266  8.433  53.498 0.5000000000
77585  -5.804  8.157  52.582 0.5000000000
119515  -4.222  9.261  54.266 0.5000000000
79107  -5.449  9.430  53.562 0.5000000000
78364  -5.925  8.899  52.727 0.5000000000
79101  -4.763  10.039  54.229 0.5000000000
120771  -3.909  10.991  53.902 0.5000000000
80478  -4.148  11.862  52.334 0.5000000000
80486  -4.223  11.246  51.538 0.5000000000
77648  -5.675  7.147  45.547 0.3750000000
115347  -4.602  6.722  45.008 0.3750000000
81267  -4.319  12.508  42.574 0.2500000000
74834  -4.621  4.955  53.670 0.5000000000
74865  -8.215  4.242  48.951 0.3750000000
73882  -8.904  3.953  48.659 0.3750000000
76719  -5.616  6.269  52.349 0.5000000000
75864  -7.453  5.563  49.630 0.3750000000
74874  -8.541  4.922  48.573 0.3750000000
75835  -4.600  5.818  53.781 0.5000000000
76720  -6.058  6.597  51.742 0.5000000000
115225  -7.715  6.249  49.369 0.3750000000
76750  -8.457  6.125  48.490 0.3750000000
75873  -9.250  5.387  48.024 0.3750000000
77593  -6.064  7.496  51.963 0.5000000000
128185  -6.840  6.679  50.715 0.5000000000
77610  -7.657  7.757  49.870 0.3750000000
76740  -8.459  7.051  48.528 0.3750000000
78371  -6.307  8.397  51.923 0.5000000000
78383  -6.661  7.829  51.208 0.5000000000
76739  -7.990  6.975  49.174 0.3750000000
78372  -6.486  9.231  52.028 0.5000000000
118996  -7.163  8.071  50.632 0.5000000000
77611  -8.239  7.741  48.986 0.3750000000
79102  -5.697  10.259  53.638 0.5000000000
79108  -6.147  9.701  52.836 0.5000000000
79113  -7.014  9.689  51.440 0.5000000000
130412  -7.237  9.219  50.911 0.5000000000
79793  -4.486  10.919  54.293 0.5000000000
79794  -5.216  10.928  54.348 0.5000000000
80467  -4.286  11.658  54.186 0.5000000000
74875  -9.452  4.535  48.301 0.3750000000
76763  -9.670  6.573  47.548 0.3750000000
77619  -9.447  7.396  47.587 0.3750000000
78393  -7.546  8.788  50.400 0.3750000000
78394  -8.126  8.559  49.518 0.3750000000
78402  -9.278  8.366  47.874 0.3750000000
79801  -6.118  10.940  53.698 0.5000000000
79807  -6.448  10.424  52.864 0.5000000000
79808  -7.055  10.592  52.006 0.5000000000
79817  -7.472  10.284  51.230 0.5000000000
79122  -8.169  9.527  49.924 0.5000000000
79138  -9.035  9.121  48.539 0.3750000000
79845  -10.619  10.296  47.253 0.3750000000
79819  -8.688  10.797  50.260 0.5000000000
79835  -9.634  10.459  48.799 0.3750000000
79836  -10.277  10.758  48.075 0.3750000000
80468  -5.074  11.753  54.566 0.5000000000
80490  -10.022  11.803  49.985 0.3750000000
49602  -19.676  -23.825  45.737 1.0000000000
48671  -19.889  -23.791  46.688 1.0000000000
49567  -28.114  -23.510  49.345 1.0000000000
48665  -27.410  -23.872  48.015 1.0000000000
47796  -24.647  -25.524  45.177 1.0000000000
50636  -20.119  -22.338  39.536 1.0000000000
49671  -20.509  -23.161  39.828 1.0000000000
39743  -4.396  -32.659  54.004 0.5000000000
46813  -16.098  -26.560  50.617 1.0000000000
46796  -15.538  -27.093  51.073 1.0000000000
48630  -16.941  -25.212  49.749 1.0000000000
48644  -16.308  -24.825  49.057 1.0000000000
50549  -27.892  -22.755  48.299 1.0000000000
48645  -17.214  -24.398  49.376 1.0000000000
49562  -16.701  -24.089  48.852 1.0000000000
49586  -27.504  -23.288  47.762 1.0000000000
50540  -34.708  -22.091  48.579 0.7500000000
49594  -26.830  -23.735  46.365 1.0000000000
49603  -26.647  -23.600  45.593 1.0000000000
48728  -23.326  -24.691  41.358 1.0000000000
49684  -21.874  -23.224  38.794 1.0000000000
39738  -6.180  -33.568  54.629 0.3750000000
38833  -7.581  -33.538  54.902 0.3750000000
41685  -4.387  -30.817  54.148 0.5000000000
40622  -7.340  -32.548  55.297 0.3750000000
41677  -7.579  -31.623  55.432 0.5000000000
43785  -3.632  -29.442  53.861 0.3750000000
43793  -3.275  -29.163  51.583 0.2500000000
44748  -2.722  -28.225  51.441 0.2500000000
45808  -2.347  -27.586  50.768 0.2500000000
108416  -2.049  -27.959  50.014 0.2500000000
130575  -13.524  -27.538  51.325 0.8750000000
120770  -13.065  -27.421  50.780 0.8750000000
45796  -12.448  -27.606  51.334 0.8750000000
46822  -13.110  -26.401  49.509 0.8750000000
45812  -14.050  -27.365  50.901 1.0000000000
45799  -14.863  -27.466  51.665 1.0000000000
47750  -14.389  -25.592  49.076 1.0000000000
125229  -15.490  -24.623  48.745 1.0000000000
49573  -15.662  -23.325  48.447 1.0000000000
50556  -16.745  -22.202  47.919 1.0000000000
50568  -27.123  -23.128  46.026 1.0000000000
49635  -25.747  -23.704  42.840 1.0000000000
49613  -26.149  -23.726  44.442 1.0000000000
52591  -19.150  -20.755  45.575 1.0000000000
49648  -24.732  -23.946  41.578 1.0000000000
48748  -23.647  -24.286  40.897 1.0000000000
49660  -22.696  -24.173  39.993 1.0000000000
49673  -22.326  -23.730  39.354 1.0000000000
50649  -21.444  -22.577  38.384 1.0000000000
41676  -6.877  -31.986  55.158 0.5000000000
41678  -8.534  -31.526  55.564 0.5000000000
122214  -8.127  -30.936  55.463 0.5000000000
110309  -2.891  -25.970  52.015 0.3750000000
47712  -2.811  -25.333  53.043 0.5000000000
111318  -3.114  -28.646  52.304 0.2500000000
46770  -2.876  -26.659  53.720 0.3750000000
45791  -2.543  -27.377  51.525 0.2500000000
118378  -9.922  -29.066  53.546 0.7500000000
43775  -10.640  -29.445  54.817 0.7500000000
43774  -9.805  -29.623  54.675 0.6250000000
52551  -3.919  -20.979  52.560 0.6250000000
44745  -11.040  -28.457  53.008 0.8750000000
44732  -11.600  -28.706  53.689 0.8750000000
123695  -3.860  -20.665  51.827 0.5000000000
53591  -4.075  -20.536  52.526 0.6250000000
45821  -2.043  -27.503  49.348 0.2500000000
116701  -10.983  -26.978  50.138 0.8750000000
45810  -11.262  -27.388  50.635 0.8750000000
45795  -11.702  -27.663  51.405 0.8750000000
45758  -12.480  -28.354  53.456 0.8750000000
44733  -12.936  -28.555  54.398 0.7500000000
53607  -4.052  -20.235  51.118 0.6250000000
45830  -2.164  -27.456  48.456 0.2500000000
53634  -4.507  -19.791  49.520 0.6250000000
116561  -13.690  -24.211  48.969 1.0000000000
53651  -5.440  -19.350  48.438 0.7500000000
53666  -4.963  -19.235  47.596 0.5000000000
120982  -14.115  -22.819  49.261 1.0000000000
51593  -28.033  -21.977  47.141 1.0000000000
115147  -16.554  -21.430  47.556 1.0000000000
50575  -26.960  -23.105  45.166 1.0000000000
49624  -26.271  -23.422  43.652 1.0000000000
50588  -27.242  -22.627  44.519 1.0000000000
50598  -26.911  -22.705  43.558 1.0000000000
53700  -19.721  -19.563  45.163 1.0000000000
50617  -26.417  -22.332  41.735 1.0000000000
51634  -27.038  -21.727  42.055 1.0000000000
130605  -20.536  -20.183  44.078 1.0000000000
52612  -20.270  -20.558  43.770 1.0000000000
50616  -25.755  -22.846  41.416 1.0000000000
51643  -26.703  -21.661  41.248 1.0000000000
128174  -27.585  -20.647  41.669 1.0000000000
52641  -26.941  -20.997  40.787 1.0000000000
53769  -27.681  -19.682  40.413 0.8750000000
49675  -24.019  -23.502  40.051 1.0000000000
51653  -25.776  -22.031  40.182 1.0000000000
130443  -26.361  -20.867  39.472 1.0000000000
52656  -27.142  -20.370  40.288 0.8750000000
50638  -23.545  -23.034  38.863 1.0000000000
50639  -24.230  -22.935  39.440 1.0000000000
51665  -25.496  -21.822  39.426 1.0000000000
52683  -25.685  -20.901  38.338 1.0000000000
52669  -26.793  -20.357  39.584 1.0000000000
52684  -26.359  -20.445  38.844 1.0000000000
50651  -23.259  -22.671  38.223 1.0000000000
50652  -24.052  -22.506  38.610 1.0000000000
51663  -19.963  -21.650  39.153 1.0000000000
50665  -21.925  -22.254  37.737 1.0000000000
51699  -23.392  -21.891  37.347 1.0000000000
51700  -24.244  -21.634  37.556 1.0000000000
118552  -20.087  -20.636  38.179 1.0000000000
51697  -21.545  -21.622  37.344 1.0000000000
51712  -23.898  -21.403  36.820 1.0000000000
52709  -20.909  -20.415  36.642 1.0000000000
52711  -22.448  -20.957  36.002 1.0000000000
110006  -3.806  -29.306  54.693 0.5000000000
42807  -6.485  -30.911  54.838 0.3750000000
42793  -7.544  -30.823  55.259 0.5000000000
130600  -7.724  -30.068  54.709 0.5000000000
47702  -2.803  -25.648  54.027 0.5000000000
44711  -3.294  -28.073  54.797 0.6250000000
43773  -8.714  -29.735  54.364 0.7500000000
44743  -9.470  -28.486  52.777 0.8750000000
111956  -3.846  -22.103  54.268 0.6250000000
46806  -9.483  -26.591  50.616 0.8750000000
46795  -8.540  -26.643  51.160 0.8750000000
117729  -10.018  -27.716  51.498 0.8750000000
123650  -4.306  -20.545  53.126 0.6250000000
52548  -4.472  -20.653  53.710 0.6250000000
48639  -10.645  -24.729  49.974 0.8750000000
46820  -11.320  -26.314  49.760 0.8750000000
108537  -6.067  -19.492  50.422 0.6250000000
52585  -29.426  -20.463  48.506 1.0000000000
116656  -29.694  -20.156  47.558 1.0000000000
52592  -29.382  -20.275  46.624 1.0000000000
56546  -37.272  -16.484  49.456 1.0000000000
56556  -37.819  -16.195  48.953 1.0000000000
51600  -28.262  -21.416  46.342 1.0000000000
128442  -29.061  -20.423  45.842 1.0000000000
54710  -29.863  -19.116  44.202 1.0000000000
53648  -36.605  -18.710  49.343 0.8750000000
125938  -15.885  -20.078  47.853 1.0000000000
116015  -28.479  -20.432  43.374 1.0000000000
52604  -29.049  -20.296  45.033 1.0000000000
51615  -28.208  -21.285  44.657 1.0000000000
53746  -28.859  -19.848  43.148 1.0000000000
53747  -29.270  -19.170  42.830 1.0000000000
54730  -30.385  -18.246  42.691 0.8750000000
52613  -27.982  -20.963  43.178 1.0000000000
52629  -28.302  -20.273  42.596 1.0000000000
53757  -28.430  -19.424  41.649 0.8750000000
53770  -28.252  -19.186  40.824 0.8750000000
53780  -19.610  -19.602  39.568 0.8750000000
52727  -24.074  -20.385  35.500 0.8750000000
53822  -20.525  -19.794  36.681 0.8750000000
52743  -23.037  -20.119  34.667 0.8750000000
52726  -23.410  -20.416  35.202 0.8750000000
53839  -24.567  -19.791  35.192 0.8750000000
46762  -3.356  -26.559  55.041 0.6250000000
44712  -3.603  -28.371  55.115 0.6250000000
43757  -6.132  -29.802  54.426 0.7500000000
49510  -2.940  -23.778  54.732 0.5000000000
45757  -7.394  -28.068  53.167 0.8750000000
44729  -8.085  -28.960  53.437 0.7500000000
44728  -7.402  -28.753  53.654 0.7500000000
53609  -5.146  -19.697  52.001 0.6250000000
118028  -9.385  -24.953  50.385 0.8750000000
53585  -5.912  -19.826  54.631 0.7500000000
53584  -5.289  -20.220  54.393 0.7500000000
53653  -7.505  -19.546  48.443 0.7500000000
109485  -6.215  -19.226  46.923 0.7500000000
113828  -31.292  -18.664  46.427 1.0000000000
55604  -35.272  -17.522  49.764 1.0000000000
56545  -36.638  -16.571  49.666 1.0000000000
53640  -14.931  -20.029  49.525 1.0000000000
54702  -31.452  -18.356  45.618 1.0000000000
55637  -37.601  -16.285  46.714 0.8750000000
54679  -17.249  -18.097  47.176 1.0000000000
55675  -30.006  -17.978  40.974 0.8750000000
55668  -31.633  -17.426  42.526 0.8750000000
55652  -35.509  -17.726  44.597 0.7500000000
54686  -17.786  -18.410  46.499 1.0000000000
55696  -31.175  -17.187  39.833 0.8750000000
121828  -27.122  -18.465  37.098 0.8750000000
55716  -28.550  -17.558  37.019 0.8750000000
53792  -19.815  -19.278  38.233 0.8750000000
54784  -26.727  -18.575  36.497 0.8750000000
54793  -26.645  -18.358  35.837 0.8750000000
53826  -26.169  -18.947  36.121 0.8750000000
55734  -27.236  -17.745  35.502 0.8750000000
54807  -25.508  -18.607  34.767 0.8750000000
54806  -24.784  -18.827  34.244 0.8750000000
54804  -21.232  -18.464  34.393 0.8750000000
53868  -23.439  -19.178  33.714 0.8750000000
44713  -5.521  -28.232  54.523 0.7500000000
50489  -3.941  -22.576  54.658 0.7500000000
46783  -7.326  -26.215  51.987 0.8750000000
47724  -8.167  -25.651  51.054 0.8750000000
53595  -6.984  -19.407  53.812 0.7500000000
108532  -7.965  -19.587  49.165 0.8750000000
53579  -7.326  -19.516  55.368 0.8750000000
49545  -11.086  -23.331  50.653 1.0000000000
125447  -31.549  -18.915  47.996 1.0000000000
54680  -32.208  -18.408  48.068 1.0000000000
54693  -32.287  -18.091  47.158 1.0000000000
55624  -32.846  -17.762  47.579 1.0000000000
55625  -33.524  -17.241  48.077 1.0000000000
56553  -34.822  -17.082  49.456 1.0000000000
56554  -36.348  -16.032  49.300 1.0000000000
125933  -8.498  -19.526  45.981 0.8750000000
52567  -14.494  -20.586  49.858 1.0000000000
55642  -31.925  -17.898  45.170 1.0000000000
57398  -37.784  -15.696  48.516 1.0000000000
53694  -7.084  -19.341  45.365 0.8750000000
55669  -32.100  -17.235  43.066 0.8750000000
115988  -37.923  -15.247  47.130 1.0000000000
109499  -7.965  -19.447  44.059 0.8750000000
53728  -7.751  -19.461  43.310 0.8750000000
108526  -7.872  -19.477  42.347 0.8750000000
127772  -15.832  -19.069  48.604 1.0000000000
54670  -16.884  -17.838  48.228 1.0000000000
53765  -6.907  -19.652  41.093 0.7500000000
129406  -31.912  -17.154  42.053 0.8750000000
55630  -19.408  -17.594  46.357 1.0000000000
54708  -21.802  -18.434  44.760 1.0000000000
54737  -20.516  -18.037  41.504 0.8750000000
55727  -29.320  -17.225  36.535 0.8750000000
123557  -28.687  -17.096  35.448 0.8750000000
55714  -20.198  -17.758  37.501 0.8750000000
55725  -20.355  -17.521  36.224 0.8750000000
55748  -27.617  -17.248  34.792 0.8750000000
55761  -26.418  -17.253  33.834 0.7500000000
54815  -21.524  -18.094  33.666 0.8750000000
54817  -22.794  -18.128  32.838 0.8750000000
55759  -23.789  -17.937  32.814 0.8750000000
48584  -3.534  -24.238  55.407 0.6250000000
46752  -4.037  -26.226  55.500 0.6250000000
49502  -4.511  -23.376  55.236 0.7500000000
46771  -6.562  -26.323  53.196 0.8750000000
48614  -7.587  -24.699  51.853 0.8750000000
108535  -9.003  -19.535  50.070 0.8750000000
49531  -9.797  -23.226  51.367 0.8750000000
49534  -12.168  -22.621  51.406 1.0000000000
56535  -22.460  -16.753  51.293 1.0000000000
52532  -8.385  -20.028  56.475 0.8750000000
50517  -12.770  -22.362  51.380 1.0000000000
53683  -9.249  -19.558  46.256 0.8750000000
53581  -8.746  -19.350  56.407 0.8750000000
55589  -18.561  -16.930  51.456 1.0000000000
55587  -16.872  -17.725  51.152 1.0000000000
56534  -21.726  -16.753  50.985 1.0000000000
118484  -22.695  -16.658  50.570 1.0000000000
55635  -32.697  -17.618  46.635 1.0000000000
55644  -33.125  -17.140  46.242 1.0000000000
53696  -8.980  -19.523  45.418 0.8750000000
53626  -14.678  -19.895  50.386 1.0000000000
54652  -15.612  -18.702  50.263 1.0000000000
54653  -16.185  -18.190  50.693 1.0000000000
55596  -19.912  -16.714  50.147 1.0000000000
55601  -18.631  -16.941  49.451 1.0000000000
56549  -20.864  -16.769  49.438 1.0000000000
56540  -21.784  -16.789  50.159 1.0000000000
127862  -9.149  -19.492  44.232 0.8750000000
55599  -16.393  -18.046  49.147 1.0000000000
125160  -17.027  -17.584  49.164 1.0000000000
58266  -37.895  -14.618  46.500 1.0000000000
109406  -9.584  -19.417  43.099 0.8750000000
108695  -8.794  -19.408  41.694 0.8750000000
55610  -19.095  -17.003  47.914 1.0000000000
55611  -22.070  -17.048  48.517 1.0000000000
54743  -8.751  -19.205  40.135 0.8750000000
107965  -8.036  -19.246  39.579 0.8750000000
54762  -7.569  -18.999  38.076 0.8750000000
55632  -22.120  -17.742  46.101 1.0000000000
53805  -6.776  -19.142  37.614 0.8750000000
54709  -22.259  -17.812  44.971 1.0000000000
56599  -32.539  -16.521  40.942 0.8750000000
54769  -5.304  -19.077  36.941 0.8750000000
56666  -2.593  -16.513  34.163 0.6250000000
56644  -2.610  -16.348  35.339 0.7500000000
55732  -2.691  -17.082  35.249 0.8750000000
56617  -31.721  -16.716  39.283 0.8750000000
55679  -36.835  -16.565  41.176 0.6250000000
54781  -4.074  -18.319  36.468 0.8750000000
55722  -3.155  -17.653  35.846 0.8750000000
55666  -21.117  -17.292  42.514 0.8750000000
56627  -31.588  -16.657  38.449 0.8750000000
117565  -20.289  -17.567  40.073 0.7500000000
56677  -29.585  -16.337  34.515 0.8750000000
111975  -20.280  -17.044  37.710 0.7500000000
56657  -29.089  -16.758  35.034 0.8750000000
56675  -27.981  -16.768  34.215 0.8750000000
56691  -27.575  -16.506  33.565 0.7500000000
56690  -26.817  -16.695  33.375 0.7500000000
56676  -28.775  -16.533  34.321 0.8750000000
56704  -24.848  -16.772  32.295 0.7500000000
56689  -26.038  -16.908  33.105 0.7500000000
55775  -22.486  -17.274  32.437 0.7500000000
55774  -21.729  -17.139  32.777 0.8750000000
121669  -23.756  -17.300  32.340 0.7500000000
47690  -4.807  -24.957  55.577 0.7500000000
47703  -6.280  -25.494  53.859 0.8750000000
48602  -7.823  -24.044  52.252 0.8750000000
57384  -23.016  -15.883  53.006 1.0000000000
49530  -9.030  -23.461  51.591 0.8750000000
111553  -10.283  -22.759  51.882 0.8750000000
58225  -22.376  -15.138  52.696 0.8750000000
54622  -9.254  -18.721  54.868 0.8750000000
120769  -18.395  -17.094  52.164 1.0000000000
123476  -9.745  -18.652  55.236 1.0000000000
53615  -14.507  -19.840  51.509 1.0000000000
117074  -10.512  -19.364  45.046 0.8750000000
53714  -10.371  -19.350  44.267 0.8750000000
54648  -15.645  -18.690  51.200 1.0000000000
58241  -22.679  -15.364  50.197 0.8750000000
57411  -34.109  -15.800  44.893 1.0000000000
53730  -10.368  -19.318  43.468 0.8750000000
54724  -11.196  -18.871  42.064 0.8750000000
53752  -9.633  -19.235  41.436 0.8750000000
55612  -22.747  -17.005  48.395 1.0000000000
53766  -9.282  -19.223  40.807 0.8750000000
57429  -38.587  -14.309  44.130 0.8750000000
57435  -38.491  -15.124  42.699 0.8750000000
54754  -9.660  -18.397  39.212 0.8750000000
55689  -9.964  -17.779  38.910 0.8750000000
55701  -9.464  -17.325  38.397 0.8750000000
128540  -22.590  -15.976  44.819 0.8750000000
57410  -22.725  -15.713  45.320 0.8750000000
56594  -38.137  -15.754  42.033 0.7500000000
56633  -5.337  -16.117  37.119 0.8750000000
124563  -4.139  -16.759  36.637 0.8750000000
56645  -2.989  -16.761  35.973 0.8750000000
57491  -3.270  -15.513  36.683 0.8750000000
57489  -2.503  -15.643  34.923 0.7500000000
57432  -20.880  -15.179  41.983 0.8750000000
110721  -20.693  -15.870  40.680 0.7500000000
57494  -32.142  -16.148  37.135 0.8750000000
57484  -32.899  -15.769  37.596 0.8750000000
57493  -31.910  -15.997  36.295 0.8750000000
57501  -31.481  -15.911  35.491 0.8750000000
128381  -30.964  -16.042  35.142 0.8750000000
118612  -30.032  -15.911  34.070 0.8750000000
56636  -20.366  -16.421  37.046 0.7500000000
125616  -27.899  -16.092  33.123 0.7500000000
57534  -26.210  -15.994  32.143 0.7500000000
112430  -26.917  -15.886  32.216 0.7500000000
57552  -27.296  -15.368  31.599 0.7500000000
58389  -29.006  -15.011  31.912 0.7500000000
57536  -28.591  -15.428  32.351 0.7500000000
56688  -21.237  -16.587  32.942 0.7500000000
127804  -22.546  -16.600  32.028 0.7500000000
56715  -23.766  -16.164  31.609 0.7500000000
56703  -24.142  -16.791  32.034 0.7500000000
114296  -25.033  -15.486  31.369 0.7500000000
56716  -24.766  -16.151  31.777 0.7500000000
58405  -26.705  -14.977  30.961 0.7500000000
58404  -25.733  -15.124  31.063 0.7500000000
120440  -5.955  -25.087  54.643 0.8750000000
48592  -7.048  -24.009  53.739 0.8750000000
109699  -9.028  -22.624  52.876 0.8750000000
123475  -10.360  -19.464  49.323 0.8750000000
51540  -8.153  -21.154  55.538 0.8750000000
50506  -10.851  -21.848  53.517 0.8750000000
50508  -12.737  -21.443  53.229 1.0000000000
58223  -20.259  -14.237  51.857 0.8750000000
53685  -10.945  -19.396  46.737 0.8750000000
53698  -10.747  -19.380  45.877 0.8750000000
52533  -9.228  -20.313  56.812 1.0000000000
123051  -12.242  -21.554  53.581 1.0000000000
51557  -13.332  -21.179  52.725 1.0000000000
53715  -11.015  -19.233  44.559 0.8750000000
54705  -11.657  -18.952  44.378 0.8750000000
53744  -11.109  -19.088  43.049 0.8750000000
55654  -12.952  -17.995  43.175 0.8750000000
111298  -22.813  -15.403  49.139 0.8750000000
54735  -11.699  -18.353  41.371 0.8750000000
54733  -10.103  -18.939  40.853 0.8750000000
55672  -12.058  -17.734  40.951 0.8750000000
55680  -11.059  -17.817  39.881 0.8750000000
120600  -23.333  -15.843  48.857 0.8750000000
59134  -38.372  -13.498  45.065 1.0000000000
55690  -10.615  -17.386  39.309 0.8750000000
56558  -23.343  -16.382  47.819 0.8750000000
58250  -22.066  -14.705  47.603 0.8750000000
56591  -33.514  -15.999  42.112 0.8750000000
58286  -39.052  -13.613  43.587 1.0000000000
56622  -8.887  -16.739  37.904 0.8750000000
56623  -9.544  -16.406  38.376 0.8750000000
58257  -22.694  -15.042  46.525 0.8750000000
58263  -22.552  -15.046  45.666 0.8750000000
117015  -40.743  -14.751  41.427 0.6250000000
57417  -22.353  -15.516  44.578 0.8750000000
58272  -21.828  -14.494  45.107 0.8750000000
57461  -34.573  -15.050  39.487 0.8750000000
118534  -38.894  -13.103  37.235 0.8750000000
57424  -21.492  -15.757  43.087 0.8750000000
57416  -21.801  -14.827  44.240 0.8750000000
123028  -33.519  -15.362  37.134 0.8750000000
58314  -42.581  -14.336  41.147 0.7500000000
119028  -6.660  -12.896  34.263 0.2500000000
58292  -21.112  -15.260  42.684 0.8750000000
121170  -42.449  -14.949  40.796 0.6250000000
122949  -33.036  -15.206  35.780 0.8750000000
108134  -33.699  -15.009  36.275 0.8750000000
124958  -20.473  -15.098  39.679 0.7500000000
56615  -20.428  -16.280  39.230 0.7500000000
58380  -31.978  -14.699  33.446 0.8750000000
58369  -32.441  -14.824  34.205 0.8750000000
123116  -31.040  -15.042  33.105 0.8750000000
125262  -37.617  -10.342  31.543 0.8750000000
57538  -30.203  -15.099  32.717 0.7500000000
113053  -20.389  -15.053  34.334 0.8750000000
57537  -29.373  -15.394  32.716 0.7500000000
57531  -20.719  -15.356  33.009 0.7500000000
58388  -28.183  -15.151  31.723 0.7500000000
59272  -29.270  -13.996  30.907 0.7500000000
57547  -22.479  -15.389  31.447 0.7500000000
58421  -26.870  -14.233  30.435 0.7500000000
54640  -10.369  -18.869  52.566 1.0000000000
108840  -10.038  -21.732  53.996 0.8750000000
53657  -11.207  -19.257  48.683 0.8750000000
130617  -11.125  -19.362  47.401 0.8750000000
108845  -10.784  -18.542  53.950 1.0000000000
54684  -12.236  -18.843  46.424 0.8750000000
54694  -11.518  -19.162  46.151 0.8750000000
54612  -9.906  -18.729  55.965 1.0000000000
59059  -19.405  -13.765  51.461 0.7500000000
111236  -11.407  -19.148  45.233 0.8750000000
130262  -12.025  -18.911  45.692 0.8750000000
54715  -12.498  -18.535  44.033 0.8750000000
117531  -38.042  -13.266  45.299 1.0000000000
54736  -12.328  -17.970  41.713 0.8750000000
58243  -20.306  -14.248  49.006 0.8750000000
56605  -11.780  -16.645  40.273 0.8750000000
55691  -11.265  -16.978  39.734 0.8750000000
57457  -10.670  -15.738  39.468 0.8750000000
56613  -10.720  -16.505  39.291 0.8750000000
58256  -22.050  -14.593  46.779 0.8750000000
59118  -21.258  -14.309  47.075 0.8750000000
57465  -6.344  -14.859  38.168 0.8750000000
59119  -21.362  -14.200  46.284 0.8750000000
58311  -35.004  -14.832  41.189 0.8750000000
58338  -4.505  -14.690  37.866 1.0000000000
113089  -21.191  -14.132  44.361 0.8750000000
59140  -21.052  -13.892  45.047 0.8750000000
58291  -20.797  -14.501  42.632 0.8750000000
58341  -34.788  -14.737  38.138 0.8750000000
60059  -40.211  -12.325  35.808 0.8750000000
121287  -40.593  -12.554  37.592 1.0000000000
59225  -3.286  -12.718  35.168 0.5000000000
58356  -34.259  -14.403  35.681 0.8750000000
59241  -36.338  -13.231  34.495 0.8750000000
60931  -40.099  -12.014  35.043 0.8750000000
58321  -20.253  -14.497  39.931 0.7500000000
58371  -33.993  -14.190  34.846 0.8750000000
58370  -33.225  -14.496  34.565 0.8750000000
60965  -39.096  -11.104  32.804 0.8750000000
60944  -41.246  -10.740  34.826 1.0000000000
58340  -20.409  -15.038  38.379 0.7500000000
59249  -33.381  -13.814  33.216 0.8750000000
58382  -32.962  -14.275  33.807 0.8750000000
59259  -33.025  -13.693  32.415 0.8750000000
58391  -31.714  -14.383  32.577 0.7500000000
61857  -36.948  -10.262  31.143 0.7500000000
61846  -38.811  -10.409  32.344 0.8750000000
62696  -38.738  -9.345  32.192 0.7500000000
124309  -40.453  -9.067  33.821 1.0000000000
127706  -20.305  -15.151  36.300 0.8750000000
58346  -20.244  -14.914  36.819 0.7500000000
111847  -20.074  -14.089  35.249 0.7500000000
58410  -31.104  -14.301  31.998 0.7500000000
58390  -30.619  -14.691  32.351 0.7500000000
63626  -35.442  -8.617  30.499 0.7500000000
63616  -37.387  -8.665  31.494 0.7500000000
63597  -38.468  -8.445  32.220 0.7500000000
64484  -39.244  -7.857  33.157 0.7500000000
63582  -40.205  -8.405  33.755 0.7500000000
125052  -39.753  -7.769  33.749 0.7500000000
58409  -30.399  -14.302  31.687 0.7500000000
63614  -35.122  -7.934  30.875 0.6250000000
64495  -37.979  -7.736  32.533 0.7500000000
58379  -20.464  -14.840  33.605 0.7500000000
58386  -20.667  -14.488  32.737 0.7500000000
58387  -21.252  -14.599  31.943 0.7500000000
59271  -28.345  -13.955  30.570 0.7500000000
59288  -28.861  -13.251  30.311 0.7500000000
59289  -29.693  -13.260  30.510 0.7500000000
120678  -35.455  -7.558  32.325 0.6250000000
111010  -35.240  -7.482  33.285 0.7500000000
64481  -36.694  -7.153  33.806 0.7500000000
58401  -22.832  -14.636  30.876 0.7500000000
58418  -24.482  -14.185  30.436 0.7500000000
59286  -26.057  -13.717  30.111 0.7500000000
58417  -23.552  -13.961  30.409 0.7500000000
60115  -24.866  -12.837  29.749 0.6250000000
108803  -11.405  -18.746  51.080 1.0000000000
54655  -11.781  -18.811  49.280 0.8750000000
129923  -11.463  -18.371  53.579 1.0000000000
54677  -13.192  -18.190  47.487 0.8750000000
126137  -13.559  -17.953  44.837 0.8750000000
55655  -13.436  -17.310  43.529 0.8750000000
54614  -12.397  -18.572  55.676 1.0000000000
58238  -19.983  -14.118  49.479 0.7500000000
55673  -12.550  -17.110  41.413 0.8750000000
53572  -12.117  -19.415  57.322 1.0000000000
52520  -11.922  -20.469  58.511 1.0000000000
123361  -12.519  -21.334  55.700 1.0000000000
57439  -12.399  -15.486  41.548 0.8750000000
51521  -12.886  -21.023  58.895 1.0000000000
51544  -12.406  -21.399  56.723 1.0000000000
57468  -9.393  -15.597  38.609 0.8750000000
58320  -10.412  -15.068  39.928 0.8750000000
59108  -20.400  -13.985  47.374 0.8750000000
128120  -36.101  -13.860  40.369 0.8750000000
59193  -36.220  -13.901  39.016 0.8750000000
60013  -38.833  -12.814  39.733 0.8750000000
58339  -5.299  -14.850  37.996 1.0000000000
58333  -35.492  -14.350  38.569 0.8750000000
130090  -4.877  -14.345  38.346 1.0000000000
59216  -2.641  -12.824  35.762 0.7500000000
59149  -20.631  -13.665  43.801 0.8750000000
58349  -35.193  -14.174  36.851 0.8750000000
60062  -5.290  -12.177  34.626 0.2500000000
59159  -20.516  -13.687  42.993 0.8750000000
59989  -20.065  -13.043  42.496 0.8750000000
59229  -35.737  -13.595  35.408 0.8750000000
58357  -35.019  -14.014  35.999 0.8750000000
60921  -41.759  -11.671  36.326 1.0000000000
60063  -6.280  -11.990  34.394 0.2500000000
59997  -20.022  -12.994  41.635 0.7500000000
59239  -34.507  -13.732  34.253 0.8750000000
59251  -35.830  -13.170  33.662 0.8750000000
59192  -20.063  -13.811  39.315 0.7500000000
59261  -34.790  -13.201  32.772 0.8750000000
129185  -35.450  -13.094  33.039 0.8750000000
59276  -34.655  -12.839  31.868 0.8750000000
58335  -45.384  -14.355  39.509 0.7500000000
122944  -20.192  -14.571  37.625 0.7500000000
124975  -33.309  -13.332  31.796 0.7500000000
59275  -33.845  -12.923  31.446 0.7500000000
60976  -34.930  -11.611  30.584 0.7500000000
60103  -35.393  -12.170  31.403 0.8750000000
60124  -34.104  -11.744  30.314 0.6250000000
60977  -35.787  -11.273  30.823 0.7500000000
61882  -36.279  -10.589  30.834 0.7500000000
59218  -19.942  -14.031  36.801 0.7500000000
59217  -19.675  -13.294  36.284 0.6250000000
59291  -31.375  -13.187  30.854 0.7500000000
59274  -31.775  -13.792  31.651 0.7500000000
120942  -30.974  -12.355  30.275 0.7500000000
127071  -32.636  -13.509  31.691 0.7500000000
62733  -35.615  -9.462  30.363 0.7500000000
114606  -34.966  -10.071  29.993 0.7500000000
62731  -33.469  -9.318  29.747 0.7500000000
63624  -33.843  -8.441  30.106 0.7500000000
63613  -34.257  -7.847  30.819 0.6250000000
108144  -40.064  -7.090  35.228 0.8750000000
64435  -41.316  -7.289  35.874 1.0000000000
60068  -19.945  -12.995  34.013 0.6250000000
59290  -30.525  -13.188  30.655 0.7500000000
60119  -29.264  -11.716  29.865 0.7500000000
120547  -34.095  -7.511  32.595 0.5000000000
60118  -28.578  -12.405  29.927 0.7500000000
64478  -32.800  -7.657  33.217 0.5000000000
63579  -33.087  -7.876  34.095 0.5000000000
64450  -38.431  -6.764  35.589 0.7500000000
59257  -20.846  -13.825  32.006 0.6250000000
118622  -21.530  -14.015  31.392 0.6250000000
59270  -22.162  -14.136  30.945 0.7500000000
111757  -27.730  -12.106  29.759 0.7500000000
63563  -33.973  -7.684  34.344 0.5000000000
64463  -34.666  -7.479  35.074 0.6250000000
64464  -35.467  -7.240  34.903 0.6250000000
60114  -24.163  -12.647  29.757 0.6250000000
128268  -26.087  -11.796  29.545 0.7500000000
55569  -20.834  -16.661  54.380 1.0000000000
126152  -12.988  -18.100  48.840 1.0000000000
55597  -12.919  -18.098  49.526 1.0000000000
54656  -12.282  -18.474  49.835 1.0000000000
54668  -13.360  -17.859  48.278 1.0000000000
55627  -13.668  -17.889  46.716 0.8750000000
55616  -13.782  -17.570  47.564 1.0000000000
56573  -13.995  -16.496  44.654 1.0000000000
56588  -13.457  -16.583  43.026 0.8750000000
57415  -13.803  -15.564  44.196 0.8750000000
129388  -12.347  -20.316  58.603 1.0000000000
53555  -13.043  -20.362  58.783 1.0000000000
122246  -19.390  -13.614  48.338 0.7500000000
58300  -11.723  -14.863  41.604 0.8750000000
51538  -13.766  -20.964  56.942 1.0000000000
59107  -19.566  -13.608  47.653 0.7500000000
60000  -38.843  -12.530  42.340 1.0000000000
125750  -10.812  -14.947  40.503 0.8750000000
108738  -8.865  -14.351  39.921 0.8750000000
59139  -20.198  -13.426  45.028 0.7500000000
59129  -19.940  -13.491  45.966 0.7500000000
58317  -7.196  -14.182  39.365 0.8750000000
125887  -3.739  -13.683  38.229 1.0000000000
60041  -2.637  -11.873  36.223 0.5000000000
60051  -3.547  -11.830  35.353 0.5000000000
60028  -45.163  -12.753  40.229 1.0000000000
60029  -46.028  -13.131  40.505 1.0000000000
59207  -46.469  -12.861  39.906 1.0000000000
61878  -32.257  -10.405  29.688 0.6250000000
62648  -43.069  -9.297  36.615 1.0000000000
60031  -46.589  -11.841  39.265 1.0000000000
59191  -19.768  -12.999  38.991 0.7500000000
60997  -34.514  -10.988  30.014 0.6250000000
62730  -32.551  -9.399  29.747 0.6250000000
63537  -42.670  -8.379  36.378 1.0000000000
60909  -46.507  -11.771  38.235 1.0000000000
59223  -45.726  -13.323  37.197 0.7500000000
59209  -19.612  -13.166  37.160 0.7500000000
64499  -32.916  -7.561  31.622 0.5000000000
64454  -42.025  -7.732  36.015 1.0000000000
64436  -42.559  -7.339  36.917 1.0000000000
65353  -42.081  -6.717  37.806 1.0000000000
128452  -45.284  -13.303  36.404 0.6250000000
60060  -45.542  -12.678  36.577 0.6250000000
60936  -45.477  -11.686  36.332 0.6250000000
61827  -44.882  -11.200  35.571 0.8750000000
124130  -45.461  -10.022  36.188 0.8750000000
60993  -31.146  -11.388  29.885 0.6250000000
64492  -33.290  -7.519  32.505 0.5000000000
61834  -44.405  -10.761  34.850 0.8750000000
60940  -19.500  -11.767  34.577 0.5000000000
60949  -19.829  -11.889  33.099 0.5000000000
61875  -29.545  -10.544  29.769 0.6250000000
62663  -44.840  -9.322  35.293 0.8750000000
112745  -28.786  -10.897  29.777 0.6250000000
60992  -27.450  -11.011  29.667 0.7500000000
118808  -38.691  -6.583  38.027 0.7500000000
65336  -39.181  -6.505  38.712 0.7500000000
62675  -43.729  -9.567  34.108 0.8750000000
61833  -43.845  -10.437  34.250 0.8750000000
60974  -20.411  -11.210  31.813 0.5000000000
118899  -25.348  -11.205  29.550 0.6250000000
64429  -33.512  -7.314  36.682 0.3750000000
64418  -35.850  -6.533  37.829 0.6250000000
64419  -36.525  -6.597  37.981 0.7500000000
62699  -43.054  -9.217  33.399 0.6250000000
63583  -44.222  -8.096  34.431 0.8750000000
60988  -22.464  -11.221  30.151 0.6250000000
61869  -23.827  -10.369  29.952 0.6250000000
111465  -34.220  -5.959  37.964 0.6250000000
65310  -35.769  -6.041  38.567 0.7500000000
65378  -44.080  -5.688  32.798 1.0000000000
66230  -45.544  -4.479  32.851 1.0000000000
65380  -43.549  -6.162  31.104 0.6250000000
119288  -43.149  -6.810  30.538 0.5000000000
67146  -48.195  -4.354  31.504 0.7500000000
111436  -45.723  -5.842  29.682 0.6250000000
66246  -48.724  -4.959  30.052 0.5000000000
66254  -48.689  -5.051  29.609 0.5000000000
126616  -21.769  -15.379  56.115 1.0000000000
56547  -14.009  -17.144  49.325 1.0000000000
110773  -13.432  -17.663  49.038 1.0000000000
54626  -13.253  -17.916  54.529 1.0000000000
116276  -14.382  -16.561  46.277 1.0000000000
56563  -14.526  -16.445  47.062 1.0000000000
55617  -14.258  -17.011  47.572 1.0000000000
58255  -14.432  -14.682  46.685 1.0000000000
124877  -14.403  -15.914  45.773 1.0000000000
56574  -14.166  -15.733  45.087 1.0000000000
54596  -14.038  -18.903  57.026 1.0000000000
59956  -17.713  -12.415  49.243 0.7500000000
118279  -12.881  -14.200  44.756 1.0000000000
53556  -14.025  -20.198  58.860 1.0000000000
59106  -18.839  -13.211  47.988 0.7500000000
59999  -38.018  -12.427  41.884 1.0000000000
58289  -11.687  -14.475  42.560 1.0000000000
118404  -13.769  -21.100  57.741 1.0000000000
59966  -18.306  -12.731  47.509 0.7500000000
58308  -10.854  -14.652  41.213 1.0000000000
118691  -9.453  -14.037  41.333 0.8750000000
107971  -10.100  -13.892  42.612 1.0000000000
58307  -9.149  -14.178  40.629 0.8750000000
59157  -7.872  -13.433  43.130 1.0000000000
59148  -9.187  -13.570  43.967 1.0000000000
129931  -7.896  -13.467  42.401 1.0000000000
124153  -7.664  -13.603  41.014 0.8750000000
126230  -8.305  -13.938  40.475 0.8750000000
59190  -6.210  -13.719  40.001 0.8750000000
59188  -4.596  -13.410  39.810 1.0000000000
58327  -4.821  -13.870  38.919 1.0000000000
113543  -6.581  -13.293  42.036 1.0000000000
59189  -5.236  -13.508  40.163 1.0000000000
59186  -3.568  -12.727  39.155 1.0000000000
128801  -3.675  -13.265  38.669 1.0000000000
60032  -2.841  -11.825  37.277 0.7500000000
60020  -3.186  -11.868  38.469 1.0000000000
60925  -3.973  -11.133  35.680 0.3750000000
59166  -4.891  -12.912  41.510 1.0000000000
59173  -3.640  -12.448  40.145 1.0000000000
59174  -4.064  -12.861  40.492 0.8750000000
60897  -3.440  -10.695  37.195 0.5000000000
61803  -45.185  -10.329  38.986 1.0000000000
61802  -44.254  -10.465  37.935 1.0000000000
61792  -46.160  -10.777  39.678 1.0000000000
60895  -46.356  -11.453  39.551 1.0000000000
129385  -3.524  -11.291  40.756 0.8750000000
60012  -3.407  -11.845  39.579 0.8750000000
60882  -3.568  -11.267  38.888 0.8750000000
60898  -4.218  -10.730  37.736 0.3750000000
129606  -5.897  -11.116  36.997 0.5000000000
60865  -19.421  -11.549  40.776 0.7500000000
120884  -44.138  -8.726  37.892 1.0000000000
62630  -45.556  -9.612  39.717 1.0000000000
126943  -46.506  -10.799  39.356 1.0000000000
59986  -4.023  -11.984  42.476 0.8750000000
63610  -31.495  -7.837  30.929 0.5000000000
64437  -43.272  -7.482  37.587 1.0000000000
61804  -46.737  -10.283  38.730 1.0000000000
60033  -19.447  -12.324  37.380 0.6250000000
124900  -30.883  -9.731  29.753 0.6250000000
63609  -30.578  -7.843  31.223 0.5000000000
111117  -29.740  -7.806  31.582 0.6250000000
127970  -30.049  -8.828  30.266 0.6250000000
63594  -30.375  -7.583  32.299 0.3750000000
63577  -31.054  -7.736  33.081 0.3750000000
62728  -30.066  -9.516  29.913 0.6250000000
63620  -29.392  -8.881  30.318 0.6250000000
63608  -29.137  -8.221  31.065 0.6250000000
124005  -29.008  -7.794  31.904 0.6250000000
127742  -31.604  -7.990  33.734 0.5000000000
109282  -30.991  -8.325  34.172 0.3750000000
63561  -32.526  -8.396  34.749 0.5000000000
63546  -32.291  -8.649  35.380 0.3750000000
63530  -47.105  -8.858  38.092 1.0000000000
60930  -19.430  -11.983  35.397 0.5000000000
62727  -29.278  -9.632  29.942 0.6250000000
62726  -28.110  -9.330  30.313 0.6250000000
111640  -28.782  -9.294  30.174 0.6250000000
63607  -28.271  -8.162  31.603 0.6250000000
120850  -32.412  -8.509  35.805 0.3750000000
65296  -39.507  -5.746  40.021 0.7500000000
63551  -45.413  -8.876  35.806 1.0000000000
63539  -45.989  -8.479  36.490 1.0000000000
120711  -19.591  -11.488  33.772 0.5000000000
62725  -27.253  -9.294  30.437 0.6250000000
109133  -37.757  -6.484  38.976 0.7500000000
65313  -38.343  -6.351  39.467 0.7500000000
64472  -45.525  -7.063  35.486 1.0000000000
61855  -20.780  -10.400  31.511 0.5000000000
61871  -25.780  -10.130  29.831 0.6250000000
65311  -36.572  -6.176  39.019 0.7500000000
66224  -45.727  -4.948  34.864 1.0000000000
66198  -33.524  -5.475  37.878 0.5000000000
67034  -33.809  -4.965  37.726 0.6250000000
120638  -34.802  -4.995  38.010 0.6250000000
112176  -49.622  -3.925  28.839 0.7500000000
57372  -21.727  -15.836  56.407 1.0000000000
55565  -21.352  -16.969  55.653 1.0000000000
55564  -20.698  -17.437  55.866 1.0000000000
55558  -20.999  -17.329  56.512 1.0000000000
56525  -14.074  -17.056  51.884 1.0000000000
56538  -14.569  -16.553  49.647 1.0000000000
56520  -14.213  -16.987  52.591 1.0000000000
54618  -18.939  -18.341  56.329 1.0000000000
123577  -14.995  -15.986  49.151 1.0000000000
117181  -14.683  -14.692  47.660 1.0000000000
56557  -14.573  -16.428  47.913 1.0000000000
58254  -13.742  -13.846  46.592 1.0000000000
55566  -14.037  -17.608  54.505 1.0000000000
58253  -13.188  -13.758  45.912 1.0000000000
54605  -14.721  -18.578  56.892 1.0000000000
112293  -14.892  -20.043  58.744 1.0000000000
118391  -15.508  -19.842  55.391 1.0000000000
58258  -10.914  -13.666  45.056 1.0000000000
59113  -10.261  -13.579  46.330 1.0000000000
59114  -11.376  -13.488  46.135 1.0000000000
58270  -12.412  -14.254  44.012 1.0000000000
58269  -11.228  -13.830  44.310 1.0000000000
59965  -17.790  -12.279  47.034 0.7500000000
109279  -9.460  -13.640  45.806 1.0000000000
109483  -7.775  -13.518  46.335 1.0000000000
59125  -9.287  -13.622  45.139 1.0000000000
58279  -10.557  -13.782  43.933 1.0000000000
58288  -10.806  -14.048  43.037 1.0000000000
61765  -18.974  -10.958  41.268 0.7500000000
59993  -3.477  -11.582  41.236 0.8750000000
60871  -3.807  -11.051  39.608 0.8750000000
60858  -3.713  -10.998  40.438 0.8750000000
108726  -5.458  -11.146  37.778 0.5000000000
60888  -19.385  -11.214  38.349 0.7500000000
61801  -29.971  -9.949  38.001 0.3750000000
62623  -29.661  -10.063  39.167 0.3750000000
63513  -46.919  -8.582  39.875 1.0000000000
63512  -46.299  -8.737  40.523 1.0000000000
61808  -19.351  -10.940  36.823 0.5000000000
63575  -29.348  -7.926  33.641 0.3750000000
63593  -29.513  -7.630  32.606 0.6250000000
62660  -30.479  -9.397  35.540 0.3750000000
62672  -29.943  -8.931  35.063 0.3750000000
62647  -31.189  -9.476  36.088 0.3750000000
63545  -31.191  -9.270  35.488 0.3750000000
127493  -30.762  -9.599  35.929 0.3750000000
63525  -30.905  -9.001  37.259 0.3750000000
62637  -31.078  -9.365  36.682 0.3750000000
124602  -31.489  -9.074  36.313 0.3750000000
65298  -41.525  -5.726  40.527 1.0000000000
114698  -19.418  -9.927  34.838 0.5000000000
63527  -31.962  -8.076  36.905 0.3750000000
63526  -31.514  -8.762  36.809 0.3750000000
65295  -38.640  -5.948  40.004 0.8750000000
66169  -40.004  -5.216  40.390 0.8750000000
62709  -26.162  -8.647  31.740 0.6250000000
64415  -32.085  -7.146  37.167 0.3750000000
66166  -37.624  -5.923  39.870 0.7500000000
66183  -36.136  -5.797  38.949 0.7500000000
66165  -37.682  -5.530  39.898 0.7500000000
67014  -37.735  -4.972  39.509 0.7500000000
127403  -31.133  -6.114  37.387 0.3750000000
128237  -34.951  -4.627  37.203 0.6250000000
67012  -36.592  -5.351  38.965 0.7500000000
67013  -37.225  -5.319  39.421 0.7500000000
119300  -37.157  -4.862  38.810 0.8750000000
129594  -35.970  -4.513  36.803 0.7500000000
62705  -22.774  -9.281  30.925 0.6250000000
66211  -31.149  -5.144  36.949 0.3750000000
67077  -33.942  -4.573  36.132 0.8750000000
67973  -47.810  -3.125  35.679 0.6250000000
67075  -31.234  -4.643  35.576 0.3750000000
67076  -32.973  -4.575  35.896 0.6250000000
68033  -51.416  -2.789  30.960 0.7500000000
68944  -51.716  -1.677  30.284 0.6250000000
68945  -51.856  -1.523  29.761 0.6250000000
72272  -42.150  1.783  27.401 0.2500000000
59029  -20.624  -13.928  57.985 0.8750000000
59893  -19.717  -11.929  56.926 0.6250000000
124976  -19.801  -11.616  57.592 0.7500000000
121467  -19.117  -16.193  58.110 1.0000000000
55555  -20.397  -17.649  57.242 1.0000000000
55550  -19.019  -18.166  58.113 1.0000000000
54601  -19.611  -18.177  57.444 1.0000000000
54608  -18.499  -18.682  56.939 1.0000000000
61659  -15.628  -10.113  51.580 0.6250000000
56521  -15.396  -16.181  52.659 1.0000000000
126025  -18.220  -18.658  56.522 1.0000000000
53590  -17.382  -18.819  55.482 1.0000000000
61668  -15.962  -10.534  50.889 0.6250000000
130409  -15.322  -9.738  49.035 0.6250000000
58242  -14.878  -14.540  48.447 1.0000000000
109206  -15.686  -16.529  54.120 1.0000000000
126380  -16.263  -19.577  55.726 1.0000000000
60793  -16.441  -11.080  50.261 0.6250000000
61676  -16.258  -10.876  49.356 0.6250000000
62557  -15.387  -9.630  48.494 0.6250000000
123416  -13.817  -12.852  48.522 1.0000000000
123921  -14.644  -13.821  48.474 1.0000000000
60805  -16.707  -11.377  48.870 0.6250000000
61686  -16.270  -10.760  48.460 0.6250000000
108106  -13.097  -12.801  47.975 1.0000000000
59115  -12.920  -13.357  46.511 1.0000000000
55560  -15.080  -18.088  56.282 1.0000000000
53565  -14.943  -19.819  58.676 1.0000000000
53557  -15.732  -19.839  58.494 1.0000000000
62564  -15.500  -9.423  47.632 0.6250000000
59103  -12.508  -13.031  47.122 1.0000000000
59128  -12.309  -13.525  45.958 1.0000000000
59102  -11.355  -13.246  46.968 1.0000000000
60815  -16.854  -11.172  47.076 0.6250000000
61705  -16.500  -10.502  46.652 0.6250000000
60827  -17.720  -11.436  44.732 0.7500000000
61728  -16.884  -10.235  44.914 0.6250000000
61742  -17.692  -10.913  43.930 0.7500000000
119311  -17.333  -9.782  43.211 0.6250000000
63477  -31.640  -9.061  44.505 0.3750000000
64379  -30.365  -8.418  43.050 0.3750000000
62604  -30.723  -10.103  42.410 0.3750000000
127458  -30.074  -10.370  41.399 0.3750000000
114155  -29.465  -8.219  41.711 0.3750000000
108516  -7.567  -11.355  37.197 0.5000000000
62613  -18.980  -9.901  40.067 0.7500000000
61800  -29.563  -10.245  37.794 0.3750000000
60892  -29.089  -10.684  39.294 0.3750000000
64385  -28.945  -7.669  41.048 0.3750000000
65278  -28.875  -6.187  41.986 0.3750000000
64397  -45.287  -7.826  41.370 1.0000000000
61759  -4.015  -10.741  41.854 0.8750000000
61748  -4.660  -10.791  42.545 0.8750000000
61813  -30.015  -9.929  37.150 0.3750000000
61812  -29.558  -10.170  37.143 0.3750000000
114229  -29.386  -8.617  38.826 0.3750000000
63505  -29.270  -8.777  39.659 0.3750000000
64390  -28.612  -7.027  40.431 0.3750000000
64396  -28.903  -7.903  39.246 0.3750000000
64384  -28.689  -6.679  41.248 0.3750000000
62635  -19.379  -9.528  37.666 0.5000000000
117490  -19.430  -8.989  36.919 0.5000000000
108078  -30.099  -8.408  34.319 0.3750000000
62644  -29.315  -9.797  36.201 0.3750000000
63517  -29.772  -8.456  38.175 0.3750000000
66172  -43.376  -5.667  42.199 1.0000000000
64408  -47.225  -7.812  39.413 1.0000000000
129936  -47.414  -7.864  38.510 1.0000000000
62658  -28.569  -9.461  35.581 0.5000000000
62671  -28.279  -8.793  34.569 0.5000000000
63574  -28.616  -8.185  33.845 0.6250000000
62670  -27.452  -9.379  35.085 0.5000000000
65309  -28.985  -6.698  38.233 0.3750000000
66170  -41.015  -5.216  40.555 0.8750000000
111107  -42.469  -5.306  41.945 0.8750000000
119474  -19.576  -9.842  33.733 0.5000000000
62666  -19.509  -9.263  34.429 0.5000000000
122946  -39.845  -4.723  40.191 0.8750000000
67017  -40.531  -4.630  40.029 0.8750000000
62691  -20.942  -9.095  31.908 0.5000000000
65328  -30.223  -6.528  37.401 0.3750000000
113989  -37.255  -4.551  37.761 0.8750000000
122131  -37.345  -4.483  36.810 0.8750000000
118905  -38.654  -4.410  38.612 0.8750000000
129287  -39.390  -4.338  38.644 0.8750000000
63588  -21.974  -8.189  32.081 0.6250000000
66209  -29.050  -5.096  37.103 0.3750000000
67053  -28.672  -4.375  37.005 0.3750000000
67998  -41.551  -3.576  32.034 0.3750000000
67091  -29.438  -3.762  35.026 0.5000000000
67073  -29.284  -4.183  35.754 0.5000000000
67107  -30.654  -4.160  33.933 0.6250000000
68030  -43.356  -3.338  30.443 0.3750000000
120087  -42.666  -3.547  29.253 0.3750000000
68055  -42.488  -3.594  28.558 0.3750000000
69766  -48.733  -1.163  34.797 0.3750000000
69791  -49.656  -1.339  32.451 0.6250000000
69806  -50.615  -0.894  30.469 0.6250000000
71427  -42.664  0.036  24.234 0.3750000000
69847  -45.655  -1.466  25.419 0.3750000000
69856  -45.238  -0.987  24.692 0.3750000000
72300  -43.531  1.057  24.289 0.3750000000
70601  -52.202  -0.531  29.169 0.7500000000
68962  -51.649  -1.712  28.236 0.7500000000
69837  -52.117  -1.222  27.670 0.7500000000
73123  -44.077  2.765  28.484 0.2500000000
73147  -44.552  2.130  24.085 0.3750000000
59035  -17.434  -13.983  56.351 0.8750000000
58208  -17.896  -14.610  56.998 0.8750000000
56504  -18.433  -16.398  57.558 0.8750000000
56499  -18.921  -16.825  57.992 1.0000000000
119010  -15.732  -15.197  51.775 1.0000000000
58227  -15.679  -14.549  51.445 1.0000000000
56503  -17.803  -16.623  56.880 0.8750000000
56498  -18.260  -17.256  57.933 1.0000000000
53560  -18.027  -18.881  57.978 1.0000000000
55552  -17.657  -18.103  58.180 1.0000000000
54594  -17.636  -18.670  58.195 1.0000000000
58237  -15.011  -14.030  49.212 1.0000000000
59078  -14.560  -13.026  49.727 1.0000000000
59077  -13.997  -12.689  49.100 1.0000000000
55557  -16.621  -17.618  56.933 1.0000000000
54593  -17.004  -19.133  58.387 1.0000000000
129868  -16.224  -18.904  58.223 1.0000000000
53558  -16.631  -19.598  58.226 1.0000000000
59090  -13.260  -12.522  48.877 1.0000000000
55556  -15.867  -17.877  56.647 1.0000000000
59089  -11.915  -12.822  47.788 1.0000000000
59076  -9.703  -13.129  48.635 1.0000000000
63466  -15.653  -8.471  45.262 0.6250000000
63474  -15.925  -8.387  44.410 0.6250000000
64360  -15.498  -7.031  44.338 0.6250000000
62597  -31.147  -10.258  43.235 0.3750000000
66127  -30.866  -6.106  44.441 0.3750000000
59110  -5.087  -13.133  46.868 0.8750000000
60857  -30.250  -10.902  41.862 0.3750000000
61768  -29.859  -10.754  41.351 0.3750000000
66136  -29.834  -6.131  43.271 0.3750000000
66964  -30.386  -4.610  43.787 0.3750000000
63508  -18.993  -8.879  39.054 0.6250000000
61775  -29.507  -10.673  40.553 0.3750000000
60869  -29.370  -11.012  40.920 0.3750000000
108729  -7.724  -11.477  40.292 0.7500000000
63515  -19.051  -8.225  38.531 0.3750000000
61799  -29.044  -10.446  37.564 0.3750000000
66151  -28.561  -5.776  41.276 0.3750000000
66980  -28.560  -4.886  41.151 0.3750000000
66174  -45.397  -5.970  41.143 1.0000000000
127802  -4.742  -10.660  42.023 0.8750000000
61824  -28.455  -9.975  36.360 0.3750000000
130317  -28.408  -10.227  36.768 0.5000000000
66158  -28.392  -5.522  40.453 0.3750000000
65319  -47.123  -6.733  39.324 1.0000000000
67022  -46.125  -4.689  39.375 0.8750000000
63532  -19.463  -8.369  36.081 0.5000000000
64441  -19.600  -7.524  35.511 0.3750000000
65326  -28.789  -5.629  37.872 0.3750000000
67000  -42.025  -4.734  41.199 0.8750000000
67044  -47.393  -4.158  37.949 0.8750000000
64459  -20.223  -7.066  34.233 0.5000000000
62669  -26.635  -9.355  34.708 0.6250000000
115100  -39.204  -4.354  37.544 0.8750000000
115642  -40.103  -4.344  37.853 0.8750000000
67067  -47.480  -3.790  37.264 0.8750000000
109458  -37.738  -4.459  36.115 0.7500000000
63589  -22.861  -8.289  32.071 0.6250000000
62680  -24.796  -8.552  32.876 0.6250000000
108312  -32.781  -4.562  32.895 0.3750000000
67118  -41.074  -3.816  33.740 0.6250000000
67132  -40.269  -3.842  32.663 0.5000000000
123686  -40.432  -3.946  34.104 0.6250000000
67979  -41.863  -3.751  34.213 0.5000000000
67980  -42.821  -3.504  34.369 0.5000000000
68000  -43.092  -3.257  32.791 0.3750000000
67981  -44.747  -2.574  35.139 0.5000000000
68877  -28.614  -2.917  36.476 0.3750000000
67987  -30.016  -3.150  33.115 0.5000000000
68906  -44.044  -2.838  33.143 0.3750000000
69757  -48.052  -1.255  35.992 0.6250000000
126969  -29.116  -2.438  35.107 0.3750000000
67986  -29.633  -2.845  33.696 0.3750000000
121927  -34.374  -4.501  30.629 0.5000000000
68013  -44.384  -2.756  31.678 0.3750000000
126694  -12.544  -7.241  37.889 0.1250000000
69775  -48.329  -0.934  34.422 0.3750000000
68940  -44.858  -2.810  29.987 0.3750000000
109902  -45.840  -2.577  28.659 0.3750000000
69797  -49.908  -1.182  31.051 0.5000000000
70593  -51.285  -0.663  30.013 0.6250000000
117544  -50.820  -0.311  29.414 0.5000000000
70635  -47.091  -0.765  25.366 0.3750000000
71431  -45.941  0.154  23.823 0.3750000000
70645  -47.602  -0.179  24.703 0.5000000000
112148  -47.584  0.345  23.939 0.5000000000
70627  -53.608  0.444  27.068 0.6250000000
72275  -53.542  0.934  27.479 0.7500000000
74135  -44.848  3.353  27.134 0.2500000000
129598  -46.838  4.274  28.507 0.2500000000
59884  -16.858  -12.322  59.213 0.7500000000
59889  -16.300  -12.777  58.582 0.8750000000
61626  -17.581  -10.118  58.975 0.6250000000
61639  -18.854  -10.478  57.652 0.6250000000
60718  -14.333  -11.562  58.482 0.7500000000
112796  -17.362  -9.598  57.190 0.6250000000
59066  -14.850  -13.104  50.728 1.0000000000
59057  -15.135  -13.102  51.615 1.0000000000
60708  -14.739  -11.240  59.143 0.7500000000
62501  -16.620  -8.666  58.298 0.6250000000
63380  -16.678  -8.897  57.554 0.6250000000
59947  -14.194  -12.430  50.504 1.0000000000
59048  -15.945  -13.824  52.726 1.0000000000
63394  -15.476  -8.618  56.534 0.6250000000
111777  -15.786  -9.065  56.083 0.6250000000
63399  -15.234  -8.837  55.283 0.6250000000
126726  -14.701  -8.636  54.485 0.6250000000
63378  -15.060  -8.463  57.607 0.6250000000
63386  -15.013  -8.352  56.937 0.6250000000
63393  -14.785  -8.342  56.048 0.6250000000
63398  -14.517  -8.280  55.136 0.5000000000
64276  -13.594  -7.511  54.467 0.5000000000
64291  -13.492  -7.625  51.227 0.5000000000
64302  -13.533  -7.438  50.392 0.5000000000
65202  -13.757  -6.888  48.823 0.5000000000
65178  -13.122  -6.968  50.975 0.5000000000
65139  -13.193  -6.670  57.851 0.5000000000
66008  -13.148  -6.090  57.606 0.5000000000
66048  -12.650  -5.318  50.627 0.3750000000
66037  -12.553  -5.639  51.595 0.5000000000
66078  -13.411  -5.286  48.365 0.5000000000
116032  -15.126  -7.119  45.092 0.6250000000
66115  -14.997  -5.692  44.912 0.2500000000
113093  -12.342  -4.941  52.019 0.3750000000
117850  -14.223  -5.163  46.409 0.2500000000
113748  -12.530  -2.884  50.120 0.3750000000
64367  -15.832  -6.885  43.569 0.5000000000
59083  -6.000  -13.623  48.909 1.0000000000
64375  -16.541  -7.355  42.423 0.5000000000
65275  -16.987  -6.633  41.328 0.5000000000
61746  -31.281  -10.631  43.808 0.3750000000
64401  -18.676  -7.473  38.997 0.3750000000
123436  -19.257  -7.877  37.786 0.3750000000
66995  -28.363  -4.423  39.444 0.3750000000
67917  -28.742  -4.013  40.928 0.3750000000
61750  -6.772  -10.735  42.664 0.8750000000
67040  -43.449  -3.882  38.993 0.7500000000
114428  -44.213  -3.759  39.260 0.8750000000
67041  -44.992  -3.564  38.781 0.8750000000
129745  -46.345  -4.043  38.702 0.7500000000
67023  -46.925  -4.505  38.574 0.8750000000
65357  -19.734  -6.683  35.738 0.3750000000
125199  -26.020  -9.474  34.814 0.6250000000
108717  -38.890  -4.436  35.461 0.6250000000
120014  -40.925  -4.306  37.611 0.6250000000
67064  -42.410  -4.039  37.167 0.7500000000
67042  -46.073  -3.381  38.244 0.7500000000
67083  -40.403  -4.291  35.797 0.6250000000
67100  -39.400  -4.321  34.895 0.7500000000
111015  -41.208  -4.171  35.881 0.7500000000
67085  -42.196  -3.956  35.882 0.6250000000
67971  -43.971  -3.228  35.673 0.6250000000
67972  -44.754  -2.801  36.036 0.6250000000
67960  -45.407  -2.726  36.737 0.6250000000
68879  -46.313  -2.172  36.577 0.7500000000
67953  -47.310  -3.440  37.630 0.7500000000
64476  -22.098  -7.230  33.277 0.5000000000
108509  -34.108  -4.554  32.799 0.5000000000
108508  -34.865  -4.524  32.810 0.5000000000
67128  -36.244  -4.481  32.916 0.6250000000
108507  -37.107  -4.461  33.089 0.6250000000
67114  -37.970  -4.384  33.259 0.7500000000
67116  -39.610  -4.090  34.032 0.6250000000
67115  -38.758  -4.240  33.560 0.6250000000
67969  -42.296  -3.744  34.934 0.6250000000
68894  -45.824  -1.992  35.329 0.5000000000
69755  -46.690  -1.504  35.649 0.5000000000
69749  -47.579  -1.555  36.316 0.6250000000
64409  -12.650  -7.857  38.187 0.1250000000
69753  -29.321  -1.654  35.425 0.3750000000
129211  -29.723  -1.029  35.684 0.3750000000
67130  -38.625  -4.233  32.620 0.6250000000
69773  -46.421  -1.573  34.855 0.3750000000
69764  -47.216  -1.186  35.308 0.3750000000
69771  -30.153  -1.659  33.473 0.5000000000
68905  -30.344  -2.438  32.390 0.5000000000
68007  -30.939  -3.330  31.758 0.5000000000
130297  -31.398  -3.363  31.107 0.5000000000
120363  -45.018  -2.388  33.465 0.3750000000
68908  -45.587  -2.239  32.808 0.3750000000
69788  -31.075  -1.801  31.528 0.5000000000
68929  -31.415  -2.065  30.665 0.3750000000
113208  -45.983  -2.178  32.170 0.3750000000
65341  -12.087  -6.234  37.205 0.1250000000
65342  -12.433  -6.578  36.490 0.1250000000
71363  -33.510  0.305  32.888 0.1250000000
130216  -46.227  -2.364  30.690 0.3750000000
111953  -34.988  1.025  34.066 0.1250000000
68933  -46.514  -2.343  30.122 0.3750000000
68934  -47.323  -2.050  30.423 0.3750000000
68943  -47.307  -2.064  29.729 0.3750000000
70608  -49.010  -0.645  27.831 0.5000000000
70625  -49.180  -0.346  27.102 0.5000000000
71421  -49.860  0.443  26.100 0.5000000000
71409  -50.787  0.712  26.826 0.6250000000
70636  -49.018  -0.106  26.162 0.5000000000
73159  -45.763  2.241  23.102 0.3750000000
115499  -45.573  3.527  24.441 0.3750000000
59042  -15.971  -12.992  54.171 0.8750000000
60785  -14.089  -11.746  51.937 1.0000000000
124338  -15.221  -12.646  53.011 1.0000000000
61622  -13.290  -10.852  59.265 0.7500000000
60784  -13.252  -11.403  51.693 1.0000000000
63373  -12.687  -9.394  58.369 0.6250000000
60791  -12.033  -11.561  50.787 1.0000000000
64281  -13.453  -7.674  52.949 0.5000000000
64253  -12.821  -6.738  58.323 0.5000000000
59943  -10.138  -12.331  50.365 1.0000000000
66013  -12.671  -5.383  55.810 0.5000000000
66021  -12.507  -5.413  54.713 0.5000000000
66845  -12.422  -4.595  56.280 0.5000000000
66941  -15.088  -4.184  44.599 0.1250000000
67783  -11.931  -3.496  53.741 0.3750000000
59063  -6.589  -13.531  50.382 1.0000000000
68755  -12.250  -2.601  51.571 0.3750000000
66147  -16.788  -5.873  41.578 0.2500000000
65290  -18.219  -6.891  39.496 0.2500000000
68857  -28.733  -3.011  39.792 0.3750000000
66204  -19.773  -5.602  36.650 0.3750000000
66205  -20.571  -5.071  36.111 0.3750000000
60877  -10.197  -11.239  39.364 0.5000000000
65358  -20.213  -6.119  35.221 0.3750000000
61776  -10.911  -10.911  38.950 0.3750000000
62667  -24.859  -8.718  33.923 0.6250000000
68862  -29.036  -2.298  39.482 0.3750000000
61771  -11.770  -9.972  40.221 0.5000000000
63556  -23.807  -7.883  33.681 0.6250000000
62625  -12.339  -9.463  38.720 0.2500000000
62618  -12.341  -9.245  39.757 0.2500000000
66189  -11.496  -5.927  37.871 0.1250000000
72305  -51.669  2.106  25.133 0.7500000000
75133  -46.814  4.742  26.801 0.2500000000
72340  -53.180  2.089  20.583 0.2500000000
59915  -15.360  -12.488  53.758 1.0000000000
118794  -12.667  -11.079  52.246 1.0000000000
67882  -15.351  -3.470  44.194 0.1250000000
59056  -7.029  -13.211  50.950 1.0000000000
67762  -12.276  -3.693  58.949 0.5000000000
66968  -16.773  -3.974  41.805 0.2500000000
108794  -11.980  -1.953  54.126 0.3750000000
68825  -15.418  -2.712  44.414 0.2500000000
69696  -16.239  -1.660  44.596 0.1250000000
66155  -18.084  -5.011  39.939 0.2500000000
66178  -18.768  -5.392  38.808 0.2500000000
61752  -9.598  -10.816  42.681 0.8750000000
61712  -6.132  -10.772  45.347 0.8750000000
61724  -6.860  -10.601  44.641 0.8750000000
61762  -10.591  -10.647  41.597 0.8750000000
61763  -11.239  -10.333  40.974 0.6250000000
66217  -21.283  -5.253  35.467 0.5000000000
61753  -10.834  -10.392  42.310 0.8750000000
62611  -12.227  -9.345  40.589 0.6250000000
70550  -30.914  -0.397  36.330 0.3750000000
64386  -12.621  -7.649  40.936 0.2500000000
66974  -10.379  -4.553  41.376 0.1250000000
66160  -11.364  -5.808  39.391 0.1250000000
71357  -34.958  1.166  34.879 0.1250000000
72295  -51.102  1.473  25.532 0.5000000000
72304  -50.733  1.671  24.624 0.5000000000
72315  -49.264  1.712  23.121 0.5000000000
73149  -51.266  2.308  24.254 0.6250000000
72326  -49.203  2.306  22.522 0.5000000000
108660  -51.780  2.866  23.921 0.6250000000
75162  -46.750  4.506  23.877 0.3750000000
73170  -48.871  2.777  22.088 0.5000000000
75177  -47.589  4.411  22.561 0.5000000000
73163  -52.715  3.508  24.094 0.7500000000
72319  -54.433  2.526  23.724 0.6250000000
74161  -53.643  4.273  23.407 0.8750000000
124532  -54.467  2.692  23.005 0.3750000000
72364  -52.499  2.163  17.023 0.2500000000
73262  -56.332  1.695  11.934 0.1250000000
66833  -12.397  -4.795  59.981 0.5000000000
107932  -7.404  -12.772  51.732 1.0000000000
67894  -16.635  -2.930  42.832 0.1250000000
68840  -16.978  -2.295  43.503 0.1250000000
118732  -5.055  -13.558  50.944 1.0000000000
68731  -11.937  -2.060  55.601 0.5000000000
108499  -12.194  -0.935  52.996 0.2500000000
123363  -19.422  -3.394  40.381 0.2500000000
67928  -19.126  -3.672  39.779 0.2500000000
109418  -19.858  -3.425  39.924 0.2500000000
60810  -6.408  -11.073  47.672 0.8750000000
67008  -20.209  -3.863  38.079 0.2500000000
126779  -7.111  -10.760  46.538 0.8750000000
61713  -7.374  -10.575  45.327 0.8750000000
61739  -9.434  -10.592  43.585 0.8750000000
113002  -10.700  -9.716  44.745 0.8750000000
66206  -21.665  -4.703  36.077 0.3750000000
126612  -12.453  -7.482  42.442 0.3750000000
76120  -47.100  5.420  25.544 0.2500000000
74180  -49.604  3.263  21.970 0.5000000000
74196  -48.782  4.297  21.767 0.6250000000
74198  -50.435  3.794  21.942 0.6250000000
74182  -54.443  3.785  22.925 0.7500000000
75182  -54.162  4.248  22.523 0.5000000000
73199  -53.384  2.788  19.446 0.2500000000
74247  -53.561  3.244  14.969 0.2500000000
124839  -53.739  3.474  14.294 0.2500000000
74270  -55.658  2.819  12.161 0.2500000000
74291  -56.981  3.246  10.433 0.2500000000
60714  -10.765  -11.710  58.079 0.8750000000
125395  -11.481  -10.627  58.856 0.7500000000
128566  -10.740  -11.122  54.787 1.0000000000
108115  -8.680  -12.084  53.103 1.0000000000
59923  -7.760  -12.417  52.703 1.0000000000
59921  -5.469  -13.060  52.320 1.0000000000
59047  -4.338  -13.246  52.211 1.0000000000
68827  -17.619  -1.815  44.168 0.1250000000
69596  -12.053  -1.517  54.866 0.2500000000
67931  -21.206  -3.459  39.514 0.2500000000
63486  -12.263  -8.616  42.833 0.6250000000
66129  -10.809  -5.227  43.526 0.2500000000
112219  -47.568  5.912  24.187 0.5000000000
77024  -48.153  6.900  24.946 0.3750000000
77050  -48.115  5.989  22.807 0.5000000000
113057  -48.649  6.216  22.192 0.6250000000
75196  -50.347  4.554  21.684 0.6250000000
73190  -53.979  3.520  21.415 0.5000000000
117262  -54.376  5.184  12.699 0.2500000000
76248  -56.218  5.928  9.674 0.2500000000
76249  -56.823  5.168  9.419 0.2500000000
65997  -10.898  -5.225  59.817 0.5000000000
128150  -7.341  -12.214  54.364 1.0000000000
59911  -7.029  -12.408  53.451 1.0000000000
67755  -11.100  -3.439  60.370 0.5000000000
68723  -11.682  -2.095  57.683 0.3750000000
69587  -11.725  -0.777  57.431 0.3750000000
59046  -3.566  -13.100  51.975 1.0000000000
112904  -12.237  -0.659  54.620 0.2500000000
66969  -21.945  -4.140  42.840 0.2500000000
67916  -21.867  -3.701  41.265 0.2500000000
62578  -9.778  -9.801  45.964 0.8750000000
66181  -24.186  -5.826  38.296 0.2500000000
62587  -11.443  -9.281  44.298 0.7500000000
70520  -31.691  -0.382  40.759 0.3750000000
65251  -11.713  -6.561  44.399 0.5000000000
60735  -7.365  -12.165  56.252 1.0000000000
60722  -6.870  -11.686  56.742 1.0000000000
67760  -10.169  -3.647  59.780 0.3750000000
69583  -10.508  -1.696  60.350 0.3750000000
68719  -10.158  -2.144  60.351 0.3750000000
107806  -10.807  -1.047  60.017 0.3750000000
60769  -4.092  -11.750  53.617 1.0000000000
59899  -4.235  -12.032  54.142 1.0000000000
60746  -4.100  -11.587  54.701 1.0000000000
66962  -22.437  -4.677  43.346 0.2500000000
66993  -22.795  -4.034  39.846 0.2500000000
66180  -23.764  -5.088  38.739 0.2500000000
62555  -8.908  -9.522  48.960 0.8750000000
63459  -11.034  -8.115  46.190 0.7500000000
64343  -11.004  -7.393  46.317 0.7500000000
117756  -11.728  -7.168  44.991 0.5000000000
77052  -48.963  7.766  22.979 0.5000000000
76161  -53.050  5.760  21.883 0.6250000000
112716  -53.822  4.817  19.673 0.5000000000
77146  -55.296  7.474  11.003 0.3750000000
78758  -55.109  9.391  5.170 0.3750000000
125423  -8.179  -7.522  55.003 0.7500000000
66025  -9.226  -5.492  54.399 0.6250000000
63389  -5.972  -8.511  55.995 0.7500000000
69586  -9.513  -1.546  58.386 0.3750000000
68718  -9.658  -2.012  59.764 0.3750000000
61640  -4.823  -10.738  56.201 1.0000000000
69585  -10.067  -0.419  60.242 0.3750000000
107202  -11.480  0.030  58.086 0.2500000000
61666  -7.386  -10.098  51.046 1.0000000000
62536  -8.373  -9.183  50.244 1.0000000000
62545  -9.240  -8.937  49.049 0.8750000000
62563  -10.148  -9.028  47.247 0.7500000000
64342  -10.715  -7.734  46.823 0.7500000000
66101  -9.133  -4.758  46.961 0.6250000000
66091  -10.384  -5.884  46.832 0.7500000000
78585  -49.809  10.336  24.969 0.5000000000
77960  -54.858  8.944  11.765 0.3750000000
78731  -55.782  8.549  7.381 0.3750000000
78740  -55.411  9.104  6.992 0.3750000000
79466  -55.091  9.540  6.032 0.3750000000
113438  -9.535  -2.132  57.019 0.3750000000
70383  -9.556  -0.441  58.463 0.3750000000
107203  -10.520  0.013  59.946 0.3750000000
61647  -3.829  -10.971  54.794 1.0000000000
62535  -7.830  -9.338  50.901 1.0000000000
63427  -8.082  -8.575  50.759 1.0000000000
63437  -9.148  -8.342  49.362 0.6250000000
65215  -9.676  -6.923  48.497 0.6250000000
65216  -10.148  -7.346  47.887 0.6250000000
64335  -10.446  -7.302  47.343 0.6250000000
126128  -53.876  5.904  19.405 0.6250000000
110208  -54.512  9.303  11.257 0.3750000000
78709  -54.519  9.206  10.606 0.3750000000
64261  -4.821  -7.117  56.350 0.7500000000
65146  -5.128  -6.797  56.361 0.7500000000
62513  -4.093  -9.670  55.341 0.8750000000
128423  -53.203  9.876  20.429 0.6250000000
108676  -53.791  6.782  19.247 0.6250000000
79402  -54.174  9.389  14.128 0.6250000000
77958  -53.113  8.434  11.779 0.3750000000
77167  -53.939  8.121  8.977 0.3750000000
128985  -3.832  -6.675  56.309 0.7500000000
63387  -4.125  -8.042  55.430 0.8750000000
64273  -3.905  -7.679  55.115 0.8750000000
63396  -4.084  -8.937  55.133 0.8750000000
116601  -10.061  1.985  59.506 0.2500000000
72902  -11.079  2.540  59.221 0.2500000000
66059  -7.233  -5.246  49.528 0.6250000000
125803  -7.690  -4.926  48.934 0.6250000000
129666  -7.263  -4.663  48.583 0.6250000000
71280  -8.397  0.666  43.306 0.3750000000
79350  -53.276  10.084  19.746 0.6250000000
79360  -53.280  10.107  18.861 0.6250000000
78649  -54.195  9.241  16.967 0.6250000000
79375  -53.697  9.773  16.998 0.6250000000
79376  -54.060  9.582  16.417 0.6250000000
68743  -8.679  -2.448  52.212 0.5000000000
68744  -9.319  -2.082  52.537 0.3750000000
67768  -3.724  -3.183  57.353 0.7500000000
122257  -3.713  -5.456  57.090 0.7500000000
66003  -3.947  -5.355  57.375 0.7500000000
70388  -9.710  -0.755  54.165 0.3750000000
118479  -6.608  -4.540  48.155 0.6250000000
117931  -4.253  -1.128  44.642 0.5000000000
71268  -4.219  0.229  44.682 0.5000000000
72148  -9.694  1.799  42.577 0.1250000000
68735  -5.680  -2.576  53.715 0.7500000000
67767  -3.718  -3.036  57.271 0.7500000000
67778  -5.152  -2.816  54.792 0.7500000000
69600  -9.607  -1.463  53.158 0.3750000000
66046  -5.989  -5.589  50.408 0.6250000000
66073  -5.259  -4.792  49.170 0.6250000000
69654  -4.243  -2.448  46.804 0.5000000000
69668  -4.634  -1.471  46.742 0.5000000000
74953  -9.741  4.687  41.767 0.1250000000
125811  -3.086  -0.448  56.041 0.6250000000
70387  -3.183  -0.212  55.894 0.5000000000
70414  -7.420  -0.584  51.173 0.5000000000
71215  -9.159  0.616  50.440 0.5000000000
71176  -3.198  0.604  55.381 0.5000000000
72033  -3.171  1.584  55.068 0.5000000000
69606  -2.846  -0.576  54.136 0.6250000000
72045  -2.912  1.550  53.430 0.5000000000
77667  -6.665  7.022  42.401 0.1250000000
125888  -7.373  6.894  42.106 0.1250000000
110835  -8.373  7.036  41.178 0.1250000000
117167  -4.456  2.093  54.278 0.5000000000
72922  -2.784  2.276  54.001 0.5000000000
72047  -10.440  1.633  51.973 0.3750000000
78451  -4.614  9.230  42.440 0.3750000000
78459  -7.932  8.265  40.785 0.1250000000
73810  -3.222  2.719  54.713 0.5000000000
111727  -5.099  3.162  53.080 0.5000000000
72957  -7.856  2.602  49.601 0.3750000000
74852  -3.381  4.428  51.888 0.5000000000
76737  -4.472  6.072  50.135 0.5000000000
75914  -3.806  5.627  44.136 0.3750000000
78460  -8.459  8.397  40.140 0.1250000000
79200  -7.912  9.026  40.391 0.1250000000
73818  -3.726  3.020  54.625 0.5000000000
74823  -3.142  4.913  54.128 0.5000000000
75853  -4.081  5.695  50.679 0.5000000000
121002  -3.601  7.064  51.745 0.5000000000
111616  -4.254  8.939  50.870 0.5000000000
76749  -5.643  6.184  48.400 0.5000000000
75826  -3.868  5.959  54.464 0.5000000000
126991  -3.271  5.533  54.171 0.5000000000
75827  -4.153  6.070  54.347 0.5000000000
75854  -6.369  5.152  51.026 0.5000000000
76730  -7.153  6.319  50.190 0.3750000000
75872  -7.948  5.551  49.013 0.3750000000
77578  -4.674  7.449  53.849 0.5000000000
77592  -5.664  6.896  52.404 0.5000000000
77601  -6.566  6.998  51.189 0.5000000000
120055  -4.819  9.133  54.047 0.5000000000
77602  -7.101  7.223  50.535 0.3750000000
77618  -8.784  7.635  48.220 0.3750000000
78384  -6.882  8.752  51.182 0.5000000000
124735  -6.601  9.953  52.187 0.5000000000
78401  -8.633  8.428  48.695 0.3750000000
79121  -7.565  9.653  50.726 0.5000000000
108247  -10.255  7.073  47.137 0.3750000000
79130  -8.907  9.842  49.214 0.5000000000
79148  -9.573  9.232  47.881 0.3750000000
79827  -9.120  10.652  49.658 0.5000000000
79844  -9.902  9.996  47.920 0.3750000000
80500  -9.759  11.155  49.457 0.3750000000
80510  -10.134  11.085  48.773 0.3750000000
40640  -12.743  -31.383  53.083 0.3750000000
41728  -13.731  -31.278  52.871 0.3750000000
41729  -14.547  -31.145  52.630 0.3750000000
41744  -16.212  -30.763  52.109 0.5000000000
109510  -16.441  -30.692  51.260 0.3750000000
109046  -18.102  -30.510  51.178 0.5000000000
124884  -18.566  -30.447  50.477 0.5000000000
124403  -19.239  -30.531  50.559 0.5000000000
123825  -20.010  -30.458  50.665 0.5000000000
124962  -19.124  -30.477  49.940 0.5000000000
130824  -19.705  -30.473  50.148 0.5000000000
40675  -20.821  -30.515  50.724 0.5000000000
108781  -21.467  -30.572  50.716 0.5000000000
38847  -8.853  -33.449  51.532 0.1250000000
41730  -15.387  -30.974  52.370 0.5000000000
39755  -9.359  -32.577  51.326 0.1250000000
113019  -11.226  -31.661  52.044 0.3750000000
109509  -17.267  -30.555  51.220 0.3750000000
130568  -18.782  -30.537  51.027 0.5000000000
40648  -12.208  -31.319  52.134 0.3750000000
40650  -22.082  -30.586  51.541 0.5000000000
40664  -22.644  -30.575  51.293 0.5000000000
122973  -23.794  -30.601  51.300 0.5000000000
40653  -24.636  -30.716  52.194 0.5000000000
40645  -26.039  -31.314  52.600 0.5000000000
40663  -22.015  -30.611  51.004 0.5000000000
41723  -27.875  -30.917  52.653 0.5000000000
118211  -9.412  -32.801  52.022 0.1250000000
40647  -10.790  -31.986  52.780 0.3750000000
119459  -11.693  -31.596  52.838 0.3750000000
41709  -13.551  -31.437  53.714 0.3750000000
40659  -10.169  -32.125  51.937 0.3750000000
41731  -16.825  -30.754  52.670 0.3750000000
40665  -23.262  -30.566  51.569 0.5000000000
40642  -24.028  -30.584  52.546 0.5000000000
40652  -23.920  -30.627  51.869 0.5000000000
40654  -25.345  -30.967  52.452 0.5000000000
42832  -26.647  -31.051  53.318 0.5000000000
41735  -26.967  -31.322  52.724 0.5000000000
42833  -27.530  -30.787  53.326 0.6250000000
49529  -3.311  -23.580  51.681 0.3750000000
53665  -4.543  -19.567  47.402 0.3750000000
117454  -4.710  -19.345  45.896 0.3750000000
120666  -4.679  -19.674  45.054 0.6250000000
53710  -5.657  -19.249  44.630 0.7500000000
124119  -5.450  -19.387  44.054 0.7500000000
127494  -8.978  -33.360  52.388 0.2500000000
40638  -11.332  -32.028  53.870 0.3750000000
40635  -12.082  -31.773  54.271 0.3750000000
39753  -9.757  -32.532  52.813 0.3750000000
112037  -11.307  -31.925  53.339 0.3750000000
40639  -12.014  -31.705  53.592 0.3750000000
41711  -15.173  -31.094  53.317 0.5000000000
123990  -16.888  -30.634  51.865 0.5000000000
41707  -25.943  -30.939  53.579 0.5000000000
44725  -28.515  -28.695  53.919 0.6250000000
43783  -28.823  -29.621  53.228 0.6250000000
123053  -37.408  -19.804  48.062 0.6250000000
50523  -3.543  -22.966  51.218 0.3750000000
51569  -3.699  -21.651  51.004 0.3750000000
52566  -4.066  -20.445  48.888 0.3750000000
53679  -4.791  -19.252  46.745 0.3750000000
53680  -5.408  -19.069  46.181 0.5000000000
53693  -6.023  -19.151  45.364 0.6250000000
53711  -6.573  -19.285  44.680 0.7500000000
53727  -6.659  -19.412  43.443 0.7500000000
53739  -6.258  -19.476  42.844 0.7500000000
53751  -6.925  -19.530  42.068 0.7500000000
41696  -13.555  -31.489  54.453 0.3750000000
40636  -12.825  -31.605  54.013 0.3750000000
125099  -14.094  -31.392  54.149 0.3750000000
41710  -14.319  -31.271  53.486 0.3750000000
108557  -16.046  -30.919  53.053 0.5000000000
120797  -22.715  -30.563  51.778 0.5000000000
41745  -17.616  -30.600  52.110 0.5000000000
41746  -18.647  -30.509  51.811 0.5000000000
40641  -23.381  -30.507  52.525 0.5000000000
40644  -25.448  -30.979  52.952 0.5000000000
42828  -26.676  -30.533  53.865 0.6250000000
41748  -20.359  -30.453  51.251 0.5000000000
42829  -28.129  -30.143  53.457 0.6250000000
46790  -28.584  -26.433  52.506 0.7500000000
44736  -27.983  -27.801  53.914 0.6250000000
53675  -37.889  -19.269  47.797 0.7500000000
53681  -6.609  -19.263  46.124 0.7500000000
40630  -10.225  -32.322  54.977 0.3750000000
40631  -11.119  -31.939  54.811 0.3750000000
40633  -12.871  -31.584  54.701 0.5000000000
41697  -14.277  -31.258  54.752 0.5000000000
108770  -14.809  -31.185  54.156 0.5000000000
108558  -15.823  -31.024  54.133 0.5000000000
124155  -12.033  -29.491  55.342 0.5000000000
41712  -16.688  -30.896  53.599 0.6250000000
111061  -11.324  -29.423  55.072 0.5000000000
44718  -12.653  -28.791  54.937 0.6250000000
108556  -17.381  -30.699  53.165 0.3750000000
40662  -21.316  -30.508  51.288 0.5000000000
130365  -22.272  -30.578  51.916 0.5000000000
41721  -24.949  -30.780  53.270 0.5000000000
41747  -19.444  -30.498  51.190 0.5000000000
114230  -27.460  -30.031  53.983 0.6250000000
44724  -27.670  -28.528  54.178 0.7500000000
45768  -28.291  -27.231  53.478 0.7500000000
45788  -28.176  -27.009  53.059 0.7500000000
46803  -28.719  -25.986  52.037 0.7500000000
47730  -28.696  -25.504  51.470 0.7500000000
53643  -31.426  -19.834  49.838 0.8750000000
52664  -3.860  -21.901  39.536 0.6250000000
52679  -4.302  -21.311  38.804 0.6250000000
116620  -3.721  -22.263  39.145 0.6250000000
52678  -4.004  -21.826  38.523 0.6250000000
50691  -4.687  -22.107  36.065 0.3750000000
51675  -3.915  -22.413  38.263 0.5000000000
50664  -4.153  -22.832  37.631 0.5000000000
50678  -4.338  -22.365  36.827 0.5000000000
50679  -4.753  -22.603  36.553 0.5000000000
49693  -3.996  -23.658  37.938 0.5000000000
40632  -12.044  -31.705  54.772 0.5000000000
41689  -12.911  -31.354  55.238 0.5000000000
41690  -13.680  -31.296  55.090 0.5000000000
40626  -10.849  -31.632  55.238 0.3750000000
40627  -11.862  -31.479  55.172 0.5000000000
113176  -11.503  -30.920  55.504 0.5000000000
114959  -12.463  -30.497  55.617 0.5000000000
43746  -12.428  -29.855  55.766 0.5000000000
42796  -11.535  -30.216  55.609 0.5000000000
44703  -12.750  -29.339  55.588 0.5000000000
123982  -12.840  -28.935  55.369 0.6250000000
43776  -12.156  -29.114  55.075 0.6250000000
41713  -17.683  -30.562  53.648 0.6250000000
41732  -18.080  -30.499  52.793 0.5000000000
124734  -18.880  -30.364  52.518 0.5000000000
110702  -19.645  -30.431  51.818 0.5000000000
41733  -20.622  -30.401  51.760 0.5000000000
40649  -21.527  -30.492  51.889 0.5000000000
45767  -27.716  -27.464  53.483 0.7500000000
46789  -28.185  -26.771  52.545 0.7500000000
48648  -28.588  -23.539  50.302 0.7500000000
48622  -29.029  -23.928  51.181 0.7500000000
51564  -29.694  -21.590  51.082 0.8750000000
114506  -29.032  -22.230  50.447 0.8750000000
116781  -30.530  -19.880  49.749 0.8750000000
112636  -37.138  -18.880  46.312 0.5000000000
51578  -29.353  -21.090  50.348 0.8750000000
53642  -29.841  -20.145  49.589 0.8750000000
51735  -4.404  -20.853  34.949 0.2500000000
52740  -4.819  -20.310  34.640 0.2500000000
52741  -5.943  -20.512  34.772 0.1250000000
52742  -6.920  -20.759  34.456 0.1250000000
51748  -7.748  -20.982  33.864 0.1250000000
52691  -4.334  -20.646  37.668 0.6250000000
51709  -4.027  -21.585  36.377 0.6250000000
124303  -4.346  -21.552  35.739 0.5000000000
51722  -4.636  -21.546  35.525 0.2500000000
111533  -4.065  -21.205  37.689 0.6250000000
51695  -4.046  -22.012  37.207 0.5000000000
41682  -13.937  -30.846  55.674 0.6250000000
41691  -14.532  -30.939  55.415 0.6250000000
41698  -15.133  -31.003  54.930 0.6250000000
113869  -13.116  -30.832  55.575 0.5000000000
42797  -13.492  -30.291  55.938 0.5000000000
114300  -13.435  -29.681  56.095 0.6250000000
108311  -16.616  -30.775  54.451 0.6250000000
43762  -13.564  -29.045  55.804 0.6250000000
44719  -13.246  -28.667  55.141 0.6250000000
124412  -17.181  -30.770  53.916 0.6250000000
41714  -18.252  -30.363  53.297 0.6250000000
41718  -22.853  -30.451  52.773 0.5000000000
41719  -23.674  -30.492  52.955 0.5000000000
41706  -25.196  -30.768  53.712 0.6250000000
45759  -13.417  -28.243  53.683 0.7500000000
41715  -19.003  -30.191  52.986 0.6250000000
41716  -20.020  -30.202  52.755 0.5000000000
41717  -21.193  -30.287  52.602 0.5000000000
41734  -22.157  -30.533  52.326 0.5000000000
41701  -20.292  -29.998  53.311 0.5000000000
43781  -26.551  -29.488  54.344 0.6250000000
121575  -27.354  -29.205  54.278 0.6250000000
44735  -27.207  -27.890  53.869 0.7500000000
45806  -27.493  -27.176  52.312 0.7500000000
45787  -27.625  -27.307  53.068 0.7500000000
46802  -28.176  -26.465  51.806 0.7500000000
46816  -28.067  -26.056  50.911 0.7500000000
47742  -28.521  -25.041  50.707 0.7500000000
47762  -26.061  -26.098  48.028 0.8750000000
47763  -26.802  -25.599  48.567 0.8750000000
47743  -28.873  -24.434  51.098 0.7500000000
46875  -24.977  -26.190  46.819 0.8750000000
47784  -24.699  -25.900  45.962 0.8750000000
53704  -35.827  -18.807  45.462 0.3750000000
54703  -36.735  -18.345  46.012 0.5000000000
52739  -4.029  -20.337  34.607 0.5000000000
123782  -4.252  -19.747  34.383 0.2500000000
52753  -6.705  -20.066  34.455 0.2500000000
52754  -7.413  -20.397  34.128 0.1250000000
53803  -3.554  -20.468  36.393 0.6250000000
52722  -3.342  -20.127  35.475 0.6250000000
51734  -4.015  -20.945  35.123 0.3750000000
53804  -3.825  -20.424  36.960 0.6250000000
41683  -14.904  -30.546  55.960 0.7500000000
41692  -15.359  -30.637  55.652 0.7500000000
109387  -15.951  -30.746  55.115 0.6250000000
42798  -14.533  -30.330  56.218 0.7500000000
43747  -14.174  -30.005  56.382 0.7500000000
41699  -17.207  -30.512  54.457 0.6250000000
108003  -17.618  -30.214  54.484 0.6250000000
125498  -18.298  -30.226  53.729 0.6250000000
41720  -24.326  -30.606  53.140 0.5000000000
42827  -25.783  -30.265  54.150 0.6250000000
41700  -19.169  -30.059  53.454 0.5000000000
124445  -22.003  -30.430  52.890 0.5000000000
122267  -23.190  -30.360  53.275 0.5000000000
41704  -23.814  -30.434  53.480 0.5000000000
41702  -21.310  -30.085  53.359 0.6250000000
41703  -22.286  -30.248  53.509 0.5000000000
44723  -26.826  -28.495  54.260 0.7500000000
45766  -27.004  -27.693  53.505 0.7500000000
46801  -27.257  -26.912  51.250 0.7500000000
46827  -25.588  -27.103  49.353 0.7500000000
46828  -26.343  -26.787  49.941 0.7500000000
46829  -27.192  -26.382  50.338 0.7500000000
46836  -24.786  -27.046  48.092 0.8750000000
46837  -25.452  -26.800  48.471 0.8750000000
46838  -26.240  -26.454  48.927 0.7500000000
47754  -27.014  -26.006  49.458 0.7500000000
47755  -27.831  -25.523  50.037 0.7500000000
46851  -24.377  -26.902  47.342 0.8750000000
46852  -25.247  -26.494  47.638 0.8750000000
46893  -23.597  -26.412  45.284 0.8750000000
46874  -24.208  -26.551  46.470 0.8750000000
128684  -35.502  -18.224  45.107 0.5000000000
46894  -24.211  -26.054  45.393 0.8750000000
53851  -3.725  -19.671  34.423 0.5000000000
127962  -4.809  -19.761  34.452 0.2500000000
53821  -4.386  -19.274  36.777 0.7500000000
53820  -3.480  -19.753  36.325 0.6250000000
52738  -3.624  -20.221  34.747 0.5000000000
126497  -3.471  -19.612  34.592 0.5000000000
126847  -3.883  -19.722  36.728 0.7500000000
42799  -15.317  -30.199  56.325 0.7500000000
41684  -15.627  -30.283  56.111 0.7500000000
108056  -16.551  -30.437  55.250 0.7500000000
44694  -14.313  -29.481  56.423 0.7500000000
44704  -14.559  -28.880  56.145 0.7500000000
44720  -14.023  -28.542  55.402 0.7500000000
41694  -16.983  -30.163  55.288 0.6250000000
45748  -13.703  -28.363  54.590 0.7500000000
42820  -18.375  -29.948  54.259 0.6250000000
42816  -18.597  -29.513  54.779 0.6250000000
41705  -24.489  -30.589  53.669 0.5000000000
42822  -20.507  -29.668  53.922 0.6250000000
42824  -22.997  -30.072  54.014 0.6250000000
42826  -24.813  -30.014  54.378 0.6250000000
121590  -22.084  -29.847  54.235 0.6250000000
43780  -25.547  -29.202  54.554 0.6250000000
126620  -26.049  -28.570  54.319 0.7500000000
44734  -26.204  -28.003  53.938 0.7500000000
108203  -26.072  -27.845  53.495 0.7500000000
45786  -26.811  -27.610  52.929 0.7500000000
45817  -25.217  -27.630  50.769 0.7500000000
45804  -25.524  -27.742  51.752 0.7500000000
45805  -26.552  -27.557  51.974 0.7500000000
45825  -25.013  -27.545  49.874 0.7500000000
45826  -25.658  -27.314  50.146 0.7500000000
45818  -26.193  -27.362  50.888 0.7500000000
113418  -23.807  -27.695  48.964 0.8750000000
45835  -24.739  -27.415  48.918 0.7500000000
45861  -23.042  -27.271  46.841 0.8750000000
45862  -23.700  -26.971  46.852 0.8750000000
45834  -24.125  -27.476  48.137 0.8750000000
46873  -23.400  -26.842  46.084 0.8750000000
54723  -34.910  -18.216  43.693 0.6250000000
53850  -3.229  -19.092  34.700 0.6250000000
54798  -3.103  -18.210  34.297 0.5000000000
127461  -4.711  -19.204  34.344 0.2500000000
111641  -3.762  -19.026  36.391 0.7500000000
54780  -3.255  -18.736  35.878 0.7500000000
52737  -3.322  -19.966  34.970 0.6250000000
42801  -16.201  -29.982  56.342 0.7500000000
42789  -15.663  -29.932  56.504 0.7500000000
43748  -15.050  -29.893  56.516 0.7500000000
42813  -16.553  -30.092  55.964 0.7500000000
45734  -14.899  -28.342  55.594 0.7500000000
42815  -17.561  -29.784  55.258 0.6250000000
42817  -19.703  -29.366  54.514 0.6250000000
42818  -20.685  -29.303  54.413 0.6250000000
42825  -23.909  -30.110  54.207 0.6250000000
42823  -21.403  -29.771  54.024 0.6250000000
43779  -23.287  -29.464  54.937 0.6250000000
117313  -24.108  -29.458  54.918 0.7500000000
44722  -25.243  -28.095  54.484 0.7500000000
45785  -25.147  -27.693  53.458 0.7500000000
45765  -25.244  -27.677  53.989 0.7500000000
45784  -24.410  -27.413  53.328 0.7500000000
109164  -25.863  -27.806  52.746 0.7500000000
45801  -23.330  -27.417  51.548 0.7500000000
45802  -23.591  -27.314  52.417 0.7500000000
45803  -24.382  -27.689  51.608 0.7500000000
111158  -24.934  -27.778  52.600 0.7500000000
116879  -22.961  -27.627  49.091 0.7500000000
45823  -23.386  -27.639  49.829 0.7500000000
45815  -23.785  -27.623  50.647 0.7500000000
45816  -24.521  -27.668  50.508 0.7500000000
45833  -23.303  -27.612  48.248 0.7500000000
45824  -24.220  -27.700  49.763 0.7500000000
45860  -22.272  -27.285  47.003 0.8750000000
45845  -23.566  -27.345  47.483 0.8750000000
46909  -21.398  -26.507  44.606 0.8750000000
46872  -22.476  -27.117  46.195 0.8750000000
46924  -21.675  -26.221  43.952 0.8750000000
55670  -35.640  -17.251  42.290 0.6250000000
48726  -21.577  -24.844  41.229 0.8750000000
54797  -2.952  -18.304  34.700 0.6250000000
54799  -3.408  -18.261  34.050 0.3750000000
53834  -3.052  -18.889  35.200 0.7500000000
42790  -15.985  -29.817  56.585 0.7500000000
44695  -15.211  -29.295  56.669 0.7500000000
42802  -16.729  -29.708  56.464 0.7500000000
42814  -16.977  -29.898  55.952 0.6250000000
43763  -17.964  -29.183  55.633 0.6250000000
43764  -18.946  -29.049  55.172 0.6250000000
43765  -19.952  -28.983  54.887 0.6250000000
43766  -20.872  -28.685  54.803 0.7500000000
43767  -21.758  -28.820  55.124 0.7500000000
128314  -23.198  -27.809  55.375 0.6250000000
43769  -23.758  -28.417  55.310 0.7500000000
43768  -22.663  -28.443  55.361 0.7500000000
44710  -23.616  -27.319  55.200 0.7500000000
44721  -24.408  -27.714  54.974 0.7500000000
46760  -22.672  -26.300  55.070 0.7500000000
45764  -24.417  -27.128  53.979 0.7500000000
45754  -24.653  -27.423  54.384 0.7500000000
46775  -22.557  -25.957  53.575 0.7500000000
46776  -23.198  -26.595  53.645 0.7500000000
45763  -23.864  -26.921  53.686 0.7500000000
47741  -22.046  -25.830  51.491 0.7500000000
46787  -22.515  -26.047  52.795 0.7500000000
46788  -23.049  -26.676  53.056 0.7500000000
112450  -24.241  -27.538  52.642 0.7500000000
47740  -21.722  -25.070  51.089 0.7500000000
46815  -22.280  -26.704  50.699 0.7500000000
45814  -22.963  -27.411  50.707 0.7500000000
46834  -21.050  -26.168  48.882 0.8750000000
46825  -21.340  -25.964  49.739 0.7500000000
45832  -22.373  -27.443  48.432 0.7500000000
46850  -20.922  -26.332  47.972 0.8750000000
45859  -21.500  -26.983  47.394 0.8750000000
45843  -22.122  -27.314  47.693 0.8750000000
47806  -20.140  -25.737  44.556 0.8750000000
46908  -20.708  -26.316  44.954 0.8750000000
46871  -21.555  -26.997  46.519 0.8750000000
47817  -20.545  -25.658  43.333 0.8750000000
114518  -21.225  -25.931  43.454 0.8750000000
47838  -20.271  -24.693  41.998 0.8750000000
47839  -20.999  -25.109  41.906 0.8750000000
55739  -2.917  -17.415  33.980 0.3750000000
43749  -15.791  -29.611  56.672 0.7500000000
43750  -16.429  -29.489  56.785 0.7500000000
127762  -14.411  -28.195  54.858 0.7500000000
42803  -17.260  -29.480  56.288 0.6250000000
43753  -18.427  -28.648  55.876 0.7500000000
44706  -19.313  -28.539  55.368 0.7500000000
44707  -20.098  -28.441  55.011 0.7500000000
45741  -21.034  -26.885  54.940 0.7500000000
44708  -21.604  -27.765  55.254 0.7500000000
46767  -21.827  -25.696  54.593 0.7500000000
46759  -22.245  -25.912  54.919 0.7500000000
46758  -21.499  -26.101  54.912 0.7500000000
47708  -22.097  -25.357  53.782 0.7500000000
114101  -22.371  -25.695  54.075 0.7500000000
47701  -22.003  -25.504  54.237 0.7500000000
47728  -21.871  -24.828  51.826 0.7500000000
48621  -21.911  -24.770  52.504 0.7500000000
47718  -22.130  -25.222  53.085 0.7500000000
47753  -20.967  -25.199  49.378 0.8750000000
46814  -21.683  -25.878  50.580 0.7500000000
47761  -20.681  -25.466  48.541 0.8750000000
47794  -19.722  -25.133  44.956 0.8750000000
47772  -20.507  -25.577  47.613 0.8750000000
47805  -19.716  -25.207  44.089 0.8750000000
47795  -20.196  -25.754  45.482 0.8750000000
48724  -19.760  -24.128  42.040 0.8750000000
128228  -37.335  -16.442  40.620 0.5000000000
55698  -36.843  -16.661  39.457 0.3750000000
55688  -37.468  -16.478  40.002 0.3750000000
45735  -15.832  -28.040  55.821 0.7500000000
113485  -16.022  -29.046  56.926 0.7500000000
45761  -15.201  -27.664  53.553 0.8750000000
45749  -15.232  -27.858  54.718 0.7500000000
44696  -16.851  -28.723  57.045 0.7500000000
43751  -17.159  -29.171  56.923 0.7500000000
45780  -14.592  -27.745  52.779 0.8750000000
45760  -14.340  -28.022  53.898 0.8750000000
43752  -17.782  -28.833  56.611 0.7500000000
44699  -18.847  -28.101  55.894 0.7500000000
125821  -19.327  -28.033  55.511 0.7500000000
45740  -20.203  -27.036  54.923 0.7500000000
46757  -20.327  -26.333  54.804 0.7500000000
109284  -20.566  -27.772  54.983 0.7500000000
47705  -20.393  -25.240  53.932 0.7500000000
47693  -21.087  -25.933  54.551 0.7500000000
49536  -20.234  -23.008  51.330 0.8750000000
49522  -20.591  -23.428  52.151 0.7500000000
48595  -21.316  -24.686  53.460 0.7500000000
47707  -21.657  -25.212  53.847 0.7500000000
49537  -20.810  -23.183  51.580 0.8750000000
48620  -21.561  -24.129  52.261 0.7500000000
48607  -21.751  -24.567  52.886 0.7500000000
49565  -20.529  -23.314  49.405 0.8750000000
49566  -20.824  -23.296  50.219 0.8750000000
48633  -21.487  -24.144  51.254 0.7500000000
48653  -20.583  -23.977  48.798 0.8750000000
48654  -20.685  -24.694  48.951 0.8750000000
48692  -19.558  -24.545  44.440 0.8750000000
55699  -37.666  -16.414  39.296 0.3750000000
55708  -37.005  -16.561  38.713 0.3750000000
45728  -17.263  -27.858  56.959 0.7500000000
44697  -17.686  -28.274  57.009 0.7500000000
44698  -18.338  -28.190  56.667 0.7500000000
45739  -19.302  -27.456  55.515 0.7500000000
116104  -18.281  -27.279  56.490 0.7500000000
45730  -18.592  -27.596  56.316 0.7500000000
114730  -19.545  -26.724  55.127 0.7500000000
46774  -18.621  -26.220  54.479 0.7500000000
46766  -19.101  -26.357  54.965 0.7500000000
46756  -19.728  -26.244  54.857 0.7500000000
47716  -19.047  -24.972  52.951 0.7500000000
47717  -19.656  -25.048  53.588 0.7500000000
47698  -20.023  -25.827  54.553 0.7500000000
47692  -20.441  -25.984  54.608 0.7500000000
49535  -19.416  -23.374  51.003 0.8750000000
48603  -19.378  -24.325  52.376 0.7500000000
49550  -19.785  -22.770  50.370 0.8750000000
50528  -20.396  -22.864  49.922 0.8750000000
49551  -20.444  -22.924  50.675 0.8750000000
49584  -20.139  -23.539  47.592 0.8750000000
56611  -38.275  -16.268  39.884 0.3750000000
55709  -37.785  -16.290  38.520 0.3750000000
56620  -38.535  -16.088  39.169 0.3750000000
56629  -38.516  -15.886  38.238 0.3750000000
55721  -37.821  -16.113  37.642 0.2500000000
44705  -16.410  -28.325  56.712 0.7500000000
45736  -16.794  -27.570  56.069 0.7500000000
128069  -16.753  -27.302  55.289 0.7500000000
46772  -17.198  -26.731  53.513 0.7500000000
45750  -16.775  -27.128  54.476 0.7500000000
46765  -17.706  -26.681  54.511 0.7500000000
45737  -17.816  -27.267  56.304 0.7500000000
47726  -17.686  -25.746  51.712 0.8750000000
46773  -18.032  -26.200  53.606 0.7500000000
46754  -18.250  -26.777  55.351 0.7500000000
48631  -17.694  -24.664  50.189 0.8750000000
48617  -18.121  -24.870  51.114 0.8750000000
47715  -18.267  -25.625  52.782 0.7500000000
49548  -18.083  -23.827  49.764 0.8750000000
48618  -18.962  -24.169  51.525 0.8750000000
47727  -18.558  -24.954  52.078 0.7500000000
49564  -18.529  -23.020  49.424 0.8750000000
49549  -18.942  -23.218  50.175 0.8750000000
122976  -39.873  -15.636  38.367 0.3750000000
56642  -39.377  -15.628  37.720 0.3750000000
55730  -37.886  -15.901  36.674 0.2500000000
56641  -38.567  -15.727  37.229 0.3750000000
55737  -37.298  -16.214  36.088 0.1250000000
56651  -38.714  -15.607  36.185 0.2500000000
114447  -37.539  -16.040  35.129 0.1250000000
129535  -15.805  -27.429  53.218 0.8750000000
112755  -16.198  -27.539  55.092 0.7500000000
45800  -15.646  -27.272  51.860 0.8750000000
116590  -15.925  -27.455  54.076 0.7500000000
46797  -16.327  -26.860  51.609 0.8750000000
45782  -16.078  -27.237  52.520 0.8750000000
45762  -16.431  -27.173  53.379 0.7500000000
46785  -16.783  -26.833  52.561 0.7500000000
46798  -17.083  -26.465  51.864 0.8750000000
56631  -40.028  -15.718  39.099 0.3750000000
56652  -39.400  -15.565  36.619 0.2500000000
55738  -38.077  -15.747  35.674 0.1250000000
57473  -40.692  -15.641  38.464 0.3750000000
56643  -40.353  -15.563  37.646 0.3750000000
108601  -40.081  -15.550  36.906 0.3750000000
56653  -40.379  -15.540  35.885 0.2500000000
57486  -42.131  -15.553  37.661 0.3750000000
57496  -41.048  -15.540  36.654 0.3750000000
57487  -42.837  -15.495  38.138 0.3750000000
117614  -41.853  -15.518  36.966 0.3750000000
56662  -40.132  -15.609  35.020 0.2500000000
56654  -41.330  -15.604  35.659 0.3750000000
128698  -41.829  -15.985  34.467 0.3750000000
57476  -43.660  -15.302  38.890 0.5000000000
57488  -43.670  -15.379  37.667 0.3750000000
57498  -42.744  -15.480  36.982 0.3750000000
122925  -42.893  -15.482  35.993 0.3750000000
58343  -44.491  -14.991  38.486 0.6250000000
57503  -42.613  -15.545  35.240 0.3750000000
56665  -42.394  -15.754  34.518 0.3750000000
56683  -42.612  -15.569  34.183 0.3750000000
109641  -42.040  -16.144  33.775 0.3750000000
58344  -45.133  -14.504  37.992 0.5000000000
58351  -44.772  -14.409  36.659 0.5000000000
58350  -44.366  -15.058  37.133 0.3750000000
57499  -43.586  -15.346  36.481 0.3750000000
58358  -44.044  -14.898  35.855 0.3750000000
57504  -43.319  -15.316  35.470 0.3750000000
129641  -43.012  -15.088  34.303 0.3750000000
57516  -42.941  -15.373  34.695 0.3750000000
57540  -42.983  -14.775  33.632 0.3750000000
56697  -42.531  -15.578  33.510 0.3750000000
57539  -42.618  -15.285  33.195 0.3750000000
125508  -42.258  -15.600  32.743 0.2500000000
113323  -42.485  -15.207  32.767 0.2500000000
58412  -42.152  -14.895  32.266 0.1250000000
72061  -13.047  1.973  51.698 0.2500000000
59222  -45.032  -13.761  36.284 0.6250000000
58359  -44.363  -14.255  35.506 0.3750000000
58372  -43.806  -14.439  34.791 0.3750000000
108622  -43.274  -14.753  34.227 0.3750000000
127823  -42.791  -14.807  33.099 0.3750000000
60105  -41.843  -13.023  31.934 0.1250000000
60981  -41.753  -11.499  32.090 0.1250000000
116355  -41.884  -8.934  31.959 0.3750000000
63599  -42.325  -8.091  32.091 0.3750000000
59278  -42.098  -14.055  32.155 0.1250000000
64505  -42.991  -6.673  31.500 0.3750000000
77560  -16.941  7.297  58.218 0.2500000000
76694  -16.183  5.848  58.253 0.2500000000
75814  -15.586  5.441  57.356 0.2500000000
75820  -15.034  5.145  56.473 0.2500000000
75830  -15.100  5.245  55.142 0.2500000000
74827  -14.445  4.520  54.404 0.2500000000
72048  -12.993  2.065  52.467 0.2500000000
72925  -13.386  2.770  52.828 0.2500000000
74818  -14.447  4.679  55.750 0.2500000000
58373  -44.148  -14.011  34.818 0.3750000000
59252  -43.446  -13.961  33.686 0.3750000000
62686  -43.226  -10.151  33.602 0.3750000000
59263  -43.028  -14.093  33.252 0.2500000000
60967  -42.979  -12.631  33.195 0.2500000000
60966  -42.505  -11.635  32.814 0.1250000000
61838  -42.768  -10.825  33.191 0.3750000000
124003  -42.476  -8.849  32.720 0.3750000000
59262  -42.612  -13.510  32.736 0.1250000000
62698  -42.398  -9.787  32.793 0.2500000000
64497  -42.924  -7.213  32.472 0.3750000000
77565  -16.602  8.112  57.873 0.2500000000
76687  -16.064  7.205  58.449 0.2500000000
60074  -44.438  -12.673  34.943 0.3750000000
120460  -43.884  -13.732  34.283 0.3750000000
60092  -43.154  -13.514  33.320 0.2500000000
60954  -43.178  -11.683  33.440 0.3750000000
60945  -43.963  -12.122  34.386 0.3750000000
60955  -43.577  -12.381  33.800 0.5000000000
112800  -43.933  -11.271  34.348 0.5000000000
61839  -43.451  -11.000  33.782 0.3750000000
111353  -53.373  0.794  24.756 0.5000000000
110681  -52.699  0.966  23.384 0.3750000000
79389  -53.798  9.706  15.436 0.5000000000
79369  -53.343  10.035  17.937 0.5000000000
79380  -53.364  9.785  16.611 0.5000000000
79388  -53.301  9.615  15.939 0.5000000000
39748  -8.946  -33.068  53.662 0.3750000000
122150  -8.545  -34.160  52.043 0.1250000000
129356  -8.447  -34.241  51.398 0.1250000000
40624  -8.980  -32.165  55.455 0.3750000000
39757  -8.901  -33.082  50.781 0.1250000000
38856  -8.523  -33.973  49.613 0.1250000000
38850  -8.564  -33.928  50.615 0.1250000000
38843  -8.359  -33.773  53.201 0.2500000000
42795  -9.999  -30.621  55.588 0.5000000000
39752  -8.984  -33.161  53.069 0.3750000000
39749  -9.780  -32.618  53.564 0.3750000000
42811  -10.610  -30.092  55.477 0.5000000000
123907  -10.822  -30.545  55.580 0.5000000000
42812  -11.391  -29.759  55.383 0.5000000000
38841  -8.214  -33.582  53.792 0.3750000000
42834  -28.335  -30.405  52.916 0.6250000000
49526  -29.963  -23.022  52.034 0.7500000000
52560  -29.698  -20.813  50.638 0.8750000000
50520  -29.980  -21.952  51.415 0.8750000000
113283  -28.512  -26.772  52.998 0.7500000000
49524  -29.208  -23.758  51.340 0.7500000000
51572  -29.912  -21.067  51.156 0.8750000000
50519  -29.531  -22.318  51.202 0.8750000000
49525  -29.465  -23.405  51.659 0.7500000000
44737  -28.787  -27.889  53.693 0.7500000000
52570  -29.511  -20.618  50.009 0.8750000000
52571  -30.015  -20.320  50.269 0.8750000000
51563  -29.374  -21.563  50.621 0.8750000000
114848  -21.872  -26.825  45.013 0.8750000000
48682  -19.616  -24.445  45.195 0.8750000000
48701  -19.584  -24.526  43.549 0.8750000000
130035  -20.019  -22.880  47.869 0.8750000000
48710  -19.778  -24.657  42.712 0.8750000000
48647  -28.261  -24.437  49.851 0.8750000000
47764  -27.629  -25.109  49.135 0.7500000000
47774  -26.610  -25.160  47.647 0.8750000000
47773  -25.770  -25.754  47.201 0.8750000000
47785  -25.481  -25.469  46.416 0.8750000000
50536  -19.543  -22.587  49.022 0.8750000000
50548  -19.828  -22.653  48.426 0.8750000000
48744  -20.485  -24.124  40.871 0.8750000000
49553  -28.818  -23.003  50.799 0.7500000000
47738  -16.570  -25.912  50.195 0.8750000000
50535  -19.020  -22.608  49.186 0.8750000000
112574  -3.167  -24.837  51.341 0.3750000000
51560  -3.580  -21.734  51.917 0.3750000000
111858  -3.385  -22.830  52.085 0.3750000000
128938  -3.829  -21.259  50.170 0.3750000000
52558  -3.921  -20.644  49.727 0.5000000000
53649  -4.188  -19.938  48.186 0.3750000000
41679  -9.494  -31.351  55.570 0.3750000000
53660  -30.342  -19.760  48.923 0.8750000000
122852  -5.343  -19.123  47.015 0.3750000000
54659  -32.048  -19.348  49.333 0.8750000000
55645  -35.991  -17.837  45.540 0.5000000000
109484  -6.161  -19.309  44.059 0.7500000000
56621  -39.368  -15.804  39.527 0.3750000000
57474  -41.879  -15.591  38.599 0.3750000000
59242  -44.365  -13.505  34.891 0.5000000000
60946  -44.407  -11.700  34.928 0.5000000000
109109  -52.678  -0.055  25.497 0.3750000000
71446  -53.048  0.900  24.049 0.3750000000
79381  -53.759  9.742  16.198 0.5000000000
79400  -53.312  9.534  15.148 0.5000000000
47725  -16.902  -26.253  51.051 0.8750000000
47739  -17.338  -25.491  50.632 0.8750000000
45781  -15.368  -27.494  52.591 0.8750000000
123832  -44.592  -13.802  35.375 0.5000000000
63600  -42.912  -8.258  33.096 0.3750000000
39750  -10.596  -32.222  53.463 0.3750000000
53678  -4.493  -19.608  46.508 0.3750000000
125332  -5.141  -19.222  45.254 0.5000000000
53709  -4.927  -19.524  44.408 0.6250000000
53725  -5.015  -19.572  43.634 0.7500000000
40634  -11.267  -32.019  54.373 0.3750000000
39746  -10.540  -32.347  53.993 0.3750000000
39741  -9.506  -32.736  54.611 0.3750000000
39742  -10.391  -32.362  54.485 0.3750000000
39745  -9.697  -32.687  54.127 0.3750000000
122135  -20.681  -30.330  52.188 0.5000000000
47731  -29.005  -25.042  51.548 0.7500000000
53628  -30.792  -20.178  50.446 0.8750000000
125540  -4.007  -21.731  37.659 0.6250000000
49703  -4.513  -23.085  37.276 0.2500000000
50690  -4.439  -21.908  36.158 0.5000000000
49704  -5.019  -23.097  36.704 0.5000000000
41681  -12.438  -31.044  55.437 0.5000000000
125932  -17.791  -30.421  53.947 0.6250000000
125352  -19.810  -30.326  52.319 0.5000000000
126062  -28.691  -24.194  50.681 0.7500000000
48634  -28.905  -23.715  51.050 0.7500000000
128636  -29.217  -25.102  51.761 0.7500000000
47719  -28.939  -25.570  51.915 0.7500000000
49539  -29.079  -23.347  51.288 0.7500000000
130118  -29.573  -21.212  50.812 0.8750000000
127408  -29.401  -22.044  50.863 0.8750000000
50518  -29.165  -22.656  51.077 0.8750000000
51736  -5.193  -21.076  35.053 0.2500000000
51737  -6.334  -21.340  34.969 0.1250000000
52708  -3.563  -20.782  35.972 0.6250000000
52723  -3.595  -20.567  35.278 0.5000000000
115799  -3.914  -18.986  34.212 0.3750000000
112645  -5.636  -19.679  34.559 0.2500000000
52707  -3.341  -20.150  35.992 0.6250000000
41693  -16.046  -30.359  55.826 0.7500000000
42821  -19.446  -29.787  54.048 0.6250000000
127818  -26.724  -26.879  50.585 0.7500000000
43777  -21.505  -29.359  54.599 0.7500000000
43778  -22.350  -29.444  54.819 0.6250000000
45844  -22.810  -27.479  47.579 0.8750000000
111518  -24.697  -28.791  54.972 0.6250000000
45783  -23.738  -27.114  53.200 0.7500000000
46800  -22.888  -26.796  52.277 0.7500000000
119002  -22.281  -27.307  49.284 0.7500000000
45831  -21.544  -26.919  48.251 0.8750000000
46923  -20.771  -26.087  44.085 0.8750000000
46891  -21.284  -26.686  45.222 0.8750000000
113972  -21.327  -25.575  42.683 0.8750000000
115374  -15.492  -28.683  56.399 0.7500000000
44709  -22.723  -27.165  55.383 0.7500000000
45753  -24.023  -26.938  54.586 0.7500000000
45742  -21.881  -26.626  55.266 0.7500000000
46768  -22.379  -25.755  54.434 0.7500000000
46769  -22.805  -26.139  54.490 0.7500000000
45743  -23.272  -26.576  54.822 0.7500000000
45752  -23.433  -26.592  54.099 0.7500000000
47729  -22.183  -25.412  52.325 0.7500000000
122273  -22.457  -26.154  52.104 0.7500000000
46826  -21.893  -26.748  49.914 0.7500000000
46799  -22.637  -26.769  51.490 0.7500000000
46835  -21.661  -26.834  49.103 0.7500000000
46870  -20.839  -26.473  46.995 0.8750000000
46890  -20.849  -26.553  45.897 0.8750000000
47816  -19.881  -25.234  43.332 0.8750000000
47783  -20.334  -25.677  46.551 0.8750000000
47827  -20.371  -25.234  42.621 0.8750000000
108099  -20.834  -26.393  54.802 0.7500000000
47700  -21.492  -25.547  54.212 0.7500000000
48596  -21.743  -24.826  53.403 0.7500000000
114410  -21.395  -24.844  50.298 0.7500000000
48646  -20.939  -24.125  49.650 0.7500000000
48683  -19.839  -24.779  46.012 0.8750000000
55687  -36.580  -16.767  40.291 0.3750000000
45729  -17.903  -27.621  56.917 0.7500000000
47699  -20.831  -25.662  54.257 0.7500000000
48594  -20.879  -24.684  53.546 0.7500000000
48593  -20.345  -24.531  53.326 0.7500000000
48619  -19.842  -23.539  51.908 0.8750000000
48604  -20.183  -23.957  52.682 0.7500000000
49523  -21.075  -23.616  52.323 0.7500000000
48605  -20.888  -24.051  52.965 0.7500000000
48606  -21.378  -24.242  52.940 0.7500000000
47706  -21.159  -25.181  53.881 0.7500000000
49538  -21.232  -23.495  51.746 0.7500000000
50537  -20.132  -22.736  49.229 0.8750000000
49576  -20.298  -23.212  48.490 0.8750000000
117122  -21.216  -23.862  50.488 0.8750000000
47760  -20.458  -24.726  48.225 0.8750000000
117732  -20.375  -23.989  48.069 0.8750000000
48663  -20.178  -24.585  47.271 0.8750000000
46755  -19.039  -26.576  55.270 0.7500000000
118475  -18.515  -26.896  55.746 0.7500000000
47697  -19.480  -25.683  54.292 0.7500000000
47704  -18.847  -25.564  53.690 0.7500000000
48632  -18.525  -24.025  50.626 0.8750000000
126115  -19.719  -24.522  53.016 0.7500000000
50527  -20.012  -22.652  49.859 0.8750000000
50526  -19.565  -22.663  49.675 0.8750000000
123181  -19.242  -22.776  49.770 0.8750000000
45751  -17.344  -27.091  55.405 0.7500000000
46786  -17.515  -26.301  52.636 0.8750000000
56630  -39.225  -15.764  38.744 0.3750000000
57485  -41.326  -15.571  37.664 0.3750000000
57497  -42.068  -15.517  36.037 0.3750000000
56663  -41.119  -15.774  34.910 0.3750000000
56664  -41.926  -15.718  35.083 0.3750000000
57526  -42.825  -15.127  33.778 0.3750000000
124126  -43.513  -14.926  34.893 0.3750000000
58383  -43.561  -14.314  34.121 0.3750000000
58393  -43.116  -14.529  33.463 0.3750000000
58392  -42.689  -14.563  32.859 0.1250000000
60106  -42.237  -12.417  32.438 0.1250000000
61848  -42.025  -10.703  32.428 0.1250000000
74826  -13.815  3.768  54.164 0.2500000000
60084  -43.551  -13.228  33.747 0.3750000000
60073  -43.964  -12.990  34.348 0.3750000000
129696  -43.628  -11.678  33.929 0.3750000000
79374  -52.720  10.112  17.855 0.5000000000
78652  -52.713  9.453  16.522 0.3750000000
39744  -8.807  -33.067  54.222 0.3750000000
41680  -10.438  -31.150  55.549 0.5000000000
40625  -9.904  -31.908  55.355 0.3750000000
50514  -30.319  -22.318  51.766 0.7500000000
52555  -30.526  -20.987  51.416 0.8750000000
52561  -30.263  -20.633  50.913 0.8750000000
45769  -29.041  -26.991  53.331 0.6250000000
49540  -29.274  -23.019  51.439 0.8750000000
48597  -29.414  -24.969  52.073 0.7500000000
46777  -28.845  -26.193  52.627 0.7500000000
47709  -29.063  -25.502  52.195 0.7500000000
49527  -30.750  -22.838  52.168 0.6250000000
44738  -29.678  -28.166  53.304 0.6250000000
46778  -29.388  -26.135  52.945 0.6250000000
47710  -29.583  -25.355  52.651 0.6250000000
43792  -30.434  -28.313  51.674 0.1250000000
45771  -30.840  -27.304  52.493 0.3750000000
47711  -30.521  -25.460  52.752 0.5000000000
47720  -31.456  -25.669  52.191 0.5000000000
48612  -31.787  -24.828  52.097 0.5000000000
49528  -31.708  -22.983  52.175 0.3750000000
49541  -32.502  -23.448  51.660 0.2500000000
50521  -32.206  -22.346  51.805 0.3750000000
50522  -32.920  -22.277  51.231 0.3750000000
41736  -28.075  -30.796  52.076 0.5000000000
110238  -28.782  -30.023  52.590 0.5000000000
42835  -29.209  -29.557  52.507 0.5000000000
42839  -28.928  -29.889  52.128 0.3750000000
42836  -29.637  -29.040  52.314 0.5000000000
107950  -29.927  -28.686  52.635 0.3750000000
40693  -26.723  -30.616  49.831 0.1250000000
41749  -27.895  -30.750  51.345 0.2500000000
42842  -28.851  -29.997  51.549 0.2500000000
43791  -29.817  -28.911  51.915 0.2500000000
44739  -30.428  -28.133  52.701 0.2500000000
48598  -29.778  -24.720  52.553 0.5000000000
48611  -30.681  -24.482  52.637 0.5000000000
118739  -31.245  -23.714  52.373 0.3750000000
52557  -31.665  -21.266  51.457 0.6250000000
51567  -32.279  -21.640  51.377 0.6250000000
51585  -35.282  -21.302  48.516 0.6250000000
37915  -7.492  -34.131  54.160 0.2500000000
38840  -7.743  -33.954  53.990 0.2500000000
37914  -7.056  -34.302  54.237 0.2500000000
38837  -7.651  -33.734  54.523 0.2500000000
37920  -7.879  -34.227  53.380 0.2500000000
40657  -27.486  -31.117  51.739 0.3750000000
40669  -26.849  -31.196  51.357 0.2500000000
40681  -25.683  -30.750  50.510 0.2500000000
40682  -26.780  -30.823  50.495 0.2500000000
122875  -25.372  -30.699  48.840 0.2500000000
45770  -30.042  -27.158  53.150 0.3750000000
50515  -31.131  -22.077  51.974 0.6250000000
118886  -31.606  -21.676  51.742 0.6250000000
52556  -31.167  -21.003  51.467 0.6250000000
53629  -31.791  -20.307  50.399 0.6250000000
41740  -12.776  -31.138  51.349 0.2500000000
41754  -12.440  -31.061  50.635 0.1250000000
40656  -27.113  -31.360  52.087 0.3750000000
41763  -12.459  -30.885  49.309 0.1250000000
40679  -24.454  -30.686  49.941 0.2500000000
43789  -29.457  -29.054  52.870 0.5000000000
40706  -22.772  -30.843  48.541 0.2500000000
40689  -23.266  -30.789  49.260 0.2500000000
40691  -24.868  -30.718  49.348 0.2500000000
41805  -21.248  -31.012  46.882 0.2500000000
121385  -22.269  -30.912  47.819 0.2500000000
40723  -23.156  -30.988  47.761 0.2500000000
40690  -24.109  -30.800  49.245 0.2500000000
125957  -32.657  -20.104  50.018 0.6250000000
38838  -8.086  -33.471  54.354 0.2500000000
41727  -13.198  -31.206  52.174 0.2500000000
126160  -13.978  -31.183  52.132 0.2500000000
40666  -24.547  -30.677  51.399 0.3750000000
110856  -25.792  -31.217  51.987 0.3750000000
41755  -13.332  -30.991  50.536 0.1250000000
41756  -14.318  -31.011  50.757 0.1250000000
40678  -24.002  -30.634  50.652 0.3750000000
43784  -29.172  -28.773  53.512 0.5000000000
41764  -13.307  -30.786  49.636 0.1250000000
40688  -22.355  -30.697  49.334 0.2500000000
125533  -23.313  -30.626  50.463 0.3750000000
40667  -25.399  -30.859  51.309 0.3750000000
114695  -14.048  -30.626  49.223 0.1250000000
113922  -21.862  -30.738  48.567 0.2500000000
40721  -21.333  -30.836  47.789 0.2500000000
41804  -20.569  -30.632  47.272 0.2500000000
41854  -17.502  -29.993  44.832 0.1250000000
39740  -8.653  -33.074  54.693 0.2500000000
39735  -9.328  -32.683  55.106 0.2500000000
39734  -8.482  -32.924  55.186 0.2500000000
41765  -14.109  -30.746  49.986 0.1250000000
41757  -15.781  -30.725  50.561 0.1250000000
41766  -15.325  -30.447  49.584 0.1250000000
115065  -16.129  -30.364  49.754 0.1250000000
41768  -17.973  -29.952  49.077 0.1250000000
108561  -23.271  -30.589  51.007 0.3750000000
41785  -14.829  -30.392  48.993 0.1250000000
41767  -16.576  -29.930  48.941 0.1250000000
127245  -17.361  -29.835  48.828 0.1250000000
109083  -19.119  -30.360  49.327 0.2500000000
41770  -19.863  -30.421  49.523 0.2500000000
40705  -21.098  -30.674  48.572 0.2500000000
108555  -15.538  -29.969  47.259 0.1250000000
109507  -16.976  -29.716  48.171 0.1250000000
109085  -17.930  -29.825  48.231 0.1250000000
41802  -18.882  -29.959  47.993 0.2500000000
41771  -20.510  -30.518  48.964 0.2500000000
129919  -16.220  -29.808  46.746 0.1250000000
108551  -17.439  -29.658  46.571 0.1250000000
41803  -19.774  -30.221  47.677 0.2500000000
41819  -15.612  -30.180  46.291 0.1250000000
125092  -16.578  -29.902  46.027 0.1250000000
41838  -17.462  -29.798  45.646 0.1250000000
108550  -18.242  -29.690  46.305 0.1250000000
41820  -19.852  -30.204  46.731 0.1250000000
123508  -15.687  -30.455  45.251 0.1250000000
108713  -19.081  -29.870  46.077 0.1250000000
41837  -16.759  -30.175  45.049 0.1250000000
41758  -16.757  -30.458  50.501 0.2500000000
41759  -17.731  -30.309  50.485 0.2500000000
41787  -18.681  -30.130  48.847 0.2500000000
66889  -35.079  -5.246  49.379 0.1250000000
66901  -34.539  -4.431  49.105 0.1250000000
66071  -34.514  -5.980  49.607 0.1250000000
121673  -35.738  -4.584  49.223 0.1250000000
67831  -35.154  -3.746  48.948 0.1250000000
66072  -35.457  -5.999  49.295 0.2500000000
115269  -36.450  -3.828  49.020 0.1250000000
66903  -36.750  -4.923  48.814 0.1250000000
66902  -36.109  -5.570  49.088 0.2500000000
67843  -37.264  -3.586  48.555 0.1250000000
65225  -35.706  -6.965  48.401 0.2500000000
66088  -37.098  -5.482  47.647 0.2500000000
66904  -37.230  -5.175  48.112 0.1250000000
67858  -37.629  -3.871  47.594 0.1250000000
64334  -34.892  -7.355  48.346 0.2500000000
65234  -35.597  -6.981  47.817 0.2500000000
65235  -35.956  -6.540  47.485 0.2500000000
66934  -36.724  -5.144  47.030 0.2500000000
67857  -36.799  -4.183  46.805 0.2500000000
64341  -34.015  -7.698  47.714 0.2500000000
65233  -34.680  -7.189  47.557 0.2500000000
66109  -34.473  -6.071  46.923 0.2500000000
66110  -35.530  -6.050  47.043 0.2500000000
67856  -36.036  -4.635  46.578 0.2500000000
67877  -36.462  -3.411  46.343 0.2500000000
68818  -35.616  -2.915  45.929 0.2500000000
64340  -33.360  -8.205  47.058 0.2500000000
64350  -33.799  -7.499  47.101 0.2500000000
65243  -34.186  -6.795  47.061 0.2500000000
66108  -33.642  -6.204  46.667 0.2500000000
108213  -34.715  -5.290  46.700 0.2500000000
67855  -35.052  -4.548  46.474 0.2500000000
67875  -34.427  -3.883  46.173 0.2500000000
67876  -35.534  -3.808  46.246 0.2500000000
68817  -34.411  -3.070  45.752 0.2500000000
68816  -33.221  -2.789  45.405 0.2500000000
65242  -33.269  -6.971  46.492 0.2500000000
66120  -32.812  -5.855  46.105 0.2500000000
66932  -33.668  -5.382  46.479 0.2500000000
66946  -33.944  -4.505  46.344 0.2500000000
117277  -33.490  -3.665  45.888 0.2500000000
68835  -32.854  -2.014  44.872 0.2500000000
68834  -31.995  -2.217  44.293 0.2500000000
128545  -32.578  -6.743  45.894 0.2500000000
66945  -31.974  -5.169  45.432 0.2500000000
121555  -32.799  -4.551  45.896 0.2500000000
67873  -31.746  -4.108  45.053 0.2500000000
67889  -31.802  -3.113  44.717 0.2500000000
67900  -31.249  -2.844  44.018 0.2500000000
66955  -31.359  -4.847  44.841 0.2500000000
67888  -30.988  -4.282  44.378 0.2500000000
128923  -31.243  -3.565  44.384 0.2500000000
67899  -30.613  -3.583  43.715 0.2500000000
60844  -29.654  -11.414  42.368 0.2500000000
60868  -28.678  -11.281  40.425 0.2500000000
108756  -29.143  -11.297  41.158 0.2500000000
60879  -27.869  -11.260  39.759 0.3750000000
61798  -27.472  -10.582  37.550 0.3750000000
114093  -33.741  -6.425  49.747 0.1250000000
66888  -33.909  -5.056  49.384 0.1250000000
66900  -33.336  -4.338  48.909 0.1250000000
65212  -33.413  -7.154  49.563 0.1250000000
68784  -34.562  -3.120  48.446 0.1250000000
68785  -35.674  -3.028  48.740 0.1250000000
65213  -34.523  -6.899  49.445 0.1250000000
64313  -32.549  -7.641  49.691 0.1250000000
64326  -34.291  -7.614  49.094 0.1250000000
68795  -35.024  -2.490  48.146 0.1250000000
68796  -36.747  -2.967  48.805 0.1250000000
63446  -33.465  -7.871  48.809 0.1250000000
64327  -35.298  -7.169  49.025 0.1250000000
109027  -36.159  -2.387  48.515 0.1250000000
68797  -37.538  -3.008  48.262 0.1250000000
63445  -32.524  -8.182  48.992 0.1250000000
124101  -33.026  -8.295  48.375 0.1250000000
64333  -33.906  -7.833  48.379 0.1250000000
62561  -32.630  -8.858  47.883 0.1250000000
63453  -33.346  -8.309  47.704 0.2500000000
68805  -37.916  -3.009  47.403 0.1250000000
68804  -37.369  -3.372  46.768 0.1250000000
61722  -31.453  -10.636  45.451 0.1250000000
115887  -31.687  -10.213  46.180 0.1250000000
68837  -34.847  -2.392  45.474 0.1250000000
68836  -33.892  -2.176  45.234 0.2500000000
69707  -34.676  -1.623  45.009 0.2500000000
69706  -33.521  -1.435  44.615 0.2500000000
69705  -32.551  -1.409  44.036 0.2500000000
69723  -31.719  -1.430  43.064 0.2500000000
61733  -31.473  -10.665  44.500 0.1250000000
69717  -33.317  -0.785  43.864 0.2500000000
69716  -32.459  -0.836  43.169 0.2500000000
61732  -30.850  -11.155  44.862 0.1250000000
113504  -30.958  -11.072  44.016 0.1250000000
117923  -31.872  -0.798  42.338 0.2500000000
125832  -30.279  -11.309  43.644 0.1250000000
60845  -30.265  -11.104  42.333 0.1250000000
60855  -29.042  -11.463  41.768 0.1250000000
60867  -27.773  -11.294  40.461 0.2500000000
60889  -27.238  -10.964  39.196 0.3750000000
60866  -27.173  -11.117  39.878 0.3750000000
61787  -26.690  -10.608  38.578 0.3750000000
61809  -26.069  -10.000  36.238 0.3750000000
129582  -26.334  -10.197  36.652 0.3750000000
65197  -32.286  -7.070  50.056 0.1250000000
67829  -32.910  -3.575  48.601 0.1250000000
64312  -32.027  -7.988  50.571 0.1250000000
68783  -32.688  -2.711  48.295 0.1250000000
113656  -33.615  -3.161  48.365 0.1250000000
68794  -33.878  -2.600  48.031 0.1250000000
63435  -31.968  -9.072  50.449 0.1250000000
107889  -32.031  -1.735  48.128 0.1250000000
124896  -33.121  -2.052  47.798 0.1250000000
126626  -31.766  -9.715  50.203 0.1250000000
63436  -32.313  -8.300  49.715 0.1250000000
130520  -31.942  -0.770  47.916 0.1250000000
70449  -32.405  -0.006  47.620 0.1250000000
69653  -33.007  -1.108  47.544 0.1250000000
118405  -34.104  -1.011  47.256 0.1250000000
69664  -35.538  -1.846  47.913 0.1250000000
62552  -31.238  -10.477  50.241 0.1250000000
70460  -36.028  -1.141  47.658 0.1250000000
69666  -37.851  -2.273  48.083 0.1250000000
61680  -30.459  -11.035  49.591 0.1250000000
63444  -32.086  -9.055  49.647 0.1250000000
61679  -29.606  -11.375  49.981 0.1250000000
61681  -31.126  -10.456  49.154 0.1250000000
62554  -32.183  -8.973  48.712 0.1250000000
130692  -32.129  -9.262  48.159 0.1250000000
70461  -37.355  -1.388  48.066 0.1250000000
69677  -38.146  -2.346  47.181 0.1250000000
68820  -37.781  -2.799  46.736 0.1250000000
69688  -36.587  -2.013  45.732 0.1250000000
61688  -28.676  -11.225  49.289 0.1250000000
61689  -29.645  -11.218  48.898 0.1250000000
61690  -30.444  -10.860  48.582 0.1250000000
61691  -31.062  -10.407  48.328 0.1250000000
61701  -31.409  -10.129  47.775 0.1250000000
62568  -32.020  -9.483  47.528 0.1250000000
68819  -36.808  -2.715  46.171 0.1250000000
69687  -35.718  -2.199  45.559 0.1250000000
61697  -28.158  -10.691  48.456 0.1250000000
61698  -28.903  -11.129  48.148 0.1250000000
61699  -29.789  -11.094  47.842 0.1250000000
61709  -30.093  -11.049  46.803 0.1250000000
61710  -31.013  -10.726  46.448 0.1250000000
61707  -28.358  -10.604  47.568 0.1250000000
61708  -29.088  -10.995  47.052 0.1250000000
61720  -29.515  -11.218  46.096 0.1250000000
61721  -30.499  -11.161  45.798 0.1250000000
69718  -34.115  -0.921  44.410 0.2500000000
125015  -27.840  -9.955  47.210 0.1250000000
121319  -28.345  -10.509  46.687 0.1250000000
119069  -28.816  -10.893  46.216 0.1250000000
60823  -28.924  -11.119  45.491 0.1250000000
60824  -29.811  -11.341  45.088 0.1250000000
70505  -34.284  -0.266  43.702 0.2500000000
129147  -27.508  -9.540  46.901 0.1250000000
62575  -27.757  -9.784  46.324 0.1250000000
61719  -28.311  -10.534  45.705 0.1250000000
114971  -28.534  -10.866  44.997 0.1250000000
60829  -28.972  -11.232  44.696 0.1250000000
60830  -29.609  -11.391  44.199 0.1250000000
123871  -30.351  -11.324  44.358 0.1250000000
70513  -32.608  -0.227  42.245 0.2500000000
62584  -27.734  -9.874  45.320 0.1250000000
61730  -28.063  -10.535  44.816 0.1250000000
61731  -28.360  -11.015  44.237 0.1250000000
112830  -28.917  -11.343  43.999 0.1250000000
60836  -29.415  -11.394  43.302 0.1250000000
60837  -30.146  -11.284  42.924 0.1250000000
110066  -27.223  -9.235  44.841 0.1250000000
62591  -27.620  -9.998  44.438 0.1250000000
112330  -27.874  -10.618  44.123 0.1250000000
61744  -27.912  -10.970  43.512 0.1250000000
60835  -28.507  -11.300  43.416 0.1250000000
60843  -28.781  -11.437  42.577 0.1250000000
62590  -27.147  -9.363  43.958 0.1250000000
62596  -27.503  -10.241  43.542 0.1250000000
110027  -27.571  -10.791  42.851 0.1250000000
60834  -28.010  -11.286  42.756 0.1250000000
60854  -28.181  -11.405  41.934 0.1250000000
113612  -27.553  -11.075  42.135 0.1250000000
61767  -27.533  -11.159  41.227 0.2500000000
128030  -27.160  -11.093  40.467 0.2500000000
61796  -26.088  -10.221  37.005 0.3750000000
61786  -26.123  -10.293  37.896 0.3750000000
62656  -25.651  -9.544  35.466 0.5000000000
62643  -25.618  -9.755  36.391 0.3750000000
62636  -25.685  -9.814  37.242 0.3750000000
62668  -25.480  -9.138  34.460 0.5000000000
65211  -32.706  -6.345  49.837 0.1250000000
66887  -32.649  -4.879  49.335 0.1250000000
62534  -31.066  -9.899  51.799 0.1250000000
70448  -31.214  -0.946  48.492 0.1250000000
71252  -34.156  0.547  46.903 0.1250000000
122811  -35.106  0.300  46.817 0.1250000000
61664  -30.154  -11.054  51.595 0.1250000000
63426  -31.457  -8.891  51.454 0.1250000000
71241  -31.073  0.795  48.706 0.1250000000
109590  -31.429  -0.011  48.200 0.1250000000
70458  -33.546  -0.185  47.173 0.1250000000
70459  -34.828  -0.495  47.024 0.1250000000
61671  -29.532  -11.377  51.105 0.1250000000
62542  -30.885  -10.588  51.347 0.1250000000
62543  -31.537  -9.883  50.962 0.1250000000
126430  -31.542  1.597  48.460 0.1250000000
71242  -31.884  0.919  47.965 0.1250000000
71251  -33.029  0.993  47.383 0.1250000000
110099  -33.884  1.433  47.080 0.1250000000
70472  -35.926  -0.309  47.139 0.1250000000
123101  -35.852  0.709  46.904 0.1250000000
61672  -30.401  -11.112  50.653 0.1250000000
72967  -31.865  3.288  49.049 0.1250000000
72100  -32.374  1.852  47.946 0.1250000000
72107  -33.369  2.053  47.507 0.1250000000
70474  -37.761  -0.877  47.694 0.1250000000
71259  -37.753  -0.116  47.306 0.1250000000
126693  -28.047  -11.234  50.053 0.1250000000
70462  -38.138  -1.685  47.507 0.1250000000
70481  -37.866  -1.329  46.042 0.1250000000
61687  -27.770  -10.740  49.335 0.1250000000
70507  -36.431  -0.151  44.360 0.1250000000
70494  -37.149  -0.812  45.103 0.1250000000
69709  -36.891  -1.481  45.483 0.1250000000
130370  -27.532  -9.752  47.672 0.1250000000
62567  -27.766  -10.121  47.946 0.1250000000
70506  -35.408  -0.155  44.057 0.1250000000
70493  -36.092  -0.849  44.738 0.1250000000
110831  -27.037  -9.011  46.708 0.1250000000
71297  -35.635  0.936  42.633 0.1250000000
71284  -34.963  0.417  43.189 0.1250000000
63461  -25.843  -7.917  46.116 0.1250000000
63469  -26.532  -8.463  45.970 0.1250000000
71309  -34.043  1.118  40.349 0.1250000000
71302  -33.601  0.731  41.238 0.1250000000
70522  -32.795  0.325  41.373 0.2500000000
63468  -26.122  -7.949  45.241 0.1250000000
62583  -27.242  -9.129  45.734 0.1250000000
71313  -33.432  0.841  39.659 0.1250000000
64363  -25.494  -7.290  44.802 0.1250000000
63476  -26.629  -8.492  44.406 0.1250000000
65263  -25.261  -6.848  43.188 0.1250000000
64369  -25.642  -7.341  43.903 0.1250000000
64370  -26.231  -7.975  43.706 0.1250000000
62602  -26.921  -9.804  42.209 0.2500000000
64377  -25.881  -7.570  43.072 0.1250000000
64378  -26.329  -8.193  43.005 0.1250000000
62595  -27.034  -9.523  43.089 0.1250000000
61757  -27.281  -10.541  42.328 0.1250000000
61766  -27.113  -10.591  41.664 0.1250000000
114105  -26.920  -10.689  40.824 0.2500000000
62621  -26.008  -9.497  39.015 0.3750000000
62615  -26.576  -10.035  40.376 0.3750000000
62627  -25.820  -9.684  38.132 0.3750000000
63534  -25.306  -9.173  36.689 0.3750000000
62655  -25.032  -9.072  34.904 0.5000000000
66069  -31.936  -5.466  49.843 0.1250000000
65196  -31.792  -6.255  50.403 0.1250000000
119607  -31.717  -7.018  51.074 0.1250000000
67828  -31.862  -3.234  48.781 0.1250000000
64299  -31.516  -7.803  51.552 0.1250000000
69652  -31.119  -1.839  48.841 0.1250000000
71240  -30.728  -0.170  48.970 0.1250000000
113289  -34.754  1.195  46.868 0.1250000000
72109  -35.309  1.888  46.963 0.1250000000
114058  -31.303  3.303  49.597 0.1250000000
72091  -30.971  1.644  49.376 0.1250000000
72108  -34.322  2.122  47.189 0.1250000000
72110  -36.152  1.527  46.967 0.1250000000
61678  -28.729  -11.433  50.500 0.1250000000
73880  -31.765  3.982  49.317 0.1250000000
73881  -32.540  3.988  48.950 0.1250000000
72982  -32.925  2.710  48.090 0.1250000000
73889  -33.315  4.017  48.648 0.1250000000
72118  -36.840  0.736  47.112 0.1250000000
74869  -31.450  4.689  49.496 0.1250000000
74870  -32.355  4.793  49.084 0.1250000000
74881  -33.041  4.588  48.806 0.1250000000
74871  -33.059  5.245  48.708 0.1250000000
72111  -36.860  1.882  47.159 0.1250000000
72119  -37.732  0.865  47.138 0.1250000000
70476  -38.471  -0.496  46.624 0.1250000000
75861  -31.051  5.501  49.695 0.1250000000
71276  -37.431  -0.100  44.642 0.1250000000
70495  -38.009  -0.598  45.565 0.1250000000
62559  -27.455  -10.134  48.737 0.1250000000
71277  -38.365  0.066  44.914 0.1250000000
62566  -27.080  -9.569  48.175 0.1250000000
123358  -37.628  1.389  42.966 0.1250000000
113034  -36.696  1.106  43.097 0.1250000000
63462  -26.080  -8.303  46.862 0.1250000000
72154  -37.425  1.517  42.133 0.1250000000
71304  -35.331  1.238  41.626 0.1250000000
64356  -25.324  -7.414  45.722 0.1250000000
64348  -25.101  -7.698  46.762 0.1250000000
71310  -34.831  1.324  39.875 0.1250000000
71314  -34.120  1.157  39.410 0.1250000000
65262  -24.523  -6.268  43.535 0.1250000000
65255  -24.935  -6.716  44.227 0.1250000000
71319  -33.545  0.847  38.806 0.1250000000
66135  -24.178  -5.837  42.956 0.1250000000
65269  -24.827  -6.332  42.549 0.1250000000
66149  -23.815  -5.223  41.572 0.1250000000
129921  -25.256  -6.770  42.540 0.1250000000
63489  -26.122  -8.028  42.232 0.2500000000
63497  -26.497  -8.963  41.713 0.2500000000
66157  -24.417  -5.643  40.177 0.1250000000
65283  -24.884  -6.243  40.656 0.1250000000
64383  -25.681  -7.417  41.625 0.2500000000
65291  -24.835  -6.314  39.741 0.1250000000
65277  -25.319  -6.823  41.134 0.1250000000
64394  -25.575  -7.699  39.838 0.2500000000
63496  -26.073  -8.220  41.230 0.2500000000
62609  -26.756  -9.872  41.251 0.2500000000
65284  -25.303  -6.904  40.235 0.3750000000
63503  -25.968  -8.396  40.315 0.2500000000
62614  -26.226  -9.302  39.894 0.2500000000
108135  -24.376  -6.813  37.011 0.2500000000
113396  -24.837  -7.460  37.491 0.3750000000
112245  -25.486  -7.845  38.977 0.3750000000
63509  -25.828  -8.553  39.414 0.2500000000
65347  -24.236  -7.057  36.167 0.3750000000
64411  -25.268  -8.097  37.897 0.3750000000
63516  -25.623  -8.651  38.480 0.3750000000
64444  -24.199  -7.459  35.385 0.5000000000
115827  -24.548  -7.812  35.950 0.3750000000
63524  -25.461  -8.984  37.565 0.3750000000
63533  -24.900  -8.477  36.240 0.5000000000
66886  -31.564  -4.494  49.710 0.1250000000
67820  -31.187  -3.519  49.622 0.1250000000
66875  -31.098  -4.819  50.544 0.1250000000
119128  -31.153  -7.092  52.199 0.1250000000
68772  -30.677  -2.644  50.124 0.1250000000
69643  -30.666  -1.904  49.698 0.1250000000
62533  -30.128  -10.383  52.529 0.1250000000
61670  -28.648  -11.484  51.737 0.1250000000
61663  -29.400  -11.248  52.231 0.1250000000
72984  -34.927  2.894  47.565 0.1250000000
72985  -35.917  2.486  47.328 0.1250000000
61677  -27.874  -11.277  51.175 0.1250000000
73869  -31.045  3.848  49.938 0.1250000000
74883  -34.594  4.860  48.464 0.1250000000
73890  -34.148  4.118  48.446 0.1250000000
130180  -37.174  2.607  47.334 0.1250000000
72991  -37.858  2.122  47.090 0.1250000000
62551  -27.127  -10.299  49.557 0.1250000000
125784  -33.651  5.613  48.373 0.1250000000
72120  -38.568  0.988  46.843 0.1250000000
70483  -38.621  -0.331  46.261 0.1250000000
62558  -26.675  -9.821  49.169 0.1250000000
72121  -39.451  1.883  46.000 0.1250000000
124885  -39.098  1.133  46.411 0.1250000000
71278  -39.000  0.408  45.185 0.1250000000
63452  -26.298  -9.266  48.680 0.1250000000
63451  -25.563  -8.845  48.688 0.1250000000
71267  -39.410  0.943  45.263 0.1250000000
71288  -38.739  0.849  44.344 0.1250000000
63458  -26.425  -8.860  47.760 0.1250000000
63457  -25.380  -8.284  47.725 0.1250000000
72146  -40.030  1.633  43.781 0.1250000000
72145  -39.243  1.305  43.887 0.1250000000
64355  -24.518  -7.070  46.111 0.1250000000
64362  -24.790  -6.831  45.223 0.1250000000
65254  -24.302  -6.390  44.714 0.1250000000
129418  -24.424  -6.337  44.149 0.1250000000
128568  -24.066  -5.894  43.535 0.1250000000
65184  -31.120  -6.100  51.556 0.1250000000
66055  -31.285  -5.551  50.687 0.1250000000
67810  -30.859  -3.971  50.489 0.1250000000
69635  -30.455  -1.809  50.667 0.1250000000
63425  -30.669  -9.193  52.449 0.1250000000
70441  -30.504  -0.411  49.972 0.1250000000
110543  -30.426  0.217  50.754 0.1250000000
108210  -30.571  1.128  50.531 0.1250000000
73891  -35.081  4.240  48.335 0.1250000000
73897  -35.781  3.584  47.956 0.1250000000
61669  -27.738  -11.144  52.599 0.1250000000
72954  -30.754  2.928  50.493 0.1250000000
113670  -36.634  3.038  47.533 0.1250000000
72986  -37.528  3.485  47.372 0.1250000000
122199  -27.345  -10.770  50.397 0.1250000000
74861  -30.786  4.605  50.276 0.1250000000
129625  -34.028  5.867  48.156 0.1250000000
73892  -36.032  4.786  48.221 0.1250000000
73898  -36.752  4.195  47.849 0.1250000000
122136  -38.801  3.415  46.607 0.1250000000
72997  -39.321  3.063  46.112 0.1250000000
64347  -24.135  -7.353  46.920 0.1250000000
73008  -40.318  2.327  44.768 0.1250000000
74906  -38.818  4.677  46.029 0.1250000000
61783  -11.711  -10.361  38.581 0.1250000000
66867  -30.846  -5.114  51.519 0.1250000000
66874  -30.652  -4.245  51.474 0.1250000000
64298  -30.987  -8.142  52.413 0.1250000000
70431  -30.343  -0.795  51.034 0.1250000000
63413  -29.847  -9.239  53.319 0.1250000000
61662  -28.529  -11.226  52.775 0.1250000000
73868  -30.499  3.736  50.934 0.1250000000
75860  -30.444  5.368  50.710 0.1250000000
63443  -25.710  -9.621  49.752 0.1250000000
76735  -30.621  6.214  50.302 0.1250000000
74888  -36.792  5.222  47.779 0.1250000000
74889  -37.575  4.777  47.476 0.1250000000
64339  -24.453  -7.886  47.673 0.1250000000
63450  -24.677  -8.444  48.584 0.1250000000
74905  -37.991  5.228  46.560 0.1250000000
64346  -23.525  -7.093  46.992 0.1250000000
66943  -21.467  -4.969  45.533 0.1250000000
67143  -37.298  -4.452  31.629 0.5000000000
67800  -30.187  -3.654  52.342 0.1250000000
64288  -30.303  -7.405  53.325 0.1250000000
115935  -30.302  -8.447  53.128 0.1250000000
62532  -28.954  -10.713  53.258 0.1250000000
72953  -30.323  2.262  51.376 0.1250000000
62541  -26.849  -10.718  52.054 0.1250000000
73856  -29.846  3.764  51.770 0.1250000000
72942  -29.825  2.948  51.825 0.1250000000
62550  -26.394  -10.333  50.562 0.1250000000
75851  -29.749  5.163  51.735 0.1250000000
116446  -24.917  -9.755  50.664 0.1250000000
64338  -23.642  -7.562  47.677 0.1250000000
65232  -23.050  -7.078  47.395 0.1250000000
65240  -22.592  -6.575  47.005 0.1250000000
66116  -21.864  -5.531  46.014 0.1250000000
66926  -21.274  -5.167  46.337 0.1250000000
66951  -20.963  -4.338  45.012 0.1250000000
66942  -20.841  -4.535  45.902 0.1250000000
67884  -20.351  -3.541  44.471 0.1250000000
67895  -19.913  -3.094  43.715 0.1250000000
67883  -19.768  -3.145  45.120 0.1250000000
62540  -25.811  -10.287  52.227 0.1250000000
76726  -29.368  6.755  52.021 0.1250000000
122171  -19.594  -2.861  44.257 0.1250000000
67867  -20.348  -3.834  45.484 0.1250000000
53630  -32.470  -20.641  50.397 0.6250000000
53644  -32.362  -19.712  49.810 0.6250000000
64349  -33.128  -7.940  46.480 0.2500000000
66119  -32.022  -6.173  45.496 0.2500000000
123992  -38.199  -4.328  31.791 0.5000000000
61797  -26.678  -10.485  37.760 0.3750000000
63544  -25.196  -9.176  35.811 0.5000000000
68852  -31.074  -1.983  42.898 0.2500000000
71318  -32.827  0.398  38.472 0.2500000000
65307  -24.696  -6.474  38.815 0.2500000000
70525  -33.128  0.676  40.500 0.1250000000
70530  -32.741  0.428  39.847 0.2500000000
66156  -23.905  -5.111  40.636 0.1250000000
66142  -23.684  -5.366  42.520 0.1250000000
65249  -24.034  -6.546  45.559 0.1250000000
41742  -14.658  -31.065  51.650 0.1250000000
41743  -15.586  -30.889  51.446 0.1250000000
41769  -18.394  -30.208  49.702 0.2500000000
112952  -20.654  -30.542  49.609 0.2500000000
40687  -21.121  -30.596  50.140 0.2500000000
110195  -21.362  -30.631  49.352 0.2500000000
40676  -21.976  -30.619  50.210 0.2500000000
40661  -11.680  -31.267  51.200 0.1250000000
40677  -22.670  -30.608  50.692 0.2500000000
113494  -30.388  -23.510  52.334 0.6250000000
48610  -29.709  -23.957  52.146 0.6250000000
51559  -30.504  -21.748  51.646 0.7500000000
52562  -31.032  -20.624  51.056 0.6250000000
51566  -30.923  -21.407  51.700 0.7500000000
46779  -30.331  -26.270  52.919 0.5000000000
44740  -30.770  -27.961  51.950 0.1250000000
41750  -28.384  -30.486  51.678 0.3750000000
42840  -29.410  -29.416  51.742 0.3750000000
40692  -26.221  -30.675  49.975 0.1250000000
40668  -26.131  -31.110  51.352 0.3750000000
109535  -25.091  -30.657  49.986 0.2500000000
109534  -25.543  -30.649  49.648 0.2500000000
52563  -31.765  -20.835  51.029 0.6250000000
114294  -12.641  -30.898  50.039 0.1250000000
41741  -13.715  -31.120  51.421 0.1250000000
41784  -13.268  -30.734  48.776 0.1250000000
109536  -23.697  -30.700  49.922 0.2500000000
40680  -24.871  -30.673  50.614 0.3750000000
40707  -23.658  -30.891  48.509 0.2500000000
109879  -22.886  -30.669  50.001 0.2500000000
124163  -14.655  -30.570  49.597 0.1250000000
41821  -20.594  -30.651  46.364 0.1250000000
41789  -20.486  -30.553  48.157 0.2500000000
109791  -15.077  -30.972  50.894 0.1250000000
116565  -14.986  -30.711  50.196 0.1250000000
128778  -15.563  -30.582  50.022 0.1250000000
115064  -17.271  -30.040  49.668 0.1250000000
109477  -15.100  -30.140  48.192 0.1250000000
41786  -15.673  -30.159  48.945 0.1250000000
109508  -16.065  -29.855  48.159 0.1250000000
41788  -19.614  -30.307  48.651 0.2500000000
108554  -16.506  -29.703  47.428 0.1250000000
108553  -17.323  -29.654  47.417 0.1250000000
108552  -18.150  -29.709  47.272 0.1250000000
109637  -19.017  -29.843  47.042 0.1250000000
124010  -16.830  -29.678  46.824 0.1250000000
67874  -32.514  -3.451  45.380 0.2500000000
67890  -32.428  -2.663  44.981 0.2500000000
108184  -28.421  -11.360  41.140 0.2500000000
69663  -34.237  -1.819  47.618 0.1250000000
61711  -31.487  -10.119  46.986 0.1250000000
69708  -35.807  -1.516  45.148 0.1250000000
61774  -26.744  -10.789  40.052 0.2500000000
62628  -26.263  -10.269  38.735 0.3750000000
62553  -31.703  -9.780  49.474 0.1250000000
62560  -31.677  -9.804  48.480 0.1250000000
69689  -37.627  -2.106  46.363 0.1250000000
61700  -30.721  -10.658  47.543 0.1250000000
70492  -35.015  -0.840  44.557 0.1250000000
70504  -33.300  -0.211  42.981 0.2500000000
69651  -30.681  -1.090  49.316 0.1250000000
72975  -32.669  3.327  48.604 0.1250000000
69690  -38.283  -1.679  46.876 0.1250000000
70482  -38.312  -0.860  46.463 0.1250000000
71286  -36.813  0.435  43.946 0.1250000000
71285  -35.947  0.459  43.568 0.1250000000
71296  -34.730  0.776  42.245 0.1250000000
71303  -34.441  1.029  41.313 0.1250000000
71305  -36.388  1.421  42.044 0.1250000000
70515  -34.078  0.325  42.706 0.1250000000
111237  -26.776  -8.631  45.228 0.1250000000
63475  -26.043  -7.776  44.414 0.1250000000
63482  -26.678  -8.714  43.455 0.1250000000
121486  -25.589  -7.215  42.439 0.1250000000
63490  -26.609  -8.849  42.608 0.1250000000
71230  -30.639  0.555  49.696 0.1250000000
72090  -30.732  2.002  50.436 0.1250000000
72983  -33.901  2.837  47.748 0.1250000000
74882  -33.780  4.893  48.571 0.1250000000
75870  -32.325  5.482  48.817 0.1250000000
71260  -38.386  -0.045  46.896 0.1250000000
70496  -38.614  -0.260  45.795 0.1250000000
71287  -37.747  0.761  43.926 0.1250000000
72156  -39.376  1.529  43.164 0.1250000000
72164  -35.978  1.410  41.012 0.1250000000
66150  -24.395  -5.672  41.108 0.1250000000
65276  -24.849  -6.247  41.573 0.1250000000
65270  -25.289  -6.769  41.976 0.1250000000
63504  -26.383  -9.117  40.786 0.2500000000
64389  -25.659  -7.553  40.730 0.2500000000
65292  -25.205  -7.061  39.332 0.3750000000
65325  -24.556  -6.626  37.893 0.3750000000
64427  -24.659  -7.651  36.662 0.3750000000
127799  -25.389  -7.957  38.434 0.3750000000
63523  -25.040  -8.331  37.087 0.3750000000
75882  -35.294  5.307  48.314 0.1250000000
111522  -38.856  2.201  46.663 0.1250000000
72992  -38.305  3.115  46.972 0.1250000000
71261  -38.825  0.206  46.407 0.1250000000
72998  -39.881  2.800  45.377 0.1250000000
72137  -39.974  1.627  44.622 0.1250000000
72138  -40.674  2.237  44.055 0.1250000000
109079  -24.803  -9.162  49.646 0.1250000000
74896  -38.500  4.813  46.645 0.1250000000
74895  -38.085  5.098  47.076 0.1250000000
73912  -40.160  3.690  45.088 0.1250000000
65241  -23.144  -6.672  46.653 0.1250000000
76727  -29.999  6.062  51.272 0.1250000000
63449  -24.036  -8.658  49.486 0.1250000000
64332  -23.916  -8.077  48.425 0.1250000000
64331  -23.338  -8.078  49.137 0.1250000000
54741  -34.541  -18.310  41.935 0.3750000000
54731  -34.356  -18.729  42.908 0.3750000000
53759  -33.906  -19.156  41.912 0.3750000000
54742  -35.156  -17.691  41.851 0.3750000000
49601  -8.558  -23.574  45.400 0.3750000000
52594  -4.449  -20.525  44.891 0.5000000000
52601  -4.426  -20.655  44.117 0.5000000000
51604  -5.444  -21.396  45.510 0.3750000000
55677  -35.837  -17.056  41.211 0.3750000000
53723  -4.415  -20.325  43.901 0.3750000000
51612  -4.983  -21.314  44.677 0.3750000000
50572  -6.548  -21.934  45.359 0.3750000000
49600  -7.884  -23.102  45.811 0.2500000000
54752  -35.622  -17.334  40.301 0.2500000000
121768  -34.904  -17.859  40.332 0.2500000000
52624  -4.217  -20.838  42.660 0.3750000000
51610  -4.461  -21.030  43.621 0.3750000000
50584  -5.613  -21.619  44.041 0.3750000000
51621  -4.377  -21.409  42.698 0.3750000000
50595  -5.309  -21.747  43.027 0.3750000000
129279  -7.415  -22.471  44.530 0.3750000000
49609  -8.079  -22.813  44.954 0.3750000000
50594  -4.624  -21.697  42.597 0.3750000000
50596  -6.192  -22.026  43.432 0.3750000000
49618  -5.739  -22.200  42.487 0.3750000000
53736  -4.360  -20.377  43.168 0.3750000000
54760  -35.228  -17.617  39.499 0.2500000000
53737  -4.606  -19.895  43.018 0.5000000000
51661  -3.366  -22.390  40.123 0.5000000000
52651  -3.520  -21.789  40.555 0.5000000000
52637  -3.534  -21.597  41.368 0.3750000000
52625  -4.260  -20.511  42.360 0.3750000000
49629  -4.875  -22.233  42.224 0.3750000000
50634  -3.402  -23.454  39.479 0.3750000000
55697  -36.087  -17.074  39.545 0.2500000000
54761  -35.763  -17.293  38.965 0.2500000000
55707  -36.335  -16.931  38.858 0.2500000000
52665  -4.164  -21.565  39.954 0.5000000000
111022  -35.815  -17.258  38.330 0.1250000000
55719  -36.424  -16.878  38.117 0.2500000000
56682  -40.659  -15.924  34.443 0.2500000000
56709  -42.232  -15.840  33.063 0.2500000000
64517  -44.256  -7.492  29.113 0.2500000000
64507  -43.703  -7.159  29.684 0.2500000000
65387  -43.978  -6.410  30.191 0.3750000000
64508  -44.511  -6.812  29.494 0.3750000000
65388  -44.866  -5.869  29.996 0.3750000000
64509  -45.259  -6.522  29.328 0.5000000000
63646  -44.033  -8.060  28.407 0.2500000000
63634  -44.628  -7.544  28.720 0.3750000000
64518  -45.364  -6.933  28.932 0.5000000000
64519  -46.078  -6.565  28.891 0.5000000000
63647  -44.651  -7.768  28.289 0.3750000000
64529  -45.297  -7.220  28.582 0.5000000000
64530  -45.965  -6.866  28.432 0.5000000000
64533  -46.611  -6.522  28.265 0.5000000000
63665  -44.756  -7.789  26.995 0.1250000000
64532  -45.833  -7.130  27.739 0.5000000000
64538  -45.784  -7.015  27.053 0.3750000000
65412  -46.446  -6.563  27.572 0.5000000000
121189  -46.679  -4.032  25.121 0.1250000000
68094  -47.473  -3.570  25.331 0.2500000000
68991  -49.367  -1.983  24.893 0.2500000000
65389  -46.592  -5.545  29.911 0.5000000000
111039  -47.803  -5.516  29.767 0.5000000000
65400  -46.067  -6.249  29.259 0.5000000000
115255  -47.025  -5.909  29.409 0.5000000000
65401  -47.600  -5.794  29.297 0.5000000000
66256  -48.530  -5.167  28.924 0.5000000000
64520  -46.810  -6.280  28.856 0.5000000000
65409  -47.369  -6.028  28.737 0.5000000000
65414  -47.831  -5.630  28.492 0.5000000000
66259  -48.191  -5.065  28.146 0.5000000000
67192  -48.857  -4.540  28.527 0.6250000000
68070  -49.717  -3.361  27.998 0.3750000000
63675  -44.489  -7.564  26.439 0.1250000000
65416  -46.182  -6.437  26.980 0.3750000000
65417  -46.798  -5.825  27.250 0.3750000000
66263  -47.861  -4.867  27.522 0.3750000000
67200  -48.432  -4.378  27.619 0.3750000000
67201  -48.889  -3.682  27.324 0.3750000000
68975  -50.079  -2.703  27.397 0.3750000000
64549  -44.669  -7.006  26.220 0.1250000000
64550  -45.457  -6.606  26.443 0.2500000000
116290  -46.124  -5.875  26.570 0.2500000000
66262  -47.324  -5.014  27.061 0.3750000000
67199  -47.857  -4.404  26.922 0.3750000000
68092  -48.662  -3.338  26.418 0.3750000000
110573  -49.594  -2.622  26.473 0.3750000000
65430  -44.167  -6.095  25.235 0.1250000000
110745  -45.473  -5.777  25.924 0.1250000000
67206  -46.396  -4.715  25.741 0.2500000000
67208  -47.953  -3.795  26.227 0.2500000000
123682  -48.219  -3.177  25.543 0.2500000000
68988  -49.846  -2.093  25.823 0.2500000000
111865  -51.716  -1.178  26.551 0.3750000000
66275  -44.860  -5.409  25.134 0.1250000000
66269  -45.688  -5.026  25.428 0.2500000000
127652  -48.395  -2.762  25.111 0.2500000000
109808  -48.600  -2.381  24.655 0.2500000000
68992  -50.198  -1.568  25.157 0.2500000000
70637  -52.222  -0.583  25.969 0.3750000000
127758  -50.421  -1.171  24.588 0.2500000000
69858  -51.151  -1.048  25.361 0.2500000000
80042  -52.769  11.591  21.089 0.5000000000
80041  -52.430  11.765  20.941 0.3750000000
53750  -5.928  -19.614  42.197 0.5000000000
52653  -4.601  -20.600  40.690 0.3750000000
52652  -3.920  -21.063  40.848 0.5000000000
52638  -4.314  -20.475  41.543 0.5000000000
53749  -4.893  -19.821  42.097 0.5000000000
55661  -35.461  -17.456  43.397 0.5000000000
66244  -45.782  -5.267  30.479 0.5000000000
65402  -48.203  -5.384  29.718 0.5000000000
67193  -49.079  -3.990  28.062 0.6250000000
68976  -50.401  -2.177  26.777 0.3750000000
53692  -4.434  -19.919  45.602 0.5000000000
53707  -4.453  -20.184  44.669 0.5000000000
53724  -4.550  -19.923  43.768 0.5000000000
53738  -5.335  -19.573  42.908 0.5000000000
54732  -34.936  -17.941  42.695 0.5000000000
56696  -41.685  -16.275  32.932 0.2500000000
70648  -51.840  -0.387  24.978 0.2500000000
54751  -35.012  -17.779  41.108 0.2500000000
51602  -4.466  -20.865  44.308 0.5000000000
111596  -4.865  -21.121  45.617 0.5000000000
51603  -4.526  -20.922  44.879 0.3750000000
51611  -4.571  -21.092  44.048 0.3750000000
50571  -5.875  -21.618  44.999 0.3750000000
52610  -4.346  -20.846  43.247 0.3750000000
50573  -7.264  -22.423  45.354 0.3750000000
50585  -6.581  -22.025  44.499 0.3750000000
51622  -4.570  -21.242  43.279 0.3750000000
113535  -4.187  -21.272  42.517 0.3750000000
50583  -4.880  -21.382  43.612 0.3750000000
50593  -4.086  -22.115  42.026 0.3750000000
54768  -35.188  -17.610  38.650 0.1250000000
124578  -3.902  -20.989  41.703 0.3750000000
51641  -3.461  -22.010  41.574 0.3750000000
51632  -3.943  -21.823  42.034 0.3750000000
111516  -44.851  -7.154  29.063 0.3750000000
63648  -45.284  -7.511  28.074 0.5000000000
63666  -45.351  -7.429  27.160 0.2500000000
66258  -47.548  -5.451  27.767 0.5000000000
108189  -48.340  -3.922  26.902 0.3750000000
68085  -49.332  -3.130  26.969 0.3750000000
65424  -44.793  -6.328  25.786 0.1250000000
66270  -46.075  -5.315  26.064 0.2500000000
66261  -46.663  -5.187  26.515 0.2500000000
67207  -47.215  -4.389  26.154 0.2500000000
127924  -49.101  -2.932  26.363 0.3750000000
69849  -50.746  -1.630  26.123 0.3750000000
37933  -4.185  -35.926  51.536 0.1250000000
37932  -3.991  -35.193  52.181 0.1250000000
37072  -4.812  -35.502  53.485 0.1250000000
37944  -4.265  -35.297  50.780 0.1250000000
38848  -4.355  -34.404  50.865 0.1250000000
37916  -4.781  -34.853  53.982 0.1250000000
36248  -5.797  -35.889  52.643 0.1250000000
37075  -6.909  -35.026  53.066 0.1250000000
39761  -4.564  -33.111  49.580 0.1250000000
37919  -7.642  -34.424  53.507 0.1250000000
110458  -4.485  -32.776  48.868 0.1250000000
40702  -4.415  -32.307  48.065 0.1250000000
124898  -4.034  -31.554  48.806 0.1250000000
37924  -8.039  -34.521  52.864 0.1250000000
109690  -4.519  -32.387  47.323 0.1250000000
41797  -3.788  -30.993  47.361 0.1250000000
40717  -4.154  -31.303  46.657 0.1250000000
40734  -4.252  -31.306  46.019 0.1250000000
130627  -4.112  -30.487  46.095 0.1250000000
129046  -3.851  -30.133  46.613 0.1250000000
43825  -4.089  -30.182  46.126 0.1250000000
40753  -4.369  -31.339  45.324 0.1250000000
42876  -4.276  -30.607  45.539 0.1250000000
126432  -4.294  -30.401  45.440 0.1250000000
41848  -4.345  -30.962  45.044 0.1250000000
39754  -4.509  -33.088  51.731 0.1250000000
38844  -3.922  -34.470  52.792 0.1250000000
38842  -4.380  -34.123  54.195 0.1250000000
109058  -4.563  -34.823  54.116 0.1250000000
40671  -4.610  -32.623  50.851 0.1250000000
111868  -4.122  -33.480  52.537 0.1250000000
37921  -4.177  -34.781  53.682 0.1250000000
129489  -5.151  -35.000  53.618 0.1250000000
37074  -6.245  -35.210  52.985 0.1250000000
41761  -4.047  -31.535  49.481 0.1250000000
41780  -3.659  -30.956  48.644 0.1250000000
37923  -7.725  -34.852  52.984 0.1250000000
43812  -3.329  -29.734  47.234 0.1250000000
38845  -8.480  -33.994  52.659 0.1250000000
43818  -3.733  -29.680  46.763 0.1250000000
44790  -4.200  -29.959  45.780 0.1250000000
113075  -4.029  -29.658  46.442 0.1250000000
43830  -4.351  -30.269  45.002 0.1250000000
44791  -4.354  -29.685  45.409 0.1250000000
45871  -4.145  -28.467  46.623 0.1250000000
40773  -4.428  -31.439  44.516 0.1250000000
41864  -4.377  -31.055  44.455 0.1250000000
113560  -4.540  -29.376  45.037 0.1250000000
44779  -4.416  -28.956  45.823 0.1250000000
41865  -4.395  -31.246  43.924 0.1250000000
42891  -4.389  -30.865  44.059 0.1250000000
43836  -4.405  -30.561  44.237 0.1250000000
43831  -4.417  -29.967  44.647 0.1250000000
44780  -4.762  -28.697  45.428 0.1250000000
45872  -4.535  -28.299  46.225 0.1250000000
42892  -4.371  -30.914  43.744 0.1250000000
122896  -4.582  -29.675  44.350 0.1250000000
44792  -4.868  -29.033  44.707 0.1250000000
45873  -5.188  -28.062  45.875 0.1250000000
43849  -4.385  -30.684  43.833 0.1250000000
116115  -4.467  -30.219  44.031 0.1250000000
45888  -5.305  -28.573  45.145 0.1250000000
44804  -5.054  -29.364  44.095 0.1250000000
37913  -6.254  -34.327  54.013 0.1250000000
40658  -4.629  -32.217  51.619 0.1250000000
37918  -7.412  -34.530  53.595 0.1250000000
41752  -4.356  -31.732  50.638 0.1250000000
37917  -6.709  -34.682  53.564 0.1250000000
119885  -3.468  -30.541  49.475 0.1250000000
127718  -3.739  -31.025  49.431 0.1250000000
43805  -2.964  -29.749  47.645 0.1250000000
44770  -3.612  -28.987  46.873 0.1250000000
44778  -4.213  -29.130  46.208 0.1250000000
40790  -4.442  -31.770  43.712 0.1250000000
108843  -4.400  -31.522  43.340 0.1250000000
124610  -4.377  -31.068  43.606 0.1250000000
45874  -5.933  -28.262  45.566 0.1250000000
43837  -4.671  -29.905  43.773 0.1250000000
109814  -4.519  -32.653  52.402 0.1250000000
39751  -4.145  -32.946  53.108 0.1250000000
37911  -5.066  -34.147  54.410 0.1250000000
41739  -4.476  -31.543  51.651 0.1250000000
40646  -4.658  -32.000  52.226 0.1250000000
41738  -4.184  -31.006  50.943 0.1250000000
42854  -3.335  -30.368  47.807 0.1250000000
111001  -3.045  -29.778  49.747 0.1250000000
109444  -2.757  -29.126  47.460 0.1250000000
44763  -2.975  -28.523  47.291 0.1250000000
45870  -3.808  -28.521  46.894 0.1250000000
45853  -3.349  -28.108  47.237 0.1250000000
45855  -4.155  -27.841  46.964 0.1250000000
108659  -4.419  -31.864  42.688 0.1250000000
45857  -5.609  -27.575  46.695 0.1250000000
41879  -4.390  -31.310  43.202 0.1250000000
42898  -4.380  -30.933  43.421 0.1250000000
45889  -5.913  -28.626  45.020 0.1250000000
42907  -4.432  -31.287  42.903 0.1250000000
43851  -5.003  -30.150  43.227 0.1250000000
43838  -5.298  -29.712  43.609 0.1250000000
44805  -5.912  -29.366  43.989 0.1250000000
44794  -6.344  -28.918  44.647 0.1250000000
44781  -6.609  -28.506  45.298 0.1250000000
125391  -5.833  -29.701  43.546 0.1250000000
111828  -4.825  -33.938  54.573 0.1250000000
38835  -6.614  -33.949  54.545 0.1250000000
41708  -4.473  -31.688  53.146 0.1250000000
114309  -4.550  -32.222  52.847 0.1250000000
41725  -4.251  -30.872  51.916 0.1250000000
43799  -2.345  -29.174  48.238 0.1250000000
45856  -4.771  -27.706  46.726 0.1250000000
121935  -5.982  -27.851  46.140 0.1250000000
119657  -4.474  -32.217  41.817 0.1250000000
41899  -4.464  -31.731  42.439 0.1250000000
41900  -4.603  -31.461  42.250 0.1250000000
42899  -4.630  -30.813  42.865 0.1250000000
40637  -4.267  -32.406  53.489 0.1250000000
42838  -4.353  -31.030  52.831 0.1250000000
127460  -4.002  -30.371  51.113 0.1250000000
47734  -2.991  -25.610  50.976 0.2500000000
111593  -2.701  -26.242  50.059 0.1250000000
126348  -2.471  -29.251  49.150 0.1250000000
120438  -2.588  -26.782  48.246 0.1250000000
45842  -2.730  -27.512  47.638 0.1250000000
44755  -2.217  -28.343  47.871 0.1250000000
46780  -31.156  -26.492  52.278 0.2500000000
46863  -3.310  -27.347  47.554 0.1250000000
45854  -3.726  -27.921  47.171 0.1250000000
46791  -31.652  -26.482  51.449 0.1250000000
47721  -32.137  -25.770  51.367 0.1250000000
47732  -32.545  -25.374  50.767 0.1250000000
45875  -6.848  -27.995  46.068 0.1250000000
44782  -7.412  -28.302  45.538 0.1250000000
126712  -3.790  -29.784  53.076 0.1250000000
42841  -3.909  -29.963  51.700 0.1250000000
48625  -3.310  -24.342  51.157 0.2500000000
47746  -2.958  -25.946  49.461 0.1250000000
49543  -3.527  -23.707  50.855 0.2500000000
48637  -3.559  -24.513  50.463 0.2500000000
47758  -3.321  -25.779  49.243 0.1250000000
46845  -3.012  -26.691  47.931 0.1250000000
46833  -3.370  -26.328  48.396 0.1250000000
48623  -32.146  -24.043  51.934 0.2500000000
48650  -3.406  -25.332  49.899 0.1250000000
48651  -3.752  -25.256  49.380 0.1250000000
47759  -3.551  -25.871  48.879 0.1250000000
46846  -3.501  -26.723  47.959 0.1250000000
46864  -3.782  -27.325  47.547 0.1250000000
46847  -4.076  -26.635  47.976 0.1250000000
114874  -32.864  -24.786  50.762 0.1250000000
49571  -4.237  -24.423  49.363 0.1250000000
48659  -4.125  -25.150  48.989 0.1250000000
47768  -3.920  -26.011  48.534 0.1250000000
46865  -4.382  -27.247  47.443 0.1250000000
119874  -33.033  -24.771  50.388 0.1250000000
47769  -4.651  -25.765  48.385 0.1250000000
46848  -4.851  -26.473  47.900 0.1250000000
46866  -5.208  -27.118  47.364 0.1250000000
46867  -6.129  -26.922  47.304 0.1250000000
45858  -6.544  -27.421  46.732 0.1250000000
50531  -3.697  -23.120  50.551 0.2500000000
130333  -32.679  -24.340  51.279 0.1250000000
49554  -33.357  -23.336  50.713 0.1250000000
49556  -3.824  -23.773  50.240 0.2500000000
48638  -3.887  -24.580  49.885 0.1250000000
48635  -33.295  -24.324  50.394 0.1250000000
49557  -4.159  -23.707  49.656 0.1250000000
48660  -4.660  -24.931  48.767 0.1250000000
48636  -33.604  -23.998  50.052 0.1250000000
47745  -33.506  -24.289  49.636 0.1250000000
48661  -5.324  -24.664  48.498 0.1250000000
47770  -5.472  -25.550  48.186 0.1250000000
46849  -5.726  -26.306  47.769 0.1250000000
48649  -33.779  -24.027  49.027 0.1250000000
47771  -6.302  -25.400  47.856 0.1250000000
46868  -7.103  -26.449  47.150 0.1250000000
49542  -32.893  -23.076  51.358 0.1250000000
50524  -3.688  -22.434  50.688 0.2500000000
50532  -3.911  -22.840  49.921 0.2500000000
115753  -3.832  -21.917  50.034 0.2500000000
107943  -4.115  -22.127  49.288 0.2500000000
130759  -4.477  -23.571  49.179 0.1250000000
49580  -4.719  -23.943  48.939 0.1250000000
49569  -33.966  -23.614  49.454 0.2500000000
115957  -34.116  -22.819  49.599 0.2500000000
113460  -4.285  -22.900  49.217 0.2500000000
118112  -4.382  -22.285  48.755 0.2500000000
49570  -34.303  -23.441  48.596 0.2500000000
46887  -7.517  -27.146  46.591 0.1250000000
46869  -7.927  -26.224  46.734 0.1250000000
45876  -7.938  -27.695  45.996 0.1250000000
45877  -8.780  -27.368  45.690 0.1250000000
45890  -9.484  -27.518  45.015 0.1250000000
44797  -9.107  -28.486  44.507 0.1250000000
45903  -9.923  -27.942  44.173 0.1250000000
43842  -9.807  -29.033  43.047 0.1250000000
44809  -10.282  -28.254  43.422 0.1250000000
49555  -33.769  -23.072  50.129 0.3750000000
117309  -35.239  -22.026  47.994 0.5000000000
51586  -36.024  -21.455  47.768 0.3750000000
50552  -35.544  -22.362  47.517 0.5000000000
51575  -4.015  -21.233  49.258 0.2500000000
121721  -5.033  -22.951  48.521 0.2500000000
49581  -5.187  -23.706  48.587 0.1250000000
116380  -36.197  -22.075  47.118 0.2500000000
50551  -34.840  -22.764  48.077 0.1250000000
107851  -4.563  -21.877  48.155 0.2500000000
50553  -4.942  -22.137  47.987 0.2500000000
49582  -5.891  -23.508  48.253 0.1250000000
48668  -6.877  -24.458  47.622 0.1250000000
47780  -7.058  -25.365  47.407 0.1250000000
46888  -8.524  -26.605  46.230 0.1250000000
46907  -10.570  -26.507  44.262 0.1250000000
44816  -10.564  -28.549  42.675 0.1250000000
45919  -10.900  -27.767  42.961 0.1250000000
45904  -10.653  -27.327  43.733 0.1250000000
46921  -11.054  -26.401  43.571 0.1250000000
46922  -11.453  -26.272  42.969 0.1250000000
51587  -36.799  -21.261  47.251 0.3750000000
50562  -36.578  -21.876  46.726 0.2500000000
52575  -4.192  -20.644  48.127 0.2500000000
109036  -4.437  -21.168  47.812 0.2500000000
50554  -5.492  -22.527  48.001 0.2500000000
49583  -6.638  -23.519  47.742 0.1250000000
51595  -37.079  -21.183  46.786 0.2500000000
53664  -4.331  -19.954  47.239 0.2500000000
130770  -4.666  -20.797  46.621 0.2500000000
128100  -5.804  -21.915  47.240 0.2500000000
47781  -7.768  -25.407  46.955 0.1250000000
50555  -6.238  -22.602  47.572 0.1250000000
49589  -7.209  -23.668  47.261 0.1250000000
48669  -7.591  -24.391  47.085 0.1250000000
48670  -8.233  -24.570  46.594 0.1250000000
47782  -8.490  -25.478  46.455 0.1250000000
45891  -10.211  -27.203  44.471 0.1250000000
47804  -10.768  -25.664  43.940 0.1250000000
47815  -11.248  -25.502  43.172 0.2500000000
52580  -36.862  -20.541  47.918 0.5000000000
53677  -4.351  -20.035  46.393 0.2500000000
51596  -4.923  -21.067  46.496 0.2500000000
124466  -6.295  -22.000  46.701 0.2500000000
111307  -6.952  -22.812  46.931 0.2500000000
52588  -4.504  -20.559  45.883 0.2500000000
50564  -6.130  -21.655  45.844 0.2500000000
50566  -7.334  -22.775  46.171 0.1250000000
126892  -7.994  -24.008  46.689 0.1250000000
48680  -8.857  -24.536  45.886 0.1250000000
47792  -9.184  -25.622  45.880 0.1250000000
49591  -8.263  -23.827  46.203 0.2500000000
46889  -9.399  -26.568  45.597 0.1250000000
48681  -9.488  -24.898  45.266 0.1250000000
46906  -10.093  -26.560  44.986 0.1250000000
47793  -9.856  -25.745  45.309 0.1250000000
47803  -10.360  -25.752  44.669 0.1250000000
119978  -9.999  -25.125  44.836 0.1250000000
48699  -10.062  -24.211  43.472 0.2500000000
48700  -10.745  -24.921  43.589 0.2500000000
48707  -8.949  -23.528  42.020 0.2500000000
48709  -10.807  -24.545  42.921 0.2500000000
53662  -36.808  -19.700  48.696 0.5000000000
52586  -37.495  -20.332  47.320 0.5000000000
48689  -9.122  -24.097  44.959 0.2500000000
49610  -8.763  -23.362  44.415 0.2500000000
49632  -8.297  -23.276  42.493 0.2500000000
49611  -9.298  -23.711  43.814 0.2500000000
48690  -9.660  -24.387  44.414 0.2500000000
48691  -10.350  -24.963  44.213 0.2500000000
49621  -9.221  -23.586  42.890 0.2500000000
48706  -8.021  -23.434  41.686 0.2500000000
48720  -7.717  -23.695  41.071 0.2500000000
48738  -5.637  -24.056  40.509 0.2500000000
48721  -8.628  -23.638  41.325 0.2500000000
111354  -6.448  -24.199  40.142 0.2500000000
53676  -37.780  -19.579  47.170 0.5000000000
53690  -37.471  -18.952  46.585 0.2500000000
53691  -37.569  -19.536  46.769 0.2500000000
50586  -7.091  -22.447  43.745 0.2500000000
108109  -7.992  -22.764  44.017 0.2500000000
49620  -8.576  -23.218  43.427 0.2500000000
49619  -7.660  -22.856  43.067 0.2500000000
49631  -7.202  -22.991  42.067 0.2500000000
48717  -4.349  -23.750  40.960 0.2500000000
125766  -4.584  -23.409  41.382 0.2500000000
48737  -4.886  -23.980  40.642 0.2500000000
49644  -6.261  -23.292  41.490 0.2500000000
49645  -7.175  -23.419  41.406 0.2500000000
48719  -6.575  -23.778  40.914 0.2500000000
110649  -4.977  -24.234  39.956 0.2500000000
48753  -3.804  -24.191  39.051 0.2500000000
48754  -4.319  -24.304  39.289 0.2500000000
48755  -5.252  -24.543  38.980 0.2500000000
108240  -6.678  -22.510  42.798 0.2500000000
112060  -4.434  -22.941  41.827 0.2500000000
130710  -3.471  -23.434  40.955 0.2500000000
49643  -5.259  -23.156  41.629 0.2500000000
49630  -6.062  -22.702  41.977 0.2500000000
49655  -3.460  -23.612  40.486 0.2500000000
50647  -3.716  -23.265  38.527 0.3750000000
49718  -5.201  -22.908  36.348 0.3750000000
68091  -40.436  -3.020  25.694 0.2500000000
68041  -40.515  -3.903  29.711 0.2500000000
68053  -40.192  -4.061  28.910 0.2500000000
68054  -41.016  -3.841  28.805 0.2500000000
109892  -41.934  -3.679  29.031 0.2500000000
68080  -38.459  -3.684  26.546 0.2500000000
68065  -39.910  -3.934  27.180 0.2500000000
68066  -40.755  -3.863  27.801 0.2500000000
68970  -38.006  -2.400  25.992 0.2500000000
68081  -39.314  -3.609  26.408 0.2500000000
120187  -40.782  -3.711  26.900 0.2500000000
109419  -38.180  -1.422  25.968 0.2500000000
68089  -38.749  -3.046  25.927 0.2500000000
68090  -39.648  -3.111  25.816 0.2500000000
69841  -38.756  -2.106  25.736 0.2500000000
68981  -39.922  -2.467  25.464 0.2500000000
119666  -40.611  -2.312  25.261 0.2500000000
70620  -39.236  -0.398  25.941 0.2500000000
70630  -39.666  -1.048  25.540 0.2500000000
70621  -40.004  -0.310  25.810 0.2500000000
70622  -40.810  -0.208  25.574 0.2500000000
108502  -35.146  -4.555  30.664 0.3750000000
67162  -36.930  -4.500  30.728 0.3750000000
67144  -38.692  -4.318  31.110 0.3750000000
67145  -39.493  -4.108  31.216 0.3750000000
123680  -37.605  -4.500  30.255 0.2500000000
67163  -38.352  -4.440  30.294 0.2500000000
108877  -40.668  -3.730  32.044 0.3750000000
67164  -39.185  -4.284  30.389 0.2500000000
68026  -39.995  -4.033  30.481 0.2500000000
67176  -37.896  -4.497  29.418 0.2500000000
68040  -39.693  -4.192  29.637 0.2500000000
130159  -38.930  -4.344  28.272 0.2500000000
121124  -37.690  -3.884  26.758 0.2500000000
68064  -38.954  -4.023  27.125 0.2500000000
68079  -37.835  -3.252  26.251 0.2500000000
71403  -38.871  0.147  26.381 0.2500000000
71404  -39.579  0.298  26.381 0.2500000000
71391  -40.854  1.050  26.915 0.2500000000
114000  -39.861  1.549  27.839 0.2500000000
72270  -40.534  1.404  27.540 0.2500000000
70654  -51.490  -0.123  24.111 0.2500000000
70660  -51.054  0.049  23.206 0.2500000000
77025  -48.893  7.529  25.939 0.2500000000
71451  -51.893  0.714  22.974 0.2500000000
78549  -49.478  8.716  27.667 0.2500000000
77824  -49.429  8.430  26.593 0.2500000000
78564  -49.427  9.235  27.006 0.3750000000
78584  -49.387  9.327  25.086 0.3750000000
78565  -49.461  10.076  26.428 0.3750000000
78576  -49.613  10.237  25.823 0.3750000000
79297  -49.222  10.644  26.132 0.3750000000
79327  -50.789  11.319  24.195 0.2500000000
79298  -49.479  10.640  25.905 0.3750000000
79996  -48.639  11.028  25.508 0.3750000000
80009  -49.843  11.738  24.930 0.3750000000
79313  -50.206  11.320  24.764 0.3750000000
80000  -48.452  11.143  24.560 0.3750000000
79314  -50.529  12.134  24.294 0.2500000000
79328  -51.480  11.799  23.674 0.2500000000
80007  -48.460  11.064  23.686 0.2500000000
110914  -49.923  12.165  24.333 0.2500000000
80018  -50.223  12.287  23.692 0.2500000000
80017  -49.334  11.760  23.674 0.2500000000
80030  -49.489  11.580  22.767 0.2500000000
79326  -48.559  10.810  22.829 0.2500000000
111722  -5.570  8.126  48.747 0.3750000000
77627  -6.321  7.369  47.207 0.3750000000
76761  -6.308  6.711  46.804 0.3750000000
76772  -6.110  6.712  46.107 0.2500000000
80050  -52.621  11.091  20.333 0.2500000000
80049  -52.135  11.226  20.229 0.3750000000
79358  -52.522  10.708  19.313 0.2500000000
127576  -53.147  10.009  17.298 0.3750000000
78659  -52.731  9.255  15.650 0.3750000000
79401  -53.847  9.640  14.652 0.3750000000
111797  -52.771  9.076  14.895 0.3750000000
129797  -4.744  9.055  50.095 0.3750000000
78392  -5.117  8.628  49.495 0.3750000000
77626  -6.063  7.707  47.954 0.3750000000
78411  -6.325  8.101  47.136 0.3750000000
78421  -6.314  8.369  46.320 0.2500000000
77638  -6.316  7.488  46.335 0.2500000000
78430  -5.909  8.101  45.581 0.2500000000
79129  -5.124  9.644  49.477 0.3750000000
79137  -5.642  9.856  48.481 0.2500000000
113062  -5.566  9.023  48.708 0.3750000000
79843  -5.821  10.628  48.084 0.2500000000
126231  -5.936  9.295  47.948 0.2500000000
78410  -6.017  8.563  47.954 0.3750000000
79157  -6.094  9.927  46.417 0.2500000000
126936  -5.314  8.844  44.896 0.2500000000
79816  -4.387  10.529  50.854 0.3750000000
80498  -4.686  11.357  50.497 0.3750000000
79825  -4.852  10.560  49.956 0.3750000000
79834  -5.378  10.584  49.057 0.3750000000
79146  -6.001  9.918  47.498 0.2500000000
79166  -6.136  9.046  45.825 0.2500000000
79165  -5.760  9.890  45.353 0.2500000000
80479  -7.512  11.394  52.310 0.3750000000
79809  -7.768  10.998  51.435 0.3750000000
112580  -4.637  12.147  51.197 0.3750000000
80499  -5.173  11.375  49.561 0.3750000000
81203  -5.558  12.088  49.158 0.2500000000
80509  -5.984  11.899  48.212 0.2500000000
80520  -6.018  11.293  47.672 0.2500000000
79854  -6.074  10.667  47.050 0.2500000000
80521  -6.310  11.782  47.316 0.1250000000
80533  -6.172  11.319  46.723 0.2500000000
79862  -5.940  10.837  45.930 0.1250000000
119840  -6.063  11.498  45.955 0.1250000000
79868  -5.301  10.745  44.906 0.1250000000
80469  -5.859  11.582  54.368 0.3750000000
80470  -6.788  11.882  54.141 0.3750000000
80473  -7.241  11.666  53.215 0.3750000000
81188  -8.545  12.347  52.465 0.3750000000
80465  -5.460  12.547  54.830 0.3750000000
80480  -8.325  11.793  51.815 0.3750000000
81189  -9.023  12.395  51.928 0.3750000000
127465  -4.693  12.383  54.230 0.3750000000
80489  -9.246  11.377  50.287 0.3750000000
110687  -9.663  12.016  50.658 0.3750000000
81182  -4.475  12.616  53.189 0.3750000000
81852  -4.857  13.076  52.451 0.3750000000
81204  -10.708  12.250  49.651 0.3750000000
81187  -4.493  12.526  52.243 0.3750000000
81861  -4.997  12.906  51.466 0.3750000000
81194  -5.239  12.714  50.503 0.3750000000
81862  -5.670  13.274  50.858 0.2500000000
81871  -5.951  13.122  49.891 0.3750000000
127254  -5.867  12.664  49.290 0.2500000000
81884  -6.425  13.031  49.050 0.2500000000
81213  -6.128  12.491  48.631 0.2500000000
81214  -6.746  12.911  48.252 0.2500000000
112329  -6.460  12.335  47.812 0.2500000000
80542  -5.594  11.476  45.223 0.1250000000
80543  -6.008  11.950  45.531 0.1250000000
80551  -5.401  11.899  44.789 0.1250000000
80550  -4.909  11.481  44.348 0.1250000000
80549  -4.283  11.122  43.490 0.1250000000
81178  -7.198  12.425  54.604 0.3750000000
81183  -7.639  12.226  53.657 0.3750000000
81184  -8.385  12.541  53.243 0.3750000000
81185  -9.005  12.765  52.788 0.3750000000
81174  -6.051  12.831  55.313 0.3750000000
81847  -5.479  13.542  53.814 0.3750000000
115882  -5.403  13.529  52.730 0.3750000000
81853  -5.462  13.392  51.759 0.3750000000
81863  -6.623  13.701  50.500 0.2500000000
81872  -6.910  13.542  49.556 0.2500000000
81885  -7.205  13.429  48.718 0.2500000000
81898  -7.506  13.313  47.891 0.1250000000
81899  -8.335  13.699  47.531 0.1250000000
81227  -7.058  12.779  47.429 0.1250000000
81237  -6.702  12.227  46.087 0.1250000000
123914  -6.467  12.359  45.370 0.1250000000
81248  -5.792  12.282  44.699 0.1250000000
81256  -5.411  12.488  43.760 0.1250000000
81940  -6.187  12.859  43.205 0.1250000000
81255  -4.607  12.287  43.316 0.1250000000
81268  -5.117  12.801  42.707 0.1250000000
81952  -4.443  12.885  41.980 0.1250000000
81281  -4.225  12.643  41.542 0.1250000000
81176  -7.779  12.857  55.091 0.3750000000
81179  -8.142  12.681  54.198 0.3750000000
81172  -7.378  13.085  55.665 0.3750000000
123206  -8.780  13.003  54.862 0.3750000000
81180  -8.940  12.945  53.802 0.3750000000
81171  -6.609  13.084  55.585 0.3750000000
81842  -5.718  13.418  54.819 0.3750000000
82491  -6.176  13.974  54.139 0.3750000000
82497  -6.145  13.791  52.019 0.3750000000
82498  -6.843  14.049  51.337 0.3750000000
82516  -7.579  14.091  50.020 0.1250000000
81873  -7.785  13.971  49.186 0.1250000000
82536  -8.879  14.234  47.995 0.1250000000
81886  -8.052  13.830  48.364 0.1250000000
82537  -9.441  14.632  47.575 0.1250000000
81900  -9.100  14.090  47.170 0.1250000000
81908  -7.778  13.224  47.047 0.1250000000
81909  -8.589  13.593  46.694 0.1250000000
81243  -7.352  12.732  45.575 0.1250000000
81910  -9.271  14.010  46.332 0.1250000000
81918  -8.756  13.534  45.855 0.1250000000
123408  -7.897  13.067  44.581 0.1250000000
81249  -6.796  12.634  44.719 0.1250000000
81257  -6.246  12.599  44.059 0.1250000000
82543  -9.680  14.595  45.930 0.1250000000
81919  -9.328  13.943  45.463 0.1250000000
119945  -8.782  13.479  45.018 0.1250000000
81941  -7.092  12.878  43.763 0.1250000000
82548  -9.603  14.538  44.997 0.1250000000
81929  -9.231  13.916  44.706 0.1250000000
82555  -9.193  14.396  43.978 0.1250000000
81942  -7.896  13.348  43.497 0.1250000000
81954  -6.968  13.317  42.830 0.1250000000
83206  -9.168  15.222  43.484 0.1250000000
82554  -8.479  13.933  43.214 0.1250000000
81955  -7.661  13.760  42.695 0.1250000000
81953  -5.864  13.336  42.246 0.1250000000
111244  -5.048  13.227  41.877 0.1250000000
83205  -8.620  15.237  42.666 0.1250000000
82566  -7.920  14.505  42.308 0.1250000000
83211  -8.448  15.938  42.313 0.1250000000
81173  -8.419  13.116  55.638 0.3750000000
81833  -6.991  13.496  55.760 0.3750000000
114236  -8.978  13.487  56.143 0.3750000000
81838  -9.491  13.292  55.554 0.3750000000
82481  -6.785  13.919  55.638 0.3750000000
82493  -7.774  14.841  52.616 0.2500000000
82499  -7.886  14.628  51.495 0.1250000000
82517  -8.454  14.482  49.679 0.1250000000
82528  -8.669  14.380  48.839 0.1250000000
82529  -9.455  14.961  48.403 0.1250000000
114457  -9.626  14.626  46.824 0.1250000000
83186  -9.933  15.312  46.434 0.1250000000
121964  -9.989  16.000  46.832 0.1250000000
83193  -9.897  15.342  45.498 0.1250000000
83199  -9.620  15.410  44.440 0.1250000000
114233  -9.357  15.880  43.774 0.1250000000
83922  -9.144  16.487  43.618 0.1250000000
83212  -8.999  15.895  43.084 0.1250000000
83921  -8.629  16.623  42.861 0.1250000000
83140  -8.649  15.602  56.030 0.2500000000
83858  -8.804  16.529  56.315 0.1250000000
83860  -8.476  16.528  55.903 0.1250000000
83137  -9.124  15.614  56.363 0.2500000000
83855  -9.306  16.373  56.456 0.2500000000
82475  -9.955  14.707  56.536 0.2500000000
114970  -8.199  14.779  56.011 0.3750000000
116935  -8.791  14.949  56.223 0.2500000000
82474  -9.333  14.795  56.413 0.2500000000
83143  -8.246  15.560  55.304 0.2500000000
82482  -7.590  14.582  55.471 0.3750000000
81834  -7.951  13.526  55.928 0.3750000000
81835  -9.819  13.673  56.165 0.3750000000
82486  -6.980  14.413  54.578 0.3750000000
82487  -7.863  15.149  54.371 0.2500000000
124151  -7.580  14.871  53.577 0.3750000000
120018  -8.212  15.431  53.255 0.1250000000
83148  -8.611  15.495  52.098 0.1250000000
83153  -8.780  15.198  50.999 0.1250000000
82507  -8.973  15.019  50.139 0.1250000000
115986  -9.345  15.502  49.761 0.1250000000
82518  -9.167  14.957  49.338 0.1250000000
83168  -9.561  15.639  49.108 0.1250000000
83174  -9.793  15.895  48.348 0.1250000000
83893  -9.862  16.520  47.599 0.1250000000
83181  -9.831  15.377  47.442 0.1250000000
117751  -10.009  16.096  46.046 0.1250000000
121360  -9.789  16.940  45.752 0.1250000000
83904  -9.845  16.213  45.149 0.1250000000
84583  -9.205  17.081  44.136 0.1250000000
83912  -9.521  16.372  44.323 0.1250000000
84594  -8.863  17.049  43.532 0.1250000000
84603  -8.048  17.141  42.364 0.1250000000
83937  -8.093  16.524  41.996 0.1250000000
84612  -7.714  17.011  41.608 0.1250000000
84522  -8.362  17.444  56.317 0.1250000000
84527  -8.008  17.381  55.890 0.1250000000
84521  -7.922  18.109  56.269 0.1250000000
83863  -8.255  16.552  55.094 0.1250000000
83145  -8.417  15.941  54.121 0.1250000000
118710  -8.669  16.165  53.012 0.1250000000
119348  -8.742  16.868  52.813 0.1250000000
84532  -8.832  17.296  52.203 0.1250000000
83154  -9.202  16.010  51.306 0.1250000000
84534  -8.855  17.770  51.565 0.1250000000
83160  -9.292  15.719  50.438 0.1250000000
125020  -9.388  16.605  50.601 0.1250000000
117383  -9.468  17.221  49.895 0.1250000000
83883  -9.541  16.253  49.755 0.1250000000
83888  -9.700  16.392  49.018 0.1250000000
126045  -9.744  16.676  48.433 0.1250000000
84563  -9.637  17.554  47.284 0.1250000000
85229  -9.187  18.444  46.996 0.1250000000
84568  -9.541  17.669  46.367 0.1250000000
85234  -8.945  18.470  46.083 0.1250000000
127127  -8.047  19.119  45.803 0.1250000000
119183  -9.540  17.046  44.897 0.1250000000
84575  -9.336  17.741  45.473 0.1250000000
84582  -8.639  17.594  43.920 0.1250000000
84593  -8.326  17.358  43.182 0.1250000000
85187  -7.652  18.673  55.988 0.1250000000
85188  -8.007  18.512  56.317 0.1250000000
84526  -7.632  18.128  55.507 0.1250000000
120565  -7.971  17.278  54.983 0.1250000000
84530  -7.950  17.733  54.227 0.1250000000
85193  -7.391  18.582  54.507 0.1250000000
85196  -7.841  18.270  53.397 0.1250000000
85195  -7.561  18.880  52.691 0.1250000000
85790  -6.353  20.154  52.471 0.1250000000
111747  -8.435  17.518  53.094 0.1250000000
110204  -8.396  18.141  52.332 0.1250000000
85199  -7.183  19.674  51.977 0.1250000000
85792  -6.537  20.202  51.492 0.1250000000
85200  -8.036  18.850  51.783 0.1250000000
128440  -7.107  19.995  51.271 0.1250000000
85796  -6.922  20.126  50.615 0.1250000000
84535  -9.182  16.945  51.433 0.1250000000
130230  -8.523  18.293  51.667 0.1250000000
85797  -7.758  19.453  51.005 0.1250000000
85795  -6.192  20.329  50.026 0.1250000000
84540  -9.184  17.541  50.785 0.1250000000
85202  -8.625  18.461  51.046 0.1250000000
117413  -8.439  18.971  50.331 0.1250000000
85802  -7.809  19.621  50.013 0.1250000000
85801  -7.024  20.094  49.608 0.1250000000
127352  -9.305  17.938  49.464 0.1250000000
129066  -9.606  16.764  49.422 0.1250000000
85212  -9.266  18.135  48.760 0.1250000000
121353  -9.600  17.221  49.028 0.1250000000
84556  -9.624  17.416  48.172 0.1250000000
85219  -9.241  18.312  47.891 0.1250000000
85218  -8.622  19.056  47.604 0.1250000000
125810  -7.709  19.371  46.599 0.1250000000
108092  -6.971  19.415  46.148 0.1250000000
85829  -5.957  19.469  45.639 0.1250000000
85828  -4.859  19.624  46.115 0.1250000000
122152  -4.001  19.813  45.742 0.1250000000
111355  -4.919  19.639  45.203 0.1250000000
84574  -9.037  17.745  44.640 0.1250000000
85232  -7.905  18.838  44.929 0.1250000000
85830  -7.075  19.226  45.188 0.1250000000
85834  -4.976  19.620  44.322 0.1250000000
85238  -8.259  18.247  44.407 0.1250000000
85835  -6.068  19.365  44.555 0.1250000000
85243  -7.872  17.994  43.639 0.1250000000
85237  -7.223  18.692  44.234 0.1250000000
84592  -7.631  17.756  42.775 0.1250000000
84602  -7.447  17.581  41.830 0.1250000000
130639  -7.250  20.253  55.191 0.1250000000
86422  -8.037  20.151  55.194 0.1250000000
85784  -8.507  19.537  55.645 0.1250000000
85783  -7.112  19.565  55.196 0.1250000000
125010  -7.717  18.866  55.986 0.1250000000
85781  -8.155  18.976  56.222 0.1250000000
85191  -9.075  18.989  56.082 0.1250000000
85782  -6.506  20.231  54.528 0.1250000000
85786  -6.260  20.149  53.597 0.1250000000
86435  -5.676  20.379  51.784 0.1250000000
122013  -5.958  20.358  50.875 0.1250000000
86440  -5.455  20.442  50.282 0.1250000000
87046  -4.433  20.976  49.161 0.1250000000
86449  -5.556  20.363  48.762 0.1250000000
86448  -4.893  20.674  48.756 0.1250000000
85206  -9.060  18.218  50.170 0.1250000000
85205  -8.684  18.842  49.472 0.1250000000
85807  -7.873  19.614  49.077 0.1250000000
86453  -4.506  20.438  47.924 0.1250000000
85800  -6.247  20.286  49.161 0.1250000000
85806  -7.037  19.970  48.694 0.1250000000
85805  -6.082  20.040  48.222 0.1250000000
85804  -5.094  20.225  48.064 0.1250000000
121357  -4.109  20.339  47.373 0.1250000000
85211  -8.654  18.983  48.501 0.1250000000
85814  -7.866  19.537  48.174 0.1250000000
85813  -7.006  19.706  47.837 0.1250000000
115504  -6.248  19.698  47.461 0.1250000000
85811  -4.382  19.962  47.325 0.1250000000
86460  -3.870  20.150  46.729 0.1250000000
85825  -7.818  19.444  47.327 0.1250000000
85824  -6.954  19.519  47.017 0.1250000000
85823  -5.872  19.565  46.682 0.1250000000
85827  -4.067  19.858  46.497 0.1250000000
127436  -3.606  19.990  46.117 0.1250000000
85833  -4.141  19.850  44.892 0.1250000000
85837  -4.338  19.965  44.028 0.1250000000
85242  -7.063  18.366  43.267 0.1250000000
85241  -6.403  18.974  43.644 0.1250000000
109612  -5.662  19.358  43.807 0.1250000000
85257  -6.875  17.944  41.260 0.1250000000
108235  -6.735  20.256  55.023 0.1250000000
86421  -6.033  20.682  54.644 0.1250000000
86427  -8.515  20.619  54.347 0.1250000000
85785  -9.443  19.397  55.136 0.1250000000
86434  -4.839  20.563  52.055 0.1250000000
86438  -4.405  20.840  51.544 0.1250000000
86439  -4.954  20.527  51.017 0.1250000000
86444  -4.757  20.718  49.946 0.1250000000
123043  -4.538  21.197  48.297 0.1250000000
87052  -4.556  21.299  47.483 0.1250000000
113783  -4.075  20.709  47.009 0.1250000000
87059  -4.644  21.511  46.508 0.1250000000
86463  -3.703  20.151  45.417 0.1250000000
86466  -3.895  20.380  44.514 0.1250000000
87066  -3.855  21.037  43.940 0.1250000000
85844  -4.496  20.051  43.296 0.1250000000
85250  -6.451  18.722  42.906 0.1250000000
85838  -5.033  19.624  43.531 0.1250000000
85251  -6.923  18.288  42.197 0.1250000000
87029  -6.733  20.819  54.914 0.1250000000
87028  -6.000  20.897  54.789 0.1250000000
87033  -6.174  21.508  54.629 0.1250000000
87027  -5.351  20.959  54.476 0.1250000000
86424  -4.462  20.913  53.269 0.1250000000
87042  -4.273  21.117  51.026 0.1250000000
87045  -4.340  21.017  50.160 0.1250000000
87749  -5.176  21.924  47.239 0.1250000000
87063  -4.384  21.461  45.383 0.1250000000
87757  -5.342  22.175  45.699 0.1250000000
87067  -4.266  21.582  44.333 0.1250000000
85839  -5.785  19.225  43.051 0.1250000000
85846  -6.130  18.950  42.154 0.1250000000
87727  -6.572  22.233  54.058 0.1250000000
87032  -4.979  21.232  54.200 0.1250000000
87724  -4.635  21.818  53.432 0.1250000000
88394  -4.570  23.042  52.841 0.1250000000
87732  -4.496  22.280  52.007 0.1250000000
87733  -4.678  23.123  52.003 0.1250000000
117863  -4.398  21.691  51.309 0.1250000000
87736  -4.434  21.541  50.518 0.1250000000
88398  -5.067  23.588  51.388 0.1250000000
88403  -5.412  23.091  50.427 0.1250000000
124756  -4.470  21.388  49.746 0.1250000000
112204  -4.923  21.777  49.024 0.1250000000
88399  -5.762  24.010  50.736 0.1250000000
87744  -5.060  21.893  48.022 0.1250000000
87741  -5.591  22.747  49.463 0.1250000000
87745  -5.738  22.570  48.510 0.1250000000
88413  -6.540  23.188  48.088 0.1250000000
87750  -5.882  22.496  47.596 0.1250000000
87754  -5.835  22.438  46.606 0.1250000000
87764  -5.080  22.193  44.762 0.1250000000
118390  -5.704  22.786  44.349 0.1250000000
87071  -3.845  21.224  42.971 0.1250000000
85845  -5.062  19.727  42.697 0.1250000000
86475  -4.259  20.534  42.609 0.1250000000
88387  -4.774  22.691  53.496 0.1250000000
87725  -5.043  21.941  53.953 0.1250000000
88388  -5.163  23.264  53.940 0.1250000000
88391  -4.814  23.805  53.467 0.1250000000
89014  -5.129  24.492  53.809 0.1250000000
89015  -5.811  25.030  53.726 0.1250000000
89017  -6.634  24.502  53.300 0.1250000000
112197  -6.664  25.437  53.315 0.1250000000
88395  -4.697  24.064  52.614 0.1250000000
89016  -4.894  24.842  53.392 0.1250000000
89585  -5.217  25.419  53.759 0.1250000000
89024  -5.244  24.532  51.628 0.1250000000
89019  -4.891  25.160  52.633 0.1250000000
89025  -5.864  24.749  50.937 0.1250000000
88404  -6.149  23.570  49.890 0.1250000000
88409  -6.347  23.308  48.986 0.1250000000
117940  -6.428  24.517  50.134 0.1250000000
89030  -7.094  24.744  49.156 0.1250000000
88414  -7.230  23.784  47.707 0.1250000000
88418  -7.340  23.787  46.761 0.1250000000
87758  -6.138  22.755  45.813 0.1250000000
87765  -5.937  22.737  45.104 0.1250000000
86482  -4.289  20.801  41.813 0.1250000000
86483  -4.943  20.722  41.284 0.1250000000
89018  -7.592  24.817  52.474 0.1250000000
89587  -5.835  25.926  53.723 0.1250000000
90162  -6.614  26.351  53.334 0.1250000000
89589  -4.945  26.058  52.665 0.1250000000
89020  -5.433  25.451  51.536 0.1250000000
89599  -6.658  25.436  49.983 0.1250000000
89600  -7.190  25.824  49.203 0.1250000000
88410  -7.002  23.854  48.606 0.1250000000
89602  -7.505  25.320  48.315 0.1250000000
89605  -7.808  25.836  47.523 0.1250000000
89032  -7.387  24.443  48.231 0.1250000000
89608  -8.032  25.438  46.665 0.1250000000
89035  -7.686  24.697  47.362 0.1250000000
88423  -6.687  23.216  46.260 0.1250000000
89611  -8.115  25.246  45.824 0.1250000000
89038  -7.808  24.503  46.308 0.1250000000
88424  -7.356  23.772  45.843 0.1250000000
88428  -6.681  23.273  45.427 0.1250000000
89042  -7.776  24.450  45.423 0.1250000000
88429  -7.272  23.796  44.962 0.1250000000
115220  -6.474  23.296  44.579 0.1250000000
87772  -5.979  23.252  43.570 0.1250000000
87072  -4.051  21.731  43.328 0.1250000000
87077  -3.852  21.335  42.049 0.1250000000
87084  -4.168  21.327  41.435 0.1250000000
125682  -6.146  25.218  50.662 0.1250000000
90172  -6.636  26.316  49.962 0.1250000000
90170  -5.910  26.872  50.757 0.1250000000
90175  -7.478  26.304  48.368 0.1250000000
90714  -7.256  27.407  47.589 0.1250000000
90180  -7.990  26.351  46.785 0.1250000000
90178  -7.621  26.756  47.565 0.1250000000
90182  -8.031  26.650  45.999 0.1250000000
110164  -8.079  25.133  45.123 0.1250000000
88432  -7.021  23.855  44.036 0.1250000000
87771  -4.942  22.375  43.699 0.1250000000
88444  -5.436  23.567  41.350 0.1250000000
87078  -3.882  21.916  42.404 0.1250000000
88435  -4.912  23.140  41.914 0.1250000000
87785  -4.024  22.071  41.434 0.1250000000
87793  -4.783  22.429  40.764 0.1250000000
121637  -6.520  27.043  49.873 0.1250000000
90709  -6.655  27.635  49.187 0.1250000000
90711  -7.239  27.155  48.353 0.1250000000
90717  -7.556  27.247  46.740 0.1250000000
89045  -7.664  24.579  44.538 0.1250000000
89049  -7.393  24.654  43.613 0.1250000000
89048  -6.661  24.003  43.059 0.1250000000
88436  -5.740  23.519  42.447 0.1250000000
87778  -5.034  22.884  42.755 0.1250000000
90707  -6.072  27.654  50.241 0.1250000000
108595  -8.198  25.976  45.329 0.1250000000
89612  -7.971  25.465  44.553 0.1250000000
90719  -7.608  27.376  45.739 0.1250000000
108981  -52.785  8.784  14.194 0.3750000000
39747  -4.168  -33.228  53.837 0.1250000000
115915  -34.391  -22.891  48.927 0.2500000000
38834  -5.809  -33.967  54.351 0.1250000000
108948  -2.845  -28.835  50.907 0.1250000000
118795  -3.639  -29.510  52.386 0.1250000000
52579  -36.031  -20.491  48.571 0.5000000000
68027  -40.790  -3.751  30.543 0.2500000000
108501  -36.004  -4.549  30.747 0.3750000000
111653  -51.902  1.002  22.292 0.2500000000
107895  -50.668  12.224  22.650 0.2500000000
79348  -51.087  10.844  20.449 0.2500000000
79367  -52.285  10.148  18.480 0.2500000000
79172  -4.965  9.824  44.591 0.2500000000
79867  -4.654  10.558  44.169 0.1250000000
80557  -4.489  11.837  43.631 0.1250000000
80471  -3.974  11.702  53.367 0.3750000000
81177  -4.232  12.146  53.664 0.3750000000
80472  -6.584  11.405  53.686 0.3750000000
79802  -6.817  11.099  52.903 0.3750000000
80488  -8.491  11.250  50.903 0.3750000000
49683  -3.631  -23.929  38.784 0.2500000000
71445  -52.131  0.474  23.743 0.2500000000
128523  -5.211  -22.671  41.979 0.2500000000
50623  -3.108  -22.767  40.691 0.2500000000
126707  -3.173  -22.956  40.027 0.2500000000
51651  -3.200  -22.148  40.983 0.2500000000
48735  -3.722  -23.882  39.951 0.2500000000
49628  -3.874  -22.768  41.746 0.2500000000
37943  -4.080  -34.973  51.421 0.1250000000
38846  -4.154  -34.133  51.776 0.1250000000
38849  -4.515  -34.703  50.193 0.1250000000
39756  -4.530  -33.512  50.937 0.1250000000
37922  -4.589  -35.460  53.682 0.1250000000
37071  -5.830  -34.792  53.490 0.1250000000
111121  -4.582  -33.071  50.240 0.1250000000
40684  -4.426  -32.401  49.796 0.1250000000
114564  -4.273  -32.051  48.876 0.1250000000
41781  -4.098  -31.614  48.154 0.1250000000
40718  -4.279  -31.748  47.299 0.1250000000
41814  -3.999  -30.706  46.456 0.1250000000
42862  -3.549  -30.210  47.103 0.1250000000
41832  -4.240  -30.876  45.745 0.1250000000
42884  -4.377  -30.678  44.791 0.1250000000
109542  -3.954  -33.835  53.411 0.1250000000
37912  -5.412  -34.465  53.959 0.1250000000
41751  -3.873  -31.048  50.045 0.1250000000
43850  -4.510  -30.488  43.574 0.1250000000
42844  -3.653  -30.406  50.340 0.1250000000
41726  -4.555  -31.555  52.453 0.1250000000
42847  -2.998  -29.965  48.647 0.1250000000
42837  -4.085  -30.302  52.560 0.1250000000
130678  -3.061  -25.637  50.148 0.1250000000
46832  -2.994  -26.217  48.679 0.1250000000
46792  -32.015  -26.055  50.956 0.1250000000
120972  -32.485  -25.005  51.323 0.1250000000
112287  -3.255  -25.064  50.641 0.2500000000
48624  -33.050  -24.100  50.923 0.1250000000
48662  -6.123  -24.507  48.141 0.1250000000
50541  -4.676  -22.804  48.681 0.1250000000
51581  -4.249  -21.575  48.551 0.2500000000
51588  -4.819  -21.235  47.347 0.2500000000
51589  -5.289  -21.593  47.288 0.2500000000
52581  -4.516  -20.548  47.028 0.2500000000
51597  -5.564  -21.422  46.394 0.3750000000
50565  -6.797  -22.194  46.077 0.2500000000
129655  -5.702  -24.329  39.801 0.2500000000
48736  -4.239  -23.978  40.294 0.2500000000
49642  -3.848  -23.352  41.297 0.2500000000
48718  -5.331  -23.669  41.096 0.2500000000
49641  -3.461  -22.990  41.342 0.2500000000
71390  -39.967  0.941  27.072 0.2500000000
67177  -38.850  -4.391  29.535 0.2500000000
79305  -49.758  11.030  25.395 0.3750000000
79147  -6.213  9.050  46.995 0.2500000000
80487  -5.038  12.091  50.062 0.3750000000
80508  -5.647  11.344  48.638 0.3750000000
123497  -5.482  12.545  49.763 0.2500000000
80534  -6.361  11.805  46.441 0.1250000000
81226  -6.705  12.222  46.962 0.1250000000
80466  -6.079  12.227  54.953 0.3750000000
81841  -5.208  12.984  54.500 0.3750000000
80481  -9.048  11.916  51.134 0.3750000000
81846  -4.898  13.074  53.515 0.3750000000
81247  -4.985  12.090  44.162 0.1250000000
125526  -6.135  13.989  53.009 0.3750000000
109933  -6.959  14.319  52.244 0.3750000000
82505  -7.442  14.221  50.748 0.2500000000
81238  -7.276  12.693  46.560 0.1250000000
81837  -6.225  13.323  55.444 0.3750000000
82485  -6.262  13.792  55.088 0.3750000000
82492  -6.938  14.435  53.318 0.3750000000
81917  -8.006  13.157  46.197 0.1250000000
126011  -8.192  13.189  45.442 0.1250000000
81928  -8.680  13.599  44.142 0.1250000000
82477  -7.564  14.027  56.024 0.3750000000
82506  -8.244  14.584  50.513 0.1250000000
85186  -8.879  17.686  56.583 0.1250000000
116826  -8.439  16.849  53.871 0.1250000000
83149  -8.966  16.451  52.126 0.1250000000
85228  -8.472  19.088  46.729 0.1250000000
111267  -7.432  19.063  55.721 0.1250000000
85190  -7.307  18.960  55.387 0.1250000000
118248  -7.230  18.925  53.646 0.1250000000
85787  -6.931  19.469  54.378 0.1250000000
85791  -6.873  19.568  53.130 0.1250000000
85780  -7.549  19.476  55.565 0.1250000000
86426  -5.544  20.595  54.018 0.1250000000
122084  -4.740  20.674  52.784 0.1250000000
86428  -9.271  20.346  53.797 0.1250000000
86429  -4.949  20.693  53.400 0.1250000000
86433  -4.335  20.875  52.457 0.1250000000
87723  -5.454  21.402  54.463 0.1250000000
86425  -4.831  20.954  53.962 0.1250000000
87729  -4.508  22.051  52.815 0.1250000000
87726  -5.656  22.245  54.246 0.1250000000
89595  -6.048  25.946  50.730 0.1250000000
40708  -24.546  -30.828  48.486 0.1250000000
40724  -24.010  -30.961  47.739 0.1250000000
40725  -24.745  -30.845  48.044 0.1250000000
40722  -21.886  -31.046  47.240 0.1250000000
123566  -21.972  -31.232  46.524 0.1250000000
109763  -23.585  -31.159  46.883 0.1250000000
49596  -36.285  -23.029  45.922 0.1250000000
50563  -36.712  -21.766  46.387 0.1250000000
50577  -36.509  -22.241  45.288 0.1250000000
49614  -36.354  -22.810  44.747 0.1250000000
49625  -36.204  -22.737  43.972 0.1250000000
50600  -36.140  -22.286  43.777 0.1250000000
111784  -37.293  -20.573  46.755 0.1250000000
52587  -37.579  -20.058  46.892 0.1250000000
129081  -36.627  -21.779  45.705 0.1250000000
50589  -36.355  -22.119  44.584 0.1250000000
51608  -36.506  -21.455  45.391 0.1250000000
50610  -36.001  -22.473  43.017 0.1250000000
52593  -37.251  -20.246  46.462 0.1250000000
52600  -36.781  -20.566  45.855 0.1250000000
53706  -37.074  -19.780  46.240 0.1250000000
51617  -36.165  -21.526  44.856 0.1250000000
52608  -36.219  -20.905  45.320 0.1250000000
51626  -36.076  -21.826  44.308 0.1250000000
125297  -35.799  -22.240  42.971 0.1250000000
52599  -36.448  -20.147  45.728 0.1250000000
51616  -35.855  -21.381  44.672 0.1250000000
52607  -35.896  -20.654  45.149 0.1250000000
50599  -35.929  -21.933  43.783 0.1250000000
52618  -35.679  -21.408  44.381 0.1250000000
52606  -35.900  -20.782  44.981 0.1250000000
51625  -35.669  -21.915  43.407 0.1250000000
51636  -35.495  -21.968  42.974 0.1250000000
53705  -36.875  -19.530  46.096 0.1250000000
53722  -36.351  -20.089  45.600 0.1250000000
113764  -36.575  -19.318  45.901 0.2500000000
53721  -36.022  -19.935  45.405 0.1250000000
52617  -35.488  -21.432  44.012 0.1250000000
52632  -34.835  -21.366  43.250 0.1250000000
51637  -35.647  -22.320  42.622 0.1250000000
110955  -35.158  -21.953  42.644 0.1250000000
52605  -35.449  -20.484  44.734 0.1250000000
52616  -34.931  -20.804  44.051 0.1250000000
51635  -34.567  -21.510  42.619 0.1250000000
53720  -35.350  -19.529  45.005 0.1250000000
53735  -34.727  -19.713  44.254 0.1250000000
52615  -34.383  -20.305  43.498 0.1250000000
109415  -34.265  -19.379  43.460 0.1250000000
52631  -34.093  -20.715  42.829 0.1250000000
54713  -35.059  -18.659  44.618 0.2500000000
54722  -34.506  -18.839  43.812 0.2500000000
53748  -33.977  -19.664  42.830 0.2500000000
52630  -33.624  -20.143  42.177 0.1250000000
54750  -34.260  -18.512  40.950 0.2500000000
62716  -41.593  -9.805  31.816 0.1250000000
62745  -41.978  -9.538  29.203 0.1250000000
62746  -42.462  -8.940  29.176 0.1250000000
62715  -41.483  -9.114  31.074 0.2500000000
62735  -41.690  -9.082  30.004 0.1250000000
62758  -42.931  -8.837  28.300 0.1250000000
61900  -43.528  -8.495  27.841 0.1250000000
62770  -44.010  -8.221  27.639 0.1250000000
63657  -44.601  -7.930  27.692 0.1250000000
63618  -41.957  -8.279  30.847 0.1250000000
63632  -43.079  -8.292  29.203 0.1250000000
62747  -43.054  -8.635  28.689 0.1250000000
64504  -42.527  -7.361  31.245 0.2500000000
63628  -42.810  -7.659  29.979 0.1250000000
64516  -43.586  -7.773  29.271 0.1250000000
62748  -43.496  -8.391  28.455 0.1250000000
124501  -22.614  -31.136  47.084 0.1250000000
62759  -43.504  -8.480  28.175 0.1250000000
49587  -36.178  -22.621  46.600 0.1250000000
118799  -22.805  -31.358  46.195 0.1250000000
49604  -36.351  -22.914  45.424 0.1250000000
50570  -36.557  -22.226  45.899 0.1250000000
51601  -36.898  -21.202  46.171 0.1250000000
63631  -42.351  -8.431  29.777 0.1250000000
44844  -11.473  -28.786  40.989 0.1250000000
129463  -11.574  -29.117  40.374 0.1250000000
45941  -11.824  -27.979  41.076 0.1250000000
44858  -11.911  -28.489  40.453 0.1250000000
45929  -12.231  -27.040  41.077 0.1250000000
47825  -11.407  -24.985  42.453 0.1250000000
46944  -11.927  -26.457  41.809 0.1250000000
46945  -12.225  -26.127  41.276 0.1250000000
48723  -11.629  -24.480  41.194 0.1250000000
110202  -10.828  -24.257  42.294 0.1250000000
48739  -7.388  -24.047  40.425 0.1250000000
109887  -8.023  -24.139  39.882 0.1250000000
48722  -10.290  -23.787  41.674 0.1250000000
48740  -8.338  -23.827  40.679 0.1250000000
48741  -9.318  -23.696  40.993 0.1250000000
119933  -10.869  -23.933  41.300 0.1250000000
108949  -8.866  -23.871  40.137 0.1250000000
48742  -10.891  -23.772  40.554 0.1250000000
48760  -11.480  -23.756  39.718 0.1250000000
48759  -10.310  -23.679  39.412 0.1250000000
48758  -9.248  -23.941  39.378 0.1250000000
123602  -8.517  -24.178  39.366 0.1250000000
47860  -6.500  -24.628  37.925 0.1250000000
47871  -8.135  -24.566  37.564 0.1250000000
107907  -7.768  -24.428  38.984 0.1250000000
48772  -8.552  -24.355  38.493 0.1250000000
48783  -4.663  -24.262  37.710 0.1250000000
48768  -4.100  -24.246  38.163 0.1250000000
48770  -5.928  -24.630  38.389 0.1250000000
47861  -7.477  -24.573  38.115 0.1250000000
48784  -5.197  -24.348  37.574 0.1250000000
47869  -6.141  -24.520  37.566 0.1250000000
47881  -6.551  -24.431  37.215 0.1250000000
48796  -5.047  -23.833  37.252 0.1250000000
48797  -5.729  -24.076  37.097 0.1250000000
48798  -6.451  -24.059  36.765 0.1250000000
129152  -4.800  -23.257  37.095 0.2500000000
49719  -5.968  -23.359  36.266 0.1250000000
115059  -3.628  -17.508  33.834 0.1250000000
115140  -4.852  -17.568  34.017 0.1250000000
54801  -5.646  -18.585  34.405 0.1250000000
53852  -6.762  -19.280  34.541 0.1250000000
55740  -6.164  -17.570  34.290 0.1250000000
117024  -7.002  -18.384  34.504 0.1250000000
54812  -7.763  -19.070  34.285 0.1250000000
56668  -6.626  -16.704  34.319 0.1250000000
54802  -8.045  -18.223  34.395 0.1250000000
54813  -8.590  -18.824  33.851 0.1250000000
58365  -9.030  -14.435  34.151 0.1250000000
60064  -7.269  -11.887  34.134 0.1250000000
60065  -7.960  -11.412  34.101 0.1250000000
60066  -8.590  -11.573  33.957 0.1250000000
115844  -7.654  -13.159  34.192 0.1250000000
118983  -9.440  -13.661  33.907 0.1250000000
60928  -8.093  -10.731  34.873 0.1250000000
60917  -8.866  -10.933  35.839 0.1250000000
60054  -6.768  -11.287  34.639 0.1250000000
60937  -7.595  -11.037  34.390 0.1250000000
60938  -8.397  -10.907  34.232 0.1250000000
60915  -7.416  -11.013  36.167 0.2500000000
60902  -9.235  -11.375  37.021 0.1250000000
119808  -6.636  -10.903  35.734 0.2500000000
60916  -7.976  -10.896  35.703 0.1250000000
110970  -7.218  -10.821  35.131 0.1250000000
60885  -8.523  -11.535  37.635 0.2500000000
60886  -9.418  -11.533  38.014 0.2500000000
60887  -10.216  -11.299  38.476 0.1250000000
69802  -32.335  -1.774  29.544 0.2500000000
68037  -32.737  -3.073  29.134 0.2500000000
67172  -34.679  -4.285  28.936 0.2500000000
109656  -35.590  -4.556  29.978 0.2500000000
67161  -36.340  -4.548  30.110 0.2500000000
112742  -9.660  -0.431  55.292 0.2500000000
70384  -9.665  0.364  56.002 0.2500000000
122592  -9.583  0.439  57.740 0.2500000000
78563  -49.093  9.321  27.228 0.2500000000
79293  -49.148  9.986  26.655 0.2500000000
79296  -48.509  10.434  26.148 0.2500000000
79338  -48.746  10.335  21.970 0.1250000000
71177  -9.904  0.857  55.042 0.2500000000
78626  -49.405  9.130  20.383 0.1250000000
79357  -51.468  10.408  19.649 0.1250000000
78634  -49.846  8.719  19.690 0.1250000000
79356  -50.396  9.695  20.033 0.1250000000
79366  -51.658  10.040  19.022 0.1250000000
77893  -49.481  7.911  19.443 0.1250000000
78635  -50.771  9.369  19.313 0.1250000000
70404  -9.686  -0.311  52.023 0.2500000000
70395  -9.766  -0.571  53.003 0.2500000000
78643  -51.736  9.262  17.971 0.1250000000
108327  -50.569  7.481  18.125 0.1250000000
77902  -50.828  8.339  18.321 0.1250000000
78642  -51.229  9.247  18.655 0.1250000000
130091  -51.327  8.133  17.505 0.1250000000
77095  -50.444  6.712  17.822 0.1250000000
127726  -50.830  7.343  17.674 0.1250000000
118941  -50.720  6.369  17.208 0.1250000000
123849  -51.992  8.641  16.826 0.1250000000
77096  -51.046  7.115  17.263 0.1250000000
77911  -52.190  8.500  16.150 0.1250000000
77102  -51.223  6.583  16.537 0.1250000000
71192  -10.024  0.382  52.005 0.2500000000
77918  -52.369  8.354  15.390 0.1250000000
77110  -51.761  6.745  15.265 0.1250000000
77929  -52.506  8.282  14.740 0.2500000000
76203  -51.465  5.853  15.093 0.1250000000
77120  -52.427  7.653  14.149 0.2500000000
76212  -51.640  5.770  14.142 0.1250000000
77131  -52.480  7.482  13.212 0.2500000000
78005  -55.713  8.635  6.092 0.2500000000
77949  -52.853  8.404  12.674 0.2500000000
76232  -52.350  6.319  12.090 0.2500000000
77216  -52.786  8.262  3.467 0.2500000000
78026  -52.965  8.682  3.675 0.2500000000
77215  -51.936  7.754  3.071 0.2500000000
78025  -51.814  7.920  3.231 0.2500000000
77214  -51.215  7.104  2.729 0.2500000000
77212  -49.903  6.480  2.726 0.1250000000
76327  -49.561  5.524  2.682 0.1250000000
77138  -52.576  7.362  12.353 0.2500000000
77968  -53.162  7.921  10.939 0.2500000000
77144  -52.665  7.130  11.524 0.2500000000
77152  -53.202  7.446  10.209 0.1250000000
78014  -52.217  8.314  3.785 0.2500000000
78024  -51.145  7.574  2.940 0.2500000000
77213  -50.441  7.155  2.736 0.2500000000
72072  -10.050  1.659  50.461 0.2500000000
72935  -10.502  2.186  51.233 0.2500000000
72924  -10.658  2.417  52.304 0.2500000000
110641  -8.994  0.212  42.663 0.2500000000
77157  -53.176  7.039  9.421 0.1250000000
77984  -52.911  7.162  7.740 0.2500000000
77183  -52.372  7.765  5.719 0.2500000000
124473  -51.702  7.697  4.802 0.2500000000
78002  -52.479  8.364  4.653 0.2500000000
77193  -50.872  6.931  5.001 0.2500000000
77192  -50.227  6.941  4.051 0.2500000000
77201  -51.185  7.596  3.690 0.2500000000
76299  -49.474  6.103  4.483 0.2500000000
77199  -49.803  6.735  3.286 0.1250000000
77200  -50.486  7.324  3.173 0.2500000000
124478  -49.259  6.042  3.693 0.1250000000
76319  -49.384  6.024  3.097 0.1250000000
76326  -49.081  5.187  2.960 0.1250000000
72959  -9.474  2.519  49.245 0.2500000000
72960  -10.139  2.720  49.472 0.2500000000
115629  -10.773  2.830  50.799 0.2500000000
73846  -10.910  2.986  51.671 0.2500000000
73847  -11.245  3.760  52.044 0.2500000000
71281  -9.047  1.218  42.940 0.2500000000
73874  -9.887  3.205  48.927 0.2500000000
73861  -10.745  3.097  50.022 0.2500000000
74876  -10.539  4.631  48.341 0.2500000000
73884  -10.279  3.927  48.665 0.2500000000
112832  -11.181  3.874  49.812 0.2500000000
74856  -11.663  4.539  50.549 0.2500000000
73862  -11.200  3.601  50.900 0.2500000000
121723  -9.856  8.719  47.371 0.2500000000
76722  -12.980  6.932  51.458 0.2500000000
75865  -11.657  5.137  48.937 0.2500000000
75866  -12.227  5.841  49.345 0.2500000000
76731  -12.864  6.744  50.578 0.2500000000
75875  -11.402  5.518  48.204 0.2500000000
120643  -10.273  6.345  47.413 0.2500000000
75886  -11.155  5.927  47.690 0.2500000000
74866  -11.043  4.287  48.904 0.2500000000
110916  -11.526  4.582  49.586 0.2500000000
114645  -12.082  5.265  50.699 0.2500000000
76752  -11.593  6.528  47.551 0.2500000000
77628  -10.935  7.261  46.952 0.2500000000
120437  -10.597  7.744  46.914 0.2500000000
77639  -11.302  7.954  46.775 0.2500000000
77640  -12.130  7.808  47.015 0.2500000000
78413  -12.626  8.531  47.114 0.2500000000
78423  -11.254  8.798  46.704 0.2500000000
78424  -11.927  8.604  46.750 0.2500000000
121039  -12.099  10.063  46.620 0.2500000000
79150  -12.986  9.157  47.147 0.2500000000
76742  -12.678  6.557  49.679 0.2500000000
76741  -12.446  6.479  48.799 0.2500000000
130641  -11.667  6.042  47.949 0.2500000000
76753  -12.121  6.484  48.046 0.2500000000
77612  -12.895  7.106  49.069 0.2500000000
78414  -12.813  7.829  47.748 0.2500000000
78403  -13.493  8.235  48.512 0.2500000000
79139  -13.864  9.006  48.215 0.2500000000
79151  -13.527  9.446  47.527 0.2500000000
79149  -10.182  9.399  47.302 0.2500000000
79848  -13.692  10.285  47.405 0.2500000000
79152  -14.205  9.741  47.964 0.2500000000
79855  -11.339  10.185  46.715 0.2500000000
79857  -12.468  10.644  46.762 0.2500000000
108174  -13.234  11.771  47.241 0.2500000000
77613  -13.141  7.236  49.887 0.2500000000
77603  -13.416  7.505  50.755 0.2500000000
108217  -13.361  7.691  49.232 0.2500000000
78385  -14.018  8.278  50.407 0.2500000000
78395  -13.806  8.259  49.440 0.2500000000
79837  -14.824  10.077  48.406 0.2500000000
80522  -10.896  11.177  47.539 0.2500000000
80535  -12.437  11.344  46.923 0.2500000000
120556  -13.867  11.143  47.379 0.2500000000
80513  -15.004  10.766  48.180 0.2500000000
80525  -14.645  11.438  47.747 0.2500000000
78373  -13.847  7.995  51.249 0.2500000000
128599  -13.556  7.802  49.957 0.2500000000
78386  -14.716  8.963  50.416 0.2500000000
79131  -14.912  9.388  49.629 0.2500000000
79838  -15.412  10.478  48.876 0.2500000000
80523  -11.648  11.556  47.169 0.2500000000
80514  -15.408  11.408  48.388 0.2500000000
122934  -13.037  12.461  47.501 0.2500000000
80524  -14.019  11.834  47.442 0.2500000000
78387  -15.188  9.248  51.152 0.2500000000
79123  -15.336  9.588  50.339 0.2500000000
80501  -10.374  11.627  49.168 0.2500000000
81216  -11.648  12.504  48.328 0.2500000000
81217  -12.460  12.754  47.933 0.2500000000
81195  -9.668  12.456  51.337 0.2500000000
81855  -10.351  12.997  51.530 0.2500000000
81196  -10.359  12.485  50.613 0.2500000000
81848  -9.613  13.222  53.209 0.2500000000
81190  -9.635  12.927  52.189 0.2500000000
81843  -9.723  13.305  54.405 0.2500000000
112171  -10.295  13.522  53.557 0.2500000000
81844  -10.658  13.734  54.261 0.2500000000
114289  -11.325  14.166  54.127 0.2500000000
115878  -10.189  13.666  55.765 0.2500000000
82480  -10.914  14.709  56.006 0.2500000000
81839  -10.340  13.621  55.140 0.2500000000
82483  -11.420  14.811  55.289 0.2500000000
50707  -6.422  -22.164  35.382 0.1250000000
54800  -4.275  -18.366  34.092 0.1250000000
115471  -6.815  -23.571  36.243 0.1250000000
49705  -5.527  -23.604  36.747 0.1250000000
77940  -52.775  8.495  13.466 0.2500000000
76224  -52.232  6.505  12.882 0.2500000000
77130  -52.112  6.597  13.718 0.1250000000
125170  -33.151  -2.839  28.630 0.2500000000
70580  -32.256  -0.606  31.538 0.1250000000
69795  -31.961  -1.465  30.251 0.1250000000
78633  -48.935  8.246  20.071 0.1250000000
77175  -52.273  7.030  6.834 0.2500000000
72140  -9.057  2.162  43.203 0.1250000000
75885  -10.523  5.828  47.645 0.2500000000
80512  -11.232  11.890  47.899 0.2500000000
116399  -8.577  -13.444  34.109 0.1250000000
123372  -52.264  9.337  17.311 0.1250000000
47826  -11.662  -25.879  42.446 0.1250000000
48708  -9.991  -23.812  42.399 0.1250000000
121602  -9.422  -23.624  41.641 0.1250000000
48756  -6.206  -24.514  39.243 0.1250000000
47851  -4.709  -24.518  38.473 0.1250000000
48771  -6.820  -24.583  38.647 0.1250000000
115296  -47.832  10.453  25.442 0.2500000000
79337  -47.948  9.675  22.178 0.1250000000
45928  -11.658  -27.440  41.842 0.1250000000
129056  -12.240  -28.317  40.095 0.1250000000
47835  -11.254  -24.390  41.833 0.1250000000
47836  -11.884  -25.369  41.749 0.1250000000
47845  -12.071  -24.419  40.458 0.1250000000
109888  -10.199  -23.702  41.007 0.1250000000
108542  -9.768  -23.683  40.288 0.1250000000
47859  -5.814  -24.631  38.016 0.1250000000
47867  -4.743  -24.495  37.971 0.1250000000
55741  -7.335  -17.507  34.486 0.1250000000
58366  -9.902  -14.532  33.981 0.1250000000
60901  -8.306  -11.247  36.617 0.2500000000
77894  -50.351  8.458  19.039 0.1250000000
77901  -50.068  7.673  18.799 0.1250000000
117955  -51.599  7.711  16.694 0.1250000000
77103  -51.829  7.390  15.841 0.1250000000
77917  -52.185  7.491  15.016 0.2500000000
77119  -51.925  6.664  14.572 0.1250000000
76329  -50.594  6.501  2.649 0.1250000000
75375  -50.722  5.527  2.877 0.1250000000
77182  -51.472  6.865  6.071 0.2500000000
76318  -48.886  5.424  3.561 0.1250000000
76298  -48.861  5.467  4.354 0.1250000000
75857  -12.395  5.934  50.375 0.2500000000
79856  -11.839  10.826  46.685 0.2500000000
78396  -14.355  8.797  49.597 0.2500000000
118805  -28.334  -30.363  51.017 0.1250000000
42845  -28.874  -29.875  50.719 0.1250000000
116088  -33.723  -19.257  41.047 0.1250000000
55720  -37.097  -16.491  37.911 0.1250000000
54779  -35.824  -17.236  37.537 0.1250000000
56661  -39.096  -15.627  35.122 0.1250000000
108318  -41.313  -16.132  34.144 0.1250000000
56695  -40.649  -16.205  33.870 0.1250000000
123033  -41.286  -16.334  33.440 0.1250000000
69833  -37.373  -1.684  26.204 0.1250000000
72269  -37.993  1.418  27.911 0.1250000000
71388  -37.527  0.767  27.397 0.1250000000
110438  -38.299  1.000  27.296 0.1250000000
72261  -38.528  1.904  28.513 0.1250000000
128084  -39.446  1.195  27.394 0.1250000000
73109  -39.497  2.970  29.459 0.1250000000
73118  -39.851  2.447  28.951 0.1250000000
73110  -40.374  2.890  29.398 0.1250000000
72264  -41.331  2.113  28.477 0.1250000000
74104  -39.610  3.959  30.395 0.1250000000
74117  -39.999  3.467  29.841 0.1250000000
74118  -40.908  3.367  29.846 0.1250000000
73120  -41.438  2.500  28.992 0.1250000000
116717  -41.860  2.409  28.766 0.1250000000
73121  -42.485  2.501  28.748 0.1250000000
75088  -40.969  4.448  30.778 0.1250000000
119090  -41.463  3.858  30.332 0.1250000000
74119  -41.812  3.292  29.908 0.1250000000
74106  -42.436  3.759  30.500 0.1250000000
74120  -42.714  3.187  30.022 0.1250000000
76042  -40.837  5.338  32.016 0.1250000000
75074  -41.433  4.993  31.477 0.1250000000
75089  -42.048  4.430  30.949 0.1250000000
75090  -43.142  4.342  31.211 0.1250000000
74107  -43.359  3.705  30.663 0.1250000000
76032  -42.164  6.162  33.122 0.1250000000
118951  -42.948  5.948  32.706 0.1250000000
75075  -42.773  5.167  31.826 0.1250000000
76045  -44.817  5.818  32.632 0.1250000000
76883  -43.214  7.803  34.070 0.1250000000
76033  -43.892  6.570  33.006 0.1250000000
75076  -44.020  5.055  31.997 0.1250000000
76034  -44.410  6.249  32.876 0.1250000000
77739  -43.311  8.113  33.936 0.1250000000
76884  -43.598  7.776  33.469 0.1250000000
76898  -44.240  7.128  32.971 0.1250000000
71385  -37.157  1.168  28.151 0.1250000000
70607  -37.072  0.014  26.873 0.1250000000
73107  -37.826  2.745  29.948 0.1250000000
72260  -37.676  1.758  28.697 0.1250000000
72259  -36.863  1.483  28.955 0.1250000000
74096  -39.297  4.420  31.169 0.1250000000
73105  -38.326  3.294  30.334 0.1250000000
72257  -38.161  2.362  29.188 0.1250000000
74116  -39.124  3.449  30.024 0.1250000000
73113  -43.005  2.795  29.414 0.1250000000
75091  -44.083  4.310  31.386 0.1250000000
74121  -43.588  3.200  30.077 0.1250000000
125456  -44.714  4.230  31.399 0.1250000000
74109  -44.961  3.760  30.864 0.1250000000
75077  -45.010  5.057  32.108 0.1250000000
75092  -45.447  4.483  31.675 0.1250000000
78521  -42.628  8.548  33.361 0.1250000000
78522  -43.382  8.192  33.538 0.1250000000
77751  -43.851  7.807  33.079 0.1250000000
76035  -44.922  6.486  32.644 0.1250000000
76046  -45.547  5.870  32.585 0.1250000000
68956  -35.388  -2.796  26.981 0.1250000000
68061  -35.712  -3.530  27.104 0.1250000000
68063  -37.072  -4.072  26.993 0.1250000000
69820  -35.941  -1.433  26.854 0.1250000000
69832  -36.576  -1.988  26.444 0.1250000000
68078  -36.974  -3.485  26.556 0.1250000000
72255  -36.621  1.758  29.788 0.1250000000
71384  -36.344  0.872  28.433 0.1250000000
71387  -36.630  0.492  27.629 0.1250000000
70617  -36.754  -0.988  26.597 0.1250000000
72256  -37.371  2.091  29.484 0.1250000000
74122  -45.369  3.462  30.102 0.1250000000
114454  -44.713  3.054  29.253 0.1250000000
74110  -45.760  4.007  30.992 0.1250000000
123705  -41.450  8.692  33.103 0.1250000000
77749  -42.149  8.506  32.573 0.1250000000
76908  -43.578  7.897  32.308 0.1250000000
76922  -44.895  6.941  31.949 0.1250000000
76910  -45.514  6.243  32.458 0.1250000000
77763  -41.650  8.155  31.824 0.1250000000
77770  -42.300  7.727  31.354 0.1250000000
76921  -43.282  7.374  31.284 0.1250000000
124084  -41.227  7.715  31.166 0.1250000000
109683  -44.040  7.012  31.127 0.1250000000
76919  -39.718  6.906  30.009 0.1250000000
118476  -40.634  6.757  29.784 0.1250000000
67174  -36.157  -4.551  29.248 0.1250000000
67175  -37.063  -4.507  28.877 0.1250000000
68948  -34.081  -2.469  27.785 0.1250000000
67182  -36.402  -4.436  28.284 0.1250000000
67183  -37.115  -4.432  28.106 0.1250000000
114462  -37.788  -4.446  28.398 0.1250000000
72254  -35.891  1.410  30.074 0.1250000000
71377  -35.357  0.823  29.504 0.1250000000
70604  -34.522  -1.052  27.788 0.1250000000
69818  -34.589  -1.776  27.504 0.1250000000
73103  -36.866  2.399  31.164 0.1250000000
71378  -36.104  1.183  29.240 0.1250000000
124267  -35.608  0.592  28.717 0.1250000000
127876  -35.488  -0.346  27.608 0.1250000000
72251  -37.098  2.362  30.316 0.1250000000
73104  -37.572  2.994  30.876 0.1250000000
74129  -44.878  3.178  28.253 0.1250000000
114558  -46.267  3.779  29.929 0.1250000000
110400  -45.622  3.436  29.104 0.1250000000
75078  -46.002  5.305  32.370 0.1250000000
75093  -46.371  4.646  31.871 0.1250000000
75094  -47.402  4.778  31.905 0.1250000000
76939  -44.701  6.621  30.773 0.1250000000
76055  -46.710  6.197  32.233 0.1250000000
109325  -42.283  7.054  30.481 0.1250000000
76938  -43.061  6.745  30.318 0.1250000000
76937  -41.540  6.637  29.706 0.1250000000
72094  -14.432  1.607  48.355 0.1250000000
71234  -15.584  1.169  48.029 0.1250000000
68947  -33.461  -2.295  28.303 0.1250000000
68039  -34.119  -3.757  28.551 0.1250000000
67173  -35.292  -4.487  29.280 0.1250000000
71373  -35.167  0.983  30.362 0.1250000000
71376  -34.579  0.441  29.783 0.1250000000
70595  -33.499  -0.801  28.980 0.1250000000
74130  -46.633  3.996  29.109 0.1250000000
75104  -47.450  4.295  30.080 0.1250000000
76911  -47.745  6.075  32.184 0.1250000000
112618  -48.046  4.602  31.147 0.1250000000
76064  -46.291  6.482  30.870 0.1250000000
76048  -47.329  5.856  32.431 0.1250000000
76062  -43.751  6.401  29.951 0.1250000000
76953  -41.937  6.206  28.937 0.1250000000
76061  -42.848  6.218  29.320 0.1250000000
76936  -39.869  6.411  28.992 0.1250000000
108788  -40.879  6.262  28.611 0.1250000000
130167  -38.479  6.396  28.762 0.1250000000
72073  -13.445  2.144  50.312 0.1250000000
72085  -14.469  2.233  48.968 0.1250000000
72096  -15.997  1.546  48.759 0.1250000000
72095  -15.137  1.799  48.427 0.1250000000
71235  -16.409  0.777  48.477 0.1250000000
70455  -17.314  -0.591  47.768 0.1250000000
70445  -17.496  -0.497  48.724 0.1250000000
70590  -32.580  -0.953  29.896 0.1250000000
70592  -34.011  -0.207  29.289 0.1250000000
69803  -32.917  -1.261  29.195 0.1250000000
76924  -48.546  6.121  31.814 0.1250000000
75106  -49.488  5.632  30.965 0.1250000000
75117  -49.362  5.408  29.495 0.1250000000
76941  -47.641  6.388  31.363 0.1250000000
76942  -48.933  6.406  30.998 0.1250000000
76957  -49.315  6.869  30.020 0.1250000000
76940  -46.756  6.479  30.097 0.1250000000
76956  -47.900  6.672  30.158 0.1250000000
76071  -42.556  5.933  28.334 0.1250000000
123888  -43.598  5.940  28.761 0.1250000000
76952  -39.090  6.298  28.310 0.1250000000
108053  -39.902  6.241  27.781 0.1250000000
76070  -41.655  6.011  27.923 0.1250000000
109224  -13.409  2.384  51.091 0.1250000000
72060  -12.922  1.538  50.984 0.1250000000
72948  -14.549  3.046  50.371 0.1250000000
129293  -15.456  2.666  49.712 0.1250000000
72961  -14.922  2.748  49.644 0.1250000000
72086  -15.513  2.313  49.175 0.1250000000
71226  -16.773  0.999  49.298 0.1250000000
71236  -17.144  0.259  49.027 0.1250000000
70436  -17.631  -0.353  49.647 0.1250000000
69639  -17.993  -1.107  49.362 0.1250000000
69726  -9.741  -1.616  41.066 0.1250000000
76958  -50.037  6.961  29.453 0.1250000000
76978  -50.102  7.317  28.788 0.1250000000
76954  -45.108  6.321  28.444 0.1250000000
76955  -46.512  6.640  29.062 0.1250000000
76087  -43.027  5.921  27.718 0.1250000000
76088  -44.009  6.060  27.895 0.1250000000
76971  -40.767  6.352  27.216 0.1250000000
76086  -42.262  6.018  27.583 0.1250000000
76991  -37.480  6.884  27.098 0.1250000000
76992  -38.287  7.149  26.597 0.1250000000
109824  -39.856  6.802  26.744 0.1250000000
76967  -36.100  7.363  27.041 0.1250000000
76990  -36.805  7.441  26.748 0.1250000000
121519  -9.840  2.204  58.559 0.1250000000
72030  -9.853  1.580  56.137 0.1250000000
72028  -9.743  1.737  57.534 0.1250000000
128127  -9.765  0.983  55.983 0.1250000000
72936  -14.018  3.131  51.236 0.1250000000
130343  -13.868  2.707  50.536 0.1250000000
70396  -9.921  0.166  53.931 0.1250000000
72949  -16.340  2.631  50.535 0.1250000000
124233  -15.475  3.013  50.245 0.1250000000
72962  -16.013  2.464  49.863 0.1250000000
72074  -16.707  1.932  50.284 0.1250000000
71227  -17.362  0.419  49.886 0.1250000000
70426  -17.786  -0.189  50.519 0.1250000000
70437  -18.059  -0.948  50.292 0.1250000000
70427  -18.181  -0.799  51.201 0.1250000000
125823  -19.496  -2.569  53.336 0.1250000000
129491  -9.464  -2.103  41.496 0.1250000000
68757  -19.600  -3.231  53.121 0.1250000000
70516  -9.638  -0.742  41.513 0.1250000000
129985  -48.229  7.722  28.712 0.1250000000
77777  -49.897  7.681  28.843 0.1250000000
76999  -49.026  6.619  27.074 0.1250000000
76977  -46.989  7.313  28.358 0.1250000000
77775  -48.111  7.139  29.293 0.1250000000
76996  -42.536  7.224  26.418 0.1250000000
76976  -45.712  6.913  27.902 0.1250000000
113995  -41.099  6.879  26.606 0.1250000000
76972  -41.653  6.337  27.091 0.1250000000
76993  -39.105  7.444  26.191 0.1250000000
77784  -36.240  8.410  25.989 0.1250000000
72899  -10.127  2.651  59.241 0.1250000000
73812  -13.537  3.382  54.913 0.1250000000
72906  -13.174  2.737  55.188 0.1250000000
72901  -9.983  2.914  58.139 0.1250000000
72911  -12.973  2.170  54.317 0.1250000000
115888  -9.920  2.289  57.121 0.1250000000
118908  -10.121  2.292  55.704 0.1250000000
73833  -13.861  3.287  52.233 0.1250000000
72034  -10.086  1.669  54.942 0.1250000000
73848  -15.038  3.516  51.088 0.1250000000
129113  -15.016  4.164  52.603 0.1250000000
71185  -10.234  1.178  53.787 0.1250000000
73863  -15.987  3.269  50.976 0.1250000000
73849  -15.710  3.607  51.562 0.1250000000
72062  -16.937  2.105  50.892 0.1250000000
72937  -16.742  2.680  51.269 0.1250000000
73850  -16.411  3.338  51.721 0.1250000000
72075  -17.289  1.415  50.857 0.1250000000
72063  -17.452  1.878  51.635 0.1250000000
72926  -17.182  2.767  52.095 0.1250000000
71206  -17.830  0.836  51.606 0.1250000000
72049  -18.010  1.303  52.270 0.1250000000
70419  -18.334  -0.566  52.048 0.1250000000
69624  -18.529  -1.543  52.086 0.1250000000
68738  -19.788  -2.093  53.735 0.1250000000
68739  -20.008  -2.114  53.736 0.1250000000
77789  -49.829  8.176  28.333 0.1250000000
77000  -49.785  7.468  27.962 0.1250000000
77787  -47.547  8.099  28.001 0.1250000000
77788  -49.090  8.203  28.465 0.1250000000
78548  -49.135  8.745  27.835 0.1250000000
79292  -48.333  9.803  26.676 0.1250000000
76997  -43.342  7.374  26.464 0.1250000000
76975  -44.656  6.730  27.431 0.1250000000
78573  -44.429  8.852  24.904 0.1250000000
78574  -45.248  9.070  25.227 0.1250000000
78562  -47.108  9.394  26.368 0.1250000000
77799  -38.382  7.997  25.597 0.1250000000
77838  -42.458  8.207  24.489 0.1250000000
78559  -36.885  8.601  25.315 0.1250000000
77816  -37.649  8.400  25.093 0.1250000000
113655  -39.888  7.743  25.780 0.1250000000
77848  -41.229  7.770  24.002 0.1250000000
128945  -36.303  8.922  25.157 0.1250000000
72903  -11.981  2.900  58.650 0.1250000000
127120  -11.102  3.263  59.373 0.1250000000
72905  -12.742  2.579  56.722 0.1250000000
73796  -10.304  3.546  58.888 0.1250000000
74811  -13.887  4.229  56.537 0.1250000000
125465  -13.401  3.436  56.256 0.1250000000
73799  -10.259  3.627  57.543 0.1250000000
74817  -13.873  4.050  55.275 0.1250000000
72904  -10.184  2.931  56.641 0.1250000000
115457  -15.203  5.011  54.075 0.1250000000
73823  -14.230  4.038  53.493 0.1250000000
74828  -15.779  4.675  53.510 0.1250000000
74837  -15.545  4.213  52.723 0.1250000000
73824  -17.147  3.822  53.362 0.1250000000
74838  -16.314  4.160  52.964 0.1250000000
73836  -16.789  3.541  52.498 0.1250000000
73835  -16.012  3.875  52.184 0.1250000000
71184  -10.046  0.294  52.868 0.1250000000
72927  -17.958  2.052  52.712 0.1250000000
72050  -18.360  1.174  53.079 0.1250000000
71207  -18.226  0.143  52.030 0.1250000000
121688  -18.281  0.602  52.541 0.1250000000
114914  -18.473  -0.189  52.815 0.1250000000
69602  -19.552  -1.546  53.847 0.1250000000
69604  -20.247  -1.275  53.772 0.1250000000
69613  -20.396  -1.899  53.284 0.1250000000
77808  -49.605  8.323  27.593 0.1250000000
77785  -45.119  7.493  26.955 0.1250000000
77786  -46.242  7.749  27.410 0.1250000000
76998  -44.162  7.461  26.648 0.1250000000
77805  -44.480  8.180  26.241 0.1250000000
77801  -40.923  7.755  25.964 0.1250000000
77802  -41.823  7.956  25.899 0.1250000000
77804  -43.598  8.143  26.046 0.1250000000
68997  -48.974  -1.813  23.996 0.1250000000
69861  -49.381  -1.309  23.489 0.1250000000
113606  -40.366  8.258  25.171 0.1250000000
77819  -41.231  8.345  25.310 0.1250000000
116790  -43.169  8.298  24.506 0.1250000000
78572  -43.501  8.662  24.927 0.1250000000
113229  -50.334  -0.223  22.533 0.1250000000
70668  -50.961  0.404  22.238 0.1250000000
78571  -36.742  8.668  24.981 0.1250000000
77800  -39.086  8.025  25.383 0.1250000000
77821  -42.623  8.573  24.992 0.1250000000
71458  -50.514  0.348  21.346 0.1250000000
78581  -35.225  9.030  24.869 0.1250000000
71459  -51.471  1.017  21.421 0.1250000000
71490  -51.765  0.674  16.826 0.1250000000
70689  -52.064  0.219  15.927 0.1250000000
74799  -11.908  4.901  59.240 0.1250000000
73801  -12.645  4.130  58.745 0.1250000000
110431  -13.384  3.963  57.654 0.1250000000
119316  -11.102  4.482  59.316 0.1250000000
74803  -10.433  4.262  58.228 0.1250000000
73797  -10.761  3.794  59.313 0.1250000000
75821  -15.890  5.486  56.020 0.1250000000
73804  -10.498  3.590  56.051 0.1250000000
74829  -16.623  4.558  53.847 0.1250000000
74819  -16.936  4.808  54.817 0.1250000000
75822  -16.509  5.196  55.417 0.1250000000
126762  -10.394  2.911  55.421 0.1250000000
73825  -17.897  3.272  53.965 0.1250000000
114576  -10.433  2.401  54.266 0.1250000000
73826  -18.493  2.594  54.750 0.1250000000
71193  -10.313  1.025  52.530 0.1250000000
72917  -10.673  2.621  53.171 0.1250000000
72919  -18.207  2.404  53.715 0.1250000000
72041  -10.438  1.895  53.010 0.1250000000
72043  -18.693  1.105  53.917 0.1250000000
109693  -18.712  0.362  53.623 0.1250000000
70405  -18.910  -0.570  53.662 0.1250000000
70399  -20.175  -0.720  54.106 0.1250000000
71195  -20.533  0.379  53.307 0.1250000000
70398  -19.587  -0.922  54.087 0.1250000000
109944  -20.581  -0.048  52.652 0.1250000000
70420  -20.658  -0.517  51.946 0.1250000000
77806  -45.538  8.293  26.505 0.1250000000
77807  -46.910  8.643  27.038 0.1250000000
113863  -48.199  9.203  27.260 0.1250000000
78561  -45.905  8.974  25.966 0.1250000000
70647  -50.909  -0.711  24.419 0.1250000000
77820  -41.983  8.392  25.340 0.1250000000
77803  -42.699  8.154  25.799 0.1250000000
78560  -44.853  8.713  25.705 0.1250000000
69857  -49.732  -1.463  24.312 0.1250000000
69868  -49.813  -0.855  23.171 0.1250000000
69862  -50.112  -0.996  23.926 0.1250000000
70659  -50.258  -0.463  23.009 0.1250000000
71460  -52.568  1.436  21.911 0.1250000000
115254  -38.062  8.167  24.816 0.1250000000
77818  -39.459  8.196  24.859 0.1250000000
118896  -40.080  8.144  24.514 0.1250000000
77837  -40.791  8.280  24.548 0.1250000000
77833  -36.408  8.451  24.677 0.1250000000
77021  -38.014  7.624  24.469 0.1250000000
71500  -52.784  0.669  15.542 0.1250000000
74805  -13.155  4.758  58.552 0.1250000000
74798  -11.127  5.195  59.102 0.1250000000
74804  -10.810  5.066  58.035 0.1250000000
76691  -11.541  6.258  57.100 0.1250000000
74830  -17.468  4.095  54.323 0.1250000000
74820  -17.690  4.218  55.399 0.1250000000
75823  -17.144  4.817  55.858 0.1250000000
73813  -18.145  3.427  55.028 0.1250000000
73806  -18.414  3.459  56.167 0.1250000000
73811  -10.720  3.401  54.743 0.1250000000
73814  -18.859  2.760  55.792 0.1250000000
73807  -19.342  3.010  56.643 0.1250000000
73820  -10.837  3.252  53.628 0.1250000000
72912  -19.266  2.113  55.461 0.1250000000
72907  -19.637  2.469  56.206 0.1250000000
73831  -10.934  3.156  52.651 0.1250000000
72920  -18.809  1.694  54.522 0.1250000000
72908  -19.977  1.943  55.857 0.1250000000
72036  -19.355  0.836  54.565 0.1250000000
114159  -19.569  1.488  55.213 0.1250000000
72032  -20.161  1.657  55.548 0.1250000000
71179  -19.897  0.425  54.698 0.1250000000
72044  -20.400  1.300  54.640 0.1250000000
71187  -19.481  -0.097  54.271 0.1250000000
71188  -20.286  -0.003  54.184 0.1250000000
123916  -20.560  0.642  52.442 0.1250000000
71208  -20.606  0.392  51.628 0.1250000000
71220  -20.613  0.490  50.565 0.1250000000
79303  -46.956  9.974  24.882 0.1250000000
78583  -46.118  9.410  24.323 0.1250000000
78592  -45.555  8.845  23.808 0.1250000000
77852  -45.280  8.134  23.408 0.1250000000
123127  -53.233  2.240  15.932 0.1250000000
72379  -53.608  1.603  15.203 0.1250000000
71501  -53.478  0.954  15.040 0.1250000000
71502  -54.218  1.000  14.596 0.1250000000
71511  -53.997  0.526  14.329 0.1250000000
75813  -14.788  5.269  57.653 0.1250000000
74807  -18.163  4.363  57.516 0.1250000000
75818  -11.432  5.179  55.071 0.1250000000
74813  -17.874  4.198  56.564 0.1250000000
74825  -11.347  4.661  54.342 0.1250000000
73805  -11.018  4.296  55.338 0.1250000000
73821  -11.087  4.020  54.053 0.1250000000
73808  -20.059  2.731  56.585 0.1250000000
73832  -11.185  3.907  53.034 0.1250000000
72909  -20.262  2.297  55.898 0.1250000000
72913  -20.378  1.784  55.211 0.1250000000
109427  -20.521  1.501  53.807 0.1250000000
123846  -20.547  1.276  52.834 0.1250000000
72064  -20.530  1.025  51.934 0.1250000000
79304  -47.675  10.524  24.685 0.1250000000
79312  -47.632  10.410  23.811 0.1250000000
78593  -46.273  9.126  23.492 0.1250000000
72380  -54.319  1.584  14.531 0.1250000000
73242  -54.439  2.089  14.195 0.1250000000
124942  -54.688  1.002  14.313 0.1250000000
72386  -55.034  1.027  14.006 0.1250000000
71513  -55.280  0.653  13.556 0.1250000000
125257  -55.539  1.733  13.135 0.1250000000
73272  -57.096  2.091  10.551 0.1250000000
73285  -57.416  2.158  9.936 0.1250000000
74800  -12.556  5.553  59.166 0.1250000000
75802  -13.631  6.375  59.001 0.1250000000
75808  -13.426  5.640  58.897 0.1250000000
76683  -12.002  6.488  58.714 0.1250000000
76693  -15.138  5.936  58.231 0.1250000000
75807  -11.419  5.970  58.297 0.1250000000
75812  -11.554  5.926  55.972 0.1250000000
111625  -16.891  5.271  57.857 0.1250000000
74808  -19.093  4.236  57.480 0.1250000000
73802  -19.742  3.516  57.105 0.1250000000
74835  -11.454  4.616  53.461 0.1250000000
73803  -20.293  3.497  56.847 0.1250000000
74845  -11.597  4.607  52.427 0.1250000000
74822  -20.461  3.567  56.012 0.1250000000
73827  -20.065  3.729  53.663 0.1250000000
73816  -20.545  2.514  55.020 0.1250000000
73839  -20.406  2.889  53.719 0.1250000000
72921  -20.542  2.004  54.296 0.1250000000
72930  -20.478  2.086  53.229 0.1250000000
125846  -20.392  2.026  52.348 0.1250000000
72939  -20.413  1.612  51.752 0.1250000000
79311  -46.832  9.886  24.025 0.1250000000
73249  -54.793  2.234  13.587 0.1250000000
72397  -55.028  1.552  13.784 0.1250000000
73260  -55.255  2.500  12.897 0.1250000000
73261  -55.943  2.048  12.460 0.1250000000
73250  -56.003  1.351  12.630 0.1250000000
74282  -56.974  2.554  10.722 0.1250000000
75291  -57.286  3.571  9.662 0.1250000000
74292  -57.279  2.731  10.155 0.1250000000
74303  -57.485  2.940  9.403 0.1250000000
74317  -57.502  3.161  8.525 0.1250000000
74333  -56.526  3.406  7.744 0.1250000000
72452  -55.191  1.761  8.417 0.1250000000
75801  -12.688  6.378  59.126 0.1250000000
76685  -13.386  6.958  58.851 0.1250000000
76686  -14.429  6.694  58.831 0.1250000000
77562  -12.791  7.444  57.387 0.1250000000
77557  -13.224  7.400  58.179 0.1250000000
121446  -15.382  6.611  58.619 0.1250000000
76692  -12.000  6.817  57.575 0.1250000000
76684  -12.609  6.988  58.460 0.1250000000
126780  -11.887  6.617  56.382 0.1250000000
75803  -17.160  5.748  58.222 0.1250000000
76697  -12.105  6.600  55.293 0.1250000000
76690  -19.095  6.185  57.626 0.1250000000
74801  -18.498  4.864  57.868 0.1250000000
75819  -11.864  5.903  54.647 0.1250000000
75806  -19.466  5.364  57.467 0.1250000000
75828  -11.661  5.256  53.994 0.1250000000
75829  -12.102  5.899  53.597 0.1250000000
76701  -12.372  6.533  54.173 0.1250000000
75816  -19.879  5.351  57.001 0.1250000000
74815  -20.245  4.561  56.438 0.1250000000
74809  -19.852  4.424  57.263 0.1250000000
75836  -11.832  5.264  53.066 0.1250000000
75837  -12.227  5.884  52.678 0.1250000000
74821  -20.216  4.398  55.214 0.1250000000
75845  -11.946  5.054  51.516 0.1250000000
119111  -11.975  5.317  52.318 0.1250000000
76712  -12.602  6.430  52.123 0.1250000000
74832  -19.915  4.325  54.111 0.1250000000
76721  -12.562  6.257  51.264 0.1250000000
74839  -19.485  4.267  53.168 0.1250000000
73838  -19.806  3.507  52.698 0.1250000000
127416  -19.844  3.065  51.909 0.1250000000
76257  -57.351  4.686  8.502 0.1250000000
75300  -57.459  3.888  8.870 0.1250000000
75327  -56.969  4.868  7.510 0.1250000000
74335  -57.201  3.866  7.846 0.1250000000
109585  -57.286  2.651  8.053 0.1250000000
74334  -57.049  3.070  7.716 0.1250000000
75311  -55.757  4.101  7.829 0.1250000000
75310  -54.770  4.548  7.903 0.1250000000
73315  -55.845  2.535  8.102 0.1250000000
74315  -54.791  3.706  8.394 0.1250000000
77563  -13.596  7.821  57.427 0.1250000000
77564  -15.624  8.162  57.948 0.1250000000
112925  -13.989  8.290  55.728 0.1250000000
118106  -14.008  8.215  56.681 0.1250000000
77569  -13.294  7.874  56.374 0.1250000000
77573  -13.315  7.794  55.078 0.1250000000
77568  -12.496  7.271  56.093 0.1250000000
77572  -12.668  7.164  54.714 0.1250000000
77561  -18.585  7.007  57.689 0.1250000000
77580  -13.221  7.466  54.017 0.1250000000
76699  -19.479  6.279  56.630 0.1250000000
76695  -19.126  7.034  57.055 0.1250000000
76707  -13.207  7.329  53.149 0.1250000000
76702  -19.296  6.382  55.616 0.1250000000
76706  -12.610  6.604  53.111 0.1250000000
75833  -19.550  5.065  54.445 0.1250000000
75824  -19.782  5.294  55.447 0.1250000000
76713  -13.036  7.072  52.323 0.1250000000
74848  -19.355  3.658  51.732 0.1250000000
73851  -18.918  3.799  50.778 0.1250000000
76256  -57.169  5.326  8.648 0.1250000000
110315  -56.981  6.236  8.125 0.1250000000
76267  -57.302  5.276  7.968 0.1250000000
76279  -57.092  5.400  7.559 0.1250000000
76277  -56.501  5.478  7.146 0.1250000000
76289  -56.201  6.453  6.744 0.1250000000
75326  -55.790  5.034  7.349 0.1250000000
76276  -55.668  5.894  6.842 0.1250000000
75325  -54.500  5.383  7.223 0.1250000000
78343  -17.246  9.002  57.290 0.1250000000
78341  -15.436  8.563  57.187 0.1250000000
77566  -17.639  7.880  57.550 0.1250000000
78346  -14.861  8.633  56.395 0.1250000000
115406  -18.746  8.076  56.496 0.1250000000
77567  -18.504  8.014  56.973 0.1250000000
78352  -14.777  8.670  55.236 0.1250000000
77581  -13.875  7.925  53.977 0.1250000000
76698  -19.055  7.403  56.255 0.1250000000
128905  -13.527  7.645  53.509 0.1250000000
121062  -18.823  5.716  53.823 0.1250000000
75832  -19.210  5.797  54.748 0.1250000000
77586  -13.487  7.578  52.416 0.1250000000
75838  -18.704  5.058  52.683 0.1250000000
74831  -19.287  4.866  53.611 0.1250000000
74847  -18.742  4.394  51.638 0.1250000000
127898  -19.204  4.166  52.378 0.1250000000
127074  -56.666  6.735  7.485 0.1250000000
76266  -57.018  6.054  7.476 0.1250000000
77186  -56.293  7.051  6.614 0.1250000000
76278  -56.731  6.010  7.180 0.1250000000
77185  -55.785  7.347  6.079 0.1250000000
76275  -54.708  6.055  6.569 0.1250000000
78348  -16.925  9.557  57.061 0.1250000000
78349  -17.843  9.919  56.969 0.1250000000
78354  -16.535  9.568  56.448 0.1250000000
78347  -15.941  9.035  56.683 0.1250000000
78345  -18.667  8.926  56.630 0.1250000000
78353  -15.671  9.179  55.835 0.1250000000
78360  -15.630  9.210  54.669 0.1250000000
78359  -14.634  8.503  54.218 0.1250000000
113139  -14.397  8.321  53.398 0.1250000000
76709  -18.765  6.677  54.615 0.1250000000
78365  -13.938  8.025  52.019 0.1250000000
77594  -13.447  7.526  51.697 0.1250000000
75848  -18.163  5.281  51.548 0.1250000000
75858  -17.778  5.483  50.656 0.1250000000
74858  -18.298  4.668  50.774 0.1250000000
119331  -55.839  7.977  5.992 0.1250000000
113191  -54.004  7.455  4.497 0.1250000000
79096  -17.359  10.141  56.614 0.1250000000
79093  -18.277  10.502  56.429 0.1250000000
78350  -18.685  9.859  56.496 0.1250000000
116483  -17.646  10.539  55.845 0.1250000000
77570  -18.890  8.842  56.096 0.1250000000
79095  -16.605  9.807  55.715 0.1250000000
77575  -18.917  8.941  55.206 0.1250000000
108670  -18.864  7.697  55.400 0.1250000000
78367  -15.492  9.208  52.693 0.1250000000
78374  -14.487  8.558  51.367 0.1250000000
125735  -18.310  6.100  53.072 0.1250000000
111005  -17.484  6.352  50.438 0.1250000000
75867  -17.559  5.697  49.959 0.1250000000
121832  -17.539  5.468  49.413 0.1250000000
76320  -51.306  6.114  2.893 0.1250000000
79791  -18.932  11.286  55.231 0.1250000000
79097  -18.610  10.929  55.791 0.1250000000
79098  -19.164  10.942  55.363 0.1250000000
79104  -17.943  10.991  55.059 0.1250000000
126610  -19.202  9.882  54.727 0.1250000000
78355  -19.094  10.031  55.757 0.1250000000
79103  -16.809  10.028  54.795 0.1250000000
77582  -18.697  8.707  54.285 0.1250000000
79115  -16.515  10.287  51.938 0.1250000000
79110  -16.460  10.010  52.931 0.1250000000
78361  -18.582  8.851  53.557 0.1250000000
124109  -18.521  7.819  54.472 0.1250000000
79124  -15.859  9.899  51.061 0.1250000000
79114  -15.724  9.592  51.913 0.1250000000
77588  -17.882  8.025  52.774 0.1250000000
78375  -15.106  8.980  51.898 0.1250000000
77595  -17.744  8.135  51.859 0.1250000000
76714  -17.899  7.000  52.936 0.1250000000
76732  -17.515  7.195  51.119 0.1250000000
76723  -17.668  7.088  52.044 0.1250000000
76743  -17.308  6.431  49.411 0.1250000000
112314  -53.313  7.328  8.569 0.1250000000
77174  -51.616  6.397  6.979 0.1250000000
76285  -50.692  6.219  6.069 0.1250000000
76300  -50.137  6.234  5.257 0.1250000000
79796  -18.699  11.513  54.613 0.1250000000
79795  -17.571  10.820  53.846 0.1250000000
78377  -18.876  9.614  52.567 0.1250000000
79810  -17.445  11.169  52.231 0.1250000000
78368  -18.355  8.891  52.619 0.1250000000
79820  -16.569  10.697  50.976 0.1250000000
79821  -17.279  11.373  51.278 0.1250000000
79828  -15.854  10.248  50.240 0.1250000000
125276  -15.782  10.526  49.564 0.1250000000
108185  -17.381  7.300  50.217 0.1250000000
77604  -17.664  8.176  50.890 0.1250000000
79797  -19.326  11.512  54.418 0.1250000000
79805  -19.793  11.743  54.108 0.1250000000
79105  -19.467  11.003  54.517 0.1250000000
80475  -19.266  12.068  54.204 0.1250000000
79111  -19.493  10.556  53.325 0.1250000000
79804  -18.148  11.433  53.580 0.1250000000
111999  -18.059  11.921  52.065 0.1250000000
79116  -19.042  10.001  51.978 0.1250000000
80492  -17.620  12.003  51.021 0.1250000000
78376  -18.253  9.059  51.649 0.1250000000
78388  -17.991  9.091  50.623 0.1250000000
80504  -17.153  12.168  50.068 0.1250000000
78397  -17.624  8.929  49.619 0.1250000000
79829  -16.269  10.892  49.955 0.1250000000
80491  -16.862  11.419  50.442 0.1250000000
80502  -15.926  11.125  49.157 0.1250000000
80503  -16.491  11.656  49.563 0.1250000000
80515  -16.038  11.931  48.796 0.1250000000
79798  -19.831  12.266  53.970 0.1250000000
79811  -19.733  11.189  52.944 0.1250000000
79822  -19.392  10.703  51.628 0.1250000000
80477  -20.024  12.588  53.816 0.1250000000
79831  -18.782  10.476  50.529 0.1250000000
115003  -18.632  12.044  53.273 0.1250000000
79125  -18.665  9.875  50.964 0.1250000000
79134  -18.158  9.707  50.057 0.1250000000
79830  -18.227  10.328  49.552 0.1250000000
81197  -17.990  12.862  50.698 0.1250000000
81206  -16.616  12.592  49.275 0.1250000000
121871  -15.533  12.185  48.307 0.1250000000
79812  -20.114  12.295  53.798 0.1250000000
79823  -20.059  11.804  52.622 0.1250000000
80483  -20.233  12.771  53.392 0.1250000000
80476  -19.726  12.604  53.814 0.1250000000
112540  -18.779  11.051  49.996 0.1250000000
81192  -19.726  13.198  53.147 0.1250000000
81198  -19.090  13.592  51.942 0.1250000000
79840  -18.276  10.973  49.073 0.1250000000
81218  -13.388  13.030  47.828 0.1250000000
118633  -17.625  13.369  50.071 0.1250000000
81901  -14.291  13.023  47.796 0.1250000000
81878  -17.070  13.392  49.523 0.1250000000
81219  -15.154  12.807  48.033 0.1250000000
81220  -15.898  12.751  48.600 0.1250000000
122093  -20.241  12.297  52.255 0.1250000000
81186  -20.042  12.798  53.646 0.1250000000
80494  -20.012  12.270  51.278 0.1250000000
81859  -20.291  13.991  52.581 0.1250000000
80505  -19.347  11.717  50.262 0.1250000000
81858  -20.030  13.977  52.739 0.1250000000
116964  -18.738  11.512  49.515 0.1250000000
126924  -11.380  12.710  49.218 0.1250000000
81868  -19.338  14.441  51.791 0.1250000000
82513  -20.675  15.485  52.107 0.1250000000
80517  -18.415  11.765  48.675 0.1250000000
81888  -12.968  13.458  48.495 0.1250000000
119295  -19.527  15.295  51.779 0.1250000000
83165  -19.843  16.198  51.799 0.1250000000
81879  -17.634  14.007  49.967 0.1250000000
82523  -17.515  14.681  50.152 0.1250000000
81890  -14.796  13.627  48.306 0.1250000000
81892  -16.374  13.438  49.012 0.1250000000
81891  -15.612  13.514  48.592 0.1250000000
82531  -16.113  14.151  49.113 0.1250000000
81199  -20.414  13.182  52.508 0.1250000000
81209  -20.268  12.977  51.174 0.1250000000
81222  -19.715  12.915  49.916 0.1250000000
81860  -20.582  14.887  52.107 0.1250000000
129861  -19.693  12.339  50.402 0.1250000000
83159  -21.009  15.581  52.163 0.1250000000
82503  -20.305  14.638  52.248 0.1250000000
81208  -19.124  12.101  49.581 0.1250000000
81887  -12.124  13.122  48.812 0.1250000000
83166  -20.789  16.273  51.893 0.1250000000
81221  -18.904  12.620  48.853 0.1250000000
81893  -19.377  13.396  48.938 0.1250000000
81876  -13.489  14.072  49.130 0.1250000000
83164  -18.411  15.558  51.185 0.1250000000
130435  -18.762  13.151  48.219 0.1250000000
81889  -13.880  13.634  48.314 0.1250000000
83170  -17.237  15.383  50.649 0.1250000000
82530  -15.278  14.243  48.919 0.1250000000
82522  -16.659  14.742  49.739 0.1250000000
81869  -20.551  13.840  51.957 0.1250000000
81864  -11.014  13.117  50.938 0.1250000000
81881  -20.695  14.434  51.176 0.1250000000
81880  -20.381  13.532  50.824 0.1250000000
121271  -20.160  13.775  49.880 0.1250000000
81865  -12.242  13.905  50.478 0.1250000000
82514  -21.021  15.344  51.035 0.1250000000
82524  -20.476  14.666  49.930 0.1250000000
81875  -12.602  13.752  49.423 0.1250000000
83176  -20.900  16.394  49.911 0.1250000000
114614  -19.754  14.207  48.958 0.1250000000
82519  -14.057  14.669  49.910 0.1250000000
82511  -15.470  15.117  50.447 0.1250000000
83169  -16.265  15.239  50.543 0.1250000000
83879  -18.760  16.749  51.595 0.1250000000
83880  -19.819  17.028  51.546 0.1250000000
81903  -19.087  13.928  48.019 0.1250000000
81877  -14.394  14.228  48.957 0.1250000000
82521  -15.781  14.720  49.634 0.1250000000
124649  -11.543  13.379  50.479 0.1250000000
115838  -12.244  14.139  51.366 0.1250000000
81866  -13.161  14.339  50.160 0.1250000000
82509  -13.782  14.929  51.030 0.1250000000
84538  -17.129  17.512  51.968 0.1250000000
84554  -17.550  18.233  50.524 0.1250000000
85204  -19.467  18.522  50.379 0.1250000000
127321  -19.209  18.768  49.443 0.1250000000
85216  -19.137  18.904  48.575 0.1250000000
82510  -14.731  15.195  50.975 0.1250000000
120337  -18.581  18.048  51.539 0.1250000000
84547  -20.039  18.020  51.019 0.1250000000
84562  -20.715  17.641  50.076 0.1250000000
85227  -19.601  18.558  48.214 0.1250000000
82520  -14.935  14.762  49.701 0.1250000000
83162  -15.642  15.586  51.763 0.1250000000
83163  -16.582  15.869  51.732 0.1250000000
83158  -17.523  17.188  51.997 0.1250000000
83875  -19.493  17.757  51.402 0.1250000000
84567  -19.974  17.628  47.860 0.1250000000
84578  -19.402  17.391  46.372 0.1250000000
81856  -11.088  13.465  51.739 0.1250000000
81851  -11.923  14.261  52.790 0.1250000000
82495  -12.615  14.872  53.185 0.1250000000
82490  -12.831  15.478  53.223 0.1250000000
84552  -15.774  17.450  49.714 0.1250000000
124886  -16.032  17.735  48.654 0.1250000000
84566  -15.688  17.994  47.871 0.1250000000
85224  -16.158  18.797  47.502 0.1250000000
82500  -12.667  14.595  52.209 0.1250000000
82496  -13.272  15.368  52.746 0.1250000000
83152  -15.252  16.591  52.544 0.1250000000
83878  -15.455  17.115  52.091 0.1250000000
84553  -16.729  17.946  49.410 0.1250000000
85209  -17.743  18.484  49.138 0.1250000000
85214  -16.754  18.392  48.273 0.1250000000
85225  -17.069  19.201  47.621 0.1250000000
82508  -12.934  14.524  51.207 0.1250000000
83155  -14.273  15.745  52.577 0.1250000000
84537  -16.337  17.325  52.148 0.1250000000
84544  -16.892  17.770  51.454 0.1250000000
85210  -18.600  18.605  49.903 0.1250000000
109268  -18.648  18.885  48.799 0.1250000000
82502  -14.301  15.370  51.906 0.1250000000
83157  -16.604  16.686  52.310 0.1250000000
85810  -18.507  19.360  47.680 0.1250000000
85215  -17.868  19.037  48.059 0.1250000000
109857  -15.956  16.289  52.351 0.1250000000
85231  -19.261  18.721  47.336 0.1250000000
84570  -19.612  18.029  47.194 0.1250000000
81850  -11.148  13.861  53.346 0.1250000000
83150  -13.476  15.936  52.919 0.1250000000
83872  -13.945  16.376  52.273 0.1250000000
85819  -16.654  19.782  47.282 0.1250000000
83873  -14.770  16.665  52.248 0.1250000000
84551  -14.710  17.156  49.455 0.1250000000
84560  -15.193  17.501  48.534 0.1250000000
83877  -14.077  16.633  51.332 0.1250000000
83885  -14.316  16.860  50.403 0.1250000000
85820  -17.723  19.994  47.332 0.1250000000
86457  -17.135  20.887  46.967 0.1250000000
82488  -11.739  14.668  54.471 0.1250000000
85821  -18.509  19.815  47.167 0.1250000000
126950  -18.166  20.171  47.152 0.1250000000
83144  -11.577  15.612  55.085 0.1250000000
82484  -11.875  15.172  54.649 0.1250000000
85230  -18.855  19.200  46.813 0.1250000000
83862  -11.687  16.156  54.568 0.1250000000
83146  -12.040  15.600  54.260 0.1250000000
85826  -18.392  20.010  46.548 0.1250000000
83139  -10.218  15.693  56.442 0.1250000000
83861  -11.229  16.363  55.233 0.1250000000
83864  -11.526  16.724  54.000 0.1250000000
83867  -11.831  16.655  53.102 0.1250000000
83859  -10.878  16.178  55.746 0.1250000000
127204  -11.264  16.773  54.701 0.1250000000
84541  -11.761  17.210  51.436 0.1250000000
127591  -11.573  17.885  50.644 0.1250000000
84533  -11.242  17.419  53.374 0.1250000000
84536  -11.485  17.326  52.371 0.1250000000
84531  -10.951  17.499  54.368 0.1250000000
82494  -11.918  14.488  53.675 0.1250000000
83869  -13.592  16.089  52.864 0.1250000000
85223  -15.206  18.515  47.323 0.1250000000
85818  -15.685  19.421  47.170 0.1250000000
82489  -12.343  15.151  53.937 0.1250000000
125376  -16.187  20.279  47.078 0.1250000000
83865  -12.264  16.079  53.756 0.1250000000
83868  -12.642  16.201  52.986 0.1250000000
84565  -14.736  17.806  47.720 0.1250000000
85817  -14.781  19.277  47.118 0.1250000000
86458  -17.853  20.801  46.847 0.1250000000
83870  -12.103  16.656  52.211 0.1250000000
87057  -17.664  21.609  46.581 0.1250000000
84520  -9.471  16.915  56.485 0.1250000000
84524  -10.203  16.775  56.149 0.1250000000
84528  -10.513  17.887  55.049 0.1250000000
116109  -11.247  18.001  51.650 0.1250000000
125101  -10.928  18.211  52.720 0.1250000000
83876  -13.057  16.563  51.112 0.1250000000
83884  -12.814  16.959  49.968 0.1250000000
110175  -12.721  17.425  49.041 0.1250000000
84558  -13.337  17.483  48.367 0.1250000000
127355  -13.134  17.879  47.904 0.1250000000
85221  -13.398  18.430  47.597 0.1250000000
84559  -14.219  17.375  48.408 0.1250000000
85222  -14.278  18.424  47.338 0.1250000000
129501  -12.373  16.715  51.463 0.1250000000
84550  -13.630  17.029  49.336 0.1250000000
115497  -15.385  20.219  47.094 0.1250000000
83871  -12.925  16.324  52.187 0.1250000000
85816  -13.836  19.281  47.366 0.1250000000
110174  -12.198  17.047  50.659 0.1250000000
113747  -14.444  20.223  47.267 0.1250000000
84549  -12.127  17.583  49.794 0.1250000000
86455  -15.160  21.214  47.182 0.1250000000
86456  -16.157  21.167  46.977 0.1250000000
87055  -15.915  22.203  47.013 0.1250000000
87056  -16.968  22.014  46.731 0.1250000000
85208  -11.684  18.278  49.811 0.1250000000
85213  -12.122  18.177  48.938 0.1250000000
87756  -17.020  22.495  46.331 0.1250000000
85220  -12.679  18.381  48.100 0.1250000000
87054  -14.870  22.207  47.363 0.1250000000
85815  -12.915  19.242  47.819 0.1250000000
87752  -15.378  22.932  47.016 0.1250000000
111633  -12.157  19.120  48.523 0.1250000000
87753  -16.340  22.534  46.612 0.1250000000
130706  -13.382  20.338  47.713 0.1250000000
86454  -14.205  21.243  47.545 0.1250000000
85809  -12.444  20.046  48.276 0.1250000000
86451  -12.669  21.051  48.327 0.1250000000
87053  -13.983  22.163  47.833 0.1250000000
87751  -14.496  23.001  47.671 0.1250000000
112779  -14.616  23.528  47.425 0.1250000000
87050  -13.188  22.035  48.313 0.1250000000
68095  -47.874  -2.864  24.619 0.1250000000
74812  -14.372  4.768  56.996 0.1250000000
120034  -13.828  4.474  57.565 0.1250000000
75815  -16.390  5.246  57.208 0.1250000000
75809  -14.289  5.803  58.537 0.1250000000
75831  -16.016  5.252  54.583 0.1250000000
75811  -11.202  5.706  57.193 0.1250000000
74810  -10.582  4.361  56.938 0.1250000000
108900  -44.434  3.275  30.079 0.1250000000
70584  -32.366  -0.738  30.701 0.1250000000
71247  -16.055  0.512  47.660 0.1250000000
76075  -50.027  6.138  29.657 0.1250000000
74248  -54.024  2.725  14.177 0.1250000000
70454  -16.548  -0.129  47.293 0.1250000000
72084  -13.563  1.912  49.493 0.1250000000
78006  -56.136  7.742  6.549 0.1250000000
77176  -56.577  6.822  7.025 0.1250000000
108637  -12.811  2.037  55.325 0.1250000000
111195  -10.281  2.197  59.467 0.1250000000
73800  -12.753  3.388  58.008 0.1250000000
121167  -13.364  2.935  53.956 0.1250000000
75299  -57.266  4.495  9.153 0.1250000000
121847  -39.526  -15.544  35.743 0.1250000000
111891  -13.413  2.629  51.906 0.1250000000
76689  -17.694  6.594  58.186 0.1250000000
73822  -13.802  3.457  53.189 0.1250000000
55728  -36.462  -16.796  37.294 0.1250000000
42843  -29.412  -29.421  51.132 0.1250000000
68969  -37.183  -2.640  26.236 0.1250000000
71402  -38.102  0.297  26.696 0.1250000000
70619  -38.476  -0.501  26.128 0.1250000000
116723  -38.929  1.428  27.750 0.1250000000
72262  -39.386  1.963  28.450 0.1250000000
73119  -40.713  2.358  28.869 0.1250000000
81874  -11.809  13.314  49.743 0.1250000000
82476  -10.435  14.679  56.372 0.1250000000
71173  -9.666  1.100  57.006 0.1250000000
77202  -52.598  7.409  3.525 0.1250000000
121784  -11.538  4.314  51.502 0.1250000000
81849  -10.464  13.407  52.557 0.1250000000
122046  -10.547  15.907  56.155 0.1250000000
83142  -11.127  15.456  55.791 0.1250000000
74105  -40.511  3.926  30.262 0.1250000000
76897  -43.605  7.272  33.399 0.1250000000
76909  -44.415  7.174  32.651 0.1250000000
115453  -42.642  8.239  32.178 0.1250000000
128754  -44.897  6.662  32.554 0.1250000000
68967  -35.892  -2.996  26.694 0.1250000000
68060  -35.059  -3.253  27.345 0.1250000000
70605  -35.216  -1.004  27.361 0.1250000000
70606  -36.089  -0.387  27.214 0.1250000000
78533  -41.190  8.408  32.291 0.1250000000
76047  -46.383  5.839  32.491 0.1250000000
76923  -45.658  6.572  31.681 0.1250000000
77769  -40.475  7.364  30.666 0.1250000000
76920  -41.386  7.225  30.521 0.1250000000
67181  -35.464  -4.338  28.452 0.1250000000
69811  -33.959  -1.618  27.982 0.1250000000
71382  -34.820  0.161  28.843 0.1250000000
128211  -35.276  0.183  28.354 0.1250000000
70596  -34.125  -0.715  28.443 0.1250000000
74123  -46.726  4.232  30.912 0.1250000000
70591  -33.297  -0.555  29.626 0.1250000000
75081  -48.559  5.585  31.884 0.1250000000
76063  -45.202  6.347  30.167 0.1250000000
110471  -44.353  6.203  29.645 0.1250000000
76969  -38.228  6.444  27.779 0.1250000000
72087  -16.404  1.779  49.546 0.1250000000
70444  -16.844  0.070  48.161 0.1250000000
71371  -33.697  0.213  30.973 0.1250000000
118568  -49.685  6.165  30.403 0.1250000000
76073  -45.666  6.309  29.506 0.1250000000
76072  -44.623  5.985  28.999 0.1250000000
76970  -39.065  6.542  27.168 0.1250000000
71218  -17.087  1.201  50.085 0.1250000000
77776  -49.375  7.561  29.247 0.1250000000
77783  -35.476  7.894  26.662 0.1250000000
71219  -17.561  0.604  50.713 0.1250000000
70418  -17.995  0.005  51.333 0.1250000000
110516  -43.890  6.722  27.037 0.1250000000
76995  -41.732  7.070  26.467 0.1250000000
76973  -42.416  6.356  26.993 0.1250000000
76994  -40.489  7.112  26.439 0.1250000000
77798  -37.429  7.980  26.007 0.1250000000
74836  -14.913  4.470  53.263 0.1250000000
74846  -15.179  3.868  52.043 0.1250000000
69612  -19.070  -1.876  53.294 0.1250000000
119815  -19.110  -1.241  53.650 0.1250000000
78547  -48.220  8.685  27.792 0.1250000000
77823  -43.962  8.567  25.522 0.1250000000
115293  -41.729  8.341  24.643 0.1250000000
73798  -11.703  3.876  59.277 0.1250000000
73837  -17.590  3.017  52.993 0.1250000000
72928  -18.402  1.679  53.581 0.1250000000
69603  -19.971  -1.339  54.046 0.1250000000
69625  -20.678  -1.447  52.325 0.1250000000
77817  -38.583  8.237  24.960 0.1250000000
74797  -10.659  4.442  59.017 0.1250000000
122062  -17.230  4.848  57.094 0.1250000000
70391  -19.950  -0.326  54.381 0.1250000000
108733  -20.434  -0.450  53.604 0.1250000000
108308  -20.469  0.812  54.002 0.1250000000
70428  -20.711  -0.240  50.916 0.1250000000
77835  -38.760  7.942  24.649 0.1250000000
77022  -38.825  7.427  24.354 0.1250000000
70697  -53.130  0.313  14.682 0.1250000000
74814  -18.774  3.669  57.087 0.1250000000
73809  -20.378  2.923  56.360 0.1250000000
72037  -19.970  1.159  55.212 0.1250000000
71180  -20.116  0.636  54.759 0.1250000000
71512  -54.793  0.631  14.025 0.1250000000
75810  -17.632  4.987  58.006 0.1250000000
73815  -20.434  3.482  54.800 0.1250000000
73298  -57.558  2.208  9.194 0.1250000000
72929  -20.224  2.682  52.546 0.1250000000
75313  -57.407  4.319  8.176 0.1250000000
73327  -56.661  2.387  7.811 0.1250000000
74316  -55.560  3.286  8.174 0.1250000000
77559  -15.003  7.440  58.426 0.1250000000
121764  -18.513  6.160  58.026 0.1250000000
75328  -57.211  4.783  7.775 0.1250000000
129011  -56.981  3.951  7.596 0.1250000000
75312  -56.610  4.494  7.486 0.1250000000
126887  -14.600  8.129  57.544 0.1250000000
77574  -14.090  8.230  54.810 0.1250000000
76288  -55.332  6.634  6.242 0.1250000000
78344  -18.195  9.112  57.043 0.1250000000
76715  -18.321  6.843  53.747 0.1250000000
108354  -17.669  6.201  51.343 0.1250000000
117835  -15.140  8.820  53.481 0.1250000000
79109  -16.044  9.549  53.696 0.1250000000
78366  -14.617  8.523  52.514 0.1250000000
116512  -16.959  10.225  54.008 0.1250000000
78369  -19.158  9.779  53.555 0.1250000000
79803  -17.197  10.688  52.849 0.1250000000
80482  -18.969  12.567  52.994 0.1250000000
81191  -18.568  12.689  51.969 0.1250000000
81867  -18.327  13.841  50.738 0.1250000000
82512  -18.381  14.626  50.815 0.1250000000
82504  -21.053  15.297  51.905 0.1250000000
83167  -21.118  15.918  51.788 0.1250000000
120265  -17.510  16.326  51.627 0.1250000000
83171  -20.733  15.587  49.897 0.1250000000
83172  -21.162  16.214  50.870 0.1250000000
83881  -20.429  17.257  51.431 0.1250000000
83882  -21.011  16.743  51.398 0.1250000000
82532  -20.133  15.036  48.927 0.1250000000
83890  -20.707  17.051  49.456 0.1250000000
83886  -21.018  17.007  50.515 0.1250000000
84539  -17.868  17.745  51.805 0.1250000000
124123  -18.645  17.534  51.633 0.1250000000
127239  -19.550  14.630  48.261 0.1250000000
82501  -13.576  15.131  52.054 0.1250000000
123005  -16.635  17.141  52.379 0.1250000000
112494  -17.759  18.053  51.567 0.1250000000
84545  -18.559  18.369  50.986 0.1250000000
84555  -20.313  18.183  50.190 0.1250000000
85217  -19.730  18.569  49.373 0.1250000000
85226  -19.028  19.229  47.698 0.1250000000
83156  -15.225  16.179  52.528 0.1250000000
84548  -20.720  17.553  50.868 0.1250000000
84561  -20.347  17.962  49.090 0.1250000000
83889  -20.290  16.948  48.386 0.1250000000
83866  -12.944  15.938  53.170 0.1250000000
109889  -16.573  17.756  50.455 0.1250000000
83874  -15.915  16.835  52.601 0.1250000000
84542  -15.151  17.168  50.736 0.1250000000
124071  -14.760  16.921  51.473 0.1250000000
84543  -16.010  17.463  51.193 0.1250000000
84529  -10.826  17.175  55.151 0.1250000000
86452  -13.459  21.358  47.933 0.1250000000
38839  -4.717  -34.446  54.369 0.1250000000
39733  -7.764  -33.095  55.175 0.3750000000
40643  -24.797  -30.730  52.806 0.5000000000
40651  -22.809  -30.546  52.208 0.5000000000
40655  -26.517  -31.419  52.062 0.3750000000
40670  -27.300  -30.914  50.932 0.2500000000
40674  -20.378  -30.504  50.128 0.5000000000
41722  -26.069  -31.202  53.092 0.5000000000
41724  -28.448  -30.431  52.402 0.5000000000
41737  -28.557  -30.365  52.007 0.3750000000
42800  -15.819  -30.043  56.378 0.7500000000
43782  -28.098  -29.444  53.955 0.6250000000
44741  -3.078  -28.211  53.013 0.2500000000
44747  -30.201  -28.572  52.178 0.2500000000
44793  -5.513  -28.942  44.568 0.1250000000
44845  -12.260  -27.808  40.445 0.1250000000
45738  -18.822  -26.989  55.809 0.7500000000
45822  -22.614  -27.357  49.911 0.7500000000
46751  -3.623  -25.855  55.293 0.6250000000
46804  -32.277  -25.631  50.495 0.1250000000
46926  -23.210  -25.883  43.751 1.0000000000
47807  -23.853  -25.693  44.004 1.0000000000
47818  -22.002  -25.898  43.263 1.0000000000
47840  -21.941  -25.239  41.885 0.8750000000
47858  -5.246  -24.617  38.133 0.1250000000
47868  -5.437  -24.499  37.743 0.1250000000
48608  -29.141  -24.651  51.419 0.7500000000
48609  -29.299  -24.247  51.538 0.7500000000
48694  -26.158  -23.950  45.153 1.0000000000
48711  -23.791  -24.877  42.077 1.0000000000
48713  -25.123  -24.460  43.160 1.0000000000
48716  -3.715  -23.678  40.696 0.2500000000
48725  -20.775  -24.615  41.324 0.8750000000
48757  -7.119  -24.371  39.560 0.1250000000
48769  -4.268  -24.399  38.514 0.2500000000
49505  -3.207  -23.608  54.866 0.6250000000
49506  -3.262  -23.853  55.176 0.7500000000
49552  -21.086  -23.266  51.047 0.7500000000
49588  -36.420  -22.464  46.300 0.1250000000
49590  -7.637  -23.475  46.618 0.1250000000
49654  -3.235  -23.179  40.893 0.2500000000
49669  -3.219  -23.371  40.294 0.2500000000
49670  -3.533  -23.816  39.735 0.2500000000
49672  -21.360  -23.544  39.481 1.0000000000
49694  -4.479  -23.815  37.584 0.1250000000
49717  -4.865  -22.566  36.322 0.3750000000
50513  -29.701  -22.643  51.587 0.8750000000
50516  -3.564  -22.268  51.550 0.3750000000
50605  -4.248  -22.381  41.981 0.3750000000
50614  -3.269  -22.561  41.238 0.2500000000
50624  -19.481  -22.138  40.993 1.0000000000
50640  -25.072  -22.464  39.838 1.0000000000
50667  -23.326  -22.283  37.781 1.0000000000
51520  -12.204  -20.881  58.686 1.0000000000
51526  -12.485  -21.161  58.592 1.0000000000
51528  -14.063  -20.905  58.314 1.0000000000
51565  -30.216  -21.402  51.453 0.8750000000
51614  -27.756  -21.981  44.642 1.0000000000
51698  -22.467  -21.863  37.184 1.0000000000
51721  -3.936  -21.255  35.713 0.5000000000
52569  -29.174  -20.964  49.715 1.0000000000
52690  -3.830  -21.156  36.832 0.6250000000
52695  -24.677  -21.041  37.131 1.0000000000
53669  -10.957  -19.410  47.944 0.8750000000
53708  -4.533  -19.924  44.380 0.6250000000
53726  -5.747  -19.421  43.516 0.7500000000
53779  -8.068  -18.996  38.844 0.8750000000
53819  -3.239  -19.563  35.682 0.7500000000
53857  -24.804  -19.271  34.768 0.8750000000
54610  -20.042  -18.099  56.830 1.0000000000
54620  -20.089  -17.885  56.273 1.0000000000
54783  -20.239  -19.006  36.784 0.8750000000
54790  -20.462  -18.307  35.837 0.8750000000
55663  -12.833  -17.566  42.271 0.8750000000
55682  -12.105  -17.079  40.728 0.8750000000
55758  -21.947  -17.771  32.993 0.8750000000
56509  -21.881  -16.434  55.618 1.0000000000
56529  -22.417  -16.745  52.072 1.0000000000
56552  -23.051  -16.676  48.951 0.8750000000
56595  -12.671  -16.209  41.477 0.8750000000
56608  -32.620  -16.375  40.169 0.8750000000
56648  -30.004  -16.882  36.075 0.8750000000
56687  -20.740  -16.512  33.624 0.8750000000
57371  -21.390  -16.168  57.027 1.0000000000
57375  -22.139  -15.959  55.556 1.0000000000
57388  -23.293  -16.091  51.586 0.8750000000
57446  -41.221  -14.591  41.420 0.7500000000
57448  -11.809  -15.864  40.481 0.8750000000
57449  -12.254  -15.876  41.055 0.8750000000
57459  -32.936  -15.995  38.993 0.8750000000
57513  -20.409  -15.622  34.792 0.8750000000
57532  -21.340  -15.863  32.510 0.7500000000
57533  -22.138  -16.003  31.930 0.7500000000
58261  -14.257  -15.048  45.701 1.0000000000
58353  -20.163  -14.626  36.002 0.8750000000
59080  -19.272  -13.670  49.683 0.7500000000
59081  -4.122  -13.286  49.316 1.0000000000
59109  -4.618  -12.850  47.272 0.8750000000
59256  -20.607  -12.985  31.932 0.6250000000
59283  -21.858  -13.477  30.811 0.6250000000
59285  -25.566  -13.035  29.804 0.6250000000
59920  -3.863  -12.767  52.670 1.0000000000
59930  -3.286  -13.007  51.573 1.0000000000
59949  -18.061  -12.749  50.669 0.7500000000
60080  -20.024  -12.718  33.334 0.7500000000
60090  -35.438  -12.754  32.324 0.8750000000
60098  -20.534  -12.101  31.716 0.5000000000
60759  -4.164  -11.785  54.095 1.0000000000
60813  -4.482  -12.350  47.154 0.8750000000
60961  -19.893  -11.100  32.684 0.5000000000
61747  -3.974  -11.040  42.439 0.8750000000
61779  -26.695  -10.759  39.332 0.2500000000
61788  -27.338  -10.793  38.401 0.3750000000
61881  -35.713  -10.368  30.447 0.7500000000
62525  -29.265  -9.948  53.554 0.1250000000
62574  -27.269  -9.422  47.398 0.1250000000
62576  -32.109  -9.601  46.530 0.2500000000
62593  -16.370  -8.944  44.047 0.6250000000
62599  -11.908  -9.515  41.877 0.6250000000
62603  -27.276  -10.195  42.801 0.1250000000
62622  -26.412  -10.204  39.539 0.3750000000
62679  -19.890  -9.056  33.243 0.5000000000
62697  -39.407  -9.631  32.705 0.8750000000
62720  -22.066  -9.759  30.825 0.6250000000
62760  -44.074  -8.208  28.037 0.1250000000
63470  -32.037  -8.794  45.299 0.3750000000
63555  -19.983  -7.773  33.951 0.5000000000
63581  -39.686  -8.325  33.307 0.7500000000
63627  -36.148  -8.854  30.762 0.7500000000
63633  -43.820  -8.012  28.804 0.1250000000
63658  -45.169  -7.601  27.519 0.1250000000
64290  -7.117  -7.461  51.534 0.7500000000
64316  -13.617  -7.163  49.582 0.5000000000
64325  -33.116  -7.755  49.258 0.1250000000
64354  -23.758  -6.801  46.366 0.1250000000
64376  -16.899  -7.851  41.994 0.5000000000
64399  -46.678  -8.163  40.297 1.0000000000
64403  -25.082  -7.338  38.402 0.3750000000
64474  -20.550  -7.347  33.586 0.5000000000
64491  -32.603  -7.529  32.407 0.5000000000
64537  -45.095  -7.311  26.667 0.2500000000
65140  -3.841  -6.114  57.010 0.7500000000
65141  -4.137  -6.094  57.101 0.7500000000
65226  -36.272  -6.612  48.002 0.2500000000
65244  -35.149  -6.632  47.350 0.2500000000
65285  -28.482  -6.260  40.652 0.3750000000
65413  -47.157  -6.093  28.034 0.5000000000
65995  -11.655  -5.033  60.343 0.5000000000
66070  -33.212  -5.673  49.613 0.1250000000
66087  -35.999  -6.527  48.814 0.2500000000
66093  -13.918  -5.553  47.107 0.3750000000
66100  -36.532  -6.015  47.394 0.2500000000
66143  -24.311  -5.754  42.043 0.1250000000
66167  -38.209  -5.677  40.085 0.7500000000
66184  -37.001  -5.844  39.516 0.7500000000
66191  -20.114  -4.782  36.940 0.3750000000
66831  -11.875  -4.734  60.328 0.5000000000
66879  -12.759  -4.275  49.589 0.3750000000
66918  -37.342  -4.801  47.515 0.1250000000
66933  -35.835  -5.326  46.762 0.2500000000
66972  -29.367  -4.663  42.521 0.3750000000
67007  -19.539  -4.203  38.428 0.2500000000
67032  -28.619  -4.823  37.544 0.3750000000
67061  -36.544  -4.519  37.031 0.8750000000
67081  -37.348  -4.498  35.316 0.7500000000
67095  -34.303  -4.504  34.498 0.6250000000
67102  -40.996  -3.943  34.522 0.6250000000
67131  -39.776  -3.962  32.069 0.3750000000
67138  -32.002  -3.735  30.775 0.5000000000
67184  -38.558  -4.411  28.699 0.1250000000
67187  -35.959  -4.166  27.630 0.1250000000
67188  -36.749  -4.251  27.552 0.1250000000
67189  -37.589  -4.277  27.494 0.1250000000
67190  -38.484  -4.316  27.829 0.2500000000
67191  -39.286  -4.217  27.864 0.2500000000
67198  -38.237  -4.107  27.102 0.2500000000
67813  -12.891  -3.729  49.090 0.3750000000
67819  -30.679  -3.236  50.521 0.1250000000
67821  -32.140  -4.101  48.971 0.1250000000
67830  -34.014  -3.754  48.647 0.1250000000
67832  -37.275  -4.390  48.323 0.1250000000
67922  -20.115  -3.287  40.677 0.2500000000
67940  -28.383  -3.490  38.398 0.3750000000
67957  -28.757  -3.854  36.338 0.3750000000
67978  -29.994  -3.532  33.779 0.3750000000
67996  -30.425  -2.977  32.155 0.5000000000
67997  -30.576  -3.474  32.602 0.5000000000
68006  -30.660  -2.527  31.788 0.5000000000
68008  -40.299  -3.852  31.288 0.3750000000
68009  -41.106  -3.655  31.296 0.2500000000
68024  -32.238  -3.314  29.892 0.3750000000
68028  -41.424  -3.604  30.635 0.3750000000
68038  -33.412  -3.479  28.884 0.2500000000
68042  -41.390  -3.651  29.844 0.3750000000
68043  -42.200  -3.554  29.812 0.3750000000
68049  -33.694  -3.073  28.243 0.1250000000
68050  -34.457  -3.332  27.822 0.1250000000
68051  -35.203  -3.835  27.733 0.1250000000
68052  -39.368  -4.275  28.724 0.2500000000
68062  -36.439  -3.903  27.035 0.1250000000
68068  -43.634  -3.332  28.068 0.3750000000
68077  -36.272  -3.373  26.719 0.1250000000
68082  -40.185  -3.509  26.294 0.2500000000
68083  -41.014  -3.378  26.181 0.2500000000
68726  -11.919  -2.458  56.442 0.5000000000
68737  -11.917  -2.646  53.910 0.3750000000
68773  -31.127  -2.647  49.229 0.1250000000
68782  -31.700  -2.476  48.605 0.1250000000
68787  -13.458  -2.592  47.670 0.2500000000
68845  -31.437  -2.137  43.532 0.2500000000
68846  -31.947  -1.673  43.685 0.2500000000
68853  -29.550  -2.682  41.006 0.3750000000
68859  -29.763  -2.129  40.657 0.3750000000
68866  -28.896  -2.126  38.683 0.3750000000
68888  -46.246  -1.842  36.007 0.5000000000
68890  -48.375  -1.214  35.507 0.5000000000
68917  -43.808  -2.940  32.284 0.3750000000
68922  -51.095  -2.341  31.598 0.7500000000
68938  -32.329  -2.551  29.431 0.2500000000
68939  -32.798  -2.196  28.882 0.2500000000
68950  -45.970  -2.445  27.919 0.3750000000
68955  -34.757  -2.609  27.359 0.1250000000
68957  -43.964  -3.088  27.364 0.3750000000
68968  -36.437  -2.824  26.474 0.1250000000
68980  -39.305  -2.554  25.655 0.2500000000
68982  -41.202  -2.809  25.563 0.3750000000
68986  -45.282  -1.993  25.894 0.3750000000
68987  -48.937  -2.642  25.653 0.2500000000
69581  -10.330  -1.759  60.385 0.3750000000
69630  -12.360  -1.597  50.818 0.3750000000
69665  -36.713  -1.844  48.308 0.1250000000
69729  -30.258  -1.591  40.710 0.3750000000
69745  -29.531  -1.246  37.740 0.3750000000
69754  -29.837  -1.234  35.002 0.3750000000
69761  -29.452  -1.893  34.635 0.3750000000
69779  -30.393  -1.814  32.710 0.5000000000
69799  -51.514  -1.869  31.010 0.7500000000
69810  -33.394  -1.466  28.570 0.1250000000
69819  -35.258  -1.980  27.070 0.1250000000
69831  -35.891  -2.343  26.702 0.1250000000
69834  -38.937  -1.206  25.747 0.2500000000
69835  -45.958  -1.764  26.066 0.3750000000
69842  -39.431  -1.844  25.499 0.2500000000
69843  -40.820  -1.541  24.946 0.3750000000
69853  -42.867  -1.148  24.311 0.3750000000
70389  -9.729  0.041  54.837 0.2500000000
70406  -20.574  -0.932  53.007 0.1250000000
70451  -13.598  -0.734  47.670 0.2500000000
70473  -36.798  -0.747  47.713 0.1250000000
70475  -38.298  -0.982  47.093 0.1250000000
70514  -33.352  0.313  42.076 0.2500000000
70521  -32.094  -0.262  41.496 0.2500000000
70529  -32.428  0.153  39.197 0.3750000000
70543  -30.458  -0.585  37.075 0.3750000000
70544  -31.323  -0.302  37.165 0.3750000000
70545  -32.170  -0.009  37.262 0.3750000000
70558  -32.402  0.078  35.745 0.3750000000
70563  -31.111  -0.597  34.716 0.3750000000
70575  -32.860  -0.123  32.124 0.1250000000
70579  -31.611  -1.000  31.910 0.5000000000
70586  -33.825  0.075  30.112 0.1250000000
70597  -34.977  -0.309  27.987 0.1250000000
70612  -53.420  0.466  27.637 0.7500000000
70618  -37.635  -0.669  26.352 0.1250000000
70624  -48.450  -0.612  26.621 0.5000000000
70633  -42.061  -0.360  24.569 0.3750000000
70641  -43.130  -0.465  24.018 0.3750000000
70653  -50.580  -0.528  23.640 0.1250000000
71224  -12.724  0.203  49.868 0.2500000000
71225  -13.069  0.981  49.418 0.2500000000
71233  -14.049  1.071  47.993 0.1250000000
71245  -14.490  0.598  47.429 0.2500000000
71254  -14.937  0.165  46.809 0.2500000000
71258  -36.826  -0.124  47.351 0.1250000000
71266  -38.972  0.206  45.839 0.1250000000
71342  -33.433  0.716  36.697 0.2500000000
71349  -33.702  0.732  35.662 0.1250000000
71350  -34.457  1.159  35.664 0.1250000000
71351  -35.192  1.348  35.638 0.1250000000
71365  -35.045  0.949  32.105 0.1250000000
71383  -35.738  0.216  27.947 0.1250000000
71389  -39.018  0.814  26.945 0.2500000000
71405  -40.407  0.407  26.310 0.2500000000
71430  -45.117  0.154  23.797 0.3750000000
71441  -45.384  0.742  23.446 0.3750000000
71447  -53.740  1.287  24.385 0.3750000000
72038  -20.181  1.283  55.179 0.1250000000
72126  -39.327  0.877  45.894 0.1250000000
72127  -39.776  1.665  45.304 0.1250000000
72136  -39.427  1.141  44.563 0.1250000000
72144  -38.536  1.298  43.482 0.1250000000
72155  -38.527  1.557  42.494 0.1250000000
72247  -36.316  1.847  31.450 0.1250000000
72250  -36.433  1.882  30.622 0.1250000000
72263  -40.649  1.820  28.180 0.1250000000
72282  -42.369  1.500  26.508 0.2500000000
72298  -54.137  1.300  25.643 0.8750000000
72337  -54.243  2.582  22.417 0.3750000000
72423  -57.141  1.627  10.311 0.1250000000
72898  -10.199  2.415  59.422 0.1250000000
72900  -10.429  2.884  59.281 0.1250000000
72946  -10.339  2.380  50.232 0.2500000000
72947  -14.100  2.557  49.830 0.1250000000
72966  -31.203  2.610  49.529 0.1250000000
72974  -31.836  2.499  48.623 0.1250000000
72976  -33.570  3.411  48.309 0.1250000000
73073  -39.025  2.510  35.916 0.1250000000
73092  -38.240  2.654  34.455 0.1250000000
73108  -38.645  2.921  29.644 0.1250000000
73111  -41.225  2.838  29.415 0.1250000000
73112  -42.078  2.768  29.349 0.1250000000
73117  -39.005  2.481  29.002 0.1250000000
73122  -43.268  2.599  28.648 0.2500000000
73143  -53.524  2.616  25.756 0.8750000000
73145  -54.325  2.547  25.264 0.8750000000
73169  -47.965  2.940  22.139 0.5000000000
73181  -54.193  3.029  21.864 0.5000000000
73834  -14.453  3.859  52.629 0.1250000000
73875  -10.545  3.481  49.238 0.2500000000
73896  -34.444  3.492  48.127 0.1250000000
73904  -38.362  4.282  46.985 0.1250000000
73905  -39.101  4.167  46.235 0.1250000000
74103  -38.786  3.835  30.682 0.1250000000
74108  -44.173  3.725  30.739 0.1250000000
74162  -54.193  3.841  23.639 0.6250000000
74178  -48.070  3.867  22.008 0.5000000000
74802  -19.227  4.857  57.640 0.1250000000
74806  -14.013  5.078  58.020 0.1250000000
74857  -17.847  4.894  49.932 0.1250000000
74860  -30.213  4.481  51.273 0.1250000000
74864  -7.594  4.207  49.477 0.3750000000
74877  -11.093  4.955  48.433 0.2500000000
74884  -10.078  5.069  47.948 0.2500000000
75079  -46.913  5.364  32.415 0.1250000000
75080  -47.793  5.459  32.214 0.1250000000
75087  -40.113  4.376  30.730 0.1250000000
75095  -48.866  5.220  31.343 0.1250000000
75096  -49.101  5.715  31.517 0.1250000000
75118  -49.714  5.696  30.249 0.1250000000
75146  -46.572  4.721  24.832 0.3750000000
75178  -48.185  4.696  22.101 0.6250000000
75800  -11.849  5.823  59.112 0.1250000000
75804  -18.060  5.582  58.153 0.1250000000
75805  -18.853  5.482  57.889 0.1250000000
75817  -3.529  5.868  54.358 0.5000000000
75846  -12.271  5.657  51.148 0.1250000000
75847  -17.975  6.074  52.280 0.1250000000
75856  -11.962  5.198  49.899 0.2500000000
75869  -31.547  5.759  49.050 0.1250000000
75874  -10.785  5.303  47.987 0.2500000000
75876  -11.954  5.893  48.516 0.2500000000
75881  -34.472  5.655  48.294 0.1250000000
75884  -9.861  5.845  47.676 0.3750000000
75892  -36.002  5.630  47.977 0.1250000000
76043  -41.790  5.565  32.298 0.1250000000
76044  -43.917  5.810  32.581 0.1250000000
76049  -48.196  5.899  32.202 0.1250000000
76056  -48.812  5.912  31.841 0.1250000000
76074  -49.681  5.880  28.848 0.2500000000
76107  -47.404  5.322  26.496 0.2500000000
76157  -49.014  5.577  21.753 0.6250000000
76328  -50.142  5.910  2.652 0.1250000000
76688  -16.790  6.550  58.393 0.2500000000
76696  -19.451  6.015  57.177 0.1250000000
76708  -18.163  7.911  53.621 0.1250000000
76751  -9.231  6.129  47.883 0.3750000000
76762  -8.962  6.807  47.965 0.3750000000
76764  -10.913  6.548  47.264 0.2500000000
76814  -8.546  6.543  41.443 0.1250000000
76896  -42.826  6.915  33.753 0.1250000000
76925  -49.208  5.946  31.336 0.1250000000
76974  -43.224  6.458  27.020 0.1250000000
77008  -49.393  7.531  26.904 0.2500000000
77060  -49.270  6.265  21.777 0.6250000000
77203  -53.611  8.089  3.791 0.2500000000
77558  -14.014  7.450  58.306 0.1250000000
77579  -12.797  7.034  53.810 0.1250000000
77587  -13.834  7.921  52.976 0.1250000000
77620  -12.610  7.085  48.260 0.2500000000
77621  -13.068  7.575  48.546 0.2500000000
77629  -11.521  7.173  47.109 0.2500000000
77630  -12.172  7.112  47.535 0.2500000000
77750  -43.183  8.326  32.877 0.1250000000
77822  -43.236  8.499  25.430 0.1250000000
77834  -37.306  8.244  24.768 0.1250000000
78028  -54.264  8.909  4.036 0.3750000000
78342  -16.295  8.757  57.358 0.1250000000
78404  -14.029  8.710  48.906 0.2500000000
78412  -9.951  7.972  47.196 0.2500000000
78422  -10.526  8.582  46.902 0.2500000000
78513  -42.948  8.406  33.989 0.1250000000
78570  -35.977  8.930  24.891 0.1250000000
78575  -49.535  9.335  26.185 0.3750000000
78636  -53.519  9.232  19.349 0.6250000000
78673  -53.892  9.530  13.881 0.6250000000
78739  -55.162  9.350  6.764 0.3750000000
78749  -55.533  9.110  6.284 0.3750000000
78757  -54.644  9.449  4.869 0.3750000000
78759  -55.369  9.278  5.792 0.3750000000
79094  -18.841  10.543  55.961 0.1250000000
79132  -15.444  9.961  49.592 0.1250000000
79140  -14.500  9.332  48.803 0.2500000000
79141  -15.085  9.787  49.031 0.2500000000
79158  -10.866  9.467  46.799 0.2500000000
79159  -11.647  9.399  46.652 0.2500000000
79160  -12.379  9.281  46.806 0.2500000000
79465  -55.077  9.510  5.459 0.3750000000
79818  -8.062  10.423  50.604 0.5000000000
79826  -8.574  10.254  49.926 0.5000000000
79846  -11.223  10.855  46.963 0.2500000000
79847  -12.911  9.966  46.965 0.2500000000
79849  -14.416  10.559  47.789 0.2500000000
79873  -4.114  10.379  43.107 0.3750000000
79997  -49.445  11.164  25.546 0.3750000000
80001  -49.207  11.506  25.110 0.3750000000
80008  -49.271  11.694  24.454 0.2500000000
80020  -51.973  12.363  23.205 0.5000000000
80033  -52.762  11.844  21.859 0.6250000000
80474  -7.931  12.061  52.726 0.3750000000
80493  -19.573  11.400  51.165 0.1250000000
80511  -10.632  11.452  48.344 0.3750000000
80526  -15.095  12.037  47.926 0.2500000000
80716  -52.227  12.465  22.711 0.5000000000
80727  -52.168  12.422  22.151 0.5000000000
80728  -52.544  12.092  21.609 0.5000000000
81175  -6.790  12.715  55.336 0.3750000000
81181  -4.192  12.221  52.965 0.3750000000
81193  -20.081  13.291  53.090 0.1250000000
81205  -11.116  12.881  50.111 0.1250000000
81207  -17.289  12.840  49.849 0.1250000000
81215  -10.974  12.096  48.743 0.2500000000
81228  -11.851  12.212  47.667 0.2500000000
81229  -12.411  12.090  47.316 0.2500000000
81230  -13.760  12.423  47.524 0.2500000000
81231  -14.508  12.286  47.669 0.2500000000
81832  -10.070  14.199  56.406 0.3750000000
81836  -10.417  14.120  56.101 0.2500000000
81840  -10.753  14.144  55.570 0.2500000000
81845  -11.070  14.157  54.846 0.2500000000
81854  -6.111  13.632  51.258 0.3750000000
81857  -11.784  14.002  51.917 0.1250000000
82478  -8.583  14.145  56.275 0.3750000000
82479  -9.501  14.080  56.401 0.2500000000
82561  -8.763  14.599  43.100 0.1250000000
83138  -9.757  15.500  56.512 0.2500000000
83141  -10.653  15.248  56.284 0.1250000000
83147  -12.603  15.704  53.487 0.1250000000
83151  -14.528  16.201  52.691 0.1250000000
83161  -14.898  15.595  52.166 0.1250000000
83856  -9.786  16.156  56.482 0.2500000000
83857  -10.062  16.271  56.404 0.1250000000
83897  -9.882  16.794  46.643 0.1250000000
84518  -8.358  17.974  56.492 0.1250000000
84519  -8.816  17.259  56.523 0.1250000000
84525  -10.669  16.813  55.605 0.1250000000
84546  -19.258  18.221  51.171 0.1250000000
84557  -12.739  17.810  48.378 0.1250000000
84564  -13.808  17.767  47.719 0.1250000000
85233  -8.649  18.423  45.195 0.1250000000
85812  -5.359  19.798  47.467 0.1250000000
85822  -4.829  19.699  46.842 0.1250000000
86423  -8.949  20.015  54.786 0.1250000000
86430  -5.457  20.434  52.861 0.1250000000
86443  -4.465  20.865  50.743 0.1250000000
86445  -5.484  20.449  49.507 0.1250000000
86447  -4.431  20.765  48.377 0.1250000000
86459  -18.119  20.527  46.786 0.1250000000
86469  -4.037  20.554  43.581 0.1250000000
87031  -4.627  21.272  53.706 0.1250000000
87037  -4.341  21.279  52.984 0.1250000000
87051  -4.255  20.781  47.757 0.1250000000
87058  -3.814  20.567  46.035 0.1250000000
87062  -3.835  20.803  44.942 0.1250000000
87737  -4.759  22.498  51.075 0.1250000000
87740  -4.852  22.154  50.011 0.1250000000
87777  -4.342  22.567  42.055 0.1250000000
88405  -6.694  23.967  49.375 0.1250000000
88417  -6.631  23.157  47.162 0.1250000000
89609  -8.215  25.953  46.118 0.1250000000
90173  -7.060  26.742  49.198 0.1250000000
107905  -31.949  -4.502  33.148 0.3750000000
108013  -10.795  -13.593  45.662 1.0000000000
108228  -24.039  -26.387  45.823 0.8750000000
108264  -30.488  -1.208  50.138 0.1250000000
108305  -32.113  -4.579  34.147 0.5000000000
108372  -12.302  -18.479  43.199 0.8750000000
108414  -38.138  -4.411  33.955 0.6250000000
108431  -29.806  -4.684  36.107 0.3750000000
108497  -12.348  -0.953  51.220 0.3750000000
108498  -12.268  -0.969  52.055 0.3750000000
108505  -35.172  -4.537  32.100 0.6250000000
108510  -37.419  -4.455  33.861 0.6250000000
108512  -38.150  -4.450  35.332 0.6250000000
108718  -34.559  -4.518  35.295 0.6250000000
108937  -12.577  1.448  55.394 0.2500000000
109235  -19.367  -11.333  35.972 0.5000000000
109399  -23.506  -24.001  40.295 1.0000000000
109456  -37.002  -4.536  29.787 0.2500000000
109574  -16.610  5.130  56.268 0.1250000000
110037  -3.903  -21.320  42.044 0.3750000000
110071  -35.680  -4.673  37.520 0.7500000000
110512  -23.256  -16.868  32.000 0.7500000000
110617  -42.832  -3.526  27.916 0.3750000000
110729  -18.640  -1.029  52.968 0.1250000000
110814  -27.533  -31.166  52.309 0.3750000000
111384  -34.951  -1.284  47.436 0.1250000000
111788  -39.011  -4.192  31.877 0.5000000000
111930  -5.469  -33.679  54.580 0.1250000000
111960  -11.636  13.664  51.135 0.1250000000
112116  -19.813  -27.896  55.168 0.7500000000
112166  -36.145  -22.824  43.161 0.1250000000
112834  -3.282  -29.204  47.104 0.1250000000
112838  -26.368  -30.895  50.738 0.2500000000
112845  -3.526  -22.811  39.276 0.6250000000
112950  -20.533  -6.368  34.547 0.5000000000
113134  -8.235  1.002  50.052 0.5000000000
113408  -22.802  -26.097  53.976 0.7500000000
113861  -33.582  -12.377  30.693 0.6250000000
114482  -13.277  8.665  47.660 0.2500000000
114760  -47.733  5.697  23.334 0.5000000000
114893  -30.107  -0.837  37.634 0.3750000000
114908  -9.404  9.726  48.471 0.3750000000
114978  -46.928  -1.579  26.659 0.3750000000
115009  -11.289  13.774  52.449 0.1250000000
115138  -14.682  -8.641  48.744 0.6250000000
115143  -34.981  0.934  32.833 0.1250000000
115354  -15.600  -4.805  43.607 0.1250000000
115609  -11.080  5.091  56.405 0.1250000000
115713  -9.225  -23.886  44.380 0.2500000000
115937  -44.156  7.397  32.058 0.1250000000
116044  -6.060  -9.924  56.478 0.8750000000
116150  -31.704  -0.289  39.221 0.3750000000
116240  -5.677  -30.015  43.201 0.1250000000
116317  -16.895  14.078  49.481 0.1250000000
116338  -21.766  -26.962  45.658 0.8750000000
116354  -3.624  -22.403  41.642 0.2500000000
116413  -23.344  -30.555  52.097 0.5000000000
116592  -19.411  -11.317  35.150 0.5000000000
116634  -33.348  0.733  38.095 0.1250000000
116654  -35.253  -6.582  49.302 0.1250000000
116692  -36.760  -5.865  48.264 0.2500000000
116823  -19.826  5.565  56.276 0.1250000000
116829  -13.110  10.887  47.025 0.2500000000
116954  -29.282  -1.344  36.324 0.3750000000
117180  -3.799  12.095  41.873 0.2500000000
117677  -43.136  6.565  33.257 0.1250000000
117865  -19.076  -5.744  38.222 0.2500000000
117944  -35.019  1.306  40.674 0.1250000000
118280  -40.095  2.027  28.480 0.1250000000
118480  -42.302  6.557  29.745 0.1250000000
118588  -12.266  5.771  51.855 0.1250000000
118728  -10.015  4.352  48.308 0.3750000000
118745  -16.935  -19.276  56.026 1.0000000000
118746  -3.428  -18.987  34.343 0.5000000000
119274  -11.541  -1.259  58.352 0.3750000000
119784  -40.116  -1.677  25.259 0.2500000000
119905  -20.147  -25.623  43.860 0.8750000000
120538  -8.555  9.102  49.178 0.3750000000
120635  -39.489  4.860  31.871 0.1250000000
120694  -40.013  -4.105  28.139 0.2500000000
120870  -14.471  3.567  51.815 0.1250000000
120876  -37.077  -2.428  48.591 0.1250000000
121117  -43.937  -0.362  24.020 0.5000000000
121185  -52.348  8.248  3.372 0.2500000000
121276  -6.484  -26.127  47.571 0.1250000000
121502  -20.370  -16.884  36.440 0.8750000000
121599  -35.996  1.394  33.471 0.1250000000
121604  -51.387  1.557  19.546 0.2500000000
121903  -6.677  -16.977  37.068 0.8750000000
122134  -23.116  -16.303  50.413 1.0000000000
122196  -18.598  -13.199  49.556 0.7500000000
122815  -28.180  -10.688  29.822 0.7500000000
122926  -29.391  -29.379  52.129 0.5000000000
123082  -19.651  -9.005  33.875 0.5000000000
123340  -31.382  -0.840  41.573 0.3750000000
123629  -5.772  -24.398  37.472 0.1250000000
123868  -42.822  -3.493  29.897 0.3750000000
123926  -42.871  -2.380  25.375 0.3750000000
124049  -5.666  12.990  55.105 0.3750000000
124118  -25.178  -30.874  51.889 0.5000000000
124179  -37.841  -4.446  30.978 0.3750000000
124258  -24.443  -24.434  41.990 1.0000000000
124315  -33.028  0.552  39.207 0.2500000000
124491  -4.237  21.334  52.024 0.1250000000
124619  -20.200  -24.278  41.493 0.8750000000
124684  -13.548  16.733  50.363 0.1250000000
124894  -34.755  -3.980  28.271 0.1250000000
125009  -35.045  -9.166  30.099 0.6250000000
125167  -18.177  -27.736  56.870 0.7500000000
125492  -4.331  22.322  42.832 0.1250000000
125700  -21.460  -16.496  54.345 1.0000000000
125765  -32.218  -0.516  32.272 0.3750000000
126238  -48.214  5.043  31.803 0.1250000000
126786  -10.260  15.161  56.501 0.1250000000
126912  -20.514  2.900  55.726 0.1250000000
127011  -24.347  -19.611  34.738 0.8750000000
127200  -9.637  -19.443  43.916 0.8750000000
127481  -29.190  -3.082  34.847 0.3750000000
127503  -7.508  6.911  49.826 0.3750000000
127542  -37.407  1.760  34.950 0.1250000000
127619  -23.648  -21.185  36.338 1.0000000000
127728  -9.080  -19.322  52.452 1.0000000000
127914  -5.092  -33.812  54.621 0.1250000000
128123  -8.518  -19.731  56.533 1.0000000000
128130  -40.499  -3.973  28.414 0.2500000000
128134  -28.334  -4.816  39.031 0.3750000000
128136  -33.464  -15.467  37.702 0.8750000000
128494  -53.123  10.281  17.885 0.5000000000
128633  -39.722  3.725  45.669 0.1250000000
128661  -34.048  0.623  41.924 0.1250000000
128931  -16.987  -18.036  57.760 1.0000000000
128943  -43.018  -7.845  36.901 1.0000000000
129017  -13.426  -14.537  44.822 1.0000000000
129076  -3.709  9.804  53.906 0.5000000000
129112  -5.640  19.331  42.485 0.1250000000
129144  -45.969  3.817  30.448 0.1250000000
129163  -43.928  -14.605  35.240 0.3750000000
129175  -12.845  -10.778  54.798 1.0000000000
129188  -7.579  -19.485  51.922 0.7500000000
129296  -25.478  -30.969  53.289 0.5000000000
129409  -22.671  -9.901  30.491 0.6250000000
129652  -32.487  -14.486  33.644 0.8750000000
129811  -4.326  10.278  43.633 0.2500000000
129818  -2.846  -13.003  35.430 0.5000000000
129967  -33.042  0.131  33.555 0.1250000000
130132  -35.201  -10.897  30.313 0.7500000000
130166  -3.198  -19.556  35.160 0.6250000000
130198  -48.750  4.962  21.813 0.6250000000
130268  -11.260  15.884  55.489 0.1250000000
130292  -37.014  1.401  42.549 0.1250000000
130313  -19.512  -23.918  43.514 1.0000000000
130331  -44.479  -3.047  29.433 0.3750000000
130414  -41.228  -3.709  27.357 0.3750000000
130430  -18.493  9.490  51.256 0.1250000000
130619  -32.151  -1.316  43.485 0.2500000000
130675  -43.794  0.742  23.895 0.3750000000
130813  -35.047  3.537  48.045 0.1250000000
