#!ascii label  , from subject sub-v1s13x0050005_ses-1 vox2ras=TkReg
3292
21  -9.455  -94.100  -9.517 0.8999999762
114011  -10.147  -94.184  -10.110 0.8000000119
108693  -10.945  -94.226  -10.237 0.8000000119
128719  -12.863  -94.067  -9.750 0.8000000119
25  -9.623  -94.049  -10.632 0.8999999762
27  -11.555  -94.193  -11.099 0.8000000119
29  -13.167  -93.940  -10.570 0.8000000119
75  -13.734  -93.672  -11.012 0.8000000119
33  -11.133  -94.054  -12.105 0.8000000119
34  -11.959  -94.056  -12.029 0.8000000119
126143  -3.558  -87.336  -8.316 0.6999999881
584  -3.791  -88.841  -8.112 0.8000000119
123738  -3.880  -89.385  -8.396 0.6999999881
259  -5.590  -91.197  -7.258 0.6000000238
126814  -16.129  -92.289  -9.416 0.5000000000
203  -15.848  -92.370  -10.996 0.6999999881
124243  -17.012  -91.642  -10.758 0.6000000238
91  -15.396  -92.685  -12.759 0.8000000119
90  -14.636  -93.124  -12.759 0.8000000119
116481  -15.979  -92.288  -11.942 0.6999999881
94  -14.785  -92.934  -13.519 0.8000000119
1143  -3.508  -87.539  -8.678 0.8000000119
822  -3.605  -88.303  -8.674 0.8000000119
115714  -3.366  -86.764  -11.286 0.8000000119
406  -4.148  -89.310  -9.798 1.0000000000
116762  -5.744  -90.992  -9.954 0.8999999762
185  -5.968  -91.657  -9.590 0.8999999762
193  -6.741  -92.017  -10.233 0.8999999762
117752  -6.512  -92.261  -9.025 0.8999999762
74  -8.533  -93.363  -10.695 0.8999999762
186  -15.503  -92.771  -9.268 0.5000000000
196  -16.467  -92.038  -10.277 0.5000000000
204  -16.521  -91.903  -11.245 0.6999999881
302  -18.001  -91.079  -11.806 0.6000000238
288  -18.720  -91.104  -10.900 0.6000000238
24  -8.984  -93.777  -10.232 0.8999999762
30  -9.160  -93.797  -11.228 0.8999999762
37  -10.644  -93.771  -12.515 0.8999999762
38  -11.501  -93.598  -12.800 1.0000000000
86  -10.159  -93.520  -12.587 0.8999999762
213  -14.453  -92.562  -14.165 0.8000000119
125373  -17.540  -91.361  -13.050 0.6999999881
95  -13.695  -92.514  -14.271 1.0000000000
219  -15.705  -92.192  -14.402 0.8000000119
321  -16.466  -91.910  -14.470 0.8000000119
2297  -1.632  -84.348  -10.309 0.6999999881
1480  -3.357  -86.987  -8.801 0.6999999881
598  -3.749  -89.024  -9.055 0.8000000119
1525  -2.983  -86.222  -13.539 0.8999999762
192  -6.216  -91.215  -10.439 1.0000000000
73  -7.623  -92.561  -10.543 0.8999999762
303  -18.869  -90.798  -11.893 0.6000000238
438  -20.088  -90.152  -12.771 0.6000000238
81  -12.448  -93.625  -12.740 0.8000000119
92  -13.128  -92.873  -13.964 1.0000000000
209  -16.101  -92.249  -12.914 0.8000000119
313  -19.122  -90.465  -12.693 0.6000000238
112145  -18.056  -91.131  -13.281 0.6999999881
211  -12.833  -92.505  -13.730 1.0000000000
326  -16.938  -91.168  -15.935 0.6999999881
1499  -3.307  -86.491  -11.157 0.8000000119
1488  -3.204  -86.941  -10.276 0.8000000119
2760  -2.348  -84.111  -12.205 0.8000000119
586  -4.702  -88.999  -7.036 0.6000000238
111200  -3.691  -88.632  -9.303 0.8000000119
112875  -3.892  -88.987  -9.679 0.8999999762
860  -3.623  -87.292  -11.612 0.8999999762
609  -4.724  -89.389  -10.398 1.0000000000
267  -4.904  -91.144  -8.134 0.8999999762
177  -5.726  -91.743  -8.363 0.8000000119
64  -7.190  -92.765  -8.462 0.8000000119
65  -7.796  -93.209  -8.915 0.8999999762
194  -7.094  -92.119  -10.953 1.0000000000
78  -8.116  -92.971  -10.924 0.8999999762
126875  -9.665  -93.626  -12.362 0.8999999762
129139  -13.914  -93.374  -12.784 0.8000000119
210  -16.667  -91.808  -12.166 0.6999999881
316  -17.418  -91.471  -13.834 0.6999999881
445  -19.312  -90.299  -13.553 0.6000000238
208  -12.139  -92.690  -13.131 1.0000000000
216  -13.660  -91.971  -14.310 1.0000000000
322  -17.222  -91.484  -14.886 0.6999999881
317  -18.128  -91.136  -14.192 0.8000000119
1552  -7.719  -87.291  -15.608 0.8000000119
320  -14.945  -91.601  -14.891 1.0000000000
220  -15.587  -91.829  -15.182 0.8000000119
323  -17.904  -91.182  -15.190 0.6999999881
453  -19.377  -90.255  -14.538 0.6000000238
467  -18.147  -90.453  -17.007 0.8000000119
652  -16.949  -89.570  -16.019 0.8999999762
116558  -17.215  -90.600  -16.704 0.8000000119
901  -18.030  -87.986  -15.913 0.8999999762
664  -17.905  -90.028  -17.384 0.8000000119
1864  -3.987  -85.497  -10.613 0.6000000238
850  -3.811  -87.850  -10.760 1.0000000000
618  -4.754  -88.563  -11.496 1.0000000000
2311  -0.407  -84.309  -11.603 0.8999999762
1883  -1.502  -84.582  -13.395 0.8999999762
127294  -4.460  -88.175  -12.157 0.8999999762
1190  -4.814  -87.916  -13.830 1.0000000000
125121  -5.723  -87.749  -13.740 1.0000000000
613  -4.859  -89.012  -10.843 1.0000000000
863  -5.765  -89.013  -12.871 1.0000000000
877  -6.133  -88.398  -13.285 1.0000000000
1511  -6.653  -87.430  -13.292 1.0000000000
1537  -2.755  -86.035  -14.275 0.8999999762
432  -5.662  -89.577  -11.715 1.0000000000
1527  -6.893  -86.455  -13.323 1.0000000000
125624  -2.238  -85.434  -14.292 0.8999999762
294  -6.026  -90.734  -10.904 1.0000000000
620  -5.633  -89.288  -12.253 1.0000000000
113444  -6.790  -88.204  -13.001 1.0000000000
865  -7.174  -88.387  -12.527 1.0000000000
295  -6.556  -91.117  -11.255 1.0000000000
127686  -6.406  -90.880  -11.605 1.0000000000
199  -7.111  -91.840  -11.195 1.0000000000
614  -7.331  -89.088  -12.048 1.0000000000
125438  -8.384  -92.793  -11.364 1.0000000000
282  -8.066  -91.564  -11.206 1.0000000000
85  -9.253  -93.393  -12.169 0.8999999762
124587  -3.657  -83.412  -20.104 0.5000000000
84  -8.905  -92.875  -11.974 1.0000000000
206  -9.624  -93.176  -12.400 1.0000000000
2826  -4.234  -83.610  -19.748 0.6999999881
207  -10.234  -93.029  -12.554 1.0000000000
114198  -11.579  -93.207  -12.974 1.0000000000
1947  -5.603  -85.531  -18.143 0.8000000119
314  -13.157  -91.926  -13.950 1.0000000000
217  -14.254  -92.056  -14.558 1.0000000000
444  -18.775  -90.669  -14.199 0.6000000238
1929  -6.243  -86.092  -17.374 0.8000000119
1561  -7.632  -86.499  -16.006 0.8000000119
452  -18.613  -90.774  -15.105 0.6000000238
128126  -19.069  -90.480  -15.229 0.6999999881
895  -8.133  -88.738  -15.271 0.8000000119
450  -15.592  -90.647  -15.444 1.0000000000
329  -16.532  -90.879  -16.290 0.8000000119
469  -19.625  -89.931  -16.652 0.8000000119
666  -20.153  -89.355  -17.255 0.6999999881
468  -18.777  -90.162  -17.249 0.8000000119
121501  -20.793  -88.766  -17.218 0.6999999881
909  -17.685  -89.035  -16.505 0.8999999762
118017  -18.506  -88.315  -16.609 0.8999999762
924  -18.930  -88.800  -17.765 0.8000000119
1235  -19.624  -87.641  -17.653 0.8000000119
1565  -19.136  -86.935  -17.065 0.8000000119
1823  -1.248  -84.535  -7.396 0.6000000238
2294  0.023  -84.240  -11.191 0.8999999762
1164  -3.491  -87.331  -10.524 0.8000000119
874  -4.281  -88.026  -12.954 0.8999999762
1541  -5.701  -86.284  -14.417 1.0000000000
3193  0.474  -82.786  -10.638 0.8999999762
1509  -2.808  -85.756  -13.147 0.8999999762
1188  -3.677  -87.336  -13.378 0.8999999762
1526  -6.169  -86.847  -13.885 1.0000000000
1896  -6.510  -85.935  -13.898 1.0000000000
2745  0.100  -83.594  -11.832 0.8999999762
117796  -0.622  -84.012  -12.780 0.8999999762
1884  -2.151  -85.077  -13.412 0.8999999762
1895  -1.899  -85.074  -13.947 0.8999999762
1178  -7.314  -87.541  -12.552 1.0000000000
2773  -0.586  -83.718  -13.540 0.8999999762
2784  -0.794  -83.527  -14.420 0.8999999762
621  -6.037  -89.659  -12.401 1.0000000000
864  -6.533  -89.026  -12.753 1.0000000000
423  -7.442  -90.715  -11.371 1.0000000000
853  -8.047  -88.503  -11.365 1.0000000000
3317  -2.445  -82.724  -20.192 0.5000000000
283  -9.171  -91.369  -10.625 1.0000000000
2847  -2.993  -83.123  -20.426 0.5000000000
2825  -3.615  -83.233  -19.865 0.5000000000
297  -9.063  -92.213  -11.448 1.0000000000
284  -10.162  -91.571  -10.425 1.0000000000
2848  -3.661  -83.498  -20.657 0.5000000000
200  -9.605  -92.711  -12.060 1.0000000000
299  -11.061  -92.163  -11.734 1.0000000000
275  -12.367  -91.278  -10.358 1.0000000000
286  -13.148  -90.859  -10.328 0.8999999762
202  -11.128  -92.798  -12.628 1.0000000000
307  -12.659  -92.009  -13.303 1.0000000000
300  -12.615  -91.477  -11.233 1.0000000000
436  -13.678  -90.863  -12.128 1.0000000000
418  -14.334  -89.648  -10.415 0.8999999762
124462  -13.914  -90.835  -12.916 1.0000000000
2422  -4.352  -83.943  -20.189 0.5000000000
2400  -4.482  -84.657  -19.357 0.6999999881
308  -13.378  -91.452  -13.100 1.0000000000
1976  -4.772  -84.424  -20.638 0.5000000000
1946  -4.739  -86.098  -18.634 0.8000000119
315  -13.884  -91.342  -13.811 1.0000000000
459  -15.776  -90.958  -16.039 1.0000000000
1962  -4.539  -85.050  -19.946 0.5000000000
1218  -7.083  -87.519  -16.159 0.8000000119
449  -14.997  -90.856  -14.807 1.0000000000
327  -17.865  -90.902  -16.107 0.8000000119
667  -20.963  -88.923  -16.483 0.6000000238
1589  -4.904  -86.319  -19.295 0.4000000060
1936  -5.179  -86.646  -17.977 0.8000000119
896  -8.872  -88.579  -14.655 0.8000000119
640  -16.523  -89.395  -15.253 0.8999999762
663  -17.293  -89.995  -16.939 0.8999999762
665  -19.180  -89.722  -17.614 0.8000000119
121910  -18.558  -88.967  -17.578 0.8999999762
680  -18.966  -89.262  -17.959 0.8000000119
673  -19.637  -89.279  -17.955 0.6999999881
925  -21.040  -88.300  -17.561 0.6000000238
681  -19.875  -88.685  -18.089 0.6999999881
682  -20.582  -88.192  -18.095 0.6000000238
1215  -18.297  -87.299  -16.043 0.8999999762
115256  -17.951  -86.144  -17.910 0.8000000119
1583  -18.706  -86.029  -18.313 0.8000000119
1247  -19.970  -86.851  -18.380 0.6999999881
111918  -19.822  -86.305  -20.307 0.5000000000
2243  -0.412  -84.670  -6.545 0.6000000238
2706  0.161  -83.931  -7.989 0.8000000119
2722  0.310  -83.756  -9.347 0.8999999762
109908  -2.833  -85.445  -12.469 0.8000000119
2312  -0.798  -84.318  -11.675 0.8999999762
117876  -2.835  -86.167  -14.741 0.8999999762
1539  -3.584  -86.665  -14.745 0.8999999762
1909  -5.244  -85.699  -14.912 1.0000000000
1512  -7.481  -86.177  -12.751 1.0000000000
1888  -7.868  -85.445  -12.765 1.0000000000
1513  -8.070  -86.051  -12.169 1.0000000000
2364  -1.673  -84.444  -15.153 0.8999999762
1165  -7.794  -87.303  -11.945 1.0000000000
1501  -8.200  -86.750  -11.694 1.0000000000
118509  -7.197  -90.013  -11.834 1.0000000000
1166  -8.194  -87.564  -11.439 1.0000000000
125609  -8.509  -88.873  -10.778 1.0000000000
415  -9.280  -90.373  -10.091 1.0000000000
3298  -2.795  -82.487  -19.529 0.5000000000
127932  -9.451  -89.575  -9.918 1.0000000000
410  -11.687  -90.546  -9.354 0.8999999762
411  -12.518  -90.733  -9.642 0.8999999762
2865  -3.001  -83.274  -22.410 0.5000000000
412  -13.358  -90.188  -9.538 0.8999999762
417  -13.855  -90.281  -10.180 0.8999999762
306  -11.977  -92.054  -12.359 1.0000000000
114546  -12.935  -91.506  -12.272 1.0000000000
611  -14.701  -89.064  -10.653 0.8999999762
121915  -14.435  -90.166  -12.146 0.8999999762
623  -15.542  -89.070  -12.752 0.8999999762
616  -15.074  -88.932  -11.265 0.8999999762
443  -15.118  -90.003  -13.808 0.8999999762
638  -15.488  -90.121  -14.626 0.8999999762
890  -16.506  -88.751  -14.379 0.8999999762
110709  -20.400  -89.393  -16.276 0.6999999881
1209  -7.548  -88.164  -15.707 0.8000000119
916  -5.774  -87.751  -17.896 0.4000000060
1217  -6.256  -87.879  -16.854 0.8000000119
929  -6.242  -88.125  -18.200 0.5000000000
906  -6.795  -88.517  -16.399 0.5000000000
646  -8.252  -89.542  -15.480 0.6999999881
636  -10.340  -89.429  -14.512 0.8999999762
108178  -18.016  -89.457  -17.370 0.8999999762
1249  -21.004  -87.755  -18.857 0.5000000000
1222  -18.776  -87.368  -16.572 0.8000000119
936  -20.416  -87.928  -18.396 0.6999999881
1574  -18.598  -86.248  -17.409 0.8000000119
1259  -20.604  -86.981  -19.895 0.6000000238
1624  -19.752  -86.696  -21.088 0.5000000000
2262  -0.469  -84.252  -8.400 0.6999999881
3217  -2.915  -83.367  -12.212 0.6000000238
2313  -1.575  -84.410  -11.983 0.8999999762
2366  -4.016  -84.484  -15.493 1.0000000000
1922  -4.741  -85.097  -15.289 1.0000000000
2354  -6.408  -84.550  -14.599 1.0000000000
1897  -7.222  -85.632  -13.350 1.0000000000
3215  0.141  -82.789  -12.405 0.8999999762
2365  -2.912  -84.456  -15.503 1.0000000000
2341  -7.664  -84.751  -13.470 1.0000000000
842  -8.692  -87.998  -10.826 1.0000000000
843  -9.275  -88.690  -10.240 1.0000000000
602  -11.586  -89.666  -9.095 0.8999999762
416  -10.039  -90.806  -9.873 1.0000000000
117914  -4.095  -82.453  -18.967 0.8000000119
273  -10.885  -91.100  -9.795 1.0000000000
605  -13.937  -89.583  -9.808 0.8999999762
2828  -6.426  -83.557  -18.675 0.8000000119
2377  -7.694  -84.929  -16.784 0.8000000119
1210  -8.285  -87.659  -15.074 0.8000000119
624  -16.022  -88.356  -12.857 0.8999999762
891  -16.907  -88.565  -14.975 0.8999999762
118373  -7.846  -90.158  -16.167 0.6999999881
900  -17.491  -88.306  -15.492 0.8999999762
669  -7.177  -89.895  -17.251 0.5000000000
119873  -8.478  -90.743  -16.495 0.6000000238
463  -10.081  -91.005  -16.580 0.6999999881
464  -10.940  -90.643  -16.221 0.6999999881
1559  -17.847  -86.733  -15.858 0.8000000119
910  -19.049  -87.969  -17.032 0.8000000119
110496  -10.929  -91.072  -17.110 0.6000000238
465  -11.863  -90.577  -16.799 0.6999999881
661  -12.427  -89.985  -16.345 0.6999999881
1575  -19.436  -86.434  -17.834 0.8000000119
119953  -19.985  -87.961  -18.168 0.6999999881
470  -7.920  -90.299  -17.584 0.5000000000
472  -9.207  -91.112  -17.019 0.6000000238
1597  -19.292  -86.088  -19.593 0.6999999881
1612  -20.361  -86.624  -20.857 0.4000000060
2786  -5.996  -83.254  -15.005 1.0000000000
108809  -6.612  -83.723  -14.703 1.0000000000
2774  -7.829  -83.959  -13.921 1.0000000000
2329  -8.265  -84.828  -12.835 1.0000000000
1500  -7.667  -86.754  -12.284 1.0000000000
1876  -8.587  -85.268  -12.167 1.0000000000
129498  -9.050  -85.349  -11.661 1.0000000000
109810  -8.767  -85.993  -11.517 1.0000000000
1491  -8.863  -86.946  -10.964 1.0000000000
1154  -9.497  -87.609  -10.372 1.0000000000
119898  -11.396  -88.931  -9.152 0.8999999762
600  -10.039  -89.067  -9.635 1.0000000000
603  -12.597  -89.825  -9.119 0.8999999762
127933  -12.920  -89.139  -9.148 0.8999999762
111258  -4.935  -83.683  -19.254 0.8000000119
119200  -10.996  -91.698  -10.595 1.0000000000
846  -14.382  -88.817  -10.421 0.8999999762
2827  -5.285  -84.092  -18.971 0.8000000119
2387  -6.632  -84.559  -17.990 0.8000000119
1930  -7.219  -85.810  -16.690 0.8000000119
1553  -8.130  -86.773  -15.353 0.8000000119
1937  -6.980  -85.152  -17.290 0.8000000119
870  -15.445  -88.405  -12.045 0.8999999762
121691  -16.503  -88.122  -13.504 0.8999999762
1206  -16.612  -87.266  -14.243 0.8999999762
1548  -17.032  -87.041  -14.829 0.8999999762
111300  0.278  -83.989  -6.271 0.8000000119
112753  -0.046  -84.681  -5.980 0.6999999881
108799  0.278  -83.700  -7.154 0.8000000119
6395  -1.984  -76.311  -10.560 1.0000000000
3179  0.454  -82.495  -8.569 0.8999999762
3173  0.415  -83.098  -7.902 0.8000000119
6404  -2.574  -76.790  -11.051 1.0000000000
116545  0.498  -81.946  -10.070 0.8999999762
126974  0.455  -82.920  -9.116 0.8999999762
3713  0.470  -81.746  -11.054 0.8999999762
3726  0.135  -81.224  -12.396 0.8999999762
3725  0.268  -81.906  -12.023 0.8999999762
3754  -0.546  -81.287  -13.819 1.0000000000
3777  -5.667  -81.491  -14.697 1.0000000000
123898  -7.132  -82.445  -14.554 1.0000000000
3252  -7.967  -82.572  -14.267 1.0000000000
2788  -8.334  -83.318  -13.993 1.0000000000
3739  0.015  -81.843  -13.030 0.8999999762
3233  -0.405  -82.229  -13.911 0.8999999762
3773  -1.844  -81.415  -14.746 1.0000000000
3774  -2.936  -81.370  -14.756 1.0000000000
3792  -4.422  -81.960  -15.044 1.0000000000
3776  -4.820  -81.376  -14.691 1.0000000000
2775  -9.148  -83.219  -13.411 1.0000000000
3248  -1.452  -82.475  -15.069 1.0000000000
3249  -2.487  -82.116  -15.186 1.0000000000
2342  -8.473  -84.084  -13.275 1.0000000000
2763  -10.167  -83.028  -12.658 1.0000000000
2330  -8.807  -84.561  -12.536 1.0000000000
113192  -9.355  -83.922  -12.647 1.0000000000
2764  -11.013  -83.364  -11.755 1.0000000000
4310  -1.778  -80.191  -16.888 0.6999999881
4328  -3.298  -80.717  -17.699 0.6999999881
4329  -4.422  -80.872  -17.730 0.8999999762
2317  -10.694  -84.176  -11.332 1.0000000000
118682  -0.825  -80.432  -19.089 0.6999999881
3824  -1.352  -80.976  -18.921 0.6999999881
1877  -9.532  -85.502  -11.203 1.0000000000
2300  -11.538  -84.560  -10.682 1.0000000000
5446  -0.911  -78.730  -21.685 0.4000000060
4906  -0.634  -79.155  -21.403 0.6000000238
4359  -1.260  -80.192  -21.614 0.5000000000
120160  -1.576  -81.190  -21.181 0.6000000238
3833  -1.789  -81.595  -19.393 0.6000000238
117306  -1.890  -81.437  -18.879 0.6999999881
130406  -3.548  -81.371  -18.198 0.8000000119
3814  -5.257  -81.518  -18.121 0.8999999762
3828  -6.731  -81.791  -18.421 0.8999999762
3804  -9.496  -81.289  -17.140 0.8999999762
2810  -9.865  -82.829  -16.491 0.8999999762
1865  -10.303  -85.906  -10.513 0.8999999762
1493  -11.134  -86.908  -9.870 0.8999999762
3838  -1.616  -81.565  -20.097 0.6000000238
3825  -2.374  -81.802  -18.884 0.6000000238
3813  -4.255  -81.776  -18.459 0.6999999881
3815  -6.226  -81.308  -17.937 0.8999999762
121188  -10.542  -86.573  -10.146 0.8999999762
117055  -0.459  -78.050  -20.568 0.6000000238
3309  -2.132  -82.217  -19.844 0.6000000238
3826  -4.981  -82.333  -18.768 0.8000000119
3279  -9.263  -82.320  -17.175 0.8999999762
1145  -10.964  -87.724  -9.664 0.8999999762
1146  -11.752  -87.425  -9.734 0.8999999762
1147  -12.407  -88.057  -9.612 0.8999999762
117706  -3.224  -82.070  -18.827 0.6000000238
3827  -5.952  -82.077  -18.608 0.8000000119
3303  -7.319  -81.971  -18.404 0.8000000119
128679  -8.345  -82.980  -17.704 0.8999999762
2808  -8.741  -83.048  -17.347 0.8999999762
2801  -9.526  -83.663  -16.217 0.8999999762
123266  -13.938  -88.942  -9.787 0.8999999762
3301  -5.579  -83.039  -18.997 0.8000000119
3302  -6.598  -82.512  -18.662 0.8000000119
2817  -7.362  -83.617  -18.047 0.8000000119
110472  -8.736  -83.832  -16.743 0.8999999762
2369  -9.827  -84.254  -15.478 0.8999999762
844  -12.974  -88.079  -10.234 0.8999999762
2388  -7.538  -84.363  -17.453 0.8000000119
126560  -8.097  -84.265  -16.957 0.8000000119
1911  -9.654  -85.622  -14.481 0.8999999762
1544  -10.821  -85.955  -13.308 0.8999999762
1889  -11.944  -86.270  -12.194 0.8999999762
856  -14.379  -88.431  -10.956 0.8999999762
845  -13.813  -88.544  -10.204 0.8999999762
2378  -8.382  -84.688  -16.426 0.8000000119
1924  -9.239  -85.154  -15.258 0.8999999762
1543  -10.001  -86.224  -13.810 0.8999999762
1191  -11.018  -87.561  -12.843 0.8999999762
1169  -14.989  -88.076  -11.701 0.8999999762
112481  -9.008  -85.922  -14.818 0.8999999762
1542  -9.316  -86.494  -14.337 0.8999999762
1192  -11.601  -87.926  -12.592 0.8999999762
868  -13.422  -88.058  -11.598 0.8999999762
1202  -9.041  -87.476  -14.395 0.8999999762
114836  -9.755  -87.233  -13.834 0.8999999762
1203  -10.313  -87.909  -13.413 0.8999999762
881  -13.477  -88.030  -13.056 0.8999999762
1194  -15.989  -87.325  -13.181 0.8999999762
886  -10.388  -88.740  -13.798 0.8999999762
887  -11.133  -88.812  -13.516 0.8999999762
1193  -14.610  -87.477  -13.162 0.8999999762
1195  -16.356  -87.521  -13.555 0.8999999762
889  -13.076  -88.456  -14.005 0.8999999762
1530  -15.811  -87.068  -13.661 0.8999999762
1547  -16.538  -86.860  -14.649 0.8000000119
637  -11.071  -89.264  -14.152 0.8999999762
888  -11.906  -88.926  -13.830 0.8999999762
478  -8.672  -90.671  -18.011 0.5000000000
650  -11.804  -89.437  -14.810 0.8000000119
651  -12.657  -89.399  -15.629 0.8000000119
662  -13.111  -89.627  -16.600 0.8000000119
120174  -15.759  -87.172  -16.372 0.8000000119
1563  -17.491  -86.493  -16.274 0.8000000119
676  -7.379  -89.577  -18.031 0.5000000000
473  -10.095  -91.232  -17.461 0.5000000000
922  -14.593  -88.687  -17.296 0.6999999881
1221  -17.061  -86.442  -16.821 0.8000000119
1611  -19.091  -86.418  -20.377 0.6999999881
474  -11.647  -91.060  -17.733 0.5000000000
670  -12.666  -90.170  -16.990 0.6999999881
672  -14.140  -89.438  -17.890 0.6999999881
1581  -17.149  -86.673  -18.412 0.8000000119
332  -10.835  -91.356  -17.956 0.5000000000
671  -13.324  -90.009  -17.565 0.6999999881
932  -14.834  -88.876  -18.178 0.6999999881
933  -15.411  -88.354  -18.345 0.8000000119
1582  -18.059  -86.253  -18.904 0.8000000119
1623  -18.814  -86.964  -21.107 0.4000000060
481  -12.926  -90.593  -18.555 0.6000000238
687  -14.170  -90.002  -19.935 0.5000000000
688  -14.872  -89.375  -19.750 0.5000000000
944  -15.521  -88.727  -19.758 0.6999999881
120926  -16.596  -87.396  -19.150 0.6999999881
1258  -17.310  -86.910  -19.396 0.6000000238
1610  -18.326  -86.764  -20.365 0.6000000238
1267  -17.477  -87.328  -20.341 0.6000000238
949  -17.316  -88.069  -21.370 0.4000000060
2676  0.222  -83.452  -4.031 0.6000000238
3152  0.392  -83.074  -4.905 0.8000000119
127886  0.424  -83.144  -6.533 0.8000000119
7002  -1.376  -75.835  -10.115 1.0000000000
3676  0.430  -81.451  -7.618 0.8999999762
128261  -0.374  -76.594  -10.006 1.0000000000
6393  -0.589  -76.802  -10.496 1.0000000000
6405  -3.507  -76.853  -10.895 1.0000000000
4194  0.347  -80.715  -8.029 0.8999999762
5285  0.164  -78.838  -10.462 1.0000000000
5299  -0.071  -78.059  -10.950 1.0000000000
5312  -0.699  -78.066  -11.827 1.0000000000
5852  -2.720  -77.741  -12.103 1.0000000000
3702  0.395  -81.122  -9.446 0.8999999762
4773  0.230  -79.704  -10.776 1.0000000000
4774  -0.110  -78.924  -11.484 1.0000000000
4237  0.310  -80.642  -11.100 0.8999999762
108832  -0.299  -79.926  -12.530 1.0000000000
4806  -2.785  -78.893  -13.126 1.0000000000
4824  -3.375  -79.517  -13.542 1.0000000000
4238  0.121  -80.560  -12.100 0.8999999762
4266  -0.885  -80.464  -13.750 1.0000000000
4822  -1.415  -79.751  -13.592 1.0000000000
121490  -2.125  -80.041  -13.996 1.0000000000
4268  -2.937  -80.058  -14.025 1.0000000000
4283  -4.379  -80.734  -14.362 1.0000000000
4284  -5.282  -80.786  -14.365 1.0000000000
4285  -6.189  -80.901  -14.338 1.0000000000
3779  -7.525  -81.801  -14.295 1.0000000000
3758  -9.192  -81.812  -13.715 1.0000000000
123672  -10.632  -82.180  -13.041 1.0000000000
4267  -1.579  -80.410  -14.132 1.0000000000
3234  -8.817  -82.539  -13.925 1.0000000000
3235  -9.691  -82.371  -13.461 1.0000000000
4313  -4.949  -80.229  -16.894 1.0000000000
2316  -9.516  -84.685  -11.789 1.0000000000
1878  -10.440  -84.981  -10.887 1.0000000000
5898  -0.266  -77.991  -15.165 0.8999999762
5434  0.158  -78.660  -19.969 0.6999999881
5420  0.401  -79.064  -18.883 0.6999999881
4887  0.136  -79.421  -19.624 0.6999999881
4343  -1.150  -80.944  -19.568 0.6000000238
4330  -5.553  -80.796  -17.403 0.8999999762
4331  -8.028  -80.877  -17.575 1.0000000000
3281  -11.248  -82.072  -15.810 0.8999999762
2301  -12.214  -85.015  -10.431 0.8999999762
3817  -8.074  -81.587  -17.924 0.8999999762
113797  -11.218  -86.149  -10.121 0.8999999762
1494  -11.850  -86.573  -10.033 0.8999999762
1156  -12.296  -87.285  -10.127 0.8999999762
1495  -12.294  -86.255  -10.525 0.8999999762
2371  -11.609  -84.016  -14.458 0.8999999762
2818  -8.142  -83.586  -17.498 0.8000000119
1913  -11.354  -85.091  -13.653 0.8999999762
2379  -9.057  -84.461  -15.998 0.8999999762
1912  -10.469  -85.356  -14.058 0.8999999762
1168  -12.540  -87.291  -10.723 0.8999999762
855  -13.668  -88.241  -10.879 0.8999999762
1529  -11.233  -86.646  -12.669 0.8999999762
1514  -11.863  -87.091  -12.141 0.8999999762
869  -14.262  -88.114  -11.597 0.8999999762
1528  -10.457  -86.966  -13.258 0.8999999762
1181  -13.994  -87.885  -12.274 0.8999999762
111286  -9.619  -88.213  -13.981 0.8999999762
880  -12.454  -88.396  -13.105 0.8999999762
1516  -15.440  -87.333  -13.086 0.8999999762
1545  -15.345  -87.106  -13.841 0.8999999762
1204  -13.988  -87.838  -13.808 0.8999999762
1557  -16.387  -86.726  -15.200 0.8000000119
899  -14.128  -88.267  -15.543 0.8000000119
111330  -14.731  -87.883  -15.881 0.8000000119
1213  -15.377  -87.252  -15.649 0.8000000119
1562  -16.783  -86.556  -15.990 0.8000000119
921  -13.881  -89.236  -16.966 0.8000000119
908  -14.357  -88.509  -16.405 0.8000000119
111240  -16.362  -86.775  -16.603 0.8000000119
1219  -15.125  -87.868  -16.637 0.8000000119
1233  -15.816  -87.388  -17.146 0.8000000119
934  -15.898  -88.092  -18.924 0.8000000119
487  -13.585  -90.292  -19.272 0.4000000060
1268  -18.046  -87.359  -21.023 0.5000000000
1273  -19.356  -87.345  -21.890 0.4000000060
963  -17.512  -88.478  -22.522 0.4000000060
123562  0.499  -82.332  -5.547 0.8000000119
6996  -4.264  -75.938  -8.973 1.0000000000
4183  0.415  -80.771  -6.441 0.8999999762
6995  -3.191  -75.697  -9.056 1.0000000000
116880  -0.444  -75.770  -9.292 1.0000000000
128280  -3.753  -76.537  -10.331 1.0000000000
6380  -4.336  -76.424  -9.851 1.0000000000
6396  -4.402  -76.890  -10.604 1.0000000000
110368  -4.985  -76.682  -10.048 1.0000000000
130147  0.262  -80.210  -9.256 0.8999999762
5846  -4.085  -77.358  -11.292 1.0000000000
118852  -4.820  -77.379  -11.057 1.0000000000
4763  0.180  -79.423  -9.028 0.8999999762
5316  -5.841  -78.170  -11.699 1.0000000000
5317  -6.769  -78.346  -11.661 1.0000000000
4788  0.066  -79.824  -11.718 1.0000000000
5327  -1.142  -78.438  -12.612 1.0000000000
5329  -3.253  -78.353  -12.550 1.0000000000
5330  -4.296  -78.480  -12.382 1.0000000000
4808  -4.813  -79.068  -12.907 1.0000000000
4810  -6.702  -79.273  -12.777 1.0000000000
4273  -7.570  -80.536  -13.702 1.0000000000
4804  -0.864  -79.272  -12.838 1.0000000000
4825  -4.349  -79.579  -13.464 1.0000000000
4270  -4.832  -80.169  -13.934 1.0000000000
4271  -5.748  -80.247  -13.896 1.0000000000
4827  -6.222  -79.730  -13.364 1.0000000000
3756  -7.965  -81.212  -13.992 1.0000000000
4274  -8.451  -80.757  -13.545 1.0000000000
4275  -9.422  -81.046  -13.393 1.0000000000
4276  -10.590  -80.921  -13.065 1.0000000000
2331  -10.125  -83.857  -12.056 1.0000000000
3219  -11.344  -82.475  -12.199 1.0000000000
112061  -7.140  -79.856  -16.146 1.0000000000
2765  -12.113  -83.040  -11.621 1.0000000000
2749  -11.794  -83.788  -11.105 1.0000000000
112652  -0.169  -77.566  -19.927 0.6999999881
109741  -0.154  -79.852  -18.776 0.6999999881
4348  -1.078  -80.655  -20.480 0.6000000238
127873  -6.506  -80.694  -17.233 1.0000000000
4315  -7.460  -80.432  -17.010 1.0000000000
2318  -12.453  -84.335  -10.825 0.8999999762
3818  -8.710  -81.025  -17.470 0.8999999762
2319  -12.773  -84.907  -10.776 0.8999999762
5951  -0.697  -77.119  -20.913 0.4000000060
111551  -10.729  -84.095  -14.983 0.8999999762
2343  -12.225  -84.693  -13.319 0.8999999762
1503  -12.489  -86.432  -10.924 0.8999999762
1879  -12.632  -85.617  -10.887 0.8999999762
113841  -12.476  -85.600  -12.072 0.8999999762
1515  -12.437  -86.190  -11.472 0.8999999762
1167  -12.435  -87.048  -11.351 0.8999999762
1925  -10.131  -84.828  -14.760 0.8999999762
854  -13.009  -87.919  -11.066 0.8999999762
1180  -12.679  -87.538  -11.374 0.8999999762
867  -12.764  -87.902  -11.827 0.8999999762
1179  -12.284  -87.600  -12.001 0.8999999762
116500  -13.003  -88.093  -12.353 0.8999999762
878  -10.961  -88.308  -13.168 0.8999999762
866  -12.229  -88.121  -12.505 0.8999999762
1211  -13.987  -87.994  -14.639 0.8000000119
948  -16.685  -88.077  -20.568 0.6000000238
118083  -16.448  -88.518  -21.271 0.5000000000
955  -15.653  -88.831  -21.820 0.4000000060
116182  0.525  -81.362  -4.219 0.8000000119
6965  -4.608  -75.131  -6.924 1.0000000000
6993  -1.525  -75.409  -9.445 1.0000000000
6994  -2.272  -75.390  -8.974 1.0000000000
6981  -4.693  -75.698  -7.805 1.0000000000
6365  -6.019  -76.333  -8.546 1.0000000000
110981  0.399  -80.441  -5.749 0.8000000119
4160  0.463  -80.579  -4.304 0.8000000119
128485  -0.924  -75.540  -9.661 1.0000000000
4711  0.230  -79.583  -5.665 0.8999999762
6381  -5.090  -76.385  -9.264 1.0000000000
6382  -6.779  -76.651  -9.163 1.0000000000
4751  0.149  -79.280  -8.188 1.0000000000
125894  0.180  -77.250  -9.113 1.0000000000
5819  0.001  -77.054  -9.959 1.0000000000
126868  -6.623  -76.912  -10.017 1.0000000000
5820  -7.372  -77.060  -9.793 1.0000000000
5821  -8.224  -77.357  -9.519 1.0000000000
5286  0.168  -77.964  -9.955 1.0000000000
5848  -6.413  -77.769  -11.145 1.0000000000
5314  -1.887  -77.645  -12.119 1.0000000000
5853  -3.734  -77.847  -11.938 1.0000000000
5301  -9.086  -78.513  -10.463 1.0000000000
4777  -9.578  -79.080  -10.927 1.0000000000
5331  -5.299  -78.599  -12.288 1.0000000000
5333  -7.203  -78.842  -12.189 1.0000000000
5318  -7.686  -78.540  -11.511 1.0000000000
4790  -8.136  -79.043  -12.019 1.0000000000
4791  -9.089  -79.345  -11.754 1.0000000000
4255  -9.021  -80.305  -13.045 1.0000000000
4809  -5.765  -79.167  -12.836 1.0000000000
3759  -10.176  -81.610  -13.328 1.0000000000
3740  -11.442  -81.541  -12.847 1.0000000000
4878  -0.952  -80.198  -17.173 0.6999999881
4868  -5.360  -79.669  -16.278 1.0000000000
4856  -6.701  -79.187  -15.588 1.0000000000
4857  -7.709  -79.371  -15.519 1.0000000000
4866  -3.494  -79.495  -16.627 0.8999999762
5388  -3.960  -78.927  -16.166 1.0000000000
4869  -6.242  -79.745  -16.128 1.0000000000
3220  -12.469  -82.219  -12.193 1.0000000000
4312  -3.944  -80.140  -17.078 1.0000000000
4858  -8.737  -79.485  -15.720 1.0000000000
3206  -12.827  -82.970  -11.719 1.0000000000
5942  0.245  -78.089  -18.999 0.6999999881
4882  0.125  -79.440  -17.868 0.6999999881
4325  -0.475  -80.021  -17.802 0.6999999881
4337  -0.894  -80.400  -18.448 0.6999999881
125155  -6.645  -80.230  -16.600 1.0000000000
4316  -8.458  -80.418  -17.067 1.0000000000
117543  -9.252  -80.517  -17.013 1.0000000000
117572  -10.073  -81.944  -16.709 0.8999999762
2751  -13.082  -83.454  -11.743 0.8999999762
111672  -12.981  -84.234  -11.283 0.8999999762
108340  0.015  -77.031  -19.058 0.6999999881
3805  -10.343  -81.143  -16.696 1.0000000000
2750  -12.689  -83.602  -11.290 1.0000000000
110433  -12.900  -85.037  -11.462 0.8999999762
3267  -11.186  -82.696  -15.506 0.8999999762
2789  -12.284  -83.337  -14.332 0.8999999762
6520  -0.394  -76.362  -20.152 0.4000000060
2356  -11.748  -84.500  -13.980 0.8999999762
2344  -12.906  -84.052  -12.902 0.8999999762
4697  0.283  -79.819  -3.951 0.6999999881
4125  0.222  -80.619  -2.522 0.6000000238
7555  -1.606  -74.250  -7.560 1.0000000000
7572  -3.159  -75.202  -7.784 1.0000000000
7557  -3.622  -74.912  -7.061 1.0000000000
6982  -5.732  -75.897  -7.668 1.0000000000
7570  -1.187  -74.547  -8.306 1.0000000000
7571  -2.148  -74.892  -8.217 1.0000000000
6967  -6.415  -75.245  -7.275 1.0000000000
6977  -0.860  -75.071  -8.987 1.0000000000
6983  -6.494  -76.025  -7.713 1.0000000000
108791  -7.960  -76.117  -8.008 1.0000000000
4736  0.117  -79.208  -7.286 1.0000000000
6364  0.112  -76.250  -8.803 1.0000000000
6383  -7.836  -76.770  -8.775 1.0000000000
5280  0.065  -78.500  -7.856 1.0000000000
117227  -0.013  -77.750  -7.522 1.0000000000
6384  -8.663  -77.124  -8.852 1.0000000000
5822  -9.093  -77.590  -9.235 1.0000000000
4764  0.122  -78.455  -8.860 1.0000000000
5287  -9.561  -78.200  -9.598 1.0000000000
4813  -9.722  -79.930  -12.359 1.0000000000
4257  -10.750  -80.382  -12.522 1.0000000000
4792  -10.152  -79.556  -11.474 1.0000000000
126948  -0.167  -77.317  -14.904 1.0000000000
5389  -4.862  -79.025  -15.940 1.0000000000
5386  -2.018  -78.987  -16.098 0.8999999762
5387  -3.021  -78.912  -16.253 0.8999999762
5390  -5.758  -79.109  -15.747 1.0000000000
5378  -8.380  -78.895  -14.944 1.0000000000
3760  -12.674  -80.981  -13.462 1.0000000000
109171  -11.662  -80.703  -12.713 1.0000000000
4859  -9.694  -79.525  -15.968 1.0000000000
112615  -12.860  -81.804  -12.845 1.0000000000
3221  -13.041  -82.689  -12.203 1.0000000000
124939  0.107  -77.403  -17.433 0.6999999881
5914  0.101  -78.172  -17.048 0.6999999881
5384  -0.128  -78.868  -16.424 0.8000000119
4864  -1.053  -79.747  -16.557 0.8000000119
4870  -8.098  -79.960  -16.303 1.0000000000
4318  -10.517  -80.449  -16.456 1.0000000000
3806  -11.088  -80.952  -16.251 1.0000000000
6496  -0.247  -76.007  -19.081 0.6999999881
112459  -11.943  -81.779  -15.368 1.0000000000
3268  -12.025  -82.567  -14.913 0.8999999762
120493  -10.803  -81.665  -16.313 1.0000000000
2332  -13.140  -84.130  -11.974 0.8999999762
7112  -0.384  -75.463  -19.908 0.6000000238
1899  -12.756  -84.858  -12.441 0.8999999762
123047  0.233  -80.023  -3.084 0.6000000238
8160  -2.186  -73.889  -6.851 1.0000000000
7559  -6.587  -74.135  -7.527 1.0000000000
113366  0.385  -80.086  -4.909 0.8999999762
7554  -0.894  -74.068  -7.595 1.0000000000
5261  -0.035  -78.224  -6.201 1.0000000000
5235  0.171  -79.243  -4.789 0.8999999762
6336  -0.224  -75.901  -7.000 1.0000000000
119217  -0.112  -75.146  -7.658 1.0000000000
6968  -7.139  -74.624  -7.764 1.0000000000
6984  -7.190  -75.670  -7.674 1.0000000000
5795  0.030  -77.017  -8.123 1.0000000000
6350  0.050  -76.048  -7.899 1.0000000000
5823  -10.010  -77.693  -8.909 1.0000000000
5302  -10.100  -78.799  -10.077 1.0000000000
4779  -11.740  -79.348  -10.499 1.0000000000
4793  -11.277  -79.659  -11.273 1.0000000000
7017  -3.413  -75.420  -13.053 1.0000000000
4240  -11.764  -80.017  -12.091 1.0000000000
6448  -1.084  -76.998  -13.903 1.0000000000
7033  -4.233  -75.548  -13.583 1.0000000000
7034  -5.807  -75.353  -14.099 1.0000000000
5375  -5.280  -78.369  -15.587 1.0000000000
5376  -6.192  -78.404  -15.401 1.0000000000
5304  -12.017  -78.959  -9.955 1.0000000000
4780  -12.419  -79.114  -10.694 1.0000000000
7044  -0.199  -75.984  -13.949 1.0000000000
126224  -2.607  -78.577  -15.803 0.8999999762
5374  -4.358  -78.351  -15.698 1.0000000000
108764  -10.140  -78.624  -14.590 1.0000000000
4258  -12.253  -80.375  -12.713 1.0000000000
3742  -12.396  -80.941  -13.113 1.0000000000
5373  -3.409  -78.427  -15.766 0.8999999762
5379  -9.440  -79.049  -15.155 1.0000000000
5380  -10.511  -79.112  -15.380 1.0000000000
5901  -3.675  -77.736  -15.253 1.0000000000
112324  -12.986  -81.805  -13.609 1.0000000000
6472  0.097  -77.213  -16.690 0.8000000119
5907  0.054  -78.150  -15.969 0.8000000119
5371  -1.111  -78.908  -15.654 0.8000000119
4301  -12.014  -80.160  -15.395 1.0000000000
3236  -13.103  -82.542  -12.999 1.0000000000
3269  -12.657  -81.838  -14.538 1.0000000000
2790  -12.903  -83.299  -13.408 0.8999999762
2776  -13.130  -83.320  -12.452 0.8999999762
108190  -0.068  -76.076  -17.110 0.8000000119
7077  -0.140  -75.603  -18.136 0.6999999881
113007  -0.047  -75.216  -17.370 0.8000000119
130043  -0.373  -74.186  -19.850 0.5000000000
4114  -0.060  -80.360  -1.577 0.5000000000
4679  -0.017  -79.256  -3.165 0.6000000238
8145  -1.774  -73.076  -6.439 1.0000000000
110317  -4.190  -74.317  -6.534 1.0000000000
8162  -4.771  -73.391  -6.639 1.0000000000
5236  -0.091  -78.415  -4.728 0.8000000119
4698  0.002  -78.847  -3.977 0.6999999881
8158  -0.728  -73.705  -6.800 1.0000000000
8159  -1.253  -73.613  -6.944 1.0000000000
8161  -3.190  -74.175  -6.664 1.0000000000
5772  -0.185  -77.922  -5.424 1.0000000000
124662  -0.194  -74.986  -6.808 1.0000000000
6963  -0.468  -74.419  -7.273 1.0000000000
7556  -2.641  -74.621  -7.313 1.0000000000
7558  -5.865  -74.343  -7.098 1.0000000000
8164  -6.396  -73.293  -7.584 1.0000000000
110595  -0.222  -77.412  -6.164 1.0000000000
112317  -0.158  -76.927  -7.099 1.0000000000
109872  -7.948  -75.025  -8.094 1.0000000000
7574  -9.084  -73.918  -9.280 1.0000000000
6985  -8.798  -75.742  -8.289 1.0000000000
6368  -9.720  -76.397  -8.556 1.0000000000
119776  -8.704  -74.764  -8.623 1.0000000000
6986  -9.636  -75.152  -8.836 1.0000000000
6385  -10.656  -76.711  -8.822 1.0000000000
6987  -10.367  -75.911  -8.882 1.0000000000
121699  -10.949  -77.571  -8.953 1.0000000000
7018  -4.252  -74.930  -12.935 1.0000000000
6998  -10.583  -75.135  -9.343 1.0000000000
5824  -11.703  -77.744  -9.533 1.0000000000
5303  -11.162  -79.008  -9.835 1.0000000000
108928  -11.066  -75.212  -9.839 1.0000000000
6999  -10.982  -76.037  -9.303 1.0000000000
5290  -12.048  -78.375  -9.796 1.0000000000
7618  -7.351  -74.494  -13.547 1.0000000000
7607  -10.078  -74.913  -12.014 1.0000000000
7020  -9.943  -75.772  -12.082 1.0000000000
6398  -11.678  -77.044  -10.587 1.0000000000
5839  -12.203  -77.962  -10.040 1.0000000000
4241  -12.394  -79.686  -12.158 1.0000000000
6430  -1.146  -76.183  -13.407 1.0000000000
7047  -6.481  -75.833  -14.455 1.0000000000
5904  -6.454  -77.697  -15.074 1.0000000000
5377  -7.232  -78.384  -14.978 1.0000000000
6415  -10.483  -77.039  -12.045 1.0000000000
6399  -12.077  -77.660  -11.127 1.0000000000
5320  -12.655  -78.835  -11.056 1.0000000000
4794  -12.211  -79.517  -11.301 1.0000000000
5342  -11.852  -78.159  -12.925 1.0000000000
4815  -12.581  -79.397  -12.362 1.0000000000
4259  -12.501  -80.157  -12.939 1.0000000000
5888  -3.487  -77.150  -14.702 1.0000000000
5902  -4.790  -77.689  -15.335 1.0000000000
5903  -5.673  -77.686  -15.282 1.0000000000
120533  -11.111  -78.667  -14.724 1.0000000000
6456  0.111  -76.621  -15.098 1.0000000000
5886  -0.683  -77.544  -14.614 0.8999999762
4861  -11.757  -79.584  -15.355 1.0000000000
3780  -12.777  -81.143  -14.254 1.0000000000
117220  0.071  -77.375  -15.548 0.8000000119
5899  -0.984  -78.336  -14.981 0.8999999762
5372  -1.832  -78.518  -15.452 0.8999999762
4302  -12.533  -80.494  -14.876 1.0000000000
118874  0.137  -76.420  -16.057 0.8000000119
3795  -12.499  -81.219  -15.019 1.0000000000
115610  0.072  -75.405  -16.514 0.8000000119
7674  0.004  -74.657  -18.155 0.6000000238
7685  -0.090  -73.893  -19.109 0.5000000000
8273  0.172  -73.840  -18.136 0.6999999881
4649  -0.373  -79.774  -0.816 0.5000000000
110498  -0.385  -78.868  -2.423 0.6000000238
113167  -0.398  -78.311  -3.231 0.6999999881
8143  -0.682  -73.377  -6.001 1.0000000000
8146  -2.772  -73.282  -6.400 1.0000000000
8758  -4.523  -72.763  -6.390 1.0000000000
6954  -0.495  -74.990  -5.949 1.0000000000
8163  -5.620  -73.219  -7.145 1.0000000000
108990  -0.413  -77.043  -5.361 1.0000000000
6316  -0.632  -75.991  -5.370 1.0000000000
126884  -6.258  -72.763  -7.409 1.0000000000
6326  -0.357  -76.508  -6.193 1.0000000000
8171  -7.070  -73.343  -8.195 1.0000000000
8165  -6.824  -72.667  -7.879 1.0000000000
110868  -7.603  -73.924  -8.393 1.0000000000
123140  -7.857  -73.157  -8.756 1.0000000000
7577  -10.133  -74.172  -9.543 1.0000000000
108863  -8.717  -73.135  -9.239 1.0000000000
5838  -11.807  -77.293  -9.916 1.0000000000
7603  -5.156  -74.362  -12.832 1.0000000000
7578  -10.703  -73.672  -10.144 1.0000000000
7581  -10.982  -74.290  -10.487 1.0000000000
7006  -10.611  -75.525  -11.418 1.0000000000
5850  -12.395  -78.215  -10.725 1.0000000000
117987  -2.699  -75.253  -12.690 1.0000000000
121833  -8.534  -75.737  -13.348 1.0000000000
7019  -9.326  -75.869  -12.694 1.0000000000
4795  -12.612  -79.185  -11.511 1.0000000000
5891  -6.680  -77.105  -14.826 1.0000000000
5893  -8.195  -77.433  -13.954 1.0000000000
5869  -8.942  -77.504  -13.481 1.0000000000
110971  -9.678  -77.566  -13.169 1.0000000000
5870  -10.667  -77.905  -13.193 1.0000000000
5343  -12.564  -78.899  -12.910 1.0000000000
116725  -2.034  -76.499  -13.564 1.0000000000
6451  -4.867  -76.396  -14.627 1.0000000000
124644  -5.607  -76.579  -14.827 1.0000000000
5892  -7.409  -77.391  -14.550 1.0000000000
5359  -8.145  -78.161  -14.358 1.0000000000
116757  -8.776  -78.013  -13.904 1.0000000000
5894  -9.702  -78.148  -13.744 1.0000000000
5341  -10.829  -78.328  -14.008 1.0000000000
4830  -12.585  -79.657  -13.248 1.0000000000
6449  -1.919  -77.180  -14.094 1.0000000000
112086  -3.887  -76.581  -14.404 1.0000000000
4841  -12.094  -79.178  -14.706 1.0000000000
6446  0.143  -75.790  -14.574 1.0000000000
7051  0.205  -75.688  -15.549 0.8999999762
7631  0.211  -74.753  -15.955 0.8000000119
7649  0.078  -74.317  -17.052 0.8000000119
129062  0.336  -73.621  -15.684 0.8000000119
5150  -0.461  -78.709  1.241 0.5000000000
113539  -0.324  -78.061  1.747 0.5000000000
116659  -0.572  -77.965  0.947 0.5000000000
126861  -0.564  -79.058  -0.824 0.6000000238
8755  -1.551  -72.765  -5.718 1.0000000000
5207  -0.705  -78.078  -2.377 0.6999999881
8130  -0.974  -72.888  -5.495 1.0000000000
8757  -3.472  -72.730  -6.134 1.0000000000
8740  -4.102  -72.271  -5.877 1.0000000000
8774  -5.193  -72.816  -6.888 1.0000000000
6300  -1.223  -76.831  -3.025 0.8999999762
6943  -0.759  -74.971  -5.056 1.0000000000
8756  -2.469  -72.652  -5.992 1.0000000000
117176  -0.704  -76.753  -4.517 1.0000000000
6923  -0.980  -75.776  -4.274 1.0000000000
8147  -3.816  -73.412  -6.418 1.0000000000
8775  -7.421  -72.263  -7.651 1.0000000000
8785  -7.566  -72.672  -8.338 1.0000000000
7573  -8.212  -73.843  -8.872 1.0000000000
126946  -10.797  -74.448  -9.829 1.0000000000
116289  -10.948  -73.454  -10.778 1.0000000000
125637  -8.336  -74.061  -13.115 1.0000000000
8211  -10.267  -73.901  -12.161 1.0000000000
6407  -11.257  -77.154  -11.456 1.0000000000
7035  -6.746  -75.081  -13.951 1.0000000000
5334  -12.448  -78.465  -12.229 1.0000000000
7030  -1.667  -75.849  -13.169 1.0000000000
7031  -2.500  -75.768  -13.131 1.0000000000
6432  -7.923  -76.011  -13.863 1.0000000000
6435  -10.090  -77.273  -12.640 1.0000000000
5854  -11.062  -77.565  -12.345 1.0000000000
7032  -3.342  -76.126  -13.697 1.0000000000
7046  -5.671  -76.020  -14.548 1.0000000000
6452  -6.246  -76.483  -14.764 1.0000000000
6453  -6.993  -76.496  -14.581 1.0000000000
6450  -2.880  -76.853  -14.193 1.0000000000
7614  -0.104  -74.766  -13.305 1.0000000000
7626  0.271  -74.787  -14.496 1.0000000000
8233  0.321  -73.815  -14.376 1.0000000000
8258  0.219  -73.424  -16.783 0.6999999881
125055  0.213  -73.232  -17.661 0.6000000238
8284  0.003  -72.958  -18.818 0.4000000060
8898  0.056  -72.287  -18.206 0.5000000000
5719  -0.967  -77.806  -0.834 0.6000000238
125760  -0.811  -77.578  -2.916 0.8000000119
5733  -0.897  -77.898  -1.635 0.6000000238
8738  -2.335  -72.570  -5.112 1.0000000000
9379  -3.928  -72.069  -5.236 1.0000000000
8741  -4.719  -72.117  -5.361 1.0000000000
8728  -5.650  -72.313  -5.033 1.0000000000
6308  -1.514  -76.031  -3.391 1.0000000000
8739  -3.225  -72.339  -5.438 1.0000000000
113228  -6.691  -72.091  -6.366 1.0000000000
8760  -5.992  -72.134  -6.544 1.0000000000
8761  -6.584  -72.286  -7.169 1.0000000000
8776  -8.262  -72.240  -8.109 1.0000000000
8786  -8.427  -72.671  -8.813 1.0000000000
8172  -9.959  -73.190  -9.697 1.0000000000
8831  -9.099  -72.898  -12.519 1.0000000000
110787  -10.825  -73.688  -11.362 1.0000000000
8225  -6.971  -73.862  -13.142 1.0000000000
8209  -8.455  -73.543  -12.843 1.0000000000
8184  -10.805  -72.911  -11.174 1.0000000000
7015  -1.185  -75.467  -12.953 1.0000000000
8193  -5.563  -73.271  -11.880 1.0000000000
7616  -5.902  -74.667  -13.543 1.0000000000
7617  -6.614  -74.391  -13.482 1.0000000000
7605  -8.983  -75.014  -12.910 1.0000000000
116532  -9.563  -75.209  -12.486 1.0000000000
7014  -0.594  -75.569  -13.445 1.0000000000
7601  -3.326  -74.762  -12.417 1.0000000000
8819  -6.214  -72.320  -11.323 1.0000000000
7619  -8.232  -74.649  -13.321 1.0000000000
7048  -7.293  -75.834  -14.245 1.0000000000
7598  -0.695  -74.855  -12.816 1.0000000000
7599  -1.356  -74.813  -12.294 1.0000000000
118451  -2.757  -74.329  -11.821 1.0000000000
120446  -0.140  -74.171  -12.707 1.0000000000
8224  0.243  -73.835  -13.415 1.0000000000
127945  0.320  -73.286  -13.911 0.8999999762
8884  0.212  -72.494  -17.199 0.8000000119
8257  0.314  -73.054  -16.113 0.8000000119
112098  -0.803  -76.729  2.715 0.5000000000
5699  -0.745  -77.442  1.536 0.5000000000
6269  -0.966  -77.346  0.837 0.6000000238
125074  -0.882  -76.925  1.999 0.6000000238
6261  -1.238  -76.701  1.278 0.6000000238
5720  -1.454  -77.076  -0.506 0.6000000238
6270  -1.379  -76.884  0.352 0.6000000238
5742  -1.161  -77.279  -2.242 0.8000000119
8726  -2.252  -73.702  -3.974 1.0000000000
123513  -2.610  -73.182  -4.088 1.0000000000
9377  -2.938  -72.388  -4.537 1.0000000000
6918  -1.723  -75.416  -2.851 1.0000000000
6931  -1.553  -74.280  -4.059 1.0000000000
8716  -5.617  -72.845  -4.042 1.0000000000
8713  -1.954  -73.968  -3.363 1.0000000000
9365  -3.104  -72.674  -3.624 1.0000000000
9357  -3.279  -72.446  -3.281 1.0000000000
8727  -4.964  -72.266  -4.602 1.0000000000
8742  -6.296  -72.191  -5.687 1.0000000000
8743  -7.292  -72.562  -5.552 1.0000000000
8092  -1.600  -73.733  -2.567 1.0000000000
9354  -1.755  -73.177  -2.106 1.0000000000
9356  -2.690  -72.469  -2.604 1.0000000000
9345  -3.466  -72.203  -2.954 1.0000000000
8715  -4.627  -72.439  -3.944 1.0000000000
121850  -7.407  -72.148  -6.647 1.0000000000
9343  -1.658  -72.099  -1.938 1.0000000000
124253  -4.925  -73.333  -2.621 1.0000000000
8744  -8.248  -72.613  -5.915 1.0000000000
8762  -8.280  -72.155  -7.032 1.0000000000
7602  -4.224  -74.313  -12.295 1.0000000000
8777  -9.258  -72.255  -8.520 1.0000000000
108739  -10.268  -72.270  -7.640 1.0000000000
8173  -10.492  -72.349  -9.754 1.0000000000
8821  -8.633  -72.266  -12.088 1.0000000000
8778  -10.478  -72.080  -8.765 1.0000000000
8798  -10.819  -71.881  -10.056 1.0000000000
8788  -11.429  -71.692  -8.362 1.0000000000
9443  -9.824  -71.610  -11.266 1.0000000000
9433  -10.877  -71.408  -10.312 1.0000000000
110768  -11.769  -71.238  -8.865 1.0000000000
7584  -0.727  -74.291  -12.169 1.0000000000
111691  -6.782  -72.580  -11.845 1.0000000000
9442  -9.038  -71.782  -11.646 1.0000000000
10058  -10.673  -70.795  -10.279 1.0000000000
10032  -12.026  -70.588  -8.439 1.0000000000
7585  -1.188  -74.262  -11.706 1.0000000000
8817  -4.700  -73.160  -11.396 1.0000000000
9440  -7.040  -71.911  -11.281 1.0000000000
9441  -8.114  -71.780  -11.481 1.0000000000
9431  -8.748  -71.202  -11.039 1.0000000000
118039  -9.554  -70.965  -10.771 1.0000000000
9434  -11.194  -70.726  -9.875 1.0000000000
10765  -11.094  -69.987  -9.373 1.0000000000
129900  -2.322  -73.969  -11.379 1.0000000000
110285  -3.837  -73.287  -11.217 1.0000000000
10056  -8.929  -70.560  -10.441 1.0000000000
10057  -9.925  -70.464  -10.292 1.0000000000
118082  -4.265  -72.184  -10.522 1.0000000000
8811  -6.290  -71.841  -10.872 1.0000000000
10043  -9.080  -70.019  -9.790 1.0000000000
10044  -10.090  -69.876  -9.623 1.0000000000
8206  -0.238  -73.761  -12.111 1.0000000000
8205  0.153  -73.366  -12.596 1.0000000000
8843  0.306  -72.755  -13.405 1.0000000000
8883  0.281  -71.978  -16.500 0.6999999881
9465  0.400  -71.830  -14.884 0.8999999762
112087  0.348  -73.320  -15.231 0.8999999762
9505  -0.403  -71.352  -18.499 0.6000000238
8897  0.024  -71.466  -17.563 0.6000000238
6240  -0.727  -76.429  3.544 0.5000000000
6279  -1.726  -76.299  -0.210 0.6000000238
6909  -1.831  -75.683  -1.860 0.8000000119
9367  -4.109  -72.088  -4.574 1.0000000000
9355  -2.072  -72.550  -2.270 1.0000000000
8729  -6.697  -73.040  -4.588 1.0000000000
8706  -9.665  -72.915  -2.746 1.0000000000
9342  -1.313  -72.412  -1.951 1.0000000000
9344  -2.285  -72.102  -2.264 1.0000000000
8093  -4.736  -73.646  -1.761 1.0000000000
129071  -7.496  -73.221  -4.796 1.0000000000
8132  -8.989  -73.382  -5.266 1.0000000000
8097  -9.233  -73.790  -3.031 1.0000000000
8745  -9.212  -72.734  -6.207 1.0000000000
8122  -10.283  -73.367  -4.852 1.0000000000
8717  -9.923  -73.305  -3.517 1.0000000000
8148  -10.273  -72.764  -6.379 1.0000000000
118080  -11.005  -72.365  -6.855 1.0000000000
8764  -11.427  -72.113  -6.379 1.0000000000
128915  -11.021  -72.060  -7.780 1.0000000000
8779  -11.546  -71.754  -7.352 1.0000000000
9430  -7.647  -71.274  -10.841 1.0000000000
9403  -12.064  -70.627  -7.676 1.0000000000
8807  -2.595  -72.503  -10.220 1.0000000000
8183  -4.062  -72.749  -10.855 1.0000000000
10743  -11.387  -69.746  -7.445 1.0000000000
8189  -1.534  -73.830  -11.165 1.0000000000
10024  -11.945  -69.974  -7.914 1.0000000000
8188  -0.716  -73.705  -11.489 1.0000000000
8179  -1.004  -73.371  -10.829 1.0000000000
8190  -2.331  -73.517  -10.897 1.0000000000
8810  -5.611  -72.095  -10.835 1.0000000000
9429  -6.721  -71.343  -10.592 1.0000000000
10055  -8.130  -70.786  -10.492 1.0000000000
117846  -10.509  -69.383  -7.931 1.0000000000
8816  -0.473  -73.000  -11.014 1.0000000000
8827  0.204  -72.410  -12.324 1.0000000000
10110  0.114  -70.588  -16.274 0.8999999762
9452  0.346  -71.870  -14.027 0.8999999762
10111  -0.417  -70.051  -17.113 0.6000000238
6867  -1.178  -75.731  3.788 0.5000000000
6252  -1.295  -76.305  2.133 0.5000000000
6888  -1.527  -75.858  1.470 0.6000000238
6877  -1.283  -76.037  2.961 0.5000000000
6894  -1.610  -76.149  0.650 0.6000000238
116939  -1.638  -75.508  0.109 0.8000000119
9324  -7.296  -72.246  -0.624 1.0000000000
9332  -7.922  -71.579  -1.097 1.0000000000
7501  -1.526  -74.743  -1.349 1.0000000000
7491  -1.367  -74.723  -0.393 0.8000000119
8074  -7.108  -73.307  -0.860 1.0000000000
125445  -8.420  -72.222  -1.495 1.0000000000
129149  -6.376  -73.640  -3.723 1.0000000000
8081  -7.699  -73.837  -1.534 1.0000000000
8705  -8.938  -73.402  -2.338 1.0000000000
9333  -9.048  -72.320  -2.107 1.0000000000
8091  -1.160  -72.951  -2.071 1.0000000000
110025  -5.785  -73.721  -3.086 1.0000000000
8118  -7.022  -73.967  -3.741 1.0000000000
8094  -5.577  -74.133  -2.099 1.0000000000
8108  -8.435  -74.163  -3.355 1.0000000000
8120  -8.708  -73.788  -4.367 1.0000000000
12098  -2.149  -67.873  -4.257 1.0000000000
130711  -10.711  -72.368  -3.899 1.0000000000
11448  -1.678  -68.248  -6.371 1.0000000000
8718  -10.550  -72.964  -4.162 1.0000000000
8730  -10.893  -72.943  -5.075 1.0000000000
9368  -10.977  -72.234  -4.507 1.0000000000
8747  -11.276  -72.294  -5.486 1.0000000000
9369  -11.220  -71.579  -5.119 1.0000000000
9387  -11.742  -71.357  -6.749 1.0000000000
9380  -11.545  -71.527  -5.939 1.0000000000
10735  -1.953  -69.203  -7.718 1.0000000000
116178  -11.622  -70.737  -6.462 1.0000000000
9401  -1.042  -70.755  -8.997 1.0000000000
10054  -7.252  -70.704  -10.133 1.0000000000
10017  -11.363  -70.127  -6.762 1.0000000000
8808  -3.506  -72.326  -10.418 1.0000000000
9428  -5.868  -71.458  -10.414 1.0000000000
9416  -6.286  -70.883  -10.011 1.0000000000
10042  -8.141  -70.308  -9.942 1.0000000000
127605  -9.847  -69.394  -8.436 1.0000000000
8804  -0.364  -72.337  -10.666 1.0000000000
124833  0.211  -71.595  -12.384 1.0000000000
10095  0.275  -70.666  -15.380 0.8999999762
9447  0.263  -71.028  -12.811 1.0000000000
129233  0.376  -71.284  -15.121 0.8999999762
110355  0.286  -71.760  -13.129 1.0000000000
7430  -1.590  -74.140  5.614 0.5000000000
6838  -1.365  -74.892  5.120 0.5000000000
8027  -1.847  -73.326  3.363 0.6999999881
118567  -1.864  -74.043  3.972 0.6000000238
7440  -1.773  -74.160  4.732 0.6000000238
6878  -1.513  -75.499  2.297 0.6999999881
8040  -1.520  -73.620  2.568 0.8000000119
8053  -1.270  -73.758  1.763 0.8000000119
7485  -1.305  -74.695  0.511 0.8000000119
129959  -1.518  -75.444  0.853 0.8000000119
9309  -5.555  -71.607  0.989 1.0000000000
9323  -6.809  -71.736  -0.046 1.0000000000
123461  -0.776  -72.863  0.446 0.8000000119
7473  -1.058  -73.779  0.903 0.8000000119
9958  -5.004  -70.898  1.426 1.0000000000
121010  -5.715  -73.264  0.162 1.0000000000
8685  -6.573  -72.860  -0.177 1.0000000000
8070  -0.688  -72.882  -0.416 1.0000000000
7490  -0.873  -73.831  -0.899 0.8999999762
9358  -3.773  -72.198  -3.749 1.0000000000
115329  -8.729  -71.409  -1.643 1.0000000000
8079  -0.839  -72.913  -1.359 1.0000000000
9346  -4.307  -72.599  -3.174 1.0000000000
8066  -5.376  -73.794  -0.294 1.0000000000
8073  -6.269  -73.755  -0.593 1.0000000000
9334  -9.366  -71.393  -2.142 1.0000000000
9329  -1.087  -72.042  -1.561 1.0000000000
9331  -2.064  -71.984  -1.552 1.0000000000
8703  -3.052  -72.323  -1.928 1.0000000000
112807  -6.921  -73.997  -1.196 1.0000000000
9347  -9.884  -71.904  -2.590 1.0000000000
9984  -10.013  -70.954  -2.441 1.0000000000
9330  -1.424  -71.943  -1.308 1.0000000000
7515  -6.404  -74.421  -1.902 1.0000000000
8082  -8.343  -73.855  -2.077 1.0000000000
11406  -2.903  -68.456  -3.959 1.0000000000
9348  -10.492  -71.414  -2.985 1.0000000000
9359  -10.741  -71.775  -3.715 1.0000000000
11426  -3.405  -69.018  -4.085 1.0000000000
10691  -5.082  -69.489  -4.546 1.0000000000
10725  -2.137  -68.537  -6.415 1.0000000000
112867  -3.027  -68.713  -4.401 1.0000000000
10712  -3.445  -68.738  -5.699 1.0000000000
115884  -3.976  -68.814  -6.337 1.0000000000
10713  -4.513  -69.153  -5.439 1.0000000000
10714  -5.610  -69.472  -5.210 1.0000000000
10692  -5.878  -69.558  -4.353 1.0000000000
10734  -1.314  -69.319  -7.985 1.0000000000
114821  -4.698  -68.967  -6.529 1.0000000000
10010  -11.370  -71.021  -5.628 1.0000000000
114781  -10.960  -70.936  -4.984 1.0000000000
120022  -2.251  -68.839  -7.060 1.0000000000
10737  -4.069  -68.967  -7.251 1.0000000000
10715  -6.422  -69.446  -5.796 1.0000000000
10009  -10.965  -70.434  -5.885 1.0000000000
10038  -2.919  -70.624  -9.191 1.0000000000
10030  -4.297  -69.829  -8.754 1.0000000000
10750  -4.720  -69.308  -8.085 1.0000000000
10738  -5.311  -69.078  -7.271 1.0000000000
10751  -5.687  -69.398  -8.142 1.0000000000
124455  -8.448  -69.497  -8.450 1.0000000000
9410  -0.933  -71.390  -9.545 1.0000000000
123421  -1.259  -72.066  -9.799 1.0000000000
9411  -1.495  -71.307  -9.324 1.0000000000
10040  -4.833  -70.360  -9.292 1.0000000000
10760  -6.122  -69.805  -8.805 1.0000000000
10041  -6.530  -70.292  -9.478 1.0000000000
10762  -8.122  -69.798  -9.162 1.0000000000
10753  -7.543  -69.539  -8.370 1.0000000000
9409  -0.492  -71.301  -9.947 1.0000000000
123094  0.040  -71.939  -10.981 1.0000000000
9439  0.122  -71.788  -11.638 1.0000000000
128402  0.214  -69.860  -12.892 0.8999999762
110688  0.324  -70.937  -13.707 1.0000000000
110207  0.290  -70.340  -14.572 0.8999999762
10830  -0.694  -69.190  -17.007 0.5000000000
8611  -2.122  -72.551  5.433 0.5000000000
125046  -2.188  -72.606  3.865 0.6999999881
6857  -1.565  -74.889  4.129 0.5000000000
7451  -1.662  -74.291  3.284 0.6000000238
9947  -3.658  -70.608  1.843 1.0000000000
7463  -1.510  -74.534  2.434 0.8000000119
9322  -6.287  -71.094  0.447 1.0000000000
9970  -6.981  -70.604  -0.117 1.0000000000
9948  -4.236  -71.243  1.743 1.0000000000
126754  -5.189  -72.700  0.819 1.0000000000
120271  -7.388  -71.328  -0.504 1.0000000000
9975  -7.636  -70.634  -0.805 1.0000000000
8672  -4.156  -72.892  0.988 1.0000000000
9976  -8.357  -70.617  -1.307 1.0000000000
8671  -3.307  -72.905  0.631 1.0000000000
8683  -2.622  -72.430  -0.822 1.0000000000
8684  -3.296  -73.075  -0.110 1.0000000000
8072  -4.641  -73.756  -0.268 1.0000000000
7502  -5.268  -74.100  -1.290 1.0000000000
9978  -10.150  -70.054  -2.330 1.0000000000
8071  -3.973  -73.465  -0.506 1.0000000000
12777  -1.266  -66.871  -4.222 1.0000000000
11407  -3.665  -68.797  -3.595 1.0000000000
10659  -10.460  -69.236  -2.285 1.0000000000
11409  -5.554  -68.814  -3.220 1.0000000000
126195  -10.831  -69.750  -2.684 1.0000000000
10673  -5.236  -69.361  -3.813 1.0000000000
10674  -6.182  -69.244  -3.696 1.0000000000
9993  -10.781  -70.793  -3.492 1.0000000000
10711  -2.681  -68.551  -5.867 1.0000000000
11410  -7.083  -69.044  -3.642 1.0000000000
10724  -1.635  -68.671  -7.173 1.0000000000
119154  -6.323  -69.628  -4.911 1.0000000000
10718  -9.445  -70.011  -5.259 1.0000000000
10727  -7.116  -69.422  -6.535 1.0000000000
10717  -8.096  -69.658  -5.293 1.0000000000
110677  -10.063  -70.091  -5.770 1.0000000000
10719  -10.411  -70.317  -5.051 1.0000000000
10749  -3.669  -69.374  -8.148 1.0000000000
10739  -6.169  -69.278  -7.621 1.0000000000
115083  -6.253  -69.206  -6.862 1.0000000000
115082  -8.698  -69.483  -6.905 1.0000000000
10729  -9.485  -69.785  -6.291 1.0000000000
10730  -10.540  -69.751  -6.722 1.0000000000
10748  -2.602  -69.584  -8.222 1.0000000000
115091  -7.771  -69.435  -7.010 1.0000000000
10754  -9.236  -69.357  -7.953 1.0000000000
10742  -9.700  -69.468  -7.184 1.0000000000
10029  -3.298  -69.969  -8.755 1.0000000000
10031  -5.232  -69.792  -8.727 1.0000000000
10752  -6.588  -69.493  -8.253 1.0000000000
10741  -8.114  -69.421  -7.725 1.0000000000
10036  -0.687  -70.767  -9.417 1.0000000000
10035  -0.228  -70.646  -9.978 1.0000000000
10053  0.015  -70.486  -10.739 1.0000000000
10778  0.127  -70.373  -11.587 1.0000000000
10070  0.203  -70.378  -12.397 1.0000000000
112949  0.255  -69.861  -13.742 0.8999999762
10801  0.133  -69.405  -14.791 0.8000000119
126104  -3.155  -71.009  2.006 1.0000000000
10638  -4.971  -69.850  1.144 1.0000000000
8039  -1.670  -72.926  2.622 0.6999999881
8052  -1.382  -72.985  1.965 0.8000000119
8656  -1.201  -72.446  1.358 0.8000000119
129382  -3.584  -71.383  1.870 1.0000000000
112973  -0.756  -72.146  0.116 0.8999999762
8658  -3.349  -72.570  1.286 1.0000000000
8065  -4.818  -73.460  0.348 1.0000000000
10656  -7.904  -69.898  -1.096 1.0000000000
9320  -0.961  -71.892  0.104 1.0000000000
129209  -1.254  -71.899  -0.027 1.0000000000
8670  -2.466  -72.573  0.156 1.0000000000
10657  -8.692  -69.730  -1.401 1.0000000000
9977  -9.247  -70.492  -1.889 1.0000000000
10658  -9.565  -69.495  -1.810 1.0000000000
129481  -0.877  -71.960  -0.306 1.0000000000
110547  -1.078  -71.899  -0.651 1.0000000000
9321  -1.727  -71.969  -0.558 1.0000000000
12764  -2.089  -66.935  -3.216 1.0000000000
12078  -3.204  -68.001  -3.272 1.0000000000
11389  -4.010  -68.170  -2.991 1.0000000000
12096  -1.164  -67.105  -5.017 1.0000000000
10664  -11.290  -69.113  -2.794 1.0000000000
113952  -6.473  -68.597  -3.208 1.0000000000
12111  -1.288  -67.548  -5.576 1.0000000000
124526  -7.236  -68.368  -3.270 1.0000000000
11447  -1.337  -68.219  -6.836 1.0000000000
11431  -11.525  -68.564  -3.713 1.0000000000
10676  -11.570  -69.001  -3.357 1.0000000000
10690  -3.549  -68.984  -4.751 1.0000000000
11428  -7.758  -69.372  -4.057 1.0000000000
10697  -10.354  -69.825  -4.457 1.0000000000
10000  -10.783  -70.587  -4.288 1.0000000000
10723  -1.331  -68.751  -7.584 1.0000000000
10716  -7.330  -69.603  -5.603 1.0000000000
10733  -1.130  -69.090  -7.970 1.0000000000
108292  -6.893  -69.670  -5.027 1.0000000000
10736  -2.909  -69.106  -7.503 1.0000000000
10746  -0.994  -69.588  -8.369 1.0000000000
109648  -0.856  -70.174  -8.882 1.0000000000
10740  -7.062  -69.388  -7.512 1.0000000000
10759  -0.448  -70.084  -9.464 1.0000000000
10779  0.018  -69.668  -11.163 1.0000000000
10788  0.118  -69.506  -12.150 1.0000000000
11488  0.118  -68.842  -14.097 0.8000000119
9274  -2.127  -71.799  3.523 0.6000000238
10622  -2.360  -69.921  2.365 0.8999999762
9946  -3.015  -70.191  2.020 1.0000000000
10624  -3.564  -69.716  1.590 1.0000000000
9925  -1.934  -70.955  3.478 0.6000000238
9284  -1.892  -71.925  2.976 0.8000000119
113402  -2.883  -70.940  2.139 0.8999999762
10637  -4.163  -69.370  1.115 1.0000000000
9959  -5.705  -70.465  0.904 1.0000000000
9293  -1.700  -72.129  1.949 0.8000000119
9969  -6.242  -70.066  0.309 1.0000000000
10650  -6.734  -69.657  -0.125 1.0000000000
9294  -1.908  -71.939  1.879 0.8999999762
9296  -2.977  -71.907  1.811 1.0000000000
10651  -7.361  -69.899  -0.594 1.0000000000
9305  -1.096  -72.116  0.940 0.8999999762
9306  -1.321  -72.105  0.727 1.0000000000
10652  -8.045  -69.055  -1.046 1.0000000000
9295  -2.226  -72.116  1.567 1.0000000000
129988  -7.631  -69.471  -0.879 1.0000000000
11378  -9.006  -68.859  -1.320 1.0000000000
124019  -8.699  -67.616  -0.763 1.0000000000
9307  -1.734  -72.150  0.448 1.0000000000
11370  -9.362  -67.990  -1.181 1.0000000000
11379  -9.929  -68.675  -1.699 1.0000000000
12040  -10.126  -67.377  -1.207 1.0000000000
13484  -1.091  -66.274  -3.945 1.0000000000
12059  -2.745  -67.197  -2.975 1.0000000000
12746  -3.950  -66.472  -2.629 1.0000000000
12061  -4.424  -67.268  -2.666 1.0000000000
12062  -5.407  -67.014  -2.558 1.0000000000
11391  -10.936  -68.384  -2.265 1.0000000000
12049  -10.971  -67.568  -1.828 1.0000000000
12734  -11.013  -66.756  -1.367 1.0000000000
12785  -0.808  -66.217  -5.493 1.0000000000
12077  -2.483  -67.646  -3.575 1.0000000000
12079  -5.941  -67.920  -2.792 1.0000000000
12064  -7.237  -66.923  -2.682 1.0000000000
11392  -11.733  -68.350  -2.934 1.0000000000
11380  -11.589  -67.693  -2.532 1.0000000000
126893  -0.734  -65.713  -6.259 1.0000000000
116463  -0.985  -67.158  -5.808 1.0000000000
12080  -6.847  -67.776  -2.857 1.0000000000
11414  -11.742  -68.030  -3.332 1.0000000000
12065  -11.863  -67.065  -2.707 1.0000000000
12735  -11.878  -66.283  -2.083 1.0000000000
12100  -11.454  -68.001  -3.808 1.0000000000
11440  -1.166  -67.743  -6.201 1.0000000000
11442  -2.076  -68.239  -5.563 1.0000000000
12765  -10.526  -66.474  -3.565 1.0000000000
11429  -8.672  -69.009  -4.262 1.0000000000
11430  -10.984  -68.760  -4.078 1.0000000000
10696  -9.191  -69.476  -4.775 1.0000000000
113840  -8.734  -69.696  -5.111 1.0000000000
10728  -7.940  -69.546  -6.210 1.0000000000
107924  -0.715  -69.492  -8.894 1.0000000000
114581  -0.448  -69.228  -9.732 1.0000000000
11461  -0.083  -68.887  -11.554 1.0000000000
11473  -0.063  -68.362  -12.429 0.8999999762
10794  0.159  -69.103  -13.122 0.8999999762
11489  -0.294  -68.502  -15.072 0.8000000119
111903  -1.826  -71.030  4.205 0.6000000238
9937  -2.009  -70.840  2.952 0.8000000119
130482  -2.145  -70.403  2.750 0.8999999762
113651  -2.132  -71.653  2.544 0.8000000119
124144  -4.784  -69.015  0.728 1.0000000000
10649  -6.005  -69.255  0.124 1.0000000000
10639  -5.574  -69.481  0.644 1.0000000000
125377  -6.516  -68.965  -0.181 1.0000000000
111798  -7.236  -69.072  -0.548 1.0000000000
11354  -5.300  -68.723  0.217 1.0000000000
117909  -7.052  -67.433  -0.502 1.0000000000
11368  -7.586  -68.270  -0.684 1.0000000000
12038  -7.994  -67.579  -0.615 1.0000000000
121338  -8.484  -67.009  -0.487 1.0000000000
12039  -9.266  -67.208  -0.712 1.0000000000
12723  -9.971  -66.679  -0.670 1.0000000000
12747  -4.724  -66.449  -2.602 1.0000000000
12724  -11.451  -65.935  -1.113 1.0000000000
13468  -9.303  -65.409  -3.091 1.0000000000
11393  -11.871  -67.240  -3.104 1.0000000000
13428  -11.973  -65.398  -1.568 1.0000000000
13523  -0.821  -65.864  -6.946 1.0000000000
12753  -11.790  -66.727  -3.156 1.0000000000
13437  -11.965  -65.520  -2.317 1.0000000000
11427  -4.226  -69.306  -4.122 1.0000000000
12083  -9.909  -67.265  -3.721 1.0000000000
12084  -10.977  -67.241  -3.768 1.0000000000
12752  -11.881  -66.452  -2.817 1.0000000000
108668  -1.001  -67.860  -6.949 1.0000000000
11441  -1.473  -67.868  -5.797 1.0000000000
11411  -8.000  -68.588  -3.639 1.0000000000
11412  -9.173  -68.180  -3.878 1.0000000000
12099  -10.547  -68.056  -4.035 1.0000000000
14201  -11.446  -64.450  -2.452 1.0000000000
11413  -9.887  -68.894  -4.389 1.0000000000
12125  -0.966  -67.751  -7.730 1.0000000000
114272  -0.933  -68.364  -8.196 1.0000000000
11451  -1.134  -68.503  -7.641 1.0000000000
11453  -0.900  -69.011  -8.277 1.0000000000
117746  -0.634  -68.254  -10.154 1.0000000000
12133  -0.438  -67.997  -11.341 1.0000000000
11457  -0.264  -68.977  -10.708 1.0000000000
11480  -0.001  -68.200  -13.542 0.8999999762
127716  -0.216  -68.117  -14.377 0.6999999881
12171  -0.831  -67.638  -15.138 0.6000000238
114897  -1.549  -70.309  4.066 0.6000000238
10613  -1.888  -69.908  2.877 0.8000000119
10603  -1.710  -70.120  3.440 0.6000000238
130221  -4.062  -68.688  0.687 1.0000000000
11352  -3.570  -67.994  0.283 1.0000000000
10636  -3.287  -68.827  0.997 1.0000000000
11366  -5.163  -67.808  -0.202 1.0000000000
118284  -5.551  -67.069  -0.439 1.0000000000
110447  -5.938  -68.486  -0.130 1.0000000000
112463  -6.115  -67.637  -0.389 1.0000000000
11367  -6.747  -68.296  -0.404 1.0000000000
118814  -7.682  -66.840  -0.437 1.0000000000
12722  -9.058  -66.466  -0.345 1.0000000000
118314  -6.270  -66.807  -0.478 1.0000000000
126598  -6.971  -66.620  -0.427 1.0000000000
13427  -10.869  -65.585  -0.324 1.0000000000
13483  -0.883  -65.611  -4.036 1.0000000000
12745  -2.439  -66.501  -2.903 1.0000000000
13449  -3.525  -65.645  -2.631 1.0000000000
12748  -5.353  -65.867  -2.607 1.0000000000
14199  -8.388  -64.908  -2.802 1.0000000000
12050  -11.573  -67.078  -2.117 1.0000000000
116193  -11.679  -65.207  -0.692 1.0000000000
12060  -3.533  -67.311  -2.799 1.0000000000
127811  -7.904  -65.424  -2.782 1.0000000000
14200  -10.306  -65.032  -3.118 1.0000000000
13438  -12.117  -64.934  -1.727 1.0000000000
13452  -7.501  -65.955  -2.772 1.0000000000
12750  -8.163  -66.684  -3.002 1.0000000000
13469  -11.054  -65.768  -3.348 1.0000000000
13455  -11.771  -65.168  -2.577 1.0000000000
12811  -0.930  -66.900  -7.164 1.0000000000
129101  -8.416  -67.966  -3.501 1.0000000000
108407  -10.822  -63.511  -2.228 1.0000000000
14976  -11.593  -63.035  -1.640 1.0000000000
109917  -1.115  -66.749  -9.005 1.0000000000
12131  -0.901  -67.510  -9.526 1.0000000000
128370  -0.692  -66.765  -11.699 1.0000000000
12149  -0.285  -67.474  -13.160 0.8000000119
12851  -0.775  -66.760  -13.824 0.6999999881
10602  -1.372  -69.266  3.261 0.6000000238
11330  -1.669  -68.987  2.505 0.6999999881
11340  -2.391  -68.583  1.322 0.8000000119
11351  -2.646  -67.969  0.658 0.8000000119
11350  -1.821  -67.872  1.074 0.8000000119
11353  -4.495  -68.307  0.247 1.0000000000
12024  -4.225  -67.520  -0.152 1.0000000000
12037  -4.793  -66.900  -0.379 1.0000000000
119588  -6.492  -65.928  -0.397 1.0000000000
13423  -7.106  -65.467  -0.277 1.0000000000
12721  -8.185  -66.280  -0.273 1.0000000000
13425  -8.705  -65.691  -0.093 1.0000000000
13412  -9.228  -65.078  0.260 1.0000000000
13413  -10.242  -65.058  0.235 1.0000000000
125408  -8.786  -64.335  0.431 1.0000000000
123592  -10.651  -66.215  -0.669 1.0000000000
13492  -0.719  -65.416  -4.809 1.0000000000
13448  -2.545  -65.640  -2.758 1.0000000000
128190  -6.830  -65.571  -2.640 1.0000000000
14178  -11.191  -64.867  0.099 1.0000000000
115921  -8.703  -63.948  -2.653 1.0000000000
14179  -11.830  -64.510  -0.292 1.0000000000
14180  -12.046  -64.797  -1.071 1.0000000000
14235  -0.703  -64.894  -6.699 1.0000000000
123603  -10.664  -64.374  -2.738 1.0000000000
14189  -12.064  -64.363  -1.370 1.0000000000
14188  -11.949  -63.893  -1.599 1.0000000000
118987  -0.835  -65.250  -7.441 1.0000000000
15860  -1.439  -62.657  -9.532 0.6999999881
12082  -8.774  -67.347  -3.442 1.0000000000
118191  -1.141  -65.990  -8.575 1.0000000000
116379  -1.076  -66.600  -9.882 1.0000000000
12820  -0.820  -67.241  -10.557 1.0000000000
12842  -0.578  -66.716  -12.852 0.6999999881
11329  -1.077  -68.490  3.049 0.6000000238
11338  -1.086  -67.910  2.420 0.6000000238
12023  -2.863  -67.340  0.069 0.8999999762
123234  -3.550  -67.265  -0.133 1.0000000000
12036  -3.962  -66.766  -0.323 1.0000000000
12011  -0.780  -66.962  1.989 0.6000000238
12012  -1.260  -67.117  1.129 0.6999999881
12022  -2.006  -67.098  0.448 0.6999999881
12707  -3.203  -66.681  -0.210 0.8000000119
12718  -4.486  -66.110  -0.402 1.0000000000
12719  -5.463  -66.199  -0.438 1.0000000000
124349  -5.915  -64.620  -0.458 1.0000000000
12695  -0.804  -66.444  1.347 0.6000000238
12705  -1.259  -66.363  0.705 0.6000000238
12706  -1.893  -66.181  0.051 0.6999999881
118326  -6.517  -65.035  -0.372 1.0000000000
13420  -2.712  -64.831  -0.274 0.8000000119
13421  -4.938  -65.381  -0.456 1.0000000000
14177  -8.281  -64.945  0.103 1.0000000000
14210  -1.478  -64.346  -3.149 0.8999999762
13447  -1.704  -65.245  -3.035 0.8999999762
14167  -9.720  -64.400  0.626 1.0000000000
114196  -0.951  -64.102  -3.698 0.8999999762
14168  -10.689  -64.362  0.674 1.0000000000
14209  -0.758  -64.759  -4.197 0.8999999762
13466  -1.106  -64.982  -3.558 0.8999999762
14197  -3.127  -64.922  -2.602 1.0000000000
13450  -4.436  -65.674  -2.599 1.0000000000
118327  -4.953  -64.945  -2.531 1.0000000000
115079  -6.128  -64.307  -2.540 1.0000000000
118315  -6.518  -64.971  -2.556 1.0000000000
115078  -6.889  -64.249  -2.576 1.0000000000
121540  -7.752  -64.146  -2.626 1.0000000000
14952  -11.059  -63.657  1.072 1.0000000000
13504  -0.656  -65.132  -5.721 0.8999999762
14953  -11.746  -63.420  0.803 1.0000000000
17280  -12.278  -60.791  0.778 1.0000000000
114872  -0.683  -63.932  -6.858 0.8999999762
13451  -6.179  -65.663  -2.608 1.0000000000
14954  -12.153  -63.030  0.481 1.0000000000
14249  -0.837  -64.335  -7.629 1.0000000000
14989  -9.041  -62.962  -2.264 1.0000000000
15763  -12.344  -62.727  -0.151 1.0000000000
16505  -12.557  -61.203  0.087 1.0000000000
129984  -12.006  -62.132  -1.310 1.0000000000
109332  -12.463  -61.963  0.217 1.0000000000
14257  -1.027  -64.351  -8.590 1.0000000000
15051  -0.979  -63.405  -8.239 0.8999999762
14990  -9.956  -62.978  -2.130 1.0000000000
15772  -10.600  -62.537  -1.838 1.0000000000
17305  -12.560  -61.557  -0.807 1.0000000000
17320  -12.931  -61.265  -1.491 1.0000000000
17338  -13.573  -61.192  -2.322 1.0000000000
15052  -1.169  -63.502  -9.078 0.8000000119
15854  -1.422  -61.713  -9.269 0.6000000238
15773  -11.381  -62.236  -1.560 1.0000000000
129412  -13.159  -61.436  -2.148 1.0000000000
16536  -13.234  -61.536  -2.741 1.0000000000
13543  -1.198  -65.182  -9.856 1.0000000000
14266  -1.176  -64.369  -9.462 0.8000000119
129572  -1.663  -62.734  -10.215 0.6999999881
15789  -9.732  -62.226  -1.960 1.0000000000
16518  -10.485  -61.678  -1.755 1.0000000000
16519  -11.711  -61.882  -1.495 1.0000000000
17319  -11.981  -61.628  -1.595 1.0000000000
17337  -12.585  -61.440  -2.058 1.0000000000
13549  -1.154  -65.262  -10.858 1.0000000000
14274  -1.282  -64.335  -10.378 0.6999999881
126982  -1.374  -63.514  -9.916 0.6000000238
17318  -10.881  -61.183  -1.833 1.0000000000
17336  -11.447  -60.889  -2.139 1.0000000000
120807  -12.354  -61.337  -2.699 1.0000000000
12827  -0.970  -65.838  -11.587 1.0000000000
13557  -0.933  -65.839  -12.652 0.6999999881
124544  -2.524  -66.659  -0.058 0.8000000119
125612  -3.413  -65.377  -0.345 0.8000000119
121092  -4.130  -65.383  -0.416 0.8999999762
118318  -4.510  -64.692  -0.455 0.8999999762
116779  -7.333  -64.747  -0.144 1.0000000000
12704  -0.640  -65.604  1.209 0.6000000238
122993  -1.271  -65.515  0.444 0.6000000238
13411  -1.915  -65.319  -0.103 0.6000000238
117534  -3.710  -64.720  -0.393 0.8000000119
14176  -4.859  -64.001  -0.464 0.8999999762
109080  -6.477  -64.132  -0.336 1.0000000000
14166  -7.947  -64.156  0.120 1.0000000000
14951  -8.410  -63.654  0.388 1.0000000000
118511  -9.238  -63.535  0.697 1.0000000000
14934  -9.854  -63.008  1.075 1.0000000000
14935  -10.605  -62.963  1.286 1.0000000000
115080  -5.426  -64.283  -2.530 1.0000000000
119180  -12.154  -59.961  0.872 1.0000000000
14223  -0.614  -64.062  -5.954 0.8999999762
17306  -12.937  -60.748  -0.582 1.0000000000
15043  -0.762  -63.259  -7.420 0.8999999762
122220  -8.052  -63.259  -2.474 1.0000000000
16504  -12.428  -61.965  -0.630 1.0000000000
17321  -13.329  -60.602  -1.401 1.0000000000
18143  -13.761  -60.371  -2.165 1.0000000000
16534  -8.656  -61.460  -2.083 1.0000000000
15788  -9.011  -62.075  -2.065 1.0000000000
17352  -14.556  -60.999  -3.617 1.0000000000
16535  -9.500  -61.408  -1.903 1.0000000000
17365  -14.011  -61.334  -4.167 1.0000000000
16517  -10.035  -60.917  -1.875 1.0000000000
16549  -13.446  -61.507  -3.560 1.0000000000
17364  -12.964  -61.338  -4.294 1.0000000000
17381  -14.282  -60.888  -5.062 1.0000000000
14280  -1.391  -64.241  -11.377 0.6000000238
17349  -11.665  -60.848  -3.177 1.0000000000
109526  -4.404  -63.319  -0.444 0.8000000119
109486  -5.218  -63.285  -0.466 0.8999999762
125123  -7.244  -63.924  -0.121 1.0000000000
14173  -1.416  -64.084  0.129 0.6000000238
14962  -3.599  -63.356  -0.373 0.6999999881
119658  -8.471  -62.891  0.485 1.0000000000
125095  -1.840  -63.741  -2.874 0.8999999762
14196  -2.321  -64.489  -2.725 1.0000000000
15757  -2.058  -61.900  -0.178 0.6999999881
15761  -6.381  -62.004  -0.313 0.8999999762
15745  -9.206  -62.560  0.838 1.0000000000
15726  -9.992  -62.184  1.325 1.0000000000
16500  -4.928  -61.683  -0.505 0.6999999881
16474  -10.476  -61.489  1.471 1.0000000000
14999  -0.729  -63.116  -3.832 0.8999999762
15000  -1.268  -63.485  -3.245 0.8999999762
116387  -3.283  -64.120  -2.563 1.0000000000
14198  -4.015  -64.748  -2.550 1.0000000000
128841  -4.028  -63.895  -2.496 1.0000000000
115081  -4.698  -64.104  -2.521 1.0000000000
14987  -6.401  -63.613  -2.538 1.0000000000
15727  -10.971  -62.170  1.505 1.0000000000
18875  -12.284  -58.641  0.274 1.0000000000
113968  -0.572  -63.755  -5.146 0.8999999762
15728  -11.818  -62.088  1.276 1.0000000000
108366  -0.607  -62.401  -6.084 0.8999999762
14988  -7.182  -63.450  -2.523 1.0000000000
16476  -11.958  -61.276  1.215 1.0000000000
17307  -13.181  -59.974  -0.595 1.0000000000
123772  -13.043  -59.253  -0.782 1.0000000000
15013  -0.552  -63.139  -5.639 0.8999999762
15729  -12.276  -61.629  0.795 1.0000000000
18128  -13.383  -59.756  -1.389 1.0000000000
18160  -14.292  -60.885  -2.883 1.0000000000
17382  -14.950  -60.600  -5.041 1.0000000000
17335  -10.249  -60.244  -2.005 1.0000000000
17350  -12.631  -61.409  -3.462 1.0000000000
17348  -10.821  -60.122  -2.744 1.0000000000
17363  -11.942  -60.882  -4.136 1.0000000000
17380  -13.347  -61.001  -5.063 1.0000000000
14174  -2.072  -63.866  -0.202 0.6000000238
14175  -3.198  -64.031  -0.356 0.6999999881
113518  -6.387  -62.711  -0.358 1.0000000000
14961  -1.952  -62.853  -0.148 0.6999999881
14165  -7.663  -63.244  0.118 1.0000000000
122963  -8.024  -61.785  0.425 1.0000000000
15744  -8.512  -62.102  0.615 1.0000000000
117371  -9.141  -61.726  0.959 1.0000000000
16473  -9.739  -61.221  1.274 1.0000000000
17278  -10.406  -60.600  1.432 1.0000000000
14983  -1.779  -62.969  -2.883 0.8999999762
14984  -2.618  -63.389  -2.672 1.0000000000
115077  -3.603  -63.301  -2.534 1.0000000000
14986  -5.251  -63.562  -2.532 1.0000000000
129357  -5.804  -63.772  -2.538 1.0000000000
18092  -10.711  -59.744  1.374 1.0000000000
125483  -11.142  -60.377  1.457 1.0000000000
18106  -11.880  -59.091  0.894 1.0000000000
15010  -0.533  -63.121  -4.757 0.8999999762
115089  -5.847  -63.127  -2.530 1.0000000000
15810  -0.571  -62.340  -5.337 0.8999999762
14985  -4.517  -63.224  -2.507 1.0000000000
115088  -6.593  -62.810  -2.494 1.0000000000
18891  -12.542  -58.557  -0.546 1.0000000000
18901  -12.818  -58.723  -1.615 1.0000000000
118957  -0.578  -60.637  -5.593 0.8000000119
126896  -5.818  -62.141  -2.515 1.0000000000
115094  -7.453  -62.596  -2.400 1.0000000000
18902  -13.443  -59.354  -2.208 1.0000000000
18918  -13.878  -59.425  -2.973 1.0000000000
17361  -0.683  -60.023  -4.121 0.8000000119
125744  -7.793  -61.705  -2.277 1.0000000000
15787  -8.310  -62.354  -2.228 1.0000000000
121959  -15.028  -59.418  -3.399 1.0000000000
18161  -15.058  -60.311  -3.916 1.0000000000
124172  -9.226  -60.579  -2.052 1.0000000000
18173  -15.446  -60.266  -4.566 1.0000000000
18192  -15.394  -60.167  -5.369 1.0000000000
18141  -9.336  -59.713  -2.501 1.0000000000
18142  -10.111  -59.655  -2.618 1.0000000000
18191  -14.541  -60.177  -5.751 1.0000000000
18957  -2.363  -57.883  -5.448 0.4000000060
17362  -11.080  -60.245  -3.816 1.0000000000
17379  -12.288  -60.698  -4.971 1.0000000000
18190  -13.621  -60.321  -5.701 1.0000000000
18213  -15.200  -59.667  -6.139 1.0000000000
115163  -12.999  -58.132  -7.041 1.0000000000
19768  -14.016  -58.230  -7.107 1.0000000000
124065  -2.932  -62.684  -0.295 0.6999999881
15758  -3.844  -62.622  -0.397 0.6999999881
15759  -4.700  -62.551  -0.469 0.8000000119
15760  -5.636  -62.448  -0.470 0.8000000119
110456  -3.112  -61.855  -0.308 0.6999999881
114563  -6.922  -61.701  -0.082 0.8999999762
15762  -7.066  -62.448  -0.096 1.0000000000
16501  -5.742  -61.455  -0.459 0.8000000119
16503  -7.246  -61.024  0.101 1.0000000000
114328  -8.040  -60.700  0.442 1.0000000000
129849  -8.542  -60.811  0.664 1.0000000000
17290  -8.638  -60.229  0.723 1.0000000000
17277  -9.992  -59.804  1.280 1.0000000000
18091  -10.162  -59.054  1.140 1.0000000000
15798  -1.148  -62.612  -3.217 0.8999999762
15783  -3.184  -62.678  -2.585 1.0000000000
124903  -7.256  -57.672  -0.735 0.8999999762
18873  -10.470  -58.299  0.754 1.0000000000
18857  -11.050  -58.948  1.147 1.0000000000
19689  -11.379  -57.468  -1.962 1.0000000000
19690  -12.066  -57.967  -2.431 1.0000000000
16548  -1.157  -61.785  -3.181 0.8999999762
15781  -1.673  -62.125  -2.891 0.8999999762
125409  -5.249  -62.878  -2.526 1.0000000000
19658  -11.928  -57.970  -0.216 1.0000000000
18936  -13.166  -58.274  -3.817 1.0000000000
18155  -0.990  -59.719  -3.441 0.8999999762
17394  -0.748  -60.583  -6.442 0.6000000238
16529  -4.299  -61.678  -2.504 1.0000000000
15785  -4.819  -62.344  -2.522 1.0000000000
18937  -14.143  -58.780  -3.664 1.0000000000
18162  -15.694  -59.636  -3.863 0.8999999762
17395  -1.303  -60.195  -6.523 0.6000000238
16532  -7.313  -61.054  -2.403 1.0000000000
118024  -11.714  -54.690  -2.353 0.8000000119
20526  -10.932  -55.549  -4.180 0.8999999762
18949  -16.457  -59.444  -3.992 0.8999999762
16533  -8.213  -60.835  -2.279 1.0000000000
113623  -16.048  -59.821  -4.460 0.8999999762
125252  -15.932  -59.983  -4.964 1.0000000000
18174  -16.600  -59.626  -4.906 0.8999999762
123177  -8.614  -60.141  -2.417 1.0000000000
18193  -15.991  -59.748  -5.634 1.0000000000
18964  -16.723  -59.371  -5.877 1.0000000000
18158  -9.728  -59.156  -3.024 1.0000000000
18172  -11.336  -60.222  -4.742 1.0000000000
18985  -16.566  -58.819  -6.531 1.0000000000
18159  -10.395  -59.617  -3.419 1.0000000000
18171  -10.609  -59.655  -4.399 1.0000000000
112872  -12.658  -60.207  -5.651 1.0000000000
18212  -13.816  -59.724  -6.208 1.0000000000
124143  -14.365  -59.402  -6.436 1.0000000000
18984  -15.895  -59.212  -6.418 1.0000000000
19783  -15.219  -57.338  -7.448 1.0000000000
109530  -4.063  -61.802  -0.423 0.6999999881
112728  -5.064  -60.746  -0.506 0.6999999881
16502  -6.474  -61.194  -0.269 0.8000000119
17289  -7.425  -60.021  0.137 1.0000000000
129551  -8.067  -60.085  0.436 1.0000000000
115800  -5.054  -59.658  -0.516 0.6999999881
18888  -5.510  -57.546  -0.762 0.6999999881
18104  -8.121  -59.379  0.339 1.0000000000
18872  -9.576  -58.460  0.638 1.0000000000
124497  -1.680  -60.965  -2.898 0.8999999762
112129  -10.021  -57.502  -0.404 1.0000000000
19675  -10.647  -57.499  -0.632 1.0000000000
19676  -11.386  -57.626  -0.857 1.0000000000
19672  -5.786  -56.540  -1.032 0.8000000119
19687  -9.677  -56.892  -1.478 1.0000000000
19688  -10.598  -57.166  -1.704 1.0000000000
19707  -12.083  -57.694  -3.808 1.0000000000
123700  -1.562  -61.482  -2.939 0.8999999762
16528  -3.276  -61.777  -2.575 1.0000000000
20476  -6.865  -55.793  -1.477 0.8000000119
20508  -9.429  -55.194  -3.106 0.8999999762
19705  -10.699  -56.690  -2.895 1.0000000000
18917  -12.854  -58.583  -2.924 1.0000000000
116337  -2.223  -61.445  -2.747 0.8999999762
15786  -6.890  -61.931  -2.425 1.0000000000
121200  -9.113  -54.367  -2.115 0.8999999762
22265  -10.767  -54.510  -2.350 0.8999999762
18948  -14.589  -58.111  -3.706 0.8999999762
19728  -15.011  -57.608  -3.578 0.8000000119
18939  -16.138  -59.044  -3.295 0.8999999762
18134  -1.360  -59.337  -2.990 0.8999999762
17375  -0.912  -59.974  -5.943 0.6000000238
17331  -3.853  -60.921  -2.521 1.0000000000
128539  -4.797  -60.868  -2.485 1.0000000000
112700  -5.562  -60.372  -2.485 1.0000000000
16531  -6.432  -61.239  -2.472 1.0000000000
21352  -12.635  -55.120  -2.415 0.8000000119
19725  -12.203  -56.880  -4.557 1.0000000000
18156  -1.038  -58.888  -3.496 0.8999999762
121223  -0.774  -59.302  -3.954 0.8999999762
18139  -7.056  -59.673  -2.641 1.0000000000
17334  -7.751  -60.149  -2.505 1.0000000000
21380  -13.601  -55.667  -4.130 0.8000000119
112704  -7.766  -59.431  -2.699 1.0000000000
18140  -8.469  -59.530  -2.670 1.0000000000
21334  -13.270  -55.454  -0.400 0.6999999881
18950  -17.408  -59.103  -5.255 0.8999999762
18157  -8.973  -58.954  -2.850 1.0000000000
18189  -11.685  -59.931  -5.503 1.0000000000
18170  -10.046  -58.997  -3.906 1.0000000000
18188  -10.832  -59.536  -5.237 1.0000000000
18210  -12.094  -59.419  -6.107 1.0000000000
18211  -13.033  -59.592  -6.201 1.0000000000
127745  -14.201  -58.851  -6.762 1.0000000000
112718  -4.251  -60.915  -0.443 0.6999999881
17303  -5.851  -60.544  -0.462 0.6999999881
113815  -3.334  -60.968  -0.306 0.6999999881
18116  -3.933  -59.115  -0.386 0.6000000238
110725  -6.589  -59.441  -0.370 0.8000000119
18103  -7.268  -59.168  -0.142 1.0000000000
125487  -6.493  -58.502  -0.583 0.8000000119
18870  -7.514  -58.401  -0.333 1.0000000000
18105  -9.214  -59.346  0.892 1.0000000000
19656  -9.846  -57.838  0.176 1.0000000000
20477  -7.823  -56.557  -1.300 1.0000000000
17329  -2.095  -60.533  -2.756 0.8999999762
21351  -8.784  -54.919  -2.670 0.8999999762
20494  -9.906  -56.158  -2.545 0.8999999762
17330  -2.934  -60.782  -2.632 0.8999999762
125431  -5.641  -61.156  -2.494 1.0000000000
21349  -7.219  -55.085  -1.740 0.8000000119
20510  -11.211  -56.530  -4.010 0.8999999762
21386  -13.312  -55.888  -4.798 0.8000000119
20528  -14.459  -56.962  -4.364 0.8000000119
119977  -16.869  -58.980  -3.330 0.8000000119
112721  -3.510  -60.097  -2.552 0.8999999762
18137  -4.882  -59.974  -2.484 1.0000000000
17332  -6.143  -60.647  -2.492 1.0000000000
17333  -6.817  -60.460  -2.501 1.0000000000
22246  -9.823  -54.307  -1.206 0.8000000119
20495  -13.445  -55.732  -1.731 0.8000000119
18938  -15.383  -58.830  -3.172 0.8000000119
18169  -0.747  -59.270  -4.680 0.6999999881
18136  -4.154  -59.557  -2.515 0.8999999762
18138  -6.263  -59.968  -2.518 1.0000000000
22248  -11.929  -54.716  -0.051 0.6000000238
22266  -11.528  -54.618  -1.282 0.6999999881
117919  -12.465  -54.918  -0.706 0.6999999881
124682  -15.233  -57.294  -0.422 0.6000000238
110145  -14.605  -56.813  -2.776 0.8000000119
116783  -17.199  -59.157  -4.244 0.8999999762
18929  -0.854  -58.657  -4.240 0.8000000119
18182  -1.118  -59.189  -5.405 0.6000000238
19745  -18.204  -58.396  -5.645 0.8000000119
18916  -8.178  -58.911  -2.877 1.0000000000
20481  -17.670  -57.073  -0.375 0.5000000000
18965  -17.368  -58.789  -6.198 0.8999999762
18934  -8.526  -58.471  -3.383 1.0000000000
18935  -9.296  -58.662  -3.575 1.0000000000
18963  -11.192  -59.177  -5.918 1.0000000000
18982  -12.550  -58.786  -6.572 1.0000000000
18983  -14.899  -58.823  -6.772 1.0000000000
19770  -17.849  -58.033  -6.542 0.8999999762
18947  -10.199  -58.994  -4.860 1.0000000000
117194  -14.842  -58.010  -7.209 1.0000000000
19784  -16.892  -58.115  -6.877 1.0000000000
122983  -12.026  -56.727  -7.388 1.0000000000
19782  -14.318  -57.347  -7.448 1.0000000000
19781  -13.394  -57.351  -7.374 1.0000000000
18890  -8.034  -57.648  -0.529 1.0000000000
129058  -6.250  -56.115  -1.284 0.8000000119
130688  -8.282  -55.161  -2.342 1.0000000000
19674  -9.029  -57.313  -0.763 1.0000000000
128513  -4.246  -60.291  -2.493 1.0000000000
18135  -2.601  -59.885  -2.663 0.8999999762
19708  -15.015  -57.412  -3.225 0.8000000119
18919  -16.445  -58.711  -2.546 0.8000000119
113094  -3.207  -59.101  -2.592 0.8999999762
118913  -10.549  -54.412  -1.551 0.8000000119
109825  -15.497  -57.911  -1.023 0.8000000119
19691  -15.938  -58.387  -1.770 0.8000000119
19710  -17.188  -58.438  -2.629 0.8000000119
18940  -17.577  -58.526  -3.572 0.8000000119
18909  -1.392  -58.407  -3.009 0.8999999762
18914  -6.382  -59.089  -2.693 1.0000000000
18941  -17.945  -58.575  -4.547 0.8000000119
18944  -1.033  -58.004  -4.622 0.6999999881
18931  -5.578  -58.868  -2.651 1.0000000000
18915  -7.331  -58.951  -2.824 1.0000000000
107912  -1.646  -57.391  -5.061 0.6000000238
18932  -6.851  -58.338  -3.063 1.0000000000
18933  -7.723  -58.351  -3.222 1.0000000000
19724  -8.140  -57.778  -3.761 1.0000000000
18946  -9.557  -58.520  -4.471 1.0000000000
18981  -10.753  -58.480  -6.276 1.0000000000
19766  -11.614  -58.646  -6.442 1.0000000000
18961  -9.751  -58.405  -5.337 1.0000000000
18962  -10.429  -58.814  -5.642 1.0000000000
19767  -12.056  -58.023  -6.894 1.0000000000
19769  -15.798  -58.252  -7.022 1.0000000000
123722  -17.378  -57.284  -7.125 1.0000000000
20583  -15.466  -56.630  -7.702 1.0000000000
20581  -13.783  -56.572  -7.699 1.0000000000
20492  -7.701  -55.469  -1.850 0.8999999762
22262  -7.507  -54.817  -1.771 0.8000000119
123097  -5.604  -59.571  -2.534 1.0000000000
22263  -8.386  -54.643  -2.154 0.8000000119
126344  -1.853  -58.031  -2.773 0.8999999762
121580  -2.035  -58.958  -2.701 0.8999999762
22232  -10.458  -54.496  0.174 0.6000000238
19693  -17.087  -57.671  -0.839 0.6999999881
115726  -17.615  -57.708  -1.923 0.6999999881
19729  -18.345  -57.977  -3.830 0.8000000119
19730  -18.972  -57.435  -4.051 0.8000000119
19736  -18.707  -57.931  -4.748 0.8000000119
19700  -1.493  -57.495  -2.983 0.8999999762
18930  -1.133  -57.925  -3.651 0.8999999762
18913  -4.902  -59.148  -2.531 1.0000000000
18945  -8.880  -58.125  -4.089 1.0000000000
20497  -17.952  -56.989  -1.153 0.6000000238
124916  -5.978  -58.304  -2.909 1.0000000000
108870  -9.328  -57.779  -5.781 1.0000000000
19764  -9.672  -57.466  -6.567 1.0000000000
20567  -19.028  -57.197  -6.240 0.8999999762
19742  -2.669  -57.093  -5.569 0.5000000000
18960  -9.153  -57.914  -4.920 1.0000000000
20578  -10.227  -56.487  -7.507 1.0000000000
19779  -11.585  -57.282  -7.130 1.0000000000
20566  -18.292  -57.242  -6.699 0.8999999762
21449  -12.849  -55.077  -8.136 1.0000000000
115989  -16.244  -57.184  -7.402 1.0000000000
19780  -12.477  -57.332  -7.247 1.0000000000
111615  -16.936  -56.393  -7.519 1.0000000000
21428  -13.306  -55.802  -7.944 1.0000000000
117645  -16.040  -56.198  -7.801 1.0000000000
18910  -2.607  -58.182  -2.677 0.8999999762
18912  -4.137  -58.697  -2.574 0.8999999762
118383  -18.398  -56.175  -1.636 0.6000000238
124607  -18.342  -57.267  -2.497 0.8000000119
113864  -18.702  -57.302  -3.260 0.8000000119
18911  -3.432  -58.275  -2.640 0.8999999762
19704  -4.997  -58.257  -2.758 1.0000000000
20529  -18.652  -56.345  -2.797 0.6999999881
19746  -18.956  -57.662  -5.598 0.8000000119
19701  -2.133  -57.194  -2.732 0.8999999762
19703  -4.040  -57.851  -2.740 0.8999999762
19733  -8.482  -57.492  -4.523 1.0000000000
20480  -15.583  -56.623  0.382 0.6000000238
19679  -15.891  -57.458  -0.228 0.5000000000
19720  -1.466  -56.977  -3.381 0.8999999762
118287  -1.589  -56.552  -3.810 0.8000000119
112788  -7.264  -57.693  -3.560 1.0000000000
20505  -1.688  -56.749  -2.955 0.8999999762
19741  -2.083  -56.679  -5.216 0.5000000000
19744  -8.716  -57.315  -5.345 1.0000000000
20579  -11.230  -56.480  -7.477 1.0000000000
20585  -18.887  -56.430  -6.761 0.8999999762
19765  -10.393  -57.885  -6.561 1.0000000000
20584  -17.907  -56.498  -7.208 0.8999999762
21429  -14.209  -55.843  -8.026 1.0000000000
21430  -15.185  -55.858  -8.053 1.0000000000
21432  -17.541  -55.620  -7.601 0.8999999762
21450  -14.599  -55.102  -8.306 1.0000000000
21365  -18.348  -55.517  -2.203 0.6999999881
19702  -3.114  -57.518  -2.738 0.8999999762
113373  -6.415  -57.688  -3.338 1.0000000000
20539  -19.318  -57.117  -4.827 0.8000000119
123498  -5.999  -57.150  -3.572 1.0000000000
124224  -7.643  -57.057  -4.242 1.0000000000
20548  -19.369  -57.033  -5.659 0.8000000119
19723  -6.725  -57.066  -3.813 1.0000000000
20522  -1.777  -56.171  -3.238 0.8999999762
21372  -2.130  -55.669  -3.502 0.8000000119
20543  -1.733  -56.624  -4.557 0.6999999881
20544  -2.103  -55.977  -5.029 0.6000000238
21426  -10.667  -55.821  -7.823 1.0000000000
21427  -12.013  -56.108  -7.609 1.0000000000
19721  -4.667  -57.355  -3.044 0.8999999762
22267  -18.175  -54.622  -2.162 0.6000000238
21381  -18.443  -55.305  -2.830 0.6000000238
21382  -18.799  -55.574  -3.451 0.6000000238
20507  -3.721  -57.005  -2.937 0.8999999762
19722  -5.569  -57.600  -3.167 0.8999999762
20546  -7.451  -56.455  -5.104 1.0000000000
21387  -19.335  -55.669  -4.239 0.6000000238
20524  -4.308  -56.508  -3.310 0.8999999762
108804  -5.248  -56.851  -3.494 0.8999999762
20535  -6.775  -56.573  -4.451 1.0000000000
19763  -8.857  -57.121  -6.196 1.0000000000
124161  -9.084  -56.822  -6.939 1.0000000000
121403  -19.538  -56.319  -4.668 0.6000000238
21388  -19.899  -55.639  -5.117 0.6000000238
20540  -19.661  -56.433  -5.384 0.6999999881
20506  -2.027  -56.247  -2.883 0.8999999762
124045  -3.376  -56.164  -3.087 0.8999999762
20547  -8.183  -56.739  -5.711 1.0000000000
20568  -19.569  -56.530  -6.108 0.8000000119
21409  -19.680  -55.788  -6.477 0.8000000119
20523  -2.123  -55.813  -3.177 0.8999999762
21376  -4.861  -55.903  -3.838 0.8999999762
20525  -5.951  -56.534  -4.035 0.8999999762
21447  -11.061  -55.133  -8.107 1.0000000000
21433  -18.331  -55.890  -7.256 0.8999999762
21434  -19.005  -55.535  -7.090 0.8999999762
21383  -2.487  -55.203  -4.086 0.6999999881
21390  -2.508  -55.125  -4.824 0.6000000238
128362  -6.042  -55.567  -5.009 0.8999999762
20565  -8.269  -56.432  -6.673 1.0000000000
128091  -8.722  -56.297  -7.339 1.0000000000
20577  -9.403  -56.420  -7.474 1.0000000000
21446  -10.172  -55.246  -8.230 1.0000000000
22349  -12.354  -54.391  -8.346 1.0000000000
121855  -13.712  -55.101  -8.246 1.0000000000
109972  -18.305  -55.300  -7.469 0.8999999762
23214  -10.938  -53.842  -9.094 1.0000000000
23216  -12.734  -53.737  -8.699 1.0000000000
119516  -13.228  -54.382  -8.423 1.0000000000
22350  -14.103  -54.393  -8.514 1.0000000000
21451  -15.437  -55.023  -8.305 1.0000000000
22327  -17.026  -54.925  -8.042 0.8999999762
129981  -15.885  -55.527  -8.085 1.0000000000
23229  -12.234  -53.205  -9.116 1.0000000000
22351  -14.969  -54.387  -8.572 1.0000000000
22352  -15.807  -54.324  -8.490 1.0000000000
22353  -16.651  -54.279  -8.378 0.8999999762
23230  -13.081  -53.078  -9.086 1.0000000000
23220  -16.242  -53.618  -8.657 1.0000000000
23172  -17.922  -53.892  -2.562 0.3000000119
23177  -17.876  -53.797  -3.316 0.4000000060
22296  -18.328  -54.679  -3.318 0.5000000000
119329  -18.001  -53.275  -2.156 0.3000000119
22300  -18.734  -54.836  -3.959 0.5000000000
20545  -6.536  -55.987  -4.963 0.8999999762
130373  -20.211  -55.215  -5.716 0.6000000238
110210  -3.830  -55.701  -3.443 0.8999999762
20564  -7.599  -56.155  -6.007 1.0000000000
21408  -7.646  -55.836  -6.705 1.0000000000
21410  -20.233  -55.164  -6.196 0.6000000238
21361  -2.604  -55.786  -3.137 0.8999999762
21373  -2.629  -55.335  -3.701 0.8999999762
20534  -5.700  -55.806  -4.568 0.8999999762
21392  -6.291  -55.348  -5.516 1.0000000000
21444  -8.615  -55.271  -8.035 1.0000000000
22302  -2.836  -54.470  -4.527 0.8000000119
21384  -4.855  -54.960  -4.289 0.8999999762
20576  -8.952  -55.871  -7.821 1.0000000000
22328  -17.856  -54.787  -7.817 0.8999999762
22311  -2.946  -54.051  -6.042 0.6000000238
22324  -3.325  -53.763  -6.964 0.6000000238
23203  -8.191  -53.916  -8.440 1.0000000000
22354  -17.379  -54.299  -8.189 0.8999999762
23228  -10.943  -53.131  -9.633 1.0000000000
23218  -14.514  -53.715  -8.828 1.0000000000
24052  -10.970  -52.468  -10.023 0.8999999762
23217  -13.617  -53.705  -8.764 1.0000000000
23219  -15.378  -53.700  -8.779 1.0000000000
23184  -17.899  -53.465  -4.034 0.4000000060
22306  -20.105  -54.769  -5.311 0.5000000000
21375  -4.050  -54.951  -3.798 0.8999999762
21424  -8.084  -55.614  -7.439 1.0000000000
22329  -18.836  -54.644  -7.455 0.8000000119
22314  -19.726  -54.965  -6.837 0.6999999881
22291  -3.537  -54.389  -3.912 0.8999999762
22299  -4.130  -53.964  -4.132 0.8999999762
22304  -4.992  -54.165  -4.701 0.8999999762
22305  -5.691  -54.435  -5.385 0.8999999762
22312  -6.360  -54.591  -6.031 1.0000000000
21423  -7.393  -55.287  -6.945 1.0000000000
22325  -7.426  -54.680  -7.391 1.0000000000
22345  -8.766  -54.689  -8.447 1.0000000000
23188  -3.093  -53.769  -4.913 0.6999999881
23226  -9.306  -53.272  -9.362 1.0000000000
23204  -18.139  -53.925  -8.008 0.8000000119
24051  -10.365  -52.737  -9.841 1.0000000000
24042  -14.979  -53.090  -9.110 1.0000000000
24043  -15.786  -53.034  -8.995 0.8999999762
23221  -17.228  -53.543  -8.469 0.8000000119
22330  -19.737  -54.121  -7.199 0.6999999881
121940  -5.227  -53.609  -5.112 0.8999999762
23191  -5.802  -53.568  -5.732 0.8999999762
22326  -8.057  -54.716  -8.000 1.0000000000
23205  -18.698  -53.187  -7.931 0.6999999881
113579  -19.011  -53.823  -7.629 0.6999999881
24008  -3.752  -52.750  -5.137 0.8000000119
24010  -4.486  -52.454  -5.146 0.8999999762
23201  -6.437  -52.465  -6.748 0.8999999762
24045  -17.499  -52.611  -8.574 0.8000000119
23222  -17.989  -53.161  -8.299 0.6999999881
23189  -3.348  -53.103  -5.341 0.6999999881
23210  -4.038  -53.951  -9.014 0.6000000238
24048  -4.841  -51.869  -9.127 0.5000000000
24064  -10.929  -51.818  -10.293 0.8999999762
24050  -9.665  -52.631  -9.733 0.8999999762
24063  -10.109  -51.979  -10.093 0.8000000119
24875  -11.816  -52.047  -10.099 1.0000000000
120699  -11.669  -52.799  -9.619 1.0000000000
24053  -12.493  -52.548  -9.512 1.0000000000
23176  -3.482  -53.868  -4.231 0.8999999762
23182  -3.846  -53.284  -4.652 0.8999999762
23198  -6.871  -53.677  -7.001 1.0000000000
23197  -6.211  -53.061  -6.289 0.8999999762
112774  -7.516  -53.856  -7.811 1.0000000000
108370  -8.992  -53.981  -8.910 1.0000000000
24018  -4.832  -51.988  -5.425 0.8000000119
24044  -16.928  -51.899  -8.941 0.6999999881
24026  -3.696  -52.274  -5.756 0.6000000238
24017  -4.157  -52.054  -5.368 0.8999999762
23211  -7.706  -52.983  -8.143 0.8999999762
23212  -8.427  -52.986  -8.857 1.0000000000
24049  -8.907  -52.380  -9.387 0.8999999762
119073  -9.301  -51.870  -9.738 0.8999999762
24055  -14.744  -52.413  -9.392 0.8999999762
108391  -16.629  -52.844  -8.827 0.8000000119
24031  -3.641  -52.207  -6.463 0.6000000238
24041  -8.319  -51.990  -8.907 0.8000000119
25671  -8.898  -49.468  -9.753 0.8000000119
24887  -10.417  -51.104  -10.338 0.8000000119
24876  -12.799  -51.825  -9.843 1.0000000000
25659  -6.022  -49.665  -8.560 0.6999999881
25660  -6.682  -49.456  -8.727 0.6999999881
115549  -16.059  -52.313  -9.188 0.8999999762
24009  -4.088  -52.653  -4.999 0.8999999762
23196  -5.535  -52.470  -5.748 0.8999999762
128486  -5.892  -52.110  -6.175 0.8999999762
120574  -3.983  -51.648  -6.307 0.8000000119
24027  -5.245  -51.545  -5.957 0.8000000119
24033  -6.467  -51.667  -7.137 0.8999999762
24040  -7.780  -52.036  -8.370 0.8999999762
24873  -8.521  -51.217  -9.267 0.8000000119
25685  -10.939  -50.397  -10.517 0.8000000119
24888  -11.372  -51.251  -10.418 0.8999999762
25686  -11.787  -50.657  -10.491 0.8000000119
24889  -12.287  -51.241  -10.286 0.8999999762
24056  -15.390  -51.936  -9.438 0.8999999762
121799  -4.504  -51.411  -5.940 0.8000000119
24842  -4.484  -51.086  -6.775 0.8000000119
24863  -4.823  -51.050  -8.333 0.6999999881
24867  -7.704  -51.076  -8.614 0.8000000119
24890  -13.176  -51.091  -10.119 0.8999999762
124828  -5.521  -50.248  -8.085 0.6999999881
25661  -7.536  -50.058  -8.814 0.8000000119
25670  -8.260  -49.897  -9.322 0.8000000119
25672  -14.000  -50.955  -9.883 0.8000000119
24879  -15.383  -51.159  -9.582 0.8999999762
24034  -7.159  -51.930  -7.728 0.8999999762
24854  -5.565  -50.683  -7.215 0.8000000119
24866  -7.027  -50.967  -7.977 0.8000000119
26512  -10.549  -49.181  -10.488 0.8000000119
121636  -11.620  -49.879  -10.591 0.8000000119
25688  -13.593  -50.342  -10.248 0.8000000119
24057  -16.133  -51.496  -9.344 0.6999999881
116473  -6.782  -50.102  -8.353 0.6999999881
26510  -9.347  -48.738  -10.068 0.8000000119
26513  -12.290  -49.389  -10.670 0.6999999881
25689  -14.131  -49.703  -10.283 0.5000000000
24855  -6.423  -51.007  -7.537 0.8000000119
25687  -12.606  -50.341  -10.459 0.6000000238
128093  -5.490  -50.403  -7.652 0.6999999881
26511  -9.658  -47.788  -10.273 0.6999999881
27351  -10.863  -48.022  -10.659 0.6000000238
26514  -13.257  -49.498  -10.558 0.5000000000
26515  -13.907  -48.956  -10.524 0.5000000000
28214  -10.781  -46.745  -10.893 0.5000000000
129920  -13.370  -48.888  -10.694 0.5000000000
28215  -11.883  -46.660  -11.259 0.4000000060
27364  -11.852  -47.776  -10.963 0.5000000000
27365  -12.810  -47.672  -11.110 0.4000000060
29093  -12.396  -46.121  -11.447 0.3000000119
585  -4.078  -89.509  -7.650 0.6999999881
1177  -3.938  -87.669  -12.424 0.8999999762
1910  -6.099  -85.398  -14.500 1.0000000000
414  -8.369  -90.612  -10.726 1.0000000000
937  -21.378  -87.799  -18.036 0.5000000000
3264  -4.037  -82.686  -15.282 1.0000000000
3265  -4.943  -82.538  -15.141 1.0000000000
1502  -9.409  -86.202  -10.898 1.0000000000
834  -13.188  -88.641  -9.513 0.8999999762
1214  -17.607  -87.278  -15.422 0.8999999762
112214  0.117  -84.058  -4.532 0.6000000238
1183  -15.550  -87.704  -12.486 0.8999999762
1245  -15.896  -87.694  -18.002 0.8000000119
127335  -3.502  -76.117  -9.766 1.0000000000
109707  0.260  -79.961  -6.628 0.8999999762
1205  -14.658  -87.375  -14.198 0.8999999762
6997  -5.163  -76.046  -8.467 1.0000000000
4256  -9.896  -80.518  -12.964 1.0000000000
1898  -11.877  -85.600  -12.834 0.8999999762
6964  -3.958  -75.393  -7.512 1.0000000000
4723  0.099  -79.033  -6.382 1.0000000000
6367  -8.752  -76.598  -8.384 1.0000000000
5288  -10.572  -78.342  -9.347 1.0000000000
113996  -2.522  -77.570  -14.681 1.0000000000
123490  -12.326  -79.792  -15.005 1.0000000000
6386  -11.319  -76.948  -9.329 1.0000000000
109926  -4.819  -72.274  -6.071 1.0000000000
117166  -5.453  -72.122  -5.927 1.0000000000
6924  -1.401  -75.149  -3.660 1.0000000000
7604  -6.127  -74.057  -12.973 1.0000000000
8208  -7.511  -73.348  -12.777 1.0000000000
7600  -2.300  -74.831  -12.255 1.0000000000
8192  -4.911  -73.800  -12.056 1.0000000000
7586  -3.528  -74.193  -11.908 1.0000000000
8787  -9.474  -72.603  -9.293 1.0000000000
8207  -5.641  -73.750  -12.437 1.0000000000
8829  -7.289  -72.853  -12.311 1.0000000000
8823  -10.449  -72.304  -11.380 1.0000000000
6901  -1.776  -75.578  -0.800 0.8000000119
111905  -1.606  -73.447  -2.327 1.0000000000
9427  -4.916  -71.694  -10.332 1.0000000000
8106  -6.686  -74.258  -3.127 1.0000000000
8707  -10.354  -72.398  -3.329 1.0000000000
9412  -2.475  -71.303  -9.489 1.0000000000
8797  -3.002  -71.838  -9.935 1.0000000000
9414  -4.419  -71.028  -9.770 1.0000000000
128131  -5.973  -70.591  -9.643 1.0000000000
8696  -8.437  -73.104  -1.711 1.0000000000
8693  -3.376  -72.914  -0.925 1.0000000000
126674  -7.820  -74.340  -2.423 1.0000000000
10761  -7.035  -69.775  -8.964 1.0000000000
8673  -6.066  -72.255  0.436 1.0000000000
11508  -0.795  -68.041  -16.064 0.6000000238
12048  -10.277  -68.022  -1.590 1.0000000000
11455  -0.747  -68.537  -9.016 1.0000000000
10623  -2.788  -69.331  1.709 0.8000000119
14169  -11.502  -64.147  0.500 1.0000000000
113047  -3.097  -66.475  -2.737 1.0000000000
14965  -12.146  -63.696  -0.013 1.0000000000
14977  -12.121  -63.514  -0.895 1.0000000000
15774  -12.167  -62.572  -1.045 1.0000000000
13542  -1.237  -65.937  -9.396 1.0000000000
11339  -1.723  -68.365  1.786 0.6999999881
125929  -1.191  -62.539  -8.777 0.8000000119
12716  -2.740  -65.900  -0.223 0.8000000119
15025  -0.625  -63.045  -6.568 0.8999999762
14963  -6.027  -63.320  -0.441 0.8999999762
14964  -6.809  -63.297  -0.265 1.0000000000
18874  -11.445  -58.186  0.562 1.0000000000
123787  -13.558  -58.959  -6.645 1.0000000000
18889  -6.509  -57.589  -0.844 0.8000000119
21350  -7.923  -54.933  -2.167 0.8999999762
20479  -14.659  -56.502  -0.249 0.6999999881
18117  -5.529  -58.737  -0.605 0.6999999881
116011  -17.938  -57.874  -2.947 0.8000000119
107845  -14.138  -55.698  0.328 0.6000000238
19778  -10.560  -57.226  -7.037 1.0000000000
129924  -12.000  -55.633  -7.763 1.0000000000
22268  -18.435  -54.555  -1.804 0.4000000060
20530  -19.162  -56.581  -3.847 0.6999999881
123732  -2.776  -56.603  -2.846 0.8999999762
21425  -9.783  -55.888  -7.881 1.0000000000
22348  -11.466  -54.461  -8.453 1.0000000000
22295  -18.180  -54.584  -2.679 0.5000000000
21394  -20.062  -55.857  -5.847 0.6000000238
22310  -2.846  -54.220  -5.182 0.6000000238
22347  -10.545  -54.577  -8.619 1.0000000000
23999  -17.488  -52.985  -2.928 0.3000000119
22346  -9.623  -54.672  -8.637 1.0000000000
22303  -3.060  -53.548  -5.470 0.6000000238
24054  -13.353  -52.372  -9.430 1.0000000000
22331  -20.234  -53.517  -6.881 0.4000000060
23206  -19.588  -53.219  -7.457 0.6000000238
23190  -5.097  -52.772  -5.175 0.8999999762
113210  -6.416  -53.952  -6.405 1.0000000000
24874  -9.361  -50.860  -9.873 0.8000000119
26495  -7.913  -48.756  -9.424 0.6999999881
24046  -18.333  -52.488  -8.226 0.6000000238
24877  -13.657  -51.667  -9.700 0.8999999762
24864  -5.098  -50.393  -8.080 0.6999999881
24868  -16.902  -50.920  -9.130 0.6999999881
25673  -14.298  -50.346  -10.055 0.6000000238
127517  -15.388  -50.487  -9.694 0.6999999881
24880  -16.044  -50.672  -9.490 0.6999999881
390  -5.086  -90.607  -6.978 0.6999999881
262  -4.459  -90.582  -7.896 0.8000000119
169  -6.184  -91.683  -7.554 0.8000000119
58  -7.336  -92.649  -7.700 0.8000000119
69  -8.022  -93.131  -9.922 0.8999999762
13  -8.293  -93.547  -8.601 0.8000000119
14  -8.900  -93.956  -8.564 0.8000000119
108065  -11.314  -94.304  -9.104 0.8000000119
76  -14.547  -93.330  -10.422 0.6000000238
2278  -0.335  -84.462  -9.242 0.8000000119
10096  -0.056  -69.895  -16.176 0.6999999881
13558  -1.231  -64.977  -12.090 0.6000000238
12852  -1.267  -66.048  -14.336 0.6999999881
15853  -0.899  -62.266  -8.006 0.8000000119
121055  -1.130  -61.635  -8.630 0.5000000000
15820  -0.676  -61.958  -6.760 0.8000000119
129483  -0.727  -62.416  -7.253 0.8000000119
17374  -0.646  -59.931  -5.132 0.8000000119
17302  -2.673  -60.094  -0.136 0.6999999881
18943  -0.911  -58.637  -4.928 0.6000000238
114523  -1.902  -58.700  -5.593 0.6000000238
21363  -10.416  -55.016  -3.825 0.8999999762
18956  -1.375  -58.298  -5.211 0.6000000238
116308  -4.389  -60.097  -0.459 0.6999999881
21379  -12.649  -55.419  -4.228 0.8000000119
20533  -1.952  -55.863  -4.072 0.6999999881
116763  -3.534  -54.624  -7.660 0.6000000238
23215  -11.883  -53.809  -8.776 1.0000000000
23213  -9.933  -54.005  -9.107 1.0000000000
22315  -20.263  -54.345  -6.501 0.4000000060
114519  -14.070  -52.211  -9.483 1.0000000000
123100  -3.949  -52.789  -8.161 0.6000000238
25667  -5.643  -49.986  -8.629 0.6000000238
26488  -6.416  -49.179  -9.104 0.6999999881
24032  -3.991  -51.768  -7.212 0.6000000238
24039  -4.356  -51.824  -8.258 0.6000000238
24869  -17.872  -51.701  -8.514 0.6000000238
24856  -18.790  -51.750  -8.031 0.6000000238
24852  -4.620  -50.965  -7.590 0.6999999881
25675  -16.594  -50.015  -9.319 0.6000000238
130114  -17.344  -51.349  -8.807 0.6000000238
24853  -5.080  -50.629  -7.422 0.6999999881
27350  -9.007  -46.762  -10.088 0.5000000000
26496  -14.958  -49.934  -9.982 0.6000000238
25674  -15.789  -49.919  -9.631 0.6000000238
27353  -14.404  -48.146  -10.536 0.5000000000
28216  -12.998  -46.796  -11.311 0.3000000119
28200  -8.570  -46.684  -10.323 0.5000000000
70  -8.525  -93.477  -9.869 0.8999999762
22  -10.378  -94.281  -9.272 0.8000000119
23  -11.922  -94.246  -9.944 0.8000000119
18  -12.328  -94.215  -8.769 0.8000000119
28  -12.405  -94.128  -10.834 0.8000000119
19  -13.367  -93.934  -8.774 0.6999999881
111848  -13.843  -93.698  -9.777 0.6999999881
121937  -10.884  -94.164  -11.301 0.8000000119
31  -9.786  -94.051  -11.617 0.8999999762
35  -12.862  -93.913  -11.600 0.8000000119
115392  -14.415  -93.290  -11.651 0.8000000119
77  -15.228  -92.973  -10.806 0.6999999881
82  -13.427  -93.597  -12.202 0.8000000119
823  -3.718  -88.037  -7.957 0.6999999881
811  -4.157  -88.893  -7.475 0.6000000238
266  -4.527  -90.438  -8.906 1.0000000000
158  -6.991  -91.855  -7.322 0.8000000119
126910  -5.395  -91.364  -7.593 0.8000000119
195  -15.727  -92.536  -10.104 0.6000000238
83  -15.281  -92.814  -11.791 0.6999999881
72  -15.200  -93.033  -9.998 0.6000000238
205  -17.187  -91.449  -11.499 0.6999999881
287  -17.699  -91.308  -10.791 0.5000000000
310  -16.841  -91.784  -13.216 0.6999999881
214  -15.385  -92.507  -13.771 0.8000000119
840  -3.640  -87.999  -10.064 0.8999999762
1885  -3.179  -86.026  -12.201 0.8000000119
407  -4.567  -89.841  -9.853 1.0000000000
281  -5.733  -90.555  -10.521 1.0000000000
71  -14.765  -93.256  -9.457 0.6000000238
311  -17.350  -91.383  -12.375 0.6999999881
129848  -17.894  -91.143  -12.623 0.6999999881
88  -12.356  -93.135  -13.403 1.0000000000
218  -14.982  -92.187  -14.666 0.8999999762
212  -13.280  -92.352  -14.082 1.0000000000
215  -16.117  -92.188  -13.772 0.8000000119
116186  -16.285  -91.598  -15.491 0.8000000119
2296  -0.687  -84.547  -10.732 0.8000000119
2279  -1.358  -84.443  -9.353 0.6000000238
2747  -2.305  -83.885  -11.748 0.6999999881
115157  -1.471  -84.389  -11.252 0.8999999762
1863  -3.295  -86.256  -10.639 0.6999999881
1524  -2.452  -85.583  -13.816 0.8999999762
198  -6.617  -91.502  -10.934 1.0000000000
122224  -7.729  -92.431  -11.052 1.0000000000
427  -19.641  -90.462  -11.932 0.6000000238
89  -13.126  -93.282  -13.302 0.8000000119
318  -18.643  -90.718  -13.411 0.6000000238
446  -20.094  -89.930  -13.785 0.6000000238
130539  -15.776  -91.534  -15.707 0.8000000119
2326  -2.218  -84.737  -12.464 0.8999999762
851  -4.252  -88.486  -10.572 1.0000000000
293  -5.691  -90.119  -10.958 1.0000000000
421  -5.390  -89.535  -11.097 1.0000000000
124624  -7.829  -93.187  -7.901 0.8000000119
319  -14.335  -91.474  -14.446 1.0000000000
324  -15.525  -91.232  -15.564 0.8999999762
460  -18.679  -90.631  -15.963 0.6999999881
476  -18.455  -89.910  -17.682 0.8000000119
113395  -18.912  -90.379  -16.565 0.6999999881
451  -16.163  -90.369  -15.885 0.8999999762
466  -16.701  -90.516  -16.364 0.8999999762
679  -18.471  -89.498  -17.686 0.8000000119
2324  -0.869  -84.243  -12.461 0.8999999762
120782  -0.228  -84.475  -10.953 0.8999999762
114125  -1.017  -84.303  -13.411 0.8999999762
2325  -1.656  -84.397  -12.698 0.8999999762
862  -4.911  -88.589  -12.389 1.0000000000
875  -4.725  -88.326  -13.173 1.0000000000
876  -5.340  -88.448  -13.323 1.0000000000
1200  -4.232  -87.342  -14.305 1.0000000000
1540  -4.713  -86.582  -14.728 1.0000000000
129310  -5.336  -88.902  -12.313 1.0000000000
1199  -3.514  -87.163  -14.122 0.8999999762
433  -5.790  -89.994  -11.911 1.0000000000
1919  -2.242  -85.079  -15.238 0.8999999762
2351  -1.405  -84.620  -14.650 0.8999999762
296  -7.058  -91.380  -11.432 1.0000000000
110961  -8.017  -92.271  -11.254 1.0000000000
615  -7.926  -89.648  -11.206 1.0000000000
2837  -4.019  -83.592  -20.075 0.6000000238
121335  -3.091  -82.971  -19.957 0.5000000000
3299  -3.641  -82.840  -19.456 0.6999999881
201  -10.329  -92.515  -12.009 1.0000000000
2401  -4.882  -85.164  -18.803 0.8000000119
2402  -5.793  -84.549  -18.598 0.8000000119
1560  -6.658  -86.839  -16.679 0.8000000119
1567  -5.776  -87.242  -17.411 0.8000000119
1931  -8.015  -85.487  -16.196 0.8999999762
645  -7.378  -89.270  -15.990 0.6999999881
674  -20.315  -88.815  -17.783 0.6999999881
935  -19.376  -88.586  -17.877 0.8000000119
1564  -18.369  -86.591  -16.513 0.8000000119
1822  -0.488  -84.161  -7.750 0.6999999881
2277  0.035  -84.437  -9.598 0.8999999762
117743  0.290  -83.500  -11.100 0.8999999762
2732  0.284  -83.862  -10.309 0.8999999762
113236  -2.620  -85.115  -12.911 0.8999999762
2340  -6.872  -85.089  -14.017 1.0000000000
116929  -0.490  -83.029  -13.957 0.8999999762
3247  -0.796  -82.690  -14.546 0.8999999762
298  -9.721  -92.063  -11.349 1.0000000000
285  -11.776  -91.714  -11.033 1.0000000000
274  -11.718  -91.262  -10.009 1.0000000000
424  -14.099  -90.372  -11.043 0.8999999762
425  -14.694  -89.535  -11.158 0.8999999762
437  -14.882  -89.841  -12.872 0.8999999762
309  -14.370  -90.548  -13.236 1.0000000000
1953  -4.436  -84.716  -19.787 0.6000000238
123027  -4.469  -85.566  -18.971 0.6999999881
1577  -4.970  -86.684  -18.523 0.8000000119
442  -14.513  -90.826  -14.052 1.0000000000
1963  -5.048  -85.688  -19.907 0.5000000000
1954  -4.632  -85.567  -19.447 0.5000000000
1242  -5.229  -87.055  -18.412 0.5000000000
1228  -5.863  -87.905  -17.527 0.6000000238
635  -9.732  -89.686  -14.813 0.8000000119
885  -9.642  -89.054  -14.405 0.8999999762
639  -15.982  -89.721  -14.954 0.8999999762
119800  -18.801  -85.985  -19.036 0.8000000119
1584  -19.426  -86.038  -18.740 0.8000000119
1248  -20.414  -87.301  -18.805 0.6999999881
1598  -20.047  -86.401  -19.297 0.6999999881
2693  0.013  -84.422  -6.783 0.8000000119
110017  -0.207  -84.335  -8.845 0.8000000119
1920  -3.129  -85.207  -15.410 0.8999999762
1908  -4.263  -85.931  -15.144 1.0000000000
2353  -5.644  -84.839  -15.011 1.0000000000
3262  -2.170  -82.878  -15.389 1.0000000000
610  -8.750  -89.641  -10.408 1.0000000000
601  -10.744  -89.433  -9.278 1.0000000000
409  -10.797  -90.305  -9.370 1.0000000000
426  -15.149  -89.272  -11.895 0.8999999762
630  -15.944  -89.080  -13.780 0.8999999762
882  -16.793  -88.104  -14.203 0.8999999762
129330  -6.082  -88.187  -17.501 0.5000000000
675  -6.710  -88.888  -18.092 0.5000000000
657  -6.698  -89.315  -17.119 0.5000000000
658  -7.130  -89.853  -16.699 0.6000000238
647  -9.502  -90.202  -15.349 0.6999999881
648  -10.246  -90.048  -15.068 0.6999999881
649  -10.989  -89.799  -14.911 0.6999999881
121729  -20.805  -87.547  -19.099 0.5000000000
1573  -17.813  -86.287  -17.070 0.8000000119
2799  -3.533  -83.574  -15.490 1.0000000000
126788  -4.658  -83.422  -15.315 1.0000000000
2800  -5.424  -83.571  -15.154 1.0000000000
2355  -7.177  -84.251  -14.248 1.0000000000
831  -10.793  -88.567  -9.423 0.8999999762
1554  -8.657  -86.667  -14.848 0.8999999762
871  -16.095  -87.850  -12.831 0.8999999762
462  -7.750  -90.413  -16.875 0.5000000000
471  -8.456  -90.842  -17.241 0.5000000000
660  -11.664  -90.045  -15.733 0.6999999881
1558  -17.119  -86.686  -15.425 0.8999999762
475  -12.465  -90.598  -17.651 0.6999999881
330  -9.034  -91.045  -17.672 0.5000000000
1596  -18.604  -86.272  -19.653 0.6999999881
3251  -6.625  -82.909  -14.775 1.0000000000
3250  -5.884  -82.370  -14.958 1.0000000000
2787  -7.421  -83.329  -14.421 1.0000000000
1492  -9.786  -86.729  -10.441 1.0000000000
1144  -10.138  -88.139  -9.878 0.8999999762
833  -12.291  -88.872  -9.113 0.8999999762
111062  0.455  -82.474  -7.173 0.8000000119
6394  -1.143  -76.334  -10.678 1.0000000000
115320  -2.968  -76.376  -10.437 1.0000000000
3692  0.428  -81.494  -8.519 0.8999999762
5845  -3.152  -77.290  -11.507 1.0000000000
126916  -1.261  -77.337  -11.683 1.0000000000
3755  -1.186  -80.959  -14.339 1.0000000000
3757  -8.380  -81.891  -14.057 1.0000000000
4281  -2.365  -80.658  -14.392 1.0000000000
3775  -3.934  -81.365  -14.712 1.0000000000
4326  -1.545  -80.564  -17.710 0.6999999881
4327  -2.294  -80.693  -17.657 0.6999999881
120204  -1.705  -79.583  -16.412 0.6999999881
1866  -11.333  -85.364  -10.381 0.8999999762
3812  -2.673  -81.363  -18.264 0.6999999881
2802  -10.416  -83.343  -15.684 0.8999999762
1932  -8.620  -85.131  -15.853 0.8999999762
879  -11.632  -88.472  -13.091 0.8999999762
1182  -14.913  -87.645  -12.312 0.8999999762
897  -12.556  -89.030  -14.662 0.8000000119
1556  -15.846  -86.790  -15.102 0.8999999762
898  -13.333  -88.675  -15.110 0.8000000119
907  -13.594  -88.958  -16.057 0.8000000119
923  -15.276  -88.159  -17.610 0.8000000119
123418  -17.320  -86.417  -17.540 0.8000000119
1234  -16.549  -86.858  -17.569 0.8000000119
127348  -12.166  -90.988  -18.324 0.5000000000
677  -13.723  -90.049  -18.420 0.6000000238
1246  -16.402  -87.303  -18.417 0.8000000119
678  -14.400  -89.620  -18.910 0.6999999881
943  -15.180  -88.887  -18.975 0.6999999881
945  -16.217  -88.112  -19.828 0.6000000238
1257  -16.834  -87.563  -19.862 0.6000000238
947  -15.847  -88.707  -20.669 0.5000000000
957  -18.346  -87.799  -21.872 0.4000000060
3143  0.443  -82.374  -4.164 0.8000000119
3659  0.454  -81.464  -6.764 0.8000000119
4750  0.229  -80.050  -8.476 0.8999999762
125872  0.192  -78.871  -9.620 1.0000000000
4226  0.313  -80.396  -10.098 0.8999999762
4805  -1.748  -78.973  -13.132 1.0000000000
4807  -3.824  -78.986  -12.995 1.0000000000
4272  -6.664  -80.368  -13.820 1.0000000000
127522  -8.672  -81.367  -13.751 1.0000000000
1867  -11.995  -85.741  -10.235 0.8999999762
1868  -12.451  -85.421  -10.534 0.8999999762
2357  -12.361  -84.014  -13.801 0.8999999762
2803  -11.376  -83.369  -15.017 0.8999999762
3617  0.460  -81.841  -3.478 0.6000000238
3645  0.513  -81.396  -5.823 0.8000000119
6979  -2.891  -75.398  -8.454 1.0000000000
7003  -2.397  -75.860  -9.788 1.0000000000
109370  -0.251  -75.446  -8.502 1.0000000000
5835  -6.082  -77.253  -10.549 1.0000000000
6397  -5.830  -76.707  -9.754 1.0000000000
5300  -8.173  -78.244  -10.805 1.0000000000
4826  -5.291  -79.653  -13.406 1.0000000000
4829  -8.068  -80.081  -13.149 1.0000000000
4811  -7.634  -79.446  -12.654 1.0000000000
4140  0.428  -80.799  -3.463 0.6999999881
6966  -5.471  -75.312  -7.094 1.0000000000
6366  -7.036  -76.303  -8.219 1.0000000000
5836  -7.786  -77.648  -10.358 1.0000000000
5837  -8.651  -77.919  -10.040 1.0000000000
4812  -8.595  -79.665  -12.509 1.0000000000
3741  -12.292  -81.252  -12.813 1.0000000000
4871  -9.036  -79.930  -16.539 1.0000000000
110090  -0.034  -76.684  -17.938 0.6999999881
5809  -10.210  -77.125  -8.655 1.0000000000
5360  -9.078  -78.553  -14.372 1.0000000000
4287  -12.746  -80.547  -14.061 1.0000000000
4860  -10.507  -79.759  -16.046 1.0000000000
3794  -11.902  -80.880  -15.619 1.0000000000
4663  -0.424  -79.264  -1.575 0.6000000238
121238  -0.399  -75.701  -6.270 1.0000000000
6431  -4.283  -76.065  -14.101 1.0000000000
5900  -2.641  -78.159  -15.297 1.0000000000
3253  -12.886  -82.550  -13.964 1.0000000000
4628  -0.513  -79.526  0.716 0.5000000000
5759  -0.387  -77.612  -4.625 1.0000000000
7544  -0.443  -74.189  -6.450 1.0000000000
7588  -10.745  -74.605  -11.375 1.0000000000
125480  -11.401  -76.279  -9.926 1.0000000000
7036  -7.692  -75.274  -13.768 1.0000000000
7606  -9.555  -74.473  -12.591 1.0000000000
6414  -9.897  -76.542  -12.359 1.0000000000
6406  -11.124  -76.274  -10.854 1.0000000000
6434  -9.204  -76.779  -12.997 1.0000000000
5856  -12.483  -78.370  -11.485 1.0000000000
5361  -11.805  -78.642  -13.977 1.0000000000
118047  -1.800  -78.110  -14.899 1.0000000000
5164  -0.585  -78.605  0.384 0.6000000238
5196  -0.709  -78.511  -1.180 0.6000000238
8129  -0.859  -73.334  -5.195 1.0000000000
5748  -0.687  -77.404  -3.731 1.0000000000
7527  -0.989  -74.079  -4.812 1.0000000000
6433  -8.402  -76.678  -13.639 1.0000000000
5183  -0.688  -78.484  -0.418 0.6000000238
8117  -1.476  -73.630  -4.456 1.0000000000
6301  -1.700  -76.225  -2.611 0.8000000119
6930  -1.040  -74.833  -4.337 1.0000000000
8196  -10.495  -73.017  -11.864 1.0000000000
108780  -8.839  -74.209  -12.952 1.0000000000
8195  -9.931  -73.129  -12.377 1.0000000000
8210  -9.420  -73.666  -12.661 1.0000000000
9378  -3.477  -72.076  -4.806 1.0000000000
8177  -10.724  -72.819  -10.484 1.0000000000
8830  -8.107  -72.842  -12.456 1.0000000000
8822  -9.728  -72.352  -11.997 1.0000000000
8812  -10.677  -72.199  -10.747 1.0000000000
8828  -6.478  -73.282  -12.427 1.0000000000
6293  -1.760  -76.422  -1.112 0.8000000119
8714  -2.395  -73.588  -2.861 1.0000000000
7521  -1.719  -74.485  -3.174 1.0000000000
8105  -1.924  -73.863  -3.350 1.0000000000
7513  -1.653  -74.659  -2.305 1.0000000000
7500  -1.132  -73.781  -1.807 1.0000000000
8692  -0.998  -72.351  -1.844 1.0000000000
8704  -4.086  -72.826  -2.303 1.0000000000
8763  -9.257  -72.266  -7.375 1.0000000000
7587  -4.075  -73.754  -11.703 1.0000000000
8799  -11.196  -71.731  -9.275 1.0000000000
8820  -7.646  -72.351  -11.926 1.0000000000
9417  -11.395  -71.278  -9.618 1.0000000000
9444  -10.493  -71.736  -10.903 1.0000000000
10764  -10.348  -69.520  -8.872 1.0000000000
8080  -4.607  -73.806  -0.953 1.0000000000
8131  -8.121  -73.300  -4.974 1.0000000000
8119  -7.738  -73.842  -4.142 1.0000000000
8133  -9.857  -73.294  -5.465 1.0000000000
8121  -9.533  -73.591  -4.668 1.0000000000
8109  -9.330  -73.821  -3.855 1.0000000000
8110  -9.985  -73.534  -4.201 1.0000000000
8134  -10.512  -73.083  -5.503 1.0000000000
8181  -2.258  -73.037  -10.454 1.0000000000
8796  -2.023  -72.014  -9.742 1.0000000000
8805  -0.965  -72.748  -10.333 1.0000000000
8815  0.028  -72.471  -11.332 1.0000000000
8695  -7.839  -72.724  -1.175 1.0000000000
8107  -7.476  -74.375  -3.183 1.0000000000
7493  -5.734  -74.121  -0.879 1.0000000000
12076  -1.797  -67.276  -3.876 1.0000000000
11424  -1.807  -67.873  -4.985 1.0000000000
109608  -10.902  -71.353  -4.314 1.0000000000
122244  -1.647  -69.814  -8.342 1.0000000000
10028  -2.286  -70.209  -8.743 1.0000000000
9415  -5.421  -70.896  -9.827 1.0000000000
9425  -0.712  -71.967  -10.083 1.0000000000
8004  -1.976  -73.412  5.152 0.5000000000
8014  -2.038  -73.400  4.286 0.6000000238
109247  -1.060  -72.938  1.197 0.8000000119
9308  -4.730  -72.019  1.446 1.0000000000
10625  -4.310  -70.241  1.552 1.0000000000
9985  -10.647  -70.482  -2.812 1.0000000000
10726  -3.052  -68.761  -6.596 1.0000000000
110437  -5.475  -69.161  -6.221 1.0000000000
10693  -6.829  -69.552  -4.249 1.0000000000
9413  -3.460  -71.143  -9.650 1.0000000000
10039  -3.890  -70.446  -9.291 1.0000000000
10068  0.065  -71.226  -11.086 1.0000000000
10813  -0.306  -69.008  -15.941 0.6000000238
9263  -2.151  -71.862  4.623 0.5000000000
127897  -2.025  -72.093  2.881 0.6999999881
8064  -4.002  -73.452  0.258 1.0000000000
12744  -1.885  -66.153  -3.053 1.0000000000
12776  -0.921  -66.298  -4.541 1.0000000000
11408  -4.573  -68.946  -3.338 1.0000000000
11390  -4.979  -68.069  -2.862 1.0000000000
9986  -11.127  -69.843  -3.089 1.0000000000
10675  -11.004  -69.933  -3.690 1.0000000000
111293  -8.712  -69.722  -5.807 1.0000000000
10768  -0.135  -69.863  -10.267 1.0000000000
8645  -1.736  -72.349  2.307 0.8000000119
8657  -2.560  -72.521  1.071 1.0000000000
10698  -11.253  -69.206  -3.905 1.0000000000
10694  -7.549  -69.630  -4.724 1.0000000000
10695  -8.316  -69.535  -4.631 1.0000000000
9945  -2.396  -71.018  2.654 0.8999999762
11369  -8.429  -68.218  -0.966 1.0000000000
12063  -6.361  -67.058  -2.550 1.0000000000
12799  -0.853  -66.532  -6.352 1.0000000000
12749  -6.671  -66.246  -2.637 1.0000000000
125668  -11.888  -67.719  -2.942 1.0000000000
12085  -11.656  -67.325  -3.414 1.0000000000
124782  -9.297  -66.371  -3.360 1.0000000000
12766  -11.440  -66.571  -3.415 1.0000000000
12136  -0.356  -67.452  -12.278 0.8999999762
13453  -9.392  -64.583  -2.878 1.0000000000
121209  -10.122  -65.784  -3.372 1.0000000000
12751  -8.411  -65.794  -2.952 1.0000000000
110620  -0.938  -66.005  -7.739 1.0000000000
12081  -7.810  -67.685  -3.126 1.0000000000
13470  -11.774  -65.896  -3.009 1.0000000000
14202  -11.998  -64.603  -2.060 1.0000000000
14991  -11.592  -63.858  -2.030 1.0000000000
12128  -0.948  -67.650  -8.577 1.0000000000
12720  -7.376  -66.109  -0.315 1.0000000000
13422  -5.754  -65.297  -0.462 1.0000000000
13426  -9.790  -65.824  -0.221 1.0000000000
118316  -5.756  -65.005  -2.527 1.0000000000
122823  -7.386  -65.032  -2.659 1.0000000000
13454  -11.287  -65.115  -2.948 1.0000000000
117196  -9.780  -63.797  -2.555 1.0000000000
12815  -0.997  -66.843  -8.118 1.0000000000
108648  -2.135  -69.047  1.886 0.6999999881
13424  -7.817  -65.541  -0.137 1.0000000000
14220  -0.612  -64.502  -5.019 0.8999999762
125240  -12.076  -64.193  -0.734 1.0000000000
13534  -0.965  -65.195  -8.166 1.0000000000
14265  -1.170  -65.193  -9.001 1.0000000000
124219  -1.173  -65.872  -10.124 1.0000000000
12821  -0.999  -66.282  -10.760 1.0000000000
112965  -1.312  -67.667  1.652 0.6999999881
118317  -5.264  -64.662  -0.474 1.0000000000
112099  -5.624  -64.003  -0.454 1.0000000000
112802  -0.661  -63.899  -4.403 0.8999999762
111217  -10.212  -63.715  0.976 1.0000000000
14936  -11.387  -62.881  1.253 1.0000000000
15746  -11.933  -62.794  1.000 1.0000000000
17292  -12.748  -60.181  0.198 1.0000000000
15747  -12.269  -62.395  0.675 1.0000000000
17351  -13.960  -61.351  -3.185 1.0000000000
18118  -12.823  -59.304  -0.097 1.0000000000
127004  -12.439  -59.417  0.477 1.0000000000
14950  -1.168  -63.196  0.291 0.6000000238
15756  -1.269  -62.094  0.220 0.6000000238
16475  -11.262  -61.232  1.489 1.0000000000
17279  -11.758  -60.564  1.260 1.0000000000
16564  -0.543  -61.422  -6.081 0.8000000119
109868  -14.698  -60.081  -3.325 1.0000000000
17366  -14.766  -60.847  -4.394 1.0000000000
16488  -9.004  -60.950  0.898 1.0000000000
15782  -2.447  -62.404  -2.701 0.8999999762
18093  -11.475  -59.765  1.257 1.0000000000
120628  -0.547  -62.338  -4.414 0.8999999762
129912  -0.571  -61.630  -4.190 0.8999999762
16561  -0.548  -61.536  -5.027 0.8000000119
19677  -12.091  -57.938  -1.168 1.0000000000
117437  -0.551  -60.804  -4.504 0.8999999762
129650  -0.708  -60.650  -3.892 0.8999999762
17304  -6.614  -60.347  -0.254 0.8999999762
15807  -0.795  -62.138  -3.675 0.8999999762
15784  -3.955  -62.502  -2.507 1.0000000000
19706  -11.415  -57.280  -3.121 1.0000000000
16547  -0.823  -61.235  -3.643 0.8999999762
17347  -0.953  -60.502  -3.465 0.8999999762
16530  -5.073  -61.640  -2.511 1.0000000000
129096  -11.279  -57.738  -0.107 1.0000000000
19727  -13.709  -57.591  -4.449 1.0000000000
17328  -1.390  -60.278  -2.989 0.8999999762
17408  -1.004  -60.624  -7.156 0.6000000238
22282  -11.066  -54.677  -3.213 0.8000000119
125763  -12.261  -54.849  -1.594 0.8000000119
22293  -11.405  -54.837  -3.884 0.8999999762
20509  -10.239  -55.548  -3.580 1.0000000000
20536  -11.524  -55.458  -4.349 0.8000000119
120111  -4.570  -58.593  -0.510 0.5000000000
120406  -5.963  -59.762  -0.503 0.6999999881
18871  -8.617  -58.517  0.251 1.0000000000
19655  -9.045  -57.954  0.041 1.0000000000
20474  -5.594  -56.180  -0.678 0.6999999881
21348  -6.699  -55.268  -1.349 0.8000000119
22280  -9.252  -54.622  -2.696 0.8999999762
21362  -9.661  -54.990  -3.253 0.8999999762
20493  -9.077  -55.620  -2.352 0.8999999762
22264  -9.821  -54.369  -2.329 0.8000000119
19709  -15.563  -58.375  -2.816 0.8000000119
127668  -1.856  -59.804  -2.800 0.8999999762
21333  -12.790  -55.210  -1.351 0.8000000119
22283  -11.944  -54.810  -3.288 0.8000000119
19726  -12.778  -57.533  -4.448 1.0000000000
19735  -13.012  -57.000  -4.854 1.0000000000
19734  -12.698  -56.358  -4.922 0.8999999762
130502  -14.050  -56.124  -2.656 0.8000000119
20511  -14.324  -56.047  -3.716 0.8000000119
121810  -13.487  -55.650  -3.076 0.8000000119
21335  -13.960  -55.918  -0.722 0.6999999881
18115  -3.031  -59.243  -0.185 0.5000000000
22244  -7.880  -54.556  -1.345 0.6999999881
21385  -12.277  -55.683  -4.605 0.8000000119
20538  -13.649  -56.585  -4.865 0.8000000119
20512  -14.697  -56.683  -3.876 0.8000000119
22247  -10.945  -54.495  -0.528 0.8000000119
22245  -8.789  -54.376  -1.363 0.6999999881
20496  -14.151  -56.479  -1.557 0.8000000119
112589  -13.615  -55.336  0.810 0.6000000238
19659  -16.446  -56.619  0.562 0.5000000000
19678  -14.776  -57.293  -1.291 0.8000000119
19732  -1.338  -57.238  -4.186 0.8000000119
18183  -1.561  -59.577  -5.902 0.6000000238
19681  -17.268  -57.112  -0.094 0.5000000000
19680  -16.629  -57.341  -0.174 0.6999999881
21331  -6.453  -55.105  -0.992 0.6000000238
115602  -15.213  -57.770  -2.233 0.8000000119
110626  -16.217  -58.054  -0.857 0.8000000119
19692  -16.698  -58.306  -1.692 0.8000000119
19771  -18.537  -57.788  -6.207 0.8000000119
117329  -11.143  -57.938  -6.748 1.0000000000
20582  -14.691  -56.597  -7.748 1.0000000000
20580  -12.789  -56.508  -7.591 1.0000000000
20513  -18.278  -56.702  -1.946 0.6999999881
20498  -18.558  -56.237  -1.107 0.6000000238
18980  -9.998  -58.199  -6.082 1.0000000000
19777  -9.769  -56.915  -7.128 1.0000000000
21448  -11.968  -55.106  -7.965 1.0000000000
126366  -12.495  -55.696  -7.828 1.0000000000
21431  -16.587  -55.591  -7.876 1.0000000000
21353  -18.389  -55.366  -1.739 0.5000000000
19743  -8.181  -56.907  -4.909 1.0000000000
126258  -11.501  -55.704  -7.782 1.0000000000
23162  -18.179  -54.008  -2.126 0.4000000060
21374  -3.212  -55.166  -3.613 0.8999999762
21391  -5.606  -55.062  -4.918 0.8999999762
21393  -6.998  -55.897  -5.581 1.0000000000
21445  -9.313  -55.301  -8.216 1.0000000000
122184  -11.538  -53.368  -9.258 1.0000000000
21452  -16.223  -54.948  -8.224 1.0000000000
23227  -10.182  -53.330  -9.559 1.0000000000
23178  -18.232  -54.160  -3.801 0.4000000060
23185  -18.741  -54.036  -4.405 0.3000000119
22301  -19.483  -54.874  -4.590 0.4000000060
22307  -20.383  -54.535  -5.879 0.5000000000
22290  -3.071  -54.507  -3.990 0.8999999762
21407  -7.040  -55.422  -6.228 1.0000000000
22298  -3.104  -54.081  -4.376 0.8999999762
118070  -3.231  -54.574  -6.857 0.6000000238
23231  -14.049  -52.971  -9.204 1.0000000000
23186  -19.679  -54.224  -4.952 0.3000000119
22313  -6.905  -54.641  -6.709 1.0000000000
23181  -3.423  -53.463  -4.764 0.8000000119
23195  -3.225  -52.985  -6.106 0.6000000238
127305  -15.398  -52.571  -9.255 0.8999999762
23183  -4.483  -53.197  -4.798 0.8999999762
23202  -7.103  -52.804  -7.411 0.8999999762
24872  -5.253  -50.722  -9.012 0.5000000000
25684  -9.932  -50.024  -10.241 0.8000000119
25669  -7.185  -49.027  -9.090 0.6999999881
24028  -5.742  -51.416  -6.560 0.8000000119
24843  -4.994  -50.875  -6.530 0.8000000119
24878  -14.570  -51.587  -9.616 0.8999999762
24865  -5.977  -50.213  -7.846 0.8000000119
116902  -14.764  -50.746  -9.796 0.8000000119
127485  -8.428  -48.396  -9.693 0.6999999881
126429  -11.462  -49.070  -10.662 0.6999999881
125820  -11.872  -48.628  -10.785 0.6000000238
27352  -12.739  -48.647  -10.842 0.5000000000
28202  -9.753  -46.742  -10.467 0.4000000060
117991  -13.510  -48.332  -10.812 0.5000000000
28203  -13.706  -47.473  -10.986 0.4000000060
2327  -3.205  -84.726  -12.570 0.6999999881
1886  -3.342  -85.312  -12.232 0.6000000238
15841  -0.700  -61.494  -7.531 0.5000000000
121160  -18.502  -50.943  -8.228 0.5000000000
25662  -17.403  -50.078  -8.876 0.5000000000
26498  -16.284  -49.226  -9.497 0.5000000000
26499  -17.093  -49.246  -9.102 0.5000000000
26516  -14.705  -49.059  -10.229 0.5000000000
27340  -16.012  -48.492  -9.728 0.5000000000
27354  -15.279  -48.371  -10.112 0.4000000060
1875  -3.151  -85.990  -11.695 0.6999999881
24035  -19.125  -52.495  -7.786 0.4000000060
26497  -15.505  -49.172  -9.859 0.5000000000
116756  -7.768  -92.011  -6.607 0.5000000000
45  -8.451  -92.991  -6.238 0.5000000000
3  -9.115  -93.748  -6.289 0.6000000238
54  -11.456  -93.760  -6.212 0.5000000000
52  -8.044  -92.890  -6.778 0.6000000238
4  -9.977  -94.028  -6.412 0.6000000238
6  -11.819  -94.034  -6.971 0.5000000000
60  -12.602  -93.844  -7.268 0.5000000000
123008  -8.446  -93.459  -7.096 0.6000000238
9  -10.379  -94.189  -7.271 0.6000000238
16  -10.656  -94.301  -8.240 0.6000000238
17  -11.559  -94.301  -8.268 0.6999999881
11  -12.126  -94.178  -7.768 0.5000000000
14288  -1.573  -64.529  -12.913 0.5000000000
117467  -1.630  -64.075  -12.326 0.5000000000
15070  -1.646  -63.318  -10.886 0.5000000000
21405  -2.742  -54.748  -5.584 0.5000000000
23224  -4.403  -53.022  -9.284 0.5000000000
13568  -1.312  -65.461  -13.753 0.5000000000
20562  -2.665  -55.523  -5.669 0.5000000000
22344  -3.820  -54.749  -8.647 0.5000000000
16572  -0.536  -60.999  -7.027 0.4000000060
21406  -2.981  -55.036  -6.330 0.5000000000
118153  -3.709  -53.751  -7.957 0.5000000000
23200  -3.583  -52.804  -7.137 0.5000000000
51  -7.539  -92.463  -7.255 0.5000000000
59  -7.772  -92.960  -7.295 0.6999999881
15  -9.728  -94.200  -8.513 0.6999999881
12  -12.953  -94.049  -7.964 0.5000000000
2  -8.529  -93.349  -6.661 0.6000000238
0  -9.624  -93.683  -5.813 0.6000000238
5  -10.916  -94.058  -6.668 0.6000000238
123628  -9.892  -94.192  -7.768 0.6000000238
122234  -6.016  -49.424  -9.584 0.5000000000
26493  -6.340  -49.044  -9.532 0.5000000000
26508  -6.726  -48.580  -10.072 0.5000000000
27339  -7.283  -48.088  -9.864 0.5000000000
27362  -7.383  -47.959  -10.414 0.4000000060
27349  -7.919  -47.360  -10.101 0.4000000060
26509  -7.771  -47.954  -9.698 0.5000000000
126085  -8.319  -46.771  -10.555 0.4000000060
116597  -8.545  -47.473  -9.892 0.4000000060
28201  -8.984  -46.075  -10.421 0.4000000060
29079  -9.703  -45.797  -10.843 0.3000000119
116439  -10.654  -45.723  -11.261 0.3000000119
25668  -5.980  -49.405  -9.076 0.5000000000
25682  -5.728  -49.954  -9.363 0.5000000000
26494  -6.844  -48.703  -9.559 0.5000000000
125138  -7.321  -48.411  -9.533 0.5000000000
26507  -6.279  -49.266  -10.095 0.5000000000
28213  -8.644  -46.189  -10.712 0.3000000119
22365  -4.342  -54.325  -10.032 0.4000000060
116082  -4.725  -54.685  -10.909 0.4000000060
23225  -4.991  -52.752  -9.917 0.4000000060
23238  -4.870  -53.702  -10.367 0.4000000060
24073  -5.464  -53.106  -10.740 0.4000000060
22374  -5.350  -54.160  -11.255 0.4000000060
118457  -5.368  -51.956  -10.040 0.4000000060
24062  -5.988  -52.270  -11.218 0.3000000119
24886  -5.763  -50.996  -10.145 0.4000000060
25683  -6.006  -50.038  -10.193 0.4000000060
24897  -6.296  -51.066  -11.110 0.4000000060
24898  -6.827  -50.925  -11.975 0.3000000119
25697  -6.499  -50.053  -10.928 0.4000000060
26535  -7.607  -49.569  -12.218 0.3000000119
25698  -7.040  -49.898  -11.605 0.3000000119
26522  -7.133  -48.843  -11.051 0.3000000119
122911  -7.835  -48.421  -11.655 0.3000000119
27363  -7.904  -47.295  -10.772 0.3000000119
122804  -8.122  -49.286  -12.789 0.3000000119
126297  -6.662  -49.228  -10.683 0.4000000060
25711  -7.483  -50.719  -12.775 0.3000000119
25712  -8.062  -50.196  -13.330 0.3000000119
27377  -8.276  -47.650  -11.692 0.3000000119
1  -8.155  -93.258  -7.176 0.6999999881
7  -8.467  -93.597  -7.685 0.6999999881
8  -9.181  -94.020  -7.758 0.6999999881
10  -11.266  -94.220  -7.523 0.6000000238
20  -8.266  -93.445  -9.288 0.8999999762
26  -10.306  -94.140  -10.980 0.8999999762
32  -10.434  -94.100  -11.936 0.8000000119
36  -9.987  -93.915  -12.285 0.8999999762
68  -7.295  -92.686  -9.518 0.8999999762
79  -8.792  -93.336  -11.615 0.8999999762
80  -9.387  -93.810  -11.997 0.8999999762
87  -10.832  -93.377  -12.807 0.8999999762
93  -13.944  -93.074  -13.681 0.8000000119
159  -7.704  -92.193  -6.893 0.5000000000
170  -6.969  -92.124  -7.555 0.8000000119
178  -6.611  -92.235  -8.036 0.8000000119
263  -4.895  -90.911  -7.373 0.8000000119
271  -5.132  -90.504  -9.899 0.8999999762
272  -5.245  -91.184  -9.166 0.8999999762
280  -5.184  -89.956  -10.517 1.0000000000
301  -13.384  -91.011  -11.232 0.8999999762
312  -18.427  -90.859  -12.623 0.6999999881
325  -16.008  -91.233  -16.087 0.8000000119
328  -16.165  -90.873  -16.188 0.8999999762
331  -9.561  -91.179  -17.748 0.5000000000
398  -4.442  -90.236  -7.378 0.6999999881
405  -4.075  -89.991  -8.168 0.6999999881
408  -10.022  -89.994  -9.557 1.0000000000
422  -5.807  -90.062  -11.407 1.0000000000
434  -6.069  -90.540  -11.514 1.0000000000
435  -6.855  -90.517  -11.899 1.0000000000
456  -9.284  -90.801  -16.099 0.6000000238
457  -10.132  -90.537  -15.767 0.6999999881
458  -10.793  -90.230  -15.521 0.6999999881
461  -19.476  -90.169  -15.571 0.6999999881
576  -4.559  -89.699  -7.124 0.6999999881
599  -4.069  -89.632  -9.105 1.0000000000
604  -13.395  -89.365  -9.362 0.8999999762
608  -4.295  -89.017  -10.162 0.8999999762
619  -5.305  -89.054  -11.732 1.0000000000
622  -6.639  -89.860  -12.276 1.0000000000
629  -5.237  -88.817  -12.791 1.0000000000
659  -8.697  -90.256  -15.712 0.6000000238
668  -6.839  -89.288  -17.547 0.5000000000
830  -3.473  -87.970  -9.327 0.8000000119
832  -11.607  -88.228  -9.379 0.8999999762
841  -3.865  -88.611  -9.809 1.0000000000
852  -7.639  -88.033  -11.945 1.0000000000
857  -14.830  -88.677  -11.166 0.8999999762
861  -4.136  -88.037  -11.479 0.8999999762
905  -6.292  -88.623  -17.126 0.5000000000
911  -21.446  -88.306  -16.765 0.6000000238
917  -6.384  -88.575  -17.572 0.5000000000
1126  -4.320  -88.187  -7.414 0.6000000238
1153  -3.398  -87.468  -9.839 0.8999999762
1155  -10.327  -87.256  -10.015 0.8999999762
1176  -3.522  -87.104  -12.670 0.8999999762
1187  -3.297  -86.782  -13.256 0.8999999762
1189  -4.116  -87.776  -13.684 1.0000000000
1196  -16.674  -87.725  -13.981 0.8999999762
1198  -3.163  -86.740  -13.923 0.8999999762
1201  -5.237  -87.190  -14.265 1.0000000000
1207  -17.047  -87.666  -14.679 0.8999999762
1212  -14.670  -87.535  -15.108 0.8000000119
1220  -16.107  -86.789  -15.793 0.8000000119
1227  -5.316  -87.291  -17.981 0.6000000238
1241  -4.925  -86.608  -18.797 0.4000000060
1479  -3.313  -87.239  -9.380 0.8000000119
1489  -3.257  -86.680  -9.574 0.6999999881
1510  -3.288  -86.537  -12.531 0.8999999762
1531  -16.212  -87.035  -13.896 0.8999999762
1538  -3.090  -86.616  -14.393 0.8999999762
1546  -15.930  -86.842  -14.406 0.8999999762
1555  -15.337  -87.051  -14.682 0.8999999762
1595  -17.954  -86.649  -19.726 0.8000000119
1811  -0.700  -84.461  -7.172 0.6000000238
1838  -0.897  -84.215  -7.882 0.6000000238
1887  -3.741  -85.441  -11.631 0.6000000238
1905  -1.800  -85.041  -14.485 0.8999999762
1906  -2.273  -85.510  -14.714 0.8999999762
1907  -3.325  -85.911  -15.185 0.8999999762
1921  -3.898  -85.346  -15.389 1.0000000000
1923  -8.448  -85.915  -15.445 0.8999999762
1945  -4.526  -85.236  -19.349 0.6000000238
2226  -0.257  -84.812  -5.258 0.6999999881
2253  -0.353  -84.303  -7.267 0.6999999881
2261  -0.228  -84.200  -8.085 0.6999999881
2263  -1.063  -84.381  -8.503 0.6999999881
2295  -0.159  -84.590  -10.155 0.8000000119
2339  -1.412  -84.690  -14.084 0.8999999762
2350  -1.009  -84.234  -14.243 0.8999999762
2352  -1.751  -85.021  -14.849 0.8999999762
2367  -5.104  -84.234  -15.269 1.0000000000
2368  -5.915  -84.034  -15.031 1.0000000000
2370  -10.992  -84.619  -14.322 0.8999999762
2399  -4.345  -84.183  -19.824 0.6000000238
2428  -4.255  -83.874  -21.006 0.5000000000
2429  -4.635  -84.247  -21.432 0.5000000000
2682  0.168  -84.184  -5.331 0.6000000238
2714  0.340  -83.485  -8.602 0.8000000119
2733  -2.349  -83.636  -11.022 0.6999999881
2746  -0.340  -84.068  -12.036 0.8999999762
2759  -0.203  -83.604  -12.651 0.8999999762
2761  -3.003  -84.024  -12.593 0.6999999881
2785  -1.084  -84.001  -14.901 0.8999999762
2797  -1.547  -83.485  -15.225 0.8999999762
2798  -2.415  -83.736  -15.457 1.0000000000
2809  -9.245  -83.150  -16.824 0.8999999762
2829  -7.253  -82.736  -18.450 0.8000000119
2858  -2.971  -83.239  -21.291 0.5000000000
3160  0.489  -82.272  -6.276 0.8000000119
3185  0.474  -82.897  -9.789 0.8999999762
3201  0.352  -82.724  -11.511 0.8999999762
3216  -0.147  -82.906  -13.282 0.8999999762
3263  -3.035  -82.783  -15.424 1.0000000000
3266  -5.390  -83.006  -15.134 1.0000000000
3280  -10.599  -82.440  -16.125 0.8999999762
3289  -7.786  -82.254  -18.202 0.8000000119
3290  -8.458  -82.375  -17.791 0.8999999762
3291  -8.812  -81.670  -17.573 0.8999999762
3297  -2.245  -82.036  -19.414 0.6000000238
3300  -4.665  -82.889  -19.192 0.8000000119
3310  -2.461  -82.495  -19.799 0.6000000238
3635  0.520  -81.867  -4.946 0.8000000119
3772  -0.953  -81.777  -14.528 0.8999999762
3778  -6.590  -81.736  -14.592 1.0000000000
3791  -3.497  -82.015  -15.131 1.0000000000
3793  -5.165  -81.922  -14.976 1.0000000000
3811  -1.989  -81.153  -18.303 0.6999999881
3816  -7.227  -81.182  -17.872 1.0000000000
4254  -0.233  -80.716  -13.020 1.0000000000
4269  -3.895  -80.119  -13.963 1.0000000000
4277  -12.656  -80.268  -13.541 1.0000000000
4282  -3.424  -80.705  -14.377 1.0000000000
4286  -7.098  -81.051  -14.195 1.0000000000
4300  -11.289  -80.164  -15.868 1.0000000000
4311  -2.878  -80.136  -17.069 0.8999999762
4314  -5.875  -80.270  -16.687 1.0000000000
4317  -9.898  -80.673  -16.828 1.0000000000
4338  -1.470  -80.805  -18.363 0.6999999881
4342  -0.454  -80.055  -19.850 0.6999999881
4347  -0.619  -79.783  -20.982 0.6000000238
4672  -0.086  -79.732  -2.388 0.6000000238
4712  0.049  -78.739  -5.524 0.8999999762
4735  0.236  -79.991  -7.632 0.8999999762
4778  -10.677  -79.342  -10.597 1.0000000000
4789  -0.359  -79.331  -12.180 1.0000000000
4814  -10.749  -79.927  -11.951 1.0000000000
4821  -0.707  -79.989  -13.190 1.0000000000
4823  -2.391  -79.501  -13.619 1.0000000000
4828  -7.149  -79.854  -13.293 1.0000000000
4842  -12.590  -79.850  -14.215 1.0000000000
4855  -0.689  -79.175  -16.227 0.8000000119
4865  -2.493  -79.531  -16.570 0.6999999881
4867  -4.450  -79.570  -16.489 1.0000000000
4872  -9.833  -80.082  -16.571 1.0000000000
4877  -0.344  -79.581  -16.952 0.6999999881
4895  -0.102  -79.312  -20.520 0.6000000238
5219  -0.272  -78.112  -4.050 0.8999999762
5269  0.017  -78.424  -7.005 1.0000000000
5289  -11.453  -78.391  -9.487 1.0000000000
5305  -12.346  -78.644  -10.350 1.0000000000
5313  -1.339  -77.861  -12.281 1.0000000000
5315  -4.803  -77.939  -11.671 1.0000000000
5319  -8.613  -78.765  -11.276 1.0000000000
5326  -0.633  -78.791  -12.219 1.0000000000
5328  -2.089  -78.207  -12.655 1.0000000000
5332  -6.264  -78.711  -12.264 1.0000000000
5362  -12.400  -79.216  -13.834 1.0000000000
5370  -0.503  -78.586  -15.694 0.8000000119
5381  -11.426  -79.043  -15.168 1.0000000000
5385  -1.253  -79.309  -16.156 0.8999999762
5396  0.122  -79.027  -17.157 0.8000000119
5406  0.282  -78.586  -17.973 0.6999999881
5445  -0.358  -78.733  -20.960 0.4000000060
5707  -0.888  -77.715  0.094 0.6000000238
5734  -1.398  -77.207  -1.374 0.6000000238
5783  -0.090  -77.756  -6.794 1.0000000000
5808  -9.432  -77.131  -8.626 1.0000000000
5833  -0.208  -77.456  -10.485 1.0000000000
5834  -5.271  -77.073  -10.556 1.0000000000
5843  -0.638  -77.402  -11.124 1.0000000000
5844  -2.192  -77.241  -11.631 1.0000000000
5847  -5.532  -77.605  -11.127 1.0000000000
5849  -7.303  -77.946  -11.072 1.0000000000
5855  -11.983  -77.861  -11.951 1.0000000000
5887  -1.403  -77.691  -14.458 1.0000000000
5889  -4.349  -77.082  -14.912 1.0000000000
5890  -5.994  -77.075  -15.000 1.0000000000
5926  0.134  -77.631  -18.064 0.6999999881
6307  -1.017  -76.570  -3.780 1.0000000000
6379  -0.149  -76.465  -9.552 1.0000000000
6402  -0.981  -76.822  -11.124 1.0000000000
6403  -1.622  -76.784  -11.150 1.0000000000
6429  -0.696  -76.305  -13.820 1.0000000000
6447  -0.348  -76.694  -14.384 1.0000000000
6454  -7.699  -76.623  -14.162 1.0000000000
6856  -0.979  -75.541  4.629 0.5000000000
6868  -1.517  -75.215  3.173 0.6999999881
6978  -1.544  -75.009  -8.840 1.0000000000
6980  -3.696  -75.604  -8.254 1.0000000000
6992  -0.693  -76.109  -10.034 1.0000000000
7004  -11.149  -75.294  -10.560 1.0000000000
7016  -1.896  -75.343  -12.728 1.0000000000
7029  0.056  -75.300  -13.861 1.0000000000
7045  -4.993  -75.721  -14.118 1.0000000000
7099  -0.215  -74.934  -19.234 0.6000000238
7474  -1.417  -74.801  1.476 0.8000000119
7484  -0.853  -73.796  0.033 0.8999999762
7492  -5.120  -74.017  -0.697 1.0000000000
7503  -6.404  -74.193  -1.292 1.0000000000
7504  -7.083  -74.356  -1.758 1.0000000000
7514  -5.885  -74.286  -1.468 1.0000000000
7522  -7.002  -74.496  -2.455 1.0000000000
7535  -0.638  -74.081  -5.613 1.0000000000
7569  -0.594  -74.693  -8.124 1.0000000000
7615  -5.062  -75.096  -13.519 1.0000000000
7630  0.272  -75.041  -15.179 0.8999999762
7697  -0.570  -74.717  -20.214 0.5000000000
8095  -6.307  -74.309  -2.517 1.0000000000
8096  -8.591  -74.060  -2.629 1.0000000000
8144  -0.962  -73.022  -6.297 1.0000000000
8180  -1.582  -73.249  -10.556 1.0000000000
8182  -3.125  -73.049  -10.744 1.0000000000
8187  -0.025  -73.163  -11.733 1.0000000000
8191  -3.154  -73.730  -11.379 1.0000000000
8194  -6.103  -72.826  -11.763 1.0000000000
8226  -7.813  -73.952  -13.187 1.0000000000
8239  0.314  -74.173  -15.296 0.8000000119
8240  0.260  -73.901  -16.129 0.8000000119
8635  -1.940  -72.487  3.048 0.6999999881
8669  -0.873  -72.331  0.805 0.8999999762
8682  -0.856  -72.180  -0.870 1.0000000000
8694  -3.993  -73.161  -1.371 1.0000000000
8702  -1.233  -72.712  -1.951 1.0000000000
8736  -1.433  -73.345  -4.672 1.0000000000
8737  -1.673  -72.873  -4.863 1.0000000000
8746  -11.004  -72.760  -5.935 1.0000000000
8759  -5.295  -72.416  -6.544 1.0000000000
8806  -1.722  -72.671  -10.096 1.0000000000
8809  -4.851  -72.442  -10.867 1.0000000000
8818  -5.506  -72.691  -11.335 1.0000000000
8853  0.348  -72.760  -14.472 0.8999999762
8862  0.372  -72.420  -15.471 0.8999999762
9297  -3.859  -72.106  1.656 1.0000000000
9366  -3.377  -72.207  -4.144 1.0000000000
9388  -11.939  -70.787  -7.085 1.0000000000
9397  -11.928  -71.164  -7.381 1.0000000000
9402  -11.942  -71.229  -8.038 1.0000000000
9424  -0.231  -71.685  -10.496 1.0000000000
9426  -3.940  -71.700  -10.112 1.0000000000
9432  -10.274  -71.150  -10.673 1.0000000000
9481  0.322  -71.401  -15.772 0.6999999881
9497  0.079  -70.930  -16.952 0.8999999762
10018  -11.810  -70.256  -7.240 1.0000000000
10027  -1.458  -70.521  -8.820 1.0000000000
10037  -2.046  -70.832  -9.071 1.0000000000
10045  -10.650  -70.334  -9.946 1.0000000000
10076  0.259  -70.429  -13.111 1.0000000000
10689  -2.843  -68.572  -5.123 1.0000000000
10747  -1.137  -70.064  -8.542 1.0000000000
10755  -11.090  -69.599  -8.628 1.0000000000
10756  -11.712  -69.952  -8.663 1.0000000000
10763  -9.299  -69.551  -8.940 1.0000000000
10812  0.134  -69.873  -15.356 0.8999999762
10849  -0.928  -69.340  -18.047 0.5000000000
11425  -2.457  -68.267  -4.659 1.0000000000
12097  -1.607  -67.448  -4.596 1.0000000000
12112  -1.470  -67.578  -5.209 1.0000000000
12123  -0.957  -67.299  -6.463 1.0000000000
12156  -0.511  -67.480  -14.131 0.6999999881
12717  -3.639  -66.064  -0.336 1.0000000000
12763  -1.561  -66.568  -3.621 1.0000000000
12843  -0.944  -66.146  -13.530 0.6999999881
13419  -1.847  -64.577  -0.106 0.6000000238
13467  -1.354  -65.804  -3.522 0.8999999762
15743  -7.839  -62.374  0.305 1.0000000000
16486  -7.464  -61.786  0.206 1.0000000000
16487  -8.452  -61.344  0.620 1.0000000000
16499  -2.306  -60.995  -0.136 0.6999999881
16527  -1.231  -61.051  -3.118 0.8999999762
17291  -9.487  -60.350  1.151 1.0000000000
18887  -4.657  -57.730  -0.539 0.5000000000
19657  -10.665  -57.754  0.165 1.0000000000
19673  -6.855  -56.848  -1.173 0.8000000119
20475  -6.085  -55.684  -1.148 0.8000000119
20478  -8.587  -56.134  -1.682 1.0000000000
20527  -14.223  -56.150  -4.521 0.8000000119
20537  -11.711  -56.110  -4.566 0.8000000119
21364  -12.736  -55.219  -3.555 0.8000000119
21377  -11.031  -55.050  -4.172 0.8999999762
21378  -11.809  -55.147  -4.213 0.8000000119
22242  -6.938  -54.932  -1.472 0.8000000119
22281  -10.136  -54.673  -3.215 0.8999999762
22292  -10.725  -54.868  -3.795 0.8000000119
22294  -12.103  -54.941  -3.913 0.8000000119
108742  -2.800  -73.200  -3.038 1.0000000000
108789  -2.849  -72.216  -2.704 1.0000000000
109078  -8.803  -93.734  -7.027 0.6000000238
109432  -8.993  -89.564  -14.939 0.8000000119
110257  -9.526  -94.060  -7.054 0.6000000238
110380  0.456  -82.141  -7.973 0.8999999762
111430  -7.894  -82.902  -17.981 0.8999999762
112013  -7.403  -70.144  -9.544 1.0000000000
112516  0.467  -82.106  -9.245 0.8999999762
112722  -4.077  -64.022  -0.432 0.6999999881
112741  0.360  -80.705  -7.193 0.8999999762
113111  0.386  -81.541  -2.746 0.6000000238
113122  -0.640  -78.534  -1.835 0.6000000238
113317  -5.230  -77.057  -15.032 1.0000000000
113736  0.211  -74.524  -13.853 1.0000000000
114027  -6.924  -77.432  -10.528 1.0000000000
114516  -0.149  -78.151  2.407 0.5000000000
114676  -1.703  -61.888  -10.020 0.6999999881
115183  0.398  -81.151  -10.328 0.8999999762
115221  -1.645  -76.598  -1.944 0.8000000119
115285  -10.520  -76.396  -11.688 1.0000000000
115647  -1.345  -64.720  0.282 0.6000000238
116382  -0.603  -70.412  -18.128 0.6000000238
116417  0.291  -81.200  -11.730 0.8999999762
116621  -1.369  -65.095  -13.047 0.5000000000
116684  0.369  -71.170  -14.589 0.8999999762
116724  -1.849  -74.380  -11.721 1.0000000000
116974  0.240  -79.589  -9.850 0.8999999762
117818  -0.544  -79.270  -0.164 0.6000000238
118046  -11.707  -70.635  -9.216 1.0000000000
118619  -5.782  -72.523  -7.075 1.0000000000
119770  0.093  -84.164  -8.763 0.8000000119
119888  -4.634  -86.075  -18.962 0.5000000000
120487  -3.573  -60.046  -0.334 0.6999999881
120611  -5.129  -74.244  -6.653 1.0000000000
120881  0.524  -80.927  -4.994 0.8000000119
120981  -0.693  -84.616  -9.841 0.6000000238
121126  0.180  -71.057  -11.992 1.0000000000
121355  -8.693  -93.745  -9.337 0.8000000119
121515  -2.643  -85.669  -15.086 0.8999999762
123037  -14.701  -90.310  -13.515 0.8999999762
123309  -0.115  -71.104  -10.414 1.0000000000
123353  -5.993  -66.362  -2.585 1.0000000000
123443  -6.222  -90.338  -12.027 1.0000000000
123538  -8.780  -93.278  -6.073 0.5000000000
123583  -5.683  -70.277  -9.290 1.0000000000
123963  -10.421  -91.977  -11.255 1.0000000000
124246  0.434  -83.183  -5.808 0.8000000119
125201  -11.115  -79.488  -15.620 1.0000000000
125323  -2.208  -72.778  4.659 0.5000000000
125360  -14.306  -89.151  -10.152 0.8999999762
125474  -12.753  -78.920  -11.857 1.0000000000
126444  -2.848  -54.696  -4.125 0.8000000119
126547  0.015  -84.193  -7.393 0.8000000119
127009  -11.437  -69.627  -8.125 1.0000000000
127033  -6.737  -89.246  -16.708 0.6000000238
127205  0.014  -84.505  -10.449 0.8999999762
127641  -6.409  -85.320  -17.680 0.8000000119
128167  -5.058  -72.948  -3.367 1.0000000000
128186  -2.261  -84.475  -15.388 1.0000000000
128208  -3.194  -55.672  -3.286 0.8999999762
128249  -1.029  -80.408  -17.874 0.6999999881
128375  -7.222  -86.843  -12.827 1.0000000000
128394  -10.028  -64.438  -2.844 1.0000000000
128617  -13.649  -90.658  -10.641 0.8999999762
128739  -18.412  -90.984  -14.647 0.6999999881
128764  -1.006  -83.245  -14.998 0.8999999762
128787  0.059  -71.889  -17.863 0.5000000000
128962  -8.093  -92.978  -10.633 0.8999999762
129023  -2.120  -72.210  -2.249 1.0000000000
129123  -1.726  -80.839  -14.426 1.0000000000
129168  -0.304  -73.180  -19.453 0.4000000060
129306  0.065  -77.808  -8.287 1.0000000000
129334  -11.349  -78.241  -13.560 1.0000000000
129365  -6.558  -82.347  -14.725 1.0000000000
129377  -11.396  -81.471  -15.912 1.0000000000
129470  -6.244  -56.258  -4.529 0.8999999762
129547  -12.106  -77.631  -10.452 1.0000000000
129581  -1.472  -76.730  -2.455 0.8000000119
129612  -2.789  -63.377  -0.288 0.6999999881
129759  0.346  -80.704  -8.735 0.8999999762
130053  -11.644  -78.834  -14.698 1.0000000000
130097  -11.595  -82.296  -15.427 0.8999999762
130116  -4.046  -51.764  -5.810 0.8000000119
130200  -2.617  -73.608  -3.485 1.0000000000
130350  -8.559  -89.125  -15.033 0.8000000119
130371  -5.300  -74.852  -6.807 1.0000000000
130438  -6.333  -91.433  -7.289 0.8000000119
130469  -7.847  -61.332  0.371 1.0000000000
130477  -6.937  -77.637  -14.847 1.0000000000
130815  -0.729  -84.515  -9.227 0.6000000238
