#!ascii label  , from subject sub-v1s13x0050005_ses-1 vox2ras=TkReg
3208
587  -5.548  -89.012  -6.882 0.6999999881
108317  -6.832  -91.512  -6.904 0.6999999881
383  -8.466  -91.354  -6.004 0.6000000238
127356  -10.482  -90.383  -3.941 0.8000000119
114400  -7.004  -91.577  -7.100 0.5000000000
150  -8.649  -92.386  -5.455 0.5000000000
376  -9.646  -91.446  -3.726 0.8000000119
127  -9.809  -91.974  -3.712 0.8000000119
46  -8.781  -92.830  -5.668 0.6000000238
1453  -5.576  -86.637  -7.709 0.6999999881
1129  -7.081  -87.524  -7.638 0.8999999762
1127  -4.816  -87.390  -7.439 0.6999999881
743  -14.117  -88.669  -1.638 0.6999999881
373  -10.963  -90.813  -2.088 0.8000000119
49  -10.635  -93.254  -4.989 0.6000000238
139  -9.976  -92.369  -3.955 0.6999999881
113269  -13.700  -93.618  -7.973 0.5000000000
1768  -13.430  -85.889  -1.760 0.5000000000
1061  -11.814  -87.347  -0.448 0.5000000000
1769  -14.225  -85.790  -2.064 0.5000000000
1401  -14.552  -86.344  -1.648 0.6000000238
1062  -14.896  -87.125  -1.294 0.5000000000
1416  -12.347  -85.937  -2.897 0.5000000000
1070  -14.772  -86.720  -2.219 0.6999999881
1785  -12.115  -85.696  -3.717 0.6000000238
769  -13.956  -87.926  -3.275 0.6999999881
812  -5.148  -88.182  -7.048 0.6999999881
124107  -6.582  -89.004  -7.110 0.6999999881
571  -10.709  -89.638  -5.383 0.8000000119
564  -12.551  -88.863  -3.944 0.8000000119
754  -14.168  -88.215  -2.418 0.6999999881
516  -12.546  -90.069  -0.535 0.6000000238
392  -8.202  -90.913  -6.615 0.6999999881
118563  -6.145  -89.812  -6.916 0.6000000238
361  -12.019  -90.876  -0.129 0.6000000238
245  -11.816  -91.664  -0.677 0.6999999881
42  -10.169  -92.805  -4.393 0.6000000238
120  -11.049  -91.968  -2.211 0.8000000119
124016  -11.474  -91.495  -1.157 0.8000000119
129  -11.157  -92.342  -2.765 0.8000000119
121  -11.623  -92.286  -1.984 0.8000000119
180  -16.491  -92.290  -8.585 0.6999999881
67  -15.052  -93.076  -8.737 0.5000000000
189  -18.215  -91.515  -9.885 0.6000000238
276  -19.254  -91.410  -9.954 0.6000000238
1056  -3.923  -88.798  -1.163 0.4000000060
749  -4.600  -89.150  -2.308 0.4000000060
1055  -3.711  -88.172  -1.822 0.6000000238
1065  -4.168  -88.792  -2.702 0.6000000238
761  -4.659  -88.927  -3.237 0.6000000238
781  -7.050  -89.033  -4.259 0.6000000238
117335  -10.197  -88.206  -1.243 0.3000000119
1085  -4.996  -87.494  -4.601 0.6000000238
779  -4.752  -88.303  -3.998 0.6000000238
121198  -6.485  -88.366  -4.793 0.6000000238
1090  -10.300  -87.593  -3.921 0.5000000000
1399  -12.307  -86.690  -1.422 0.4000000060
1415  -11.584  -86.556  -3.341 0.5000000000
1424  -10.480  -86.893  -4.594 0.6000000238
1422  -6.215  -86.553  -5.488 0.6000000238
1430  -8.210  -86.449  -5.632 0.6000000238
113359  -2.589  -80.005  -6.244 0.8999999762
1805  -10.689  -85.435  -5.260 0.6999999881
1092  -13.793  -87.336  -4.534 0.6999999881
1078  -14.285  -87.136  -3.764 0.6999999881
813  -6.287  -88.255  -7.254 0.8000000119
589  -8.340  -89.595  -7.273 0.6999999881
793  -12.313  -88.378  -5.339 0.8000000119
768  -13.407  -88.088  -4.073 0.6999999881
237  -12.744  -91.468  0.451 0.6000000238
783  -12.032  -89.030  -4.641 0.8000000119
554  -12.268  -89.346  -3.245 0.6999999881
119983  -12.437  -89.787  -1.483 0.6999999881
399  -6.860  -90.578  -6.950 0.6999999881
393  -8.930  -90.582  -6.391 0.6999999881
377  -10.162  -90.909  -3.196 0.8000000119
243  -12.106  -91.442  -0.116 0.6000000238
577  -5.131  -89.839  -6.815 0.6000000238
384  -8.973  -90.983  -5.384 0.6999999881
248  -11.081  -91.479  -1.865 0.8000000119
129925  -12.451  -92.049  -0.270 0.6000000238
138  -9.449  -92.255  -4.375 0.6000000238
47  -9.174  -93.329  -5.681 0.5000000000
130458  -11.212  -93.484  -5.555 0.6000000238
19  -13.367  -93.934  -8.774 0.5000000000
66  -14.291  -93.416  -8.643 0.5000000000
188  -17.583  -91.888  -9.437 0.6000000238
290  -20.583  -91.101  -10.542 0.6999999881
119729  -19.399  -90.854  -11.334 0.6000000238
440  -22.311  -90.167  -11.846 0.6000000238
723  -4.510  -88.888  0.227 0.3000000119
115955  -3.893  -88.660  -0.253 0.4000000060
731  -5.008  -89.006  -0.210 0.3000000119
1385  -3.850  -86.857  -0.819 0.5000000000
536  -5.339  -89.116  -2.264 0.4000000060
1046  -3.666  -87.985  -0.945 0.4000000060
2164  -4.694  -84.860  -0.686 0.5000000000
1045  -3.737  -87.133  -1.672 0.5000000000
129564  -4.650  -84.560  -1.334 0.6000000238
110211  -4.453  -85.201  -1.290 0.5000000000
1413  -4.054  -86.568  -3.770 0.6000000238
2192  -4.548  -84.151  -2.586 0.6000000238
1076  -10.383  -87.841  -3.047 0.4000000060
1793  -4.844  -85.805  -4.944 0.6000000238
113081  -9.150  -87.760  -4.847 0.6000000238
2678  -4.577  -83.228  -4.773 0.6999999881
1799  -4.614  -84.917  -4.889 0.6000000238
1423  -9.645  -87.056  -5.143 0.6000000238
1389  -13.765  -86.648  -0.105 0.5000000000
1432  -10.182  -86.159  -5.228 0.6000000238
1425  -11.334  -86.313  -4.192 0.6000000238
123593  -14.762  -87.471  -2.083 0.6000000238
1796  -12.730  -84.977  -4.067 0.6999999881
815  -8.305  -88.715  -7.451 0.8000000119
527  -13.468  -89.311  -1.151 0.6000000238
355  -13.015  -90.730  1.122 0.6000000238
588  -7.416  -89.533  -7.252 0.6999999881
126139  -9.546  -88.733  -7.121 0.8000000119
580  -11.060  -89.010  -6.003 0.8000000119
242  -11.653  -91.272  -0.683 0.6999999881
578  -9.438  -89.824  -6.685 0.8000000119
119548  -10.683  -90.650  -2.726 0.8000000119
100  -12.742  -91.848  0.246 0.6000000238
113  -11.983  -92.013  -0.705 0.6999999881
1880  -17.916  -84.940  -10.967 0.3000000119
1505  -20.315  -86.713  -11.906 0.4000000060
43  -11.018  -92.822  -4.248 0.6000000238
140  -11.517  -92.573  -3.476 0.6000000238
122  -12.479  -92.532  -1.910 0.8000000119
1160  -21.569  -87.485  -10.473 0.5000000000
1173  -21.876  -87.192  -11.209 0.6000000238
160  -12.735  -92.885  -6.136 0.5000000000
55  -12.271  -93.521  -6.563 0.5000000000
171  -14.760  -92.762  -7.429 0.6000000238
847  -22.219  -87.932  -9.771 0.6000000238
128145  -15.910  -92.439  -8.899 0.5000000000
1161  -22.588  -87.662  -10.511 0.6000000238
288  -18.720  -91.104  -10.900 0.6999999881
127446  -21.378  -91.019  -10.414 0.8999999762
304  -20.133  -90.772  -11.233 0.6000000238
625  -22.910  -89.703  -12.529 0.6999999881
439  -21.189  -90.104  -12.352 0.6000000238
1022  -4.154  -88.399  1.771 0.3000000119
725  -5.953  -89.104  1.109 0.3000000119
115831  -7.635  -88.895  -2.674 0.4000000060
3646  -2.546  -81.078  -5.785 1.0000000000
538  -6.819  -89.151  -2.858 0.5000000000
129411  -4.304  -84.827  -2.836 0.6000000238
752  -8.565  -88.799  -2.701 0.4000000060
1784  -4.012  -85.902  -3.479 0.6000000238
753  -9.361  -88.531  -2.350 0.4000000060
782  -9.056  -88.525  -4.095 0.5000000000
108156  -10.719  -87.838  -0.385 0.3000000119
3133  -5.273  -81.899  -3.593 0.6999999881
3132  -4.826  -82.937  -3.872 0.6999999881
1101  -6.845  -87.518  -5.335 0.6000000238
114616  -2.623  -82.080  -6.242 1.0000000000
1801  -6.084  -85.598  -5.725 0.6000000238
1794  -11.007  -85.912  -4.872 0.6000000238
1786  -12.952  -85.188  -3.307 0.6999999881
1417  -14.648  -85.740  -3.375 0.6999999881
2212  -14.355  -85.132  -3.709 0.6999999881
127407  -14.638  -86.270  -3.844 0.6999999881
770  -14.545  -87.325  -2.831 0.6999999881
118917  -14.996  -87.815  -0.789 0.5000000000
118623  -7.898  -87.950  -7.663 0.8999999762
1131  -9.478  -87.570  -7.457 0.8999999762
1104  -12.866  -87.513  -5.664 0.8000000119
784  -12.701  -88.461  -4.629 0.6999999881
1115  -10.881  -87.869  -6.854 0.8000000119
97  -13.642  -91.638  1.154 0.5000000000
130  -12.041  -92.569  -2.704 0.8000000119
117733  -11.976  -92.268  -1.326 0.8000000119
141  -12.020  -92.614  -4.349 0.6000000238
151  -12.420  -92.661  -5.270 0.6000000238
115370  -17.154  -92.518  -6.152 0.6000000238
1171  -19.956  -86.952  -11.117 0.4000000060
1170  -19.411  -86.482  -11.734 0.4000000060
163  -15.415  -92.368  -6.783 0.6000000238
164  -16.288  -92.438  -6.876 0.6000000238
121837  -19.693  -92.116  -7.946 0.6999999881
1159  -20.578  -87.347  -10.421 0.5000000000
161  -13.567  -92.603  -6.455 0.5000000000
837  -21.887  -88.217  -9.039 0.6000000238
181  -17.432  -92.149  -8.724 0.6000000238
182  -18.220  -92.048  -9.018 0.6999999881
110706  -18.998  -91.861  -9.225 0.6000000238
1163  -24.240  -88.471  -10.815 0.5000000000
859  -25.093  -87.967  -11.840 0.5000000000
628  -25.114  -88.640  -12.354 0.6999999881
111624  -25.539  -88.363  -12.850 0.6999999881
447  -20.901  -89.773  -13.209 0.6000000238
644  -24.268  -88.924  -13.941 0.6999999881
642  -22.120  -89.098  -14.250 0.6999999881
643  -23.155  -89.068  -14.149 0.6000000238
2134  -5.151  -84.611  2.798 0.3000000119
1728  -4.704  -85.571  2.568 0.3000000119
2141  -5.125  -84.680  1.862 0.4000000060
1736  -4.547  -85.846  1.732 0.5000000000
118439  -4.184  -86.988  1.659 0.4000000060
1372  -3.931  -87.341  0.853 0.4000000060
2140  -4.854  -85.092  0.939 0.5000000000
111371  -4.103  -86.565  0.059 0.5000000000
1752  -4.285  -85.784  -0.720 0.5000000000
730  -4.380  -88.947  -0.599 0.4000000060
526  -5.367  -88.878  -1.636 0.4000000060
4162  -2.860  -79.426  -4.263 0.8999999762
2625  -4.961  -83.916  -0.912 0.5000000000
1403  -3.817  -86.526  -3.049 0.6000000238
763  -6.563  -89.280  -3.564 0.5000000000
539  -7.889  -89.178  -3.204 0.4000000060
2665  -2.250  -84.208  -3.424 0.8999999762
3144  -2.519  -83.112  -3.796 0.8999999762
3601  -5.679  -81.617  -1.903 0.6000000238
122179  -8.066  -89.051  -4.128 0.5000000000
118609  -2.216  -84.453  -5.788 0.8999999762
113136  -2.570  -81.999  -5.453 1.0000000000
3122  -5.118  -82.748  -2.963 0.6000000238
114648  -4.679  -83.554  -3.199 0.6000000238
2209  -4.201  -85.167  -3.485 0.6000000238
1102  -7.842  -87.418  -5.384 0.6000000238
118864  -6.792  -85.904  -5.710 0.6000000238
1060  -11.198  -87.595  -1.272 0.3000000119
126183  -2.553  -83.463  -6.243 0.8000000119
1077  -11.098  -87.278  -2.957 0.3000000119
2227  -1.669  -85.026  -5.384 0.8999999762
1431  -9.239  -86.145  -5.555 0.6999999881
1408  -11.693  -86.865  -2.328 0.3000000119
2254  -1.997  -84.467  -7.312 0.6999999881
2211  -13.979  -84.740  -4.060 0.6999999881
1455  -8.027  -87.182  -7.827 1.0000000000
1434  -14.245  -86.053  -5.449 0.6999999881
1469  -3.694  -86.816  -8.366 0.5000000000
107870  -5.332  -85.869  -8.147 0.6000000238
1442  -12.124  -86.643  -6.869 0.8999999762
1433  -13.420  -86.662  -5.973 0.8000000119
1856  -5.114  -85.201  -8.778 0.6999999881
1132  -11.226  -86.997  -7.078 0.8999999762
1117  -12.546  -87.117  -6.327 0.8000000119
107  -13.142  -92.253  -0.153 0.6000000238
114771  -12.588  -92.510  -3.588 0.8000000119
114  -12.739  -92.385  -0.983 0.6999999881
142  -13.620  -92.421  -3.676 0.8000000119
116934  -13.147  -92.307  -4.561 0.8000000119
1504  -18.541  -86.075  -11.431 0.3000000119
152  -13.304  -92.354  -5.581 0.6999999881
154  -16.132  -92.394  -5.991 0.6999999881
125943  -14.184  -92.203  -5.818 0.6000000238
118947  -15.147  -92.216  -5.902 0.6999999881
172  -15.561  -92.552  -7.547 0.6000000238
120937  -16.374  -92.443  -7.663 0.6999999881
173  -17.347  -92.397  -7.718 0.6999999881
174  -18.193  -92.269  -8.145 0.8000000119
190  -19.840  -91.776  -9.243 0.8000000119
191  -20.688  -91.581  -9.101 0.6999999881
606  -22.970  -89.538  -8.956 0.6000000238
419  -22.813  -90.499  -10.062 0.8999999762
1184  -24.126  -87.055  -11.864 0.5000000000
183  -18.942  -92.154  -8.459 0.8000000119
122009  -21.082  -91.274  -9.791 0.8999999762
431  -23.895  -89.695  -10.966 0.6999999881
441  -23.430  -89.862  -11.720 0.8000000119
114680  -24.107  -89.440  -11.649 0.8000000119
428  -20.543  -90.355  -11.805 0.5000000000
455  -20.732  -89.459  -13.925 0.6000000238
117405  -21.702  -88.892  -14.944 0.5000000000
655  -22.551  -88.674  -14.907 0.6000000238
656  -23.715  -88.555  -14.880 0.6999999881
902  -21.794  -88.447  -15.738 0.6000000238
110825  -22.939  -88.236  -15.618 0.6000000238
1223  -23.851  -87.491  -16.895 0.6000000238
2604  -5.534  -83.673  3.089 0.3000000119
1727  -4.384  -86.662  2.456 0.3000000119
1745  -4.331  -86.204  0.898 0.5000000000
1034  -3.907  -88.405  0.799 0.4000000060
717  -4.662  -88.819  1.098 0.4000000060
112040  -5.507  -88.823  -0.634 0.3000000119
115916  -5.591  -83.200  1.029 0.6000000238
2151  -5.237  -84.056  1.001 0.5000000000
109664  -3.762  -87.704  -0.026 0.5000000000
113957  -5.007  -84.318  0.086 0.5000000000
124873  -5.684  -88.725  -1.765 0.4000000060
552  -5.979  -89.343  -2.901 0.5000000000
3577  -5.896  -81.729  -0.946 0.6000000238
2638  -5.141  -83.261  -1.563 0.6000000238
2219  -4.496  -84.061  -4.851 0.6999999881
111499  -5.937  -84.853  -5.981 0.6999999881
2666  -4.448  -83.801  -4.075 0.6000000238
4700  -3.113  -78.856  -4.947 0.8999999762
4726  -4.291  -78.928  -6.537 0.8999999762
1802  -7.572  -85.703  -5.802 0.6999999881
4724  -2.990  -79.241  -6.746 0.8999999762
4739  -4.585  -79.343  -7.419 0.8999999762
3660  -2.592  -80.948  -6.508 1.0000000000
1806  -11.529  -84.878  -5.116 0.6999999881
2707  -2.498  -83.759  -7.163 0.8000000119
3161  -2.691  -82.678  -7.079 0.8000000119
108754  -2.669  -81.463  -7.113 0.8999999762
4184  -2.718  -80.211  -7.169 1.0000000000
121389  -3.704  -79.415  -8.245 0.8000000119
1470  -6.467  -86.002  -8.062 1.0000000000
2239  -14.104  -84.727  -5.246 0.6999999881
4217  -3.005  -80.962  -9.362 0.8000000119
4775  -4.262  -79.889  -10.029 0.8999999762
2237  -13.215  -84.264  -5.207 0.8000000119
3727  -4.026  -81.674  -11.536 0.8999999762
1855  -4.233  -85.451  -9.466 0.6000000238
1471  -7.444  -85.785  -8.252 1.0000000000
1473  -9.229  -86.130  -7.990 1.0000000000
1824  -10.098  -85.859  -7.841 0.8999999762
1444  -13.781  -85.828  -6.241 0.6999999881
1458  -10.676  -86.433  -7.480 0.8999999762
518  -14.588  -88.819  0.430 0.5000000000
1857  -5.807  -84.395  -9.016 0.8999999762
2265  -6.896  -84.555  -8.683 1.0000000000
1456  -8.897  -86.939  -7.761 0.8999999762
123  -14.221  -92.610  -2.662 0.6999999881
130552  -13.932  -92.557  -3.170 0.6999999881
112041  -13.555  -92.633  -1.855 0.6999999881
112563  -14.216  -92.293  -4.361 0.8000000119
120010  -16.905  -92.525  -5.230 0.6999999881
165  -17.749  -92.475  -6.738 0.6999999881
129421  -13.912  -92.195  -5.085 0.6999999881
153  -14.759  -92.244  -5.069 0.8000000119
1152  -21.246  -87.706  -9.676 0.6000000238
829  -22.496  -88.972  -8.653 0.6000000238
597  -22.466  -89.661  -8.420 0.6000000238
1174  -23.694  -87.384  -11.349 0.5000000000
125651  -19.569  -92.049  -8.682 0.6999999881
278  -21.529  -91.251  -8.961 0.6999999881
291  -22.025  -91.009  -9.765 0.6999999881
849  -23.796  -88.555  -10.262 0.5000000000
1162  -23.646  -87.895  -10.678 0.5000000000
119689  -18.306  -92.347  -7.254 0.6999999881
176  -19.613  -91.919  -7.125 0.6999999881
292  -22.604  -90.601  -9.363 0.6999999881
430  -23.078  -90.211  -10.921 0.8999999762
872  -25.004  -88.539  -11.786 0.5000000000
633  -23.645  -89.248  -13.305 0.8000000119
641  -21.171  -89.172  -14.453 0.6000000238
884  -26.139  -87.873  -13.447 0.6999999881
654  -20.911  -89.103  -15.428 0.5000000000
903  -24.594  -88.265  -15.312 0.6000000238
914  -25.419  -88.033  -15.836 0.6000000238
912  -22.404  -87.994  -16.430 0.6000000238
1237  -23.492  -87.150  -17.518 0.6000000238
926  -21.859  -87.791  -17.232 0.6000000238
927  -22.895  -87.537  -16.966 0.6000000238
1236  -22.359  -87.281  -17.689 0.6000000238
1585  -24.202  -86.519  -19.049 0.6000000238
2133  -1.459  -84.357  1.890 0.8000000119
2150  -1.295  -84.775  0.520 0.8000000119
3089  -5.929  -82.383  0.992 0.6000000238
2617  -5.632  -82.882  0.347 0.6000000238
3145  -4.865  -82.300  -4.632 0.6999999881
2217  -1.079  -85.159  -4.218 0.8999999762
4128  -5.784  -80.100  -3.042 0.6000000238
2685  -5.082  -83.625  -5.950 0.6999999881
5238  -4.586  -78.556  -4.655 0.6999999881
3636  -4.902  -81.695  -5.430 0.6999999881
130279  -7.128  -84.521  -6.169 0.6999999881
3648  -5.210  -80.630  -5.288 0.6999999881
3155  -4.932  -82.913  -6.041 0.6999999881
2230  -5.653  -84.122  -6.129 0.6999999881
2218  -1.651  -85.034  -4.621 0.8999999762
4172  -2.552  -80.155  -5.373 0.8999999762
3662  -5.325  -81.320  -6.772 0.8999999762
2247  -7.341  -83.881  -6.319 0.6999999881
2232  -7.816  -84.713  -6.087 0.6999999881
1803  -9.269  -85.190  -5.825 0.6999999881
127263  -0.613  -85.015  -5.662 0.6000000238
110769  -4.153  -79.299  -8.079 0.8000000119
4196  -5.383  -79.785  -7.630 0.8999999762
2248  -8.426  -83.740  -6.208 0.6999999881
2234  -10.544  -84.064  -5.743 0.6999999881
2687  -11.335  -83.228  -6.092 0.6999999881
4195  -2.906  -80.174  -8.070 0.8000000119
2238  -13.651  -84.331  -5.705 0.8000000119
128928  -2.852  -81.857  -8.564 0.8000000119
4207  -3.156  -80.160  -8.976 0.8000000119
4776  -4.960  -79.763  -9.914 0.8999999762
2236  -12.404  -84.066  -5.433 0.8000000119
2702  -13.180  -83.942  -6.406 0.8000000119
1813  -13.362  -85.440  -6.772 0.8000000119
3180  -2.839  -82.621  -8.665 0.8000000119
2734  -5.340  -83.689  -10.337 0.8999999762
1841  -7.478  -85.107  -8.456 1.0000000000
112445  -8.817  -85.582  -8.249 1.0000000000
1825  -11.035  -85.495  -7.705 0.8999999762
1460  -12.585  -85.736  -7.123 0.8999999762
3204  -4.160  -82.501  -12.160 0.8999999762
109167  -8.900  -84.749  -8.465 1.0000000000
2267  -9.874  -84.384  -8.364 1.0000000000
2735  -5.778  -83.003  -10.130 1.0000000000
130490  -8.657  -84.176  -8.653 1.0000000000
133  -15.771  -92.465  -3.419 0.6999999881
2724  -5.863  -83.649  -9.575 1.0000000000
111566  -15.874  -92.433  -4.980 0.8000000119
111338  -18.148  -92.367  -5.873 0.6999999881
166  -18.564  -92.216  -6.449 0.6999999881
836  -20.894  -87.968  -8.889 0.6000000238
116627  -19.145  -91.837  -6.473 0.6999999881
268  -21.030  -91.459  -8.212 0.6000000238
279  -22.220  -90.883  -8.876 0.6999999881
270  -22.612  -90.229  -8.711 0.6000000238
264  -20.268  -91.111  -6.867 0.6000000238
130476  -20.001  -91.527  -7.019 0.6999999881
122979  -26.501  -87.273  -13.799 0.6999999881
653  -20.177  -89.649  -15.672 0.6000000238
892  -24.879  -88.506  -14.556 0.6999999881
118245  -24.404  -88.107  -15.941 0.6000000238
114376  -21.965  -87.203  -18.545 0.5000000000
1262  -22.979  -86.727  -19.028 0.6000000238
111226  -5.893  -82.439  3.785 0.4000000060
109143  -5.419  -83.902  2.385 0.5000000000
3031  -0.588  -83.201  4.681 0.8000000119
3585  -6.187  -80.791  -1.286 0.6000000238
2684  -4.739  -83.458  -5.439 0.6999999881
4675  -6.044  -79.358  -2.333 0.6000000238
5209  -4.923  -78.408  -2.717 0.6000000238
4174  -5.309  -79.560  -5.194 0.6999999881
3154  -4.768  -82.644  -5.489 0.6999999881
4127  -3.214  -79.375  -3.253 0.6999999881
3661  -5.153  -80.746  -6.499 0.8999999762
2695  -6.367  -83.610  -6.461 0.6999999881
3131  -2.601  -82.534  -3.257 1.0000000000
4161  -2.599  -80.344  -4.515 1.0000000000
4186  -5.234  -80.169  -7.032 0.8999999762
125381  -7.096  -83.119  -6.559 0.6999999881
2249  -9.492  -83.552  -6.074 0.6999999881
2696  -8.018  -82.999  -6.454 0.6999999881
2697  -9.039  -82.785  -6.339 0.6999999881
4766  -4.412  -79.533  -9.441 0.8000000119
4754  -4.701  -79.387  -8.801 0.8000000119
2686  -10.437  -83.199  -6.092 0.6999999881
2257  -12.662  -84.123  -7.351 0.8000000119
3186  -2.801  -82.554  -9.665 0.8000000119
3717  -5.528  -81.382  -10.622 1.0000000000
117755  -7.234  -82.985  -9.389 1.0000000000
2255  -11.337  -84.532  -7.915 0.8000000119
109257  -9.317  -83.714  -8.661 1.0000000000
402  -20.766  -90.458  -7.042 0.6000000238
2866  -3.574  -83.729  -22.720 0.6000000238
2437  -4.117  -84.036  -21.993 0.5000000000
2867  -4.252  -84.170  -23.163 0.6999999881
121632  -4.652  -84.354  -22.222 0.5000000000
1225  -25.730  -87.583  -16.670 0.6000000238
118270  -22.973  -86.924  -18.170 0.5000000000
1261  -21.650  -87.201  -19.522 0.5000000000
1260  -20.985  -87.493  -19.836 0.5000000000
1614  -22.099  -86.513  -21.073 0.5000000000
3064  -6.204  -82.047  2.503 0.5000000000
111199  -6.612  -80.939  2.146 0.6000000238
2564  -0.856  -83.451  5.286 0.8000000119
2138  -1.027  -84.572  1.387 0.8000000119
3087  -2.801  -83.362  1.137 0.8000000119
3555  -6.672  -80.742  1.163 0.6000000238
2148  -0.790  -84.569  1.054 0.8000000119
2616  -2.106  -84.300  0.625 0.8000000119
120352  -6.798  -79.430  -0.021 0.6000000238
4616  -6.509  -78.997  1.230 0.6000000238
2162  -0.954  -84.925  -0.047 0.8000000119
4666  -6.320  -79.085  -1.550 0.6000000238
4630  -6.627  -78.914  0.464 0.6000000238
2174  -0.925  -84.888  -1.058 0.8000000119
2624  -2.225  -84.196  -0.320 0.8000000119
3097  -2.659  -83.053  -0.814 0.8000000119
4664  -4.046  -79.367  -1.393 0.8000000119
5186  -6.266  -78.658  -0.670 0.6000000238
3163  -5.426  -82.342  -6.519 0.6999999881
2649  -2.304  -83.988  -2.655 1.0000000000
3599  -2.783  -82.229  -2.191 0.8999999762
122101  -3.088  -80.046  -2.407 0.8000000119
4673  -4.073  -78.624  -2.826 0.6999999881
3121  -2.592  -82.865  -2.656 1.0000000000
4126  -2.761  -80.656  -3.000 0.8000000119
3164  -6.315  -82.620  -6.749 0.6999999881
125583  -5.999  -80.130  -7.708 0.8999999762
3679  -6.575  -80.702  -7.496 0.8999999762
3663  -5.950  -81.646  -7.068 0.8000000119
3664  -6.973  -81.620  -7.126 0.8000000119
3166  -8.614  -82.132  -6.640 0.6999999881
3680  -7.665  -80.849  -7.520 0.8999999762
2700  -11.956  -82.854  -6.626 0.8000000119
4768  -6.481  -79.853  -9.240 0.8999999762
4756  -6.424  -79.775  -8.640 0.8000000119
3666  -9.171  -81.484  -6.953 0.8000000119
4218  -6.334  -80.220  -9.855 0.8999999762
4209  -8.080  -80.613  -8.985 0.8999999762
3694  -8.838  -81.062  -8.747 0.8999999762
2719  -10.861  -82.819  -8.281 0.8999999762
3168  -10.920  -81.905  -7.089 0.8000000119
3169  -11.614  -82.440  -7.085 0.8000000119
2709  -12.262  -82.977  -7.042 0.8000000119
2708  -12.284  -83.356  -7.444 0.8000000119
3706  -7.616  -80.951  -9.601 0.8999999762
3189  -8.531  -82.080  -9.265 0.8999999762
127399  -10.215  -83.510  -8.493 0.8999999762
2256  -11.992  -83.963  -7.779 0.8000000119
3187  -6.304  -82.266  -10.012 1.0000000000
125793  -6.950  -82.382  -9.698 1.0000000000
2726  -8.123  -82.849  -9.200 1.0000000000
3181  -9.078  -82.655  -8.973 1.0000000000
2269  -11.648  -83.178  -7.948 0.8000000119
594  -21.444  -89.907  -7.470 0.6000000238
4918  -2.513  -79.204  -23.248 0.6000000238
4919  -3.162  -79.118  -23.147 0.6000000238
5456  -2.724  -78.533  -22.939 0.6999999881
3348  -3.811  -82.024  -23.824 0.6000000238
3857  -2.558  -81.698  -22.964 0.6000000238
5980  -2.816  -77.805  -22.375 0.6999999881
3360  -4.630  -82.035  -24.224 0.6999999881
2879  -4.499  -83.545  -24.167 0.6999999881
3362  -5.621  -82.843  -25.050 0.6999999881
5966  -2.996  -76.851  -22.146 0.6999999881
4349  -4.233  -80.252  -21.331 0.6999999881
2450  -5.121  -84.197  -23.929 0.8000000119
2889  -7.029  -83.499  -25.056 0.6999999881
6563  -3.328  -76.206  -21.749 0.6999999881
2438  -5.150  -84.541  -22.815 0.8000000119
1605  -6.457  -86.418  -20.367 0.5000000000
121929  -27.155  -84.598  -18.514 0.5000000000
111843  -3.316  -76.953  -21.194 0.6000000238
1989  -5.951  -84.916  -22.238 0.8000000119
2427  -27.845  -84.497  -21.077 0.5000000000
116073  -27.424  -84.970  -20.317 0.5000000000
1603  -27.109  -85.768  -18.706 0.6000000238
1240  -26.778  -86.717  -17.886 0.6000000238
1978  -6.446  -85.387  -21.457 0.6000000238
1973  -26.505  -85.416  -21.076 0.5000000000
1961  -26.806  -85.374  -19.662 0.5000000000
1586  -25.349  -86.564  -18.791 0.6000000238
7081  -6.415  -75.394  -18.038 0.6000000238
125633  -6.744  -88.376  -18.607 0.5000000000
683  -7.272  -88.855  -18.650 0.6000000238
1250  -24.227  -86.819  -18.265 0.6000000238
7687  -6.558  -74.672  -18.192 0.6000000238
1264  -6.774  -86.854  -20.063 0.6000000238
1600  -23.650  -86.336  -19.764 0.6000000238
127703  -21.626  -86.467  -21.567 0.5000000000
1599  -22.456  -86.637  -20.092 0.5000000000
1615  -23.196  -86.255  -20.646 0.6000000238
1971  -23.905  -85.885  -21.307 0.6000000238
1637  -22.470  -86.226  -22.836 0.6999999881
115760  -5.694  -82.820  4.359 0.3000000119
3033  -5.749  -82.120  4.314 0.4000000060
3048  -6.150  -82.001  3.215 0.4000000060
3539  -6.419  -81.215  2.888 0.6000000238
114818  -6.571  -80.307  2.548 0.6000000238
5184  -5.326  -78.636  -0.566 0.6999999881
5165  -5.689  -78.628  0.141 0.6000000238
3110  -2.473  -83.300  -1.855 0.8999999762
3600  -2.942  -81.101  -2.070 0.8000000119
116030  -2.716  -81.814  -2.836 0.8999999762
4115  -3.385  -80.134  -1.665 0.8000000119
117887  -7.288  -80.315  -7.910 0.8999999762
4198  -8.039  -80.431  -8.184 0.8999999762
3167  -9.598  -81.998  -6.603 0.6999999881
3682  -9.635  -81.299  -7.537 0.8999999762
3683  -10.422  -81.744  -7.597 0.8999999762
3182  -9.699  -81.973  -8.655 0.8999999762
3175  -11.191  -82.314  -7.632 0.8000000119
3190  -9.050  -81.705  -9.005 0.8999999762
2718  -9.998  -82.741  -8.611 0.8999999762
4372  -3.230  -80.065  -23.563 0.6000000238
4360  -3.969  -80.101  -22.914 0.6000000238
3867  -3.283  -81.293  -24.072 0.6000000238
3868  -3.930  -81.390  -24.278 0.6000000238
2900  -6.690  -83.094  -25.337 0.6999999881
2890  -7.800  -83.433  -24.776 0.6000000238
2899  -6.079  -83.062  -25.382 0.6999999881
2881  -8.597  -83.212  -24.484 0.6000000238
2451  -6.057  -84.076  -24.466 0.6999999881
2454  -7.975  -84.040  -24.376 0.6999999881
6541  -3.554  -75.930  -20.882 0.6999999881
6521  -3.510  -76.435  -19.400 0.6000000238
2440  -7.181  -84.881  -23.260 0.6999999881
1980  -7.371  -85.574  -21.731 0.8000000119
113826  -27.300  -84.908  -19.107 0.5000000000
1979  -6.936  -85.579  -21.751 0.8000000119
1618  -6.806  -86.016  -21.065 0.8000000119
121933  -7.150  -88.116  -19.173 0.8000000119
333  -9.455  -90.957  -18.403 0.6000000238
1988  -27.427  -85.187  -22.504 0.6000000238
1960  -25.680  -85.679  -20.150 0.5000000000
1602  -26.278  -86.060  -19.186 0.5000000000
1601  -24.898  -86.125  -19.516 0.6000000238
684  -7.986  -89.240  -18.742 0.8000000119
1987  -26.910  -85.552  -22.402 0.5000000000
1972  -25.122  -85.635  -21.249 0.5000000000
126437  -24.290  -85.717  -23.821 0.6000000238
334  -10.134  -91.285  -18.191 0.5000000000
479  -11.433  -91.247  -18.619 0.5000000000
1275  -21.094  -86.679  -22.146 0.6000000238
1636  -21.744  -86.503  -22.882 0.6000000238
3502  -0.308  -82.790  6.179 0.8000000119
3022  -5.013  -82.397  5.530 0.3000000119
3518  -5.567  -81.233  4.219 0.4000000060
3505  -5.298  -81.824  4.909 0.4000000060
123084  -6.058  -81.484  3.607 0.5000000000
4604  -6.178  -79.405  2.506 0.6000000238
2590  -0.873  -83.522  3.913 0.8000000119
2603  -1.381  -84.008  2.687 0.8000000119
116524  -2.119  -84.054  2.476 0.8000000119
4614  -5.447  -79.079  1.423 0.6000000238
4629  -5.237  -79.113  0.580 0.6000000238
5152  -6.188  -78.687  0.721 0.6000000238
109053  -2.720  -83.261  0.171 0.8000000119
3098  -3.075  -82.412  -0.206 0.8000000119
4651  -4.967  -79.021  -0.203 0.8000000119
3575  -3.144  -82.038  -0.774 0.8000000119
110417  -3.771  -80.147  -0.994 0.8000000119
4103  -3.934  -80.553  -0.242 0.8000000119
3584  -3.334  -81.082  -1.058 0.8000000119
4382  -3.564  -80.942  -24.120 0.6000000238
4908  -3.468  -79.074  -22.373 0.6000000238
3870  -5.868  -82.313  -23.968 0.6999999881
4361  -4.827  -81.202  -21.593 0.6999999881
3869  -4.591  -82.108  -24.441 0.6999999881
121944  -6.266  -82.985  -25.412 0.6999999881
4385  -7.433  -81.535  -24.454 0.6000000238
5435  -3.436  -78.538  -21.491 0.6000000238
5967  -3.236  -77.559  -21.892 0.6999999881
5407  -3.938  -77.963  -18.975 0.6999999881
120459  -9.819  -83.230  -23.430 0.6000000238
5408  -4.712  -78.078  -18.640 0.6999999881
2452  -6.827  -84.465  -24.053 0.6999999881
2868  -8.814  -83.730  -23.665 0.6999999881
1955  -8.029  -86.217  -19.779 0.8000000119
121522  -9.451  -85.951  -18.388 0.6999999881
5927  -3.714  -77.258  -18.906 0.6999999881
1578  -9.210  -86.697  -18.090 0.6999999881
1568  -9.509  -87.270  -17.818 0.6999999881
1591  -7.980  -87.073  -19.181 0.6999999881
1229  -8.707  -87.231  -18.393 0.6999999881
118991  -7.801  -88.089  -19.284 0.8000000119
940  -8.444  -88.727  -19.073 0.8000000119
2007  -26.817  -85.124  -23.646 0.6000000238
685  -8.771  -89.497  -18.994 0.8000000119
336  -10.171  -91.083  -18.964 0.6000000238
480  -12.172  -91.083  -19.095 0.6000000238
2460  -25.984  -85.044  -24.026 0.5000000000
483  -9.712  -90.522  -19.334 0.6000000238
128569  -11.498  -91.142  -19.420 0.6000000238
1646  -23.513  -85.863  -23.810 0.5000000000
1998  -24.439  -85.742  -23.155 0.6999999881
692  -13.742  -89.946  -20.841 0.4000000060
1287  -21.112  -86.922  -23.076 0.5000000000
965  -19.033  -88.102  -23.115 0.5000000000
4537  0.104  -80.621  7.854 0.8000000119
4036  -4.237  -80.307  5.612 0.5000000000
3504  -4.645  -81.473  5.542 0.4000000060
4037  -4.899  -80.824  4.795 0.5000000000
4591  -4.969  -79.297  3.491 0.5000000000
3045  -0.643  -83.155  3.641 0.8000000119
123861  -2.684  -83.478  2.899 0.8000000119
4057  -5.439  -79.176  2.791 0.6000000238
3061  -0.722  -83.384  2.659 0.8000000119
4599  -4.551  -78.984  3.003 0.6000000238
2610  -0.729  -84.031  1.736 0.8000000119
3073  -2.794  -83.428  2.099 0.8000000119
3074  -3.342  -82.521  1.667 0.8000000119
4077  -4.624  -79.763  1.714 0.6999999881
4602  -4.936  -79.248  2.354 0.6000000238
3088  -3.327  -82.270  0.630 0.8000000119
4090  -4.290  -80.636  1.190 0.6999999881
4091  -4.768  -79.759  0.957 0.6000000238
3576  -3.447  -81.580  -0.199 0.8000000119
3848  -6.288  -81.469  -22.048 0.6999999881
3847  -5.574  -81.664  -22.103 0.6999999881
3858  -5.068  -81.878  -23.370 0.6999999881
3860  -6.611  -81.688  -22.888 0.6999999881
4397  -7.831  -81.247  -24.892 0.6000000238
4350  -5.128  -80.666  -20.739 0.6999999881
4362  -5.761  -81.167  -21.296 0.6999999881
3371  -8.823  -82.071  -24.972 0.6000000238
4898  -5.470  -79.889  -20.173 0.6999999881
2902  -8.256  -82.822  -24.639 0.6000000238
2891  -9.306  -82.584  -24.683 0.6000000238
2882  -9.594  -83.007  -24.203 0.6000000238
5953  -3.396  -77.975  -20.723 0.6999999881
4351  -6.007  -80.439  -20.743 0.6999999881
2849  -9.492  -83.956  -20.757 0.6999999881
2424  -10.100  -83.921  -20.060 0.6000000238
2414  -9.343  -84.620  -19.893 0.6000000238
2441  -7.663  -84.968  -22.587 0.8000000119
1938  -9.929  -86.509  -17.744 0.6999999881
1231  -10.695  -87.637  -17.791 0.6999999881
1230  -9.926  -87.836  -17.856 0.6999999881
942  -10.449  -87.991  -19.798 0.6999999881
918  -9.632  -88.340  -18.754 0.6999999881
2447  -26.630  -84.795  -23.694 0.4000000060
124606  -9.511  -89.644  -19.558 0.6999999881
1266  -10.528  -87.522  -20.989 0.6999999881
2459  -25.517  -84.945  -24.458 0.5000000000
113344  -25.211  -85.438  -24.199 0.5000000000
2006  -24.690  -85.377  -24.693 0.5000000000
490  -11.352  -90.378  -20.678 0.6999999881
492  -13.300  -90.395  -20.239 0.4000000060
954  -14.533  -88.917  -22.106 0.4000000060
1654  -23.741  -85.669  -24.731 0.5000000000
1638  -23.351  -85.939  -22.884 0.6999999881
1285  -19.760  -87.629  -23.195 0.4000000060
1645  -22.561  -86.177  -23.875 0.5000000000
1644  -21.603  -86.586  -23.774 0.5000000000
118241  -19.876  -87.524  -24.102 0.4000000060
3501  0.103  -81.993  5.831 0.8000000119
3009  -0.659  -82.484  6.699 0.8000000119
4049  -4.472  -79.633  4.461 0.5000000000
4574  -4.021  -78.978  5.144 0.4000000060
124567  -3.794  -78.368  4.189 0.4000000060
5134  -3.668  -78.370  3.517 0.5000000000
3020  -1.787  -83.088  5.518 0.8000000119
111681  -1.538  -80.727  6.533 0.6000000238
2576  -1.800  -83.443  5.071 0.8000000119
3032  -2.404  -83.044  4.689 0.8000000119
4598  -3.773  -78.764  3.053 0.6000000238
3523  -3.005  -81.861  3.973 0.8000000119
4056  -4.147  -80.065  2.476 0.6999999881
117860  -3.635  -81.792  2.040 0.8000000119
4076  -4.106  -80.894  1.914 0.6999999881
3566  -3.872  -81.199  0.532 0.8000000119
4396  -7.337  -80.687  -24.582 0.6000000238
4940  -8.008  -79.336  -25.352 0.5000000000
4363  -6.347  -80.772  -21.479 0.6999999881
4920  -6.645  -80.426  -22.779 0.6999999881
110849  -8.147  -80.075  -25.153 0.6000000238
3871  -7.137  -82.077  -24.110 0.6999999881
4404  -8.758  -81.003  -25.163 0.6000000238
115481  -6.499  -79.507  -21.220 0.6999999881
4899  -6.275  -79.521  -20.395 0.6999999881
2415  -10.114  -84.361  -19.341 0.5000000000
5436  -6.366  -78.590  -19.863 0.6999999881
2850  -10.227  -83.371  -20.757 0.5000000000
2403  -9.791  -85.073  -18.875 0.6000000238
1940  -11.877  -86.412  -17.452 0.4000000060
2442  -8.525  -84.374  -22.645 0.6999999881
2869  -9.405  -83.663  -22.588 0.6999999881
5929  -5.367  -77.617  -18.440 0.6999999881
109015  -6.474  -77.047  -18.870 0.6000000238
2423  -8.700  -84.615  -20.812 0.6999999881
2413  -8.473  -85.305  -20.181 0.8000000119
1570  -11.258  -87.080  -17.542 0.6000000238
1594  -12.790  -86.527  -19.072 0.6000000238
1965  -7.427  -86.177  -20.833 0.8000000119
1232  -11.313  -87.445  -17.861 0.6999999881
1590  -7.290  -86.885  -20.025 0.8000000119
1243  -9.127  -87.915  -18.397 0.6999999881
1256  -11.276  -87.657  -18.987 0.6999999881
1592  -11.156  -87.211  -20.082 0.6999999881
122883  -13.047  -85.544  -21.920 0.5000000000
125088  -9.167  -89.046  -19.284 0.6999999881
920  -10.837  -87.887  -18.442 0.6999999881
1607  -11.196  -86.783  -21.199 0.6999999881
1993  -13.196  -85.576  -23.496 0.5000000000
686  -10.037  -89.355  -20.347 0.6999999881
941  -9.856  -88.669  -20.336 0.6999999881
1265  -10.120  -88.170  -20.868 0.6999999881
1620  -11.509  -86.642  -22.048 0.6999999881
1629  -12.032  -86.059  -23.245 0.6999999881
488  -9.971  -90.107  -20.007 0.5000000000
951  -10.901  -88.075  -21.997 0.6999999881
2017  -15.325  -85.902  -26.033 0.6000000238
2018  -17.041  -85.842  -26.147 0.6000000238
2014  -24.396  -85.143  -25.273 0.5000000000
690  -11.740  -89.842  -21.277 0.5000000000
697  -13.108  -89.488  -21.513 0.6000000238
962  -15.929  -88.767  -22.833 0.5000000000
1297  -16.643  -87.145  -26.172 0.5000000000
1291  -17.828  -87.782  -25.642 0.4000000060
1660  -22.633  -85.766  -25.468 0.5000000000
2023  -24.036  -84.900  -25.692 0.4000000060
969  -16.305  -88.755  -23.692 0.4000000060
120761  -17.650  -88.559  -24.066 0.4000000060
1652  -20.552  -86.465  -25.733 0.5000000000
120586  -20.979  -86.950  -23.884 0.5000000000
1301  -19.824  -86.839  -25.603 0.5000000000
699  -15.032  -89.160  -21.152 0.6000000238
5069  0.100  -79.239  8.984 0.8000000119
4522  -0.511  -80.061  8.921 0.6999999881
4557  -3.991  -79.005  7.132 0.3000000119
3492  -0.068  -82.138  6.811 0.8000000119
4004  -0.302  -81.058  7.909 0.8000000119
5110  -3.950  -78.338  5.873 0.4000000060
4046  0.047  -81.549  4.664 0.8000000119
4589  -3.244  -77.834  3.980 0.4000000060
5673  -2.932  -77.393  4.404 0.4000000060
3522  -0.364  -82.276  4.005 0.8000000119
2565  -1.272  -83.372  5.578 0.8000000119
4573  -1.599  -79.359  5.661 0.4000000060
5133  -3.095  -78.096  3.394 0.4000000060
5682  -2.853  -77.765  3.755 0.4000000060
5672  -2.412  -77.582  4.102 0.4000000060
3553  -0.307  -81.870  1.255 0.6999999881
3517  -2.349  -82.172  5.016 0.8000000119
4048  -2.545  -79.509  3.477 0.6999999881
5132  -2.470  -78.049  3.516 0.4000000060
119704  -3.070  -80.471  3.538 0.6999999881
3524  -3.518  -80.926  3.108 0.6999999881
4927  -6.740  -80.033  -24.095 0.6000000238
4938  -7.046  -79.745  -24.844 0.6000000238
5458  -6.386  -79.388  -22.361 0.6999999881
4951  -7.008  -79.089  -25.109 0.5000000000
5475  -6.514  -78.383  -24.845 0.5000000000
6610  -6.671  -77.185  -24.762 0.5000000000
4952  -8.512  -80.199  -25.109 0.5000000000
3366  -9.896  -82.095  -24.967 0.6000000238
5423  -5.385  -78.828  -19.197 0.6999999881
124052  -6.457  -78.672  -20.732 0.6999999881
5969  -6.094  -77.809  -21.388 0.6000000238
7759  -4.231  -73.815  -23.935 0.6000000238
7176  -6.469  -75.523  -24.833 0.4000000060
2870  -10.405  -83.001  -22.576 0.6000000238
3881  -10.228  -81.845  -24.678 0.5000000000
6522  -6.463  -77.008  -19.600 0.6000000238
1949  -10.300  -85.579  -18.060 0.6000000238
1580  -13.093  -86.361  -18.220 0.5000000000
1609  -13.016  -85.998  -20.061 0.5000000000
1948  -8.618  -86.466  -18.726 0.6999999881
1255  -8.330  -87.999  -19.172 0.6999999881
931  -10.042  -88.477  -19.130 0.6999999881
1992  -12.579  -85.738  -22.819 0.5000000000
2458  -24.833  -84.683  -24.436 0.5000000000
946  -10.201  -88.824  -21.088 0.6999999881
689  -10.798  -89.467  -21.192 0.6999999881
958  -11.557  -87.258  -22.290 0.6999999881
1630  -12.472  -85.885  -23.947 0.5000000000
124306  -23.870  -84.506  -25.937 0.4000000060
2015  -24.662  -85.036  -25.032 0.5000000000
695  -11.234  -88.949  -21.763 0.6999999881
1277  -12.861  -87.058  -23.217 0.6999999881
1639  -12.707  -86.004  -24.656 0.6000000238
1666  -21.128  -85.907  -26.499 0.5000000000
2022  -23.245  -85.222  -26.061 0.4000000060
953  -12.844  -88.741  -22.139 0.6999999881
972  -14.829  -88.097  -24.551 0.4000000060
1304  -18.590  -86.460  -26.687 0.5000000000
1665  -20.217  -86.099  -26.687 0.5000000000
119327  -13.664  -88.748  -22.328 0.5000000000
960  -13.994  -88.518  -22.955 0.5000000000
973  -15.867  -88.460  -24.691 0.4000000060
127746  -16.624  -88.327  -25.107 0.4000000060
1290  -17.000  -87.872  -25.721 0.4000000060
1292  -18.678  -87.621  -25.438 0.4000000060
968  -15.337  -88.650  -23.773 0.4000000060
1299  -18.289  -87.089  -26.374 0.4000000060
1293  -19.520  -87.390  -25.076 0.4000000060
975  -18.155  -88.166  -24.632 0.4000000060
5062  -0.597  -79.159  10.039 0.6999999881
4521  0.206  -79.757  8.251 0.8000000119
113392  0.356  -80.357  6.964 0.8000000119
4538  -1.097  -80.556  8.364 0.6000000238
5111  -4.088  -77.406  5.769 0.3000000119
5660  -3.297  -76.634  5.231 0.3000000119
3493  -1.108  -82.366  6.788 0.8000000119
3479  -0.817  -81.722  7.430 0.6999999881
114718  -1.228  -81.701  7.128 0.6000000238
4556  -1.558  -80.027  6.835 0.5000000000
5659  -2.634  -77.079  4.842 0.4000000060
118384  -2.870  -76.483  5.364 0.3000000119
3503  -1.628  -82.400  5.946 0.6999999881
3516  -2.016  -81.171  5.211 0.6999999881
113314  -2.274  -76.919  5.494 0.4000000060
4588  -2.068  -78.773  3.623 0.6000000238
5123  -1.858  -78.184  4.076 0.4000000060
5658  -1.894  -77.649  4.845 0.4000000060
117117  -2.545  -80.799  4.225 0.6999999881
4047  -1.999  -79.831  4.268 0.6999999881
4587  -1.714  -79.065  4.498 0.4000000060
5647  -1.725  -77.724  5.939 0.4000000060
116794  -6.524  -79.041  -24.716 0.5000000000
5457  -5.846  -78.525  -23.615 0.6000000238
5991  -5.605  -77.643  -24.070 0.5000000000
6602  -7.024  -76.672  -24.692 0.4000000060
125755  -6.344  -78.756  -21.579 0.6000000238
5981  -5.441  -77.702  -23.417 0.6000000238
116951  -5.696  -76.846  -24.277 0.5000000000
4398  -9.955  -81.025  -24.766 0.5000000000
6543  -6.132  -76.980  -20.571 0.6000000238
7742  -4.666  -75.009  -23.006 0.6000000238
8373  -4.645  -73.321  -24.560 0.5000000000
4386  -10.505  -80.545  -23.891 0.5000000000
3351  -10.423  -82.211  -24.267 0.6000000238
109551  -3.461  -75.410  -19.917 0.6999999881
7130  -6.325  -76.208  -19.938 0.6000000238
7741  -4.356  -74.242  -23.135 0.6000000238
8362  -3.848  -72.981  -24.017 0.6000000238
6498  -5.089  -76.933  -18.151 0.6999999881
7729  -4.475  -73.771  -22.162 0.6000000238
6475  -6.164  -76.070  -18.128 0.6999999881
118638  -6.509  -75.892  -18.473 0.6000000238
7114  -6.421  -75.439  -19.438 0.6000000238
8300  -6.103  -73.929  -19.360 0.6000000238
116694  -12.032  -86.478  -20.278 0.6999999881
2464  -24.267  -84.566  -25.237 0.4000000060
2008  -13.980  -85.702  -25.048 0.5000000000
2910  -22.995  -83.461  -26.996 0.4000000060
952  -11.744  -88.331  -22.148 0.6999999881
126093  -15.682  -86.175  -26.229 0.6000000238
2030  -22.803  -84.933  -26.774 0.4000000060
2472  -21.855  -84.038  -27.360 0.4000000060
121444  -13.202  -88.142  -22.801 0.6999999881
966  -13.577  -87.792  -23.574 0.6999999881
1656  -14.969  -86.253  -26.106 0.5000000000
1661  -17.151  -86.179  -26.385 0.5000000000
1664  -19.373  -86.150  -26.640 0.5000000000
1289  -15.995  -87.740  -25.659 0.5000000000
1303  -17.147  -86.630  -26.450 0.5000000000
1300  -19.119  -86.929  -26.246 0.5000000000
113873  -0.354  -77.722  10.711 0.5000000000
5625  0.184  -78.157  8.886 0.8000000119
5054  -0.839  -78.650  10.652 0.5000000000
4509  -0.733  -79.639  9.493 0.5000000000
3994  -0.902  -80.552  8.477 0.6999999881
4523  -1.038  -80.127  8.988 0.5000000000
5070  -1.265  -79.517  9.312 0.4000000060
4572  0.433  -80.009  5.223 0.6999999881
4596  -0.178  -80.177  3.273 0.6000000238
110135  -1.382  -79.765  8.497 0.5000000000
5636  -1.670  -78.638  8.358 0.4000000060
5079  -1.586  -79.055  7.642 0.4000000060
6210  -3.355  -76.002  5.536 0.3000000119
123403  -0.440  -80.127  2.027 0.5000000000
5109  -1.608  -78.355  5.519 0.4000000060
115286  -1.714  -78.077  7.075 0.4000000060
6200  -2.739  -76.157  6.002 0.3000000119
7190  -6.078  -76.027  -24.720 0.5000000000
6589  -5.288  -76.823  -23.660 0.6000000238
7175  -5.809  -75.415  -24.823 0.4000000060
7155  -4.972  -75.661  -23.560 0.6000000238
129526  -3.399  -74.616  -20.141 0.6999999881
6564  -5.508  -76.793  -21.674 0.6000000238
110921  -3.449  -74.964  -19.111 0.8000000119
7100  -3.728  -75.839  -18.619 0.6999999881
6542  -5.611  -76.133  -20.954 0.6000000238
7129  -5.839  -75.404  -20.390 0.6000000238
8330  -4.985  -73.610  -21.280 0.6000000238
2898  -23.898  -84.242  -25.881 0.4000000060
8287  -6.151  -73.204  -18.671 0.6000000238
1655  -13.260  -85.842  -24.998 0.6000000238
2473  -22.627  -83.914  -27.233 0.4000000060
959  -12.337  -87.642  -22.559 0.6999999881
1282  -13.116  -86.725  -24.164 0.6000000238
2033  -20.880  -85.033  -27.389 0.4000000060
2028  -20.661  -85.618  -27.072 0.5000000000
5608  -0.703  -78.084  11.153 0.5000000000
5595  -0.905  -77.504  11.797 0.5000000000
5078  0.443  -78.937  7.337 0.8000000119
5063  -1.181  -79.136  10.066 0.4000000060
4555  0.468  -79.265  6.636 0.8000000119
124912  0.496  -77.483  6.521 0.6000000238
130396  -1.976  -77.854  8.637 0.4000000060
5691  0.032  -77.926  3.082 0.6999999881
5637  -2.037  -77.488  7.661 0.4000000060
5648  -2.057  -77.033  6.505 0.4000000060
6189  -3.209  -75.849  6.924 0.3000000119
5968  -5.395  -77.317  -22.628 0.6000000238
7161  -5.434  -76.001  -24.222 0.6000000238
7174  -5.175  -75.063  -24.402 0.6000000238
7776  -4.902  -74.169  -24.531 0.5000000000
8317  -2.162  -72.878  -20.395 0.6999999881
7699  -3.274  -74.043  -19.521 0.8000000119
112385  -5.223  -75.229  -21.581 0.6000000238
7686  -3.463  -74.522  -18.348 0.8000000119
7675  -3.876  -74.826  -17.656 0.6999999881
7079  -5.127  -75.603  -17.620 0.6999999881
9576  -3.543  -71.520  -23.117 0.6000000238
116035  -5.453  -75.055  -17.390 0.6999999881
111305  -5.660  -73.165  -19.794 0.6000000238
118915  -0.711  -76.117  11.635 0.5000000000
6138  -0.703  -76.865  11.844 0.5000000000
6165  -0.180  -77.052  9.897 0.5000000000
121204  0.352  -77.739  7.898 0.8000000119
6175  -0.119  -76.370  8.787 0.6999999881
5635  0.481  -77.971  7.224 0.6999999881
5609  -1.386  -77.991  11.267 0.4000000060
5610  -1.982  -77.629  11.032 0.4000000060
5619  -1.653  -78.221  10.402 0.4000000060
4595  0.011  -79.455  3.457 0.6000000238
5657  0.502  -77.572  5.683 0.6000000238
5620  -2.389  -77.309  10.232 0.4000000060
6166  -2.790  -76.837  9.230 0.4000000060
117214  -3.753  -75.766  7.740 0.3000000119
6176  -2.424  -77.057  8.361 0.4000000060
6177  -3.159  -76.300  8.158 0.3000000119
6188  -2.547  -76.543  7.212 0.3000000119
8907  -0.454  -71.918  -19.134 0.5000000000
7147  -4.950  -75.595  -22.561 0.6000000238
8908  -2.417  -71.982  -19.212 0.6999999881
8285  -2.968  -72.802  -18.880 0.8000000119
7730  -4.760  -74.618  -22.292 0.6000000238
8969  -3.659  -72.513  -23.275 0.6000000238
8286  -3.224  -73.676  -18.530 0.8000000119
8935  -4.364  -72.368  -21.434 0.6000000238
7678  -6.113  -74.678  -17.579 0.6000000238
123235  -0.674  -75.464  10.820 0.5000000000
6739  -1.009  -76.058  12.331 0.5000000000
6151  -0.429  -76.716  10.945 0.6000000238
112376  -0.407  -75.998  9.809 0.6999999881
6740  -1.644  -75.450  13.005 0.4000000060
7353  -3.999  -74.089  11.458 0.3000000119
6123  -1.393  -76.474  12.504 0.4000000060
6756  -2.740  -76.015  12.635 0.4000000060
7364  -3.985  -74.922  11.289 0.3000000119
6199  0.165  -76.097  6.700 0.6000000238
5597  -1.824  -77.360  11.735 0.4000000060
6140  -2.972  -76.365  11.803 0.4000000060
6153  -3.367  -76.229  10.915 0.3000000119
6769  -3.975  -75.495  10.523 0.3000000119
6208  0.257  -76.689  5.245 0.6000000238
115199  -3.624  -76.073  10.050 0.3000000119
6781  -4.020  -75.715  9.523 0.3000000119
6794  -3.900  -75.824  8.623 0.3000000119
10071  -2.842  -70.148  -12.903 0.6999999881
119936  -3.774  -72.165  -22.397 0.6000000238
9453  -2.896  -71.335  -13.969 0.6999999881
9528  -1.334  -71.605  -19.710 0.6000000238
9517  -1.779  -71.193  -19.177 0.6000000238
9466  -3.235  -71.867  -14.326 0.6000000238
10201  -3.523  -70.621  -21.737 0.6000000238
8275  -3.517  -74.037  -17.469 0.8000000119
8865  -4.326  -72.664  -15.455 0.6000000238
9552  -5.054  -72.226  -20.466 0.6000000238
7651  -4.506  -74.206  -16.897 0.6999999881
8886  -4.837  -72.991  -16.083 0.6000000238
112294  -4.006  -70.921  -21.221 0.6000000238
8260  -4.562  -73.609  -16.474 0.6000000238
8261  -5.331  -73.346  -16.640 0.6000000238
9530  -4.389  -70.830  -20.451 0.6000000238
10181  -3.587  -70.218  -21.067 0.6000000238
130796  -6.114  -73.393  -17.484 0.6000000238
8909  -5.802  -72.274  -18.340 0.6000000238
8920  -5.551  -72.349  -19.477 0.6000000238
126375  -5.027  -71.510  -19.970 0.6000000238
10162  -4.954  -70.683  -19.479 0.6000000238
9531  -5.458  -71.500  -18.991 0.6000000238
128825  -5.366  -70.868  -18.609 0.6000000238
6755  -0.926  -75.243  11.882 0.5000000000
7338  -1.690  -74.267  13.015 0.5000000000
6780  -0.644  -74.996  9.685 0.6999999881
117073  -0.261  -75.601  8.064 0.6999999881
7352  -3.546  -74.734  12.234 0.4000000060
6806  -0.244  -75.441  7.235 0.6000000238
112074  -3.510  -69.089  -12.098 0.6999999881
10085  -2.535  -71.074  -14.702 0.8000000119
9516  -1.084  -71.048  -19.358 0.5000000000
120241  -2.866  -72.398  -18.292 0.8000000119
8885  -3.005  -72.713  -16.299 0.8000000119
8259  -3.278  -73.301  -16.876 0.8000000119
8241  -4.008  -73.217  -15.997 0.6999999881
9499  -5.510  -71.681  -16.369 0.6000000238
8276  -5.833  -73.795  -17.199 0.6000000238
120584  -5.575  -71.458  -18.025 0.6000000238
7337  -1.223  -74.029  12.138 0.5000000000
130426  -1.037  -73.982  11.078 0.6000000238
7922  -2.021  -73.490  13.232 0.5000000000
123341  -2.294  -73.967  13.309 0.4000000060
7378  -0.923  -74.150  9.505 0.6999999881
7388  -0.730  -74.621  8.887 0.6000000238
7340  -2.769  -74.470  13.113 0.4000000060
7932  -3.373  -73.819  12.408 0.4000000060
7399  -0.656  -74.688  7.915 0.6000000238
6837  -0.673  -75.476  5.475 0.6999999881
11474  -2.948  -68.882  -12.354 0.6999999881
126977  -3.567  -67.469  -11.769 0.6999999881
11481  -2.588  -68.525  -13.247 0.8000000119
116382  -0.603  -70.412  -18.128 0.5000000000
10143  -1.963  -70.564  -18.527 0.6000000238
8863  -2.738  -72.181  -15.562 0.8000000119
10850  -1.118  -69.178  -18.014 0.5000000000
110574  -2.560  -71.575  -18.206 0.6999999881
8864  -3.420  -72.700  -15.537 0.6999999881
10161  -4.217  -70.066  -20.138 0.6000000238
8900  -5.745  -72.195  -17.313 0.6000000238
123066  -4.695  -69.898  -19.403 0.6000000238
10868  -5.232  -69.725  -18.102 0.6000000238
7920  -1.391  -72.947  12.184 0.5000000000
7921  -1.704  -73.220  12.784 0.5000000000
8530  -1.979  -72.595  12.804 0.5000000000
7943  -4.422  -73.469  10.686 0.3000000119
119380  -1.005  -73.615  10.281 0.6999999881
8542  -3.764  -73.050  11.709 0.3000000119
7969  -1.289  -73.180  8.382 0.6000000238
117378  -0.996  -73.940  8.620 0.6999999881
8553  -4.360  -72.424  10.794 0.3000000119
7978  -1.176  -73.760  7.801 0.6000000238
6838  -1.365  -74.892  5.120 0.6999999881
10832  -2.346  -69.635  -16.547 0.8000000119
10112  -2.390  -70.270  -17.058 0.6000000238
9498  -2.487  -71.322  -16.292 0.6999999881
9454  -3.426  -71.333  -13.711 0.6000000238
111018  -2.615  -71.979  -16.794 0.8000000119
9467  -4.114  -71.703  -14.286 0.6000000238
10099  -5.186  -71.588  -15.547 0.6000000238
9507  -5.599  -71.332  -17.216 0.6000000238
10127  -5.430  -70.587  -17.795 0.6000000238
11559  -4.348  -68.191  -18.724 0.5000000000
7942  -1.107  -73.082  11.269 0.5000000000
8539  -1.296  -72.251  11.746 0.5000000000
112858  -0.981  -72.694  10.251 0.6000000238
9175  -2.746  -71.746  11.858 0.5000000000
8575  -1.392  -72.568  8.116 0.6999999881
9187  -3.295  -71.273  11.093 0.3000000119
8552  -3.607  -72.056  11.468 0.3000000119
8563  -4.853  -71.862  10.096 0.3000000119
8587  -1.529  -72.315  7.543 0.6999999881
7979  -1.495  -73.546  7.048 0.6999999881
9198  -4.716  -71.086  9.938 0.3000000119
9847  -4.260  -70.586  9.407 0.3000000119
11490  -2.373  -67.758  -14.663 0.8000000119
110107  -2.270  -68.340  -15.279 0.8000000119
10851  -1.838  -69.338  -17.701 0.6000000238
10802  -2.379  -69.377  -14.605 0.8000000119
10790  -3.182  -69.627  -12.437 0.6999999881
10831  -1.277  -68.503  -17.440 0.6000000238
118853  -2.364  -70.081  -15.186 0.8000000119
10796  -4.259  -70.195  -13.138 0.6000000238
10125  -1.477  -69.872  -18.350 0.6000000238
10086  -4.292  -70.980  -13.766 0.6000000238
118376  -5.259  -70.028  -15.151 0.6000000238
10098  -5.006  -71.033  -14.839 0.6000000238
10113  -5.412  -70.025  -16.099 0.6000000238
126544  -5.395  -70.949  -15.805 0.6000000238
110118  -5.309  -69.037  -16.702 0.6000000238
10833  -5.423  -69.816  -17.201 0.6000000238
9173  -1.187  -71.522  11.357 0.5000000000
9161  -1.973  -71.770  12.183 0.5000000000
127134  -0.967  -72.349  9.544 0.6000000238
9186  -2.447  -71.006  11.438 0.5000000000
9224  -1.357  -71.542  7.410 0.6999999881
9808  -1.776  -71.248  11.704 0.5000000000
7416  -1.329  -74.148  6.487 0.6999999881
9197  -3.829  -70.879  10.299 0.3000000119
7430  -1.590  -74.140  5.614 0.6999999881
13587  -2.512  -65.096  -14.595 0.5000000000
12150  -3.069  -66.835  -12.788 0.8000000119
113872  -1.752  -67.091  -15.308 0.6000000238
12216  -1.387  -67.545  -16.348 0.6000000238
11509  -1.876  -68.017  -16.307 0.6999999881
11545  -1.078  -68.643  -17.554 0.5000000000
11527  -1.257  -67.737  -16.733 0.5000000000
11529  -1.763  -68.237  -16.984 0.6000000238
129466  -4.499  -68.949  -12.289 0.6000000238
10814  -2.273  -68.883  -16.061 0.6999999881
11482  -4.651  -69.316  -12.881 0.6000000238
115682  -4.966  -69.420  -13.785 0.6000000238
12173  -5.341  -68.595  -14.623 0.6000000238
10815  -5.299  -69.180  -15.719 0.6000000238
9185  -0.921  -71.217  10.736 0.6000000238
114359  -0.856  -71.530  9.268 0.6000000238
9196  -0.743  -70.847  10.089 0.6000000238
129789  -1.422  -69.947  10.748 0.5000000000
9835  -2.095  -70.279  11.039 0.5000000000
10546  -3.390  -69.975  7.589 0.5000000000
108378  -2.125  -69.850  10.576 0.5000000000
9846  -3.165  -70.424  9.805 0.4000000060
7995  -1.838  -73.297  6.153 0.5000000000
14312  -2.695  -64.676  -14.241 0.8000000119
14289  -3.636  -64.063  -13.071 0.8000000119
13570  -4.007  -65.579  -12.107 0.6999999881
12854  -3.348  -65.641  -12.970 0.8000000119
13569  -3.545  -64.829  -13.028 0.8000000119
12870  -1.584  -66.360  -14.798 0.5000000000
12853  -2.875  -65.823  -13.954 0.6999999881
116789  -1.224  -67.326  -15.530 0.6000000238
11491  -5.240  -68.721  -13.582 0.6000000238
9834  -0.909  -70.382  10.639 0.6000000238
9870  -0.976  -70.687  7.145 0.6999999881
9208  -0.641  -70.444  9.438 0.5000000000
9844  -0.691  -69.913  10.091 0.6000000238
10524  -1.240  -69.154  9.913 0.5000000000
10535  -2.834  -69.809  8.575 0.5000000000
9255  -1.886  -71.619  5.685 0.6000000238
15103  -2.966  -63.671  -13.363 0.8000000119
15884  -4.080  -62.705  -11.764 0.8000000119
15870  -4.595  -62.712  -10.931 0.6999999881
15101  -1.967  -64.101  -13.775 0.5000000000
116331  -4.132  -63.836  -12.591 0.8000000119
15084  -4.770  -63.321  -11.596 0.6999999881
15071  -5.310  -63.395  -10.902 0.6000000238
15113  -2.095  -64.337  -14.043 0.5000000000
13586  -1.952  -65.172  -14.736 0.5000000000
12871  -2.215  -65.952  -15.002 0.6000000238
12197  -1.144  -67.419  -16.095 0.5000000000
11235  -1.361  -68.666  9.282 0.5000000000
9223  -0.814  -70.784  8.047 0.6999999881
9854  -0.512  -70.025  8.807 0.6000000238
9900  -1.271  -70.639  6.108 0.6999999881
10533  -0.520  -68.968  8.987 0.6000000238
11234  -0.913  -68.634  9.268 0.5000000000
10525  -1.894  -69.309  9.969 0.5000000000
108868  -1.666  -70.944  5.085 0.6000000238
111699  -2.238  -68.167  7.270 0.5000000000
10574  -3.998  -69.680  5.696 0.5000000000
10562  -5.704  -70.150  6.533 0.3000000119
16632  -2.320  -61.633  -11.339 0.6999999881
16633  -2.813  -61.578  -11.375 0.8000000119
16622  -4.008  -62.028  -10.629 0.8000000119
15900  -2.264  -62.955  -12.309 0.6999999881
15882  -2.022  -62.645  -11.712 0.6000000238
16634  -3.864  -62.249  -11.278 0.8000000119
125084  -2.145  -63.580  -13.076 0.6000000238
16652  -2.597  -61.966  -11.941 0.8000000119
15861  -3.993  -61.948  -9.857 0.6000000238
15092  -3.594  -63.441  -12.792 0.8000000119
12869  -1.136  -66.847  -14.701 0.6000000238
9889  -0.592  -69.769  6.893 0.6000000238
127000  -0.300  -68.921  7.451 0.6999999881
10544  -0.414  -68.488  8.151 0.6000000238
11249  -0.731  -68.322  8.641 0.5000000000
10589  -4.534  -69.359  4.982 0.4000000060
9909  -1.454  -70.448  4.660 0.6000000238
121913  -6.115  -68.870  4.449 0.4000000060
15869  -1.884  -62.218  -10.795 0.5000000000
15083  -1.759  -63.505  -11.785 0.6000000238
15863  -5.260  -62.951  -10.070 0.6000000238
11281  -0.445  -67.983  5.523 0.6000000238
11261  -1.713  -68.004  7.925 0.5000000000
111439  -0.802  -69.734  6.100 0.6000000238
10559  -0.420  -68.915  6.650 0.6999999881
115189  -0.675  -67.754  8.023 0.6000000238
11272  -0.348  -68.031  6.434 0.8000000119
11941  -2.301  -67.220  5.696 0.5000000000
127892  -2.632  -68.477  6.461 0.5000000000
11296  -4.688  -68.803  4.267 0.5000000000
16601  -1.272  -61.048  -8.918 0.5000000000
16600  -0.926  -61.227  -8.190 0.5000000000
17410  -2.160  -60.589  -8.116 0.6999999881
110830  -1.608  -60.796  -8.638 0.6000000238
17429  -2.765  -60.880  -9.655 0.6999999881
17415  -2.791  -60.826  -8.752 0.6999999881
16614  -1.630  -61.170  -9.770 0.5000000000
17413  -1.728  -60.899  -9.454 0.6000000238
16602  -3.262  -61.458  -8.281 0.5000000000
16631  -2.077  -61.801  -11.192 0.6000000238
17442  -2.165  -60.925  -10.514 0.6999999881
114070  -3.358  -61.723  -11.109 0.8000000119
16615  -3.312  -61.436  -9.320 0.6999999881
15855  -3.905  -62.045  -8.990 0.6000000238
117882  -2.942  -61.186  -10.915 0.8000000119
15856  -4.359  -62.733  -8.574 0.6000000238
15059  -5.231  -63.045  -9.054 0.6000000238
10573  -0.689  -69.070  5.619 0.6999999881
11922  -1.519  -67.493  7.433 0.5000000000
112252  -0.777  -68.792  4.731 0.6000000238
11954  -0.398  -67.115  5.355 0.6999999881
12626  -0.595  -66.643  5.858 0.8000000119
11942  -3.050  -67.934  4.963 0.5000000000
12628  -1.727  -66.532  5.600 0.6000000238
11979  -4.333  -68.111  3.843 0.5000000000
17409  -1.387  -60.702  -7.869 0.6000000238
126342  -2.778  -60.801  -7.904 0.6999999881
17428  -2.184  -60.832  -9.902 0.6999999881
16621  -3.284  -61.437  -10.304 0.8000000119
15842  -3.531  -62.346  -7.367 0.6000000238
120719  -3.762  -62.331  -8.191 0.6000000238
15843  -3.871  -63.117  -7.660 0.6000000238
15053  -4.669  -63.497  -8.064 0.6000000238
11920  -0.566  -67.350  7.033 0.6000000238
12640  -0.571  -66.384  5.026 0.8000000119
11955  -2.471  -66.793  4.875 0.5000000000
11956  -3.414  -67.622  4.222 0.5000000000
109948  -0.705  -67.599  3.399 0.6000000238
12642  -1.450  -66.056  5.126 0.6000000238
11980  -5.009  -67.522  3.310 0.5000000000
11997  -6.011  -67.312  3.026 0.5000000000
17414  -2.195  -60.716  -9.089 0.6999999881
130394  -3.151  -61.292  -7.009 0.5000000000
15821  -3.473  -62.499  -6.428 0.6000000238
15044  -3.603  -63.377  -6.711 0.6000000238
15045  -3.950  -64.034  -7.102 0.6000000238
12611  -0.871  -66.642  6.422 0.6000000238
11978  -3.879  -67.215  3.605 0.5000000000
120693  -0.588  -65.560  3.601 0.6999999881
13350  -0.818  -65.542  4.358 0.6999999881
13351  -1.141  -65.447  4.599 0.6999999881
12663  -2.169  -65.824  4.368 0.6000000238
12664  -3.304  -66.310  3.526 0.6000000238
12685  -6.240  -66.509  2.717 0.5000000000
13383  -0.498  -65.323  2.862 0.8000000119
13363  -1.508  -65.033  4.040 0.6999999881
13364  -2.674  -65.390  3.467 0.6000000238
12665  -4.356  -66.599  3.128 0.5000000000
115303  -0.446  -65.208  2.077 0.8000000119
108068  -1.733  -60.414  -7.212 0.5000000000
16589  -2.473  -60.600  -7.093 0.6999999881
18183  -1.561  -59.577  -5.902 0.4000000060
17396  -2.186  -60.042  -6.232 0.6999999881
16573  -3.105  -60.708  -5.997 0.6999999881
16574  -3.458  -61.713  -6.082 0.6000000238
15811  -3.695  -62.627  -5.825 0.6000000238
13388  -6.475  -65.677  2.576 0.5000000000
13362  -0.981  -64.990  4.145 0.8000000119
12686  -7.150  -66.332  2.704 0.5000000000
13385  -3.278  -64.968  2.791 0.6999999881
13365  -3.804  -65.783  2.957 0.6000000238
124217  -5.022  -65.539  2.562 0.5000000000
13390  -8.169  -65.379  2.808 0.5000000000
14133  -0.622  -64.467  2.634 0.6999999881
14164  -0.903  -64.002  0.619 0.6000000238
14157  -0.546  -63.987  1.997 0.8000000119
14950  -1.168  -63.196  0.291 0.6000000238
16565  -3.804  -61.537  -5.698 0.5000000000
18959  -4.144  -58.558  -5.653 0.5000000000
14119  -9.233  -64.530  3.338 0.4000000060
14116  -0.817  -64.837  3.595 0.6999999881
14137  -3.874  -64.446  2.446 0.6000000238
114995  -5.283  -65.117  2.462 0.6000000238
14118  -8.529  -64.726  2.976 0.5000000000
14120  -10.070  -64.368  3.717 0.4000000060
14117  -1.112  -64.550  3.636 0.8000000119
13384  -2.024  -64.595  3.337 0.8000000119
14140  -6.642  -64.864  2.526 0.5000000000
14902  -8.539  -63.908  3.124 0.5000000000
15742  -0.788  -62.315  0.791 0.6000000238
111020  -1.465  -60.863  0.626 0.6000000238
18184  -2.531  -59.216  -5.587 0.4000000060
17377  -4.078  -59.991  -5.398 0.6000000238
125551  -3.202  -58.427  -5.545 0.5000000000
18958  -3.649  -57.733  -5.856 0.5000000000
18186  -4.724  -59.359  -5.728 0.6000000238
14918  -6.973  -63.520  2.601 0.5000000000
130423  -0.980  -63.719  2.823 0.8000000119
14138  -4.837  -64.517  2.397 0.6000000238
116530  -8.733  -63.018  3.417 0.5000000000
14135  -1.477  -63.992  2.876 0.8000000119
124672  -5.684  -63.491  2.403 0.6000000238
14904  -10.234  -63.503  3.844 0.4000000060
14913  -1.214  -63.185  2.488 0.8000000119
14914  -2.284  -63.420  2.380 0.8000000119
14915  -3.419  -63.683  2.304 0.6999999881
14916  -4.387  -63.851  2.318 0.6000000238
115022  -6.329  -63.034  2.502 0.6000000238
16471  -1.766  -61.147  1.603 0.8000000119
14933  -0.596  -63.339  1.743 0.6999999881
17273  -1.214  -61.025  1.105 0.6000000238
123457  -1.758  -60.468  1.179 0.6999999881
18979  -4.586  -58.391  -6.071 0.5000000000
111105  -2.979  -62.862  2.144 0.8000000119
114889  -3.991  -63.077  2.217 0.6999999881
15714  -5.542  -62.572  2.373 0.6999999881
15711  -1.139  -62.359  2.080 0.6999999881
130143  -1.584  -61.907  1.924 0.8000000119
16460  -4.045  -61.525  2.073 0.8000000119
16461  -5.048  -61.698  2.238 0.6999999881
18114  -2.643  -59.469  0.110 0.6999999881
17274  -2.216  -59.846  1.049 0.6000000238
18868  -2.815  -58.983  0.276 0.6999999881
19762  -3.510  -56.796  -6.432 0.5000000000
120908  -3.532  -62.220  2.104 0.8000000119
16444  -7.655  -61.248  3.225 0.6000000238
17264  -4.575  -60.827  2.032 0.8000000119
127859  -6.334  -60.913  2.591 0.6999999881
16459  -2.933  -61.277  1.884 0.8000000119
17263  -3.487  -60.565  1.750 0.8000000119
17276  -4.107  -59.911  1.675 0.8000000119
18885  -3.376  -58.517  -0.109 0.6999999881
18856  -4.619  -58.339  1.381 0.6000000238
18886  -3.934  -58.049  -0.323 0.6000000238
20449  -4.909  -56.754  0.488 0.6999999881
110752  -19.109  -57.498  2.253 0.6000000238
19662  -20.688  -57.280  0.888 0.5000000000
19776  -3.927  -57.192  -7.666 0.4000000060
125411  -4.981  -60.214  1.995 0.8000000119
17267  -7.300  -60.336  3.064 0.6000000238
17265  -5.612  -59.894  2.132 0.8000000119
17266  -6.442  -60.281  2.571 0.8000000119
110005  -8.137  -60.377  3.510 0.6000000238
18079  -5.424  -59.088  1.857 0.8000000119
18081  -6.996  -59.504  2.777 0.8000000119
18082  -13.751  -59.461  2.871 0.5000000000
109947  -4.180  -57.423  0.586 0.6999999881
20461  -5.250  -56.304  -0.147 0.6999999881
19671  -4.907  -56.799  -0.490 0.6000000238
19635  -15.826  -56.565  3.118 0.6000000238
18849  -17.204  -57.313  2.693 0.6000000238
21332  -6.861  -54.890  -0.525 0.6000000238
18850  -18.064  -57.365  2.587 0.6000000238
22232  -10.458  -54.496  0.174 0.6000000238
22234  -12.352  -54.813  1.068 0.6000000238
22249  -12.827  -54.992  0.358 0.6000000238
21323  -15.107  -55.668  1.114 0.6000000238
20463  -16.217  -55.718  1.449 0.6000000238
19761  -2.736  -56.339  -5.690 0.4000000060
20575  -3.641  -56.328  -7.660 0.4000000060
130226  -15.832  -58.324  2.244 0.5000000000
124970  -5.628  -56.901  1.067 0.6999999881
125261  -5.670  -56.325  0.536 0.6999999881
21305  -6.992  -55.583  0.740 0.6999999881
19636  -16.782  -56.317  3.123 0.6000000238
21319  -7.264  -55.080  0.299 0.6999999881
21321  -9.157  -54.748  0.713 0.6000000238
22233  -11.435  -54.628  0.656 0.6000000238
21309  -15.869  -55.168  2.327 0.6000000238
20465  -18.099  -55.731  1.563 0.6000000238
19661  -18.062  -56.466  0.444 0.5000000000
20563  -3.198  -55.922  -6.493 0.5000000000
19646  -6.200  -57.608  1.648 0.8000000119
20441  -7.556  -56.671  1.927 0.6999999881
20442  -9.965  -56.076  2.940 0.6000000238
20429  -10.012  -56.770  3.468 0.6000000238
19619  -13.088  -56.891  3.778 0.6000000238
19620  -13.944  -56.473  3.551 0.6000000238
19647  -6.531  -56.725  1.362 0.6999999881
21291  -9.064  -55.870  2.286 0.6999999881
21292  -10.762  -55.504  2.971 0.6000000238
20432  -12.754  -55.979  3.804 0.6000000238
19637  -17.793  -56.146  2.958 0.5000000000
20450  -7.088  -56.119  1.264 0.6999999881
20451  -7.925  -55.670  1.432 0.6999999881
21294  -12.874  -55.060  3.412 0.5000000000
21287  -14.179  -55.304  3.624 0.5000000000
20444  -18.376  -55.747  2.691 0.5000000000
19639  -19.026  -55.845  2.463 0.5000000000
21306  -8.999  -55.170  1.527 0.8000000119
119832  -10.786  -55.107  2.587 0.6000000238
21295  -13.749  -55.113  3.445 0.5000000000
21297  -16.317  -55.094  2.974 0.5000000000
20455  -19.447  -55.886  2.112 0.5000000000
21324  -21.151  -56.221  0.429 0.5000000000
22252  -21.766  -54.541  -0.396 0.4000000060
110322  -21.402  -53.859  -0.544 0.3000000119
128194  -9.733  -54.906  1.531 0.6000000238
22210  -12.417  -54.915  2.720 0.6000000238
22212  -13.992  -54.911  3.083 0.5000000000
110148  -15.352  -54.906  2.920 0.6000000238
112172  -20.339  -56.432  0.996 0.5000000000
21338  -21.388  -55.399  -0.167 0.5000000000
23152  -20.593  -53.510  -0.663 0.3000000119
22221  -12.813  -54.859  2.103 0.6000000238
21322  -14.050  -55.117  1.781 0.6000000238
20452  -16.893  -55.237  2.406 0.6000000238
20466  -18.996  -55.835  1.571 0.5000000000
116886  -20.445  -55.230  -0.523 0.5000000000
130264  -19.971  -52.855  -0.689 0.3000000119
20453  -17.797  -55.399  2.375 0.6000000238
20483  -19.817  -56.269  0.260 0.6000000238
22250  -20.045  -54.413  -0.884 0.5000000000
21337  -19.985  -55.802  -0.434 0.6000000238
21406  -2.981  -55.036  -6.330 0.4000000060
20434  -15.912  -55.295  3.273 0.5000000000
21311  -18.030  -55.584  2.644 0.5000000000
22251  -20.952  -54.513  -0.581 0.3000000119
23990  -20.576  -52.467  -0.386 0.3000000119
21443  -3.639  -55.501  -8.209 0.4000000060
117869  -4.040  -55.162  -9.746 0.4000000060
108227  -3.817  -55.564  -9.087 0.6000000238
23184  -17.899  -53.465  -4.034 0.4000000060
24807  -17.121  -52.043  -2.637 0.4000000060
24003  -16.908  -52.265  -3.524 0.4000000060
24013  -18.243  -53.112  -4.577 0.4000000060
25595  -17.311  -50.618  -0.478 0.4000000060
24798  -16.742  -51.316  -2.197 0.4000000060
23193  -20.241  -53.948  -5.467 0.4000000060
23194  -20.513  -53.590  -6.109 0.5000000000
26428  -16.525  -49.618  -0.366 0.3000000119
26418  -16.829  -49.255  0.198 0.3000000119
26429  -16.925  -50.041  0.006 0.3000000119
23192  -19.431  -53.368  -5.069 0.4000000060
25594  -16.569  -50.276  -0.829 0.4000000060
119188  -20.288  -53.038  -5.610 0.4000000060
23199  -20.412  -52.832  -6.598 0.5000000000
26437  -16.129  -49.603  -0.918 0.3000000119
25603  -16.341  -50.687  -1.708 0.5000000000
24830  -20.060  -51.568  -5.542 0.4000000060
24036  -19.772  -52.496  -7.415 0.5000000000
24844  -20.374  -51.336  -6.547 0.5000000000
24856  -18.790  -51.750  -8.031 0.5000000000
24857  -19.575  -51.836  -7.551 0.5000000000
25655  -20.211  -50.502  -6.734 0.4000000060
25654  -19.742  -50.340  -7.364 0.5000000000
121311  -20.002  -51.186  -7.210 0.5000000000
118059  -17.689  -50.853  -8.633 0.5000000000
121160  -18.502  -50.943  -8.228 0.5000000000
26484  -20.021  -49.678  -6.926 0.5000000000
25653  -19.065  -50.208  -7.937 0.5000000000
25663  -18.231  -50.119  -8.400 0.5000000000
26483  -19.495  -49.500  -7.502 0.5000000000
26489  -17.917  -49.280  -8.579 0.5000000000
26482  -18.782  -49.363  -8.082 0.5000000000
27334  -17.577  -48.354  -8.789 0.4000000060
27335  -18.471  -48.506  -8.216 0.5000000000
28204  -15.153  -47.556  -10.336 0.3000000119
114009  -16.993  -47.696  -9.183 0.4000000060
28190  -15.849  -47.743  -9.947 0.3000000119
29044  -19.174  -47.168  -7.002 0.3000000119
115725  -18.216  -47.800  -8.351 0.4000000060
28205  -15.701  -46.974  -10.150 0.3000000119
28191  -16.432  -47.093  -9.610 0.3000000119
41  -9.587  -92.667  -4.676 0.6000000238
129301  -11.677  -88.550  -5.833 0.8000000119
116839  -9.389  -90.953  -4.390 0.8000000119
57  -13.867  -93.070  -7.276 0.5000000000
1105  -13.682  -87.012  -5.220 0.6999999881
128323  -16.987  -92.517  -7.027 0.6000000238
3123  -5.406  -82.017  -2.673 0.6999999881
132  -14.612  -92.481  -3.484 0.6999999881
112029  -6.627  -80.078  -0.667 0.6000000238
5211  -6.000  -78.694  -1.864 0.6000000238
4141  -2.678  -80.238  -3.753 0.8000000119
3618  -2.586  -81.583  -3.850 1.0000000000
269  -21.748  -90.846  -8.130 0.6999999881
5198  -5.877  -78.555  -1.246 0.6000000238
2207  -1.055  -84.980  -3.291 0.8999999762
2699  -11.072  -82.397  -6.582 0.6999999881
121880  -8.389  -81.327  -9.269 0.8999999762
1253  -6.597  -87.340  -19.469 0.6000000238
2189  -0.839  -84.824  -2.621 0.8999999762
3665  -8.152  -81.519  -7.068 0.8999999762
1985  -24.709  -85.717  -22.278 0.5000000000
122177  -4.707  -81.378  -22.592 0.6999999881
1956  -8.901  -85.553  -19.271 0.6999999881
1999  -25.591  -85.609  -23.446 0.6000000238
1939  -10.793  -86.182  -17.567 0.6999999881
1593  -11.967  -87.116  -19.065 0.6999999881
4590  -4.200  -78.796  3.769 0.5000000000
3072  -0.501  -83.094  1.651 0.6000000238
2860  -9.826  -83.464  -21.581 0.6000000238
1571  -11.905  -86.969  -17.725 0.5000000000
1608  -11.975  -86.109  -21.469 0.6000000238
698  -13.948  -89.310  -21.563 0.5000000000
3536  -0.475  -82.254  2.274 0.8000000119
117716  -11.925  -86.032  -22.450 0.6000000238
974  -17.347  -88.328  -24.939 0.4000000060
112790  -1.723  -80.235  5.344 0.6000000238
6011  -7.527  -78.633  -25.266 0.5000000000
2029  -21.675  -85.293  -27.097 0.4000000060
113632  0.482  -79.051  5.087 0.6000000238
118183  -3.068  -76.609  10.126 0.4000000060
114421  -5.100  -74.290  -21.428 0.6000000238
8318  -5.476  -73.904  -20.443 0.6000000238
124340  -2.429  -68.738  -14.178 0.8000000119
10791  -3.919  -69.508  -12.417 0.6000000238
120285  -2.561  -67.019  -13.998 0.8000000119
9242  -1.585  -71.495  6.592 0.6999999881
126313  -1.696  -72.093  6.955 0.6999999881
129518  -3.330  -70.241  9.127 0.5000000000
15913  -2.575  -63.202  -12.822 0.6999999881
15883  -3.273  -62.151  -11.804 0.8000000119
10560  -2.824  -69.202  6.916 0.5000000000
9899  -1.113  -70.144  5.343 0.6000000238
12662  -0.516  -66.408  3.871 0.6000000238
12643  -3.046  -66.788  4.055 0.5000000000
17408  -1.004  -60.624  -7.156 0.4000000060
12684  -5.320  -66.638  2.854 0.5000000000
14163  -0.585  -63.997  1.294 0.6999999881
14912  -0.768  -63.616  2.512 0.6999999881
17301  -1.988  -60.313  0.226 0.6000000238
18185  -3.771  -59.172  -5.449 0.6000000238
15697  -9.585  -62.830  3.775 0.5000000000
18957  -2.363  -57.883  -5.448 0.4000000060
18978  -4.192  -57.629  -6.667 0.4000000060
19638  -18.728  -56.527  2.606 0.5000000000
19649  -20.144  -56.818  1.500 0.5000000000
117399  -6.785  -58.516  2.393 0.8000000119
19633  -13.830  -57.496  3.246 0.6000000238
18859  -16.624  -58.356  2.240 0.5000000000
19648  -19.574  -56.415  2.158 0.5000000000
20468  -20.634  -56.562  0.881 0.5000000000
125044  -15.474  -55.070  3.279 0.5000000000
109605  -5.147  -57.488  1.203 0.6000000238
18844  -5.756  -58.401  1.779 0.8000000119
19630  -7.164  -57.541  2.197 0.8000000119
119038  -19.565  -55.227  -0.936 0.5000000000
21422  -3.413  -55.361  -7.209 0.5000000000
24777  -20.810  -51.403  0.612 0.3000000119
118660  -19.112  -51.582  -0.410 0.3000000119
25610  -16.015  -51.015  -2.587 0.5000000000
24029  -20.495  -52.108  -6.285 0.5000000000
24831  -20.423  -51.454  -5.919 0.4000000060
26471  -20.197  -49.842  -6.183 0.4000000060
27325  -19.807  -48.881  -6.996 0.4000000060
517  -13.662  -89.531  -0.136 0.5000000000
508  -13.726  -89.817  0.904 0.5000000000
1379  -14.725  -87.205  0.148 0.5000000000
733  -15.108  -88.069  -0.022 0.5000000000
726  -14.879  -88.156  1.052 0.5000000000
350  -13.319  -90.863  1.432 0.5000000000
232  -13.426  -91.176  1.276 0.5000000000
739  -5.861  -88.608  -1.447 0.4000000060
1050  -12.507  -87.226  0.384 0.5000000000
509  -14.432  -89.134  1.489 0.5000000000
108  -14.075  -92.312  0.060 0.6000000238
101  -13.354  -92.021  0.587 0.6000000238
115  -14.036  -92.502  -0.915 0.6000000238
114591  -15.238  -92.502  -2.715 0.6999999881
120194  -17.799  -92.418  -5.263 0.6999999881
1506  -21.238  -86.830  -11.919 0.5000000000
1507  -22.184  -86.850  -11.874 0.6000000238
2748  -4.293  -83.596  -12.477 0.6999999881
156  -18.797  -91.916  -5.724 0.6999999881
915  -26.423  -87.485  -15.964 0.6999999881
1964  -5.718  -85.382  -20.593 0.5000000000
1604  -5.584  -86.231  -19.926 0.5000000000
1269  -20.820  -87.128  -20.531 0.5000000000
1613  -21.127  -86.858  -21.306 0.5000000000
258  -19.643  -91.123  -6.351 0.6000000238
583  -20.063  -90.257  -6.627 0.6000000238
5454  -1.584  -78.340  -22.193 0.5000000000
1576  -27.206  -86.173  -17.526 0.6000000238
1226  -26.667  -87.148  -16.743 0.6999999881
2846  -27.563  -84.241  -19.937 0.5000000000
125413  -5.898  -87.271  -19.142 0.5000000000
127590  -22.268  -86.209  -21.908 0.6000000238
1625  -20.689  -86.811  -21.480 0.5000000000
2161  -0.789  -84.819  -0.392 0.8000000119
4917  -1.666  -79.411  -22.796 0.6999999881
1254  -7.220  -87.414  -19.586 0.8000000119
117765  -21.693  -86.317  -22.182 0.6999999881
1274  -20.271  -87.053  -21.864 0.5000000000
6561  -2.003  -75.870  -22.024 0.6999999881
121615  -7.613  -87.569  -19.464 0.8000000119
2449  -27.432  -84.807  -22.971 0.4000000060
2448  -27.093  -84.762  -23.422 0.4000000060
956  -16.624  -88.633  -22.074 0.5000000000
1284  -19.074  -87.911  -24.157 0.4000000060
121464  -11.615  -85.844  -17.409 0.5000000000
970  -17.163  -88.697  -23.481 0.4000000060
126133  -16.845  -88.658  -24.363 0.4000000060
7128  -3.500  -74.816  -21.040 0.6999999881
2446  -26.079  -84.736  -23.772 0.4000000060
4054  -0.162  -81.061  3.601 0.6999999881
4065  -0.438  -81.030  1.965 0.6000000238
4075  -0.415  -80.857  1.141 0.6000000238
8316  -1.697  -73.169  -20.681 0.6999999881
2404  -10.654  -84.589  -18.458 0.5000000000
4601  -0.294  -79.580  2.559 0.6000000238
7712  -2.492  -73.648  -20.766 0.6999999881
6822  -0.372  -75.427  6.333 0.6999999881
128079  -0.669  -76.118  4.243 0.6000000238
7400  -1.065  -74.179  7.217 0.6000000238
7429  -0.986  -74.801  5.977 0.6999999881
108679  -1.725  -72.774  6.943 0.6999999881
111396  -1.919  -72.301  6.303 0.6999999881
9872  -5.370  -70.459  8.046 0.3000000119
12844  -3.523  -66.440  -12.180 0.8000000119
12137  -4.366  -67.572  -11.472 0.6000000238
11463  -4.498  -68.184  -11.611 0.6000000238
11483  -5.106  -68.651  -12.679 0.6000000238
11477  -4.881  -68.460  -11.987 0.6000000238
9856  -3.882  -70.310  8.515 0.4000000060
9871  -4.612  -70.352  7.918 0.3000000119
10547  -5.921  -70.450  7.135 0.3000000119
14281  -4.764  -64.029  -12.058 0.6999999881
15085  -5.288  -63.871  -11.444 0.6000000238
9890  -3.642  -69.848  6.529 0.4000000060
117722  -4.902  -69.856  5.792 0.3000000119
11284  -6.478  -69.259  5.273 0.3000000119
9908  -1.093  -69.751  4.704 0.6000000238
11273  -2.116  -67.496  6.604 0.5000000000
11298  -6.903  -68.745  4.821 0.3000000119
11318  -7.272  -68.306  4.218 0.4000000060
11295  -3.843  -68.559  4.447 0.5000000000
122264  -5.888  -67.964  3.436 0.5000000000
11981  -6.704  -67.846  3.443 0.4000000060
11999  -7.970  -66.872  3.089 0.4000000060
15026  -3.673  -64.180  -6.130 0.6000000238
15756  -1.269  -62.094  0.220 0.5000000000
127170  -7.838  -63.158  2.934 0.6000000238
15715  -6.361  -62.216  2.534 0.6000000238
123769  -8.265  -62.457  3.306 0.6000000238
15696  -8.913  -62.088  3.721 0.5000000000
15698  -10.416  -62.731  4.092 0.5000000000
117990  -7.001  -61.790  2.789 0.6000000238
16445  -8.535  -61.197  3.661 0.6000000238
18096  -17.743  -58.928  1.728 0.5000000000
20474  -5.594  -56.180  -0.678 0.6000000238
18862  -19.798  -57.575  1.770 0.5000000000
20462  -5.777  -55.790  0.003 0.6999999881
21317  -5.896  -55.698  -0.568 0.6000000238
22243  -7.103  -54.757  -1.183 0.6000000238
22231  -9.461  -54.468  -0.194 0.6000000238
116589  -14.342  -55.446  1.268 0.6000000238
19660  -17.263  -56.525  0.594 0.5000000000
112531  -8.977  -60.410  3.947 0.6000000238
17252  -10.199  -59.840  4.411 0.6000000238
18057  -12.685  -59.874  3.836 0.5000000000
18063  -8.637  -59.491  3.746 0.6999999881
18858  -15.166  -58.700  2.122 0.5000000000
18846  -13.766  -58.608  2.946 0.5000000000
18847  -14.516  -58.101  2.643 0.5000000000
18860  -17.527  -58.333  2.265 0.5000000000
20469  -21.601  -56.445  0.367 0.3000000119
21320  -8.188  -54.895  0.598 0.6000000238
22218  -10.064  -54.667  0.935 0.6999999881
21336  -19.284  -56.017  -0.724 0.6000000238
123250  -7.467  -58.941  2.950 0.8000000119
18845  -7.676  -58.238  2.838 0.8000000119
18835  -13.082  -58.137  3.563 0.6000000238
19631  -8.160  -57.379  2.767 0.6999999881
19616  -9.699  -57.449  3.662 0.8000000119
18833  -11.491  -57.982  4.057 0.6000000238
21325  -22.007  -55.898  0.280 0.5000000000
111130  -3.737  -56.265  -8.869 0.5000000000
115558  -8.380  -56.489  2.315 0.6999999881
24792  -18.498  -51.433  -0.655 0.4000000060
24814  -16.306  -51.686  -3.896 0.5000000000
24011  -16.842  -52.195  -4.106 0.4000000060
24829  -19.250  -51.671  -5.217 0.4000000060
121129  -20.202  -50.965  -5.704 0.4000000060
25631  -20.033  -50.312  -5.658 0.4000000060
27297  -19.904  -49.088  -5.919 0.4000000060
28171  -19.511  -47.965  -6.868 0.3000000119
27308  -19.776  -48.548  -6.322 0.3000000119
28170  -18.868  -47.671  -7.689 0.4000000060
19653  -3.943  -57.402  0.088 0.6999999881
727  -14.989  -87.641  0.310 0.5000000000
225  -14.097  -90.852  1.935 0.5000000000
124  -15.830  -92.339  -2.012 0.6999999881
113318  -14.706  -92.569  -1.900 0.6999999881
1626  -21.351  -86.432  -21.745 0.6000000238
118490  -27.897  -83.778  -22.221 0.3000000119
112072  -17.859  -88.565  -23.306 0.4000000060
971  -18.392  -88.383  -23.659 0.4000000060
7728  -2.948  -74.436  -21.332 0.6999999881
6224  -0.032  -76.732  4.265 0.6000000238
6240  -0.727  -76.429  3.544 0.6000000238
6225  -0.312  -76.084  4.943 0.6999999881
12828  -4.165  -66.660  -11.539 0.6999999881
13559  -4.831  -65.759  -11.549 0.6000000238
10576  -6.891  -69.770  6.048 0.3000000119
10575  -5.775  -69.715  5.648 0.3000000119
16437  -11.078  -61.208  4.561 0.5000000000
22230  -8.486  -54.560  -0.352 0.6000000238
17251  -9.803  -60.474  4.294 0.6000000238
18055  -10.980  -59.592  4.458 0.6000000238
18056  -11.911  -59.711  4.260 0.6000000238
18064  -9.488  -59.699  4.180 0.6000000238
18065  -10.124  -59.034  4.289 0.6000000238
109956  -9.296  -58.993  4.061 0.6000000238
18066  -11.544  -58.982  4.233 0.6000000238
18067  -12.368  -58.818  3.986 0.6000000238
19615  -8.928  -57.753  3.451 0.8000000119
108594  -9.603  -58.251  3.942 0.6999999881
26458  -19.847  -49.639  -5.666 0.4000000060
17245  -12.253  -60.549  4.180 0.5000000000
108880  -10.921  -58.767  4.257 0.6000000238
116756  -7.768  -92.011  -6.607 0.5000000000
391  -7.456  -91.147  -6.768 0.6999999881
260  -6.003  -91.191  -7.109 0.5000000000
261  -7.834  -91.881  -6.286 0.6999999881
137  -8.982  -92.146  -4.755 0.5000000000
121423  -10.257  -90.272  -4.603 0.8000000119
126992  -11.132  -89.729  -4.495 0.8000000119
553  -11.740  -89.522  -3.794 0.8000000119
378  -10.926  -90.202  -3.484 0.8000000119
255  -8.252  -92.292  -5.957 0.5000000000
40  -9.107  -92.507  -5.028 0.5000000000
129866  -9.248  -91.534  -4.115 0.6999999881
1454  -6.505  -86.814  -7.742 0.8999999762
1128  -5.909  -87.428  -7.413 0.8000000119
1139  -3.959  -87.407  -7.868 0.6999999881
814  -7.316  -88.490  -7.438 0.6999999881
127585  -7.326  -86.597  -7.963 0.8999999762
542  -13.311  -89.066  -2.089 0.6999999881
732  -14.557  -88.600  -0.727 0.6000000238
744  -14.751  -87.994  -1.527 0.6999999881
247  -10.543  -91.238  -2.521 0.8000000119
374  -11.579  -90.295  -1.787 0.8000000119
540  -11.451  -90.027  -2.780 0.8000000119
250  -10.187  -91.588  -3.092 0.8000000119
128  -10.464  -92.077  -3.076 0.8000000119
44  -11.537  -93.047  -5.033 0.6000000238
53  -10.486  -93.765  -5.769 0.6000000238
39  -10.654  -92.441  -3.605 0.6000000238
63  -14.959  -93.034  -8.072 0.5000000000
61  -13.239  -93.595  -7.477 0.5000000000
62  -14.328  -93.226  -7.861 0.5000000000
1409  -12.587  -86.093  -2.166 0.5000000000
1781  -13.912  -85.406  -2.473 0.5000000000
115846  -13.081  -86.567  -0.727 0.5000000000
1400  -14.031  -86.199  -1.137 0.5000000000
1410  -14.675  -85.974  -2.511 0.6000000238
108193  -14.515  -86.785  -0.567 0.5000000000
1079  -14.698  -86.472  -3.086 0.6999999881
1795  -11.853  -85.391  -4.472 0.6999999881
2210  -13.439  -84.833  -3.790 0.6999999881
555  -13.156  -88.739  -3.105 0.6999999881
579  -10.219  -89.581  -6.212 0.8000000119
385  -9.865  -90.255  -5.399 0.8000000119
114228  -12.523  -91.097  0.466 0.6000000238
362  -12.773  -90.419  0.349 0.6000000238
370  -11.751  -90.583  -0.918 0.6999999881
401  -8.694  -90.098  -6.982 0.8000000119
179  -15.652  -92.640  -8.362 0.6000000238
187  -16.876  -92.052  -9.427 0.5000000000
197  -17.287  -91.710  -10.085 0.5000000000
277  -20.184  -91.407  -9.904 0.8000000119
289  -19.703  -91.114  -10.657 0.6999999881
513  -4.694  -88.963  -0.890 0.4000000060
1073  -3.891  -87.382  -3.248 0.6000000238
130702  -5.880  -89.273  -3.503 0.5000000000
780  -5.567  -88.344  -4.496 0.6000000238
1087  -7.468  -88.341  -4.894 0.6000000238
742  -10.015  -88.357  -2.141 0.3000000119
1069  -10.747  -87.744  -2.144 0.3000000119
1086  -5.864  -87.520  -5.075 0.6000000238
1089  -9.768  -87.713  -4.414 0.5000000000
1075  -9.790  -88.202  -3.576 0.5000000000
1103  -8.778  -87.203  -5.331 0.6000000238
4737  -3.173  -79.546  -7.560 0.8999999762
123962  -10.844  -84.757  -5.460 0.6999999881
1804  -10.050  -85.218  -5.594 0.6999999881
126078  -14.314  -86.556  -4.560 0.6999999881
816  -9.098  -89.227  -7.182 0.8000000119
572  -11.524  -89.073  -5.330 0.8000000119
804  -12.086  -87.923  -6.045 0.8000000119
541  -12.365  -89.545  -2.441 0.8000000119
50  -11.939  -93.249  -5.813 0.5000000000
305  -21.020  -90.759  -11.083 0.6999999881
429  -22.022  -90.596  -10.807 0.8999999762
1397  -4.046  -85.967  -1.655 0.5000000000
114672  -4.576  -85.455  0.096 0.5000000000
2176  -4.738  -84.007  -1.784 0.6000000238
1792  -4.348  -85.651  -4.178 0.6000000238
766  -9.228  -88.734  -3.109 0.4000000060
1800  -5.299  -85.144  -5.490 0.6000000238
2229  -4.945  -84.278  -5.537 0.6999999881
114663  -9.194  -88.384  -7.342 0.8999999762
1130  -8.633  -87.785  -7.587 0.8999999762
817  -10.001  -88.251  -7.097 0.8000000119
802  -10.579  -88.694  -6.575 0.8000000119
803  -11.350  -88.287  -6.344 0.8000000119
1172  -20.906  -87.115  -11.208 0.5000000000
131  -13.204  -92.596  -2.795 0.8000000119
112653  -22.865  -87.292  -11.223 0.6000000238
111509  -22.630  -88.480  -9.298 0.6000000238
848  -23.176  -88.318  -9.879 0.5000000000
632  -22.624  -89.363  -13.375 0.8000000119
448  -21.895  -89.709  -12.821 0.6000000238
119525  -2.563  -81.306  -4.945 1.0000000000
751  -6.884  -88.792  -2.497 0.4000000060
765  -8.599  -88.997  -3.433 0.5000000000
3637  -5.234  -81.251  -4.517 0.6999999881
115537  -5.593  -81.141  -2.836 0.6999999881
3153  -2.610  -82.818  -5.591 0.8999999762
2231  -6.832  -85.100  -5.969 0.6999999881
1788  -14.308  -85.451  -2.870 0.6000000238
1797  -14.565  -85.633  -4.404 0.6999999881
1457  -9.778  -86.719  -7.632 0.8999999762
109580  -10.348  -87.329  -7.288 0.8999999762
162  -14.473  -92.401  -6.687 0.6000000238
617  -24.508  -89.014  -11.204 0.5000000000
1175  -24.436  -87.791  -11.366 0.5000000000
873  -25.445  -88.164  -12.297 0.6000000238
634  -24.724  -89.011  -12.930 0.6999999881
626  -23.844  -89.413  -12.424 0.8000000119
1197  -26.081  -87.449  -13.100 0.6999999881
883  -25.305  -88.520  -13.661 0.6999999881
631  -21.539  -89.371  -13.654 0.6000000238
4680  -3.465  -78.765  -4.185 0.8000000119
2165  -5.331  -83.395  -0.240 0.5000000000
2677  -2.334  -84.173  -4.372 0.8999999762
109560  -1.574  -84.701  -2.888 0.8999999762
109579  -2.567  -82.690  -4.751 1.0000000000
2651  -5.290  -82.592  -2.120 0.6000000238
2245  -2.181  -84.421  -6.578 0.8000000119
1812  -1.007  -85.023  -6.516 0.6999999881
1814  -13.858  -85.118  -6.373 0.8000000119
1490  -3.490  -86.042  -9.782 0.6000000238
1840  -6.059  -85.177  -8.442 1.0000000000
1443  -13.017  -86.270  -6.610 0.8000000119
2281  -4.987  -84.699  -9.560 0.6999999881
839  -23.601  -88.884  -9.824 0.5000000000
607  -23.460  -89.422  -9.630 0.5000000000
420  -23.527  -89.931  -10.175 0.6999999881
1508  -23.164  -86.908  -11.854 0.5000000000
612  -24.006  -89.181  -10.335 0.5000000000
454  -20.265  -89.628  -14.718 0.6000000238
116301  -23.817  -88.220  -15.612 0.6999999881
913  -23.559  -87.936  -16.296 0.6999999881
1224  -24.630  -87.767  -16.496 0.6000000238
125831  -5.624  -83.405  3.940 0.3000000119
3047  -5.887  -82.748  3.197 0.4000000060
1047  -6.350  -88.175  0.031 0.3000000119
3075  -5.868  -82.662  1.730 0.6000000238
3578  -6.326  -81.021  -0.448 0.6000000238
3099  -5.965  -82.105  0.311 0.6000000238
2626  -5.671  -82.522  -0.434 0.6000000238
4725  -3.598  -78.715  -6.276 0.8999999762
5251  -4.293  -78.623  -5.565 0.8999999762
4173  -5.183  -80.042  -5.995 0.8000000119
4716  -5.055  -78.776  -5.039 0.8000000119
4185  -4.909  -79.568  -6.693 0.8999999762
119935  -3.766  -79.060  -7.236 0.8999999762
3693  -2.828  -81.062  -8.564 0.8999999762
3703  -3.007  -81.579  -10.124 0.8000000119
4227  -3.847  -80.391  -10.342 0.8999999762
4230  -6.001  -80.761  -10.346 0.8999999762
126182  -4.488  -81.132  -10.988 1.0000000000
3728  -4.820  -81.786  -11.242 0.8999999762
1842  -8.156  -85.353  -8.387 1.0000000000
503  -13.759  -90.272  1.754 0.5000000000
2716  -7.546  -83.734  -8.987 1.0000000000
596  -21.972  -89.437  -7.990 0.6000000238
129607  -22.198  -90.534  -8.408 0.6999999881
121421  -25.423  -88.180  -15.037 0.6999999881
904  -26.215  -87.794  -15.123 0.6999999881
1238  -24.819  -87.272  -17.336 0.6000000238
3090  -6.283  -81.672  0.892 0.6000000238
3076  -6.316  -81.740  1.602 0.6000000238
2206  -0.716  -84.812  -3.339 0.8999999762
4142  -5.626  -79.851  -3.778 0.6999999881
4681  -5.697  -79.261  -3.344 0.6999999881
113445  -5.075  -78.475  -3.317 0.6999999881
4701  -5.464  -79.210  -4.292 0.6999999881
5208  -4.535  -78.452  -3.428 0.6999999881
3162  -4.994  -81.905  -6.139 0.8000000119
4740  -5.020  -79.494  -8.205 0.8000000119
2688  -12.198  -83.452  -6.027 0.8000000119
129991  -5.318  -83.157  -10.925 0.8999999762
112018  -20.360  -91.642  -7.515 0.6999999881
403  -21.436  -90.415  -7.583 0.6000000238
1535  -26.183  -86.880  -13.556 0.6000000238
4674  -4.594  -78.599  -1.895 0.6999999881
116368  -6.982  -81.596  -9.897 0.8999999762
3347  -2.973  -82.403  -23.214 0.6000000238
3332  -2.534  -82.737  -22.136 0.6000000238
119395  -5.072  -85.050  -20.326 0.5000000000
127929  -5.930  -85.044  -21.431 0.6000000238
1239  -26.163  -87.163  -17.396 0.6000000238
1251  -25.738  -86.989  -18.110 0.6000000238
1270  -21.408  -87.128  -20.465 0.5000000000
114739  -22.944  -86.186  -21.384 0.6000000238
2591  -1.311  -83.757  3.877 0.8000000119
2602  -0.958  -84.061  2.268 0.8000000119
4092  -6.823  -79.613  0.851 0.6000000238
4105  -6.700  -80.348  0.210 0.6000000238
115185  -6.284  -79.008  1.802 0.6000000238
109581  -1.410  -84.702  -1.419 0.8999999762
4650  -4.329  -79.588  -0.616 0.8000000119
4219  -7.123  -80.382  -9.418 0.8999999762
3316  -2.015  -82.170  -20.800 0.6000000238
3856  -2.360  -80.844  -22.958 0.6000000238
2880  -5.465  -83.384  -24.868 0.6999999881
4896  -3.850  -79.436  -20.805 0.6999999881
2439  -6.053  -84.628  -23.395 0.8000000119
1263  -5.914  -86.836  -19.683 0.5000000000
2421  -27.165  -84.393  -19.162 0.5000000000
1952  -27.314  -85.327  -17.962 0.5000000000
1588  -27.199  -86.123  -18.108 0.6999999881
1587  -26.557  -86.453  -18.480 0.6000000238
117147  -26.933  -86.785  -17.310 0.6999999881
1974  -27.447  -85.181  -21.505 0.4000000060
1606  -6.988  -86.463  -20.714 0.8000000119
1616  -24.362  -85.931  -20.406 0.6000000238
477  -8.284  -89.983  -18.373 0.5000000000
1627  -23.522  -85.910  -22.103 0.6000000238
118038  -5.852  -80.645  3.658 0.6000000238
4383  -4.041  -81.355  -24.259 0.6999999881
129453  -7.606  -82.636  -24.854 0.6999999881
114153  -7.926  -84.519  -23.535 0.6999999881
1966  -8.013  -85.381  -20.975 0.8000000119
482  -9.040  -90.285  -18.832 0.5000000000
2000  -26.492  -85.456  -23.333 0.6000000238
1986  -25.952  -85.708  -22.404 0.5000000000
337  -10.843  -91.140  -19.278 0.6000000238
1280  -20.501  -87.245  -22.647 0.6000000238
3021  -4.447  -82.121  6.174 0.3000000119
4050  -5.254  -80.244  3.968 0.5000000000
4603  -5.670  -79.077  2.099 0.6000000238
3859  -6.191  -82.041  -22.791 0.6999999881
3364  -7.968  -81.762  -24.768 0.6000000238
4888  -4.164  -79.242  -19.825 0.6999999881
5930  -6.056  -77.712  -18.749 0.6999999881
484  -10.344  -90.666  -19.743 0.5000000000
121277  -12.766  -90.792  -19.636 0.5000000000
491  -12.337  -90.544  -20.565 0.5000000000
1286  -20.494  -87.300  -23.546 0.5000000000
1279  -19.410  -87.724  -22.590 0.5000000000
3062  -3.305  -82.605  2.646 0.8000000119
3554  -3.784  -81.558  1.349 0.6999999881
3886  -9.711  -81.795  -25.087 0.6000000238
119991  -9.378  -88.941  -19.846 0.6999999881
1272  -10.817  -87.334  -21.836 0.6999999881
116642  -25.313  -85.018  -24.610 0.5000000000
129269  -10.335  -89.432  -20.870 0.6999999881
691  -12.774  -90.040  -21.106 0.5000000000
961  -14.938  -88.748  -22.881 0.5000000000
967  -14.399  -88.320  -23.725 0.5000000000
121797  -22.929  -85.848  -24.804 0.5000000000
1653  -22.074  -86.234  -24.644 0.5000000000
1643  -21.178  -86.596  -24.669 0.5000000000
4035  -3.943  -79.492  6.326 0.3000000119
110300  0.314  -80.997  6.244 0.8000000119
4597  -2.811  -78.594  3.192 0.5000000000
4055  -3.357  -79.515  3.080 0.6999999881
1967  -12.953  -85.650  -21.119 0.5000000000
2003  -13.157  -85.718  -24.471 0.5000000000
1276  -12.096  -86.561  -22.953 0.6999999881
2016  -14.463  -85.954  -25.729 0.5000000000
2466  -24.241  -84.781  -25.557 0.4000000060
696  -12.200  -89.278  -21.734 0.6999999881
2021  -22.218  -85.604  -26.322 0.5000000000
1659  -21.618  -86.145  -25.561 0.5000000000
5617  -0.063  -78.018  9.890 0.5000000000
114496  -3.431  -77.336  4.865 0.3000000119
2468  -23.192  -84.223  -27.007 0.4000000060
127262  -18.029  -86.031  -26.565 0.4000000060
1288  -14.391  -87.109  -25.210 0.5000000000
1283  -13.940  -87.400  -24.416 0.5000000000
2026  -18.829  -85.999  -26.658 0.4000000060
4053  0.171  -80.356  4.134 0.6000000238
1647  -13.355  -86.161  -25.248 0.6000000238
120924  -20.017  -85.744  -26.918 0.5000000000
7698  -2.835  -73.360  -20.221 0.6999999881
5121  0.540  -78.105  4.937 0.6000000238
6198  0.421  -77.002  7.177 0.6000000238
5671  0.422  -77.304  4.794 0.6000000238
5131  0.235  -78.614  3.663 0.6000000238
6186  0.233  -77.104  8.247 0.6999999881
7351  -0.925  -74.646  11.298 0.5000000000
7363  -0.875  -74.479  10.418 0.6000000238
6187  0.061  -76.243  7.679 0.6000000238
6757  -3.484  -75.642  11.819 0.4000000060
6209  0.021  -76.037  5.792 0.6000000238
10072  -3.391  -70.263  -12.817 0.6000000238
8854  -2.809  -71.820  -14.681 0.6999999881
10142  -1.239  -70.487  -18.890 0.6000000238
118952  -3.852  -73.741  -16.675 0.6999999881
10097  -2.421  -70.697  -15.797 0.8000000119
7923  -2.650  -73.441  12.999 0.4000000060
8541  -2.898  -72.589  12.379 0.3000000119
7955  -1.089  -73.209  9.322 0.6999999881
8574  -1.157  -72.448  8.796 0.6000000238
10114  -5.528  -70.732  -16.724 0.6000000238
9209  -1.173  -71.753  8.256 0.6999999881
9210  -5.177  -70.818  9.216 0.3000000119
9820  -1.231  -70.874  11.068 0.5000000000
9836  -2.717  -70.541  10.641 0.5000000000
12199  -5.450  -67.774  -15.674 0.6000000238
130345  -4.259  -70.276  7.113 0.4000000060
10545  -2.329  -68.845  8.022 0.5000000000
118122  -4.513  -62.469  -10.201 0.6000000238
116881  -1.902  -63.975  -13.190 0.5000000000
11283  -3.502  -68.900  5.202 0.5000000000
15862  -4.577  -62.539  -9.490 0.6000000238
116210  -0.342  -68.117  7.385 0.8000000119
11316  -5.400  -68.503  3.856 0.4000000060
11931  -1.248  -67.003  6.897 0.6000000238
16587  -0.822  -60.925  -7.701 0.4000000060
11977  -0.475  -67.240  4.422 0.6000000238
11315  -0.811  -68.427  3.913 0.6000000238
12641  -0.874  -66.008  5.104 0.8000000119
13403  -0.515  -64.676  1.667 0.6000000238
13389  -7.317  -65.440  2.632 0.5000000000
118129  -5.965  -65.167  2.482 0.5000000000
14136  -2.748  -64.204  2.577 0.6999999881
17376  -3.218  -59.909  -5.526 0.6000000238
117760  -3.689  -60.561  -5.586 0.6000000238
120278  -4.199  -60.788  -5.479 0.6000000238
14139  -5.822  -64.380  2.432 0.5000000000
14141  -7.596  -64.388  2.693 0.5000000000
116451  -1.106  -61.706  1.593 0.8000000119
18102  -2.411  -59.697  0.545 0.6999999881
119018  -1.890  -62.583  2.188 0.8000000119
15716  -7.041  -62.650  2.687 0.6000000238
16472  -2.376  -60.374  1.445 0.6999999881
15713  -4.534  -62.417  2.221 0.8000000119
129472  -5.807  -61.781  2.419 0.6000000238
18087  -2.742  -59.183  0.809 0.6000000238
18089  -3.817  -58.958  1.316 0.6000000238
19645  -3.608  -57.906  0.307 0.6999999881
18855  -3.684  -58.236  0.867 0.6999999881
19742  -2.669  -57.093  -5.569 0.4000000060
16463  -6.846  -61.004  2.825 0.6000000238
124817  -8.202  -61.835  3.402 0.6000000238
18090  -4.785  -59.409  1.727 0.8000000119
19670  -4.151  -57.326  -0.148 0.6000000238
18861  -18.385  -58.295  2.149 0.5000000000
18062  -7.765  -59.582  3.264 0.6000000238
20443  -15.429  -55.725  3.441 0.6000000238
18848  -16.260  -57.439  2.667 0.6000000238
112020  -16.234  -55.719  3.313 0.5000000000
22219  -10.990  -54.674  1.330 0.6999999881
22235  -13.220  -54.981  1.419 0.5000000000
107845  -14.138  -55.698  0.328 0.6000000238
20480  -15.583  -56.623  0.382 0.6000000238
19659  -16.446  -56.619  0.562 0.6000000238
20562  -2.665  -55.523  -5.669 0.4000000060
109943  -15.356  -57.693  2.618 0.5000000000
21288  -15.056  -55.231  3.542 0.5000000000
22220  -11.928  -54.759  1.754 0.6000000238
109601  -14.895  -55.157  2.082 0.6000000238
20482  -19.040  -56.331  0.512 0.6000000238
125132  -18.958  -56.379  -0.295 0.6000000238
20430  -10.857  -56.288  3.505 0.6000000238
19632  -9.142  -56.798  3.048 0.6000000238
20431  -11.872  -56.117  3.729 0.6000000238
111411  -11.392  -56.936  3.843 0.6000000238
19617  -10.557  -57.349  3.852 0.6000000238
18834  -12.416  -57.761  3.855 0.6000000238
19621  -14.523  -55.728  3.610 0.6000000238
19634  -14.774  -56.805  3.215 0.6000000238
21284  -11.562  -55.515  3.373 0.6000000238
108204  -9.963  -55.281  2.302 0.6000000238
21286  -13.284  -55.379  3.686 0.6000000238
116507  -16.940  -55.511  3.101 0.5000000000
21298  -17.765  -55.621  2.855 0.5000000000
22211  -13.278  -54.890  2.957 0.6000000238
21293  -12.006  -55.114  3.210 0.5000000000
21310  -17.350  -55.408  2.765 0.5000000000
21307  -10.495  -54.879  1.896 0.6000000238
20456  -19.922  -56.291  1.624 0.5000000000
20454  -18.636  -55.626  2.396 0.5000000000
21339  -22.241  -55.147  -0.034 0.5000000000
23991  -21.509  -52.948  -0.338 0.3000000119
23153  -22.101  -53.791  -0.369 0.3000000119
21308  -14.473  -54.934  2.673 0.6000000238
20467  -19.742  -56.140  1.500 0.5000000000
20484  -20.695  -55.942  0.141 0.5000000000
24793  -19.717  -52.065  -0.490 0.4000000060
24776  -19.549  -51.319  0.077 0.3000000119
24775  -18.784  -51.083  -0.006 0.3000000119
24791  -17.784  -51.211  -0.972 0.4000000060
24012  -17.446  -52.665  -4.274 0.4000000060
24004  -17.408  -52.865  -3.755 0.4000000060
24806  -16.442  -51.611  -3.114 0.4000000060
23185  -18.741  -54.036  -4.405 0.4000000060
25596  -18.044  -50.872  -0.201 0.4000000060
24799  -17.458  -51.631  -1.764 0.4000000060
25604  -17.043  -50.952  -1.320 0.4000000060
121372  -20.543  -52.757  -5.997 0.4000000060
24822  -16.976  -52.008  -4.474 0.4000000060
24019  -17.756  -52.335  -4.702 0.4000000060
24020  -18.751  -52.514  -5.013 0.4000000060
24021  -19.820  -52.384  -5.353 0.4000000060
24022  -20.340  -52.213  -5.776 0.4000000060
130130  -16.053  -50.140  -1.383 0.4000000060
24858  -20.217  -52.096  -7.030 0.5000000000
121230  -19.317  -51.036  -7.739 0.5000000000
25643  -20.405  -50.716  -6.055 0.5000000000
27326  -20.011  -49.183  -6.471 0.5000000000
26499  -17.093  -49.246  -9.102 0.4000000060
27324  -19.234  -48.625  -7.591 0.5000000000
27341  -16.727  -48.493  -9.326 0.4000000060
118491  -16.398  -47.909  -9.561 0.3000000119
118872  -14.504  -47.168  -10.726 0.3000000119
28183  -18.308  -47.065  -8.189 0.4000000060
28182  -17.682  -47.420  -8.711 0.4000000060
28192  -17.200  -46.867  -9.061 0.3000000119
17243  -10.625  -60.457  4.511 0.5000000000
18831  -8.792  -58.567  3.688 0.6999999881
128796  -10.070  -57.817  3.926 0.6000000238
119350  -27.025  -86.497  -15.917 0.6000000238
1566  -27.123  -86.445  -16.777 0.6000000238
1216  -26.875  -87.186  -15.254 0.5000000000
1551  -26.676  -86.542  -14.955 0.5000000000
1186  -25.565  -87.679  -12.498 0.5000000000
1536  -26.565  -86.840  -14.153 0.5000000000
3202  -2.810  -82.848  -11.567 0.6999999881
112670  -2.583  -83.457  -9.188 0.6000000238
3194  -2.753  -82.569  -10.696 0.6000000238
2723  -2.465  -83.474  -10.120 0.5000000000
3203  -3.438  -82.394  -11.897 0.8000000119
3218  -3.595  -83.291  -12.512 0.6999999881
2715  -2.592  -83.520  -8.458 0.6000000238
2263  -1.063  -84.381  -8.503 0.6000000238
2280  -2.126  -84.095  -9.546 0.6000000238
2215  -0.247  -84.707  -4.607 0.6000000238
2636  -0.477  -84.567  -1.129 0.6999999881
2205  -0.213  -84.446  -3.817 0.6000000238
2623  -0.405  -84.485  -0.192 0.6999999881
3120  0.039  -83.591  -1.717 0.6999999881
3109  -0.038  -83.552  -0.778 0.6000000238
3108  0.222  -82.406  -1.362 0.6000000238
3574  -0.055  -81.203  -0.242 0.5000000000
2647  0.125  -83.471  -2.667 0.6000000238
3597  0.307  -82.439  -2.215 0.6000000238
113374  0.144  -81.317  -1.054 0.5000000000
123837  0.370  -82.387  -2.899 0.6000000238
3598  0.253  -81.405  -1.917 0.5000000000
3096  -0.170  -83.433  0.198 0.6999999881
3565  -0.094  -82.078  0.355 0.6999999881
113793  -0.144  -80.547  -0.742 0.5000000000
2664  -0.336  -84.425  -2.978 0.6999999881
2398  -26.994  -85.130  -17.137 0.5000000000
1935  -27.012  -85.736  -16.513 0.5000000000
125945  -14.042  -89.815  2.140 0.3000000119
499  -14.606  -89.489  2.565 0.3000000119
124579  -14.687  -90.542  2.218 0.3000000119
504  -14.384  -89.494  2.289 0.4000000060
340  -14.992  -90.178  2.621 0.3000000119
226  -14.780  -91.249  2.141 0.3000000119
233  -14.046  -91.302  1.683 0.3000000119
96  -14.782  -91.389  1.848 0.3000000119
98  -14.272  -91.677  1.419 0.4000000060
1378  -14.243  -86.983  0.491 0.4000000060
1040  -14.563  -87.515  0.929 0.4000000060
110747  -14.282  -87.885  2.162 0.4000000060
1027  -13.927  -87.844  3.007 0.4000000060
126997  -14.799  -89.273  3.106 0.3000000119
130352  -15.552  -89.696  3.606 0.3000000119
99  -15.141  -91.775  1.157 0.4000000060
103  -15.054  -92.129  0.275 0.4000000060
116  -15.317  -92.367  -1.190 0.5000000000
112983  -14.891  -92.325  -0.459 0.4000000060
117  -16.386  -92.093  -1.327 0.4000000060
254  -18.846  -91.391  -5.218 0.5000000000
257  -19.224  -91.244  -5.836 0.5000000000
388  -19.114  -90.963  -5.576 0.5000000000
395  -18.914  -90.509  -5.886 0.5000000000
582  -19.092  -90.113  -6.477 0.5000000000
157  -19.191  -91.489  -6.114 0.5000000000
396  -19.593  -90.689  -6.122 0.5000000000
397  -19.992  -90.787  -6.514 0.5000000000
1038  -12.186  -87.439  1.464 0.4000000060
1039  -13.558  -87.365  1.705 0.4000000060
1007  -14.063  -87.729  3.373 0.3000000119
249  -17.381  -91.660  -1.968 0.3000000119
126  -17.586  -91.961  -2.587 0.6000000238
127331  -17.707  -91.580  -2.525 0.3000000119
114915  -18.023  -91.951  -3.178 0.6000000238
251  -18.065  -91.458  -3.288 0.5000000000
143  -15.228  -92.411  -4.242 0.6000000238
144  -16.947  -92.515  -4.330 0.6000000238
135  -17.867  -92.211  -3.950 0.6000000238
381  -17.771  -90.342  -4.602 0.5000000000
145  -17.592  -92.416  -4.658 0.6000000238
146  -18.254  -92.134  -4.613 0.6000000238
386  -17.291  -89.767  -5.373 0.4000000060
148  -18.920  -91.588  -5.583 0.6000000238
387  -18.311  -90.481  -5.353 0.5000000000
574  -17.896  -89.854  -6.198 0.5000000000
592  -19.508  -89.591  -7.082 0.5000000000
821  -20.020  -89.035  -7.631 0.4000000060
595  -21.123  -89.205  -7.687 0.5000000000
828  -21.527  -88.685  -8.363 0.5000000000
119610  -24.745  -79.410  -25.186 0.3000000119
5487  -25.079  -79.730  -25.775 0.3000000119
4956  -24.439  -80.157  -26.169 0.3000000119
1278  -18.919  -87.891  -22.465 0.4000000060
2299  -4.943  -84.351  -10.480 0.6000000238
2298  -4.547  -84.944  -10.311 0.5000000000
136  -18.311  -91.852  -4.029 0.6000000238
566  -16.979  -89.513  -4.652 0.4000000060
581  -16.865  -89.195  -6.070 0.3000000119
590  -17.206  -89.048  -6.870 0.3000000119
819  -17.667  -88.654  -7.595 0.3000000119
825  -18.164  -88.264  -8.286 0.3000000119
826  -19.295  -88.401  -8.286 0.4000000060
1140  -18.675  -87.830  -8.894 0.3000000119
835  -19.800  -87.900  -8.892 0.4000000060
5473  -24.243  -78.862  -24.249 0.3000000119
4370  -1.841  -80.533  -22.355 0.5000000000
4955  -23.653  -80.102  -25.768 0.3000000119
2762  -3.715  -84.059  -12.716 0.6000000238
1150  -19.144  -87.491  -9.585 0.3000000119
1151  -20.213  -87.595  -9.634 0.4000000060
1520  -22.501  -86.512  -12.524 0.4000000060
1521  -23.485  -86.568  -12.529 0.4000000060
1185  -24.961  -87.371  -12.117 0.4000000060
1534  -23.828  -86.158  -13.193 0.4000000060
121534  -24.820  -86.285  -13.296 0.4000000060
4925  -24.745  -79.456  -24.424 0.3000000119
4907  -1.239  -78.972  -22.309 0.4000000060
1498  -19.002  -86.733  -10.941 0.3000000119
1892  -19.814  -86.112  -12.548 0.3000000119
1518  -20.743  -86.427  -12.564 0.4000000060
124846  -21.177  -86.177  -13.007 0.5000000000
1532  -21.898  -86.131  -13.113 0.5000000000
1902  -22.213  -85.544  -13.741 0.5000000000
1903  -23.235  -85.629  -13.779 0.4000000060
117424  -24.642  -85.301  -14.436 0.4000000060
2362  -24.226  -84.699  -14.953 0.4000000060
1918  -26.067  -85.670  -14.985 0.4000000060
2375  -24.710  -84.538  -15.697 0.4000000060
7126  -0.916  -75.362  -20.644 0.4000000060
1927  -25.995  -85.170  -15.564 0.4000000060
2386  -25.384  -84.586  -16.447 0.4000000060
2397  -26.290  -84.652  -17.097 0.4000000060
126383  -24.026  -79.607  -21.763 0.3000000119
5952  -1.153  -76.096  -21.216 0.5000000000
4371  -2.443  -79.974  -23.321 0.5000000000
4916  -24.844  -79.914  -22.514 0.3000000119
121156  -1.491  -76.817  -21.797 0.5000000000
5979  -2.457  -77.369  -22.340 0.5000000000
2436  -27.740  -84.481  -22.127 0.4000000060
694  -15.176  -89.118  -20.371 0.4000000060
2360  -22.516  -84.517  -14.788 0.5000000000
2361  -23.298  -84.643  -14.896 0.4000000060
2374  -23.675  -84.473  -15.592 0.4000000060
8297  -0.590  -73.401  -20.058 0.5000000000
8933  -1.094  -72.755  -20.494 0.5000000000
2385  -24.052  -84.533  -16.627 0.4000000060
126185  -1.318  -74.403  -20.927 0.6000000238
120481  -26.011  -84.552  -17.804 0.4000000060
2396  -25.045  -84.584  -17.397 0.4000000060
7127  -1.715  -75.174  -21.469 0.6000000238
2410  -24.761  -84.579  -18.507 0.4000000060
2856  -27.952  -83.534  -20.858 0.3000000119
693  -14.557  -89.538  -20.576 0.4000000060
955  -15.653  -88.831  -21.820 0.4000000060
113961  -22.957  -84.465  -17.268 0.4000000060
2836  -22.546  -84.162  -18.820 0.4000000060
2409  -23.395  -84.525  -18.888 0.4000000060
125879  -22.404  -83.372  -19.191 0.3000000119
4355  -22.893  -80.195  -20.141 0.3000000119
2411  -26.335  -84.454  -18.431 0.4000000060
2419  -25.186  -84.297  -19.156 0.4000000060
121213  -23.720  -83.293  -19.886 0.3000000119
4357  -25.002  -80.814  -21.086 0.3000000119
4905  -23.503  -79.804  -20.882 0.3000000119
2420  -26.592  -84.179  -18.976 0.4000000060
2844  -25.674  -83.727  -19.514 0.4000000060
2845  -26.916  -83.810  -19.525 0.4000000060
122186  -27.117  -82.601  -20.637 0.3000000119
2855  -27.358  -83.363  -20.299 0.4000000060
117553  -16.711  -88.715  -22.903 0.5000000000
123483  -22.961  -83.164  -19.632 0.3000000119
3315  -23.228  -82.381  -19.876 0.3000000119
4346  -22.889  -80.907  -19.891 0.3000000119
116806  -0.449  -80.337  0.720 0.5000000000
113608  -0.439  -79.453  1.643 0.5000000000
117091  -4.610  -64.925  -11.871 0.5000000000
12829  -5.185  -66.802  -11.441 0.5000000000
12138  -5.176  -67.813  -11.642 0.5000000000
13560  -5.802  -65.713  -11.343 0.5000000000
14282  -5.322  -64.716  -11.410 0.5000000000
15014  -3.858  -63.555  -5.646 0.5000000000
12694  -0.517  -65.988  2.020 0.6000000238
11996  -0.650  -67.046  2.885 0.5000000000
110774  -1.185  -69.482  3.987 0.5000000000
12682  -0.532  -66.206  2.883 0.5000000000
110912  -18.354  -56.706  -0.367 0.4000000060
121974  -4.611  -60.189  -5.562 0.5000000000
18209  -5.253  -60.024  -6.274 0.4000000060
20498  -18.558  -56.237  -1.107 0.5000000000
18994  -4.693  -58.425  -7.092 0.5000000000
21354  -18.798  -55.327  -1.381 0.4000000060
21353  -18.389  -55.366  -1.739 0.4000000060
18993  -4.150  -57.985  -7.958 0.5000000000
22269  -19.080  -54.311  -1.340 0.4000000060
22268  -18.435  -54.555  -1.804 0.4000000060
23151  -19.639  -53.538  -0.974 0.4000000060
23164  -18.993  -53.391  -1.330 0.4000000060
18998  -4.283  -58.782  -8.509 0.5000000000
119329  -18.001  -53.275  -2.156 0.3000000119
23163  -18.484  -53.694  -1.746 0.4000000060
23989  -19.299  -52.756  -0.954 0.3000000119
18997  -3.969  -58.284  -9.034 0.5000000000
19789  -3.935  -57.661  -8.582 0.4000000060
121317  -17.753  -52.429  -2.035 0.3000000119
23995  -18.525  -52.744  -1.487 0.3000000119
23988  -18.907  -52.071  -0.876 0.3000000119
20602  -3.785  -56.856  -9.625 0.4000000060
19795  -3.879  -57.611  -9.372 0.4000000060
23999  -17.488  -52.985  -2.928 0.3000000119
24800  -18.206  -51.889  -1.335 0.3000000119
21468  -3.768  -56.093  -9.828 0.5000000000
20616  -3.831  -56.646  -10.448 0.4000000060
20617  -3.961  -56.504  -10.949 0.4000000060
23186  -19.679  -54.224  -4.952 0.3000000119
22307  -20.383  -54.535  -5.879 0.4000000060
21482  -3.900  -55.960  -10.556 0.4000000060
22372  -4.260  -55.279  -10.635 0.4000000060
116082  -4.725  -54.685  -10.909 0.3000000119
24821  -16.380  -51.531  -4.313 0.3000000119
24805  -15.785  -51.192  -3.523 0.4000000060
125310  -16.593  -51.399  -4.532 0.3000000119
117433  -18.308  -51.842  -5.002 0.3000000119
24828  -17.424  -51.502  -4.807 0.3000000119
117844  -18.598  -50.907  -5.101 0.3000000119
24827  -16.606  -50.871  -4.728 0.3000000119
119929  -19.634  -50.877  -5.390 0.3000000119
116815  -19.305  -49.983  -5.306 0.3000000119
25629  -17.595  -50.516  -4.913 0.3000000119
25630  -18.433  -50.009  -5.065 0.3000000119
115925  -16.738  -50.112  -4.847 0.3000000119
26455  -17.744  -49.514  -4.866 0.3000000119
26456  -18.741  -49.247  -5.132 0.3000000119
1377  -13.393  -87.096  0.801 0.4000000060
1158  -19.579  -87.198  -10.328 0.3000000119
1522  -24.491  -86.716  -12.610 0.4000000060
134  -17.081  -92.315  -3.259 0.6000000238
117158  -16.178  -92.514  -4.044 0.6000000238
155  -18.438  -92.116  -5.215 0.6000000238
827  -20.463  -88.496  -8.261 0.4000000060
593  -20.638  -89.742  -7.112 0.5000000000
7146  -3.302  -75.308  -21.629 0.6000000238
2412  -26.935  -84.679  -17.780 0.4000000060
2857  -28.080  -83.647  -21.659 0.3000000119
964  -18.395  -88.328  -22.808 0.4000000060
5681  -0.125  -77.108  3.304 0.5000000000
18208  -5.073  -59.157  -6.526 0.5000000000
23207  -20.144  -52.841  -7.134 0.4000000060
119428  -14.506  -88.617  2.067 0.4000000060
1519  -21.588  -86.504  -12.533 0.5000000000
2314  -4.483  -84.844  -11.349 0.6000000238
5965  -1.135  -77.956  -21.399 0.4000000060
25609  -15.371  -50.633  -3.019 0.4000000060
27296  -19.519  -48.429  -5.772 0.3000000119
125226  -25.594  -86.450  -13.545 0.4000000060
1523  -25.548  -86.954  -12.855 0.4000000060
1934  -26.357  -85.008  -16.309 0.4000000060
221  -15.161  -90.561  2.530 0.3000000119
714  -14.465  -88.540  3.012 0.3000000119
705  -14.658  -88.542  3.503 0.3000000119
104  -15.966  -91.830  0.471 0.3000000119
253  -18.494  -91.495  -4.371 0.5000000000
382  -18.615  -91.030  -4.776 0.5000000000
147  -18.634  -91.807  -4.928 0.5000000000
591  -18.238  -89.430  -7.065 0.3000000119
125  -16.938  -92.127  -2.168 0.5000000000
375  -17.640  -90.931  -2.258 0.3000000119
379  -17.541  -90.409  -3.018 0.5000000000
380  -18.178  -90.894  -3.888 0.5000000000
573  -16.689  -89.094  -5.296 0.4000000060
820  -18.781  -88.907  -7.682 0.3000000119
109645  -24.693  -80.218  -25.809 0.3000000119
5464  -23.542  -78.704  -22.962 0.3000000119
1157  -18.607  -86.985  -10.151 0.3000000119
1533  -22.831  -86.101  -13.161 0.4000000060
1904  -24.215  -85.701  -13.812 0.4000000060
1549  -25.150  -85.856  -13.916 0.4000000060
4915  -24.232  -79.336  -22.927 0.3000000119
111317  -21.300  -85.701  -13.448 0.5000000000
1916  -22.813  -85.130  -14.373 0.5000000000
1917  -23.702  -85.182  -14.389 0.4000000060
1926  -25.261  -84.961  -15.076 0.4000000060
2376  -25.564  -84.751  -15.792 0.4000000060
4366  -24.422  -80.193  -21.346 0.3000000119
2384  -22.935  -84.408  -16.258 0.4000000060
2395  -23.775  -84.620  -17.878 0.4000000060
2418  -24.004  -84.406  -19.308 0.4000000060
2394  -22.889  -84.453  -18.198 0.4000000060
2842  -23.186  -84.108  -19.568 0.3000000119
4356  -23.808  -80.676  -20.542 0.3000000119
2843  -24.278  -83.986  -19.683 0.3000000119
2853  -24.849  -83.165  -20.025 0.3000000119
3837  -23.533  -81.527  -20.141 0.3000000119
23162  -18.179  -54.008  -2.126 0.4000000060
22374  -5.350  -54.160  -11.255 0.4000000060
2615  -0.493  -84.410  0.498 0.6000000238
127379  -22.136  -84.977  -14.319 0.4000000060
2359  -21.759  -84.355  -14.500 0.4000000060
2372  -22.026  -83.940  -15.055 0.4000000060
2373  -22.763  -84.354  -15.396 0.4000000060
3254  -20.402  -82.160  -14.373 0.3000000119
2804  -21.040  -82.699  -14.888 0.3000000119
2805  -21.390  -83.382  -15.456 0.3000000119
2816  -21.986  -84.017  -15.990 0.4000000060
118620  -22.289  -84.204  -16.836 0.4000000060
122094  -20.607  -82.052  -15.447 0.3000000119
3271  -20.927  -82.688  -15.946 0.3000000119
2815  -21.232  -83.372  -16.477 0.3000000119
119513  -21.702  -83.839  -16.911 0.4000000060
2824  -22.136  -84.052  -17.711 0.4000000060
3781  -20.598  -81.392  -14.788 0.3000000119
3287  -20.675  -82.058  -16.389 0.3000000119
1915  -21.486  -85.059  -13.956 0.4000000060
2358  -20.965  -84.389  -14.004 0.3000000119
117279  -20.784  -82.898  -14.315 0.3000000119
2346  -20.055  -84.483  -13.589 0.3000000119
1914  -20.661  -85.190  -13.597 0.3000000119
2778  -20.025  -82.821  -13.792 0.3000000119
117293  -20.482  -83.595  -13.932 0.3000000119
1901  -20.550  -85.879  -13.115 0.4000000060
114353  -17.299  -89.914  -3.906 0.3000000119
2777  -19.447  -83.564  -13.372 0.3000000119
1891  -19.138  -85.386  -12.599 0.3000000119
116353  -15.867  -60.594  0.880 0.4000000060
17308  -17.130  -60.619  -0.573 0.4000000060
115135  -17.985  -60.508  -0.780 0.3000000119
18120  -18.414  -59.964  -0.379 0.3000000119
18119  -17.704  -60.007  -0.102 0.4000000060
16436  -10.246  -61.234  4.381 0.4000000060
16448  -12.379  -61.908  4.114 0.3000000119
15700  -13.389  -62.333  3.247 0.3000000119
16465  -14.348  -61.927  2.334 0.3000000119
16478  -15.320  -61.349  1.270 0.3000000119
121138  -14.033  -60.908  2.571 0.3000000119
16477  -14.751  -61.197  1.864 0.4000000060
16489  -15.682  -61.398  0.591 0.3000000119
17281  -15.250  -60.515  1.493 0.4000000060
18109  -19.229  -59.604  -0.286 0.4000000060
18121  -20.146  -59.465  -0.384 0.3000000119
121050  -15.758  -59.960  1.328 0.4000000060
17282  -16.496  -59.863  1.042 0.4000000060
17268  -14.034  -60.015  2.573 0.4000000060
18083  -14.406  -59.239  2.330 0.4000000060
18893  -20.779  -58.653  -0.282 0.3000000119
18095  -15.977  -59.153  1.708 0.4000000060
119124  -16.993  -59.115  1.690 0.4000000060
18097  -18.256  -59.028  1.398 0.4000000060
123904  -19.332  -59.021  0.465 0.4000000060
18879  -21.004  -57.821  0.186 0.3000000119
18876  -19.080  -58.554  1.436 0.4000000060
18877  -19.897  -58.400  0.971 0.4000000060
109629  -22.160  -56.851  0.233 0.3000000119
22253  -22.397  -54.456  -0.203 0.3000000119
25602  -15.730  -50.352  -2.092 0.3000000119
16449  -13.021  -61.639  3.619 0.4000000060
18863  -20.255  -57.650  1.231 0.4000000060
19663  -21.448  -57.122  0.433 0.4000000060
17269  -14.584  -60.247  2.033 0.4000000060
20470  -22.520  -56.370  0.304 0.3000000119
1252  -5.233  -86.917  -19.037 0.4000000060
16447  -9.872  -62.022  4.113 0.4000000060
17254  -13.412  -60.186  3.165 0.4000000060
119191  -11.429  -61.791  4.487 0.4000000060
16438  -11.882  -61.306  4.405 0.4000000060
128236  -12.506  -61.222  4.058 0.4000000060
17253  -12.895  -60.748  3.722 0.4000000060
2835  -21.780  -83.342  -18.378 0.3000000119
24813  -15.736  -51.149  -4.239 0.3000000119
2791  -21.262  -83.581  -14.542 0.3000000119
3288  -20.824  -82.670  -16.952 0.3000000119
1900  -19.846  -85.337  -13.179 0.3000000119
17294  -16.902  -60.181  0.281 0.4000000060
17310  -19.659  -60.261  -0.536 0.3000000119
18108  -18.506  -59.443  0.461 0.4000000060
18107  -17.522  -59.568  0.965 0.4000000060
13366  -9.110  -65.460  3.320 0.3000000119
12666  -8.555  -66.187  3.159 0.3000000119
127499  -8.792  -66.845  3.675 0.3000000119
12644  -9.333  -67.073  4.343 0.3000000119
130387  -9.560  -67.693  4.694 0.3000000119
13353  -10.678  -65.246  4.061 0.3000000119
5142  -0.288  -78.753  2.061 0.4000000060
128397  -11.290  -63.753  4.104 0.3000000119
14891  -10.920  -63.357  4.127 0.3000000119
11982  -7.629  -67.665  3.647 0.3000000119
15685  -11.473  -62.427  4.363 0.3000000119
18894  -21.569  -58.078  -0.172 0.3000000119
13352  -10.013  -65.839  3.928 0.3000000119
12645  -10.156  -66.643  4.415 0.3000000119
1067  -7.258  -88.277  -2.420 0.3000000119
1068  -8.194  -88.366  -2.401 0.3000000119
740  -8.989  -88.448  -1.947 0.3000000119
741  -9.609  -88.346  -1.738 0.3000000119
1017  -13.354  -87.274  3.202 0.3000000119
1026  -13.250  -87.419  2.785 0.3000000119
1049  -11.248  -87.653  0.412 0.3000000119
128863  -11.648  -87.559  0.934 0.3000000119
1024  -11.441  -87.364  2.021 0.3000000119
1025  -12.290  -87.375  2.426 0.3000000119
20592  -3.806  -57.028  -8.656 0.3000000119
48  -9.760  -93.265  -5.173 0.6000000238
56  -13.051  -93.268  -6.879 0.5000000000
102  -14.196  -92.035  0.859 0.4000000060
106  -12.255  -91.739  -0.175 0.6000000238
112  -11.520  -91.864  -1.355 0.8000000119
119  -10.673  -91.684  -2.539 0.8000000119
149  -8.291  -92.504  -6.204 0.5000000000
167  -18.982  -92.172  -6.930 0.6999999881
168  -19.627  -91.448  -6.672 0.6000000238
175  -18.990  -92.239  -7.620 0.6999999881
184  -20.266  -91.909  -8.445 0.6999999881
231  -12.971  -91.118  0.988 0.6000000238
238  -13.144  -91.624  0.738 0.5000000000
252  -8.980  -91.652  -4.527 0.6999999881
256  -8.517  -91.986  -5.323 0.5000000000
265  -21.044  -91.000  -7.443 0.6000000238
335  -10.683  -91.294  -18.588 0.6000000238
345  -13.837  -90.648  1.784 0.5000000000
369  -11.247  -91.033  -1.322 0.6999999881
389  -19.548  -90.935  -6.067 0.6000000238
394  -9.541  -90.262  -6.098 0.6999999881
400  -7.884  -90.345  -7.115 0.6999999881
404  -22.089  -90.118  -7.977 0.6999999881
413  -23.135  -90.098  -9.412 0.5000000000
485  -11.047  -90.844  -20.020 0.6000000238
486  -11.903  -91.027  -19.991 0.5000000000
489  -10.495  -90.085  -20.505 0.6999999881
495  -14.842  -89.795  2.727 0.3000000119
496  -15.088  -89.260  3.630 0.3000000119
514  -5.129  -88.898  -0.946 0.4000000060
515  -5.485  -88.770  -1.218 0.4000000060
525  -4.879  -89.017  -1.549 0.4000000060
537  -5.863  -88.980  -2.281 0.5000000000
551  -5.303  -89.294  -3.015 0.4000000060
627  -24.648  -89.092  -12.028 0.8000000119
719  -14.408  -88.617  2.720 0.4000000060
724  -5.233  -89.065  0.617 0.3000000119
737  -3.971  -88.886  -2.023 0.4000000060
738  -4.335  -89.062  -1.407 0.4000000060
750  -6.185  -88.796  -2.247 0.4000000060
762  -5.347  -89.012  -3.825 0.6000000238
764  -7.335  -89.270  -3.615 0.4000000060
767  -9.764  -88.414  -2.800 0.3000000119
801  -9.842  -89.064  -6.844 0.8000000119
838  -23.159  -88.930  -9.297 0.5000000000
858  -24.690  -88.359  -11.377 0.5000000000
893  -25.868  -88.116  -14.335 0.6999999881
894  -26.518  -87.526  -14.365 0.6999999881
919  -10.249  -88.064  -18.287 0.6999999881
928  -5.705  -87.438  -18.531 0.5000000000
930  -8.918  -88.641  -19.221 0.6999999881
938  -6.368  -87.793  -18.872 0.5000000000
939  -7.787  -88.602  -19.022 0.8000000119
950  -10.661  -88.638  -21.554 0.6999999881
1051  -14.984  -87.386  -0.374 0.5000000000
1064  -3.839  -88.226  -2.626 0.6000000238
1074  -4.178  -88.224  -3.339 0.6000000238
1084  -4.267  -87.436  -3.984 0.6000000238
1088  -8.426  -88.130  -4.874 0.6000000238
1091  -13.144  -87.838  -4.947 0.6999999881
1116  -11.703  -87.495  -6.597 0.8000000119
1208  -26.813  -87.087  -14.445 0.5000000000
1244  -11.672  -87.396  -18.251 0.6999999881
1271  -10.397  -88.060  -21.520 0.6999999881
1281  -12.270  -86.108  -23.864 0.6999999881
1294  -20.358  -87.043  -24.634 0.4000000060
1295  -14.986  -87.002  -25.869 0.5000000000
1296  -15.745  -86.792  -26.141 0.6000000238
1298  -17.497  -87.171  -26.291 0.5000000000
1302  -16.410  -86.410  -26.322 0.5000000000
1402  -3.744  -87.320  -2.476 0.6000000238
1414  -10.891  -87.116  -3.729 0.5000000000
1420  -4.582  -86.582  -4.445 0.6000000238
1421  -5.275  -86.662  -5.078 0.6000000238
1428  -5.520  -85.946  -5.369 0.6000000238
1429  -7.249  -86.607  -5.610 0.6000000238
1459  -11.632  -86.078  -7.338 0.8999999762
1472  -8.276  -86.246  -8.105 1.0000000000
1481  -3.524  -86.323  -8.995 0.5000000000
1550  -26.034  -86.250  -14.207 0.4000000060
1569  -10.449  -87.097  -17.528 0.6999999881
1579  -12.434  -86.863  -18.194 0.5000000000
1617  -6.267  -85.905  -20.629 0.5000000000
1619  -7.052  -86.054  -21.294 0.8000000119
1621  -12.464  -85.790  -21.997 0.5000000000
1628  -11.868  -86.473  -22.637 0.6999999881
1648  -14.206  -86.323  -25.685 0.5000000000
1657  -18.177  -85.794  -25.843 0.6000000238
1658  -19.752  -86.471  -26.285 0.5000000000
1662  -17.908  -86.478  -26.621 0.5000000000
1663  -18.340  -86.236  -26.730 0.5000000000
1763  -4.390  -84.889  -2.025 0.6000000238
1776  -4.025  -85.651  -2.710 0.6000000238
1780  -13.217  -85.462  -2.575 0.6999999881
1787  -13.842  -85.026  -3.193 0.6000000238
1791  -1.097  -85.222  -5.024 0.8999999762
1807  -14.128  -85.394  -5.871 0.6999999881
1808  -14.322  -85.222  -5.256 0.6999999881
1815  -14.049  -84.855  -5.834 0.8000000119
1826  -12.100  -84.981  -7.575 0.8999999762
1827  -13.024  -84.888  -7.201 0.8000000119
1839  -4.340  -85.987  -8.528 0.5000000000
1843  -9.547  -85.306  -8.179 1.0000000000
1844  -10.451  -84.945  -8.070 1.0000000000
1928  -26.583  -85.771  -15.729 0.4000000060
1944  -27.276  -85.740  -17.167 0.6000000238
1975  -27.719  -84.956  -21.755 0.4000000060
1977  -5.304  -84.675  -21.445 0.5000000000
1990  -6.673  -85.044  -22.536 0.8000000119
1991  -7.105  -85.295  -22.404 0.8000000119
2001  -27.030  -85.386  -23.151 0.6000000238
2002  -27.189  -85.125  -23.278 0.4000000060
2010  -15.956  -85.785  -25.902 0.6000000238
2013  -23.625  -85.419  -25.394 0.4000000060
2024  -24.418  -84.927  -25.413 0.4000000060
2025  -16.207  -85.961  -26.190 0.6000000238
2031  -23.537  -84.597  -26.333 0.4000000060
2032  -20.239  -85.256  -27.124 0.5000000000
2034  -21.547  -84.694  -27.343 0.4000000060
2035  -22.357  -84.546  -27.206 0.4000000060
2132  -1.106  -84.282  1.920 0.8000000119
2137  -0.934  -84.363  1.644 0.8000000119
2139  -1.405  -84.608  1.163 0.8000000119
2149  -0.943  -84.821  0.738 0.8000000119
2163  -1.537  -84.654  0.015 0.8000000119
2173  -0.846  -84.799  -1.785 0.6999999881
2175  -1.469  -84.688  -0.671 0.8000000119
2190  -1.110  -84.847  -2.150 0.8000000119
2191  -1.850  -84.463  -2.015 0.8999999762
2208  -1.553  -84.883  -3.791 0.8999999762
2216  -0.694  -85.031  -4.763 0.6000000238
2220  -12.544  -84.594  -4.764 0.6999999881
2221  -13.385  -84.602  -4.460 0.6999999881
2222  -13.826  -84.574  -4.863 0.6999999881
2223  -14.314  -84.900  -4.574 0.6999999881
2228  -2.162  -84.595  -5.084 0.8999999762
2233  -8.858  -84.524  -6.002 0.6999999881
2235  -11.497  -84.007  -5.600 0.6999999881
2244  -1.604  -84.773  -6.781 0.6999999881
2246  -6.515  -84.375  -6.232 0.6999999881
2250  -13.624  -84.543  -6.351 0.8000000119
2258  -13.221  -84.269  -6.879 0.8000000119
2264  -2.082  -84.201  -8.706 0.6000000238
2266  -8.005  -84.494  -8.643 1.0000000000
2268  -10.888  -83.889  -8.249 0.8999999762
2282  -5.367  -84.130  -9.707 0.8999999762
2283  -6.612  -83.741  -9.186 1.0000000000
2315  -4.906  -83.962  -11.654 0.6000000238
2328  -4.084  -84.603  -12.394 0.6000000238
2430  -8.218  -84.871  -21.722 0.8000000119
2431  -9.014  -84.137  -21.639 0.6999999881
2434  -27.060  -84.249  -23.255 0.4000000060
2435  -27.452  -84.028  -22.756 0.4000000060
2453  -7.450  -84.446  -24.056 0.6999999881
2461  -6.740  -83.920  -24.740 0.6999999881
2462  -7.328  -84.017  -24.613 0.6999999881
2469  -23.638  -84.042  -26.507 0.4000000060
2574  -0.933  -83.591  4.576 0.8000000119
2575  -1.344  -83.586  4.845 0.8000000119
2577  -5.427  -83.447  4.771 0.3000000119
2592  -2.006  -83.576  4.334 0.8000000119
2611  -2.162  -84.189  1.605 0.8000000119
2612  -5.499  -83.581  1.736 0.6000000238
2637  -2.150  -84.262  -1.186 0.8000000119
2648  -0.372  -84.457  -2.137 0.6999999881
2650  -4.920  -83.382  -2.359 0.6000000238
2663  0.070  -83.787  -3.370 0.6000000238
2683  -2.497  -83.748  -5.299 0.8999999762
2689  -13.002  -83.773  -5.897 0.8000000119
2694  -5.566  -83.248  -6.344 0.6999999881
2698  -10.041  -82.549  -6.345 0.6999999881
2701  -12.589  -83.422  -6.551 0.8000000119
2710  -12.776  -83.595  -6.950 0.8000000119
2717  -8.454  -83.626  -8.854 1.0000000000
2725  -6.442  -83.021  -9.621 1.0000000000
2823  -21.288  -83.344  -17.445 0.4000000060
2859  -3.538  -83.645  -21.617 0.5000000000
2863  -28.402  -82.991  -22.390 0.3000000119
2878  -4.128  -82.834  -24.079 0.6999999881
2887  -4.881  -82.745  -24.663 0.6999999881
2888  -6.330  -83.439  -25.143 0.6999999881
2892  -10.196  -82.479  -24.470 0.6000000238
2901  -7.342  -83.204  -25.044 0.6999999881
2903  -9.197  -82.371  -24.792 0.6000000238
3018  -0.750  -83.190  6.039 0.8000000119
3019  -1.164  -83.032  6.243 0.8000000119
3046  -2.881  -83.099  3.684 0.8000000119
3063  -5.736  -83.077  2.452 0.6000000238
3086  -0.306  -82.877  0.897 0.6999999881
3111  -5.520  -82.500  -1.315 0.6000000238
3130  0.324  -82.859  -3.428 0.6000000238
3165  -7.519  -82.344  -6.762 0.6999999881
3174  -2.696  -83.130  -7.856 0.8000000119
3176  -11.857  -82.777  -7.415 0.8000000119
3183  -10.464  -82.034  -8.203 0.8999999762
3188  -7.744  -81.996  -9.545 1.0000000000
3195  -5.508  -82.246  -10.683 1.0000000000
3205  -4.912  -82.870  -11.682 0.8999999762
3327  -2.489  -82.786  -21.020 0.6000000238
3333  -3.422  -83.070  -23.379 0.6000000238
3334  -6.506  -82.160  -23.585 0.6999999881
3349  -6.336  -82.548  -24.816 0.6999999881
3350  -7.693  -82.155  -24.714 0.6000000238
3361  -5.025  -82.449  -24.654 0.6999999881
3363  -7.012  -82.731  -25.155 0.6999999881
3365  -9.685  -82.151  -24.956 0.6000000238
3370  -7.529  -82.849  -24.919 0.6000000238
3372  -9.649  -82.021  -25.036 0.6000000238
3385  -22.228  -82.892  -27.113 0.4000000060
3467  -0.616  -80.659  8.349 0.6999999881
3477  -0.398  -81.697  7.378 0.8000000119
3478  -0.617  -81.221  7.834 0.8000000119
3515  -0.208  -82.637  5.263 0.8000000119
3537  -3.312  -82.035  3.199 0.8000000119
3538  -3.634  -81.392  2.543 0.6999999881
3567  -6.360  -81.295  0.317 0.6000000238
3583  -2.962  -82.136  -1.486 0.8000000119
3602  -5.988  -80.454  -2.167 0.6000000238
3619  -5.513  -80.734  -3.699 0.6999999881
3647  -4.949  -81.076  -5.956 0.6999999881
3667  -10.105  -81.585  -7.004 0.8000000119
3677  -2.770  -81.972  -7.933 0.8000000119
3678  -5.654  -80.640  -7.279 0.8999999762
3681  -8.700  -80.921  -7.578 0.8999999762
3695  -9.239  -81.079  -8.206 0.8999999762
3696  -9.865  -81.528  -8.147 0.8999999762
3704  -3.298  -80.609  -9.887 0.8000000119
3705  -6.784  -80.794  -9.971 0.8999999762
3707  -9.363  -81.458  -8.575 0.8999999762
3714  -3.084  -81.905  -11.156 0.8000000119
3715  -3.443  -81.123  -10.673 0.8000000119
3716  -5.201  -80.917  -10.699 1.0000000000
3718  -6.216  -81.420  -10.265 0.8999999762
3845  -1.934  -81.584  -22.052 0.5000000000
3846  -2.179  -82.302  -21.809 0.6000000238
3880  -5.316  -82.548  -24.789 0.6999999881
3884  -8.760  -81.704  -24.991 0.6000000238
3885  -9.355  -81.680  -25.092 0.6000000238
3983  -0.838  -80.127  8.949 0.6999999881
3993  -0.185  -80.442  8.392 0.8000000119
4005  -0.794  -80.976  8.033 0.6999999881
4019  0.051  -81.354  7.369 0.8000000119
4020  -1.218  -80.989  7.596 0.6000000238
4034  -1.580  -81.555  6.255 0.6999999881
4045  0.306  -80.841  5.121 0.8000000119
4058  -6.283  -80.438  3.138 0.6000000238
4066  -6.731  -79.717  1.833 0.6000000238
4089  -0.274  -81.055  0.527 0.6000000238
4102  -0.385  -80.223  -0.010 0.5000000000
4104  -4.579  -79.735  0.176 0.6999999881
4116  -6.379  -79.786  -1.491 0.6000000238
4163  -5.464  -80.178  -4.470 0.6999999881
4197  -6.628  -79.994  -8.037 0.8999999762
4199  -8.635  -80.739  -8.376 0.8999999762
4208  -7.235  -80.098  -8.693 0.8000000119
4228  -4.602  -80.414  -10.495 0.8999999762
4229  -5.527  -80.230  -10.221 0.8999999762
4239  -3.983  -81.005  -10.939 0.8999999762
4352  -6.452  -80.126  -21.056 0.6999999881
4358  -1.040  -79.444  -21.873 0.4000000060
4373  -4.084  -80.797  -23.855 0.6999999881
4374  -6.627  -81.080  -22.282 0.6999999881
4381  -2.956  -80.678  -23.782 0.6000000238
4384  -7.023  -81.214  -23.491 0.6000000238
4403  -8.296  -81.014  -25.061 0.6000000238
4405  -9.252  -81.091  -25.134 0.6000000238
4498  -0.928  -79.205  10.120 0.5000000000
4508  -0.369  -79.540  9.397 0.6999999881
4510  -0.954  -79.680  9.517 0.5000000000
4586  0.335  -79.430  4.354 0.6000000238
4613  -0.475  -80.182  1.366 0.5000000000
4615  -6.051  -78.800  1.365 0.6000000238
4652  -6.591  -79.163  -0.842 0.6000000238
4665  -4.743  -78.826  -0.976 0.6999999881
4699  -2.707  -79.493  -4.973 0.8999999762
4713  -2.849  -79.095  -5.755 0.8999999762
4714  -3.487  -78.612  -5.508 0.8999999762
4715  -4.894  -79.039  -5.892 0.8999999762
4738  -3.616  -79.362  -7.863 0.8000000119
4741  -5.868  -79.727  -8.210 0.8999999762
4752  -3.344  -79.666  -8.252 0.8000000119
4753  -3.808  -79.471  -8.809 0.8000000119
4755  -5.666  -79.521  -8.887 0.8000000119
4765  -3.707  -79.878  -9.648 0.8000000119
4767  -5.735  -79.730  -9.616 0.8999999762
4889  -4.991  -79.381  -19.582 0.6999999881
4890  -5.794  -79.173  -19.627 0.6999999881
4897  -4.630  -79.906  -20.279 0.6999999881
4909  -6.587  -80.292  -21.746 0.6999999881
4939  -7.661  -80.084  -25.069 0.6000000238
4942  -9.967  -80.093  -24.281 0.5000000000
5042  -0.993  -78.137  11.321 0.5000000000
5055  -1.089  -78.644  10.715 0.4000000060
5061  -0.114  -78.885  9.735 0.5000000000
5095  0.514  -78.280  6.499 0.8000000119
5096  -1.586  -78.894  6.590 0.4000000060
5108  0.512  -78.637  5.779 0.6000000238
5122  -1.652  -78.464  4.828 0.4000000060
5141  -0.095  -78.723  2.862 0.4000000060
5151  -5.793  -78.774  0.879 0.6000000238
5166  -6.250  -78.601  0.005 0.6000000238
5185  -5.837  -78.525  -0.587 0.6000000238
5197  -5.333  -78.524  -1.207 0.6000000238
5199  -6.273  -78.756  -1.240 0.6000000238
5210  -5.568  -78.685  -2.764 0.6000000238
5220  -4.195  -78.446  -4.113 0.6999999881
5221  -4.854  -78.503  -3.935 0.6999999881
5222  -5.346  -78.741  -3.683 0.6999999881
5237  -3.826  -78.461  -4.855 0.8000000119
5239  -5.123  -78.700  -4.345 0.6999999881
5409  -5.438  -78.276  -18.793 0.6999999881
5421  -3.715  -78.436  -19.687 0.6999999881
5422  -4.570  -78.681  -19.127 0.6999999881
5424  -6.014  -78.435  -19.183 0.6999999881
5447  -3.143  -78.310  -22.509 0.6999999881
5455  -2.275  -78.078  -22.512 0.5000000000
5465  -6.034  -78.342  -24.445 0.5000000000
5466  -6.233  -79.036  -24.186 0.5000000000
5474  -6.053  -77.649  -24.537 0.5000000000
5488  -7.033  -78.493  -25.170 0.5000000000
5489  -7.578  -79.191  -25.236 0.5000000000
5581  -0.962  -76.886  12.233 0.5000000000
5582  -1.172  -77.117  12.170 0.5000000000
5583  -1.618  -76.943  12.276 0.4000000060
5596  -1.238  -77.513  11.806 0.5000000000
5618  -0.452  -78.513  10.454 0.5000000000
5626  -1.638  -78.578  9.451 0.4000000060
5627  -2.163  -77.642  9.395 0.4000000060
5692  -0.412  -77.489  2.398 0.5000000000
5928  -4.435  -77.486  -18.495 0.6999999881
5943  -3.417  -77.322  -19.878 0.6999999881
5944  -6.393  -77.776  -19.376 0.6999999881
5954  -6.454  -77.820  -20.214 0.6999999881
5978  -1.843  -77.508  -22.193 0.5000000000
5982  -5.818  -78.263  -22.543 0.6000000238
6009  -6.127  -76.833  -24.606 0.5000000000
6010  -7.066  -77.915  -25.139 0.5000000000
6124  -2.030  -76.237  12.817 0.4000000060
6139  -2.319  -76.722  12.204 0.4000000060
6152  -2.630  -76.971  11.202 0.4000000060
6167  -3.457  -76.247  9.263 0.3000000119
6473  -4.713  -76.216  -17.964 0.6999999881
6474  -5.570  -76.237  -17.944 0.6999999881
6497  -4.086  -76.759  -18.433 0.6999999881
6499  -5.976  -76.913  -18.335 0.6999999881
6562  -2.873  -75.927  -22.081 0.6999999881
6576  -2.271  -76.672  -22.251 0.5000000000
6577  -5.096  -76.393  -22.725 0.6000000238
6600  -5.827  -76.186  -24.525 0.5000000000
6601  -6.508  -76.327  -24.724 0.5000000000
6741  -2.381  -75.379  13.159 0.4000000060
6742  -3.049  -75.313  12.790 0.4000000060
6793  -0.438  -75.357  8.829 0.6999999881
6795  -4.485  -75.346  8.966 0.3000000119
7078  -4.283  -75.495  -17.826 0.6999999881
7080  -5.889  -75.519  -17.726 0.6000000238
7101  -6.571  -75.378  -18.684 0.6000000238
7113  -5.976  -74.676  -19.860 0.6000000238
7145  -2.634  -75.150  -21.783 0.6000000238
7154  -4.679  -74.639  -23.804 0.6000000238
7177  -6.988  -75.892  -24.590 0.4000000060
7339  -2.067  -74.497  13.387 0.4000000060
7415  -0.718  -74.760  6.849 0.6000000238
7650  -4.024  -74.383  -17.162 0.6999999881
7652  -5.128  -73.929  -16.782 0.6000000238
7676  -4.612  -74.905  -17.329 0.6999999881
7677  -5.308  -74.459  -17.115 0.6000000238
7700  -6.496  -74.686  -18.974 0.6000000238
7711  -1.979  -73.907  -21.050 0.6999999881
7713  -3.156  -74.080  -20.709 0.6999999881
7714  -5.488  -74.695  -20.717 0.6000000238
7777  -5.683  -74.451  -25.095 0.5000000000
7970  -1.532  -73.046  7.648 0.6999999881
8274  -3.131  -73.180  -17.823 0.8000000119
8288  -6.405  -73.817  -17.826 0.6000000238
8298  -2.574  -72.672  -19.774 0.6999999881
8299  -3.043  -73.255  -19.429 0.6999999881
8301  -6.460  -74.061  -18.543 0.6000000238
8315  -1.224  -73.522  -20.695 0.6999999881
8347  -3.978  -73.404  -23.207 0.6000000238
8374  -5.566  -73.576  -25.142 0.5000000000
8529  -1.703  -72.374  12.368 0.5000000000
8531  -2.247  -72.812  12.916 0.5000000000
8540  -2.246  -72.155  12.451 0.5000000000
8551  -0.945  -72.076  10.955 0.5000000000
8562  -0.851  -71.781  10.152 0.6000000238
8855  -3.743  -72.329  -14.814 0.6000000238
8866  -5.106  -72.265  -15.786 0.6000000238
8899  -2.880  -72.599  -17.288 0.8000000119
8901  -6.138  -72.983  -17.750 0.6000000238
8918  -1.162  -72.081  -20.207 0.6000000238
8919  -1.831  -72.159  -19.975 0.6999999881
8934  -1.517  -72.578  -20.405 0.6999999881
8936  -5.141  -72.990  -20.760 0.6000000238
8955  -4.038  -72.922  -22.334 0.6000000238
8956  -4.571  -73.146  -21.571 0.6000000238
8978  -3.679  -72.047  -24.005 0.6000000238
8989  -4.460  -72.477  -24.528 0.5000000000
8990  -5.381  -72.763  -25.060 0.5000000000
9160  -1.615  -71.703  11.849 0.5000000000
9174  -2.206  -71.512  11.967 0.5000000000
9188  -4.198  -71.538  10.643 0.3000000119
9482  -2.531  -71.509  -15.314 0.8000000119
9483  -4.682  -71.977  -15.045 0.6000000238
9506  -2.462  -70.894  -17.569 0.6000000238
9515  -0.844  -71.194  -19.262 0.5000000000
9527  -0.926  -71.607  -19.718 0.5000000000
9529  -1.819  -71.703  -19.549 0.6000000238
9551  -4.421  -71.568  -20.865 0.6000000238
9567  -3.519  -70.709  -22.420 0.6000000238
9568  -3.785  -71.430  -21.873 0.6000000238
9807  -1.507  -71.205  11.457 0.5000000000
9821  -1.607  -70.763  11.284 0.5000000000
9822  -2.004  -70.922  11.576 0.5000000000
9845  -2.443  -69.936  10.151 0.5000000000
9855  -2.576  -69.770  9.467 0.5000000000
9857  -4.942  -70.487  8.637 0.3000000119
9869  -0.394  -69.640  7.956 0.6999999881
9891  -5.308  -70.347  7.336 0.3000000119
10077  -2.593  -70.437  -13.879 0.6999999881
10078  -3.033  -70.842  -13.250 0.6000000238
10079  -3.592  -70.788  -13.261 0.6000000238
10124  -1.051  -69.886  -18.541 0.5000000000
10126  -2.081  -70.077  -17.995 0.6000000238
10141  -0.936  -70.595  -18.997 0.5000000000
10144  -5.183  -70.144  -18.744 0.6000000238
10200  -3.210  -69.923  -21.866 0.6000000238
10497  -1.308  -70.269  10.902 0.5000000000
10498  -1.692  -70.282  11.006 0.5000000000
10512  -1.085  -69.686  10.469 0.5000000000
10513  -1.669  -69.747  10.537 0.5000000000
10523  -0.827  -69.220  9.766 0.6000000238
10534  -2.056  -68.962  9.078 0.5000000000
10561  -4.615  -70.094  6.441 0.3000000119
10789  -2.777  -69.413  -12.750 0.6999999881
10795  -2.559  -69.516  -13.459 0.8000000119
10803  -5.207  -69.298  -14.787 0.6000000238
10867  -4.809  -69.227  -18.901 0.5000000000
11250  -0.992  -68.112  8.711 0.5000000000
11251  -1.535  -68.256  8.595 0.5000000000
11260  -1.106  -67.693  8.098 0.5000000000
11274  -3.186  -69.132  6.006 0.5000000000
11282  -2.777  -68.241  5.748 0.5000000000
11297  -5.475  -69.172  4.654 0.4000000060
11317  -6.388  -68.461  3.927 0.4000000060
11462  -3.987  -68.137  -11.523 0.6000000238
11475  -3.465  -68.415  -11.893 0.6999999881
11476  -4.139  -68.740  -11.853 0.6000000238
11510  -5.329  -68.595  -15.403 0.6000000238
11528  -1.225  -67.793  -16.919 0.5000000000
11921  -0.909  -67.240  7.466 0.6000000238
11930  -0.792  -66.961  6.887 0.6000000238
11940  -0.410  -67.220  6.165 0.8000000119
11983  -8.540  -67.471  4.072 0.3000000119
11998  -6.983  -67.175  2.944 0.5000000000
12172  -2.171  -66.897  -15.184 0.6000000238
12198  -2.009  -67.641  -15.753 0.6000000238
12215  -1.253  -67.558  -16.405 0.6000000238
12610  -0.616  -66.890  6.495 0.6000000238
12612  -1.530  -66.777  6.220 0.6000000238
12627  -0.999  -66.313  5.774 0.6000000238
12667  -9.372  -66.385  3.808 0.3000000119
12683  -4.764  -65.958  2.716 0.5000000000
12687  -7.857  -66.055  2.753 0.5000000000
12892  -1.155  -67.180  -15.254 0.6000000238
12893  -1.364  -67.473  -16.033 0.6000000238
12904  -1.110  -67.343  -15.953 0.5000000000
13386  -4.425  -65.223  2.567 0.6000000238
13387  -5.581  -65.805  2.594 0.5000000000
13410  -0.764  -64.772  0.860 0.6000000238
13574  -1.664  -65.238  -14.472 0.5000000000
13575  -3.117  -65.045  -13.935 0.8000000119
14104  -10.939  -64.208  4.010 0.3000000119
14105  -11.712  -64.263  4.100 0.3000000119
14134  -0.870  -64.146  3.105 0.8000000119
14290  -4.152  -64.519  -12.461 0.8000000119
14297  -1.715  -64.643  -13.791 0.5000000000
14298  -3.103  -64.392  -13.695 0.8000000119
14310  -1.913  -64.676  -14.254 0.5000000000
14311  -2.217  -64.713  -14.385 0.5000000000
14903  -9.390  -63.678  3.510 0.4000000060
14917  -6.304  -63.724  2.476 0.5000000000
14949  -0.641  -63.211  0.980 0.6999999881
15091  -1.979  -63.387  -12.485 0.5000000000
15093  -4.212  -63.335  -12.276 0.8000000119
15102  -2.262  -63.918  -13.508 0.6000000238
15114  -2.485  -64.269  -13.941 0.8000000119
15684  -10.790  -62.024  4.427 0.4000000060
15695  -7.664  -62.190  3.052 0.6000000238
15699  -12.845  -62.576  3.689 0.3000000119
15710  -0.789  -62.815  2.107 0.6999999881
15712  -2.461  -61.973  2.022 0.8000000119
15724  -0.663  -62.586  1.437 0.6999999881
15725  -0.825  -62.222  1.733 0.8000000119
15901  -2.492  -62.623  -12.157 0.8000000119
15902  -2.894  -62.618  -12.309 0.8000000119
15903  -3.500  -62.857  -12.323 0.8000000119
15914  -3.086  -63.094  -12.806 0.8000000119
16446  -9.375  -61.237  4.053 0.6000000238
16462  -6.345  -61.441  2.587 0.6000000238
16464  -13.675  -61.737  2.932 0.4000000060
16470  -0.811  -61.806  1.230 0.6000000238
16485  -1.037  -61.457  0.718 0.6000000238
16498  -1.529  -61.191  0.197 0.6000000238
16588  -1.135  -60.933  -8.278 0.6000000238
16620  -1.889  -61.375  -10.529 0.6000000238
16651  -2.156  -62.120  -11.903 0.8000000119
17244  -11.475  -60.461  4.467 0.5000000000
17275  -2.970  -59.537  1.306 0.6000000238
17288  -1.793  -60.352  0.812 0.6999999881
17293  -16.385  -60.349  0.552 0.4000000060
17309  -18.821  -60.422  -0.680 0.3000000119
17427  -1.873  -60.973  -10.240 0.6999999881
17441  -2.014  -61.156  -10.859 0.6999999881
17443  -2.648  -60.950  -10.424 0.8000000119
17452  -2.456  -61.124  -10.941 0.8000000119
18068  -13.176  -59.198  3.425 0.6000000238
18080  -6.188  -59.301  2.270 0.8000000119
18088  -3.184  -58.809  0.999 0.6000000238
18094  -15.162  -59.626  1.743 0.4000000060
18830  -8.103  -58.829  3.322 0.8000000119
18832  -10.457  -58.204  4.099 0.6000000238
18854  -3.213  -58.581  0.537 0.6999999881
18869  -3.262  -58.440  0.126 0.6999999881
18878  -20.485  -58.147  0.475 0.3000000119
18884  -2.918  -58.855  -0.007 0.6999999881
18892  -19.942  -58.838  -0.013 0.4000000060
19618  -12.176  -56.928  3.882 0.6000000238
19654  -4.440  -56.917  0.026 0.6999999881
19669  -3.657  -57.826  -0.004 0.6999999881
20433  -13.623  -55.809  3.714 0.6000000238
20464  -17.190  -55.704  1.546 0.6000000238
21285  -12.417  -55.429  3.623 0.6000000238
21296  -14.658  -54.992  3.374 0.5000000000
21304  -6.368  -55.924  0.663 0.6999999881
21318  -6.420  -55.343  -0.097 0.6000000238
22209  -11.426  -54.921  2.418 0.6000000238
22222  -13.645  -54.939  2.392 0.6000000238
22229  -7.574  -54.712  -0.437 0.6000000238
108191  -5.123  -79.482  -9.326 0.8000000119
109330  -0.428  -81.595  2.941 0.6999999881
109849  -0.772  -84.779  0.295 0.8000000119
110011  -23.254  -89.464  -12.925 0.8000000119
110193  -0.731  -84.952  -3.987 0.8999999762
110509  -1.339  -75.040  12.537 0.5000000000
110645  -5.476  -82.676  4.923 0.3000000119
110690  -0.652  -72.485  -19.806 0.5000000000
110715  0.093  -82.293  -0.482 0.6999999881
111532  -3.663  -79.277  -2.221 0.6999999881
111710  -4.301  -80.416  0.529 0.6999999881
111771  -21.403  -90.385  -11.584 0.6999999881
111978  -16.214  -92.336  -2.710 0.5000000000
111992  -10.475  -82.651  -23.724 0.6000000238
112026  -6.330  -79.532  -23.441 0.6000000238
112114  -15.217  -87.755  -25.227 0.5000000000
112251  -5.418  -78.501  -1.954 0.6000000238
112900  -3.859  -83.573  -23.578 0.6999999881
112988  -5.657  -60.899  2.344 0.6999999881
113048  -6.871  -85.319  -8.372 1.0000000000
113552  0.341  -78.638  8.102 0.8000000119
113557  -2.073  -83.805  3.382 0.8000000119
113817  -3.699  -75.189  -18.262 0.8000000119
113937  -11.304  -55.172  2.994 0.6000000238
113944  -1.673  -84.947  -6.137 0.8999999762
114091  -0.529  -83.149  5.603 0.8000000119
114144  -8.740  -83.119  -24.577 0.6000000238
114199  -2.922  -67.914  -12.501 0.6999999881
114210  -1.889  -78.672  -23.013 0.6000000238
114446  0.477  -79.706  5.972 0.6999999881
114990  -2.362  -84.009  -7.911 0.6000000238
115090  -4.891  -63.234  2.305 0.6000000238
115172  -0.876  -68.305  -16.942 0.5000000000
115244  0.392  -76.763  6.161 0.6000000238
115387  -1.711  -84.362  -7.944 0.6999999881
115398  -10.404  -81.973  -6.706 0.8000000119
115897  -3.851  -78.612  -3.555 0.6999999881
116054  -15.174  -89.800  3.156 0.3000000119
116081  -0.547  -82.553  3.115 0.8000000119
116388  -6.671  -64.174  2.526 0.5000000000
116755  -4.528  -86.653  -7.924 0.6999999881
116847  -0.719  -66.346  5.494 0.8000000119
116851  -6.610  -78.853  -0.201 0.6000000238
117027  -4.891  -70.195  -14.176 0.6000000238
117107  -3.653  -78.843  -20.375 0.6999999881
117109  -25.931  -87.919  -12.738 0.6999999881
117143  -2.148  -74.578  -21.395 0.6999999881
117395  -4.861  -72.885  9.981 0.3000000119
117699  -6.563  -77.777  -24.835 0.5000000000
118102  -9.823  -65.085  3.642 0.3000000119
118178  -3.512  -73.112  -16.248 0.8000000119
118445  -3.827  -86.485  -2.328 0.6000000238
118449  -11.212  -86.575  -17.470 0.6000000238
118626  0.346  -77.691  4.015 0.6000000238
118823  -2.915  -81.751  -9.156 0.8000000119
119019  -14.459  -90.230  2.214 0.3000000119
119462  -25.436  -85.582  -14.517 0.4000000060
119625  -1.480  -79.964  7.657 0.5000000000
119673  -19.890  -87.442  -22.395 0.5000000000
119703  -0.365  -80.563  2.716 0.6000000238
119768  -11.095  -81.086  -23.432 0.5000000000
120156  -11.872  -62.024  4.379 0.4000000060
120312  -8.386  -82.338  -24.681 0.6000000238
120435  -1.000  -83.735  3.125 0.8000000119
121139  -13.400  -61.043  3.198 0.4000000060
121334  -3.507  -63.363  -6.031 0.6000000238
121448  -9.689  -84.414  -5.864 0.6999999881
121635  0.430  -78.558  4.392 0.6000000238
121947  -8.499  -85.468  -5.845 0.6999999881
122826  -4.422  -75.174  9.746 0.3000000119
123103  -5.849  -73.037  -17.131 0.6000000238
123396  -5.798  -90.704  -6.915 0.5000000000
123619  -0.776  -74.021  -20.403 0.6000000238
123643  -1.178  -85.151  -5.727 0.6000000238
123669  -8.326  -58.153  3.245 0.8000000119
123830  -4.357  -84.660  -4.182 0.6000000238
124063  -8.443  -79.461  -25.173 0.5000000000
124103  -11.030  -62.751  4.310 0.5000000000
124174  -0.433  -83.894  1.032 0.6000000238
124190  -0.521  -67.892  4.785 0.6000000238
124204  -3.604  -81.607  -11.275 0.8999999762
124280  -9.300  -91.861  -4.153 0.6999999881
124936  -6.029  -81.763  -0.247 0.6000000238
124978  -13.683  -86.207  -25.327 0.5000000000
125082  -5.355  -83.571  0.437 0.5000000000
125158  -26.986  -86.991  -16.138 0.6999999881
125382  -4.385  -84.351  -3.394 0.6000000238
125412  0.375  -79.827  7.434 0.8000000119
125587  -3.650  -78.020  4.778 0.4000000060
125619  -9.242  -92.931  -5.227 0.5000000000
125663  -6.631  -76.209  -19.045 0.6000000238
125689  -3.091  -72.278  -14.877 0.6999999881
126040  -10.561  -81.344  -24.137 0.5000000000
126211  -0.761  -70.928  8.751 0.6999999881
126289  -18.601  -57.460  2.458 0.6000000238
126421  -6.144  -89.044  -4.179 0.6000000238
126521  -1.981  -68.787  -17.132 0.6000000238
126874  -2.742  -80.925  -7.778 1.0000000000
127058  0.062  -77.335  9.144 0.8000000119
127390  -6.406  -76.428  -18.540 0.6000000238
127470  -5.479  -72.587  -16.525 0.6000000238
127840  -5.323  -70.508  -15.460 0.6000000238
127900  -0.608  -77.455  11.386 0.5000000000
128104  -5.287  -86.631  -19.452 0.5000000000
128275  -5.139  -63.918  2.361 0.6000000238
128344  -3.225  -66.189  -12.911 0.8000000119
128348  -5.395  -72.675  -20.129 0.6000000238
128578  -4.139  -78.905  4.396 0.5000000000
128589  -6.703  -84.779  -23.327 0.6999999881
128666  -3.869  -87.874  1.563 0.4000000060
128858  -5.210  -76.037  -21.901 0.6000000238
128953  -2.502  -83.367  -3.151 0.8999999762
129048  -6.295  -70.022  6.312 0.3000000119
129084  -1.089  -68.120  -17.217 0.5000000000
129268  0.342  -80.131  4.683 0.6000000238
129275  -5.342  -83.132  -0.898 0.6000000238
129367  -8.008  -85.791  -20.484 0.8000000119
129368  -12.467  -85.998  -20.752 0.6000000238
129482  -5.456  -84.602  -5.798 0.6999999881
129521  -5.743  -79.742  3.259 0.5000000000
129750  -0.608  -69.600  9.485 0.6000000238
129840  -3.228  -76.817  -21.847 0.6999999881
129928  -0.113  -79.811  8.888 0.8000000119
129955  -9.905  -90.811  -3.898 0.8000000119
129968  -0.805  -83.469  3.337 0.8000000119
130072  -3.148  -78.634  -22.945 0.6000000238
130494  -3.191  -73.195  12.458 0.3000000119
130557  -13.506  -84.827  -6.772 0.8000000119
130567  -4.905  -75.112  -22.380 0.6000000238
130719  -10.022  -83.804  -5.929 0.6999999881
130724  -11.510  -83.874  -8.028 0.8000000119
