#!ascii label  , from subject sub-v1s13x0050005_ses-1 vox2ras=TkReg
8134
31  -9.786  -94.051  -11.617 0.4000000060
121937  -10.884  -94.164  -11.301 0.5000000000
108693  -10.945  -94.226  -10.237 0.5000000000
27  -11.555  -94.193  -11.099 0.8000000119
35  -12.862  -93.913  -11.600 0.6999999881
29  -13.167  -93.940  -10.570 0.8000000119
76  -14.547  -93.330  -10.422 0.8000000119
75  -13.734  -93.672  -11.012 0.8000000119
77  -15.228  -92.973  -10.806 0.8000000119
427  -19.641  -90.462  -11.932 0.8000000119
438  -20.088  -90.152  -12.771 0.8000000119
445  -19.312  -90.299  -13.553 0.8000000119
447  -20.901  -89.773  -13.209 0.6999999881
446  -20.094  -89.930  -13.785 0.5000000000
455  -20.732  -89.459  -13.925 0.5000000000
30  -9.160  -93.797  -11.228 0.3000000119
25  -9.623  -94.049  -10.632 0.6000000238
23  -11.922  -94.246  -9.944 0.8000000119
128719  -12.863  -94.067  -9.750 0.8000000119
28  -12.405  -94.128  -10.834 0.8000000119
111848  -13.843  -93.698  -9.777 0.8000000119
71  -14.765  -93.256  -9.457 0.8000000119
126814  -16.129  -92.289  -9.416 0.8000000119
72  -15.200  -93.033  -9.998 0.8000000119
186  -15.503  -92.771  -9.268 0.8000000119
187  -16.876  -92.052  -9.427 0.6999999881
195  -15.727  -92.536  -10.104 0.8000000119
196  -16.467  -92.038  -10.277 0.8000000119
197  -17.287  -91.710  -10.085 0.8000000119
127446  -21.378  -91.019  -10.414 0.8999999762
291  -22.025  -91.009  -9.765 0.8999999762
305  -21.020  -90.759  -11.083 0.8000000119
428  -20.543  -90.355  -11.805 0.8000000119
429  -22.022  -90.596  -10.807 0.8000000119
439  -21.189  -90.104  -12.352 0.8000000119
440  -22.311  -90.167  -11.846 0.8000000119
631  -21.539  -89.371  -13.654 0.6999999881
454  -20.265  -89.628  -14.718 0.5000000000
641  -21.171  -89.172  -14.453 0.6000000238
654  -20.911  -89.103  -15.428 0.4000000060
653  -20.177  -89.649  -15.672 0.4000000060
198  -6.617  -91.502  -10.934 0.3000000119
194  -7.094  -92.119  -10.953 0.2000000030
295  -6.556  -91.117  -11.255 0.2000000030
199  -7.111  -91.840  -11.195 0.3000000119
73  -7.623  -92.561  -10.543 0.4000000060
74  -8.533  -93.363  -10.695 0.6000000238
24  -8.984  -93.777  -10.232 0.5000000000
114011  -10.147  -94.184  -10.110 0.8000000119
78  -8.116  -92.971  -10.924 0.3000000119
110961  -8.017  -92.271  -11.254 0.3000000119
125438  -8.384  -92.793  -11.364 0.3000000119
66  -14.291  -93.416  -8.643 0.8000000119
67  -15.052  -93.076  -8.737 0.8999999762
128145  -15.910  -92.439  -8.899 0.8000000119
181  -17.432  -92.149  -8.724 0.8000000119
188  -17.583  -91.888  -9.437 0.6999999881
122009  -21.082  -91.274  -9.791 0.8999999762
290  -20.583  -91.101  -10.542 0.8000000119
304  -20.133  -90.772  -11.233 0.8000000119
430  -23.078  -90.211  -10.921 0.8000000119
625  -22.910  -89.703  -12.529 0.6999999881
303  -18.869  -90.798  -11.893 0.8000000119
633  -23.645  -89.248  -13.305 0.8000000119
632  -22.624  -89.363  -13.375 0.8000000119
655  -22.551  -88.674  -14.907 0.8000000119
642  -22.120  -89.098  -14.250 0.6999999881
110825  -22.939  -88.236  -15.618 0.6999999881
469  -19.625  -89.931  -16.652 0.4000000060
667  -20.963  -88.923  -16.483 0.4000000060
902  -21.794  -88.447  -15.738 0.5000000000
912  -22.404  -87.994  -16.430 0.5000000000
666  -20.153  -89.355  -17.255 0.4000000060
925  -21.040  -88.300  -17.561 0.5000000000
281  -5.733  -90.555  -10.521 0.4000000060
192  -6.216  -91.215  -10.439 0.4000000060
193  -6.741  -92.017  -10.233 0.6000000238
70  -8.525  -93.477  -9.869 0.8000000119
14  -8.900  -93.956  -8.564 0.8000000119
22  -10.378  -94.281  -9.272 0.8000000119
432  -5.662  -89.577  -11.715 0.3000000119
294  -6.026  -90.734  -10.904 0.3000000119
69  -8.022  -93.131  -9.922 0.6000000238
108065  -11.314  -94.304  -9.104 0.8000000119
17  -11.559  -94.301  -8.268 0.8000000119
620  -5.633  -89.288  -12.253 0.1000000015
21  -9.455  -94.100  -9.517 0.8000000119
433  -5.790  -89.994  -11.911 0.2000000030
18  -12.328  -94.215  -8.769 0.8000000119
12  -12.953  -94.049  -7.964 0.8000000119
19  -13.367  -93.934  -8.774 0.8000000119
113269  -13.700  -93.618  -7.973 0.8000000119
171  -14.760  -92.762  -7.429 0.8999999762
172  -15.561  -92.552  -7.547 0.8999999762
63  -14.959  -93.034  -8.072 0.8999999762
179  -15.652  -92.640  -8.362 0.8999999762
180  -16.491  -92.290  -8.585 0.8999999762
173  -17.347  -92.397  -7.718 0.8000000119
182  -18.220  -92.048  -9.018 0.8000000119
110706  -18.998  -91.861  -9.225 0.8999999762
189  -18.215  -91.515  -9.885 0.8000000119
287  -17.699  -91.308  -10.791 0.8000000119
288  -18.720  -91.104  -10.900 0.8000000119
119729  -19.399  -90.854  -11.334 0.8000000119
431  -23.895  -89.695  -10.966 1.0000000000
626  -23.844  -89.413  -12.424 0.8000000119
441  -23.430  -89.862  -11.720 0.8000000119
634  -24.724  -89.011  -12.930 0.8000000119
644  -24.268  -88.924  -13.941 0.8000000119
643  -23.155  -89.068  -14.149 0.8000000119
1251  -25.738  -86.989  -18.110 0.6999999881
1238  -24.819  -87.272  -17.336 0.6000000238
1586  -25.349  -86.564  -18.791 0.5000000000
656  -23.715  -88.555  -14.880 0.8000000119
913  -23.559  -87.936  -16.296 0.8000000119
1223  -23.851  -87.491  -16.895 0.8000000119
1224  -24.630  -87.767  -16.496 0.6999999881
927  -22.895  -87.537  -16.966 0.6999999881
1237  -23.492  -87.150  -17.518 0.6999999881
1250  -24.227  -86.819  -18.265 0.6000000238
1585  -24.202  -86.519  -19.049 0.5000000000
1236  -22.359  -87.281  -17.689 0.5000000000
118270  -22.973  -86.924  -18.170 0.5000000000
1262  -22.979  -86.727  -19.028 0.5000000000
674  -20.315  -88.815  -17.783 0.3000000119
13  -8.293  -93.547  -8.601 0.8000000119
65  -7.796  -93.209  -8.915 0.8999999762
293  -5.691  -90.119  -10.958 0.4000000060
117752  -6.512  -92.261  -9.025 0.8000000119
16  -10.656  -94.301  -8.240 0.8000000119
129310  -5.336  -88.902  -12.313 0.3000000119
862  -4.911  -88.589  -12.389 0.2000000030
11  -12.126  -94.178  -7.768 0.6999999881
60  -12.602  -93.844  -7.268 0.8000000119
863  -5.765  -89.013  -12.871 0.2000000030
876  -5.340  -88.448  -13.323 0.2000000030
62  -14.328  -93.226  -7.861 0.8999999762
174  -18.193  -92.269  -8.145 0.6999999881
176  -19.613  -91.919  -7.125 0.6999999881
183  -18.942  -92.154  -8.459 0.8000000119
121837  -19.693  -92.116  -7.946 0.8000000119
125651  -19.569  -92.049  -8.682 0.8000000119
190  -19.840  -91.776  -9.243 0.8999999762
191  -20.688  -91.581  -9.101 0.8000000119
276  -19.254  -91.410  -9.954 0.8000000119
289  -19.703  -91.114  -10.657 0.8000000119
277  -20.184  -91.407  -9.904 0.8000000119
872  -25.004  -88.539  -11.786 0.6999999881
628  -25.114  -88.640  -12.354 0.6999999881
114680  -24.107  -89.440  -11.649 0.8000000119
111624  -25.539  -88.363  -12.850 0.6999999881
883  -25.305  -88.520  -13.661 0.6999999881
892  -24.879  -88.506  -14.556 0.6999999881
116301  -23.817  -88.220  -15.612 0.6999999881
118245  -24.404  -88.107  -15.941 0.6999999881
1225  -25.730  -87.583  -16.670 0.6999999881
914  -25.419  -88.033  -15.836 0.6999999881
1601  -24.898  -86.125  -19.516 0.5000000000
1600  -23.650  -86.336  -19.764 0.5000000000
1615  -23.196  -86.255  -20.646 0.5000000000
114739  -22.944  -86.186  -21.384 0.4000000060
124624  -7.829  -93.187  -7.901 0.8999999762
266  -4.527  -90.438  -8.906 0.8999999762
116762  -5.744  -90.992  -9.954 0.8000000119
185  -5.968  -91.657  -9.590 0.8000000119
9  -10.379  -94.189  -7.271 0.8000000119
407  -4.567  -89.841  -9.853 0.6999999881
421  -5.390  -89.535  -11.097 0.5000000000
875  -4.725  -88.326  -13.173 0.2000000030
61  -13.239  -93.595  -7.477 0.8999999762
859  -25.093  -87.967  -11.840 0.5000000000
1163  -24.240  -88.471  -10.815 0.6000000238
617  -24.508  -89.014  -11.204 0.8999999762
873  -25.445  -88.164  -12.297 0.6999999881
1197  -26.081  -87.449  -13.100 0.6999999881
122979  -26.501  -87.273  -13.799 0.6000000238
884  -26.139  -87.873  -13.447 0.6999999881
121421  -25.423  -88.180  -15.037 0.6999999881
904  -26.215  -87.794  -15.123 0.6999999881
915  -26.423  -87.485  -15.964 0.6999999881
1226  -26.667  -87.148  -16.743 0.6999999881
1240  -26.778  -86.717  -17.886 0.6999999881
903  -24.594  -88.265  -15.312 0.6999999881
1566  -27.123  -86.445  -16.777 0.6999999881
117147  -26.933  -86.785  -17.310 0.6999999881
1588  -27.199  -86.123  -18.108 0.6000000238
1587  -26.557  -86.453  -18.480 0.6000000238
1972  -25.122  -85.635  -21.249 0.6000000238
1960  -25.680  -85.679  -20.150 0.5000000000
1616  -24.362  -85.931  -20.406 0.6000000238
1971  -23.905  -85.885  -21.307 0.5000000000
1627  -23.522  -85.910  -22.103 0.5000000000
127590  -22.268  -86.209  -21.908 0.5000000000
117765  -21.693  -86.317  -22.182 0.6000000238
1275  -21.094  -86.679  -22.146 0.5000000000
177  -5.726  -91.743  -8.363 0.8000000119
267  -4.904  -91.144  -8.134 0.8000000119
406  -4.148  -89.310  -9.798 0.8000000119
609  -4.724  -89.389  -10.398 0.5000000000
613  -4.859  -89.012  -10.843 0.5000000000
112875  -3.892  -88.987  -9.679 0.6000000238
618  -4.754  -88.563  -11.496 0.5000000000
1200  -4.232  -87.342  -14.305 0.1000000015
1895  -1.899  -85.074  -13.947 0.5000000000
2351  -1.405  -84.620  -14.650 0.2000000030
2364  -1.673  -84.444  -15.153 0.1000000015
1162  -23.646  -87.895  -10.678 0.6999999881
1186  -25.565  -87.679  -12.498 0.6999999881
849  -23.796  -88.555  -10.262 0.8000000119
1523  -25.548  -86.954  -12.855 0.5000000000
1535  -26.183  -86.880  -13.556 0.6000000238
1536  -26.565  -86.840  -14.153 0.6000000238
1551  -26.676  -86.542  -14.955 0.6000000238
1216  -26.875  -87.186  -15.254 0.6999999881
119350  -27.025  -86.497  -15.917 0.6999999881
1952  -27.314  -85.327  -17.962 0.6999999881
1935  -27.012  -85.736  -16.513 0.6999999881
1576  -27.206  -86.173  -17.526 0.6999999881
1603  -27.109  -85.768  -18.706 0.6000000238
1979  -6.936  -85.579  -21.751 0.6999999881
1980  -7.371  -85.574  -21.731 0.6999999881
1965  -7.427  -86.177  -20.833 0.6999999881
1985  -24.709  -85.717  -22.278 0.6000000238
1254  -7.220  -87.414  -19.586 0.6999999881
121933  -7.150  -88.116  -19.173 0.4000000060
683  -7.272  -88.855  -18.650 0.4000000060
1287  -21.112  -86.922  -23.076 0.5000000000
1636  -21.744  -86.503  -22.882 0.3000000119
1637  -22.470  -86.226  -22.836 0.5000000000
684  -7.986  -89.240  -18.742 0.3000000119
123738  -3.880  -89.385  -8.396 0.8000000119
840  -3.640  -87.999  -10.064 0.8000000119
851  -4.252  -88.486  -10.572 0.6000000238
1177  -3.938  -87.669  -12.424 0.3000000119
127294  -4.460  -88.175  -12.157 0.4000000060
1480  -3.357  -86.987  -8.801 0.8999999762
1488  -3.204  -86.941  -10.276 0.8999999762
850  -3.811  -87.850  -10.760 0.6000000238
874  -4.281  -88.026  -12.954 0.2000000030
1863  -3.295  -86.256  -10.639 0.8000000119
860  -3.623  -87.292  -11.612 0.5000000000
1188  -3.677  -87.336  -13.378 0.3000000119
1199  -3.514  -87.163  -14.122 0.1000000015
1540  -4.713  -86.582  -14.728 0.1000000015
1499  -3.307  -86.491  -11.157 0.8000000119
1875  -3.151  -85.990  -11.695 0.8000000119
115714  -3.366  -86.764  -11.286 0.8000000119
1885  -3.179  -86.026  -12.201 0.6999999881
1509  -2.808  -85.756  -13.147 0.6000000238
1884  -2.151  -85.077  -13.412 0.4000000060
1524  -2.452  -85.583  -13.816 0.4000000060
125624  -2.238  -85.434  -14.292 0.2000000030
1919  -2.242  -85.079  -15.238 0.1000000015
1883  -1.502  -84.582  -13.395 0.5000000000
1184  -24.126  -87.055  -11.864 0.6000000238
1175  -24.436  -87.791  -11.366 0.6999999881
1185  -24.961  -87.371  -12.117 0.6000000238
125226  -25.594  -86.450  -13.545 0.5000000000
1549  -25.150  -85.856  -13.916 0.6000000238
117424  -24.642  -85.301  -14.436 0.6999999881
1918  -26.067  -85.670  -14.985 0.5000000000
1926  -25.261  -84.961  -15.076 0.6999999881
1927  -25.995  -85.170  -15.564 0.5000000000
2376  -25.564  -84.751  -15.792 0.6000000238
1934  -26.357  -85.008  -16.309 0.6999999881
2398  -26.994  -85.130  -17.137 0.6999999881
2441  -7.663  -84.968  -22.587 0.8000000119
1966  -8.013  -85.381  -20.975 0.6999999881
2413  -8.473  -85.305  -20.181 0.6999999881
1955  -8.029  -86.217  -19.779 0.6000000238
121615  -7.613  -87.569  -19.464 0.5000000000
118991  -7.801  -88.089  -19.284 0.5000000000
940  -8.444  -88.727  -19.073 0.5000000000
477  -8.284  -89.983  -18.373 0.4000000060
1286  -20.494  -87.300  -23.546 0.6000000238
685  -8.771  -89.497  -18.994 0.5000000000
262  -4.459  -90.582  -7.896 0.8999999762
584  -3.791  -88.841  -8.112 0.8999999762
585  -4.078  -89.509  -7.650 1.0000000000
598  -3.749  -89.024  -9.055 0.8000000119
823  -3.718  -88.037  -7.957 0.8999999762
822  -3.605  -88.303  -8.674 0.6999999881
1143  -3.508  -87.539  -8.678 1.0000000000
126143  -3.558  -87.336  -8.316 1.0000000000
1164  -3.491  -87.331  -10.524 0.6999999881
1539  -3.584  -86.665  -14.745 0.1000000015
1525  -2.983  -86.222  -13.539 0.5000000000
1864  -3.987  -85.497  -10.613 0.8000000119
1537  -2.755  -86.035  -14.275 0.2000000030
117876  -2.835  -86.167  -14.741 0.1000000015
1920  -3.129  -85.207  -15.410 0.1000000015
2327  -3.205  -84.726  -12.570 0.8999999762
109908  -2.833  -85.445  -12.469 0.6999999881
113236  -2.620  -85.115  -12.911 0.6000000238
2326  -2.218  -84.737  -12.464 0.8000000119
2313  -1.575  -84.410  -11.983 0.8000000119
2325  -1.656  -84.397  -12.698 0.6000000238
1522  -24.491  -86.716  -12.610 0.6999999881
1904  -24.215  -85.701  -13.812 0.6999999881
121534  -24.820  -86.285  -13.296 0.6000000238
1917  -23.702  -85.182  -14.389 0.6999999881
2375  -24.710  -84.538  -15.697 0.6000000238
114153  -7.926  -84.519  -23.535 0.8000000119
2386  -25.384  -84.586  -16.447 0.6000000238
2442  -8.525  -84.374  -22.645 0.8999999762
2869  -9.405  -83.663  -22.588 0.8999999762
2423  -8.700  -84.615  -20.812 0.8000000119
2849  -9.492  -83.956  -20.757 0.8999999762
2414  -9.343  -84.620  -19.893 0.8999999762
1956  -8.901  -85.553  -19.271 0.6999999881
1255  -8.330  -87.999  -19.172 0.5000000000
1293  -19.520  -87.390  -25.076 0.6000000238
125088  -9.167  -89.046  -19.284 0.6000000238
1290  -17.000  -87.872  -25.721 0.8000000119
1289  -15.995  -87.740  -25.659 0.6999999881
390  -5.086  -90.607  -6.978 0.8999999762
126910  -5.395  -91.364  -7.593 0.8000000119
811  -4.157  -88.893  -7.475 1.0000000000
1139  -3.959  -87.407  -7.868 1.0000000000
1127  -4.816  -87.390  -7.439 1.0000000000
1453  -5.576  -86.637  -7.709 1.0000000000
1469  -3.694  -86.816  -8.366 1.0000000000
1490  -3.490  -86.042  -9.782 0.8999999762
1855  -4.233  -85.451  -9.466 0.8999999762
107870  -5.332  -85.869  -8.147 1.0000000000
1856  -5.114  -85.201  -8.778 0.8999999762
1840  -6.059  -85.177  -8.442 1.0000000000
2298  -4.547  -84.944  -10.311 0.8000000119
2281  -4.987  -84.699  -9.560 0.8999999762
1857  -5.807  -84.395  -9.016 1.0000000000
2716  -7.546  -83.734  -8.987 0.8999999762
2762  -3.715  -84.059  -12.716 0.8000000119
2314  -4.483  -84.844  -11.349 0.8000000119
2299  -4.943  -84.351  -10.480 1.0000000000
2265  -6.896  -84.555  -8.683 1.0000000000
2734  -5.340  -83.689  -10.337 1.0000000000
2724  -5.863  -83.649  -9.575 1.0000000000
115157  -1.471  -84.389  -11.252 0.8999999762
3217  -2.915  -83.367  -12.212 0.8999999762
2748  -4.293  -83.596  -12.477 1.0000000000
1521  -23.485  -86.568  -12.529 0.6999999881
1534  -23.828  -86.158  -13.193 0.6999999881
2361  -23.298  -84.643  -14.896 0.5000000000
2362  -24.226  -84.699  -14.953 0.6000000238
2374  -23.675  -84.473  -15.592 0.5000000000
2384  -22.935  -84.408  -16.258 0.5000000000
2385  -24.052  -84.533  -16.627 0.5000000000
2868  -8.814  -83.730  -23.665 0.8999999762
2424  -10.100  -83.921  -20.060 0.8999999762
1948  -8.618  -86.466  -18.726 0.6999999881
1229  -8.707  -87.231  -18.393 0.6000000238
482  -9.040  -90.285  -18.832 0.4000000060
1292  -18.678  -87.621  -25.438 0.6999999881
1300  -19.119  -86.929  -26.246 0.8999999762
124606  -9.511  -89.644  -19.558 0.6000000238
333  -9.455  -90.957  -18.403 0.3000000119
1303  -17.147  -86.630  -26.450 0.8999999762
1299  -18.289  -87.089  -26.374 0.8999999762
1297  -16.643  -87.145  -26.172 0.6999999881
126093  -15.682  -86.175  -26.229 0.8000000119
2019  -18.742  -85.726  -26.215 0.8999999762
1288  -14.391  -87.109  -25.210 0.6999999881
1656  -14.969  -86.253  -26.106 0.6999999881
2017  -15.325  -85.902  -26.033 0.8999999762
577  -5.131  -89.839  -6.815 0.8999999762
586  -4.702  -88.999  -7.036 1.0000000000
587  -5.548  -89.012  -6.882 1.0000000000
812  -5.148  -88.182  -7.048 1.0000000000
813  -6.287  -88.255  -7.254 1.0000000000
1128  -5.909  -87.428  -7.413 0.8999999762
118623  -7.898  -87.950  -7.663 0.8000000119
109580  -10.348  -87.329  -7.288 0.8000000119
1454  -6.505  -86.814  -7.742 0.8999999762
127585  -7.326  -86.597  -7.963 0.8000000119
1456  -8.897  -86.939  -7.761 0.8000000119
1131  -9.478  -87.570  -7.457 0.8000000119
112670  -2.583  -83.457  -9.188 0.8999999762
3194  -2.753  -82.569  -10.696 0.8999999762
1470  -6.467  -86.002  -8.062 0.8999999762
112445  -8.817  -85.582  -8.249 0.8999999762
109167  -8.900  -84.749  -8.465 0.8000000119
2723  -2.465  -83.474  -10.120 1.0000000000
1842  -8.156  -85.353  -8.387 0.8999999762
130490  -8.657  -84.176  -8.653 0.8000000119
3202  -2.810  -82.848  -11.567 0.8999999762
2747  -2.305  -83.885  -11.748 0.8999999762
3204  -4.160  -82.501  -12.160 1.0000000000
117755  -7.234  -82.985  -9.389 0.8999999762
2296  -0.687  -84.547  -10.732 0.8999999762
3218  -3.595  -83.291  -12.512 1.0000000000
1903  -23.235  -85.629  -13.779 0.6999999881
1916  -22.813  -85.130  -14.373 0.6000000238
118620  -22.289  -84.204  -16.836 0.5000000000
2454  -7.975  -84.040  -24.376 0.8999999762
120459  -9.819  -83.230  -23.430 0.8999999762
2860  -9.826  -83.464  -21.581 0.8999999762
127006  -11.045  -82.501  -22.096 0.8999999762
2889  -7.029  -83.499  -25.056 0.8999999762
2850  -10.227  -83.371  -20.757 0.8999999762
2451  -6.057  -84.076  -24.466 0.8000000119
110549  -10.653  -83.389  -20.124 0.8999999762
2879  -4.499  -83.545  -24.167 0.8000000119
2880  -5.465  -83.384  -24.868 0.8000000119
121522  -9.451  -85.951  -18.388 0.6999999881
918  -9.632  -88.340  -18.754 0.6999999881
119991  -9.378  -88.941  -19.846 0.6000000238
483  -9.712  -90.522  -19.334 0.3000000119
2018  -17.041  -85.842  -26.147 0.8999999762
1661  -17.151  -86.179  -26.385 0.8999999762
127262  -18.029  -86.031  -26.565 0.8999999762
3180  -2.839  -82.621  -8.665 0.8999999762
3186  -2.801  -82.554  -9.665 0.8999999762
2715  -2.592  -83.520  -8.458 1.0000000000
1473  -9.229  -86.130  -7.990 0.8000000119
1457  -9.778  -86.719  -7.632 0.8000000119
2280  -2.126  -84.095  -9.546 1.0000000000
3703  -3.007  -81.579  -10.124 0.8999999762
109257  -9.317  -83.714  -8.661 0.8000000119
2279  -1.358  -84.443  -9.353 1.0000000000
2297  -1.632  -84.348  -10.309 1.0000000000
3203  -3.438  -82.394  -11.897 0.8999999762
3727  -4.026  -81.674  -11.536 1.0000000000
2278  -0.335  -84.462  -9.242 0.8999999762
3728  -4.820  -81.786  -11.242 1.0000000000
2726  -8.123  -82.849  -9.200 0.8000000119
2735  -5.778  -83.003  -10.130 1.0000000000
3187  -6.304  -82.266  -10.012 0.8999999762
129991  -5.318  -83.157  -10.925 1.0000000000
2373  -22.763  -84.354  -15.396 0.5000000000
2816  -21.986  -84.017  -15.990 0.5000000000
119513  -21.702  -83.839  -16.911 0.5000000000
2870  -10.405  -83.001  -22.576 1.0000000000
2823  -21.288  -83.344  -17.445 0.4000000060
2881  -8.597  -83.212  -24.484 0.8999999762
2851  -11.004  -82.931  -20.696 0.8999999762
2835  -21.780  -83.342  -18.378 0.4000000060
3348  -3.811  -82.024  -23.824 0.6000000238
2890  -7.800  -83.433  -24.776 1.0000000000
2415  -10.114  -84.361  -19.341 0.8000000119
1243  -9.127  -87.915  -18.397 0.6999999881
686  -10.037  -89.355  -20.347 0.5000000000
488  -9.971  -90.107  -20.007 0.4000000060
129269  -10.335  -89.432  -20.870 0.4000000060
1650  -17.597  -85.996  -25.038 0.8999999762
2016  -14.463  -85.954  -25.729 0.8000000119
124746  -16.648  -85.836  -25.463 0.8999999762
128928  -2.852  -81.857  -8.564 0.8999999762
4217  -3.005  -80.962  -9.362 0.8999999762
2267  -9.874  -84.384  -8.364 0.8000000119
1824  -10.098  -85.859  -7.841 0.8000000119
1442  -12.124  -86.643  -6.869 0.8000000119
2263  -1.063  -84.381  -8.503 1.0000000000
4227  -3.847  -80.391  -10.342 0.8999999762
2255  -11.337  -84.532  -7.915 0.8000000119
2256  -11.992  -83.963  -7.779 0.8000000119
2257  -12.662  -84.123  -7.351 0.6999999881
126182  -4.488  -81.132  -10.988 0.8999999762
127399  -10.215  -83.510  -8.493 0.8000000119
2269  -11.648  -83.178  -7.948 0.8000000119
2709  -12.262  -82.977  -7.042 0.6999999881
2262  -0.469  -84.252  -8.400 0.8999999762
3717  -5.528  -81.382  -10.622 0.8999999762
2718  -9.998  -82.741  -8.611 0.8000000119
3181  -9.078  -82.655  -8.973 0.8000000119
125793  -6.950  -82.382  -9.698 0.8999999762
3189  -8.531  -82.080  -9.265 0.8000000119
2815  -21.232  -83.372  -16.477 0.4000000060
3856  -2.360  -80.844  -22.958 0.6999999881
3868  -3.930  -81.390  -24.278 0.8000000119
109953  -11.663  -82.053  -22.153 1.0000000000
3867  -3.283  -81.293  -24.072 0.8000000119
2882  -9.594  -83.007  -24.203 1.0000000000
3360  -4.630  -82.035  -24.224 0.8000000119
2838  -11.374  -83.019  -19.797 1.0000000000
121380  -20.830  -81.995  -17.129 0.4000000060
3296  -21.166  -82.405  -17.894 0.4000000060
2899  -6.079  -83.062  -25.382 0.8999999762
1938  -9.929  -86.509  -17.744 0.6999999881
2403  -9.791  -85.073  -18.875 0.8000000119
1230  -9.926  -87.836  -17.856 0.6999999881
1568  -9.509  -87.270  -17.818 0.6999999881
931  -10.042  -88.477  -19.130 0.6999999881
2003  -13.157  -85.718  -24.471 0.8000000119
941  -9.856  -88.669  -20.336 0.6999999881
1639  -12.707  -86.004  -24.656 0.6999999881
1265  -10.120  -88.170  -20.868 0.6999999881
946  -10.201  -88.824  -21.088 0.5000000000
689  -10.798  -89.467  -21.192 0.4000000060
690  -11.740  -89.842  -21.277 0.2000000030
696  -12.200  -89.278  -21.734 0.5000000000
691  -12.774  -90.040  -21.106 0.2000000030
697  -13.108  -89.488  -21.513 0.3000000119
953  -12.844  -88.741  -22.139 0.5000000000
1276  -12.096  -86.561  -22.953 0.6999999881
1655  -13.260  -85.842  -24.998 0.6999999881
2008  -13.980  -85.702  -25.048 0.8000000119
2009  -15.024  -85.738  -25.520 0.8999999762
1641  -16.152  -86.297  -23.719 0.8999999762
1642  -17.822  -86.237  -23.769 0.8000000119
1651  -18.458  -85.847  -24.408 0.6999999881
1277  -12.861  -87.058  -23.217 0.6000000238
1282  -13.116  -86.725  -24.164 0.6999999881
2707  -2.498  -83.759  -7.163 0.8999999762
2254  -1.997  -84.467  -7.312 1.0000000000
4207  -3.156  -80.160  -8.976 0.8999999762
1823  -1.248  -84.535  -7.396 0.8999999762
4775  -4.262  -79.889  -10.029 0.8999999762
4776  -4.960  -79.763  -9.914 0.8999999762
4230  -6.001  -80.761  -10.346 0.8999999762
2708  -12.284  -83.356  -7.444 0.6999999881
1822  -0.488  -84.161  -7.750 0.8999999762
116368  -6.982  -81.596  -9.897 0.8999999762
3706  -7.616  -80.951  -9.601 0.8000000119
2719  -10.861  -82.819  -8.281 0.8000000119
3175  -11.191  -82.314  -7.632 0.6999999881
2706  0.161  -83.931  -7.989 0.8999999762
3190  -9.050  -81.705  -9.005 0.8000000119
4382  -3.564  -80.942  -24.120 0.6999999881
4383  -4.041  -81.355  -24.259 0.8000000119
3858  -5.068  -81.878  -23.370 0.8999999762
3810  -20.970  -81.356  -16.629 0.2000000030
3351  -10.423  -82.211  -24.267 1.0000000000
3335  -11.112  -82.308  -22.832 1.0000000000
3861  -11.988  -81.476  -22.226 0.8999999762
3318  -11.725  -82.372  -20.637 1.0000000000
3840  -12.903  -81.224  -20.487 1.0000000000
3311  -12.168  -82.305  -19.878 1.0000000000
2830  -10.733  -83.761  -19.315 0.8999999762
2839  -12.007  -82.876  -18.979 1.0000000000
2404  -10.654  -84.589  -18.458 0.8000000119
2831  -11.205  -83.938  -18.504 0.8000000119
1967  -12.953  -85.650  -21.119 0.8999999762
1608  -11.975  -86.109  -21.469 0.8999999762
1631  -14.003  -85.550  -24.040 0.8999999762
942  -10.449  -87.991  -19.798 0.6999999881
1630  -12.472  -85.885  -23.947 0.8000000119
1266  -10.528  -87.522  -20.989 0.6000000238
951  -10.901  -88.075  -21.997 0.5000000000
695  -11.234  -88.949  -21.763 0.5000000000
952  -11.744  -88.331  -22.148 0.6999999881
959  -12.337  -87.642  -22.559 0.6000000238
3161  -2.691  -82.678  -7.079 0.8999999762
108754  -2.669  -81.463  -7.113 0.8999999762
3693  -2.828  -81.062  -8.564 0.8999999762
4195  -2.906  -80.174  -8.070 0.8999999762
1812  -1.007  -85.023  -6.516 1.0000000000
2243  -0.412  -84.670  -6.545 0.8999999762
4766  -4.412  -79.533  -9.441 0.8999999762
4754  -4.701  -79.387  -8.801 0.8000000119
4768  -6.481  -79.853  -9.240 0.8000000119
4218  -6.334  -80.220  -9.855 0.8000000119
4219  -7.123  -80.382  -9.418 0.8000000119
4209  -8.080  -80.613  -8.985 0.8000000119
3169  -11.614  -82.440  -7.085 0.6999999881
2693  0.013  -84.422  -6.783 0.8999999762
108799  0.278  -83.700  -7.154 0.8999999762
111300  0.278  -83.989  -6.271 0.8999999762
121880  -8.389  -81.327  -9.269 0.8000000119
3694  -8.838  -81.062  -8.747 0.6999999881
3182  -9.699  -81.973  -8.655 0.8000000119
3683  -10.422  -81.744  -7.597 0.6999999881
127886  0.424  -83.144  -6.533 0.8999999762
111062  0.455  -82.474  -7.173 0.6999999881
3659  0.454  -81.464  -6.764 0.6999999881
4372  -3.230  -80.065  -23.563 0.6999999881
4371  -2.443  -79.974  -23.321 0.6999999881
3822  -21.397  -81.265  -17.514 0.2000000030
4335  -21.804  -80.276  -17.540 0.2000000030
3869  -4.591  -82.108  -24.441 0.8000000119
3839  -12.439  -81.271  -21.231 1.0000000000
3870  -5.868  -82.313  -23.968 0.8999999762
3366  -9.896  -82.095  -24.967 1.0000000000
3872  -10.891  -81.812  -23.839 1.0000000000
3850  -12.910  -80.896  -20.878 0.8999999762
3362  -5.621  -82.843  -25.050 0.8999999762
2891  -9.306  -82.584  -24.683 1.0000000000
2900  -6.690  -83.094  -25.337 1.0000000000
2405  -11.496  -84.396  -17.847 0.8000000119
1231  -10.695  -87.637  -17.791 0.6999999881
1570  -11.258  -87.080  -17.542 0.8000000119
121464  -11.615  -85.844  -17.409 0.8000000119
1939  -10.793  -86.182  -17.567 0.6999999881
1968  -14.401  -84.949  -20.365 0.8999999762
920  -10.837  -87.887  -18.442 0.6999999881
1609  -13.016  -85.998  -20.061 0.8999999762
122883  -13.047  -85.544  -21.920 0.8999999762
1592  -11.156  -87.211  -20.082 0.8000000119
116694  -12.032  -86.478  -20.278 0.8999999762
1607  -11.196  -86.783  -21.199 0.8000000119
117716  -11.925  -86.032  -22.450 0.8999999762
1992  -12.579  -85.738  -22.819 0.8000000119
1981  -13.506  -85.564  -22.328 0.8999999762
1620  -11.509  -86.642  -22.048 0.8000000119
1629  -12.032  -86.059  -23.245 0.6999999881
1272  -10.817  -87.334  -21.836 0.6999999881
958  -11.557  -87.258  -22.290 0.8000000119
2245  -2.181  -84.421  -6.578 1.0000000000
4184  -2.718  -80.211  -7.169 0.8999999762
127263  -0.613  -85.015  -5.662 1.0000000000
4737  -3.173  -79.546  -7.560 0.8000000119
121389  -3.704  -79.415  -8.245 0.8000000119
112753  -0.046  -84.681  -5.980 1.0000000000
112214  0.117  -84.058  -4.532 0.8999999762
4740  -5.020  -79.494  -8.205 0.8000000119
3152  0.392  -83.074  -4.905 0.8999999762
4756  -6.424  -79.775  -8.640 0.8000000119
123562  0.499  -82.332  -5.547 0.8999999762
3682  -9.635  -81.299  -7.537 0.6999999881
3168  -10.920  -81.905  -7.089 0.6999999881
2699  -11.072  -82.397  -6.582 0.6999999881
3167  -9.598  -81.998  -6.603 0.6999999881
3645  0.513  -81.396  -5.823 0.6999999881
3666  -9.171  -81.484  -6.953 0.6999999881
122177  -4.707  -81.378  -22.592 0.8000000119
4911  -12.447  -79.983  -21.385 0.6999999881
4912  -12.988  -80.409  -20.815 0.8000000119
4901  -13.384  -79.748  -20.102 0.6000000238
3847  -5.574  -81.664  -22.103 0.8000000119
3859  -6.191  -82.041  -22.791 1.0000000000
4387  -11.652  -80.713  -22.724 0.8000000119
4923  -12.139  -80.339  -22.086 0.6999999881
4344  -13.861  -80.698  -19.625 0.6999999881
4876  -21.770  -79.412  -16.787 0.2000000030
4386  -10.505  -80.545  -23.891 0.8999999762
4375  -12.207  -81.100  -22.216 0.8000000119
113546  -13.458  -80.899  -20.119 0.8000000119
3834  -13.804  -81.098  -19.433 0.8000000119
3886  -9.711  -81.795  -25.087 0.8999999762
3881  -10.228  -81.845  -24.678 1.0000000000
3312  -12.831  -82.188  -19.146 1.0000000000
3320  -13.256  -81.414  -19.767 0.8999999762
124548  -13.483  -81.659  -19.008 1.0000000000
3829  -13.951  -81.436  -18.439 0.8000000119
2408  -16.275  -84.251  -19.145 0.8999999762
121944  -6.266  -82.985  -25.412 1.0000000000
2902  -8.256  -82.822  -24.639 1.0000000000
3371  -8.823  -82.071  -24.972 1.0000000000
3304  -12.555  -82.903  -18.156 0.8999999762
3305  -13.350  -82.270  -18.006 1.0000000000
3819  -14.074  -81.907  -17.263 0.8999999762
2390  -12.006  -84.957  -17.344 0.8999999762
1232  -11.313  -87.445  -17.861 0.6999999881
1958  -14.501  -84.862  -19.462 0.8999999762
1959  -15.286  -84.838  -20.055 0.8999999762
1256  -11.276  -87.657  -18.987 0.8000000119
1593  -11.967  -87.116  -19.065 0.8000000119
1594  -12.790  -86.527  -19.072 0.8999999762
1957  -13.577  -85.810  -18.954 0.8999999762
110834  -13.750  -85.201  -20.128 0.8999999762
120868  -13.830  -85.248  -21.199 0.8999999762
126183  -2.553  -83.463  -6.243 0.8999999762
2227  -1.669  -85.026  -5.384 0.8999999762
118609  -2.216  -84.453  -5.788 0.8999999762
3660  -2.592  -80.948  -6.508 0.8999999762
113359  -2.589  -80.005  -6.244 0.8000000119
2215  -0.247  -84.707  -4.607 1.0000000000
3646  -2.546  -81.078  -5.785 0.8000000119
110769  -4.153  -79.299  -8.079 0.8000000119
2205  -0.213  -84.446  -3.817 1.0000000000
2676  0.222  -83.452  -4.031 1.0000000000
119935  -3.766  -79.060  -7.236 0.8000000119
3143  0.443  -82.374  -4.164 0.8999999762
4196  -5.383  -79.785  -7.630 0.8000000119
116182  0.525  -81.362  -4.219 0.8000000119
4927  -6.740  -80.033  -24.095 0.8999999762
4938  -7.046  -79.745  -24.844 0.8999999762
4362  -5.761  -81.167  -21.296 1.0000000000
4920  -6.645  -80.426  -22.779 0.8999999762
3848  -6.288  -81.469  -22.048 1.0000000000
5400  -21.943  -78.259  -16.933 0.2000000030
4396  -7.337  -80.687  -24.582 0.8999999762
4910  -11.729  -79.467  -21.735 0.6999999881
4900  -12.651  -79.517  -20.667 0.6000000238
4892  -14.343  -79.820  -18.891 0.6000000238
3860  -6.611  -81.688  -22.888 1.0000000000
4397  -7.831  -81.247  -24.892 0.8999999762
110849  -8.147  -80.075  -25.153 0.8999999762
4930  -11.000  -80.123  -23.156 0.8999999762
128994  -22.070  -78.775  -17.537 0.2000000030
3871  -7.137  -82.077  -24.110 1.0000000000
4385  -7.433  -81.535  -24.454 1.0000000000
124829  -14.182  -80.369  -19.122 0.6999999881
3364  -7.968  -81.762  -24.768 1.0000000000
4398  -9.955  -81.025  -24.766 0.8999999762
129453  -7.606  -82.636  -24.854 1.0000000000
3292  -13.035  -83.123  -17.324 0.8999999762
3293  -13.681  -82.734  -16.875 1.0000000000
2840  -16.944  -83.808  -19.088 0.8000000119
1941  -12.530  -85.483  -17.232 0.8999999762
2380  -12.842  -84.544  -16.964 0.8999999762
118079  -16.271  -83.919  -18.458 0.8999999762
1571  -11.905  -86.969  -17.725 0.8000000119
2416  -15.483  -84.596  -19.245 0.8999999762
1580  -13.093  -86.361  -18.220 0.8999999762
130585  -13.970  -85.080  -19.294 0.8999999762
109581  -1.410  -84.702  -1.419 0.8000000119
109560  -1.574  -84.701  -2.888 0.8999999762
2649  -2.304  -83.988  -2.655 0.8000000119
3110  -2.473  -83.300  -1.855 0.8999999762
2665  -2.250  -84.208  -3.424 0.8999999762
3144  -2.519  -83.112  -3.796 0.8000000119
3121  -2.592  -82.865  -2.656 0.8000000119
2218  -1.651  -85.034  -4.621 0.8999999762
2677  -2.334  -84.173  -4.372 0.8999999762
119525  -2.563  -81.306  -4.945 0.8000000119
4161  -2.599  -80.344  -4.515 0.8000000119
2217  -1.079  -85.159  -4.218 1.0000000000
4172  -2.552  -80.155  -5.373 0.8000000119
4725  -3.598  -78.715  -6.276 0.8000000119
4140  0.428  -80.799  -3.463 0.8000000119
4951  -7.008  -79.089  -25.109 0.8999999762
5395  -21.627  -78.541  -16.069 0.2000000030
4361  -4.827  -81.202  -21.593 0.8000000119
5426  -13.160  -78.842  -19.580 0.6000000238
5438  -11.425  -78.419  -20.725 0.5000000000
5440  -12.811  -78.999  -20.152 0.6000000238
5411  -14.246  -78.974  -18.536 0.6000000238
5933  -14.069  -78.036  -18.214 0.5000000000
111628  -21.831  -77.894  -17.963 0.2000000030
5460  -10.995  -78.936  -21.951 0.6999999881
128797  -10.745  -78.169  -21.309 0.6000000238
4952  -8.512  -80.199  -25.109 0.8999999762
4883  -14.757  -79.514  -18.011 0.6999999881
115494  -14.616  -78.595  -17.637 0.6000000238
4404  -8.758  -81.003  -25.163 0.8999999762
4929  -10.322  -79.660  -23.544 0.6999999881
5469  -10.014  -78.872  -23.197 0.6999999881
111762  -14.547  -80.956  -17.679 0.8000000119
4339  -14.589  -80.247  -18.404 0.8000000119
3283  -14.412  -82.459  -16.412 0.8999999762
1942  -13.254  -85.431  -17.286 0.8999999762
2381  -13.551  -84.387  -16.775 0.8999999762
2820  -13.517  -83.485  -16.723 0.8999999762
2834  -17.255  -83.032  -18.712 0.6999999881
1943  -13.778  -85.152  -17.564 0.8999999762
1950  -13.487  -85.796  -17.871 0.8999999762
2406  -14.811  -84.687  -18.591 0.8999999762
2162  -0.954  -84.925  -0.047 1.0000000000
2624  -2.225  -84.196  -0.320 0.8999999762
2174  -0.925  -84.888  -1.058 0.8999999762
116030  -2.716  -81.814  -2.836 0.8000000119
2207  -1.055  -84.980  -3.291 0.8999999762
3618  -2.586  -81.583  -3.850 0.8000000119
4162  -2.860  -79.426  -4.263 0.8000000119
2664  -0.336  -84.425  -2.978 1.0000000000
2647  0.125  -83.471  -2.667 1.0000000000
3597  0.307  -82.439  -2.215 1.0000000000
3598  0.253  -81.405  -1.917 1.0000000000
3617  0.460  -81.841  -3.478 0.8000000119
4125  0.222  -80.619  -2.522 0.8999999762
123047  0.233  -80.023  -3.084 0.8000000119
116794  -6.524  -79.041  -24.716 0.8000000119
5475  -6.514  -78.383  -24.845 0.6999999881
6001  -7.765  -77.876  -24.960 0.6999999881
6591  -7.946  -76.540  -23.575 0.6000000238
4363  -6.347  -80.772  -21.479 0.8999999762
6011  -7.527  -78.633  -25.266 0.8000000119
117764  -21.705  -77.633  -16.289 0.2000000030
5992  -8.350  -77.383  -24.044 0.6000000238
5931  -12.569  -77.415  -18.802 0.5000000000
5932  -13.295  -77.714  -18.565 0.5000000000
5915  -13.688  -77.213  -17.939 0.5000000000
112056  -21.748  -77.288  -17.174 0.2000000030
4940  -8.008  -79.336  -25.352 0.8999999762
5476  -8.173  -78.745  -25.221 0.8000000119
5956  -11.730  -78.024  -20.047 0.5000000000
5946  -12.110  -77.737  -19.374 0.5000000000
5468  -9.420  -78.516  -23.848 0.6999999881
129426  -9.692  -78.213  -22.990 0.6000000238
5985  -10.106  -77.706  -21.687 0.5000000000
129713  -10.965  -77.608  -20.405 0.5000000000
109777  -14.422  -77.636  -17.245 0.5000000000
5477  -8.925  -79.014  -24.736 0.8999999762
5459  -10.267  -78.361  -22.295 0.6000000238
4332  -15.061  -80.137  -17.354 0.6000000238
4879  -15.161  -79.186  -16.821 0.5000000000
4319  -15.354  -81.204  -16.019 0.8999999762
108915  -15.005  -80.794  -16.684 0.6999999881
2382  -14.276  -84.266  -16.759 0.8999999762
3282  -14.099  -83.132  -16.405 0.8999999762
3807  -15.127  -82.113  -15.990 0.8999999762
4333  -15.592  -80.198  -16.263 0.6000000238
5398  -15.448  -78.414  -16.280 0.5000000000
3835  -17.655  -81.666  -18.801 0.6000000238
2383  -14.866  -83.625  -16.448 0.8999999762
3285  -16.143  -82.356  -15.900 0.8999999762
3270  -15.828  -81.721  -15.733 0.8000000119
128077  -16.452  -80.281  -15.865 0.6000000238
2393  -15.091  -84.091  -17.154 0.8999999762
2407  -15.485  -84.301  -18.252 0.8999999762
2833  -16.643  -83.462  -18.091 0.6999999881
3307  -17.381  -82.260  -18.193 0.6000000238
2150  -1.295  -84.775  0.520 0.8999999762
3097  -2.659  -83.053  -0.814 0.6999999881
3575  -3.144  -82.038  -0.774 0.6999999881
4126  -2.761  -80.656  -3.000 0.6999999881
2636  -0.477  -84.567  -1.129 1.0000000000
3120  0.039  -83.591  -1.717 1.0000000000
3109  -0.038  -83.552  -0.778 1.0000000000
3108  0.222  -82.406  -1.362 1.0000000000
113374  0.144  -81.317  -1.054 1.0000000000
4679  -0.017  -79.256  -3.165 0.8000000119
5458  -6.386  -79.388  -22.361 0.8999999762
6610  -6.671  -77.185  -24.762 0.6000000238
6602  -7.024  -76.672  -24.692 0.6000000238
7163  -7.872  -75.845  -22.997 0.6000000238
5983  -8.697  -77.135  -22.918 0.6000000238
113152  -11.450  -77.346  -19.636 0.5000000000
7103  -12.290  -76.086  -18.186 0.5000000000
5911  -21.720  -76.756  -16.436 0.2000000030
6578  -8.466  -76.327  -22.394 0.6000000238
5984  -9.513  -77.612  -22.379 0.6000000238
6544  -9.825  -76.551  -20.769 0.5000000000
5945  -10.905  -76.866  -19.883 0.5000000000
6523  -10.824  -76.306  -19.491 0.5000000000
6476  -13.140  -76.363  -17.940 0.5000000000
6566  -9.139  -76.425  -21.528 0.5000000000
6477  -14.063  -76.540  -17.175 0.4000000060
6479  -21.844  -76.682  -17.356 0.2000000030
5908  -14.705  -77.084  -16.435 0.4000000060
5391  -15.003  -77.759  -16.407 0.5000000000
111495  -15.865  -79.202  -16.011 0.6000000238
5393  -16.547  -78.610  -16.172 0.6000000238
2832  -15.897  -83.813  -17.606 0.8999999762
2814  -15.657  -83.063  -16.165 0.8999999762
3286  -16.755  -82.130  -16.265 0.6999999881
4321  -16.674  -80.925  -15.973 0.6999999881
4874  -16.538  -79.592  -16.045 0.6000000238
3841  -17.707  -81.406  -20.100 0.6000000238
129331  -18.036  -80.179  -19.213 0.6000000238
4903  -18.037  -79.818  -20.473 0.5000000000
4340  -17.824  -80.722  -18.695 0.6000000238
115224  -18.212  -79.008  -20.074 0.5000000000
112152  -18.019  -78.166  -20.306 0.6000000238
5427  -18.080  -78.417  -19.379 0.5000000000
6547  -16.858  -76.698  -20.421 0.6000000238
6546  -16.177  -76.234  -20.872 0.6000000238
7150  -14.495  -75.357  -21.574 0.5000000000
7718  -14.722  -74.615  -20.964 0.6000000238
7149  -13.968  -74.875  -21.716 0.5000000000
116524  -2.119  -84.054  2.476 0.6999999881
2133  -1.459  -84.357  1.890 0.6999999881
2148  -0.790  -84.569  1.054 1.0000000000
2161  -0.789  -84.819  -0.392 1.0000000000
2623  -0.405  -84.485  -0.192 1.0000000000
3096  -0.170  -83.433  0.198 1.0000000000
3565  -0.094  -82.078  0.355 1.0000000000
3574  -0.055  -81.203  -0.242 1.0000000000
116806  -0.449  -80.337  0.720 1.0000000000
113793  -0.144  -80.547  -0.742 1.0000000000
4663  -0.424  -79.264  -1.575 0.8999999762
4649  -0.373  -79.774  -0.816 0.8999999762
113167  -0.398  -78.311  -3.231 0.6999999881
5457  -5.846  -78.525  -23.615 0.8000000119
7162  -7.474  -75.664  -23.872 0.6000000238
5991  -5.605  -77.643  -24.070 0.8000000119
115481  -6.499  -79.507  -21.220 0.8000000119
7157  -8.113  -75.469  -22.328 0.6000000238
6565  -8.674  -75.678  -21.660 0.6000000238
4899  -6.275  -79.521  -20.395 0.8999999762
125755  -6.344  -78.756  -21.579 0.8000000119
6501  -11.743  -76.342  -18.651 0.5000000000
124052  -6.457  -78.672  -20.732 0.8000000119
6545  -10.395  -76.339  -20.032 0.5000000000
7116  -10.462  -75.640  -19.397 0.5000000000
7102  -10.840  -75.372  -18.664 0.5000000000
7082  -11.580  -75.463  -18.124 0.5000000000
6463  -21.965  -76.105  -16.509 0.2000000030
7087  -22.562  -75.900  -16.992 0.1000000015
5436  -6.366  -78.590  -19.863 0.8000000119
7148  -9.251  -75.745  -20.928 0.5000000000
7701  -10.404  -74.818  -18.880 0.4000000060
7084  -13.504  -75.673  -17.241 0.4000000060
6457  -15.030  -75.956  -15.816 0.3000000119
7059  -14.480  -75.522  -16.050 0.3000000119
5382  -16.224  -77.811  -15.936 0.5000000000
5909  -15.358  -76.770  -15.853 0.4000000060
3306  -16.926  -82.842  -17.604 0.6999999881
3295  -17.207  -82.104  -17.105 0.6999999881
4322  -17.261  -80.795  -16.699 0.6999999881
126914  -17.026  -80.142  -16.276 0.6000000238
4875  -17.238  -79.213  -16.713 0.5000000000
120516  -16.774  -77.801  -16.287 0.5000000000
6458  -16.163  -76.497  -15.682 0.3000000119
7053  -15.664  -75.885  -15.618 0.3000000119
7052  -15.106  -75.178  -15.579 0.3000000119
117624  -17.746  -80.139  -17.970 0.6999999881
4880  -17.721  -79.407  -17.743 0.6000000238
5916  -17.573  -77.596  -17.403 0.5000000000
4884  -17.979  -79.732  -18.731 0.6000000238
116294  -17.832  -77.607  -19.507 0.6000000238
2591  -1.311  -83.757  3.877 0.6000000238
123861  -2.684  -83.478  2.899 0.6000000238
2576  -1.800  -83.443  5.071 0.5000000000
2602  -0.958  -84.061  2.268 0.8999999762
2610  -0.729  -84.031  1.736 1.0000000000
3072  -0.501  -83.094  1.651 1.0000000000
3553  -0.307  -81.870  1.255 1.0000000000
4075  -0.415  -80.857  1.141 1.0000000000
126861  -0.564  -79.058  -0.824 0.8999999762
4628  -0.513  -79.526  0.716 1.0000000000
5207  -0.705  -78.078  -2.377 0.6999999881
110498  -0.385  -78.868  -2.423 0.8000000119
116951  -5.696  -76.846  -24.277 0.6999999881
7190  -6.078  -76.027  -24.720 0.6000000238
7156  -7.646  -75.171  -23.038 0.6000000238
130797  -7.729  -74.039  -22.334 0.6999999881
7176  -6.469  -75.523  -24.833 0.6000000238
7732  -8.239  -74.283  -21.596 0.5000000000
6459  -21.631  -76.253  -15.503 0.2000000030
5969  -6.094  -77.809  -21.388 0.8000000119
6589  -5.288  -76.823  -23.660 0.8000000119
7175  -5.809  -75.415  -24.823 0.6000000238
7131  -8.803  -74.982  -21.196 0.5000000000
7083  -12.608  -75.551  -17.656 0.4000000060
5968  -5.395  -77.317  -22.628 0.8000000119
7716  -9.316  -74.164  -19.946 0.5000000000
7690  -10.895  -74.791  -18.206 0.4000000060
8278  -11.157  -73.855  -17.283 0.4000000060
7681  -12.129  -74.819  -17.334 0.4000000060
7063  -22.411  -75.470  -16.124 0.1000000015
5423  -5.385  -78.828  -19.197 0.8000000119
6543  -6.132  -76.980  -20.571 0.8000000119
7132  -9.320  -74.968  -20.427 0.5000000000
7688  -9.946  -73.957  -19.139 0.4000000060
8277  -10.646  -73.564  -17.743 0.5000000000
7057  -13.045  -74.919  -17.028 0.4000000060
5930  -6.056  -77.712  -18.749 0.8000000119
6522  -6.463  -77.008  -19.600 0.8000000119
8289  -9.578  -73.060  -18.930 0.5000000000
115403  -13.321  -74.532  -16.166 0.3000000119
109045  -15.315  -73.642  -15.228 0.2000000030
6462  -17.180  -76.504  -16.485 0.3000000119
7054  -16.498  -75.617  -15.689 0.3000000119
5934  -17.862  -77.853  -18.439 0.5000000000
110109  -17.593  -77.029  -18.027 0.5000000000
6478  -17.481  -76.751  -17.231 0.5000000000
7061  -17.341  -75.104  -16.654 0.5000000000
5957  -17.117  -77.255  -20.985 0.6000000238
7136  -16.384  -75.991  -20.099 0.6000000238
7719  -15.434  -74.945  -20.313 0.6000000238
7717  -14.112  -74.017  -21.286 0.5000000000
7733  -13.083  -73.988  -22.224 0.5000000000
8333  -12.042  -72.853  -22.302 0.3000000119
8334  -12.864  -73.198  -21.986 0.3000000119
2590  -0.873  -83.522  3.913 0.8000000119
3031  -0.588  -83.201  4.681 0.8999999762
3061  -0.722  -83.384  2.659 1.0000000000
3045  -0.643  -83.155  3.641 0.8999999762
3522  -0.364  -82.276  4.005 1.0000000000
4054  -0.162  -81.061  3.601 1.0000000000
3536  -0.475  -82.254  2.274 1.0000000000
4065  -0.438  -81.030  1.965 1.0000000000
4596  -0.178  -80.177  3.273 1.0000000000
4601  -0.294  -79.580  2.559 1.0000000000
123403  -0.440  -80.127  2.027 1.0000000000
113608  -0.439  -79.453  1.643 1.0000000000
5183  -0.688  -78.484  -0.418 0.8999999762
5150  -0.461  -78.709  1.241 1.0000000000
5733  -0.897  -77.898  -1.635 0.6000000238
5196  -0.709  -78.511  -1.180 0.6999999881
8363  -7.258  -73.662  -24.007 0.6999999881
8970  -7.457  -72.537  -22.733 0.6999999881
9569  -7.563  -71.819  -21.976 0.5000000000
118711  -7.255  -74.373  -24.142 0.6000000238
9554  -8.044  -71.773  -20.480 0.5000000000
10164  -8.167  -70.721  -19.327 0.4000000060
124436  -8.375  -73.627  -21.099 0.6000000238
7062  -21.957  -75.631  -15.648 0.1000000015
7155  -4.972  -75.661  -23.560 0.8000000119
7161  -5.434  -76.001  -24.222 0.6000000238
8937  -8.381  -72.454  -20.374 0.5000000000
9532  -8.440  -71.864  -19.843 0.5000000000
8910  -9.276  -72.302  -18.695 0.5000000000
7653  -11.758  -74.142  -16.909 0.3000000119
7633  -12.871  -73.941  -15.787 0.2000000030
5408  -4.712  -78.078  -18.640 0.8999999762
6564  -5.508  -76.793  -21.674 0.8000000119
7147  -4.950  -75.595  -22.561 0.6999999881
8903  -10.242  -72.693  -17.593 0.4000000060
8888  -11.083  -72.895  -16.386 0.2000000030
6542  -5.611  -76.133  -20.954 0.8000000119
8911  -9.766  -72.657  -18.296 0.4000000060
9500  -10.435  -71.745  -16.268 0.1000000015
8244  -14.570  -72.901  -14.797 0.2000000030
8870  -15.489  -72.734  -15.154 0.2000000030
8246  -16.691  -73.747  -15.838 0.2000000030
8245  -16.120  -73.208  -15.510 0.2000000030
6527  -17.329  -76.906  -19.612 0.6000000238
6504  -17.153  -76.373  -18.871 0.6000000238
7104  -16.972  -75.557  -18.456 0.5000000000
7692  -16.956  -74.656  -18.151 0.3000000119
7656  -17.150  -74.382  -16.215 0.3000000119
8905  -16.039  -72.330  -16.796 0.2000000030
8889  -15.435  -71.728  -16.160 0.2000000030
7704  -16.466  -75.006  -18.997 0.4000000060
7691  -16.406  -74.111  -18.760 0.3000000119
8292  -16.199  -73.244  -18.420 0.2000000030
8914  -15.731  -72.537  -17.930 0.2000000030
9522  -14.230  -71.528  -17.938 0.2000000030
9510  -13.461  -71.005  -17.377 0.2000000030
7118  -16.630  -75.771  -19.300 0.6000000238
8306  -15.710  -73.653  -19.323 0.3000000119
8913  -14.886  -72.130  -18.474 0.2000000030
9521  -13.266  -71.257  -18.359 0.2000000030
7702  -15.237  -74.106  -20.121 0.5000000000
8304  -14.305  -72.809  -20.215 0.3000000119
8924  -14.580  -72.467  -19.394 0.3000000119
8912  -14.031  -71.774  -18.924 0.3000000119
8320  -13.982  -73.173  -20.961 0.4000000060
8319  -13.280  -72.783  -21.297 0.2000000030
8938  -11.976  -71.795  -21.275 0.1000000015
8959  -11.739  -72.085  -22.021 0.2000000030
3493  -1.108  -82.366  6.788 0.4000000060
4538  -1.097  -80.556  8.364 0.5000000000
2565  -1.272  -83.372  5.578 0.5000000000
3009  -0.659  -82.484  6.699 0.8000000119
3479  -0.817  -81.722  7.430 0.5000000000
3994  -0.902  -80.552  8.477 0.6000000238
3502  -0.308  -82.790  6.179 0.8000000119
4004  -0.302  -81.058  7.909 0.6000000238
4522  -0.511  -80.061  8.921 0.6999999881
4509  -0.733  -79.639  9.493 0.6000000238
4046  0.047  -81.549  4.664 1.0000000000
3501  0.103  -81.993  5.831 1.0000000000
4053  0.171  -80.356  4.134 1.0000000000
4595  0.011  -79.455  3.457 1.0000000000
5142  -0.288  -78.753  2.061 1.0000000000
5131  0.235  -78.614  3.663 1.0000000000
116659  -0.572  -77.965  0.947 0.8999999762
113539  -0.324  -78.061  1.747 1.0000000000
5720  -1.454  -77.076  -0.506 0.6999999881
5719  -0.967  -77.806  -0.834 0.6999999881
8979  -7.184  -72.089  -23.983 0.6999999881
9577  -7.334  -71.529  -23.095 0.6000000238
111048  -7.407  -70.919  -22.298 0.5000000000
8992  -6.830  -72.904  -24.777 0.6999999881
9553  -7.675  -71.223  -21.142 0.5000000000
10182  -7.655  -70.479  -20.701 0.5000000000
10881  -7.661  -69.329  -19.759 0.3000000119
7778  -6.457  -74.662  -25.066 0.6000000238
118205  -8.261  -69.625  -18.515 0.3000000119
10853  -8.557  -69.203  -17.932 0.2000000030
7174  -5.175  -75.063  -24.402 0.6999999881
9518  -8.604  -71.194  -18.800 0.3000000119
10128  -8.680  -70.089  -17.918 0.3000000119
7742  -4.666  -75.009  -23.006 0.6000000238
10146  -8.921  -71.029  -17.993 0.4000000060
8242  -11.690  -72.985  -15.748 0.2000000030
5929  -5.367  -77.617  -18.440 0.8000000119
9509  -9.984  -71.896  -17.012 0.4000000060
8867  -11.016  -72.318  -15.933 0.1000000015
8243  -12.500  -73.342  -15.504 0.2000000030
109015  -6.474  -77.047  -18.870 0.8000000119
7130  -6.325  -76.208  -19.938 0.8000000119
112385  -5.223  -75.229  -21.581 0.6999999881
9485  -11.609  -71.578  -14.821 0.1000000015
8868  -12.584  -72.545  -14.916 0.2000000030
9484  -10.961  -71.516  -15.440 0.1000000015
10087  -11.813  -70.509  -14.113 0.1000000015
9520  -12.345  -70.934  -18.808 0.2000000030
8321  -14.594  -73.648  -20.586 0.4000000060
9536  -13.151  -71.486  -19.314 0.2000000030
8940  -13.588  -72.416  -20.566 0.4000000060
8922  -12.997  -71.768  -20.150 0.3000000119
9555  -12.118  -71.500  -20.506 0.1000000015
8939  -12.818  -72.071  -20.931 0.1000000015
108229  -11.354  -71.100  -20.894 0.1000000015
10203  -11.033  -70.540  -21.479 0.1000000015
3492  -0.068  -82.138  6.811 0.8000000119
4537  0.104  -80.621  7.854 0.6999999881
113392  0.356  -80.357  6.964 0.8000000119
4521  0.206  -79.757  8.251 1.0000000000
110300  0.314  -80.997  6.244 1.0000000000
4572  0.433  -80.009  5.223 1.0000000000
4555  0.468  -79.265  6.636 1.0000000000
113632  0.482  -79.051  5.087 1.0000000000
5121  0.540  -78.105  4.937 1.0000000000
5671  0.422  -77.304  4.794 1.0000000000
5691  0.032  -77.926  3.082 1.0000000000
6279  -1.726  -76.299  -0.210 0.6000000238
6269  -0.966  -77.346  0.837 0.8999999762
5699  -0.745  -77.442  1.536 0.8999999762
10202  -7.495  -70.264  -21.605 0.5000000000
10891  -7.578  -69.558  -20.841 0.4000000060
12247  -8.007  -67.921  -19.715 0.3000000119
9587  -7.159  -71.192  -24.103 0.6000000238
11561  -8.147  -68.833  -18.591 0.3000000119
120158  -8.546  -67.517  -18.378 0.1000000015
117108  -8.939  -67.780  -17.626 0.1000000015
117924  -6.183  -73.028  -25.299 0.6999999881
9598  -6.787  -71.711  -24.639 0.6999999881
12218  -9.925  -67.369  -16.724 0.1000000015
117223  -10.198  -67.834  -16.216 0.1000000015
10129  -9.125  -70.484  -17.377 0.2000000030
10854  -9.059  -69.676  -17.299 0.2000000030
11532  -10.098  -68.664  -16.154 0.1000000015
109551  -3.461  -75.410  -19.917 0.8000000119
6521  -3.510  -76.435  -19.400 0.8999999762
7759  -4.231  -73.815  -23.935 0.6999999881
8362  -3.848  -72.981  -24.017 0.6999999881
10115  -9.654  -70.356  -16.584 0.2000000030
113425  -10.602  -69.005  -15.321 0.1000000015
6498  -5.089  -76.933  -18.151 0.8000000119
6475  -6.164  -76.070  -18.128 0.8000000119
7730  -4.760  -74.618  -22.292 0.6000000238
7741  -4.356  -74.242  -23.135 0.6999999881
123180  -9.907  -71.257  -16.576 0.3000000119
10116  -10.284  -70.307  -15.860 0.1000000015
7129  -5.839  -75.404  -20.390 0.6999999881
114421  -5.100  -74.290  -21.428 0.6999999881
10100  -10.751  -70.670  -15.329 0.1000000015
10088  -12.687  -70.699  -13.937 0.1000000015
9486  -12.179  -71.848  -14.630 0.1000000015
118638  -6.509  -75.892  -18.473 0.8000000119
10080  -12.340  -69.960  -13.730 0.1000000015
124912  0.496  -77.483  6.521 1.0000000000
5657  0.502  -77.572  5.683 1.0000000000
6198  0.421  -77.002  7.177 1.0000000000
6208  0.257  -76.689  5.245 1.0000000000
5681  -0.125  -77.108  3.304 1.0000000000
6224  -0.032  -76.732  4.265 1.0000000000
6894  -1.610  -76.149  0.650 0.5000000000
6261  -1.238  -76.701  1.278 0.6000000238
125074  -0.882  -76.925  1.999 0.8000000119
10923  -7.333  -70.035  -22.677 0.5000000000
10216  -7.249  -70.672  -23.381 0.6000000238
119825  -7.721  -68.804  -21.527 0.4000000060
113165  -8.369  -67.365  -19.205 0.3000000119
12922  -9.260  -66.341  -18.415 0.1000000015
12914  -9.568  -66.458  -17.652 0.1000000015
12915  -10.144  -65.954  -17.300 0.1000000015
12909  -11.247  -65.849  -15.834 0.1000000015
7712  -2.492  -73.648  -20.766 0.8000000119
9595  -5.223  -72.058  -24.904 0.6000000238
122813  -6.100  -70.773  -24.615 0.6000000238
11511  -10.481  -68.256  -15.639 0.1000000015
12897  -11.066  -66.681  -15.516 0.1000000015
12898  -11.789  -66.029  -15.105 0.1000000015
110921  -3.449  -74.964  -19.111 0.8999999762
9585  -4.525  -71.626  -24.477 0.6000000238
122959  -4.952  -70.702  -24.255 0.6000000238
11512  -11.159  -68.911  -14.480 0.1000000015
12202  -11.245  -67.436  -14.804 0.1000000015
12877  -12.329  -66.521  -14.371 0.1000000015
12159  -12.146  -67.866  -13.844 0.1000000015
7100  -3.728  -75.839  -18.619 0.8000000119
8969  -3.659  -72.513  -23.275 0.6999999881
119936  -3.774  -72.165  -22.397 0.6000000238
10804  -11.536  -69.646  -14.089 0.1000000015
11484  -12.249  -68.605  -13.674 0.1000000015
8330  -4.985  -73.610  -21.280 0.6999999881
8935  -4.364  -72.368  -21.434 0.6999999881
11485  -13.110  -68.649  -13.767 0.1000000015
116523  -13.568  -70.070  -14.086 0.1000000015
7114  -6.421  -75.439  -19.438 0.6999999881
8318  -5.476  -73.904  -20.443 0.6999999881
111305  -5.660  -73.165  -19.794 0.6999999881
11513  -13.688  -68.265  -14.601 0.1000000015
112098  -0.803  -76.729  2.715 1.0000000000
6240  -0.727  -76.429  3.544 1.0000000000
116939  -1.638  -75.508  0.109 0.4000000060
6252  -1.295  -76.305  2.133 0.6999999881
121211  -8.156  -67.888  -20.572 0.4000000060
13653  -9.619  -65.858  -19.010 0.1000000015
14345  -10.929  -64.859  -18.198 0.1000000015
129457  -11.850  -64.531  -16.609 0.1000000015
14333  -12.784  -63.960  -16.401 0.1000000015
109755  -14.113  -63.856  -15.820 0.1000000015
11591  -7.829  -68.551  -22.428 0.4000000060
12248  -8.445  -67.395  -20.103 0.3000000119
13638  -9.792  -65.793  -18.097 0.1000000015
13631  -11.059  -64.907  -17.258 0.1000000015
13622  -11.161  -65.273  -16.451 0.1000000015
14324  -12.484  -64.574  -15.687 0.1000000015
14325  -13.296  -64.069  -15.616 0.1000000015
14326  -14.875  -64.512  -15.352 0.1000000015
10225  -6.602  -70.375  -24.157 0.6000000238
114764  -7.287  -69.171  -22.792 0.5000000000
8317  -2.162  -72.878  -20.395 0.8000000119
8908  -2.417  -71.982  -19.212 0.8000000119
111866  -5.821  -70.100  -24.063 0.5000000000
13608  -12.393  -65.349  -15.087 0.1000000015
130510  -14.514  -64.970  -14.482 0.1000000015
13610  -15.302  -65.254  -14.485 0.1000000015
117545  -17.279  -65.785  -15.270 0.1000000015
7698  -2.835  -73.360  -20.221 0.8000000119
13590  -12.949  -65.749  -14.381 0.1000000015
13592  -14.736  -65.596  -13.955 0.1000000015
13594  -17.158  -66.422  -14.329 0.1000000015
7699  -3.274  -74.043  -19.521 0.8000000119
12879  -14.117  -66.177  -13.883 0.1000000015
10224  -4.151  -70.340  -23.426 0.5000000000
9576  -3.543  -71.520  -23.117 0.6000000238
11493  -13.423  -68.216  -14.163 0.1000000015
129016  -15.116  -67.362  -14.295 0.1000000015
7079  -5.127  -75.603  -17.620 0.8000000119
7081  -6.415  -75.394  -18.038 0.8000000119
7687  -6.558  -74.672  -18.192 0.8000000119
12205  -15.275  -67.689  -15.203 0.1000000015
9552  -5.054  -72.226  -20.466 0.6000000238
12223  -15.907  -67.874  -16.242 0.1000000015
12220  -13.902  -67.865  -15.326 0.1000000015
12230  -14.568  -67.560  -16.996 0.1000000015
8300  -6.103  -73.929  -19.360 0.8000000119
11534  -16.556  -68.304  -16.874 0.1000000015
12232  -15.950  -67.990  -17.336 0.1000000015
6740  -1.644  -75.450  13.005 0.4000000060
7338  -1.690  -74.267  13.015 0.5000000000
7337  -1.223  -74.029  12.138 0.6999999881
6739  -1.009  -76.058  12.331 0.6000000238
6755  -0.926  -75.243  11.882 0.6999999881
7351  -0.925  -74.646  11.298 0.8000000119
6199  0.165  -76.097  6.700 1.0000000000
6225  -0.312  -76.084  4.943 1.0000000000
129959  -1.518  -75.444  0.853 0.5000000000
6888  -1.527  -75.858  1.470 0.6000000238
14362  -10.917  -64.992  -19.196 0.1000000015
14346  -11.670  -64.447  -17.753 0.1000000015
14347  -12.520  -64.039  -17.407 0.1000000015
14334  -14.184  -63.660  -16.788 0.1000000015
12264  -8.250  -68.115  -21.727 0.4000000060
12257  -8.720  -67.555  -21.215 0.4000000060
110261  -10.352  -65.600  -19.861 0.1000000015
128866  -15.554  -64.574  -16.212 0.1000000015
11592  -8.334  -67.938  -22.806 0.4000000060
12265  -8.869  -67.504  -22.369 0.4000000060
8285  -2.968  -72.802  -18.880 0.8000000119
112280  -6.857  -69.334  -23.180 0.5000000000
8286  -3.224  -73.676  -18.530 0.8999999762
10938  -4.993  -69.885  -23.487 0.5000000000
13593  -16.319  -66.398  -13.838 0.1000000015
7686  -3.463  -74.522  -18.348 0.8999999762
8275  -3.517  -74.037  -17.469 0.8000000119
10922  -4.283  -69.548  -22.835 0.5000000000
12179  -14.580  -66.895  -14.033 0.1000000015
12162  -16.963  -67.229  -13.696 0.1000000015
7675  -3.876  -74.826  -17.656 0.8000000119
7651  -4.506  -74.206  -16.897 0.8000000119
116356  -3.633  -70.765  -23.137 0.5000000000
125035  -15.719  -67.532  -14.272 0.1000000015
12181  -16.440  -67.466  -13.869 0.1000000015
11495  -17.762  -68.327  -14.342 0.1000000015
116035  -5.453  -75.055  -17.390 0.8000000119
7678  -6.113  -74.678  -17.579 0.8000000119
10201  -3.523  -70.621  -21.737 0.5000000000
11514  -16.718  -68.304  -15.740 0.1000000015
11494  -16.965  -68.162  -14.537 0.1000000015
8287  -6.151  -73.204  -18.671 0.8000000119
126375  -5.027  -71.510  -19.970 0.6999999881
10838  -17.962  -69.419  -16.303 0.1000000015
8920  -5.551  -72.349  -19.477 0.8000000119
10857  -18.411  -70.014  -16.992 0.1000000015
11552  -16.956  -68.817  -17.347 0.1000000015
10121  -20.609  -70.704  -16.493 0.1000000015
10133  -18.128  -70.164  -17.909 0.1000000015
10122  -21.573  -70.724  -16.582 0.1000000015
123341  -2.294  -73.967  13.309 0.4000000060
7340  -2.769  -74.470  13.113 0.4000000060
7922  -2.021  -73.490  13.232 0.6000000238
7921  -1.704  -73.220  12.784 0.6999999881
7920  -1.391  -72.947  12.184 0.8000000119
7363  -0.875  -74.479  10.418 0.8999999762
7942  -1.107  -73.082  11.269 0.8000000119
130426  -1.037  -73.982  11.078 0.8999999762
6780  -0.644  -74.996  9.685 1.0000000000
7378  -0.923  -74.150  9.505 1.0000000000
117073  -0.261  -75.601  8.064 1.0000000000
6806  -0.244  -75.441  7.235 1.0000000000
6209  0.021  -76.037  5.792 1.0000000000
128079  -0.669  -76.118  4.243 1.0000000000
6877  -1.283  -76.037  2.961 0.8000000119
6867  -1.178  -75.731  3.788 1.0000000000
6878  -1.513  -75.499  2.297 0.6999999881
14383  -12.311  -64.503  -19.611 0.1000000015
14363  -11.591  -64.582  -18.783 0.1000000015
14365  -13.211  -63.814  -18.210 0.1000000015
12956  -9.786  -66.588  -21.701 0.2000000030
13667  -10.273  -65.950  -21.166 0.2000000030
13654  -11.130  -65.167  -20.241 0.1000000015
13686  -10.679  -65.408  -22.019 0.2000000030
13669  -11.311  -65.093  -21.380 0.2000000030
14398  -12.631  -64.594  -20.806 0.1000000015
12281  -6.632  -68.302  -23.062 0.5000000000
12272  -7.888  -67.578  -23.126 0.4000000060
113225  -8.357  -66.624  -23.102 0.3000000119
13624  -16.822  -65.269  -15.819 0.1000000015
120241  -2.866  -72.398  -18.292 0.8999999762
11614  -5.598  -68.837  -22.837 0.5000000000
119762  -18.278  -67.410  -14.324 0.1000000015
11602  -5.052  -68.327  -22.733 0.5000000000
12269  -5.171  -67.576  -22.414 0.4000000060
115125  -18.219  -68.024  -14.151 0.1000000015
12183  -18.942  -67.989  -14.342 0.1000000015
8259  -3.278  -73.301  -16.876 0.8999999762
10921  -3.491  -69.125  -22.203 0.5000000000
124454  -4.636  -68.049  -22.395 0.5000000000
10807  -19.128  -69.171  -14.860 0.1000000015
8276  -5.833  -73.795  -17.199 0.8000000119
113123  -3.181  -69.184  -21.476 0.5000000000
10819  -18.286  -69.364  -15.600 0.1000000015
9530  -4.389  -70.830  -20.451 0.5000000000
10181  -3.587  -70.218  -21.067 0.5000000000
10821  -19.676  -69.705  -15.364 0.1000000015
8909  -5.802  -72.274  -18.340 0.8000000119
10161  -4.217  -70.066  -20.138 0.5000000000
10103  -20.188  -70.248  -15.872 0.1000000015
10162  -4.954  -70.683  -19.479 0.6000000238
10104  -21.091  -70.399  -15.804 0.1000000015
10106  -22.530  -70.318  -16.372 0.1000000015
10841  -23.243  -69.691  -16.293 0.1000000015
8530  -1.979  -72.595  12.804 0.4000000060
8539  -1.296  -72.251  11.746 0.6999999881
9161  -1.973  -71.770  12.183 0.5000000000
119380  -1.005  -73.615  10.281 1.0000000000
7388  -0.730  -74.621  8.887 1.0000000000
7399  -0.656  -74.688  7.915 1.0000000000
6822  -0.372  -75.427  6.333 1.0000000000
6837  -0.673  -75.476  5.475 1.0000000000
6838  -1.365  -74.892  5.120 1.0000000000
7440  -1.773  -74.160  4.732 0.8000000119
6857  -1.565  -74.889  4.129 0.8000000119
7451  -1.662  -74.291  3.284 0.8000000119
14384  -13.250  -64.361  -20.021 0.1000000015
14428  -9.797  -64.960  -22.623 0.3000000119
10143  -1.963  -70.564  -18.527 0.8999999762
13704  -8.146  -65.575  -22.870 0.4000000060
13705  -9.084  -65.957  -22.991 0.3000000119
14414  -9.317  -64.384  -22.369 0.3000000119
14415  -11.209  -64.705  -22.214 0.2000000030
110574  -2.560  -71.575  -18.206 0.8999999762
12973  -6.397  -66.611  -22.555 0.4000000060
13684  -7.132  -65.220  -22.217 0.4000000060
13683  -5.831  -66.115  -21.865 0.4000000060
110869  -6.214  -65.487  -21.502 0.4000000060
11497  -19.474  -68.604  -14.498 0.1000000015
118952  -3.852  -73.741  -16.675 0.8000000119
8260  -4.562  -73.609  -16.474 0.8000000119
12953  -4.827  -67.044  -21.044 0.4000000060
12954  -5.376  -66.537  -21.382 0.4000000060
12186  -21.777  -68.026  -13.745 0.1000000015
12164  -22.179  -67.209  -13.481 0.1000000015
8261  -5.331  -73.346  -16.640 0.8000000119
12262  -4.161  -67.725  -21.349 0.5000000000
10808  -20.011  -69.256  -14.798 0.1000000015
11499  -21.355  -68.724  -14.190 0.1000000015
12187  -22.732  -67.990  -13.824 0.1000000015
130796  -6.114  -73.393  -17.484 0.8000000119
10180  -3.527  -69.363  -20.720 0.5000000000
12256  -3.676  -67.839  -20.797 0.4000000060
10822  -20.557  -69.858  -15.247 0.1000000015
10810  -21.906  -69.405  -14.619 0.1000000015
11500  -22.322  -68.728  -14.185 0.1000000015
9531  -5.458  -71.500  -18.991 0.6999999881
127340  -22.291  -69.859  -15.153 0.1000000015
10811  -22.911  -69.374  -14.768 0.1000000015
10825  -23.529  -69.320  -15.458 0.1000000015
123066  -4.695  -69.898  -19.403 0.5000000000
11517  -24.039  -68.507  -15.475 0.1000000015
12207  -23.951  -67.983  -16.234 0.1000000015
123588  -24.112  -67.195  -16.278 0.1000000015
9173  -1.187  -71.522  11.357 0.8000000119
9808  -1.776  -71.248  11.704 0.5000000000
9835  -2.095  -70.279  11.039 0.5000000000
112858  -0.981  -72.694  10.251 1.0000000000
7955  -1.089  -73.209  9.322 1.0000000000
117378  -0.996  -73.940  8.620 1.0000000000
7969  -1.289  -73.180  8.382 1.0000000000
7400  -1.065  -74.179  7.217 1.0000000000
8574  -1.157  -72.448  8.796 1.0000000000
7978  -1.176  -73.760  7.801 1.0000000000
7429  -0.986  -74.801  5.977 1.0000000000
8575  -1.392  -72.568  8.116 1.0000000000
7979  -1.495  -73.546  7.048 1.0000000000
7416  -1.329  -74.148  6.487 1.0000000000
7995  -1.838  -73.297  6.153 0.8999999762
7430  -1.590  -74.140  5.614 1.0000000000
10850  -1.118  -69.178  -18.014 0.8000000119
10831  -1.277  -68.503  -17.440 1.0000000000
112313  -12.711  -64.367  -21.743 0.2000000030
14400  -14.597  -64.361  -20.975 0.1000000015
10125  -1.477  -69.872  -18.350 0.8000000119
15207  -9.744  -63.755  -21.887 0.2000000030
15219  -10.229  -64.330  -22.488 0.2000000030
123697  -11.851  -64.083  -22.338 0.2000000030
9498  -2.487  -71.322  -16.292 0.8999999762
15206  -8.804  -63.854  -21.430 0.4000000060
111018  -2.615  -71.979  -16.794 0.8999999762
15204  -7.120  -64.405  -20.549 0.4000000060
14412  -7.484  -64.618  -21.531 0.4000000060
8885  -3.005  -72.713  -16.299 0.8999999762
8241  -4.008  -73.217  -15.997 0.8999999762
8886  -4.837  -72.991  -16.083 0.8000000119
14410  -5.959  -65.217  -20.657 0.4000000060
120079  -4.989  -66.312  -20.692 0.4000000060
12952  -4.118  -67.106  -20.618 0.4000000060
8900  -5.745  -72.195  -17.313 0.8000000119
13666  -4.863  -65.870  -20.203 0.4000000060
12188  -23.652  -67.870  -14.255 0.1000000015
12166  -24.004  -66.956  -13.936 0.1000000015
120584  -5.575  -71.458  -18.025 0.8000000119
12246  -3.455  -67.898  -20.185 0.5000000000
12189  -24.342  -67.341  -14.634 0.1000000015
128825  -5.366  -70.868  -18.609 0.6999999881
11571  -4.173  -68.652  -19.435 0.5000000000
11501  -23.655  -68.710  -14.791 0.1000000015
9820  -1.231  -70.874  11.068 0.8000000119
9185  -0.921  -71.217  10.736 0.8999999762
108378  -2.125  -69.850  10.576 0.5000000000
129789  -1.422  -69.947  10.748 0.6000000238
10525  -1.894  -69.309  9.969 0.5000000000
127134  -0.967  -72.349  9.544 1.0000000000
9209  -1.173  -71.753  8.256 1.0000000000
8587  -1.529  -72.315  7.543 0.8999999762
16002  -14.125  -62.650  -22.264 0.1000000015
11527  -1.257  -67.737  -16.733 1.0000000000
11529  -1.763  -68.237  -16.984 1.0000000000
16000  -11.990  -62.514  -22.105 0.1000000015
15210  -13.563  -63.450  -22.214 0.1000000015
16009  -11.416  -63.031  -22.306 0.1000000015
15220  -11.417  -63.683  -22.453 0.2000000030
10112  -2.390  -70.270  -17.058 0.8999999762
15195  -9.273  -63.277  -20.767 0.3000000119
15998  -10.119  -63.033  -21.163 0.1000000015
15193  -7.611  -63.782  -20.063 0.3000000119
8863  -2.738  -72.181  -15.562 0.8999999762
8864  -3.420  -72.700  -15.537 0.8000000119
14396  -6.405  -64.763  -20.254 0.4000000060
8865  -4.326  -72.664  -15.455 0.8000000119
9499  -5.510  -71.681  -16.369 0.8000000119
14409  -5.415  -65.409  -20.135 0.4000000060
14380  -4.972  -65.033  -19.163 0.3000000119
9507  -5.599  -71.332  -17.216 0.8000000119
10127  -5.430  -70.587  -17.795 0.6000000238
14379  -4.424  -65.311  -19.203 0.3000000119
12919  -3.467  -66.418  -19.280 0.4000000060
12208  -24.375  -67.576  -15.450 0.1000000015
9196  -0.743  -70.847  10.089 0.8999999762
9834  -0.909  -70.382  10.639 0.8999999762
10524  -1.240  -69.154  9.913 0.8999999762
114359  -0.856  -71.530  9.268 0.8999999762
10545  -2.329  -68.845  8.022 0.6999999881
10560  -2.824  -69.202  6.916 0.6999999881
9223  -0.814  -70.784  8.047 0.8999999762
11508  -0.795  -68.041  -16.064 0.8000000119
126036  -13.320  -62.449  -22.250 0.1000000015
16781  -13.619  -61.587  -21.967 0.1000000015
10851  -1.838  -69.338  -17.701 0.8999999762
10814  -2.273  -68.883  -16.061 0.8999999762
16778  -11.135  -61.808  -20.975 0.1000000015
16780  -12.629  -61.784  -21.862 0.1000000015
10832  -2.346  -69.635  -16.547 0.8999999762
118853  -2.364  -70.081  -15.186 0.8999999762
10085  -2.535  -71.074  -14.702 0.8999999762
16764  -9.547  -62.420  -20.372 0.1000000015
16765  -10.730  -61.380  -20.406 0.1000000015
10097  -2.421  -70.697  -15.797 0.8999999762
8854  -2.809  -71.820  -14.681 0.8999999762
9466  -3.235  -71.867  -14.326 0.8000000119
15989  -8.860  -62.785  -19.964 0.3000000119
9467  -4.114  -71.703  -14.286 0.8000000119
15181  -6.627  -63.793  -19.026 0.2000000030
126544  -5.395  -70.949  -15.805 0.8000000119
15158  -5.453  -63.833  -18.378 0.2000000030
10114  -5.528  -70.732  -16.724 0.6999999881
14361  -4.568  -64.784  -18.687 0.3000000119
10833  -5.423  -69.816  -17.201 0.6000000238
124085  -3.673  -67.497  -18.972 0.5000000000
13637  -3.526  -65.522  -18.292 0.3000000119
11559  -4.348  -68.191  -18.724 0.5000000000
12920  -3.485  -66.825  -18.723 0.4000000060
12237  -4.106  -67.369  -18.273 0.5000000000
9844  -0.691  -69.913  10.091 0.8999999762
9208  -0.641  -70.444  9.438 0.8000000119
11235  -1.361  -68.666  9.282 0.8000000119
111699  -2.238  -68.167  7.270 0.8000000119
127892  -2.632  -68.477  6.461 0.8000000119
11942  -3.050  -67.934  4.963 0.8000000119
12842  -0.578  -66.716  -12.852 0.8999999762
12852  -1.267  -66.048  -14.336 0.8999999762
12851  -0.775  -66.760  -13.824 0.8999999762
12869  -1.136  -66.847  -14.701 1.0000000000
12870  -1.584  -66.360  -14.798 1.0000000000
12197  -1.144  -67.419  -16.095 0.8999999762
116789  -1.224  -67.326  -15.530 1.0000000000
113872  -1.752  -67.091  -15.308 1.0000000000
16768  -13.131  -60.918  -21.238 0.1000000015
16782  -14.600  -61.735  -22.080 0.1000000015
11509  -1.876  -68.017  -16.307 1.0000000000
110107  -2.270  -68.340  -15.279 1.0000000000
17560  -11.084  -60.963  -20.217 0.1000000015
16766  -11.359  -61.110  -20.823 0.1000000015
10802  -2.379  -69.377  -14.605 0.8999999762
16750  -10.336  -61.269  -19.762 0.2000000030
124340  -2.429  -68.738  -14.178 1.0000000000
9453  -2.896  -71.335  -13.969 0.8999999762
9454  -3.426  -71.333  -13.711 0.8999999762
15977  -7.891  -62.667  -19.063 0.2000000030
111407  -7.217  -63.131  -18.819 0.2000000030
10098  -5.006  -71.033  -14.839 0.8000000119
10113  -5.412  -70.025  -16.099 0.8000000119
15976  -6.050  -63.586  -18.586 0.2000000030
15961  -5.817  -63.136  -17.959 0.2000000030
110118  -5.309  -69.037  -16.702 0.6000000238
15157  -4.718  -64.181  -18.051 0.2000000030
125870  -4.043  -64.592  -18.182 0.3000000119
10852  -5.080  -68.847  -17.839 0.6000000238
12913  -3.798  -66.522  -17.767 0.4000000060
122275  -3.472  -65.675  -17.689 0.3000000119
10533  -0.520  -68.968  8.987 0.8999999762
11234  -0.913  -68.634  9.268 0.8999999762
9854  -0.512  -70.025  8.807 0.8000000119
11261  -1.713  -68.004  7.925 0.8000000119
11273  -2.116  -67.496  6.604 0.8000000119
11979  -4.333  -68.111  3.843 0.6999999881
11980  -5.009  -67.522  3.310 0.8000000119
11941  -2.301  -67.220  5.696 0.8999999762
11956  -3.414  -67.622  4.222 0.8000000119
12686  -7.150  -66.332  2.704 0.5000000000
13390  -8.169  -65.379  2.808 0.5000000000
14119  -9.233  -64.530  3.338 0.5000000000
13568  -1.312  -65.461  -13.753 1.0000000000
13586  -1.952  -65.172  -14.736 1.0000000000
13587  -2.512  -65.096  -14.595 1.0000000000
12871  -2.215  -65.952  -15.002 1.0000000000
16769  -14.236  -60.753  -21.444 0.1000000015
17586  -15.044  -60.957  -21.793 0.1000000015
11490  -2.373  -67.758  -14.663 1.0000000000
17575  -12.694  -60.761  -20.184 0.1000000015
17576  -13.770  -60.610  -20.307 0.1000000015
108111  -14.586  -60.396  -20.343 0.1000000015
17563  -14.273  -60.481  -19.217 0.1000000015
11481  -2.588  -68.525  -13.247 0.8999999762
10072  -3.391  -70.263  -12.817 0.8999999762
16749  -9.374  -61.518  -19.433 0.2000000030
10086  -4.292  -70.980  -13.766 0.8000000119
16748  -8.434  -61.842  -19.245 0.2000000030
118376  -5.259  -70.028  -15.151 0.8000000119
10815  -5.299  -69.180  -15.719 0.6999999881
16733  -7.283  -61.651  -18.189 0.2000000030
11530  -5.328  -68.320  -16.225 0.6000000238
12217  -5.157  -67.412  -16.685 0.6000000238
16732  -6.597  -62.035  -17.942 0.2000000030
16731  -6.040  -62.447  -17.745 0.2000000030
16702  -5.831  -60.839  -16.838 0.2000000030
17533  -6.481  -60.485  -16.703 0.2000000030
119105  -5.138  -68.117  -17.170 0.6000000238
12905  -4.542  -66.619  -16.958 0.4000000060
15960  -5.103  -63.367  -17.571 0.2000000030
129154  -5.079  -61.616  -16.858 0.2000000030
17518  -5.635  -60.217  -16.157 0.2000000030
18342  -5.945  -59.371  -15.866 0.2000000030
12226  -4.598  -67.308  -17.473 0.6000000238
14331  -3.779  -64.671  -16.950 0.3000000119
15946  -4.534  -62.758  -16.764 0.2000000030
16701  -4.974  -60.941  -16.507 0.2000000030
18329  -6.256  -58.556  -15.808 0.2000000030
16685  -4.447  -61.627  -15.591 0.2000000030
16677  -4.445  -60.900  -15.021 0.2000000030
18327  -5.064  -59.441  -14.572 0.2000000030
118812  -4.853  -59.840  -14.460 0.2000000030
127000  -0.300  -68.921  7.451 0.8000000119
10544  -0.414  -68.488  8.151 0.8999999762
11249  -0.731  -68.322  8.641 0.8999999762
11922  -1.519  -67.493  7.433 0.8999999762
11931  -1.248  -67.003  6.897 0.8999999762
12628  -1.727  -66.532  5.600 0.8999999762
11955  -2.471  -66.793  4.875 0.8999999762
12643  -3.046  -66.788  4.055 0.8999999762
11978  -3.879  -67.215  3.605 0.6999999881
12684  -5.320  -66.638  2.854 0.6000000238
13388  -6.475  -65.677  2.576 0.6000000238
13389  -7.317  -65.440  2.632 0.6000000238
14118  -8.529  -64.726  2.976 0.5000000000
14902  -8.539  -63.908  3.124 0.5000000000
14904  -10.234  -63.503  3.844 0.5000000000
14892  -11.531  -63.287  4.191 0.5000000000
13557  -0.933  -65.839  -12.652 0.8999999762
15101  -1.967  -64.101  -13.775 1.0000000000
15113  -2.095  -64.337  -14.043 1.0000000000
12844  -3.523  -66.440  -12.180 1.0000000000
12853  -2.875  -65.823  -13.954 1.0000000000
17562  -12.811  -60.873  -18.875 0.2000000030
16736  -10.138  -61.258  -18.368 0.2000000030
17549  -12.027  -61.106  -18.343 0.2000000030
10790  -3.182  -69.627  -12.437 0.8999999762
10796  -4.259  -70.195  -13.138 0.8999999762
16737  -11.254  -61.282  -17.710 0.2000000030
16724  -12.019  -61.187  -17.369 0.2000000030
115682  -4.966  -69.420  -13.785 0.8000000119
16734  -8.059  -61.467  -18.407 0.2000000030
16721  -9.712  -61.184  -17.378 0.2000000030
16703  -10.298  -61.095  -16.671 0.2000000030
12173  -5.341  -68.595  -14.623 0.6999999881
16719  -7.683  -61.041  -17.588 0.2000000030
16720  -8.683  -61.080  -17.566 0.2000000030
12199  -5.450  -67.774  -15.674 0.6000000238
16718  -6.638  -61.092  -17.441 0.2000000030
17535  -8.328  -60.613  -17.030 0.2000000030
12200  -5.605  -67.204  -15.652 0.6000000238
17519  -6.731  -60.068  -16.403 0.2000000030
12894  -5.203  -66.850  -16.310 0.5000000000
12906  -4.786  -65.916  -16.459 0.4000000060
14332  -4.219  -64.394  -16.420 0.4000000060
113698  -4.327  -63.722  -16.269 0.2000000030
18305  -5.417  -58.846  -14.148 0.2000000030
19116  -6.476  -57.829  -15.303 0.2000000030
15121  -4.303  -63.167  -15.816 0.2000000030
124374  -4.581  -61.659  -14.969 0.2000000030
18304  -4.983  -59.542  -13.988 0.2000000030
19865  -7.233  -57.474  -13.845 0.2000000030
19866  -8.086  -57.451  -13.532 0.2000000030
14321  -4.706  -63.974  -15.876 0.3000000119
16678  -4.801  -61.352  -14.385 0.2000000030
18286  -6.649  -58.760  -13.211 0.2000000030
18287  -7.607  -58.206  -13.191 0.2000000030
19071  -8.729  -58.172  -13.026 0.2000000030
15915  -5.479  -62.110  -14.004 0.3000000119
17463  -6.121  -60.364  -12.826 0.2000000030
123080  -6.758  -59.740  -12.680 0.2000000030
18271  -7.641  -59.181  -12.603 0.2000000030
18272  -8.770  -59.619  -12.224 0.2000000030
18288  -9.339  -58.914  -12.677 0.2000000030
116210  -0.342  -68.117  7.385 0.8000000119
115189  -0.675  -67.754  8.023 0.8999999762
10559  -0.420  -68.915  6.650 0.8000000119
11920  -0.566  -67.350  7.033 0.8000000119
12611  -0.871  -66.642  6.422 0.8999999762
12665  -4.356  -66.599  3.128 0.6999999881
124217  -5.022  -65.539  2.562 0.6999999881
118129  -5.965  -65.167  2.482 0.6000000238
14140  -6.642  -64.864  2.526 0.6000000238
14141  -7.596  -64.388  2.693 0.5000000000
15697  -9.585  -62.830  3.775 0.5000000000
15698  -10.416  -62.731  4.092 0.5000000000
15685  -11.473  -62.427  4.363 0.5000000000
14280  -1.391  -64.241  -11.377 0.8999999762
117467  -1.630  -64.075  -12.326 1.0000000000
15083  -1.759  -63.505  -11.785 1.0000000000
12827  -0.970  -65.838  -11.587 0.8000000119
14288  -1.573  -64.529  -12.913 0.8999999762
116881  -1.902  -63.975  -13.190 1.0000000000
125084  -2.145  -63.580  -13.076 1.0000000000
15913  -2.575  -63.202  -12.822 1.0000000000
15103  -2.966  -63.671  -13.363 1.0000000000
15092  -3.594  -63.441  -12.792 1.0000000000
14312  -2.695  -64.676  -14.241 1.0000000000
14289  -3.636  -64.063  -13.071 1.0000000000
12854  -3.348  -65.641  -12.970 1.0000000000
13569  -3.545  -64.829  -13.028 1.0000000000
14281  -4.764  -64.029  -12.058 1.0000000000
12150  -3.069  -66.835  -12.788 1.0000000000
126977  -3.567  -67.469  -11.769 1.0000000000
12137  -4.366  -67.572  -11.472 1.0000000000
112074  -3.510  -69.089  -12.098 0.8999999762
11463  -4.498  -68.184  -11.611 1.0000000000
12138  -5.176  -67.813  -11.642 1.0000000000
11482  -4.651  -69.316  -12.881 0.8999999762
129466  -4.499  -68.949  -12.289 0.8999999762
11477  -4.881  -68.460  -11.987 0.8999999762
11491  -5.240  -68.721  -13.582 0.8000000119
11483  -5.106  -68.651  -12.679 0.8999999762
12151  -5.832  -68.023  -12.374 0.8999999762
18344  -9.036  -59.660  -16.902 0.2000000030
12174  -5.620  -67.870  -14.615 0.6999999881
17520  -7.756  -60.149  -16.663 0.2000000030
123477  -7.389  -58.764  -16.769 0.2000000030
12872  -5.905  -67.068  -15.230 0.6999999881
12895  -5.597  -66.489  -16.018 0.5000000000
18343  -6.924  -59.253  -16.435 0.2000000030
19126  -7.547  -57.905  -16.907 0.2000000030
19919  -7.723  -56.858  -16.506 0.2000000030
13604  -5.809  -65.557  -16.085 0.4000000060
15123  -5.678  -63.782  -15.422 0.3000000119
124768  -7.407  -64.226  -15.181 0.3000000119
19125  -6.845  -58.146  -16.276 0.2000000030
126947  -6.929  -57.051  -15.172 0.2000000030
14322  -5.726  -64.579  -15.923 0.4000000060
15116  -6.647  -63.734  -15.051 0.3000000119
123774  -6.115  -62.840  -13.779 0.3000000119
19881  -7.549  -56.896  -14.373 0.2000000030
15122  -4.822  -63.300  -15.320 0.3000000119
16668  -5.805  -61.004  -13.043 0.3000000119
124320  -8.480  -56.909  -13.826 0.2000000030
19867  -9.071  -57.537  -13.403 0.2000000030
16653  -6.535  -61.340  -12.538 0.3000000119
17464  -6.960  -60.701  -12.190 0.3000000119
17465  -7.705  -60.144  -12.051 0.2000000030
115997  -9.699  -58.303  -13.115 0.2000000030
11272  -0.348  -68.031  6.434 0.8000000119
11281  -0.445  -67.983  5.523 0.8999999762
12626  -0.595  -66.643  5.858 0.8000000119
12642  -1.450  -66.056  5.126 0.8999999762
12664  -3.304  -66.310  3.526 0.8999999762
116530  -8.733  -63.018  3.417 0.5000000000
119191  -11.429  -61.791  4.487 0.6000000238
16448  -12.379  -61.908  4.114 0.4000000060
16438  -11.882  -61.306  4.405 0.5000000000
13543  -1.198  -65.182  -9.856 0.8999999762
14274  -1.282  -64.335  -10.378 1.0000000000
124219  -1.173  -65.872  -10.124 0.8000000119
15070  -1.646  -63.318  -10.886 1.0000000000
15900  -2.264  -62.955  -12.309 1.0000000000
116331  -4.132  -63.836  -12.591 1.0000000000
15084  -4.770  -63.321  -11.596 1.0000000000
12828  -4.165  -66.660  -11.539 1.0000000000
13570  -4.007  -65.579  -12.107 1.0000000000
117091  -4.610  -64.925  -11.871 1.0000000000
13559  -4.831  -65.759  -11.549 0.8999999762
12829  -5.185  -66.802  -11.441 0.8999999762
12139  -6.177  -67.309  -11.811 1.0000000000
12157  -5.746  -68.199  -13.349 0.6999999881
12158  -6.540  -67.694  -13.226 0.6999999881
12175  -6.115  -67.484  -14.240 0.6999999881
12873  -6.478  -66.742  -14.937 0.6000000238
120561  -7.132  -66.448  -14.749 0.6000000238
13605  -6.769  -65.831  -15.476 0.4000000060
13606  -7.336  -64.959  -15.576 0.5000000000
19883  -9.339  -56.889  -13.809 0.2000000030
15104  -6.806  -63.107  -13.247 0.3000000119
15905  -7.041  -62.467  -12.395 0.3000000119
16654  -7.201  -61.616  -11.895 0.3000000119
17453  -7.716  -61.093  -11.653 0.3000000119
11954  -0.398  -67.115  5.355 0.8999999762
12640  -0.571  -66.384  5.026 0.8999999762
12641  -0.874  -66.008  5.104 0.8000000119
12663  -2.169  -65.824  4.368 0.8999999762
13365  -3.804  -65.783  2.957 0.8000000119
114995  -5.283  -65.117  2.462 0.8000000119
14139  -5.822  -64.380  2.432 0.6999999881
14918  -6.973  -63.520  2.601 0.6000000238
13351  -1.141  -65.447  4.599 0.8999999762
13364  -2.674  -65.390  3.467 1.0000000000
14137  -3.874  -64.446  2.446 0.8999999762
14138  -4.837  -64.517  2.397 0.8999999762
127170  -7.838  -63.158  2.934 0.6000000238
15716  -7.041  -62.650  2.687 0.6999999881
15696  -8.913  -62.088  3.721 0.6000000238
16447  -9.872  -62.022  4.113 0.6000000238
123769  -8.265  -62.457  3.306 0.6999999881
16436  -10.246  -61.234  4.381 0.6000000238
16437  -11.078  -61.208  4.561 0.6000000238
17251  -9.803  -60.474  4.294 0.6000000238
17243  -10.625  -60.457  4.511 0.6000000238
128236  -12.506  -61.222  4.058 0.5000000000
17245  -12.253  -60.549  4.180 0.6000000238
17253  -12.895  -60.748  3.722 0.5000000000
17254  -13.412  -60.186  3.165 0.6000000238
14266  -1.176  -64.369  -9.462 0.8999999762
126982  -1.374  -63.514  -9.916 1.0000000000
14257  -1.027  -64.351  -8.590 0.8000000119
15052  -1.169  -63.502  -9.078 0.8000000119
15869  -1.884  -62.218  -10.795 1.0000000000
15882  -2.022  -62.645  -11.712 1.0000000000
15860  -1.439  -62.657  -9.532 0.8999999762
129572  -1.663  -62.734  -10.215 1.0000000000
16652  -2.597  -61.966  -11.941 1.0000000000
16631  -2.077  -61.801  -11.192 1.0000000000
16632  -2.320  -61.633  -11.339 1.0000000000
15883  -3.273  -62.151  -11.804 1.0000000000
15884  -4.080  -62.705  -11.764 1.0000000000
16634  -3.864  -62.249  -11.278 1.0000000000
15085  -5.288  -63.871  -11.444 1.0000000000
14282  -5.322  -64.716  -11.410 0.8999999762
13561  -6.898  -65.897  -11.250 0.8999999762
13560  -5.802  -65.713  -11.343 0.8999999762
12830  -6.263  -66.493  -11.538 0.8000000119
12152  -6.931  -67.356  -12.541 0.6000000238
12153  -7.465  -67.164  -13.329 0.6999999881
116419  -8.208  -66.748  -13.382 0.6000000238
12874  -7.847  -66.582  -14.148 0.6000000238
13589  -8.400  -65.650  -14.341 0.5000000000
12875  -8.542  -66.270  -13.756 0.5000000000
14313  -8.013  -64.850  -14.873 0.4000000060
109371  -7.882  -64.120  -14.462 0.4000000060
15105  -7.581  -63.655  -13.671 0.3000000119
20699  -9.036  -55.701  -15.068 0.1000000015
15094  -7.687  -63.402  -12.799 0.3000000119
15906  -7.890  -62.976  -11.948 0.3000000119
13363  -1.508  -65.033  4.040 1.0000000000
13385  -3.278  -64.968  2.791 1.0000000000
11977  -0.475  -67.240  4.422 0.8999999762
124672  -5.684  -63.491  2.403 0.6999999881
115022  -6.329  -63.034  2.502 0.6999999881
124817  -8.202  -61.835  3.402 0.8000000119
16445  -8.535  -61.197  3.661 0.6999999881
17252  -10.199  -59.840  4.411 0.8000000119
18055  -10.980  -59.592  4.458 0.6999999881
18056  -11.911  -59.711  4.260 0.6000000238
114872  -0.683  -63.932  -6.858 0.6000000238
15051  -0.979  -63.405  -8.239 0.8000000119
125929  -1.191  -62.539  -8.777 0.8999999762
15854  -1.422  -61.713  -9.269 1.0000000000
16614  -1.630  -61.170  -9.770 1.0000000000
17442  -2.165  -60.925  -10.514 1.0000000000
16633  -2.813  -61.578  -11.375 1.0000000000
15870  -4.595  -62.712  -10.931 1.0000000000
14283  -6.184  -64.948  -10.967 1.0000000000
12845  -7.287  -66.816  -11.894 0.6000000238
116048  -8.239  -66.699  -11.999 0.6000000238
12856  -8.875  -66.430  -13.014 0.6000000238
12857  -9.480  -65.720  -12.897 0.5000000000
14300  -9.315  -64.952  -13.391 0.5000000000
111428  -9.242  -64.474  -12.823 0.4000000060
14314  -8.720  -64.854  -14.171 0.5000000000
14299  -8.539  -64.195  -13.472 0.3000000119
15095  -8.581  -63.762  -12.382 0.3000000119
15886  -8.163  -62.502  -11.248 0.3000000119
13350  -0.818  -65.542  4.358 0.8999999762
13362  -0.981  -64.990  4.145 0.8999999762
12662  -0.516  -66.408  3.871 0.8999999762
14916  -4.387  -63.851  2.318 0.8999999762
15714  -5.542  -62.572  2.373 0.8000000119
15715  -6.361  -62.216  2.534 0.8000000119
117990  -7.001  -61.790  2.789 0.8000000119
16463  -6.846  -61.004  2.825 0.8999999762
16444  -7.655  -61.248  3.225 0.8000000119
112531  -8.977  -60.410  3.947 0.8000000119
18063  -8.637  -59.491  3.746 0.8000000119
18064  -9.488  -59.699  4.180 0.8000000119
18065  -10.124  -59.034  4.289 0.8000000119
18066  -11.544  -58.982  4.233 0.6999999881
14223  -0.614  -64.062  -5.954 0.5000000000
15043  -0.762  -63.259  -7.420 0.8000000119
121055  -1.130  -61.635  -8.630 1.0000000000
117882  -2.942  -61.186  -10.915 1.0000000000
16622  -4.008  -62.028  -10.629 1.0000000000
15071  -5.310  -63.395  -10.902 1.0000000000
14275  -5.794  -64.076  -10.938 1.0000000000
13550  -6.884  -65.261  -10.608 1.0000000000
12831  -7.924  -66.446  -11.401 0.6000000238
13384  -2.024  -64.595  3.337 1.0000000000
109948  -0.705  -67.599  3.399 0.6999999881
12682  -0.532  -66.206  2.883 0.6999999881
14136  -2.748  -64.204  2.577 1.0000000000
114889  -3.991  -63.077  2.217 1.0000000000
129472  -5.807  -61.781  2.419 0.8999999762
17267  -7.300  -60.336  3.064 0.8999999762
110005  -8.137  -60.377  3.510 0.8000000119
109956  -9.296  -58.993  4.061 0.8000000119
108880  -10.921  -58.767  4.257 0.8000000119
18833  -11.491  -57.982  4.057 0.8000000119
15013  -0.552  -63.139  -5.639 0.6000000238
113968  -0.572  -63.755  -5.146 0.4000000060
15025  -0.625  -63.045  -6.568 0.8000000119
129483  -0.727  -62.416  -7.253 0.8000000119
17428  -2.184  -60.832  -9.902 1.0000000000
114070  -3.358  -61.723  -11.109 1.0000000000
16621  -3.284  -61.437  -10.304 1.0000000000
15861  -3.993  -61.948  -9.857 1.0000000000
118122  -4.513  -62.469  -10.201 1.0000000000
15863  -5.260  -62.951  -10.070 1.0000000000
14117  -1.112  -64.550  3.636 0.8999999762
14135  -1.477  -63.992  2.876 0.8999999762
14914  -2.284  -63.420  2.380 0.8999999762
111105  -2.979  -62.862  2.144 1.0000000000
15713  -4.534  -62.417  2.221 1.0000000000
16461  -5.048  -61.698  2.238 1.0000000000
127859  -6.334  -60.913  2.591 1.0000000000
18062  -7.765  -59.582  3.264 0.8000000119
123250  -7.467  -58.941  2.950 0.8999999762
108594  -9.603  -58.251  3.942 0.8000000119
128796  -10.070  -57.817  3.926 0.8999999762
111411  -11.392  -56.936  3.843 0.8999999762
19619  -13.088  -56.891  3.778 0.8999999762
108366  -0.607  -62.401  -6.084 0.6999999881
15820  -0.676  -61.958  -6.760 0.8000000119
15841  -0.700  -61.494  -7.531 0.8000000119
16601  -1.272  -61.048  -8.918 1.0000000000
16564  -0.543  -61.422  -6.081 0.8000000119
17414  -2.195  -60.716  -9.089 1.0000000000
17429  -2.765  -60.880  -9.655 1.0000000000
16615  -3.312  -61.436  -9.320 1.0000000000
15059  -5.231  -63.045  -9.054 1.0000000000
15072  -5.733  -63.656  -10.346 1.0000000000
128038  -6.379  -64.356  -10.241 1.0000000000
120693  -0.588  -65.560  3.601 0.8999999762
14116  -0.817  -64.837  3.595 0.8999999762
130423  -0.980  -63.719  2.823 0.8999999762
14133  -0.622  -64.467  2.634 0.8999999762
13383  -0.498  -65.323  2.862 0.8000000119
119018  -1.890  -62.583  2.188 1.0000000000
120908  -3.532  -62.220  2.104 1.0000000000
16460  -4.045  -61.525  2.073 1.0000000000
17264  -4.575  -60.827  2.032 1.0000000000
17266  -6.442  -60.281  2.571 1.0000000000
18081  -6.996  -59.504  2.777 1.0000000000
19615  -8.928  -57.753  3.451 0.8999999762
19616  -9.699  -57.449  3.662 0.8999999762
19617  -10.557  -57.349  3.852 0.8999999762
20429  -10.012  -56.770  3.468 0.8999999762
20432  -12.754  -55.979  3.804 0.8999999762
19620  -13.944  -56.473  3.551 0.8999999762
15810  -0.571  -62.340  -5.337 0.6999999881
16587  -0.822  -60.925  -7.701 0.8000000119
17409  -1.387  -60.702  -7.869 1.0000000000
17410  -2.160  -60.589  -8.116 1.0000000000
16602  -3.262  -61.458  -8.281 1.0000000000
15855  -3.905  -62.045  -8.990 1.0000000000
15856  -4.359  -62.733  -8.574 1.0000000000
15060  -5.849  -63.646  -9.585 0.8999999762
15862  -4.577  -62.539  -9.490 1.0000000000
14267  -6.559  -64.495  -9.140 0.8999999762
14268  -7.334  -65.374  -9.149 0.6999999881
14913  -1.214  -63.185  2.488 0.8999999762
125411  -4.981  -60.214  1.995 1.0000000000
17265  -5.612  -59.894  2.132 1.0000000000
18079  -5.424  -59.088  1.857 1.0000000000
117399  -6.785  -58.516  2.393 1.0000000000
19630  -7.164  -57.541  2.197 1.0000000000
19631  -8.160  -57.379  2.767 1.0000000000
19632  -9.142  -56.798  3.048 0.8999999762
20430  -10.857  -56.288  3.505 0.8999999762
20431  -11.872  -56.117  3.729 0.8999999762
21284  -11.562  -55.515  3.373 0.8000000119
20434  -15.912  -55.295  3.273 0.8999999762
21311  -18.030  -55.584  2.644 1.0000000000
20455  -19.447  -55.886  2.112 0.8000000119
22251  -20.952  -54.513  -0.581 0.4000000060
20484  -20.695  -55.942  0.141 0.4000000060
20483  -19.817  -56.269  0.260 0.6999999881
21337  -19.985  -55.802  -0.434 0.6999999881
16561  -0.548  -61.536  -5.027 0.8000000119
17408  -1.004  -60.624  -7.156 0.8999999762
126342  -2.778  -60.801  -7.904 1.0000000000
120719  -3.762  -62.331  -8.191 1.0000000000
15842  -3.531  -62.346  -7.367 0.8000000119
15843  -3.871  -63.117  -7.660 0.8999999762
15053  -4.669  -63.497  -8.064 0.8000000119
14258  -6.059  -64.693  -8.007 0.8000000119
14250  -4.381  -64.800  -6.507 0.8000000119
15046  -4.921  -64.398  -7.557 0.6999999881
130716  -4.037  -64.704  -5.995 0.6000000238
14259  -6.965  -65.305  -8.343 0.6000000238
13494  -5.914  -65.426  -5.689 0.5000000000
130143  -1.584  -61.907  1.924 1.0000000000
16459  -2.933  -61.277  1.884 1.0000000000
17263  -3.487  -60.565  1.750 1.0000000000
18090  -4.785  -59.409  1.727 1.0000000000
115558  -8.380  -56.489  2.315 0.8000000119
20442  -9.965  -56.076  2.940 0.8999999762
21291  -9.064  -55.870  2.286 0.8999999762
21292  -10.762  -55.504  2.971 0.8000000119
21293  -12.006  -55.114  3.210 0.8000000119
22211  -13.278  -54.890  2.957 0.6999999881
21308  -14.473  -54.934  2.673 0.8999999762
21295  -13.749  -55.113  3.445 0.8999999762
22212  -13.992  -54.911  3.083 0.8000000119
110148  -15.352  -54.906  2.920 1.0000000000
109601  -14.895  -55.157  2.082 0.8999999762
16547  -0.823  -61.235  -3.643 0.6999999881
21310  -17.350  -55.408  2.765 1.0000000000
20452  -16.893  -55.237  2.406 1.0000000000
20453  -17.797  -55.399  2.375 1.0000000000
20466  -18.996  -55.835  1.571 1.0000000000
116886  -20.445  -55.230  -0.523 0.6000000238
117437  -0.551  -60.804  -4.504 0.8000000119
118957  -0.578  -60.637  -5.593 0.8999999762
20465  -18.099  -55.731  1.563 1.0000000000
20482  -19.040  -56.331  0.512 0.6999999881
17394  -0.748  -60.583  -6.442 0.8999999762
108068  -1.733  -60.414  -7.212 0.8999999762
19661  -18.062  -56.466  0.444 0.8000000119
125132  -18.958  -56.379  -0.295 0.6999999881
15821  -3.473  -62.499  -6.428 0.8999999762
15045  -3.950  -64.034  -7.102 0.8000000119
15026  -3.673  -64.180  -6.130 0.6999999881
14224  -4.072  -64.399  -5.723 0.6000000238
14225  -4.757  -64.560  -5.533 0.6000000238
15016  -5.159  -63.804  -5.358 0.6000000238
14226  -5.621  -64.659  -5.457 0.5000000000
14227  -6.506  -64.879  -5.426 0.5000000000
15017  -6.232  -64.042  -5.381 0.5000000000
114582  -7.183  -64.361  -5.451 0.5000000000
14912  -0.768  -63.616  2.512 0.8000000119
15711  -1.139  -62.359  2.080 0.8999999762
20441  -7.556  -56.671  1.927 0.8000000119
119832  -10.786  -55.107  2.587 0.8000000119
22210  -12.417  -54.915  2.720 0.6999999881
22221  -12.813  -54.859  2.103 0.6999999881
128194  -9.733  -54.906  1.531 0.6000000238
22220  -11.928  -54.759  1.754 0.6000000238
22235  -13.220  -54.981  1.419 0.6000000238
21322  -14.050  -55.117  1.781 0.6000000238
21309  -15.869  -55.168  2.327 0.8999999762
17361  -0.683  -60.023  -4.121 0.8999999762
116589  -14.342  -55.446  1.268 0.5000000000
21323  -15.107  -55.668  1.114 0.6000000238
19660  -17.263  -56.525  0.594 0.6999999881
17374  -0.646  -59.931  -5.132 0.8999999762
20480  -15.583  -56.623  0.382 0.6000000238
19659  -16.446  -56.619  0.562 0.6999999881
19681  -17.268  -57.112  -0.094 0.6999999881
110912  -18.354  -56.706  -0.367 0.6000000238
17375  -0.912  -59.974  -5.943 0.8999999762
16589  -2.473  -60.600  -7.093 1.0000000000
130394  -3.151  -61.292  -7.009 0.8999999762
19680  -16.629  -57.341  -0.174 0.6999999881
20481  -17.670  -57.073  -0.375 0.6999999881
16573  -3.105  -60.708  -5.997 1.0000000000
16574  -3.458  -61.713  -6.082 0.8999999762
20497  -17.952  -56.989  -1.153 0.6000000238
15044  -3.603  -63.377  -6.711 0.8000000119
15014  -3.858  -63.555  -5.646 0.6999999881
124607  -18.342  -57.267  -2.497 0.4000000060
118175  -4.460  -63.244  -5.437 0.6999999881
15813  -4.757  -62.404  -5.500 0.6999999881
16567  -5.164  -61.612  -5.768 0.6999999881
15814  -5.886  -63.243  -5.697 0.5000000000
15822  -5.553  -62.445  -5.808 0.6000000238
15823  -6.360  -62.683  -6.312 0.5000000000
16575  -5.776  -61.882  -6.547 0.6999999881
19647  -6.531  -56.725  1.362 0.6999999881
108204  -9.963  -55.281  2.302 0.8000000119
121223  -0.774  -59.302  -3.954 0.8000000119
18169  -0.747  -59.270  -4.680 0.8999999762
18183  -1.561  -59.577  -5.902 1.0000000000
18184  -2.531  -59.216  -5.587 0.8999999762
17396  -2.186  -60.042  -6.232 1.0000000000
15811  -3.695  -62.627  -5.825 0.8000000119
20529  -18.652  -56.345  -2.797 0.4000000060
120278  -4.199  -60.788  -5.479 0.8000000119
15812  -4.062  -62.550  -5.537 0.6999999881
20530  -19.162  -56.581  -3.847 0.4000000060
121974  -4.611  -60.189  -5.562 0.6999999881
17378  -4.818  -60.814  -5.674 0.6999999881
18187  -5.023  -60.142  -5.827 0.6999999881
17397  -5.248  -60.841  -6.127 0.6999999881
18209  -5.253  -60.024  -6.274 0.6999999881
16591  -6.192  -61.685  -7.632 0.6999999881
16576  -6.697  -62.250  -7.112 0.5000000000
15844  -7.640  -62.200  -7.227 0.5000000000
15845  -8.558  -61.984  -7.092 0.5000000000
18156  -1.038  -58.888  -3.496 0.8000000119
18929  -0.854  -58.657  -4.240 0.8000000119
18182  -1.118  -59.189  -5.405 0.8999999762
114523  -1.902  -58.700  -5.593 0.8999999762
17376  -3.218  -59.909  -5.526 0.8999999762
18185  -3.771  -59.172  -5.449 0.8000000119
117760  -3.689  -60.561  -5.586 0.8000000119
21381  -18.443  -55.305  -2.830 0.6000000238
17377  -4.078  -59.991  -5.398 0.8999999762
21387  -19.335  -55.669  -4.239 0.6999999881
18959  -4.144  -58.558  -5.653 0.8000000119
18186  -4.724  -59.359  -5.728 0.8000000119
21388  -19.899  -55.639  -5.117 0.5000000000
21409  -19.680  -55.788  -6.477 0.3000000119
21394  -20.062  -55.857  -5.847 0.4000000060
18979  -4.586  -58.391  -6.071 0.8000000119
18208  -5.073  -59.157  -6.526 0.8000000119
110812  -5.358  -60.712  -8.179 0.6000000238
21410  -20.233  -55.164  -6.196 0.3000000119
18994  -4.693  -58.425  -7.092 0.6000000238
18220  -5.083  -60.211  -7.516 0.6999999881
17411  -5.853  -61.165  -8.260 0.6000000238
115410  -7.131  -60.752  -8.718 0.6000000238
16604  -7.582  -61.183  -8.221 0.5000000000
16593  -8.081  -61.587  -7.682 0.5000000000
18930  -1.133  -57.925  -3.651 0.8999999762
18944  -1.033  -58.004  -4.622 0.8999999762
18956  -1.375  -58.298  -5.211 0.8999999762
18957  -2.363  -57.883  -5.448 0.8999999762
125551  -3.202  -58.427  -5.545 0.8000000119
23178  -18.232  -54.160  -3.801 0.8999999762
22300  -18.734  -54.836  -3.959 0.8000000119
18958  -3.649  -57.733  -5.856 0.8000000119
23185  -18.741  -54.036  -4.405 0.8000000119
22307  -20.383  -54.535  -5.879 0.5000000000
22306  -20.105  -54.769  -5.311 0.6000000238
18978  -4.192  -57.629  -6.667 0.8000000119
22329  -18.836  -54.644  -7.455 0.2000000030
22330  -19.737  -54.121  -7.199 0.3000000119
130373  -20.211  -55.215  -5.716 0.4000000060
18993  -4.150  -57.985  -7.958 0.6000000238
18997  -3.969  -58.284  -9.034 0.6000000238
18225  -4.968  -60.176  -8.563 0.6000000238
109972  -18.305  -55.300  -7.469 0.2000000030
22314  -19.726  -54.965  -6.837 0.2000000030
18998  -4.283  -58.782  -8.509 0.6000000238
18219  -4.758  -59.404  -7.863 0.6000000238
18232  -5.173  -59.836  -9.385 0.6000000238
118287  -1.589  -56.552  -3.810 0.8999999762
19732  -1.338  -57.238  -4.186 1.0000000000
107912  -1.646  -57.391  -5.061 0.8000000119
19742  -2.669  -57.093  -5.569 0.8000000119
23184  -17.899  -53.465  -4.034 1.0000000000
24012  -17.446  -52.665  -4.274 0.8000000119
19762  -3.510  -56.796  -6.432 0.8000000119
24013  -18.243  -53.112  -4.577 0.8999999762
23193  -20.241  -53.948  -5.467 0.6000000238
20575  -3.641  -56.328  -7.660 0.6999999881
23204  -18.139  -53.925  -8.008 0.3000000119
23206  -19.588  -53.219  -7.457 0.5000000000
23194  -20.513  -53.590  -6.109 0.5000000000
121372  -20.543  -52.757  -5.997 0.5000000000
19776  -3.927  -57.192  -7.666 0.6999999881
20592  -3.806  -57.028  -8.656 0.6999999881
19789  -3.935  -57.661  -8.582 0.6999999881
24022  -20.340  -52.213  -5.776 0.6999999881
19005  -4.190  -58.775  -9.452 0.6999999881
18231  -4.703  -59.133  -9.789 0.6000000238
18246  -5.516  -59.297  -10.010 0.6000000238
23220  -16.242  -53.618  -8.657 0.3000000119
23222  -17.989  -53.161  -8.299 0.3000000119
24036  -19.772  -52.496  -7.415 0.5000000000
20506  -2.027  -56.247  -2.883 0.8000000119
20543  -1.733  -56.624  -4.557 0.8999999762
19741  -2.083  -56.679  -5.216 0.8000000119
24822  -16.976  -52.008  -4.474 0.8999999762
19761  -2.736  -56.339  -5.690 0.8000000119
24020  -18.751  -52.514  -5.013 0.8999999762
20563  -3.198  -55.922  -6.493 0.6999999881
24021  -19.820  -52.384  -5.353 0.5000000000
21443  -3.639  -55.501  -8.209 0.8000000119
111130  -3.737  -56.265  -8.869 0.6999999881
20602  -3.785  -56.856  -9.625 0.6999999881
19795  -3.879  -57.611  -9.372 0.6999999881
19004  -3.981  -58.095  -9.861 0.6999999881
19808  -4.643  -57.756  -10.734 0.6999999881
19025  -6.076  -58.632  -10.390 0.6000000238
108391  -16.629  -52.844  -8.827 0.4000000060
24045  -17.499  -52.611  -8.574 0.5000000000
24046  -18.333  -52.488  -8.226 0.6000000238
19829  -4.981  -57.182  -11.260 0.6000000238
115549  -16.059  -52.313  -9.188 0.4000000060
24044  -16.928  -51.899  -8.941 0.5000000000
21361  -2.604  -55.786  -3.137 0.6999999881
21373  -2.629  -55.335  -3.701 0.6999999881
21372  -2.130  -55.669  -3.502 0.8999999762
20533  -1.952  -55.863  -4.072 0.8000000119
20544  -2.103  -55.977  -5.029 0.8000000119
21383  -2.487  -55.203  -4.086 0.8000000119
21390  -2.508  -55.125  -4.824 0.8000000119
22302  -2.836  -54.470  -4.527 0.8000000119
20562  -2.665  -55.523  -5.669 0.8000000119
21406  -2.981  -55.036  -6.330 0.8000000119
118070  -3.231  -54.574  -6.857 0.8000000119
21422  -3.413  -55.361  -7.209 0.8000000119
108227  -3.817  -55.564  -9.087 0.8000000119
21468  -3.768  -56.093  -9.828 0.8000000119
19806  -3.910  -57.333  -10.196 0.6999999881
21482  -3.900  -55.960  -10.556 0.8000000119
19828  -4.264  -56.971  -11.091 0.6999999881
24869  -17.872  -51.701  -8.514 0.5000000000
20639  -4.968  -56.346  -11.560 0.6000000238
19831  -6.969  -56.441  -11.541 0.4000000060
24056  -15.390  -51.936  -9.438 0.3000000119
24057  -16.133  -51.496  -9.344 0.3000000119
130114  -17.344  -51.349  -8.807 0.6999999881
121160  -18.502  -50.943  -8.228 0.6999999881
22290  -3.071  -54.507  -3.990 0.8999999762
22310  -2.846  -54.220  -5.182 0.8999999762
22311  -2.946  -54.051  -6.042 0.6999999881
22324  -3.325  -53.763  -6.964 0.8000000119
22344  -3.820  -54.749  -8.647 0.8000000119
118153  -3.709  -53.751  -7.957 0.8999999762
23210  -4.038  -53.951  -9.014 0.8000000119
117869  -4.040  -55.162  -9.746 0.8000000119
22365  -4.342  -54.325  -10.032 0.8000000119
22373  -4.592  -55.372  -11.194 0.6000000238
20638  -4.355  -56.304  -11.267 0.6000000238
22379  -5.099  -55.008  -11.661 0.5000000000
20640  -5.894  -55.963  -11.940 0.5000000000
24880  -16.044  -50.672  -9.490 0.4000000060
24868  -16.902  -50.920  -9.130 0.4000000060
25662  -17.403  -50.078  -8.876 0.8000000119
118059  -17.689  -50.853  -8.633 0.6999999881
25653  -19.065  -50.208  -7.937 0.8000000119
130701  -5.633  -54.926  -12.031 0.4000000060
25675  -16.594  -50.015  -9.319 0.8000000119
25663  -18.231  -50.119  -8.400 0.8000000119
22397  -6.243  -54.508  -12.243 0.4000000060
21506  -6.004  -55.139  -12.179 0.4000000060
22298  -3.104  -54.081  -4.376 0.8999999762
23188  -3.093  -53.769  -4.913 0.8000000119
23181  -3.423  -53.463  -4.764 0.8999999762
22303  -3.060  -53.548  -5.470 0.8999999762
23195  -3.225  -52.985  -6.106 0.8000000119
24031  -3.641  -52.207  -6.463 0.8000000119
123100  -3.949  -52.789  -8.161 0.8999999762
24039  -4.356  -51.824  -8.258 0.8000000119
23224  -4.403  -53.022  -9.284 0.8000000119
23225  -4.991  -52.752  -9.917 0.8000000119
116082  -4.725  -54.685  -10.909 0.6000000238
24073  -5.464  -53.106  -10.740 0.4000000060
22374  -5.350  -54.160  -11.255 0.4000000060
22380  -5.771  -54.426  -11.920 0.4000000060
26498  -16.284  -49.226  -9.497 0.8000000119
26499  -17.093  -49.246  -9.102 0.6000000238
26489  -17.917  -49.280  -8.579 0.8999999762
26482  -18.782  -49.363  -8.082 0.6999999881
22396  -6.311  -53.963  -12.267 0.3000000119
112968  -6.797  -53.906  -12.784 0.3000000119
21530  -6.736  -54.686  -12.479 0.3000000119
26516  -14.705  -49.059  -10.229 0.6999999881
27340  -16.012  -48.492  -9.728 0.6999999881
23259  -7.152  -53.073  -13.166 0.2000000030
22409  -7.523  -53.546  -13.211 0.2000000030
24864  -5.098  -50.393  -8.080 0.8000000119
24048  -4.841  -51.869  -9.127 0.6999999881
29043  -18.742  -46.708  -7.492 0.8000000119
25667  -5.643  -49.986  -8.629 0.6999999881
24872  -5.253  -50.722  -9.012 0.8000000119
118457  -5.368  -51.956  -10.040 0.4000000060
114009  -16.993  -47.696  -9.183 0.6000000238
28182  -17.682  -47.420  -8.711 0.6000000238
28183  -18.308  -47.065  -8.189 0.8000000119
24062  -5.988  -52.270  -11.218 0.3000000119
23247  -5.945  -53.558  -11.670 0.3000000119
118491  -16.398  -47.909  -9.561 0.6000000238
27341  -16.727  -48.493  -9.326 0.6000000238
27334  -17.577  -48.354  -8.789 0.6000000238
27335  -18.471  -48.506  -8.216 0.6999999881
123894  -6.593  -53.085  -12.352 0.3000000119
24084  -7.394  -52.458  -13.368 0.3000000119
26515  -13.907  -48.956  -10.524 0.6000000238
27354  -15.279  -48.371  -10.112 0.6999999881
24099  -7.814  -52.764  -13.628 0.2000000030
27353  -14.404  -48.146  -10.536 0.6000000238
124828  -5.521  -50.248  -8.085 0.8000000119
25668  -5.980  -49.405  -9.076 0.6000000238
25682  -5.728  -49.954  -9.363 0.5000000000
24886  -5.763  -50.996  -10.145 0.4000000060
25683  -6.006  -50.038  -10.193 0.4000000060
25697  -6.499  -50.053  -10.928 0.4000000060
24897  -6.296  -51.066  -11.110 0.4000000060
28192  -17.200  -46.867  -9.061 0.6000000238
29058  -17.806  -46.712  -8.596 0.6999999881
29071  -17.540  -46.072  -8.794 0.6999999881
126297  -6.662  -49.228  -10.683 0.3000000119
24898  -6.827  -50.925  -11.975 0.3000000119
24083  -6.941  -52.510  -12.965 0.3000000119
28203  -13.706  -47.473  -10.986 0.6000000238
129920  -13.370  -48.888  -10.694 0.6999999881
28190  -15.849  -47.743  -9.947 0.6000000238
28191  -16.432  -47.093  -9.610 0.6000000238
128401  -7.612  -51.416  -13.386 0.3000000119
24928  -7.778  -51.954  -13.825 0.3000000119
118872  -14.504  -47.168  -10.726 0.5000000000
28204  -15.153  -47.556  -10.336 0.6000000238
28205  -15.701  -46.974  -10.150 0.6000000238
29070  -16.813  -46.169  -9.380 0.6000000238
25725  -7.976  -51.130  -13.751 0.3000000119
29080  -14.719  -46.361  -10.813 0.4000000060
120168  -15.114  -46.875  -10.494 0.5000000000
29082  -16.111  -46.250  -9.945 0.6000000238
25726  -8.688  -50.796  -14.345 0.3000000119
24930  -8.918  -51.609  -14.601 0.3000000119
25659  -6.022  -49.665  -8.560 0.8000000119
25660  -6.682  -49.456  -8.727 0.6999999881
25661  -7.536  -50.058  -8.814 0.6999999881
25670  -8.260  -49.897  -9.322 0.6999999881
25671  -8.898  -49.468  -9.753 0.6000000238
25684  -9.932  -50.024  -10.241 0.6000000238
26512  -10.549  -49.181  -10.488 0.6000000238
27351  -10.863  -48.022  -10.659 0.5000000000
26493  -6.340  -49.044  -9.532 0.5000000000
26507  -6.279  -49.266  -10.095 0.5000000000
26508  -6.726  -48.580  -10.072 0.4000000060
26522  -7.133  -48.843  -11.051 0.3000000119
26535  -7.607  -49.569  -12.218 0.3000000119
30008  -17.222  -45.283  -9.103 0.6000000238
29988  -17.957  -45.253  -8.427 0.6000000238
25711  -7.483  -50.719  -12.775 0.3000000119
25712  -8.062  -50.196  -13.330 0.3000000119
28217  -13.880  -46.515  -11.195 0.4000000060
30007  -16.462  -45.408  -9.721 0.6000000238
25727  -9.401  -50.046  -14.546 0.3000000119
29081  -15.429  -46.274  -10.416 0.5000000000
30019  -15.786  -45.543  -10.287 0.6000000238
24931  -9.527  -50.954  -14.907 0.3000000119
30018  -15.065  -45.611  -10.751 0.6000000238
25669  -7.185  -49.027  -9.090 0.6999999881
26488  -6.416  -49.179  -9.104 0.6000000238
26495  -7.913  -48.756  -9.424 0.5000000000
26510  -9.347  -48.738  -10.068 0.6000000238
26494  -6.844  -48.703  -9.559 0.5000000000
26511  -9.658  -47.788  -10.273 0.5000000000
27362  -7.383  -47.959  -10.414 0.4000000060
27363  -7.904  -47.295  -10.772 0.5000000000
122911  -7.835  -48.421  -11.655 0.4000000060
30909  -16.102  -44.773  -10.139 0.5000000000
27398  -9.138  -48.207  -13.317 0.2000000030
26553  -8.660  -49.668  -13.702 0.3000000119
30017  -14.244  -45.654  -11.260 0.5000000000
126596  -9.143  -46.623  -12.379 0.1000000015
119890  -9.403  -47.495  -13.245 0.2000000030
26554  -9.245  -49.068  -13.912 0.3000000119
119248  -15.443  -44.899  -10.617 0.5000000000
31732  -16.244  -44.005  -10.089 0.3000000119
31715  -16.733  -43.559  -9.647 0.5000000000
116266  -10.094  -47.612  -13.948 0.2000000030
125138  -7.321  -48.411  -9.533 0.5000000000
26509  -7.771  -47.954  -9.698 0.5000000000
116597  -8.545  -47.473  -9.892 0.5000000000
27339  -7.283  -48.088  -9.864 0.5000000000
27350  -9.007  -46.762  -10.088 0.4000000060
28214  -10.781  -46.745  -10.893 0.4000000060
126085  -8.319  -46.771  -10.555 0.5000000000
29093  -12.396  -46.121  -11.447 0.5000000000
27377  -8.276  -47.650  -11.692 0.2000000030
29094  -13.128  -46.026  -11.439 0.6000000238
30028  -13.320  -45.247  -11.524 0.6000000238
114982  -14.051  -44.864  -11.517 0.5000000000
28212  -8.307  -46.691  -11.126 0.3000000119
129505  -13.678  -45.892  -11.406 0.5000000000
30907  -14.727  -44.891  -11.111 0.5000000000
30918  -14.342  -44.034  -11.546 0.5000000000
31740  -15.115  -43.351  -11.149 0.5000000000
30908  -15.210  -44.212  -10.948 0.5000000000
29124  -9.806  -45.640  -12.835 0.3000000119
29125  -10.544  -45.752  -13.660 0.3000000119
30948  -11.229  -44.370  -14.280 0.3000000119
28250  -11.293  -46.768  -14.510 0.1000000015
28200  -8.570  -46.684  -10.323 0.4000000060
28201  -8.984  -46.075  -10.421 0.5000000000
28213  -8.644  -46.189  -10.712 0.5000000000
29106  -9.120  -45.465  -11.043 0.5000000000
117348  -11.489  -45.564  -11.534 0.5000000000
28230  -8.754  -46.085  -11.401 0.4000000060
29107  -9.648  -45.074  -11.838 0.4000000060
115382  -10.587  -45.087  -11.640 0.4000000060
30916  -12.376  -44.540  -11.968 0.4000000060
30917  -13.357  -44.341  -11.796 0.5000000000
30025  -10.223  -44.805  -12.015 0.4000000060
30932  -11.502  -43.892  -12.649 0.3000000119
30933  -12.508  -43.769  -12.299 0.5000000000
30041  -10.091  -44.863  -12.680 0.4000000060
31750  -11.667  -43.170  -12.903 0.3000000119
12861  -23.512  -66.370  -13.450 0.1000000015
12886  -24.570  -66.407  -14.417 0.1000000015
448  -21.895  -89.709  -12.821 0.6999999881
117405  -21.702  -88.892  -14.944 0.6999999881
110709  -20.400  -89.393  -16.276 0.4000000060
122224  -7.729  -92.431  -11.052 0.3000000119
926  -21.859  -87.791  -17.232 0.4000000060
121501  -20.793  -88.766  -17.218 0.3000000119
937  -21.378  -87.799  -18.036 0.4000000060
1239  -26.163  -87.163  -17.396 0.6999999881
1190  -4.814  -87.916  -13.830 0.2000000030
119689  -18.306  -92.347  -7.254 0.6999999881
1602  -26.278  -86.060  -19.186 0.5000000000
111200  -3.691  -88.632  -9.303 0.6999999881
1978  -6.446  -85.387  -21.457 0.6000000238
1590  -7.290  -86.885  -20.025 0.6999999881
1886  -3.342  -85.312  -12.232 0.6999999881
1591  -7.980  -87.073  -19.181 0.5000000000
118241  -19.876  -87.524  -24.102 0.6000000238
2760  -2.348  -84.111  -12.205 0.8999999762
1301  -19.824  -86.839  -25.603 0.6999999881
975  -18.155  -88.166  -24.632 0.5000000000
1291  -17.828  -87.782  -25.642 0.6000000238
1841  -7.478  -85.107  -8.456 0.8999999762
1578  -9.210  -86.697  -18.090 0.6999999881
1304  -18.590  -86.460  -26.687 0.8999999762
814  -7.316  -88.490  -7.438 0.8999999762
1129  -7.081  -87.524  -7.638 0.8000000119
1455  -8.027  -87.182  -7.827 0.8000000119
1458  -10.676  -86.433  -7.480 0.8000000119
1471  -7.444  -85.785  -8.252 0.8999999762
484  -10.344  -90.666  -19.743 0.1000000015
1825  -11.035  -85.495  -7.705 0.8000000119
1949  -10.300  -85.579  -18.060 0.8000000119
121444  -13.202  -88.142  -22.801 0.5000000000
115417  -12.231  -84.132  -17.381 0.8999999762
114616  -2.623  -82.080  -6.242 0.8999999762
1940  -11.877  -86.412  -17.452 0.8000000119
4724  -2.990  -79.241  -6.746 0.8000000119
3153  -2.610  -82.818  -5.591 0.8999999762
113136  -2.570  -81.999  -5.453 0.8999999762
2206  -0.716  -84.812  -3.339 1.0000000000
123837  0.370  -82.387  -2.899 0.8999999762
1572  -12.687  -86.258  -17.608 0.8000000119
2189  -0.839  -84.824  -2.621 1.0000000000
3599  -2.783  -82.229  -2.191 0.6999999881
109579  -2.567  -82.690  -4.751 0.8000000119
3131  -2.601  -82.534  -3.257 0.8000000119
2812  -14.045  -83.717  -16.480 1.0000000000
2616  -2.106  -84.300  0.625 0.6999999881
4114  -0.060  -80.360  -1.577 0.8999999762
2813  -14.817  -82.985  -16.116 0.8999999762
2138  -1.027  -84.572  1.387 0.8999999762
5394  -17.242  -78.171  -16.729 0.5000000000
5412  -17.937  -78.830  -18.515 0.5000000000
3087  -2.801  -83.362  1.137 0.6999999881
2603  -1.381  -84.008  2.687 0.6999999881
2615  -0.493  -84.410  0.498 1.0000000000
5164  -0.585  -78.605  0.384 1.0000000000
5981  -5.441  -77.702  -23.417 0.8000000119
7655  -14.201  -74.690  -15.713 0.2000000030
5399  -17.657  -78.508  -17.537 0.5000000000
7636  -16.500  -74.620  -15.615 0.3000000119
7635  -15.649  -74.493  -15.402 0.2000000030
7105  -17.357  -76.221  -17.919 0.5000000000
2564  -0.856  -83.451  5.286 0.6999999881
3020  -1.787  -83.088  5.518 0.5000000000
8331  -7.837  -73.355  -21.871 0.6000000238
7776  -4.902  -74.169  -24.531 0.6999999881
8303  -9.335  -73.435  -19.576 0.5000000000
128950  -13.598  -74.100  -15.541 0.2000000030
7086  -17.266  -75.287  -17.556 0.5000000000
8293  -16.906  -73.749  -17.824 0.3000000119
8958  -7.881  -72.141  -21.078 0.5000000000
5927  -3.714  -77.258  -18.906 0.8999999762
125165  -15.511  -72.081  -15.369 0.2000000030
8279  -16.557  -72.974  -17.349 0.2000000030
8904  -15.173  -71.885  -17.390 0.2000000030
8291  -15.386  -72.839  -18.954 0.2000000030
6270  -1.379  -76.884  0.352 0.6999999881
10834  -9.547  -69.181  -16.702 0.1000000015
8373  -4.645  -73.321  -24.560 0.6999999881
12219  -10.410  -67.038  -16.240 0.1000000015
129526  -3.399  -74.616  -20.141 0.8000000119
7729  -4.475  -73.771  -22.162 0.6999999881
12931  -9.129  -66.373  -19.135 0.1000000015
116644  -13.780  -66.910  -14.060 0.1000000015
12160  -12.663  -68.015  -13.776 0.1000000015
112294  -4.006  -70.921  -21.221 0.5000000000
11603  -7.651  -68.308  -22.892 0.5000000000
12942  -9.570  -66.324  -20.105 0.2000000030
12880  -15.807  -66.491  -13.715 0.1000000015
12884  -19.187  -67.263  -14.548 0.1000000015
12976  -9.781  -66.119  -22.664 0.3000000119
10839  -18.673  -69.842  -16.156 0.1000000015
10119  -19.192  -70.376  -16.731 0.1000000015
10858  -22.805  -69.859  -17.108 0.1000000015
118093  -5.843  -67.288  -22.617 0.5000000000
14426  -7.973  -64.891  -22.424 0.3000000119
126817  -3.821  -66.595  -20.178 0.4000000060
10868  -5.232  -69.725  -18.102 0.6000000238
11545  -1.078  -68.643  -17.554 0.8000000119
15209  -12.703  -63.746  -22.284 0.1000000015
15205  -7.927  -64.081  -20.932 0.4000000060
10099  -5.186  -71.588  -15.547 0.8000000119
12216  -1.387  -67.545  -16.348 1.0000000000
15180  -5.831  -64.221  -18.978 0.2000000030
10071  -2.842  -70.148  -12.903 0.8999999762
16763  -8.988  -61.986  -19.955 0.2000000030
120285  -2.561  -67.019  -13.998 1.0000000000
15141  -4.425  -63.621  -17.166 0.2000000030
13620  -3.973  -65.168  -16.590 0.4000000060
12685  -6.240  -66.509  2.717 0.6000000238
11474  -2.948  -68.882  -12.354 0.8999999762
10791  -3.919  -69.508  -12.417 0.8999999762
17517  -4.826  -60.329  -15.736 0.2000000030
16667  -5.300  -61.160  -13.659 0.3000000119
13558  -1.231  -64.977  -12.090 0.8999999762
19092  -6.022  -58.112  -14.410 0.2000000030
18285  -5.768  -59.343  -13.415 0.2000000030
19904  -7.045  -57.245  -16.007 0.2000000030
15115  -5.519  -63.065  -14.574 0.3000000119
13549  -1.154  -65.262  -10.858 0.8999999762
19905  -7.505  -56.542  -15.428 0.2000000030
111204  -6.599  -65.024  -15.993 0.4000000060
129533  -7.274  -63.835  -14.833 0.3000000119
12855  -6.900  -67.071  -14.123 0.6000000238
15853  -0.899  -62.266  -8.006 0.8999999762
17413  -1.728  -60.899  -9.454 1.0000000000
14915  -3.419  -63.683  2.304 1.0000000000
16600  -0.926  -61.227  -8.190 0.8000000119
13544  -7.157  -65.202  -9.887 1.0000000000
18831  -8.792  -58.567  3.688 0.8000000119
18845  -7.676  -58.238  2.838 1.0000000000
16572  -0.536  -60.999  -7.027 0.8999999762
110830  -1.608  -60.796  -8.638 1.0000000000
17415  -2.791  -60.826  -8.752 1.0000000000
15054  -5.664  -63.835  -8.589 0.8000000119
125044  -15.474  -55.070  3.279 1.0000000000
20467  -19.742  -56.140  1.500 0.6000000238
14251  -5.341  -65.203  -6.995 0.6999999881
13505  -5.410  -65.541  -5.991 0.5000000000
13524  -5.806  -65.660  -6.425 0.5000000000
14252  -6.362  -65.539  -7.283 0.5000000000
21307  -10.495  -54.879  1.896 0.8000000119
21294  -12.874  -55.060  3.412 0.8000000119
129650  -0.708  -60.650  -3.892 0.8000000119
20463  -16.217  -55.718  1.449 0.8000000119
17395  -1.303  -60.195  -6.523 0.8999999762
15815  -6.953  -63.455  -5.875 0.5000000000
22219  -10.990  -54.674  1.330 0.6000000238
19679  -15.891  -57.458  -0.228 0.6000000238
109825  -15.497  -57.911  -1.023 0.6000000238
19693  -17.087  -57.671  -0.839 0.6999999881
16565  -3.804  -61.537  -5.698 0.8999999762
16566  -4.424  -61.618  -5.537 0.6999999881
15824  -7.255  -62.757  -6.648 0.5000000000
18943  -0.911  -58.637  -4.928 0.8999999762
21382  -18.799  -55.574  -3.451 0.5000000000
16590  -5.478  -61.083  -7.297 0.6999999881
16592  -7.114  -61.820  -7.809 0.5000000000
22301  -19.483  -54.874  -4.590 0.6999999881
121403  -19.538  -56.319  -4.668 0.4000000060
17416  -5.705  -60.499  -8.890 0.6000000238
16603  -6.644  -61.346  -8.309 0.6000000238
17417  -6.302  -60.929  -8.735 0.6000000238
23186  -19.679  -54.224  -4.952 0.6000000238
113579  -19.011  -53.823  -7.629 0.3000000119
22331  -20.234  -53.517  -6.881 0.4000000060
22315  -20.263  -54.345  -6.501 0.4000000060
18224  -4.561  -59.453  -9.002 0.6000000238
19720  -1.466  -56.977  -3.381 0.8999999762
24004  -17.408  -52.865  -3.755 0.8999999762
23192  -19.431  -53.368  -5.069 0.8000000119
119188  -20.288  -53.038  -5.610 0.5000000000
23205  -18.698  -53.187  -7.931 0.4000000060
19023  -4.334  -58.376  -10.149 0.6999999881
19024  -5.083  -58.565  -10.372 0.6000000238
23221  -17.228  -53.543  -8.469 0.2000000030
24035  -19.125  -52.495  -7.786 0.5000000000
20523  -2.123  -55.813  -3.177 0.8000000119
20522  -1.777  -56.171  -3.238 0.8999999762
24019  -17.756  -52.335  -4.702 0.8999999762
24829  -19.250  -51.671  -5.217 0.8000000119
20616  -3.831  -56.646  -10.448 0.6999999881
19807  -4.105  -57.594  -10.512 0.6999999881
19809  -5.689  -57.777  -10.840 0.6000000238
24856  -18.790  -51.750  -8.031 0.6000000238
19830  -5.841  -56.832  -11.398 0.4000000060
21405  -2.742  -54.748  -5.584 0.8999999762
116763  -3.534  -54.624  -7.660 0.8000000119
20617  -3.961  -56.504  -10.949 0.8000000119
22372  -4.260  -55.279  -10.635 0.8000000119
23200  -3.583  -52.804  -7.137 0.8999999762
21504  -4.714  -55.749  -11.495 0.5000000000
21505  -5.331  -55.477  -11.840 0.5000000000
23189  -3.348  -53.103  -5.341 0.8000000119
24026  -3.696  -52.274  -5.756 0.8000000119
24032  -3.991  -51.768  -7.212 0.8000000119
24852  -4.620  -50.965  -7.590 0.8000000119
24863  -4.823  -51.050  -8.333 0.8000000119
23238  -4.870  -53.702  -10.367 0.5000000000
26497  -15.505  -49.172  -9.859 0.8000000119
25689  -14.131  -49.703  -10.283 0.8000000119
115725  -18.216  -47.800  -8.351 0.8000000119
24909  -6.625  -51.967  -12.168 0.3000000119
24910  -7.197  -51.753  -13.016 0.3000000119
122234  -6.016  -49.424  -9.584 0.5000000000
119851  -18.256  -46.125  -8.096 0.8000000119
25698  -7.040  -49.898  -11.605 0.3000000119
117991  -13.510  -48.332  -10.812 0.6000000238
24929  -8.330  -51.583  -14.293 0.2000000030
119176  -8.383  -52.176  -14.190 0.2000000030
26566  -9.992  -49.317  -14.659 0.3000000119
127485  -8.428  -48.396  -9.693 0.5000000000
28202  -9.753  -46.742  -10.467 0.4000000060
27349  -7.919  -47.360  -10.101 0.5000000000
122804  -8.122  -49.286  -12.789 0.3000000119
28216  -12.998  -46.796  -11.311 0.4000000060
27378  -8.790  -47.332  -12.280 0.3000000119
27397  -8.570  -48.545  -12.808 0.3000000119
29123  -9.260  -45.685  -11.961 0.4000000060
28248  -9.611  -46.592  -13.096 0.2000000030
27399  -9.741  -48.420  -14.011 0.2000000030
112006  -15.759  -44.323  -10.489 0.5000000000
28249  -10.358  -46.690  -13.838 0.2000000030
30027  -12.321  -45.357  -11.611 0.4000000060
30056  -10.689  -44.824  -13.598 0.3000000119
30949  -10.991  -43.477  -13.518 0.2000000030
30026  -11.097  -44.610  -12.126 0.4000000060
30042  -10.322  -44.352  -12.638 0.4000000060
30931  -10.584  -43.896  -13.076 0.3000000119
31738  -13.409  -43.503  -12.104 0.4000000060
31767  -11.299  -42.957  -14.067 0.2000000030
86  -10.159  -93.520  -12.587 0.3000000119
38  -11.501  -93.598  -12.800 0.3000000119
33  -11.133  -94.054  -12.105 0.4000000060
34  -11.959  -94.056  -12.029 0.4000000060
82  -13.427  -93.597  -12.202 0.4000000060
115392  -14.415  -93.290  -11.651 0.5000000000
203  -15.848  -92.370  -10.996 0.6999999881
81  -12.448  -93.625  -12.740 0.4000000060
83  -15.281  -92.814  -11.791 0.6999999881
129139  -13.914  -93.374  -12.784 0.4000000060
90  -14.636  -93.124  -12.759 0.5000000000
204  -16.521  -91.903  -11.245 0.6999999881
91  -15.396  -92.685  -12.759 0.6000000238
37  -10.644  -93.771  -12.515 0.4000000060
124243  -17.012  -91.642  -10.758 0.6999999881
205  -17.187  -91.449  -11.499 0.6999999881
210  -16.667  -91.808  -12.166 0.6999999881
302  -18.001  -91.079  -11.806 0.6999999881
116481  -15.979  -92.288  -11.942 0.6000000238
311  -17.350  -91.383  -12.375 0.6999999881
125373  -17.540  -91.361  -13.050 0.6000000238
310  -16.841  -91.784  -13.216 0.6000000238
129848  -17.894  -91.143  -12.623 0.6999999881
313  -19.122  -90.465  -12.693 0.6999999881
112145  -18.056  -91.131  -13.281 0.5000000000
318  -18.643  -90.718  -13.411 0.6999999881
214  -15.385  -92.507  -13.771 0.5000000000
278  -21.529  -91.251  -8.961 0.6999999881
279  -22.220  -90.883  -8.876 0.6999999881
419  -22.813  -90.499  -10.062 0.8000000119
292  -22.604  -90.601  -9.363 0.8000000119
64  -7.190  -92.765  -8.462 0.8000000119
123008  -8.446  -93.459  -7.096 0.8000000119
123628  -9.892  -94.192  -7.768 0.6999999881
15  -9.728  -94.200  -8.513 0.6999999881
268  -21.030  -91.459  -8.212 0.6999999881
270  -22.612  -90.229  -8.711 0.6000000238
420  -23.527  -89.931  -10.175 0.8999999762
607  -23.460  -89.422  -9.630 0.6000000238
612  -24.006  -89.181  -10.335 0.8000000119
114376  -21.965  -87.203  -18.545 0.4000000060
169  -6.184  -91.683  -7.554 0.8000000119
58  -7.336  -92.649  -7.700 0.8000000119
59  -7.772  -92.960  -7.295 0.8000000119
5  -10.916  -94.058  -6.668 0.6999999881
52  -8.044  -92.890  -6.778 0.8000000119
6  -11.819  -94.034  -6.971 0.6999999881
269  -21.748  -90.846  -8.130 0.6999999881
606  -22.970  -89.538  -8.956 0.6000000238
839  -23.601  -88.884  -9.824 0.6999999881
2411  -26.335  -84.454  -18.431 0.6999999881
121929  -27.155  -84.598  -18.514 0.6000000238
120481  -26.011  -84.552  -17.804 0.6000000238
2421  -27.165  -84.393  -19.162 0.6000000238
2397  -26.290  -84.652  -17.097 0.6000000238
2396  -25.045  -84.584  -17.397 0.5000000000
113826  -27.300  -84.908  -19.107 0.6000000238
1249  -21.004  -87.755  -18.857 0.4000000060
1261  -21.650  -87.201  -19.522 0.4000000060
1599  -22.456  -86.637  -20.092 0.4000000060
259  -5.590  -91.197  -7.258 0.8000000119
158  -6.991  -91.855  -7.322 0.8000000119
51  -7.539  -92.463  -7.255 0.8000000119
2  -8.529  -93.349  -6.661 0.8000000119
4  -9.977  -94.028  -6.412 0.6999999881
118563  -6.145  -89.812  -6.916 0.8000000119
260  -6.003  -91.191  -7.109 0.8000000119
45  -8.451  -92.991  -6.238 0.8000000119
108317  -6.832  -91.512  -6.904 0.8000000119
255  -8.252  -92.292  -5.957 0.6999999881
57  -13.867  -93.070  -7.276 0.8000000119
160  -12.735  -92.885  -6.136 0.8000000119
163  -15.415  -92.368  -6.783 0.8000000119
130476  -20.001  -91.527  -7.019 0.6000000238
112018  -20.360  -91.642  -7.515 0.6999999881
120937  -16.374  -92.443  -7.663 0.6999999881
129607  -22.198  -90.534  -8.408 0.6000000238
597  -22.466  -89.661  -8.420 0.6000000238
111509  -22.630  -88.480  -9.298 0.6999999881
848  -23.176  -88.318  -9.879 0.6000000238
1174  -23.694  -87.384  -11.349 0.6000000238
1161  -22.588  -87.662  -10.511 0.6000000238
2844  -25.674  -83.727  -19.514 0.6999999881
1508  -23.164  -86.908  -11.854 0.6000000238
1520  -22.501  -86.512  -12.524 0.5000000000
2845  -26.916  -83.810  -19.525 0.6999999881
1532  -21.898  -86.131  -13.113 0.5000000000
2410  -24.761  -84.579  -18.507 0.5000000000
2419  -25.186  -84.297  -19.156 0.6000000238
2420  -26.592  -84.179  -18.976 0.6999999881
2855  -27.358  -83.363  -20.299 0.6000000238
1533  -22.831  -86.101  -13.161 0.6000000238
1902  -22.213  -85.544  -13.741 0.6000000238
2846  -27.563  -84.241  -19.937 0.6000000238
116073  -27.424  -84.970  -20.317 0.6000000238
1961  -26.806  -85.374  -19.662 0.5000000000
113961  -22.957  -84.465  -17.268 0.4000000060
1260  -20.985  -87.493  -19.836 0.4000000060
1614  -22.099  -86.513  -21.073 0.3000000119
1258  -17.310  -86.910  -19.396 0.1000000015
3  -9.115  -93.748  -6.289 0.6999999881
54  -11.456  -93.760  -6.212 0.6999999881
55  -12.271  -93.521  -6.563 0.8000000119
399  -6.860  -90.578  -6.950 0.8000000119
116756  -7.768  -92.011  -6.607 0.8999999762
46  -8.781  -92.830  -5.668 0.6999999881
47  -9.174  -93.329  -5.681 0.6999999881
53  -10.486  -93.765  -5.769 0.6999999881
161  -13.567  -92.603  -6.455 0.8000000119
124107  -6.582  -89.004  -7.110 0.8999999762
391  -7.456  -91.147  -6.768 0.6999999881
261  -7.834  -91.881  -6.286 0.8000000119
40  -9.107  -92.507  -5.028 0.6999999881
41  -9.587  -92.667  -4.676 0.6999999881
130458  -11.212  -93.484  -5.555 0.6999999881
162  -14.473  -92.401  -6.687 0.6999999881
164  -16.288  -92.438  -6.876 0.6999999881
166  -18.564  -92.216  -6.449 0.6000000238
264  -20.268  -91.111  -6.867 0.6999999881
128323  -16.987  -92.517  -7.027 0.6999999881
165  -17.749  -92.475  -6.738 0.6999999881
403  -21.436  -90.415  -7.583 0.6999999881
594  -21.444  -89.907  -7.470 0.6000000238
829  -22.496  -88.972  -8.653 0.6999999881
1160  -21.569  -87.485  -10.473 0.5000000000
837  -21.887  -88.217  -9.039 0.6000000238
847  -22.219  -87.932  -9.771 0.6000000238
2853  -24.849  -83.165  -20.025 0.6000000238
2854  -26.268  -82.999  -20.086 0.6999999881
112653  -22.865  -87.292  -11.223 0.5000000000
1507  -22.184  -86.850  -11.874 0.5000000000
2843  -24.278  -83.986  -19.683 0.6000000238
122186  -27.117  -82.601  -20.637 0.6999999881
2418  -24.004  -84.406  -19.308 0.5000000000
2409  -23.395  -84.525  -18.888 0.4000000060
2856  -27.952  -83.534  -20.858 0.6000000238
2360  -22.516  -84.517  -14.788 0.5000000000
2395  -23.775  -84.620  -17.878 0.4000000060
2427  -27.845  -84.497  -21.077 0.6000000238
2824  -22.136  -84.052  -17.711 0.4000000060
1973  -26.505  -85.416  -21.076 0.5000000000
1974  -27.447  -85.181  -21.505 0.5000000000
2372  -22.026  -83.940  -15.055 0.4000000060
1986  -25.952  -85.708  -22.404 0.5000000000
121729  -20.805  -87.547  -19.099 0.4000000060
1998  -24.439  -85.742  -23.155 0.4000000060
126437  -24.290  -85.717  -23.821 0.3000000119
1270  -21.408  -87.128  -20.465 0.3000000119
1638  -23.351  -85.939  -22.884 0.3000000119
127703  -21.626  -86.467  -21.567 0.3000000119
120926  -16.596  -87.396  -19.150 0.1000000015
1257  -16.834  -87.563  -19.862 0.1000000015
540  -11.451  -90.027  -2.780 0.6000000238
374  -11.579  -90.295  -1.787 0.5000000000
248  -11.081  -91.479  -1.865 0.5000000000
373  -10.963  -90.813  -2.088 0.6000000238
50  -11.939  -93.249  -5.813 0.8000000119
152  -13.304  -92.354  -5.581 0.6999999881
588  -7.416  -89.533  -7.252 0.8000000119
589  -8.340  -89.595  -7.273 0.8000000119
383  -8.466  -91.354  -6.004 0.8000000119
49  -10.635  -93.254  -4.989 0.6999999881
816  -9.098  -89.227  -7.182 0.8000000119
401  -8.694  -90.098  -6.982 0.6999999881
392  -8.202  -90.913  -6.615 0.6999999881
137  -8.982  -92.146  -4.755 0.8000000119
42  -10.169  -92.805  -4.393 0.6000000238
44  -11.537  -93.047  -5.033 0.6999999881
138  -9.449  -92.255  -4.375 0.6999999881
115370  -17.154  -92.518  -6.152 0.6999999881
3324  -26.385  -82.192  -20.689 0.6999999881
121213  -23.720  -83.293  -19.886 0.5000000000
3325  -27.945  -82.650  -21.004 0.6999999881
2436  -27.740  -84.481  -22.127 0.6000000238
1987  -26.910  -85.552  -22.402 0.5000000000
2805  -21.390  -83.382  -15.456 0.4000000060
1248  -20.414  -87.301  -18.805 0.4000000060
1259  -20.604  -86.981  -19.895 0.4000000060
1269  -20.820  -87.128  -20.531 0.3000000119
2006  -24.690  -85.377  -24.693 0.6000000238
1598  -20.047  -86.401  -19.297 0.3000000119
1612  -20.361  -86.624  -20.857 0.3000000119
1613  -21.127  -86.858  -21.306 0.3000000119
1646  -23.513  -85.863  -23.810 0.5000000000
1584  -19.426  -86.038  -18.740 0.1000000015
111918  -19.822  -86.305  -20.307 0.3000000119
1626  -21.351  -86.432  -21.745 0.5000000000
119800  -18.801  -85.985  -19.036 0.1000000015
1597  -19.292  -86.088  -19.593 0.2000000030
1624  -19.752  -86.696  -21.088 0.4000000060
1625  -20.689  -86.811  -21.480 0.4000000060
1654  -23.741  -85.669  -24.731 0.5000000000
1610  -18.326  -86.764  -20.365 0.3000000119
1267  -17.477  -87.328  -20.341 0.3000000119
1268  -18.046  -87.359  -21.023 0.3000000119
949  -17.316  -88.069  -21.370 0.4000000060
948  -16.685  -88.077  -20.568 0.1000000015
945  -16.217  -88.112  -19.828 0.1000000015
554  -12.268  -89.346  -3.245 0.6000000238
378  -10.926  -90.202  -3.484 0.6999999881
572  -11.524  -89.073  -5.330 0.6999999881
127356  -10.482  -90.383  -3.941 0.6999999881
119548  -10.683  -90.650  -2.726 0.6000000238
247  -10.543  -91.238  -2.521 0.6000000238
125943  -14.184  -92.203  -5.818 0.6999999881
815  -8.305  -88.715  -7.451 0.6999999881
118947  -15.147  -92.216  -5.902 0.6999999881
43  -11.018  -92.822  -4.248 0.6000000238
154  -16.132  -92.394  -5.991 0.6999999881
1988  -27.427  -85.187  -22.504 0.6000000238
2000  -26.492  -85.456  -23.333 0.5000000000
2014  -24.396  -85.143  -25.273 0.6000000238
2464  -24.267  -84.566  -25.237 0.6999999881
124306  -23.870  -84.506  -25.937 0.6000000238
1596  -18.604  -86.272  -19.653 0.3000000119
1611  -19.091  -86.418  -20.377 0.3000000119
1645  -22.561  -86.177  -23.875 0.4000000060
121797  -22.929  -85.848  -24.804 0.6000000238
2022  -23.245  -85.222  -26.061 0.6000000238
1274  -20.271  -87.053  -21.864 0.4000000060
1644  -21.603  -86.586  -23.774 0.4000000060
1653  -22.074  -86.234  -24.644 0.5000000000
1660  -22.633  -85.766  -25.468 0.5000000000
120586  -20.979  -86.950  -23.884 0.4000000060
1659  -21.618  -86.145  -25.561 0.4000000060
1582  -18.059  -86.253  -18.904 0.1000000015
1623  -18.814  -86.964  -21.107 0.3000000119
1273  -19.356  -87.345  -21.890 0.4000000060
1280  -20.501  -87.245  -22.647 0.4000000060
1643  -21.178  -86.596  -24.669 0.5000000000
1652  -20.552  -86.465  -25.733 0.5000000000
1279  -19.410  -87.724  -22.590 0.4000000060
1285  -19.760  -87.629  -23.195 0.4000000060
934  -15.898  -88.092  -18.924 0.1000000015
944  -15.521  -88.727  -19.758 0.1000000015
957  -18.346  -87.799  -21.872 0.4000000060
964  -18.395  -88.328  -22.808 0.4000000060
965  -19.033  -88.102  -23.115 0.4000000060
1284  -19.074  -87.911  -24.157 0.4000000060
112072  -17.859  -88.565  -23.306 0.4000000060
971  -18.392  -88.383  -23.659 0.4000000060
947  -15.847  -88.707  -20.669 0.1000000015
118083  -16.448  -88.518  -21.271 0.2000000030
117553  -16.711  -88.715  -22.903 0.4000000060
955  -15.653  -88.831  -21.820 0.4000000060
956  -16.624  -88.633  -22.074 0.4000000060
793  -12.313  -88.378  -5.339 0.6999999881
129301  -11.677  -88.550  -5.833 0.6999999881
553  -11.740  -89.522  -3.794 0.6000000238
579  -10.219  -89.581  -6.212 0.6999999881
126992  -11.132  -89.729  -4.495 0.6999999881
1130  -8.633  -87.785  -7.587 0.6999999881
114663  -9.194  -88.384  -7.342 0.6999999881
151  -12.420  -92.661  -5.270 0.6999999881
384  -8.973  -90.983  -5.384 0.8000000119
141  -12.020  -92.614  -4.349 0.6999999881
120010  -16.905  -92.525  -5.230 0.6999999881
2804  -21.040  -82.699  -14.888 0.4000000060
1618  -6.806  -86.016  -21.065 0.6000000238
3375  -21.706  -82.305  -26.069 0.6000000238
2907  -22.283  -83.133  -25.386 0.6999999881
1605  -6.457  -86.418  -20.367 0.6000000238
1606  -6.988  -86.463  -20.714 0.6000000238
2908  -23.225  -83.584  -26.207 0.6999999881
2910  -22.995  -83.461  -26.996 0.6999999881
1264  -6.774  -86.854  -20.063 0.6000000238
2468  -23.192  -84.223  -27.007 0.6000000238
2473  -22.627  -83.914  -27.233 0.6000000238
2030  -22.803  -84.933  -26.774 0.6000000238
2029  -21.675  -85.293  -27.097 0.6000000238
2021  -22.218  -85.604  -26.322 0.6000000238
1666  -21.128  -85.907  -26.499 0.6000000238
1665  -20.217  -86.099  -26.687 0.6000000238
699  -15.032  -89.160  -21.152 0.3000000119
120761  -17.650  -88.559  -24.066 0.4000000060
969  -16.305  -88.755  -23.692 0.4000000060
970  -17.163  -88.697  -23.481 0.4000000060
571  -10.709  -89.638  -5.383 0.6999999881
802  -10.579  -88.694  -6.575 0.6999999881
116839  -9.389  -90.953  -4.390 0.6999999881
126139  -9.546  -88.733  -7.121 0.6999999881
153  -14.759  -92.244  -5.069 0.6999999881
393  -8.930  -90.582  -6.391 0.8000000119
114125  -1.017  -84.303  -13.411 0.3000000119
117796  -0.622  -84.012  -12.780 0.4000000060
3215  0.141  -82.789  -12.405 0.3000000119
3739  0.015  -81.843  -13.030 0.2000000030
3726  0.135  -81.224  -12.396 0.3000000119
3754  -0.546  -81.287  -13.819 0.1000000015
3896  -20.414  -81.364  -27.374 0.5000000000
3381  -21.774  -82.279  -27.106 0.6999999881
3898  -21.195  -81.841  -27.787 0.6999999881
3376  -22.424  -82.941  -26.605 0.6999999881
127929  -5.930  -85.044  -21.431 0.4000000060
2440  -7.181  -84.881  -23.260 0.6999999881
2872  -17.352  -84.164  -22.366 0.6000000238
2884  -17.194  -83.934  -23.257 0.6000000238
2913  -22.102  -83.359  -27.203 0.6999999881
121632  -4.652  -84.354  -22.222 0.5000000000
2438  -5.150  -84.541  -22.815 0.5000000000
2432  -17.564  -85.320  -22.069 0.6000000238
2455  -17.990  -84.685  -22.851 0.6000000238
2867  -4.252  -84.170  -23.163 0.5000000000
1997  -18.018  -85.779  -22.768 0.6999999881
2472  -21.855  -84.038  -27.360 0.6999999881
1995  -16.486  -86.207  -21.863 0.6999999881
1996  -17.294  -86.160  -22.334 0.6999999881
1635  -18.343  -85.902  -23.436 0.6000000238
2456  -18.750  -85.054  -23.504 0.6000000238
2005  -19.179  -85.082  -24.002 0.6999999881
2033  -20.880  -85.033  -27.389 0.6000000238
1633  -16.371  -86.471  -22.607 0.8000000119
115006  -17.171  -86.453  -23.171 0.6999999881
2028  -20.661  -85.618  -27.072 0.6999999881
1640  -14.973  -85.714  -24.537 0.8000000119
1664  -19.373  -86.150  -26.640 0.8000000119
974  -17.347  -88.328  -24.939 0.4000000060
962  -15.929  -88.767  -22.833 0.4000000060
804  -12.086  -87.923  -6.045 0.6999999881
803  -11.350  -88.287  -6.344 0.6999999881
1132  -11.226  -86.997  -7.078 0.6999999881
817  -10.001  -88.251  -7.097 0.6999999881
385  -9.865  -90.255  -5.399 0.8000000119
127  -9.809  -91.974  -3.712 0.6000000238
578  -9.438  -89.824  -6.685 0.6999999881
129866  -9.248  -91.534  -4.115 0.8000000119
116934  -13.147  -92.307  -4.561 0.6999999881
129421  -13.912  -92.195  -5.085 0.6999999881
2311  -0.407  -84.309  -11.603 0.6000000238
2745  0.100  -83.594  -11.832 0.3000000119
3339  -17.169  -83.566  -21.830 0.6000000238
3338  -16.618  -82.649  -22.231 0.6000000238
2852  -17.468  -83.376  -20.282 0.6000000238
2862  -17.490  -83.768  -21.053 0.6000000238
2871  -16.648  -83.203  -22.909 0.6000000238
3382  -20.214  -82.018  -28.102 0.6999999881
2439  -6.053  -84.628  -23.395 0.6000000238
109034  -17.415  -84.218  -20.679 0.6000000238
113983  -17.484  -84.498  -21.561 0.6000000238
3893  -16.523  -81.782  -26.531 0.5000000000
3378  -17.304  -82.195  -26.366 0.5000000000
3380  -19.517  -81.955  -27.647 0.6999999881
2912  -21.210  -83.257  -27.396 0.6999999881
2437  -4.117  -84.036  -21.993 0.5000000000
123670  -16.917  -84.306  -19.686 0.6999999881
1970  -17.262  -84.914  -21.129 0.6000000238
2885  -18.202  -84.360  -23.725 0.6000000238
3374  -18.200  -82.551  -26.219 0.6000000238
2909  -19.342  -82.666  -26.746 0.6999999881
121406  -19.931  -82.419  -27.665 0.6999999881
2911  -20.503  -82.772  -27.561 0.6999999881
1969  -16.721  -85.140  -20.736 0.8000000119
1984  -16.973  -85.649  -21.518 0.6999999881
2463  -19.189  -84.736  -24.332 0.6000000238
2906  -19.544  -83.817  -26.255 0.6999999881
116231  -20.120  -83.500  -27.125 0.6999999881
112897  -20.647  -83.694  -27.373 0.6999999881
1622  -15.516  -86.185  -22.130 0.8000000119
1632  -15.219  -86.166  -23.217 0.8000000119
2012  -19.341  -85.140  -24.614 0.6999999881
2027  -19.618  -85.541  -26.770 0.8000000119
2011  -19.068  -85.552  -25.042 0.6000000238
120924  -20.017  -85.744  -26.918 0.8000000119
1647  -13.355  -86.161  -25.248 0.6000000238
954  -14.533  -88.917  -22.106 0.4000000060
972  -14.829  -88.097  -24.551 0.5000000000
973  -15.867  -88.460  -24.691 0.6000000238
961  -14.938  -88.748  -22.881 0.4000000060
968  -15.337  -88.650  -23.773 0.5000000000
126133  -16.845  -88.658  -24.363 0.6000000238
1092  -13.793  -87.336  -4.534 0.6000000238
1104  -12.866  -87.513  -5.664 0.6000000238
1117  -12.546  -87.117  -6.327 0.6999999881
112563  -14.216  -92.293  -4.361 0.6999999881
120782  -0.228  -84.475  -10.953 0.6999999881
2312  -0.798  -84.318  -11.675 0.6000000238
2294  0.023  -84.240  -11.191 0.6000000238
117743  0.290  -83.500  -11.100 0.4000000060
3725  0.268  -81.906  -12.023 0.3000000119
3713  0.470  -81.746  -11.054 0.3000000119
4237  0.310  -80.642  -11.100 0.2000000030
4788  0.066  -79.824  -11.718 0.2000000030
3329  -17.272  -82.789  -21.146 0.6000000238
125618  -15.835  -82.198  -23.457 0.5000000000
3892  -15.758  -82.056  -26.394 0.5000000000
2841  -17.317  -83.434  -19.517 0.6000000238
3354  -15.869  -82.743  -23.844 0.5000000000
2883  -16.454  -83.334  -23.749 0.6000000238
2452  -6.827  -84.465  -24.053 0.6000000238
2450  -5.121  -84.197  -23.929 0.6000000238
2893  -17.222  -83.641  -24.237 0.6000000238
2894  -18.463  -83.919  -24.726 0.6000000238
3347  -2.973  -82.403  -23.214 0.5000000000
2866  -3.574  -83.729  -22.720 0.5000000000
118845  -15.902  -85.112  -20.512 0.6999999881
1983  -15.927  -85.619  -21.244 0.6999999881
2895  -19.211  -84.153  -25.237 0.6999999881
2467  -19.892  -84.691  -26.938 0.6999999881
2470  -20.461  -84.506  -27.302 0.6999999881
111033  -14.936  -85.070  -20.838 0.8000000119
1982  -14.617  -85.583  -21.689 0.8000000119
2020  -19.300  -85.338  -25.865 0.6999999881
1994  -14.252  -85.751  -22.822 0.8000000119
960  -13.994  -88.518  -22.955 0.3000000119
967  -14.399  -88.320  -23.725 0.4000000060
692  -13.742  -89.946  -20.841 0.2000000030
1105  -13.682  -87.012  -5.220 0.6999999881
1444  -13.781  -85.828  -6.241 0.6000000238
1433  -13.420  -86.662  -5.973 0.6999999881
1443  -13.017  -86.270  -6.610 0.6999999881
1460  -12.585  -85.736  -7.123 0.6999999881
1115  -10.881  -87.869  -6.854 0.6999999881
2732  0.284  -83.862  -10.309 0.5000000000
3193  0.474  -82.786  -10.638 0.4000000060
3851  -16.785  -81.899  -21.741 0.6000000238
3882  -14.999  -81.973  -24.875 0.5000000000
3888  -15.419  -82.439  -25.931 0.5000000000
3891  -15.163  -81.849  -26.313 0.5000000000
3353  -15.296  -82.139  -24.090 0.5000000000
3377  -16.248  -82.449  -26.127 0.5000000000
3367  -16.133  -83.171  -24.649 0.5000000000
125731  -15.931  -82.853  -25.514 0.5000000000
2904  -17.180  -83.073  -25.517 0.5000000000
3857  -2.558  -81.698  -22.964 0.6000000238
4370  -1.841  -80.533  -22.355 0.5000000000
4359  -1.260  -80.192  -21.614 0.5000000000
119327  -13.664  -88.748  -22.328 0.3000000119
126974  0.455  -82.920  -9.116 0.4000000060
116545  0.498  -81.946  -10.070 0.4000000060
4917  -1.666  -79.411  -22.796 0.5000000000
4906  -0.634  -79.155  -21.403 0.5000000000
4907  -1.239  -78.972  -22.309 0.5000000000
2722  0.310  -83.756  -9.347 0.6000000238
3173  0.415  -83.098  -7.902 0.6000000238
4226  0.313  -80.396  -10.098 0.2000000030
4773  0.230  -79.704  -10.776 0.2000000030
5451  -17.941  -78.924  -21.140 0.5000000000
5450  -17.319  -78.402  -21.933 0.5000000000
5971  -16.152  -77.233  -21.951 0.5000000000
6568  -15.797  -76.519  -21.540 0.5000000000
4918  -2.513  -79.204  -23.248 0.5000000000
4919  -3.162  -79.118  -23.147 0.6000000238
5434  0.158  -78.660  -19.969 0.5000000000
5456  -2.724  -78.533  -22.939 0.6000000238
130418  -14.060  -75.392  -21.929 0.4000000060
117055  -0.459  -78.050  -20.568 0.5000000000
5446  -0.911  -78.730  -21.685 0.5000000000
5965  -1.135  -77.956  -21.399 0.5000000000
5454  -1.584  -78.340  -22.193 0.5000000000
3179  0.454  -82.495  -8.569 0.6000000238
130147  0.262  -80.210  -9.256 0.5000000000
3702  0.395  -81.122  -9.446 0.5000000000
4763  0.180  -79.423  -9.028 0.4000000060
125872  0.192  -78.871  -9.620 0.3000000119
6567  -15.027  -76.028  -21.760 0.5000000000
4360  -3.969  -80.101  -22.914 0.6999999881
112652  -0.169  -77.566  -19.927 0.5000000000
5979  -2.457  -77.369  -22.340 0.5000000000
5951  -0.697  -77.119  -20.913 0.5000000000
7746  -13.271  -74.782  -22.301 0.4000000060
3692  0.428  -81.494  -8.519 0.6000000238
4750  0.229  -80.050  -8.476 0.5000000000
4908  -3.468  -79.074  -22.373 0.6999999881
4349  -4.233  -80.252  -21.331 0.6999999881
4350  -5.128  -80.666  -20.739 0.8999999762
4351  -6.007  -80.439  -20.743 0.8000000119
5980  -2.816  -77.805  -22.375 0.6000000238
5435  -3.436  -78.538  -21.491 0.8000000119
4896  -3.850  -79.436  -20.805 0.8000000119
4898  -5.470  -79.889  -20.173 0.8000000119
8350  -12.271  -73.668  -22.584 0.4000000060
7745  -12.447  -74.543  -22.789 0.3000000119
6520  -0.394  -76.362  -20.152 0.5000000000
121156  -1.491  -76.817  -21.797 0.5000000000
8349  -11.339  -73.261  -22.950 0.2000000030
4888  -4.164  -79.242  -19.825 0.8999999762
118738  -11.214  -72.414  -22.657 0.2000000030
3676  0.430  -81.451  -7.618 0.6000000238
4194  0.347  -80.715  -8.029 0.6000000238
4751  0.149  -79.280  -8.188 0.3000000119
126185  -1.318  -74.403  -20.927 0.6999999881
7127  -1.715  -75.174  -21.469 0.6000000238
6561  -2.003  -75.870  -22.024 0.6000000238
5967  -3.236  -77.559  -21.892 0.6999999881
7126  -0.916  -75.362  -20.644 0.5000000000
5952  -1.153  -76.096  -21.216 0.6000000238
111843  -3.316  -76.953  -21.194 0.8000000119
5953  -3.396  -77.975  -20.723 0.8000000119
4183  0.415  -80.771  -6.441 0.6000000238
109707  0.260  -79.961  -6.628 0.6000000238
4736  0.117  -79.208  -7.286 0.5000000000
7128  -3.500  -74.816  -21.040 0.8000000119
7728  -2.948  -74.436  -21.332 0.6999999881
7146  -3.302  -75.308  -21.629 0.6999999881
6541  -3.554  -75.930  -20.882 0.8000000119
130043  -0.373  -74.186  -19.850 0.6000000238
5407  -3.938  -77.963  -18.975 0.8999999762
7674  0.004  -74.657  -18.155 0.5000000000
4739  -4.585  -79.343  -7.419 0.6999999881
110981  0.399  -80.441  -5.749 0.6000000238
4711  0.230  -79.583  -5.665 0.6000000238
8316  -1.697  -73.169  -20.681 0.6999999881
8297  -0.590  -73.401  -20.058 0.6999999881
4700  -3.113  -78.856  -4.947 0.6999999881
4160  0.463  -80.579  -4.304 0.6999999881
113366  0.385  -80.086  -4.909 0.6000000238
4723  0.099  -79.033  -6.382 0.6000000238
5261  -0.035  -78.224  -6.201 0.5000000000
8933  -1.094  -72.755  -20.494 0.6999999881
7685  -0.090  -73.893  -19.109 0.6000000238
4697  0.283  -79.819  -3.951 0.6999999881
5235  0.171  -79.243  -4.789 0.6000000238
5772  -0.185  -77.922  -5.424 0.5000000000
9528  -1.334  -71.605  -19.710 0.6999999881
125055  0.213  -73.232  -17.661 0.6999999881
8284  0.003  -72.958  -18.818 0.8000000119
4698  0.002  -78.847  -3.977 0.6000000238
5236  -0.091  -78.415  -4.728 0.5000000000
9516  -1.084  -71.048  -19.358 0.6999999881
9517  -1.779  -71.193  -19.177 0.6999999881
8907  -0.454  -71.918  -19.134 0.6999999881
8898  0.056  -72.287  -18.206 0.6999999881
10142  -1.239  -70.487  -18.890 0.8000000119
8884  0.212  -72.494  -17.199 0.5000000000
8897  0.024  -71.466  -17.563 0.4000000060
9505  -0.403  -71.352  -18.499 0.6999999881
116382  -0.603  -70.412  -18.128 0.6000000238
6300  -1.223  -76.831  -3.025 0.4000000060
125760  -0.811  -77.578  -2.916 0.5000000000
10111  -0.417  -70.051  -17.113 0.6000000238
5742  -1.161  -77.279  -2.242 0.4000000060
6301  -1.700  -76.225  -2.611 0.4000000060
6293  -1.760  -76.422  -1.112 0.4000000060
8883  0.281  -71.978  -16.500 0.4000000060
10830  -0.694  -69.190  -17.007 0.6999999881
10110  0.114  -70.588  -16.274 0.6000000238
10096  -0.056  -69.895  -16.176 0.6999999881
10813  -0.306  -69.008  -15.941 0.6999999881
112949  0.255  -69.861  -13.742 0.6000000238
10801  0.133  -69.405  -14.791 0.6000000238
10794  0.159  -69.103  -13.122 0.4000000060
11489  -0.294  -68.502  -15.072 0.6999999881
11488  0.118  -68.842  -14.097 0.5000000000
7463  -1.510  -74.534  2.434 0.4000000060
12171  -0.831  -67.638  -15.138 0.8000000119
118567  -1.864  -74.043  3.972 0.6999999881
125046  -2.188  -72.606  3.865 0.6000000238
8027  -1.847  -73.326  3.363 0.5000000000
127716  -0.216  -68.117  -14.377 0.8000000119
5078  0.443  -78.937  7.337 0.8999999762
5635  0.481  -77.971  7.224 0.8999999762
5625  0.184  -78.157  8.886 0.8999999762
8014  -2.038  -73.400  4.286 0.6000000238
12149  -0.285  -67.474  -13.160 0.8000000119
121204  0.352  -77.739  7.898 0.8999999762
6165  -0.180  -77.052  9.897 0.8999999762
9263  -2.151  -71.862  4.623 0.5000000000
8004  -1.976  -73.412  5.152 0.6999999881
128370  -0.692  -66.765  -11.699 0.6000000238
112376  -0.407  -75.998  9.809 0.8999999762
6175  -0.119  -76.370  8.787 0.8999999762
6151  -0.429  -76.716  10.945 0.8000000119
6186  0.233  -77.104  8.247 0.8999999762
6187  0.061  -76.243  7.679 0.8999999762
8611  -2.122  -72.551  5.433 0.8000000119
12821  -0.999  -66.282  -10.760 0.6000000238
9255  -1.886  -71.619  5.685 0.8000000119
108868  -1.666  -70.944  5.085 0.8000000119
13551  -7.780  -65.966  -10.587 0.6000000238
111396  -1.919  -72.301  6.303 0.8000000119
108679  -1.725  -72.774  6.943 0.8000000119
111903  -1.826  -71.030  4.205 0.6000000238
14265  -1.170  -65.193  -9.001 0.6999999881
13525  -6.752  -65.992  -6.554 0.4000000060
9242  -1.585  -71.495  6.592 0.8000000119
9909  -1.454  -70.448  4.660 0.6999999881
9925  -1.934  -70.955  3.478 0.5000000000
126313  -1.696  -72.093  6.955 0.8000000119
114897  -1.549  -70.309  4.066 0.5000000000
9224  -1.357  -71.542  7.410 0.8999999762
9870  -0.976  -70.687  7.145 0.8000000119
9900  -1.271  -70.639  6.108 0.8000000119
9908  -1.093  -69.751  4.704 0.6999999881
110774  -1.185  -69.482  3.987 0.6000000238
10602  -1.372  -69.266  3.261 0.3000000119
9889  -0.592  -69.769  6.893 0.8000000119
9899  -1.113  -70.144  5.343 0.8000000119
111439  -0.802  -69.734  6.100 0.8000000119
11329  -1.077  -68.490  3.049 0.5000000000
15807  -0.795  -62.138  -3.675 0.6999999881
10573  -0.689  -69.070  5.619 0.8000000119
21286  -13.284  -55.379  3.686 0.8000000119
11315  -0.811  -68.427  3.913 0.6000000238
129912  -0.571  -61.630  -4.190 0.6999999881
112252  -0.777  -68.792  4.731 0.6999999881
19621  -14.523  -55.728  3.610 0.8000000119
20443  -15.429  -55.725  3.441 0.8000000119
12704  -0.640  -65.604  1.209 0.5000000000
13403  -0.515  -64.676  1.667 0.4000000060
11996  -0.650  -67.046  2.885 0.5000000000
12694  -0.517  -65.988  2.020 0.6000000238
115303  -0.446  -65.208  2.077 0.6000000238
116507  -16.940  -55.511  3.101 0.8999999762
18856  -4.619  -58.339  1.381 0.8000000119
18155  -0.990  -59.719  -3.441 0.6999999881
18834  -12.416  -57.761  3.855 0.8000000119
19636  -16.782  -56.317  3.123 0.6000000238
18850  -18.064  -57.365  2.587 0.5000000000
14157  -0.546  -63.987  1.997 0.6000000238
18844  -5.756  -58.401  1.779 0.8000000119
21298  -17.765  -55.621  2.855 0.8000000119
19637  -17.793  -56.146  2.958 0.5000000000
14933  -0.596  -63.339  1.743 0.6000000238
17276  -4.107  -59.911  1.675 0.8000000119
19639  -19.026  -55.845  2.463 0.6000000238
18089  -3.817  -58.958  1.316 0.8000000119
20454  -18.636  -55.626  2.396 0.6999999881
16472  -2.376  -60.374  1.445 0.8000000119
17274  -2.216  -59.846  1.049 0.6999999881
119038  -19.565  -55.227  -0.936 0.5000000000
18909  -1.392  -58.407  -3.009 0.6999999881
16471  -1.766  -61.147  1.603 0.8000000119
22250  -20.045  -54.413  -0.884 0.3000000119
116451  -1.106  -61.706  1.593 0.6999999881
23989  -19.299  -52.756  -0.954 0.4000000060
130264  -19.971  -52.855  -0.689 0.4000000060
24793  -19.717  -52.065  -0.490 0.5000000000
17273  -1.214  -61.025  1.105 0.5000000000
24792  -18.498  -51.433  -0.655 0.6000000238
24791  -17.784  -51.211  -0.972 0.6000000238
24800  -18.206  -51.889  -1.335 0.5000000000
25595  -17.311  -50.618  -0.478 0.6000000238
24799  -17.458  -51.631  -1.764 0.6999999881
25604  -17.043  -50.952  -1.320 0.6000000238
24776  -19.549  -51.319  0.077 0.4000000060
118660  -19.112  -51.582  -0.410 0.5000000000
25594  -16.569  -50.276  -0.829 0.6000000238
24807  -17.121  -52.043  -2.637 0.6000000238
24798  -16.742  -51.316  -2.197 0.6999999881
24775  -18.784  -51.083  -0.006 0.5000000000
25596  -18.044  -50.872  -0.201 0.4000000060
26429  -16.925  -50.041  0.006 0.5000000000
25610  -16.015  -51.015  -2.587 0.6999999881
24806  -16.442  -51.611  -3.114 0.6999999881
24011  -16.842  -52.195  -4.106 0.8000000119
25603  -16.341  -50.687  -1.708 0.6000000238
24003  -16.908  -52.265  -3.524 0.6999999881
22291  -3.537  -54.389  -3.912 0.5000000000
23176  -3.482  -53.868  -4.231 0.6000000238
24805  -15.785  -51.192  -3.523 0.8000000119
24814  -16.306  -51.686  -3.896 0.8000000119
24821  -16.380  -51.531  -4.313 0.8000000119
22299  -4.130  -53.964  -4.132 0.5000000000
117433  -18.308  -51.842  -5.002 0.8000000119
23182  -3.846  -53.284  -4.652 0.6999999881
24008  -3.752  -52.750  -5.137 0.6999999881
24830  -20.060  -51.568  -5.542 0.6999999881
25621  -15.177  -50.643  -4.635 0.6999999881
125310  -16.593  -51.399  -4.532 0.8000000119
24828  -17.424  -51.502  -4.807 0.8000000119
117844  -18.598  -50.907  -5.101 0.8000000119
128486  -5.892  -52.110  -6.175 0.5000000000
24027  -5.245  -51.545  -5.957 0.6000000238
121129  -20.202  -50.965  -5.704 0.6999999881
24842  -4.484  -51.086  -6.775 0.6999999881
121799  -4.504  -51.411  -5.940 0.6999999881
24033  -6.467  -51.667  -7.137 0.6000000238
24844  -20.374  -51.336  -6.547 0.6999999881
25631  -20.033  -50.312  -5.658 0.6999999881
24040  -7.780  -52.036  -8.370 0.6000000238
24820  -15.862  -50.901  -4.612 0.6999999881
24827  -16.606  -50.871  -4.728 0.6999999881
25629  -17.595  -50.516  -4.913 0.8000000119
119929  -19.634  -50.877  -5.390 0.8000000119
24854  -5.565  -50.683  -7.215 0.6999999881
24034  -7.159  -51.930  -7.728 0.6000000238
25643  -20.405  -50.716  -6.055 0.6999999881
24853  -5.080  -50.629  -7.422 0.6999999881
24866  -7.027  -50.967  -7.977 0.6000000238
24041  -8.319  -51.990  -8.907 0.6000000238
25655  -20.211  -50.502  -6.734 0.8000000119
26471  -20.197  -49.842  -6.183 0.8000000119
24873  -8.521  -51.217  -9.267 0.5000000000
24049  -8.907  -52.380  -9.387 0.6000000238
24887  -10.417  -51.104  -10.338 0.6000000238
114370  -15.776  -50.382  -4.869 0.6999999881
115925  -16.738  -50.112  -4.847 0.8000000119
26455  -17.744  -49.514  -4.866 0.6999999881
25630  -18.433  -50.009  -5.065 0.8000000119
26456  -18.741  -49.247  -5.132 0.8000000119
116815  -19.305  -49.983  -5.306 0.8000000119
27297  -19.904  -49.088  -5.919 0.6999999881
26458  -19.847  -49.639  -5.666 0.8000000119
128093  -5.490  -50.403  -7.652 0.6999999881
24867  -7.704  -51.076  -8.614 0.6000000238
26484  -20.021  -49.678  -6.926 0.6999999881
27326  -20.011  -49.183  -6.471 0.6000000238
24874  -9.361  -50.860  -9.873 0.5000000000
27325  -19.807  -48.881  -6.996 0.8000000119
119073  -9.301  -51.870  -9.738 0.6000000238
24064  -10.929  -51.818  -10.293 0.6000000238
27289  -17.398  -48.831  -4.743 0.6000000238
28149  -17.518  -48.019  -4.791 0.6000000238
129832  -18.474  -47.962  -5.117 0.6000000238
27295  -19.004  -48.455  -5.300 0.6999999881
24865  -5.977  -50.213  -7.846 0.6999999881
116473  -6.782  -50.102  -8.353 0.6999999881
27296  -19.519  -48.429  -5.772 0.6000000238
28161  -19.527  -47.932  -6.102 0.5000000000
25685  -10.939  -50.397  -10.517 0.5000000000
27324  -19.234  -48.625  -7.591 0.6999999881
25686  -11.787  -50.657  -10.491 0.6000000238
26496  -14.958  -49.934  -9.982 0.6999999881
117380  -17.211  -47.092  -4.877 0.4000000060
28150  -18.233  -47.239  -5.175 0.4000000060
29034  -19.188  -47.293  -6.307 0.6000000238
28171  -19.511  -47.965  -6.868 0.6999999881
121636  -11.620  -49.879  -10.591 0.5000000000
126429  -11.462  -49.070  -10.662 0.4000000060
26513  -12.290  -49.389  -10.670 0.6000000238
29025  -17.857  -46.429  -5.300 0.5000000000
29026  -18.634  -46.663  -5.845 0.6000000238
29962  -18.140  -45.823  -5.826 0.6000000238
125045  -18.838  -46.464  -6.672 0.6999999881
27364  -11.852  -47.776  -10.963 0.4000000060
125820  -11.872  -48.628  -10.785 0.5000000000
111939  -18.500  -45.966  -6.315 0.6000000238
120780  -18.655  -45.871  -7.279 0.6000000238
29989  -18.428  -45.228  -7.728 0.6000000238
27365  -12.810  -47.672  -11.110 0.4000000060
29079  -9.703  -45.797  -10.843 0.3000000119
28215  -11.883  -46.660  -11.259 0.3000000119
30874  -18.303  -44.448  -8.020 0.5000000000
30897  -17.695  -44.375  -8.705 0.5000000000
116439  -10.654  -45.723  -11.261 0.4000000060
31694  -18.163  -43.559  -8.233 0.5000000000
31731  -15.745  -43.677  -10.587 0.4000000060
32545  -15.793  -42.876  -10.636 0.4000000060
34290  -16.825  -40.931  -10.026 0.2000000030
32554  -15.283  -42.326  -11.228 0.1000000015
33399  -16.469  -41.739  -10.243 0.2000000030
31739  -14.255  -42.874  -11.836 0.4000000060
32553  -14.585  -42.030  -11.862 0.2000000030
31751  -13.130  -42.664  -12.466 0.2000000030
130809  -12.562  -43.123  -12.550 0.2000000030
29137  -11.190  -45.785  -14.298 0.1000000015
34308  -16.493  -40.236  -10.527 0.2000000030
32567  -13.754  -42.020  -12.305 0.1000000015
33407  -14.326  -41.349  -12.136 0.1000000015
119820  -11.395  -43.739  -14.493 0.1000000015
89  -13.126  -93.282  -13.302 0.3000000119
444  -18.775  -90.669  -14.199 0.6999999881
1581  -17.149  -86.673  -18.412 0.1000000015
1246  -16.402  -87.303  -18.417 0.1000000015
783  -12.032  -89.030  -4.641 0.6000000238
580  -11.060  -89.010  -6.003 0.6999999881
126875  -9.665  -93.626  -12.362 0.4000000060
1989  -5.951  -84.916  -22.238 0.6000000238
2324  -0.869  -84.243  -12.461 0.6000000238
2412  -26.935  -84.679  -17.780 0.5000000000
127746  -16.624  -88.327  -25.107 0.6000000238
2026  -18.829  -85.999  -26.658 0.8000000119
1283  -13.940  -87.400  -24.416 0.6000000238
127379  -22.136  -84.977  -14.319 0.5000000000
110017  -0.207  -84.335  -8.845 0.8000000119
2277  0.035  -84.437  -9.598 0.6999999881
1993  -13.196  -85.576  -23.496 0.8000000119
966  -13.577  -87.792  -23.574 0.4000000060
13534  -0.965  -65.195  -8.166 0.6999999881
109943  -15.356  -57.693  2.618 0.6999999881
19634  -14.774  -56.805  3.215 0.8000000119
19635  -15.826  -56.565  3.118 0.6999999881
19646  -6.200  -57.608  1.648 0.8000000119
21288  -15.056  -55.231  3.542 0.6999999881
112020  -16.234  -55.719  3.313 0.6999999881
20444  -18.376  -55.747  2.691 0.6999999881
20456  -19.922  -56.291  1.624 0.3000000119
21287  -14.179  -55.304  3.624 0.8000000119
21297  -16.317  -55.094  2.974 0.8999999762
112172  -20.339  -56.432  0.996 0.6000000238
121230  -19.317  -51.036  -7.739 0.6000000238
25674  -15.789  -49.919  -9.631 0.6999999881
26483  -19.495  -49.500  -7.502 0.8000000119
120574  -3.983  -51.648  -6.307 0.6999999881
28170  -18.868  -47.671  -7.689 0.6999999881
30896  -16.832  -44.398  -9.484 0.5000000000
116955  -16.320  -43.234  -10.139 0.3000000119
29092  -9.875  -45.223  -11.431 0.4000000060
27352  -12.739  -48.647  -10.842 0.5000000000
94  -14.785  -92.934  -13.519 0.4000000060
209  -16.101  -92.249  -12.914 0.6000000238
0  -9.624  -93.683  -5.813 0.6999999881
936  -20.416  -87.928  -18.396 0.4000000060
114400  -7.004  -91.577  -7.100 0.8000000119
150  -8.649  -92.386  -5.455 0.6999999881
2394  -22.889  -84.453  -18.198 0.4000000060
2857  -28.080  -83.647  -21.659 0.6000000238
113344  -25.211  -85.438  -24.199 0.4000000060
2023  -24.036  -84.900  -25.692 0.6000000238
963  -17.512  -88.478  -22.522 0.4000000060
121423  -10.257  -90.272  -4.603 0.6999999881
2466  -24.241  -84.781  -25.557 0.6000000238
2898  -23.898  -84.242  -25.881 0.6999999881
1278  -18.919  -87.891  -22.465 0.4000000060
3890  -21.174  -81.654  -26.829 0.6999999881
3379  -18.514  -81.931  -26.800 0.5000000000
2905  -18.742  -83.306  -25.728 0.6000000238
5966  -2.996  -76.851  -22.146 0.5000000000
6563  -3.328  -76.206  -21.749 0.6999999881
110752  -19.109  -57.498  2.253 0.4000000060
19638  -18.728  -56.527  2.606 0.5000000000
23151  -19.639  -53.538  -0.974 0.3000000119
23988  -18.907  -52.071  -0.876 0.4000000060
25609  -15.371  -50.633  -3.019 0.6000000238
24813  -15.736  -51.149  -4.239 0.6999999881
24009  -4.088  -52.653  -4.999 0.6000000238
25616  -15.163  -50.783  -3.961 0.6000000238
24028  -5.742  -51.416  -6.560 0.6000000238
24843  -4.994  -50.875  -6.530 0.6999999881
24831  -20.423  -51.454  -5.919 0.8000000119
24855  -6.423  -51.007  -7.537 0.6000000238
25654  -19.742  -50.340  -7.364 0.6999999881
121311  -20.002  -51.186  -7.210 0.6999999881
26450  -16.892  -49.362  -4.760 0.8000000119
27294  -18.193  -48.638  -4.947 0.6999999881
26457  -19.461  -49.103  -5.494 0.8000000119
27308  -19.776  -48.548  -6.322 0.6000000238
27288  -16.574  -48.754  -4.762 0.6000000238
28151  -19.045  -47.670  -5.621 0.5000000000
29044  -19.174  -47.168  -7.002 0.6999999881
29024  -16.930  -46.266  -5.052 0.4000000060
124391  -18.615  -45.702  -6.740 0.6999999881
29969  -18.330  -45.194  -6.410 0.6000000238
29977  -18.620  -45.137  -7.046 0.6000000238
33398  -16.024  -41.354  -10.811 0.2000000030
128286  -15.982  -42.167  -10.608 0.2000000030
116119  -15.148  -41.422  -11.560 0.1000000015
31768  -11.964  -42.474  -13.172 0.1000000015
614  -7.331  -89.088  -12.048 0.1000000015
853  -8.047  -88.503  -11.365 0.1000000015
125609  -8.509  -88.873  -10.778 0.1000000015
113444  -6.790  -88.204  -13.001 0.1000000015
877  -6.133  -88.398  -13.285 0.1000000015
752  -8.565  -88.799  -2.701 0.4000000060
753  -9.361  -88.531  -2.350 0.3000000119
740  -8.989  -88.448  -1.947 0.3000000119
539  -7.889  -89.178  -3.204 0.4000000060
122179  -8.066  -89.051  -4.128 0.4000000060
765  -8.599  -88.997  -3.433 0.4000000060
1087  -7.468  -88.341  -4.894 0.4000000060
865  -7.174  -88.387  -12.527 0.1000000015
843  -9.275  -88.690  -10.240 0.1000000015
1165  -7.794  -87.303  -11.945 0.1000000015
842  -8.692  -87.998  -10.826 0.1000000015
1511  -6.653  -87.430  -13.292 0.1000000015
115831  -7.635  -88.895  -2.674 0.3000000119
1059  -9.430  -88.200  -1.262 0.3000000119
741  -9.609  -88.346  -1.738 0.4000000060
766  -9.228  -88.734  -3.109 0.5000000000
781  -7.050  -89.033  -4.259 0.4000000060
121198  -6.485  -88.366  -4.793 0.4000000060
782  -9.056  -88.525  -4.095 0.5000000000
1102  -7.842  -87.418  -5.384 0.6000000238
1430  -8.210  -86.449  -5.632 0.6000000238
113081  -9.150  -87.760  -4.847 0.6000000238
111499  -5.937  -84.853  -5.981 0.6000000238
2231  -6.832  -85.100  -5.969 0.6000000238
118864  -6.792  -85.904  -5.710 0.6000000238
2230  -5.653  -84.122  -6.129 0.6000000238
1166  -8.194  -87.564  -11.439 0.1000000015
1178  -7.314  -87.541  -12.552 0.1000000015
113395  -18.912  -90.379  -16.565 0.3000000119
763  -6.563  -89.280  -3.564 0.4000000060
538  -6.819  -89.151  -2.858 0.4000000060
1058  -8.685  -87.788  -1.851 0.3000000119
118865  -8.756  -86.986  -1.639 0.3000000119
130702  -5.880  -89.273  -3.503 0.4000000060
780  -5.567  -88.344  -4.496 0.4000000060
742  -10.015  -88.357  -2.141 0.4000000060
117335  -10.197  -88.206  -1.243 0.4000000060
1076  -10.383  -87.841  -3.047 0.5000000000
1101  -6.845  -87.518  -5.335 0.6000000238
1075  -9.790  -88.202  -3.576 0.5000000000
1089  -9.768  -87.713  -4.414 0.6000000238
1090  -10.300  -87.593  -3.921 0.5000000000
1103  -8.778  -87.203  -5.331 0.6000000238
1423  -9.645  -87.056  -5.143 0.6000000238
4185  -4.909  -79.568  -6.693 0.6000000238
3662  -5.325  -81.320  -6.772 0.6000000238
3155  -4.932  -82.913  -6.041 0.6000000238
4186  -5.234  -80.169  -7.032 0.6000000238
3163  -5.426  -82.342  -6.519 0.6000000238
2695  -6.367  -83.610  -6.461 0.6000000238
3164  -6.315  -82.620  -6.749 0.6000000238
453  -19.377  -90.255  -14.538 0.4000000060
681  -19.875  -88.685  -18.089 0.2000000030
1235  -19.624  -87.641  -17.653 0.2000000030
1067  -7.258  -88.277  -2.420 0.3000000119
1068  -8.194  -88.366  -2.401 0.3000000119
552  -5.979  -89.343  -2.901 0.4000000060
1398  -9.343  -87.565  -1.018 0.4000000060
1754  -9.379  -86.673  -1.109 0.4000000060
1048  -9.892  -87.970  -0.451 0.4000000060
1755  -9.920  -86.162  -0.351 0.4000000060
1388  -9.914  -87.174  -0.044 0.4000000060
1086  -5.864  -87.520  -5.075 0.5000000000
108156  -10.719  -87.838  -0.385 0.4000000060
1069  -10.747  -87.744  -2.144 0.5000000000
1077  -11.098  -87.278  -2.957 0.5000000000
1801  -6.084  -85.598  -5.725 0.6000000238
1424  -10.480  -86.893  -4.594 0.5000000000
2685  -5.082  -83.625  -5.950 0.6000000238
376  -9.646  -91.446  -3.726 0.6000000238
139  -9.976  -92.369  -3.955 0.6000000238
130279  -7.128  -84.521  -6.169 0.6000000238
1802  -7.572  -85.703  -5.802 0.6000000238
698  -13.948  -89.310  -21.563 0.3000000119
1407  -8.147  -86.707  -2.291 0.3000000119
1766  -8.818  -85.911  -2.182 0.3000000119
751  -6.884  -88.792  -2.497 0.4000000060
111021  -10.213  -86.514  0.541 0.4000000060
1036  -10.486  -87.588  0.326 0.4000000060
1375  -10.460  -87.159  1.061 0.4000000060
1422  -6.215  -86.553  -5.488 0.5000000000
1060  -11.198  -87.595  -1.272 0.4000000060
1061  -11.814  -87.347  -0.448 0.4000000060
1408  -11.693  -86.865  -2.328 0.5000000000
1794  -11.007  -85.912  -4.872 0.6000000238
3661  -5.153  -80.746  -6.499 0.6000000238
1431  -9.239  -86.145  -5.555 0.6000000238
1432  -10.182  -86.159  -5.228 0.6000000238
377  -10.162  -90.909  -3.196 0.6000000238
39  -10.654  -92.441  -3.605 0.6000000238
1804  -10.050  -85.218  -5.594 0.6000000238
123962  -10.844  -84.757  -5.460 0.6000000238
140  -11.517  -92.573  -3.476 0.6000000238
2232  -7.816  -84.713  -6.087 0.6000000238
1803  -9.269  -85.190  -5.825 0.6000000238
2234  -10.544  -84.064  -5.743 0.6000000238
2687  -11.335  -83.228  -6.092 0.6000000238
112041  -13.555  -92.633  -1.855 0.5000000000
122  -12.479  -92.532  -1.910 0.5000000000
123  -14.221  -92.610  -2.662 0.5000000000
3663  -5.950  -81.646  -7.068 0.6000000238
2700  -11.956  -82.854  -6.626 0.6000000238
130552  -13.932  -92.557  -3.170 0.5000000000
114591  -15.238  -92.502  -2.715 0.5000000000
402  -20.766  -90.458  -7.042 0.6000000238
596  -21.972  -89.437  -7.990 0.6000000238
1767  -9.657  -85.650  -1.530 0.2000000030
2167  -10.405  -85.178  -0.954 0.3000000119
2629  -11.700  -83.835  -0.699 0.2000000030
2147  -15.788  -84.741  1.395 0.2000000030
1743  -16.324  -85.395  1.415 0.2000000030
1744  -17.108  -86.088  1.233 0.2000000030
1368  -17.670  -86.810  1.621 0.1000000015
1028  -18.151  -87.360  1.962 0.2000000030
2168  -11.036  -84.631  -0.496 0.2000000030
1360  -16.941  -86.601  2.117 0.2000000030
2154  -10.615  -85.489  0.262 0.4000000060
779  -4.752  -88.303  -3.998 0.4000000060
1085  -4.996  -87.494  -4.601 0.5000000000
1747  -10.593  -86.277  1.231 0.4000000060
1037  -11.072  -87.543  1.189 0.4000000060
1793  -4.844  -85.805  -4.944 0.5000000000
1738  -11.175  -86.125  1.997 0.4000000060
1364  -10.751  -86.847  1.732 0.4000000060
1049  -11.248  -87.653  0.412 0.4000000060
1800  -5.299  -85.144  -5.490 0.6000000238
1415  -11.584  -86.556  -3.341 0.5000000000
1399  -12.307  -86.690  -1.422 0.4000000060
2229  -4.945  -84.278  -5.537 0.6000000238
250  -10.187  -91.588  -3.092 0.6000000238
128  -10.464  -92.077  -3.076 0.6000000238
120  -11.049  -91.968  -2.211 0.5000000000
113318  -14.706  -92.569  -1.900 0.5000000000
2247  -7.341  -83.881  -6.319 0.6000000238
114771  -12.588  -92.510  -3.588 0.6000000238
3679  -6.575  -80.702  -7.496 0.6000000238
2248  -8.426  -83.740  -6.208 0.6000000238
2686  -10.437  -83.199  -6.092 0.6000000238
2688  -12.198  -83.452  -6.027 0.6000000238
125583  -5.999  -80.130  -7.708 0.6000000238
133  -15.771  -92.465  -3.419 0.5000000000
117158  -16.178  -92.514  -4.044 0.6000000238
111338  -18.148  -92.367  -5.873 0.6000000238
116627  -19.145  -91.837  -6.473 0.5000000000
157  -19.191  -91.489  -6.114 0.5000000000
397  -19.992  -90.787  -6.514 0.5000000000
2619  -12.359  -83.772  0.253 0.3000000119
2631  -13.141  -83.018  -0.153 0.2000000030
1749  -16.896  -85.421  0.720 0.2000000030
2621  -14.150  -83.444  0.750 0.2000000030
2157  -14.530  -83.998  1.327 0.3000000119
1367  -16.523  -86.018  1.884 0.2000000030
761  -4.659  -88.927  -3.237 0.4000000060
2169  -11.463  -84.538  0.258 0.4000000060
2219  -4.496  -84.061  -4.851 0.6000000238
1748  -11.174  -85.268  1.131 0.4000000060
1376  -10.890  -87.257  1.708 0.4000000060
2143  -11.896  -85.046  1.650 0.4000000060
1365  -11.139  -86.984  2.229 0.4000000060
128863  -11.648  -87.559  0.934 0.4000000060
3162  -4.994  -81.905  -6.139 0.6000000238
3154  -4.768  -82.644  -5.489 0.6000000238
121  -11.623  -92.286  -1.984 0.5000000000
2249  -9.492  -83.552  -6.074 0.6000000238
142  -13.620  -92.421  -3.676 0.5000000000
3664  -6.973  -81.620  -7.126 0.6000000238
125381  -7.096  -83.119  -6.559 0.6000000238
2702  -13.180  -83.942  -6.406 0.6000000238
1813  -13.362  -85.440  -6.772 0.6000000238
111566  -15.874  -92.433  -4.980 0.6000000238
144  -16.947  -92.515  -4.330 0.6000000238
120194  -17.799  -92.418  -5.263 0.6000000238
145  -17.592  -92.416  -4.658 0.6000000238
155  -18.438  -92.116  -5.215 0.6000000238
135  -17.867  -92.211  -3.950 0.5000000000
134  -17.081  -92.315  -3.259 0.5000000000
156  -18.797  -91.916  -5.724 0.6000000238
148  -18.920  -91.588  -5.583 0.6000000238
258  -19.643  -91.123  -6.351 0.5000000000
583  -20.063  -90.257  -6.627 0.6000000238
4198  -8.039  -80.431  -8.184 0.6000000238
2158  -15.489  -84.138  1.092 0.2000000030
1413  -4.054  -86.568  -3.770 0.5000000000
1792  -4.348  -85.651  -4.178 0.5000000000
1799  -4.614  -84.917  -4.889 0.6000000238
2684  -4.739  -83.458  -5.439 0.6000000238
1355  -11.687  -86.643  2.636 0.4000000060
3648  -5.210  -80.630  -5.288 0.6000000238
131  -13.204  -92.596  -2.795 0.5000000000
2697  -9.039  -82.785  -6.339 0.6000000238
143  -15.228  -92.411  -4.242 0.6000000238
132  -14.612  -92.481  -3.484 0.5000000000
3166  -8.614  -82.132  -6.640 0.6000000238
2696  -8.018  -82.999  -6.454 0.6000000238
2238  -13.651  -84.331  -5.705 0.6000000238
3665  -8.152  -81.519  -7.068 0.6000000238
146  -18.254  -92.134  -4.613 0.6000000238
3145  -4.865  -82.300  -4.632 0.6000000238
3636  -4.902  -81.695  -5.430 0.6000000238
4726  -4.291  -78.928  -6.537 0.6000000238
4173  -5.183  -80.042  -5.995 0.6000000238
147  -18.634  -91.807  -4.928 0.5000000000
2209  -4.201  -85.167  -3.485 0.5000000000
2666  -4.448  -83.801  -4.075 0.6000000238
2678  -4.577  -83.228  -4.773 0.6000000238
4716  -5.055  -78.776  -5.039 0.6000000238
3637  -5.234  -81.251  -4.517 0.6000000238
5251  -4.293  -78.623  -5.565 0.6000000238
4174  -5.309  -79.560  -5.194 0.6000000238
4680  -3.465  -78.765  -4.185 0.6000000238
5238  -4.586  -78.556  -4.655 0.6000000238
4701  -5.464  -79.210  -4.292 0.6000000238
3132  -4.826  -82.937  -3.872 0.6000000238
3133  -5.273  -81.899  -3.593 0.6000000238
4141  -2.678  -80.238  -3.753 0.6000000238
4127  -3.214  -79.375  -3.253 0.6000000238
3123  -5.406  -82.017  -2.673 0.6000000238
4142  -5.626  -79.851  -3.778 0.6000000238
122101  -3.088  -80.046  -2.407 0.6000000238
5208  -4.535  -78.452  -3.428 0.6000000238
120160  -1.576  -81.190  -21.181 0.2000000030
3601  -5.679  -81.617  -1.903 0.6000000238
115537  -5.593  -81.141  -2.836 0.6000000238
109053  -2.720  -83.261  0.171 0.6000000238
3600  -2.942  -81.101  -2.070 0.6000000238
113445  -5.075  -78.475  -3.317 0.6000000238
118682  -0.825  -80.432  -19.089 0.2000000030
4348  -1.078  -80.655  -20.480 0.4000000060
109741  -0.154  -79.852  -18.776 0.2000000030
3577  -5.896  -81.729  -0.946 0.6000000238
4128  -5.784  -80.100  -3.042 0.6000000238
4681  -5.697  -79.261  -3.344 0.6000000238
3584  -3.334  -81.082  -1.058 0.6000000238
4115  -3.385  -80.134  -1.665 0.6000000238
4673  -4.073  -78.624  -2.826 0.6000000238
6316  -0.632  -75.991  -5.370 0.3000000119
112317  -0.158  -76.927  -7.099 0.3000000119
4882  0.125  -79.440  -17.868 0.3000000119
5420  0.401  -79.064  -18.883 0.3000000119
4887  0.136  -79.421  -19.624 0.4000000060
3099  -5.965  -82.105  0.311 0.6000000238
3578  -6.326  -81.021  -0.448 0.6000000238
3585  -6.187  -80.791  -1.286 0.6000000238
4675  -6.044  -79.358  -2.333 0.6000000238
5211  -6.000  -78.694  -1.864 0.6000000238
3088  -3.327  -82.270  0.630 0.6000000238
3576  -3.447  -81.580  -0.199 0.6000000238
3098  -3.075  -82.412  -0.206 0.6000000238
110417  -3.771  -80.147  -0.994 0.6000000238
4664  -4.046  -79.367  -1.393 0.6000000238
5209  -4.923  -78.408  -2.717 0.6000000238
6923  -0.980  -75.776  -4.274 0.3000000119
6918  -1.723  -75.416  -2.851 0.3000000119
6924  -1.401  -75.149  -3.660 0.3000000119
121238  -0.399  -75.701  -6.270 0.3000000119
5914  0.101  -78.172  -17.048 0.3000000119
5942  0.245  -78.089  -18.999 0.3000000119
3090  -6.283  -81.672  0.892 0.4000000060
3555  -6.672  -80.742  1.163 0.4000000060
4105  -6.700  -80.348  0.210 0.5000000000
112029  -6.627  -80.078  -0.667 0.6000000238
120352  -6.798  -79.430  -0.021 0.5000000000
4666  -6.320  -79.085  -1.550 0.6000000238
5198  -5.877  -78.555  -1.246 0.6000000238
4674  -4.594  -78.599  -1.895 0.6000000238
3073  -2.794  -83.428  2.099 0.5000000000
4650  -4.329  -79.588  -0.616 0.6000000238
6909  -1.831  -75.683  -1.860 0.3000000119
12133  -0.438  -67.997  -11.341 0.2000000030
117746  -0.634  -68.254  -10.154 0.2000000030
123084  -6.058  -81.484  3.607 0.3000000119
3539  -6.419  -81.215  2.888 0.4000000060
111199  -6.612  -80.939  2.146 0.4000000060
4092  -6.823  -79.613  0.851 0.5000000000
4630  -6.627  -78.914  0.464 0.5000000000
5186  -6.266  -78.658  -0.670 0.5000000000
5165  -5.689  -78.628  0.141 0.5000000000
5184  -5.326  -78.636  -0.566 0.5000000000
3074  -3.342  -82.521  1.667 0.5000000000
3566  -3.872  -81.199  0.532 0.6000000238
4103  -3.934  -80.553  -0.242 0.6000000238
6901  -1.776  -75.578  -0.800 0.3000000119
12131  -0.901  -67.510  -9.526 0.2000000030
11455  -0.747  -68.537  -9.016 0.2000000030
11453  -0.900  -69.011  -8.277 0.2000000030
12820  -0.820  -67.241  -10.557 0.5000000000
117220  0.071  -77.375  -15.548 0.3000000119
6472  0.097  -77.213  -16.690 0.3000000119
124939  0.107  -77.403  -17.433 0.3000000119
110090  -0.034  -76.684  -17.938 0.3000000119
6496  -0.247  -76.007  -19.081 0.3000000119
3001  -3.790  -82.818  7.444 0.1000000015
2555  -3.805  -83.753  7.114 0.1000000015
3010  -4.301  -82.829  6.711 0.1000000015
3505  -5.298  -81.824  4.909 0.2000000030
118038  -5.852  -80.645  3.658 0.4000000060
114818  -6.571  -80.307  2.548 0.4000000060
4616  -6.509  -78.997  1.230 0.4000000060
5152  -6.188  -78.687  0.721 0.5000000000
4629  -5.237  -79.113  0.580 0.5000000000
4091  -4.768  -79.759  0.957 0.6000000238
4651  -4.967  -79.021  -0.203 0.5000000000
117860  -3.635  -81.792  2.040 0.5000000000
3554  -3.784  -81.558  1.349 0.5000000000
3062  -3.305  -82.605  2.646 0.5000000000
7501  -1.526  -74.743  -1.349 0.2000000030
7051  0.205  -75.688  -15.549 0.2000000030
6456  0.111  -76.621  -15.098 0.1000000015
118874  0.137  -76.420  -16.057 0.3000000119
7077  -0.140  -75.603  -18.136 0.3000000119
108190  -0.068  -76.076  -17.110 0.3000000119
7112  -0.384  -75.463  -19.908 0.3000000119
3481  -3.848  -81.843  7.093 0.1000000015
3495  -4.095  -81.159  6.316 0.1000000015
3021  -4.447  -82.121  6.174 0.1000000015
3504  -4.645  -81.473  5.542 0.2000000030
3518  -5.567  -81.233  4.219 0.3000000119
4050  -5.254  -80.244  3.968 0.4000000060
4604  -6.178  -79.405  2.506 0.4000000060
115185  -6.284  -79.008  1.802 0.4000000060
4090  -4.290  -80.636  1.190 0.5000000000
3517  -2.349  -82.172  5.016 0.5000000000
3523  -3.005  -81.861  3.973 0.5000000000
3032  -2.404  -83.044  4.689 0.5000000000
7491  -1.367  -74.723  -0.393 0.3000000119
9452  0.346  -71.870  -14.027 0.2000000030
127945  0.320  -73.286  -13.911 0.2000000030
8233  0.321  -73.815  -14.376 0.2000000030
7626  0.271  -74.787  -14.496 0.2000000030
115610  0.072  -75.405  -16.514 0.2000000030
4037  -4.899  -80.824  4.795 0.3000000119
4057  -5.439  -79.176  2.791 0.4000000060
4599  -4.551  -78.984  3.003 0.4000000060
4603  -5.670  -79.077  2.099 0.4000000060
4598  -3.773  -78.764  3.053 0.4000000060
4602  -4.936  -79.248  2.354 0.4000000060
4614  -5.447  -79.079  1.423 0.5000000000
4055  -3.357  -79.515  3.080 0.4000000060
119704  -3.070  -80.471  3.538 0.5000000000
4056  -4.147  -80.065  2.476 0.5000000000
4077  -4.624  -79.763  1.714 0.5000000000
117117  -2.545  -80.799  4.225 0.5000000000
3524  -3.518  -80.926  3.108 0.5000000000
4076  -4.106  -80.894  1.914 0.5000000000
7485  -1.305  -74.695  0.511 0.3000000119
110207  0.290  -70.340  -14.572 0.4000000060
10095  0.275  -70.666  -15.380 0.5000000000
9465  0.400  -71.830  -14.884 0.2000000030
112087  0.348  -73.320  -15.231 0.2000000030
8257  0.314  -73.054  -16.113 0.3000000119
129062  0.336  -73.621  -15.684 0.2000000030
8258  0.219  -73.424  -16.783 0.4000000060
7649  0.078  -74.317  -17.052 0.2000000030
8273  0.172  -73.840  -18.136 0.4000000060
113007  -0.047  -75.216  -17.370 0.3000000119
5132  -2.470  -78.049  3.516 0.3000000119
4597  -2.811  -78.594  3.192 0.3000000119
7473  -1.058  -73.779  0.903 0.2000000030
7490  -0.873  -73.831  -0.899 0.2000000030
123461  -0.776  -72.863  0.446 0.2000000030
129233  0.376  -71.284  -15.121 0.5000000000
9309  -5.555  -71.607  0.989 0.1000000015
8053  -1.270  -73.758  1.763 0.3000000119
109247  -1.060  -72.938  1.197 0.2000000030
9320  -0.961  -71.892  0.104 0.2000000030
8052  -1.382  -72.985  1.965 0.2000000030
9295  -2.226  -72.116  1.567 0.2000000030
8657  -2.560  -72.521  1.071 0.1000000015
8658  -3.349  -72.570  1.286 0.1000000015
110620  -0.938  -66.005  -7.739 0.4000000060
9969  -6.242  -70.066  0.309 0.1000000015
10650  -6.734  -69.657  -0.125 0.1000000015
9322  -6.287  -71.094  0.447 0.1000000015
9970  -6.981  -70.604  -0.117 0.1000000015
8040  -1.520  -73.620  2.568 0.3000000119
9958  -5.004  -70.898  1.426 0.1000000015
9305  -1.096  -72.116  0.940 0.2000000030
9306  -1.321  -72.105  0.727 0.2000000030
9308  -4.730  -72.019  1.446 0.1000000015
8656  -1.201  -72.446  1.358 0.2000000030
118987  -0.835  -65.250  -7.441 0.5000000000
9959  -5.705  -70.465  0.904 0.1000000015
14220  -0.612  -64.502  -5.019 0.3000000119
13492  -0.719  -65.416  -4.809 0.3000000119
13504  -0.656  -65.132  -5.721 0.3000000119
126893  -0.734  -65.713  -6.259 0.3000000119
14249  -0.837  -64.335  -7.629 0.4000000060
9294  -1.908  -71.939  1.879 0.3000000119
8039  -1.670  -72.926  2.622 0.2000000030
8645  -1.736  -72.349  2.307 0.2000000030
9293  -1.700  -72.129  1.949 0.2000000030
5069  0.100  -79.239  8.984 0.6999999881
14209  -0.758  -64.759  -4.197 0.3000000119
127897  -2.025  -72.093  2.881 0.4000000060
9284  -1.892  -71.925  2.976 0.2000000030
5608  -0.703  -78.084  11.153 0.6999999881
5617  -0.063  -78.018  9.890 0.6999999881
113873  -0.354  -77.722  10.711 0.8000000119
14999  -0.729  -63.116  -3.832 0.2000000030
114196  -0.951  -64.102  -3.698 0.2000000030
15010  -0.533  -63.121  -4.757 0.4000000060
112802  -0.661  -63.899  -4.403 0.3000000119
14210  -1.478  -64.346  -3.149 0.2000000030
120628  -0.547  -62.338  -4.414 0.5000000000
14292  -9.769  -65.126  -12.530 0.4000000060
16548  -1.157  -61.785  -3.181 0.5000000000
123700  -1.562  -61.482  -2.939 0.3000000119
124497  -1.680  -60.965  -2.898 0.3000000119
17347  -0.953  -60.502  -3.465 0.5000000000
16528  -3.276  -61.777  -2.575 0.3000000119
125431  -5.641  -61.156  -2.494 0.2000000030
127668  -1.856  -59.804  -2.800 0.6000000238
18135  -2.601  -59.885  -2.663 0.5000000000
17330  -2.934  -60.782  -2.632 0.3000000119
112721  -3.510  -60.097  -2.552 0.3000000119
17329  -2.095  -60.533  -2.756 0.5000000000
17331  -3.853  -60.921  -2.521 0.3000000119
128539  -4.797  -60.868  -2.485 0.3000000119
18137  -4.882  -59.974  -2.484 0.2000000030
17328  -1.390  -60.278  -2.989 0.6000000238
126344  -1.853  -58.031  -2.773 0.6000000238
18134  -1.360  -59.337  -2.990 0.6000000238
116337  -2.223  -61.445  -2.747 0.3000000119
11338  -1.086  -67.910  2.420 0.3000000119
121580  -2.035  -58.958  -2.701 0.5000000000
113094  -3.207  -59.101  -2.592 0.4000000060
128513  -4.246  -60.291  -2.493 0.2000000030
123097  -5.604  -59.571  -2.534 0.2000000030
112700  -5.562  -60.372  -2.485 0.2000000030
112965  -1.312  -67.667  1.652 0.3000000119
18136  -4.154  -59.557  -2.515 0.3000000119
18911  -3.432  -58.275  -2.640 0.5000000000
18912  -4.137  -58.697  -2.574 0.2000000030
19700  -1.493  -57.495  -2.983 0.6000000238
18913  -4.902  -59.148  -2.531 0.2000000030
11295  -3.843  -68.559  4.447 0.6000000238
12011  -0.780  -66.962  1.989 0.3000000119
12695  -0.804  -66.444  1.347 0.3000000119
18910  -2.607  -58.182  -2.677 0.5000000000
19702  -3.114  -57.518  -2.738 0.5000000000
19703  -4.040  -57.851  -2.740 0.2000000030
19704  -4.997  -58.257  -2.758 0.2000000030
19721  -4.667  -57.355  -3.044 0.2000000030
19701  -2.133  -57.194  -2.732 0.6000000238
20505  -1.688  -56.749  -2.955 0.6999999881
20507  -3.721  -57.005  -2.937 0.6000000238
20524  -4.308  -56.508  -3.310 0.5000000000
123732  -2.776  -56.603  -2.846 0.6000000238
108804  -5.248  -56.851  -3.494 0.3000000119
124045  -3.376  -56.164  -3.087 0.6000000238
21376  -4.861  -55.903  -3.838 0.4000000060
21375  -4.050  -54.951  -3.798 0.3000000119
21374  -3.212  -55.166  -3.613 0.6000000238
21384  -4.855  -54.960  -4.289 0.3000000119
20534  -5.700  -55.806  -4.568 0.3000000119
21393  -6.998  -55.897  -5.581 0.3000000119
21391  -5.606  -55.062  -4.918 0.3000000119
128362  -6.042  -55.567  -5.009 0.3000000119
21407  -7.040  -55.422  -6.228 0.3000000119
20564  -7.599  -56.155  -6.007 0.2000000030
22304  -4.992  -54.165  -4.701 0.3000000119
21392  -6.291  -55.348  -5.516 0.3000000119
22312  -6.360  -54.591  -6.031 0.3000000119
21423  -7.393  -55.287  -6.945 0.3000000119
121940  -5.227  -53.609  -5.112 0.5000000000
22305  -5.691  -54.435  -5.385 0.3000000119
23191  -5.802  -53.568  -5.732 0.5000000000
22313  -6.905  -54.641  -6.709 0.5000000000
22325  -7.426  -54.680  -7.391 0.3000000119
21444  -8.615  -55.271  -8.035 0.3000000119
23183  -4.483  -53.197  -4.798 0.5000000000
23190  -5.097  -52.772  -5.175 0.5000000000
23197  -6.211  -53.061  -6.289 0.5000000000
112774  -7.516  -53.856  -7.811 0.4000000060
22326  -8.057  -54.716  -8.000 0.3000000119
24010  -4.486  -52.454  -5.146 0.5000000000
23196  -5.535  -52.470  -5.748 0.5000000000
22345  -8.766  -54.689  -8.447 0.3000000119
18835  -13.082  -58.137  3.563 0.6999999881
19633  -13.830  -57.496  3.246 0.6999999881
23198  -6.871  -53.677  -7.001 0.4000000060
23201  -6.437  -52.465  -6.748 0.5000000000
23202  -7.103  -52.804  -7.411 0.3000000119
23203  -8.191  -53.916  -8.440 0.4000000060
108370  -8.992  -53.981  -8.910 0.3000000119
23213  -9.933  -54.005  -9.107 0.3000000119
23214  -10.938  -53.842  -9.094 0.3000000119
23211  -7.706  -52.983  -8.143 0.5000000000
24051  -10.365  -52.737  -9.841 0.5000000000
22269  -19.080  -54.311  -1.340 0.6000000238
23163  -18.484  -53.694  -1.746 0.6000000238
22268  -18.435  -54.555  -1.804 0.6999999881
22267  -18.175  -54.622  -2.162 0.6000000238
23212  -8.427  -52.986  -8.857 0.5000000000
23226  -9.306  -53.272  -9.362 0.4000000060
23227  -10.182  -53.330  -9.559 0.4000000060
23228  -10.943  -53.131  -9.633 0.4000000060
122184  -11.538  -53.368  -9.258 0.3000000119
24050  -9.665  -52.631  -9.733 0.5000000000
23230  -13.081  -53.078  -9.086 0.3000000119
23990  -20.576  -52.467  -0.386 0.3000000119
23995  -18.525  -52.744  -1.487 0.6000000238
119329  -18.001  -53.275  -2.156 0.6000000238
22295  -18.180  -54.584  -2.679 0.6000000238
121317  -17.753  -52.429  -2.035 0.6000000238
23172  -17.922  -53.892  -2.562 0.6000000238
22296  -18.328  -54.679  -3.318 0.6000000238
26428  -16.525  -49.618  -0.366 0.3000000119
120699  -11.669  -52.799  -9.619 0.3000000119
24052  -10.970  -52.468  -10.023 0.5000000000
24053  -12.493  -52.548  -9.512 0.3000000119
24054  -13.353  -52.372  -9.430 0.3000000119
114519  -14.070  -52.211  -9.483 0.3000000119
24042  -14.979  -53.090  -9.110 0.2000000030
24043  -15.786  -53.034  -8.995 0.3000000119
24063  -10.109  -51.979  -10.093 0.5000000000
24876  -12.799  -51.825  -9.843 0.4000000060
24055  -14.744  -52.413  -9.392 0.2000000030
127305  -15.398  -52.571  -9.255 0.2000000030
24877  -13.657  -51.667  -9.700 0.3000000119
24878  -14.570  -51.587  -9.616 0.3000000119
25581  -18.302  -50.637  0.570 0.3000000119
26419  -17.338  -49.694  0.667 0.4000000060
23999  -17.488  -52.985  -2.928 0.6000000238
23177  -17.876  -53.797  -3.316 0.6999999881
26437  -16.129  -49.603  -0.918 0.3000000119
130130  -16.053  -50.140  -1.383 0.4000000060
27275  -15.835  -49.008  -1.128 0.3000000119
22328  -17.856  -54.787  -7.817 0.2000000030
23199  -20.412  -52.832  -6.598 0.4000000060
24029  -20.495  -52.108  -6.285 0.5000000000
24857  -19.575  -51.836  -7.551 0.6000000238
24888  -11.372  -51.251  -10.418 0.5000000000
24875  -11.816  -52.047  -10.099 0.5000000000
24879  -15.383  -51.159  -9.582 0.4000000060
24890  -13.176  -51.091  -10.119 0.5000000000
25672  -14.000  -50.955  -9.883 0.5000000000
116902  -14.764  -50.746  -9.796 0.4000000060
26420  -17.901  -50.117  1.092 0.3000000119
26418  -16.829  -49.255  0.198 0.2000000030
27269  -16.326  -48.808  -0.444 0.3000000119
25602  -15.730  -50.352  -2.092 0.5000000000
127517  -15.388  -50.487  -9.694 0.4000000060
24889  -12.287  -51.241  -10.286 0.5000000000
25688  -13.593  -50.342  -10.248 0.5000000000
25673  -14.298  -50.346  -10.055 0.5000000000
25574  -19.372  -50.597  1.491 0.2000000030
25573  -18.615  -50.419  1.318 0.2000000030
26413  -17.756  -49.319  1.330 0.2000000030
27264  -17.255  -48.842  0.824 0.2000000030
26441  -15.159  -49.789  -2.518 0.5000000000
26446  -14.788  -50.206  -3.544 0.5000000000
25687  -12.606  -50.341  -10.459 0.5000000000
26514  -13.257  -49.498  -10.558 0.6000000238
26414  -18.397  -49.763  1.832 0.2000000030
27259  -17.187  -48.019  0.942 0.2000000030
25615  -14.664  -50.265  -4.441 0.6000000238
25620  -14.707  -50.151  -4.991 0.6000000238
25628  -15.210  -50.429  -4.902 0.6000000238
26449  -14.272  -49.661  -4.873 0.6000000238
26454  -15.981  -49.634  -4.937 0.6000000238
3680  -7.665  -80.849  -7.520 0.6000000238
108990  -0.413  -77.043  -5.361 0.4000000060
5748  -0.687  -77.404  -3.731 0.4000000060
6308  -1.514  -76.031  -3.391 0.3000000119
5759  -0.387  -77.612  -4.625 0.4000000060
6326  -0.357  -76.508  -6.193 0.3000000119
128126  -19.069  -90.480  -15.229 0.3000000119
665  -19.180  -89.722  -17.614 0.3000000119
682  -20.582  -88.192  -18.095 0.3000000119
117887  -7.288  -80.315  -7.910 0.6000000238
14235  -0.703  -64.894  -6.699 0.3000000119
21336  -19.284  -56.017  -0.724 0.4000000060
23207  -20.144  -52.841  -7.134 0.4000000060
24858  -20.217  -52.096  -7.030 0.4000000060
119953  -19.985  -87.961  -18.168 0.2000000030
108340  0.015  -77.031  -19.058 0.3000000119
110595  -0.222  -77.412  -6.164 0.4000000060
117176  -0.704  -76.753  -4.517 0.3000000119
23164  -18.993  -53.391  -1.330 0.5000000000
25582  -19.101  -50.847  0.716 0.3000000119
25580  -17.585  -50.359  0.325 0.3000000119
24017  -4.157  -52.054  -5.368 0.5000000000
24018  -4.832  -51.988  -5.425 0.5000000000
129  -11.157  -92.342  -2.765 0.6000000238
130  -12.041  -92.569  -2.704 0.6000000238
6943  -0.759  -74.971  -5.056 0.2000000030
7631  0.211  -74.753  -15.955 0.2000000030
8224  0.243  -73.835  -13.415 0.1000000015
4048  -2.545  -79.509  3.477 0.3000000119
13523  -0.821  -65.864  -6.946 0.3000000119
110210  -3.830  -55.701  -3.443 0.5000000000
20525  -5.951  -56.534  -4.035 0.3000000119
113210  -6.416  -53.952  -6.405 0.6000000238
21354  -18.798  -55.327  -1.381 0.6000000238
23162  -18.179  -54.008  -2.126 0.6000000238
21365  -18.348  -55.517  -2.203 0.6000000238
23229  -12.234  -53.205  -9.116 0.3000000119
26436  -15.690  -49.628  -1.611 0.5000000000
26445  -14.243  -49.601  -4.042 0.5000000000
215  -16.117  -92.188  -13.772 0.5000000000
316  -17.418  -91.471  -13.834 0.5000000000
693  -14.557  -89.538  -20.576 0.1000000015
694  -15.176  -89.118  -20.371 0.2000000030
828  -21.527  -88.685  -8.363 0.5000000000
836  -20.894  -87.968  -8.889 0.4000000060
1152  -21.246  -87.706  -9.676 0.4000000060
1172  -20.906  -87.115  -11.208 0.4000000060
1505  -20.315  -86.713  -11.906 0.4000000060
1506  -21.238  -86.830  -11.919 0.4000000060
2460  -25.984  -85.044  -24.026 0.5000000000
396  -19.593  -90.689  -6.122 0.5000000000
595  -21.123  -89.205  -7.687 0.5000000000
827  -20.463  -88.496  -8.261 0.4000000060
835  -19.800  -87.900  -8.892 0.4000000060
1151  -20.213  -87.595  -9.634 0.4000000060
1159  -20.578  -87.347  -10.421 0.4000000060
1170  -19.411  -86.482  -11.734 0.4000000060
1892  -19.814  -86.112  -12.548 0.4000000060
1518  -20.743  -86.427  -12.564 0.4000000060
124846  -21.177  -86.177  -13.007 0.4000000060
1901  -20.550  -85.879  -13.115 0.3000000119
1900  -19.846  -85.337  -13.179 0.3000000119
111317  -21.300  -85.701  -13.448 0.5000000000
2346  -20.055  -84.483  -13.589 0.3000000119
1914  -20.661  -85.190  -13.597 0.3000000119
1915  -21.486  -85.059  -13.956 0.4000000060
118490  -27.897  -83.778  -22.221 0.5000000000
2449  -27.432  -84.807  -22.971 0.5000000000
2007  -26.817  -85.124  -23.646 0.5000000000
2448  -27.093  -84.762  -23.422 0.5000000000
2877  -27.662  -83.273  -22.828 0.5000000000
1999  -25.591  -85.609  -23.446 0.3000000119
2447  -26.630  -84.795  -23.694 0.5000000000
116642  -25.313  -85.018  -24.610 0.5000000000
388  -19.114  -90.963  -5.576 0.5000000000
593  -20.638  -89.742  -7.112 0.5000000000
592  -19.508  -89.591  -7.082 0.4000000060
821  -20.020  -89.035  -7.631 0.5000000000
826  -19.295  -88.401  -8.286 0.3000000119
825  -18.164  -88.264  -8.286 0.2000000030
1140  -18.675  -87.830  -8.894 0.3000000119
1158  -19.579  -87.198  -10.328 0.3000000119
1498  -19.002  -86.733  -10.941 0.4000000060
1497  -18.191  -86.385  -10.586 0.2000000030
1504  -18.541  -86.075  -11.431 0.3000000119
1517  -19.064  -85.941  -12.105 0.3000000119
1890  -18.569  -85.406  -11.971 0.3000000119
1891  -19.138  -85.386  -12.599 0.3000000119
2334  -19.210  -84.573  -13.057 0.3000000119
2777  -19.447  -83.564  -13.372 0.4000000060
2358  -20.965  -84.389  -14.004 0.4000000060
2359  -21.759  -84.355  -14.500 0.4000000060
117293  -20.482  -83.595  -13.932 0.4000000060
2791  -21.262  -83.581  -14.542 0.3000000119
2876  -27.053  -83.635  -22.992 0.5000000000
2875  -25.784  -83.809  -22.732 0.5000000000
2446  -26.079  -84.736  -23.772 0.5000000000
2015  -24.662  -85.036  -25.032 0.5000000000
2459  -25.517  -84.945  -24.458 0.6000000238
242  -11.653  -91.272  -0.683 0.4000000060
361  -12.019  -90.876  -0.129 0.4000000060
124016  -11.474  -91.495  -1.157 0.4000000060
245  -11.816  -91.664  -0.677 0.4000000060
243  -12.106  -91.442  -0.116 0.4000000060
117733  -11.976  -92.268  -1.326 0.4000000060
113  -11.983  -92.013  -0.705 0.4000000060
114  -12.739  -92.385  -0.983 0.4000000060
107  -13.142  -92.253  -0.153 0.4000000060
101  -13.354  -92.021  0.587 0.4000000060
115  -14.036  -92.502  -0.915 0.4000000060
108  -14.075  -92.312  0.060 0.4000000060
103  -15.054  -92.129  0.275 0.4000000060
104  -15.966  -91.830  0.471 0.4000000060
124  -15.830  -92.339  -2.012 0.3000000119
116  -15.317  -92.367  -1.190 0.3000000119
117  -16.386  -92.093  -1.327 0.3000000119
109  -15.922  -92.077  -0.455 0.3000000119
105  -16.669  -91.644  -0.068 0.3000000119
110  -16.719  -91.829  -0.786 0.3000000119
118  -17.071  -91.775  -1.362 0.3000000119
111  -17.102  -91.486  -0.588 0.3000000119
240  -17.282  -91.085  0.384 0.3000000119
356  -17.931  -90.520  0.524 0.3000000119
246  -17.323  -91.390  -1.180 0.3000000119
371  -17.574  -90.832  -0.852 0.3000000119
363  -17.894  -90.313  -0.133 0.3000000119
364  -18.733  -90.128  0.366 0.2000000030
521  -19.025  -89.678  -0.323 0.1000000015
107968  -17.574  -90.331  -1.431 0.3000000119
519  -17.748  -89.900  -0.818 0.3000000119
520  -18.271  -89.721  -0.499 0.2000000030
530  -19.222  -89.304  -1.021 0.1000000015
528  -17.930  -89.229  -1.069 0.3000000119
529  -18.487  -89.287  -0.886 0.2000000030
254  -18.846  -91.391  -5.218 0.3000000119
395  -18.914  -90.509  -5.886 0.4000000060
582  -19.092  -90.113  -6.477 0.3000000119
591  -18.238  -89.430  -7.065 0.2000000030
820  -18.781  -88.907  -7.682 0.2000000030
1149  -18.153  -87.288  -9.431 0.2000000030
1870  -17.938  -85.698  -10.828 0.2000000030
2333  -18.584  -84.664  -12.366 0.4000000060
2345  -18.668  -83.794  -12.661 0.4000000060
117279  -20.784  -82.898  -14.315 0.3000000119
3844  -27.410  -81.760  -21.209 0.6000000238
3854  -28.084  -81.156  -21.985 0.6000000238
2778  -20.025  -82.821  -13.792 0.3000000119
3331  -28.770  -82.199  -22.162 0.5000000000
3865  -28.149  -81.511  -22.671 0.5000000000
2864  -28.631  -82.164  -22.476 0.5000000000
3345  -27.654  -82.534  -23.115 0.5000000000
2445  -25.116  -84.456  -23.177 0.5000000000
2874  -24.443  -83.796  -22.298 0.5000000000
2457  -23.795  -84.427  -24.099 0.6000000238
2444  -23.929  -84.326  -23.007 0.6000000238
2458  -24.833  -84.683  -24.436 0.5000000000
541  -12.365  -89.545  -2.441 0.5000000000
370  -11.751  -90.583  -0.918 0.4000000060
516  -12.546  -90.069  -0.535 0.5000000000
362  -12.773  -90.419  0.349 0.5000000000
114228  -12.523  -91.097  0.466 0.4000000060
100  -12.742  -91.848  0.246 0.4000000060
97  -13.642  -91.638  1.154 0.4000000060
98  -14.272  -91.677  1.419 0.4000000060
99  -15.141  -91.775  1.157 0.4000000060
127852  -16.029  -91.575  1.169 0.4000000060
239  -16.649  -91.382  0.779 0.3000000119
125  -16.938  -92.127  -2.168 0.3000000119
249  -17.381  -91.660  -1.968 0.3000000119
126703  -18.610  -90.288  0.979 0.2000000030
114915  -18.023  -91.951  -3.178 0.4000000060
126  -17.586  -91.961  -2.587 0.3000000119
365  -19.752  -90.084  0.307 0.1000000015
251  -18.065  -91.458  -3.288 0.4000000060
117200  -17.687  -89.530  -1.406 0.3000000119
382  -18.615  -91.030  -4.776 0.3000000119
380  -18.178  -90.894  -3.888 0.4000000060
543  -17.482  -89.662  -2.196 0.3000000119
745  -17.680  -88.971  -1.784 0.3000000119
746  -18.403  -88.850  -1.541 0.2000000030
387  -18.311  -90.481  -5.353 0.4000000060
755  -17.479  -88.869  -2.724 0.3000000119
756  -17.962  -88.535  -2.360 0.3000000119
757  -18.720  -88.562  -2.361 0.2000000030
544  -19.567  -89.018  -1.979 0.2000000030
574  -17.896  -89.854  -6.198 0.4000000060
112393  -18.473  -88.311  -3.113 0.2000000030
758  -19.509  -88.563  -3.096 0.2000000030
819  -17.667  -88.654  -7.595 0.2000000030
1483  -17.862  -86.637  -9.814 0.2000000030
1482  -17.568  -86.197  -9.448 0.2000000030
124591  -18.189  -85.398  -11.399 0.3000000119
1880  -17.916  -84.940  -10.967 0.2000000030
116359  -18.247  -83.970  -11.903 0.2000000030
2766  -18.418  -83.149  -12.092 0.3000000119
2767  -18.830  -82.920  -12.796 0.3000000119
3323  -25.338  -82.234  -20.421 0.6000000238
3843  -25.949  -81.384  -21.001 0.5000000000
3853  -26.965  -80.919  -21.603 0.6000000238
3223  -19.186  -82.164  -12.855 0.2000000030
123446  -19.378  -82.710  -13.318 0.2000000030
3254  -20.402  -82.160  -14.373 0.3000000119
3842  -24.620  -81.428  -20.546 0.5000000000
4380  -27.646  -80.980  -22.677 0.6000000238
4379  -26.918  -80.694  -23.074 0.4000000060
3322  -24.185  -82.333  -20.167 0.5000000000
3359  -27.991  -81.843  -23.144 0.5000000000
3879  -26.620  -81.137  -24.025 0.5000000000
116325  -26.375  -80.862  -24.010 0.3000000119
3344  -26.629  -82.800  -22.912 0.5000000000
3357  -26.226  -81.686  -23.780 0.5000000000
2873  -23.268  -83.462  -22.586 0.6000000238
3342  -23.987  -82.788  -22.554 0.4000000060
3343  -25.309  -82.932  -22.529 0.4000000060
2897  -23.204  -83.936  -24.905 0.6000000238
517  -13.662  -89.531  -0.136 0.5000000000
119983  -12.437  -89.787  -1.483 0.5000000000
743  -14.117  -88.669  -1.638 0.5000000000
527  -13.468  -89.311  -1.151 0.5000000000
564  -12.551  -88.863  -3.944 0.5000000000
555  -13.156  -88.739  -3.105 0.5000000000
542  -13.311  -89.066  -2.089 0.5000000000
754  -14.168  -88.215  -2.418 0.5000000000
237  -12.744  -91.468  0.451 0.4000000060
784  -12.701  -88.461  -4.629 0.5000000000
769  -13.956  -87.926  -3.275 0.5000000000
96  -14.782  -91.389  1.848 0.4000000060
235  -16.533  -91.165  1.610 0.3000000119
236  -17.263  -90.873  1.295 0.3000000119
230  -17.905  -90.371  1.765 0.3000000119
127331  -17.707  -91.580  -2.525 0.4000000060
241  -17.951  -90.532  1.110 0.3000000119
375  -17.640  -90.931  -2.258 0.4000000060
110199  -17.498  -91.256  -1.694 0.4000000060
379  -17.541  -90.409  -3.018 0.3000000119
381  -17.771  -90.342  -4.602 0.4000000060
114353  -17.299  -89.914  -3.906 0.4000000060
386  -17.291  -89.767  -5.373 0.3000000119
771  -17.206  -88.692  -3.673 0.3000000119
1080  -17.457  -88.210  -4.191 0.2000000030
1081  -18.199  -87.994  -3.955 0.2000000030
590  -17.206  -89.048  -6.870 0.2000000030
1093  -17.871  -87.677  -4.789 0.2000000030
773  -19.102  -88.087  -3.887 0.2000000030
118584  -19.890  -88.295  -3.922 0.2000000030
1108  -18.469  -87.273  -5.372 0.2000000030
1094  -18.811  -87.639  -4.625 0.2000000030
818  -16.918  -88.197  -7.229 0.2000000030
1109  -19.387  -87.296  -5.210 0.2000000030
824  -17.371  -87.778  -8.016 0.2000000030
1148  -17.527  -86.839  -8.998 0.2000000030
1474  -17.536  -86.012  -8.769 0.2000000030
1869  -17.726  -85.207  -10.252 0.2000000030
113760  -18.170  -83.922  -10.798 0.2000000030
2752  -18.303  -83.538  -11.396 0.2000000030
3207  -18.672  -82.712  -11.567 0.3000000119
2836  -22.546  -84.162  -18.820 0.3000000119
2842  -23.186  -84.108  -19.568 0.3000000119
3222  -18.783  -82.387  -12.213 0.2000000030
3271  -20.927  -82.688  -15.946 0.3000000119
123483  -22.961  -83.164  -19.632 0.4000000060
3237  -19.777  -82.114  -13.535 0.2000000030
122094  -20.607  -82.052  -15.447 0.3000000119
3288  -20.824  -82.670  -16.952 0.3000000119
3314  -22.489  -82.449  -19.435 0.3000000119
3836  -22.691  -81.621  -19.681 0.3000000119
4357  -25.002  -80.814  -21.086 0.5000000000
123913  -25.949  -80.802  -21.493 0.5000000000
4395  -25.497  -80.566  -24.731 0.2000000030
114298  -25.271  -80.513  -25.179 0.2000000030
3762  -20.245  -81.382  -13.830 0.2000000030
3315  -23.228  -82.381  -19.876 0.4000000060
3878  -25.932  -80.924  -24.422 0.4000000060
114103  -22.130  -81.765  -19.151 0.1000000015
108921  -22.270  -80.895  -19.033 0.1000000015
4346  -22.889  -80.907  -19.891 0.1000000015
3864  -24.991  -81.674  -23.739 0.4000000060
3863  -23.383  -81.968  -23.090 0.4000000060
2886  -22.952  -83.901  -23.407 0.6000000238
124830  -23.010  -82.599  -22.780 0.4000000060
3340  -22.332  -82.022  -23.011 0.3000000119
2896  -22.132  -83.203  -23.980 0.5000000000
3341  -22.375  -82.919  -23.031 0.5000000000
3369  -21.464  -82.449  -24.533 0.5000000000
518  -14.588  -88.819  0.430 0.5000000000
732  -14.557  -88.600  -0.727 0.5000000000
744  -14.751  -87.994  -1.527 0.5000000000
126078  -14.314  -86.556  -4.560 0.5000000000
1079  -14.698  -86.472  -3.086 0.5000000000
770  -14.545  -87.325  -2.831 0.5000000000
123593  -14.762  -87.471  -2.083 0.5000000000
1434  -14.245  -86.053  -5.449 0.5000000000
1797  -14.565  -85.633  -4.404 0.5000000000
2211  -13.979  -84.740  -4.060 0.5000000000
1814  -13.858  -85.118  -6.373 0.5000000000
2237  -13.215  -84.264  -5.207 0.5000000000
566  -16.979  -89.513  -4.652 0.3000000119
124813  -16.923  -89.246  -4.138 0.3000000119
1111  -20.922  -87.389  -5.238 0.1000000015
573  -16.689  -89.094  -5.296 0.3000000119
118715  -16.655  -88.608  -5.793 0.2000000030
786  -17.061  -87.974  -5.018 0.2000000030
1110  -20.179  -87.318  -5.188 0.2000000030
805  -16.725  -88.451  -6.462 0.2000000030
1106  -16.773  -87.905  -5.888 0.2000000030
1107  -17.518  -87.395  -5.708 0.2000000030
1096  -20.553  -87.799  -4.866 0.2000000030
1118  -16.828  -87.783  -6.662 0.2000000030
1119  -17.216  -87.249  -6.544 0.2000000030
1435  -18.187  -86.893  -6.049 0.2000000030
118197  -19.844  -86.865  -5.539 0.2000000030
1095  -19.795  -87.793  -4.586 0.2000000030
1133  -17.133  -87.422  -7.276 0.2000000030
1445  -17.787  -86.665  -6.624 0.2000000030
1436  -19.100  -86.800  -5.781 0.2000000030
113879  -17.391  -86.847  -8.100 0.2000000030
1828  -17.636  -86.129  -7.924 0.2000000030
1462  -18.001  -86.154  -7.171 0.2000000030
1816  -18.678  -85.777  -7.092 0.2000000030
1817  -19.492  -85.708  -6.804 0.2000000030
1829  -18.205  -85.600  -7.667 0.2000000030
1830  -19.060  -85.329  -7.460 0.2000000030
1858  -17.634  -85.548  -9.525 0.2000000030
2284  -17.871  -84.757  -9.640 0.2000000030
1846  -17.846  -85.466  -8.395 0.2000000030
1847  -18.545  -85.081  -8.157 0.2000000030
2727  -18.205  -84.083  -10.190 0.2000000030
2270  -18.097  -84.837  -8.857 0.2000000030
2736  -18.552  -83.391  -10.792 0.2000000030
3729  -18.965  -82.033  -11.817 0.2000000030
4926  -25.193  -79.844  -24.097 0.2000000030
3743  -19.307  -81.576  -12.214 0.1000000015
3761  -19.708  -81.397  -13.001 0.1000000015
3287  -20.675  -82.058  -16.389 0.3000000119
3832  -21.734  -81.576  -18.457 0.3000000119
4378  -25.914  -80.327  -23.340 0.3000000119
109271  -25.293  -80.585  -25.055 0.2000000030
3781  -20.598  -81.392  -14.788 0.1000000015
4356  -23.808  -80.676  -20.542 0.3000000119
4367  -25.444  -80.368  -21.886 0.3000000119
3877  -24.212  -81.140  -24.269 0.2000000030
4355  -22.893  -80.195  -20.141 0.2000000030
4336  -22.121  -80.199  -18.316 0.1000000015
4894  -22.345  -79.691  -19.530 0.1000000015
3876  -22.641  -81.405  -23.367 0.2000000030
4393  -23.425  -80.864  -24.223 0.2000000030
4886  -22.176  -79.577  -18.628 0.1000000015
4934  -21.343  -80.243  -23.667 0.2000000030
3356  -21.540  -82.214  -23.458 0.5000000000
3874  -20.998  -81.464  -23.516 0.2000000030
4391  -20.910  -80.724  -23.549 0.2000000030
3313  -17.499  -82.750  -19.554 0.5000000000
3355  -20.904  -81.818  -23.968 0.4000000060
3883  -20.331  -81.003  -24.172 0.2000000030
3889  -20.416  -81.069  -25.994 0.4000000060
4410  -18.956  -80.381  -25.437 0.3000000119
3895  -18.917  -81.459  -26.985 0.4000000060
4416  -18.787  -80.834  -26.487 0.4000000060
4409  -18.031  -80.238  -25.678 0.3000000119
4415  -17.768  -80.907  -26.550 0.4000000060
3894  -17.604  -81.508  -26.626 0.4000000060
4414  -16.793  -81.118  -26.718 0.4000000060
5988  -16.594  -77.986  -22.423 0.4000000060
5462  -16.808  -78.865  -22.714 0.4000000060
5997  -15.176  -78.055  -23.474 0.4000000060
6583  -15.319  -76.879  -22.184 0.4000000060
5987  -15.720  -77.621  -22.693 0.4000000060
7159  -14.207  -75.839  -22.115 0.4000000060
749  -4.600  -89.150  -2.308 0.3000000119
536  -5.339  -89.116  -2.264 0.3000000119
1768  -13.430  -85.889  -1.760 0.4000000060
1065  -4.168  -88.792  -2.702 0.3000000119
118917  -14.996  -87.815  -0.789 0.5000000000
1056  -3.923  -88.798  -1.163 0.3000000119
1786  -12.952  -85.188  -3.307 0.5000000000
1781  -13.912  -85.406  -2.473 0.5000000000
1410  -14.675  -85.974  -2.511 0.5000000000
2210  -13.439  -84.833  -3.790 0.5000000000
1788  -14.308  -85.451  -2.870 0.5000000000
1070  -14.772  -86.720  -2.219 0.5000000000
1796  -12.730  -84.977  -4.067 0.5000000000
2236  -12.404  -84.066  -5.433 0.5000000000
1437  -20.543  -86.784  -5.572 0.1000000015
1448  -20.962  -86.272  -6.087 0.2000000030
1818  -20.519  -85.676  -6.650 0.2000000030
1848  -19.539  -84.929  -8.092 0.2000000030
1831  -20.097  -85.226  -7.366 0.2000000030
2271  -18.895  -84.560  -8.727 0.2000000030
2285  -18.440  -84.334  -9.449 0.2000000030
2728  -18.877  -83.823  -10.056 0.2000000030
3208  -19.130  -82.132  -11.445 0.1000000015
3730  -19.419  -81.568  -11.557 0.1000000015
3796  -20.754  -81.404  -15.780 0.1000000015
4916  -24.844  -79.914  -22.514 0.2000000030
4394  -25.009  -80.472  -25.260 0.2000000030
4402  -24.295  -80.433  -25.255 0.2000000030
4260  -19.888  -80.725  -12.373 0.1000000015
4288  -20.570  -80.585  -14.136 0.1000000015
4303  -20.886  -80.512  -15.185 0.1000000015
4323  -21.025  -80.760  -16.073 0.1000000015
4324  -21.370  -80.519  -16.759 0.1000000015
4366  -24.422  -80.193  -21.346 0.2000000030
4905  -23.503  -79.804  -20.882 0.2000000030
4914  -23.169  -79.003  -21.647 0.2000000030
126383  -24.026  -79.607  -21.763 0.1000000015
3823  -21.881  -80.802  -18.158 0.1000000015
4904  -22.653  -79.311  -20.476 0.2000000030
4935  -22.592  -80.502  -24.103 0.2000000030
4949  -23.336  -80.297  -25.022 0.2000000030
4881  -22.092  -79.516  -17.811 0.1000000015
4885  -22.018  -78.785  -18.346 0.1000000015
5414  -21.875  -78.880  -19.273 0.1000000015
5429  -22.001  -78.921  -20.070 0.1000000015
126246  -21.126  -79.550  -23.918 0.2000000030
4390  -20.092  -80.328  -23.845 0.2000000030
4947  -20.294  -79.300  -23.999 0.2000000030
4946  -19.580  -79.702  -24.186 0.3000000119
5483  -19.717  -78.826  -24.516 0.2000000030
4401  -19.581  -80.277  -24.500 0.3000000119
5482  -18.779  -79.195  -24.877 0.3000000119
4408  -17.169  -80.194  -26.366 0.4000000060
4924  -17.383  -79.353  -22.119 0.4000000060
4376  -16.400  -80.848  -22.810 0.4000000060
4932  -16.095  -79.387  -23.452 0.4000000060
116770  -15.758  -81.497  -23.477 0.4000000060
1976  -4.772  -84.424  -20.638 0.2000000030
4377  -16.722  -79.807  -22.854 0.4000000060
4389  -15.931  -80.427  -23.530 0.4000000060
4388  -15.168  -81.228  -24.338 0.4000000060
513  -4.694  -88.963  -0.890 0.3000000119
730  -4.380  -88.947  -0.599 0.3000000119
115846  -13.081  -86.567  -0.727 0.4000000060
733  -15.108  -88.069  -0.022 0.5000000000
726  -14.879  -88.156  1.052 0.4000000060
1400  -14.031  -86.199  -1.137 0.4000000060
108193  -14.515  -86.785  -0.567 0.4000000060
1062  -14.896  -87.125  -1.294 0.5000000000
115955  -3.893  -88.660  -0.253 0.4000000060
1425  -11.334  -86.313  -4.192 0.5000000000
1416  -12.347  -85.937  -2.897 0.5000000000
1769  -14.225  -85.790  -2.064 0.4000000060
1401  -14.552  -86.344  -1.648 0.5000000000
1034  -3.907  -88.405  0.799 0.4000000060
1046  -3.666  -87.985  -0.945 0.4000000060
1055  -3.711  -88.172  -1.822 0.4000000060
1073  -3.891  -87.382  -3.248 0.4000000060
1795  -11.853  -85.391  -4.472 0.5000000000
1785  -12.115  -85.696  -3.717 0.5000000000
1806  -11.529  -84.878  -5.116 0.5000000000
1819  -21.534  -85.700  -6.650 0.2000000030
1832  -21.149  -85.213  -7.302 0.2000000030
2272  -19.961  -84.548  -8.784 0.2000000030
2286  -19.361  -84.222  -9.421 0.2000000030
4242  -19.794  -80.885  -11.700 0.1000000015
125387  -20.136  -80.229  -11.853 0.1000000015
4937  -25.163  -80.535  -25.141 0.2000000030
109645  -24.693  -80.218  -25.809 0.2000000030
123298  -20.314  -79.835  -12.523 0.1000000015
4278  -20.173  -80.584  -13.211 0.1000000015
108748  -20.519  -79.783  -13.498 0.1000000015
4925  -24.745  -79.456  -24.424 0.1000000015
4862  -21.104  -79.577  -15.195 0.1000000015
4304  -21.219  -79.998  -15.977 0.1000000015
4863  -21.380  -79.255  -15.841 0.1000000015
5442  -22.077  -78.464  -21.007 0.2000000030
5485  -22.160  -79.500  -24.834 0.2000000030
5496  -21.539  -78.443  -25.437 0.2000000030
5493  -18.066  -78.828  -25.643 0.2000000030
5494  -19.093  -78.446  -25.451 0.2000000030
3321  -17.541  -82.330  -20.250 0.5000000000
4961  -16.524  -79.687  -26.733 0.3000000119
5492  -17.354  -79.259  -26.220 0.3000000119
4954  -18.003  -79.575  -25.501 0.2000000030
4400  -18.809  -79.870  -24.960 0.2000000030
4960  -15.757  -80.014  -26.746 0.4000000060
4354  -17.703  -80.725  -20.697 0.5000000000
3852  -17.393  -81.675  -20.890 0.5000000000
119721  -14.552  -80.457  -26.215 0.4000000060
4913  -17.620  -80.015  -21.376 0.4000000060
4365  -17.214  -80.969  -21.506 0.4000000060
4406  -14.382  -80.691  -25.750 0.4000000060
4953  -14.017  -79.938  -26.081 0.4000000060
4412  -15.166  -80.904  -26.520 0.4000000060
4413  -15.857  -81.383  -26.653 0.4000000060
4945  -14.690  -79.981  -24.974 0.4000000060
4407  -14.708  -81.375  -26.062 0.4000000060
4931  -15.427  -80.046  -24.305 0.4000000060
5471  -15.241  -79.082  -24.074 0.4000000060
6581  -13.629  -76.286  -22.726 0.4000000060
125834  -13.234  -75.847  -22.793 0.4000000060
526  -5.367  -88.878  -1.636 0.3000000119
124873  -5.684  -88.725  -1.765 0.3000000119
731  -5.008  -89.006  -0.210 0.3000000119
112040  -5.507  -88.823  -0.634 0.3000000119
739  -5.861  -88.608  -1.447 0.3000000119
503  -13.759  -90.272  1.754 0.4000000060
118439  -4.184  -86.988  1.659 0.3000000119
1372  -3.931  -87.341  0.853 0.4000000060
109664  -3.762  -87.704  -0.026 0.4000000060
1045  -3.737  -87.133  -1.672 0.4000000060
1403  -3.817  -86.526  -3.049 0.4000000060
111371  -4.103  -86.565  0.059 0.4000000060
1385  -3.850  -86.857  -0.819 0.4000000060
1784  -4.012  -85.902  -3.479 0.4000000060
1805  -10.689  -85.435  -5.260 0.5000000000
1833  -22.112  -85.281  -7.239 0.1000000015
116472  -20.857  -84.503  -8.927 0.2000000030
1849  -20.725  -84.850  -8.134 0.2000000030
2729  -19.870  -83.977  -10.126 0.2000000030
2287  -20.406  -84.301  -9.552 0.2000000030
2737  -19.406  -83.320  -10.543 0.2000000030
3196  -19.150  -82.644  -11.052 0.2000000030
3719  -19.653  -81.926  -11.105 0.1000000015
3731  -20.065  -81.218  -11.191 0.1000000015
4243  -20.507  -80.463  -11.320 0.1000000015
4936  -25.201  -80.100  -25.562 0.2000000030
4796  -20.661  -79.644  -11.755 0.1000000015
4816  -20.740  -79.217  -12.393 0.1000000015
4915  -24.232  -79.336  -22.927 0.2000000030
5363  -20.906  -79.023  -13.835 0.1000000015
109951  -20.836  -79.776  -14.404 0.1000000015
4843  -21.055  -79.154  -14.600 0.1000000015
4956  -24.439  -80.157  -26.169 0.2000000030
4844  -21.258  -78.717  -15.171 0.1000000015
4962  -23.757  -79.782  -26.454 0.2000000030
4955  -23.653  -80.102  -25.768 0.2000000030
124044  -21.124  -78.624  -14.405 0.1000000015
5428  -21.494  -78.189  -20.108 0.1000000015
5486  -22.724  -79.235  -25.985 0.2000000030
6020  -20.546  -77.183  -27.231 0.2000000030
6014  -21.029  -77.639  -26.298 0.2000000030
5509  -18.688  -77.509  -27.585 0.2000000030
6032  -19.542  -77.262  -27.540 0.2000000030
5495  -20.309  -78.205  -25.337 0.2000000030
112651  -16.772  -78.230  -27.445 0.3000000119
6031  -18.238  -77.407  -27.654 0.2000000030
5501  -18.676  -78.107  -26.804 0.2000000030
6013  -19.857  -77.766  -26.594 0.2000000030
4967  -16.255  -79.048  -27.190 0.3000000119
5500  -17.700  -78.582  -26.606 0.2000000030
4959  -14.974  -79.897  -26.660 0.4000000060
4966  -15.494  -79.236  -27.139 0.3000000119
5481  -14.176  -79.347  -24.883 0.4000000060
5996  -14.290  -77.740  -23.562 0.4000000060
6595  -13.955  -77.071  -23.074 0.4000000060
6580  -12.751  -75.436  -22.944 0.3000000119
1047  -6.350  -88.175  0.031 0.3000000119
127047  -6.356  -87.685  -0.763 0.3000000119
1373  -6.818  -87.599  0.680 0.3000000119
1397  -4.046  -85.967  -1.655 0.4000000060
1745  -4.331  -86.204  0.898 0.4000000060
1752  -4.285  -85.784  -0.720 0.4000000060
110211  -4.453  -85.201  -1.290 0.4000000060
129411  -4.304  -84.827  -2.836 0.4000000060
112638  -21.739  -85.006  -7.967 0.2000000030
122173  -22.702  -85.010  -7.994 0.1000000015
2273  -21.566  -84.655  -8.660 0.2000000030
116649  -22.266  -84.636  -8.873 0.2000000030
2738  -20.460  -83.601  -10.530 0.2000000030
2730  -20.764  -84.125  -10.182 0.2000000030
3197  -20.067  -82.640  -10.817 0.2000000030
121614  -20.788  -82.255  -10.926 0.1000000015
4231  -20.636  -81.050  -10.988 0.1000000015
121798  -21.098  -79.929  -11.264 0.1000000015
5464  -23.542  -78.704  -22.962 0.1000000015
4831  -20.689  -79.110  -12.995 0.1000000015
5453  -22.597  -78.394  -21.953 0.1000000015
5383  -21.472  -77.851  -15.444 0.1000000015
5413  -21.574  -78.087  -19.050 0.1000000015
120598  -18.804  -76.875  -27.710 0.2000000030
5507  -16.063  -78.491  -27.380 0.3000000119
4958  -14.208  -79.671  -26.557 0.4000000060
5506  -15.257  -78.631  -27.260 0.3000000119
4944  -14.085  -79.941  -25.598 0.4000000060
5470  -14.405  -78.501  -24.146 0.4000000060
115206  -12.884  -76.198  -23.262 0.4000000060
7165  -11.650  -75.121  -23.583 0.2000000030
1057  -6.293  -87.857  -1.417 0.3000000119
1746  -7.208  -85.735  -0.028 0.2000000030
2152  -7.755  -84.917  0.692 0.2000000030
114672  -4.576  -85.455  0.096 0.4000000060
2140  -4.854  -85.092  0.939 0.4000000060
113957  -5.007  -84.318  0.086 0.4000000060
2164  -4.694  -84.860  -0.686 0.4000000060
129564  -4.650  -84.560  -1.334 0.4000000060
2192  -4.548  -84.151  -2.586 0.4000000060
2625  -4.961  -83.916  -0.912 0.4000000060
2176  -4.738  -84.007  -1.784 0.4000000060
114648  -4.679  -83.554  -3.199 0.5000000000
2274  -23.125  -84.655  -8.816 0.1000000015
2739  -21.446  -84.037  -10.668 0.2000000030
2288  -21.520  -84.412  -9.639 0.2000000030
2289  -22.576  -84.414  -9.614 0.2000000030
3198  -21.044  -83.161  -10.960 0.1000000015
3720  -20.367  -81.700  -10.939 0.1000000015
4244  -21.197  -80.657  -11.069 0.1000000015
5321  -21.049  -78.991  -12.124 0.1000000015
5473  -24.243  -78.862  -24.249 0.2000000030
119610  -24.745  -79.410  -25.186 0.2000000030
5335  -21.068  -78.563  -12.737 0.1000000015
5344  -20.990  -78.545  -13.314 0.1000000015
5487  -25.079  -79.730  -25.775 0.2000000030
5895  -21.123  -78.237  -13.884 0.1000000015
5452  -22.155  -78.088  -21.641 0.1000000015
4963  -24.443  -79.770  -26.596 0.2000000030
4950  -24.937  -79.997  -26.205 0.2000000030
5896  -21.302  -77.476  -14.030 0.1000000015
5364  -21.267  -77.985  -14.608 0.1000000015
5503  -23.137  -78.939  -26.903 0.2000000030
5504  -23.933  -79.403  -27.057 0.2000000030
6021  -21.601  -77.353  -27.063 0.2000000030
6022  -22.605  -77.940  -27.295 0.2000000030
6033  -20.275  -76.784  -27.587 0.2000000030
6034  -21.122  -76.704  -27.339 0.2000000030
6030  -17.495  -77.761  -27.550 0.2000000030
6027  -14.387  -78.560  -27.064 0.4000000060
4957  -13.481  -79.352  -26.351 0.4000000060
4943  -13.366  -79.432  -25.749 0.3000000119
5480  -13.503  -78.771  -24.827 0.3000000119
6005  -13.743  -78.141  -24.142 0.3000000119
5995  -13.449  -77.581  -23.791 0.4000000060
121886  -12.291  -76.801  -23.936 0.3000000119
7164  -10.799  -75.145  -24.388 0.2000000030
6593  -12.058  -76.007  -23.772 0.3000000119
7761  -10.880  -74.556  -23.943 0.2000000030
117616  -7.520  -84.892  -0.261 0.2000000030
2141  -5.125  -84.680  1.862 0.3000000119
2151  -5.237  -84.056  1.001 0.3000000119
2617  -5.632  -82.882  0.347 0.4000000060
2165  -5.331  -83.395  -0.240 0.4000000060
2638  -5.141  -83.261  -1.563 0.4000000060
3122  -5.118  -82.748  -2.963 0.5000000000
2303  -22.146  -84.314  -10.309 0.2000000030
2304  -22.922  -84.201  -10.427 0.1000000015
2290  -23.488  -84.322  -9.524 0.1000000015
3199  -21.963  -83.542  -11.322 0.2000000030
118354  -22.234  -84.121  -10.909 0.1000000015
2305  -23.763  -84.085  -10.142 0.1000000015
3209  -21.463  -82.401  -11.273 0.1000000015
122067  -24.394  -83.912  -10.393 0.1000000015
3721  -20.982  -81.497  -10.915 0.1000000015
3732  -21.490  -81.422  -11.207 0.1000000015
113304  -21.864  -79.897  -11.345 0.1000000015
4797  -21.329  -79.344  -11.615 0.1000000015
5322  -21.520  -78.836  -11.994 0.1000000015
5336  -21.374  -78.483  -12.371 0.1000000015
5871  -21.275  -77.930  -13.375 0.1000000015
5463  -22.880  -78.173  -22.615 0.1000000015
5998  -24.633  -78.499  -25.112 0.2000000030
5947  -21.448  -77.530  -19.579 0.1000000015
5472  -23.606  -78.209  -23.691 0.1000000015
6006  -24.984  -79.031  -26.038 0.2000000030
110389  -21.438  -77.082  -14.830 0.1000000015
5935  -21.577  -77.211  -18.777 0.1000000015
115653  -24.604  -78.327  -27.669 0.2000000030
4964  -24.515  -79.078  -27.187 0.2000000030
5497  -24.926  -79.279  -26.660 0.2000000030
6015  -25.405  -78.478  -26.537 0.2000000030
6630  -19.709  -76.531  -27.603 0.2000000030
6036  -24.053  -77.549  -27.842 0.2000000030
6024  -25.229  -78.372  -27.243 0.1000000015
6629  -17.918  -77.070  -27.667 0.2000000030
6632  -22.079  -76.431  -27.435 0.2000000030
6035  -22.981  -77.327  -27.544 0.2000000030
6634  -24.389  -76.673  -27.779 0.2000000030
6037  -25.108  -77.546  -27.787 0.2000000030
117428  -15.831  -77.883  -27.366 0.3000000119
6029  -16.602  -77.789  -27.496 0.3000000119
6622  -19.110  -76.186  -27.430 0.2000000030
129441  -21.140  -76.221  -27.312 0.2000000030
6633  -23.295  -76.543  -27.612 0.2000000030
5505  -13.641  -78.587  -26.812 0.2000000030
6028  -15.082  -78.029  -27.228 0.3000000119
6628  -16.361  -77.087  -27.401 0.3000000119
7220  -20.684  -75.896  -27.184 0.2000000030
7222  -22.566  -75.768  -27.321 0.2000000030
5491  -12.683  -78.982  -26.138 0.3000000119
5490  -12.301  -78.407  -26.315 0.3000000119
5479  -12.617  -78.763  -25.552 0.3000000119
6012  -11.621  -78.008  -26.091 0.2000000030
6003  -11.942  -78.072  -25.377 0.3000000119
6017  -11.328  -77.268  -26.146 0.3000000119
6605  -11.843  -77.310  -24.765 0.3000000119
6002  -11.231  -77.298  -25.667 0.3000000119
6604  -10.780  -76.351  -25.520 0.3000000119
7178  -10.092  -75.083  -25.777 0.2000000030
7780  -10.229  -74.541  -24.868 0.2000000030
119039  -9.914  -73.465  -24.993 0.2000000030
8384  -9.933  -73.109  -25.843 0.2000000030
109143  -5.419  -83.902  2.385 0.3000000119
2134  -5.151  -84.611  2.798 0.3000000119
115916  -5.591  -83.200  1.029 0.3000000119
2626  -5.671  -82.522  -0.434 0.5000000000
2651  -5.290  -82.592  -2.120 0.5000000000
2741  -23.536  -83.902  -10.884 0.1000000015
2753  -22.648  -83.406  -11.653 0.1000000015
2740  -22.774  -83.900  -11.225 0.1000000015
5857  -21.610  -77.787  -12.865 0.1000000015
114028  -21.451  -76.777  -14.127 0.1000000015
5441  -21.717  -77.844  -21.009 0.1000000015
5974  -22.218  -77.730  -21.692 0.1000000015
5989  -22.852  -77.670  -22.501 0.1000000015
129078  -23.947  -78.153  -24.292 0.2000000030
125597  -21.582  -77.107  -15.700 0.1000000015
5959  -21.536  -77.364  -20.289 0.1000000015
6025  -25.735  -77.529  -27.372 0.1000000015
6038  -25.762  -76.926  -27.569 0.2000000030
121869  -17.299  -76.750  -27.410 0.2000000030
7224  -24.859  -75.956  -27.643 0.2000000030
130645  -25.191  -76.715  -27.770 0.2000000030
6627  -15.328  -77.296  -27.210 0.2000000030
7210  -17.400  -76.144  -26.847 0.2000000030
6621  -18.221  -76.477  -27.422 0.2000000030
7212  -19.346  -75.745  -26.909 0.2000000030
7213  -20.189  -75.624  -26.894 0.2000000030
7214  -21.056  -75.572  -26.818 0.2000000030
129394  -22.550  -74.962  -26.727 0.2000000030
7216  -23.656  -74.957  -27.155 0.2000000030
6026  -13.821  -78.110  -26.933 0.2000000030
7211  -18.441  -75.923  -26.916 0.2000000030
7199  -19.675  -75.651  -25.981 0.2000000030
7200  -20.522  -75.593  -26.019 0.2000000030
7201  -21.367  -75.390  -25.928 0.2000000030
6018  -11.953  -77.544  -26.525 0.2000000030
7198  -18.661  -75.727  -25.736 0.2000000030
128693  -20.056  -75.644  -25.096 0.2000000030
6615  -11.317  -76.656  -26.458 0.3000000119
7204  -10.689  -75.983  -26.378 0.3000000119
7205  -11.452  -75.825  -26.737 0.2000000030
7192  -10.255  -75.930  -25.988 0.3000000119
111449  -10.852  -75.134  -26.548 0.2000000030
7790  -9.934  -74.118  -25.756 0.2000000030
114717  -9.838  -72.612  -25.169 0.1000000015
8365  -10.476  -73.656  -23.887 0.2000000030
111226  -5.893  -82.439  3.785 0.2000000030
3047  -5.887  -82.748  3.197 0.3000000119
3064  -6.204  -82.047  2.503 0.3000000119
3075  -5.868  -82.662  1.730 0.3000000119
3089  -5.929  -82.383  0.992 0.3000000119
3210  -22.238  -82.831  -11.765 0.1000000015
3211  -22.916  -82.984  -12.110 0.1000000015
2754  -23.381  -83.441  -11.579 0.1000000015
117549  -24.349  -83.306  -11.658 0.1000000015
3733  -22.014  -81.937  -11.707 0.1000000015
3224  -22.620  -82.381  -12.047 0.1000000015
4245  -21.991  -80.940  -11.429 0.1000000015
3744  -22.670  -81.569  -12.006 0.1000000015
115342  -22.642  -79.453  -11.865 0.1000000015
4798  -21.944  -79.056  -11.759 0.1000000015
4817  -22.442  -78.705  -12.057 0.1000000015
5323  -21.910  -78.315  -12.258 0.1000000015
5872  -21.514  -77.118  -13.564 0.1000000015
6436  -21.722  -76.182  -13.844 0.1000000015
5990  -23.555  -77.539  -23.283 0.1000000015
6007  -25.056  -77.970  -25.430 0.2000000030
6455  -21.524  -76.299  -14.570 0.1000000015
5917  -21.708  -77.081  -17.930 0.1000000015
6528  -21.599  -76.921  -19.566 0.1000000015
6016  -25.991  -77.749  -26.929 0.2000000030
6548  -21.892  -77.221  -20.987 0.1000000015
5975  -22.511  -77.145  -21.634 0.1000000015
130804  -26.993  -76.580  -26.529 0.2000000030
7801  -25.121  -74.820  -26.992 0.2000000030
123981  -26.217  -76.211  -27.354 0.2000000030
6620  -16.457  -76.437  -27.003 0.3000000119
121176  -22.895  -75.150  -27.102 0.2000000030
124616  -12.730  -77.284  -26.900 0.2000000030
112662  -13.190  -76.616  -26.956 0.2000000030
7208  -14.776  -75.944  -26.505 0.1000000015
6619  -15.515  -76.594  -26.972 0.3000000119
120759  -17.826  -75.825  -26.079 0.2000000030
7185  -20.742  -75.546  -24.896 0.2000000030
6616  -12.127  -76.627  -26.849 0.2000000030
7207  -13.787  -75.870  -26.707 0.1000000015
7195  -15.114  -75.428  -25.588 0.1000000015
7209  -15.665  -75.944  -26.359 0.1000000015
7197  -17.002  -75.820  -25.656 0.1000000015
7183  -18.398  -75.526  -24.234 0.2000000030
7168  -19.239  -75.378  -23.673 0.2000000030
7169  -20.044  -75.542  -24.114 0.2000000030
7799  -11.796  -74.689  -26.603 0.1000000015
7792  -13.965  -74.588  -25.810 0.1000000015
7194  -14.311  -75.274  -26.012 0.1000000015
7180  -15.409  -75.097  -24.626 0.1000000015
7182  -16.841  -75.525  -24.553 0.1000000015
7167  -17.786  -75.141  -23.491 0.2000000030
7766  -19.112  -74.805  -23.008 0.2000000030
8391  -12.566  -73.822  -26.274 0.1000000015
128951  -14.116  -73.464  -25.602 0.1000000015
8378  -15.111  -73.540  -24.817 0.1000000015
7782  -15.200  -74.382  -24.582 0.1000000015
7763  -16.323  -74.548  -23.649 0.2000000030
7764  -17.245  -74.504  -23.268 0.2000000030
7747  -19.038  -74.065  -22.707 0.2000000030
9015  -12.346  -72.961  -26.371 0.1000000015
9004  -13.203  -72.372  -25.979 0.1000000015
8379  -16.285  -72.941  -24.131 0.1000000015
8982  -17.755  -72.900  -23.411 0.1000000015
123379  -17.641  -73.750  -23.062 0.2000000030
8983  -19.195  -73.234  -22.756 0.2000000030
9606  -10.723  -71.285  -25.457 0.1000000015
9002  -11.055  -72.060  -26.089 0.2000000030
9007  -17.569  -71.817  -24.823 0.1000000015
8995  -17.127  -72.499  -24.083 0.1000000015
107918  -18.758  -72.479  -23.401 0.1000000015
10250  -11.182  -70.666  -25.270 0.1000000015
9008  -18.413  -71.521  -24.975 0.1000000015
9600  -19.112  -71.632  -24.513 0.1000000015
3048  -6.150  -82.001  3.215 0.3000000119
3076  -6.316  -81.740  1.602 0.3000000119
3212  -23.693  -82.932  -12.288 0.1000000015
3225  -23.313  -82.277  -12.504 0.1000000015
4261  -22.725  -80.489  -11.846 0.1000000015
3745  -23.442  -81.245  -12.532 0.1000000015
3746  -24.113  -81.754  -13.051 0.1000000015
5337  -22.668  -78.070  -12.432 0.1000000015
5858  -22.210  -77.456  -12.778 0.1000000015
6416  -21.952  -76.790  -13.234 0.1000000015
6584  -23.240  -77.027  -22.314 0.1000000015
5999  -24.397  -77.484  -24.192 0.1000000015
6480  -22.123  -76.419  -17.624 0.1000000015
6008  -25.900  -77.614  -26.038 0.2000000030
6612  -26.710  -77.151  -26.415 0.2000000030
7203  -27.267  -75.857  -26.156 0.2000000030
7800  -24.163  -74.684  -26.729 0.2000000030
7218  -25.631  -75.427  -27.348 0.2000000030
7796  -26.864  -75.066  -26.489 0.2000000030
7187  -22.380  -74.789  -24.689 0.2000000030
7793  -23.721  -74.432  -25.711 0.2000000030
7170  -20.882  -75.366  -23.787 0.2000000030
7186  -21.569  -75.231  -24.782 0.2000000030
7767  -20.033  -75.074  -23.091 0.2000000030
7749  -20.324  -74.338  -22.481 0.2000000030
9005  -14.325  -72.292  -25.711 0.1000000015
115599  -15.140  -72.249  -25.524 0.1000000015
9006  -15.234  -72.712  -25.230 0.1000000015
8351  -19.756  -73.789  -22.492 0.2000000030
7748  -19.640  -74.451  -22.676 0.2000000030
9607  -11.587  -71.308  -25.792 0.1000000015
10253  -14.063  -70.457  -25.320 0.1000000015
9610  -14.886  -71.416  -25.541 0.1000000015
9611  -16.340  -71.482  -25.441 0.1000000015
109333  -15.764  -72.161  -25.248 0.1000000015
8994  -15.703  -72.859  -24.682 0.1000000015
8984  -20.067  -72.340  -22.950 0.1000000015
8972  -19.899  -73.045  -22.563 0.1000000015
10236  -12.278  -69.767  -24.799 0.1000000015
10251  -11.977  -70.560  -25.352 0.1000000015
9612  -17.239  -71.484  -25.312 0.1000000015
115622  -17.934  -71.378  -25.235 0.1000000015
8997  -19.595  -71.963  -23.653 0.1000000015
10235  -11.338  -69.972  -24.760 0.1000000015
9613  -19.160  -71.193  -25.238 0.1000000015
9614  -19.890  -71.186  -25.132 0.1000000015
9588  -10.283  -71.064  -24.328 0.1000000015
8364  -10.044  -72.665  -24.350 0.1000000015
4262  -23.568  -80.028  -12.574 0.1000000015
3763  -24.186  -80.886  -12.985 0.1000000015
4818  -23.209  -78.880  -12.380 0.1000000015
6437  -22.373  -75.965  -13.476 0.1000000015
7049  -21.844  -75.586  -14.748 0.1000000015
129718  -21.773  -76.729  -18.960 0.1000000015
6506  -21.841  -76.751  -18.243 0.1000000015
6529  -21.976  -76.547  -19.430 0.1000000015
6549  -22.403  -76.673  -20.844 0.1000000015
6571  -23.882  -76.589  -22.042 0.1000000015
6597  -25.220  -76.830  -23.658 0.2000000030
6607  -26.837  -77.077  -25.511 0.2000000030
6613  -27.374  -76.689  -25.831 0.2000000030
7794  -24.976  -74.571  -26.004 0.2000000030
7802  -26.086  -74.861  -26.816 0.2000000030
7784  -22.905  -74.581  -25.510 0.2000000030
7171  -21.762  -75.008  -23.694 0.2000000030
7768  -21.085  -74.797  -22.794 0.2000000030
10254  -16.164  -70.587  -25.538 0.1000000015
116024  -15.688  -71.133  -25.561 0.1000000015
112699  -17.547  -70.080  -25.657 0.1000000015
8352  -20.589  -73.490  -22.283 0.2000000030
8974  -21.204  -72.720  -22.066 0.1000000015
10237  -13.248  -69.631  -24.895 0.1000000015
10255  -17.003  -70.834  -25.544 0.1000000015
112030  -18.376  -69.656  -25.752 0.1000000015
10966  -20.240  -69.312  -25.818 0.1000000015
9590  -21.066  -71.539  -23.493 0.1000000015
9591  -21.751  -71.225  -23.196 0.1000000015
10258  -19.144  -70.761  -25.501 0.1000000015
10977  -20.810  -70.103  -25.766 0.1000000015
9601  -20.022  -71.490  -24.514 0.1000000015
10238  -22.324  -71.034  -25.312 0.1000000015
10275  -20.402  -70.542  -25.546 0.1000000015
9622  -19.832  -70.850  -25.384 0.1000000015
8980  -10.274  -71.834  -23.885 0.1000000015
4832  -24.028  -79.182  -13.136 0.1000000015
4833  -24.792  -79.401  -13.708 0.1000000015
5345  -23.555  -78.201  -12.921 0.1000000015
6417  -22.595  -76.620  -13.121 0.1000000015
6507  -22.102  -76.510  -18.596 0.1000000015
6596  -24.089  -76.893  -22.986 0.1000000015
6598  -26.672  -76.862  -24.401 0.2000000030
6609  -28.166  -76.552  -24.644 0.2000000030
6614  -27.889  -76.384  -25.177 0.2000000030
130251  -26.560  -74.592  -25.219 0.2000000030
116712  -27.244  -75.026  -25.797 0.2000000030
7789  -27.996  -75.698  -24.485 0.1000000015
7785  -23.197  -74.388  -24.643 0.2000000030
7786  -24.239  -74.125  -24.751 0.2000000030
7787  -25.476  -74.317  -25.075 0.2000000030
7769  -23.526  -74.117  -23.618 0.1000000015
128073  -24.244  -73.858  -23.965 0.2000000030
7751  -22.638  -74.200  -22.601 0.1000000015
120165  -21.004  -74.095  -22.244 0.1000000015
10965  -19.199  -69.196  -25.839 0.1000000015
12302  -21.827  -67.681  -25.540 0.1000000015
9572  -21.940  -72.174  -21.748 0.1000000015
9573  -22.636  -71.669  -21.496 0.1000000015
108176  -21.445  -68.616  -25.924 0.1000000015
11646  -21.918  -69.593  -26.403 0.1000000015
11647  -22.719  -69.753  -26.813 0.1000000015
120031  -13.860  -68.275  -24.418 0.1000000015
10978  -21.668  -70.206  -26.148 0.1000000015
10979  -22.455  -70.300  -26.570 0.1000000015
10261  -22.498  -70.932  -26.054 0.1000000015
9616  -21.790  -71.024  -25.537 0.1000000015
109660  -23.742  -71.123  -25.885 0.1000000015
10276  -21.304  -70.568  -25.738 0.1000000015
10259  -20.699  -70.905  -25.443 0.1000000015
9615  -21.126  -71.141  -25.296 0.1000000015
4591  -4.969  -79.297  3.491 0.2000000030
5346  -24.364  -78.487  -13.522 0.1000000015
5873  -23.883  -77.537  -13.309 0.1000000015
5859  -22.980  -77.317  -12.816 0.1000000015
6418  -23.386  -76.641  -13.165 0.1000000015
112565  -24.893  -76.553  -22.543 0.2000000030
6599  -27.874  -76.672  -24.086 0.2000000030
7173  -28.171  -76.315  -24.119 0.1000000015
6585  -26.365  -76.579  -23.214 0.2000000030
7788  -27.363  -74.938  -24.884 0.1000000015
8368  -25.414  -73.585  -23.440 0.1000000015
8354  -23.006  -73.479  -21.936 0.2000000030
8337  -22.322  -73.089  -21.654 0.1000000015
8336  -21.896  -72.766  -21.707 0.1000000015
11637  -23.122  -68.863  -26.588 0.1000000015
11638  -24.066  -68.852  -26.854 0.1000000015
11648  -23.628  -69.971  -27.290 0.1000000015
10279  -23.765  -70.846  -27.127 0.1000000015
10262  -23.347  -71.040  -26.489 0.1000000015
9579  -11.005  -71.613  -22.477 0.1000000015
6586  -27.616  -76.576  -23.210 0.2000000030
114707  -25.130  -69.875  -27.644 0.1000000015
5062  -0.597  -79.159  10.039 0.6000000238
5054  -0.839  -78.650  10.652 0.5000000000
11356  -13.345  -68.358  0.743 0.1000000015
11357  -14.174  -68.572  0.372 0.1000000015
11358  -15.509  -68.181  0.069 0.1000000015
118915  -0.711  -76.117  11.635 0.6000000238
123235  -0.674  -75.464  10.820 0.6999999881
9928  -9.822  -69.710  3.945 0.2000000030
10615  -11.136  -68.986  2.867 0.1000000015
11341  -11.631  -68.762  2.027 0.1000000015
9902  -8.164  -69.407  5.740 0.2000000030
10590  -9.527  -69.072  4.743 0.1000000015
110739  -10.135  -68.941  4.189 0.2000000030
11319  -11.158  -68.166  3.728 0.1000000015
11342  -12.347  -68.354  1.673 0.1000000015
11343  -13.164  -67.808  1.502 0.1000000015
12025  -13.928  -67.700  0.743 0.1000000015
12027  -15.409  -67.384  -0.064 0.1000000015
12832  -8.775  -66.549  -11.576 0.4000000060
9858  -5.582  -70.736  8.380 0.4000000060
9901  -7.764  -69.883  5.970 0.2000000030
12042  -16.638  -67.244  -0.121 0.1000000015
10547  -5.921  -70.450  7.135 0.3000000119
10564  -7.126  -69.986  6.267 0.3000000119
10578  -8.802  -69.150  5.342 0.2000000030
10579  -9.322  -68.519  4.841 0.2000000030
11300  -10.416  -68.137  4.281 0.2000000030
111349  -12.404  -67.408  3.391 0.2000000030
12000  -12.732  -67.657  2.588 0.1000000015
12013  -13.720  -67.258  1.586 0.1000000015
12026  -14.632  -67.185  0.415 0.1000000015
12041  -16.056  -67.169  -0.281 0.1000000015
11286  -8.228  -68.937  5.681 0.3000000119
10580  -10.078  -68.206  4.611 0.3000000119
123258  -11.258  -67.640  4.122 0.3000000119
11301  -11.718  -67.374  3.908 0.2000000030
12001  -13.472  -67.187  2.440 0.1000000015
12014  -14.201  -66.962  1.205 0.1000000015
12709  -15.127  -66.551  0.171 0.1000000015
11962  -11.883  -66.741  4.192 0.3000000119
11985  -13.101  -67.014  3.319 0.1000000015
13545  -8.112  -65.910  -9.645 0.4000000060
12822  -8.537  -66.377  -10.982 0.4000000060
13552  -8.812  -66.212  -10.311 0.4000000060
12823  -9.276  -66.321  -11.021 0.4000000060
12847  -9.374  -66.267  -12.380 0.4000000060
9198  -4.716  -71.086  9.938 0.4000000060
9197  -3.829  -70.879  10.299 0.4000000060
9847  -4.260  -70.586  9.407 0.4000000060
9871  -4.612  -70.352  7.918 0.3000000119
10562  -5.704  -70.150  6.533 0.3000000119
12726  -16.383  -66.604  -0.348 0.1000000015
11284  -6.478  -69.259  5.273 0.3000000119
11285  -7.439  -69.092  5.660 0.3000000119
11943  -9.514  -67.930  4.691 0.3000000119
11961  -11.228  -67.011  4.395 0.3000000119
12696  -14.074  -66.782  2.178 0.1000000015
12697  -14.444  -66.443  1.727 0.1000000015
120003  -15.466  -65.969  -0.077 0.1000000015
121913  -6.115  -68.870  4.449 0.3000000119
11298  -6.903  -68.745  4.821 0.3000000119
11957  -8.152  -68.055  4.736 0.4000000060
130387  -9.560  -67.693  4.694 0.4000000060
11944  -10.171  -67.524  4.415 0.3000000119
12647  -11.711  -66.472  4.340 0.3000000119
12668  -13.227  -66.367  3.782 0.3000000119
12689  -14.511  -66.184  2.585 0.2000000030
11959  -9.853  -67.259  4.682 0.3000000119
120765  -11.170  -66.693  4.516 0.3000000119
12648  -13.147  -65.947  3.960 0.3000000119
13535  -7.343  -65.990  -7.521 0.3000000119
13536  -8.025  -66.008  -8.605 0.4000000060
13546  -8.935  -66.073  -9.375 0.4000000060
9175  -2.746  -71.746  11.858 0.4000000060
9187  -3.295  -71.273  11.093 0.4000000060
9186  -2.447  -71.006  11.438 0.4000000060
9846  -3.165  -70.424  9.805 0.4000000060
9836  -2.717  -70.541  10.641 0.4000000060
9856  -3.882  -70.310  8.515 0.4000000060
130345  -4.259  -70.276  7.113 0.4000000060
13429  -15.984  -65.840  -0.426 0.1000000015
10535  -2.834  -69.809  8.575 0.4000000060
10546  -3.390  -69.975  7.589 0.4000000060
117722  -4.902  -69.856  5.792 0.3000000119
118697  -14.827  -65.859  1.794 0.3000000119
10574  -3.998  -69.680  5.696 0.5000000000
10589  -4.534  -69.359  4.982 0.4000000060
11318  -7.272  -68.306  4.218 0.4000000060
13354  -12.303  -65.977  4.237 0.3000000119
13391  -13.941  -65.943  3.652 0.3000000119
11316  -5.400  -68.503  3.856 0.4000000060
11982  -7.629  -67.665  3.647 0.4000000060
12644  -9.333  -67.073  4.343 0.4000000060
12645  -10.156  -66.643  4.415 0.3000000119
13353  -10.678  -65.246  4.061 0.3000000119
11999  -7.970  -66.872  3.089 0.4000000060
127499  -8.792  -66.845  3.675 0.4000000060
13352  -10.013  -65.839  3.928 0.3000000119
13366  -9.110  -65.460  3.320 0.3000000119
13526  -7.725  -66.244  -6.692 0.3000000119
13537  -9.041  -66.166  -8.455 0.4000000060
13553  -9.459  -65.879  -10.231 0.2000000030
112132  -9.796  -65.945  -11.219 0.3000000119
14122  -14.081  -64.960  3.365 0.3000000119
14158  -14.979  -64.965  2.743 0.3000000119
13404  -15.174  -65.019  1.909 0.3000000119
119239  -11.425  -65.041  4.151 0.3000000119
14106  -12.503  -64.560  3.964 0.3000000119
13392  -14.827  -65.504  2.752 0.3000000119
13414  -15.132  -65.693  0.669 0.1000000015
116758  -12.073  -65.295  4.170 0.3000000119
119767  -12.881  -65.442  3.971 0.3000000119
13367  -13.714  -65.524  3.657 0.3000000119
122264  -5.888  -67.964  3.436 0.5000000000
11981  -6.704  -67.846  3.443 0.4000000060
11997  -6.011  -67.312  3.026 0.4000000060
12666  -8.555  -66.187  3.159 0.3000000119
13507  -7.176  -66.072  -6.021 0.3000000119
109670  -8.313  -66.287  -7.642 0.4000000060
110634  -9.152  -66.364  -7.718 0.3000000119
14284  -9.901  -65.249  -10.543 0.2000000030
118360  -9.941  -65.243  -11.552 0.3000000119
14906  -13.808  -64.162  3.246 0.3000000119
14142  -14.617  -64.535  2.861 0.3000000119
14159  -15.378  -64.213  1.377 0.3000000119
128397  -11.290  -63.753  4.104 0.4000000060
14120  -10.070  -64.368  3.717 0.4000000060
15742  -0.788  -62.315  0.791 0.4000000060
13495  -6.760  -65.648  -5.674 0.3000000119
113710  -8.139  -66.193  -6.027 0.3000000119
13527  -8.744  -66.433  -6.772 0.3000000119
13508  -9.031  -66.307  -5.992 0.3000000119
13547  -9.507  -65.692  -9.080 0.2000000030
15087  -9.507  -64.154  -10.835 0.2000000030
14260  -10.171  -65.073  -9.050 0.2000000030
115674  -9.807  -64.363  -10.114 0.2000000030
14919  -14.258  -63.556  2.752 0.4000000060
18107  -17.522  -59.568  0.965 0.3000000119
18108  -18.506  -59.443  0.461 0.3000000119
14905  -12.867  -63.701  3.694 0.4000000060
18095  -15.977  -59.153  1.708 0.4000000060
18097  -18.256  -59.028  1.398 0.3000000119
18858  -15.166  -58.700  2.122 0.4000000060
18096  -17.743  -58.928  1.728 0.3000000119
14891  -10.920  -63.357  4.127 0.4000000060
14893  -12.142  -63.726  4.059 0.4000000060
18846  -13.766  -58.608  2.946 0.6000000238
18847  -14.516  -58.101  2.643 0.5000000000
18859  -16.624  -58.356  2.240 0.4000000060
18849  -17.204  -57.313  2.693 0.4000000060
18861  -18.385  -58.295  2.149 0.2000000030
18862  -19.798  -57.575  1.770 0.3000000119
123457  -1.758  -60.468  1.179 0.6000000238
14163  -0.585  -63.997  1.294 0.3000000119
117870  -8.128  -62.646  -6.706 0.4000000060
126132  -7.252  -65.135  -5.405 0.3000000119
13496  -8.602  -65.772  -5.576 0.3000000119
13538  -9.924  -65.956  -8.313 0.2000000030
13528  -9.749  -66.443  -7.162 0.2000000030
15073  -8.875  -63.075  -10.687 0.2000000030
16636  -8.303  -61.620  -11.245 0.2000000030
17454  -8.693  -60.657  -11.577 0.2000000030
15061  -10.084  -64.106  -9.648 0.2000000030
17311  -20.477  -60.184  -0.471 0.2000000030
18119  -17.704  -60.007  -0.102 0.3000000119
18120  -18.414  -59.964  -0.379 0.2000000030
18122  -20.968  -59.541  -0.467 0.2000000030
121050  -15.758  -59.960  1.328 0.3000000119
17282  -16.496  -59.863  1.042 0.4000000060
18109  -19.229  -59.604  -0.286 0.2000000030
18121  -20.146  -59.465  -0.384 0.2000000030
18083  -14.406  -59.239  2.330 0.4000000060
123904  -19.332  -59.021  0.465 0.2000000030
18067  -12.368  -58.818  3.986 0.5000000000
18877  -19.897  -58.400  0.971 0.2000000030
18863  -20.255  -57.650  1.231 0.2000000030
19649  -20.144  -56.818  1.500 0.2000000030
20468  -20.634  -56.562  0.881 0.3000000119
15018  -7.938  -63.884  -5.663 0.4000000060
14228  -8.110  -64.894  -5.365 0.3000000119
15028  -8.562  -63.264  -6.177 0.4000000060
13509  -9.909  -66.367  -6.151 0.3000000119
13539  -10.685  -66.048  -7.689 0.2000000030
15871  -9.412  -62.732  -10.430 0.2000000030
120627  -9.148  -61.412  -11.169 0.2000000030
16509  -20.130  -60.946  -0.423 0.2000000030
115135  -17.985  -60.508  -0.780 0.2000000030
17269  -14.584  -60.247  2.033 0.3000000119
116353  -15.867  -60.594  0.880 0.3000000119
17294  -16.902  -60.181  0.281 0.3000000119
18057  -12.685  -59.874  3.836 0.5000000000
17268  -14.034  -60.015  2.573 0.5000000000
18893  -20.779  -58.653  -0.282 0.2000000030
18082  -13.751  -59.461  2.871 0.5000000000
18879  -21.004  -57.821  0.186 0.2000000030
18894  -21.569  -58.078  -0.172 0.2000000030
19662  -20.688  -57.280  0.888 0.2000000030
21324  -21.151  -56.221  0.429 0.3000000119
20498  -18.558  -56.237  -1.107 0.6000000238
118383  -18.398  -56.175  -1.636 0.6000000238
15825  -9.009  -62.526  -6.587 0.4000000060
14229  -9.172  -65.075  -5.368 0.3000000119
15029  -9.601  -63.252  -6.071 0.4000000060
13497  -9.518  -65.859  -5.605 0.3000000119
113312  -10.506  -66.399  -6.839 0.2000000030
15872  -10.208  -62.480  -10.450 0.2000000030
16638  -10.555  -61.951  -11.036 0.2000000030
14261  -10.856  -65.137  -8.554 0.2000000030
14269  -10.536  -64.364  -9.165 0.2000000030
17455  -9.878  -60.858  -11.604 0.2000000030
19663  -21.448  -57.122  0.433 0.2000000030
19665  -23.093  -57.169  0.244 0.2000000030
21338  -21.388  -55.399  -0.167 0.3000000119
21353  -18.389  -55.366  -1.739 0.5000000000
20513  -18.278  -56.702  -1.946 0.5000000000
16594  -9.022  -61.354  -7.518 0.4000000060
15020  -9.839  -64.297  -5.558 0.3000000119
15826  -9.768  -62.412  -6.537 0.4000000060
15846  -9.437  -61.856  -6.942 0.4000000060
14230  -10.045  -65.206  -5.479 0.3000000119
15888  -11.237  -62.437  -10.894 0.2000000030
13510  -10.818  -66.193  -6.206 0.3000000119
15062  -10.607  -63.693  -9.547 0.2000000030
15864  -10.835  -63.044  -10.095 0.2000000030
13540  -11.719  -65.622  -7.784 0.2000000030
15055  -11.138  -64.239  -9.090 0.2000000030
20471  -23.492  -56.302  0.398 0.2000000030
21327  -23.702  -55.350  0.500 0.3000000119
109629  -22.160  -56.851  0.233 0.2000000030
22236  -22.888  -53.925  0.005 0.1000000015
114622  -22.927  -54.836  0.141 0.2000000030
20469  -21.601  -56.445  0.367 0.2000000030
22253  -22.397  -54.456  -0.203 0.1000000015
23153  -22.101  -53.791  -0.369 0.1000000015
22252  -21.766  -54.541  -0.396 0.2000000030
23973  -22.032  -52.204  0.308 0.1000000015
23991  -21.509  -52.948  -0.338 0.1000000015
23972  -21.166  -51.976  0.118 0.1000000015
16605  -8.523  -60.877  -8.012 0.4000000060
15021  -10.672  -64.627  -5.591 0.3000000119
15030  -10.621  -63.674  -5.831 0.3000000119
14232  -11.310  -65.114  -5.740 0.3000000119
13529  -11.284  -66.205  -7.028 0.2000000030
15063  -11.543  -63.693  -9.624 0.2000000030
14270  -11.951  -64.820  -8.661 0.2000000030
15064  -12.375  -64.272  -9.325 0.2000000030
23137  -24.084  -54.057  0.851 0.1000000015
23127  -23.990  -53.310  1.138 0.1000000015
22237  -23.515  -54.436  0.453 0.1000000015
21326  -22.829  -55.661  0.305 0.2000000030
23975  -23.464  -52.851  0.838 0.1000000015
23974  -22.828  -52.469  0.592 0.1000000015
18233  -6.060  -59.834  -9.573 0.5000000000
17418  -8.071  -60.450  -8.524 0.4000000060
16595  -9.965  -61.311  -7.401 0.4000000060
15031  -11.458  -64.234  -5.807 0.3000000119
15827  -10.514  -62.745  -6.342 0.3000000119
15847  -10.296  -61.941  -6.825 0.4000000060
13512  -12.280  -65.506  -6.667 0.2000000030
13530  -11.954  -65.901  -7.075 0.2000000030
14262  -12.687  -65.231  -8.114 0.2000000030
14271  -13.037  -64.738  -8.820 0.2000000030
127939  -11.716  -64.237  -9.182 0.2000000030
23959  -24.087  -52.436  2.268 0.1000000015
23128  -24.523  -53.764  1.475 0.1000000015
23964  -23.834  -52.610  1.516 0.1000000015
23963  -23.276  -52.147  1.287 0.1000000015
17430  -6.656  -60.298  -9.162 0.5000000000
17431  -7.642  -59.994  -9.050 0.5000000000
17419  -8.871  -60.307  -8.386 0.4000000060
16606  -9.553  -60.656  -8.021 0.4000000060
15828  -11.558  -63.219  -6.210 0.3000000119
16596  -10.902  -61.503  -7.352 0.4000000060
15032  -12.770  -64.275  -6.462 0.3000000119
13531  -12.478  -65.497  -7.355 0.2000000030
14253  -13.205  -65.127  -7.540 0.2000000030
15065  -13.321  -64.316  -9.552 0.2000000030
23965  -24.369  -53.071  1.837 0.1000000015
18247  -6.391  -59.207  -10.015 0.5000000000
113384  -7.138  -59.473  -9.638 0.5000000000
17432  -8.647  -59.755  -8.898 0.4000000060
17420  -9.530  -59.956  -8.651 0.4000000060
15849  -12.224  -62.580  -6.754 0.3000000119
16607  -10.576  -60.816  -7.915 0.4000000060
124494  -12.161  -64.000  -6.079 0.3000000119
15033  -13.267  -63.657  -6.764 0.3000000119
14239  -13.410  -64.485  -6.957 0.2000000030
14254  -13.834  -64.560  -7.621 0.2000000030
14272  -13.959  -64.582  -8.966 0.2000000030
19026  -7.116  -58.624  -10.171 0.5000000000
117933  -8.116  -59.361  -9.448 0.5000000000
16598  -12.994  -62.193  -7.379 0.3000000119
113943  -12.993  -62.939  -6.799 0.3000000119
15047  -13.904  -63.848  -7.216 0.3000000119
27274  -15.352  -48.772  -1.839 0.3000000119
19810  -7.490  -57.810  -10.511 0.4000000060
19008  -9.307  -58.810  -9.727 0.4000000060
127053  -10.895  -59.918  -8.950 0.4000000060
19027  -8.072  -58.338  -10.173 0.4000000060
19028  -8.943  -58.225  -10.131 0.4000000060
28129  -15.186  -47.550  -1.575 0.3000000119
118433  -6.764  -57.326  -10.958 0.4000000060
19009  -10.126  -59.015  -9.650 0.4000000060
19811  -8.414  -57.623  -10.487 0.3000000119
15851  -14.341  -63.301  -7.619 0.3000000119
27278  -14.858  -49.071  -2.628 0.3000000119
26440  -14.654  -49.571  -3.192 0.3000000119
19812  -9.322  -57.586  -10.481 0.3000000119
19029  -9.928  -58.257  -10.210 0.4000000060
115879  -8.010  -56.449  -11.302 0.3000000119
20619  -8.802  -56.809  -10.856 0.3000000119
27277  -14.424  -48.874  -3.243 0.2000000030
27282  -13.887  -48.678  -3.982 0.3000000119
26453  -14.339  -49.475  -5.141 0.4000000060
21507  -6.741  -55.513  -12.155 0.3000000119
26444  -13.863  -49.084  -4.735 0.4000000060
26452  -13.951  -49.073  -5.165 0.4000000060
27287  -13.589  -48.566  -5.059 0.3000000119
27292  -14.363  -49.034  -5.294 0.3000000119
27293  -15.374  -48.827  -5.162 0.3000000119
28148  -16.348  -47.891  -4.821 0.3000000119
117596  -14.561  -48.352  -5.391 0.3000000119
28146  -14.447  -47.573  -5.493 0.2000000030
28147  -15.314  -47.764  -5.207 0.3000000119
118042  -15.204  -46.855  -5.295 0.2000000030
113268  -16.163  -46.968  -4.933 0.3000000119
29023  -15.982  -46.131  -5.094 0.3000000119
30865  -17.348  -44.330  -5.879 0.4000000060
30866  -17.995  -44.371  -6.281 0.5000000000
16608  -11.502  -61.043  -7.938 0.3000000119
16597  -11.890  -61.769  -7.336 0.3000000119
129518  -3.330  -70.241  9.127 0.4000000060
11283  -3.502  -68.900  5.202 0.5000000000
15086  -8.699  -63.392  -11.424 0.2000000030
14291  -9.429  -64.340  -11.937 0.2000000030
110322  -21.402  -53.859  -0.544 0.1000000015
13506  -6.252  -65.857  -6.000 0.3000000119
23152  -20.593  -53.510  -0.663 0.2000000030
15027  -7.772  -63.219  -6.261 0.4000000060
1519  -21.588  -86.504  -12.533 0.4000000060
1173  -21.876  -87.192  -11.209 0.4000000060
3368  -20.916  -81.705  -25.188 0.3000000119
4417  -19.668  -80.844  -26.421 0.4000000060
1078  -14.285  -87.136  -3.764 0.5000000000
768  -13.407  -88.088  -4.073 0.5000000000
19648  -19.574  -56.415  2.158 0.2000000030
115645  -17.489  -45.778  -5.415 0.4000000060
130226  -15.832  -58.324  2.244 0.4000000060
18848  -16.260  -57.439  2.667 0.4000000060
30868  -18.401  -44.433  -6.860 0.5000000000
257  -19.224  -91.244  -5.836 0.5000000000
136  -18.311  -91.852  -4.029 0.4000000060
2239  -14.104  -84.727  -5.246 0.5000000000
253  -18.494  -91.495  -4.371 0.4000000060
11296  -4.688  -68.803  4.267 0.5000000000
27268  -15.796  -48.180  -0.983 0.2000000030
1171  -19.956  -86.952  -11.117 0.4000000060
1150  -19.144  -87.491  -9.585 0.3000000119
1157  -18.607  -86.985  -10.151 0.2000000030
129925  -12.451  -92.049  -0.270 0.4000000060
112983  -14.891  -92.325  -0.459 0.3000000119
244  -17.464  -91.008  -0.300 0.3000000119
127026  -27.256  -81.242  -23.376 0.6000000238
3358  -27.160  -81.673  -23.538 0.5000000000
355  -13.015  -90.730  1.122 0.5000000000
557  -17.200  -89.292  -3.397 0.3000000119
772  -17.727  -88.413  -3.279 0.2000000030
2302  -17.935  -84.475  -10.477 0.2000000030
4368  -26.449  -80.546  -22.228 0.6000000238
3837  -23.533  -81.527  -20.141 0.4000000060
581  -16.865  -89.195  -6.070 0.2000000030
785  -16.934  -88.538  -4.449 0.2000000030
125879  -22.404  -83.372  -19.191 0.3000000119
4341  -22.364  -80.177  -18.929 0.1000000015
4345  -22.552  -80.411  -19.494 0.1000000015
4392  -21.911  -80.862  -23.457 0.2000000030
127407  -14.638  -86.270  -3.844 0.5000000000
1417  -14.648  -85.740  -3.375 0.4000000060
2212  -14.355  -85.132  -3.709 0.5000000000
1447  -19.902  -86.325  -6.114 0.2000000030
1461  -17.449  -86.752  -7.321 0.2000000030
1446  -18.719  -86.301  -6.510 0.2000000030
1409  -12.587  -86.093  -2.166 0.5000000000
723  -4.510  -88.888  0.227 0.4000000060
1379  -14.725  -87.205  0.148 0.5000000000
727  -14.989  -87.641  0.310 0.4000000060
5502  -22.126  -78.198  -26.526 0.2000000030
4968  -17.077  -78.645  -27.183 0.2000000030
1387  -6.700  -86.902  -0.292 0.2000000030
1737  -7.445  -85.969  1.057 0.2000000030
7215  -22.022  -75.293  -26.871 0.2000000030
6618  -14.405  -76.746  -26.994 0.2000000030
126631  -10.376  -74.610  -26.260 0.2000000030
8390  -11.630  -73.612  -26.610 0.2000000030
9014  -11.431  -72.831  -26.524 0.2000000030
121741  -16.453  -75.987  -26.321 0.1000000015
117598  -17.695  -75.698  -25.019 0.2000000030
7206  -12.614  -75.673  -26.730 0.1000000015
7196  -15.994  -75.604  -25.191 0.1000000015
128749  -18.541  -75.152  -23.368 0.2000000030
7791  -13.008  -74.610  -26.257 0.1000000015
7781  -14.729  -74.819  -25.213 0.1000000015
8377  -14.420  -74.010  -25.266 0.1000000015
7783  -15.695  -74.672  -24.085 0.1000000015
7181  -16.107  -75.216  -24.136 0.1000000015
8367  -18.396  -73.454  -22.902 0.2000000030
116114  -13.126  -73.145  -26.077 0.1000000015
113497  -13.877  -72.992  -25.845 0.1000000015
8366  -16.780  -73.527  -23.494 0.1000000015
9003  -12.079  -72.161  -26.214 0.1000000015
9609  -13.749  -71.448  -25.631 0.1000000015
6606  -25.588  -77.271  -24.872 0.2000000030
7188  -27.820  -75.708  -25.247 0.2000000030
7172  -22.585  -74.582  -23.640 0.2000000030
8973  -20.474  -72.782  -22.437 0.1000000015
111030  -15.134  -70.227  -25.338 0.1000000015
10229  -21.533  -71.143  -24.573 0.1000000015
9580  -21.395  -71.882  -22.411 0.1000000015
10256  -18.446  -70.503  -25.638 0.1000000015
9602  -20.754  -71.361  -24.513 0.1000000015
7750  -21.700  -74.215  -22.290 0.2000000030
10964  -17.641  -69.154  -25.606 0.1000000015
10962  -15.906  -69.563  -25.253 0.1000000015
10230  -22.295  -70.712  -24.056 0.1000000015
112980  -22.977  -71.116  -25.868 0.1000000015
11635  -20.601  -68.486  -25.799 0.1000000015
10277  -22.147  -70.616  -26.168 0.1000000015
11331  -11.917  -68.159  2.942 0.2000000030
10577  -7.699  -69.482  5.909 0.3000000119
9210  -5.177  -70.818  9.216 0.4000000060
9872  -5.370  -70.459  8.046 0.4000000060
10576  -6.891  -69.770  6.048 0.3000000119
11287  -8.800  -68.576  5.131 0.2000000030
124191  -8.461  -68.499  5.279 0.3000000119
10575  -5.775  -69.715  5.648 0.3000000119
123766  -10.701  -66.134  4.435 0.3000000119
9890  -3.642  -69.848  6.529 0.4000000060
14276  -9.882  -65.141  -9.670 0.2000000030
121864  -7.653  -65.728  -5.620 0.3000000119
15074  -9.573  -63.524  -10.220 0.2000000030
119124  -16.993  -59.115  1.690 0.4000000060
18860  -17.527  -58.333  2.265 0.4000000060
18876  -19.080  -58.554  1.436 0.3000000119
15075  -9.997  -63.177  -9.943 0.2000000030
17310  -19.659  -60.261  -0.536 0.2000000030
15019  -8.886  -64.100  -5.586 0.4000000060
20470  -22.520  -56.370  0.304 0.2000000030
21339  -22.241  -55.147  -0.034 0.3000000119
21325  -22.007  -55.898  0.280 0.3000000119
22238  -24.113  -54.737  0.731 0.1000000015
23135  -23.046  -53.185  0.339 0.1000000015
23134  -22.437  -53.069  -0.023 0.1000000015
15848  -11.235  -62.241  -6.754 0.4000000060
17421  -10.336  -60.223  -8.510 0.4000000060
15829  -12.536  -63.419  -6.435 0.3000000119
19006  -7.814  -58.917  -9.852 0.5000000000
18234  -8.822  -59.218  -9.412 0.4000000060
111977  -9.456  -59.388  -9.230 0.4000000060
124645  -6.649  -58.017  -10.550 0.5000000000
19007  -8.525  -58.801  -9.783 0.4000000060
18226  -10.254  -59.622  -9.084 0.4000000060
20618  -7.769  -57.049  -10.888 0.3000000119
25627  -14.984  -49.839  -5.166 0.3000000119
130760  -13.997  -48.918  -5.280 0.3000000119
29961  -17.610  -45.062  -5.776 0.4000000060
30855  -16.871  -44.681  -5.564 0.4000000060
1247  -19.970  -86.851  -18.380 0.1000000015
1565  -19.136  -86.935  -17.065 0.1000000015
924  -18.930  -88.800  -17.765 0.1000000015
680  -18.966  -89.262  -17.959 0.2000000030
935  -19.376  -88.586  -17.877 0.1000000015
673  -19.637  -89.279  -17.955 0.2000000030
92  -13.128  -92.873  -13.964 0.2000000030
213  -14.453  -92.562  -14.165 0.2000000030
218  -14.982  -92.187  -14.666 0.2000000030
320  -14.945  -91.601  -14.891 0.2000000030
219  -15.705  -92.192  -14.402 0.2000000030
910  -19.049  -87.969  -17.032 0.1000000015
121910  -18.558  -88.967  -17.578 0.1000000015
88  -12.356  -93.135  -13.403 0.2000000030
220  -15.587  -91.829  -15.182 0.1000000015
321  -16.466  -91.910  -14.470 0.3000000119
324  -15.525  -91.232  -15.564 0.1000000015
1222  -18.776  -87.368  -16.572 0.1000000015
679  -18.471  -89.498  -17.686 0.1000000015
211  -12.833  -92.505  -13.730 0.2000000030
208  -12.139  -92.690  -13.131 0.1000000015
116186  -16.285  -91.598  -15.491 0.3000000119
130539  -15.776  -91.534  -15.707 0.1000000015
329  -16.532  -90.879  -16.290 0.1000000015
466  -16.701  -90.516  -16.364 0.1000000015
317  -18.128  -91.136  -14.192 0.4000000060
652  -16.949  -89.570  -16.019 0.1000000015
663  -17.293  -89.995  -16.939 0.1000000015
108178  -18.016  -89.457  -17.370 0.1000000015
476  -18.455  -89.910  -17.682 0.2000000030
202  -11.128  -92.798  -12.628 0.1000000015
114198  -11.579  -93.207  -12.974 0.1000000015
326  -16.938  -91.168  -15.935 0.2000000030
322  -17.222  -91.484  -14.886 0.4000000060
116558  -17.215  -90.600  -16.704 0.2000000030
327  -17.865  -90.902  -16.107 0.2000000030
323  -17.904  -91.182  -15.190 0.3000000119
467  -18.147  -90.453  -17.007 0.2000000030
460  -18.679  -90.631  -15.963 0.2000000030
468  -18.777  -90.162  -17.249 0.2000000030
296  -7.058  -91.380  -11.432 0.2000000030
297  -9.063  -92.213  -11.448 0.2000000030
85  -9.253  -93.393  -12.169 0.2000000030
473  -10.095  -91.232  -17.461 0.1000000015
334  -10.134  -91.285  -18.191 0.1000000015
332  -10.835  -91.356  -17.956 0.1000000015
330  -9.034  -91.045  -17.672 0.1000000015
110496  -10.929  -91.072  -17.110 0.1000000015
472  -9.207  -91.112  -17.019 0.1000000015
463  -10.081  -91.005  -16.580 0.1000000015
478  -8.672  -90.671  -18.011 0.1000000015
2773  -0.586  -83.718  -13.540 0.2000000030
471  -8.456  -90.842  -17.241 0.1000000015
4238  0.121  -80.560  -12.100 0.1000000015
1253  -6.597  -87.340  -19.469 0.4000000060
1252  -5.233  -86.917  -19.037 0.3000000119
1263  -5.914  -86.836  -19.683 0.3000000119
108832  -0.299  -79.926  -12.530 0.1000000015
1589  -4.904  -86.319  -19.295 0.2000000030
1604  -5.584  -86.231  -19.926 0.3000000119
1936  -5.179  -86.646  -17.977 0.1000000015
1964  -5.718  -85.382  -20.593 0.4000000060
1577  -4.970  -86.684  -18.523 0.1000000015
1963  -5.048  -85.688  -19.907 0.3000000119
1954  -4.632  -85.567  -19.447 0.2000000030
1962  -4.539  -85.050  -19.946 0.2000000030
3316  -2.015  -82.170  -20.800 0.2000000030
5299  -0.071  -78.059  -10.950 0.1000000015
2848  -3.661  -83.498  -20.657 0.2000000030
5285  0.164  -78.838  -10.462 0.1000000015
5286  0.168  -77.964  -9.955 0.2000000030
6393  -0.589  -76.802  -10.496 0.1000000015
5280  0.065  -78.500  -7.856 0.3000000119
117227  -0.013  -77.750  -7.522 0.2000000030
4764  0.122  -78.455  -8.860 0.2000000030
5795  0.030  -77.017  -8.123 0.2000000030
125894  0.180  -77.250  -9.113 0.2000000030
5819  0.001  -77.054  -9.959 0.1000000015
6350  0.050  -76.048  -7.899 0.2000000030
6336  -0.224  -75.901  -7.000 0.2000000030
6364  0.112  -76.250  -8.803 0.1000000015
124662  -0.194  -74.986  -6.808 0.2000000030
6954  -0.495  -74.990  -5.949 0.1000000015
6930  -1.040  -74.833  -4.337 0.1000000015
6931  -1.553  -74.280  -4.059 0.1000000015
7527  -0.989  -74.079  -4.812 0.1000000015
8129  -0.859  -73.334  -5.195 0.1000000015
6963  -0.468  -74.419  -7.273 0.1000000015
7544  -0.443  -74.189  -6.450 0.1000000015
119217  -0.112  -75.146  -7.658 0.2000000030
128402  0.214  -69.860  -12.892 0.2000000030
7513  -1.653  -74.659  -2.305 0.1000000015
7521  -1.719  -74.485  -3.174 0.1000000015
8105  -1.924  -73.863  -3.350 0.1000000015
8117  -1.476  -73.630  -4.456 0.1000000015
8726  -2.252  -73.702  -3.974 0.1000000015
8143  -0.682  -73.377  -6.001 0.1000000015
11480  -0.001  -68.200  -13.542 0.5000000000
8092  -1.600  -73.733  -2.567 0.1000000015
111905  -1.606  -73.447  -2.327 0.1000000015
8713  -1.954  -73.968  -3.363 0.1000000015
8714  -2.395  -73.588  -2.861 0.1000000015
123513  -2.610  -73.182  -4.088 0.1000000015
8130  -0.974  -72.888  -5.495 0.1000000015
8755  -1.551  -72.765  -5.718 0.1000000015
109370  -0.251  -75.446  -8.502 0.2000000030
7554  -0.894  -74.068  -7.595 0.1000000015
4523  -1.038  -80.127  8.988 0.4000000060
8070  -0.688  -72.882  -0.416 0.1000000015
8692  -0.998  -72.351  -1.844 0.1000000015
9354  -1.755  -73.177  -2.106 0.1000000015
9356  -2.690  -72.469  -2.604 0.1000000015
9345  -3.466  -72.203  -2.954 0.1000000015
9342  -1.313  -72.412  -1.951 0.1000000015
9355  -2.072  -72.550  -2.270 0.1000000015
9365  -3.104  -72.674  -3.624 0.1000000015
9357  -3.279  -72.446  -3.281 0.1000000015
12136  -0.356  -67.452  -12.278 0.4000000060
130396  -1.976  -77.854  8.637 0.4000000060
5619  -1.653  -78.221  10.402 0.4000000060
5070  -1.265  -79.517  9.312 0.4000000060
5063  -1.181  -79.136  10.066 0.4000000060
5609  -1.386  -77.991  11.267 0.4000000060
9343  -1.658  -72.099  -1.938 0.1000000015
5610  -1.982  -77.629  11.032 0.4000000060
5597  -1.824  -77.360  11.735 0.4000000060
6123  -1.393  -76.474  12.504 0.5000000000
5595  -0.905  -77.504  11.797 0.5000000000
112973  -0.756  -72.146  0.116 0.1000000015
9274  -2.127  -71.799  3.523 0.3000000119
9937  -2.009  -70.840  2.952 0.3000000119
13484  -1.091  -66.274  -3.945 0.2000000030
12777  -1.266  -66.871  -4.222 0.2000000030
13483  -0.883  -65.611  -4.036 0.2000000030
12096  -1.164  -67.105  -5.017 0.2000000030
9946  -3.015  -70.191  2.020 0.2000000030
9945  -2.396  -71.018  2.654 0.2000000030
10622  -2.360  -69.921  2.365 0.2000000030
10603  -1.710  -70.120  3.440 0.2000000030
113651  -2.132  -71.653  2.544 0.3000000119
10623  -2.788  -69.331  1.709 0.1000000015
130221  -4.062  -68.688  0.687 0.1000000015
124144  -4.784  -69.015  0.728 0.1000000015
11354  -5.300  -68.723  0.217 0.1000000015
11351  -2.646  -67.969  0.658 0.1000000015
11352  -3.570  -67.994  0.283 0.1000000015
11366  -5.163  -67.808  -0.202 0.1000000015
118284  -5.551  -67.069  -0.439 0.1000000015
112463  -6.115  -67.637  -0.389 0.1000000015
12024  -4.225  -67.520  -0.152 0.1000000015
12037  -4.793  -66.900  -0.379 0.1000000015
118314  -6.270  -66.807  -0.478 0.1000000015
124544  -2.524  -66.659  -0.058 0.1000000015
11330  -1.669  -68.987  2.505 0.2000000030
12023  -2.863  -67.340  0.069 0.1000000015
12707  -3.203  -66.681  -0.210 0.1000000015
12718  -4.486  -66.110  -0.402 0.1000000015
13422  -5.754  -65.297  -0.462 0.1000000015
119588  -6.492  -65.928  -0.397 0.1000000015
11339  -1.723  -68.365  1.786 0.1000000015
12705  -1.259  -66.363  0.705 0.1000000015
12716  -2.740  -65.900  -0.223 0.1000000015
121092  -4.130  -65.383  -0.416 0.1000000015
118317  -5.264  -64.662  -0.474 0.1000000015
124349  -5.915  -64.620  -0.458 0.1000000015
14950  -1.168  -63.196  0.291 0.1000000015
14173  -1.416  -64.084  0.129 0.1000000015
14164  -0.903  -64.002  0.619 0.3000000119
14961  -1.952  -62.853  -0.148 0.2000000030
13411  -1.915  -65.319  -0.103 0.1000000015
15686  -12.141  -62.786  4.121 0.3000000119
14175  -3.198  -64.031  -0.356 0.1000000015
112099  -5.624  -64.003  -0.454 0.1000000015
113518  -6.387  -62.711  -0.358 0.1000000015
16529  -4.299  -61.678  -2.504 0.2000000030
15756  -1.269  -62.094  0.220 0.2000000030
15757  -2.058  -61.900  -0.178 0.1000000015
15700  -13.389  -62.333  3.247 0.3000000119
124065  -2.932  -62.684  -0.295 0.1000000015
109486  -5.218  -63.285  -0.466 0.1000000015
14963  -6.027  -63.320  -0.441 0.1000000015
110456  -3.112  -61.855  -0.308 0.1000000015
109530  -4.063  -61.802  -0.423 0.1000000015
15759  -4.700  -62.551  -0.469 0.1000000015
111020  -1.465  -60.863  0.626 0.3000000119
17301  -1.988  -60.313  0.226 0.2000000030
16500  -4.928  -61.683  -0.505 0.1000000015
15760  -5.636  -62.448  -0.470 0.1000000015
17302  -2.673  -60.094  -0.136 0.1000000015
113815  -3.334  -60.968  -0.306 0.1000000015
112728  -5.064  -60.746  -0.506 0.1000000015
17434  -11.578  -60.060  -9.130 0.3000000119
116895  -11.154  -60.431  -8.496 0.3000000119
112718  -4.251  -60.915  -0.443 0.1000000015
18114  -2.643  -59.469  0.110 0.2000000030
18115  -3.031  -59.243  -0.185 0.1000000015
18116  -3.933  -59.115  -0.386 0.1000000015
115800  -5.054  -59.658  -0.516 0.1000000015
120111  -4.570  -58.593  -0.510 0.1000000015
17433  -11.118  -59.337  -9.622 0.3000000119
18235  -12.669  -59.781  -9.879 0.3000000119
18248  -13.106  -59.236  -10.354 0.2000000030
18102  -2.411  -59.697  0.545 0.4000000060
18868  -2.815  -58.983  0.276 0.3000000119
18885  -3.376  -58.517  -0.109 0.2000000030
18886  -3.934  -58.049  -0.323 0.1000000015
19653  -3.943  -57.402  0.088 0.3000000119
19670  -4.151  -57.326  -0.148 0.2000000030
20462  -5.777  -55.790  0.003 0.3000000119
21331  -6.453  -55.105  -0.992 0.2000000030
21320  -8.188  -54.895  0.598 0.4000000060
118599  -10.650  -58.689  -10.022 0.3000000119
19010  -12.115  -59.107  -10.202 0.3000000119
18087  -2.742  -59.183  0.809 0.5000000000
19645  -3.608  -57.906  0.307 0.3000000119
20449  -4.909  -56.754  0.488 0.3000000119
109947  -4.180  -57.423  0.586 0.4000000060
125261  -5.670  -56.325  0.536 0.4000000060
21305  -6.992  -55.583  0.740 0.5000000000
21319  -7.264  -55.080  0.299 0.6000000238
21321  -9.157  -54.748  0.713 0.4000000060
22218  -10.064  -54.667  0.935 0.5000000000
19032  -13.607  -58.486  -10.834 0.2000000030
18249  -14.074  -59.352  -10.331 0.2000000030
18855  -3.684  -58.236  0.867 0.4000000060
20451  -7.925  -55.670  1.432 0.6000000238
21306  -8.999  -55.170  1.527 0.6000000238
22232  -10.458  -54.496  0.174 0.5000000000
22234  -12.352  -54.813  1.068 0.4000000060
112589  -13.615  -55.336  0.810 0.4000000060
20496  -14.151  -56.479  -1.557 0.4000000060
19678  -14.776  -57.293  -1.291 0.4000000060
115602  -15.213  -57.770  -2.233 0.3000000119
19030  -11.302  -58.604  -10.278 0.3000000119
19031  -12.714  -58.624  -10.660 0.2000000030
124970  -5.628  -56.901  1.067 0.4000000060
107845  -14.138  -55.698  0.328 0.4000000060
20479  -14.659  -56.502  -0.249 0.4000000060
110626  -16.217  -58.054  -0.857 0.4000000060
19691  -15.938  -58.387  -1.770 0.3000000119
19692  -16.698  -58.306  -1.692 0.3000000119
115726  -17.615  -57.708  -1.923 0.3000000119
109605  -5.147  -57.488  1.203 0.5000000000
19710  -17.188  -58.438  -2.629 0.3000000119
119553  -9.847  -51.731  -14.473 0.1000000015
28137  -14.211  -47.925  -3.183 0.2000000030
123717  -10.279  -51.130  -14.728 0.2000000030
27281  -13.551  -48.468  -4.610 0.1000000015
28141  -13.226  -47.967  -4.852 0.1000000015
29960  -16.702  -45.427  -5.301 0.2000000030
30864  -16.532  -43.945  -5.798 0.1000000015
31685  -18.153  -43.671  -6.727 0.4000000060
30875  -18.376  -43.779  -7.415 0.4000000060
31695  -18.290  -42.900  -7.715 0.4000000060
1953  -4.436  -84.716  -19.787 0.1000000015
119395  -5.072  -85.050  -20.326 0.3000000119
2422  -4.352  -83.943  -20.189 0.2000000030
2825  -3.615  -83.233  -19.865 0.1000000015
3332  -2.534  -82.737  -22.136 0.3000000119
129209  -1.254  -71.899  -0.027 0.1000000015
9329  -1.087  -72.042  -1.561 0.1000000015
9330  -1.424  -71.943  -1.308 0.1000000015
10613  -1.888  -69.908  2.877 0.3000000119
11350  -1.821  -67.872  1.074 0.1000000015
12022  -2.006  -67.098  0.448 0.1000000015
130482  -2.145  -70.403  2.750 0.2000000030
12706  -1.893  -66.181  0.051 0.1000000015
14174  -2.072  -63.866  -0.202 0.1000000015
122993  -1.271  -65.515  0.444 0.1000000015
13420  -2.712  -64.831  -0.274 0.1000000015
12799  -0.853  -66.532  -6.352 0.2000000030
12785  -0.808  -66.217  -5.493 0.2000000030
116463  -0.985  -67.158  -5.808 0.2000000030
84  -8.905  -92.875  -11.974 0.2000000030
336  -10.171  -91.083  -18.964 0.1000000015
6138  -0.703  -76.865  11.844 0.5000000000
15717  -13.954  -62.605  2.757 0.3000000119
16449  -13.021  -61.639  3.619 0.3000000119
121138  -14.033  -60.908  2.571 0.3000000119
124682  -15.233  -57.294  -0.422 0.4000000060
20450  -7.088  -56.119  1.264 0.5000000000
25742  -10.330  -50.297  -14.923 0.2000000030
207  -10.234  -93.029  -12.554 0.2000000030
206  -9.624  -93.176  -12.400 0.2000000030
2865  -3.001  -83.274  -22.410 0.3000000119
123663  -18.487  -44.589  -7.405 0.4000000060
452  -18.613  -90.774  -15.105 0.3000000119
7500  -1.132  -73.781  -1.807 0.1000000015
129481  -0.877  -71.960  -0.306 0.1000000015
12012  -1.260  -67.117  1.129 0.1000000015
109200  -13.732  -48.479  -5.237 0.2000000030
31684  -17.508  -43.704  -6.210 0.3000000119
118017  -18.506  -88.315  -16.609 0.1000000015
459  -15.776  -90.958  -16.039 0.1000000015
664  -17.905  -90.028  -17.384 0.1000000015
909  -17.685  -89.035  -16.505 0.1000000015
124587  -3.657  -83.412  -20.104 0.2000000030
8091  -1.160  -72.951  -2.071 0.1000000015
9377  -2.938  -72.388  -4.537 0.1000000015
8079  -0.839  -72.913  -1.359 0.1000000015
12776  -0.921  -66.298  -4.541 0.2000000030
113402  -2.883  -70.940  2.139 0.2000000030
108648  -2.135  -69.047  1.886 0.1000000015
11340  -2.391  -68.583  1.322 0.1000000015
10636  -3.287  -68.827  0.997 0.1000000015
11353  -4.495  -68.307  0.247 0.1000000015
123234  -3.550  -67.265  -0.133 0.1000000015
12036  -3.962  -66.766  -0.323 0.1000000015
12719  -5.463  -66.199  -0.438 0.1000000015
126598  -6.971  -66.620  -0.427 0.1000000015
125612  -3.413  -65.377  -0.345 0.1000000015
13421  -4.938  -65.381  -0.456 0.1000000015
118326  -6.517  -65.035  -0.372 0.1000000015
13423  -7.106  -65.467  -0.277 0.1000000015
117534  -3.710  -64.720  -0.393 0.1000000015
118318  -4.510  -64.692  -0.455 0.1000000015
14176  -4.859  -64.001  -0.464 0.1000000015
109080  -6.477  -64.132  -0.336 0.1000000015
14962  -3.599  -63.356  -0.373 0.1000000015
15718  -14.547  -62.892  2.235 0.3000000119
15758  -3.844  -62.622  -0.397 0.1000000015
109526  -4.404  -63.319  -0.444 0.1000000015
116308  -4.389  -60.097  -0.459 0.1000000015
127946  -11.965  -59.713  -9.650 0.3000000119
19671  -4.907  -56.799  -0.490 0.2000000030
20461  -5.250  -56.304  -0.147 0.3000000119
20474  -5.594  -56.180  -0.678 0.3000000119
21317  -5.896  -55.698  -0.568 0.3000000119
21332  -6.861  -54.890  -0.525 0.3000000119
110145  -14.605  -56.813  -2.776 0.4000000060
21335  -13.960  -55.918  -0.722 0.4000000060
24932  -11.073  -50.975  -14.454 0.1000000015
114890  -16.994  -43.206  -6.176 0.2000000030
669  -7.177  -89.895  -17.251 0.1000000015
462  -7.750  -90.413  -16.875 0.1000000015
675  -6.710  -88.888  -18.092 0.2000000030
676  -7.379  -89.577  -18.031 0.1000000015
916  -5.774  -87.751  -17.896 0.2000000030
125413  -5.898  -87.271  -19.142 0.2000000030
125633  -6.744  -88.376  -18.607 0.2000000030
337  -10.843  -91.140  -19.278 0.1000000015
508  -13.726  -89.817  0.904 0.4000000060
1361  -4.129  -87.710  2.358 0.3000000119
1022  -4.154  -88.399  1.771 0.3000000119
121335  -3.091  -82.971  -19.957 0.1000000015
717  -4.662  -88.819  1.098 0.3000000119
3317  -2.445  -82.724  -20.192 0.1000000015
2847  -2.993  -83.123  -20.426 0.1000000015
3309  -2.132  -82.217  -19.844 0.1000000015
1736  -4.547  -85.846  1.732 0.3000000119
3838  -1.616  -81.565  -20.097 0.1000000015
4325  -0.475  -80.021  -17.802 0.1000000015
5384  -0.128  -78.868  -16.424 0.1000000015
8205  0.153  -73.366  -12.596 0.1000000015
5898  -0.266  -77.991  -15.165 0.1000000015
8843  0.306  -72.755  -13.405 0.1000000015
6446  0.143  -75.790  -14.574 0.1000000015
110355  0.286  -71.760  -13.129 0.1000000015
10778  0.127  -70.373  -11.587 0.1000000015
9447  0.263  -71.028  -12.811 0.1000000015
10779  0.018  -69.668  -11.163 0.1000000015
10070  0.203  -70.378  -12.397 0.1000000015
110688  0.324  -70.937  -13.707 0.1000000015
10788  0.118  -69.506  -12.150 0.1000000015
11473  -0.063  -68.362  -12.429 0.3000000119
11461  -0.083  -68.887  -11.554 0.1000000015
11457  -0.264  -68.977  -10.708 0.1000000015
10053  0.015  -70.486  -10.739 0.1000000015
114581  -0.448  -69.228  -9.732 0.1000000015
107924  -0.715  -69.492  -8.894 0.1000000015
10733  -1.130  -69.090  -7.970 0.1000000015
116379  -1.076  -66.600  -9.882 0.3000000119
10723  -1.331  -68.751  -7.584 0.1000000015
10734  -1.314  -69.319  -7.985 0.1000000015
120022  -2.251  -68.839  -7.060 0.1000000015
108668  -1.001  -67.860  -6.949 0.2000000030
11451  -1.134  -68.503  -7.641 0.1000000015
114272  -0.933  -68.364  -8.196 0.1000000015
12128  -0.948  -67.650  -8.577 0.1000000015
13542  -1.237  -65.937  -9.396 0.5000000000
10724  -1.635  -68.671  -7.173 0.1000000015
10725  -2.137  -68.537  -6.415 0.1000000015
10712  -3.445  -68.738  -5.699 0.1000000015
11447  -1.337  -68.219  -6.836 0.1000000015
11448  -1.678  -68.248  -6.371 0.1000000015
115884  -3.976  -68.814  -6.337 0.1000000015
11440  -1.166  -67.743  -6.201 0.1000000015
12811  -0.930  -66.900  -7.164 0.2000000030
12815  -0.997  -66.843  -8.118 0.3000000119
118191  -1.141  -65.990  -8.575 0.3000000119
11441  -1.473  -67.868  -5.797 0.1000000015
10711  -2.681  -68.551  -5.867 0.1000000015
10690  -3.549  -68.984  -4.751 0.1000000015
10713  -4.513  -69.153  -5.439 0.1000000015
112867  -3.027  -68.713  -4.401 0.1000000015
11426  -3.405  -69.018  -4.085 0.1000000015
12111  -1.288  -67.548  -5.576 0.1000000015
12764  -2.089  -66.935  -3.216 0.1000000015
12745  -2.439  -66.501  -2.903 0.1000000015
113047  -3.097  -66.475  -2.737 0.1000000015
12744  -1.885  -66.153  -3.053 0.1000000015
13447  -1.704  -65.245  -3.035 0.1000000015
15000  -1.268  -63.485  -3.245 0.1000000015
13448  -2.545  -65.640  -2.758 0.1000000015
13449  -3.525  -65.645  -2.631 0.1000000015
13450  -4.436  -65.674  -2.599 0.1000000015
125095  -1.840  -63.741  -2.874 0.1000000015
15798  -1.148  -62.612  -3.217 0.1000000015
14197  -3.127  -64.922  -2.602 0.1000000015
14198  -4.015  -64.748  -2.550 0.1000000015
128841  -4.028  -63.895  -2.496 0.1000000015
14196  -2.321  -64.489  -2.725 0.1000000015
14984  -2.618  -63.389  -2.672 0.1000000015
14983  -1.779  -62.969  -2.883 0.1000000015
15781  -1.673  -62.125  -2.891 0.2000000030
116387  -3.283  -64.120  -2.563 0.1000000015
115077  -3.603  -63.301  -2.534 0.1000000015
15784  -3.955  -62.502  -2.507 0.1000000015
15782  -2.447  -62.404  -2.701 0.1000000015
16530  -5.073  -61.640  -2.511 0.1000000015
18914  -6.382  -59.089  -2.693 0.1000000015
18140  -8.469  -59.530  -2.670 0.1000000015
18157  -8.973  -58.954  -2.850 0.1000000015
18931  -5.578  -58.868  -2.651 0.1000000015
18932  -6.851  -58.338  -3.063 0.1000000015
18915  -7.331  -58.951  -2.824 0.1000000015
18916  -8.178  -58.911  -2.877 0.1000000015
20535  -6.775  -56.573  -4.451 0.2000000030
20545  -6.536  -55.987  -4.963 0.2000000030
19724  -8.140  -57.778  -3.761 0.1000000015
18934  -8.526  -58.471  -3.383 0.1000000015
123498  -5.999  -57.150  -3.572 0.1000000015
124916  -5.978  -58.304  -2.909 0.1000000015
18933  -7.723  -58.351  -3.222 0.1000000015
18935  -9.296  -58.662  -3.575 0.1000000015
19722  -5.569  -57.600  -3.167 0.1000000015
20546  -7.451  -56.455  -5.104 0.2000000030
20576  -8.952  -55.871  -7.821 0.2000000030
21408  -7.646  -55.836  -6.705 0.2000000030
20565  -8.269  -56.432  -6.673 0.1000000015
24794  -20.350  -51.643  0.065 0.1000000015
21424  -8.084  -55.614  -7.439 0.2000000030
21446  -10.172  -55.246  -8.230 0.2000000030
21445  -9.313  -55.301  -8.216 0.2000000030
22346  -9.623  -54.672  -8.637 0.2000000030
22347  -10.545  -54.577  -8.619 0.2000000030
28113  -17.220  -47.415  1.656 0.1000000015
28119  -16.576  -47.378  0.736 0.1000000015
27263  -16.775  -48.333  0.319 0.1000000015
28976  -15.378  -46.349  0.666 0.1000000015
23217  -13.617  -53.705  -8.764 0.1000000015
23231  -14.049  -52.971  -9.204 0.1000000015
23216  -12.734  -53.737  -8.699 0.1000000015
23215  -11.883  -53.809  -8.776 0.1000000015
28118  -15.865  -46.984  0.202 0.1000000015
28985  -15.229  -46.562  -0.162 0.1000000015
23218  -14.514  -53.715  -8.828 0.1000000015
28992  -14.521  -46.564  -1.518 0.1000000015
28133  -14.516  -47.262  -2.348 0.1000000015
30854  -16.100  -44.813  -5.491 0.2000000030
33346  -16.512  -41.757  -6.730 0.1000000015
125202  -17.729  -42.877  -6.634 0.1000000015
32501  -16.839  -42.517  -6.415 0.1000000015
32502  -18.217  -43.077  -7.122 0.2000000030
33347  -17.498  -41.948  -6.913 0.1000000015
32510  -18.074  -42.368  -7.309 0.3000000119
32513  -18.220  -42.170  -7.875 0.3000000119
32512  -18.071  -42.628  -8.364 0.3000000119
31716  -17.482  -43.353  -9.006 0.3000000119
109917  -1.115  -66.749  -9.005 0.2000000030
13466  -1.106  -64.982  -3.558 0.1000000015
18138  -6.263  -59.968  -2.518 0.1000000015
25583  -20.057  -50.994  0.816 0.1000000015
28126  -16.251  -47.781  -0.195 0.1000000015
27261  -18.102  -48.883  2.005 0.1000000015
24777  -20.810  -51.403  0.612 0.1000000015
27273  -14.795  -48.223  -2.468 0.1000000015
28132  -13.940  -46.919  -3.031 0.1000000015
31683  -16.189  -43.145  -6.142 0.1000000015
12125  -0.966  -67.751  -7.730 0.1000000015
15783  -3.184  -62.678  -2.585 0.1000000015
22348  -11.466  -54.461  -8.453 0.1000000015
28977  -16.025  -46.669  0.885 0.1000000015
28975  -14.638  -45.979  0.367 0.1000000015
28124  -15.087  -46.798  -0.921 0.1000000015
28984  -14.560  -46.211  -0.556 0.1000000015
28125  -15.607  -47.294  -0.627 0.1000000015
29001  -14.112  -46.524  -2.256 0.1000000015
32500  -15.817  -42.464  -6.467 0.1000000015
95  -13.695  -92.514  -14.271 0.1000000015
217  -14.254  -92.056  -14.558 0.1000000015
282  -8.066  -91.564  -11.206 0.1000000015
233  -14.046  -91.302  1.683 0.3000000119
232  -13.426  -91.176  1.276 0.3000000119
226  -14.780  -91.249  2.141 0.3000000119
234  -15.680  -91.353  1.815 0.3000000119
350  -13.319  -90.863  1.432 0.3000000119
124579  -14.687  -90.542  2.218 0.3000000119
340  -14.992  -90.178  2.621 0.3000000119
222  -15.750  -90.585  2.812 0.3000000119
228  -16.250  -90.886  2.423 0.3000000119
499  -14.606  -89.489  2.565 0.3000000119
126997  -14.799  -89.273  3.106 0.3000000119
130352  -15.552  -89.696  3.606 0.3000000119
119428  -14.506  -88.617  2.067 0.3000000119
714  -14.465  -88.540  3.012 0.3000000119
2180  -10.904  -84.306  -1.420 0.2000000030
1019  -17.467  -87.399  2.497 0.2000000030
1011  -17.828  -88.304  3.070 0.2000000030
1735  -15.923  -85.753  2.211 0.2000000030
127035  -17.112  -88.615  3.554 0.2000000030
497  -17.877  -89.464  2.883 0.2000000030
494  -17.062  -89.695  3.213 0.2000000030
702  -15.840  -89.240  3.943 0.3000000119
493  -16.249  -89.727  3.607 0.3000000119
1007  -14.063  -87.729  3.373 0.3000000119
1008  -14.780  -87.664  3.715 0.3000000119
1006  -13.592  -87.190  3.494 0.3000000119
1351  -14.554  -86.952  3.602 0.3000000119
1352  -15.476  -86.848  3.310 0.3000000119
1357  -13.885  -86.690  3.490 0.3000000119
1358  -14.819  -86.319  3.179 0.3000000119
1733  -14.273  -85.859  2.970 0.3000000119
2146  -15.016  -84.569  1.766 0.2000000030
2614  -13.528  -84.036  1.333 0.3000000119
1359  -16.189  -86.371  2.557 0.2000000030
1010  -16.884  -87.900  3.338 0.2000000030
2620  -13.279  -83.503  0.603 0.3000000119
1742  -15.516  -85.169  1.977 0.2000000030
1018  -16.487  -87.112  2.934 0.2000000030
707  -16.322  -88.508  3.862 0.3000000119
126498  -15.547  -86.143  2.788 0.2000000030
1009  -15.886  -87.710  3.641 0.3000000119
1741  -14.638  -85.167  2.380 0.2000000030
1734  -15.159  -85.675  2.606 0.2000000030
1040  -14.563  -87.515  0.929 0.3000000119
1027  -13.927  -87.844  3.007 0.3000000119
2145  -13.898  -84.702  2.076 0.3000000119
1378  -14.243  -86.983  0.491 0.3000000119
1025  -12.290  -87.375  2.426 0.3000000119
1026  -13.250  -87.419  2.785 0.3000000119
1731  -12.385  -86.560  3.078 0.3000000119
1377  -13.393  -87.096  0.801 0.3000000119
1366  -11.757  -87.108  2.639 0.3000000119
1740  -12.979  -85.524  2.675 0.3000000119
2144  -12.785  -84.781  1.966 0.3000000119
1024  -11.441  -87.364  2.021 0.3000000119
1389  -13.765  -86.648  -0.105 0.3000000119
1038  -12.186  -87.439  1.464 0.3000000119
2155  -11.869  -84.498  0.922 0.3000000119
2156  -12.604  -84.206  1.142 0.2000000030
118884  -13.809  -85.442  2.686 0.3000000119
1739  -12.049  -85.739  2.473 0.3000000119
1050  -12.507  -87.226  0.384 0.3000000119
112790  -1.723  -80.235  5.344 0.3000000119
4047  -1.999  -79.831  4.268 0.3000000119
3516  -2.016  -81.171  5.211 0.3000000119
111681  -1.538  -80.727  6.533 0.3000000119
118384  -2.870  -76.483  5.364 0.2000000030
6210  -3.355  -76.002  5.536 0.2000000030
6823  -3.498  -75.634  6.025 0.2000000030
5672  -2.412  -77.582  4.102 0.3000000119
5659  -2.634  -77.079  4.842 0.2000000030
6200  -2.739  -76.157  6.002 0.2000000030
6189  -3.209  -75.849  6.924 0.3000000119
117214  -3.753  -75.766  7.740 0.3000000119
6781  -4.020  -75.715  9.523 0.3000000119
115199  -3.624  -76.073  10.050 0.3000000119
6769  -3.975  -75.495  10.523 0.3000000119
4573  -1.599  -79.359  5.661 0.3000000119
5620  -2.389  -77.309  10.232 0.3000000119
7365  -4.413  -74.532  10.395 0.3000000119
4556  -1.558  -80.027  6.835 0.3000000119
5636  -1.670  -78.638  8.358 0.3000000119
118183  -3.068  -76.609  10.126 0.3000000119
6153  -3.367  -76.229  10.915 0.3000000119
5661  -4.280  -76.478  5.356 0.1000000015
5660  -3.297  -76.634  5.231 0.1000000015
6807  -4.111  -75.465  6.968 0.2000000030
5658  -1.894  -77.649  4.845 0.3000000119
5648  -2.057  -77.033  6.505 0.3000000119
129013  -4.872  -75.243  6.714 0.3000000119
6177  -3.159  -76.300  8.158 0.3000000119
6794  -3.900  -75.824  8.623 0.3000000119
6808  -4.976  -75.178  7.553 0.3000000119
7401  -5.396  -74.680  7.843 0.3000000119
122826  -4.422  -75.174  9.746 0.3000000119
7956  -5.167  -73.500  9.069 0.3000000119
128792  -5.246  -74.386  8.546 0.3000000119
108992  -4.783  -73.813  9.870 0.3000000119
6756  -2.740  -76.015  12.635 0.3000000119
7364  -3.985  -74.922  11.289 0.3000000119
6140  -2.972  -76.365  11.803 0.3000000119
6839  -3.867  -75.663  5.578 0.1000000015
6840  -4.554  -75.628  5.404 0.2000000030
6824  -5.137  -75.232  5.956 0.1000000015
6809  -5.547  -74.905  6.951 0.2000000030
7417  -6.218  -74.496  6.607 0.2000000030
8588  -5.797  -72.698  7.519 0.3000000119
8576  -5.487  -72.607  8.465 0.3000000119
6757  -3.484  -75.642  11.819 0.3000000119
7353  -3.999  -74.089  11.458 0.3000000119
7957  -5.206  -72.271  9.333 0.3000000119
6212  -4.896  -75.944  5.097 0.1000000015
6825  -5.906  -75.014  6.135 0.1000000015
8604  -5.909  -71.534  7.626 0.3000000119
7932  -3.373  -73.819  12.408 0.3000000119
8542  -3.764  -73.050  11.709 0.3000000119
9211  -5.509  -71.459  8.808 0.3000000119
123674  -5.809  -71.175  8.217 0.2000000030
6213  -6.073  -76.078  4.824 0.1000000015
7923  -2.650  -73.441  12.999 0.3000000119
8563  -4.853  -71.862  10.096 0.3000000119
9199  -5.159  -71.414  9.523 0.3000000119
9244  -6.480  -70.471  6.635 0.2000000030
8552  -3.607  -72.056  11.468 0.3000000119
9874  -6.032  -70.562  7.175 0.2000000030
14170  -15.491  -64.227  0.253 0.2000000030
14955  -15.457  -63.348  0.666 0.2000000030
14967  -16.265  -63.573  -0.726 0.2000000030
15764  -15.752  -62.903  -0.391 0.2000000030
14143  -15.101  -64.365  2.262 0.2000000030
15749  -15.976  -61.540  -0.142 0.2000000030
15719  -14.931  -63.093  1.816 0.2000000030
15731  -15.266  -62.759  1.282 0.2000000030
15748  -15.562  -62.261  0.387 0.2000000030
14920  -14.848  -63.746  2.295 0.2000000030
15730  -14.927  -62.202  1.672 0.2000000030
16489  -15.682  -61.398  0.591 0.2000000030
16490  -16.314  -60.811  0.009 0.2000000030
16478  -15.320  -61.349  1.270 0.2000000030
16465  -14.348  -61.927  2.334 0.2000000030
16477  -14.751  -61.197  1.864 0.2000000030
17422  -12.009  -60.641  -8.629 0.2000000030
17435  -12.366  -60.230  -9.305 0.2000000030
120680  -13.051  -60.266  -9.497 0.2000000030
18236  -13.506  -59.926  -9.938 0.1000000015
16609  -12.482  -61.304  -8.030 0.2000000030
17423  -13.010  -60.784  -8.803 0.2000000030
17436  -13.779  -60.522  -9.308 0.1000000015
16610  -13.514  -61.574  -8.150 0.2000000030
18237  -14.445  -60.106  -9.723 0.1000000015
18250  -15.145  -59.459  -9.993 0.1000000015
17424  -13.931  -61.103  -8.711 0.2000000030
17437  -14.787  -60.924  -8.973 0.2000000030
114527  -15.472  -60.341  -9.397 0.1000000015
129389  -15.808  -59.246  -9.864 0.1000000015
15857  -14.073  -62.429  -7.715 0.2000000030
16611  -14.601  -61.814  -8.369 0.2000000030
19033  -14.693  -58.630  -10.575 0.1000000015
16616  -15.346  -61.642  -8.703 0.1000000015
15858  -14.915  -62.843  -8.158 0.1000000015
118632  -15.813  -61.192  -9.003 0.1000000015
18238  -16.072  -59.759  -9.549 0.1000000015
15859  -15.541  -62.930  -8.847 0.1000000015
16617  -15.984  -62.156  -8.988 0.1000000015
19814  -11.212  -57.876  -10.648 0.1000000015
114014  -11.995  -58.274  -10.699 0.1000000015
19815  -12.759  -57.943  -11.057 0.1000000015
19817  -14.376  -57.810  -11.065 0.1000000015
19034  -15.595  -58.750  -10.204 0.1000000015
108894  -16.150  -58.316  -10.191 0.1000000015
127714  -9.900  -57.642  -10.519 0.2000000030
113100  -10.715  -58.229  -10.346 0.2000000030
19818  -15.396  -57.863  -10.674 0.1000000015
19035  -16.992  -58.346  -9.780 0.1000000015
18251  -16.460  -59.054  -9.706 0.1000000015
18239  -16.974  -59.833  -9.416 0.1000000015
17438  -16.503  -60.650  -9.314 0.1000000015
19816  -13.530  -57.590  -11.245 0.1000000015
19813  -10.430  -57.691  -10.568 0.2000000030
115371  -11.905  -57.339  -11.073 0.1000000015
20620  -9.906  -57.028  -10.773 0.2000000030
19819  -16.366  -57.613  -10.357 0.1000000015
19836  -14.884  -57.051  -11.160 0.1000000015
19832  -10.885  -57.117  -10.914 0.1000000015
117888  -7.728  -55.864  -11.863 0.2000000030
116198  -17.054  -61.216  -9.578 0.1000000015
20644  -11.371  -56.473  -11.316 0.1000000015
20645  -12.263  -56.500  -11.421 0.1000000015
20642  -9.520  -56.249  -11.265 0.2000000030
20641  -8.639  -56.085  -11.507 0.2000000030
20643  -10.444  -56.362  -11.234 0.1000000015
21531  -7.528  -55.126  -12.433 0.2000000030
27307  -13.867  -48.199  -5.420 0.1000000015
28160  -13.858  -47.356  -5.606 0.1000000015
28145  -13.445  -47.853  -5.286 0.1000000015
29033  -14.340  -46.720  -5.600 0.1000000015
29967  -14.199  -45.742  -5.726 0.1000000015
29022  -15.109  -46.002  -5.406 0.1000000015
29968  -15.175  -45.166  -5.565 0.1000000015
33363  -17.983  -41.748  -8.387 0.2000000030
32530  -17.604  -42.252  -8.988 0.2000000030
33383  -17.636  -41.412  -8.934 0.2000000030
32529  -16.927  -42.762  -9.577 0.2000000030
33382  -17.086  -41.735  -9.602 0.2000000030
32546  -16.428  -42.433  -10.145 0.2000000030
1732  -13.323  -86.171  3.182 0.3000000119
1017  -13.354  -87.274  3.202 0.3000000119
1356  -13.039  -86.930  3.433 0.3000000119
114718  -1.228  -81.701  7.128 0.3000000119
3503  -1.628  -82.400  5.946 0.3000000119
110135  -1.382  -79.765  8.497 0.3000000119
6176  -2.424  -77.057  8.361 0.3000000119
6166  -2.790  -76.837  9.230 0.3000000119
4587  -1.714  -79.065  4.498 0.3000000119
6188  -2.547  -76.543  7.212 0.3000000119
5637  -2.037  -77.488  7.661 0.3000000119
5647  -1.725  -77.724  5.939 0.3000000119
7352  -3.546  -74.734  12.234 0.3000000119
8541  -2.898  -72.589  12.379 0.3000000119
113864  -18.702  -57.302  -3.260 0.3000000119
34291  -17.378  -40.725  -9.251 0.2000000030
1016  -12.452  -87.122  3.047 0.3000000119
227  -15.327  -91.015  2.411 0.3000000119
509  -14.432  -89.134  1.489 0.3000000119
504  -14.384  -89.494  2.289 0.3000000119
125945  -14.042  -89.815  2.140 0.3000000119
17281  -15.250  -60.515  1.493 0.2000000030
29959  -15.817  -45.484  -5.322 0.1000000015
225  -14.097  -90.852  1.935 0.3000000119
221  -15.161  -90.561  2.530 0.3000000119
338  -15.776  -90.040  3.372 0.3000000119
339  -16.405  -90.020  3.282 0.3000000119
705  -14.658  -88.542  3.503 0.3000000119
110747  -14.282  -87.885  2.162 0.3000000119
1039  -13.558  -87.365  1.705 0.3000000119
113314  -2.274  -76.919  5.494 0.2000000030
111544  -4.411  -75.459  8.079 0.3000000119
5079  -1.586  -79.055  7.642 0.3000000119
7943  -4.422  -73.469  10.686 0.3000000119
8553  -4.360  -72.424  10.794 0.3000000119
128491  -13.805  -45.202  -5.901 0.1000000015
229  -17.094  -90.657  2.049 0.2000000030
346  -17.590  -90.136  2.368 0.2000000030
351  -18.717  -90.135  1.451 0.2000000030
357  -19.481  -90.146  1.048 0.1000000015
224  -16.810  -90.443  2.530 0.2000000030
113327  -17.533  -89.812  2.780 0.2000000030
347  -18.622  -89.904  2.019 0.2000000030
343  -18.147  -89.666  2.457 0.2000000030
725  -5.953  -89.104  1.109 0.2000000030
718  -5.388  -89.010  1.311 0.2000000030
115582  -5.811  -89.004  0.217 0.2000000030
1066  -6.480  -88.157  -2.071 0.2000000030
1406  -7.740  -87.541  -2.336 0.2000000030
109313  -7.429  -86.443  -2.370 0.2000000030
713  -6.380  -88.550  2.612 0.2000000030
116629  -6.000  -88.893  1.933 0.2000000030
124099  -6.430  -88.700  1.562 0.2000000030
1035  -6.400  -88.597  0.904 0.2000000030
711  -5.024  -88.736  1.906 0.2000000030
1405  -6.953  -87.250  -2.307 0.2000000030
1777  -6.922  -86.386  -2.234 0.2000000030
1779  -8.071  -85.459  -2.535 0.2000000030
1012  -4.484  -87.757  3.136 0.2000000030
117296  -5.518  -87.967  3.988 0.2000000030
700  -6.260  -88.092  4.073 0.2000000030
1013  -4.605  -88.333  2.574 0.2000000030
125684  -5.790  -88.307  3.512 0.2000000030
704  -6.427  -88.294  3.355 0.2000000030
1014  -6.730  -88.226  2.882 0.2000000030
1023  -6.764  -88.403  2.223 0.2000000030
1363  -7.194  -87.503  2.105 0.2000000030
116452  -7.204  -87.031  1.307 0.2000000030
999  -6.002  -87.799  4.673 0.1000000015
121470  -6.932  -87.327  5.213 0.1000000015
994  -5.098  -87.482  4.570 0.2000000030
1001  -7.023  -87.347  4.790 0.2000000030
1345  -7.107  -87.356  4.298 0.2000000030
1353  -4.392  -87.213  3.016 0.2000000030
1015  -7.073  -87.803  2.873 0.2000000030
1354  -7.427  -86.883  2.722 0.2000000030
1727  -4.384  -86.662  2.456 0.2000000030
1341  -4.780  -86.976  5.771 0.2000000030
995  -5.482  -87.402  5.284 0.1000000015
996  -6.522  -87.489  5.448 0.1000000015
1340  -4.578  -87.026  5.168 0.2000000030
997  -7.085  -87.119  5.849 0.1000000015
112109  -7.171  -87.048  5.385 0.1000000015
1347  -4.489  -87.128  3.709 0.2000000030
998  -7.467  -86.715  6.035 0.1000000015
1002  -7.381  -86.904  5.177 0.1000000015
1346  -7.484  -86.823  4.606 0.1000000015
1723  -4.473  -86.313  3.345 0.2000000030
126968  -7.904  -86.440  5.868 0.1000000015
1348  -7.319  -87.145  3.641 0.2000000030
1349  -7.658  -86.357  4.057 0.1000000015
1725  -7.673  -86.189  3.276 0.2000000030
1729  -7.678  -85.996  2.529 0.2000000030
1317  -5.657  -86.488  8.434 0.1000000015
1318  -6.653  -86.571  8.800 0.1000000015
1333  -5.047  -86.825  6.571 0.2000000030
984  -6.202  -87.154  6.989 0.1000000015
985  -6.990  -86.973  7.233 0.1000000015
129429  -4.352  -86.661  5.562 0.2000000030
993  -7.622  -86.453  6.925 0.1000000015
114141  -4.291  -86.447  5.286 0.2000000030
1344  -4.551  -87.010  4.509 0.2000000030
1334  -8.124  -86.271  6.612 0.1000000015
1720  -4.427  -86.407  4.346 0.2000000030
1335  -9.164  -86.179  7.113 0.1000000015
1713  -8.394  -86.109  5.719 0.1000000015
1728  -4.704  -85.571  2.568 0.2000000030
1309  -5.665  -86.076  9.321 0.1000000015
980  -7.494  -86.343  8.110 0.1000000015
986  -7.336  -86.593  7.411 0.1000000015
987  -7.811  -86.202  7.627 0.1000000015
1712  -3.870  -85.795  5.912 0.2000000030
112500  -8.376  -86.162  7.327 0.1000000015
2116  -4.466  -85.409  4.923 0.2000000030
1724  -4.791  -85.321  3.263 0.2000000030
127622  -4.883  -84.966  4.270 0.2000000030
2604  -5.534  -83.673  3.089 0.2000000030
982  -8.947  -85.832  8.349 0.1000000015
1327  -9.371  -86.109  7.740 0.1000000015
2117  -5.149  -84.319  4.487 0.2000000030
125831  -5.624  -83.405  3.940 0.1000000015
2566  -4.583  -84.049  5.867 0.1000000015
3033  -5.749  -82.120  4.314 0.1000000015
6552  -25.228  -76.504  -20.956 0.1000000015
114649  -23.788  -76.425  -21.308 0.1000000015
6572  -25.687  -76.460  -22.000 0.1000000015
6551  -24.256  -76.378  -20.747 0.1000000015
6550  -23.281  -76.371  -20.591 0.1000000015
125420  -23.967  -76.385  -20.017 0.1000000015
115540  -24.587  -76.424  -21.593 0.1000000015
6573  -26.956  -76.668  -22.451 0.1000000015
4036  -4.237  -80.307  5.612 0.1000000015
4049  -4.472  -79.633  4.461 0.1000000015
8857  -14.408  -72.081  -14.540 0.1000000015
4035  -3.943  -79.492  6.326 0.1000000015
4574  -4.021  -78.978  5.144 0.1000000015
4590  -4.200  -78.796  3.769 0.2000000030
9470  -13.948  -71.529  -14.286 0.1000000015
9487  -15.046  -71.577  -15.226 0.1000000015
5134  -3.668  -78.370  3.517 0.2000000030
4588  -2.068  -78.773  3.623 0.2000000030
9471  -14.533  -71.532  -14.654 0.1000000015
10118  -14.186  -70.474  -15.745 0.1000000015
9501  -14.722  -71.095  -15.848 0.1000000015
4557  -3.991  -79.005  7.132 0.1000000015
4589  -3.244  -77.834  3.980 0.1000000015
5133  -3.095  -78.096  3.394 0.2000000030
5110  -3.950  -78.338  5.873 0.1000000015
5673  -2.932  -77.393  4.404 0.1000000015
5682  -2.853  -77.765  3.755 0.2000000030
5123  -1.858  -78.184  4.076 0.2000000030
5109  -1.608  -78.355  5.519 0.2000000030
10132  -13.933  -70.686  -16.539 0.1000000015
10149  -12.554  -70.646  -17.843 0.1000000015
10130  -12.331  -69.881  -17.685 0.1000000015
10855  -13.041  -69.410  -16.990 0.1000000015
5111  -4.088  -77.406  5.769 0.1000000015
115286  -1.714  -78.077  7.075 0.2000000030
11548  -12.615  -68.704  -17.813 0.1000000015
11563  -12.694  -67.835  -18.256 0.1000000015
12240  -14.389  -67.687  -18.032 0.1000000015
10870  -11.807  -69.259  -18.439 0.1000000015
10148  -11.809  -70.175  -18.430 0.1000000015
12249  -12.483  -67.704  -19.035 0.1000000015
112850  -13.155  -67.602  -18.697 0.1000000015
12241  -14.936  -67.955  -18.821 0.1000000015
12251  -14.331  -67.916  -19.583 0.1000000015
10885  -16.240  -69.863  -19.500 0.1000000015
11574  -15.042  -68.445  -19.618 0.1000000015
10166  -17.284  -70.461  -19.651 0.1000000015
22233  -11.435  -54.628  0.656 0.3000000119
22247  -10.945  -54.495  -0.528 0.3000000119
22230  -8.486  -54.560  -0.352 0.3000000119
22245  -8.789  -54.376  -1.363 0.3000000119
22264  -9.821  -54.369  -2.329 0.3000000119
118913  -10.549  -54.412  -1.551 0.3000000119
22243  -7.103  -54.757  -1.183 0.2000000030
22244  -7.880  -54.556  -1.345 0.3000000119
121200  -9.113  -54.367  -2.115 0.3000000119
21348  -6.699  -55.268  -1.349 0.2000000030
22262  -7.507  -54.817  -1.771 0.3000000119
22231  -9.461  -54.468  -0.194 0.3000000119
22248  -11.929  -54.716  -0.051 0.3000000119
22249  -12.827  -54.992  0.358 0.3000000119
22266  -11.528  -54.618  -1.282 0.3000000119
21333  -12.790  -55.210  -1.351 0.3000000119
20495  -13.445  -55.732  -1.731 0.3000000119
130502  -14.050  -56.124  -2.656 0.3000000119
21380  -13.601  -55.667  -4.130 0.3000000119
20511  -14.324  -56.047  -3.716 0.3000000119
21334  -13.270  -55.454  -0.400 0.3000000119
7996  -6.521  -73.934  6.591 0.2000000030
7980  -5.611  -73.792  8.026 0.2000000030
7981  -6.131  -73.832  7.201 0.2000000030
1404  -6.660  -87.012  -1.935 0.2000000030
117919  -12.465  -54.918  -0.706 0.3000000119
1326  -6.475  -86.823  7.850 0.1000000015
979  -7.127  -86.714  8.027 0.1000000015
124567  -3.794  -78.368  4.189 0.1000000015
22246  -9.823  -54.307  -1.206 0.3000000119
22263  -8.386  -54.643  -2.154 0.3000000119
21350  -7.923  -54.933  -2.167 0.2000000030
125763  -12.261  -54.849  -1.594 0.3000000119
2784  -0.794  -83.527  -14.420 0.1000000015
116929  -0.490  -83.029  -13.957 0.1000000015
19708  -15.015  -57.412  -3.225 0.2000000030
19709  -15.563  -58.375  -2.816 0.2000000030
18919  -16.445  -58.711  -2.546 0.2000000030
18939  -16.138  -59.044  -3.295 0.2000000030
119977  -16.869  -58.980  -3.330 0.2000000030
21362  -9.661  -54.990  -3.253 0.2000000030
22293  -11.405  -54.837  -3.884 0.2000000030
21352  -12.635  -55.120  -2.415 0.2000000030
20526  -10.932  -55.549  -4.180 0.2000000030
21385  -12.277  -55.683  -4.605 0.1000000015
20512  -14.697  -56.683  -3.876 0.2000000030
116011  -17.938  -57.874  -2.947 0.2000000030
18940  -17.577  -58.526  -3.572 0.2000000030
18949  -16.457  -59.444  -3.992 0.2000000030
18162  -15.694  -59.636  -3.863 0.2000000030
116783  -17.199  -59.157  -4.244 0.1000000015
113623  -16.048  -59.821  -4.460 0.1000000015
19729  -18.345  -57.977  -3.830 0.2000000030
18941  -17.945  -58.575  -4.547 0.2000000030
125252  -15.932  -59.983  -4.964 0.1000000015
18174  -16.600  -59.626  -4.906 0.1000000015
18950  -17.408  -59.103  -5.255 0.1000000015
19730  -18.972  -57.435  -4.051 0.2000000030
18964  -16.723  -59.371  -5.877 0.1000000015
19745  -18.204  -58.396  -5.645 0.1000000015
19736  -18.707  -57.931  -4.748 0.1000000015
18965  -17.368  -58.789  -6.198 0.1000000015
20539  -19.318  -57.117  -4.827 0.2000000030
18985  -16.566  -58.819  -6.531 0.1000000015
19771  -18.537  -57.788  -6.207 0.1000000015
19746  -18.956  -57.662  -5.598 0.1000000015
19784  -16.892  -58.115  -6.877 0.1000000015
19770  -17.849  -58.033  -6.542 0.1000000015
20567  -19.028  -57.197  -6.240 0.1000000015
20548  -19.369  -57.033  -5.659 0.2000000030
20540  -19.661  -56.433  -5.384 0.2000000030
20566  -18.292  -57.242  -6.699 0.1000000015
20585  -18.887  -56.430  -6.761 0.1000000015
20568  -19.569  -56.530  -6.108 0.2000000030
21434  -19.005  -55.535  -7.090 0.1000000015
21432  -17.541  -55.620  -7.601 0.1000000015
21433  -18.331  -55.890  -7.256 0.1000000015
22327  -17.026  -54.925  -8.042 0.1000000015
22354  -17.379  -54.299  -8.189 0.1000000015
22353  -16.651  -54.279  -8.378 0.1000000015
23219  -15.378  -53.700  -8.779 0.1000000015
22265  -10.767  -54.510  -2.350 0.2000000030
22280  -9.252  -54.622  -2.696 0.2000000030
118024  -11.714  -54.690  -2.353 0.2000000030
121810  -13.487  -55.650  -3.076 0.2000000030
22282  -11.066  -54.677  -3.213 0.2000000030
21363  -10.416  -55.016  -3.825 0.2000000030
20536  -11.524  -55.458  -4.349 0.1000000015
22283  -11.944  -54.810  -3.288 0.2000000030
21379  -12.649  -55.419  -4.228 0.2000000030
20510  -11.211  -56.530  -4.010 0.1000000015
22352  -15.807  -54.324  -8.490 0.1000000015
2098  -3.456  -85.240  6.468 0.1000000015
1332  -4.083  -86.447  6.065 0.1000000015
1374  -7.109  -86.616  0.548 0.1000000015
1386  -6.556  -86.854  -1.310 0.1000000015
128203  -5.072  -86.092  8.767 0.1000000015
1703  -3.176  -85.241  7.130 0.1000000015
1699  -3.481  -85.739  7.470 0.1000000015
1324  -4.078  -86.419  7.058 0.1000000015
1704  -3.534  -85.844  6.656 0.1000000015
109105  -7.497  -86.435  1.924 0.1000000015
1778  -7.323  -85.519  -2.303 0.1000000015
2193  -7.922  -84.608  -2.579 0.1000000015
2195  -8.850  -84.835  -2.651 0.1000000015
1730  -8.030  -85.305  2.871 0.1000000015
2136  -8.345  -84.467  2.393 0.1000000015
2135  -7.833  -85.308  1.851 0.1000000015
2142  -8.251  -84.331  1.462 0.1000000015
2153  -7.931  -84.265  -0.075 0.1000000015
1753  -6.802  -85.938  -1.112 0.1000000015
2166  -7.534  -84.481  -1.104 0.1000000015
344  -18.772  -89.491  2.215 0.1000000015
1765  -7.093  -85.269  -1.692 0.1000000015
2627  -7.884  -83.828  -1.714 0.1000000015
2639  -7.979  -83.991  -2.316 0.1000000015
2652  -8.503  -83.800  -2.711 0.1000000015
2194  -8.465  -84.537  -2.678 0.1000000015
123002  -8.923  -84.149  -2.835 0.1000000015
2179  -10.112  -84.737  -1.997 0.1000000015
118470  -15.036  -83.540  0.682 0.1000000015
2632  -13.949  -82.916  0.144 0.1000000015
2605  -8.775  -83.837  2.776 0.1000000015
126685  -8.204  -84.119  0.692 0.1000000015
2618  -8.362  -83.534  0.203 0.1000000015
2628  -8.080  -83.678  -0.763 0.1000000015
709  -18.269  -88.956  2.871 0.1000000015
498  -18.519  -89.292  2.522 0.1000000015
2640  -8.348  -83.250  -2.179 0.1000000015
118200  -18.267  -87.823  2.475 0.1000000015
715  -18.827  -88.358  2.644 0.1000000015
3124  -8.913  -82.778  -2.696 0.1000000015
1020  -19.596  -88.060  2.397 0.1000000015
3134  -9.602  -82.249  -3.109 0.1000000015
2654  -10.044  -83.467  -2.938 0.1000000015
2655  -10.831  -83.174  -2.728 0.1000000015
2622  -15.883  -83.745  0.424 0.1000000015
2196  -9.573  -84.205  -2.708 0.1000000015
3113  -11.755  -82.838  -2.278 0.1000000015
121882  -12.452  -82.502  -1.772 0.1000000015
2641  -10.497  -83.927  -2.379 0.1000000015
2642  -11.377  -83.566  -1.846 0.1000000015
3114  -12.972  -82.005  -1.800 0.1000000015
2633  -15.404  -83.108  0.046 0.1000000015
2643  -12.173  -83.086  -1.340 0.1000000015
3101  -12.944  -82.519  -0.985 0.1000000015
129737  -14.649  -83.081  0.248 0.1000000015
2630  -12.489  -83.216  -0.548 0.1000000015
3102  -13.804  -82.420  -0.561 0.1000000015
109297  -8.670  -83.661  2.011 0.1000000015
126472  -9.567  -82.218  1.765 0.1000000015
2613  -8.540  -83.516  1.133 0.1000000015
3091  -8.809  -82.806  0.642 0.1000000015
3092  -9.190  -82.130  0.116 0.1000000015
121336  -8.605  -82.623  -1.611 0.1000000015
3112  -9.024  -81.987  -2.161 0.1000000015
2667  -10.185  -82.742  -3.152 0.1000000015
3125  -11.175  -82.365  -3.125 0.1000000015
2634  -16.234  -83.343  -0.235 0.1000000015
3604  -11.642  -81.723  -3.197 0.1000000015
3126  -12.205  -82.077  -2.583 0.1000000015
124995  -12.859  -81.594  -2.444 0.1000000015
3115  -13.656  -81.945  -1.294 0.1000000015
3116  -14.466  -81.968  -1.060 0.1000000015
3103  -14.776  -82.542  -0.356 0.1000000015
111802  -9.332  -82.175  1.083 0.1000000015
4093  -10.098  -80.725  0.483 0.1000000015
3579  -9.469  -81.317  -0.250 0.1000000015
3568  -9.646  -81.503  0.705 0.1000000015
4106  -9.791  -80.566  -0.649 0.1000000015
3586  -9.330  -81.213  -1.338 0.1000000015
115191  -9.392  -81.147  -2.195 0.1000000015
3620  -9.966  -81.344  -3.237 0.1000000015
3136  -11.084  -81.691  -3.360 0.1000000015
3588  -14.260  -81.488  -1.720 0.1000000015
116716  -9.672  -80.505  -1.731 0.1000000015
108890  -9.785  -80.635  -2.647 0.1000000015
4117  -10.130  -79.779  -2.138 0.1000000015
4143  -10.348  -80.527  -3.217 0.1000000015
4144  -10.929  -80.484  -3.438 0.1000000015
3104  -15.790  -82.671  -0.593 0.1000000015
3622  -11.494  -81.007  -3.417 0.1000000015
3117  -15.353  -82.108  -1.086 0.1000000015
3587  -13.521  -81.524  -2.022 0.1000000015
6826  -6.479  -74.969  5.810 0.1000000015
7431  -6.789  -74.336  6.095 0.1000000015
126079  -7.251  -74.041  5.688 0.1000000015
120236  -13.445  -60.557  -17.876 0.1000000015
7432  -7.607  -74.274  5.170 0.1000000015
8005  -6.749  -73.399  5.957 0.1000000015
8006  -7.288  -73.381  5.161 0.1000000015
129336  -7.266  -72.763  4.886 0.1000000015
8015  -7.551  -73.026  4.430 0.1000000015
16705  -11.434  -61.009  -16.518 0.1000000015
112156  -7.749  -73.772  4.646 0.1000000015
8589  -6.210  -73.089  6.666 0.1000000015
8613  -6.885  -72.457  5.418 0.1000000015
8620  -7.369  -72.273  4.650 0.1000000015
8637  -8.212  -72.343  3.411 0.1000000015
8636  -7.751  -72.157  4.019 0.1000000015
18354  -12.663  -60.333  -17.094 0.1000000015
18345  -11.255  -60.397  -16.487 0.1000000015
17522  -10.713  -60.893  -16.374 0.1000000015
120980  -8.791  -60.303  -16.754 0.1000000015
114838  -6.075  -72.037  6.836 0.1000000015
120568  -10.266  -60.067  -16.608 0.1000000015
18351  -9.644  -58.850  -17.383 0.1000000015
19127  -8.453  -58.480  -17.361 0.1000000015
119202  -8.905  -57.812  -17.817 0.1000000015
9256  -6.536  -71.451  6.222 0.1000000015
115618  -7.127  -71.479  5.372 0.1000000015
9265  -8.075  -70.925  4.649 0.1000000015
9285  -8.574  -71.876  3.069 0.1000000015
9264  -7.642  -71.525  4.591 0.1000000015
9276  -8.851  -71.261  3.190 0.1000000015
19868  -10.003  -57.678  -13.516 0.1000000015
19884  -10.289  -57.061  -13.928 0.1000000015
9257  -7.142  -70.485  6.129 0.1000000015
9938  -9.519  -71.050  2.498 0.1000000015
9910  -7.713  -70.670  5.479 0.1000000015
9926  -8.637  -70.723  4.165 0.1000000015
9927  -9.331  -70.525  3.522 0.1000000015
23292  -13.011  -53.349  -15.822 0.1000000015
19885  -11.135  -57.297  -14.202 0.1000000015
124171  -11.450  -56.635  -14.555 0.1000000015
20685  -10.585  -56.476  -14.350 0.1000000015
19920  -8.418  -56.552  -16.921 0.1000000015
19882  -8.463  -56.287  -14.530 0.1000000015
9911  -8.421  -70.051  5.381 0.1000000015
120890  -13.351  -52.597  -15.941 0.1000000015
20702  -12.702  -56.011  -15.218 0.1000000015
21572  -13.177  -55.316  -15.490 0.1000000015
20686  -12.326  -56.720  -14.815 0.1000000015
20701  -11.602  -55.709  -14.967 0.1000000015
23293  -14.171  -53.518  -15.799 0.1000000015
14968  -17.310  -63.588  -0.880 0.1000000015
22435  -13.853  -54.595  -15.699 0.1000000015
18289  -10.274  -59.053  -12.916 0.1000000015
19094  -10.837  -57.856  -13.791 0.1000000015
112460  -12.036  -57.609  -14.470 0.1000000015
20703  -13.683  -56.403  -15.493 0.1000000015
18273  -9.916  -59.623  -12.408 0.1000000015
125729  -11.491  -57.999  -14.089 0.1000000015
14969  -18.223  -63.284  -0.741 0.1000000015
123912  -18.428  -62.594  -0.916 0.1000000015
116247  -19.030  -62.046  -0.772 0.1000000015
15766  -16.678  -62.616  -1.061 0.1000000015
116550  -17.369  -61.989  -1.209 0.1000000015
126579  -18.126  -61.965  -1.164 0.1000000015
23294  -15.256  -53.542  -15.969 0.1000000015
19906  -13.061  -56.818  -15.155 0.1000000015
17466  -9.573  -60.190  -11.976 0.1000000015
17467  -10.435  -60.328  -12.231 0.1000000015
125770  -10.364  -61.433  -11.390 0.1000000015
16507  -17.598  -61.243  -1.129 0.1000000015
15767  -19.838  -61.761  -0.256 0.1000000015
16506  -16.658  -61.483  -0.849 0.1000000015
17308  -17.130  -60.619  -0.573 0.1000000015
116242  -19.314  -61.092  -0.671 0.1000000015
21573  -14.798  -55.456  -15.939 0.1000000015
22436  -14.969  -54.504  -15.978 0.1000000015
23295  -16.174  -53.663  -16.135 0.1000000015
20704  -14.618  -56.323  -15.780 0.1000000015
19886  -12.893  -57.498  -14.855 0.1000000015
126005  -13.489  -57.963  -14.821 0.1000000015
19907  -13.640  -57.335  -15.174 0.1000000015
18306  -11.871  -59.282  -13.696 0.1000000015
19096  -12.884  -58.388  -14.515 0.1000000015
19117  -14.361  -58.049  -14.890 0.1000000015
18307  -12.655  -59.247  -14.078 0.1000000015
18291  -13.263  -59.920  -13.920 0.1000000015
19097  -13.694  -58.511  -14.614 0.1000000015
17468  -11.288  -60.541  -12.639 0.1000000015
18290  -12.428  -60.015  -13.627 0.1000000015
17481  -13.052  -60.659  -13.472 0.1000000015
17482  -13.916  -60.511  -13.633 0.1000000015
18292  -14.120  -59.742  -14.089 0.1000000015
16669  -12.914  -61.247  -13.088 0.1000000015
16670  -13.684  -61.252  -13.162 0.1000000015
15908  -13.568  -62.344  -12.157 0.1000000015
15909  -14.554  -62.311  -12.197 0.1000000015
16510  -20.917  -60.878  -0.218 0.1000000015
21574  -15.710  -55.300  -16.092 0.1000000015
22457  -16.831  -54.296  -16.186 0.1000000015
20705  -15.504  -56.160  -15.934 0.1000000015
112220  -16.607  -55.152  -16.103 0.1000000015
19908  -14.435  -57.137  -15.438 0.1000000015
19909  -15.278  -56.945  -15.581 0.1000000015
19887  -15.060  -57.587  -15.223 0.1000000015
18310  -14.921  -58.729  -14.532 0.1000000015
16640  -12.139  -61.911  -12.090 0.1000000015
15889  -12.694  -62.488  -11.694 0.1000000015
15907  -12.813  -62.043  -12.323 0.1000000015
15890  -13.484  -62.833  -11.458 0.1000000015
125285  -14.248  -61.482  -12.983 0.1000000015
15891  -14.299  -62.799  -11.536 0.1000000015
114402  -21.743  -59.914  -0.337 0.1000000015
119066  -21.645  -59.004  -0.421 0.1000000015
18895  -22.377  -58.524  -0.209 0.1000000015
127785  -16.730  -56.283  -15.552 0.1000000015
19888  -15.830  -57.518  -15.159 0.1000000015
19074  -15.689  -58.966  -14.263 0.1000000015
15873  -11.855  -63.131  -10.467 0.1000000015
113117  -12.116  -62.697  -11.118 0.1000000015
18293  -14.899  -59.423  -14.174 0.1000000015
117976  -11.890  -62.266  -11.526 0.1000000015
15874  -12.904  -63.162  -10.876 0.1000000015
17483  -14.899  -60.293  -13.689 0.1000000015
15875  -13.982  -63.319  -10.895 0.1000000015
109922  -23.105  -58.151  0.078 0.1000000015
127384  -14.082  -64.207  -9.660 0.1000000015
15048  -14.384  -64.052  -7.778 0.1000000015
15066  -14.676  -64.087  -9.259 0.1000000015
15057  -15.042  -63.569  -8.673 0.1000000015
15876  -14.913  -63.208  -10.842 0.1000000015
120431  -23.819  -57.871  0.288 0.1000000015
19664  -22.288  -57.587  0.003 0.1000000015
19666  -24.283  -57.099  0.485 0.1000000015
21349  -7.219  -55.085  -1.740 0.1000000015
21351  -8.784  -54.919  -2.670 0.1000000015
121959  -15.028  -59.418  -3.399 0.1000000015
18938  -15.383  -58.830  -3.172 0.1000000015
21508  -8.411  -55.482  -12.124 0.1000000015
124643  -8.965  -55.180  -12.359 0.1000000015
22398  -7.439  -54.339  -12.875 0.1000000015
22410  -8.198  -54.096  -13.197 0.1000000015
22399  -9.135  -54.561  -12.831 0.1000000015
23269  -8.171  -53.413  -13.513 0.1000000015
23270  -8.917  -53.763  -13.452 0.1000000015
23271  -9.620  -53.235  -13.667 0.1000000015
24101  -9.269  -52.390  -14.188 0.1000000015
33357  -17.848  -41.507  -7.691 0.1000000015
34259  -17.434  -40.743  -7.832 0.1000000015
34260  -17.578  -40.856  -8.451 0.1000000015
929  -6.242  -88.125  -18.200 0.1000000015
107987  -11.101  -59.207  -13.284 0.1000000015
18274  -10.809  -59.790  -12.769 0.1000000015
17480  -11.607  -59.978  -13.231 0.1000000015
16639  -11.260  -61.747  -11.650 0.1000000015
34309  -17.039  -40.012  -9.707 0.1000000015
2159  -16.403  -84.612  0.651 0.1000000015
18123  -22.562  -59.510  -0.135 0.1000000015
1242  -5.229  -87.055  -18.412 0.1000000015
129058  -6.250  -56.115  -1.284 0.1000000015
9243  -6.234  -71.004  7.176 0.1000000015
21532  -8.270  -54.810  -12.664 0.1000000015
1764  -6.770  -86.093  -1.915 0.1000000015
20492  -7.701  -55.469  -1.850 0.1000000015
21386  -13.312  -55.888  -4.798 0.1000000015
19728  -15.011  -57.608  -3.578 0.1000000015
20508  -9.429  -55.194  -3.106 0.1000000015
20509  -10.239  -55.548  -3.580 0.1000000015
20528  -14.459  -56.962  -4.364 0.1000000015
2177  -7.541  -84.578  -2.072 0.1000000015
125896  -8.282  -83.229  -1.369 0.1000000015
2653  -9.366  -83.333  -2.941 0.1000000015
111259  -8.603  -82.832  -0.516 0.1000000015
3603  -9.464  -81.574  -2.782 0.1000000015
3100  -9.009  -81.981  -0.966 0.1000000015
19095  -12.047  -58.541  -14.130 0.1000000015
22437  -15.936  -54.429  -16.138 0.1000000015
23314  -15.813  -52.648  -16.091 0.1000000015
16657  -12.495  -61.529  -12.660 0.1000000015
19910  -16.212  -56.724  -15.522 0.1000000015
20477  -7.823  -56.557  -1.300 0.1000000015
24100  -8.634  -52.962  -13.850 0.1000000015
34271  -17.206  -40.146  -8.281 0.1000000015
35194  -17.277  -40.032  -8.973 0.1000000015
126935  -16.750  -39.453  -9.432 0.1000000015
1  -8.155  -93.258  -7.176 0.8000000119
7  -8.467  -93.597  -7.685 0.8000000119
8  -9.181  -94.020  -7.758 0.6999999881
10  -11.266  -94.220  -7.523 0.6999999881
20  -8.266  -93.445  -9.288 0.8000000119
26  -10.306  -94.140  -10.980 0.6000000238
32  -10.434  -94.100  -11.936 0.5000000000
36  -9.987  -93.915  -12.285 0.4000000060
48  -9.760  -93.265  -5.173 0.6999999881
56  -13.051  -93.268  -6.879 0.8000000119
68  -7.295  -92.686  -9.518 0.6000000238
79  -8.792  -93.336  -11.615 0.3000000119
80  -9.387  -93.810  -11.997 0.4000000060
87  -10.832  -93.377  -12.807 0.3000000119
93  -13.944  -93.074  -13.681 0.3000000119
102  -14.196  -92.035  0.859 0.4000000060
106  -12.255  -91.739  -0.175 0.4000000060
112  -11.520  -91.864  -1.355 0.4000000060
119  -10.673  -91.684  -2.539 0.6000000238
149  -8.291  -92.504  -6.204 0.6999999881
159  -7.704  -92.193  -6.893 0.8000000119
167  -18.982  -92.172  -6.930 0.6000000238
168  -19.627  -91.448  -6.672 0.5000000000
170  -6.969  -92.124  -7.555 0.8000000119
175  -18.990  -92.239  -7.620 0.6999999881
178  -6.611  -92.235  -8.036 0.8000000119
184  -20.266  -91.909  -8.445 0.8000000119
223  -16.324  -90.478  2.820 0.3000000119
231  -12.971  -91.118  0.988 0.5000000000
238  -13.144  -91.624  0.738 0.4000000060
252  -8.980  -91.652  -4.527 0.8000000119
256  -8.517  -91.986  -5.323 0.6999999881
263  -4.895  -90.911  -7.373 0.8000000119
265  -21.044  -91.000  -7.443 0.6999999881
271  -5.132  -90.504  -9.899 0.8000000119
272  -5.245  -91.184  -9.166 0.8000000119
280  -5.184  -89.956  -10.517 0.4000000060
312  -18.427  -90.859  -12.623 0.6999999881
325  -16.008  -91.233  -16.087 0.1000000015
328  -16.165  -90.873  -16.188 0.1000000015
331  -9.561  -91.179  -17.748 0.1000000015
335  -10.683  -91.294  -18.588 0.1000000015
341  -15.479  -90.249  2.947 0.3000000119
342  -16.072  -90.313  3.085 0.3000000119
345  -13.837  -90.648  1.784 0.3000000119
369  -11.247  -91.033  -1.322 0.4000000060
389  -19.548  -90.935  -6.067 0.5000000000
394  -9.541  -90.262  -6.098 0.8000000119
398  -4.442  -90.236  -7.378 0.8999999762
400  -7.884  -90.345  -7.115 0.8000000119
404  -22.089  -90.118  -7.977 0.6000000238
405  -4.075  -89.991  -8.168 0.8000000119
413  -23.135  -90.098  -9.412 0.6000000238
422  -5.807  -90.062  -11.407 0.3000000119
434  -6.069  -90.540  -11.514 0.2000000030
456  -9.284  -90.801  -16.099 0.1000000015
461  -19.476  -90.169  -15.571 0.3000000119
489  -10.495  -90.085  -20.505 0.4000000060
495  -14.842  -89.795  2.727 0.3000000119
496  -15.088  -89.260  3.630 0.3000000119
514  -5.129  -88.898  -0.946 0.3000000119
515  -5.485  -88.770  -1.218 0.3000000119
525  -4.879  -89.017  -1.549 0.3000000119
537  -5.863  -88.980  -2.281 0.4000000060
551  -5.303  -89.294  -3.015 0.3000000119
556  -16.894  -88.940  -4.068 0.3000000119
565  -16.724  -88.959  -4.618 0.2000000030
576  -4.559  -89.699  -7.124 1.0000000000
599  -4.069  -89.632  -9.105 0.8000000119
608  -4.295  -89.017  -10.162 0.6000000238
619  -5.305  -89.054  -11.732 0.3000000119
627  -24.648  -89.092  -12.028 0.8000000119
629  -5.237  -88.817  -12.791 0.2000000030
668  -6.839  -89.288  -17.547 0.2000000030
701  -6.781  -87.803  4.100 0.2000000030
703  -16.739  -89.227  3.707 0.3000000119
706  -15.335  -88.508  3.896 0.3000000119
708  -17.540  -89.101  3.306 0.2000000030
710  -18.870  -88.901  2.520 0.1000000015
712  -5.606  -88.569  2.749 0.2000000030
719  -14.408  -88.617  2.720 0.3000000119
724  -5.233  -89.065  0.617 0.4000000060
737  -3.971  -88.886  -2.023 0.3000000119
738  -4.335  -89.062  -1.407 0.3000000119
750  -6.185  -88.796  -2.247 0.4000000060
762  -5.347  -89.012  -3.825 0.4000000060
764  -7.335  -89.270  -3.615 0.4000000060
767  -9.764  -88.414  -2.800 0.4000000060
794  -16.748  -88.494  -5.178 0.2000000030
801  -9.842  -89.064  -6.844 0.6999999881
830  -3.473  -87.970  -9.327 1.0000000000
838  -23.159  -88.930  -9.297 0.6999999881
841  -3.865  -88.611  -9.809 0.6000000238
852  -7.639  -88.033  -11.945 0.1000000015
858  -24.690  -88.359  -11.377 0.6999999881
861  -4.136  -88.037  -11.479 0.3000000119
893  -25.868  -88.116  -14.335 0.6999999881
894  -26.518  -87.526  -14.365 0.6999999881
911  -21.446  -88.306  -16.765 0.5000000000
917  -6.384  -88.575  -17.572 0.1000000015
919  -10.249  -88.064  -18.287 0.6999999881
928  -5.705  -87.438  -18.531 0.2000000030
930  -8.918  -88.641  -19.221 0.6000000238
938  -6.368  -87.793  -18.872 0.2000000030
939  -7.787  -88.602  -19.022 0.5000000000
950  -10.661  -88.638  -21.554 0.5000000000
981  -8.097  -85.997  8.231 0.1000000015
988  -8.614  -85.987  7.879 0.1000000015
990  -5.867  -87.324  6.099 0.1000000015
991  -6.797  -87.222  6.392 0.1000000015
992  -7.225  -86.842  6.635 0.1000000015
1000  -6.648  -87.656  4.682 0.1000000015
1003  -4.803  -87.594  3.832 0.2000000030
1004  -5.080  -88.157  3.295 0.2000000030
1005  -6.941  -87.855  3.522 0.2000000030
1051  -14.984  -87.386  -0.374 0.5000000000
1064  -3.839  -88.226  -2.626 0.3000000119
1074  -4.178  -88.224  -3.339 0.3000000119
1084  -4.267  -87.436  -3.984 0.4000000060
1088  -8.426  -88.130  -4.874 0.4000000060
1091  -13.144  -87.838  -4.947 0.5000000000
1116  -11.703  -87.495  -6.597 0.6999999881
1126  -4.320  -88.187  -7.414 1.0000000000
1153  -3.398  -87.468  -9.839 0.8000000119
1176  -3.522  -87.104  -12.670 0.3000000119
1187  -3.297  -86.782  -13.256 0.3000000119
1189  -4.116  -87.776  -13.684 0.2000000030
1198  -3.163  -86.740  -13.923 0.2000000030
1201  -5.237  -87.190  -14.265 0.2000000030
1208  -26.813  -87.087  -14.445 0.6999999881
1241  -4.925  -86.608  -18.797 0.2000000030
1244  -11.672  -87.396  -18.251 0.6999999881
1271  -10.397  -88.060  -21.520 0.6000000238
1281  -12.270  -86.108  -23.864 0.6999999881
1294  -20.358  -87.043  -24.634 0.6000000238
1295  -14.986  -87.002  -25.869 0.6999999881
1296  -15.745  -86.792  -26.141 0.8000000119
1298  -17.497  -87.171  -26.291 0.8999999762
1302  -16.410  -86.410  -26.322 0.8999999762
1316  -4.416  -86.145  8.114 0.1000000015
1325  -5.339  -86.683  7.509 0.1000000015
1342  -7.773  -86.547  5.320 0.1000000015
1350  -14.094  -87.252  3.621 0.3000000119
1362  -6.877  -88.085  1.495 0.2000000030
1402  -3.744  -87.320  -2.476 0.4000000060
1414  -10.891  -87.116  -3.729 0.5000000000
1420  -4.582  -86.582  -4.445 0.5000000000
1421  -5.275  -86.662  -5.078 0.5000000000
1428  -5.520  -85.946  -5.369 0.6000000238
1429  -7.249  -86.607  -5.610 0.6000000238
1459  -11.632  -86.078  -7.338 0.8000000119
1472  -8.276  -86.246  -8.105 0.8999999762
1479  -3.313  -87.239  -9.380 0.8999999762
1481  -3.524  -86.323  -8.995 1.0000000000
1489  -3.257  -86.680  -9.574 0.8999999762
1496  -17.668  -85.984  -10.123 0.2000000030
1510  -3.288  -86.537  -12.531 0.5000000000
1538  -3.090  -86.616  -14.393 0.1000000015
1550  -26.034  -86.250  -14.207 0.5000000000
1569  -10.449  -87.097  -17.528 0.6999999881
1579  -12.434  -86.863  -18.194 0.8999999762
1595  -17.954  -86.649  -19.726 0.1000000015
1617  -6.267  -85.905  -20.629 0.6000000238
1619  -7.052  -86.054  -21.294 0.6999999881
1621  -12.464  -85.790  -21.997 0.8999999762
1628  -11.868  -86.473  -22.637 0.6999999881
1634  -17.822  -86.225  -23.002 0.6999999881
1648  -14.206  -86.323  -25.685 0.6999999881
1649  -15.909  -85.796  -25.033 0.8999999762
1657  -18.177  -85.794  -25.843 0.8999999762
1658  -19.752  -86.471  -26.285 0.8999999762
1662  -17.908  -86.478  -26.621 0.8999999762
1663  -18.340  -86.236  -26.730 0.8999999762
1698  -3.107  -85.120  7.781 0.1000000015
1763  -4.390  -84.889  -2.025 0.4000000060
1776  -4.025  -85.651  -2.710 0.4000000060
1780  -13.217  -85.462  -2.575 0.5000000000
1787  -13.842  -85.026  -3.193 0.5000000000
1791  -1.097  -85.222  -5.024 1.0000000000
1807  -14.128  -85.394  -5.871 0.5000000000
1808  -14.322  -85.222  -5.256 0.5000000000
1811  -0.700  -84.461  -7.172 0.8999999762
1815  -14.049  -84.855  -5.834 0.5000000000
1826  -12.100  -84.981  -7.575 0.6999999881
1827  -13.024  -84.888  -7.201 0.6000000238
1838  -0.897  -84.215  -7.882 0.8999999762
1839  -4.340  -85.987  -8.528 1.0000000000
1843  -9.547  -85.306  -8.179 0.8000000119
1844  -10.451  -84.945  -8.070 0.8000000119
1845  -17.741  -85.286  -9.021 0.2000000030
1887  -3.741  -85.441  -11.631 0.8000000119
1905  -1.800  -85.041  -14.485 0.2000000030
1906  -2.273  -85.510  -14.714 0.2000000030
1907  -3.325  -85.911  -15.185 0.1000000015
1928  -26.583  -85.771  -15.729 0.5000000000
1933  -13.194  -84.953  -16.937 0.8999999762
1944  -27.276  -85.740  -17.167 0.6999999881
1945  -4.526  -85.236  -19.349 0.1000000015
1951  -14.082  -85.067  -18.454 0.8999999762
1975  -27.719  -84.956  -21.755 0.5000000000
1977  -5.304  -84.675  -21.445 0.3000000119
1990  -6.673  -85.044  -22.536 0.6000000238
1991  -7.105  -85.295  -22.404 0.8000000119
2001  -27.030  -85.386  -23.151 0.5000000000
2002  -27.189  -85.125  -23.278 0.5000000000
2004  -18.944  -85.405  -23.934 0.6999999881
2010  -15.956  -85.785  -25.902 0.8999999762
2013  -23.625  -85.419  -25.394 0.6000000238
2024  -24.418  -84.927  -25.413 0.6000000238
2025  -16.207  -85.961  -26.190 0.8999999762
2031  -23.537  -84.597  -26.333 0.6000000238
2032  -20.239  -85.256  -27.124 0.8000000119
2034  -21.547  -84.694  -27.343 0.6999999881
2035  -22.357  -84.546  -27.206 0.6000000238
2105  -4.902  -84.236  5.244 0.2000000030
2126  -4.637  -85.536  3.979 0.2000000030
2127  -5.162  -84.549  3.687 0.2000000030
2132  -1.106  -84.282  1.920 0.8999999762
2137  -0.934  -84.363  1.644 0.8999999762
2139  -1.405  -84.608  1.163 0.8999999762
2149  -0.943  -84.821  0.738 1.0000000000
2163  -1.537  -84.654  0.015 0.8999999762
2173  -0.846  -84.799  -1.785 1.0000000000
2175  -1.469  -84.688  -0.671 1.0000000000
2178  -9.388  -85.046  -2.331 0.1000000015
2190  -1.110  -84.847  -2.150 0.8999999762
2191  -1.850  -84.463  -2.015 0.8000000119
2208  -1.553  -84.883  -3.791 0.8999999762
2216  -0.694  -85.031  -4.763 1.0000000000
2220  -12.544  -84.594  -4.764 0.5000000000
2221  -13.385  -84.602  -4.460 0.5000000000
2222  -13.826  -84.574  -4.863 0.5000000000
2223  -14.314  -84.900  -4.574 0.5000000000
2226  -0.257  -84.812  -5.258 1.0000000000
2228  -2.162  -84.595  -5.084 0.8999999762
2233  -8.858  -84.524  -6.002 0.6000000238
2235  -11.497  -84.007  -5.600 0.6000000238
2244  -1.604  -84.773  -6.781 1.0000000000
2246  -6.515  -84.375  -6.232 0.6000000238
2250  -13.624  -84.543  -6.351 0.5000000000
2253  -0.353  -84.303  -7.267 0.8999999762
2258  -13.221  -84.269  -6.879 0.6000000238
2261  -0.228  -84.200  -8.085 0.8999999762
2264  -2.082  -84.201  -8.706 1.0000000000
2266  -8.005  -84.494  -8.643 0.8999999762
2268  -10.888  -83.889  -8.249 0.8000000119
2282  -5.367  -84.130  -9.707 1.0000000000
2283  -6.612  -83.741  -9.186 1.0000000000
2295  -0.159  -84.590  -10.155 0.8999999762
2315  -4.906  -83.962  -11.654 1.0000000000
2320  -18.073  -84.223  -11.184 0.2000000030
2328  -4.084  -84.603  -12.394 0.8000000119
2339  -1.412  -84.690  -14.084 0.5000000000
2350  -1.009  -84.234  -14.243 0.3000000119
2352  -1.751  -85.021  -14.849 0.1000000015
2389  -11.149  -85.261  -17.690 0.8000000119
2391  -13.741  -84.825  -17.059 0.8999999762
2392  -14.474  -84.659  -17.598 0.8999999762
2417  -17.293  -84.014  -19.913 0.6999999881
2425  -16.344  -84.725  -19.941 0.6999999881
2426  -17.113  -84.561  -20.329 0.8000000119
2428  -4.255  -83.874  -21.006 0.2000000030
2429  -4.635  -84.247  -21.432 0.2000000030
2430  -8.218  -84.871  -21.722 0.6999999881
2431  -9.014  -84.137  -21.639 0.8999999762
2433  -26.596  -84.403  -23.457 0.5000000000
2434  -27.060  -84.249  -23.255 0.5000000000
2435  -27.452  -84.028  -22.756 0.5000000000
2443  -18.141  -85.213  -22.766 0.6999999881
2453  -7.450  -84.446  -24.056 0.6000000238
2461  -6.740  -83.920  -24.740 0.8999999762
2462  -7.328  -84.017  -24.613 0.8999999762
2465  -19.527  -84.800  -25.664 0.6999999881
2469  -23.638  -84.042  -26.507 0.6000000238
2471  -21.059  -84.276  -27.425 0.6999999881
2560  -4.757  -82.846  6.059 0.1000000015
2574  -0.933  -83.591  4.576 0.6999999881
2575  -1.344  -83.586  4.845 0.6999999881
2577  -5.427  -83.447  4.771 0.1000000015
2592  -2.006  -83.576  4.334 0.5000000000
2611  -2.162  -84.189  1.605 0.6999999881
2612  -5.499  -83.581  1.736 0.3000000119
2637  -2.150  -84.262  -1.186 0.8999999762
2648  -0.372  -84.457  -2.137 1.0000000000
2650  -4.920  -83.382  -2.359 0.5000000000
2663  0.070  -83.787  -3.370 1.0000000000
2682  0.168  -84.184  -5.331 0.8999999762
2683  -2.497  -83.748  -5.299 0.8999999762
2689  -13.002  -83.773  -5.897 0.6000000238
2694  -5.566  -83.248  -6.344 0.6000000238
2698  -10.041  -82.549  -6.345 0.6999999881
2701  -12.589  -83.422  -6.551 0.6000000238
2710  -12.776  -83.595  -6.950 0.6999999881
2714  0.340  -83.485  -8.602 0.6000000238
2717  -8.454  -83.626  -8.854 0.8000000119
2725  -6.442  -83.021  -9.621 0.8999999762
2733  -2.349  -83.636  -11.022 0.8999999762
2746  -0.340  -84.068  -12.036 0.6000000238
2759  -0.203  -83.604  -12.651 0.3000000119
2761  -3.003  -84.024  -12.593 0.8999999762
2785  -1.084  -84.001  -14.901 0.1000000015
2797  -1.547  -83.485  -15.225 0.1000000015
2811  -13.358  -84.024  -16.720 0.8999999762
2819  -12.889  -83.837  -17.009 0.8999999762
2821  -15.537  -83.598  -16.793 0.8999999762
2822  -16.246  -83.305  -17.054 0.8999999762
2858  -2.971  -83.239  -21.291 0.3000000119
2859  -3.538  -83.645  -21.617 0.5000000000
2861  -10.633  -82.918  -21.493 0.8999999762
2863  -28.402  -82.991  -22.390 0.5000000000
2878  -4.128  -82.834  -24.079 0.8000000119
2887  -4.881  -82.745  -24.663 0.8000000119
2888  -6.330  -83.439  -25.143 0.8999999762
2892  -10.196  -82.479  -24.470 1.0000000000
2901  -7.342  -83.204  -25.044 1.0000000000
2903  -9.197  -82.371  -24.792 1.0000000000
3018  -0.750  -83.190  6.039 0.5000000000
3019  -1.164  -83.032  6.243 0.5000000000
3046  -2.881  -83.099  3.684 0.5000000000
3063  -5.736  -83.077  2.452 0.3000000119
3077  -9.080  -82.839  1.673 0.1000000015
3086  -0.306  -82.877  0.897 1.0000000000
3111  -5.520  -82.500  -1.315 0.5000000000
3130  0.324  -82.859  -3.428 0.8999999762
3135  -10.416  -81.944  -3.337 0.1000000015
3160  0.489  -82.272  -6.276 0.6999999881
3165  -7.519  -82.344  -6.762 0.6000000238
3174  -2.696  -83.130  -7.856 0.8999999762
3176  -11.857  -82.777  -7.415 0.6999999881
3183  -10.464  -82.034  -8.203 0.8000000119
3185  0.474  -82.897  -9.789 0.4000000060
3188  -7.744  -81.996  -9.545 0.8999999762
3195  -5.508  -82.246  -10.683 1.0000000000
3201  0.352  -82.724  -11.511 0.4000000060
3205  -4.912  -82.870  -11.682 1.0000000000
3216  -0.147  -82.906  -13.282 0.1000000015
3284  -15.535  -82.465  -15.926 0.8999999762
3294  -16.538  -82.686  -16.590 0.6999999881
3308  -21.853  -82.482  -18.817 0.3000000119
3310  -2.461  -82.495  -19.799 0.1000000015
3319  -12.366  -81.779  -20.642 1.0000000000
3326  -28.421  -82.753  -21.609 0.5000000000
3327  -2.489  -82.786  -21.020 0.3000000119
3328  -12.014  -81.920  -21.398 1.0000000000
3330  -28.512  -81.961  -21.634 0.5000000000
3333  -3.422  -83.070  -23.379 0.5000000000
3334  -6.506  -82.160  -23.585 1.0000000000
3336  -11.594  -81.838  -22.580 0.8999999762
3337  -12.056  -81.575  -21.939 1.0000000000
3346  -28.306  -82.392  -22.851 0.5000000000
3349  -6.336  -82.548  -24.816 1.0000000000
3350  -7.693  -82.155  -24.714 1.0000000000
3352  -11.062  -82.093  -23.384 1.0000000000
3361  -5.025  -82.449  -24.654 0.8999999762
3363  -7.012  -82.731  -25.155 1.0000000000
3365  -9.685  -82.151  -24.956 1.0000000000
3370  -7.529  -82.849  -24.919 1.0000000000
3372  -9.649  -82.021  -25.036 1.0000000000
3373  -15.378  -82.583  -24.955 0.5000000000
3383  -20.905  -82.193  -28.014 0.6999999881
3384  -21.530  -82.561  -27.389 0.6999999881
3385  -22.228  -82.892  -27.113 0.6999999881
3467  -0.616  -80.659  8.349 0.6000000238
3477  -0.398  -81.697  7.378 0.6000000238
3478  -0.617  -81.221  7.834 0.6000000238
3515  -0.208  -82.637  5.263 0.8999999762
3537  -3.312  -82.035  3.199 0.5000000000
3538  -3.634  -81.392  2.543 0.5000000000
3567  -6.360  -81.295  0.317 0.4000000060
3583  -2.962  -82.136  -1.486 0.6000000238
3602  -5.988  -80.454  -2.167 0.6000000238
3619  -5.513  -80.734  -3.699 0.6000000238
3621  -10.689  -81.199  -3.390 0.1000000015
3635  0.520  -81.867  -4.946 0.8999999762
3647  -4.949  -81.076  -5.956 0.6000000238
3667  -10.105  -81.585  -7.004 0.6999999881
3677  -2.770  -81.972  -7.933 0.8999999762
3678  -5.654  -80.640  -7.279 0.6000000238
3681  -8.700  -80.921  -7.578 0.6999999881
3695  -9.239  -81.079  -8.206 0.6999999881
3696  -9.865  -81.528  -8.147 0.8000000119
3704  -3.298  -80.609  -9.887 0.8999999762
3705  -6.784  -80.794  -9.971 0.8000000119
3707  -9.363  -81.458  -8.575 0.8000000119
3714  -3.084  -81.905  -11.156 0.8999999762
3715  -3.443  -81.123  -10.673 0.8999999762
3716  -5.201  -80.917  -10.699 0.8999999762
3718  -6.216  -81.420  -10.265 0.8999999762
3808  -16.476  -81.695  -15.861 0.6999999881
3809  -17.064  -81.531  -16.426 0.6999999881
3820  -14.698  -81.558  -16.571 0.8999999762
3821  -17.383  -81.347  -17.132 0.6999999881
3830  -14.185  -80.774  -18.870 0.6999999881
3831  -17.532  -81.487  -17.930 0.6999999881
3845  -1.934  -81.584  -22.052 0.5000000000
3846  -2.179  -82.302  -21.809 0.3000000119
3849  -12.413  -81.130  -21.682 0.8000000119
3855  -28.751  -81.993  -22.399 0.5000000000
3862  -16.246  -81.887  -22.695 0.4000000060
3866  -28.576  -81.949  -22.672 0.5000000000
3873  -11.545  -81.568  -22.866 1.0000000000
3875  -21.624  -81.451  -23.313 0.3000000119
3880  -5.316  -82.548  -24.789 0.8999999762
3884  -8.760  -81.704  -24.991 1.0000000000
3885  -9.355  -81.680  -25.092 1.0000000000
3887  -14.954  -82.066  -25.687 0.5000000000
3897  -19.908  -81.693  -27.826 0.6999999881
3983  -0.838  -80.127  8.949 0.6000000238
3993  -0.185  -80.442  8.392 0.6999999881
4005  -0.794  -80.976  8.033 0.5000000000
4019  0.051  -81.354  7.369 0.8000000119
4020  -1.218  -80.989  7.596 0.5000000000
4034  -1.580  -81.555  6.255 0.3000000119
4045  0.306  -80.841  5.121 1.0000000000
4058  -6.283  -80.438  3.138 0.4000000060
4066  -6.731  -79.717  1.833 0.4000000060
4089  -0.274  -81.055  0.527 1.0000000000
4102  -0.385  -80.223  -0.010 1.0000000000
4104  -4.579  -79.735  0.176 0.6000000238
4116  -6.379  -79.786  -1.491 0.6000000238
4163  -5.464  -80.178  -4.470 0.6000000238
4197  -6.628  -79.994  -8.037 0.6000000238
4199  -8.635  -80.739  -8.376 0.6999999881
4208  -7.235  -80.098  -8.693 0.8000000119
4228  -4.602  -80.414  -10.495 0.8999999762
4229  -5.527  -80.230  -10.221 0.8999999762
4239  -3.983  -81.005  -10.939 0.8999999762
4254  -0.233  -80.716  -13.020 0.1000000015
4320  -15.989  -80.792  -15.714 0.8000000119
4334  -17.568  -80.764  -17.597 0.6999999881
4342  -0.454  -80.055  -19.850 0.2000000030
4347  -0.619  -79.783  -20.982 0.5000000000
4352  -6.452  -80.126  -21.056 0.8000000119
4353  -13.474  -80.651  -20.165 0.8000000119
4358  -1.040  -79.444  -21.873 0.5000000000
4364  -12.615  -80.815  -21.539 0.6999999881
4369  -27.306  -80.743  -22.294 0.6000000238
4373  -4.084  -80.797  -23.855 0.8000000119
4374  -6.627  -81.080  -22.282 0.8999999762
4381  -2.956  -80.678  -23.782 0.6999999881
4384  -7.023  -81.214  -23.491 0.8999999762
4399  -14.776  -81.444  -25.366 0.5000000000
4403  -8.296  -81.014  -25.061 0.8999999762
4405  -9.252  -81.091  -25.134 0.8999999762
4411  -19.709  -80.663  -25.201 0.3000000119
4498  -0.928  -79.205  10.120 0.6000000238
4508  -0.369  -79.540  9.397 0.6000000238
4510  -0.954  -79.680  9.517 0.4000000060
4586  0.335  -79.430  4.354 1.0000000000
4613  -0.475  -80.182  1.366 1.0000000000
4615  -6.051  -78.800  1.365 0.5000000000
4652  -6.591  -79.163  -0.842 0.6000000238
4665  -4.743  -78.826  -0.976 0.5000000000
4672  -0.086  -79.732  -2.388 0.8999999762
4699  -2.707  -79.493  -4.973 0.8000000119
4712  0.049  -78.739  -5.524 0.6000000238
4713  -2.849  -79.095  -5.755 0.6999999881
4714  -3.487  -78.612  -5.508 0.6999999881
4715  -4.894  -79.039  -5.892 0.6000000238
4735  0.236  -79.991  -7.632 0.5000000000
4738  -3.616  -79.362  -7.863 0.8000000119
4741  -5.868  -79.727  -8.210 0.6000000238
4752  -3.344  -79.666  -8.252 0.8000000119
4753  -3.808  -79.471  -8.809 0.8000000119
4755  -5.666  -79.521  -8.887 0.8000000119
4765  -3.707  -79.878  -9.648 0.8999999762
4767  -5.735  -79.730  -9.616 0.8999999762
4873  -16.062  -80.001  -15.793 0.6000000238
4877  -0.344  -79.581  -16.952 0.1000000015
4889  -4.991  -79.381  -19.582 0.8000000119
4890  -5.794  -79.173  -19.627 0.8000000119
4891  -13.828  -79.386  -19.294 0.6000000238
4893  -18.154  -79.729  -19.614 0.5000000000
4895  -0.102  -79.312  -20.520 0.5000000000
4897  -4.630  -79.906  -20.279 0.8000000119
4902  -13.958  -80.203  -19.596 0.6999999881
4909  -6.587  -80.292  -21.746 0.8999999762
4921  -10.638  -79.268  -22.717 0.6999999881
4922  -11.405  -79.766  -22.432 0.6999999881
4928  -9.656  -79.342  -24.079 0.6999999881
4933  -20.492  -79.943  -23.722 0.2000000030
4939  -7.661  -80.084  -25.069 0.8999999762
4941  -9.180  -80.061  -24.823 0.8999999762
4942  -9.967  -80.093  -24.281 0.8999999762
4948  -21.992  -80.040  -24.149 0.2000000030
4965  -14.663  -79.225  -27.002 0.3000000119
5042  -0.993  -78.137  11.321 0.5000000000
5055  -1.089  -78.644  10.715 0.4000000060
5061  -0.114  -78.885  9.735 0.6999999881
5095  0.514  -78.280  6.499 1.0000000000
5096  -1.586  -78.894  6.590 0.3000000119
5108  0.512  -78.637  5.779 1.0000000000
5122  -1.652  -78.464  4.828 0.3000000119
5141  -0.095  -78.723  2.862 1.0000000000
5151  -5.793  -78.774  0.879 0.5000000000
5166  -6.250  -78.601  0.005 0.5000000000
5185  -5.837  -78.525  -0.587 0.5000000000
5197  -5.333  -78.524  -1.207 0.6000000238
5199  -6.273  -78.756  -1.240 0.6000000238
5210  -5.568  -78.685  -2.764 0.6000000238
5219  -0.272  -78.112  -4.050 0.5000000000
5220  -4.195  -78.446  -4.113 0.6000000238
5221  -4.854  -78.503  -3.935 0.6000000238
5222  -5.346  -78.741  -3.683 0.6000000238
5237  -3.826  -78.461  -4.855 0.6000000238
5239  -5.123  -78.700  -4.345 0.6000000238
5269  0.017  -78.424  -7.005 0.3000000119
5392  -15.922  -78.368  -15.933 0.5000000000
5396  0.122  -79.027  -17.157 0.1000000015
5397  -14.903  -78.319  -16.830 0.5000000000
5406  0.282  -78.586  -17.973 0.3000000119
5409  -5.438  -78.276  -18.793 0.8999999762
5410  -13.583  -78.491  -18.907 0.5000000000
5421  -3.715  -78.436  -19.687 0.8999999762
5422  -4.570  -78.681  -19.127 0.8999999762
5424  -6.014  -78.435  -19.183 0.8000000119
5425  -12.430  -78.399  -19.766 0.6000000238
5437  -10.269  -77.367  -20.989 0.5000000000
5439  -12.137  -78.733  -20.393 0.6000000238
5445  -0.358  -78.733  -20.960 0.5000000000
5447  -3.143  -78.310  -22.509 0.6000000238
5448  -11.329  -78.795  -21.343 0.6000000238
5449  -11.954  -79.133  -21.055 0.5000000000
5455  -2.275  -78.078  -22.512 0.5000000000
5461  -16.018  -78.468  -23.164 0.4000000060
5465  -6.034  -78.342  -24.445 0.8000000119
5466  -6.233  -79.036  -24.186 0.8000000119
5467  -8.671  -78.177  -24.479 0.8000000119
5474  -6.053  -77.649  -24.537 0.6999999881
5478  -12.079  -78.552  -25.988 0.3000000119
5484  -20.836  -78.809  -24.455 0.2000000030
5488  -7.033  -78.493  -25.170 0.8000000119
5489  -7.578  -79.191  -25.236 0.8999999762
5498  -13.131  -78.804  -26.540 0.2000000030
5499  -13.873  -79.105  -26.808 0.4000000060
5508  -18.009  -77.993  -27.415 0.2000000030
5581  -0.962  -76.886  12.233 0.5000000000
5582  -1.172  -77.117  12.170 0.5000000000
5583  -1.618  -76.943  12.276 0.4000000060
5596  -1.238  -77.513  11.806 0.5000000000
5618  -0.452  -78.513  10.454 0.6999999881
5626  -1.638  -78.578  9.451 0.4000000060
5627  -2.163  -77.642  9.395 0.4000000060
5662  -5.293  -76.536  5.290 0.1000000015
5692  -0.412  -77.489  2.398 1.0000000000
5707  -0.888  -77.715  0.094 0.8999999762
5734  -1.398  -77.207  -1.374 0.6999999881
5783  -0.090  -77.756  -6.794 0.5000000000
5833  -0.208  -77.456  -10.485 0.1000000015
5843  -0.638  -77.402  -11.124 0.1000000015
5905  -15.996  -77.200  -15.733 0.5000000000
5906  -16.609  -77.065  -16.065 0.5000000000
5910  -17.213  -77.315  -16.654 0.5000000000
5926  0.134  -77.631  -18.064 0.3000000119
5928  -4.435  -77.486  -18.495 0.8999999762
5943  -3.417  -77.322  -19.878 0.8999999762
5944  -6.393  -77.776  -19.376 0.8000000119
5954  -6.454  -77.820  -20.214 0.8000000119
5955  -10.461  -76.957  -20.409 0.5000000000
5958  -17.534  -77.382  -20.354 0.6000000238
5970  -9.621  -77.128  -21.526 0.5000000000
5972  -16.928  -77.575  -21.643 0.5000000000
5973  -17.593  -77.898  -21.114 0.6000000238
5978  -1.843  -77.508  -22.193 0.5000000000
5982  -5.818  -78.263  -22.543 0.8000000119
5986  -14.838  -77.290  -22.891 0.4000000060
5993  -9.117  -77.799  -23.445 0.6000000238
5994  -12.569  -77.491  -24.265 0.3000000119
6000  -7.165  -77.355  -24.899 0.6999999881
6004  -12.951  -78.154  -24.617 0.3000000119
6009  -6.127  -76.833  -24.606 0.6000000238
6010  -7.066  -77.915  -25.139 0.8000000119
6019  -12.972  -78.086  -26.767 0.2000000030
6023  -23.699  -78.488  -27.534 0.2000000030
6124  -2.030  -76.237  12.817 0.3000000119
6139  -2.319  -76.722  12.204 0.4000000060
6152  -2.630  -76.971  11.202 0.4000000060
6167  -3.457  -76.247  9.263 0.3000000119
6211  -3.993  -75.964  5.381 0.1000000015
6307  -1.017  -76.570  -3.780 0.3000000119
6402  -0.981  -76.822  -11.124 0.1000000015
6460  -14.605  -76.294  -16.290 0.3000000119
6461  -16.741  -76.281  -15.970 0.3000000119
6473  -4.713  -76.216  -17.964 0.8000000119
6474  -5.570  -76.237  -17.944 0.8000000119
6497  -4.086  -76.759  -18.433 0.8000000119
6499  -5.976  -76.913  -18.335 0.8000000119
6500  -11.101  -75.981  -18.912 0.5000000000
6502  -12.416  -76.743  -18.471 0.5000000000
6503  -13.026  -77.084  -18.356 0.5000000000
6505  -17.408  -76.684  -18.400 0.5000000000
6524  -11.302  -76.664  -19.250 0.5000000000
6525  -11.907  -77.052  -19.018 0.5000000000
6526  -16.855  -76.354  -19.653 0.6000000238
6562  -2.873  -75.927  -22.081 0.6000000238
6569  -16.527  -76.883  -21.264 0.5000000000
6576  -2.271  -76.672  -22.251 0.5000000000
6577  -5.096  -76.393  -22.725 0.8000000119
6579  -9.042  -76.968  -22.086 0.6000000238
6582  -14.486  -76.558  -22.430 0.4000000060
6590  -7.404  -76.341  -24.330 0.6000000238
6592  -11.186  -75.813  -24.511 0.2000000030
6594  -13.141  -76.900  -23.467 0.4000000060
6600  -5.827  -76.186  -24.525 0.6000000238
6601  -6.508  -76.327  -24.724 0.6000000238
6603  -7.594  -77.018  -24.507 0.6000000238
6608  -27.776  -76.820  -24.996 0.2000000030
6611  -10.803  -76.606  -26.086 0.3000000119
6617  -13.603  -77.424  -27.001 0.2000000030
6623  -19.907  -75.954  -27.357 0.2000000030
6624  -26.441  -76.980  -27.136 0.1000000015
6625  -26.779  -76.205  -26.887 0.2000000030
6626  -14.469  -77.699  -27.079 0.3000000119
6631  -20.447  -76.330  -27.444 0.2000000030
6635  -25.567  -76.261  -27.600 0.2000000030
6741  -2.381  -75.379  13.159 0.4000000060
6742  -3.049  -75.313  12.790 0.4000000060
6793  -0.438  -75.357  8.829 1.0000000000
6795  -4.485  -75.346  8.966 0.3000000119
6856  -0.979  -75.541  4.629 1.0000000000
6868  -1.517  -75.215  3.173 0.6999999881
7029  0.056  -75.300  -13.861 0.1000000015
7058  -13.783  -75.179  -16.487 0.4000000060
7060  -17.060  -75.075  -15.954 0.3000000119
7078  -4.283  -75.495  -17.826 0.8000000119
7080  -5.889  -75.519  -17.726 0.8000000119
7085  -14.117  -75.809  -16.703 0.4000000060
7099  -0.215  -74.934  -19.234 0.5000000000
7101  -6.571  -75.378  -18.684 0.8000000119
7113  -5.976  -74.676  -19.860 0.6999999881
7115  -9.887  -74.887  -19.655 0.5000000000
7117  -16.072  -75.310  -19.796 0.6000000238
7133  -9.854  -75.703  -20.191 0.5000000000
7134  -15.163  -75.401  -21.061 0.6000000238
7135  -15.780  -75.628  -20.545 0.6000000238
7145  -2.634  -75.150  -21.783 0.6999999881
7154  -4.679  -74.639  -23.804 0.6000000238
7158  -13.592  -75.498  -22.334 0.4000000060
7166  -16.920  -75.180  -23.728 0.2000000030
7177  -6.988  -75.892  -24.590 0.6000000238
7179  -10.448  -75.511  -25.258 0.2000000030
7184  -19.340  -75.630  -24.738 0.2000000030
7191  -10.367  -75.399  -26.196 0.3000000119
7193  -13.528  -75.170  -26.296 0.1000000015
7202  -23.128  -74.716  -26.514 0.2000000030
7217  -24.529  -75.159  -27.307 0.2000000030
7219  -26.604  -75.498  -26.949 0.2000000030
7221  -21.564  -75.844  -27.162 0.2000000030
7223  -23.720  -75.678  -27.487 0.2000000030
7339  -2.067  -74.497  13.387 0.4000000060
7379  -4.849  -74.590  9.298 0.3000000119
7389  -4.968  -75.023  8.414 0.3000000119
7415  -0.718  -74.760  6.849 1.0000000000
7474  -1.417  -74.801  1.476 0.3000000119
7484  -0.853  -73.796  0.033 0.2000000030
7535  -0.638  -74.081  -5.613 0.1000000015
7569  -0.594  -74.693  -8.124 0.1000000015
7630  0.272  -75.041  -15.179 0.2000000030
7632  -12.106  -73.714  -16.174 0.2000000030
7634  -14.910  -74.382  -15.372 0.2000000030
7650  -4.024  -74.383  -17.162 0.8000000119
7652  -5.128  -73.929  -16.782 0.8000000119
7654  -12.516  -74.348  -16.563 0.4000000060
7676  -4.612  -74.905  -17.329 0.8000000119
7677  -5.308  -74.459  -17.115 0.8000000119
7679  -10.904  -74.198  -17.827 0.4000000060
7680  -11.380  -74.559  -17.609 0.4000000060
7682  -17.263  -74.402  -17.199 0.5000000000
7689  -10.493  -74.125  -18.350 0.4000000060
7697  -0.570  -74.717  -20.214 0.6000000238
7700  -6.496  -74.686  -18.974 0.8000000119
7703  -15.880  -74.526  -19.569 0.4000000060
7711  -1.979  -73.907  -21.050 0.6999999881
7713  -3.156  -74.080  -20.709 0.8000000119
7714  -5.488  -74.695  -20.717 0.6999999881
7715  -8.817  -74.231  -20.760 0.5000000000
7731  -7.872  -74.725  -22.332 0.6000000238
7734  -13.624  -74.254  -21.813 0.5000000000
7743  -7.490  -74.338  -23.196 0.6000000238
7744  -11.526  -74.151  -23.252 0.3000000119
7760  -7.393  -74.911  -23.776 0.6000000238
7762  -15.734  -73.812  -24.032 0.1000000015
7765  -18.232  -74.461  -22.996 0.2000000030
7770  -24.942  -73.804  -24.170 0.1000000015
7777  -5.683  -74.451  -25.095 0.6999999881
7779  -7.014  -74.989  -24.544 0.6000000238
7795  -26.267  -74.707  -25.954 0.2000000030
7797  -10.403  -73.698  -26.342 0.2000000030
7798  -10.939  -74.168  -26.621 0.2000000030
7970  -1.532  -73.046  7.648 1.0000000000
8028  -7.881  -72.832  3.847 0.1000000015
8144  -0.962  -73.022  -6.297 0.1000000015
8234  -13.439  -73.333  -15.093 0.2000000030
8239  0.314  -74.173  -15.296 0.2000000030
8240  0.260  -73.901  -16.129 0.2000000030
8262  -10.828  -73.174  -17.030 0.2000000030
8263  -11.411  -73.483  -16.570 0.2000000030
8264  -16.588  -72.953  -16.253 0.2000000030
8274  -3.131  -73.180  -17.823 0.8999999762
8280  -17.027  -73.620  -16.742 0.2000000030
8288  -6.405  -73.817  -17.826 0.8000000119
8290  -10.158  -73.327  -18.365 0.5000000000
8298  -2.574  -72.672  -19.774 0.8000000119
8299  -3.043  -73.255  -19.429 0.8000000119
8301  -6.460  -74.061  -18.543 0.8000000119
8302  -8.778  -73.354  -20.328 0.5000000000
8305  -15.019  -73.211  -19.837 0.3000000119
8315  -1.224  -73.522  -20.695 0.6999999881
8332  -8.165  -72.923  -21.050 0.5000000000
8335  -13.531  -73.569  -21.588 0.3000000119
8347  -3.978  -73.404  -23.207 0.6999999881
8348  -7.479  -73.472  -22.940 0.6999999881
8353  -21.523  -73.452  -21.957 0.1000000015
8374  -5.566  -73.576  -25.142 0.6999999881
8375  -6.383  -73.753  -25.267 0.6000000238
8376  -6.881  -74.034  -24.768 0.6000000238
8385  -13.567  -73.832  -25.814 0.1000000015
8386  -14.653  -73.027  -25.545 0.1000000015
8389  -10.580  -72.858  -26.299 0.2000000030
8529  -1.703  -72.374  12.368 0.5000000000
8531  -2.247  -72.812  12.916 0.4000000060
8540  -2.246  -72.155  12.451 0.4000000060
8551  -0.945  -72.076  10.955 0.8000000119
8562  -0.851  -71.781  10.152 1.0000000000
8612  -6.436  -72.495  6.168 0.1000000015
8635  -1.940  -72.487  3.048 0.2000000030
8669  -0.873  -72.331  0.805 0.1000000015
8682  -0.856  -72.180  -0.870 0.1000000015
8702  -1.233  -72.712  -1.951 0.1000000015
8736  -1.433  -73.345  -4.672 0.1000000015
8737  -1.673  -72.873  -4.863 0.1000000015
8853  0.348  -72.760  -14.472 0.2000000030
8855  -3.743  -72.329  -14.814 0.8000000119
8862  0.372  -72.420  -15.471 0.2000000030
8866  -5.106  -72.265  -15.786 0.8000000119
8869  -15.007  -72.156  -14.844 0.1000000015
8887  -10.573  -72.465  -16.693 0.1000000015
8899  -2.880  -72.599  -17.288 0.8999999762
8901  -6.138  -72.983  -17.750 0.8000000119
8902  -9.476  -71.944  -17.860 0.4000000060
8918  -1.162  -72.081  -20.207 0.6999999881
8919  -1.831  -72.159  -19.975 0.8000000119
8921  -8.973  -72.616  -19.555 0.5000000000
8923  -13.806  -72.099  -19.777 0.3000000119
8934  -1.517  -72.578  -20.405 0.8000000119
8936  -5.141  -72.990  -20.760 0.6999999881
8955  -4.038  -72.922  -22.334 0.6999999881
8956  -4.571  -73.146  -21.571 0.6999999881
8957  -7.759  -72.563  -21.706 0.5000000000
8960  -12.508  -72.456  -21.651 0.2000000030
8978  -3.679  -72.047  -24.005 0.6000000238
8981  -10.593  -72.633  -23.412 0.1000000015
8985  -20.734  -72.165  -22.739 0.1000000015
8989  -4.460  -72.477  -24.528 0.6999999881
8990  -5.381  -72.763  -25.060 0.6999999881
8991  -6.189  -72.144  -25.088 0.6999999881
8993  -9.972  -71.876  -24.774 0.1000000015
8996  -18.095  -72.072  -24.182 0.1000000015
9001  -10.139  -72.090  -25.637 0.1000000015
9160  -1.615  -71.703  11.849 0.5000000000
9174  -2.206  -71.512  11.967 0.4000000060
9188  -4.198  -71.538  10.643 0.4000000060
9275  -8.180  -71.528  3.790 0.1000000015
9344  -2.285  -72.102  -2.264 0.1000000015
9366  -3.377  -72.207  -4.144 0.1000000015
9468  -12.099  -71.242  -14.299 0.1000000015
9469  -13.011  -71.585  -14.234 0.1000000015
9481  0.322  -71.401  -15.772 0.4000000060
9482  -2.531  -71.509  -15.314 0.8999999762
9483  -4.682  -71.977  -15.045 0.8000000119
9497  0.079  -70.930  -16.952 0.6000000238
9506  -2.462  -70.894  -17.569 0.8999999762
9508  -9.439  -71.194  -17.186 0.2000000030
9511  -14.498  -71.321  -16.873 0.2000000030
9515  -0.844  -71.194  -19.262 0.6999999881
9519  -8.994  -71.681  -18.465 0.5000000000
9527  -0.926  -71.607  -19.718 0.6999999881
9529  -1.819  -71.703  -19.549 0.6999999881
9533  -8.802  -71.839  -19.125 0.5000000000
9551  -4.421  -71.568  -20.865 0.5000000000
9567  -3.519  -70.709  -22.420 0.5000000000
9568  -3.785  -71.430  -21.873 0.5000000000
9586  -6.747  -70.975  -24.507 0.6000000238
9589  -20.356  -71.753  -23.633 0.1000000015
9596  -5.613  -71.395  -24.843 0.6000000238
9597  -6.382  -71.363  -24.820 0.6000000238
9599  -10.167  -71.284  -25.050 0.1000000015
9608  -12.639  -71.392  -25.795 0.1000000015
9807  -1.507  -71.205  11.457 0.5000000000
9821  -1.607  -70.763  11.284 0.8000000119
9822  -2.004  -70.922  11.576 0.5000000000
9845  -2.443  -69.936  10.151 0.5000000000
9855  -2.576  -69.770  9.467 0.4000000060
9857  -4.942  -70.487  8.637 0.4000000060
9869  -0.394  -69.640  7.956 0.8000000119
9873  -5.749  -70.569  7.685 0.2000000030
9891  -5.308  -70.347  7.336 0.3000000119
9912  -9.142  -69.862  4.648 0.2000000030
10076  0.259  -70.429  -13.111 0.1000000015
10077  -2.593  -70.437  -13.879 0.8999999762
10078  -3.033  -70.842  -13.250 0.8999999762
10079  -3.592  -70.788  -13.261 0.8999999762
10081  -13.095  -70.069  -13.766 0.1000000015
10089  -13.468  -70.795  -14.039 0.1000000015
10101  -11.339  -70.996  -14.713 0.1000000015
10102  -14.453  -70.793  -14.982 0.1000000015
10105  -22.036  -70.312  -15.734 0.1000000015
10120  -19.862  -70.496  -16.461 0.1000000015
10124  -1.051  -69.886  -18.541 0.6000000238
10126  -2.081  -70.077  -17.995 0.8999999762
10131  -13.021  -70.346  -17.068 0.1000000015
10135  -19.990  -70.887  -17.297 0.1000000015
10136  -20.888  -71.040  -17.093 0.1000000015
10141  -0.936  -70.595  -18.997 0.6999999881
10144  -5.183  -70.144  -18.744 0.6999999881
10145  -8.421  -70.442  -18.597 0.3000000119
10163  -7.749  -70.201  -19.948 0.3000000119
10183  -7.973  -71.109  -20.100 0.4000000060
10200  -3.210  -69.923  -21.866 0.5000000000
10215  -3.650  -70.079  -22.636 0.5000000000
10226  -7.048  -70.590  -24.067 0.6000000238
10257  -19.142  -70.163  -25.707 0.1000000015
10260  -21.633  -70.820  -25.711 0.1000000015
10274  -19.699  -70.501  -25.541 0.1000000015
10278  -22.961  -70.724  -26.596 0.1000000015
10497  -1.308  -70.269  10.902 0.6000000238
10498  -1.692  -70.282  11.006 0.5000000000
10512  -1.085  -69.686  10.469 0.8999999762
10513  -1.669  -69.747  10.537 0.6000000238
10523  -0.827  -69.220  9.766 0.8999999762
10534  -2.056  -68.962  9.078 0.5000000000
10561  -4.615  -70.094  6.441 0.3000000119
10563  -6.378  -70.350  6.567 0.3000000119
10591  -9.795  -68.468  4.579 0.2000000030
10605  -10.650  -68.741  3.712 0.2000000030
10689  -2.843  -68.572  -5.123 0.1000000015
10789  -2.777  -69.413  -12.750 0.8999999762
10795  -2.559  -69.516  -13.459 0.8999999762
10797  -12.066  -69.318  -13.673 0.1000000015
10798  -12.731  -69.368  -13.638 0.1000000015
10799  -13.258  -69.478  -13.842 0.1000000015
10803  -5.207  -69.298  -14.787 0.6999999881
10805  -13.542  -69.140  -14.215 0.1000000015
10809  -20.940  -69.371  -14.649 0.1000000015
10812  0.134  -69.873  -15.356 0.5000000000
10816  -10.631  -69.892  -15.327 0.1000000015
10817  -11.131  -70.230  -14.674 0.1000000015
10820  -18.892  -69.558  -15.452 0.1000000015
10823  -21.488  -69.934  -15.164 0.1000000015
10824  -22.837  -69.943  -15.564 0.1000000015
10835  -10.135  -69.574  -16.010 0.1000000015
10840  -19.392  -70.072  -15.989 0.1000000015
10849  -0.928  -69.340  -18.047 0.6999999881
10856  -17.572  -69.466  -17.336 0.1000000015
10867  -4.809  -69.227  -18.901 0.5000000000
10869  -7.918  -69.258  -19.042 0.3000000119
10879  -3.638  -68.594  -20.156 0.5000000000
10880  -4.211  -69.298  -19.796 0.5000000000
10882  -7.979  -69.934  -19.164 0.3000000119
10904  -7.494  -69.372  -22.037 0.4000000060
10939  -5.729  -69.489  -23.211 0.5000000000
10940  -6.426  -69.784  -23.530 0.5000000000
10941  -7.078  -69.963  -23.518 0.5000000000
10954  -14.114  -69.385  -24.917 0.1000000015
10963  -16.738  -69.057  -25.331 0.1000000015
10976  -19.916  -70.029  -25.722 0.1000000015
10980  -23.118  -70.416  -26.944 0.1000000015
10981  -24.549  -70.387  -27.531 0.1000000015
11250  -0.992  -68.112  8.711 0.8999999762
11251  -1.535  -68.256  8.595 0.8000000119
11260  -1.106  -67.693  8.098 0.8999999762
11274  -3.186  -69.132  6.006 0.5000000000
11282  -2.777  -68.241  5.748 0.8000000119
11297  -5.475  -69.172  4.654 0.3000000119
11299  -7.813  -68.576  5.225 0.3000000119
11317  -6.388  -68.461  3.927 0.4000000060
11442  -2.076  -68.239  -5.563 0.1000000015
11462  -3.987  -68.137  -11.523 1.0000000000
11475  -3.465  -68.415  -11.893 0.8999999762
11476  -4.139  -68.740  -11.853 0.8999999762
11492  -11.539  -68.158  -14.155 0.1000000015
11496  -18.614  -68.544  -14.490 0.1000000015
11498  -20.400  -68.656  -14.355 0.1000000015
11502  -24.177  -68.097  -14.849 0.1000000015
11510  -5.329  -68.595  -15.403 0.6999999881
11515  -17.588  -68.850  -15.340 0.1000000015
11516  -18.349  -69.036  -14.919 0.1000000015
11528  -1.225  -67.793  -16.919 1.0000000000
11531  -9.568  -68.100  -16.868 0.1000000015
11535  -17.224  -68.840  -16.511 0.1000000015
11537  -23.688  -68.870  -16.252 0.1000000015
11546  -8.482  -68.326  -18.081 0.1000000015
11547  -8.979  -68.701  -17.393 0.1000000015
11558  -3.598  -67.982  -19.520 0.5000000000
11560  -7.839  -68.618  -19.362 0.3000000119
11562  -11.928  -68.241  -18.649 0.1000000015
11575  -15.567  -69.098  -19.496 0.1000000015
11580  -3.455  -68.572  -20.876 0.4000000060
11581  -7.744  -68.538  -20.458 0.4000000060
11590  -3.534  -68.451  -21.519 0.5000000000
11601  -4.391  -68.709  -22.550 0.5000000000
11613  -5.042  -69.157  -22.856 0.5000000000
11615  -6.315  -68.973  -22.990 0.5000000000
11616  -7.045  -68.710  -23.050 0.5000000000
11636  -22.262  -68.760  -26.244 0.1000000015
11645  -21.133  -69.450  -25.922 0.1000000015
11921  -0.909  -67.240  7.466 0.8999999762
11930  -0.792  -66.961  6.887 0.8999999762
11940  -0.410  -67.220  6.165 0.8000000119
11958  -8.996  -67.937  4.985 0.3000000119
11960  -10.683  -67.081  4.485 0.3000000119
11983  -8.540  -67.471  4.072 0.4000000060
11984  -12.468  -66.826  3.855 0.3000000119
11998  -6.983  -67.175  2.944 0.4000000060
12097  -1.607  -67.448  -4.596 0.1000000015
12112  -1.470  -67.578  -5.209 0.1000000015
12123  -0.957  -67.299  -6.463 0.2000000030
12156  -0.511  -67.480  -14.131 0.8999999762
12161  -16.347  -66.862  -13.638 0.1000000015
12165  -23.162  -67.173  -13.612 0.1000000015
12172  -2.171  -66.897  -15.184 1.0000000000
12176  -11.879  -67.323  -14.217 0.1000000015
12177  -12.574  -67.329  -13.968 0.1000000015
12178  -13.234  -67.610  -13.929 0.1000000015
12180  -15.607  -66.957  -13.737 0.1000000015
12182  -17.583  -67.637  -13.975 0.1000000015
12184  -19.852  -67.834  -14.260 0.1000000015
12198  -2.009  -67.641  -15.753 1.0000000000
12201  -10.692  -67.569  -15.551 0.1000000015
12203  -13.795  -67.494  -14.283 0.1000000015
12204  -14.471  -67.585  -14.725 0.1000000015
12206  -16.179  -67.857  -14.928 0.1000000015
12215  -1.253  -67.558  -16.405 1.0000000000
12221  -14.394  -67.593  -15.836 0.1000000015
12222  -15.101  -67.649  -16.285 0.1000000015
12227  -8.997  -66.968  -17.977 0.1000000015
12228  -9.469  -67.209  -17.292 0.1000000015
12236  -3.463  -67.174  -19.531 0.4000000060
12238  -8.126  -68.045  -18.848 0.3000000119
12239  -13.491  -67.678  -18.067 0.1000000015
12250  -13.381  -67.631  -19.395 0.1000000015
12263  -4.673  -67.639  -21.890 0.4000000060
12270  -5.833  -68.081  -22.872 0.5000000000
12271  -6.731  -67.539  -22.996 0.5000000000
12273  -8.663  -67.321  -23.005 0.4000000060
12282  -7.268  -68.128  -23.124 0.5000000000
12610  -0.616  -66.890  6.495 0.8000000119
12612  -1.530  -66.777  6.220 0.8999999762
12627  -0.999  -66.313  5.774 0.8999999762
12646  -11.418  -66.031  4.452 0.3000000119
12667  -9.372  -66.385  3.808 0.3000000119
12683  -4.764  -65.958  2.716 0.6999999881
12687  -7.857  -66.055  2.753 0.5000000000
12688  -13.957  -66.508  3.221 0.1000000015
12708  -14.682  -66.451  0.915 0.1000000015
12717  -3.639  -66.064  -0.336 0.1000000015
12725  -15.712  -66.598  -0.253 0.1000000015
12763  -1.561  -66.568  -3.621 0.1000000015
12800  -9.338  -66.449  -6.478 0.3000000119
12833  -9.439  -66.340  -11.743 0.4000000060
12843  -0.944  -66.146  -13.530 0.8999999762
12846  -8.844  -66.589  -12.221 0.4000000060
12860  -22.599  -66.409  -13.204 0.1000000015
12876  -11.627  -66.776  -14.739 0.1000000015
12878  -13.234  -66.599  -14.022 0.1000000015
12881  -16.815  -66.801  -13.736 0.1000000015
12882  -17.422  -67.053  -13.945 0.1000000015
12883  -18.663  -66.692  -14.798 0.1000000015
12892  -1.155  -67.180  -15.254 1.0000000000
12893  -1.364  -67.473  -16.033 1.0000000000
12896  -6.150  -66.364  -15.633 0.5000000000
12900  -24.651  -66.861  -15.091 0.1000000015
12904  -1.110  -67.343  -15.953 0.8999999762
12907  -10.024  -66.688  -16.958 0.1000000015
12908  -10.667  -66.139  -16.477 0.1000000015
12912  -3.376  -66.095  -18.472 0.4000000060
12921  -8.760  -66.829  -18.755 0.1000000015
12929  -3.769  -66.186  -19.828 0.4000000060
12930  -8.821  -66.829  -19.620 0.1000000015
12940  -4.331  -66.342  -20.317 0.4000000060
12941  -9.104  -66.993  -20.715 0.4000000060
12955  -9.313  -67.194  -21.850 0.4000000060
12971  -5.182  -67.168  -21.762 0.4000000060
12972  -5.619  -66.894  -22.076 0.4000000060
12974  -7.381  -66.887  -23.014 0.4000000060
12975  -9.326  -66.849  -22.776 0.4000000060
13368  -14.434  -65.380  3.228 0.3000000119
13386  -4.425  -65.223  2.567 0.8000000119
13387  -5.581  -65.805  2.594 0.6000000238
13405  -15.337  -64.852  0.750 0.3000000119
13410  -0.764  -64.772  0.860 0.3000000119
13419  -1.847  -64.577  -0.106 0.1000000015
13467  -1.354  -65.804  -3.522 0.1000000015
13493  -5.207  -65.157  -5.719 0.6000000238
13498  -10.345  -65.851  -5.700 0.3000000119
13499  -10.973  -65.693  -5.821 0.3000000119
13511  -11.618  -65.753  -6.278 0.2000000030
13562  -9.874  -65.864  -12.064 0.3000000119
13574  -1.664  -65.238  -14.472 1.0000000000
13575  -3.117  -65.045  -13.935 1.0000000000
13576  -9.000  -65.593  -13.667 0.5000000000
13588  -7.624  -65.717  -14.894 0.5000000000
13591  -13.825  -65.316  -14.221 0.1000000015
13598  -24.966  -65.593  -14.557 0.1000000015
13607  -11.749  -65.173  -15.737 0.1000000015
13609  -13.945  -64.430  -14.938 0.1000000015
13611  -16.334  -65.716  -14.581 0.1000000015
13619  -3.583  -65.254  -17.113 0.3000000119
13621  -4.805  -64.912  -16.243 0.4000000060
13623  -15.873  -65.067  -15.512 0.1000000015
13625  -17.638  -65.204  -15.987 0.1000000015
13629  -3.866  -65.845  -17.001 0.4000000060
13630  -10.422  -65.342  -17.727 0.1000000015
13639  -10.286  -65.350  -18.654 0.1000000015
13652  -3.718  -65.731  -19.120 0.3000000119
13665  -4.290  -65.787  -19.793 0.4000000060
13668  -10.785  -65.510  -20.949 0.2000000030
13682  -5.494  -65.831  -20.896 0.4000000060
13685  -10.198  -65.975  -22.162 0.2000000030
13703  -7.312  -66.073  -22.768 0.4000000060
13706  -10.088  -65.490  -22.512 0.3000000119
14104  -10.939  -64.208  4.010 0.4000000060
14105  -11.712  -64.263  4.100 0.4000000060
14121  -13.342  -64.780  3.671 0.3000000119
14134  -0.870  -64.146  3.105 0.8999999762
14231  -10.681  -65.324  -5.616 0.3000000119
14236  -4.598  -65.040  -5.945 0.6000000238
14237  -12.150  -64.890  -6.115 0.2000000030
14238  -12.843  -65.081  -6.745 0.2000000030
14255  -14.111  -64.542  -8.235 0.2000000030
14263  -13.500  -64.890  -8.269 0.2000000030
14290  -4.152  -64.519  -12.461 1.0000000000
14297  -1.715  -64.643  -13.791 1.0000000000
14298  -3.103  -64.392  -13.695 1.0000000000
14310  -1.913  -64.676  -14.254 1.0000000000
14311  -2.217  -64.713  -14.385 1.0000000000
14315  -13.141  -64.868  -14.955 0.1000000015
14323  -6.649  -64.330  -15.626 0.3000000119
14344  -3.591  -64.979  -17.723 0.3000000119
14348  -13.397  -63.733  -17.150 0.1000000015
14364  -12.378  -64.203  -18.457 0.1000000015
14381  -5.483  -64.904  -19.478 0.3000000119
14382  -11.543  -64.802  -19.647 0.1000000015
14395  -4.907  -65.414  -19.680 0.3000000119
14397  -11.820  -64.820  -20.578 0.1000000015
14399  -13.571  -64.460  -21.060 0.1000000015
14411  -6.621  -64.870  -21.157 0.4000000060
14413  -8.381  -64.447  -21.944 0.4000000060
14416  -14.124  -64.163  -21.652 0.1000000015
14427  -8.911  -65.065  -22.753 0.3000000119
14429  -10.507  -64.835  -22.458 0.2000000030
14430  -11.009  -64.224  -22.476 0.2000000030
14903  -9.390  -63.678  3.510 0.5000000000
14917  -6.304  -63.724  2.476 0.6000000238
14937  -15.213  -63.604  1.713 0.2000000030
14949  -0.641  -63.211  0.980 0.3000000119
15015  -4.330  -63.949  -5.422 0.6000000238
15056  -14.572  -64.159  -8.493 0.2000000030
15076  -12.603  -63.736  -10.032 0.2000000030
15077  -13.605  -63.811  -10.237 0.1000000015
15078  -14.619  -63.759  -10.125 0.1000000015
15091  -1.979  -63.387  -12.485 1.0000000000
15093  -4.212  -63.335  -12.276 1.0000000000
15102  -2.262  -63.918  -13.508 1.0000000000
15114  -2.485  -64.269  -13.941 1.0000000000
15131  -4.221  -64.014  -16.772 0.3000000119
15132  -4.293  -63.268  -16.394 0.2000000030
15140  -3.989  -64.298  -17.470 0.3000000119
15179  -5.188  -64.507  -18.812 0.2000000030
15191  -6.180  -64.524  -19.555 0.2000000030
15192  -6.935  -64.219  -19.732 0.4000000060
15194  -8.398  -63.465  -20.412 0.4000000060
15208  -10.748  -63.581  -22.228 0.1000000015
15221  -11.988  -63.339  -22.453 0.2000000030
15684  -10.790  -62.024  4.427 0.6000000238
15695  -7.664  -62.190  3.052 0.6999999881
15699  -12.845  -62.576  3.689 0.4000000060
15710  -0.789  -62.815  2.107 0.6000000238
15712  -2.461  -61.973  2.022 1.0000000000
15724  -0.663  -62.586  1.437 0.6000000238
15725  -0.825  -62.222  1.733 0.6999999881
15765  -16.021  -62.105  -0.521 0.2000000030
15850  -13.668  -63.036  -7.146 0.3000000119
15885  -7.568  -62.284  -11.742 0.3000000119
15887  -8.803  -62.221  -10.846 0.2000000030
15901  -2.492  -62.623  -12.157 1.0000000000
15902  -2.894  -62.618  -12.309 1.0000000000
15903  -3.500  -62.857  -12.323 1.0000000000
15904  -6.166  -62.025  -13.224 0.3000000119
15914  -3.086  -63.094  -12.806 1.0000000000
15922  -4.919  -62.144  -14.573 0.2000000030
15926  -4.579  -62.492  -15.229 0.2000000030
15935  -4.276  -62.475  -16.018 0.2000000030
15947  -5.235  -62.348  -17.226 0.2000000030
15962  -6.560  -62.962  -18.355 0.2000000030
15963  -7.231  -62.405  -18.537 0.2000000030
15978  -8.504  -62.415  -19.564 0.2000000030
15988  -7.427  -63.492  -19.370 0.2000000030
15990  -10.406  -62.185  -20.664 0.1000000015
15999  -10.884  -62.654  -21.535 0.1000000015
16001  -12.700  -62.878  -22.325 0.1000000015
16003  -15.176  -63.025  -22.145 0.1000000015
16446  -9.375  -61.237  4.053 0.6999999881
16462  -6.345  -61.441  2.587 0.8999999762
16464  -13.675  -61.737  2.932 0.3000000119
16470  -0.811  -61.806  1.230 0.5000000000
16485  -1.037  -61.457  0.718 0.5000000000
16498  -1.529  -61.191  0.197 0.3000000119
16499  -2.306  -60.995  -0.136 0.1000000015
16508  -18.492  -61.203  -1.012 0.1000000015
16527  -1.231  -61.051  -3.118 0.5000000000
16588  -1.135  -60.933  -8.278 1.0000000000
16612  -15.330  -62.276  -8.581 0.1000000015
16620  -1.889  -61.375  -10.529 1.0000000000
16635  -7.739  -61.823  -11.480 0.3000000119
16637  -9.676  -61.899  -10.837 0.2000000030
16651  -2.156  -62.120  -11.903 1.0000000000
16655  -10.867  -61.005  -11.987 0.1000000015
16656  -11.705  -61.281  -12.405 0.1000000015
16658  -13.232  -61.753  -12.740 0.1000000015
16659  -14.838  -61.697  -12.723 0.1000000015
16686  -4.479  -60.852  -15.740 0.2000000030
16700  -4.597  -61.731  -16.406 0.2000000030
16704  -10.947  -61.226  -16.546 0.1000000015
16717  -5.716  -61.582  -17.281 0.2000000030
16722  -10.657  -61.334  -17.047 0.2000000030
16723  -11.452  -61.272  -16.842 0.1000000015
16735  -9.014  -61.353  -18.402 0.2000000030
16747  -7.748  -61.964  -18.769 0.2000000030
16767  -12.155  -61.044  -21.078 0.1000000015
16779  -11.772  -61.718  -21.408 0.1000000015
16783  -15.513  -61.851  -21.936 0.1000000015
17244  -11.475  -60.461  4.467 0.6000000238
17275  -2.970  -59.537  1.306 0.6999999881
17288  -1.793  -60.352  0.812 0.4000000060
17293  -16.385  -60.349  0.552 0.3000000119
17295  -21.645  -60.704  -0.036 0.1000000015
17309  -18.821  -60.422  -0.680 0.2000000030
17312  -21.157  -60.254  -0.365 0.2000000030
17427  -1.873  -60.973  -10.240 1.0000000000
17441  -2.014  -61.156  -10.859 1.0000000000
17443  -2.648  -60.950  -10.424 1.0000000000
17452  -2.456  -61.124  -10.941 1.0000000000
17469  -12.200  -60.789  -13.074 0.1000000015
17470  -14.496  -61.060  -13.233 0.1000000015
17479  -5.407  -60.237  -13.505 0.3000000119
17490  -4.788  -60.380  -14.266 0.2000000030
17501  -4.629  -60.140  -15.010 0.2000000030
17502  -5.210  -59.686  -15.312 0.2000000030
17521  -9.827  -60.568  -16.612 0.1000000015
17523  -11.950  -60.587  -16.689 0.1000000015
17534  -7.337  -60.529  -16.905 0.2000000030
17536  -9.362  -60.796  -16.955 0.1000000015
17537  -12.251  -60.941  -16.951 0.1000000015
17538  -13.012  -60.612  -17.397 0.1000000015
17548  -11.059  -61.068  -19.115 0.2000000030
17550  -12.819  -60.919  -17.762 0.2000000030
17561  -11.882  -60.883  -19.607 0.1000000015
17574  -11.774  -60.899  -20.485 0.1000000015
17587  -15.965  -60.778  -21.783 0.1000000015
18068  -13.176  -59.198  3.425 0.5000000000
18080  -6.188  -59.301  2.270 1.0000000000
18088  -3.184  -58.809  0.999 0.5000000000
18094  -15.162  -59.626  1.743 0.4000000060
18308  -13.478  -59.160  -14.334 0.1000000015
18309  -14.246  -58.957  -14.460 0.1000000015
18328  -5.711  -58.768  -14.976 0.2000000030
18830  -8.103  -58.829  3.322 0.8999999762
18832  -10.457  -58.204  4.099 0.8999999762
18854  -3.213  -58.581  0.537 0.3000000119
18869  -3.262  -58.440  0.126 0.3000000119
18878  -20.485  -58.147  0.475 0.2000000030
18884  -2.918  -58.855  -0.007 0.3000000119
18887  -4.657  -57.730  -0.539 0.1000000015
18892  -19.942  -58.838  -0.013 0.2000000030
19057  -8.441  -58.796  -12.683 0.2000000030
19069  -5.952  -58.481  -13.790 0.2000000030
19070  -6.562  -57.921  -13.790 0.2000000030
19072  -10.575  -58.457  -13.374 0.1000000015
19073  -11.345  -58.569  -13.722 0.1000000015
19093  -6.741  -57.493  -14.519 0.2000000030
19098  -15.375  -58.188  -14.812 0.1000000015
19618  -12.176  -56.928  3.882 0.8000000119
19654  -4.440  -56.917  0.026 0.3000000119
19669  -3.657  -57.826  -0.004 0.3000000119
20433  -13.623  -55.809  3.714 0.8000000119
20464  -17.190  -55.704  1.546 0.6000000238
20475  -6.085  -55.684  -1.148 0.1000000015
20537  -11.711  -56.110  -4.566 0.1000000015
20698  -8.154  -56.031  -15.786 0.1000000015
21285  -12.417  -55.429  3.623 0.8000000119
21296  -14.658  -54.992  3.374 0.8000000119
21304  -6.368  -55.924  0.663 0.5000000000
21318  -6.420  -55.343  -0.097 0.3000000119
21364  -12.736  -55.219  -3.555 0.2000000030
21377  -11.031  -55.050  -4.172 0.2000000030
21378  -11.809  -55.147  -4.213 0.1000000015
21483  -4.210  -55.901  -11.081 0.6000000238
21575  -16.364  -55.941  -15.887 0.1000000015
22209  -11.426  -54.921  2.418 0.8000000119
22222  -13.645  -54.939  2.392 0.6999999881
22229  -7.574  -54.712  -0.437 0.2000000030
22242  -6.938  -54.932  -1.472 0.2000000030
22281  -10.136  -54.673  -3.215 0.2000000030
22292  -10.725  -54.868  -3.795 0.2000000030
22294  -12.103  -54.941  -3.913 0.2000000030
23136  -23.509  -53.632  0.560 0.1000000015
24770  -23.634  -52.073  1.887 0.1000000015
108019  -14.325  -73.858  -15.223 0.2000000030
108191  -5.123  -79.482  -9.326 0.8000000119
108266  -17.571  -77.074  -18.813 0.5000000000
108356  -5.675  -71.882  8.119 0.3000000119
108359  -6.043  -88.586  -0.669 0.3000000119
108742  -2.800  -73.200  -3.038 0.1000000015
108789  -2.849  -72.216  -2.704 0.1000000015
108896  -15.595  -75.936  -21.176 0.6000000238
108968  -11.530  -76.623  -24.684 0.3000000119
109078  -8.803  -93.734  -7.027 0.8000000119
109084  -13.546  -60.659  -18.462 0.1000000015
109185  -8.038  -66.890  -12.642 0.6000000238
109194  -11.384  -83.396  -18.930 0.8999999762
109307  -23.008  -70.840  -24.935 0.1000000015
109330  -0.428  -81.595  2.941 1.0000000000
109816  -17.454  -75.911  -16.981 0.5000000000
109849  -0.772  -84.779  0.295 1.0000000000
110011  -23.254  -89.464  -12.925 0.8000000119
110032  -22.260  -74.940  -25.923 0.2000000030
110146  -12.855  -78.078  -19.179 0.5000000000
110193  -0.731  -84.952  -3.987 1.0000000000
110257  -9.526  -94.060  -7.054 0.6999999881
110269  -16.823  -90.130  2.860 0.3000000119
110282  -14.805  -80.712  -24.968 0.4000000060
110380  0.456  -82.141  -7.973 0.6000000238
110509  -1.339  -75.040  12.537 0.5000000000
110690  -0.652  -72.485  -19.806 0.6999999881
110715  0.093  -82.293  -0.482 1.0000000000
110744  -21.954  -74.652  -22.907 0.2000000030
110969  -8.171  -63.165  -19.606 0.3000000119
111035  -6.840  -63.491  -14.248 0.3000000119
111291  -15.391  -67.715  -16.977 0.1000000015
111532  -3.663  -79.277  -2.221 0.6000000238
111582  -18.195  -84.764  -11.657 0.3000000119
111637  -10.889  -68.210  -14.941 0.1000000015
111639  -16.698  -70.066  -25.516 0.1000000015
111710  -4.301  -80.416  0.529 0.6000000238
111769  -11.625  -72.164  -15.208 0.2000000030
111771  -21.403  -90.385  -11.584 0.8000000119
111978  -16.214  -92.336  -2.710 0.3000000119
111979  -16.179  -82.535  -23.053 0.5000000000
111981  -15.098  -66.299  -13.755 0.1000000015
111992  -10.475  -82.651  -23.724 1.0000000000
112026  -6.330  -79.532  -23.441 0.8999999762
112069  -18.510  -71.092  -25.400 0.1000000015
112079  -10.800  -66.725  4.595 0.3000000119
112100  -17.718  -62.682  -1.107 0.1000000015
112114  -15.217  -87.755  -25.227 0.6999999881
112206  -22.183  -73.729  -21.955 0.1000000015
112251  -5.418  -78.501  -1.954 0.6000000238
112363  -7.187  -85.214  -0.861 0.2000000030
112375  -16.099  -73.933  -15.459 0.2000000030
112508  -13.983  -67.623  -18.794 0.1000000015
112516  0.467  -82.106  -9.245 0.4000000060
112671  -8.176  -57.440  -17.380 0.2000000030
112722  -4.077  -64.022  -0.432 0.1000000015
112741  0.360  -80.705  -7.193 0.6000000238
112881  -15.611  -77.675  -15.961 0.5000000000
112900  -3.859  -83.573  -23.578 0.8000000119
112988  -5.657  -60.899  2.344 1.0000000000
113014  -15.590  -65.919  -13.877 0.1000000015
113048  -6.871  -85.319  -8.372 0.8999999762
113111  0.386  -81.541  -2.746 0.8000000119
113122  -0.640  -78.534  -1.835 0.8000000119
113200  -15.886  -75.178  -15.463 0.3000000119
113238  -7.265  -72.926  -23.723 0.6999999881
113286  -28.650  -81.794  -22.259 0.5000000000
113456  -17.535  -82.343  -18.962 0.6000000238
113552  0.341  -78.638  8.102 0.8999999762
113557  -2.073  -83.805  3.382 0.6000000238
113587  -13.356  -68.825  -24.501 0.1000000015
113753  -7.143  -74.739  5.550 0.1000000015
113755  -3.599  -67.169  -20.191 0.4000000060
113817  -3.699  -75.189  -18.262 0.8999999762
113937  -11.304  -55.172  2.994 0.8000000119
113944  -1.673  -84.947  -6.137 0.8999999762
114091  -0.529  -83.149  5.603 0.8000000119
114144  -8.740  -83.119  -24.577 1.0000000000
114199  -2.922  -67.914  -12.501 0.8999999762
114210  -1.889  -78.672  -23.013 0.5000000000
114339  -10.613  -70.493  -24.760 0.1000000015
114446  0.477  -79.706  5.972 1.0000000000
114516  -0.149  -78.151  2.407 1.0000000000
114676  -1.703  -61.888  -10.020 1.0000000000
114816  -14.784  -68.011  0.203 0.1000000015
114846  -10.527  -67.456  4.343 0.3000000119
114990  -2.362  -84.009  -7.911 1.0000000000
115090  -4.891  -63.234  2.305 0.8999999762
115172  -0.876  -68.305  -16.942 0.8000000119
115183  0.398  -81.151  -10.328 0.5000000000
115221  -1.645  -76.598  -1.944 0.4000000060
115244  0.392  -76.763  6.161 1.0000000000
115377  -19.473  -72.563  -22.996 0.1000000015
115387  -1.711  -84.362  -7.944 1.0000000000
115398  -10.404  -81.973  -6.706 0.6999999881
115528  -17.467  -80.069  -17.114 0.6000000238
115647  -1.345  -64.720  0.282 0.1000000015
115897  -3.851  -78.612  -3.555 0.6000000238
116021  -13.511  -63.159  3.224 0.4000000060
116031  -17.144  -67.780  -13.917 0.1000000015
116054  -15.174  -89.800  3.156 0.3000000119
116081  -0.547  -82.553  3.115 1.0000000000
116253  -22.072  -77.076  -27.326 0.2000000030
116286  -4.655  -67.974  -17.894 0.6000000238
116388  -6.671  -64.174  2.526 0.6000000238
116417  0.291  -81.200  -11.730 0.3000000119
116456  -4.263  -75.369  5.984 0.2000000030
116621  -1.369  -65.095  -13.047 0.8999999762
116684  0.369  -71.170  -14.589 0.5000000000
116755  -4.528  -86.653  -7.924 1.0000000000
116847  -0.719  -66.346  5.494 0.8000000119
116851  -6.610  -78.853  -0.201 0.5000000000
116974  0.240  -79.589  -9.850 0.4000000060
117027  -4.891  -70.195  -14.176 0.8000000119
117107  -3.653  -78.843  -20.375 0.8000000119
117109  -25.931  -87.919  -12.738 0.6999999881
117143  -2.148  -74.578  -21.395 0.6999999881
117395  -4.861  -72.885  9.981 0.3000000119
117540  -17.163  -77.350  -27.576 0.2000000030
117699  -6.563  -77.777  -24.835 0.6999999881
117713  -23.106  -68.595  -14.318 0.1000000015
117818  -0.544  -79.270  -0.164 1.0000000000
118102  -9.823  -65.085  3.642 0.3000000119
118170  -5.913  -70.815  7.774 0.2000000030
118178  -3.512  -73.112  -16.248 0.8999999762
118215  -8.336  -75.022  -21.801 0.5000000000
118436  -10.283  -70.995  -15.987 0.1000000015
118445  -3.827  -86.485  -2.328 0.4000000060
118449  -11.212  -86.575  -17.470 0.8000000119
118519  -13.491  -60.717  -19.313 0.2000000030
118626  0.346  -77.691  4.015 1.0000000000
118823  -2.915  -81.751  -9.156 0.8999999762
118980  -24.788  -76.638  -20.005 0.1000000015
119019  -14.459  -90.230  2.214 0.3000000119
119113  -16.974  -86.251  -24.295 0.8000000119
119167  -7.971  -59.623  -16.785 0.2000000030
119209  -11.935  -64.591  -21.617 0.1000000015
119462  -25.436  -85.582  -14.517 0.6000000238
119518  -17.150  -75.745  -16.206 0.3000000119
119625  -1.480  -79.964  7.657 0.3000000119
119643  -3.912  -65.096  -18.583 0.3000000119
119673  -19.890  -87.442  -22.395 0.4000000060
119703  -0.365  -80.563  2.716 1.0000000000
119739  -19.564  -81.197  -27.203 0.4000000060
119768  -11.095  -81.086  -23.432 0.8999999762
119770  0.093  -84.164  -8.763 0.8000000119
119888  -4.634  -86.075  -18.962 0.2000000030
119900  -16.233  -80.603  -26.761 0.4000000060
119948  -15.364  -62.006  1.088 0.2000000030
120156  -11.872  -62.024  4.379 0.6000000238
120312  -8.386  -82.338  -24.681 1.0000000000
120378  -16.029  -72.407  -15.807 0.2000000030
120435  -1.000  -83.735  3.125 0.8999999762
120487  -3.573  -60.046  -0.334 0.1000000015
120560  -18.125  -79.129  -19.290 0.5000000000
120580  -8.004  -58.931  -17.059 0.2000000030
120706  -3.829  -71.143  -23.870 0.5000000000
120881  0.524  -80.927  -4.994 0.6999999881
120962  -10.853  -55.923  -14.709 0.1000000015
120981  -0.693  -84.616  -9.841 1.0000000000
121049  -12.427  -66.321  4.085 0.3000000119
121060  -11.653  -68.928  -13.911 0.1000000015
121126  0.180  -71.057  -11.992 0.1000000015
121139  -13.400  -61.043  3.198 0.5000000000
121191  -6.525  -65.834  -22.237 0.4000000060
121196  -11.369  -82.439  -21.407 1.0000000000
121334  -3.507  -63.363  -6.031 0.8000000119
121355  -8.693  -93.745  -9.337 0.8000000119
121448  -9.689  -84.414  -5.864 0.6000000238
121514  -14.008  -61.858  -12.725 0.1000000015
121515  -2.643  -85.669  -15.086 0.1000000015
121527  -10.975  -69.542  -14.749 0.1000000015
121635  0.430  -78.558  4.392 1.0000000000
121676  -9.888  -61.777  -20.088 0.2000000030
121947  -8.499  -85.468  -5.845 0.6000000238
122960  -17.749  -84.848  -22.244 0.6000000238
123103  -5.849  -73.037  -17.131 0.8000000119
123162  -17.972  -66.781  -14.505 0.1000000015
123168  -17.809  -70.947  -25.523 0.1000000015
123314  -18.477  -85.464  -23.271 0.6000000238
123396  -5.798  -90.704  -6.915 0.8000000119
123515  -17.772  -81.249  -19.399 0.6000000238
123538  -8.780  -93.278  -6.073 0.8000000119
123619  -0.776  -74.021  -20.403 0.6999999881
123643  -1.178  -85.151  -5.727 1.0000000000
123669  -8.326  -58.153  3.245 0.8999999762
123830  -4.357  -84.660  -4.182 0.6000000238
123927  -15.630  -71.736  -25.509 0.1000000015
123930  -10.667  -65.507  -17.031 0.1000000015
123996  -9.571  -65.537  -22.796 0.3000000119
124063  -8.443  -79.461  -25.173 0.8999999762
124103  -11.030  -62.751  4.310 0.5000000000
124150  -17.515  -75.458  -24.132 0.2000000030
124174  -0.433  -83.894  1.032 1.0000000000
124189  -17.042  -80.343  -22.154 0.4000000060
124190  -0.521  -67.892  4.785 0.8999999762
124204  -3.604  -81.607  -11.275 1.0000000000
124246  0.434  -83.183  -5.808 0.8999999762
124280  -9.300  -91.861  -4.153 0.8000000119
124294  -17.642  -81.947  -19.527 0.6000000238
124318  -13.536  -65.939  -14.058 0.1000000015
124496  -16.571  -72.152  -24.852 0.1000000015
124500  -4.057  -68.239  -22.065 0.5000000000
124552  -17.046  -77.767  -27.568 0.2000000030
124611  -11.950  -87.001  3.026 0.4000000060
124765  -17.939  -80.538  -19.766 0.6000000238
124855  -11.453  -62.362  -21.641 0.1000000015
124859  -3.935  -57.015  -10.739 0.6999999881
124868  -14.050  -55.655  -15.726 0.1000000015
124936  -6.029  -81.763  -0.247 0.6000000238
124978  -13.683  -86.207  -25.327 0.8000000119
125082  -5.355  -83.571  0.437 0.3000000119
125158  -26.986  -86.991  -16.138 0.6999999881
125196  -11.846  -83.554  -18.124 0.8000000119
125323  -2.208  -72.778  4.659 0.8000000119
125382  -4.385  -84.351  -3.394 0.4000000060
125412  0.375  -79.827  7.434 1.0000000000
125587  -3.650  -78.020  4.778 0.1000000015
125619  -9.242  -92.931  -5.227 0.6999999881
125654  -14.430  -65.884  3.262 0.3000000119
125663  -6.631  -76.209  -19.045 0.8000000119
125672  -5.804  -74.384  7.351 0.2000000030
125689  -3.091  -72.278  -14.877 0.8000000119
126037  -5.149  -63.019  -5.495 0.6999999881
126040  -10.561  -81.344  -24.137 1.0000000000
126211  -0.761  -70.928  8.751 0.8999999762
126289  -18.601  -57.460  2.458 0.4000000060
126389  -17.822  -87.575  -8.724 0.2000000030
126421  -6.144  -89.044  -4.179 0.4000000060
126444  -2.848  -54.696  -4.125 0.8000000119
126477  -7.633  -72.560  4.216 0.1000000015
126521  -1.981  -68.787  -17.132 0.8999999762
126547  0.015  -84.193  -7.393 0.8999999762
126730  -10.946  -73.409  -26.646 0.2000000030
126740  -8.387  -71.359  -19.433 0.4000000060
126826  -20.507  -71.213  -25.100 0.1000000015
126874  -2.742  -80.925  -7.778 0.8999999762
126970  -12.732  -81.759  -20.024 1.0000000000
127058  0.062  -77.335  9.144 0.8999999762
127205  0.014  -84.505  -10.449 0.6999999881
127218  -20.569  -81.814  -28.074 0.6999999881
127293  -5.895  -65.057  -19.984 0.4000000060
127342  -5.041  -65.355  -6.297 0.5000000000
127390  -6.406  -76.428  -18.540 0.8000000119
127470  -5.479  -72.587  -16.525 0.8000000119
127593  -13.360  -64.158  -21.849 0.2000000030
127684  -3.198  -69.662  -21.332 0.5000000000
127822  -16.196  -81.277  -15.722 0.8000000119
127840  -5.323  -70.508  -15.460 0.8000000119
127900  -0.608  -77.455  11.386 0.5000000000
127912  -9.247  -82.153  -2.761 0.1000000015
128104  -5.287  -86.631  -19.452 0.3000000119
128208  -3.194  -55.672  -3.286 0.6000000238
128275  -5.139  -63.918  2.361 0.6999999881
128344  -3.225  -66.189  -12.911 1.0000000000
128348  -5.395  -72.675  -20.129 0.6999999881
128578  -4.139  -78.905  4.396 0.2000000030
128589  -6.703  -84.779  -23.327 0.6999999881
128666  -3.869  -87.874  1.563 0.4000000060
128739  -18.412  -90.984  -14.647 0.3000000119
128787  0.059  -71.889  -17.863 0.6999999881
128789  -8.676  -82.656  -2.231 0.1000000015
128811  -9.769  -61.378  -11.256 0.2000000030
128858  -5.210  -76.037  -21.901 0.6999999881
128953  -2.502  -83.367  -3.151 0.8000000119
128962  -8.093  -92.978  -10.633 0.6000000238
128977  -13.541  -63.745  -16.310 0.1000000015
129023  -2.120  -72.210  -2.249 0.1000000015
129048  -6.295  -70.022  6.312 0.3000000119
129084  -1.089  -68.120  -17.217 1.0000000000
129115  -12.846  -68.319  1.100 0.1000000015
129168  -0.304  -73.180  -19.453 0.8000000119
129268  0.342  -80.131  4.683 1.0000000000
129275  -5.342  -83.132  -0.898 0.5000000000
129306  0.065  -77.808  -8.287 0.2000000030
129348  -17.473  -87.272  -8.472 0.2000000030
129367  -8.008  -85.791  -20.484 0.6999999881
129368  -12.467  -85.998  -20.752 0.8999999762
129442  -15.149  -77.341  -16.097 0.4000000060
129470  -6.244  -56.258  -4.529 0.2000000030
129482  -5.456  -84.602  -5.798 0.6000000238
129521  -5.743  -79.742  3.259 0.4000000060
129581  -1.472  -76.730  -2.455 0.4000000060
129612  -2.789  -63.377  -0.288 0.1000000015
129750  -0.608  -69.600  9.485 0.8999999762
129759  0.346  -80.704  -8.735 0.5000000000
129840  -3.228  -76.817  -21.847 0.6999999881
129928  -0.113  -79.811  8.888 0.6999999881
129945  -22.081  -84.814  -8.377 0.2000000030
129955  -9.905  -90.811  -3.898 0.6999999881
129968  -0.805  -83.469  3.337 0.8999999762
130033  -12.476  -83.504  -17.561 0.8999999762
130072  -3.148  -78.634  -22.945 0.6999999881
130116  -4.046  -51.764  -5.810 0.6999999881
130144  -15.733  -80.786  -26.711 0.4000000060
130164  -12.353  -65.909  -14.685 0.1000000015
130200  -2.617  -73.608  -3.485 0.1000000015
130438  -6.333  -91.433  -7.289 0.8000000119
130472  -3.547  -66.646  -19.833 0.4000000060
130494  -3.191  -73.195  12.458 0.3000000119
130557  -13.506  -84.827  -6.772 0.6000000238
130559  -14.430  -63.565  -22.051 0.1000000015
130567  -4.905  -75.112  -22.380 0.6000000238
130636  -17.651  -87.041  -6.255 0.2000000030
130680  -16.714  -81.191  -22.175 0.6000000238
130719  -10.022  -83.804  -5.929 0.6000000238
130724  -11.510  -83.874  -8.028 0.8000000119
130815  -0.729  -84.515  -9.227 1.0000000000
