#!ascii label  , from subject sub-v1s13x0050005_ses-1 vox2ras=TkReg
4125
31  -9.786  -94.051  -11.617 0.6999999881
121937  -10.884  -94.164  -11.301 0.6000000238
126875  -9.665  -93.626  -12.362 0.6000000238
37  -10.644  -93.771  -12.515 0.6999999881
33  -11.133  -94.054  -12.105 0.6000000238
34  -11.959  -94.056  -12.029 0.6000000238
75  -13.734  -93.672  -11.012 0.3000000119
203  -15.848  -92.370  -10.996 0.3000000119
115392  -14.415  -93.290  -11.651 0.5000000000
77  -15.228  -92.973  -10.806 0.3000000119
204  -16.521  -91.903  -11.245 0.3000000119
318  -18.643  -90.718  -13.411 0.4000000060
444  -18.775  -90.669  -14.199 0.4000000060
453  -19.377  -90.255  -14.538 0.6000000238
30  -9.160  -93.797  -11.228 0.8000000119
85  -9.253  -93.393  -12.169 0.8000000119
84  -8.905  -92.875  -11.974 0.8000000119
206  -9.624  -93.176  -12.400 0.8000000119
86  -10.159  -93.520  -12.587 0.6999999881
38  -11.501  -93.598  -12.800 0.6999999881
88  -12.356  -93.135  -13.403 0.8000000119
82  -13.427  -93.597  -12.202 0.5000000000
81  -12.448  -93.625  -12.740 0.6999999881
129139  -13.914  -93.374  -12.784 0.6000000238
90  -14.636  -93.124  -12.759 0.5000000000
89  -13.126  -93.282  -13.302 0.6000000238
94  -14.785  -92.934  -13.519 0.6000000238
91  -15.396  -92.685  -12.759 0.5000000000
83  -15.281  -92.814  -11.791 0.3000000119
92  -13.128  -92.873  -13.964 0.8000000119
209  -16.101  -92.249  -12.914 0.4000000060
205  -17.187  -91.449  -11.499 0.3000000119
213  -14.453  -92.562  -14.165 0.8000000119
214  -15.385  -92.507  -13.771 0.6000000238
125373  -17.540  -91.361  -13.050 0.4000000060
129848  -17.894  -91.143  -12.623 0.3000000119
95  -13.695  -92.514  -14.271 0.8999999762
218  -14.982  -92.187  -14.666 0.8000000119
215  -16.117  -92.188  -13.772 0.6000000238
219  -15.705  -92.192  -14.402 0.8000000119
321  -16.466  -91.910  -14.470 0.6999999881
317  -18.128  -91.136  -14.192 0.6000000238
220  -15.587  -91.829  -15.182 0.8999999762
452  -18.613  -90.774  -15.105 0.6999999881
116186  -16.285  -91.598  -15.491 0.8000000119
323  -17.904  -91.182  -15.190 0.6999999881
326  -16.938  -91.168  -15.935 0.8999999762
327  -17.865  -90.902  -16.107 0.8000000119
128126  -19.069  -90.480  -15.229 0.6999999881
113395  -18.912  -90.379  -16.565 0.6999999881
127686  -6.406  -90.880  -11.605 1.0000000000
296  -7.058  -91.380  -11.432 0.8000000119
423  -7.442  -90.715  -11.371 0.8999999762
282  -8.066  -91.564  -11.206 0.8999999762
297  -9.063  -92.213  -11.448 0.8000000119
200  -9.605  -92.711  -12.060 0.8999999762
207  -10.234  -93.029  -12.554 0.8999999762
114198  -11.579  -93.207  -12.974 0.8999999762
416  -10.039  -90.806  -9.873 1.0000000000
208  -12.139  -92.690  -13.131 0.8999999762
211  -12.833  -92.505  -13.730 0.8000000119
212  -13.280  -92.352  -14.082 1.0000000000
302  -18.001  -91.079  -11.806 0.3000000119
217  -14.254  -92.056  -14.558 0.8999999762
320  -14.945  -91.601  -14.891 0.8000000119
130539  -15.776  -91.534  -15.707 0.8999999762
329  -16.532  -90.879  -16.290 0.8999999762
116558  -17.215  -90.600  -16.704 0.8000000119
467  -18.147  -90.453  -17.007 0.8000000119
468  -18.777  -90.162  -17.249 0.8000000119
666  -20.153  -89.355  -17.255 0.6999999881
664  -17.905  -90.028  -17.384 0.8999999762
476  -18.455  -89.910  -17.682 0.8000000119
680  -18.966  -89.262  -17.959 0.8000000119
673  -19.637  -89.279  -17.955 0.8000000119
108178  -18.016  -89.457  -17.370 0.8999999762
679  -18.471  -89.498  -17.686 0.8999999762
620  -5.633  -89.288  -12.253 1.0000000000
1527  -6.893  -86.455  -13.323 1.0000000000
1896  -6.510  -85.935  -13.898 1.0000000000
863  -5.765  -89.013  -12.871 0.8999999762
621  -6.037  -89.659  -12.401 1.0000000000
1512  -7.481  -86.177  -12.751 1.0000000000
118509  -7.197  -90.013  -11.834 1.0000000000
864  -6.533  -89.026  -12.753 1.0000000000
615  -7.926  -89.648  -11.206 1.0000000000
414  -8.369  -90.612  -10.726 1.0000000000
125609  -8.509  -88.873  -10.778 0.8999999762
283  -9.171  -91.369  -10.625 1.0000000000
610  -8.750  -89.641  -10.408 1.0000000000
842  -8.692  -87.998  -10.826 1.0000000000
415  -9.280  -90.373  -10.091 1.0000000000
298  -9.721  -92.063  -11.349 0.8999999762
843  -9.275  -88.690  -10.240 0.8999999762
202  -11.128  -92.798  -12.628 0.8999999762
201  -10.329  -92.515  -12.009 0.8999999762
284  -10.162  -91.571  -10.425 1.0000000000
127932  -9.451  -89.575  -9.918 1.0000000000
273  -10.885  -91.100  -9.795 1.0000000000
306  -11.977  -92.054  -12.359 1.0000000000
288  -18.720  -91.104  -10.900 0.3000000119
307  -12.659  -92.009  -13.303 1.0000000000
314  -13.157  -91.926  -13.950 1.0000000000
216  -13.660  -91.971  -14.310 1.0000000000
324  -15.525  -91.232  -15.564 0.8999999762
449  -14.997  -90.856  -14.807 1.0000000000
450  -15.592  -90.647  -15.444 0.8999999762
459  -15.776  -90.958  -16.039 0.8999999762
451  -16.163  -90.369  -15.885 0.8999999762
466  -16.701  -90.516  -16.364 0.8999999762
663  -17.293  -89.995  -16.939 0.8999999762
652  -16.949  -89.570  -16.019 0.8999999762
114376  -21.965  -87.203  -18.545 0.5000000000
1262  -22.979  -86.727  -19.028 0.4000000060
909  -17.685  -89.035  -16.505 0.8999999762
118017  -18.506  -88.315  -16.609 0.8999999762
681  -19.875  -88.685  -18.089 0.8000000119
682  -20.582  -88.192  -18.095 0.8000000119
121910  -18.558  -88.967  -17.578 0.8999999762
935  -19.376  -88.586  -17.877 0.8999999762
119953  -19.985  -87.961  -18.168 0.8000000119
936  -20.416  -87.928  -18.396 0.6000000238
1235  -19.624  -87.641  -17.653 1.0000000000
1247  -19.970  -86.851  -18.380 1.0000000000
1598  -20.047  -86.401  -19.297 0.6999999881
1575  -19.436  -86.434  -17.834 1.0000000000
1584  -19.426  -86.038  -18.740 1.0000000000
111918  -19.822  -86.305  -20.307 0.6999999881
1597  -19.292  -86.088  -19.593 0.6999999881
877  -6.133  -88.398  -13.285 0.8999999762
125121  -5.723  -87.749  -13.740 1.0000000000
1511  -6.653  -87.430  -13.292 1.0000000000
113444  -6.790  -88.204  -13.001 0.8999999762
1897  -7.222  -85.632  -13.350 1.0000000000
1888  -7.868  -85.445  -12.765 1.0000000000
1178  -7.314  -87.541  -12.552 1.0000000000
1500  -7.667  -86.754  -12.284 1.0000000000
1513  -8.070  -86.051  -12.169 1.0000000000
865  -7.174  -88.387  -12.527 0.8999999762
1165  -7.794  -87.303  -11.945 0.8999999762
853  -8.047  -88.503  -11.365 0.8999999762
1501  -8.200  -86.750  -11.694 1.0000000000
109810  -8.767  -85.993  -11.517 1.0000000000
1166  -8.194  -87.564  -11.439 1.0000000000
1491  -8.863  -86.946  -10.964 1.0000000000
1154  -9.497  -87.609  -10.372 1.0000000000
299  -11.061  -92.163  -11.734 0.8999999762
303  -18.869  -90.798  -11.893 0.3000000119
119729  -19.399  -90.854  -11.334 0.3000000119
319  -14.335  -91.474  -14.446 1.0000000000
442  -14.513  -90.826  -14.052 1.0000000000
638  -15.488  -90.121  -14.626 1.0000000000
640  -16.523  -89.395  -15.253 0.8999999762
1261  -21.650  -87.201  -19.522 0.6000000238
901  -18.030  -87.986  -15.913 0.8999999762
1599  -22.456  -86.637  -20.092 0.6000000238
1222  -18.776  -87.368  -16.572 1.0000000000
121729  -20.805  -87.547  -19.099 0.6000000238
1260  -20.985  -87.493  -19.836 0.6999999881
1614  -22.099  -86.513  -21.073 0.6999999881
1615  -23.196  -86.255  -20.646 0.5000000000
1565  -19.136  -86.935  -17.065 1.0000000000
1574  -18.598  -86.248  -17.409 1.0000000000
1269  -20.820  -87.128  -20.531 0.6999999881
1270  -21.408  -87.128  -20.465 0.6999999881
127703  -21.626  -86.467  -21.567 0.6999999881
1583  -18.706  -86.029  -18.313 1.0000000000
1612  -20.361  -86.624  -20.857 0.6999999881
1613  -21.127  -86.858  -21.306 0.6999999881
117765  -21.693  -86.317  -22.182 0.5000000000
119800  -18.801  -85.985  -19.036 0.8999999762
1624  -19.752  -86.696  -21.088 0.6000000238
1625  -20.689  -86.811  -21.480 0.6000000238
1275  -21.094  -86.679  -22.146 0.6000000238
1582  -18.059  -86.253  -18.904 0.8999999762
1596  -18.604  -86.272  -19.653 0.8000000119
1623  -18.814  -86.964  -21.107 0.6999999881
1274  -20.271  -87.053  -21.864 0.6000000238
1541  -5.701  -86.284  -14.417 1.0000000000
1910  -6.099  -85.398  -14.500 1.0000000000
1526  -6.169  -86.847  -13.885 1.0000000000
2355  -7.177  -84.251  -14.248 1.0000000000
3265  -4.943  -82.538  -15.141 1.0000000000
2786  -5.996  -83.254  -15.005 1.0000000000
2354  -6.408  -84.550  -14.599 1.0000000000
2341  -7.664  -84.751  -13.470 1.0000000000
114125  -1.017  -84.303  -13.411 0.8999999762
2351  -1.405  -84.620  -14.650 1.0000000000
2364  -1.673  -84.444  -15.153 1.0000000000
3264  -4.037  -82.686  -15.282 1.0000000000
108809  -6.612  -83.723  -14.703 1.0000000000
1876  -8.587  -85.268  -12.167 1.0000000000
2784  -0.794  -83.527  -14.420 0.8999999762
3262  -2.170  -82.878  -15.389 1.0000000000
2329  -8.265  -84.828  -12.835 1.0000000000
2773  -0.586  -83.718  -13.540 0.8000000119
3247  -0.796  -82.690  -14.546 1.0000000000
3249  -2.487  -82.116  -15.186 1.0000000000
129498  -9.050  -85.349  -11.661 1.0000000000
116929  -0.490  -83.029  -13.957 0.8999999762
3248  -1.452  -82.475  -15.069 1.0000000000
3774  -2.936  -81.370  -14.756 1.0000000000
2330  -8.807  -84.561  -12.536 1.0000000000
3233  -0.405  -82.229  -13.911 1.0000000000
3773  -1.844  -81.415  -14.746 1.0000000000
601  -10.744  -89.433  -9.278 1.0000000000
119200  -10.996  -91.698  -10.595 1.0000000000
409  -10.797  -90.305  -9.370 1.0000000000
285  -11.776  -91.714  -11.033 1.0000000000
274  -11.718  -91.262  -10.009 1.0000000000
275  -12.367  -91.278  -10.358 1.0000000000
114546  -12.935  -91.506  -12.272 1.0000000000
300  -12.615  -91.477  -11.233 1.0000000000
286  -13.148  -90.859  -10.328 1.0000000000
3298  -2.795  -82.487  -19.529 1.0000000000
2825  -3.615  -83.233  -19.865 1.0000000000
308  -13.378  -91.452  -13.100 1.0000000000
436  -13.678  -90.863  -12.128 1.0000000000
121335  -3.091  -82.971  -19.957 1.0000000000
124587  -3.657  -83.412  -20.104 0.8999999762
2837  -4.019  -83.592  -20.075 1.0000000000
2400  -4.482  -84.657  -19.357 1.0000000000
315  -13.884  -91.342  -13.811 1.0000000000
309  -14.370  -90.548  -13.236 1.0000000000
437  -14.882  -89.841  -12.872 1.0000000000
2422  -4.352  -83.943  -20.189 0.8000000119
1953  -4.436  -84.716  -19.787 1.0000000000
123027  -4.469  -85.566  -18.971 1.0000000000
443  -15.118  -90.003  -13.808 1.0000000000
630  -15.944  -89.080  -13.780 1.0000000000
1976  -4.772  -84.424  -20.638 0.8999999762
1962  -4.539  -85.050  -19.946 0.8999999762
1963  -5.048  -85.688  -19.907 0.6999999881
1954  -4.632  -85.567  -19.447 0.8999999762
1577  -4.970  -86.684  -18.523 0.8999999762
639  -15.982  -89.721  -14.954 0.8999999762
1964  -5.718  -85.382  -20.593 0.6999999881
1604  -5.584  -86.231  -19.926 0.6999999881
1242  -5.229  -87.055  -18.412 0.8999999762
890  -16.506  -88.751  -14.379 1.0000000000
1605  -6.457  -86.418  -20.367 0.6999999881
916  -5.774  -87.751  -17.896 0.8000000119
900  -17.491  -88.306  -15.492 0.8999999762
1263  -5.914  -86.836  -19.683 0.6999999881
125413  -5.898  -87.271  -19.142 0.8000000119
129330  -6.082  -88.187  -17.501 1.0000000000
906  -6.795  -88.517  -16.399 1.0000000000
1214  -17.607  -87.278  -15.422 1.0000000000
1215  -18.297  -87.299  -16.043 1.0000000000
1253  -6.597  -87.340  -19.469 0.8000000119
125633  -6.744  -88.376  -18.607 0.8000000119
657  -6.698  -89.315  -17.119 1.0000000000
1564  -18.369  -86.591  -16.513 1.0000000000
1573  -17.813  -86.287  -17.070 1.0000000000
1254  -7.220  -87.414  -19.586 0.6000000238
121933  -7.150  -88.116  -19.173 0.6999999881
675  -6.710  -88.888  -18.092 0.8999999762
658  -7.130  -89.853  -16.699 1.0000000000
683  -7.272  -88.855  -18.650 0.6999999881
669  -7.177  -89.895  -17.251 0.8999999762
676  -7.379  -89.577  -18.031 1.0000000000
470  -7.920  -90.299  -17.584 1.0000000000
115256  -17.951  -86.144  -17.910 1.0000000000
1610  -18.326  -86.764  -20.365 0.8000000119
1636  -21.744  -86.503  -22.882 0.5000000000
1258  -17.310  -86.910  -19.396 0.8000000119
1268  -18.046  -87.359  -21.023 0.6999999881
1273  -19.356  -87.345  -21.890 0.6000000238
1278  -18.919  -87.891  -22.465 0.5000000000
1279  -19.410  -87.724  -22.590 0.5000000000
1909  -5.244  -85.699  -14.912 1.0000000000
2340  -6.872  -85.089  -14.017 1.0000000000
2800  -5.424  -83.571  -15.154 1.0000000000
2365  -2.912  -84.456  -15.503 1.0000000000
2799  -3.533  -83.574  -15.490 1.0000000000
3792  -4.422  -81.960  -15.044 1.0000000000
2774  -7.829  -83.959  -13.921 1.0000000000
3755  -1.186  -80.959  -14.339 1.0000000000
1877  -9.532  -85.502  -11.203 1.0000000000
600  -10.039  -89.067  -9.635 1.0000000000
1502  -9.409  -86.202  -10.898 1.0000000000
1144  -10.138  -88.139  -9.878 1.0000000000
831  -10.793  -88.567  -9.423 1.0000000000
117914  -4.095  -82.453  -18.967 1.0000000000
3301  -5.579  -83.039  -18.997 1.0000000000
411  -12.518  -90.733  -9.642 1.0000000000
602  -11.586  -89.666  -9.095 1.0000000000
3825  -2.374  -81.802  -18.884 1.0000000000
117706  -3.224  -82.070  -18.827 1.0000000000
111258  -4.935  -83.683  -19.254 1.0000000000
3299  -3.641  -82.840  -19.456 1.0000000000
2827  -5.285  -84.092  -18.971 1.0000000000
417  -13.855  -90.281  -10.180 1.0000000000
424  -14.099  -90.372  -11.043 1.0000000000
3309  -2.132  -82.217  -19.844 1.0000000000
2826  -4.234  -83.610  -19.748 1.0000000000
2402  -5.793  -84.549  -18.598 1.0000000000
1947  -5.603  -85.531  -18.143 1.0000000000
121915  -14.435  -90.166  -12.146 1.0000000000
425  -14.694  -89.535  -11.158 1.0000000000
2847  -2.993  -83.123  -20.426 0.8999999762
2848  -3.661  -83.498  -20.657 0.6999999881
2401  -4.882  -85.164  -18.803 1.0000000000
1946  -4.739  -86.098  -18.634 1.0000000000
426  -15.149  -89.272  -11.895 1.0000000000
616  -15.074  -88.932  -11.265 1.0000000000
624  -16.022  -88.356  -12.857 1.0000000000
3317  -2.445  -82.724  -20.192 0.8999999762
121632  -4.652  -84.354  -22.222 0.6000000238
127929  -5.930  -85.044  -21.431 0.5000000000
1989  -5.951  -84.916  -22.238 0.4000000060
1560  -6.658  -86.839  -16.679 1.0000000000
623  -15.542  -89.070  -12.752 1.0000000000
871  -16.095  -87.850  -12.831 1.0000000000
1194  -15.989  -87.325  -13.181 1.0000000000
1936  -5.179  -86.646  -17.977 0.8999999762
1218  -7.083  -87.519  -16.159 1.0000000000
121691  -16.503  -88.122  -13.504 1.0000000000
1195  -16.356  -87.521  -13.555 1.0000000000
1530  -15.811  -87.068  -13.661 1.0000000000
3332  -2.534  -82.737  -22.136 0.8000000119
1618  -6.806  -86.016  -21.065 0.5000000000
1228  -5.863  -87.905  -17.527 1.0000000000
882  -16.793  -88.104  -14.203 1.0000000000
1206  -16.612  -87.266  -14.243 1.0000000000
1547  -16.538  -86.860  -14.649 1.0000000000
1556  -15.846  -86.790  -15.102 1.0000000000
1209  -7.548  -88.164  -15.707 1.0000000000
1548  -17.032  -87.041  -14.829 1.0000000000
1558  -17.119  -86.686  -15.425 1.0000000000
1557  -16.387  -86.726  -15.200 1.0000000000
1606  -6.988  -86.463  -20.714 0.5000000000
895  -8.133  -88.738  -15.271 1.0000000000
646  -8.252  -89.542  -15.480 1.0000000000
1559  -17.847  -86.733  -15.858 1.0000000000
1563  -17.491  -86.493  -16.274 1.0000000000
1213  -15.377  -87.252  -15.649 1.0000000000
118373  -7.846  -90.158  -16.167 1.0000000000
1221  -17.061  -86.442  -16.821 1.0000000000
111240  -16.362  -86.775  -16.603 1.0000000000
462  -7.750  -90.413  -16.875 1.0000000000
119873  -8.478  -90.743  -16.495 1.0000000000
123418  -17.320  -86.417  -17.540 1.0000000000
1581  -17.149  -86.673  -18.412 1.0000000000
1246  -16.402  -87.303  -18.417 1.0000000000
471  -8.456  -90.842  -17.241 0.8999999762
120926  -16.596  -87.396  -19.150 0.8999999762
1285  -19.760  -87.629  -23.195 0.5000000000
1267  -17.477  -87.328  -20.341 0.6999999881
963  -17.512  -88.478  -22.522 0.6000000238
964  -18.395  -88.328  -22.808 0.6000000238
1280  -20.501  -87.245  -22.647 0.5000000000
957  -18.346  -87.799  -21.872 0.6000000238
2353  -5.644  -84.839  -15.011 1.0000000000
1922  -4.741  -85.097  -15.289 1.0000000000
126788  -4.658  -83.422  -15.315 1.0000000000
1883  -1.502  -84.582  -13.395 0.6000000238
3250  -5.884  -82.370  -14.958 1.0000000000
3251  -6.625  -82.909  -14.775 1.0000000000
2311  -0.407  -84.309  -11.603 0.4000000060
117796  -0.622  -84.012  -12.780 0.5000000000
4281  -2.365  -80.658  -14.392 1.0000000000
3775  -3.934  -81.365  -14.712 1.0000000000
2787  -7.421  -83.329  -14.421 1.0000000000
2788  -8.334  -83.318  -13.993 1.0000000000
2342  -8.473  -84.084  -13.275 1.0000000000
2745  0.100  -83.594  -11.832 0.6999999881
3777  -5.667  -81.491  -14.697 1.0000000000
2775  -9.148  -83.219  -13.411 1.0000000000
3215  0.141  -82.789  -12.405 0.6999999881
3739  0.015  -81.843  -13.030 1.0000000000
4267  -1.579  -80.410  -14.132 1.0000000000
113192  -9.355  -83.922  -12.647 1.0000000000
2316  -9.516  -84.685  -11.789 1.0000000000
3826  -4.981  -82.333  -18.768 1.0000000000
119898  -11.396  -88.931  -9.152 1.0000000000
117306  -1.890  -81.437  -18.879 0.8999999762
3812  -2.673  -81.363  -18.264 1.0000000000
3813  -4.255  -81.776  -18.459 1.0000000000
3814  -5.257  -81.518  -18.121 1.0000000000
3302  -6.598  -82.512  -18.662 1.0000000000
603  -12.597  -89.825  -9.119 1.0000000000
412  -13.358  -90.188  -9.538 1.0000000000
130406  -3.548  -81.371  -18.198 1.0000000000
418  -14.334  -89.648  -10.415 1.0000000000
3833  -1.789  -81.595  -19.393 0.8999999762
2828  -6.426  -83.557  -18.675 1.0000000000
2387  -6.632  -84.559  -17.990 1.0000000000
127933  -12.920  -89.139  -9.148 1.0000000000
2438  -5.150  -84.541  -22.815 0.4000000060
1937  -6.980  -85.152  -17.290 1.0000000000
846  -14.382  -88.817  -10.421 1.0000000000
611  -14.701  -89.064  -10.653 1.0000000000
2437  -4.117  -84.036  -21.993 0.6999999881
2440  -7.181  -84.881  -23.260 0.3000000119
1930  -7.219  -85.810  -16.690 1.0000000000
856  -14.379  -88.431  -10.956 1.0000000000
870  -15.445  -88.405  -12.045 1.0000000000
1183  -15.550  -87.704  -12.486 1.0000000000
2865  -3.001  -83.274  -22.410 0.6999999881
2867  -4.252  -84.170  -23.163 0.4000000060
1561  -7.632  -86.499  -16.006 1.0000000000
1553  -8.130  -86.773  -15.353 1.0000000000
1169  -14.989  -88.076  -11.701 1.0000000000
2866  -3.574  -83.729  -22.720 0.5000000000
1552  -7.719  -87.291  -15.608 1.0000000000
1210  -8.285  -87.659  -15.074 1.0000000000
1516  -15.440  -87.333  -13.086 1.0000000000
896  -8.872  -88.579  -14.655 1.0000000000
1545  -15.345  -87.106  -13.841 1.0000000000
635  -9.732  -89.686  -14.813 1.0000000000
647  -9.502  -90.202  -15.349 1.0000000000
1233  -15.816  -87.388  -17.146 1.0000000000
472  -9.207  -91.112  -17.019 0.8999999762
1245  -15.896  -87.694  -18.002 1.0000000000
478  -8.672  -90.671  -18.011 0.8999999762
934  -15.898  -88.092  -18.924 1.0000000000
1284  -19.074  -87.911  -24.157 0.5000000000
948  -16.685  -88.077  -20.568 0.8000000119
949  -17.316  -88.069  -21.370 0.6000000238
971  -18.392  -88.383  -23.659 0.5000000000
945  -16.217  -88.112  -19.828 0.8999999762
118083  -16.448  -88.518  -21.271 0.8000000119
117553  -16.711  -88.715  -22.903 0.6000000238
974  -17.347  -88.328  -24.939 0.6000000238
962  -15.929  -88.767  -22.833 0.5000000000
126133  -16.845  -88.658  -24.363 0.6000000238
968  -15.337  -88.650  -23.773 0.4000000060
1908  -4.263  -85.931  -15.144 1.0000000000
1920  -3.129  -85.207  -15.410 1.0000000000
2366  -4.016  -84.484  -15.493 1.0000000000
2312  -0.798  -84.318  -11.675 0.3000000119
4284  -5.282  -80.786  -14.365 1.0000000000
4285  -6.189  -80.901  -14.338 1.0000000000
2324  -0.869  -84.243  -12.461 0.3000000119
4268  -2.937  -80.058  -14.025 1.0000000000
3776  -4.820  -81.376  -14.691 1.0000000000
123898  -7.132  -82.445  -14.554 1.0000000000
3252  -7.967  -82.572  -14.267 1.0000000000
2294  0.023  -84.240  -11.191 0.5000000000
121490  -2.125  -80.041  -13.996 1.0000000000
3234  -8.817  -82.539  -13.925 1.0000000000
117743  0.290  -83.500  -11.100 0.6999999881
3754  -0.546  -81.287  -13.819 1.0000000000
3235  -9.691  -82.371  -13.461 1.0000000000
3725  0.268  -81.906  -12.023 0.6999999881
3726  0.135  -81.224  -12.396 0.8000000119
2331  -10.125  -83.857  -12.056 1.0000000000
1878  -10.440  -84.981  -10.887 1.0000000000
121188  -10.542  -86.573  -10.146 1.0000000000
3815  -6.226  -81.308  -17.937 1.0000000000
3827  -5.952  -82.077  -18.608 1.0000000000
1145  -10.964  -87.724  -9.664 1.0000000000
2300  -11.538  -84.560  -10.682 1.0000000000
4327  -2.294  -80.693  -17.657 0.8999999762
3824  -1.352  -80.976  -18.921 0.8999999762
4328  -3.298  -80.717  -17.699 1.0000000000
4329  -4.422  -80.872  -17.730 1.0000000000
4330  -5.553  -80.796  -17.403 1.0000000000
2817  -7.362  -83.617  -18.047 1.0000000000
2388  -7.538  -84.363  -17.453 1.0000000000
3838  -1.616  -81.565  -20.097 0.8999999762
2439  -6.053  -84.628  -23.395 0.4000000060
2377  -7.694  -84.929  -16.784 1.0000000000
2378  -8.382  -84.688  -16.426 1.0000000000
123266  -13.938  -88.942  -9.787 1.0000000000
845  -13.813  -88.544  -10.204 1.0000000000
1931  -8.015  -85.487  -16.196 1.0000000000
1932  -8.620  -85.131  -15.853 1.0000000000
869  -14.262  -88.114  -11.597 1.0000000000
2450  -5.121  -84.197  -23.929 0.4000000060
112481  -9.008  -85.922  -14.818 1.0000000000
3347  -2.973  -82.403  -23.214 0.4000000060
1554  -8.657  -86.667  -14.848 1.0000000000
1202  -9.041  -87.476  -14.395 1.0000000000
1182  -14.913  -87.645  -12.312 1.0000000000
2879  -4.499  -83.545  -24.167 0.3000000119
111286  -9.619  -88.213  -13.981 1.0000000000
1205  -14.658  -87.375  -14.198 1.0000000000
885  -9.642  -89.054  -14.405 1.0000000000
886  -10.388  -88.740  -13.798 1.0000000000
636  -10.340  -89.429  -14.512 1.0000000000
637  -11.071  -89.264  -14.152 1.0000000000
648  -10.246  -90.048  -15.068 1.0000000000
649  -10.989  -89.799  -14.911 1.0000000000
908  -14.357  -88.509  -16.405 1.0000000000
1219  -15.125  -87.868  -16.637 1.0000000000
120174  -15.759  -87.172  -16.372 1.0000000000
923  -15.276  -88.159  -17.610 1.0000000000
330  -9.034  -91.045  -17.672 0.8999999762
932  -14.834  -88.876  -18.178 1.0000000000
933  -15.411  -88.354  -18.345 1.0000000000
678  -14.400  -89.620  -18.910 1.0000000000
943  -15.180  -88.887  -18.975 1.0000000000
944  -15.521  -88.727  -19.758 1.0000000000
687  -14.170  -90.002  -19.935 1.0000000000
688  -14.872  -89.375  -19.750 0.8000000119
955  -15.653  -88.831  -21.820 0.6000000238
1290  -17.000  -87.872  -25.721 0.3000000119
127746  -16.624  -88.327  -25.107 0.5000000000
694  -15.176  -89.118  -20.371 0.6000000238
973  -15.867  -88.460  -24.691 0.4000000060
961  -14.938  -88.748  -22.881 0.5000000000
4825  -4.349  -79.579  -13.464 1.0000000000
4270  -4.832  -80.169  -13.934 1.0000000000
4272  -6.664  -80.368  -13.820 1.0000000000
120782  -0.228  -84.475  -10.953 0.4000000060
4824  -3.375  -79.517  -13.542 1.0000000000
4283  -4.379  -80.734  -14.362 1.0000000000
3779  -7.525  -81.801  -14.295 1.0000000000
4822  -1.415  -79.751  -13.592 1.0000000000
3757  -8.380  -81.891  -14.057 1.0000000000
3758  -9.192  -81.812  -13.715 1.0000000000
4238  0.121  -80.560  -12.100 0.8999999762
4266  -0.885  -80.464  -13.750 1.0000000000
2763  -10.167  -83.028  -12.658 1.0000000000
1865  -10.303  -85.906  -10.513 1.0000000000
2764  -11.013  -83.364  -11.755 1.0000000000
3828  -6.731  -81.791  -18.421 1.0000000000
2317  -10.694  -84.176  -11.332 1.0000000000
3303  -7.319  -81.971  -18.404 1.0000000000
1866  -11.333  -85.364  -10.381 1.0000000000
4326  -1.545  -80.564  -17.710 0.8999999762
4310  -1.778  -80.191  -16.888 0.8999999762
127873  -6.506  -80.694  -17.233 1.0000000000
4866  -3.494  -79.495  -16.627 1.0000000000
4312  -3.944  -80.140  -17.078 1.0000000000
4313  -4.949  -80.229  -16.894 1.0000000000
125155  -6.645  -80.230  -16.600 1.0000000000
1146  -11.752  -87.425  -9.734 1.0000000000
4868  -5.360  -79.669  -16.278 1.0000000000
4869  -6.242  -79.745  -16.128 1.0000000000
112061  -7.140  -79.856  -16.146 1.0000000000
2818  -8.142  -83.586  -17.498 1.0000000000
126560  -8.097  -84.265  -16.957 1.0000000000
833  -12.291  -88.872  -9.113 1.0000000000
834  -13.188  -88.641  -9.513 1.0000000000
2379  -9.057  -84.461  -15.998 1.0000000000
1147  -12.407  -88.057  -9.612 1.0000000000
3316  -2.015  -82.170  -20.800 0.8000000119
2452  -6.827  -84.465  -24.053 0.3000000119
844  -12.974  -88.079  -10.234 1.0000000000
3857  -2.558  -81.698  -22.964 0.4000000060
1542  -9.316  -86.494  -14.337 1.0000000000
854  -13.009  -87.919  -11.066 1.0000000000
1181  -13.994  -87.885  -12.274 1.0000000000
867  -12.764  -87.902  -11.827 1.0000000000
3348  -3.811  -82.024  -23.824 0.4000000060
114836  -9.755  -87.233  -13.834 1.0000000000
878  -10.961  -88.308  -13.168 1.0000000000
116500  -13.003  -88.093  -12.353 1.0000000000
881  -13.477  -88.030  -13.056 1.0000000000
1193  -14.610  -87.477  -13.162 1.0000000000
887  -11.133  -88.812  -13.516 1.0000000000
1204  -13.988  -87.838  -13.808 1.0000000000
1211  -13.987  -87.994  -14.639 1.0000000000
111330  -14.731  -87.883  -15.881 1.0000000000
464  -10.940  -90.643  -16.221 1.0000000000
650  -11.804  -89.437  -14.810 1.0000000000
473  -10.095  -91.232  -17.461 0.8999999762
110496  -10.929  -91.072  -17.110 1.0000000000
660  -11.664  -90.045  -15.733 1.0000000000
921  -13.881  -89.236  -16.966 1.0000000000
334  -10.134  -91.285  -18.191 0.8999999762
332  -10.835  -91.356  -17.956 0.8999999762
672  -14.140  -89.438  -17.890 1.0000000000
922  -14.593  -88.687  -17.296 1.0000000000
333  -9.455  -90.957  -18.403 0.8000000119
677  -13.723  -90.049  -18.420 1.0000000000
698  -13.948  -89.310  -21.563 0.6000000238
1297  -16.643  -87.145  -26.172 0.3000000119
693  -14.557  -89.538  -20.576 0.6999999881
954  -14.533  -88.917  -22.106 0.5000000000
967  -14.399  -88.320  -23.725 0.5000000000
972  -14.829  -88.097  -24.551 0.4000000060
4809  -5.765  -79.167  -12.836 1.0000000000
4827  -6.222  -79.730  -13.364 1.0000000000
4826  -5.291  -79.653  -13.406 1.0000000000
4271  -5.748  -80.247  -13.896 1.0000000000
4273  -7.570  -80.536  -13.702 1.0000000000
2732  0.284  -83.862  -10.309 0.5000000000
4807  -3.824  -78.986  -12.995 1.0000000000
4808  -4.813  -79.068  -12.907 1.0000000000
3756  -7.965  -81.212  -13.992 1.0000000000
4805  -1.748  -78.973  -13.132 1.0000000000
127522  -8.672  -81.367  -13.751 1.0000000000
3193  0.474  -82.786  -10.638 0.6000000238
108832  -0.299  -79.926  -12.530 1.0000000000
4806  -2.785  -78.893  -13.126 1.0000000000
3713  0.470  -81.746  -11.054 0.6999999881
3219  -11.344  -82.475  -12.199 1.0000000000
113797  -11.218  -86.149  -10.121 1.0000000000
4878  -0.952  -80.198  -17.173 0.8999999762
120204  -1.705  -79.583  -16.412 0.8999999762
4315  -7.460  -80.432  -17.010 1.0000000000
128679  -8.345  -82.980  -17.704 1.0000000000
1493  -11.134  -86.908  -9.870 1.0000000000
1867  -11.995  -85.741  -10.235 1.0000000000
2301  -12.214  -85.015  -10.431 1.0000000000
5388  -3.960  -78.927  -16.166 1.0000000000
1156  -12.296  -87.285  -10.127 1.0000000000
1494  -11.850  -86.573  -10.033 1.0000000000
4343  -1.150  -80.944  -19.568 0.8999999762
4856  -6.701  -79.187  -15.588 1.0000000000
1495  -12.294  -86.255  -10.525 1.0000000000
120160  -1.576  -81.190  -21.181 0.8000000119
5390  -5.758  -79.109  -15.747 1.0000000000
2369  -9.827  -84.254  -15.478 1.0000000000
4370  -1.841  -80.533  -22.355 0.5000000000
1924  -9.239  -85.154  -15.258 1.0000000000
1911  -9.654  -85.622  -14.481 1.0000000000
1168  -12.540  -87.291  -10.723 1.0000000000
2451  -6.057  -84.076  -24.466 0.4000000060
1543  -10.001  -86.224  -13.810 1.0000000000
1180  -12.679  -87.538  -11.374 1.0000000000
3867  -3.283  -81.293  -24.072 0.4000000060
1528  -10.457  -86.966  -13.258 1.0000000000
2880  -5.465  -83.384  -24.868 0.3000000119
1203  -10.313  -87.909  -13.413 1.0000000000
880  -12.454  -88.396  -13.105 1.0000000000
879  -11.632  -88.472  -13.091 1.0000000000
888  -11.906  -88.926  -13.830 1.0000000000
889  -13.076  -88.456  -14.005 1.0000000000
651  -12.657  -89.399  -15.629 1.0000000000
899  -14.128  -88.267  -15.543 1.0000000000
898  -13.333  -88.675  -15.110 1.0000000000
465  -11.863  -90.577  -16.799 1.0000000000
336  -10.171  -91.083  -18.964 0.8999999762
337  -10.843  -91.140  -19.278 0.8999999762
692  -13.742  -89.946  -20.841 0.8999999762
1283  -13.940  -87.400  -24.416 0.4000000060
1288  -14.391  -87.109  -25.210 0.4000000060
2278  -0.335  -84.462  -9.242 0.1000000015
5333  -7.203  -78.842  -12.189 1.0000000000
2277  0.035  -84.437  -9.598 0.3000000119
4810  -6.702  -79.273  -12.777 1.0000000000
5330  -4.296  -78.480  -12.382 1.0000000000
4829  -8.068  -80.081  -13.149 1.0000000000
116545  0.498  -81.946  -10.070 0.6000000238
5329  -3.253  -78.353  -12.550 1.0000000000
4274  -8.451  -80.757  -13.545 1.0000000000
4804  -0.864  -79.272  -12.838 1.0000000000
5327  -1.142  -78.438  -12.612 1.0000000000
4255  -9.021  -80.305  -13.045 1.0000000000
4275  -9.422  -81.046  -13.393 1.0000000000
3759  -10.176  -81.610  -13.328 1.0000000000
4237  0.310  -80.642  -11.100 0.8000000119
4276  -10.590  -80.921  -13.065 1.0000000000
123672  -10.632  -82.180  -13.041 1.0000000000
4331  -8.028  -80.877  -17.575 1.0000000000
2765  -12.113  -83.040  -11.621 1.0000000000
4337  -0.894  -80.400  -18.448 0.8999999762
4325  -0.475  -80.021  -17.802 0.8999999762
4864  -1.053  -79.747  -16.557 0.8999999762
3817  -8.074  -81.587  -17.924 1.0000000000
2749  -11.794  -83.788  -11.105 1.0000000000
5387  -3.021  -78.912  -16.253 1.0000000000
5389  -4.862  -79.025  -15.940 1.0000000000
2750  -12.689  -83.602  -11.290 1.0000000000
109741  -0.154  -79.852  -18.776 0.8000000119
5376  -6.192  -78.404  -15.401 1.0000000000
2808  -8.741  -83.048  -17.347 1.0000000000
2318  -12.453  -84.335  -10.825 1.0000000000
118682  -0.825  -80.432  -19.089 0.8000000119
4348  -1.078  -80.655  -20.480 0.6999999881
110472  -8.736  -83.832  -16.743 1.0000000000
2801  -9.526  -83.663  -16.217 1.0000000000
1879  -12.632  -85.617  -10.887 1.0000000000
3856  -2.360  -80.844  -22.958 0.3000000119
1925  -10.131  -84.828  -14.760 1.0000000000
1912  -10.469  -85.356  -14.058 1.0000000000
1167  -12.435  -87.048  -11.351 1.0000000000
1529  -11.233  -86.646  -12.669 1.0000000000
1179  -12.284  -87.600  -12.001 1.0000000000
1191  -11.018  -87.561  -12.843 1.0000000000
1192  -11.601  -87.926  -12.592 1.0000000000
866  -12.229  -88.121  -12.505 1.0000000000
897  -12.556  -89.030  -14.662 1.0000000000
661  -12.427  -89.985  -16.345 1.0000000000
662  -13.111  -89.627  -16.600 1.0000000000
474  -11.647  -91.060  -17.733 1.0000000000
475  -12.465  -90.598  -17.651 1.0000000000
670  -12.666  -90.170  -16.990 1.0000000000
907  -13.594  -88.958  -16.057 1.0000000000
479  -11.433  -91.247  -18.619 1.0000000000
481  -12.926  -90.593  -18.555 1.0000000000
671  -13.324  -90.009  -17.565 1.0000000000
128569  -11.498  -91.142  -19.420 1.0000000000
480  -12.172  -91.083  -19.095 0.8999999762
121277  -12.766  -90.792  -19.636 0.8999999762
487  -13.585  -90.292  -19.272 0.8999999762
129269  -10.335  -89.432  -20.870 0.8000000119
492  -13.300  -90.395  -20.239 0.8999999762
697  -13.108  -89.488  -21.513 0.6999999881
119327  -13.664  -88.748  -22.328 0.6000000238
966  -13.577  -87.792  -23.574 0.5000000000
1282  -13.116  -86.725  -24.164 0.5000000000
1647  -13.355  -86.161  -25.248 0.4000000060
110017  -0.207  -84.335  -8.845 0.2000000030
2706  0.161  -83.931  -7.989 0.2000000030
2722  0.310  -83.756  -9.347 0.3000000119
3173  0.415  -83.098  -7.902 0.3000000119
5331  -5.299  -78.599  -12.288 1.0000000000
5317  -6.769  -78.346  -11.661 1.0000000000
5318  -7.686  -78.540  -11.511 1.0000000000
126974  0.455  -82.920  -9.116 0.5000000000
5316  -5.841  -78.170  -11.699 1.0000000000
4812  -8.595  -79.665  -12.509 1.0000000000
5853  -3.734  -77.847  -11.938 1.0000000000
5314  -1.887  -77.645  -12.119 1.0000000000
4256  -9.896  -80.518  -12.964 1.0000000000
3702  0.395  -81.122  -9.446 0.6999999881
4226  0.313  -80.396  -10.098 0.8000000119
4788  0.066  -79.824  -11.718 1.0000000000
4774  -0.110  -78.924  -11.484 1.0000000000
5312  -0.699  -78.066  -11.827 1.0000000000
4773  0.230  -79.704  -10.776 1.0000000000
3740  -11.442  -81.541  -12.847 1.0000000000
3220  -12.469  -82.219  -12.193 1.0000000000
5386  -2.018  -78.987  -16.098 1.0000000000
5373  -3.409  -78.427  -15.766 1.0000000000
3279  -9.263  -82.320  -17.175 1.0000000000
3206  -12.827  -82.970  -11.719 1.0000000000
4887  0.136  -79.421  -19.624 0.6999999881
5375  -5.280  -78.369  -15.587 1.0000000000
2751  -13.082  -83.454  -11.743 1.0000000000
4857  -7.709  -79.371  -15.519 1.0000000000
2332  -13.140  -84.130  -11.974 1.0000000000
4917  -1.666  -79.411  -22.796 0.5000000000
111551  -10.729  -84.095  -14.983 1.0000000000
110433  -12.900  -85.037  -11.462 1.0000000000
1898  -11.877  -85.600  -12.834 1.0000000000
113841  -12.476  -85.600  -12.072 1.0000000000
1515  -12.437  -86.190  -11.472 1.0000000000
2356  -11.748  -84.500  -13.980 1.0000000000
1913  -11.354  -85.091  -13.653 1.0000000000
1889  -11.944  -86.270  -12.194 1.0000000000
1514  -11.863  -87.091  -12.141 1.0000000000
127348  -12.166  -90.988  -18.324 1.0000000000
490  -11.352  -90.378  -20.678 0.8999999762
491  -12.337  -90.544  -20.565 0.8999999762
111062  0.455  -82.474  -7.173 0.4000000060
118852  -4.820  -77.379  -11.057 1.0000000000
5848  -6.413  -77.769  -11.145 1.0000000000
4811  -7.634  -79.446  -12.654 1.0000000000
3692  0.428  -81.494  -8.519 0.5000000000
3179  0.454  -82.495  -8.569 0.5000000000
5846  -4.085  -77.358  -11.292 1.0000000000
4790  -8.136  -79.043  -12.019 1.0000000000
130147  0.262  -80.210  -9.256 0.5000000000
5852  -2.720  -77.741  -12.103 1.0000000000
5845  -3.152  -77.290  -11.507 1.0000000000
4791  -9.089  -79.345  -11.754 1.0000000000
126916  -1.261  -77.337  -11.683 1.0000000000
4813  -9.722  -79.930  -12.359 1.0000000000
5285  0.164  -78.838  -10.462 0.8999999762
5299  -0.071  -78.059  -10.950 1.0000000000
4792  -10.152  -79.556  -11.474 1.0000000000
4257  -10.750  -80.382  -12.522 1.0000000000
109171  -11.662  -80.703  -12.713 1.0000000000
3741  -12.292  -81.252  -12.813 1.0000000000
4316  -8.458  -80.418  -17.067 1.0000000000
3818  -8.710  -81.025  -17.470 1.0000000000
3221  -13.041  -82.689  -12.203 1.0000000000
5374  -4.358  -78.351  -15.698 1.0000000000
5903  -5.673  -77.686  -15.282 1.0000000000
5377  -7.232  -78.384  -14.978 1.0000000000
4906  -0.634  -79.155  -21.403 0.5000000000
5904  -6.454  -77.697  -15.074 1.0000000000
2802  -10.416  -83.343  -15.684 1.0000000000
2344  -12.906  -84.052  -12.902 1.0000000000
4907  -1.239  -78.972  -22.309 0.5000000000
2371  -11.609  -84.016  -14.458 1.0000000000
2357  -12.361  -84.014  -13.801 1.0000000000
4371  -2.443  -79.974  -23.321 0.4000000060
2343  -12.225  -84.693  -13.319 1.0000000000
1899  -12.756  -84.858  -12.441 1.0000000000
4183  0.415  -80.771  -6.441 0.4000000060
3659  0.454  -81.464  -6.764 0.4000000060
5835  -6.082  -77.253  -10.549 1.0000000000
5300  -8.173  -78.244  -10.805 1.0000000000
5301  -9.086  -78.513  -10.463 1.0000000000
4750  0.229  -80.050  -8.476 0.6000000238
4194  0.347  -80.715  -8.029 0.5000000000
4764  0.122  -78.455  -8.860 0.8000000119
125894  0.180  -77.250  -9.113 0.8999999762
6364  0.112  -76.250  -8.803 1.0000000000
6405  -3.507  -76.853  -10.895 1.0000000000
4777  -9.578  -79.080  -10.927 1.0000000000
125872  0.192  -78.871  -9.620 0.8999999762
5286  0.168  -77.964  -9.955 0.8999999762
5819  0.001  -77.054  -9.959 1.0000000000
128261  -0.374  -76.594  -10.006 1.0000000000
6394  -1.143  -76.334  -10.678 1.0000000000
6404  -2.574  -76.790  -11.051 1.0000000000
4763  0.180  -79.423  -9.028 0.6999999881
6393  -0.589  -76.802  -10.496 1.0000000000
4870  -8.098  -79.960  -16.303 1.0000000000
4793  -11.277  -79.659  -11.273 1.0000000000
4240  -11.764  -80.017  -12.091 1.0000000000
4859  -9.694  -79.525  -15.968 1.0000000000
4258  -12.253  -80.375  -12.713 1.0000000000
4871  -9.036  -79.930  -16.539 1.0000000000
4318  -10.517  -80.449  -16.456 1.0000000000
4860  -10.507  -79.759  -16.046 1.0000000000
3742  -12.396  -80.941  -13.113 1.0000000000
4882  0.125  -79.440  -17.868 0.6999999881
5384  -0.128  -78.868  -16.424 0.8999999762
117543  -9.252  -80.517  -17.013 1.0000000000
3806  -11.088  -80.952  -16.251 1.0000000000
112615  -12.860  -81.804  -12.845 1.0000000000
5420  0.401  -79.064  -18.883 0.6999999881
5901  -3.675  -77.736  -15.253 1.0000000000
3804  -9.496  -81.289  -17.140 1.0000000000
3805  -10.343  -81.143  -16.696 1.0000000000
120493  -10.803  -81.665  -16.313 1.0000000000
3794  -11.902  -80.880  -15.619 1.0000000000
5902  -4.790  -77.689  -15.335 1.0000000000
117572  -10.073  -81.944  -16.709 1.0000000000
3281  -11.248  -82.072  -15.810 1.0000000000
112459  -11.943  -81.779  -15.368 1.0000000000
3269  -12.657  -81.838  -14.538 1.0000000000
3253  -12.886  -82.550  -13.964 1.0000000000
3236  -13.103  -82.542  -12.999 1.0000000000
5892  -7.409  -77.391  -14.550 1.0000000000
2810  -9.865  -82.829  -16.491 1.0000000000
3267  -11.186  -82.696  -15.506 1.0000000000
3268  -12.025  -82.567  -14.913 1.0000000000
2789  -12.284  -83.337  -14.332 1.0000000000
2790  -12.903  -83.299  -13.408 1.0000000000
4372  -3.230  -80.065  -23.563 0.3000000119
2803  -11.376  -83.369  -15.017 1.0000000000
110981  0.399  -80.441  -5.749 0.4000000060
4711  0.230  -79.583  -5.665 0.4000000060
126868  -6.623  -76.912  -10.017 1.0000000000
5836  -7.786  -77.648  -10.358 1.0000000000
109707  0.260  -79.961  -6.628 0.5000000000
128280  -3.753  -76.537  -10.331 1.0000000000
6396  -4.402  -76.890  -10.604 1.0000000000
110368  -4.985  -76.682  -10.048 1.0000000000
5837  -8.651  -77.919  -10.040 1.0000000000
4723  0.099  -79.033  -6.382 0.5000000000
4736  0.117  -79.208  -7.286 0.6000000238
5280  0.065  -78.500  -7.856 0.8000000119
116880  -0.444  -75.770  -9.292 1.0000000000
7002  -1.376  -75.835  -10.115 1.0000000000
127335  -3.502  -76.117  -9.766 1.0000000000
6380  -4.336  -76.424  -9.851 1.0000000000
6395  -1.984  -76.311  -10.560 1.0000000000
115320  -2.968  -76.376  -10.437 1.0000000000
7003  -2.397  -75.860  -9.788 1.0000000000
4794  -12.211  -79.517  -11.301 1.0000000000
4241  -12.394  -79.686  -12.158 1.0000000000
4858  -8.737  -79.485  -15.720 1.0000000000
5380  -10.511  -79.112  -15.380 1.0000000000
4861  -11.757  -79.584  -15.355 1.0000000000
4287  -12.746  -80.547  -14.061 1.0000000000
3760  -12.674  -80.981  -13.462 1.0000000000
5942  0.245  -78.089  -18.999 0.6999999881
5914  0.101  -78.172  -17.048 0.6999999881
5371  -1.111  -78.908  -15.654 1.0000000000
5372  -1.832  -78.518  -15.452 1.0000000000
5900  -2.641  -78.159  -15.297 1.0000000000
5378  -8.380  -78.895  -14.944 1.0000000000
5360  -9.078  -78.553  -14.372 1.0000000000
5379  -9.440  -79.049  -15.155 1.0000000000
4301  -12.014  -80.160  -15.395 1.0000000000
4302  -12.533  -80.494  -14.876 1.0000000000
117055  -0.459  -78.050  -20.568 0.5000000000
5434  0.158  -78.660  -19.969 0.5000000000
124644  -5.607  -76.579  -14.827 1.0000000000
5891  -6.680  -77.105  -14.826 1.0000000000
3795  -12.499  -81.219  -15.019 1.0000000000
3780  -12.777  -81.143  -14.254 1.0000000000
5446  -0.911  -78.730  -21.685 0.5000000000
5359  -8.145  -78.161  -14.358 1.0000000000
112324  -12.986  -81.805  -13.609 1.0000000000
4918  -2.513  -79.204  -23.248 0.5000000000
4919  -3.162  -79.118  -23.147 0.3000000119
113366  0.385  -80.086  -4.909 0.4000000060
4160  0.463  -80.579  -4.304 0.4000000060
3645  0.513  -81.396  -5.823 0.4000000060
121238  -0.399  -75.701  -6.270 0.6999999881
6336  -0.224  -75.901  -7.000 0.8000000119
119217  -0.112  -75.146  -7.658 0.8000000119
6397  -5.830  -76.707  -9.754 1.0000000000
5820  -7.372  -77.060  -9.793 1.0000000000
5261  -0.035  -78.224  -6.201 0.6000000238
112317  -0.158  -76.927  -7.099 0.8000000119
109370  -0.251  -75.446  -8.502 1.0000000000
6381  -5.090  -76.385  -9.264 1.0000000000
5821  -8.224  -77.357  -9.519 1.0000000000
117227  -0.013  -77.750  -7.522 0.8000000119
5795  0.030  -77.017  -8.123 0.8000000119
128485  -0.924  -75.540  -9.661 1.0000000000
6996  -4.264  -75.938  -8.973 1.0000000000
6365  -6.019  -76.333  -8.546 1.0000000000
6382  -6.779  -76.651  -9.163 1.0000000000
5822  -9.093  -77.590  -9.235 1.0000000000
5287  -9.561  -78.200  -9.598 1.0000000000
5302  -10.100  -78.799  -10.077 1.0000000000
6993  -1.525  -75.409  -9.445 1.0000000000
6384  -8.663  -77.124  -8.852 1.0000000000
5823  -10.010  -77.693  -8.909 1.0000000000
5288  -10.572  -78.342  -9.347 1.0000000000
5303  -11.162  -79.008  -9.835 1.0000000000
4779  -11.740  -79.348  -10.499 1.0000000000
5839  -12.203  -77.962  -10.040 1.0000000000
5290  -12.048  -78.375  -9.796 1.0000000000
5304  -12.017  -78.959  -9.955 1.0000000000
6399  -12.077  -77.660  -11.127 1.0000000000
5856  -12.483  -78.370  -11.485 1.0000000000
5320  -12.655  -78.835  -11.056 1.0000000000
4795  -12.612  -79.185  -11.511 1.0000000000
5342  -11.852  -78.159  -12.925 1.0000000000
5334  -12.448  -78.465  -12.229 1.0000000000
5343  -12.564  -78.899  -12.910 1.0000000000
4815  -12.581  -79.397  -12.362 1.0000000000
4259  -12.501  -80.157  -12.939 1.0000000000
124939  0.107  -77.403  -17.433 0.6999999881
5907  0.054  -78.150  -15.969 0.8999999762
5899  -0.984  -78.336  -14.981 1.0000000000
118047  -1.800  -78.110  -14.899 1.0000000000
5854  -11.062  -77.565  -12.345 1.0000000000
5341  -10.829  -78.328  -14.008 1.0000000000
120533  -11.111  -78.667  -14.724 1.0000000000
4830  -12.585  -79.657  -13.248 1.0000000000
112652  -0.169  -77.566  -19.927 0.6999999881
113996  -2.522  -77.570  -14.681 1.0000000000
5888  -3.487  -77.150  -14.702 1.0000000000
5894  -9.702  -78.148  -13.744 1.0000000000
108764  -10.140  -78.624  -14.590 1.0000000000
123490  -12.326  -79.792  -15.005 1.0000000000
6451  -4.867  -76.396  -14.627 1.0000000000
6452  -6.246  -76.483  -14.764 1.0000000000
116757  -8.776  -78.013  -13.904 1.0000000000
110971  -9.678  -77.566  -13.169 1.0000000000
5454  -1.584  -78.340  -22.193 0.5000000000
6453  -6.993  -76.496  -14.581 1.0000000000
5893  -8.195  -77.433  -13.954 1.0000000000
5869  -8.942  -77.504  -13.481 1.0000000000
5235  0.171  -79.243  -4.789 0.4000000060
124662  -0.194  -74.986  -6.808 0.8000000119
5772  -0.185  -77.922  -5.424 0.5000000000
110595  -0.222  -77.412  -6.164 0.6000000238
6326  -0.357  -76.508  -6.193 0.6999999881
7554  -0.894  -74.068  -7.595 1.0000000000
7570  -1.187  -74.547  -8.306 1.0000000000
7571  -2.148  -74.892  -8.217 1.0000000000
6997  -5.163  -76.046  -8.467 1.0000000000
6366  -7.036  -76.303  -8.219 1.0000000000
6383  -7.836  -76.770  -8.775 1.0000000000
6994  -2.272  -75.390  -8.974 1.0000000000
6995  -3.191  -75.697  -9.056 1.0000000000
6367  -8.752  -76.598  -8.384 1.0000000000
6368  -9.720  -76.397  -8.556 1.0000000000
121699  -10.949  -77.571  -8.953 1.0000000000
5838  -11.807  -77.293  -9.916 1.0000000000
6398  -11.678  -77.044  -10.587 1.0000000000
108340  0.015  -77.031  -19.058 0.6999999881
6472  0.097  -77.213  -16.690 0.6999999881
112086  -3.887  -76.581  -14.404 1.0000000000
6407  -11.257  -77.154  -11.456 1.0000000000
6431  -4.283  -76.065  -14.101 1.0000000000
7046  -5.671  -76.020  -14.548 1.0000000000
6435  -10.090  -77.273  -12.640 1.0000000000
5965  -1.135  -77.956  -21.399 0.5000000000
7048  -7.293  -75.834  -14.245 1.0000000000
5456  -2.724  -78.533  -22.939 0.4000000060
5980  -2.816  -77.805  -22.375 0.3000000119
6432  -7.923  -76.011  -13.863 1.0000000000
6433  -8.402  -76.678  -13.639 1.0000000000
4361  -4.827  -81.202  -21.593 0.2000000030
4362  -5.761  -81.167  -21.296 0.1000000015
4697  0.283  -79.819  -3.951 0.3000000119
8129  -0.859  -73.334  -5.195 0.8999999762
8130  -0.974  -72.888  -5.495 0.8999999762
8145  -1.774  -73.076  -6.439 1.0000000000
8756  -2.469  -72.652  -5.992 1.0000000000
8146  -2.772  -73.282  -6.400 1.0000000000
4698  0.002  -78.847  -3.977 0.4000000060
6923  -0.980  -75.776  -4.274 0.8000000119
6954  -0.495  -74.990  -5.949 0.8999999762
7544  -0.443  -74.189  -6.450 0.8999999762
8143  -0.682  -73.377  -6.001 0.8999999762
8160  -2.186  -73.889  -6.851 1.0000000000
110317  -4.190  -74.317  -6.534 1.0000000000
5759  -0.387  -77.612  -4.625 0.6000000238
6316  -0.632  -75.991  -5.370 0.6999999881
6963  -0.468  -74.419  -7.273 0.8999999762
8158  -0.728  -73.705  -6.800 1.0000000000
7556  -2.641  -74.621  -7.313 1.0000000000
8161  -3.190  -74.175  -6.664 1.0000000000
7555  -1.606  -74.250  -7.560 1.0000000000
7572  -3.159  -75.202  -7.784 1.0000000000
7557  -3.622  -74.912  -7.061 1.0000000000
6965  -4.608  -75.131  -6.924 1.0000000000
6966  -5.471  -75.312  -7.094 1.0000000000
6982  -5.732  -75.897  -7.668 1.0000000000
6964  -3.958  -75.393  -7.512 1.0000000000
6983  -6.494  -76.025  -7.713 1.0000000000
108791  -7.960  -76.117  -8.008 1.0000000000
6979  -2.891  -75.398  -8.454 1.0000000000
6981  -4.693  -75.698  -7.805 1.0000000000
6987  -10.367  -75.911  -8.882 1.0000000000
6386  -11.319  -76.948  -9.329 1.0000000000
6385  -10.656  -76.711  -8.822 1.0000000000
125480  -11.401  -76.279  -9.926 1.0000000000
5898  -0.266  -77.991  -15.165 1.0000000000
5886  -0.683  -77.544  -14.614 1.0000000000
6449  -1.919  -77.180  -14.094 1.0000000000
6450  -2.880  -76.853  -14.193 1.0000000000
6415  -10.483  -77.039  -12.045 1.0000000000
6406  -11.124  -76.274  -10.854 1.0000000000
5951  -0.697  -77.119  -20.913 0.5000000000
7034  -5.807  -75.353  -14.099 1.0000000000
7047  -6.481  -75.833  -14.455 1.0000000000
6434  -9.204  -76.779  -12.997 1.0000000000
5979  -2.457  -77.369  -22.340 0.5000000000
7035  -6.746  -75.081  -13.951 1.0000000000
7036  -7.692  -75.274  -13.768 1.0000000000
121833  -8.534  -75.737  -13.348 1.0000000000
6414  -9.897  -76.542  -12.359 1.0000000000
5435  -3.436  -78.538  -21.491 0.2000000030
7019  -9.326  -75.869  -12.694 1.0000000000
7020  -9.943  -75.772  -12.082 1.0000000000
4350  -5.128  -80.666  -20.739 0.1000000015
4363  -6.347  -80.772  -21.479 0.1000000015
8755  -1.551  -72.765  -5.718 0.8999999762
8738  -2.335  -72.570  -5.112 1.0000000000
8757  -3.472  -72.730  -6.134 1.0000000000
8147  -3.816  -73.412  -6.418 1.0000000000
5236  -0.091  -78.415  -4.728 0.5000000000
6943  -0.759  -74.971  -5.056 0.8000000119
5748  -0.687  -77.404  -3.731 0.6000000238
8162  -4.771  -73.391  -6.639 1.0000000000
7558  -5.865  -74.343  -7.098 1.0000000000
6967  -6.415  -75.245  -7.275 1.0000000000
7559  -6.587  -74.135  -7.527 1.0000000000
6984  -7.190  -75.670  -7.674 1.0000000000
6968  -7.139  -74.624  -7.764 1.0000000000
109872  -7.948  -75.025  -8.094 1.0000000000
6985  -8.798  -75.742  -8.289 1.0000000000
6986  -9.636  -75.152  -8.836 1.0000000000
110090  -0.034  -76.684  -17.938 0.6999999881
6998  -10.583  -75.135  -9.343 1.0000000000
6999  -10.982  -76.037  -9.303 1.0000000000
126948  -0.167  -77.317  -14.904 1.0000000000
108928  -11.066  -75.212  -9.839 1.0000000000
7006  -10.611  -75.525  -11.418 1.0000000000
6520  -0.394  -76.362  -20.152 0.5000000000
6448  -1.084  -76.998  -13.903 1.0000000000
7032  -3.342  -76.126  -13.697 1.0000000000
7033  -4.233  -75.548  -13.583 1.0000000000
7588  -10.745  -74.605  -11.375 1.0000000000
121156  -1.491  -76.817  -21.797 0.5000000000
7619  -8.232  -74.649  -13.321 1.0000000000
7605  -8.983  -75.014  -12.910 1.0000000000
116532  -9.563  -75.209  -12.486 1.0000000000
7607  -10.078  -74.913  -12.014 1.0000000000
5966  -2.996  -76.851  -22.146 0.5000000000
4896  -3.850  -79.436  -20.805 0.1000000015
4351  -6.007  -80.439  -20.743 0.1000000015
4898  -5.470  -79.889  -20.173 0.1000000015
8117  -1.476  -73.630  -4.456 0.8999999762
8726  -2.252  -73.702  -3.974 0.8999999762
123513  -2.610  -73.182  -4.088 0.8999999762
8739  -3.225  -72.339  -5.438 1.0000000000
8740  -4.102  -72.271  -5.877 1.0000000000
109926  -4.819  -72.274  -6.071 1.0000000000
113167  -0.398  -78.311  -3.231 0.6000000238
7527  -0.989  -74.079  -4.812 0.8999999762
6931  -1.553  -74.280  -4.059 0.8999999762
8758  -4.523  -72.763  -6.390 1.0000000000
8774  -5.193  -72.816  -6.888 1.0000000000
117176  -0.704  -76.753  -4.517 0.6999999881
6308  -1.514  -76.031  -3.391 0.6000000238
6930  -1.040  -74.833  -4.337 0.8999999762
6300  -1.223  -76.831  -3.025 0.6000000238
8163  -5.620  -73.219  -7.145 1.0000000000
126884  -6.258  -72.763  -7.409 1.0000000000
8164  -6.396  -73.293  -7.584 1.0000000000
110868  -7.603  -73.924  -8.393 1.0000000000
7573  -8.212  -73.843  -8.872 1.0000000000
119776  -8.704  -74.764  -8.623 1.0000000000
7044  -0.199  -75.984  -13.949 1.0000000000
6430  -1.146  -76.183  -13.407 1.0000000000
116725  -2.034  -76.499  -13.564 1.0000000000
126946  -10.797  -74.448  -9.829 1.0000000000
6496  -0.247  -76.007  -19.081 0.6000000238
7031  -2.500  -75.768  -13.131 1.0000000000
7017  -3.413  -75.420  -13.053 1.0000000000
7018  -4.252  -74.930  -12.935 1.0000000000
7603  -5.156  -74.362  -12.832 1.0000000000
7604  -6.127  -74.057  -12.973 1.0000000000
8209  -8.455  -73.543  -12.843 1.0000000000
8210  -9.420  -73.666  -12.661 1.0000000000
8211  -10.267  -73.901  -12.161 1.0000000000
7581  -10.982  -74.290  -10.487 1.0000000000
7616  -5.902  -74.667  -13.543 1.0000000000
7617  -6.614  -74.391  -13.482 1.0000000000
8225  -6.971  -73.862  -13.142 1.0000000000
108780  -8.839  -74.209  -12.952 1.0000000000
5952  -1.153  -76.096  -21.216 0.5000000000
7126  -0.916  -75.362  -20.644 0.5000000000
7618  -7.351  -74.494  -13.547 1.0000000000
125637  -8.336  -74.061  -13.115 1.0000000000
7606  -9.555  -74.473  -12.591 1.0000000000
6561  -2.003  -75.870  -22.024 0.4000000060
5967  -3.236  -77.559  -21.892 0.3000000119
5423  -5.385  -78.828  -19.197 0.1000000015
9367  -4.109  -72.088  -4.574 1.0000000000
8727  -4.964  -72.266  -4.602 1.0000000000
8716  -5.617  -72.845  -4.042 1.0000000000
8729  -6.697  -73.040  -4.588 1.0000000000
5207  -0.705  -78.078  -2.377 0.4000000060
9365  -3.104  -72.674  -3.624 0.8999999762
9377  -2.938  -72.388  -4.537 0.8999999762
9378  -3.477  -72.076  -4.806 1.0000000000
9379  -3.928  -72.069  -5.236 1.0000000000
8741  -4.719  -72.117  -5.361 1.0000000000
8742  -6.296  -72.191  -5.687 1.0000000000
125760  -0.811  -77.578  -2.916 0.4000000060
8713  -1.954  -73.968  -3.363 0.8999999762
8714  -2.395  -73.588  -2.861 0.8999999762
117166  -5.453  -72.122  -5.927 1.0000000000
8743  -7.292  -72.562  -5.552 1.0000000000
6924  -1.401  -75.149  -3.660 0.8000000119
7521  -1.719  -74.485  -3.174 0.8999999762
8760  -5.992  -72.134  -6.544 1.0000000000
121850  -7.407  -72.148  -6.647 1.0000000000
8761  -6.584  -72.286  -7.169 1.0000000000
8165  -6.824  -72.667  -7.879 1.0000000000
8775  -7.421  -72.263  -7.651 1.0000000000
8776  -8.262  -72.240  -8.109 1.0000000000
8785  -7.566  -72.672  -8.338 1.0000000000
8171  -7.070  -73.343  -8.195 1.0000000000
123140  -7.857  -73.157  -8.756 1.0000000000
118874  0.137  -76.420  -16.057 0.8000000119
7051  0.205  -75.688  -15.549 0.8999999762
6446  0.143  -75.790  -14.574 1.0000000000
7014  -0.594  -75.569  -13.445 1.0000000000
7015  -1.185  -75.467  -12.953 1.0000000000
108863  -8.717  -73.135  -9.239 1.0000000000
8172  -9.959  -73.190  -9.697 1.0000000000
6456  0.111  -76.621  -15.098 0.8999999762
7600  -2.300  -74.831  -12.255 1.0000000000
7601  -3.326  -74.762  -12.417 1.0000000000
7574  -9.084  -73.918  -9.280 1.0000000000
108190  -0.068  -76.076  -17.110 0.6999999881
7030  -1.667  -75.849  -13.169 1.0000000000
7578  -10.703  -73.672  -10.144 1.0000000000
7077  -0.140  -75.603  -18.136 0.6999999881
117987  -2.699  -75.253  -12.690 1.0000000000
8207  -5.641  -73.750  -12.437 1.0000000000
8208  -7.511  -73.348  -12.777 1.0000000000
8830  -8.107  -72.842  -12.456 1.0000000000
8195  -9.931  -73.129  -12.377 1.0000000000
8196  -10.495  -73.017  -11.864 1.0000000000
116289  -10.948  -73.454  -10.778 1.0000000000
7112  -0.384  -75.463  -19.908 0.6000000238
8184  -10.805  -72.911  -11.174 1.0000000000
8177  -10.724  -72.819  -10.484 1.0000000000
7127  -1.715  -75.174  -21.469 0.4000000060
6563  -3.328  -76.206  -21.749 0.4000000060
5953  -3.396  -77.975  -20.723 0.1000000015
5407  -3.938  -77.963  -18.975 0.1000000015
4888  -4.164  -79.242  -19.825 0.1000000015
110025  -5.785  -73.721  -3.086 1.0000000000
8106  -6.686  -74.258  -3.127 1.0000000000
8107  -7.476  -74.375  -3.183 1.0000000000
9346  -4.307  -72.599  -3.174 1.0000000000
8715  -4.627  -72.439  -3.944 1.0000000000
129149  -6.376  -73.640  -3.723 1.0000000000
8118  -7.022  -73.967  -3.741 1.0000000000
8108  -8.435  -74.163  -3.355 1.0000000000
9357  -3.279  -72.446  -3.281 0.8999999762
9358  -3.773  -72.198  -3.749 1.0000000000
8119  -7.738  -73.842  -4.142 1.0000000000
9355  -2.072  -72.550  -2.270 0.8999999762
129071  -7.496  -73.221  -4.796 1.0000000000
8120  -8.708  -73.788  -4.367 1.0000000000
5742  -1.161  -77.279  -2.242 0.4000000060
8092  -1.600  -73.733  -2.567 0.8999999762
8131  -8.121  -73.300  -4.974 1.0000000000
8121  -9.533  -73.591  -4.668 1.0000000000
6301  -1.700  -76.225  -2.611 0.6000000238
6918  -1.723  -75.416  -2.851 0.6999999881
8105  -1.924  -73.863  -3.350 0.8999999762
8744  -8.248  -72.613  -5.915 1.0000000000
8132  -8.989  -73.382  -5.266 1.0000000000
8745  -9.212  -72.734  -6.207 1.0000000000
8762  -8.280  -72.155  -7.032 1.0000000000
8763  -9.257  -72.266  -7.375 1.0000000000
8777  -9.258  -72.255  -8.520 1.0000000000
8786  -8.427  -72.671  -8.813 1.0000000000
115610  0.072  -75.405  -16.514 0.8000000119
8787  -9.474  -72.603  -9.293 1.0000000000
7614  -0.104  -74.766  -13.305 0.8999999762
7598  -0.695  -74.855  -12.816 1.0000000000
118451  -2.757  -74.329  -11.821 1.0000000000
8173  -10.492  -72.349  -9.754 1.0000000000
113007  -0.047  -75.216  -17.370 0.6999999881
7602  -4.224  -74.313  -12.295 1.0000000000
7674  0.004  -74.657  -18.155 0.6999999881
7586  -3.528  -74.193  -11.908 1.0000000000
8192  -4.911  -73.800  -12.056 1.0000000000
8828  -6.478  -73.282  -12.427 1.0000000000
8821  -8.633  -72.266  -12.088 1.0000000000
8822  -9.728  -72.352  -11.997 1.0000000000
130043  -0.373  -74.186  -19.850 0.4000000060
7146  -3.302  -75.308  -21.629 0.3000000119
111843  -3.316  -76.953  -21.194 0.2000000030
6521  -3.510  -76.435  -19.400 0.2000000030
124253  -4.925  -73.333  -2.621 1.0000000000
8094  -5.577  -74.133  -2.099 1.0000000000
7515  -6.404  -74.421  -1.902 1.0000000000
126674  -7.820  -74.340  -2.423 1.0000000000
9356  -2.690  -72.469  -2.604 0.8999999762
9345  -3.466  -72.203  -2.954 0.8999999762
8082  -8.343  -73.855  -2.077 1.0000000000
8705  -8.938  -73.402  -2.338 1.0000000000
6293  -1.760  -76.422  -1.112 0.5000000000
111905  -1.606  -73.447  -2.327 0.8999999762
9354  -1.755  -73.177  -2.106 0.8999999762
8109  -9.330  -73.821  -3.855 1.0000000000
6909  -1.831  -75.683  -1.860 0.6000000238
8133  -9.857  -73.294  -5.465 1.0000000000
108739  -10.268  -72.270  -7.640 1.0000000000
7631  0.211  -74.753  -15.955 0.8000000119
7626  0.271  -74.787  -14.496 0.8000000119
8778  -10.478  -72.080  -8.765 1.0000000000
7649  0.078  -74.317  -17.052 0.8000000119
7599  -1.356  -74.813  -12.294 1.0000000000
129900  -2.322  -73.969  -11.379 1.0000000000
110285  -3.837  -73.287  -11.217 1.0000000000
8799  -11.196  -71.731  -9.275 1.0000000000
8817  -4.700  -73.160  -11.396 1.0000000000
9440  -7.040  -71.911  -11.281 1.0000000000
9441  -8.114  -71.780  -11.481 1.0000000000
9431  -8.748  -71.202  -11.039 1.0000000000
8798  -10.819  -71.881  -10.056 1.0000000000
8273  0.172  -73.840  -18.136 0.6999999881
7587  -4.075  -73.754  -11.703 1.0000000000
8819  -6.214  -72.320  -11.323 1.0000000000
8820  -7.646  -72.351  -11.926 1.0000000000
9442  -9.038  -71.782  -11.646 1.0000000000
8823  -10.449  -72.304  -11.380 1.0000000000
8812  -10.677  -72.199  -10.747 1.0000000000
7685  -0.090  -73.893  -19.109 0.6000000238
126185  -1.318  -74.403  -20.927 0.3000000119
7728  -2.948  -74.436  -21.332 0.3000000119
6541  -3.554  -75.930  -20.882 0.2000000030
7128  -3.500  -74.816  -21.040 0.2000000030
8093  -4.736  -73.646  -1.761 1.0000000000
8704  -4.086  -72.826  -2.303 1.0000000000
8081  -7.699  -73.837  -1.534 1.0000000000
9344  -2.285  -72.102  -2.264 1.0000000000
8703  -3.052  -72.323  -1.928 1.0000000000
6279  -1.726  -76.299  -0.210 0.6999999881
6901  -1.776  -75.578  -0.800 0.6999999881
8091  -1.160  -72.951  -2.071 0.8999999762
8692  -0.998  -72.351  -1.844 0.8999999762
9342  -1.313  -72.412  -1.951 0.8999999762
9343  -1.658  -72.099  -1.938 1.0000000000
8097  -9.233  -73.790  -3.031 1.0000000000
7500  -1.132  -73.781  -1.807 0.8999999762
8122  -10.283  -73.367  -4.852 1.0000000000
8148  -10.273  -72.764  -6.379 1.0000000000
118080  -11.005  -72.365  -6.855 1.0000000000
8788  -11.429  -71.692  -8.362 1.0000000000
128915  -11.021  -72.060  -7.780 1.0000000000
7584  -0.727  -74.291  -12.169 1.0000000000
7585  -1.188  -74.262  -11.706 1.0000000000
8190  -2.331  -73.517  -10.897 1.0000000000
8183  -4.062  -72.749  -10.855 1.0000000000
118082  -4.265  -72.184  -10.522 1.0000000000
8233  0.321  -73.815  -14.376 0.8000000119
8224  0.243  -73.835  -13.415 0.8000000119
120446  -0.140  -74.171  -12.707 1.0000000000
8811  -6.290  -71.841  -10.872 1.0000000000
9430  -7.647  -71.274  -10.841 1.0000000000
118039  -9.554  -70.965  -10.771 1.0000000000
10058  -10.673  -70.795  -10.279 1.0000000000
129062  0.336  -73.621  -15.684 0.8000000119
9443  -9.824  -71.610  -11.266 1.0000000000
9444  -10.493  -71.736  -10.903 1.0000000000
9433  -10.877  -71.408  -10.312 1.0000000000
8258  0.219  -73.424  -16.783 0.8000000119
8297  -0.590  -73.401  -20.058 0.4000000060
8316  -1.697  -73.169  -20.681 0.2000000030
7712  -2.492  -73.648  -20.766 0.2000000030
112807  -6.921  -73.997  -1.196 1.0000000000
7493  -5.734  -74.121  -0.879 1.0000000000
8696  -8.437  -73.104  -1.711 1.0000000000
8080  -4.607  -73.806  -0.953 1.0000000000
7502  -5.268  -74.100  -1.290 1.0000000000
8073  -6.269  -73.755  -0.593 1.0000000000
9331  -2.064  -71.984  -1.552 1.0000000000
8683  -2.622  -72.430  -0.822 1.0000000000
8072  -4.641  -73.756  -0.268 1.0000000000
8706  -9.665  -72.915  -2.746 1.0000000000
116939  -1.638  -75.508  0.109 0.6999999881
7501  -1.526  -74.743  -1.349 0.8000000119
9329  -1.087  -72.042  -1.561 0.8999999762
7491  -1.367  -74.723  -0.393 0.8000000119
7490  -0.873  -73.831  -0.899 0.8999999762
8070  -0.688  -72.882  -0.416 0.8999999762
129481  -0.877  -71.960  -0.306 0.8999999762
8110  -9.985  -73.534  -4.201 1.0000000000
8730  -10.893  -72.943  -5.075 1.0000000000
8134  -10.512  -73.083  -5.503 1.0000000000
8764  -11.427  -72.113  -6.379 1.0000000000
8779  -11.546  -71.754  -7.352 1.0000000000
8189  -1.534  -73.830  -11.165 1.0000000000
9429  -6.721  -71.343  -10.592 1.0000000000
10054  -7.252  -70.704  -10.133 1.0000000000
10043  -9.080  -70.019  -9.790 1.0000000000
10044  -10.090  -69.876  -9.623 1.0000000000
10032  -12.026  -70.588  -8.439 1.0000000000
8810  -5.611  -72.095  -10.835 1.0000000000
10056  -8.929  -70.560  -10.441 1.0000000000
9434  -11.194  -70.726  -9.875 1.0000000000
8205  0.153  -73.366  -12.596 1.0000000000
8206  -0.238  -73.761  -12.111 1.0000000000
8188  -0.716  -73.705  -11.489 1.0000000000
112087  0.348  -73.320  -15.231 0.8000000119
127945  0.320  -73.286  -13.911 0.8000000119
8816  -0.473  -73.000  -11.014 1.0000000000
8884  0.212  -72.494  -17.199 0.6000000238
8284  0.003  -72.958  -18.818 0.4000000060
8933  -1.094  -72.755  -20.494 0.2000000030
8317  -2.162  -72.878  -20.395 0.2000000030
8074  -7.108  -73.307  -0.860 1.0000000000
8695  -7.839  -72.724  -1.175 1.0000000000
125445  -8.420  -72.222  -1.495 1.0000000000
9333  -9.048  -72.320  -2.107 1.0000000000
8071  -3.973  -73.465  -0.506 1.0000000000
8066  -5.376  -73.794  -0.294 1.0000000000
110547  -1.078  -71.899  -0.651 0.8999999762
8684  -3.296  -73.075  -0.110 1.0000000000
8717  -9.923  -73.305  -3.517 1.0000000000
123461  -0.776  -72.863  0.446 0.8000000119
8707  -10.354  -72.398  -3.329 1.0000000000
8718  -10.550  -72.964  -4.162 1.0000000000
8747  -11.276  -72.294  -5.486 1.0000000000
9403  -12.064  -70.627  -7.676 1.0000000000
9387  -11.742  -71.357  -6.749 1.0000000000
8807  -2.595  -72.503  -10.220 1.0000000000
8808  -3.506  -72.326  -10.418 1.0000000000
9427  -4.916  -71.694  -10.332 1.0000000000
9428  -5.868  -71.458  -10.414 1.0000000000
9416  -6.286  -70.883  -10.011 1.0000000000
10042  -8.141  -70.308  -9.942 1.0000000000
8181  -2.258  -73.037  -10.454 1.0000000000
9414  -4.419  -71.028  -9.770 1.0000000000
8179  -1.004  -73.371  -10.829 1.0000000000
8797  -3.002  -71.838  -9.935 1.0000000000
9465  0.400  -71.830  -14.884 0.8000000119
8827  0.204  -72.410  -12.324 1.0000000000
8898  0.056  -72.287  -18.206 0.4000000060
9505  -0.403  -71.352  -18.499 0.4000000060
8907  -0.454  -71.918  -19.134 0.2000000030
9528  -1.334  -71.605  -19.710 0.2000000030
8065  -4.818  -73.460  0.348 1.0000000000
121010  -5.715  -73.264  0.162 1.0000000000
8685  -6.573  -72.860  -0.177 1.0000000000
9324  -7.296  -72.246  -0.624 1.0000000000
9332  -7.922  -71.579  -1.097 1.0000000000
8671  -3.307  -72.905  0.631 1.0000000000
8064  -4.002  -73.452  0.258 1.0000000000
7485  -1.305  -74.695  0.511 0.8000000119
129209  -1.254  -71.899  -0.027 1.0000000000
9307  -1.734  -72.150  0.448 1.0000000000
9334  -9.366  -71.393  -2.142 1.0000000000
7473  -1.058  -73.779  0.903 0.8000000119
9320  -0.961  -71.892  0.104 0.8999999762
109247  -1.060  -72.938  1.197 0.8000000119
112973  -0.756  -72.146  0.116 0.8999999762
130711  -10.711  -72.368  -3.899 1.0000000000
9380  -11.545  -71.527  -5.939 1.0000000000
9415  -5.421  -70.896  -9.827 1.0000000000
10762  -8.122  -69.798  -9.162 1.0000000000
10764  -10.348  -69.520  -8.872 1.0000000000
10743  -11.387  -69.746  -7.445 1.0000000000
116178  -11.622  -70.737  -6.462 1.0000000000
128131  -5.973  -70.591  -9.643 1.0000000000
10041  -6.530  -70.292  -9.478 1.0000000000
127605  -9.847  -69.394  -8.436 1.0000000000
117846  -10.509  -69.383  -7.931 1.0000000000
8796  -2.023  -72.014  -9.742 1.0000000000
10760  -6.122  -69.805  -8.805 1.0000000000
9452  0.346  -71.870  -14.027 0.8999999762
8804  -0.364  -72.337  -10.666 1.0000000000
8805  -0.965  -72.748  -10.333 1.0000000000
10040  -4.833  -70.360  -9.292 1.0000000000
8883  0.281  -71.978  -16.500 0.8000000119
124833  0.211  -71.595  -12.384 0.8999999762
9413  -3.460  -71.143  -9.650 1.0000000000
8897  0.024  -71.466  -17.563 0.4000000060
123421  -1.259  -72.066  -9.799 1.0000000000
9412  -2.475  -71.303  -9.489 1.0000000000
9516  -1.084  -71.048  -19.358 0.3000000119
120271  -7.388  -71.328  -0.504 1.0000000000
9975  -7.636  -70.634  -0.805 1.0000000000
115329  -8.729  -71.409  -1.643 1.0000000000
7463  -1.510  -74.534  2.434 0.6999999881
9976  -8.357  -70.617  -1.307 1.0000000000
8053  -1.270  -73.758  1.763 0.8000000119
9347  -9.884  -71.904  -2.590 1.0000000000
8040  -1.520  -73.620  2.568 0.8000000119
9348  -10.492  -71.414  -2.985 1.0000000000
8052  -1.382  -72.985  1.965 0.8000000119
8656  -1.201  -72.446  1.358 0.8000000119
9305  -1.096  -72.116  0.940 0.8000000119
9306  -1.321  -72.105  0.727 0.8000000119
9368  -10.977  -72.234  -4.507 1.0000000000
9369  -11.220  -71.579  -5.119 1.0000000000
10010  -11.370  -71.021  -5.628 1.0000000000
10761  -7.035  -69.775  -8.964 1.0000000000
10753  -7.543  -69.539  -8.370 1.0000000000
124455  -8.448  -69.497  -8.450 1.0000000000
10017  -11.363  -70.127  -6.762 1.0000000000
10754  -9.236  -69.357  -7.953 1.0000000000
10730  -10.540  -69.751  -6.722 1.0000000000
10009  -10.965  -70.434  -5.885 1.0000000000
110207  0.290  -70.340  -14.572 0.8000000119
110688  0.324  -70.937  -13.707 0.8999999762
9447  0.263  -71.028  -12.811 0.8999999762
10741  -8.114  -69.421  -7.725 1.0000000000
10742  -9.700  -69.468  -7.184 1.0000000000
123094  0.040  -71.939  -10.981 1.0000000000
10752  -6.588  -69.493  -8.253 1.0000000000
129233  0.376  -71.284  -15.121 0.8000000119
10110  0.114  -70.588  -16.274 0.6000000238
10030  -4.297  -69.829  -8.754 1.0000000000
116382  -0.603  -70.412  -18.128 0.2000000030
9517  -1.779  -71.193  -19.177 0.2000000030
126754  -5.189  -72.700  0.819 1.0000000000
8673  -6.066  -72.255  0.436 1.0000000000
9323  -6.809  -71.736  -0.046 1.0000000000
9308  -4.730  -72.019  1.446 1.0000000000
9970  -6.981  -70.604  -0.117 1.0000000000
8672  -4.156  -72.892  0.988 1.0000000000
8027  -1.847  -73.326  3.363 0.6999999881
118567  -1.864  -74.043  3.972 0.6000000238
8657  -2.560  -72.521  1.071 1.0000000000
10656  -7.904  -69.898  -1.096 1.0000000000
9977  -9.247  -70.492  -1.889 1.0000000000
9984  -10.013  -70.954  -2.441 1.0000000000
8039  -1.670  -72.926  2.622 0.6999999881
9295  -2.226  -72.116  1.567 0.8999999762
10657  -8.692  -69.730  -1.401 1.0000000000
9978  -10.150  -70.054  -2.330 1.0000000000
9359  -10.741  -71.775  -3.715 1.0000000000
10658  -9.565  -69.495  -1.810 1.0000000000
9985  -10.647  -70.482  -2.812 1.0000000000
9993  -10.781  -70.793  -3.492 1.0000000000
109608  -10.902  -71.353  -4.314 1.0000000000
114781  -10.960  -70.936  -4.984 1.0000000000
10729  -9.485  -69.785  -6.291 1.0000000000
110677  -10.063  -70.091  -5.770 1.0000000000
115091  -7.771  -69.435  -7.010 1.0000000000
115082  -8.698  -69.483  -6.905 1.0000000000
9439  0.122  -71.788  -11.638 0.8999999762
9425  -0.712  -71.967  -10.083 1.0000000000
9410  -0.933  -71.390  -9.545 1.0000000000
10031  -5.232  -69.792  -8.727 1.0000000000
10740  -7.062  -69.388  -7.512 1.0000000000
10095  0.275  -70.666  -15.380 0.6000000238
10039  -3.890  -70.446  -9.291 1.0000000000
10111  -0.417  -70.051  -17.113 0.3000000119
10142  -1.239  -70.487  -18.890 0.2000000030
9309  -5.555  -71.607  0.989 0.8999999762
9322  -6.287  -71.094  0.447 1.0000000000
129382  -3.584  -71.383  1.870 1.0000000000
9948  -4.236  -71.243  1.743 1.0000000000
9958  -5.004  -70.898  1.426 1.0000000000
8004  -1.976  -73.412  5.152 0.2000000030
9296  -2.977  -71.907  1.811 1.0000000000
8658  -3.349  -72.570  1.286 1.0000000000
8014  -2.038  -73.400  4.286 0.4000000060
125046  -2.188  -72.606  3.865 0.6000000238
9294  -1.908  -71.939  1.879 0.8000000119
8645  -1.736  -72.349  2.307 0.8000000119
9293  -1.700  -72.129  1.949 0.8000000119
10659  -10.460  -69.236  -2.285 1.0000000000
126195  -10.831  -69.750  -2.684 1.0000000000
9986  -11.127  -69.843  -3.089 1.0000000000
10000  -10.783  -70.587  -4.288 1.0000000000
10697  -10.354  -69.825  -4.457 1.0000000000
10719  -10.411  -70.317  -5.051 1.0000000000
10718  -9.445  -70.011  -5.259 1.0000000000
10070  0.203  -70.378  -12.397 0.8999999762
111293  -8.712  -69.722  -5.807 1.0000000000
128402  0.214  -69.860  -12.892 0.8000000119
10778  0.127  -70.373  -11.587 1.0000000000
9409  -0.492  -71.301  -9.947 1.0000000000
10751  -5.687  -69.398  -8.142 1.0000000000
112949  0.255  -69.861  -13.742 0.4000000060
9411  -1.495  -71.307  -9.324 1.0000000000
10038  -2.919  -70.624  -9.191 1.0000000000
10739  -6.169  -69.278  -7.621 1.0000000000
10096  -0.056  -69.895  -16.176 0.3000000119
8587  -1.529  -72.315  7.543 0.1000000015
108679  -1.725  -72.774  6.943 0.1000000015
8611  -2.122  -72.551  5.433 0.3000000119
9263  -2.151  -71.862  4.623 0.5000000000
127897  -2.025  -72.093  2.881 0.6999999881
113651  -2.132  -71.653  2.544 0.8000000119
9284  -1.892  -71.925  2.976 0.8000000119
11379  -9.929  -68.675  -1.699 1.0000000000
10664  -11.290  -69.113  -2.794 1.0000000000
10675  -11.004  -69.933  -3.690 1.0000000000
10676  -11.570  -69.001  -3.357 1.0000000000
11461  -0.083  -68.887  -11.554 0.8999999762
10779  0.018  -69.668  -11.163 0.8999999762
10768  -0.135  -69.863  -10.267 0.8999999762
10759  -0.448  -70.084  -9.464 1.0000000000
10728  -7.940  -69.546  -6.210 1.0000000000
11473  -0.063  -68.362  -12.429 0.6999999881
10788  0.118  -69.506  -12.150 0.8000000119
10036  -0.687  -70.767  -9.417 1.0000000000
10028  -2.286  -70.209  -8.743 1.0000000000
10748  -2.602  -69.584  -8.222 1.0000000000
115083  -6.253  -69.206  -6.862 1.0000000000
10727  -7.116  -69.422  -6.535 1.0000000000
11488  0.118  -68.842  -14.097 0.5000000000
9401  -1.042  -70.755  -8.997 1.0000000000
10801  0.133  -69.405  -14.791 0.4000000060
10813  -0.306  -69.008  -15.941 0.2000000030
9224  -1.357  -71.542  7.410 0.1000000015
126313  -1.696  -72.093  6.955 0.1000000015
10625  -4.310  -70.241  1.552 1.0000000000
10638  -4.971  -69.850  1.144 1.0000000000
9255  -1.886  -71.619  5.685 0.1000000015
111396  -1.919  -72.301  6.303 0.1000000015
9947  -3.658  -70.608  1.843 1.0000000000
9959  -5.705  -70.465  0.904 1.0000000000
9969  -6.242  -70.066  0.309 1.0000000000
108868  -1.666  -70.944  5.085 0.3000000119
113402  -2.883  -70.940  2.139 0.8000000119
9946  -3.015  -70.191  2.020 0.8999999762
10650  -6.734  -69.657  -0.125 1.0000000000
9945  -2.396  -71.018  2.654 0.6999999881
10651  -7.361  -69.899  -0.594 1.0000000000
129988  -7.631  -69.471  -0.879 1.0000000000
9274  -2.127  -71.799  3.523 0.5000000000
10652  -8.045  -69.055  -1.046 1.0000000000
9925  -1.934  -70.955  3.478 0.6000000238
11378  -9.006  -68.859  -1.320 1.0000000000
11391  -10.936  -68.384  -2.265 1.0000000000
11392  -11.733  -68.350  -2.934 1.0000000000
10698  -11.253  -69.206  -3.905 1.0000000000
11431  -11.525  -68.564  -3.713 1.0000000000
11430  -10.984  -68.760  -4.078 1.0000000000
10696  -9.191  -69.476  -4.775 1.0000000000
11457  -0.264  -68.977  -10.708 0.8999999762
10735  -1.953  -69.203  -7.718 1.0000000000
10737  -4.069  -68.967  -7.251 1.0000000000
10717  -8.096  -69.658  -5.293 1.0000000000
113840  -8.734  -69.696  -5.111 1.0000000000
10794  0.159  -69.103  -13.122 0.6999999881
109648  -0.856  -70.174  -8.882 1.0000000000
10749  -3.669  -69.374  -8.148 1.0000000000
11480  -0.001  -68.200  -13.542 0.5000000000
10029  -3.298  -69.969  -8.755 1.0000000000
10738  -5.311  -69.078  -7.271 1.0000000000
11489  -0.294  -68.502  -15.072 0.2000000030
10637  -4.163  -69.370  1.115 1.0000000000
124144  -4.784  -69.015  0.728 1.0000000000
10639  -5.574  -69.481  0.644 1.0000000000
10649  -6.005  -69.255  0.124 1.0000000000
9870  -0.976  -70.687  7.145 0.1000000015
125377  -6.516  -68.965  -0.181 1.0000000000
9242  -1.585  -71.495  6.592 0.1000000015
10622  -2.360  -69.921  2.365 0.8000000119
111798  -7.236  -69.072  -0.548 1.0000000000
130482  -2.145  -70.403  2.750 0.8000000119
126104  -3.155  -71.009  2.006 1.0000000000
11368  -7.586  -68.270  -0.684 1.0000000000
9937  -2.009  -70.840  2.952 0.6000000238
11369  -8.429  -68.218  -0.966 1.0000000000
124019  -8.699  -67.616  -0.763 1.0000000000
11370  -9.362  -67.990  -1.181 1.0000000000
111903  -1.826  -71.030  4.205 0.5000000000
12048  -10.277  -68.022  -1.590 1.0000000000
12049  -10.971  -67.568  -1.828 1.0000000000
11380  -11.589  -67.693  -2.532 1.0000000000
11414  -11.742  -68.030  -3.332 1.0000000000
12100  -11.454  -68.001  -3.808 1.0000000000
12133  -0.438  -67.997  -11.341 0.8999999762
117746  -0.634  -68.254  -10.154 0.8999999762
11453  -0.900  -69.011  -8.277 0.8999999762
10733  -1.130  -69.090  -7.970 0.8999999762
11413  -9.887  -68.894  -4.389 1.0000000000
107924  -0.715  -69.492  -8.894 0.8999999762
10734  -1.314  -69.319  -7.985 0.8999999762
10736  -2.909  -69.106  -7.503 1.0000000000
12136  -0.356  -67.452  -12.278 0.6000000238
10716  -7.330  -69.603  -5.603 1.0000000000
127716  -0.216  -68.117  -14.377 0.4000000060
12171  -0.831  -67.638  -15.138 0.2000000030
9223  -0.814  -70.784  8.047 0.1000000015
9889  -0.592  -69.769  6.893 0.1000000015
10624  -3.564  -69.716  1.590 1.0000000000
10623  -2.788  -69.331  1.709 0.8999999762
9909  -1.454  -70.448  4.660 0.4000000060
10613  -1.888  -69.908  2.877 0.6999999881
10603  -1.710  -70.120  3.440 0.8000000119
125668  -11.888  -67.719  -2.942 1.0000000000
12099  -10.547  -68.056  -4.035 1.0000000000
12131  -0.901  -67.510  -9.526 0.8999999762
11451  -1.134  -68.503  -7.641 0.8999999762
10724  -1.635  -68.671  -7.173 0.8999999762
10712  -3.445  -68.738  -5.699 1.0000000000
10713  -4.513  -69.153  -5.439 1.0000000000
10692  -5.878  -69.558  -4.353 1.0000000000
119154  -6.323  -69.628  -4.911 1.0000000000
11428  -7.758  -69.372  -4.057 1.0000000000
11429  -8.672  -69.009  -4.262 1.0000000000
120022  -2.251  -68.839  -7.060 0.8999999762
10726  -3.052  -68.761  -6.596 1.0000000000
114821  -4.698  -68.967  -6.529 1.0000000000
10714  -5.610  -69.472  -5.210 1.0000000000
10694  -7.549  -69.630  -4.724 1.0000000000
10695  -8.316  -69.535  -4.631 1.0000000000
128370  -0.692  -66.765  -11.699 0.6000000238
110437  -5.475  -69.161  -6.221 1.0000000000
10715  -6.422  -69.446  -5.796 1.0000000000
108292  -6.893  -69.670  -5.027 1.0000000000
9900  -1.271  -70.639  6.108 0.2000000030
10636  -3.287  -68.827  0.997 0.8999999762
130221  -4.062  -68.688  0.687 0.8999999762
11354  -5.300  -68.723  0.217 1.0000000000
10602  -1.372  -69.266  3.261 0.8000000119
11367  -6.747  -68.296  -0.404 1.0000000000
12038  -7.994  -67.579  -0.615 1.0000000000
121338  -8.484  -67.009  -0.487 1.0000000000
12085  -11.656  -67.325  -3.414 1.0000000000
12083  -9.909  -67.265  -3.721 1.0000000000
12128  -0.948  -67.650  -8.577 0.8999999762
108668  -1.001  -67.860  -6.949 0.8999999762
11441  -1.473  -67.868  -5.797 1.0000000000
112867  -3.027  -68.713  -4.401 1.0000000000
11426  -3.405  -69.018  -4.085 1.0000000000
11427  -4.226  -69.306  -4.122 1.0000000000
11412  -9.173  -68.180  -3.878 1.0000000000
109917  -1.115  -66.749  -9.005 0.8000000119
114272  -0.933  -68.364  -8.196 0.8999999762
10723  -1.331  -68.751  -7.584 0.8999999762
11448  -1.678  -68.248  -6.371 0.8999999762
10690  -3.549  -68.984  -4.751 0.8999999762
10691  -5.082  -69.489  -4.546 1.0000000000
10693  -6.829  -69.552  -4.249 1.0000000000
11411  -8.000  -68.588  -3.639 1.0000000000
12820  -0.820  -67.241  -10.557 0.6000000238
111439  -0.802  -69.734  6.100 0.2000000030
10573  -0.689  -69.070  5.619 0.3000000119
9899  -1.113  -70.144  5.343 0.3000000119
11366  -5.163  -67.808  -0.202 0.8999999762
110447  -5.938  -68.486  -0.130 1.0000000000
112463  -6.115  -67.637  -0.389 0.8999999762
9908  -1.093  -69.751  4.704 0.4000000060
110774  -1.185  -69.482  3.987 0.5000000000
11340  -2.391  -68.583  1.322 0.8999999762
117909  -7.052  -67.433  -0.502 1.0000000000
118814  -7.682  -66.840  -0.437 1.0000000000
11330  -1.669  -68.987  2.505 0.8999999762
11329  -1.077  -68.490  3.049 0.8999999762
12039  -9.266  -67.208  -0.712 1.0000000000
12040  -10.126  -67.377  -1.207 1.0000000000
12722  -9.058  -66.466  -0.345 1.0000000000
12815  -0.997  -66.843  -8.118 0.8000000119
12811  -0.930  -66.900  -7.164 0.8000000119
11440  -1.166  -67.743  -6.201 0.8999999762
11442  -2.076  -68.239  -5.563 1.0000000000
11406  -2.903  -68.456  -3.959 1.0000000000
129101  -8.416  -67.966  -3.501 1.0000000000
10673  -5.236  -69.361  -3.813 1.0000000000
10674  -6.182  -69.244  -3.696 1.0000000000
11410  -7.083  -69.044  -3.642 1.0000000000
116379  -1.076  -66.600  -9.882 0.6999999881
11281  -0.445  -67.983  5.523 0.2000000030
11351  -2.646  -67.969  0.658 0.8999999762
11352  -3.570  -67.994  0.283 0.8999999762
11353  -4.495  -68.307  0.247 0.8999999762
118284  -5.551  -67.069  -0.439 0.8999999762
112252  -0.777  -68.792  4.731 0.4000000060
11339  -1.723  -68.365  1.786 0.8999999762
12720  -7.376  -66.109  -0.315 1.0000000000
12050  -11.573  -67.078  -2.117 1.0000000000
12723  -9.971  -66.679  -0.670 1.0000000000
12750  -8.163  -66.684  -3.002 1.0000000000
12765  -10.526  -66.474  -3.565 1.0000000000
12752  -11.881  -66.452  -2.817 1.0000000000
12061  -4.424  -67.268  -2.666 1.0000000000
12063  -6.361  -67.058  -2.550 1.0000000000
12064  -7.237  -66.923  -2.682 1.0000000000
12082  -8.774  -67.347  -3.442 1.0000000000
13523  -0.821  -65.864  -6.946 0.6000000238
12799  -0.853  -66.532  -6.352 0.8000000119
12096  -1.164  -67.105  -5.017 0.8999999762
12076  -1.797  -67.276  -3.876 1.0000000000
12078  -3.204  -68.001  -3.272 1.0000000000
11390  -4.979  -68.069  -2.862 1.0000000000
12080  -6.847  -67.776  -2.857 1.0000000000
12081  -7.810  -67.685  -3.126 1.0000000000
116463  -0.985  -67.158  -5.808 0.8000000119
11424  -1.807  -67.873  -4.985 1.0000000000
12077  -2.483  -67.646  -3.575 1.0000000000
11389  -4.010  -68.170  -2.991 1.0000000000
12079  -5.941  -67.920  -2.792 1.0000000000
124526  -7.236  -68.368  -3.270 1.0000000000
110620  -0.938  -66.005  -7.739 0.6000000238
14265  -1.170  -65.193  -9.001 0.4000000060
11409  -5.554  -68.814  -3.220 1.0000000000
113952  -6.473  -68.597  -3.208 1.0000000000
13542  -1.237  -65.937  -9.396 0.6999999881
123234  -3.550  -67.265  -0.133 0.8999999762
12024  -4.225  -67.520  -0.152 0.8999999762
11315  -0.811  -68.427  3.913 0.6000000238
11350  -1.821  -67.872  1.074 0.8999999762
12023  -2.863  -67.340  0.069 0.8999999762
12037  -4.793  -66.900  -0.379 0.8999999762
118314  -6.270  -66.807  -0.478 0.8999999762
126598  -6.971  -66.620  -0.427 0.8999999762
13423  -7.106  -65.467  -0.277 0.8999999762
12721  -8.185  -66.280  -0.273 1.0000000000
123592  -10.651  -66.215  -0.669 1.0000000000
12062  -5.407  -67.014  -2.558 1.0000000000
12749  -6.671  -66.246  -2.637 1.0000000000
13452  -7.501  -65.955  -2.772 1.0000000000
124782  -9.297  -66.371  -3.360 1.0000000000
13469  -11.054  -65.768  -3.348 1.0000000000
12734  -11.013  -66.756  -1.367 1.0000000000
12785  -0.808  -66.217  -5.493 0.8000000119
12776  -0.921  -66.298  -4.541 0.8000000119
12764  -2.089  -66.935  -3.216 0.8999999762
113047  -3.097  -66.475  -2.737 0.8999999762
12746  -3.950  -66.472  -2.629 1.0000000000
13468  -9.303  -65.409  -3.091 1.0000000000
12777  -1.266  -66.871  -4.222 0.8999999762
12059  -2.745  -67.197  -2.975 1.0000000000
12060  -3.533  -67.311  -2.799 1.0000000000
14201  -11.446  -64.450  -2.452 1.0000000000
118987  -0.835  -65.250  -7.441 0.4000000060
13534  -0.965  -65.195  -8.166 0.3000000119
11977  -0.475  -67.240  4.422 0.4000000060
12012  -1.260  -67.117  1.129 0.8999999762
11338  -1.086  -67.910  2.420 0.8000000119
12719  -5.463  -66.199  -0.438 0.8999999762
13422  -5.754  -65.297  -0.462 0.8999999762
119588  -6.492  -65.928  -0.397 0.8999999762
14177  -8.281  -64.945  0.103 1.0000000000
14166  -7.947  -64.156  0.120 1.0000000000
12747  -4.724  -66.449  -2.602 1.0000000000
13470  -11.774  -65.896  -3.009 1.0000000000
13425  -8.705  -65.691  -0.093 1.0000000000
12744  -1.885  -66.153  -3.053 0.8999999762
12745  -2.439  -66.501  -2.903 0.8999999762
128190  -6.830  -65.571  -2.640 1.0000000000
12751  -8.411  -65.794  -2.952 1.0000000000
13428  -11.973  -65.398  -1.568 1.0000000000
13413  -10.242  -65.058  0.235 1.0000000000
14167  -9.720  -64.400  0.626 1.0000000000
126893  -0.734  -65.713  -6.259 0.6999999881
13484  -1.091  -66.274  -3.945 0.8000000119
13449  -3.525  -65.645  -2.631 0.8999999762
12748  -5.353  -65.867  -2.607 1.0000000000
13451  -6.179  -65.663  -2.608 1.0000000000
13437  -11.965  -65.520  -2.317 1.0000000000
116193  -11.679  -65.207  -0.692 1.0000000000
14168  -10.689  -64.362  0.674 1.0000000000
111217  -10.212  -63.715  0.976 1.0000000000
14235  -0.703  -64.894  -6.699 0.6000000238
13492  -0.719  -65.416  -4.809 0.6999999881
13450  -4.436  -65.674  -2.599 1.0000000000
127811  -7.904  -65.424  -2.782 1.0000000000
13454  -11.287  -65.115  -2.948 1.0000000000
14202  -11.998  -64.603  -2.060 1.0000000000
14179  -11.830  -64.510  -0.292 1.0000000000
14952  -11.059  -63.657  1.072 1.0000000000
14936  -11.387  -62.881  1.253 1.0000000000
118327  -4.953  -64.945  -2.531 1.0000000000
118316  -5.756  -65.005  -2.527 1.0000000000
14199  -8.388  -64.908  -2.802 1.0000000000
13453  -9.392  -64.583  -2.878 1.0000000000
123603  -10.664  -64.374  -2.738 1.0000000000
14188  -11.949  -63.893  -1.599 1.0000000000
125240  -12.076  -64.193  -0.734 1.0000000000
14965  -12.146  -63.696  -0.013 1.0000000000
14249  -0.837  -64.335  -7.629 0.5000000000
115078  -6.889  -64.249  -2.576 1.0000000000
115921  -8.703  -63.948  -2.653 1.0000000000
117196  -9.780  -63.797  -2.555 1.0000000000
108407  -10.822  -63.511  -2.228 1.0000000000
14991  -11.592  -63.858  -2.030 1.0000000000
14977  -12.121  -63.514  -0.895 1.0000000000
15746  -11.933  -62.794  1.000 1.0000000000
16476  -11.958  -61.276  1.215 1.0000000000
121540  -7.752  -64.146  -2.626 1.0000000000
14976  -11.593  -63.035  -1.640 1.0000000000
15774  -12.167  -62.572  -1.045 1.0000000000
109332  -12.463  -61.963  0.217 1.0000000000
17280  -12.278  -60.791  0.778 1.0000000000
18901  -12.818  -58.723  -1.615 1.0000000000
15772  -10.600  -62.537  -1.838 1.0000000000
15773  -11.381  -62.236  -1.560 1.0000000000
16504  -12.428  -61.965  -0.630 1.0000000000
17305  -12.560  -61.557  -0.807 1.0000000000
16505  -12.557  -61.203  0.087 1.0000000000
17307  -13.181  -59.974  -0.595 1.0000000000
123772  -13.043  -59.253  -0.782 1.0000000000
18902  -13.443  -59.354  -2.208 1.0000000000
18918  -13.878  -59.425  -2.973 1.0000000000
18937  -14.143  -58.780  -3.664 1.0000000000
16519  -11.711  -61.882  -1.495 1.0000000000
17321  -13.329  -60.602  -1.401 1.0000000000
18128  -13.383  -59.756  -1.389 1.0000000000
109868  -14.698  -60.081  -3.325 1.0000000000
121959  -15.028  -59.418  -3.399 1.0000000000
17319  -11.981  -61.628  -1.595 1.0000000000
17320  -12.931  -61.265  -1.491 1.0000000000
17338  -13.573  -61.192  -2.322 1.0000000000
18160  -14.292  -60.885  -2.883 1.0000000000
18161  -15.058  -60.311  -3.916 1.0000000000
109948  -0.705  -67.599  3.399 0.4000000060
112965  -1.312  -67.667  1.652 0.8999999762
12022  -2.006  -67.098  0.448 0.8999999762
124544  -2.524  -66.659  -0.058 0.8999999762
12707  -3.203  -66.681  -0.210 0.8999999762
12036  -3.962  -66.766  -0.323 0.8999999762
12718  -4.486  -66.110  -0.402 0.8999999762
121092  -4.130  -65.383  -0.416 0.8999999762
13421  -4.938  -65.381  -0.456 0.8999999762
118317  -5.264  -64.662  -0.474 0.8999999762
124349  -5.915  -64.620  -0.458 0.8999999762
112099  -5.624  -64.003  -0.454 0.8999999762
118326  -6.517  -65.035  -0.372 0.8999999762
116779  -7.333  -64.747  -0.144 1.0000000000
109080  -6.477  -64.132  -0.336 0.8999999762
125408  -8.786  -64.335  0.431 1.0000000000
13447  -1.704  -65.245  -3.035 0.8999999762
13448  -2.545  -65.640  -2.758 0.8999999762
118511  -9.238  -63.535  0.697 1.0000000000
14934  -9.854  -63.008  1.075 1.0000000000
13466  -1.106  -64.982  -3.558 0.8999999762
14197  -3.127  -64.922  -2.602 0.8999999762
14935  -10.605  -62.963  1.286 1.0000000000
14220  -0.612  -64.502  -5.019 0.6999999881
115081  -4.698  -64.104  -2.521 1.0000000000
115079  -6.128  -64.307  -2.540 1.0000000000
16474  -10.476  -61.489  1.471 1.0000000000
125483  -11.142  -60.377  1.457 1.0000000000
18092  -10.711  -59.744  1.374 1.0000000000
115080  -5.426  -64.283  -2.530 1.0000000000
14987  -6.401  -63.613  -2.538 1.0000000000
17279  -11.758  -60.564  1.260 1.0000000000
119180  -12.154  -59.961  0.872 1.0000000000
18093  -11.475  -59.765  1.257 1.0000000000
18874  -11.445  -58.186  0.562 1.0000000000
19658  -11.928  -57.970  -0.216 1.0000000000
19677  -12.091  -57.938  -1.168 1.0000000000
122220  -8.052  -63.259  -2.474 1.0000000000
14989  -9.041  -62.962  -2.264 1.0000000000
14990  -9.956  -62.978  -2.130 1.0000000000
18118  -12.823  -59.304  -0.097 1.0000000000
18875  -12.284  -58.641  0.274 1.0000000000
18891  -12.542  -58.557  -0.546 1.0000000000
18917  -12.854  -58.583  -2.924 0.8999999762
18936  -13.166  -58.274  -3.817 0.8999999762
15789  -9.732  -62.226  -1.960 1.0000000000
16518  -10.485  -61.678  -1.755 1.0000000000
18938  -15.383  -58.830  -3.172 1.0000000000
17318  -10.881  -61.183  -1.833 1.0000000000
18162  -15.694  -59.636  -3.863 0.8999999762
17336  -11.447  -60.889  -2.139 1.0000000000
17337  -12.585  -61.440  -2.058 1.0000000000
129412  -13.159  -61.436  -2.148 1.0000000000
16536  -13.234  -61.536  -2.741 1.0000000000
17352  -14.556  -60.999  -3.617 1.0000000000
120807  -12.354  -61.337  -2.699 1.0000000000
16549  -13.446  -61.507  -3.560 1.0000000000
17351  -13.960  -61.351  -3.185 1.0000000000
11996  -0.650  -67.046  2.885 0.8000000119
12011  -0.780  -66.962  1.989 0.6999999881
12695  -0.804  -66.444  1.347 0.8000000119
12706  -1.893  -66.181  0.051 0.8999999762
12716  -2.740  -65.900  -0.223 0.8999999762
125612  -3.413  -65.377  -0.345 0.8999999762
118318  -4.510  -64.692  -0.455 0.8999999762
14176  -4.859  -64.001  -0.464 0.8999999762
14963  -6.027  -63.320  -0.441 0.8999999762
14964  -6.809  -63.297  -0.265 1.0000000000
14165  -7.663  -63.244  0.118 1.0000000000
119658  -8.471  -62.891  0.485 1.0000000000
14209  -0.758  -64.759  -4.197 0.8999999762
14210  -1.478  -64.346  -3.149 0.8999999762
122963  -8.024  -61.785  0.425 1.0000000000
117371  -9.141  -61.726  0.959 1.0000000000
16488  -9.004  -60.950  0.898 1.0000000000
112802  -0.661  -63.899  -4.403 0.8999999762
14196  -2.321  -64.489  -2.725 0.8999999762
14198  -4.015  -64.748  -2.550 0.8999999762
18105  -9.214  -59.346  0.892 1.0000000000
18857  -11.050  -58.948  1.147 1.0000000000
125095  -1.840  -63.741  -2.874 0.8999999762
128841  -4.028  -63.895  -2.496 0.8999999762
129357  -5.804  -63.772  -2.538 1.0000000000
19656  -9.846  -57.838  0.176 1.0000000000
18873  -10.470  -58.299  0.754 1.0000000000
19688  -10.598  -57.166  -1.704 1.0000000000
19689  -11.379  -57.468  -1.962 1.0000000000
19690  -12.066  -57.967  -2.431 1.0000000000
14986  -5.251  -63.562  -2.532 1.0000000000
115089  -5.847  -63.127  -2.530 1.0000000000
115094  -7.453  -62.596  -2.400 1.0000000000
15787  -8.310  -62.354  -2.228 1.0000000000
15788  -9.011  -62.075  -2.065 1.0000000000
20494  -9.906  -56.158  -2.545 1.0000000000
19705  -10.699  -56.690  -2.895 1.0000000000
19706  -11.415  -57.280  -3.121 0.8999999762
19707  -12.083  -57.694  -3.808 0.8999999762
19726  -12.778  -57.533  -4.448 0.8999999762
18948  -14.589  -58.111  -3.706 1.0000000000
125744  -7.793  -61.705  -2.277 1.0000000000
16534  -8.656  -61.460  -2.083 1.0000000000
124172  -9.226  -60.579  -2.052 1.0000000000
16535  -9.500  -61.408  -1.903 1.0000000000
16517  -10.035  -60.917  -1.875 1.0000000000
17348  -10.821  -60.122  -2.744 1.0000000000
17349  -11.665  -60.848  -3.177 1.0000000000
17350  -12.631  -61.409  -3.462 1.0000000000
17365  -14.011  -61.334  -4.167 1.0000000000
17366  -14.766  -60.847  -4.394 1.0000000000
113623  -16.048  -59.821  -4.460 0.8999999762
17363  -11.942  -60.882  -4.136 1.0000000000
17364  -12.964  -61.338  -4.294 1.0000000000
17381  -14.282  -60.888  -5.062 1.0000000000
18173  -15.446  -60.266  -4.566 1.0000000000
12662  -0.516  -66.408  3.871 0.3000000119
12682  -0.532  -66.206  2.883 0.5000000000
12705  -1.259  -66.363  0.705 0.8999999762
12694  -0.517  -65.988  2.020 0.5000000000
13420  -2.712  -64.831  -0.274 0.8999999762
117534  -3.710  -64.720  -0.393 0.8999999762
14962  -3.599  -63.356  -0.373 0.8999999762
109526  -4.404  -63.319  -0.444 0.8999999762
15758  -3.844  -62.622  -0.397 0.8999999762
109486  -5.218  -63.285  -0.466 0.8999999762
109530  -4.063  -61.802  -0.423 0.8999999762
15760  -5.636  -62.448  -0.470 0.8999999762
15761  -6.381  -62.004  -0.313 1.0000000000
16500  -4.928  -61.683  -0.505 0.8999999762
16502  -6.474  -61.194  -0.269 1.0000000000
15762  -7.066  -62.448  -0.096 1.0000000000
129912  -0.571  -61.630  -4.190 0.4000000060
15807  -0.795  -62.138  -3.675 0.5000000000
17303  -5.851  -60.544  -0.462 1.0000000000
17304  -6.614  -60.347  -0.254 1.0000000000
17289  -7.425  -60.021  0.137 1.0000000000
129551  -8.067  -60.085  0.436 1.0000000000
120628  -0.547  -62.338  -4.414 0.5000000000
14999  -0.729  -63.116  -3.832 0.8999999762
15798  -1.148  -62.612  -3.217 0.8999999762
18103  -7.268  -59.168  -0.142 1.0000000000
18104  -8.121  -59.379  0.339 1.0000000000
15010  -0.533  -63.121  -4.757 0.6999999881
14984  -2.618  -63.389  -2.672 0.8999999762
14985  -4.517  -63.224  -2.507 1.0000000000
18871  -8.617  -58.517  0.251 1.0000000000
19674  -9.029  -57.313  -0.763 1.0000000000
112129  -10.021  -57.502  -0.404 1.0000000000
15810  -0.571  -62.340  -5.337 0.4000000060
126896  -5.818  -62.141  -2.515 1.0000000000
115088  -6.593  -62.810  -2.494 1.0000000000
20526  -10.932  -55.549  -4.180 0.6999999881
19725  -12.203  -56.880  -4.557 0.8999999762
19735  -13.012  -57.000  -4.854 0.8999999762
20528  -14.459  -56.962  -4.364 1.0000000000
19728  -15.011  -57.608  -3.578 0.8000000119
16533  -8.213  -60.835  -2.279 1.0000000000
16564  -0.543  -61.422  -6.081 0.3000000119
17335  -10.249  -60.244  -2.005 1.0000000000
18142  -10.111  -59.655  -2.618 1.0000000000
18159  -10.395  -59.617  -3.419 1.0000000000
17362  -11.080  -60.245  -3.816 1.0000000000
18949  -16.457  -59.444  -3.992 0.8999999762
18172  -11.336  -60.222  -4.742 1.0000000000
17379  -12.288  -60.698  -4.971 1.0000000000
17380  -13.347  -61.001  -5.063 1.0000000000
17382  -14.950  -60.600  -5.041 1.0000000000
18191  -14.541  -60.177  -5.751 1.0000000000
120693  -0.588  -65.560  3.601 0.4000000060
12704  -0.640  -65.604  1.209 0.6999999881
13383  -0.498  -65.323  2.862 0.3000000119
115303  -0.446  -65.208  2.077 0.5000000000
13411  -1.915  -65.319  -0.103 0.8999999762
122993  -1.271  -65.515  0.444 0.8999999762
14173  -1.416  -64.084  0.129 0.8999999762
14174  -2.072  -63.866  -0.202 0.8999999762
14175  -3.198  -64.031  -0.356 0.8999999762
14961  -1.952  -62.853  -0.148 0.8999999762
15757  -2.058  -61.900  -0.178 0.8999999762
110456  -3.112  -61.855  -0.308 0.8999999762
112718  -4.251  -60.915  -0.443 0.8999999762
116308  -4.389  -60.097  -0.459 0.8999999762
112728  -5.064  -60.746  -0.506 0.8999999762
115800  -5.054  -59.658  -0.516 0.8999999762
120406  -5.963  -59.762  -0.503 1.0000000000
125487  -6.493  -58.502  -0.583 1.0000000000
18870  -7.514  -58.401  -0.333 1.0000000000
15782  -2.447  -62.404  -2.701 0.8999999762
15783  -3.184  -62.678  -2.585 0.8999999762
124903  -7.256  -57.672  -0.735 1.0000000000
20477  -7.823  -56.557  -1.300 0.8999999762
130688  -8.282  -55.161  -2.342 0.8999999762
21351  -8.784  -54.919  -2.670 0.8000000119
22280  -9.252  -54.622  -2.696 0.6999999881
125409  -5.249  -62.878  -2.526 1.0000000000
16531  -6.432  -61.239  -2.472 1.0000000000
20493  -9.077  -55.620  -2.352 1.0000000000
20508  -9.429  -55.194  -3.106 0.8999999762
21362  -9.661  -54.990  -3.253 0.6999999881
22293  -11.405  -54.837  -3.884 0.6999999881
21380  -13.601  -55.667  -4.130 0.6999999881
21386  -13.312  -55.888  -4.798 0.8999999762
15786  -6.890  -61.931  -2.425 1.0000000000
16532  -7.313  -61.054  -2.403 1.0000000000
123177  -8.614  -60.141  -2.417 1.0000000000
110145  -14.605  -56.813  -2.776 0.6999999881
20512  -14.697  -56.683  -3.876 0.6999999881
19709  -15.563  -58.375  -2.816 0.6999999881
18141  -9.336  -59.713  -2.501 1.0000000000
18919  -16.445  -58.711  -2.546 0.6999999881
18939  -16.138  -59.044  -3.295 0.8000000119
18158  -9.728  -59.156  -3.024 1.0000000000
18171  -10.609  -59.655  -4.399 1.0000000000
18189  -11.685  -59.931  -5.503 1.0000000000
18190  -13.621  -60.321  -5.701 1.0000000000
18192  -15.394  -60.167  -5.369 1.0000000000
125252  -15.932  -59.983  -4.964 0.8999999762
18174  -16.600  -59.626  -4.906 0.8999999762
116783  -17.199  -59.157  -4.244 0.8999999762
18963  -11.192  -59.177  -5.918 1.0000000000
112872  -12.658  -60.207  -5.651 1.0000000000
18212  -13.816  -59.724  -6.208 1.0000000000
18193  -15.991  -59.748  -5.634 1.0000000000
14163  -0.585  -63.997  1.294 0.6999999881
14950  -1.168  -63.196  0.291 0.8000000119
15756  -1.269  -62.094  0.220 0.8000000119
17273  -1.214  -61.025  1.105 0.6999999881
17301  -1.988  -60.313  0.226 0.8000000119
18114  -2.643  -59.469  0.110 0.8000000119
17302  -2.673  -60.094  -0.136 0.8999999762
18115  -3.031  -59.243  -0.185 0.8000000119
18886  -3.934  -58.049  -0.323 0.8999999762
120111  -4.570  -58.593  -0.510 0.8999999762
18888  -5.510  -57.546  -0.762 1.0000000000
19672  -5.786  -56.540  -1.032 1.0000000000
15781  -1.673  -62.125  -2.891 0.8000000119
16528  -3.276  -61.777  -2.575 0.8999999762
15784  -3.955  -62.502  -2.507 0.8999999762
20476  -6.865  -55.793  -1.477 1.0000000000
22262  -7.507  -54.817  -1.771 0.6999999881
22263  -8.386  -54.643  -2.154 0.6999999881
121200  -9.113  -54.367  -2.115 0.6999999881
22265  -10.767  -54.510  -2.350 0.6999999881
15785  -4.819  -62.344  -2.522 1.0000000000
22246  -9.823  -54.307  -1.206 0.6999999881
22247  -10.945  -54.495  -0.528 0.6999999881
118024  -11.714  -54.690  -2.353 0.6999999881
22283  -11.944  -54.810  -3.288 0.6999999881
121810  -13.487  -55.650  -3.076 0.6999999881
130502  -14.050  -56.124  -2.656 0.6999999881
17333  -6.817  -60.460  -2.501 1.0000000000
17334  -7.751  -60.149  -2.505 1.0000000000
125763  -12.261  -54.849  -1.594 0.6999999881
20495  -13.445  -55.732  -1.731 0.6999999881
115602  -15.213  -57.770  -2.233 0.6000000238
19691  -15.938  -58.387  -1.770 0.6000000238
18140  -8.469  -59.530  -2.670 1.0000000000
19678  -14.776  -57.293  -1.291 0.6000000238
109825  -15.497  -57.911  -1.023 0.6000000238
18157  -8.973  -58.954  -2.850 0.8999999762
18935  -9.296  -58.662  -3.575 1.0000000000
19692  -16.698  -58.306  -1.692 0.5000000000
19710  -17.188  -58.438  -2.629 0.6999999881
119977  -16.869  -58.980  -3.330 0.8000000119
18170  -10.046  -58.997  -3.906 1.0000000000
18940  -17.577  -58.526  -3.572 0.8000000119
18947  -10.199  -58.994  -4.860 1.0000000000
18210  -12.094  -59.419  -6.107 1.0000000000
18982  -12.550  -58.786  -6.572 1.0000000000
123787  -13.558  -58.959  -6.645 1.0000000000
127745  -14.201  -58.851  -6.762 1.0000000000
18983  -14.899  -58.823  -6.772 1.0000000000
18985  -16.566  -58.819  -6.531 1.0000000000
18964  -16.723  -59.371  -5.877 0.8999999762
18950  -17.408  -59.103  -5.255 0.8999999762
18941  -17.945  -58.575  -4.547 0.8000000119
18211  -13.033  -59.592  -6.201 1.0000000000
124143  -14.365  -59.402  -6.436 1.0000000000
18213  -15.200  -59.667  -6.139 1.0000000000
14133  -0.622  -64.467  2.634 0.4000000060
14157  -0.546  -63.987  1.997 0.4000000060
14933  -0.596  -63.339  1.743 0.5000000000
116451  -1.106  -61.706  1.593 0.5000000000
18079  -5.424  -59.088  1.857 0.1000000015
15742  -0.788  -62.315  0.791 0.8000000119
18844  -5.756  -58.401  1.779 0.2000000030
19646  -6.200  -57.608  1.648 0.2000000030
18102  -2.411  -59.697  0.545 0.6000000238
18087  -2.742  -59.183  0.809 0.6000000238
19645  -3.608  -57.906  0.307 0.6000000238
19653  -3.943  -57.402  0.088 0.6999999881
20461  -5.250  -56.304  -0.147 0.6999999881
17347  -0.953  -60.502  -3.465 0.5000000000
124497  -1.680  -60.965  -2.898 0.5000000000
20474  -5.594  -56.180  -0.678 0.6999999881
21331  -6.453  -55.105  -0.992 0.6999999881
123700  -1.562  -61.482  -2.939 0.6999999881
128539  -4.797  -60.868  -2.485 0.6999999881
22243  -7.103  -54.757  -1.183 0.8000000119
22230  -8.486  -54.560  -0.352 0.6999999881
22232  -10.458  -54.496  0.174 0.6000000238
22233  -11.435  -54.628  0.656 0.6000000238
16530  -5.073  -61.640  -2.511 0.8999999762
125431  -5.641  -61.156  -2.494 0.8000000119
17332  -6.143  -60.647  -2.492 1.0000000000
22248  -11.929  -54.716  -0.051 0.6999999881
117919  -12.465  -54.918  -0.706 0.6999999881
18138  -6.263  -59.968  -2.518 1.0000000000
112704  -7.766  -59.431  -2.699 1.0000000000
18915  -7.331  -58.951  -2.824 0.8999999762
21333  -12.790  -55.210  -1.351 0.6999999881
20496  -14.151  -56.479  -1.557 0.6000000238
18916  -8.178  -58.911  -2.877 0.8999999762
18934  -8.526  -58.471  -3.383 1.0000000000
20479  -14.659  -56.502  -0.249 0.5000000000
124682  -15.233  -57.294  -0.422 0.5000000000
110626  -16.217  -58.054  -0.857 0.5000000000
18946  -9.557  -58.520  -4.471 1.0000000000
19693  -17.087  -57.671  -0.839 0.5000000000
18961  -9.751  -58.405  -5.337 1.0000000000
115726  -17.615  -57.708  -1.923 0.6000000238
116011  -17.938  -57.874  -2.947 0.8000000119
18980  -9.998  -58.199  -6.082 1.0000000000
18981  -10.753  -58.480  -6.276 1.0000000000
19766  -11.614  -58.646  -6.442 1.0000000000
19768  -14.016  -58.230  -7.107 1.0000000000
18984  -15.895  -59.212  -6.418 1.0000000000
18965  -17.368  -58.789  -6.198 0.8999999762
19745  -18.204  -58.396  -5.645 0.8999999762
19729  -18.345  -57.977  -3.830 0.8000000119
117329  -11.143  -57.938  -6.748 1.0000000000
115163  -12.999  -58.132  -7.041 1.0000000000
117194  -14.842  -58.010  -7.209 1.0000000000
19769  -15.798  -58.252  -7.022 1.0000000000
19784  -16.892  -58.115  -6.877 0.8999999762
19736  -18.707  -57.931  -4.748 0.8999999762
19780  -12.477  -57.332  -7.247 1.0000000000
19782  -14.318  -57.347  -7.448 1.0000000000
19783  -15.219  -57.338  -7.448 1.0000000000
19770  -17.849  -58.033  -6.542 0.8999999762
19771  -18.537  -57.788  -6.207 0.8999999762
19746  -18.956  -57.662  -5.598 0.8999999762
130143  -1.584  -61.907  1.924 0.1000000015
16472  -2.376  -60.374  1.445 0.3000000119
17276  -4.107  -59.911  1.675 0.1000000015
18090  -4.785  -59.409  1.727 0.1000000015
18856  -4.619  -58.339  1.381 0.4000000060
123457  -1.758  -60.468  1.179 0.6999999881
17274  -2.216  -59.846  1.049 0.4000000060
18089  -3.817  -58.958  1.316 0.5000000000
18855  -3.684  -58.236  0.867 0.6000000238
109947  -4.180  -57.423  0.586 0.6000000238
20449  -4.909  -56.754  0.488 0.6999999881
20462  -5.777  -55.790  0.003 0.6999999881
21305  -6.992  -55.583  0.740 0.5000000000
21306  -8.999  -55.170  1.527 0.4000000060
17329  -2.095  -60.533  -2.756 0.6000000238
17331  -3.853  -60.921  -2.521 0.6999999881
18137  -4.882  -59.974  -2.484 0.8000000119
112700  -5.562  -60.372  -2.485 0.8000000119
21332  -6.861  -54.890  -0.525 0.6999999881
21320  -8.188  -54.895  0.598 0.6000000238
21321  -9.157  -54.748  0.713 0.5000000000
17330  -2.934  -60.782  -2.632 0.6999999881
112721  -3.510  -60.097  -2.552 0.6999999881
128513  -4.246  -60.291  -2.493 0.8000000119
22249  -12.827  -54.992  0.358 0.6999999881
18914  -6.382  -59.089  -2.693 0.8999999762
18933  -7.723  -58.351  -3.222 0.8999999762
21334  -13.270  -55.454  -0.400 0.6000000238
19724  -8.140  -57.778  -3.761 1.0000000000
20480  -15.583  -56.623  0.382 0.5000000000
19733  -8.482  -57.492  -4.523 1.0000000000
18960  -9.153  -57.914  -4.920 1.0000000000
108870  -9.328  -57.779  -5.781 1.0000000000
19764  -9.672  -57.466  -6.567 1.0000000000
19765  -10.393  -57.885  -6.561 1.0000000000
113864  -18.702  -57.302  -3.260 0.6000000238
19778  -10.560  -57.226  -7.037 1.0000000000
19779  -11.585  -57.282  -7.130 1.0000000000
20539  -19.318  -57.117  -4.827 0.8000000119
19730  -18.972  -57.435  -4.051 0.6999999881
122983  -12.026  -56.727  -7.388 1.0000000000
19781  -13.394  -57.351  -7.374 1.0000000000
20581  -13.783  -56.572  -7.699 1.0000000000
115989  -16.244  -57.184  -7.402 1.0000000000
20566  -18.292  -57.242  -6.699 1.0000000000
20548  -19.369  -57.033  -5.659 0.8000000119
15711  -1.139  -62.359  2.080 0.3000000119
16471  -1.766  -61.147  1.603 0.3000000119
109605  -5.147  -57.488  1.203 0.6000000238
124970  -5.628  -56.901  1.067 0.6999999881
19647  -6.531  -56.725  1.362 0.5000000000
20451  -7.925  -55.670  1.432 0.4000000060
127668  -1.856  -59.804  -2.800 0.4000000060
18135  -2.601  -59.885  -2.663 0.6000000238
113094  -3.207  -59.101  -2.592 0.6999999881
20450  -7.088  -56.119  1.264 0.5000000000
108204  -9.963  -55.281  2.302 0.4000000060
17328  -1.390  -60.278  -2.989 0.5000000000
18136  -4.154  -59.557  -2.515 0.8000000119
18913  -4.902  -59.148  -2.531 0.8000000119
18931  -5.578  -58.868  -2.651 0.8999999762
124916  -5.978  -58.304  -2.909 0.8999999762
18932  -6.851  -58.338  -3.063 0.8999999762
19744  -8.716  -57.315  -5.345 1.0000000000
20578  -10.227  -56.487  -7.507 1.0000000000
20579  -11.230  -56.480  -7.477 1.0000000000
121403  -19.538  -56.319  -4.668 0.8000000119
21427  -12.013  -56.108  -7.609 1.0000000000
20580  -12.789  -56.508  -7.591 1.0000000000
21428  -13.306  -55.802  -7.944 1.0000000000
20583  -15.466  -56.630  -7.702 1.0000000000
111615  -16.936  -56.393  -7.519 1.0000000000
20584  -17.907  -56.498  -7.208 1.0000000000
20585  -18.887  -56.430  -6.761 1.0000000000
20568  -19.569  -56.530  -6.108 0.8000000119
20540  -19.661  -56.433  -5.384 0.8000000119
126344  -1.853  -58.031  -2.773 0.5000000000
121580  -2.035  -58.958  -2.701 0.5000000000
18911  -3.432  -58.275  -2.640 0.6000000238
18912  -4.137  -58.697  -2.574 0.8000000119
18134  -1.360  -59.337  -2.990 0.4000000060
19704  -4.997  -58.257  -2.758 0.8999999762
112788  -7.264  -57.693  -3.560 1.0000000000
19723  -6.725  -57.066  -3.813 1.0000000000
124224  -7.643  -57.057  -4.242 1.0000000000
19763  -8.857  -57.121  -6.196 1.0000000000
124161  -9.084  -56.822  -6.939 1.0000000000
19777  -9.769  -56.915  -7.128 1.0000000000
21426  -10.667  -55.821  -7.823 1.0000000000
21387  -19.335  -55.669  -4.239 0.6000000238
126258  -11.501  -55.704  -7.782 1.0000000000
126366  -12.495  -55.696  -7.828 1.0000000000
21429  -14.209  -55.843  -8.026 1.0000000000
21430  -15.185  -55.858  -8.053 1.0000000000
117645  -16.040  -56.198  -7.801 1.0000000000
21432  -17.541  -55.620  -7.601 0.8999999762
21433  -18.331  -55.890  -7.256 0.8999999762
21448  -11.968  -55.106  -7.965 0.8999999762
21449  -12.849  -55.077  -8.136 1.0000000000
121855  -13.712  -55.101  -8.246 1.0000000000
21450  -14.599  -55.102  -8.306 1.0000000000
21451  -15.437  -55.023  -8.305 1.0000000000
22327  -17.026  -54.925  -8.042 1.0000000000
109972  -18.305  -55.300  -7.469 0.8999999762
22314  -19.726  -54.965  -6.837 0.8999999762
18909  -1.392  -58.407  -3.009 0.4000000060
19703  -4.040  -57.851  -2.740 0.8000000119
19722  -5.569  -57.600  -3.167 0.8999999762
18930  -1.133  -57.925  -3.651 0.2000000030
113373  -6.415  -57.688  -3.338 1.0000000000
18156  -1.038  -58.888  -3.496 0.3000000119
20546  -7.451  -56.455  -5.104 1.0000000000
20547  -8.183  -56.739  -5.711 1.0000000000
20577  -9.403  -56.420  -7.474 1.0000000000
21425  -9.783  -55.888  -7.881 1.0000000000
21446  -10.172  -55.246  -8.230 0.8999999762
21447  -11.061  -55.133  -8.107 0.8999999762
22328  -17.856  -54.787  -7.817 0.8999999762
119516  -13.228  -54.382  -8.423 0.8999999762
22350  -14.103  -54.393  -8.514 1.0000000000
22351  -14.969  -54.387  -8.572 1.0000000000
22354  -17.379  -54.299  -8.189 0.8999999762
18910  -2.607  -58.182  -2.677 0.5000000000
19700  -1.493  -57.495  -2.983 0.3000000119
19721  -4.667  -57.355  -3.044 0.6000000238
20525  -5.951  -56.534  -4.035 0.8000000119
20505  -1.688  -56.749  -2.955 0.3000000119
20535  -6.775  -56.573  -4.451 0.8000000119
21408  -7.646  -55.836  -6.705 0.8000000119
20564  -7.599  -56.155  -6.007 1.0000000000
21423  -7.393  -55.287  -6.945 0.6999999881
128091  -8.722  -56.297  -7.339 1.0000000000
21424  -8.084  -55.614  -7.439 0.8000000119
20576  -8.952  -55.871  -7.821 0.8999999762
21444  -8.615  -55.271  -8.035 0.8000000119
22347  -10.545  -54.577  -8.619 0.8000000119
22348  -11.466  -54.461  -8.453 0.8999999762
23216  -12.734  -53.737  -8.699 0.8999999762
23217  -13.617  -53.705  -8.764 1.0000000000
23218  -14.514  -53.715  -8.828 1.0000000000
22353  -16.651  -54.279  -8.378 0.8999999762
23204  -18.139  -53.925  -8.008 0.8999999762
24042  -14.979  -53.090  -9.110 0.8999999762
23219  -15.378  -53.700  -8.779 0.8999999762
19702  -3.114  -57.518  -2.738 0.4000000060
20507  -3.721  -57.005  -2.937 0.5000000000
108804  -5.248  -56.851  -3.494 0.6999999881
19701  -2.133  -57.194  -2.732 0.3000000119
20524  -4.308  -56.508  -3.310 0.6000000238
20545  -6.536  -55.987  -4.963 0.8000000119
21393  -6.998  -55.897  -5.581 0.6999999881
21392  -6.291  -55.348  -5.516 0.6999999881
21407  -7.040  -55.422  -6.228 0.6999999881
22325  -7.426  -54.680  -7.391 0.6999999881
22345  -8.766  -54.689  -8.447 0.8000000119
22346  -9.623  -54.672  -8.637 0.8000000119
23215  -11.883  -53.809  -8.776 0.8999999762
23230  -13.081  -53.078  -9.086 0.8999999762
23231  -14.049  -52.971  -9.204 0.8999999762
24043  -15.786  -53.034  -8.995 0.6999999881
127305  -15.398  -52.571  -9.255 0.8000000119
123732  -2.776  -56.603  -2.846 0.3000000119
124045  -3.376  -56.164  -3.087 0.3000000119
21376  -4.861  -55.903  -3.838 0.6999999881
20534  -5.700  -55.806  -4.568 0.6999999881
21373  -2.629  -55.335  -3.701 0.3000000119
110210  -3.830  -55.701  -3.443 0.4000000060
21384  -4.855  -54.960  -4.289 0.6999999881
128362  -6.042  -55.567  -5.009 0.6999999881
22312  -6.360  -54.591  -6.031 0.6999999881
22313  -6.905  -54.641  -6.709 0.6999999881
22326  -8.057  -54.716  -8.000 0.6999999881
112774  -7.516  -53.856  -7.811 0.6000000238
23203  -8.191  -53.916  -8.440 0.6999999881
108370  -8.992  -53.981  -8.910 0.6999999881
23214  -10.938  -53.842  -9.094 0.6999999881
122184  -11.538  -53.368  -9.258 0.6999999881
23229  -12.234  -53.205  -9.116 0.6999999881
24054  -13.353  -52.372  -9.430 0.6999999881
114519  -14.070  -52.211  -9.483 0.8000000119
24055  -14.744  -52.413  -9.392 0.8000000119
24878  -14.570  -51.587  -9.616 0.6999999881
24056  -15.390  -51.936  -9.438 0.6999999881
21374  -3.212  -55.166  -3.613 0.3000000119
21375  -4.050  -54.951  -3.798 0.6000000238
21391  -5.606  -55.062  -4.918 0.6999999881
22304  -4.992  -54.165  -4.701 0.6999999881
121940  -5.227  -53.609  -5.112 0.5000000000
113210  -6.416  -53.952  -6.405 0.4000000060
23198  -6.871  -53.677  -7.001 0.6000000238
23227  -10.182  -53.330  -9.559 0.6000000238
23228  -10.943  -53.131  -9.633 0.6999999881
120699  -11.669  -52.799  -9.619 0.6999999881
24053  -12.493  -52.548  -9.512 0.6999999881
24876  -12.799  -51.825  -9.843 0.5000000000
24877  -13.657  -51.667  -9.700 0.6999999881
25672  -14.000  -50.955  -9.883 0.5000000000
24879  -15.383  -51.159  -9.582 0.5000000000
22291  -3.537  -54.389  -3.912 0.6000000238
22299  -4.130  -53.964  -4.132 0.5000000000
22290  -3.071  -54.507  -3.990 0.1000000015
23176  -3.482  -53.868  -4.231 0.4000000060
23182  -3.846  -53.284  -4.652 0.3000000119
23190  -5.097  -52.772  -5.175 0.4000000060
23191  -5.802  -53.568  -5.732 0.4000000060
24017  -4.157  -52.054  -5.368 0.2000000030
128486  -5.892  -52.110  -6.175 0.3000000119
23201  -6.437  -52.465  -6.748 0.5000000000
121799  -4.504  -51.411  -5.940 0.1000000015
23211  -7.706  -52.983  -8.143 0.4000000060
23212  -8.427  -52.986  -8.857 0.6000000238
24843  -4.994  -50.875  -6.530 0.1000000015
24034  -7.159  -51.930  -7.728 0.3000000119
24051  -10.365  -52.737  -9.841 0.5000000000
119073  -9.301  -51.870  -9.738 0.5000000000
24063  -10.109  -51.979  -10.093 0.5000000000
24052  -10.970  -52.468  -10.023 0.5000000000
24064  -10.929  -51.818  -10.293 0.5000000000
24888  -11.372  -51.251  -10.418 0.5000000000
25686  -11.787  -50.657  -10.491 0.5000000000
24889  -12.287  -51.241  -10.286 0.5000000000
116902  -14.764  -50.746  -9.796 0.3000000119
127517  -15.388  -50.487  -9.694 0.5000000000
25674  -15.789  -49.919  -9.631 0.2000000030
25687  -12.606  -50.341  -10.459 0.3000000119
25688  -13.593  -50.342  -10.248 0.4000000060
25689  -14.131  -49.703  -10.283 0.3000000119
26496  -14.958  -49.934  -9.982 0.2000000030
128093  -5.490  -50.403  -7.652 0.1000000015
24865  -5.977  -50.213  -7.846 0.1000000015
24866  -7.027  -50.967  -7.977 0.2000000030
24854  -5.565  -50.683  -7.215 0.2000000030
24873  -8.521  -51.217  -9.267 0.4000000060
24887  -10.417  -51.104  -10.338 0.4000000060
121636  -11.620  -49.879  -10.591 0.4000000060
26514  -13.257  -49.498  -10.558 0.2000000030
26515  -13.907  -48.956  -10.524 0.2000000030
124828  -5.521  -50.248  -8.085 0.1000000015
116473  -6.782  -50.102  -8.353 0.2000000030
24867  -7.704  -51.076  -8.614 0.2000000030
25659  -6.022  -49.665  -8.560 0.1000000015
25661  -7.536  -50.058  -8.814 0.2000000030
24874  -9.361  -50.860  -9.873 0.4000000060
25684  -9.932  -50.024  -10.241 0.3000000119
25685  -10.939  -50.397  -10.517 0.3000000119
26513  -12.290  -49.389  -10.670 0.3000000119
125820  -11.872  -48.628  -10.785 0.2000000030
27352  -12.739  -48.647  -10.842 0.2000000030
129920  -13.370  -48.888  -10.694 0.2000000030
27365  -12.810  -47.672  -11.110 0.2000000030
27351  -10.863  -48.022  -10.659 0.2000000030
27364  -11.852  -47.776  -10.963 0.2000000030
28203  -13.706  -47.473  -10.986 0.2000000030
28214  -10.781  -46.745  -10.893 0.2000000030
28216  -12.998  -46.796  -11.311 0.2000000030
28215  -11.883  -46.660  -11.259 0.1000000015
29079  -9.703  -45.797  -10.843 0.2000000030
116439  -10.654  -45.723  -11.261 0.1000000015
29093  -12.396  -46.121  -11.447 0.1000000015
124243  -17.012  -91.642  -10.758 0.3000000119
427  -19.641  -90.462  -11.932 0.3000000119
13403  -0.515  -64.676  1.667 0.6999999881
24853  -5.080  -50.629  -7.422 0.1000000015
27  -11.555  -94.193  -11.099 0.5000000000
112145  -18.056  -91.131  -13.281 0.6000000238
313  -19.122  -90.465  -12.693 0.3000000119
116481  -15.979  -92.288  -11.942 0.4000000060
310  -16.841  -91.784  -13.216 0.4000000060
210  -16.667  -91.808  -12.166 0.3000000119
311  -17.350  -91.383  -12.375 0.3000000119
316  -17.418  -91.471  -13.834 0.6000000238
322  -17.222  -91.484  -14.886 0.6000000238
460  -18.679  -90.631  -15.963 0.8000000119
665  -19.180  -89.722  -17.614 0.8000000119
924  -18.930  -88.800  -17.765 0.8999999762
614  -7.331  -89.088  -12.048 1.0000000000
1249  -21.004  -87.755  -18.857 0.6000000238
910  -19.049  -87.969  -17.032 0.8999999762
1248  -20.414  -87.301  -18.805 0.6000000238
1259  -20.604  -86.981  -19.895 0.6000000238
1611  -19.091  -86.418  -20.377 0.6999999881
1492  -9.786  -86.729  -10.441 1.0000000000
891  -16.907  -88.565  -14.975 1.0000000000
410  -11.687  -90.546  -9.354 1.0000000000
124462  -13.914  -90.835  -12.916 1.0000000000
119395  -5.072  -85.050  -20.326 0.6999999881
1589  -4.904  -86.319  -19.295 0.8000000119
1252  -5.233  -86.917  -19.037 0.6999999881
1264  -6.774  -86.854  -20.063 0.6000000238
929  -6.242  -88.125  -18.200 0.8999999762
1217  -6.256  -87.879  -16.854 1.0000000000
645  -7.378  -89.270  -15.990 1.0000000000
1257  -16.834  -87.563  -19.862 0.8000000119
965  -19.033  -88.102  -23.115 0.5000000000
605  -13.937  -89.583  -9.808 1.0000000000
1929  -6.243  -86.092  -17.374 1.0000000000
1567  -5.776  -87.242  -17.411 1.0000000000
1562  -16.783  -86.556  -15.990 1.0000000000
1234  -16.549  -86.858  -17.569 1.0000000000
112072  -17.859  -88.565  -23.306 0.6000000238
463  -10.081  -91.005  -16.580 0.8999999762
947  -15.847  -88.707  -20.669 0.8000000119
956  -16.624  -88.633  -22.074 0.5000000000
120761  -17.650  -88.559  -24.066 0.5000000000
970  -17.163  -88.697  -23.481 0.6000000238
969  -16.305  -88.755  -23.692 0.5000000000
855  -13.668  -88.241  -10.879 1.0000000000
868  -13.422  -88.058  -11.598 1.0000000000
699  -15.032  -89.160  -21.152 0.6999999881
960  -13.994  -88.518  -22.955 0.6000000238
2319  -12.773  -84.907  -10.776 1.0000000000
1868  -12.451  -85.421  -10.534 1.0000000000
1503  -12.489  -86.432  -10.924 1.0000000000
4359  -1.260  -80.192  -21.614 0.6000000238
126224  -2.607  -78.577  -15.803 1.0000000000
111672  -12.981  -84.234  -11.283 1.0000000000
1544  -10.821  -85.955  -13.308 1.0000000000
2776  -13.130  -83.320  -12.452 1.0000000000
3676  0.430  -81.451  -7.618 0.4000000060
4751  0.149  -79.280  -8.188 0.8000000119
6350  0.050  -76.048  -7.899 0.8999999762
4780  -12.419  -79.114  -10.694 1.0000000000
4841  -12.094  -79.178  -14.706 1.0000000000
4908  -3.468  -79.074  -22.373 0.2000000030
6977  -0.860  -75.071  -8.987 1.0000000000
5809  -10.210  -77.125  -8.655 1.0000000000
5824  -11.703  -77.744  -9.533 1.0000000000
5850  -12.395  -78.215  -10.725 1.0000000000
5870  -10.667  -77.905  -13.193 1.0000000000
5361  -11.805  -78.642  -13.977 1.0000000000
108990  -0.413  -77.043  -5.361 0.6000000238
117220  0.071  -77.375  -15.548 0.8000000119
8159  -1.253  -73.613  -6.944 1.0000000000
7577  -10.133  -74.172  -9.543 1.0000000000
8831  -9.099  -72.898  -12.519 1.0000000000
110787  -10.825  -73.688  -11.362 1.0000000000
8728  -5.650  -72.313  -5.033 1.0000000000
113228  -6.691  -72.091  -6.366 1.0000000000
7513  -1.653  -74.659  -2.305 0.8999999762
8193  -5.563  -73.271  -11.880 1.0000000000
8829  -7.289  -72.853  -12.311 1.0000000000
111691  -6.782  -72.580  -11.845 1.0000000000
9417  -11.395  -71.278  -9.618 1.0000000000
125055  0.213  -73.232  -17.661 0.5000000000
8693  -3.376  -72.914  -0.925 1.0000000000
8079  -0.839  -72.913  -1.359 0.8999999762
9330  -1.424  -71.943  -1.308 1.0000000000
110768  -11.769  -71.238  -8.865 1.0000000000
10057  -9.925  -70.464  -10.292 1.0000000000
8257  0.314  -73.054  -16.113 0.8000000119
9321  -1.727  -71.969  -0.558 1.0000000000
10055  -8.130  -70.786  -10.492 1.0000000000
10765  -11.094  -69.987  -9.373 1.0000000000
10024  -11.945  -69.974  -7.914 1.0000000000
8843  0.306  -72.755  -13.405 0.8999999762
8815  0.028  -72.471  -11.332 1.0000000000
8670  -2.466  -72.573  0.156 1.0000000000
110355  0.286  -71.760  -13.129 0.8999999762
10068  0.065  -71.226  -11.086 1.0000000000
10750  -4.720  -69.308  -8.085 1.0000000000
10830  -0.694  -69.190  -17.007 0.3000000119
10053  0.015  -70.486  -10.739 1.0000000000
10035  -0.228  -70.646  -9.978 1.0000000000
114581  -0.448  -69.228  -9.732 0.8999999762
10746  -0.994  -69.588  -8.369 0.8999999762
122244  -1.647  -69.814  -8.342 1.0000000000
115884  -3.976  -68.814  -6.337 1.0000000000
12149  -0.285  -67.474  -13.160 0.4000000060
114897  -1.549  -70.309  4.066 0.6000000238
11455  -0.747  -68.537  -9.016 0.8999999762
108648  -2.135  -69.047  1.886 0.8999999762
11393  -11.871  -67.240  -3.104 1.0000000000
12065  -11.863  -67.065  -2.707 1.0000000000
12084  -10.977  -67.241  -3.768 1.0000000000
12125  -0.966  -67.751  -7.730 0.8000000119
11447  -1.337  -68.219  -6.836 0.8999999762
10725  -2.137  -68.537  -6.415 0.8999999762
10711  -2.681  -68.551  -5.867 0.8999999762
12111  -1.288  -67.548  -5.576 0.8999999762
12098  -2.149  -67.873  -4.257 1.0000000000
11407  -3.665  -68.797  -3.595 1.0000000000
11408  -4.573  -68.946  -3.338 1.0000000000
12821  -0.999  -66.282  -10.760 0.4000000060
12753  -11.790  -66.727  -3.156 1.0000000000
12766  -11.440  -66.571  -3.415 1.0000000000
118191  -1.141  -65.990  -8.575 0.6999999881
13424  -7.817  -65.541  -0.137 1.0000000000
12735  -11.878  -66.283  -2.083 1.0000000000
13427  -10.869  -65.585  -0.324 1.0000000000
12724  -11.451  -65.935  -1.113 1.0000000000
13426  -9.790  -65.824  -0.221 1.0000000000
13483  -0.883  -65.611  -4.036 0.8000000119
121209  -10.122  -65.784  -3.372 1.0000000000
13455  -11.771  -65.168  -2.577 1.0000000000
125123  -7.244  -63.924  -0.121 1.0000000000
13412  -9.228  -65.078  0.260 1.0000000000
118315  -6.518  -64.971  -2.556 1.0000000000
14180  -12.046  -64.797  -1.071 1.0000000000
13438  -12.117  -64.934  -1.727 1.0000000000
122823  -7.386  -65.032  -2.659 1.0000000000
14200  -10.306  -65.032  -3.118 1.0000000000
14189  -12.064  -64.363  -1.370 1.0000000000
14178  -11.191  -64.867  0.099 1.0000000000
14169  -11.502  -64.147  0.500 1.0000000000
14953  -11.746  -63.420  0.803 1.0000000000
15728  -11.818  -62.088  1.276 1.0000000000
15727  -10.971  -62.170  1.505 1.0000000000
14954  -12.153  -63.030  0.481 1.0000000000
15763  -12.344  -62.727  -0.151 1.0000000000
15747  -12.269  -62.395  0.675 1.0000000000
15729  -12.276  -61.629  0.795 1.0000000000
17292  -12.748  -60.181  0.198 1.0000000000
129984  -12.006  -62.132  -1.310 1.0000000000
17306  -12.937  -60.748  -0.582 1.0000000000
18143  -13.761  -60.371  -2.165 1.0000000000
113518  -6.387  -62.711  -0.358 0.8999999762
14951  -8.410  -63.654  0.388 1.0000000000
15745  -9.206  -62.560  0.838 1.0000000000
114196  -0.951  -64.102  -3.698 0.8999999762
116387  -3.283  -64.120  -2.563 0.8999999762
15726  -9.992  -62.184  1.325 1.0000000000
16475  -11.262  -61.232  1.489 1.0000000000
17278  -10.406  -60.600  1.432 1.0000000000
14988  -7.182  -63.450  -2.523 1.0000000000
127004  -12.439  -59.417  0.477 1.0000000000
18106  -11.880  -59.091  0.894 1.0000000000
129096  -11.279  -57.738  -0.107 1.0000000000
19727  -13.709  -57.591  -4.449 1.0000000000
15744  -8.512  -62.102  0.615 1.0000000000
15000  -1.268  -63.485  -3.245 0.8999999762
16503  -7.246  -61.024  0.101 1.0000000000
114328  -8.040  -60.700  0.442 1.0000000000
129849  -8.542  -60.811  0.664 1.0000000000
16473  -9.739  -61.221  1.274 1.0000000000
17290  -8.638  -60.229  0.723 1.0000000000
115077  -3.603  -63.301  -2.534 0.8999999762
18872  -9.576  -58.460  0.638 1.0000000000
17277  -9.992  -59.804  1.280 1.0000000000
18091  -10.162  -59.054  1.140 1.0000000000
14983  -1.779  -62.969  -2.883 0.8999999762
19655  -9.045  -57.954  0.041 1.0000000000
19675  -10.647  -57.499  -0.632 1.0000000000
19676  -11.386  -57.626  -0.857 1.0000000000
19687  -9.677  -56.892  -1.478 1.0000000000
20509  -10.239  -55.548  -3.580 0.8999999762
20510  -11.211  -56.530  -4.010 0.8999999762
124065  -2.932  -62.684  -0.295 0.8999999762
15759  -4.700  -62.551  -0.469 0.8999999762
113815  -3.334  -60.968  -0.306 0.8999999762
16501  -5.742  -61.455  -0.459 1.0000000000
114563  -6.922  -61.701  -0.082 1.0000000000
110725  -6.589  -59.441  -0.370 1.0000000000
18890  -8.034  -57.648  -0.529 1.0000000000
21363  -10.416  -55.016  -3.825 0.6999999881
20536  -11.524  -55.458  -4.349 0.8000000119
21385  -12.277  -55.683  -4.605 0.8000000119
19734  -12.698  -56.358  -4.922 0.8999999762
20538  -13.649  -56.585  -4.865 1.0000000000
14164  -0.903  -64.002  0.619 0.8000000119
18116  -3.933  -59.115  -0.386 0.8000000119
18117  -5.529  -58.737  -0.605 1.0000000000
18889  -6.509  -57.589  -0.844 1.0000000000
21349  -7.219  -55.085  -1.740 0.8000000119
20492  -7.701  -55.469  -1.850 0.8999999762
21350  -7.923  -54.933  -2.167 0.8000000119
22264  -9.821  -54.369  -2.329 0.6999999881
22282  -11.066  -54.677  -3.213 0.6999999881
21379  -12.649  -55.419  -4.228 0.6999999881
20511  -14.324  -56.047  -3.716 0.8000000119
19708  -15.015  -57.412  -3.225 0.6999999881
18188  -10.832  -59.536  -5.237 1.0000000000
111020  -1.465  -60.863  0.626 0.6999999881
18868  -2.815  -58.983  0.276 0.6999999881
18885  -3.376  -58.517  -0.109 0.8000000119
19670  -4.151  -57.326  -0.148 0.8000000119
19671  -4.907  -56.799  -0.490 0.8000000119
129058  -6.250  -56.115  -1.284 0.8000000119
116337  -2.223  -61.445  -2.747 0.6999999881
16529  -4.299  -61.678  -2.504 0.6999999881
21348  -6.699  -55.268  -1.349 0.8000000119
22244  -7.880  -54.556  -1.345 0.6999999881
22245  -8.789  -54.376  -1.363 0.6000000238
118913  -10.549  -54.412  -1.551 0.6999999881
22266  -11.528  -54.618  -1.282 0.6999999881
21352  -12.635  -55.120  -2.415 0.6999999881
18139  -7.056  -59.673  -2.641 1.0000000000
21335  -13.960  -55.918  -0.722 0.6000000238
18962  -10.429  -58.814  -5.642 1.0000000000
125261  -5.670  -56.325  0.536 0.6000000238
18155  -0.990  -59.719  -3.441 0.3000000119
21317  -5.896  -55.698  -0.568 0.6999999881
22231  -9.461  -54.468  -0.194 0.6000000238
22234  -12.352  -54.813  1.068 0.5000000000
112589  -13.615  -55.336  0.810 0.6000000238
18945  -8.880  -58.125  -4.089 1.0000000000
20497  -17.952  -56.989  -1.153 0.5000000000
19767  -12.056  -58.023  -6.894 1.0000000000
123722  -17.378  -57.284  -7.125 1.0000000000
20567  -19.028  -57.197  -6.240 0.8999999762
21319  -7.264  -55.080  0.299 0.4000000060
123097  -5.604  -59.571  -2.534 0.8999999762
22218  -10.064  -54.667  0.935 0.4000000060
107845  -14.138  -55.698  0.328 0.5000000000
20530  -19.162  -56.581  -3.847 0.6999999881
20582  -14.691  -56.597  -7.748 1.0000000000
20441  -7.556  -56.671  1.927 0.4000000060
19743  -8.181  -56.907  -4.909 1.0000000000
20565  -8.269  -56.432  -6.673 0.8999999762
129924  -12.000  -55.633  -7.763 1.0000000000
129981  -15.885  -55.527  -8.085 1.0000000000
21431  -16.587  -55.591  -7.876 1.0000000000
21434  -19.005  -55.535  -7.090 0.8999999762
22349  -12.354  -54.391  -8.346 0.8999999762
21452  -16.223  -54.948  -8.224 1.0000000000
21409  -19.680  -55.788  -6.477 0.8999999762
123498  -5.999  -57.150  -3.572 0.8999999762
21445  -9.313  -55.301  -8.216 0.8000000119
22352  -15.807  -54.324  -8.490 0.8999999762
23220  -16.242  -53.618  -8.657 0.8999999762
23213  -9.933  -54.005  -9.107 0.8000000119
115549  -16.059  -52.313  -9.188 0.6999999881
23226  -9.306  -53.272  -9.362 0.6000000238
22305  -5.691  -54.435  -5.385 0.6999999881
23183  -4.483  -53.197  -4.798 0.5000000000
23197  -6.211  -53.061  -6.289 0.3000000119
23202  -7.103  -52.804  -7.411 0.6000000238
24875  -11.816  -52.047  -10.099 0.5000000000
24890  -13.176  -51.091  -10.119 0.4000000060
24009  -4.088  -52.653  -4.999 0.2000000030
24008  -3.752  -52.750  -5.137 0.1000000015
24010  -4.486  -52.454  -5.146 0.3000000119
23196  -5.535  -52.470  -5.748 0.3000000119
24026  -3.696  -52.274  -5.756 0.1000000015
24018  -4.832  -51.988  -5.425 0.2000000030
24033  -6.467  -51.667  -7.137 0.4000000060
120574  -3.983  -51.648  -6.307 0.1000000015
24027  -5.245  -51.545  -5.957 0.2000000030
24028  -5.742  -51.416  -6.560 0.2000000030
24040  -7.780  -52.036  -8.370 0.4000000060
24842  -4.484  -51.086  -6.775 0.1000000015
24855  -6.423  -51.007  -7.537 0.2000000030
24049  -8.907  -52.380  -9.387 0.5000000000
24041  -8.319  -51.990  -8.907 0.4000000060
24050  -9.665  -52.631  -9.733 0.5000000000
25673  -14.298  -50.346  -10.055 0.4000000060
26512  -10.549  -49.181  -10.488 0.3000000119
126429  -11.462  -49.070  -10.662 0.2000000030
117348  -11.489  -45.564  -11.534 0.1000000015
29092  -9.875  -45.223  -11.431 0.1000000015
115382  -10.587  -45.087  -11.640 0.1000000015
24852  -4.620  -50.965  -7.590 0.1000000015
655  -22.551  -88.674  -14.907 0.3000000119
641  -21.171  -89.172  -14.453 0.4000000060
654  -20.911  -89.103  -15.428 0.5000000000
454  -20.265  -89.628  -14.718 0.5000000000
902  -21.794  -88.447  -15.738 0.4000000060
110825  -22.939  -88.236  -15.618 0.4000000060
667  -20.963  -88.923  -16.483 0.5000000000
198  -6.617  -91.502  -10.934 0.6999999881
194  -7.094  -92.119  -10.953 0.8000000119
433  -5.790  -89.994  -11.911 0.8000000119
295  -6.556  -91.117  -11.255 0.8000000119
199  -7.111  -91.840  -11.195 0.6999999881
73  -7.623  -92.561  -10.543 0.6999999881
110961  -8.017  -92.271  -11.254 0.6999999881
78  -8.116  -92.971  -10.924 0.6999999881
125438  -8.384  -92.793  -11.364 0.6999999881
438  -20.088  -90.152  -12.771 0.3000000119
912  -22.404  -87.994  -16.430 0.4000000060
469  -19.625  -89.931  -16.652 0.6000000238
110709  -20.400  -89.393  -16.276 0.6000000238
281  -5.733  -90.555  -10.521 0.6999999881
192  -6.216  -91.215  -10.439 0.6999999881
193  -6.741  -92.017  -10.233 0.6000000238
121501  -20.793  -88.766  -17.218 0.6999999881
926  -21.859  -87.791  -17.232 0.6000000238
925  -21.040  -88.300  -17.561 0.6000000238
937  -21.378  -87.799  -18.036 0.6000000238
293  -5.691  -90.119  -10.958 0.6999999881
432  -5.662  -89.577  -11.715 0.6999999881
294  -6.026  -90.734  -10.904 0.6999999881
674  -20.315  -88.815  -17.783 0.6999999881
421  -5.390  -89.535  -11.097 0.4000000060
129310  -5.336  -88.902  -12.313 0.6999999881
862  -4.911  -88.589  -12.389 0.6999999881
127294  -4.460  -88.175  -12.157 0.6000000238
875  -4.725  -88.326  -13.173 0.8999999762
1200  -4.232  -87.342  -14.305 0.8999999762
874  -4.281  -88.026  -12.954 0.8000000119
1524  -2.452  -85.583  -13.816 0.6999999881
1537  -2.755  -86.035  -14.275 0.8999999762
1199  -3.514  -87.163  -14.122 0.8999999762
1540  -4.713  -86.582  -14.728 0.8999999762
125624  -2.238  -85.434  -14.292 0.8999999762
117876  -2.835  -86.167  -14.741 0.8999999762
1919  -2.242  -85.079  -15.238 0.8999999762
1895  -1.899  -85.074  -13.947 0.6999999881
477  -8.284  -89.983  -18.373 0.6000000238
685  -8.771  -89.497  -18.994 0.6000000238
482  -9.040  -90.285  -18.832 0.6999999881
124606  -9.511  -89.644  -19.558 0.5000000000
483  -9.712  -90.522  -19.334 0.6999999881
686  -10.037  -89.355  -20.347 0.4000000060
488  -9.971  -90.107  -20.007 0.6000000238
484  -10.344  -90.666  -19.743 0.8000000119
691  -12.774  -90.040  -21.106 0.8000000119
690  -11.740  -89.842  -21.277 0.8000000119
13504  -0.656  -65.132  -5.721 0.6000000238
114872  -0.683  -63.932  -6.858 0.4000000060
113968  -0.572  -63.755  -5.146 0.6000000238
15013  -0.552  -63.139  -5.639 0.4000000060
14223  -0.614  -64.062  -5.954 0.5000000000
108366  -0.607  -62.401  -6.084 0.3000000119
21291  -9.064  -55.870  2.286 0.2000000030
21292  -10.762  -55.504  2.971 0.1000000015
21284  -11.562  -55.515  3.373 0.1000000015
119832  -10.786  -55.107  2.587 0.1000000015
21293  -12.006  -55.114  3.210 0.1000000015
21294  -12.874  -55.060  3.412 0.1000000015
128194  -9.733  -54.906  1.531 0.3000000119
22219  -10.990  -54.674  1.330 0.3000000119
22221  -12.813  -54.859  2.103 0.2000000030
22235  -13.220  -54.981  1.419 0.3000000119
16548  -1.157  -61.785  -3.181 0.5000000000
16547  -0.823  -61.235  -3.643 0.4000000060
115558  -8.380  -56.489  2.315 0.2000000030
21308  -14.473  -54.934  2.673 0.1000000015
109601  -14.895  -55.157  2.082 0.3000000119
116589  -14.342  -55.446  1.268 0.4000000060
21323  -15.107  -55.668  1.114 0.4000000060
19659  -16.446  -56.619  0.562 0.3000000119
19679  -15.891  -57.458  -0.228 0.4000000060
19681  -17.268  -57.112  -0.094 0.3000000119
19680  -16.629  -57.341  -0.174 0.4000000060
20481  -17.670  -57.073  -0.375 0.3000000119
20452  -16.893  -55.237  2.406 0.1000000015
20463  -16.217  -55.718  1.449 0.1000000015
20465  -18.099  -55.731  1.563 0.1000000015
20482  -19.040  -56.331  0.512 0.2000000030
19660  -17.263  -56.525  0.594 0.3000000119
125132  -18.958  -56.379  -0.295 0.2000000030
19661  -18.062  -56.466  0.444 0.2000000030
110912  -18.354  -56.706  -0.367 0.3000000119
20498  -18.558  -56.237  -1.107 0.3000000119
20513  -18.278  -56.702  -1.946 0.4000000060
124607  -18.342  -57.267  -2.497 0.4000000060
119038  -19.565  -55.227  -0.936 0.1000000015
21336  -19.284  -56.017  -0.724 0.2000000030
21354  -18.798  -55.327  -1.381 0.2000000030
118383  -18.398  -56.175  -1.636 0.4000000060
20529  -18.652  -56.345  -2.797 0.5000000000
22269  -19.080  -54.311  -1.340 0.2000000030
22268  -18.435  -54.555  -1.804 0.3000000119
21353  -18.389  -55.366  -1.739 0.3000000119
22267  -18.175  -54.622  -2.162 0.2000000030
23163  -18.484  -53.694  -1.746 0.2000000030
119329  -18.001  -53.275  -2.156 0.2000000030
23162  -18.179  -54.008  -2.126 0.2000000030
121317  -17.753  -52.429  -2.035 0.1000000015
23172  -17.922  -53.892  -2.562 0.2000000030
22295  -18.180  -54.584  -2.679 0.2000000030
22296  -18.328  -54.679  -3.318 0.1000000015
21382  -18.799  -55.574  -3.451 0.4000000060
22300  -18.734  -54.836  -3.959 0.4000000060
21388  -19.899  -55.639  -5.117 0.4000000060
21394  -20.062  -55.857  -5.847 0.6000000238
21410  -20.233  -55.164  -6.196 0.6999999881
22329  -18.836  -54.644  -7.455 0.8000000119
23999  -17.488  -52.985  -2.928 0.2000000030
23177  -17.876  -53.797  -3.316 0.2000000030
23178  -18.232  -54.160  -3.801 0.1000000015
23184  -17.899  -53.465  -4.034 0.2000000030
20506  -2.027  -56.247  -2.883 0.2000000030
20523  -2.123  -55.813  -3.177 0.1000000015
130373  -20.211  -55.215  -5.716 0.5000000000
23185  -18.741  -54.036  -4.405 0.2000000030
22306  -20.105  -54.769  -5.311 0.3000000119
22307  -20.383  -54.535  -5.879 0.4000000060
113579  -19.011  -53.823  -7.629 0.6999999881
22330  -19.737  -54.121  -7.199 0.6999999881
23221  -17.228  -53.543  -8.469 0.8000000119
23205  -18.698  -53.187  -7.931 0.6000000238
108391  -16.629  -52.844  -8.827 0.6000000238
23192  -19.431  -53.368  -5.069 0.3000000119
119188  -20.288  -53.038  -5.610 0.4000000060
23193  -20.241  -53.948  -5.467 0.3000000119
24831  -20.423  -51.454  -5.919 0.3000000119
24022  -20.340  -52.213  -5.776 0.3000000119
23194  -20.513  -53.590  -6.109 0.4000000060
24036  -19.772  -52.496  -7.415 0.5000000000
23207  -20.144  -52.841  -7.134 0.5000000000
23199  -20.412  -52.832  -6.598 0.4000000060
24044  -16.928  -51.899  -8.941 0.6000000238
24046  -18.333  -52.488  -8.226 0.4000000060
24869  -17.872  -51.701  -8.514 0.5000000000
24857  -19.575  -51.836  -7.551 0.3000000119
24057  -16.133  -51.496  -9.344 0.6000000238
446  -20.094  -89.930  -13.785 0.5000000000
129959  -1.518  -75.444  0.853 0.6000000238
653  -20.177  -89.649  -15.672 0.6000000238
876  -5.340  -88.448  -13.323 0.8000000119
1190  -4.814  -87.916  -13.830 0.8999999762
1978  -6.446  -85.387  -21.457 0.5000000000
684  -7.986  -89.240  -18.742 0.6999999881
1539  -3.584  -86.665  -14.745 0.8999999762
22220  -11.928  -54.759  1.754 0.3000000119
23222  -17.989  -53.161  -8.299 0.6000000238
21361  -2.604  -55.786  -3.137 0.2000000030
24880  -16.044  -50.672  -9.490 0.5000000000
21307  -10.495  -54.879  1.896 0.2000000030
455  -20.732  -89.459  -13.925 0.5000000000
122224  -7.729  -92.431  -11.052 0.6999999881
1177  -3.938  -87.669  -12.424 0.6000000238
22210  -12.417  -54.915  2.720 0.1000000015
22211  -13.278  -54.890  2.957 0.1000000015
22212  -13.992  -54.911  3.083 0.1000000015
21322  -14.050  -55.117  1.781 0.3000000119
21309  -15.869  -55.168  2.327 0.1000000015
21365  -18.348  -55.517  -2.203 0.3000000119
23164  -18.993  -53.391  -1.330 0.2000000030
21381  -18.443  -55.305  -2.830 0.4000000060
23995  -18.525  -52.744  -1.487 0.2000000030
24800  -18.206  -51.889  -1.335 0.2000000030
22301  -19.483  -54.874  -4.590 0.4000000060
24003  -16.908  -52.265  -3.524 0.1000000015
24004  -17.408  -52.865  -3.755 0.1000000015
22315  -20.263  -54.345  -6.501 0.5000000000
23186  -19.679  -54.224  -4.952 0.3000000119
23206  -19.588  -53.219  -7.457 0.5000000000
22331  -20.234  -53.517  -6.881 0.5000000000
24045  -17.499  -52.611  -8.574 0.6000000238
24035  -19.125  -52.495  -7.786 0.5000000000
121372  -20.543  -52.757  -5.997 0.4000000060
24021  -19.820  -52.384  -5.353 0.2000000030
24844  -20.374  -51.336  -6.547 0.3000000119
24029  -20.495  -52.108  -6.285 0.4000000060
24858  -20.217  -52.096  -7.030 0.4000000060
24856  -18.790  -51.750  -8.031 0.4000000060
24868  -16.902  -50.920  -9.130 0.5000000000
74  -8.533  -93.363  -10.695 0.5000000000
24  -8.984  -93.777  -10.232 0.5000000000
116762  -5.744  -90.992  -9.954 0.3000000119
25  -9.623  -94.049  -10.632 0.4000000060
108693  -10.945  -94.226  -10.237 0.4000000060
1188  -3.677  -87.336  -13.378 0.6000000238
1875  -3.151  -85.990  -11.695 0.4000000060
1885  -3.179  -86.026  -12.201 0.4000000060
115714  -3.366  -86.764  -11.286 0.3000000119
1525  -2.983  -86.222  -13.539 0.6000000238
1886  -3.342  -85.312  -12.232 0.3000000119
2762  -3.715  -84.059  -12.716 0.3000000119
2327  -3.205  -84.726  -12.570 0.2000000030
109908  -2.833  -85.445  -12.469 0.4000000060
113236  -2.620  -85.115  -12.911 0.4000000060
1509  -2.808  -85.756  -13.147 0.5000000000
2747  -2.305  -83.885  -11.748 0.1000000015
3217  -2.915  -83.367  -12.212 0.1000000015
2326  -2.218  -84.737  -12.464 0.2000000030
118991  -7.801  -88.089  -19.284 0.5000000000
940  -8.444  -88.727  -19.073 0.4000000060
2760  -2.348  -84.111  -12.205 0.1000000015
2325  -1.656  -84.397  -12.698 0.3000000119
1884  -2.151  -85.077  -13.412 0.6000000238
1590  -7.290  -86.885  -20.025 0.5000000000
121615  -7.613  -87.569  -19.464 0.5000000000
1255  -8.330  -87.999  -19.172 0.4000000060
125088  -9.167  -89.046  -19.284 0.4000000060
2296  -0.687  -84.547  -10.732 0.2000000030
115157  -1.471  -84.389  -11.252 0.1000000015
1980  -7.371  -85.574  -21.731 0.2000000030
1965  -7.427  -86.177  -20.833 0.4000000060
1955  -8.029  -86.217  -19.779 0.4000000060
2413  -8.473  -85.305  -20.181 0.3000000119
1591  -7.980  -87.073  -19.181 0.5000000000
1948  -8.618  -86.466  -18.726 0.4000000060
1229  -8.707  -87.231  -18.393 0.4000000060
2441  -7.663  -84.968  -22.587 0.2000000030
1966  -8.013  -85.381  -20.975 0.2000000030
2442  -8.525  -84.374  -22.645 0.2000000030
2423  -8.700  -84.615  -20.812 0.2000000030
2454  -7.975  -84.040  -24.376 0.2000000030
114153  -7.926  -84.519  -23.535 0.2000000030
124219  -1.173  -65.872  -10.124 0.3000000119
13549  -1.154  -65.262  -10.858 0.3000000119
13543  -1.198  -65.182  -9.856 0.3000000119
14912  -0.768  -63.616  2.512 0.3000000119
1979  -6.936  -85.579  -21.751 0.2000000030
2313  -1.575  -84.410  -11.983 0.2000000030
119991  -9.378  -88.941  -19.846 0.4000000060
3202  -2.810  -82.848  -11.567 0.1000000015
1956  -8.901  -85.553  -19.271 0.4000000060
407  -4.567  -89.841  -9.853 0.2000000030
123738  -3.880  -89.385  -8.396 0.2000000030
927  -22.895  -87.537  -16.966 0.4000000060
696  -12.200  -89.278  -21.734 0.5000000000
822  -3.605  -88.303  -8.674 0.2000000030
112875  -3.892  -88.987  -9.679 0.3000000119
1236  -22.359  -87.281  -17.689 0.5000000000
689  -10.798  -89.467  -21.192 0.4000000060
695  -11.234  -88.949  -21.763 0.6000000238
126143  -3.558  -87.336  -8.316 0.1000000015
1488  -3.204  -86.941  -10.276 0.1000000015
111200  -3.691  -88.632  -9.303 0.2000000030
850  -3.811  -87.850  -10.760 0.3000000119
618  -4.754  -88.563  -11.496 0.5000000000
118270  -22.973  -86.924  -18.170 0.3000000119
941  -9.856  -88.669  -20.336 0.3000000119
946  -10.201  -88.824  -21.088 0.3000000119
951  -10.901  -88.075  -21.997 0.4000000060
1164  -3.491  -87.331  -10.524 0.2000000030
860  -3.623  -87.292  -11.612 0.3000000119
1585  -24.202  -86.519  -19.049 0.3000000119
1601  -24.898  -86.125  -19.516 0.3000000119
1600  -23.650  -86.336  -19.764 0.3000000119
1626  -21.351  -86.432  -21.745 0.5000000000
918  -9.632  -88.340  -18.754 0.3000000119
1230  -9.926  -87.836  -17.856 0.3000000119
931  -10.042  -88.477  -19.130 0.3000000119
920  -10.837  -87.887  -18.442 0.3000000119
1265  -10.120  -88.170  -20.868 0.3000000119
942  -10.449  -87.991  -19.798 0.3000000119
1266  -10.528  -87.522  -20.989 0.4000000060
1863  -3.295  -86.256  -10.639 0.1000000015
1499  -3.307  -86.491  -11.157 0.1000000015
1616  -24.362  -85.931  -20.406 0.3000000119
114739  -22.944  -86.186  -21.384 0.5000000000
1243  -9.127  -87.915  -18.397 0.3000000119
1231  -10.695  -87.637  -17.791 0.3000000119
1232  -11.313  -87.445  -17.861 0.3000000119
1578  -9.210  -86.697  -18.090 0.3000000119
1568  -9.509  -87.270  -17.818 0.3000000119
1939  -10.793  -86.182  -17.567 0.3000000119
1938  -9.929  -86.509  -17.744 0.3000000119
121522  -9.451  -85.951  -18.388 0.3000000119
116182  0.525  -81.362  -4.219 0.2000000030
4382  -3.564  -80.942  -24.120 0.2000000030
4140  0.428  -80.799  -3.463 0.2000000030
123047  0.233  -80.023  -3.084 0.2000000030
3360  -4.630  -82.035  -24.224 0.2000000030
3869  -4.591  -82.108  -24.441 0.2000000030
3868  -3.930  -81.390  -24.278 0.2000000030
4383  -4.041  -81.355  -24.259 0.2000000030
3617  0.460  -81.841  -3.478 0.2000000030
4125  0.222  -80.619  -2.522 0.2000000030
4679  -0.017  -79.256  -3.165 0.2000000030
3598  0.253  -81.405  -1.917 0.1000000015
4114  -0.060  -80.360  -1.577 0.1000000015
4663  -0.424  -79.264  -1.575 0.1000000015
4649  -0.373  -79.774  -0.816 0.1000000015
5164  -0.585  -78.605  0.384 0.1000000015
110498  -0.385  -78.868  -2.423 0.2000000030
126861  -0.564  -79.058  -0.824 0.2000000030
5196  -0.709  -78.511  -1.180 0.3000000119
5183  -0.688  -78.484  -0.418 0.2000000030
5733  -0.897  -77.898  -1.635 0.3000000119
5720  -1.454  -77.076  -0.506 0.2000000030
5719  -0.967  -77.806  -0.834 0.2000000030
5150  -0.461  -78.709  1.241 0.1000000015
116659  -0.572  -77.965  0.947 0.1000000015
6269  -0.966  -77.346  0.837 0.1000000015
5699  -0.745  -77.442  1.536 0.1000000015
6270  -1.379  -76.884  0.352 0.2000000030
6894  -1.610  -76.149  0.650 0.4000000060
125074  -0.882  -76.925  1.999 0.1000000015
5681  -0.125  -77.108  3.304 0.1000000015
6252  -1.295  -76.305  2.133 0.2000000030
112098  -0.803  -76.729  2.715 0.1000000015
6261  -1.238  -76.701  1.278 0.3000000119
7451  -1.662  -74.291  3.284 0.4000000060
6878  -1.513  -75.499  2.297 0.3000000119
11508  -0.795  -68.041  -16.064 0.1000000015
12851  -0.775  -66.760  -13.824 0.1000000015
11545  -1.078  -68.643  -17.554 0.1000000015
10850  -1.118  -69.178  -18.014 0.1000000015
12842  -0.578  -66.716  -12.852 0.2000000030
14266  -1.176  -64.369  -9.462 0.1000000015
14280  -1.391  -64.241  -11.377 0.1000000015
12827  -0.970  -65.838  -11.587 0.2000000030
13558  -1.231  -64.977  -12.090 0.1000000015
14288  -1.573  -64.529  -12.913 0.1000000015
13557  -0.933  -65.839  -12.652 0.1000000015
15052  -1.169  -63.502  -9.078 0.2000000030
15043  -0.762  -63.259  -7.420 0.2000000030
15860  -1.439  -62.657  -9.532 0.1000000015
129650  -0.708  -60.650  -3.892 0.2000000030
121223  -0.774  -59.302  -3.954 0.2000000030
18929  -0.854  -58.657  -4.240 0.2000000030
24020  -18.751  -52.514  -5.013 0.2000000030
117433  -18.308  -51.842  -5.002 0.1000000015
24830  -20.060  -51.568  -5.542 0.1000000015
24829  -19.250  -51.671  -5.217 0.1000000015
121129  -20.202  -50.965  -5.704 0.1000000015
26484  -20.021  -49.678  -6.926 0.1000000015
25655  -20.211  -50.502  -6.734 0.1000000015
25653  -19.065  -50.208  -7.937 0.1000000015
121230  -19.317  -51.036  -7.739 0.1000000015
121311  -20.002  -51.186  -7.210 0.1000000015
121160  -18.502  -50.943  -8.228 0.3000000119
25631  -20.033  -50.312  -5.658 0.1000000015
26471  -20.197  -49.842  -6.183 0.1000000015
26483  -19.495  -49.500  -7.502 0.1000000015
130114  -17.344  -51.349  -8.807 0.3000000119
25662  -17.403  -50.078  -8.876 0.2000000030
118059  -17.689  -50.853  -8.633 0.3000000119
25663  -18.231  -50.119  -8.400 0.2000000030
6888  -1.527  -75.858  1.470 0.3000000119
6877  -1.283  -76.037  2.961 0.2000000030
125929  -1.191  -62.539  -8.777 0.2000000030
14257  -1.027  -64.351  -8.590 0.2000000030
117437  -0.551  -60.804  -4.504 0.3000000119
69  -8.022  -93.131  -9.922 0.4000000060
609  -4.724  -89.389  -10.398 0.3000000119
613  -4.859  -89.012  -10.843 0.4000000060
1864  -3.987  -85.497  -10.613 0.2000000030
406  -4.148  -89.310  -9.798 0.2000000030
598  -3.749  -89.024  -9.055 0.2000000030
851  -4.252  -88.486  -10.572 0.3000000119
840  -3.640  -87.999  -10.064 0.2000000030
1586  -25.349  -86.564  -18.791 0.3000000119
123837  0.370  -82.387  -2.899 0.1000000015
15051  -0.979  -63.405  -8.239 0.2000000030
119929  -19.634  -50.877  -5.390 0.1000000015
27326  -20.011  -49.183  -6.471 0.1000000015
25654  -19.742  -50.340  -7.364 0.1000000015
25643  -20.405  -50.716  -6.055 0.1000000015
26458  -19.847  -49.639  -5.666 0.1000000015
26482  -18.782  -49.363  -8.082 0.1000000015
2000  -26.492  -85.456  -23.333 0.3000000119
1999  -25.591  -85.609  -23.446 0.3000000119
1627  -23.522  -85.910  -22.103 0.3000000119
127590  -22.268  -86.209  -21.908 0.4000000060
1985  -24.709  -85.717  -22.278 0.3000000119
1971  -23.905  -85.885  -21.307 0.3000000119
1998  -24.439  -85.742  -23.155 0.3000000119
1637  -22.470  -86.226  -22.836 0.3000000119
2007  -26.817  -85.124  -23.646 0.3000000119
2460  -25.984  -85.044  -24.026 0.3000000119
1286  -20.494  -87.300  -23.546 0.4000000060
120586  -20.979  -86.950  -23.884 0.4000000060
1643  -21.178  -86.596  -24.669 0.3000000119
126437  -24.290  -85.717  -23.821 0.3000000119
1638  -23.351  -85.939  -22.884 0.3000000119
1287  -21.112  -86.922  -23.076 0.4000000060
1644  -21.603  -86.586  -23.774 0.4000000060
113344  -25.211  -85.438  -24.199 0.3000000119
1646  -23.513  -85.863  -23.810 0.3000000119
1645  -22.561  -86.177  -23.875 0.3000000119
1659  -21.618  -86.145  -25.561 0.3000000119
2447  -26.630  -84.795  -23.694 0.2000000030
1291  -17.828  -87.782  -25.642 0.4000000060
1299  -18.289  -87.089  -26.374 0.3000000119
1292  -18.678  -87.621  -25.438 0.3000000119
1293  -19.520  -87.390  -25.076 0.4000000060
1301  -19.824  -86.839  -25.603 0.3000000119
953  -12.844  -88.741  -22.139 0.4000000060
121444  -13.202  -88.142  -22.801 0.4000000060
2448  -27.093  -84.762  -23.422 0.2000000030
2008  -13.980  -85.702  -25.048 0.2000000030
2016  -14.463  -85.954  -25.729 0.1000000015
1656  -14.969  -86.253  -26.106 0.3000000119
1289  -15.995  -87.740  -25.659 0.3000000119
2017  -15.325  -85.902  -26.033 0.1000000015
126093  -15.682  -86.175  -26.229 0.1000000015
1653  -22.074  -86.234  -24.644 0.3000000119
25671  -8.898  -49.468  -9.753 0.2000000030
127485  -8.428  -48.396  -9.693 0.2000000030
118241  -19.876  -87.524  -24.102 0.4000000060
975  -18.155  -88.166  -24.632 0.4000000060
952  -11.744  -88.331  -22.148 0.3000000119
959  -12.337  -87.642  -22.559 0.4000000060
26510  -9.347  -48.738  -10.068 0.2000000030
65  -7.796  -93.209  -8.915 0.2000000030
13  -8.293  -93.547  -8.601 0.2000000030
15  -9.728  -94.200  -8.513 0.2000000030
123628  -9.892  -94.192  -7.768 0.2000000030
70  -8.525  -93.477  -9.869 0.2000000030
14  -8.900  -93.956  -8.564 0.2000000030
16  -10.656  -94.301  -8.240 0.2000000030
11  -12.126  -94.178  -7.768 0.2000000030
17  -11.559  -94.301  -8.268 0.2000000030
18  -12.328  -94.215  -8.769 0.2000000030
19  -13.367  -93.934  -8.774 0.2000000030
35  -12.862  -93.913  -11.600 0.3000000119
29  -13.167  -93.940  -10.570 0.2000000030
111848  -13.843  -93.698  -9.777 0.2000000030
76  -14.547  -93.330  -10.422 0.2000000030
186  -15.503  -92.771  -9.268 0.2000000030
126814  -16.129  -92.289  -9.416 0.2000000030
181  -17.432  -92.149  -8.724 0.1000000015
195  -15.727  -92.536  -10.104 0.2000000030
187  -16.876  -92.052  -9.427 0.2000000030
174  -18.193  -92.269  -8.145 0.1000000015
196  -16.467  -92.038  -10.277 0.2000000030
182  -18.220  -92.048  -9.018 0.1000000015
197  -17.287  -91.710  -10.085 0.2000000030
188  -17.583  -91.888  -9.437 0.2000000030
121837  -19.693  -92.116  -7.946 0.1000000015
176  -19.613  -91.919  -7.125 0.1000000015
189  -18.215  -91.515  -9.885 0.2000000030
183  -18.942  -92.154  -8.459 0.1000000015
125651  -19.569  -92.049  -8.682 0.1000000015
287  -17.699  -91.308  -10.791 0.2000000030
264  -20.268  -91.111  -6.867 0.1000000015
130476  -20.001  -91.527  -7.019 0.1000000015
276  -19.254  -91.410  -9.954 0.2000000030
190  -19.840  -91.776  -9.243 0.1000000015
191  -20.688  -91.581  -9.101 0.1000000015
268  -21.030  -91.459  -8.212 0.1000000015
122009  -21.082  -91.274  -9.791 0.1000000015
397  -19.992  -90.787  -6.514 0.1000000015
112018  -20.360  -91.642  -7.515 0.1000000015
289  -19.703  -91.114  -10.657 0.2000000030
277  -20.184  -91.407  -9.904 0.2000000030
304  -20.133  -90.772  -11.233 0.2000000030
290  -20.583  -91.101  -10.542 0.2000000030
445  -19.312  -90.299  -13.553 0.2000000030
127446  -21.378  -91.019  -10.414 0.2000000030
269  -21.748  -90.846  -8.130 0.1000000015
291  -22.025  -91.009  -9.765 0.1000000015
305  -21.020  -90.759  -11.083 0.2000000030
279  -22.220  -90.883  -8.876 0.1000000015
129607  -22.198  -90.534  -8.408 0.1000000015
428  -20.543  -90.355  -11.805 0.2000000030
429  -22.022  -90.596  -10.807 0.2000000030
447  -20.901  -89.773  -13.209 0.3000000119
439  -21.189  -90.104  -12.352 0.2000000030
594  -21.444  -89.907  -7.470 0.1000000015
292  -22.604  -90.601  -9.363 0.1000000015
420  -23.527  -89.931  -10.175 0.1000000015
419  -22.813  -90.499  -10.062 0.2000000030
430  -23.078  -90.211  -10.921 0.2000000030
625  -22.910  -89.703  -12.529 0.3000000119
642  -22.120  -89.098  -14.250 0.3000000119
270  -22.612  -90.229  -8.711 0.1000000015
597  -22.466  -89.661  -8.420 0.1000000015
607  -23.460  -89.422  -9.630 0.1000000015
1607  -11.196  -86.783  -21.199 0.3000000119
1272  -10.817  -87.334  -21.836 0.3000000119
1620  -11.509  -86.642  -22.048 0.3000000119
23989  -19.299  -52.756  -0.954 0.1000000015
23988  -18.907  -52.071  -0.876 0.1000000015
24792  -18.498  -51.433  -0.655 0.1000000015
24807  -17.121  -52.043  -2.637 0.1000000015
28  -12.405  -94.128  -10.834 0.2000000030
72  -15.200  -93.033  -9.998 0.2000000030
117405  -21.702  -88.892  -14.944 0.3000000119
631  -21.539  -89.371  -13.654 0.3000000119
23151  -19.639  -53.538  -0.974 0.1000000015
21  -9.455  -94.100  -9.517 0.2000000030
114011  -10.147  -94.184  -10.110 0.2000000030
22  -10.378  -94.281  -9.272 0.2000000030
9  -10.379  -94.189  -7.271 0.2000000030
108065  -11.314  -94.304  -9.104 0.2000000030
23  -11.922  -94.246  -9.944 0.2000000030
128719  -12.863  -94.067  -9.750 0.2000000030
71  -14.765  -93.256  -9.457 0.2000000030
110706  -18.998  -91.861  -9.225 0.2000000030
278  -21.529  -91.251  -8.961 0.1000000015
440  -22.311  -90.167  -11.846 0.2000000030
448  -21.895  -89.709  -12.821 0.3000000119
185  -5.968  -91.657  -9.590 0.2000000030
117752  -6.512  -92.261  -9.025 0.2000000030
177  -5.726  -91.743  -8.363 0.2000000030
267  -4.904  -91.144  -8.134 0.2000000030
126910  -5.395  -91.364  -7.593 0.2000000030
266  -4.527  -90.438  -8.906 0.2000000030
2314  -4.483  -84.844  -11.349 0.1000000015
958  -11.557  -87.258  -22.290 0.2000000030
1629  -12.032  -86.059  -23.245 0.2000000030
1639  -12.707  -86.004  -24.656 0.2000000030
1655  -13.260  -85.842  -24.998 0.2000000030
109953  -11.663  -82.053  -22.153 0.1000000015
2851  -11.004  -82.931  -20.696 0.2000000030
110549  -10.653  -83.389  -20.124 0.2000000030
2415  -10.114  -84.361  -19.341 0.2000000030
2403  -9.791  -85.073  -18.875 0.2000000030
2404  -10.654  -84.589  -18.458 0.2000000030
1570  -11.258  -87.080  -17.542 0.2000000030
1571  -11.905  -86.969  -17.725 0.2000000030
1593  -11.967  -87.116  -19.065 0.2000000030
1592  -11.156  -87.211  -20.082 0.2000000030
1594  -12.790  -86.527  -19.072 0.2000000030
1608  -11.975  -86.109  -21.469 0.2000000030
117716  -11.925  -86.032  -22.450 0.1000000015
1992  -12.579  -85.738  -22.819 0.1000000015
1981  -13.506  -85.564  -22.328 0.1000000015
1630  -12.472  -85.885  -23.947 0.1000000015
2003  -13.157  -85.718  -24.471 0.2000000030
1640  -14.973  -85.714  -24.537 0.1000000015
2009  -15.024  -85.738  -25.520 0.1000000015
2405  -11.496  -84.396  -17.847 0.2000000030
2414  -9.343  -84.620  -19.893 0.2000000030
8285  -2.968  -72.802  -18.880 0.1000000015
120241  -2.866  -72.398  -18.292 0.1000000015
7698  -2.835  -73.360  -20.221 0.1000000015
8286  -3.224  -73.676  -18.530 0.1000000015
129526  -3.399  -74.616  -20.141 0.1000000015
7699  -3.274  -74.043  -19.521 0.1000000015
8908  -2.417  -71.982  -19.212 0.1000000015
109551  -3.461  -75.410  -19.917 0.1000000015
110921  -3.449  -74.964  -19.111 0.1000000015
17361  -0.683  -60.023  -4.121 0.1000000015
118957  -0.578  -60.637  -5.593 0.1000000015
18169  -0.747  -59.270  -4.680 0.1000000015
17374  -0.646  -59.931  -5.132 0.1000000015
17375  -0.912  -59.974  -5.943 0.1000000015
18182  -1.118  -59.189  -5.405 0.1000000015
18943  -0.911  -58.637  -4.928 0.1000000015
114523  -1.902  -58.700  -5.593 0.1000000015
18183  -1.561  -59.577  -5.902 0.1000000015
18184  -2.531  -59.216  -5.587 0.1000000015
11954  -0.398  -67.115  5.355 0.1000000015
12640  -0.571  -66.384  5.026 0.1000000015
13350  -0.818  -65.542  4.358 0.1000000015
12641  -0.874  -66.008  5.104 0.1000000015
14117  -1.112  -64.550  3.636 0.1000000015
14116  -0.817  -64.837  3.595 0.1000000015
130423  -0.980  -63.719  2.823 0.1000000015
14913  -1.214  -63.185  2.488 0.1000000015
25670  -8.260  -49.897  -9.322 0.1000000015
25675  -16.594  -50.015  -9.319 0.1000000015
26498  -16.284  -49.226  -9.497 0.1000000015
27334  -17.577  -48.354  -8.789 0.1000000015
114009  -16.993  -47.696  -9.183 0.1000000015
28182  -17.682  -47.420  -8.711 0.1000000015
27340  -16.012  -48.492  -9.728 0.1000000015
118491  -16.398  -47.909  -9.561 0.1000000015
27341  -16.727  -48.493  -9.326 0.1000000015
26495  -7.913  -48.756  -9.424 0.1000000015
26516  -14.705  -49.059  -10.229 0.1000000015
25669  -7.185  -49.027  -9.090 0.1000000015
26509  -7.771  -47.954  -9.698 0.1000000015
28192  -17.200  -46.867  -9.061 0.1000000015
27354  -15.279  -48.371  -10.112 0.1000000015
28191  -16.432  -47.093  -9.610 0.1000000015
27353  -14.404  -48.146  -10.536 0.1000000015
28204  -15.153  -47.556  -10.336 0.1000000015
28190  -15.849  -47.743  -9.947 0.1000000015
27350  -9.007  -46.762  -10.088 0.1000000015
117991  -13.510  -48.332  -10.812 0.1000000015
29070  -16.813  -46.169  -9.380 0.1000000015
29082  -16.111  -46.250  -9.945 0.1000000015
28202  -9.753  -46.742  -10.467 0.1000000015
118872  -14.504  -47.168  -10.726 0.1000000015
120168  -15.114  -46.875  -10.494 0.1000000015
29080  -14.719  -46.361  -10.813 0.1000000015
17408  -1.004  -60.624  -7.156 0.1000000015
16561  -0.548  -61.536  -5.027 0.2000000030
1277  -12.861  -87.058  -23.217 0.3000000119
26497  -15.505  -49.172  -9.859 0.1000000015
26511  -9.658  -47.788  -10.273 0.1000000015
1256  -11.276  -87.657  -18.987 0.2000000030
1949  -10.300  -85.579  -18.060 0.2000000030
121464  -11.615  -85.844  -17.409 0.2000000030
1631  -14.003  -85.550  -24.040 0.1000000015
1276  -12.096  -86.561  -22.953 0.2000000030
116694  -12.032  -86.478  -20.278 0.1000000015
1940  -11.877  -86.412  -17.452 0.2000000030
1609  -13.016  -85.998  -20.061 0.1000000015
122883  -13.047  -85.544  -21.920 0.1000000015
1993  -13.196  -85.576  -23.496 0.1000000015
1994  -14.252  -85.751  -22.822 0.1000000015
26489  -17.917  -49.280  -8.579 0.1000000015
26499  -17.093  -49.246  -9.102 0.1000000015
29071  -17.540  -46.072  -8.794 0.1000000015
28205  -15.701  -46.974  -10.150 0.1000000015
112653  -22.865  -87.292  -11.223 0.1000000015
1174  -23.694  -87.384  -11.349 0.1000000015
1521  -23.485  -86.568  -12.529 0.1000000015
1184  -24.126  -87.055  -11.864 0.1000000015
1175  -24.436  -87.791  -11.366 0.1000000015
1300  -19.119  -86.929  -26.246 0.1000000015
1664  -19.373  -86.150  -26.640 0.1000000015
2028  -20.661  -85.618  -27.072 0.1000000015
120924  -20.017  -85.744  -26.918 0.1000000015
1522  -24.491  -86.716  -12.610 0.2000000030
1508  -23.164  -86.908  -11.854 0.1000000015
1523  -25.548  -86.954  -12.855 0.2000000030
1185  -24.961  -87.371  -12.117 0.2000000030
1665  -20.217  -86.099  -26.687 0.1000000015
1652  -20.552  -86.465  -25.733 0.2000000030
2021  -22.218  -85.604  -26.322 0.1000000015
1660  -22.633  -85.766  -25.468 0.2000000030
2030  -22.803  -84.933  -26.774 0.1000000015
2473  -22.627  -83.914  -27.233 0.1000000015
112897  -20.647  -83.694  -27.373 0.1000000015
121534  -24.820  -86.285  -13.296 0.2000000030
125226  -25.594  -86.450  -13.545 0.2000000030
1918  -26.067  -85.670  -14.985 0.2000000030
1535  -26.183  -86.880  -13.556 0.2000000030
1536  -26.565  -86.840  -14.153 0.2000000030
1654  -23.741  -85.669  -24.731 0.2000000030
121797  -22.929  -85.848  -24.804 0.2000000030
2022  -23.245  -85.222  -26.061 0.1000000015
2468  -23.192  -84.223  -27.007 0.1000000015
2912  -21.210  -83.257  -27.396 0.1000000015
2913  -22.102  -83.359  -27.203 0.1000000015
1927  -25.995  -85.170  -15.564 0.2000000030
441  -23.430  -89.862  -11.720 0.2000000030
114680  -24.107  -89.440  -11.649 0.2000000030
617  -24.508  -89.014  -11.204 0.2000000030
1163  -24.240  -88.471  -10.815 0.2000000030
1934  -26.357  -85.008  -16.309 0.1000000015
626  -23.844  -89.413  -12.424 0.2000000030
628  -25.114  -88.640  -12.354 0.2000000030
872  -25.004  -88.539  -11.786 0.2000000030
1186  -25.565  -87.679  -12.498 0.2000000030
1551  -26.676  -86.542  -14.955 0.2000000030
2398  -26.994  -85.130  -17.137 0.2000000030
1952  -27.314  -85.327  -17.962 0.1000000015
1935  -27.012  -85.736  -16.513 0.2000000030
121929  -27.155  -84.598  -18.514 0.1000000015
2421  -27.165  -84.393  -19.162 0.1000000015
2846  -27.563  -84.241  -19.937 0.1000000015
2006  -24.690  -85.377  -24.693 0.2000000030
2014  -24.396  -85.143  -25.273 0.2000000030
2023  -24.036  -84.900  -25.692 0.2000000030
2466  -24.241  -84.781  -25.557 0.1000000015
124306  -23.870  -84.506  -25.937 0.1000000015
2910  -22.995  -83.461  -26.996 0.1000000015
632  -22.624  -89.363  -13.375 0.2000000030
634  -24.724  -89.011  -12.930 0.2000000030
1197  -26.081  -87.449  -13.100 0.2000000030
119350  -27.025  -86.497  -15.917 0.2000000030
122979  -26.501  -87.273  -13.799 0.2000000030
2427  -27.845  -84.497  -21.077 0.1000000015
2857  -28.080  -83.647  -21.659 0.1000000015
118490  -27.897  -83.778  -22.221 0.1000000015
116642  -25.313  -85.018  -24.610 0.1000000015
2015  -24.662  -85.036  -25.032 0.1000000015
2412  -26.935  -84.679  -17.780 0.1000000015
883  -25.305  -88.520  -13.661 0.2000000030
111624  -25.539  -88.363  -12.850 0.2000000030
884  -26.139  -87.873  -13.447 0.2000000030
2845  -26.916  -83.810  -19.525 0.1000000015
644  -24.268  -88.924  -13.941 0.2000000030
1216  -26.875  -87.186  -15.254 0.2000000030
2855  -27.358  -83.363  -20.299 0.1000000015
656  -23.715  -88.555  -14.880 0.2000000030
892  -24.879  -88.506  -14.556 0.2000000030
116301  -23.817  -88.220  -15.612 0.2000000030
3854  -28.084  -81.156  -21.985 0.1000000015
913  -23.559  -87.936  -16.296 0.2000000030
1223  -23.851  -87.491  -16.895 0.2000000030
1238  -24.819  -87.272  -17.336 0.2000000030
113826  -27.300  -84.908  -19.107 0.2000000030
1250  -24.227  -86.819  -18.265 0.2000000030
1960  -25.680  -85.679  -20.150 0.2000000030
3345  -27.654  -82.534  -23.115 0.1000000015
1972  -25.122  -85.635  -21.249 0.2000000030
1986  -25.952  -85.708  -22.404 0.2000000030
1987  -26.910  -85.552  -22.402 0.2000000030
2877  -27.662  -83.273  -22.828 0.1000000015
2459  -25.517  -84.945  -24.458 0.1000000015
2458  -24.833  -84.683  -24.436 0.1000000015
2464  -24.267  -84.566  -25.237 0.1000000015
2898  -23.898  -84.242  -25.881 0.1000000015
121421  -25.423  -88.180  -15.037 0.2000000030
1566  -27.123  -86.445  -16.777 0.2000000030
3325  -27.945  -82.650  -21.004 0.1000000015
904  -26.215  -87.794  -15.123 0.2000000030
1576  -27.206  -86.173  -17.526 0.2000000030
2856  -27.952  -83.534  -20.858 0.1000000015
3331  -28.770  -82.199  -22.162 0.1000000015
903  -24.594  -88.265  -15.312 0.2000000030
914  -25.419  -88.033  -15.836 0.2000000030
1225  -25.730  -87.583  -16.670 0.2000000030
118245  -24.404  -88.107  -15.941 0.2000000030
1251  -25.738  -86.989  -18.110 0.2000000030
1240  -26.778  -86.717  -17.886 0.2000000030
1587  -26.557  -86.453  -18.480 0.2000000030
116073  -27.424  -84.970  -20.317 0.1000000015
1602  -26.278  -86.060  -19.186 0.2000000030
1973  -26.505  -85.416  -21.076 0.2000000030
2436  -27.740  -84.481  -22.127 0.1000000015
3358  -27.160  -81.673  -23.538 0.1000000015
1988  -27.427  -85.187  -22.504 0.2000000030
2449  -27.432  -84.807  -22.971 0.1000000015
2876  -27.053  -83.635  -22.992 0.1000000015
2446  -26.079  -84.736  -23.772 0.1000000015
915  -26.423  -87.485  -15.964 0.2000000030
1226  -26.667  -87.148  -16.743 0.2000000030
117147  -26.933  -86.785  -17.310 0.2000000030
2864  -28.631  -82.164  -22.476 0.1000000015
3865  -28.149  -81.511  -22.671 0.1000000015
127026  -27.256  -81.242  -23.376 0.1000000015
1588  -27.199  -86.123  -18.108 0.2000000030
1603  -27.109  -85.768  -18.706 0.2000000030
1961  -26.806  -85.374  -19.662 0.2000000030
3879  -26.620  -81.137  -24.025 0.1000000015
1974  -27.447  -85.181  -21.505 0.2000000030
122177  -4.707  -81.378  -22.592 0.1000000015
3847  -5.574  -81.664  -22.103 0.1000000015
4360  -3.969  -80.101  -22.914 0.1000000015
4349  -4.233  -80.252  -21.331 0.1000000015
24013  -18.243  -53.112  -4.577 0.1000000015
24012  -17.446  -52.665  -4.274 0.1000000015
1237  -23.492  -87.150  -17.518 0.2000000030
643  -23.155  -89.068  -14.149 0.2000000030
859  -25.093  -87.967  -11.840 0.2000000030
633  -23.645  -89.248  -13.305 0.2000000030
873  -25.445  -88.164  -12.297 0.2000000030
1224  -24.630  -87.767  -16.496 0.2000000030
3359  -27.991  -81.843  -23.144 0.1000000015
1239  -26.163  -87.163  -17.396 0.2000000030
2849  -9.492  -83.956  -20.757 0.1000000015
2424  -10.100  -83.921  -20.060 0.1000000015
2860  -9.826  -83.464  -21.581 0.1000000015
2850  -10.227  -83.371  -20.757 0.1000000015
2869  -9.405  -83.663  -22.588 0.1000000015
2830  -10.733  -83.761  -19.315 0.1000000015
2868  -8.814  -83.730  -23.665 0.1000000015
127006  -11.045  -82.501  -22.096 0.1000000015
120459  -9.819  -83.230  -23.430 0.1000000015
2838  -11.374  -83.019  -19.797 0.1000000015
2831  -11.205  -83.938  -18.504 0.1000000015
2839  -12.007  -82.876  -18.979 0.1000000015
2870  -10.405  -83.001  -22.576 0.1000000015
115417  -12.231  -84.132  -17.381 0.1000000015
2881  -8.597  -83.212  -24.484 0.1000000015
2889  -7.029  -83.499  -25.056 0.1000000015
15025  -0.625  -63.045  -6.568 0.1000000015
15853  -0.899  -62.266  -8.006 0.1000000015
129483  -0.727  -62.416  -7.253 0.1000000015
15820  -0.676  -61.958  -6.760 0.1000000015
16600  -0.926  -61.227  -8.190 0.1000000015
121055  -1.130  -61.635  -8.630 0.1000000015
16601  -1.272  -61.048  -8.918 0.1000000015
15841  -0.700  -61.494  -7.531 0.1000000015
16587  -0.822  -60.925  -7.701 0.1000000015
1572  -12.687  -86.258  -17.608 0.1000000015
399  -6.860  -90.578  -6.950 0.1000000015
118563  -6.145  -89.812  -6.916 0.1000000015
577  -5.131  -89.839  -6.815 0.1000000015
390  -5.086  -90.607  -6.978 0.1000000015
262  -4.459  -90.582  -7.896 0.1000000015
127  -9.809  -91.974  -3.712 0.1000000015
42  -10.169  -92.805  -4.393 0.1000000015
49  -10.635  -93.254  -4.989 0.1000000015
376  -9.646  -91.446  -3.726 0.1000000015
138  -9.449  -92.255  -4.375 0.1000000015
41  -9.587  -92.667  -4.676 0.1000000015
53  -10.486  -93.765  -5.769 0.1000000015
54  -11.456  -93.760  -6.212 0.1000000015
55  -12.271  -93.521  -6.563 0.1000000015
129866  -9.248  -91.534  -4.115 0.1000000015
40  -9.107  -92.507  -5.028 0.1000000015
6  -11.819  -94.034  -6.971 0.1000000015
47  -9.174  -93.329  -5.681 0.1000000015
0  -9.624  -93.683  -5.813 0.1000000015
5  -10.916  -94.058  -6.668 0.1000000015
12  -12.953  -94.049  -7.964 0.1000000015
259  -5.590  -91.197  -7.258 0.1000000015
139  -9.976  -92.369  -3.955 0.1000000015
43  -11.018  -92.822  -4.248 0.1000000015
130458  -11.212  -93.484  -5.555 0.1000000015
60  -12.602  -93.844  -7.268 0.1000000015
44  -11.537  -93.047  -5.033 0.1000000015
61  -13.239  -93.595  -7.477 0.1000000015
46  -8.781  -92.830  -5.668 0.1000000015
3  -9.115  -93.748  -6.289 0.1000000015
4  -9.977  -94.028  -6.412 0.1000000015
2  -8.529  -93.349  -6.661 0.1000000015
66  -14.291  -93.416  -8.643 0.1000000015
587  -5.548  -89.012  -6.882 0.1000000015
586  -4.702  -88.999  -7.036 0.1000000015
585  -4.078  -89.509  -7.650 0.1000000015
1549  -25.150  -85.856  -13.916 0.1000000015
59  -7.772  -92.960  -7.295 0.1000000015
67  -15.052  -93.076  -8.737 0.1000000015
128145  -15.910  -92.439  -8.899 0.1000000015
58  -7.336  -92.649  -7.700 0.1000000015
51  -7.539  -92.463  -7.255 0.1000000015
64  -7.190  -92.765  -8.462 0.1000000015
392  -8.202  -90.913  -6.615 0.1000000015
169  -6.184  -91.683  -7.554 0.1000000015
584  -3.791  -88.841  -8.112 0.1000000015
431  -23.895  -89.695  -10.966 0.1000000015
2243  -0.412  -84.670  -6.545 0.1000000015
1823  -1.248  -84.535  -7.396 0.1000000015
2693  0.013  -84.422  -6.783 0.1000000015
2262  -0.469  -84.252  -8.400 0.1000000015
112214  0.117  -84.058  -4.532 0.1000000015
111300  0.278  -83.989  -6.271 0.1000000015
127886  0.424  -83.144  -6.533 0.1000000015
2676  0.222  -83.452  -4.031 0.1000000015
3152  0.392  -83.074  -4.905 0.1000000015
123562  0.499  -82.332  -5.547 0.1000000015
3143  0.443  -82.374  -4.164 0.1000000015
6867  -1.178  -75.731  3.788 0.1000000015
6857  -1.565  -74.889  4.129 0.1000000015
6838  -1.365  -74.892  5.120 0.1000000015
7440  -1.773  -74.160  4.732 0.1000000015
589  -8.340  -89.595  -7.273 0.1000000015
108317  -6.832  -91.512  -6.904 0.1000000015
260  -6.003  -91.191  -7.109 0.1000000015
255  -8.252  -92.292  -5.957 0.1000000015
1822  -0.488  -84.161  -7.750 0.1000000015
108799  0.278  -83.700  -7.154 0.1000000015
7430  -1.590  -74.140  5.614 0.1000000015
124624  -7.829  -93.187  -7.901 0.1000000015
123008  -8.446  -93.459  -7.096 0.1000000015
113269  -13.700  -93.618  -7.973 0.1000000015
391  -7.456  -91.147  -6.768 0.1000000015
150  -8.649  -92.386  -5.455 0.1000000015
158  -6.991  -91.855  -7.322 0.1000000015
45  -8.451  -92.991  -6.238 0.1000000015
52  -8.044  -92.890  -6.778 0.1000000015
116756  -7.768  -92.011  -6.607 0.1000000015
114400  -7.004  -91.577  -7.100 0.1000000015
1  -8.155  -93.258  -7.176 0.1000000015
7  -8.467  -93.597  -7.685 0.1000000015
8  -9.181  -94.020  -7.758 0.2000000030
10  -11.266  -94.220  -7.523 0.2000000030
20  -8.266  -93.445  -9.288 0.2000000030
26  -10.306  -94.140  -10.980 0.4000000060
32  -10.434  -94.100  -11.936 0.6000000238
36  -9.987  -93.915  -12.285 0.6000000238
48  -9.760  -93.265  -5.173 0.1000000015
68  -7.295  -92.686  -9.518 0.4000000060
79  -8.792  -93.336  -11.615 0.6999999881
80  -9.387  -93.810  -11.997 0.6000000238
87  -10.832  -93.377  -12.807 0.6999999881
93  -13.944  -93.074  -13.681 0.6000000238
149  -8.291  -92.504  -6.204 0.1000000015
159  -7.704  -92.193  -6.893 0.1000000015
168  -19.627  -91.448  -6.672 0.1000000015
170  -6.969  -92.124  -7.555 0.1000000015
178  -6.611  -92.235  -8.036 0.1000000015
180  -16.491  -92.290  -8.585 0.1000000015
184  -20.266  -91.909  -8.445 0.1000000015
252  -8.980  -91.652  -4.527 0.1000000015
256  -8.517  -91.986  -5.323 0.1000000015
263  -4.895  -90.911  -7.373 0.2000000030
271  -5.132  -90.504  -9.899 0.3000000119
272  -5.245  -91.184  -9.166 0.2000000030
280  -5.184  -89.956  -10.517 0.6999999881
301  -13.384  -91.011  -11.232 1.0000000000
312  -18.427  -90.859  -12.623 0.3000000119
325  -16.008  -91.233  -16.087 0.8999999762
328  -16.165  -90.873  -16.188 0.8999999762
331  -9.561  -91.179  -17.748 0.8999999762
335  -10.683  -91.294  -18.588 0.8999999762
398  -4.442  -90.236  -7.378 0.1000000015
400  -7.884  -90.345  -7.115 0.1000000015
404  -22.089  -90.118  -7.977 0.1000000015
405  -4.075  -89.991  -8.168 0.2000000030
408  -10.022  -89.994  -9.557 1.0000000000
413  -23.135  -90.098  -9.412 0.1000000015
422  -5.807  -90.062  -11.407 0.6999999881
434  -6.069  -90.540  -11.514 0.8000000119
435  -6.855  -90.517  -11.899 1.0000000000
456  -9.284  -90.801  -16.099 0.8999999762
457  -10.132  -90.537  -15.767 1.0000000000
458  -10.793  -90.230  -15.521 1.0000000000
461  -19.476  -90.169  -15.571 0.6999999881
485  -11.047  -90.844  -20.020 1.0000000000
486  -11.903  -91.027  -19.991 0.8999999762
489  -10.495  -90.085  -20.505 0.8000000119
576  -4.559  -89.699  -7.124 0.1000000015
599  -4.069  -89.632  -9.105 0.2000000030
604  -13.395  -89.365  -9.362 1.0000000000
608  -4.295  -89.017  -10.162 0.3000000119
619  -5.305  -89.054  -11.732 0.6999999881
622  -6.639  -89.860  -12.276 1.0000000000
627  -24.648  -89.092  -12.028 0.2000000030
629  -5.237  -88.817  -12.791 0.6999999881
659  -8.697  -90.256  -15.712 1.0000000000
668  -6.839  -89.288  -17.547 0.8999999762
832  -11.607  -88.228  -9.379 1.0000000000
841  -3.865  -88.611  -9.809 0.3000000119
852  -7.639  -88.033  -11.945 0.8999999762
857  -14.830  -88.677  -11.166 1.0000000000
858  -24.690  -88.359  -11.377 0.2000000030
861  -4.136  -88.037  -11.479 0.6000000238
893  -25.868  -88.116  -14.335 0.2000000030
894  -26.518  -87.526  -14.365 0.2000000030
905  -6.292  -88.623  -17.126 1.0000000000
911  -21.446  -88.306  -16.765 0.5000000000
917  -6.384  -88.575  -17.572 0.8999999762
919  -10.249  -88.064  -18.287 0.3000000119
928  -5.705  -87.438  -18.531 0.8000000119
930  -8.918  -88.641  -19.221 0.4000000060
938  -6.368  -87.793  -18.872 0.8000000119
939  -7.787  -88.602  -19.022 0.5000000000
950  -10.661  -88.638  -21.554 0.4000000060
1153  -3.398  -87.468  -9.839 0.2000000030
1155  -10.327  -87.256  -10.015 1.0000000000
1176  -3.522  -87.104  -12.670 0.6000000238
1187  -3.297  -86.782  -13.256 0.6000000238
1189  -4.116  -87.776  -13.684 0.8999999762
1196  -16.674  -87.725  -13.981 1.0000000000
1198  -3.163  -86.740  -13.923 0.8999999762
1201  -5.237  -87.190  -14.265 0.8999999762
1207  -17.047  -87.666  -14.679 1.0000000000
1208  -26.813  -87.087  -14.445 0.2000000030
1212  -14.670  -87.535  -15.108 1.0000000000
1220  -16.107  -86.789  -15.793 1.0000000000
1227  -5.316  -87.291  -17.981 1.0000000000
1241  -4.925  -86.608  -18.797 0.8000000119
1244  -11.672  -87.396  -18.251 0.3000000119
1271  -10.397  -88.060  -21.520 0.4000000060
1281  -12.270  -86.108  -23.864 0.2000000030
1294  -20.358  -87.043  -24.634 0.4000000060
1295  -14.986  -87.002  -25.869 0.3000000119
1296  -15.745  -86.792  -26.141 0.1000000015
1479  -3.313  -87.239  -9.380 0.1000000015
1510  -3.288  -86.537  -12.531 0.6000000238
1531  -16.212  -87.035  -13.896 1.0000000000
1538  -3.090  -86.616  -14.393 0.8999999762
1546  -15.930  -86.842  -14.406 1.0000000000
1550  -26.034  -86.250  -14.207 0.2000000030
1555  -15.337  -87.051  -14.682 1.0000000000
1569  -10.449  -87.097  -17.528 0.3000000119
1595  -17.954  -86.649  -19.726 0.8999999762
1617  -6.267  -85.905  -20.629 0.6999999881
1619  -7.052  -86.054  -21.294 0.2000000030
1621  -12.464  -85.790  -21.997 0.1000000015
1628  -11.868  -86.473  -22.637 0.2000000030
1648  -14.206  -86.323  -25.685 0.3000000119
1658  -19.752  -86.471  -26.285 0.1000000015
1811  -0.700  -84.461  -7.172 0.1000000015
1838  -0.897  -84.215  -7.882 0.1000000015
1887  -3.741  -85.441  -11.631 0.2000000030
1905  -1.800  -85.041  -14.485 0.8999999762
1906  -2.273  -85.510  -14.714 0.8999999762
1907  -3.325  -85.911  -15.185 1.0000000000
1921  -3.898  -85.346  -15.389 1.0000000000
1923  -8.448  -85.915  -15.445 1.0000000000
1928  -26.583  -85.771  -15.729 0.2000000030
1944  -27.276  -85.740  -17.167 0.2000000030
1945  -4.526  -85.236  -19.349 1.0000000000
1975  -27.719  -84.956  -21.755 0.2000000030
1977  -5.304  -84.675  -21.445 0.6999999881
1990  -6.673  -85.044  -22.536 0.4000000060
1991  -7.105  -85.295  -22.404 0.2000000030
2001  -27.030  -85.386  -23.151 0.3000000119
2002  -27.189  -85.125  -23.278 0.2000000030
2013  -23.625  -85.419  -25.394 0.2000000030
2024  -24.418  -84.927  -25.413 0.1000000015
2031  -23.537  -84.597  -26.333 0.1000000015
2032  -20.239  -85.256  -27.124 0.1000000015
2035  -22.357  -84.546  -27.206 0.1000000015
2253  -0.353  -84.303  -7.267 0.1000000015
2261  -0.228  -84.200  -8.085 0.1000000015
2263  -1.063  -84.381  -8.503 0.1000000015
2295  -0.159  -84.590  -10.155 0.1000000015
2328  -4.084  -84.603  -12.394 0.3000000119
2339  -1.412  -84.690  -14.084 0.6999999881
2350  -1.009  -84.234  -14.243 0.8999999762
2352  -1.751  -85.021  -14.849 0.8999999762
2367  -5.104  -84.234  -15.269 1.0000000000
2368  -5.915  -84.034  -15.031 1.0000000000
2370  -10.992  -84.619  -14.322 1.0000000000
2389  -11.149  -85.261  -17.690 0.2000000030
2399  -4.345  -84.183  -19.824 1.0000000000
2428  -4.255  -83.874  -21.006 0.8999999762
2429  -4.635  -84.247  -21.432 0.8999999762
2430  -8.218  -84.871  -21.722 0.2000000030
2431  -9.014  -84.137  -21.639 0.1000000015
2433  -26.596  -84.403  -23.457 0.1000000015
2434  -27.060  -84.249  -23.255 0.2000000030
2435  -27.452  -84.028  -22.756 0.1000000015
2453  -7.450  -84.446  -24.056 0.3000000119
2461  -6.740  -83.920  -24.740 0.1000000015
2462  -7.328  -84.017  -24.613 0.1000000015
2469  -23.638  -84.042  -26.507 0.1000000015
2471  -21.059  -84.276  -27.425 0.1000000015
2682  0.168  -84.184  -5.331 0.1000000015
2714  0.340  -83.485  -8.602 0.3000000119
2733  -2.349  -83.636  -11.022 0.1000000015
2746  -0.340  -84.068  -12.036 0.4000000060
2759  -0.203  -83.604  -12.651 0.6999999881
2761  -3.003  -84.024  -12.593 0.2000000030
2785  -1.084  -84.001  -14.901 1.0000000000
2797  -1.547  -83.485  -15.225 1.0000000000
2798  -2.415  -83.736  -15.457 1.0000000000
2809  -9.245  -83.150  -16.824 1.0000000000
2829  -7.253  -82.736  -18.450 1.0000000000
2858  -2.971  -83.239  -21.291 0.6999999881
2859  -3.538  -83.645  -21.617 0.6999999881
2861  -10.633  -82.918  -21.493 0.1000000015
2863  -28.402  -82.991  -22.390 0.1000000015
2878  -4.128  -82.834  -24.079 0.3000000119
2887  -4.881  -82.745  -24.663 0.2000000030
3130  0.324  -82.859  -3.428 0.1000000015
3160  0.489  -82.272  -6.276 0.4000000060
3185  0.474  -82.897  -9.789 0.5000000000
3201  0.352  -82.724  -11.511 0.6999999881
3216  -0.147  -82.906  -13.282 0.8999999762
3263  -3.035  -82.783  -15.424 1.0000000000
3266  -5.390  -83.006  -15.134 1.0000000000
3280  -10.599  -82.440  -16.125 1.0000000000
3289  -7.786  -82.254  -18.202 1.0000000000
3290  -8.458  -82.375  -17.791 1.0000000000
3291  -8.812  -81.670  -17.573 1.0000000000
3297  -2.245  -82.036  -19.414 1.0000000000
3300  -4.665  -82.889  -19.192 1.0000000000
3310  -2.461  -82.495  -19.799 1.0000000000
3326  -28.421  -82.753  -21.609 0.1000000015
3327  -2.489  -82.786  -21.020 0.8000000119
3328  -12.014  -81.920  -21.398 0.1000000015
3330  -28.512  -81.961  -21.634 0.1000000015
3333  -3.422  -83.070  -23.379 0.5000000000
3346  -28.306  -82.392  -22.851 0.1000000015
3383  -20.905  -82.193  -28.014 0.1000000015
3384  -21.530  -82.561  -27.389 0.1000000015
3385  -22.228  -82.892  -27.113 0.1000000015
3635  0.520  -81.867  -4.946 0.1000000015
3772  -0.953  -81.777  -14.528 1.0000000000
3778  -6.590  -81.736  -14.592 1.0000000000
3791  -3.497  -82.015  -15.131 1.0000000000
3793  -5.165  -81.922  -14.976 1.0000000000
3811  -1.989  -81.153  -18.303 0.8999999762
3816  -7.227  -81.182  -17.872 1.0000000000
3845  -1.934  -81.584  -22.052 0.5000000000
3846  -2.179  -82.302  -21.809 0.8000000119
3855  -28.751  -81.993  -22.399 0.1000000015
3866  -28.576  -81.949  -22.672 0.1000000015
4254  -0.233  -80.716  -13.020 1.0000000000
4269  -3.895  -80.119  -13.963 1.0000000000
4277  -12.656  -80.268  -13.541 1.0000000000
4282  -3.424  -80.705  -14.377 1.0000000000
4286  -7.098  -81.051  -14.195 1.0000000000
4300  -11.289  -80.164  -15.868 1.0000000000
4311  -2.878  -80.136  -17.069 1.0000000000
4314  -5.875  -80.270  -16.687 1.0000000000
4317  -9.898  -80.673  -16.828 1.0000000000
4338  -1.470  -80.805  -18.363 0.8999999762
4342  -0.454  -80.055  -19.850 0.8000000119
4347  -0.619  -79.783  -20.982 0.5000000000
4352  -6.452  -80.126  -21.056 0.1000000015
4358  -1.040  -79.444  -21.873 0.5000000000
4373  -4.084  -80.797  -23.855 0.2000000030
4381  -2.956  -80.678  -23.782 0.3000000119
4672  -0.086  -79.732  -2.388 0.1000000015
4712  0.049  -78.739  -5.524 0.4000000060
4735  0.236  -79.991  -7.632 0.6000000238
4778  -10.677  -79.342  -10.597 1.0000000000
4789  -0.359  -79.331  -12.180 1.0000000000
4814  -10.749  -79.927  -11.951 1.0000000000
4821  -0.707  -79.989  -13.190 1.0000000000
4823  -2.391  -79.501  -13.619 1.0000000000
4828  -7.149  -79.854  -13.293 1.0000000000
4842  -12.590  -79.850  -14.215 1.0000000000
4855  -0.689  -79.175  -16.227 1.0000000000
4865  -2.493  -79.531  -16.570 0.8999999762
4867  -4.450  -79.570  -16.489 1.0000000000
4872  -9.833  -80.082  -16.571 1.0000000000
4877  -0.344  -79.581  -16.952 0.8999999762
4889  -4.991  -79.381  -19.582 0.1000000015
4890  -5.794  -79.173  -19.627 0.1000000015
4895  -0.102  -79.312  -20.520 0.5000000000
4897  -4.630  -79.906  -20.279 0.1000000015
4909  -6.587  -80.292  -21.746 0.1000000015
5219  -0.272  -78.112  -4.050 0.6000000238
5269  0.017  -78.424  -7.005 0.8000000119
5289  -11.453  -78.391  -9.487 1.0000000000
5305  -12.346  -78.644  -10.350 1.0000000000
5313  -1.339  -77.861  -12.281 1.0000000000
5315  -4.803  -77.939  -11.671 1.0000000000
5319  -8.613  -78.765  -11.276 1.0000000000
5326  -0.633  -78.791  -12.219 1.0000000000
5328  -2.089  -78.207  -12.655 1.0000000000
5332  -6.264  -78.711  -12.264 1.0000000000
5362  -12.400  -79.216  -13.834 1.0000000000
5370  -0.503  -78.586  -15.694 0.8999999762
5381  -11.426  -79.043  -15.168 1.0000000000
5385  -1.253  -79.309  -16.156 1.0000000000
5396  0.122  -79.027  -17.157 0.8999999762
5406  0.282  -78.586  -17.973 0.6999999881
5421  -3.715  -78.436  -19.687 0.1000000015
5445  -0.358  -78.733  -20.960 0.5000000000
5447  -3.143  -78.310  -22.509 0.3000000119
5455  -2.275  -78.078  -22.512 0.5000000000
5692  -0.412  -77.489  2.398 0.1000000015
5707  -0.888  -77.715  0.094 0.1000000015
5734  -1.398  -77.207  -1.374 0.2000000030
5783  -0.090  -77.756  -6.794 0.6000000238
5808  -9.432  -77.131  -8.626 1.0000000000
5833  -0.208  -77.456  -10.485 1.0000000000
5834  -5.271  -77.073  -10.556 1.0000000000
5843  -0.638  -77.402  -11.124 1.0000000000
5844  -2.192  -77.241  -11.631 1.0000000000
5847  -5.532  -77.605  -11.127 1.0000000000
5849  -7.303  -77.946  -11.072 1.0000000000
5855  -11.983  -77.861  -11.951 1.0000000000
5887  -1.403  -77.691  -14.458 1.0000000000
5889  -4.349  -77.082  -14.912 1.0000000000
5890  -5.994  -77.075  -15.000 1.0000000000
5926  0.134  -77.631  -18.064 0.6999999881
5943  -3.417  -77.322  -19.878 0.1000000015
5978  -1.843  -77.508  -22.193 0.5000000000
6307  -1.017  -76.570  -3.780 0.6999999881
6379  -0.149  -76.465  -9.552 1.0000000000
6402  -0.981  -76.822  -11.124 1.0000000000
6403  -1.622  -76.784  -11.150 1.0000000000
6429  -0.696  -76.305  -13.820 1.0000000000
6447  -0.348  -76.694  -14.384 1.0000000000
6454  -7.699  -76.623  -14.162 1.0000000000
6562  -2.873  -75.927  -22.081 0.4000000060
6576  -2.271  -76.672  -22.251 0.5000000000
6856  -0.979  -75.541  4.629 0.1000000015
6868  -1.517  -75.215  3.173 0.3000000119
6978  -1.544  -75.009  -8.840 1.0000000000
6980  -3.696  -75.604  -8.254 1.0000000000
6992  -0.693  -76.109  -10.034 1.0000000000
7004  -11.149  -75.294  -10.560 1.0000000000
7016  -1.896  -75.343  -12.728 1.0000000000
7029  0.056  -75.300  -13.861 1.0000000000
7045  -4.993  -75.721  -14.118 1.0000000000
7099  -0.215  -74.934  -19.234 0.6999999881
7145  -2.634  -75.150  -21.783 0.3000000119
7474  -1.417  -74.801  1.476 0.8000000119
7484  -0.853  -73.796  0.033 0.8999999762
7492  -5.120  -74.017  -0.697 1.0000000000
7503  -6.404  -74.193  -1.292 1.0000000000
7504  -7.083  -74.356  -1.758 1.0000000000
7514  -5.885  -74.286  -1.468 1.0000000000
7522  -7.002  -74.496  -2.455 1.0000000000
7535  -0.638  -74.081  -5.613 0.8999999762
7569  -0.594  -74.693  -8.124 1.0000000000
7615  -5.062  -75.096  -13.519 1.0000000000
7630  0.272  -75.041  -15.179 0.8999999762
7697  -0.570  -74.717  -20.214 0.4000000060
7711  -1.979  -73.907  -21.050 0.3000000119
7713  -3.156  -74.080  -20.709 0.1000000015
8095  -6.307  -74.309  -2.517 1.0000000000
8096  -8.591  -74.060  -2.629 1.0000000000
8144  -0.962  -73.022  -6.297 0.8999999762
8180  -1.582  -73.249  -10.556 1.0000000000
8182  -3.125  -73.049  -10.744 1.0000000000
8187  -0.025  -73.163  -11.733 1.0000000000
8191  -3.154  -73.730  -11.379 1.0000000000
8194  -6.103  -72.826  -11.763 1.0000000000
8226  -7.813  -73.952  -13.187 1.0000000000
8239  0.314  -74.173  -15.296 0.8000000119
8240  0.260  -73.901  -16.129 0.8000000119
8274  -3.131  -73.180  -17.823 0.1000000015
8298  -2.574  -72.672  -19.774 0.1000000015
8299  -3.043  -73.255  -19.429 0.1000000015
8315  -1.224  -73.522  -20.695 0.2000000030
8635  -1.940  -72.487  3.048 0.6999999881
8669  -0.873  -72.331  0.805 0.8999999762
8682  -0.856  -72.180  -0.870 0.8999999762
8694  -3.993  -73.161  -1.371 1.0000000000
8702  -1.233  -72.712  -1.951 0.8999999762
8736  -1.433  -73.345  -4.672 0.8999999762
8737  -1.673  -72.873  -4.863 0.8999999762
8746  -11.004  -72.760  -5.935 1.0000000000
8759  -5.295  -72.416  -6.544 1.0000000000
8806  -1.722  -72.671  -10.096 1.0000000000
8809  -4.851  -72.442  -10.867 1.0000000000
8818  -5.506  -72.691  -11.335 1.0000000000
8853  0.348  -72.760  -14.472 0.8000000119
8862  0.372  -72.420  -15.471 0.8000000119
8918  -1.162  -72.081  -20.207 0.2000000030
8919  -1.831  -72.159  -19.975 0.1000000015
8934  -1.517  -72.578  -20.405 0.2000000030
9297  -3.859  -72.106  1.656 1.0000000000
9366  -3.377  -72.207  -4.144 0.8999999762
9388  -11.939  -70.787  -7.085 1.0000000000
9397  -11.928  -71.164  -7.381 1.0000000000
9402  -11.942  -71.229  -8.038 1.0000000000
9424  -0.231  -71.685  -10.496 1.0000000000
9426  -3.940  -71.700  -10.112 1.0000000000
9432  -10.274  -71.150  -10.673 1.0000000000
9481  0.322  -71.401  -15.772 0.8000000119
9497  0.079  -70.930  -16.952 0.6000000238
9515  -0.844  -71.194  -19.262 0.3000000119
9527  -0.926  -71.607  -19.718 0.2000000030
9529  -1.819  -71.703  -19.549 0.2000000030
10018  -11.810  -70.256  -7.240 1.0000000000
10027  -1.458  -70.521  -8.820 1.0000000000
10037  -2.046  -70.832  -9.071 1.0000000000
10045  -10.650  -70.334  -9.946 1.0000000000
10076  0.259  -70.429  -13.111 0.8999999762
10124  -1.051  -69.886  -18.541 0.2000000030
10141  -0.936  -70.595  -18.997 0.3000000119
10689  -2.843  -68.572  -5.123 0.8999999762
10747  -1.137  -70.064  -8.542 1.0000000000
10755  -11.090  -69.599  -8.628 1.0000000000
10756  -11.712  -69.952  -8.663 1.0000000000
10763  -9.299  -69.551  -8.940 1.0000000000
10812  0.134  -69.873  -15.356 0.6000000238
10849  -0.928  -69.340  -18.047 0.3000000119
11425  -2.457  -68.267  -4.659 1.0000000000
12097  -1.607  -67.448  -4.596 0.8999999762
12112  -1.470  -67.578  -5.209 0.8999999762
12123  -0.957  -67.299  -6.463 0.8000000119
12156  -0.511  -67.480  -14.131 0.1000000015
12717  -3.639  -66.064  -0.336 0.8999999762
12763  -1.561  -66.568  -3.621 0.8999999762
13410  -0.764  -64.772  0.860 0.8000000119
13419  -1.847  -64.577  -0.106 0.8999999762
13467  -1.354  -65.804  -3.522 0.8999999762
14134  -0.870  -64.146  3.105 0.1000000015
14949  -0.641  -63.211  0.980 0.6999999881
15710  -0.789  -62.815  2.107 0.5000000000
15724  -0.663  -62.586  1.437 0.5000000000
15725  -0.825  -62.222  1.733 0.5000000000
15743  -7.839  -62.374  0.305 1.0000000000
16470  -0.811  -61.806  1.230 0.6999999881
16485  -1.037  -61.457  0.718 0.6999999881
16486  -7.464  -61.786  0.206 1.0000000000
16487  -8.452  -61.344  0.620 1.0000000000
16498  -1.529  -61.191  0.197 0.6999999881
16499  -2.306  -60.995  -0.136 0.8999999762
16527  -1.231  -61.051  -3.118 0.5000000000
17275  -2.970  -59.537  1.306 0.4000000060
17288  -1.793  -60.352  0.812 0.6000000238
17291  -9.487  -60.350  1.151 1.0000000000
18088  -3.184  -58.809  0.999 0.6000000238
18854  -3.213  -58.581  0.537 0.6999999881
18869  -3.262  -58.440  0.126 0.6999999881
18884  -2.918  -58.855  -0.007 0.6999999881
18887  -4.657  -57.730  -0.539 0.8999999762
19654  -4.440  -56.917  0.026 0.6999999881
19657  -10.665  -57.754  0.165 1.0000000000
19669  -3.657  -57.826  -0.004 0.6999999881
19673  -6.855  -56.848  -1.173 1.0000000000
20464  -17.190  -55.704  1.546 0.4000000060
20475  -6.085  -55.684  -1.148 0.8000000119
20478  -8.587  -56.134  -1.682 0.8999999762
20527  -14.223  -56.150  -4.521 1.0000000000
20537  -11.711  -56.110  -4.566 0.8000000119
21285  -12.417  -55.429  3.623 0.1000000015
21296  -14.658  -54.992  3.374 0.1000000015
21304  -6.368  -55.924  0.663 0.5000000000
21318  -6.420  -55.343  -0.097 0.6999999881
21364  -12.736  -55.219  -3.555 0.6999999881
21377  -11.031  -55.050  -4.172 0.6999999881
21378  -11.809  -55.147  -4.213 0.8000000119
22209  -11.426  -54.921  2.418 0.2000000030
22222  -13.645  -54.939  2.392 0.2000000030
22229  -7.574  -54.712  -0.437 0.8000000119
22242  -6.938  -54.932  -1.472 0.8000000119
22281  -10.136  -54.673  -3.215 0.6999999881
22292  -10.725  -54.868  -3.795 0.6999999881
22294  -12.103  -54.941  -3.913 0.6999999881
108742  -2.800  -73.200  -3.038 0.8999999762
108789  -2.849  -72.216  -2.704 0.8999999762
109078  -8.803  -93.734  -7.027 0.1000000015
109194  -11.384  -83.396  -18.930 0.1000000015
109432  -8.993  -89.564  -14.939 1.0000000000
110011  -23.254  -89.464  -12.925 0.2000000030
110257  -9.526  -94.060  -7.054 0.2000000030
110380  0.456  -82.141  -7.973 0.5000000000
110690  -0.652  -72.485  -19.806 0.2000000030
111430  -7.894  -82.902  -17.981 1.0000000000
111771  -21.403  -90.385  -11.584 0.2000000030
111992  -10.475  -82.651  -23.724 0.1000000015
112013  -7.403  -70.144  -9.544 1.0000000000
112114  -15.217  -87.755  -25.227 0.4000000060
112516  0.467  -82.106  -9.245 0.6000000238
112722  -4.077  -64.022  -0.432 0.8999999762
112741  0.360  -80.705  -7.193 0.4000000060
112900  -3.859  -83.573  -23.578 0.3000000119
113111  0.386  -81.541  -2.746 0.2000000030
113122  -0.640  -78.534  -1.835 0.2000000030
113286  -28.650  -81.794  -22.259 0.1000000015
113317  -5.230  -77.057  -15.032 1.0000000000
113736  0.211  -74.524  -13.853 0.8999999762
113937  -11.304  -55.172  2.994 0.1000000015
114027  -6.924  -77.432  -10.528 1.0000000000
114210  -1.889  -78.672  -23.013 0.5000000000
115172  -0.876  -68.305  -16.942 0.1000000015
115183  0.398  -81.151  -10.328 0.6999999881
115221  -1.645  -76.598  -1.944 0.6000000238
115285  -10.520  -76.396  -11.688 1.0000000000
115647  -1.345  -64.720  0.282 0.8999999762
116417  0.291  -81.200  -11.730 0.8000000119
116621  -1.369  -65.095  -13.047 0.1000000015
116684  0.369  -71.170  -14.589 0.8000000119
116724  -1.849  -74.380  -11.721 1.0000000000
116974  0.240  -79.589  -9.850 0.6999999881
117107  -3.653  -78.843  -20.375 0.1000000015
117109  -25.931  -87.919  -12.738 0.2000000030
117143  -2.148  -74.578  -21.395 0.3000000119
117818  -0.544  -79.270  -0.164 0.1000000015
118046  -11.707  -70.635  -9.216 1.0000000000
118449  -11.212  -86.575  -17.470 0.2000000030
118619  -5.782  -72.523  -7.075 1.0000000000
119462  -25.436  -85.582  -14.517 0.1000000015
119673  -19.890  -87.442  -22.395 0.5000000000
119770  0.093  -84.164  -8.763 0.2000000030
119888  -4.634  -86.075  -18.962 0.8999999762
120487  -3.573  -60.046  -0.334 0.8999999762
120611  -5.129  -74.244  -6.653 1.0000000000
120881  0.524  -80.927  -4.994 0.4000000060
121126  0.180  -71.057  -11.992 0.8999999762
121196  -11.369  -82.439  -21.407 0.1000000015
121355  -8.693  -93.745  -9.337 0.2000000030
121515  -2.643  -85.669  -15.086 0.8999999762
123037  -14.701  -90.310  -13.515 1.0000000000
123309  -0.115  -71.104  -10.414 1.0000000000
123353  -5.993  -66.362  -2.585 1.0000000000
123396  -5.798  -90.704  -6.915 0.1000000015
123443  -6.222  -90.338  -12.027 1.0000000000
123538  -8.780  -93.278  -6.073 0.1000000015
123583  -5.683  -70.277  -9.290 1.0000000000
123619  -0.776  -74.021  -20.403 0.3000000119
123963  -10.421  -91.977  -11.255 0.8999999762
124190  -0.521  -67.892  4.785 0.3000000119
124246  0.434  -83.183  -5.808 0.1000000015
124280  -9.300  -91.861  -4.153 0.1000000015
124978  -13.683  -86.207  -25.327 0.1000000015
125158  -26.986  -86.991  -16.138 0.2000000030
125196  -11.846  -83.554  -18.124 0.1000000015
125201  -11.115  -79.488  -15.620 1.0000000000
125323  -2.208  -72.778  4.659 0.3000000119
125360  -14.306  -89.151  -10.152 1.0000000000
125474  -12.753  -78.920  -11.857 1.0000000000
125619  -9.242  -92.931  -5.227 0.1000000015
126547  0.015  -84.193  -7.393 0.2000000030
127009  -11.437  -69.627  -8.125 1.0000000000
127033  -6.737  -89.246  -16.708 1.0000000000
127205  0.014  -84.505  -10.449 0.4000000060
127641  -6.409  -85.320  -17.680 1.0000000000
128104  -5.287  -86.631  -19.452 0.6999999881
128167  -5.058  -72.948  -3.367 1.0000000000
128186  -2.261  -84.475  -15.388 1.0000000000
128208  -3.194  -55.672  -3.286 0.3000000119
128249  -1.029  -80.408  -17.874 0.8999999762
128375  -7.222  -86.843  -12.827 1.0000000000
128394  -10.028  -64.438  -2.844 1.0000000000
128589  -6.703  -84.779  -23.327 0.3000000119
128617  -13.649  -90.658  -10.641 1.0000000000
128739  -18.412  -90.984  -14.647 0.6999999881
128764  -1.006  -83.245  -14.998 1.0000000000
128787  0.059  -71.889  -17.863 0.4000000060
128962  -8.093  -92.978  -10.633 0.5000000000
129023  -2.120  -72.210  -2.249 0.8999999762
129123  -1.726  -80.839  -14.426 1.0000000000
129168  -0.304  -73.180  -19.453 0.4000000060
129306  0.065  -77.808  -8.287 0.8000000119
129334  -11.349  -78.241  -13.560 1.0000000000
129365  -6.558  -82.347  -14.725 1.0000000000
129367  -8.008  -85.791  -20.484 0.4000000060
129368  -12.467  -85.998  -20.752 0.2000000030
129377  -11.396  -81.471  -15.912 1.0000000000
129470  -6.244  -56.258  -4.529 0.8000000119
129547  -12.106  -77.631  -10.452 1.0000000000
129581  -1.472  -76.730  -2.455 0.6000000238
129612  -2.789  -63.377  -0.288 0.8999999762
129759  0.346  -80.704  -8.735 0.5000000000
129840  -3.228  -76.817  -21.847 0.3000000119
130053  -11.644  -78.834  -14.698 1.0000000000
130072  -3.148  -78.634  -22.945 0.2000000030
130097  -11.595  -82.296  -15.427 1.0000000000
130116  -4.046  -51.764  -5.810 0.1000000015
130200  -2.617  -73.608  -3.485 0.8999999762
130350  -8.559  -89.125  -15.033 1.0000000000
130371  -5.300  -74.852  -6.807 1.0000000000
130438  -6.333  -91.433  -7.289 0.1000000015
130469  -7.847  -61.332  0.371 1.0000000000
130477  -6.937  -77.637  -14.847 1.0000000000
