#!ascii label  , from subject sub-v1s13x0050005_ses-1 vox2ras=TkReg
3493
1797  -14.565  -85.633  -4.404 0.0000000000
16652  -2.597  -61.966  -11.941 0.0000000000
21410  -20.233  -55.164  -6.196 0.0000000000
1655  -13.260  -85.842  -24.998 0.0000000000
25698  -7.040  -49.898  -11.605 0.0000000000
20429  -10.012  -56.770  3.468 0.0000000000
4673  -4.073  -78.624  -2.826 0.0000000000
63  -14.959  -93.034  -8.072 0.0000000000
7114  -6.421  -75.439  -19.438 0.0000000000
24813  -15.736  -51.149  -4.239 0.0000000000
23177  -17.876  -53.797  -3.316 0.0000000000
25663  -18.231  -50.119  -8.400 0.0000000000
28215  -11.883  -46.660  -11.259 0.0000000000
13365  -3.804  -65.783  2.957 0.0000000000
9223  -0.814  -70.784  8.047 0.0000000000
109247  -1.060  -72.938  1.197 0.0000000000
5671  0.422  -77.304  4.794 0.0000000000
3664  -6.973  -81.620  -7.126 0.0000000000
3703  -3.007  -81.579  -10.124 0.0000000000
1455  -8.027  -87.182  -7.827 0.0000000000
124624  -7.829  -93.187  -7.901 0.0000000000
127  -9.809  -91.974  -3.712 0.0000000000
786  -17.061  -87.974  -5.018 0.0000000000
17375  -0.912  -59.974  -5.943 0.0000000000
18978  -4.192  -57.629  -6.667 0.0000000000
15014  -3.858  -63.555  -5.646 0.0000000000
2850  -10.227  -83.371  -20.757 0.0000000000
3858  -5.068  -81.878  -23.370 0.0000000000
6591  -7.946  -76.540  -23.575 0.0000000000
116073  -27.424  -84.970  -20.317 0.0000000000
2015  -24.662  -85.036  -25.032 0.0000000000
4402  -24.295  -80.433  -25.255 0.0000000000
121129  -20.202  -50.965  -5.704 0.0000000000
2393  -15.091  -84.091  -17.154 0.0000000000
2906  -19.544  -83.817  -26.255 0.0000000000
20497  -17.952  -56.989  -1.153 0.0000000000
20466  -18.996  -55.835  1.571 0.0000000000
22248  -11.929  -54.716  -0.051 0.0000000000
17274  -2.216  -59.846  1.049 0.0000000000
3020  -1.787  -83.088  5.518 0.0000000000
2664  -0.336  -84.425  -2.978 0.0000000000
403  -21.436  -90.415  -7.583 0.0000000000
1197  -26.081  -87.449  -13.100 0.0000000000
24039  -4.356  -51.824  -8.258 0.0000000000
10085  -2.535  -71.074  -14.702 0.0000000000
12905  -4.542  -66.619  -16.958 0.0000000000
13561  -6.898  -65.897  -11.250 0.0000000000
121317  -17.753  -52.429  -2.035 0.0000000000
10525  -1.894  -69.309  9.969 0.0000000000
7942  -1.107  -73.082  11.269 0.0000000000
7400  -1.065  -74.179  7.217 0.0000000000
6175  -0.119  -76.370  8.787 0.0000000000
1794  -11.007  -85.912  -4.872 0.0000000000
2231  -6.832  -85.100  -5.969 0.0000000000
2700  -11.956  -82.854  -6.626 0.0000000000
2718  -9.998  -82.741  -8.611 0.0000000000
1442  -12.124  -86.643  -6.869 0.0000000000
578  -9.438  -89.824  -6.685 0.0000000000
783  -12.032  -89.030  -4.641 0.0000000000
14266  -1.176  -64.369  -9.462 0.0000000000
110830  -1.608  -60.796  -8.638 0.0000000000
16573  -3.105  -60.708  -5.997 0.0000000000
15855  -3.905  -62.045  -8.990 0.0000000000
113546  -13.458  -80.899  -20.119 0.0000000000
4386  -10.505  -80.545  -23.891 0.0000000000
129713  -10.965  -77.608  -20.405 0.0000000000
3324  -26.385  -82.192  -20.689 0.0000000000
3359  -27.991  -81.843  -23.144 0.0000000000
4926  -25.193  -79.844  -24.097 0.0000000000
23192  -19.431  -53.368  -5.069 0.0000000000
24828  -17.424  -51.502  -4.807 0.0000000000
121372  -20.543  -52.757  -5.997 0.0000000000
24036  -19.772  -52.496  -7.415 0.0000000000
958  -11.557  -87.258  -22.290 0.0000000000
1593  -11.967  -87.116  -19.065 0.0000000000
120868  -13.830  -85.248  -21.199 0.0000000000
3355  -20.904  -81.818  -23.968 0.0000000000
2473  -22.627  -83.914  -27.233 0.0000000000
4416  -18.787  -80.834  -26.487 0.0000000000
28200  -8.570  -46.684  -10.323 0.0000000000
29092  -9.875  -45.223  -11.431 0.0000000000
27378  -8.790  -47.332  -12.280 0.0000000000
19635  -15.826  -56.565  3.118 0.0000000000
125044  -15.474  -55.070  3.279 0.0000000000
21307  -10.495  -54.879  1.896 0.0000000000
21305  -6.992  -55.583  0.740 0.0000000000
13350  -0.818  -65.542  4.358 0.0000000000
111105  -2.979  -62.862  2.144 0.0000000000
14163  -0.585  -63.997  1.294 0.0000000000
4055  -3.357  -79.515  3.080 0.0000000000
3088  -3.327  -82.270  0.630 0.0000000000
2138  -1.027  -84.572  1.387 0.0000000000
3121  -2.592  -82.865  -2.656 0.0000000000
1886  -3.342  -85.312  -12.232 0.0000000000
2296  -0.687  -84.547  -10.732 0.0000000000
17  -11.559  -94.301  -8.268 0.0000000000
111  -17.102  -91.486  -0.588 0.0000000000
824  -17.371  -87.778  -8.016 0.0000000000
582  -19.092  -90.113  -6.477 0.0000000000
836  -20.894  -87.968  -8.889 0.0000000000
612  -24.006  -89.181  -10.335 0.0000000000
1508  -23.164  -86.908  -11.854 0.0000000000
117424  -24.642  -85.301  -14.436 0.0000000000
1915  -21.486  -85.059  -13.956 0.0000000000
124607  -18.342  -57.267  -2.497 0.0000000000
22303  -3.060  -53.548  -5.470 0.0000000000
18225  -4.968  -60.176  -8.563 0.0000000000
19806  -3.910  -57.333  -10.196 0.0000000000
4899  -6.275  -79.521  -20.395 0.0000000000
5980  -2.816  -77.805  -22.375 0.0000000000
6521  -3.510  -76.435  -19.400 0.0000000000
8908  -2.417  -71.982  -19.212 0.0000000000
8260  -4.562  -73.609  -16.474 0.0000000000
12855  -6.900  -67.071  -14.123 0.0000000000
14292  -9.769  -65.126  -12.530 0.0000000000
13537  -9.041  -66.166  -8.455 0.0000000000
24011  -16.842  -52.195  -4.106 0.0000000000
22301  -19.483  -54.874  -4.590 0.0000000000
28161  -19.527  -47.932  -6.102 0.0000000000
28170  -18.868  -47.671  -7.689 0.0000000000
28182  -17.682  -47.420  -8.711 0.0000000000
28205  -15.701  -46.974  -10.150 0.0000000000
29080  -14.719  -46.361  -10.813 0.0000000000
26494  -6.844  -48.703  -9.559 0.0000000000
11295  -3.843  -68.559  4.447 0.0000000000
11931  -1.248  -67.003  6.897 0.0000000000
10573  -0.689  -69.070  5.619 0.0000000000
8611  -2.122  -72.551  5.433 0.0000000000
6877  -1.283  -76.037  2.961 0.0000000000
5183  -0.688  -78.484  -0.418 0.0000000000
2678  -4.577  -83.228  -4.773 0.0000000000
4173  -5.183  -80.042  -5.995 0.0000000000
113359  -2.589  -80.005  -6.244 0.0000000000
4768  -6.481  -79.853  -9.240 0.0000000000
2724  -5.863  -83.649  -9.575 0.0000000000
1139  -3.959  -87.407  -7.868 0.0000000000
118563  -6.145  -89.812  -6.916 0.0000000000
46  -8.781  -92.830  -5.668 0.0000000000
50  -11.939  -93.249  -5.813 0.0000000000
746  -18.403  -88.850  -1.541 0.0000000000
1446  -18.719  -86.301  -6.510 0.0000000000
18929  -0.854  -58.657  -4.240 0.0000000000
20544  -2.103  -55.977  -5.029 0.0000000000
125551  -3.202  -58.427  -5.545 0.0000000000
121974  -4.611  -60.189  -5.562 0.0000000000
16575  -5.776  -61.882  -6.547 0.0000000000
1980  -7.371  -85.574  -21.731 0.0000000000
2867  -4.252  -84.170  -23.163 0.0000000000
2890  -7.800  -83.433  -24.776 0.0000000000
4938  -7.046  -79.745  -24.844 0.0000000000
7155  -4.972  -75.661  -23.560 0.0000000000
2007  -26.817  -85.124  -23.646 0.0000000000
3342  -23.987  -82.788  -22.554 0.0000000000
5485  -22.160  -79.500  -24.834 0.0000000000
27294  -18.193  -48.638  -4.947 0.0000000000
25655  -20.211  -50.502  -6.734 0.0000000000
1768  -13.430  -85.889  -1.760 0.0000000000
744  -14.751  -87.994  -1.527 0.0000000000
1040  -14.563  -87.515  0.929 0.0000000000
13557  -0.933  -65.839  -12.652 0.0000000000
1578  -9.210  -86.697  -18.090 0.0000000000
115417  -12.231  -84.132  -17.381 0.0000000000
4319  -15.354  -81.204  -16.019 0.0000000000
1644  -21.603  -86.586  -23.774 0.0000000000
1300  -19.119  -86.929  -26.246 0.0000000000
2018  -17.041  -85.842  -26.147 0.0000000000
4413  -15.857  -81.383  -26.653 0.0000000000
2893  -17.222  -83.641  -24.237 0.0000000000
1996  -17.294  -86.160  -22.334 0.0000000000
2841  -17.317  -83.434  -19.517 0.0000000000
23988  -18.907  -52.071  -0.876 0.0000000000
130264  -19.971  -52.855  -0.689 0.0000000000
125132  -18.958  -56.379  -0.295 0.0000000000
124682  -15.233  -57.294  -0.422 0.0000000000
20456  -19.922  -56.291  1.624 0.0000000000
21323  -15.107  -55.668  1.114 0.0000000000
18065  -10.124  -59.034  4.289 0.0000000000
17267  -7.300  -60.336  3.064 0.0000000000
19646  -6.200  -57.608  1.648 0.0000000000
5109  -1.608  -78.355  5.519 0.0000000000
4509  -0.733  -79.639  9.493 0.0000000000
110300  0.314  -80.997  6.244 0.0000000000
4075  -0.415  -80.857  1.141 0.0000000000
4140  0.428  -80.799  -3.463 0.0000000000
2245  -2.181  -84.421  -6.578 0.0000000000
108799  0.278  -83.700  -7.154 0.0000000000
242  -11.653  -91.272  -0.683 0.0000000000
131  -13.204  -92.596  -2.795 0.0000000000
154  -16.132  -92.394  -5.991 0.0000000000
148  -18.920  -91.588  -5.583 0.0000000000
174  -18.193  -92.269  -8.145 0.0000000000
290  -20.583  -91.101  -10.542 0.0000000000
1566  -27.123  -86.445  -16.777 0.0000000000
2410  -24.761  -84.579  -18.507 0.0000000000
22267  -18.175  -54.622  -2.162 0.0000000000
20530  -19.162  -56.581  -3.847 0.0000000000
24886  -5.763  -50.996  -10.145 0.0000000000
21443  -3.639  -55.501  -8.209 0.0000000000
116082  -4.725  -54.685  -10.909 0.0000000000
11527  -1.257  -67.737  -16.733 0.0000000000
12853  -2.875  -65.823  -13.954 0.0000000000
119936  -3.774  -72.165  -22.397 0.0000000000
126817  -3.821  -66.595  -20.178 0.0000000000
128825  -5.366  -70.868  -18.609 0.0000000000
118376  -5.259  -70.028  -15.151 0.0000000000
11463  -4.498  -68.184  -11.611 0.0000000000
15085  -5.288  -63.871  -11.444 0.0000000000
14258  -6.059  -64.693  -8.007 0.0000000000
13495  -6.760  -65.648  -5.674 0.0000000000
25595  -17.311  -50.618  -0.478 0.0000000000
24791  -17.784  -51.211  -0.972 0.0000000000
7363  -0.875  -74.479  10.418 0.0000000000
1796  -12.730  -84.977  -4.067 0.0000000000
123962  -10.844  -84.757  -5.460 0.0000000000
2238  -13.651  -84.331  -5.705 0.0000000000
2257  -12.662  -84.123  -7.351 0.0000000000
1444  -13.781  -85.828  -6.241 0.0000000000
804  -12.086  -87.923  -6.045 0.0000000000
1092  -13.793  -87.336  -4.534 0.0000000000
15869  -1.884  -62.218  -10.795 0.0000000000
15854  -1.422  -61.713  -9.269 0.0000000000
17442  -2.165  -60.925  -10.514 0.0000000000
17429  -2.765  -60.880  -9.655 0.0000000000
114070  -3.358  -61.723  -11.109 0.0000000000
4892  -14.343  -79.820  -18.891 0.0000000000
4900  -12.651  -79.517  -20.667 0.0000000000
5946  -12.110  -77.737  -19.374 0.0000000000
23193  -20.241  -53.948  -5.467 0.0000000000
119188  -20.288  -53.038  -5.610 0.0000000000
22307  -20.383  -54.535  -5.879 0.0000000000
22330  -19.737  -54.121  -7.199 0.0000000000
953  -12.844  -88.741  -22.139 0.0000000000
1276  -12.096  -86.561  -22.953 0.0000000000
117716  -11.925  -86.032  -22.450 0.0000000000
1993  -13.196  -85.576  -23.496 0.0000000000
4946  -19.580  -79.702  -24.186 0.0000000000
3889  -20.416  -81.069  -25.994 0.0000000000
4400  -18.809  -79.870  -24.960 0.0000000000
27363  -7.904  -47.295  -10.772 0.0000000000
28212  -8.307  -46.691  -11.126 0.0000000000
122911  -7.835  -48.421  -11.655 0.0000000000
26553  -8.660  -49.668  -13.702 0.0000000000
25711  -7.483  -50.719  -12.775 0.0000000000
20432  -12.754  -55.979  3.804 0.0000000000
21286  -13.284  -55.379  3.686 0.0000000000
21292  -10.762  -55.504  2.971 0.0000000000
21306  -8.999  -55.170  1.527 0.0000000000
21291  -9.064  -55.870  2.286 0.0000000000
12682  -0.532  -66.206  2.883 0.0000000000
14133  -0.622  -64.467  2.634 0.0000000000
5211  -6.000  -78.694  -1.864 0.0000000000
4091  -4.768  -79.759  0.957 0.0000000000
110417  -3.771  -80.147  -0.994 0.0000000000
3575  -3.144  -82.038  -0.774 0.0000000000
4126  -2.761  -80.656  -3.000 0.0000000000
1499  -3.307  -86.491  -11.157 0.0000000000
12  -12.953  -94.049  -7.964 0.0000000000
128719  -12.863  -94.067  -9.750 0.0000000000
71  -14.765  -93.256  -9.457 0.0000000000
126814  -16.129  -92.289  -9.416 0.0000000000
356  -17.931  -90.520  0.524 0.0000000000
1157  -18.607  -86.985  -10.151 0.0000000000
1140  -18.675  -87.830  -8.894 0.0000000000
1159  -20.578  -87.347  -10.421 0.0000000000
1160  -21.569  -87.485  -10.473 0.0000000000
1506  -21.238  -86.830  -11.919 0.0000000000
1532  -21.898  -86.131  -13.113 0.0000000000
19701  -2.133  -57.194  -2.732 0.0000000000
23182  -3.846  -53.284  -4.652 0.0000000000
22302  -2.836  -54.470  -4.527 0.0000000000
6522  -6.463  -77.008  -19.600 0.0000000000
5408  -4.712  -78.078  -18.640 0.0000000000
6475  -6.164  -76.070  -18.128 0.0000000000
7675  -3.876  -74.826  -17.656 0.0000000000
7678  -6.113  -74.678  -17.579 0.0000000000
24807  -17.121  -52.043  -2.637 0.0000000000
24806  -16.442  -51.611  -3.114 0.0000000000
24004  -17.408  -52.865  -3.755 0.0000000000
23184  -17.899  -53.465  -4.034 0.0000000000
23178  -18.232  -54.160  -3.801 0.0000000000
112072  -17.859  -88.565  -23.306 0.0000000000
27325  -19.807  -48.881  -6.996 0.0000000000
28171  -19.511  -47.965  -6.868 0.0000000000
26482  -18.782  -49.363  -8.082 0.0000000000
27334  -17.577  -48.354  -8.789 0.0000000000
118491  -16.398  -47.909  -9.561 0.0000000000
28191  -16.432  -47.093  -9.610 0.0000000000
28190  -15.849  -47.743  -9.947 0.0000000000
28204  -15.153  -47.556  -10.336 0.0000000000
9844  -0.691  -69.913  10.091 0.0000000000
11261  -1.713  -68.004  7.925 0.0000000000
10544  -0.414  -68.488  8.151 0.0000000000
11272  -0.348  -68.031  6.434 0.0000000000
9889  -0.592  -69.769  6.893 0.0000000000
108868  -1.666  -70.944  5.085 0.0000000000
126313  -1.696  -72.093  6.955 0.0000000000
6209  0.021  -76.037  5.792 0.0000000000
6838  -1.365  -74.892  5.120 0.0000000000
6240  -0.727  -76.429  3.544 0.0000000000
125074  -0.882  -76.925  1.999 0.0000000000
113539  -0.324  -78.061  1.747 0.0000000000
779  -4.752  -88.303  -3.998 0.0000000000
2247  -7.341  -83.881  -6.319 0.0000000000
2229  -4.945  -84.278  -5.537 0.0000000000
3155  -4.932  -82.913  -6.041 0.0000000000
3636  -4.902  -81.695  -5.430 0.0000000000
3662  -5.325  -81.320  -6.772 0.0000000000
4196  -5.383  -79.785  -7.630 0.0000000000
117887  -7.288  -80.315  -7.910 0.0000000000
109167  -8.900  -84.749  -8.465 0.0000000000
2726  -8.123  -82.849  -9.200 0.0000000000
1841  -7.478  -85.107  -8.456 0.0000000000
1856  -5.114  -85.201  -8.778 0.0000000000
1454  -6.505  -86.814  -7.742 0.0000000000
812  -5.148  -88.182  -7.048 0.0000000000
814  -7.316  -88.490  -7.438 0.0000000000
116839  -9.389  -90.953  -4.390 0.0000000000
383  -8.466  -91.354  -6.004 0.0000000000
138  -9.449  -92.255  -4.375 0.0000000000
53  -10.486  -93.765  -5.769 0.0000000000
43  -11.018  -92.822  -4.248 0.0000000000
545  -20.469  -89.164  -2.788 0.0000000000
16564  -0.543  -61.422  -6.081 0.0000000000
118957  -0.578  -60.637  -5.593 0.0000000000
121223  -0.774  -59.302  -3.954 0.0000000000
18169  -0.747  -59.270  -4.680 0.0000000000
18956  -1.375  -58.298  -5.211 0.0000000000
18183  -1.561  -59.577  -5.902 0.0000000000
16574  -3.458  -61.713  -6.082 0.0000000000
117760  -3.689  -60.561  -5.586 0.0000000000
16566  -4.424  -61.618  -5.537 0.0000000000
17397  -5.248  -60.841  -6.127 0.0000000000
15813  -4.757  -62.404  -5.500 0.0000000000
2423  -8.700  -84.615  -20.812 0.0000000000
114153  -7.926  -84.519  -23.535 0.0000000000
120459  -9.819  -83.230  -23.430 0.0000000000
4952  -8.512  -80.199  -25.109 0.0000000000
5991  -5.605  -77.643  -24.070 0.0000000000
7190  -6.078  -76.027  -24.720 0.0000000000
1961  -26.806  -85.374  -19.662 0.0000000000
1972  -25.122  -85.635  -21.249 0.0000000000
1974  -27.447  -85.181  -21.505 0.0000000000
3878  -25.932  -80.924  -24.422 0.0000000000
3344  -26.629  -82.800  -22.912 0.0000000000
3877  -24.212  -81.140  -24.269 0.0000000000
4392  -21.911  -80.862  -23.457 0.0000000000
117844  -18.598  -50.907  -5.101 0.0000000000
25629  -17.595  -50.516  -4.913 0.0000000000
25630  -18.433  -50.009  -5.065 0.0000000000
116815  -19.305  -49.983  -5.306 0.0000000000
26458  -19.847  -49.639  -5.666 0.0000000000
25643  -20.405  -50.716  -6.055 0.0000000000
1389  -13.765  -86.648  -0.105 0.0000000000
918  -9.632  -88.340  -18.754 0.0000000000
1950  -13.487  -85.796  -17.871 0.0000000000
1940  -11.877  -86.412  -17.452 0.0000000000
2381  -13.551  -84.387  -16.775 0.0000000000
3293  -13.681  -82.734  -16.875 0.0000000000
2813  -14.817  -82.985  -16.116 0.0000000000
1654  -23.741  -85.669  -24.731 0.0000000000
112897  -20.647  -83.694  -27.373 0.0000000000
1666  -21.128  -85.907  -26.499 0.0000000000
120924  -20.017  -85.744  -26.918 0.0000000000
1304  -18.590  -86.460  -26.687 0.0000000000
2020  -19.300  -85.338  -25.865 0.0000000000
3882  -14.999  -81.973  -24.875 0.0000000000
3354  -15.869  -82.743  -23.844 0.0000000000
2455  -17.990  -84.685  -22.851 0.0000000000
3339  -17.169  -83.566  -21.830 0.0000000000
1970  -17.262  -84.914  -21.129 0.0000000000
3329  -17.272  -82.789  -21.146 0.0000000000
28217  -13.880  -46.515  -11.195 0.0000000000
30026  -11.097  -44.610  -12.126 0.0000000000
24776  -19.549  -51.319  0.077 0.0000000000
22251  -20.952  -54.513  -0.581 0.0000000000
116886  -20.445  -55.230  -0.523 0.0000000000
20482  -19.040  -56.331  0.512 0.0000000000
19681  -17.268  -57.112  -0.094 0.0000000000
19660  -17.263  -56.525  0.594 0.0000000000
19648  -19.574  -56.415  2.158 0.0000000000
22235  -13.220  -54.981  1.419 0.0000000000
109601  -14.895  -55.157  2.082 0.0000000000
112589  -13.615  -55.336  0.810 0.0000000000
14139  -5.822  -64.380  2.432 0.0000000000
16459  -2.933  -61.277  1.884 0.0000000000
16461  -5.048  -61.698  2.238 0.0000000000
125411  -4.981  -60.214  1.995 0.0000000000
18081  -6.996  -59.504  2.777 0.0000000000
18856  -4.619  -58.339  1.381 0.0000000000
109947  -4.180  -57.423  0.586 0.0000000000
18868  -2.815  -58.983  0.276 0.0000000000
117117  -2.545  -80.799  4.225 0.0000000000
4588  -2.068  -78.773  3.623 0.0000000000
111681  -1.538  -80.727  6.533 0.0000000000
110135  -1.382  -79.765  8.497 0.0000000000
3479  -0.817  -81.722  7.430 0.0000000000
4537  0.104  -80.621  7.854 0.0000000000
3502  -0.308  -82.790  6.179 0.0000000000
2161  -0.789  -84.819  -0.392 0.0000000000
3072  -0.501  -83.094  1.651 0.0000000000
3109  -0.038  -83.552  -0.778 0.0000000000
113374  0.144  -81.317  -1.054 0.0000000000
123837  0.370  -82.387  -2.899 0.0000000000
3693  -2.828  -81.062  -8.564 0.0000000000
114616  -2.623  -82.080  -6.242 0.0000000000
3180  -2.839  -82.621  -8.665 0.0000000000
2294  0.023  -84.240  -11.191 0.0000000000
110017  -0.207  -84.335  -8.845 0.0000000000
126974  0.455  -82.920  -9.116 0.0000000000
69  -8.022  -93.131  -9.922 0.0000000000
517  -13.662  -89.531  -0.136 0.0000000000
119983  -12.437  -89.787  -1.483 0.0000000000
112041  -13.555  -92.633  -1.855 0.0000000000
114591  -15.238  -92.502  -2.715 0.0000000000
112563  -14.216  -92.293  -4.361 0.0000000000
117158  -16.178  -92.514  -4.044 0.0000000000
772  -17.727  -88.413  -3.279 0.0000000000
543  -17.482  -89.662  -2.196 0.0000000000
124813  -16.923  -89.246  -4.138 0.0000000000
583  -20.063  -90.257  -6.627 0.0000000000
388  -19.114  -90.963  -5.576 0.0000000000
264  -20.268  -91.111  -6.867 0.0000000000
166  -18.564  -92.216  -6.449 0.0000000000
121837  -19.693  -92.116  -7.946 0.0000000000
190  -19.840  -91.776  -9.243 0.0000000000
278  -21.529  -91.251  -8.961 0.0000000000
872  -25.004  -88.539  -11.786 0.0000000000
441  -23.430  -89.862  -11.720 0.0000000000
634  -24.724  -89.011  -12.930 0.0000000000
1225  -25.730  -87.583  -16.670 0.0000000000
1216  -26.875  -87.186  -15.254 0.0000000000
2374  -23.675  -84.473  -15.592 0.0000000000
2386  -25.384  -84.586  -16.447 0.0000000000
2395  -23.775  -84.620  -17.878 0.0000000000
2418  -24.004  -84.406  -19.308 0.0000000000
22268  -18.435  -54.555  -1.804 0.0000000000
23162  -18.179  -54.008  -2.126 0.0000000000
21353  -18.389  -55.366  -1.739 0.0000000000
20529  -18.652  -56.345  -2.797 0.0000000000
20539  -19.318  -57.117  -4.827 0.0000000000
24842  -4.484  -51.086  -6.775 0.0000000000
24864  -5.098  -50.393  -8.080 0.0000000000
25667  -5.643  -49.986  -8.629 0.0000000000
24048  -4.841  -51.869  -9.127 0.0000000000
19762  -3.510  -56.796  -6.432 0.0000000000
21406  -2.981  -55.036  -6.330 0.0000000000
20575  -3.641  -56.328  -7.660 0.0000000000
21482  -3.900  -55.960  -10.556 0.0000000000
22379  -5.099  -55.008  -11.661 0.0000000000
23247  -5.945  -53.558  -11.670 0.0000000000
3360  -4.630  -82.035  -24.224 0.0000000000
3347  -2.973  -82.403  -23.214 0.0000000000
4382  -3.564  -80.942  -24.120 0.0000000000
9498  -2.487  -71.322  -16.292 0.0000000000
10125  -1.477  -69.872  -18.350 0.0000000000
10814  -2.273  -68.883  -16.061 0.0000000000
113872  -1.752  -67.091  -15.308 0.0000000000
124340  -2.429  -68.738  -14.178 0.0000000000
12920  -3.485  -66.825  -18.723 0.0000000000
11571  -4.173  -68.652  -19.435 0.0000000000
10852  -5.080  -68.847  -17.839 0.0000000000
10114  -5.528  -70.732  -16.724 0.0000000000
11530  -5.328  -68.320  -16.225 0.0000000000
12152  -6.931  -67.356  -12.541 0.0000000000
12151  -5.832  -68.023  -12.374 0.0000000000
12139  -6.177  -67.309  -11.811 0.0000000000
13559  -4.831  -65.759  -11.549 0.0000000000
14283  -6.184  -64.948  -10.967 0.0000000000
15072  -5.733  -63.656  -10.346 0.0000000000
13544  -7.157  -65.202  -9.887 0.0000000000
13526  -7.725  -66.244  -6.692 0.0000000000
13496  -8.602  -65.772  -5.576 0.0000000000
25604  -17.043  -50.952  -1.320 0.0000000000
23999  -17.488  -52.985  -2.928 0.0000000000
9820  -1.231  -70.874  11.068 0.0000000000
127134  -0.967  -72.349  9.544 0.0000000000
8575  -1.392  -72.568  8.116 0.0000000000
7378  -0.923  -74.150  9.505 0.0000000000
117073  -0.261  -75.601  8.064 0.0000000000
6198  0.421  -77.002  7.177 0.0000000000
113081  -9.150  -87.760  -4.847 0.0000000000
1101  -6.845  -87.518  -5.335 0.0000000000
1431  -9.239  -86.145  -5.555 0.0000000000
2249  -9.492  -83.552  -6.074 0.0000000000
3167  -9.598  -81.998  -6.603 0.0000000000
3682  -9.635  -81.299  -7.537 0.0000000000
3175  -11.191  -82.314  -7.632 0.0000000000
2255  -11.337  -84.532  -7.915 0.0000000000
1457  -9.778  -86.719  -7.632 0.0000000000
114663  -9.194  -88.384  -7.342 0.0000000000
1115  -10.881  -87.869  -6.854 0.0000000000
571  -10.709  -89.638  -5.383 0.0000000000
127356  -10.482  -90.383  -3.941 0.0000000000
16600  -0.926  -61.227  -8.190 0.0000000000
17408  -1.004  -60.624  -7.156 0.0000000000
108068  -1.733  -60.414  -7.212 0.0000000000
17410  -2.160  -60.589  -8.116 0.0000000000
16602  -3.262  -61.458  -8.281 0.0000000000
15842  -3.531  -62.346  -7.367 0.0000000000
3318  -11.725  -82.372  -20.637 0.0000000000
3335  -11.112  -82.308  -22.832 0.0000000000
4375  -12.207  -81.100  -22.216 0.0000000000
5460  -10.995  -78.936  -21.951 0.0000000000
5984  -9.513  -77.612  -22.379 0.0000000000
2855  -27.358  -83.363  -20.299 0.0000000000
2857  -28.080  -83.647  -21.659 0.0000000000
3854  -28.084  -81.156  -21.985 0.0000000000
4379  -26.918  -80.694  -23.074 0.0000000000
4937  -25.163  -80.535  -25.141 0.0000000000
24822  -16.976  -52.008  -4.474 0.0000000000
125310  -16.593  -51.399  -4.532 0.0000000000
24020  -18.751  -52.514  -5.013 0.0000000000
24829  -19.250  -51.671  -5.217 0.0000000000
24830  -20.060  -51.568  -5.542 0.0000000000
24844  -20.374  -51.336  -6.547 0.0000000000
23199  -20.412  -52.832  -6.598 0.0000000000
942  -10.449  -87.991  -19.798 0.0000000000
1607  -11.196  -86.783  -21.199 0.0000000000
1609  -13.016  -85.998  -20.061 0.0000000000
1958  -14.501  -84.862  -19.462 0.0000000000
2897  -23.204  -83.936  -24.905 0.0000000000
124306  -23.870  -84.506  -25.937 0.0000000000
3376  -22.424  -82.941  -26.605 0.0000000000
3898  -21.195  -81.841  -27.787 0.0000000000
3380  -19.517  -81.955  -27.647 0.0000000000
28202  -9.753  -46.742  -10.467 0.0000000000
116439  -10.654  -45.723  -11.261 0.0000000000
28201  -8.984  -46.075  -10.421 0.0000000000
28230  -8.754  -46.085  -11.401 0.0000000000
126596  -9.143  -46.623  -12.379 0.0000000000
18850  -18.064  -57.365  2.587 0.0000000000
19637  -17.793  -56.146  2.958 0.0000000000
21288  -15.056  -55.231  3.542 0.0000000000
22211  -13.278  -54.890  2.957 0.0000000000
22233  -11.435  -54.628  0.656 0.0000000000
22231  -9.461  -54.468  -0.194 0.0000000000
22243  -7.103  -54.757  -1.183 0.0000000000
13363  -1.508  -65.033  4.040 0.0000000000
14137  -3.874  -64.446  2.446 0.0000000000
14135  -1.477  -63.992  2.876 0.0000000000
15711  -1.139  -62.359  2.080 0.0000000000
17273  -1.214  -61.025  1.105 0.0000000000
4602  -4.936  -79.248  2.354 0.0000000000
4076  -4.106  -80.894  1.914 0.0000000000
3062  -3.305  -82.605  2.646 0.0000000000
2591  -1.311  -83.757  3.877 0.0000000000
3087  -2.801  -83.362  1.137 0.0000000000
2624  -2.225  -84.196  -0.320 0.0000000000
109560  -1.574  -84.701  -2.888 0.0000000000
3218  -3.595  -83.291  -12.512 0.0000000000
2723  -2.465  -83.474  -10.120 0.0000000000
2760  -2.348  -84.111  -12.205 0.0000000000
15  -9.728  -94.200  -8.513 0.0000000000
21  -9.455  -94.100  -9.517 0.0000000000
108693  -10.945  -94.226  -10.237 0.0000000000
109  -15.922  -92.077  -0.455 0.0000000000
1118  -16.828  -87.783  -6.662 0.0000000000
581  -16.865  -89.195  -6.070 0.0000000000
819  -17.667  -88.654  -7.595 0.0000000000
821  -20.020  -89.035  -7.631 0.0000000000
596  -21.972  -89.437  -7.990 0.0000000000
270  -22.612  -90.229  -8.711 0.0000000000
111509  -22.630  -88.480  -9.298 0.0000000000
1162  -23.646  -87.895  -10.678 0.0000000000
1185  -24.961  -87.371  -12.117 0.0000000000
125226  -25.594  -86.450  -13.545 0.0000000000
1534  -23.828  -86.158  -13.193 0.0000000000
1916  -22.813  -85.130  -14.373 0.0000000000
2372  -22.026  -83.940  -15.055 0.0000000000
118383  -18.398  -56.175  -1.636 0.0000000000
24031  -3.641  -52.207  -6.463 0.0000000000
18998  -4.283  -58.782  -8.509 0.0000000000
19789  -3.935  -57.661  -8.582 0.0000000000
19005  -4.190  -58.775  -9.452 0.0000000000
4362  -5.761  -81.167  -21.296 0.0000000000
4360  -3.969  -80.101  -22.914 0.0000000000
4896  -3.850  -79.436  -20.805 0.0000000000
111843  -3.316  -76.953  -21.194 0.0000000000
7128  -3.500  -74.816  -21.040 0.0000000000
8317  -2.162  -72.878  -20.395 0.0000000000
7699  -3.274  -74.043  -19.521 0.0000000000
8259  -3.278  -73.301  -16.876 0.0000000000
8864  -3.420  -72.700  -15.537 0.0000000000
15121  -4.303  -63.167  -15.816 0.0000000000
14322  -5.726  -64.579  -15.923 0.0000000000
12895  -5.597  -66.489  -16.018 0.0000000000
13606  -7.336  -64.959  -15.576 0.0000000000
12875  -8.542  -66.270  -13.756 0.0000000000
12832  -8.775  -66.549  -11.576 0.0000000000
13545  -8.112  -65.910  -9.645 0.0000000000
13553  -9.459  -65.879  -10.231 0.0000000000
25609  -15.371  -50.633  -3.019 0.0000000000
24805  -15.785  -51.192  -3.523 0.0000000000
24814  -16.306  -51.686  -3.896 0.0000000000
24012  -17.446  -52.665  -4.274 0.0000000000
23186  -19.679  -54.224  -4.952 0.0000000000
130373  -20.211  -55.215  -5.716 0.0000000000
1288  -14.391  -87.109  -25.210 0.0000000000
29026  -18.634  -46.663  -5.845 0.0000000000
125045  -18.838  -46.464  -6.672 0.0000000000
29043  -18.742  -46.708  -7.492 0.0000000000
28183  -18.308  -47.065  -8.189 0.0000000000
119851  -18.256  -46.125  -8.096 0.0000000000
29071  -17.540  -46.072  -8.794 0.0000000000
30008  -17.222  -45.283  -9.103 0.0000000000
29081  -15.429  -46.274  -10.416 0.0000000000
118872  -14.504  -47.168  -10.726 0.0000000000
27365  -12.810  -47.672  -11.110 0.0000000000
27350  -9.007  -46.762  -10.088 0.0000000000
27349  -7.919  -47.360  -10.101 0.0000000000
26508  -6.726  -48.580  -10.072 0.0000000000
18834  -12.416  -57.761  3.855 0.0000000000
11978  -3.879  -67.215  3.605 0.0000000000
10560  -2.824  -69.202  6.916 0.0000000000
11942  -3.050  -67.934  4.963 0.0000000000
11955  -2.471  -66.793  4.875 0.0000000000
12641  -0.874  -66.008  5.104 0.0000000000
11954  -0.398  -67.115  5.355 0.0000000000
11315  -0.811  -68.427  3.913 0.0000000000
114897  -1.549  -70.309  4.066 0.0000000000
9274  -2.127  -71.799  3.523 0.0000000000
8027  -1.847  -73.326  3.363 0.0000000000
7995  -1.838  -73.297  6.153 0.0000000000
7440  -1.773  -74.160  4.732 0.0000000000
7463  -1.510  -74.534  2.434 0.0000000000
6894  -1.610  -76.149  0.650 0.0000000000
5720  -1.454  -77.076  -0.506 0.0000000000
5207  -0.705  -78.078  -2.377 0.0000000000
1793  -4.844  -85.805  -4.944 0.0000000000
2209  -4.201  -85.167  -3.485 0.0000000000
4142  -5.626  -79.851  -3.778 0.0000000000
5238  -4.586  -78.556  -4.655 0.0000000000
4162  -2.860  -79.426  -4.263 0.0000000000
4725  -3.598  -78.715  -6.276 0.0000000000
121389  -3.704  -79.415  -8.245 0.0000000000
4775  -4.262  -79.889  -10.029 0.0000000000
121880  -8.389  -81.327  -9.269 0.0000000000
116368  -6.982  -81.596  -9.897 0.0000000000
3728  -4.820  -81.786  -11.242 0.0000000000
2299  -4.943  -84.351  -10.480 0.0000000000
1490  -3.490  -86.042  -9.782 0.0000000000
1143  -3.508  -87.539  -8.678 0.0000000000
584  -3.791  -88.841  -8.112 0.0000000000
390  -5.086  -90.607  -6.978 0.0000000000
158  -6.991  -91.855  -7.322 0.0000000000
589  -8.340  -89.595  -7.273 0.0000000000
116756  -7.768  -92.011  -6.607 0.0000000000
52  -8.044  -92.890  -6.778 0.0000000000
4  -9.977  -94.028  -6.412 0.0000000000
6  -11.819  -94.034  -6.971 0.0000000000
57  -13.867  -93.070  -7.276 0.0000000000
521  -19.025  -89.678  -0.323 0.0000000000
544  -19.567  -89.018  -1.979 0.0000000000
758  -19.509  -88.563  -3.096 0.0000000000
1094  -18.811  -87.639  -4.625 0.0000000000
1111  -20.922  -87.389  -5.238 0.0000000000
1109  -19.387  -87.296  -5.210 0.0000000000
1435  -18.187  -86.893  -6.049 0.0000000000
1461  -17.449  -86.752  -7.321 0.0000000000
19720  -1.466  -56.977  -3.381 0.0000000000
20533  -1.952  -55.863  -4.072 0.0000000000
20543  -1.733  -56.624  -4.557 0.0000000000
19742  -2.669  -57.093  -5.569 0.0000000000
18958  -3.649  -57.733  -5.856 0.0000000000
18184  -2.531  -59.216  -5.587 0.0000000000
18185  -3.771  -59.172  -5.449 0.0000000000
18979  -4.586  -58.391  -6.071 0.0000000000
18209  -5.253  -60.024  -6.274 0.0000000000
16590  -5.478  -61.083  -7.297 0.0000000000
16591  -6.192  -61.685  -7.632 0.0000000000
1989  -5.951  -84.916  -22.238 0.0000000000
2451  -6.057  -84.076  -24.466 0.0000000000
121944  -6.266  -82.985  -25.412 0.0000000000
3366  -9.896  -82.095  -24.967 0.0000000000
3364  -7.968  -81.762  -24.768 0.0000000000
3860  -6.611  -81.688  -22.888 0.0000000000
5458  -6.386  -79.388  -22.361 0.0000000000
5969  -6.094  -77.809  -21.388 0.0000000000
112385  -5.223  -75.229  -21.581 0.0000000000
1616  -24.362  -85.931  -20.406 0.0000000000
1985  -24.709  -85.717  -22.278 0.0000000000
2460  -25.984  -85.044  -24.026 0.0000000000
2877  -27.662  -83.273  -22.828 0.0000000000
2875  -25.784  -83.809  -22.732 0.0000000000
2444  -23.929  -84.326  -23.007 0.0000000000
3341  -22.375  -82.919  -23.031 0.0000000000
4391  -20.910  -80.724  -23.549 0.0000000000
5495  -20.309  -78.205  -25.337 0.0000000000
5464  -23.542  -78.704  -22.962 0.0000000000
119610  -24.745  -79.410  -25.186 0.0000000000
5487  -25.079  -79.730  -25.775 0.0000000000
24827  -16.606  -50.871  -4.728 0.0000000000
27295  -19.004  -48.455  -5.300 0.0000000000
27326  -20.011  -49.183  -6.471 0.0000000000
24857  -19.575  -51.836  -7.551 0.0000000000
1416  -12.347  -85.937  -2.897 0.0000000000
1788  -14.308  -85.451  -2.870 0.0000000000
1079  -14.698  -86.472  -3.086 0.0000000000
1401  -14.552  -86.344  -1.648 0.0000000000
733  -15.108  -88.069  -0.022 0.0000000000
509  -14.432  -89.134  1.489 0.0000000000
14280  -1.391  -64.241  -11.377 0.0000000000
116881  -1.902  -63.975  -13.190 0.0000000000
1955  -8.029  -86.217  -19.779 0.0000000000
2414  -9.343  -84.620  -19.893 0.0000000000
1231  -10.695  -87.637  -17.791 0.0000000000
1949  -10.300  -85.579  -18.060 0.0000000000
2830  -10.733  -83.761  -19.315 0.0000000000
3312  -12.831  -82.188  -19.146 0.0000000000
3829  -13.951  -81.436  -18.439 0.0000000000
1660  -22.633  -85.766  -25.468 0.0000000000
1643  -21.178  -86.596  -24.669 0.0000000000
1284  -19.074  -87.911  -24.157 0.0000000000
1291  -17.828  -87.782  -25.642 0.0000000000
1297  -16.643  -87.145  -26.172 0.0000000000
2017  -15.325  -85.902  -26.033 0.0000000000
5492  -17.354  -79.259  -26.220 0.0000000000
4414  -16.793  -81.118  -26.718 0.0000000000
3378  -17.304  -82.195  -26.366 0.0000000000
3377  -16.248  -82.449  -26.127 0.0000000000
2905  -18.742  -83.306  -25.728 0.0000000000
2005  -19.179  -85.082  -24.002 0.0000000000
1642  -17.822  -86.237  -23.769 0.0000000000
1640  -14.973  -85.714  -24.537 0.0000000000
1622  -15.516  -86.185  -22.130 0.0000000000
118845  -15.902  -85.112  -20.512 0.0000000000
118079  -16.271  -83.919  -18.458 0.0000000000
3306  -16.926  -82.842  -17.604 0.0000000000
24792  -18.498  -51.433  -0.655 0.0000000000
23989  -19.299  -52.756  -0.954 0.0000000000
22269  -19.080  -54.311  -1.340 0.0000000000
119038  -19.565  -55.227  -0.936 0.0000000000
20498  -18.558  -56.237  -1.107 0.0000000000
20481  -17.670  -57.073  -0.375 0.0000000000
109825  -15.497  -57.911  -1.023 0.0000000000
112172  -20.339  -56.432  0.996 0.0000000000
20444  -18.376  -55.747  2.691 0.0000000000
20453  -17.797  -55.399  2.375 0.0000000000
20465  -18.099  -55.731  1.563 0.0000000000
20480  -15.583  -56.623  0.382 0.0000000000
18067  -12.368  -58.818  3.986 0.0000000000
128796  -10.070  -57.817  3.926 0.0000000000
15714  -5.542  -62.572  2.373 0.0000000000
117990  -7.001  -61.790  2.789 0.0000000000
18063  -8.637  -59.491  3.746 0.0000000000
18831  -8.792  -58.567  3.688 0.0000000000
19631  -8.160  -57.379  2.767 0.0000000000
19647  -6.531  -56.725  1.362 0.0000000000
5617  -0.063  -78.018  9.890 0.0000000000
5078  0.443  -78.937  7.337 0.0000000000
113632  0.482  -79.051  5.087 0.0000000000
3045  -0.643  -83.155  3.641 0.0000000000
4054  -0.162  -81.061  3.601 0.0000000000
4601  -0.294  -79.580  2.559 0.0000000000
4628  -0.513  -79.526  0.716 0.0000000000
4663  -0.424  -79.264  -1.575 0.0000000000
4698  0.002  -78.847  -3.977 0.0000000000
119525  -2.563  -81.306  -4.945 0.0000000000
2677  -2.334  -84.173  -4.372 0.0000000000
2217  -1.079  -85.159  -4.218 0.0000000000
2263  -1.063  -84.381  -8.503 0.0000000000
2243  -0.412  -84.670  -6.545 0.0000000000
112214  0.117  -84.058  -4.532 0.0000000000
123562  0.499  -82.332  -5.547 0.0000000000
110981  0.399  -80.441  -5.749 0.0000000000
555  -13.156  -88.739  -3.105 0.0000000000
540  -11.451  -90.027  -2.780 0.0000000000
247  -10.543  -91.238  -2.521 0.0000000000
117733  -11.976  -92.268  -1.326 0.0000000000
129  -11.157  -92.342  -2.765 0.0000000000
116934  -13.147  -92.307  -4.561 0.0000000000
125943  -14.184  -92.203  -5.818 0.0000000000
163  -15.415  -92.368  -6.783 0.0000000000
519  -17.748  -89.900  -0.818 0.0000000000
110199  -17.498  -91.256  -1.694 0.0000000000
381  -17.771  -90.342  -4.602 0.0000000000
135  -17.867  -92.211  -3.950 0.0000000000
120194  -17.799  -92.418  -5.263 0.0000000000
128323  -16.987  -92.517  -7.027 0.0000000000
180  -16.491  -92.290  -8.585 0.0000000000
188  -17.583  -91.888  -9.437 0.0000000000
419  -22.813  -90.499  -10.062 0.0000000000
1240  -26.778  -86.717  -17.886 0.0000000000
1952  -27.314  -85.327  -17.962 0.0000000000
1927  -25.995  -85.170  -15.564 0.0000000000
2398  -26.994  -85.130  -17.137 0.0000000000
121929  -27.155  -84.598  -18.514 0.0000000000
2844  -25.674  -83.727  -19.514 0.0000000000
24800  -18.206  -51.889  -1.335 0.0000000000
119329  -18.001  -53.275  -2.156 0.0000000000
22295  -18.180  -54.584  -2.679 0.0000000000
21365  -18.348  -55.517  -2.203 0.0000000000
21381  -18.443  -55.305  -2.830 0.0000000000
22296  -18.328  -54.679  -3.318 0.0000000000
21387  -19.335  -55.669  -4.239 0.0000000000
121403  -19.538  -56.319  -4.668 0.0000000000
26488  -6.416  -49.179  -9.104 0.0000000000
122234  -6.016  -49.424  -9.584 0.0000000000
25697  -6.499  -50.053  -10.928 0.0000000000
21405  -2.742  -54.748  -5.584 0.0000000000
22324  -3.325  -53.763  -6.964 0.0000000000
118153  -3.709  -53.751  -7.957 0.0000000000
21468  -3.768  -56.093  -9.828 0.0000000000
117869  -4.040  -55.162  -9.746 0.0000000000
23224  -4.403  -53.022  -9.284 0.0000000000
23225  -4.991  -52.752  -9.917 0.0000000000
24062  -5.988  -52.270  -11.218 0.0000000000
24898  -6.827  -50.925  -11.975 0.0000000000
9516  -1.084  -71.048  -19.358 0.0000000000
12869  -1.136  -66.847  -14.701 0.0000000000
13586  -1.952  -65.172  -14.736 0.0000000000
15103  -2.966  -63.671  -13.363 0.0000000000
7776  -4.902  -74.169  -24.531 0.0000000000
7741  -4.356  -74.242  -23.135 0.0000000000
8330  -4.985  -73.610  -21.280 0.0000000000
113123  -3.181  -69.184  -21.476 0.0000000000
9530  -4.389  -70.830  -20.451 0.0000000000
8920  -5.551  -72.349  -19.477 0.0000000000
8900  -5.745  -72.195  -17.313 0.0000000000
10099  -5.186  -71.588  -15.547 0.0000000000
9454  -3.426  -71.333  -13.711 0.0000000000
12174  -5.620  -67.870  -14.615 0.0000000000
11482  -4.651  -69.316  -12.881 0.0000000000
10790  -3.182  -69.627  -12.437 0.0000000000
12150  -3.069  -66.835  -12.788 0.0000000000
13569  -3.545  -64.829  -13.028 0.0000000000
15884  -4.080  -62.705  -11.764 0.0000000000
118122  -4.513  -62.469  -10.201 0.0000000000
15059  -5.231  -63.045  -9.054 0.0000000000
14250  -4.381  -64.800  -6.507 0.0000000000
14259  -6.965  -65.305  -8.343 0.0000000000
13524  -5.806  -65.660  -6.425 0.0000000000
14225  -4.757  -64.560  -5.533 0.0000000000
25596  -18.044  -50.872  -0.201 0.0000000000
2211  -13.979  -84.740  -4.060 0.0000000000
2237  -13.215  -84.264  -5.207 0.0000000000
2239  -14.104  -84.727  -5.246 0.0000000000
1814  -13.858  -85.118  -6.373 0.0000000000
1434  -14.245  -86.053  -5.449 0.0000000000
1105  -13.682  -87.012  -5.220 0.0000000000
126078  -14.314  -86.556  -4.560 0.0000000000
15882  -2.022  -62.645  -11.712 0.0000000000
16631  -2.077  -61.801  -11.192 0.0000000000
16632  -2.320  -61.633  -11.339 0.0000000000
117882  -2.942  -61.186  -10.915 0.0000000000
16633  -2.813  -61.578  -11.375 0.0000000000
5411  -14.246  -78.974  -18.536 0.0000000000
5426  -13.160  -78.842  -19.580 0.0000000000
5932  -13.295  -77.714  -18.565 0.0000000000
22314  -19.726  -54.965  -6.837 0.0000000000
1282  -13.116  -86.725  -24.164 0.0000000000
1277  -12.861  -87.058  -23.217 0.0000000000
1639  -12.707  -86.004  -24.656 0.0000000000
1630  -12.472  -85.885  -23.947 0.0000000000
2003  -13.157  -85.718  -24.471 0.0000000000
5483  -19.717  -78.826  -24.516 0.0000000000
5482  -18.779  -79.195  -24.877 0.0000000000
5494  -19.093  -78.446  -25.451 0.0000000000
26522  -7.133  -48.843  -11.051 0.0000000000
26535  -7.607  -49.569  -12.218 0.0000000000
20431  -11.872  -56.117  3.729 0.0000000000
20430  -10.857  -56.288  3.505 0.0000000000
20442  -9.965  -56.076  2.940 0.0000000000
12694  -0.517  -65.988  2.020 0.0000000000
5209  -4.923  -78.408  -2.717 0.0000000000
4674  -4.594  -78.599  -1.895 0.0000000000
4650  -4.329  -79.588  -0.616 0.0000000000
4664  -4.046  -79.367  -1.393 0.0000000000
4115  -3.385  -80.134  -1.665 0.0000000000
122101  -3.088  -80.046  -2.407 0.0000000000
1164  -3.491  -87.331  -10.524 0.0000000000
115714  -3.366  -86.764  -11.286 0.0000000000
113269  -13.700  -93.618  -7.973 0.0000000000
19  -13.367  -93.934  -8.774 0.0000000000
66  -14.291  -93.416  -8.643 0.0000000000
186  -15.503  -92.771  -9.268 0.0000000000
67  -15.052  -93.076  -8.737 0.0000000000
126703  -18.610  -90.288  0.979 0.0000000000
1498  -19.002  -86.733  -10.941 0.0000000000
1158  -19.579  -87.198  -10.328 0.0000000000
1171  -19.956  -86.952  -11.117 0.0000000000
1172  -20.906  -87.115  -11.208 0.0000000000
1505  -20.315  -86.713  -11.906 0.0000000000
1518  -20.743  -86.427  -12.564 0.0000000000
1892  -19.814  -86.112  -12.548 0.0000000000
20506  -2.027  -56.247  -2.883 0.0000000000
21373  -2.629  -55.335  -3.701 0.0000000000
22290  -3.071  -54.507  -3.990 0.0000000000
7130  -6.325  -76.208  -19.938 0.0000000000
109015  -6.474  -77.047  -18.870 0.0000000000
118638  -6.509  -75.892  -18.473 0.0000000000
7081  -6.415  -75.394  -18.038 0.0000000000
7687  -6.558  -74.672  -18.192 0.0000000000
24003  -16.908  -52.265  -3.524 0.0000000000
26483  -19.495  -49.500  -7.502 0.0000000000
27324  -19.234  -48.625  -7.591 0.0000000000
26497  -15.505  -49.172  -9.859 0.0000000000
27340  -16.012  -48.492  -9.728 0.0000000000
27354  -15.279  -48.371  -10.112 0.0000000000
9208  -0.641  -70.444  9.438 0.0000000000
10533  -0.520  -68.968  8.987 0.0000000000
9854  -0.512  -70.025  8.807 0.0000000000
127000  -0.300  -68.921  7.451 0.0000000000
9870  -0.976  -70.687  7.145 0.0000000000
9224  -1.357  -71.542  7.410 0.0000000000
6208  0.257  -76.689  5.245 0.0000000000
6225  -0.312  -76.084  4.943 0.0000000000
6224  -0.032  -76.732  4.265 0.0000000000
5681  -0.125  -77.108  3.304 0.0000000000
5691  0.032  -77.926  3.082 0.0000000000
780  -5.567  -88.344  -4.496 0.0000000000
125381  -7.096  -83.119  -6.559 0.0000000000
2695  -6.367  -83.610  -6.461 0.0000000000
3164  -6.315  -82.620  -6.749 0.0000000000
3163  -5.426  -82.342  -6.519 0.0000000000
3663  -5.950  -81.646  -7.068 0.0000000000
3679  -6.575  -80.702  -7.496 0.0000000000
3680  -7.665  -80.849  -7.520 0.0000000000
112445  -8.817  -85.582  -8.249 0.0000000000
1842  -8.156  -85.353  -8.387 0.0000000000
1471  -7.444  -85.785  -8.252 0.0000000000
1470  -6.467  -86.002  -8.062 0.0000000000
127585  -7.326  -86.597  -7.963 0.0000000000
1129  -7.081  -87.524  -7.638 0.0000000000
118623  -7.898  -87.950  -7.663 0.0000000000
376  -9.646  -91.446  -3.726 0.0000000000
129866  -9.248  -91.534  -4.115 0.0000000000
42  -10.169  -92.805  -4.393 0.0000000000
139  -9.976  -92.369  -3.955 0.0000000000
17394  -0.748  -60.583  -6.442 0.0000000000
17374  -0.646  -59.931  -5.132 0.0000000000
18182  -1.118  -59.189  -5.405 0.0000000000
15811  -3.695  -62.627  -5.825 0.0000000000
16565  -3.804  -61.537  -5.698 0.0000000000
15812  -4.062  -62.550  -5.537 0.0000000000
118175  -4.460  -63.244  -5.437 0.0000000000
2849  -9.492  -83.956  -20.757 0.0000000000
2869  -9.405  -83.663  -22.588 0.0000000000
2860  -9.826  -83.464  -21.581 0.0000000000
5992  -8.350  -77.383  -24.044 0.0000000000
5476  -8.173  -78.745  -25.221 0.0000000000
6001  -7.765  -77.876  -24.960 0.0000000000
6610  -6.671  -77.185  -24.762 0.0000000000
6602  -7.024  -76.672  -24.692 0.0000000000
1973  -26.505  -85.416  -21.076 0.0000000000
109271  -25.293  -80.585  -25.055 0.0000000000
3864  -24.991  -81.674  -23.739 0.0000000000
4393  -23.425  -80.864  -24.223 0.0000000000
25621  -15.177  -50.643  -4.635 0.0000000000
119929  -19.634  -50.877  -5.390 0.0000000000
25631  -20.033  -50.312  -5.658 0.0000000000
1943  -13.778  -85.152  -17.564 0.0000000000
1942  -13.254  -85.431  -17.286 0.0000000000
2382  -14.276  -84.266  -16.759 0.0000000000
2812  -14.045  -83.717  -16.480 0.0000000000
2383  -14.866  -83.625  -16.448 0.0000000000
2006  -24.690  -85.377  -24.693 0.0000000000
1646  -23.513  -85.863  -23.810 0.0000000000
2014  -24.396  -85.143  -25.273 0.0000000000
116231  -20.120  -83.500  -27.125 0.0000000000
2470  -20.461  -84.506  -27.302 0.0000000000
2467  -19.892  -84.691  -26.938 0.0000000000
2027  -19.618  -85.541  -26.770 0.0000000000
2871  -16.648  -83.203  -22.909 0.0000000000
28216  -12.998  -46.796  -11.311 0.0000000000
20484  -20.695  -55.942  0.141 0.0000000000
20483  -19.817  -56.269  0.260 0.0000000000
22234  -12.352  -54.813  1.068 0.0000000000
22249  -12.827  -54.992  0.358 0.0000000000
117919  -12.465  -54.918  -0.706 0.0000000000
22266  -11.528  -54.618  -1.282 0.0000000000
124217  -5.022  -65.539  2.562 0.0000000000
118129  -5.965  -65.167  2.482 0.0000000000
114995  -5.283  -65.117  2.462 0.0000000000
16472  -2.376  -60.374  1.445 0.0000000000
17263  -3.487  -60.565  1.750 0.0000000000
17276  -4.107  -59.911  1.675 0.0000000000
18090  -4.785  -59.409  1.727 0.0000000000
18089  -3.817  -58.958  1.316 0.0000000000
18855  -3.684  -58.236  0.867 0.0000000000
18087  -2.742  -59.183  0.809 0.0000000000
3517  -2.349  -82.172  5.016 0.0000000000
3516  -2.016  -81.171  5.211 0.0000000000
3503  -1.628  -82.400  5.946 0.0000000000
114718  -1.228  -81.701  7.128 0.0000000000
3493  -1.108  -82.366  6.788 0.0000000000
3009  -0.659  -82.484  6.699 0.0000000000
2565  -1.272  -83.372  5.578 0.0000000000
2636  -0.477  -84.567  -1.129 0.0000000000
2623  -0.405  -84.485  -0.192 0.0000000000
3120  0.039  -83.591  -1.717 0.0000000000
3597  0.307  -82.439  -2.215 0.0000000000
2647  0.125  -83.471  -2.667 0.0000000000
4217  -3.005  -80.962  -9.362 0.0000000000
128928  -2.852  -81.857  -8.564 0.0000000000
3186  -2.801  -82.554  -9.665 0.0000000000
64  -7.190  -92.765  -8.462 0.0000000000
117752  -6.512  -92.261  -9.025 0.0000000000
65  -7.796  -93.209  -8.915 0.0000000000
124  -15.830  -92.339  -2.012 0.0000000000
133  -15.771  -92.465  -3.419 0.0000000000
1080  -17.457  -88.210  -4.191 0.0000000000
771  -17.206  -88.692  -3.673 0.0000000000
785  -16.934  -88.538  -4.449 0.0000000000
402  -20.766  -90.458  -7.042 0.0000000000
397  -19.992  -90.787  -6.514 0.0000000000
130476  -20.001  -91.527  -7.019 0.0000000000
112018  -20.360  -91.642  -7.515 0.0000000000
268  -21.030  -91.459  -8.212 0.0000000000
269  -21.748  -90.846  -8.130 0.0000000000
873  -25.445  -88.164  -12.297 0.0000000000
628  -25.114  -88.640  -12.354 0.0000000000
884  -26.139  -87.873  -13.447 0.0000000000
904  -26.215  -87.794  -15.123 0.0000000000
122979  -26.501  -87.273  -13.799 0.0000000000
2384  -22.935  -84.408  -16.258 0.0000000000
2385  -24.052  -84.533  -16.627 0.0000000000
113961  -22.957  -84.465  -17.268 0.0000000000
24032  -3.991  -51.768  -7.212 0.0000000000
24852  -4.620  -50.965  -7.590 0.0000000000
24863  -4.823  -51.050  -8.333 0.0000000000
19776  -3.927  -57.192  -7.666 0.0000000000
22380  -5.771  -54.426  -11.920 0.0000000000
3869  -4.591  -82.108  -24.441 0.0000000000
3868  -3.930  -81.390  -24.278 0.0000000000
4383  -4.041  -81.355  -24.259 0.0000000000
10097  -2.421  -70.697  -15.797 0.0000000000
10832  -2.346  -69.635  -16.547 0.0000000000
118853  -2.364  -70.081  -15.186 0.0000000000
110107  -2.270  -68.340  -15.279 0.0000000000
10802  -2.379  -69.377  -14.605 0.0000000000
13620  -3.973  -65.168  -16.590 0.0000000000
12913  -3.798  -66.522  -17.767 0.0000000000
12237  -4.106  -67.369  -18.273 0.0000000000
12226  -4.598  -67.308  -17.473 0.0000000000
119105  -5.138  -68.117  -17.170 0.0000000000
12217  -5.157  -67.412  -16.685 0.0000000000
12845  -7.287  -66.816  -11.894 0.0000000000
12830  -6.263  -66.493  -11.538 0.0000000000
13560  -5.802  -65.713  -11.343 0.0000000000
13550  -6.884  -65.261  -10.608 0.0000000000
24799  -17.458  -51.631  -1.764 0.0000000000
9173  -1.187  -71.522  11.357 0.0000000000
9185  -0.921  -71.217  10.736 0.0000000000
112858  -0.981  -72.694  10.251 0.0000000000
7955  -1.089  -73.209  9.322 0.0000000000
119380  -1.005  -73.615  10.281 0.0000000000
112376  -0.407  -75.998  9.809 0.0000000000
6780  -0.644  -74.996  9.685 0.0000000000
6187  0.061  -76.243  7.679 0.0000000000
6186  0.233  -77.104  8.247 0.0000000000
1423  -9.645  -87.056  -5.143 0.0000000000
1103  -8.778  -87.203  -5.331 0.0000000000
1432  -10.182  -86.159  -5.228 0.0000000000
2687  -11.335  -83.228  -6.092 0.0000000000
2234  -10.544  -84.064  -5.743 0.0000000000
2686  -10.437  -83.199  -6.092 0.0000000000
2697  -9.039  -82.785  -6.339 0.0000000000
2699  -11.072  -82.397  -6.582 0.0000000000
3168  -10.920  -81.905  -7.089 0.0000000000
3169  -11.614  -82.440  -7.085 0.0000000000
1460  -12.585  -85.736  -7.123 0.0000000000
2256  -11.992  -83.963  -7.779 0.0000000000
1825  -11.035  -85.495  -7.705 0.0000000000
1824  -10.098  -85.859  -7.841 0.0000000000
1458  -10.676  -86.433  -7.480 0.0000000000
109580  -10.348  -87.329  -7.288 0.0000000000
1132  -11.226  -86.997  -7.078 0.0000000000
793  -12.313  -88.378  -5.339 0.0000000000
129301  -11.677  -88.550  -5.833 0.0000000000
572  -11.524  -89.073  -5.330 0.0000000000
126992  -11.132  -89.729  -4.495 0.0000000000
553  -11.740  -89.522  -3.794 0.0000000000
15052  -1.169  -63.502  -9.078 0.0000000000
16601  -1.272  -61.048  -8.918 0.0000000000
121055  -1.130  -61.635  -8.630 0.0000000000
16587  -0.822  -60.925  -7.701 0.0000000000
17409  -1.387  -60.702  -7.869 0.0000000000
16615  -3.312  -61.436  -9.320 0.0000000000
17415  -2.791  -60.826  -8.752 0.0000000000
120719  -3.762  -62.331  -8.191 0.0000000000
3840  -12.903  -81.224  -20.487 0.0000000000
3839  -12.439  -81.271  -21.231 0.0000000000
3850  -12.910  -80.896  -20.878 0.0000000000
5438  -11.425  -78.419  -20.725 0.0000000000
4910  -11.729  -79.467  -21.735 0.0000000000
5985  -10.106  -77.706  -21.687 0.0000000000
122186  -27.117  -82.601  -20.637 0.0000000000
3325  -27.945  -82.650  -21.004 0.0000000000
3844  -27.410  -81.760  -21.209 0.0000000000
4378  -25.914  -80.327  -23.340 0.0000000000
4395  -25.497  -80.566  -24.731 0.0000000000
24019  -17.756  -52.335  -4.702 0.0000000000
24021  -19.820  -52.384  -5.353 0.0000000000
24022  -20.340  -52.213  -5.776 0.0000000000
24029  -20.495  -52.108  -6.285 0.0000000000
952  -11.744  -88.331  -22.148 0.0000000000
695  -11.234  -88.949  -21.763 0.0000000000
951  -10.901  -88.075  -21.997 0.0000000000
1266  -10.528  -87.522  -20.989 0.0000000000
1272  -10.817  -87.334  -21.836 0.0000000000
122883  -13.047  -85.544  -21.920 0.0000000000
1608  -11.975  -86.109  -21.469 0.0000000000
1967  -12.953  -85.650  -21.119 0.0000000000
110834  -13.750  -85.201  -20.128 0.0000000000
1968  -14.401  -84.949  -20.365 0.0000000000
3369  -21.464  -82.449  -24.533 0.0000000000
2907  -22.283  -83.133  -25.386 0.0000000000
3375  -21.706  -82.305  -26.069 0.0000000000
4417  -19.668  -80.844  -26.421 0.0000000000
3896  -20.414  -81.364  -27.374 0.0000000000
3382  -20.214  -82.018  -28.102 0.0000000000
3895  -18.917  -81.459  -26.985 0.0000000000
27377  -8.276  -47.650  -11.692 0.0000000000
29123  -9.260  -45.685  -11.961 0.0000000000
119890  -9.403  -47.495  -13.245 0.0000000000
27398  -9.138  -48.207  -13.317 0.0000000000
19636  -16.782  -56.317  3.123 0.0000000000
20443  -15.429  -55.725  3.441 0.0000000000
21293  -12.006  -55.114  3.210 0.0000000000
21294  -12.874  -55.060  3.412 0.0000000000
22210  -12.417  -54.915  2.720 0.0000000000
22220  -11.928  -54.759  1.754 0.0000000000
22219  -10.990  -54.674  1.330 0.0000000000
22232  -10.458  -54.496  0.174 0.0000000000
22218  -10.064  -54.667  0.935 0.0000000000
21319  -7.264  -55.080  0.299 0.0000000000
21320  -8.188  -54.895  0.598 0.0000000000
21332  -6.861  -54.890  -0.525 0.0000000000
21331  -6.453  -55.105  -0.992 0.0000000000
21317  -5.896  -55.698  -0.568 0.0000000000
13362  -0.981  -64.990  4.145 0.0000000000
13384  -2.024  -64.595  3.337 0.0000000000
14117  -1.112  -64.550  3.636 0.0000000000
14157  -0.546  -63.987  1.997 0.0000000000
14912  -0.768  -63.616  2.512 0.0000000000
14933  -0.596  -63.339  1.743 0.0000000000
116451  -1.106  -61.706  1.593 0.0000000000
15742  -0.788  -62.315  0.791 0.0000000000
4603  -5.670  -79.077  2.099 0.0000000000
4614  -5.447  -79.079  1.423 0.0000000000
3566  -3.872  -81.199  0.532 0.0000000000
4090  -4.290  -80.636  1.190 0.0000000000
3554  -3.784  -81.558  1.349 0.0000000000
117860  -3.635  -81.792  2.040 0.0000000000
3074  -3.342  -82.521  1.667 0.0000000000
3073  -2.794  -83.428  2.099 0.0000000000
3599  -2.783  -82.229  -2.191 0.0000000000
3097  -2.659  -83.053  -0.814 0.0000000000
3110  -2.473  -83.300  -1.855 0.0000000000
109581  -1.410  -84.702  -1.419 0.0000000000
2649  -2.304  -83.988  -2.655 0.0000000000
2762  -3.715  -84.059  -12.716 0.0000000000
3217  -2.915  -83.367  -12.212 0.0000000000
2327  -3.205  -84.726  -12.570 0.0000000000
16  -10.656  -94.301  -8.240 0.0000000000
22  -10.378  -94.281  -9.272 0.0000000000
108065  -11.314  -94.304  -9.104 0.0000000000
29  -13.167  -93.940  -10.570 0.0000000000
28  -12.405  -94.128  -10.834 0.0000000000
204  -16.521  -91.903  -11.245 0.0000000000
240  -17.282  -91.085  0.384 0.0000000000
105  -16.669  -91.644  -0.068 0.0000000000
110  -16.719  -91.829  -0.786 0.0000000000
118  -17.071  -91.775  -1.362 0.0000000000
818  -16.918  -88.197  -7.229 0.0000000000
825  -18.164  -88.264  -8.286 0.0000000000
835  -19.800  -87.900  -8.892 0.0000000000
826  -19.295  -88.401  -8.286 0.0000000000
827  -20.463  -88.496  -8.261 0.0000000000
595  -21.123  -89.205  -7.687 0.0000000000
828  -21.527  -88.685  -8.363 0.0000000000
829  -22.496  -88.972  -8.653 0.0000000000
837  -21.887  -88.217  -9.039 0.0000000000
112653  -22.865  -87.292  -11.223 0.0000000000
1161  -22.588  -87.662  -10.511 0.0000000000
1174  -23.694  -87.384  -11.349 0.0000000000
1175  -24.436  -87.791  -11.366 0.0000000000
1184  -24.126  -87.055  -11.864 0.0000000000
1522  -24.491  -86.716  -12.610 0.0000000000
1521  -23.485  -86.568  -12.529 0.0000000000
111317  -21.300  -85.701  -13.448 0.0000000000
1902  -22.213  -85.544  -13.741 0.0000000000
127379  -22.136  -84.977  -14.319 0.0000000000
2360  -22.516  -84.517  -14.788 0.0000000000
2359  -21.759  -84.355  -14.500 0.0000000000
19693  -17.087  -57.671  -0.839 0.0000000000
23181  -3.423  -53.463  -4.764 0.0000000000
24026  -3.696  -52.274  -5.756 0.0000000000
23195  -3.225  -52.985  -6.106 0.0000000000
18219  -4.758  -59.404  -7.863 0.0000000000
18224  -4.561  -59.453  -9.002 0.0000000000
4351  -6.007  -80.439  -20.743 0.0000000000
4350  -5.128  -80.666  -20.739 0.0000000000
4898  -5.470  -79.889  -20.173 0.0000000000
5927  -3.714  -77.258  -18.906 0.0000000000
5407  -3.938  -77.963  -18.975 0.0000000000
6541  -3.554  -75.930  -20.882 0.0000000000
109551  -3.461  -75.410  -19.917 0.0000000000
129526  -3.399  -74.616  -20.141 0.0000000000
110921  -3.449  -74.964  -19.111 0.0000000000
7651  -4.506  -74.206  -16.897 0.0000000000
8275  -3.517  -74.037  -17.469 0.0000000000
118952  -3.852  -73.741  -16.675 0.0000000000
8885  -3.005  -72.713  -16.299 0.0000000000
8241  -4.008  -73.217  -15.997 0.0000000000
15122  -4.822  -63.300  -15.320 0.0000000000
14321  -4.706  -63.974  -15.876 0.0000000000
15123  -5.678  -63.782  -15.422 0.0000000000
111204  -6.599  -65.024  -15.993 0.0000000000
124768  -7.407  -64.226  -15.181 0.0000000000
14300  -9.315  -64.952  -13.391 0.0000000000
14314  -8.720  -64.854  -14.171 0.0000000000
12857  -9.480  -65.720  -12.897 0.0000000000
12856  -8.875  -66.430  -13.014 0.0000000000
12847  -9.374  -66.267  -12.380 0.0000000000
12823  -9.276  -66.321  -11.021 0.0000000000
112132  -9.796  -65.945  -11.219 0.0000000000
23185  -18.741  -54.036  -4.405 0.0000000000
22306  -20.105  -54.769  -5.311 0.0000000000
21388  -19.899  -55.639  -5.117 0.0000000000
973  -15.867  -88.460  -24.691 0.0000000000
28151  -19.045  -47.670  -5.621 0.0000000000
28150  -18.233  -47.239  -5.175 0.0000000000
29044  -19.174  -47.168  -7.002 0.0000000000
26489  -17.917  -49.280  -8.579 0.0000000000
26499  -17.093  -49.246  -9.102 0.0000000000
29058  -17.806  -46.712  -8.596 0.0000000000
29070  -16.813  -46.169  -9.380 0.0000000000
29082  -16.111  -46.250  -9.945 0.0000000000
28203  -13.706  -47.473  -10.986 0.0000000000
125138  -7.321  -48.411  -9.533 0.0000000000
27339  -7.283  -48.088  -9.864 0.0000000000
27362  -7.383  -47.959  -10.414 0.0000000000
19633  -13.830  -57.496  3.246 0.0000000000
122264  -5.888  -67.964  3.436 0.0000000000
11980  -5.009  -67.522  3.310 0.0000000000
11979  -4.333  -68.111  3.843 0.0000000000
10535  -2.834  -69.809  8.575 0.0000000000
10545  -2.329  -68.845  8.022 0.0000000000
11922  -1.519  -67.493  7.433 0.0000000000
11273  -2.116  -67.496  6.604 0.0000000000
11941  -2.301  -67.220  5.696 0.0000000000
12628  -1.727  -66.532  5.600 0.0000000000
12642  -1.450  -66.056  5.126 0.0000000000
12611  -0.871  -66.642  6.422 0.0000000000
11281  -0.445  -67.983  5.523 0.0000000000
11977  -0.475  -67.240  4.422 0.0000000000
112252  -0.777  -68.792  4.731 0.0000000000
110774  -1.185  -69.482  3.987 0.0000000000
9908  -1.093  -69.751  4.704 0.0000000000
9255  -1.886  -71.619  5.685 0.0000000000
9263  -2.151  -71.862  4.623 0.0000000000
125046  -2.188  -72.606  3.865 0.0000000000
8014  -2.038  -73.400  4.286 0.0000000000
7978  -1.176  -73.760  7.801 0.0000000000
7979  -1.495  -73.546  7.048 0.0000000000
7416  -1.329  -74.148  6.487 0.0000000000
6867  -1.178  -75.731  3.788 0.0000000000
6857  -1.565  -74.889  4.129 0.0000000000
7451  -1.662  -74.291  3.284 0.0000000000
6878  -1.513  -75.499  2.297 0.0000000000
129959  -1.518  -75.444  0.853 0.0000000000
6888  -1.527  -75.858  1.470 0.0000000000
6269  -0.966  -77.346  0.837 0.0000000000
6270  -1.379  -76.884  0.352 0.0000000000
5719  -0.967  -77.806  -0.834 0.0000000000
5733  -0.897  -77.898  -1.635 0.0000000000
5196  -0.709  -78.511  -1.180 0.0000000000
118864  -6.792  -85.904  -5.710 0.0000000000
1422  -6.215  -86.553  -5.488 0.0000000000
1801  -6.084  -85.598  -5.725 0.0000000000
2219  -4.496  -84.061  -4.851 0.0000000000
1799  -4.614  -84.917  -4.889 0.0000000000
2666  -4.448  -83.801  -4.075 0.0000000000
3648  -5.210  -80.630  -5.288 0.0000000000
3637  -5.234  -81.251  -4.517 0.0000000000
4174  -5.309  -79.560  -5.194 0.0000000000
4701  -5.464  -79.210  -4.292 0.0000000000
4716  -5.055  -78.776  -5.039 0.0000000000
5251  -4.293  -78.623  -5.565 0.0000000000
4726  -4.291  -78.928  -6.537 0.0000000000
4740  -5.020  -79.494  -8.205 0.0000000000
110769  -4.153  -79.299  -8.079 0.0000000000
4754  -4.701  -79.387  -8.801 0.0000000000
4766  -4.412  -79.533  -9.441 0.0000000000
4776  -4.960  -79.763  -9.914 0.0000000000
3182  -9.699  -81.973  -8.655 0.0000000000
3694  -8.838  -81.062  -8.747 0.0000000000
3190  -9.050  -81.705  -9.005 0.0000000000
117755  -7.234  -82.985  -9.389 0.0000000000
125793  -6.950  -82.382  -9.698 0.0000000000
3187  -6.304  -82.266  -10.012 0.0000000000
3717  -5.528  -81.382  -10.622 0.0000000000
2735  -5.778  -83.003  -10.130 0.0000000000
129991  -5.318  -83.157  -10.925 0.0000000000
2734  -5.340  -83.689  -10.337 0.0000000000
107870  -5.332  -85.869  -8.147 0.0000000000
1855  -4.233  -85.451  -9.466 0.0000000000
1469  -3.694  -86.816  -8.366 0.0000000000
1480  -3.357  -86.987  -8.801 0.0000000000
126143  -3.558  -87.336  -8.316 0.0000000000
822  -3.605  -88.303  -8.674 0.0000000000
823  -3.718  -88.037  -7.957 0.0000000000
587  -5.548  -89.012  -6.882 0.0000000000
586  -4.702  -88.999  -7.036 0.0000000000
577  -5.131  -89.839  -6.815 0.0000000000
259  -5.590  -91.197  -7.258 0.0000000000
260  -6.003  -91.191  -7.109 0.0000000000
126139  -9.546  -88.733  -7.121 0.0000000000
816  -9.098  -89.227  -7.182 0.0000000000
401  -8.694  -90.098  -6.982 0.0000000000
150  -8.649  -92.386  -5.455 0.0000000000
261  -7.834  -91.881  -6.286 0.0000000000
255  -8.252  -92.292  -5.957 0.0000000000
45  -8.451  -92.991  -6.238 0.0000000000
2  -8.529  -93.349  -6.661 0.0000000000
3  -9.115  -93.748  -6.289 0.0000000000
130458  -11.212  -93.484  -5.555 0.0000000000
54  -11.456  -93.760  -6.212 0.0000000000
55  -12.271  -93.521  -6.563 0.0000000000
60  -12.602  -93.844  -7.268 0.0000000000
160  -12.735  -92.885  -6.136 0.0000000000
522  -20.006  -89.900  -0.459 0.0000000000
531  -20.314  -89.681  -1.277 0.0000000000
774  -20.500  -88.757  -3.615 0.0000000000
118584  -19.890  -88.295  -3.922 0.0000000000
773  -19.102  -88.087  -3.887 0.0000000000
1447  -19.902  -86.325  -6.114 0.0000000000
1436  -19.100  -86.800  -5.781 0.0000000000
1108  -18.469  -87.273  -5.372 0.0000000000
1445  -17.787  -86.665  -6.624 0.0000000000
1462  -18.001  -86.154  -7.171 0.0000000000
18156  -1.038  -58.888  -3.496 0.0000000000
18930  -1.133  -57.925  -3.651 0.0000000000
19700  -1.493  -57.495  -2.983 0.0000000000
118287  -1.589  -56.552  -3.810 0.0000000000
19732  -1.338  -57.238  -4.186 0.0000000000
18957  -2.363  -57.883  -5.448 0.0000000000
107912  -1.646  -57.391  -5.061 0.0000000000
17396  -2.186  -60.042  -6.232 0.0000000000
17377  -4.078  -59.991  -5.398 0.0000000000
18186  -4.724  -59.359  -5.728 0.0000000000
18959  -4.144  -58.558  -5.653 0.0000000000
18208  -5.073  -59.157  -6.526 0.0000000000
1618  -6.806  -86.016  -21.065 0.0000000000
1978  -6.446  -85.387  -21.457 0.0000000000
1979  -6.936  -85.579  -21.751 0.0000000000
2454  -7.975  -84.040  -24.376 0.0000000000
2452  -6.827  -84.465  -24.053 0.0000000000
2889  -7.029  -83.499  -25.056 0.0000000000
2899  -6.079  -83.062  -25.382 0.0000000000
2900  -6.690  -83.094  -25.337 0.0000000000
3872  -10.891  -81.812  -23.839 0.0000000000
3351  -10.423  -82.211  -24.267 0.0000000000
3881  -10.228  -81.845  -24.678 0.0000000000
110849  -8.147  -80.075  -25.153 0.0000000000
4404  -8.758  -81.003  -25.163 0.0000000000
4397  -7.831  -81.247  -24.892 0.0000000000
4385  -7.433  -81.535  -24.454 0.0000000000
4396  -7.337  -80.687  -24.582 0.0000000000
4920  -6.645  -80.426  -22.779 0.0000000000
4927  -6.740  -80.033  -24.095 0.0000000000
6589  -5.288  -76.823  -23.660 0.0000000000
5981  -5.441  -77.702  -23.417 0.0000000000
5968  -5.395  -77.317  -22.628 0.0000000000
6564  -5.508  -76.793  -21.674 0.0000000000
7147  -4.950  -75.595  -22.561 0.0000000000
1987  -26.910  -85.552  -22.402 0.0000000000
1986  -25.952  -85.708  -22.404 0.0000000000
2000  -26.492  -85.456  -23.333 0.0000000000
1999  -25.591  -85.609  -23.446 0.0000000000
2864  -28.631  -82.164  -22.476 0.0000000000
118490  -27.897  -83.778  -22.221 0.0000000000
3345  -27.654  -82.534  -23.115 0.0000000000
3343  -25.309  -82.932  -22.529 0.0000000000
2874  -24.443  -83.796  -22.298 0.0000000000
2445  -25.116  -84.456  -23.177 0.0000000000
2873  -23.268  -83.462  -22.586 0.0000000000
2886  -22.952  -83.901  -23.407 0.0000000000
124830  -23.010  -82.599  -22.780 0.0000000000
4934  -21.343  -80.243  -23.667 0.0000000000
126246  -21.126  -79.550  -23.918 0.0000000000
4947  -20.294  -79.300  -23.999 0.0000000000
5496  -21.539  -78.443  -25.437 0.0000000000
24820  -15.862  -50.901  -4.612 0.0000000000
115925  -16.738  -50.112  -4.847 0.0000000000
27289  -17.398  -48.831  -4.743 0.0000000000
129832  -18.474  -47.962  -5.117 0.0000000000
26471  -20.197  -49.842  -6.183 0.0000000000
27297  -19.904  -49.088  -5.919 0.0000000000
26484  -20.021  -49.678  -6.926 0.0000000000
25654  -19.742  -50.340  -7.364 0.0000000000
24858  -20.217  -52.096  -7.030 0.0000000000
121160  -18.502  -50.943  -8.228 0.0000000000
1399  -12.307  -86.690  -1.422 0.0000000000
1408  -11.693  -86.865  -2.328 0.0000000000
1409  -12.587  -86.093  -2.166 0.0000000000
1786  -12.952  -85.188  -3.307 0.0000000000
1781  -13.912  -85.406  -2.473 0.0000000000
1410  -14.675  -85.974  -2.511 0.0000000000
1769  -14.225  -85.790  -2.064 0.0000000000
1378  -14.243  -86.983  0.491 0.0000000000
1379  -14.725  -87.205  0.148 0.0000000000
727  -14.989  -87.641  0.310 0.0000000000
726  -14.879  -88.156  1.052 0.0000000000
13558  -1.231  -64.977  -12.090 0.0000000000
117467  -1.630  -64.075  -12.326 0.0000000000
14288  -1.573  -64.529  -12.913 0.0000000000
1229  -8.707  -87.231  -18.393 0.0000000000
1591  -7.980  -87.073  -19.181 0.0000000000
1956  -8.901  -85.553  -19.271 0.0000000000
1256  -11.276  -87.657  -18.987 0.0000000000
920  -10.837  -87.887  -18.442 0.0000000000
1232  -11.313  -87.445  -17.861 0.0000000000
2390  -12.006  -84.957  -17.344 0.0000000000
121464  -11.615  -85.844  -17.409 0.0000000000
2405  -11.496  -84.396  -17.847 0.0000000000
2404  -10.654  -84.589  -18.458 0.0000000000
2831  -11.205  -83.938  -18.504 0.0000000000
2839  -12.007  -82.876  -18.979 0.0000000000
3304  -12.555  -82.903  -18.156 0.0000000000
3283  -14.412  -82.459  -16.412 0.0000000000
4339  -14.589  -80.247  -18.404 0.0000000000
1636  -21.744  -86.503  -22.882 0.0000000000
1275  -21.094  -86.679  -22.146 0.0000000000
1287  -21.112  -86.922  -23.076 0.0000000000
2468  -23.192  -84.223  -27.007 0.0000000000
2022  -23.245  -85.222  -26.061 0.0000000000
2030  -22.803  -84.933  -26.774 0.0000000000
1665  -20.217  -86.099  -26.687 0.0000000000
1652  -20.552  -86.465  -25.733 0.0000000000
1301  -19.824  -86.839  -25.603 0.0000000000
118241  -19.876  -87.524  -24.102 0.0000000000
1293  -19.520  -87.390  -25.076 0.0000000000
975  -18.155  -88.166  -24.632 0.0000000000
1292  -18.678  -87.621  -25.438 0.0000000000
127262  -18.029  -86.031  -26.565 0.0000000000
1303  -17.147  -86.630  -26.450 0.0000000000
1661  -17.151  -86.179  -26.385 0.0000000000
126093  -15.682  -86.175  -26.229 0.0000000000
4961  -16.524  -79.687  -26.733 0.0000000000
3894  -17.604  -81.508  -26.626 0.0000000000
3893  -16.523  -81.782  -26.531 0.0000000000
3367  -16.133  -83.171  -24.649 0.0000000000
3888  -15.419  -82.439  -25.931 0.0000000000
125731  -15.931  -82.853  -25.514 0.0000000000
2904  -17.180  -83.073  -25.517 0.0000000000
2894  -18.463  -83.919  -24.726 0.0000000000
2463  -19.189  -84.736  -24.332 0.0000000000
2885  -18.202  -84.360  -23.725 0.0000000000
1997  -18.018  -85.779  -22.768 0.0000000000
1635  -18.343  -85.902  -23.436 0.0000000000
115006  -17.171  -86.453  -23.171 0.0000000000
1641  -16.152  -86.297  -23.719 0.0000000000
1633  -16.371  -86.471  -22.607 0.0000000000
1632  -15.219  -86.166  -23.217 0.0000000000
1995  -16.486  -86.207  -21.863 0.0000000000
109034  -17.415  -84.218  -20.679 0.0000000000
1969  -16.721  -85.140  -20.736 0.0000000000
123670  -16.917  -84.306  -19.686 0.0000000000
2408  -16.275  -84.251  -19.145 0.0000000000
2840  -16.944  -83.808  -19.088 0.0000000000
30018  -15.065  -45.611  -10.751 0.0000000000
117348  -11.489  -45.564  -11.534 0.0000000000
115382  -10.587  -45.087  -11.640 0.0000000000
24793  -19.717  -52.065  -0.490 0.0000000000
23151  -19.639  -53.538  -0.974 0.0000000000
21337  -19.985  -55.802  -0.434 0.0000000000
22250  -20.045  -54.413  -0.884 0.0000000000
21336  -19.284  -56.017  -0.724 0.0000000000
110912  -18.354  -56.706  -0.367 0.0000000000
19679  -15.891  -57.458  -0.228 0.0000000000
19680  -16.629  -57.341  -0.174 0.0000000000
20455  -19.447  -55.886  2.112 0.0000000000
116507  -16.940  -55.511  3.101 0.0000000000
21298  -17.765  -55.621  2.855 0.0000000000
21297  -16.317  -55.094  2.974 0.0000000000
21309  -15.869  -55.168  2.327 0.0000000000
20452  -16.893  -55.237  2.406 0.0000000000
20463  -16.217  -55.718  1.449 0.0000000000
21335  -13.960  -55.918  -0.722 0.0000000000
20495  -13.445  -55.732  -1.731 0.0000000000
18066  -11.544  -58.982  4.233 0.0000000000
18833  -11.491  -57.982  4.057 0.0000000000
108880  -10.921  -58.767  4.257 0.0000000000
14915  -3.419  -63.683  2.304 0.0000000000
14916  -4.387  -63.851  2.318 0.0000000000
114889  -3.991  -63.077  2.217 0.0000000000
127859  -6.334  -60.913  2.591 0.0000000000
129472  -5.807  -61.781  2.419 0.0000000000
16463  -6.846  -61.004  2.825 0.0000000000
16444  -7.655  -61.248  3.225 0.0000000000
110005  -8.137  -60.377  3.510 0.0000000000
117399  -6.785  -58.516  2.393 0.0000000000
123250  -7.467  -58.941  2.950 0.0000000000
18845  -7.676  -58.238  2.838 0.0000000000
19615  -8.928  -57.753  3.451 0.0000000000
19630  -7.164  -57.541  2.197 0.0000000000
20441  -7.556  -56.671  1.927 0.0000000000
20449  -4.909  -56.754  0.488 0.0000000000
4598  -3.773  -78.764  3.053 0.0000000000
4597  -2.811  -78.594  3.192 0.0000000000
4587  -1.714  -79.065  4.498 0.0000000000
5123  -1.858  -78.184  4.076 0.0000000000
5658  -1.894  -77.649  4.845 0.0000000000
4523  -1.038  -80.127  8.988 0.0000000000
5062  -0.597  -79.159  10.039 0.0000000000
113392  0.356  -80.357  6.964 0.0000000000
4521  0.206  -79.757  8.251 0.0000000000
4555  0.468  -79.265  6.636 0.0000000000
4572  0.433  -80.009  5.223 0.0000000000
2603  -1.381  -84.008  2.687 0.0000000000
2590  -0.873  -83.522  3.913 0.0000000000
2602  -0.958  -84.061  2.268 0.0000000000
3553  -0.307  -81.870  1.255 0.0000000000
3536  -0.475  -82.254  2.274 0.0000000000
4065  -0.438  -81.030  1.965 0.0000000000
4596  -0.178  -80.177  3.273 0.0000000000
123403  -0.440  -80.127  2.027 0.0000000000
113608  -0.439  -79.453  1.643 0.0000000000
116806  -0.449  -80.337  0.720 0.0000000000
4125  0.222  -80.619  -2.522 0.0000000000
4114  -0.060  -80.360  -1.577 0.0000000000
123047  0.233  -80.023  -3.084 0.0000000000
4679  -0.017  -79.256  -3.165 0.0000000000
4697  0.283  -79.819  -3.951 0.0000000000
4172  -2.552  -80.155  -5.373 0.0000000000
4161  -2.599  -80.344  -4.515 0.0000000000
3646  -2.546  -81.078  -5.785 0.0000000000
126183  -2.553  -83.463  -6.243 0.0000000000
3153  -2.610  -82.818  -5.591 0.0000000000
118609  -2.216  -84.453  -5.788 0.0000000000
2218  -1.651  -85.034  -4.621 0.0000000000
2227  -1.669  -85.026  -5.384 0.0000000000
2297  -1.632  -84.348  -10.309 0.0000000000
2280  -2.126  -84.095  -9.546 0.0000000000
2279  -1.358  -84.443  -9.353 0.0000000000
2706  0.161  -83.931  -7.989 0.0000000000
1822  -0.488  -84.161  -7.750 0.0000000000
2693  0.013  -84.422  -6.783 0.0000000000
112753  -0.046  -84.681  -5.980 0.0000000000
111300  0.278  -83.989  -6.271 0.0000000000
3152  0.392  -83.074  -4.905 0.0000000000
127886  0.424  -83.144  -6.533 0.0000000000
4183  0.415  -80.771  -6.441 0.0000000000
770  -14.545  -87.325  -2.831 0.0000000000
769  -13.956  -87.926  -3.275 0.0000000000
754  -14.168  -88.215  -2.418 0.0000000000
370  -11.751  -90.583  -0.918 0.0000000000
541  -12.365  -89.545  -2.441 0.0000000000
374  -11.579  -90.295  -1.787 0.0000000000
373  -10.963  -90.813  -2.088 0.0000000000
248  -11.081  -91.479  -1.865 0.0000000000
122  -12.479  -92.532  -1.910 0.0000000000
121  -11.623  -92.286  -1.984 0.0000000000
130  -12.041  -92.569  -2.704 0.0000000000
140  -11.517  -92.573  -3.476 0.0000000000
114771  -12.588  -92.510  -3.588 0.0000000000
153  -14.759  -92.244  -5.069 0.0000000000
129421  -13.912  -92.195  -5.085 0.0000000000
118947  -15.147  -92.216  -5.902 0.0000000000
162  -14.473  -92.401  -6.687 0.0000000000
529  -18.487  -89.287  -0.886 0.0000000000
520  -18.271  -89.721  -0.499 0.0000000000
528  -17.930  -89.229  -1.069 0.0000000000
379  -17.541  -90.409  -3.018 0.0000000000
375  -17.640  -90.931  -2.258 0.0000000000
574  -17.896  -89.854  -6.198 0.0000000000
386  -17.291  -89.767  -5.373 0.0000000000
257  -19.224  -91.244  -5.836 0.0000000000
254  -18.846  -91.391  -5.218 0.0000000000
147  -18.634  -91.807  -4.928 0.0000000000
145  -17.592  -92.416  -4.658 0.0000000000
155  -18.438  -92.116  -5.215 0.0000000000
119689  -18.306  -92.347  -7.254 0.0000000000
165  -17.749  -92.475  -6.738 0.0000000000
173  -17.347  -92.397  -7.718 0.0000000000
120937  -16.374  -92.443  -7.663 0.0000000000
181  -17.432  -92.149  -8.724 0.0000000000
182  -18.220  -92.048  -9.018 0.0000000000
277  -20.184  -91.407  -9.904 0.0000000000
276  -19.254  -91.410  -9.954 0.0000000000
289  -19.703  -91.114  -10.657 0.0000000000
607  -23.460  -89.422  -9.630 0.0000000000
292  -22.604  -90.601  -9.363 0.0000000000
420  -23.527  -89.931  -10.175 0.0000000000
625  -22.910  -89.703  -12.529 0.0000000000
1226  -26.667  -87.148  -16.743 0.0000000000
117147  -26.933  -86.785  -17.310 0.0000000000
1588  -27.199  -86.123  -18.108 0.0000000000
1576  -27.206  -86.173  -17.526 0.0000000000
1918  -26.067  -85.670  -14.985 0.0000000000
2396  -25.045  -84.584  -17.397 0.0000000000
2397  -26.290  -84.652  -17.097 0.0000000000
120481  -26.011  -84.552  -17.804 0.0000000000
2412  -26.935  -84.679  -17.780 0.0000000000
2411  -26.335  -84.454  -18.431 0.0000000000
2420  -26.592  -84.179  -18.976 0.0000000000
2419  -25.186  -84.297  -19.156 0.0000000000
121213  -23.720  -83.293  -19.886 0.0000000000
23995  -18.525  -52.744  -1.487 0.0000000000
23172  -17.922  -53.892  -2.562 0.0000000000
20513  -18.278  -56.702  -1.946 0.0000000000
21382  -18.799  -55.574  -3.451 0.0000000000
20540  -19.661  -56.433  -5.384 0.0000000000
25660  -6.682  -49.456  -8.727 0.0000000000
25659  -6.022  -49.665  -8.560 0.0000000000
25682  -5.728  -49.954  -9.363 0.0000000000
25683  -6.006  -50.038  -10.193 0.0000000000
21390  -2.508  -55.125  -4.824 0.0000000000
20562  -2.665  -55.523  -5.669 0.0000000000
21422  -3.413  -55.361  -7.209 0.0000000000
118070  -3.231  -54.574  -6.857 0.0000000000
116763  -3.534  -54.624  -7.660 0.0000000000
22344  -3.820  -54.749  -8.647 0.0000000000
19795  -3.879  -57.611  -9.372 0.0000000000
20602  -3.785  -56.856  -9.625 0.0000000000
20616  -3.831  -56.646  -10.448 0.0000000000
22372  -4.260  -55.279  -10.635 0.0000000000
22365  -4.342  -54.325  -10.032 0.0000000000
23210  -4.038  -53.951  -9.014 0.0000000000
23238  -4.870  -53.702  -10.367 0.0000000000
24897  -6.296  -51.066  -11.110 0.0000000000
24909  -6.625  -51.967  -12.168 0.0000000000
24910  -7.197  -51.753  -13.016 0.0000000000
121632  -4.652  -84.354  -22.222 0.0000000000
4908  -3.468  -79.074  -22.373 0.0000000000
4919  -3.162  -79.118  -23.147 0.0000000000
5456  -2.724  -78.533  -22.939 0.0000000000
9517  -1.779  -71.193  -19.177 0.0000000000
10831  -1.277  -68.503  -17.440 0.0000000000
10850  -1.118  -69.178  -18.014 0.0000000000
11545  -1.078  -68.643  -17.554 0.0000000000
11508  -0.795  -68.041  -16.064 0.0000000000
12171  -0.831  -67.638  -15.138 0.0000000000
12197  -1.144  -67.419  -16.095 0.0000000000
12871  -2.215  -65.952  -15.002 0.0000000000
12870  -1.584  -66.360  -14.798 0.0000000000
13587  -2.512  -65.096  -14.595 0.0000000000
15113  -2.095  -64.337  -14.043 0.0000000000
14312  -2.695  -64.676  -14.241 0.0000000000
7778  -6.457  -74.662  -25.066 0.0000000000
8362  -3.848  -72.981  -24.017 0.0000000000
8969  -3.659  -72.513  -23.275 0.0000000000
7729  -4.475  -73.771  -22.162 0.0000000000
8935  -4.364  -72.368  -21.434 0.0000000000
14379  -4.424  -65.311  -19.203 0.0000000000
14380  -4.972  -65.033  -19.163 0.0000000000
12256  -3.676  -67.839  -20.797 0.0000000000
123066  -4.695  -69.898  -19.403 0.0000000000
10161  -4.217  -70.066  -20.138 0.0000000000
10162  -4.954  -70.683  -19.479 0.0000000000
126375  -5.027  -71.510  -19.970 0.0000000000
9531  -5.458  -71.500  -18.991 0.0000000000
8909  -5.802  -72.274  -18.340 0.0000000000
120584  -5.575  -71.458  -18.025 0.0000000000
10113  -5.412  -70.025  -16.099 0.0000000000
126544  -5.395  -70.949  -15.805 0.0000000000
10098  -5.006  -71.033  -14.839 0.0000000000
9467  -4.114  -71.703  -14.286 0.0000000000
10086  -4.292  -70.980  -13.766 0.0000000000
12873  -6.478  -66.742  -14.937 0.0000000000
12872  -5.905  -67.068  -15.230 0.0000000000
12175  -6.115  -67.484  -14.240 0.0000000000
11477  -4.881  -68.460  -11.987 0.0000000000
11483  -5.106  -68.651  -12.679 0.0000000000
129466  -4.499  -68.949  -12.289 0.0000000000
10791  -3.919  -69.508  -12.417 0.0000000000
112074  -3.510  -69.089  -12.098 0.0000000000
11474  -2.948  -68.882  -12.354 0.0000000000
126977  -3.567  -67.469  -11.769 0.0000000000
117091  -4.610  -64.925  -11.871 0.0000000000
13570  -4.007  -65.579  -12.107 0.0000000000
14281  -4.764  -64.029  -12.058 0.0000000000
116331  -4.132  -63.836  -12.591 0.0000000000
15084  -4.770  -63.321  -11.596 0.0000000000
15870  -4.595  -62.712  -10.931 0.0000000000
15071  -5.310  -63.395  -10.902 0.0000000000
15060  -5.849  -63.646  -9.585 0.0000000000
15054  -5.664  -63.835  -8.589 0.0000000000
15053  -4.669  -63.497  -8.064 0.0000000000
15046  -4.921  -64.398  -7.557 0.0000000000
13546  -8.935  -66.073  -9.375 0.0000000000
14268  -7.334  -65.374  -9.149 0.0000000000
13536  -8.025  -66.008  -8.605 0.0000000000
13507  -7.176  -66.072  -6.021 0.0000000000
13525  -6.752  -65.992  -6.554 0.0000000000
13506  -6.252  -65.857  -6.000 0.0000000000
13505  -5.410  -65.541  -5.991 0.0000000000
13494  -5.914  -65.426  -5.689 0.0000000000
7920  -1.391  -72.947  12.184 0.0000000000
130426  -1.037  -73.982  11.078 0.0000000000
7351  -0.925  -74.646  11.298 0.0000000000
123235  -0.674  -75.464  10.820 0.0000000000
1795  -11.853  -85.391  -4.472 0.0000000000
1805  -10.689  -85.435  -5.260 0.0000000000
1806  -11.529  -84.878  -5.116 0.0000000000
2236  -12.404  -84.066  -5.433 0.0000000000
2688  -12.198  -83.452  -6.027 0.0000000000
2709  -12.262  -82.977  -7.042 0.0000000000
2702  -13.180  -83.942  -6.406 0.0000000000
1813  -13.362  -85.440  -6.772 0.0000000000
1443  -13.017  -86.270  -6.610 0.0000000000
1117  -12.546  -87.117  -6.327 0.0000000000
1433  -13.420  -86.662  -5.973 0.0000000000
1104  -12.866  -87.513  -5.664 0.0000000000
784  -12.701  -88.461  -4.629 0.0000000000
126982  -1.374  -63.514  -9.916 0.0000000000
15860  -1.439  -62.657  -9.532 0.0000000000
129572  -1.663  -62.734  -10.215 0.0000000000
16614  -1.630  -61.170  -9.770 0.0000000000
17413  -1.728  -60.899  -9.454 0.0000000000
17414  -2.195  -60.716  -9.089 0.0000000000
17428  -2.184  -60.832  -9.902 0.0000000000
16621  -3.284  -61.437  -10.304 0.0000000000
15861  -3.993  -61.948  -9.857 0.0000000000
4344  -13.861  -80.698  -19.625 0.0000000000
4912  -12.988  -80.409  -20.815 0.0000000000
4901  -13.384  -79.748  -20.102 0.0000000000
5440  -12.811  -78.999  -20.152 0.0000000000
5956  -11.730  -78.024  -20.047 0.0000000000
4916  -24.844  -79.914  -22.514 0.0000000000
23194  -20.513  -53.590  -6.109 0.0000000000
22315  -20.263  -54.345  -6.501 0.0000000000
121444  -13.202  -88.142  -22.801 0.0000000000
959  -12.337  -87.642  -22.559 0.0000000000
1620  -11.509  -86.642  -22.048 0.0000000000
1629  -12.032  -86.059  -23.245 0.0000000000
1992  -12.579  -85.738  -22.819 0.0000000000
1981  -13.506  -85.564  -22.328 0.0000000000
3883  -20.331  -81.003  -24.172 0.0000000000
3368  -20.916  -81.705  -25.188 0.0000000000
4401  -19.581  -80.277  -24.500 0.0000000000
4410  -18.956  -80.381  -25.437 0.0000000000
4409  -18.031  -80.238  -25.678 0.0000000000
126085  -8.319  -46.771  -10.555 0.0000000000
27397  -8.570  -48.545  -12.808 0.0000000000
122804  -8.122  -49.286  -12.789 0.0000000000
25712  -8.062  -50.196  -13.330 0.0000000000
19620  -13.944  -56.473  3.551 0.0000000000
19621  -14.523  -55.728  3.610 0.0000000000
21284  -11.562  -55.515  3.373 0.0000000000
119832  -10.786  -55.107  2.587 0.0000000000
128194  -9.733  -54.906  1.531 0.0000000000
108204  -9.963  -55.281  2.302 0.0000000000
20451  -7.925  -55.670  1.432 0.0000000000
120693  -0.588  -65.560  3.601 0.0000000000
14116  -0.817  -64.837  3.595 0.0000000000
13383  -0.498  -65.323  2.862 0.0000000000
115303  -0.446  -65.208  2.077 0.0000000000
5165  -5.689  -78.628  0.141 0.0000000000
4629  -5.237  -79.113  0.580 0.0000000000
4651  -4.967  -79.021  -0.203 0.0000000000
4103  -3.934  -80.553  -0.242 0.0000000000
3576  -3.447  -81.580  -0.199 0.0000000000
3098  -3.075  -82.412  -0.206 0.0000000000
3584  -3.334  -81.082  -1.058 0.0000000000
3600  -2.942  -81.101  -2.070 0.0000000000
116030  -2.716  -81.814  -2.836 0.0000000000
1875  -3.151  -85.990  -11.695 0.0000000000
109908  -2.833  -85.445  -12.469 0.0000000000
1885  -3.179  -86.026  -12.201 0.0000000000
11  -12.126  -94.178  -7.768 0.0000000000
18  -12.328  -94.215  -8.769 0.0000000000
111848  -13.843  -93.698  -9.777 0.0000000000
76  -14.547  -93.330  -10.422 0.0000000000
77  -15.228  -92.973  -10.806 0.0000000000
72  -15.200  -93.033  -9.998 0.0000000000
195  -15.727  -92.536  -10.104 0.0000000000
196  -16.467  -92.038  -10.277 0.0000000000
244  -17.464  -91.008  -0.300 0.0000000000
1149  -18.153  -87.288  -9.431 0.0000000000
1150  -19.144  -87.491  -9.585 0.0000000000
1151  -20.213  -87.595  -9.634 0.0000000000
1152  -21.246  -87.706  -9.676 0.0000000000
1173  -21.876  -87.192  -11.209 0.0000000000
1507  -22.184  -86.850  -11.874 0.0000000000
1520  -22.501  -86.512  -12.524 0.0000000000
1519  -21.588  -86.504  -12.533 0.0000000000
124846  -21.177  -86.177  -13.007 0.0000000000
22298  -3.104  -54.081  -4.376 0.0000000000
23188  -3.093  -53.769  -4.913 0.0000000000
18232  -5.173  -59.836  -9.385 0.0000000000
5436  -6.366  -78.590  -19.863 0.0000000000
5423  -5.385  -78.828  -19.197 0.0000000000
5930  -6.056  -77.712  -18.749 0.0000000000
5929  -5.367  -77.617  -18.440 0.0000000000
6498  -5.089  -76.933  -18.151 0.0000000000
7100  -3.728  -75.839  -18.619 0.0000000000
7079  -5.127  -75.603  -17.620 0.0000000000
116035  -5.453  -75.055  -17.390 0.0000000000
8276  -5.833  -73.795  -17.199 0.0000000000
118360  -9.941  -65.243  -11.552 0.0000000000
24798  -16.742  -51.316  -2.197 0.0000000000
22300  -18.734  -54.836  -3.959 0.0000000000
970  -17.163  -88.697  -23.481 0.0000000000
114009  -16.993  -47.696  -9.183 0.0000000000
28192  -17.200  -46.867  -9.061 0.0000000000
10524  -1.240  -69.154  9.913 0.0000000000
11235  -1.361  -68.666  9.282 0.0000000000
11234  -0.913  -68.634  9.268 0.0000000000
11249  -0.731  -68.322  8.641 0.0000000000
115189  -0.675  -67.754  8.023 0.0000000000
11920  -0.566  -67.350  7.033 0.0000000000
116210  -0.342  -68.117  7.385 0.0000000000
10559  -0.420  -68.915  6.650 0.0000000000
111439  -0.802  -69.734  6.100 0.0000000000
9899  -1.113  -70.144  5.343 0.0000000000
9900  -1.271  -70.639  6.108 0.0000000000
9242  -1.585  -71.495  6.592 0.0000000000
111396  -1.919  -72.301  6.303 0.0000000000
6822  -0.372  -75.427  6.333 0.0000000000
7429  -0.986  -74.801  5.977 0.0000000000
6837  -0.673  -75.476  5.475 0.0000000000
128079  -0.669  -76.118  4.243 0.0000000000
6252  -1.295  -76.305  2.133 0.0000000000
112098  -0.803  -76.729  2.715 0.0000000000
5699  -0.745  -77.442  1.536 0.0000000000
116659  -0.572  -77.965  0.947 0.0000000000
130279  -7.128  -84.521  -6.169 0.0000000000
111499  -5.937  -84.853  -5.981 0.0000000000
2230  -5.653  -84.122  -6.129 0.0000000000
2685  -5.082  -83.625  -5.950 0.0000000000
2684  -4.739  -83.458  -5.439 0.0000000000
3154  -4.768  -82.644  -5.489 0.0000000000
3162  -4.994  -81.905  -6.139 0.0000000000
3661  -5.153  -80.746  -6.499 0.0000000000
4185  -4.909  -79.568  -6.693 0.0000000000
4186  -5.234  -80.169  -7.032 0.0000000000
125583  -5.999  -80.130  -7.708 0.0000000000
4756  -6.424  -79.775  -8.640 0.0000000000
109257  -9.317  -83.714  -8.661 0.0000000000
3181  -9.078  -82.655  -8.973 0.0000000000
130490  -8.657  -84.176  -8.653 0.0000000000
2716  -7.546  -83.734  -8.987 0.0000000000
2265  -6.896  -84.555  -8.683 0.0000000000
1857  -5.807  -84.395  -9.016 0.0000000000
1840  -6.059  -85.177  -8.442 0.0000000000
1453  -5.576  -86.637  -7.709 0.0000000000
1127  -4.816  -87.390  -7.439 0.0000000000
1128  -5.909  -87.428  -7.413 0.0000000000
813  -6.287  -88.255  -7.254 0.0000000000
124107  -6.582  -89.004  -7.110 0.0000000000
385  -9.865  -90.255  -5.399 0.0000000000
393  -8.930  -90.582  -6.391 0.0000000000
384  -8.973  -90.983  -5.384 0.0000000000
137  -8.982  -92.146  -4.755 0.0000000000
40  -9.107  -92.507  -5.028 0.0000000000
47  -9.174  -93.329  -5.681 0.0000000000
41  -9.587  -92.667  -4.676 0.0000000000
49  -10.635  -93.254  -4.989 0.0000000000
44  -11.537  -93.047  -5.033 0.0000000000
546  -21.513  -89.645  -2.514 0.0000000000
18943  -0.911  -58.637  -4.928 0.0000000000
18944  -1.033  -58.004  -4.622 0.0000000000
114523  -1.902  -58.700  -5.593 0.0000000000
120278  -4.199  -60.788  -5.479 0.0000000000
18187  -5.023  -60.142  -5.827 0.0000000000
17378  -4.818  -60.814  -5.674 0.0000000000
16567  -5.164  -61.612  -5.768 0.0000000000
15822  -5.553  -62.445  -5.808 0.0000000000
1966  -8.013  -85.381  -20.975 0.0000000000
2441  -7.663  -84.968  -22.587 0.0000000000
2442  -8.525  -84.374  -22.645 0.0000000000
2868  -8.814  -83.730  -23.665 0.0000000000
2881  -8.597  -83.212  -24.484 0.0000000000
4929  -10.322  -79.660  -23.544 0.0000000000
4398  -9.955  -81.025  -24.766 0.0000000000
4940  -8.008  -79.336  -25.352 0.0000000000
4951  -7.008  -79.089  -25.109 0.0000000000
116794  -6.524  -79.041  -24.716 0.0000000000
5475  -6.514  -78.383  -24.845 0.0000000000
116951  -5.696  -76.846  -24.277 0.0000000000
7161  -5.434  -76.001  -24.222 0.0000000000
1602  -26.278  -86.060  -19.186 0.0000000000
1960  -25.680  -85.679  -20.150 0.0000000000
1988  -27.427  -85.187  -22.504 0.0000000000
3879  -26.620  -81.137  -24.025 0.0000000000
3358  -27.160  -81.673  -23.538 0.0000000000
3357  -26.226  -81.686  -23.780 0.0000000000
3863  -23.383  -81.968  -23.090 0.0000000000
3340  -22.332  -82.022  -23.011 0.0000000000
3876  -22.641  -81.405  -23.367 0.0000000000
4935  -22.592  -80.502  -24.103 0.0000000000
26455  -17.744  -49.514  -4.866 0.0000000000
26456  -18.741  -49.247  -5.132 0.0000000000
26457  -19.461  -49.103  -5.494 0.0000000000
24035  -19.125  -52.495  -7.786 0.0000000000
1400  -14.031  -86.199  -1.137 0.0000000000
12842  -0.578  -66.716  -12.852 0.0000000000
1255  -8.330  -87.999  -19.172 0.0000000000
1243  -9.127  -87.915  -18.397 0.0000000000
1580  -13.093  -86.361  -18.220 0.0000000000
1571  -11.905  -86.969  -17.725 0.0000000000
1572  -12.687  -86.258  -17.608 0.0000000000
1941  -12.530  -85.483  -17.232 0.0000000000
2380  -12.842  -84.544  -16.964 0.0000000000
3292  -13.035  -83.123  -17.324 0.0000000000
2820  -13.517  -83.485  -16.723 0.0000000000
3282  -14.099  -83.132  -16.405 0.0000000000
3807  -15.127  -82.113  -15.990 0.0000000000
1645  -22.561  -86.177  -23.875 0.0000000000
2472  -21.855  -84.038  -27.360 0.0000000000
2029  -21.675  -85.293  -27.097 0.0000000000
2033  -20.880  -85.033  -27.389 0.0000000000
2028  -20.661  -85.618  -27.072 0.0000000000
1664  -19.373  -86.150  -26.640 0.0000000000
2026  -18.829  -85.999  -26.658 0.0000000000
2019  -18.742  -85.726  -26.215 0.0000000000
3353  -15.296  -82.139  -24.090 0.0000000000
2883  -16.454  -83.334  -23.749 0.0000000000
2884  -17.194  -83.934  -23.257 0.0000000000
2872  -17.352  -84.164  -22.366 0.0000000000
2432  -17.564  -85.320  -22.069 0.0000000000
1984  -16.973  -85.649  -21.518 0.0000000000
113983  -17.484  -84.498  -21.561 0.0000000000
2862  -17.490  -83.768  -21.053 0.0000000000
2852  -17.468  -83.376  -20.282 0.0000000000
29107  -9.648  -45.074  -11.838 0.0000000000
19661  -18.062  -56.466  0.444 0.0000000000
19659  -16.446  -56.619  0.562 0.0000000000
20468  -20.634  -56.562  0.881 0.0000000000
21308  -14.473  -54.934  2.673 0.0000000000
110148  -15.352  -54.906  2.920 0.0000000000
21322  -14.050  -55.117  1.781 0.0000000000
116589  -14.342  -55.446  1.268 0.0000000000
107845  -14.138  -55.698  0.328 0.0000000000
21334  -13.270  -55.454  -0.400 0.0000000000
14918  -6.973  -63.520  2.601 0.0000000000
120908  -3.532  -62.220  2.104 0.0000000000
15713  -4.534  -62.417  2.221 0.0000000000
16460  -4.045  -61.525  2.073 0.0000000000
17264  -4.575  -60.827  2.032 0.0000000000
17266  -6.442  -60.281  2.571 0.0000000000
17265  -5.612  -59.894  2.132 0.0000000000
18079  -5.424  -59.088  1.857 0.0000000000
18844  -5.756  -58.401  1.779 0.0000000000
109605  -5.147  -57.488  1.203 0.0000000000
19645  -3.608  -57.906  0.307 0.0000000000
119704  -3.070  -80.471  3.538 0.0000000000
4048  -2.545  -79.509  3.477 0.0000000000
4047  -1.999  -79.831  4.268 0.0000000000
112790  -1.723  -80.235  5.344 0.0000000000
4573  -1.599  -79.359  5.661 0.0000000000
5079  -1.586  -79.055  7.642 0.0000000000
4556  -1.558  -80.027  6.835 0.0000000000
4538  -1.097  -80.556  8.364 0.0000000000
3994  -0.902  -80.552  8.477 0.0000000000
4522  -0.511  -80.061  8.921 0.0000000000
4004  -0.302  -81.058  7.909 0.0000000000
3492  -0.068  -82.138  6.811 0.0000000000
3501  0.103  -81.993  5.831 0.0000000000
2148  -0.790  -84.569  1.054 0.0000000000
2610  -0.729  -84.031  1.736 0.0000000000
2615  -0.493  -84.410  0.498 0.0000000000
3096  -0.170  -83.433  0.198 0.0000000000
3565  -0.094  -82.078  0.355 0.0000000000
3574  -0.055  -81.203  -0.242 0.0000000000
3108  0.222  -82.406  -1.362 0.0000000000
3598  0.253  -81.405  -1.917 0.0000000000
3617  0.460  -81.841  -3.478 0.0000000000
4184  -2.718  -80.211  -7.169 0.0000000000
3660  -2.592  -80.948  -6.508 0.0000000000
108754  -2.669  -81.463  -7.113 0.0000000000
3161  -2.691  -82.678  -7.079 0.0000000000
2707  -2.498  -83.759  -7.163 0.0000000000
120782  -0.228  -84.475  -10.953 0.0000000000
2278  -0.335  -84.462  -9.242 0.0000000000
2277  0.035  -84.437  -9.598 0.0000000000
2722  0.310  -83.756  -9.347 0.0000000000
3173  0.415  -83.098  -7.902 0.0000000000
111062  0.455  -82.474  -7.173 0.0000000000
3179  0.454  -82.495  -8.569 0.0000000000
732  -14.557  -88.600  -0.727 0.0000000000
743  -14.117  -88.669  -1.638 0.0000000000
527  -13.468  -89.311  -1.151 0.0000000000
516  -12.546  -90.069  -0.535 0.0000000000
361  -12.019  -90.876  -0.129 0.0000000000
115  -14.036  -92.502  -0.915 0.0000000000
113318  -14.706  -92.569  -1.900 0.0000000000
123  -14.221  -92.610  -2.662 0.0000000000
130552  -13.932  -92.557  -3.170 0.0000000000
142  -13.620  -92.421  -3.676 0.0000000000
132  -14.612  -92.481  -3.484 0.0000000000
143  -15.228  -92.411  -4.242 0.0000000000
111566  -15.874  -92.433  -4.980 0.0000000000
756  -17.962  -88.535  -2.360 0.0000000000
745  -17.680  -88.971  -1.784 0.0000000000
755  -17.479  -88.869  -2.724 0.0000000000
557  -17.200  -89.292  -3.397 0.0000000000
114353  -17.299  -89.914  -3.906 0.0000000000
395  -18.914  -90.509  -5.886 0.0000000000
396  -19.593  -90.689  -6.122 0.0000000000
258  -19.643  -91.123  -6.351 0.0000000000
157  -19.191  -91.489  -6.114 0.0000000000
156  -18.797  -91.916  -5.724 0.0000000000
116627  -19.145  -91.837  -6.473 0.0000000000
176  -19.613  -91.919  -7.125 0.0000000000
183  -18.942  -92.154  -8.459 0.0000000000
125651  -19.569  -92.049  -8.682 0.0000000000
191  -20.688  -91.581  -9.101 0.0000000000
122009  -21.082  -91.274  -9.791 0.0000000000
617  -24.508  -89.014  -11.204 0.0000000000
431  -23.895  -89.695  -10.966 0.0000000000
114680  -24.107  -89.440  -11.649 0.0000000000
626  -23.844  -89.413  -12.424 0.0000000000
914  -25.419  -88.033  -15.836 0.0000000000
915  -26.423  -87.485  -15.964 0.0000000000
119350  -27.025  -86.497  -15.917 0.0000000000
2362  -24.226  -84.699  -14.953 0.0000000000
2375  -24.710  -84.538  -15.697 0.0000000000
2409  -23.395  -84.525  -18.888 0.0000000000
23164  -18.993  -53.391  -1.330 0.0000000000
23163  -18.484  -53.694  -1.746 0.0000000000
116011  -17.938  -57.874  -2.947 0.0000000000
113864  -18.702  -57.302  -3.260 0.0000000000
19730  -18.972  -57.435  -4.051 0.0000000000
121799  -4.504  -51.411  -5.940 0.0000000000
24843  -4.994  -50.875  -6.530 0.0000000000
24853  -5.080  -50.629  -7.422 0.0000000000
24872  -5.253  -50.722  -9.012 0.0000000000
19761  -2.736  -56.339  -5.690 0.0000000000
20563  -3.198  -55.922  -6.493 0.0000000000
20617  -3.961  -56.504  -10.949 0.0000000000
20638  -4.355  -56.304  -11.267 0.0000000000
22374  -5.350  -54.160  -11.255 0.0000000000
22396  -6.311  -53.963  -12.267 0.0000000000
2879  -4.499  -83.545  -24.167 0.0000000000
2866  -3.574  -83.729  -22.720 0.0000000000
3348  -3.811  -82.024  -23.824 0.0000000000
5966  -2.996  -76.851  -22.146 0.0000000000
110574  -2.560  -71.575  -18.206 0.0000000000
10143  -1.963  -70.564  -18.527 0.0000000000
10112  -2.390  -70.270  -17.058 0.0000000000
10851  -1.838  -69.338  -17.701 0.0000000000
11529  -1.763  -68.237  -16.984 0.0000000000
12216  -1.387  -67.545  -16.348 0.0000000000
11509  -1.876  -68.017  -16.307 0.0000000000
11490  -2.373  -67.758  -14.663 0.0000000000
120285  -2.561  -67.019  -13.998 0.0000000000
13637  -3.526  -65.522  -18.292 0.0000000000
12919  -3.467  -66.418  -19.280 0.0000000000
12246  -3.455  -67.898  -20.185 0.0000000000
124085  -3.673  -67.497  -18.972 0.0000000000
11559  -4.348  -68.191  -18.724 0.0000000000
10868  -5.232  -69.725  -18.102 0.0000000000
10127  -5.430  -70.587  -17.795 0.0000000000
10833  -5.423  -69.816  -17.201 0.0000000000
110118  -5.309  -69.037  -16.702 0.0000000000
10815  -5.299  -69.180  -15.719 0.0000000000
12153  -7.465  -67.164  -13.329 0.0000000000
12158  -6.540  -67.694  -13.226 0.0000000000
12138  -5.176  -67.813  -11.642 0.0000000000
12137  -4.366  -67.572  -11.472 0.0000000000
12829  -5.185  -66.802  -11.441 0.0000000000
14282  -5.322  -64.716  -11.410 0.0000000000
14275  -5.794  -64.076  -10.938 0.0000000000
128038  -6.379  -64.356  -10.241 0.0000000000
14267  -6.559  -64.495  -9.140 0.0000000000
110634  -9.152  -66.364  -7.718 0.0000000000
109670  -8.313  -66.287  -7.642 0.0000000000
13527  -8.744  -66.433  -6.772 0.0000000000
121864  -7.653  -65.728  -5.620 0.0000000000
126132  -7.252  -65.135  -5.405 0.0000000000
14228  -8.110  -64.894  -5.365 0.0000000000
108378  -2.125  -69.850  10.576 0.0000000000
9835  -2.095  -70.279  11.039 0.0000000000
129789  -1.422  -69.947  10.748 0.0000000000
9834  -0.909  -70.382  10.639 0.0000000000
9196  -0.743  -70.847  10.089 0.0000000000
114359  -0.856  -71.530  9.268 0.0000000000
9209  -1.173  -71.753  8.256 0.0000000000
8574  -1.157  -72.448  8.796 0.0000000000
7969  -1.289  -73.180  8.382 0.0000000000
117378  -0.996  -73.940  8.620 0.0000000000
7388  -0.730  -74.621  8.887 0.0000000000
7399  -0.656  -74.688  7.915 0.0000000000
6806  -0.244  -75.441  7.235 0.0000000000
6199  0.165  -76.097  6.700 0.0000000000
5657  0.502  -77.572  5.683 0.0000000000
1087  -7.468  -88.341  -4.894 0.0000000000
121198  -6.485  -88.366  -4.793 0.0000000000
1102  -7.842  -87.418  -5.384 0.0000000000
1430  -8.210  -86.449  -5.632 0.0000000000
1802  -7.572  -85.703  -5.802 0.0000000000
1804  -10.050  -85.218  -5.594 0.0000000000
1803  -9.269  -85.190  -5.825 0.0000000000
2232  -7.816  -84.713  -6.087 0.0000000000
2248  -8.426  -83.740  -6.208 0.0000000000
2696  -8.018  -82.999  -6.454 0.0000000000
3166  -8.614  -82.132  -6.640 0.0000000000
3665  -8.152  -81.519  -7.068 0.0000000000
3666  -9.171  -81.484  -6.953 0.0000000000
3683  -10.422  -81.744  -7.597 0.0000000000
2719  -10.861  -82.819  -8.281 0.0000000000
2708  -12.284  -83.356  -7.444 0.0000000000
2269  -11.648  -83.178  -7.948 0.0000000000
127399  -10.215  -83.510  -8.493 0.0000000000
2267  -9.874  -84.384  -8.364 0.0000000000
1473  -9.229  -86.130  -7.990 0.0000000000
1456  -8.897  -86.939  -7.761 0.0000000000
1130  -8.633  -87.785  -7.587 0.0000000000
1131  -9.478  -87.570  -7.457 0.0000000000
817  -10.001  -88.251  -7.097 0.0000000000
802  -10.579  -88.694  -6.575 0.0000000000
803  -11.350  -88.287  -6.344 0.0000000000
580  -11.060  -89.010  -6.003 0.0000000000
579  -10.219  -89.581  -6.212 0.0000000000
121423  -10.257  -90.272  -4.603 0.0000000000
377  -10.162  -90.909  -3.196 0.0000000000
125929  -1.191  -62.539  -8.777 0.0000000000
15853  -0.899  -62.266  -8.006 0.0000000000
129483  -0.727  -62.416  -7.253 0.0000000000
15841  -0.700  -61.494  -7.531 0.0000000000
16572  -0.536  -60.999  -7.027 0.0000000000
17395  -1.303  -60.195  -6.523 0.0000000000
16589  -2.473  -60.600  -7.093 0.0000000000
126342  -2.778  -60.801  -7.904 0.0000000000
130394  -3.151  -61.292  -7.009 0.0000000000
15821  -3.473  -62.499  -6.428 0.0000000000
15044  -3.603  -63.377  -6.711 0.0000000000
2851  -11.004  -82.931  -20.696 0.0000000000
127006  -11.045  -82.501  -22.096 0.0000000000
109953  -11.663  -82.053  -22.153 0.0000000000
3861  -11.988  -81.476  -22.226 0.0000000000
4387  -11.652  -80.713  -22.724 0.0000000000
4911  -12.447  -79.983  -21.385 0.0000000000
4923  -12.139  -80.339  -22.086 0.0000000000
4930  -11.000  -80.123  -23.156 0.0000000000
129426  -9.692  -78.213  -22.990 0.0000000000
2846  -27.563  -84.241  -19.937 0.0000000000
2427  -27.845  -84.497  -21.077 0.0000000000
2856  -27.952  -83.534  -20.858 0.0000000000
3331  -28.770  -82.199  -22.162 0.0000000000
3865  -28.149  -81.511  -22.671 0.0000000000
3853  -26.965  -80.919  -21.603 0.0000000000
4380  -27.646  -80.980  -22.677 0.0000000000
127026  -27.256  -81.242  -23.376 0.0000000000
116325  -26.375  -80.862  -24.010 0.0000000000
114298  -25.271  -80.513  -25.179 0.0000000000
4394  -25.009  -80.472  -25.260 0.0000000000
24821  -16.380  -51.531  -4.313 0.0000000000
117433  -18.308  -51.842  -5.002 0.0000000000
24831  -20.423  -51.454  -5.919 0.0000000000
23207  -20.144  -52.841  -7.134 0.0000000000
22331  -20.234  -53.517  -6.881 0.0000000000
23206  -19.588  -53.219  -7.457 0.0000000000
1265  -10.120  -88.170  -20.868 0.0000000000
1592  -11.156  -87.211  -20.082 0.0000000000
116694  -12.032  -86.478  -20.278 0.0000000000
1594  -12.790  -86.527  -19.072 0.0000000000
1957  -13.577  -85.810  -18.954 0.0000000000
130585  -13.970  -85.080  -19.294 0.0000000000
2406  -14.811  -84.687  -18.591 0.0000000000
2464  -24.267  -84.566  -25.237 0.0000000000
2466  -24.241  -84.781  -25.557 0.0000000000
2898  -23.898  -84.242  -25.881 0.0000000000
2908  -23.225  -83.584  -26.207 0.0000000000
2910  -22.995  -83.461  -26.996 0.0000000000
3890  -21.174  -81.654  -26.829 0.0000000000
3381  -21.774  -82.279  -27.106 0.0000000000
2913  -22.102  -83.359  -27.203 0.0000000000
2912  -21.210  -83.257  -27.396 0.0000000000
2911  -20.503  -82.772  -27.561 0.0000000000
121406  -19.931  -82.419  -27.665 0.0000000000
28214  -10.781  -46.745  -10.893 0.0000000000
29079  -9.703  -45.797  -10.843 0.0000000000
29106  -9.120  -45.465  -11.043 0.0000000000
28213  -8.644  -46.189  -10.712 0.0000000000
28248  -9.611  -46.592  -13.096 0.0000000000
21338  -21.388  -55.399  -0.167 0.0000000000
110752  -19.109  -57.498  2.253 0.0000000000
112020  -16.234  -55.719  3.313 0.0000000000
20434  -15.912  -55.295  3.273 0.0000000000
21287  -14.179  -55.304  3.624 0.0000000000
21295  -13.749  -55.113  3.445 0.0000000000
22212  -13.992  -54.911  3.083 0.0000000000
22221  -12.813  -54.859  2.103 0.0000000000
22247  -10.945  -54.495  -0.528 0.0000000000
22245  -8.789  -54.376  -1.363 0.0000000000
22244  -7.880  -54.556  -1.345 0.0000000000
21321  -9.157  -54.748  0.713 0.0000000000
22230  -8.486  -54.560  -0.352 0.0000000000
13364  -2.674  -65.390  3.467 0.0000000000
13385  -3.278  -64.968  2.791 0.0000000000
14136  -2.748  -64.204  2.577 0.0000000000
14914  -2.284  -63.420  2.380 0.0000000000
130423  -0.980  -63.719  2.823 0.0000000000
14913  -1.214  -63.185  2.488 0.0000000000
119018  -1.890  -62.583  2.188 0.0000000000
130143  -1.584  -61.907  1.924 0.0000000000
16471  -1.766  -61.147  1.603 0.0000000000
123457  -1.758  -60.468  1.179 0.0000000000
18102  -2.411  -59.697  0.545 0.0000000000
4057  -5.439  -79.176  2.791 0.0000000000
4599  -4.551  -78.984  3.003 0.0000000000
4077  -4.624  -79.763  1.714 0.0000000000
4056  -4.147  -80.065  2.476 0.0000000000
3524  -3.518  -80.926  3.108 0.0000000000
3523  -3.005  -81.861  3.973 0.0000000000
3032  -2.404  -83.044  4.689 0.0000000000
2576  -1.800  -83.443  5.071 0.0000000000
123861  -2.684  -83.478  2.899 0.0000000000
116524  -2.119  -84.054  2.476 0.0000000000
2133  -1.459  -84.357  1.890 0.0000000000
109053  -2.720  -83.261  0.171 0.0000000000
2616  -2.106  -84.300  0.625 0.0000000000
2150  -1.295  -84.775  0.520 0.0000000000
2162  -0.954  -84.925  -0.047 0.0000000000
2174  -0.925  -84.888  -1.058 0.0000000000
2189  -0.839  -84.824  -2.621 0.0000000000
3203  -3.438  -82.394  -11.897 0.0000000000
3194  -2.753  -82.569  -10.696 0.0000000000
3202  -2.810  -82.848  -11.567 0.0000000000
2747  -2.305  -83.885  -11.748 0.0000000000
115157  -1.471  -84.389  -11.252 0.0000000000
2326  -2.218  -84.737  -12.464 0.0000000000
2313  -1.575  -84.410  -11.983 0.0000000000
2312  -0.798  -84.318  -11.675 0.0000000000
14  -8.900  -93.956  -8.564 0.0000000000
13  -8.293  -93.547  -8.601 0.0000000000
114011  -10.147  -94.184  -10.110 0.0000000000
23  -11.922  -94.246  -9.944 0.0000000000
27  -11.555  -94.193  -11.099 0.0000000000
1106  -16.773  -87.905  -5.888 0.0000000000
118715  -16.655  -88.608  -5.793 0.0000000000
805  -16.725  -88.451  -6.462 0.0000000000
590  -17.206  -89.048  -6.870 0.0000000000
591  -18.238  -89.430  -7.065 0.0000000000
820  -18.781  -88.907  -7.682 0.0000000000
592  -19.508  -89.591  -7.082 0.0000000000
593  -20.638  -89.742  -7.112 0.0000000000
594  -21.444  -89.907  -7.470 0.0000000000
129607  -22.198  -90.534  -8.408 0.0000000000
597  -22.466  -89.661  -8.420 0.0000000000
606  -22.970  -89.538  -8.956 0.0000000000
839  -23.601  -88.884  -9.824 0.0000000000
847  -22.219  -87.932  -9.771 0.0000000000
848  -23.176  -88.318  -9.879 0.0000000000
849  -23.796  -88.555  -10.262 0.0000000000
1163  -24.240  -88.471  -10.815 0.0000000000
859  -25.093  -87.967  -11.840 0.0000000000
1186  -25.565  -87.679  -12.498 0.0000000000
1535  -26.183  -86.880  -13.556 0.0000000000
1523  -25.548  -86.954  -12.855 0.0000000000
121534  -24.820  -86.285  -13.296 0.0000000000
1904  -24.215  -85.701  -13.812 0.0000000000
1533  -22.831  -86.101  -13.161 0.0000000000
1903  -23.235  -85.629  -13.779 0.0000000000
1917  -23.702  -85.182  -14.389 0.0000000000
2361  -23.298  -84.643  -14.896 0.0000000000
2373  -22.763  -84.354  -15.396 0.0000000000
2816  -21.986  -84.017  -15.990 0.0000000000
115726  -17.615  -57.708  -1.923 0.0000000000
120574  -3.983  -51.648  -6.307 0.0000000000
18993  -4.150  -57.985  -7.958 0.0000000000
18997  -3.969  -58.284  -9.034 0.0000000000
19004  -3.981  -58.095  -9.861 0.0000000000
18231  -4.703  -59.133  -9.789 0.0000000000
19023  -4.334  -58.376  -10.149 0.0000000000
3847  -5.574  -81.664  -22.103 0.0000000000
122177  -4.707  -81.378  -22.592 0.0000000000
4361  -4.827  -81.202  -21.593 0.0000000000
4349  -4.233  -80.252  -21.331 0.0000000000
5435  -3.436  -78.538  -21.491 0.0000000000
4888  -4.164  -79.242  -19.825 0.0000000000
5953  -3.396  -77.975  -20.723 0.0000000000
5967  -3.236  -77.559  -21.892 0.0000000000
6563  -3.328  -76.206  -21.749 0.0000000000
7146  -3.302  -75.308  -21.629 0.0000000000
7728  -2.948  -74.436  -21.332 0.0000000000
8316  -1.697  -73.169  -20.681 0.0000000000
7712  -2.492  -73.648  -20.766 0.0000000000
7698  -2.835  -73.360  -20.221 0.0000000000
8285  -2.968  -72.802  -18.880 0.0000000000
7686  -3.463  -74.522  -18.348 0.0000000000
8286  -3.224  -73.676  -18.530 0.0000000000
120241  -2.866  -72.398  -18.292 0.0000000000
111018  -2.615  -71.979  -16.794 0.0000000000
8863  -2.738  -72.181  -15.562 0.0000000000
8854  -2.809  -71.820  -14.681 0.0000000000
15946  -4.534  -62.758  -16.764 0.0000000000
113698  -4.327  -63.722  -16.269 0.0000000000
14332  -4.219  -64.394  -16.420 0.0000000000
12906  -4.786  -65.916  -16.459 0.0000000000
12894  -5.203  -66.850  -16.310 0.0000000000
13604  -5.809  -65.557  -16.085 0.0000000000
13605  -6.769  -65.831  -15.476 0.0000000000
120561  -7.132  -66.448  -14.749 0.0000000000
14313  -8.013  -64.850  -14.873 0.0000000000
13589  -8.400  -65.650  -14.341 0.0000000000
12874  -7.847  -66.582  -14.148 0.0000000000
116419  -8.208  -66.748  -13.382 0.0000000000
116048  -8.239  -66.699  -11.999 0.0000000000
12831  -7.924  -66.446  -11.401 0.0000000000
13551  -7.780  -65.966  -10.587 0.0000000000
12822  -8.537  -66.377  -10.982 0.0000000000
13552  -8.812  -66.212  -10.311 0.0000000000
14284  -9.901  -65.249  -10.543 0.0000000000
24013  -18.243  -53.112  -4.577 0.0000000000
29034  -19.188  -47.293  -6.307 0.0000000000
111939  -18.500  -45.966  -6.315 0.0000000000
115725  -18.216  -47.800  -8.351 0.0000000000
120780  -18.655  -45.871  -7.279 0.0000000000
120168  -15.114  -46.875  -10.494 0.0000000000
27364  -11.852  -47.776  -10.963 0.0000000000
116597  -8.545  -47.473  -9.892 0.0000000000
19634  -14.774  -56.805  3.215 0.0000000000
19619  -13.088  -56.891  3.778 0.0000000000
111411  -11.392  -56.936  3.843 0.0000000000
12684  -5.320  -66.638  2.854 0.0000000000
12665  -4.356  -66.599  3.128 0.0000000000
9890  -3.642  -69.848  6.529 0.0000000000
10574  -3.998  -69.680  5.696 0.0000000000
11283  -3.502  -68.900  5.202 0.0000000000
111699  -2.238  -68.167  7.270 0.0000000000
127892  -2.632  -68.477  6.461 0.0000000000
11956  -3.414  -67.622  4.222 0.0000000000
12643  -3.046  -66.788  4.055 0.0000000000
12664  -3.304  -66.310  3.526 0.0000000000
12663  -2.169  -65.824  4.368 0.0000000000
13351  -1.141  -65.447  4.599 0.0000000000
12626  -0.595  -66.643  5.858 0.0000000000
12640  -0.571  -66.384  5.026 0.0000000000
12662  -0.516  -66.408  3.871 0.0000000000
109948  -0.705  -67.599  3.399 0.0000000000
11329  -1.077  -68.490  3.049 0.0000000000
9909  -1.454  -70.448  4.660 0.0000000000
111903  -1.826  -71.030  4.205 0.0000000000
127897  -2.025  -72.093  2.881 0.0000000000
8039  -1.670  -72.926  2.622 0.0000000000
8040  -1.520  -73.620  2.568 0.0000000000
8587  -1.529  -72.315  7.543 0.0000000000
108679  -1.725  -72.774  6.943 0.0000000000
7430  -1.590  -74.140  5.614 0.0000000000
8004  -1.976  -73.412  5.152 0.0000000000
118567  -1.864  -74.043  3.972 0.0000000000
8053  -1.270  -73.758  1.763 0.0000000000
7485  -1.305  -74.695  0.511 0.0000000000
116939  -1.638  -75.508  0.109 0.0000000000
6261  -1.238  -76.701  1.278 0.0000000000
6279  -1.726  -76.299  -0.210 0.0000000000
5742  -1.161  -77.279  -2.242 0.0000000000
125760  -0.811  -77.578  -2.916 0.0000000000
1086  -5.864  -87.520  -5.075 0.0000000000
1085  -4.996  -87.494  -4.601 0.0000000000
1800  -5.299  -85.144  -5.490 0.0000000000
1792  -4.348  -85.651  -4.178 0.0000000000
113445  -5.075  -78.475  -3.317 0.0000000000
5208  -4.535  -78.452  -3.428 0.0000000000
4127  -3.214  -79.375  -3.253 0.0000000000
4680  -3.465  -78.765  -4.185 0.0000000000
4700  -3.113  -78.856  -4.947 0.0000000000
4724  -2.990  -79.241  -6.746 0.0000000000
4739  -4.585  -79.343  -7.419 0.0000000000
119935  -3.766  -79.060  -7.236 0.0000000000
4737  -3.173  -79.546  -7.560 0.0000000000
4195  -2.906  -80.174  -8.070 0.0000000000
4207  -3.156  -80.160  -8.976 0.0000000000
4227  -3.847  -80.391  -10.342 0.0000000000
4198  -8.039  -80.431  -8.184 0.0000000000
4209  -8.080  -80.613  -8.985 0.0000000000
4219  -7.123  -80.382  -9.418 0.0000000000
3189  -8.531  -82.080  -9.265 0.0000000000
3706  -7.616  -80.951  -9.601 0.0000000000
4218  -6.334  -80.220  -9.855 0.0000000000
4230  -6.001  -80.761  -10.346 0.0000000000
126182  -4.488  -81.132  -10.988 0.0000000000
3727  -4.026  -81.674  -11.536 0.0000000000
3204  -4.160  -82.501  -12.160 0.0000000000
2748  -4.293  -83.596  -12.477 0.0000000000
2314  -4.483  -84.844  -11.349 0.0000000000
2281  -4.987  -84.699  -9.560 0.0000000000
2298  -4.547  -84.944  -10.311 0.0000000000
1864  -3.987  -85.497  -10.613 0.0000000000
1863  -3.295  -86.256  -10.639 0.0000000000
1488  -3.204  -86.941  -10.276 0.0000000000
840  -3.640  -87.999  -10.064 0.0000000000
111200  -3.691  -88.632  -9.303 0.0000000000
598  -3.749  -89.024  -9.055 0.0000000000
811  -4.157  -88.893  -7.475 0.0000000000
585  -4.078  -89.509  -7.650 0.0000000000
169  -6.184  -91.683  -7.554 0.0000000000
58  -7.336  -92.649  -7.700 0.0000000000
815  -8.305  -88.715  -7.451 0.0000000000
588  -7.416  -89.533  -7.252 0.0000000000
399  -6.860  -90.578  -6.950 0.0000000000
392  -8.202  -90.913  -6.615 0.0000000000
391  -7.456  -91.147  -6.768 0.0000000000
108317  -6.832  -91.512  -6.904 0.0000000000
114400  -7.004  -91.577  -7.100 0.0000000000
51  -7.539  -92.463  -7.255 0.0000000000
59  -7.772  -92.960  -7.295 0.0000000000
123008  -8.446  -93.459  -7.096 0.0000000000
123628  -9.892  -94.192  -7.768 0.0000000000
9  -10.379  -94.189  -7.271 0.0000000000
0  -9.624  -93.683  -5.813 0.0000000000
5  -10.916  -94.058  -6.668 0.0000000000
61  -13.239  -93.595  -7.477 0.0000000000
62  -14.328  -93.226  -7.861 0.0000000000
365  -19.752  -90.084  0.307 0.0000000000
530  -19.222  -89.304  -1.021 0.0000000000
128414  -20.664  -89.575  -2.035 0.0000000000
757  -18.720  -88.562  -2.361 0.0000000000
112393  -18.473  -88.311  -3.113 0.0000000000
1081  -18.199  -87.994  -3.955 0.0000000000
1093  -17.871  -87.677  -4.789 0.0000000000
1096  -20.553  -87.799  -4.866 0.0000000000
1110  -20.179  -87.318  -5.188 0.0000000000
1095  -19.795  -87.793  -4.586 0.0000000000
1107  -17.518  -87.395  -5.708 0.0000000000
1119  -17.216  -87.249  -6.544 0.0000000000
1133  -17.133  -87.422  -7.276 0.0000000000
113879  -17.391  -86.847  -8.100 0.0000000000
1148  -17.527  -86.839  -8.998 0.0000000000
1504  -18.541  -86.075  -11.431 0.0000000000
20505  -1.688  -56.749  -2.955 0.0000000000
20522  -1.777  -56.171  -3.238 0.0000000000
21372  -2.130  -55.669  -3.502 0.0000000000
19741  -2.083  -56.679  -5.216 0.0000000000
17376  -3.218  -59.909  -5.526 0.0000000000
18994  -4.693  -58.425  -7.092 0.0000000000
18220  -5.083  -60.211  -7.516 0.0000000000
110812  -5.358  -60.712  -8.179 0.0000000000
17411  -5.853  -61.165  -8.260 0.0000000000
127929  -5.930  -85.044  -21.431 0.0000000000
2438  -5.150  -84.541  -22.815 0.0000000000
2440  -7.181  -84.881  -23.260 0.0000000000
2439  -6.053  -84.628  -23.395 0.0000000000
2450  -5.121  -84.197  -23.929 0.0000000000
2880  -5.465  -83.384  -24.868 0.0000000000
3362  -5.621  -82.843  -25.050 0.0000000000
3870  -5.868  -82.313  -23.968 0.0000000000
2870  -10.405  -83.001  -22.576 0.0000000000
2882  -9.594  -83.007  -24.203 0.0000000000
2891  -9.306  -82.584  -24.683 0.0000000000
3886  -9.711  -81.795  -25.087 0.0000000000
3371  -8.823  -82.071  -24.972 0.0000000000
2902  -8.256  -82.822  -24.639 0.0000000000
129453  -7.606  -82.636  -24.854 0.0000000000
3871  -7.137  -82.077  -24.110 0.0000000000
3859  -6.191  -82.041  -22.791 0.0000000000
3848  -6.288  -81.469  -22.048 0.0000000000
4363  -6.347  -80.772  -21.479 0.0000000000
115481  -6.499  -79.507  -21.220 0.0000000000
5457  -5.846  -78.525  -23.615 0.0000000000
125755  -6.344  -78.756  -21.579 0.0000000000
124052  -6.457  -78.672  -20.732 0.0000000000
6543  -6.132  -76.980  -20.571 0.0000000000
6542  -5.611  -76.133  -20.954 0.0000000000
7129  -5.839  -75.404  -20.390 0.0000000000
1971  -23.905  -85.885  -21.307 0.0000000000
1998  -24.439  -85.742  -23.155 0.0000000000
113344  -25.211  -85.438  -24.199 0.0000000000
116642  -25.313  -85.018  -24.610 0.0000000000
2436  -27.740  -84.481  -22.127 0.0000000000
2449  -27.432  -84.807  -22.971 0.0000000000
2448  -27.093  -84.762  -23.422 0.0000000000
2876  -27.053  -83.635  -22.992 0.0000000000
2447  -26.630  -84.795  -23.694 0.0000000000
2446  -26.079  -84.736  -23.772 0.0000000000
2459  -25.517  -84.945  -24.458 0.0000000000
2458  -24.833  -84.683  -24.436 0.0000000000
2457  -23.795  -84.427  -24.099 0.0000000000
2896  -22.132  -83.203  -23.980 0.0000000000
3356  -21.540  -82.214  -23.458 0.0000000000
3874  -20.998  -81.464  -23.516 0.0000000000
4390  -20.092  -80.328  -23.845 0.0000000000
4925  -24.745  -79.456  -24.424 0.0000000000
5473  -24.243  -78.862  -24.249 0.0000000000
4936  -25.201  -80.100  -25.562 0.0000000000
109645  -24.693  -80.218  -25.809 0.0000000000
27296  -19.519  -48.429  -5.772 0.0000000000
27308  -19.776  -48.548  -6.322 0.0000000000
25653  -19.065  -50.208  -7.937 0.0000000000
121311  -20.002  -51.186  -7.210 0.0000000000
121230  -19.317  -51.036  -7.739 0.0000000000
782  -9.056  -88.525  -4.095 0.0000000000
1089  -9.768  -87.713  -4.414 0.0000000000
1424  -10.480  -86.893  -4.594 0.0000000000
1415  -11.584  -86.556  -3.341 0.0000000000
1425  -11.334  -86.313  -4.192 0.0000000000
1785  -12.115  -85.696  -3.717 0.0000000000
2210  -13.439  -84.833  -3.790 0.0000000000
2212  -14.355  -85.132  -3.709 0.0000000000
127407  -14.638  -86.270  -3.844 0.0000000000
1417  -14.648  -85.740  -3.375 0.0000000000
1070  -14.772  -86.720  -2.219 0.0000000000
123593  -14.762  -87.471  -2.083 0.0000000000
108193  -14.515  -86.785  -0.567 0.0000000000
1062  -14.896  -87.125  -1.294 0.0000000000
118917  -14.996  -87.815  -0.789 0.0000000000
503  -13.759  -90.272  1.754 0.0000000000
119428  -14.506  -88.617  2.067 0.0000000000
125945  -14.042  -89.815  2.140 0.0000000000
14274  -1.282  -64.335  -10.378 0.0000000000
15070  -1.646  -63.318  -10.886 0.0000000000
15083  -1.759  -63.505  -11.785 0.0000000000
15900  -2.264  -62.955  -12.309 0.0000000000
1606  -6.988  -86.463  -20.714 0.0000000000
1590  -7.290  -86.885  -20.025 0.0000000000
1965  -7.427  -86.177  -20.833 0.0000000000
2413  -8.473  -85.305  -20.181 0.0000000000
2424  -10.100  -83.921  -20.060 0.0000000000
931  -10.042  -88.477  -19.130 0.0000000000
1230  -9.926  -87.836  -17.856 0.0000000000
1568  -9.509  -87.270  -17.818 0.0000000000
1570  -11.258  -87.080  -17.542 0.0000000000
1939  -10.793  -86.182  -17.567 0.0000000000
1938  -9.929  -86.509  -17.744 0.0000000000
2403  -9.791  -85.073  -18.875 0.0000000000
2415  -10.114  -84.361  -19.341 0.0000000000
110549  -10.653  -83.389  -20.124 0.0000000000
2838  -11.374  -83.019  -19.797 0.0000000000
3311  -12.168  -82.305  -19.878 0.0000000000
3320  -13.256  -81.414  -19.767 0.0000000000
3305  -13.350  -82.270  -18.006 0.0000000000
124829  -14.182  -80.369  -19.122 0.0000000000
4883  -14.757  -79.514  -18.011 0.0000000000
2023  -24.036  -84.900  -25.692 0.0000000000
121797  -22.929  -85.848  -24.804 0.0000000000
1653  -22.074  -86.234  -24.644 0.0000000000
1659  -21.618  -86.145  -25.561 0.0000000000
120586  -20.979  -86.950  -23.884 0.0000000000
1286  -20.494  -87.300  -23.546 0.0000000000
1285  -19.760  -87.629  -23.195 0.0000000000
965  -19.033  -88.102  -23.115 0.0000000000
971  -18.392  -88.383  -23.659 0.0000000000
120761  -17.650  -88.559  -24.066 0.0000000000
974  -17.347  -88.328  -24.939 0.0000000000
1299  -18.289  -87.089  -26.374 0.0000000000
1290  -17.000  -87.872  -25.721 0.0000000000
127746  -16.624  -88.327  -25.107 0.0000000000
1656  -14.969  -86.253  -26.106 0.0000000000
2016  -14.463  -85.954  -25.729 0.0000000000
5493  -18.066  -78.828  -25.643 0.0000000000
4954  -18.003  -79.575  -25.501 0.0000000000
4408  -17.169  -80.194  -26.366 0.0000000000
4415  -17.768  -80.907  -26.550 0.0000000000
3379  -18.514  -81.931  -26.800 0.0000000000
2909  -19.342  -82.666  -26.746 0.0000000000
4412  -15.166  -80.904  -26.520 0.0000000000
4407  -14.708  -81.375  -26.062 0.0000000000
3891  -15.163  -81.849  -26.313 0.0000000000
3892  -15.758  -82.056  -26.394 0.0000000000
3374  -18.200  -82.551  -26.219 0.0000000000
2895  -19.211  -84.153  -25.237 0.0000000000
2012  -19.341  -85.140  -24.614 0.0000000000
2011  -19.068  -85.552  -25.042 0.0000000000
2456  -18.750  -85.054  -23.504 0.0000000000
1651  -18.458  -85.847  -24.408 0.0000000000
1650  -17.597  -85.996  -25.038 0.0000000000
124746  -16.648  -85.836  -25.463 0.0000000000
2009  -15.024  -85.738  -25.520 0.0000000000
2008  -13.980  -85.702  -25.048 0.0000000000
1631  -14.003  -85.550  -24.040 0.0000000000
1994  -14.252  -85.751  -22.822 0.0000000000
1982  -14.617  -85.583  -21.689 0.0000000000
1983  -15.927  -85.619  -21.244 0.0000000000
111033  -14.936  -85.070  -20.838 0.0000000000
1959  -15.286  -84.838  -20.055 0.0000000000
2416  -15.483  -84.596  -19.245 0.0000000000
2407  -15.485  -84.301  -18.252 0.0000000000
3321  -17.541  -82.330  -20.250 0.0000000000
3313  -17.499  -82.750  -19.554 0.0000000000
2834  -17.255  -83.032  -18.712 0.0000000000
2833  -16.643  -83.462  -18.091 0.0000000000
2832  -15.897  -83.813  -17.606 0.0000000000
2814  -15.657  -83.063  -16.165 0.0000000000
3285  -16.143  -82.356  -15.900 0.0000000000
29093  -12.396  -46.121  -11.447 0.0000000000
118660  -19.112  -51.582  -0.410 0.0000000000
21354  -18.798  -55.327  -1.381 0.0000000000
23152  -20.593  -53.510  -0.663 0.0000000000
20467  -19.742  -56.140  1.500 0.0000000000
19638  -18.728  -56.527  2.606 0.0000000000
19639  -19.026  -55.845  2.463 0.0000000000
21310  -17.350  -55.408  2.765 0.0000000000
21311  -18.030  -55.584  2.644 0.0000000000
20454  -18.636  -55.626  2.396 0.0000000000
20479  -14.659  -56.502  -0.249 0.0000000000
20496  -14.151  -56.479  -1.557 0.0000000000
18835  -13.082  -58.137  3.563 0.0000000000
19617  -10.557  -57.349  3.852 0.0000000000
14138  -4.837  -64.517  2.397 0.0000000000
124672  -5.684  -63.491  2.403 0.0000000000
115022  -6.329  -63.034  2.502 0.0000000000
15715  -6.361  -62.216  2.534 0.0000000000
18064  -9.488  -59.699  4.180 0.0000000000
18062  -7.765  -59.582  3.264 0.0000000000
109956  -9.296  -58.993  4.061 0.0000000000
108594  -9.603  -58.251  3.942 0.0000000000
19616  -9.699  -57.449  3.662 0.0000000000
19632  -9.142  -56.798  3.048 0.0000000000
115558  -8.380  -56.489  2.315 0.0000000000
20450  -7.088  -56.119  1.264 0.0000000000
124970  -5.628  -56.901  1.067 0.0000000000
125261  -5.670  -56.325  0.536 0.0000000000
20462  -5.777  -55.790  0.003 0.0000000000
5132  -2.470  -78.049  3.516 0.0000000000
6165  -0.180  -77.052  9.897 0.0000000000
5069  0.100  -79.239  8.984 0.0000000000
5625  0.184  -78.157  8.886 0.0000000000
121204  0.352  -77.739  7.898 0.0000000000
5635  0.481  -77.971  7.224 0.0000000000
124912  0.496  -77.483  6.521 0.0000000000
5121  0.540  -78.105  4.937 0.0000000000
2564  -0.856  -83.451  5.286 0.0000000000
3031  -0.588  -83.201  4.681 0.0000000000
4046  0.047  -81.549  4.664 0.0000000000
3061  -0.722  -83.384  2.659 0.0000000000
3522  -0.364  -82.276  4.005 0.0000000000
4053  0.171  -80.356  4.134 0.0000000000
4595  0.011  -79.455  3.457 0.0000000000
5131  0.235  -78.614  3.663 0.0000000000
5142  -0.288  -78.753  2.061 0.0000000000
5150  -0.461  -78.709  1.241 0.0000000000
5164  -0.585  -78.605  0.384 0.0000000000
113793  -0.144  -80.547  -0.742 0.0000000000
4649  -0.373  -79.774  -0.816 0.0000000000
126861  -0.564  -79.058  -0.824 0.0000000000
110498  -0.385  -78.868  -2.423 0.0000000000
113167  -0.398  -78.311  -3.231 0.0000000000
4141  -2.678  -80.238  -3.753 0.0000000000
3618  -2.586  -81.583  -3.850 0.0000000000
3131  -2.601  -82.534  -3.257 0.0000000000
113136  -2.570  -81.999  -5.453 0.0000000000
109579  -2.567  -82.690  -4.751 0.0000000000
3144  -2.519  -83.112  -3.796 0.0000000000
2665  -2.250  -84.208  -3.424 0.0000000000
2207  -1.055  -84.980  -3.291 0.0000000000
2206  -0.716  -84.812  -3.339 0.0000000000
112670  -2.583  -83.457  -9.188 0.0000000000
2715  -2.592  -83.520  -8.458 0.0000000000
2254  -1.997  -84.467  -7.312 0.0000000000
2262  -0.469  -84.252  -8.400 0.0000000000
1823  -1.248  -84.535  -7.396 0.0000000000
1812  -1.007  -85.023  -6.516 0.0000000000
127263  -0.613  -85.015  -5.662 0.0000000000
2215  -0.247  -84.707  -4.607 0.0000000000
2205  -0.213  -84.446  -3.817 0.0000000000
2676  0.222  -83.452  -4.031 0.0000000000
3143  0.443  -82.374  -4.164 0.0000000000
116182  0.525  -81.362  -4.219 0.0000000000
3659  0.454  -81.464  -6.764 0.0000000000
3645  0.513  -81.396  -5.823 0.0000000000
4160  0.463  -80.579  -4.304 0.0000000000
113366  0.385  -80.086  -4.909 0.0000000000
70  -8.525  -93.477  -9.869 0.0000000000
1078  -14.285  -87.136  -3.764 0.0000000000
768  -13.407  -88.088  -4.073 0.0000000000
564  -12.551  -88.863  -3.944 0.0000000000
542  -13.311  -89.066  -2.089 0.0000000000
554  -12.268  -89.346  -3.245 0.0000000000
378  -10.926  -90.202  -3.484 0.0000000000
119548  -10.683  -90.650  -2.726 0.0000000000
250  -10.187  -91.588  -3.092 0.0000000000
245  -11.816  -91.664  -0.677 0.0000000000
124016  -11.474  -91.495  -1.157 0.0000000000
120  -11.049  -91.968  -2.211 0.0000000000
128  -10.464  -92.077  -3.076 0.0000000000
39  -10.654  -92.441  -3.605 0.0000000000
151  -12.420  -92.661  -5.270 0.0000000000
152  -13.304  -92.354  -5.581 0.0000000000
161  -13.567  -92.603  -6.455 0.0000000000
171  -14.760  -92.762  -7.429 0.0000000000
364  -18.733  -90.128  0.366 0.0000000000
363  -17.894  -90.313  -0.133 0.0000000000
371  -17.574  -90.832  -0.852 0.0000000000
117200  -17.687  -89.530  -1.406 0.0000000000
107968  -17.574  -90.331  -1.431 0.0000000000
246  -17.323  -91.390  -1.180 0.0000000000
249  -17.381  -91.660  -1.968 0.0000000000
573  -16.689  -89.094  -5.296 0.0000000000
566  -16.979  -89.513  -4.652 0.0000000000
387  -18.311  -90.481  -5.353 0.0000000000
382  -18.615  -91.030  -4.776 0.0000000000
144  -16.947  -92.515  -4.330 0.0000000000
120010  -16.905  -92.525  -5.230 0.0000000000
111338  -18.148  -92.367  -5.873 0.0000000000
115370  -17.154  -92.518  -6.152 0.0000000000
164  -16.288  -92.438  -6.876 0.0000000000
172  -15.561  -92.552  -7.547 0.0000000000
179  -15.652  -92.640  -8.362 0.0000000000
128145  -15.910  -92.439  -8.899 0.0000000000
187  -16.876  -92.052  -9.427 0.0000000000
110706  -18.998  -91.861  -9.225 0.0000000000
189  -18.215  -91.515  -9.885 0.0000000000
279  -22.220  -90.883  -8.876 0.0000000000
291  -22.025  -91.009  -9.765 0.0000000000
127446  -21.378  -91.019  -10.414 0.0000000000
430  -23.078  -90.211  -10.921 0.0000000000
429  -22.022  -90.596  -10.807 0.0000000000
1587  -26.557  -86.453  -18.480 0.0000000000
1603  -27.109  -85.768  -18.706 0.0000000000
113826  -27.300  -84.908  -19.107 0.0000000000
1536  -26.565  -86.840  -14.153 0.0000000000
1551  -26.676  -86.542  -14.955 0.0000000000
1935  -27.012  -85.736  -16.513 0.0000000000
2376  -25.564  -84.751  -15.792 0.0000000000
1934  -26.357  -85.008  -16.309 0.0000000000
2421  -27.165  -84.393  -19.162 0.0000000000
2845  -26.916  -83.810  -19.525 0.0000000000
2854  -26.268  -82.999  -20.086 0.0000000000
2843  -24.278  -83.986  -19.683 0.0000000000
2853  -24.849  -83.165  -20.025 0.0000000000
25668  -5.980  -49.405  -9.076 0.0000000000
26493  -6.340  -49.044  -9.532 0.0000000000
26507  -6.279  -49.266  -10.095 0.0000000000
126297  -6.662  -49.228  -10.683 0.0000000000
21383  -2.487  -55.203  -4.086 0.0000000000
22310  -2.846  -54.220  -5.182 0.0000000000
22311  -2.946  -54.051  -6.042 0.0000000000
23200  -3.583  -52.804  -7.137 0.0000000000
123100  -3.949  -52.789  -8.161 0.0000000000
20592  -3.806  -57.028  -8.656 0.0000000000
111130  -3.737  -56.265  -8.869 0.0000000000
108227  -3.817  -55.564  -9.087 0.0000000000
118457  -5.368  -51.956  -10.040 0.0000000000
24073  -5.464  -53.106  -10.740 0.0000000000
128401  -7.612  -51.416  -13.386 0.0000000000
4372  -3.230  -80.065  -23.563 0.0000000000
10142  -1.239  -70.487  -18.890 0.0000000000
127716  -0.216  -68.117  -14.377 0.0000000000
12851  -0.775  -66.760  -13.824 0.0000000000
12852  -1.267  -66.048  -14.336 0.0000000000
116789  -1.224  -67.326  -15.530 0.0000000000
13568  -1.312  -65.461  -13.753 0.0000000000
15101  -1.967  -64.101  -13.775 0.0000000000
125084  -2.145  -63.580  -13.076 0.0000000000
15913  -2.575  -63.202  -12.822 0.0000000000
6578  -8.466  -76.327  -22.394 0.0000000000
7163  -7.872  -75.845  -22.997 0.0000000000
7162  -7.474  -75.664  -23.872 0.0000000000
7176  -6.469  -75.523  -24.833 0.0000000000
7175  -5.809  -75.415  -24.823 0.0000000000
7174  -5.175  -75.063  -24.402 0.0000000000
8373  -4.645  -73.321  -24.560 0.0000000000
7759  -4.231  -73.815  -23.935 0.0000000000
7742  -4.666  -75.009  -23.006 0.0000000000
7730  -4.760  -74.618  -22.292 0.0000000000
114421  -5.100  -74.290  -21.428 0.0000000000
8318  -5.476  -73.904  -20.443 0.0000000000
10201  -3.523  -70.621  -21.737 0.0000000000
10180  -3.527  -69.363  -20.720 0.0000000000
10181  -3.587  -70.218  -21.067 0.0000000000
112294  -4.006  -70.921  -21.221 0.0000000000
9552  -5.054  -72.226  -20.466 0.0000000000
111305  -5.660  -73.165  -19.794 0.0000000000
8300  -6.103  -73.929  -19.360 0.0000000000
8287  -6.151  -73.204  -18.671 0.0000000000
130796  -6.114  -73.393  -17.484 0.0000000000
8261  -5.331  -73.346  -16.640 0.0000000000
9507  -5.599  -71.332  -17.216 0.0000000000
9499  -5.510  -71.681  -16.369 0.0000000000
8886  -4.837  -72.991  -16.083 0.0000000000
8865  -4.326  -72.664  -15.455 0.0000000000
9466  -3.235  -71.867  -14.326 0.0000000000
9453  -2.896  -71.335  -13.969 0.0000000000
12200  -5.605  -67.204  -15.652 0.0000000000
12199  -5.450  -67.774  -15.674 0.0000000000
12173  -5.341  -68.595  -14.623 0.0000000000
12157  -5.746  -68.199  -13.349 0.0000000000
11491  -5.240  -68.721  -13.582 0.0000000000
115682  -4.966  -69.420  -13.785 0.0000000000
10796  -4.259  -70.195  -13.138 0.0000000000
10072  -3.391  -70.263  -12.817 0.0000000000
10071  -2.842  -70.148  -12.903 0.0000000000
11481  -2.588  -68.525  -13.247 0.0000000000
12828  -4.165  -66.660  -11.539 0.0000000000
12844  -3.523  -66.440  -12.180 0.0000000000
12854  -3.348  -65.641  -12.970 0.0000000000
14289  -3.636  -64.063  -13.071 0.0000000000
15092  -3.594  -63.441  -12.792 0.0000000000
15883  -3.273  -62.151  -11.804 0.0000000000
16634  -3.864  -62.249  -11.278 0.0000000000
16622  -4.008  -62.028  -10.629 0.0000000000
15863  -5.260  -62.951  -10.070 0.0000000000
15862  -4.577  -62.539  -9.490 0.0000000000
15856  -4.359  -62.733  -8.574 0.0000000000
15843  -3.871  -63.117  -7.660 0.0000000000
15045  -3.950  -64.034  -7.102 0.0000000000
15026  -3.673  -64.180  -6.130 0.0000000000
13535  -7.343  -65.990  -7.521 0.0000000000
14252  -6.362  -65.539  -7.283 0.0000000000
14251  -5.341  -65.203  -6.995 0.0000000000
130716  -4.037  -64.704  -5.995 0.0000000000
14224  -4.072  -64.399  -5.723 0.0000000000
15016  -5.159  -63.804  -5.358 0.0000000000
15814  -5.886  -63.243  -5.697 0.0000000000
15823  -6.360  -62.683  -6.312 0.0000000000
16576  -6.697  -62.250  -7.112 0.0000000000
16592  -7.114  -61.820  -7.809 0.0000000000
16604  -7.582  -61.183  -8.221 0.0000000000
1  -8.155  -93.258  -7.176 0.0000000000
7  -8.467  -93.597  -7.685 0.0000000000
8  -9.181  -94.020  -7.758 0.0000000000
10  -11.266  -94.220  -7.523 0.0000000000
20  -8.266  -93.445  -9.288 0.0000000000
48  -9.760  -93.265  -5.173 0.0000000000
56  -13.051  -93.268  -6.879 0.0000000000
68  -7.295  -92.686  -9.518 0.0000000000
112  -11.520  -91.864  -1.355 0.0000000000
119  -10.673  -91.684  -2.539 0.0000000000
149  -8.291  -92.504  -6.204 0.0000000000
159  -7.704  -92.193  -6.893 0.0000000000
167  -18.982  -92.172  -6.930 0.0000000000
168  -19.627  -91.448  -6.672 0.0000000000
170  -6.969  -92.124  -7.555 0.0000000000
175  -18.990  -92.239  -7.620 0.0000000000
178  -6.611  -92.235  -8.036 0.0000000000
184  -20.266  -91.909  -8.445 0.0000000000
252  -8.980  -91.652  -4.527 0.0000000000
256  -8.517  -91.986  -5.323 0.0000000000
265  -21.044  -91.000  -7.443 0.0000000000
369  -11.247  -91.033  -1.322 0.0000000000
389  -19.548  -90.935  -6.067 0.0000000000
394  -9.541  -90.262  -6.098 0.0000000000
398  -4.442  -90.236  -7.378 0.0000000000
400  -7.884  -90.345  -7.115 0.0000000000
404  -22.089  -90.118  -7.977 0.0000000000
413  -23.135  -90.098  -9.412 0.0000000000
556  -16.894  -88.940  -4.068 0.0000000000
565  -16.724  -88.959  -4.618 0.0000000000
576  -4.559  -89.699  -7.124 0.0000000000
627  -24.648  -89.092  -12.028 0.0000000000
719  -14.408  -88.617  2.720 0.0000000000
794  -16.748  -88.494  -5.178 0.0000000000
801  -9.842  -89.064  -6.844 0.0000000000
830  -3.473  -87.970  -9.327 0.0000000000
838  -23.159  -88.930  -9.297 0.0000000000
858  -24.690  -88.359  -11.377 0.0000000000
894  -26.518  -87.526  -14.365 0.0000000000
919  -10.249  -88.064  -18.287 0.0000000000
950  -10.661  -88.638  -21.554 0.0000000000
1051  -14.984  -87.386  -0.374 0.0000000000
1088  -8.426  -88.130  -4.874 0.0000000000
1091  -13.144  -87.838  -4.947 0.0000000000
1116  -11.703  -87.495  -6.597 0.0000000000
1126  -4.320  -88.187  -7.414 0.0000000000
1153  -3.398  -87.468  -9.839 0.0000000000
1208  -26.813  -87.087  -14.445 0.0000000000
1244  -11.672  -87.396  -18.251 0.0000000000
1271  -10.397  -88.060  -21.520 0.0000000000
1281  -12.270  -86.108  -23.864 0.0000000000
1294  -20.358  -87.043  -24.634 0.0000000000
1295  -14.986  -87.002  -25.869 0.0000000000
1296  -15.745  -86.792  -26.141 0.0000000000
1298  -17.497  -87.171  -26.291 0.0000000000
1302  -16.410  -86.410  -26.322 0.0000000000
1414  -10.891  -87.116  -3.729 0.0000000000
1421  -5.275  -86.662  -5.078 0.0000000000
1428  -5.520  -85.946  -5.369 0.0000000000
1429  -7.249  -86.607  -5.610 0.0000000000
1459  -11.632  -86.078  -7.338 0.0000000000
1472  -8.276  -86.246  -8.105 0.0000000000
1479  -3.313  -87.239  -9.380 0.0000000000
1481  -3.524  -86.323  -8.995 0.0000000000
1489  -3.257  -86.680  -9.574 0.0000000000
1550  -26.034  -86.250  -14.207 0.0000000000
1569  -10.449  -87.097  -17.528 0.0000000000
1579  -12.434  -86.863  -18.194 0.0000000000
1619  -7.052  -86.054  -21.294 0.0000000000
1621  -12.464  -85.790  -21.997 0.0000000000
1628  -11.868  -86.473  -22.637 0.0000000000
1634  -17.822  -86.225  -23.002 0.0000000000
1647  -13.355  -86.161  -25.248 0.0000000000
1648  -14.206  -86.323  -25.685 0.0000000000
1649  -15.909  -85.796  -25.033 0.0000000000
1657  -18.177  -85.794  -25.843 0.0000000000
1658  -19.752  -86.471  -26.285 0.0000000000
1662  -17.908  -86.478  -26.621 0.0000000000
1663  -18.340  -86.236  -26.730 0.0000000000
1780  -13.217  -85.462  -2.575 0.0000000000
1787  -13.842  -85.026  -3.193 0.0000000000
1791  -1.097  -85.222  -5.024 0.0000000000
1807  -14.128  -85.394  -5.871 0.0000000000
1808  -14.322  -85.222  -5.256 0.0000000000
1811  -0.700  -84.461  -7.172 0.0000000000
1815  -14.049  -84.855  -5.834 0.0000000000
1826  -12.100  -84.981  -7.575 0.0000000000
1827  -13.024  -84.888  -7.201 0.0000000000
1838  -0.897  -84.215  -7.882 0.0000000000
1839  -4.340  -85.987  -8.528 0.0000000000
1843  -9.547  -85.306  -8.179 0.0000000000
1844  -10.451  -84.945  -8.070 0.0000000000
1887  -3.741  -85.441  -11.631 0.0000000000
1928  -26.583  -85.771  -15.729 0.0000000000
1933  -13.194  -84.953  -16.937 0.0000000000
1944  -27.276  -85.740  -17.167 0.0000000000
1951  -14.082  -85.067  -18.454 0.0000000000
1975  -27.719  -84.956  -21.755 0.0000000000
1990  -6.673  -85.044  -22.536 0.0000000000
1991  -7.105  -85.295  -22.404 0.0000000000
2001  -27.030  -85.386  -23.151 0.0000000000
2002  -27.189  -85.125  -23.278 0.0000000000
2004  -18.944  -85.405  -23.934 0.0000000000
2013  -23.625  -85.419  -25.394 0.0000000000
2024  -24.418  -84.927  -25.413 0.0000000000
2031  -23.537  -84.597  -26.333 0.0000000000
2032  -20.239  -85.256  -27.124 0.0000000000
2034  -21.547  -84.694  -27.343 0.0000000000
2035  -22.357  -84.546  -27.206 0.0000000000
2132  -1.106  -84.282  1.920 0.0000000000
2137  -0.934  -84.363  1.644 0.0000000000
2139  -1.405  -84.608  1.163 0.0000000000
2149  -0.943  -84.821  0.738 0.0000000000
2163  -1.537  -84.654  0.015 0.0000000000
2173  -0.846  -84.799  -1.785 0.0000000000
2175  -1.469  -84.688  -0.671 0.0000000000
2190  -1.110  -84.847  -2.150 0.0000000000
2191  -1.850  -84.463  -2.015 0.0000000000
2208  -1.553  -84.883  -3.791 0.0000000000
2216  -0.694  -85.031  -4.763 0.0000000000
2220  -12.544  -84.594  -4.764 0.0000000000
2221  -13.385  -84.602  -4.460 0.0000000000
2222  -13.826  -84.574  -4.863 0.0000000000
2223  -14.314  -84.900  -4.574 0.0000000000
2226  -0.257  -84.812  -5.258 0.0000000000
2228  -2.162  -84.595  -5.084 0.0000000000
2233  -8.858  -84.524  -6.002 0.0000000000
2235  -11.497  -84.007  -5.600 0.0000000000
2244  -1.604  -84.773  -6.781 0.0000000000
2246  -6.515  -84.375  -6.232 0.0000000000
2250  -13.624  -84.543  -6.351 0.0000000000
2253  -0.353  -84.303  -7.267 0.0000000000
2258  -13.221  -84.269  -6.879 0.0000000000
2261  -0.228  -84.200  -8.085 0.0000000000
2264  -2.082  -84.201  -8.706 0.0000000000
2266  -8.005  -84.494  -8.643 0.0000000000
2268  -10.888  -83.889  -8.249 0.0000000000
2282  -5.367  -84.130  -9.707 0.0000000000
2283  -6.612  -83.741  -9.186 0.0000000000
2295  -0.159  -84.590  -10.155 0.0000000000
2315  -4.906  -83.962  -11.654 0.0000000000
2328  -4.084  -84.603  -12.394 0.0000000000
2389  -11.149  -85.261  -17.690 0.0000000000
2391  -13.741  -84.825  -17.059 0.0000000000
2392  -14.474  -84.659  -17.598 0.0000000000
2417  -17.293  -84.014  -19.913 0.0000000000
2425  -16.344  -84.725  -19.941 0.0000000000
2426  -17.113  -84.561  -20.329 0.0000000000
2430  -8.218  -84.871  -21.722 0.0000000000
2431  -9.014  -84.137  -21.639 0.0000000000
2433  -26.596  -84.403  -23.457 0.0000000000
2434  -27.060  -84.249  -23.255 0.0000000000
2435  -27.452  -84.028  -22.756 0.0000000000
2443  -18.141  -85.213  -22.766 0.0000000000
2453  -7.450  -84.446  -24.056 0.0000000000
2461  -6.740  -83.920  -24.740 0.0000000000
2462  -7.328  -84.017  -24.613 0.0000000000
2465  -19.527  -84.800  -25.664 0.0000000000
2469  -23.638  -84.042  -26.507 0.0000000000
2471  -21.059  -84.276  -27.425 0.0000000000
2574  -0.933  -83.591  4.576 0.0000000000
2575  -1.344  -83.586  4.845 0.0000000000
2592  -2.006  -83.576  4.334 0.0000000000
2611  -2.162  -84.189  1.605 0.0000000000
2637  -2.150  -84.262  -1.186 0.0000000000
2648  -0.372  -84.457  -2.137 0.0000000000
2663  0.070  -83.787  -3.370 0.0000000000
2682  0.168  -84.184  -5.331 0.0000000000
2683  -2.497  -83.748  -5.299 0.0000000000
2689  -13.002  -83.773  -5.897 0.0000000000
2694  -5.566  -83.248  -6.344 0.0000000000
2698  -10.041  -82.549  -6.345 0.0000000000
2701  -12.589  -83.422  -6.551 0.0000000000
2710  -12.776  -83.595  -6.950 0.0000000000
2714  0.340  -83.485  -8.602 0.0000000000
2717  -8.454  -83.626  -8.854 0.0000000000
2725  -6.442  -83.021  -9.621 0.0000000000
2733  -2.349  -83.636  -11.022 0.0000000000
2761  -3.003  -84.024  -12.593 0.0000000000
2811  -13.358  -84.024  -16.720 0.0000000000
2819  -12.889  -83.837  -17.009 0.0000000000
2821  -15.537  -83.598  -16.793 0.0000000000
2822  -16.246  -83.305  -17.054 0.0000000000
2861  -10.633  -82.918  -21.493 0.0000000000
2863  -28.402  -82.991  -22.390 0.0000000000
2878  -4.128  -82.834  -24.079 0.0000000000
2887  -4.881  -82.745  -24.663 0.0000000000
2888  -6.330  -83.439  -25.143 0.0000000000
2892  -10.196  -82.479  -24.470 0.0000000000
2901  -7.342  -83.204  -25.044 0.0000000000
2903  -9.197  -82.371  -24.792 0.0000000000
3018  -0.750  -83.190  6.039 0.0000000000
3019  -1.164  -83.032  6.243 0.0000000000
3046  -2.881  -83.099  3.684 0.0000000000
3086  -0.306  -82.877  0.897 0.0000000000
3130  0.324  -82.859  -3.428 0.0000000000
3160  0.489  -82.272  -6.276 0.0000000000
3165  -7.519  -82.344  -6.762 0.0000000000
3174  -2.696  -83.130  -7.856 0.0000000000
3176  -11.857  -82.777  -7.415 0.0000000000
3183  -10.464  -82.034  -8.203 0.0000000000
3185  0.474  -82.897  -9.789 0.0000000000
3188  -7.744  -81.996  -9.545 0.0000000000
3195  -5.508  -82.246  -10.683 0.0000000000
3205  -4.912  -82.870  -11.682 0.0000000000
3284  -15.535  -82.465  -15.926 0.0000000000
3294  -16.538  -82.686  -16.590 0.0000000000
3319  -12.366  -81.779  -20.642 0.0000000000
3326  -28.421  -82.753  -21.609 0.0000000000
3328  -12.014  -81.920  -21.398 0.0000000000
3330  -28.512  -81.961  -21.634 0.0000000000
3333  -3.422  -83.070  -23.379 0.0000000000
3334  -6.506  -82.160  -23.585 0.0000000000
3336  -11.594  -81.838  -22.580 0.0000000000
3337  -12.056  -81.575  -21.939 0.0000000000
3346  -28.306  -82.392  -22.851 0.0000000000
3349  -6.336  -82.548  -24.816 0.0000000000
3350  -7.693  -82.155  -24.714 0.0000000000
3352  -11.062  -82.093  -23.384 0.0000000000
3361  -5.025  -82.449  -24.654 0.0000000000
3363  -7.012  -82.731  -25.155 0.0000000000
3365  -9.685  -82.151  -24.956 0.0000000000
3370  -7.529  -82.849  -24.919 0.0000000000
3372  -9.649  -82.021  -25.036 0.0000000000
3373  -15.378  -82.583  -24.955 0.0000000000
3383  -20.905  -82.193  -28.014 0.0000000000
3384  -21.530  -82.561  -27.389 0.0000000000
3385  -22.228  -82.892  -27.113 0.0000000000
3467  -0.616  -80.659  8.349 0.0000000000
3477  -0.398  -81.697  7.378 0.0000000000
3478  -0.617  -81.221  7.834 0.0000000000
3515  -0.208  -82.637  5.263 0.0000000000
3537  -3.312  -82.035  3.199 0.0000000000
3538  -3.634  -81.392  2.543 0.0000000000
3583  -2.962  -82.136  -1.486 0.0000000000
3635  0.520  -81.867  -4.946 0.0000000000
3647  -4.949  -81.076  -5.956 0.0000000000
3667  -10.105  -81.585  -7.004 0.0000000000
3677  -2.770  -81.972  -7.933 0.0000000000
3678  -5.654  -80.640  -7.279 0.0000000000
3681  -8.700  -80.921  -7.578 0.0000000000
3695  -9.239  -81.079  -8.206 0.0000000000
3696  -9.865  -81.528  -8.147 0.0000000000
3704  -3.298  -80.609  -9.887 0.0000000000
3705  -6.784  -80.794  -9.971 0.0000000000
3707  -9.363  -81.458  -8.575 0.0000000000
3714  -3.084  -81.905  -11.156 0.0000000000
3715  -3.443  -81.123  -10.673 0.0000000000
3716  -5.201  -80.917  -10.699 0.0000000000
3718  -6.216  -81.420  -10.265 0.0000000000
3820  -14.698  -81.558  -16.571 0.0000000000
3830  -14.185  -80.774  -18.870 0.0000000000
3849  -12.413  -81.130  -21.682 0.0000000000
3855  -28.751  -81.993  -22.399 0.0000000000
3866  -28.576  -81.949  -22.672 0.0000000000
3873  -11.545  -81.568  -22.866 0.0000000000
3875  -21.624  -81.451  -23.313 0.0000000000
3880  -5.316  -82.548  -24.789 0.0000000000
3884  -8.760  -81.704  -24.991 0.0000000000
3885  -9.355  -81.680  -25.092 0.0000000000
3887  -14.954  -82.066  -25.687 0.0000000000
3897  -19.908  -81.693  -27.826 0.0000000000
3983  -0.838  -80.127  8.949 0.0000000000
3993  -0.185  -80.442  8.392 0.0000000000
4005  -0.794  -80.976  8.033 0.0000000000
4019  0.051  -81.354  7.369 0.0000000000
4020  -1.218  -80.989  7.596 0.0000000000
4034  -1.580  -81.555  6.255 0.0000000000
4045  0.306  -80.841  5.121 0.0000000000
4089  -0.274  -81.055  0.527 0.0000000000
4102  -0.385  -80.223  -0.010 0.0000000000
4104  -4.579  -79.735  0.176 0.0000000000
4163  -5.464  -80.178  -4.470 0.0000000000
4197  -6.628  -79.994  -8.037 0.0000000000
4199  -8.635  -80.739  -8.376 0.0000000000
4208  -7.235  -80.098  -8.693 0.0000000000
4228  -4.602  -80.414  -10.495 0.0000000000
4229  -5.527  -80.230  -10.221 0.0000000000
4239  -3.983  -81.005  -10.939 0.0000000000
4352  -6.452  -80.126  -21.056 0.0000000000
4353  -13.474  -80.651  -20.165 0.0000000000
4364  -12.615  -80.815  -21.539 0.0000000000
4369  -27.306  -80.743  -22.294 0.0000000000
4373  -4.084  -80.797  -23.855 0.0000000000
4374  -6.627  -81.080  -22.282 0.0000000000
4384  -7.023  -81.214  -23.491 0.0000000000
4399  -14.776  -81.444  -25.366 0.0000000000
4403  -8.296  -81.014  -25.061 0.0000000000
4405  -9.252  -81.091  -25.134 0.0000000000
4411  -19.709  -80.663  -25.201 0.0000000000
4498  -0.928  -79.205  10.120 0.0000000000
4508  -0.369  -79.540  9.397 0.0000000000
4510  -0.954  -79.680  9.517 0.0000000000
4586  0.335  -79.430  4.354 0.0000000000
4613  -0.475  -80.182  1.366 0.0000000000
4672  -0.086  -79.732  -2.388 0.0000000000
4699  -2.707  -79.493  -4.973 0.0000000000
4713  -2.849  -79.095  -5.755 0.0000000000
4714  -3.487  -78.612  -5.508 0.0000000000
4715  -4.894  -79.039  -5.892 0.0000000000
4738  -3.616  -79.362  -7.863 0.0000000000
4741  -5.868  -79.727  -8.210 0.0000000000
4752  -3.344  -79.666  -8.252 0.0000000000
4753  -3.808  -79.471  -8.809 0.0000000000
4755  -5.666  -79.521  -8.887 0.0000000000
4765  -3.707  -79.878  -9.648 0.0000000000
4767  -5.735  -79.730  -9.616 0.0000000000
4889  -4.991  -79.381  -19.582 0.0000000000
4890  -5.794  -79.173  -19.627 0.0000000000
4891  -13.828  -79.386  -19.294 0.0000000000
4897  -4.630  -79.906  -20.279 0.0000000000
4902  -13.958  -80.203  -19.596 0.0000000000
4909  -6.587  -80.292  -21.746 0.0000000000
4921  -10.638  -79.268  -22.717 0.0000000000
4922  -11.405  -79.766  -22.432 0.0000000000
4928  -9.656  -79.342  -24.079 0.0000000000
4933  -20.492  -79.943  -23.722 0.0000000000
4939  -7.661  -80.084  -25.069 0.0000000000
4942  -9.967  -80.093  -24.281 0.0000000000
4948  -21.992  -80.040  -24.149 0.0000000000
5061  -0.114  -78.885  9.735 0.0000000000
5095  0.514  -78.280  6.499 0.0000000000
5096  -1.586  -78.894  6.590 0.0000000000
5108  0.512  -78.637  5.779 0.0000000000
5122  -1.652  -78.464  4.828 0.0000000000
5141  -0.095  -78.723  2.862 0.0000000000
5210  -5.568  -78.685  -2.764 0.0000000000
5220  -4.195  -78.446  -4.113 0.0000000000
5221  -4.854  -78.503  -3.935 0.0000000000
5222  -5.346  -78.741  -3.683 0.0000000000
5237  -3.826  -78.461  -4.855 0.0000000000
5239  -5.123  -78.700  -4.345 0.0000000000
5409  -5.438  -78.276  -18.793 0.0000000000
5410  -13.583  -78.491  -18.907 0.0000000000
5421  -3.715  -78.436  -19.687 0.0000000000
5422  -4.570  -78.681  -19.127 0.0000000000
5424  -6.014  -78.435  -19.183 0.0000000000
5425  -12.430  -78.399  -19.766 0.0000000000
5439  -12.137  -78.733  -20.393 0.0000000000
5447  -3.143  -78.310  -22.509 0.0000000000
5449  -11.954  -79.133  -21.055 0.0000000000
5465  -6.034  -78.342  -24.445 0.0000000000
5466  -6.233  -79.036  -24.186 0.0000000000
5467  -8.671  -78.177  -24.479 0.0000000000
5474  -6.053  -77.649  -24.537 0.0000000000
5484  -20.836  -78.809  -24.455 0.0000000000
5489  -7.578  -79.191  -25.236 0.0000000000
5692  -0.412  -77.489  2.398 0.0000000000
5707  -0.888  -77.715  0.094 0.0000000000
5734  -1.398  -77.207  -1.374 0.0000000000
5928  -4.435  -77.486  -18.495 0.0000000000
5943  -3.417  -77.322  -19.878 0.0000000000
5944  -6.393  -77.776  -19.376 0.0000000000
5954  -6.454  -77.820  -20.214 0.0000000000
5982  -5.818  -78.263  -22.543 0.0000000000
5993  -9.117  -77.799  -23.445 0.0000000000
6000  -7.165  -77.355  -24.899 0.0000000000
6009  -6.127  -76.833  -24.606 0.0000000000
6473  -4.713  -76.216  -17.964 0.0000000000
6474  -5.570  -76.237  -17.944 0.0000000000
6497  -4.086  -76.759  -18.433 0.0000000000
6499  -5.976  -76.913  -18.335 0.0000000000
6577  -5.096  -76.393  -22.725 0.0000000000
6579  -9.042  -76.968  -22.086 0.0000000000
6590  -7.404  -76.341  -24.330 0.0000000000
6600  -5.827  -76.186  -24.525 0.0000000000
6601  -6.508  -76.327  -24.724 0.0000000000
6603  -7.594  -77.018  -24.507 0.0000000000
6793  -0.438  -75.357  8.829 0.0000000000
6856  -0.979  -75.541  4.629 0.0000000000
6868  -1.517  -75.215  3.173 0.0000000000
7078  -4.283  -75.495  -17.826 0.0000000000
7080  -5.889  -75.519  -17.726 0.0000000000
7101  -6.571  -75.378  -18.684 0.0000000000
7113  -5.976  -74.676  -19.860 0.0000000000
7145  -2.634  -75.150  -21.783 0.0000000000
7154  -4.679  -74.639  -23.804 0.0000000000
7177  -6.988  -75.892  -24.590 0.0000000000
7415  -0.718  -74.760  6.849 0.0000000000
7474  -1.417  -74.801  1.476 0.0000000000
7650  -4.024  -74.383  -17.162 0.0000000000
7652  -5.128  -73.929  -16.782 0.0000000000
7676  -4.612  -74.905  -17.329 0.0000000000
7677  -5.308  -74.459  -17.115 0.0000000000
7700  -6.496  -74.686  -18.974 0.0000000000
7711  -1.979  -73.907  -21.050 0.0000000000
7713  -3.156  -74.080  -20.709 0.0000000000
7714  -5.488  -74.695  -20.717 0.0000000000
7777  -5.683  -74.451  -25.095 0.0000000000
7970  -1.532  -73.046  7.648 0.0000000000
8274  -3.131  -73.180  -17.823 0.0000000000
8288  -6.405  -73.817  -17.826 0.0000000000
8298  -2.574  -72.672  -19.774 0.0000000000
8299  -3.043  -73.255  -19.429 0.0000000000
8301  -6.460  -74.061  -18.543 0.0000000000
8315  -1.224  -73.522  -20.695 0.0000000000
8347  -3.978  -73.404  -23.207 0.0000000000
8374  -5.566  -73.576  -25.142 0.0000000000
8375  -6.383  -73.753  -25.267 0.0000000000
8551  -0.945  -72.076  10.955 0.0000000000
8562  -0.851  -71.781  10.152 0.0000000000
8635  -1.940  -72.487  3.048 0.0000000000
8855  -3.743  -72.329  -14.814 0.0000000000
8866  -5.106  -72.265  -15.786 0.0000000000
8899  -2.880  -72.599  -17.288 0.0000000000
8901  -6.138  -72.983  -17.750 0.0000000000
8919  -1.831  -72.159  -19.975 0.0000000000
8934  -1.517  -72.578  -20.405 0.0000000000
8936  -5.141  -72.990  -20.760 0.0000000000
8955  -4.038  -72.922  -22.334 0.0000000000
8956  -4.571  -73.146  -21.571 0.0000000000
8989  -4.460  -72.477  -24.528 0.0000000000
8990  -5.381  -72.763  -25.060 0.0000000000
9482  -2.531  -71.509  -15.314 0.0000000000
9483  -4.682  -71.977  -15.045 0.0000000000
9506  -2.462  -70.894  -17.569 0.0000000000
9515  -0.844  -71.194  -19.262 0.0000000000
9529  -1.819  -71.703  -19.549 0.0000000000
9551  -4.421  -71.568  -20.865 0.0000000000
9567  -3.519  -70.709  -22.420 0.0000000000
9568  -3.785  -71.430  -21.873 0.0000000000
9821  -1.607  -70.763  11.284 0.0000000000
9822  -2.004  -70.922  11.576 0.0000000000
9845  -2.443  -69.936  10.151 0.0000000000
9855  -2.576  -69.770  9.467 0.0000000000
9869  -0.394  -69.640  7.956 0.0000000000
10077  -2.593  -70.437  -13.879 0.0000000000
10078  -3.033  -70.842  -13.250 0.0000000000
10079  -3.592  -70.788  -13.261 0.0000000000
10126  -2.081  -70.077  -17.995 0.0000000000
10141  -0.936  -70.595  -18.997 0.0000000000
10144  -5.183  -70.144  -18.744 0.0000000000
10200  -3.210  -69.923  -21.866 0.0000000000
10497  -1.308  -70.269  10.902 0.0000000000
10498  -1.692  -70.282  11.006 0.0000000000
10512  -1.085  -69.686  10.469 0.0000000000
10513  -1.669  -69.747  10.537 0.0000000000
10523  -0.827  -69.220  9.766 0.0000000000
10534  -2.056  -68.962  9.078 0.0000000000
10789  -2.777  -69.413  -12.750 0.0000000000
10795  -2.559  -69.516  -13.459 0.0000000000
10803  -5.207  -69.298  -14.787 0.0000000000
10867  -4.809  -69.227  -18.901 0.0000000000
10879  -3.638  -68.594  -20.156 0.0000000000
10880  -4.211  -69.298  -19.796 0.0000000000
11250  -0.992  -68.112  8.711 0.0000000000
11251  -1.535  -68.256  8.595 0.0000000000
11260  -1.106  -67.693  8.098 0.0000000000
11274  -3.186  -69.132  6.006 0.0000000000
11282  -2.777  -68.241  5.748 0.0000000000
11462  -3.987  -68.137  -11.523 0.0000000000
11475  -3.465  -68.415  -11.893 0.0000000000
11476  -4.139  -68.740  -11.853 0.0000000000
11510  -5.329  -68.595  -15.403 0.0000000000
11528  -1.225  -67.793  -16.919 0.0000000000
11558  -3.598  -67.982  -19.520 0.0000000000
11580  -3.455  -68.572  -20.876 0.0000000000
11921  -0.909  -67.240  7.466 0.0000000000
11930  -0.792  -66.961  6.887 0.0000000000
11940  -0.410  -67.220  6.165 0.0000000000
12156  -0.511  -67.480  -14.131 0.0000000000
12172  -2.171  -66.897  -15.184 0.0000000000
12198  -2.009  -67.641  -15.753 0.0000000000
12215  -1.253  -67.558  -16.405 0.0000000000
12236  -3.463  -67.174  -19.531 0.0000000000
12610  -0.616  -66.890  6.495 0.0000000000
12612  -1.530  -66.777  6.220 0.0000000000
12627  -0.999  -66.313  5.774 0.0000000000
12683  -4.764  -65.958  2.716 0.0000000000
12833  -9.439  -66.340  -11.743 0.0000000000
12843  -0.944  -66.146  -13.530 0.0000000000
12846  -8.844  -66.589  -12.221 0.0000000000
12892  -1.155  -67.180  -15.254 0.0000000000
12893  -1.364  -67.473  -16.033 0.0000000000
12896  -6.150  -66.364  -15.633 0.0000000000
12904  -1.110  -67.343  -15.953 0.0000000000
12912  -3.376  -66.095  -18.472 0.0000000000
12929  -3.769  -66.186  -19.828 0.0000000000
13386  -4.425  -65.223  2.567 0.0000000000
13403  -0.515  -64.676  1.667 0.0000000000
13493  -5.207  -65.157  -5.719 0.0000000000
13562  -9.874  -65.864  -12.064 0.0000000000
13574  -1.664  -65.238  -14.472 0.0000000000
13575  -3.117  -65.045  -13.935 0.0000000000
13576  -9.000  -65.593  -13.667 0.0000000000
13588  -7.624  -65.717  -14.894 0.0000000000
13621  -4.805  -64.912  -16.243 0.0000000000
13629  -3.866  -65.845  -17.001 0.0000000000
13652  -3.718  -65.731  -19.120 0.0000000000
14134  -0.870  -64.146  3.105 0.0000000000
14226  -5.621  -64.659  -5.457 0.0000000000
14236  -4.598  -65.040  -5.945 0.0000000000
14290  -4.152  -64.519  -12.461 0.0000000000
14297  -1.715  -64.643  -13.791 0.0000000000
14298  -3.103  -64.392  -13.695 0.0000000000
14310  -1.913  -64.676  -14.254 0.0000000000
14311  -2.217  -64.713  -14.385 0.0000000000
14323  -6.649  -64.330  -15.626 0.0000000000
14381  -5.483  -64.904  -19.478 0.0000000000
14395  -4.907  -65.414  -19.680 0.0000000000
14917  -6.304  -63.724  2.476 0.0000000000
14949  -0.641  -63.211  0.980 0.0000000000
15015  -4.330  -63.949  -5.422 0.0000000000
15091  -1.979  -63.387  -12.485 0.0000000000
15093  -4.212  -63.335  -12.276 0.0000000000
15102  -2.262  -63.918  -13.508 0.0000000000
15114  -2.485  -64.269  -13.941 0.0000000000
15132  -4.293  -63.268  -16.394 0.0000000000
15710  -0.789  -62.815  2.107 0.0000000000
15712  -2.461  -61.973  2.022 0.0000000000
15724  -0.663  -62.586  1.437 0.0000000000
15725  -0.825  -62.222  1.733 0.0000000000
15901  -2.492  -62.623  -12.157 0.0000000000
15902  -2.894  -62.618  -12.309 0.0000000000
15903  -3.500  -62.857  -12.323 0.0000000000
15914  -3.086  -63.094  -12.806 0.0000000000
15935  -4.276  -62.475  -16.018 0.0000000000
16462  -6.345  -61.441  2.587 0.0000000000
16470  -0.811  -61.806  1.230 0.0000000000
16485  -1.037  -61.457  0.718 0.0000000000
16588  -1.135  -60.933  -8.278 0.0000000000
16620  -1.889  -61.375  -10.529 0.0000000000
16651  -2.156  -62.120  -11.903 0.0000000000
17275  -2.970  -59.537  1.306 0.0000000000
17288  -1.793  -60.352  0.812 0.0000000000
17427  -1.873  -60.973  -10.240 0.0000000000
17441  -2.014  -61.156  -10.859 0.0000000000
17443  -2.648  -60.950  -10.424 0.0000000000
17452  -2.456  -61.124  -10.941 0.0000000000
18068  -13.176  -59.198  3.425 0.0000000000
18080  -6.188  -59.301  2.270 0.0000000000
18088  -3.184  -58.809  0.999 0.0000000000
18830  -8.103  -58.829  3.322 0.0000000000
18832  -10.457  -58.204  4.099 0.0000000000
18849  -17.204  -57.313  2.693 0.0000000000
18854  -3.213  -58.581  0.537 0.0000000000
18869  -3.262  -58.440  0.126 0.0000000000
18884  -2.918  -58.855  -0.007 0.0000000000
19618  -12.176  -56.928  3.882 0.0000000000
19654  -4.440  -56.917  0.026 0.0000000000
20433  -13.623  -55.809  3.714 0.0000000000
20464  -17.190  -55.704  1.546 0.0000000000
21285  -12.417  -55.429  3.623 0.0000000000
21296  -14.658  -54.992  3.374 0.0000000000
21304  -6.368  -55.924  0.663 0.0000000000
21318  -6.420  -55.343  -0.097 0.0000000000
22209  -11.426  -54.921  2.418 0.0000000000
22222  -13.645  -54.939  2.392 0.0000000000
22229  -7.574  -54.712  -0.437 0.0000000000
23189  -3.348  -53.103  -5.341 0.0000000000
108191  -5.123  -79.482  -9.326 0.0000000000
109078  -8.803  -93.734  -7.027 0.0000000000
109185  -8.038  -66.890  -12.642 0.0000000000
109194  -11.384  -83.396  -18.930 0.0000000000
109330  -0.428  -81.595  2.941 0.0000000000
109849  -0.772  -84.779  0.295 0.0000000000
110011  -23.254  -89.464  -12.925 0.0000000000
110146  -12.855  -78.078  -19.179 0.0000000000
110193  -0.731  -84.952  -3.987 0.0000000000
110257  -9.526  -94.060  -7.054 0.0000000000
110380  0.456  -82.141  -7.973 0.0000000000
110715  0.093  -82.293  -0.482 0.0000000000
111532  -3.663  -79.277  -2.221 0.0000000000
111710  -4.301  -80.416  0.529 0.0000000000
111978  -16.214  -92.336  -2.710 0.0000000000
111992  -10.475  -82.651  -23.724 0.0000000000
112026  -6.330  -79.532  -23.441 0.0000000000
112114  -15.217  -87.755  -25.227 0.0000000000
112741  0.360  -80.705  -7.193 0.0000000000
112900  -3.859  -83.573  -23.578 0.0000000000
112988  -5.657  -60.899  2.344 0.0000000000
113048  -6.871  -85.319  -8.372 0.0000000000
113111  0.386  -81.541  -2.746 0.0000000000
113122  -0.640  -78.534  -1.835 0.0000000000
113286  -28.650  -81.794  -22.259 0.0000000000
113552  0.341  -78.638  8.102 0.0000000000
113557  -2.073  -83.805  3.382 0.0000000000
113755  -3.599  -67.169  -20.191 0.0000000000
113817  -3.699  -75.189  -18.262 0.0000000000
113937  -11.304  -55.172  2.994 0.0000000000
113944  -1.673  -84.947  -6.137 0.0000000000
114091  -0.529  -83.149  5.603 0.0000000000
114144  -8.740  -83.119  -24.577 0.0000000000
114199  -2.922  -67.914  -12.501 0.0000000000
114446  0.477  -79.706  5.972 0.0000000000
114516  -0.149  -78.151  2.407 0.0000000000
114676  -1.703  -61.888  -10.020 0.0000000000
114990  -2.362  -84.009  -7.911 0.0000000000
115090  -4.891  -63.234  2.305 0.0000000000
115172  -0.876  -68.305  -16.942 0.0000000000
115244  0.392  -76.763  6.161 0.0000000000
115387  -1.711  -84.362  -7.944 0.0000000000
115398  -10.404  -81.973  -6.706 0.0000000000
115897  -3.851  -78.612  -3.555 0.0000000000
116081  -0.547  -82.553  3.115 0.0000000000
116286  -4.655  -67.974  -17.894 0.0000000000
116388  -6.671  -64.174  2.526 0.0000000000
116621  -1.369  -65.095  -13.047 0.0000000000
116755  -4.528  -86.653  -7.924 0.0000000000
116847  -0.719  -66.346  5.494 0.0000000000
117027  -4.891  -70.195  -14.176 0.0000000000
117107  -3.653  -78.843  -20.375 0.0000000000
117109  -25.931  -87.919  -12.738 0.0000000000
117143  -2.148  -74.578  -21.395 0.0000000000
117699  -6.563  -77.777  -24.835 0.0000000000
117818  -0.544  -79.270  -0.164 0.0000000000
118178  -3.512  -73.112  -16.248 0.0000000000
118449  -11.212  -86.575  -17.470 0.0000000000
118626  0.346  -77.691  4.015 0.0000000000
118823  -2.915  -81.751  -9.156 0.0000000000
119113  -16.974  -86.251  -24.295 0.0000000000
119625  -1.480  -79.964  7.657 0.0000000000
119643  -3.912  -65.096  -18.583 0.0000000000
119703  -0.365  -80.563  2.716 0.0000000000
119739  -19.564  -81.197  -27.203 0.0000000000
119768  -11.095  -81.086  -23.432 0.0000000000
119770  0.093  -84.164  -8.763 0.0000000000
119900  -16.233  -80.603  -26.761 0.0000000000
120312  -8.386  -82.338  -24.681 0.0000000000
120435  -1.000  -83.735  3.125 0.0000000000
120881  0.524  -80.927  -4.994 0.0000000000
120981  -0.693  -84.616  -9.841 0.0000000000
121196  -11.369  -82.439  -21.407 0.0000000000
121334  -3.507  -63.363  -6.031 0.0000000000
121355  -8.693  -93.745  -9.337 0.0000000000
121448  -9.689  -84.414  -5.864 0.0000000000
121635  0.430  -78.558  4.392 0.0000000000
121947  -8.499  -85.468  -5.845 0.0000000000
122960  -17.749  -84.848  -22.244 0.0000000000
123103  -5.849  -73.037  -17.131 0.0000000000
123314  -18.477  -85.464  -23.271 0.0000000000
123396  -5.798  -90.704  -6.915 0.0000000000
123538  -8.780  -93.278  -6.073 0.0000000000
123643  -1.178  -85.151  -5.727 0.0000000000
123669  -8.326  -58.153  3.245 0.0000000000
123830  -4.357  -84.660  -4.182 0.0000000000
124063  -8.443  -79.461  -25.173 0.0000000000
124174  -0.433  -83.894  1.032 0.0000000000
124190  -0.521  -67.892  4.785 0.0000000000
124204  -3.604  -81.607  -11.275 0.0000000000
124246  0.434  -83.183  -5.808 0.0000000000
124280  -9.300  -91.861  -4.153 0.0000000000
124859  -3.935  -57.015  -10.739 0.0000000000
124978  -13.683  -86.207  -25.327 0.0000000000
125158  -26.986  -86.991  -16.138 0.0000000000
125196  -11.846  -83.554  -18.124 0.0000000000
125323  -2.208  -72.778  4.659 0.0000000000
125412  0.375  -79.827  7.434 0.0000000000
125619  -9.242  -92.931  -5.227 0.0000000000
125663  -6.631  -76.209  -19.045 0.0000000000
125689  -3.091  -72.278  -14.877 0.0000000000
126037  -5.149  -63.019  -5.495 0.0000000000
126040  -10.561  -81.344  -24.137 0.0000000000
126211  -0.761  -70.928  8.751 0.0000000000
126289  -18.601  -57.460  2.458 0.0000000000
126389  -17.822  -87.575  -8.724 0.0000000000
126444  -2.848  -54.696  -4.125 0.0000000000
126521  -1.981  -68.787  -17.132 0.0000000000
126547  0.015  -84.193  -7.393 0.0000000000
126874  -2.742  -80.925  -7.778 0.0000000000
126970  -12.732  -81.759  -20.024 0.0000000000
127058  0.062  -77.335  9.144 0.0000000000
127205  0.014  -84.505  -10.449 0.0000000000
127218  -20.569  -81.814  -28.074 0.0000000000
127342  -5.041  -65.355  -6.297 0.0000000000
127390  -6.406  -76.428  -18.540 0.0000000000
127470  -5.479  -72.587  -16.525 0.0000000000
127684  -3.198  -69.662  -21.332 0.0000000000
127840  -5.323  -70.508  -15.460 0.0000000000
128275  -5.139  -63.918  2.361 0.0000000000
128344  -3.225  -66.189  -12.911 0.0000000000
128348  -5.395  -72.675  -20.129 0.0000000000
128589  -6.703  -84.779  -23.327 0.0000000000
128858  -5.210  -76.037  -21.901 0.0000000000
128953  -2.502  -83.367  -3.151 0.0000000000
129084  -1.089  -68.120  -17.217 0.0000000000
129268  0.342  -80.131  4.683 0.0000000000
129348  -17.473  -87.272  -8.472 0.0000000000
129367  -8.008  -85.791  -20.484 0.0000000000
129368  -12.467  -85.998  -20.752 0.0000000000
129482  -5.456  -84.602  -5.798 0.0000000000
129750  -0.608  -69.600  9.485 0.0000000000
129840  -3.228  -76.817  -21.847 0.0000000000
129928  -0.113  -79.811  8.888 0.0000000000
129955  -9.905  -90.811  -3.898 0.0000000000
129968  -0.805  -83.469  3.337 0.0000000000
130033  -12.476  -83.504  -17.561 0.0000000000
130072  -3.148  -78.634  -22.945 0.0000000000
130116  -4.046  -51.764  -5.810 0.0000000000
130144  -15.733  -80.786  -26.711 0.0000000000
130438  -6.333  -91.433  -7.289 0.0000000000
130472  -3.547  -66.646  -19.833 0.0000000000
130557  -13.506  -84.827  -6.772 0.0000000000
130567  -4.905  -75.112  -22.380 0.0000000000
130636  -17.651  -87.041  -6.255 0.0000000000
130719  -10.022  -83.804  -5.929 0.0000000000
130724  -11.510  -83.874  -8.028 0.0000000000
130815  -0.729  -84.515  -9.227 0.0000000000
