#!ascii label  , from subject sub-v1s13x0050005_ses-1 vox2ras=TkReg
2565
31723  6.035  -42.573  54.425 0.1111110002
32620  5.076  -42.059  54.242 0.1111110002
32621  4.419  -42.168  54.607 0.2222220004
32640  9.722  -42.371  53.261 0.1111110002
31721  7.925  -42.246  54.566 0.1111110002
31731  6.585  -42.865  53.418 0.1111110002
31729  8.706  -42.612  53.691 0.1111110002
31730  7.620  -42.860  53.554 0.1111110002
32647  10.742  -41.862  51.910 0.2222220004
125476  10.308  -42.130  51.330 0.2222220004
31736  9.033  -42.802  52.526 0.1111110002
31737  8.180  -42.966  52.760 0.1111110002
32632  4.915  -41.800  53.123 0.3333329856
32633  4.287  -41.503  53.835 0.4444440007
129927  3.896  -41.900  54.406 0.4444440007
33590  3.548  -41.289  54.026 0.4444440007
32622  3.452  -41.511  54.024 0.4444440007
121996  2.284  -40.866  53.747 0.2222220004
31732  5.629  -42.540  53.308 0.1111110002
109539  10.242  -42.024  50.571 0.2222220004
32648  9.925  -42.438  52.068 0.2222220004
113239  7.219  -43.024  52.376 0.1111110002
32655  10.935  -41.594  50.209 0.2222220004
112490  9.640  -42.412  51.070 0.2222220004
31744  8.210  -42.883  51.714 0.2222220004
33643  10.850  -41.307  48.644 0.2222220004
33603  3.415  -40.217  53.785 0.4444440007
33591  2.971  -40.445  54.043 0.4444440007
114216  2.654  -40.629  53.899 0.3333329856
33605  1.668  -40.643  53.292 0.3333329856
33615  1.387  -40.579  52.947 0.2222220004
31738  6.163  -42.819  52.407 0.1111110002
31739  5.403  -42.312  52.303 0.4444440007
32670  10.158  -41.845  49.696 0.2222220004
32656  9.319  -42.172  50.106 0.2222220004
31750  7.774  -42.648  50.708 0.2222220004
113596  6.524  -42.808  51.538 0.2222220004
32641  4.823  -41.493  52.107 0.4444440007
33670  11.539  -40.657  47.234 0.2222220004
33655  11.337  -40.948  48.167 0.2222220004
32672  8.619  -41.952  49.337 0.3333329856
32658  7.209  -42.069  49.899 0.3333329856
32659  6.252  -41.904  50.213 0.3333329856
32642  4.350  -41.069  52.934 0.5555559993
33614  4.040  -40.219  53.008 0.5555559993
33656  10.382  -41.201  47.992 0.2222220004
32688  10.024  -41.629  48.737 0.2222220004
32689  8.916  -41.723  48.568 0.3333329856
33613  4.475  -40.519  52.080 0.5555559993
33694  11.205  -40.430  46.320 0.4444440007
33604  2.981  -39.545  54.126 0.4444440007
33592  2.202  -40.094  53.880 0.4444440007
122150  12.394  -40.421  45.866 0.2222220004
33594  1.645  -39.951  53.472 0.4444440007
33621  1.671  -40.600  51.943 0.1111110002
31752  5.990  -42.354  50.957 0.4444440007
115869  4.984  -40.910  51.155 0.5555559993
123925  7.823  -41.902  49.377 0.3333329856
32660  5.540  -41.568  50.606 0.5555559993
34609  4.726  -39.830  51.375 0.5555559993
33657  9.345  -41.302  47.867 0.2222220004
32690  7.938  -41.648  48.671 0.3333329856
130972  6.596  -41.075  48.856 0.5555559993
33645  5.536  -40.331  49.786 0.5555559993
34606  4.340  -39.597  52.287 0.6666669846
34603  3.800  -39.344  53.313 0.5555559993
33672  9.800  -40.763  47.165 0.3333329856
33673  8.614  -40.663  47.204 0.3333329856
33674  7.473  -40.267  47.406 0.5555559993
125671  6.764  -40.085  47.993 0.6666669846
35562  4.411  -38.803  52.589 0.6666669846
125948  2.455  -39.355  53.967 0.5555559993
33715  12.228  -40.245  45.120 0.3333329856
33717  10.865  -40.099  45.602 0.4444440007
35552  2.768  -38.666  54.170 0.5555559993
114113  1.585  -39.862  51.406 0.1111110002
34656  12.946  -40.220  44.061 0.6666669846
34601  1.424  -39.252  53.461 0.2222220004
34608  1.060  -39.199  52.548 0.2222220004
33631  5.345  -40.813  50.351 0.5555559993
34618  5.916  -39.827  49.171 0.5555559993
34619  5.520  -39.419  49.924 0.5555559993
34605  4.725  -38.991  51.721 0.5555559993
33697  8.968  -40.272  46.470 0.5555559993
34629  8.086  -39.897  46.696 0.6666669846
34624  6.872  -39.340  47.637 0.6666669846
35575  5.777  -38.487  50.172 0.7777780294
34635  9.307  -39.814  45.863 0.5555559993
34636  8.541  -39.516  46.105 0.7777780294
35592  7.681  -38.262  46.703 0.8888890147
35557  4.030  -38.503  53.468 0.6666669846
34600  1.696  -39.223  53.567 0.4444440007
34677  13.437  -40.232  43.690 0.6666669846
34658  10.776  -39.244  44.335 0.7777780294
114922  9.662  -39.385  45.301 0.7777780294
34604  1.008  -39.066  53.014 0.2222220004
35587  7.116  -38.432  47.430 0.8888890147
35588  6.697  -38.563  48.033 0.7777780294
36476  6.446  -38.207  48.725 0.8888890147
35601  8.877  -38.411  45.518 0.8888890147
36475  7.023  -37.625  48.117 0.8888890147
36462  6.874  -37.313  49.078 0.8888890147
34657  11.380  -39.191  43.822 0.6666669846
125615  10.889  -38.663  43.880 0.7777780294
35600  9.381  -38.648  45.146 0.8888890147
36484  7.905  -37.220  46.966 0.8888890147
36485  7.414  -37.640  47.368 0.8888890147
34676  14.621  -40.151  42.908 0.6666669846
34678  12.061  -39.138  43.345 0.6666669846
36491  8.828  -37.139  45.885 0.8888890147
36502  9.206  -37.739  45.304 0.8888890147
36492  8.256  -37.620  46.264 0.8888890147
37498  8.497  -36.747  46.560 0.8888890147
36474  7.660  -36.895  47.752 0.7777780294
35616  11.363  -38.294  43.441 0.7777780294
35607  9.794  -38.097  44.732 0.8888890147
34694  15.164  -39.868  42.247 0.7777780294
123947  13.544  -39.264  42.186 0.7777780294
34705  16.726  -39.569  41.944 0.7777780294
34706  15.768  -39.545  41.642 0.7777780294
34707  14.824  -39.348  41.511 0.7777780294
111087  8.892  -36.174  46.953 0.6666669846
36513  10.300  -37.431  44.345 0.8888890147
37512  10.142  -36.491  44.999 0.8888890147
37496  9.992  -35.701  46.293 0.7777780294
35633  12.583  -38.216  42.346 0.7777780294
36521  11.719  -37.402  43.146 0.8888890147
113108  19.354  -39.325  42.198 0.5555559993
35653  17.460  -39.124  41.463 0.7777780294
35654  16.463  -39.153  41.065 0.7777780294
35680  15.303  -38.262  40.380 0.7777780294
35631  13.989  -38.990  41.599 0.7777780294
35652  19.060  -38.827  41.394 0.6666669846
113049  18.196  -38.720  41.041 0.7777780294
35678  17.246  -38.704  40.409 0.7777780294
35692  16.748  -38.039  39.812 0.7777780294
108690  25.689  -39.680  43.354 0.3333329856
34688  25.922  -39.503  42.610 0.4444440007
37531  11.609  -36.593  43.511 0.8888890147
37520  11.366  -36.041  44.148 0.8888890147
37511  10.898  -35.852  44.922 0.8888890147
35628  20.966  -39.326  42.086 0.4444440007
35613  20.496  -39.568  42.725 0.3333329856
36542  13.413  -37.575  41.511 0.7777780294
36530  12.281  -37.472  42.604 0.8888890147
37530  12.173  -36.473  43.044 0.8888890147
35629  20.157  -39.356  42.142 0.4444440007
36555  15.951  -37.801  40.017 0.7777780294
35681  14.709  -37.836  40.531 0.8888890147
131106  20.478  -39.156  41.646 0.6666669846
35651  19.843  -39.053  41.551 0.6666669846
114549  18.065  -38.375  40.304 0.7777780294
35676  19.620  -38.561  40.787 0.7777780294
36552  19.299  -38.001  39.847 0.7777780294
111036  25.103  -39.461  43.039 0.3333329856
34648  24.504  -39.966  44.359 0.2222220004
34649  23.599  -39.904  44.154 0.3333329856
34666  24.243  -39.556  43.474 0.3333329856
35669  26.383  -38.699  40.499 0.4444440007
34703  25.767  -39.221  41.837 0.4444440007
34668  22.541  -39.631  43.335 0.3333329856
34689  22.876  -39.431  42.726 0.4444440007
38608  12.303  -35.446  44.453 0.7777780294
38609  11.628  -35.507  44.912 0.7777780294
38589  10.475  -35.748  45.640 0.6666669846
35686  26.005  -38.240  39.759 0.5555559993
35627  21.659  -39.371  42.280 0.3333329856
35626  22.372  -39.289  42.109 0.5555559993
37541  13.186  -36.578  41.930 0.8888890147
38644  12.912  -35.803  42.775 0.8888890147
38627  12.590  -35.623  43.607 0.7777780294
35649  21.738  -39.139  41.689 0.6666669846
36556  15.218  -37.345  40.255 0.8888890147
36557  14.616  -37.224  40.593 0.8888890147
37556  13.721  -36.853  41.351 0.8888890147
117312  20.410  -38.794  41.024 0.7777780294
35650  21.095  -39.005  41.358 0.6666669846
36571  18.037  -37.429  39.244 0.7777780294
36572  17.192  -37.235  39.384 0.8888890147
37568  15.420  -36.436  40.290 0.8888890147
36551  20.326  -38.257  40.085 0.7777780294
110364  24.428  -39.264  42.455 0.3333329856
125884  23.654  -39.369  42.824 0.5555559993
35645  25.598  -38.917  41.166 0.4444440007
35624  24.339  -39.038  41.690 0.5555559993
38626  13.240  -35.311  43.531 0.7777780294
35670  25.395  -38.560  40.477 0.5555559993
35671  24.526  -38.491  40.500 0.5555559993
35647  24.009  -38.820  41.135 0.5555559993
35648  22.568  -38.986  41.371 0.5555559993
38642  13.993  -35.076  42.169 0.8888890147
38643  13.699  -35.031  43.011 0.7777780294
36580  26.040  -37.400  38.458 0.5555559993
36564  25.615  -37.871  39.088 0.5555559993
35687  25.078  -38.192  39.807 0.5555559993
35689  23.366  -38.200  39.865 0.5555559993
35673  22.772  -38.548  40.555 0.5555559993
38671  15.593  -35.518  40.465 0.8888890147
38657  14.438  -35.433  41.424 0.8888890147
38658  13.810  -35.987  41.638 0.8888890147
37595  26.445  -36.775  38.031 0.5555559993
37596  25.551  -36.957  37.851 0.6666669846
37597  24.752  -37.199  38.021 0.6666669846
37613  23.944  -37.132  37.820 0.6666669846
36567  23.023  -37.933  39.184 0.7777780294
36568  22.109  -37.976  39.240 0.7777780294
35691  21.257  -38.139  39.715 0.7777780294
37583  16.581  -36.624  39.581 0.8888890147
37567  16.067  -36.099  39.982 0.8888890147
37569  14.880  -36.707  40.527 0.8888890147
39703  26.761  -34.701  37.005 0.6666669846
112591  25.451  -35.740  36.520 0.6666669846
115247  24.749  -36.808  37.405 0.6666669846
36585  21.849  -37.534  38.401 0.7777780294
109808  21.357  -37.797  38.957 0.7777780294
36586  20.078  -37.417  38.603 0.7777780294
37600  18.594  -36.871  38.614 0.7777780294
37581  17.830  -36.750  39.000 0.7777780294
41509  29.338  -33.296  36.421 0.5555559993
41510  28.770  -33.217  35.634 0.7777780294
41511  28.357  -33.417  35.684 0.6666669846
41493  27.810  -33.430  36.011 0.6666669846
40695  26.769  -33.456  35.989 0.6666669846
39714  26.337  -34.299  36.350 0.6666669846
38712  24.540  -35.565  35.902 0.7777780294
42347  27.586  -33.020  35.180 0.7777780294
41531  26.776  -32.534  34.946 0.6666669846
41513  26.241  -33.034  35.303 0.7777780294
40712  25.190  -33.261  34.900 0.7777780294
39605  14.885  -34.161  43.355 0.8888890147
128616  14.322  -34.600  42.869 0.7777780294
38656  15.142  -34.949  41.172 0.8888890147
36583  23.493  -37.613  38.510 0.6666669846
36593  23.132  -37.324  37.934 0.7777780294
38684  16.639  -35.737  39.571 0.8888890147
38670  16.233  -35.226  40.074 0.8888890147
41507  30.795  -33.202  36.006 0.5555559993
123463  24.027  -36.682  37.060 0.6666669846
37615  22.130  -36.732  37.079 0.7777780294
36596  20.926  -36.895  37.594 0.7777780294
37599  19.472  -36.921  38.191 0.7777780294
120743  18.532  -36.066  38.126 0.8888890147
38695  17.635  -35.277  38.658 0.8888890147
110518  29.905  -32.945  35.844 0.5555559993
42362  28.698  -32.614  35.095 0.8888890147
42345  28.476  -32.875  35.065 0.8888890147
42363  27.578  -32.688  34.702 0.8888890147
39723  25.647  -33.983  35.549 0.6666669846
127638  24.479  -34.111  34.878 0.7777780294
119490  23.633  -35.550  35.607 0.8888890147
38713  22.858  -35.678  35.822 0.8888890147
37632  21.744  -36.204  36.490 0.8888890147
37634  20.257  -35.709  36.813 0.8888890147
38704  19.595  -35.365  37.014 0.8888890147
38705  18.905  -35.518  37.527 0.8888890147
128719  27.787  -32.619  34.683 0.8888890147
42385  26.897  -31.816  34.181 0.8888890147
42364  27.040  -32.386  34.646 0.8888890147
41532  25.710  -32.472  34.640 0.8888890147
41533  24.686  -32.691  34.388 0.8888890147
40727  24.023  -32.952  34.322 0.8888890147
39734  23.761  -33.570  34.493 0.8888890147
115678  26.192  -31.262  33.849 0.8888890147
42386  25.303  -31.140  33.653 0.8888890147
127216  15.562  -33.635  42.995 0.8888890147
39660  15.894  -34.464  40.708 0.8888890147
39645  15.480  -34.010  41.700 0.8888890147
39693  17.419  -34.423  38.902 0.8888890147
39678  16.523  -34.435  40.066 0.8888890147
128247  31.558  -33.366  35.769 0.6666669846
37631  22.596  -36.281  36.447 0.8888890147
39692  17.926  -34.444  38.275 0.8888890147
41527  31.536  -33.107  35.084 0.8888890147
41549  29.438  -32.439  34.718 0.8888890147
116475  28.112  -32.344  34.609 0.8888890147
39735  23.023  -33.603  34.582 0.8888890147
38727  23.111  -35.067  35.177 0.8888890147
38728  22.140  -35.047  35.576 0.8888890147
38716  20.758  -35.341  36.369 0.7777780294
38717  20.111  -34.730  36.576 0.8888890147
39705  19.245  -34.566  37.091 0.7777780294
120542  30.268  -32.435  34.236 0.8888890147
42382  28.696  -31.942  34.207 0.8888890147
127936  27.395  -31.300  33.753 0.8888890147
109235  24.603  -30.151  33.513 0.7777780294
117836  24.084  -31.228  33.745 0.8888890147
40728  23.410  -32.797  34.383 0.8888890147
43233  26.480  -30.928  33.705 0.7777780294
41433  16.530  -32.870  41.795 0.7777780294
40576  16.320  -32.852  43.637 0.4444440007
39644  16.157  -33.529  41.281 0.8888890147
40604  15.982  -33.401  42.089 0.7777780294
41462  17.705  -32.731  39.753 0.7777780294
40624  16.507  -33.673  40.491 0.8888890147
39712  35.604  -34.608  36.678 0.4444440007
40691  34.618  -34.030  35.994 0.5555559993
40693  32.686  -33.796  36.255 0.5555559993
40664  17.776  -33.757  38.670 0.8888890147
40644  17.344  -33.554  39.351 0.8888890147
113433  34.205  -33.700  35.137 0.5555559993
40683  19.728  -33.821  36.949 0.7777780294
40684  19.040  -33.735  37.448 0.7777780294
40663  18.397  -33.549  38.160 0.7777780294
40725  33.505  -33.364  34.460 0.7777780294
41547  32.058  -32.916  34.144 0.8888890147
41548  31.145  -32.670  34.219 0.8888890147
40729  22.816  -32.965  34.627 0.8888890147
40714  22.328  -33.362  35.008 0.8888890147
40697  21.269  -33.512  36.065 0.7777780294
40698  20.529  -33.748  36.512 0.7777780294
41567  30.769  -32.197  33.302 0.8888890147
42402  29.093  -31.426  33.109 0.8888890147
43231  27.860  -30.934  33.288 0.7777780294
120165  26.704  -30.488  33.461 0.7777780294
45164  25.856  -28.294  33.119 0.7777780294
44150  24.786  -29.196  33.469 0.7777780294
43235  23.279  -31.065  34.183 0.7777780294
41552  22.857  -32.278  34.546 0.7777780294
41534  22.446  -32.602  34.914 0.8888890147
43234  25.680  -30.523  33.527 0.7777780294
41446  17.484  -32.494  40.602 0.5555559993
41432  17.338  -32.310  41.561 0.4444440007
40672  36.951  -34.393  37.015 0.2222220004
116432  36.079  -34.317  36.291 0.3333329856
41447  16.772  -32.896  40.942 0.6666669846
40708  36.234  -33.834  35.660 0.2222220004
40690  35.448  -34.157  36.040 0.5555559993
41480  18.816  -32.800  38.784 0.4444440007
40643  18.006  -33.050  38.943 0.6666669846
40724  35.228  -33.320  34.529 0.6666669846
128731  19.666  -33.268  37.518 0.6666669846
40662  19.256  -33.029  38.089 0.7777780294
41565  32.906  -32.638  33.167 0.8888890147
41514  22.041  -32.415  35.745 0.7777780294
40682  20.373  -33.151  37.304 0.6666669846
41581  31.605  -32.103  32.545 0.8888890147
41582  30.765  -31.742  32.407 0.8888890147
42401  30.006  -31.605  32.682 0.8888890147
43248  28.563  -30.734  32.670 0.7777780294
44165  27.517  -29.177  32.513 0.7777780294
45186  26.625  -28.243  32.885 0.7777780294
46176  25.497  -27.562  33.498 0.7777780294
45148  23.975  -28.348  34.093 0.7777780294
113428  23.413  -30.081  33.989 0.7777780294
43221  22.822  -30.569  34.785 0.7777780294
42367  22.365  -31.875  35.198 0.6666669846
44041  23.945  -29.884  41.630 0.3333329856
42282  23.798  -31.084  41.686 0.2222220004
40618  23.281  -32.160  41.669 0.1111110002
39658  22.095  -32.243  41.388 0.1111110002
39643  21.298  -32.494  41.576 0.1111110002
40602  20.623  -32.676  41.700 0.2222220004
45075  26.487  -27.513  41.091 0.1111110002
45076  24.972  -28.054  40.608 0.3333329856
43157  23.598  -30.373  41.222 0.3333329856
42318  22.931  -30.570  39.759 0.2222220004
41459  22.460  -31.501  39.826 0.2222220004
40639  22.006  -32.060  39.850 0.2222220004
40640  21.410  -32.277  40.072 0.1111110002
40621  20.677  -32.511  40.763 0.2222220004
116966  19.894  -32.506  40.907 0.2222220004
122039  18.023  -32.120  41.079 0.3333329856
41431  18.255  -32.091  41.862 0.2222220004
113978  38.325  -33.582  36.848 0.2222220004
40689  36.730  -34.110  36.418 0.2222220004
46092  26.915  -27.148  40.254 0.1111110002
46093  25.758  -27.370  40.384 0.2222220004
45077  24.267  -28.594  40.303 0.3333329856
43173  23.332  -30.077  40.255 0.2222220004
41477  22.568  -31.038  39.253 0.2222220004
40658  22.233  -31.908  39.290 0.2222220004
120808  21.712  -32.464  39.387 0.2222220004
40641  20.731  -32.546  39.693 0.2222220004
40622  19.948  -32.524  39.968 0.3333329856
41444  19.119  -32.343  40.182 0.3333329856
41505  38.479  -32.709  35.779 0.3333329856
40707  37.213  -33.608  35.906 0.4444440007
40723  35.975  -33.367  34.821 0.4444440007
45097  29.051  -26.988  38.672 0.1111110002
46100  27.267  -26.782  39.372 0.2222220004
46102  25.575  -27.055  39.505 0.2222220004
45099  24.046  -28.056  38.588 0.3333329856
43186  22.995  -29.824  39.164 0.2222220004
108648  22.395  -31.083  38.230 0.2222220004
41479  22.337  -32.035  38.383 0.2222220004
40659  22.073  -32.420  38.600 0.2222220004
112601  21.211  -32.701  39.151 0.3333329856
40642  19.742  -32.649  39.002 0.4444440007
41460  19.226  -32.509  39.448 0.3333329856
128662  37.463  -32.788  35.030 0.4444440007
41544  36.438  -32.820  34.371 0.5555559993
120068  29.951  -28.039  34.894 0.5555559993
45138  29.523  -27.511  35.582 0.4444440007
108338  28.200  -26.847  36.019 0.4444440007
46121  27.701  -26.519  37.692 0.4444440007
46123  25.366  -26.847  37.437 0.4444440007
112971  24.002  -27.996  37.684 0.5555559993
44090  22.834  -29.406  37.680 0.4444440007
125665  22.379  -30.625  37.963 0.4444440007
41494  22.309  -31.656  37.679 0.3333329856
40680  21.715  -32.567  37.602 0.5555559993
40660  21.268  -32.751  38.165 0.5555559993
40661  20.324  -32.791  38.354 0.6666669846
115254  35.748  -32.986  34.257 0.6666669846
40739  33.763  -32.872  33.557 0.7777780294
45182  29.515  -28.765  32.394 0.7777780294
46172  28.954  -27.584  33.673 0.6666669846
46150  27.878  -26.701  34.992 0.6666669846
111802  27.482  -26.557  35.829 0.5555559993
46138  25.637  -26.666  36.658 0.6666669846
45112  23.910  -28.009  36.755 0.6666669846
44103  22.822  -29.426  36.585 0.5555559993
127565  22.264  -30.854  36.479 0.5555559993
115179  22.004  -31.998  36.843 0.4444440007
41495  22.109  -32.217  37.654 0.4444440007
40681  21.097  -32.969  36.978 0.5555559993
41563  35.918  -32.528  33.649 0.7777780294
117310  35.113  -32.529  33.271 0.7777780294
41579  33.552  -32.344  32.559 0.8888890147
42419  30.295  -31.195  31.856 0.8888890147
43284  29.740  -29.985  31.622 0.7777780294
45183  28.929  -28.556  32.377 0.7777780294
46174  27.699  -27.093  33.369 0.7777780294
47170  27.243  -26.518  34.409 0.6666669846
46164  24.854  -26.994  34.709 0.6666669846
45140  23.744  -28.132  34.910 0.7777780294
44116  23.012  -29.493  35.263 0.7777780294
120244  22.515  -30.261  35.924 0.5555559993
41596  33.023  -31.911  31.756 0.8888890147
42417  32.002  -31.706  31.590 0.8888890147
40687  38.765  -33.055  36.571 0.1111110002
41504  39.291  -32.379  36.235 0.3333329856
113217  37.239  -32.584  34.563 0.5555559993
42400  37.219  -31.607  33.449 0.5555559993
41576  36.404  -31.864  33.171 0.5555559993
45162  30.225  -28.684  32.844 0.7777780294
122380  34.942  -32.219  32.666 0.7777780294
41594  34.374  -32.069  32.278 0.8888890147
42438  30.099  -30.594  31.494 0.7777780294
44162  30.016  -29.313  31.896 0.7777780294
42416  35.161  -31.724  32.064 0.8888890147
41595  33.775  -31.903  31.877 0.8888890147
42435  32.668  -31.517  30.936 0.8888890147
43282  31.147  -30.594  30.656 0.8888890147
43283  30.533  -30.293  31.131 0.7777780294
42332  40.143  -31.987  36.835 0.2222220004
42344  39.711  -31.617  35.949 0.4444440007
42361  38.951  -31.914  35.347 0.4444440007
41525  38.022  -32.410  34.961 0.4444440007
44128  31.693  -29.039  34.338 0.3333329856
43218  39.038  -31.148  34.780 0.4444440007
124708  38.442  -31.709  34.542 0.4444440007
44145  32.105  -29.259  33.493 0.5555559993
42381  37.711  -31.940  34.158 0.5555559993
130470  30.704  -29.176  32.315 0.6666669846
125008  31.033  -29.470  31.622 0.5555559993
42415  36.827  -31.222  32.761 0.6666669846
44179  30.571  -29.876  31.250 0.6666669846
44178  31.335  -29.648  30.760 0.6666669846
111283  36.045  -31.494  32.407 0.6666669846
42451  34.995  -31.304  31.161 0.8888890147
42452  34.189  -31.329  30.723 0.8888890147
42454  32.374  -31.053  30.193 0.8888890147
43303  31.499  -30.148  30.042 0.7777780294
44195  31.646  -29.670  30.068 1.0000000000
43299  34.822  -30.872  30.376 0.8888890147
43300  33.965  -30.879  29.908 1.0000000000
43301  32.950  -30.720  29.671 1.0000000000
124745  33.430  -28.992  35.313 0.2222220004
43203  40.632  -30.542  36.204 0.2222220004
44127  32.759  -29.152  34.664 0.3333329856
42343  40.266  -31.231  36.306 0.2222220004
109637  33.219  -29.245  33.492 0.4444440007
42360  39.513  -31.229  35.325 0.3333329856
44114  32.125  -28.812  35.352 0.3333329856
117020  32.307  -29.281  32.496 0.4444440007
130608  31.683  -29.334  31.946 0.5555559993
127452  38.208  -30.661  33.454 0.5555559993
44160  32.150  -29.245  31.386 0.6666669846
45202  32.002  -29.155  30.313 0.6666669846
44194  32.059  -29.074  29.549 0.8888890147
45215  32.423  -28.421  29.863 1.0000000000
43262  37.238  -30.541  32.426 0.7777780294
42431  36.495  -30.854  32.039 0.7777780294
42432  35.749  -31.132  31.624 0.8888890147
43322  32.527  -29.963  29.118 1.0000000000
44214  32.334  -29.050  28.891 1.0000000000
45228  32.318  -28.320  29.115 1.0000000000
43280  36.223  -30.510  31.306 1.0000000000
43281  35.540  -30.769  30.860 1.0000000000
43298  35.979  -30.152  30.608 1.0000000000
43320  34.745  -30.225  29.579 1.0000000000
122373  34.490  -28.674  37.483 0.1111110002
43206  33.895  -28.825  36.982 0.2222220004
43219  34.126  -28.817  36.347 0.2222220004
43207  33.748  -28.729  36.786 0.2222220004
44112  33.920  -28.944  35.454 0.2222220004
43220  33.611  -28.808  36.005 0.2222220004
44126  33.666  -29.093  34.617 0.3333329856
45161  34.017  -29.017  32.948 0.4444440007
44144  33.180  -29.132  32.296 0.6666669846
45181  33.173  -28.915  31.538 0.6666669846
43216  40.395  -30.091  35.507 0.2222220004
44108  40.151  -29.562  34.863 0.3333329856
45201  32.855  -28.597  30.768 0.6666669846
43204  40.022  -30.854  35.721 0.2222220004
43229  39.495  -29.740  34.161 0.5555559993
43247  38.793  -30.263  33.791 0.6666669846
128182  38.443  -30.044  33.267 0.8888890147
46226  32.583  -27.598  29.555 1.0000000000
43261  37.894  -30.230  32.879 0.8888890147
44159  37.638  -29.696  32.145 1.0000000000
44213  33.040  -29.406  28.665 1.0000000000
45242  32.662  -28.227  28.647 1.0000000000
43279  36.893  -30.158  31.746 0.7777780294
44177  36.611  -29.812  31.062 1.0000000000
44193  36.318  -29.431  30.404 1.0000000000
43319  35.641  -29.795  29.953 1.0000000000
44233  32.833  -28.706  28.503 1.0000000000
45241  33.156  -28.086  28.303 1.0000000000
44100  34.508  -28.690  36.474 0.1111110002
44110  34.706  -28.425  35.943 0.1111110002
44111  34.322  -28.676  35.649 0.2222220004
44124  34.510  -28.404  34.988 0.3333329856
44143  34.111  -28.891  33.891 0.3333329856
45180  33.911  -28.640  32.082 0.6666669846
45200  33.478  -28.363  31.419 0.6666669846
46205  33.354  -27.756  31.077 0.6666669846
44107  40.725  -29.295  35.385 0.2222220004
46206  32.915  -27.654  30.312 1.0000000000
45134  40.959  -28.534  35.251 0.2222220004
44123  40.044  -28.842  34.328 0.3333329856
44141  39.511  -28.836  33.607 0.6666669846
45157  39.474  -28.140  33.212 0.7777780294
44142  38.917  -29.516  33.423 0.7777780294
45158  38.886  -28.674  32.893 0.8888890147
116685  38.655  -28.053  32.201 1.0000000000
47205  32.650  -26.764  30.064 1.0000000000
44158  38.341  -29.514  32.795 1.0000000000
45177  38.212  -28.863  32.201 1.0000000000
45199  37.535  -28.296  31.065 1.0000000000
116861  32.641  -26.955  29.271 1.0000000000
44176  37.167  -29.532  31.473 1.0000000000
44192  36.997  -28.997  30.899 1.0000000000
45214  36.550  -28.557  30.163 1.0000000000
44211  35.241  -29.186  29.271 1.0000000000
44231  34.531  -28.639  28.687 1.0000000000
46267  32.986  -27.426  28.445 1.0000000000
44099  34.834  -28.597  36.809 0.1111110002
44109  35.030  -28.366  36.544 0.2222220004
46148  35.124  -27.784  35.463 0.2222220004
47168  35.128  -27.218  34.913 0.1111110002
45136  34.799  -28.157  35.198 0.3333329856
46159  34.871  -27.941  34.652 0.2222220004
47169  34.798  -26.719  34.193 0.2222220004
45146  34.406  -28.463  34.228 0.3333329856
45159  34.576  -28.178  34.013 0.4444440007
46160  34.801  -27.576  34.000 0.2222220004
47178  34.504  -27.142  33.226 0.4444440007
45179  34.309  -28.443  32.845 0.6666669846
46186  34.321  -27.848  32.505 0.6666669846
47186  33.959  -26.978  32.242 0.5555559993
46187  33.904  -27.829  31.708 0.6666669846
47193  33.556  -27.193  31.503 0.6666669846
47194  33.094  -26.956  30.912 0.6666669846
126010  40.645  -28.091  34.592 0.3333329856
46158  40.010  -27.933  33.804 0.5555559993
46170  39.162  -27.767  32.711 0.6666669846
46203  38.458  -27.404  31.706 0.6666669846
48182  32.469  -26.106  30.942 1.0000000000
45198  38.080  -28.205  31.638 0.7777780294
46204  37.912  -27.518  31.167 0.8888890147
47204  37.015  -26.936  30.072 1.0000000000
47218  36.384  -26.733  29.396 1.0000000000
46247  35.891  -27.497  29.140 1.0000000000
48193  32.267  -26.014  30.024 1.0000000000
45213  37.090  -28.290  30.597 1.0000000000
45226  35.937  -28.401  29.492 1.0000000000
45227  35.305  -28.204  28.935 1.0000000000
45239  34.736  -27.934  28.532 1.0000000000
46266  33.616  -27.322  28.169 1.0000000000
47242  32.792  -26.628  28.684 1.0000000000
48194  31.782  -25.487  30.374 1.0000000000
48224  32.418  -25.836  28.766 1.0000000000
48205  31.878  -25.517  29.334 1.0000000000
48164  34.222  -26.197  33.759 0.3333329856
47179  33.944  -26.410  33.032 0.4444440007
47187  33.169  -26.487  31.707 0.7777780294
47177  39.599  -26.343  32.977 0.5555559993
48174  32.534  -25.632  32.066 0.8888890147
118102  40.103  -26.895  33.605 0.4444440007
46184  39.324  -27.044  32.634 0.5555559993
47185  39.044  -26.441  32.308 0.5555559993
47192  38.687  -26.707  31.837 0.6666669846
115742  38.256  -26.662  31.331 0.6666669846
47219  35.741  -26.581  28.843 1.0000000000
47239  35.016  -26.483  28.371 1.0000000000
47240  34.140  -26.458  28.086 1.0000000000
48223  32.882  -25.758  28.300 1.0000000000
48173  33.331  -26.073  32.582 0.4444440007
48165  33.512  -25.710  33.430 0.4444440007
48166  32.780  -25.288  33.017 0.4444440007
129149  32.354  -25.141  32.576 0.8888890147
48183  31.823  -25.303  31.340 1.0000000000
48163  39.071  -24.551  32.764 0.2222220004
119978  38.711  -24.754  32.009 0.3333329856
48180  38.606  -25.805  31.721 0.5555559993
125216  37.930  -25.808  31.000 0.6666669846
49116  38.448  -24.196  31.546 0.3333329856
48181  38.181  -24.881  31.301 0.4444440007
48191  37.541  -24.958  30.608 0.6666669846
116640  37.312  -25.901  30.301 0.7777780294
113249  36.748  -26.046  29.724 0.7777780294
49125  31.250  -24.930  30.755 1.0000000000
50942  38.362  -23.638  30.803 0.3333329856
50015  38.257  -23.904  31.083 0.3333329856
49123  37.926  -24.266  30.873 0.3333329856
48192  36.753  -25.049  29.849 0.7777780294
48204  35.653  -25.105  28.842 1.0000000000
120547  35.509  -25.804  28.648 1.0000000000
48222  33.739  -25.594  28.100 1.0000000000
50023  37.797  -23.890  30.446 0.3333329856
49124  37.239  -24.276  30.194 0.4444440007
49132  36.588  -24.258  29.448 0.8888890147
114813  36.205  -25.048  29.253 0.8888890147
119785  35.238  -24.443  28.626 1.0000000000
49147  34.274  -24.661  28.286 1.0000000000
121491  33.218  -24.879  28.131 1.0000000000
49149  31.559  -24.739  28.918 1.0000000000
49135  30.730  -24.074  29.722 1.0000000000
49126  30.681  -24.202  30.590 0.8888890147
50951  37.756  -23.708  30.019 0.3333329856
50024  37.109  -23.887  29.771 0.5555559993
49133  35.962  -24.225  28.950 1.0000000000
129373  33.776  -24.287  28.172 1.0000000000
49148  32.773  -24.322  28.085 1.0000000000
124074  31.921  -24.460  28.362 1.0000000000
131280  30.598  -23.794  31.414 0.8888890147
50952  37.132  -23.717  29.349 0.7777780294
50045  35.926  -23.701  28.159 1.0000000000
50035  36.104  -23.962  28.776 0.8888890147
50047  33.842  -23.964  28.072 1.0000000000
121520  32.843  -23.920  27.850 1.0000000000
111979  31.943  -23.901  28.039 1.0000000000
50048  31.028  -23.576  28.346 1.0000000000
50964  30.185  -22.771  29.360 1.0000000000
50056  36.664  -23.561  28.063 0.8888890147
50044  36.749  -23.650  28.591 0.8888890147
50046  34.918  -23.828  28.161 1.0000000000
50059  33.335  -23.716  27.356 1.0000000000
125966  30.808  -22.841  27.836 1.0000000000
50049  30.441  -22.817  28.491 1.0000000000
48175  31.912  -24.942  32.203 0.7777780294
49117  31.174  -24.504  31.606 0.8888890147
50940  39.455  -22.911  31.332 0.2222220004
50934  39.167  -23.314  32.008 0.2222220004
50009  39.040  -23.707  32.522 0.2222220004
49115  38.794  -24.092  32.284 0.2222220004
110761  38.850  -23.295  30.746 0.3333329856
50941  38.864  -23.406  31.343 0.2222220004
50014  38.692  -23.765  31.681 0.2222220004
50950  39.483  -22.889  30.387 0.2222220004
125473  38.905  -23.253  30.072 0.3333329856
50974  38.754  -23.201  28.629 0.3333329856
109699  38.332  -23.504  30.156 0.3333329856
50953  30.070  -22.663  30.232 1.0000000000
50010  30.392  -23.016  31.724 0.8888890147
50962  38.511  -23.354  29.478 0.4444440007
123446  38.019  -23.414  28.950 0.4444440007
50963  37.798  -23.560  29.505 0.6666669846
50975  37.953  -23.383  28.086 0.6666669846
128508  37.255  -23.489  28.117 0.7777780294
121134  35.993  -23.610  27.760 1.0000000000
50057  35.312  -23.665  27.703 1.0000000000
50072  33.926  -23.514  26.615 1.0000000000
50988  31.820  -22.836  26.819 1.0000000000
50061  31.431  -23.198  27.558 1.0000000000
51882  30.164  -21.923  28.798 1.0000000000
111143  30.048  -22.094  29.675 1.0000000000
50070  36.486  -23.561  27.255 1.0000000000
50071  35.765  -23.560  26.831 1.0000000000
50073  32.833  -23.203  26.430 1.0000000000
50977  30.561  -22.177  27.877 1.0000000000
49996  32.250  -23.624  34.445 0.5555559993
49105  31.766  -24.077  33.289 0.7777780294
49110  31.498  -24.267  32.584 0.7777780294
50939  40.196  -22.460  30.773 0.1111110002
50949  40.211  -22.506  29.839 0.2222220004
112027  30.734  -22.733  32.555 0.7777780294
50016  30.886  -23.666  32.194 0.8888890147
50961  39.430  -22.971  29.363 0.3333329856
50943  30.114  -22.392  31.109 0.8888890147
51838  30.252  -21.452  31.270 0.8888890147
51853  30.091  -21.790  30.419 0.8888890147
50987  37.295  -23.437  27.324 0.8888890147
52802  30.994  -20.222  28.723 1.0000000000
121213  30.625  -21.285  28.166 1.0000000000
52771  30.389  -20.865  30.500 1.0000000000
124318  38.151  -23.131  27.169 0.6666669846
51000  35.682  -23.206  25.898 1.0000000000
129221  35.247  -23.426  26.320 1.0000000000
125433  31.514  -22.160  26.751 1.0000000000
50999  36.726  -23.277  26.254 1.0000000000
51023  34.039  -22.335  25.573 1.0000000000
51002  33.126  -22.600  25.868 1.0000000000
51003  32.234  -22.223  26.170 1.0000000000
49988  32.240  -22.918  35.039 0.5555559993
50002  31.683  -23.477  33.800 0.7777780294
51837  40.943  -22.059  31.134 0.1111110002
50925  31.654  -22.708  34.361 0.6666669846
50003  31.235  -23.470  33.033 0.7777780294
51852  40.907  -22.080  30.211 0.2222220004
50935  30.710  -21.729  32.720 0.7777780294
52759  30.642  -20.508  31.346 0.7777780294
52784  31.376  -19.697  29.713 0.7777780294
52770  30.919  -19.984  30.536 0.7777780294
50973  39.626  -22.779  28.239 0.2222220004
52826  31.795  -20.571  27.115 1.0000000000
51881  30.408  -20.999  28.955 1.0000000000
110703  38.903  -22.912  27.550 0.4444440007
50986  38.650  -22.697  26.633 0.5555559993
108456  37.813  -22.957  26.406 0.7777780294
52850  32.307  -21.058  26.128 1.0000000000
51918  31.707  -21.541  26.594 1.0000000000
51895  31.098  -21.609  27.275 1.0000000000
51022  36.341  -22.607  25.412 0.8888890147
51945  33.072  -21.699  25.693 1.0000000000
50914  31.709  -21.945  34.937 0.4444440007
52717  32.078  -20.326  34.734 0.3333329856
50915  31.332  -21.605  34.188 0.3333329856
51851  41.656  -21.655  30.549 0.1111110002
52718  31.528  -20.449  33.971 0.3333329856
51809  31.001  -21.174  33.405 0.6666669846
52734  31.294  -20.293  33.014 0.3333329856
51824  30.823  -20.871  32.714 0.4444440007
120944  41.138  -21.987  28.851 0.2222220004
51868  40.840  -22.150  29.440 0.2222220004
127883  32.231  -19.293  31.624 0.4444440007
128194  31.566  -19.752  31.897 0.3333329856
52745  31.741  -19.721  32.407 0.3333329856
50960  40.401  -22.431  28.797 0.3333329856
123449  31.773  -19.549  29.065 0.7777780294
122485  39.760  -22.515  27.316 0.3333329856
125801  35.256  -22.427  25.385 1.0000000000
51944  34.625  -21.687  25.282 1.0000000000
52800  32.357  -19.548  27.790 1.0000000000
51850  42.469  -21.203  31.004 0.1111110002
112731  33.944  -18.896  34.978 0.2222220004
52731  33.716  -18.802  33.846 0.3333329856
52732  32.717  -19.198  33.808 0.3333329856
120453  32.233  -19.768  34.102 0.3333329856
51867  41.600  -21.761  29.467 0.1111110002
115050  32.966  -18.965  33.057 0.3333329856
126421  32.428  -19.248  32.490 0.3333329856
50972  40.381  -22.341  27.766 0.3333329856
53727  32.184  -19.243  29.843 0.5555559993
52768  32.581  -19.050  30.722 0.4444440007
50998  38.407  -22.353  25.952 0.5555559993
122624  32.398  -19.166  28.988 0.6666669846
53726  32.938  -18.853  30.140 0.5555559993
125560  38.215  -21.899  25.553 0.7777780294
117203  35.970  -21.903  25.057 0.8888890147
51943  35.309  -21.452  25.090 1.0000000000
113159  33.888  -21.258  25.421 1.0000000000
52825  32.665  -19.975  26.650 0.8888890147
116235  36.089  -20.964  24.949 0.8888890147
127372  35.259  -20.707  25.093 0.8888890147
52859  33.962  -20.376  25.495 1.0000000000
53783  33.347  -19.757  25.997 1.0000000000
53772  32.786  -19.228  27.466 0.8888890147
52743  33.886  -18.713  32.813 0.2222220004
52757  33.228  -18.763  31.441 0.4444440007
128210  33.076  -18.803  30.795 0.4444440007
31743  9.135  -42.684  51.622 0.2222220004
124667  3.883  -40.820  53.599 0.4444440007
32623  2.804  -41.508  53.894 0.4444440007
31746  5.844  -42.541  51.682 0.3333329856
31749  8.740  -42.573  50.843 0.2222220004
33629  10.879  -41.473  49.347 0.2222220004
31745  7.300  -42.880  51.367 0.2222220004
33642  11.504  -41.080  49.014 0.2222220004
34598  2.591  -39.979  54.075 0.4444440007
32624  2.239  -41.588  53.770 0.2222220004
33593  1.948  -40.634  53.586 0.2222220004
114698  2.064  -40.047  53.823 0.4444440007
33606  1.368  -39.951  53.247 0.2222220004
33616  1.108  -39.796  52.948 0.2222220004
34607  1.317  -39.886  52.289 0.1111110002
32650  1.906  -41.576  52.460 0.2222220004
32649  5.362  -41.951  51.416 0.5555559993
32657  8.269  -42.269  50.019 0.2222220004
31751  6.798  -42.561  50.714 0.2222220004
33671  10.753  -40.850  47.483 0.2222220004
122083  10.606  -40.580  46.788 0.2222220004
32673  7.153  -41.555  49.035 0.3333329856
33630  5.768  -41.173  49.868 0.5555559993
32674  6.445  -41.469  49.456 0.4444440007
32671  9.418  -41.892  49.281 0.2222220004
33658  8.209  -41.176  47.916 0.3333329856
33695  10.508  -40.306  46.123 0.4444440007
33716  11.678  -40.291  45.701 0.3333329856
123462  12.040  -40.478  46.482 0.2222220004
33632  1.939  -40.464  50.961 0.1111110002
33659  7.160  -40.933  48.279 0.5555559993
33644  6.039  -40.725  49.230 0.5555559993
33660  6.395  -40.365  48.585 0.5555559993
33696  9.850  -40.337  46.315 0.4444440007
34625  6.353  -39.315  48.437 0.5555559993
128090  3.326  -38.817  53.910 0.5555559993
34599  2.100  -39.243  53.774 0.5555559993
33735  12.805  -40.317  44.677 0.4444440007
34642  10.429  -39.621  45.041 0.5555559993
34634  10.080  -39.958  45.676 0.5555559993
119768  1.558  -39.254  51.067 0.1111110002
117076  12.094  -39.846  44.157 0.5555559993
110553  12.816  -39.768  43.444 0.6666669846
130297  11.380  -39.568  44.259 0.6666669846
34641  11.336  -39.866  44.862 0.4444440007
35563  0.982  -38.539  52.888 0.2222220004
34612  5.151  -40.050  50.530 0.5555559993
35568  5.198  -39.051  50.849 0.5555559993
35583  6.027  -38.844  49.325 0.6666669846
122471  5.222  -38.465  51.477 0.7777780294
34637  7.911  -39.142  46.390 0.7777780294
34630  7.404  -39.260  46.946 0.7777780294
35561  5.023  -38.306  52.161 0.7777780294
35551  3.508  -38.126  54.346 0.4444440007
34643  8.943  -39.120  45.561 0.7777780294
34644  8.340  -38.592  45.974 0.8888890147
35554  1.882  -38.440  53.726 0.5555559993
108459  13.630  -39.859  42.906 0.6666669846
33745  14.163  -40.400  43.642 0.4444440007
35599  10.012  -38.958  44.726 0.7777780294
36463  6.310  -37.899  49.608 0.7777780294
36503  8.659  -37.894  45.752 0.8888890147
35606  10.380  -38.427  44.265 0.7777780294
35617  10.735  -38.010  43.857 0.8888890147
37473  8.318  -36.439  47.349 0.7777780294
34695  14.269  -39.630  42.180 0.6666669846
34696  12.796  -39.074  42.643 0.7777780294
37497  9.228  -36.284  46.218 0.7777780294
37513  9.438  -36.794  45.455 0.7777780294
36512  11.038  -37.174  43.733 0.8888890147
36501  9.741  -37.296  44.925 0.8888890147
35632  13.223  -38.477  41.881 0.7777780294
35657  13.802  -38.284  41.310 0.7777780294
35615  12.105  -38.297  42.889 0.7777780294
35655  15.480  -39.012  40.882 0.7777780294
35656  14.548  -38.543  40.940 0.7777780294
37521  10.682  -36.536  44.360 0.8888890147
124133  9.823  -36.154  45.697 0.8888890147
38545  9.535  -35.721  46.972 0.6666669846
36529  12.831  -37.537  42.056 0.8888890147
35630  18.438  -39.128  41.900 0.6666669846
35679  16.174  -38.626  40.281 0.7777780294
36573  16.473  -37.362  39.732 0.7777780294
109690  25.233  -39.301  42.355 0.3333329856
34704  25.018  -39.076  41.791 0.4444440007
37519  11.946  -35.950  43.688 0.8888890147
37542  12.616  -36.757  42.422 0.8888890147
36541  14.110  -37.582  40.968 0.8888890147
35677  18.777  -38.388  40.566 0.7777780294
36553  18.416  -37.973  39.819 0.7777780294
36554  17.606  -38.011  39.741 0.7777780294
34667  23.266  -39.593  43.441 0.3333329856
126686  26.280  -39.081  41.250 0.4444440007
112207  13.218  -35.258  44.304 0.7777780294
38565  10.807  -35.351  46.403 0.6666669846
124195  13.466  -35.635  42.253 0.8888890147
36563  26.586  -37.719  39.071 0.5555559993
35674  21.882  -38.757  40.989 0.7777780294
35675  21.155  -38.582  40.590 0.6666669846
37555  14.336  -36.542  41.001 0.8888890147
37582  17.287  -36.153  39.118 0.8888890147
117380  15.939  -36.961  39.957 0.8888890147
110676  19.932  -37.792  39.340 0.7777780294
130791  18.731  -37.548  39.285 0.7777780294
36570  19.335  -37.441  38.964 0.7777780294
35625  23.432  -39.178  41.905 0.5555559993
35646  24.807  -38.804  41.142 0.5555559993
125743  23.282  -38.821  41.089 0.5555559993
109070  13.920  -35.010  44.040 0.5555559993
38625  14.433  -34.563  43.727 0.6666669846
35688  24.203  -38.171  39.851 0.5555559993
35672  23.688  -38.494  40.510 0.5555559993
39625  14.715  -34.420  42.183 0.8888890147
36581  25.176  -37.517  38.491 0.6666669846
36582  24.326  -37.561  38.523 0.6666669846
36566  23.856  -37.912  39.173 0.6666669846
122568  22.651  -38.214  39.810 0.7777780294
35690  21.972  -38.394  40.160 0.7777780294
38672  14.964  -35.938  40.794 0.8888890147
37611  26.153  -36.433  37.515 0.5555559993
37612  25.507  -36.381  37.127 0.6666669846
37614  23.126  -36.843  37.175 0.6666669846
36584  22.669  -37.631  38.495 0.7777780294
39704  26.057  -35.094  36.615 0.6666669846
38711  25.491  -34.937  36.044 0.6666669846
37630  24.665  -36.287  36.676 0.6666669846
36594  22.418  -37.211  37.780 0.7777780294
36595  21.598  -37.062  37.696 0.7777780294
109827  20.951  -37.373  38.305 0.7777780294
36569  20.645  -37.806  39.169 0.7777780294
37619  19.023  -36.362  37.947 0.7777780294
37601  18.010  -36.093  38.581 0.8888890147
131349  29.270  -32.878  35.836 0.7777780294
41530  28.947  -33.035  35.779 0.7777780294
110727  28.909  -33.068  36.261 0.6666669846
42346  28.133  -33.165  35.218 0.8888890147
41512  27.012  -33.048  35.526 0.6666669846
38725  24.847  -34.771  35.443 0.6666669846
38726  24.018  -35.019  35.115 0.7777780294
120935  16.683  -35.007  39.670 0.8888890147
38683  17.086  -35.179  39.204 0.8888890147
41529  29.311  -32.830  35.561 0.7777780294
117685  23.630  -36.171  36.358 0.7777780294
37616  21.315  -36.574  37.080 0.7777780294
37598  20.251  -36.941  37.826 0.7777780294
37617  20.551  -36.430  37.178 0.8888890147
37618  19.669  -36.252  37.408 0.7777780294
38694  18.231  -35.321  38.105 0.8888890147
40713  24.394  -33.347  34.560 0.8888890147
39724  23.474  -34.350  34.737 0.8888890147
38715  21.455  -35.528  36.123 0.8888890147
37633  20.986  -36.003  36.610 0.8888890147
42384  27.444  -32.034  34.263 0.8888890147
43232  27.014  -31.176  33.818 0.8888890147
42365  26.235  -31.866  34.286 0.8888890147
41550  24.986  -31.912  34.005 0.8888890147
41551  24.064  -32.240  34.078 0.8888890147
39677  16.961  -34.399  39.500 0.8888890147
40645  16.863  -33.816  39.906 0.8888890147
40711  32.194  -33.518  35.585 0.7777780294
41528  30.310  -32.805  35.154 0.8888890147
38714  22.136  -35.784  36.028 0.8888890147
39706  18.550  -34.490  37.671 0.8888890147
40726  32.560  -33.322  34.730 0.7777780294
42383  27.893  -31.666  34.016 0.8888890147
39725  22.627  -34.310  34.983 0.8888890147
40715  21.834  -34.070  35.434 0.8888890147
39715  21.097  -34.608  35.968 0.7777780294
41568  29.704  -32.009  33.728 0.8888890147
43265  27.238  -30.435  33.211 0.8888890147
44147  26.762  -29.690  33.057 0.7777780294
42387  23.427  -31.859  34.211 0.8888890147
40592  16.373  -32.966  42.660 0.6666669846
40623  17.064  -33.118  40.140 0.7777780294
40692  33.678  -33.934  36.102 0.4444440007
40710  33.143  -33.676  35.340 0.6666669846
41546  32.876  -32.996  33.924 0.7777780294
40696  21.797  -33.198  35.694 0.7777780294
120146  32.378  -32.735  33.539 0.7777780294
41566  31.720  -32.556  33.445 0.8888890147
42403  28.368  -31.366  33.477 0.8888890147
43264  28.022  -30.060  32.560 0.7777780294
44148  26.266  -29.074  33.010 0.7777780294
43249  26.108  -29.964  33.365 0.7777780294
45165  25.062  -28.398  33.384 0.7777780294
44149  25.527  -29.137  33.233 0.7777780294
45166  24.441  -28.571  33.656 0.7777780294
44130  24.009  -29.210  33.726 0.7777780294
42366  22.819  -31.464  34.602 0.7777780294
41445  18.256  -32.291  40.337 0.3333329856
130581  34.781  -33.518  34.777 0.6666669846
41461  18.489  -32.552  39.530 0.4444440007
40738  34.468  -33.251  34.264 0.6666669846
109422  32.244  -32.491  33.019 0.8888890147
42349  22.146  -31.535  36.428 0.6666669846
41496  21.656  -32.563  36.630 0.5555559993
42420  29.449  -30.758  32.064 0.7777780294
44164  28.429  -29.255  32.224 0.7777780294
43263  28.843  -29.972  32.061 0.7777780294
45184  27.823  -28.064  32.564 0.7777780294
121839  28.270  -28.526  32.349 0.7777780294
45185  27.220  -28.360  32.682 0.7777780294
46175  26.373  -27.456  33.262 0.7777780294
46189  27.263  -27.557  32.987 0.7777780294
44166  26.859  -28.925  32.769 0.7777780294
47172  25.716  -26.658  34.492 0.7777780294
47181  26.040  -26.886  33.798 0.7777780294
46165  24.646  -27.722  33.869 0.7777780294
125535  24.204  -27.671  34.547 0.7777780294
44131  23.501  -28.974  34.461 0.7777780294
42348  22.407  -31.086  35.495 0.5555559993
118848  24.615  -29.524  41.990 0.3333329856
44032  25.184  -29.134  42.475 0.2222220004
43143  23.898  -30.670  41.851 0.2222220004
41458  23.067  -31.101  40.478 0.2222220004
41443  23.564  -31.478  41.489 0.1111110002
42309  23.374  -30.830  40.838 0.2222220004
40619  22.703  -32.086  41.099 0.1111110002
120569  23.325  -31.774  41.353 0.1111110002
39675  22.096  -32.137  40.951 0.1111110002
39659  21.628  -32.242  41.020 0.1111110002
108299  25.496  -27.997  41.159 0.1111110002
45074  27.631  -27.278  40.885 0.1111110002
45065  26.058  -27.960  41.878 0.2222220004
44052  24.588  -28.886  41.181 0.3333329856
44053  23.788  -29.513  40.761 0.3333329856
40637  22.853  -31.797  40.822 0.2222220004
39676  21.820  -32.133  40.456 0.1111110002
40620  21.160  -32.363  40.634 0.1111110002
118148  18.905  -32.272  41.154 0.2222220004
41506  37.682  -32.997  35.497 0.3333329856
117127  26.342  -26.788  39.138 0.2222220004
45086  28.058  -26.962  40.012 0.1111110002
46101  26.371  -27.010  39.741 0.2222220004
112508  24.821  -27.660  39.959 0.3333329856
45087  24.710  -27.372  39.079 0.3333329856
44066  23.594  -29.216  39.820 0.2222220004
42319  22.583  -30.531  38.725 0.2222220004
46120  28.773  -26.797  37.864 0.3333329856
45111  29.506  -27.174  38.047 0.3333329856
46110  28.045  -26.569  38.582 0.2222220004
46111  25.659  -26.817  38.500 0.2222220004
110613  26.887  -26.569  38.488 0.2222220004
46112  24.631  -27.271  38.118 0.5555559993
44089  23.452  -28.732  38.115 0.3333329856
45088  24.095  -28.296  39.473 0.3333329856
43197  22.572  -30.001  38.220 0.4444440007
44078  22.981  -29.383  38.453 0.3333329856
41478  22.371  -31.529  38.767 0.2222220004
41564  34.588  -32.820  33.602 0.7777780294
41545  35.179  -32.907  33.928 0.6666669846
45147  30.100  -28.296  33.864 0.4444440007
124461  29.532  -27.906  33.979 0.5555559993
46161  29.242  -27.532  34.611 0.7777780294
127964  29.730  -27.410  36.376 0.4444440007
46149  28.767  -27.119  35.292 0.6666669846
46136  27.419  -26.544  36.741 0.5555559993
46135  28.465  -26.821  36.952 0.3333329856
45139  29.059  -27.133  36.251 0.4444440007
46137  26.413  -26.487  36.734 0.5555559993
46122  26.457  -26.550  37.562 0.2222220004
47149  26.882  -26.421  36.096 0.5555559993
117346  24.973  -26.997  36.710 0.6666669846
46124  24.510  -27.351  37.191 0.5555559993
45113  23.403  -28.713  37.203 0.5555559993
43209  22.357  -30.219  37.208 0.4444440007
42333  22.261  -31.043  37.370 0.5555559993
45163  29.411  -28.169  33.086 0.6666669846
46173  28.293  -27.257  33.498 0.7777780294
46162  28.524  -27.104  34.300 0.7777780294
46163  27.825  -26.764  33.962 0.7777780294
47159  26.902  -26.359  35.236 0.6666669846
47150  26.089  -26.412  35.850 0.5555559993
46139  24.370  -27.377  36.307 0.6666669846
46152  24.255  -27.430  35.369 0.6666669846
45127  23.327  -28.671  36.178 0.6666669846
45126  23.772  -27.990  35.831 0.6666669846
41577  35.596  -32.069  32.863 0.7777780294
41578  34.402  -32.512  32.976 0.8888890147
41580  32.562  -32.230  32.430 0.8888890147
42418  31.091  -31.505  31.762 0.8888890147
42437  30.676  -30.883  31.261 0.7777780294
44163  29.193  -29.314  32.067 0.7777780294
115657  28.584  -27.860  32.886 0.7777780294
46188  27.982  -27.477  32.990 0.7777780294
42434  33.559  -31.631  31.188 0.8888890147
122598  31.283  -31.233  31.122 0.8888890147
44129  30.863  -28.678  33.982 0.4444440007
44146  31.158  -29.066  33.235 0.5555559993
42433  34.355  -31.667  31.543 0.8888890147
42436  31.806  -31.201  30.706 0.8888890147
42455  31.700  -30.696  30.188 0.7777780294
43304  31.088  -30.038  30.607 0.6666669846
129962  38.164  -31.520  34.116 0.5555559993
44161  31.462  -29.257  32.478 0.5555559993
42414  37.550  -30.936  33.112 0.6666669846
42453  33.292  -31.259  30.396 0.8888890147
43302  32.073  -30.412  29.700 1.0000000000
43323  31.913  -29.705  29.487 1.0000000000
127412  35.372  -30.401  30.241 1.0000000000
43321  33.575  -30.222  29.178 1.0000000000
43217  39.710  -30.476  34.932 0.5555559993
44212  34.153  -29.488  28.861 1.0000000000
44086  35.289  -28.536  37.578 0.1111110002
44125  34.198  -28.745  34.762 0.2222220004
45160  34.361  -28.524  33.496 0.4444440007
46248  32.617  -27.560  28.855 1.0000000000
44210  35.954  -29.097  29.855 1.0000000000
44232  33.574  -28.753  28.471 1.0000000000
45178  37.622  -28.950  31.558 1.0000000000
47220  32.381  -26.303  29.315 1.0000000000
45240  33.994  -28.033  28.305 1.0000000000
45135  35.068  -28.100  36.030 0.2222220004
46171  34.555  -28.003  33.298 0.4444440007
46185  38.909  -27.243  32.218 0.6666669846
47203  37.685  -26.740  30.713 0.7777780294
46246  36.479  -27.665  29.716 1.0000000000
46264  35.243  -27.347  28.633 1.0000000000
46265  34.464  -27.294  28.283 1.0000000000
47241  33.306  -26.545  28.191 1.0000000000
48203  36.145  -25.693  29.169 1.0000000000
126194  32.260  -25.085  28.445 1.0000000000
49134  31.174  -24.812  29.811 1.0000000000
48172  39.115  -25.498  32.482 0.3333329856
48221  34.821  -25.439  28.358 1.0000000000
127227  34.686  -24.129  28.400 1.0000000000
50036  31.069  -24.179  29.094 1.0000000000
50034  36.503  -23.921  29.105 0.7777780294
49146  35.600  -24.018  28.602 1.0000000000
126825  31.488  -24.183  28.566 1.0000000000
50037  30.587  -23.517  29.149 1.0000000000
50025  30.318  -23.482  29.971 1.0000000000
50017  30.230  -23.312  30.853 0.8888890147
50060  32.315  -23.497  27.322 1.0000000000
50058  34.371  -23.727  27.578 1.0000000000
49109  32.179  -24.698  32.999 0.7777780294
115115  34.876  -23.593  26.816 1.0000000000
50989  31.118  -22.479  27.288 1.0000000000
51869  30.198  -21.335  29.660 1.0000000000
51001  33.674  -23.079  25.969 1.0000000000
50926  31.102  -22.430  33.490 0.7777780294
52827  31.204  -20.707  27.837 1.0000000000
50095  34.664  -23.212  25.955 1.0000000000
52746  31.016  -20.240  32.160 0.4444440007
52769  31.788  -19.451  30.608 0.5555559993
52758  31.312  -19.798  31.371 0.5555559993
52801  31.745  -19.879  28.208 1.0000000000
51798  31.617  -21.046  34.686 0.3333329856
51021  37.476  -22.452  25.561 0.8888890147
114648  34.625  -20.910  25.224 1.0000000000
52849  33.153  -20.654  25.757 1.0000000000
52730  34.982  -18.685  34.233 0.2222220004
52744  33.106  -18.857  32.237 0.4444440007
51942  36.802  -21.763  25.065 0.8888890147
53754  32.785  -18.960  28.458 0.7777780294
52756  33.828  -18.625  32.132 0.4444440007
35553  2.406  -38.379  54.056 0.4444440007
117378  2.892  -37.910  54.692 0.4444440007
36396  3.207  -37.178  55.089 0.2222220004
35549  2.556  -37.492  54.631 0.2222220004
128764  3.437  -37.502  54.915 0.2222220004
36408  4.447  -37.806  53.868 0.3333329856
36421  5.510  -37.668  52.610 0.6666669846
35556  4.768  -38.077  52.983 0.3333329856
35567  5.728  -38.170  51.025 0.6666669846
36400  4.144  -37.387  54.679 0.2222220004
36407  5.297  -37.462  53.477 0.3333329856
36436  5.675  -37.888  51.810 0.6666669846
36447  6.281  -37.667  50.506 0.6666669846
36435  6.281  -37.453  51.381 0.6666669846
36446  6.872  -37.128  50.004 0.7777780294
36399  5.064  -37.219  54.394 0.3333329856
36420  6.229  -37.269  52.238 0.6666669846
36434  6.940  -37.007  50.922 0.6666669846
37405  6.905  -36.799  51.799 0.6666669846
119767  7.447  -36.246  51.308 0.5555559993
37431  7.451  -36.553  49.510 0.6666669846
37415  7.451  -36.372  50.420 0.4444440007
112151  8.014  -36.148  49.075 0.4444440007
37414  8.007  -35.666  50.875 0.3333329856
37472  9.012  -35.756  47.726 0.5555559993
37448  8.264  -36.137  48.271 0.4444440007
38503  8.556  -35.162  50.556 0.3333329856
112369  8.899  -34.979  49.888 0.2222220004
37430  8.135  -35.752  49.906 0.3333329856
38532  9.503  -35.106  48.509 0.3333329856
38517  8.683  -35.476  49.036 0.3333329856
128505  8.836  -35.600  48.378 0.4444440007
38515  10.368  -34.426  49.236 0.2222220004
38516  9.402  -34.839  49.302 0.2222220004
38531  10.567  -34.752  48.328 0.2222220004
108626  9.919  -35.241  47.693 0.3333329856
110659  10.727  -35.036  47.669 0.2222220004
38544  10.344  -35.336  47.029 0.3333329856
108598  11.609  -35.162  46.635 0.4444440007
38588  11.417  -35.351  45.745 0.5555559993
38530  11.579  -34.592  48.055 0.1111110002
38542  12.273  -34.804  47.371 0.1111110002
38564  12.382  -35.100  46.458 0.4444440007
38587  12.367  -35.245  45.491 0.4444440007
41474  29.817  -33.979  37.567 0.2222220004
41491  29.048  -33.517  36.038 0.5555559993
38563  13.291  -35.051  46.296 0.2222220004
38586  13.256  -35.174  45.259 0.3333329856
40653  30.737  -33.787  38.086 0.3333329856
40654  30.057  -33.822  37.858 0.2222220004
40677  30.311  -33.629  37.380 0.4444440007
41489  29.880  -33.686  37.112 0.2222220004
38606  14.576  -34.511  44.783 0.4444440007
124079  26.791  -28.352  44.213 0.1111110002
124418  26.128  -28.659  43.775 0.1111110002
45054  25.712  -28.445  42.397 0.1111110002
45053  26.423  -28.151  42.769 0.1111110002
45066  25.250  -28.592  41.838 0.1111110002
38585  14.782  -34.302  46.119 0.2222220004
41508  30.018  -33.384  36.678 0.4444440007
38584  15.565  -33.830  46.742 0.2222220004
38605  15.142  -33.830  45.549 0.3333329856
39584  15.436  -33.485  44.955 0.3333329856
38624  14.979  -34.078  44.356 0.4444440007
39604  15.759  -33.232  44.249 0.3333329856
43184  33.350  -28.614  38.270 0.1111110002
43185  32.756  -28.498  38.031 0.2222220004
127135  32.089  -28.240  38.039 0.1111110002
114414  31.585  -27.935  37.736 0.2222220004
128845  33.008  -28.529  37.535 0.2222220004
43196  32.954  -28.497  37.012 0.2222220004
44087  32.421  -28.309  37.411 0.2222220004
44088  31.704  -28.012  36.842 0.2222220004
43208  33.235  -28.638  36.508 0.2222220004
44101  32.477  -28.454  36.395 0.2222220004
44102  31.585  -28.322  35.888 0.2222220004
44113  32.980  -28.823  35.713 0.2222220004
45095  30.687  -27.702  38.140 0.2222220004
45110  30.047  -27.446  37.708 0.3333329856
45124  30.181  -27.527  36.808 0.3333329856
45109  30.852  -27.697  37.283 0.3333329856
45123  30.881  -27.871  36.362 0.2222220004
124226  30.157  -27.798  35.935 0.3333329856
45137  30.760  -28.186  35.475 0.2222220004
119739  30.607  -28.374  34.644 0.2222220004
54744  33.784  -18.359  25.652 0.7777780294
48157  33.757  -25.419  34.235 0.3333329856
112492  33.669  -19.113  25.866 0.7777780294
49103  32.998  -24.935  33.878 0.3333329856
130088  32.573  -24.810  33.443 0.4444440007
56524  33.375  -16.614  28.345 0.7777780294
54716  33.065  -18.414  27.542 0.6666669846
117900  33.077  -18.981  27.137 0.6666669846
58279  34.000  -14.466  26.780 0.6666669846
58280  33.626  -15.037  27.675 0.6666669846
56537  33.050  -16.833  27.315 0.7777780294
55670  33.007  -17.711  26.896 0.7777780294
125519  33.287  -19.205  26.450 0.7777780294
59228  35.237  -13.357  25.767 0.7777780294
56568  33.562  -17.027  25.671 0.7777780294
55683  33.287  -17.702  25.909 0.7777780294
128344  35.666  -13.332  25.222 0.7777780294
49096  33.296  -24.701  34.701 0.3333329856
59177  35.514  -13.575  30.218 0.3333329856
58252  35.122  -14.186  29.836 0.4444440007
57362  34.153  -15.727  29.340 0.4444440007
55653  33.217  -17.632  28.163 0.7777780294
54702  32.984  -18.773  28.019 0.5555559993
113009  36.293  -12.345  28.945 0.4444440007
59193  35.689  -12.942  29.532 0.5555559993
58269  34.140  -14.824  28.665 0.5555559993
57363  33.633  -15.713  28.489 0.6666669846
60081  35.616  -12.683  27.417 0.5555559993
59217  34.571  -13.826  26.312 0.6666669846
60101  37.247  -12.445  25.104 0.7777780294
60102  35.890  -12.903  25.560 0.7777780294
60112  38.432  -12.698  24.088 0.7777780294
60113  37.492  -12.818  24.396 0.7777780294
49995  32.831  -23.875  35.095 0.3333329856
59163  36.920  -13.747  32.283 0.1111110002
54687  33.634  -18.200  29.727 0.4444440007
59164  36.374  -13.650  31.608 0.2222220004
58234  35.565  -14.576  30.701 0.3333329856
57340  35.420  -15.647  30.796 0.2222220004
55636  34.722  -17.000  30.522 0.3333329856
119999  33.085  -18.691  29.447 0.5555559993
61812  40.022  -10.504  32.090 0.1111110002
60922  39.277  -10.825  31.800 0.1111110002
60923  38.486  -11.268  31.605 0.3333329856
60934  37.621  -11.623  30.387 0.5555559993
60046  36.354  -12.718  30.865 0.3333329856
58253  34.639  -14.984  29.591 0.4444440007
55652  33.746  -17.180  29.250 0.5555559993
115754  33.184  -18.328  28.378 0.5555559993
54688  33.169  -18.506  28.893 0.5555559993
61828  40.064  -10.651  31.111 0.1111110002
109278  39.054  -10.946  30.066 0.2222220004
60956  37.583  -11.559  28.911 0.4444440007
60062  36.880  -11.920  29.348 0.5555559993
61843  39.975  -10.861  30.127 0.1111110002
60955  38.997  -11.164  28.564 0.3333329856
117496  37.647  -11.560  28.023 0.6666669846
60970  36.942  -11.785  27.391 0.6666669846
60999  38.547  -11.909  25.493 0.7777780294
61000  37.755  -12.060  25.728 0.7777780294
60987  36.764  -12.038  26.564 0.7777780294
60100  38.025  -12.290  24.858 0.7777780294
51764  32.478  -21.262  35.944 0.2222220004
51783  31.988  -21.145  35.307 0.2222220004
58218  36.678  -14.598  32.078 0.1111110002
54673  34.217  -17.998  30.467 0.3333329856
53737  33.611  -18.409  30.307 0.4444440007
58233  36.110  -14.565  31.437 0.2222220004
57339  35.871  -15.373  31.290 0.2222220004
56501  35.433  -16.949  31.272 0.2222220004
55637  34.102  -17.604  29.980 0.3333329856
57331  36.956  -16.073  32.470 0.1111110002
54672  34.770  -17.848  31.117 0.2222220004
53725  34.234  -18.227  31.031 0.3333329856
121424  36.454  -15.598  31.894 0.1111110002
56490  35.841  -16.284  31.453 0.2222220004
56489  36.475  -16.596  32.204 0.1111110002
124164  33.538  -18.560  30.913 0.3333329856
53716  34.180  -18.427  31.705 0.3333329856
123876  35.924  -16.924  31.777 0.1111110002
55609  35.640  -17.299  31.744 0.1111110002
54663  34.868  -18.110  31.671 0.2222220004
53707  34.506  -18.492  32.483 0.3333329856
54655  35.518  -17.988  32.343 0.2222220004
53715  34.892  -18.284  32.198 0.3333329856
54662  35.882  -17.522  32.249 0.2222220004
116696  35.321  -17.701  31.711 0.2222220004
52742  34.803  -18.569  33.302 0.2222220004
53706  35.237  -18.319  32.795 0.2222220004
37449  7.493  -36.728  48.616 0.7777780294
41490  29.714  -33.557  36.781 0.4444440007
40694  30.765  -33.490  36.776 0.4444440007
40591  16.985  -32.438  43.087 0.3333329856
44115  31.261  -28.664  34.970 0.2222220004
49104  32.303  -24.301  33.796 0.5555559993
114998  33.006  -19.408  26.734 0.6666669846
38543  11.219  -35.090  47.199 0.2222220004
38607  14.081  -35.052  45.077 0.2222220004
129368  15.322  -33.787  43.956 0.5555559993
44021  25.639  -28.824  43.028 0.1111110002
36394  4.783  -36.821  55.187 0.2222220004
54729  33.247  -18.547  26.445 0.7777780294
49097  32.725  -24.304  34.414 0.4444440007
128246  33.780  -16.370  29.083 0.5555559993
113029  34.115  -14.381  27.775 0.6666669846
59202  34.533  -13.969  28.346 0.5555559993
59208  34.481  -13.803  27.317 0.5555559993
127154  33.143  -16.202  26.634 0.6666669846
56552  33.088  -16.931  26.259 0.7777780294
60092  35.672  -12.723  26.413 0.7777780294
125036  36.160  -14.241  24.347 0.7777780294
59241  36.142  -13.281  24.798 0.7777780294
59227  36.541  -12.638  25.317 0.7777780294
58268  34.656  -14.249  29.136 0.4444440007
130399  35.339  -13.507  29.685 0.4444440007
59192  35.871  -12.970  30.328 0.3333329856
59176  35.873  -13.627  30.933 0.3333329856
110106  35.112  -15.077  30.247 0.4444440007
56513  34.236  -16.596  29.751 0.5555559993
57349  34.761  -15.938  30.216 0.4444440007
60070  35.662  -12.787  28.477 0.5555559993
60069  36.240  -12.196  27.932 0.6666669846
59201  35.145  -13.535  29.020 0.5555559993
59207  35.054  -13.298  27.899 0.5555559993
59216  35.016  -13.188  26.822 0.5555559993
60080  36.230  -12.233  26.959 0.7777780294
60114  36.825  -12.892  24.699 0.7777780294
60090  36.988  -12.190  25.874 0.7777780294
60091  36.316  -12.385  26.089 0.7777780294
60111  39.213  -12.367  24.199 0.7777780294
117019  35.255  -16.425  30.872 0.2222220004
128338  34.222  -17.151  29.905 0.4444440007
55638  33.531  -17.955  29.096 0.4444440007
55621  34.594  -17.575  30.678 0.3333329856
60933  38.397  -11.232  30.605 0.3333329856
60932  39.185  -10.838  30.865 0.1111110002
60924  37.732  -11.684  31.339 0.5555559993
60945  37.453  -11.658  29.673 0.5555559993
115231  37.036  -12.110  31.066 0.5555559993
60055  36.911  -12.022  30.192 0.5555559993
116756  36.329  -12.446  29.861 0.3333329856
60944  38.345  -11.268  29.495 0.4444440007
60943  39.435  -11.006  29.348 0.2222220004
126171  38.224  -11.372  28.528 0.5555559993
60957  36.884  -11.806  28.446 0.5555559993
60968  38.541  -11.417  27.648 0.5555559993
60986  37.415  -11.858  26.547 0.6666669846
60969  37.773  -11.639  27.224 0.6666669846
114898  39.192  -11.789  25.248 0.7777780294
60985  38.345  -11.677  26.505 0.7777780294
61012  38.833  -12.134  24.716 0.7777780294
55620  35.097  -17.409  31.191 0.3333329856
122434  1.688  -41.262  53.176 0.1111110002
117919  2.067  -41.157  51.425 0.1111110002
34610  1.326  -39.221  51.753 0.1111110002
35558  1.279  -38.575  53.428 0.2222220004
36423  1.213  -37.883  53.134 0.1111110002
34611  1.122  -38.514  52.083 0.1111110002
36410  1.534  -37.877  53.568 0.2222220004
35550  2.083  -37.694  54.100 0.2222220004
36401  1.808  -37.730  53.820 0.3333329856
32638  11.209  -41.398  52.558 0.1111110002
110021  13.865  -40.556  51.156 0.1111110002
113474  13.092  -40.578  51.040 0.1111110002
33611  12.793  -40.459  52.534 0.1111110002
33612  11.928  -40.840  52.457 0.1111110002
127518  12.375  -40.757  51.508 0.1111110002
33627  12.491  -40.757  50.353 0.1111110002
32654  11.637  -41.193  50.773 0.1111110002
32646  11.473  -41.312  51.691 0.1111110002
33641  12.237  -40.795  49.371 0.1111110002
37396  6.792  -36.618  52.702 0.4444440007
33628  11.612  -41.102  49.848 0.1111110002
117190  10.915  -41.724  51.073 0.1111110002
33626  13.467  -40.598  50.369 0.1111110002
38486  7.903  -35.409  52.865 0.2222220004
38472  7.694  -35.341  53.752 0.2222220004
37382  7.282  -35.959  53.221 0.3333329856
116288  12.014  -40.819  48.673 0.1111110002
116663  14.902  -40.781  49.797 0.1111110002
33625  14.331  -40.660  50.470 0.1111110002
33624  15.188  -40.790  50.706 0.1111110002
33637  15.929  -40.982  50.005 0.1111110002
115388  13.987  -40.627  49.652 0.1111110002
33638  15.450  -40.864  49.043 0.1111110002
33639  14.540  -40.699  48.962 0.1111110002
33654  14.231  -40.581  48.247 0.1111110002
33640  13.631  -40.570  48.765 0.1111110002
110020  13.861  -40.494  47.695 0.1111110002
110019  13.155  -40.506  47.976 0.1111110002
33669  12.536  -40.536  47.230 0.1111110002
32686  17.332  -41.395  48.140 0.1111110002
32687  17.070  -41.327  48.973 0.1111110002
126455  16.669  -41.104  47.857 0.1111110002
108605  15.973  -40.931  48.204 0.1111110002
33653  15.031  -40.754  48.252 0.1111110002
33667  16.247  -40.958  47.294 0.1111110002
33668  15.398  -40.796  47.443 0.1111110002
109784  14.580  -40.634  47.583 0.1111110002
33690  15.717  -40.826  46.463 0.1111110002
33693  12.855  -40.490  46.442 0.1111110002
33691  14.868  -40.656  45.974 0.1111110002
124494  14.309  -40.606  46.366 0.1111110002
33692  13.640  -40.550  46.359 0.1111110002
33713  14.688  -40.659  45.071 0.1111110002
33714  13.107  -40.495  45.528 0.2222220004
32685  18.245  -41.800  48.291 0.1111110002
33726  23.951  -40.347  44.791 0.2222220004
32704  17.902  -41.617  47.391 0.1111110002
124873  17.776  -41.461  46.684 0.1111110002
36548  29.138  -37.502  40.332 0.2222220004
33688  18.100  -41.413  45.967 0.1111110002
116025  17.293  -41.227  46.227 0.1111110002
36549  28.468  -37.370  39.866 0.3333329856
33711  17.605  -41.093  45.334 0.1111110002
33712  15.557  -40.718  45.428 0.1111110002
35685  26.919  -38.163  39.782 0.4444440007
33732  15.350  -40.623  44.532 0.2222220004
110067  16.123  -40.673  44.823 0.2222220004
33744  16.069  -40.484  43.895 0.3333329856
33734  13.718  -40.521  44.561 0.2222220004
124960  27.314  -37.664  39.343 0.4444440007
121696  15.056  -40.468  43.697 0.4444440007
33705  22.972  -41.048  45.322 0.2222220004
32714  22.613  -41.805  46.352 0.1111110002
32715  21.700  -41.861  46.261 0.1111110002
33727  23.005  -40.388  44.676 0.2222220004
33683  22.184  -41.399  45.632 0.2222220004
32716  20.804  -41.912  46.227 0.1111110002
33706  22.192  -40.845  44.908 0.2222220004
126843  21.563  -41.129  45.146 0.1111110002
33685  20.453  -41.519  45.588 0.1111110002
125485  19.205  -41.814  46.167 0.1111110002
32702  19.285  -42.164  46.996 0.1111110002
114711  30.209  -36.728  41.083 0.1111110002
37565  29.655  -36.677  40.557 0.2222220004
34650  22.693  -39.900  43.949 0.2222220004
126497  22.034  -40.294  44.308 0.2222220004
126612  21.385  -40.696  44.640 0.2222220004
33707  20.893  -41.109  45.060 0.1111110002
33686  19.660  -41.527  45.580 0.1111110002
34690  22.063  -39.508  42.805 0.2222220004
122159  21.135  -40.234  44.073 0.2222220004
33728  20.607  -40.660  44.508 0.1111110002
33708  20.142  -41.127  44.990 0.1111110002
33710  18.530  -41.199  45.148 0.1111110002
122065  18.129  -40.762  44.541 0.1111110002
37579  28.465  -36.456  39.520 0.3333329856
35667  28.409  -38.286  40.362 0.3333329856
33731  17.068  -40.631  44.551 0.1111110002
36561  27.896  -37.202  39.343 0.4444440007
34674  16.323  -40.235  43.119 0.2222220004
36579  26.745  -37.150  38.510 0.4444440007
34675  15.545  -40.257  43.023 0.5555559993
38639  30.913  -35.739  41.696 0.1111110002
39617  31.279  -35.441  41.898 0.1111110002
116170  30.549  -36.101  41.444 0.1111110002
126079  30.050  -35.994  40.883 0.1111110002
124502  21.762  -39.833  43.546 0.2222220004
34669  20.808  -39.862  43.407 0.2222220004
34651  20.302  -40.249  43.914 0.1111110002
33729  19.824  -40.678  44.434 0.1111110002
120384  29.545  -35.847  40.310 0.2222220004
38681  28.984  -35.684  39.782 0.3333329856
34670  20.032  -39.830  43.260 0.3333329856
34671  19.338  -39.757  42.998 0.3333329856
34672  18.656  -40.026  43.418 0.4444440007
34654  17.899  -40.303  43.890 0.2222220004
37580  27.885  -36.350  38.967 0.4444440007
34691  18.590  -39.571  42.694 0.4444440007
34692  17.678  -39.494  42.357 0.5555559993
112714  16.940  -39.945  42.754 0.6666669846
36562  27.313  -37.152  38.866 0.4444440007
37594  27.252  -36.410  38.331 0.4444440007
130192  30.522  -35.718  41.104 0.1111110002
39618  30.792  -35.429  41.090 0.1111110002
38669  29.546  -35.214  39.880 0.2222220004
39656  29.537  -34.734  39.131 0.2222220004
38682  28.512  -35.407  39.170 0.4444440007
39674  28.563  -34.702  38.536 0.4444440007
38693  27.378  -35.596  38.039 0.4444440007
39691  27.101  -35.187  37.570 0.4444440007
38702  26.793  -36.072  37.718 0.4444440007
39616  31.784  -35.321  42.555 0.1111110002
40585  32.164  -35.086  42.395 0.1111110002
39636  31.045  -35.158  41.080 0.1111110002
39637  30.571  -35.148  40.382 0.1111110002
39673  28.857  -34.814  38.963 0.4444440007
39690  27.858  -34.803  38.041 0.4444440007
40657  28.655  -34.285  37.783 0.4444440007
39702  27.673  -34.349  37.363 0.4444440007
40568  32.786  -35.113  43.158 0.1111110002
111967  31.889  -34.824  41.494 0.1111110002
40598  31.314  -34.943  40.870 0.1111110002
40615  30.524  -34.814  39.611 0.1111110002
40635  29.701  -34.565  38.610 0.1111110002
40678  27.922  -34.067  37.009 0.4444440007
39573  34.141  -35.259  44.917 0.1111110002
120740  33.357  -35.143  44.098 0.1111110002
39594  33.976  -35.202  43.879 0.1111110002
126579  33.049  -35.022  43.524 0.1111110002
40584  32.455  -34.920  42.239 0.1111110002
117280  32.234  -34.686  41.618 0.1111110002
40614  30.931  -34.702  39.974 0.1111110002
40633  30.745  -34.194  39.056 0.1111110002
41419  19.067  -32.380  42.077 0.1111110002
40655  29.861  -34.209  38.084 0.1111110002
40634  30.271  -34.410  38.803 0.1111110002
40656  29.361  -34.338  37.914 0.3333329856
41475  29.543  -34.139  37.363 0.2222220004
41476  28.950  -34.171  37.207 0.4444440007
41492  28.635  -33.794  36.352 0.4444440007
39591  37.476  -34.786  43.405 0.1111110002
39592  36.617  -35.064  43.787 0.1111110002
39571  36.337  -34.775  44.814 0.1111110002
39551  35.736  -34.655  45.706 0.1111110002
39562  16.884  -33.247  46.431 0.2222220004
38604  15.872  -33.437  46.143 0.2222220004
39611  37.720  -34.962  42.444 0.1111110002
39612  36.861  -35.288  42.874 0.1111110002
39593  35.658  -35.298  44.111 0.1111110002
127924  34.754  -35.350  44.307 0.1111110002
39582  16.858  -32.732  45.628 0.2222220004
39583  16.112  -33.036  45.430 0.2222220004
114018  37.640  -35.253  41.681 0.1111110002
38635  37.025  -35.471  42.010 0.1111110002
38617  35.980  -35.510  43.212 0.1111110002
39613  34.910  -35.521  43.397 0.1111110002
39614  33.968  -35.228  42.963 0.1111110002
40567  32.844  -34.938  42.866 0.1111110002
40574  18.512  -32.111  44.088 0.1111110002
39603  16.535  -32.640  44.743 0.2222220004
39651  37.932  -35.266  40.067 0.1111110002
38652  37.209  -35.570  41.219 0.1111110002
38653  36.383  -35.764  41.470 0.1111110002
38655  34.683  -35.613  41.552 0.1111110002
39633  33.960  -35.243  42.024 0.1111110002
39634  33.190  -34.920  41.599 0.1111110002
41420  18.636  -32.229  42.871 0.1111110002
124812  17.778  -32.123  43.353 0.1111110002
39667  38.562  -34.846  39.597 0.1111110002
38664  37.389  -35.564  40.525 0.1111110002
38665  36.628  -35.799  40.614 0.1111110002
126393  35.148  -35.798  41.240 0.1111110002
38667  34.811  -35.717  40.816 0.1111110002
110219  31.859  -34.513  40.860 0.1111110002
41421  17.625  -32.148  42.509 0.1111110002
41422  16.919  -32.480  42.310 0.2222220004
116996  38.998  -33.951  38.282 0.1111110002
40650  38.531  -34.614  38.859 0.1111110002
39668  36.901  -35.454  38.838 0.1111110002
38691  36.192  -35.714  39.128 0.1111110002
39653  33.256  -34.817  40.503 0.1111110002
39654  32.397  -34.447  40.460 0.1111110002
40632  31.089  -34.088  39.365 0.1111110002
112219  30.437  -33.970  38.730 0.1111110002
40651  38.042  -34.534  38.227 0.1111110002
40671  37.459  -34.468  37.523 0.1111110002
39684  37.179  -34.950  38.228 0.1111110002
111163  35.252  -35.056  38.001 0.1111110002
126653  31.157  -33.875  38.719 0.1111110002
120130  30.147  -34.126  38.473 0.1111110002
110606  38.217  -33.977  37.505 0.1111110002
113060  37.562  -33.919  36.776 0.1111110002
39698  36.671  -34.806  37.526 0.1111110002
39699  35.844  -34.910  37.396 0.1111110002
38679  36.031  -35.930  39.947 0.1111110002
38680  35.163  -35.814  40.083 0.1111110002
39686  35.401  -35.494  38.758 0.1111110002
127425  35.509  -35.763  39.445 0.1111110002
39671  33.796  -34.873  39.331 0.1111110002
39688  33.873  -34.715  38.405 0.1111110002
123464  32.732  -34.068  37.824 0.1111110002
129485  32.429  -34.025  38.383 0.1111110002
39700  35.024  -34.772  37.191 0.1111110002
110441  34.409  -34.780  37.784 0.2222220004
40675  32.227  -33.845  37.148 0.1111110002
115124  31.641  -33.583  36.412 0.3333329856
48162  39.557  -25.229  33.248 0.1111110002
50001  39.327  -23.660  33.227 0.1111110002
50008  39.454  -23.213  32.770 0.1111110002
51941  37.686  -21.518  25.282 0.6666669846
53796  37.394  -19.493  25.460 0.6666669846
53797  36.498  -19.827  25.203 0.7777780294
52858  35.587  -20.190  25.134 0.7777780294
54741  37.744  -18.664  25.677 0.6666669846
129778  37.007  -18.979  25.374 0.6666669846
53798  35.440  -19.381  25.220 0.6666669846
53799  34.048  -19.681  25.589 0.6666669846
55688  37.090  -18.115  25.377 0.6666669846
119571  36.165  -18.044  25.200 0.6666669846
120749  34.469  -18.140  25.360 0.6666669846
55690  34.884  -17.406  25.213 0.6666669846
55691  33.977  -17.564  25.455 0.6666669846
56564  37.404  -16.715  25.167 0.6666669846
110948  35.719  -16.862  25.153 0.6666669846
117958  34.498  -15.900  25.345 0.6666669846
113731  33.586  -16.200  25.796 0.6666669846
55689  35.717  -17.600  25.186 0.6666669846
56567  34.199  -16.764  25.352 0.6666669846
56548  42.451  -17.217  26.702 0.5555559993
56536  41.363  -17.608  26.481 0.5555559993
56551  40.419  -17.511  25.653 0.6666669846
56560  42.699  -17.309  26.131 0.5555559993
56561  42.037  -17.421  25.958 0.5555559993
56562  40.649  -17.474  25.517 0.6666669846
55687  39.563  -17.268  25.520 0.6666669846
56585  36.385  -15.748  24.748 0.6666669846
124863  35.170  -15.436  25.061 0.6666669846
57393  33.955  -15.432  25.737 0.5555559993
57384  33.475  -15.364  26.542 0.6666669846
108586  39.914  -17.026  25.089 0.5555559993
56583  38.339  -16.034  24.328 0.6666669846
130018  37.611  -15.794  24.395 0.6666669846
60045  36.763  -12.842  31.741 0.1111110002
123912  43.132  -17.427  25.451 0.5555559993
55697  42.393  -17.516  25.121 0.5555559993
55698  41.537  -17.514  25.289 0.5555559993
56581  40.796  -17.329  24.885 0.5555559993
57406  35.910  -15.182  24.670 0.6666669846
58300  35.315  -14.624  24.903 0.6666669846
109514  36.881  -13.453  24.229 0.6666669846
114322  40.176  -16.612  24.209 0.6666669846
57403  38.647  -15.642  23.780 0.6666669846
57405  36.859  -15.207  24.302 0.6666669846
58309  37.240  -14.291  23.925 0.6666669846
57423  38.594  -15.025  23.533 0.6666669846
57404  37.883  -15.216  23.883 0.6666669846
124719  37.243  -12.266  31.865 0.1111110002
56558  44.431  -17.157  25.805 0.4444440007
55695  44.315  -17.353  24.844 0.4444440007
55686  43.764  -17.393  25.342 0.5555559993
56579  42.571  -17.073  24.050 0.5555559993
56580  41.669  -17.213  24.456 0.6666669846
59240  37.781  -13.461  23.876 0.6666669846
56596  41.018  -16.672  23.922 0.6666669846
56597  39.873  -16.042  23.610 0.6666669846
58320  39.036  -14.419  23.387 0.6666669846
57422  39.335  -15.401  23.420 0.6666669846
58321  38.183  -14.308  23.625 0.6666669846
56544  45.530  -16.886  25.901 0.3333329856
55685  45.054  -17.265  25.094 0.4444440007
55696  43.407  -17.358  24.613 0.5555559993
59256  38.695  -13.535  23.604 0.6666669846
56578  44.156  -17.119  24.111 0.4444440007
57420  42.209  -15.902  23.011 0.6666669846
57421  40.280  -15.483  23.204 0.6666669846
57392  47.009  -16.265  26.293 0.3333329856
56556  47.348  -16.493  25.476 0.3333329856
56557  46.513  -16.736  25.579 0.3333329856
56577  45.883  -17.041  24.661 0.3333329856
60123  39.298  -12.879  23.728 0.6666669846
56576  46.902  -16.719  24.666 0.3333329856
56593  44.540  -16.616  23.518 0.4444440007
57419  43.053  -15.936  22.955 0.6666669846
58318  40.940  -14.706  22.914 0.6666669846
58319  39.913  -14.587  23.133 0.6666669846
59255  39.572  -13.683  23.363 0.6666669846
57437  42.645  -15.261  22.679 0.6666669846
57438  41.837  -15.119  22.759 0.6666669846
108987  39.267  -11.370  26.891 0.5555559993
60998  39.780  -11.548  25.462 0.6666669846
61010  40.585  -11.718  24.391 0.5555559993
61011  39.676  -11.899  24.688 0.6666669846
59271  43.523  -14.000  22.188 0.6666669846
59273  42.080  -13.547  22.701 0.6666669846
61023  40.714  -12.300  23.674 0.5555559993
56574  48.236  -16.289  24.043 0.2222220004
56590  47.370  -16.443  23.904 0.4444440007
57416  46.019  -15.970  23.104 0.5555559993
57435  44.726  -15.057  22.437 0.6666669846
58339  43.095  -14.632  22.456 0.6666669846
129475  41.567  -13.047  22.989 0.6666669846
60122  40.133  -12.981  23.485 0.6666669846
130161  48.027  -16.298  25.410 0.2222220004
56575  47.754  -16.504  24.717 0.3333329856
56592  45.495  -16.627  23.652 0.3333329856
57418  44.012  -15.797  22.865 0.6666669846
58341  41.700  -14.331  22.751 0.6666669846
122174  40.931  -13.031  23.223 0.6666669846
59254  40.447  -13.780  23.112 0.6666669846
61022  41.339  -11.655  23.871 0.5555559993
108482  41.895  -10.991  24.071 0.4444440007
59239  52.010  -14.258  24.968 0.2222220004
57400  50.775  -14.998  24.919 0.2222220004
57389  49.986  -15.309  25.226 0.2222220004
130817  43.258  -13.284  22.224 0.6666669846
60136  42.724  -12.877  22.482 0.5555559993
61036  42.670  -11.728  22.705 0.5555559993
57401  49.807  -15.681  24.347 0.2222220004
57414  47.813  -15.891  23.311 0.4444440007
57433  46.520  -15.305  22.661 0.5555559993
58338  44.392  -14.029  21.999 0.6666669846
60135  43.759  -13.331  21.940 0.6666669846
110134  43.414  -12.437  22.077 0.6666669846
57429  50.048  -15.243  22.873 0.2222220004
57430  49.169  -15.285  22.766 0.3333329856
57431  48.256  -15.327  22.726 0.4444440007
58335  46.964  -14.693  22.258 0.5555559993
58337  45.363  -14.399  22.143 0.5555559993
61021  42.409  -10.867  23.458 0.5555559993
59251  53.345  -13.684  24.259 0.1111110002
109379  52.480  -13.691  25.343 0.1111110002
59250  54.079  -13.434  24.023 0.1111110002
58307  52.146  -14.431  24.063 0.1111110002
58316  51.247  -15.020  23.508 0.1111110002
57399  50.897  -15.181  24.197 0.2222220004
59285  44.365  -12.871  21.672 0.5555559993
60134  55.027  -13.257  22.952 0.2222220004
124242  54.239  -13.629  23.033 0.1111110002
59252  52.821  -14.099  23.577 0.1111110002
58317  50.747  -15.161  22.973 0.2222220004
58334  47.783  -14.719  22.185 0.5555559993
58358  46.620  -14.136  21.963 0.5555559993
59270  45.189  -13.536  21.766 0.5555559993
60133  55.635  -13.000  22.512 0.2222220004
59267  54.828  -13.557  22.051 0.2222220004
125714  53.840  -13.956  22.054 0.1111110002
58330  52.183  -14.634  22.237 0.2222220004
58331  51.345  -14.879  22.547 0.2222220004
108436  49.735  -14.740  22.029 0.4444440007
58356  48.128  -14.134  21.546 0.5555559993
59284  46.659  -13.457  21.550 0.5555559993
116868  45.826  -13.131  21.539 0.5555559993
60148  45.604  -12.245  21.284 0.5555559993
59283  47.556  -13.445  21.245 0.5555559993
61020  42.964  -10.550  22.898 0.4444440007
61035  43.303  -11.421  22.284 0.5555559993
115901  44.810  -12.210  21.485 0.5555559993
60132  56.442  -12.696  22.149 0.1111110002
60145  55.690  -13.154  21.434 0.2222220004
58351  53.319  -14.149  21.164 0.2222220004
58352  52.408  -14.402  21.375 0.2222220004
58368  50.857  -14.240  20.892 0.3333329856
58369  49.981  -14.257  21.086 0.5555559993
59282  48.477  -13.456  20.786 0.5555559993
113002  46.311  -12.748  21.268 0.5555559993
61051  59.021  -11.072  21.271 0.1111110002
60152  56.837  -12.680  20.382 0.1111110002
117921  53.741  -13.851  20.518 0.2222220004
110550  51.866  -13.768  20.065 0.3333329856
60146  47.003  -12.746  21.064 0.5555559993
60147  46.444  -12.022  20.967 0.4444440007
60151  57.494  -12.364  20.251 0.1111110002
59290  55.260  -13.325  20.487 0.2222220004
116657  53.194  -13.714  20.018 0.2222220004
59302  50.604  -13.276  19.672 0.4444440007
61067  57.972  -12.064  19.602 0.1111110002
62806  44.315  -9.514  22.422 0.3333329856
61903  43.635  -9.762  22.840 0.3333329856
121661  43.188  -9.736  23.651 0.3333329856
61912  44.760  -9.723  21.841 0.4444440007
61914  43.585  -10.754  22.258 0.4444440007
61925  45.995  -10.303  21.033 0.4444440007
61045  45.801  -11.260  21.089 0.4444440007
61046  44.904  -11.383  21.397 0.4444440007
61034  44.048  -11.652  21.770 0.4444440007
61056  46.732  -11.042  20.678 0.5555559993
59303  49.772  -13.173  19.902 0.5555559993
118839  47.963  -11.973  20.387 0.5555559993
60157  47.257  -11.965  20.658 0.5555559993
61085  59.503  -10.903  17.621 0.1111110002
61066  58.897  -11.483  19.121 0.1111110002
60179  57.214  -12.384  18.858 0.1111110002
60164  56.353  -12.832  19.708 0.2222220004
59299  53.940  -13.530  19.810 0.2222220004
59301  51.516  -13.273  19.498 0.5555559993
61078  59.645  -10.776  18.627 0.1111110002
62805  45.014  -8.967  22.486 0.3333329856
62788  44.315  -9.071  23.318 0.3333329856
124973  46.721  -10.099  20.760 0.4444440007
110436  49.048  -10.634  20.090 0.4444440007
61935  48.385  -10.425  20.332 0.5555559993
61055  47.707  -11.225  20.397 0.5555559993
60154  49.352  -12.248  19.821 0.5555559993
61054  48.618  -11.460  20.100 0.5555559993
61087  57.780  -11.763  17.504 0.1111110002
126332  56.598  -12.649  19.082 0.2222220004
60165  55.567  -13.045  19.706 0.2222220004
60168  53.190  -13.138  19.231 0.2222220004
60169  51.570  -12.574  19.080 0.4444440007
127900  50.540  -11.922  19.306 0.5555559993
128951  59.702  -9.942  16.400 0.1111110002
61086  58.709  -11.356  17.296 0.1111110002
60189  57.193  -12.170  18.088 0.2222220004
60180  56.419  -12.422  18.315 0.2222220004
60181  55.614  -12.500  18.361 0.2222220004
121464  54.355  -12.534  18.535 0.3333329856
60184  52.774  -12.372  18.667 0.4444440007
61970  59.103  -9.211  15.517 0.2222220004
61964  59.206  -10.069  15.922 0.2222220004
61094  58.115  -11.189  16.744 0.2222220004
60190  56.695  -11.927  17.494 0.2222220004
60182  54.926  -12.213  18.056 0.2222220004
113855  58.278  -8.854  15.593 0.4444440007
116275  57.566  -9.221  15.938 0.3333329856
61965  58.444  -10.603  16.222 0.3333329856
61966  57.570  -10.628  16.377 0.4444440007
117172  49.621  -10.243  20.142 0.4444440007
61947  51.424  -10.608  19.324 0.4444440007
61070  50.549  -11.013  19.480 0.4444440007
61068  51.929  -11.142  18.808 0.4444440007
61069  51.230  -11.686  19.066 0.4444440007
61095  57.102  -11.326  16.853 0.3333329856
60191  55.789  -12.058  17.694 0.3333329856
61089  55.200  -11.492  17.494 0.3333329856
61081  53.215  -11.575  18.269 0.3333329856
61082  52.482  -11.620  18.546 0.4444440007
61971  58.192  -9.882  15.843 0.4444440007
62864  57.165  -9.889  16.251 0.4444440007
61088  56.091  -11.299  17.085 0.3333329856
124123  54.525  -11.551  17.765 0.4444440007
61090  54.064  -11.954  18.106 0.3333329856
62849  52.593  -9.572  19.922 0.4444440007
61931  51.899  -9.852  20.015 0.4444440007
61953  53.326  -10.431  18.304 0.4444440007
61954  52.617  -10.787  18.582 0.4444440007
127369  56.365  -9.773  16.707 0.4444440007
62866  56.000  -10.485  16.889 0.4444440007
61959  55.354  -10.657  17.181 0.4444440007
61961  53.914  -11.082  17.870 0.4444440007
62865  56.860  -8.832  16.497 0.4444440007
64555  56.575  -7.153  16.890 0.4444440007
63711  56.389  -7.914  17.099 0.4444440007
63666  53.569  -8.110  23.227 0.1111110002
63690  53.626  -8.405  21.643 0.2222220004
109598  53.016  -8.929  21.236 0.3333329856
62830  53.615  -8.647  20.723 0.2222220004
124889  52.985  -9.184  20.574 0.4444440007
62814  52.327  -8.997  21.502 0.4444440007
62848  53.295  -9.190  19.835 0.4444440007
61952  54.076  -10.019  18.007 0.4444440007
62854  53.664  -9.435  18.878 0.4444440007
61945  52.905  -9.879  19.065 0.4444440007
118055  55.626  -9.734  17.177 0.4444440007
62860  54.876  -9.815  17.642 0.4444440007
65507  55.623  -6.510  17.465 0.3333329856
64556  56.061  -7.165  17.435 0.4444440007
62858  56.036  -8.825  17.191 0.4444440007
64526  54.260  -7.837  23.670 0.1111110002
63694  54.470  -7.626  21.303 0.1111110002
113666  54.093  -8.115  21.275 0.2222220004
63703  54.563  -7.600  20.380 0.2222220004
63695  54.237  -8.116  20.532 0.2222220004
62847  53.986  -8.667  19.711 0.3333329856
111401  54.649  -7.753  19.391 0.2222220004
63704  54.452  -8.168  19.595 0.2222220004
62853  54.496  -8.965  18.620 0.4444440007
64549  54.704  -7.300  19.583 0.2222220004
63707  54.859  -8.167  18.651 0.3333329856
65508  54.990  -6.250  17.811 0.3333329856
65500  54.641  -6.658  18.616 0.1111110002
65499  55.009  -6.952  18.457 0.2222220004
64553  54.966  -7.562  18.617 0.2222220004
63712  55.602  -7.942  17.855 0.4444440007
62859  55.273  -8.859  17.859 0.4444440007
64525  54.941  -7.539  23.551 0.1111110002
64537  54.772  -7.197  22.049 0.1111110002
64531  54.923  -7.371  22.776 0.1111110002
63689  54.278  -7.804  22.099 0.1111110002
65491  54.742  -6.990  20.196 0.2222220004
116903  54.742  -7.023  19.286 0.2222220004
64524  55.542  -7.149  24.031 0.1111110002
65468  56.035  -6.626  23.780 0.1111110002
111724  56.011  -6.019  23.115 0.1111110002
64530  55.603  -6.940  23.210 0.1111110002
66361  55.424  -5.759  22.498 0.1111110002
113207  54.934  -6.772  22.034 0.1111110002
115108  54.896  -5.740  22.029 0.1111110002
64540  54.736  -7.178  21.297 0.1111110002
66371  53.949  -5.726  20.930 0.1111110002
66370  54.588  -5.942  21.328 0.1111110002
65479  54.928  -6.316  21.895 0.1111110002
116796  54.721  -7.198  20.580 0.2222220004
66379  54.199  -6.392  19.901 0.1111110002
61950  60.507  -8.812  17.786 0.1111110002
62851  61.006  -7.715  18.252 0.1111110002
63715  60.899  -7.049  17.142 0.1111110002
61957  60.242  -9.073  16.783 0.1111110002
110264  12.233  -40.702  48.014 0.1111110002
35614  19.874  -39.557  42.664 0.2222220004
35612  21.259  -39.570  42.796 0.2222220004
40679  27.312  -33.874  36.662 0.5555559993
40673  34.187  -34.404  36.875 0.2222220004
40674  33.198  -34.050  36.998 0.2222220004
124054  39.025  -24.007  32.924 0.1111110002
50933  39.760  -22.809  32.188 0.1111110002
120191  34.756  -20.042  25.299 0.6666669846
33733  14.587  -40.583  44.293 0.2222220004
119459  37.140  -20.730  25.106 0.7777780294
36406  6.098  -37.107  53.121 0.4444440007
124556  7.505  -36.039  52.233 0.4444440007
130999  29.126  -34.104  36.882 0.3333329856
54743  34.466  -19.019  25.415 0.6666669846
58289  34.307  -14.390  25.936 0.5555559993
58290  33.982  -14.874  26.017 0.5555559993
59229  34.846  -14.118  25.484 0.6666669846
59242  35.486  -13.801  24.960 0.6666669846
109454  39.168  -11.577  25.970 0.6666669846
53705  35.956  -18.084  33.085 0.1111110002
40676  31.224  -33.695  37.333 0.1111110002
40575  17.198  -32.229  44.052 0.1111110002
60034  37.250  -12.985  32.481 0.1111110002
60110  39.913  -12.302  23.984 0.6666669846
119387  13.082  -40.590  49.547 0.1111110002
37383  6.642  -36.494  53.637 0.2222220004
115387  12.725  -40.618  48.736 0.1111110002
130609  13.720  -40.510  48.178 0.1111110002
110267  13.362  -40.485  47.127 0.1111110002
33652  16.669  -41.145  48.447 0.1111110002
33666  17.112  -41.243  47.172 0.1111110002
127246  16.585  -41.036  46.568 0.1111110002
108833  14.833  -40.674  46.814 0.1111110002
109212  14.104  -40.544  47.000 0.1111110002
111127  14.061  -40.612  45.646 0.1111110002
125455  23.608  -40.766  45.197 0.2222220004
32718  18.501  -41.740  46.623 0.1111110002
33689  16.557  -40.923  45.634 0.1111110002
117877  23.008  -41.442  45.929 0.2222220004
33684  21.254  -41.489  45.646 0.1111110002
32717  19.929  -41.940  46.185 0.1111110002
33687  18.899  -41.514  45.747 0.1111110002
33709  19.366  -41.190  45.009 0.1111110002
33730  19.015  -40.759  44.448 0.1111110002
34655  17.019  -40.252  43.575 0.2222220004
39655  29.928  -35.199  39.911 0.2222220004
34652  19.419  -40.240  43.777 0.3333329856
34653  18.655  -40.399  44.009 0.4444440007
34673  17.813  -39.894  43.146 0.5555559993
34693  16.069  -39.957  42.431 0.6666669846
40599  30.873  -34.981  40.360 0.1111110002
40636  28.953  -34.624  38.583 0.1111110002
40616  30.047  -34.679  39.078 0.1111110002
40586  31.585  -35.125  41.720 0.1111110002
109164  31.426  -34.741  40.661 0.1111110002
129012  30.652  -34.560  39.334 0.1111110002
39552  34.816  -34.912  45.823 0.1111110002
39615  33.208  -34.954  42.536 0.1111110002
40583  32.602  -34.781  42.061 0.1111110002
40613  31.176  -34.440  40.066 0.1111110002
39572  35.234  -35.176  45.014 0.1111110002
38636  36.214  -35.656  42.339 0.1111110002
129634  35.472  -35.666  42.629 0.1111110002
39632  38.028  -35.235  41.010 0.1111110002
38654  35.473  -35.773  41.777 0.1111110002
38637  34.732  -35.567  42.396 0.1111110002
40558  17.666  -32.290  45.163 0.1111110002
39683  37.751  -35.074  39.073 0.1111110002
38678  37.003  -35.665  39.723 0.1111110002
39652  34.026  -35.299  41.100 0.1111110002
39635  32.494  -34.589  41.242 0.1111110002
40612  31.825  -34.277  39.943 0.1111110002
39685  36.215  -35.291  38.226 0.1111110002
39672  32.741  -34.390  39.645 0.1111110002
40631  32.026  -33.995  39.001 0.1111110002
39669  34.762  -35.476  39.382 0.1111110002
39687  34.568  -35.083  38.607 0.1111110002
39689  33.047  -34.324  38.614 0.1111110002
124579  37.930  -20.774  25.363 0.7777780294
128366  37.192  -20.044  25.297 0.6666669846
54742  36.218  -18.788  25.231 0.6666669846
117707  35.307  -18.350  25.224 0.6666669846
120644  36.625  -17.289  25.224 0.6666669846
123657  37.574  -17.339  25.438 0.6666669846
113156  38.153  -17.777  25.775 0.6666669846
117540  34.994  -16.498  25.154 0.6666669846
56565  36.495  -16.410  25.049 0.6666669846
56566  35.673  -15.997  25.021 0.6666669846
128402  35.077  -15.964  25.135 0.6666669846
56534  42.476  -17.158  27.129 0.5555559993
56549  41.777  -17.461  26.474 0.5555559993
56550  41.113  -17.557  26.003 0.6666669846
55680  40.845  -17.658  26.199 0.6666669846
111398  41.235  -17.517  25.696 0.5555559993
109904  38.892  -16.660  24.999 0.6666669846
56563  38.446  -17.011  25.481 0.6666669846
125448  37.970  -16.375  24.888 0.6666669846
56584  37.120  -16.026  24.774 0.6666669846
56582  39.248  -16.282  24.139 0.6666669846
56595  41.884  -16.569  23.575 0.6666669846
124728  40.491  -16.173  23.531 0.6666669846
55694  44.926  -17.096  24.272 0.3333329856
56594  43.491  -16.713  23.548 0.5555559993
122512  42.640  -16.453  23.364 0.6666669846
117210  41.218  -15.855  23.131 0.6666669846
56591  46.444  -16.563  23.791 0.3333329856
57436  43.328  -15.313  22.626 0.6666669846
58340  42.367  -14.467  22.594 0.6666669846
128421  40.268  -11.522  25.014 0.6666669846
121885  43.842  -14.831  22.362 0.6666669846
59272  42.842  -13.806  22.423 0.6666669846
59253  41.274  -13.740  22.913 0.6666669846
60121  41.453  -12.368  23.316 0.5555559993
60137  42.085  -12.535  22.888 0.6666669846
57402  49.046  -16.022  24.210 0.2222220004
56555  48.534  -16.261  24.877 0.2222220004
57415  46.925  -15.944  23.212 0.5555559993
57434  45.650  -15.231  22.565 0.6666669846
57417  45.077  -15.901  23.002 0.5555559993
60120  41.999  -11.672  23.346 0.5555559993
58308  51.471  -14.773  24.401 0.2222220004
58296  51.254  -14.449  25.399 0.2222220004
129291  51.730  -14.731  23.770 0.1111110002
128102  50.408  -15.379  24.473 0.2222220004
57412  49.535  -15.623  23.519 0.2222220004
57411  50.410  -15.408  23.674 0.2222220004
57432  47.374  -15.324  22.708 0.4444440007
57413  48.684  -15.782  23.415 0.4444440007
58336  46.187  -14.619  22.227 0.5555559993
59237  53.706  -13.105  24.904 0.1111110002
124571  53.059  -13.524  24.941 0.1111110002
59238  52.659  -13.950  24.523 0.1111110002
128858  53.586  -13.790  23.550 0.1111110002
58315  52.032  -14.645  23.180 0.1111110002
59268  53.347  -14.005  22.826 0.1111110002
59269  52.683  -14.385  22.753 0.1111110002
58332  50.594  -14.935  22.353 0.4444440007
58333  48.688  -14.737  22.094 0.5555559993
58359  45.983  -13.871  21.898 0.5555559993
58357  47.285  -14.093  21.797 0.5555559993
124383  45.164  -12.812  21.530 0.5555559993
114242  54.915  -13.552  21.127 0.2222220004
58329  52.989  -14.344  22.050 0.2222220004
58353  51.469  -14.591  21.630 0.3333329856
58354  50.614  -14.601  21.667 0.3333329856
58355  49.052  -14.227  21.301 0.5555559993
60156  47.790  -12.704  20.735 0.5555559993
60144  56.621  -12.742  21.217 0.1111110002
128643  53.223  -13.957  20.539 0.2222220004
59280  54.214  -13.847  21.221 0.2222220004
58367  51.723  -14.175  20.736 0.3333329856
59281  49.420  -13.704  20.547 0.5555559993
61052  58.173  -11.928  20.641 0.1111110002
114486  58.929  -11.312  20.150 0.1111110002
60153  56.055  -12.978  20.497 0.1111110002
59291  54.488  -13.623  20.469 0.2222220004
58366  52.602  -13.990  20.499 0.2222220004
59292  51.113  -13.822  20.088 0.3333329856
59293  50.267  -13.795  20.281 0.5555559993
122277  49.083  -13.052  20.222 0.5555559993
60163  57.083  -12.541  19.645 0.1111110002
59298  54.756  -13.279  19.739 0.2222220004
59300  52.426  -13.499  19.688 0.3333329856
61080  57.965  -11.967  18.530 0.1111110002
61913  44.255  -10.434  21.875 0.4444440007
62821  45.489  -9.572  21.583 0.4444440007
61926  45.160  -10.444  21.391 0.4444440007
60171  50.173  -12.539  19.532 0.5555559993
60170  50.919  -12.605  19.280 0.5555559993
60155  48.525  -12.500  20.303 0.5555559993
61951  60.135  -9.859  18.158 0.1111110002
61079  58.820  -11.539  18.098 0.1111110002
116887  55.933  -12.784  18.988 0.2222220004
60167  54.166  -13.022  19.127 0.2222220004
121095  52.241  -12.890  19.106 0.4444440007
61924  47.449  -10.337  20.533 0.3333329856
61053  49.577  -11.055  19.745 0.5555559993
61071  50.000  -11.764  19.512 0.4444440007
60166  55.046  -12.826  18.904 0.2222220004
61958  59.935  -10.065  17.144 0.1111110002
61093  59.193  -10.777  16.667 0.1111110002
62870  59.878  -9.014  15.985 0.1111110002
60183  53.602  -12.484  18.572 0.4444440007
60185  52.001  -12.100  18.769 0.4444440007
61967  56.693  -10.623  16.660 0.4444440007
61932  51.122  -10.050  20.030 0.4444440007
61960  54.598  -10.787  17.541 0.4444440007
61946  52.180  -10.250  19.213 0.4444440007
63679  53.042  -8.636  21.968 0.1111110002
109624  53.666  -8.245  22.456 0.1111110002
62831  52.452  -9.373  20.744 0.4444440007
113218  55.488  -7.215  17.989 0.4444440007
63665  54.298  -7.835  23.014 0.1111110002
110857  55.241  -6.907  22.560 0.1111110002
65481  54.804  -6.866  21.179 0.1111110002
65474  55.451  -6.425  22.603 0.1111110002
124557  54.294  -6.105  20.633 0.1111110002
65482  54.600  -6.517  20.743 0.1111110002
65492  54.537  -6.763  19.601 0.1111110002
62857  60.754  -7.718  17.466 0.1111110002
62863  60.473  -7.993  16.620 0.1111110002
35555  1.574  -38.511  53.569 0.2222220004
31715  2.963  -42.282  54.123 0.1111110002
37370  6.438  -36.294  54.544 0.1111110002
38581  18.661  -33.535  47.353 0.1111110002
38582  17.621  -33.805  47.370 0.1111110002
38583  16.614  -33.921  47.299 0.1111110002
39561  18.039  -33.133  46.650 0.1111110002
119010  17.534  -32.724  46.031 0.1111110002
34687  26.709  -39.737  42.538 0.3333329856
34702  26.656  -39.418  41.811 0.3333329856
35644  27.013  -39.093  40.980 0.3333329856
112573  17.515  -35.142  48.913 0.1111110002
37490  17.554  -34.863  48.612 0.1111110002
38559  18.317  -34.239  47.948 0.1111110002
38561  16.900  -34.503  48.192 0.1111110002
38562  16.061  -34.201  47.707 0.1111110002
37492  15.516  -34.396  48.037 0.1111110002
37493  14.731  -34.361  47.133 0.1111110002
130798  16.899  -35.020  48.919 0.1111110002
37444  16.821  -35.396  49.329 0.1111110002
37468  16.234  -34.941  48.874 0.1111110002
128690  14.819  -34.406  47.863 0.1111110002
37494  14.139  -34.479  47.283 0.1111110002
112447  14.121  -34.924  46.164 0.1111110002
51892  42.327  -21.261  28.047 0.3333329856
51893  41.726  -21.431  27.526 0.3333329856
51914  41.176  -21.191  26.830 0.3333329856
51939  39.166  -20.858  25.838 0.4444440007
51916  39.741  -21.431  26.203 0.5555559993
52824  41.796  -20.652  27.049 0.3333329856
53769  41.588  -19.585  26.989 0.2222220004
53780  40.526  -19.724  26.557 0.4444440007
52848  39.269  -19.957  26.131 0.5555559993
51940  38.441  -21.206  25.526 0.5555559993
53782  38.977  -19.142  26.265 0.5555559993
53795  38.151  -19.325  25.827 0.5555559993
53768  42.420  -19.139  27.406 0.2222220004
55651  42.424  -17.517  28.020 0.2222220004
55668  41.723  -17.754  27.399 0.3333329856
54715  41.001  -18.067  27.161 0.3333329856
129906  40.369  -18.935  26.745 0.4444440007
56523  42.244  -17.413  27.521 0.2222220004
117226  41.080  -17.779  26.862 0.4444440007
53771  40.441  -18.313  26.770 0.5555559993
54728  39.678  -18.160  26.417 0.5555559993
54740  38.646  -18.385  26.082 0.5555559993
57375  43.093  -16.887  27.612 0.3333329856
56535  41.777  -17.496  26.971 0.4444440007
55681  40.145  -17.616  26.013 0.5555559993
57383  42.907  -16.990  27.128 0.2222220004
57382  43.668  -16.753  27.219 0.4444440007
56546  44.007  -16.876  26.671 0.4444440007
56545  44.818  -16.713  26.555 0.3333329856
127806  46.261  -16.451  26.385 0.1111110002
57378  48.329  -15.428  26.711 0.1111110002
58299  48.999  -15.027  26.490 0.1111110002
57390  48.617  -15.819  25.811 0.1111110002
108650  49.270  -15.876  25.058 0.1111110002
60984  39.933  -11.324  26.258 0.4444440007
60997  40.488  -11.286  25.649 0.4444440007
110673  40.829  -11.329  25.049 0.4444440007
60996  41.356  -10.986  25.659 0.3333329856
61009  41.376  -11.205  24.663 0.3333329856
61904  42.741  -10.103  23.926 0.2222220004
112559  42.366  -10.467  24.296 0.2222220004
32610  3.680  -42.212  54.367 0.2222220004
32634  1.891  -41.359  53.370 0.1111110002
50997  39.179  -22.189  26.269 0.5555559993
31724  2.335  -42.305  53.910 0.1111110002
31725  2.072  -42.072  53.543 0.1111110002
36398  5.956  -36.988  54.069 0.1111110002
37404  7.935  -35.667  51.607 0.3333329856
37510  15.292  -34.145  47.194 0.1111110002
36550  27.753  -37.901  39.815 0.3333329856
51917  38.893  -21.708  25.812 0.5555559993
119442  38.531  -20.217  25.754 0.5555559993
52857  37.722  -20.108  25.468 0.5555559993
56559  43.504  -17.209  26.106 0.4444440007
57391  47.794  -16.024  26.151 0.1111110002
58297  50.438  -14.606  25.781 0.1111110002
37369  7.117  -35.868  54.147 0.1111110002
55682  39.178  -17.628  25.934 0.5555559993
37360  6.842  -35.596  54.939 0.1111110002
38560  17.519  -34.416  48.037 0.1111110002
37491  16.999  -34.883  48.746 0.1111110002
114133  16.380  -34.571  48.384 0.1111110002
51915  40.467  -21.640  26.675 0.3333329856
52846  40.539  -20.822  26.442 0.4444440007
50984  39.851  -22.135  26.637 0.4444440007
124842  41.141  -20.310  26.696 0.3333329856
53770  40.825  -18.854  26.981 0.2222220004
53781  39.834  -19.157  26.515 0.5555559993
52847  39.858  -20.354  26.244 0.5555559993
111275  41.537  -18.437  27.314 0.2222220004
54701  42.798  -17.733  28.314 0.2222220004
54714  42.199  -18.119  27.824 0.2222220004
55669  40.523  -17.818  26.397 0.5555559993
56522  42.772  -17.155  28.059 0.2222220004
127014  43.756  -16.698  27.721 0.1111110002
57381  44.601  -16.538  27.048 0.2222220004
57379  46.639  -16.077  26.928 0.1111110002
114321  49.305  -15.395  25.751 0.1111110002
27450  22.602  -46.708  47.345 0.1111110002
35640  30.460  -38.571  41.638 0.1111110002
33749  29.542  -40.423  42.408 0.1111110002
32738  28.981  -41.524  43.782 0.1111110002
29252  26.351  -45.556  49.662 0.1111110002
36540  29.806  -37.524  40.795 0.1111110002
35641  29.558  -38.878  41.325 0.1111110002
33750  28.788  -40.536  42.470 0.2222220004
32731  28.175  -41.312  44.584 0.2222220004
32724  26.509  -41.269  46.106 0.1111110002
112216  26.624  -41.841  47.840 0.1111110002
32683  26.382  -42.258  48.446 0.1111110002
30934  26.411  -43.731  49.485 0.1111110002
35666  29.297  -38.282  40.745 0.2222220004
35642  28.716  -38.944  41.041 0.2222220004
34701  27.502  -39.803  42.106 0.2222220004
33742  26.792  -40.286  43.758 0.2222220004
33702  26.004  -40.800  45.396 0.1111110002
32710  26.129  -41.640  46.751 0.1111110002
35643  27.867  -39.001  40.899 0.2222220004
26553  23.135  -47.487  49.988 0.1111110002
26561  23.800  -47.728  49.602 0.1111110002
27410  24.638  -47.426  49.497 0.1111110002
29240  25.683  -45.980  50.022 0.1111110002
109924  25.026  -42.134  47.269 0.1111110002
31772  25.311  -42.904  48.623 0.1111110002
33724  25.404  -40.254  44.702 0.1111110002
33680  25.458  -41.381  46.179 0.1111110002
32712  24.409  -41.710  46.561 0.1111110002
116692  25.149  -39.748  43.851 0.2222220004
33725  24.681  -40.392  44.973 0.1111110002
29255  23.165  -45.597  49.969 0.1111110002
29242  22.752  -46.266  50.448 0.1111110002
27401  23.256  -47.024  50.240 0.1111110002
28322  23.266  -46.674  50.288 0.1111110002
28321  24.131  -46.782  50.166 0.1111110002
29254  24.216  -45.455  49.834 0.1111110002
29253  25.245  -45.312  49.852 0.1111110002
30936  24.210  -43.891  49.196 0.1111110002
30112  24.783  -44.521  49.584 0.1111110002
30945  24.576  -43.341  48.796 0.1111110002
30946  23.630  -43.491  48.625 0.1111110002
31774  23.152  -43.061  48.014 0.1111110002
31773  24.214  -42.994  48.192 0.1111110002
31783  23.668  -42.569  47.562 0.1111110002
32713  23.503  -41.750  46.453 0.1111110002
38502  9.214  -34.592  50.656 0.1111110002
43194  33.776  -28.683  37.475 0.1111110002
43195  33.377  -28.600  37.215 0.1111110002
51879  41.758  -21.678  28.442 0.2222220004
51880  41.066  -21.990  28.085 0.2222220004
51894  40.904  -21.833  27.270 0.2222220004
54713  42.771  -18.439  27.893 0.1111110002
52822  42.925  -20.070  27.626 0.1111110002
52823  42.412  -20.798  27.559 0.2222220004
49095  33.977  -25.170  35.042 0.2222220004
49088  33.523  -24.499  35.446 0.2222220004
57380  45.622  -16.350  26.908 0.1111110002
34665  26.366  -39.854  43.213 0.2222220004
33743  25.960  -39.981  43.950 0.2222220004
48156  34.441  -25.889  34.594 0.2222220004
50985  39.301  -22.517  26.825 0.2222220004
45125  29.468  -27.141  37.170 0.2222220004
126008  40.321  -22.153  27.072 0.2222220004
43183  33.796  -28.668  38.069 0.1111110002
111232  33.349  -28.601  37.791 0.1111110002
33682  23.789  -41.256  45.840 0.1111110002
120750  29.928  -38.206  41.110 0.1111110002
34664  27.156  -40.102  42.950 0.2222220004
126312  27.445  -39.406  41.410 0.2222220004
110061  42.297  -20.114  27.228 0.2222220004
27433  23.192  -47.210  47.906 0.1111110002
34684  29.827  -39.585  41.952 0.1111110002
34700  28.972  -39.562  41.583 0.1111110002
32737  30.051  -41.512  43.488 0.1111110002
33721  28.130  -41.002  43.843 0.1111110002
33740  28.476  -40.863  43.146 0.2222220004
33739  29.294  -41.031  42.931 0.1111110002
111599  28.964  -41.862  44.912 0.1111110002
28320  25.572  -46.606  49.740 0.1111110002
28319  26.327  -46.239  49.642 0.1111110002
30099  26.013  -45.191  49.760 0.1111110002
34685  29.101  -40.053  42.070 0.2222220004
109848  28.417  -39.985  42.042 0.2222220004
34686  27.986  -40.344  42.656 0.2222220004
33722  27.350  -40.773  44.393 0.1111110002
32722  28.165  -41.521  45.598 0.1111110002
33741  27.639  -40.571  43.439 0.2222220004
33701  26.808  -40.919  45.326 0.1111110002
32723  27.337  -41.345  46.048 0.1111110002
112950  27.105  -41.543  47.099 0.1111110002
32711  25.887  -42.074  47.507 0.1111110002
32696  25.647  -42.466  48.063 0.1111110002
31771  26.209  -42.674  48.893 0.1111110002
31762  26.081  -43.096  49.221 0.1111110002
120892  26.672  -44.623  49.397 0.1111110002
115882  28.161  -39.519  41.446 0.2222220004
33723  26.371  -40.459  44.603 0.1111110002
33679  25.858  -41.223  45.976 0.1111110002
26562  22.914  -47.875  49.551 0.1111110002
26560  24.484  -47.787  49.164 0.1111110002
26572  23.565  -48.030  49.022 0.1111110002
114656  24.368  -47.834  48.757 0.1111110002
27400  23.991  -47.353  49.995 0.1111110002
26559  25.234  -47.445  49.054 0.1111110002
27399  24.794  -47.000  49.843 0.1111110002
113401  25.299  -41.731  46.702 0.1111110002
30935  25.365  -43.596  49.298 0.1111110002
33703  25.205  -40.860  45.530 0.1111110002
33704  24.325  -40.813  45.393 0.1111110002
33681  24.742  -41.291  46.026 0.1111110002
29241  23.722  -46.268  50.154 0.1111110002
129525  24.712  -46.128  50.052 0.1111110002
30113  23.664  -44.713  49.537 0.1111110002
111860  25.815  -44.443  49.646 0.1111110002
32697  24.083  -42.146  47.084 0.1111110002
31782  24.701  -42.560  47.763 0.1111110002
30937  23.112  -44.082  49.136 0.1111110002
32698  23.119  -42.185  46.946 0.1111110002
45133  41.422  -28.235  35.627 0.1111110002
46145  41.212  -27.771  35.173 0.1111110002
46157  40.536  -27.230  34.206 0.1111110002
48155  40.071  -25.942  33.705 0.2222220004
126681  38.674  -11.389  32.577 0.1111110002
61008  42.142  -10.668  25.089 0.2222220004
61894  43.824  -9.250  24.132 0.1111110002
62820  46.362  -9.491  21.253 0.2222220004
62804  46.013  -8.880  21.986 0.2222220004
62786  45.873  -8.452  23.031 0.1111110002
124562  46.814  -8.490  22.424 0.2222220004
62803  47.690  -8.689  21.834 0.2222220004
62819  47.341  -9.379  20.991 0.2222220004
62834  48.719  -9.656  20.649 0.3333329856
114141  49.375  -8.883  21.645 0.2222220004
62833  49.369  -9.324  21.034 0.2222220004
61933  50.295  -10.169  20.067 0.2222220004
62801  49.856  -8.585  22.139 0.1111110002
62800  50.636  -8.703  22.001 0.1111110002
62817  50.053  -9.057  21.556 0.2222220004
61922  50.950  -9.589  20.808 0.2222220004
63725  59.024  -8.162  15.292 0.2222220004
63654  51.540  -7.739  23.641 0.1111110002
62785  51.302  -8.461  22.457 0.1111110002
62815  51.507  -9.128  21.429 0.2222220004
64581  58.977  -6.893  15.030 0.2222220004
64582  58.055  -6.540  15.248 0.3333329856
65516  57.353  -6.125  15.641 0.3333329856
62799  51.844  -8.728  21.989 0.1111110002
63726  58.247  -7.744  15.458 0.2222220004
63716  57.551  -8.324  15.918 0.3333329856
64562  57.538  -7.201  15.835 0.3333329856
63717  57.010  -7.704  16.444 0.3333329856
64563  56.945  -6.688  16.328 0.3333329856
65538  56.951  -5.552  15.178 0.2222220004
65517  56.583  -5.803  15.991 0.3333329856
65506  56.351  -6.451  16.878 0.3333329856
65518  55.916  -5.863  16.603 0.3333329856
66412  55.921  -5.495  15.771 0.2222220004
66407  54.533  -5.852  17.215 0.1111110002
66406  55.236  -5.839  16.980 0.1111110002
66401  54.386  -6.100  18.046 0.1111110002
66408  53.853  -5.961  17.457 0.1111110002
66402  53.712  -6.158  18.311 0.1111110002
129708  52.946  -6.373  17.185 0.1111110002
66409  53.103  -6.246  17.699 0.1111110002
65521  51.955  -7.193  17.148 0.1111110002
65509  52.483  -6.650  17.449 0.1111110002
66415  53.954  -5.913  16.620 0.1111110002
66395  51.703  -6.305  19.735 0.1111110002
66393  54.208  -6.423  18.915 0.1111110002
65494  50.649  -6.527  19.408 0.1111110002
66403  52.890  -6.301  18.597 0.1111110002
125009  52.379  -6.531  18.083 0.1111110002
65510  51.533  -6.946  17.923 0.1111110002
127899  46.816  -8.930  21.644 0.2222220004
61934  49.203  -9.960  20.443 0.2222220004
62832  51.754  -9.518  20.804 0.3333329856
62835  48.057  -9.727  20.634 0.2222220004
63684  47.769  -8.183  22.763 0.2222220004
62818  48.499  -9.093  21.232 0.2222220004
62802  48.833  -8.456  22.199 0.2222220004
61923  50.067  -9.615  20.797 0.2222220004
62816  50.767  -9.140  21.442 0.2222220004
127427  51.238  -8.806  21.849 0.2222220004
63669  50.982  -8.019  23.123 0.1111110002
65537  57.604  -5.566  14.745 0.2222220004
66427  56.259  -5.351  14.940 0.2222220004
30888  5.743  -43.263  56.248 0.1111110002
30063  5.561  -43.711  56.379 0.1111110002
31711  6.109  -42.738  55.851 0.1111110002
31705  5.585  -43.080  55.971 0.1111110002
32608  5.735  -42.634  55.187 0.1111110002
30064  5.232  -43.353  56.071 0.1111110002
30892  4.673  -43.399  55.633 0.1111110002
30070  4.183  -44.000  55.508 0.1111110002
127291  4.784  -42.882  55.113 0.1111110002
31713  4.428  -42.877  54.999 0.1111110002
30894  3.340  -42.942  54.496 0.1111110002
32609  4.360  -42.361  54.614 0.1111110002
31714  3.718  -42.715  54.595 0.1111110002
46147  35.392  -27.740  36.366 0.1111110002
47167  40.432  -26.495  34.080 0.1111110002
52674  34.456  -19.714  36.678 0.1111110002
52653  35.369  -19.474  37.962 0.1111110002
52676  33.014  -20.561  36.132 0.1111110002
52698  33.399  -19.740  35.567 0.1111110002
52716  32.875  -19.437  34.681 0.1111110002
53694  35.597  -18.360  33.440 0.1111110002
108988  40.432  -10.983  27.994 0.1111110002
111512  41.002  -10.835  27.355 0.1111110002
60967  40.151  -11.117  27.132 0.2222220004
60995  42.166  -10.608  26.141 0.1111110002
65534  60.873  -6.157  14.731 0.1111110002
113880  59.841  -7.243  15.316 0.1111110002
65549  61.087  -6.215  13.772 0.1111110002
64598  59.374  -5.843  14.617 0.1111110002
45122  35.390  -28.076  36.813 0.1111110002
47156  35.370  -27.244  35.865 0.1111110002
52699  32.582  -20.361  35.441 0.1111110002
128894  35.345  -18.516  33.722 0.1111110002
60983  40.752  -11.047  26.445 0.2222220004
65536  58.483  -5.799  14.682 0.1111110002
30069  4.849  -43.851  56.080 0.1111110002
31706  5.009  -43.126  55.597 0.1111110002
31712  5.148  -42.863  55.308 0.1111110002
130153  3.743  -43.835  55.045 0.1111110002
30893  3.903  -43.316  55.066 0.1111110002
52675  33.728  -20.114  36.324 0.1111110002
52673  35.218  -19.192  37.073 0.1111110002
52697  34.197  -19.197  35.891 0.1111110002
64580  59.999  -6.436  15.098 0.1111110002
65535  60.248  -5.987  14.703 0.1111110002
65551  59.678  -5.528  13.863 0.1111110002
65563  60.733  -6.084  12.881 0.1111110002
36395  4.530  -36.275  55.693 0.1111110002
37357  4.493  -35.738  55.917 0.1111110002
36392  3.745  -36.357  55.532 0.1111110002
126923  3.931  -36.911  55.228 0.1111110002
49087  34.188  -24.948  35.816 0.1111110002
49078  34.397  -24.750  36.596 0.1111110002
48148  34.609  -25.621  35.419 0.1111110002
49079  33.750  -24.303  36.195 0.1111110002
51878  42.409  -21.323  28.854 0.1111110002
49981  33.355  -23.501  36.504 0.1111110002
52783  43.039  -20.894  29.271 0.1111110002
115175  43.634  -20.652  29.648 0.1111110002
52799  42.964  -20.709  28.277 0.1111110002
36393  2.865  -36.764  55.153 0.1111110002
117288  33.204  -23.882  35.818 0.1111110002
125310  1.978  -37.388  54.114 0.1111110002
57374  44.463  -16.538  27.510 0.1111110002
61164  55.715  -11.755  9.783 0.1111110002
109264  55.164  -11.409  10.453 0.1111110002
64627  57.240  -6.107  12.576 0.1111110002
65567  56.671  -5.780  13.107 0.1111110002
62890  56.985  -9.374  13.369 0.1111110002
64614  56.313  -6.631  13.048 0.1111110002
66449  56.182  -5.616  13.625 0.1111110002
62891  55.916  -8.993  13.660 0.1111110002
126725  56.179  -10.403  13.669 0.1111110002
61137  56.115  -11.552  12.563 0.1111110002
126470  55.689  -11.609  11.855 0.1111110002
61176  54.778  -11.749  8.800 0.1111110002
60268  54.261  -12.006  8.575 0.1111110002
61983  55.303  -9.738  13.957 0.1111110002
61122  56.715  -11.238  13.097 0.1111110002
61138  55.042  -11.561  12.613 0.1111110002
114621  54.354  -11.541  12.051 0.1111110002
66436  57.982  -5.249  13.451 0.1111110002
66448  56.966  -5.379  13.303 0.1111110002
66437  57.347  -5.220  13.778 0.1111110002
66438  56.533  -5.306  13.961 0.1111110002
63759  56.569  -8.006  13.128 0.1111110002
125977  55.801  -6.030  13.489 0.1111110002
66440  55.015  -5.810  14.579 0.1111110002
60270  53.040  -12.108  8.403 0.1111110002
63760  55.630  -7.627  13.525 0.1111110002
128318  55.488  -6.664  13.554 0.1111110002
65554  55.386  -5.896  14.000 0.1111110002
61166  54.080  -10.779  9.814 0.1111110002
61984  55.075  -10.654  13.888 0.1111110002
122310  53.978  -11.562  12.864 0.1111110002
128432  54.239  -10.740  14.029 0.1111110002
62798  52.507  -8.594  22.264 0.1111110002
66439  55.727  -5.488  14.259 0.1111110002
63741  54.912  -8.557  13.988 0.1111110002
63761  54.918  -7.266  13.949 0.1111110002
66414  54.619  -5.760  16.306 0.1111110002
64599  54.508  -6.915  14.364 0.1111110002
129532  54.328  -8.767  14.255 0.1111110002
66426  56.906  -5.306  14.470 0.1111110002
65553  58.009  -5.307  14.056 0.1111110002
61175  55.231  -11.917  9.105 0.1111110002
65566  57.481  -5.587  12.820 0.1111110002
61123  55.634  -11.252  13.353 0.1111110002
61177  54.331  -11.097  8.736 0.1111110002
61124  54.569  -11.288  13.496 0.1111110002
66447  57.695  -5.305  13.072 0.1111110002
65555  54.774  -6.297  14.418 0.1111110002
66429  54.738  -5.733  15.372 0.1111110002
65539  54.446  -6.220  14.981 0.1111110002
66428  55.441  -5.490  15.097 0.1111110002
63742  54.262  -7.954  14.365 0.1111110002
26573  22.654  -47.915  49.017 0.1111110002
33620  13.359  -40.483  51.828 0.1111110002
35668  27.405  -38.562  40.349 0.2222220004
36565  24.715  -37.890  39.144 0.6666669846
37566  29.028  -36.589  40.068 0.2222220004
38666  35.656  -35.889  40.840 0.1111110002
38668  30.155  -35.414  40.497 0.1111110002
38692  27.909  -35.483  38.548 0.4444440007
38703  26.285  -35.712  37.109 0.4444440007
39595  33.270  -34.992  43.374 0.1111110002
39670  34.295  -35.368  40.188 0.1111110002
39701  33.564  -34.431  37.732 0.1111110002
39711  36.327  -34.577  36.862 0.3333329856
39713  34.952  -34.474  36.512 0.4444440007
40638  22.313  -31.838  40.321 0.2222220004
40652  31.787  -33.885  38.081 0.1111110002
40688  38.023  -33.332  36.208 0.3333329856
40709  35.216  -33.727  35.258 0.5555559993
41526  36.901  -33.165  35.102 0.4444440007
41562  36.831  -32.247  33.879 0.5555559993
42380  38.537  -31.038  34.096 0.5555559993
42399  37.909  -31.304  33.714 0.6666669846
43142  24.175  -30.459  42.258 0.2222220004
43193  33.899  -28.736  37.873 0.1111110002
43205  34.669  -28.690  37.164 0.1111110002
43230  39.128  -30.545  34.343 0.5555559993
43250  25.321  -29.776  33.417 0.7777780294
44077  23.462  -28.913  38.954 0.3333329856
44122  40.513  -28.874  34.877 0.3333329856
45121  41.237  -28.892  35.854 0.2222220004
45141  23.418  -28.638  35.334 0.6666669846
46146  40.937  -27.302  34.754 0.1111110002
46151  25.045  -26.809  35.853 0.6666669846
46169  39.650  -27.370  33.131 0.5555559993
46224  37.391  -27.638  30.620 0.8888890147
46225  36.912  -27.838  30.243 1.0000000000
47160  26.160  -26.398  35.049 0.5555559993
47161  25.554  -26.568  35.191 0.6666669846
47171  26.508  -26.514  34.402 0.6666669846
47180  27.001  -26.798  33.636 0.7777780294
49102  39.411  -24.272  33.538 0.1111110002
50936  30.360  -22.074  31.954 0.8888890147
50976  37.281  -23.528  28.757 0.7777780294
51825  30.503  -21.120  32.080 0.8888890147
52729  35.819  -18.479  34.059 0.1111110002
52733  32.061  -19.577  33.269 0.3333329856
52785  30.635  -20.428  29.666 1.0000000000
56547  43.154  -17.042  26.761 0.4444440007
57361  43.449  -16.850  28.200 0.1111110002
57376  33.250  -15.916  27.525 0.6666669846
58301  34.550  -14.953  25.435 0.5555559993
61153  55.043  -11.529  11.459 0.1111110002
64615  55.101  -6.396  13.954 0.1111110002
65550  60.515  -5.759  13.884 0.1111110002
66413  55.317  -5.594  16.039 0.1111110002
119166  29.975  -40.807  42.832 0.1111110002
121224  25.300  -27.073  34.009 0.7777780294
125105  28.995  -35.187  39.463 0.3333329856
127361  34.599  -28.227  34.559 0.3333329856
128031  41.014  -19.630  26.767 0.3333329856
129251  51.018  -14.793  22.037 0.2222220004
129836  30.058  -33.915  37.921 0.1111110002
130160  24.984  -46.536  50.001 0.1111110002
130613  25.963  -26.615  37.149 0.5555559993
131182  34.410  -28.759  36.907 0.2222220004
