#!ascii label  , from subject sub-v1s13x0050005_ses-1 vox2ras=TkReg
2860
29249  27.987  -45.880  48.278 0.5555559993
27458  29.329  -46.839  46.076 0.4444440007
28360  28.500  -46.743  47.581 0.4444440007
27444  28.777  -46.910  46.878 0.4444440007
27429  27.420  -47.056  47.835 0.5555559993
27418  28.021  -47.006  48.011 0.4444440007
29270  28.463  -45.737  47.928 0.5555559993
28351  28.133  -46.570  48.128 0.5555559993
28337  27.613  -46.484  48.520 0.5555559993
27468  29.010  -46.743  45.688 0.4444440007
28352  27.555  -46.842  48.391 0.5555559993
27446  27.248  -46.862  47.322 0.4444440007
27419  27.448  -47.063  48.220 0.5555559993
121387  27.425  -44.994  48.527 0.4444440007
113167  27.804  -45.156  48.234 0.4444440007
29251  26.958  -45.513  49.164 0.4444440007
28350  28.741  -46.096  47.691 0.5555559993
29250  27.484  -45.852  48.697 0.5555559993
129779  29.084  -46.883  46.508 0.4444440007
126658  26.999  -47.107  48.156 0.5555559993
27408  27.128  -47.014  48.632 0.5555559993
28386  26.416  -46.223  46.424 0.4444440007
27462  26.420  -46.703  47.264 0.4444440007
130033  26.776  -46.999  47.855 0.5555559993
29322  26.340  -44.819  44.959 0.2222220004
29342  25.783  -44.285  44.331 0.1111110002
30111  27.346  -44.427  48.874 0.3333329856
30110  28.005  -44.252  48.487 0.4444440007
28358  29.969  -45.942  46.849 0.4444440007
29268  29.555  -44.832  47.707 0.4444440007
30124  29.212  -44.376  48.146 0.4444440007
27442  30.258  -46.710  46.092 0.4444440007
29284  29.306  -45.794  47.370 0.4444440007
26577  26.323  -47.102  48.316 0.5555559993
28405  26.076  -45.418  45.846 0.4444440007
122971  31.618  -45.447  46.156 0.4444440007
108031  31.374  -44.172  46.497 0.4444440007
30136  30.400  -44.322  47.549 0.4444440007
30123  29.957  -43.812  48.387 0.4444440007
30931  28.466  -43.470  49.224 0.3333329856
30933  27.166  -43.845  49.346 0.3333329856
29296  32.083  -45.807  45.746 0.3333329856
29297  31.227  -46.109  46.123 0.4444440007
29283  30.025  -45.436  47.068 0.4444440007
30109  28.869  -43.801  48.626 0.4444440007
31759  27.942  -42.971  49.752 0.3333329856
31760  27.314  -43.242  49.640 0.3333329856
27456  31.078  -46.559  45.428 0.3333329856
27457  30.317  -46.741  45.807 0.3333329856
31758  28.699  -42.812  49.737 0.3333329856
32682  27.008  -42.045  48.876 0.3333329856
27466  30.694  -46.678  45.313 0.2222220004
28401  30.317  -46.656  44.848 0.2222220004
27430  25.973  -46.950  47.933 0.5555559993
116153  25.404  -44.636  45.278 0.1111110002
118503  25.464  -45.979  46.424 0.2222220004
107083  32.841  -42.929  47.736 0.4444440007
108037  31.921  -42.632  48.575 0.5555559993
30151  33.462  -44.862  45.857 0.3333329856
109090  31.930  -43.254  47.326 0.4444440007
107084  31.082  -43.285  47.892 0.4444440007
107085  31.003  -42.593  48.942 0.4444440007
108212  31.526  -42.113  49.470 0.4444440007
29295  32.957  -45.517  45.495 0.3333329856
107082  32.404  -45.022  45.984 0.3333329856
30122  30.478  -43.292  48.419 0.4444440007
107088  30.829  -42.119  49.622 0.5555559993
28367  32.433  -45.906  45.339 0.3333329856
28383  32.068  -46.203  45.220 0.3333329856
28368  31.752  -45.994  45.768 0.3333329856
30943  30.316  -42.792  48.979 0.4444440007
28399  31.763  -46.406  44.861 0.2222220004
27465  31.109  -46.625  45.036 0.2222220004
30930  29.219  -43.008  49.391 0.3333329856
32681  27.630  -42.174  49.530 0.3333329856
31770  26.777  -42.578  49.299 0.2222220004
109272  33.537  -42.527  47.987 0.4444440007
114578  32.191  -42.069  49.254 0.5555559993
30956  34.623  -43.631  46.307 0.3333329856
30953  33.840  -43.172  47.118 0.3333329856
31756  32.018  -41.852  49.437 0.5555559993
30957  33.873  -44.077  46.300 0.3333329856
107087  31.277  -41.919  49.616 0.5555559993
107094  30.969  -41.980  49.754 0.5555559993
29321  34.485  -45.396  44.583 0.2222220004
28396  33.705  -45.557  44.847 0.2222220004
112314  32.604  -46.005  45.004 0.2222220004
107899  30.528  -41.722  49.537 0.4444440007
108062  30.436  -41.997  49.698 0.5555559993
28411  33.628  -45.601  44.498 0.1111110002
28398  32.366  -46.147  44.878 0.2222220004
29337  33.462  -45.553  44.017 0.1111110002
31781  34.170  -42.453  47.753 0.4444440007
30942  32.870  -42.290  48.633 0.5555559993
31755  32.812  -41.632  49.128 0.5555559993
30955  35.397  -43.190  46.395 0.3333329856
30952  34.772  -42.776  47.161 0.3333329856
107093  31.688  -41.624  49.370 0.5555559993
31791  36.499  -42.664  46.082 0.3333329856
128603  36.226  -43.158  45.898 0.3333329856
33636  31.706  -41.258  49.169 0.4444440007
107095  31.103  -41.852  49.593 0.5555559993
30164  36.502  -44.134  44.793 0.1111110002
30165  36.071  -44.300  45.092 0.2222220004
30166  35.501  -44.582  45.187 0.2222220004
30167  34.757  -44.915  45.248 0.2222220004
33665  31.805  -40.833  48.820 0.3333329856
122852  31.016  -41.467  49.117 0.3333329856
30177  36.697  -44.621  44.214 0.1111110002
29319  36.113  -45.032  44.372 0.1111110002
29305  35.766  -44.876  44.825 0.1111110002
29306  35.047  -45.064  44.908 0.1111110002
29334  35.863  -45.252  43.899 0.1111110002
29335  35.088  -45.316  43.956 0.1111110002
118744  33.957  -45.009  43.471 0.1111110002
30205  33.057  -44.610  43.294 0.1111110002
29352  35.644  -45.049  43.328 0.1111110002
120546  33.979  -44.147  43.079 0.1111110002
30989  33.195  -43.865  42.864 0.1111110002
31006  31.795  -43.735  42.361 0.1111110002
110503  30.861  -42.698  41.182 0.1111110002
31768  33.791  -41.962  48.479 0.5555559993
32664  32.386  -41.273  49.243 0.6666669846
30951  35.426  -42.291  47.322 0.4444440007
129023  34.400  -41.582  48.478 0.5555559993
32679  33.771  -41.316  48.969 0.5555559993
32663  33.157  -41.046  49.274 0.6666669846
125078  32.292  -40.875  49.116 0.5555559993
31792  36.006  -42.739  46.521 0.4444440007
129554  35.896  -42.140  47.156 0.5555559993
32692  35.699  -41.519  47.668 0.4444440007
33635  33.062  -39.960  49.063 0.6666669846
33651  32.517  -40.326  48.948 0.5555559993
31790  36.900  -42.217  45.724 0.4444440007
31796  36.662  -42.973  45.403 0.4444440007
112695  36.698  -41.406  46.992 0.4444440007
32734  36.987  -42.309  43.949 0.3333329856
32726  37.000  -42.266  44.938 0.3333329856
31795  36.906  -42.912  44.945 0.3333329856
116319  36.895  -44.067  44.429 0.2222220004
30981  37.676  -43.886  43.352 0.3333329856
29333  36.509  -45.039  43.718 0.1111110002
30203  35.563  -44.674  42.834 0.1111110002
30204  34.822  -44.507  43.008 0.1111110002
31005  32.649  -43.274  42.299 0.1111110002
31826  31.689  -42.966  41.769 0.1111110002
31825  32.383  -42.534  41.717 0.1111110002
32677  35.195  -40.922  48.468 0.6666669846
33650  34.620  -40.381  49.031 0.6666669846
32662  33.855  -40.679  49.195 0.6666669846
33634  33.136  -40.471  49.210 0.6666669846
118435  36.248  -41.123  47.527 0.5555559993
33663  35.740  -40.681  48.118 0.5555559993
33698  36.960  -40.505  45.778 0.3333329856
33676  37.008  -41.235  46.405 0.4444440007
32735  36.722  -41.319  43.799 0.3333329856
32727  36.902  -41.633  44.632 0.3333329856
32720  37.057  -41.448  45.440 0.3333329856
33633  34.103  -39.882  49.360 0.6666669846
34616  33.707  -39.104  49.284 0.7777780294
33662  36.685  -40.564  47.262 0.5555559993
34627  36.258  -39.625  47.896 0.5555559993
114645  35.276  -40.138  48.758 0.6666669846
33649  34.789  -39.549  49.265 0.6666669846
35570  34.234  -38.413  49.492 0.7777780294
34639  36.665  -39.596  46.166 0.4444440007
34632  36.612  -39.636  47.136 0.5555559993
35590  36.257  -38.708  47.757 0.5555559993
36451  34.306  -37.725  49.420 0.6666669846
33736  36.526  -40.439  43.620 0.3333329856
33719  36.713  -40.664  44.637 0.3333329856
35595  36.377  -38.696  46.669 0.4444440007
34680  37.095  -39.627  42.021 0.4444440007
34681  36.552  -39.796  42.905 0.4444440007
34660  36.384  -39.665  43.983 0.4444440007
35603  36.388  -38.749  44.467 0.4444440007
118132  35.850  -38.263  48.628 0.6666669846
34621  35.835  -39.107  48.591 0.6666669846
117004  35.054  -37.902  49.578 0.7777780294
35578  34.675  -37.786  49.583 0.6666669846
36509  36.474  -37.904  45.033 0.4444440007
35598  36.363  -38.701  45.554 0.4444440007
35609  37.169  -38.302  42.923 0.5555559993
35610  36.561  -38.852  43.412 0.4444440007
35620  37.658  -38.697  41.972 0.5555559993
35577  35.466  -37.615  49.286 0.6666669846
127863  34.948  -37.369  49.648 0.7777780294
128879  36.380  -36.929  47.350 0.6666669846
36478  36.117  -37.521  48.035 0.6666669846
36448  35.625  -36.701  49.419 0.6666669846
37421  34.392  -36.545  49.125 0.7777780294
36498  36.747  -37.203  45.549 0.5555559993
36508  37.645  -37.218  44.214 0.5555559993
115618  36.888  -37.946  43.966 0.5555559993
36518  37.721  -37.618  43.305 0.5555559993
36517  38.625  -37.056  43.649 0.5555559993
37454  37.503  -35.956  47.849 0.6666669846
116617  37.140  -35.804  48.728 0.6666669846
37479  38.039  -35.977  46.752 0.6666669846
37480  37.035  -36.472  47.084 0.6666669846
37455  36.584  -36.460  48.203 0.6666669846
37436  36.412  -36.072  49.276 0.6666669846
109284  37.471  -36.840  45.122 0.5555559993
37505  37.285  -36.603  46.064 0.5555559993
36488  36.484  -36.999  46.470 0.6666669846
38507  36.407  -35.036  49.793 0.5555559993
126311  36.998  -37.402  44.741 0.5555559993
110326  40.014  -37.023  41.953 0.5555559993
36524  39.305  -37.075  42.726 0.5555559993
36523  40.210  -36.736  42.774 0.5555559993
37453  38.337  -35.681  47.747 0.7777780294
37434  37.932  -35.396  48.679 0.6666669846
38523  37.774  -34.970  49.390 0.6666669846
36497  38.241  -36.388  45.663 0.6666669846
37417  36.633  -35.383  49.659 0.6666669846
36496  39.251  -36.376  45.329 0.6666669846
36487  39.184  -36.087  46.191 0.7777780294
36516  39.670  -36.820  43.595 0.5555559993
36506  39.362  -36.653  44.448 0.6666669846
36505  40.111  -36.638  44.314 0.6666669846
37527  41.077  -36.422  42.915 0.5555559993
37433  39.035  -35.319  48.291 0.7777780294
38522  38.438  -34.828  49.061 0.6666669846
109061  39.248  -35.780  47.226 0.6666669846
39504  37.453  -34.244  49.581 0.6666669846
37478  39.938  -35.968  46.563 0.6666669846
36495  40.085  -36.404  45.073 0.6666669846
37514  43.237  -35.673  44.253 0.6666669846
127314  41.216  -36.429  43.817 0.5555559993
36515  40.512  -36.612  43.698 0.6666669846
128644  42.594  -36.097  42.834 0.6666669846
37526  41.867  -36.249  43.339 0.6666669846
112009  39.284  -34.674  48.766 0.6666669846
38521  39.972  -35.107  48.279 0.6666669846
40506  38.677  -33.718  48.938 0.6666669846
108488  40.265  -35.763  47.224 0.7777780294
37452  39.868  -35.528  47.813 0.6666669846
38596  44.515  -34.737  44.488 0.7777780294
37502  41.504  -35.824  46.105 0.7777780294
37477  40.722  -35.906  46.493 0.7777780294
37515  42.432  -35.919  44.869 0.6666669846
114654  41.610  -36.053  45.271 0.6666669846
37503  40.790  -36.146  45.610 0.6666669846
37504  40.035  -36.180  45.881 0.7777780294
37525  42.576  -36.046  43.841 0.6666669846
37516  41.777  -36.251  44.352 0.6666669846
121484  39.444  -34.145  48.887 0.6666669846
39515  41.527  -34.417  48.127 0.8888890147
39516  40.891  -34.387  48.364 0.8888890147
39517  40.098  -34.554  48.542 0.8888890147
41370  38.294  -33.272  48.627 0.6666669846
37476  41.827  -35.167  47.243 0.8888890147
38520  40.729  -34.938  48.236 0.8888890147
39569  44.814  -34.394  44.844 0.7777780294
38569  44.033  -34.694  45.283 0.7777780294
122610  42.389  -35.002  46.847 0.8888890147
37475  42.070  -35.402  46.532 0.8888890147
37451  41.049  -35.567  47.284 0.7777780294
38537  40.557  -35.405  47.837 0.7777780294
38595  45.175  -34.607  43.922 0.7777780294
38597  43.845  -35.161  44.614 0.7777780294
115753  43.008  -35.483  45.316 0.7777780294
37501  42.267  -35.671  45.783 0.7777780294
38614  46.171  -35.028  42.608 0.6666669846
41367  40.968  -33.300  47.716 0.7777780294
41368  40.135  -33.348  47.944 0.6666669846
112632  42.104  -33.025  47.715 0.8888890147
40504  40.717  -33.780  48.164 0.8888890147
128871  40.152  -34.137  48.548 0.6666669846
129500  43.304  -33.707  47.529 0.8888890147
40516  42.776  -33.716  47.723 0.8888890147
41365  42.124  -33.506  47.826 0.8888890147
40503  41.491  -33.947  48.085 0.8888890147
40548  45.787  -33.703  44.714 0.7777780294
39549  45.200  -33.967  45.210 0.8888890147
39550  44.341  -34.227  45.861 0.7777780294
39541  43.642  -34.245  46.703 0.8888890147
38549  42.909  -34.658  46.782 0.8888890147
39530  42.436  -34.303  47.674 0.8888890147
39568  45.646  -34.175  44.238 0.7777780294
129393  43.380  -35.026  45.558 0.7777780294
38571  42.764  -35.140  46.194 0.8888890147
114323  46.337  -33.788  44.105 0.7777780294
39567  46.297  -34.218  43.619 0.6666669846
39589  46.596  -34.499  43.004 0.6666669846
38633  46.294  -35.412  41.954 0.6666669846
41375  41.643  -32.852  47.479 0.7777780294
41374  42.753  -32.957  47.660 0.8888890147
117692  42.362  -32.670  47.513 0.7777780294
40536  45.564  -33.403  45.441 0.8888890147
40523  45.320  -33.014  46.301 0.8888890147
40524  44.657  -33.277  46.850 0.8888890147
40525  43.837  -33.647  47.239 0.8888890147
109383  43.411  -32.583  47.534 0.8888890147
42224  42.897  -31.708  47.019 0.8888890147
42212  42.256  -32.283  47.223 0.7777780294
40535  46.283  -33.152  44.705 0.8888890147
127002  43.672  -32.081  47.486 0.8888890147
42223  43.643  -31.534  47.243 0.8888890147
40562  46.906  -33.964  43.438 0.6666669846
39608  46.749  -34.746  42.312 0.6666669846
41392  41.472  -32.318  45.879 0.6666669846
41391  45.858  -32.671  45.592 0.8888890147
42222  45.523  -32.186  46.384 0.8888890147
41382  44.995  -32.457  46.962 0.8888890147
43102  43.553  -30.805  46.191 0.8888890147
42237  42.889  -31.415  46.325 0.7777780294
42238  42.343  -31.829  45.621 0.6666669846
40547  46.983  -33.329  43.924 0.8888890147
126329  45.224  -31.749  46.857 0.8888890147
42209  44.674  -31.788  47.167 0.8888890147
43096  43.350  -31.195  46.816 0.8888890147
41398  47.524  -32.551  43.732 0.8888890147
40561  47.558  -33.345  43.101 0.7777780294
42247  46.508  -32.193  44.941 0.8888890147
42221  45.698  -31.251  46.351 0.8888890147
119132  43.049  -31.292  45.335 0.5555559993
42208  45.094  -31.078  46.883 0.8888890147
43967  44.356  -30.414  46.687 0.8888890147
43107  43.662  -30.580  45.054 0.7777780294
42246  47.738  -31.538  43.967 0.8888890147
124984  47.173  -32.110  44.319 0.8888890147
124454  48.047  -31.975  43.347 0.8888890147
41407  47.977  -32.559  43.067 0.7777780294
41414  48.038  -32.774  42.468 0.7777780294
44009  44.352  -29.508  43.478 0.5555559993
43123  44.294  -30.283  42.740 0.4444440007
43101  46.971  -30.565  45.126 0.8888890147
42235  46.425  -31.286  45.490 0.7777780294
43094  44.959  -30.348  46.748 0.8888890147
43966  44.722  -29.671  46.413 0.8888890147
44010  44.010  -30.020  44.283 0.7777780294
43114  44.070  -30.324  43.486 0.5555559993
42234  47.061  -31.422  44.689 0.8888890147
43995  44.077  -29.750  45.197 0.7777780294
43135  44.442  -30.251  41.864 0.2222220004
43106  48.101  -30.554  43.896 0.8888890147
41426  48.321  -32.160  42.020 0.6666669846
41438  48.090  -32.104  41.534 0.6666669846
116962  48.554  -30.908  42.533 0.7777780294
42268  48.518  -31.379  42.063 0.7777780294
43092  46.240  -30.369  45.906 0.8888890147
43093  45.514  -30.300  46.428 0.7777780294
44025  44.542  -29.510  42.401 0.3333329856
44035  44.615  -29.486  41.481 0.2222220004
43979  46.849  -29.661  45.501 0.8888890147
43964  46.096  -29.346  46.015 0.7777780294
43965  45.352  -29.532  46.334 0.7777780294
43980  44.568  -29.151  45.695 0.6666669846
43994  44.372  -29.207  44.615 0.7777780294
128954  47.632  -29.889  44.654 0.8888890147
43993  48.316  -29.599  43.880 0.8888890147
44024  48.722  -29.483  42.588 0.7777780294
43146  48.316  -30.576  41.138 0.6666669846
44023  48.740  -29.122  42.231 0.7777780294
43160  48.204  -29.906  40.716 0.6666669846
44043  48.457  -29.321  41.083 0.6666669846
45069  48.323  -28.636  40.788 0.5555559993
45046  44.640  -28.698  42.941 0.2222220004
45058  44.716  -28.734  41.968 0.2222220004
45010  46.800  -28.905  45.714 0.8888890147
44993  45.773  -28.693  45.967 0.7777780294
45011  45.640  -28.252  45.758 0.7777780294
46063  45.440  -27.926  45.248 0.7777780294
45036  44.689  -28.577  43.950 0.6666669846
45070  44.805  -28.766  41.028 0.1111110002
43977  48.028  -28.953  44.485 0.8888890147
45009  47.175  -28.369  45.537 0.8888890147
46051  46.501  -27.646  45.593 0.8888890147
113431  48.479  -28.795  43.890 0.8888890147
44007  48.749  -28.426  42.832 0.7777780294
115563  48.696  -28.045  42.054 0.7777780294
44056  48.038  -29.242  40.413 0.5555559993
44068  47.260  -29.299  39.180 0.4444440007
123671  48.560  -27.881  41.337 0.6666669846
44057  47.677  -29.117  39.799 0.4444440007
124946  47.210  -28.643  38.873 0.2222220004
45103  46.569  -28.359  37.846 0.2222220004
45080  47.871  -28.591  40.071 0.4444440007
113969  47.409  -28.070  38.951 0.3333329856
47133  46.622  -27.009  37.493 0.2222220004
47143  46.274  -26.802  36.768 0.2222220004
47142  46.765  -26.235  37.249 0.2222220004
47152  46.073  -26.248  35.923 0.2222220004
48152  45.643  -25.601  34.529 0.2222220004
113817  44.917  -28.019  43.363 0.3333329856
117451  44.884  -27.967  42.500 0.3333329856
125862  44.899  -27.905  39.859 0.2222220004
46090  45.063  -27.226  40.233 0.2222220004
46071  45.246  -27.749  44.236 0.6666669846
118592  44.926  -27.992  41.543 0.2222220004
118908  48.558  -27.504  44.423 0.8888890147
125306  47.535  -27.912  45.305 0.8888890147
46061  46.941  -27.173  45.429 0.8888890147
46070  45.842  -27.236  44.839 0.7777780294
46076  48.715  -27.669  43.964 0.8888890147
116954  48.732  -27.468  42.858 0.7777780294
47116  48.397  -27.183  40.820 0.6666669846
47121  47.998  -26.887  40.125 0.5555559993
46104  47.772  -27.412  39.680 0.5555559993
47126  47.742  -26.713  39.300 0.3333329856
48122  47.226  -25.851  37.738 0.3333329856
48133  47.049  -25.325  36.961 0.3333329856
48143  46.419  -25.468  35.633 0.2222220004
47117  45.193  -26.390  40.779 0.4444440007
47110  45.291  -26.666  41.610 0.3333329856
115521  45.102  -27.252  42.057 0.4444440007
114357  45.113  -27.251  41.131 0.2222220004
46077  45.319  -27.239  43.098 0.5555559993
48051  48.218  -26.122  44.960 0.8888890147
47075  46.923  -26.482  45.267 0.7777780294
48054  46.628  -26.003  44.895 0.7777780294
47088  46.224  -26.497  44.549 0.6666669846
47089  45.776  -26.880  43.958 0.7777780294
111515  48.890  -25.167  44.342 0.8888890147
48063  48.626  -25.778  44.534 0.8888890147
47087  48.701  -26.451  44.335 0.8888890147
46068  48.784  -26.897  43.408 0.8888890147
48062  48.907  -26.008  43.960 0.8888890147
47098  48.863  -26.359  43.423 0.8888890147
47104  48.945  -26.326  43.056 0.7777780294
48076  49.111  -25.520  43.694 0.8888890147
48085  49.252  -25.427  43.267 0.8888890147
47115  48.710  -26.912  41.568 0.7777780294
48099  48.970  -25.922  41.718 0.7777780294
48106  48.079  -25.757  39.691 0.4444440007
48112  47.745  -25.901  38.883 0.3333329856
47105  45.521  -26.547  42.320 0.4444440007
116879  45.473  -25.963  41.636 0.4444440007
48052  47.471  -25.827  45.169 0.7777780294
48064  46.971  -25.385  44.935 0.7777780294
119648  46.430  -25.846  44.339 0.7777780294
47099  46.144  -26.115  43.845 0.6666669846
47100  45.880  -26.280  43.097 0.5555559993
48087  45.809  -25.827  42.323 0.4444440007
48101  45.210  -25.417  40.935 0.5555559993
48983  47.344  -25.168  45.028 0.8888890147
121871  49.102  -24.408  44.180 0.8888890147
48990  49.437  -24.620  43.687 0.8888890147
48092  49.229  -25.524  42.506 0.8888890147
128117  49.207  -25.276  41.841 0.6666669846
49046  49.036  -24.052  40.502 0.6666669846
49944  48.880  -23.545  39.471 0.5555559993
49958  48.676  -23.401  38.520 0.5555559993
49957  49.236  -22.488  38.088 0.5555559993
48100  48.553  -26.122  40.761 0.6666669846
49047  48.439  -24.550  39.613 0.5555559993
130575  48.361  -24.129  38.889 0.4444440007
48093  45.647  -25.065  41.810 0.6666669846
49002  46.865  -24.452  43.941 0.7777780294
49003  46.370  -24.665  43.204 0.6666669846
49881  47.491  -23.953  44.388 0.8888890147
48077  46.388  -25.343  43.725 0.6666669846
48086  46.057  -25.326  42.837 0.5555559993
48991  48.384  -24.369  44.581 0.8888890147
48992  47.715  -24.457  44.790 0.8888890147
125508  49.775  -23.739  43.403 0.8888890147
130087  49.938  -23.724  42.987 0.7777780294
49934  49.742  -23.494  41.404 0.7777780294
49933  50.337  -22.348  41.117 0.7777780294
49013  49.654  -24.466  42.951 0.7777780294
49024  49.500  -24.517  41.939 0.7777780294
128435  49.330  -24.244  41.227 0.6666669846
112729  49.761  -22.855  40.219 0.5555559993
50833  50.499  -21.948  39.424 0.6666669846
50852  50.367  -21.902  38.515 0.5555559993
50886  52.574  -21.781  37.741 0.4444440007
49014  46.096  -24.443  42.417 0.5555559993
116823  45.199  -24.652  41.043 0.5555559993
49880  48.013  -23.674  44.524 0.8888890147
49891  47.188  -23.461  43.746 0.7777780294
49879  48.716  -23.639  44.263 0.8888890147
49878  49.425  -23.714  43.895 0.8888890147
49890  49.754  -23.014  43.546 0.8888890147
49904  50.102  -23.098  42.947 0.7777780294
49919  50.235  -22.825  42.096 0.7777780294
125612  50.632  -21.931  40.203 0.7777780294
50851  51.693  -21.796  38.810 0.6666669846
50867  52.713  -22.000  38.443 0.6666669846
129132  53.344  -22.027  38.301 0.6666669846
49892  46.570  -23.812  43.041 0.5555559993
50761  47.770  -23.153  44.116 0.8888890147
49905  46.896  -23.048  43.109 0.7777780294
50760  48.360  -22.963  44.162 0.8888890147
50779  48.087  -22.440  43.771 0.8888890147
50778  48.784  -22.310  43.791 0.8888890147
50776  49.974  -22.356  43.047 0.7777780294
49903  50.170  -22.356  42.446 0.7777780294
50805  50.480  -21.816  41.608 0.7777780294
51705  51.156  -21.237  41.121 0.7777780294
51704  51.789  -21.178  40.484 0.6666669846
52612  52.478  -21.255  39.736 0.6666669846
50830  53.174  -21.755  39.074 0.7777780294
109450  52.783  -21.146  39.481 0.7777780294
50848  53.783  -21.953  38.635 0.8888890147
51738  53.420  -22.064  37.837 0.7777780294
51659  47.788  -21.928  43.205 0.8888890147
51658  48.459  -21.765  43.368 0.8888890147
51656  49.698  -21.839  43.030 0.7777780294
51673  50.130  -21.621  42.404 0.7777780294
51674  49.593  -21.227  42.744 0.8888890147
51691  50.698  -21.116  41.684 0.7777780294
51690  51.305  -20.903  41.150 0.8888890147
52596  51.249  -20.540  41.068 0.8888890147
52595  51.794  -20.935  40.614 0.7777780294
52579  50.685  -20.551  41.601 0.8888890147
52613  51.893  -20.720  40.323 0.7777780294
51676  48.056  -21.170  42.886 0.8888890147
51675  48.877  -21.080  42.959 0.8888890147
52567  49.394  -20.515  42.450 0.8888890147
52566  50.135  -20.800  42.166 0.7777780294
52580  49.989  -20.086  41.979 0.8888890147
53561  50.449  -20.029  41.373 0.7777780294
53574  50.948  -20.097  40.769 0.7777780294
52569  47.617  -20.636  42.305 0.6666669846
52568  48.468  -20.472  42.496 0.7777780294
52581  49.012  -19.898  42.054 0.8888890147
53563  48.481  -19.527  41.373 0.6666669846
121576  49.111  -19.361  40.932 0.6666669846
30099  26.013  -45.191  49.760 0.4444440007
27409  26.517  -47.129  48.903 0.4444440007
28338  27.039  -46.611  49.031 0.5555559993
32695  27.206  -41.657  48.152 0.2222220004
26570  25.729  -47.301  48.664 0.5555559993
31762  26.081  -43.096  49.221 0.2222220004
28359  29.160  -46.509  47.166 0.4444440007
129496  28.759  -45.063  47.858 0.4444440007
27461  27.038  -46.578  46.726 0.4444440007
30125  28.439  -44.847  48.018 0.4444440007
29252  26.351  -45.556  49.662 0.4444440007
29269  28.915  -45.351  47.738 0.5555559993
28370  29.724  -46.609  46.515 0.4444440007
26568  26.809  -47.128  48.463 0.5555559993
124380  26.713  -45.862  45.938 0.4444440007
114939  26.107  -44.242  43.342 0.1111110002
30932  27.785  -43.758  49.192 0.3333329856
120892  26.672  -44.623  49.397 0.3333329856
129515  30.510  -46.018  46.567 0.4444440007
28369  30.515  -46.466  46.218 0.4444440007
26569  26.269  -47.187  48.627 0.4444440007
27447  25.486  -46.724  47.452 0.5555559993
29282  30.836  -45.337  46.622 0.4444440007
129034  30.985  -46.381  46.012 0.4444440007
30944  29.661  -43.304  48.849 0.4444440007
31769  27.254  -42.569  49.617 0.3333329856
27455  31.783  -46.411  45.029 0.2222220004
32666  28.433  -42.200  49.809 0.3333329856
28416  29.883  -46.243  44.189 0.2222220004
30135  32.807  -43.899  46.593 0.3333329856
30929  30.020  -42.484  49.463 0.4444440007
28413  32.282  -46.083  44.497 0.2222220004
31757  29.346  -42.242  49.744 0.4444440007
32683  26.382  -42.258  48.446 0.2222220004
31771  26.209  -42.674  48.893 0.2222220004
31761  26.702  -43.122  49.497 0.2222220004
30150  34.374  -44.579  45.699 0.2222220004
29336  34.246  -45.411  43.968 0.1111110002
29307  34.208  -45.330  45.030 0.2222220004
29294  33.889  -45.230  45.354 0.2222220004
28382  33.249  -45.639  45.113 0.2222220004
31780  34.662  -42.076  47.918 0.4444440007
30963  36.367  -43.505  45.382 0.2222220004
30148  35.873  -43.681  45.676 0.2222220004
30149  35.158  -44.132  45.631 0.2222220004
29320  35.424  -45.208  44.489 0.1111110002
120565  36.237  -45.038  43.323 0.1111110002
29353  34.867  -45.047  43.387 0.1111110002
30990  32.528  -44.004  42.805 0.1111110002
31004  33.741  -43.366  42.486 0.1111110002
31767  35.040  -41.582  48.141 0.4444440007
32678  34.515  -41.083  48.772 0.5555559993
31779  36.306  -41.976  46.982 0.5555559993
30962  36.726  -43.541  44.868 0.3333329856
31798  37.060  -42.892  44.391 0.3333329856
30972  37.125  -43.564  44.231 0.3333329856
31839  31.725  -42.143  41.255 0.1111110002
129359  33.582  -39.684  49.258 0.6666669846
127528  36.157  -40.403  47.849 0.6666669846
33648  35.795  -39.901  48.387 0.6666669846
115609  36.925  -40.349  46.615 0.5555559993
34622  35.354  -39.312  48.988 0.6666669846
34615  34.677  -38.288  49.577 0.7777780294
34645  36.534  -39.630  45.075 0.4444440007
36489  36.210  -37.741  47.066 0.6666669846
35621  36.880  -38.993  42.584 0.5555559993
36499  36.224  -37.807  46.027 0.6666669846
36526  37.827  -37.995  42.578 0.5555559993
36449  35.187  -37.154  49.567 0.7777780294
37418  35.930  -35.851  49.633 0.6666669846
36507  38.399  -36.706  44.710 0.5555559993
127678  37.928  -33.581  49.131 0.6666669846
37517  40.869  -36.390  44.640 0.6666669846
39531  41.854  -34.703  47.832 0.8888890147
38536  41.261  -35.138  47.837 0.8888890147
38535  42.403  -34.680  47.309 0.8888890147
40515  43.395  -33.238  47.559 0.8888890147
39529  43.050  -34.153  47.344 0.8888890147
40537  44.949  -33.694  46.104 0.8888890147
39540  44.317  -33.850  46.610 0.8888890147
38570  43.456  -34.654  46.092 0.8888890147
41373  44.128  -32.608  47.388 0.8888890147
42225  42.191  -31.951  46.588 0.7777780294
42210  44.111  -31.784  47.401 0.8888890147
39588  47.210  -34.136  42.691 0.6666669846
39628  47.212  -34.214  41.971 0.6666669846
41399  46.920  -32.718  44.318 0.8888890147
42236  46.007  -31.921  45.768 0.7777780294
43095  43.883  -30.862  46.880 0.8888890147
129182  43.948  -30.495  46.512 0.8888890147
43089  44.431  -31.107  47.115 0.8888890147
43981  44.001  -30.002  46.069 0.7777780294
42245  48.305  -31.193  43.252 0.8888890147
41413  48.328  -31.886  42.651 0.7777780294
41427  47.944  -32.843  41.835 0.6666669846
43148  44.390  -30.115  41.019 0.2222220004
43113  48.557  -30.172  43.105 0.8888890147
128309  48.664  -30.203  42.400 0.7777780294
110075  48.631  -30.593  42.018 0.7777780294
42278  48.459  -30.969  41.649 0.6666669846
44994  45.176  -28.923  46.108 0.7777780294
45012  45.148  -28.526  45.657 0.7777780294
45023  44.877  -28.473  44.964 0.6666669846
44008  48.661  -29.104  43.270 0.7777780294
43134  48.571  -30.216  41.639 0.7777780294
125702  48.496  -29.891  41.280 0.7777780294
45045  48.713  -28.390  42.271 0.7777780294
44034  48.656  -29.383  41.717 0.7777780294
45057  48.618  -28.673  41.553 0.6666669846
44992  46.460  -28.347  45.758 0.8888890147
45008  47.792  -28.324  45.005 0.8888890147
46052  46.113  -27.898  45.736 0.7777780294
45022  48.441  -28.145  44.347 0.8888890147
47062  46.441  -27.164  45.423 0.7777780294
46062  45.989  -27.528  45.489 0.7777780294
45035  48.699  -28.224  43.584 0.8888890147
115259  48.759  -27.471  43.368 0.7777780294
46085  48.713  -27.596  42.628 0.7777780294
46095  48.092  -27.848  40.336 0.5555559993
45081  47.524  -28.625  39.404 0.3333329856
45090  46.757  -29.024  38.425 0.3333329856
45102  46.993  -28.192  38.444 0.2222220004
45117  46.082  -28.446  37.202 0.2222220004
44094  46.255  -29.150  37.668 0.2222220004
46096  47.699  -28.013  39.577 0.4444440007
46115  47.203  -27.448  38.500 0.3333329856
46116  46.790  -27.581  37.961 0.2222220004
46130  46.394  -27.664  37.340 0.2222220004
47132  46.986  -26.777  37.954 0.2222220004
46131  45.918  -27.695  36.670 0.2222220004
48134  46.562  -25.818  36.455 0.2222220004
48144  45.925  -25.910  35.201 0.2222220004
48151  46.274  -25.188  34.893 0.2222220004
46059  48.119  -27.698  44.909 0.8888890147
47073  48.373  -26.992  44.846 0.8888890147
46060  47.601  -27.370  45.263 0.7777780294
126372  46.640  -26.468  45.164 0.7777780294
47076  46.370  -26.848  45.122 0.7777780294
46082  48.782  -26.868  43.048 0.8888890147
46089  48.750  -27.407  42.226 0.7777780294
48113  47.423  -26.544  38.527 0.3333329856
48121  47.636  -25.437  38.215 0.3333329856
47074  47.598  -26.636  45.237 0.7777780294
48982  48.121  -25.186  44.975 0.8888890147
48065  46.766  -25.296  44.491 0.7777780294
47086  48.825  -26.598  43.753 0.8888890147
47109  48.908  -26.592  42.409 0.8888890147
49036  48.580  -25.056  40.345 0.5555559993
49054  47.986  -24.986  38.868 0.4444440007
48993  47.220  -24.775  44.673 0.7777780294
49035  49.039  -25.006  41.163 0.6666669846
115554  49.456  -22.597  39.063 0.6666669846
49062  48.106  -24.370  38.041 0.3333329856
49920  49.934  -23.683  42.444 0.7777780294
50816  51.204  -21.556  40.518 0.7777780294
50832  51.602  -21.714  39.556 0.6666669846
50868  51.522  -21.797  38.034 0.4444440007
50777  49.465  -22.347  43.503 0.7777780294
50831  52.264  -21.515  39.619 0.6666669846
50850  52.684  -21.964  38.984 0.6666669846
118873  53.434  -22.044  38.729 0.7777780294
50849  53.670  -21.890  38.711 0.7777780294
50866  53.845  -22.168  38.456 0.7777780294
51717  53.243  -21.639  39.065 0.7777780294
52628  52.850  -20.866  38.978 0.8888890147
114465  52.160  -20.636  39.725 0.8888890147
52627  53.515  -21.583  39.081 0.8888890147
51657  49.180  -21.709  43.324 0.8888890147
52614  51.253  -20.212  40.062 0.8888890147
29240  25.683  -45.980  50.022 0.4444440007
28319  26.327  -46.239  49.642 0.4444440007
28339  26.175  -46.816  49.325 0.4444440007
26578  25.504  -47.235  48.383 0.4444440007
30934  26.411  -43.731  49.485 0.2222220004
113545  3.389  -44.551  54.154 0.1111110002
30908  2.660  -43.445  53.722 0.1111110002
29232  3.398  -45.042  52.717 0.1111110002
30074  3.247  -43.698  54.479 0.1111110002
28291  4.323  -45.759  52.765 0.1111110002
29219  3.914  -45.228  54.109 0.1111110002
30899  2.739  -42.875  54.127 0.1111110002
29264  5.809  -45.063  49.406 0.1111110002
35579  33.846  -38.331  49.248 0.5555559993
35586  33.487  -38.253  48.695 0.5555559993
27391  10.192  -47.810  54.182 0.1111110002
28315  5.319  -46.158  51.860 0.1111110002
29223  4.450  -45.775  53.534 0.1111110002
28345  6.222  -45.411  50.073 0.1111110002
28333  5.240  -46.118  50.997 0.1111110002
28302  4.227  -45.867  51.969 0.1111110002
30073  3.764  -44.382  54.776 0.1111110002
130247  6.424  -45.052  49.645 0.1111110002
28346  5.284  -45.704  50.075 0.1111110002
28334  4.522  -45.990  50.567 0.1111110002
30142  7.739  -43.713  48.075 0.1111110002
30132  6.991  -43.937  48.726 0.1111110002
29277  5.970  -44.329  48.912 0.1111110002
28347  4.411  -45.529  49.805 0.1111110002
30157  7.757  -43.310  47.481 0.1111110002
111025  6.897  -43.346  47.971 0.1111110002
34623  33.050  -39.325  48.644 0.5555559993
28271  9.827  -47.071  55.222 0.2222220004
28280  9.524  -47.276  54.724 0.1111110002
27392  9.423  -47.413  53.947 0.1111110002
28300  5.442  -46.130  52.607 0.1111110002
28290  4.962  -46.011  53.087 0.1111110002
29218  4.820  -45.707  54.420 0.1111110002
111091  4.368  -44.885  55.018 0.1111110002
113826  5.816  -46.140  51.491 0.1111110002
30070  4.183  -44.000  55.508 0.1111110002
29210  10.942  -46.162  55.343 0.3333329856
29263  7.110  -45.052  49.896 0.1111110002
28344  6.859  -45.628  50.642 0.1111110002
127291  4.784  -42.882  55.113 0.1111110002
30892  4.673  -43.399  55.633 0.1111110002
30131  8.189  -44.234  48.508 0.1111110002
108795  6.628  -44.669  49.307 0.1111110002
30141  8.674  -44.061  47.606 0.1111110002
35591  33.178  -38.485  47.928 0.5555559993
119688  33.000  -38.636  46.823 0.4444440007
33664  32.485  -40.115  48.662 0.3333329856
34628  32.843  -39.580  47.704 0.3333329856
122432  32.236  -40.394  48.072 0.3333329856
33700  32.053  -40.982  46.452 0.2222220004
107089  31.323  -41.575  46.345 0.2222220004
107086  30.812  -42.328  45.507 0.2222220004
29212  9.313  -46.351  55.688 0.2222220004
27388  9.265  -47.277  54.392 0.1111110002
27394  9.344  -47.115  53.047 0.1111110002
28288  6.652  -46.334  53.484 0.1111110002
117192  6.095  -46.273  52.930 0.1111110002
109857  5.073  -45.220  55.345 0.1111110002
30069  4.849  -43.851  56.080 0.1111110002
29202  10.430  -45.622  55.566 0.3333329856
28298  7.583  -46.406  52.907 0.1111110002
118251  6.860  -46.211  52.371 0.1111110002
28314  6.655  -46.056  51.497 0.1111110002
31706  5.009  -43.126  55.597 0.1111110002
30064  5.232  -43.353  56.071 0.1111110002
30068  11.097  -45.190  55.350 0.3333329856
29209  11.696  -45.733  55.039 0.3333329856
28313  7.732  -46.094  51.940 0.1111110002
29247  7.801  -45.316  50.583 0.1111110002
30057  11.228  -44.070  55.476 0.3333329856
28329  9.546  -45.821  50.635 0.1111110002
28312  8.835  -46.145  51.758 0.1111110002
29246  8.768  -45.406  50.543 0.1111110002
29274  9.682  -45.250  48.826 0.1111110002
29275  8.730  -44.872  49.030 0.1111110002
29289  9.985  -45.252  47.952 0.1111110002
30130  9.174  -44.679  48.253 0.1111110002
30156  9.529  -44.305  46.798 0.1111110002
119469  33.336  -37.683  48.037 0.4444440007
110826  19.452  -42.773  50.304 0.2222220004
34633  32.879  -39.634  46.364 0.2222220004
31764  19.163  -42.412  49.208 0.2222220004
33677  32.494  -40.444  46.992 0.2222220004
33699  32.572  -40.460  45.872 0.2222220004
108282  31.951  -41.128  45.573 0.2222220004
108274  31.281  -41.749  45.321 0.1111110002
31799  30.548  -42.531  45.072 0.1111110002
28273  7.360  -46.410  54.931 0.1111110002
28274  6.425  -45.987  55.331 0.1111110002
127027  6.420  -45.426  55.939 0.1111110002
30058  10.233  -44.570  55.707 0.3333329856
29203  9.683  -45.532  55.807 0.3333329856
28287  7.532  -46.560  53.536 0.1111110002
28282  6.381  -46.258  54.315 0.1111110002
29215  5.771  -45.352  55.687 0.1111110002
124755  5.257  -44.561  56.048 0.1111110002
30888  5.743  -43.263  56.248 0.1111110002
30882  11.432  -43.086  55.971 0.3333329856
31741  19.346  -42.793  51.883 0.2222220004
32643  18.460  -41.950  51.533 0.2222220004
37422  34.037  -36.907  48.825 0.6666669846
31748  19.046  -42.379  51.152 0.3333329856
32651  18.192  -41.874  50.474 0.2222220004
123248  18.818  -42.291  50.087 0.2222220004
37420  34.798  -36.504  49.481 0.6666669846
31776  19.857  -42.702  48.469 0.2222220004
109590  30.923  -42.488  45.074 0.1111110002
31787  19.805  -42.409  47.665 0.1111110002
32730  29.804  -42.134  44.401 0.1111110002
28272  8.974  -46.875  55.243 0.2222220004
29205  7.753  -45.130  56.194 0.2222220004
30061  7.178  -43.957  56.561 0.1111110002
30886  6.662  -43.097  56.674 0.1111110002
122161  8.109  -46.556  55.323 0.1111110002
29214  7.290  -45.911  55.781 0.1111110002
30062  6.287  -43.818  56.587 0.1111110002
29207  5.969  -44.626  56.253 0.1111110002
30063  5.561  -43.711  56.379 0.1111110002
31699  11.318  -42.179  56.318 0.3333329856
33576  11.321  -40.827  56.252 0.3333329856
33602  11.157  -41.027  54.179 0.1111110002
33601  11.571  -40.918  53.313 0.1111110002
36490  33.096  -37.540  47.138 0.4444440007
33611  12.793  -40.459  52.534 0.1111110002
36466  33.651  -37.332  48.440 0.5555559993
113474  13.092  -40.578  51.040 0.1111110002
38509  35.019  -35.676  49.521 0.6666669846
32667  18.371  -41.882  49.323 0.2222220004
33637  15.929  -40.982  50.005 0.1111110002
128353  18.744  -42.006  48.746 0.2222220004
32684  19.097  -42.181  48.129 0.2222220004
32685  18.245  -41.800  48.291 0.1111110002
33721  28.130  -41.002  43.843 0.1111110002
32731  28.175  -41.312  44.584 0.1111110002
32701  20.257  -42.284  46.940 0.1111110002
33741  27.639  -40.571  43.439 0.1111110002
33743  25.960  -39.981  43.950 0.1111110002
116692  25.149  -39.748  43.851 0.1111110002
32716  20.804  -41.912  46.227 0.1111110002
111036  25.103  -39.461  43.039 0.1111110002
32715  21.700  -41.861  46.261 0.1111110002
30060  8.196  -44.200  56.339 0.2222220004
30885  7.659  -42.940  56.727 0.1111110002
30884  8.727  -43.354  56.377 0.2222220004
31701  9.153  -41.855  56.381 0.2222220004
116221  8.440  -42.353  56.546 0.1111110002
31702  7.749  -42.171  56.566 0.1111110002
32616  9.111  -41.330  55.465 0.1111110002
33583  9.985  -40.907  55.738 0.1111110002
32629  10.351  -41.588  54.015 0.1111110002
32638  11.209  -41.398  52.558 0.1111110002
32628  10.979  -41.404  53.340 0.1111110002
33720  32.377  -40.447  44.804 0.2222220004
33737  31.825  -40.648  44.145 0.1111110002
127518  12.375  -40.757  51.508 0.1111110002
32736  31.114  -41.226  43.912 0.1111110002
32729  30.584  -41.986  44.414 0.1111110002
33626  13.467  -40.598  50.369 0.1111110002
32738  28.981  -41.524  43.782 0.1111110002
33722  27.350  -40.773  44.393 0.1111110002
33624  15.188  -40.790  50.706 0.1111110002
33723  26.371  -40.459  44.603 0.1111110002
33724  25.404  -40.254  44.702 0.1111110002
33725  24.681  -40.392  44.973 0.1111110002
33726  23.951  -40.347  44.791 0.1111110002
32687  17.070  -41.327  48.973 0.1111110002
125455  23.608  -40.766  45.197 0.1111110002
32702  19.285  -42.164  46.996 0.1111110002
32703  18.581  -41.942  47.471 0.1111110002
118328  17.724  -41.571  48.863 0.1111110002
32686  17.332  -41.395  48.140 0.1111110002
33742  26.792  -40.286  43.758 0.1111110002
33727  23.005  -40.388  44.676 0.1111110002
32717  19.929  -41.940  46.185 0.1111110002
34666  24.243  -39.556  43.474 0.1111110002
34667  23.266  -39.593  43.441 0.1111110002
33706  22.192  -40.845  44.908 0.1111110002
33684  21.254  -41.489  45.646 0.1111110002
130818  8.980  -41.453  56.162 0.1111110002
32599  8.320  -41.792  56.338 0.1111110002
32600  7.553  -41.848  56.241 0.1111110002
32615  9.854  -41.199  55.028 0.1111110002
125967  7.713  -41.679  55.883 0.1111110002
38525  34.180  -35.647  48.601 0.4444440007
37437  34.093  -36.234  48.699 0.6666669846
34646  32.595  -39.633  44.491 0.2222220004
33625  14.331  -40.660  50.470 0.1111110002
39522  34.262  -35.160  48.365 0.4444440007
116663  14.902  -40.781  49.797 0.1111110002
34648  24.504  -39.966  44.359 0.1111110002
34649  23.599  -39.904  44.154 0.1111110002
34650  22.693  -39.900  43.949 0.1111110002
126497  22.034  -40.294  44.308 0.1111110002
126843  21.563  -41.129  45.146 0.1111110002
32605  8.421  -41.432  56.020 0.1111110002
33612  11.928  -40.840  52.457 0.1111110002
37438  33.649  -36.491  48.117 0.5555559993
36479  33.322  -37.008  47.688 0.4444440007
35604  32.637  -38.728  44.661 0.2222220004
128360  32.639  -38.295  45.331 0.3333329856
33638  15.450  -40.864  49.043 0.1111110002
40530  34.709  -34.671  46.689 0.4444440007
39532  34.362  -34.818  47.880 0.3333329856
37481  33.078  -36.404  46.483 0.4444440007
37506  32.761  -36.919  46.301 0.4444440007
35611  32.245  -38.576  43.677 0.2222220004
34661  32.426  -39.280  43.963 0.2222220004
108605  15.973  -40.931  48.204 0.1111110002
120432  16.313  -41.090  49.064 0.1111110002
36500  32.327  -36.963  45.453 0.4444440007
35605  32.154  -37.795  44.208 0.3333329856
34682  31.470  -39.154  42.583 0.1111110002
33652  16.669  -41.145  48.447 0.1111110002
32669  16.836  -41.272  49.761 0.1111110002
37507  32.724  -36.417  45.670 0.4444440007
37528  31.689  -36.341  43.934 0.2222220004
125103  31.690  -37.100  43.947 0.2222220004
35622  31.808  -38.486  42.894 0.2222220004
34683  30.806  -39.333  42.219 0.1111110002
37518  32.247  -36.343  44.813 0.3333329856
36519  31.330  -36.866  43.318 0.2222220004
36527  31.431  -37.631  42.653 0.1111110002
35623  31.236  -38.466  42.244 0.1111110002
35640  30.460  -38.571  41.638 0.1111110002
32704  17.902  -41.617  47.391 0.1111110002
38618  31.600  -35.862  43.523 0.2222220004
36528  30.928  -37.627  41.933 0.1111110002
120750  29.928  -38.206  41.110 0.1111110002
33705  22.972  -41.048  45.322 0.1111110002
38619  31.423  -35.722  43.039 0.1111110002
37529  31.212  -36.116  43.057 0.2222220004
37554  30.686  -36.764  41.707 0.1111110002
36539  30.402  -37.587  41.290 0.1111110002
32718  18.501  -41.740  46.623 0.1111110002
39616  31.784  -35.321  42.555 0.1111110002
39617  31.279  -35.441  41.898 0.1111110002
116170  30.549  -36.101  41.444 0.1111110002
114711  30.209  -36.728  41.083 0.1111110002
37565  29.655  -36.677  40.557 0.1111110002
36540  29.806  -37.524  40.795 0.1111110002
39636  31.045  -35.158  41.080 0.1111110002
38639  30.913  -35.739  41.696 0.1111110002
39618  30.792  -35.429  41.090 0.1111110002
40598  31.314  -34.943  40.870 0.1111110002
40599  30.873  -34.981  40.360 0.1111110002
129012  30.652  -34.560  39.334 0.1111110002
32640  9.722  -42.371  53.261 0.1111110002
32639  10.529  -41.930  52.840 0.1111110002
115388  13.987  -40.627  49.652 0.1111110002
32630  9.422  -41.873  54.380 0.1111110002
33639  14.540  -40.699  48.962 0.1111110002
38538  33.888  -35.479  47.962 0.5555559993
113263  31.551  -40.348  43.467 0.2222220004
32737  30.051  -41.512  43.488 0.1111110002
126455  16.669  -41.104  47.857 0.1111110002
109330  36.120  -34.201  46.447 0.4444440007
40510  35.108  -34.412  48.398 0.5555559993
39543  33.924  -35.137  47.123 0.4444440007
33738  30.699  -40.675  43.116 0.1111110002
40541  36.609  -34.244  45.686 0.3333329856
38550  33.373  -35.857  46.729 0.5555559993
33748  30.356  -40.168  42.479 0.1111110002
111310  33.646  -35.451  46.491 0.3333329856
38551  33.078  -36.091  45.959 0.4444440007
33749  29.542  -40.423  42.408 0.1111110002
124873  17.776  -41.461  46.684 0.1111110002
39556  33.151  -35.597  45.077 0.4444440007
34684  29.827  -39.585  41.952 0.1111110002
39575  33.294  -35.432  44.748 0.4444440007
39576  32.781  -35.522  44.486 0.3333329856
40569  32.320  -35.297  43.224 0.2222220004
33683  22.184  -41.399  45.632 0.1111110002
125485  19.205  -41.814  46.167 0.1111110002
40585  32.164  -35.086  42.395 0.1111110002
33685  20.453  -41.519  45.588 0.1111110002
40586  31.585  -35.125  41.720 0.1111110002
111967  31.889  -34.824  41.494 0.1111110002
109164  31.426  -34.741  40.661 0.1111110002
40614  30.931  -34.702  39.974 0.1111110002
40633  30.745  -34.194  39.056 0.1111110002
40634  30.271  -34.410  38.803 0.1111110002
40542  35.370  -34.518  46.389 0.3333329856
39542  34.205  -34.875  46.939 0.4444440007
33739  29.294  -41.031  42.931 0.1111110002
33740  28.476  -40.863  43.146 0.1111110002
39554  33.840  -35.235  46.280 0.3333329856
40552  37.827  -33.954  44.795 0.2222220004
39570  37.240  -34.499  44.277 0.1111110002
39555  33.564  -35.487  45.627 0.3333329856
40566  38.018  -34.204  43.900 0.2222220004
119825  33.735  -35.374  45.448 0.3333329856
33750  28.788  -40.536  42.470 0.1111110002
34664  27.156  -40.102  42.950 0.1111110002
33686  19.660  -41.527  45.580 0.1111110002
109848  28.417  -39.985  42.042 0.1111110002
40555  32.825  -35.302  43.932 0.2222220004
40568  32.786  -35.113  43.158 0.1111110002
40584  32.455  -34.920  42.239 0.1111110002
117280  32.234  -34.686  41.618 0.1111110002
40613  31.176  -34.440  40.066 0.1111110002
40632  31.089  -34.088  39.365 0.1111110002
33666  17.112  -41.243  47.172 0.1111110002
39571  36.337  -34.775  44.814 0.1111110002
33687  18.899  -41.514  45.747 0.1111110002
33688  18.100  -41.413  45.967 0.1111110002
39590  38.255  -34.459  43.107 0.2222220004
33708  20.142  -41.127  44.990 0.1111110002
40564  39.331  -33.809  43.708 0.3333329856
39553  34.081  -35.069  45.926 0.2222220004
120740  33.357  -35.143  44.098 0.3333329856
40554  33.145  -35.181  44.039 0.2222220004
126579  33.049  -35.022  43.524 0.1111110002
40567  32.844  -34.938  42.866 0.1111110002
40583  32.602  -34.781  42.061 0.1111110002
39634  33.190  -34.920  41.599 0.1111110002
110219  31.859  -34.513  40.860 0.1111110002
33653  15.031  -40.754  48.252 0.1111110002
39552  34.816  -34.912  45.823 0.3333329856
128011  39.812  -33.837  43.000 0.3333329856
39573  34.141  -35.259  44.917 0.3333329856
39594  33.976  -35.202  43.879 0.1111110002
127924  34.754  -35.350  44.307 0.2222220004
39615  33.208  -34.954  42.536 0.1111110002
39551  35.736  -34.655  45.706 0.3333329856
40581  40.399  -33.752  42.228 0.2222220004
39614  33.968  -35.228  42.963 0.1111110002
39610  38.596  -34.564  42.312 0.2222220004
41441  42.413  -32.516  40.953 0.1111110002
40580  41.235  -33.379  41.842 0.1111110002
39591  37.476  -34.786  43.405 0.1111110002
43150  43.185  -31.110  40.102 0.1111110002
131321  42.247  -32.325  40.227 0.1111110002
39611  37.720  -34.962  42.444 0.1111110002
39592  36.617  -35.064  43.787 0.1111110002
110875  38.174  -34.910  41.748 0.1111110002
39572  35.234  -35.176  45.014 0.2222220004
41416  41.906  -33.000  42.277 0.1111110002
42293  42.833  -31.874  40.513 0.1111110002
40596  41.318  -33.364  41.099 0.1111110002
40597  40.689  -33.738  41.282 0.1111110002
43163  43.587  -30.303  39.750 0.1111110002
43164  42.866  -30.751  39.282 0.1111110002
40610  40.949  -33.530  40.498 0.1111110002
44060  43.265  -29.935  38.981 0.1111110002
40609  41.695  -32.951  40.482 0.1111110002
41457  41.052  -33.150  39.652 0.1111110002
41456  41.234  -32.552  39.070 0.1111110002
45093  43.234  -28.723  38.031 0.1111110002
43177  42.566  -30.320  38.533 0.1111110002
44083  42.570  -29.132  37.602 0.1111110002
42294  41.760  -32.470  39.641 0.1111110002
45092  43.941  -28.229  38.489 0.1111110002
42305  42.412  -31.677  39.620 0.1111110002
43178  41.912  -30.640  38.069 0.1111110002
46107  43.843  -27.424  38.032 0.1111110002
47134  43.632  -26.821  37.663 0.1111110002
47128  44.113  -26.606  38.218 0.1111110002
45104  43.468  -28.027  37.838 0.1111110002
44072  42.240  -29.889  37.890 0.1111110002
48115  44.256  -25.612  38.554 0.2222220004
49049  44.379  -24.250  39.403 0.3333329856
52584  46.780  -20.659  41.358 0.5555559993
52599  46.243  -20.870  40.632 0.5555559993
49935  44.846  -23.328  40.275 0.4444440007
49048  44.677  -23.962  40.011 0.4444440007
51693  46.441  -21.342  41.379 0.5555559993
50818  45.223  -22.633  40.533 0.4444440007
45105  42.861  -28.240  37.336 0.1111110002
49055  44.023  -24.618  38.730 0.3333329856
50834  44.660  -22.693  39.747 0.4444440007
49946  43.878  -23.694  38.873 0.4444440007
52597  47.627  -19.775  41.429 0.5555559993
50817  45.776  -21.855  40.766 0.4444440007
53577  47.697  -19.534  40.753 0.6666669846
53575  49.893  -19.605  40.773 0.7777780294
114498  49.048  -19.315  40.279 0.6666669846
51759  53.469  -21.474  37.572 0.7777780294
51778  54.168  -21.475  36.217 0.6666669846
48123  43.539  -25.929  37.679 0.1111110002
49056  43.552  -24.207  38.352 0.3333329856
46118  42.768  -27.443  36.897 0.1111110002
50835  44.101  -23.015  39.190 0.4444440007
51719  44.874  -21.921  39.464 0.4444440007
52616  45.955  -20.714  39.671 0.5555559993
52615  46.539  -20.252  40.137 0.5555559993
53576  48.440  -19.340  40.551 0.6666669846
127248  50.440  -19.801  40.272 0.7777780294
51737  53.691  -21.864  38.237 0.7777780294
55584  53.249  -17.173  33.472 0.6666669846
54634  54.613  -18.092  34.240 0.6666669846
53659  55.468  -19.252  35.292 0.6666669846
53637  55.403  -20.177  35.952 0.6666669846
53636  56.101  -20.319  36.006 0.5555559993
51777  55.052  -21.500  36.119 0.5555559993
51792  54.380  -21.590  35.380 0.5555559993
56457  52.462  -16.645  33.247 0.6666669846
57305  52.195  -15.953  34.100 0.5555559993
113336  51.651  -15.132  34.953 0.6666669846
116439  50.274  -15.537  33.871 0.3333329856
59988  52.607  -11.882  35.193 0.4444440007
59111  52.471  -13.225  35.816 0.5555559993
58173  50.738  -13.859  35.223 0.3333329856
58182  51.082  -14.316  35.259 0.6666669846
57295  49.446  -15.094  34.108 0.3333329856
57307  49.764  -15.880  33.139 0.3333329856
58183  50.034  -14.322  34.756 0.5555559993
57296  48.784  -15.037  33.724 0.3333329856
57308  49.000  -15.404  33.366 0.3333329856
49064  43.588  -24.944  38.086 0.1111110002
47135  43.122  -26.690  37.155 0.1111110002
51706  45.517  -21.438  39.981 0.5555559993
53578  47.100  -19.722  40.075 0.5555559993
53586  49.651  -19.516  39.828 0.6666669846
53585  50.435  -19.875  39.609 0.7777780294
130251  53.285  -21.053  38.676 0.7777780294
126879  52.916  -17.855  33.037 0.6666669846
53682  53.940  -18.687  33.963 0.6666669846
53660  54.337  -19.512  34.852 0.6666669846
109333  55.017  -21.074  36.700 0.6666669846
51757  54.685  -21.250  36.602 0.5555559993
108680  53.592  -21.364  37.527 0.7777780294
52688  54.779  -20.854  36.693 0.7777780294
52664  54.237  -21.090  36.770 0.6666669846
56458  51.664  -16.310  33.145 0.5555559993
56459  50.774  -16.067  33.124 0.3333329856
59989  51.704  -12.224  34.842 0.3333329856
117989  50.652  -13.647  35.064 0.2222220004
120704  49.928  -13.939  34.740 0.4444440007
57320  49.266  -15.967  32.356 0.2222220004
130795  49.554  -16.657  31.674 0.2222220004
130666  53.482  -10.576  33.622 0.3333329856
59990  50.844  -12.817  34.426 0.2222220004
58184  49.132  -14.447  34.060 0.3333329856
57309  48.614  -15.307  32.983 0.3333329856
112557  48.831  -15.445  32.242 0.1111110002
56486  48.547  -17.141  30.706 0.1111110002
55617  47.239  -18.194  29.968 0.1111110002
58206  48.829  -15.854  30.617 0.1111110002
56476  48.393  -16.758  30.314 0.1111110002
109322  47.160  -17.530  29.852 0.1111110002
57324  48.079  -17.104  29.786 0.1111110002
116773  42.199  -26.063  36.322 0.1111110002
53588  47.831  -19.395  39.986 0.5555559993
53587  48.780  -19.361  39.504 0.6666669846
52629  51.391  -20.291  39.126 0.7777780294
54635  53.656  -17.975  33.520 0.6666669846
53683  52.501  -19.308  33.758 0.7777780294
53661  53.171  -19.711  34.658 0.7777780294
53638  54.089  -20.237  35.713 0.7777780294
52643  53.689  -21.642  38.285 0.7777780294
54636  51.961  -18.903  33.029 0.5555559993
55595  52.375  -17.336  32.819 0.4444440007
54648  52.243  -18.139  32.686 0.4444440007
55596  51.442  -17.530  32.300 0.3333329856
55601  50.486  -17.041  31.882 0.3333329856
54658  50.466  -17.884  31.938 0.3333329856
60010  52.346  -11.499  34.429 0.3333329856
60011  51.538  -12.053  33.972 0.2222220004
56471  51.174  -16.696  32.472 0.3333329856
56472  50.456  -16.414  32.437 0.3333329856
56484  49.670  -17.046  31.450 0.1111110002
55603  49.113  -17.831  31.205 0.1111110002
54660  48.668  -18.525  31.446 0.1111110002
54661  47.970  -18.893  31.083 0.1111110002
60897  52.247  -11.434  33.472 0.3333329856
59134  49.790  -13.485  33.824 0.4444440007
59135  48.806  -14.066  33.429 0.2222220004
59136  48.578  -14.571  33.134 0.2222220004
56485  49.031  -17.084  31.096 0.1111110002
55604  48.529  -18.033  30.785 0.1111110002
55616  47.946  -18.035  30.390 0.1111110002
54670  47.625  -18.626  30.487 0.1111110002
53722  46.555  -19.492  30.482 0.1111110002
60032  50.786  -12.749  33.422 0.4444440007
59149  50.144  -13.304  32.898 0.4444440007
115849  49.230  -13.812  32.852 0.1111110002
59150  48.608  -14.287  32.842 0.1111110002
58204  48.675  -14.730  32.153 0.1111110002
61822  54.635  -10.249  32.886 0.3333329856
58227  49.170  -14.922  30.549 0.1111110002
58212  48.618  -14.733  31.296 0.1111110002
58213  48.864  -15.679  30.715 0.1111110002
48135  42.710  -25.818  36.937 0.1111110002
108494  47.308  -19.599  39.272 0.4444440007
53662  52.100  -19.692  34.551 0.7777780294
53640  51.716  -20.047  35.452 0.7777780294
53684  51.496  -19.334  33.693 0.7777780294
53639  52.889  -20.165  35.490 0.7777780294
127796  53.655  -21.233  37.687 0.7777780294
52689  53.721  -20.631  36.523 0.7777780294
115722  53.373  -20.838  37.269 0.7777780294
127969  51.532  -18.416  32.545 0.3333329856
54649  50.959  -18.303  32.319 0.3333329856
54650  50.247  -18.544  32.397 0.2222220004
112239  46.407  -20.182  33.665 0.2222220004
55602  49.876  -17.611  31.585 0.2222220004
54651  49.448  -18.854  32.492 0.1111110002
54652  48.911  -18.793  32.027 0.1111110002
53700  48.647  -19.289  32.656 0.1111110002
53689  47.154  -19.932  32.963 0.2222220004
53711  48.272  -19.134  31.804 0.1111110002
53712  47.544  -19.465  31.499 0.1111110002
60911  53.590  -10.304  33.064 0.3333329856
60912  52.887  -10.806  33.186 0.2222220004
60031  51.583  -12.180  32.825 0.3333329856
59148  50.928  -13.032  32.152 0.3333329856
59162  50.036  -13.791  32.014 0.2222220004
58211  49.008  -14.455  31.899 0.1111110002
61823  54.210  -10.000  32.956 0.3333329856
120532  50.689  -13.685  31.303 0.2222220004
58226  50.092  -14.353  31.029 0.2222220004
50854  43.730  -22.916  38.577 0.4444440007
52630  46.538  -20.081  39.260 0.5555559993
127166  48.440  -19.306  39.930 0.6666669846
48124  42.966  -25.052  37.485 0.1111110002
53663  50.942  -19.664  34.610 0.7777780294
129040  50.802  -20.007  35.522 0.7777780294
52667  51.226  -20.303  36.432 0.7777780294
52666  52.269  -20.518  37.276 0.7777780294
52645  51.970  -20.485  38.155 0.7777780294
52690  52.535  -20.433  36.378 0.7777780294
52644  53.208  -20.896  38.073 0.7777780294
53685  50.511  -19.317  33.708 0.4444440007
54637  50.968  -18.901  32.913 0.4444440007
54638  50.000  -19.010  33.077 0.4444440007
53688  47.962  -19.722  33.244 0.2222220004
53701  47.783  -19.612  32.343 0.2222220004
60921  52.950  -10.729  32.269 0.3333329856
60030  52.280  -11.509  32.417 0.3333329856
60044  51.711  -12.336  31.689 0.3333329856
60920  53.766  -9.988  32.212 0.3333329856
59174  51.256  -13.136  31.063 0.2222220004
59175  50.818  -13.805  30.379 0.1111110002
129150  55.064  -9.655  32.532 0.3333329856
60929  55.554  -11.048  32.101 0.3333329856
60051  55.862  -11.454  31.180 0.3333329856
58244  50.149  -14.561  29.974 0.1111110002
60918  55.486  -9.892  32.413 0.3333329856
59189  51.083  -13.228  29.471 0.1111110002
59190  50.625  -13.970  29.424 0.1111110002
60058  57.178  -11.387  30.196 0.3333329856
60059  56.143  -11.932  30.249 0.3333329856
59199  50.734  -13.444  28.463 0.1111110002
60938  57.622  -10.158  30.696 0.3333329856
108733  48.048  -19.360  39.318 0.5555559993
120964  49.104  -19.856  37.095 0.7777780294
52646  50.716  -20.184  38.074 0.7777780294
126453  50.173  -19.910  38.830 0.7777780294
128272  49.843  -19.689  39.294 0.7777780294
53620  50.271  -20.139  36.104 0.7777780294
127098  50.178  -20.137  37.037 0.7777780294
53641  49.972  -19.826  35.258 0.6666669846
114867  50.077  -19.537  34.379 0.6666669846
109644  47.313  -19.961  33.888 0.4444440007
117096  46.731  -20.160  35.299 0.4444440007
53686  49.576  -19.397  33.806 0.4444440007
53699  49.281  -19.206  33.140 0.2222220004
53687  48.733  -19.528  33.664 0.2222220004
115459  53.023  -10.590  31.423 0.3333329856
60043  52.359  -11.489  31.240 0.3333329856
111088  54.625  -9.636  32.484 0.3333329856
60930  52.766  -10.886  30.440 0.1111110002
60054  51.721  -12.410  30.651 0.2222220004
125953  51.313  -13.054  30.258 0.2222220004
60931  52.089  -11.735  30.056 0.2222220004
113005  51.578  -12.504  29.700 0.2222220004
60928  56.231  -10.175  31.763 0.3333329856
60939  56.784  -10.727  31.013 0.3333329856
60940  52.442  -11.217  29.297 0.2222220004
60061  51.383  -12.581  28.675 0.1111110002
50853  44.265  -22.419  39.007 0.4444440007
53597  48.363  -19.462  38.667 0.5555559993
51727  44.632  -21.704  38.667 0.3333329856
53606  48.727  -19.670  37.917 0.7777780294
53596  49.277  -19.579  38.863 0.6666669846
53621  49.460  -20.007  36.230 0.7777780294
53623  47.770  -19.870  36.451 0.6666669846
53624  47.028  -19.928  36.649 0.4444440007
112520  46.523  -20.053  37.075 0.5555559993
53622  48.567  -19.882  36.340 0.6666669846
53643  48.092  -19.899  35.631 0.6666669846
53644  47.312  -20.034  35.851 0.4444440007
123516  46.699  -20.138  36.002 0.3333329856
53642  48.973  -19.852  35.481 0.6666669846
53665  48.537  -19.743  34.643 0.4444440007
53666  47.539  -19.979  34.874 0.4444440007
53664  49.368  -19.643  34.616 0.5555559993
126693  48.021  -19.772  34.065 0.4444440007
125305  53.981  -9.559  30.804 0.3333329856
61836  53.525  -10.062  31.062 0.3333329856
61835  54.352  -9.365  31.720 0.3333329856
61833  56.049  -9.461  31.639 0.3333329856
60941  51.873  -11.980  29.213 0.2222220004
51718  45.299  -21.224  39.144 0.5555559993
52631  45.797  -20.603  38.786 0.5555559993
53598  47.584  -19.556  38.516 0.5555559993
115417  48.245  -19.748  37.112 0.6666669846
61848  53.209  -10.207  29.914 0.3333329856
124540  57.353  -9.894  26.456 0.2222220004
53599  46.856  -19.827  38.453 0.4444440007
53600  46.280  -20.221  38.421 0.5555559993
53607  47.906  -19.599  37.810 0.5555559993
53608  47.108  -19.776  37.603 0.4444440007
53609  46.394  -20.121  37.733 0.4444440007
124744  47.581  -19.766  37.117 0.4444440007
60976  56.563  -10.366  26.548 0.2222220004
61884  57.865  -9.783  25.869 0.3333329856
28296  9.346  -46.643  52.241 0.1111110002
130717  10.856  -42.621  56.198 0.3333329856
130261  10.089  -46.291  50.805 0.1111110002
31700  10.254  -42.069  56.346 0.3333329856
28286  8.464  -46.883  53.438 0.1111110002
28297  8.562  -46.522  52.621 0.1111110002
27389  8.457  -46.961  54.058 0.1111110002
29204  8.756  -45.388  56.053 0.3333329856
30059  9.193  -44.486  56.074 0.3333329856
28343  10.055  -46.042  50.064 0.1111110002
33588  11.430  -40.605  55.168 0.1111110002
116078  12.018  -41.653  56.406 0.3333329856
111487  9.589  -43.684  56.078 0.2222220004
32603  10.378  -40.935  56.118 0.2222220004
29261  9.362  -45.359  49.773 0.1111110002
33627  12.491  -40.757  50.353 0.1111110002
61844  57.579  -9.377  30.675 0.3333329856
62733  56.765  -9.132  31.058 0.3333329856
60927  56.914  -9.667  31.199 0.3333329856
62741  57.310  -9.000  30.397 0.3333329856
60950  52.882  -10.728  29.031 0.2222220004
62734  55.814  -8.970  31.287 0.3333329856
110408  54.803  -9.034  31.180 0.3333329856
29224  3.843  -45.447  53.134 0.1111110002
130153  3.743  -43.835  55.045 0.1111110002
28301  4.778  -45.950  52.509 0.1111110002
27387  9.920  -47.572  54.461 0.1111110002
28316  4.643  -46.081  51.437 0.1111110002
116258  6.060  -46.246  52.308 0.1111110002
28284  5.060  -46.051  53.707 0.1111110002
28332  6.010  -45.936  50.738 0.1111110002
29276  7.653  -44.575  49.229 0.1111110002
28279  10.257  -47.490  54.858 0.2222220004
29211  10.142  -46.387  55.532 0.3333329856
28270  10.625  -46.960  55.170 0.2222220004
28289  5.733  -46.187  53.408 0.1111110002
28283  5.492  -46.113  54.157 0.1111110002
29262  8.257  -45.018  49.847 0.1111110002
114537  8.497  -46.912  54.668 0.1111110002
28299  6.700  -46.312  52.973 0.1111110002
28275  5.586  -45.951  54.972 0.1111110002
28331  7.453  -45.777  51.143 0.1111110002
30067  11.889  -44.664  55.069 0.3333329856
28330  8.302  -45.713  51.180 0.1111110002
108747  9.095  -45.790  51.128 0.1111110002
28311  9.674  -46.349  51.443 0.1111110002
28281  7.485  -46.567  54.138 0.1111110002
29206  6.787  -44.837  56.293 0.1111110002
30891  12.180  -43.591  55.466 0.3333329856
29213  8.378  -46.169  55.817 0.1111110002
30887  6.069  -43.295  56.464 0.1111110002
30883  10.420  -43.258  56.019 0.3333329856
32597  10.989  -41.308  56.400 0.3333329856
33582  10.844  -40.631  55.893 0.1111110002
33589  10.593  -40.951  55.104 0.1111110002
117651  32.709  -37.790  45.983 0.4444440007
114592  9.403  -42.701  56.337 0.2222220004
32604  9.409  -41.137  56.021 0.1111110002
32598  9.837  -41.373  56.230 0.3333329856
33707  20.893  -41.109  45.060 0.1111110002
34686  27.986  -40.344  42.656 0.1111110002
36511  31.935  -36.974  44.634 0.3333329856
118720  31.828  -37.737  43.407 0.2222220004
38573  32.776  -35.854  45.125 0.4444440007
38598  32.166  -35.785  44.151 0.2222220004
37540  30.913  -36.126  42.170 0.1111110002
39596  31.846  -35.532  43.323 0.2222220004
34700  28.972  -39.562  41.583 0.1111110002
51758  53.890  -21.235  36.871 0.6666669846
53681  54.862  -18.738  34.644 0.6666669846
52687  55.607  -20.828  36.452 0.5555559993
52686  56.176  -20.845  36.184 0.5555559993
57293  52.996  -15.401  35.289 0.5555559993
57306  51.188  -15.635  33.961 0.5555559993
57294  50.500  -14.985  34.632 0.5555559993
59972  52.044  -12.676  35.425 0.4444440007
59112  51.448  -13.428  35.392 0.4444440007
59122  51.127  -13.045  35.044 0.4444440007
58194  48.574  -14.774  33.454 0.3333329856
126952  53.360  -19.228  33.987 0.7777780294
51756  55.493  -21.122  36.464 0.5555559993
52665  53.951  -21.160  37.092 0.7777780294
59123  50.218  -13.555  34.661 0.4444440007
110551  49.277  -13.998  34.115 0.4444440007
56473  49.876  -16.436  32.027 0.2222220004
56474  49.052  -16.420  31.382 0.1111110002
59124  48.751  -14.339  33.524 0.3333329856
58195  48.472  -15.082  32.809 0.2222220004
57310  49.070  -15.606  31.679 0.1111110002
57322  48.914  -16.177  31.069 0.1111110002
56487  48.007  -17.327  30.259 0.1111110002
56475  48.901  -16.824  30.867 0.1111110002
55605  48.001  -17.873  30.336 0.1111110002
58214  48.175  -16.678  29.674 0.1111110002
119742  53.009  -18.676  33.198 0.6666669846
56470  51.881  -16.869  32.659 0.4444440007
54669  48.313  -18.292  30.870 0.1111110002
54659  49.543  -18.294  31.831 0.1111110002
122453  48.641  -14.259  33.141 0.1111110002
58205  48.627  -14.899  32.233 0.1111110002
53721  47.268  -19.252  30.735 0.1111110002
53713  46.796  -19.699  31.237 0.2222220004
58229  48.133  -16.363  29.613 0.1111110002
53667  46.785  -20.132  34.495 0.4444440007
126133  51.228  -20.329  37.364 0.7777780294
53605  49.653  -19.875  37.964 0.7777780294
129325  49.057  -19.571  34.173 0.3333329856
61834  55.223  -9.257  32.030 0.3333329856
53625  46.263  -20.197  36.425 0.4444440007
61847  54.162  -9.634  30.120 0.1111110002
30188  37.166  -44.752  43.355 0.1111110002
110056  37.247  -44.265  43.782 0.2222220004
30239  37.533  -44.480  41.642 0.1111110002
31003  36.861  -44.151  41.712 0.1111110002
29364  37.256  -44.644  42.152 0.1111110002
31025  36.378  -43.427  41.510 0.1111110002
31835  35.896  -42.607  41.098 0.1111110002
110371  37.478  -42.642  43.194 0.2222220004
32744  37.159  -41.837  43.053 0.2222220004
31814  37.932  -43.342  42.894 0.2222220004
31806  37.393  -43.151  43.687 0.2222220004
31813  38.597  -43.449  42.179 0.2222220004
30201  38.310  -44.563  42.117 0.2222220004
30220  39.059  -44.392  41.121 0.2222220004
30221  38.525  -44.465  41.460 0.2222220004
30238  38.139  -44.517  41.319 0.2222220004
31022  38.844  -44.344  40.731 0.1111110002
30237  38.592  -44.481  41.102 0.1111110002
31044  38.417  -44.028  40.499 0.1111110002
31045  37.657  -43.710  40.696 0.1111110002
31857  37.216  -42.673  40.173 0.1111110002
31858  36.332  -42.166  40.395 0.1111110002
32745  36.747  -40.865  42.915 0.2222220004
32754  37.453  -41.340  42.204 0.2222220004
32753  38.686  -42.545  41.645 0.2222220004
31820  39.575  -43.058  41.064 0.1111110002
31821  39.143  -43.535  41.598 0.1111110002
31021  39.493  -44.039  40.565 0.2222220004
31001  39.437  -43.939  41.144 0.1111110002
31043  39.014  -43.915  40.074 0.1111110002
31856  38.106  -43.257  39.915 0.1111110002
33754  37.530  -40.497  41.625 0.3333329856
33753  38.288  -40.606  40.996 0.3333329856
33747  36.956  -40.411  42.265 0.3333329856
130878  39.849  -42.557  40.716 0.2222220004
113866  38.147  -41.443  41.491 0.3333329856
31832  40.617  -43.030  40.338 0.2222220004
31833  39.889  -43.462  40.581 0.2222220004
31020  40.124  -43.518  40.200 0.2222220004
128859  40.442  -40.598  40.388 0.3333329856
34714  39.569  -39.908  40.491 0.3333329856
34699  37.786  -39.653  41.324 0.3333329856
118021  41.352  -40.755  40.394 0.2222220004
33758  40.822  -41.445  40.381 0.2222220004
34698  38.549  -39.737  40.828 0.3333329856
32779  41.999  -42.131  39.950 0.2222220004
33760  38.998  -40.605  40.628 0.3333329856
112551  40.219  -42.082  40.520 0.2222220004
32795  42.054  -42.139  39.159 0.2222220004
121346  41.825  -41.844  38.186 0.2222220004
35665  38.963  -38.954  40.874 0.3333329856
35639  38.567  -38.369  41.514 0.4444440007
35664  39.971  -38.927  40.632 0.3333329856
35638  39.434  -38.178  41.165 0.4444440007
34713  40.688  -39.840  40.432 0.3333329856
32794  42.481  -41.467  39.598 0.2222220004
32762  42.319  -41.345  40.166 0.2222220004
36538  39.095  -37.582  41.898 0.4444440007
36525  38.452  -37.508  42.694 0.4444440007
112399  39.925  -37.538  41.401 0.4444440007
35637  40.430  -38.074  40.893 0.3333329856
35663  41.110  -39.017  40.646 0.3333329856
36537  40.897  -37.218  41.273 0.4444440007
36547  41.606  -38.157  40.808 0.4444440007
116803  45.456  -35.036  43.037 0.6666669846
123877  44.899  -35.478  42.755 0.6666669846
130746  43.089  -39.446  40.575 0.3333329856
38634  45.664  -35.720  42.175 0.5555559993
33763  43.397  -40.141  40.113 0.2222220004
33756  42.867  -40.501  40.243 0.2222220004
122113  45.371  -37.148  40.792 0.4444440007
34717  43.692  -39.770  39.744 0.2222220004
33773  42.876  -40.749  39.245 0.2222220004
37577  45.314  -36.889  40.287 0.3333329856
37553  41.668  -36.723  41.483 0.4444440007
38616  44.094  -35.472  43.491 0.6666669846
36536  42.161  -37.382  41.041 0.4444440007
36546  42.944  -38.532  40.847 0.4444440007
37537  43.095  -36.241  42.024 0.5555559993
37538  41.947  -36.287  42.165 0.5555559993
37551  43.770  -36.959  41.498 0.5555559993
36535  43.365  -37.655  41.178 0.5555559993
130252  44.352  -35.784  42.572 0.6666669846
128926  44.739  -37.177  41.409 0.5555559993
36545  44.694  -38.243  40.837 0.4444440007
37550  45.148  -36.883  41.395 0.4444440007
36560  44.756  -38.110  39.902 0.3333329856
41383  41.329  -32.447  46.925 0.6666669846
43147  47.862  -30.538  40.473 0.5555559993
113097  47.667  -29.832  39.922 0.4444440007
41400  42.594  -31.934  44.505 0.5555559993
124416  43.303  -31.364  44.319 0.4444440007
130822  43.053  -31.880  43.756 0.3333329856
42257  43.532  -31.511  43.450 0.3333329856
51677  47.326  -21.522  42.591 0.6666669846
126542  46.160  -23.719  42.209 0.4444440007
50780  47.444  -22.627  43.426 0.5555559993
48114  44.779  -25.705  39.423 0.2222220004
129673  47.380  -22.098  42.989 0.5555559993
52582  47.998  -19.937  42.001 0.5555559993
52583  47.291  -20.259  41.715 0.5555559993
50869  50.164  -21.828  37.626 0.4444440007
49906  46.431  -23.083  42.474 0.5555559993
49025  45.615  -24.047  41.535 0.3333329856
49921  45.906  -23.197  41.735 0.3333329856
49922  45.343  -23.296  41.017 0.3333329856
49037  44.979  -24.000  40.720 0.3333329856
50793  46.914  -22.362  42.666 0.3333329856
50794  46.279  -22.482  41.946 0.3333329856
50806  45.752  -22.578  41.253 0.3333329856
51678  46.678  -21.759  41.994 0.3333329856
52647  45.694  -20.495  37.943 0.4444440007
52668  45.730  -20.353  37.031 0.4444440007
53645  46.060  -20.256  35.639 0.2222220004
118706  52.363  -21.518  36.244 0.4444440007
126850  53.341  -21.421  36.498 0.5555559993
109471  52.529  -21.505  35.438 0.4444440007
60951  51.938  -11.939  28.512 0.1111110002
129505  53.113  -10.858  28.550 0.1111110002
61855  53.833  -10.593  28.387 0.1111110002
60963  55.244  -10.648  27.440 0.1111110002
61866  54.834  -10.260  28.307 0.1111110002
61875  56.415  -9.955  27.625 0.1111110002
108346  54.206  -11.007  27.489 0.1111110002
60977  55.678  -10.914  26.616 0.1111110002
60993  56.001  -11.112  25.890 0.1111110002
60992  56.753  -10.706  25.569 0.1111110002
66380  53.769  -6.045  20.187 0.1111110002
66379  54.199  -6.392  19.901 0.1111110002
34709  43.788  -39.508  40.200 0.2222220004
37535  44.986  -36.265  41.939 0.5555559993
119367  43.755  -39.402  39.303 0.2222220004
37534  45.406  -36.364  41.573 0.5555559993
37564  45.055  -37.803  40.447 0.4444440007
35696  43.268  -39.120  38.572 0.2222220004
34727  42.619  -39.827  38.078 0.2222220004
128381  44.820  -37.818  41.125 0.4444440007
36577  44.425  -37.821  39.375 0.3333329856
35636  44.047  -38.533  40.976 0.4444440007
35661  43.669  -39.175  40.540 0.2222220004
35660  44.245  -38.907  40.456 0.2222220004
34617  33.315  -39.199  48.911 0.5555559993
121971  38.232  -39.032  41.232 0.3333329856
37419  35.325  -36.139  49.618 0.5555559993
37539  40.919  -36.596  41.987 0.4444440007
37524  43.449  -35.812  42.975 0.5555559993
111758  44.679  -35.029  43.702 0.6666669846
115684  43.951  -30.961  43.068 0.1111110002
43124  44.108  -30.978  42.231 0.1111110002
110546  45.041  -25.765  40.185 0.3333329856
51760  52.879  -21.508  37.215 0.5555559993
51692  46.966  -20.951  41.942 0.4444440007
48107  44.836  -24.837  40.112 0.3333329856
53668  45.952  -20.258  34.662 0.2222220004
30202  37.597  -44.635  42.453 0.1111110002
30988  38.298  -44.096  42.521 0.2222220004
130672  37.097  -43.762  41.255 0.1111110002
31834  36.760  -43.093  40.860 0.1111110002
32743  37.915  -42.443  42.432 0.2222220004
32780  36.759  -41.691  39.641 0.1111110002
32766  39.157  -41.768  40.852 0.3333329856
31057  39.442  -43.504  39.663 0.1111110002
34712  41.783  -39.977  40.523 0.2222220004
35662  42.258  -39.214  40.634 0.2222220004
37552  42.643  -36.765  41.449 0.4444440007
37536  44.134  -36.288  41.953 0.5555559993
36534  44.415  -37.855  41.212 0.5555559993
35694  44.410  -38.527  39.635 0.3333329856
42269  43.673  -31.611  42.623 0.1111110002
30084  17.833  -43.825  52.247 0.2222220004
30085  17.002  -43.675  52.392 0.3333329856
30093  16.678  -43.917  51.653 0.3333329856
126051  18.388  -44.079  52.114 0.2222220004
30094  15.750  -43.598  51.528 0.2222220004
30926  14.307  -43.449  50.721 0.2222220004
29221  18.918  -44.505  51.992 0.2222220004
114690  15.697  -44.018  50.139 0.1111110002
29228  19.230  -45.066  51.966 0.2222220004
29234  18.775  -45.085  51.558 0.1111110002
29229  18.418  -44.324  51.895 0.2222220004
29244  17.239  -44.332  51.097 0.1111110002
29257  16.843  -44.330  50.160 0.2222220004
28307  19.425  -45.565  51.336 0.2222220004
28308  18.749  -45.183  51.022 0.2222220004
29256  17.815  -44.686  49.686 0.1111110002
28325  19.279  -45.683  50.673 0.2222220004
28340  18.636  -45.114  49.282 0.1111110002
27414  19.357  -45.700  49.761 0.1111110002
30904  16.727  -42.645  53.446 0.3333329856
30086  16.210  -43.486  52.169 0.3333329856
30077  17.216  -43.345  52.833 0.3333329856
30076  17.915  -43.655  52.471 0.3333329856
30903  17.391  -42.999  53.084 0.3333329856
30075  18.602  -44.045  52.220 0.2222220004
112527  18.107  -43.491  52.591 0.2222220004
28293  19.711  -45.247  51.835 0.2222220004
28324  19.764  -46.105  50.986 0.2222220004
27405  19.708  -46.125  50.359 0.2222220004
114352  20.571  -46.696  49.440 0.2222220004
27404  20.129  -46.475  50.509 0.2222220004
27423  19.759  -45.924  49.135 0.2222220004
31717  16.921  -42.164  54.051 0.3333329856
30896  16.904  -42.330  53.740 0.3333329856
30912  16.259  -43.013  52.910 0.3333329856
30895  17.284  -42.463  53.485 0.3333329856
30913  15.390  -43.143  52.259 0.3333329856
30083  19.953  -44.377  52.093 0.1111110002
30082  20.109  -44.852  51.963 0.2222220004
29227  19.911  -44.941  52.013 0.2222220004
29220  19.347  -44.502  51.984 0.2222220004
30901  18.829  -43.776  52.359 0.2222220004
28292  20.150  -45.316  51.859 0.2222220004
28305  20.623  -45.818  51.659 0.2222220004
28306  19.994  -45.824  51.585 0.2222220004
27395  21.000  -46.534  51.076 0.1111110002
27396  20.339  -46.318  51.156 0.2222220004
26563  22.115  -47.705  49.349 0.2222220004
27403  21.176  -47.018  50.322 0.2222220004
125586  20.627  -46.670  50.629 0.2222220004
26574  21.998  -47.482  48.646 0.2222220004
27420  21.383  -47.012  48.614 0.2222220004
30897  16.385  -42.080  53.982 0.3333329856
30905  15.710  -42.282  53.780 0.3333329856
31716  17.513  -42.121  53.532 0.2222220004
32612  17.280  -41.556  53.883 0.3333329856
30902  17.919  -42.874  53.008 0.3333329856
31727  18.020  -42.273  53.134 0.2222220004
31734  19.061  -42.966  52.327 0.2222220004
31742  18.854  -42.330  52.106 0.2222220004
29226  20.306  -45.092  51.868 0.1111110002
30910  20.140  -44.285  51.974 0.1111110002
30918  19.645  -43.588  51.968 0.2222220004
28304  21.351  -46.148  51.215 0.1111110002
29233  20.831  -45.476  51.641 0.1111110002
30917  20.169  -44.300  51.792 0.1111110002
27402  21.714  -46.782  50.675 0.1111110002
26554  22.321  -47.581  49.927 0.2222220004
26581  22.893  -47.640  48.484 0.2222220004
27449  23.547  -46.794  47.380 0.2222220004
27469  28.209  -46.551  45.885 0.3333329856
114068  27.458  -45.662  45.158 0.3333329856
32614  15.935  -41.205  54.800 0.3333329856
109657  15.620  -41.636  54.581 0.3333329856
31718  16.500  -41.737  54.200 0.3333329856
32627  17.058  -41.151  54.114 0.2222220004
119762  15.200  -42.708  53.013 0.3333329856
28303  21.678  -45.920  51.107 0.1111110002
129930  21.589  -45.630  51.111 0.1111110002
30091  21.115  -45.409  51.559 0.1111110002
28323  22.335  -46.546  50.505 0.1111110002
30101  21.484  -45.125  50.787 0.3333329856
26553  23.135  -47.487  49.988 0.2222220004
114656  24.368  -47.834  48.757 0.4444440007
27431  25.082  -47.073  47.963 0.4444440007
27448  24.541  -46.770  47.446 0.3333329856
27428  28.363  -46.902  47.492 0.3333329856
27445  27.891  -46.918  47.239 0.3333329856
27459  28.539  -46.805  46.480 0.3333329856
28385  27.323  -46.174  45.947 0.3333329856
33584  16.427  -41.013  54.545 0.2222220004
33597  15.947  -40.667  54.668 0.3333329856
33596  16.685  -40.836  54.162 0.2222220004
27401  23.256  -47.024  50.240 0.2222220004
29242  22.752  -46.266  50.448 0.2222220004
30114  22.646  -44.801  49.713 0.3333329856
27400  23.991  -47.353  49.995 0.3333329856
26561  23.800  -47.728  49.602 0.3333329856
26571  25.053  -47.571  48.746 0.3333329856
122934  31.179  -41.243  48.530 0.2222220004
127578  44.107  -38.254  39.123 0.2222220004
28322  23.266  -46.674  50.288 0.3333329856
29241  23.722  -46.268  50.154 0.3333329856
29255  23.165  -45.597  49.969 0.3333329856
28321  24.131  -46.782  50.166 0.3333329856
30937  23.112  -44.082  49.136 0.2222220004
27410  24.638  -47.426  49.497 0.4444440007
30946  23.630  -43.491  48.625 0.2222220004
119518  25.475  -47.101  49.341 0.3333329856
37593  43.561  -36.652  38.425 0.2222220004
29254  24.216  -45.455  49.834 0.3333329856
129525  24.712  -46.128  50.052 0.3333329856
30113  23.664  -44.713  49.537 0.3333329856
28320  25.572  -46.606  49.740 0.3333329856
30936  24.210  -43.891  49.196 0.3333329856
123522  29.582  -41.605  49.525 0.2222220004
107096  28.677  -41.661  49.457 0.1111110002
32680  28.051  -41.771  49.368 0.1111110002
32707  29.764  -41.632  47.830 0.1111110002
32708  28.637  -41.560  47.937 0.1111110002
32709  27.797  -41.527  47.961 0.2222220004
38690  43.878  -35.759  38.428 0.1111110002
29253  25.245  -45.312  49.852 0.3333329856
30112  24.783  -44.521  49.584 0.3333329856
38651  45.791  -36.063  41.504 0.3333329856
38663  45.711  -36.301  40.860 0.2222220004
38676  45.483  -35.872  40.187 0.2222220004
38689  44.533  -35.644  38.969 0.2222220004
39506  36.072  -34.538  49.621 0.5555559993
40518  36.167  -33.768  48.086 0.5555559993
40508  36.606  -33.609  48.904 0.5555559993
40519  35.507  -34.160  48.038 0.5555559993
39521  34.775  -34.769  48.818 0.3333329856
40540  37.477  -33.762  45.824 0.3333329856
40528  36.514  -33.746  47.259 0.2222220004
40529  35.587  -34.215  47.242 0.4444440007
40553  37.087  -34.196  45.035 0.1111110002
40565  38.664  -34.064  43.612 0.2222220004
38650  46.185  -35.486  41.306 0.4444440007
38662  45.982  -35.286  40.685 0.3333329856
39505  36.850  -34.366  49.655 0.5555559993
40517  36.969  -33.342  48.053 0.5555559993
40494  37.286  -33.794  49.395 0.4444440007
40526  38.059  -33.221  46.370 0.5555559993
40527  37.396  -33.305  47.010 0.5555559993
41394  39.277  -32.979  45.821 0.5555559993
40539  38.465  -33.405  45.513 0.4444440007
41402  40.396  -33.056  44.568 0.3333329856
40550  39.600  -33.417  44.451 0.3333329856
40538  39.177  -33.308  45.073 0.3333329856
41410  41.013  -33.051  43.741 0.3333329856
40549  40.116  -33.468  43.757 0.2222220004
38615  45.907  -34.576  43.367 0.5555559993
40563  40.511  -33.509  43.097 0.2222220004
39609  39.447  -34.205  42.215 0.1111110002
40579  47.662  -33.533  42.269 0.6666669846
39629  46.668  -34.816  41.672 0.4444440007
41377  39.638  -33.006  47.517 0.5555559993
41378  38.698  -32.993  47.875 0.5555559993
41379  37.830  -33.037  47.985 0.5555559993
41385  39.496  -32.826  46.705 0.5555559993
113805  38.963  -32.819  47.184 0.5555559993
108360  41.213  -32.686  44.803 0.4444440007
41403  39.841  -33.023  45.235 0.3333329856
41401  41.872  -32.553  44.124 0.2222220004
41409  41.872  -32.849  43.185 0.2222220004
42291  47.995  -31.105  40.870 0.4444440007
56521  54.286  -16.748  28.655 0.1111110002
56543  53.572  -16.440  26.352 0.1111110002
45091  44.532  -28.066  39.244 0.1111110002
57317  57.055  -15.981  33.885 0.2222220004
56468  57.815  -16.704  33.407 0.2222220004
56454  57.725  -16.975  33.967 0.2222220004
129676  56.317  -15.719  33.203 0.2222220004
116075  58.254  -16.863  32.555 0.2222220004
57336  54.206  -15.545  30.898 0.1111110002
57327  55.774  -15.898  32.301 0.2222220004
56481  58.197  -16.823  31.975 0.2222220004
57346  53.857  -15.672  29.987 0.1111110002
57345  54.645  -16.210  30.439 0.1111110002
57370  53.583  -15.776  28.247 0.1111110002
125947  53.796  -16.237  28.660 0.1111110002
55630  54.992  -16.882  29.349 0.1111110002
110246  53.509  -15.960  27.236 0.1111110002
56533  53.737  -16.465  27.931 0.1111110002
131273  53.578  -15.872  26.423 0.1111110002
46097  44.836  -27.260  39.424 0.1111110002
53658  56.115  -19.436  35.544 0.4444440007
53635  56.341  -20.324  35.759 0.4444440007
116429  56.383  -17.128  35.178 0.4444440007
54620  56.488  -18.473  35.078 0.4444440007
54609  56.452  -19.658  35.462 0.4444440007
56433  56.440  -15.915  36.032 0.4444440007
55571  56.636  -16.495  35.484 0.4444440007
109388  56.726  -17.441  34.920 0.4444440007
53657  56.686  -19.860  35.334 0.4444440007
52709  56.450  -20.487  35.633 0.4444440007
51790  55.951  -21.222  35.224 0.4444440007
56432  56.576  -15.505  36.022 0.4444440007
56443  56.855  -16.078  35.535 0.3333329856
57303  56.256  -14.541  35.013 0.3333329856
57290  56.705  -15.518  35.153 0.3333329856
55581  57.093  -16.797  34.874 0.3333329856
57304  55.690  -14.282  34.048 0.2222220004
57318  56.282  -15.143  34.049 0.2222220004
59147  54.308  -13.162  32.526 0.1111110002
58209  54.477  -14.648  32.212 0.2222220004
57319  55.332  -14.988  32.909 0.2222220004
58225  53.861  -14.194  31.057 0.1111110002
59197  54.303  -13.779  29.202 0.1111110002
59198  53.755  -14.452  29.323 0.1111110002
57337  53.763  -14.943  30.485 0.1111110002
59204  54.799  -13.725  28.331 0.2222220004
58261  53.937  -14.473  28.501 0.1111110002
47122  44.990  -26.478  39.797 0.1111110002
55582  55.159  -17.501  34.799 0.4444440007
54621  55.859  -18.195  34.958 0.4444440007
51776  55.890  -21.324  36.013 0.4444440007
55560  56.302  -16.352  35.767 0.4444440007
51775  56.330  -20.991  35.777 0.4444440007
110664  53.408  -21.564  35.268 0.3333329856
57282  55.906  -15.150  36.324 0.4444440007
51812  54.410  -21.361  33.672 0.3333329856
126321  53.163  -21.407  34.170 0.3333329856
58168  55.798  -14.315  36.170 0.4444440007
58193  55.332  -13.325  34.625 0.2222220004
128190  55.881  -13.967  34.848 0.2222220004
58203  54.747  -14.085  33.159 0.2222220004
59161  54.103  -13.415  31.666 0.1111110002
59187  54.535  -13.163  30.049 0.2222220004
60053  54.379  -12.776  31.522 0.2222220004
59186  55.260  -12.936  29.382 0.2222220004
49967  48.946  -22.417  37.183 0.2222220004
50888  49.865  -21.780  36.754 0.3333329856
51779  51.387  -21.519  35.890 0.3333329856
50900  50.754  -21.640  36.330 0.3333329856
57283  55.073  -15.634  36.194 0.4444440007
56444  54.923  -16.677  35.302 0.4444440007
123866  51.802  -21.443  35.450 0.3333329856
56434  55.910  -16.076  36.092 0.4444440007
126777  55.477  -13.333  35.622 0.4444440007
58169  55.185  -14.152  36.305 0.4444440007
59120  54.950  -12.752  35.692 0.3333329856
60910  54.646  -11.068  33.424 0.3333329856
59133  54.590  -12.231  34.551 0.3333329856
109493  54.687  -11.656  32.863 0.2222220004
60042  54.432  -12.570  32.317 0.1111110002
50899  51.939  -21.631  36.780 0.3333329856
50887  51.199  -21.736  37.187 0.4444440007
56445  54.030  -16.071  35.264 0.4444440007
56456  53.883  -16.773  34.373 0.4444440007
57292  54.142  -15.229  36.026 0.4444440007
59109  54.585  -13.314  36.200 0.4444440007
58170  54.128  -13.913  36.340 0.4444440007
57285  52.319  -14.413  35.646 0.4444440007
59121  54.006  -12.507  35.967 0.4444440007
113571  54.339  -11.512  34.035 0.3333329856
61951  60.135  -9.859  18.158 0.1111110002
30919  14.827  -43.277  51.519 0.2222220004
30104  15.287  -43.605  50.782 0.2222220004
30920  14.070  -43.245  51.579 0.2222220004
30118  14.177  -43.618  49.699 0.2222220004
27460  27.714  -46.694  46.625 0.3333329856
28404  26.867  -45.490  45.419 0.3333329856
28371  25.777  -46.451  46.906 0.3333329856
32694  27.602  -41.695  48.819 0.2222220004
122745  30.473  -41.442  48.889 0.2222220004
39520  35.504  -34.388  49.131 0.5555559993
38508  35.686  -35.361  49.680 0.4444440007
41369  39.177  -33.305  48.316 0.5555559993
41386  38.263  -32.928  47.150 0.5555559993
41376  40.679  -32.959  47.386 0.4444440007
112156  40.791  -32.635  46.353 0.4444440007
44058  44.649  -28.819  39.992 0.1111110002
28372  24.965  -46.416  46.920 0.3333329856
26579  24.696  -47.461  48.394 0.4444440007
124095  36.840  -33.875  46.445 0.2222220004
40551  38.738  -33.772  44.433 0.1111110002
47127  44.681  -26.502  38.949 0.1111110002
55583  54.194  -17.424  34.185 0.4444440007
113119  53.163  -16.345  34.162 0.4444440007
51791  55.230  -21.526  35.350 0.4444440007
51801  53.889  -21.528  34.436 0.4444440007
59110  53.549  -13.179  36.162 0.4444440007
58172  51.769  -13.786  35.667 0.3333329856
37592  44.325  -36.770  39.037 0.2222220004
38677  44.975  -36.352  39.630 0.2222220004
41408  42.547  -32.348  43.542 0.2222220004
29235  17.619  -44.092  51.793 0.1111110002
30103  16.203  -44.094  50.904 0.2222220004
115877  18.195  -44.609  51.369 0.2222220004
30105  14.903  -43.610  50.112 0.2222220004
30116  16.087  -44.139  49.521 0.1111110002
29243  17.942  -44.705  50.607 0.1111110002
28326  18.635  -45.193  50.197 0.1111110002
27413  20.047  -46.329  49.734 0.2222220004
32613  16.794  -41.352  54.266 0.3333329856
30911  19.301  -43.814  52.194 0.2222220004
31726  18.565  -43.020  52.615 0.2222220004
30092  20.412  -44.975  51.920 0.1111110002
27411  21.620  -47.405  49.764 0.2222220004
128605  21.841  -47.235  50.229 0.2222220004
26562  22.914  -47.875  49.551 0.2222220004
32626  17.494  -41.401  53.655 0.2222220004
32625  18.009  -41.788  53.135 0.2222220004
31735  18.499  -42.335  52.712 0.2222220004
30102  20.836  -44.725  51.355 0.1111110002
30924  20.499  -43.980  50.928 0.1111110002
123847  22.445  -47.114  50.291 0.2222220004
26572  23.565  -48.030  49.022 0.2222220004
26580  23.813  -47.637  48.411 0.2222220004
27432  24.147  -47.187  47.930 0.2222220004
28403  27.998  -46.101  45.233 0.3333329856
30100  22.191  -45.557  50.470 0.3333329856
30115  21.909  -44.773  50.049 0.3333329856
26560  24.484  -47.787  49.164 0.4444440007
26559  25.234  -47.445  49.054 0.3333329856
27399  24.794  -47.000  49.843 0.4444440007
38700  43.231  -35.747  37.898 0.1111110002
107097  28.944  -41.449  48.813 0.1111110002
32693  28.252  -41.519  48.780 0.1111110002
39648  46.473  -34.700  41.090 0.4444440007
109370  40.068  -32.841  46.120 0.4444440007
41393  40.642  -32.793  45.513 0.4444440007
55666  54.453  -17.158  27.813 0.1111110002
55679  53.715  -17.054  26.159 0.1111110002
55667  53.731  -16.757  27.024 0.1111110002
56469  57.273  -16.358  32.723 0.2222220004
56455  57.198  -16.424  34.510 0.2222220004
57329  54.078  -14.793  31.396 0.1111110002
57328  54.686  -15.356  31.818 0.2222220004
56483  55.156  -16.056  31.339 0.1111110002
56482  56.604  -16.426  31.741 0.2222220004
56507  55.439  -16.703  30.101 0.1111110002
56497  55.958  -16.561  30.929 0.1111110002
58262  53.553  -15.117  28.761 0.1111110002
58274  53.642  -15.194  27.883 0.1111110002
56509  53.654  -15.717  29.101 0.1111110002
56508  54.237  -16.372  29.457 0.1111110002
55572  55.916  -16.884  35.448 0.4444440007
54619  56.914  -18.751  34.927 0.4444440007
53680  57.058  -19.432  34.714 0.4444440007
52710  56.443  -20.675  35.120 0.4444440007
51800  55.246  -21.394  34.433 0.4444440007
57291  56.280  -14.813  35.947 0.4444440007
54618  57.292  -17.602  34.443 0.3333329856
58192  55.864  -13.940  35.610 0.4444440007
58210  54.161  -13.998  32.156 0.1111110002
59146  54.577  -13.208  33.328 0.1111110002
59173  54.068  -13.453  30.704 0.1111110002
58243  53.734  -14.343  30.140 0.1111110002
59188  53.966  -13.835  29.842 0.1111110002
115535  53.603  -15.056  29.612 0.1111110002
58273  54.231  -14.509  27.645 0.1111110002
125715  54.605  -21.541  34.656 0.4444440007
51802  52.479  -21.331  34.438 0.3333329856
118523  54.734  -14.738  36.366 0.4444440007
51813  53.498  -21.283  33.477 0.2222220004
58181  55.394  -13.602  36.051 0.4444440007
60029  54.513  -12.225  33.357 0.2222220004
112861  55.787  -13.066  28.529 0.2222220004
57284  53.584  -14.525  36.100 0.4444440007
58171  52.977  -13.786  36.034 0.4444440007
40595  47.461  -33.514  41.613 0.5555559993
121655  46.672  -34.048  40.911 0.4444440007
40607  47.071  -33.488  41.027 0.3333329856
40608  46.471  -33.507  40.371 0.4444440007
41440  46.971  -32.858  40.589 0.3333329856
41455  46.506  -32.490  39.796 0.3333329856
41439  47.571  -32.699  41.150 0.3333329856
41454  47.221  -32.086  40.424 0.3333329856
47268  58.283  -26.142  26.898 0.1111110002
47249  57.787  -26.540  27.584 0.1111110002
116850  47.829  -31.788  40.957 0.3333329856
117227  57.110  -23.026  25.701 0.1111110002
51015  56.389  -22.522  25.753 0.1111110002
51930  56.669  -21.750  26.005 0.1111110002
49182  57.647  -24.457  25.618 0.1111110002
50085  56.934  -23.812  25.542 0.1111110002
121327  56.236  -23.300  25.585 0.1111110002
51931  55.781  -21.822  25.820 0.1111110002
48249  57.739  -25.630  26.250 0.1111110002
51016  55.420  -22.780  25.568 0.1111110002
51932  54.830  -21.815  25.617 0.1111110002
42290  48.212  -31.376  41.336 0.3333329856
43161  47.348  -30.643  39.754 0.3333329856
51014  57.275  -22.306  25.896 0.1111110002
51904  57.094  -21.054  26.438 0.1111110002
51905  56.165  -21.005  26.230 0.1111110002
52839  55.584  -20.257  26.592 0.1111110002
51906  55.226  -20.944  25.920 0.1111110002
52840  54.621  -20.267  26.375 0.1111110002
52838  56.604  -20.311  26.782 0.1111110002
52813  56.024  -19.698  27.321 0.1111110002
130439  55.489  -19.337  28.194 0.1111110002
52814  54.957  -19.664  27.128 0.1111110002
53750  53.742  -19.757  28.430 0.1111110002
52776  53.316  -20.298  29.262 0.1111110002
50995  57.451  -21.694  26.174 0.1111110002
52837  57.747  -20.378  27.006 0.1111110002
52815  54.040  -19.786  26.945 0.1111110002
50084  58.113  -23.485  25.655 0.1111110002
53764  56.733  -19.335  28.196 0.1111110002
53748  55.783  -18.831  29.474 0.1111110002
53732  55.517  -18.819  30.353 0.1111110002
53710  54.902  -20.213  31.377 0.1111110002
44081  46.366  -29.799  38.115 0.2222220004
52812  57.109  -19.767  27.420 0.1111110002
53749  54.620  -19.388  28.721 0.1111110002
53720  54.723  -19.743  30.536 0.1111110002
114962  54.256  -20.384  30.932 0.1111110002
53765  54.366  -19.547  27.775 0.1111110002
53734  53.984  -19.783  29.198 0.1111110002
52762  53.962  -20.244  30.079 0.1111110002
129248  57.831  -19.848  27.524 0.1111110002
127853  53.252  -20.512  30.182 0.1111110002
53698  56.559  -19.461  33.000 0.1111110002
52736  55.700  -20.490  33.109 0.1111110002
53719  55.447  -19.106  31.199 0.1111110002
53709  55.692  -19.866  32.077 0.1111110002
111228  56.564  -18.915  29.009 0.1111110002
54683  56.925  -18.470  30.613 0.1111110002
52748  55.039  -20.540  32.167 0.1111110002
54682  58.349  -18.018  30.931 0.1111110002
52749  54.205  -20.695  31.820 0.1111110002
52750  53.351  -20.739  32.012 0.2222220004
53747  57.736  -18.810  29.163 0.1111110002
54698  57.671  -18.447  30.143 0.1111110002
52763  53.517  -20.575  31.033 0.1111110002
52724  56.685  -20.101  34.203 0.2222220004
52725  55.906  -20.880  34.288 0.2222220004
54657  56.585  -18.664  31.949 0.1111110002
54647  57.375  -18.395  32.829 0.1111110002
52737  53.864  -21.056  32.709 0.2222220004
129069  57.353  -18.286  31.591 0.1111110002
54667  58.038  -17.940  31.269 0.1111110002
51827  53.160  -20.940  32.762 0.1111110002
122588  57.928  -17.715  31.967 0.1111110002
55600  58.518  -17.002  32.084 0.1111110002
54666  58.671  -17.457  30.867 0.1111110002
54681  58.917  -17.726  30.726 0.1111110002
55613  58.485  -17.171  31.343 0.1111110002
55614  58.475  -17.116  31.393 0.1111110002
119357  56.767  -20.136  35.106 0.3333329856
53697  57.199  -19.037  33.793 0.1111110002
54646  57.973  -17.499  32.776 0.1111110002
51814  52.599  -20.978  33.413 0.2222220004
51803  51.671  -20.797  33.853 0.1111110002
55594  58.193  -16.980  32.952 0.1111110002
56496  57.464  -16.761  31.341 0.1111110002
109958  51.686  -21.217  34.699 0.2222220004
51793  50.966  -21.221  35.064 0.1111110002
54632  57.751  -17.519  33.622 0.2222220004
51804  50.607  -20.774  34.187 0.1111110002
51816  50.832  -20.653  33.266 0.1111110002
119549  49.532  -21.034  34.044 0.1111110002
50919  48.264  -21.980  33.966 0.1111110002
50921  46.874  -22.612  33.185 0.1111110002
49999  46.284  -23.385  33.392 0.1111110002
50929  47.393  -21.958  32.856 0.1111110002
49063  47.561  -24.906  37.458 0.2222220004
48142  46.870  -24.961  36.133 0.2222220004
49083  47.249  -24.289  35.720 0.2222220004
49090  47.122  -24.165  35.082 0.2222220004
51794  49.895  -21.184  34.710 0.1111110002
50918  48.964  -21.553  34.330 0.1111110002
49998  47.096  -23.089  33.856 0.1111110002
49991  47.702  -22.674  34.287 0.1111110002
49074  47.952  -24.131  37.239 0.2222220004
49075  47.497  -24.400  36.587 0.2222220004
114454  48.013  -23.084  35.806 0.1111110002
49985  47.515  -23.657  35.360 0.2222220004
51780  50.307  -21.454  35.495 0.2222220004
50909  49.202  -21.656  35.079 0.1111110002
50902  48.518  -22.291  35.453 0.1111110002
49984  47.811  -22.877  35.043 0.1111110002
59971  53.027  -12.502  35.772 0.3333329856
59987  53.503  -11.897  35.334 0.3333329856
59986  54.158  -12.153  35.309 0.3333329856
49977  47.685  -23.793  36.009 0.2222220004
49975  48.705  -22.381  36.295 0.1111110002
49976  48.157  -23.432  36.651 0.1111110002
60873  53.951  -11.502  34.599 0.2222220004
60895  53.680  -10.901  34.028 0.2222220004
60874  53.212  -11.314  34.669 0.2222220004
60894  54.196  -10.898  33.730 0.2222220004
60041  54.824  -11.873  32.143 0.2222220004
59234  59.221  -12.844  25.328 0.2222220004
61901  61.765  -10.034  23.355 0.2222220004
60919  55.077  -10.805  32.815 0.2222220004
60083  60.025  -11.500  26.607 0.2222220004
60097  59.515  -12.275  26.123 0.1111110002
60096  60.139  -12.107  25.540 0.2222220004
61017  61.610  -11.063  23.743 0.2222220004
61890  61.381  -9.715  24.208 0.2222220004
110316  61.343  -8.566  22.305 0.2222220004
62812  61.246  -8.342  21.537 0.2222220004
62811  61.833  -8.713  21.617 0.2222220004
62827  61.617  -8.580  20.882 0.1111110002
61806  54.035  -10.387  33.462 0.2222220004
60052  54.863  -12.355  31.127 0.1111110002
60060  55.274  -12.416  30.364 0.2222220004
58283  54.559  -14.511  26.942 0.1111110002
60991  60.554  -11.061  26.126 0.2222220004
59210  58.626  -12.803  26.075 0.1111110002
109319  57.643  -13.170  26.307 0.1111110002
59212  56.123  -13.553  26.849 0.1111110002
58282  55.271  -14.222  26.511 0.1111110002
113592  60.832  -10.465  25.597 0.2222220004
60095  60.778  -11.461  25.170 0.2222220004
61004  61.009  -9.874  25.100 0.2222220004
62782  60.944  -8.786  23.889 0.2222220004
62797  60.584  -8.595  22.804 0.2222220004
62796  60.966  -8.461  22.992 0.2222220004
62795  61.466  -9.043  23.242 0.2222220004
115173  60.964  -8.360  22.144 0.2222220004
116115  60.998  -8.322  21.506 0.2222220004
62828  61.187  -8.415  20.860 0.1111110002
61050  59.716  -10.214  20.608 0.1111110002
60066  56.390  -12.338  29.332 0.1111110002
128221  55.487  -13.458  27.974 0.1111110002
60084  59.378  -11.960  26.965 0.2222220004
60085  58.482  -12.458  27.152 0.1111110002
59211  57.316  -12.934  27.283 0.1111110002
113538  56.270  -13.139  27.819 0.1111110002
58272  55.210  -13.861  27.400 0.1111110002
58295  54.523  -14.780  26.360 0.1111110002
62772  60.760  -9.115  24.816 0.2222220004
61920  59.878  -9.761  21.556 0.1111110002
61921  59.343  -10.395  22.087 0.1111110002
62829  60.605  -8.910  20.965 0.1111110002
62846  60.899  -8.653  20.088 0.1111110002
114486  58.929  -11.312  20.150 0.1111110002
117999  60.229  -9.406  20.127 0.1111110002
61065  59.668  -10.538  19.645 0.1111110002
60065  57.401  -11.939  29.315 0.2222220004
60076  56.641  -12.608  28.625 0.1111110002
60974  60.269  -10.292  26.942 0.2222220004
60073  59.302  -11.493  27.961 0.1111110002
60074  58.426  -12.042  28.196 0.1111110002
60075  57.413  -12.404  28.381 0.1111110002
61871  59.868  -9.355  26.930 0.2222220004
60973  60.504  -10.173  26.249 0.2222220004
62766  59.986  -9.143  26.117 0.2222220004
62783  60.418  -8.651  24.351 0.2222220004
62765  60.223  -8.847  25.249 0.2222220004
61032  57.908  -11.739  22.491 0.1111110002
122574  59.857  -8.929  23.617 0.1111110002
61911  59.213  -10.205  22.887 0.1111110002
61043  58.715  -11.171  22.250 0.1111110002
60948  58.807  -10.312  29.684 0.2222220004
60949  58.094  -10.859  30.022 0.2222220004
60962  59.162  -10.927  28.903 0.2222220004
60064  58.331  -11.489  29.160 0.2222220004
60960  59.876  -9.700  27.709 0.2222220004
61891  59.786  -8.834  24.646 0.2222220004
62773  59.608  -8.938  25.547 0.2222220004
116738  57.713  -11.498  23.372 0.1111110002
61019  56.886  -11.847  23.647 0.1111110002
61892  58.941  -9.458  24.681 0.2222220004
61018  58.228  -10.566  23.957 0.1111110002
61031  58.501  -10.983  23.122 0.1111110002
62742  56.384  -8.902  30.549 0.2222220004
61854  54.494  -9.855  29.267 0.1111110002
61852  58.596  -9.501  29.704 0.2222220004
62740  58.049  -9.230  30.036 0.2222220004
62751  56.863  -8.872  29.887 0.2222220004
61845  55.740  -9.452  29.353 0.1111110002
60947  59.169  -9.593  29.091 0.2222220004
62750  57.635  -8.913  29.631 0.2222220004
60961  59.669  -10.271  28.395 0.2222220004
61863  58.710  -8.973  28.283 0.2222220004
61864  57.655  -9.037  28.580 0.2222220004
61872  59.364  -9.008  27.424 0.2222220004
61873  58.317  -9.234  27.049 0.2222220004
62759  59.494  -8.949  26.464 0.2222220004
111504  58.826  -9.052  26.559 0.2222220004
61883  58.800  -9.244  25.707 0.2222220004
61893  58.048  -10.137  24.870 0.1111110002
61005  57.306  -10.633  24.963 0.1111110002
61853  56.684  -9.317  28.876 0.2222220004
61874  57.491  -9.521  27.405 0.2222220004
43176  47.083  -30.107  39.199 0.2222220004
49968  48.460  -23.410  37.592 0.2222220004
60896  52.983  -10.931  33.984 0.2222220004
61846  55.252  -9.113  30.407 0.2222220004
60937  58.241  -9.773  30.220 0.2222220004
42303  47.539  -31.257  40.348 0.3333329856
50901  49.524  -21.743  35.903 0.2222220004
54633  57.361  -18.419  34.226 0.2222220004
51907  54.286  -20.945  25.759 0.1111110002
127457  57.917  -22.702  25.813 0.1111110002
53766  53.612  -19.781  27.622 0.1111110002
53733  54.690  -19.351  29.634 0.1111110002
54668  56.529  -18.548  31.125 0.1111110002
110841  54.696  -20.919  32.804 0.2222220004
129841  55.203  -21.122  33.597 0.2222220004
55615  57.113  -16.907  30.746 0.1111110002
119448  57.538  -18.119  33.455 0.1111110002
51805  48.881  -21.391  33.607 0.1111110002
50920  47.588  -22.346  33.594 0.1111110002
50005  46.182  -22.706  32.820 0.1111110002
49992  47.234  -23.552  34.593 0.2222220004
50910  48.369  -22.168  34.669 0.1111110002
124129  46.730  -23.778  34.028 0.2222220004
61909  61.955  -9.542  22.478 0.2222220004
61881  60.514  -9.510  25.721 0.2222220004
114704  60.600  -8.609  23.547 0.2222220004
62813  60.591  -8.681  21.924 0.2222220004
61066  58.897  -11.483  19.121 0.1111110002
60975  59.908  -10.909  27.558 0.2222220004
61910  59.881  -9.328  22.477 0.1111110002
61882  60.233  -9.608  26.468 0.2222220004
61033  57.069  -12.129  22.750 0.1111110002
127888  59.386  -9.207  24.199 0.2222220004
108535  57.476  -11.095  24.207 0.1111110002
61902  58.982  -9.904  23.736 0.1111110002
62749  58.467  -9.000  29.357 0.2222220004
61862  59.375  -9.438  28.231 0.2222220004
25760  11.699  -49.653  52.925 0.1111110002
26556  13.325  -49.381  51.357 0.2222220004
27397  12.832  -48.664  52.719 0.2222220004
25761  12.413  -50.119  52.677 0.1111110002
25762  11.132  -49.398  52.859 0.1111110002
26549  12.395  -49.339  53.085 0.1111110002
25767  10.610  -50.226  51.604 0.1111110002
119867  10.633  -49.352  50.725 0.1111110002
119605  10.746  -49.278  51.657 0.1111110002
26546  11.867  -48.893  53.568 0.1111110002
26547  11.286  -48.833  53.463 0.1111110002
27393  12.431  -48.576  53.424 0.1111110002
26550  10.890  -48.704  53.359 0.1111110002
111993  13.084  -48.504  51.645 0.2222220004
117445  10.743  -48.658  52.716 0.1111110002
120867  12.082  -48.283  54.062 0.1111110002
27390  11.400  -48.433  54.073 0.1111110002
128120  12.730  -48.043  53.046 0.2222220004
26548  10.706  -48.288  53.947 0.1111110002
28278  11.094  -47.465  54.931 0.1111110002
27384  12.210  -47.450  54.193 0.1111110002
27385  11.542  -47.915  54.550 0.1111110002
28309  12.688  -46.432  52.037 0.2222220004
28294  12.733  -47.218  52.983 0.2222220004
27386  10.641  -47.913  54.567 0.1111110002
113483  12.832  -47.573  52.023 0.2222220004
28285  12.560  -46.757  53.784 0.2222220004
28276  12.272  -46.687  54.313 0.2222220004
28277  11.851  -47.080  54.620 0.2222220004
116570  12.721  -46.293  52.918 0.2222220004
28327  12.647  -46.525  50.971 0.2222220004
30078  13.182  -43.807  53.766 0.2222220004
29216  12.548  -45.871  54.331 0.2222220004
29217  12.160  -46.081  54.670 0.2222220004
30079  12.898  -44.836  54.249 0.2222220004
121405  12.952  -44.464  53.330 0.2222220004
29222  12.787  -45.499  53.421 0.2222220004
30096  12.673  -44.662  51.513 0.2222220004
30072  12.562  -44.832  54.689 0.2222220004
30907  13.637  -43.054  53.315 0.2222220004
30915  13.591  -43.383  52.153 0.2222220004
30066  12.615  -44.027  55.091 0.2222220004
30071  13.112  -44.047  54.728 0.2222220004
30065  12.929  -43.867  55.112 0.2222220004
115037  13.448  -43.233  54.289 0.2222220004
30914  14.347  -42.923  52.455 0.2222220004
120709  11.843  -41.094  56.463 0.2222220004
33574  12.955  -40.849  56.341 0.2222220004
32596  12.692  -41.265  56.412 0.2222220004
120100  12.751  -41.906  56.264 0.2222220004
124588  12.334  -42.608  56.081 0.2222220004
32602  13.664  -41.111  56.253 0.2222220004
31698  13.234  -41.651  56.155 0.2222220004
31710  13.179  -42.422  55.926 0.2222220004
32601  14.588  -41.140  55.820 0.2222220004
111886  13.811  -41.668  55.848 0.2222220004
30889  13.083  -43.166  55.473 0.2222220004
31719  14.515  -41.695  55.112 0.2222220004
31709  13.676  -42.287  55.469 0.2222220004
30898  13.360  -43.211  55.110 0.2222220004
30906  14.478  -42.496  53.609 0.2222220004
31720  13.950  -42.519  54.530 0.2222220004
30923  21.249  -44.269  50.246 0.2222220004
30940  20.088  -43.321  50.606 0.1111110002
31763  19.947  -43.111  49.462 0.1111110002
33579  13.515  -40.549  56.114 0.2222220004
33581  11.749  -40.488  55.966 0.1111110002
32635  18.192  -41.790  52.409 0.1111110002
114180  14.336  -40.650  56.037 0.2222220004
34597  13.242  -40.057  55.662 0.2222220004
31707  15.065  -41.288  55.339 0.2222220004
33578  15.042  -40.741  55.652 0.2222220004
34596  13.862  -39.904  55.285 0.2222220004
33577  15.280  -41.022  55.459 0.2222220004
34593  14.590  -40.238  55.622 0.2222220004
30939  20.647  -43.633  49.871 0.1111110002
30949  20.714  -43.271  48.756 0.1111110002
33580  12.656  -40.433  56.051 0.1111110002
33587  12.368  -40.213  55.215 0.1111110002
32636  17.739  -41.304  52.856 0.1111110002
34595  14.497  -39.965  54.819 0.1111110002
121008  17.518  -41.400  52.264 0.1111110002
33598  15.141  -40.231  54.299 0.2222220004
32644  17.644  -41.562  51.336 0.1111110002
32637  17.103  -41.044  52.718 0.1111110002
33607  16.534  -40.810  53.196 0.1111110002
33608  15.752  -40.557  53.574 0.1111110002
30947  22.607  -43.567  48.592 0.1111110002
33617  16.276  -40.905  52.170 0.1111110002
30948  21.656  -43.491  48.668 0.1111110002
28406  24.974  -45.203  46.056 0.2222220004
28397  33.045  -45.781  44.837 0.1111110002
29355  32.457  -45.274  43.588 0.1111110002
29356  31.557  -45.330  43.439 0.1111110002
30207  30.968  -44.761  42.838 0.1111110002
31774  23.152  -43.061  48.014 0.1111110002
28412  32.920  -45.815  44.503 0.1111110002
29340  31.183  -45.959  43.817 0.1111110002
29357  30.642  -45.361  43.283 0.1111110002
108618  26.864  -44.559  43.369 0.1111110002
129589  26.479  -44.540  44.093 0.1111110002
30208  30.067  -44.823  42.637 0.1111110002
30227  30.420  -44.265  42.179 0.1111110002
30228  29.535  -44.366  41.920 0.1111110002
29361  27.241  -44.552  42.602 0.1111110002
29362  26.439  -44.290  42.257 0.1111110002
30945  24.576  -43.341  48.796 0.2222220004
28415  30.760  -46.359  44.323 0.1111110002
28425  27.535  -44.944  43.589 0.1111110002
29341  30.303  -45.874  43.727 0.1111110002
29365  29.193  -44.821  42.431 0.1111110002
29366  28.427  -44.699  42.270 0.1111110002
114241  28.636  -44.376  41.651 0.1111110002
30229  27.857  -44.364  41.437 0.1111110002
29367  26.983  -44.378  41.606 0.1111110002
30241  28.032  -44.079  40.794 0.1111110002
111860  25.815  -44.443  49.646 0.2222220004
30935  25.365  -43.596  49.298 0.2222220004
27467  29.887  -46.787  45.476 0.2222220004
28402  29.328  -46.535  44.818 0.1111110002
118378  28.492  -46.005  44.566 0.1111110002
28422  29.578  -45.687  43.609 0.1111110002
29360  28.361  -45.029  42.993 0.1111110002
114509  27.808  -44.853  42.977 0.1111110002
112579  27.692  -44.539  42.119 0.1111110002
29371  27.248  -44.334  41.163 0.1111110002
30242  26.915  -44.157  40.525 0.1111110002
29372  26.813  -44.286  40.873 0.1111110002
116535  27.390  -44.212  40.803 0.1111110002
39665  45.712  -34.846  40.056 0.2222220004
39682  44.718  -34.633  38.814 0.2222220004
39696  44.882  -33.795  38.590 0.1111110002
39664  46.219  -34.400  40.544 0.3333329856
39681  45.358  -34.126  39.346 0.1111110002
40667  44.812  -33.181  37.995 0.1111110002
40627  45.892  -33.276  39.554 0.2222220004
40648  45.337  -33.187  38.748 0.1111110002
41486  44.738  -32.573  37.404 0.1111110002
119075  44.258  -32.695  36.724 0.1111110002
42316  45.768  -31.706  38.348 0.1111110002
41469  45.836  -32.470  38.928 0.1111110002
41470  45.270  -32.476  38.135 0.1111110002
116739  45.156  -31.901  37.580 0.1111110002
41502  44.628  -32.067  36.887 0.1111110002
42341  45.000  -31.379  37.080 0.1111110002
41503  44.127  -32.224  36.219 0.1111110002
42342  44.489  -31.560  36.396 0.1111110002
43227  44.100  -30.530  35.528 0.1111110002
42378  43.761  -31.146  35.259 0.1111110002
42315  46.387  -31.182  38.810 0.1111110002
42329  45.548  -31.194  37.737 0.1111110002
43201  45.410  -30.647  37.269 0.1111110002
43202  44.853  -30.811  36.589 0.1111110002
43215  44.624  -30.124  36.061 0.1111110002
113776  44.346  -31.022  35.902 0.1111110002
43228  43.612  -30.408  34.962 0.1111110002
44121  43.553  -29.413  34.670 0.1111110002
43245  43.136  -30.299  34.183 0.1111110002
44140  42.719  -30.208  33.356 0.1111110002
43162  46.819  -30.732  39.186 0.1111110002
43188  46.494  -30.429  38.583 0.1111110002
42328  46.018  -30.989  38.273 0.1111110002
43189  45.945  -30.492  37.910 0.1111110002
43214  45.283  -30.030  36.795 0.1111110002
44105  45.107  -29.278  36.397 0.1111110002
44120  44.080  -29.804  35.390 0.1111110002
44139  42.937  -29.415  33.857 0.1111110002
45156  42.857  -28.700  33.497 0.1111110002
46168  43.156  -27.883  33.420 0.1111110002
47176  43.453  -26.918  33.274 0.1111110002
50000  45.346  -23.979  33.237 0.1111110002
48169  44.088  -24.977  32.969 0.1111110002
47183  42.983  -26.531  32.594 0.1111110002
44069  46.785  -29.732  38.703 0.1111110002
44082  45.848  -29.908  37.460 0.1111110002
44106  44.541  -29.186  35.764 0.1111110002
45132  44.526  -28.392  35.337 0.1111110002
45144  43.990  -28.360  34.694 0.1111110002
45145  43.364  -28.531  34.067 0.1111110002
47166  43.938  -27.491  34.039 0.1111110002
47165  44.660  -26.782  34.452 0.1111110002
49091  46.655  -24.400  34.554 0.1111110002
48153  44.934  -25.972  34.149 0.1111110002
47175  44.198  -26.422  33.733 0.1111110002
49092  45.953  -24.907  34.225 0.1111110002
48161  44.493  -25.529  33.520 0.1111110002
48160  45.262  -25.256  33.892 0.1111110002
49099  46.123  -24.215  33.843 0.1111110002
49101  44.856  -24.764  33.350 0.1111110002
44095  45.689  -29.233  37.039 0.1111110002
45118  45.541  -28.471  36.557 0.1111110002
45131  45.003  -28.460  35.964 0.1111110002
46144  44.999  -27.706  35.463 0.1111110002
46143  45.449  -27.759  36.065 0.1111110002
47153  45.598  -26.618  35.460 0.1111110002
46156  44.529  -27.591  34.841 0.1111110002
47154  45.068  -27.013  35.114 0.1111110002
47164  45.317  -26.315  34.822 0.1111110002
52648  44.973  -20.845  37.439 0.2222220004
52691  45.436  -20.367  36.089 0.2222220004
52632  45.114  -21.035  38.295 0.2222220004
114277  21.273  -43.744  49.366 0.1111110002
30938  22.055  -44.084  49.368 0.2222220004
113560  28.615  -46.471  45.239 0.2222220004
28418  27.106  -45.017  44.482 0.1111110002
28414  31.578  -46.285  44.427 0.1111110002
47144  45.777  -27.050  36.101 0.1111110002
28423  28.984  -45.758  43.849 0.1111110002
29339  32.022  -45.845  43.976 0.1111110002
49084  46.792  -24.754  35.305 0.1111110002
28269  11.470  -46.649  55.020 0.1111110002
30925  19.713  -42.983  51.317 0.1111110002
29208  12.212  -45.104  54.734 0.2222220004
30890  12.808  -43.170  55.609 0.2222220004
28417  27.817  -45.515  44.470 0.2222220004
33595  17.246  -40.866  53.532 0.1111110002
33586  15.260  -40.427  55.198 0.2222220004
109676  46.268  -31.841  39.078 0.1111110002
42304  46.851  -31.437  39.628 0.1111110002
26551  12.971  -49.429  52.367 0.1111110002
123252  10.871  -49.226  52.393 0.1111110002
26552  10.708  -48.455  51.793 0.1111110002
26545  11.031  -48.255  54.412 0.1111110002
30087  13.161  -43.760  52.735 0.2222220004
31708  14.322  -41.508  55.581 0.2222220004
31728  14.789  -42.031  54.407 0.2222220004
30206  31.937  -44.532  43.027 0.1111110002
29358  29.770  -45.311  43.136 0.1111110002
29359  29.027  -45.235  43.039 0.1111110002
28424  28.186  -45.358  43.720 0.1111110002
122085  44.106  -29.033  35.211 0.1111110002
49100  45.526  -24.643  33.693 0.1111110002
127522  43.677  -25.880  32.999 0.1111110002
116716  45.376  -27.212  35.618 0.1111110002
52669  44.824  -20.692  36.558 0.2222220004
33678  31.713  -41.031  47.565 0.1111110002
122903  30.863  -41.468  47.604 0.1111110002
108134  30.496  -41.938  46.404 0.1111110002
31773  24.214  -42.994  48.192 0.1111110002
32696  25.647  -42.466  48.063 0.1111110002
119118  28.131  -41.555  46.854 0.1111110002
31772  25.311  -42.904  48.623 0.1111110002
41417  41.161  -33.274  42.728 0.1111110002
41415  42.579  -32.575  42.679 0.1111110002
50889  43.150  -22.346  37.096 0.1111110002
49969  43.271  -22.735  37.782 0.1111110002
51728  43.942  -22.170  38.244 0.1111110002
51740  43.712  -21.938  37.423 0.1111110002
51761  43.447  -21.760  36.526 0.1111110002
51739  44.225  -21.275  36.987 0.1111110002
52670  44.069  -21.073  36.149 0.1111110002
52692  44.629  -20.602  35.694 0.1111110002
114215  44.423  -20.544  34.823 0.1111110002
53669  44.996  -20.310  34.328 0.1111110002
53646  45.226  -20.337  35.212 0.1111110002
115660  45.571  -20.275  33.850 0.1111110002
53691  44.919  -20.336  33.455 0.1111110002
110182  46.385  -20.133  32.660 0.1111110002
53702  47.003  -19.849  32.062 0.1111110002
28373  23.990  -46.375  46.891 0.2222220004
53690  45.679  -20.283  33.099 0.1111110002
113543  44.403  -21.468  37.846 0.1111110002
50870  42.776  -22.854  37.181 0.1111110002
59233  59.772  -12.925  24.580 0.1111110002
59247  60.245  -13.033  23.813 0.1111110002
59279  61.023  -13.108  21.998 0.1111110002
59289  61.366  -13.316  20.762 0.1111110002
58363  61.249  -13.983  20.260 0.1111110002
59246  60.879  -12.582  23.665 0.1111110002
59264  60.984  -12.806  22.840 0.1111110002
59278  61.375  -12.914  21.539 0.1111110002
58347  61.078  -13.445  21.107 0.1111110002
129889  61.873  -13.614  14.885 0.1111110002
126834  61.202  -10.756  24.746 0.1111110002
61042  61.925  -11.658  22.352 0.1111110002
60142  61.779  -12.316  21.636 0.1111110002
116886  62.054  -11.963  20.242 0.1111110002
60150  61.811  -12.535  20.853 0.1111110002
113330  61.964  -11.895  19.269 0.1111110002
60178  61.855  -11.931  18.302 0.1111110002
60188  61.787  -12.042  17.290 0.1111110002
60203  62.092  -13.346  15.637 0.1111110002
60214  61.764  -12.602  14.199 0.1111110002
60204  61.858  -12.462  15.200 0.1111110002
60220  61.581  -12.757  13.227 0.1111110002
61030  61.979  -10.837  22.896 0.1111110002
126539  62.089  -11.479  21.746 0.1111110002
61064  62.195  -10.804  19.795 0.1111110002
120305  62.243  -10.796  20.584 0.1111110002
61076  62.063  -10.726  18.945 0.1111110002
61077  61.892  -10.752  18.025 0.1111110002
60194  61.796  -12.240  16.247 0.1111110002
61092  61.703  -11.190  15.876 0.1111110002
61101  61.698  -11.489  14.699 0.1111110002
61112  61.640  -11.756  13.416 0.1111110002
60231  61.222  -11.996  11.668 0.1111110002
61146  61.054  -11.354  11.425 0.1111110002
59345  61.161  -12.533  11.837 0.1111110002
61919  62.215  -9.593  21.573 0.1111110002
61930  62.290  -9.668  20.826 0.1111110002
111302  62.252  -10.673  21.340 0.1111110002
126391  62.306  -9.829  20.197 0.1111110002
61949  62.094  -9.483  18.707 0.1111110002
118441  61.924  -8.726  17.454 0.1111110002
61956  61.975  -9.573  17.845 0.1111110002
125933  61.874  -9.711  17.277 0.1111110002
61084  61.780  -10.792  17.034 0.1111110002
61963  61.780  -9.858  16.626 0.1111110002
61969  61.683  -9.982  15.468 0.1111110002
61982  61.615  -10.573  14.144 0.1111110002
112776  61.637  -9.342  14.588 0.1111110002
130729  61.585  -9.870  13.623 0.1111110002
62018  61.458  -10.683  12.189 0.1111110002
60232  60.759  -12.140  11.445 0.1111110002
62029  61.207  -10.651  11.553 0.1111110002
61147  60.618  -11.259  11.349 0.1111110002
61149  59.238  -11.972  11.187 0.1111110002
59373  58.737  -12.960  10.711 0.1111110002
59374  57.390  -13.320  10.114 0.1111110002
62826  62.145  -8.901  21.026 0.1111110002
62843  62.134  -8.888  20.243 0.1111110002
62844  61.917  -8.655  19.270 0.1111110002
62856  61.588  -7.782  17.858 0.1111110002
62868  61.689  -8.524  15.717 0.1111110002
62862  61.833  -8.047  17.182 0.1111110002
109773  61.660  -8.239  14.933 0.1111110002
110305  61.627  -8.694  13.613 0.1111110002
63757  61.568  -7.563  13.613 0.1111110002
116100  61.384  -9.907  11.815 0.1111110002
109847  61.430  -9.048  12.263 0.1111110002
130662  61.132  -10.002  11.385 0.1111110002
62030  60.990  -10.542  11.259 0.1111110002
61134  58.986  -11.506  11.672 0.1111110002
61150  58.388  -11.998  11.040 0.1111110002
59362  56.835  -13.609  10.078 0.1111110002
58501  55.528  -13.774  10.151 0.1111110002
61133  59.888  -11.190  11.571 0.1111110002
61161  58.569  -12.516  10.734 0.1111110002
59386  57.160  -13.144  9.788 0.1111110002
115875  56.800  -13.336  9.782 0.1111110002
63774  61.173  -8.540  11.909 0.1111110002
125864  61.440  -8.080  12.636 0.1111110002
63775  60.733  -8.619  11.611 0.1111110002
108565  59.730  -9.154  11.851 0.1111110002
59376  55.161  -13.435  9.593 0.1111110002
59377  54.268  -13.384  9.693 0.1111110002
59390  53.826  -13.030  9.259 0.1111110002
62902  59.869  -10.109  11.701 0.1111110002
62019  59.153  -10.813  12.112 0.1111110002
61162  57.747  -12.439  10.442 0.1111110002
60244  57.154  -12.757  9.879 0.1111110002
60255  55.678  -12.512  9.322 0.1111110002
59389  54.684  -13.053  9.161 0.1111110002
62001  58.998  -9.803  12.230 0.1111110002
62002  58.307  -10.620  12.640 0.1111110002
61135  58.092  -11.612  11.833 0.1111110002
61151  57.379  -11.898  10.994 0.1111110002
61163  57.053  -12.288  10.237 0.1111110002
62003  57.357  -10.523  13.189 0.1111110002
61121  57.720  -11.225  12.668 0.1111110002
61136  57.114  -11.565  12.218 0.1111110002
109716  60.261  -7.506  11.733 0.1111110002
63776  59.982  -8.292  11.685 0.1111110002
62903  58.809  -8.373  12.168 0.1111110002
61164  55.715  -11.755  9.783 0.1111110002
63758  57.606  -8.349  12.764 0.1111110002
112812  56.459  -11.690  11.494 0.1111110002
108443  56.494  -11.905  10.431 0.1111110002
62889  58.036  -9.560  12.837 0.1111110002
61122  56.715  -11.238  13.097 0.1111110002
61137  56.115  -11.552  12.563 0.1111110002
126725  56.179  -10.403  13.669 0.1111110002
64625  58.586  -6.446  12.009 0.1111110002
63777  58.009  -7.473  12.286 0.1111110002
64627  57.240  -6.107  12.576 0.1111110002
65567  56.671  -5.780  13.107 0.1111110002
63759  56.569  -8.006  13.128 0.1111110002
64614  56.313  -6.631  13.048 0.1111110002
61152  55.789  -11.591  10.846 0.1111110002
62890  56.985  -9.374  13.369 0.1111110002
61138  55.042  -11.561  12.613 0.1111110002
125977  55.801  -6.030  13.489 0.1111110002
63741  54.912  -8.557  13.988 0.1111110002
63761  54.918  -7.266  13.949 0.1111110002
61983  55.303  -9.738  13.957 0.1111110002
122310  53.978  -11.562  12.864 0.1111110002
61985  53.613  -10.169  14.327 0.1111110002
62004  53.480  -11.212  13.720 0.1111110002
61986  52.697  -10.542  14.300 0.1111110002
129532  54.328  -8.767  14.255 0.1111110002
62877  53.107  -9.410  14.687 0.1111110002
63728  52.798  -8.758  15.108 0.1111110002
62878  52.115  -9.803  14.835 0.1111110002
125025  61.171  -11.813  24.249 0.1111110002
60106  60.569  -12.365  24.523 0.1111110002
59265  59.939  -13.537  23.127 0.1111110002
59277  61.550  -12.872  21.097 0.1111110002
60130  61.390  -12.157  23.355 0.1111110002
59263  61.484  -12.440  22.427 0.1111110002
112968  61.732  -11.727  22.999 0.1111110002
61029  62.181  -10.655  22.107 0.1111110002
61049  62.081  -11.705  21.098 0.1111110002
60177  62.007  -12.931  18.647 0.1111110002
60187  61.993  -13.078  17.607 0.1111110002
61943  62.222  -9.567  19.550 0.1111110002
62000  61.559  -10.729  13.075 0.1111110002
61120  61.517  -11.413  12.524 0.1111110002
61132  61.341  -11.429  11.862 0.1111110002
60225  61.466  -12.214  12.332 0.1111110002
114527  61.878  -8.514  18.348 0.1111110002
118157  61.805  -8.711  16.573 0.1111110002
62888  61.524  -9.842  12.715 0.1111110002
61148  60.009  -11.964  11.319 0.1111110002
108473  58.124  -13.237  10.563 0.1111110002
60243  57.883  -12.960  10.197 0.1111110002
121005  61.309  -8.098  18.583 0.1111110002
117498  61.674  -7.866  16.601 0.1111110002
62913  60.436  -9.346  11.504 0.1111110002
62031  60.587  -10.349  11.378 0.1111110002
62020  58.489  -11.210  12.282 0.1111110002
58500  56.245  -13.803  10.204 0.1111110002
59375  56.105  -13.478  9.683 0.1111110002
59387  56.465  -13.035  9.465 0.1111110002
59388  55.536  -13.095  9.210 0.1111110002
60257  54.162  -12.627  8.778 0.1111110002
59378  53.374  -13.314  9.896 0.1111110002
60245  56.442  -12.385  9.757 0.1111110002
118663  59.311  -7.108  11.737 0.1111110002
126271  58.527  -7.123  11.967 0.1111110002
126470  55.689  -11.609  11.855 0.1111110002
61153  55.043  -11.529  11.459 0.1111110002
61123  55.634  -11.252  13.353 0.1111110002
61984  55.075  -10.654  13.888 0.1111110002
64626  57.917  -6.604  12.203 0.1111110002
64613  57.225  -7.110  12.565 0.1111110002
66449  56.182  -5.616  13.625 0.1111110002
63760  55.630  -7.627  13.525 0.1111110002
62891  55.916  -8.993  13.660 0.1111110002
62876  54.453  -9.689  14.194 0.1111110002
61124  54.569  -11.288  13.496 0.1111110002
128432  54.239  -10.740  14.029 0.1111110002
63743  53.610  -8.288  14.792 0.1111110002
115931  53.879  -8.995  14.457 0.1111110002
24932  12.452  -50.996  52.273 0.1111110002
27406  12.886  -47.530  50.737 0.1111110002
30088  12.791  -44.552  52.470 0.1111110002
29230  12.632  -45.467  52.247 0.1111110002
29236  12.560  -45.555  51.240 0.1111110002
108377  13.743  -43.869  48.939 0.1111110002
29258  13.081  -44.468  48.990 0.1111110002
29245  12.575  -45.565  50.242 0.1111110002
30927  13.549  -43.772  50.384 0.1111110002
30107  12.674  -44.750  50.626 0.1111110002
113267  13.023  -44.206  50.244 0.1111110002
30120  12.799  -44.685  49.798 0.1111110002
28374  23.004  -46.245  46.871 0.1111110002
30117  15.170  -43.734  49.364 0.1111110002
27437  20.197  -45.867  48.106 0.1111110002
109088  14.438  -43.663  48.938 0.1111110002
28389  22.596  -45.539  46.389 0.1111110002
27438  19.775  -45.728  48.501 0.1111110002
27450  22.602  -46.708  47.345 0.1111110002
27453  20.603  -45.990  47.769 0.1111110002
28375  22.024  -45.944  46.835 0.1111110002
28376  21.245  -45.814  46.988 0.1111110002
28377  20.583  -45.551  47.043 0.1111110002
28361  20.112  -45.516  47.411 0.1111110002
113754  15.185  -40.547  52.606 0.1111110002
27422  20.265  -46.268  48.862 0.1111110002
27434  22.308  -47.097  47.956 0.1111110002
27451  21.773  -46.494  47.419 0.1111110002
116172  20.587  -46.308  48.345 0.1111110002
27433  23.192  -47.210  47.906 0.1111110002
27435  21.570  -46.824  48.062 0.1111110002
27452  21.106  -46.213  47.574 0.1111110002
31056  40.013  -43.323  39.493 0.1111110002
31853  41.410  -42.600  39.672 0.1111110002
31878  40.702  -42.988  39.486 0.1111110002
31879  40.216  -42.565  38.634 0.1111110002
32831  41.276  -41.097  37.123 0.1111110002
109897  44.195  -34.972  38.393 0.1111110002
32813  42.412  -41.393  38.649 0.1111110002
32814  42.019  -41.085  37.645 0.1111110002
34720  43.306  -40.028  38.974 0.1111110002
35695  43.975  -38.835  39.198 0.1111110002
35700  42.829  -38.253  38.128 0.1111110002
35701  42.369  -39.055  37.757 0.1111110002
35699  43.577  -38.268  38.707 0.1111110002
38688  45.144  -35.265  39.511 0.1111110002
36591  42.519  -37.358  37.862 0.1111110002
36605  41.937  -37.189  37.437 0.1111110002
36592  41.910  -38.128  37.489 0.1111110002
36578  43.893  -37.568  38.813 0.1111110002
37609  42.901  -36.584  37.957 0.1111110002
36590  43.218  -37.458  38.342 0.1111110002
32764  41.076  -42.334  40.308 0.1111110002
31041  40.326  -43.459  39.862 0.1111110002
31877  41.281  -42.453  38.784 0.1111110002
32815  40.966  -41.840  37.773 0.1111110002
33784  42.623  -40.600  38.330 0.1111110002
27421  20.899  -46.786  48.892 0.1111110002
27436  21.000  -46.548  48.193 0.1111110002
30921  13.562  -43.599  51.232 0.1111110002
25763  13.089  -50.195  51.992 0.1111110002
30095  13.048  -43.906  51.791 0.1111110002
30106  13.000  -44.060  50.924 0.1111110002
26566  13.208  -48.511  50.502 0.1111110002
28341  12.695  -46.546  49.744 0.1111110002
30119  13.360  -44.032  49.648 0.1111110002
28355  12.814  -46.101  48.669 0.1111110002
29259  12.729  -45.395  49.259 0.1111110002
30127  15.056  -43.702  48.492 0.1111110002
33785  42.173  -40.348  37.580 0.1111110002
26558  25.891  -47.273  48.922 0.4444440007
26564  21.471  -47.337  49.154 0.2222220004
26573  22.654  -47.915  49.017 0.2222220004
27412  21.030  -47.098  49.616 0.1111110002
27427  29.087  -46.872  46.953 0.4444440007
27441  30.918  -46.520  45.769 0.4444440007
27443  29.680  -46.758  46.334 0.4444440007
28384  31.506  -46.367  45.407 0.2222220004
28400  31.124  -46.595  44.900 0.2222220004
29338  32.752  -45.697  44.053 0.1111110002
29350  36.869  -44.880  42.923 0.1111110002
30187  37.745  -44.394  42.889 0.1111110002
30222  37.971  -44.635  41.752 0.1111110002
30223  36.885  -44.487  42.004 0.1111110002
31002  38.877  -44.200  41.726 0.2222220004
31023  38.243  -44.383  40.921 0.1111110002
31024  37.630  -44.263  41.263 0.1111110002
31042  39.778  -43.733  39.973 0.1111110002
31831  41.312  -42.546  40.130 0.1111110002
31854  40.798  -43.111  40.014 0.1111110002
31880  39.386  -42.882  39.086 0.1111110002
32611  17.641  -41.783  53.500 0.2222220004
32617  8.183  -41.651  55.443 0.1111110002
32665  28.994  -41.885  49.762 0.1111110002
32706  36.750  -41.918  46.485 0.4444440007
32728  31.126  -41.750  44.626 0.1111110002
32763  41.754  -42.025  40.220 0.2222220004
32765  40.283  -42.887  40.544 0.2222220004
33575  12.186  -40.817  56.336 0.2222220004
33585  15.662  -40.858  55.122 0.2222220004
33620  13.359  -40.483  51.828 0.1111110002
33622  33.987  -39.161  49.465 0.7777780294
33757  42.255  -40.786  40.386 0.2222220004
33759  39.835  -41.065  40.466 0.3333329856
33764  42.954  -40.781  39.960 0.2222220004
33772  43.321  -40.302  39.678 0.2222220004
34594  13.977  -40.158  55.889 0.2222220004
34614  34.970  -38.718  49.481 0.6666669846
34640  32.803  -39.645  45.274 0.2222220004
34647  32.227  -39.997  43.967 0.2222220004
34662  31.934  -39.426  43.259 0.2222220004
34663  31.189  -39.887  42.761 0.1111110002
34710  43.316  -39.834  40.331 0.3333329856
34711  42.716  -40.049  40.489 0.2222220004
35585  35.425  -38.486  49.165 0.6666669846
35619  38.304  -38.014  42.125 0.4444440007
35659  44.644  -38.559  40.232 0.4444440007
35684  44.190  -39.149  39.858 0.2222220004
36450  34.737  -37.226  49.542 0.6666669846
36452  33.935  -37.608  49.089 0.5555559993
36465  35.930  -37.112  48.908 0.6666669846
36510  32.377  -37.739  45.041 0.3333329856
36520  31.011  -36.767  42.494 0.1111110002
36533  45.087  -37.525  41.080 0.4444440007
37435  37.191  -35.381  49.341 0.6666669846
37456  33.330  -36.388  47.281 0.4444440007
37549  45.415  -36.768  41.179 0.4444440007
37578  44.891  -37.369  39.760 0.3333329856
38505  37.897  -34.464  49.487 0.6666669846
38506  37.206  -34.808  49.708 0.6666669846
38510  34.504  -35.960  49.162 0.4444440007
38519  41.293  -34.748  48.131 0.8888890147
38524  34.622  -35.307  49.089 0.6666669846
38526  33.825  -35.904  48.207 0.6666669846
38539  33.593  -35.875  47.619 0.5555559993
38572  33.281  -35.746  45.803 0.4444440007
38638  31.206  -35.754  42.448 0.2222220004
39507  35.244  -34.957  49.450 0.4444440007
39514  42.052  -34.116  47.930 0.8888890147
39518  38.624  -34.253  49.196 0.6666669846
39519  37.950  -33.942  49.378 0.6666669846
39533  33.727  -35.441  47.289 0.5555559993
39574  33.529  -35.331  44.878 0.3333329856
39595  33.270  -34.992  43.374 0.1111110002
39597  31.504  -35.557  42.669 0.1111110002
39647  46.956  -34.136  41.393 0.4444440007
40495  36.576  -33.981  49.462 0.5555559993
40496  36.107  -33.999  49.250 0.5555559993
40505  39.693  -33.757  48.492 0.5555559993
40507  37.496  -33.359  48.793 0.6666669846
40509  35.835  -33.989  48.684 0.5555559993
40520  34.848  -34.493  47.557 0.4444440007
40582  39.008  -34.131  42.981 0.3333329856
41366  41.556  -33.410  47.813 0.7777780294
41384  40.342  -32.756  46.911 0.4444440007
41395  38.739  -32.946  46.445 0.5555559993
41429  41.871  -32.995  41.408 0.1111110002
42211  43.030  -32.232  47.405 0.8888890147
42248  41.882  -32.235  44.971 0.2222220004
42258  43.157  -32.089  43.048 0.2222220004
43122  48.702  -29.849  42.048 0.7777780294
43978  47.391  -29.001  45.221 0.8888890147
44071  42.924  -29.535  38.274 0.1111110002
44991  47.013  -27.794  45.558 0.8888890147
46069  48.754  -27.087  43.993 0.8888890147
46105  47.553  -27.403  39.069 0.3333329856
46117  43.319  -27.454  37.446 0.1111110002
48053  46.935  -25.822  45.126 0.7777780294
48108  44.494  -24.997  39.206 0.3333329856
48125  42.385  -24.999  37.048 0.1111110002
49945  44.412  -23.464  39.570 0.4444440007
50759  49.157  -22.943  43.979 0.8888890147
51707  45.149  -22.087  40.127 0.4444440007
52598  46.955  -20.037  40.944 0.5555559993
53562  49.538  -19.643  41.487 0.6666669846
57321  49.144  -15.881  31.936 0.1111110002
57323  48.809  -16.559  30.509 0.1111110002
58215  47.118  -17.008  29.016 0.1111110002
59151  48.726  -14.342  32.786 0.1111110002
60233  60.013  -12.617  11.406 0.1111110002
62901  61.151  -9.287  11.596 0.1111110002
62912  60.934  -9.684  11.317 0.1111110002
63709  61.324  -7.277  17.625 0.1111110002
111626  36.237  -44.642  44.694 0.1111110002
112196  20.579  -46.790  50.055 0.2222220004
112327  41.747  -41.571  40.324 0.2222220004
113803  48.788  -27.062  42.874 0.7777780294
113857  32.409  -35.462  43.846 0.2222220004
114287  27.870  -47.055  47.839 0.4444440007
114658  34.396  -37.113  49.273 0.6666669846
115109  31.679  -41.193  44.685 0.1111110002
115790  47.553  -30.804  44.464 0.8888890147
116033  4.864  -46.054  52.108 0.1111110002
117465  43.766  -30.830  43.930 0.3333329856
117619  35.354  -36.522  49.574 0.5555559993
117853  44.965  -28.006  40.607 0.2222220004
118375  46.171  -21.996  41.477 0.3333329856
119166  29.975  -40.807  42.832 0.1111110002
120123  45.942  -34.029  39.994 0.3333329856
120654  35.057  -36.835  49.630 0.6666669846
121335  41.464  -35.584  46.751 0.7777780294
121594  32.886  -38.808  45.715 0.2222220004
121720  12.469  -47.791  53.627 0.1111110002
121785  33.140  -36.809  46.970 0.4444440007
122096  34.440  -38.941  49.504 0.7777780294
124825  26.026  -47.131  49.096 0.4444440007
125033  48.982  -25.950  43.350 0.8888890147
126079  30.050  -35.994  40.883 0.1111110002
126537  48.353  -31.626  41.721 0.7777780294
127935  33.998  -35.173  47.716 0.4444440007
128423  46.134  -25.772  43.354 0.6666669846
128464  38.027  -41.935  41.917 0.2222220004
128496  49.240  -24.944  43.998 0.8888890147
129468  36.099  -38.968  48.269 0.6666669846
130160  24.984  -46.536  50.001 0.4444440007
130416  4.723  -44.493  55.668 0.1111110002
130700  41.567  -41.478  37.629 0.1111110002
130932  48.753  -27.077  43.137 0.8888890147
131113  48.732  -27.186  42.893 0.7777780294
