#!ascii label  , from subject sub-v1s13x0050005_ses-1 vox2ras=TkReg
4763
88927  49.806  23.820  19.761 0.8999999762
88345  50.101  22.563  18.178 0.8999999762
88939  49.957  23.313  18.963 0.8999999762
89564  49.999  24.679  19.920 0.8999999762
88333  50.146  22.137  18.747 0.8999999762
89533  48.816  25.823  21.609 0.8000000119
90169  49.339  26.789  21.459 0.8000000119
90158  49.189  26.439  21.649 0.6999999881
90159  48.330  26.354  21.550 0.6000000238
90161  45.730  25.188  21.403 0.6000000238
89537  44.088  24.496  21.406 0.5000000000
88359  50.471  22.198  15.736 0.8999999762
88360  49.784  22.847  15.724 0.8999999762
124662  49.496  23.219  16.566 0.8999999762
88950  49.694  23.258  17.729 0.8999999762
89578  49.526  24.292  18.484 0.8999999762
90180  49.956  25.930  20.446 0.8999999762
90825  48.949  27.089  21.090 0.6000000238
90160  46.918  25.341  21.405 0.6000000238
89524  42.462  23.993  21.332 0.3000000119
88906  40.616  23.541  20.903 0.3000000119
90171  46.389  25.749  20.804 0.6000000238
89551  44.651  24.892  20.832 0.6000000238
89523  43.333  24.197  21.568 0.3000000119
89552  43.522  24.632  20.271 0.4000000060
89538  42.911  24.376  20.824 0.3000000119
88370  50.410  22.574  14.636 0.8999999762
89586  49.041  24.114  16.884 0.8999999762
90199  49.566  25.579  19.186 0.8999999762
88909  37.427  23.456  20.690 0.3000000119
89542  37.141  23.980  19.964 0.3000000119
89579  48.981  25.249  17.683 0.8999999762
90832  49.118  26.993  20.211 0.6999999881
90818  48.501  26.837  21.395 0.6000000238
88892  38.798  23.007  21.200 0.3000000119
88920  38.016  23.823  19.966 0.4000000060
113835  36.876  24.524  19.368 0.4000000060
90833  48.517  26.969  19.808 0.6000000238
90826  48.080  26.881  20.657 0.6000000238
90170  47.605  26.380  21.168 0.6000000238
88907  40.011  23.653  20.424 0.3000000119
131161  38.722  23.751  20.059 0.3000000119
89558  37.754  24.296  19.312 0.4000000060
89571  37.416  24.823  18.726 0.4000000060
90182  46.966  26.380  20.118 0.6000000238
90183  45.824  25.833  19.539 0.6000000238
90172  45.244  25.326  20.246 0.6000000238
90173  44.183  24.921  19.589 0.6000000238
89539  41.918  24.203  20.493 0.3000000119
89540  40.885  23.967  20.236 0.3000000119
89541  40.116  23.958  19.813 0.3000000119
88919  39.400  23.850  19.895 0.4000000060
90184  44.761  25.391  18.944 0.6000000238
89553  42.460  24.492  19.883 0.3000000119
89555  40.583  24.291  19.393 0.3000000119
88964  49.746  23.416  14.243 0.8999999762
109834  49.173  24.075  14.690 0.8999999762
89595  48.789  24.591  15.656 0.8999999762
89596  48.570  25.821  15.686 0.8999999762
88369  51.211  22.026  13.597 0.8999999762
114359  51.430  21.631  14.408 0.8999999762
125394  49.591  23.263  14.978 0.8999999762
88958  49.222  23.626  15.708 0.8999999762
89587  48.638  25.114  16.513 0.8999999762
127165  48.420  26.929  17.159 0.6999999881
90200  48.812  26.398  18.218 0.6999999881
90843  48.635  26.785  19.032 0.6999999881
89572  36.656  25.017  18.892 0.4000000060
90192  36.930  25.470  18.240 0.4000000060
90834  47.606  26.759  19.213 0.6000000238
89557  38.723  24.149  19.373 0.4000000060
90835  46.463  26.356  18.700 0.5000000000
89569  39.235  24.565  18.620 0.4000000060
89565  43.092  24.690  19.178 0.4000000060
89566  42.074  24.627  18.935 0.4000000060
89554  41.490  24.379  19.621 0.4000000060
89556  39.696  24.228  19.276 0.4000000060
90185  43.745  25.040  18.437 0.4000000060
88977  50.850  23.184  12.267 0.8999999762
88971  49.948  24.208  12.653 0.8999999762
88379  51.345  22.186  12.652 0.8999999762
88970  50.429  23.134  13.379 0.8999999762
109286  49.488  24.215  13.647 0.8999999762
131296  49.111  24.660  14.162 0.8999999762
90232  48.772  26.173  14.601 0.8000000119
90218  48.564  26.087  16.887 0.8999999762
90836  36.014  26.110  18.125 0.3000000119
88390  51.455  22.140  11.716 0.8999999762
90862  48.417  27.629  16.696 0.6000000238
90191  37.924  25.206  18.087 0.4000000060
91590  48.173  27.812  16.993 0.6000000238
112728  48.261  27.050  17.662 0.6000000238
90844  48.069  27.056  18.147 0.5000000000
89570  38.311  24.636  18.649 0.4000000060
91591  47.632  27.725  16.981 0.6000000238
90845  47.156  26.879  17.810 0.5000000000
90201  45.376  25.860  18.203 0.5000000000
90186  42.700  24.933  18.173 0.4000000060
89568  40.174  24.570  18.655 0.4000000060
93546  40.120  30.560  14.837 0.4000000060
92958  40.522  30.144  15.118 0.4000000060
92973  40.912  30.518  14.738 0.4000000060
121234  40.070  29.400  15.363 0.4000000060
92339  39.363  29.006  15.502 0.4000000060
122124  39.974  28.514  15.566 0.5000000000
121154  38.579  28.543  15.687 0.4000000060
131160  49.507  25.041  12.506 0.8999999762
91626  39.199  28.027  15.751 0.4000000060
91627  38.518  27.795  15.964 0.4000000060
92320  37.793  28.055  16.028 0.4000000060
89609  49.406  24.882  13.044 0.8000000119
90239  48.953  26.379  13.659 0.8999999762
91605  39.918  27.444  15.858 0.5000000000
91606  38.908  27.140  16.212 0.5000000000
90872  37.495  27.275  16.538 0.4000000060
91592  36.683  27.188  16.899 0.3000000119
109656  51.140  23.076  11.302 0.8999999762
89604  49.072  25.315  13.755 0.8000000119
90226  48.769  26.943  15.401 0.6999999881
91618  48.345  28.468  15.680 0.6000000238
90871  38.137  26.742  16.637 0.4000000060
90853  37.330  26.538  17.110 0.4000000060
90210  36.860  26.078  17.667 0.3000000119
90854  36.417  26.632  17.445 0.3000000119
88404  51.468  21.939  10.764 0.8999999762
121624  48.600  27.003  16.275 0.6999999881
90881  48.747  27.842  15.777 0.6000000238
91598  48.408  28.183  16.319 0.6000000238
117728  38.079  26.162  17.098 0.4000000060
90209  37.596  25.820  17.588 0.4000000060
88389  51.622  21.374  11.416 0.8999999762
88417  51.343  21.982  9.710 0.8999999762
90863  46.663  27.336  16.791 0.6000000238
90864  45.620  26.905  16.531 0.5000000000
90847  44.993  26.064  17.106 0.5000000000
90190  38.829  25.021  17.981 0.4000000060
87818  51.257  21.621  10.225 0.8999999762
87819  50.239  21.750  9.417 0.8999999762
90846  46.045  26.488  17.447 0.5000000000
90848  44.090  25.841  16.879 0.5000000000
90203  43.274  25.461  17.352 0.4000000060
90204  42.175  25.362  17.410 0.4000000060
90187  41.666  24.889  18.079 0.4000000060
90205  41.238  25.377  17.380 0.4000000060
90188  40.714  24.901  17.998 0.4000000060
90202  44.347  25.544  17.791 0.5000000000
89567  41.115  24.580  18.765 0.4000000060
92987  41.639  30.331  14.075 0.6000000238
93554  41.016  30.601  14.375 0.4000000060
92986  42.638  30.335  14.447 0.6000000238
92972  41.904  30.472  14.707 0.5000000000
92338  40.802  29.212  15.360 0.5000000000
110072  49.940  24.743  11.448 0.8999999762
130785  49.637  25.200  11.740 0.8999999762
90245  49.438  25.608  12.133 0.8999999762
88993  51.193  22.890  10.334 0.8999999762
90896  48.806  27.084  13.580 0.8999999762
90870  39.595  26.650  16.363 0.4000000060
128899  51.222  22.178  9.141 0.8999999762
117216  51.099  22.700  9.470 0.8999999762
112790  48.642  28.145  15.010 0.6000000238
92331  47.651  28.847  15.455 0.6000000238
90852  38.898  26.206  16.796 0.5000000000
123919  47.245  28.783  15.738 0.6000000238
91600  47.083  28.288  16.243 0.6000000238
91601  46.166  27.973  16.082 0.6000000238
91602  45.286  27.600  15.957 0.5000000000
90851  39.893  26.022  16.789 0.4000000060
90208  38.444  25.630  17.470 0.4000000060
88425  51.085  22.038  8.951 0.8999999762
89007  46.794  23.374  9.181 0.6000000238
90866  43.358  26.233  16.322 0.5000000000
90219  42.576  25.790  16.742 0.5000000000
90207  39.348  25.517  17.378 0.4000000060
88428  48.489  22.567  9.253 0.8000000119
90189  39.759  24.948  17.965 0.4000000060
92988  40.765  30.316  13.741 0.4000000060
93567  40.439  30.711  14.039 0.4000000060
90924  48.578  26.697  10.467 0.8999999762
114228  47.967  27.065  11.150 0.8999999762
90256  49.591  25.619  10.580 0.8999999762
118347  49.321  26.190  11.127 0.8999999762
110760  48.875  26.774  11.362 0.8999999762
90904  48.332  27.296  12.019 0.8999999762
130413  48.046  27.733  13.210 0.6999999881
91643  47.418  27.923  13.314 0.6999999881
92957  42.429  30.232  15.059 0.5000000000
118871  41.422  30.190  15.055 0.5000000000
90251  49.580  25.543  11.369 0.8999999762
90912  49.221  26.319  11.834 0.8999999762
127226  48.799  26.999  12.528 0.8999999762
91642  48.477  27.578  13.568 0.8000000119
92361  46.539  29.051  14.355 0.6000000238
91624  41.262  28.333  15.485 0.5000000000
118500  49.963  24.704  9.806 0.8999999762
89634  50.023  24.196  8.861 0.8999999762
108684  48.651  27.690  14.291 0.6999999881
91633  47.848  28.593  14.474 0.6000000238
92348  47.270  29.058  14.846 0.6000000238
92332  46.873  29.204  15.248 0.6000000238
91625  40.554  28.146  15.590 0.5000000000
89633  50.603  23.433  9.184 0.8999999762
91632  48.365  28.193  14.407 0.6000000238
92330  48.116  28.695  15.005 0.6000000238
91619  46.542  28.869  15.635 0.6000000238
91620  45.474  28.864  15.556 0.6000000238
92334  44.422  29.287  15.447 0.6000000238
91622  43.694  28.204  15.560 0.5000000000
90868  41.407  26.675  16.079 0.5000000000
90869  40.408  26.644  16.245 0.4000000060
89018  50.464  23.024  8.429 0.8999999762
89639  49.819  23.849  8.071 0.8999999762
111537  49.632  23.637  7.269 0.8999999762
91621  44.543  27.907  15.670 0.5000000000
90882  43.810  27.135  15.774 0.5000000000
90883  43.031  27.183  15.722 0.5000000000
90867  42.373  26.441  16.157 0.5000000000
88433  50.544  22.333  8.497 0.8999999762
125660  49.552  22.801  7.231 0.8999999762
90849  41.769  25.867  16.707 0.5000000000
90850  40.828  25.943  16.726 0.4000000060
90206  40.300  25.431  17.366 0.4000000060
88426  50.597  21.945  8.693 0.8999999762
88441  49.148  22.663  7.121 0.8999999762
108635  47.309  23.311  8.070 0.6999999881
89035  46.329  23.537  7.639 0.6999999881
91647  43.196  29.008  13.549 0.6000000238
90906  45.859  26.881  12.063 0.8000000119
91658  44.505  27.744  13.026 0.6999999881
91646  44.196  28.914  13.606 0.6000000238
92362  43.893  29.937  14.212 0.6000000238
92971  43.035  30.435  14.865 0.6000000238
110706  49.435  25.753  9.831 0.8999999762
90923  49.186  26.307  10.527 0.8999999762
90935  48.953  26.343  9.752 0.8999999762
90913  47.617  27.295  11.956 0.8000000119
90905  46.828  27.480  12.602 0.6999999881
128760  45.966  28.766  13.842 0.6000000238
91645  45.184  28.840  13.722 0.6000000238
121848  44.819  29.830  14.342 0.6000000238
92985  43.533  30.399  14.671 0.6000000238
90945  48.663  25.970  8.340 0.8999999762
92349  46.256  29.475  14.889 0.6000000238
130096  44.439  30.300  15.015 0.6000000238
92970  43.871  30.420  14.963 0.6000000238
92956  43.373  30.221  15.119 0.5000000000
92337  41.797  29.398  15.280 0.5000000000
90267  49.528  24.927  8.520 0.8999999762
90268  49.122  25.478  8.232 0.8999999762
92350  45.173  29.996  14.914 0.6000000238
92336  42.707  29.440  15.310 0.5000000000
111820  42.062  28.386  15.425 0.5000000000
91604  40.841  27.409  15.768 0.5000000000
89645  49.360  24.260  6.757 0.8999999762
89646  48.938  25.183  6.829 0.8999999762
127286  48.807  25.658  7.604 0.8999999762
92335  43.565  29.418  15.385 0.5000000000
91623  42.874  28.318  15.479 0.5000000000
89032  49.618  22.994  6.888 0.8999999762
89042  49.497  23.068  6.249 0.8999999762
91603  42.209  27.349  15.663 0.5000000000
89043  47.597  23.124  6.370 0.8000000119
108714  46.468  23.465  6.805 0.8000000119
123465  45.666  23.560  7.168 0.6999999881
89033  48.168  22.919  7.159 0.6999999881
89034  47.172  23.365  7.242 0.8000000119
89036  44.803  23.557  7.107 0.6000000238
128838  43.686  23.592  8.144 0.4000000060
108902  45.370  23.606  7.834 0.6000000238
124251  44.396  23.606  7.881 0.4000000060
91659  43.445  27.812  12.944 0.6000000238
91660  42.436  28.077  12.835 0.8000000119
90915  45.991  26.506  11.089 0.8000000119
90907  44.836  26.934  12.318 0.8000000119
90908  43.861  26.986  12.298 0.8000000119
90916  45.054  26.521  11.467 0.8000000119
90909  42.779  27.070  12.047 0.8000000119
108564  48.484  26.261  9.031 0.8999999762
90946  48.072  26.274  8.421 0.8999999762
91665  42.056  27.092  11.237 0.8999999762
89650  49.361  23.694  6.083 0.8999999762
89651  49.015  24.613  6.042 0.8999999762
90276  48.349  25.980  6.870 0.8999999762
90954  48.162  26.197  7.712 0.8999999762
108421  47.535  26.368  7.052 0.8999999762
90955  46.590  26.507  7.280 0.8999999762
110422  46.283  26.424  8.072 0.8999999762
88446  49.290  22.881  5.922 0.8999999762
89659  48.991  23.882  5.259 0.8999999762
90283  48.488  25.514  6.052 0.8999999762
90284  47.757  26.199  6.047 0.8999999762
88447  49.078  22.725  5.919 0.8999999762
88448  48.483  22.788  5.508 0.8000000119
89044  45.512  23.471  6.337 0.6999999881
90964  46.912  26.535  6.372 0.8999999762
89064  46.103  22.840  4.272 0.6999999881
89054  45.809  23.231  5.293 0.6999999881
89045  44.608  23.459  6.362 0.5000000000
125673  43.264  23.460  6.462 0.4000000060
88460  45.427  22.773  3.730 0.8000000119
88461  43.997  22.776  3.641 0.6999999881
109154  43.971  23.352  5.918 0.6000000238
89038  40.818  23.658  7.762 0.4000000060
108601  43.133  23.077  4.276 0.6000000238
89066  44.095  23.125  4.805 0.6999999881
89056  43.201  23.292  5.442 0.6999999881
89037  41.590  23.580  7.517 0.4000000060
89025  41.329  23.581  8.349 0.4000000060
89026  40.540  23.606  8.476 0.3000000119
110459  48.150  26.506  9.715 0.8999999762
109790  47.194  26.461  9.779 0.8999999762
120284  45.154  26.345  10.579 0.8999999762
112528  44.320  26.382  10.960 0.8999999762
90918  42.766  26.606  10.943 0.8999999762
90947  47.260  26.381  8.069 0.8999999762
89673  48.246  23.497  3.884 0.8999999762
90299  48.097  25.033  4.561 0.8999999762
90972  47.467  26.141  5.239 0.8999999762
90973  47.100  26.435  5.610 0.8999999762
89073  47.550  23.438  3.453 0.8999999762
90304  47.432  24.867  3.756 0.8999999762
90979  47.465  25.705  4.531 0.8999999762
113074  46.395  26.731  5.657 0.8999999762
108516  45.997  26.751  6.566 0.8999999762
89075  45.959  23.179  2.610 0.8000000119
88459  47.148  22.859  3.959 0.6999999881
108826  42.544  23.538  7.180 0.4000000060
88469  44.842  22.734  3.194 0.6999999881
89057  42.401  23.488  6.019 0.4000000060
89046  41.734  23.634  6.634 0.4000000060
89076  43.374  22.962  2.888 0.6999999881
124945  42.525  23.613  4.436 0.4000000060
130130  41.811  23.749  6.017 0.3000000119
89652  41.290  24.094  6.150 0.4000000060
89047  41.011  23.743  7.009 0.4000000060
89084  42.828  23.314  2.019 0.8000000119
89077  42.627  23.401  3.377 0.6000000238
108731  47.622  26.355  8.991 0.8999999762
90927  46.073  26.355  10.040 0.8999999762
110060  45.169  26.279  9.820 0.8999999762
90937  45.585  26.310  9.286 0.8999999762
90938  44.694  26.371  9.129 0.8999999762
90928  44.413  26.307  10.078 0.8999999762
91671  42.193  26.977  10.326 0.8999999762
90966  45.088  26.993  6.754 0.8999999762
91693  44.076  27.942  6.013 0.8000000119
89074  46.559  23.646  2.831 0.8000000119
89681  46.091  24.273  2.482 0.8999999762
90300  46.707  25.744  3.736 0.8999999762
113581  46.269  26.467  4.109 0.8999999762
90965  45.439  27.158  5.775 0.8999999762
91692  44.672  27.401  6.221 0.8999999762
91688  43.424  27.897  6.888 0.8000000119
92402  42.883  28.460  6.965 0.8000000119
89081  45.789  23.796  2.196 0.8000000119
109814  46.070  25.408  2.985 0.8000000119
90980  45.617  26.830  3.973 0.8999999762
92406  43.354  28.526  6.124 0.8000000119
108705  42.613  29.025  7.003 0.6999999881
89082  45.300  23.543  1.710 0.8000000119
89683  45.077  24.498  1.433 0.8000000119
90306  45.525  25.614  2.631 0.8999999762
90981  44.837  27.205  3.771 1.0000000000
91705  43.874  28.292  4.344 0.8000000119
92413  43.714  28.521  5.208 0.8000000119
92407  42.851  29.063  6.281 0.6999999881
88470  44.267  22.851  2.466 0.8000000119
89090  44.042  23.506  0.692 0.8999999762
89068  42.038  24.124  3.980 0.5000000000
130329  41.688  24.384  4.723 0.4000000060
89661  40.747  24.865  5.936 0.2000000030
89654  39.928  24.963  7.101 0.2000000030
89078  42.106  23.795  2.555 0.5000000000
89660  41.330  24.581  5.262 0.4000000060
90277  39.438  25.586  7.463 0.3000000119
90936  46.503  26.332  8.966 0.8999999762
90939  43.698  26.445  9.533 0.8999999762
90930  42.860  26.577  9.944 0.8999999762
109574  42.339  27.133  9.468 0.8000000119
111825  44.408  25.342  1.675 0.8999999762
90307  44.827  25.876  2.442 1.0000000000
91706  43.126  28.306  3.820 0.8000000119
92419  43.227  28.831  4.571 0.8000000119
90320  42.514  24.570  0.743 0.8000000119
90313  43.413  25.161  1.251 0.8999999762
90988  43.523  26.886  2.940 0.8999999762
92424  42.130  28.440  3.700 0.6999999881
89668  40.835  25.315  5.048 0.3000000119
90285  40.293  25.159  6.484 0.2000000030
89690  42.729  24.105  0.584 0.8000000119
89691  42.119  24.400  0.986 0.6000000238
89676  41.502  24.466  3.042 0.6000000238
90302  40.752  25.469  4.200 0.3000000119
90982  40.297  26.148  4.634 0.3000000119
90286  39.887  25.751  6.691 0.3000000119
90967  39.690  26.532  6.197 0.2000000030
90321  41.232  25.119  0.463 0.5000000000
89692  41.443  24.889  1.153 0.5000000000
90309  39.710  26.050  2.584 0.5000000000
114234  39.688  26.530  3.628 0.3000000119
90975  39.885  26.588  5.375 0.3000000119
91694  39.234  27.287  5.493 0.3000000119
123878  40.704  25.133  -0.117 0.5000000000
90334  39.104  25.107  -0.092 0.5000000000
90323  38.889  25.392  0.791 0.4000000060
90948  45.541  26.404  8.517 0.8999999762
90956  45.554  26.623  7.540 0.8999999762
90949  44.705  26.575  8.164 0.8999999762
90950  43.857  26.607  8.622 0.8999999762
90940  43.004  26.733  9.024 0.8999999762
91680  43.241  27.079  8.197 0.8999999762
91681  42.553  27.416  8.637 0.8999999762
91687  44.198  27.348  6.959 0.8999999762
112041  42.394  28.655  7.736 0.8000000119
93045  42.508  29.399  4.794 0.6999999881
93035  42.509  29.611  6.600 0.6999999881
90314  42.223  25.547  1.356 0.8000000119
124566  42.248  26.455  2.179 0.8999999762
91714  41.539  28.072  2.900 0.6999999881
93041  42.007  30.094  5.255 0.6999999881
93637  42.217  30.334  6.201 0.6999999881
93632  42.204  30.902  6.950 0.6999999881
120861  41.613  25.031  0.748 0.6999999881
90998  41.722  26.464  1.674 0.8000000119
92430  41.200  28.260  2.030 0.8000000119
92425  41.520  28.766  3.512 0.6999999881
111063  41.122  25.487  -0.201 0.6000000238
91728  41.436  26.702  0.834 0.8000000119
90991  38.909  26.688  2.675 0.4000000060
91715  38.927  27.190  3.651 0.3000000119
90983  39.556  26.910  4.581 0.3000000119
91018  39.752  26.038  -1.477 0.5000000000
90324  38.578  25.559  0.352 0.5000000000
91000  38.074  26.641  1.844 0.3000000119
90992  38.001  27.261  2.794 0.3000000119
91744  39.975  26.922  -1.970 0.5000000000
91739  38.390  26.709  0.198 0.5000000000
91005  38.267  25.941  1.036 0.5000000000
92447  38.491  27.802  0.332 0.5000000000
91745  39.204  26.508  -0.867 0.5000000000
90957  44.706  26.834  7.437 0.8999999762
90958  44.004  26.876  7.786 0.8999999762
91689  42.809  27.780  7.719 0.8000000119
93047  40.998  30.135  4.047 0.6999999881
93638  41.641  30.839  5.537 0.6999999881
94166  41.926  31.621  6.625 0.6999999881
94159  42.305  31.515  7.467 0.6000000238
93052  41.263  29.399  3.750 0.6999999881
129196  40.856  30.828  4.241 0.6999999881
94167  41.519  31.622  5.798 0.6999999881
122219  42.127  32.242  7.023 0.6000000238
91737  41.511  27.096  -0.561 0.6999999881
93053  40.864  29.818  3.253 0.8000000119
94180  40.702  31.404  3.943 0.6000000238
91707  38.910  27.477  4.496 0.2000000030
91742  42.057  27.110  -2.008 0.6000000238
92445  41.631  28.197  -0.373 0.6999999881
91722  37.290  27.421  2.106 0.3000000119
91702  38.399  27.926  4.878 0.2000000030
92453  40.526  27.954  -2.017 0.5000000000
91743  41.306  27.285  -2.635 0.5000000000
114369  37.966  26.664  1.176 0.4000000060
91716  37.165  27.626  2.977 0.2000000030
93095  41.035  28.834  -1.436 0.5000000000
91738  39.274  27.392  -0.830 0.5000000000
91729  37.699  27.394  1.192 0.4000000060
92431  36.877  27.940  2.365 0.2000000030
92427  36.665  28.375  2.855 0.3000000119
92446  39.621  28.426  -0.614 0.5000000000
93083  38.961  28.864  0.464 0.5000000000
92439  37.860  28.220  1.247 0.4000000060
126167  43.501  27.388  7.509 0.8000000119
94191  40.741  31.164  3.021 0.6999999881
94174  40.862  32.187  4.406 0.6999999881
94683  41.610  32.340  6.208 0.6000000238
93670  41.797  29.978  0.292 0.6999999881
117416  41.050  30.001  1.643 0.6999999881
92444  42.259  28.769  -1.530 0.6999999881
92452  42.005  28.317  -2.521 0.6000000238
93059  37.104  29.203  2.834 0.3000000119
93691  41.490  29.627  -1.299 0.6000000238
93070  38.396  29.285  1.348 0.4000000060
93071  37.285  28.532  2.104 0.4000000060
93683  40.461  30.074  -0.672 0.6000000238
93082  40.102  29.333  -0.529 0.6000000238
131045  41.143  31.017  -0.990 0.6000000238
93069  39.383  30.031  0.352 0.6000000238
94719  41.244  31.686  2.465 0.6999999881
94708  40.830  31.975  3.532 0.6999999881
94701  41.165  32.939  4.824 0.6999999881
128022  41.852  32.887  6.591 0.6000000238
94202  41.838  31.391  1.380 0.6999999881
93671  41.272  30.771  1.677 0.6999999881
95715  42.773  34.359  6.457 0.5000000000
95200  42.110  33.556  6.520 0.5000000000
95192  43.047  33.277  7.911 0.5000000000
93681  42.543  30.679  -1.290 0.6999999881
93690  42.208  30.086  -1.142 0.6999999881
93058  38.042  29.742  2.136 0.5000000000
94223  41.333  30.390  -1.126 0.6000000238
93672  38.730  30.250  1.369 0.4000000060
94718  42.094  32.160  1.870 0.6999999881
112943  41.375  32.476  3.042 0.6999999881
95218  41.528  33.428  4.333 0.6999999881
95208  42.051  34.004  5.678 0.6000000238
130232  43.368  34.732  6.090 0.5000000000
127054  43.992  34.293  7.697 0.5000000000
94729  42.689  31.453  0.595 0.6999999881
95705  43.268  34.083  7.424 0.5000000000
95184  43.651  33.843  8.402 0.4000000060
94222  43.016  30.977  -1.248 0.6999999881
94228  42.699  31.120  -1.404 0.6000000238
126905  43.277  31.444  -1.323 0.6999999881
93658  38.509  30.851  1.969 0.4000000060
94744  41.654  31.424  -1.096 0.5000000000
116157  40.635  31.697  -0.466 0.5000000000
95217  42.243  33.752  3.828 0.6999999881
95726  42.160  34.038  4.727 0.6000000238
95725  43.083  34.619  5.280 0.6000000238
94717  42.993  32.821  1.843 0.6999999881
95225  43.549  33.507  2.449 0.6999999881
125663  44.807  34.667  6.607 0.5000000000
109862  44.750  34.477  7.422 0.5000000000
94728  43.619  31.612  -0.127 0.6999999881
95233  44.263  33.037  1.351 0.6000000238
95232  45.230  33.350  0.964 0.6000000238
94735  43.719  31.580  -1.035 0.6999999881
95246  44.897  32.621  0.218 0.6000000238
120089  43.171  31.746  -1.436 0.5000000000
94221  43.804  31.920  -1.280 0.6000000238
95255  45.265  33.144  -0.566 0.6000000238
95245  45.368  33.118  0.089 0.6000000238
94737  39.884  31.781  0.234 0.5000000000
95746  43.025  33.832  3.303 0.6999999881
124070  43.595  34.567  4.540 0.6999999881
95724  44.234  34.807  5.778 0.5000000000
95736  44.229  34.470  3.893 0.5000000000
95755  44.760  33.701  2.029 0.6000000238
112673  45.706  34.608  5.958 0.5000000000
120794  45.847  34.213  1.331 0.5000000000
127866  47.549  34.158  7.964 0.4000000060
95267  42.810  32.350  -1.193 0.5000000000
121149  45.024  34.195  -0.524 0.6000000238
95780  45.330  33.934  -0.390 0.6000000238
94736  41.177  32.282  -0.505 0.5000000000
95257  42.959  33.035  -0.828 0.6000000238
95782  43.299  33.888  -0.091 0.5000000000
95258  41.826  32.861  -0.506 0.5000000000
95743  46.294  34.592  3.138 0.4000000060
95744  45.354  34.262  2.788 0.5000000000
95753  46.108  34.532  1.999 0.4000000060
95723  45.436  34.631  4.936 0.4000000060
95713  46.804  34.471  6.341 0.4000000060
95779  45.576  34.381  0.213 0.5000000000
96263  45.801  35.168  0.698 0.5000000000
95712  47.299  34.543  6.820 0.4000000060
95691  47.621  34.319  8.189 0.3000000119
96796  44.657  36.105  1.055 0.4000000060
96265  44.339  35.300  0.612 0.5000000000
96273  45.319  34.675  -0.035 0.5000000000
96763  43.065  36.939  2.906 0.4000000060
96251  43.521  35.709  1.630 0.5000000000
95769  43.092  34.741  1.085 0.5000000000
96779  42.748  36.159  2.566 0.5000000000
96780  41.679  35.838  2.918 0.4000000060
97243  40.680  37.814  4.041 0.3000000119
95735  45.370  34.552  3.931 0.4000000060
95734  46.387  34.651  4.191 0.4000000060
95721  47.076  34.756  5.724 0.4000000060
96250  46.332  35.111  1.812 0.4000000060
96228  47.194  35.019  5.100 0.4000000060
115138  44.901  36.785  1.288 0.4000000060
96795  45.410  36.087  1.032 0.4000000060
96220  47.337  34.897  6.180 0.4000000060
96727  47.446  35.604  7.872 0.3000000119
96778  43.944  36.712  1.905 0.4000000060
96738  47.385  35.477  6.781 0.4000000060
96712  47.434  35.503  8.900 0.3000000119
97242  43.326  37.593  3.026 0.4000000060
96764  42.048  36.598  3.313 0.5000000000
97191  46.829  36.473  7.236 0.3000000119
111945  46.252  36.889  8.817 0.3000000119
117197  43.120  38.159  3.436 0.4000000060
113904  42.436  37.404  3.518 0.4000000060
98688  41.812  40.278  4.134 0.3000000119
98198  42.519  39.744  3.990 0.3000000119
95742  46.709  34.921  3.575 0.4000000060
96243  46.718  35.228  2.917 0.4000000060
97251  44.776  37.482  1.776 0.4000000060
96776  45.958  36.657  1.835 0.4000000060
96761  46.706  35.931  3.225 0.4000000060
96754  47.101  35.500  4.680 0.4000000060
96746  47.179  35.533  5.564 0.4000000060
97696  44.229  38.168  2.501 0.4000000060
97708  45.012  38.232  2.053 0.4000000060
97214  46.758  36.480  6.072 0.3000000119
98195  45.025  40.027  2.644 0.4000000060
96728  46.888  36.355  8.361 0.3000000119
98197  43.508  39.555  3.435 0.4000000060
97695  44.903  39.087  2.408 0.4000000060
98685  45.057  40.700  2.861 0.4000000060
99208  42.812  41.562  3.572 0.3000000119
124290  44.496  41.560  2.954 0.3000000119
98686  44.698  40.765  2.825 0.4000000060
96762  46.187  36.806  2.567 0.4000000060
119389  46.949  35.908  4.053 0.4000000060
97250  45.461  37.520  2.010 0.4000000060
97225  46.703  36.440  4.797 0.4000000060
97694  45.254  38.484  2.401 0.4000000060
97192  46.195  37.238  7.713 0.3000000119
98194  45.241  40.096  2.911 0.4000000060
99207  43.884  42.113  3.061 0.3000000119
99206  44.842  41.442  2.993 0.4000000060
99647  43.588  42.948  3.161 0.3000000119
97241  45.840  37.719  2.871 0.4000000060
97226  46.002  37.593  4.163 0.4000000060
114202  45.145  39.401  2.677 0.4000000060
97664  45.584  38.258  6.042 0.3000000119
97651  45.513  38.026  7.074 0.3000000119
97193  45.426  37.587  8.072 0.3000000119
97652  44.722  38.271  7.455 0.3000000119
99646  44.224  42.834  2.996 0.3000000119
99203  44.912  42.083  3.377 0.3000000119
118159  43.853  38.274  7.713 0.3000000119
100060  44.219  43.469  3.192 0.3000000119
99645  44.548  42.782  3.310 0.3000000119
98165  42.487  38.968  7.162 0.3000000119
100474  44.006  44.882  3.317 0.2000000030
97681  45.544  38.673  3.371 0.4000000060
97672  45.626  38.415  4.845 0.4000000060
126743  45.392  39.545  3.274 0.3000000119
99202  45.152  41.285  3.567 0.3000000119
119604  45.314  39.113  5.516 0.3000000119
97665  44.986  38.895  6.531 0.3000000119
97666  44.091  38.880  7.045 0.3000000119
98177  44.409  39.653  6.479 0.3000000119
97653  43.144  38.620  7.424 0.3000000119
100058  44.218  44.192  3.497 0.3000000119
121684  45.444  39.294  4.322 0.4000000060
98681  45.264  40.653  4.364 0.3000000119
98185  45.307  39.955  4.995 0.3000000119
99198  45.091  41.291  4.871 0.3000000119
98667  45.075  40.626  5.474 0.3000000119
99639  45.029  41.981  4.378 0.3000000119
99642  44.819  42.712  4.115 0.3000000119
98669  43.003  40.289  6.511 0.3000000119
98178  43.356  39.451  6.774 0.3000000119
98678  44.792  41.255  5.820 0.3000000119
90824  49.538  26.730  20.846 0.6999999881
90168  49.846  26.134  21.275 0.8000000119
89536  45.223  24.691  21.772 0.6000000238
88905  41.476  23.707  21.073 0.3000000119
90181  49.393  26.559  19.752 0.8999999762
88908  38.350  23.423  20.569 0.3000000119
112170  39.180  23.484  20.549 0.3000000119
89605  48.816  25.086  14.714 0.8999999762
88978  50.387  24.051  11.790 0.8999999762
91599  47.872  28.463  16.255 0.6000000238
90238  49.247  25.642  12.925 0.8999999762
89623  50.580  23.931  10.956 0.8999999762
90895  49.092  26.380  12.725 0.8999999762
90886  48.826  27.296  14.634 0.8000000119
90865  44.519  26.668  16.240 0.5000000000
87825  51.033  21.734  9.402 0.8999999762
89630  50.006  24.751  10.727 0.8999999762
89629  50.624  23.763  10.072 0.8999999762
88434  49.807  22.427  7.986 0.8999999762
88427  49.669  22.096  8.803 0.8999999762
89020  48.649  22.655  7.830 0.8999999762
91655  48.349  27.440  12.776 0.8999999762
125583  47.973  28.135  13.843 0.6999999881
92360  47.309  28.573  14.075 0.6000000238
91644  46.615  28.251  13.550 0.6999999881
113391  45.709  29.518  14.421 0.6000000238
92333  45.934  29.504  15.145 0.6000000238
90275  49.372  24.771  7.613 0.8999999762
127940  44.935  29.923  15.187 0.6000000238
89019  49.944  22.843  7.743 0.8999999762
88440  49.332  22.802  6.496 0.8999999762
90914  46.886  26.954  11.576 0.8000000119
91657  45.667  27.742  13.058 0.6999999881
92984  44.308  30.350  14.825 0.6000000238
90262  49.173  25.787  9.000 0.8999999762
88442  48.751  22.744  6.393 0.8000000119
89052  47.505  23.007  5.470 0.8000000119
112108  46.602  23.320  5.891 0.6999999881
89055  44.828  23.322  5.577 0.6999999881
129084  44.193  23.569  7.298 0.4000000060
90926  46.980  26.650  10.662 0.8999999762
90917  43.563  26.575  11.433 0.8999999762
89051  48.933  23.128  4.872 0.8999999762
90291  48.568  24.901  5.304 0.8999999762
88452  48.591  22.868  4.615 0.8999999762
89666  48.191  24.252  4.084 0.8999999762
88453  47.860  22.807  4.687 0.8000000119
89053  46.832  23.028  4.912 0.8000000119
89065  45.128  23.067  4.640 0.6999999881
88475  45.127  23.031  2.339 0.8000000119
89067  42.614  23.432  5.109 0.4000000060
124591  40.495  23.927  7.411 0.3000000119
90929  43.571  26.405  10.478 0.8999999762
89674  47.773  24.063  3.580 0.8999999762
88457  48.224  22.997  3.853 0.8999999762
126598  46.822  26.388  4.789 0.8999999762
88467  46.889  23.076  3.283 0.8000000119
90305  46.490  24.883  3.029 0.8999999762
90974  45.981  26.926  4.821 0.8999999762
89058  41.975  23.941  5.253 0.3000000119
89653  40.528  24.399  6.807 0.2000000030
89085  42.366  23.787  1.278 0.6999999881
89091  43.158  23.506  0.843 0.8000000119
91700  44.701  27.575  5.557 0.8999999762
90311  45.674  24.820  2.208 0.8999999762
90986  45.975  26.132  3.380 0.8999999762
91704  45.074  27.406  4.736 0.8999999762
89089  44.766  23.759  0.962 0.8000000119
90312  45.077  25.102  1.800 0.8000000119
110759  45.252  26.432  3.197 1.0000000000
113580  44.445  27.776  4.261 0.8000000119
91701  44.365  28.006  5.007 0.8999999762
92414  43.100  29.082  5.382 0.8000000119
89083  44.608  23.209  1.418 0.8000000119
90319  44.430  24.592  0.975 0.8999999762
89689  44.233  23.979  0.493 0.8999999762
91712  43.973  27.657  3.597 0.8000000119
90987  44.434  26.704  3.083 1.0000000000
93040  42.577  29.639  5.716 0.6999999881
110780  43.488  24.252  0.489 0.8000000119
90301  40.939  25.189  3.329 0.3000000119
89667  41.331  24.823  4.262 0.3000000119
89684  41.757  24.330  1.804 0.6000000238
90996  43.912  26.001  2.333 0.8999999762
127591  42.656  28.881  4.202 0.6999999881
109782  43.134  27.549  3.321 0.8999999762
91004  41.654  25.733  0.660 0.6999999881
91713  42.372  27.758  3.230 0.6999999881
90989  42.676  27.035  2.765 0.8000000119
90293  40.301  25.822  5.785 0.3000000119
108712  42.064  24.754  0.916 0.6000000238
90308  40.492  25.493  2.475 0.5000000000
90315  40.726  25.164  1.566 0.6000000238
90990  40.351  25.854  3.512 0.4000000060
114796  39.602  25.084  0.418 0.5000000000
90316  39.795  25.398  1.458 0.5000000000
90999  38.822  25.960  1.714 0.4000000060
90339  40.510  25.390  -0.766 0.6000000238
90340  39.748  25.383  -0.861 0.5000000000
91013  38.889  25.764  -0.351 0.5000000000
109145  41.905  29.090  4.109 0.6999999881
109455  41.936  27.207  2.497 0.8000000119
92426  41.052  28.935  2.888 0.6999999881
93643  41.333  30.508  4.756 0.6999999881
93633  41.894  31.071  6.233 0.6999999881
108266  41.411  26.081  -0.139 0.6000000238
91720  41.451  27.398  1.896 0.8000000119
93057  40.895  29.543  2.337 0.6999999881
90332  40.985  25.898  -1.256 0.6000000238
91721  41.302  27.678  0.931 0.8000000119
91021  41.187  26.534  -2.516 0.5000000000
91708  38.004  27.738  3.787 0.2000000030
93647  40.743  30.631  3.558 0.6999999881
94173  41.077  31.415  4.858 0.6999999881
94693  41.213  32.311  5.315 0.8000000119
93068  41.171  29.344  1.196 0.6999999881
93657  40.797  30.332  2.627 0.6999999881
94707  41.058  32.757  3.967 0.6999999881
91748  42.245  27.739  -2.440 0.6000000238
93081  41.776  29.111  -0.213 0.6999999881
129933  37.527  28.182  4.316 0.2000000030
91730  37.218  27.824  1.819 0.3000000119
110397  36.593  28.469  3.457 0.3000000119
93080  42.207  29.582  -1.150 0.6999999881
95226  42.523  33.367  2.954 0.6999999881
95201  41.509  33.132  5.789 0.6000000238
95209  41.578  33.556  5.094 0.6000000238
123956  43.055  32.063  0.960 0.6999999881
94212  43.087  31.047  -0.593 0.6999999881
93682  42.510  30.454  -0.869 0.6999999881
95703  45.696  34.367  8.105 0.5000000000
94734  44.489  32.202  -1.041 0.6000000238
95745  43.973  34.077  3.095 0.5000000000
118229  45.993  34.462  7.108 0.5000000000
95247  43.927  32.311  0.591 0.6000000238
110643  44.461  32.017  -0.511 0.6000000238
94727  45.062  32.522  -0.617 0.6000000238
95266  43.615  32.394  -1.325 0.6000000238
94742  44.394  32.574  -1.206 0.6000000238
95766  45.898  34.398  0.956 0.5000000000
109612  44.234  34.720  4.732 0.5000000000
122377  47.172  34.243  7.368 0.4000000060
95256  44.056  33.208  -1.122 0.6000000238
96274  44.874  34.747  -0.116 0.5000000000
95783  42.041  33.625  0.089 0.5000000000
95752  46.511  34.869  2.678 0.4000000060
96262  46.038  35.985  1.411 0.4000000060
96264  45.203  35.415  0.414 0.4000000060
95756  41.788  34.600  1.641 0.5000000000
109809  41.380  37.177  3.785 0.5000000000
97227  41.863  38.136  4.034 0.4000000060
96775  46.423  35.912  2.242 0.4000000060
96777  45.422  36.788  1.493 0.4000000060
111658  43.930  38.979  2.991 0.4000000060
97697  42.805  38.901  3.819 0.4000000060
98687  42.732  40.682  3.759 0.3000000119
122603  46.999  35.213  4.019 0.4000000060
97215  46.103  37.461  5.451 0.3000000119
115745  43.680  40.313  3.315 0.3000000119
98196  44.472  39.834  2.797 0.4000000060
97205  46.163  37.406  6.629 0.3000000119
98189  45.380  40.036  3.830 0.3000000119
124052  44.656  40.527  6.155 0.3000000119
98668  43.962  40.364  6.484 0.3000000119
79346  44.244  9.244  5.994 0.1000000015
79302  45.131  8.699  12.938 0.1000000015
78598  43.418  8.862  7.241 0.1000000015
79338  42.896  9.789  7.425 0.1000000015
79347  43.532  9.709  6.601 0.1000000015
80723  43.399  11.538  5.675 0.1000000015
79301  45.917  9.093  13.199 0.1000000015
79311  44.569  9.364  12.184 0.1000000015
79998  44.458  10.754  10.914 0.1000000015
79988  43.922  10.107  11.412 0.1000000015
79999  43.426  10.688  10.632 0.1000000015
79319  42.914  10.012  11.069 0.1000000015
80006  43.005  11.162  9.876 0.1000000015
80000  42.576  10.441  10.226 0.1000000015
80706  42.993  11.990  8.725 0.1000000015
80701  42.787  11.461  9.189 0.1000000015
79333  42.098  9.972  8.946 0.1000000015
80707  42.603  11.363  8.575 0.1000000015
79339  42.458  9.865  8.168 0.1000000015
80713  42.753  11.908  8.086 0.1000000015
126779  42.584  10.471  7.768 0.1000000015
116477  42.832  12.057  7.315 0.1000000015
80019  42.607  11.266  7.786 0.1000000015
80018  42.891  10.679  7.061 0.1000000015
129091  42.754  11.395  7.199 0.1000000015
80024  43.425  10.646  6.168 0.1000000015
81450  43.454  12.473  5.551 0.1000000015
123568  43.606  11.968  5.037 0.1000000015
81457  43.680  12.588  4.767 0.1000000015
82165  43.887  13.217  4.525 0.1000000015
81456  43.945  12.733  3.908 0.1000000015
80745  44.652  11.910  1.585 0.1000000015
119449  44.377  11.986  2.953 0.1000000015
81476  44.409  12.694  1.291 0.1000000015
80753  44.570  11.411  1.085 0.1000000015
80754  44.172  11.501  0.926 0.1000000015
79310  45.644  9.391  12.437 0.1000000015
125927  47.444  10.387  12.203 0.1000000015
114624  46.845  10.116  12.002 0.1000000015
79986  46.089  10.032  11.853 0.1000000015
79995  47.499  10.671  11.504 0.1000000015
79996  46.556  10.610  11.269 0.1000000015
79987  45.054  10.042  11.634 0.1000000015
80690  46.046  11.279  10.570 0.1000000015
80692  43.923  11.365  10.217 0.1000000015
80700  43.446  11.775  9.460 0.1000000015
80699  44.435  12.000  9.726 0.1000000015
81422  43.826  12.461  8.970 0.1000000015
82122  45.664  13.454  7.925 0.1000000015
82123  44.731  13.443  7.756 0.1000000015
81433  44.253  13.057  8.380 0.1000000015
82135  45.355  13.776  7.161 0.1000000015
81440  43.384  12.947  7.093 0.1000000015
82136  44.291  13.583  6.869 0.1000000015
81444  43.146  12.325  6.389 0.1000000015
82146  45.283  14.081  6.190 0.1000000015
82147  44.338  13.702  5.790 0.1000000015
82148  43.609  13.122  6.165 0.1000000015
82154  45.004  14.197  5.358 0.1000000015
82934  45.881  14.459  5.233 0.1000000015
82155  44.447  13.864  4.751 0.1000000015
82156  43.768  13.208  5.262 0.1000000015
82911  38.436  14.682  7.646 0.1000000015
82164  44.300  13.549  3.855 0.1000000015
82172  44.871  13.764  2.196 0.1000000015
82961  45.465  14.531  1.543 0.1000000015
82186  44.885  13.820  1.011 0.1000000015
82970  45.417  14.559  1.071 0.1000000015
81482  44.326  13.300  0.841 0.1000000015
81477  44.050  12.417  0.897 0.1000000015
80673  49.526  12.077  12.424 0.2000000030
80680  49.435  11.750  11.954 0.2000000030
80681  48.731  11.312  11.744 0.1000000015
80688  47.922  11.212  10.809 0.1000000015
113887  50.048  11.967  10.775 0.1000000015
80686  49.417  11.650  11.264 0.1000000015
80696  47.507  11.737  10.119 0.1000000015
80691  44.975  11.405  10.444 0.1000000015
110577  50.333  12.303  10.082 0.1000000015
80695  48.401  11.768  10.202 0.1000000015
81419  47.088  12.293  9.468 0.1000000015
80698  45.533  11.977  9.903 0.1000000015
81428  50.599  13.375  8.188 0.2000000030
81429  49.385  12.984  8.580 0.1000000015
116371  47.950  12.268  9.520 0.1000000015
81420  46.157  12.448  9.343 0.1000000015
81421  45.017  12.691  9.129 0.1000000015
82129  52.582  14.767  7.180 0.2000000030
82117  51.968  13.948  7.710 0.2000000030
82119  48.776  13.339  8.010 0.1000000015
81430  47.554  12.676  8.962 0.1000000015
81432  45.901  13.038  8.643 0.1000000015
83733  52.347  15.421  7.002 0.2000000030
82901  52.728  14.886  7.631 0.3000000119
82909  51.613  14.623  6.488 0.2000000030
82130  51.149  14.008  7.270 0.2000000030
82118  49.898  13.565  7.688 0.2000000030
82121  46.601  13.347  8.075 0.1000000015
82908  52.375  14.964  6.595 0.2000000030
82143  49.447  14.306  6.292 0.2000000030
116646  49.339  13.763  7.227 0.2000000030
82133  47.289  13.671  7.362 0.1000000015
82134  46.300  13.729  7.336 0.1000000015
122120  45.106  13.201  8.407 0.1000000015
82917  51.772  15.248  6.065 0.2000000030
82918  50.956  14.890  5.681 0.2000000030
82144  48.044  14.131  6.477 0.2000000030
112517  46.030  14.047  6.691 0.1000000015
120396  51.601  15.813  5.669 0.2000000030
82919  50.050  14.996  5.180 0.2000000030
82921  47.601  14.500  5.636 0.2000000030
82145  46.913  14.079  6.617 0.1000000015
83759  51.014  16.017  4.762 0.2000000030
82930  50.649  15.656  4.592 0.2000000030
82920  48.883  14.678  5.399 0.2000000030
82922  46.428  14.352  5.899 0.1000000015
83761  50.079  15.926  3.674 0.2000000030
82931  49.690  15.388  4.346 0.2000000030
82933  47.161  14.822  4.661 0.1000000015
82902  38.724  15.530  8.054 0.1000000015
83760  50.539  16.052  4.013 0.2000000030
82941  49.341  15.756  3.418 0.2000000030
82932  48.508  15.108  4.459 0.1000000015
125974  46.361  14.724  4.317 0.1000000015
82935  45.438  14.419  4.534 0.1000000015
84535  49.997  16.319  4.016 0.2000000030
83768  49.509  16.063  3.186 0.2000000030
82943  47.290  15.245  3.377 0.1000000015
82924  39.720  14.473  6.515 0.1000000015
82158  39.338  13.283  5.302 0.1000000015
82149  39.145  13.769  6.100 0.1000000015
82954  46.222  15.013  2.419 0.1000000015
82955  45.369  14.494  2.424 0.1000000015
81451  38.952  12.469  5.098 0.1000000015
83786  46.950  16.225  1.226 0.1000000015
83779  46.998  15.828  1.463 0.1000000015
80747  41.834  11.508  2.580 0.1000000015
81464  41.296  12.055  2.904 0.1000000015
80733  39.870  11.917  4.558 0.1000000015
80734  39.246  11.839  4.959 0.1000000015
82167  39.690  12.977  4.599 0.1000000015
84558  46.506  16.384  0.816 0.1000000015
82969  46.033  15.257  0.888 0.1000000015
82960  46.190  15.218  1.490 0.1000000015
126296  42.849  13.446  1.292 0.1000000015
81470  42.343  12.280  1.752 0.1000000015
80738  40.826  11.814  3.633 0.1000000015
81465  40.732  12.450  3.530 0.1000000015
80739  40.262  12.158  4.092 0.1000000015
81459  39.670  12.345  4.549 0.1000000015
84575  45.895  16.135  0.303 0.1000000015
82974  45.594  15.259  0.566 0.1000000015
126566  43.729  13.506  0.847 0.1000000015
81478  43.093  12.755  1.217 0.1000000015
81400  51.219  12.151  11.568 0.1000000015
80672  50.318  12.128  12.154 0.2000000030
81406  53.995  13.193  10.408 0.4000000060
81407  52.183  12.462  10.630 0.3000000119
81408  51.010  12.289  10.561 0.3000000119
80685  50.211  11.950  11.461 0.1000000015
82101  54.101  13.771  9.588 0.3000000119
82107  53.859  14.015  8.949 0.3000000119
81415  52.481  13.295  9.149 0.3000000119
81416  51.332  12.791  9.395 0.3000000119
82116  52.751  14.385  7.997 0.3000000119
82109  52.269  13.586  8.490 0.3000000119
128745  51.249  13.253  8.600 0.3000000119
81417  50.123  12.658  9.237 0.1000000015
82115  53.187  14.403  8.530 0.3000000119
83718  52.149  15.348  7.743 0.3000000119
83746  51.632  15.787  6.464 0.3000000119
83734  51.092  15.632  7.538 0.3000000119
83672  44.501  15.446  12.405 0.2000000030
126664  49.662  16.188  6.556 0.3000000119
83735  49.341  15.680  7.682 0.3000000119
83653  44.200  15.754  13.142 0.2000000030
83673  43.668  15.415  12.243 0.2000000030
111204  50.654  16.011  6.786 0.3000000119
83722  46.572  15.511  9.424 0.3000000119
83702  46.690  15.381  10.271 0.3000000119
109187  46.052  15.335  10.787 0.3000000119
83671  45.243  15.375  12.158 0.3000000119
111907  43.007  15.421  11.587 0.2000000030
84497  38.609  16.253  9.820 0.1000000015
83752  50.962  16.249  5.810 0.2000000030
83753  49.972  16.458  5.634 0.3000000119
127147  46.048  15.427  10.022 0.3000000119
83703  45.384  15.427  10.311 0.3000000119
83688  45.300  15.320  11.214 0.3000000119
83689  44.492  15.332  11.638 0.3000000119
112640  42.879  15.519  10.897 0.2000000030
126469  42.211  15.512  11.295 0.2000000030
83727  38.193  15.954  9.457 0.1000000015
83704  44.596  15.395  10.685 0.2000000030
83690  43.673  15.374  11.059 0.2000000030
83705  43.162  15.756  10.245 0.2000000030
83706  42.368  15.875  10.365 0.2000000030
83707  41.540  15.930  10.542 0.2000000030
84508  39.569  16.979  8.730 0.1000000015
84509  38.804  16.562  9.079 0.1000000015
83742  38.436  15.894  8.760 0.1000000015
126999  45.575  15.673  9.356 0.2000000030
83723  44.739  15.631  9.796 0.2000000030
125166  44.168  15.951  9.387 0.2000000030
83725  42.640  16.342  9.573 0.2000000030
84493  42.077  16.909  8.812 0.2000000030
83740  39.951  16.663  7.964 0.1000000015
83750  39.383  15.810  7.754 0.1000000015
113918  39.005  15.106  7.503 0.1000000015
83775  49.507  16.087  3.179 0.2000000030
83777  48.058  16.146  2.533 0.1000000015
84491  43.881  16.420  8.683 0.2000000030
84492  42.969  16.707  8.800 0.2000000030
114157  40.022  15.799  7.461 0.1000000015
82910  39.600  15.095  7.195 0.1000000015
82925  38.926  14.362  6.930 0.1000000015
108675  43.880  16.673  7.810 0.2000000030
84505  43.247  16.821  8.175 0.2000000030
83756  40.463  15.182  6.897 0.1000000015
84516  43.102  16.883  7.573 0.2000000030
82923  41.087  14.804  6.179 0.1000000015
82939  39.856  13.961  5.749 0.1000000015
82953  47.214  15.585  2.353 0.1000000015
81471  41.684  12.586  2.342 0.1000000015
115786  41.303  14.490  5.392 0.1000000015
82157  40.079  13.588  4.923 0.1000000015
83785  47.510  16.278  1.893 0.1000000015
84554  47.364  16.455  2.103 0.1000000015
121744  46.491  16.531  1.887 0.1000000015
83800  43.432  14.892  1.291 0.1000000015
82179  42.348  13.782  1.861 0.1000000015
81472  41.203  12.820  3.011 0.1000000015
82173  41.238  13.358  3.188 0.1000000015
82174  40.728  13.083  3.551 0.1000000015
82166  40.379  13.328  4.155 0.1000000015
83788  44.687  16.112  1.160 0.1000000015
83789  43.847  15.482  1.477 0.1000000015
82956  42.292  14.513  2.939 0.1000000015
82957  41.613  13.866  3.104 0.1000000015
82948  41.054  13.612  3.707 0.1000000015
81391  51.442  12.284  12.494 0.3000000119
81392  50.371  12.350  12.664 0.3000000119
109404  53.774  12.522  11.546 0.4000000060
81399  52.424  12.292  11.611 0.4000000060
82893  53.667  14.293  8.930 0.3000000119
118970  53.367  14.556  9.051 0.3000000119
82894  53.090  14.599  8.512 0.3000000119
82895  52.316  15.049  8.432 0.3000000119
82896  51.109  14.898  9.529 0.3000000119
82877  49.151  14.890  11.539 0.3000000119
82887  48.676  15.106  10.654 0.3000000119
83686  47.465  15.317  11.708 0.3000000119
83719  51.023  15.229  8.584 0.3000000119
83700  49.769  15.069  9.619 0.3000000119
120482  47.741  15.270  11.111 0.3000000119
83670  46.805  15.396  12.229 0.3000000119
121297  45.988  15.425  12.422 0.3000000119
114069  49.670  15.388  8.650 0.3000000119
83720  48.579  15.282  9.559 0.3000000119
83687  46.895  15.332  11.165 0.3000000119
110240  46.038  15.306  11.678 0.3000000119
83652  45.553  15.619  12.927 0.3000000119
119552  45.031  15.967  13.362 0.2000000030
83721  47.561  15.445  9.263 0.3000000119
83654  43.206  15.738  13.149 0.2000000030
83655  42.415  15.747  13.210 0.2000000030
84474  38.644  15.850  11.390 0.1000000015
125445  38.181  15.826  12.195 0.1000000015
122201  37.114  15.819  11.322 0.1000000015
84512  48.775  16.418  6.088 0.2000000030
83736  47.878  15.679  8.234 0.3000000119
131180  47.078  15.398  9.839 0.3000000119
83674  42.595  15.479  12.373 0.2000000030
114182  41.817  15.455  12.041 0.2000000030
83693  39.506  15.792  11.508 0.1000000015
84485  38.264  15.979  10.584 0.1000000015
83747  48.257  16.028  7.179 0.2000000030
108645  46.988  15.642  8.653 0.3000000119
83691  41.310  15.613  11.403 0.2000000030
83692  40.432  15.657  11.655 0.2000000030
83709  39.957  15.962  10.889 0.1000000015
84484  39.168  16.126  10.492 0.1000000015
84524  49.507  16.580  4.968 0.3000000119
83748  46.929  15.987  7.757 0.2000000030
83726  41.771  16.465  9.687 0.2000000030
84482  40.872  16.491  9.851 0.1000000015
84496  39.360  16.624  9.486 0.1000000015
84513  47.313  16.372  6.551 0.2000000030
128777  46.313  16.330  7.185 0.2000000030
83737  46.200  15.824  8.576 0.2000000030
84494  41.110  17.059  8.939 0.2000000030
84507  40.469  17.183  8.388 0.1000000015
84495  40.185  16.969  9.221 0.1000000015
84544  49.435  16.231  3.321 0.2000000030
111618  47.886  16.589  4.561 0.2000000030
84517  42.396  16.971  7.532 0.2000000030
84506  42.522  17.059  8.083 0.2000000030
120092  41.531  17.187  7.950 0.2000000030
84545  48.373  16.397  3.337 0.1000000015
84515  44.675  16.586  7.314 0.2000000030
84531  42.006  16.821  7.146 0.2000000030
84518  41.294  16.844  7.435 0.1000000015
83749  40.688  16.245  7.451 0.1000000015
84529  43.857  16.561  6.276 0.2000000030
84530  42.966  16.710  6.851 0.2000000030
83754  42.425  16.133  6.355 0.2000000030
129682  40.343  14.500  6.187 0.1000000015
109398  46.188  16.615  5.482 0.2000000030
122147  44.678  16.557  5.527 0.2000000030
84539  43.917  16.425  5.575 0.2000000030
83763  42.802  15.690  5.443 0.2000000030
82937  41.961  15.155  5.762 0.2000000030
111586  40.973  13.950  4.608 0.1000000015
84546  47.559  16.439  2.950 0.1000000015
112413  45.300  16.355  2.957 0.1000000015
84555  44.569  16.238  4.005 0.1000000015
83762  43.551  16.049  5.116 0.1000000015
82936  42.436  15.081  4.911 0.1000000015
119246  41.791  14.565  4.771 0.1000000015
83780  44.702  16.163  2.197 0.1000000015
83782  42.998  15.180  3.224 0.1000000015
83772  43.126  15.429  4.400 0.1000000015
82947  41.649  14.191  3.845 0.1000000015
81377  52.251  12.415  13.306 0.3000000119
81398  54.504  13.117  11.258 0.4000000060
82882  54.240  14.112  9.874 0.3000000119
82873  53.715  14.377  10.529 0.4000000060
82884  52.898  14.577  9.954 0.3000000119
82875  51.347  14.651  10.607 0.3000000119
82886  49.954  14.776  10.607 0.3000000119
83685  48.231  15.201  11.655 0.3000000119
83651  46.331  15.626  13.039 0.3000000119
84453  44.455  16.456  13.669 0.2000000030
84454  43.635  16.330  13.598 0.2000000030
83657  40.281  15.778  13.172 0.2000000030
83677  39.853  15.677  12.395 0.1000000015
129302  38.564  15.866  12.905 0.1000000015
121259  41.804  15.576  12.818 0.2000000030
83656  41.065  15.669  13.077 0.2000000030
83676  40.556  15.604  12.523 0.2000000030
84455  42.690  16.341  13.698 0.2000000030
83675  41.164  15.530  12.262 0.2000000030
81376  53.475  12.373  13.265 0.4000000060
81378  51.011  12.532  13.194 0.3000000119
81375  54.473  12.549  13.077 0.5000000000
82095  54.631  13.454  11.341 0.4000000060
124234  55.114  13.136  12.644 0.4000000060
82872  54.384  13.931  10.775 0.4000000060
82864  51.048  14.574  11.997 0.4000000060
82876  50.130  14.650  11.560 0.4000000060
83668  48.658  15.166  12.377 0.4000000060
83669  47.757  15.367  12.399 0.4000000060
83650  47.197  15.618  13.115 0.4000000060
84452  45.822  16.059  13.535 0.3000000119
125526  43.977  16.967  13.842 0.2000000030
84458  40.040  16.190  13.883 0.2000000030
111421  39.216  16.320  14.125 0.1000000015
84456  41.727  16.018  13.584 0.2000000030
84457  40.845  16.074  13.723 0.2000000030
81275  34.585  12.196  31.563 0.1000000015
81276  33.801  12.140  31.337 0.1000000015
81281  33.612  12.814  30.892 0.1000000015
81282  32.807  13.023  30.387 0.1000000015
82068  51.271  13.160  14.635 0.3000000119
81360  54.159  12.536  13.818 0.5000000000
81361  53.106  12.595  14.147 0.4000000060
82088  54.999  13.436  12.834 0.5000000000
113447  54.081  14.147  11.561 0.4000000060
112570  53.194  14.475  11.591 0.4000000060
82865  49.530  14.838  12.287 0.5000000000
83667  49.178  15.229  13.054 0.5000000000
85187  42.594  17.029  14.104 0.2000000030
84436  41.956  16.712  14.085 0.2000000030
84437  41.304  16.472  14.067 0.2000000030
84439  39.894  16.776  14.521 0.2000000030
81273  36.367  12.180  31.670 0.1000000015
81274  35.431  12.239  31.674 0.1000000015
81967  35.806  12.940  31.381 0.1000000015
81968  34.949  12.866  31.319 0.1000000015
120981  35.297  13.530  31.027 0.1000000015
81977  33.583  13.474  30.500 0.1000000015
82731  33.517  14.525  29.586 0.1000000015
82736  32.316  14.701  28.662 0.1000000015
82739  31.858  15.061  27.873 0.1000000015
82066  54.348  12.823  14.555 0.5000000000
127240  52.355  12.893  14.672 0.4000000060
81362  51.750  12.693  13.991 0.3000000119
82073  46.337  13.175  14.559 0.1000000015
81354  44.581  12.970  14.808 0.2000000030
82080  54.948  12.872  13.772 0.5000000000
114119  46.057  13.875  15.291 0.2000000030
82061  45.202  13.684  15.315 0.2000000030
81355  43.650  12.993  15.070 0.1000000015
82849  55.162  13.595  13.819 0.5000000000
82071  48.261  13.318  14.265 0.2000000030
82059  47.813  13.833  15.046 0.2000000030
116566  46.911  13.854  15.143 0.2000000030
82045  45.638  14.306  16.155 0.2000000030
116357  43.991  14.132  16.351 0.1000000015
82048  41.939  13.538  16.479 0.1000000015
82049  41.082  13.468  16.603 0.1000000015
123382  39.396  14.043  17.891 0.1000000015
124011  36.867  13.600  18.468 0.1000000015
82029  35.651  13.814  19.254 0.1000000015
82787  35.065  14.205  19.750 0.1000000015
82861  54.434  14.018  12.609 0.4000000060
82836  47.415  14.266  15.874 0.2000000030
82046  44.749  14.211  16.231 0.2000000030
82047  43.440  14.243  17.057 0.2000000030
117780  42.255  13.908  17.174 0.1000000015
82039  41.607  13.882  17.234 0.1000000015
82862  53.474  14.447  12.472 0.4000000060
82060  46.539  14.331  16.031 0.2000000030
82830  44.314  14.482  17.062 0.2000000030
82853  51.433  14.774  13.075 0.5000000000
83649  48.917  15.601  13.716 0.5000000000
84435  45.258  16.643  13.807 0.3000000119
111865  48.210  15.525  13.259 0.5000000000
84450  47.502  16.005  13.867 0.5000000000
84451  46.640  16.076  13.693 0.3000000119
84434  46.097  16.749  14.008 0.5000000000
84433  46.967  16.704  14.230 0.5000000000
84432  47.848  16.618  14.390 0.5000000000
85185  44.635  17.235  13.944 0.3000000119
85183  46.452  17.592  14.454 0.5000000000
85184  45.484  17.440  14.114 0.5000000000
85195  43.291  17.000  13.962 0.2000000030
84438  40.664  16.617  14.282 0.2000000030
85189  40.563  17.380  14.688 0.2000000030
121361  44.803  18.077  14.093 0.3000000119
112340  42.905  17.727  14.138 0.2000000030
115972  42.075  17.507  14.327 0.2000000030
85188  41.324  17.100  14.427 0.2000000030
85808  43.263  18.582  14.180 0.4000000060
85809  42.333  18.433  14.407 0.3000000119
85810  41.325  18.121  14.674 0.2000000030
79873  35.438  10.937  32.323 0.1000000015
79862  34.126  10.225  32.333 0.1000000015
79842  40.170  10.000  32.765 0.1000000015
79879  39.882  10.305  31.856 0.1000000015
80564  39.360  10.829  31.715 0.1000000015
80565  38.216  11.275  31.730 0.1000000015
80568  35.004  11.579  31.949 0.1000000015
79874  34.567  10.904  32.128 0.1000000015
80555  40.971  10.022  32.575 0.1000000015
80563  40.206  10.586  31.735 0.1000000015
113736  38.063  12.222  31.441 0.1000000015
81272  37.325  12.125  31.568 0.1000000015
81966  36.702  12.956  31.388 0.1000000015
81975  36.124  13.720  31.068 0.1000000015
81271  38.828  11.909  31.446 0.1000000015
81964  38.377  12.894  31.278 0.1000000015
82701  37.035  13.687  31.145 0.1000000015
111926  35.818  14.364  30.612 0.1000000015
111693  35.004  14.156  30.571 0.1000000015
82730  34.196  14.717  29.703 0.1000000015
82722  35.362  14.827  30.121 0.1000000015
83506  33.935  15.120  29.169 0.1000000015
83520  32.733  15.365  28.206 0.1000000015
83532  31.697  15.453  26.987 0.1000000015
125857  31.180  15.122  26.486 0.1000000015
83554  31.474  15.680  25.179 0.1000000015
82067  53.313  12.973  15.023 0.4000000060
82069  50.336  13.562  14.949 0.3000000119
82070  49.324  13.372  14.340 0.3000000119
82052  54.876  13.378  14.880 0.5000000000
82054  53.341  13.519  15.789 0.4000000060
82055  52.295  13.286  15.308 0.4000000060
82834  49.207  14.166  15.835 0.3000000119
82058  48.732  13.846  15.028 0.3000000119
82040  40.776  13.877  17.302 0.1000000015
115474  40.021  13.788  17.382 0.1000000015
82799  39.019  14.483  18.648 0.1000000015
82800  38.166  14.347  18.763 0.1000000015
82785  36.939  14.710  19.430 0.1000000015
83597  35.858  15.302  20.099 0.1000000015
115470  34.502  15.406  20.580 0.1000000015
83570  33.172  15.585  21.452 0.1000000015
82850  54.859  13.996  13.424 0.5000000000
82832  54.947  14.376  14.970 0.5000000000
113199  54.171  13.175  15.268 0.4000000060
82043  52.154  13.772  15.998 0.5000000000
123939  50.302  14.030  15.844 0.3000000119
128439  42.736  14.391  17.935 0.2000000030
82815  42.196  14.284  17.827 0.2000000030
82798  39.921  14.621  18.644 0.1000000015
82783  38.660  14.893  19.177 0.1000000015
83596  36.557  15.326  19.865 0.1000000015
82851  53.990  14.567  13.499 0.6000000238
82044  51.261  14.002  16.137 0.4000000060
112951  49.682  14.484  16.637 0.4000000060
82826  47.894  14.477  16.583 0.2000000030
82828  46.158  14.714  17.120 0.2000000030
82829  45.171  14.616  17.080 0.2000000030
82813  43.926  14.569  17.777 0.2000000030
82814  43.261  14.501  18.013 0.2000000030
82796  41.916  14.731  18.525 0.2000000030
82797  40.923  14.775  18.727 0.2000000030
82782  39.492  14.965  19.122 0.1000000015
83646  51.999  15.214  13.920 0.5000000000
82852  52.680  14.751  13.241 0.5000000000
82809  47.672  14.734  17.366 0.2000000030
82827  47.091  14.588  16.783 0.2000000030
82811  45.548  14.852  18.005 0.2000000030
82812  44.672  14.726  17.933 0.2000000030
127712  42.684  14.634  18.339 0.2000000030
82854  50.205  14.867  12.911 0.5000000000
83647  50.783  15.310  13.816 0.5000000000
116627  46.256  14.915  18.044 0.2000000030
82793  46.001  15.183  18.539 0.3000000119
82794  44.023  14.906  18.444 0.3000000119
83634  50.240  15.827  14.469 0.5000000000
83636  48.363  15.969  14.078 0.5000000000
84430  49.730  16.611  14.919 0.6000000238
83635  49.241  15.934  14.313 0.5000000000
84415  50.540  17.074  15.291 0.6000000238
85180  49.022  17.166  15.056 0.5000000000
85796  50.471  18.543  15.553 0.6999999881
85168  49.788  17.626  15.411 0.6000000238
85169  48.772  17.781  15.257 0.5000000000
85181  48.264  17.218  14.845 0.5000000000
85182  47.416  17.320  14.649 0.5000000000
85797  49.345  18.464  15.447 0.6000000238
85170  47.943  17.886  15.042 0.5000000000
85807  44.162  18.733  14.142 0.4000000060
85186  43.865  17.781  13.992 0.3000000119
130974  49.582  19.541  15.142 0.8000000119
86429  48.882  19.181  15.326 0.6000000238
85798  48.495  18.394  15.294 0.6000000238
121939  47.178  18.019  14.864 0.5000000000
121874  45.660  18.302  14.346 0.5000000000
86446  42.703  19.356  14.384 0.4000000060
86447  41.664  19.300  14.689 0.4000000060
119042  43.076  20.153  14.314 0.4000000060
87137  42.215  20.210  14.442 0.4000000060
87148  43.951  21.000  14.012 0.4000000060
87788  43.167  21.436  13.661 0.4000000060
87149  42.653  20.888  14.139 0.4000000060
87787  44.042  21.691  13.497 0.4000000060
87804  43.414  22.141  13.052 0.4000000060
87803  44.298  22.249  12.905 0.4000000060
88393  45.331  22.730  11.852 0.4000000060
87802  45.277  22.290  12.697 0.4000000060
88394  44.532  22.693  12.172 0.4000000060
128553  45.441  23.083  11.192 0.4000000060
88995  45.951  23.242  10.568 0.5000000000
108616  45.344  23.504  10.025 0.5000000000
116023  46.110  23.415  9.846 0.5000000000
89021  46.095  23.560  8.488 0.5000000000
81963  39.233  12.729  31.295 0.1000000015
81962  40.181  12.595  31.388 0.1000000015
82700  37.839  13.818  31.107 0.1000000015
82720  37.519  14.603  30.752 0.1000000015
82721  36.707  14.412  30.755 0.1000000015
83489  37.926  15.318  30.402 0.1000000015
83490  37.052  15.199  30.342 0.1000000015
83491  36.198  15.015  30.225 0.1000000015
83518  34.455  15.692  28.718 0.1000000015
83531  32.443  15.728  27.393 0.1000000015
84307  34.713  16.522  27.489 0.1000000015
84308  33.885  16.446  27.210 0.1000000015
83546  32.229  16.054  26.520 0.1000000015
83547  31.554  15.667  26.098 0.1000000015
84326  33.682  16.724  26.361 0.1000000015
84327  32.816  16.563  26.009 0.1000000015
83553  32.081  16.214  25.599 0.1000000015
83557  31.506  15.536  24.242 0.1000000015
84352  32.634  16.535  24.081 0.1000000015
83563  31.625  15.308  23.355 0.1000000015
84367  33.470  16.381  21.768 0.1000000015
83565  32.748  16.027  22.211 0.1000000015
83566  32.135  15.676  22.774 0.1000000015
84376  34.659  16.275  20.775 0.1000000015
82053  54.405  13.695  15.673 0.5000000000
83594  38.246  15.513  19.514 0.1000000015
83595  37.376  15.428  19.666 0.1000000015
83576  36.131  16.091  20.216 0.1000000015
82833  54.946  14.061  15.339 0.5000000000
82821  53.842  14.111  16.356 0.4000000060
82823  51.817  14.313  16.654 0.4000000060
82825  48.712  14.447  16.561 0.4000000060
82781  40.274  15.084  19.152 0.2000000030
83593  39.124  15.491  19.398 0.2000000030
84390  38.731  16.245  19.607 0.2000000030
83645  53.119  15.080  13.963 0.6000000238
82822  52.871  14.137  16.528 0.4000000060
82807  50.196  15.005  17.560 0.4000000060
115501  48.252  14.868  17.698 0.3000000119
82792  46.784  15.123  18.480 0.3000000119
82795  43.254  14.881  18.554 0.3000000119
83609  42.629  15.201  18.851 0.2000000030
114382  40.458  15.697  19.431 0.2000000030
84389  39.687  16.082  19.509 0.2000000030
82803  54.110  14.693  16.726 0.6000000238
83615  53.023  15.315  17.743 0.5000000000
83606  45.779  15.459  18.790 0.3000000119
118295  45.057  15.169  18.533 0.3000000119
83608  43.612  15.270  18.778 0.3000000119
83592  41.276  15.739  19.386 0.2000000030
128882  40.271  16.210  19.504 0.2000000030
109302  52.854  15.681  14.620 0.6000000238
114771  51.408  15.751  14.549 0.6000000238
83633  52.071  16.284  15.104 0.6000000238
83648  49.719  15.433  13.747 0.5000000000
84414  51.548  17.039  15.384 0.6000000238
86417  52.780  18.965  16.259 0.6999999881
85167  51.005  17.771  15.625 0.6999999881
85794  52.629  18.625  15.869 0.6999999881
85795  51.734  18.619  15.609 0.6999999881
86427  51.184  19.222  15.232 0.6999999881
86428  49.951  19.163  15.329 0.6999999881
85799  47.734  18.770  15.166 0.6000000238
85805  46.562  18.730  14.797 0.6000000238
85806  45.010  18.915  14.276 0.5000000000
86444  44.437  19.592  14.284 0.4000000060
86445  43.587  19.435  14.254 0.4000000060
86439  50.426  19.688  14.791 0.8000000119
126789  50.038  20.198  14.364 0.8000000119
122062  48.189  19.666  15.151 0.6999999881
86441  47.275  19.665  15.023 0.6000000238
86442  46.306  19.853  14.669 0.6000000238
86443  45.304  19.756  14.425 0.5000000000
87136  43.861  20.226  14.234 0.4000000060
110104  47.122  20.326  14.715 0.6000000238
87135  44.725  20.529  14.229 0.4000000060
87786  44.871  21.792  13.392 0.4000000060
129078  45.947  22.475  12.156 0.4000000060
88406  46.192  22.768  11.361 0.5000000000
88419  47.736  22.708  10.194 0.6999999881
88994  46.812  23.196  10.026 0.6000000238
116030  47.971  22.945  8.722 0.6999999881
123260  47.552  23.029  9.510 0.6999999881
125820  39.190  14.473  30.906 0.1000000015
83503  37.452  15.868  29.825 0.1000000015
84283  37.004  16.270  29.153 0.1000000015
83517  35.322  15.903  28.934 0.1000000015
115073  36.327  16.663  27.887 0.1000000015
84306  35.610  16.667  27.614 0.1000000015
84325  34.648  16.847  26.709 0.1000000015
127662  35.189  17.222  26.022 0.1000000015
84340  34.337  17.103  25.793 0.1000000015
84341  33.509  16.907  25.443 0.1000000015
84342  32.718  16.616  25.053 0.1000000015
85084  34.082  17.341  24.227 0.1000000015
130384  33.778  17.226  23.788 0.1000000015
85097  34.346  17.520  23.595 0.1000000015
84360  33.247  16.693  22.620 0.1000000015
84358  32.589  16.364  23.114 0.1000000015
84366  34.192  16.716  21.371 0.1000000015
84391  36.764  16.801  20.053 0.1000000015
113195  35.399  16.645  20.560 0.1000000015
113892  37.693  16.367  19.779 0.2000000030
83632  54.024  15.129  14.417 0.6000000238
110260  54.634  14.962  14.883 0.6000000238
121967  54.595  14.936  15.573 0.6000000238
82805  52.456  14.749  17.248 0.5000000000
83617  51.066  15.504  18.283 0.4000000060
83618  50.122  15.564  18.553 0.4000000060
82790  48.649  15.174  18.213 0.3000000119
82791  47.708  15.082  18.226 0.3000000119
83604  47.456  15.472  18.764 0.3000000119
118578  38.302  17.168  19.693 0.2000000030
83614  53.879  15.399  17.319 0.6000000238
83599  52.647  15.934  18.487 0.5000000000
83601  50.843  15.992  19.138 0.4000000060
83584  49.992  15.996  19.212 0.4000000060
83586  48.246  15.879  19.120 0.4000000060
83605  46.595  15.432  18.791 0.3000000119
84387  44.163  15.627  18.893 0.3000000119
83590  43.136  15.842  19.044 0.2000000030
83591  42.103  15.769  19.236 0.2000000030
120381  40.044  16.811  19.444 0.2000000030
111962  54.061  15.720  15.193 0.6000000238
83621  54.376  15.235  16.468 0.6000000238
84401  53.737  16.271  17.724 0.6000000238
83600  51.748  16.022  18.875 0.5000000000
127465  50.587  16.471  19.476 0.4000000060
83585  49.146  15.949  19.239 0.4000000060
83587  47.327  15.799  19.063 0.3000000119
83588  46.432  15.827  19.083 0.3000000119
84396  44.814  16.085  18.953 0.3000000119
117626  41.587  16.295  19.346 0.2000000030
85130  40.558  17.462  19.271 0.2000000030
83624  53.172  16.274  15.212 0.6999999881
84412  53.713  16.512  15.706 0.6000000238
85144  53.862  16.866  17.188 0.6000000238
85145  53.454  17.060  18.040 0.6000000238
85134  52.682  17.364  18.911 0.6000000238
85123  51.912  17.375  19.532 0.5000000000
85127  47.862  17.024  19.142 0.4000000060
85128  46.943  17.141  18.879 0.4000000060
83589  45.585  15.885  19.054 0.3000000119
84398  43.173  16.762  18.744 0.2000000030
84388  42.297  16.716  18.966 0.2000000030
85129  41.371  17.140  19.135 0.2000000030
84405  53.978  16.723  16.367 0.6000000238
108313  53.198  17.827  18.113 0.6999999881
85759  52.604  18.200  18.874 0.6000000238
85135  47.503  17.805  18.890 0.4000000060
84413  52.831  17.038  15.502 0.6999999881
85165  53.068  17.724  15.977 0.6999999881
85152  53.604  17.503  16.593 0.6999999881
85774  53.258  18.195  17.100 0.6999999881
126847  52.736  18.978  17.369 0.6999999881
85166  52.155  17.785  15.772 0.6999999881
85784  53.062  18.117  16.357 0.6999999881
86425  52.605  19.456  15.454 0.6999999881
86426  52.375  19.454  15.089 0.6999999881
86436  52.656  19.901  14.861 0.6999999881
86437  52.414  19.990  14.423 0.8000000119
87128  52.345  20.394  14.316 0.8000000119
86438  51.845  19.737  14.380 0.6999999881
87130  51.175  20.171  13.925 0.8000000119
87781  51.981  20.989  12.389 0.8000000119
87144  50.297  20.491  13.593 0.8000000119
87131  49.173  20.518  14.253 0.6999999881
113403  48.067  20.349  14.709 0.6000000238
87133  46.660  20.752  14.406 0.6000000238
87146  46.231  21.277  13.958 0.5000000000
87134  45.738  20.591  14.325 0.5000000000
87147  45.310  21.254  13.923 0.5000000000
124005  44.573  21.283  13.859 0.4000000060
87143  51.456  20.634  12.955 0.8000000119
122094  49.405  20.842  13.515 0.8000000119
87132  47.441  20.786  14.386 0.6999999881
87770  47.171  21.257  13.979 0.6000000238
88378  51.743  21.317  12.089 0.8000000119
87798  51.768  21.076  11.745 0.8000000119
87799  51.463  20.857  11.980 0.8000000119
87782  50.355  20.815  12.591 0.8000000119
87783  48.984  21.293  12.997 0.8000000119
87145  48.268  21.012  13.952 0.8000000119
87784  47.767  21.492  13.242 0.8000000119
87785  45.779  21.753  13.374 0.4000000060
131041  51.508  21.015  11.339 0.8000000119
118436  50.859  20.937  11.534 0.8000000119
87800  49.654  21.335  12.006 0.8000000119
87801  47.270  21.926  12.592 0.6999999881
124136  46.730  21.658  13.362 0.6000000238
88392  46.290  22.112  12.734 0.5000000000
128939  51.394  21.678  10.387 0.8000000119
87810  51.184  21.246  10.833 0.8000000119
87811  50.229  21.421  11.036 0.8000000119
87812  48.998  21.809  11.415 0.8000000119
114099  48.383  21.683  12.347 0.8000000119
87813  47.832  22.160  11.747 0.6999999881
88391  46.788  22.379  11.986 0.6000000238
112993  50.738  21.522  10.135 0.8000000119
87820  49.613  21.780  10.416 0.6999999881
116413  48.401  22.279  10.821 0.6999999881
88405  47.268  22.570  11.147 0.6999999881
88418  49.040  22.214  9.816 0.6999999881
84282  37.884  16.353  29.158 0.1000000015
84305  37.044  16.698  27.767 0.1000000015
84323  36.561  16.891  27.235 0.1000000015
84324  35.685  17.029  26.827 0.1000000015
129066  36.499  17.114  26.626 0.1000000015
84339  36.007  17.296  26.076 0.1000000015
85073  34.919  17.344  25.171 0.1000000015
115715  35.266  17.945  23.379 0.1000000015
117183  34.714  17.517  24.315 0.1000000015
85723  35.812  18.388  22.344 0.1000000015
85099  35.078  17.944  22.155 0.1000000015
110050  36.681  18.671  20.734 0.2000000030
85739  36.038  18.257  20.872 0.1000000015
85105  35.081  17.673  21.364 0.1000000015
85754  37.899  18.506  19.941 0.2000000030
85114  36.471  17.808  20.327 0.1000000015
85115  35.569  17.577  20.762 0.1000000015
128172  38.062  17.846  19.735 0.2000000030
85113  37.442  17.590  19.881 0.2000000030
85132  38.681  18.037  19.632 0.2000000030
84394  51.364  16.709  19.487 0.5000000000
84383  50.691  16.997  19.687 0.5000000000
116367  49.924  16.506  19.504 0.5000000000
85122  52.154  17.931  19.442 0.6999999881
85748  50.192  18.001  19.575 0.5000000000
84384  49.059  16.421  19.431 0.4000000060
85137  45.641  17.320  18.634 0.2000000030
130131  45.391  16.563  18.816 0.2000000030
84397  43.958  16.399  18.791 0.2000000030
85140  42.810  17.677  18.579 0.2000000030
85760  51.964  18.576  19.352 0.6000000238
85747  50.900  18.440  19.640 0.6999999881
85126  48.844  17.006  19.428 0.4000000060
85136  46.293  17.385  18.709 0.3000000119
85138  44.724  17.150  18.574 0.2000000030
85139  43.720  17.443  18.513 0.2000000030
86409  52.110  19.567  17.906 0.6999999881
86394  51.665  19.298  18.923 0.6000000238
86381  51.314  18.878  19.426 0.6999999881
86382  50.719  19.153  19.358 0.6999999881
127016  50.313  18.677  19.495 0.6999999881
85750  48.542  17.742  19.224 0.5000000000
87113  52.354  20.336  16.170 0.6999999881
87106  51.885  20.252  17.303 0.6999999881
87120  52.688  19.779  15.600 0.6999999881
87739  51.625  20.848  16.814 0.8000000119
87722  51.141  20.765  17.838 0.8000000119
87751  51.951  20.898  15.772 0.8000000119
87752  51.328  21.315  16.420 0.8000000119
116089  52.125  20.962  13.772 0.8000000119
87142  52.024  20.870  13.088 0.8000000119
128761  51.720  21.430  13.655 0.8000000119
109792  37.393  16.794  27.159 0.1000000015
84322  38.095  16.670  26.699 0.1000000015
84338  36.867  17.163  26.076 0.1000000015
85072  36.318  17.425  25.380 0.1000000015
85082  36.595  17.626  24.660 0.1000000015
109084  36.073  17.932  23.972 0.1000000015
85711  37.172  18.441  23.229 0.1000000015
85712  36.254  18.337  23.214 0.1000000015
85729  36.270  18.629  21.497 0.2000000030
86368  37.778  19.397  21.059 0.2000000030
119784  37.149  18.405  20.207 0.2000000030
86376  38.087  19.352  20.667 0.2000000030
85738  37.502  19.069  20.545 0.2000000030
86387  38.955  19.270  20.029 0.2000000030
85753  38.559  18.835  19.843 0.2000000030
85751  39.938  18.921  19.327 0.2000000030
85131  39.695  17.921  19.399 0.2000000030
85765  44.280  18.276  18.357 0.2000000030
85766  43.338  18.496  18.340 0.2000000030
120926  40.357  18.371  19.195 0.2000000030
85762  46.853  18.543  18.581 0.4000000060
121778  46.081  18.041  18.565 0.3000000119
130270  46.712  17.789  18.712 0.4000000060
126056  41.901  17.937  18.773 0.2000000030
86383  49.916  19.252  19.204 0.6999999881
86395  50.967  19.763  18.874 0.6999999881
87083  50.362  19.904  18.777 0.6999999881
110376  50.703  20.650  18.496 0.6000000238
120717  50.734  21.797  16.626 0.8000000119
87740  50.975  21.349  17.348 0.8000000119
88344  50.455  21.915  17.778 0.8000000119
85071  37.214  17.309  25.386 0.1000000015
85081  37.509  17.534  24.671 0.1000000015
85096  36.869  17.947  23.936 0.1000000015
85721  37.564  18.958  22.501 0.1000000015
86362  38.022  19.380  21.783 0.2000000030
86375  38.670  19.478  20.546 0.2000000030
85752  39.228  18.802  19.605 0.2000000030
85768  41.451  19.092  18.645 0.2000000030
85141  41.031  18.213  18.975 0.2000000030
85767  42.390  18.780  18.407 0.2000000030
86398  48.272  19.662  18.667 0.5000000000
85763  45.882  18.982  18.346 0.3000000119
120030  44.803  19.135  18.236 0.2000000030
86401  42.945  19.512  18.262 0.2000000030
85761  48.107  18.669  18.875 0.4000000060
119887  43.845  19.293  18.180 0.2000000030
87093  48.588  20.532  18.625 0.6999999881
86396  49.432  20.010  18.717 0.6999999881
86397  49.025  19.206  18.963 0.6000000238
87092  50.039  20.908  18.912 0.6999999881
130754  50.502  20.550  18.613 0.8000000119
87070  39.868  19.983  20.855 0.2000000030
86366  39.115  19.775  21.025 0.2000000030
87077  40.132  20.054  20.116 0.2000000030
86386  39.744  19.510  19.726 0.2000000030
86385  40.484  20.010  19.443 0.2000000030
86402  42.018  19.950  18.498 0.2000000030
86384  41.126  20.067  18.865 0.3000000119
116688  40.606  19.229  19.041 0.2000000030
86399  47.252  19.346  18.508 0.4000000060
128646  46.573  19.183  18.419 0.4000000060
87725  49.264  21.422  18.906 0.6999999881
125687  49.403  20.751  18.789 0.6999999881
87724  50.299  21.299  18.723 0.8000000119
92363  42.209  29.430  13.579 0.6000000238
87069  40.786  20.331  20.768 0.2000000030
87085  40.780  20.422  19.941 0.2000000030
87084  41.255  20.556  19.447 0.2000000030
88334  49.504  22.526  19.281 0.6999999881
111323  48.434  21.989  18.860 0.6999999881
87726  47.770  21.183  18.509 0.6000000238
125396  46.797  20.676  18.311 0.5000000000
87094  47.474  20.200  18.439 0.5000000000
118397  46.417  19.877  18.305 0.5000000000
111544  50.021  21.893  19.057 0.6999999881
92364  41.143  29.415  13.271 0.5000000000
115905  41.819  27.563  12.040 0.8000000119
92373  41.503  28.420  12.665 0.6999999881
87076  41.620  20.827  20.247 0.2000000030
87713  42.136  21.140  19.499 0.2000000030
87099  41.645  20.667  18.930 0.3000000119
87098  42.255  20.889  18.733 0.2000000030
126944  42.703  20.327  18.402 0.3000000119
87727  46.695  21.322  18.354 0.6000000238
111451  47.236  22.138  18.588 0.5000000000
113107  45.855  20.886  18.175 0.5000000000
119935  44.308  20.106  18.086 0.2000000030
110624  49.789  22.915  19.256 0.8000000119
91666  41.481  27.547  11.288 0.6000000238
91672  41.620  27.465  10.557 0.6999999881
87731  42.718  21.388  19.097 0.2000000030
88335  48.283  22.693  19.061 0.6999999881
87729  44.377  21.942  18.642 0.3000000119
87730  43.410  21.710  18.932 0.2000000030
87728  45.252  21.649  18.347 0.3000000119
87096  43.820  21.045  18.251 0.3000000119
87097  42.991  21.003  18.482 0.3000000119
113172  46.087  21.896  18.391 0.4000000060
87095  44.780  20.948  18.095 0.3000000119
86400  43.420  20.219  18.218 0.3000000119
88337  45.354  22.659  18.709 0.3000000119
88351  50.066  22.484  16.911 0.8000000119
88929  48.106  23.420  19.413 0.6000000238
125752  47.329  23.004  18.807 0.6999999881
88336  46.437  22.874  18.647 0.5000000000
88338  44.628  22.811  19.284 0.3000000119
127335  49.079  23.215  19.629 0.6999999881
88931  46.046  23.494  19.263 0.5000000000
88327  43.989  22.448  19.572 0.3000000119
88322  44.416  22.548  20.585 0.3000000119
88918  45.334  23.387  19.716 0.5000000000
88928  49.742  23.562  19.735 0.8000000119
110174  47.962  24.120  19.930 0.6999999881
88930  47.018  23.651  19.296 0.6000000238
88326  44.829  23.072  20.318 0.3000000119
126195  46.557  24.080  19.969 0.6000000238
88917  46.078  23.942  20.470 0.5000000000
123803  45.402  23.162  21.634 0.4000000060
87710  45.004  22.361  21.757 0.3000000119
88915  49.206  24.130  20.177 0.8000000119
88904  45.691  23.603  21.109 0.5000000000
88914  49.840  24.686  20.354 0.8000000119
89549  49.496  25.208  21.048 0.6999999881
88312  45.210  22.764  22.357 0.3000000119
88902  46.641  24.586  21.116 0.6000000238
88916  47.287  24.524  20.429 0.6000000238
82944  46.265  14.819  3.453 0.1000000015
83770  48.070  15.942  2.500 0.1000000015
83739  44.733  16.030  8.968 0.2000000030
82945  45.128  14.344  3.571 0.1000000015
84503  45.210  16.375  7.806 0.2000000030
84537  46.999  16.583  4.332 0.2000000030
84527  46.094  16.537  6.409 0.2000000030
84504  44.626  16.395  8.174 0.2000000030
83778  47.577  16.132  1.865 0.1000000015
84528  44.578  16.621  6.483 0.2000000030
130451  50.888  22.019  15.076 0.8000000119
87769  51.851  21.282  12.964 0.8000000119
80007  42.386  10.765  9.285 0.1000000015
80013  42.418  10.642  8.425 0.1000000015
127620  43.288  12.624  8.050 0.1000000015
80717  42.960  11.458  6.610 0.1000000015
81463  44.327  13.132  2.982 0.1000000015
81469  44.620  12.804  1.909 0.1000000015
82178  44.911  13.751  1.421 0.1000000015
79309  46.491  9.636  12.602 0.1000000015
79977  48.032  10.862  12.092 0.1000000015
79997  45.542  10.692  11.107 0.1000000015
80689  47.052  11.155  10.681 0.1000000015
81439  43.917  13.226  7.656 0.1000000015
80687  48.695  11.382  10.975 0.1000000015
81418  48.902  12.373  9.461 0.1000000015
80697  46.570  11.817  10.018 0.1000000015
122155  48.335  12.785  8.794 0.1000000015
81431  46.823  12.828  8.783 0.1000000015
82120  47.653  13.202  8.209 0.1000000015
82132  48.380  13.693  7.288 0.2000000030
83741  39.115  16.373  8.399 0.1000000015
127551  41.465  11.404  3.276 0.1000000015
80732  40.465  11.675  4.337 0.1000000015
84566  45.756  16.287  0.534 0.1000000015
82971  43.977  14.478  0.760 0.1000000015
83805  45.457  15.695  0.488 0.1000000015
81414  53.269  13.251  9.621 0.3000000119
120127  43.967  15.619  10.089 0.2000000030
83724  43.460  16.138  9.471 0.2000000030
84519  40.764  17.045  7.812 0.1000000015
84553  48.018  16.242  2.487 0.2000000030
112214  43.812  16.722  7.049 0.2000000030
82963  42.083  14.013  2.488 0.1000000015
83799  44.458  15.464  0.764 0.1000000015
82962  42.629  14.467  1.939 0.1000000015
118218  43.838  15.673  2.404 0.1000000015
81363  50.605  12.803  13.758 0.3000000119
83678  39.012  15.756  12.276 0.1000000015
84475  37.817  15.856  11.351 0.1000000015
83708  40.691  15.967  10.732 0.2000000030
84483  40.010  16.402  10.081 0.1000000015
84525  48.201  16.565  5.358 0.2000000030
84526  47.047  16.569  5.524 0.2000000030
84514  45.539  16.461  7.223 0.2000000030
84502  45.904  16.207  7.844 0.2000000030
83738  45.367  16.087  8.448 0.2000000030
83755  41.466  15.856  6.817 0.1000000015
84540  43.260  16.299  5.961 0.2000000030
84538  45.751  16.604  4.890 0.2000000030
110318  45.374  16.629  5.950 0.2000000030
84549  44.269  16.361  4.848 0.2000000030
84547  46.398  16.541  3.350 0.2000000030
83781  44.294  16.025  3.271 0.1000000015
83771  43.894  15.973  4.247 0.1000000015
82874  52.359  14.556  11.169 0.4000000060
83658  39.354  15.877  13.224 0.1000000015
128251  50.166  14.664  12.202 0.4000000060
82863  52.297  14.577  12.282 0.5000000000
127040  34.254  12.703  31.218 0.1000000015
81979  33.149  13.874  30.012 0.1000000015
81980  32.380  13.585  29.729 0.1000000015
82056  51.273  13.615  15.501 0.3000000119
80566  37.038  11.255  31.975 0.1000000015
80567  35.932  11.519  32.033 0.1000000015
81976  34.386  13.406  30.846 0.1000000015
82723  34.057  14.140  30.223 0.1000000015
82735  33.121  14.945  28.926 0.1000000015
82732  32.706  14.316  29.387 0.1000000015
81983  31.973  14.027  29.096 0.1000000015
82740  31.180  14.710  27.238 0.1000000015
129501  45.762  13.445  14.909 0.2000000030
82062  44.232  13.654  15.578 0.1000000015
82835  48.285  14.200  15.808 0.2000000030
114118  42.702  13.829  16.717 0.2000000030
82801  37.329  14.204  18.902 0.1000000015
82035  36.484  14.038  19.084 0.1000000015
82786  35.984  14.599  19.685 0.1000000015
82776  34.276  14.520  20.319 0.1000000015
82775  35.184  14.936  20.158 0.1000000015
124000  34.959  13.572  19.378 0.1000000015
82038  42.764  14.187  17.475 0.2000000030
82816  41.314  14.309  17.955 0.2000000030
79861  34.976  10.383  32.617 0.1000000015
79173  33.621  9.548  32.568 0.1000000015
81965  37.562  12.960  31.326 0.1000000015
129580  37.274  14.143  30.962 0.1000000015
119851  34.674  14.625  30.044 0.1000000015
82729  34.801  15.211  29.487 0.1000000015
83505  35.731  15.455  29.599 0.1000000015
82817  40.389  14.272  17.983 0.1000000015
82033  38.491  13.938  18.148 0.1000000015
82784  37.799  14.812  19.281 0.1000000015
83577  35.297  15.752  20.403 0.1000000015
83578  33.883  15.952  21.031 0.1000000015
83579  33.715  15.135  20.846 0.1000000015
82824  50.759  14.440  16.692 0.4000000060
124577  36.923  15.976  19.962 0.1000000015
83610  41.636  15.237  19.049 0.2000000030
83611  40.925  15.273  19.211 0.2000000030
116211  39.827  15.429  19.343 0.2000000030
129336  44.377  15.289  18.693 0.3000000119
84431  48.721  16.567  14.601 0.5000000000
84429  50.871  16.369  14.989 0.6000000238
86440  49.159  19.953  14.917 0.6999999881
121250  45.739  19.092  14.515 0.6000000238
87150  41.777  21.033  14.199 0.4000000060
87789  42.211  21.494  13.639 0.4000000060
88420  46.771  22.924  10.670 0.6000000238
82699  38.757  13.703  31.136 0.1000000015
82719  38.349  14.580  30.834 0.1000000015
83504  36.588  15.664  29.731 0.1000000015
83519  33.604  15.526  28.456 0.1000000015
83529  34.138  16.086  27.980 0.1000000015
84295  35.001  16.270  28.221 0.1000000015
83530  33.295  15.922  27.698 0.1000000015
83545  33.021  16.314  26.897 0.1000000015
112798  35.176  16.767  27.175 0.1000000015
83556  32.000  16.180  24.646 0.1000000015
83562  32.000  15.999  23.682 0.1000000015
84357  33.232  16.865  23.525 0.1000000015
84359  33.891  17.087  22.179 0.1000000015
84375  34.837  17.105  20.995 0.1000000015
83616  52.070  15.430  18.016 0.5000000000
82789  49.428  15.233  18.116 0.4000000060
83603  48.382  15.538  18.771 0.3000000119
83607  44.977  15.532  18.804 0.3000000119
122353  40.818  16.432  19.449 0.2000000030
118572  39.198  17.012  19.569 0.2000000030
84293  36.623  16.485  28.448 0.1000000015
83516  36.161  16.094  29.071 0.1000000015
84294  35.826  16.386  28.379 0.1000000015
84292  37.469  16.528  28.383 0.1000000015
84350  34.155  17.235  24.914 0.1000000015
84351  33.433  17.002  24.451 0.1000000015
85101  33.804  17.218  23.069 0.1000000015
85100  34.457  17.597  22.692 0.1000000015
85106  34.537  17.415  21.746 0.1000000015
84374  36.031  17.006  20.331 0.1000000015
84411  54.312  15.924  16.037 0.6000000238
83602  49.264  15.575  18.771 0.4000000060
84402  53.031  16.502  18.440 0.6000000238
84393  52.250  16.662  19.062 0.6000000238
84385  48.104  16.353  19.252 0.3000000119
84386  47.152  16.367  19.097 0.3000000119
85125  49.905  17.153  19.596 0.4000000060
84395  46.192  16.598  18.908 0.3000000119
115295  53.531  17.164  15.970 0.6999999881
128650  53.578  17.509  17.402 0.6000000238
85746  51.514  18.059  19.650 0.6999999881
84382  51.296  17.385  19.690 0.6999999881
86393  52.385  18.898  18.519 0.6999999881
87105  52.519  19.672  16.692 0.6999999881
87121  52.532  20.318  15.124 0.8000000119
87129  52.026  20.441  13.821 0.8000000119
114158  37.247  16.961  26.668 0.1000000015
128855  35.599  17.394  25.443 0.1000000015
85083  35.610  17.617  24.614 0.1000000015
85730  35.576  18.163  21.446 0.1000000015
85722  36.654  18.741  22.366 0.1000000015
85124  50.822  17.676  19.689 0.6999999881
121674  49.420  17.644  19.470 0.5000000000
85764  45.227  18.158  18.446 0.2000000030
87091  51.336  20.037  18.301 0.6999999881
85749  49.384  18.459  19.326 0.6999999881
87761  51.298  21.557  15.532 0.8000000119
87723  50.562  21.351  18.290 0.8000000119
87760  52.083  20.924  14.754 0.8000000119
85710  38.137  18.388  23.305 0.1000000015
85728  37.126  19.147  21.455 0.2000000030
86367  38.407  19.558  21.133 0.2000000030
85737  38.243  19.141  20.233 0.2000000030
86374  39.397  19.686  20.372 0.2000000030
85070  38.099  17.091  25.375 0.1000000015
85080  38.395  17.364  24.655 0.1000000015
118580  45.320  19.970  18.153 0.4000000060
119753  37.338  20.619  15.607 0.1000000015
86431  38.583  19.552  15.534 0.1000000015
86430  39.414  19.789  15.321 0.1000000015
85800  39.182  18.883  15.401 0.1000000015
85812  39.673  18.340  15.184 0.1000000015
85190  39.758  17.570  14.931 0.1000000015
87762  37.931  20.971  15.303 0.1000000015
87140  38.768  20.531  15.271 0.1000000015
87774  38.471  21.237  14.907 0.1000000015
85811  40.381  18.248  14.968 0.1000000015
87773  39.157  21.214  14.719 0.2000000030
87122  39.659  20.557  14.976 0.1000000015
114618  40.088  19.951  15.095 0.1000000015
86449  40.068  19.126  15.188 0.1000000015
86448  40.754  19.689  14.927 0.1000000015
87139  40.451  20.520  14.746 0.2000000030
87772  39.988  21.238  14.481 0.2000000030
87771  40.871  21.170  14.284 0.2000000030
125032  41.855  21.982  13.201 0.3000000119
88987  41.611  23.249  11.236 0.3000000119
88411  41.354  22.902  11.919 0.3000000119
108827  42.519  23.592  9.262 0.3000000119
89011  41.853  23.568  9.694 0.3000000119
88999  41.813  23.461  10.495 0.3000000119
89024  42.289  23.578  8.277 0.3000000119
126187  41.806  23.602  8.960 0.3000000119
88986  42.441  23.317  11.120 0.3000000119
88397  41.873  22.453  12.600 0.3000000119
89023  43.269  23.595  8.781 0.3000000119
88998  42.686  23.510  10.222 0.3000000119
125285  43.066  23.572  7.954 0.3000000119
88396  42.784  22.542  12.481 0.3000000119
87805  42.542  22.033  13.130 0.3000000119
88997  43.668  23.502  10.252 0.3000000119
88985  43.350  23.379  11.015 0.3000000119
89022  44.177  23.594  8.722 0.3000000119
109881  43.239  23.558  9.616 0.3000000119
88984  44.213  23.394  10.896 0.3000000119
88410  43.077  23.034  11.758 0.3000000119
89008  45.696  23.539  9.295 0.3000000119
88996  44.502  23.517  10.155 0.3000000119
89010  43.947  23.560  9.504 0.3000000119
109397  45.082  23.606  8.632 0.3000000119
89009  44.788  23.579  9.409 0.3000000119
89550  48.408  24.947  20.841 0.6000000238
89534  47.481  25.452  21.421 0.6000000238
88903  46.134  24.226  21.679 0.5000000000
113206  42.274  28.058  8.354 0.6999999881
93022  42.037  29.419  8.092 0.6000000238
115047  42.293  30.161  7.126 0.6000000238
94214  39.250  31.181  0.892 0.4000000060
93029  42.363  29.456  7.402 0.6000000238
115599  40.854  18.904  14.944 0.1000000015
87138  41.304  20.347  14.601 0.3000000119
88395  43.673  22.636  12.361 0.3000000119
88409  43.939  23.110  11.633 0.3000000119
88407  45.031  23.367  10.729 0.3000000119
114337  42.183  22.918  11.853 0.3000000119
88878  44.197  23.474  22.553 0.3000000119
87054  44.888  20.338  24.048 0.2000000030
88295  44.301  22.135  23.264 0.2000000030
87687  43.188  21.572  23.564 0.2000000030
88296  42.881  22.329  23.134 0.2000000030
87688  41.944  21.817  23.346 0.2000000030
89535  46.351  24.879  21.764 0.5000000000
89521  45.509  24.356  22.120 0.5000000000
89522  44.157  24.117  22.119 0.4000000060
88879  43.134  23.315  22.424 0.2000000030
88300  43.649  22.860  22.854 0.2000000030
90152  45.938  24.818  21.924 0.5000000000
120870  44.921  24.358  22.104 0.5000000000
88880  42.470  22.852  22.568 0.2000000030
88888  43.224  23.799  22.028 0.2000000030
88301  41.720  22.355  22.843 0.2000000030
87046  44.062  19.855  24.432 0.2000000030
87686  44.463  21.174  23.632 0.2000000030
87055  43.544  20.699  24.022 0.2000000030
87056  41.975  20.967  23.831 0.2000000030
87697  40.999  21.908  23.096 0.2000000030
88889  42.136  23.375  21.888 0.2000000030
88313  41.421  22.809  22.267 0.2000000030
84330  45.250  16.028  25.452 0.1000000015
131079  44.756  18.501  24.664 0.2000000030
86343  44.535  19.078  24.610 0.2000000030
86331  43.732  18.604  25.064 0.2000000030
87047  42.504  20.098  24.426 0.2000000030
86344  43.061  19.294  24.843 0.2000000030
126990  41.157  21.427  23.481 0.2000000030
88302  40.797  22.361  22.616 0.2000000030
88890  40.881  23.165  21.596 0.2000000030
85057  45.219  16.432  25.542 0.1000000015
84344  45.034  16.735  25.162 0.1000000015
83550  44.571  15.714  25.599 0.1000000015
85067  44.867  17.199  25.127 0.2000000030
85700  44.717  18.068  24.520 0.2000000030
85697  44.379  17.964  25.164 0.2000000030
86332  42.057  18.779  25.419 0.2000000030
86345  41.559  19.525  24.899 0.2000000030
87048  41.126  20.258  24.385 0.2000000030
88314  40.639  22.716  22.135 0.2000000030
83549  45.323  15.815  25.782 0.1000000015
83543  43.445  15.588  26.177 0.1000000015
84300  41.330  16.257  27.293 0.1000000015
127843  43.174  15.633  26.956 0.1000000015
85068  44.378  17.454  25.678 0.2000000030
115464  42.979  18.159  25.557 0.2000000030
87057  40.695  20.884  23.863 0.2000000030
88303  39.934  22.420  22.369 0.2000000030
88315  40.146  22.827  21.801 0.2000000030
83526  45.073  15.460  26.643 0.1000000015
83527  44.158  15.389  26.881 0.1000000015
83514  43.348  15.579  27.668 0.1000000015
110146  42.382  16.001  28.513 0.1000000015
83541  45.530  15.787  26.206 0.1000000015
131191  43.818  15.453  26.566 0.1000000015
83515  42.301  16.025  27.565 0.1000000015
85058  44.819  16.936  25.860 0.1000000015
84318  45.588  16.069  25.853 0.1000000015
85069  43.170  17.740  25.935 0.2000000030
111849  45.774  18.235  32.589 0.1000000015
112583  44.792  18.128  32.673 0.1000000015
85002  47.097  17.792  32.442 0.1000000015
87689  40.370  21.437  23.413 0.2000000030
87790  41.302  21.688  13.579 0.2000000030
83483  45.071  15.033  29.502 0.1000000015
83497  44.853  15.231  28.481 0.1000000015
83525  45.670  15.667  26.899 0.1000000015
83498  43.517  15.534  28.634 0.1000000015
84299  45.769  15.897  26.566 0.1000000015
85044  45.413  16.390  26.144 0.1000000015
85041  45.273  16.475  27.266 0.1000000015
85045  44.214  17.129  27.158 0.1000000015
116077  49.367  16.837  31.377 0.1000000015
85650  45.108  18.940  32.541 0.1000000015
85059  43.579  17.470  26.555 0.1000000015
84241  48.323  17.282  32.050 0.1000000015
87699  39.300  21.937  22.875 0.2000000030
87690  39.545  21.441  23.369 0.2000000030
87058  39.780  20.916  23.847 0.2000000030
87698  40.158  21.932  22.946 0.2000000030
83512  46.059  15.179  27.584 0.1000000015
83496  45.918  14.871  28.206 0.1000000015
83513  44.758  15.332  27.417 0.1000000015
83511  46.820  15.011  27.626 0.1000000015
83524  46.137  15.520  27.547 0.1000000015
84287  46.093  15.938  27.404 0.1000000015
84274  49.134  16.466  29.937 0.1000000015
85031  49.368  17.457  30.525 0.1000000015
84264  49.987  16.046  30.769 0.1000000015
85038  45.004  16.801  28.520 0.1000000015
84278  47.071  15.822  28.766 0.1000000015
85036  47.687  16.724  29.711 0.1000000015
85011  49.096  18.030  31.532 0.1000000015
110699  39.138  20.501  24.342 0.2000000030
87049  40.041  20.372  24.387 0.2000000030
115612  45.371  17.103  29.308 0.1000000015
87060  37.686  21.159  23.815 0.2000000030
87059  38.355  20.738  24.132 0.2000000030
119347  37.880  21.636  23.235 0.2000000030
124704  39.060  20.960  23.803 0.2000000030
86346  40.391  19.780  24.910 0.2000000030
87700  38.450  21.979  22.821 0.2000000030
87691  38.595  21.386  23.420 0.2000000030
88304  39.029  22.359  22.332 0.2000000030
88316  39.425  22.722  21.775 0.2000000030
88891  39.860  23.201  21.179 0.2000000030
82713  45.594  14.578  30.450 0.1000000015
83482  46.426  14.686  28.811 0.1000000015
121552  46.608  14.870  27.822 0.1000000015
87613  48.146  21.224  30.981 0.1000000015
86959  47.805  20.714  31.768 0.1000000015
86979  48.372  20.463  31.036 0.1000000015
86272  45.460  19.885  32.428 0.1000000015
85638  46.936  18.817  32.522 0.1000000015
87661  38.008  21.526  26.576 0.2000000030
87034  37.643  20.630  25.436 0.2000000030
87050  38.425  20.262  24.957 0.2000000030
85037  46.325  16.933  29.579 0.1000000015
123535  37.281  21.095  25.770 0.2000000030
87667  36.870  21.106  25.128 0.2000000030
87051  37.551  20.735  24.621 0.2000000030
122424  44.251  17.183  28.126 0.1000000015
87680  36.904  21.319  24.218 0.2000000030
87692  37.141  21.694  23.414 0.2000000030
86347  39.430  20.007  24.932 0.2000000030
87701  37.639  22.065  22.769 0.2000000030
86333  40.775  19.224  25.474 0.2000000030
85698  41.853  18.222  26.145 0.2000000030
113122  37.435  22.485  22.131 0.2000000030
88305  38.230  22.380  22.254 0.2000000030
127133  38.716  22.628  21.825 0.2000000030
89640  39.528  24.225  8.226 0.1000000015
90269  39.170  25.052  8.130 0.1000000015
89039  40.156  23.787  7.972 0.2000000030
120790  48.249  20.247  30.691 0.1000000015
86942  47.496  20.060  32.335 0.1000000015
85664  49.196  18.758  31.172 0.1000000015
117710  48.737  19.315  31.582 0.1000000015
128584  48.981  18.661  30.672 0.1000000015
85637  47.883  18.613  32.367 0.1000000015
88274  37.402  22.223  26.386 0.2000000030
85023  49.652  17.594  30.854 0.1000000015
87663  36.834  21.669  25.845 0.2000000030
87026  37.776  20.850  26.170 0.2000000030
86320  38.991  19.987  26.301 0.2000000030
88278  36.263  22.171  25.568 0.2000000030
87668  36.396  21.650  25.269 0.2000000030
87681  36.295  21.656  24.651 0.2000000030
86335  39.032  19.869  25.582 0.2000000030
87702  36.207  22.006  23.729 0.2000000030
88307  35.773  22.714  22.789 0.2000000030
88306  36.756  22.231  22.785 0.2000000030
88894  36.586  23.267  21.292 0.2000000030
88893  37.359  22.943  21.454 0.2000000030
117807  38.001  23.081  21.077 0.2000000030
113362  39.604  24.796  7.692 0.1000000015
90278  38.987  25.800  8.049 0.1000000015
112894  46.102  20.838  29.437 0.1000000015
87006  47.855  21.034  29.968 0.1000000015
86301  48.328  19.810  30.611 0.1000000015
86307  46.324  20.034  29.741 0.1000000015
85671  46.645  19.076  30.157 0.1000000015
119893  48.014  19.123  30.434 0.1000000015
85033  47.292  18.017  30.090 0.1000000015
128296  48.400  18.452  30.374 0.1000000015
85032  48.642  17.712  30.212 0.1000000015
85672  44.696  17.566  29.288 0.1000000015
87025  38.536  20.720  26.658 0.2000000030
88275  36.703  22.407  26.049 0.2000000030
87682  35.738  22.217  24.487 0.2000000030
86334  39.827  19.537  25.480 0.2000000030
88319  35.812  23.186  21.851 0.2000000030
91682  38.561  27.231  7.698 0.2000000030
109702  38.201  27.198  8.375 0.1000000015
110938  43.682  21.884  28.460 0.2000000030
88265  42.783  22.252  28.132 0.2000000030
125458  44.537  21.615  28.708 0.1000000015
87013  44.364  20.789  28.976 0.1000000015
87642  45.384  21.255  29.068 0.1000000015
87014  43.666  20.129  29.046 0.1000000015
87008  44.841  19.985  29.421 0.1000000015
86309  43.727  19.261  29.262 0.1000000015
85673  44.342  18.481  29.498 0.1000000015
86308  45.421  19.089  29.863 0.1000000015
85677  42.504  18.644  28.588 0.1000000015
85676  43.297  18.377  28.978 0.1000000015
118541  45.568  18.007  29.806 0.1000000015
87020  39.705  20.766  27.393 0.2000000030
119540  39.909  19.917  27.287 0.2000000030
85039  43.980  17.628  28.835 0.1000000015
86317  40.223  19.144  26.974 0.2000000030
85683  40.820  18.776  27.215 0.2000000030
85687  41.432  18.328  26.981 0.2000000030
125441  41.924  18.110  27.376 0.2000000030
85681  42.158  18.219  27.979 0.1000000015
85042  43.155  17.738  28.241 0.1000000015
88273  38.314  22.469  26.748 0.2000000030
87658  38.880  21.734  27.057 0.2000000030
87021  39.089  20.956  27.172 0.2000000030
87024  39.255  20.275  26.962 0.2000000030
85688  40.841  18.677  26.578 0.2000000030
85046  42.768  17.711  27.401 0.2000000030
86318  39.622  19.605  26.622 0.2000000030
85689  40.151  19.082  26.145 0.2000000030
116213  41.011  18.669  25.905 0.2000000030
85047  42.326  17.866  26.756 0.2000000030
88290  35.301  22.886  24.538 0.2000000030
88895  35.214  23.707  21.543 0.3000000119
88911  35.566  24.024  20.789 0.3000000119
89559  35.979  24.906  19.452 0.3000000119
91683  37.883  27.922  7.996 0.2000000030
91677  37.726  27.431  8.819 0.1000000015
90959  39.460  26.325  6.953 0.1000000015
90960  39.047  26.448  7.570 0.2000000030
88269  41.226  22.645  27.613 0.1000000015
88266  41.821  22.162  27.891 0.1000000015
88268  42.191  22.936  27.813 0.1000000015
87655  41.047  21.583  27.782 0.1000000015
87015  42.843  20.286  28.728 0.2000000030
87653  41.933  21.374  28.137 0.1000000015
87652  42.789  21.204  28.444 0.2000000030
86311  42.978  19.386  28.925 0.1000000015
88270  40.559  22.149  27.516 0.2000000030
87018  41.213  20.535  28.079 0.2000000030
87016  42.038  20.432  28.440 0.2000000030
86312  42.224  19.546  28.611 0.1000000015
87656  40.189  21.473  27.515 0.2000000030
87019  40.424  20.618  27.675 0.2000000030
86313  41.483  19.596  28.253 0.2000000030
88271  39.837  22.238  27.314 0.2000000030
87657  39.541  21.439  27.328 0.2000000030
86316  40.681  19.533  27.681 0.2000000030
85682  41.375  18.713  27.761 0.2000000030
85678  41.856  18.917  28.332 0.2000000030
88853  37.009  23.055  26.278 0.2000000030
88881  35.119  23.405  22.326 0.3000000119
88279  35.716  22.530  25.160 0.2000000030
88856  36.242  23.004  25.785 0.2000000030
89544  35.160  24.766  20.291 0.3000000119
88291  34.937  23.308  23.942 0.3000000119
88882  34.664  23.807  22.694 0.3000000119
90174  35.996  25.472  18.802 0.3000000119
89525  34.810  24.322  21.159 0.3000000119
89545  34.448  25.059  20.919 0.2000000030
89526  34.418  24.714  21.647 0.2000000030
90193  35.334  25.978  18.790 0.2000000030
90162  34.557  25.443  20.307 0.2000000030
90837  35.046  26.554  18.426 0.2000000030
110055  36.870  27.911  16.423 0.2000000030
127882  36.002  27.162  17.237 0.2000000030
91593  35.351  27.521  17.439 0.2000000030
92340  37.032  28.787  15.864 0.2000000030
131159  35.695  28.298  16.727 0.2000000030
92949  36.047  29.173  16.000 0.2000000030
90968  39.052  27.163  6.730 0.1000000015
91696  38.263  27.931  6.982 0.2000000030
108859  40.844  23.526  27.397 0.1000000015
88847  39.960  23.173  27.228 0.1000000015
88850  39.340  23.658  27.028 0.1000000015
88848  39.160  22.795  27.065 0.1000000015
88851  38.629  23.368  26.801 0.1000000015
88852  37.827  23.167  26.547 0.2000000030
88857  35.556  23.340  25.207 0.3000000119
88868  35.122  23.636  24.558 0.3000000119
89514  34.510  24.270  23.039 0.3000000119
90176  34.303  26.042  19.977 0.2000000030
90827  34.630  26.318  19.196 0.2000000030
91586  34.754  27.252  18.075 0.2000000030
92962  36.723  29.623  15.436 0.2000000030
91594  34.589  27.991  17.735 0.2000000030
92961  37.682  29.555  15.315 0.2000000030
92322  35.338  28.811  16.618 0.2000000030
92323  34.668  29.359  16.771 0.2000000030
93559  36.483  30.669  14.568 0.2000000030
92963  35.827  29.893  15.591 0.2000000030
93542  34.975  30.329  15.738 0.2000000030
94084  35.635  31.159  14.446 0.2000000030
94079  34.776  31.132  15.122 0.2000000030
93543  34.286  30.881  15.992 0.2000000030
120324  34.931  31.645  14.395 0.2000000030
94085  34.306  31.980  14.802 0.2000000030
91695  38.463  27.924  5.939 0.2000000030
92403  37.499  28.545  7.154 0.2000000030
89488  39.385  24.459  26.928 0.1000000015
130876  38.859  24.040  26.797 0.1000000015
89489  38.714  24.663  26.582 0.1000000015
90111  37.884  24.768  26.208 0.1000000015
90114  38.106  25.703  25.910 0.1000000015
110505  38.229  23.990  26.548 0.2000000030
89490  37.417  23.860  26.312 0.2000000030
89491  36.713  23.670  26.061 0.2000000030
90144  34.322  25.179  22.183 0.2000000030
92960  38.715  29.561  15.300 0.3000000119
117555  37.950  28.899  15.635 0.3000000119
90163  34.238  25.802  20.732 0.2000000030
92959  39.700  29.950  15.176 0.3000000119
90838  34.324  27.050  18.863 0.2000000030
93556  39.663  30.698  14.446 0.3000000119
93547  39.306  30.400  14.874 0.3000000119
93548  38.367  30.211  14.873 0.3000000119
93568  39.756  30.720  13.896 0.3000000119
93569  39.017  30.782  13.944 0.3000000119
93557  38.851  30.613  14.422 0.3000000119
120239  38.053  30.550  14.440 0.3000000119
92316  34.488  28.796  17.339 0.2000000030
113069  38.918  30.584  13.246 0.3000000119
93570  38.145  30.812  13.880 0.3000000119
93558  37.350  30.787  14.196 0.2000000030
92951  34.393  30.114  16.551 0.2000000030
93586  38.327  30.812  12.577 0.4000000060
94087  37.738  31.134  13.030 0.3000000119
94083  36.535  31.249  13.858 0.2000000030
94099  37.211  31.627  12.375 0.3000000119
113015  36.964  31.460  13.136 0.3000000119
94090  35.536  31.804  13.696 0.2000000030
94600  34.626  32.282  13.997 0.2000000030
94601  33.979  32.762  14.463 0.2000000030
94609  35.467  32.900  12.538 0.3000000119
126863  34.868  33.215  12.860 0.2000000030
94605  34.299  33.158  13.562 0.2000000030
92409  37.661  28.491  6.194 0.2000000030
92410  36.914  29.029  6.354 0.2000000030
92404  36.775  29.084  7.290 0.2000000030
93036  36.234  29.634  6.538 0.2000000030
94695  35.970  32.395  5.977 0.2000000030
94694  36.489  32.789  5.404 0.2000000030
95211  35.894  33.404  5.943 0.2000000030
95219  37.510  33.313  4.122 0.2000000030
95220  37.105  34.013  4.596 0.2000000030
95760  38.019  34.362  3.005 0.2000000030
118064  37.861  35.006  3.084 0.2000000030
124485  37.442  35.097  3.706 0.2000000030
96244  40.823  35.683  2.985 0.3000000119
96255  39.248  35.550  1.960 0.3000000119
96765  41.059  36.331  3.441 0.3000000119
89494  36.907  24.435  25.945 0.2000000030
89495  36.111  23.933  25.673 0.3000000119
90121  35.874  25.531  24.735 0.2000000030
89504  35.060  24.346  24.435 0.3000000119
90116  36.218  24.907  25.371 0.3000000119
90117  35.531  24.823  24.803 0.3000000119
90122  35.162  25.115  24.269 0.2000000030
90133  34.465  24.904  22.942 0.2000000030
90153  34.286  25.485  21.441 0.2000000030
90801  34.336  25.990  21.996 0.2000000030
90819  34.129  26.564  20.490 0.2000000030
90828  34.116  26.846  19.705 0.2000000030
90812  34.200  26.278  21.237 0.2000000030
91587  34.136  27.817  18.530 0.2000000030
92365  40.313  29.560  12.887 0.4000000060
92989  40.036  30.304  13.432 0.3000000119
92940  33.830  29.216  18.633 0.2000000030
92945  34.110  29.637  17.326 0.2000000030
92374  40.685  28.723  12.378 0.4000000060
93009  39.976  29.040  11.926 0.4000000060
121776  39.388  30.339  13.111 0.4000000060
124412  33.915  29.224  17.914 0.2000000030
93539  33.880  30.498  17.427 0.2000000030
123351  34.008  30.811  16.697 0.2000000030
93010  39.449  29.637  11.269 0.4000000060
93585  38.891  30.251  12.174 0.4000000060
94098  37.823  31.281  12.021 0.4000000060
94080  34.040  31.664  15.615 0.2000000030
93598  38.412  30.841  11.596 0.4000000060
94114  37.406  31.973  11.491 0.3000000119
94100  36.563  31.949  12.612 0.3000000119
95141  33.780  33.480  14.238 0.2000000030
95646  33.665  34.197  14.624 0.2000000030
94113  38.072  31.483  11.129 0.4000000060
94128  37.812  32.096  10.776 0.3000000119
94616  36.847  32.644  11.441 0.3000000119
95151  34.550  33.969  12.869 0.3000000119
95147  33.901  34.078  13.682 0.2000000030
94627  37.948  32.657  10.314 0.4000000060
95155  36.358  33.405  11.411 0.3000000119
95659  36.342  34.339  11.284 0.3000000119
95653  35.195  34.352  12.271 0.3000000119
95654  34.776  34.740  12.664 0.3000000119
95649  34.291  34.799  13.230 0.3000000119
96173  36.494  35.172  11.437 0.3000000119
96169  35.994  35.559  11.980 0.3000000119
92408  37.657  28.421  5.169 0.2000000030
92415  36.857  28.862  5.366 0.2000000030
92416  36.426  29.373  5.550 0.2000000030
93042  36.131  29.823  5.722 0.2000000030
93043  35.812  30.160  6.259 0.2000000030
93037  35.576  30.106  7.100 0.2000000030
92420  36.703  28.592  4.316 0.2000000030
92421  36.325  29.041  4.801 0.2000000030
93639  36.009  30.195  5.606 0.2000000030
118898  36.104  30.920  5.552 0.2000000030
93640  35.768  30.722  6.091 0.2000000030
93048  36.235  28.945  4.146 0.2000000030
94182  36.525  31.132  4.967 0.2000000030
94176  35.873  31.506  6.024 0.2000000030
94703  36.939  32.197  4.815 0.2000000030
117473  37.014  33.144  4.810 0.2000000030
94709  38.272  33.151  2.774 0.2000000030
112805  37.857  32.810  3.483 0.2000000030
95228  37.933  33.659  3.289 0.2000000030
95770  41.271  34.122  0.950 0.4000000060
95771  40.296  34.139  1.019 0.3000000119
95758  39.620  34.731  1.653 0.2000000030
95759  38.974  34.321  1.781 0.2000000030
95236  38.398  33.977  2.536 0.2000000030
96253  41.205  35.124  2.438 0.2000000030
96254  40.083  35.296  2.365 0.2000000030
90792  35.089  26.286  23.358 0.2000000030
90132  34.803  25.430  23.560 0.2000000030
90793  34.533  25.717  22.776 0.2000000030
91555  34.460  26.844  21.803 0.2000000030
91565  34.199  27.113  21.017 0.2000000030
91575  34.026  27.424  20.220 0.2000000030
91582  33.950  27.667  19.389 0.2000000030
92380  40.457  28.550  11.576 0.4000000060
93015  40.110  28.859  11.007 0.5000000000
94075  33.846  31.294  17.229 0.2000000030
94596  33.822  32.520  15.301 0.2000000030
95138  33.649  33.319  14.959 0.2000000030
92391  41.861  27.901  9.140 0.5000000000
93606  39.421  30.359  10.387 0.5000000000
94127  38.463  31.865  10.327 0.5000000000
112541  33.856  34.948  14.017 0.2000000030
94126  39.206  31.290  10.045 0.5000000000
94141  39.110  32.029  9.779 0.5000000000
110620  37.599  33.909  10.321 0.3000000119
95164  36.957  33.899  10.740 0.3000000119
96659  35.504  36.041  12.549 0.3000000119
94644  39.505  32.648  9.543 0.4000000060
94645  38.672  32.683  9.849 0.4000000060
95664  38.108  34.456  10.122 0.4000000060
95666  37.002  34.766  10.898 0.3000000119
96678  36.755  35.966  11.737 0.3000000119
125811  38.438  35.212  10.337 0.4000000060
96182  37.725  35.079  10.605 0.3000000119
96172  38.310  35.865  10.946 0.3000000119
93049  36.170  29.595  4.933 0.2000000030
93649  36.309  29.502  4.112 0.2000000030
93644  36.480  30.288  4.580 0.2000000030
94181  37.121  31.307  4.229 0.2000000030
94702  37.443  32.390  4.129 0.2000000030
95250  39.552  33.207  0.966 0.3000000119
95235  38.723  33.444  2.020 0.2000000030
118762  42.270  34.182  0.798 0.4000000060
95249  40.198  33.497  0.645 0.3000000119
92298  34.002  28.365  19.926 0.2000000030
92379  41.006  28.021  11.713 0.5000000000
109778  33.962  29.943  19.078 0.2000000030
94074  33.913  31.226  18.138 0.2000000030
92392  41.359  28.022  9.971 0.5000000000
120805  33.809  31.916  16.986 0.2000000030
91676  41.819  27.466  9.862 0.6000000238
92393  40.700  28.667  10.281 0.5000000000
93605  40.063  29.492  10.356 0.5000000000
95128  33.966  33.294  16.777 0.2000000030
124321  33.891  34.665  15.429 0.2000000030
113793  33.844  35.040  14.770 0.2000000030
92397  41.863  28.701  8.561 0.6000000238
93614  39.817  30.876  9.767 0.5000000000
94140  39.924  31.722  9.542 0.5000000000
95178  39.957  33.434  9.400 0.4000000060
95179  39.052  33.438  9.605 0.4000000060
122044  42.182  30.003  7.764 0.5000000000
94643  40.478  32.567  9.356 0.5000000000
95177  41.009  33.387  9.357 0.4000000060
95679  40.420  34.286  9.455 0.4000000060
95663  38.943  34.844  9.870 0.4000000060
96181  39.284  35.668  10.382 0.4000000060
96193  39.869  35.060  9.722 0.4000000060
96695  39.171  36.374  10.935 0.4000000060
129731  38.571  37.512  11.874 0.3000000119
96675  39.665  36.955  11.249 0.4000000060
97167  39.327  37.492  11.729 0.4000000060
97157  38.994  38.004  12.219 0.3000000119
110228  36.998  29.815  3.480 0.2000000030
93648  36.869  30.339  3.988 0.2000000030
93659  37.787  30.354  2.798 0.2000000030
112463  38.802  31.911  1.719 0.2000000030
94710  37.737  31.905  3.508 0.2000000030
94203  38.188  31.567  2.698 0.2000000030
95259  40.192  32.593  0.265 0.3000000119
92385  41.055  27.935  10.771 0.5000000000
112765  40.689  29.424  9.647 0.5000000000
128213  41.128  29.484  9.215 0.5000000000
93613  40.210  30.174  9.749 0.5000000000
96152  34.179  35.514  15.347 0.2000000030
123714  34.694  35.984  15.948 0.1000000015
93612  41.013  30.136  9.173 0.5000000000
93620  41.601  30.456  8.708 0.5000000000
94138  41.435  31.034  9.014 0.5000000000
116702  41.549  32.517  9.256 0.5000000000
93626  42.260  30.789  7.832 0.5000000000
95176  42.147  33.308  9.322 0.4000000060
95678  41.486  34.275  9.459 0.4000000060
96192  40.897  35.119  9.674 0.4000000060
96180  40.400  35.767  10.214 0.4000000060
96693  41.061  36.439  10.786 0.4000000060
96674  40.674  36.964  11.278 0.4000000060
97166  40.296  37.495  11.721 0.3000000119
96692  42.224  36.457  10.956 0.4000000060
96673  41.804  36.990  11.477 0.4000000060
97155  40.974  37.984  12.336 0.4000000060
93023  41.535  29.588  8.744 0.5000000000
93619  41.937  30.258  8.272 0.5000000000
94657  41.904  31.851  9.029 0.5000000000
94151  42.046  31.203  8.553 0.5000000000
94642  42.244  32.536  9.111 0.5000000000
95175  42.735  33.026  9.050 0.3000000119
96691  43.537  36.408  11.240 0.4000000060
96672  43.189  37.071  11.927 0.4000000060
97165  41.378  37.482  11.893 0.4000000060
95702  46.875  34.140  7.975 0.4000000060
94150  42.380  31.565  8.169 0.5000000000
117061  42.488  32.233  8.670 0.5000000000
94670  42.543  32.126  7.881 0.4000000060
95185  43.010  33.057  8.637 0.3000000119
94682  42.422  32.926  7.356 0.4000000060
89543  36.206  24.312  20.064 0.3000000119
90855  35.574  26.838  17.755 0.2000000030
125202  41.253  23.518  9.988 0.2000000030
89647  40.029  24.297  7.536 0.1000000015
93054  36.421  28.902  3.482 0.2000000030
94730  39.416  32.295  0.933 0.3000000119
95248  41.004  33.568  0.398 0.3000000119
95757  40.649  34.596  1.720 0.2000000030
83542  44.661  15.507  26.199 0.1000000015
86273  44.474  19.376  32.334 0.1000000015
83484  43.608  15.417  29.872 0.1000000015
86258  46.077  19.271  32.567 0.1000000015
86287  48.742  19.622  30.985 0.1000000015
88318  36.586  22.731  22.010 0.2000000030
88297  35.405  22.659  23.774 0.2000000030
90951  38.532  26.426  8.357 0.1000000015
86302  47.618  20.201  30.174 0.1000000015
87651  43.612  20.976  28.708 0.2000000030
88896  34.636  23.984  21.927 0.3000000119
92321  36.170  28.448  16.398 0.2000000030
93550  36.406  30.182  15.100 0.2000000030
93549  37.313  30.219  14.828 0.2000000030
92950  35.181  29.589  16.194 0.2000000030
93560  35.661  30.541  15.085 0.2000000030
95146  35.069  32.564  13.219 0.2000000030
92312  34.022  28.570  18.186 0.2000000030
130308  38.406  30.789  13.393 0.4000000060
94088  37.360  31.099  13.635 0.2000000030
94089  36.291  31.726  13.239 0.2000000030
94607  36.841  32.145  11.986 0.3000000119
94604  35.853  32.251  12.894 0.2000000030
95150  35.234  33.606  12.366 0.3000000119
94175  36.362  31.824  5.484 0.2000000030
116675  35.483  31.210  6.437 0.2000000030
95210  36.530  33.736  5.256 0.2000000030
95727  36.567  34.631  5.008 0.2000000030
95747  37.609  34.336  3.778 0.2000000030
119720  38.421  34.836  2.432 0.2000000030
93001  39.567  29.778  12.479 0.4000000060
112407  33.895  31.463  16.451 0.2000000030
118239  38.909  30.355  11.168 0.4000000060
93607  38.706  30.995  10.736 0.5000000000
94628  37.384  32.632  10.867 0.3000000119
94608  36.221  32.627  12.100 0.3000000119
95154  36.989  33.188  10.958 0.3000000119
95162  38.175  33.503  9.983 0.3000000119
95660  35.791  34.734  11.796 0.3000000119
96658  36.245  36.252  12.179 0.3000000119
123322  38.532  32.572  2.288 0.2000000030
95772  39.613  33.974  1.207 0.2000000030
94592  33.767  32.358  16.306 0.2000000030
95137  33.714  33.242  15.830 0.2000000030
95665  37.455  34.417  10.504 0.3000000119
95681  38.710  34.111  9.740 0.4000000060
114345  37.302  35.549  11.188 0.3000000119
96677  37.630  36.382  11.559 0.3000000119
96676  38.636  36.851  11.414 0.4000000060
94731  38.993  32.873  1.533 0.2000000030
130938  33.821  30.590  18.106 0.2000000030
96622  34.457  36.337  15.238 0.1000000015
94139  40.557  30.934  9.401 0.5000000000
114777  40.994  31.746  9.234 0.5000000000
95680  39.465  34.223  9.549 0.4000000060
96694  40.016  36.393  10.785 0.4000000060
94192  37.501  30.893  3.466 0.2000000030
93018  41.277  28.799  9.353 0.5000000000
85089  44.701  18.028  24.000 0.1000000015
86358  42.888  20.198  21.745 0.2000000030
87075  42.673  20.959  20.971 0.2000000030
87707  44.716  21.582  21.888 0.2000000030
86352  45.266  18.926  23.733 0.1000000015
86342  45.245  18.774  24.229 0.1000000015
85715  44.602  18.637  23.378 0.1000000015
86357  44.878  19.272  22.986 0.1000000015
87067  44.034  20.894  21.744 0.2000000030
126216  45.879  23.849  21.914 0.2000000030
87706  45.112  21.781  22.592 0.2000000030
89518  45.048  23.928  22.407 0.3000000119
88877  45.047  23.138  22.544 0.2000000030
124273  45.531  19.337  23.975 0.1000000015
128524  43.726  19.511  22.392 0.2000000030
86351  45.410  19.585  23.591 0.1000000015
86356  45.272  19.943  23.020 0.2000000030
87064  44.499  20.087  22.422 0.2000000030
87696  45.256  21.156  23.139 0.2000000030
87066  45.165  20.780  22.673 0.2000000030
88298  45.100  22.189  22.888 0.1000000015
87045  45.229  19.550  24.233 0.1000000015
86341  45.476  19.924  23.888 0.2000000030
87685  45.165  20.670  23.553 0.1000000015
87063  45.314  20.280  23.400 0.2000000030
88299  44.620  22.795  22.858 0.1000000015
113296  45.388  23.558  28.447 0.1000000015
88841  45.869  24.985  28.459 0.1000000015
88842  44.530  24.120  28.189 0.1000000015
88264  43.995  22.905  28.260 0.1000000015
89481  45.680  26.612  28.534 0.1000000015
88843  43.246  23.403  28.014 0.1000000015
89479  45.199  25.475  28.247 0.1000000015
90787  35.476  25.936  24.072 0.1000000015
90115  37.231  25.333  25.687 0.1000000015
90785  37.201  26.644  24.746 0.1000000015
90786  36.313  26.329  24.465 0.1000000015
91549  36.407  27.480  23.432 0.1000000015
92282  35.535  28.183  22.057 0.1000000015
91564  34.701  27.691  21.580 0.1000000015
92909  35.418  29.283  21.104 0.1000000015
92921  34.331  29.156  20.064 0.1000000015
93537  33.994  30.654  18.703 0.1000000015
92920  34.939  29.596  20.488 0.1000000015
130844  34.986  31.407  19.556 0.1000000015
94053  34.411  31.378  19.021 0.1000000015
94064  35.017  32.001  19.285 0.1000000015
94065  34.392  32.031  18.559 0.1000000015
95116  34.413  33.302  17.628 0.1000000015
96646  34.858  36.264  13.152 0.2000000030
97160  36.033  36.847  12.529 0.2000000030
96657  36.913  36.848  12.123 0.2000000030
97168  37.849  37.216  11.912 0.2000000030
96167  34.314  35.654  13.561 0.2000000030
96645  35.402  36.758  12.915 0.2000000030
97146  35.767  37.472  13.114 0.2000000030
95677  42.520  34.285  9.480 0.2000000030
97622  38.585  38.538  12.691 0.2000000030
97158  37.305  37.684  12.419 0.2000000030
95174  43.461  33.686  9.060 0.3000000119
121713  43.408  34.336  9.442 0.2000000030
95676  44.102  34.385  9.293 0.3000000119
96191  41.968  35.107  9.752 0.2000000030
96189  44.348  35.047  9.889 0.3000000119
96178  42.629  35.788  10.369 0.2000000030
97623  37.501  38.493  12.951 0.2000000030
110129  38.324  39.044  13.179 0.3000000119
95704  44.646  34.302  8.289 0.3000000119
95695  44.345  34.279  8.903 0.3000000119
97156  39.923  38.009  12.204 0.2000000030
97611  40.189  39.092  13.183 0.3000000119
95675  45.016  34.685  9.414 0.3000000119
97620  40.572  38.510  12.771 0.3000000119
95694  45.413  34.451  8.868 0.3000000119
96176  45.375  35.708  10.866 0.3000000119
96671  44.654  36.946  12.319 0.3000000119
97610  41.326  39.050  13.421 0.3000000119
128785  43.433  37.494  12.577 0.3000000119
97619  41.740  38.492  13.034 0.3000000119
97609  42.638  39.127  13.708 0.3000000119
98616  41.799  40.242  14.410 0.3000000119
98615  43.004  40.573  14.638 0.3000000119
98094  39.837  39.658  13.686 0.3000000119
98079  40.688  40.349  14.398 0.3000000119
98605  42.161  41.133  15.020 0.3000000119
98604  43.418  41.545  14.995 0.3000000119
128388  39.549  40.107  14.163 0.3000000119
110732  40.923  41.159  15.028 0.3000000119
99141  42.877  42.211  15.400 0.3000000119
95693  46.574  34.370  8.787 0.3000000119
88887  45.499  23.754  22.167 0.2000000030
88886  45.881  24.385  22.005 0.4000000060
88294  45.040  21.470  23.309 0.1000000015
109653  44.628  22.450  28.494 0.1000000015
90780  37.611  26.192  25.378 0.1000000015
90781  36.718  25.858  25.118 0.1000000015
92307  33.839  28.456  19.017 0.1000000015
90800  34.765  26.589  22.598 0.1000000015
92288  34.328  27.982  20.787 0.1000000015
96162  34.103  35.839  14.478 0.1000000015
92933  34.004  29.148  19.407 0.1000000015
93518  34.466  29.850  19.833 0.1000000015
120374  33.939  31.954  17.723 0.1000000015
94582  33.944  32.584  17.265 0.1000000015
128112  38.110  37.936  12.291 0.2000000030
97621  39.547  38.537  12.660 0.2000000030
96179  41.484  35.812  10.240 0.2000000030
127076  42.901  33.652  9.261 0.2000000030
97164  42.565  37.477  12.253 0.3000000119
97154  42.188  37.956  12.666 0.3000000119
97159  36.553  37.524  12.661 0.2000000030
90791  35.906  26.736  23.789 0.1000000015
91553  36.005  27.830  22.736 0.1000000015
91554  35.098  27.410  22.350 0.1000000015
92287  35.037  28.506  21.349 0.1000000015
92297  34.607  28.815  20.630 0.1000000015
93529  34.582  30.713  19.539 0.1000000015
93517  35.324  30.433  20.315 0.1000000015
126300  35.319  31.125  19.976 0.1000000015
130952  36.932  37.997  12.771 0.2000000030
97612  39.172  39.115  13.117 0.2000000030
96190  43.077  35.072  9.873 0.3000000119
96177  43.928  35.757  10.575 0.3000000119
97613  37.768  39.244  13.716 0.2000000030
96188  45.766  35.184  10.156 0.3000000119
98093  40.955  39.685  13.795 0.3000000119
98092  42.225  39.714  14.081 0.3000000119
95673  47.144  34.721  9.362 0.2000000030
96690  44.978  36.339  11.577 0.2000000030
97163  44.384  37.521  12.902 0.2000000030
97153  43.671  37.960  13.103 0.2000000030
124568  44.343  38.779  13.530 0.2000000030
96689  46.171  36.437  11.587 0.2000000030
95674  46.184  34.732  9.511 0.2000000030
96175  46.532  35.760  10.861 0.2000000030
130084  43.729  39.263  13.777 0.2000000030
97608  44.300  39.701  13.731 0.2000000030
96201  47.554  34.791  9.056 0.2000000030
98091  43.629  39.984  14.211 0.2000000030
125289  47.280  35.194  9.837 0.2000000030
96669  46.379  37.149  12.119 0.2000000030
96655  46.175  37.622  12.914 0.2000000030
97152  45.245  38.131  13.460 0.2000000030
98623  44.237  40.800  13.890 0.2000000030
98603  43.717  41.704  14.595 0.2000000030
97183  45.520  37.267  9.202 0.2000000030
115669  44.712  37.526  9.513 0.2000000030
99142  41.731  41.985  15.561 0.2000000030
97150  46.280  37.863  12.877 0.2000000030
97616  46.127  38.240  13.186 0.2000000030
96186  47.107  35.725  10.493 0.2000000030
97151  46.104  38.009  13.328 0.2000000030
110567  45.903  38.326  13.322 0.2000000030
98107  44.396  40.110  13.587 0.2000000030
99159  43.578  41.509  13.419 0.2000000030
99150  43.517  42.142  14.101 0.2000000030
96702  47.304  35.554  9.838 0.2000000030
96713  47.055  36.212  9.518 0.2000000030
97176  45.811  37.332  10.528 0.2000000030
97177  44.626  37.710  10.289 0.2000000030
97632  43.608  38.743  10.865 0.2000000030
98133  42.818  39.411  11.057 0.2000000030
97636  43.765  38.039  10.206 0.2000000030
97178  43.558  37.760  9.249 0.2000000030
97643  44.351  37.729  8.446 0.2000000030
97637  42.809  38.271  9.719 0.2000000030
97633  42.218  38.801  10.237 0.2000000030
121449  39.391  36.119  2.304 0.2000000030
96688  46.765  36.379  11.182 0.2000000030
97171  46.224  37.517  11.936 0.2000000030
97617  45.042  38.890  13.251 0.2000000030
98624  44.024  40.906  13.264 0.2000000030
96703  47.036  36.210  10.518 0.2000000030
97175  46.611  36.837  11.182 0.2000000030
97182  46.489  36.738  10.027 0.2000000030
97631  44.792  38.256  11.196 0.2000000030
98119  42.280  40.001  11.339 0.2000000030
98120  41.128  40.027  11.036 0.2000000030
98134  41.640  39.430  10.601 0.2000000030
98135  40.596  39.472  10.349 0.2000000030
110119  43.160  38.052  8.201 0.2000000030
97644  42.412  38.101  8.729 0.2000000030
97638  41.769  38.427  9.322 0.2000000030
96782  39.613  36.810  2.966 0.2000000030
96797  39.055  36.859  2.175 0.2000000030
97628  44.031  39.482  11.949 0.2000000030
98108  44.144  40.166  12.745 0.2000000030
97626  45.944  38.267  12.460 0.2000000030
97627  44.965  38.868  12.176 0.2000000030
97172  45.579  37.801  11.335 0.2000000030
98635  43.150  40.506  12.195 0.2000000030
130285  43.313  39.953  11.806 0.2000000030
98636  41.912  40.601  11.742 0.2000000030
98638  39.594  40.591  11.570 0.2000000030
98637  40.677  40.589  11.576 0.2000000030
97639  40.850  38.573  9.035 0.2000000030
97634  41.154  38.903  9.841 0.2000000030
96766  40.423  36.958  3.579 0.2000000030
97698  39.989  38.479  3.976 0.2000000030
97699  39.369  38.261  3.142 0.2000000030
97646  40.630  38.585  8.289 0.2000000030
97645  41.468  38.373  8.426 0.2000000030
98190  41.332  39.581  4.278 0.2000000030
116478  42.159  38.424  7.780 0.2000000030
97654  41.153  38.617  7.699 0.2000000030
98199  40.279  39.415  4.152 0.2000000030
98694  39.095  39.846  2.923 0.2000000030
98204  39.099  38.894  2.528 0.2000000030
98216  38.995  38.689  1.479 0.2000000030
97640  40.194  38.759  8.805 0.2000000030
98147  39.517  39.036  8.920 0.2000000030
120761  43.589  40.997  6.471 0.2000000030
98670  41.953  40.326  6.510 0.2000000030
98671  41.006  40.377  6.493 0.2000000030
98181  40.447  39.777  6.786 0.2000000030
97655  40.340  38.846  7.698 0.2000000030
97647  39.895  38.858  8.268 0.2000000030
98157  39.068  39.225  8.233 0.2000000030
118494  44.275  41.188  6.323 0.2000000030
98179  42.276  39.567  6.774 0.2000000030
98166  41.671  38.983  7.173 0.2000000030
98167  40.802  39.116  7.178 0.2000000030
97656  39.686  39.099  7.758 0.2000000030
110743  41.776  41.021  3.933 0.2000000030
98682  40.757  40.401  4.110 0.2000000030
98200  39.488  39.176  3.506 0.2000000030
117399  40.881  41.267  3.900 0.2000000030
113950  39.293  40.830  3.172 0.2000000030
99648  40.041  42.553  3.414 0.2000000030
99211  39.615  41.741  3.316 0.2000000030
99640  44.725  42.534  5.300 0.2000000030
99187  44.510  41.914  6.060 0.2000000030
99188  43.718  41.889  6.469 0.2000000030
99189  42.659  41.215  6.468 0.2000000030
99190  41.561  41.060  6.403 0.2000000030
130064  40.785  41.037  6.390 0.2000000030
98182  39.586  39.911  6.865 0.2000000030
99209  41.721  41.974  3.762 0.2000000030
100064  40.511  43.202  3.430 0.2000000030
111194  44.679  43.214  4.805 0.2000000030
100043  44.411  43.294  5.633 0.2000000030
99631  43.505  42.842  6.436 0.2000000030
99632  42.733  42.215  6.497 0.2000000030
115405  41.018  43.318  6.361 0.2000000030
99191  40.242  41.485  6.342 0.2000000030
99192  39.527  41.203  6.385 0.2000000030
99193  38.746  41.315  6.397 0.2000000030
98660  37.946  40.038  7.198 0.2000000030
99199  44.863  41.809  5.362 0.2000000030
128211  42.707  43.022  6.484 0.2000000030
99633  41.733  42.557  6.423 0.2000000030
117973  41.120  41.703  6.379 0.2000000030
124252  39.463  42.064  6.242 0.2000000030
110244  39.148  40.574  6.610 0.2000000030
98169  39.230  39.497  7.429 0.2000000030
98170  38.386  39.590  7.696 0.2000000030
117566  42.881  42.341  3.449 0.2000000030
114481  42.338  43.035  3.504 0.2000000030
117115  43.999  43.353  6.221 0.2000000030
100045  42.570  44.574  6.396 0.2000000030
115304  39.935  43.105  6.256 0.1000000015
117177  38.927  42.951  6.230 0.2000000030
99635  38.374  42.146  6.246 0.1000000015
124902  37.700  41.331  6.499 0.2000000030
98171  37.652  39.697  7.752 0.2000000030
100062  43.359  43.711  3.236 0.2000000030
100044  44.141  44.033  5.810 0.2000000030
100460  41.881  45.255  6.430 0.2000000030
100461  40.807  45.133  6.509 0.1000000015
100053  44.525  43.877  4.931 0.2000000030
109846  43.585  44.859  6.044 0.2000000030
100852  40.062  45.551  6.708 0.2000000030
100468  44.477  44.254  4.215 0.2000000030
100061  43.929  44.074  3.162 0.2000000030
100845  38.683  45.796  7.694 0.2000000030
110211  39.329  46.141  7.558 0.2000000030
101281  41.380  46.630  6.670 0.2000000030
100844  39.940  46.163  7.175 0.2000000030
101273  39.820  46.749  7.817 0.2000000030
100839  38.345  46.077  8.389 0.2000000030
101274  39.086  46.484  8.154 0.2000000030
101260  38.877  46.797  8.998 0.2000000030
97683  40.947  38.719  4.302 0.2000000030
96781  40.189  36.143  3.054 0.2000000030
97145  36.434  38.148  13.244 0.1000000015
96670  45.861  37.017  12.441 0.2000000030
98614  43.899  40.892  14.544 0.2000000030
98080  39.854  40.665  14.787 0.2000000030
115202  36.811  38.866  13.844 0.2000000030
98613  44.092  40.998  14.204 0.2000000030
98625  42.883  41.145  12.565 0.2000000030
97252  39.261  37.472  2.614 0.2000000030
120819  39.693  40.134  3.690 0.2000000030
98672  40.087  40.601  6.506 0.2000000030
99210  40.448  41.887  3.694 0.2000000030
98689  39.974  41.060  3.743 0.2000000030
98673  38.743  39.972  7.016 0.2000000030
125029  41.397  43.583  3.496 0.2000000030
116042  43.303  43.795  6.384 0.2000000030
115406  42.138  43.609  6.414 0.2000000030
100046  40.387  44.089  6.361 0.1000000015
122372  41.467  44.323  6.389 0.1000000015
100047  39.319  43.976  6.347 0.1000000015
108707  41.357  45.873  6.524 0.2000000030
100462  39.821  44.812  6.491 0.2000000030
128257  39.230  44.686  6.577 0.1000000015
101671  40.321  47.547  8.147 0.2000000030
100840  37.606  45.730  8.658 0.1000000015
98276  38.480  39.184  -5.417 0.1000000015
98275  39.535  39.601  -5.647 0.1000000015
94119  23.524  31.470  10.934 0.1000000015
94634  23.626  32.404  10.596 0.1000000015
93603  23.497  30.670  11.254 0.1000000015
94132  23.281  31.574  10.137 0.1000000015
93611  23.304  30.821  10.457 0.1000000015
98253  34.900  39.906  -2.023 0.1000000015
120629  34.275  39.202  -1.752 0.1000000015
93021  23.394  29.457  9.905 0.1000000015
98748  35.563  40.456  -2.294 0.1000000015
98757  35.734  40.187  -3.122 0.1000000015
128173  35.240  39.788  -2.683 0.1000000015
99262  36.882  41.301  -2.410 0.1000000015
98747  36.214  40.924  -2.758 0.1000000015
121811  35.396  39.164  -3.316 0.1000000015
98254  34.797  39.150  -2.552 0.1000000015
99218  39.210  41.566  2.663 0.1000000015
98756  36.427  40.669  -3.562 0.1000000015
98260  36.080  39.749  -3.874 0.1000000015
99662  39.201  42.375  2.110 0.1000000015
99261  37.794  41.573  -2.570 0.1000000015
99276  36.958  41.283  -3.170 0.1000000015
98755  37.219  41.109  -3.988 0.1000000015
98269  36.680  39.258  -4.517 0.1000000015
112978  39.353  42.602  1.108 0.1000000015
99679  39.948  41.707  -0.533 0.1000000015
99248  38.619  41.505  -1.672 0.1000000015
99260  38.917  41.757  -2.552 0.1000000015
99289  38.152  41.381  -4.308 0.1000000015
98767  37.693  40.813  -4.730 0.1000000015
98778  38.459  40.302  -5.282 0.1000000015
97788  38.429  38.200  -5.482 0.1000000015
109618  39.617  42.638  0.047 0.1000000015
99236  39.870  41.246  -0.717 0.1000000015
99688  40.374  41.841  -1.370 0.1000000015
99247  39.871  41.643  -1.642 0.1000000015
99275  37.816  41.497  -3.460 0.1000000015
99288  39.260  41.611  -4.602 0.1000000015
122475  40.812  42.223  -1.969 0.1000000015
99259  39.945  41.889  -2.882 0.1000000015
99274  38.903  41.745  -3.564 0.1000000015
98766  38.669  41.165  -5.093 0.1000000015
100098  40.687  43.127  -2.493 0.1000000015
99246  40.736  42.021  -2.238 0.1000000015
99273  39.987  41.965  -3.948 0.1000000015
99287  40.056  41.901  -4.774 0.1000000015
99299  39.826  41.403  -5.437 0.1000000015
97787  39.795  38.504  -5.674 0.1000000015
97319  39.413  37.561  -5.660 0.1000000015
91651  30.595  27.782  13.933 0.1000000015
91652  29.828  28.029  14.110 0.1000000015
92368  29.486  28.909  13.843 0.1000000015
92353  27.703  28.461  14.453 0.1000000015
92975  27.221  29.141  14.319 0.1000000015
94103  26.389  31.898  12.975 0.1000000015
94613  25.212  32.299  12.352 0.1000000015
96197  25.913  35.454  9.419 0.1000000015
95170  25.092  34.050  10.795 0.1000000015
94622  24.220  32.579  11.355 0.1000000015
97210  28.781  37.470  6.395 0.1000000015
97197  28.120  37.225  7.075 0.1000000015
96207  26.416  35.925  8.995 0.1000000015
95688  24.844  34.749  9.575 0.1000000015
129609  23.803  33.200  10.322 0.1000000015
97247  30.694  37.832  3.488 0.1000000015
97231  30.139  37.993  4.831 0.1000000015
97222  28.709  37.396  5.552 0.1000000015
119022  27.268  36.888  6.648 0.1000000015
96208  25.636  35.716  8.676 0.1000000015
126678  24.224  34.415  9.397 0.1000000015
95172  23.455  32.924  9.749 0.1000000015
97727  32.207  38.477  1.266 0.1000000015
112324  31.439  37.842  2.125 0.1000000015
108663  30.137  37.694  4.020 0.1000000015
96750  28.091  36.982  5.068 0.1000000015
96742  26.554  36.559  6.290 0.1000000015
96216  24.679  35.464  7.561 0.1000000015
117354  23.336  33.302  8.803 0.1000000015
115208  23.165  32.419  9.088 0.1000000015
98239  34.081  39.965  -0.022 0.1000000015
98240  33.473  39.251  -0.342 0.1000000015
97738  32.475  38.477  0.636 0.1000000015
96786  30.960  37.068  2.145 0.1000000015
96757  29.086  36.892  4.038 0.1000000015
129481  27.638  36.518  4.691 0.1000000015
96224  25.297  35.818  6.258 0.1000000015
95709  24.145  34.970  8.078 0.1000000015
95189  23.364  33.810  8.079 0.1000000015
116742  23.125  30.876  9.646 0.1000000015
98246  34.606  39.978  -1.327 0.1000000015
98247  33.645  38.788  -1.135 0.1000000015
97269  32.112  37.667  0.586 0.1000000015
97270  31.683  36.962  1.005 0.1000000015
94145  22.884  31.827  8.474 0.1000000015
98740  35.343  40.532  -1.312 0.1000000015
97755  33.451  37.962  -1.263 0.1000000015
97279  32.591  37.222  -0.298 0.1000000015
97764  34.417  38.356  -2.361 0.1000000015
99654  39.508  42.480  2.925 0.1000000015
99249  37.452  41.366  -1.700 0.1000000015
97763  34.902  38.328  -3.000 0.1000000015
100072  39.542  43.344  2.586 0.1000000015
98702  39.083  40.489  2.164 0.1000000015
130302  39.102  41.335  1.893 0.1000000015
97770  35.939  38.737  -4.106 0.1000000015
100079  39.344  43.485  1.839 0.1000000015
100085  39.448  43.631  0.862 0.1000000015
99224  39.362  41.568  1.119 0.1000000015
118358  39.605  41.835  0.369 0.1000000015
97307  37.460  37.793  -5.219 0.1000000015
97778  37.462  38.738  -5.108 0.1000000015
100091  39.730  43.700  -0.271 0.1000000015
98724  39.431  40.546  -0.171 0.1000000015
100515  40.379  45.338  -1.614 0.1000000015
100090  40.152  43.906  -1.279 0.1000000015
126315  40.565  43.047  -1.790 0.1000000015
100524  40.446  45.256  -2.619 0.1000000015
119261  40.451  44.115  -2.180 0.1000000015
100109  40.665  43.170  -3.266 0.1000000015
99702  40.480  42.673  -4.023 0.1000000015
99272  40.283  42.317  -4.323 0.1000000015
98777  39.464  40.621  -5.602 0.1000000015
98274  40.309  39.830  -5.935 0.1000000015
97320  38.330  37.430  -5.491 0.1000000015
100537  40.538  44.164  -3.038 0.1000000015
115641  40.448  44.139  -3.762 0.1000000015
109768  40.369  43.224  -4.586 0.1000000015
100154  40.233  43.029  -5.277 0.1000000015
99720  40.285  42.200  -5.795 0.1000000015
98775  40.435  40.552  -6.537 0.1000000015
127926  40.454  39.045  -5.861 0.1000000015
96857  39.918  36.171  -5.985 0.1000000015
96858  38.659  35.983  -5.636 0.1000000015
92376  31.731  28.691  12.929 0.1000000015
92377  30.910  28.957  13.168 0.1000000015
127267  30.222  29.152  13.398 0.1000000015
128215  29.263  29.546  13.616 0.1000000015
92352  28.563  28.671  14.258 0.1000000015
93587  31.056  30.126  12.277 0.1000000015
93004  30.527  29.718  12.899 0.1000000015
129713  30.403  30.341  12.455 0.1000000015
92990  29.752  29.625  13.344 0.1000000015
92991  28.659  29.497  13.870 0.1000000015
92974  27.981  29.136  14.229 0.1000000015
92992  27.729  29.851  13.977 0.1000000015
93573  27.172  30.528  13.723 0.1000000015
122313  33.862  29.609  10.610 0.1000000015
93608  33.291  30.300  10.231 0.1000000015
111502  28.385  30.173  13.623 0.1000000015
112506  27.884  30.506  13.594 0.1000000015
93026  34.820  30.049  8.675 0.1000000015
93616  33.479  30.615  9.446 0.1000000015
94102  27.269  31.781  12.962 0.1000000015
94092  26.747  31.224  13.398 0.1000000015
93030  36.088  29.555  7.651 0.1000000015
130042  35.544  29.897  7.727 0.1000000015
93031  35.071  30.274  7.842 0.1000000015
93621  34.363  30.621  8.290 0.1000000015
94611  26.887  32.446  12.540 0.1000000015
94620  26.433  33.075  12.072 0.1000000015
126568  35.111  30.634  7.204 0.1000000015
95168  27.354  34.015  11.056 0.1000000015
95159  25.882  33.694  11.442 0.1000000015
96717  28.376  36.575  8.581 0.1000000015
130771  27.389  35.542  9.740 0.1000000015
95169  25.977  34.374  10.773 0.1000000015
97209  29.620  37.647  6.505 0.1000000015
96734  28.585  37.053  7.961 0.1000000015
112152  27.699  36.749  8.185 0.1000000015
97716  31.776  38.401  2.826 0.1000000015
97705  31.437  38.307  3.694 0.1000000015
98222  32.885  39.143  1.152 0.1000000015
97728  31.973  38.465  2.029 0.1000000015
98729  34.681  40.296  -0.587 0.1000000015
98232  33.536  39.538  0.547 0.1000000015
96771  29.504  36.529  3.446 0.1000000015
96772  28.810  36.221  3.643 0.1000000015
96232  26.080  36.020  5.062 0.1000000015
96234  24.772  35.289  5.853 0.1000000015
95196  23.297  33.726  7.294 0.1000000015
94673  23.096  33.108  7.842 0.1000000015
110427  36.142  40.857  -0.922 0.1000000015
113358  31.265  36.486  1.446 0.1000000015
96788  29.957  36.054  2.747 0.1000000015
96759  26.891  36.210  4.699 0.1000000015
96242  25.644  35.422  4.698 0.1000000015
95719  23.636  34.339  6.783 0.1000000015
98739  36.307  41.057  -1.763 0.1000000015
96787  30.497  36.669  2.572 0.1000000015
98727  36.635  40.679  -0.351 0.1000000015
97771  35.433  38.131  -3.617 0.1000000015
97283  34.174  37.498  -2.261 0.1000000015
97284  33.658  37.314  -1.669 0.1000000015
97278  33.175  37.262  -1.022 0.1000000015
100065  39.899  43.277  3.141 0.1000000015
97291  35.028  37.426  -3.247 0.1000000015
100486  39.604  44.280  2.322 0.1000000015
119388  39.362  40.581  1.069 0.1000000015
98737  39.295  41.039  -0.834 0.1000000015
99237  38.237  41.044  -0.970 0.1000000015
97308  36.656  37.302  -4.773 0.1000000015
97779  36.646  38.264  -4.668 0.1000000015
97299  35.505  37.388  -3.764 0.1000000015
100505  39.712  44.736  0.501 0.1000000015
99229  39.691  40.953  0.142 0.1000000015
98725  38.852  40.412  -0.327 0.1000000015
100516  40.084  44.932  -0.596 0.1000000015
100942  40.274  46.212  -2.101 0.1000000015
100957  40.163  45.903  -2.825 0.1000000015
100975  40.088  45.516  -3.483 0.1000000015
99321  39.909  41.297  -7.195 0.1000000015
98800  40.377  40.540  -7.138 0.1000000015
120265  40.318  39.867  -7.244 0.1000000015
98293  40.673  38.934  -7.223 0.1000000015
97806  40.431  38.029  -7.306 0.1000000015
97321  37.682  36.790  -5.338 0.1000000015
96846  36.665  36.356  -4.814 0.1000000015
100563  40.272  44.002  -4.368 0.1000000015
100142  40.108  43.745  -4.939 0.1000000015
100155  39.916  43.420  -5.520 0.1000000015
99741  39.818  42.460  -6.499 0.1000000015
99320  40.373  41.100  -6.969 0.1000000015
98273  40.530  39.907  -6.361 0.1000000015
98292  40.742  39.708  -6.972 0.1000000015
97327  41.248  37.648  -6.797 0.1000000015
120204  39.564  44.346  -4.537 0.1000000015
100564  39.983  44.417  -4.563 0.1000000015
100574  39.713  43.906  -5.062 0.1000000015
100176  39.606  43.105  -6.131 0.1000000015
96856  40.845  36.566  -6.620 0.1000000015
96332  37.521  35.793  -5.308 0.1000000015
96847  35.949  35.920  -4.281 0.1000000015
96330  39.579  35.141  -6.008 0.1000000015
96331  38.364  35.270  -5.575 0.1000000015
114835  38.713  34.530  -5.630 0.1000000015
129810  38.065  34.260  -5.454 0.1000000015
93599  32.207  30.240  11.328 0.1000000015
93600  31.413  30.490  11.602 0.1000000015
117638  29.906  30.823  12.268 0.1000000015
93005  29.837  30.252  12.874 0.1000000015
93588  29.233  30.787  12.761 0.1000000015
93572  28.458  30.809  13.188 0.1000000015
93617  32.765  30.882  9.816 0.1000000015
93609  32.512  30.560  10.573 0.1000000015
94129  32.060  31.219  10.168 0.1000000015
94130  31.315  31.501  10.458 0.1000000015
94131  30.559  31.821  10.695 0.1000000015
93602  30.027  31.451  11.488 0.1000000015
94116  29.287  31.385  12.158 0.1000000015
94117  28.579  31.865  12.209 0.1000000015
94101  28.091  31.535  12.812 0.1000000015
94091  27.621  31.098  13.328 0.1000000015
93615  34.171  30.353  9.062 0.1000000015
93622  33.670  30.934  8.689 0.1000000015
94153  33.289  31.741  8.473 0.1000000015
94143  32.374  31.566  9.485 0.1000000015
94144  31.615  32.009  9.754 0.1000000015
95167  28.525  33.250  10.974 0.1000000015
94618  28.334  32.636  11.654 0.1000000015
94610  27.774  32.223  12.385 0.1000000015
93628  34.589  30.953  7.573 0.1000000015
94160  34.385  31.843  7.466 0.1000000015
94161  33.765  32.003  7.931 0.1000000015
95667  28.746  33.975  10.440 0.1000000015
129567  28.050  33.828  10.877 0.1000000015
95157  27.779  33.386  11.362 0.1000000015
93634  35.009  31.313  6.945 0.1000000015
94169  34.879  32.105  6.954 0.1000000015
96715  30.206  36.416  8.327 0.1000000015
96204  29.224  35.797  9.125 0.1000000015
96195  28.726  35.363  9.600 0.1000000015
109144  27.817  34.529  10.531 0.1000000015
97194  30.786  37.336  7.089 0.1000000015
96732  30.546  36.935  7.701 0.1000000015
96205  28.552  36.089  9.092 0.1000000015
96704  27.938  35.785  9.477 0.1000000015
97673  32.520  38.340  4.840 0.1000000015
97219  31.588  38.119  5.712 0.1000000015
97196  29.125  37.380  7.217 0.1000000015
97715  32.595  38.876  2.691 0.1000000015
97686  32.861  38.500  4.275 0.1000000015
128789  31.410  38.339  4.513 0.1000000015
97688  30.785  38.181  4.309 0.1000000015
98208  34.060  39.573  2.189 0.1000000015
97714  33.566  39.173  2.855 0.1000000015
98209  33.186  39.319  2.051 0.1000000015
98716  35.370  40.419  0.503 0.1000000015
98705  34.917  40.243  0.982 0.1000000015
98221  33.740  39.633  1.410 0.1000000015
109117  37.249  40.344  0.106 0.1000000015
98704  35.585  40.187  1.056 0.1000000015
98717  34.768  40.362  0.257 0.1000000015
117129  36.273  40.401  0.441 0.1000000015
98728  35.546  40.633  -0.261 0.1000000015
96800  30.663  36.039  1.957 0.1000000015
98228  38.754  39.196  0.571 0.1000000015
98229  38.104  39.275  0.545 0.1000000015
98715  38.283  39.919  0.170 0.1000000015
96808  32.081  36.632  0.285 0.1000000015
96809  31.618  36.121  0.757 0.1000000015
98726  37.786  40.588  -0.416 0.1000000015
96820  32.937  36.564  -0.817 0.1000000015
124495  40.546  43.963  3.291 0.1000000015
100477  39.878  44.123  2.906 0.1000000015
117518  39.103  39.434  1.802 0.1000000015
98217  38.774  38.696  1.036 0.1000000015
98227  39.150  39.264  0.788 0.1000000015
98714  39.070  39.828  0.241 0.1000000015
96827  33.955  36.632  -2.146 0.1000000015
96828  33.416  36.408  -1.440 0.1000000015
124117  39.936  44.866  2.594 0.1000000015
125017  39.321  39.842  1.126 0.1000000015
96834  34.989  36.206  -3.248 0.1000000015
128267  34.968  36.825  -3.213 0.1000000015
100892  39.852  45.318  1.992 0.1000000015
100496  39.546  44.525  1.551 0.1000000015
98713  39.302  40.084  0.457 0.1000000015
97309  35.865  36.833  -4.209 0.1000000015
121693  40.387  45.949  -0.860 0.1000000015
99323  37.788  41.563  -7.544 0.1000000015
98802  38.392  40.885  -7.584 0.1000000015
98295  38.274  39.910  -7.586 0.1000000015
119224  37.480  38.993  -7.681 0.1000000015
97809  36.842  38.222  -7.756 0.1000000015
96840  35.490  36.270  -3.793 0.1000000015
99743  38.265  42.686  -6.789 0.1000000015
99761  38.544  42.218  -7.209 0.1000000015
99322  38.961  41.485  -7.403 0.1000000015
98294  39.588  39.470  -7.430 0.1000000015
116047  38.659  38.863  -7.549 0.1000000015
97807  39.182  38.012  -7.473 0.1000000015
96314  35.402  35.563  -3.724 0.1000000015
100958  39.963  46.104  -2.791 0.1000000015
100976  39.686  45.499  -3.360 0.1000000015
100565  38.884  43.772  -5.159 0.1000000015
117790  38.682  43.408  -5.845 0.1000000015
100177  38.883  43.163  -6.271 0.1000000015
99742  39.113  42.704  -6.718 0.1000000015
97339  39.849  37.191  -7.367 0.1000000015
96321  36.657  35.423  -4.818 0.1000000015
130353  40.242  35.497  -7.071 0.1000000015
96877  40.375  36.337  -7.131 0.1000000015
96320  37.564  34.835  -5.311 0.1000000015
95853  39.601  34.034  -6.058 0.1000000015
123491  37.559  33.955  -5.226 0.1000000015
95303  35.925  34.121  -4.244 0.1000000015
95852  40.033  34.514  -6.657 0.1000000015
95302  36.774  33.540  -4.740 0.1000000015
94648  30.990  32.663  9.787 0.1000000015
94630  30.436  32.507  10.259 0.1000000015
94631  29.756  32.347  10.813 0.1000000015
94617  29.179  32.071  11.578 0.1000000015
94658  33.355  32.591  8.157 0.1000000015
94659  32.752  32.477  8.644 0.1000000015
94647  31.592  32.865  9.327 0.1000000015
95188  31.585  33.679  9.027 0.1000000015
95180  30.994  33.412  9.477 0.1000000015
95182  29.742  33.723  10.029 0.1000000015
95166  29.281  33.141  10.587 0.1000000015
95193  34.231  33.397  7.378 0.1000000015
95194  33.539  33.388  7.880 0.1000000015
95195  33.015  34.093  8.086 0.1000000015
95187  32.241  34.015  8.544 0.1000000015
126569  31.564  34.365  8.787 0.1000000015
95682  30.915  34.271  9.205 0.1000000015
94168  35.428  32.007  6.509 0.1000000015
94685  35.061  32.715  6.738 0.1000000015
94671  34.551  32.666  7.188 0.1000000015
95706  34.646  34.081  6.919 0.1000000015
95707  33.771  34.276  7.529 0.1000000015
118710  33.578  35.084  7.388 0.1000000015
96212  33.070  35.628  7.449 0.1000000015
96213  32.321  35.433  7.937 0.1000000015
96202  31.511  35.592  8.307 0.1000000015
96203  30.434  35.084  9.074 0.1000000015
95716  35.363  34.237  6.293 0.1000000015
118297  35.410  35.091  5.960 0.1000000015
96221  34.821  34.948  6.540 0.1000000015
96223  33.764  35.665  7.018 0.1000000015
96729  33.207  36.365  6.945 0.1000000015
96739  33.335  37.036  6.351 0.1000000015
96740  32.422  37.092  6.735 0.1000000015
96731  31.504  36.837  7.392 0.1000000015
95728  35.972  34.400  5.648 0.1000000015
96230  35.391  35.921  5.619 0.1000000015
96748  34.731  36.540  5.829 0.1000000015
96749  34.032  37.107  5.896 0.1000000015
97218  32.492  38.049  5.505 0.1000000015
126649  31.396  37.610  6.532 0.1000000015
95738  37.103  34.868  4.341 0.1000000015
96755  36.526  36.359  4.241 0.1000000015
96238  35.974  36.110  5.011 0.1000000015
97228  35.239  37.505  4.670 0.1000000015
97685  33.737  38.469  4.268 0.1000000015
96246  37.078  35.622  4.002 0.1000000015
96768  36.875  36.985  3.402 0.1000000015
96769  36.091  37.249  4.118 0.1000000015
97246  35.556  37.989  3.890 0.1000000015
97702  34.106  38.828  3.570 0.1000000015
97703  33.180  38.766  3.552 0.1000000015
96245  37.515  35.664  3.244 0.1000000015
96767  37.567  36.373  2.852 0.1000000015
97253  36.832  37.813  2.746 0.1000000015
97711  36.395  38.756  2.392 0.1000000015
98206  35.779  39.397  2.203 0.1000000015
98219  35.681  39.800  1.659 0.1000000015
96256  38.872  35.413  1.955 0.1000000015
96783  38.839  36.261  1.981 0.1000000015
96257  38.157  35.734  2.427 0.1000000015
96784  38.242  36.570  2.186 0.1000000015
96799  38.072  37.267  1.919 0.1000000015
96785  37.545  37.105  2.526 0.1000000015
97710  37.257  38.219  2.006 0.1000000015
97726  37.008  38.779  1.707 0.1000000015
98703  36.428  39.863  1.141 0.1000000015
121560  35.115  40.049  1.522 0.1000000015
96798  38.577  37.052  2.051 0.1000000015
97260  38.433  37.672  1.703 0.1000000015
97261  37.919  37.827  1.610 0.1000000015
98230  37.294  39.876  0.592 0.1000000015
97259  38.872  37.538  1.927 0.1000000015
97723  38.753  38.170  1.550 0.1000000015
97724  38.364  38.245  1.326 0.1000000015
97725  37.730  38.443  1.356 0.1000000015
98218  37.342  39.192  1.121 0.1000000015
96275  32.060  35.729  0.129 0.1000000015
96276  31.581  35.279  0.604 0.1000000015
97709  39.093  38.110  2.077 0.1000000015
96285  32.969  35.816  -0.950 0.1000000015
97736  38.288  38.735  0.875 0.1000000015
116992  33.790  35.899  -1.967 0.1000000015
100476  40.523  44.896  3.024 0.1000000015
112381  34.352  35.849  -2.562 0.1000000015
96304  34.835  35.247  -3.147 0.1000000015
115235  33.904  35.172  -2.099 0.1000000015
100907  39.984  45.674  1.118 0.1000000015
100921  40.254  45.847  0.005 0.1000000015
99325  35.769  41.852  -8.002 0.1000000015
98296  37.016  39.858  -7.692 0.1000000015
120413  36.458  39.077  -7.828 0.1000000015
96305  34.377  34.949  -2.608 0.1000000015
101380  40.088  46.561  -2.181 0.1000000015
99744  37.210  42.498  -6.888 0.1000000015
99763  36.302  42.123  -7.516 0.1000000015
99339  34.983  41.682  -8.403 0.1000000015
98820  34.571  41.239  -8.424 0.1000000015
98307  35.539  39.372  -7.920 0.1000000015
97819  36.012  38.327  -7.852 0.1000000015
95802  34.050  34.236  -2.261 0.1000000015
100556  39.198  44.749  -3.841 0.1000000015
100566  38.609  44.111  -4.345 0.1000000015
100157  37.924  43.281  -5.636 0.1000000015
99722  35.739  42.674  -6.076 0.1000000015
99764  35.062  42.339  -8.094 0.1000000015
97820  34.968  39.276  -7.811 0.1000000015
97341  37.199  37.416  -7.803 0.1000000015
95812  34.737  34.237  -3.023 0.1000000015
100158  36.890  43.016  -5.327 0.1000000015
128669  36.323  42.743  -5.690 0.1000000015
95292  35.375  33.755  -3.610 0.1000000015
96350  39.468  35.498  -7.384 0.1000000015
96879  37.487  36.528  -7.860 0.1000000015
96351  38.610  34.916  -7.668 0.1000000015
116585  39.729  34.609  -7.244 0.1000000015
95877  39.477  33.642  -7.272 0.1000000015
95864  39.896  33.780  -6.858 0.1000000015
95291  36.004  33.197  -4.161 0.1000000015
95317  39.648  33.201  -6.011 0.1000000015
95854  38.784  33.634  -5.557 0.1000000015
95301  38.032  32.853  -5.239 0.1000000015
94771  36.877  32.575  -4.668 0.1000000015
100063  42.426  43.946  3.378 0.1000000015
100475  41.727  44.678  3.281 0.1000000015
95793  33.007  34.978  -1.069 0.1000000015
110669  41.448  45.807  2.954 0.1000000015
95794  32.551  34.472  -0.607 0.1000000015
95803  33.503  34.650  -1.645 0.1000000015
95268  33.057  34.137  -1.229 0.1000000015
100920  40.389  46.738  -0.596 0.1000000015
101367  40.146  46.833  -1.641 0.1000000015
100180  33.895  43.554  -8.315 0.1000000015
99765  34.174  42.882  -8.509 0.1000000015
99777  34.326  42.310  -8.537 0.1000000015
99341  33.502  42.167  -8.564 0.1000000015
98806  33.512  41.068  -7.972 0.1000000015
98297  34.454  39.736  -7.679 0.1000000015
100538  38.695  45.108  -3.046 0.1000000015
115180  35.902  42.826  -5.245 0.1000000015
99723  34.920  42.882  -6.705 0.1000000015
99745  34.603  42.918  -7.801 0.1000000015
97810  35.355  38.328  -7.711 0.1000000015
95275  33.868  33.332  -2.088 0.1000000015
100128  38.006  44.290  -3.563 0.1000000015
97352  35.829  37.679  -7.809 0.1000000015
115714  38.153  35.681  -7.767 0.1000000015
121221  36.641  36.959  -7.953 0.1000000015
94754  34.870  32.715  -2.985 0.1000000015
95878  37.815  34.462  -7.871 0.1000000015
96352  37.639  35.188  -7.923 0.1000000015
96880  36.524  36.439  -7.958 0.1000000015
94242  34.761  31.980  -2.787 0.1000000015
116186  35.437  31.961  -3.370 0.1000000015
94760  36.086  32.279  -4.052 0.1000000015
95345  39.225  32.936  -7.300 0.1000000015
95330  39.862  32.690  -6.651 0.1000000015
124563  43.257  44.667  3.228 0.1000000015
100891  40.519  46.738  1.483 0.1000000015
95260  32.008  33.987  -0.137 0.1000000015
100906  40.408  46.775  0.373 0.1000000015
95270  31.888  33.080  -0.269 0.1000000015
99746  32.391  42.875  -7.399 0.1000000015
124778  32.707  41.931  -7.209 0.1000000015
98791  33.106  41.121  -6.557 0.1000000015
98779  33.486  40.315  -6.061 0.1000000015
116362  33.542  33.922  -1.735 0.1000000015
95269  32.548  33.512  -0.815 0.1000000015
101369  39.607  46.896  -1.307 0.1000000015
99779  33.333  42.842  -8.723 0.1000000015
99326  33.056  41.874  -8.171 0.1000000015
98807  33.146  41.339  -7.475 0.1000000015
98790  33.470  40.639  -7.082 0.1000000015
97812  34.258  39.322  -7.118 0.1000000015
128424  32.737  32.931  -1.154 0.1000000015
94738  31.310  32.587  0.229 0.1000000015
100539  37.618  44.508  -2.587 0.1000000015
112538  34.343  43.443  -6.284 0.1000000015
100160  34.200  43.602  -7.462 0.1000000015
95276  33.198  33.242  -1.477 0.1000000015
100129  36.907  43.819  -3.090 0.1000000015
100159  35.027  42.900  -5.597 0.1000000015
97343  35.552  37.349  -7.695 0.1000000015
94751  33.646  32.502  -1.942 0.1000000015
94745  32.348  32.627  -0.819 0.1000000015
100145  35.267  43.090  -4.514 0.1000000015
94755  34.296  32.641  -2.458 0.1000000015
129330  32.887  32.279  -1.397 0.1000000015
94230  32.220  31.722  -0.904 0.1000000015
116350  36.391  35.880  -7.891 0.1000000015
94236  33.433  31.595  -1.878 0.1000000015
93692  32.032  30.737  -0.940 0.1000000015
96353  36.979  35.184  -8.002 0.1000000015
94235  34.117  31.842  -2.349 0.1000000015
93696  33.254  30.651  -1.849 0.1000000015
117786  38.556  33.621  -7.618 0.1000000015
94244  33.925  30.994  -2.312 0.1000000015
94803  39.855  32.200  -6.750 0.1000000015
94770  37.903  31.833  -5.145 0.1000000015
94247  36.251  31.380  -3.970 0.1000000015
130083  35.113  31.406  -3.056 0.1000000015
100485  40.470  45.860  2.443 0.1000000015
100960  38.302  45.322  -2.125 0.1000000015
99766  32.609  43.242  -8.289 0.1000000015
99300  32.707  41.609  -5.917 0.1000000015
100959  39.311  45.890  -2.562 0.1000000015
100161  33.762  44.261  -7.061 0.1000000015
100181  33.578  44.273  -7.966 0.1000000015
94746  31.758  32.169  -0.348 0.1000000015
100144  36.482  43.188  -4.526 0.1000000015
94231  31.583  31.233  -0.416 0.1000000015
96881  35.870  36.581  -7.811 0.1000000015
97344  35.054  37.818  -7.338 0.1000000015
94225  30.958  30.790  0.085 0.1000000015
93693  31.376  30.232  -0.415 0.1000000015
93096  31.833  29.728  -0.953 0.1000000015
94789  39.203  31.813  -5.632 0.1000000015
114671  36.955  31.674  -4.581 0.1000000015
93697  32.547  30.221  -1.404 0.1000000015
94251  37.855  31.106  -5.100 0.1000000015
93702  35.093  30.717  -3.069 0.1000000015
127752  41.089  47.474  1.954 0.1000000015
101333  40.409  47.503  0.612 0.1000000015
119410  40.146  47.570  -0.444 0.1000000015
101353  40.088  47.416  -0.839 0.1000000015
116326  38.037  45.494  -1.225 0.1000000015
100110  36.597  43.889  -2.252 0.1000000015
100193  32.750  44.108  -8.407 0.1000000015
100162  32.147  43.383  -6.567 0.1000000015
99724  32.405  42.482  -6.291 0.1000000015
100130  36.004  43.329  -3.607 0.1000000015
100146  34.373  43.405  -5.160 0.1000000015
100587  33.279  44.886  -7.436 0.1000000015
99713  32.412  42.148  -5.140 0.1000000015
120782  34.436  43.476  -4.160 0.1000000015
93084  29.961  29.521  0.438 0.1000000015
93097  31.104  29.273  -0.505 0.1000000015
93098  30.405  29.021  -0.157 0.1000000015
93099  29.760  29.064  0.017 0.1000000015
94824  39.230  32.233  -7.163 0.1000000015
94243  34.589  31.245  -2.700 0.1000000015
93704  33.749  30.109  -2.299 0.1000000015
94293  39.640  31.713  -6.739 0.1000000015
93703  34.444  30.430  -2.689 0.1000000015
93105  33.071  29.708  -1.856 0.1000000015
93106  32.344  29.242  -1.456 0.1000000015
93706  36.436  30.503  -4.023 0.1000000015
93118  35.021  29.875  -3.099 0.1000000015
93119  34.301  29.553  -2.661 0.1000000015
93120  33.579  29.223  -2.283 0.1000000015
100878  41.261  46.772  2.457 0.1000000015
101740  40.179  47.617  -0.017 0.1000000015
100922  38.586  46.475  -0.068 0.1000000015
100932  37.848  45.520  -0.248 0.1000000015
100931  38.676  46.409  -0.909 0.1000000015
131136  37.376  44.810  -0.731 0.1000000015
116289  37.256  44.531  -1.559 0.1000000015
100595  33.025  44.710  -8.005 0.1000000015
100131  34.534  43.523  -3.294 0.1000000015
100575  33.403  44.943  -6.645 0.1000000015
100567  33.487  44.845  -5.573 0.1000000015
116870  28.964  29.360  -0.046 0.1000000015
94262  39.808  31.117  -6.007 0.1000000015
93709  38.570  30.246  -5.460 0.1000000015
93107  31.583  28.832  -1.110 0.1000000015
93710  37.502  29.878  -4.813 0.1000000015
92458  32.887  28.787  -1.929 0.1000000015
93132  35.774  29.294  -3.567 0.1000000015
92466  34.093  28.667  -2.632 0.1000000015
100876  43.508  45.419  3.210 0.1000000015
100877  42.302  46.693  2.813 0.1000000015
108682  40.800  47.771  1.388 0.1000000015
101344  39.343  47.165  0.174 0.1000000015
100099  36.122  43.761  -1.433 0.1000000015
100111  35.594  43.546  -2.192 0.1000000015
100182  32.293  43.882  -7.574 0.1000000015
100113  34.031  43.766  -3.009 0.1000000015
120044  33.763  43.900  -4.775 0.1000000015
100132  33.891  43.823  -3.776 0.1000000015
92456  29.571  28.966  -0.572 0.1000000015
92454  30.883  28.626  -0.778 0.1000000015
127513  28.914  29.196  -0.770 0.1000000015
95347  37.602  33.642  -7.739 0.1000000015
94825  38.433  32.173  -7.345 0.1000000015
94274  39.560  31.210  -6.369 0.1000000015
124663  33.388  28.464  -2.344 0.1000000015
92459  32.138  28.380  -1.653 0.1000000015
92460  30.705  28.389  -1.255 0.1000000015
93717  39.524  30.410  -5.925 0.1000000015
93143  37.681  29.080  -4.879 0.1000000015
93133  34.896  28.972  -3.104 0.1000000015
92477  34.595  28.088  -3.109 0.1000000015
92475  36.763  28.770  -4.273 0.1000000015
92476  35.713  28.290  -3.639 0.1000000015
110394  42.719  45.645  3.054 0.1000000015
128024  41.994  47.839  2.345 0.1000000015
101722  41.341  48.306  1.981 0.1000000015
101334  39.910  47.687  0.490 0.1000000015
126594  39.176  47.132  0.897 0.1000000015
100923  37.373  45.103  0.673 0.1000000015
100092  35.577  43.768  -0.661 0.1000000015
100112  34.587  43.601  -2.387 0.1000000015
100557  33.525  44.756  -4.316 0.1000000015
92462  29.252  29.009  -1.202 0.1000000015
93108  28.507  29.297  -1.529 0.1000000015
96354  36.296  35.231  -7.755 0.1000000015
95879  36.888  34.471  -7.841 0.1000000015
91750  31.409  28.208  -1.479 0.1000000015
92470  29.200  28.969  -1.962 0.1000000015
110934  39.507  30.403  -6.172 0.1000000015
91754  33.663  27.792  -2.731 0.1000000015
91749  32.036  27.819  -1.927 0.1000000015
92461  29.925  28.620  -1.332 0.1000000015
94826  37.487  32.703  -7.450 0.1000000015
94295  38.068  31.707  -7.239 0.1000000015
109738  39.300  29.790  -5.856 0.1000000015
93142  38.819  29.102  -5.417 0.1000000015
127774  34.247  27.368  -3.180 0.1000000015
91755  33.054  27.282  -2.727 0.1000000015
94275  38.776  30.983  -6.800 0.1000000015
91764  35.061  27.415  -3.458 0.1000000015
91765  33.635  27.001  -3.141 0.1000000015
92486  38.022  28.493  -5.031 0.1000000015
91762  37.044  27.965  -4.362 0.1000000015
91763  35.983  27.481  -3.828 0.1000000015
96141  36.691  35.731  17.620 0.1000000015
97598  35.990  38.968  15.724 0.1000000015
97596  35.618  38.178  16.075 0.1000000015
97599  35.598  38.384  15.150 0.1000000015
97604  35.854  38.359  14.103 0.1000000015
101716  40.164  48.628  2.800 0.1000000015
101717  39.205  47.708  3.144 0.1000000015
101734  40.284  47.834  1.340 0.1000000015
101322  38.871  47.100  2.452 0.1000000015
101323  38.174  46.350  2.678 0.1000000015
101335  38.494  46.512  1.719 0.1000000015
117992  34.656  43.841  -0.751 0.1000000015
112417  36.096  44.107  0.073 0.1000000015
100506  36.552  44.555  0.752 0.1000000015
117696  33.685  44.133  -2.448 0.1000000015
110820  33.426  45.076  -3.299 0.1000000015
100944  33.384  45.293  -2.276 0.1000000015
115735  33.645  44.199  -3.330 0.1000000015
100993  33.246  45.763  -6.278 0.1000000015
100588  32.120  44.677  -7.156 0.1000000015
100977  33.358  45.971  -4.298 0.1000000015
96882  35.275  36.821  -7.358 0.1000000015
125237  34.865  34.865  -6.197 0.1000000015
95855  34.409  34.271  -5.666 0.1000000015
91758  31.080  27.798  -2.359 0.1000000015
92469  29.827  28.556  -2.340 0.1000000015
95348  36.675  33.664  -7.535 0.1000000015
95866  35.008  34.038  -6.284 0.1000000015
91756  32.361  27.387  -2.605 0.1000000015
91757  31.705  27.405  -2.818 0.1000000015
118406  35.654  32.916  -6.681 0.1000000015
91025  33.030  26.705  -3.203 0.1000000015
92485  38.982  28.562  -5.273 0.1000000015
111671  38.380  28.106  -4.974 0.1000000015
91773  36.623  27.020  -4.207 0.1000000015
91028  35.514  26.724  -3.785 0.1000000015
91038  34.982  25.917  -4.012 0.1000000015
91772  37.742  27.411  -4.817 0.1000000015
96139  37.327  35.839  17.835 0.1000000015
97585  36.887  38.541  18.199 0.1000000015
96610  37.007  36.327  17.681 0.1000000015
96613  36.372  36.339  17.308 0.1000000015
100378  39.250  45.507  18.197 0.1000000015
98046  36.662  39.275  17.908 0.1000000015
98583  36.814  39.961  17.595 0.1000000015
120079  36.343  37.632  17.361 0.1000000015
97130  36.071  37.072  17.055 0.1000000015
98056  36.419  39.365  17.135 0.1000000015
97593  35.929  37.905  16.852 0.1000000015
97132  35.492  37.201  16.384 0.1000000015
98591  36.836  40.048  16.772 0.1000000015
98064  36.439  39.478  16.275 0.1000000015
98589  38.259  41.188  16.226 0.1000000015
98598  38.027  40.590  15.611 0.1000000015
98070  37.430  39.926  15.270 0.1000000015
98071  36.714  39.499  15.427 0.1000000015
97602  37.298  39.489  14.579 0.1000000015
123811  38.125  39.725  14.247 0.1000000015
102465  40.576  50.083  5.556 0.1000000015
102466  39.864  50.119  6.155 0.1000000015
102059  39.079  49.549  6.544 0.1000000015
101704  42.577  47.661  3.621 0.1000000015
102087  42.092  49.193  3.045 0.1000000015
102082  40.041  49.474  4.322 0.1000000015
102472  40.687  49.826  4.465 0.1000000015
102083  39.352  48.979  4.836 0.1000000015
102072  39.242  49.305  5.690 0.1000000015
101310  42.581  47.265  3.044 0.1000000015
101714  42.343  48.353  2.921 0.1000000015
102089  40.639  49.478  3.440 0.1000000015
101706  39.507  48.587  3.868 0.1000000015
127306  38.821  48.126  4.613 0.1000000015
101694  38.607  48.366  5.340 0.1000000015
102093  41.459  49.031  2.240 0.1000000015
111888  41.016  49.199  2.537 0.1000000015
101311  38.323  46.802  3.409 0.1000000015
101304  38.052  46.879  4.170 0.1000000015
101708  38.072  47.388  4.866 0.1000000015
100893  37.509  45.641  2.375 0.1000000015
119654  37.720  46.410  3.891 0.1000000015
101305  37.459  46.578  4.491 0.1000000015
111078  35.114  43.950  0.055 0.1000000015
100910  36.880  44.905  1.607 0.1000000015
100894  36.474  45.052  2.577 0.1000000015
126073  33.932  44.285  -0.934 0.1000000015
111837  34.268  44.322  -0.144 0.1000000015
101382  33.320  46.503  -2.483 0.1000000015
101006  33.105  45.527  -6.922 0.1000000015
101007  32.622  45.725  -6.819 0.1000000015
100961  33.360  46.213  -3.322 0.1000000015
100982  33.357  45.838  -5.335 0.1000000015
100183  32.001  44.151  -6.723 0.1000000015
119216  32.246  39.601  -3.232 0.1000000015
97328  34.766  37.397  -6.740 0.1000000015
97322  34.395  37.111  -5.843 0.1000000015
92480  29.174  28.984  -2.879 0.1000000015
96333  34.627  35.615  -5.939 0.1000000015
96859  34.231  36.288  -5.552 0.1000000015
92468  30.437  28.151  -2.782 0.1000000015
95880  36.102  34.500  -7.478 0.1000000015
95865  35.453  34.664  -6.875 0.1000000015
95331  35.714  33.697  -6.974 0.1000000015
94806  35.236  32.428  -6.278 0.1000000015
91032  32.351  26.874  -3.289 0.1000000015
94827  36.364  32.880  -7.142 0.1000000015
94804  36.978  32.022  -7.086 0.1000000015
94277  36.452  31.466  -6.735 0.1000000015
110539  37.073  30.736  -6.821 0.1000000015
92493  38.991  28.046  -5.656 0.1000000015
91035  38.460  26.832  -5.211 0.1000000015
91031  32.934  26.291  -3.759 0.1000000015
94276  37.654  31.161  -6.980 0.1000000015
93727  38.345  30.276  -6.865 0.1000000015
93152  39.307  29.169  -5.779 0.1000000015
91037  36.138  26.084  -4.263 0.1000000015
90359  34.619  25.375  -4.348 0.1000000015
97122  37.240  36.987  17.918 0.1000000015
99966  39.450  44.291  19.054 0.1000000015
99965  39.824  45.058  18.500 0.1000000015
99559  39.059  43.375  18.534 0.1000000015
119708  38.331  42.149  18.217 0.1000000015
99104  37.766  41.193  18.592 0.1000000015
98582  37.220  40.549  18.067 0.1000000015
97592  36.372  38.470  17.446 0.1000000015
100388  39.026  45.223  17.559 0.1000000015
99974  39.841  44.660  18.240 0.1000000015
121099  39.122  42.967  17.783 0.1000000015
117217  37.266  40.638  17.243 0.1000000015
99575  39.838  43.216  17.198 0.1000000015
99120  38.971  41.974  16.662 0.1000000015
99121  37.959  41.346  16.872 0.1000000015
99132  40.258  42.654  16.500 0.1000000015
99131  41.305  42.805  16.039 0.1000000015
98597  39.096  41.432  15.925 0.1000000015
98596  40.306  41.591  15.618 0.1000000015
98606  38.996  40.770  15.148 0.1000000015
99583  42.467  43.328  15.516 0.1000000015
98081  38.852  40.176  14.447 0.1000000015
99139  43.525  42.518  14.886 0.1000000015
102050  41.212  48.300  6.966 0.1000000015
102051  40.800  49.165  7.580 0.1000000015
102042  40.483  49.594  8.576 0.1000000015
101692  42.647  47.437  4.674 0.1000000015
101693  42.011  48.040  5.397 0.1000000015
102058  40.989  49.163  6.677 0.1000000015
102453  40.581  49.918  6.693 0.1000000015
101303  43.147  46.720  3.874 0.1000000015
102070  41.488  49.052  4.997 0.1000000015
102464  41.096  49.801  4.888 0.1000000015
102452  41.006  49.571  5.818 0.1000000015
102454  40.172  50.415  6.813 0.1000000015
102440  40.065  50.553  7.606 0.1000000015
102430  40.060  50.344  8.612 0.1000000015
100866  43.593  45.806  3.636 0.1000000015
101705  42.162  48.540  4.004 0.1000000015
102471  41.058  49.963  4.481 0.1000000015
117106  39.760  50.358  7.114 0.1000000015
102441  39.780  50.438  8.052 0.1000000015
102073  38.547  48.718  6.052 0.1000000015
102060  38.145  48.719  6.713 0.1000000015
102052  38.843  49.657  7.493 0.1000000015
101695  37.737  47.841  5.892 0.1000000015
100867  36.365  45.594  3.998 0.1000000015
101294  37.148  46.850  5.283 0.1000000015
100508  34.597  44.465  0.722 0.1000000015
100487  35.891  44.716  1.969 0.1000000015
111477  35.993  45.151  3.364 0.1000000015
100498  34.420  44.747  1.506 0.1000000015
120477  33.453  45.059  -1.282 0.1000000015
101392  33.389  47.059  -4.338 0.1000000015
110283  33.221  46.634  -6.022 0.1000000015
101425  32.025  46.128  -6.644 0.1000000015
100994  31.671  45.937  -6.095 0.1000000015
100163  31.914  43.909  -5.834 0.1000000015
98758  32.492  40.122  -3.693 0.1000000015
98749  31.617  40.547  -2.505 0.1000000015
98270  33.235  39.195  -4.614 0.1000000015
129284  33.058  39.757  -4.506 0.1000000015
97772  32.779  38.698  -3.899 0.1000000015
97781  33.154  38.446  -4.400 0.1000000015
98283  33.847  39.828  -6.647 0.1000000015
97795  34.515  38.380  -6.784 0.1000000015
97329  34.411  37.840  -6.085 0.1000000015
97323  33.856  37.736  -5.275 0.1000000015
96860  33.732  36.852  -5.099 0.1000000015
93163  37.967  29.371  -7.016 0.1000000015
117733  38.775  28.890  -6.633 0.1000000015
92504  38.863  28.141  -6.473 0.1000000015
91779  38.931  27.282  -5.642 0.1000000015
90357  36.974  25.375  -4.686 0.1000000015
112675  38.413  28.128  -7.088 0.1000000015
114602  37.780  44.620  19.554 0.1000000015
100358  39.079  45.605  19.349 0.1000000015
100357  39.493  45.251  19.976 0.1000000015
99541  39.030  43.247  19.539 0.1000000015
99976  37.412  43.769  17.427 0.1000000015
99948  37.859  44.704  18.768 0.1000000015
118008  38.967  45.622  18.883 0.1000000015
99946  39.595  44.832  19.550 0.1000000015
99983  37.667  43.721  16.854 0.1000000015
100397  39.779  45.213  17.525 0.1000000015
99973  40.118  45.018  17.683 0.1000000015
99587  37.783  43.062  15.591 0.1000000015
99576  37.638  43.399  16.288 0.1000000015
99981  39.568  44.774  16.750 0.1000000015
99566  40.308  44.482  17.082 0.1000000015
98608  36.242  40.913  13.823 0.1000000015
99145  36.403  41.485  14.590 0.1000000015
99595  38.008  42.679  14.869 0.1000000015
99586  38.883  43.630  15.449 0.1000000015
99990  39.871  44.548  16.099 0.1000000015
99980  40.356  44.676  16.738 0.1000000015
99574  40.628  44.094  16.626 0.1000000015
98618  36.839  40.899  13.312 0.1000000015
99155  37.610  41.459  13.559 0.1000000015
99594  39.085  43.201  14.740 0.1000000015
99573  40.936  44.297  16.137 0.1000000015
99585  41.044  43.679  16.251 0.1000000015
98617  37.487  40.899  12.803 0.1000000015
99154  38.619  41.845  13.492 0.1000000015
99601  40.557  43.153  14.023 0.1000000015
99996  40.994  44.294  15.482 0.1000000015
99584  41.575  43.695  15.830 0.1000000015
99163  38.915  41.505  12.816 0.1000000015
99162  39.958  41.705  12.736 0.1000000015
99592  41.406  43.880  14.869 0.1000000015
98627  40.296  41.170  12.132 0.1000000015
99151  42.287  42.514  13.636 0.1000000015
99599  42.983  42.933  14.647 0.1000000015
99160  42.585  41.790  13.049 0.1000000015
101670  40.931  47.974  7.653 0.1000000015
101293  42.533  47.123  5.866 0.1000000015
101682  41.816  47.674  6.415 0.1000000015
101271  41.337  47.436  6.914 0.1000000015
101291  43.598  46.010  4.590 0.1000000015
100471  44.334  44.744  3.930 0.1000000015
102043  40.474  48.917  9.380 0.1000000015
102031  40.409  49.919  9.568 0.1000000015
114779  39.845  50.416  9.167 0.1000000015
102053  37.801  48.688  7.457 0.1000000015
102044  39.131  49.960  8.555 0.1000000015
101696  36.749  47.135  6.108 0.1000000015
100895  35.520  44.883  2.715 0.1000000015
100880  34.995  45.045  3.473 0.1000000015
101306  36.664  46.163  4.646 0.1000000015
100519  33.580  44.914  -0.448 0.1000000015
100499  33.942  44.852  0.998 0.1000000015
100896  34.166  44.944  2.232 0.1000000015
101370  33.141  46.881  -1.725 0.1000000015
100933  33.165  45.843  -0.870 0.1000000015
114411  33.440  45.317  0.841 0.1000000015
109534  33.291  47.464  -2.668 0.1000000015
110409  33.379  47.314  -3.443 0.1000000015
101413  32.883  47.121  -6.186 0.1000000015
101414  32.253  47.144  -6.292 0.1000000015
99263  31.882  41.271  -3.083 0.1000000015
99277  32.449  40.858  -3.821 0.1000000015
98278  33.314  39.980  -5.086 0.1000000015
99290  32.678  41.266  -4.783 0.1000000015
98780  33.082  40.796  -5.455 0.1000000015
93728  36.990  30.071  -6.733 0.1000000015
90368  37.662  24.557  -5.228 0.1000000015
115569  38.015  28.643  -7.167 0.1000000015
99922  39.881  44.820  21.696 0.1000000015
99523  39.600  43.386  20.521 0.1000000015
100347  38.926  45.572  20.334 0.1000000015
100345  39.579  45.245  21.039 0.1000000015
99947  39.503  44.123  19.915 0.1000000015
98609  35.635  40.879  14.380 0.1000000015
99134  36.235  41.893  15.485 0.1000000015
99588  36.844  42.635  15.889 0.1000000015
116560  36.200  40.580  13.174 0.1000000015
99133  37.047  42.239  15.115 0.1000000015
98109  36.047  39.895  11.811 0.1000000015
98631  35.753  40.179  12.651 0.1000000015
98123  36.289  39.667  10.903 0.1000000015
98641  36.882  40.138  11.556 0.1000000015
98629  38.247  40.896  12.331 0.1000000015
98640  37.743  40.241  11.308 0.1000000015
131281  38.012  40.568  11.829 0.1000000015
98639  38.595  40.523  11.596 0.1000000015
98628  39.215  41.059  12.179 0.1000000015
113834  39.788  39.540  10.172 0.1000000015
100054  44.329  44.742  4.951 0.1000000015
100858  42.908  46.289  6.128 0.1000000015
101280  42.113  46.897  6.460 0.1000000015
101656  40.604  48.502  8.454 0.1000000015
101657  40.139  47.969  9.008 0.1000000015
101647  40.005  48.329  10.013 0.1000000015
102425  39.972  50.510  10.100 0.1000000015
102018  40.459  49.771  11.064 0.1000000015
127534  38.246  49.242  8.076 0.1000000015
102045  38.253  49.331  8.873 0.1000000015
101282  35.998  46.709  6.385 0.1000000015
101683  36.461  47.230  6.721 0.1000000015
100881  33.927  45.077  3.133 0.1000000015
125548  34.250  45.161  3.947 0.1000000015
101296  35.114  45.642  5.165 0.1000000015
101684  35.980  47.014  7.047 0.1000000015
101355  32.952  46.712  -0.883 0.1000000015
101788  33.629  48.217  -4.436 0.1000000015
101805  33.116  47.789  -5.740 0.1000000015
101779  33.616  48.317  -3.454 0.1000000015
101806  32.454  47.654  -5.929 0.1000000015
101807  31.809  47.373  -5.935 0.1000000015
123439  31.756  43.032  -3.758 0.1000000015
116944  32.053  42.654  -4.408 0.1000000015
100133  31.605  43.763  -3.497 0.1000000015
99725  32.120  43.027  -5.474 0.1000000015
98110  35.172  39.675  11.996 0.1000000015
98122  37.104  39.811  10.730 0.1000000015
113629  36.207  39.504  9.453 0.1000000015
98139  36.590  39.539  10.079 0.1000000015
98148  38.675  39.304  9.047 0.1000000015
98647  38.417  40.057  10.816 0.1000000015
98646  39.103  40.230  11.053 0.1000000015
98137  38.310  39.579  9.945 0.1000000015
98121  39.958  40.033  10.879 0.1000000015
124990  43.423  46.010  5.533 0.1000000015
100849  42.809  45.479  6.306 0.1000000015
101272  40.644  46.950  7.300 0.1000000015
100850  42.123  46.113  6.397 0.1000000015
100454  38.405  45.169  7.255 0.1000000015
101248  39.560  47.549  9.294 0.1000000015
111942  38.302  46.664  9.717 0.1000000015
101249  39.163  47.464  9.918 0.1000000015
102046  37.277  48.654  9.047 0.1000000015
102033  39.395  50.208  9.739 0.1000000015
101639  40.382  48.958  10.932 0.1000000015
101673  36.793  47.867  7.632 0.1000000015
100870  33.345  45.246  4.048 0.1000000015
100869  34.110  45.302  4.744 0.1000000015
100859  34.382  45.575  5.556 0.1000000015
101674  36.087  47.408  7.655 0.1000000015
101659  35.550  47.351  8.260 0.1000000015
100925  32.944  45.946  0.605 0.1000000015
100912  32.993  45.707  1.495 0.1000000015
100882  32.896  45.431  3.130 0.1000000015
129430  33.369  45.320  4.719 0.1000000015
101751  32.968  47.578  -1.252 0.1000000015
109045  34.097  49.085  -4.147 0.1000000015
102151  33.846  49.015  -4.676 0.1000000015
102161  32.902  48.865  -5.155 0.1000000015
102170  31.974  48.171  -5.497 0.1000000015
101403  31.525  46.842  -5.682 0.1000000015
100983  31.504  46.083  -5.054 0.1000000015
100576  31.789  44.836  -6.237 0.1000000015
100148  31.807  43.597  -4.658 0.1000000015
100568  31.639  44.450  -4.384 0.1000000015
123613  31.709  44.394  -5.284 0.1000000015
113248  31.602  45.177  -5.236 0.1000000015
98152  34.193  39.535  9.696 0.1000000015
98124  35.410  39.549  11.080 0.1000000015
98140  35.670  39.479  10.096 0.1000000015
98161  35.651  39.834  8.301 0.1000000015
98159  37.596  39.517  8.346 0.1000000015
98151  35.508  39.558  9.141 0.1000000015
124285  34.971  39.493  9.696 0.1000000015
123334  37.945  39.533  8.042 0.1000000015
100851  40.668  46.082  6.756 0.1000000015
102410  39.957  50.466  10.890 0.1000000015
102034  38.266  49.346  9.898 0.1000000015
102411  39.753  50.328  11.973 0.1000000015
101284  34.038  45.721  6.285 0.1000000015
127474  34.471  46.493  7.640 0.1000000015
126499  32.609  46.449  1.078 0.1000000015
124754  32.535  46.289  1.721 0.1000000015
100871  32.433  45.662  3.925 0.1000000015
100860  33.416  45.427  5.390 0.1000000015
101346  32.653  46.779  0.329 0.1000000015
101764  33.334  48.281  -2.371 0.1000000015
102144  34.174  49.407  -3.455 0.1000000015
102152  33.592  49.416  -4.600 0.1000000015
120498  31.453  47.605  -5.285 0.1000000015
102542  34.270  49.745  -4.050 0.1000000015
98125  34.497  39.450  11.268 0.1000000015
98172  36.360  39.911  7.825 0.1000000015
119260  37.024  39.670  8.076 0.1000000015
112083  36.426  40.447  7.263 0.1000000015
102019  39.320  50.123  10.713 0.1000000015
101285  33.898  46.029  7.092 0.1000000015
101648  35.744  47.785  9.055 0.1000000015
126213  36.485  48.269  9.264 0.1000000015
102020  38.361  49.606  10.989 0.1000000015
112258  32.389  47.191  0.814 0.1000000015
100883  32.121  46.148  3.058 0.1000000015
117772  32.739  45.447  4.725 0.1000000015
100855  32.607  45.763  6.466 0.1000000015
116559  33.191  48.611  -1.476 0.1000000015
101741  32.515  47.788  0.123 0.1000000015
102532  34.257  50.437  -3.465 0.1000000015
102543  33.558  49.981  -4.236 0.1000000015
102549  32.603  49.450  -4.669 0.1000000015
102153  31.692  49.324  -4.432 0.1000000015
102162  31.816  48.872  -4.923 0.1000000015
98675  36.922  40.813  6.846 0.1000000015
98674  37.583  40.535  6.880 0.1000000015
101325  31.872  47.070  2.697 0.1000000015
101298  31.895  45.961  4.715 0.1000000015
100861  32.387  45.670  5.583 0.1000000015
100846  33.028  45.901  7.180 0.1000000015
101660  34.810  47.307  8.864 0.1000000015
101649  35.184  47.848  9.551 0.1000000015
101725  31.991  47.456  1.982 0.1000000015
115439  32.144  47.925  1.114 0.1000000015
102133  34.039  49.582  -2.480 0.1000000015
102531  34.597  50.421  -3.150 0.1000000015
102522  34.461  50.497  -2.388 0.1000000015
102923  34.609  50.838  -2.929 0.1000000015
101726  31.851  47.794  2.528 0.1000000015
101314  31.707  46.906  3.442 0.1000000015
101286  31.859  46.050  6.246 0.1000000015
109316  32.648  46.281  7.783 0.1000000015
102035  37.201  48.795  10.012 0.1000000015
101661  33.788  47.114  9.019 0.1000000015
102036  36.072  48.389  10.001 0.1000000015
102511  33.414  49.619  -0.383 0.1000000015
102931  33.047  50.422  -3.612 0.1000000015
102396  38.955  50.663  13.614 0.1000000015
101308  31.562  46.795  4.281 0.1000000015
101299  31.446  46.683  5.165 0.1000000015
101287  31.505  46.558  6.857 0.1000000015
102094  31.996  48.280  1.980 0.1000000015
101650  34.357  47.698  9.577 0.1000000015
102022  36.169  49.045  10.981 0.1000000015
102109  32.628  48.721  0.379 0.1000000015
102510  34.135  50.623  -1.259 0.1000000015
101640  35.049  48.389  10.243 0.1000000015
102023  34.507  48.984  10.633 0.1000000015
102011  36.405  49.912  11.772 0.1000000015
129435  31.772  47.619  3.083 0.1000000015
101252  32.824  47.060  9.047 0.1000000015
101651  33.383  47.637  9.566 0.1000000015
102010  37.485  50.044  12.081 0.1000000015
102090  32.061  48.545  2.967 0.1000000015
101652  32.481  47.722  9.429 0.1000000015
121091  35.399  49.114  10.950 0.1000000015
101641  33.942  48.282  10.081 0.1000000015
94106  23.826  31.302  11.691 0.1000000015
94118  23.863  31.961  11.341 0.1000000015
119148  23.722  27.909  9.800 0.1000000015
92396  23.716  28.681  9.422 0.1000000015
108798  23.524  29.383  8.872 0.1000000015
99103  38.439  42.108  19.218 0.1000000015
102120  33.723  49.643  -1.450 0.1000000015
94684  35.530  32.796  6.344 0.1000000015
99128  43.170  43.004  15.212 0.1000000015
99987  41.677  43.862  15.562 0.1000000015
110434  39.246  39.404  9.652 0.1000000015
94649  23.290  32.203  9.790 0.1000000015
124598  23.255  30.262  9.990 0.1000000015
123563  23.088  31.629  9.308 0.1000000015
117611  23.230  30.142  9.241 0.1000000015
98768  36.850  40.288  -4.288 0.1000000015
99687  40.275  42.537  -1.086 0.1000000015
99258  40.502  42.283  -3.280 0.1000000015
127901  40.626  42.626  -3.412 0.1000000015
99286  40.252  42.020  -5.262 0.1000000015
99298  40.214  41.382  -6.069 0.1000000015
97786  40.842  38.403  -5.917 0.1000000015
125556  40.084  36.933  -5.881 0.1000000015
97318  40.725  37.590  -5.918 0.1000000015
92367  30.371  28.503  13.651 0.1000000015
92993  26.765  29.835  14.056 0.1000000015
94612  26.011  32.488  12.521 0.1000000015
93575  25.398  30.356  13.491 0.1000000015
94621  25.507  32.954  11.968 0.1000000015
95668  25.340  34.607  10.209 0.1000000015
95687  25.484  35.024  9.708 0.1000000015
96196  26.698  35.535  9.654 0.1000000015
95160  24.786  33.298  11.326 0.1000000015
95171  24.317  33.635  10.538 0.1000000015
123982  29.309  37.687  5.896 0.1000000015
96735  27.406  36.881  7.447 0.1000000015
96719  26.191  36.243  8.194 0.1000000015
96718  27.001  36.362  8.606 0.1000000015
116678  24.859  35.404  8.378 0.1000000015
95669  24.547  34.257  10.076 0.1000000015
95183  23.832  33.774  9.693 0.1000000015
97255  30.680  37.301  2.840 0.1000000015
97221  29.431  37.662  5.203 0.1000000015
97211  27.885  37.150  5.985 0.1000000015
97233  28.837  37.203  4.748 0.1000000015
96741  27.127  36.762  5.948 0.1000000015
96736  26.591  36.603  7.153 0.1000000015
125400  25.916  36.275  7.454 0.1000000015
119929  25.384  35.885  7.903 0.1000000015
95700  23.744  34.292  8.689 0.1000000015
97262  31.721  37.793  1.409 0.1000000015
125364  29.666  37.152  3.820 0.1000000015
96758  28.308  36.568  4.289 0.1000000015
96751  27.368  36.685  5.302 0.1000000015
96752  26.631  36.440  5.495 0.1000000015
96753  25.928  36.202  5.833 0.1000000015
96215  25.270  35.891  7.093 0.1000000015
96225  24.658  35.419  6.702 0.1000000015
95710  23.632  34.404  7.693 0.1000000015
94661  23.027  32.579  8.357 0.1000000015
98231  34.260  40.000  0.810 0.1000000015
97737  32.904  38.858  0.205 0.1000000015
97747  33.042  38.228  -0.591 0.1000000015
96240  27.592  36.073  4.179 0.1000000015
96233  25.426  35.664  5.442 0.1000000015
93623  22.947  30.875  8.678 0.1000000015
100127  40.548  43.263  -3.932 0.1000000015
100555  39.920  44.998  -4.051 0.1000000015
99310  40.267  41.344  -6.563 0.1000000015
116697  40.685  36.715  -6.304 0.1000000015
93003  31.393  29.444  12.621 0.1000000015
93571  29.111  30.128  13.372 0.1000000015
93601  30.624  30.717  11.871 0.1000000015
93017  32.977  29.924  10.979 0.1000000015
93019  34.649  29.837  9.433 0.1000000015
117474  35.527  29.693  8.374 0.1000000015
94152  33.963  31.314  8.021 0.1000000015
95158  26.928  33.592  11.576 0.1000000015
94619  27.382  32.924  11.965 0.1000000015
96183  27.149  35.149  10.215 0.1000000015
115548  26.851  34.572  10.698 0.1000000015
96206  27.195  35.954  9.264 0.1000000015
95685  27.936  35.231  10.005 0.1000000015
97220  30.093  37.972  5.732 0.1000000015
97704  32.307  38.558  3.554 0.1000000015
113437  24.170  34.842  6.305 0.1000000015
94686  22.950  32.969  6.934 0.1000000015
95731  23.784  34.185  5.875 0.1000000015
98801  39.475  40.524  -7.415 0.1000000015
99311  40.069  41.740  -6.794 0.1000000015
97794  41.142  38.682  -6.786 0.1000000015
96876  40.991  36.864  -6.813 0.1000000015
96329  40.388  35.784  -6.597 0.1000000015
93610  31.736  30.830  10.869 0.1000000015
94115  30.952  31.132  11.169 0.1000000015
129491  28.738  31.282  12.629 0.1000000015
94142  33.000  31.219  9.093 0.1000000015
94629  30.975  32.093  10.173 0.1000000015
94632  29.018  32.685  11.111 0.1000000015
94154  32.697  31.845  8.942 0.1000000015
94646  32.191  32.310  9.149 0.1000000015
94672  33.981  32.650  7.675 0.1000000015
127870  28.508  34.754  10.120 0.1000000015
95684  29.255  34.581  9.863 0.1000000015
96714  31.074  36.317  8.096 0.1000000015
121058  30.741  35.723  8.600 0.1000000015
96194  29.627  35.184  9.356 0.1000000015
96716  29.230  36.452  8.596 0.1000000015
97195  30.015  37.420  7.189 0.1000000015
96733  29.625  37.038  7.893 0.1000000015
97687  32.061  38.424  4.313 0.1000000015
120011  30.862  38.088  5.937 0.1000000015
97675  30.937  38.288  5.161 0.1000000015
98207  34.997  39.701  2.179 0.1000000015
98803  37.462  40.701  -7.693 0.1000000015
99762  37.510  42.186  -7.273 0.1000000015
97340  38.380  37.251  -7.611 0.1000000015
100178  38.059  43.011  -6.304 0.1000000015
95823  35.339  34.669  -3.659 0.1000000015
100143  37.725  43.543  -4.716 0.1000000015
96878  38.969  36.371  -7.516 0.1000000015
95837  36.669  34.497  -4.788 0.1000000015
95181  30.420  33.173  9.896 0.1000000015
95186  32.855  33.286  8.371 0.1000000015
94660  32.199  33.111  8.837 0.1000000015
116240  30.437  33.801  9.620 0.1000000015
95683  30.078  34.442  9.523 0.1000000015
95203  34.745  33.262  6.946 0.1000000015
95708  33.044  34.864  7.773 0.1000000015
95696  32.504  34.654  8.162 0.1000000015
95697  31.890  34.848  8.420 0.1000000015
95698  31.187  34.995  8.748 0.1000000015
95717  34.183  34.946  7.041 0.1000000015
96214  31.784  36.121  7.881 0.1000000015
96231  34.815  35.739  6.204 0.1000000015
112311  34.064  36.317  6.458 0.1000000015
96730  32.406  36.271  7.430 0.1000000015
112656  32.134  37.725  6.121 0.1000000015
96229  36.002  35.279  5.352 0.1000000015
96747  35.340  36.727  5.250 0.1000000015
97216  34.622  37.282  5.361 0.1000000015
97217  33.917  37.645  5.380 0.1000000015
97206  33.310  37.603  5.706 0.1000000015
97230  33.305  38.149  4.996 0.1000000015
96237  36.547  35.474  4.677 0.1000000015
96756  35.873  36.814  4.706 0.1000000015
113934  37.113  36.199  3.560 0.1000000015
97684  34.670  38.303  4.170 0.1000000015
97701  35.040  38.692  3.469 0.1000000015
97245  36.266  37.686  3.498 0.1000000015
97700  35.941  38.377  3.189 0.1000000015
97712  35.441  39.088  2.782 0.1000000015
126136  37.542  37.623  2.129 0.1000000015
98205  36.423  39.332  1.734 0.1000000015
99338  36.030  41.320  -8.075 0.1000000015
98819  35.444  40.655  -8.192 0.1000000015
122184  35.769  42.510  -7.129 0.1000000015
98805  34.096  40.551  -7.985 0.1000000015
131140  33.473  41.647  -8.335 0.1000000015
124824  37.153  43.665  -3.918 0.1000000015
95283  34.459  33.424  -2.649 0.1000000015
94761  35.430  32.885  -3.534 0.1000000015
94788  39.928  31.867  -6.110 0.1000000015
100191  33.552  43.237  -8.697 0.1000000015
100943  38.937  46.216  -1.747 0.1000000015
109057  36.046  43.553  -2.801 0.1000000015
116297  37.207  30.800  -4.630 0.1000000015
101733  40.316  47.557  0.663 0.1000000015
101354  39.469  47.109  -0.572 0.1000000015
111605  35.281  43.427  -2.966 0.1000000015
93131  36.586  29.606  -4.151 0.1000000015
100908  38.524  46.485  0.747 0.1000000015
100517  37.024  44.607  -0.003 0.1000000015
100518  36.576  44.201  -0.705 0.1000000015
120813  43.123  46.259  3.115 0.1000000015
101723  40.834  48.392  2.068 0.1000000015
100100  35.077  43.618  -1.458 0.1000000015
126160  31.080  28.031  -1.768 0.1000000015
126900  39.477  47.420  1.490 0.1000000015
100525  34.220  43.853  -1.563 0.1000000015
129918  35.269  36.225  -7.164 0.1000000015
91030  33.663  26.441  -3.508 0.1000000015
96609  37.712  36.261  17.894 0.1000000015
97135  35.211  37.594  15.554 0.1000000015
97595  36.034  38.772  16.603 0.1000000015
97603  36.308  38.994  14.788 0.1000000015
101724  39.829  47.879  2.200 0.1000000015
101707  38.652  47.522  4.039 0.1000000015
101312  37.645  46.047  3.299 0.1000000015
127160  36.067  44.560  1.315 0.1000000015
100526  33.662  44.418  -1.653 0.1000000015
124914  33.290  45.896  -1.696 0.1000000015
90350  34.045  25.860  -3.902 0.1000000015
123928  39.125  28.692  -5.920 0.1000000015
91036  37.420  26.354  -4.605 0.1000000015
90358  35.593  25.173  -4.564 0.1000000015
120389  36.771  37.724  17.840 0.1000000015
99967  38.212  44.786  17.946 0.1000000015
98590  37.526  40.627  16.403 0.1000000015
98063  37.098  40.055  15.932 0.1000000015
102081  41.162  49.801  3.778 0.1000000015
102088  41.571  49.570  2.875 0.1000000015
100879  36.866  45.535  3.283 0.1000000015
101423  32.959  46.267  -6.476 0.1000000015
129161  33.261  47.294  -5.762 0.1000000015
96866  34.867  36.447  -6.512 0.1000000015
97780  33.600  38.537  -5.031 0.1000000015
96341  35.239  35.588  -6.837 0.1000000015
127020  33.617  36.158  -4.939 0.1000000015
99114  37.720  41.344  17.732 0.1000000015
99113  38.608  42.131  17.387 0.1000000015
99591  42.411  43.524  15.095 0.1000000015
102057  41.398  48.606  6.093 0.1000000015
115610  35.630  45.313  3.973 0.1000000015
101295  36.100  46.314  5.483 0.1000000015
100911  33.680  45.110  1.563 0.1000000015
98769  32.870  40.330  -4.445 0.1000000015
98277  33.717  39.358  -5.650 0.1000000015
100398  38.995  44.861  17.122 0.1000000015
99156  36.855  41.321  13.911 0.1000000015
99989  40.726  44.539  16.026 0.1000000015
99997  40.038  44.204  15.411 0.1000000015
99143  38.284  42.242  14.164 0.1000000015
99593  40.248  43.710  14.708 0.1000000015
98630  36.667  40.463  12.493 0.1000000015
99153  39.651  42.224  13.371 0.1000000015
99152  40.901  42.499  13.390 0.1000000015
99161  41.226  41.817  12.801 0.1000000015
102017  40.424  50.059  10.359 0.1000000015
100897  33.345  45.309  2.315 0.1000000015
99291  32.270  41.763  -4.077 0.1000000015
102409  40.165  50.302  10.723 0.1000000015
102054  37.397  48.534  8.123 0.1000000015
101297  35.152  46.080  6.104 0.1000000015
116237  34.757  46.270  6.917 0.1000000015
101752  32.809  47.950  -0.710 0.1000000015
99703  31.831  42.273  -3.414 0.1000000015
98138  37.386  39.564  9.967 0.1000000015
98150  36.896  39.488  9.334 0.1000000015
98149  37.722  39.421  9.124 0.1000000015
112709  31.539  45.267  -4.125 0.1000000015
119100  33.585  46.305  7.769 0.1000000015
101336  32.263  46.988  1.473 0.1000000015
102121  32.928  48.707  -0.593 0.1000000015
80655  46.469  11.168  13.759 0.1000000015
81367  46.873  12.311  13.924 0.1000000015
82072  47.326  13.236  14.356 0.1000000015
80654  47.357  11.569  13.428 0.1000000015
81366  47.771  12.526  13.707 0.1000000015
81381  48.131  11.912  13.181 0.1000000015
80664  47.715  11.118  12.981 0.1000000015
80674  47.949  11.090  12.576 0.1000000015
85707  41.076  18.136  23.392 0.1000000015
82063  43.287  13.694  15.972 0.1000000015
116394  42.369  19.329  22.382 0.1000000015
85717  41.583  18.713  22.848 0.1000000015
85718  40.501  18.783  22.800 0.1000000015
86361  39.002  19.502  21.897 0.1000000015
85720  38.537  18.969  22.647 0.1000000015
81365  48.644  12.713  13.590 0.1000000015
81364  49.560  12.802  13.578 0.1000000015
81380  48.887  12.232  13.026 0.1000000015
80663  48.378  11.588  12.730 0.1000000015
80662  48.989  11.991  12.619 0.1000000015
111545  48.675  11.486  12.282 0.1000000015
86359  41.010  19.391  22.274 0.1000000015
86360  39.988  19.455  22.189 0.1000000015
130456  50.222  13.145  14.224 0.2000000030
86365  40.432  19.870  21.580 0.1000000015
87068  41.786  20.522  21.084 0.1000000015
86364  41.480  19.975  21.671 0.1000000015
87708  43.593  21.478  21.055 0.1000000015
87711  43.921  22.003  20.811 0.1000000015
87712  42.760  21.435  20.305 0.1000000015
87716  43.242  21.862  19.795 0.1000000015
81379  49.809  12.437  12.982 0.1000000015
120858  39.660  19.756  21.513 0.1000000015
85719  39.511  18.881  22.736 0.1000000015
117245  38.215  23.367  11.182 0.1000000015
123251  38.415  23.654  10.418 0.1000000015
89635  39.185  23.888  8.963 0.1000000015
89014  38.881  23.727  9.756 0.1000000015
89636  38.672  24.212  9.314 0.1000000015
89027  39.837  23.689  8.650 0.1000000015
87793  38.551  21.735  14.304 0.1000000015
87794  37.777  22.195  13.837 0.1000000015
117338  37.883  22.597  12.971 0.1000000015
88979  37.971  22.940  12.056 0.1000000015
87791  40.276  21.826  13.703 0.1000000015
87792  39.365  21.793  14.042 0.1000000015
88383  38.652  22.253  13.557 0.1000000015
88380  41.369  22.195  13.010 0.1000000015
109928  38.784  22.647  12.724 0.1000000015
88414  39.065  23.057  11.836 0.1000000015
89002  39.015  23.442  10.916 0.1000000015
114136  40.372  23.420  10.705 0.1000000015
130070  38.935  23.560  10.330 0.1000000015
89012  41.062  23.565  9.204 0.1000000015
116253  40.282  23.562  9.106 0.1000000015
89013  39.660  23.606  9.414 0.1000000015
88382  39.480  22.289  13.303 0.1000000015
88381  40.749  22.209  13.077 0.1000000015
123826  40.105  22.326  13.052 0.1000000015
88399  39.620  22.623  12.575 0.1000000015
88398  40.341  22.576  12.531 0.1000000015
89000  41.062  23.420  10.618 0.1000000015
89001  39.585  23.507  10.328 0.1000000015
108744  40.460  23.526  9.908 0.1000000015
88412  40.571  22.912  11.942 0.1000000015
88413  39.906  22.879  12.033 0.1000000015
88988  40.819  23.233  11.303 0.1000000015
88989  39.911  23.261  11.312 0.1000000015
121256  37.814  21.598  14.666 0.1000000015
109654  41.049  22.546  12.520 0.1000000015
78599  42.790  9.185  7.870 0.1000000015
79868  40.263  10.032  32.124 0.1000000015
79869  39.649  10.240  31.973 0.1000000015
80033  43.881  11.360  4.861 0.1000000015
80682  48.204  11.013  11.451 0.1000000015
81374  55.068  12.920  12.824 0.4000000060
81387  54.928  13.103  12.068 0.4000000060
81388  54.614  12.699  12.185 0.5000000000
81389  53.918  12.379  12.515 0.4000000060
81390  52.868  12.268  12.499 0.4000000060
81409  49.394  11.948  10.300 0.1000000015
81458  40.209  12.756  4.053 0.1000000015
81479  42.224  13.056  1.772 0.1000000015
82057  49.580  13.829  15.196 0.3000000119
82079  55.192  13.174  13.347 0.5000000000
82094  54.930  13.264  12.126 0.5000000000
82100  54.346  13.726  10.257 0.3000000119
82106  54.158  14.089  9.357 0.3000000119
82108  53.200  13.841  8.617 0.3000000119
82131  50.434  14.166  6.757 0.2000000030
82180  41.707  13.387  2.539 0.1000000015
82191  45.243  14.607  0.731 0.1000000015
82192  44.496  14.059  0.707 0.1000000015
82804  53.423  14.663  17.041 0.4000000060
82806  51.389  14.911  17.392 0.4000000060
82808  49.013  14.797  17.436 0.4000000060
82810  46.930  14.835  17.733 0.2000000030
82820  54.514  14.406  16.081 0.6000000238
82840  55.173  13.793  14.617 0.5000000000
82841  54.868  14.379  14.259 0.6000000238
82871  54.623  13.638  11.825 0.4000000060
82883  53.843  14.336  9.433 0.3000000119
82885  52.458  14.773  9.261 0.3000000119
82907  52.671  15.124  6.849 0.3000000119
82929  51.268  15.610  5.383 0.2000000030
82938  40.598  14.182  5.511 0.1000000015
82942  48.293  15.530  3.424 0.2000000030
82946  42.419  14.738  4.037 0.1000000015
82972  43.086  14.124  1.210 0.1000000015
82975  44.866  14.936  0.607 0.1000000015
83701  47.576  15.314  10.290 0.3000000119
83745  52.170  15.354  6.439 0.2000000030
83767  49.999  16.043  3.555 0.2000000030
83769  48.831  16.038  2.883 0.2000000030
83776  48.907  16.084  2.926 0.2000000030
83787  46.627  15.832  0.783 0.1000000015
83790  43.050  15.094  2.126 0.1000000015
83796  46.476  16.147  0.617 0.1000000015
83797  46.173  15.797  0.393 0.1000000015
83798  45.280  16.049  0.544 0.1000000015
84404  54.136  16.068  16.869 0.6000000238
84523  50.681  16.319  4.797 0.2000000030
84534  50.595  16.112  4.079 0.2000000030
84536  48.967  16.553  4.163 0.2000000030
84548  45.144  16.472  4.334 0.2000000030
84559  45.575  16.416  1.429 0.1000000015
84565  46.241  16.210  0.380 0.1000000015
85001  48.347  18.170  32.165 0.1000000015
85649  48.747  18.790  31.931 0.1000000015
86256  48.004  19.351  32.308 0.1000000015
86257  46.983  19.519  32.505 0.1000000015
86270  48.343  19.966  31.700 0.1000000015
86993  48.134  20.943  30.502 0.1000000015
87033  38.319  20.279  25.888 0.2000000030
87153  51.896  20.929  12.357 0.8000000119
87662  37.424  21.437  26.188 0.2000000030
87669  35.966  21.941  25.059 0.2000000030
87809  51.454  21.360  10.985 0.8000000119
88317  38.087  22.727  21.630 0.2000000030
88408  44.744  23.109  11.424 0.3000000119
88435  48.980  22.429  8.450 0.8999999762
88458  48.131  22.867  4.064 0.8000000119
88466  47.673  23.004  3.699 0.8000000119
88468  45.560  22.795  3.008 0.8000000119
88869  34.770  23.878  24.047 0.3000000119
88873  35.033  23.257  23.174 0.3000000119
88874  34.681  23.803  23.448 0.3000000119
88910  36.469  23.738  20.636 0.2000000030
89006  50.959  22.447  8.855 0.8999999762
89050  49.279  23.134  5.603 0.8999999762
89063  48.650  23.626  4.444 0.8999999762
89486  40.062  24.042  27.191 0.1000000015
89496  35.510  24.171  25.080 0.3000000119
89519  34.450  24.437  22.375 0.3000000119
89532  49.562  25.848  21.451 0.8000000119
89548  49.910  25.468  21.085 0.6999999881
89616  49.767  24.828  12.033 0.8999999762
89675  47.035  24.215  3.116 0.8999999762
89677  41.146  24.930  2.232 0.6000000238
89682  45.355  24.135  1.575 0.8000000119
89688  44.786  24.141  0.984 0.8000000119
90123  34.675  24.517  23.703 0.3000000119
90175  35.077  25.526  19.511 0.2000000030
90292  48.013  25.668  5.275 0.8999999762
90298  48.534  24.357  4.706 0.8999999762
90322  40.529  25.053  0.553 0.5000000000
90333  40.008  25.043  -0.245 0.5000000000
90351  33.433  26.211  -3.730 0.1000000015
90817  48.911  26.884  21.613 0.6999999881
90925  47.799  26.695  10.338 0.8999999762
90997  42.925  26.135  2.245 0.8999999762
91012  41.413  26.294  -1.160 0.6000000238
91016  41.409  26.456  -2.048 0.5000000000
91017  40.593  25.920  -1.755 0.6000000238
91022  40.561  26.477  -2.256 0.5000000000
91029  34.405  26.629  -3.533 0.1000000015
91550  35.503  27.094  23.082 0.1000000015
91607  35.994  27.781  16.836 0.2000000030
91608  35.237  28.186  17.096 0.2000000030
91656  47.790  27.543  12.617 0.6999999881
91709  36.933  28.039  3.547 0.2000000030
91717  36.777  27.936  2.851 0.2000000030
91771  38.774  27.872  -5.193 0.1000000015
92386  40.604  28.339  11.029 0.5000000000
92438  41.211  28.556  1.001 0.6999999881
92451  42.332  28.345  -2.161 0.6000000238
92455  30.236  28.730  -0.601 0.1000000015
92467  32.751  27.922  -2.249 0.1000000015
92955  44.151  30.162  15.163 0.6000000238
93046  41.625  29.755  4.486 0.6999999881
93094  42.266  29.036  -1.760 0.6000000238
93162  39.028  29.627  -6.407 0.1000000015
93555  40.369  30.703  14.435 0.4000000060
93627  35.426  30.653  6.650 0.1000000015
93694  30.663  29.799  0.064 0.1000000015
93707  35.745  30.193  -3.506 0.1000000015
94052  35.620  31.732  19.859 0.1000000015
94093  25.742  31.241  13.237 0.1000000015
94213  42.288  30.762  0.288 0.6999999881
94224  40.199  30.923  -0.363 0.5000000000
94229  42.081  30.713  -1.340 0.6000000238
94237  32.721  31.217  -1.411 0.1000000015
94261  39.887  31.702  -6.305 0.1000000015
94263  38.919  31.029  -5.600 0.1000000015
94278  35.566  31.753  -6.380 0.1000000015
94294  39.004  31.590  -7.010 0.1000000015
94633  24.087  33.068  10.870 0.1000000015
94741  44.948  32.679  -1.041 0.6000000238
94743  42.252  31.921  -1.167 0.5000000000
94787  39.990  32.101  -6.418 0.1000000015
94805  35.989  32.262  -6.723 0.1000000015
95156  35.699  33.944  11.757 0.3000000119
95163  37.486  33.301  10.493 0.3000000119
95165  29.931  32.970  10.298 0.1000000015
95202  35.223  33.425  6.540 0.1000000015
95227  41.667  33.172  3.489 0.6999999881
95234  42.064  32.840  2.677 0.6999999881
95244  45.536  33.741  0.159 0.6000000238
95251  39.168  33.605  1.462 0.2000000030
95282  34.947  33.401  -3.160 0.1000000015
95316  39.886  33.381  -6.518 0.1000000015
95318  39.409  32.610  -5.765 0.1000000015
95344  39.768  32.880  -6.958 0.1000000015
95346  38.404  32.868  -7.509 0.1000000015
95620  34.531  34.019  17.212 0.1000000015
95686  26.188  35.012  10.145 0.1000000015
95692  47.440  34.348  8.505 0.2000000030
95699  24.442  34.878  8.885 0.1000000015
95701  47.532  34.322  7.693 0.3000000119
95714  43.776  34.636  6.788 0.5000000000
95718  24.080  34.958  7.187 0.1000000015
95722  46.543  34.620  5.247 0.4000000060
95733  46.916  34.874  4.628 0.4000000060
95737  43.113  34.262  4.112 0.6999999881
95754  45.632  33.988  1.607 0.4000000060
95767  45.630  33.800  0.815 0.5000000000
95768  44.085  34.571  0.116 0.5000000000
95781  44.508  34.006  -0.600 0.5000000000
95792  44.893  33.372  -0.979 0.6000000238
95838  35.913  35.035  -4.285 0.1000000015
96170  34.779  35.456  12.852 0.2000000030
96187  46.820  35.217  10.117 0.2000000030
96198  25.173  35.232  9.122 0.1000000015
96211  47.707  34.473  7.815 0.3000000119
96219  47.557  34.664  7.171 0.4000000060
96222  34.341  35.530  6.661 0.1000000015
96247  29.264  35.878  3.186 0.1000000015
96252  42.328  35.314  2.159 0.5000000000
96296  33.434  35.480  -1.521 0.1000000015
96338  40.514  36.105  -6.810 0.1000000015
96339  40.185  35.095  -6.888 0.1000000015
96340  35.742  35.208  -7.365 0.1000000015
96355  35.691  35.955  -7.554 0.1000000015
96614  35.718  36.384  16.824 0.1000000015
96634  34.492  36.485  13.868 0.2000000030
96656  45.595  37.558  13.101 0.2000000030
96711  47.713  34.855  8.299 0.3000000119
96726  47.685  35.021  7.611 0.3000000119
96743  25.885  36.283  6.669 0.1000000015
96770  30.147  37.046  3.244 0.1000000015
96821  32.517  36.202  -0.366 0.1000000015
96889  36.051  37.049  -7.951 0.1000000015
97129  36.627  37.000  17.545 0.1000000015
97207  32.747  37.516  6.084 0.1000000015
97208  30.442  37.745  6.514 0.1000000015
97229  34.260  37.943  4.841 0.1000000015
97232  29.543  37.457  4.445 0.1000000015
97240  46.439  36.757  3.606 0.4000000060
97244  39.834  37.601  3.525 0.2000000030
97254  31.113  37.871  2.824 0.1000000015
97292  34.610  37.685  -2.736 0.1000000015
97298  35.949  37.774  -4.217 0.1000000015
97310  33.243  37.298  -4.540 0.1000000015
97317  41.115  37.199  -6.488 0.1000000015
97338  40.941  37.322  -7.115 0.1000000015
97342  36.363  37.568  -7.863 0.1000000015
97618  43.063  38.582  13.336 0.2000000030
97674  31.825  38.346  5.017 0.1000000015
97682  41.861  39.001  4.212 0.4000000060
97713  34.505  39.238  2.879 0.1000000015
97748  32.545  38.100  0.058 0.1000000015
97754  33.905  38.199  -1.765 0.1000000015
97785  40.877  39.012  -6.252 0.1000000015
97789  34.104  38.503  -5.850 0.1000000015
97805  41.111  38.082  -7.072 0.1000000015
97808  37.895  38.116  -7.639 0.1000000015
97811  34.775  38.790  -7.450 0.1000000015
98090  44.212  40.476  14.105 0.2000000030
98095  38.764  39.603  13.748 0.2000000030
98106  45.710  38.633  13.077 0.2000000030
98118  44.862  39.390  12.992 0.2000000030
98136  39.108  39.798  10.424 0.1000000015
98141  34.756  39.443  10.384 0.1000000015
98146  40.168  39.078  9.532 0.2000000030
98158  38.218  39.426  8.423 0.1000000015
98160  36.388  39.583  8.666 0.1000000015
98168  40.007  39.350  7.271 0.2000000030
98176  45.074  39.846  5.978 0.3000000119
98180  41.332  39.635  6.759 0.2000000030
98220  34.526  39.910  1.548 0.1000000015
98261  32.743  39.519  -3.939 0.1000000015
98268  37.528  39.769  -4.912 0.1000000015
98282  40.769  39.683  -6.690 0.1000000015
98298  33.926  40.198  -7.446 0.1000000015
98306  36.144  39.894  -7.894 0.1000000015
98308  34.710  40.334  -8.071 0.1000000015
98572  36.986  39.875  18.218 0.1000000015
98607  38.094  40.102  14.858 0.1000000015
98626  41.558  41.202  12.242 0.1000000015
98648  37.778  39.838  10.559 0.1000000015
98661  37.112  40.090  7.354 0.2000000030
98684  45.275  40.581  3.348 0.3000000119
98738  37.068  41.060  -0.987 0.1000000015
98759  32.074  40.350  -3.131 0.1000000015
98776  40.213  40.659  -6.038 0.1000000015
98789  40.562  40.485  -6.899 0.1000000015
98804  36.482  40.607  -7.895 0.1000000015
98821  33.951  41.319  -8.397 0.1000000015
99129  42.984  42.799  15.370 0.1000000015
99130  42.318  42.917  15.678 0.2000000030
99140  43.436  42.394  15.146 0.1000000015
99144  37.347  41.848  14.371 0.1000000015
99149  44.043  41.354  13.969 0.2000000030
99164  38.137  41.323  12.971 0.1000000015
99324  36.705  41.741  -7.661 0.1000000015
99340  34.116  41.920  -8.628 0.1000000015
99342  32.969  42.647  -8.601 0.1000000015
99567  39.828  44.060  17.683 0.1000000015
99600  41.875  43.274  14.259 0.1000000015
99602  39.352  42.703  14.051 0.1000000015
99630  44.230  42.665  6.175 0.2000000030
99634  40.567  42.358  6.318 0.2000000030
99696  40.765  42.393  -2.739 0.1000000015
99712  40.324  42.596  -4.855 0.1000000015
99721  40.129  42.776  -5.934 0.1000000015
99740  40.211  42.115  -6.326 0.1000000015
99760  39.466  42.064  -7.078 0.1000000015
99778  33.781  42.595  -8.679 0.1000000015
99780  33.034  43.400  -8.791 0.1000000015
99975  38.289  44.455  17.235 0.1000000015
99982  38.464  44.203  16.689 0.1000000015
99988  41.225  44.263  15.916 0.1000000015
99991  38.696  43.961  16.126 0.1000000015
100057  44.577  43.536  3.905 0.3000000119
100147  33.758  44.035  -5.922 0.1000000015
100156  39.349  43.532  -5.689 0.1000000015
100179  36.890  42.718  -6.192 0.1000000015
100192  33.297  43.956  -8.513 0.1000000015
100320  39.460  45.195  21.903 0.1000000015
100346  39.243  45.454  20.197 0.1000000015
100359  38.555  45.371  19.400 0.1000000015
100376  39.495  45.340  18.982 0.1000000015
100377  39.370  45.513  18.760 0.1000000015
100387  39.684  45.340  18.286 0.1000000015
100459  43.834  45.480  5.273 0.1000000015
100488  34.998  44.755  2.098 0.1000000015
100497  35.256  44.546  1.407 0.1000000015
100507  35.610  44.324  0.751 0.1000000015
100509  33.798  44.841  0.346 0.1000000015
100554  40.144  44.819  -4.029 0.1000000015
100738  39.338  45.438  19.410 0.1000000015
100763  39.324  45.482  19.039 0.1000000015
100853  39.235  45.384  6.988 0.1000000015
100854  33.344  45.740  6.634 0.1000000015
100865  44.071  45.349  4.080 0.1000000015
100868  35.806  45.696  4.610 0.1000000015
100898  32.642  45.856  2.327 0.1000000015
100909  37.778  45.704  1.287 0.1000000015
100924  33.271  45.477  0.055 0.1000000015
100930  40.317  46.559  -1.361 0.1000000015
100974  40.355  45.109  -3.417 0.1000000015
101008  32.009  45.433  -6.836 0.1000000015
101015  32.952  45.222  -7.363 0.1000000015
101259  39.641  47.174  8.570 0.2000000030
101261  34.892  46.906  8.143 0.1000000015
101262  34.145  46.750  8.339 0.1000000015
101263  33.208  46.613  8.452 0.1000000015
101264  32.303  46.694  8.397 0.1000000015
101275  35.342  46.830  7.505 0.1000000015
101276  32.174  46.104  7.044 0.1000000015
101283  35.462  46.576  6.797 0.1000000015
101292  43.175  46.629  5.190 0.1000000015
101307  31.892  46.228  3.876 0.1000000015
101313  37.145  45.980  3.975 0.1000000015
101321  40.848  47.798  1.416 0.1000000015
101324  32.204  46.610  2.203 0.1000000015
101342  40.272  47.495  -0.238 0.1000000015
101343  40.018  47.671  -0.235 0.1000000015
101345  32.928  46.280  -0.191 0.1000000015
101352  40.170  47.312  -0.975 0.1000000015
101356  32.758  47.161  -0.426 0.1000000015
101368  40.104  46.990  -1.480 0.1000000015
101381  39.788  46.561  -2.042 0.1000000015
101402  33.379  46.810  -5.246 0.1000000015
101415  31.834  46.718  -6.305 0.1000000015
101424  32.443  46.558  -6.478 0.1000000015
101658  36.468  47.927  8.421 0.1000000015
101672  37.149  47.874  6.894 0.1000000015
101715  42.002  48.958  2.333 0.1000000015
101789  31.322  48.272  -4.878 0.1000000015
101796  33.444  47.658  -5.205 0.1000000015
102032  40.473  49.337  10.287 0.1000000015
102071  39.985  49.803  5.154 0.1000000015
102080  41.510  49.533  3.907 0.1000000015
102160  33.409  48.369  -5.226 0.1000000015
102169  32.778  48.201  -5.562 0.1000000015
102424  40.120  50.368  9.822 0.1000000015
102439  40.299  50.229  7.637 0.1000000015
102544  32.236  49.873  -4.131 0.1000000015
108673  46.224  22.837  3.403 0.8000000119
108743  41.001  10.214  31.974 0.1000000015
108900  44.050  23.516  6.768 0.4000000060
108901  43.586  23.562  7.390 0.4000000060
109508  34.717  44.925  2.734 0.1000000015
109867  40.488  22.752  27.402 0.1000000015
110547  43.704  23.088  1.567 0.8000000119
110867  42.356  27.951  -1.818 0.6999999881
111646  45.218  16.588  6.689 0.2000000030
112290  39.813  44.527  20.907 0.1000000015
112727  43.531  23.839  0.369 0.8999999762
113104  37.113  35.788  -8.024 0.1000000015
113179  42.651  33.712  7.152 0.5000000000
113219  52.909  18.450  18.009 0.6999999881
113364  41.160  38.037  -6.338 0.1000000015
113654  41.030  42.702  3.634 0.2000000030
113668  38.167  27.380  16.276 0.4000000060
113953  26.860  36.603  7.891 0.1000000015
114191  30.529  28.225  -1.921 0.1000000015
114561  37.116  39.504  8.704 0.1000000015
114568  38.321  41.674  -3.027 0.1000000015
114851  33.809  29.964  18.170 0.2000000030
115246  37.506  40.541  12.065 0.1000000015
115458  44.299  26.603  11.711 0.8999999762
115616  34.074  39.651  -0.878 0.1000000015
115696  43.992  43.433  3.014 0.3000000119
115708  50.005  25.390  20.779 0.8000000119
116373  32.562  45.110  -7.388 0.1000000015
116699  43.135  30.065  14.045 0.6000000238
116921  32.506  38.957  1.854 0.1000000015
117045  35.671  31.045  -3.446 0.1000000015
117161  39.007  36.793  -5.645 0.1000000015
117263  39.774  38.665  -7.425 0.1000000015
117347  55.175  13.293  14.157 0.5000000000
117894  44.562  42.147  3.030 0.3000000119
117974  41.947  41.748  6.435 0.2000000030
118019  48.283  14.637  17.123 0.3000000119
118107  34.985  45.299  4.337 0.1000000015
118203  41.821  11.978  2.251 0.1000000015
118579  43.817  41.200  3.165 0.3000000119
118722  34.583  36.868  -2.773 0.1000000015
118788  37.395  37.775  18.349 0.1000000015
118966  39.897  32.537  -6.293 0.1000000015
118997  38.298  40.595  6.729 0.2000000030
119004  33.137  45.576  6.080 0.1000000015
119222  38.871  34.227  -7.576 0.1000000015
119369  38.307  26.024  0.499 0.5000000000
119485  32.427  38.989  -3.391 0.1000000015
120465  49.065  22.839  5.376 0.8999999762
120792  23.320  30.034  10.684 0.1000000015
120857  35.307  36.819  -3.567 0.1000000015
120941  36.882  41.212  -7.763 0.1000000015
120982  44.681  13.894  3.065 0.1000000015
121650  53.332  15.849  18.028 0.6000000238
122050  44.905  15.596  12.812 0.2000000030
122251  38.589  45.333  18.595 0.1000000015
122370  27.789  36.318  8.920 0.1000000015
122488  26.604  34.087  11.149 0.1000000015
122521  29.928  35.792  8.864 0.1000000015
122595  34.127  39.084  -6.418 0.1000000015
123314  31.190  31.697  0.128 0.1000000015
123326  32.677  42.476  -8.058 0.1000000015
123906  37.254  32.769  4.485 0.2000000030
123918  33.684  33.904  15.418 0.2000000030
123936  40.832  33.005  0.096 0.3000000119
124016  33.349  37.970  -4.609 0.1000000015
124128  31.625  27.762  -2.110 0.1000000015
124376  43.363  20.750  14.142 0.4000000060
124401  36.203  30.348  5.131 0.2000000030
124484  43.347  45.626  5.969 0.1000000015
124621  43.871  37.407  2.394 0.4000000060
124631  35.309  35.150  12.325 0.3000000119
124669  35.758  33.298  11.991 0.3000000119
124736  43.631  15.611  3.551 0.1000000015
124997  40.999  28.905  1.986 0.8000000119
125052  48.541  15.469  8.711 0.3000000119
125283  45.762  15.140  0.715 0.1000000015
125651  34.761  39.613  9.216 0.1000000015
125921  35.888  23.556  21.203 0.3000000119
125963  48.543  23.044  4.238 0.8999999762
126071  31.402  37.206  1.616 0.1000000015
126529  47.079  16.415  1.449 0.1000000015
126690  37.994  45.838  0.485 0.1000000015
127051  31.719  46.138  5.534 0.1000000015
127270  52.088  14.492  6.972 0.2000000030
127368  39.459  19.532  26.032 0.2000000030
127471  35.079  43.301  -3.671 0.1000000015
127573  52.056  12.736  9.825 0.3000000119
127664  38.569  36.052  2.086 0.1000000015
127789  35.554  13.961  30.835 0.1000000015
128070  42.798  32.639  8.168 0.3000000119
128108  36.481  47.462  7.182 0.1000000015
128165  37.244  48.214  7.521 0.1000000015
128346  37.898  43.894  -4.126 0.1000000015
128425  38.139  32.407  2.967 0.2000000030
128443  40.752  46.702  2.147 0.1000000015
128533  54.965  13.089  14.374 0.5000000000
128536  27.951  37.033  7.689 0.1000000015
128688  43.843  45.350  3.474 0.1000000015
128746  31.417  14.541  27.839 0.1000000015
128881  48.427  22.900  4.146 0.8999999762
129055  44.665  22.836  4.030 0.6999999881
129242  53.204  12.621  10.697 0.3000000119
129338  41.789  27.047  -2.512 0.5000000000
129343  32.527  44.590  -7.821 0.1000000015
129488  49.532  23.482  6.650 0.8999999762
129626  34.307  34.951  -5.627 0.1000000015
129646  40.182  19.456  19.350 0.2000000030
129796  51.242  16.124  5.194 0.2000000030
129919  41.549  27.573  15.635 0.5000000000
129954  34.761  50.721  -2.806 0.1000000015
130050  38.101  46.264  9.015 0.1000000015
130144  49.605  25.131  9.233 0.8999999762
130275  26.385  36.449  7.674 0.1000000015
130573  39.631  32.518  -7.073 0.1000000015
130843  38.702  28.716  -5.177 0.1000000015
131013  52.148  20.669  13.750 0.8000000119
131035  34.474  36.621  14.576 0.1000000015
