#!ascii label  , from subject sub-v1s13x0050005_ses-1 vox2ras=TkReg
5838
86364  41.480  19.975  21.671 0.2000000030
86365  40.432  19.870  21.580 0.3000000119
87070  39.868  19.983  20.855 0.2000000030
87069  40.786  20.331  20.768 0.3000000119
86386  39.744  19.510  19.726 0.3000000119
87077  40.132  20.054  20.116 0.3000000119
87085  40.780  20.422  19.941 0.4000000060
85131  39.695  17.921  19.399 0.4000000060
85751  39.938  18.921  19.327 0.3000000119
116688  40.606  19.229  19.041 0.4000000060
86385  40.484  20.010  19.443 0.3000000119
86384  41.126  20.067  18.865 0.3000000119
120381  40.044  16.811  19.444 0.5000000000
85130  40.558  17.462  19.271 0.5000000000
120926  40.357  18.371  19.195 0.5000000000
85141  41.031  18.213  18.975 0.5000000000
83611  40.925  15.273  19.211 0.4000000060
114382  40.458  15.697  19.431 0.5000000000
122353  40.818  16.432  19.449 0.5000000000
85768  41.451  19.092  18.645 0.5000000000
82797  40.923  14.775  18.727 0.4000000060
83592  41.276  15.739  19.386 0.5000000000
85129  41.371  17.140  19.135 0.5000000000
86402  42.018  19.950  18.498 0.4000000060
82039  41.607  13.882  17.234 0.4000000060
82796  41.916  14.731  18.525 0.4000000060
83610  41.636  15.237  19.049 0.5000000000
117626  41.587  16.295  19.346 0.5000000000
84388  42.297  16.716  18.966 0.5000000000
126056  41.901  17.937  18.773 0.5000000000
82048  41.939  13.538  16.479 0.5000000000
82815  42.196  14.284  17.827 0.4000000060
83609  42.629  15.201  18.851 0.5000000000
85140  42.810  17.677  18.579 0.5000000000
77700  43.459  7.398  13.985 0.8000000119
109476  43.732  8.337  14.357 0.8999999762
79968  43.243  10.542  14.495 0.8000000119
122041  42.468  12.049  14.785 0.6000000238
82064  42.512  13.480  16.007 0.6000000238
117780  42.255  13.908  17.174 0.5000000000
127712  42.684  14.634  18.339 0.5000000000
83590  43.136  15.842  19.044 0.5000000000
85767  42.390  18.780  18.407 0.4000000060
77714  43.255  7.408  13.498 0.8000000119
78542  44.070  7.803  14.080 0.8999999762
79284  43.597  9.514  14.477 0.8000000119
80658  43.190  11.509  14.565 0.8000000119
81356  42.690  12.907  15.329 0.6999999881
114118  42.702  13.829  16.717 0.5000000000
82814  43.261  14.501  18.013 0.5000000000
83608  43.612  15.270  18.778 0.5000000000
84398  43.173  16.762  18.744 0.5000000000
77723  41.622  7.236  11.403 0.6999999881
77715  42.486  7.056  12.922 0.8000000119
129362  43.823  10.173  14.488 0.8000000119
81355  43.650  12.993  15.070 0.6999999881
116357  43.991  14.132  16.351 0.6000000238
82047  43.440  14.243  17.057 0.5000000000
82794  44.023  14.906  18.444 0.5000000000
78560  42.702  7.772  12.587 0.8000000119
78550  44.022  7.764  13.807 0.8999999762
79283  45.028  8.903  14.258 0.8999999762
79967  44.050  10.867  14.458 0.8000000119
81354  44.581  12.970  14.808 0.6999999881
82830  44.314  14.482  17.062 0.5000000000
84387  44.163  15.627  18.893 0.5000000000
78568  41.651  8.062  11.209 0.6999999881
78549  44.668  8.150  13.944 0.8999999762
78540  45.206  8.560  14.015 0.8999999762
79966  45.017  10.507  14.343 0.8000000119
81369  45.032  12.161  14.430 0.8999999762
82062  44.232  13.654  15.578 0.5000000000
129336  44.377  15.289  18.693 0.5000000000
78567  42.089  8.409  11.702 0.8000000119
78558  44.556  8.213  13.455 0.8999999762
82046  44.749  14.211  16.231 0.6000000238
82812  44.672  14.726  17.933 0.5000000000
83607  44.977  15.532  18.804 0.5000000000
75988  46.960  5.069  8.805 0.6000000238
118789  45.194  5.460  8.554 0.6999999881
76778  42.603  6.683  9.394 0.6999999881
77739  41.764  7.980  10.003 0.6999999881
79303  44.123  8.612  12.677 0.8999999762
78557  45.212  8.573  13.629 0.8999999762
79965  45.882  10.156  14.007 0.8999999762
80656  45.529  11.273  14.198 0.8999999762
118295  45.057  15.169  18.533 0.5000000000
75989  46.057  5.206  8.645 0.6999999881
76007  44.315  5.762  8.587 0.6999999881
77738  42.306  7.560  9.357 0.6999999881
79314  41.777  8.896  10.849 0.6999999881
78566  42.985  8.602  12.260 0.8000000119
79302  45.131  8.699  12.938 0.8000000119
79282  45.698  9.189  13.979 0.8999999762
81368  45.957  12.180  14.217 0.8999999762
129501  45.762  13.445  14.909 0.6000000238
82829  45.171  14.616  17.080 0.5000000000
76005  46.650  5.556  8.176 0.6999999881
76791  44.912  6.052  8.039 0.6999999881
77737  42.939  7.140  8.742 0.6999999881
78581  42.012  8.448  9.358 0.6999999881
79320  42.158  9.706  10.598 0.6999999881
79312  43.425  9.386  11.866 0.8999999762
79281  46.214  9.680  13.681 0.8999999762
82045  45.638  14.306  16.155 0.5000000000
76006  45.776  5.729  8.066 0.6999999881
126974  43.540  6.904  8.324 0.6999999881
77746  42.621  8.009  8.673 0.6999999881
78582  41.699  8.754  10.088 0.6999999881
79319  42.914  10.012  11.069 0.8000000119
79311  44.569  9.364  12.184 0.8999999762
79301  45.917  9.093  13.199 0.8000000119
79964  46.509  10.216  13.610 0.8999999762
81367  46.873  12.311  13.924 0.8000000119
114119  46.057  13.875  15.291 0.6000000238
76022  46.331  5.924  7.636 0.6999999881
76809  45.589  6.333  7.402 0.6999999881
77745  43.309  7.588  8.175 0.6999999881
78590  42.331  9.032  8.617 0.6999999881
131311  41.819  9.351  10.165 0.6999999881
79988  43.922  10.107  11.412 0.8000000119
79310  45.644  9.391  12.437 0.8000000119
79300  46.662  9.671  13.082 0.8999999762
76810  44.645  6.704  7.543 0.6999999881
77757  44.386  7.452  7.172 0.6999999881
78589  43.025  8.423  8.002 0.6999999881
114825  42.034  9.964  9.783 0.6999999881
80000  42.576  10.441  10.226 0.6000000238
79987  45.054  10.042  11.634 0.8000000119
78597  44.135  8.228  6.866 0.6999999881
77758  43.698  7.932  7.521 0.6999999881
79333  42.098  9.972  8.946 0.6000000238
80007  42.386  10.765  9.285 0.6000000238
79999  43.426  10.688  10.632 0.8000000119
79998  44.458  10.754  10.914 0.8000000119
77772  44.794  7.744  6.497 0.6999999881
78598  43.418  8.862  7.241 0.6000000238
79339  42.458  9.865  8.168 0.6000000238
80013  42.418  10.642  8.425 0.6000000238
80006  43.005  11.162  9.876 0.6000000238
80692  43.923  11.365  10.217 0.8000000119
79338  42.896  9.789  7.425 0.6000000238
126779  42.584  10.471  7.768 0.6000000238
80701  42.787  11.461  9.189 0.6999999881
80700  43.446  11.775  9.460 0.8000000119
79347  43.532  9.709  6.601 0.6000000238
80018  42.891  10.679  7.061 0.6000000238
80019  42.607  11.266  7.786 0.6000000238
129091  42.754  11.395  7.199 0.6000000238
116394  42.369  19.329  22.382 0.2000000030
86358  42.888  20.198  21.745 0.2000000030
87068  41.786  20.522  21.084 0.2000000030
87084  41.255  20.556  19.447 0.2000000030
87099  41.645  20.667  18.930 0.3000000119
85766  43.338  18.496  18.340 0.4000000060
77716  41.765  6.781  12.249 0.6999999881
85139  43.720  17.443  18.513 0.5000000000
76769  42.180  6.292  10.125 0.6999999881
84397  43.958  16.399  18.791 0.5000000000
130063  45.474  4.970  8.987 0.6000000238
75992  42.910  5.817  9.520 0.6999999881
75147  48.274  4.646  9.644 0.5000000000
77730  41.940  7.149  10.037 0.6999999881
75987  47.909  5.063  8.946 0.6000000238
76008  43.422  6.280  8.798 0.6999999881
76004  47.555  5.502  8.283 0.6999999881
82811  45.548  14.852  18.005 0.6000000238
83606  45.779  15.459  18.790 0.6000000238
76003  48.472  5.507  8.390 0.6999999881
82060  46.539  14.331  16.031 0.5000000000
76020  48.138  5.874  7.719 0.6999999881
76021  47.183  5.930  7.546 0.6999999881
80665  47.066  10.628  13.328 0.8999999762
77756  45.135  7.021  6.879 0.6999999881
79986  46.089  10.032  11.853 0.8000000119
79309  46.491  9.636  12.602 0.8000000119
77771  45.553  7.388  6.202 0.6999999881
78607  45.172  8.045  5.803 0.6000000238
78608  44.520  8.484  6.203 0.6999999881
80706  42.993  11.990  8.725 0.6999999881
80698  45.533  11.977  9.903 0.8000000119
79346  44.244  9.244  5.994 0.6000000238
81422  43.826  12.461  8.970 0.6999999881
81421  45.017  12.691  9.129 0.8000000119
116477  42.832  12.057  7.315 0.6999999881
81440  43.384  12.947  7.093 0.6999999881
80024  43.425  10.646  6.168 0.6000000238
80717  42.960  11.458  6.610 0.6999999881
81444  43.146  12.325  6.389 0.6999999881
85716  43.712  18.844  22.808 0.2000000030
85715  44.602  18.637  23.378 0.2000000030
128524  43.726  19.511  22.392 0.2000000030
87076  41.620  20.827  20.247 0.2000000030
87075  42.673  20.959  20.971 0.2000000030
85138  44.724  17.150  18.574 0.5000000000
75145  50.088  4.877  9.808 0.6000000238
75146  49.227  4.749  9.745 0.5000000000
84396  44.814  16.085  18.953 0.5000000000
129004  50.622  4.950  9.839 0.6000000238
75984  50.689  5.334  9.370 0.6000000238
75985  49.790  5.242  9.187 0.6000000238
82828  46.158  14.714  17.120 0.5000000000
82793  46.001  15.183  18.539 0.6000000238
76001  50.385  5.705  8.678 0.6000000238
76002  49.481  5.671  8.405 0.6000000238
82072  47.326  13.236  14.356 0.6999999881
115067  46.495  6.295  7.086 0.6999999881
80664  47.715  11.118  12.981 0.8999999762
80654  47.357  11.569  13.428 0.8999999762
76019  48.921  5.878  7.835 0.6000000238
79978  47.519  10.543  12.508 0.8999999762
79979  47.089  10.066  12.607 0.8999999762
76808  47.898  6.284  7.043 0.6000000238
128772  47.194  6.340  6.907 0.6000000238
79996  46.556  10.610  11.269 0.8000000119
114624  46.845  10.116  12.002 0.8000000119
76825  46.794  6.702  6.472 0.6000000238
80690  46.046  11.279  10.570 0.8000000119
79997  45.542  10.692  11.107 0.8000000119
76826  45.961  6.757  6.629 0.6999999881
77786  46.820  7.596  5.265 0.5000000000
77787  45.968  7.736  5.498 0.6000000238
78620  44.846  8.785  5.510 0.6000000238
81439  43.917  13.226  7.656 0.6999999881
81433  44.253  13.057  8.380 0.6999999881
77769  47.226  7.128  5.837 0.5000000000
78618  46.401  8.128  4.736 0.5000000000
78619  45.578  8.401  5.115 0.5000000000
79356  43.954  9.959  5.845 0.6000000238
77798  47.308  8.097  4.456 0.5000000000
79355  44.570  9.653  5.162 0.5000000000
80034  43.971  10.604  5.241 0.6000000238
80723  43.399  11.538  5.675 0.6000000238
81450  43.454  12.473  5.551 0.6000000238
78634  45.923  8.818  4.233 0.5000000000
79364  45.214  9.573  4.229 0.5000000000
123568  43.606  11.968  5.037 0.6000000238
79365  44.588  10.433  4.296 0.5000000000
116669  44.270  11.266  4.071 0.5000000000
86352  45.266  18.926  23.733 0.2000000030
86357  44.878  19.272  22.986 0.2000000030
86356  45.272  19.943  23.020 0.2000000030
87064  44.499  20.087  22.422 0.2000000030
87713  42.136  21.140  19.499 0.2000000030
87712  42.760  21.435  20.305 0.2000000030
87098  42.255  20.889  18.733 0.3000000119
87716  43.242  21.862  19.795 0.2000000030
126944  42.703  20.327  18.402 0.3000000119
87731  42.718  21.388  19.097 0.3000000119
87097  42.991  21.003  18.482 0.3000000119
86401  42.945  19.512  18.262 0.4000000060
86400  43.420  20.219  18.218 0.3000000119
119887  43.845  19.293  18.180 0.3000000119
85765  44.280  18.276  18.357 0.5000000000
120030  44.803  19.135  18.236 0.4000000060
85137  45.641  17.320  18.634 0.4000000060
130131  45.391  16.563  18.816 0.5000000000
75134  51.545  4.690  10.488 0.5000000000
83605  46.595  15.432  18.791 0.6000000238
83588  46.432  15.827  19.083 0.6000000238
83589  45.585  15.885  19.054 0.6000000238
75133  52.574  4.826  10.560 0.5000000000
75973  51.183  5.042  9.860 0.6000000238
83604  47.456  15.472  18.764 0.6000000238
82792  46.784  15.123  18.480 0.6000000238
75970  54.455  5.643  10.007 0.5000000000
75972  52.144  5.219  9.867 0.5000000000
75983  51.652  5.556  9.301 0.6000000238
82809  47.672  14.734  17.366 0.6000000238
82827  47.091  14.588  16.783 0.6000000238
75971  53.260  5.451  9.925 0.5000000000
82826  47.894  14.477  16.583 0.6000000238
82836  47.415  14.266  15.874 0.5000000000
116566  46.911  13.854  15.143 0.5000000000
76000  51.226  5.840  8.765 0.6000000238
76806  49.701  6.301  7.523 0.6000000238
82059  47.813  13.833  15.046 0.5000000000
81366  47.771  12.526  13.707 0.8999999762
75999  52.022  6.029  8.753 0.5000000000
76790  50.222  6.065  8.092 0.5000000000
81381  48.131  11.912  13.181 0.8999999762
80674  47.949  11.090  12.576 0.8000000119
76787  52.799  6.556  8.235 0.5000000000
76804  51.525  6.743  7.602 0.6000000238
76805  50.645  6.534  7.563 0.6000000238
125927  47.444  10.387  12.203 0.8000000119
76822  49.560  6.924  6.530 0.6000000238
76824  47.615  6.697  6.420 0.6000000238
80689  47.052  11.155  10.681 0.8999999762
77754  52.371  7.488  6.905 0.5000000000
77755  51.218  7.182  6.894 0.6000000238
76821  50.351  6.865  6.934 0.6000000238
76823  48.501  6.747  6.453 0.6000000238
77770  46.373  7.188  5.983 0.6000000238
118145  50.681  7.602  6.109 0.6000000238
77767  49.055  7.381  5.756 0.6000000238
122120  45.106  13.201  8.407 0.6999999881
110713  50.569  8.229  5.110 0.6000000238
77785  47.721  7.635  5.079 0.5000000000
82148  43.609  13.122  6.165 0.6999999881
82123  44.731  13.443  7.756 0.6999999881
77795  50.419  8.626  4.146 0.6000000238
77797  48.304  8.306  4.178 0.5000000000
82154  45.004  14.197  5.358 0.8000000119
77796  49.470  8.596  3.910 0.5000000000
78633  46.873  8.571  3.905 0.5000000000
81457  43.680  12.588  4.767 0.6000000238
82155  44.447  13.864  4.751 0.8000000119
78629  50.936  8.559  3.586 0.5000000000
110678  49.778  8.712  3.129 0.5000000000
78631  48.861  8.680  3.172 0.5000000000
126208  46.497  8.998  3.417 0.5000000000
80042  45.287  10.196  3.316 0.5000000000
124630  44.778  10.979  3.178 0.5000000000
119449  44.377  11.986  2.953 0.5000000000
81456  43.945  12.733  3.908 0.6000000238
78642  49.047  8.538  2.589 0.5000000000
78643  48.153  8.710  2.561 0.5000000000
79371  46.645  9.375  2.583 0.5000000000
79372  45.975  10.059  2.191 0.5000000000
80048  45.329  10.675  2.388 0.5000000000
79385  47.198  9.062  1.189 0.5000000000
79379  46.701  9.535  1.509 0.5000000000
76846  51.904  7.520  4.115 0.4000000060
76847  51.069  7.258  3.872 0.4000000060
86343  44.535  19.078  24.610 0.2000000030
115464  42.979  18.159  25.557 0.1000000015
86331  43.732  18.604  25.064 0.1000000015
124273  45.531  19.337  23.975 0.2000000030
86344  43.061  19.294  24.843 0.1000000015
87046  44.062  19.855  24.432 0.1000000015
86351  45.410  19.585  23.591 0.2000000030
86341  45.476  19.924  23.888 0.2000000030
87685  45.165  20.670  23.553 0.2000000030
87063  45.314  20.280  23.400 0.2000000030
87067  44.034  20.894  21.744 0.2000000030
87708  43.593  21.478  21.055 0.2000000030
87066  45.165  20.780  22.673 0.2000000030
87706  45.112  21.781  22.592 0.2000000030
87707  44.716  21.582  21.888 0.2000000030
87710  45.004  22.361  21.757 0.2000000030
87711  43.921  22.003  20.811 0.2000000030
88338  44.628  22.811  19.284 0.2000000030
88327  43.989  22.448  19.572 0.3000000119
88322  44.416  22.548  20.585 0.3000000119
87729  44.377  21.942  18.642 0.3000000119
87730  43.410  21.710  18.932 0.3000000119
87728  45.252  21.649  18.347 0.3000000119
87096  43.820  21.045  18.251 0.3000000119
113107  45.855  20.886  18.175 0.3000000119
87095  44.780  20.948  18.095 0.3000000119
118397  46.417  19.877  18.305 0.4000000060
85763  45.882  18.982  18.346 0.3000000119
118580  45.320  19.970  18.153 0.3000000119
119935  44.308  20.106  18.086 0.3000000119
128646  46.573  19.183  18.419 0.4000000060
121778  46.081  18.041  18.565 0.4000000060
85764  45.227  18.158  18.446 0.4000000060
85128  46.943  17.141  18.879 0.6000000238
85136  46.293  17.385  18.709 0.5000000000
84386  47.152  16.367  19.097 0.6000000238
84395  46.192  16.598  18.908 0.6000000238
83603  48.382  15.538  18.771 0.6000000238
82791  47.708  15.082  18.226 0.6000000238
83587  47.327  15.799  19.063 0.6000000238
82825  48.712  14.447  16.561 0.6000000238
115501  48.252  14.868  17.698 0.6000000238
123939  50.302  14.030  15.844 0.6999999881
82834  49.207  14.166  15.835 0.6000000238
82070  49.324  13.372  14.340 0.8000000119
82069  50.336  13.562  14.949 0.6999999881
81364  49.560  12.802  13.578 0.8999999762
81380  48.887  12.232  13.026 0.8999999762
130456  50.222  13.145  14.224 0.8000000119
80662  48.989  11.991  12.619 0.8999999762
79977  48.032  10.862  12.092 0.8999999762
122578  52.313  6.847  7.691 0.5000000000
81392  50.371  12.350  12.664 0.6999999881
80673  49.526  12.077  12.424 0.8999999762
80681  48.731  11.312  11.744 0.8999999762
80688  47.922  11.212  10.809 0.8999999762
80685  50.211  11.950  11.461 0.8999999762
80686  49.417  11.650  11.264 0.8999999762
80695  48.401  11.768  10.202 0.8999999762
80697  46.570  11.817  10.018 0.8000000119
77753  53.580  7.814  6.520 0.5000000000
77766  51.828  7.911  6.062 0.6000000238
81418  48.902  12.373  9.461 0.8999999762
81431  46.823  12.828  8.783 0.8999999762
81432  45.901  13.038  8.643 0.8999999762
77765  52.869  8.091  5.894 0.6000000238
77782  51.459  8.326  5.233 0.6000000238
81430  47.554  12.676  8.962 0.8999999762
82121  46.601  13.347  8.075 0.8999999762
82134  46.300  13.729  7.336 0.8999999762
77752  54.570  7.702  6.180 0.5000000000
77781  52.290  8.332  5.188 0.6000000238
78617  51.264  8.541  4.348 0.6000000238
82146  45.283  14.081  6.190 0.8999999762
77764  53.702  7.962  5.712 0.5000000000
77792  52.676  8.031  4.592 0.6000000238
78616  51.900  8.477  4.577 0.6000000238
78628  51.772  8.453  4.023 0.6000000238
82935  45.438  14.419  4.534 0.8000000119
78627  52.133  8.292  4.177 0.6000000238
77805  51.382  8.278  3.618 0.5000000000
78641  49.783  8.525  2.784 0.5000000000
82172  44.871  13.764  2.196 0.8000000119
81476  44.409  12.694  1.291 0.6000000238
77793  52.050  8.115  3.985 0.6000000238
77806  50.901  7.959  3.162 0.5000000000
77813  50.149  8.311  2.768 0.5000000000
78650  49.074  8.287  2.332 0.5000000000
78651  48.079  8.597  1.889 0.5000000000
80055  45.471  10.625  1.291 0.5000000000
80056  44.979  11.298  1.994 0.5000000000
80745  44.652  11.910  1.585 0.5000000000
77794  51.433  7.965  3.473 0.5000000000
76854  50.689  7.789  3.158 0.5000000000
76855  49.888  7.553  2.885 0.4000000060
127039  49.410  7.930  2.319 0.5000000000
77820  48.170  8.252  1.726 0.5000000000
80054  46.137  10.043  0.944 0.5000000000
80062  45.684  10.209  0.584 0.5000000000
80752  45.176  10.608  0.754 0.5000000000
86332  42.057  18.779  25.419 0.1000000015
87054  44.888  20.338  24.048 0.1000000015
87696  45.256  21.156  23.139 0.2000000030
88326  44.829  23.072  20.318 0.2000000030
88312  45.210  22.764  22.357 0.2000000030
88918  45.334  23.387  19.716 0.3000000119
123803  45.402  23.162  21.634 0.2000000030
88930  47.018  23.651  19.296 0.3000000119
126195  46.557  24.080  19.969 0.3000000119
88931  46.046  23.494  19.263 0.3000000119
125752  47.329  23.004  18.807 0.3000000119
88336  46.437  22.874  18.647 0.3000000119
113172  46.087  21.896  18.391 0.3000000119
111451  47.236  22.138  18.588 0.3000000119
87727  46.695  21.322  18.354 0.3000000119
87726  47.770  21.183  18.509 0.4000000060
125396  46.797  20.676  18.311 0.4000000060
86399  47.252  19.346  18.508 0.4000000060
85762  46.853  18.543  18.581 0.4000000060
87094  47.474  20.200  18.439 0.4000000060
85135  47.503  17.805  18.890 0.4000000060
130270  46.712  17.789  18.712 0.4000000060
85750  48.542  17.742  19.224 0.4000000060
83585  49.146  15.949  19.239 0.6000000238
83586  48.246  15.879  19.120 0.6000000238
83602  49.264  15.575  18.771 0.6000000238
82790  48.649  15.174  18.213 0.6000000238
112951  49.682  14.484  16.637 0.6000000238
81377  52.251  12.415  13.306 0.6999999881
81378  51.011  12.532  13.194 0.6999999881
80672  50.318  12.128  12.154 0.8999999762
81408  51.010  12.289  10.561 0.8999999762
81400  51.219  12.151  11.568 0.8999999762
110577  50.333  12.303  10.082 0.8999999762
81416  51.332  12.791  9.395 0.8000000119
81417  50.123  12.658  9.237 0.8999999762
81429  49.385  12.984  8.580 0.8999999762
82132  48.380  13.693  7.288 0.8999999762
82133  47.289  13.671  7.362 0.8999999762
82145  46.913  14.079  6.617 0.8999999762
82921  47.601  14.500  5.636 0.8999999762
125974  46.361  14.724  4.317 0.8999999762
82954  46.222  15.013  2.419 0.8000000119
82961  45.465  14.531  1.543 0.8000000119
82970  45.417  14.559  1.071 0.6999999881
88904  45.691  23.603  21.109 0.3000000119
88298  45.100  22.189  22.888 0.2000000030
88915  49.206  24.130  20.177 0.2000000030
110174  47.962  24.120  19.930 0.3000000119
88902  46.641  24.586  21.116 0.3000000119
126216  45.879  23.849  21.914 0.3000000119
88878  44.197  23.474  22.553 0.2000000030
88928  49.742  23.562  19.735 0.3000000119
127335  49.079  23.215  19.629 0.3000000119
88929  48.106  23.420  19.413 0.3000000119
88903  46.134  24.226  21.679 0.3000000119
88886  45.881  24.385  22.005 0.3000000119
89518  45.048  23.928  22.407 0.2000000030
110624  49.789  22.915  19.256 0.3000000119
88334  49.504  22.526  19.281 0.3000000119
88335  48.283  22.693  19.061 0.3000000119
111323  48.434  21.989  18.860 0.3000000119
87725  49.264  21.422  18.906 0.3000000119
87093  48.588  20.532  18.625 0.3000000119
86397  49.025  19.206  18.963 0.5000000000
85761  48.107  18.669  18.875 0.4000000060
85748  50.192  18.001  19.575 0.5000000000
121674  49.420  17.644  19.470 0.5000000000
85126  48.844  17.006  19.428 0.5000000000
84394  51.364  16.709  19.487 0.6000000238
116367  49.924  16.506  19.504 0.6000000238
84384  49.059  16.421  19.431 0.5000000000
83599  52.647  15.934  18.487 0.5000000000
83616  52.070  15.430  18.016 0.6000000238
83618  50.122  15.564  18.553 0.6000000238
83584  49.992  15.996  19.212 0.6000000238
82822  52.871  14.137  16.528 0.6000000238
82823  51.817  14.313  16.654 0.6000000238
82824  50.759  14.440  16.692 0.6000000238
82807  50.196  15.005  17.560 0.6000000238
113199  54.171  13.175  15.268 0.6000000238
82054  53.341  13.519  15.789 0.6000000238
82044  51.261  14.002  16.137 0.6999999881
82066  54.348  12.823  14.555 0.5000000000
82067  53.313  12.973  15.023 0.6000000238
127240  52.355  12.893  14.672 0.6999999881
82056  51.273  13.615  15.501 0.6999999881
82080  54.948  12.872  13.772 0.5000000000
81360  54.159  12.536  13.818 0.6000000238
81361  53.106  12.595  14.147 0.6000000238
81362  51.750  12.693  13.991 0.6999999881
82095  54.631  13.454  11.341 0.6000000238
81398  54.504  13.117  11.258 0.6000000238
81376  53.475  12.373  13.265 0.6000000238
82872  54.384  13.931  10.775 0.6000000238
82101  54.101  13.771  9.588 0.6999999881
81407  52.183  12.462  10.630 0.6999999881
82115  53.187  14.403  8.530 0.6999999881
82109  52.269  13.586  8.490 0.6999999881
81428  50.599  13.375  8.188 0.8000000119
82119  48.776  13.339  8.010 0.8999999762
82894  53.090  14.599  8.512 0.6999999881
82901  52.728  14.886  7.631 0.6999999881
82130  51.149  14.008  7.270 0.8000000119
116646  49.339  13.763  7.227 0.8999999762
83733  52.347  15.421  7.002 0.8000000119
82917  51.772  15.248  6.065 0.8000000119
82919  50.050  14.996  5.180 0.8000000119
82920  48.883  14.678  5.399 0.8999999762
82943  47.290  15.245  3.377 0.8999999762
112413  45.300  16.355  2.957 0.8999999762
120396  51.601  15.813  5.669 0.8000000119
82931  49.690  15.388  4.346 0.8000000119
83770  48.070  15.942  2.500 0.8999999762
83785  47.510  16.278  1.893 0.8999999762
83759  51.014  16.017  4.762 0.8000000119
82930  50.649  15.656  4.592 0.8000000119
83761  50.079  15.926  3.674 0.8000000119
83768  49.509  16.063  3.186 0.8000000119
83760  50.539  16.052  4.013 0.8000000119
89550  48.408  24.947  20.841 0.2000000030
88916  47.287  24.524  20.429 0.2000000030
88345  50.101  22.563  18.178 0.2000000030
89549  49.496  25.208  21.048 0.2000000030
89535  46.351  24.879  21.764 0.2000000030
120870  44.921  24.358  22.104 0.2000000030
89522  44.157  24.117  22.119 0.2000000030
88344  50.455  21.915  17.778 0.2000000030
88333  50.146  22.137  18.747 0.2000000030
111544  50.021  21.893  19.057 0.3000000119
90160  46.918  25.341  21.405 0.2000000030
90152  45.938  24.818  21.924 0.2000000030
89537  44.088  24.496  21.406 0.2000000030
87723  50.562  21.351  18.290 0.2000000030
87724  50.299  21.299  18.723 0.2000000030
87092  50.039  20.908  18.912 0.3000000119
125687  49.403  20.751  18.789 0.3000000119
86394  51.665  19.298  18.923 0.4000000060
86395  50.967  19.763  18.874 0.4000000060
87083  50.362  19.904  18.777 0.3000000119
86396  49.432  20.010  18.717 0.3000000119
85747  50.900  18.440  19.640 0.4000000060
86382  50.719  19.153  19.358 0.4000000060
127016  50.313  18.677  19.495 0.5000000000
85134  52.682  17.364  18.911 0.4000000060
85123  51.912  17.375  19.532 0.6000000238
84382  51.296  17.385  19.690 0.5000000000
84401  53.737  16.271  17.724 0.5000000000
84393  52.250  16.662  19.062 0.5000000000
83600  51.748  16.022  18.875 0.5000000000
83621  54.376  15.235  16.468 0.4000000060
83614  53.879  15.399  17.319 0.6000000238
83615  53.023  15.315  17.743 0.6000000238
84453  44.455  16.456  13.669 0.6000000238
125526  43.977  16.967  13.842 0.6000000238
121967  54.595  14.936  15.573 0.4000000060
82803  54.110  14.693  16.726 0.6000000238
82821  53.842  14.111  16.356 0.6000000238
84451  46.640  16.076  13.693 0.6999999881
84452  45.822  16.059  13.535 0.6000000238
119552  45.031  15.967  13.362 0.6000000238
83653  44.200  15.754  13.142 0.6000000238
111962  54.061  15.720  15.193 0.4000000060
82833  54.946  14.061  15.339 0.5000000000
82053  54.405  13.695  15.673 0.6000000238
83651  46.331  15.626  13.039 0.6000000238
83652  45.553  15.619  12.927 0.6000000238
83672  44.501  15.446  12.405 0.6000000238
83632  54.024  15.129  14.417 0.4000000060
110260  54.634  14.962  14.883 0.5000000000
82052  54.876  13.378  14.880 0.5000000000
83650  47.197  15.618  13.115 0.6999999881
83670  46.805  15.396  12.229 0.6000000238
110240  46.038  15.306  11.678 0.6000000238
83688  45.300  15.320  11.214 0.6000000238
83671  45.243  15.375  12.158 0.6000000238
83645  53.119  15.080  13.963 0.4000000060
82851  53.990  14.567  13.499 0.5000000000
82850  54.859  13.996  13.424 0.5000000000
83686  47.465  15.317  11.708 0.6000000238
83687  46.895  15.332  11.165 0.6000000238
109187  46.052  15.335  10.787 0.6000000238
82862  53.474  14.447  12.472 0.6000000238
113447  54.081  14.147  11.561 0.6000000238
82873  53.715  14.377  10.529 0.6000000238
83685  48.231  15.201  11.655 0.6000000238
120482  47.741  15.270  11.111 0.6000000238
131180  47.078  15.398  9.839 0.6000000238
83722  46.572  15.511  9.424 0.6000000238
82884  52.898  14.577  9.954 0.6999999881
82887  48.676  15.106  10.654 0.6000000238
83720  48.579  15.282  9.559 0.6000000238
83736  47.878  15.679  8.234 0.6000000238
108645  46.988  15.642  8.653 0.6999999881
118970  53.367  14.556  9.051 0.6999999881
82895  52.316  15.049  8.432 0.6999999881
83700  49.769  15.069  9.619 0.6999999881
114069  49.670  15.388  8.650 0.6999999881
83747  48.257  16.028  7.179 0.8000000119
84513  47.313  16.372  6.551 0.8000000119
83746  51.632  15.787  6.464 0.6999999881
83734  51.092  15.632  7.538 0.6999999881
126664  49.662  16.188  6.556 0.6999999881
84512  48.775  16.418  6.088 0.8000000119
84525  48.201  16.565  5.358 0.8000000119
84537  46.999  16.583  4.332 0.8000000119
84547  46.398  16.541  3.350 0.8999999762
111204  50.654  16.011  6.786 0.6999999881
83753  49.972  16.458  5.634 0.8000000119
84524  49.507  16.580  4.968 0.8000000119
84553  48.018  16.242  2.487 0.8000000119
83752  50.962  16.249  5.810 0.8000000119
84535  49.997  16.319  4.016 0.8000000119
120717  50.734  21.797  16.626 0.2000000030
88351  50.066  22.484  16.911 0.2000000030
88359  50.471  22.198  15.736 0.2000000030
87740  50.975  21.349  17.348 0.2000000030
87752  51.328  21.315  16.420 0.2000000030
87722  51.141  20.765  17.838 0.3000000119
87091  51.336  20.037  18.301 0.4000000060
85760  51.964  18.576  19.352 0.4000000060
126847  52.736  18.978  17.369 0.3000000119
86393  52.385  18.898  18.519 0.3000000119
85759  52.604  18.200  18.874 0.3000000119
85746  51.514  18.059  19.650 0.4000000060
108313  53.198  17.827  18.113 0.3000000119
85152  53.604  17.503  16.593 0.4000000060
85144  53.862  16.866  17.188 0.5000000000
84435  45.258  16.643  13.807 0.6999999881
85185  44.635  17.235  13.944 0.6999999881
115295  53.531  17.164  15.970 0.4000000060
84411  54.312  15.924  16.037 0.4000000060
84434  46.097  16.749  14.008 0.6000000238
85184  45.484  17.440  14.114 0.5000000000
84450  47.502  16.005  13.867 0.5000000000
84433  46.967  16.704  14.230 0.5000000000
83624  53.172  16.274  15.212 0.4000000060
83669  47.757  15.367  12.399 0.5000000000
109302  52.854  15.681  14.620 0.4000000060
83668  48.658  15.166  12.377 0.6000000238
83646  51.999  15.214  13.920 0.4000000060
82852  52.680  14.751  13.241 0.5000000000
112570  53.194  14.475  11.591 0.6000000238
82877  49.151  14.890  11.539 0.6999999881
82863  52.297  14.577  12.282 0.5000000000
82874  52.359  14.556  11.169 0.6000000238
82886  49.954  14.776  10.607 0.6999999881
82896  51.109  14.898  9.529 0.6999999881
114359  51.430  21.631  14.408 0.2000000030
130451  50.888  22.019  15.076 0.2000000030
87739  51.625  20.848  16.814 0.2000000030
87113  52.354  20.336  16.170 0.3000000119
87106  51.885  20.252  17.303 0.3000000119
87105  52.519  19.672  16.692 0.3000000119
85774  53.258  18.195  17.100 0.3000000119
86417  52.780  18.965  16.259 0.3000000119
86425  52.605  19.456  15.454 0.3000000119
85794  52.629  18.625  15.869 0.3000000119
86426  52.375  19.454  15.089 0.3000000119
85165  53.068  17.724  15.977 0.3000000119
85182  47.416  17.320  14.649 0.5000000000
121874  45.660  18.302  14.346 0.5000000000
85166  52.155  17.785  15.772 0.3000000119
84413  52.831  17.038  15.502 0.3000000119
85181  48.264  17.218  14.845 0.5000000000
84432  47.848  16.618  14.390 0.5000000000
83633  52.071  16.284  15.104 0.4000000060
83635  49.241  15.934  14.313 0.5000000000
84431  48.721  16.567  14.601 0.5000000000
83636  48.363  15.969  14.078 0.5000000000
83649  48.917  15.601  13.716 0.5000000000
84414  51.548  17.039  15.384 0.4000000060
114771  51.408  15.751  14.549 0.5000000000
83648  49.719  15.433  13.747 0.5000000000
83667  49.178  15.229  13.054 0.5000000000
83647  50.783  15.310  13.816 0.5000000000
82854  50.205  14.867  12.911 0.5000000000
82865  49.530  14.838  12.287 0.5000000000
82876  50.130  14.650  11.560 0.6999999881
82853  51.433  14.774  13.075 0.6000000238
82864  51.048  14.574  11.997 0.6000000238
82875  51.347  14.651  10.607 0.6999999881
128761  51.720  21.430  13.655 0.2000000030
87769  51.851  21.282  12.964 0.2000000030
87761  51.298  21.557  15.532 0.2000000030
87142  52.024  20.870  13.088 0.2000000030
116089  52.125  20.962  13.772 0.2000000030
87760  52.083  20.924  14.754 0.2000000030
87128  52.345  20.394  14.316 0.2000000030
87121  52.532  20.318  15.124 0.2000000030
87129  52.026  20.441  13.821 0.2000000030
86436  52.656  19.901  14.861 0.3000000119
87120  52.688  19.779  15.600 0.3000000119
85795  51.734  18.619  15.609 0.3000000119
85805  46.562  18.730  14.797 0.5000000000
86427  51.184  19.222  15.232 0.3000000119
85170  47.943  17.886  15.042 0.5000000000
85183  46.452  17.592  14.454 0.5000000000
86442  46.306  19.853  14.669 0.3000000119
85167  51.005  17.771  15.625 0.3000000119
84415  50.540  17.074  15.291 0.4000000060
85180  49.022  17.166  15.056 0.5000000000
84429  50.871  16.369  14.989 0.4000000060
83634  50.240  15.827  14.469 0.5000000000
84430  49.730  16.611  14.919 0.5000000000
88379  51.345  22.186  12.652 0.2000000030
88378  51.743  21.317  12.089 0.2000000030
87781  51.981  20.989  12.389 0.2000000030
87799  51.463  20.857  11.980 0.2000000030
87143  51.456  20.634  12.955 0.2000000030
86438  51.845  19.737  14.380 0.2000000030
86437  52.414  19.990  14.423 0.3000000119
87130  51.175  20.171  13.925 0.2000000030
121939  47.178  18.019  14.864 0.5000000000
85796  50.471  18.543  15.553 0.4000000060
86428  49.951  19.163  15.329 0.3000000119
85797  49.345  18.464  15.447 0.4000000060
86429  48.882  19.181  15.326 0.5000000000
85799  47.734  18.770  15.166 0.5000000000
86441  47.275  19.665  15.023 0.3000000119
88389  51.622  21.374  11.416 0.2000000030
128939  51.394  21.678  10.387 0.2000000030
112993  50.738  21.522  10.135 0.2000000030
87820  49.613  21.780  10.416 0.2000000030
88419  47.736  22.708  10.194 0.2000000030
87798  51.768  21.076  11.745 0.2000000030
131041  51.508  21.015  11.339 0.2000000030
87811  50.229  21.421  11.036 0.2000000030
88420  46.771  22.924  10.670 0.2000000030
88995  45.951  23.242  10.568 0.2000000030
118436  50.859  20.937  11.534 0.2000000030
87800  49.654  21.335  12.006 0.2000000030
116413  48.401  22.279  10.821 0.2000000030
88405  47.268  22.570  11.147 0.2000000030
128553  45.441  23.083  11.192 0.2000000030
88407  45.031  23.367  10.729 0.2000000030
88984  44.213  23.394  10.896 0.2000000030
87782  50.355  20.815  12.591 0.2000000030
88391  46.788  22.379  11.986 0.2000000030
88406  46.192  22.768  11.361 0.2000000030
88409  43.939  23.110  11.633 0.2000000030
122094  49.405  20.842  13.515 0.2000000030
87144  50.297  20.491  13.593 0.2000000030
87131  49.173  20.518  14.253 0.2000000030
113403  48.067  20.349  14.709 0.2000000030
87145  48.268  21.012  13.952 0.2000000030
87132  47.441  20.786  14.386 0.3000000119
87146  46.231  21.277  13.958 0.3000000119
87147  45.310  21.254  13.923 0.3000000119
87786  44.871  21.792  13.392 0.2000000030
86439  50.426  19.688  14.791 0.2000000030
126789  50.038  20.198  14.364 0.2000000030
86440  49.159  19.953  14.917 0.2000000030
87133  46.660  20.752  14.406 0.3000000119
130974  49.582  19.541  15.142 0.2000000030
122062  48.189  19.666  15.151 0.3000000119
89007  46.794  23.374  9.181 0.2000000030
116023  46.110  23.415  9.846 0.2000000030
89008  45.696  23.539  9.295 0.2000000030
89010  43.947  23.560  9.504 0.2000000030
88994  46.812  23.196  10.026 0.2000000030
88996  44.502  23.517  10.155 0.2000000030
108616  45.344  23.504  10.025 0.2000000030
87812  48.998  21.809  11.415 0.2000000030
114099  48.383  21.683  12.347 0.2000000030
87813  47.832  22.160  11.747 0.2000000030
88985  43.350  23.379  11.015 0.2000000030
87801  47.270  21.926  12.592 0.2000000030
88393  45.331  22.730  11.852 0.2000000030
87783  48.984  21.293  12.997 0.2000000030
88394  44.532  22.693  12.172 0.2000000030
88396  42.784  22.542  12.481 0.2000000030
87784  47.767  21.492  13.242 0.2000000030
87785  45.779  21.753  13.374 0.2000000030
87803  44.298  22.249  12.905 0.2000000030
89021  46.095  23.560  8.488 0.2000000030
109397  45.082  23.606  8.632 0.2000000030
89009  44.788  23.579  9.409 0.2000000030
108902  45.370  23.606  7.834 0.2000000030
124251  44.396  23.606  7.881 0.2000000030
88395  43.673  22.636  12.361 0.2000000030
88986  42.441  23.317  11.120 0.2000000030
88392  46.290  22.112  12.734 0.2000000030
129078  45.947  22.475  12.156 0.2000000030
87802  45.277  22.290  12.697 0.2000000030
88410  43.077  23.034  11.758 0.2000000030
124136  46.730  21.658  13.362 0.2000000030
87804  43.414  22.141  13.052 0.2000000030
86359  41.010  19.391  22.274 0.3000000119
85752  39.228  18.802  19.605 0.3000000119
82816  41.314  14.309  17.955 0.5000000000
83591  42.103  15.769  19.236 0.5000000000
81347  42.043  13.140  15.749 0.6000000238
128439  42.736  14.391  17.935 0.4000000060
114915  43.341  7.575  14.205 0.8000000119
121857  44.350  8.856  14.383 0.8999999762
81371  43.182  12.321  14.781 0.6999999881
82063  43.287  13.694  15.972 0.6000000238
82038  42.764  14.187  17.475 0.6000000238
82795  43.254  14.881  18.554 0.5000000000
78541  44.611  8.299  14.180 0.8999999762
81370  44.037  12.067  14.548 0.6999999881
82813  43.926  14.569  17.777 0.5000000000
77731  41.623  7.615  10.685 0.6999999881
77722  41.864  7.576  11.998 0.8000000119
78559  43.703  7.917  13.110 0.8999999762
127148  45.280  9.617  14.252 0.8999999762
80657  44.724  11.408  14.390 0.8000000119
81353  45.465  12.946  14.646 0.8999999762
82061  45.202  13.684  15.315 0.5000000000
79313  42.456  9.243  11.413 0.8999999762
129984  45.608  8.931  13.722 0.8999999762
82073  46.337  13.175  14.559 0.8000000119
80655  46.469  11.168  13.759 0.8999999762
79325  41.884  9.303  9.510 0.6999999881
79292  46.693  9.889  13.368 0.8999999762
80707  42.603  11.363  8.575 0.6999999881
80691  44.975  11.405  10.444 0.8000000119
80699  44.435  12.000  9.726 0.8000000119
80713  42.753  11.908  8.086 0.6999999881
75986  48.869  5.133  9.056 0.6000000238
79291  47.284  10.331  12.930 0.8999999762
127620  43.288  12.624  8.050 0.6999999881
116627  46.256  14.915  18.044 0.6000000238
82071  48.261  13.318  14.265 0.8000000119
76807  48.782  6.318  7.197 0.6000000238
79995  47.499  10.671  11.504 0.8000000119
77768  48.121  7.193  5.762 0.6000000238
79354  45.200  9.026  4.857 0.5000000000
82136  44.291  13.583  6.869 0.6999999881
78632  47.814  8.602  3.508 0.5000000000
129543  44.171  10.889  4.649 0.5000000000
82147  44.338  13.702  5.790 0.6999999881
82156  43.768  13.208  5.262 0.6999999881
75982  52.806  5.906  9.124 0.6000000238
82835  48.285  14.200  15.808 0.6000000238
76788  51.776  6.354  8.235 0.5000000000
82058  48.732  13.846  15.028 0.6999999881
81365  48.644  12.713  13.590 0.8999999762
80663  48.378  11.588  12.730 0.8999999762
111545  48.675  11.486  12.282 0.8999999762
80696  47.507  11.737  10.119 0.8999999762
76803  53.192  7.292  7.424 0.5000000000
81420  46.157  12.448  9.343 0.8000000119
77783  49.672  8.088  4.940 0.5000000000
82122  45.664  13.454  7.925 0.8999999762
82135  45.355  13.776  7.161 0.8999999762
82934  45.881  14.459  5.233 0.8999999762
114124  50.329  8.584  3.096 0.5000000000
82165  43.887  13.217  4.525 0.6999999881
82164  44.300  13.549  3.855 0.6999999881
78644  47.267  8.904  2.970 0.5000000000
79363  45.914  9.495  3.375 0.5000000000
81463  44.327  13.132  2.982 0.8000000119
79378  47.426  9.067  2.021 0.5000000000
87045  45.229  19.550  24.233 0.2000000030
88337  45.354  22.659  18.709 0.3000000119
84385  48.104  16.353  19.252 0.6000000238
82068  51.271  13.160  14.635 0.6999999881
81363  50.605  12.803  13.758 0.6999999881
81379  49.809  12.437  12.982 0.8999999762
81391  51.442  12.284  12.494 0.6999999881
80680  49.435  11.750  11.954 0.8999999762
80687  48.695  11.382  10.975 0.8999999762
113887  50.048  11.967  10.775 0.8999999762
116371  47.950  12.268  9.520 0.8999999762
81419  47.088  12.293  9.468 0.8999999762
122155  48.335  12.785  8.794 0.8999999762
82120  47.653  13.202  8.209 0.8999999762
112517  46.030  14.047  6.691 0.8999999762
82922  46.428  14.352  5.899 0.8999999762
82944  46.265  14.819  3.453 0.8000000119
82945  45.128  14.344  3.571 0.8000000119
81469  44.620  12.804  1.909 0.6000000238
82955  45.369  14.494  2.424 0.8000000119
82186  44.885  13.820  1.011 0.6000000238
82178  44.911  13.751  1.421 0.6999999881
80753  44.570  11.411  1.085 0.5000000000
80744  44.966  11.196  1.174 0.5000000000
79386  46.532  9.489  0.656 0.5000000000
80061  46.069  9.833  0.303 0.5000000000
80068  45.191  10.369  0.578 0.5000000000
88877  45.047  23.138  22.544 0.2000000030
88917  46.078  23.942  20.470 0.3000000119
86398  48.272  19.662  18.667 0.5000000000
85127  47.862  17.024  19.142 0.5000000000
85125  49.905  17.153  19.596 0.6000000238
82789  49.428  15.233  18.116 0.6000000238
81399  52.424  12.292  11.611 0.6000000238
128745  51.249  13.253  8.600 0.8000000119
81415  52.481  13.295  9.149 0.6999999881
82144  48.044  14.131  6.477 0.8999999762
82143  49.447  14.306  6.292 0.8000000119
82933  47.161  14.822  4.661 0.8999999762
82953  47.214  15.585  2.353 0.8999999762
82960  46.190  15.218  1.490 0.6999999881
83779  46.998  15.828  1.463 0.8000000119
82969  46.033  15.257  0.888 0.8000000119
88887  45.499  23.754  22.167 0.2000000030
89534  47.481  25.452  21.421 0.2000000030
89521  45.509  24.356  22.120 0.2000000030
88914  49.840  24.686  20.354 0.2000000030
85749  49.384  18.459  19.326 0.5000000000
85124  50.822  17.676  19.689 0.4000000060
84383  50.691  16.997  19.687 0.6000000238
127465  50.587  16.471  19.476 0.6000000238
83601  50.843  15.992  19.138 0.6000000238
82805  52.456  14.749  17.248 0.6000000238
83617  51.066  15.504  18.283 0.6000000238
82043  52.154  13.772  15.998 0.6999999881
82055  52.295  13.286  15.308 0.6999999881
82849  55.162  13.595  13.819 0.5000000000
124234  55.114  13.136  12.644 0.6000000238
81375  54.473  12.549  13.077 0.6000000238
82088  54.999  13.436  12.834 0.5000000000
82882  54.240  14.112  9.874 0.6999999881
81406  53.995  13.193  10.408 0.6000000238
109404  53.774  12.522  11.546 0.6000000238
82861  54.434  14.018  12.609 0.6000000238
81414  53.269  13.251  9.621 0.6999999881
82107  53.859  14.015  8.949 0.6999999881
82116  52.751  14.385  7.997 0.6999999881
82893  53.667  14.293  8.930 0.6999999881
82129  52.582  14.767  7.180 0.8000000119
82117  51.968  13.948  7.710 0.8000000119
82118  49.898  13.565  7.688 0.8000000119
83718  52.149  15.348  7.743 0.6999999881
82908  52.375  14.964  6.595 0.8000000119
82918  50.956  14.890  5.681 0.8000000119
82909  51.613  14.623  6.488 0.8000000119
82932  48.508  15.108  4.459 0.8999999762
82941  49.341  15.756  3.418 0.8999999762
84546  47.559  16.439  2.950 0.8999999762
83778  47.577  16.132  1.865 0.8999999762
83777  48.058  16.146  2.533 0.8999999762
84554  47.364  16.455  2.103 0.8999999762
83786  46.950  16.225  1.226 0.8000000119
84558  46.506  16.384  0.816 0.8000000119
83775  49.507  16.087  3.179 0.8000000119
110376  50.703  20.650  18.496 0.2000000030
130754  50.502  20.550  18.613 0.2000000030
86381  51.314  18.878  19.426 0.4000000060
86383  49.916  19.252  19.204 0.4000000060
84402  53.031  16.502  18.440 0.5000000000
85122  52.154  17.931  19.442 0.5000000000
85145  53.454  17.060  18.040 0.5000000000
84454  43.635  16.330  13.598 0.6000000238
82832  54.947  14.376  14.970 0.5000000000
83654  43.206  15.738  13.149 0.6000000238
84412  53.713  16.512  15.706 0.4000000060
121297  45.988  15.425  12.422 0.6000000238
83702  46.690  15.381  10.271 0.6000000238
127147  46.048  15.427  10.022 0.6000000238
83721  47.561  15.445  9.263 0.6000000238
83737  46.200  15.824  8.576 0.6999999881
83748  46.929  15.987  7.757 0.8000000119
128777  46.313  16.330  7.185 0.6999999881
83719  51.023  15.229  8.584 0.6999999881
83735  49.341  15.680  7.682 0.6999999881
111618  47.886  16.589  4.561 0.8000000119
84545  48.373  16.397  3.337 0.8999999762
84538  45.751  16.604  4.890 0.8000000119
84544  49.435  16.231  3.321 0.8000000119
86409  52.110  19.567  17.906 0.3000000119
128650  53.578  17.509  17.402 0.5000000000
85784  53.062  18.117  16.357 0.3000000119
84405  53.978  16.723  16.367 0.4000000060
111865  48.210  15.525  13.259 0.5000000000
87751  51.951  20.898  15.772 0.2000000030
85169  48.772  17.781  15.257 0.5000000000
85798  48.495  18.394  15.294 0.5000000000
128251  50.166  14.664  12.202 0.6000000238
110104  47.122  20.326  14.715 0.3000000119
85168  49.788  17.626  15.411 0.4000000060
87810  51.184  21.246  10.833 0.2000000030
88427  49.669  22.096  8.803 0.2000000030
88418  49.040  22.214  9.816 0.2000000030
116030  47.971  22.945  8.722 0.2000000030
123260  47.552  23.029  9.510 0.2000000030
87770  47.171  21.257  13.979 0.3000000119
87134  45.738  20.591  14.325 0.3000000119
114337  42.183  22.918  11.853 0.2000000030
74226  51.528  3.441  19.703 0.3000000119
73397  50.171  2.776  19.484 0.3000000119
72526  48.362  1.515  18.346 0.3000000119
69875  55.205  -1.396  26.468 0.2000000030
69882  56.022  -1.953  26.553 0.2000000030
73396  51.086  2.801  19.264 0.3000000119
73412  50.640  2.215  18.778 0.3000000119
73413  49.733  2.107  19.012 0.3000000119
124207  47.723  1.325  18.014 0.3000000119
71590  54.466  -0.026  26.280 0.2000000030
73395  52.010  2.959  19.033 0.3000000119
72524  50.198  1.730  18.247 0.3000000119
72525  49.306  1.628  18.384 0.3000000119
72540  48.177  1.309  17.398 0.3000000119
72541  47.280  1.140  17.497 0.3000000119
71600  53.623  0.276  25.634 0.2000000030
72463  53.111  1.190  23.884 0.3000000119
73354  53.950  2.592  22.464 0.3000000119
73375  54.721  3.005  20.949 0.3000000119
73410  52.404  2.651  18.276 0.3000000119
72523  51.058  1.900  18.034 0.3000000119
72538  50.566  1.710  17.419 0.3000000119
72554  48.317  1.386  16.549 0.3000000119
72555  47.578  1.194  16.683 0.3000000119
73426  51.822  2.251  17.775 0.3000000119
72552  50.866  1.882  16.737 0.3000000119
72553  50.061  1.695  16.642 0.3000000119
108658  47.917  1.434  15.847 0.3000000119
72566  46.590  1.223  15.331 0.3000000119
74250  56.624  4.041  17.549 0.3000000119
72565  48.889  1.602  15.926 0.3000000119
72574  48.393  1.724  15.069 0.3000000119
109462  47.356  1.518  14.983 0.3000000119
73432  56.420  2.955  16.438 0.3000000119
73440  56.465  2.631  15.479 0.3000000119
127682  56.548  3.396  13.347 0.3000000119
74280  56.649  2.853  13.876 0.3000000119
127073  57.295  1.693  12.736 0.3000000119
75045  51.343  4.829  20.634 0.3000000119
74227  50.623  3.409  19.861 0.3000000119
120694  49.777  3.579  19.974 0.3000000119
73398  49.155  2.888  19.651 0.3000000119
73400  47.330  2.487  19.357 0.3000000119
73401  46.499  2.283  19.237 0.3000000119
68978  56.803  -2.507  26.731 0.2000000030
68977  57.351  -3.185  27.102 0.2000000030
75054  51.956  4.151  20.136 0.3000000119
72516  47.923  1.860  19.044 0.3000000119
72528  46.408  1.516  18.659 0.3000000119
119722  45.741  1.222  18.394 0.3000000119
70698  55.351  -0.444  26.832 0.2000000030
75894  55.410  6.123  20.480 0.3000000119
75911  55.819  5.637  19.965 0.3000000119
75053  53.020  4.365  19.962 0.3000000119
72542  46.365  0.947  17.787 0.3000000119
71681  45.776  0.641  16.986 0.3000000119
75037  56.312  5.547  20.364 0.3000000119
75910  56.181  5.459  19.844 0.3000000119
75051  55.323  5.041  19.515 0.3000000119
74242  54.017  3.650  18.552 0.3000000119
74243  53.029  3.177  18.811 0.3000000119
72556  46.718  0.875  16.823 0.3000000119
71691  44.325  0.509  16.403 0.2000000030
72462  53.714  1.554  24.564 0.3000000119
73343  54.035  2.490  23.483 0.3000000119
73353  54.549  3.204  21.969 0.3000000119
74208  56.102  4.310  20.887 0.3000000119
75040  56.367  5.094  19.825 0.3000000119
75070  55.666  4.758  18.787 0.3000000119
73425  52.631  2.573  17.479 0.3000000119
72567  45.938  1.102  15.147 0.3000000119
71712  44.431  0.828  14.895 0.2000000030
73342  54.547  3.218  23.041 0.3000000119
74188  55.122  3.951  22.553 0.3000000119
115463  55.975  4.680  17.284 0.3000000119
74252  54.295  3.654  17.728 0.3000000119
112820  51.995  2.285  17.084 0.3000000119
73435  50.687  2.100  16.055 0.3000000119
72564  49.841  1.908  15.738 0.3000000119
72576  45.699  1.334  14.368 0.4000000060
71711  45.210  0.970  14.966 0.3000000119
75082  56.321  4.387  16.927 0.3000000119
119680  54.480  3.934  16.820 0.3000000119
74258  53.538  3.327  16.279 0.3000000119
73441  52.011  2.648  15.869 0.3000000119
124508  49.215  1.914  15.197 0.3000000119
73453  47.979  1.933  14.205 0.3000000119
72588  46.273  1.636  13.788 0.4000000060
72589  45.350  1.625  13.492 0.4000000060
74264  56.548  3.672  15.907 0.3000000119
74257  55.097  4.430  16.234 0.3000000119
117646  54.250  3.943  16.034 0.3000000119
74267  52.714  3.078  15.685 0.3000000119
112510  50.376  2.517  14.641 0.3000000119
73452  48.985  2.196  14.385 0.3000000119
73460  46.793  2.035  13.287 0.4000000060
73461  46.101  1.907  13.123 0.4000000060
75096  56.084  4.416  14.656 0.3000000119
73450  50.559  2.805  14.081 0.3000000119
117397  49.302  2.557  13.676 0.3000000119
73459  47.571  2.193  13.436 0.3000000119
73473  47.237  2.450  12.749 0.4000000060
75104  56.022  4.283  13.721 0.4000000060
75117  56.811  3.600  11.110 0.4000000060
114015  56.484  3.744  11.941 0.4000000060
75111  56.031  4.127  12.659 0.4000000060
74296  57.211  2.709  10.936 0.3000000119
75967  57.084  4.655  9.003 0.5000000000
75129  56.794  4.306  10.184 0.4000000060
75968  56.562  5.283  9.580 0.5000000000
75978  56.886  5.522  8.602 0.5000000000
75056  47.732  4.371  20.067 0.3000000119
109232  46.914  4.090  19.890 0.3000000119
109733  45.862  2.986  19.467 0.3000000119
69874  56.537  -1.609  27.365 0.2000000030
69873  57.129  -2.414  27.535 0.2000000030
75046  50.389  4.750  20.553 0.3000000119
74218  49.506  4.534  20.366 0.3000000119
74229  47.529  3.415  19.724 0.3000000119
74230  46.705  3.190  19.595 0.3000000119
73415  45.566  1.987  19.059 0.3000000119
73416  44.574  2.081  18.973 0.3000000119
129489  55.874  -1.210  26.985 0.2000000030
75895  54.322  6.260  20.801 0.3000000119
75044  52.422  4.974  20.598 0.3000000119
72529  44.963  1.319  18.455 0.3000000119
72545  43.570  0.911  17.915 0.3000000119
75890  56.202  6.113  21.110 0.3000000119
75043  53.621  5.217  20.436 0.3000000119
71682  44.826  0.566  17.137 0.2000000030
71683  43.893  0.572  17.234 0.2000000030
72448  54.836  1.753  25.583 0.3000000119
75038  56.429  5.321  21.035 0.3000000119
71693  42.437  0.626  16.411 0.2000000030
72461  54.338  1.916  24.971 0.3000000119
73336  54.732  3.064  24.049 0.3000000119
74187  55.853  4.777  22.002 0.3000000119
71702  43.903  0.564  15.587 0.2000000030
73337  54.213  2.284  24.343 0.3000000119
72578  43.466  1.208  14.071 0.2000000030
72604  43.862  1.794  12.955 0.4000000060
72603  44.607  1.895  12.855 0.4000000060
130441  43.232  2.367  12.355 0.4000000060
75090  55.714  4.586  15.782 0.3000000119
74265  54.629  4.285  15.378 0.3000000119
74272  53.690  3.911  14.705 0.3000000119
74274  51.822  3.194  14.422 0.3000000119
74275  51.194  3.088  14.045 0.3000000119
72602  45.512  2.202  12.574 0.4000000060
73489  44.226  2.668  11.739 0.4000000060
75097  55.520  4.520  14.964 0.3000000119
75098  54.604  4.348  14.438 0.4000000060
116614  52.397  3.495  14.097 0.3000000119
74282  51.763  3.406  13.563 0.3000000119
73457  50.002  2.839  13.498 0.3000000119
73472  48.463  2.841  12.547 0.4000000060
73487  46.084  2.691  11.898 0.4000000060
74303  44.694  3.144  11.163 0.4000000060
117014  55.503  4.480  14.090 0.4000000060
75113  53.725  4.239  12.947 0.4000000060
74287  52.099  3.695  12.723 0.4000000060
119272  51.349  3.499  12.834 0.4000000060
119428  49.752  3.355  12.217 0.4000000060
74300  47.612  3.330  11.485 0.4000000060
74301  46.631  3.212  11.332 0.4000000060
74311  45.207  3.630  10.591 0.4000000060
74312  44.158  3.687  10.591 0.5000000000
114140  57.146  3.348  10.295 0.3000000119
128720  54.643  4.460  12.837 0.4000000060
75114  52.862  3.999  12.624 0.4000000060
74288  51.406  3.828  12.022 0.4000000060
74297  50.376  3.692  11.790 0.4000000060
74299  48.600  3.643  11.293 0.4000000060
74309  47.145  3.703  10.746 0.4000000060
74310  46.209  3.641  10.650 0.4000000060
75141  44.694  4.160  10.035 0.5000000000
75118  55.127  4.798  11.502 0.4000000060
75119  54.034  4.750  11.430 0.4000000060
76776  54.984  6.687  8.556 0.5000000000
70667  55.627  -0.807  29.233 0.2000000030
116859  55.676  -2.630  29.552 0.1000000015
75047  48.043  5.323  20.418 0.3000000119
126388  47.018  5.034  20.207 0.3000000119
124313  46.357  4.514  20.044 0.3000000119
71577  56.327  0.331  27.891 0.2000000030
70689  56.500  -0.764  27.924 0.2000000030
69864  56.843  -1.758  28.019 0.2000000030
68965  56.340  -3.457  29.198 0.1000000015
76692  52.655  7.880  21.403 0.3000000119
76705  52.233  6.729  21.186 0.3000000119
75899  49.763  5.478  20.727 0.3000000119
109732  48.919  5.347  20.585 0.3000000119
110157  46.129  3.830  19.787 0.3000000119
73402  44.985  2.893  19.322 0.3000000119
73403  44.110  2.866  19.235 0.3000000119
70697  56.124  -0.556  27.495 0.3000000119
69856  57.114  -2.507  28.199 0.2000000030
68110  57.023  -3.828  28.531 0.1000000015
76704  53.415  6.984  21.241 0.3000000119
75897  51.771  5.708  21.016 0.3000000119
75055  48.586  4.551  20.250 0.3000000119
73417  43.733  2.161  18.837 0.3000000119
71589  55.257  0.619  26.682 0.3000000119
72439  55.912  1.355  27.010 0.3000000119
76690  54.715  7.289  21.844 0.3000000119
76703  54.360  7.059  21.367 0.3000000119
75896  52.948  5.928  20.954 0.3000000119
72531  43.295  1.592  18.377 0.2000000030
72440  55.415  1.485  26.308 0.3000000119
76702  55.208  6.670  21.044 0.3000000119
71684  42.890  0.700  17.292 0.2000000030
114730  42.205  1.204  17.641 0.2000000030
71599  54.548  0.903  26.007 0.3000000119
112948  56.117  5.804  21.848 0.3000000119
71703  42.890  0.601  15.495 0.2000000030
72558  41.501  0.945  16.375 0.2000000030
72580  41.988  1.336  14.476 0.3000000119
73478  42.122  2.512  13.087 0.4000000060
73477  42.640  2.558  12.494 0.4000000060
74293  42.233  3.201  12.246 0.6000000238
74305  42.693  3.409  11.574 0.5000000000
75125  43.091  3.951  10.797 0.5000000000
75142  43.692  4.359  10.164 0.6000000238
110384  42.830  4.671  10.419 0.6000000238
75130  55.948  5.102  10.654 0.4000000060
118074  53.371  4.326  12.070 0.4000000060
75121  51.959  4.364  11.255 0.4000000060
75123  50.056  4.114  11.011 0.4000000060
75136  49.643  4.454  10.385 0.4000000060
74308  47.943  3.808  10.821 0.4000000060
75139  46.729  4.155  10.083 0.4000000060
75150  45.167  4.592  9.467 0.5000000000
75151  44.196  4.751  9.567 0.6000000238
75974  42.489  5.443  10.265 0.6000000238
75131  54.825  5.251  10.763 0.4000000060
75135  50.572  4.622  10.359 0.4000000060
75148  47.304  4.612  9.502 0.4000000060
75149  46.219  4.648  9.346 0.5000000000
75990  44.676  5.134  9.032 0.6000000238
75132  53.665  5.063  10.672 0.4000000060
75969  55.626  5.692  9.967 0.4000000060
75980  55.293  6.237  9.312 0.5000000000
75981  54.099  6.101  9.262 0.5000000000
111186  55.741  2.748  29.090 0.2000000030
71565  55.485  0.908  29.061 0.2000000030
71548  55.336  0.152  29.301 0.2000000030
71564  56.017  0.002  28.522 0.2000000030
70668  54.677  -0.369  29.862 0.2000000030
77648  51.890  8.616  21.695 0.3000000119
76693  51.539  7.537  21.278 0.3000000119
76694  49.993  7.231  21.157 0.3000000119
127429  49.605  6.661  21.020 0.3000000119
130711  48.555  5.853  20.719 0.3000000119
75901  47.421  5.864  20.521 0.3000000119
75912  46.058  5.105  20.246 0.3000000119
110477  45.639  4.446  19.977 0.3000000119
72431  56.295  1.348  27.698 0.3000000119
72422  56.051  1.421  28.526 0.2000000030
77646  53.775  9.126  22.548 0.3000000119
77645  54.540  8.357  22.510 0.3000000119
77647  52.932  8.894  21.960 0.3000000119
128053  50.677  7.147  21.185 0.3000000119
109524  50.118  6.380  20.992 0.3000000119
75913  45.167  5.085  20.172 0.3000000119
74232  44.459  3.642  19.522 0.3000000119
71588  55.903  0.447  27.353 0.3000000119
76691  53.827  7.994  21.796 0.3000000119
73404  43.286  2.838  19.106 0.3000000119
74233  42.765  3.477  19.281 0.3000000119
126075  56.027  2.040  26.601 0.3000000119
76677  55.272  7.208  22.613 0.3000000119
76678  54.950  7.537  22.364 0.3000000119
72532  42.451  1.825  18.337 0.2000000030
74244  41.492  2.895  18.886 0.3000000119
75877  55.637  6.720  23.146 0.3000000119
131061  55.863  6.141  22.426 0.3000000119
72533  41.575  1.717  17.953 0.2000000030
113290  41.766  2.269  18.509 0.2000000030
73324  55.140  2.716  25.026 0.3000000119
74172  55.293  3.864  23.662 0.3000000119
74171  55.659  4.715  23.253 0.3000000119
75021  55.892  5.680  22.951 0.3000000119
72559  40.733  1.432  15.971 0.2000000030
72547  40.718  1.481  16.811 0.2000000030
130345  40.376  2.091  17.835 0.2000000030
73463  41.831  2.088  13.726 0.5000000000
73454  40.606  2.430  14.846 0.3000000119
111644  41.656  3.555  12.848 0.6000000238
75116  41.946  3.898  12.027 0.6000000238
75126  42.326  4.231  11.317 0.6000000238
75962  41.675  5.514  11.671 0.6000000238
72407  55.261  1.971  29.506 0.2000000030
72408  54.350  2.440  30.340 0.2000000030
110831  54.584  1.005  29.860 0.2000000030
73300  56.317  2.531  28.221 0.3000000119
78451  53.466  9.614  23.316 0.3000000119
78496  52.244  9.312  22.445 0.3000000119
77649  50.738  8.185  21.515 0.3000000119
76695  49.188  7.067  21.058 0.3000000119
77669  48.359  7.151  21.025 0.3000000119
76707  47.838  6.491  20.787 0.3000000119
75902  46.525  5.777  20.446 0.3000000119
75903  45.598  5.763  20.418 0.3000000119
75904  44.630  5.769  20.342 0.3000000119
77607  55.259  8.298  24.100 0.3000000119
77630  54.404  9.215  23.319 0.3000000119
75057  44.799  4.388  19.836 0.3000000119
75915  43.360  4.999  19.869 0.3000000119
77629  55.046  8.347  23.242 0.3000000119
75058  43.925  4.320  19.704 0.3000000119
75059  43.056  4.244  19.534 0.3000000119
75061  41.618  4.782  19.550 0.3000000119
72447  55.726  2.343  25.932 0.3000000119
73318  56.349  3.030  26.648 0.3000000119
77606  55.384  7.708  23.534 0.3000000119
127823  42.031  3.393  19.184 0.2000000030
74235  41.275  3.818  19.246 0.2000000030
75063  39.825  4.560  19.376 0.2000000030
113071  56.006  3.341  25.745 0.3000000119
109279  55.979  4.718  24.470 0.3000000119
108820  55.827  6.369  24.132 0.3000000119
73419  40.906  2.279  18.274 0.2000000030
111748  39.827  3.265  18.669 0.2000000030
73335  55.576  3.660  24.626 0.3000000119
108745  39.971  2.820  15.217 0.3000000119
73445  40.262  2.067  15.598 0.2000000030
73428  40.033  2.024  17.340 0.2000000030
74246  39.089  3.266  18.267 0.2000000030
75071  38.711  3.911  18.700 0.2000000030
127927  38.988  4.462  19.212 0.2000000030
75108  41.265  4.288  13.579 0.5000000000
74276  40.878  3.781  14.090 0.4000000060
74278  39.713  3.624  15.059 0.3000000119
76751  41.748  5.930  13.494 0.5000000000
76759  41.682  6.037  12.484 0.6000000238
75975  41.813  5.901  10.870 0.6000000238
76770  41.671  6.776  10.771 0.6000000238
72409  52.410  2.078  30.346 0.2000000030
73271  53.560  2.517  30.722 0.2000000030
73301  55.351  3.731  29.275 0.2000000030
74141  56.299  4.279  28.202 0.3000000119
124619  55.966  3.417  28.804 0.3000000119
77608  54.046  9.283  23.819 0.3000000119
78452  52.351  9.358  23.302 0.3000000119
78475  50.760  9.191  22.872 0.3000000119
77650  49.720  8.102  21.484 0.3000000119
77651  48.859  8.024  21.418 0.3000000119
77670  47.550  7.222  21.052 0.3000000119
77672  45.974  7.014  20.940 0.3000000119
73310  56.319  2.194  27.260 0.3000000119
120325  54.755  8.833  24.133 0.3000000119
76648  54.102  8.680  24.341 0.3000000119
75905  43.689  5.709  20.200 0.3000000119
75916  42.758  5.728  20.059 0.3000000119
76647  55.028  8.240  24.696 0.3000000119
115812  54.669  8.080  24.901 0.3000000119
75060  42.488  4.925  19.684 0.3000000119
75917  41.921  5.577  19.825 0.3000000119
76646  55.483  7.542  24.454 0.3000000119
75918  41.100  5.517  19.736 0.2000000030
76727  40.015  6.235  20.029 0.2000000030
74156  56.186  4.380  25.480 0.3000000119
74998  56.043  5.948  24.942 0.3000000119
128805  39.412  5.093  19.577 0.2000000030
75920  38.681  5.178  19.584 0.2000000030
75921  37.718  5.393  19.634 0.2000000030
128937  55.751  3.497  25.201 0.3000000119
75091  38.960  3.768  15.620 0.3000000119
73430  38.906  2.884  16.994 0.2000000030
74253  38.521  3.332  17.555 0.2000000030
75064  38.057  4.477  18.952 0.2000000030
75065  37.094  4.854  18.975 0.2000000030
115698  36.715  5.377  19.508 0.2000000030
76750  42.321  6.576  13.943 0.6000000238
76745  40.826  6.011  14.373 0.5000000000
75100  40.221  4.243  14.544 0.4000000060
75101  39.365  4.455  15.023 0.3000000119
75083  38.222  4.025  16.220 0.3000000119
75078  37.336  4.246  17.494 0.2000000030
75072  37.385  4.343  18.264 0.2000000030
75066  36.411  5.106  19.017 0.2000000030
75922  35.933  5.421  19.399 0.2000000030
76758  42.147  6.524  13.243 0.6000000238
75092  37.803  4.889  15.990 0.3000000119
75085  36.837  4.762  17.131 0.2000000030
112864  36.371  5.056  17.522 0.2000000030
115544  35.590  5.409  18.221 0.2000000030
73283  54.042  3.188  30.210 0.2000000030
73284  53.247  2.721  30.209 0.2000000030
74113  54.593  3.688  29.523 0.2000000030
74131  55.113  4.439  29.091 0.2000000030
74151  56.273  5.059  28.066 0.3000000119
74142  56.032  5.005  28.473 0.2000000030
74130  55.808  4.317  28.770 0.2000000030
127192  52.611  7.093  23.977 0.3000000119
76658  52.897  8.253  24.031 0.3000000119
77611  50.907  8.402  23.522 0.3000000119
78454  50.308  8.827  23.249 0.3000000119
78455  49.238  8.599  23.326 0.3000000119
73309  56.454  3.257  27.664 0.3000000119
74980  55.644  6.075  27.681 0.2000000030
74988  55.479  6.558  27.020 0.3000000119
75861  53.653  7.505  24.564 0.3000000119
78453  51.342  9.080  23.243 0.3000000119
78498  50.253  8.882  22.214 0.3000000119
78500  48.458  8.686  22.158 0.3000000119
78501  47.599  8.607  22.172 0.3000000119
113356  47.327  7.957  21.509 0.3000000119
77671  46.724  7.496  21.250 0.3000000119
126225  45.223  7.316  21.115 0.3000000119
76711  43.954  6.498  20.525 0.3000000119
116630  44.414  7.249  20.941 0.3000000119
73317  56.467  4.254  27.417 0.3000000119
74979  56.261  5.591  27.518 0.3000000119
74999  55.120  6.833  26.137 0.3000000119
111753  43.218  6.235  20.321 0.3000000119
74152  56.422  4.375  26.502 0.3000000119
75843  55.711  6.605  26.209 0.3000000119
75856  55.222  7.509  25.426 0.3000000119
117322  43.145  6.752  20.490 0.3000000119
108541  41.894  6.766  20.231 0.2000000030
77674  42.535  7.265  20.573 0.3000000119
110097  56.217  5.538  25.539 0.3000000119
75855  55.671  6.959  25.191 0.3000000119
76713  41.117  6.864  20.220 0.2000000030
77676  40.738  7.572  20.497 0.2000000030
77677  39.896  7.548  20.573 0.2000000030
119107  39.151  7.463  20.667 0.2000000030
77678  38.554  7.803  21.041 0.2000000030
76715  39.416  6.705  20.293 0.2000000030
76728  38.598  6.027  20.039 0.2000000030
76717  37.492  6.628  20.551 0.2000000030
77680  37.044  6.972  20.937 0.2000000030
76696  36.314  6.865  21.073 0.2000000030
75907  36.207  5.771  20.026 0.2000000030
76719  35.767  6.217  20.584 0.2000000030
76697  35.448  6.687  21.197 0.2000000030
112202  41.657  6.174  14.101 0.5000000000
112581  39.804  4.983  14.667 0.4000000060
75948  39.036  5.419  14.942 0.4000000060
75927  35.874  5.248  18.757 0.2000000030
75923  35.378  5.531  19.250 0.2000000030
75908  35.243  5.719  19.953 0.2000000030
76720  34.237  6.037  20.181 0.3000000119
122045  42.692  7.407  14.298 0.6999999881
77702  42.132  6.951  14.279 0.6000000238
113593  40.530  6.900  14.511 0.5000000000
76747  39.268  6.337  14.741 0.4000000060
75939  38.161  5.518  15.474 0.3000000119
75940  37.532  5.589  15.857 0.3000000119
75937  36.031  6.041  16.766 0.3000000119
76733  35.106  5.879  17.965 0.4000000060
75928  35.178  5.600  18.705 0.2000000030
115809  41.175  7.534  14.485 0.6000000238
77703  40.061  7.744  14.546 0.5000000000
77696  38.721  7.102  14.858 0.4000000060
77697  37.916  7.046  15.294 0.3000000119
120865  37.458  7.667  15.451 0.3000000119
72423  52.501  2.086  29.475 0.2000000030
72410  51.582  1.528  29.794 0.2000000030
74132  54.527  4.040  29.109 0.2000000030
73302  53.936  3.429  29.687 0.2000000030
70751  45.457  -0.559  21.895 0.1000000015
71650  44.513  0.243  21.710 0.1000000015
72481  46.964  1.790  22.363 0.1000000015
110314  46.460  1.050  22.186 0.1000000015
120963  45.700  1.215  22.105 0.1000000015
108582  44.157  2.087  22.263 0.1000000015
71640  44.301  1.247  21.958 0.1000000015
72484  43.519  1.712  22.023 0.1000000015
124002  42.233  1.672  21.823 0.1000000015
73377  41.425  1.680  21.740 0.1000000015
73378  40.572  2.211  21.815 0.1000000015
73380  38.671  2.301  21.754 0.1000000015
110395  38.266  3.118  22.113 0.2000000030
129306  46.036  2.978  22.602 0.1000000015
73358  45.366  2.864  22.537 0.1000000015
72483  45.003  1.901  22.244 0.1000000015
73360  43.562  2.692  22.352 0.1000000015
108787  41.990  2.949  22.189 0.1000000015
74195  41.520  3.277  22.231 0.1000000015
74196  40.348  3.874  22.279 0.1000000015
75027  38.836  4.440  22.410 0.1000000015
75028  38.005  4.527  22.563 0.1000000015
75874  37.238  5.722  23.437 0.2000000030
74961  55.550  5.092  28.613 0.2000000030
75858  53.652  6.506  24.803 0.3000000119
76659  51.692  7.531  23.716 0.3000000119
74190  46.443  3.535  22.726 0.1000000015
74191  45.765  3.645  22.763 0.1000000015
74192  44.978  3.706  22.762 0.1000000015
75023  43.873  4.406  23.031 0.1000000015
75024  42.941  4.441  22.850 0.1000000015
75878  42.058  4.733  22.708 0.1000000015
117021  41.122  5.176  22.680 0.1000000015
75880  39.424  5.781  22.703 0.1000000015
76680  38.943  6.397  22.976 0.1000000015
76671  38.416  7.022  23.519 0.1000000015
76653  37.198  7.135  24.485 0.2000000030
74971  55.462  5.531  28.263 0.2000000030
128504  55.118  6.155  27.357 0.3000000119
75000  54.152  6.386  25.565 0.3000000119
75862  52.737  6.043  24.135 0.3000000119
108727  51.978  6.401  23.743 0.3000000119
76660  50.450  7.346  23.632 0.3000000119
77612  49.878  8.169  23.597 0.3000000119
78456  48.375  8.685  23.463 0.3000000119
78478  48.018  8.941  22.937 0.3000000119
78479  47.053  8.837  23.156 0.3000000119
77654  45.805  7.955  21.656 0.3000000119
111065  44.211  5.297  23.477 0.1000000015
75870  43.833  5.812  23.689 0.1000000015
75871  43.116  6.070  23.604 0.1000000015
76667  42.550  6.759  23.756 0.1000000015
76669  40.934  7.287  23.647 0.1000000015
78464  39.386  8.987  24.931 0.1000000015
77619  38.875  8.005  24.162 0.1000000015
77620  37.954  7.589  24.210 0.1000000015
77576  36.984  8.736  25.809 0.1000000015
77655  44.785  7.908  21.570 0.3000000119
110887  43.296  7.199  24.234 0.1000000015
128941  41.846  9.119  24.635 0.1000000015
78443  40.547  9.926  24.834 0.1000000015
79913  38.636  10.886  25.065 0.1000000015
79217  38.337  10.436  25.407 0.1000000015
79907  36.334  10.591  25.293 0.1000000015
79205  35.934  10.164  25.693 0.1000000015
78426  35.262  9.017  26.249 0.1000000015
77673  43.486  7.274  20.791 0.3000000119
77657  43.000  7.967  21.143 0.3000000119
78504  42.558  8.596  21.793 0.2000000030
78505  41.697  8.729  21.617 0.2000000030
110779  41.255  9.891  23.408 0.1000000015
79235  40.502  10.274  23.582 0.1000000015
79237  38.345  10.163  22.749 0.1000000015
79226  36.966  10.519  23.584 0.1000000015
79227  36.152  10.347  23.822 0.1000000015
79229  34.987  9.867  24.804 0.1000000015
78447  34.339  9.311  24.977 0.1000000015
78430  34.645  9.111  25.787 0.2000000030
78519  41.205  8.229  20.877 0.2000000030
78507  39.970  9.023  21.460 0.2000000030
114114  39.253  8.998  21.568 0.2000000030
113459  38.150  8.963  21.800 0.2000000030
78485  36.801  9.043  22.342 0.2000000030
112367  35.934  8.930  22.605 0.1000000015
78486  35.013  8.743  22.899 0.1000000015
130100  33.285  8.187  23.284 0.2000000030
78466  33.650  8.743  24.102 0.2000000030
113464  37.099  8.424  21.844 0.2000000030
120115  35.076  7.225  21.750 0.2000000030
77634  34.572  7.797  22.373 0.1000000015
112566  33.544  7.516  22.441 0.1000000015
77635  32.678  7.691  22.936 0.2000000030
76698  34.029  6.408  21.067 0.1000000015
127388  33.454  6.532  21.165 0.2000000030
77664  32.156  7.087  21.701 0.2000000030
77636  31.999  7.367  22.529 0.2000000030
75929  34.529  6.102  18.557 0.2000000030
76730  33.980  6.212  19.241 0.3000000119
76731  33.470  6.433  19.912 0.3000000119
76722  32.831  6.723  20.422 0.3000000119
77694  36.303  7.319  16.166 0.3000000119
77695  35.522  7.546  16.687 0.4000000060
76738  34.615  6.644  17.799 0.3000000119
77687  33.203  7.480  18.782 0.4000000060
77684  32.906  7.051  19.554 0.4000000060
120229  42.058  7.661  14.432 0.6000000238
78545  40.475  8.486  14.520 0.5000000000
78546  39.546  8.555  14.621 0.4000000060
115020  36.812  7.896  15.755 0.3000000119
65436  32.980  -6.196  27.871 0.1000000015
128329  32.208  -5.304  26.842 0.1000000015
67269  32.167  -4.547  25.962 0.1000000015
65435  33.888  -6.260  27.478 0.1000000015
66315  33.316  -5.863  27.018 0.1000000015
66334  32.771  -5.245  26.396 0.1000000015
67284  31.843  -3.986  25.672 0.1000000015
68992  31.895  -2.270  25.293 0.1000000015
67280  35.043  -4.983  25.045 0.1000000015
67281  34.154  -4.848  25.060 0.1000000015
67282  33.283  -4.465  24.999 0.1000000015
69008  32.422  -2.760  24.633 0.1000000015
69890  31.921  -1.295  25.443 0.1000000015
71607  32.787  -0.067  25.223 0.1000000015
122156  37.664  -5.197  25.305 0.1000000015
67278  36.776  -5.146  25.080 0.1000000015
117721  34.637  -4.541  24.418 0.1000000015
67296  34.202  -4.066  23.940 0.1000000015
68154  33.742  -3.440  23.639 0.1000000015
69901  32.758  -1.238  24.069 0.1000000015
70723  32.985  -0.388  24.318 0.1000000015
111901  38.586  -4.849  25.239 0.1000000015
67310  37.479  -4.491  24.019 0.1000000015
67312  35.941  -4.225  23.561 0.1000000015
68173  35.368  -3.667  23.014 0.1000000015
112818  33.998  -2.992  23.084 0.1000000015
70736  33.340  -0.793  23.491 0.1000000015
71621  33.630  0.005  23.803 0.1000000015
110328  48.678  -0.080  31.062 0.2000000030
67291  39.877  -4.100  24.869 0.1000000015
68171  37.824  -4.025  23.296 0.1000000015
67311  36.896  -4.192  23.377 0.2000000030
68188  35.775  -3.134  22.307 0.2000000030
69924  34.537  -1.959  22.274 0.2000000030
118440  34.322  -1.184  22.360 0.1000000015
127131  34.267  0.329  23.541 0.1000000015
69877  47.870  -1.258  26.064 0.2000000030
69878  46.901  -1.462  26.073 0.2000000030
68168  40.430  -3.534  23.405 0.1000000015
124024  39.089  -3.523  22.805 0.1000000015
68185  38.275  -3.540  22.561 0.2000000030
69044  36.402  -2.585  21.752 0.2000000030
69923  35.119  -1.353  21.868 0.2000000030
70745  34.725  -0.634  22.210 0.1000000015
70735  34.126  -0.345  22.875 0.1000000015
73303  53.270  2.802  29.222 0.2000000030
71566  51.006  0.983  28.845 0.2000000030
70711  48.845  -0.650  24.613 0.2000000030
125250  48.132  -1.296  25.054 0.2000000030
69886  47.279  -1.586  25.164 0.2000000030
69899  46.569  -1.898  24.506 0.2000000030
68183  40.563  -3.229  22.589 0.1000000015
68193  40.128  -2.962  22.007 0.1000000015
117467  38.639  -2.623  21.511 0.2000000030
69937  37.447  -1.542  21.101 0.2000000030
70761  35.917  -0.163  21.539 0.2000000030
71642  35.631  0.419  21.923 0.2000000030
72473  35.314  1.236  23.246 0.2000000030
70734  48.538  -0.433  23.610 0.2000000030
70722  48.001  -1.136  24.126 0.2000000030
69919  46.644  -1.317  22.791 0.2000000030
69920  45.719  -1.586  22.557 0.1000000015
69921  44.909  -1.823  22.312 0.1000000015
69930  44.336  -1.368  21.739 0.1000000015
69932  42.485  -1.795  21.523 0.1000000015
119197  41.314  -1.125  21.301 0.1000000015
69934  40.693  -1.531  21.257 0.1000000015
127735  38.909  -0.387  20.895 0.2000000030
70758  38.053  0.022  20.911 0.2000000030
72501  36.735  1.277  21.671 0.2000000030
72488  36.347  1.670  22.216 0.2000000030
70721  49.547  -0.108  24.598 0.2000000030
70733  49.276  0.021  23.905 0.2000000030
70740  48.090  -0.214  22.897 0.2000000030
70742  46.751  -0.484  22.372 0.1000000015
120446  43.218  -0.341  21.489 0.1000000015
71652  42.807  0.421  21.577 0.1000000015
71653  42.043  0.744  21.597 0.1000000015
71654  41.065  0.615  21.434 0.1000000015
72499  38.929  1.530  21.453 0.2000000030
112602  38.190  1.769  21.545 0.2000000030
72487  36.989  2.075  22.000 0.2000000030
73366  36.547  2.584  22.648 0.2000000030
124325  49.311  1.112  23.060 0.2000000030
72480  47.853  1.602  22.440 0.2000000030
75015  37.034  4.983  23.253 0.2000000030
75016  36.658  4.254  23.493 0.2000000030
74143  54.965  4.947  28.693 0.2000000030
74153  54.880  5.448  27.930 0.2000000030
74981  54.517  5.453  27.067 0.2000000030
74157  53.735  4.644  26.139 0.2000000030
74167  52.684  4.214  24.365 0.2000000030
74173  52.292  4.758  23.946 0.2000000030
120151  51.680  5.432  23.695 0.2000000030
75006  50.558  5.188  23.454 0.2000000030
73356  47.486  2.531  22.487 0.2000000030
74180  45.563  4.366  23.023 0.1000000015
74181  45.020  4.423  23.036 0.1000000015
76654  36.695  6.753  24.908 0.2000000030
74989  54.575  6.112  26.526 0.3000000119
75001  53.211  5.367  24.546 0.3000000119
75863  51.034  6.307  23.638 0.3000000119
75864  49.957  6.223  23.519 0.3000000119
124972  48.335  7.757  23.860 0.3000000119
129469  47.681  8.750  23.616 0.3000000119
77653  46.745  8.362  22.046 0.3000000119
76665  45.174  6.371  24.321 0.1000000015
77577  36.424  8.193  26.145 0.2000000030
76635  36.435  7.251  25.868 0.2000000030
115542  47.808  8.214  23.977 0.3000000119
77631  46.041  8.614  22.784 0.3000000119
77632  45.122  8.464  22.446 0.3000000119
77592  44.562  7.604  24.718 0.1000000015
76652  44.551  6.816  24.500 0.1000000015
76666  43.892  6.537  24.113 0.1000000015
77580  33.591  8.114  25.490 0.2000000030
76627  35.944  7.659  26.560 0.2000000030
78480  45.335  8.622  23.520 0.3000000119
78481  44.519  8.632  23.240 0.3000000119
78482  43.736  8.766  23.038 0.2000000030
78461  43.185  8.884  23.832 0.1000000015
77593  43.792  7.843  24.578 0.1000000015
77599  33.134  8.242  24.583 0.2000000030
77621  32.818  8.110  23.806 0.2000000030
77600  32.209  7.702  24.206 0.2000000030
77623  31.321  7.594  22.980 0.2000000030
112247  31.481  7.519  23.674 0.2000000030
77681  32.206  7.033  20.907 0.3000000119
116312  31.337  7.535  22.027 0.2000000030
127544  32.197  7.468  20.015 0.3000000119
78522  31.322  8.342  20.545 0.3000000119
78523  30.780  8.706  20.942 0.3000000119
78533  36.140  8.207  16.194 0.3000000119
77692  33.637  7.952  18.089 0.3000000119
78525  32.010  8.505  19.578 0.3000000119
79265  31.647  9.333  19.773 0.3000000119
79285  42.900  9.072  14.475 0.6999999881
79286  41.887  9.386  14.493 0.6000000238
79287  40.792  9.327  14.504 0.5000000000
79289  39.161  9.207  14.754 0.4000000060
110130  38.008  8.914  15.244 0.4000000060
79278  37.364  9.345  15.610 0.3000000119
127370  36.143  8.974  16.260 0.4000000060
79274  35.885  9.545  16.584 0.4000000060
66301  30.619  -5.473  28.336 0.1000000015
67251  30.057  -4.283  27.778 0.1000000015
66300  31.456  -5.984  28.449 0.1000000015
116120  31.306  -5.551  27.879 0.1000000015
68124  30.293  -3.512  27.295 0.1000000015
111446  34.583  -6.528  28.801 0.1000000015
66317  31.688  -5.306  27.245 0.1000000015
130072  30.951  -4.205  26.722 0.1000000015
68131  31.118  -3.228  26.306 0.1000000015
68981  31.090  -2.316  26.482 0.1000000015
67208  47.485  -3.986  33.477 0.1000000015
109191  37.063  -6.507  30.106 0.1000000015
65410  36.931  -6.546  29.060 0.1000000015
123371  35.191  -6.445  27.526 0.1000000015
66332  34.416  -5.866  26.465 0.1000000015
68993  31.506  -2.735  25.855 0.1000000015
69891  31.502  -1.795  25.999 0.1000000015
68936  47.797  -2.668  32.657 0.1000000015
65446  36.455  -6.414  27.032 0.1000000015
66330  36.146  -6.021  26.189 0.1000000015
66331  35.135  -5.944  26.326 0.1000000015
70712  32.217  -0.502  25.732 0.1000000015
121441  38.471  -5.828  26.328 0.1000000015
66341  36.952  -5.645  25.745 0.1000000015
116036  33.454  0.354  25.702 0.1000000015
70682  48.170  -0.296  28.110 0.2000000030
67267  40.484  -4.816  26.427 0.1000000015
67268  39.727  -5.072  26.214 0.1000000015
110381  33.486  0.245  24.743 0.1000000015
70656  47.943  -0.527  30.566 0.2000000030
69865  47.172  -1.143  26.872 0.2000000030
69866  46.557  -1.111  27.546 0.2000000030
69867  45.812  -1.430  27.325 0.2000000030
69860  45.276  -1.608  27.979 0.2000000030
68123  41.926  -3.944  26.728 0.1000000015
67276  41.323  -3.812  26.023 0.1000000015
68137  40.758  -3.810  25.328 0.1000000015
71619  34.839  0.928  24.880 0.1000000015
73327  35.649  2.018  24.959 0.1000000015
71551  48.899  0.438  29.753 0.2000000030
70702  47.964  -0.773  27.068 0.2000000030
124101  46.408  -1.395  26.728 0.2000000030
117497  45.687  -1.646  26.373 0.2000000030
69868  45.016  -1.713  27.101 0.2000000030
68972  44.378  -2.119  26.896 0.2000000030
68973  43.703  -2.579  27.138 0.2000000030
118989  43.169  -2.733  26.377 0.2000000030
68151  41.343  -3.494  24.669 0.1000000015
72466  35.249  1.411  24.393 0.1000000015
69876  48.744  -0.904  25.672 0.2000000030
69887  46.278  -1.785  25.487 0.2000000030
68989  44.916  -2.397  24.834 0.2000000030
69889  44.633  -2.249  25.587 0.2000000030
68990  44.096  -2.480  25.142 0.1000000015
122292  42.670  -3.107  24.442 0.1000000015
68150  42.029  -3.361  23.908 0.1000000015
69039  41.458  -2.462  21.736 0.1000000015
73349  35.691  2.134  23.849 0.2000000030
71550  50.564  1.091  29.751 0.2000000030
71568  49.363  0.412  28.904 0.2000000030
71604  50.069  0.176  25.022 0.2000000030
69002  45.984  -2.169  23.790 0.2000000030
69003  45.197  -2.463  23.939 0.2000000030
69016  44.572  -2.535  23.283 0.1000000015
108709  43.974  -2.514  22.657 0.1000000015
68182  41.857  -2.851  22.164 0.1000000015
73348  36.096  2.618  23.254 0.2000000030
126513  35.832  2.669  24.562 0.1000000015
120058  53.896  3.495  29.006 0.2000000030
73312  53.370  2.892  28.200 0.2000000030
72432  52.541  2.154  28.418 0.2000000030
71618  49.884  0.475  24.255 0.2000000030
71627  49.589  0.737  23.577 0.2000000030
74169  36.299  3.900  24.185 0.2000000030
73340  36.040  3.110  23.878 0.2000000030
73311  54.264  4.001  28.192 0.2000000030
71617  50.473  0.853  24.687 0.2000000030
108477  50.235  1.873  23.349 0.2000000030
72471  49.406  1.938  22.876 0.2000000030
73355  48.434  2.451  22.581 0.2000000030
75002  36.442  4.893  24.479 0.2000000030
73319  54.024  4.293  27.070 0.2000000030
73338  52.852  3.612  25.010 0.2000000030
74174  51.851  3.784  23.826 0.2000000030
75005  51.337  4.409  23.567 0.2000000030
73346  49.925  2.550  23.037 0.2000000030
121866  49.121  3.894  22.908 0.2000000030
128806  47.812  3.203  22.602 0.2000000030
125693  46.856  4.030  22.868 0.1000000015
75834  36.174  6.624  26.378 0.2000000030
75865  48.973  6.177  23.512 0.3000000119
76661  48.584  7.070  23.714 0.3000000119
76662  47.691  7.178  24.042 0.3000000119
114152  48.360  4.386  22.966 0.2000000030
120925  47.470  5.520  23.478 0.2000000030
75009  46.917  4.786  23.209 0.2000000030
75868  45.664  5.707  23.823 0.1000000015
75011  45.324  5.003  23.340 0.1000000015
76628  35.603  6.851  26.701 0.2000000030
76649  46.930  7.773  24.362 0.3000000119
76663  46.765  6.788  24.273 0.3000000119
76664  45.952  6.456  24.311 0.1000000015
77581  32.732  7.612  25.007 0.2000000030
118717  35.071  7.564  26.600 0.2000000030
78458  45.435  8.318  24.368 0.3000000119
78439  44.848  8.085  24.631 0.1000000015
77624  30.675  7.598  23.464 0.3000000119
77601  31.239  7.351  24.106 0.2000000030
77637  30.632  7.902  22.627 0.2000000030
78512  30.551  8.312  21.771 0.3000000119
79241  29.924  8.956  22.008 0.3000000119
79261  31.143  9.120  20.318 0.3000000119
79253  30.250  9.209  21.368 0.3000000119
79268  35.250  9.549  17.045 0.4000000060
79269  34.599  9.507  17.478 0.4000000060
79946  33.720  10.285  18.267 0.3000000119
79267  32.753  9.387  18.739 0.3000000119
79939  31.258  10.115  20.138 0.3000000119
79971  40.111  10.084  14.645 0.5000000000
79276  39.279  9.891  14.825 0.4000000060
79961  37.873  10.090  15.537 0.3000000119
79272  37.164  10.058  15.870 0.2000000030
79957  36.223  10.126  16.545 0.4000000060
79951  34.976  10.347  17.452 0.3000000119
79952  34.331  10.092  17.805 0.4000000060
68116  29.777  -3.254  27.980 0.1000000015
68975  30.250  -2.578  27.573 0.1000000015
69869  31.094  -1.205  27.585 0.1000000015
67200  47.794  -4.156  34.151 0.1000000015
68064  48.130  -3.526  33.931 0.1000000015
109194  38.481  -6.474  30.657 0.1000000015
65394  37.543  -6.500  30.698 0.1000000015
70703  32.158  -0.320  26.528 0.1000000015
68943  47.579  -2.229  31.781 0.1000000015
130149  39.097  -6.457  30.378 0.2000000030
65421  38.728  -6.447  29.000 0.2000000030
65431  37.578  -6.497  28.056 0.1000000015
71596  32.729  0.079  26.188 0.1000000015
69837  47.973  -1.069  31.177 0.1000000015
111709  39.605  -6.445  30.077 0.2000000030
65419  40.198  -6.078  28.735 0.2000000030
65429  39.372  -6.119  27.449 0.1000000015
71594  34.257  0.612  26.231 0.1000000015
66313  40.651  -5.531  27.562 0.1000000015
66326  40.101  -5.538  26.989 0.1000000015
71605  34.994  0.866  25.842 0.1000000015
70692  47.299  -0.706  27.772 0.2000000030
70671  47.620  -0.345  29.663 0.2000000030
111528  46.921  -0.699  29.170 0.2000000030
69859  45.729  -1.542  28.885 0.2000000030
68958  45.375  -2.291  29.322 0.2000000030
68122  42.653  -3.636  27.221 0.2000000030
67258  42.259  -4.388  27.528 0.2000000030
72454  35.427  1.395  25.425 0.1000000015
125929  44.448  -2.634  28.393 0.2000000030
68968  43.900  -2.879  27.998 0.2000000030
68114  43.540  -3.661  28.332 0.2000000030
68115  42.922  -4.071  27.931 0.2000000030
73322  36.768  2.786  26.124 0.1000000015
119149  36.449  3.603  25.680 0.1000000015
72424  51.818  1.458  28.679 0.2000000030
71567  50.180  0.630  28.916 0.2000000030
74158  36.302  4.206  25.053 0.2000000030
74982  36.684  4.963  26.529 0.2000000030
119235  36.582  4.393  25.905 0.2000000030
72465  50.824  1.470  24.457 0.2000000030
74176  50.039  3.431  23.060 0.2000000030
74990  36.455  5.031  25.513 0.2000000030
75827  36.413  5.539  26.928 0.2000000030
73320  53.377  3.080  27.146 0.2000000030
73325  53.102  3.374  26.113 0.2000000030
74168  52.150  3.389  24.255 0.2000000030
75835  36.050  6.226  26.847 0.2000000030
75829  34.811  5.503  27.274 0.2000000030
74175  51.004  3.501  23.455 0.2000000030
119536  50.459  4.231  23.292 0.2000000030
116938  48.418  5.275  23.292 0.2000000030
75866  47.300  6.267  23.874 0.2000000030
76629  34.835  6.809  26.700 0.2000000030
75007  49.690  4.354  23.112 0.2000000030
115408  49.486  5.224  23.303 0.2000000030
115980  48.054  6.224  23.650 0.2000000030
76636  33.211  7.233  25.634 0.2000000030
76630  33.248  6.437  26.058 0.2000000030
76637  32.406  6.680  25.462 0.2000000030
75846  31.804  5.881  25.782 0.2000000030
108533  29.986  7.687  23.727 0.3000000119
77582  31.842  7.145  24.718 0.2000000030
78468  29.291  8.796  23.318 0.3000000119
78467  29.935  8.155  23.115 0.3000000119
79242  29.557  9.444  22.311 0.3000000119
78487  30.131  8.440  22.424 0.3000000119
79940  30.675  10.591  20.761 0.3000000119
79932  30.179  10.076  21.255 0.3000000119
80637  33.074  10.830  18.857 0.3000000119
79943  31.926  10.118  19.528 0.3000000119
80632  31.736  10.791  19.809 0.3000000119
115873  42.323  11.085  14.567 0.6999999881
79970  41.014  10.241  14.532 0.6000000238
79958  40.361  10.936  14.778 0.5000000000
79960  38.701  10.422  15.249 0.4000000060
79954  38.152  10.989  15.707 0.3000000119
80645  36.930  11.180  16.580 0.4000000060
79949  36.250  10.778  16.809 0.3000000119
80641  34.997  11.139  17.721 0.4000000060
117388  33.889  11.223  18.532 0.3000000119
69870  30.492  -1.713  27.954 0.1000000015
67201  47.088  -4.627  33.521 0.1000000015
68937  47.116  -2.874  31.896 0.1000000015
65393  39.400  -6.485  30.925 0.1000000015
69828  47.321  -1.754  30.972 0.2000000030
65365  43.447  -6.476  32.835 0.1000000015
65366  42.280  -6.560  32.503 0.1000000015
65367  41.489  -6.588  32.215 0.1000000015
65380  40.126  -6.520  31.280 0.1000000015
70672  47.204  -0.861  29.914 0.2000000030
68944  46.823  -2.575  31.222 0.1000000015
65378  42.218  -6.445  31.689 0.1000000015
65406  41.116  -6.153  29.854 0.1000000015
65407  40.307  -6.266  29.573 0.2000000030
72445  35.799  1.276  26.328 0.1000000015
124239  48.685  0.164  28.824 0.2000000030
70657  47.454  -1.116  30.542 0.2000000030
66276  41.927  -5.970  30.113 0.2000000030
66285  40.980  -5.913  29.040 0.2000000030
70670  48.132  0.022  29.231 0.2000000030
69848  46.501  -1.215  29.444 0.2000000030
68957  46.077  -1.842  29.730 0.2000000030
68952  45.782  -2.606  30.029 0.2000000030
68094  44.899  -3.871  30.223 0.2000000030
67238  42.729  -4.913  29.053 0.2000000030
66295  42.223  -5.258  28.988 0.2000000030
68092  46.121  -2.983  30.711 0.1000000015
130647  45.525  -3.270  30.291 0.2000000030
68106  44.477  -3.570  29.414 0.2000000030
68107  43.799  -4.009  29.073 0.2000000030
67248  43.144  -4.389  28.698 0.2000000030
67249  42.407  -4.776  28.367 0.2000000030
73326  36.082  2.711  25.375 0.1000000015
74154  37.259  3.920  26.708 0.1000000015
71579  50.582  0.465  28.083 0.2000000030
74973  36.352  5.079  27.581 0.1000000015
72441  52.552  2.251  27.358 0.2000000030
71591  51.335  0.933  26.960 0.2000000030
115671  50.765  0.398  27.253 0.2000000030
72452  51.055  1.284  25.173 0.2000000030
75828  35.850  5.684  27.268 0.1000000015
72451  51.721  1.792  25.682 0.2000000030
72442  51.860  1.634  26.639 0.2000000030
72470  50.940  2.014  23.923 0.2000000030
72450  52.468  2.395  26.333 0.2000000030
108637  52.248  2.602  25.344 0.2000000030
73339  51.915  2.778  24.514 0.2000000030
72464  51.431  2.021  24.737 0.2000000030
73345  50.655  2.631  23.401 0.2000000030
75837  33.657  5.044  27.125 0.2000000030
75845  32.558  5.946  25.992 0.2000000030
114101  33.080  5.569  26.466 0.2000000030
75839  31.276  5.256  26.244 0.2000000030
126853  30.645  6.386  25.144 0.2000000030
76639  30.061  6.129  25.548 0.2000000030
112292  29.039  8.022  24.471 0.2000000030
77583  29.225  7.328  24.955 0.2000000030
79231  28.823  9.509  23.573 0.3000000119
78469  28.870  8.728  24.005 0.3000000119
79922  28.920  10.276  23.143 0.3000000119
80621  30.197  11.623  21.783 0.3000000119
80622  29.713  11.001  22.031 0.3000000119
80648  41.276  11.920  15.047 0.5000000000
81358  40.150  12.245  15.640 0.4000000060
80650  39.308  12.052  15.797 0.4000000060
81351  38.024  12.258  16.634 0.4000000060
126449  32.749  11.431  19.377 0.3000000119
80626  32.088  11.630  19.940 0.3000000119
80620  30.805  11.550  21.049 0.3000000119
80660  41.287  11.174  14.688 0.6000000238
114795  39.808  11.507  15.266 0.4000000060
80651  38.974  11.262  15.474 0.4000000060
119476  37.681  11.498  16.279 0.4000000060
80639  36.344  11.661  17.224 0.4000000060
80635  34.638  11.578  18.233 0.4000000060
80636  33.388  11.703  19.104 0.3000000119
66248  47.376  -4.902  34.328 0.1000000015
66254  46.406  -5.024  32.942 0.1000000015
126587  45.907  -5.557  33.131 0.1000000015
68071  47.589  -3.434  33.134 0.1000000015
67209  46.892  -4.193  32.796 0.1000000015
67216  46.443  -4.035  32.084 0.1000000015
67210  46.059  -4.659  32.310 0.1000000015
65363  45.224  -5.904  32.994 0.1000000015
65377  43.072  -6.339  32.045 0.1000000015
68072  47.033  -3.447  32.345 0.1000000015
66256  44.830  -5.697  32.370 0.1000000015
66257  44.003  -6.068  32.193 0.1000000015
66267  42.895  -6.035  31.188 0.1000000015
65390  42.087  -6.243  30.881 0.1000000015
68082  46.407  -3.431  31.514 0.1000000015
67217  45.676  -4.312  31.543 0.1000000015
66264  45.269  -5.087  31.937 0.1000000015
66265  44.482  -5.492  31.717 0.1000000015
66282  43.163  -5.246  30.077 0.1000000015
111958  46.812  -1.457  30.176 0.2000000030
68951  46.485  -2.198  30.460 0.2000000030
68093  45.613  -3.702  30.869 0.1000000015
67224  45.065  -4.302  30.911 0.1000000015
67225  44.338  -4.736  30.594 0.1000000015
67226  43.684  -4.899  30.142 0.2000000030
67236  44.084  -4.314  29.828 0.2000000030
75840  30.222  5.451  26.329 0.1000000015
74985  30.800  4.764  26.916 0.1000000015
76632  28.991  6.221  26.698 0.1000000015
77574  28.561  7.357  26.415 0.2000000030
77584  28.797  7.270  25.650 0.2000000030
79206  28.422  9.424  25.341 0.2000000030
113677  28.510  8.012  25.912 0.2000000030
79923  28.595  10.266  23.918 0.3000000119
79220  28.550  9.472  24.369 0.3000000119
81313  29.215  12.414  24.265 0.2000000030
80611  29.036  11.759  23.709 0.2000000030
81318  30.140  12.287  22.319 0.3000000119
80616  29.236  11.157  22.824 0.3000000119
80647  41.792  12.478  15.273 0.5000000000
81357  40.962  12.384  15.512 0.4000000060
81350  39.743  12.738  16.284 0.4000000060
80642  38.869  12.535  16.452 0.4000000060
81344  37.608  12.700  17.256 0.4000000060
81329  32.493  12.385  20.155 0.3000000119
81330  31.965  12.369  20.568 0.3000000119
120490  31.246  12.912  21.611 0.3000000119
80638  36.811  12.485  17.463 0.4000000060
81340  35.707  12.688  18.257 0.4000000060
81335  34.447  12.935  19.240 0.4000000060
82031  33.809  13.173  19.790 0.4000000060
80578  31.075  11.490  29.530 0.2000000030
79891  29.658  10.559  28.421 0.2000000030
79198  28.879  9.719  27.912 0.2000000030
121397  28.422  8.156  26.701 0.2000000030
76633  28.869  6.656  26.191 0.2000000030
81981  31.741  13.213  29.329 0.2000000030
81290  30.653  12.462  28.475 0.2000000030
80588  29.845  11.788  27.785 0.2000000030
79904  28.536  10.404  26.434 0.2000000030
117072  28.404  8.889  26.183 0.2000000030
81984  31.399  13.579  28.618 0.2000000030
81990  30.427  13.425  27.455 0.3000000119
81305  29.429  12.439  26.394 0.2000000030
80600  28.533  11.149  25.196 0.2000000030
81999  29.710  13.195  26.158 0.2000000030
82009  29.641  13.147  24.360 0.2000000030
80607  28.823  11.865  24.675 0.2000000030
125326  29.944  13.211  23.587 0.2000000030
82049  41.082  13.468  16.603 0.4000000060
81343  38.414  12.969  17.083 0.4000000060
81338  37.224  13.170  17.845 0.4000000060
82025  32.667  13.542  20.704 0.3000000119
82020  31.465  13.636  21.858 0.3000000119
82015  31.056  13.971  22.647 0.2000000030
82041  38.016  13.350  17.700 0.4000000060
81339  36.446  12.976  18.031 0.4000000060
124000  34.959  13.572  19.378 0.4000000060
82030  34.355  13.704  19.812 0.4000000060
82024  33.526  13.808  20.338 0.4000000060
112809  31.649  14.344  28.350 0.3000000119
82741  30.638  14.106  27.137 0.3000000119
82749  30.996  15.141  25.705 0.3000000119
82001  30.043  13.915  25.792 0.2000000030
82759  30.587  14.438  24.357 0.2000000030
82012  30.770  14.253  23.476 0.2000000030
82050  40.249  13.370  16.762 0.3000000119
81342  39.322  13.337  17.009 0.3000000119
82778  32.922  14.264  20.918 0.4000000060
130612  32.655  14.585  21.343 0.3000000119
82767  31.713  14.434  22.222 0.3000000119
82033  38.491  13.938  18.148 0.3000000119
82777  33.498  14.522  20.702 0.4000000060
82771  33.039  14.872  21.161 0.3000000119
82752  30.992  15.067  24.765 0.3000000119
82758  31.118  14.894  23.855 0.2000000030
82765  31.329  14.675  23.012 0.2000000030
83565  32.748  16.027  22.211 0.3000000119
83571  32.429  15.049  21.892 0.3000000119
69827  47.979  -1.570  31.665 0.1000000015
70691  48.816  -0.519  27.228 0.2000000030
126102  49.421  -0.537  26.380 0.2000000030
70655  48.331  0.054  30.198 0.2000000030
70690  49.636  -0.253  27.326 0.2000000030
71603  50.631  0.608  25.521 0.2000000030
113748  49.716  0.776  29.764 0.2000000030
115334  42.613  10.011  14.478 0.6999999881
80659  41.809  11.762  14.819 0.5000000000
76764  41.633  6.378  11.540 0.6000000238
77706  42.804  6.983  13.752 0.6000000238
75140  45.727  4.110  10.011 0.4000000060
75991  43.785  5.444  9.190 0.6000000238
81348  41.380  13.040  15.900 0.5000000000
74216  50.990  4.054  20.262 0.3000000119
74225  52.514  3.597  19.512 0.3000000119
73414  48.796  1.993  19.092 0.3000000119
127159  47.656  1.554  18.524 0.3000000119
73411  51.502  2.417  18.516 0.3000000119
120129  48.914  1.430  17.721 0.3000000119
72527  47.104  1.336  18.237 0.3000000119
111115  49.070  1.465  16.868 0.3000000119
72449  53.981  1.229  25.318 0.3000000119
126727  53.645  1.867  23.881 0.3000000119
74209  55.316  3.743  21.475 0.3000000119
108362  47.048  1.170  15.937 0.3000000119
71700  46.136  0.786  16.002 0.3000000119
73434  51.536  2.279  16.435 0.3000000119
72575  46.493  1.434  14.598 0.3000000119
74256  56.627  3.898  16.753 0.3000000119
75076  56.244  4.443  17.946 0.3000000119
72587  47.088  1.746  14.026 0.3000000119
75088  56.478  4.251  16.250 0.3000000119
75095  56.366  4.247  15.378 0.3000000119
74271  56.460  3.290  14.885 0.3000000119
75110  56.585  3.514  12.653 0.4000000060
122181  56.304  3.924  13.312 0.4000000060
75103  56.356  3.926  14.165 0.3000000119
73448  56.739  2.243  14.497 0.3000000119
74217  50.231  4.057  20.232 0.3000000119
74228  48.362  3.628  19.893 0.3000000119
68120  57.366  -3.954  27.646 0.2000000030
72543  45.360  0.799  17.794 0.3000000119
75893  55.969  6.137  20.545 0.3000000119
75042  54.837  5.504  20.180 0.3000000119
74224  53.585  3.886  19.312 0.3000000119
75052  54.187  4.671  19.777 0.3000000119
72544  44.445  0.804  17.867 0.2000000030
75041  56.439  4.803  20.265 0.3000000119
75050  56.036  5.122  19.325 0.3000000119
74223  54.653  4.383  19.049 0.3000000119
74241  54.984  4.357  18.257 0.3000000119
71692  43.377  0.507  16.429 0.2000000030
71701  44.767  0.642  15.615 0.2000000030
71690  45.220  0.586  16.299 0.3000000119
75049  56.234  4.829  19.252 0.3000000119
75069  56.114  4.718  18.688 0.3000000119
73409  53.396  2.951  18.027 0.3000000119
73424  53.557  3.049  17.182 0.3000000119
71713  43.610  0.788  14.787 0.2000000030
116568  44.139  1.083  14.312 0.2000000030
75077  55.855  4.670  18.047 0.3000000119
74251  55.214  4.436  17.488 0.3000000119
121377  55.414  4.532  16.859 0.3000000119
73433  52.585  2.674  16.553 0.3000000119
73442  51.288  2.495  15.582 0.3000000119
73443  50.518  2.340  15.275 0.3000000119
72577  44.860  1.228  14.272 0.3000000119
117022  55.933  4.656  16.543 0.3000000119
75089  56.236  4.503  16.081 0.3000000119
74266  53.577  3.639  15.478 0.3000000119
74268  51.924  2.924  15.187 0.3000000119
73444  49.811  2.239  14.909 0.3000000119
74273  52.716  3.405  14.826 0.3000000119
73451  49.847  2.521  14.203 0.3000000119
73449  51.100  2.733  14.737 0.3000000119
73458  48.485  2.440  13.428 0.3000000119
74283  50.808  3.189  13.347 0.4000000060
73471  49.307  2.908  12.882 0.3000000119
73486  46.969  2.787  12.033 0.4000000060
127251  54.586  4.396  13.570 0.4000000060
75105  55.392  4.460  13.192 0.4000000060
73485  57.391  1.947  11.789 0.3000000119
124228  56.073  4.334  11.461 0.4000000060
75112  55.293  4.532  12.314 0.4000000060
74231  45.313  3.714  19.644 0.3000000119
75898  50.718  5.597  20.887 0.3000000119
72530  44.094  1.408  18.432 0.2000000030
116244  42.874  1.174  17.962 0.2000000030
118853  55.739  6.414  22.006 0.3000000119
72557  42.053  0.807  17.015 0.2000000030
72568  42.204  0.836  15.088 0.2000000030
72591  43.332  1.618  13.367 0.3000000119
72590  44.245  1.459  13.598 0.3000000119
73490  43.253  2.708  11.894 0.4000000060
74281  53.036  3.703  14.191 0.4000000060
73475  44.690  2.332  12.266 0.4000000060
74304  43.667  3.209  11.225 0.5000000000
73488  45.163  2.662  11.781 0.4000000060
75106  53.710  4.071  13.886 0.4000000060
75107  52.786  3.759  13.426 0.4000000060
74290  50.130  3.193  12.808 0.4000000060
74291  48.984  3.266  12.054 0.4000000060
118564  47.755  2.844  12.251 0.4000000060
74302  45.684  3.165  11.234 0.4000000060
130294  50.231  3.427  12.319 0.4000000060
74298  49.513  3.657  11.523 0.4000000060
115280  54.341  4.507  12.181 0.4000000060
75115  52.427  4.102  11.996 0.4000000060
75122  50.970  4.220  11.150 0.4000000060
75124  49.293  4.018  10.917 0.4000000060
75120  52.983  4.527  11.311 0.4000000060
128129  55.892  -1.734  29.255 0.1000000015
69846  56.317  -1.230  28.549 0.2000000030
68964  57.078  -3.048  28.667 0.2000000030
76706  51.143  6.498  21.129 0.3000000119
110156  49.216  6.153  20.877 0.3000000119
112593  43.596  3.574  19.404 0.3000000119
117727  43.041  2.231  18.728 0.3000000119
72546  41.433  1.234  17.226 0.2000000030
72569  41.454  1.166  15.330 0.2000000030
73436  40.075  1.879  16.425 0.2000000030
117690  41.237  1.880  14.551 0.3000000119
129969  40.818  1.745  15.247 0.3000000119
74294  41.985  2.913  12.747 0.5000000000
74284  41.639  2.881  13.318 0.5000000000
109474  41.578  4.427  12.695 0.5000000000
129176  42.573  4.452  10.853 0.6000000238
75152  43.292  5.050  9.805 0.6000000238
75137  48.657  4.231  10.435 0.4000000060
75138  47.677  4.209  10.219 0.4000000060
78497  51.254  9.079  22.295 0.3000000119
75900  48.548  6.412  20.867 0.3000000119
75914  44.262  5.043  20.042 0.3000000119
73418  42.406  2.691  18.923 0.3000000119
74234  42.210  4.119  19.394 0.3000000119
74245  40.596  3.068  18.778 0.2000000030
73427  40.793  1.733  17.572 0.2000000030
75004  55.972  5.410  23.938 0.3000000119
73437  39.445  2.411  16.775 0.2000000030
73429  39.312  2.698  17.546 0.2000000030
73420  39.943  2.555  18.148 0.2000000030
111008  41.100  2.827  14.071 0.3000000119
74277  40.412  3.298  14.611 0.3000000119
116918  41.307  3.460  13.585 0.5000000000
75127  41.765  4.691  11.827 0.6000000238
75955  41.586  5.245  12.595 0.6000000238
75143  42.121  4.985  11.000 0.6000000238
76708  46.890  6.568  20.743 0.3000000119
76709  46.038  6.309  20.634 0.3000000119
75062  40.712  4.677  19.469 0.2000000030
74236  40.269  3.855  19.132 0.2000000030
74237  39.421  3.839  18.923 0.2000000030
74269  39.438  3.133  15.572 0.3000000119
73446  39.628  2.475  15.933 0.3000000119
74247  38.223  3.793  18.252 0.2000000030
75099  40.848  4.522  14.141 0.5000000000
75945  41.208  5.288  14.025 0.5000000000
75950  41.459  5.142  13.445 0.5000000000
130533  41.530  5.665  13.869 0.5000000000
77609  53.178  9.228  23.676 0.3000000119
78499  49.330  8.736  22.189 0.3000000119
77652  48.025  7.989  21.432 0.3000000119
76710  45.119  6.529  20.698 0.3000000119
76724  42.113  6.167  20.083 0.3000000119
76725  41.469  6.203  20.009 0.2000000030
75919  40.174  5.473  19.717 0.2000000030
76726  40.703  6.215  19.987 0.2000000030
76714  40.319  6.861  20.272 0.2000000030
122395  39.399  5.808  19.881 0.2000000030
75906  37.114  5.938  20.087 0.2000000030
76729  37.884  6.173  20.183 0.2000000030
74259  39.027  3.033  16.225 0.2000000030
75102  38.555  4.664  15.494 0.3000000119
74261  37.904  3.768  17.102 0.2000000030
74248  37.845  3.838  17.765 0.2000000030
75073  36.593  4.873  18.486 0.2000000030
77701  42.881  7.086  14.115 0.6999999881
75946  40.508  5.102  14.355 0.4000000060
75084  37.478  4.438  16.694 0.2000000030
75935  37.076  5.254  16.425 0.3000000119
75936  36.420  5.389  16.950 0.2000000030
112791  36.591  5.832  16.469 0.2000000030
75933  35.809  5.559  17.507 0.4000000060
78476  49.792  9.073  22.889 0.3000000119
75857  54.583  7.311  25.344 0.3000000119
75833  55.962  6.416  27.175 0.3000000119
74987  56.269  5.689  26.502 0.3000000119
77675  41.587  7.472  20.505 0.2000000030
77658  42.087  8.057  20.989 0.2000000030
78521  39.407  8.265  21.051 0.2000000030
78508  38.653  8.614  21.470 0.2000000030
77659  37.819  8.257  21.496 0.2000000030
77660  36.921  7.648  21.424 0.2000000030
77679  37.733  7.380  20.986 0.2000000030
76716  38.423  6.908  20.517 0.2000000030
76718  36.660  6.390  20.549 0.2000000030
77661  35.953  7.444  21.603 0.2000000030
115667  34.868  6.170  20.727 0.3000000119
122249  34.714  6.617  21.307 0.1000000015
114468  41.341  6.680  14.369 0.5000000000
75947  39.914  5.700  14.581 0.4000000060
76741  38.456  6.290  15.137 0.3000000119
75924  34.726  5.755  19.353 0.3000000119
76721  33.490  6.440  20.701 0.2000000030
78543  42.632  8.201  14.442 0.6999999881
76746  40.032  6.408  14.558 0.4000000060
110411  39.603  7.069  14.619 0.3000000119
76742  37.680  6.250  15.558 0.3000000119
76739  36.473  6.496  16.256 0.3000000119
77698  37.064  6.963  15.727 0.3000000119
76737  35.352  6.476  17.175 0.4000000060
116238  35.901  6.762  16.566 0.3000000119
77704  39.105  7.863  14.687 0.4000000060
78537  37.404  8.431  15.479 0.3000000119
71578  51.290  0.861  27.903 0.2000000030
69929  45.238  -1.203  21.986 0.1000000015
71639  45.107  0.808  21.922 0.1000000015
71638  45.954  0.164  21.997 0.1000000015
70753  44.028  -0.463  21.553 0.1000000015
71651  43.592  0.610  21.684 0.1000000015
71635  48.073  0.620  22.603 0.2000000030
71636  47.443  -0.019  22.510 0.1000000015
72482  46.015  2.091  22.354 0.1000000015
73361  42.655  2.896  22.270 0.1000000015
72485  42.801  2.121  22.042 0.1000000015
72496  42.820  1.274  21.773 0.1000000015
72486  42.090  2.327  22.002 0.1000000015
113710  40.705  3.160  22.129 0.1000000015
72497  40.517  1.371  21.543 0.1000000015
114869  39.855  3.399  22.156 0.1000000015
73364  39.268  2.884  21.978 0.1000000015
116026  40.128  1.758  21.626 0.1000000015
74198  38.333  3.910  22.341 0.1000000015
74199  37.629  3.756  22.473 0.2000000030
73381  37.779  2.311  21.852 0.2000000030
74193  44.119  3.558  22.700 0.1000000015
74194  43.240  3.604  22.594 0.1000000015
110504  42.238  3.698  22.440 0.1000000015
75025  41.184  4.075  22.380 0.1000000015
122139  39.491  4.985  22.498 0.1000000015
75881  38.591  5.353  22.664 0.1000000015
75873  38.022  6.055  23.122 0.1000000015
76673  36.884  6.230  24.080 0.2000000030
75013  43.447  5.172  23.304 0.1000000015
75014  42.719  5.214  23.134 0.1000000015
109584  42.047  5.857  23.199 0.1000000015
75872  41.003  6.251  23.060 0.1000000015
76679  40.000  6.598  23.118 0.1000000015
76670  39.382  7.333  23.571 0.1000000015
76672  37.547  6.618  23.730 0.1000000015
77598  36.875  7.699  25.372 0.1000000015
77613  49.005  7.905  23.673 0.3000000119
75869  44.942  5.558  23.704 0.1000000015
77615  42.506  7.667  24.210 0.1000000015
77616  41.730  8.012  24.296 0.1000000015
76668  41.783  6.992  23.635 0.1000000015
78442  41.540  8.891  24.741 0.1000000015
77618  39.945  8.383  24.398 0.1000000015
78462  40.674  9.220  24.927 0.1000000015
78445  38.919  9.740  25.343 0.1000000015
78444  39.904  9.777  25.126 0.1000000015
77596  38.395  8.659  24.901 0.1000000015
78428  36.838  9.636  25.951 0.1000000015
126891  36.403  9.008  26.208 0.1000000015
78429  36.009  9.574  26.164 0.1000000015
77656  43.890  7.901  21.375 0.3000000119
77594  43.105  8.022  24.477 0.1000000015
79223  41.735  9.510  24.201 0.1000000015
79214  41.258  9.520  24.758 0.1000000015
79215  39.883  10.275  24.888 0.1000000015
79225  40.211  10.365  24.421 0.1000000015
79921  37.407  11.013  24.368 0.1000000015
79927  37.886  10.711  23.553 0.1000000015
79919  39.296  10.698  24.575 0.1000000015
79914  37.733  11.022  25.175 0.1000000015
79218  35.625  10.288  25.100 0.1000000015
79915  36.853  10.983  24.904 0.1000000015
79228  35.472  10.099  24.276 0.1000000015
79203  37.383  10.350  25.613 0.1000000015
79219  35.228  9.695  25.621 0.1000000015
77572  35.364  8.289  26.513 0.2000000030
77579  34.562  8.356  26.144 0.2000000030
78503  43.405  8.482  22.007 0.3000000119
78506  40.827  8.910  21.506 0.2000000030
79234  41.402  9.385  22.398 0.2000000030
78484  42.203  9.208  22.559 0.2000000030
79249  40.502  9.656  22.423 0.1000000015
79222  42.458  9.280  23.650 0.1000000015
79925  39.716  10.545  23.674 0.1000000015
113711  39.917  10.168  22.881 0.1000000015
79238  37.410  9.876  22.714 0.2000000030
79239  36.431  9.783  23.011 0.1000000015
79240  35.558  9.622  23.377 0.1000000015
78465  34.620  9.414  23.910 0.1000000015
78448  33.719  8.731  24.929 0.2000000030
78431  34.123  8.779  25.503 0.2000000030
78520  40.337  8.310  20.893 0.2000000030
79250  39.569  9.577  22.148 0.2000000030
79251  38.731  9.442  22.047 0.2000000030
78509  37.550  9.006  22.028 0.2000000030
78510  36.381  8.240  22.005 0.2000000030
77633  35.499  8.039  22.214 0.1000000015
129101  34.053  8.475  23.135 0.1000000015
77662  34.227  6.986  21.767 0.1000000015
77663  32.749  7.047  22.093 0.2000000030
121894  33.455  6.787  21.611 0.2000000030
76699  32.892  6.689  21.268 0.3000000119
114886  31.711  7.373  21.307 0.3000000119
76734  33.865  6.885  18.392 0.3000000119
76735  33.443  6.754  19.149 0.4000000060
77690  34.898  7.255  17.261 0.4000000060
77691  34.297  7.551  17.656 0.3000000119
77688  32.594  7.930  19.192 0.4000000060
78544  41.496  8.428  14.489 0.5000000000
79288  39.873  9.272  14.601 0.5000000000
78536  38.165  7.967  15.079 0.3000000119
78547  38.719  8.687  14.860 0.4000000060
78538  36.711  8.753  15.854 0.3000000119
66316  32.500  -5.661  27.199 0.1000000015
66299  32.038  -5.857  27.866 0.1000000015
65424  33.807  -6.458  28.307 0.1000000015
67283  32.439  -4.165  25.333 0.1000000015
65449  34.005  -6.019  26.856 0.1000000015
65434  34.565  -6.450  27.875 0.1000000015
66333  33.754  -5.606  26.351 0.1000000015
66345  33.549  -5.077  25.697 0.1000000015
68156  32.738  -3.677  24.717 0.1000000015
66344  34.503  -5.421  25.782 0.1000000015
66342  36.268  -5.464  25.526 0.1000000015
67279  35.943  -5.048  24.991 0.1000000015
127561  33.943  -4.409  24.514 0.1000000015
68155  33.039  -3.166  24.050 0.1000000015
69007  32.816  -2.225  24.007 0.1000000015
69902  32.315  -1.745  24.693 0.1000000015
66339  38.964  -5.276  25.942 0.1000000015
67293  37.291  -4.844  24.663 0.1000000015
67294  36.547  -4.675  24.274 0.1000000015
67295  35.516  -4.631  24.321 0.1000000015
69020  33.418  -2.656  23.447 0.1000000015
111858  37.996  -4.694  24.635 0.1000000015
109324  39.143  -4.420  24.879 0.1000000015
68172  36.309  -3.724  22.803 0.1000000015
69033  34.726  -2.887  22.592 0.1000000015
69019  33.875  -2.187  22.780 0.1000000015
71620  34.213  0.503  24.341 0.1000000015
68169  39.525  -3.680  23.426 0.1000000015
68152  40.577  -3.690  24.372 0.1000000015
67309  38.311  -4.298  24.000 0.1000000015
112036  40.161  -4.409  25.734 0.1000000015
68186  37.285  -3.633  22.564 0.2000000030
68170  38.702  -3.852  23.378 0.1000000015
68187  36.609  -3.273  22.191 0.2000000030
71629  34.792  0.811  23.902 0.1000000015
128017  41.164  -3.518  23.850 0.1000000015
68184  39.814  -3.360  22.682 0.1000000015
68194  39.105  -3.148  22.069 0.1000000015
129372  37.905  -2.687  21.524 0.2000000030
68196  37.341  -3.056  21.858 0.2000000030
69043  37.299  -2.336  21.408 0.2000000030
69939  35.993  -0.979  21.472 0.2000000030
70744  35.345  -0.427  21.835 0.2000000030
71643  34.930  0.046  22.349 0.2000000030
110062  34.723  0.493  23.004 0.1000000015
69898  47.286  -1.551  24.257 0.2000000030
69014  46.091  -1.839  23.125 0.1000000015
68167  41.375  -3.316  22.933 0.1000000015
69041  39.567  -2.504  21.536 0.1000000015
69040  40.625  -2.329  21.550 0.1000000015
69936  38.337  -1.140  20.913 0.2000000030
113170  38.983  -1.960  21.095 0.2000000030
70759  37.544  -0.740  20.971 0.2000000030
70760  36.836  -0.928  21.165 0.2000000030
71658  36.420  0.429  21.465 0.2000000030
71641  36.141  1.018  21.874 0.2000000030
72472  35.909  1.927  22.863 0.2000000030
70710  49.492  -0.407  25.356 0.2000000030
70741  47.425  -0.754  22.825 0.1000000015
69015  45.356  -2.229  23.024 0.1000000015
69922  44.130  -2.070  22.097 0.1000000015
69931  43.397  -1.774  21.676 0.1000000015
70754  42.874  -1.126  21.428 0.1000000015
69037  42.831  -2.212  21.743 0.1000000015
69933  41.553  -1.875  21.432 0.1000000015
117180  41.590  -0.301  21.386 0.1000000015
70756  40.662  -0.482  21.232 0.1000000015
125024  40.068  -1.109  21.084 0.1000000015
70757  39.708  -0.329  21.057 0.1000000015
71656  39.105  0.563  21.113 0.2000000030
110406  38.173  1.058  21.222 0.2000000030
71657  37.294  0.733  21.238 0.2000000030
74182  36.437  3.292  23.264 0.2000000030
71628  48.850  0.412  23.110 0.2000000030
71655  40.142  0.536  21.277 0.1000000015
74200  36.918  3.558  22.799 0.2000000030
124453  49.797  1.332  23.330 0.2000000030
75875  36.731  5.329  23.832 0.2000000030
75859  36.571  5.868  24.587 0.2000000030
75844  36.448  5.618  25.188 0.2000000030
75010  46.039  5.012  23.350 0.1000000015
118888  36.475  6.366  25.512 0.2000000030
112614  46.194  8.644  23.883 0.3000000119
122394  45.511  6.963  24.630 0.1000000015
78502  44.245  8.406  22.227 0.3000000119
78440  44.206  8.170  24.520 0.1000000015
77614  46.159  8.097  24.404 0.3000000119
78459  44.711  8.459  24.189 0.1000000015
78441  43.326  8.423  24.362 0.1000000015
77622  32.046  7.636  23.431 0.2000000030
77682  31.708  7.650  20.681 0.3000000119
78511  31.197  7.918  21.199 0.2000000030
77685  31.714  8.098  20.148 0.3000000119
78526  31.542  8.675  20.058 0.3000000119
78534  35.503  8.701  16.697 0.4000000060
78530  34.876  8.099  17.162 0.4000000060
114393  34.885  8.899  17.184 0.4000000060
78528  33.057  8.526  18.550 0.4000000060
125279  33.629  8.808  18.055 0.4000000060
78531  34.241  8.619  17.602 0.3000000119
78529  32.481  8.745  18.994 0.3000000119
79264  32.189  9.390  19.220 0.3000000119
79277  38.510  9.534  15.100 0.4000000060
79273  36.588  9.613  16.124 0.4000000060
79950  35.685  10.238  16.935 0.4000000060
67271  30.617  -4.254  27.116 0.1000000015
68132  30.778  -3.735  26.717 0.1000000015
68969  29.905  -2.290  28.337 0.1000000015
65411  35.866  -6.548  29.355 0.1000000015
109891  35.266  -6.507  28.198 0.1000000015
69880  31.234  -1.419  26.767 0.1000000015
65433  35.870  -6.498  27.669 0.1000000015
65432  36.702  -6.519  27.914 0.1000000015
65447  35.576  -6.359  26.931 0.1000000015
66328  37.880  -6.195  26.715 0.1000000015
66314  38.611  -6.223  27.037 0.1000000015
67260  40.925  -5.135  27.021 0.1000000015
119703  40.766  -4.226  26.042 0.1000000015
70684  46.723  -0.815  28.384 0.2000000030
125365  46.355  -1.068  28.827 0.2000000030
68966  44.960  -2.102  28.563 0.2000000030
68130  42.538  -3.225  26.518 0.2000000030
108258  41.962  -3.365  25.949 0.1000000015
67266  41.193  -4.471  26.556 0.1000000015
69888  45.350  -2.053  25.533 0.2000000030
69879  44.813  -1.955  26.277 0.2000000030
68979  44.002  -2.371  26.158 0.2000000030
68967  44.502  -2.187  27.725 0.2000000030
68129  43.035  -3.019  27.002 0.2000000030
69006  42.806  -2.893  25.083 0.2000000030
68980  42.621  -2.946  25.766 0.2000000030
69900  45.761  -2.231  24.668 0.2000000030
69004  44.342  -2.609  24.191 0.1000000015
69018  42.935  -3.078  23.655 0.1000000015
69017  43.760  -2.768  23.492 0.1000000015
68166  42.374  -3.117  22.876 0.1000000015
70700  50.219  -0.100  26.774 0.2000000030
71592  50.743  0.438  26.395 0.2000000030
109263  43.200  -2.786  22.772 0.1000000015
111964  36.086  3.375  24.766 0.2000000030
72433  51.893  1.517  27.643 0.2000000030
73347  49.240  2.964  22.788 0.2000000030
74177  48.418  3.520  22.725 0.2000000030
74178  47.591  4.048  22.835 0.2000000030
109938  36.412  5.833  26.137 0.2000000030
75008  47.736  4.807  23.146 0.2000000030
75867  46.566  5.782  23.778 0.2000000030
76650  46.097  7.300  24.542 0.2000000030
77573  34.058  7.261  26.264 0.2000000030
77602  30.386  7.321  24.175 0.3000000119
79254  29.797  9.708  21.794 0.3000000119
78488  29.640  8.859  22.658 0.3000000119
79262  30.651  9.630  20.740 0.3000000119
79270  33.965  9.473  17.894 0.4000000060
79947  33.074  10.033  18.613 0.3000000119
79266  33.351  9.433  18.321 0.4000000060
79942  32.532  10.125  19.013 0.3000000119
79969  41.809  10.394  14.520 0.6999999881
79959  39.512  10.706  14.980 0.4000000060
79955  37.394  10.725  16.001 0.4000000060
79956  36.745  10.421  16.309 0.3000000119
115893  35.613  11.012  17.311 0.3000000119
79945  34.413  10.792  17.982 0.3000000119
109192  37.948  -6.493  29.734 0.1000000015
65422  37.952  -6.488  28.768 0.1000000015
65408  39.532  -6.347  29.272 0.2000000030
65430  38.543  -6.424  27.996 0.1000000015
65392  40.375  -6.439  30.486 0.1000000015
66297  40.814  -5.702  28.238 0.2000000030
65420  39.431  -6.281  28.383 0.1000000015
66298  40.114  -5.923  27.880 0.1000000015
66312  41.273  -5.287  27.710 0.2000000030
67250  41.855  -4.948  27.851 0.2000000030
68113  44.152  -3.258  28.698 0.2000000030
68105  45.168  -3.101  29.677 0.2000000030
70681  49.068  -0.048  28.057 0.2000000030
75836  35.289  6.235  26.952 0.2000000030
117382  34.144  6.100  26.683 0.2000000030
76638  31.427  6.453  25.203 0.2000000030
75847  30.905  5.844  25.640 0.2000000030
75838  32.195  5.320  26.318 0.2000000030
77603  29.647  7.516  24.296 0.2000000030
77625  29.451  8.136  23.808 0.3000000119
76655  30.914  6.846  24.617 0.2000000030
79230  29.228  9.520  22.876 0.3000000119
79928  29.399  10.227  22.345 0.3000000119
79933  29.823  10.389  21.736 0.3000000119
116710  30.188  10.888  21.394 0.3000000119
80631  32.330  10.844  19.385 0.3000000119
80627  31.292  11.111  20.322 0.3000000119
80640  35.467  11.842  17.832 0.4000000060
81341  34.148  12.063  18.836 0.3000000119
65379  41.402  -6.502  31.412 0.1000000015
127981  40.747  -6.498  31.147 0.1000000015
66275  42.695  -5.718  30.428 0.1000000015
66283  42.551  -5.381  29.646 0.2000000030
66284  41.744  -5.694  29.360 0.2000000030
74974  35.354  4.985  27.696 0.1000000015
71602  51.245  1.079  26.042 0.2000000030
113773  34.400  4.777  27.597 0.1000000015
74983  32.641  4.834  26.857 0.2000000030
76640  29.348  6.653  25.515 0.2000000030
76631  29.420  6.060  26.154 0.2000000030
78449  28.610  8.666  24.769 0.2000000030
80612  28.791  10.918  23.545 0.3000000119
80649  40.625  11.711  15.122 0.5000000000
81349  40.586  12.890  16.102 0.3000000119
80643  38.476  11.789  16.016 0.4000000060
80630  32.901  12.101  19.679 0.3000000119
81323  31.360  12.355  21.101 0.3000000119
81324  30.733  12.318  21.682 0.3000000119
80644  37.204  11.987  16.863 0.4000000060
81345  36.132  12.350  17.722 0.4000000060
80634  34.949  12.371  18.547 0.4000000060
81336  33.629  12.487  19.456 0.4000000060
66255  45.634  -5.343  32.588 0.1000000015
67218  44.844  -4.884  31.293 0.1000000015
66274  43.540  -5.418  30.699 0.1000000015
77570  28.494  7.480  27.202 0.2000000030
79908  28.432  10.369  25.683 0.2000000030
79917  28.444  10.300  24.779 0.2000000030
128503  28.411  9.368  26.640 0.2000000030
78432  28.501  8.576  25.460 0.2000000030
80608  28.603  11.066  24.281 0.2000000030
81319  29.564  12.086  22.929 0.3000000119
81317  29.536  12.601  23.615 0.2000000030
81316  30.019  12.836  22.952 0.3000000119
81328  33.059  12.927  20.073 0.3000000119
117587  32.427  12.876  20.521 0.3000000119
82026  31.914  13.126  21.108 0.3000000119
82016  30.717  13.092  22.300 0.2000000030
81334  35.294  13.131  18.885 0.4000000060
82036  36.070  13.378  18.663 0.4000000060
80579  30.849  12.053  29.021 0.2000000030
81287  31.539  12.307  29.583 0.2000000030
79188  29.363  9.923  28.435 0.2000000030
80582  29.718  11.171  28.113 0.2000000030
79890  30.136  10.964  28.747 0.2000000030
127290  28.414  8.951  26.996 0.2000000030
113867  28.560  9.853  27.116 0.2000000030
79899  29.153  10.509  27.782 0.2000000030
81289  31.175  12.785  28.865 0.2000000030
118343  30.275  11.769  28.435 0.2000000030
81297  30.207  12.531  27.794 0.2000000030
81985  30.804  13.138  28.191 0.2000000030
81298  29.631  12.122  27.173 0.2000000030
80589  29.367  11.356  27.411 0.2000000030
79903  28.812  10.845  26.941 0.2000000030
80597  28.633  11.103  26.114 0.2000000030
81989  31.040  13.993  27.856 0.3000000119
81304  29.883  12.936  26.967 0.2000000030
81998  30.185  13.713  26.662 0.2000000030
119326  29.369  12.705  25.710 0.2000000030
80596  29.116  11.650  26.626 0.2000000030
80599  28.939  11.967  25.677 0.2000000030
82002  29.625  13.276  25.314 0.2000000030
82013  30.440  13.549  23.136 0.2000000030
112512  30.224  13.779  23.954 0.2000000030
115474  40.021  13.788  17.382 0.3000000119
114431  38.716  13.548  17.553 0.3000000119
82034  37.681  13.772  18.309 0.4000000060
124011  36.867  13.600  18.468 0.4000000060
130362  32.241  14.112  21.418 0.2000000030
82776  34.276  14.520  20.319 0.4000000060
125857  31.180  15.122  26.486 0.3000000119
82750  30.617  14.511  26.351 0.2000000030
82753  30.507  14.537  25.307 0.2000000030
82008  30.053  13.901  24.844 0.2000000030
83567  31.837  15.029  22.641 0.3000000119
116420  54.651  2.910  8.487 0.2000000030
74315  52.414  2.838  9.032 0.3000000119
73502  51.709  2.201  9.390 0.2000000030
128882  40.271  16.210  19.504 0.4000000060
75162  56.509  5.368  7.405 0.4000000060
76014  56.785  5.796  7.461 0.4000000060
117136  56.040  4.427  7.733 0.4000000060
74321  56.621  3.421  8.448 0.4000000060
108780  54.447  3.480  8.257 0.4000000060
74322  55.592  3.537  8.207 0.2000000030
74314  57.058  2.968  8.963 0.3000000119
75156  53.745  3.909  8.183 0.3000000119
74316  51.761  3.603  8.587 0.2000000030
74317  51.320  2.952  9.125 0.2000000030
73513  50.362  2.967  9.071 0.2000000030
122009  50.085  2.394  9.489 0.1000000015
73514  49.368  2.810  9.090 0.1000000015
73516  47.627  2.720  8.561 0.1000000015
73517  46.809  2.522  8.358 0.1000000015
85707  41.076  18.136  23.392 0.2000000030
86360  39.988  19.455  22.189 0.2000000030
85708  40.052  18.174  23.374 0.2000000030
76785  55.662  6.875  7.738 0.4000000060
76015  56.445  6.108  7.027 0.4000000060
76774  56.635  6.162  8.375 0.4000000060
76017  54.764  5.565  6.696 0.4000000060
74326  49.817  3.479  8.420 0.2000000030
73515  48.411  2.837  8.778 0.1000000015
74328  48.058  3.227  8.060 0.1000000015
74334  47.720  3.411  7.438 0.1000000015
74335  47.046  3.253  7.130 0.1000000015
73525  46.246  2.907  6.758 0.2000000030
73526  45.437  2.448  6.342 0.2000000030
74350  44.544  2.991  4.017 0.2000000030
107393  44.226  3.333  3.590 0.2000000030
76777  53.855  6.600  8.496 0.4000000060
76786  54.714  7.144  7.788 0.4000000060
76801  55.240  7.319  6.947 0.4000000060
76026  55.845  6.500  6.679 0.4000000060
76028  54.275  6.138  6.047 0.4000000060
75173  52.380  5.204  6.763 0.3000000119
75165  52.777  4.758  7.453 0.3000000119
75166  51.733  4.632  7.354 0.3000000119
75174  51.344  4.968  6.636 0.3000000119
74324  52.774  3.684  8.485 0.3000000119
74330  51.208  4.163  7.974 0.3000000119
75167  50.760  4.478  7.221 0.3000000119
74331  50.264  4.028  7.832 0.3000000119
74325  50.772  3.573  8.532 0.2000000030
74332  49.382  3.855  7.661 0.1000000015
74339  47.706  3.747  6.743 0.1000000015
75180  41.934  4.903  6.985 0.1000000015
74344  46.435  3.661  5.536 0.2000000030
74341  45.968  3.054  5.936 0.2000000030
122312  42.000  4.152  6.984 0.1000000015
74349  45.297  3.364  4.255 0.2000000030
75179  42.285  4.429  6.376 0.1000000015
108269  43.728  3.544  3.531 0.2000000030
110218  42.909  3.622  4.391 0.2000000030
131011  53.780  7.070  7.836 0.4000000060
76802  54.272  7.546  7.116 0.4000000060
76818  55.360  7.099  6.227 0.4000000060
76820  53.794  6.646  5.442 0.4000000060
76029  53.131  5.855  6.052 0.4000000060
76030  52.025  5.599  6.054 0.3000000119
76037  51.710  6.122  5.380 0.4000000060
76031  51.040  5.421  5.992 0.3000000119
75168  49.855  4.311  7.111 0.3000000119
74337  49.084  4.176  6.981 0.2000000030
75178  48.127  4.256  6.152 0.2000000030
107423  41.547  4.404  7.524 0.1000000015
74343  47.259  4.022  5.922 0.2000000030
73529  45.193  2.590  5.497 0.2000000030
75188  42.520  4.700  5.430 0.2000000030
130607  42.611  3.960  4.952 0.2000000030
76836  53.241  7.089  4.906 0.5000000000
76036  52.730  6.371  5.417 0.5000000000
76838  51.416  6.644  4.608 0.4000000060
76038  50.784  5.861  5.294 0.4000000060
75177  48.888  4.433  6.340 0.2000000030
119506  42.706  5.236  4.636 0.2000000030
76041  42.527  5.686  5.556 0.2000000030
74356  43.065  4.417  3.758 0.2000000030
75204  43.017  4.937  3.821 0.2000000030
76032  42.273  5.292  6.310 0.2000000030
77788  42.416  7.355  5.432 0.2000000030
76849  49.267  6.664  3.573 0.3000000119
76056  47.428  5.957  3.186 0.3000000119
76050  46.903  5.236  3.735 0.3000000119
75194  46.467  4.521  4.201 0.2000000030
75195  45.628  4.039  3.761 0.2000000030
76856  48.937  7.243  2.721 0.3000000119
76857  48.006  6.791  2.489 0.3000000119
76057  46.609  5.588  2.876 0.3000000119
74355  44.832  3.607  3.538 0.2000000030
116548  45.988  5.398  2.527 0.2000000030
76058  45.316  5.141  2.532 0.2000000030
75201  45.041  4.335  2.993 0.2000000030
75203  43.583  4.414  3.373 0.2000000030
76839  42.496  6.527  5.535 0.2000000030
76060  43.597  5.523  3.379 0.2000000030
76051  42.959  5.622  4.053 0.2000000030
108837  42.783  6.045  4.780 0.2000000030
76862  48.528  7.689  2.020 0.3000000119
126957  48.707  8.077  1.970 0.4000000060
76863  47.580  7.358  1.670 0.4000000060
76063  47.079  6.335  2.320 0.4000000060
76065  45.768  5.841  2.076 0.2000000030
76064  46.362  5.913  2.253 0.3000000119
76059  44.436  4.968  2.822 0.2000000030
77773  41.456  7.436  6.575 0.1000000015
78610  41.288  8.266  6.402 0.2000000030
79348  40.520  9.608  6.561 0.2000000030
77821  47.577  8.112  1.251 0.4000000060
76840  42.063  6.992  6.124 0.1000000015
77789  41.870  7.841  5.944 0.1000000015
82124  36.334  13.216  8.180 0.3000000119
76870  46.912  7.708  1.081 0.4000000060
76066  45.062  5.827  2.289 0.2000000030
78621  42.289  8.199  5.286 0.2000000030
76864  46.497  6.680  1.685 0.3000000119
77799  43.307  7.249  4.115 0.2000000030
76858  44.364  6.050  2.709 0.3000000119
80025  39.954  10.542  6.339 0.3000000119
80037  39.217  11.241  5.638 0.3000000119
121928  46.779  9.058  0.601 0.4000000060
79392  46.322  9.428  0.296 0.4000000060
82139  36.857  13.197  7.576 0.4000000060
81441  36.702  12.604  7.606 0.3000000119
76871  46.182  7.386  1.243 0.3000000119
78623  41.071  8.976  6.287 0.2000000030
129115  37.006  12.151  7.181 0.3000000119
76865  45.638  6.569  1.781 0.3000000119
76866  44.975  6.680  2.125 0.4000000060
76851  42.837  6.873  4.798 0.2000000030
76859  43.746  6.619  3.366 0.2000000030
81452  38.195  12.320  5.668 0.3000000119
114968  36.377  14.027  8.614 0.3000000119
79393  45.993  9.613  0.197 0.4000000060
82913  36.927  13.837  7.979 0.3000000119
82904  37.173  14.627  8.596 0.4000000060
77815  45.554  7.370  1.555 0.4000000060
127556  45.907  8.614  0.542 0.4000000060
82138  37.388  13.539  7.331 0.3000000119
81445  37.700  12.416  6.278 0.3000000119
82151  37.783  13.173  6.682 0.3000000119
80725  38.487  11.782  5.429 0.3000000119
82160  38.109  12.862  6.118 0.3000000119
80067  45.642  10.079  0.364 0.4000000060
78664  45.840  9.230  0.264 0.4000000060
78658  45.348  9.002  0.706 0.4000000060
78652  44.755  8.617  1.669 0.4000000060
78635  43.250  8.262  4.070 0.3000000119
82912  37.663  14.290  7.814 0.4000000060
77823  45.455  8.205  1.226 0.4000000060
77816  44.952  7.667  2.035 0.4000000060
77809  43.773  7.629  3.386 0.3000000119
82903  38.079  15.013  8.375 0.4000000060
83742  38.436  15.894  8.760 0.4000000060
83727  38.193  15.954  9.457 0.4000000060
77808  44.346  7.081  2.696 0.3000000119
82137  38.121  13.911  7.152 0.4000000060
82911  38.436  14.682  7.646 0.4000000060
82902  38.724  15.530  8.054 0.4000000060
121376  40.674  10.268  6.058 0.3000000119
82150  38.450  13.508  6.450 0.3000000119
80036  40.366  10.949  5.659 0.3000000119
80734  39.246  11.839  4.959 0.3000000119
80063  44.656  10.879  0.801 0.4000000060
79388  44.601  10.380  0.832 0.4000000060
80754  44.172  11.501  0.926 0.4000000060
79381  43.630  10.278  1.628 0.4000000060
129775  42.660  8.455  4.699 0.2000000030
78637  42.255  9.012  5.017 0.2000000030
78622  41.672  8.797  5.752 0.3000000119
84509  38.804  16.562  9.079 0.4000000060
84497  38.609  16.253  9.820 0.4000000060
80035  41.158  10.438  5.504 0.3000000119
82925  38.926  14.362  6.930 0.4000000060
83741  39.115  16.373  8.399 0.5000000000
81451  38.952  12.469  5.098 0.3000000119
82159  38.626  13.032  5.704 0.3000000119
80733  39.870  11.917  4.558 0.3000000119
82167  39.690  12.977  4.599 0.3000000119
82158  39.338  13.283  5.302 0.3000000119
84441  37.047  16.631  14.764 0.4000000060
123880  37.516  16.328  14.099 0.4000000060
130848  38.043  16.197  13.828 0.6000000238
84468  37.737  16.011  13.137 0.6000000238
125445  38.181  15.826  12.195 0.6000000238
80064  43.881  11.017  1.048 0.4000000060
84474  38.644  15.850  11.390 0.6000000238
84485  38.264  15.979  10.584 0.4000000060
78636  42.756  9.077  4.312 0.3000000119
84484  39.168  16.126  10.492 0.5000000000
79367  42.262  9.755  4.559 0.3000000119
79357  41.734  9.701  5.278 0.3000000119
84508  39.569  16.979  8.730 0.4000000060
113918  39.005  15.106  7.503 0.5000000000
83750  39.383  15.810  7.754 0.5000000000
80045  40.926  11.237  4.968 0.3000000119
82924  39.720  14.473  6.515 0.5000000000
82910  39.600  15.095  7.195 0.5000000000
80732  40.465  11.675  4.337 0.3000000119
81459  39.670  12.345  4.549 0.3000000119
85171  38.073  17.765  15.347 0.3000000119
123461  37.429  17.205  15.259 0.2000000030
85191  38.283  17.084  15.037 0.4000000060
85192  37.734  16.687  14.755 0.4000000060
111421  39.216  16.320  14.125 0.5000000000
83659  38.545  16.090  13.620 0.5000000000
129302  38.564  15.866  12.905 0.6000000238
80065  42.962  11.062  1.668 0.4000000060
83677  39.853  15.677  12.395 0.6000000238
83678  39.012  15.756  12.276 0.6000000238
80049  42.468  10.424  3.320 0.4000000060
80058  42.106  11.002  2.949 0.4000000060
83709  39.957  15.962  10.889 0.6000000238
80043  42.230  10.291  4.053 0.3000000119
80044  41.668  10.528  4.630 0.3000000119
84496  39.360  16.624  9.486 0.6000000238
80731  41.188  11.268  4.061 0.3000000119
81465  40.732  12.450  3.530 0.4000000060
114157  40.022  15.799  7.461 0.5000000000
83756  40.463  15.182  6.897 0.5000000000
83749  40.688  16.245  7.451 0.5000000000
83740  39.951  16.663  7.964 0.5000000000
80739  40.262  12.158  4.092 0.3000000119
82166  40.379  13.328  4.155 0.4000000060
82939  39.856  13.961  5.749 0.5000000000
129682  40.343  14.500  6.187 0.5000000000
115965  39.086  16.930  14.797 0.3000000119
85813  38.920  17.860  15.221 0.3000000119
81477  44.050  12.417  0.897 0.5000000000
84440  38.354  16.465  14.370 0.4000000060
81470  42.343  12.280  1.752 0.4000000060
83658  39.354  15.877  13.224 0.6000000238
80747  41.834  11.508  2.580 0.4000000060
127551  41.465  11.404  3.276 0.4000000060
81471  41.684  12.586  2.342 0.4000000060
81464  41.296  12.055  2.904 0.4000000060
84483  40.010  16.402  10.081 0.6999999881
80738  40.826  11.814  3.633 0.4000000060
82173  41.238  13.358  3.188 0.4000000060
84507  40.469  17.183  8.388 0.6000000238
82174  40.728  13.083  3.551 0.5000000000
82948  41.054  13.612  3.707 0.5000000000
84519  40.764  17.045  7.812 0.6999999881
111586  40.973  13.950  4.608 0.5000000000
115786  41.303  14.490  5.392 0.5000000000
82923  41.087  14.804  6.179 0.5000000000
84518  41.294  16.844  7.435 0.6999999881
82937  41.961  15.155  5.762 0.5000000000
81482  44.326  13.300  0.841 0.5000000000
126566  43.729  13.506  0.847 0.6000000238
126296  42.849  13.446  1.292 0.5000000000
82179  42.348  13.782  1.861 0.5000000000
84482  40.872  16.491  9.851 0.6999999881
82963  42.083  14.013  2.488 0.5000000000
82957  41.613  13.866  3.104 0.5000000000
82956  42.292  14.513  2.939 0.6000000238
84531  42.006  16.821  7.146 0.6999999881
82947  41.649  14.191  3.845 0.6000000238
119246  41.791  14.565  4.771 0.6000000238
83755  41.466  15.856  6.817 0.6000000238
83754  42.425  16.133  6.355 0.6000000238
83772  43.126  15.429  4.400 0.6000000238
82936  42.436  15.081  4.911 0.6000000238
83763  42.802  15.690  5.443 0.6000000238
82974  45.594  15.259  0.566 0.5000000000
84575  45.895  16.135  0.303 0.6000000238
82971  43.977  14.478  0.760 0.5000000000
83805  45.457  15.695  0.488 0.6000000238
83800  43.432  14.892  1.291 0.6000000238
84566  45.756  16.287  0.534 0.6999999881
82962  42.629  14.467  1.939 0.6000000238
118218  43.838  15.673  2.404 0.6000000238
121744  46.491  16.531  1.887 0.6999999881
83782  42.998  15.180  3.224 0.6000000238
83781  44.294  16.025  3.271 0.6000000238
83771  43.894  15.973  4.247 0.6999999881
83762  43.551  16.049  5.116 0.6999999881
84549  44.269  16.361  4.848 0.6999999881
84555  44.569  16.238  4.005 0.6999999881
85718  40.501  18.783  22.800 0.2000000030
75176  49.518  4.493  6.552 0.3000000119
75184  49.510  4.897  5.882 0.3000000119
75192  48.189  5.120  4.883 0.2000000030
75187  46.851  4.290  5.109 0.2000000030
74345  45.661  3.210  5.099 0.2000000030
76848  50.185  6.951  3.704 0.3000000119
76046  50.476  6.373  4.550 0.3000000119
76834  54.621  7.361  5.777 0.4000000060
76835  53.955  7.328  5.348 0.4000000060
77814  48.194  7.978  1.607 0.4000000060
83780  44.702  16.163  2.197 0.6000000238
83788  44.687  16.112  1.160 0.6000000238
75153  57.072  5.046  8.195 0.4000000060
74320  56.971  4.084  8.618 0.4000000060
73500  53.262  2.146  8.902 0.2000000030
75154  56.880  4.569  7.976 0.4000000060
130586  56.416  4.005  8.076 0.4000000060
76016  55.845  5.852  6.768 0.4000000060
75163  55.372  4.987  7.262 0.4000000060
75164  53.982  4.712  7.490 0.3000000119
75158  52.189  4.258  8.057 0.3000000119
76027  55.227  6.420  6.285 0.4000000060
74327  48.897  3.371  8.251 0.1000000015
74333  48.477  3.696  7.405 0.1000000015
74340  46.772  3.471  6.359 0.2000000030
75202  44.262  3.950  3.137 0.2000000030
76018  53.533  5.378  6.782 0.4000000060
75175  50.318  4.778  6.446 0.3000000119
74338  48.467  4.091  6.741 0.2000000030
75186  47.716  4.545  5.409 0.2000000030
75185  48.593  4.731  5.639 0.2000000030
75183  50.292  5.263  5.799 0.3000000119
76039  49.929  5.592  5.211 0.3000000119
76055  48.331  6.329  3.417 0.3000000119
76048  48.696  5.802  4.273 0.3000000119
76047  49.578  6.103  4.448 0.3000000119
76049  47.793  5.527  4.050 0.3000000119
75193  47.298  4.890  4.612 0.3000000119
75200  45.981  4.847  3.194 0.2000000030
78657  46.917  8.496  0.768 0.4000000060
77822  46.401  8.255  0.778 0.4000000060
82149  39.145  13.769  6.100 0.3000000119
79380  44.609  9.573  1.181 0.4000000060
77817  44.305  8.120  2.655 0.3000000119
78653  43.908  9.168  2.383 0.4000000060
78646  43.278  9.132  3.496 0.3000000119
78645  43.686  8.459  3.227 0.3000000119
79373  43.162  9.943  2.870 0.4000000060
80057  42.720  10.633  2.398 0.4000000060
83693  39.506  15.792  11.508 0.6000000238
79366  42.698  9.778  3.793 0.3000000119
84495  40.185  16.969  9.221 0.6000000238
82157  40.079  13.588  4.923 0.4000000060
80755  43.295  11.817  1.294 0.5000000000
125366  42.355  11.155  2.290 0.4000000060
84458  40.040  16.190  13.883 0.5000000000
81478  43.093  12.755  1.217 0.5000000000
81472  41.203  12.820  3.011 0.5000000000
83799  44.458  15.464  0.764 0.6000000238
83789  43.847  15.482  1.477 0.6000000238
76040  49.060  5.365  5.112 0.3000000119
83570  33.172  15.585  21.452 0.2000000030
83566  32.135  15.676  22.774 0.2000000030
85711  37.172  18.441  23.229 0.2000000030
85712  36.254  18.337  23.214 0.2000000030
109084  36.073  17.932  23.972 0.2000000030
85723  35.812  18.388  22.344 0.2000000030
85099  35.078  17.944  22.155 0.2000000030
85100  34.457  17.597  22.692 0.2000000030
85730  35.576  18.163  21.446 0.2000000030
85106  34.537  17.415  21.746 0.2000000030
84366  34.192  16.716  21.371 0.2000000030
84360  33.247  16.693  22.620 0.2000000030
83562  32.000  15.999  23.682 0.2000000030
85105  35.081  17.673  21.364 0.2000000030
83578  33.883  15.952  21.031 0.2000000030
84376  34.659  16.275  20.775 0.3000000119
83579  33.715  15.135  20.846 0.2000000030
85096  36.869  17.947  23.936 0.2000000030
115715  35.266  17.945  23.379 0.2000000030
85097  34.346  17.520  23.595 0.2000000030
85739  36.038  18.257  20.872 0.2000000030
117183  34.714  17.517  24.315 0.2000000030
130384  33.778  17.226  23.788 0.2000000030
83563  31.625  15.308  23.355 0.2000000030
84375  34.837  17.105  20.995 0.2000000030
84352  32.634  16.535  24.081 0.2000000030
83556  32.000  16.180  24.646 0.2000000030
83577  35.297  15.752  20.403 0.3000000119
85092  40.605  17.494  23.920 0.1000000015
85093  39.639  17.602  23.974 0.1000000015
85094  38.729  17.756  24.000 0.2000000030
85095  37.795  17.880  23.964 0.2000000030
85080  38.395  17.364  24.655 0.2000000030
85082  36.595  17.626  24.660 0.2000000030
85710  38.137  18.388  23.305 0.1000000015
85083  35.610  17.617  24.614 0.2000000030
85073  34.919  17.344  25.171 0.2000000030
85729  36.270  18.629  21.497 0.2000000030
110050  36.681  18.671  20.734 0.2000000030
84351  33.433  17.002  24.451 0.2000000030
84342  32.718  16.616  25.053 0.2000000030
85115  35.569  17.577  20.762 0.3000000119
113195  35.399  16.645  20.560 0.2000000030
83557  31.506  15.536  24.242 0.2000000030
82787  35.065  14.205  19.750 0.3000000119
79845  37.749  10.383  33.217 0.1000000015
79160  36.068  10.012  33.221 0.1000000015
85706  42.234  18.137  23.377 0.1000000015
85078  40.142  16.970  24.483 0.1000000015
85079  39.248  17.150  24.580 0.1000000015
77561  28.919  7.676  28.662 0.1000000015
77562  28.567  7.604  27.956 0.1000000015
85719  39.511  18.881  22.736 0.1000000015
85081  37.509  17.534  24.671 0.2000000030
78424  28.465  8.279  27.490 0.1000000015
86362  38.022  19.380  21.783 0.2000000030
85728  37.126  19.147  21.455 0.2000000030
85071  37.214  17.309  25.386 0.2000000030
86368  37.778  19.397  21.059 0.2000000030
85114  36.471  17.808  20.327 0.3000000119
85072  36.318  17.425  25.380 0.2000000030
84374  36.031  17.006  20.331 0.3000000119
83553  32.081  16.214  25.599 0.2000000030
84391  36.764  16.801  20.053 0.3000000119
83576  36.131  16.091  20.216 0.2000000030
82775  35.184  14.936  20.158 0.3000000119
80535  38.541  11.351  33.542 0.1000000015
80536  37.530  11.422  34.006 0.1000000015
81237  37.790  12.323  34.065 0.1000000015
79832  38.858  10.612  33.252 0.1000000015
79844  38.741  10.318  33.074 0.1000000015
79857  38.617  10.360  32.650 0.1000000015
79858  37.511  10.403  32.782 0.1000000015
79846  36.855  10.211  33.357 0.1000000015
79859  36.648  10.346  32.808 0.1000000015
79860  35.829  10.396  32.742 0.1000000015
79861  34.976  10.383  32.617 0.1000000015
79862  34.126  10.225  32.333 0.1000000015
79174  32.814  9.215  32.009 0.1000000015
85705  43.544  18.257  23.362 0.1000000015
78406  30.667  8.693  30.403 0.1000000015
78414  29.231  8.485  28.935 0.1000000015
127212  42.647  18.607  22.915 0.1000000015
85717  41.583  18.713  22.848 0.1000000015
79189  29.000  9.169  28.406 0.1000000015
78415  28.705  8.392  28.232 0.1000000015
84349  39.674  16.633  25.015 0.1000000015
86361  39.002  19.502  21.897 0.1000000015
120858  39.660  19.756  21.513 0.1000000015
86367  38.407  19.558  21.133 0.2000000030
85738  37.502  19.069  20.545 0.2000000030
127662  35.189  17.222  26.022 0.2000000030
84341  33.509  16.907  25.443 0.2000000030
86375  38.670  19.478  20.546 0.2000000030
119784  37.149  18.405  20.207 0.2000000030
83554  31.474  15.680  25.179 0.2000000030
85737  38.243  19.141  20.233 0.2000000030
128172  38.062  17.846  19.735 0.2000000030
124577  36.923  15.976  19.962 0.3000000119
113892  37.693  16.367  19.779 0.3000000119
83596  36.557  15.326  19.865 0.2000000030
82786  35.984  14.599  19.685 0.3000000119
82785  36.939  14.710  19.430 0.4000000060
82035  36.484  14.038  19.084 0.3000000119
82029  35.651  13.814  19.254 0.3000000119
81222  36.999  12.635  35.347 0.1000000015
81213  36.794  12.222  35.891 0.1000000015
81238  37.136  12.169  34.660 0.1000000015
81903  37.320  13.782  36.082 0.1000000015
81236  38.830  12.419  33.707 0.1000000015
81913  37.934  13.844  34.532 0.1000000015
81914  37.517  13.930  35.192 0.1000000015
118987  39.588  11.258  33.434 0.1000000015
128009  38.026  13.103  34.145 0.1000000015
82654  37.885  14.803  34.913 0.1000000015
81932  38.701  13.490  34.009 0.1000000015
82667  38.662  14.365  34.325 0.1000000015
79871  37.938  10.683  32.264 0.1000000015
127978  37.116  10.664  32.452 0.1000000015
79872  36.349  10.830  32.401 0.1000000015
79173  33.621  9.548  32.568 0.1000000015
79873  35.438  10.937  32.323 0.1000000015
79874  34.567  10.904  32.128 0.1000000015
80568  35.004  11.579  31.949 0.1000000015
79875  33.765  10.780  31.809 0.1000000015
79179  32.593  9.915  31.380 0.1000000015
78405  31.407  9.017  30.907 0.1000000015
80575  32.285  11.393  30.623 0.1000000015
79881  31.749  10.757  30.416 0.1000000015
79181  31.075  9.487  30.403 0.1000000015
79885  31.255  10.934  29.923 0.1000000015
79184  30.435  9.605  29.724 0.1000000015
79185  29.634  9.340  29.035 0.1000000015
85091  41.740  17.477  23.833 0.1000000015
85090  43.137  17.584  23.797 0.1000000015
85077  41.195  16.904  24.387 0.1000000015
84336  38.893  16.820  25.164 0.2000000030
85070  38.099  17.091  25.375 0.2000000030
84338  36.867  17.163  26.076 0.2000000030
86387  38.955  19.270  20.029 0.2000000030
84340  34.337  17.103  25.793 0.2000000030
84327  32.816  16.563  26.009 0.2000000030
83547  31.554  15.667  26.098 0.2000000030
85132  38.681  18.037  19.632 0.2000000030
118578  38.302  17.168  19.693 0.3000000119
84390  38.731  16.245  19.607 0.3000000119
83594  38.246  15.513  19.514 0.3000000119
84389  39.687  16.082  19.509 0.3000000119
83593  39.124  15.491  19.398 0.3000000119
82784  37.799  14.812  19.281 0.4000000060
82783  38.660  14.893  19.177 0.3000000119
82801  37.329  14.204  18.902 0.3000000119
82781  40.274  15.084  19.152 0.3000000119
82782  39.492  14.965  19.122 0.3000000119
82798  39.921  14.621  18.644 0.2000000030
123382  39.396  14.043  17.891 0.2000000030
81207  37.515  12.545  37.355 0.1000000015
79843  39.482  10.288  33.065 0.1000000015
81235  39.990  12.051  33.525 0.1000000015
119642  39.495  13.003  33.729 0.1000000015
82653  38.859  15.199  34.649 0.1000000015
84224  38.920  16.453  35.461 0.1000000015
79856  39.410  10.190  32.800 0.1000000015
122104  39.596  10.182  32.363 0.1000000015
79870  38.937  10.482  32.066 0.1000000015
80565  38.216  11.275  31.730 0.1000000015
80566  37.038  11.255  31.975 0.1000000015
80567  35.932  11.519  32.033 0.1000000015
81273  36.367  12.180  31.670 0.1000000015
81274  35.431  12.239  31.674 0.1000000015
81275  34.585  12.196  31.563 0.1000000015
80569  34.175  11.503  31.702 0.1000000015
79876  33.034  10.664  31.429 0.1000000015
81968  34.949  12.866  31.319 0.1000000015
80570  33.412  11.399  31.389 0.1000000015
80574  32.962  12.047  30.898 0.1000000015
80576  31.666  11.519  30.082 0.1000000015
85076  42.463  16.899  24.264 0.1000000015
84347  41.841  16.473  24.800 0.1000000015
116691  39.309  16.564  25.546 0.1000000015
82740  31.180  14.710  27.238 0.2000000030
84339  36.007  17.296  26.076 0.2000000030
83532  31.697  15.453  26.987 0.2000000030
83546  32.229  16.054  26.520 0.2000000030
82817  40.389  14.272  17.983 0.2000000030
82040  40.776  13.877  17.302 0.2000000030
84470  35.657  16.060  12.490 0.2000000030
84471  34.635  16.167  12.685 0.3000000119
84479  34.825  15.960  11.843 0.2000000030
84487  36.618  15.693  10.913 0.3000000119
84488  35.803  15.640  11.041 0.2000000030
83712  35.203  15.242  10.461 0.2000000030
84486  37.425  15.813  10.606 0.3000000119
83711  36.107  15.373  10.436 0.3000000119
83710  36.810  15.541  10.316 0.3000000119
83730  35.715  15.017  10.030 0.3000000119
83729  36.483  15.130  9.814 0.3000000119
83743  37.727  15.384  9.063 0.3000000119
80545  40.893  10.167  33.051 0.1000000015
80533  40.582  10.894  33.342 0.1000000015
79842  40.170  10.000  32.765 0.1000000015
80564  39.360  10.829  31.715 0.1000000015
81967  35.806  12.940  31.381 0.1000000015
127040  34.254  12.703  31.218 0.1000000015
81276  33.801  12.140  31.337 0.1000000015
81282  32.807  13.023  30.387 0.1000000015
81283  32.195  12.212  30.291 0.1000000015
86342  45.245  18.774  24.229 0.1000000015
85089  44.701  18.028  24.000 0.1000000015
117156  43.905  17.048  24.331 0.1000000015
84348  40.662  16.504  24.980 0.1000000015
82739  31.858  15.061  27.873 0.2000000030
84337  37.730  16.934  26.049 0.2000000030
129066  36.499  17.114  26.626 0.2000000030
84326  33.682  16.724  26.361 0.2000000030
83545  33.021  16.314  26.897 0.2000000030
84461  35.289  16.239  13.418 0.3000000119
111838  36.191  16.188  13.398 0.3000000119
84477  36.393  15.867  11.740 0.2000000030
84475  37.817  15.856  11.351 0.3000000119
122201  37.114  15.819  11.322 0.4000000060
84498  37.964  15.986  10.038 0.3000000119
83728  37.383  15.588  9.803 0.3000000119
83744  37.050  15.087  9.291 0.3000000119
82897  36.462  14.624  9.162 0.3000000119
120092  41.531  17.187  7.950 0.6000000238
80532  41.498  10.694  33.200 0.1000000015
79879  39.882  10.305  31.856 0.1000000015
81271  38.828  11.909  31.446 0.1000000015
113736  38.063  12.222  31.441 0.1000000015
81965  37.562  12.960  31.326 0.1000000015
120981  35.297  13.530  31.027 0.1000000015
81976  34.386  13.406  30.846 0.1000000015
81977  33.583  13.474  30.500 0.1000000015
81281  33.612  12.814  30.892 0.1000000015
82723  34.057  14.140  30.223 0.1000000015
81979  33.149  13.874  30.012 0.1000000015
82730  34.196  14.717  29.703 0.1000000015
82731  33.517  14.525  29.586 0.1000000015
81286  32.094  12.894  29.916 0.1000000015
82735  33.121  14.945  28.926 0.2000000030
82732  32.706  14.316  29.387 0.1000000015
85075  44.744  17.272  24.757 0.1000000015
83520  32.733  15.365  28.206 0.2000000030
82736  32.316  14.701  28.662 0.1000000015
81983  31.973  14.027  29.096 0.1000000015
129180  41.385  16.306  25.307 0.1000000015
108403  38.635  16.648  25.911 0.2000000030
84308  33.885  16.446  27.210 0.2000000030
83531  32.443  15.728  27.393 0.2000000030
84325  34.648  16.847  26.709 0.2000000030
84455  42.690  16.341  13.698 0.5000000000
83655  42.415  15.747  13.210 0.5000000000
84436  41.956  16.712  14.085 0.5000000000
84456  41.727  16.018  13.584 0.5000000000
114750  35.834  16.366  14.098 0.3000000119
83689  44.492  15.332  11.638 0.5000000000
83673  43.668  15.415  12.243 0.5000000000
121259  41.804  15.576  12.818 0.5000000000
84476  37.326  15.867  12.081 0.4000000060
84469  36.717  16.018  12.730 0.4000000060
84459  36.973  16.185  13.503 0.4000000060
111907  43.007  15.421  11.587 0.5000000000
83674  42.595  15.479  12.373 0.5000000000
83703  45.384  15.427  10.311 0.5000000000
83704  44.596  15.395  10.685 0.6000000238
83690  43.673  15.374  11.059 0.5000000000
83723  44.739  15.631  9.796 0.6000000238
84506  42.522  17.059  8.083 0.6000000238
84493  42.077  16.909  8.812 0.6000000238
112214  43.812  16.722  7.049 0.6000000238
84516  43.102  16.883  7.573 0.6000000238
122147  44.678  16.557  5.527 0.6000000238
84529  43.857  16.561  6.276 0.6000000238
84540  43.260  16.299  5.961 0.6000000238
84530  42.966  16.710  6.851 0.6000000238
84539  43.917  16.425  5.575 0.6000000238
80555  40.971  10.022  32.575 0.1000000015
80531  42.367  10.767  33.024 0.1000000015
80563  40.206  10.586  31.735 0.1000000015
81270  39.766  11.626  31.495 0.1000000015
81963  39.233  12.729  31.295 0.1000000015
81964  38.377  12.894  31.278 0.1000000015
82701  37.035  13.687  31.145 0.1000000015
111926  35.818  14.364  30.612 0.1000000015
82722  35.362  14.827  30.121 0.1000000015
119851  34.674  14.625  30.044 0.1000000015
131079  44.756  18.501  24.664 0.1000000015
82729  34.801  15.211  29.487 0.2000000030
83506  33.935  15.120  29.169 0.2000000030
85700  44.717  18.068  24.520 0.1000000015
84346  43.136  16.399  24.663 0.1000000015
83519  33.604  15.526  28.456 0.2000000030
84323  36.561  16.891  27.235 0.2000000030
84307  34.713  16.522  27.489 0.2000000030
83530  33.295  15.922  27.698 0.2000000030
83552  42.444  16.082  25.246 0.1000000015
84335  39.996  16.444  25.562 0.1000000015
114158  37.247  16.961  26.668 0.2000000030
112798  35.176  16.767  27.175 0.2000000030
87686  44.463  21.174  23.632 0.1000000015
84324  35.685  17.029  26.827 0.2000000030
88299  44.620  22.795  22.858 0.1000000015
88295  44.301  22.135  23.264 0.1000000015
85187  42.594  17.029  14.104 0.5000000000
84437  41.304  16.472  14.067 0.5000000000
85188  41.324  17.100  14.427 0.4000000060
84438  40.664  16.617  14.282 0.4000000060
84457  40.845  16.074  13.723 0.5000000000
83675  41.164  15.530  12.262 0.5000000000
83656  41.065  15.669  13.077 0.5000000000
83657  40.281  15.778  13.172 0.4000000060
114182  41.817  15.455  12.041 0.6000000238
83692  40.432  15.657  11.655 0.5000000000
83705  43.162  15.756  10.245 0.6000000238
83707  41.540  15.930  10.542 0.6000000238
126999  45.575  15.673  9.356 0.6000000238
125166  44.168  15.951  9.387 0.6000000238
83725  42.640  16.342  9.573 0.6000000238
84502  45.904  16.207  7.844 0.6000000238
83738  45.367  16.087  8.448 0.6000000238
84504  44.626  16.395  8.174 0.6000000238
84494  41.110  17.059  8.939 0.6000000238
84503  45.210  16.375  7.806 0.6000000238
84517  42.396  16.971  7.532 0.6000000238
108675  43.880  16.673  7.810 0.6000000238
110318  45.374  16.629  5.950 0.6000000238
84528  44.578  16.621  6.483 0.6000000238
84515  44.675  16.586  7.314 0.6000000238
109398  46.188  16.615  5.482 0.6999999881
80554  41.628  10.350  32.382 0.1000000015
80544  41.606  10.348  32.857 0.1000000015
81269  40.873  11.261  31.631 0.1000000015
81962  40.181  12.595  31.388 0.1000000015
82699  38.757  13.703  31.136 0.1000000015
82700  37.839  13.818  31.107 0.2000000030
82719  38.349  14.580  30.834 0.2000000030
82720  37.519  14.603  30.752 0.2000000030
82721  36.707  14.412  30.755 0.2000000030
83490  37.052  15.199  30.342 0.2000000030
83491  36.198  15.015  30.225 0.2000000030
83505  35.731  15.455  29.599 0.2000000030
83517  35.322  15.903  28.934 0.2000000030
84345  44.449  16.461  24.815 0.1000000015
115073  36.327  16.663  27.887 0.2000000030
84295  35.001  16.270  28.221 0.2000000030
83518  34.455  15.692  28.718 0.2000000030
126634  45.016  16.300  25.255 0.1000000015
84332  43.657  16.020  24.975 0.1000000015
84304  37.873  16.612  27.548 0.2000000030
84305  37.044  16.698  27.767 0.2000000030
84306  35.610  16.667  27.614 0.2000000030
84333  41.408  16.211  25.786 0.1000000015
84334  40.732  16.365  25.580 0.1000000015
84302  39.540  16.430  26.697 0.2000000030
84322  38.095  16.670  26.699 0.2000000030
85195  43.291  17.000  13.962 0.5000000000
115972  42.075  17.507  14.327 0.4000000060
85189  40.563  17.380  14.688 0.3000000119
85812  39.673  18.340  15.184 0.2000000030
84439  39.894  16.776  14.521 0.4000000060
83676  40.556  15.604  12.523 0.5000000000
83691  41.310  15.613  11.403 0.6000000238
83706  42.368  15.875  10.365 0.6000000238
83739  44.733  16.030  8.968 0.6000000238
83726  41.771  16.465  9.687 0.6000000238
83708  40.691  15.967  10.732 0.6000000238
83724  43.460  16.138  9.471 0.6000000238
84492  42.969  16.707  8.800 0.6000000238
84527  46.094  16.537  6.409 0.6999999881
84514  45.539  16.461  7.223 0.6000000238
84505  43.247  16.821  8.175 0.6000000238
84526  47.047  16.569  5.524 0.6999999881
80543  42.370  10.695  32.685 0.1000000015
80553  42.275  10.743  32.197 0.1000000015
81247  43.388  11.139  32.921 0.1000000015
81268  41.895  11.360  31.766 0.1000000015
81961  41.199  12.566  31.474 0.1000000015
82697  40.498  13.644  31.222 0.1000000015
82698  39.615  13.619  31.181 0.1000000015
82718  39.944  14.416  30.929 0.2000000030
125820  39.190  14.473  30.906 0.2000000030
83489  37.926  15.318  30.402 0.2000000030
83488  38.913  15.380  30.451 0.2000000030
83503  37.452  15.868  29.825 0.2000000030
85057  45.219  16.432  25.542 0.1000000015
84283  37.004  16.270  29.153 0.2000000030
83504  36.588  15.664  29.731 0.2000000030
84344  45.034  16.735  25.162 0.1000000015
84330  45.250  16.028  25.452 0.1000000015
83550  44.571  15.714  25.599 0.1000000015
84293  36.623  16.485  28.448 0.2000000030
83516  36.161  16.094  29.071 0.2000000030
84331  44.533  15.970  25.140 0.1000000015
83551  43.526  15.781  25.417 0.1000000015
83544  42.363  15.904  25.942 0.1000000015
84319  41.331  16.222  26.469 0.2000000030
84320  40.369  16.349  26.151 0.2000000030
84291  38.455  16.488  28.266 0.2000000030
84292  37.469  16.528  28.383 0.2000000030
84294  35.826  16.386  28.379 0.2000000030
84303  38.772  16.491  27.249 0.2000000030
121361  44.803  18.077  14.093 0.4000000060
85186  43.865  17.781  13.992 0.5000000000
112340  42.905  17.727  14.138 0.5000000000
85809  42.333  18.433  14.407 0.3000000119
85810  41.325  18.121  14.674 0.3000000119
81257  43.172  11.073  32.539 0.1000000015
81267  42.853  11.393  31.926 0.1000000015
81960  42.231  12.604  31.568 0.1000000015
82696  41.510  13.907  31.248 0.2000000030
82717  40.702  14.625  30.867 0.2000000030
83502  38.335  15.992  29.891 0.2000000030
83501  39.238  16.145  29.747 0.2000000030
84282  37.884  16.353  29.158 0.2000000030
83528  42.284  15.958  26.740 0.2000000030
84300  41.330  16.257  27.293 0.2000000030
84301  40.402  16.365  26.968 0.2000000030
129846  39.068  16.467  27.867 0.2000000030
116633  43.323  12.720  31.762 0.1000000015
82695  42.564  13.912  31.387 0.2000000030
124707  42.153  14.711  30.989 0.2000000030
127415  40.151  15.085  30.610 0.2000000030
82716  41.496  15.053  30.694 0.2000000030
83486  40.751  15.593  30.258 0.2000000030
124202  40.545  16.328  28.740 0.2000000030
83500  40.187  16.161  29.550 0.2000000030
84288  41.370  16.254  28.204 0.2000000030
84280  39.514  16.411  28.608 0.2000000030
84289  40.434  16.369  27.865 0.2000000030
83515  42.301  16.025  27.565 0.2000000030
84290  39.596  16.435  27.504 0.2000000030
81959  44.224  12.186  32.138 0.1000000015
118771  41.673  15.715  30.082 0.2000000030
121198  42.471  15.809  29.499 0.2000000030
83499  41.330  16.122  29.307 0.2000000030
82694  44.207  13.500  31.747 0.1000000015
81958  45.097  12.489  32.267 0.1000000015
83485  42.389  15.398  30.370 0.2000000030
86366  39.115  19.775  21.025 0.2000000030
86374  39.397  19.686  20.372 0.2000000030
88294  45.040  21.470  23.309 0.1000000015
85753  38.559  18.835  19.843 0.2000000030
116211  39.827  15.429  19.343 0.3000000119
79887  29.977  10.182  28.974 0.1000000015
81980  32.380  13.585  29.729 0.1000000015
79886  30.647  10.687  29.449 0.1000000015
82800  38.166  14.347  18.763 0.2000000030
84358  32.589  16.364  23.114 0.2000000030
85722  36.654  18.741  22.366 0.2000000030
85101  33.804  17.218  23.069 0.2000000030
84359  33.891  17.087  22.179 0.2000000030
84367  33.470  16.381  21.768 0.2000000030
84357  33.232  16.865  23.525 0.2000000030
115470  34.502  15.406  20.580 0.3000000119
85721  37.564  18.958  22.501 0.2000000030
85084  34.082  17.341  24.227 0.2000000030
83597  35.858  15.302  20.099 0.3000000119
85709  39.097  18.284  23.359 0.1000000015
85720  38.537  18.969  22.647 0.2000000030
128855  35.599  17.394  25.443 0.2000000030
84350  34.155  17.235  24.914 0.2000000030
86376  38.087  19.352  20.667 0.2000000030
85113  37.442  17.590  19.881 0.3000000119
79178  33.316  10.051  31.920 0.1000000015
78409  29.890  8.624  29.660 0.1000000015
85754  37.899  18.506  19.941 0.2000000030
83595  37.376  15.428  19.666 0.3000000119
131137  37.229  13.283  35.492 0.1000000015
81933  37.458  13.083  34.740 0.1000000015
83429  38.352  15.690  35.195 0.1000000015
79880  32.386  10.624  30.933 0.1000000015
79180  31.794  9.871  30.771 0.1000000015
80571  32.807  11.223  31.064 0.1000000015
79882  31.154  10.220  30.119 0.1000000015
118572  39.198  17.012  19.569 0.3000000119
82799  39.019  14.483  18.648 0.3000000119
81272  37.325  12.125  31.568 0.1000000015
109889  39.423  16.448  26.045 0.2000000030
84478  35.536  15.860  11.639 0.2000000030
83694  35.006  15.616  11.146 0.2000000030
82888  35.081  14.732  9.858 0.2000000030
82898  35.815  14.621  9.592 0.3000000119
81966  36.702  12.956  31.388 0.1000000015
81975  36.124  13.720  31.068 0.1000000015
111693  35.004  14.156  30.571 0.1000000015
84321  38.877  16.504  26.490 0.2000000030
83529  34.138  16.086  27.980 0.2000000030
112640  42.879  15.519  10.897 0.6000000238
126469  42.211  15.512  11.295 0.6000000238
120127  43.967  15.619  10.089 0.6000000238
129580  37.274  14.143  30.962 0.2000000030
109792  37.393  16.794  27.159 0.2000000030
88300  43.649  22.860  22.854 0.1000000015
84491  43.881  16.420  8.683 0.6000000238
85811  40.381  18.248  14.968 0.2000000030
129605  39.597  15.021  30.651 0.2000000030
83487  39.803  15.626  30.258 0.2000000030
84281  38.677  16.355  29.170 0.2000000030
65539  54.446  -6.220  14.981 0.1000000015
66408  53.853  -5.961  17.457 0.1000000015
66430  54.125  -6.067  15.743 0.1000000015
66409  53.103  -6.246  17.699 0.1000000015
65540  53.841  -6.668  15.458 0.1000000015
66416  53.350  -6.164  16.958 0.1000000015
65541  53.124  -7.054  16.004 0.1000000015
66402  53.712  -6.158  18.311 0.1000000015
122349  53.567  -6.236  19.299 0.1000000015
66403  52.890  -6.301  18.597 0.1000000015
65519  53.551  -6.413  16.222 0.1000000015
129708  52.946  -6.373  17.185 0.1000000015
63727  53.371  -7.609  15.306 0.1000000015
65521  51.955  -7.193  17.148 0.1000000015
109577  53.116  -6.112  19.896 0.1000000015
131006  52.438  -6.119  20.039 0.1000000015
66379  54.199  -6.392  19.901 0.1000000015
66395  51.703  -6.305  19.735 0.1000000015
66394  52.606  -6.256  19.390 0.1000000015
125009  52.379  -6.531  18.083 0.1000000015
115043  52.373  -8.407  15.633 0.1000000015
63718  51.841  -8.147  16.172 0.1000000015
63728  52.798  -8.758  15.108 0.1000000015
62878  52.115  -9.803  14.835 0.1000000015
62879  51.150  -10.095  14.645 0.1000000015
66381  52.965  -5.801  20.567 0.1000000015
111038  52.277  -5.593  21.172 0.1000000015
66382  51.729  -5.935  20.567 0.1000000015
124687  50.930  -6.233  20.165 0.1000000015
65493  51.802  -6.548  18.815 0.1000000015
66396  50.006  -6.202  20.156 0.1000000015
65501  50.791  -6.835  18.588 0.1000000015
65502  49.669  -6.788  18.755 0.1000000015
64557  50.879  -7.484  17.361 0.1000000015
65512  49.151  -7.173  17.917 0.1000000015
62871  52.029  -9.118  15.328 0.1000000015
62872  50.665  -9.569  15.123 0.1000000015
62880  50.319  -9.943  14.366 0.1000000015
68281  48.966  -3.661  7.988 0.1000000015
67403  48.570  -4.473  7.827 0.1000000015
66476  48.126  -5.044  8.483 0.1000000015
66374  50.108  -5.366  21.535 0.1000000015
66383  50.551  -5.863  20.801 0.1000000015
65495  48.808  -6.405  19.258 0.1000000015
65496  48.047  -6.114  18.893 0.1000000015
63729  51.346  -8.931  15.677 0.1000000015
64567  49.269  -8.013  16.669 0.1000000015
64559  48.699  -7.539  17.145 0.1000000015
63730  50.219  -9.034  15.662 0.1000000015
62873  49.776  -9.407  14.887 0.1000000015
62881  49.571  -9.575  14.013 0.1000000015
62905  49.595  -9.485  12.754 0.1000000015
64664  51.804  -7.631  6.704 0.1000000015
63813  51.330  -8.460  6.529 0.1000000015
63814  50.362  -8.563  6.669 0.1000000015
63815  49.403  -8.506  7.192 0.1000000015
64674  51.048  -7.044  5.840 0.1000000015
64675  50.176  -7.092  5.947 0.1000000015
64666  48.455  -6.981  6.982 0.1000000015
66496  49.223  -5.898  6.004 0.1000000015
65607  48.450  -6.208  6.725 0.1000000015
66489  47.875  -5.912  7.300 0.1000000015
68287  49.626  -3.198  7.111 0.1000000015
66483  48.186  -5.220  7.536 0.1000000015
67326  48.886  -4.175  22.005 0.1000000015
115697  49.795  -4.708  22.161 0.1000000015
66376  48.403  -5.129  20.827 0.1000000015
66375  49.032  -4.992  21.546 0.1000000015
128563  48.570  -5.624  20.303 0.1000000015
66384  49.329  -5.677  20.806 0.1000000015
66410  47.473  -5.734  17.526 0.1000000015
63731  49.201  -8.791  15.427 0.1000000015
64569  47.817  -7.396  16.076 0.1000000015
116881  48.539  -8.372  14.905 0.1000000015
63763  48.603  -8.375  14.018 0.1000000015
64628  49.062  -7.756  12.299 0.1000000015
63787  49.585  -8.162  11.510 0.1000000015
64642  49.998  -6.977  10.713 0.1000000015
64641  50.644  -7.385  9.800 0.1000000015
65592  51.514  -6.950  8.241 0.1000000015
64657  51.895  -7.787  7.521 0.1000000015
110625  51.817  -7.116  7.273 0.1000000015
119052  48.252  -6.201  13.924 0.1000000015
65574  49.073  -6.741  12.312 0.1000000015
65580  49.603  -6.414  11.477 0.1000000015
65579  50.129  -6.011  10.742 0.1000000015
65585  50.579  -6.455  9.918 0.1000000015
66475  51.142  -6.030  9.108 0.1000000015
65600  51.812  -6.366  7.435 0.1000000015
65606  51.829  -6.711  6.645 0.1000000015
64673  51.605  -7.001  6.133 0.1000000015
66457  49.433  -5.297  12.214 0.1000000015
66464  49.752  -5.596  11.508 0.1000000015
66469  50.621  -5.562  10.039 0.1000000015
66474  51.433  -5.299  8.638 0.1000000015
66487  51.882  -5.877  6.740 0.1000000015
129922  51.371  -6.631  5.790 0.1000000015
66495  50.154  -5.609  5.564 0.1000000015
67378  49.970  -4.120  11.924 0.1000000015
67383  50.402  -4.189  11.117 0.1000000015
121911  50.697  -4.710  10.236 0.1000000015
67397  51.030  -5.095  9.460 0.1000000015
67396  51.383  -4.545  9.094 0.1000000015
67407  51.765  -4.593  7.372 0.1000000015
67414  51.071  -4.554  6.092 0.1000000015
67415  50.232  -4.643  5.842 0.1000000015
67416  49.439  -5.190  5.977 0.1000000015
66488  48.610  -5.357  6.655 0.1000000015
68263  50.861  -3.360  10.989 0.1000000015
112472  51.361  -3.280  10.189 0.1000000015
118007  51.356  -3.887  9.585 0.1000000015
111574  51.726  -3.888  8.773 0.1000000015
68280  52.002  -3.775  7.743 0.1000000015
68285  51.862  -3.118  6.927 0.1000000015
68292  50.667  -3.762  6.240 0.1000000015
67408  49.793  -3.791  6.351 0.1000000015
67409  49.203  -4.558  6.394 0.1000000015
69115  51.419  -2.585  10.896 0.1000000015
69136  51.924  -2.646  9.941 0.1000000015
69135  52.280  -2.600  9.021 0.1000000015
69140  52.376  -2.541  8.171 0.1000000015
69146  52.156  -2.490  7.435 0.1000000015
114768  50.306  -3.196  6.480 0.1000000015
68288  48.997  -3.967  7.034 0.1000000015
70045  51.676  -1.954  7.457 0.1000000015
69149  50.363  -2.704  6.908 0.1000000015
70863  51.025  -0.764  8.551 0.1000000015
67322  49.604  -3.915  22.621 0.1000000015
68192  48.401  -3.463  21.471 0.1000000015
68199  47.930  -3.673  20.690 0.1000000015
66399  47.765  -5.421  19.271 0.1000000015
67331  47.890  -4.504  20.450 0.1000000015
67344  47.445  -4.760  18.727 0.1000000015
67342  47.656  -4.626  19.599 0.1000000015
66417  47.406  -5.826  16.625 0.1000000015
65542  47.634  -6.547  15.327 0.1000000015
66441  48.117  -5.485  14.281 0.1000000015
67366  48.246  -4.522  14.500 0.1000000015
66451  48.557  -5.636  13.420 0.1000000015
66450  49.035  -5.043  12.908 0.1000000015
68258  49.726  -3.748  12.572 0.1000000015
69104  51.138  -2.186  11.792 0.1000000015
70001  51.871  -1.731  11.300 0.1000000015
70014  52.089  -2.110  10.466 0.1000000015
69126  52.598  -1.961  9.599 0.1000000015
70026  53.225  -1.424  9.047 0.1000000015
70027  52.666  -1.989  8.669 0.1000000015
70038  52.954  -1.336  8.611 0.1000000015
70039  52.462  -1.893  7.948 0.1000000015
114741  52.464  -1.273  8.241 0.1000000015
70862  51.957  -0.682  8.372 0.1000000015
70847  51.348  -0.061  8.940 0.1000000015
69036  48.816  -2.526  21.483 0.1000000015
68181  48.950  -3.242  22.245 0.1000000015
69051  48.952  -1.995  20.724 0.1000000015
69064  48.261  -2.518  18.666 0.1000000015
116837  47.910  -3.157  20.036 0.1000000015
69066  48.826  -1.966  18.073 0.1000000015
68209  47.472  -3.903  19.017 0.1000000015
119658  48.390  -2.705  16.890 0.1000000015
68224  47.633  -4.088  16.170 0.1000000015
68223  48.173  -3.501  15.659 0.1000000015
69084  49.407  -2.294  14.740 0.1000000015
68238  49.091  -3.086  14.289 0.1000000015
69094  49.820  -2.433  13.731 0.1000000015
123817  51.233  -1.330  12.947 0.1000000015
69993  51.467  -1.542  12.201 0.1000000015
130664  53.186  -0.691  11.449 0.1000000015
70013  53.348  -1.277  9.766 0.1000000015
70860  53.742  -0.962  8.856 0.1000000015
70861  52.858  -0.774  8.419 0.1000000015
72641  53.436  0.622  8.570 0.1000000015
71777  52.286  -0.030  8.606 0.1000000015
71763  51.679  0.692  9.168 0.1000000015
72629  51.089  1.459  9.566 0.1000000015
73503  50.827  2.343  9.500 0.1000000015
69001  52.089  -2.393  24.574 0.1000000015
69917  50.370  -1.186  22.474 0.1000000015
69907  50.684  -1.420  23.312 0.1000000015
69013  50.674  -2.332  23.684 0.1000000015
69928  49.500  -1.628  21.319 0.1000000015
69946  49.525  -1.396  20.276 0.1000000015
69954  49.507  -1.358  19.319 0.1000000015
69060  48.831  -1.911  19.911 0.1000000015
69063  48.802  -1.882  18.980 0.1000000015
69067  48.287  -2.595  17.765 0.1000000015
127180  48.950  -2.168  16.433 0.1000000015
69069  48.531  -2.790  16.033 0.1000000015
69966  49.754  -1.667  15.270 0.1000000015
112485  50.381  -1.274  15.051 0.1000000015
69974  50.814  -1.082  14.437 0.1000000015
69984  51.476  -0.838  13.650 0.2000000030
120793  52.433  -0.446  13.192 0.2000000030
131238  53.506  -0.347  11.871 0.2000000030
71746  55.606  0.265  11.330 0.2000000030
70824  53.887  -0.418  11.078 0.1000000015
114435  54.855  -0.099  10.635 0.1000000015
70832  54.914  -0.175  9.624 0.1000000015
70846  54.035  -0.841  9.261 0.1000000015
70845  54.510  -0.275  8.982 0.1000000015
126668  56.319  0.751  9.290 0.2000000030
123734  55.646  0.330  9.263 0.2000000030
71775  54.340  0.220  8.644 0.1000000015
71776  53.271  -0.097  8.522 0.1000000015
72626  53.892  1.228  8.593 0.1000000015
72627  52.942  1.367  8.849 0.1000000015
73501  52.486  2.029  9.233 0.1000000015
68147  53.784  -3.368  24.367 0.1000000015
112107  54.958  -3.681  24.350 0.1000000015
67290  55.731  -4.129  24.153 0.1000000015
126333  55.204  -4.241  23.704 0.1000000015
70719  52.487  -0.742  24.978 0.1000000015
69897  52.234  -1.625  24.856 0.1000000015
69000  53.101  -2.510  24.986 0.1000000015
70720  51.841  -0.837  24.265 0.1000000015
71616  52.765  0.486  24.301 0.1000000015
113732  51.810  -0.200  23.585 0.1000000015
70738  51.407  -0.179  22.335 0.2000000030
71625  51.833  0.240  22.831 0.2000000030
70731  51.286  -0.832  23.547 0.1000000015
70749  51.422  -0.110  21.551 0.2000000030
70771  51.530  -0.081  20.790 0.2000000030
70750  50.834  -0.505  21.168 0.2000000030
70772  50.930  -0.439  20.357 0.1000000015
70778  50.990  -0.501  19.020 0.2000000030
69953  50.307  -0.775  19.719 0.1000000015
69956  50.180  -0.891  18.720 0.1000000015
70782  50.876  -0.563  18.148 0.1000000015
70786  50.809  -0.625  17.218 0.2000000030
69965  50.267  -1.201  15.802 0.1000000015
70800  52.190  -0.196  15.180 0.1000000015
124373  53.560  0.359  14.973 0.2000000030
70801  51.522  -0.598  14.667 0.1000000015
71710  52.968  0.134  14.628 0.2000000030
71726  53.906  0.295  13.407 0.2000000030
71736  55.305  0.460  12.409 0.2000000030
72610  57.204  1.092  11.205 0.2000000030
71753  55.970  0.186  10.252 0.2000000030
72616  57.047  1.089  10.248 0.2000000030
71752  56.518  0.543  9.799 0.2000000030
71761  55.986  0.767  9.006 0.1000000015
72640  55.852  1.298  8.832 0.1000000015
122525  54.924  1.205  8.656 0.1000000015
73511  55.509  2.376  8.620 0.1000000015
73512  54.284  2.153  8.670 0.1000000015
126044  57.147  -5.126  25.503 0.1000000015
66349  56.969  -5.614  25.033 0.1000000015
67288  56.894  -4.844  24.823 0.1000000015
66350  56.635  -6.067  24.606 0.1000000015
67289  56.274  -4.666  24.135 0.1000000015
71601  52.862  0.039  24.969 0.1000000015
71624  52.409  0.527  23.503 0.1000000015
72468  53.412  1.839  22.986 0.2000000030
71634  51.963  0.489  21.917 0.2000000030
72478  52.898  1.465  22.305 0.2000000030
72511  53.193  1.395  20.840 0.2000000030
72495  53.006  1.516  21.487 0.2000000030
71668  52.308  0.470  20.484 0.2000000030
72510  53.795  1.528  20.267 0.2000000030
75068  56.311  4.502  18.624 0.2000000030
74221  56.498  4.245  18.913 0.2000000030
71673  52.506  0.403  19.706 0.2000000030
131038  52.822  0.691  20.118 0.2000000030
73392  56.447  3.483  18.675 0.2000000030
122613  53.249  0.558  18.542 0.2000000030
73407  56.470  3.324  18.018 0.2000000030
70784  52.348  0.221  18.124 0.2000000030
73408  56.131  2.634  18.444 0.2000000030
70785  51.591  -0.239  17.661 0.2000000030
71679  53.923  0.702  17.819 0.2000000030
72551  55.541  1.327  17.260 0.2000000030
73422  56.466  3.171  17.284 0.2000000030
70794  52.446  0.124  16.239 0.2000000030
71687  55.137  0.889  16.605 0.2000000030
71686  55.631  1.072  15.923 0.2000000030
72549  56.331  2.041  16.055 0.2000000030
71698  53.879  0.490  15.553 0.2000000030
71697  54.878  0.701  15.580 0.2000000030
72563  56.183  1.439  15.578 0.2000000030
71708  54.955  0.629  14.613 0.2000000030
72573  56.455  1.205  14.617 0.2000000030
72572  56.886  1.524  14.098 0.2000000030
71725  54.922  0.539  13.532 0.2000000030
71724  56.119  0.685  13.049 0.2000000030
71735  56.345  0.518  11.996 0.2000000030
72601  57.267  1.109  12.211 0.2000000030
71734  56.884  0.689  11.624 0.2000000030
73495  57.374  1.830  10.644 0.2000000030
73498  57.250  1.848  9.813 0.2000000030
72639  56.447  1.285  9.098 0.1000000015
73510  56.519  2.207  8.911 0.2000000030
68128  57.272  -4.042  26.537 0.1000000015
67264  57.091  -4.921  26.272 0.1000000015
68986  56.263  -2.770  25.815 0.1000000015
68135  56.789  -3.592  25.593 0.1000000015
69883  55.305  -2.190  25.936 0.1000000015
68136  56.193  -3.307  25.102 0.1000000015
68145  56.465  -4.001  24.763 0.1000000015
69884  54.294  -1.644  25.975 0.1000000015
111653  54.658  -2.409  25.561 0.1000000015
68988  53.867  -2.255  25.519 0.1000000015
73376  54.059  2.536  21.434 0.2000000030
72494  53.610  1.922  21.028 0.2000000030
74215  55.556  3.409  20.508 0.2000000030
72493  54.294  2.277  20.547 0.2000000030
73390  55.047  2.647  20.130 0.2000000030
74213  56.423  4.460  19.585 0.2000000030
71666  53.378  0.881  19.791 0.2000000030
73394  55.344  2.376  19.426 0.2000000030
74222  56.380  3.654  19.335 0.2000000030
70780  52.438  0.270  18.923 0.2000000030
71672  53.098  0.578  19.247 0.2000000030
72514  54.970  1.761  19.166 0.2000000030
73393  56.022  2.824  19.079 0.2000000030
71675  54.105  0.840  18.578 0.2000000030
72522  54.573  1.231  18.894 0.2000000030
72513  55.595  2.157  18.801 0.2000000030
72536  55.450  1.424  17.911 0.2000000030
71678  54.921  0.953  17.500 0.2000000030
72535  55.898  1.807  17.487 0.2000000030
73423  56.206  2.454  17.775 0.2000000030
74307  57.329  2.615  10.027 0.2000000030
113112  57.176  3.499  9.424 0.2000000030
70707  53.789  -0.710  25.937 0.1000000015
70699  54.584  -0.853  26.313 0.1000000015
129831  53.825  1.090  31.466 0.1000000015
72401  52.473  1.686  31.579 0.1000000015
71524  51.104  1.026  32.109 0.1000000015
71525  50.295  0.954  31.616 0.1000000015
71527  49.288  0.252  31.586 0.1000000015
70647  49.028  -0.283  31.903 0.1000000015
111289  48.479  -0.571  31.338 0.1000000015
71549  54.084  0.302  30.756 0.1000000015
71536  53.341  1.435  31.660 0.1000000015
72395  51.599  1.489  31.625 0.1000000015
71538  49.632  0.692  31.200 0.1000000015
71539  49.007  0.390  30.736 0.1000000015
76814  39.989  6.955  8.254 0.1000000015
77774  40.901  7.889  7.003 0.1000000015
72400  53.909  1.704  31.049 0.1000000015
72402  51.777  1.799  30.928 0.1000000015
126625  52.781  2.263  30.911 0.1000000015
78601  39.789  8.429  7.792 0.1000000015
78591  39.233  8.105  8.418 0.1000000015
77748  38.748  7.743  8.973 0.1000000015
77759  40.371  7.556  7.647 0.1000000015
78602  39.067  8.908  8.160 0.1000000015
78592  38.590  8.533  8.696 0.1000000015
78611  40.721  8.676  6.787 0.1000000015
78593  37.933  8.936  8.959 0.1000000015
78600  40.407  8.327  7.302 0.1000000015
72411  50.972  1.383  30.490 0.1000000015
117101  49.442  0.706  30.448 0.1000000015
71537  50.151  1.080  30.662 0.1000000015
72403  50.927  1.354  31.256 0.1000000015
79326  37.274  9.310  9.262 0.1000000015
79340  39.419  9.360  7.589 0.1000000015
79336  36.974  10.051  8.936 0.1000000015
80702  35.740  11.250  9.767 0.1000000015
117057  34.633  12.293  10.447 0.1000000015
81401  34.101  12.172  11.161 0.1000000015
78612  40.139  9.086  7.223 0.1000000015
79341  38.752  9.535  7.818 0.1000000015
123611  36.171  11.361  9.091 0.1000000015
79334  38.351  9.279  8.335 0.1000000015
79335  37.622  9.638  8.516 0.1000000015
130719  35.738  11.825  9.350 0.1000000015
80703  35.318  11.993  9.849 0.1000000015
81410  33.894  13.025  10.761 0.1000000015
81402  33.469  12.444  11.622 0.1000000015
79350  38.848  10.058  7.261 0.1000000015
79342  38.011  9.985  7.657 0.1000000015
80014  37.327  10.406  8.150 0.1000000015
80015  36.718  10.856  8.660 0.1000000015
81423  35.518  12.452  9.221 0.1000000015
80026  38.988  10.621  6.489 0.1000000015
80027  38.215  10.688  6.865 0.1000000015
80020  37.603  10.851  7.370 0.1000000015
114477  36.721  11.916  7.696 0.1000000015
80708  36.466  11.625  8.384 0.1000000015
81435  35.786  12.824  8.656 0.1000000015
82110  35.365  13.079  9.128 0.1000000015
80718  37.833  11.820  5.944 0.2000000030
80028  37.736  11.360  6.614 0.2000000030
81434  36.280  12.378  8.183 0.1000000015
82889  34.491  14.207  9.833 0.1000000015
82111  35.011  13.569  9.459 0.1000000015
81424  34.994  12.807  9.622 0.1000000015
81446  37.208  12.721  6.995 0.2000000030
129417  35.898  14.192  9.116 0.2000000030
113844  35.277  14.162  9.437 0.1000000015
82125  35.700  13.581  8.923 0.2000000030
130507  34.502  15.301  10.721 0.1000000015
83695  34.223  15.568  11.285 0.1000000015
84462  34.382  16.326  13.540 0.2000000030
84444  34.135  16.518  14.355 0.2000000030
84445  33.232  16.522  14.480 0.2000000030
84443  35.013  16.412  14.218 0.2000000030
84419  33.818  16.807  15.109 0.1000000015
84418  34.850  16.779  15.034 0.1000000015
122339  35.555  16.594  14.671 0.1000000015
84460  36.648  16.363  14.112 0.3000000119
84417  35.781  16.924  15.216 0.2000000030
85190  39.758  17.570  14.931 0.2000000030
85807  44.162  18.733  14.142 0.3000000119
85808  43.263  18.582  14.180 0.3000000119
121250  45.739  19.092  14.515 0.3000000119
85806  45.010  18.915  14.276 0.3000000119
86443  45.304  19.756  14.425 0.2000000030
87136  43.861  20.226  14.234 0.2000000030
87148  43.951  21.000  14.012 0.2000000030
124005  44.573  21.283  13.859 0.2000000030
68987  55.458  -2.903  25.195 0.1000000015
69885  53.146  -1.484  25.567 0.1000000015
87135  44.725  20.529  14.229 0.2000000030
68985  56.986  -3.204  26.305 0.1000000015
70708  53.085  -0.521  25.509 0.1000000015
71615  53.272  0.814  24.825 0.1000000015
72477  53.452  2.036  21.914 0.2000000030
72534  56.224  2.266  16.987 0.2000000030
73456  57.119  1.950  13.571 0.2000000030
72586  57.150  1.255  13.165 0.2000000030
74214  56.277  3.904  20.057 0.2000000030
74240  56.571  4.125  18.278 0.2000000030
72562  56.572  1.794  15.061 0.2000000030
73499  56.974  1.987  9.279 0.2000000030
79349  39.702  9.960  7.009 0.1000000015
80038  38.311  11.257  6.050 0.2000000030
80719  37.374  11.985  6.605 0.2000000030
84442  36.262  16.619  14.719 0.3000000119
64600  54.199  -6.803  14.837 0.1000000015
66415  53.954  -5.913  16.620 0.1000000015
65520  52.833  -6.699  16.761 0.1000000015
65509  52.483  -6.650  17.449 0.1000000015
64564  52.335  -7.431  16.483 0.1000000015
64583  52.660  -7.732  15.947 0.1000000015
65510  51.533  -6.946  17.923 0.1000000015
65494  50.649  -6.527  19.408 0.1000000015
64565  51.374  -7.791  16.735 0.1000000015
65511  50.286  -7.175  18.005 0.1000000015
127962  51.440  -9.542  15.157 0.1000000015
61986  52.697  -10.542  14.300 0.1000000015
61988  50.873  -10.550  13.861 0.1000000015
61987  51.731  -10.684  14.171 0.1000000015
126387  49.610  -6.440  19.534 0.1000000015
64566  50.297  -7.994  16.793 0.1000000015
63719  50.811  -8.425  16.245 0.1000000015
64558  49.739  -7.601  17.348 0.1000000015
65513  48.222  -6.943  17.602 0.1000000015
130559  49.557  -9.553  13.406 0.1000000015
63744  49.032  -9.013  14.460 0.1000000015
66484  47.568  -5.764  8.035 0.1000000015
66373  51.286  -5.530  21.380 0.1000000015
67308  50.570  -4.374  22.711 0.1000000015
66398  48.296  -5.878  19.677 0.1000000015
65504  47.844  -6.299  18.031 0.1000000015
63720  49.754  -8.503  16.186 0.1000000015
63762  49.109  -9.033  13.463 0.1000000015
63778  49.232  -8.681  12.470 0.1000000015
63779  48.731  -8.201  13.120 0.1000000015
63822  51.503  -7.741  6.269 0.1000000015
111249  52.042  -8.330  7.029 0.1000000015
63823  50.724  -7.814  6.166 0.1000000015
64665  49.517  -7.673  6.627 0.1000000015
65613  50.914  -6.271  5.526 0.1000000015
65615  49.253  -6.709  6.302 0.1000000015
65608  47.884  -6.504  7.275 0.1000000015
67345  47.358  -4.896  17.809 0.1000000015
67347  47.343  -5.021  16.946 0.1000000015
65514  47.669  -6.507  17.156 0.1000000015
64568  48.378  -7.860  16.281 0.1000000015
65523  47.558  -6.719  16.218 0.1000000015
64584  48.074  -7.735  15.420 0.1000000015
64616  48.433  -7.574  13.659 0.1000000015
64602  47.834  -7.135  14.925 0.1000000015
65556  48.155  -6.956  14.137 0.1000000015
64629  48.687  -7.395  12.914 0.1000000015
64635  49.486  -7.264  11.575 0.1000000015
128474  49.746  -7.559  11.114 0.1000000015
63794  50.697  -8.256  10.064 0.1000000015
64651  51.234  -7.403  8.985 0.1000000015
65593  50.994  -6.831  9.179 0.1000000015
67375  48.627  -4.776  13.672 0.1000000015
66458  48.935  -5.856  12.649 0.1000000015
67384  49.904  -4.798  11.677 0.1000000015
66463  50.272  -5.133  10.895 0.1000000015
113554  51.549  -6.025  8.211 0.1000000015
65612  51.588  -6.178  5.969 0.1000000015
67379  49.543  -4.542  12.418 0.1000000015
67402  51.669  -4.607  8.229 0.1000000015
66482  51.690  -5.441  7.650 0.1000000015
120664  51.722  -5.171  6.935 0.1000000015
66494  51.024  -5.400  5.633 0.1000000015
68257  50.326  -3.387  11.876 0.1000000015
68268  50.931  -3.963  10.301 0.1000000015
67413  51.584  -4.536  6.623 0.1000000015
118248  51.815  -3.922  6.931 0.1000000015
66493  51.530  -5.302  6.250 0.1000000015
68291  51.327  -3.735  6.501 0.1000000015
125335  50.839  -2.816  11.556 0.1000000015
68274  52.116  -3.192  8.454 0.1000000015
68275  51.771  -3.246  9.342 0.1000000015
68284  52.234  -3.031  7.697 0.1000000015
68286  51.051  -2.947  6.556 0.1000000015
69147  51.583  -2.505  6.987 0.1000000015
69148  50.991  -2.278  7.101 0.1000000015
70040  51.758  -1.331  8.019 0.1000000015
69026  49.950  -2.038  22.977 0.1000000015
68208  47.737  -3.199  18.377 0.1000000015
69061  48.290  -2.527  19.578 0.1000000015
67358  47.443  -4.934  16.037 0.1000000015
127801  47.449  -4.534  16.550 0.1000000015
68215  47.419  -4.135  17.058 0.1000000015
66442  47.689  -5.872  14.960 0.1000000015
67357  47.874  -4.275  15.345 0.1000000015
68250  48.795  -3.917  13.942 0.1000000015
68239  48.475  -3.686  14.806 0.1000000015
68249  49.414  -3.378  13.405 0.1000000015
69093  50.373  -2.301  12.979 0.1000000015
69985  50.846  -1.897  12.594 0.1000000015
69105  50.573  -2.589  12.259 0.1000000015
110575  52.635  -1.543  10.522 0.1000000015
69027  49.354  -2.320  22.228 0.1000000015
68211  47.787  -3.291  17.434 0.1000000015
69957  49.469  -1.419  18.386 0.1000000015
69068  48.884  -2.109  17.238 0.1000000015
68214  47.929  -3.380  16.518 0.1000000015
69071  49.123  -2.208  15.610 0.1000000015
69083  50.083  -1.673  14.443 0.1000000015
109313  50.627  -1.605  13.538 0.1000000015
70819  52.693  -0.651  12.181 0.1000000015
70811  51.845  -0.935  12.680 0.1000000015
126392  53.301  -0.964  10.678 0.1000000015
70833  54.119  -0.662  10.066 0.1000000015
127677  53.668  -0.644  8.666 0.1000000015
71762  52.594  0.675  8.779 0.1000000015
72628  52.075  1.434  9.262 0.1000000015
69927  50.216  -1.004  21.625 0.1000000015
70732  50.959  -0.711  22.783 0.1000000015
69945  50.168  -0.882  20.734 0.2000000030
127450  51.132  -0.381  19.692 0.2000000030
69960  49.448  -1.548  17.504 0.1000000015
69963  49.553  -1.654  16.103 0.1000000015
69962  50.047  -1.177  16.781 0.1000000015
70796  50.969  -0.762  15.325 0.1000000015
130757  51.557  -0.482  15.251 0.1000000015
108285  52.263  -0.329  14.182 0.2000000030
71737  54.360  0.312  12.784 0.2000000030
70818  53.453  -0.076  12.721 0.2000000030
70817  54.407  0.059  11.831 0.2000000030
71745  56.434  0.416  11.119 0.2000000030
130021  55.036  0.182  8.883 0.1000000015
72625  56.813  1.173  9.526 0.2000000030
71774  55.366  0.571  8.828 0.1000000015
68999  54.435  -2.947  24.990 0.1000000015
128546  55.201  -3.285  24.795 0.1000000015
72469  52.809  1.219  23.050 0.2000000030
71647  52.564  0.914  21.154 0.2000000030
115284  51.697  -0.043  20.059 0.2000000030
70781  51.679  -0.160  18.538 0.1000000015
70789  52.329  0.151  17.263 0.2000000030
70790  51.588  -0.295  16.741 0.2000000030
70795  51.581  -0.375  15.831 0.1000000015
71699  53.037  0.285  15.449 0.2000000030
117204  54.213  0.494  14.998 0.2000000030
71709  53.905  0.392  14.268 0.2000000030
70810  53.116  0.021  13.739 0.2000000030
71744  56.758  0.544  10.678 0.2000000030
72509  54.600  2.005  19.799 0.2000000030
71671  53.829  0.841  19.141 0.2000000030
71680  52.986  0.446  17.761 0.2000000030
72520  55.814  1.950  18.189 0.2000000030
71688  54.171  0.660  16.913 0.2000000030
71689  53.198  0.450  17.016 0.2000000030
72550  55.898  1.557  16.590 0.2000000030
117903  53.473  0.463  16.205 0.2000000030
126464  54.305  0.621  16.171 0.2000000030
71696  55.785  0.899  15.099 0.2000000030
71707  55.938  0.775  14.120 0.2000000030
71706  56.683  1.020  13.617 0.2000000030
71723  56.855  0.840  12.605 0.2000000030
73389  55.800  3.087  19.729 0.2000000030
72515  54.237  1.361  19.527 0.2000000030
71674  54.767  1.095  18.244 0.2000000030
80008  36.308  10.530  9.496 0.1000000015
80693  35.179  11.270  10.536 0.1000000015
80683  34.506  11.506  11.149 0.1000000015
80684  33.915  11.579  11.710 0.1000000015
80709  35.969  12.076  8.798 0.1000000015
80021  37.033  11.213  7.916 0.1000000015
84463  33.487  16.342  13.684 0.2000000030
86444  44.437  19.592  14.284 0.2000000030
124489  43.413  14.099  31.425 0.1000000015
82693  45.254  13.920  31.608 0.1000000015
82714  44.237  14.714  30.904 0.1000000015
82715  43.014  14.867  30.909 0.1000000015
83484  43.608  15.417  29.872 0.1000000015
83498  43.517  15.534  28.634 0.1000000015
82713  45.594  14.578  30.450 0.1000000015
83483  45.071  15.033  29.502 0.1000000015
83497  44.853  15.231  28.481 0.1000000015
83514  43.348  15.579  27.668 0.1000000015
110146  42.382  16.001  28.513 0.1000000015
84472  33.719  16.159  12.854 0.1000000015
88939  49.957  23.313  18.963 0.1000000015
124662  49.496  23.219  16.566 0.1000000015
88360  49.784  22.847  15.724 0.1000000015
86414  30.747  19.234  18.086 0.1000000015
86404  30.139  19.881  18.343 0.1000000015
122032  31.556  19.270  17.859 0.1000000015
86403  30.967  20.027  18.208 0.1000000015
86405  29.211  19.771  18.387 0.1000000015
87103  27.828  20.512  18.286 0.1000000015
85787  34.319  18.479  16.700 0.1000000015
88927  49.806  23.820  19.761 0.1000000015
88950  49.694  23.258  17.729 0.1000000015
89586  49.041  24.114  16.884 0.1000000015
89587  48.638  25.114  16.513 0.1000000015
88958  49.222  23.626  15.708 0.1000000015
89595  48.789  24.591  15.656 0.1000000015
125394  49.591  23.263  14.978 0.1000000015
109834  49.173  24.075  14.690 0.1000000015
131296  49.111  24.660  14.162 0.1000000015
88370  50.410  22.574  14.636 0.1000000015
88964  49.746  23.416  14.243 0.1000000015
86445  43.587  19.435  14.254 0.1000000015
85776  32.068  18.722  17.474 0.1000000015
87101  29.592  20.573  18.379 0.1000000015
87734  28.305  21.085  18.347 0.1000000015
87110  26.956  20.583  17.921 0.1000000015
87748  26.662  21.380  17.611 0.1000000015
85155  33.891  17.793  16.302 0.1000000015
85788  33.445  18.335  16.860 0.1000000015
116454  32.136  20.347  17.801 0.1000000015
87732  29.901  21.329  18.158 0.1000000015
129976  27.103  22.011  17.697 0.1000000015
85154  34.794  17.891  16.222 0.1000000015
86421  33.857  19.045  17.190 0.1000000015
85172  36.102  17.472  15.638 0.1000000015
89564  49.999  24.679  19.920 0.1000000015
89578  49.526  24.292  18.484 0.1000000015
89579  48.981  25.249  17.683 0.1000000015
90218  48.564  26.087  16.887 0.1000000015
89596  48.570  25.821  15.686 0.1000000015
89605  48.816  25.086  14.714 0.1000000015
109286  49.488  24.215  13.647 0.1000000015
89609  49.406  24.882  13.044 0.1000000015
88971  49.948  24.208  12.653 0.1000000015
88970  50.429  23.134  13.379 0.1000000015
88977  50.850  23.184  12.267 0.1000000015
88369  51.211  22.026  13.597 0.1000000015
88390  51.455  22.140  11.716 0.1000000015
88365  31.954  22.896  16.358 0.1000000015
88355  31.177  22.842  16.846 0.1000000015
88952  30.495  23.425  16.758 0.1000000015
89588  29.784  23.931  16.691 0.1000000015
122375  29.029  24.038  16.935 0.1000000015
88346  30.389  22.750  17.278 0.1000000015
88940  29.771  23.324  17.152 0.1000000015
88941  28.964  23.363  17.367 0.1000000015
88353  32.549  22.258  16.452 0.1000000015
87754  33.148  21.671  16.565 0.1000000015
87756  31.715  21.535  17.446 0.1000000015
87743  31.044  22.051  17.421 0.1000000015
88347  29.562  22.676  17.568 0.1000000015
88942  28.041  23.090  17.490 0.1000000015
86446  42.703  19.356  14.384 0.1000000015
87753  34.832  21.208  16.167 0.1000000015
87115  34.391  20.599  16.764 0.1000000015
87107  33.618  20.455  17.223 0.1000000015
87108  32.837  20.375  17.572 0.1000000015
87109  30.716  21.405  17.881 0.1000000015
87745  29.315  21.934  17.975 0.1000000015
88943  27.197  22.726  17.443 0.1000000015
86418  36.366  19.722  16.219 0.1000000015
129820  35.878  20.280  16.286 0.1000000015
86419  35.476  19.590  16.565 0.1000000015
86420  34.650  19.244  16.873 0.1000000015
86410  34.155  19.816  17.170 0.1000000015
86432  37.738  19.251  15.728 0.1000000015
86433  36.882  19.021  15.959 0.1000000015
85803  36.491  18.174  15.877 0.1000000015
85153  35.659  18.031  16.082 0.1000000015
89551  44.651  24.892  20.832 0.1000000015
90171  46.389  25.749  20.804 0.1000000015
90173  44.183  24.921  19.589 0.1000000015
89552  43.522  24.632  20.271 0.1000000015
90180  49.956  25.930  20.446 0.1000000015
90168  49.846  26.134  21.275 0.1000000015
90158  49.189  26.439  21.649 0.1000000015
90170  47.605  26.380  21.168 0.1000000015
90172  45.244  25.326  20.246 0.1000000015
89553  42.460  24.492  19.883 0.1000000015
90199  49.566  25.579  19.186 0.1000000015
90824  49.538  26.730  20.846 0.1000000015
90826  48.080  26.881  20.657 0.1000000015
90182  46.966  26.380  20.118 0.1000000015
90183  45.824  25.833  19.539 0.1000000015
89566  42.074  24.627  18.935 0.1000000015
89554  41.490  24.379  19.621 0.1000000015
90181  49.393  26.559  19.752 0.1000000015
90832  49.118  26.993  20.211 0.1000000015
90833  48.517  26.969  19.808 0.1000000015
90835  46.463  26.356  18.700 0.1000000015
90201  45.376  25.860  18.203 0.1000000015
90184  44.761  25.391  18.944 0.1000000015
90186  42.700  24.933  18.173 0.1000000015
89568  40.174  24.570  18.655 0.1000000015
90200  48.812  26.398  18.218 0.1000000015
112728  48.261  27.050  17.662 0.1000000015
90845  47.156  26.879  17.810 0.1000000015
90202  44.347  25.544  17.791 0.1000000015
90187  41.666  24.889  18.079 0.1000000015
89567  41.115  24.580  18.765 0.1000000015
90188  40.714  24.901  17.998 0.1000000015
121624  48.600  27.003  16.275 0.1000000015
90862  48.417  27.629  16.696 0.1000000015
90846  46.045  26.488  17.447 0.1000000015
90847  44.993  26.064  17.106 0.1000000015
90203  43.274  25.461  17.352 0.1000000015
90204  42.175  25.362  17.410 0.1000000015
90205  41.238  25.377  17.380 0.1000000015
90232  48.772  26.173  14.601 0.1000000015
89604  49.072  25.315  13.755 0.1000000015
131160  49.507  25.041  12.506 0.1000000015
109656  51.140  23.076  11.302 0.1000000015
88404  51.468  21.939  10.764 0.1000000015
88397  41.873  22.453  12.600 0.1000000015
88398  40.341  22.576  12.531 0.1000000015
87805  42.542  22.033  13.130 0.1000000015
125032  41.855  21.982  13.201 0.1000000015
88399  39.620  22.623  12.575 0.1000000015
89606  32.414  24.548  14.866 0.1000000015
89597  31.832  24.114  15.532 0.1000000015
88951  31.290  23.624  16.209 0.1000000015
120657  30.006  24.575  16.163 0.1000000015
89589  29.327  24.489  16.524 0.1000000015
89590  28.501  24.698  16.566 0.1000000015
90220  27.630  25.213  16.225 0.1000000015
87789  42.211  21.494  13.639 0.1000000015
88381  40.749  22.209  13.077 0.1000000015
87791  40.276  21.826  13.703 0.1000000015
109928  38.784  22.647  12.724 0.1000000015
129816  37.491  22.806  12.460 0.1000000015
88400  37.069  22.689  12.817 0.1000000015
110229  36.451  23.180  12.530 0.1000000015
113392  35.257  23.267  13.464 0.1000000015
88973  34.704  23.585  13.711 0.1000000015
125276  34.394  23.301  14.202 0.1000000015
88959  33.345  23.255  15.144 0.1000000015
88960  32.624  23.718  15.295 0.1000000015
113324  32.094  23.459  15.840 0.1000000015
89591  27.507  24.377  16.690 0.1000000015
87788  43.167  21.436  13.661 0.1000000015
87150  41.777  21.033  14.199 0.1000000015
87771  40.871  21.170  14.284 0.1000000015
87792  39.365  21.793  14.042 0.1000000015
88383  38.652  22.253  13.557 0.1000000015
87794  37.777  22.195  13.837 0.1000000015
88372  36.322  22.373  13.963 0.1000000015
88373  35.600  22.361  14.350 0.1000000015
88361  34.921  22.397  14.796 0.1000000015
87765  34.810  21.862  15.481 0.1000000015
88362  34.262  22.417  15.242 0.1000000015
88352  33.200  22.244  16.063 0.1000000015
88364  32.762  22.917  15.803 0.1000000015
88954  27.356  23.536  17.092 0.1000000015
89601  26.748  24.800  16.217 0.1000000015
119042  43.076  20.153  14.314 0.1000000015
87149  42.653  20.888  14.139 0.1000000015
87137  42.215  20.210  14.442 0.1000000015
87139  40.451  20.520  14.746 0.1000000015
87772  39.988  21.238  14.481 0.1000000015
87793  38.551  21.735  14.304 0.1000000015
121256  37.814  21.598  14.666 0.1000000015
87776  36.261  21.888  14.715 0.1000000015
126170  35.386  21.452  15.646 0.1000000015
87766  33.970  21.782  16.012 0.1000000015
88961  25.982  24.245  16.021 0.1000000015
86447  41.664  19.300  14.689 0.2000000030
86448  40.754  19.689  14.927 0.1000000015
87122  39.659  20.557  14.976 0.1000000015
87140  38.768  20.531  15.271 0.1000000015
87774  38.471  21.237  14.907 0.1000000015
87123  37.950  20.159  15.617 0.1000000015
119753  37.338  20.619  15.607 0.1000000015
87124  36.532  20.624  15.858 0.1000000015
87125  35.676  20.924  16.030 0.1000000015
86449  40.068  19.126  15.188 0.1000000015
85800  39.182  18.883  15.401 0.1000000015
86431  38.583  19.552  15.534 0.1000000015
85801  38.324  18.587  15.508 0.1000000015
89533  48.816  25.823  21.609 0.1000000015
90161  45.730  25.188  21.403 0.1000000015
89538  42.911  24.376  20.824 0.1000000015
90159  48.330  26.354  21.550 0.1000000015
89539  41.918  24.203  20.493 0.1000000015
89540  40.885  23.967  20.236 0.1000000015
89555  40.583  24.291  19.393 0.1000000015
89569  39.235  24.565  18.620 0.1000000015
91590  48.173  27.812  16.993 0.1000000015
91591  47.632  27.725  16.981 0.1000000015
90226  48.769  26.943  15.401 0.1000000015
91598  48.408  28.183  16.319 0.1000000015
90864  45.620  26.905  16.531 0.1000000015
90866  43.358  26.233  16.322 0.1000000015
90206  40.300  25.431  17.366 0.1000000015
90189  39.759  24.948  17.965 0.1000000015
90239  48.953  26.379  13.659 0.1000000015
91618  48.345  28.468  15.680 0.1000000015
92331  47.651  28.847  15.455 0.1000000015
91600  47.083  28.288  16.243 0.1000000015
91602  45.286  27.600  15.957 0.1000000015
90865  44.519  26.668  16.240 0.1000000015
90849  41.769  25.867  16.707 0.1000000015
90238  49.247  25.642  12.925 0.1000000015
91619  46.542  28.869  15.635 0.1000000015
91621  44.543  27.907  15.670 0.1000000015
90882  43.810  27.135  15.774 0.1000000015
90867  42.373  26.441  16.157 0.1000000015
90868  41.407  26.675  16.079 0.1000000015
90850  40.828  25.943  16.726 0.1000000015
130785  49.637  25.200  11.740 0.1000000015
110072  49.940  24.743  11.448 0.1000000015
88993  51.193  22.890  10.334 0.1000000015
88411  41.354  22.902  11.919 0.1000000015
88988  40.819  23.233  11.303 0.1000000015
88989  39.911  23.261  11.312 0.1000000015
88413  39.906  22.879  12.033 0.1000000015
89002  39.015  23.442  10.916 0.1000000015
88414  39.065  23.057  11.836 0.1000000015
117245  38.215  23.367  11.182 0.1000000015
108783  36.579  23.814  11.844 0.1000000015
89617  36.050  24.451  12.080 0.1000000015
123805  35.226  25.262  12.525 0.1000000015
89598  31.630  24.765  15.209 0.1000000015
89599  30.935  24.542  15.743 0.1000000015
112280  30.165  25.341  15.569 0.1000000015
89600  29.310  25.111  16.127 0.1000000015
88990  37.380  23.500  11.439 0.1000000015
89618  35.505  24.594  12.511 0.1000000015
89619  34.849  24.841  12.973 0.1000000015
89611  34.432  24.342  13.542 0.1000000015
89612  33.692  24.570  13.985 0.1000000015
88967  33.286  23.994  14.602 0.1000000015
121494  27.802  25.915  15.675 0.1000000015
90247  34.679  25.661  12.821 0.1000000015
90248  34.130  26.052  13.143 0.1000000015
114828  33.272  25.256  13.929 0.1000000015
90233  32.594  25.231  14.337 0.1000000015
90230  26.914  25.620  15.707 0.1000000015
89523  43.333  24.197  21.568 0.1000000015
89524  42.462  23.993  21.332 0.1000000015
88905  41.476  23.707  21.073 0.1000000015
88919  39.400  23.850  19.895 0.1000000015
89570  38.311  24.636  18.649 0.1000000015
112790  48.642  28.145  15.010 0.1000000015
90190  38.829  25.021  17.981 0.1000000015
90886  48.826  27.296  14.634 0.1000000015
92348  47.270  29.058  14.846 0.1000000015
90207  39.348  25.517  17.378 0.1000000015
90896  48.806  27.084  13.580 0.1000000015
90895  49.092  26.380  12.725 0.1000000015
92332  46.873  29.204  15.248 0.1000000015
92333  45.934  29.504  15.145 0.1000000015
91622  43.694  28.204  15.560 0.1000000015
90851  39.893  26.022  16.789 0.1000000015
127226  48.799  26.999  12.528 0.1000000015
90912  49.221  26.319  11.834 0.1000000015
92350  45.173  29.996  14.914 0.1000000015
127940  44.935  29.923  15.187 0.1000000015
90251  49.580  25.543  11.369 0.1000000015
117216  51.099  22.700  9.470 0.1000000015
89623  50.580  23.931  10.956 0.1000000015
128899  51.222  22.178  9.141 0.1000000015
87818  51.257  21.621  10.225 0.1000000015
88987  41.611  23.249  11.236 0.1000000015
114136  40.372  23.420  10.705 0.1000000015
130070  38.935  23.560  10.330 0.1000000015
89625  36.399  24.745  11.551 0.1000000015
90253  35.788  25.236  12.018 0.1000000015
123251  38.415  23.654  10.418 0.1000000015
89631  38.109  24.257  9.914 0.1000000015
113797  37.684  23.886  10.687 0.1000000015
90258  36.788  25.131  10.935 0.1000000015
90252  36.268  25.598  11.411 0.1000000015
111006  35.770  26.015  11.768 0.1000000015
90246  35.271  25.949  12.297 0.1000000015
90899  31.867  26.393  14.080 0.1000000015
90257  37.167  25.573  10.384 0.1000000015
90932  36.557  26.781  10.634 0.1000000015
90919  36.124  26.433  11.283 0.1000000015
90920  35.376  26.813  11.823 0.1000000015
116499  34.545  26.567  12.590 0.1000000015
90897  33.172  26.663  13.380 0.1000000015
90898  32.584  26.394  13.748 0.1000000015
88888  43.224  23.799  22.028 0.1000000015
88889  42.136  23.375  21.888 0.1000000015
88880  42.470  22.852  22.568 0.1000000015
88890  40.881  23.165  21.596 0.1000000015
88906  40.616  23.541  20.903 0.1000000015
88907  40.011  23.653  20.424 0.1000000015
112170  39.180  23.484  20.549 0.1000000015
131161  38.722  23.751  20.059 0.1000000015
89557  38.723  24.149  19.373 0.1000000015
89558  37.754  24.296  19.312 0.1000000015
90191  37.924  25.206  18.087 0.1000000015
90192  36.930  25.470  18.240 0.1000000015
108684  48.651  27.690  14.291 0.1000000015
91632  48.365  28.193  14.407 0.1000000015
91633  47.848  28.593  14.474 0.1000000015
90208  38.444  25.630  17.470 0.1000000015
90209  37.596  25.820  17.588 0.1000000015
90210  36.860  26.078  17.667 0.1000000015
91642  48.477  27.578  13.568 0.1000000015
125583  47.973  28.135  13.843 0.1000000015
91643  47.418  27.923  13.314 0.1000000015
92361  46.539  29.051  14.355 0.1000000015
92349  46.256  29.475  14.889 0.1000000015
92335  43.565  29.418  15.385 0.1000000015
91623  42.874  28.318  15.479 0.1000000015
91603  42.209  27.349  15.663 0.1000000015
90869  40.408  26.644  16.245 0.1000000015
90870  39.595  26.650  16.363 0.1000000015
90852  38.898  26.206  16.796 0.1000000015
90853  37.330  26.538  17.110 0.1000000015
91592  36.683  27.188  16.899 0.1000000015
113391  45.709  29.518  14.421 0.1000000015
121848  44.819  29.830  14.342 0.1000000015
130096  44.439  30.300  15.015 0.1000000015
92336  42.707  29.440  15.310 0.1000000015
91624  41.262  28.333  15.485 0.1000000015
91625  40.554  28.146  15.590 0.1000000015
91606  38.908  27.140  16.212 0.1000000015
90871  38.137  26.742  16.637 0.1000000015
90872  37.495  27.275  16.538 0.1000000015
118347  49.321  26.190  11.127 0.1000000015
89629  50.624  23.763  10.072 0.1000000015
118500  49.963  24.704  9.806 0.1000000015
89018  50.464  23.024  8.429 0.1000000015
87825  51.033  21.734  9.402 0.1000000015
88426  50.597  21.945  8.693 0.1000000015
88999  41.813  23.461  10.495 0.1000000015
108744  40.460  23.526  9.908 0.1000000015
89001  39.585  23.507  10.328 0.1000000015
89014  38.881  23.727  9.756 0.1000000015
89636  38.672  24.212  9.314 0.1000000015
110928  37.405  24.709  10.469 0.1000000015
90271  38.080  25.982  9.198 0.1000000015
112338  37.453  26.138  9.874 0.1000000015
91673  36.462  27.696  10.174 0.1000000015
92387  35.638  28.137  10.669 0.1000000015
92388  34.910  28.513  10.998 0.1000000015
90941  37.635  26.827  9.406 0.1000000015
91678  37.173  27.578  9.442 0.1000000015
92395  35.913  28.626  9.827 0.1000000015
93016  35.167  29.301  9.815 0.1000000015
88302  40.797  22.361  22.616 0.1000000015
88314  40.639  22.716  22.135 0.1000000015
88315  40.146  22.827  21.801 0.1000000015
88891  39.860  23.201  21.179 0.1000000015
87698  40.158  21.932  22.946 0.1000000015
88303  39.934  22.420  22.369 0.1000000015
88316  39.425  22.722  21.775 0.1000000015
88892  38.798  23.007  21.200 0.1000000015
88920  38.016  23.823  19.966 0.1000000015
89542  37.141  23.980  19.964 0.1000000015
89571  37.416  24.823  18.726 0.1000000015
90836  36.014  26.110  18.125 0.1000000015
90854  36.417  26.632  17.445 0.1000000015
91655  48.349  27.440  12.776 0.1000000015
90905  46.828  27.480  12.602 0.1000000015
91644  46.615  28.251  13.550 0.1000000015
127882  36.002  27.162  17.237 0.1000000015
110760  48.875  26.774  11.362 0.1000000015
90904  48.332  27.296  12.019 0.1000000015
90913  47.617  27.295  11.956 0.1000000015
91645  45.184  28.840  13.722 0.1000000015
92970  43.871  30.420  14.963 0.1000000015
92957  42.429  30.232  15.059 0.1000000015
122124  39.974  28.514  15.566 0.1000000015
91626  39.199  28.027  15.751 0.1000000015
91627  38.518  27.795  15.964 0.1000000015
110055  36.870  27.911  16.423 0.1000000015
110706  49.435  25.753  9.831 0.1000000015
118871  41.422  30.190  15.055 0.1000000015
92338  40.802  29.212  15.360 0.1000000015
121234  40.070  29.400  15.363 0.1000000015
121154  38.579  28.543  15.687 0.1000000015
92320  37.793  28.055  16.028 0.1000000015
92340  37.032  28.787  15.864 0.1000000015
89633  50.603  23.433  9.184 0.1000000015
89634  50.023  24.196  8.861 0.1000000015
88433  50.544  22.333  8.497 0.1000000015
88428  48.489  22.567  9.253 0.1000000015
109881  43.239  23.558  9.616 0.1000000015
89011  41.853  23.568  9.694 0.1000000015
125202  41.253  23.518  9.988 0.1000000015
89013  39.660  23.606  9.414 0.1000000015
89635  39.185  23.888  8.963 0.1000000015
89640  39.528  24.225  8.226 0.1000000015
89641  38.911  24.585  8.746 0.1000000015
90270  38.669  25.457  8.632 0.1000000015
90968  39.052  27.163  6.730 0.1000000015
109702  38.201  27.198  8.375 0.1000000015
124658  38.061  26.789  8.859 0.1000000015
91695  38.463  27.924  5.939 0.1000000015
91684  37.254  28.111  8.720 0.1000000015
92399  36.713  28.682  8.615 0.1000000015
93024  36.195  29.204  8.498 0.1000000015
93025  35.735  29.237  9.137 0.1000000015
91702  38.399  27.926  4.878 0.1000000015
87690  39.545  21.441  23.369 0.1000000015
87691  38.595  21.386  23.420 0.1000000015
87700  38.450  21.979  22.821 0.1000000015
88305  38.230  22.380  22.254 0.1000000015
117807  38.001  23.081  21.077 0.1000000015
88909  37.427  23.456  20.690 0.1000000015
113835  36.876  24.524  19.368 0.1000000015
88893  37.359  22.943  21.454 0.1000000015
89559  35.979  24.906  19.452 0.1000000015
90174  35.996  25.472  18.802 0.1000000015
90855  35.574  26.838  17.755 0.1000000015
91593  35.351  27.521  17.439 0.1000000015
90268  49.122  25.478  8.232 0.1000000015
90945  48.663  25.970  8.340 0.1000000015
90935  48.953  26.343  9.752 0.1000000015
90906  45.859  26.881  12.063 0.1000000015
92321  36.170  28.448  16.398 0.1000000015
131159  35.695  28.298  16.727 0.1000000015
90924  48.578  26.697  10.467 0.1000000015
90914  46.886  26.954  11.576 0.1000000015
91658  44.505  27.744  13.026 0.1000000015
92362  43.893  29.937  14.212 0.1000000015
92971  43.035  30.435  14.865 0.1000000015
92986  42.638  30.335  14.447 0.1000000015
90275  49.372  24.771  7.613 0.1000000015
90267  49.528  24.927  8.520 0.1000000015
92972  41.904  30.472  14.707 0.1000000015
92958  40.522  30.144  15.118 0.1000000015
92959  39.700  29.950  15.176 0.1000000015
92960  38.715  29.561  15.300 0.1000000015
89019  49.944  22.843  7.743 0.1000000015
88441  49.148  22.663  7.121 0.1000000015
108635  47.309  23.311  8.070 0.1000000015
89022  44.177  23.594  8.722 0.1000000015
108827  42.519  23.592  9.262 0.1000000015
89012  41.062  23.565  9.204 0.1000000015
89026  40.540  23.606  8.476 0.1000000015
89039  40.156  23.787  7.972 0.1000000015
113362  39.604  24.796  7.692 0.1000000015
90277  39.438  25.586  7.463 0.1000000015
91694  39.234  27.287  5.493 0.1000000015
90959  39.460  26.325  6.953 0.1000000015
91707  38.910  27.477  4.496 0.1000000015
90967  39.690  26.532  6.197 0.1000000015
87050  38.425  20.262  24.957 0.1000000015
87059  38.355  20.738  24.132 0.1000000015
119347  37.880  21.636  23.235 0.1000000015
87701  37.639  22.065  22.769 0.1000000015
113122  37.435  22.485  22.131 0.1000000015
88306  36.756  22.231  22.785 0.1000000015
88318  36.586  22.731  22.010 0.1000000015
89543  36.206  24.312  20.064 0.1000000015
90193  35.334  25.978  18.790 0.1000000015
90837  35.046  26.554  18.426 0.1000000015
91586  34.754  27.252  18.075 0.1000000015
91594  34.589  27.991  17.735 0.1000000015
108564  48.484  26.261  9.031 0.1000000015
109790  47.194  26.461  9.779 0.1000000015
92322  35.338  28.811  16.618 0.1000000015
90926  46.980  26.650  10.662 0.1000000015
91647  43.196  29.008  13.549 0.1000000015
92949  36.047  29.173  16.000 0.1000000015
111537  49.632  23.637  7.269 0.1000000015
90916  45.054  26.521  11.467 0.1000000015
90907  44.836  26.934  12.318 0.1000000015
91660  42.436  28.077  12.835 0.1000000015
93554  41.016  30.601  14.375 0.1000000015
93546  40.120  30.560  14.837 0.1000000015
93547  39.306  30.400  14.874 0.1000000015
92961  37.682  29.555  15.315 0.1000000015
92962  36.723  29.623  15.436 0.1000000015
92963  35.827  29.893  15.591 0.1000000015
88440  49.332  22.802  6.496 0.1000000015
92364  41.143  29.415  13.271 0.1000000015
92988  40.765  30.316  13.741 0.1000000015
93556  39.663  30.698  14.446 0.1000000015
93557  38.851  30.613  14.422 0.1000000015
93549  37.313  30.219  14.828 0.1000000015
93550  36.406  30.182  15.100 0.1000000015
89033  48.168  22.919  7.159 0.1000000015
93568  39.756  30.720  13.896 0.1000000015
93569  39.017  30.782  13.944 0.1000000015
89035  46.329  23.537  7.639 0.1000000015
89023  43.269  23.595  8.781 0.1000000015
89037  41.590  23.580  7.517 0.1000000015
89025  41.329  23.581  8.349 0.1000000015
89647  40.029  24.297  7.536 0.1000000015
91708  38.004  27.738  3.787 0.1000000015
92431  36.877  27.940  2.365 0.1000000015
91716  37.165  27.626  2.977 0.1000000015
91715  38.927  27.190  3.651 0.1000000015
123535  37.281  21.095  25.770 0.1000000015
87034  37.643  20.630  25.436 0.1000000015
87051  37.551  20.735  24.621 0.1000000015
87680  36.904  21.319  24.218 0.1000000015
87702  36.207  22.006  23.729 0.1000000015
87692  37.141  21.694  23.414 0.1000000015
88307  35.773  22.714  22.789 0.1000000015
88319  35.812  23.186  21.851 0.1000000015
89544  35.160  24.766  20.291 0.1000000015
88895  35.214  23.707  21.543 0.1000000015
89525  34.810  24.322  21.159 0.1000000015
90827  34.630  26.318  19.196 0.1000000015
88881  35.119  23.405  22.326 0.1000000015
88896  34.636  23.984  21.927 0.1000000015
92316  34.488  28.796  17.339 0.1000000015
89646  48.938  25.183  6.829 0.1000000015
127286  48.807  25.658  7.604 0.1000000015
90946  48.072  26.274  8.421 0.1000000015
108731  47.622  26.355  8.991 0.1000000015
89645  49.360  24.260  6.757 0.1000000015
90276  48.349  25.980  6.870 0.1000000015
90915  45.991  26.506  11.089 0.1000000015
92323  34.668  29.359  16.771 0.1000000015
89650  49.361  23.694  6.083 0.1000000015
90947  47.260  26.381  8.069 0.1000000015
90937  45.585  26.310  9.286 0.1000000015
120284  45.154  26.345  10.579 0.1000000015
90917  43.563  26.575  11.433 0.1000000015
90909  42.779  27.070  12.047 0.1000000015
93542  34.975  30.329  15.738 0.1000000015
89042  49.497  23.068  6.249 0.1000000015
88447  49.078  22.725  5.919 0.1000000015
90928  44.413  26.307  10.078 0.1000000015
90929  43.571  26.405  10.478 0.1000000015
92373  41.503  28.420  12.665 0.1000000015
92374  40.685  28.723  12.378 0.1000000015
92989  40.036  30.304  13.432 0.1000000015
120239  38.053  30.550  14.440 0.1000000015
93559  36.483  30.669  14.568 0.1000000015
93560  35.661  30.541  15.085 0.1000000015
88442  48.751  22.744  6.393 0.1000000015
89052  47.505  23.007  5.470 0.1000000015
91665  42.056  27.092  11.237 0.1000000015
115905  41.819  27.563  12.040 0.1000000015
93009  39.976  29.040  11.926 0.1000000015
93001  39.567  29.778  12.479 0.1000000015
113069  38.918  30.584  13.246 0.1000000015
93570  38.145  30.812  13.880 0.1000000015
93558  37.350  30.787  14.196 0.1000000015
94083  36.535  31.249  13.858 0.1000000015
89034  47.172  23.365  7.242 0.1000000015
123465  45.666  23.560  7.168 0.1000000015
128838  43.686  23.592  8.144 0.1000000015
125285  43.066  23.572  7.954 0.1000000015
108826  42.544  23.538  7.180 0.1000000015
89047  41.011  23.743  7.009 0.1000000015
124591  40.495  23.927  7.411 0.1000000015
89653  40.528  24.399  6.807 0.1000000015
89654  39.928  24.963  7.101 0.1000000015
90285  40.293  25.159  6.484 0.1000000015
90286  39.887  25.751  6.691 0.1000000015
90983  39.556  26.910  4.581 0.1000000015
90975  39.885  26.588  5.375 0.1000000015
92439  37.860  28.220  1.247 0.1000000015
91730  37.218  27.824  1.819 0.1000000015
93672  38.730  30.250  1.369 0.1000000015
93071  37.285  28.532  2.104 0.1000000015
87661  38.008  21.526  26.576 0.1000000015
87681  36.295  21.656  24.651 0.1000000015
87663  36.834  21.669  25.845 0.1000000015
87668  36.396  21.650  25.269 0.1000000015
88278  36.263  22.171  25.568 0.1000000015
87682  35.738  22.217  24.487 0.1000000015
88297  35.405  22.659  23.774 0.1000000015
90162  34.557  25.443  20.307 0.1000000015
89545  34.448  25.059  20.919 0.1000000015
90163  34.238  25.802  20.732 0.1000000015
90838  34.324  27.050  18.863 0.1000000015
91587  34.136  27.817  18.530 0.1000000015
89673  48.246  23.497  3.884 0.1000000015
90291  48.568  24.901  5.304 0.1000000015
90284  47.757  26.199  6.047 0.1000000015
108421  47.535  26.368  7.052 0.1000000015
94075  33.846  31.294  17.229 0.1000000015
88457  48.224  22.997  3.853 0.1000000015
89051  48.933  23.128  4.872 0.1000000015
90955  46.590  26.507  7.280 0.1000000015
90948  45.541  26.404  8.517 0.1000000015
94079  34.776  31.132  15.122 0.1000000015
88453  47.860  22.807  4.687 0.1000000015
89053  46.832  23.028  4.912 0.1000000015
90939  43.698  26.445  9.533 0.1000000015
90918  42.766  26.606  10.943 0.1000000015
94084  35.635  31.159  14.446 0.1000000015
89044  45.512  23.471  6.337 0.1000000015
90940  43.004  26.733  9.024 0.1000000015
91672  41.620  27.465  10.557 0.1000000015
92379  41.006  28.021  11.713 0.1000000015
93585  38.891  30.251  12.174 0.1000000015
93586  38.327  30.812  12.577 0.1000000015
94088  37.360  31.099  13.635 0.1000000015
89045  44.608  23.459  6.362 0.1000000015
89046  41.734  23.634  6.634 0.1000000015
89652  41.290  24.094  6.150 0.1000000015
90293  40.301  25.822  5.785 0.1000000015
93083  38.961  28.864  0.464 0.1000000015
91729  37.699  27.394  1.192 0.1000000015
91722  37.290  27.421  2.106 0.1000000015
90992  38.001  27.261  2.794 0.1000000015
88273  38.314  22.469  26.748 0.1000000015
88274  37.402  22.223  26.386 0.1000000015
88290  35.301  22.886  24.538 0.1000000015
88291  34.937  23.308  23.942 0.1000000015
88882  34.664  23.807  22.694 0.1000000015
89526  34.418  24.714  21.647 0.1000000015
90819  34.129  26.564  20.490 0.1000000015
90299  48.097  25.033  4.561 0.1000000015
90828  34.116  26.846  19.705 0.1000000015
92940  33.830  29.216  18.633 0.1000000015
124412  33.915  29.224  17.914 0.1000000015
93539  33.880  30.498  17.427 0.1000000015
94074  33.913  31.226  18.138 0.1000000015
89666  48.191  24.252  4.084 0.1000000015
90283  48.488  25.514  6.052 0.1000000015
90972  47.467  26.141  5.239 0.1000000015
120805  33.809  31.916  16.986 0.1000000015
90964  46.912  26.535  6.372 0.1000000015
93543  34.286  30.881  15.992 0.1000000015
123351  34.008  30.811  16.697 0.1000000015
112407  33.895  31.463  16.451 0.1000000015
88467  46.889  23.076  3.283 0.1000000015
88459  47.148  22.859  3.959 0.1000000015
108516  45.997  26.751  6.566 0.1000000015
90956  45.554  26.623  7.540 0.1000000015
90938  44.694  26.371  9.129 0.1000000015
120324  34.931  31.645  14.395 0.1000000015
94085  34.306  31.980  14.802 0.1000000015
94080  34.040  31.664  15.615 0.1000000015
89065  45.128  23.067  4.640 0.1000000015
89066  44.095  23.125  4.805 0.1000000015
90957  44.706  26.834  7.437 0.1000000015
90949  44.705  26.575  8.164 0.1000000015
109574  42.339  27.133  9.468 0.1000000015
92392  41.359  28.022  9.971 0.1000000015
93015  40.110  28.859  11.007 0.1000000015
93010  39.449  29.637  11.269 0.1000000015
93598  38.412  30.841  11.596 0.1000000015
94098  37.823  31.281  12.021 0.1000000015
113015  36.964  31.460  13.136 0.1000000015
94089  36.291  31.726  13.239 0.1000000015
94600  34.626  32.282  13.997 0.1000000015
94596  33.822  32.520  15.301 0.1000000015
109154  43.971  23.352  5.918 0.1000000015
89056  43.201  23.292  5.442 0.1000000015
89057  42.401  23.488  6.019 0.1000000015
113206  42.274  28.058  8.354 0.1000000015
92393  40.700  28.667  10.281 0.1000000015
93605  40.063  29.492  10.356 0.1000000015
118239  38.909  30.355  11.168 0.1000000015
94114  37.406  31.973  11.491 0.1000000015
94100  36.563  31.949  12.612 0.1000000015
94604  35.853  32.251  12.894 0.1000000015
95146  35.069  32.564  13.219 0.1000000015
89058  41.975  23.941  5.253 0.1000000015
130130  41.811  23.749  6.017 0.1000000015
89660  41.330  24.581  5.262 0.1000000015
89661  40.747  24.865  5.936 0.1000000015
90982  40.297  26.148  4.634 0.1000000015
114234  39.688  26.530  3.628 0.1000000015
93095  41.035  28.834  -1.436 0.1000000015
92447  38.491  27.802  0.332 0.1000000015
88848  39.160  22.795  27.065 0.1000000015
87658  38.880  21.734  27.057 0.1000000015
88275  36.703  22.407  26.049 0.1000000015
88279  35.716  22.530  25.160 0.1000000015
88868  35.122  23.636  24.558 0.1000000015
89514  34.510  24.270  23.039 0.1000000015
90144  34.322  25.179  22.183 0.1000000015
90153  34.286  25.485  21.441 0.1000000015
90812  34.200  26.278  21.237 0.1000000015
91575  34.026  27.424  20.220 0.1000000015
92298  34.002  28.365  19.926 0.1000000015
92307  33.839  28.456  19.017 0.1000000015
130938  33.821  30.590  18.106 0.1000000015
89674  47.773  24.063  3.580 0.1000000015
89073  47.550  23.438  3.453 0.1000000015
90979  47.465  25.705  4.531 0.1000000015
95116  34.413  33.302  17.628 0.1000000015
94582  33.944  32.584  17.265 0.1000000015
113074  46.395  26.731  5.657 0.1000000015
95128  33.966  33.294  16.777 0.1000000015
88460  45.427  22.773  3.730 0.1000000015
88461  43.997  22.776  3.641 0.1000000015
90974  45.981  26.926  4.821 0.1000000015
90965  45.439  27.158  5.775 0.1000000015
91687  44.198  27.348  6.959 0.1000000015
91680  43.241  27.079  8.197 0.1000000015
91681  42.553  27.416  8.637 0.1000000015
94601  33.979  32.762  14.463 0.1000000015
95137  33.714  33.242  15.830 0.1000000015
94592  33.767  32.358  16.306 0.1000000015
108601  43.133  23.077  4.276 0.1000000015
91700  44.701  27.575  5.557 0.1000000015
91692  44.672  27.401  6.221 0.1000000015
91689  42.809  27.780  7.719 0.1000000015
92397  41.863  28.701  8.561 0.1000000015
93018  41.277  28.799  9.353 0.1000000015
93606  39.421  30.359  10.387 0.1000000015
93607  38.706  30.995  10.736 0.1000000015
94607  36.841  32.145  11.986 0.1000000015
94609  35.467  32.900  12.538 0.1000000015
95138  33.649  33.319  14.959 0.1000000015
124945  42.525  23.613  4.436 0.1000000015
93023  41.535  29.588  8.744 0.1000000015
128213  41.128  29.484  9.215 0.1000000015
93614  39.817  30.876  9.767 0.1000000015
94126  39.206  31.290  10.045 0.1000000015
94128  37.812  32.096  10.776 0.1000000015
95154  36.989  33.188  10.958 0.1000000015
94608  36.221  32.627  12.100 0.1000000015
94605  34.299  33.158  13.562 0.1000000015
95141  33.780  33.480  14.238 0.1000000015
90315  40.726  25.164  1.566 0.1000000015
90301  40.939  25.189  3.329 0.1000000015
94141  39.110  32.029  9.779 0.1000000015
94627  37.948  32.657  10.314 0.1000000015
90334  39.104  25.107  -0.092 0.1000000015
90309  39.710  26.050  2.584 0.1000000015
90302  40.752  25.469  4.200 0.1000000015
89668  40.835  25.315  5.048 0.1000000015
91013  38.889  25.764  -0.351 0.1000000015
90999  38.822  25.960  1.714 0.1000000015
90990  40.351  25.854  3.512 0.1000000015
91738  39.274  27.392  -0.830 0.1000000015
91005  38.267  25.941  1.036 0.1000000015
90991  38.909  26.688  2.675 0.1000000015
88271  39.837  22.238  27.314 0.1000000015
88853  37.009  23.055  26.278 0.1000000015
88856  36.242  23.004  25.785 0.1000000015
88857  35.556  23.340  25.207 0.1000000015
89504  35.060  24.346  24.435 0.1000000015
90133  34.465  24.904  22.942 0.1000000015
90801  34.336  25.990  21.996 0.1000000015
91555  34.460  26.844  21.803 0.1000000015
92288  34.328  27.982  20.787 0.1000000015
90132  34.803  25.430  23.560 0.1000000015
90793  34.533  25.717  22.776 0.1000000015
91565  34.199  27.113  21.017 0.1000000015
93537  33.994  30.654  18.703 0.1000000015
94065  34.392  32.031  18.559 0.1000000015
90305  46.490  24.883  3.029 0.1000000015
95115  35.030  33.883  17.981 0.1000000015
95110  34.861  33.265  18.266 0.1000000015
89681  46.091  24.273  2.482 0.1000000015
90300  46.707  25.744  3.736 0.1000000015
113581  46.269  26.467  4.109 0.1000000015
95627  34.047  34.162  16.257 0.1000000015
89082  45.300  23.543  1.710 0.1000000015
88475  45.127  23.031  2.339 0.1000000015
90980  45.617  26.830  3.973 0.1000000015
124321  33.891  34.665  15.429 0.1000000015
89083  44.608  23.209  1.418 0.1000000015
89076  43.374  22.962  2.888 0.1000000015
91704  45.074  27.406  4.736 0.1000000015
91693  44.076  27.942  6.013 0.1000000015
91688  43.424  27.897  6.888 0.1000000015
112041  42.394  28.655  7.736 0.1000000015
93620  41.601  30.456  8.708 0.1000000015
95646  33.665  34.197  14.624 0.1000000015
89091  43.158  23.506  0.843 0.1000000015
89077  42.627  23.401  3.377 0.1000000015
93612  41.013  30.136  9.173 0.1000000015
94140  39.924  31.722  9.542 0.1000000015
95155  36.358  33.405  11.411 0.1000000015
95150  35.234  33.606  12.366 0.1000000015
95151  34.550  33.969  12.869 0.1000000015
113793  33.844  35.040  14.770 0.1000000015
89691  42.119  24.400  0.986 0.1000000015
89078  42.106  23.795  2.555 0.1000000015
114777  40.994  31.746  9.234 0.1000000015
94644  39.505  32.648  9.543 0.1000000015
94645  38.672  32.683  9.849 0.1000000015
110620  37.599  33.909  10.321 0.1000000015
95164  36.957  33.899  10.740 0.1000000015
95660  35.791  34.734  11.796 0.1000000015
95653  35.195  34.352  12.271 0.1000000015
95649  34.291  34.799  13.230 0.1000000015
112541  33.856  34.948  14.017 0.1000000015
123878  40.704  25.133  -0.117 0.1000000015
95177  41.009  33.387  9.357 0.1000000015
95178  39.957  33.434  9.400 0.1000000015
95179  39.052  33.438  9.605 0.1000000015
95664  38.108  34.456  10.122 0.1000000015
95665  37.455  34.417  10.504 0.1000000015
96173  36.494  35.172  11.437 0.1000000015
96169  35.994  35.559  11.980 0.1000000015
96646  34.858  36.264  13.152 0.1000000015
95678  41.486  34.275  9.459 0.1000000015
95679  40.420  34.286  9.455 0.1000000015
95680  39.465  34.223  9.549 0.1000000015
125811  38.438  35.212  10.337 0.1000000015
96182  37.725  35.079  10.605 0.1000000015
96678  36.755  35.966  11.737 0.1000000015
96658  36.245  36.252  12.179 0.1000000015
96659  35.504  36.041  12.549 0.1000000015
95677  42.520  34.285  9.480 0.1000000015
96192  40.897  35.119  9.674 0.1000000015
96181  39.284  35.668  10.382 0.1000000015
96172  38.310  35.865  10.946 0.1000000015
96191  41.968  35.107  9.752 0.1000000015
96179  41.484  35.812  10.240 0.1000000015
96180  40.400  35.767  10.214 0.1000000015
96695  39.171  36.374  10.935 0.1000000015
96676  38.636  36.851  11.414 0.1000000015
96674  40.674  36.964  11.278 0.1000000015
96675  39.665  36.955  11.249 0.1000000015
88852  37.827  23.167  26.547 0.1000000015
89491  36.713  23.670  26.061 0.1000000015
89495  36.111  23.933  25.673 0.1000000015
90117  35.531  24.823  24.803 0.1000000015
90792  35.089  26.286  23.358 0.1000000015
90800  34.765  26.589  22.598 0.1000000015
95616  35.837  34.300  18.227 0.1000000015
90311  45.674  24.820  2.208 0.1000000015
109814  46.070  25.408  2.985 0.1000000015
90986  45.975  26.132  3.380 0.1000000015
95619  35.295  34.559  17.582 0.1000000015
95626  34.792  34.794  16.871 0.1000000015
89089  44.766  23.759  0.962 0.1000000015
90312  45.077  25.102  1.800 0.1000000015
96145  34.453  35.127  16.097 0.1000000015
113580  44.445  27.776  4.261 0.1000000015
92413  43.714  28.521  5.208 0.1000000015
92406  43.354  28.526  6.124 0.1000000015
92402  42.883  28.460  6.965 0.1000000015
108705  42.613  29.025  7.003 0.1000000015
96152  34.179  35.514  15.347 0.1000000015
93029  42.363  29.456  7.402 0.1000000015
93619  41.937  30.258  8.272 0.1000000015
96162  34.103  35.839  14.478 0.1000000015
93632  42.204  30.902  6.950 0.1000000015
93626  42.260  30.789  7.832 0.1000000015
96167  34.314  35.654  13.561 0.1000000015
122219  42.127  32.242  7.023 0.1000000015
94150  42.380  31.565  8.169 0.1000000015
117061  42.488  32.233  8.670 0.1000000015
94657  41.904  31.851  9.029 0.1000000015
94682  42.422  32.926  7.356 0.1000000015
94670  42.543  32.126  7.881 0.1000000015
95175  42.735  33.026  9.050 0.1000000015
116702  41.549  32.517  9.256 0.1000000015
97160  36.033  36.847  12.529 0.1000000015
96645  35.402  36.758  12.915 0.1000000015
95176  42.147  33.308  9.322 0.1000000015
129731  38.571  37.512  11.874 0.1000000015
96657  36.913  36.848  12.123 0.1000000015
97167  39.327  37.492  11.729 0.1000000015
97168  37.849  37.216  11.912 0.1000000015
97166  40.296  37.495  11.721 0.1000000015
97157  38.994  38.004  12.219 0.1000000015
90116  36.218  24.907  25.371 0.1000000015
90122  35.162  25.115  24.269 0.1000000015
91554  35.098  27.410  22.350 0.1000000015
94570  35.106  32.786  18.849 0.1000000015
95614  37.488  34.917  18.634 0.1000000015
115091  37.057  35.339  18.093 0.1000000015
95109  35.535  33.582  18.582 0.1000000015
95618  36.182  35.049  17.755 0.1000000015
125413  35.486  35.149  17.236 0.1000000015
91712  43.973  27.657  3.597 0.1000000015
92419  43.227  28.831  4.571 0.1000000015
92407  42.851  29.063  6.281 0.1000000015
96144  35.183  35.645  16.661 0.1000000015
131244  35.196  36.404  16.324 0.1000000015
123714  34.694  35.984  15.948 0.1000000015
93045  42.508  29.399  4.794 0.1000000015
96622  34.457  36.337  15.238 0.1000000015
93041  42.007  30.094  5.255 0.1000000015
93035  42.509  29.611  6.600 0.1000000015
93638  41.641  30.839  5.537 0.1000000015
93633  41.894  31.071  6.233 0.1000000015
97147  35.049  37.025  13.473 0.1000000015
97141  34.811  37.176  14.227 0.1000000015
94174  40.862  32.187  4.406 0.1000000015
94167  41.519  31.622  5.798 0.1000000015
94683  41.610  32.340  6.208 0.1000000015
97146  35.767  37.472  13.114 0.1000000015
97158  37.305  37.684  12.419 0.1000000015
97159  36.553  37.524  12.661 0.1000000015
128112  38.110  37.936  12.291 0.1000000015
97156  39.923  38.009  12.204 0.1000000015
97621  39.547  38.537  12.660 0.1000000015
91706  43.126  28.306  3.820 0.1000000015
109782  43.134  27.549  3.321 0.1000000015
127591  42.656  28.881  4.202 0.1000000015
96621  34.924  36.789  15.791 0.1000000015
91713  42.372  27.758  3.230 0.1000000015
92424  42.130  28.440  3.700 0.1000000015
109145  41.905  29.090  4.109 0.1000000015
97136  34.765  37.098  15.042 0.1000000015
92425  41.520  28.766  3.512 0.1000000015
93643  41.333  30.508  4.756 0.1000000015
97140  35.198  37.781  14.645 0.1000000015
93647  40.743  30.631  3.558 0.1000000015
129196  40.856  30.828  4.241 0.1000000015
120335  35.368  37.686  13.824 0.1000000015
94180  40.702  31.404  3.943 0.1000000015
97145  36.434  38.148  13.244 0.1000000015
126532  35.828  37.959  13.549 0.1000000015
97623  37.501  38.493  12.951 0.1000000015
130952  36.932  37.997  12.771 0.1000000015
97622  38.585  38.538  12.691 0.1000000015
97611  40.189  39.092  13.183 0.1000000015
95108  36.306  33.968  18.848 0.1000000015
95615  36.667  34.643  18.439 0.1000000015
96141  36.691  35.731  17.620 0.1000000015
92426  41.052  28.935  2.888 0.1000000015
93052  41.263  29.399  3.750 0.1000000015
93047  40.998  30.135  4.047 0.1000000015
93053  40.864  29.818  3.253 0.1000000015
91564  34.701  27.691  21.580 0.1000000015
90787  35.476  25.936  24.072 0.1000000015
90169  49.339  26.789  21.459 0.1000000015
89536  45.223  24.691  21.772 0.1000000015
88417  51.343  21.982  9.710 0.1000000015
87819  50.239  21.750  9.417 0.1000000015
88997  43.668  23.502  10.252 0.1000000015
87787  44.042  21.691  13.497 0.1000000015
89036  44.803  23.557  7.107 0.1000000015
129084  44.193  23.569  7.298 0.1000000015
89020  48.649  22.655  7.830 0.1000000015
85802  37.400  18.210  15.624 0.1000000015
124323  36.803  17.575  15.545 0.1000000015
84416  36.583  16.994  15.254 0.1000000015
115599  40.854  18.904  14.944 0.2000000030
85173  35.264  17.346  15.695 0.1000000015
129834  31.237  19.622  18.069 0.1000000015
87100  30.474  20.682  18.225 0.1000000015
86413  31.644  19.944  18.013 0.1000000015
86412  32.391  19.598  17.718 0.1000000015
87733  29.049  21.215  18.330 0.1000000015
87102  28.705  20.489  18.412 0.1000000015
87747  27.550  21.385  18.070 0.1000000015
130542  31.418  20.808  17.916 0.1000000015
87746  28.451  21.749  18.103 0.1000000015
127650  26.444  22.204  17.244 0.1000000015
85775  32.972  18.903  17.355 0.1000000015
87742  32.286  20.979  17.545 0.1000000015
87744  30.170  22.040  17.742 0.1000000015
113174  27.823  22.266  17.800 0.1000000015
85786  35.178  18.653  16.509 0.1000000015
86411  33.340  19.680  17.467 0.1000000015
127165  48.420  26.929  17.159 0.1000000015
88978  50.387  24.051  11.790 0.1000000015
88354  31.818  22.212  16.938 0.1000000015
123538  30.507  24.024  16.316 0.1000000015
129019  29.381  23.674  17.057 0.1000000015
87755  32.430  21.624  17.038 0.1000000015
88953  28.233  23.882  17.079 0.1000000015
88348  28.694  22.534  17.750 0.1000000015
87116  33.750  21.137  16.731 0.1000000015
87741  33.039  21.063  17.179 0.1000000015
128485  31.229  21.456  17.672 0.1000000015
87114  35.205  20.447  16.502 0.1000000015
130629  34.249  21.199  16.448 0.1000000015
116909  34.812  19.940  16.856 0.1000000015
85785  36.032  18.852  16.255 0.1000000015
112470  37.175  19.918  15.929 0.1000000015
90825  48.949  27.089  21.090 0.1000000015
90818  48.501  26.837  21.395 0.1000000015
89565  43.092  24.690  19.178 0.1000000015
90185  43.745  25.040  18.437 0.1000000015
90834  47.606  26.759  19.213 0.1000000015
90843  48.635  26.785  19.032 0.1000000015
90844  48.069  27.056  18.147 0.1000000015
89556  39.696  24.228  19.276 0.1000000015
90848  44.090  25.841  16.879 0.1000000015
90881  48.747  27.842  15.777 0.1000000015
90863  46.663  27.336  16.791 0.1000000015
90219  42.576  25.790  16.742 0.1000000015
90245  49.438  25.608  12.133 0.1000000015
88380  41.369  22.195  13.010 0.1000000015
109654  41.049  22.546  12.520 0.1000000015
88412  40.571  22.912  11.942 0.1000000015
123826  40.105  22.326  13.052 0.1000000015
87790  41.302  21.688  13.579 0.1000000015
88382  39.480  22.289  13.303 0.1000000015
90234  31.867  25.277  14.712 0.1000000015
89592  26.644  23.907  16.592 0.1000000015
117338  37.883  22.597  12.971 0.1000000015
88979  37.971  22.940  12.056 0.1000000015
88980  37.113  23.067  12.115 0.1000000015
88371  36.995  22.418  13.574 0.1000000015
88384  36.358  22.731  13.202 0.1000000015
88972  35.786  23.248  13.012 0.1000000015
88981  35.922  23.848  12.483 0.1000000015
88385  35.683  22.768  13.618 0.1000000015
89610  35.200  23.945  13.076 0.1000000015
88386  34.960  22.888  14.053 0.1000000015
88974  34.066  23.857  14.102 0.1000000015
88966  33.885  23.354  14.598 0.1000000015
88965  34.376  22.865  14.624 0.1000000015
88363  33.566  22.578  15.526 0.1000000015
87773  39.157  21.214  14.719 0.1000000015
87775  37.044  22.012  14.349 0.1000000015
87777  35.513  21.901  15.074 0.1000000015
87138  41.304  20.347  14.601 0.1000000015
114618  40.088  19.951  15.095 0.1000000015
87762  37.931  20.971  15.303 0.1000000015
87763  37.021  21.356  15.186 0.1000000015
87764  36.081  21.384  15.448 0.1000000015
89602  26.071  25.113  15.553 0.1000000015
86430  39.414  19.789  15.321 0.1000000015
89541  40.116  23.958  19.813 0.1000000015
91599  47.872  28.463  16.255 0.1000000015
123919  47.245  28.783  15.738 0.1000000015
91601  46.166  27.973  16.082 0.1000000015
92330  48.116  28.695  15.005 0.1000000015
91620  45.474  28.864  15.556 0.1000000015
92334  44.422  29.287  15.447 0.1000000015
90883  43.031  27.183  15.722 0.1000000015
89630  50.006  24.751  10.727 0.1000000015
89000  41.062  23.420  10.618 0.1000000015
89624  37.010  24.274  11.122 0.1000000015
90227  31.094  25.311  15.143 0.1000000015
90240  34.088  25.266  13.450 0.1000000015
90910  33.764  26.625  13.091 0.1000000015
90241  33.415  26.010  13.544 0.1000000015
129734  32.797  25.739  13.941 0.1000000015
90242  32.166  25.832  14.215 0.1000000015
90892  26.774  26.953  14.899 0.1000000015
127229  26.191  26.109  15.059 0.1000000015
92360  47.309  28.573  14.075 0.1000000015
91605  39.918  27.444  15.858 0.1000000015
90256  49.591  25.619  10.580 0.1000000015
88425  51.085  22.038  8.951 0.1000000015
88998  42.686  23.510  10.222 0.1000000015
111098  36.640  25.963  10.827 0.1000000015
129794  36.979  26.275  10.347 0.1000000015
91674  35.918  27.299  11.030 0.1000000015
91667  35.165  27.768  11.410 0.1000000015
91668  34.561  27.459  12.101 0.1000000015
88879  43.134  23.315  22.424 0.1000000015
88313  41.421  22.809  22.267 0.1000000015
88908  38.350  23.423  20.569 0.1000000015
89572  36.656  25.017  18.892 0.1000000015
117728  38.079  26.162  17.098 0.1000000015
130413  48.046  27.733  13.210 0.1000000015
128760  45.966  28.766  13.842 0.1000000015
92956  43.373  30.221  15.119 0.1000000015
111820  42.062  28.386  15.425 0.1000000015
91604  40.841  27.409  15.768 0.1000000015
92984  44.308  30.350  14.825 0.1000000015
92337  41.797  29.398  15.280 0.1000000015
90923  49.186  26.307  10.527 0.1000000015
89639  49.819  23.849  8.071 0.1000000015
88434  49.807  22.427  7.986 0.1000000015
116253  40.282  23.562  9.106 0.1000000015
90263  38.359  24.942  9.274 0.1000000015
90264  37.726  25.241  9.824 0.1000000015
125955  35.278  28.757  10.389 0.1000000015
116778  34.668  29.140  10.535 0.1000000015
92394  36.668  28.287  9.340 0.1000000015
92400  36.277  28.832  9.104 0.1000000015
108596  34.501  29.626  10.073 0.1000000015
87699  39.300  21.937  22.875 0.1000000015
88304  39.029  22.359  22.332 0.1000000015
127133  38.716  22.628  21.825 0.1000000015
91657  45.667  27.742  13.058 0.1000000015
114228  47.967  27.065  11.150 0.1000000015
91646  44.196  28.914  13.606 0.1000000015
92985  43.533  30.399  14.671 0.1000000015
92339  39.363  29.006  15.502 0.1000000015
90262  49.173  25.787  9.000 0.1000000015
92973  40.912  30.518  14.738 0.1000000015
117555  37.950  28.899  15.635 0.1000000015
89032  49.618  22.994  6.888 0.1000000015
125660  49.552  22.801  7.231 0.1000000015
126187  41.806  23.602  8.960 0.1000000015
89027  39.837  23.689  8.650 0.1000000015
90269  39.170  25.052  8.130 0.1000000015
90278  38.987  25.800  8.049 0.1000000015
90951  38.532  26.426  8.357 0.1000000015
91677  37.726  27.431  8.819 0.1000000015
91683  37.883  27.922  7.996 0.1000000015
92398  37.152  28.580  7.976 0.1000000015
126797  36.615  29.043  8.014 0.1000000015
109595  35.189  29.628  9.094 0.1000000015
88894  36.586  23.267  21.292 0.1000000015
110459  48.150  26.506  9.715 0.1000000015
90908  43.861  26.986  12.298 0.1000000015
91659  43.445  27.812  12.944 0.1000000015
92987  41.639  30.331  14.075 0.1000000015
93548  38.367  30.211  14.873 0.1000000015
89024  42.289  23.578  8.277 0.1000000015
89038  40.818  23.658  7.762 0.1000000015
87060  37.686  21.159  23.815 0.1000000015
88911  35.566  24.024  20.789 0.1000000015
92950  35.181  29.589  16.194 0.1000000015
90927  46.073  26.355  10.040 0.1000000015
92363  42.209  29.430  13.579 0.1000000015
112528  44.320  26.382  10.960 0.1000000015
93567  40.439  30.711  14.039 0.1000000015
88446  49.290  22.881  5.922 0.1000000015
92365  40.313  29.560  12.887 0.1000000015
130308  38.406  30.789  13.393 0.1000000015
89043  47.597  23.124  6.370 0.1000000015
121776  39.388  30.339  13.111 0.1000000015
87667  36.870  21.106  25.128 0.1000000015
90176  34.303  26.042  19.977 0.1000000015
92312  34.022  28.570  18.186 0.1000000015
92945  34.110  29.637  17.326 0.1000000015
90954  48.162  26.197  7.712 0.1000000015
90936  46.503  26.332  8.966 0.1000000015
89651  49.015  24.613  6.042 0.1000000015
110060  45.169  26.279  9.820 0.1000000015
92951  34.393  30.114  16.551 0.1000000015
89659  48.991  23.882  5.259 0.1000000015
110422  46.283  26.424  8.072 0.1000000015
88448  48.483  22.788  5.508 0.1000000015
88452  48.591  22.868  4.615 0.1000000015
92380  40.457  28.550  11.576 0.1000000015
108714  46.468  23.465  6.805 0.1000000015
112108  46.602  23.320  5.891 0.1000000015
91671  42.193  26.977  10.326 0.1000000015
91666  41.481  27.547  11.288 0.1000000015
94087  37.738  31.134  13.030 0.1000000015
94090  35.536  31.804  13.696 0.1000000015
89055  44.828  23.322  5.577 0.1000000015
125673  43.264  23.460  6.462 0.1000000015
93070  38.396  29.285  1.348 0.1000000015
91582  33.950  27.667  19.389 0.1000000015
90973  47.100  26.435  5.610 0.1000000015
89064  46.103  22.840  4.272 0.1000000015
90950  43.857  26.607  8.622 0.1000000015
90930  42.860  26.577  9.944 0.1000000015
89054  45.809  23.231  5.293 0.1000000015
91676  41.819  27.466  9.862 0.1000000015
92385  41.055  27.935  10.771 0.1000000015
94099  37.211  31.627  12.375 0.1000000015
92446  39.621  28.426  -0.614 0.1000000015
114369  37.966  26.664  1.176 0.1000000015
91000  38.074  26.641  1.844 0.1000000015
90304  47.432  24.867  3.756 0.1000000015
120374  33.939  31.954  17.723 0.1000000015
126598  46.822  26.388  4.789 0.1000000015
89074  46.559  23.646  2.831 0.1000000015
89075  45.959  23.179  2.610 0.1000000015
88469  44.842  22.734  3.194 0.1000000015
90966  45.088  26.993  6.754 0.1000000015
90958  44.004  26.876  7.786 0.1000000015
92391  41.861  27.901  9.140 0.1000000015
94113  38.072  31.483  11.129 0.1000000015
126863  34.868  33.215  12.860 0.1000000015
89067  42.614  23.432  5.109 0.1000000015
112765  40.689  29.424  9.647 0.1000000015
94616  36.847  32.644  11.441 0.1000000015
94628  37.384  32.632  10.867 0.1000000015
130329  41.688  24.384  4.723 0.1000000015
89667  41.331  24.823  4.262 0.1000000015
91739  38.390  26.709  0.198 0.1000000015
126167  43.501  27.388  7.509 0.1000000015
91701  44.365  28.006  5.007 0.1000000015
93613  40.210  30.174  9.749 0.1000000015
94127  38.463  31.865  10.327 0.1000000015
89068  42.038  24.124  3.980 0.1000000015
93022  42.037  29.419  8.092 0.1000000015
94139  40.557  30.934  9.401 0.1000000015
95147  33.901  34.078  13.682 0.1000000015
90316  39.795  25.398  1.458 0.1000000015
114796  39.602  25.084  0.418 0.1000000015
89676  41.502  24.466  3.042 0.1000000015
90308  40.492  25.493  2.475 0.1000000015
89692  41.443  24.889  1.153 0.1000000015
89684  41.757  24.330  1.804 0.1000000015
95162  38.175  33.503  9.983 0.1000000015
90340  39.748  25.383  -0.861 0.1000000015
90324  38.578  25.559  0.352 0.1000000015
90323  38.889  25.392  0.791 0.1000000015
91745  39.204  26.508  -0.867 0.1000000015
89081  45.789  23.796  2.196 0.1000000015
88470  44.267  22.851  2.466 0.1000000015
89084  42.828  23.314  2.019 0.1000000015
94138  41.435  31.034  9.014 0.1000000015
89085  42.366  23.787  1.278 0.1000000015
95659  36.342  34.339  11.284 0.1000000015
95654  34.776  34.740  12.664 0.1000000015
108712  42.064  24.754  0.916 0.1000000015
90321  41.232  25.119  0.463 0.1000000015
94643  40.478  32.567  9.356 0.1000000015
95681  38.710  34.111  9.740 0.1000000015
95666  37.002  34.766  10.898 0.1000000015
95663  38.943  34.844  9.870 0.1000000015
114345  37.302  35.549  11.188 0.1000000015
96193  39.869  35.060  9.722 0.1000000015
96677  37.630  36.382  11.559 0.1000000015
127076  42.901  33.652  9.261 0.1000000015
96693  41.061  36.439  10.786 0.1000000015
96694  40.016  36.393  10.785 0.1000000015
96178  42.629  35.788  10.369 0.1000000015
89683  45.077  24.498  1.433 0.1000000015
91705  43.874  28.292  4.344 0.1000000015
92414  43.100  29.082  5.382 0.1000000015
115047  42.293  30.161  7.126 0.1000000015
122044  42.182  30.003  7.764 0.1000000015
93637  42.217  30.334  6.201 0.1000000015
94166  41.926  31.621  6.625 0.1000000015
94159  42.305  31.515  7.467 0.1000000015
94151  42.046  31.203  8.553 0.1000000015
94642  42.244  32.536  9.111 0.1000000015
93040  42.577  29.639  5.716 0.1000000015
94173  41.077  31.415  4.858 0.1000000015
91714  41.539  28.072  2.900 0.1000000015
71780  41.828  0.590  8.374 0.1000000015
108226  42.001  2.094  7.489 0.1000000015
108075  42.512  0.098  7.517 0.1000000015
129464  42.401  1.337  7.111 0.1000000015
122870  43.103  0.520  6.607 0.1000000015
73523  45.689  2.350  7.203 0.1000000015
107406  42.359  2.631  6.600 0.1000000015
107413  42.631  1.571  6.511 0.1000000015
72658  43.542  0.907  6.260 0.1000000015
108462  43.000  1.493  5.819 0.1000000015
72657  44.200  1.200  6.296 0.1000000015
108006  43.461  1.410  5.724 0.1000000015
73527  44.662  1.951  5.892 0.1000000015
107404  42.805  2.148  5.839 0.1000000015
108323  42.493  3.830  5.706 0.1000000015
72668  44.004  2.066  4.861 0.1000000015
111799  43.732  1.821  5.234 0.1000000015
73530  44.463  2.218  5.121 0.1000000015
107392  43.880  2.829  4.084 0.1000000015
107401  42.768  3.300  5.050 0.1000000015
73522  46.517  2.746  7.558 0.1000000015
108216  43.248  2.934  4.511 0.1000000015
108341  42.705  0.658  6.821 0.1000000015
72662  44.004  1.545  5.526 0.1000000015
107405  43.262  1.873  5.350 0.1000000015
62892  50.070  -10.081  13.374 0.1000000015
63721  48.984  -8.364  16.080 0.1000000015
63732  48.581  -8.266  15.629 0.1000000015
63795  50.092  -7.834  10.637 0.1000000015
64585  47.714  -7.153  15.609 0.1000000015
64601  48.221  -7.732  14.516 0.1000000015
64667  47.733  -7.028  7.500 0.1000000015
65391  41.283  -6.334  30.633 0.1000000015
65409  38.901  -6.448  29.854 0.2000000030
65423  36.007  -6.542  28.506 0.1000000015
65444  37.992  -6.379  27.395 0.1000000015
65445  37.294  -6.417  27.238 0.1000000015
65448  34.676  -6.276  27.037 0.1000000015
65503  48.566  -6.646  18.427 0.1000000015
65522  47.915  -7.244  16.782 0.1000000015
65557  47.881  -6.378  14.571 0.1000000015
65568  48.531  -6.609  13.259 0.1000000015
65614  50.026  -6.382  5.679 0.1000000015
66266  43.703  -5.796  31.480 0.1000000015
66273  44.199  -5.300  31.132 0.1000000015
66296  41.629  -5.398  28.504 0.2000000030
66318  30.784  -4.965  27.572 0.1000000015
66327  39.236  -5.750  26.623 0.1000000015
66329  37.089  -6.159  26.452 0.1000000015
66335  31.880  -4.895  26.580 0.1000000015
66340  37.737  -5.790  26.028 0.1000000015
66343  35.505  -5.480  25.639 0.1000000015
66346  32.847  -4.717  25.676 0.1000000015
66397  49.055  -6.100  19.997 0.1000000015
66404  47.583  -5.595  18.413 0.1000000015
66431  47.493  -5.841  15.703 0.1000000015
67237  43.313  -4.748  29.505 0.2000000030
67239  29.889  -4.834  28.449 0.1000000015
67259  41.593  -4.728  27.215 0.2000000030
67261  31.196  -4.635  26.906 0.1000000015
67270  31.366  -4.133  26.273 0.1000000015
67275  57.035  -4.442  25.564 0.1000000015
67277  39.410  -4.650  25.496 0.1000000015
67292  38.641  -4.461  24.590 0.1000000015
67297  33.473  -3.912  24.277 0.1000000015
67313  35.014  -4.178  23.721 0.1000000015
67325  50.927  -5.022  22.100 0.1000000015
67327  48.282  -4.368  21.265 0.1000000015
67332  47.683  -3.832  19.879 0.1000000015
67341  48.012  -5.235  20.071 0.1000000015
67367  47.722  -5.129  15.095 0.1000000015
67374  49.197  -4.232  13.159 0.1000000015
67389  51.053  -4.428  9.731 0.1000000015
68121  43.276  -3.281  27.616 0.2000000030
68138  32.021  -3.325  25.298 0.1000000015
68139  31.550  -3.507  25.853 0.1000000015
68146  55.721  -3.537  24.684 0.1000000015
68153  39.175  -4.104  24.169 0.1000000015
68174  34.494  -3.579  23.301 0.1000000015
68180  49.603  -3.018  22.887 0.1000000015
68195  38.170  -3.123  21.887 0.2000000030
68206  47.789  -3.152  19.276 0.1000000015
68212  47.383  -3.998  18.079 0.1000000015
68248  50.016  -2.959  12.785 0.1000000015
68959  44.746  -2.808  29.010 0.2000000030
68971  57.398  -3.133  27.991 0.2000000030
68974  30.727  -1.972  27.175 0.1000000015
68982  30.650  -2.879  26.885 0.1000000015
68991  43.323  -2.651  25.536 0.2000000030
69005  43.411  -2.786  24.516 0.1000000015
69028  44.612  -2.270  22.631 0.1000000015
69029  43.390  -2.370  22.070 0.1000000015
69030  42.649  -2.638  22.141 0.1000000015
69031  41.012  -2.863  22.116 0.1000000015
69032  35.372  -2.345  21.971 0.2000000030
69038  42.155  -2.341  21.699 0.1000000015
69042  38.095  -2.110  21.157 0.2000000030
69045  35.880  -1.841  21.614 0.2000000030
69052  48.350  -2.714  20.591 0.1000000015
69072  48.782  -2.915  15.180 0.1000000015
69857  56.570  -2.321  28.820 0.2000000030
69858  46.035  -1.224  28.170 0.2000000030
69861  31.012  -1.029  28.410 0.1000000015
69908  47.369  -1.270  23.436 0.1000000015
69909  46.691  -1.732  23.625 0.1000000015
69910  33.723  -1.280  22.811 0.1000000015
69911  33.264  -1.720  23.394 0.1000000015
69918  49.813  -1.590  22.146 0.1000000015
69935  39.890  -1.835  21.163 0.1000000015
69938  36.628  -1.746  21.358 0.2000000030
69959  50.114  -0.994  17.785 0.1000000015
69992  52.071  -1.161  11.949 0.1000000015
70000  52.616  -1.120  11.360 0.1000000015
70683  47.435  -0.409  28.739 0.2000000030
70701  48.571  -0.829  26.471 0.2000000030
70704  31.682  -0.908  26.250 0.1000000015
70709  50.165  -0.077  25.888 0.2000000030
70724  32.399  -0.813  24.863 0.1000000015
70730  52.323  -0.112  24.276 0.1000000015
70739  50.830  -0.571  21.980 0.1000000015
70743  46.002  -0.901  22.198 0.1000000015
70752  44.820  -0.617  21.698 0.1000000015
70755  42.047  -1.141  21.365 0.1000000015
70777  51.755  -0.077  19.317 0.2000000030
70791  50.840  -0.680  16.275 0.1000000015
71580  49.825  0.217  28.096 0.2000000030
71606  34.219  0.597  25.276 0.1000000015
71626  50.282  1.215  23.893 0.2000000030
71633  52.389  0.831  22.580 0.2000000030
71637  46.788  0.288  22.255 0.1000000015
71648  51.952  0.358  21.162 0.2000000030
71649  45.186  -0.020  21.785 0.1000000015
71667  53.029  0.986  20.436 0.2000000030
71694  42.068  0.721  15.734 0.2000000030
71791  43.836  0.624  6.680 0.1000000015
72453  36.140  1.913  25.815 0.1000000015
72479  48.680  1.359  22.695 0.2000000030
72489  35.743  1.171  22.383 0.2000000030
72498  39.753  1.326  21.442 0.1000000015
72500  37.491  1.558  21.559 0.2000000030
72517  47.150  1.776  18.914 0.3000000119
72521  55.251  1.585  18.556 0.2000000030
72537  51.339  1.965  17.250 0.3000000119
72539  49.676  1.536  17.554 0.3000000119
72579  42.781  0.951  14.587 0.2000000030
72592  42.639  1.495  13.862 0.3000000119
73282  54.874  3.112  29.789 0.2000000030
73299  56.246  3.567  28.380 0.3000000119
73344  51.458  2.864  23.867 0.2000000030
73357  46.668  2.724  22.530 0.1000000015
73359  44.516  2.811  22.475 0.1000000015
73362  41.397  2.599  22.013 0.1000000015
73363  40.027  2.746  21.960 0.1000000015
73365  37.305  2.919  22.297 0.2000000030
73379  39.638  2.109  21.712 0.1000000015
73399  48.182  2.672  19.482 0.3000000119
73462  42.605  2.027  13.185 0.3000000119
73474  46.456  2.346  12.610 0.4000000060
73476  43.871  2.239  12.383 0.4000000060
73521  47.288  3.037  7.868 0.1000000015
73534  44.906  2.771  4.703 0.1000000015
73535  44.240  2.505  4.487 0.2000000030
74166  53.599  4.982  25.223 0.3000000119
74179  46.256  4.258  22.978 0.1000000015
74189  47.130  3.377  22.662 0.1000000015
74197  39.036  3.656  22.213 0.1000000015
74260  38.501  3.376  16.718 0.2000000030
74286  56.965  3.026  11.876 0.3000000119
74289  50.702  3.477  12.513 0.4000000060
74292  48.273  3.201  11.910 0.4000000060
74323  53.618  3.038  8.648 0.2000000030
74348  46.085  3.830  4.660 0.2000000030
74970  55.920  5.593  28.238 0.2000000030
74984  31.735  4.707  26.801 0.1000000015
75012  44.668  4.809  23.238 0.1000000015
75022  44.534  4.176  22.938 0.1000000015
75026  39.647  4.161  22.326 0.1000000015
75029  37.253  4.399  22.859 0.2000000030
75079  36.737  4.655  17.848 0.2000000030
75155  54.836  4.154  7.845 0.4000000060
75157  53.060  4.296  8.003 0.3000000119
75161  56.938  5.378  7.748 0.4000000060
75196  42.779  4.400  4.353 0.2000000030
75841  29.382  5.650  26.899 0.1000000015
75879  40.207  5.564  22.675 0.1000000015
75882  37.632  5.186  22.901 0.2000000030
75932  36.125  5.056  18.082 0.2000000030
75941  37.037  6.055  15.992 0.3000000119
75979  56.290  6.047  9.121 0.5000000000
75998  56.925  5.809  7.869 0.4000000060
76651  45.034  7.074  24.752 0.1000000015
76656  29.989  6.802  24.824 0.2000000030
76689  55.501  6.739  21.565 0.3000000119
76712  42.597  6.494  20.282 0.3000000119
76775  55.978  6.547  8.524 0.4000000060
76784  56.446  6.460  7.793 0.4000000060
76789  50.942  6.206  8.193 0.5000000000
76792  44.100  6.445  8.156 0.6999999881
76799  56.603  6.171  7.415 0.4000000060
76800  56.074  6.719  7.038 0.4000000060
76811  43.921  7.138  7.782 0.6999999881
76819  54.702  6.899  5.698 0.4000000060
76837  52.384  6.887  4.676 0.5000000000
76844  53.200  7.585  4.936 0.5000000000
76845  52.605  7.602  4.512 0.5000000000
76850  43.164  6.327  4.040 0.2000000030
77578  35.914  8.669  26.476 0.1000000015
77591  45.367  7.689  24.717 0.1000000015
77595  42.402  8.556  24.458 0.1000000015
77597  37.538  8.186  25.055 0.1000000015
77604  28.711  7.937  25.163 0.2000000030
77610  52.052  8.767  23.578 0.3000000119
77617  40.884  8.267  24.381 0.1000000015
77779  53.465  7.783  5.238 0.5000000000
77780  52.941  8.139  5.135 0.6000000238
77784  48.705  7.834  4.935 0.5000000000
77800  42.805  7.723  4.752 0.2000000030
77804  51.868  8.334  3.968 0.6000000238
77807  50.288  8.054  2.697 0.5000000000
78446  37.785  9.491  25.571 0.1000000015
78457  47.003  8.502  24.075 0.3000000119
78460  43.954  8.613  23.984 0.1000000015
78463  40.054  9.172  24.981 0.1000000015
78473  52.640  9.597  23.089 0.3000000119
78474  51.754  9.395  22.944 0.3000000119
78477  48.882  8.970  22.906 0.3000000119
78483  42.971  8.996  22.831 0.2000000030
78495  53.021  9.485  22.676 0.3000000119
78574  41.644  8.296  10.582 0.6999999881
78599  42.790  9.185  7.870 0.6000000238
78609  43.948  8.884  6.554 0.6999999881
78615  52.319  8.323  4.529 0.6000000238
78630  50.048  8.782  3.552 0.5000000000
78640  50.735  8.403  3.212 0.5000000000
78656  47.412  8.618  1.217 0.5000000000
78663  46.323  9.012  0.333 0.4000000060
79199  28.608  9.075  27.718 0.2000000030
79201  28.408  9.729  26.235 0.2000000030
79204  36.581  10.231  25.766 0.1000000015
79213  42.485  8.965  24.301 0.1000000015
79216  39.218  10.407  25.175 0.1000000015
79224  40.973  10.012  24.334 0.1000000015
79236  39.194  10.201  22.793 0.1000000015
79252  38.032  9.482  22.227 0.2000000030
79293  46.112  9.400  13.517 0.8999999762
79358  41.155  9.626  5.930 0.2000000030
79387  45.400  9.790  0.458 0.5000000000
79868  40.263  10.032  32.124 0.1000000015
79869  39.649  10.240  31.973 0.1000000015
79906  36.980  10.738  25.405 0.1000000015
79916  36.167  10.590  24.624 0.1000000015
79920  38.334  11.036  24.463 0.1000000015
79926  38.828  10.709  23.623 0.1000000015
80033  43.881  11.360  4.861 0.6000000238
80050  41.851  10.830  3.718 0.3000000119
80534  39.336  10.713  33.290 0.1000000015
80546  40.072  10.433  33.172 0.1000000015
80562  41.597  10.584  31.951 0.1000000015
80615  29.752  11.644  22.364 0.3000000119
80682  48.204  11.013  11.451 0.8999999762
80714  37.246  11.581  7.211 0.1000000015
80724  39.987  11.539  5.022 0.3000000119
80730  43.890  11.972  4.278 0.5000000000
80746  42.359  11.602  1.925 0.4000000060
81307  29.219  12.591  24.996 0.2000000030
81374  55.068  12.920  12.824 0.6000000238
81387  54.928  13.103  12.068 0.6000000238
81388  54.614  12.699  12.185 0.6000000238
81389  53.918  12.379  12.515 0.6000000238
81390  52.868  12.268  12.499 0.6000000238
81409  49.394  11.948  10.300 0.8999999762
81458  40.209  12.756  4.053 0.3000000119
81479  42.224  13.056  1.772 0.4000000060
82057  49.580  13.829  15.196 0.6000000238
82079  55.192  13.174  13.347 0.5000000000
82094  54.930  13.264  12.126 0.5000000000
82100  54.346  13.726  10.257 0.6999999881
82106  54.158  14.089  9.357 0.6999999881
82108  53.200  13.841  8.617 0.6999999881
82131  50.434  14.166  6.757 0.8000000119
82180  41.707  13.387  2.539 0.5000000000
82191  45.243  14.607  0.731 0.5000000000
82192  44.496  14.059  0.707 0.5000000000
82804  53.423  14.663  17.041 0.6000000238
82806  51.389  14.911  17.392 0.6000000238
82808  49.013  14.797  17.436 0.6000000238
82810  46.930  14.835  17.733 0.6000000238
82820  54.514  14.406  16.081 0.6000000238
82840  55.173  13.793  14.617 0.5000000000
82841  54.868  14.379  14.259 0.5000000000
82871  54.623  13.638  11.825 0.6000000238
82883  53.843  14.336  9.433 0.6999999881
82885  52.458  14.773  9.261 0.6999999881
82907  52.671  15.124  6.849 0.6999999881
82929  51.268  15.610  5.383 0.8000000119
82938  40.598  14.182  5.511 0.4000000060
82942  48.293  15.530  3.424 0.8999999762
82946  42.419  14.738  4.037 0.6000000238
82972  43.086  14.124  1.210 0.5000000000
82975  44.866  14.936  0.607 0.6000000238
83701  47.576  15.314  10.290 0.6000000238
83745  52.170  15.354  6.439 0.8000000119
83767  49.999  16.043  3.555 0.8000000119
83769  48.831  16.038  2.883 0.8000000119
83776  48.907  16.084  2.926 0.8000000119
83787  46.627  15.832  0.783 0.8000000119
83790  43.050  15.094  2.126 0.6000000238
83796  46.476  16.147  0.617 0.8000000119
83797  46.173  15.797  0.393 0.6000000238
83798  45.280  16.049  0.544 0.6999999881
84404  54.136  16.068  16.869 0.5000000000
84523  50.681  16.319  4.797 0.8000000119
84534  50.595  16.112  4.079 0.8000000119
84536  48.967  16.553  4.163 0.8000000119
84548  45.144  16.472  4.334 0.8000000119
84559  45.575  16.416  1.429 0.6999999881
84565  46.241  16.210  0.380 0.6000000238
87026  37.776  20.850  26.170 0.1000000015
87153  51.896  20.929  12.357 0.2000000030
87662  37.424  21.437  26.188 0.1000000015
87669  35.966  21.941  25.059 0.1000000015
87809  51.454  21.360  10.985 0.2000000030
88317  38.087  22.727  21.630 0.1000000015
88374  33.885  22.894  15.015 0.1000000015
88408  44.744  23.109  11.424 0.2000000030
88435  48.980  22.429  8.450 0.1000000015
88458  48.131  22.867  4.064 0.1000000015
88466  47.673  23.004  3.699 0.1000000015
88468  45.560  22.795  3.008 0.1000000015
88869  34.770  23.878  24.047 0.1000000015
88873  35.033  23.257  23.174 0.1000000015
88874  34.681  23.803  23.448 0.1000000015
88910  36.469  23.738  20.636 0.1000000015
89006  50.959  22.447  8.855 0.1000000015
89050  49.279  23.134  5.603 0.1000000015
89063  48.650  23.626  4.444 0.1000000015
89496  35.510  24.171  25.080 0.1000000015
89519  34.450  24.437  22.375 0.1000000015
89532  49.562  25.848  21.451 0.1000000015
89548  49.910  25.468  21.085 0.2000000030
89613  33.053  24.721  14.347 0.1000000015
89616  49.767  24.828  12.033 0.1000000015
89675  47.035  24.215  3.116 0.1000000015
89677  41.146  24.930  2.232 0.1000000015
89682  45.355  24.135  1.575 0.1000000015
89688  44.786  24.141  0.984 0.1000000015
90123  34.675  24.517  23.703 0.1000000015
90175  35.077  25.526  19.511 0.1000000015
90292  48.013  25.668  5.275 0.1000000015
90298  48.534  24.357  4.706 0.1000000015
90322  40.529  25.053  0.553 0.1000000015
90333  40.008  25.043  -0.245 0.1000000015
90817  48.911  26.884  21.613 0.1000000015
90925  47.799  26.695  10.338 0.1000000015
90931  37.092  26.913  10.023 0.1000000015
91607  35.994  27.781  16.836 0.1000000015
91608  35.237  28.186  17.096 0.1000000015
91649  31.991  27.010  13.766 0.1000000015
91656  47.790  27.543  12.617 0.1000000015
91717  36.777  27.936  2.851 0.1000000015
92386  40.604  28.339  11.029 0.1000000015
92955  44.151  30.162  15.163 0.1000000015
93046  41.625  29.755  4.486 0.1000000015
93082  40.102  29.333  -0.529 0.1000000015
93555  40.369  30.703  14.435 0.1000000015
94571  34.383  32.670  18.083 0.1000000015
95156  35.699  33.944  11.757 0.1000000015
95163  37.486  33.301  10.493 0.1000000015
95620  34.531  34.019  17.212 0.1000000015
96170  34.779  35.456  12.852 0.1000000015
96634  34.492  36.485  13.868 0.1000000015
107391  43.645  2.294  4.766 0.1000000015
107394  43.392  3.338  4.017 0.2000000030
107400  43.008  2.528  5.148 0.1000000015
107407  42.612  2.997  5.808 0.1000000015
107949  43.167  3.917  3.790 0.2000000030
108022  42.219  1.044  7.583 0.1000000015
108673  46.224  22.837  3.403 0.1000000015
108743  41.001  10.214  31.974 0.1000000015
108900  44.050  23.516  6.768 0.1000000015
108901  43.586  23.562  7.390 0.1000000015
109220  39.917  -3.798  24.061 0.1000000015
109751  44.472  6.084  23.967 0.1000000015
109940  49.459  7.167  23.621 0.3000000119
110189  47.288  0.850  22.333 0.1000000015
110271  35.362  -6.530  28.877 0.1000000015
110377  37.067  -0.121  21.049 0.2000000030
110547  43.704  23.088  1.567 0.1000000015
111482  42.123  -3.229  25.042 0.2000000030
111646  45.218  16.588  6.689 0.6000000238
112024  40.224  7.574  23.760 0.1000000015
113219  52.909  18.450  18.009 0.3000000119
113668  38.167  27.380  16.276 0.1000000015
114851  33.809  29.964  18.170 0.1000000015
115303  39.324  -1.148  20.945 0.2000000030
115458  44.299  26.603  11.711 0.1000000015
115708  50.005  25.390  20.779 0.1000000015
116699  43.135  30.065  14.045 0.1000000015
116812  52.538  1.077  21.871 0.2000000030
117341  57.206  2.578  9.456 0.2000000030
117347  55.175  13.293  14.157 0.5000000000
117368  36.428  -0.350  21.312 0.2000000030
117567  50.553  -6.700  5.678 0.1000000015
118019  48.283  14.637  17.123 0.6000000238
118203  41.821  11.978  2.251 0.4000000060
118452  48.619  -4.680  7.050 0.1000000015
118934  44.470  9.743  14.436 0.8000000119
119369  38.307  26.024  0.499 0.1000000015
119656  31.490  11.807  20.586 0.3000000119
120405  49.346  -5.968  12.033 0.1000000015
120465  49.065  22.839  5.376 0.1000000015
120982  44.681  13.894  3.065 0.8000000119
121102  56.094  4.526  15.402 0.3000000119
121218  42.424  -0.308  21.450 0.1000000015
121650  53.332  15.849  18.028 0.5000000000
121686  49.065  3.843  20.063 0.3000000119
122050  44.905  15.596  12.812 0.6000000238
122925  43.052  0.959  6.172 0.1000000015
123606  47.911  -0.793  23.319 0.2000000030
123916  50.218  0.105  27.483 0.2000000030
123918  33.684  33.904  15.418 0.1000000015
124376  43.363  20.750  14.142 0.1000000015
124631  35.309  35.150  12.325 0.1000000015
124669  35.758  33.298  11.991 0.1000000015
124736  43.631  15.611  3.551 0.6000000238
125052  48.541  15.469  8.711 0.6000000238
125283  45.762  15.140  0.715 0.8000000119
125350  41.871  9.573  23.278 0.1000000015
125446  45.474  0.768  15.598 0.2000000030
125618  41.492  -3.515  25.422 0.1000000015
125854  53.218  2.082  31.265 0.1000000015
125873  43.239  2.050  12.752 0.4000000060
125921  35.888  23.556  21.203 0.1000000015
125963  48.543  23.044  4.238 0.1000000015
126529  47.079  16.415  1.449 0.8000000119
126553  36.251  6.086  26.621 0.2000000030
126660  40.319  4.630  22.452 0.1000000015
126978  30.575  11.399  29.054 0.2000000030
126980  43.948  2.385  4.507 0.1000000015
127045  49.888  7.652  5.733 0.6000000238
127270  52.088  14.492  6.972 0.8000000119
127333  57.011  2.611  12.848 0.4000000060
127573  52.056  12.736  9.825 0.8000000119
127789  35.554  13.961  30.835 0.1000000015
127790  45.949  7.982  1.050 0.4000000060
127847  44.028  7.226  24.514 0.1000000015
127999  38.294  -5.413  25.760 0.1000000015
128002  34.077  -1.654  22.525 0.1000000015
128065  51.438  -0.328  23.017 0.1000000015
128066  54.140  7.674  5.622 0.4000000060
128071  36.687  10.779  24.274 0.1000000015
128396  49.501  1.654  16.283 0.3000000119
128533  54.965  13.089  14.374 0.5000000000
128653  37.764  -3.360  22.176 0.2000000030
128746  31.417  14.541  27.839 0.2000000030
128881  48.427  22.900  4.146 0.1000000015
129000  38.653  3.534  16.162 0.2000000030
129055  44.665  22.836  4.030 0.1000000015
129065  54.694  8.521  24.613 0.3000000119
129130  42.684  2.933  11.999 0.5000000000
129210  37.427  22.481  13.296 0.1000000015
129238  50.043  4.733  23.268 0.2000000030
129242  53.204  12.621  10.697 0.6999999881
129451  48.527  8.273  23.662 0.3000000119
129488  49.532  23.482  6.650 0.1000000015
129606  42.869  -6.510  32.593 0.1000000015
129646  40.182  19.456  19.350 0.3000000119
129714  36.352  3.635  23.672 0.2000000030
129754  30.299  -4.928  28.005 0.1000000015
129796  51.242  16.124  5.194 0.8000000119
129919  41.549  27.573  15.635 0.1000000015
130102  51.412  2.403  24.224 0.2000000030
130144  49.605  25.131  9.233 0.1000000015
130156  35.267  0.667  22.546 0.2000000030
130378  48.094  5.988  20.671 0.3000000119
130498  47.690  -1.437  24.657 0.2000000030
130704  49.894  -2.723  7.424 0.1000000015
130794  37.938  9.473  15.372 0.4000000060
130880  47.898  2.528  12.877 0.3000000119
130887  43.594  -1.082  21.495 0.1000000015
130914  46.312  -1.553  26.162 0.2000000030
131013  52.148  20.669  13.750 0.2000000030
131029  49.376  -1.723  16.807 0.1000000015
131035  34.474  36.621  14.576 0.1000000015
131087  48.992  4.641  23.091 0.2000000030
131335  52.944  9.543  23.349 0.3000000119
