#!ascii label  , from subject sub-v1s13x0050005_ses-1 vox2ras=TkReg
3217
27389  8.457  -46.961  54.058 0.2222220004
28286  8.464  -46.883  53.438 0.2222220004
27388  9.265  -47.277  54.392 0.2222220004
114537  8.497  -46.912  54.668 0.2222220004
28287  7.532  -46.560  53.536 0.2222220004
27387  9.920  -47.572  54.461 0.1111110002
28280  9.524  -47.276  54.724 0.2222220004
28288  6.652  -46.334  53.484 0.2222220004
28271  9.827  -47.071  55.222 0.2222220004
28279  10.257  -47.490  54.858 0.1111110002
29211  10.142  -46.387  55.532 0.1111110002
29212  9.313  -46.351  55.688 0.1111110002
29203  9.683  -45.532  55.807 0.1111110002
28272  8.974  -46.875  55.243 0.1111110002
29204  8.756  -45.388  56.053 0.2222220004
29213  8.378  -46.169  55.817 0.2222220004
122161  8.109  -46.556  55.323 0.2222220004
28273  7.360  -46.410  54.931 0.2222220004
28281  7.485  -46.567  54.138 0.2222220004
29217  12.160  -46.081  54.670 0.1111110002
28269  11.470  -46.649  55.020 0.1111110002
28270  10.625  -46.960  55.170 0.1111110002
29202  10.430  -45.622  55.566 0.1111110002
30884  8.727  -43.354  56.377 0.3333329856
30059  9.193  -44.486  56.074 0.2222220004
30060  8.196  -44.200  56.339 0.3333329856
29205  7.753  -45.130  56.194 0.3333329856
29206  6.787  -44.837  56.293 0.4444440007
127027  6.420  -45.426  55.939 0.4444440007
28274  6.425  -45.987  55.331 0.4444440007
29215  5.771  -45.352  55.687 0.4444440007
28282  6.381  -46.258  54.315 0.2222220004
28275  5.586  -45.951  54.972 0.2222220004
28283  5.492  -46.113  54.157 0.2222220004
28289  5.733  -46.187  53.408 0.2222220004
29209  11.696  -45.733  55.039 0.1111110002
30057  11.228  -44.070  55.476 0.1111110002
30068  11.097  -45.190  55.350 0.1111110002
30058  10.233  -44.570  55.707 0.1111110002
111487  9.589  -43.684  56.078 0.1111110002
116221  8.440  -42.353  56.546 0.3333329856
30885  7.659  -42.940  56.727 0.3333329856
30061  7.178  -43.957  56.561 0.4444440007
30062  6.287  -43.818  56.587 0.4444440007
124755  5.257  -44.561  56.048 0.4444440007
28284  5.060  -46.051  53.707 0.2222220004
30067  11.889  -44.664  55.069 0.1111110002
31727  18.020  -42.273  53.134 0.4444440007
31716  17.513  -42.121  53.532 0.3333329856
30882  11.432  -43.086  55.971 0.1111110002
31717  16.921  -42.164  54.051 0.2222220004
30896  16.904  -42.330  53.740 0.2222220004
130717  10.856  -42.621  56.198 0.2222220004
30883  10.420  -43.258  56.019 0.2222220004
31701  9.153  -41.855  56.381 0.3333329856
114592  9.403  -42.701  56.337 0.3333329856
32600  7.553  -41.848  56.241 0.6666669846
31703  6.798  -42.240  56.166 0.6666669846
31704  6.286  -42.874  56.303 0.6666669846
30887  6.069  -43.295  56.464 0.4444440007
30888  5.743  -43.263  56.248 0.5555559993
30063  5.561  -43.711  56.379 0.4444440007
109857  5.073  -45.220  55.345 0.4444440007
29219  3.914  -45.228  54.109 0.4444440007
29225  3.375  -44.920  53.479 0.2222220004
29238  3.468  -45.011  51.232 0.2222220004
33597  15.947  -40.667  54.668 0.3333329856
29208  12.212  -45.104  54.734 0.1111110002
32614  15.935  -41.205  54.800 0.2222220004
30891  12.180  -43.591  55.466 0.1111110002
30066  12.615  -44.027  55.091 0.1111110002
32612  17.280  -41.556  53.883 0.3333329856
109657  15.620  -41.636  54.581 0.2222220004
124588  12.334  -42.608  56.081 0.1111110002
32626  17.494  -41.401  53.655 0.4444440007
31718  16.500  -41.737  54.200 0.2222220004
30905  15.710  -42.282  53.780 0.2222220004
31699  11.318  -42.179  56.318 0.2222220004
32636  17.739  -41.304  52.856 0.4444440007
32627  17.058  -41.151  54.114 0.3333329856
32598  9.837  -41.373  56.230 0.2222220004
32604  9.409  -41.137  56.021 0.5555559993
130818  8.980  -41.453  56.162 0.5555559993
32605  8.421  -41.432  56.020 0.6666669846
32599  8.320  -41.792  56.338 0.5555559993
32606  7.091  -41.887  55.902 0.5555559993
31711  6.109  -42.738  55.851 0.5555559993
31706  5.009  -43.126  55.597 0.5555559993
30892  4.673  -43.399  55.633 0.4444440007
30073  3.764  -44.382  54.776 0.4444440007
113545  3.389  -44.551  54.154 0.3333329856
30065  12.929  -43.867  55.112 0.1111110002
30890  12.808  -43.170  55.609 0.1111110002
31707  15.065  -41.288  55.339 0.2222220004
30889  13.083  -43.166  55.473 0.1111110002
31710  13.179  -42.422  55.926 0.1111110002
33584  16.427  -41.013  54.545 0.3333329856
33598  15.141  -40.231  54.299 0.4444440007
31709  13.676  -42.287  55.469 0.1111110002
32596  12.692  -41.265  56.412 0.3333329856
33576  11.321  -40.827  56.252 0.4444440007
32625  18.009  -41.788  53.135 0.4444440007
32637  17.103  -41.044  52.718 0.5555559993
33617  16.276  -40.905  52.170 0.4444440007
33607  16.534  -40.810  53.196 0.4444440007
33608  15.752  -40.557  53.574 0.4444440007
32603  10.378  -40.935  56.118 0.3333329856
32644  17.644  -41.562  51.336 0.5555559993
33618  15.343  -40.710  51.759 0.4444440007
33583  9.985  -40.907  55.738 0.5555559993
32616  9.111  -41.330  55.465 0.5555559993
32643  18.460  -41.950  51.533 0.5555559993
33637  15.929  -40.982  50.005 0.4444440007
116663  14.902  -40.781  49.797 0.5555559993
33624  15.188  -40.790  50.706 0.5555559993
115388  13.987  -40.627  49.652 0.5555559993
32615  9.854  -41.199  55.028 0.5555559993
32652  17.394  -41.510  50.349 0.6666669846
32653  16.770  -41.255  50.684 0.6666669846
33639  14.540  -40.699  48.962 0.5555559993
130609  13.720  -40.510  48.178 0.6666669846
32617  8.183  -41.651  55.443 0.5555559993
33654  14.231  -40.581  48.247 0.6666669846
32607  6.593  -42.299  55.794 0.5555559993
32608  5.735  -42.634  55.187 0.5555559993
31712  5.148  -42.863  55.308 0.6666669846
30894  3.340  -42.942  54.496 0.5555559993
130153  3.743  -43.835  55.045 0.4444440007
30908  2.660  -43.445  53.722 0.5555559993
30074  3.247  -43.698  54.479 0.4444440007
33586  15.260  -40.427  55.198 0.2222220004
33577  15.280  -41.022  55.459 0.3333329856
34593  14.590  -40.238  55.622 0.2222220004
32601  14.588  -41.140  55.820 0.2222220004
32602  13.664  -41.111  56.253 0.2222220004
33574  12.955  -40.849  56.341 0.4444440007
33582  10.844  -40.631  55.893 0.5555559993
34595  14.497  -39.965  54.819 0.4444440007
33580  12.656  -40.433  56.051 0.4444440007
33581  11.749  -40.488  55.966 0.4444440007
33589  10.593  -40.951  55.104 0.5555559993
33609  14.725  -40.322  53.161 0.5555559993
33610  13.751  -40.290  52.773 0.4444440007
112133  14.611  -40.646  51.215 0.5555559993
32631  8.659  -41.892  54.722 0.5555559993
32651  18.192  -41.874  50.474 0.6666669846
32669  16.836  -41.272  49.761 0.5555559993
33640  13.631  -40.570  48.765 0.5555559993
31721  7.925  -42.246  54.566 0.5555559993
32687  17.070  -41.327  48.973 0.5555559993
108605  15.973  -40.931  48.204 0.5555559993
32619  6.632  -42.222  55.380 0.5555559993
31723  6.035  -42.573  54.425 0.5555559993
127291  4.784  -42.882  55.113 0.5555559993
32621  4.419  -42.168  54.607 0.5555559993
31713  4.428  -42.877  54.999 0.6666669846
34596  13.862  -39.904  55.285 0.2222220004
114180  14.336  -40.650  56.037 0.2222220004
33599  14.159  -40.018  53.793 0.4444440007
126973  13.120  -39.951  54.944 0.4444440007
33588  11.430  -40.605  55.168 0.5555559993
110021  13.865  -40.556  51.156 0.4444440007
33620  13.359  -40.483  51.828 0.5555559993
108677  13.188  -40.139  53.470 0.4444440007
33600  12.709  -40.112  54.238 0.4444440007
31748  19.046  -42.379  51.152 0.5555559993
123248  18.818  -42.291  50.087 0.5555559993
33626  13.467  -40.598  50.369 0.4444440007
113474  13.092  -40.578  51.040 0.4444440007
109425  12.335  -40.488  53.345 0.4444440007
32668  17.588  -41.575  49.609 0.6666669846
127518  12.375  -40.757  51.508 0.4444440007
32640  9.722  -42.371  53.261 0.5555559993
31729  8.706  -42.612  53.691 0.5555559993
33652  16.669  -41.145  48.447 0.5555559993
33653  15.031  -40.754  48.252 0.6666669846
32630  9.422  -41.873  54.380 0.5555559993
126455  16.669  -41.104  47.857 0.6666669846
33668  15.398  -40.796  47.443 0.6666669846
109784  14.580  -40.634  47.583 0.6666669846
119387  13.082  -40.590  49.547 0.5555559993
33627  12.491  -40.757  50.353 0.5555559993
110020  13.861  -40.494  47.695 0.6666669846
33641  12.237  -40.795  49.371 0.6666669846
115387  12.725  -40.618  48.736 0.6666669846
30940  20.088  -43.321  50.606 0.4444440007
33587  12.368  -40.213  55.215 0.5555559993
33602  11.157  -41.027  54.179 0.5555559993
110826  19.452  -42.773  50.304 0.5555559993
32629  10.351  -41.588  54.015 0.4444440007
108422  11.918  -40.530  54.227 0.4444440007
118328  17.724  -41.571  48.863 0.7777780294
33611  12.793  -40.459  52.534 0.4444440007
33601  11.571  -40.918  53.313 0.4444440007
32686  17.332  -41.395  48.140 0.5555559993
33612  11.928  -40.840  52.457 0.4444440007
32628  10.979  -41.404  53.340 0.4444440007
32638  11.209  -41.398  52.558 0.4444440007
33667  16.247  -40.958  47.294 0.6666669846
32646  11.473  -41.312  51.691 0.5555559993
31722  7.010  -42.518  54.499 0.5555559993
110019  13.155  -40.506  47.976 0.6666669846
32639  10.529  -41.930  52.840 0.5555559993
32620  5.076  -42.059  54.242 0.5555559993
108833  14.833  -40.674  46.814 0.6666669846
109212  14.104  -40.544  47.000 0.6666669846
110264  12.233  -40.702  48.014 0.6666669846
30923  21.249  -44.269  50.246 0.4444440007
30924  20.499  -43.980  50.928 0.4444440007
31763  19.947  -43.111  49.462 0.5555559993
31764  19.163  -42.412  49.208 0.5555559993
128353  18.744  -42.006  48.746 0.6666669846
32685  18.245  -41.800  48.291 0.6666669846
32654  11.637  -41.193  50.773 0.5555559993
33691  14.868  -40.656  45.974 0.6666669846
33628  11.612  -41.102  49.848 0.5555559993
32647  10.742  -41.862  51.910 0.5555559993
110267  13.362  -40.485  47.127 0.6666669846
33669  12.536  -40.536  47.230 0.6666669846
124494  14.309  -40.606  46.366 0.6666669846
33692  13.640  -40.550  46.359 0.6666669846
30939  20.647  -43.633  49.871 0.5555559993
31776  19.857  -42.702  48.469 0.6666669846
32684  19.097  -42.181  48.129 0.6666669846
32704  17.902  -41.617  47.391 0.5555559993
124873  17.776  -41.461  46.684 0.5555559993
33666  17.112  -41.243  47.172 0.6666669846
116025  17.293  -41.227  46.227 0.6666669846
127246  16.585  -41.036  46.568 0.6666669846
33690  15.717  -40.826  46.463 0.6666669846
33689  16.557  -40.923  45.634 0.6666669846
33712  15.557  -40.718  45.428 0.6666669846
33642  11.504  -41.080  49.014 0.6666669846
33713  14.688  -40.659  45.071 0.6666669846
111127  14.061  -40.612  45.646 0.6666669846
33655  11.337  -40.948  48.167 0.6666669846
33693  12.855  -40.490  46.442 0.6666669846
33714  13.107  -40.495  45.528 0.5555559993
32718  18.501  -41.740  46.623 0.5555559993
33688  18.100  -41.413  45.967 0.6666669846
33711  17.605  -41.093  45.334 0.6666669846
110067  16.123  -40.673  44.823 0.6666669846
33732  15.350  -40.623  44.532 0.6666669846
122150  12.394  -40.421  45.866 0.6666669846
33744  16.069  -40.484  43.895 0.6666669846
33733  14.587  -40.583  44.293 0.5555559993
32701  20.257  -42.284  46.940 0.7777780294
125485  19.205  -41.814  46.167 0.5555559993
33687  18.899  -41.514  45.747 0.5555559993
33731  17.068  -40.631  44.551 0.6666669846
33735  12.805  -40.317  44.677 0.5555559993
121696  15.056  -40.468  43.697 0.4444440007
33734  13.718  -40.521  44.561 0.5555559993
32700  21.204  -42.279  46.915 0.7777780294
32716  20.804  -41.912  46.227 0.6666669846
32699  22.160  -42.219  46.894 0.7777780294
33686  19.660  -41.527  45.580 0.5555559993
33709  19.366  -41.190  45.009 0.6666669846
33730  19.015  -40.759  44.448 0.6666669846
122065  18.129  -40.762  44.541 0.5555559993
34655  17.019  -40.252  43.575 0.5555559993
34674  16.323  -40.235  43.119 0.6666669846
34676  14.621  -40.151  42.908 0.4444440007
34675  15.545  -40.257  43.023 0.4444440007
32715  21.700  -41.861  46.261 0.6666669846
33707  20.893  -41.109  45.060 0.6666669846
33685  20.453  -41.519  45.588 0.6666669846
33728  20.607  -40.660  44.508 0.7777780294
34654  17.899  -40.303  43.890 0.5555559993
34692  17.678  -39.494  42.357 0.4444440007
34694  15.164  -39.868  42.247 0.4444440007
32714  22.613  -41.805  46.352 0.6666669846
126843  21.563  -41.129  45.146 0.6666669846
34651  20.302  -40.249  43.914 0.7777780294
34652  19.419  -40.240  43.777 0.6666669846
34670  20.032  -39.830  43.260 0.6666669846
34691  18.590  -39.571  42.694 0.5555559993
34706  15.768  -39.545  41.642 0.3333329856
35630  18.438  -39.128  41.900 0.5555559993
122745  30.473  -41.442  48.889 0.5555559993
108134  30.496  -41.938  46.404 0.7777780294
32707  29.764  -41.632  47.830 0.8888890147
107086  30.812  -42.328  45.507 0.7777780294
107090  30.482  -42.488  45.568 0.8888890147
111153  29.797  -42.183  46.356 0.8888890147
31799  30.548  -42.531  45.072 0.8888890147
107091  29.797  -42.372  45.374 0.8888890147
32722  28.165  -41.521  45.598 0.7777780294
119118  28.131  -41.555  46.854 0.7777780294
111599  28.964  -41.862  44.912 0.7777780294
32724  26.509  -41.269  46.106 0.7777780294
33701  26.808  -40.919  45.326 0.7777780294
33679  25.858  -41.223  45.976 0.7777780294
33681  24.742  -41.291  46.026 0.7777780294
32698  23.119  -42.185  46.946 0.7777780294
33702  26.004  -40.800  45.396 0.7777780294
33680  25.458  -41.381  46.179 0.7777780294
33682  23.789  -41.256  45.840 0.7777780294
33704  24.325  -40.813  45.393 0.7777780294
117877  23.008  -41.442  45.929 0.6666669846
33706  22.192  -40.845  44.908 0.6666669846
33683  22.184  -41.399  45.632 0.6666669846
126612  21.385  -40.696  44.640 0.7777780294
122159  21.135  -40.234  44.073 0.7777780294
35613  20.496  -39.568  42.725 0.7777780294
35614  19.874  -39.557  42.664 0.7777780294
34671  19.338  -39.757  42.998 0.5555559993
33664  32.485  -40.115  48.662 0.5555559993
122432  32.236  -40.394  48.072 0.5555559993
122934  31.179  -41.243  48.530 0.6666669846
33700  32.053  -40.982  46.452 0.5555559993
107089  31.323  -41.575  46.345 0.6666669846
108282  31.951  -41.128  45.573 0.7777780294
108274  31.281  -41.749  45.321 0.8888890147
109590  30.923  -42.488  45.074 0.8888890147
33737  31.825  -40.648  44.145 0.8888890147
32736  31.114  -41.226  43.912 0.8888890147
32729  30.584  -41.986  44.414 0.8888890147
32738  28.981  -41.524  43.782 0.7777780294
33738  30.699  -40.675  43.116 0.8888890147
32737  30.051  -41.512  43.488 0.7777780294
33739  29.294  -41.031  42.931 0.7777780294
33721  28.130  -41.002  43.843 0.7777780294
32732  27.542  -41.158  45.183 0.7777780294
33749  29.542  -40.423  42.408 0.7777780294
33740  28.476  -40.863  43.146 0.6666669846
33722  27.350  -40.773  44.393 0.7777780294
35640  30.460  -38.571  41.638 0.7777780294
34684  29.827  -39.585  41.952 0.7777780294
33750  28.788  -40.536  42.470 0.7777780294
33723  26.371  -40.459  44.603 0.7777780294
33703  25.205  -40.860  45.530 0.7777780294
125455  23.608  -40.766  45.197 0.6666669846
120750  29.928  -38.206  41.110 0.7777780294
34685  29.101  -40.053  42.070 0.7777780294
34686  27.986  -40.344  42.656 0.6666669846
34664  27.156  -40.102  42.950 0.6666669846
33742  26.792  -40.286  43.758 0.6666669846
33725  24.681  -40.392  44.973 0.8888890147
33726  23.951  -40.347  44.791 0.7777780294
35641  29.558  -38.878  41.325 0.8888890147
34701  27.502  -39.803  42.106 0.7777780294
33743  25.960  -39.981  43.950 0.7777780294
116692  25.149  -39.748  43.851 0.7777780294
33727  23.005  -40.388  44.676 0.6666669846
38681  28.984  -35.684  39.782 0.7777780294
36548  29.138  -37.502  40.332 0.7777780294
35667  28.409  -38.286  40.362 0.7777780294
115882  28.161  -39.519  41.446 0.7777780294
35644  27.013  -39.093  40.980 0.7777780294
34687  26.709  -39.737  42.538 0.7777780294
34665  26.366  -39.854  43.213 0.7777780294
34650  22.693  -39.900  43.949 0.7777780294
126497  22.034  -40.294  44.308 0.7777780294
35643  27.867  -39.001  40.899 0.7777780294
35669  26.383  -38.699  40.499 0.6666669846
35612  21.259  -39.570  42.796 0.7777780294
124502  21.762  -39.833  43.546 0.7777780294
38682  28.512  -35.407  39.170 0.5555559993
36561  27.896  -37.202  39.343 0.5555559993
35685  26.919  -38.163  39.782 0.6666669846
34623  33.050  -39.325  48.644 0.4444440007
119688  33.000  -38.636  46.823 0.4444440007
34628  32.843  -39.580  47.704 0.5555559993
33677  32.494  -40.444  46.992 0.5555559993
34633  32.879  -39.634  46.364 0.5555559993
33699  32.572  -40.460  45.872 0.5555559993
34646  32.595  -39.633  44.491 0.7777780294
33720  32.377  -40.447  44.804 0.7777780294
113263  31.551  -40.348  43.467 0.7777780294
35623  31.236  -38.466  42.244 0.8888890147
34683  30.806  -39.333  42.219 0.8888890147
36539  30.402  -37.587  41.290 0.8888890147
114711  30.209  -36.728  41.083 0.8888890147
36540  29.806  -37.524  40.795 0.8888890147
38669  29.546  -35.214  39.880 0.7777780294
37565  29.655  -36.677  40.557 0.7777780294
35666  29.297  -38.282  40.745 0.7777780294
39656  29.537  -34.734  39.131 0.8888890147
39673  28.857  -34.814  38.963 0.7777780294
40635  29.701  -34.565  38.610 0.8888890147
40636  28.953  -34.624  38.583 0.8888890147
39674  28.563  -34.702  38.536 0.5555559993
39690  27.858  -34.803  38.041 0.5555559993
37594  27.252  -36.410  38.331 0.5555559993
36579  26.745  -37.150  38.510 0.5555559993
40656  29.361  -34.338  37.914 0.5555559993
40657  28.655  -34.285  37.783 0.5555559993
39702  27.673  -34.349  37.363 0.5555559993
40678  27.922  -34.067  37.009 0.4444440007
34617  33.315  -39.199  48.911 0.2222220004
35591  33.178  -38.485  47.928 0.4444440007
36490  33.096  -37.540  47.138 0.4444440007
38551  33.078  -36.091  45.959 0.5555559993
37507  32.724  -36.417  45.670 0.5555559993
37506  32.761  -36.919  46.301 0.4444440007
117651  32.709  -37.790  45.983 0.4444440007
128360  32.639  -38.295  45.331 0.5555559993
39556  33.151  -35.597  45.077 0.5555559993
36500  32.327  -36.963  45.453 0.5555559993
36511  31.935  -36.974  44.634 0.6666669846
35604  32.637  -38.728  44.661 0.6666669846
38573  32.776  -35.854  45.125 0.5555559993
37518  32.247  -36.343  44.813 0.6666669846
37528  31.689  -36.341  43.934 0.7777780294
35605  32.154  -37.795  44.208 0.6666669846
35611  32.245  -38.576  43.677 0.7777780294
34661  32.426  -39.280  43.963 0.7777780294
38618  31.600  -35.862  43.523 0.7777780294
125103  31.690  -37.100  43.947 0.7777780294
118720  31.828  -37.737  43.407 0.7777780294
36519  31.330  -36.866  43.318 0.8888890147
36527  31.431  -37.631  42.653 0.8888890147
34682  31.470  -39.154  42.583 0.8888890147
38619  31.423  -35.722  43.039 0.8888890147
37540  30.913  -36.126  42.170 0.8888890147
39617  31.279  -35.441  41.898 0.7777780294
37554  30.686  -36.764  41.707 0.8888890147
39618  30.792  -35.429  41.090 0.7777780294
116170  30.549  -36.101  41.444 0.7777780294
40599  30.873  -34.981  40.360 0.7777780294
130192  30.522  -35.718  41.104 0.8888890147
129012  30.652  -34.560  39.334 0.7777780294
39637  30.571  -35.148  40.382 0.8888890147
40633  30.745  -34.194  39.056 0.8888890147
40615  30.524  -34.814  39.611 0.8888890147
39655  29.928  -35.199  39.911 0.7777780294
112219  30.437  -33.970  38.730 0.8888890147
120130  30.147  -34.126  38.473 0.7777780294
40655  29.861  -34.209  38.084 0.8888890147
40654  30.057  -33.822  37.858 0.6666669846
41475  29.543  -34.139  37.363 0.7777780294
40677  30.311  -33.629  37.380 0.4444440007
41474  29.817  -33.979  37.567 0.6666669846
130999  29.126  -34.104  36.882 0.5555559993
41508  30.018  -33.384  36.678 0.3333329856
41489  29.880  -33.686  37.112 0.5555559993
41490  29.714  -33.557  36.781 0.4444440007
41491  29.048  -33.517  36.038 0.4444440007
41493  27.810  -33.430  36.011 0.4444440007
34616  33.707  -39.104  49.284 0.2222220004
35586  33.487  -38.253  48.695 0.3333329856
36451  34.306  -37.725  49.420 0.3333329856
119469  33.336  -37.683  48.037 0.4444440007
37438  33.649  -36.491  48.117 0.3333329856
111310  33.646  -35.451  46.491 0.6666669846
38550  33.373  -35.857  46.729 0.4444440007
37481  33.078  -36.404  46.483 0.4444440007
39576  32.781  -35.522  44.486 0.6666669846
38598  32.166  -35.785  44.151 0.7777780294
39596  31.846  -35.532  43.323 0.7777780294
40585  32.164  -35.086  42.395 0.7777780294
111967  31.889  -34.824  41.494 0.7777780294
39616  31.784  -35.321  42.555 0.8888890147
117280  32.234  -34.686  41.618 0.7777780294
40586  31.585  -35.125  41.720 0.7777780294
110219  31.859  -34.513  40.860 0.8888890147
109164  31.426  -34.741  40.661 0.7777780294
40631  32.026  -33.995  39.001 0.8888890147
40632  31.089  -34.088  39.365 0.7777780294
129485  32.429  -34.025  38.383 0.8888890147
126653  31.157  -33.875  38.719 0.8888890147
123464  32.732  -34.068  37.824 0.8888890147
40653  30.737  -33.787  38.086 0.7777780294
40675  32.227  -33.845  37.148 0.8888890147
41507  30.795  -33.202  36.006 0.4444440007
40694  30.765  -33.490  36.776 0.5555559993
37421  34.392  -36.545  49.125 0.2222220004
38525  34.180  -35.647  48.601 0.5555559993
37437  34.093  -36.234  48.699 0.3333329856
37422  34.037  -36.907  48.825 0.3333329856
38538  33.888  -35.479  47.962 0.4444440007
119825  33.735  -35.374  45.448 0.7777780294
39555  33.564  -35.487  45.627 0.6666669846
127924  34.754  -35.350  44.307 0.6666669846
120740  33.357  -35.143  44.098 0.7777780294
39613  34.910  -35.521  43.397 0.8888890147
39594  33.976  -35.202  43.879 0.7777780294
126579  33.049  -35.022  43.524 0.7777780294
40555  32.825  -35.302  43.932 0.8888890147
129634  35.472  -35.666  42.629 0.8888890147
39614  33.968  -35.228  42.963 0.8888890147
39615  33.208  -34.954  42.536 0.7777780294
40568  32.786  -35.113  43.158 0.8888890147
38655  34.683  -35.613  41.552 0.8888890147
39633  33.960  -35.243  42.024 0.8888890147
39634  33.190  -34.920  41.599 0.8888890147
40584  32.455  -34.920  42.239 0.7777780294
39652  34.026  -35.299  41.100 0.8888890147
40583  32.602  -34.781  42.061 0.7777780294
39635  32.494  -34.589  41.242 0.8888890147
39671  33.796  -34.873  39.331 0.8888890147
39672  32.741  -34.390  39.645 0.8888890147
39689  33.047  -34.324  38.614 0.8888890147
39688  33.873  -34.715  38.405 0.8888890147
40674  33.198  -34.050  36.998 0.8888890147
40693  32.686  -33.796  36.255 0.5555559993
37420  34.798  -36.504  49.481 0.2222220004
40519  35.507  -34.160  48.038 0.3333329856
38508  35.686  -35.361  49.680 0.4444440007
39522  34.262  -35.160  48.365 0.5555559993
40510  35.108  -34.412  48.398 0.4444440007
39554  33.840  -35.235  46.280 0.6666669846
40542  35.370  -34.518  46.389 0.6666669846
39553  34.081  -35.069  45.926 0.7777780294
39552  34.816  -34.912  45.823 0.6666669846
39573  34.141  -35.259  44.917 0.6666669846
38654  35.473  -35.773  41.777 0.8888890147
38653  36.383  -35.764  41.470 0.8888890147
126393  35.148  -35.798  41.240 0.8888890147
38667  34.811  -35.717  40.816 0.8888890147
38679  36.031  -35.930  39.947 0.8888890147
38680  35.163  -35.814  40.083 0.8888890147
39653  33.256  -34.817  40.503 0.8888890147
39686  35.401  -35.494  38.758 0.8888890147
39669  34.762  -35.476  39.382 0.8888890147
111163  35.252  -35.056  38.001 0.8888890147
39687  34.568  -35.083  38.607 0.8888890147
39699  35.844  -34.910  37.396 0.8888890147
110441  34.409  -34.780  37.784 0.7777780294
116432  36.079  -34.317  36.291 0.7777780294
39712  35.604  -34.608  36.678 0.7777780294
40673  34.187  -34.404  36.875 0.7777780294
39506  36.072  -34.538  49.621 0.3333329856
40508  36.606  -33.609  48.904 0.3333329856
109330  36.120  -34.201  46.447 0.5555559993
39551  35.736  -34.655  45.706 0.7777780294
39593  35.658  -35.298  44.111 0.8888890147
38636  36.214  -35.656  42.339 0.8888890147
38652  37.209  -35.570  41.219 0.8888890147
38635  37.025  -35.471  42.010 0.8888890147
38665  36.628  -35.799  40.614 0.8888890147
38664  37.389  -35.564  40.525 0.8888890147
38678  37.003  -35.665  39.723 0.8888890147
39683  37.751  -35.074  39.073 0.8888890147
39668  36.901  -35.454  38.838 0.8888890147
38691  36.192  -35.714  39.128 0.8888890147
40650  38.531  -34.614  38.859 0.8888890147
39684  37.179  -34.950  38.228 0.8888890147
39685  36.215  -35.291  38.226 0.8888890147
40671  37.459  -34.468  37.523 0.8888890147
39698  36.671  -34.806  37.526 0.8888890147
40672  36.951  -34.393  37.015 0.8888890147
39505  36.850  -34.366  49.655 0.3333329856
40518  36.167  -33.768  48.086 0.3333329856
40541  36.609  -34.244  45.686 0.7777780294
40552  37.827  -33.954  44.795 0.7777780294
39570  37.240  -34.499  44.277 0.8888890147
110875  38.174  -34.910  41.748 1.0000000000
39611  37.720  -34.962  42.444 1.0000000000
39612  36.861  -35.288  42.874 0.8888890147
114018  37.640  -35.253  41.681 0.8888890147
39631  38.928  -34.680  41.386 1.0000000000
39632  38.028  -35.235  41.010 0.8888890147
39651  37.932  -35.266  40.067 0.8888890147
40630  39.146  -34.388  39.225 1.0000000000
40651  38.042  -34.534  38.227 0.8888890147
116996  38.998  -33.951  38.282 0.8888890147
110606  38.217  -33.977  37.505 0.8888890147
113060  37.562  -33.919  36.776 0.8888890147
40517  36.969  -33.342  48.053 0.3333329856
40540  37.477  -33.762  45.824 0.5555559993
40527  37.396  -33.305  47.010 0.3333329856
40566  38.018  -34.204  43.900 0.7777780294
40553  37.087  -34.196  45.035 0.7777780294
39610  38.596  -34.564  42.312 0.7777780294
39590  38.255  -34.459  43.107 0.7777780294
39609  39.447  -34.205  42.215 1.0000000000
39630  39.888  -34.190  41.389 1.0000000000
39666  39.181  -34.618  39.919 1.0000000000
39667  38.562  -34.846  39.597 1.0000000000
114726  39.649  -33.896  38.979 1.0000000000
40670  38.914  -33.485  37.318 1.0000000000
40687  38.765  -33.055  36.571 1.0000000000
113978  38.325  -33.582  36.848 0.8888890147
126180  40.024  -32.510  37.306 1.0000000000
41386  38.263  -32.928  47.150 0.3333329856
41379  37.830  -33.037  47.985 0.3333329856
40565  38.664  -34.064  43.612 0.6666669846
40551  38.738  -33.772  44.433 0.7777780294
40581  40.399  -33.752  42.228 0.8888890147
128011  39.812  -33.837  43.000 0.6666669846
40597  40.689  -33.738  41.282 1.0000000000
40611  40.235  -33.991  40.586 1.0000000000
40629  39.812  -34.136  39.776 1.0000000000
110359  40.516  -33.735  39.932 1.0000000000
40628  40.302  -33.574  39.245 1.0000000000
40649  39.938  -33.347  38.411 1.0000000000
41472  40.408  -32.757  38.167 1.0000000000
41487  40.419  -32.352  37.630 1.0000000000
42332  40.143  -31.987  36.835 1.0000000000
41370  38.294  -33.272  48.627 0.3333329856
41378  38.698  -32.993  47.875 0.3333329856
40538  39.177  -33.308  45.073 0.5555559993
40539  38.465  -33.405  45.513 0.4444440007
40549  40.116  -33.468  43.757 0.6666669846
40550  39.600  -33.417  44.451 0.6666669846
40563  40.511  -33.509  43.097 0.6666669846
40610  40.949  -33.530  40.498 1.0000000000
41457  41.052  -33.150  39.652 1.0000000000
41456  41.234  -32.552  39.070 1.0000000000
41471  40.972  -32.231  38.329 1.0000000000
42331  40.862  -31.664  37.548 1.0000000000
108710  40.762  -31.091  36.865 1.0000000000
42343  40.266  -31.231  36.306 1.0000000000
41368  40.135  -33.348  47.944 0.3333329856
41377  39.638  -33.006  47.517 0.3333329856
109370  40.068  -32.841  46.120 0.4444440007
113805  38.963  -32.819  47.184 0.3333329856
41402  40.396  -33.056  44.568 0.5555559993
41403  39.841  -33.023  45.235 0.5555559993
41394  39.277  -32.979  45.821 0.3333329856
41410  41.013  -33.051  43.741 0.6666669846
41416  41.906  -33.000  42.277 0.8888890147
41417  41.161  -33.274  42.728 0.7777780294
40596  41.318  -33.364  41.099 0.8888890147
40609  41.695  -32.951  40.482 0.8888890147
42294  41.760  -32.470  39.641 1.0000000000
42306  41.680  -31.921  38.932 1.0000000000
42317  41.491  -31.413  38.187 1.0000000000
42330  41.334  -30.874  37.503 1.0000000000
43203  40.632  -30.542  36.204 1.0000000000
43190  41.250  -30.171  36.859 1.0000000000
44097  40.954  -29.703  36.066 1.0000000000
41376  40.679  -32.959  47.386 0.4444440007
112156  40.791  -32.635  46.353 0.4444440007
41383  41.329  -32.447  46.925 0.2222220004
41392  41.472  -32.318  45.879 0.3333329856
41393  40.642  -32.793  45.513 0.4444440007
108360  41.213  -32.686  44.803 0.4444440007
41409  41.872  -32.849  43.185 0.6666669846
41428  42.553  -32.623  41.807 0.8888890147
41441  42.413  -32.516  40.953 0.8888890147
131321  42.247  -32.325  40.227 0.8888890147
42305  42.412  -31.677  39.620 0.8888890147
125731  41.728  -30.234  37.509 1.0000000000
44084  41.903  -29.565  37.237 1.0000000000
44096  41.568  -29.245  36.529 1.0000000000
44107  40.725  -29.295  35.385 0.8888890147
130822  43.053  -31.880  43.756 0.5555559993
41401  41.872  -32.553  44.124 0.6666669846
41415  42.579  -32.575  42.679 0.7777780294
41408  42.547  -32.348  43.542 0.6666669846
42280  43.056  -32.059  41.358 0.8888890147
43150  43.185  -31.110  40.102 0.8888890147
43164  42.866  -30.751  39.282 0.8888890147
43165  42.136  -31.108  38.783 0.8888890147
43178  41.912  -30.640  38.069 0.8888890147
45120  41.829  -28.326  36.245 1.0000000000
45133  41.422  -28.235  35.627 0.8888890147
46145  41.212  -27.771  35.173 0.8888890147
46157  40.536  -27.230  34.206 1.0000000000
42257  43.532  -31.511  43.450 0.6666669846
42279  43.687  -31.583  41.767 0.8888890147
42292  43.522  -31.410  40.920 0.8888890147
43177  42.566  -30.320  38.533 0.8888890147
44072  42.240  -29.889  37.890 0.8888890147
44083  42.570  -29.132  37.602 1.0000000000
46132  42.236  -27.480  36.320 1.0000000000
46133  41.712  -27.569  35.733 1.0000000000
47155  40.831  -26.583  34.599 1.0000000000
47167  40.432  -26.495  34.080 0.8888890147
115684  43.951  -30.961  43.068 0.7777780294
43136  44.051  -30.856  41.381 0.8888890147
43163  43.587  -30.303  39.750 0.8888890147
44060  43.265  -29.935  38.981 0.8888890147
45105  42.861  -28.240  37.336 0.8888890147
45119  42.381  -28.057  36.740 1.0000000000
116773  42.199  -26.063  36.322 1.0000000000
121048  41.391  -26.794  35.240 1.0000000000
48146  40.989  -25.863  35.066 1.0000000000
48155  40.071  -25.942  33.705 1.0000000000
119978  38.711  -24.754  32.009 0.7777780294
43148  44.390  -30.115  41.019 0.7777780294
44059  43.951  -29.477  39.453 0.8888890147
44070  43.605  -29.128  38.706 0.8888890147
45093  43.234  -28.723  38.031 0.8888890147
45104  43.468  -28.027  37.838 0.8888890147
46118  42.768  -27.443  36.897 1.0000000000
47145  42.557  -26.696  36.543 1.0000000000
49987  40.546  -23.740  35.130 1.0000000000
119269  41.032  -25.158  35.471 1.0000000000
49093  40.219  -24.336  34.771 1.0000000000
49086  40.770  -24.441  35.384 1.0000000000
119507  40.570  -25.087  34.888 1.0000000000
49993  40.071  -23.677  34.528 1.0000000000
48154  40.525  -25.811  34.378 1.0000000000
50924  39.802  -23.178  33.469 1.0000000000
49094  39.795  -24.168  34.226 1.0000000000
118818  39.970  -24.961  34.143 1.0000000000
50008  39.454  -23.213  32.770 1.0000000000
50001  39.327  -23.660  33.227 1.0000000000
49102  39.411  -24.272  33.538 1.0000000000
124054  39.025  -24.007  32.924 0.8888890147
48162  39.557  -25.229  33.248 1.0000000000
50933  39.760  -22.809  32.188 0.7777780294
50934  39.167  -23.314  32.008 0.7777780294
48163  39.071  -24.551  32.764 0.8888890147
45070  44.805  -28.766  41.028 0.8888890147
44058  44.649  -28.819  39.992 0.8888890147
45082  44.165  -28.759  39.155 0.8888890147
45092  43.941  -28.229  38.489 0.8888890147
46107  43.843  -27.424  38.032 0.8888890147
47135  43.122  -26.690  37.155 0.8888890147
49085  41.369  -24.649  36.090 1.0000000000
49986  41.032  -23.783  35.792 1.0000000000
50913  40.090  -23.225  34.090 1.0000000000
50923  40.557  -22.686  33.701 1.0000000000
50912  40.622  -23.046  34.639 1.0000000000
112857  40.097  -22.741  32.904 1.0000000000
51808  40.833  -22.256  32.865 1.0000000000
129772  40.373  -22.450  32.333 0.7777780294
46097  44.836  -27.260  39.424 0.7777780294
47127  44.681  -26.502  38.949 0.7777780294
45091  44.532  -28.066  39.244 0.7777780294
47128  44.113  -26.606  38.218 0.7777780294
46106  44.422  -27.355  38.673 0.8888890147
48123  43.539  -25.929  37.679 0.8888890147
48124  42.966  -25.052  37.485 1.0000000000
49076  41.957  -24.464  36.798 1.0000000000
48136  42.015  -25.299  36.513 1.0000000000
50911  41.480  -22.613  35.010 1.0000000000
50903  42.122  -22.471  35.726 1.0000000000
51782  42.345  -21.897  34.896 1.0000000000
50904  41.493  -23.102  35.815 1.0000000000
51781  43.218  -21.410  35.091 1.0000000000
50905  40.986  -23.245  35.318 1.0000000000
51796  42.218  -21.689  33.967 1.0000000000
51797  41.712  -22.111  34.352 1.0000000000
50922  41.150  -22.478  34.264 1.0000000000
51806  42.070  -21.563  33.274 1.0000000000
51807  41.425  -22.009  33.587 1.0000000000
51822  41.643  -21.703  32.600 1.0000000000
51823  40.975  -22.121  32.023 1.0000000000
51837  40.943  -22.059  31.134 0.7777780294
47122  44.990  -26.478  39.797 0.7777780294
48114  44.779  -25.705  39.423 0.7777780294
48115  44.256  -25.612  38.554 0.7777780294
49064  43.588  -24.944  38.086 0.8888890147
49066  42.491  -24.352  37.329 1.0000000000
51761  43.447  -21.760  36.526 0.8888890147
50890  42.658  -22.499  36.501 1.0000000000
50891  41.993  -22.963  36.314 1.0000000000
49971  42.148  -23.841  37.053 1.0000000000
51762  42.861  -21.875  35.762 1.0000000000
49979  41.683  -23.698  36.448 1.0000000000
51795  42.952  -21.348  34.286 1.0000000000
52728  42.791  -21.243  33.410 1.0000000000
51821  42.345  -21.336  32.785 1.0000000000
51836  41.652  -21.629  31.565 1.0000000000
51835  42.336  -21.274  32.053 1.0000000000
51850  42.469  -21.203  31.004 1.0000000000
51851  41.656  -21.655  30.549 1.0000000000
110546  45.041  -25.765  40.185 0.5555559993
48101  45.210  -25.417  40.935 0.4444440007
48107  44.836  -24.837  40.112 0.5555559993
49055  44.023  -24.618  38.730 0.7777780294
49056  43.552  -24.207  38.352 1.0000000000
51728  43.942  -22.170  38.244 0.8888890147
49959  43.320  -23.555  38.182 1.0000000000
49065  43.029  -24.269  37.881 1.0000000000
51740  43.712  -21.938  37.423 0.8888890147
50870  42.776  -22.854  37.181 0.8888890147
49970  42.699  -23.534  37.517 1.0000000000
51739  44.225  -21.275  36.987 0.8888890147
52670  44.069  -21.073  36.149 0.8888890147
52692  44.629  -20.602  35.694 0.8888890147
112678  43.499  -21.410  35.770 1.0000000000
52693  43.915  -20.965  35.340 1.0000000000
114215  44.423  -20.544  34.823 1.0000000000
120306  43.430  -20.947  33.841 1.0000000000
52741  42.953  -21.043  32.581 1.0000000000
50985  39.301  -22.517  26.825 0.5555559993
125560  38.215  -21.899  25.553 0.3333329856
48093  45.647  -25.065  41.810 0.5555559993
116823  45.199  -24.652  41.043 0.5555559993
49049  44.379  -24.250  39.403 0.6666669846
50854  43.730  -22.916  38.577 0.6666669846
49946  43.878  -23.694  38.873 0.5555559993
50853  44.265  -22.419  39.007 0.6666669846
49969  43.271  -22.735  37.782 0.8888890147
113543  44.403  -21.468  37.846 0.7777780294
52632  45.114  -21.035  38.295 0.7777780294
52648  44.973  -20.845  37.439 0.7777780294
52668  45.730  -20.353  37.031 0.7777780294
52691  45.436  -20.367  36.089 0.7777780294
53625  46.263  -20.197  36.425 0.7777780294
53646  45.226  -20.337  35.212 0.8888890147
52711  44.136  -20.493  33.867 1.0000000000
53669  44.996  -20.310  34.328 1.0000000000
52740  43.660  -20.732  32.330 1.0000000000
52755  43.060  -20.944  31.748 1.0000000000
52767  43.094  -20.930  30.208 1.0000000000
51866  42.399  -21.321  29.887 1.0000000000
51879  41.758  -21.678  28.442 0.7777780294
51892  42.327  -21.261  28.047 0.7777780294
51880  41.066  -21.990  28.085 0.5555559993
126008  40.321  -22.153  27.072 0.5555559993
51893  41.726  -21.431  27.526 0.5555559993
51894  40.904  -21.833  27.270 0.5555559993
51915  40.467  -21.640  26.675 0.5555559993
50984  39.851  -22.135  26.637 0.4444440007
51940  38.441  -21.206  25.526 0.3333329856
119459  37.140  -20.730  25.106 0.1111110002
52858  35.587  -20.190  25.134 0.1111110002
120191  34.756  -20.042  25.299 0.1111110002
53783  33.347  -19.757  25.997 0.1111110002
53799  34.048  -19.681  25.589 0.1111110002
125519  33.287  -19.205  26.450 0.1111110002
49048  44.677  -23.962  40.011 0.5555559993
49025  45.615  -24.047  41.535 0.5555559993
49935  44.846  -23.328  40.275 0.5555559993
50806  45.752  -22.578  41.253 0.5555559993
50835  44.101  -23.015  39.190 0.5555559993
50818  45.223  -22.633  40.533 0.5555559993
51727  44.632  -21.704  38.667 0.7777780294
52647  45.694  -20.495  37.943 0.5555559993
53600  46.280  -20.221  38.421 0.4444440007
53598  47.584  -19.556  38.516 0.4444440007
53608  47.108  -19.776  37.603 0.5555559993
53606  48.727  -19.670  37.917 0.3333329856
53607  47.906  -19.599  37.810 0.5555559993
124744  47.581  -19.766  37.117 0.4444440007
123516  46.699  -20.138  36.002 0.6666669846
53668  45.952  -20.258  34.662 0.7777780294
117096  46.731  -20.160  35.299 0.6666669846
53667  46.785  -20.132  34.495 0.6666669846
53691  44.919  -20.336  33.455 0.8888890147
52726  44.249  -20.482  32.929 1.0000000000
52739  44.450  -20.547  32.022 1.0000000000
52754  43.805  -20.709  31.463 1.0000000000
52766  43.901  -20.629  30.470 1.0000000000
115175  43.634  -20.652  29.648 1.0000000000
52798  43.596  -19.960  28.203 1.0000000000
52783  43.039  -20.894  29.271 1.0000000000
51878  42.409  -21.323  28.854 0.8888890147
52782  43.701  -20.395  28.891 1.0000000000
52799  42.964  -20.709  28.277 0.8888890147
53767  43.274  -19.245  27.803 1.0000000000
110061  42.297  -20.114  27.228 0.7777780294
52823  42.412  -20.798  27.559 0.6666669846
53768  42.420  -19.139  27.406 0.6666669846
53769  41.588  -19.585  26.989 0.6666669846
52846  40.539  -20.822  26.442 0.5555559993
51939  39.166  -20.858  25.838 0.4444440007
51916  39.741  -21.431  26.203 0.3333329856
53770  40.825  -18.854  26.981 0.6666669846
53780  40.526  -19.724  26.557 0.3333329856
52848  39.269  -19.957  26.131 0.3333329856
52857  37.722  -20.108  25.468 0.3333329856
53797  36.498  -19.827  25.203 0.1111110002
53781  39.834  -19.157  26.515 0.3333329856
53782  38.977  -19.142  26.265 0.3333329856
53795  38.151  -19.325  25.827 0.3333329856
128366  37.192  -20.044  25.297 0.2222220004
126542  46.160  -23.719  42.209 0.4444440007
49905  46.896  -23.048  43.109 0.2222220004
49906  46.431  -23.083  42.474 0.4444440007
49921  45.906  -23.197  41.735 0.5555559993
49922  45.343  -23.296  41.017 0.5555559993
50780  47.444  -22.627  43.426 0.3333329856
50793  46.914  -22.362  42.666 0.5555559993
50817  45.776  -21.855  40.766 0.5555559993
51706  45.517  -21.438  39.981 0.4444440007
52616  45.955  -20.714  39.671 0.5555559993
53599  46.856  -19.827  38.453 0.4444440007
108733  48.048  -19.360  39.318 0.4444440007
128272  49.843  -19.689  39.294 0.1111110002
52629  51.391  -20.291  39.126 0.1111110002
120964  49.104  -19.856  37.095 0.1111110002
115417  48.245  -19.748  37.112 0.2222220004
53623  47.770  -19.870  36.451 0.4444440007
53622  48.567  -19.882  36.340 0.2222220004
53644  47.312  -20.034  35.851 0.4444440007
53643  48.092  -19.899  35.631 0.4444440007
53666  47.539  -19.979  34.874 0.5555559993
115660  45.571  -20.275  33.850 0.8888890147
109644  47.313  -19.961  33.888 0.7777780294
53690  45.679  -20.283  33.099 0.8888890147
53702  47.003  -19.849  32.062 0.8888890147
53703  46.229  -20.050  31.826 1.0000000000
53704  45.062  -20.395  32.595 1.0000000000
52738  45.372  -20.344  31.652 1.0000000000
52753  44.591  -20.510  31.092 1.0000000000
53714  46.036  -19.918  31.007 1.0000000000
52752  45.319  -20.164  30.664 1.0000000000
53736  45.707  -19.342  29.604 1.0000000000
53723  45.853  -19.673  30.241 1.0000000000
126430  44.697  -20.341  30.292 1.0000000000
53751  45.086  -19.396  29.148 1.0000000000
111243  44.362  -20.255  29.550 1.0000000000
120263  44.066  -18.474  28.412 1.0000000000
54699  44.773  -18.915  28.589 1.0000000000
53752  44.355  -19.706  28.780 1.0000000000
54700  43.405  -18.394  28.183 1.0000000000
53753  44.001  -19.172  28.219 1.0000000000
54701  42.798  -17.733  28.314 0.8888890147
54714  42.199  -18.119  27.824 0.6666669846
111275  41.537  -18.437  27.314 0.6666669846
54715  41.001  -18.067  27.161 0.5555559993
129906  40.369  -18.935  26.745 0.4444440007
117226  41.080  -17.779  26.862 0.4444440007
50794  46.279  -22.482  41.946 0.5555559993
129673  47.380  -22.098  42.989 0.3333329856
51678  46.678  -21.759  41.994 0.5555559993
51693  46.441  -21.342  41.379 0.5555559993
52599  46.243  -20.870  40.632 0.4444440007
53578  47.100  -19.722  40.075 0.4444440007
127166  48.440  -19.306  39.930 0.3333329856
53587  48.780  -19.361  39.504 0.3333329856
127248  50.440  -19.801  40.272 0.1111110002
52646  50.716  -20.184  38.074 0.1111110002
53605  49.653  -19.875  37.964 0.1111110002
130251  53.285  -21.053  38.676 0.1111110002
53621  49.460  -20.007  36.230 0.2222220004
126693  48.021  -19.772  34.065 0.5555559993
53688  47.962  -19.722  33.244 0.6666669846
53689  47.154  -19.932  32.963 0.7777780294
53701  47.783  -19.612  32.343 0.7777780294
54669  48.313  -18.292  30.870 0.7777780294
54661  47.970  -18.893  31.083 0.7777780294
53711  48.272  -19.134  31.804 0.7777780294
53713  46.796  -19.699  31.237 0.8888890147
55604  48.529  -18.033  30.785 0.8888890147
54670  47.625  -18.626  30.487 0.7777780294
53721  47.268  -19.252  30.735 0.8888890147
56486  48.547  -17.141  30.706 0.8888890147
55605  48.001  -17.873  30.336 0.8888890147
54671  46.880  -18.967  30.011 1.0000000000
53735  46.259  -19.279  29.956 1.0000000000
55617  47.239  -18.194  29.968 0.8888890147
55631  46.506  -18.454  29.602 1.0000000000
54684  46.164  -18.905  29.531 1.0000000000
54685  45.518  -18.884  29.076 1.0000000000
54686  45.141  -18.407  28.858 1.0000000000
55648  44.428  -18.093  28.698 1.0000000000
55649  43.505  -17.641  28.689 1.0000000000
55668  41.723  -17.754  27.399 0.6666669846
51677  47.326  -21.522  42.591 0.3333329856
51692  46.966  -20.951  41.942 0.4444440007
52583  47.291  -20.259  41.715 0.3333329856
52584  46.780  -20.659  41.358 0.4444440007
53576  48.440  -19.340  40.551 0.3333329856
53586  49.651  -19.516  39.828 0.3333329856
52645  51.970  -20.485  38.155 0.1111110002
127098  50.178  -20.137  37.037 0.1111110002
52689  53.721  -20.631  36.523 0.1111110002
52690  52.535  -20.433  36.378 0.1111110002
52666  52.269  -20.518  37.276 0.1111110002
53664  49.368  -19.643  34.616 0.5555559993
53699  49.281  -19.206  33.140 0.6666669846
129325  49.057  -19.571  34.173 0.6666669846
55602  49.876  -17.611  31.585 0.6666669846
54659  49.543  -18.294  31.831 0.7777780294
54651  49.448  -18.854  32.492 0.7777780294
54652  48.911  -18.793  32.027 0.7777780294
53700  48.647  -19.289  32.656 0.6666669846
55603  49.113  -17.831  31.205 0.7777780294
54660  48.668  -18.525  31.446 0.7777780294
56487  48.007  -17.327  30.259 0.8888890147
55606  47.246  -17.873  30.029 1.0000000000
55618  46.260  -18.204  29.348 1.0000000000
56498  46.267  -17.701  29.283 1.0000000000
55633  45.090  -18.255  28.920 1.0000000000
56499  45.329  -17.655  28.891 1.0000000000
56510  44.738  -17.560  28.846 1.0000000000
55634  44.100  -17.426  28.891 1.0000000000
55635  43.558  -17.424  28.733 1.0000000000
55651  42.424  -17.517  28.020 0.7777780294
56512  43.430  -17.425  28.576 1.0000000000
55650  43.063  -17.409  28.515 1.0000000000
56522  42.772  -17.155  28.059 0.7777780294
56523  42.244  -17.413  27.521 0.6666669846
52569  47.617  -20.636  42.305 0.3333329856
52582  47.998  -19.937  42.001 0.3333329856
53577  47.697  -19.534  40.753 0.4444440007
53563  48.481  -19.527  41.373 0.3333329856
121576  49.111  -19.361  40.932 0.2222220004
53661  53.171  -19.711  34.658 0.1111110002
53662  52.100  -19.692  34.551 0.1111110002
53638  54.089  -20.237  35.713 0.1111110002
53639  52.889  -20.165  35.490 0.1111110002
53640  51.716  -20.047  35.452 0.1111110002
52667  51.226  -20.303  36.432 0.1111110002
53663  50.942  -19.664  34.610 0.3333329856
53620  50.271  -20.139  36.104 0.1111110002
54637  50.968  -18.901  32.913 0.5555559993
53685  50.511  -19.317  33.708 0.5555559993
114867  50.077  -19.537  34.379 0.3333329856
113336  51.651  -15.132  34.953 0.3333329856
57294  50.500  -14.985  34.632 0.3333329856
56459  50.774  -16.067  33.124 0.5555559993
56471  51.174  -16.696  32.472 0.5555559993
55601  50.486  -17.041  31.882 0.5555559993
54658  50.466  -17.884  31.938 0.6666669846
54649  50.959  -18.303  32.319 0.5555559993
54650  50.247  -18.544  32.397 0.5555559993
54638  50.000  -19.010  33.077 0.5555559993
53686  49.576  -19.397  33.806 0.5555559993
58182  51.082  -14.316  35.259 0.2222220004
57307  49.764  -15.880  33.139 0.5555559993
56472  50.456  -16.414  32.437 0.5555559993
120704  49.928  -13.939  34.740 0.4444440007
57296  48.784  -15.037  33.724 0.5555559993
57320  49.266  -15.967  32.356 0.6666669846
56484  49.670  -17.046  31.450 0.7777780294
59124  48.751  -14.339  33.524 0.5555559993
58194  48.574  -14.774  33.454 0.5555559993
57309  48.614  -15.307  32.983 0.6666669846
130795  49.554  -16.657  31.674 0.6666669846
58195  48.472  -15.082  32.809 0.6666669846
57310  49.070  -15.606  31.679 0.7777780294
57322  48.914  -16.177  31.069 0.8888890147
56476  48.393  -16.758  30.314 0.8888890147
57330  47.121  -17.451  29.690 1.0000000000
109322  47.160  -17.530  29.852 0.8888890147
56488  46.185  -17.470  29.071 1.0000000000
57338  45.354  -17.034  28.762 1.0000000000
56500  44.694  -17.512  28.731 1.0000000000
56511  44.065  -17.336  28.859 1.0000000000
57347  44.381  -17.019  28.774 1.0000000000
57361  43.449  -16.850  28.200 1.0000000000
56535  41.777  -17.496  26.971 0.4444440007
57375  43.093  -16.887  27.612 0.6666669846
56534  42.476  -17.158  27.129 0.5555559993
56549  41.777  -17.461  26.474 0.4444440007
56536  41.363  -17.608  26.481 0.3333329856
119742  53.009  -18.676  33.198 0.2222220004
53683  52.501  -19.308  33.758 0.2222220004
53684  51.496  -19.334  33.693 0.2222220004
129040  50.802  -20.007  35.522 0.1111110002
56457  52.462  -16.645  33.247 0.2222220004
55595  52.375  -17.336  32.819 0.4444440007
54648  52.243  -18.139  32.686 0.4444440007
54636  51.961  -18.903  33.029 0.3333329856
57305  52.195  -15.953  34.100 0.3333329856
56458  51.664  -16.310  33.145 0.3333329856
56470  51.881  -16.869  32.659 0.4444440007
55596  51.442  -17.530  32.300 0.5555559993
59112  51.448  -13.428  35.392 0.2222220004
59972  52.044  -12.676  35.425 0.2222220004
117989  50.652  -13.647  35.064 0.4444440007
59989  51.704  -12.224  34.842 0.3333329856
59123  50.218  -13.555  34.661 0.4444440007
110551  49.277  -13.998  34.115 0.4444440007
59136  48.578  -14.571  33.134 0.5555559993
59134  49.790  -13.485  33.824 0.4444440007
122453  48.641  -14.259  33.141 0.6666669846
58205  48.627  -14.899  32.233 0.7777780294
58206  48.829  -15.854  30.617 0.8888890147
57324  48.079  -17.104  29.786 0.8888890147
58215  47.118  -17.008  29.016 1.0000000000
120854  46.734  -16.748  28.725 1.0000000000
58231  46.464  -17.098  28.900 1.0000000000
58216  46.067  -16.960  29.124 1.0000000000
112363  47.253  -15.898  27.634 1.0000000000
58265  46.898  -16.033  28.072 1.0000000000
58248  46.732  -16.454  28.538 1.0000000000
58249  45.992  -16.740  28.620 1.0000000000
58250  45.067  -16.789  28.670 1.0000000000
58288  47.215  -15.898  27.258 0.8888890147
58278  46.406  -16.140  27.597 1.0000000000
57359  45.337  -16.352  27.749 1.0000000000
57360  44.346  -16.606  28.104 1.0000000000
57348  43.961  -16.983  28.669 1.0000000000
111272  47.526  -15.801  26.866 0.8888890147
57379  46.639  -16.077  26.928 0.8888890147
57371  46.341  -16.138  27.221 0.8888890147
57373  45.157  -16.377  27.326 1.0000000000
57374  44.463  -16.538  27.510 1.0000000000
57382  43.668  -16.753  27.219 0.7777780294
127806  46.261  -16.451  26.385 0.8888890147
57380  45.622  -16.350  26.908 0.7777780294
56545  44.818  -16.713  26.555 0.7777780294
56546  44.007  -16.876  26.671 0.5555559993
57383  42.907  -16.990  27.128 0.7777780294
56548  42.451  -17.217  26.702 0.3333329856
56557  46.513  -16.736  25.579 0.7777780294
56561  42.037  -17.421  25.958 0.3333329856
60896  52.983  -10.931  33.984 0.3333329856
60011  51.538  -12.053  33.972 0.4444440007
60010  52.346  -11.499  34.429 0.3333329856
59990  50.844  -12.817  34.426 0.4444440007
115849  49.230  -13.812  32.852 0.5555559993
59150  48.608  -14.287  32.842 0.6666669846
58204  48.675  -14.730  32.153 0.7777780294
58213  48.864  -15.679  30.715 0.8888890147
58214  48.175  -16.678  29.674 0.8888890147
58246  48.287  -15.560  28.662 1.0000000000
115923  47.357  -16.515  28.997 1.0000000000
58230  47.306  -16.826  29.049 1.0000000000
58263  48.560  -15.263  27.907 1.0000000000
58264  47.742  -15.740  28.011 1.0000000000
58247  47.471  -16.013  28.605 1.0000000000
58287  48.203  -15.443  27.121 1.0000000000
58277  48.000  -15.606  27.457 0.8888890147
57378  48.329  -15.428  26.711 0.8888890147
57392  47.009  -16.265  26.293 0.7777780294
57390  48.617  -15.819  25.811 0.8888890147
57391  47.794  -16.024  26.151 0.8888890147
56555  48.534  -16.261  24.877 0.6666669846
56576  46.902  -16.719  24.666 0.6666669846
56574  48.236  -16.289  24.043 0.5555559993
56590  47.370  -16.443  23.904 0.5555559993
60897  52.247  -11.434  33.472 0.4444440007
60030  52.280  -11.509  32.417 0.5555559993
60031  51.583  -12.180  32.825 0.4444440007
59148  50.928  -13.032  32.152 0.4444440007
59162  50.036  -13.791  32.014 0.5555559993
58211  49.008  -14.455  31.899 0.5555559993
120532  50.689  -13.685  31.303 0.7777780294
58212  48.618  -14.733  31.296 0.8888890147
58226  50.092  -14.353  31.029 0.7777780294
58227  49.170  -14.922  30.549 0.7777780294
58229  48.133  -16.363  29.613 0.8888890147
59199  50.734  -13.444  28.463 1.0000000000
59191  49.995  -14.402  28.787 1.0000000000
58244  50.149  -14.561  29.974 1.0000000000
58228  48.707  -15.583  30.186 1.0000000000
58245  49.071  -15.008  28.679 1.0000000000
109128  48.792  -15.331  29.517 1.0000000000
59200  50.197  -13.887  27.859 1.0000000000
59206  50.103  -13.945  27.246 1.0000000000
114093  49.457  -14.574  27.715 1.0000000000
58276  48.809  -15.038  27.217 1.0000000000
58285  49.443  -14.413  26.859 1.0000000000
58275  49.474  -14.451  27.074 1.0000000000
58286  48.890  -14.871  26.994 1.0000000000
58299  48.999  -15.027  26.490 1.0000000000
56556  47.348  -16.493  25.476 0.6666669846
108650  49.270  -15.876  25.058 0.7777780294
57402  49.046  -16.022  24.210 0.5555559993
57414  47.813  -15.891  23.311 0.4444440007
57413  48.684  -15.782  23.415 0.3333329856
115459  53.023  -10.590  31.423 0.3333329856
61848  53.209  -10.207  29.914 0.7777780294
60930  52.766  -10.886  30.440 0.6666669846
60043  52.359  -11.489  31.240 0.5555559993
60044  51.711  -12.336  31.689 0.4444440007
60931  52.089  -11.735  30.056 0.7777780294
60054  51.721  -12.410  30.651 0.7777780294
59174  51.256  -13.136  31.063 0.6666669846
60951  51.938  -11.939  28.512 1.0000000000
60061  51.383  -12.581  28.675 1.0000000000
125953  51.313  -13.054  30.258 0.7777780294
59175  50.818  -13.805  30.379 0.8888890147
60965  51.967  -12.101  27.908 1.0000000000
59190  50.625  -13.970  29.424 1.0000000000
60089  51.524  -12.795  27.126 0.8888890147
60078  51.564  -12.540  27.584 1.0000000000
60068  51.032  -12.862  27.923 1.0000000000
59205  50.660  -13.376  27.574 1.0000000000
59214  50.942  -13.239  26.883 1.0000000000
111847  50.537  -13.496  27.164 1.0000000000
59215  49.968  -13.942  27.019 1.0000000000
59226  50.870  -13.899  26.324 0.7777780294
58284  50.068  -14.134  26.594 1.0000000000
58298  49.670  -14.766  26.159 0.7777780294
114321  49.305  -15.395  25.751 0.8888890147
58296  51.254  -14.449  25.399 0.6666669846
58297  50.438  -14.606  25.781 0.7777780294
57389  49.986  -15.309  25.226 0.7777780294
57400  50.775  -14.998  24.919 0.5555559993
57401  49.807  -15.681  24.347 0.5555559993
57412  49.535  -15.623  23.519 0.5555559993
62733  56.765  -9.132  31.058 0.3333329856
62734  55.814  -8.970  31.287 0.3333329856
110408  54.803  -9.034  31.180 0.3333329856
127299  53.485  -10.251  29.190 0.7777780294
129505  53.113  -10.858  28.550 0.7777780294
60950  52.882  -10.728  29.031 0.7777780294
60940  52.442  -11.217  29.297 0.7777780294
116490  53.196  -11.364  27.761 1.0000000000
60964  52.522  -11.409  28.388 1.0000000000
60980  52.787  -12.037  27.072 0.7777780294
60088  52.350  -12.762  26.617 0.7777780294
59213  51.637  -13.211  26.518 0.7777780294
59224  52.235  -13.292  25.991 0.7777780294
129158  51.273  -13.489  26.432 0.8888890147
59225  51.701  -13.776  25.867 0.7777780294
128102  50.408  -15.379  24.473 0.5555559993
57411  50.410  -15.408  23.674 0.5555559993
57430  49.169  -15.285  22.766 0.4444440007
57429  50.048  -15.243  22.873 0.4444440007
58333  48.688  -14.737  22.094 0.2222220004
62742  56.384  -8.902  30.549 0.4444440007
62741  57.310  -9.000  30.397 0.3333329856
61845  55.740  -9.452  29.353 0.6666669846
61855  53.833  -10.593  28.387 0.7777780294
59223  52.980  -13.085  25.678 0.7777780294
109379  52.480  -13.691  25.343 0.7777780294
59239  52.010  -14.258  24.968 0.6666669846
57399  50.897  -15.181  24.197 0.5555559993
58317  50.747  -15.161  22.973 0.4444440007
58352  52.408  -14.402  21.375 0.4444440007
58330  52.183  -14.634  22.237 0.4444440007
58353  51.469  -14.591  21.630 0.3333329856
58331  51.345  -14.879  22.547 0.3333329856
58367  51.723  -14.175  20.736 0.2222220004
58368  50.857  -14.240  20.892 0.3333329856
58354  50.614  -14.601  21.667 0.3333329856
108436  49.735  -14.740  22.029 0.3333329856
110550  51.866  -13.768  20.065 0.2222220004
59293  50.267  -13.795  20.281 0.2222220004
62740  58.049  -9.230  30.036 0.3333329856
108346  54.206  -11.007  27.489 0.8888890147
60979  53.691  -11.782  26.866 0.6666669846
60086  54.047  -12.202  26.082 0.7777780294
124019  53.669  -12.708  25.671 0.7777780294
59237  53.706  -13.105  24.904 0.7777780294
124571  53.059  -13.524  24.941 0.6666669846
59238  52.659  -13.950  24.523 0.6666669846
58307  52.146  -14.431  24.063 0.6666669846
129291  51.730  -14.731  23.770 0.6666669846
58315  52.032  -14.645  23.180 0.6666669846
58316  51.247  -15.020  23.508 0.5555559993
58366  52.602  -13.990  20.499 0.4444440007
59292  51.113  -13.822  20.088 0.2222220004
59300  52.426  -13.499  19.688 0.3333329856
59301  51.516  -13.273  19.498 0.2222220004
62751  56.863  -8.872  29.887 0.2222220004
60947  59.169  -9.593  29.091 0.2222220004
61875  56.415  -9.955  27.625 0.5555559993
61865  55.738  -9.922  28.248 0.5555559993
60963  55.244  -10.648  27.440 0.6666669846
60977  55.678  -10.914  26.616 0.6666669846
60978  54.697  -11.528  26.579 0.6666669846
126791  55.319  -11.662  25.834 0.6666669846
60994  54.666  -12.068  25.781 0.6666669846
60098  55.009  -12.276  25.142 0.6666669846
60099  54.295  -12.583  25.368 0.6666669846
59251  53.345  -13.684  24.259 0.6666669846
128858  53.586  -13.790  23.550 0.6666669846
59252  52.821  -14.099  23.577 0.6666669846
125714  53.840  -13.956  22.054 0.6666669846
59268  53.347  -14.005  22.826 0.6666669846
58329  52.989  -14.344  22.050 0.5555559993
59269  52.683  -14.385  22.753 0.6666669846
58351  53.319  -14.149  21.164 0.4444440007
128643  53.223  -13.957  20.539 0.4444440007
60170  50.919  -12.605  19.280 0.1111110002
62749  58.467  -9.000  29.357 0.3333329856
62750  57.635  -8.913  29.631 0.3333329856
61864  57.655  -9.037  28.580 0.3333329856
61853  56.684  -9.317  28.876 0.3333329856
61862  59.375  -9.438  28.231 0.2222220004
61863  58.710  -8.973  28.283 0.2222220004
61874  57.491  -9.521  27.405 0.4444440007
60976  56.563  -10.366  26.548 0.5555559993
60993  56.001  -11.112  25.890 0.6666669846
60108  55.337  -12.563  24.327 0.5555559993
60109  54.545  -12.862  24.570 0.6666669846
60119  54.800  -13.108  23.718 0.6666669846
59250  54.079  -13.434  24.023 0.7777780294
124242  54.239  -13.629  23.033 0.6666669846
59280  54.214  -13.847  21.221 0.4444440007
117921  53.741  -13.851  20.518 0.4444440007
116657  53.194  -13.714  20.018 0.4444440007
59299  53.940  -13.530  19.810 0.4444440007
60169  51.570  -12.574  19.080 0.1111110002
61872  59.364  -9.008  27.424 0.2222220004
61873  58.317  -9.234  27.049 0.3333329856
61871  59.868  -9.355  26.930 0.2222220004
124540  57.353  -9.894  26.456 0.4444440007
61882  60.233  -9.608  26.468 0.2222220004
60992  56.753  -10.706  25.569 0.6666669846
61884  57.865  -9.783  25.869 0.4444440007
61007  55.863  -11.717  25.016 0.6666669846
60107  56.086  -12.157  23.988 0.6666669846
60118  55.550  -12.821  23.435 0.5555559993
60134  55.027  -13.257  22.952 0.5555559993
60133  55.635  -13.000  22.512 0.5555559993
59267  54.828  -13.557  22.051 0.4444440007
114242  54.915  -13.552  21.127 0.4444440007
60145  55.690  -13.154  21.434 0.4444440007
59291  54.488  -13.623  20.469 0.4444440007
59298  54.756  -13.279  19.739 0.4444440007
60168  53.190  -13.138  19.231 0.4444440007
121095  52.241  -12.890  19.106 0.3333329856
111504  58.826  -9.052  26.559 0.3333329856
62759  59.494  -8.949  26.464 0.3333329856
60973  60.504  -10.173  26.249 0.2222220004
62766  59.986  -9.143  26.117 0.2222220004
61881  60.514  -9.510  25.721 0.2222220004
61006  56.724  -11.422  24.556 0.6666669846
61019  56.886  -11.847  23.647 0.6666669846
60117  56.312  -12.535  23.094 0.5555559993
60144  56.621  -12.742  21.217 0.5555559993
60153  56.055  -12.978  20.497 0.5555559993
59290  55.260  -13.325  20.487 0.4444440007
60165  55.567  -13.045  19.706 0.4444440007
60167  54.166  -13.022  19.127 0.4444440007
60183  53.602  -12.484  18.572 0.4444440007
61931  51.899  -9.852  20.015 0.1111110002
61883  58.800  -9.244  25.707 0.3333329856
62765  60.223  -8.847  25.249 0.2222220004
61893  58.048  -10.137  24.870 0.4444440007
62772  60.760  -9.115  24.816 0.2222220004
61005  57.306  -10.633  24.963 0.6666669846
61890  61.381  -9.715  24.208 0.3333329856
108535  57.476  -11.095  24.207 0.6666669846
116738  57.713  -11.498  23.372 0.6666669846
61901  61.765  -10.034  23.355 0.3333329856
61033  57.069  -12.129  22.750 0.5555559993
61032  57.908  -11.739  22.491 0.5555559993
60132  56.442  -12.696  22.149 0.5555559993
60131  57.244  -12.290  21.852 0.5555559993
60152  56.837  -12.680  20.382 0.5555559993
60151  57.494  -12.364  20.251 0.5555559993
60164  56.353  -12.832  19.708 0.5555559993
62815  51.507  -9.128  21.429 0.1111110002
60166  55.046  -12.826  18.904 0.4444440007
61946  52.180  -10.250  19.213 0.1111110002
121464  54.355  -12.534  18.535 0.4444440007
61068  51.929  -11.142  18.808 0.1111110002
61081  53.215  -11.575  18.269 0.4444440007
61954  52.617  -10.787  18.582 0.1111110002
62773  59.608  -8.938  25.547 0.3333329856
61891  59.786  -8.834  24.646 0.3333329856
61892  58.941  -9.458  24.681 0.3333329856
62782  60.944  -8.786  23.889 0.3333329856
61018  58.228  -10.566  23.957 0.4444440007
62795  61.466  -9.043  23.242 0.3333329856
61902  58.982  -9.904  23.736 0.4444440007
61911  59.213  -10.205  22.887 0.5555559993
61031  58.501  -10.983  23.122 0.5555559993
61044  58.100  -11.858  21.583 0.5555559993
60143  57.408  -12.359  20.985 0.5555559993
60163  57.083  -12.541  19.645 0.5555559993
61067  57.972  -12.064  19.602 0.5555559993
127427  51.238  -8.806  21.849 0.1111110002
60179  57.214  -12.384  18.858 0.4444440007
126332  56.598  -12.649  19.082 0.4444440007
62832  51.754  -9.518  20.804 0.1111110002
60180  56.419  -12.422  18.315 0.4444440007
60181  55.614  -12.500  18.361 0.4444440007
60182  54.926  -12.213  18.056 0.4444440007
124123  54.525  -11.551  17.765 0.3333329856
61090  54.064  -11.954  18.106 0.4444440007
62783  60.418  -8.651  24.351 0.3333329856
114704  60.600  -8.609  23.547 0.3333329856
127888  59.386  -9.207  24.199 0.4444440007
110316  61.343  -8.566  22.305 0.3333329856
62797  60.584  -8.595  22.804 0.4444440007
122574  59.857  -8.929  23.617 0.5555559993
62811  61.833  -8.713  21.617 0.3333329856
61930  62.290  -9.668  20.826 0.2222220004
61921  59.343  -10.395  22.087 0.4444440007
126391  62.306  -9.829  20.197 0.2222220004
61051  59.021  -11.072  21.271 0.4444440007
61066  58.897  -11.483  19.121 0.5555559993
61078  59.645  -10.776  18.627 0.5555559993
61080  57.965  -11.967  18.530 0.5555559993
61079  58.820  -11.539  18.098 0.5555559993
61087  57.780  -11.763  17.504 0.5555559993
60189  57.193  -12.170  18.088 0.4444440007
60191  55.789  -12.058  17.694 0.4444440007
60190  56.695  -11.927  17.494 0.4444440007
61089  55.200  -11.492  17.494 0.4444440007
61086  58.709  -11.356  17.296 0.4444440007
61095  57.102  -11.326  16.853 0.4444440007
61966  57.570  -10.628  16.377 0.4444440007
115173  60.964  -8.360  22.144 0.3333329856
62812  61.246  -8.342  21.537 0.3333329856
62826  62.145  -8.901  21.026 0.3333329856
61910  59.881  -9.328  22.477 0.4444440007
62843  62.134  -8.888  20.243 0.2222220004
61920  59.878  -9.761  21.556 0.4444440007
61943  62.222  -9.567  19.550 0.1111110002
114486  58.929  -11.312  20.150 0.4444440007
61050  59.716  -10.214  20.608 0.4444440007
61065  59.668  -10.538  19.645 0.5555559993
61085  59.503  -10.903  17.621 0.5555559993
61958  59.935  -10.065  17.144 0.5555559993
128951  59.702  -9.942  16.400 0.5555559993
61093  59.193  -10.777  16.667 0.5555559993
61094  58.115  -11.189  16.744 0.4444440007
61965  58.444  -10.603  16.222 0.4444440007
61964  59.206  -10.069  15.922 0.5555559993
116115  60.998  -8.322  21.506 0.3333329856
62813  60.591  -8.681  21.924 0.3333329856
62827  61.617  -8.580  20.882 0.3333329856
62828  61.187  -8.415  20.860 0.4444440007
62829  60.605  -8.910  20.965 0.4444440007
62844  61.917  -8.655  19.270 0.3333329856
62845  61.410  -8.559  19.858 0.4444440007
62846  60.899  -8.653  20.088 0.4444440007
114527  61.878  -8.514  18.348 0.3333329856
62852  60.987  -8.229  19.190 0.4444440007
61944  60.332  -9.252  19.303 0.4444440007
117999  60.229  -9.406  20.127 0.4444440007
130393  60.650  -8.547  18.703 0.4444440007
61951  60.135  -9.859  18.158 0.4444440007
61950  60.507  -8.812  17.786 0.5555559993
62870  59.878  -9.014  15.985 0.4444440007
61970  59.103  -9.211  15.517 0.5555559993
121005  61.309  -8.098  18.583 0.4444440007
62856  61.588  -7.782  17.858 0.3333329856
62851  61.006  -7.715  18.252 0.4444440007
61957  60.242  -9.073  16.783 0.4444440007
62863  60.473  -7.993  16.620 0.4444440007
63724  59.674  -8.303  15.553 0.4444440007
63706  61.203  -7.288  17.710 0.4444440007
62862  61.833  -8.047  17.182 0.3333329856
63710  61.057  -6.899  17.739 0.4444440007
62857  60.754  -7.718  17.466 0.4444440007
62868  61.689  -8.524  15.717 0.2222220004
63715  60.899  -7.049  17.142 0.4444440007
109773  61.660  -8.239  14.933 0.2222220004
62869  60.431  -7.289  16.100 0.4444440007
125991  60.704  -6.656  15.668 0.4444440007
63714  61.417  -7.392  17.090 0.4444440007
64552  61.101  -7.049  17.638 0.4444440007
64561  60.833  -7.227  16.432 0.4444440007
64579  60.482  -6.670  15.405 0.4444440007
30097  3.276  -44.487  51.697 0.2222220004
112797  3.451  -45.049  51.971 0.2222220004
31705  5.585  -43.080  55.971 0.6666669846
28278  11.094  -47.465  54.931 0.1111110002
29214  7.290  -45.911  55.781 0.4444440007
29210  10.942  -46.162  55.343 0.1111110002
29207  5.969  -44.626  56.253 0.4444440007
31702  7.749  -42.171  56.566 0.4444440007
30886  6.662  -43.097  56.674 0.5555559993
115289  7.061  -42.416  56.525 0.6666669846
30069  4.849  -43.851  56.080 0.4444440007
29218  4.820  -45.707  54.420 0.3333329856
32613  16.794  -41.352  54.266 0.3333329856
30897  16.385  -42.080  53.982 0.2222220004
31700  10.254  -42.069  56.346 0.3333329856
125967  7.713  -41.679  55.883 0.6666669846
32618  7.377  -41.889  55.377 0.5555559993
30064  5.232  -43.353  56.071 0.4444440007
111091  4.368  -44.885  55.018 0.4444440007
30070  4.183  -44.000  55.508 0.4444440007
118790  3.018  -44.582  53.093 0.2222220004
30080  2.955  -44.256  53.730 0.4444440007
120100  12.751  -41.906  56.264 0.1111110002
116078  12.018  -41.653  56.406 0.2222220004
33595  17.246  -40.866  53.532 0.4444440007
32597  10.989  -41.308  56.400 0.3333329856
121008  17.518  -41.400  52.264 0.5555559993
33596  16.685  -40.836  54.162 0.2222220004
30893  3.903  -43.316  55.066 0.5555559993
30071  13.112  -44.047  54.728 0.1111110002
33578  15.042  -40.741  55.652 0.2222220004
30898  13.360  -43.211  55.110 0.1111110002
111886  13.811  -41.668  55.848 0.2222220004
120709  11.843  -41.094  56.463 0.4444440007
31698  13.234  -41.651  56.155 0.3333329856
32635  18.192  -41.790  52.409 0.5555559993
32645  16.870  -41.227  51.698 0.4444440007
121840  15.799  -40.715  52.638 0.4444440007
113754  15.185  -40.547  52.606 0.4444440007
33623  16.053  -40.952  51.136 0.4444440007
33619  14.389  -40.495  52.049 0.5555559993
33625  14.331  -40.660  50.470 0.5555559993
33638  15.450  -40.864  49.043 0.5555559993
33579  13.515  -40.549  56.114 0.3333329856
34597  13.242  -40.057  55.662 0.3333329856
120432  16.313  -41.090  49.064 0.6666669846
32609  4.360  -42.361  54.614 0.5555559993
32667  18.371  -41.882  49.323 0.5555559993
116288  12.014  -40.819  48.673 0.6666669846
117190  10.915  -41.724  51.073 0.5555559993
30949  20.714  -43.271  48.756 0.6666669846
32703  18.581  -41.942  47.471 0.6666669846
32702  19.285  -42.164  46.996 0.5555559993
33710  18.530  -41.199  45.148 0.6666669846
33745  14.163  -40.400  43.642 0.5555559993
32717  19.929  -41.940  46.185 0.5555559993
34653  18.655  -40.399  44.009 0.5555559993
112714  16.940  -39.945  42.754 0.4444440007
34693  16.069  -39.957  42.431 0.3333329856
33684  21.254  -41.489  45.646 0.6666669846
33708  20.142  -41.127  44.990 0.6666669846
33729  19.824  -40.678  44.434 0.6666669846
34673  17.813  -39.894  43.146 0.5555559993
34672  18.656  -40.026  43.418 0.5555559993
123522  29.582  -41.605  49.525 0.6666669846
122903  30.863  -41.468  47.604 0.6666669846
32708  28.637  -41.560  47.937 0.7777780294
32721  28.982  -41.948  46.018 0.8888890147
127680  29.067  -41.809  47.027 0.7777780294
32730  29.804  -42.134  44.401 0.8888890147
32723  27.337  -41.345  46.048 0.7777780294
112950  27.105  -41.543  47.099 0.7777780294
32731  28.175  -41.312  44.584 0.7777780294
32712  24.409  -41.710  46.561 0.7777780294
32713  23.503  -41.750  46.453 0.7777780294
33705  22.972  -41.048  45.322 0.6666669846
34669  20.808  -39.862  43.407 0.7777780294
33678  31.713  -41.031  47.565 0.6666669846
33748  30.356  -40.168  42.479 0.8888890147
34700  28.972  -39.562  41.583 0.7777780294
33741  27.639  -40.571  43.439 0.6666669846
33724  25.404  -40.254  44.702 0.8888890147
109848  28.417  -39.985  42.042 0.6666669846
35642  28.716  -38.944  41.041 0.7777780294
126312  27.445  -39.406  41.410 0.7777780294
120384  29.545  -35.847  40.310 0.7777780294
36549  28.468  -37.370  39.866 0.6666669846
37579  28.465  -36.456  39.520 0.5555559993
34702  26.656  -39.418  41.811 0.6666669846
34690  22.063  -39.508  42.805 0.7777780294
36550  27.753  -37.901  39.815 0.6666669846
37580  27.885  -36.350  38.967 0.5555559993
124960  27.314  -37.664  39.343 0.5555559993
36562  27.313  -37.152  38.866 0.5555559993
36528  30.928  -37.627  41.933 0.8888890147
126079  30.050  -35.994  40.883 0.8888890147
40616  30.047  -34.679  39.078 0.8888890147
38693  27.378  -35.596  38.039 0.5555559993
41476  28.950  -34.171  37.207 0.4444440007
39703  26.761  -34.701  37.005 0.4444440007
39691  27.101  -35.187  37.570 0.5555559993
38702  26.793  -36.072  37.718 0.5555559993
40679  27.312  -33.874  36.662 0.4444440007
36479  33.322  -37.008  47.688 0.4444440007
39575  33.294  -35.432  44.748 0.6666669846
35622  31.808  -38.486  42.894 0.7777780294
37529  31.212  -36.116  43.057 0.7777780294
38639  30.913  -35.739  41.696 0.7777780294
39636  31.045  -35.158  41.080 0.7777780294
40598  31.314  -34.943  40.870 0.7777780294
40634  30.271  -34.410  38.803 0.8888890147
40614  30.931  -34.702  39.974 0.7777780294
41492  28.635  -33.794  36.352 0.4444440007
35579  33.846  -38.331  49.248 0.3333329856
36466  33.651  -37.332  48.440 0.3333329856
39543  33.924  -35.137  47.123 0.5555559993
40569  32.320  -35.297  43.224 0.8888890147
40613  31.176  -34.440  40.066 0.7777780294
40612  31.825  -34.277  39.943 0.8888890147
39654  32.397  -34.447  40.460 0.8888890147
40676  31.224  -33.695  37.333 0.8888890147
115124  31.641  -33.583  36.412 0.5555559993
38509  35.019  -35.676  49.521 0.3333329856
40554  33.145  -35.181  44.039 0.8888890147
39572  35.234  -35.176  45.014 0.7777780294
38637  34.732  -35.567  42.396 0.8888890147
40567  32.844  -34.938  42.866 0.7777780294
38617  35.980  -35.510  43.212 0.8888890147
37419  35.325  -36.139  49.618 0.2222220004
39520  35.504  -34.388  49.131 0.3333329856
40530  34.709  -34.671  46.689 0.5555559993
40529  35.587  -34.215  47.242 0.4444440007
39521  34.775  -34.769  48.818 0.5555559993
39532  34.362  -34.818  47.880 0.6666669846
39542  34.205  -34.875  46.939 0.5555559993
127425  35.509  -35.763  39.445 0.8888890147
39700  35.024  -34.772  37.191 0.8888890147
40494  37.286  -33.794  49.395 0.4444440007
40528  36.514  -33.746  47.259 0.6666669846
39571  36.337  -34.775  44.814 0.7777780294
39592  36.617  -35.064  43.787 0.7777780294
124095  36.840  -33.875  46.445 0.6666669846
39591  37.476  -34.786  43.405 0.7777780294
39650  38.701  -34.881  40.436 1.0000000000
40526  38.059  -33.221  46.370 0.3333329856
40564  39.331  -33.809  43.708 0.6666669846
40580  41.235  -33.379  41.842 0.8888890147
41369  39.177  -33.305  48.316 0.3333329856
41385  39.496  -32.826  46.705 0.3333329856
42270  43.177  -32.157  42.208 0.8888890147
42293  42.833  -31.874  40.513 0.8888890147
41400  42.594  -31.934  44.505 0.3333329856
124416  43.303  -31.364  44.319 0.4444440007
43149  43.857  -30.618  40.555 0.8888890147
42269  43.673  -31.611  42.623 0.7777780294
43124  44.108  -30.978  42.231 0.7777780294
44045  44.210  -29.802  40.242 0.8888890147
48145  41.612  -25.781  35.767 1.0000000000
44044  44.575  -29.416  40.731 0.8888890147
48135  42.710  -25.818  36.937 1.0000000000
47134  43.632  -26.821  37.663 0.8888890147
50889  43.150  -22.346  37.096 0.8888890147
52712  43.683  -20.926  34.533 1.0000000000
52669  44.824  -20.692  36.558 0.7777780294
52727  43.534  -20.792  33.161 1.0000000000
50997  39.179  -22.189  26.269 0.3333329856
51917  38.893  -21.708  25.812 0.3333329856
51941  37.686  -21.518  25.282 0.2222220004
49037  44.979  -24.000  40.720 0.5555559993
50834  44.660  -22.693  39.747 0.5555559993
51719  44.874  -21.921  39.464 0.5555559993
51718  45.299  -21.224  39.144 0.6666669846
52631  45.797  -20.603  38.786 0.6666669846
53645  46.060  -20.256  35.639 0.7777780294
112520  46.523  -20.053  37.075 0.4444440007
51914  41.176  -21.191  26.830 0.5555559993
124579  37.930  -20.774  25.363 0.1111110002
53609  46.394  -20.121  37.733 0.5555559993
53597  48.363  -19.462  38.667 0.4444440007
53624  47.028  -19.928  36.649 0.5555559993
53596  49.277  -19.579  38.863 0.2222220004
112239  46.407  -20.182  33.665 0.8888890147
52822  42.925  -20.070  27.626 0.8888890147
54713  42.771  -18.439  27.893 0.8888890147
52824  41.796  -20.652  27.049 0.5555559993
124842  41.141  -20.310  26.696 0.5555559993
52847  39.858  -20.354  26.244 0.3333329856
119442  38.531  -20.217  25.754 0.3333329856
53796  37.394  -19.493  25.460 0.2222220004
54728  39.678  -18.160  26.417 0.3333329856
52630  46.538  -20.081  39.260 0.4444440007
108494  47.308  -19.599  39.272 0.5555559993
53585  50.435  -19.875  39.609 0.1111110002
126453  50.173  -19.910  38.830 0.1111110002
110182  46.385  -20.133  32.660 0.8888890147
131358  45.758  -20.292  32.366 1.0000000000
53724  45.139  -19.862  29.815 1.0000000000
129267  44.745  -19.802  29.294 1.0000000000
53771  40.441  -18.313  26.770 0.3333329856
52615  46.539  -20.252  40.137 0.4444440007
52597  47.627  -19.775  41.429 0.4444440007
53588  47.831  -19.395  39.986 0.4444440007
114498  49.048  -19.315  40.279 0.3333329856
126133  51.228  -20.329  37.364 0.1111110002
52628  52.850  -20.866  38.978 0.1111110002
52644  53.208  -20.896  38.073 0.1111110002
53642  48.973  -19.852  35.481 0.3333329856
53665  48.537  -19.743  34.643 0.4444440007
53687  48.733  -19.528  33.664 0.6666669846
53712  47.544  -19.465  31.499 0.7777780294
55616  47.946  -18.035  30.390 0.8888890147
56485  49.031  -17.084  31.096 0.7777780294
53722  46.555  -19.492  30.482 0.8888890147
55632  45.788  -18.250  29.169 1.0000000000
53575  49.893  -19.605  40.773 0.2222220004
115722  53.373  -20.838  37.269 0.1111110002
53641  49.972  -19.826  35.258 0.3333329856
56475  48.901  -16.824  30.867 0.8888890147
55619  45.487  -18.130  28.962 1.0000000000
57295  49.446  -15.094  34.108 0.5555559993
57306  51.188  -15.635  33.961 0.3333329856
116439  50.274  -15.537  33.871 0.5555559993
58173  50.738  -13.859  35.223 0.3333329856
58183  50.034  -14.322  34.756 0.3333329856
57308  49.000  -15.404  33.366 0.5555559993
56473  49.876  -16.436  32.027 0.6666669846
58184  49.132  -14.447  34.060 0.5555559993
56474  49.052  -16.420  31.382 0.8888890147
59135  48.806  -14.066  33.429 0.6666669846
112557  48.831  -15.445  32.242 0.7777780294
58251  44.597  -16.823  28.573 1.0000000000
127969  51.532  -18.416  32.545 0.5555559993
57293  52.996  -15.401  35.289 0.2222220004
59111  52.471  -13.225  35.816 0.2222220004
59122  51.127  -13.045  35.044 0.3333329856
59988  52.607  -11.882  35.193 0.3333329856
58232  45.786  -16.919  28.839 1.0000000000
58266  46.070  -16.360  28.153 1.0000000000
58267  45.233  -16.567  28.327 1.0000000000
57381  44.601  -16.538  27.048 0.8888890147
127014  43.756  -16.698  27.721 0.8888890147
56560  42.699  -17.309  26.131 0.4444440007
56544  45.530  -16.886  25.901 0.6666669846
55698  41.537  -17.514  25.289 0.3333329856
130666  53.482  -10.576  33.622 0.3333329856
59149  50.144  -13.304  32.898 0.4444440007
60032  50.786  -12.749  33.422 0.4444440007
125151  49.435  -14.896  29.509 1.0000000000
114356  48.074  -15.871  29.301 1.0000000000
130161  48.027  -16.298  25.410 0.7777780294
56575  47.754  -16.504  24.717 0.6666669846
60921  52.950  -10.729  32.269 0.3333329856
59189  51.083  -13.228  29.471 0.8888890147
113005  51.578  -12.504  29.700 0.7777780294
60941  51.873  -11.980  29.213 0.7777780294
60067  51.468  -12.475  27.932 1.0000000000
60077  52.059  -12.343  27.369 0.8888890147
60079  51.063  -12.923  27.445 1.0000000000
119253  50.388  -13.634  26.905 1.0000000000
61846  55.252  -9.113  30.407 0.5555559993
61847  54.162  -9.634  30.120 0.6666669846
125305  53.981  -9.559  30.804 0.3333329856
61854  54.494  -9.855  29.267 0.7777780294
125399  52.460  -11.856  27.705 0.8888890147
58356  48.128  -14.134  21.546 0.2222220004
58355  49.052  -14.227  21.301 0.2222220004
60087  53.264  -12.454  26.332 0.7777780294
58308  51.471  -14.773  24.401 0.5555559993
58332  50.594  -14.935  22.353 0.3333329856
58369  49.981  -14.257  21.086 0.3333329856
61866  54.834  -10.260  28.307 0.7777780294
60184  52.774  -12.372  18.667 0.4444440007
61004  61.009  -9.874  25.100 0.2222220004
61017  61.610  -11.063  23.743 0.2222220004
116887  55.933  -12.784  18.988 0.4444440007
62796  60.966  -8.461  22.992 0.3333329856
61043  58.715  -11.171  22.250 0.5555559993
61052  58.173  -11.928  20.641 0.4444440007
117498  61.674  -7.866  16.601 0.2222220004
30900  2.294  -42.715  53.652 0.4444440007
31724  2.335  -42.305  53.910 0.3333329856
31715  2.963  -42.282  54.123 0.1111110002
121996  2.284  -40.866  53.747 0.1111110002
30899  2.739  -42.875  54.127 0.4444440007
32623  2.804  -41.508  53.894 0.2222220004
32622  3.452  -41.511  54.024 0.2222220004
33591  2.971  -40.445  54.043 0.2222220004
114216  2.654  -40.629  53.899 0.1111110002
34598  2.591  -39.979  54.075 0.1111110002
32610  3.680  -42.212  54.367 0.2222220004
33603  3.415  -40.217  53.785 0.2222220004
33590  3.548  -41.289  54.026 0.2222220004
33604  2.981  -39.545  54.126 0.1111110002
33614  4.040  -40.219  53.008 0.1111110002
129927  3.896  -41.900  54.406 0.2222220004
32642  4.350  -41.069  52.934 0.2222220004
124667  3.883  -40.820  53.599 0.2222220004
33613  4.475  -40.519  52.080 0.1111110002
34606  4.340  -39.597  52.287 0.1111110002
32632  4.915  -41.800  53.123 0.3333329856
32633  4.287  -41.503  53.835 0.2222220004
31739  5.403  -42.312  52.303 0.3333329856
32649  5.362  -41.951  51.416 0.2222220004
32641  4.823  -41.493  52.107 0.1111110002
32660  5.540  -41.568  50.606 0.1111110002
115869  4.984  -40.910  51.155 0.1111110002
34609  4.726  -39.830  51.375 0.1111110002
33645  5.536  -40.331  49.786 0.1111110002
33631  5.345  -40.813  50.351 0.1111110002
33644  6.039  -40.725  49.230 0.1111110002
34612  5.151  -40.050  50.530 0.1111110002
34618  5.916  -39.827  49.171 0.1111110002
31732  5.629  -42.540  53.308 0.4444440007
113596  6.524  -42.808  51.538 0.5555559993
31746  5.844  -42.541  51.682 0.4444440007
31752  5.990  -42.354  50.957 0.4444440007
31751  6.798  -42.561  50.714 0.4444440007
32659  6.252  -41.904  50.213 0.3333329856
32674  6.445  -41.469  49.456 0.2222220004
130972  6.596  -41.075  48.856 0.1111110002
34625  6.353  -39.315  48.437 0.1111110002
125671  6.764  -40.085  47.993 0.1111110002
31731  6.585  -42.865  53.418 0.4444440007
113239  7.219  -43.024  52.376 0.5555559993
31738  6.163  -42.819  52.407 0.4444440007
31745  7.300  -42.880  51.367 0.5555559993
32657  8.269  -42.269  50.019 0.4444440007
32658  7.209  -42.069  49.899 0.4444440007
32673  7.153  -41.555  49.035 0.4444440007
32690  7.938  -41.648  48.671 0.4444440007
33658  8.209  -41.176  47.916 0.4444440007
33674  7.473  -40.267  47.406 0.1111110002
35587  7.116  -38.432  47.430 0.1111110002
31744  8.210  -42.883  51.714 0.5555559993
31736  9.033  -42.802  52.526 0.4444440007
31749  8.740  -42.573  50.843 0.5555559993
31750  7.774  -42.648  50.708 0.4444440007
32656  9.319  -42.172  50.106 0.4444440007
32689  8.916  -41.723  48.568 0.4444440007
33673  8.614  -40.663  47.204 0.4444440007
34637  7.911  -39.142  46.390 0.1111110002
34636  8.541  -39.516  46.105 0.1111110002
35600  9.381  -38.648  45.146 0.1111110002
31737  8.180  -42.966  52.760 0.5555559993
31743  9.135  -42.684  51.622 0.4444440007
32670  10.158  -41.845  49.696 0.4444440007
112490  9.640  -42.412  51.070 0.5555559993
32688  10.024  -41.629  48.737 0.4444440007
33656  10.382  -41.201  47.992 0.5555559993
33695  10.508  -40.306  46.123 0.3333329856
33696  9.850  -40.337  46.315 0.4444440007
33697  8.968  -40.272  46.470 0.4444440007
33694  11.205  -40.430  46.320 0.3333329856
34634  10.080  -39.958  45.676 0.3333329856
34635  9.307  -39.814  45.863 0.3333329856
33715  12.228  -40.245  45.120 0.4444440007
34641  11.336  -39.866  44.862 0.3333329856
34642  10.429  -39.621  45.041 0.2222220004
114922  9.662  -39.385  45.301 0.1111110002
117076  12.094  -39.846  44.157 0.3333329856
130297  11.380  -39.568  44.259 0.3333329856
34658  10.776  -39.244  44.335 0.2222220004
34657  11.380  -39.191  43.822 0.3333329856
35606  10.380  -38.427  44.265 0.1111110002
125476  10.308  -42.130  51.330 0.4444440007
109539  10.242  -42.024  50.571 0.4444440007
32648  9.925  -42.438  52.068 0.4444440007
32655  10.935  -41.594  50.209 0.5555559993
33643  10.850  -41.307  48.644 0.5555559993
33670  11.539  -40.657  47.234 0.5555559993
122083  10.606  -40.580  46.788 0.5555559993
33716  11.678  -40.291  45.701 0.4444440007
34677  13.437  -40.232  43.690 0.3333329856
34656  12.946  -40.220  44.061 0.3333329856
110553  12.816  -39.768  43.444 0.3333329856
34678  12.061  -39.138  43.345 0.3333329856
35616  11.363  -38.294  43.441 0.2222220004
35615  12.105  -38.297  42.889 0.2222220004
34696  12.796  -39.074  42.643 0.2222220004
35633  12.583  -38.216  42.346 0.2222220004
34695  14.269  -39.630  42.180 0.3333329856
108459  13.630  -39.859  42.906 0.3333329856
34707  14.824  -39.348  41.511 0.2222220004
123947  13.544  -39.264  42.186 0.2222220004
35632  13.223  -38.477  41.881 0.1111110002
37595  26.445  -36.775  38.031 0.4444440007
37596  25.551  -36.957  37.851 0.3333329856
37597  24.752  -37.199  38.021 0.3333329856
35656  14.548  -38.543  40.940 0.2222220004
35631  13.989  -38.990  41.599 0.2222220004
36542  13.413  -37.575  41.511 0.1111110002
37611  26.153  -36.433  37.515 0.4444440007
115247  24.749  -36.808  37.405 0.3333329856
112591  25.451  -35.740  36.520 0.3333329856
37630  24.665  -36.287  36.676 0.3333329856
123463  24.027  -36.682  37.060 0.3333329856
39704  26.057  -35.094  36.615 0.3333329856
37612  25.507  -36.381  37.127 0.3333329856
38712  24.540  -35.565  35.902 0.3333329856
117685  23.630  -36.171  36.358 0.2222220004
39714  26.337  -34.299  36.350 0.3333329856
38711  25.491  -34.937  36.044 0.3333329856
38725  24.847  -34.771  35.443 0.3333329856
119490  23.633  -35.550  35.607 0.2222220004
38726  24.018  -35.019  35.115 0.2222220004
34703  25.767  -39.221  41.837 0.5555559993
34704  25.018  -39.076  41.791 0.5555559993
126686  26.280  -39.081  41.250 0.5555559993
35645  25.598  -38.917  41.166 0.5555559993
35686  26.005  -38.240  39.759 0.4444440007
35671  24.526  -38.491  40.500 0.4444440007
35670  25.395  -38.560  40.477 0.4444440007
36563  26.586  -37.719  39.071 0.4444440007
35687  25.078  -38.192  39.807 0.4444440007
35688  24.203  -38.171  39.851 0.4444440007
35689  23.366  -38.200  39.865 0.4444440007
36581  25.176  -37.517  38.491 0.3333329856
36580  26.040  -37.400  38.458 0.4444440007
36564  25.615  -37.871  39.088 0.3333329856
36582  24.326  -37.561  38.523 0.3333329856
36566  23.856  -37.912  39.173 0.3333329856
37613  23.944  -37.132  37.820 0.3333329856
36583  23.493  -37.613  38.510 0.3333329856
36584  22.669  -37.631  38.495 0.2222220004
35655  15.480  -39.012  40.882 0.2222220004
37614  23.126  -36.843  37.175 0.3333329856
36593  23.132  -37.324  37.934 0.2222220004
37615  22.130  -36.732  37.079 0.2222220004
39723  25.647  -33.983  35.549 0.3333329856
40695  26.769  -33.456  35.989 0.3333329856
127638  24.479  -34.111  34.878 0.2222220004
41531  26.776  -32.534  34.946 0.3333329856
40712  25.190  -33.261  34.900 0.2222220004
40713  24.394  -33.347  34.560 0.2222220004
108690  25.689  -39.680  43.354 0.6666669846
111036  25.103  -39.461  43.039 0.6666669846
34666  24.243  -39.556  43.474 0.5555559993
109690  25.233  -39.301  42.355 0.6666669846
125884  23.654  -39.369  42.824 0.4444440007
35646  24.807  -38.804  41.142 0.4444440007
35625  23.432  -39.178  41.905 0.4444440007
35648  22.568  -38.986  41.371 0.4444440007
35647  24.009  -38.820  41.135 0.4444440007
35626  22.372  -39.289  42.109 0.4444440007
35672  23.688  -38.494  40.510 0.4444440007
35673  22.772  -38.548  40.555 0.4444440007
35674  21.882  -38.757  40.989 0.2222220004
35675  21.155  -38.582  40.590 0.3333329856
36567  23.023  -37.933  39.184 0.2222220004
35690  21.972  -38.394  40.160 0.2222220004
36568  22.109  -37.976  39.240 0.2222220004
35691  21.257  -38.139  39.715 0.2222220004
35654  16.463  -39.153  41.065 0.2222220004
36585  21.849  -37.534  38.401 0.2222220004
109808  21.357  -37.797  38.957 0.2222220004
35680  15.303  -38.262  40.380 0.2222220004
36594  22.418  -37.211  37.780 0.2222220004
36595  21.598  -37.062  37.696 0.2222220004
37616  21.315  -36.574  37.080 0.2222220004
34648  24.504  -39.966  44.359 0.7777780294
34649  23.599  -39.904  44.154 0.6666669846
34667  23.266  -39.593  43.441 0.6666669846
34689  22.876  -39.431  42.726 0.5555559993
35627  21.659  -39.371  42.280 0.6666669846
35649  21.738  -39.139  41.689 0.3333329856
35628  20.966  -39.326  42.086 0.4444440007
35650  21.095  -39.005  41.358 0.3333329856
131106  20.478  -39.156  41.646 0.3333329856
117312  20.410  -38.794  41.024 0.2222220004
35653  17.460  -39.124  41.463 0.2222220004
36551  20.326  -38.257  40.085 0.2222220004
35678  17.246  -38.704  40.409 0.2222220004
36555  15.951  -37.801  40.017 0.2222220004
110676  19.932  -37.792  39.340 0.2222220004
36573  16.473  -37.362  39.732 0.2222220004
109827  20.951  -37.373  38.305 0.2222220004
36586  20.078  -37.417  38.603 0.2222220004
36570  19.335  -37.441  38.964 0.1111110002
37598  20.251  -36.941  37.826 0.2222220004
37599  19.472  -36.921  38.191 0.2222220004
35629  20.157  -39.356  42.142 0.4444440007
113108  19.354  -39.325  42.198 0.3333329856
35651  19.843  -39.053  41.551 0.2222220004
35652  19.060  -38.827  41.394 0.3333329856
113049  18.196  -38.720  41.041 0.3333329856
35676  19.620  -38.561  40.787 0.2222220004
36553  18.416  -37.973  39.819 0.1111110002
36554  17.606  -38.011  39.741 0.1111110002
36552  19.299  -38.001  39.847 0.1111110002
36572  17.192  -37.235  39.384 0.2222220004
37600  18.594  -36.871  38.614 0.2222220004
37619  19.023  -36.362  37.947 0.2222220004
120743  18.532  -36.066  38.126 0.2222220004
40691  34.618  -34.030  35.994 0.4444440007
40707  37.213  -33.608  35.906 0.5555559993
40689  36.730  -34.110  36.418 0.7777780294
128662  37.463  -32.788  35.030 0.5555559993
40708  36.234  -33.834  35.660 0.7777780294
40690  35.448  -34.157  36.040 0.4444440007
40723  35.975  -33.367  34.821 0.5555559993
40724  35.228  -33.320  34.529 0.3333329856
41544  36.438  -32.820  34.371 0.4444440007
115254  35.748  -32.986  34.257 0.3333329856
41545  35.179  -32.907  33.928 0.3333329856
41505  38.479  -32.709  35.779 0.6666669846
41506  37.682  -32.997  35.497 0.6666669846
42381  37.711  -31.940  34.158 0.4444440007
113217  37.239  -32.584  34.563 0.4444440007
42400  37.219  -31.607  33.449 0.4444440007
42415  36.827  -31.222  32.761 0.3333329856
41576  36.404  -31.864  33.171 0.3333329856
41577  35.596  -32.069  32.863 0.2222220004
41563  35.918  -32.528  33.649 0.2222220004
111283  36.045  -31.494  32.407 0.3333329856
122380  34.942  -32.219  32.666 0.2222220004
41504  39.291  -32.379  36.235 0.7777780294
41525  38.022  -32.410  34.961 0.5555559993
124708  38.442  -31.709  34.542 0.5555559993
42431  36.495  -30.854  32.039 0.2222220004
42344  39.711  -31.617  35.949 0.6666669846
42361  38.951  -31.914  35.347 0.5555559993
43218  39.038  -31.148  34.780 0.5555559993
129962  38.164  -31.520  34.116 0.5555559993
127452  38.208  -30.661  33.454 0.4444440007
42414  37.550  -30.936  33.112 0.4444440007
43262  37.238  -30.541  32.426 0.2222220004
43279  36.893  -30.158  31.746 0.2222220004
42360  39.513  -31.229  35.325 0.6666669846
43217  39.710  -30.476  34.932 0.4444440007
43247  38.793  -30.263  33.791 0.5555559993
43261  37.894  -30.230  32.879 0.1111110002
43204  40.022  -30.854  35.721 0.7777780294
43216  40.395  -30.091  35.507 0.6666669846
44108  40.151  -29.562  34.863 0.6666669846
43229  39.495  -29.740  34.161 0.5555559993
44142  38.917  -29.516  33.423 0.3333329856
44123  40.044  -28.842  34.328 0.6666669846
44141  39.511  -28.836  33.607 0.5555559993
45134  40.959  -28.534  35.251 0.7777780294
46158  40.010  -27.933  33.804 0.6666669846
45157  39.474  -28.140  33.212 0.3333329856
46170  39.162  -27.767  32.711 0.4444440007
46184  39.324  -27.044  32.634 0.4444440007
46203  38.458  -27.404  31.706 0.3333329856
46204  37.912  -27.518  31.167 0.1111110002
126010  40.645  -28.091  34.592 0.6666669846
118102  40.103  -26.895  33.605 0.5555559993
47177  39.599  -26.343  32.977 0.5555559993
47185  39.044  -26.441  32.308 0.3333329856
47192  38.687  -26.707  31.837 0.2222220004
115742  38.256  -26.662  31.331 0.2222220004
51867  41.600  -21.761  29.467 0.7777780294
51852  40.907  -22.080  30.211 0.7777780294
120944  41.138  -21.987  28.851 0.6666669846
51868  40.840  -22.150  29.440 0.7777780294
50973  39.626  -22.779  28.239 0.7777780294
50974  38.754  -23.201  28.629 0.4444440007
50975  37.953  -23.383  28.086 0.3333329856
50999  36.726  -23.277  26.254 0.2222220004
48180  38.606  -25.805  31.721 0.3333329856
48172  39.115  -25.498  32.482 0.6666669846
125216  37.930  -25.808  31.000 0.3333329856
50014  38.692  -23.765  31.681 0.7777780294
50023  37.797  -23.890  30.446 0.5555559993
49132  36.588  -24.258  29.448 0.2222220004
50940  39.455  -22.911  31.332 0.6666669846
50941  38.864  -23.406  31.343 0.5555559993
50951  37.756  -23.708  30.019 0.5555559993
50949  40.211  -22.506  29.839 0.6666669846
125473  38.905  -23.253  30.072 0.6666669846
123446  38.019  -23.414  28.950 0.5555559993
128508  37.255  -23.489  28.117 0.2222220004
48181  38.181  -24.881  31.301 0.6666669846
50009  39.040  -23.707  32.522 0.7777780294
49116  38.448  -24.196  31.546 0.7777780294
56559  43.504  -17.209  26.106 0.4444440007
55685  45.054  -17.265  25.094 0.4444440007
55695  44.315  -17.353  24.844 0.4444440007
56579  42.571  -17.073  24.050 0.2222220004
55694  44.926  -17.096  24.272 0.5555559993
56594  43.491  -16.713  23.548 0.3333329856
57420  42.209  -15.902  23.011 0.2222220004
57438  41.837  -15.119  22.759 0.2222220004
56593  44.540  -16.616  23.518 0.3333329856
57419  43.053  -15.936  22.955 0.2222220004
58318  40.940  -14.706  22.914 0.2222220004
59255  39.572  -13.683  23.363 0.1111110002
60955  38.997  -11.164  28.564 0.1111110002
56577  45.883  -17.041  24.661 0.5555559993
109454  39.168  -11.577  25.970 0.1111110002
56591  46.444  -16.563  23.791 0.5555559993
56592  45.495  -16.627  23.652 0.4444440007
57418  44.012  -15.797  22.865 0.2222220004
58341  41.700  -14.331  22.751 0.2222220004
60110  39.913  -12.302  23.984 0.1111110002
61842  40.919  -10.671  30.504 0.1111110002
108988  40.432  -10.983  27.994 0.1111110002
60954  39.904  -11.049  28.613 0.1111110002
60967  40.151  -11.117  27.132 0.1111110002
60983  40.752  -11.047  26.445 0.1111110002
128421  40.268  -11.522  25.014 0.1111110002
61010  40.585  -11.718  24.391 0.1111110002
57417  45.077  -15.901  23.002 0.3333329856
57436  43.328  -15.313  22.626 0.2222220004
58340  42.367  -14.467  22.594 0.2222220004
122174  40.931  -13.031  23.223 0.1111110002
61022  41.339  -11.655  23.871 0.1111110002
57434  45.650  -15.231  22.565 0.2222220004
57435  44.726  -15.057  22.437 0.2222220004
59272  42.842  -13.806  22.423 0.2222220004
60137  42.085  -12.535  22.888 0.1111110002
60121  41.453  -12.368  23.316 0.1111110002
58336  46.187  -14.619  22.227 0.2222220004
58338  44.392  -14.029  21.999 0.2222220004
130817  43.258  -13.284  22.224 0.2222220004
60136  42.724  -12.877  22.482 0.2222220004
58337  45.363  -14.399  22.143 0.2222220004
60135  43.759  -13.331  21.940 0.2222220004
57431  48.256  -15.327  22.726 0.2222220004
31714  3.718  -42.715  54.595 0.3333329856
31730  7.620  -42.860  53.554 0.5555559993
33629  10.879  -41.473  49.347 0.5555559993
123462  12.040  -40.478  46.482 0.5555559993
33671  10.753  -40.850  47.483 0.4444440007
34705  16.726  -39.569  41.944 0.2222220004
34688  25.922  -39.503  42.610 0.6666669846
49115  38.794  -24.092  32.284 0.7777780294
110761  38.850  -23.295  30.746 0.6666669846
50939  40.196  -22.460  30.773 0.6666669846
56558  44.431  -17.157  25.805 0.4444440007
57415  46.925  -15.944  23.212 0.2222220004
57433  46.520  -15.305  22.661 0.2222220004
57432  47.374  -15.324  22.708 0.2222220004
41512  27.012  -33.048  35.526 0.3333329856
34603  3.800  -39.344  53.313 0.1111110002
33630  5.768  -41.173  49.868 0.1111110002
33660  6.395  -40.365  48.585 0.1111110002
34619  5.520  -39.419  49.924 0.1111110002
35568  5.198  -39.051  50.849 0.1111110002
33659  7.160  -40.933  48.279 0.1111110002
123925  7.823  -41.902  49.377 0.4444440007
32672  8.619  -41.952  49.337 0.4444440007
34624  6.872  -39.340  47.637 0.1111110002
34630  7.404  -39.260  46.946 0.1111110002
32671  9.418  -41.892  49.281 0.4444440007
33657  9.345  -41.302  47.867 0.4444440007
34629  8.086  -39.897  46.696 0.2222220004
35601  8.877  -38.411  45.518 0.1111110002
34643  8.943  -39.120  45.561 0.1111110002
33672  9.800  -40.763  47.165 0.4444440007
33717  10.865  -40.099  45.602 0.3333329856
35599  10.012  -38.958  44.726 0.1111110002
125615  10.889  -38.663  43.880 0.2222220004
36530  12.281  -37.472  42.604 0.1111110002
35657  13.802  -38.284  41.310 0.2222220004
35624  24.339  -39.038  41.690 0.4444440007
125743  23.282  -38.821  41.089 0.4444440007
122568  22.651  -38.214  39.810 0.2222220004
35679  16.174  -38.626  40.281 0.2222220004
36596  20.926  -36.895  37.594 0.2222220004
35692  16.748  -38.039  39.812 0.2222220004
36569  20.645  -37.806  39.169 0.2222220004
130791  18.731  -37.548  39.285 0.1111110002
37618  19.669  -36.252  37.408 0.2222220004
35677  18.777  -38.388  40.566 0.1111110002
114549  18.065  -38.375  40.304 0.1111110002
36571  18.037  -37.429  39.244 0.1111110002
37581  17.830  -36.750  39.000 0.2222220004
46185  38.909  -27.243  32.218 0.2222220004
47203  37.685  -26.740  30.713 0.2222220004
50972  40.381  -22.341  27.766 0.6666669846
50961  39.430  -22.971  29.363 0.6666669846
50962  38.511  -23.354  29.478 0.4444440007
108456  37.813  -22.957  26.406 0.2222220004
50942  38.362  -23.638  30.803 0.5555559993
50015  38.257  -23.904  31.083 0.5555559993
49123  37.926  -24.266  30.873 0.5555559993
49124  37.239  -24.276  30.194 0.4444440007
50024  37.109  -23.887  29.771 0.3333329856
48191  37.541  -24.958  30.608 0.3333329856
50950  39.483  -22.889  30.387 0.6666669846
109699  38.332  -23.504  30.156 0.5555559993
50952  37.132  -23.717  29.349 0.2222220004
50963  37.798  -23.560  29.505 0.3333329856
50044  36.749  -23.650  28.591 0.2222220004
50056  36.664  -23.561  28.063 0.1111110002
56578  44.156  -17.119  24.111 0.4444440007
122512  42.640  -16.453  23.364 0.2222220004
117210  41.218  -15.855  23.131 0.2222220004
57437  42.645  -15.261  22.679 0.2222220004
59254  40.447  -13.780  23.112 0.2222220004
60123  39.298  -12.879  23.728 0.1111110002
60122  40.133  -12.981  23.485 0.1111110002
60943  39.435  -11.006  29.348 0.1111110002
109196  39.553  -11.206  27.810 0.1111110002
108987  39.267  -11.370  26.891 0.1111110002
60984  39.933  -11.324  26.258 0.1111110002
60998  39.780  -11.548  25.462 0.1111110002
57416  46.019  -15.970  23.104 0.4444440007
121885  43.842  -14.831  22.362 0.2222220004
59253  41.274  -13.740  22.913 0.2222220004
61011  39.676  -11.899  24.688 0.1111110002
61023  40.714  -12.300  23.674 0.1111110002
61827  40.960  -10.434  31.453 0.1111110002
60942  40.301  -10.911  29.280 0.1111110002
60997  40.488  -11.286  25.649 0.1111110002
110673  40.829  -11.329  25.049 0.1111110002
58339  43.095  -14.632  22.456 0.2222220004
59273  42.080  -13.547  22.701 0.2222220004
129475  41.567  -13.047  22.989 0.2222220004
59271  43.523  -14.000  22.188 0.2222220004
58335  46.964  -14.693  22.258 0.2222220004
110134  43.414  -12.437  22.077 0.1111110002
59285  44.365  -12.871  21.672 0.2222220004
30932  27.785  -43.758  49.192 0.4444440007
30110  28.005  -44.252  48.487 0.4444440007
30929  30.020  -42.484  49.463 0.3333329856
30931  28.466  -43.470  49.224 0.4444440007
113167  27.804  -45.156  48.234 0.3333329856
29250  27.484  -45.852  48.697 0.2222220004
107097  28.944  -41.449  48.813 0.6666669846
32680  28.051  -41.771  49.368 0.6666669846
29249  27.987  -45.880  48.278 0.2222220004
33665  31.805  -40.833  48.820 0.4444440007
30111  27.346  -44.427  48.874 0.4444440007
31760  27.314  -43.242  49.640 0.4444440007
121387  27.425  -44.994  48.527 0.3333329856
32681  27.630  -42.174  49.530 0.4444440007
29251  26.958  -45.513  49.164 0.3333329856
32709  27.797  -41.527  47.961 0.4444440007
28338  27.039  -46.611  49.031 0.2222220004
120892  26.672  -44.623  49.397 0.3333329856
30933  27.166  -43.845  49.346 0.5555559993
31770  26.777  -42.578  49.299 0.5555559993
31761  26.702  -43.122  49.497 0.5555559993
32695  27.206  -41.657  48.152 0.5555559993
32683  26.382  -42.258  48.446 0.5555559993
112216  26.624  -41.841  47.840 0.5555559993
29255  23.165  -45.597  49.969 0.3333329856
30114  22.646  -44.801  49.713 0.3333329856
30101  21.484  -45.125  50.787 0.3333329856
30091  21.115  -45.409  51.559 0.3333329856
30910  20.140  -44.285  51.974 0.3333329856
30083  19.953  -44.377  52.093 0.3333329856
30911  19.301  -43.814  52.194 0.3333329856
30112  24.783  -44.521  49.584 0.4444440007
30936  24.210  -43.891  49.196 0.4444440007
30113  23.664  -44.713  49.537 0.3333329856
30115  21.909  -44.773  50.049 0.3333329856
31762  26.081  -43.096  49.221 0.4444440007
30945  24.576  -43.341  48.796 0.4444440007
30946  23.630  -43.491  48.625 0.4444440007
30937  23.112  -44.082  49.136 0.4444440007
32696  25.647  -42.466  48.063 0.5555559993
31772  25.311  -42.904  48.623 0.5555559993
32711  25.887  -42.074  47.507 0.6666669846
32710  26.129  -41.640  46.751 0.6666669846
30102  20.836  -44.725  51.355 0.3333329856
30917  20.169  -44.300  51.792 0.3333329856
31726  18.565  -43.020  52.615 0.3333329856
30938  22.055  -44.084  49.368 0.4444440007
30918  19.645  -43.588  51.968 0.3333329856
31734  19.061  -42.966  52.327 0.3333329856
114277  21.273  -43.744  49.366 0.4444440007
124381  20.049  -43.589  51.422 0.3333329856
31741  19.346  -42.793  51.883 0.4444440007
31742  18.854  -42.330  52.106 0.3333329856
35578  34.675  -37.786  49.583 0.2222220004
31773  24.214  -42.994  48.192 0.6666669846
30947  22.607  -43.567  48.592 0.5555559993
109924  25.026  -42.134  47.269 0.6666669846
113401  25.299  -41.731  46.702 0.6666669846
31783  23.668  -42.569  47.562 0.6666669846
31774  23.152  -43.061  48.014 0.5555559993
30948  21.656  -43.491  48.668 0.6666669846
31782  24.701  -42.560  47.763 0.6666669846
31775  22.165  -43.072  48.003 0.6666669846
31784  22.655  -42.584  47.471 0.6666669846
113972  21.339  -43.026  48.112 0.6666669846
32697  24.083  -42.146  47.084 0.6666669846
31786  20.667  -42.657  47.752 0.6666669846
31787  19.805  -42.409  47.665 0.6666669846
31785  21.683  -42.615  47.503 0.6666669846
109061  39.248  -35.780  47.226 0.1111110002
116617  37.140  -35.804  48.728 0.2222220004
37436  36.412  -36.072  49.276 0.3333329856
37417  36.633  -35.383  49.659 0.2222220004
38507  36.407  -35.036  49.793 0.3333329856
37433  39.035  -35.319  48.291 0.1111110002
37434  37.932  -35.396  48.679 0.1111110002
38523  37.774  -34.970  49.390 0.2222220004
39504  37.453  -34.244  49.581 0.2222220004
38537  40.557  -35.405  47.837 0.1111110002
37452  39.868  -35.528  47.813 0.1111110002
38521  39.972  -35.107  48.279 0.2222220004
112009  39.284  -34.674  48.766 0.2222220004
38522  38.438  -34.828  49.061 0.2222220004
40506  38.677  -33.718  48.938 0.2222220004
127678  37.928  -33.581  49.131 0.2222220004
40504  40.717  -33.780  48.164 0.2222220004
128871  40.152  -34.137  48.548 0.2222220004
121484  39.444  -34.145  48.887 0.2222220004
42238  42.343  -31.829  45.621 0.3333329856
117451  44.884  -27.967  42.500 0.6666669846
47110  45.291  -26.666  41.610 0.5555559993
118592  44.926  -27.992  41.543 0.7777780294
125862  44.899  -27.905  39.859 0.6666669846
45158  38.886  -28.674  32.893 0.1111110002
116685  38.655  -28.053  32.201 0.1111110002
50960  40.401  -22.431  28.797 0.5555559993
122485  39.760  -22.515  27.316 0.5555559993
50998  38.407  -22.353  25.952 0.2222220004
54740  38.646  -18.385  26.082 0.2222220004
56563  38.446  -17.011  25.481 0.1111110002
55687  39.563  -17.268  25.520 0.1111110002
123912  43.132  -17.427  25.451 0.3333329856
30902  17.919  -42.874  53.008 0.2222220004
31735  18.499  -42.335  52.712 0.3333329856
30925  19.713  -42.983  51.317 0.4444440007
46090  45.063  -27.226  40.233 0.6666669846
50986  38.650  -22.697  26.633 0.4444440007
55669  40.523  -17.818  26.397 0.2222220004
110364  24.428  -39.264  42.455 0.5555559993
110703  38.903  -22.912  27.550 0.4444440007
31759  27.942  -42.971  49.752 0.4444440007
31757  29.346  -42.242  49.744 0.3333329856
32666  28.433  -42.200  49.809 0.5555559993
31758  28.699  -42.812  49.737 0.4444440007
28337  27.613  -46.484  48.520 0.2222220004
107096  28.677  -41.661  49.457 0.6666669846
32693  28.252  -41.519  48.780 0.6666669846
31769  27.254  -42.569  49.617 0.4444440007
32682  27.008  -42.045  48.876 0.5555559993
32694  27.602  -41.695  48.819 0.4444440007
30934  26.411  -43.731  49.485 0.5555559993
31771  26.209  -42.674  48.893 0.5555559993
30092  20.412  -44.975  51.920 0.3333329856
30901  18.829  -43.776  52.359 0.3333329856
30935  25.365  -43.596  49.298 0.4444440007
114357  45.113  -27.251  41.131 0.6666669846
55681  40.145  -17.616  26.013 0.1111110002
55682  39.178  -17.628  25.934 0.1111110002
123657  37.574  -17.339  25.438 0.1111110002
30089  3.083  -44.414  52.433 0.2222220004
29224  3.843  -45.447  53.134 0.2222220004
34668  22.541  -39.631  43.335 0.5555559993
40692  33.678  -33.934  36.102 0.4444440007
130581  34.781  -33.518  34.777 0.2222220004
113433  34.205  -33.700  35.137 0.2222220004
40710  33.143  -33.676  35.340 0.2222220004
40711  32.194  -33.518  35.585 0.2222220004
128247  31.558  -33.366  35.769 0.2222220004
40738  34.468  -33.251  34.264 0.2222220004
40725  33.505  -33.364  34.460 0.2222220004
40726  32.560  -33.322  34.730 0.2222220004
41564  34.588  -32.820  33.602 0.2222220004
40739  33.763  -32.872  33.557 0.2222220004
111860  25.815  -44.443  49.646 0.3333329856
43135  44.442  -30.251  41.864 0.6666669846
44035  44.615  -29.486  41.481 0.6666669846
116640  37.312  -25.901  30.301 0.1111110002
64581  58.977  -6.893  15.030 0.3333329856
61088  56.091  -11.299  17.085 0.3333329856
63725  59.024  -8.162  15.292 0.3333329856
61971  58.192  -9.882  15.843 0.2222220004
62864  57.165  -9.889  16.251 0.2222220004
63726  58.247  -7.744  15.458 0.2222220004
113855  58.278  -8.854  15.593 0.3333329856
116275  57.566  -9.221  15.938 0.2222220004
64562  57.538  -7.201  15.835 0.2222220004
63716  57.551  -8.324  15.918 0.2222220004
43123  44.294  -30.283  42.740 0.5555559993
45058  44.716  -28.734  41.968 0.6666669846
30081  2.713  -43.950  53.110 0.2222220004
45198  38.080  -28.205  31.638 0.1111110002
48192  36.753  -25.049  29.849 0.2222220004
30090  2.751  -43.631  52.518 0.2222220004
45046  44.640  -28.698  42.941 0.6666669846
113249  36.748  -26.046  29.724 0.1111110002
37454  37.503  -35.956  47.849 0.1111110002
37480  37.035  -36.472  47.084 0.1111110002
37455  36.584  -36.460  48.203 0.1111110002
110727  28.909  -33.068  36.261 0.3333329856
41509  29.338  -33.296  36.421 0.3333329856
110518  29.905  -32.945  35.844 0.2222220004
45036  44.689  -28.577  43.950 0.3333329856
44025  44.542  -29.510  42.401 0.5555559993
113817  44.917  -28.019  43.363 0.5555559993
115521  45.102  -27.252  42.057 0.4444440007
47105  45.521  -26.547  42.320 0.4444440007
48087  45.809  -25.827  42.323 0.4444440007
47117  45.193  -26.390  40.779 0.4444440007
122852  31.016  -41.467  49.117 0.4444440007
37418  35.930  -35.851  49.633 0.2222220004
116879  45.473  -25.963  41.636 0.4444440007
52568  48.468  -20.472  42.496 0.1111110002
44009  44.352  -29.508  43.478 0.5555559993
37505  37.285  -36.603  46.064 0.1111110002
36488  36.484  -36.999  46.470 0.1111110002
117445  10.743  -48.658  52.716 0.1111110002
28295  10.026  -47.190  52.387 0.1111110002
130236  10.465  -48.077  53.084 0.1111110002
28296  9.346  -46.643  52.241 0.1111110002
28310  10.284  -46.910  51.347 0.1111110002
28311  9.674  -46.349  51.443 0.1111110002
27394  9.344  -47.115  53.047 0.1111110002
121328  10.061  -47.706  53.484 0.1111110002
28313  7.732  -46.094  51.940 0.1111110002
28312  8.835  -46.145  51.758 0.1111110002
28331  7.453  -45.777  51.143 0.1111110002
29247  7.801  -45.316  50.583 0.1111110002
27391  10.192  -47.810  54.182 0.1111110002
27392  9.423  -47.413  53.947 0.1111110002
28298  7.583  -46.406  52.907 0.1111110002
118251  6.860  -46.211  52.371 0.1111110002
28299  6.700  -46.312  52.973 0.1111110002
116258  6.060  -46.246  52.308 0.1111110002
129851  2.705  -43.343  52.263 0.1111110002
30098  3.110  -43.838  51.688 0.1111110002
28315  5.319  -46.158  51.860 0.1111110002
28345  6.222  -45.411  50.073 0.1111110002
28302  4.227  -45.867  51.969 0.1111110002
29281  3.598  -44.483  49.787 0.1111110002
30108  3.315  -44.110  50.793 0.1111110002
30922  3.103  -43.572  51.207 0.1111110002
117693  2.625  -43.071  51.958 0.1111110002
28346  5.284  -45.704  50.075 0.1111110002
31754  2.829  -42.860  51.021 0.1111110002
30909  2.377  -43.194  53.196 0.1111110002
119573  2.090  -42.567  53.281 0.2222220004
31740  2.152  -42.431  52.536 0.1111110002
31733  1.906  -42.015  53.117 0.1111110002
29237  3.746  -45.496  51.549 0.1111110002
29267  3.434  -44.539  50.333 0.1111110002
29239  3.366  -44.488  50.998 0.1111110002
31747  2.316  -42.414  51.890 0.1111110002
29264  5.809  -45.063  49.406 0.1111110002
29279  4.166  -44.835  49.365 0.1111110002
29266  3.525  -44.808  49.928 0.1111110002
30145  5.089  -43.335  47.897 0.1111110002
29304  5.175  -43.575  48.081 0.1111110002
30133  4.060  -44.052  49.130 0.1111110002
122434  1.688  -41.262  53.176 0.1111110002
28347  4.411  -45.529  49.805 0.1111110002
29265  4.944  -45.159  49.338 0.1111110002
32650  1.906  -41.576  52.460 0.1111110002
29277  5.970  -44.329  48.912 0.1111110002
29291  5.110  -43.835  48.384 0.1111110002
30160  5.155  -42.971  47.453 0.1111110002
33605  1.668  -40.643  53.292 0.1111110002
33615  1.387  -40.579  52.947 0.1111110002
36512  11.038  -37.174  43.733 0.1111110002
35681  14.709  -37.836  40.531 0.1111110002
41511  28.357  -33.417  35.684 0.2222220004
41530  28.947  -33.035  35.779 0.1111110002
41510  28.770  -33.217  35.634 0.1111110002
33636  31.706  -41.258  49.169 0.2222220004
131349  29.270  -32.878  35.836 0.1111110002
42362  28.698  -32.614  35.095 0.1111110002
42345  28.476  -32.875  35.065 0.1111110002
42346  28.133  -33.165  35.218 0.1111110002
42347  27.586  -33.020  35.180 0.2222220004
30123  29.957  -43.812  48.387 0.2222220004
30124  29.212  -44.376  48.146 0.2222220004
30944  29.661  -43.304  48.849 0.2222220004
108062  30.436  -41.997  49.698 0.2222220004
41528  30.310  -32.805  35.154 0.1111110002
42364  27.040  -32.386  34.646 0.1111110002
37601  18.010  -36.093  38.581 0.1111110002
37582  17.287  -36.153  39.118 0.1111110002
38695  17.635  -35.277  38.658 0.1111110002
39693  17.419  -34.423  38.902 0.1111110002
30109  28.869  -43.801  48.626 0.2222220004
30930  29.219  -43.008  49.391 0.3333329856
41527  31.536  -33.107  35.084 0.1111110002
41548  31.145  -32.670  34.219 0.1111110002
41565  32.906  -32.638  33.167 0.1111110002
120146  32.378  -32.735  33.539 0.1111110002
42365  26.235  -31.866  34.286 0.1111110002
41532  25.710  -32.472  34.640 0.1111110002
109422  32.244  -32.491  33.019 0.1111110002
41550  24.986  -31.912  34.005 0.1111110002
37631  22.596  -36.281  36.447 0.1111110002
37632  21.744  -36.204  36.490 0.1111110002
41533  24.686  -32.691  34.388 0.1111110002
40727  24.023  -32.952  34.322 0.1111110002
39734  23.761  -33.570  34.493 0.1111110002
38715  21.455  -35.528  36.123 0.1111110002
37633  20.986  -36.003  36.610 0.1111110002
37634  20.257  -35.709  36.813 0.1111110002
40728  23.410  -32.797  34.383 0.1111110002
47172  25.716  -26.658  34.492 0.1111110002
117310  35.113  -32.529  33.271 0.1111110002
41579  33.552  -32.344  32.559 0.1111110002
45166  24.441  -28.571  33.656 0.1111110002
117836  24.084  -31.228  33.745 0.1111110002
42387  23.427  -31.859  34.211 0.1111110002
39735  23.023  -33.603  34.582 0.1111110002
39725  22.627  -34.310  34.983 0.1111110002
38714  22.136  -35.784  36.028 0.1111110002
41594  34.374  -32.069  32.278 0.1111110002
41551  24.064  -32.240  34.078 0.1111110002
40715  21.834  -34.070  35.434 0.1111110002
45126  23.772  -27.990  35.831 0.1111110002
45148  23.975  -28.348  34.093 0.1111110002
113428  23.413  -30.081  33.989 0.1111110002
42366  22.819  -31.464  34.602 0.1111110002
41534  22.446  -32.602  34.914 0.1111110002
40714  22.328  -33.362  35.008 0.1111110002
41595  33.775  -31.903  31.877 0.1111110002
42416  35.161  -31.724  32.064 0.1111110002
42434  33.559  -31.631  31.188 0.1111110002
42453  33.292  -31.259  30.396 0.1111110002
42432  35.749  -31.132  31.624 0.1111110002
119132  43.049  -31.292  45.335 0.3333329856
43107  43.662  -30.580  45.054 0.1111110002
44010  44.010  -30.020  44.283 0.1111110002
43995  44.077  -29.750  45.197 0.1111110002
43980  44.568  -29.151  45.695 0.2222220004
43994  44.372  -29.207  44.615 0.1111110002
124318  38.151  -23.131  27.169 0.2222220004
45012  45.148  -28.526  45.657 0.2222220004
45023  44.877  -28.473  44.964 0.2222220004
46063  45.440  -27.926  45.248 0.2222220004
46071  45.246  -27.749  44.236 0.2222220004
126952  53.360  -19.228  33.987 0.1111110002
47088  46.224  -26.497  44.549 0.2222220004
47089  45.776  -26.880  43.958 0.3333329856
46077  45.319  -27.239  43.098 0.3333329856
47100  45.880  -26.280  43.097 0.3333329856
47099  46.144  -26.115  43.845 0.3333329856
49002  46.865  -24.452  43.941 0.1111110002
48086  46.057  -25.326  42.837 0.3333329856
50761  47.770  -23.153  44.116 0.1111110002
49891  47.188  -23.461  43.746 0.1111110002
49003  46.370  -24.665  43.204 0.2222220004
49892  46.570  -23.812  43.041 0.3333329856
54635  53.656  -17.975  33.520 0.1111110002
126879  52.916  -17.855  33.037 0.1111110002
55584  53.249  -17.173  33.472 0.1111110002
56456  53.883  -16.773  34.373 0.1111110002
113119  53.163  -16.345  34.162 0.1111110002
57285  52.319  -14.413  35.646 0.1111110002
58172  51.769  -13.786  35.667 0.1111110002
60874  53.212  -11.314  34.669 0.2222220004
60911  53.590  -10.304  33.064 0.2222220004
60912  52.887  -10.806  33.186 0.3333329856
61822  54.635  -10.249  32.886 0.2222220004
61833  56.049  -9.461  31.639 0.1111110002
61835  54.352  -9.365  31.720 0.2222220004
60920  53.766  -9.988  32.212 0.2222220004
61834  55.223  -9.257  32.030 0.2222220004
61836  53.525  -10.062  31.062 0.2222220004
31725  2.072  -42.072  53.543 0.2222220004
117192  6.095  -46.273  52.930 0.1111110002
28290  4.962  -46.011  53.087 0.1111110002
29223  4.450  -45.775  53.534 0.1111110002
29232  3.398  -45.042  52.717 0.1111110002
28318  3.631  -45.391  50.790 0.1111110002
28317  3.963  -45.883  51.098 0.1111110002
29248  3.457  -44.921  50.521 0.1111110002
107899  30.528  -41.722  49.537 0.2222220004
43114  44.070  -30.324  43.486 0.4444440007
49014  46.096  -24.443  42.417 0.3333329856
59971  53.027  -12.502  35.772 0.1111110002
60895  53.680  -10.901  34.028 0.2222220004
131232  3.081  -44.070  52.066 0.1111110002
29231  3.817  -45.471  52.328 0.1111110002
59110  53.549  -13.179  36.162 0.1111110002
38713  22.858  -35.678  35.822 0.1111110002
39724  23.474  -34.350  34.737 0.1111110002
41513  26.241  -33.034  35.303 0.2222220004
37617  20.551  -36.430  37.178 0.1111110002
41578  34.402  -32.512  32.976 0.1111110002
42451  34.995  -31.304  31.161 0.1111110002
42433  34.355  -31.667  31.543 0.1111110002
128182  38.443  -30.044  33.267 0.1111110002
30125  28.439  -44.847  48.018 0.2222220004
129496  28.759  -45.063  47.858 0.2222220004
28291  4.323  -45.759  52.765 0.1111110002
41546  32.876  -32.996  33.924 0.1111110002
41547  32.058  -32.916  34.144 0.1111110002
41529  29.311  -32.830  35.561 0.1111110002
30916  2.285  -42.900  52.734 0.1111110002
26550  10.890  -48.704  53.359 0.1111110002
108747  9.095  -45.790  51.128 0.1111110002
130261  10.089  -46.291  50.805 0.1111110002
28297  8.562  -46.522  52.621 0.1111110002
28330  8.302  -45.713  51.180 0.1111110002
28314  6.655  -46.056  51.497 0.1111110002
28344  6.859  -45.628  50.642 0.1111110002
113826  5.816  -46.140  51.491 0.1111110002
28300  5.442  -46.130  52.607 0.1111110002
28316  4.643  -46.081  51.437 0.1111110002
28301  4.778  -45.950  52.509 0.1111110002
28333  5.240  -46.118  50.997 0.1111110002
29280  3.871  -44.625  49.477 0.1111110002
28334  4.522  -45.990  50.567 0.1111110002
28336  3.577  -45.175  50.101 0.1111110002
130247  6.424  -45.052  49.645 0.1111110002
29278  5.333  -44.671  48.965 0.1111110002
111730  4.561  -44.259  48.868 0.1111110002
28357  4.451  -45.048  49.367 0.1111110002
29293  4.297  -44.306  49.117 0.1111110002
28348  3.898  -45.201  49.686 0.1111110002
29292  4.567  -43.827  48.575 0.1111110002
30144  5.511  -43.569  48.230 0.1111110002
30146  4.201  -43.686  48.636 0.1111110002
30161  4.726  -43.266  47.810 0.1111110002
29290  5.370  -44.081  48.599 0.1111110002
30143  6.059  -43.652  48.355 0.1111110002
42363  27.578  -32.688  34.702 0.1111110002
30943  30.316  -42.792  48.979 0.2222220004
115678  26.192  -31.262  33.849 0.1111110002
42385  26.897  -31.816  34.181 0.1111110002
38683  17.086  -35.179  39.204 0.1111110002
41566  31.720  -32.556  33.445 0.1111110002
42386  25.303  -31.140  33.653 0.1111110002
38727  23.111  -35.067  35.177 0.1111110002
38728  22.140  -35.047  35.576 0.1111110002
38704  19.595  -35.365  37.014 0.1111110002
38717  20.111  -34.730  36.576 0.1111110002
46165  24.646  -27.722  33.869 0.1111110002
46176  25.497  -27.562  33.498 0.1111110002
45165  25.062  -28.398  33.384 0.1111110002
44150  24.786  -29.196  33.469 0.1111110002
44130  24.009  -29.210  33.726 0.1111110002
109235  24.603  -30.151  33.513 0.1111110002
43235  23.279  -31.065  34.183 0.1111110002
40729  22.816  -32.965  34.627 0.1111110002
44116  23.012  -29.493  35.263 0.1111110002
44131  23.501  -28.974  34.461 0.1111110002
45140  23.744  -28.132  34.910 0.1111110002
43221  22.822  -30.569  34.785 0.1111110002
41552  22.857  -32.278  34.546 0.1111110002
41514  22.041  -32.415  35.745 0.1111110002
42452  34.189  -31.329  30.723 0.1111110002
42454  32.374  -31.053  30.193 0.1111110002
43299  34.822  -30.872  30.376 0.1111110002
43981  44.001  -30.002  46.069 0.1111110002
48077  46.388  -25.343  43.725 0.2222220004
61823  54.210  -10.000  32.956 0.2222220004
61806  54.035  -10.387  33.462 0.2222220004
111088  54.625  -9.636  32.484 0.2222220004
129150  55.064  -9.655  32.532 0.2222220004
50987  37.295  -23.437  27.324 0.1111110002
111398  41.235  -17.517  25.696 0.2222220004
56581  40.796  -17.329  24.885 0.1111110002
55697  42.393  -17.516  25.121 0.2222220004
56580  41.669  -17.213  24.456 0.2222220004
55686  43.764  -17.393  25.342 0.2222220004
61967  56.693  -10.623  16.660 0.2222220004
118441  61.924  -8.726  17.454 0.2222220004
64580  59.999  -6.436  15.098 0.3333329856
61949  62.094  -9.483  18.707 0.1111110002
61956  61.975  -9.573  17.845 0.2222220004
61909  61.955  -9.542  22.478 0.2222220004
56562  40.649  -17.474  25.517 0.1111110002
113880  59.841  -7.243  15.316 0.3333329856
50070  36.486  -23.561  27.255 0.1111110002
55696  43.407  -17.358  24.613 0.2222220004
108586  39.914  -17.026  25.089 0.1111110002
107083  32.841  -42.929  47.736 0.1111110002
109090  31.930  -43.254  47.326 0.1111110002
30135  32.807  -43.899  46.593 0.1111110002
108031  31.374  -44.172  46.497 0.1111110002
122971  31.618  -45.447  46.156 0.1111110002
27456  31.078  -46.559  45.428 0.1111110002
107084  31.082  -43.285  47.892 0.1111110002
30136  30.400  -44.322  47.549 0.1111110002
29282  30.836  -45.337  46.622 0.1111110002
27457  30.317  -46.741  45.807 0.1111110002
28423  28.984  -45.758  43.849 0.1111110002
29359  29.027  -45.235  43.039 0.1111110002
29366  28.427  -44.699  42.270 0.1111110002
29283  30.025  -45.436  47.068 0.1111110002
27467  29.887  -46.787  45.476 0.1111110002
113560  28.615  -46.471  45.239 0.1111110002
29360  28.361  -45.029  42.993 0.1111110002
118378  28.492  -46.005  44.566 0.1111110002
33648  35.795  -39.901  48.387 0.1111110002
33650  34.620  -40.381  49.031 0.1111110002
32679  33.771  -41.316  48.969 0.1111110002
35577  35.466  -37.615  49.286 0.1111110002
117004  35.054  -37.902  49.578 0.1111110002
33649  34.789  -39.549  49.265 0.1111110002
32662  33.855  -40.679  49.195 0.1111110002
127863  34.948  -37.369  49.648 0.1111110002
35570  34.234  -38.413  49.492 0.1111110002
33633  34.103  -39.882  49.360 0.1111110002
32663  33.157  -41.046  49.274 0.1111110002
33634  33.136  -40.471  49.210 0.1111110002
26570  25.729  -47.301  48.664 0.1111110002
125078  32.292  -40.875  49.116 0.1111110002
26577  26.323  -47.102  48.316 0.1111110002
27430  25.973  -46.950  47.933 0.1111110002
33635  33.062  -39.960  49.063 0.1111110002
130033  26.776  -46.999  47.855 0.1111110002
108212  31.526  -42.113  49.470 0.1111110002
28351  28.133  -46.570  48.128 0.1111110002
27446  27.248  -46.862  47.322 0.1111110002
28360  28.500  -46.743  47.581 0.1111110002
27445  27.891  -46.918  47.239 0.1111110002
28386  26.416  -46.223  46.424 0.1111110002
129779  29.084  -46.883  46.508 0.1111110002
27469  28.209  -46.551  45.885 0.1111110002
28404  26.867  -45.490  45.419 0.1111110002
29322  26.340  -44.819  44.959 0.1111110002
114068  27.458  -45.662  45.158 0.1111110002
36478  36.117  -37.521  48.035 0.1111110002
36448  35.625  -36.701  49.419 0.1111110002
26569  26.269  -47.187  48.627 0.2222220004
26578  25.504  -47.235  48.383 0.1111110002
30912  16.259  -43.013  52.910 0.1111110002
30086  16.210  -43.486  52.169 0.1111110002
119518  25.475  -47.101  49.341 0.2222220004
26559  25.234  -47.445  49.054 0.2222220004
26571  25.053  -47.571  48.746 0.2222220004
30904  16.727  -42.645  53.446 0.1111110002
30077  17.216  -43.345  52.833 0.1111110002
28320  25.572  -46.606  49.740 0.2222220004
28339  26.175  -46.816  49.325 0.2222220004
27410  24.638  -47.426  49.497 0.1111110002
39517  40.098  -34.554  48.542 0.1111110002
28319  26.327  -46.239  49.642 0.2222220004
30903  17.391  -42.999  53.084 0.1111110002
29240  25.683  -45.980  50.022 0.2222220004
30076  17.915  -43.655  52.471 0.1111110002
27399  24.794  -47.000  49.843 0.2222220004
28321  24.131  -46.782  50.166 0.2222220004
28325  19.279  -45.683  50.673 0.1111110002
29252  26.351  -45.556  49.662 0.2222220004
27400  23.991  -47.353  49.995 0.1111110002
26554  22.321  -47.581  49.927 0.1111110002
27411  21.620  -47.405  49.764 0.1111110002
114352  20.571  -46.696  49.440 0.1111110002
27423  19.759  -45.924  49.135 0.1111110002
41375  41.643  -32.852  47.479 0.1111110002
41367  40.968  -33.300  47.716 0.1111110002
42212  42.256  -32.283  47.223 0.1111110002
30895  17.284  -42.463  53.485 0.1111110002
30075  18.602  -44.045  52.220 0.1111110002
112527  18.107  -43.491  52.591 0.1111110002
29221  18.918  -44.505  51.992 0.1111110002
126051  18.388  -44.079  52.114 0.1111110002
28307  19.425  -45.565  51.336 0.1111110002
28308  18.749  -45.183  51.022 0.1111110002
28324  19.764  -46.105  50.986 0.1111110002
30099  26.013  -45.191  49.760 0.2222220004
29253  25.245  -45.312  49.852 0.2222220004
27401  23.256  -47.024  50.240 0.1111110002
27402  21.714  -46.782  50.675 0.2222220004
27395  21.000  -46.534  51.076 0.2222220004
27404  20.129  -46.475  50.509 0.1111110002
29254  24.216  -45.455  49.834 0.2222220004
29241  23.722  -46.268  50.154 0.2222220004
29242  22.752  -46.266  50.448 0.2222220004
28303  21.678  -45.920  51.107 0.2222220004
117692  42.362  -32.670  47.513 0.1111110002
42225  42.191  -31.951  46.588 0.1111110002
29227  19.911  -44.941  52.013 0.1111110002
29228  19.230  -45.066  51.966 0.1111110002
28292  20.150  -45.316  51.859 0.1111110002
28293  19.711  -45.247  51.835 0.1111110002
28305  20.623  -45.818  51.659 0.1111110002
27396  20.339  -46.318  51.156 0.1111110002
29233  20.831  -45.476  51.641 0.2222220004
129930  21.589  -45.630  51.111 0.2222220004
42237  42.889  -31.415  46.325 0.1111110002
29220  19.347  -44.502  51.984 0.1111110002
29226  20.306  -45.092  51.868 0.2222220004
30082  20.109  -44.852  51.963 0.1111110002
129778  37.007  -18.979  25.374 0.1111110002
54742  36.218  -18.788  25.231 0.1111110002
120749  34.469  -18.140  25.360 0.1111110002
55688  37.090  -18.115  25.377 0.1111110002
119571  36.165  -18.044  25.200 0.1111110002
117707  35.307  -18.350  25.224 0.1111110002
55690  34.884  -17.406  25.213 0.1111110002
120644  36.625  -17.289  25.224 0.1111110002
56595  41.884  -16.569  23.575 0.1111110002
58334  47.783  -14.719  22.185 0.1111110002
59270  45.189  -13.536  21.766 0.1111110002
58358  46.620  -14.136  21.963 0.1111110002
58359  45.983  -13.871  21.898 0.1111110002
58357  47.285  -14.093  21.797 0.1111110002
59284  46.659  -13.457  21.550 0.1111110002
124383  45.164  -12.812  21.530 0.1111110002
116868  45.826  -13.131  21.539 0.1111110002
59282  48.477  -13.456  20.786 0.1111110002
59283  47.556  -13.445  21.245 0.1111110002
113002  46.311  -12.748  21.268 0.1111110002
60156  47.790  -12.704  20.735 0.1111110002
60148  45.604  -12.245  21.284 0.1111110002
59281  49.420  -13.704  20.547 0.1111110002
60146  47.003  -12.746  21.064 0.1111110002
60157  47.257  -11.965  20.658 0.1111110002
122277  49.083  -13.052  20.222 0.1111110002
59303  49.772  -13.173  19.902 0.1111110002
60155  48.525  -12.500  20.303 0.1111110002
60171  50.173  -12.539  19.532 0.1111110002
61054  48.618  -11.460  20.100 0.1111110002
118839  47.963  -11.973  20.387 0.1111110002
63740  61.561  -7.447  14.676 0.2222220004
61961  53.914  -11.082  17.870 0.1111110002
64597  61.396  -6.711  14.250 0.2222220004
62866  56.000  -10.485  16.889 0.1111110002
61959  55.354  -10.657  17.181 0.1111110002
61952  54.076  -10.019  18.007 0.1111110002
61953  53.326  -10.431  18.304 0.1111110002
65534  60.873  -6.157  14.731 0.2222220004
127369  56.365  -9.773  16.707 0.1111110002
118055  55.626  -9.734  17.177 0.1111110002
61960  54.598  -10.787  17.541 0.1111110002
65549  61.087  -6.215  13.772 0.2222220004
65535  60.248  -5.987  14.703 0.2222220004
120868  60.980  -7.722  12.029 0.2222220004
65564  59.807  -5.544  12.854 0.2222220004
64598  59.374  -5.843  14.617 0.2222220004
64623  60.614  -6.786  12.153 0.2222220004
62865  56.860  -8.832  16.497 0.1111110002
62858  56.036  -8.825  17.191 0.1111110002
62853  54.496  -8.965  18.620 0.1111110002
65552  58.714  -5.367  13.793 0.2222220004
65536  58.483  -5.799  14.682 0.2222220004
62859  55.273  -8.859  17.859 0.1111110002
64624  60.083  -6.098  12.210 0.2222220004
66436  57.982  -5.249  13.451 0.1111110002
65537  57.604  -5.566  14.745 0.1111110002
65516  57.353  -6.125  15.641 0.1111110002
63717  57.010  -7.704  16.444 0.1111110002
63711  56.389  -7.914  17.099 0.1111110002
63712  55.602  -7.942  17.855 0.1111110002
65573  58.072  -5.903  12.353 0.2222220004
66448  56.966  -5.379  13.303 0.1111110002
65538  56.951  -5.552  15.178 0.1111110002
65517  56.583  -5.803  15.991 0.1111110002
64555  56.575  -7.153  16.890 0.1111110002
64556  56.061  -7.165  17.435 0.1111110002
66449  56.182  -5.616  13.625 0.1111110002
66427  56.259  -5.351  14.940 0.1111110002
65518  55.916  -5.863  16.603 0.1111110002
113218  55.488  -7.215  17.989 0.1111110002
66439  55.727  -5.488  14.259 0.1111110002
66412  55.921  -5.495  15.771 0.1111110002
65506  56.351  -6.451  16.878 0.1111110002
65507  55.623  -6.510  17.465 0.1111110002
65554  55.386  -5.896  14.000 0.1111110002
66429  54.738  -5.733  15.372 0.1111110002
61986  52.697  -10.542  14.300 0.1111110002
64553  54.966  -7.562  18.617 0.1111110002
66414  54.619  -5.760  16.306 0.1111110002
64599  54.508  -6.915  14.364 0.1111110002
65539  54.446  -6.220  14.981 0.1111110002
66406  55.236  -5.839  16.980 0.1111110002
65500  54.641  -6.658  18.616 0.1111110002
63761  54.918  -7.266  13.949 0.1111110002
64600  54.199  -6.803  14.837 0.1111110002
65519  53.551  -6.413  16.222 0.1111110002
66415  53.954  -5.913  16.620 0.1111110002
66407  54.533  -5.852  17.215 0.1111110002
66401  54.386  -6.100  18.046 0.1111110002
65508  54.990  -6.250  17.811 0.1111110002
112725  54.013  -7.427  14.724 0.1111110002
65541  53.124  -7.054  16.004 0.1111110002
66416  53.350  -6.164  16.958 0.1111110002
66408  53.853  -5.961  17.457 0.1111110002
64583  52.660  -7.732  15.947 0.1111110002
115043  52.373  -8.407  15.633 0.1111110002
62878  52.115  -9.803  14.835 0.1111110002
62880  50.319  -9.943  14.366 0.1111110002
65499  55.009  -6.952  18.457 0.1111110002
116903  54.742  -7.023  19.286 0.1111110002
66409  53.103  -6.246  17.699 0.1111110002
66402  53.712  -6.158  18.311 0.1111110002
66393  54.208  -6.423  18.915 0.1111110002
65509  52.483  -6.650  17.449 0.1111110002
125009  52.379  -6.531  18.083 0.1111110002
63718  51.841  -8.147  16.172 0.1111110002
65511  50.286  -7.175  18.005 0.1111110002
65510  51.533  -6.946  17.923 0.1111110002
63729  51.346  -8.931  15.677 0.1111110002
64566  50.297  -7.994  16.793 0.1111110002
62872  50.665  -9.569  15.123 0.1111110002
63720  49.754  -8.503  16.186 0.1111110002
62873  49.776  -9.407  14.887 0.1111110002
122349  53.567  -6.236  19.299 0.1111110002
65493  51.802  -6.548  18.815 0.1111110002
66394  52.606  -6.256  19.390 0.1111110002
65502  49.669  -6.788  18.755 0.1111110002
65501  50.791  -6.835  18.588 0.1111110002
65512  49.151  -7.173  17.917 0.1111110002
64568  48.378  -7.860  16.281 0.1111110002
64567  49.269  -8.013  16.669 0.1111110002
63731  49.201  -8.791  15.427 0.1111110002
116881  48.539  -8.372  14.905 0.1111110002
66382  51.729  -5.935  20.567 0.1111110002
66395  51.703  -6.305  19.735 0.1111110002
124687  50.930  -6.233  20.165 0.1111110002
108037  31.921  -42.632  48.575 0.1111110002
114578  32.191  -42.069  49.254 0.1111110002
30942  32.870  -42.290  48.633 0.1111110002
31768  33.791  -41.962  48.479 0.1111110002
107085  31.003  -42.593  48.942 0.1111110002
30953  33.840  -43.172  47.118 0.1111110002
31755  32.812  -41.632  49.128 0.1111110002
28350  28.741  -46.096  47.691 0.1111110002
29270  28.463  -45.737  47.928 0.1111110002
32664  32.386  -41.273  49.243 0.1111110002
107093  31.688  -41.624  49.370 0.1111110002
30122  30.478  -43.292  48.419 0.1111110002
27408  27.128  -47.014  48.632 0.1111110002
126658  26.999  -47.107  48.156 0.1111110002
27429  27.420  -47.056  47.835 0.1111110002
33651  32.517  -40.326  48.948 0.1111110002
129359  33.582  -39.684  49.258 0.1111110002
34615  34.677  -38.288  49.577 0.1111110002
36449  35.187  -37.154  49.567 0.1111110002
53798  35.440  -19.381  25.220 0.1111110002
54741  37.744  -18.664  25.677 0.1111110002
59302  50.604  -13.276  19.672 0.1111110002
63723  61.473  -7.456  15.913 0.2222220004
64578  61.149  -6.704  15.351 0.2222220004
56596  41.018  -16.672  23.922 0.1111110002
28352  27.555  -46.842  48.391 0.1111110002
30100  22.191  -45.557  50.470 0.2222220004
28304  21.351  -46.148  51.215 0.2222220004
27409  26.517  -47.129  48.903 0.2222220004
64582  58.055  -6.540  15.248 0.1111110002
107095  31.103  -41.852  49.593 0.1111110002
29268  29.555  -44.832  47.707 0.1111110002
29269  28.915  -45.351  47.738 0.1111110002
107088  30.829  -42.119  49.622 0.1111110002
107094  30.969  -41.980  49.754 0.1111110002
29297  31.227  -46.109  46.123 0.1111110002
29296  32.083  -45.807  45.746 0.1111110002
129034  30.985  -46.381  46.012 0.1111110002
28368  31.752  -45.994  45.768 0.1111110002
27466  30.694  -46.678  45.313 0.1111110002
27465  31.109  -46.625  45.036 0.1111110002
129515  30.510  -46.018  46.567 0.1111110002
28369  30.515  -46.466  46.218 0.1111110002
27442  30.258  -46.710  46.092 0.1111110002
28422  29.578  -45.687  43.609 0.1111110002
28416  29.883  -46.243  44.189 0.1111110002
28402  29.328  -46.535  44.818 0.1111110002
29284  29.306  -45.794  47.370 0.1111110002
28401  30.317  -46.656  44.848 0.1111110002
27458  29.329  -46.839  46.076 0.1111110002
27468  29.010  -46.743  45.688 0.1111110002
28403  27.998  -46.101  45.233 0.1111110002
28417  27.817  -45.515  44.470 0.1111110002
28424  28.186  -45.358  43.720 0.1111110002
28425  27.535  -44.944  43.589 0.1111110002
34622  35.354  -39.312  48.988 0.1111110002
26568  26.809  -47.128  48.463 0.1111110002
107087  31.277  -41.919  49.616 0.1111110002
27428  28.363  -46.902  47.492 0.1111110002
27418  28.021  -47.006  48.011 0.1111110002
27461  27.038  -46.578  46.726 0.1111110002
28359  29.160  -46.509  47.166 0.1111110002
27444  28.777  -46.910  46.878 0.1111110002
27459  28.539  -46.805  46.480 0.1111110002
27460  27.714  -46.694  46.625 0.1111110002
28385  27.323  -46.174  45.947 0.1111110002
124380  26.713  -45.862  45.938 0.1111110002
28405  26.076  -45.418  45.846 0.1111110002
28370  29.724  -46.609  46.515 0.1111110002
29342  25.783  -44.285  44.331 0.1111110002
28418  27.106  -45.017  44.482 0.1111110002
30084  17.833  -43.825  52.247 0.1111110002
129525  24.712  -46.128  50.052 0.2222220004
27405  19.708  -46.125  50.359 0.1111110002
26553  23.135  -47.487  49.988 0.1111110002
128605  21.841  -47.235  50.229 0.1111110002
123847  22.445  -47.114  50.291 0.1111110002
27403  21.176  -47.018  50.322 0.1111110002
27422  20.265  -46.268  48.862 0.1111110002
125586  20.627  -46.670  50.629 0.1111110002
27413  20.047  -46.329  49.734 0.1111110002
29234  18.775  -45.085  51.558 0.1111110002
28306  19.994  -45.824  51.585 0.1111110002
28322  23.266  -46.674  50.288 0.2222220004
28323  22.335  -46.546  50.505 0.2222220004
60147  46.444  -12.022  20.967 0.1111110002
62860  54.876  -9.815  17.642 0.1111110002
64612  61.287  -6.950  12.956 0.2222220004
65551  59.678  -5.528  13.863 0.2222220004
65563  60.733  -6.084  12.881 0.2222220004
66435  58.376  -5.268  13.022 0.2222220004
65572  59.069  -5.941  12.077 0.2222220004
65553  58.009  -5.307  14.056 0.2222220004
65565  58.221  -5.494  12.610 0.2222220004
66437  57.347  -5.220  13.778 0.1111110002
66447  57.695  -5.305  13.072 0.1111110002
64563  56.945  -6.688  16.328 0.1111110002
65566  57.481  -5.587  12.820 0.1111110002
64627  57.240  -6.107  12.576 0.1111110002
65567  56.671  -5.780  13.107 0.1111110002
66438  56.533  -5.306  13.961 0.1111110002
66426  56.906  -5.306  14.470 0.1111110002
66440  55.015  -5.810  14.579 0.1111110002
66428  55.441  -5.490  15.097 0.1111110002
65555  54.774  -6.297  14.418 0.1111110002
66430  54.125  -6.067  15.743 0.1111110002
62879  51.150  -10.095  14.645 0.1111110002
128318  55.488  -6.664  13.554 0.1111110002
65540  53.841  -6.668  15.458 0.1111110002
63742  54.262  -7.954  14.365 0.1111110002
63741  54.912  -8.557  13.988 0.1111110002
63743  53.610  -8.288  14.792 0.1111110002
63727  53.371  -7.609  15.306 0.1111110002
65520  52.833  -6.699  16.761 0.1111110002
129708  52.946  -6.373  17.185 0.1111110002
66403  52.890  -6.301  18.597 0.1111110002
64564  52.335  -7.431  16.483 0.1111110002
63719  50.811  -8.425  16.245 0.1111110002
62871  52.029  -9.118  15.328 0.1111110002
127962  51.440  -9.542  15.157 0.1111110002
109577  53.116  -6.112  19.896 0.1111110002
65521  51.955  -7.193  17.148 0.1111110002
64565  51.374  -7.791  16.735 0.1111110002
64557  50.879  -7.484  17.361 0.1111110002
65494  50.649  -6.527  19.408 0.1111110002
63730  50.219  -9.034  15.662 0.1111110002
64558  49.739  -7.601  17.348 0.1111110002
64559  48.699  -7.539  17.145 0.1111110002
31756  32.018  -41.852  49.437 0.1111110002
27419  27.448  -47.063  48.220 0.1111110002
28358  29.969  -45.942  46.849 0.1111110002
50034  36.503  -23.921  29.105 0.1111110002
42221  45.698  -31.251  46.351 0.1111110002
42235  46.425  -31.286  45.490 0.1111110002
43966  44.722  -29.671  46.413 0.1111110002
42234  47.061  -31.422  44.689 0.1111110002
60894  54.196  -10.898  33.730 0.1111110002
113571  54.339  -11.512  34.035 0.1111110002
60910  54.646  -11.068  33.424 0.1111110002
43093  45.514  -30.300  46.428 0.1111110002
43979  46.849  -29.661  45.501 0.1111110002
43964  46.096  -29.346  46.015 0.1111110002
43965  45.352  -29.532  46.334 0.1111110002
45011  45.640  -28.252  45.758 0.1111110002
44994  45.176  -28.923  46.108 0.1111110002
59987  53.503  -11.897  35.334 0.1111110002
46052  46.113  -27.898  45.736 0.1111110002
44992  46.460  -28.347  45.758 0.1111110002
44993  45.773  -28.693  45.967 0.1111110002
46070  45.842  -27.236  44.839 0.1111110002
60918  55.486  -9.892  32.413 0.1111110002
46051  46.501  -27.646  45.593 0.1111110002
46062  45.989  -27.528  45.489 0.1111110002
47076  46.370  -26.848  45.122 0.1111110002
60927  56.914  -9.667  31.199 0.1111110002
59248  59.437  -13.477  23.777 0.1111110002
58350  59.130  -14.476  21.779 0.1111110002
58327  58.653  -14.376  22.433 0.1111110002
58312  58.226  -14.229  23.101 0.1111110002
61844  57.579  -9.377  30.675 0.1111110002
60074  58.426  -12.042  28.196 0.1111110002
109319  57.643  -13.170  26.307 0.1111110002
59220  57.748  -13.419  25.465 0.1111110002
108818  58.400  -13.283  25.188 0.1111110002
59233  59.772  -12.925  24.580 0.1111110002
58349  59.949  -14.099  21.742 0.1111110002
60962  59.162  -10.927  28.903 0.1111110002
60073  59.302  -11.493  27.961 0.1111110002
60084  59.378  -11.960  26.965 0.1111110002
59210  58.626  -12.803  26.075 0.1111110002
60097  59.515  -12.275  26.123 0.1111110002
59234  59.221  -12.844  25.328 0.1111110002
60095  60.778  -11.461  25.170 0.1111110002
58325  60.423  -13.489  22.425 0.1111110002
59279  61.023  -13.108  21.998 0.1111110002
59264  60.984  -12.806  22.840 0.1111110002
60085  58.482  -12.458  27.152 0.1111110002
60142  61.779  -12.316  21.636 0.1111110002
61049  62.081  -11.705  21.098 0.1111110002
111302  62.252  -10.673  21.340 0.1111110002
120305  62.243  -10.796  20.584 0.1111110002
61919  62.215  -9.593  21.573 0.1111110002
125933  61.874  -9.711  17.277 0.1111110002
109847  61.430  -9.048  12.263 0.1111110002
116100  61.384  -9.907  11.815 0.1111110002
63774  61.173  -8.540  11.909 0.1111110002
61133  59.888  -11.190  11.571 0.1111110002
61134  58.986  -11.506  11.672 0.1111110002
61135  58.092  -11.612  11.833 0.1111110002
118157  61.805  -8.711  16.573 0.1111110002
110305  61.627  -8.694  13.613 0.1111110002
125864  61.440  -8.080  12.636 0.1111110002
63775  60.733  -8.619  11.611 0.1111110002
63776  59.982  -8.292  11.685 0.1111110002
126271  58.527  -7.123  11.967 0.1111110002
63777  58.009  -7.473  12.286 0.1111110002
62902  59.869  -10.109  11.701 0.1111110002
62001  58.998  -9.803  12.230 0.1111110002
63758  57.606  -8.349  12.764 0.1111110002
62002  58.307  -10.620  12.640 0.1111110002
61122  56.715  -11.238  13.097 0.1111110002
61136  57.114  -11.565  12.218 0.1111110002
109716  60.261  -7.506  11.733 0.1111110002
64625  58.586  -6.446  12.009 0.1111110002
62889  58.036  -9.560  12.837 0.1111110002
64613  57.225  -7.110  12.565 0.1111110002
62890  56.985  -9.374  13.369 0.1111110002
60873  53.951  -11.502  34.599 0.1111110002
59277  61.550  -12.872  21.097 0.1111110002
61042  61.925  -11.658  22.352 0.1111110002
60975  59.908  -10.909  27.558 0.1111110002
126539  62.089  -11.479  21.746 0.1111110002
59278  61.375  -12.914  21.539 0.1111110002
60961  59.669  -10.271  28.395 0.1111110002
60960  59.876  -9.700  27.709 0.1111110002
61029  62.181  -10.655  22.107 0.1111110002
112968  61.732  -11.727  22.999 0.1111110002
126834  61.202  -10.756  24.746 0.1111110002
61030  61.979  -10.837  22.896 0.1111110002
58326  59.568  -14.024  22.460 0.1111110002
113592  60.832  -10.465  25.597 0.1111110002
59265  59.939  -13.537  23.127 0.1111110002
61852  58.596  -9.501  29.704 0.1111110002
60974  60.269  -10.292  26.942 0.1111110002
60991  60.554  -11.061  26.126 0.1111110002
32624  2.239  -41.588  53.770 0.1111110002
64626  57.917  -6.604  12.203 0.1111110002
63757  61.568  -7.563  13.613 0.1111110002
50035  36.104  -23.962  28.776 0.1111110002
43092  46.240  -30.369  45.906 0.1111110002
42236  46.007  -31.921  45.768 0.1111110002
59266  59.092  -13.914  23.084 0.1111110002
59247  60.245  -13.033  23.813 0.1111110002
60130  61.390  -12.157  23.355 0.1111110002
125025  61.171  -11.813  24.249 0.1111110002
59246  60.879  -12.582  23.665 0.1111110002
60106  60.569  -12.365  24.523 0.1111110002
60096  60.139  -12.107  25.540 0.1111110002
60948  58.807  -10.312  29.684 0.1111110002
60083  60.025  -11.500  26.607 0.1111110002
59263  61.484  -12.440  22.427 0.1111110002
130729  61.585  -9.870  13.623 0.1111110002
62019  59.153  -10.813  12.112 0.1111110002
62020  58.489  -11.210  12.282 0.1111110002
61121  57.720  -11.225  12.668 0.1111110002
118663  59.311  -7.108  11.737 0.1111110002
108565  59.730  -9.154  11.851 0.1111110002
62903  58.809  -8.373  12.168 0.1111110002
62003  57.357  -10.523  13.189 0.1111110002
112812  56.459  -11.690  11.494 0.1111110002
115596  60.536  -13.093  23.167 0.1111110002
26558  25.891  -47.273  48.922 0.2222220004
26563  22.115  -47.705  49.349 0.1111110002
27427  29.087  -46.872  46.953 0.1111110002
27441  30.918  -46.520  45.769 0.1111110002
27443  29.680  -46.758  46.334 0.1111110002
28335  3.908  -45.600  50.321 0.1111110002
28349  3.688  -44.926  49.646 0.1111110002
28400  31.124  -46.595  44.900 0.1111110002
30121  3.420  -44.153  50.106 0.1111110002
30159  5.416  -42.940  47.485 0.1111110002
32611  17.641  -41.783  53.500 0.4444440007
32665  28.994  -41.885  49.762 0.6666669846
32728  31.126  -41.750  44.626 0.8888890147
33575  12.186  -40.817  56.336 0.4444440007
33585  15.662  -40.858  55.122 0.2222220004
33622  33.987  -39.161  49.465 0.2222220004
34594  13.977  -40.158  55.889 0.2222220004
34602  13.569  -39.917  54.392 0.4444440007
34614  34.970  -38.718  49.481 0.1111110002
34640  32.803  -39.645  45.274 0.7777780294
34647  32.227  -39.997  43.967 0.7777780294
34662  31.934  -39.426  43.259 0.7777780294
34663  31.189  -39.887  42.761 0.8888890147
35668  27.405  -38.562  40.349 0.7777780294
36450  34.737  -37.226  49.542 0.2222220004
36452  33.935  -37.608  49.089 0.3333329856
36465  35.930  -37.112  48.908 0.1111110002
36510  32.377  -37.739  45.041 0.6666669846
36520  31.011  -36.767  42.494 0.8888890147
36565  24.715  -37.890  39.144 0.3333329856
37435  37.191  -35.381  49.341 0.2222220004
37456  33.330  -36.388  47.281 0.4444440007
37566  29.028  -36.589  40.068 0.7777780294
38505  37.897  -34.464  49.487 0.2222220004
38506  37.206  -34.808  49.708 0.2222220004
38510  34.504  -35.960  49.162 0.5555559993
38524  34.622  -35.307  49.089 0.3333329856
38526  33.825  -35.904  48.207 0.3333329856
38539  33.593  -35.875  47.619 0.4444440007
38572  33.281  -35.746  45.803 0.5555559993
38638  31.206  -35.754  42.448 0.7777780294
38666  35.656  -35.889  40.840 0.8888890147
38668  30.155  -35.414  40.497 0.8888890147
38692  27.909  -35.483  38.548 0.5555559993
38703  26.285  -35.712  37.109 0.5555559993
39507  35.244  -34.957  49.450 0.4444440007
39518  38.624  -34.253  49.196 0.2222220004
39519  37.950  -33.942  49.378 0.2222220004
39533  33.727  -35.441  47.289 0.4444440007
39574  33.529  -35.331  44.878 0.7777780294
39595  33.270  -34.992  43.374 0.7777780294
39597  31.504  -35.557  42.669 0.8888890147
39649  39.499  -34.497  40.589 1.0000000000
39670  34.295  -35.368  40.188 0.8888890147
39701  33.564  -34.431  37.732 0.8888890147
39711  36.327  -34.577  36.862 0.7777780294
39713  34.952  -34.474  36.512 0.7777780294
40495  36.576  -33.981  49.462 0.3333329856
40496  36.107  -33.999  49.250 0.3333329856
40505  39.693  -33.757  48.492 0.3333329856
40507  37.496  -33.359  48.793 0.2222220004
40509  35.835  -33.989  48.684 0.3333329856
40520  34.848  -34.493  47.557 0.5555559993
40582  39.008  -34.131  42.981 0.6666669846
40652  31.787  -33.885  38.081 0.8888890147
40669  39.480  -33.313  37.754 1.0000000000
40688  38.023  -33.332  36.208 0.6666669846
40709  35.216  -33.727  35.258 0.4444440007
41366  41.556  -33.410  47.813 0.1111110002
41384  40.342  -32.756  46.911 0.4444440007
41395  38.739  -32.946  46.445 0.3333329856
41429  41.871  -32.995  41.408 0.8888890147
41473  39.949  -32.837  37.737 1.0000000000
41488  39.530  -32.818  37.086 1.0000000000
41526  36.901  -33.165  35.102 0.5555559993
41562  36.831  -32.247  33.879 0.4444440007
42248  41.882  -32.235  44.971 0.6666669846
42258  43.157  -32.089  43.048 0.6666669846
42380  38.537  -31.038  34.096 0.5555559993
42399  37.909  -31.304  33.714 0.4444440007
43230  39.128  -30.545  34.343 0.4444440007
43250  25.321  -29.776  33.417 0.1111110002
44071  42.924  -29.535  38.274 0.8888890147
44122  40.513  -28.874  34.877 0.6666669846
45106  42.150  -28.746  36.975 1.0000000000
45121  41.237  -28.892  35.854 0.8888890147
45141  23.418  -28.638  35.334 0.1111110002
46117  43.319  -27.454  37.446 0.8888890147
46146  40.937  -27.302  34.754 1.0000000000
46169  39.650  -27.370  33.131 0.4444440007
47146  41.962  -26.728  35.973 1.0000000000
48108  44.494  -24.997  39.206 0.5555559993
48125  42.385  -24.999  37.048 1.0000000000
49945  44.412  -23.464  39.570 0.5555559993
49978  42.270  -23.220  36.882 1.0000000000
49994  39.670  -23.672  33.902 1.0000000000
50976  37.281  -23.528  28.757 0.2222220004
51707  45.149  -22.087  40.127 0.5555559993
52598  46.955  -20.037  40.944 0.4444440007
53562  49.538  -19.643  41.487 0.2222220004
56477  47.872  -17.313  29.935 1.0000000000
56547  43.154  -17.042  26.761 0.5555559993
57321  49.144  -15.881  31.936 0.8888890147
57323  48.809  -16.559  30.509 0.8888890147
57372  45.774  -16.257  27.369 1.0000000000
59151  48.726  -14.342  32.786 0.6666669846
61987  51.731  -10.684  14.171 0.1111110002
62901  61.151  -9.287  11.596 0.1111110002
63709  61.324  -7.277  17.625 0.3333329856
63721  48.984  -8.364  16.080 0.1111110002
63732  48.581  -8.266  15.629 0.1111110002
64615  55.101  -6.396  13.954 0.1111110002
65503  48.566  -6.646  18.427 0.1111110002
65550  60.515  -5.759  13.884 0.2222220004
66413  55.317  -5.594  16.039 0.1111110002
107092  30.769  -42.676  45.252 0.8888890147
108795  6.628  -44.669  49.307 0.1111110002
111121  40.676  -32.962  38.797 1.0000000000
112196  20.579  -46.790  50.055 0.1111110002
112244  40.263  -22.440  31.642 0.7777780294
113857  32.409  -35.462  43.846 0.7777780294
114287  27.870  -47.055  47.839 0.1111110002
114402  58.855  -5.423  12.649 0.2222220004
114658  34.396  -37.113  49.273 0.3333329856
115109  31.679  -41.193  44.685 0.8888890147
116033  4.864  -46.054  52.108 0.1111110002
116329  43.247  -20.883  30.987 1.0000000000
117465  43.766  -30.830  43.930 0.5555559993
117619  35.354  -36.522  49.574 0.2222220004
117853  44.965  -28.006  40.607 0.6666669846
118375  46.171  -21.996  41.477 0.5555559993
119166  29.975  -40.807  42.832 0.7777780294
120654  35.057  -36.835  49.630 0.2222220004
120775  3.893  -44.313  49.418 0.1111110002
121014  4.856  -44.515  48.875 0.1111110002
121224  25.300  -27.073  34.009 0.1111110002
121594  32.886  -38.808  45.715 0.6666669846
121785  33.140  -36.809  46.970 0.4444440007
122096  34.440  -38.941  49.504 0.1111110002
124825  26.026  -47.131  49.096 0.2222220004
125105  28.995  -35.187  39.463 0.7777780294
125959  40.751  -10.808  29.766 0.1111110002
126669  59.074  -5.336  13.174 0.2222220004
127935  33.998  -35.173  47.716 0.5555559993
128031  41.014  -19.630  26.767 0.5555559993
128184  61.238  -6.897  17.635 0.4444440007
128423  46.134  -25.772  43.354 0.3333329856
129251  51.018  -14.793  22.037 0.3333329856
129836  30.058  -33.915  37.921 0.7777780294
129983  59.883  -6.628  11.840 0.2222220004
130160  24.984  -46.536  50.001 0.2222220004
130416  4.723  -44.493  55.668 0.4444440007
