#!ascii label  , from subject sub-v1s13x0050005_ses-1 vox2ras=TkReg
4110
39432  4.831  -34.189  56.596 0.6250000000
38431  5.191  -34.717  56.303 0.6250000000
38432  4.795  -34.859  56.295 0.6250000000
126635  4.218  -34.943  56.244 0.6250000000
127539  6.334  -33.049  56.864 0.5000000000
39430  6.059  -33.945  56.475 0.5000000000
39423  5.873  -33.242  56.802 0.6250000000
39440  7.385  -33.757  55.884 0.5000000000
39429  7.383  -33.433  56.235 0.5000000000
39424  5.408  -33.365  56.715 0.6250000000
38434  7.041  -34.386  55.697 0.5000000000
38428  6.680  -34.194  55.970 0.5000000000
111836  6.538  -33.952  56.229 0.5000000000
38430  5.467  -34.645  56.243 0.5000000000
39431  5.549  -34.164  56.473 0.5000000000
39433  4.490  -34.402  56.277 0.6250000000
38429  6.268  -34.600  56.077 0.5000000000
40448  3.052  -34.185  55.127 0.7500000000
41292  9.422  -31.719  57.316 0.7500000000
119876  8.904  -31.962  57.237 0.7500000000
115329  7.682  -31.253  57.838 0.7500000000
41295  6.507  -31.687  57.738 0.7500000000
40415  10.192  -32.352  56.986 0.7500000000
40416  9.489  -32.266  57.029 0.7500000000
40417  8.680  -32.370  56.917 0.7500000000
41293  8.202  -31.862  57.352 0.7500000000
41294  7.310  -31.802  57.529 0.7500000000
40419  6.804  -32.431  57.203 0.5000000000
40420  6.124  -32.366  57.329 0.6250000000
40426  9.860  -32.664  56.655 0.7500000000
40428  8.273  -32.831  56.428 0.6250000000
40418  7.704  -32.595  56.903 0.7500000000
39422  6.822  -33.285  56.633 0.5000000000
40421  5.586  -32.407  57.242 0.6250000000
39427  9.326  -32.943  56.213 0.6250000000
39428  8.264  -33.136  56.029 0.6250000000
126381  8.753  -33.185  55.844 0.5000000000
39439  7.923  -33.631  55.694 0.5000000000
40430  4.729  -33.327  56.456 0.6250000000
108503  8.828  -33.486  55.384 0.5000000000
40437  4.086  -33.744  55.903 0.6250000000
40447  3.830  -33.133  55.376 0.6250000000
40438  3.443  -34.217  55.644 0.6250000000
40454  3.593  -33.281  55.047 0.6250000000
111923  3.530  -33.299  54.663 0.6250000000
39466  2.655  -34.650  54.432 0.7500000000
39441  3.755  -34.641  56.053 0.7500000000
40464  3.007  -33.746  53.817 0.6250000000
39454  2.673  -35.085  55.039 0.7500000000
111937  8.625  -31.294  57.590 0.7500000000
42114  7.918  -30.626  58.068 0.7500000000
117972  6.933  -31.259  57.979 0.7500000000
41291  9.937  -32.024  57.223 0.7500000000
42977  8.668  -30.539  57.786 0.7500000000
42978  8.102  -29.987  58.112 0.7500000000
115867  6.491  -30.250  58.604 0.8750000000
115312  5.684  -30.369  58.568 0.7500000000
41296  5.815  -31.633  57.821 0.6250000000
41290  10.477  -32.068  57.095 0.7500000000
42112  10.004  -31.553  57.299 0.7500000000
130242  3.997  -29.946  57.237 0.6250000000
42118  4.673  -30.888  57.930 0.6250000000
40429  5.003  -32.438  57.068 0.6250000000
40425  10.636  -32.693  56.661 0.7500000000
42994  3.758  -30.237  56.785 0.6250000000
42128  3.962  -30.722  57.312 0.6250000000
41305  4.444  -31.598  57.343 0.6250000000
39426  10.296  -33.022  56.297 0.7500000000
43009  3.605  -30.467  55.982 0.6250000000
114390  3.637  -30.426  56.364 0.6250000000
42129  3.658  -30.930  56.566 0.6250000000
41306  3.880  -31.644  56.732 0.6250000000
112497  9.916  -33.513  55.481 0.5000000000
42134  3.627  -31.106  56.114 0.6250000000
41322  3.962  -32.072  55.662 0.6250000000
41332  4.064  -32.238  55.246 0.6250000000
40462  4.417  -32.778  53.778 0.6250000000
40463  4.269  -32.552  54.438 0.6250000000
111119  4.397  -33.357  52.407 0.5000000000
129282  3.030  -33.809  53.111 0.6250000000
40485  3.748  -33.759  51.542 0.5000000000
39501  3.306  -34.241  50.612 0.5000000000
39502  2.543  -34.710  50.786 0.5000000000
43006  11.689  -30.842  55.437 0.7500000000
43888  10.958  -30.158  55.646 0.7500000000
113346  12.487  -31.529  55.302 0.7500000000
43007  11.379  -30.899  56.237 0.7500000000
43008  10.824  -30.437  56.414 0.7500000000
42999  10.348  -30.390  56.934 0.7500000000
109723  9.084  -29.725  57.572 0.8750000000
43882  8.498  -28.859  57.405 0.8750000000
43873  6.809  -28.945  58.005 0.7500000000
44854  6.434  -28.502  57.537 0.7500000000
42152  12.613  -31.463  54.242 0.7500000000
128368  12.136  -31.947  56.531 0.8750000000
42998  10.919  -31.020  56.825 0.8750000000
42127  9.699  -30.875  57.405 0.8750000000
42993  8.682  -30.029  57.849 0.8750000000
42979  7.313  -30.075  58.397 0.7500000000
44845  6.085  -28.839  57.844 0.8750000000
40422  12.626  -33.069  56.044 0.8750000000
41302  12.373  -32.754  56.256 0.7500000000
41304  11.204  -32.241  56.831 0.7500000000
42126  10.907  -31.695  56.993 0.7500000000
43876  4.339  -29.141  56.556 0.8750000000
43874  4.867  -29.050  57.338 0.8750000000
39434  12.891  -33.501  55.630 0.7500000000
39435  12.200  -33.333  56.011 0.6250000000
40424  11.336  -32.635  56.622 0.7500000000
43010  3.620  -29.852  55.671 0.7500000000
43883  4.063  -29.719  56.722 0.8750000000
38442  12.094  -34.230  54.939 0.6250000000
39436  11.678  -33.604  55.890 0.6250000000
39425  11.329  -33.131  56.303 0.6250000000
125000  3.827  -29.814  56.177 0.7500000000
124090  11.828  -34.364  54.267 0.6250000000
39450  11.476  -33.973  55.484 0.6250000000
39451  10.567  -33.892  55.228 0.5000000000
43021  3.771  -30.596  54.422 0.7500000000
43022  3.617  -30.355  55.191 0.7500000000
38455  11.091  -34.203  53.767 0.6250000000
39463  11.222  -34.158  54.714 0.6250000000
39452  9.579  -33.754  54.970 0.5000000000
43035  4.262  -30.803  53.620 0.6250000000
41331  4.442  -31.849  54.467 0.6250000000
42143  3.729  -31.216  55.712 0.6250000000
38482  11.564  -34.532  52.921 0.6250000000
39465  9.368  -33.909  54.339 0.5000000000
41338  5.216  -31.905  53.144 0.6250000000
42153  3.964  -31.228  54.980 0.6250000000
39476  9.814  -33.975  53.566 0.3750000000
38456  8.780  -34.168  53.864 0.3750000000
41346  5.480  -32.226  52.534 0.5000000000
40473  4.903  -32.620  53.068 0.6250000000
41354  5.952  -32.280  51.786 0.5000000000
40492  6.002  -33.359  50.594 0.5000000000
110037  5.141  -33.654  50.830 0.5000000000
40484  4.862  -33.458  51.599 0.5000000000
40502  5.276  -33.962  50.018 0.5000000000
39500  4.296  -34.137  50.231 0.5000000000
39510  4.404  -34.544  49.381 0.5000000000
39525  5.547  -34.466  48.452 0.5000000000
43034  12.083  -30.861  53.576 0.7500000000
44847  5.438  -28.716  57.331 0.7500000000
42158  12.753  -31.422  53.301 0.7500000000
42140  13.104  -32.298  55.599 0.6250000000
109779  13.624  -32.601  55.008 0.6250000000
41321  12.962  -32.606  56.021 0.7500000000
44874  3.516  -28.288  55.074 0.8750000000
43001  3.974  -29.335  56.174 0.8750000000
39448  13.597  -33.829  55.328 0.7500000000
43024  2.977  -29.219  53.547 0.8750000000
43892  3.534  -28.881  55.080 0.7500000000
127421  13.183  -33.974  55.333 0.8750000000
43037  3.013  -29.636  53.667 0.7500000000
43023  3.362  -29.580  54.589 0.7500000000
38441  12.956  -34.340  55.048 0.6250000000
109408  2.857  -30.139  52.179 0.7500000000
38469  12.110  -34.667  53.649 0.6250000000
43062  3.710  -30.505  52.224 0.8750000000
42174  5.478  -31.116  51.680 0.5000000000
43048  4.473  -30.746  52.701 0.6250000000
123779  11.846  -34.862  52.338 0.6250000000
42184  5.905  -31.308  50.972 0.5000000000
42165  5.611  -31.624  52.350 0.6250000000
40491  6.339  -32.627  50.947 0.6250000000
109570  6.964  -33.152  49.382 0.6250000000
40501  6.168  -33.622  49.764 0.6250000000
40514  6.233  -33.893  48.934 0.5000000000
39524  6.242  -34.181  48.127 0.5000000000
42157  13.373  -31.945  52.963 0.6250000000
41345  13.866  -32.334  52.590 0.7500000000
42151  13.379  -32.119  54.013 0.7500000000
41336  14.630  -33.194  53.729 0.6250000000
41330  14.159  -32.896  54.371 0.6250000000
121765  3.061  -28.168  53.822 1.0000000000
44866  3.859  -28.142  55.531 1.0000000000
40453  15.295  -34.206  54.435 0.7500000000
40445  14.684  -33.917  54.962 0.7500000000
41319  14.208  -33.301  55.126 0.7500000000
43912  2.576  -29.039  52.738 1.0000000000
39462  14.984  -34.496  54.670 0.7500000000
39447  14.331  -34.212  55.062 0.7500000000
43063  2.512  -30.023  51.247 1.0000000000
43051  2.406  -29.625  51.977 1.0000000000
38453  14.031  -35.065  54.493 0.7500000000
43071  2.378  -29.882  50.533 1.0000000000
42176  3.297  -30.493  51.419 0.8750000000
119462  13.325  -34.788  54.603 0.6250000000
128539  3.369  -31.004  49.943 1.0000000000
42186  3.862  -30.848  50.737 0.7500000000
38468  13.153  -35.208  53.721 0.6250000000
125691  4.311  -31.062  50.041 1.0000000000
38481  12.437  -35.196  52.118 0.6250000000
112402  5.646  -31.222  49.255 0.6250000000
42183  6.406  -31.621  50.209 0.6250000000
38490  12.537  -35.134  51.496 0.6250000000
38491  11.781  -34.771  51.642 0.6250000000
41364  7.017  -31.923  49.672 0.6250000000
42194  7.282  -31.772  48.861 0.6250000000
130055  6.985  -32.483  49.775 0.6250000000
40512  7.402  -32.929  48.633 0.6250000000
113566  7.054  -33.623  47.874 0.5000000000
40534  7.682  -33.547  46.702 0.5000000000
40522  7.009  -33.998  47.017 0.5000000000
39564  7.296  -34.552  45.598 0.5000000000
41353  14.861  -32.548  51.063 0.6250000000
42162  14.140  -32.341  51.791 0.6250000000
41352  15.645  -32.977  51.271 0.6250000000
109309  14.876  -32.805  51.866 0.6250000000
41344  14.546  -32.858  52.709 0.6250000000
44894  2.559  -28.709  52.559 0.8750000000
41351  16.640  -33.192  50.921 0.6250000000
40482  16.073  -33.601  51.896 0.6250000000
40471  15.143  -33.515  53.236 0.5000000000
40460  15.585  -34.107  53.712 0.6250000000
44904  2.303  -28.789  51.788 0.8750000000
43921  2.378  -29.225  52.085 1.0000000000
40481  17.000  -33.806  51.481 0.5000000000
40469  16.461  -34.246  52.446 0.5000000000
40459  16.127  -34.549  53.320 0.5000000000
39475  15.887  -34.653  53.963 0.6250000000
38452  15.254  -34.906  54.361 0.7500000000
38439  14.648  -34.704  54.753 0.7500000000
43072  2.155  -29.379  50.291 1.0000000000
38451  15.733  -35.081  54.044 0.7500000000
42199  2.588  -30.050  49.868 1.0000000000
37366  15.546  -35.320  53.906 0.7500000000
128923  14.355  -35.774  53.360 0.6250000000
42197  3.612  -31.038  49.286 1.0000000000
37379  14.992  -35.693  53.507 0.6250000000
37380  13.811  -35.702  53.120 0.6250000000
37381  13.063  -35.518  52.643 0.6250000000
42205  3.909  -31.016  48.524 1.0000000000
37394  13.752  -35.906  52.282 0.6250000000
117032  5.137  -31.109  47.826 0.8750000000
42204  4.866  -31.135  48.490 1.0000000000
37395  13.071  -35.549  51.800 0.6250000000
42203  5.913  -31.178  48.509 0.7500000000
131299  12.567  -34.821  50.566 0.6250000000
42202  6.887  -31.355  48.381 0.5000000000
41372  7.639  -32.172  48.404 0.5000000000
41390  7.999  -32.792  47.179 0.5000000000
40546  7.904  -33.791  45.854 0.5000000000
39563  7.734  -34.396  45.071 0.3750000000
40489  18.948  -33.298  50.677 0.5000000000
41350  17.642  -33.159  50.599 0.6250000000
117526  17.253  -32.567  50.101 0.6250000000
46005  2.344  -28.046  51.067 0.8750000000
40480  18.132  -33.774  51.114 0.5000000000
131115  1.880  -28.996  50.287 1.0000000000
40479  19.138  -33.986  51.054 0.5000000000
40468  17.312  -34.477  52.058 0.5000000000
39474  16.367  -35.001  53.530 0.5000000000
43958  2.579  -28.914  48.927 0.8750000000
116419  2.343  -29.039  49.443 1.0000000000
39494  19.397  -34.794  51.686 0.5000000000
39495  18.287  -34.669  51.778 0.5000000000
39484  17.484  -35.102  52.496 0.5000000000
39473  16.787  -35.247  52.919 0.5000000000
37365  16.020  -35.374  53.666 0.7500000000
43088  2.926  -29.424  48.988 1.0000000000
42207  3.102  -30.102  49.077 1.0000000000
39483  18.398  -35.297  52.229 0.3750000000
38466  17.549  -35.410  52.520 0.5000000000
37377  16.660  -35.692  52.856 0.5000000000
36404  16.407  -36.047  52.831 0.5000000000
36405  15.902  -35.870  53.290 0.6250000000
42220  3.481  -29.858  48.416 1.0000000000
130661  3.643  -30.315  48.479 1.0000000000
37393  15.335  -36.181  52.741 0.6250000000
37401  14.676  -36.218  51.918 0.6250000000
42219  3.784  -30.618  48.086 1.0000000000
37402  13.761  -35.837  51.390 0.6250000000
42216  6.042  -31.114  47.607 0.7500000000
37412  13.817  -35.562  50.616 0.6250000000
125951  7.043  -31.255  47.665 0.5000000000
115380  6.592  -31.114  46.977 0.6250000000
42201  7.574  -31.700  47.915 0.5000000000
42214  8.046  -31.712  47.123 0.5000000000
41381  7.987  -32.121  47.609 0.5000000000
41389  8.280  -32.168  46.861 0.5000000000
42228  8.295  -31.748  46.493 0.5000000000
42240  8.344  -31.607  45.721 0.5000000000
40533  8.271  -32.909  46.437 0.5000000000
41397  8.535  -32.182  46.106 0.5000000000
40545  8.583  -32.975  45.641 0.5000000000
114708  8.313  -33.701  45.171 0.3750000000
40560  8.917  -33.140  44.744 0.3750000000
40559  9.374  -32.901  43.946 0.3750000000
44950  1.727  -28.959  49.521 0.8750000000
46022  2.153  -28.351  50.260 0.8750000000
40451  22.621  -33.568  54.363 0.3750000000
41326  21.904  -33.049  53.989 0.3750000000
120611  20.528  -31.969  52.708 0.3750000000
41348  20.554  -33.084  51.396 0.3750000000
127783  20.078  -33.174  51.047 0.3750000000
124637  1.638  -29.023  49.769 0.8750000000
39446  23.357  -33.712  54.677 0.2500000000
39460  22.857  -33.928  54.317 0.2500000000
40458  22.274  -33.719  53.408 0.2500000000
40466  21.759  -33.777  52.457 0.2500000000
40467  21.134  -33.815  51.682 0.3750000000
39493  20.636  -34.783  51.797 0.5000000000
117937  2.229  -28.877  48.938 0.8750000000
43951  1.785  -29.047  49.354 0.8750000000
39459  23.325  -33.988  54.211 0.2500000000
39471  23.155  -34.282  53.833 0.2500000000
39480  22.175  -34.556  52.762 0.2500000000
39482  19.529  -35.395  52.055 0.3750000000
38464  23.409  -34.545  53.594 0.2500000000
125170  23.035  -35.061  53.069 0.2500000000
38465  22.876  -34.797  53.170 0.2500000000
38477  22.030  -35.142  52.518 0.2500000000
38478  21.001  -35.513  52.126 0.3750000000
38479  19.830  -35.647  52.072 0.5000000000
38480  18.540  -35.548  52.262 0.5000000000
36402  17.891  -36.086  52.134 0.5000000000
36403  16.998  -36.053  52.469 0.5000000000
36418  16.556  -36.449  52.293 0.5000000000
36419  16.055  -36.374  52.537 0.5000000000
36433  15.668  -36.558  52.021 0.5000000000
43091  3.148  -29.323  48.282 1.0000000000
37391  20.715  -35.996  52.071 0.3750000000
36415  19.840  -36.199  51.830 0.5000000000
36416  18.837  -36.271  51.706 0.5000000000
36417  17.232  -36.407  51.951 0.5000000000
36431  16.676  -36.667  51.585 0.5000000000
36445  15.429  -36.406  51.271 0.3750000000
42233  3.623  -29.819  47.693 1.0000000000
112176  18.053  -36.430  51.486 0.5000000000
36430  18.073  -36.514  50.706 0.5000000000
108395  17.233  -36.532  50.698 0.5000000000
129059  16.460  -36.668  50.963 0.3750000000
36461  15.315  -36.054  50.465 0.5000000000
37411  14.555  -36.012  50.932 0.6250000000
109270  4.038  -30.618  47.343 1.0000000000
108796  14.542  -35.668  50.219 0.6250000000
42217  4.962  -31.038  47.041 0.8750000000
111017  14.567  -35.362  49.795 0.6250000000
37428  13.965  -35.276  50.025 0.6250000000
115404  5.669  -31.075  46.752 0.8750000000
109992  6.063  -31.107  46.178 0.7500000000
42215  7.498  -31.332  47.138 0.5000000000
42229  7.973  -31.394  46.492 0.5000000000
42241  7.706  -31.206  45.785 0.6250000000
42251  8.022  -31.229  45.020 0.5000000000
41405  9.190  -32.222  44.437 0.3750000000
42261  9.181  -31.787  44.024 0.3750000000
42262  8.842  -31.433  43.870 0.5000000000
109242  9.347  -31.545  43.301 0.3750000000
41412  9.483  -32.192  43.686 0.3750000000
41424  9.951  -32.119  42.940 0.2500000000
39443  24.480  -33.854  54.328 0.2500000000
39444  24.243  -33.836  54.670 0.2500000000
39445  23.674  -33.738  54.728 0.3750000000
46021  2.733  -27.866  49.859 0.8750000000
47028  2.920  -27.326  50.620 0.8750000000
110035  24.152  -34.132  53.964 0.2500000000
39457  23.815  -33.963  54.222 0.2500000000
38461  24.843  -34.662  53.608 0.2500000000
38448  24.014  -34.308  53.827 0.2500000000
39458  23.606  -33.862  54.400 0.2500000000
46050  2.847  -28.598  48.729 0.8750000000
46035  2.877  -28.171  49.310 0.8750000000
38462  24.416  -34.709  53.561 0.2500000000
38463  23.903  -34.559  53.666 0.2500000000
44990  2.777  -28.956  48.325 0.8750000000
46049  3.489  -28.029  48.237 0.8750000000
38474  25.591  -34.363  52.898 0.2500000000
38475  25.047  -35.028  53.036 0.3750000000
37373  23.995  -35.082  53.296 0.2500000000
37389  22.804  -35.723  52.510 0.3750000000
115764  21.287  -36.222  52.008 0.3750000000
116279  2.657  -28.954  48.166 1.0000000000
44989  3.112  -28.724  47.944 0.8750000000
38488  25.746  -34.227  52.041 0.3750000000
38489  25.347  -34.734  52.401 0.5000000000
127021  25.081  -34.916  51.909 0.6250000000
37399  24.361  -35.473  52.311 0.5000000000
36411  22.898  -36.221  52.012 0.5000000000
36427  21.599  -36.782  51.184 0.5000000000
36428  20.956  -36.802  51.100 0.5000000000
35559  19.517  -36.473  51.205 0.5000000000
35560  18.852  -36.473  50.899 0.5000000000
43100  3.354  -29.324  47.561 1.0000000000
45007  3.096  -29.022  47.759 1.0000000000
37423  24.755  -34.489  50.001 0.7500000000
37409  24.326  -35.056  50.808 0.3750000000
121534  22.997  -35.689  50.213 0.5000000000
36439  22.250  -36.508  50.839 0.5000000000
36440  21.600  -36.617  50.706 0.6250000000
35572  20.446  -36.214  50.123 0.6250000000
35574  18.864  -36.353  50.188 0.6250000000
36458  17.882  -36.127  49.920 0.6250000000
36443  16.656  -36.362  50.343 0.3750000000
36460  16.093  -35.945  50.045 0.3750000000
42232  3.843  -30.323  47.015 1.0000000000
43976  3.356  -29.185  47.031 1.0000000000
37442  23.208  -34.804  48.992 0.5000000000
36454  21.598  -35.721  49.761 0.6250000000
36456  20.194  -35.710  49.524 0.6250000000
36457  19.827  -35.772  49.596 0.6250000000
36472  17.236  -35.679  49.550 0.6250000000
36473  16.544  -35.642  49.606 0.3750000000
37426  15.766  -35.471  49.540 0.5000000000
125907  4.188  -30.635  46.639 1.0000000000
125324  3.796  -30.239  46.405 1.0000000000
36482  18.480  -35.404  49.127 0.6250000000
112573  17.515  -35.142  48.913 0.5000000000
123285  16.200  -35.328  49.294 0.3750000000
37427  15.199  -35.613  49.874 0.5000000000
42244  4.633  -30.859  45.872 0.8750000000
42256  3.940  -30.337  45.609 0.8750000000
43112  3.764  -29.978  45.053 0.8750000000
37491  16.999  -34.883  48.746 0.3750000000
109614  15.524  -35.052  49.104 0.5000000000
37445  14.991  -35.198  49.445 0.5000000000
42243  5.231  -31.029  45.187 0.7500000000
43111  4.352  -30.404  44.531 0.8750000000
43120  4.545  -30.323  43.495 0.8750000000
114133  16.380  -34.571  48.384 0.2500000000
37492  15.516  -34.396  48.037 0.3750000000
42230  7.148  -31.118  46.392 0.6250000000
109025  5.677  -31.118  45.331 0.7500000000
42253  5.637  -31.094  44.535 0.7500000000
109695  4.900  -30.863  44.435 0.7500000000
112346  4.932  -30.645  42.944 0.6250000000
113038  5.417  -30.809  42.884 0.6250000000
38562  16.061  -34.201  47.707 0.3750000000
42242  6.665  -31.107  45.610 0.7500000000
42252  6.312  -31.168  44.812 0.6250000000
42264  6.139  -31.162  44.008 0.6250000000
42276  5.924  -30.840  42.846 0.6250000000
123654  6.198  -30.797  41.967 0.6250000000
41437  5.764  -30.823  41.409 0.6250000000
127202  7.215  -31.163  45.156 0.6250000000
109184  7.107  -31.150  44.438 0.6250000000
110265  6.907  -31.030  43.538 0.6250000000
108361  6.120  -30.982  43.124 0.6250000000
41425  6.205  -30.861  42.379 0.6250000000
41435  6.376  -30.837  41.696 0.6250000000
42263  8.095  -31.115  44.039 0.6250000000
42275  6.754  -30.859  42.383 0.5000000000
42287  7.109  -30.751  41.383 0.5000000000
110257  8.532  -31.111  43.246 0.6250000000
118118  7.936  -30.739  42.455 0.3750000000
42286  7.418  -30.738  41.576 0.5000000000
42273  9.011  -30.942  42.569 0.2500000000
43132  9.530  -30.765  41.869 0.2500000000
40440  24.411  -33.662  54.793 0.2500000000
40439  25.217  -33.695  54.269 0.2500000000
127626  3.547  -26.529  49.231 0.7500000000
39456  25.088  -33.868  54.071 0.2500000000
108336  3.319  -27.697  48.895 0.8750000000
47061  3.788  -26.941  48.429 0.8750000000
129263  26.091  -33.650  53.433 0.1250000000
38460  25.342  -34.410  53.475 0.2500000000
47072  4.025  -27.331  47.766 0.8750000000
39479  25.927  -33.940  53.088 0.2500000000
114121  3.690  -28.241  47.523 0.8750000000
46058  4.268  -27.602  47.045 0.8750000000
38487  26.014  -33.740  51.543 0.6250000000
38498  25.370  -34.453  51.536 0.6250000000
124200  3.923  -28.391  46.744 0.8750000000
46067  4.547  -27.850  46.208 0.8750000000
46066  5.204  -27.334  45.670 0.7500000000
111731  4.874  -28.086  45.293 0.7500000000
46074  5.519  -27.637  44.745 0.7500000000
47097  6.078  -27.265  44.154 0.7500000000
39499  26.221  -33.391  50.978 0.7500000000
38497  25.634  -34.011  51.039 0.7500000000
37407  25.254  -34.224  50.514 0.7500000000
37424  24.200  -34.844  49.879 0.7500000000
108374  3.610  -28.927  46.442 0.8750000000
45021  4.174  -28.571  45.857 0.7500000000
46075  5.130  -28.236  44.353 0.7500000000
111895  5.721  -27.819  43.809 0.7500000000
47103  6.201  -27.492  43.259 0.7500000000
37457  25.128  -34.128  48.425 0.6250000000
37440  24.767  -34.378  48.919 0.6250000000
37441  24.174  -34.631  49.015 0.6250000000
36467  22.068  -35.091  48.997 0.5000000000
109074  21.039  -35.482  49.315 0.5000000000
112911  20.468  -35.575  49.376 0.6250000000
45034  3.812  -29.128  45.575 0.8750000000
45033  4.415  -28.745  44.909 0.7500000000
46081  5.366  -28.258  43.564 0.7500000000
46080  5.920  -27.952  42.812 0.7500000000
110888  23.908  -34.389  48.265 0.6250000000
124523  22.978  -34.415  48.285 0.6250000000
37462  21.098  -34.614  48.507 0.5000000000
36468  20.735  -35.093  48.823 0.5000000000
36480  20.027  -35.429  49.170 0.5000000000
37465  18.809  -35.154  48.860 0.6250000000
37466  18.080  -35.199  48.877 0.6250000000
110250  3.709  -29.583  45.521 0.8750000000
44006  4.033  -29.414  44.651 0.8750000000
45044  4.676  -28.775  43.835 0.8750000000
45043  5.288  -28.469  43.062 0.8750000000
45055  5.606  -28.351  42.228 0.8750000000
37489  18.262  -34.672  48.395 0.3750000000
38561  16.900  -34.503  48.192 0.3750000000
43121  4.134  -29.915  44.099 0.8750000000
44022  4.474  -29.770  43.167 0.8750000000
45056  4.828  -29.017  42.853 0.8750000000
45068  5.266  -28.870  41.787 0.8750000000
38560  17.519  -34.416  48.037 0.6250000000
43133  4.634  -30.275  42.567 0.7500000000
42277  5.203  -30.672  42.135 0.7500000000
44042  5.035  -29.449  41.270 0.7500000000
39562  16.884  -33.247  46.431 0.2500000000
38583  16.614  -33.921  47.299 0.3750000000
127582  5.830  -30.819  42.138 0.6250000000
42289  5.275  -30.521  41.216 0.6250000000
42302  5.839  -30.843  40.907 0.6250000000
41436  6.342  -30.835  41.270 0.5000000000
42301  6.756  -30.826  41.067 0.3750000000
42300  7.220  -30.861  40.781 0.3750000000
43144  9.125  -30.486  41.069 0.1250000000
42284  9.991  -30.624  41.254 0.1250000000
40450  26.170  -33.294  54.031 0.1250000000
39468  26.253  -33.473  53.561 0.1250000000
39478  26.602  -33.171  53.209 0.2500000000
47060  4.282  -26.210  47.915 0.7500000000
40477  26.956  -32.747  52.416 0.3750000000
39491  26.061  -33.804  52.501 0.2500000000
47071  4.529  -26.605  47.272 0.8750000000
47085  4.824  -26.956  46.512 0.8750000000
40487  26.706  -32.841  51.470 0.5000000000
47084  5.407  -26.460  46.028 0.8750000000
110352  5.818  -26.914  45.139 0.8750000000
47096  6.327  -26.484  44.491 0.7500000000
115903  26.312  -33.114  50.493 0.7500000000
38496  25.791  -33.704  50.503 0.6250000000
38511  25.648  -33.668  49.627 0.6250000000
48075  6.484  -25.477  44.821 0.7500000000
38541  25.162  -34.049  47.984 0.6250000000
37459  24.393  -34.178  47.688 0.6250000000
37460  23.683  -34.128  47.549 0.6250000000
46084  6.055  -27.659  41.628 0.7500000000
39544  25.111  -33.421  47.052 0.6250000000
38553  24.955  -33.831  47.296 0.6250000000
37483  24.034  -34.022  47.055 0.6250000000
37485  22.473  -33.918  47.356 0.6250000000
37486  20.902  -34.171  48.103 0.5000000000
37487  20.157  -34.496  48.408 0.5000000000
37488  19.281  -34.651  48.475 0.5000000000
45067  5.820  -28.059  41.212 0.7500000000
38577  23.504  -33.653  45.848 0.6250000000
110476  22.926  -33.663  46.082 0.5000000000
38555  22.423  -33.688  46.709 0.5000000000
38557  20.741  -33.831  47.650 0.5000000000
38558  20.006  -34.089  48.021 0.5000000000
129815  18.761  -34.481  48.275 0.3750000000
38559  18.317  -34.239  47.948 0.5000000000
45079  5.597  -28.636  40.899 0.7500000000
38581  18.661  -33.535  47.353 0.5000000000
38582  17.621  -33.805  47.370 0.6250000000
44054  5.919  -28.452  40.246 0.7500000000
44067  6.039  -28.896  39.945 0.6250000000
43158  5.530  -30.381  40.407 0.6250000000
39582  16.858  -32.732  45.628 0.2500000000
43174  6.006  -30.094  39.702 0.5000000000
41453  6.251  -30.823  40.669 0.3750000000
42314  6.283  -30.630  40.082 0.3750000000
41452  6.298  -30.856  40.870 0.5000000000
41485  7.337  -30.863  39.198 0.1250000000
41467  7.261  -30.903  39.811 0.1250000000
41450  7.273  -30.907  40.193 0.3750000000
42313  7.740  -31.022  39.927 0.1250000000
41483  7.930  -31.202  38.473 0.1250000000
118698  8.641  -30.657  40.293 0.1250000000
41340  28.048  -32.009  52.867 0.2500000000
40457  26.942  -32.931  53.354 0.1250000000
41347  27.936  -31.927  52.449 0.5000000000
40456  27.454  -32.523  53.105 0.1250000000
48050  4.664  -25.630  47.453 0.7500000000
41355  27.693  -31.957  51.798 0.5000000000
40486  27.391  -32.350  52.123 0.5000000000
47070  5.033  -26.019  46.833 0.8750000000
48981  5.317  -24.179  46.500 0.7500000000
49876  6.047  -23.629  45.654 0.7500000000
42188  27.372  -31.561  50.524 0.5000000000
40497  27.143  -32.368  51.413 0.5000000000
48061  5.418  -25.433  46.302 0.8750000000
48989  5.946  -24.864  45.680 0.8750000000
49001  6.614  -24.299  44.969 0.8750000000
43073  27.429  -30.855  50.041 0.6250000000
42189  26.805  -31.608  49.583 0.6250000000
40498  26.641  -32.597  50.503 0.7500000000
39508  25.941  -33.418  49.861 0.6250000000
48084  6.807  -25.900  43.718 0.7500000000
124689  27.333  -29.754  48.588 0.6250000000
43083  26.828  -30.807  48.988 0.7500000000
42200  26.460  -31.705  48.753 0.7500000000
117664  26.078  -32.628  48.379 0.7500000000
38527  25.667  -33.604  48.976 0.6250000000
47107  6.830  -26.045  42.257 0.7500000000
44982  28.846  -28.563  47.487 0.7500000000
43953  28.116  -29.007  48.080 0.7500000000
43962  27.230  -29.374  47.629 0.7500000000
43090  26.510  -30.440  47.842 0.8750000000
41380  26.073  -32.058  48.017 0.7500000000
40531  25.531  -32.795  47.367 0.6250000000
38574  24.824  -33.319  46.604 0.6250000000
47114  6.191  -26.602  40.180 0.8750000000
47113  6.350  -26.424  41.073 0.8750000000
45004  29.501  -28.265  46.822 0.7500000000
45005  28.602  -28.411  46.595 0.7500000000
126227  27.237  -29.070  46.913 0.7500000000
42226  25.920  -31.389  47.411 0.7500000000
40532  25.347  -32.310  46.779 0.7500000000
39557  24.869  -32.924  46.344 0.6250000000
38600  24.298  -33.247  45.540 0.6250000000
38601  23.949  -33.531  45.252 0.6250000000
109562  22.429  -33.449  45.451 0.5000000000
38579  21.854  -33.428  46.022 0.5000000000
39558  21.176  -33.084  45.952 0.5000000000
128530  19.595  -33.318  47.115 0.5000000000
46103  6.638  -26.819  39.106 0.6250000000
46094  6.252  -27.174  39.763 0.7500000000
109830  30.137  -28.000  46.134 0.7500000000
45017  29.245  -28.120  45.908 0.7500000000
43973  27.695  -28.613  46.414 0.7500000000
43975  26.059  -29.949  46.506 0.7500000000
43098  25.602  -30.679  46.192 0.6250000000
117329  24.840  -31.731  45.656 0.8750000000
115068  24.595  -32.598  45.466 0.6250000000
38621  23.850  -33.391  44.567 0.6250000000
38602  23.412  -33.566  45.102 0.5000000000
39578  21.852  -33.177  45.211 0.5000000000
125165  20.717  -32.722  45.392 0.6250000000
39561  18.039  -33.133  46.650 0.5000000000
45101  6.721  -27.367  39.106 0.5000000000
45089  6.352  -27.790  39.707 0.5000000000
110325  29.938  -27.861  45.159 0.6250000000
43103  25.392  -30.562  45.543 0.5000000000
41404  24.785  -31.663  45.203 0.6250000000
119599  24.396  -32.530  44.271 0.5000000000
38640  23.688  -33.145  43.892 0.5000000000
38623  22.754  -33.258  44.214 0.5000000000
38603  22.341  -33.251  44.719 0.5000000000
39579  21.274  -32.821  44.838 0.5000000000
39580  19.775  -32.484  45.477 0.5000000000
40557  18.883  -32.144  45.064 0.3750000000
119010  17.534  -32.724  46.031 0.2500000000
118972  6.571  -28.468  39.455 0.5000000000
39623  21.707  -32.755  43.316 0.2500000000
39602  20.575  -32.618  44.520 0.3750000000
40558  17.666  -32.290  45.163 0.2500000000
119234  6.958  -28.098  38.881 0.1250000000
46113  6.892  -28.061  38.993 0.3750000000
44079  7.070  -29.131  38.798 0.3750000000
108337  6.303  -29.396  39.532 0.2500000000
126703  20.996  -32.756  43.107 0.2500000000
40588  20.532  -32.795  42.551 0.2500000000
40590  19.445  -32.441  43.474 0.2500000000
45116  7.168  -29.034  38.660 0.1250000000
44092  7.256  -29.777  38.288 0.3750000000
43187  6.616  -29.961  39.075 0.2500000000
111042  6.560  -30.349  39.344 0.3750000000
45114  8.150  -28.627  38.014 0.1250000000
45130  7.719  -29.687  37.567 0.1250000000
44091  7.296  -29.864  38.075 0.1250000000
43199  7.452  -30.024  38.006 0.1250000000
42327  6.956  -30.234  38.869 0.1250000000
42326  6.936  -30.674  39.363 0.2500000000
45129  8.415  -29.363  37.188 0.1250000000
43198  7.440  -30.211  37.802 0.1250000000
42339  7.587  -30.525  37.793 0.1250000000
42325  7.647  -30.673  38.216 0.1250000000
43211  8.126  -30.718  36.449 0.1250000000
43212  7.688  -30.634  37.291 0.1250000000
113393  7.905  -31.115  37.988 0.1250000000
118926  29.115  -29.634  51.286 0.6250000000
43052  28.796  -30.223  51.782 0.6250000000
42160  28.341  -31.478  52.654 0.5000000000
43936  29.266  -29.247  50.601 0.6250000000
43065  28.693  -30.069  51.024 0.6250000000
42167  28.182  -31.418  52.099 0.5000000000
43944  29.325  -28.840  49.544 0.5000000000
43945  28.566  -29.538  50.107 0.7500000000
112682  28.001  -30.830  50.922 0.5000000000
43082  27.692  -30.019  49.598 0.7500000000
49000  7.055  -23.740  44.168 0.8750000000
44981  29.770  -28.317  47.797 0.7500000000
43952  29.060  -28.689  48.452 0.6250000000
109900  28.329  -29.225  49.093 0.6250000000
49023  7.065  -24.695  41.846 0.7500000000
45003  30.305  -28.081  47.017 0.7500000000
48111  6.675  -25.639  39.065 0.7500000000
48105  6.390  -25.196  39.643 0.7500000000
48098  6.358  -25.862  40.170 0.8750000000
48097  6.635  -25.430  40.966 0.7500000000
117104  6.421  -25.486  37.979 0.2500000000
47141  6.664  -25.879  38.274 0.1250000000
48119  6.538  -25.819  38.399 0.5000000000
47125  6.605  -25.987  39.078 0.7500000000
47120  6.569  -26.168  39.472 0.7500000000
45016  30.962  -27.927  45.467 0.6250000000
48130  6.878  -25.391  37.997 0.1250000000
47140  6.920  -25.894  37.832 0.1250000000
47131  6.325  -26.380  38.729 0.5000000000
45027  31.629  -27.921  44.566 0.5000000000
47139  7.527  -26.286  38.428 0.1250000000
46129  6.669  -27.262  38.720 0.1250000000
45100  6.833  -28.194  39.128 0.3750000000
47138  8.630  -26.577  38.214 0.1250000000
46114  6.592  -27.115  38.998 0.3750000000
48141  10.343  -25.905  37.445 0.1250000000
46125  9.657  -26.787  37.637 0.1250000000
46127  7.991  -27.394  38.428 0.1250000000
45115  7.356  -28.979  38.438 0.2500000000
46126  8.945  -27.664  37.828 0.1250000000
48140  11.768  -25.566  36.289 0.1250000000
48150  11.155  -26.183  36.688 0.1250000000
46140  10.624  -27.603  36.515 0.1250000000
119361  9.610  -28.789  36.602 0.1250000000
45128  8.960  -29.467  36.501 0.1250000000
44919  29.890  -28.712  50.162 0.6250000000
43924  29.091  -29.681  51.852 0.5000000000
44939  29.998  -28.392  49.395 0.5000000000
50791  6.447  -22.010  43.067 0.8750000000
49902  6.831  -22.755  43.749 0.8750000000
44960  30.435  -28.006  48.684 0.5000000000
44961  29.817  -28.366  48.703 0.6250000000
110885  6.847  -23.425  41.820 0.8750000000
114600  6.879  -22.872  42.763 0.8750000000
44980  30.475  -27.992  47.814 0.7500000000
123573  30.130  -28.169  48.255 0.6250000000
110125  6.619  -24.936  38.830 0.6250000000
49045  5.967  -24.044  39.729 0.7500000000
49034  6.586  -24.158  40.804 0.8750000000
109389  31.053  -27.792  47.082 0.7500000000
49073  6.547  -24.000  38.254 0.5000000000
49060  6.744  -24.977  38.203 0.5000000000
48104  6.362  -25.032  40.279 0.8750000000
125390  30.833  -27.950  46.392 0.6250000000
111282  7.479  -24.917  37.859 0.1250000000
111258  6.987  -24.449  37.748 0.1250000000
48132  6.485  -25.270  37.899 0.3750000000
127038  31.830  -28.045  45.355 0.6250000000
128836  9.146  -24.592  37.831 0.1250000000
49070  8.148  -24.341  37.845 0.1250000000
48129  8.065  -25.613  38.161 0.1250000000
44004  32.361  -28.105  43.783 0.3750000000
44017  33.310  -28.341  42.917 0.5000000000
111946  10.493  -25.117  37.493 0.1250000000
48128  9.225  -25.816  37.967 0.1250000000
49081  10.987  -24.685  37.289 0.1250000000
49098  12.800  -24.086  35.347 0.1250000000
49089  12.273  -24.021  36.116 0.1250000000
49997  12.974  -23.305  34.948 0.1250000000
49080  11.672  -24.680  36.645 0.1250000000
44937  31.142  -27.485  49.588 0.6250000000
44918  30.165  -28.329  50.508 0.3750000000
44959  31.140  -27.590  48.843 0.5000000000
44938  30.459  -28.092  49.659 0.6250000000
129409  31.937  -27.596  47.655 0.6250000000
44979  31.857  -27.783  47.147 0.6250000000
109604  31.227  -27.600  47.916 0.6250000000
49061  6.400  -24.048  38.684 0.6250000000
49053  6.227  -24.055  39.181 0.7500000000
123327  33.096  -28.272  46.217 0.5000000000
45002  31.665  -28.006  46.252 0.7500000000
49973  6.658  -23.749  38.001 0.2500000000
43989  33.033  -28.339  44.898 0.6250000000
45015  32.558  -28.198  45.664 0.5000000000
49071  6.650  -24.627  37.824 0.1250000000
118674  33.695  -28.498  44.459 0.6250000000
44003  33.119  -28.317  44.059 0.6250000000
50895  11.445  -22.711  36.662 0.1250000000
49983  10.056  -23.616  37.622 0.1250000000
43130  33.826  -28.518  41.147 0.5000000000
118938  11.543  -23.749  36.777 0.1250000000
50916  12.548  -22.601  35.351 0.1250000000
125188  30.683  -27.856  50.200 0.6250000000
108841  31.980  -27.453  48.180 0.6250000000
44978  32.604  -27.770  47.494 0.6250000000
112786  33.246  -28.132  46.920 0.6250000000
113935  7.430  -23.729  37.858 0.1250000000
43988  33.500  -28.423  45.455 0.6250000000
123602  34.255  -28.408  42.587 0.7500000000
44028  34.042  -28.430  41.963 0.6250000000
125358  34.751  -28.853  40.710 0.6250000000
125946  8.385  -23.623  37.880 0.1250000000
43141  33.700  -28.576  40.389 0.5000000000
50897  10.020  -22.699  37.583 0.1250000000
124937  32.800  -27.113  49.101 0.6250000000
44936  31.986  -27.247  48.917 0.6250000000
44958  32.965  -27.408  48.360 0.6250000000
44977  33.575  -27.860  47.650 0.6250000000
122151  33.960  -28.172  47.067 0.7500000000
45000  33.784  -28.342  46.342 0.6250000000
43972  34.325  -28.562  45.636 0.6250000000
44001  34.469  -28.621  43.977 0.6250000000
43128  34.909  -28.829  41.864 0.6250000000
43138  35.055  -29.072  41.415 0.6250000000
42307  34.900  -29.052  39.609 0.3750000000
43181  35.122  -28.927  38.631 0.2500000000
51772  11.257  -21.804  36.494 0.1250000000
50896  10.722  -22.267  37.110 0.1250000000
44976  34.591  -27.927  47.641 0.7500000000
43986  35.569  -28.885  44.749 0.6250000000
108335  35.250  -28.757  43.746 0.6250000000
43117  35.157  -28.776  42.299 0.7500000000
120928  35.777  -29.320  40.961 0.7500000000
43167  35.678  -29.056  39.909 0.5000000000
42295  35.526  -29.157  40.319 0.5000000000
43179  36.007  -28.854  39.741 0.3750000000
129117  36.055  -28.146  38.816 0.2500000000
44086  35.289  -28.536  37.578 0.2500000000
45122  35.390  -28.076  36.813 0.2500000000
46147  35.392  -27.740  36.366 0.2500000000
46148  35.124  -27.784  35.463 0.1250000000
43960  35.363  -28.112  47.242 0.7500000000
43971  35.656  -28.460  46.507 0.7500000000
43108  36.418  -28.845  43.152 0.7500000000
43126  36.210  -29.217  42.026 0.8750000000
43109  35.617  -28.808  42.835 0.7500000000
43151  36.131  -29.285  41.007 0.6250000000
44073  36.052  -28.536  39.386 0.3750000000
46134  35.691  -27.622  37.275 0.2500000000
47156  35.370  -27.244  35.865 0.1250000000
47168  35.128  -27.218  34.913 0.1250000000
48147  35.110  -26.081  35.845 0.3750000000
47158  34.970  -26.348  35.047 0.1250000000
47169  34.798  -26.719  34.193 0.1250000000
125625  36.246  -28.874  44.813 0.7500000000
43125  36.849  -28.927  42.249 0.8750000000
44037  36.614  -29.037  41.529 0.8750000000
44061  36.727  -28.408  40.415 0.7500000000
46108  36.734  -27.663  39.569 0.5000000000
46119  36.098  -27.488  38.038 0.3750000000
47137  36.048  -27.038  37.757 0.3750000000
48137  35.675  -26.459  37.157 0.3750000000
47148  35.432  -26.596  36.297 0.2500000000
48156  34.441  -25.889  34.594 0.1250000000
43959  37.032  -27.978  46.831 0.6250000000
43985  36.774  -28.633  45.469 0.6250000000
43984  37.554  -28.439  45.220 0.6250000000
44013  37.478  -28.607  43.160 0.8750000000
44036  37.341  -28.513  42.051 0.8750000000
44046  37.009  -28.528  41.178 0.8750000000
46109  36.477  -27.414  38.801 0.3750000000
47136  36.426  -27.134  38.380 0.3750000000
48126  36.060  -26.211  37.913 0.3750000000
48138  35.304  -25.906  36.653 0.3750000000
48148  34.609  -25.621  35.419 0.2500000000
49095  33.977  -25.170  35.042 0.1250000000
43969  37.321  -28.227  46.127 0.6250000000
44012  38.071  -28.322  43.399 0.8750000000
45060  37.565  -27.940  41.661 1.0000000000
46098  37.228  -27.374  40.369 1.0000000000
46099  36.987  -27.127  39.549 0.6250000000
47123  37.357  -26.679  40.362 1.0000000000
118265  36.732  -26.894  38.941 0.6250000000
47129  36.444  -26.630  38.446 0.5000000000
48116  36.715  -26.228  39.159 0.5000000000
48127  35.576  -25.709  37.438 0.5000000000
49077  35.007  -25.235  37.014 0.3750000000
48139  34.768  -25.430  36.231 0.2500000000
49087  34.188  -24.948  35.816 0.2500000000
44998  37.742  -27.730  46.765 0.6250000000
43997  38.119  -28.261  44.152 0.7500000000
43996  38.431  -27.860  44.164 0.7500000000
44026  38.082  -28.228  42.824 0.8750000000
45059  38.141  -27.416  42.284 1.0000000000
46091  37.633  -26.771  41.264 1.0000000000
47119  37.367  -26.082  40.412 1.0000000000
48117  36.319  -25.890  38.671 0.5000000000
49057  36.054  -25.237  38.993 0.5000000000
48118  35.831  -25.490  38.210 0.5000000000
49067  35.310  -25.001  37.761 0.3750000000
45013  38.670  -27.658  45.500 0.7500000000
45037  38.561  -27.498  44.022 0.6250000000
45047  38.472  -27.581  43.125 0.8750000000
46086  38.526  -27.003  42.947 1.0000000000
47112  37.955  -26.369  41.998 1.0000000000
46087  38.128  -26.847  42.144 1.0000000000
47118  37.582  -26.248  41.172 0.8750000000
48102  37.473  -25.848  41.055 1.0000000000
48103  37.221  -25.577  40.573 0.8750000000
48110  36.581  -25.546  39.408 0.6250000000
49058  35.509  -24.824  38.563 0.6250000000
49059  34.879  -24.353  38.167 0.3750000000
45024  38.912  -27.412  45.333 0.5000000000
46073  38.858  -27.239  44.872 0.5000000000
46083  38.629  -27.112  43.735 0.7500000000
48088  38.529  -26.237  43.197 0.7500000000
47111  38.406  -26.534  42.743 1.0000000000
48094  38.223  -26.177  42.478 0.8750000000
48095  37.756  -25.903  41.834 0.8750000000
49038  37.012  -25.083  40.832 0.8750000000
49051  36.310  -24.937  39.717 0.7500000000
49947  35.800  -24.279  40.163 0.6250000000
49052  35.664  -24.584  39.371 0.6250000000
49960  35.061  -24.134  38.963 0.5000000000
46072  39.108  -27.154  45.209 0.5000000000
47091  39.022  -26.626  44.669 0.6250000000
46078  38.894  -26.930  44.593 0.6250000000
47101  38.745  -26.556  44.046 0.6250000000
113992  38.703  -26.896  44.085 0.6250000000
48078  38.700  -26.009  43.849 0.6250000000
48089  38.140  -25.748  42.609 0.8750000000
49026  37.669  -25.318  42.070 0.7500000000
49027  37.263  -24.872  41.570 0.8750000000
49028  36.673  -24.487  41.220 0.6250000000
49936  35.927  -23.973  40.979 0.7500000000
48055  39.476  -26.275  45.255 0.3750000000
48994  39.668  -25.297  45.357 0.3750000000
48066  39.074  -25.962  44.571 0.5000000000
49004  38.433  -25.465  43.430 0.6250000000
49015  37.970  -25.063  42.812 0.7500000000
49016  37.544  -24.580  42.342 0.7500000000
49923  36.975  -24.145  41.971 0.8750000000
49924  36.313  -23.572  41.703 1.0000000000
50819  35.780  -22.588  41.360 0.7500000000
129594  39.284  -25.079  44.849 0.3750000000
115768  38.607  -24.571  44.061 0.5000000000
49005  38.227  -24.656  43.428 0.6250000000
49907  37.894  -24.198  43.061 0.7500000000
49908  37.319  -23.545  42.764 0.7500000000
112449  36.688  -23.294  42.325 0.8750000000
50795  36.979  -22.469  42.659 0.8750000000
51682  36.842  -21.774  42.282 0.8750000000
49909  36.391  -22.537  42.071 0.7500000000
128004  40.558  -23.920  45.900 0.3750000000
49883  39.718  -23.376  45.118 0.5000000000
120572  39.150  -24.390  44.748 0.3750000000
50781  38.884  -22.464  44.162 0.5000000000
50782  38.186  -22.523  43.660 0.5000000000
49895  37.816  -23.297  43.373 0.6250000000
50783  37.558  -22.472  43.189 0.5000000000
51681  37.513  -21.547  42.713 0.5000000000
53536  41.699  -19.245  43.673 0.1250000000
52557  41.198  -19.832  43.546 0.1250000000
51680  38.407  -21.138  42.925 0.5000000000
52572  38.836  -20.314  42.470 0.5000000000
51679  39.343  -20.965  43.219 0.3750000000
52559  39.865  -20.216  42.928 0.5000000000
51694  37.920  -20.678  42.276 0.6250000000
51696  36.443  -21.559  41.714 0.8750000000
51695  37.152  -21.042  42.011 0.5000000000
50763  40.478  -22.512  45.224 0.3750000000
50764  39.720  -22.411  44.680 0.5000000000
51662  38.732  -21.620  43.578 0.5000000000
54542  41.940  -18.617  44.022 0.2500000000
52558  40.676  -20.357  43.477 0.2500000000
126749  40.151  -20.822  43.504 0.5000000000
54552  41.550  -18.678  43.142 0.1250000000
54543  41.101  -18.084  42.618 0.2500000000
119820  42.009  -21.673  45.614 0.2500000000
50743  42.288  -21.805  46.380 0.3750000000
50745  41.084  -22.717  45.708 0.3750000000
51633  42.303  -21.059  45.533 0.2500000000
50762  41.324  -21.861  45.305 0.3750000000
52550  42.385  -20.198  45.433 0.2500000000
52551  41.929  -20.536  44.779 0.2500000000
51644  41.886  -21.254  45.115 0.3750000000
51646  40.556  -21.663  44.671 0.3750000000
51645  41.366  -21.130  44.608 0.2500000000
51661  39.726  -21.475  44.019 0.5000000000
53525  42.134  -19.191  44.448 0.2500000000
112890  41.698  -19.803  44.232 0.2500000000
52552  41.287  -20.434  44.076 0.3750000000
51660  40.727  -21.018  43.979 0.5000000000
55471  40.597  -18.320  41.813 0.5000000000
55485  40.186  -18.509  41.065 0.3750000000
53511  42.423  -19.289  45.357 0.2500000000
117516  42.162  -19.787  44.814 0.2500000000
54534  42.265  -18.566  44.873 0.2500000000
55440  41.950  -18.053  44.496 0.2500000000
55486  40.008  -17.713  41.211 0.5000000000
54571  39.725  -18.621  40.361 0.3750000000
55456  41.471  -17.863  43.682 0.2500000000
55500  39.762  -17.845  40.410 0.3750000000
55512  39.495  -17.818  39.583 0.6250000000
54583  39.284  -18.203  38.640 0.6250000000
54591  39.141  -18.013  37.897 0.6250000000
54601  38.904  -17.878  37.148 0.6250000000
114145  39.313  -17.683  38.730 0.8750000000
117501  39.270  -17.470  37.875 0.6250000000
53647  38.818  -17.658  36.353 0.6250000000
54610  38.967  -17.357  35.779 0.6250000000
54623  38.459  -17.373  34.924 0.2500000000
54590  39.300  -17.311  37.063 0.6250000000
54622  38.934  -17.123  35.302 0.5000000000
59114  40.110  -14.080  35.816 0.3750000000
58186  39.674  -14.364  35.236 0.1250000000
120592  39.495  -15.196  34.923 0.3750000000
57311  39.274  -15.935  34.782 0.3750000000
56447  39.289  -16.353  35.051 0.3750000000
55575  38.710  -17.114  34.915 0.2500000000
118739  39.168  -17.000  39.736 0.7500000000
55513  39.121  -17.012  38.860 0.8750000000
55522  39.329  -16.827  37.995 0.8750000000
55523  39.376  -16.178  38.260 0.7500000000
55538  39.480  -16.668  37.158 0.6250000000
54600  39.266  -17.215  36.294 0.6250000000
55551  39.515  -16.651  36.477 0.5000000000
55561  39.490  -16.741  36.065 0.3750000000
55574  39.211  -16.695  35.293 0.3750000000
121608  40.400  -13.222  36.015 0.3750000000
59113  40.539  -13.763  36.240 0.5000000000
56446  39.561  -16.174  35.491 0.3750000000
59991  39.959  -12.589  35.549 0.2500000000
58175  40.225  -14.554  36.119 0.5000000000
57298  39.580  -15.745  35.216 0.3750000000
60875  39.684  -11.730  34.967 0.3750000000
112550  39.059  -15.337  39.821 0.7500000000
113701  39.017  -16.446  40.309 0.6250000000
125518  39.008  -16.042  39.388 0.7500000000
56397  39.080  -16.386  38.963 0.8750000000
56406  39.613  -15.975  37.432 0.6250000000
60827  43.909  -11.587  39.951 0.6250000000
59937  43.373  -12.166  39.415 0.6250000000
57267  40.083  -15.259  37.097 0.7500000000
56419  39.754  -15.897  36.658 0.6250000000
60826  44.215  -10.987  39.713 0.6250000000
119411  43.155  -12.217  38.846 0.7500000000
59949  42.600  -12.415  38.310 0.8750000000
59073  42.057  -12.913  38.019 0.7500000000
59950  41.491  -13.165  37.331 0.6250000000
118625  41.190  -13.638  37.144 0.5000000000
58160  41.005  -13.948  37.358 0.5000000000
57276  40.097  -15.221  36.620 0.3750000000
119150  39.914  -15.564  36.252 0.5000000000
118537  39.686  -16.226  36.202 0.3750000000
61736  43.745  -11.027  38.925 0.7500000000
118005  43.585  -11.681  39.252 0.7500000000
60842  42.489  -12.116  37.919 0.7500000000
59960  41.910  -12.595  37.555 0.7500000000
59098  41.006  -13.606  36.750 0.5000000000
58164  40.799  -14.160  36.836 0.5000000000
57275  40.275  -14.805  36.450 0.5000000000
60841  43.100  -11.789  38.501 0.8750000000
120877  41.480  -12.482  36.958 0.6250000000
120893  40.850  -13.268  36.456 0.6250000000
57286  39.978  -15.297  35.997 0.3750000000
56435  39.791  -15.991  35.964 0.3750000000
61746  42.696  -11.459  37.854 0.8750000000
60851  41.961  -11.881  37.305 0.6250000000
60852  41.253  -11.930  36.654 0.6250000000
60860  40.603  -11.885  36.153 0.6250000000
59974  40.384  -12.501  35.982 0.5000000000
58185  39.867  -15.038  35.598 0.3750000000
60861  40.098  -11.787  35.589 0.3750000000
61778  40.100  -10.783  34.860 0.3750000000
58120  38.978  -14.725  40.696 0.7500000000
58131  39.414  -14.345  39.842 0.8750000000
59908  43.127  -12.221  40.378 0.7500000000
109705  42.264  -12.208  40.849 0.6250000000
126235  39.382  -15.314  39.040 0.8750000000
59926  42.933  -12.585  39.453 0.8750000000
57257  39.865  -15.282  37.845 0.7500000000
57243  39.848  -14.906  38.430 0.8750000000
57244  39.382  -15.680  38.637 0.8750000000
60815  44.453  -10.965  40.451 0.3750000000
59925  43.585  -12.013  40.101 0.6250000000
59057  42.190  -12.834  38.598 0.7500000000
59938  42.780  -12.564  38.793 0.7500000000
59088  41.461  -13.356  37.560 0.7500000000
57256  40.471  -14.592  37.456 0.7500000000
61727  45.134  -10.403  40.209 0.5000000000
57266  40.477  -14.703  36.976 0.5000000000
128718  43.276  -11.067  38.294 0.7500000000
61755  42.263  -10.892  37.246 0.6250000000
61756  41.610  -11.243  36.829 0.6250000000
61765  40.952  -10.965  36.250 0.6250000000
61777  40.737  -10.327  35.329 0.5000000000
61766  40.373  -11.128  35.694 0.3750000000
59910  41.180  -12.581  40.141 0.7500000000
58130  40.209  -13.407  39.590 0.8750000000
59909  42.320  -12.646  39.804 0.8750000000
59036  41.294  -12.975  39.182 0.8750000000
59059  40.618  -13.640  38.815 0.8750000000
58141  39.796  -14.453  39.038 0.8750000000
59927  42.151  -12.830  39.044 0.8750000000
59058  41.355  -13.332  38.451 0.8750000000
58140  40.477  -14.133  38.342 0.8750000000
59074  41.550  -13.359  37.944 0.7500000000
58154  40.346  -14.573  37.941 0.8750000000
58153  40.894  -13.957  37.855 0.8750000000
61735  44.670  -10.236  39.193 0.3750000000
61745  43.919  -10.264  38.250 0.6250000000
61754  43.065  -10.576  37.698 0.7500000000
62653  42.785  -9.841  36.806 0.6250000000
61764  41.780  -10.367  36.510 0.6250000000
123575  42.296  -9.561  35.626 0.6250000000
124241  41.339  -10.059  35.783 0.6250000000
61796  40.840  -9.901  34.264 0.5000000000
62683  41.510  -9.670  34.867 0.6250000000
62682  42.486  -9.459  34.404 0.7500000000
62624  46.659  -9.615  39.805 0.5000000000
110945  47.806  -8.680  37.959 0.5000000000
112406  47.040  -8.839  37.454 0.5000000000
127657  46.492  -9.060  37.976 0.5000000000
62641  45.603  -9.311  37.980 0.6250000000
62633  44.794  -9.721  38.403 0.6250000000
62649  47.665  -8.689  36.964 0.7500000000
109930  46.747  -8.806  36.313 0.7500000000
62663  45.793  -9.042  36.202 0.6250000000
125932  45.408  -9.079  37.026 0.6250000000
62642  44.540  -9.435  37.468 0.6250000000
62643  43.605  -9.834  37.405 0.6250000000
62651  44.844  -9.132  36.316 0.6250000000
62652  43.857  -9.370  36.555 0.6250000000
62679  45.549  -9.199  34.503 0.6250000000
111553  46.081  -8.976  35.307 0.6250000000
62664  45.260  -9.176  35.343 0.7500000000
62665  44.221  -9.286  35.359 0.7500000000
109954  44.848  -9.344  34.597 0.6250000000
112139  43.283  -9.521  33.977 0.7500000000
62681  43.279  -9.375  34.876 0.7500000000
62700  42.786  -9.647  33.408 0.5000000000
63571  48.429  -8.446  37.562 0.6250000000
126667  47.550  -8.622  35.960 0.8750000000
62662  46.854  -8.756  35.214 0.7500000000
62677  46.932  -8.755  34.292 0.7500000000
62678  46.229  -8.958  34.426 0.7500000000
111293  45.715  -9.219  33.681 0.6250000000
109396  45.015  -9.405  33.791 0.6250000000
113902  45.856  -9.236  32.913 0.6250000000
62697  45.228  -9.437  32.928 0.6250000000
63581  48.275  -8.491  36.565 0.8750000000
128012  48.144  -8.485  35.693 0.8750000000
63593  47.594  -8.591  35.019 0.8750000000
63606  47.611  -8.510  34.068 0.7500000000
62695  46.920  -8.738  33.430 0.7500000000
62696  46.320  -8.970  33.617 0.6250000000
62709  46.786  -8.784  32.576 0.7500000000
120624  46.371  -8.972  32.934 0.7500000000
63570  48.993  -8.076  37.134 0.5000000000
63580  48.794  -8.186  36.063 0.7500000000
63569  49.611  -7.446  36.694 0.5000000000
63592  48.361  -8.272  34.923 0.7500000000
64456  49.118  -7.676  35.470 0.6250000000
117480  48.720  -7.689  34.561 0.6250000000
63605  48.193  -7.997  33.716 0.8750000000
63613  47.463  -8.459  33.091 0.8750000000
64465  48.777  -7.217  33.893 0.7500000000
64471  48.364  -7.322  32.960 0.7500000000
63612  47.826  -7.972  32.617 0.7500000000
127675  47.575  -8.020  31.820 0.7500000000
64485  47.623  -7.798  31.032 0.6250000000
64494  47.490  -7.868  30.131 0.8750000000
116908  47.348  -7.875  29.314 0.7500000000
64496  47.444  -7.632  28.610 0.7500000000
110940  49.799  -6.781  35.883 0.5000000000
64455  49.275  -7.061  34.818 0.5000000000
114372  48.568  -6.671  32.404 0.6250000000
63620  48.037  -7.350  31.931 0.7500000000
116874  48.092  -7.135  31.119 0.8750000000
64484  47.982  -7.283  30.404 0.8750000000
121629  47.845  -7.404  29.709 0.8750000000
64493  47.963  -7.135  28.947 0.6250000000
66229  50.425  -5.597  36.307 0.3750000000
65347  49.328  -6.418  34.151 0.5000000000
65362  48.857  -6.587  33.259 0.6250000000
131170  48.994  -6.089  32.743 0.6250000000
65375  48.836  -5.989  32.044 0.6250000000
65376  48.442  -6.627  31.561 0.6250000000
65389  48.392  -6.627  30.727 0.6250000000
65405  48.330  -6.714  29.779 0.6250000000
118299  48.425  -6.424  28.968 0.6250000000
111631  49.237  -5.177  29.128 0.6250000000
127559  50.354  -4.046  29.143 0.3750000000
131327  49.751  -4.589  28.879 0.5000000000
112622  51.215  -3.831  28.532 0.3750000000
66247  49.904  -5.513  34.525 0.3750000000
66253  49.415  -5.383  32.662 0.5000000000
66263  48.780  -5.967  31.218 0.6250000000
66271  49.243  -5.309  30.940 0.5000000000
66272  48.755  -5.958  30.345 0.6250000000
67223  49.732  -4.561  30.646 0.5000000000
66280  49.206  -5.251  30.029 0.5000000000
66281  48.762  -5.893  29.447 0.6250000000
67235  49.722  -4.579  29.668 0.3750000000
67234  51.145  -3.570  29.550 0.3750000000
67207  49.921  -4.611  32.761 0.3750000000
66262  49.254  -5.391  31.770 0.5000000000
67215  49.759  -4.646  31.730 0.3750000000
67222  50.456  -3.805  31.385 0.3750000000
115787  50.361  -3.929  30.157 0.3750000000
68104  51.090  -3.388  30.596 0.3750000000
68103  51.859  -3.223  29.994 0.3750000000
115444  52.100  -3.562  29.037 0.3750000000
68089  52.341  -2.854  30.400 0.3750000000
68090  51.690  -2.956  30.991 0.3750000000
42113  9.295  -31.092  57.505 0.7500000000
40427  9.041  -32.691  56.522 0.7500000000
39438  9.672  -33.218  55.873 0.5000000000
38433  7.812  -34.150  55.312 0.5000000000
120195  4.402  -32.315  56.753 0.6250000000
111932  4.090  -32.632  56.138 0.6250000000
40455  2.937  -33.931  54.500 0.6250000000
39477  2.631  -34.413  53.777 0.6250000000
39488  2.591  -34.265  52.964 0.6250000000
42115  7.075  -30.755  58.307 0.7500000000
42116  6.243  -31.037  58.368 0.7500000000
42992  9.185  -30.464  57.608 0.7500000000
43872  8.274  -29.481  57.901 0.6250000000
43863  6.230  -29.169  58.199 0.8750000000
110493  6.722  -29.530  58.390 0.8750000000
42981  5.211  -29.762  58.285 0.8750000000
125812  5.030  -30.394  58.302 0.6250000000
42117  5.417  -31.007  58.258 0.6250000000
42980  5.961  -29.655  58.496 0.8750000000
41297  5.168  -31.640  57.682 0.6250000000
40414  10.751  -32.385  56.873 0.7500000000
42990  10.254  -31.012  57.194 0.7500000000
42983  4.394  -29.535  57.338 0.7500000000
42982  4.412  -30.001  57.901 0.7500000000
128702  3.709  -30.114  56.175 0.7500000000
39437  10.764  -33.514  55.862 0.5000000000
41313  3.767  -31.819  56.053 0.6250000000
115092  3.814  -33.179  54.096 0.6250000000
40474  3.877  -33.383  53.309 0.6250000000
41339  4.749  -32.167  53.790 0.6250000000
40475  3.118  -33.809  52.381 0.5000000000
40493  4.258  -33.803  50.945 0.5000000000
42142  12.042  -31.446  56.131 0.7500000000
42133  11.576  -31.561  56.662 0.8750000000
43871  9.818  -29.720  57.024 0.7500000000
42991  9.714  -30.393  57.349 0.8750000000
110095  7.650  -28.908  57.823 0.7500000000
44846  5.650  -28.846  57.657 0.8750000000
126565  13.121  -31.939  54.867 0.7500000000
42141  12.581  -31.932  55.879 0.8750000000
41303  11.891  -32.525  56.551 0.7500000000
41312  12.386  -32.456  56.353 0.8750000000
42125  11.751  -32.106  56.716 0.7500000000
43864  5.593  -29.139  58.045 0.8750000000
40436  13.214  -33.257  55.638 0.7500000000
41311  12.876  -32.837  56.050 0.7500000000
40423  11.813  -33.087  56.376 0.7500000000
44865  4.160  -28.656  56.029 1.0000000000
43865  4.882  -29.335  57.815 0.8750000000
43875  4.482  -29.360  56.994 0.8750000000
124069  5.285  -28.986  57.670 0.8750000000
39449  12.391  -33.873  55.559 0.6250000000
43891  3.726  -29.385  55.698 0.8750000000
43902  3.534  -29.325  55.133 0.7500000000
38454  12.594  -34.616  54.370 0.6250000000
39464  10.290  -33.962  54.456 0.6250000000
43036  3.350  -30.148  53.757 0.7500000000
110705  3.311  -29.989  54.384 0.7500000000
130806  4.311  -31.212  54.285 0.7500000000
42159  4.746  -31.567  53.733 0.6250000000
42166  4.998  -31.306  53.004 0.6250000000
40472  5.344  -32.831  52.184 0.5000000000
40483  5.739  -33.075  51.398 0.5000000000
40500  6.651  -32.936  50.200 0.5000000000
39509  5.381  -34.257  49.171 0.5000000000
39536  5.295  -34.933  47.597 0.5000000000
43046  12.283  -30.791  52.711 0.7500000000
45932  5.107  -28.541  56.903 0.7500000000
44857  4.708  -28.418  56.351 0.8750000000
41320  13.472  -32.981  55.684 0.7500000000
44873  3.770  -28.814  55.642 0.7500000000
117116  3.275  -28.452  54.376 0.8750000000
38440  13.816  -34.434  55.049 0.7500000000
40446  13.923  -33.603  55.295 0.7500000000
44882  2.932  -28.692  53.458 1.0000000000
43903  3.289  -29.007  54.357 0.7500000000
43038  2.628  -29.440  52.801 0.8750000000
43050  2.743  -29.888  52.957 0.7500000000
43049  3.526  -30.338  52.972 0.7500000000
108316  12.344  -35.055  52.892 0.6250000000
43061  4.517  -30.760  51.743 0.7500000000
125208  5.992  -31.595  51.622 0.6250000000
42185  5.038  -30.949  50.908 0.5000000000
42175  5.164  -31.015  52.342 0.6250000000
42173  6.384  -31.893  51.064 0.5000000000
41361  6.694  -32.226  50.337 0.6250000000
40513  6.841  -33.554  48.615 0.5000000000
41337  13.984  -32.573  53.384 0.7500000000
42163  13.431  -31.851  52.143 0.6250000000
40461  15.143  -33.709  54.023 0.6250000000
41329  14.777  -33.563  54.579 0.7500000000
45955  3.294  -27.784  54.498 0.8750000000
45947  3.902  -27.570  55.408 0.8750000000
118028  2.809  -28.255  53.126 1.0000000000
43922  2.378  -28.967  52.114 1.0000000000
39461  15.530  -34.765  54.217 0.7500000000
43064  2.241  -29.474  51.027 1.0000000000
42187  2.858  -30.516  50.400 1.0000000000
42198  3.029  -30.664  49.492 1.0000000000
42195  5.516  -31.196  50.088 0.5000000000
42196  4.617  -31.125  49.271 1.0000000000
121187  6.577  -31.473  49.294 0.6250000000
128912  6.108  -31.364  49.746 0.6250000000
40499  7.330  -32.325  49.179 0.6250000000
37403  13.039  -35.290  51.013 0.6250000000
40521  7.689  -32.782  47.885 0.5000000000
42170  14.197  -32.074  50.753 0.6250000000
42171  13.502  -31.694  51.322 0.6250000000
41343  15.304  -33.279  52.319 0.6250000000
40470  15.747  -33.910  52.842 0.5000000000
44916  2.246  -28.550  51.472 0.8750000000
44917  2.039  -28.897  50.979 0.8750000000
43934  2.258  -29.276  51.447 1.0000000000
38450  16.068  -35.049  53.891 0.7500000000
37367  14.848  -35.193  54.241 0.7500000000
121572  2.027  -29.081  50.776 1.0000000000
43081  1.898  -28.917  49.918 1.0000000000
37368  14.200  -35.513  53.793 0.6250000000
120462  14.473  -35.991  52.851 0.6250000000
42206  3.384  -30.666  48.764 1.0000000000
42218  4.278  -30.987  47.662 0.8750000000
40490  18.464  -33.008  50.501 0.3750000000
40488  19.581  -33.221  50.874 0.3750000000
41357  18.195  -32.318  50.217 0.5000000000
44930  1.902  -28.779  50.627 0.8750000000
116984  1.690  -28.889  49.826 0.8750000000
40478  20.186  -33.855  51.168 0.3750000000
39485  16.722  -34.881  52.876 0.5000000000
38467  16.351  -35.342  53.303 0.6250000000
124297  16.886  -35.451  52.787 0.6250000000
37378  16.244  -35.631  53.204 0.7500000000
37376  17.549  -35.660  52.431 0.5000000000
41406  8.876  -32.174  45.273 0.5000000000
39585  8.280  -34.132  44.489 0.3750000000
40577  9.686  -32.729  43.344 0.2500000000
46036  2.201  -28.724  49.496 0.8750000000
39472  22.870  -34.156  53.746 0.2500000000
41335  21.272  -32.522  53.393 0.3750000000
41334  21.733  -33.166  53.053 0.2500000000
41342  20.444  -32.369  51.788 0.3750000000
41341  21.166  -32.915  52.245 0.2500000000
39492  21.462  -34.440  52.146 0.3750000000
38449  23.692  -34.108  54.075 0.2500000000
119226  22.753  -34.627  53.216 0.2500000000
39481  21.338  -35.069  52.225 0.2500000000
127007  20.498  -35.377  52.072 0.3750000000
37374  23.553  -34.945  53.289 0.2500000000
37375  22.393  -35.419  52.538 0.3750000000
37390  21.551  -35.729  52.195 0.2500000000
37392  18.741  -35.806  52.123 0.5000000000
113601  16.186  -36.681  52.029 0.5000000000
36414  20.782  -36.488  51.691 0.5000000000
36429  20.243  -36.584  51.122 0.5000000000
36432  16.043  -36.767  51.469 0.5000000000
36444  15.993  -36.516  50.736 0.3750000000
36442  17.467  -36.258  50.003 0.6250000000
125178  18.002  -36.397  50.187 0.6250000000
42231  4.453  -30.870  46.745 1.0000000000
109991  5.099  -31.073  46.089 0.7500000000
42250  8.728  -31.613  44.648 0.5000000000
42272  9.800  -31.361  42.496 0.2500000000
40594  9.966  -33.056  42.801 0.2500000000
38447  24.523  -34.416  53.721 0.2500000000
38476  24.568  -35.176  53.239 0.3750000000
39470  25.087  -34.315  53.741 0.2500000000
37387  24.259  -35.299  52.868 0.3750000000
37386  24.699  -35.216  52.894 0.3750000000
37388  23.591  -35.485  52.731 0.2500000000
36413  21.931  -36.094  52.139 0.2500000000
36412  22.171  -36.434  51.782 0.3750000000
122226  21.472  -36.550  51.660 0.5000000000
111588  24.605  -35.254  51.742 0.5000000000
37400  23.676  -35.824  52.174 0.5000000000
36424  23.807  -35.731  51.440 0.5000000000
36426  22.235  -36.613  51.332 0.3750000000
36425  22.941  -36.290  51.466 0.5000000000
35564  21.035  -36.563  50.562 0.5000000000
35565  20.441  -36.472  50.490 0.6250000000
35566  19.666  -36.466  50.564 0.6250000000
45006  3.386  -28.825  47.251 0.8750000000
37439  25.180  -34.131  49.408 0.6250000000
131158  24.547  -34.544  49.401 0.6250000000
37425  23.487  -35.133  49.709 0.3750000000
111683  22.268  -36.010  50.306 0.5000000000
108640  21.495  -36.231  50.292 0.3750000000
35571  20.926  -36.248  50.188 0.6250000000
35580  20.265  -36.117  50.013 0.6250000000
35581  19.898  -36.023  49.863 0.6250000000
35573  19.904  -36.271  50.209 0.6250000000
35582  19.172  -36.042  49.855 0.6250000000
36441  18.290  -36.112  49.858 0.6250000000
36459  16.953  -35.963  49.840 0.6250000000
43105  3.530  -29.541  46.816 1.0000000000
43992  3.560  -29.396  46.255 1.0000000000
36455  20.767  -35.868  49.771 0.6250000000
114420  19.707  -35.597  49.402 0.6250000000
36481  19.184  -35.446  49.201 0.6250000000
116862  19.365  -35.818  49.639 0.6250000000
37467  17.432  -35.452  49.285 0.6250000000
110099  18.567  -35.769  49.544 0.6250000000
36471  17.897  -35.642  49.421 0.6250000000
37444  16.821  -35.396  49.329 0.3750000000
109237  4.082  -30.562  46.147 1.0000000000
43104  3.647  -29.890  46.111 1.0000000000
36470  18.552  -35.646  49.446 0.6250000000
130798  16.899  -35.020  48.919 0.5000000000
42255  4.460  -30.671  45.279 0.8750000000
37490  17.554  -34.863  48.612 0.5000000000
37468  16.234  -34.941  48.874 0.5000000000
37469  15.225  -34.640  48.530 0.5000000000
109245  5.388  -30.969  44.443 0.7500000000
42267  4.925  -30.761  43.657 0.6250000000
118856  4.369  -29.415  43.724 0.8750000000
42265  5.768  -30.992  43.770 0.6250000000
42274  7.648  -30.933  43.155 0.6250000000
42285  8.510  -30.579  41.756 0.2500000000
48043  4.024  -25.760  48.559 0.7500000000
39455  25.570  -33.804  53.943 0.2500000000
39490  26.430  -33.292  52.013 0.3750000000
47102  6.566  -26.863  43.357 0.7500000000
38512  25.453  -33.926  50.077 0.6250000000
113925  24.514  -34.348  48.324 0.6250000000
37443  21.299  -35.033  48.840 0.3750000000
37461  22.026  -34.405  48.216 0.6250000000
118287  21.706  -33.977  47.663 0.5000000000
37463  20.382  -34.917  48.751 0.5000000000
37464  19.643  -35.102  48.853 0.6250000000
44033  4.748  -29.595  42.203 0.7500000000
43145  4.776  -30.129  41.627 0.6250000000
43159  5.040  -29.948  40.777 0.7500000000
38584  15.565  -33.830  46.742 0.2500000000
42299  8.024  -30.674  40.875 0.1250000000
40449  26.904  -32.914  53.617 0.1250000000
118318  26.512  -33.233  52.792 0.3750000000
40465  27.068  -32.742  52.905 0.2500000000
40476  27.544  -32.343  52.697 0.3750000000
47083  5.941  -25.997  45.473 0.7500000000
48074  7.023  -24.845  44.112 0.7500000000
38552  25.237  -33.705  47.580 0.6250000000
114154  24.711  -33.970  47.283 0.6250000000
47108  6.447  -27.200  42.166 0.7500000000
117359  6.118  -27.039  41.048 0.7500000000
39534  25.446  -33.348  47.617 0.6250000000
38554  24.714  -33.634  46.830 0.6250000000
37484  23.275  -33.839  46.752 0.6250000000
37509  23.880  -33.757  46.411 0.6250000000
38556  21.625  -33.615  46.975 0.5000000000
118128  19.299  -33.964  47.876 0.5000000000
46088  6.081  -27.232  40.464 0.7500000000
124978  22.933  -33.578  45.583 0.6250000000
38576  24.001  -33.593  46.056 0.6250000000
38578  22.409  -33.565  46.057 0.5000000000
109387  21.232  -33.443  46.750 0.5000000000
38580  20.401  -33.472  47.162 0.5000000000
45078  6.023  -27.801  40.342 0.7500000000
39560  19.175  -32.856  46.576 0.5000000000
44055  5.482  -29.241  40.513 0.6250000000
43175  5.586  -29.720  40.109 0.6250000000
41468  6.739  -30.811  40.112 0.3750000000
41466  7.617  -31.065  39.376 0.1250000000
41465  8.112  -31.283  38.952 0.1250000000
41325  26.951  -32.745  54.010 0.1250000000
117038  4.940  -25.025  47.031 0.7500000000
41362  27.283  -32.075  50.960 0.5000000000
42177  27.878  -31.468  51.387 0.5000000000
41363  26.738  -32.184  50.015 0.6250000000
49889  6.586  -23.097  44.747 0.8750000000
41371  26.401  -32.263  48.997 0.7500000000
40511  26.320  -32.731  49.363 0.7500000000
117301  26.167  -33.107  49.642 0.7500000000
48091  7.291  -25.021  43.022 0.7500000000
49012  7.271  -24.204  43.514 0.7500000000
42213  26.333  -31.341  48.186 0.8750000000
126986  25.712  -33.406  48.394 0.6250000000
43961  27.945  -28.770  47.193 0.7500000000
43974  26.552  -29.728  47.044 0.7500000000
43097  25.910  -30.636  46.933 0.7500000000
41387  25.615  -31.998  47.089 0.7500000000
112900  25.742  -32.441  47.600 0.7500000000
40543  25.232  -32.951  46.857 0.6250000000
43990  26.725  -29.132  46.304 0.6250000000
41388  25.259  -31.931  46.445 0.7500000000
42227  25.458  -31.464  46.513 0.7500000000
40544  24.874  -32.348  46.072 0.6250000000
40556  24.676  -32.107  45.354 0.7500000000
39577  24.432  -33.009  45.050 0.6250000000
110164  22.873  -33.465  44.953 0.5000000000
39559  20.246  -32.901  46.307 0.5000000000
115513  6.420  -26.713  39.558 0.7500000000
130961  6.441  -26.702  38.861 0.5000000000
42249  24.942  -31.159  45.238 0.6250000000
40570  24.669  -31.850  45.009 0.7500000000
39598  24.555  -32.315  44.782 0.6250000000
123922  24.410  -32.773  44.605 0.5000000000
38620  24.230  -33.190  44.810 0.6250000000
38622  23.320  -33.398  44.404 0.5000000000
39600  21.773  -32.944  44.309 0.5000000000
39581  18.519  -32.493  45.911 0.3750000000
38641  23.138  -33.123  43.673 0.3750000000
124515  22.217  -33.020  44.004 0.3750000000
39601  21.125  -32.782  43.863 0.3750000000
40573  19.683  -32.381  44.344 0.3750000000
44080  6.834  -29.197  39.084 0.2500000000
39624  21.149  -32.670  42.473 0.2500000000
40572  20.377  -32.716  43.464 0.2500000000
40574  18.512  -32.111  44.088 0.2500000000
46128  7.089  -27.092  38.712 0.1250000000
44093  7.152  -29.755  38.522 0.2500000000
43200  7.131  -29.860  38.493 0.1250000000
46142  9.050  -28.664  37.255 0.1250000000
44104  7.764  -30.058  36.934 0.1250000000
113100  8.211  -30.135  36.553 0.1250000000
43923  29.595  -29.031  51.066 0.6250000000
43053  28.564  -30.870  52.312 0.5000000000
117331  28.392  -30.792  51.655 0.6250000000
126883  28.091  -30.241  50.397 0.6250000000
127353  7.140  -23.430  43.391 0.8750000000
114381  6.270  -22.940  41.194 0.8750000000
49916  7.239  -23.914  42.691 0.7500000000
48120  6.515  -25.851  39.122 0.6250000000
125917  6.440  -24.818  39.261 0.7500000000
127867  6.708  -24.903  37.743 0.1250000000
45028  30.710  -27.746  44.369 0.5000000000
47130  6.476  -26.370  38.789 0.2500000000
45026  32.405  -28.153  44.738 0.6250000000
49069  8.625  -25.042  37.944 0.1250000000
112014  9.684  -25.144  37.795 0.1250000000
47151  10.543  -26.896  36.997 0.1250000000
46141  9.887  -27.857  37.066 0.1250000000
124216  11.132  -25.367  37.031 0.1250000000
47163  11.165  -27.017  36.274 0.1250000000
49917  6.416  -22.366  42.074 0.8750000000
50774  6.281  -22.119  44.168 0.8750000000
49956  5.868  -23.088  39.068 0.7500000000
49044  6.085  -24.406  40.149 0.8750000000
49072  6.643  -24.370  37.911 0.5000000000
112920  9.173  -23.988  37.784 0.1250000000
49082  10.079  -24.468  37.646 0.1250000000
45038  31.509  -27.875  43.567 0.3750000000
44029  33.107  -28.417  41.918 0.6250000000
120992  10.847  -24.039  37.328 0.1250000000
45001  32.503  -28.076  46.625 0.5000000000
44002  33.975  -28.454  43.437 0.7500000000
49982  10.832  -23.206  37.251 0.1250000000
43129  34.474  -28.563  41.405 0.5000000000
44015  34.845  -28.564  42.889 0.6250000000
44016  34.705  -28.578  42.084 0.6250000000
43139  34.587  -28.704  41.061 0.5000000000
43153  35.055  -29.172  41.119 0.7500000000
42296  34.879  -28.934  39.978 0.3750000000
44935  33.648  -27.065  48.862 0.6250000000
43987  34.810  -28.741  44.770 0.6250000000
108379  35.155  -28.696  45.682 0.6250000000
43127  35.545  -29.185  41.966 0.8750000000
43137  35.672  -29.312  41.516 0.7500000000
43168  35.334  -28.951  39.450 0.2500000000
43180  35.433  -28.918  39.250 0.3750000000
44999  34.676  -28.341  46.609 0.7500000000
111873  35.984  -28.811  45.654 0.7500000000
44000  36.015  -28.845  43.843 0.7500000000
43116  35.981  -29.044  42.447 0.8750000000
120978  36.314  -29.227  41.600 0.8750000000
43166  36.211  -29.128  40.105 0.6250000000
44074  35.623  -28.687  38.976 0.3750000000
45094  36.287  -27.978  39.073 0.3750000000
45107  36.008  -27.892  38.383 0.2500000000
45108  35.669  -27.961  37.622 0.2500000000
44098  35.218  -28.372  37.223 0.2500000000
43191  35.193  -28.652  38.449 0.2500000000
47147  35.594  -27.190  36.808 0.2500000000
43999  36.870  -28.738  44.292 0.7500000000
44014  37.096  -28.707  43.402 0.7500000000
43115  36.731  -28.888  42.613 0.7500000000
44047  36.441  -28.966  40.795 0.8750000000
45083  36.482  -28.195  39.757 0.5000000000
43970  36.523  -28.414  46.364 0.7500000000
44027  37.408  -28.589  42.595 0.8750000000
117199  36.916  -28.928  41.985 0.8750000000
120853  36.917  -27.930  40.104 0.8750000000
43968  38.019  -28.048  45.920 0.7500000000
43998  37.659  -28.525  44.205 0.6250000000
43983  38.200  -28.099  45.105 0.7500000000
45048  38.030  -27.990  42.357 1.0000000000
119559  37.630  -27.331  41.425 1.0000000000
47124  37.097  -26.481  39.675 0.7500000000
48109  37.058  -25.817  39.850 0.8750000000
45014  38.450  -27.796  45.819 0.6250000000
129575  38.665  -27.583  45.129 0.7500000000
49068  34.635  -24.553  37.375 0.3750000000
47106  38.611  -26.723  43.481 0.8750000000
48096  37.397  -25.451  41.308 0.8750000000
49050  36.820  -25.269  40.112 0.7500000000
49039  36.463  -24.731  40.465 0.7500000000
48995  38.841  -25.326  44.231 0.5000000000
122091  39.851  -24.276  45.420 0.3750000000
49893  38.975  -23.495  44.543 0.3750000000
49894  38.289  -23.645  43.829 0.6250000000
50744  41.749  -22.403  46.014 0.2500000000
114892  42.544  -19.819  46.063 0.2500000000
59973  40.913  -12.680  36.439 0.3750000000
58174  40.581  -14.181  36.483 0.5000000000
112189  38.907  -15.814  40.953 0.5000000000
60816  44.006  -11.408  40.595 0.5000000000
59961  41.297  -12.992  36.904 0.6250000000
60898  39.676  -10.953  34.135 0.2500000000
59016  40.325  -12.892  40.606 0.8750000000
61734  45.725  -9.870  39.613 0.5000000000
62666  43.278  -9.394  35.850 0.6250000000
114766  46.359  -9.364  38.873 0.6250000000
130324  45.427  -9.660  38.865 0.6250000000
62640  47.168  -8.936  38.410 0.5000000000
62650  46.200  -8.981  37.146 0.6250000000
62680  44.126  -9.479  34.103 0.7500000000
62699  43.624  -9.674  33.226 0.6250000000
62713  43.090  -9.847  32.507 0.6250000000
63628  47.087  -8.388  30.529 0.6250000000
120236  49.848  -6.147  35.153 0.3750000000
65361  49.399  -5.798  33.502 0.3750000000
114698  2.064  -40.047  53.823 0.1250000000
33592  2.202  -40.094  53.880 0.1250000000
125948  2.455  -39.355  53.967 0.1250000000
35554  1.882  -38.440  53.726 0.1250000000
35553  2.406  -38.379  54.056 0.1250000000
35555  1.574  -38.511  53.569 0.1250000000
34603  3.800  -39.344  53.313 0.1250000000
128090  3.326  -38.817  53.910 0.1250000000
35552  2.768  -38.666  54.170 0.1250000000
36423  1.213  -37.883  53.134 0.2500000000
35557  4.030  -38.503  53.468 0.1250000000
36422  1.407  -37.204  52.536 0.2500000000
35562  4.411  -38.803  52.589 0.1250000000
117378  2.892  -37.910  54.692 0.1250000000
36401  1.808  -37.730  53.820 0.1250000000
35551  3.508  -38.126  54.346 0.1250000000
36410  1.534  -37.877  53.568 0.2500000000
37385  1.538  -37.235  53.343 0.3750000000
121181  1.662  -36.922  51.661 0.3750000000
123784  2.022  -36.332  51.201 0.2500000000
111948  3.264  -36.323  48.309 0.2500000000
38534  2.932  -36.573  48.507 0.2500000000
36396  3.207  -37.178  55.089 0.1250000000
35549  2.556  -37.492  54.631 0.1250000000
35550  2.083  -37.694  54.100 0.1250000000
125310  1.978  -37.388  54.114 0.2500000000
128764  3.437  -37.502  54.915 0.1250000000
36408  4.447  -37.806  53.868 0.1250000000
35556  4.768  -38.077  52.983 0.1250000000
37406  1.845  -36.362  52.161 0.3750000000
38518  2.703  -35.588  49.633 0.2500000000
37416  2.239  -36.334  50.285 0.2500000000
113603  2.761  -36.134  49.295 0.2500000000
37432  2.500  -36.381  49.526 0.2500000000
38547  3.489  -36.309  47.857 0.3750000000
36397  2.208  -37.069  54.543 0.2500000000
36393  2.865  -36.764  55.153 0.2500000000
121244  1.942  -37.142  54.151 0.2500000000
36400  4.144  -37.387  54.679 0.2500000000
36409  1.744  -37.239  53.800 0.2500000000
36407  5.297  -37.462  53.477 0.1250000000
37397  1.733  -36.502  53.036 0.3750000000
39513  2.462  -35.289  50.326 0.2500000000
38504  2.297  -35.712  50.725 0.2500000000
112980  2.512  -35.843  49.936 0.2500000000
39528  3.019  -35.400  49.304 0.3750000000
39538  3.847  -35.688  48.151 0.3750000000
39548  4.641  -35.667  47.229 0.3750000000
39537  4.425  -35.485  47.747 0.3750000000
121884  5.766  -34.985  46.882 0.3750000000
39547  5.130  -35.560  46.805 0.3750000000
36392  3.745  -36.357  55.532 0.3750000000
37358  3.936  -35.701  55.878 0.5000000000
37359  3.253  -35.991  55.570 0.5000000000
36395  4.530  -36.275  55.693 0.3750000000
37357  4.493  -35.738  55.917 0.3750000000
37363  2.559  -36.324  55.045 0.5000000000
37364  2.147  -36.571  54.487 0.5000000000
36399  5.064  -37.219  54.394 0.1250000000
38473  2.042  -35.917  53.614 0.5000000000
122176  2.079  -35.587  52.616 0.3750000000
38495  2.147  -35.650  51.630 0.3750000000
39503  2.299  -35.127  51.103 0.3750000000
39512  2.751  -34.956  49.993 0.2500000000
39526  4.574  -34.900  48.428 0.3750000000
39511  3.462  -34.729  49.682 0.3750000000
39546  6.450  -34.727  46.593 0.3750000000
39535  6.349  -34.477  47.367 0.3750000000
38438  3.625  -35.259  55.986 0.5000000000
113696  2.877  -35.555  55.453 0.5000000000
38446  2.406  -35.865  54.804 0.5000000000
36394  4.783  -36.821  55.187 0.3750000000
37362  5.295  -36.143  55.623 0.3750000000
38459  2.395  -35.469  54.331 0.5000000000
120989  2.132  -36.120  54.270 0.5000000000
36398  5.956  -36.988  54.069 0.3750000000
39467  2.438  -35.094  53.840 0.3750000000
39489  2.339  -34.999  53.194 0.3750000000
122216  2.334  -34.817  52.521 0.3750000000
39498  2.237  -34.991  51.880 0.3750000000
39496  2.798  -34.169  51.427 0.3750000000
129689  2.407  -34.650  51.438 0.3750000000
39545  7.174  -34.293  46.271 0.3750000000
37356  5.018  -35.651  55.993 0.3750000000
37371  5.658  -36.630  54.925 0.3750000000
128075  4.902  -35.340  56.084 0.3750000000
114002  4.464  -35.254  56.131 0.3750000000
39442  3.098  -34.817  55.718 0.6250000000
37360  6.842  -35.596  54.939 0.2500000000
37370  6.438  -36.294  54.544 0.3750000000
37369  7.117  -35.868  54.147 0.2500000000
38437  5.024  -35.022  56.190 0.3750000000
38436  5.407  -35.079  56.088 0.3750000000
38445  6.515  -35.190  55.577 0.3750000000
37355  5.711  -35.438  55.865 0.3750000000
37361  6.117  -35.916  55.327 0.3750000000
38435  6.179  -34.820  55.956 0.3750000000
38458  7.440  -35.200  54.555 0.2500000000
38470  8.981  -34.256  53.013 0.2500000000
38472  7.694  -35.341  53.752 0.2500000000
38485  8.509  -34.853  52.502 0.1250000000
38484  9.225  -34.357  52.183 0.2500000000
38494  8.605  -34.945  51.479 0.1250000000
38501  10.246  -34.215  50.737 0.2500000000
38502  9.214  -34.592  50.656 0.2500000000
38443  7.765  -34.608  54.840 0.3750000000
38444  7.207  -34.882  55.204 0.2500000000
39453  8.530  -34.000  54.710 0.3750000000
38457  8.060  -34.676  54.209 0.3750000000
38483  10.200  -34.134  52.106 0.2500000000
39487  9.750  -34.089  52.725 0.3750000000
38500  11.349  -34.408  50.915 0.2500000000
38492  10.778  -34.287  51.480 0.2500000000
38513  12.347  -34.443  49.923 0.3750000000
117774  10.852  -34.216  50.157 0.2500000000
39486  10.616  -34.165  52.862 0.3750000000
109258  11.171  -34.450  52.197 0.3750000000
38499  12.208  -34.836  51.003 0.5000000000
126940  11.823  -34.489  50.421 0.2500000000
37429  13.333  -34.633  49.735 0.5000000000
37447  13.371  -34.190  48.941 0.5000000000
37413  13.223  -35.051  50.356 0.5000000000
37446  14.190  -34.849  49.435 0.5000000000
45019  27.359  -28.473  45.654 0.6250000000
45031  27.045  -28.363  44.872 0.3750000000
111716  14.705  -34.629  48.853 0.5000000000
43991  25.970  -29.804  45.890 0.5000000000
124079  26.791  -28.352  44.213 0.3750000000
45042  27.029  -28.113  43.527 0.1250000000
45053  26.423  -28.151  42.769 0.1250000000
42259  24.723  -31.246  44.644 0.3750000000
45030  27.965  -28.172  44.935 0.5000000000
45065  26.058  -27.960  41.878 0.1250000000
108299  25.496  -27.997  41.159 0.1250000000
45052  27.370  -27.902  42.787 0.1250000000
45075  26.487  -27.513  41.091 0.1250000000
114021  5.558  -28.137  56.809 0.6250000000
45018  28.308  -28.239  45.760 0.6250000000
44030  32.182  -28.179  41.849 0.2500000000
46093  25.758  -27.370  40.384 0.1250000000
49966  6.023  -23.372  38.817 0.5000000000
121351  5.557  -22.149  39.193 0.5000000000
43881  9.299  -29.128  57.060 0.7500000000
44852  7.605  -28.382  57.335 0.7500000000
45941  4.324  -27.896  55.774 0.7500000000
45976  2.907  -27.733  52.950 0.7500000000
44903  2.522  -28.359  52.330 0.7500000000
50724  4.139  -22.064  47.927 0.5000000000
51625  4.093  -21.120  47.585 0.5000000000
45029  28.943  -28.014  44.994 0.3750000000
50742  4.471  -21.601  47.056 0.5000000000
115522  28.547  -28.056  44.151 0.3750000000
114964  27.583  -28.172  44.165 0.3750000000
126128  4.710  -21.260  46.348 0.5000000000
117300  29.628  -27.812  44.073 0.3750000000
45041  28.098  -27.966  43.317 0.1250000000
50741  4.751  -21.803  46.500 0.5000000000
52549  4.543  -20.340  45.312 0.5000000000
127919  5.047  -20.808  44.446 0.5000000000
45049  29.728  -27.706  43.082 0.2500000000
45051  28.202  -27.669  42.363 0.1250000000
49877  5.448  -22.940  46.157 0.6250000000
50758  5.275  -21.940  45.620 0.5000000000
52548  4.911  -20.779  45.108 0.5000000000
51672  4.943  -20.640  43.777 0.5000000000
45039  30.585  -27.720  43.350 0.2500000000
123955  29.735  -27.575  42.365 0.2500000000
45063  28.410  -27.412  41.420 0.1250000000
45074  27.631  -27.278  40.885 0.1250000000
50757  5.909  -22.492  45.210 0.6250000000
51654  5.287  -21.181  44.927 0.5000000000
51671  5.356  -21.078  44.021 0.5000000000
52565  4.522  -20.231  43.670 0.5000000000
45073  28.766  -27.288  40.468 0.1250000000
45064  27.205  -27.661  41.899 0.1250000000
50775  5.691  -21.629  44.582 0.6250000000
51688  5.345  -20.858  42.987 0.5000000000
45086  28.058  -26.962  40.012 0.1250000000
50792  5.857  -21.457  43.518 0.7500000000
109582  4.776  -20.421  43.107 0.6250000000
43140  34.218  -28.607  40.625 0.5000000000
49931  6.008  -23.467  40.421 0.7500000000
117569  5.801  -23.268  39.531 0.6250000000
50847  5.029  -21.537  39.414 0.6250000000
50865  5.412  -21.583  38.995 0.6250000000
51726  4.632  -20.809  39.160 0.6250000000
50864  5.876  -22.510  38.850 0.5000000000
45931  6.077  -27.955  56.959 0.7500000000
45937  5.932  -27.254  56.351 0.7500000000
45940  4.781  -27.625  55.953 0.7500000000
45939  5.227  -27.540  56.155 0.7500000000
46964  3.615  -27.201  54.952 0.7500000000
46963  4.014  -26.711  55.000 0.7500000000
45965  3.118  -27.720  53.703 0.7500000000
46972  3.378  -27.199  54.188 0.7500000000
45987  2.716  -27.687  52.026 0.7500000000
123288  3.168  -27.479  49.470 0.7500000000
112503  4.230  -22.963  48.049 0.5000000000
52538  4.287  -20.260  47.104 0.5000000000
53497  4.123  -19.625  47.533 0.5000000000
49863  4.538  -23.329  47.579 0.5000000000
50723  4.583  -22.488  47.276 0.5000000000
51632  4.499  -20.861  46.656 0.5000000000
48974  4.653  -24.119  47.362 0.6250000000
53524  4.382  -19.755  45.648 0.5000000000
49869  4.936  -23.238  46.949 0.6250000000
110930  4.964  -22.362  46.467 0.5000000000
127499  4.952  -21.839  46.095 0.5000000000
115191  4.423  -20.073  44.915 0.5000000000
51655  4.650  -20.414  44.486 0.5000000000
46092  26.915  -27.148  40.254 0.1250000000
46101  26.371  -27.010  39.741 0.1250000000
117127  26.342  -26.788  39.138 0.1250000000
46102  25.575  -27.055  39.505 0.1250000000
51689  4.735  -20.480  42.327 0.7500000000
46100  27.267  -26.782  39.372 0.1250000000
46111  25.659  -26.817  38.500 0.1250000000
50803  5.860  -21.559  42.342 0.7500000000
50804  5.250  -20.978  41.901 0.7500000000
49918  5.925  -22.153  41.568 0.7500000000
50814  5.454  -21.694  41.394 0.7500000000
50815  5.002  -21.226  41.136 0.7500000000
49932  5.713  -22.467  40.844 0.7500000000
121774  4.671  -21.112  40.509 0.7500000000
52626  4.033  -20.379  39.621 0.6250000000
50828  5.178  -21.883  40.505 0.7500000000
51716  4.492  -21.002  39.805 0.7500000000
49943  5.628  -22.894  40.100 0.7500000000
50829  4.850  -21.564  39.945 0.7500000000
52642  4.065  -20.162  38.818 0.6250000000
51736  4.768  -20.491  38.605 0.3750000000
44864  7.362  -27.804  56.758 0.7500000000
112127  4.399  -26.743  55.425 0.7500000000
46971  3.668  -26.724  54.378 0.7500000000
47955  3.763  -26.300  53.711 0.7500000000
47000  3.266  -26.986  52.733 0.7500000000
46999  3.585  -26.099  52.502 0.7500000000
47964  3.790  -25.800  52.963 0.7500000000
47012  3.316  -26.674  51.938 0.7500000000
111647  3.529  -23.661  50.901 0.5000000000
49828  3.534  -22.952  50.633 0.5000000000
50679  3.608  -22.362  50.685 0.5000000000
51609  3.693  -21.815  50.611 0.5000000000
47027  3.309  -26.394  51.221 0.7500000000
48939  3.566  -24.534  50.794 0.5000000000
50691  3.510  -22.458  50.357 0.5000000000
51615  3.520  -21.902  50.259 0.5000000000
110851  3.328  -26.196  50.606 0.7500000000
129878  3.510  -25.337  50.588 0.6250000000
48951  3.537  -24.748  50.154 0.5000000000
49847  3.548  -23.305  49.390 0.5000000000
50706  3.476  -22.317  49.632 0.5000000000
51619  3.499  -21.496  49.647 0.5000000000
119355  3.802  -25.106  49.321 0.6250000000
130069  3.576  -24.141  49.599 0.5000000000
50705  3.725  -22.624  48.692 0.5000000000
121220  3.632  -21.530  48.701 0.5000000000
52531  3.810  -20.384  48.222 0.5000000000
48964  3.807  -24.088  48.920 0.6250000000
48029  4.166  -24.733  48.515 0.6250000000
118228  4.312  -23.725  47.988 0.5000000000
48042  4.424  -25.233  47.999 0.6250000000
52543  4.429  -20.237  46.147 0.5000000000
128036  4.493  -19.400  45.633 0.5000000000
48041  4.634  -24.860  47.571 0.6250000000
53523  4.481  -19.790  44.983 0.5000000000
53534  4.489  -19.852  44.275 0.5000000000
53548  4.342  -19.981  43.534 0.5000000000
111051  4.080  -19.872  42.123 0.5000000000
52594  4.150  -20.128  41.850 0.6250000000
53573  3.930  -19.767  41.299 0.6250000000
46123  25.366  -26.847  37.437 0.1250000000
51703  4.563  -20.634  41.323 0.6250000000
113293  3.734  -19.831  40.379 0.6250000000
53584  3.406  -19.179  39.967 0.6250000000
120948  4.209  -20.527  40.451 0.6250000000
53595  3.627  -19.670  39.412 0.5000000000
54589  3.769  -19.396  38.538 0.3750000000
130764  3.786  -24.695  51.757 0.6250000000
47011  3.626  -25.555  51.730 0.6250000000
47992  3.671  -24.573  51.314 0.5000000000
48005  3.543  -25.417  51.078 0.5000000000
118571  3.607  -20.047  49.003 0.5000000000
54512  4.095  -19.220  47.941 0.5000000000
54524  4.398  -18.918  46.810 0.5000000000
53560  4.287  -19.935  42.804 0.5000000000
53572  4.075  -19.567  41.516 0.6250000000
49937  35.400  -23.232  40.585 0.5000000000
51709  35.346  -21.332  40.280 0.5000000000
51708  35.987  -21.203  40.951 0.5000000000
52621  35.452  -20.406  39.681 0.3750000000
62632  47.271  -9.184  39.276 0.2500000000
52637  35.415  -19.864  38.827 0.2500000000
61716  45.739  -10.324  40.787 0.2500000000
61726  46.134  -10.047  40.361 0.3750000000
62631  47.922  -9.017  39.647 0.3750000000
111819  45.495  -9.414  31.626 0.6250000000
62737  45.269  -9.475  30.506 0.6250000000
61837  44.671  -9.568  30.569 0.6250000000
52605  35.908  -20.511  40.342 0.6250000000
52636  36.113  -19.506  39.264 0.6250000000
52653  35.369  -19.474  37.962 0.5000000000
52673  35.218  -19.192  37.073 0.5000000000
129283  43.610  -11.700  40.712 0.6250000000
112460  35.795  -18.797  36.508 0.5000000000
124500  35.849  -18.713  35.668 0.3750000000
62710  46.064  -9.199  32.148 0.6250000000
121418  46.614  -8.875  31.712 0.6250000000
62736  45.971  -9.219  30.319 0.6250000000
115256  44.782  -9.557  29.976 0.5000000000
111235  44.284  -9.603  29.442 0.2500000000
61867  44.015  -9.663  28.203 0.1250000000
61877  43.333  -10.002  26.646 0.1250000000
62753  45.554  -9.304  29.254 0.5000000000
62745  45.404  -9.416  29.826 0.5000000000
61896  42.815  -10.152  24.918 0.1250000000
59017  39.537  -13.652  40.556 0.6250000000
52652  36.361  -18.996  38.424 0.6250000000
52672  36.209  -18.814  37.282 0.5000000000
53648  38.435  -17.863  35.943 0.5000000000
53627  38.018  -18.400  36.544 0.5000000000
52694  37.433  -18.552  36.323 0.5000000000
52695  36.629  -18.676  36.167 0.5000000000
53649  37.806  -18.239  35.714 0.5000000000
52713  37.116  -18.471  35.473 0.5000000000
109287  36.466  -18.580  35.297 0.5000000000
54611  38.632  -17.459  35.397 0.5000000000
53670  38.148  -17.779  35.213 0.3750000000
53671  37.465  -18.108  34.930 0.2500000000
124258  44.971  -9.495  29.315 0.5000000000
61856  44.581  -9.533  28.638 0.3750000000
111215  43.835  -9.749  27.441 0.2500000000
61876  43.946  -9.646  26.388 0.1250000000
62744  46.054  -9.094  29.578 0.5000000000
124379  45.371  -9.309  28.726 0.5000000000
62762  44.538  -9.493  27.798 0.3750000000
61886  43.399  -9.871  25.639 0.1250000000
62757  45.234  -9.275  28.040 0.3750000000
122498  44.520  -9.411  26.912 0.2500000000
62769  44.446  -9.315  26.096 0.2500000000
61885  43.991  -9.388  25.340 0.1250000000
61895  43.282  -9.658  24.621 0.1250000000
121661  43.188  -9.736  23.651 0.1250000000
62788  44.315  -9.071  23.318 0.1250000000
112742  38.806  -18.422  38.137 0.5000000000
52671  37.616  -18.652  37.303 0.5000000000
112611  36.992  -18.755  37.662 0.5000000000
53610  38.479  -18.420  37.622 0.5000000000
121779  37.047  -18.695  36.942 0.5000000000
53626  38.471  -18.159  36.799 0.5000000000
62752  45.914  -8.922  28.221 0.3750000000
63638  46.486  -8.442  27.697 0.3750000000
62756  45.844  -8.856  27.464 0.3750000000
62768  45.058  -8.926  26.149 0.2500000000
122388  44.597  -9.074  25.499 0.2500000000
61894  43.824  -9.250  24.132 0.1250000000
63642  47.053  -7.873  27.074 0.3750000000
63643  46.429  -8.371  26.889 0.3750000000
130171  46.397  -8.260  26.146 0.3750000000
62760  45.801  -8.674  26.591 0.2500000000
62776  44.394  -9.054  24.852 0.2500000000
113948  46.980  -7.847  26.245 0.2500000000
62774  45.864  -8.288  24.220 0.1250000000
62775  45.021  -8.693  24.931 0.2500000000
117861  44.499  -8.928  24.235 0.1250000000
63649  46.900  -7.915  25.428 0.1250000000
62787  45.051  -8.669  23.739 0.1250000000
63672  47.730  -7.805  23.686 0.1250000000
63673  46.785  -8.109  23.434 0.1250000000
62786  45.873  -8.452  23.031 0.1250000000
62805  45.014  -8.967  22.486 0.1250000000
125614  49.795  -6.518  24.861 0.2500000000
63671  48.618  -7.585  23.884 0.1250000000
63684  47.769  -8.183  22.763 0.1250000000
63683  48.706  -7.917  23.071 0.1250000000
52650  37.975  -18.713  38.029 0.6250000000
52651  37.396  -18.773  38.274 0.6250000000
64495  47.774  -7.103  28.051 0.6250000000
64500  47.638  -7.153  27.189 0.3750000000
64503  47.573  -7.216  26.313 0.2500000000
111343  48.913  -5.698  26.704 0.6250000000
64499  48.252  -6.326  27.179 0.5000000000
64502  48.187  -6.540  26.270 0.2500000000
66325  50.617  -5.259  26.265 0.8750000000
65443  49.709  -5.582  26.062 0.7500000000
64510  48.989  -6.365  25.382 0.2500000000
63647  48.329  -6.892  25.474 0.2500000000
63648  47.635  -7.400  25.471 0.2500000000
66324  51.797  -5.293  26.227 0.7500000000
65457  50.661  -5.774  25.506 0.5000000000
64517  49.247  -6.921  24.773 0.3750000000
63656  49.534  -7.404  24.004 0.1250000000
124288  7.058  -28.561  57.638 0.6250000000
44853  6.823  -28.103  57.241 0.7500000000
39527  3.635  -35.176  48.885 0.3750000000
39565  6.582  -34.981  45.798 0.3750000000
119133  2.973  -27.263  51.372 0.7500000000
129838  24.566  -31.877  44.472 0.3750000000
44018  32.284  -28.194  42.779 0.2500000000
50820  35.374  -22.112  40.742 0.6250000000
125027  39.033  -18.477  38.622 0.6250000000
63637  47.150  -7.886  27.985 0.3750000000
39497  2.474  -34.399  52.069 0.3750000000
128143  5.087  -28.074  56.426 0.7500000000
46956  4.230  -27.176  55.524 0.7500000000
44019  31.406  -27.912  42.628 0.2500000000
34599  2.100  -39.243  53.774 0.1250000000
36437  1.099  -37.935  52.476 0.2500000000
34611  1.122  -38.514  52.083 0.2500000000
38533  3.163  -35.799  48.989 0.2500000000
39539  3.314  -35.873  48.630 0.3750000000
126923  3.931  -36.911  55.228 0.2500000000
37384  1.777  -36.718  53.601 0.5000000000
38546  4.026  -36.135  47.279 0.3750000000
37372  1.919  -36.656  54.024 0.5000000000
39566  5.708  -35.506  46.183 0.3750000000
38471  8.299  -34.772  53.370 0.2500000000
38493  9.651  -34.278  51.410 0.2500000000
45938  5.629  -27.579  56.407 0.7500000000
50846  5.383  -22.307  39.650 0.6250000000
46984  3.303  -27.152  53.486 0.7500000000
51643  4.720  -20.774  45.855 0.5000000000
45040  28.996  -27.904  43.475 0.2500000000
51642  4.991  -21.318  45.773 0.5000000000
45050  28.982  -27.729  42.760 0.1250000000
45062  29.184  -27.480  41.912 0.1250000000
52578  4.316  -20.067  42.783 0.5000000000
46955  4.744  -27.044  55.780 0.7500000000
111212  3.524  -26.767  53.832 0.7500000000
47039  3.224  -26.888  49.978 0.6250000000
49846  3.927  -23.449  48.557 0.5000000000
53510  4.274  -19.608  46.577 0.5000000000
48975  4.393  -24.433  47.954 0.5000000000
47954  3.986  -26.296  54.327 0.7500000000
46983  3.549  -26.495  53.239 0.7500000000
47977  3.784  -25.352  52.234 0.7500000000
120322  3.477  -23.713  50.285 0.5000000000
122263  3.470  -23.103  49.876 0.5000000000
48017  3.429  -25.792  49.994 0.6250000000
118809  3.552  -20.748  49.272 0.5000000000
54570  3.672  -19.120  40.601 0.6250000000
52611  4.035  -20.172  41.082 0.6250000000
48912  3.884  -24.427  51.998 0.5000000000
62724  45.137  -9.513  31.092 0.6250000000
62723  45.856  -9.296  31.178 0.6250000000
114633  46.036  -8.997  28.896 0.5000000000
62761  45.187  -9.164  27.199 0.3750000000
61903  43.635  -9.762  22.840 0.1250000000
53611  38.140  -18.527  37.354 0.6250000000
53601  38.803  -18.756  39.013 0.6250000000
62767  45.954  -8.380  25.469 0.1250000000
63659  46.784  -7.953  24.496 0.1250000000
63658  47.683  -7.587  24.607 0.1250000000
63657  48.520  -7.281  24.709 0.1250000000
114250  49.358  -7.751  23.369 0.1250000000
65428  48.728  -5.783  27.517 0.7500000000
123989  48.864  -5.897  26.088 0.6250000000
66293  50.137  -4.778  27.260 0.6250000000
65458  49.789  -5.994  25.357 0.6250000000
65442  51.411  -5.629  25.752 0.5000000000
113872  9.765  -34.450  49.963 0.1250000000
38517  8.683  -35.476  49.036 0.1250000000
38529  12.438  -34.149  49.013 0.1250000000
38531  10.567  -34.752  48.328 0.1250000000
37471  13.274  -34.241  48.038 0.2500000000
117191  12.575  -34.278  48.213 0.1250000000
38530  11.579  -34.592  48.055 0.1250000000
38514  11.397  -34.244  49.759 0.1250000000
38515  10.368  -34.426  49.236 0.1250000000
118477  11.425  -34.261  49.014 0.1250000000
117557  5.144  -26.414  55.492 0.6250000000
47952  5.066  -25.963  54.898 0.6250000000
47946  4.326  -26.339  54.968 0.6250000000
47953  4.549  -25.946  54.541 0.6250000000
47963  4.034  -25.749  53.447 0.6250000000
45954  7.872  -27.162  55.019 0.6250000000
45946  7.154  -27.014  55.631 0.6250000000
122538  16.034  -26.645  56.807 0.2500000000
45952  15.619  -26.500  54.597 0.2500000000
45962  15.555  -26.470  53.653 0.2500000000
124844  6.433  -26.590  55.424 0.6250000000
129972  15.889  -26.787  55.805 0.2500000000
46966  15.189  -25.814  54.111 0.2500000000
46982  6.248  -26.033  53.932 0.6250000000
45924  15.810  -25.939  57.634 0.2500000000
45945  15.634  -26.459  55.489 0.2500000000
116827  15.237  -25.824  55.046 0.2500000000
47960  5.555  -25.719  53.775 0.6250000000
46952  15.214  -25.832  56.640 0.2500000000
46958  15.247  -25.862  55.907 0.2500000000
46967  14.641  -25.252  54.575 0.2500000000
47961  4.886  -25.629  53.992 0.6250000000
47962  4.340  -25.669  53.642 0.6250000000
46953  14.733  -25.349  56.796 0.2500000000
130025  14.796  -25.445  56.243 0.2500000000
46959  14.699  -25.331  55.509 0.2500000000
48899  4.148  -25.097  52.735 0.5000000000
46941  15.886  -25.211  58.277 0.2500000000
46945  15.524  -25.429  57.812 0.2500000000
43169  34.377  -28.841  39.338 0.3750000000
43170  33.925  -28.792  38.957 0.2500000000
44890  16.609  -28.181  52.923 0.2500000000
118275  16.350  -28.152  51.060 0.2500000000
44925  16.669  -28.886  50.154 0.2500000000
44966  15.975  -29.056  48.638 0.5000000000
44880  16.400  -27.679  54.626 0.2500000000
118043  16.465  -27.916  53.817 0.2500000000
44901  16.221  -27.822  52.187 0.2500000000
46017  15.593  -27.729  49.460 0.5000000000
46030  15.293  -27.976  48.552 0.5000000000
44863  8.206  -28.147  56.721 0.6250000000
44844  16.940  -26.697  58.235 0.2500000000
44869  16.690  -27.898  55.545 0.2500000000
44891  16.163  -27.516  53.113 0.2500000000
45972  15.823  -27.112  52.446 0.2500000000
46000  15.756  -27.561  50.485 0.2500000000
45964  7.834  -26.919  54.179 0.6250000000
44861  16.538  -27.057  57.047 0.2500000000
111911  16.229  -27.109  56.196 0.2500000000
45944  16.045  -27.102  55.192 0.2500000000
45961  15.816  -26.936  53.215 0.2500000000
45984  15.364  -26.679  51.846 0.2500000000
47035  14.759  -26.635  49.553 0.5000000000
45975  8.356  -27.072  52.446 0.5000000000
46980  7.703  -26.724  53.326 0.6250000000
46968  7.139  -26.708  54.843 0.6250000000
46939  17.063  -25.956  59.091 0.2500000000
45923  16.375  -26.261  57.973 0.2500000000
45928  16.173  -26.488  57.384 0.2500000000
46995  15.044  -25.940  52.198 0.2500000000
47024  14.473  -26.090  50.171 0.5000000000
47036  14.236  -26.129  49.176 0.5000000000
116464  8.502  -26.440  50.064 0.5000000000
47010  7.808  -26.559  51.498 0.5000000000
46997  7.395  -26.463  52.467 0.6250000000
46981  7.053  -26.463  54.052 0.6250000000
47927  17.352  -25.243  59.149 0.2500000000
112464  16.540  -25.589  58.770 0.2500000000
45920  16.545  -25.969  58.481 0.2500000000
46996  14.536  -25.352  52.636 0.2500000000
117008  14.281  -25.655  50.809 0.3750000000
48014  13.740  -25.715  48.701 0.5000000000
48036  12.392  -25.502  47.255 0.5000000000
129948  10.304  -25.434  47.416 0.5000000000
48026  9.141  -25.631  48.159 0.5000000000
48002  8.009  -25.909  49.776 0.3750000000
114153  7.006  -26.161  51.784 0.5000000000
47974  6.510  -25.958  52.421 0.6250000000
120150  17.733  -24.512  58.816 0.1250000000
47928  16.579  -25.283  59.003 0.2500000000
47009  14.429  -25.511  51.678 0.2500000000
126438  13.760  -25.452  49.885 0.5000000000
48015  13.170  -25.237  48.784 0.5000000000
48961  11.843  -24.367  48.214 0.3750000000
48039  9.694  -25.055  47.583 0.5000000000
48027  8.518  -25.156  48.511 0.3750000000
47989  7.053  -25.942  51.001 0.3750000000
47991  5.637  -25.267  52.298 0.3750000000
47976  5.125  -25.396  53.140 0.3750000000
48878  17.638  -24.275  58.145 0.1250000000
48879  17.068  -24.314  58.736 0.1250000000
46944  15.979  -25.616  58.038 0.2500000000
47958  14.036  -24.780  53.057 0.2500000000
47987  13.847  -25.133  51.104 0.3750000000
48001  13.186  -24.859  50.577 0.3750000000
48947  12.552  -24.658  48.972 0.5000000000
48962  8.612  -24.577  48.236 0.3750000000
48003  7.290  -25.406  50.087 0.3750000000
48004  6.493  -25.189  50.788 0.3750000000
48909  4.723  -24.737  52.398 0.3750000000
48870  16.340  -24.913  58.860 0.2500000000
47943  14.160  -24.746  55.057 0.1250000000
47949  14.037  -24.647  54.051 0.2500000000
48937  6.131  -24.289  50.713 0.3750000000
48938  5.421  -23.950  51.298 0.3750000000
129752  16.852  -23.946  58.209 0.1250000000
49758  16.208  -23.979  58.504 0.1250000000
48871  15.967  -24.911  58.509 0.1250000000
46946  15.222  -25.040  57.867 0.1250000000
47939  14.285  -24.904  56.059 0.1250000000
46949  14.887  -25.208  57.402 0.1250000000
125604  34.631  -28.885  39.103 0.2500000000
42148  20.668  -31.892  53.938 0.2500000000
41356  19.059  -32.574  50.639 0.3750000000
40443  22.845  -33.326  55.053 0.2500000000
42149  20.014  -31.449  54.479 0.2500000000
42155  19.983  -31.464  53.424 0.2500000000
42161  19.832  -31.597  51.851 0.2500000000
42168  19.388  -31.910  51.001 0.2500000000
43066  18.156  -31.439  50.191 0.3750000000
114295  17.569  -31.769  49.801 0.3750000000
41358  16.382  -32.714  50.368 0.5000000000
41359  15.668  -32.478  50.311 0.5000000000
43032  18.825  -30.504  53.468 0.2500000000
114543  18.752  -30.494  52.544 0.2500000000
43056  18.512  -30.977  50.833 0.2500000000
42179  16.675  -32.024  49.593 0.5000000000
41360  14.939  -32.216  50.256 0.5000000000
42164  12.869  -31.344  52.438 0.5000000000
117534  11.432  -30.284  53.857 0.6250000000
127169  10.714  -29.677  54.889 0.6250000000
42997  18.766  -29.460  56.393 0.2500000000
43017  18.880  -30.536  54.387 0.2500000000
114074  17.694  -29.730  51.605 0.2500000000
43067  17.945  -30.708  50.348 0.2500000000
43074  17.369  -30.399  49.689 0.2500000000
42192  16.319  -31.272  49.011 0.5000000000
42193  15.433  -31.314  49.056 0.5000000000
42182  13.648  -31.419  50.407 0.5000000000
43059  12.489  -30.749  51.832 0.5000000000
43047  11.653  -30.240  53.016 0.6250000000
43910  11.017  -29.704  53.320 0.6250000000
43889  10.388  -29.811  56.344 0.6250000000
43898  17.895  -29.302  55.041 0.2500000000
43908  17.518  -29.227  53.425 0.2500000000
43930  17.210  -29.157  51.871 0.2500000000
43941  17.163  -29.532  50.340 0.2500000000
43948  16.813  -29.648  49.406 0.3750000000
43076  15.784  -30.687  48.649 0.5000000000
43077  14.704  -30.800  48.900 0.5000000000
43069  13.167  -30.752  50.012 0.5000000000
130838  12.442  -30.551  51.220 0.5000000000
43931  11.988  -30.206  51.398 0.5000000000
43919  11.211  -29.692  52.535 0.6250000000
43911  10.475  -29.261  53.645 0.6250000000
43901  10.148  -29.029  54.491 0.6250000000
44871  9.351  -28.449  55.705 0.6250000000
43879  18.191  -28.762  56.713 0.2500000000
43880  17.414  -28.404  56.219 0.2500000000
43909  16.982  -28.564  53.635 0.2500000000
44945  16.361  -28.966  49.219 0.3750000000
43086  15.248  -30.074  48.429 0.5000000000
43078  13.697  -30.462  49.142 0.5000000000
43079  12.812  -29.997  49.412 0.5000000000
43942  11.542  -29.591  50.802 0.5000000000
44913  10.862  -29.148  51.417 0.5000000000
44914  10.237  -28.684  52.008 0.6250000000
44892  9.967  -28.740  53.530 0.6250000000
122030  9.502  -28.421  54.897 0.6250000000
129429  9.058  -28.054  55.239 0.6250000000
44837  17.968  -27.305  58.538 0.2500000000
43861  17.767  -27.843  57.646 0.2500000000
44860  16.926  -27.695  56.594 0.2500000000
43955  14.759  -29.294  48.152 0.5000000000
43949  13.503  -29.886  48.717 0.5000000000
44948  11.384  -28.999  49.839 0.5000000000
44927  10.935  -28.975  50.693 0.5000000000
129730  9.445  -28.246  53.399 0.6250000000
117796  8.476  -27.431  54.351 0.6250000000
45953  8.533  -27.647  55.167 0.6250000000
44838  17.391  -26.952  58.430 0.2500000000
117613  17.287  -27.269  57.924 0.2500000000
44850  17.166  -27.462  57.365 0.2500000000
44968  14.765  -28.410  47.976 0.5000000000
44969  13.293  -28.791  47.911 0.5000000000
114397  11.654  -28.603  48.823 0.5000000000
44949  10.919  -28.238  49.336 0.5000000000
123944  10.616  -28.446  50.225 0.5000000000
44915  9.749  -28.122  51.509 0.5000000000
46938  17.888  -26.031  59.125 0.2500000000
47926  18.269  -25.407  59.089 0.2500000000
44985  14.218  -28.053  47.647 0.5000000000
44986  13.599  -28.073  47.526 0.5000000000
46032  11.651  -27.434  47.671 0.5000000000
46002  10.227  -27.798  49.762 0.5000000000
46003  9.577  -27.372  50.156 0.5000000000
45986  8.640  -27.133  51.392 0.5000000000
48872  18.079  -24.820  59.020 0.2500000000
47054  14.233  -26.880  47.815 0.5000000000
47056  12.798  -26.317  47.092 0.5000000000
46033  10.865  -27.225  47.979 0.5000000000
46020  9.862  -27.108  49.261 0.5000000000
47037  9.177  -26.717  49.655 0.5000000000
48882  18.412  -24.676  57.622 0.1250000000
48035  13.304  -25.709  47.713 0.5000000000
124813  10.622  -26.543  47.651 0.5000000000
46034  10.168  -26.857  48.297 0.5000000000
48886  18.449  -24.677  56.507 0.1250000000
48883  17.754  -24.226  56.959 0.1250000000
49860  11.013  -23.954  48.019 0.3750000000
48973  9.151  -24.281  47.879 0.3750000000
45994  32.684  -26.423  49.755 0.5000000000
46012  32.050  -26.908  49.586 0.5000000000
48921  12.735  -24.260  51.026 0.3750000000
48948  11.969  -24.091  49.366 0.3750000000
117005  7.861  -23.904  48.828 0.3750000000
48949  7.351  -24.407  49.393 0.3750000000
49788  4.626  -23.725  51.793 0.3750000000
48910  4.265  -24.177  52.098 0.3750000000
45992  34.606  -26.446  49.137 0.5000000000
45993  33.680  -26.351  49.411 0.6250000000
48887  17.825  -24.169  55.823 0.1250000000
47973  13.449  -24.455  52.532 0.3750000000
49824  11.403  -23.550  49.849 0.3750000000
49842  10.484  -23.451  48.502 0.3750000000
49844  8.962  -23.409  48.269 0.3750000000
49826  7.420  -23.340  49.313 0.3750000000
49798  4.241  -23.119  51.628 0.3750000000
46009  34.913  -26.922  48.729 0.3750000000
48891  17.819  -24.198  54.690 0.1250000000
49764  17.017  -23.796  57.383 0.1250000000
47950  13.590  -24.286  54.588 0.1250000000
48907  13.031  -23.897  52.980 0.2500000000
48935  12.059  -23.924  50.448 0.3750000000
50687  9.948  -22.883  48.974 0.3750000000
50704  8.588  -22.879  48.769 0.3750000000
49790  3.847  -23.668  51.733 0.3750000000
44957  34.056  -27.489  48.296 0.6250000000
49777  17.188  -23.593  54.347 0.1250000000
49773  17.132  -23.609  55.188 0.1250000000
49765  16.262  -23.591  57.775 0.1250000000
48874  15.960  -24.446  58.498 0.1250000000
119813  14.817  -24.552  57.835 0.1250000000
47935  14.349  -24.812  56.824 0.1250000000
47944  13.673  -24.288  55.447 0.1250000000
44932  36.310  -27.221  48.316 0.6250000000
44956  34.884  -27.462  48.263 0.5000000000
49768  17.086  -23.669  56.280 0.1250000000
49769  16.313  -23.334  56.818 0.1250000000
116208  36.816  -27.301  48.085 0.6250000000
44954  36.468  -27.578  47.790 0.6250000000
44955  35.645  -27.645  47.952 0.5000000000
44974  37.143  -27.548  47.551 0.5000000000
44975  36.280  -27.990  47.248 0.5000000000
44953  37.492  -27.103  48.015 0.5000000000
40452  22.206  -32.765  54.897 0.2500000000
41317  21.534  -31.949  55.426 0.2500000000
41328  20.769  -31.722  54.969 0.2500000000
114746  23.066  -33.411  55.170 0.2500000000
40444  22.266  -32.455  55.551 0.2500000000
130997  21.706  -31.812  55.854 0.2500000000
42138  20.260  -31.204  55.463 0.2500000000
42150  19.431  -30.984  54.895 0.2500000000
41310  21.378  -31.366  56.174 0.2500000000
41318  21.053  -31.390  55.804 0.2500000000
42975  19.330  -29.188  57.477 0.2500000000
42996  19.554  -30.032  56.359 0.2500000000
43858  19.595  -29.051  57.890 0.2500000000
42989  18.897  -29.101  57.069 0.2500000000
45921  20.326  -27.573  58.328 0.2500000000
43859  18.888  -28.624  57.796 0.2500000000
43869  18.328  -28.466  57.341 0.2500000000
45927  19.921  -26.815  58.476 0.2500000000
44842  18.369  -27.976  58.184 0.2500000000
45916  19.281  -26.575  58.817 0.2500000000
44836  18.611  -27.609  58.572 0.2500000000
47933  19.489  -25.706  58.224 0.2500000000
46942  19.467  -26.088  58.648 0.2500000000
47937  19.487  -25.589  56.822 0.2500000000
128521  19.395  -25.495  57.619 0.2500000000
45995  31.142  -27.319  50.210 0.5000000000
47948  19.085  -25.204  55.136 0.1250000000
47942  19.060  -25.142  56.131 0.2500000000
47938  18.986  -25.136  57.153 0.2500000000
45977  31.698  -26.705  50.256 0.6250000000
48894  18.503  -24.819  54.500 0.1250000000
48890  18.501  -24.680  55.441 0.1250000000
47018  32.375  -26.100  50.195 0.5000000000
113843  4.571  -22.684  51.427 0.3750000000
47017  33.206  -25.945  49.807 0.3750000000
125839  17.993  -24.531  53.821 0.1250000000
126682  8.026  -22.808  49.096 0.3750000000
49827  6.717  -22.849  50.075 0.3750000000
49812  5.094  -23.164  51.296 0.3750000000
114833  36.041  -26.150  49.232 0.3750000000
47015  35.168  -26.143  49.273 0.3750000000
47016  34.144  -25.958  49.517 0.3750000000
48895  17.461  -23.934  53.774 0.1250000000
48896  13.183  -23.905  53.978 0.2500000000
48908  12.261  -23.485  52.464 0.2500000000
49809  11.522  -23.362  50.885 0.2500000000
49825  10.692  -23.213  49.362 0.3750000000
50688  9.418  -22.392  49.545 0.3750000000
45991  35.381  -26.594  48.922 0.3750000000
116433  14.559  -24.713  57.426 0.1250000000
49800  3.720  -23.069  51.251 0.3750000000
45990  36.699  -26.627  48.819 0.3750000000
121366  35.996  -26.490  48.948 0.3750000000
47930  15.520  -24.903  58.165 0.1250000000
118957  15.311  -23.880  58.214 0.1250000000
123514  36.944  -26.993  48.442 0.3750000000
127597  38.081  -27.507  46.904 0.5000000000
40441  23.961  -33.705  55.028 0.2500000000
40442  23.358  -33.597  54.966 0.2500000000
40433  22.965  -33.219  55.546 0.2500000000
127803  20.930  -31.498  55.538 0.2500000000
42120  21.854  -31.339  56.784 0.2500000000
41300  21.037  -30.934  56.492 0.2500000000
41301  20.780  -30.792  56.425 0.2500000000
42132  20.149  -30.628  56.042 0.2500000000
121156  22.177  -30.477  57.103 0.2500000000
125459  21.405  -30.653  57.157 0.2500000000
117482  20.435  -30.210  57.180 0.2500000000
42123  20.293  -30.437  56.569 0.2500000000
42139  19.594  -30.583  55.681 0.2500000000
43878  22.002  -29.018  57.082 0.2500000000
43868  20.981  -29.462  57.799 0.2500000000
44848  21.464  -28.409  57.387 0.2500000000
43856  21.141  -28.616  57.949 0.2500000000
44839  20.650  -28.216  58.218 0.2500000000
45933  21.418  -28.024  56.873 0.2500000000
45925  21.045  -27.621  57.525 0.2500000000
111956  20.598  -26.941  57.500 0.2500000000
46947  20.077  -26.417  58.061 0.2500000000
118925  20.887  -27.361  56.827 0.2500000000
45943  20.631  -27.063  55.894 0.2500000000
46957  20.107  -26.343  55.555 0.2500000000
46951  19.948  -26.118  56.631 0.2500000000
116541  19.797  -25.960  57.503 0.2500000000
47956  19.349  -25.839  53.930 0.1250000000
46977  19.981  -26.451  54.162 0.2500000000
47947  19.554  -25.783  54.792 0.2500000000
47969  19.352  -26.148  53.219 0.1250000000
47941  19.574  -25.679  55.832 0.2500000000
46994  18.810  -25.931  52.412 0.1250000000
47957  18.963  -25.370  54.227 0.1250000000
47002  32.057  -25.688  50.517 0.5000000000
47970  18.743  -25.515  53.277 0.1250000000
50668  4.346  -22.196  51.224 0.3750000000
111099  18.206  -25.346  52.368 0.1250000000
48905  18.031  -24.851  53.026 0.1250000000
125510  7.520  -22.379  49.746 0.3750000000
50677  6.098  -22.242  50.627 0.3750000000
50667  4.767  -21.813  51.159 0.3750000000
47985  18.283  -25.710  51.624 0.1250000000
49796  11.651  -23.206  51.820 0.2500000000
50675  10.171  -22.676  49.864 0.2500000000
50689  8.553  -22.355  49.403 0.3750000000
50669  3.870  -22.328  51.136 0.3750000000
47986  17.709  -25.103  51.596 0.1250000000
47971  17.717  -24.833  52.245 0.1250000000
49784  17.125  -23.645  52.928 0.1250000000
47932  14.218  -24.274  57.386 0.1250000000
50670  3.831  -22.231  51.064 0.3750000000
47013  36.925  -26.498  49.074 0.2500000000
47993  36.947  -26.209  49.270 0.2500000000
49795  16.949  -23.692  52.001 0.1250000000
49770  15.734  -23.145  57.385 0.1250000000
49759  15.430  -23.663  58.187 0.1250000000
45988  37.697  -26.609  48.606 0.2500000000
44951  38.161  -26.966  47.736 0.2500000000
44931  37.458  -26.907  48.286 0.3750000000
44972  38.570  -27.062  47.350 0.3750000000
44952  37.947  -27.043  47.778 0.3750000000
127734  39.007  -27.318  46.524 0.3750000000
44997  38.364  -27.631  46.411 0.3750000000
40431  24.031  -33.450  55.395 0.1250000000
41309  22.512  -32.571  55.938 0.2500000000
42119  22.795  -31.162  56.821 0.2500000000
44859  21.916  -28.754  56.832 0.2500000000
43866  22.228  -29.613  57.118 0.2500000000
42984  22.833  -30.215  56.860 0.2500000000
44858  22.236  -29.083  56.306 0.2500000000
44868  21.648  -28.443  56.003 0.2500000000
45942  21.056  -27.742  56.052 0.2500000000
45949  21.217  -27.957  55.262 0.2500000000
46976  20.548  -27.093  54.373 0.2500000000
45950  20.832  -27.394  55.142 0.2500000000
110144  19.825  -26.682  53.106 0.1250000000
45971  20.075  -27.118  52.292 0.1250000000
46993  19.417  -26.489  52.387 0.1250000000
51606  7.126  -20.823  50.908 0.2500000000
112834  6.387  -21.301  50.692 0.2500000000
131036  7.779  -21.168  50.605 0.2500000000
129578  5.721  -20.727  51.039 0.2500000000
51599  5.161  -20.916  50.997 0.3750000000
47007  18.919  -26.334  51.514 0.1250000000
50666  10.152  -22.116  51.311 0.2500000000
50676  8.923  -21.838  50.187 0.2500000000
51613  7.289  -21.560  50.317 0.3750000000
51607  5.485  -21.545  50.959 0.3750000000
51600  4.632  -21.225  50.907 0.3750000000
50647  15.565  -22.712  56.589 0.1250000000
50648  15.128  -22.641  57.565 0.1250000000
48888  13.203  -23.702  55.694 0.1250000000
48892  13.151  -23.820  54.877 0.1250000000
48897  12.538  -23.410  53.471 0.2500000000
131063  11.762  -23.084  52.417 0.2500000000
118195  10.372  -22.539  50.665 0.2500000000
51601  4.073  -21.661  50.942 0.3750000000
51608  3.947  -21.225  50.572 0.3750000000
49778  16.535  -22.952  54.459 0.1250000000
47940  13.797  -24.234  56.291 0.1250000000
51602  3.826  -21.890  50.849 0.3750000000
49781  16.923  -23.269  53.670 0.1250000000
49766  15.524  -23.374  58.016 0.1250000000
122109  38.051  -26.432  48.720 0.2500000000
50660  16.696  -22.961  52.326 0.1250000000
47029  38.147  -26.657  48.319 0.2500000000
46024  38.803  -26.746  47.676 0.3750000000
46038  38.970  -27.141  46.991 0.3750000000
40432  23.467  -33.364  55.480 0.2500000000
41308  23.095  -32.829  56.110 0.2500000000
41307  23.877  -32.856  55.930 0.2500000000
42130  23.486  -31.940  56.406 0.2500000000
43877  22.513  -29.465  56.721 0.2500000000
55360  14.481  -17.824  57.441 0.1250000000
55368  13.953  -17.675  57.136 0.1250000000
54404  13.014  -18.161  56.971 0.1250000000
54405  12.285  -18.681  57.170 0.1250000000
54394  14.472  -18.181  57.495 0.1250000000
54395  13.653  -18.312  57.506 0.1250000000
120118  12.883  -18.614  57.548 0.1250000000
54393  14.863  -18.552  57.260 0.1250000000
111074  13.632  -18.896  57.631 0.1250000000
54396  12.465  -19.104  57.733 0.1250000000
54397  11.898  -19.232  57.144 0.1250000000
117883  15.383  -18.685  56.846 0.1250000000
111815  13.088  -19.015  57.889 0.1250000000
45960  21.067  -27.791  54.212 0.2500000000
112502  14.855  -20.047  55.572 0.1250000000
53434  15.484  -19.132  56.061 0.1250000000
53427  14.161  -18.846  57.431 0.1250000000
53428  13.261  -19.648  58.168 0.1250000000
53430  12.173  -19.778  57.685 0.1250000000
44889  21.029  -27.995  53.088 0.2500000000
53431  14.347  -19.440  57.192 0.1250000000
52482  12.585  -20.433  58.180 0.1250000000
45970  20.615  -27.641  52.532 0.1250000000
53439  15.357  -20.206  54.433 0.1250000000
52489  14.491  -20.083  56.578 0.1250000000
51574  13.481  -21.105  58.406 0.1250000000
52501  7.760  -20.182  52.209 0.1250000000
52502  6.957  -19.476  52.523 0.2500000000
52509  6.353  -19.489  51.979 0.2500000000
44899  21.025  -28.174  52.180 0.1250000000
52488  14.384  -20.912  56.143 0.1250000000
51573  14.005  -21.307  58.173 0.1250000000
51595  9.253  -21.055  51.979 0.1250000000
51596  8.540  -20.817  51.564 0.1250000000
51598  6.335  -20.328  51.279 0.2500000000
51587  15.521  -21.055  53.928 0.1250000000
52492  14.900  -20.914  54.978 0.1250000000
51579  14.769  -21.837  56.618 0.1250000000
50643  14.397  -22.171  58.109 0.1250000000
49775  12.185  -22.763  55.300 0.1250000000
49780  11.782  -22.411  54.537 0.1250000000
50658  11.143  -22.192  53.001 0.1250000000
50663  9.879  -21.632  52.043 0.1250000000
51605  8.427  -21.224  50.734 0.2500000000
123754  5.239  -20.353  50.973 0.2500000000
50654  15.383  -21.675  54.774 0.1250000000
50639  14.884  -22.826  58.039 0.1250000000
50640  14.741  -22.949  58.059 0.1250000000
49762  13.442  -23.186  57.431 0.1250000000
48881  13.081  -23.278  56.974 0.1250000000
49779  12.300  -22.957  54.707 0.1250000000
49786  11.843  -22.899  53.036 0.1250000000
49797  10.899  -22.790  51.375 0.2500000000
51604  9.306  -21.507  51.154 0.1250000000
51612  8.103  -21.719  50.119 0.2500000000
52511  4.864  -20.179  50.794 0.3750000000
51583  15.937  -22.078  54.086 0.1250000000
116197  15.916  -22.401  54.886 0.1250000000
130508  14.666  -24.019  57.939 0.1250000000
48880  13.652  -23.762  57.151 0.1250000000
49787  11.289  -22.762  52.307 0.2500000000
120399  4.366  -21.005  50.659 0.3750000000
49760  14.755  -23.592  58.048 0.1250000000
48876  14.132  -23.915  57.603 0.1250000000
52518  3.940  -20.521  50.221 0.3750000000
49785  16.699  -22.968  53.027 0.1250000000
50657  16.409  -22.562  53.518 0.1250000000
51614  3.657  -21.120  50.094 0.3750000000
48007  38.268  -26.061  48.969 0.2500000000
48006  38.587  -26.275  48.521 0.2500000000
47041  39.206  -26.022  48.209 0.2500000000
46023  39.146  -26.869  47.286 0.2500000000
47049  39.589  -26.415  47.217 0.2500000000
47063  39.555  -26.798  46.530 0.2500000000
41316  24.515  -32.975  55.416 0.1250000000
117420  14.090  -17.470  54.364 0.1250000000
54424  13.343  -17.908  54.213 0.1250000000
54446  13.016  -18.134  53.211 0.1250000000
55378  13.606  -17.659  55.317 0.1250000000
128525  12.895  -18.146  54.932 0.1250000000
54436  12.514  -18.297  54.181 0.1250000000
120961  12.058  -18.442  53.430 0.1250000000
54448  11.473  -18.510  52.844 0.1250000000
42137  23.973  -31.422  56.068 0.2500000000
55372  14.208  -17.338  56.290 0.1250000000
54437  11.217  -18.556  53.594 0.1250000000
42995  23.413  -30.866  56.575 0.2500000000
55373  13.511  -17.718  56.378 0.1250000000
54413  12.853  -18.090  55.898 0.1250000000
54425  12.064  -18.499  55.199 0.1250000000
54426  11.171  -18.793  54.923 0.1250000000
109445  10.995  -18.559  52.227 0.1250000000
43885  22.852  -29.697  55.905 0.2500000000
43884  23.089  -30.146  56.489 0.2500000000
54414  12.153  -18.516  56.367 0.1250000000
54415  11.297  -18.946  55.767 0.1250000000
54416  10.465  -19.100  54.956 0.1250000000
115985  10.524  -18.722  54.241 0.1250000000
114441  9.501  -18.716  53.929 0.1250000000
54438  10.420  -18.545  53.213 0.1250000000
44867  22.161  -29.066  55.374 0.2500000000
53435  11.429  -19.467  56.251 0.1250000000
54427  9.650  -19.042  54.441 0.1250000000
54428  8.808  -18.977  54.057 0.1250000000
54449  9.235  -18.539  53.215 0.1250000000
44878  21.632  -28.476  54.790 0.2500000000
43897  22.632  -29.615  54.739 0.2500000000
53433  11.093  -20.186  55.928 0.1250000000
53436  10.610  -19.679  55.363 0.1250000000
53440  9.925  -19.501  54.693 0.1250000000
53442  8.457  -19.158  53.767 0.1250000000
44888  21.678  -28.634  53.595 0.2500000000
44877  22.095  -29.048  54.386 0.2500000000
51578  11.068  -20.882  55.634 0.1250000000
52490  10.527  -20.278  55.261 0.1250000000
52493  9.505  -20.049  54.265 0.1250000000
52491  9.116  -19.593  54.069 0.1250000000
53446  7.642  -18.969  53.392 0.1250000000
52484  11.962  -20.692  57.174 0.1250000000
52485  11.561  -21.115  56.408 0.1250000000
51584  10.164  -20.532  54.371 0.1250000000
130519  8.026  -19.165  53.522 0.1250000000
53447  7.061  -18.901  53.032 0.1250000000
54441  7.084  -18.877  53.075 0.2500000000
52481  13.093  -20.376  58.467 0.1250000000
51572  12.472  -21.305  57.746 0.1250000000
51577  11.532  -21.557  56.141 0.1250000000
51581  11.312  -21.416  55.546 0.1250000000
50653  10.755  -21.083  54.490 0.1250000000
51585  9.303  -20.262  53.788 0.1250000000
114508  8.344  -19.855  53.290 0.1250000000
129791  7.686  -19.240  53.261 0.1250000000
52503  6.604  -18.947  52.673 0.2500000000
124993  21.447  -28.559  52.654 0.2500000000
51571  13.528  -21.804  58.288 0.1250000000
119569  13.005  -21.115  58.487 0.1250000000
50646  11.870  -22.009  56.555 0.1250000000
49772  11.642  -22.026  55.929 0.1250000000
50655  11.279  -21.703  54.564 0.1250000000
122585  10.133  -20.738  53.980 0.1250000000
51588  9.781  -20.819  53.473 0.1250000000
122604  8.215  -20.119  52.909 0.1250000000
111103  6.107  -19.175  51.928 0.2500000000
50644  12.968  -21.904  58.000 0.1250000000
49767  12.721  -22.800  57.074 0.1250000000
49771  12.124  -22.589  55.972 0.1250000000
49776  11.688  -22.199  55.308 0.1250000000
126575  10.721  -21.624  53.339 0.1250000000
130300  10.186  -21.284  53.239 0.1250000000
51570  14.035  -21.929  58.245 0.1250000000
50642  13.525  -22.560  57.899 0.1250000000
118238  11.251  -21.891  53.839 0.1250000000
50659  10.350  -21.670  52.744 0.1250000000
49761  14.103  -23.355  57.864 0.1250000000
48885  12.652  -22.949  56.531 0.1250000000
53462  4.664  -19.533  50.617 0.3750000000
52512  4.303  -20.357  50.468 0.3750000000
52523  3.719  -20.243  49.713 0.3750000000
48019  39.006  -25.720  48.487 0.2500000000
53533  4.818  -19.588  44.287 0.3750000000
110652  4.648  -19.587  45.035 0.3750000000
48018  39.674  -25.701  47.824 0.2500000000
53546  5.150  -19.526  43.630 0.3750000000
53547  4.533  -19.774  43.388 0.3750000000
47090  39.197  -26.861  45.038 0.2500000000
54447  12.306  -18.404  52.574 0.1250000000
117820  24.279  -32.203  55.868 0.2500000000
43002  24.146  -31.269  55.349 0.2500000000
43003  23.570  -30.606  55.874 0.2500000000
43015  23.678  -30.732  54.821 0.2500000000
43896  23.209  -30.168  55.125 0.2500000000
43016  23.064  -30.214  54.170 0.2500000000
53432  11.657  -19.981  56.772 0.1250000000
54440  7.589  -18.865  53.368 0.1250000000
43030  22.870  -30.122  53.241 0.2500000000
43907  22.397  -29.513  53.628 0.2500000000
54450  7.441  -18.615  52.907 0.2500000000
128707  22.474  -29.689  52.938 0.2500000000
44910  21.498  -28.789  51.888 0.2500000000
54442  6.785  -18.828  52.833 0.2500000000
54452  6.598  -18.774  52.598 0.2500000000
53460  5.676  -18.922  51.455 0.2500000000
53461  5.013  -18.949  50.897 0.3750000000
53468  4.115  -19.699  50.176 0.3750000000
53531  7.194  -19.523  44.528 0.3750000000
53521  6.270  -19.386  44.964 0.3750000000
53532  6.597  -19.519  44.005 0.3750000000
130767  4.747  -19.235  45.588 0.3750000000
53485  3.878  -19.629  48.434 0.3750000000
116185  40.093  -24.906  47.916 0.1250000000
126593  7.716  -19.421  43.016 0.3750000000
130920  5.911  -19.484  43.508 0.3750000000
110235  5.613  -19.467  44.242 0.3750000000
48044  39.962  -26.091  46.514 0.2500000000
53545  6.772  -19.467  43.064 0.3750000000
115889  40.076  -25.593  45.973 0.2500000000
53558  5.380  -19.437  42.684 0.3750000000
53559  4.330  -19.697  42.370 0.3750000000
42136  24.959  -32.258  55.099 0.2500000000
124517  24.454  -31.757  55.529 0.2500000000
42147  24.868  -31.601  54.742 0.2500000000
109267  24.318  -31.186  54.454 0.2500000000
43029  23.634  -30.689  53.716 0.2500000000
54458  7.699  -18.342  51.993 0.2500000000
54470  7.948  -18.372  50.946 0.2500000000
54471  6.957  -18.304  51.585 0.2500000000
54459  6.837  -18.553  52.437 0.2500000000
54460  6.406  -18.539  52.017 0.2500000000
54462  5.391  -18.650  51.070 0.2500000000
53520  7.323  -19.461  45.233 0.3750000000
116530  6.504  -19.050  46.468 0.3750000000
54522  5.623  -18.721  46.923 0.3750000000
53476  3.883  -19.529  49.335 0.3750000000
53508  5.434  -19.002  45.915 0.3750000000
54523  4.853  -18.767  46.612 0.3750000000
48953  40.322  -24.462  48.278 0.1250000000
54533  4.538  -18.974  46.098 0.3750000000
54525  4.183  -19.164  47.077 0.3750000000
48966  40.765  -24.511  48.001 0.2500000000
48977  40.453  -25.015  46.833 0.2500000000
48984  40.435  -24.543  46.172 0.2500000000
53557  6.504  -19.294  42.265 0.3750000000
53570  5.831  -19.093  41.729 0.3750000000
53571  4.686  -19.251  41.728 0.3750000000
54480  8.326  -18.578  49.910 0.2500000000
54472  6.259  -18.340  51.173 0.2500000000
129253  7.718  -18.523  49.643 0.2500000000
54481  7.185  -18.327  50.402 0.2500000000
54507  7.821  -18.893  48.301 0.2500000000
54493  8.150  -18.770  49.080 0.2500000000
54494  7.124  -18.522  49.241 0.2500000000
54482  6.125  -18.303  50.136 0.3750000000
54473  5.553  -18.447  50.787 0.2500000000
54495  5.950  -18.478  49.007 0.3750000000
54483  5.237  -18.468  49.825 0.3750000000
54474  4.859  -18.707  50.445 0.3750000000
53467  4.535  -19.113  50.466 0.3750000000
53475  4.240  -19.053  49.943 0.3750000000
54509  5.756  -18.607  47.916 0.3750000000
54496  4.948  -18.681  48.632 0.3750000000
54510  4.825  -18.703  47.487 0.3750000000
54498  4.028  -19.256  48.668 0.3750000000
54511  4.320  -18.968  47.617 0.3750000000
54497  4.335  -18.995  48.507 0.3750000000
127022  40.110  -24.254  48.395 0.1250000000
48965  41.386  -24.122  47.862 0.2500000000
48976  41.172  -24.267  47.070 0.2500000000
54508  6.817  -18.682  48.196 0.3750000000
49830  40.760  -23.831  48.440 0.2500000000
48952  41.147  -23.973  48.337 0.2500000000
49829  41.283  -23.271  48.298 0.2500000000
49864  41.675  -23.557  47.372 0.2500000000
49870  41.206  -23.454  46.390 0.2500000000
49882  40.511  -23.368  45.631 0.2500000000
50726  41.966  -22.808  46.861 0.2500000000
52588  36.842  -20.624  41.361 0.5000000000
52604  36.644  -20.154  40.655 0.5000000000
52587  37.512  -20.351  41.699 0.3750000000
52586  38.138  -19.892  41.794 0.3750000000
52603  37.580  -19.738  41.051 0.3750000000
52619  37.319  -19.352  40.189 0.5000000000
59125  39.835  -13.427  35.460 0.2500000000
52602  38.385  -19.423  41.107 0.5000000000
52635  37.081  -19.007  39.281 0.5000000000
62698  44.465  -9.593  33.046 0.5000000000
61807  44.710  -9.605  32.037 0.5000000000
62712  43.909  -9.744  32.298 0.5000000000
52585  39.271  -19.741  42.164 0.3750000000
112242  38.704  -19.653  41.806 0.3750000000
52618  38.134  -19.207  40.325 0.5000000000
52715  35.843  -18.624  34.803 0.1250000000
62725  45.062  -9.524  31.585 0.5000000000
52600  39.494  -19.536  41.756 0.5000000000
52601  39.004  -19.423  41.256 0.5000000000
116190  39.570  -19.299  40.928 0.3750000000
112986  39.349  -18.985  40.029 0.5000000000
52633  38.451  -18.952  39.524 0.5000000000
52729  35.819  -18.479  34.059 0.2500000000
63621  47.142  -8.453  31.346 0.5000000000
62735  46.554  -8.749  30.049 0.5000000000
125259  47.026  -8.306  29.845 0.5000000000
53589  39.125  -18.705  39.292 0.5000000000
54639  38.156  -17.279  34.388 0.1250000000
118496  47.248  -8.462  32.189 0.5000000000
67191  50.527  -4.632  35.202 0.2500000000
67198  50.816  -3.838  34.973 0.1250000000
111839  51.000  -3.021  35.131 0.1250000000
67199  50.085  -4.808  33.889 0.1250000000
119514  50.971  -3.408  34.447 0.1250000000
67206  50.559  -4.007  33.705 0.1250000000
68070  50.964  -3.413  33.534 0.1250000000
67214  50.424  -3.958  32.582 0.1250000000
68044  50.493  -3.727  36.238 0.1250000000
68055  50.677  -3.402  35.613 0.1250000000
68062  51.208  -2.799  34.440 0.1250000000
68922  50.206  -2.458  35.088 0.1250000000
68069  51.510  -2.827  33.428 0.1250000000
68081  51.021  -3.324  32.461 0.1250000000
127442  49.235  -5.296  27.635 0.7500000000
67247  50.288  -4.313  28.222 0.2500000000
68927  51.020  -2.204  34.945 0.1250000000
68928  50.053  -1.765  34.629 0.1250000000
68091  51.172  -3.219  31.535 0.2500000000
68080  51.721  -2.797  32.162 0.1250000000
66311  49.477  -5.319  26.825 0.7500000000
67246  51.191  -4.261  27.591 0.2500000000
68079  52.134  -2.658  31.289 0.1250000000
67257  52.019  -4.502  27.248 0.5000000000
116871  50.189  -6.991  24.358 0.1250000000
64509  50.752  -6.419  24.800 0.1250000000
63655  50.595  -7.514  23.732 0.1250000000
68950  52.668  -2.494  30.892 0.1250000000
68949  53.367  -2.452  30.469 0.1250000000
68088  53.096  -2.868  29.932 0.1250000000
67245  52.349  -4.064  28.056 0.2500000000
67233  53.147  -3.852  28.818 0.2500000000
66308  52.997  -4.773  27.379 0.2500000000
66323  52.936  -5.430  26.520 0.5000000000
64508  51.932  -6.811  24.688 0.1250000000
63654  51.540  -7.739  23.641 0.1250000000
63669  50.982  -8.019  23.123 0.1250000000
62785  51.302  -8.461  22.457 0.1250000000
68101  53.701  -3.531  29.269 0.1250000000
67244  54.419  -4.634  28.334 0.2500000000
111242  53.558  -4.436  28.234 0.2500000000
66307  54.545  -5.446  27.359 0.3750000000
66322  53.987  -5.781  26.679 0.3750000000
65440  53.362  -6.140  25.924 0.5000000000
64516  52.214  -7.480  24.170 0.1250000000
63668  51.822  -8.191  23.072 0.1250000000
63667  52.660  -8.294  23.008 0.1250000000
62784  52.037  -8.469  22.553 0.1250000000
62799  51.844  -8.728  21.989 0.1250000000
62832  51.754  -9.518  20.804 0.1250000000
62814  52.327  -8.997  21.502 0.1250000000
62849  52.593  -9.572  19.922 0.1250000000
67231  55.094  -4.495  28.639 0.2500000000
65439  54.439  -6.290  26.082 0.3750000000
64515  53.072  -7.758  24.160 0.2500000000
123607  53.808  -7.573  24.604 0.2500000000
63653  53.124  -8.046  23.624 0.1250000000
62798  52.507  -8.594  22.264 0.1250000000
63679  53.042  -8.636  21.968 0.1250000000
109598  53.016  -8.929  21.236 0.1250000000
62848  53.295  -9.190  19.835 0.1250000000
63707  54.859  -8.167  18.651 0.1250000000
63704  54.452  -8.168  19.595 0.1250000000
62847  53.986  -8.667  19.711 0.1250000000
111401  54.649  -7.753  19.391 0.1250000000
123513  55.330  -6.294  26.251 0.3750000000
64506  54.535  -7.249  24.883 0.2500000000
63666  53.569  -8.110  23.227 0.1250000000
63680  53.093  -8.417  22.604 0.1250000000
63690  53.626  -8.405  21.643 0.1250000000
62830  53.615  -8.647  20.723 0.1250000000
63695  54.237  -8.116  20.532 0.1250000000
113666  54.093  -8.115  21.275 0.1250000000
63703  54.563  -7.600  20.380 0.1250000000
65462  55.328  -7.041  24.743 0.1250000000
64513  54.629  -7.576  24.259 0.1250000000
65468  56.035  -6.626  23.780 0.1250000000
64525  54.941  -7.539  23.551 0.1250000000
64526  54.260  -7.837  23.670 0.1250000000
109624  53.666  -8.245  22.456 0.1250000000
64530  55.603  -6.940  23.210 0.1250000000
64531  54.923  -7.371  22.776 0.1250000000
110857  55.241  -6.907  22.560 0.1250000000
64537  54.772  -7.197  22.049 0.1250000000
63689  54.278  -7.804  22.099 0.1250000000
64540  54.736  -7.178  21.297 0.1250000000
116796  54.721  -7.198  20.580 0.1250000000
111724  56.011  -6.019  23.115 0.1250000000
65474  55.451  -6.425  22.603 0.1250000000
113207  54.934  -6.772  22.034 0.1250000000
65479  54.928  -6.316  21.895 0.1250000000
47972  13.956  -24.929  52.099 0.3750000000
43019  11.920  -30.869  54.509 0.6250000000
43020  11.258  -30.239  54.734 0.6250000000
112647  10.329  -29.386  55.492 0.6250000000
43060  11.840  -30.216  52.206 0.5000000000
41327  21.387  -32.321  54.510 0.2500000000
46011  33.194  -26.720  49.345 0.5000000000
44996  38.642  -27.632  46.121 0.3750000000
44995  39.048  -27.454  46.006 0.3750000000
46064  39.258  -27.268  45.883 0.2500000000
47077  39.525  -26.809  45.708 0.2500000000
128919  39.820  -26.260  45.822 0.2500000000
62701  41.835  -9.570  33.750 0.5000000000
62743  46.660  -8.543  29.255 0.5000000000
66294  49.482  -4.949  28.242 0.5000000000
66241  50.339  -5.297  35.461 0.2500000000
68102  52.724  -3.292  29.533 0.2500000000
43890  9.777  -29.057  56.271 0.6250000000
42172  13.017  -31.316  51.759 0.5000000000
42181  14.582  -31.643  49.733 0.5000000000
43058  12.925  -30.968  51.032 0.5000000000
42178  18.780  -31.728  50.610 0.3750000000
41349  19.892  -32.542  51.118 0.2500000000
44934  34.561  -27.085  48.659 0.5000000000
44862  9.021  -28.554  56.578 0.6250000000
45930  6.568  -27.565  56.667 0.6250000000
46960  6.452  -27.019  56.097 0.6250000000
46954  5.233  -26.987  55.975 0.6250000000
46961  5.767  -26.696  55.832 0.6250000000
46962  4.717  -26.614  55.523 0.6250000000
45935  7.870  -27.532  55.955 0.6250000000
45936  7.079  -27.351  56.268 0.6250000000
49813  3.575  -22.916  50.848 0.3750000000
125590  44.328  -9.602  30.109 0.3750000000
52620  36.380  -19.742  39.953 0.5000000000
62722  46.538  -8.861  30.850 0.5000000000
52634  37.928  -18.843  38.871 0.3750000000
66310  51.298  -4.803  26.804 0.6250000000
66309  52.222  -4.927  26.757 0.5000000000
120783  4.220  -26.017  54.209 0.6250000000
53590  38.973  -19.073  39.775 0.5000000000
65456  51.654  -6.132  25.242 0.2500000000
65441  52.316  -5.872  25.802 0.3750000000
112369  8.899  -34.979  49.888 0.1250000000
46970  5.721  -26.232  55.197 0.6250000000
47951  5.635  -25.913  54.474 0.6250000000
45929  15.629  -26.208  57.043 0.2500000000
45951  16.015  -27.155  54.037 0.2500000000
45973  15.465  -26.499  52.760 0.2500000000
46969  6.380  -26.263  54.695 0.6250000000
46978  15.136  -25.830  53.153 0.2500000000
47975  5.973  -25.764  53.152 0.6250000000
48898  4.445  -25.197  52.993 0.3750000000
48911  3.984  -24.306  52.143 0.3750000000
48900  3.986  -25.076  52.569 0.5000000000
43918  17.067  -28.879  52.741 0.2500000000
44900  16.738  -28.497  51.995 0.2500000000
44912  16.930  -28.919  51.105 0.2500000000
44926  16.119  -28.270  49.895 0.3750000000
43084  16.299  -29.628  48.735 0.5000000000
44872  8.694  -28.032  55.902 0.6250000000
45983  15.818  -27.348  51.502 0.2500000000
46031  15.048  -27.260  49.005 0.5000000000
45918  17.520  -26.632  58.833 0.2500000000
46001  15.310  -26.912  50.914 0.3750000000
120207  8.443  -27.273  53.493 0.6250000000
47008  14.875  -26.154  51.150 0.3750000000
47046  14.544  -26.746  48.585 0.5000000000
47047  14.031  -26.232  48.151 0.5000000000
47026  7.809  -26.222  50.503 0.5000000000
47025  8.334  -26.715  50.807 0.5000000000
47038  8.660  -25.948  49.138 0.5000000000
46998  6.816  -26.261  53.240 0.6250000000
119375  17.269  -24.619  59.081 0.2500000000
47057  11.909  -26.057  47.024 0.5000000000
48037  11.515  -25.297  47.213 0.5000000000
47059  9.979  -26.004  47.708 0.5000000000
48971  11.283  -24.576  47.516 0.5000000000
48038  10.602  -24.943  47.317 0.3750000000
47048  9.458  -26.414  48.661 0.5000000000
48028  8.107  -24.528  48.729 0.3750000000
47990  6.388  -25.601  51.595 0.3750000000
116800  13.021  -24.979  49.677 0.3750000000
48972  9.973  -24.337  47.574 0.3750000000
48923  5.826  -24.836  51.404 0.3750000000
48924  5.190  -24.489  51.868 0.3750000000
47988  13.321  -24.637  51.572 0.3750000000
48934  12.598  -24.457  50.024 0.3750000000
118874  8.454  -23.984  48.372 0.3750000000
48936  6.738  -24.630  50.158 0.3750000000
48950  6.688  -23.780  50.024 0.3750000000
49811  5.923  -23.230  50.735 0.3750000000
48925  3.658  -24.020  51.457 0.3750000000
128347  19.952  -31.481  52.680 0.2500000000
42156  19.389  -31.019  53.924 0.2500000000
43031  19.441  -31.026  52.832 0.2500000000
128633  19.203  -30.944  52.014 0.2500000000
42169  19.093  -31.260  51.304 0.2500000000
113274  18.406  -30.127  53.998 0.2500000000
43044  18.661  -30.636  51.665 0.2500000000
43045  18.175  -30.080  52.128 0.2500000000
43057  18.119  -30.329  51.206 0.2500000000
42191  17.123  -31.189  49.312 0.5000000000
42190  17.670  -31.130  49.788 0.2500000000
42180  15.634  -31.872  49.577 0.5000000000
43900  10.827  -29.699  54.138 0.6250000000
43004  18.975  -30.009  55.718 0.2500000000
125462  19.287  -29.563  56.780 0.2500000000
43005  18.370  -29.592  55.624 0.2500000000
43018  18.454  -29.975  54.879 0.2500000000
43033  18.167  -29.921  53.171 0.2500000000
43929  17.655  -29.987  50.690 0.2500000000
43917  17.639  -29.483  52.503 0.2500000000
43075  16.602  -30.446  48.885 0.5000000000
43068  13.906  -31.066  49.590 0.5000000000
43070  12.388  -30.273  50.549 0.5000000000
43886  17.929  -29.097  55.925 0.2500000000
43899  17.380  -28.962  54.351 0.2500000000
127670  17.337  -29.452  51.136 0.2500000000
43087  14.307  -30.006  48.491 0.5000000000
43932  11.377  -29.688  51.751 0.5000000000
43933  10.829  -29.270  52.110 0.5000000000
43920  10.494  -29.116  52.838 0.6250000000
44870  9.857  -28.821  55.365 0.6250000000
44893  9.498  -28.364  54.091 0.6250000000
43870  17.659  -28.083  57.028 0.2500000000
44879  16.892  -28.252  54.542 0.2500000000
43956  13.820  -29.388  48.184 0.5000000000
43950  12.033  -29.654  49.925 0.5000000000
44928  10.373  -28.577  51.101 0.5000000000
44902  9.794  -28.450  52.809 0.6250000000
44881  9.023  -27.937  54.573 0.6250000000
45917  18.505  -26.813  58.891 0.2500000000
43963  14.090  -28.684  47.822 0.5000000000
44947  12.190  -29.277  49.123 0.5000000000
44929  9.946  -28.009  50.658 0.5000000000
130480  9.597  -28.138  52.228 0.5000000000
45974  9.135  -27.639  51.933 0.6250000000
112436  9.105  -27.801  52.870 0.6250000000
45963  8.984  -27.841  53.779 0.6250000000
44987  12.826  -28.137  47.624 0.5000000000
127554  12.375  -27.586  47.458 0.5000000000
44971  11.232  -27.903  48.435 0.5000000000
45985  9.310  -27.582  51.043 0.5000000000
47931  18.873  -25.328  58.773 0.2500000000
46046  13.094  -27.288  47.240 0.5000000000
46047  12.238  -26.871  47.156 0.5000000000
46004  8.936  -27.006  50.515 0.5000000000
47934  18.993  -25.144  58.110 0.2500000000
49841  11.265  -23.731  48.826 0.3750000000
49843  9.737  -23.301  48.320 0.3750000000
114289  12.838  -24.091  52.019 0.3750000000
49845  8.216  -23.369  48.733 0.3750000000
46010  34.144  -26.683  49.024 0.6250000000
128691  13.579  -24.275  54.017 0.1250000000
50703  9.212  -22.781  48.803 0.3750000000
49789  3.961  -23.607  51.868 0.3750000000
46008  36.029  -26.871  48.646 0.3750000000
44933  35.451  -27.171  48.480 0.6250000000
48922  12.185  -23.721  51.452 0.3750000000
49810  10.828  -23.056  50.347 0.2500000000
49799  3.925  -22.953  51.547 0.3750000000
49774  16.270  -23.013  55.651 0.1250000000
40434  22.653  -32.862  55.523 0.2500000000
40435  22.024  -32.078  55.928 0.2500000000
41299  21.532  -31.415  56.359 0.2500000000
42974  19.823  -29.694  57.361 0.2500000000
42124  19.948  -30.086  56.820 0.2500000000
44841  19.070  -28.239  58.303 0.2500000000
45926  20.572  -27.172  58.053 0.2500000000
114184  17.597  -24.290  53.216 0.1250000000
50678  5.268  -22.410  51.095 0.3750000000
47014  36.508  -26.386  49.086 0.2500000000
47996  34.557  -25.531  49.678 0.3750000000
48893  12.671  -23.389  54.395 0.1250000000
114395  9.731  -22.141  50.437 0.2500000000
45989  37.181  -26.824  48.552 0.2500000000
42131  22.568  -32.094  56.473 0.2500000000
41298  22.054  -31.954  56.226 0.2500000000
42121  21.265  -30.611  57.032 0.2500000000
130896  20.734  -30.357  57.155 0.2500000000
43867  21.625  -29.122  57.488 0.2500000000
42986  20.906  -30.160  57.431 0.2500000000
42973  20.242  -29.696  57.644 0.2500000000
43857  20.431  -28.949  58.121 0.2500000000
44849  21.016  -27.861  58.024 0.2500000000
46950  20.427  -26.707  56.659 0.2500000000
125355  20.208  -26.425  57.325 0.2500000000
46965  20.437  -26.816  55.005 0.2500000000
128877  18.458  -25.028  53.763 0.1250000000
48906  17.435  -24.314  52.521 0.1250000000
50690  6.793  -22.095  50.262 0.3750000000
48000  17.810  -25.462  50.824 0.1250000000
47030  37.589  -26.373  49.004 0.2500000000
46007  37.818  -26.872  48.108 0.2500000000
125347  38.714  -26.536  48.097 0.2500000000
46992  20.443  -27.241  53.390 0.2500000000
52508  7.021  -20.101  51.654 0.1250000000
51597  7.786  -20.695  51.218 0.1250000000
114899  5.751  -19.943  51.351 0.2500000000
50662  10.623  -22.205  52.133 0.1250000000
50651  15.435  -22.195  55.623 0.1250000000
124716  12.650  -23.128  55.895 0.1250000000
49782  12.192  -22.879  53.979 0.1250000000
55359  15.142  -17.710  57.449 0.1250000000
110282  11.754  -18.910  56.633 0.1250000000
124263  15.188  -18.022  57.521 0.1250000000
114749  14.880  -19.321  56.577 0.1250000000
53429  12.762  -19.673  58.205 0.1250000000
52483  13.763  -19.591  57.731 0.1250000000
51580  14.086  -20.417  57.462 0.1250000000
126902  13.559  -20.395  58.253 0.1250000000
51576  14.271  -21.272  57.302 0.1250000000
52497  7.594  -19.606  52.911 0.1250000000
52498  7.078  -19.161  52.950 0.2500000000
51592  8.693  -20.576  52.465 0.1250000000
123266  14.864  -21.485  55.536 0.1250000000
50649  14.543  -21.987  57.854 0.1250000000
49783  11.656  -22.448  53.689 0.1250000000
51591  9.587  -21.063  52.763 0.1250000000
52510  5.555  -19.589  51.267 0.3750000000
126084  5.186  -19.351  51.012 0.3750000000
120688  11.596  -18.562  54.268 0.1250000000
54439  8.682  -18.769  53.743 0.1250000000
53437  9.836  -19.882  54.656 0.1250000000
53441  9.248  -19.389  54.243 0.1250000000
110291  8.221  -18.653  53.353 0.1250000000
52487  10.325  -20.445  54.816 0.1250000000
52494  8.617  -19.556  53.661 0.1250000000
51575  11.936  -21.524  56.865 0.1250000000
50645  12.402  -22.121  57.223 0.1250000000
50652  11.296  -21.562  55.157 0.1250000000
50656  10.606  -21.259  53.853 0.1250000000
51589  8.942  -20.446  53.160 0.1250000000
50650  12.201  -22.443  56.560 0.1250000000
113637  39.606  -25.224  48.116 0.1250000000
53522  5.176  -19.367  45.024 0.3750000000
124521  40.177  -25.242  47.443 0.2500000000
43916  22.011  -29.223  52.649 0.2500000000
53459  6.301  -18.786  52.155 0.2500000000
54461  5.928  -18.571  51.507 0.2500000000
126184  8.788  -18.562  50.488 0.2500000000
109511  6.608  -19.267  45.738 0.3750000000
122211  40.832  -24.564  47.514 0.2500000000
130923  4.542  -18.835  48.046 0.3750000000
49849  41.715  -23.393  48.085 0.2500000000
49848  42.082  -23.028  47.614 0.2500000000
128231  37.872  -19.015  39.638 0.5000000000
61808  44.079  -9.708  31.425 0.5000000000
61824  44.562  -9.605  31.140 0.5000000000
52571  39.937  -19.706  42.381 0.3750000000
61838  44.132  -9.642  30.524 0.5000000000
52617  38.705  -19.220  40.403 0.5000000000
66240  50.616  -4.594  36.217 0.2500000000
67190  50.652  -3.942  35.955 0.1250000000
68921  50.665  -2.750  35.306 0.1250000000
68056  50.306  -3.202  35.581 0.1250000000
126137  50.564  -2.129  35.008 0.1250000000
69801  49.451  -1.661  33.928 0.1250000000
68942  52.456  -2.413  32.021 0.1250000000
112597  51.208  -7.151  24.186 0.1250000000
124474  53.708  -5.299  27.162 0.5000000000
65455  52.687  -6.586  25.302 0.2500000000
67232  54.196  -4.198  28.797 0.2500000000
66292  54.054  -4.958  27.797 0.2500000000
64507  52.935  -7.292  24.749 0.2500000000
65454  53.822  -6.972  25.344 0.3750000000
117409  52.407  -7.970  23.635 0.1250000000
62815  51.507  -9.128  21.429 0.1250000000
62831  52.452  -9.373  20.744 0.1250000000
61931  51.899  -9.852  20.015 0.1250000000
124889  52.985  -9.184  20.574 0.1250000000
66321  54.959  -5.978  26.870 0.3750000000
64514  53.777  -7.890  23.967 0.1250000000
65453  55.077  -6.723  25.479 0.2500000000
63694  54.470  -7.626  21.303 0.1250000000
64524  55.542  -7.149  24.031 0.1250000000
66338  56.440  -6.233  25.207 0.2500000000
63665  54.298  -7.835  23.014 0.1250000000
65481  54.804  -6.866  21.179 0.1250000000
66361  55.424  -5.759  22.498 0.1250000000
45978  30.929  -27.243  50.615 0.5000000000
47003  31.060  -25.927  50.893 0.2500000000
47004  30.240  -26.648  51.296 0.3750000000
45979  30.271  -27.526  51.194 0.3750000000
45966  29.666  -27.336  51.959 0.3750000000
45956  28.803  -27.719  53.113 0.3750000000
46973  28.534  -27.158  52.904 0.2500000000
46975  27.661  -27.520  53.050 0.1250000000
44876  27.317  -29.059  53.857 0.1250000000
118626  26.948  -31.167  54.441 0.1250000000
110861  25.401  -31.029  54.128 0.1250000000
44886  27.166  -28.603  53.462 0.1250000000
44898  26.402  -28.272  52.474 0.1250000000
129381  25.351  -29.723  52.396 0.1250000000
43054  24.010  -30.375  52.135 0.1250000000
43915  22.635  -29.872  52.391 0.1250000000
45980  26.444  -27.425  51.887 0.1250000000
44920  25.700  -27.928  50.931 0.1250000000
43937  24.418  -29.325  50.821 0.1250000000
43939  22.745  -29.621  50.677 0.1250000000
47020  25.556  -26.817  50.042 0.1250000000
46013  24.967  -27.454  49.727 0.1250000000
44922  23.980  -29.047  50.066 0.1250000000
44942  22.576  -29.042  49.315 0.1250000000
46025  24.653  -27.176  48.959 0.1250000000
44962  23.245  -28.428  48.807 0.1250000000
44963  22.227  -28.610  48.532 0.1250000000
47064  23.390  -26.427  46.805 0.1250000000
46039  23.384  -27.454  47.889 0.1250000000
46040  22.467  -27.971  47.841 0.1250000000
50885  5.978  -22.732  38.689 0.3750000000
47065  22.467  -26.689  46.461 0.1250000000
46054  22.765  -27.223  47.219 0.1250000000
50884  6.387  -22.761  38.352 0.3750000000
131049  5.989  -22.027  38.660 0.3750000000
51754  6.067  -21.846  38.586 0.3750000000
54577  3.359  -18.423  39.929 0.1250000000
55511  3.287  -17.493  39.937 0.1250000000
54582  3.389  -18.849  39.304 0.2500000000
116397  3.308  -17.841  39.248 0.2500000000
53604  4.208  -19.891  38.322 0.3750000000
54588  3.958  -18.799  38.060 0.1250000000
128647  3.579  -18.550  38.626 0.2500000000
51755  5.586  -21.157  38.660 0.3750000000
124980  4.506  -19.927  38.205 0.2500000000
53603  4.197  -19.495  38.029 0.2500000000
52662  5.432  -20.221  38.278 0.1250000000
53619  4.740  -19.647  37.981 0.2500000000
55510  3.647  -17.238  40.254 0.2500000000
54576  3.604  -18.209  40.289 0.3750000000
55521  3.206  -16.864  39.670 0.2500000000
118669  3.690  -17.915  38.294 0.2500000000
54598  4.843  -19.001  37.692 0.1250000000
49078  34.397  -24.750  36.596 0.2500000000
54569  4.126  -18.920  40.901 0.2500000000
54574  5.368  -18.115  40.800 0.2500000000
55509  4.840  -17.424  40.610 0.1250000000
54575  4.379  -18.136  40.559 0.2500000000
56394  4.242  -16.551  40.580 0.1250000000
56396  3.235  -16.747  40.046 0.1250000000
57242  3.253  -16.054  40.015 0.1250000000
55536  4.043  -17.205  38.059 0.1250000000
55537  3.494  -17.024  38.797 0.1250000000
55535  4.934  -17.518  37.912 0.1250000000
56418  3.410  -16.249  39.279 0.1250000000
49961  34.442  -23.529  38.607 0.3750000000
49980  33.954  -24.043  36.972 0.2500000000
113584  34.201  -23.752  37.788 0.2500000000
54484  4.570  -18.813  49.490 0.2500000000
126736  6.889  -18.282  41.331 0.2500000000
55498  6.157  -17.539  40.981 0.1250000000
54568  5.075  -18.700  41.127 0.2500000000
55499  5.248  -16.823  40.797 0.1250000000
56388  4.895  -16.066  41.014 0.1250000000
56395  3.536  -16.223  40.281 0.1250000000
57238  3.677  -15.357  40.564 0.1250000000
58152  3.548  -15.352  40.129 0.1250000000
57263  5.281  -15.928  38.717 0.1250000000
56416  4.668  -16.548  38.241 0.1250000000
56417  3.850  -16.351  38.525 0.1250000000
49948  35.159  -23.636  39.771 0.3750000000
50837  34.655  -22.757  39.656 0.3750000000
49949  34.673  -23.396  39.258 0.3750000000
50855  34.347  -22.568  39.074 0.3750000000
124343  7.514  -19.057  47.506 0.2500000000
54521  6.597  -18.842  47.299 0.2500000000
128638  7.253  -19.172  46.851 0.2500000000
55483  8.946  -17.699  42.351 0.2500000000
56380  8.430  -16.802  42.220 0.1250000000
54559  8.418  -18.540  42.236 0.2500000000
55484  8.142  -17.688  41.862 0.1250000000
125543  7.724  -17.046  41.706 0.1250000000
56382  6.495  -15.941  41.671 0.1250000000
53569  6.921  -18.960  41.736 0.2500000000
55497  7.301  -17.638  41.446 0.2500000000
56386  6.925  -16.822  41.414 0.1250000000
56387  5.933  -16.490  41.172 0.1250000000
56389  4.012  -15.682  40.793 0.1250000000
57237  3.993  -15.022  41.071 0.1250000000
58139  3.883  -14.582  40.613 0.1250000000
57253  4.739  -15.240  39.131 0.1250000000
57254  3.971  -15.300  39.234 0.1250000000
122410  5.068  -14.703  39.574 0.1250000000
53495  8.395  -19.288  47.574 0.2500000000
114070  8.911  -19.493  46.874 0.2500000000
53496  8.044  -19.349  46.849 0.2500000000
53507  7.517  -19.370  46.110 0.2500000000
55469  10.603  -17.865  43.334 0.1250000000
56372  10.760  -16.955  43.527 0.1250000000
53506  8.548  -19.492  46.164 0.2500000000
54551  9.956  -18.559  43.155 0.1250000000
56373  10.135  -16.986  43.066 0.1250000000
109788  8.234  -19.518  45.408 0.2500000000
53554  8.770  -19.030  42.775 0.2500000000
55470  9.779  -17.761  42.778 0.2500000000
56379  9.363  -16.956  42.653 0.2500000000
126355  9.649  -16.356  43.070 0.1250000000
57230  8.036  -15.827  42.579 0.1250000000
53544  7.652  -19.526  43.794 0.2500000000
53555  8.114  -19.188  42.596 0.2500000000
53556  7.337  -19.275  42.416 0.2500000000
57231  5.700  -15.061  42.002 0.1250000000
57235  5.556  -15.738  41.435 0.1250000000
57236  4.631  -15.204  41.417 0.1250000000
58128  4.144  -14.457  41.626 0.1250000000
58129  3.950  -14.502  41.201 0.1250000000
59035  3.833  -13.677  41.517 0.1250000000
58150  4.296  -14.757  39.643 0.1250000000
58138  4.097  -14.303  40.277 0.1250000000
58149  5.875  -15.267  39.414 0.1250000000
58137  4.779  -14.177  40.039 0.1250000000
59055  4.444  -13.625  40.611 0.1250000000
59054  5.439  -13.618  40.469 0.1250000000
59923  4.981  -12.992  40.946 0.1250000000
59922  6.061  -13.060  40.969 0.1250000000
54532  12.740  -18.588  45.965 0.1250000000
53516  11.519  -19.320  45.759 0.1250000000
54539  12.256  -18.518  45.092 0.1250000000
55439  12.757  -17.558  45.358 0.1250000000
56365  11.843  -16.703  44.456 0.1250000000
55454  12.119  -17.628  44.634 0.1250000000
120588  11.659  -18.455  44.417 0.1250000000
55455  11.387  -17.505  43.965 0.1250000000
57207  11.499  -15.784  44.619 0.1250000000
53517  10.662  -19.392  45.212 0.2500000000
54540  11.608  -19.131  45.011 0.1250000000
54549  11.109  -18.392  43.876 0.2500000000
56366  11.125  -16.384  44.016 0.1250000000
110016  9.395  -19.517  46.191 0.2500000000
54541  11.018  -19.058  44.358 0.2500000000
53529  10.189  -19.259  44.304 0.2500000000
57220  10.274  -16.099  43.579 0.1250000000
53519  8.821  -19.503  44.758 0.2500000000
53530  8.484  -19.494  44.106 0.2500000000
53541  9.881  -19.118  43.671 0.2500000000
53542  9.318  -19.092  43.240 0.2500000000
109015  7.981  -19.548  44.639 0.2500000000
53543  8.508  -19.356  43.347 0.2500000000
57222  8.514  -15.347  43.230 0.1250000000
57223  7.623  -15.044  43.029 0.1250000000
117255  6.981  -15.375  42.405 0.1250000000
58101  6.951  -14.402  43.495 0.1250000000
58102  5.620  -13.839  43.504 0.1250000000
58117  5.088  -14.268  42.650 0.1250000000
58127  4.682  -14.546  41.984 0.1250000000
58118  4.228  -13.961  42.377 0.1250000000
58119  3.878  -13.826  42.012 0.1250000000
59056  3.952  -13.716  40.939 0.1250000000
122162  5.922  -14.370  40.000 0.1250000000
59924  4.139  -13.085  41.167 0.1250000000
59905  5.605  -12.461  41.458 0.1250000000
63537  48.359  -8.660  40.002 0.2500000000
63547  49.236  -8.140  38.968 0.2500000000
63548  48.553  -8.563  39.265 0.3750000000
63559  48.549  -8.445  38.488 0.2500000000
110017  10.200  -19.501  46.114 0.2500000000
111792  10.898  -19.456  46.081 0.2500000000
56357  12.801  -16.483  45.341 0.1250000000
129666  9.817  -19.486  45.581 0.2500000000
125591  9.095  -19.513  45.505 0.2500000000
53518  9.670  -19.436  44.886 0.2500000000
109453  9.294  -19.365  44.030 0.2500000000
57209  9.813  -15.224  44.133 0.1250000000
57221  9.382  -15.652  43.425 0.1250000000
56374  8.945  -16.136  42.801 0.1250000000
58104  3.929  -13.286  42.848 0.1250000000
64368  46.460  -8.416  41.907 0.1250000000
63514  46.993  -9.292  41.720 0.1250000000
62602  46.409  -9.881  41.514 0.1250000000
64397  48.547  -7.920  40.288 0.1250000000
64381  48.057  -8.603  40.802 0.1250000000
63526  47.624  -9.224  41.224 0.1250000000
62615  47.131  -9.772  41.091 0.1250000000
62623  47.359  -9.411  39.961 0.1250000000
64411  49.633  -7.526  39.330 0.1250000000
64412  49.085  -7.246  39.912 0.2500000000
63558  49.260  -7.997  38.167 0.1250000000
65320  50.355  -6.354  36.994 0.2500000000
63557  49.632  -7.575  37.635 0.2500000000
52570  40.566  -19.817  42.982 0.2500000000
64399  46.754  -7.024  41.062 0.1250000000
64398  47.790  -7.554  40.817 0.1250000000
64382  47.265  -8.190  41.497 0.1250000000
62603  45.473  -9.711  41.820 0.1250000000
61718  44.392  -10.879  41.075 0.2500000000
61704  45.725  -10.247  41.271 0.1250000000
65271  48.609  -6.407  39.710 0.1250000000
65286  49.860  -5.733  38.902 0.1250000000
121125  48.997  -5.875  39.210 0.1250000000
65270  49.450  -6.580  39.342 0.1250000000
66228  50.632  -4.661  37.060 0.1250000000
66216  50.502  -4.840  37.672 0.1250000000
64410  50.118  -6.908  38.984 0.1250000000
65301  50.644  -5.808  37.870 0.1250000000
64432  50.245  -6.862  37.695 0.2500000000
64421  50.008  -7.285  38.333 0.1250000000
61707  43.155  -10.655  42.243 0.2500000000
60804  43.085  -11.483  41.350 0.3750000000
59892  42.260  -11.611  41.822 0.5000000000
61706  43.731  -10.348  41.615 0.2500000000
60803  43.728  -11.104  41.207 0.3750000000
65258  47.193  -6.765  40.338 0.1250000000
64383  46.133  -7.506  41.573 0.1250000000
61705  44.696  -10.184  41.545 0.2500000000
65259  46.117  -6.569  40.225 0.1250000000
65260  45.179  -6.519  40.101 0.1250000000
65246  45.605  -6.780  40.909 0.1250000000
65272  47.448  -6.475  39.613 0.1250000000
120970  46.509  -6.536  39.559 0.1250000000
65273  45.450  -6.515  39.228 0.1250000000
65302  48.878  -5.437  38.526 0.1250000000
65287  47.824  -6.087  38.806 0.1250000000
110275  46.844  -6.357  37.824 0.1250000000
109195  45.771  -6.556  37.307 0.1250000000
108984  44.533  -6.631  35.707 0.1250000000
66218  48.626  -5.154  37.530 0.1250000000
65321  47.463  -5.847  36.646 0.1250000000
127275  45.838  -6.532  36.447 0.1250000000
109157  45.453  -6.568  35.740 0.1250000000
65322  46.027  -6.346  35.023 0.1250000000
59893  41.124  -12.191  41.655 0.5000000000
53579  39.101  -19.258  40.470 0.3750000000
121768  43.731  -9.659  42.186 0.1250000000
65274  44.422  -6.453  39.536 0.1250000000
108986  44.639  -6.611  37.209 0.1250000000
110269  44.517  -6.471  38.735 0.1250000000
108985  43.686  -6.563  37.223 0.1250000000
129690  43.046  -6.436  39.161 0.1250000000
65417  48.816  -5.733  28.458 0.6250000000
65418  48.296  -6.450  28.214 0.6250000000
43895  26.446  -30.131  53.855 0.1250000000
45968  27.194  -27.779  52.881 0.1250000000
45958  27.869  -28.030  53.541 0.1250000000
47005  27.026  -26.227  51.748 0.1250000000
47968  27.624  -26.038  52.002 0.1250000000
47997  33.581  -25.417  50.024 0.2500000000
43014  26.173  -30.820  54.237 0.1250000000
43028  24.606  -30.941  53.625 0.1250000000
46985  30.074  -25.863  51.430 0.2500000000
131235  27.009  -29.548  53.923 0.1250000000
117614  26.445  -29.689  53.557 0.1250000000
46986  29.623  -26.591  51.809 0.3750000000
47966  28.828  -25.815  52.026 0.2500000000
46991  26.852  -27.060  52.150 0.1250000000
45969  26.740  -27.739  52.492 0.1250000000
46988  28.343  -26.553  52.531 0.1250000000
43893  28.282  -29.343  54.030 0.2500000000
47982  27.317  -25.463  51.414 0.1250000000
49974  6.282  -23.664  38.308 0.3750000000
54578  39.429  -18.400  39.441 0.5000000000
51720  34.744  -21.625  39.596 0.2500000000
121407  46.445  -10.156  40.966 0.1250000000
127965  31.673  -26.225  50.538 0.5000000000
47001  32.798  -25.634  50.204 0.2500000000
47979  31.623  -25.236  50.846 0.1250000000
114603  20.533  -27.762  51.717 0.1250000000
43043  23.237  -30.335  52.850 0.1250000000
43928  22.046  -29.385  51.675 0.1250000000
42146  25.807  -31.647  54.558 0.1250000000
54485  4.184  -19.116  49.212 0.2500000000
43042  23.887  -30.628  52.875 0.1250000000
113812  30.990  -26.727  50.767 0.5000000000
47980  30.795  -25.347  51.153 0.2500000000
44895  29.571  -28.219  51.985 0.3750000000
45967  29.245  -27.948  52.776 0.3750000000
46987  29.100  -27.057  52.458 0.3750000000
44896  29.206  -28.835  52.813 0.3750000000
46974  28.065  -27.286  53.115 0.2500000000
121468  28.783  -26.528  52.405 0.3750000000
46990  27.379  -26.859  52.435 0.1250000000
46989  27.870  -26.670  52.606 0.1250000000
43906  26.887  -29.304  53.715 0.1250000000
44875  27.789  -28.997  53.975 0.2500000000
43012  27.709  -30.484  54.279 0.2500000000
43894  27.612  -29.574  54.116 0.2500000000
43013  26.940  -30.157  54.167 0.1250000000
43027  25.679  -30.407  53.543 0.1250000000
44897  26.858  -28.262  52.947 0.1250000000
44885  27.626  -28.592  53.737 0.2500000000
44887  26.624  -28.935  53.199 0.1250000000
129743  26.228  -28.923  52.727 0.1250000000
44908  26.000  -28.036  51.655 0.1250000000
43041  24.896  -30.351  52.746 0.1250000000
43926  24.793  -29.741  51.780 0.1250000000
44909  25.322  -28.753  51.253 0.1250000000
43925  25.755  -29.011  52.162 0.1250000000
43914  25.921  -29.620  52.933 0.1250000000
43055  23.294  -30.229  52.168 0.1250000000
43927  23.573  -29.946  51.325 0.1250000000
111070  22.672  -29.794  51.495 0.1250000000
45996  26.134  -27.275  51.112 0.1250000000
45997  25.610  -27.348  50.443 0.1250000000
44921  24.985  -28.335  50.366 0.1250000000
43938  23.500  -29.561  50.533 0.1250000000
43946  23.009  -29.417  49.944 0.1250000000
43940  22.076  -29.414  50.803 0.1250000000
47019  26.051  -26.667  50.554 0.1250000000
47032  25.289  -26.660  49.471 0.1250000000
44941  23.558  -28.783  49.432 0.1250000000
44940  24.398  -28.337  49.682 0.1250000000
47043  24.301  -26.964  48.245 0.1250000000
46026  23.884  -27.681  48.501 0.1250000000
46027  23.033  -28.064  48.275 0.1250000000
47051  23.844  -26.744  47.525 0.1250000000
121298  5.710  -20.979  38.519 0.2500000000
52663  5.096  -20.344  38.388 0.2500000000
54599  4.354  -19.067  37.824 0.2500000000
54587  4.320  -18.265  37.795 0.1250000000
49079  33.750  -24.303  36.195 0.2500000000
57264  4.326  -15.793  38.692 0.1250000000
57265  3.741  -15.801  38.987 0.1250000000
54567  6.105  -18.516  41.233 0.2500000000
54566  7.620  -18.403  41.709 0.2500000000
54560  7.716  -18.968  42.065 0.2500000000
56381  7.491  -16.297  41.948 0.1250000000
58151  3.782  -14.966  39.863 0.1250000000
129400  6.990  -14.851  42.922 0.1250000000
118808  6.539  -13.730  40.591 0.1250000000
57208  10.677  -15.506  44.355 0.1250000000
58100  8.011  -14.647  43.715 0.1250000000
58116  6.245  -14.630  42.820 0.1250000000
63536  48.961  -8.059  39.592 0.2500000000
62614  47.730  -9.305  40.496 0.1250000000
64369  45.601  -8.070  42.058 0.1250000000
63515  46.075  -9.139  42.020 0.1250000000
65257  48.221  -7.007  40.243 0.1250000000
65300  50.659  -5.380  37.299 0.1250000000
66217  49.887  -4.836  38.143 0.1250000000
66207  50.420  -5.363  38.339 0.1250000000
65285  50.396  -6.333  38.429 0.1250000000
61691  43.339  -10.071  42.560 0.2500000000
65247  44.428  -6.645  40.564 0.1250000000
65288  46.398  -6.505  38.582 0.1250000000
65289  45.135  -6.544  38.115 0.1250000000
65303  47.706  -5.899  37.704 0.1250000000
65304  46.659  -6.344  36.937 0.1250000000
65305  45.045  -6.642  36.440 0.1250000000
65306  44.114  -6.613  36.447 0.1250000000
66231  48.189  -5.140  36.345 0.1250000000
117437  46.425  -6.348  36.015 0.1250000000
66232  47.151  -5.848  35.583 0.1250000000
65290  44.135  -6.521  37.983 0.1250000000
129353  25.542  -31.287  54.351 0.1250000000
44884  28.217  -28.624  53.861 0.1250000000
47983  26.750  -25.716  51.079 0.1250000000
111013  29.271  -26.192  51.952 0.3750000000
48902  29.184  -25.121  51.626 0.2500000000
47965  29.503  -25.492  51.611 0.2500000000
43905  28.685  -29.786  53.765 0.2500000000
112230  28.619  -29.167  53.795 0.2500000000
47978  32.665  -25.146  50.492 0.1250000000
45957  28.361  -27.880  53.458 0.2500000000
34608  1.060  -39.199  52.548 0.1250000000
125042  2.330  -37.836  48.462 0.1250000000
35576  1.633  -37.986  50.634 0.1250000000
115608  2.200  -37.572  49.198 0.1250000000
36464  1.933  -37.533  50.019 0.1250000000
36486  2.737  -37.206  47.604 0.1250000000
36477  2.479  -37.295  48.361 0.1250000000
113441  2.124  -37.007  49.862 0.1250000000
124149  2.704  -36.553  48.963 0.1250000000
37474  2.930  -36.974  47.579 0.1250000000
37450  2.697  -36.913  48.335 0.1250000000
108724  3.478  -36.697  45.944 0.1250000000
110068  3.508  -36.627  46.917 0.2500000000
38548  3.189  -36.700  47.649 0.2500000000
38568  3.852  -36.394  46.269 0.1250000000
38592  4.237  -36.198  45.769 0.2500000000
38566  4.871  -35.942  46.182 0.2500000000
38591  4.965  -36.068  45.494 0.2500000000
38631  5.315  -36.412  43.819 0.1250000000
38590  5.951  -35.782  45.298 0.2500000000
38610  6.127  -35.933  44.448 0.2500000000
39586  7.586  -34.913  44.330 0.2500000000
39607  8.178  -34.708  43.722 0.1250000000
44038  32.986  -28.426  40.874 0.1250000000
126894  30.504  -27.688  42.458 0.1250000000
44048  32.665  -28.318  40.209 0.1250000000
44039  32.082  -28.004  40.959 0.1250000000
44031  31.289  -27.826  41.743 0.1250000000
45061  30.253  -27.586  41.536 0.1250000000
43155  33.323  -28.546  39.875 0.1250000000
43154  33.976  -28.731  39.727 0.1250000000
37470  14.058  -34.258  48.053 0.2500000000
126525  14.615  -34.412  48.145 0.2500000000
37510  15.292  -34.145  47.194 0.2500000000
128690  14.819  -34.406  47.863 0.2500000000
37493  14.731  -34.361  47.133 0.2500000000
45020  26.492  -28.934  45.460 0.3750000000
117225  25.823  -29.669  45.146 0.1250000000
44005  25.575  -29.574  44.400 0.1250000000
43110  25.145  -30.479  44.906 0.2500000000
43118  24.871  -30.438  44.198 0.1250000000
125780  24.445  -31.669  43.514 0.2500000000
59894  39.865  -12.856  41.529 0.3750000000
52714  36.608  -18.373  34.618 0.1250000000
117817  40.330  -11.898  45.338 0.2500000000
58992  39.345  -12.829  44.627 0.2500000000
118387  38.769  -13.642  44.811 0.1250000000
121496  38.645  -14.476  45.013 0.1250000000
60790  42.361  -10.813  43.765 0.2500000000
59882  41.924  -11.410  42.855 0.2500000000
60776  41.368  -10.923  45.145 0.2500000000
59876  40.820  -11.694  44.304 0.2500000000
111617  39.841  -12.454  43.671 0.2500000000
58993  38.786  -13.857  43.711 0.2500000000
58092  38.736  -14.737  43.336 0.2500000000
57225  38.912  -15.337  42.733 0.2500000000
60789  42.715  -11.046  42.601 0.2500000000
59884  40.290  -12.290  42.711 0.2500000000
124636  39.610  -12.884  42.467 0.2500000000
113335  39.236  -13.333  43.084 0.3750000000
59004  38.855  -14.374  42.668 0.3750000000
57224  39.098  -16.034  42.036 0.3750000000
59003  39.178  -13.822  41.746 0.5000000000
59883  41.638  -11.199  44.075 0.2500000000
125480  41.112  -11.742  43.082 0.2500000000
125291  42.780  -10.578  43.316 0.2500000000
57211  39.320  -15.994  43.089 0.3750000000
56383  39.472  -16.849  41.391 0.5000000000
118316  39.462  -17.200  40.611 0.3750000000
61798  39.864  -10.546  33.103 0.2500000000
61797  40.338  -10.239  33.632 0.2500000000
108600  41.240  -9.834  33.101 0.3750000000
61811  40.674  -10.189  32.525 0.2500000000
61810  42.203  -9.810  32.748 0.2500000000
119212  41.621  -10.104  32.100 0.2500000000
108373  42.542  -10.045  31.833 0.2500000000
61826  41.964  -10.326  31.173 0.1250000000
61827  40.960  -10.434  31.453 0.1250000000
123345  42.421  -10.297  30.563 0.1250000000
61841  41.780  -10.520  30.459 0.1250000000
61825  42.874  -10.098  31.035 0.1250000000
121186  43.633  -9.799  30.843 0.2500000000
61839  43.614  -9.763  30.241 0.2500000000
61840  43.047  -10.015  30.345 0.1250000000
109955  42.385  -10.327  29.819 0.1250000000
113327  41.449  -10.648  29.784 0.1250000000
39587  6.930  -35.181  44.975 0.2500000000
58105  38.824  -15.075  41.736 0.5000000000
35569  1.365  -37.708  51.626 0.1250000000
123788  1.836  -37.082  50.730 0.1250000000
121590  2.317  -37.199  49.124 0.1250000000
38567  4.427  -36.043  46.589 0.2500000000
45032  26.300  -28.839  44.659 0.1250000000
61809  43.390  -9.889  31.605 0.3750000000
130748  44.125  -9.662  30.940 0.3750000000
34626  2.215  -38.474  48.993 0.1250000000
38593  3.729  -36.503  45.409 0.1250000000
38612  4.289  -36.339  44.870 0.2500000000
44063  32.088  -28.170  39.178 0.1250000000
58080  38.631  -14.566  44.112 0.1250000000
57212  38.871  -15.339  43.634 0.1250000000
129108  41.398  -10.536  30.894 0.1250000000
44905  30.536  -27.821  50.661 0.3750000000
129925  33.914  -28.766  38.857 0.1250000000
44906  29.924  -28.385  51.197 0.3750000000
42308  34.835  -28.859  38.913 0.1250000000
44907  29.420  -29.023  51.936 0.3750000000
48914  31.035  -24.763  51.195 0.1250000000
48915  30.187  -24.623  51.355 0.1250000000
43913  29.033  -29.616  52.663 0.2500000000
47994  36.220  -25.929  49.386 0.1250000000
43904  28.957  -29.387  53.444 0.2500000000
43039  28.787  -30.301  52.473 0.2500000000
43026  28.684  -30.589  53.602 0.1250000000
48009  36.619  -25.694  49.446 0.1250000000
48008  37.465  -25.960  49.315 0.1250000000
43011  28.325  -30.092  54.063 0.1250000000
121533  28.377  -31.620  52.991 0.1250000000
48941  37.106  -25.398  49.374 0.1250000000
41333  28.099  -32.083  53.244 0.1250000000
50871  33.912  -22.542  38.214 0.2500000000
120135  9.537  -18.676  50.576 0.1250000000
54492  9.007  -19.038  49.111 0.1250000000
111032  9.305  -18.842  49.842 0.1250000000
53484  8.711  -19.201  48.336 0.1250000000
53494  9.261  -19.453  47.589 0.1250000000
109617  8.716  -18.431  52.392 0.1250000000
109208  9.975  -18.530  52.308 0.1250000000
111441  9.697  -18.555  51.417 0.1250000000
54468  10.426  -18.769  50.653 0.1250000000
54479  10.177  -19.022  49.891 0.1250000000
53483  9.590  -19.394  48.351 0.1250000000
53474  9.897  -19.276  49.129 0.1250000000
53493  10.164  -19.525  47.562 0.1250000000
53481  11.411  -19.393  48.473 0.1250000000
53492  11.209  -19.481  47.514 0.1250000000
53480  12.103  -19.316  47.911 0.1250000000
53503  11.438  -19.429  46.563 0.1250000000
50707  42.192  -22.680  48.054 0.1250000000
51626  42.519  -21.499  47.271 0.1250000000
50725  42.301  -22.354  47.363 0.1250000000
117463  42.583  -20.702  46.395 0.1250000000
54527  42.349  -18.498  45.856 0.1250000000
55426  42.020  -17.852  45.345 0.1250000000
50694  41.299  -22.300  48.417 0.1250000000
50693  41.749  -22.667  48.333 0.1250000000
50692  42.131  -22.080  48.354 0.1250000000
51620  42.390  -21.400  48.106 0.1250000000
52532  42.578  -20.622  47.591 0.1250000000
53498  42.627  -19.837  46.964 0.1250000000
56375  40.618  -17.299  43.072 0.3750000000
116943  41.698  -21.996  48.567 0.1250000000
121916  41.683  -20.778  48.859 0.1250000000
52524  42.200  -20.656  48.495 0.1250000000
53486  42.299  -19.735  48.172 0.1250000000
54499  42.393  -19.181  47.287 0.1250000000
54526  42.482  -19.168  46.375 0.1250000000
51621  41.037  -21.322  48.535 0.1250000000
52526  41.226  -20.385  48.880 0.1250000000
52525  41.738  -20.058  49.016 0.1250000000
54500  41.970  -18.801  48.050 0.1250000000
54513  42.233  -18.527  46.943 0.1250000000
55472  40.315  -17.503  42.081 0.3750000000
55414  41.944  -17.791  46.473 0.1250000000
55441  41.428  -17.417  44.717 0.1250000000
114179  43.693  -9.701  29.318 0.1250000000
63633  47.016  -8.103  28.727 0.2500000000
63634  46.541  -8.508  28.465 0.2500000000
66349  56.969  -5.614  25.033 0.1250000000
67289  56.274  -4.666  24.135 0.1250000000
66306  55.485  -5.414  27.405 0.1250000000
66305  55.966  -5.817  26.723 0.1250000000
67265  56.665  -5.222  26.747 0.1250000000
66320  56.719  -5.703  25.945 0.1250000000
65452  55.991  -6.380  25.870 0.1250000000
67288  56.894  -4.844  24.823 0.1250000000
112107  54.958  -3.681  24.350 0.1250000000
67242  56.752  -4.517  28.088 0.1250000000
66291  55.080  -4.963  27.979 0.1250000000
67256  56.294  -5.028  27.494 0.1250000000
126044  57.147  -5.126  25.503 0.1250000000
68136  56.193  -3.307  25.102 0.1250000000
68135  56.789  -3.592  25.593 0.1250000000
68999  54.435  -2.947  24.990 0.1250000000
68987  55.458  -2.903  25.195 0.1250000000
68145  56.465  -4.001  24.763 0.1250000000
69000  53.101  -2.510  24.986 0.1250000000
68147  53.784  -3.368  24.367 0.1250000000
128546  55.201  -3.285  24.795 0.1250000000
67290  55.731  -4.129  24.153 0.1250000000
69001  52.089  -2.393  24.574 0.1250000000
69906  51.343  -1.711  24.166 0.1250000000
68112  55.650  -4.359  28.889 0.1250000000
68965  56.340  -3.457  29.198 0.1250000000
69856  57.114  -2.507  28.199 0.1250000000
69874  56.537  -1.609  27.365 0.1250000000
68977  57.351  -3.185  27.102 0.1250000000
69882  56.022  -1.953  26.553 0.1250000000
68985  56.986  -3.204  26.305 0.1250000000
67264  57.091  -4.921  26.272 0.1250000000
69884  54.294  -1.644  25.975 0.1250000000
69883  55.305  -2.190  25.936 0.1250000000
68986  56.263  -2.770  25.815 0.1250000000
69885  53.146  -1.484  25.567 0.1250000000
68988  53.867  -2.255  25.519 0.1250000000
70720  51.841  -0.837  24.265 0.1250000000
70719  52.487  -0.742  24.978 0.1250000000
69875  55.205  -1.396  26.468 0.1250000000
70699  54.584  -0.853  26.313 0.1250000000
70707  53.789  -0.710  25.937 0.1250000000
70708  53.085  -0.521  25.509 0.1250000000
71625  51.833  0.240  22.831 0.1250000000
42154  28.483  -31.424  53.408 0.1250000000
43040  28.637  -30.964  52.945 0.2500000000
43192  34.818  -28.604  37.909 0.1250000000
54469  8.744  -18.445  51.282 0.1250000000
49850  40.878  -23.081  48.271 0.1250000000
44883  28.825  -28.523  53.480 0.2500000000
53505  9.763  -19.535  46.851 0.1250000000
53504  10.615  -19.515  46.777 0.1250000000
110876  28.343  -31.004  54.008 0.1250000000
43025  28.832  -30.146  53.194 0.2500000000
41323  28.167  -32.033  53.908 0.1250000000
53482  10.513  -19.460  48.360 0.1250000000
53473  10.793  -19.304  49.178 0.1250000000
54457  10.682  -18.633  51.450 0.1250000000
125721  42.403  -22.047  47.892 0.1250000000
51616  41.970  -21.402  48.638 0.1250000000
51617  41.425  -21.363  48.668 0.1250000000
129229  55.800  -5.017  27.825 0.1250000000
67255  56.999  -4.664  27.201 0.1250000000
68111  56.310  -4.282  28.823 0.1250000000
68110  57.023  -3.828  28.531 0.1250000000
68120  57.366  -3.954  27.646 0.1250000000
68128  57.272  -4.042  26.537 0.1250000000
111653  54.658  -2.409  25.561 0.1250000000
68148  52.582  -3.107  24.295 0.1250000000
69897  52.234  -1.625  24.856 0.1250000000
71616  52.765  0.486  24.301 0.1250000000
71601  52.862  0.039  24.969 0.1250000000
36420  6.229  -37.269  52.238 0.1250000000
38542  12.273  -34.804  47.371 0.1250000000
41462  17.705  -32.731  39.753 0.1250000000
37494  14.139  -34.479  47.283 0.1250000000
37495  13.254  -34.669  47.216 0.1250000000
112447  14.121  -34.924  46.164 0.1250000000
38607  14.081  -35.052  45.077 0.1250000000
38606  14.576  -34.511  44.783 0.1250000000
39605  14.885  -34.161  43.355 0.1250000000
39584  15.436  -33.485  44.955 0.1250000000
127216  15.562  -33.635  42.995 0.1250000000
129368  15.322  -33.787  43.956 0.1250000000
40592  16.373  -32.966  42.660 0.1250000000
41446  17.484  -32.494  40.602 0.1250000000
41433  16.530  -32.870  41.795 0.1250000000
120808  21.712  -32.464  39.387 0.1250000000
112601  21.211  -32.701  39.151 0.1250000000
40641  20.731  -32.546  39.693 0.1250000000
41480  18.816  -32.800  38.784 0.1250000000
40659  22.073  -32.420  38.600 0.1250000000
40661  20.324  -32.791  38.354 0.1250000000
40662  19.256  -33.029  38.089 0.1250000000
40643  18.006  -33.050  38.943 0.1250000000
38585  14.782  -34.302  46.119 0.1250000000
38605  15.142  -33.830  45.549 0.1250000000
42260  24.541  -31.198  43.849 0.1250000000
41430  24.301  -31.747  42.876 0.1250000000
119013  24.186  -31.997  42.538 0.1250000000
40576  16.320  -32.852  43.637 0.1250000000
42281  24.110  -31.198  42.295 0.1250000000
40617  23.863  -31.866  42.008 0.1250000000
40618  23.281  -32.160  41.669 0.1250000000
41432  17.338  -32.310  41.561 0.1250000000
41422  16.919  -32.480  42.310 0.1250000000
41458  23.067  -31.101  40.478 0.1250000000
40619  22.703  -32.086  41.099 0.1250000000
39676  21.820  -32.133  40.456 0.1250000000
39659  21.628  -32.242  41.020 0.1250000000
40658  22.233  -31.908  39.290 0.1250000000
40639  22.006  -32.060  39.850 0.1250000000
40640  21.410  -32.277  40.072 0.1250000000
41444  19.119  -32.343  40.182 0.1250000000
122039  18.023  -32.120  41.079 0.1250000000
126543  14.007  -34.306  48.755 0.1250000000
41411  24.586  -31.802  44.337 0.2500000000
40587  24.300  -32.176  43.183 0.1250000000
39604  15.759  -33.232  44.249 0.1250000000
40600  24.069  -32.209  42.605 0.1250000000
40601  23.747  -32.323  42.383 0.1250000000
41421  17.625  -32.148  42.509 0.1250000000
40591  16.985  -32.438  43.087 0.1250000000
127153  22.756  -32.351  41.731 0.1250000000
39675  22.096  -32.137  40.951 0.1250000000
116966  19.894  -32.506  40.907 0.1250000000
118148  18.905  -32.272  41.154 0.1250000000
41431  18.255  -32.091  41.862 0.1250000000
40620  21.160  -32.363  40.634 0.1250000000
40621  20.677  -32.511  40.763 0.1250000000
39620  23.897  -32.785  43.461 0.2500000000
39603  16.535  -32.640  44.743 0.1250000000
39583  16.112  -33.036  45.430 0.1250000000
39621  23.428  -32.867  43.216 0.1250000000
39599  22.488  -32.929  43.501 0.2500000000
39638  24.026  -32.469  43.005 0.1250000000
39640  22.970  -32.696  42.628 0.1250000000
117393  22.215  -32.692  42.895 0.1250000000
41420  18.636  -32.229  42.871 0.1250000000
124812  17.778  -32.123  43.353 0.1250000000
40575  17.198  -32.229  44.052 0.1250000000
39657  23.343  -32.448  42.227 0.1250000000
118531  21.826  -32.396  41.776 0.1250000000
40603  19.819  -32.644  41.829 0.1250000000
39658  22.095  -32.243  41.388 0.1250000000
40602  20.623  -32.676  41.700 0.1250000000
41419  19.067  -32.380  42.077 0.1250000000
38604  15.872  -33.437  46.143 0.1250000000
123848  6.338  -22.374  38.448 0.1250000000
51753  6.279  -21.557  38.463 0.2500000000
55550  5.090  -18.345  37.733 0.1250000000
53618  5.419  -19.583  37.968 0.1250000000
111248  40.098  -19.082  41.102 0.2500000000
53549  41.204  -19.355  42.959 0.1250000000
54553  41.057  -18.860  42.367 0.2500000000
53550  40.567  -19.467  42.369 0.1250000000
54561  40.503  -19.028  41.708 0.2500000000
53564  39.999  -19.457  41.757 0.2500000000
56376  39.814  -16.724  42.517 0.2500000000
60913  39.318  -10.907  32.759 0.1250000000
60923  38.486  -11.268  31.605 0.1250000000
61812  40.022  -10.504  32.090 0.1250000000
60922  39.277  -10.825  31.800 0.1250000000
60013  38.253  -12.939  33.556 0.1250000000
60876  39.295  -11.747  34.285 0.1250000000
60012  38.891  -12.586  34.155 0.1250000000
125934  39.379  -11.106  33.594 0.1250000000
60899  38.455  -12.080  33.319 0.1250000000
126681  38.674  -11.389  32.577 0.1250000000
59137  38.736  -13.670  34.191 0.1250000000
59126  39.321  -13.543  34.799 0.1250000000
58196  39.146  -14.549  34.552 0.1250000000
59992  39.494  -12.622  34.929 0.1250000000
62639  47.905  -8.776  38.853 0.2500000000
39619  24.235  -32.532  43.687 0.1250000000
40589  19.699  -32.652  42.712 0.1250000000
39642  21.737  -32.564  42.417 0.1250000000
36406  6.098  -37.107  53.121 0.1250000000
40604  15.982  -33.401  42.089 0.1250000000
41447  16.772  -32.896  40.942 0.1250000000
40660  21.268  -32.751  38.165 0.1250000000
40642  19.742  -32.649  39.002 0.1250000000
41460  19.226  -32.509  39.448 0.1250000000
41461  18.489  -32.552  39.530 0.1250000000
41445  18.256  -32.291  40.337 0.1250000000
41442  24.037  -31.642  42.163 0.1250000000
41443  23.564  -31.478  41.489 0.1250000000
120569  23.325  -31.774  41.353 0.1250000000
40637  22.853  -31.797  40.822 0.1250000000
40622  19.948  -32.524  39.968 0.1250000000
39641  22.365  -32.521  42.272 0.1250000000
39643  21.298  -32.494  41.576 0.1250000000
39622  22.813  -32.802  43.002 0.1250000000
126828  38.937  -11.591  33.506 0.1250000000
38611  5.105  -36.227  44.641 0.1250000000
123933  6.942  -35.562  44.213 0.1250000000
38630  6.366  -36.084  43.683 0.1250000000
44100  34.508  -28.690  36.474 0.1250000000
44110  34.706  -28.425  35.943 0.1250000000
44099  34.834  -28.597  36.809 0.1250000000
44109  35.030  -28.366  36.544 0.1250000000
45135  35.068  -28.100  36.030 0.1250000000
49088  33.523  -24.499  35.446 0.1250000000
50906  32.735  -23.016  35.884 0.1250000000
49995  32.831  -23.875  35.095 0.1250000000
49988  32.240  -22.918  35.039 0.1250000000
49972  33.588  -23.097  37.339 0.1250000000
50893  32.618  -22.072  36.210 0.1250000000
50907  32.189  -22.113  35.622 0.1250000000
50914  31.709  -21.945  34.937 0.1250000000
50872  33.524  -22.111  37.508 0.1250000000
50892  33.107  -22.389  36.769 0.1250000000
130942  33.333  -20.750  36.673 0.1250000000
51763  32.959  -21.388  36.510 0.1250000000
52676  33.014  -20.561  36.132 0.1250000000
51764  32.478  -21.262  35.944 0.1250000000
52699  32.582  -20.361  35.441 0.1250000000
51742  33.372  -21.353  37.130 0.1250000000
51730  34.296  -21.436  38.774 0.1250000000
51741  33.854  -21.130  37.920 0.1250000000
52655  33.798  -20.486  37.107 0.1250000000
52698  33.399  -19.740  35.567 0.1250000000
52675  33.728  -20.114  36.324 0.1250000000
52716  32.875  -19.437  34.681 0.1250000000
60775  41.798  -10.418  44.882 0.1250000000
60767  41.090  -10.386  45.751 0.1250000000
51729  34.809  -20.673  39.115 0.1250000000
61693  42.433  -10.289  44.199 0.1250000000
52638  34.626  -20.370  38.413 0.1250000000
52674  34.456  -19.714  36.678 0.1250000000
52697  34.197  -19.197  35.891 0.1250000000
59870  39.928  -11.875  46.302 0.1250000000
58983  39.247  -12.787  45.805 0.1250000000
115777  40.510  -11.104  46.496 0.1250000000
60768  40.536  -10.454  46.540 0.1250000000
61692  42.924  -10.191  43.423 0.1250000000
52654  34.535  -20.057  37.543 0.1250000000
61717  45.154  -10.692  40.946 0.1250000000
52696  34.958  -18.773  35.309 0.1250000000
112731  33.944  -18.896  34.978 0.1250000000
57200  38.746  -15.157  44.395 0.1250000000
56368  40.003  -16.557  43.533 0.1250000000
110985  35.022  -18.896  36.240 0.1250000000
44111  34.322  -28.676  35.649 0.1250000000
49981  33.355  -23.501  36.504 0.1250000000
117288  33.204  -23.882  35.818 0.1250000000
60777  40.939  -11.029  45.876 0.1250000000
119315  39.295  -15.842  44.166 0.1250000000
35563  0.982  -38.539  52.888 0.2500000000
36438  22.990  -36.103  50.823 0.5000000000
36453  22.580  -35.427  49.672 0.5000000000
36469  19.102  -35.544  49.330 0.6250000000
36483  17.968  -35.460  49.194 0.6250000000
37398  24.898  -35.183  52.466 0.6250000000
37408  24.909  -34.669  51.117 0.6250000000
37410  23.651  -35.463  50.492 0.3750000000
37458  24.804  -34.238  48.039 0.6250000000
37482  25.055  -34.056  47.751 0.6250000000
37508  24.368  -33.717  46.625 0.6250000000
38528  25.410  -33.876  48.895 0.6250000000
38540  25.479  -33.648  48.165 0.6250000000
38575  24.473  -33.373  46.279 0.6250000000
38599  24.555  -32.997  45.906 0.6250000000
39469  25.677  -34.002  53.603 0.1250000000
39523  26.027  -33.131  48.755 0.6250000000
39639  23.632  -32.597  42.803 0.1250000000
40571  24.451  -32.177  44.036 0.3750000000
40638  22.313  -31.838  40.321 0.1250000000
41396  25.051  -31.614  45.962 0.8750000000
41418  24.462  -31.934  43.730 0.2500000000
41451  6.743  -30.811  40.619 0.5000000000
41484  7.662  -31.022  38.883 0.1250000000
42122  20.570  -30.513  56.766 0.2500000000
42239  25.130  -31.319  45.775 0.6250000000
42254  4.919  -30.920  45.029 0.7500000000
42266  5.448  -30.886  43.680 0.6250000000
42288  5.741  -30.835  41.603 0.6250000000
42340  7.551  -30.476  38.149 0.1250000000
42976  18.908  -28.861  57.422 0.2500000000
42985  21.565  -29.937  57.429 0.2500000000
42987  20.081  -30.131  56.987 0.2500000000
42988  19.513  -29.533  57.157 0.2500000000
43000  3.792  -30.061  56.453 0.7500000000
43080  2.496  -29.502  49.623 1.0000000000
43085  15.972  -30.098  48.512 0.5000000000
43099  3.626  -29.889  46.961 1.0000000000
43152  35.791  -29.206  40.433 0.5000000000
43860  18.310  -28.241  57.760 0.2500000000
43862  7.500  -29.440  58.160 0.7500000000
43887  17.340  -28.664  55.291 0.2500000000
43935  2.213  -29.042  51.497 0.8750000000
43943  1.794  -28.854  50.227 1.0000000000
43954  15.623  -29.526  48.419 0.5000000000
43957  12.971  -29.423  48.540 0.5000000000
43982  38.465  -27.789  44.824 0.7500000000
44011  38.416  -27.896  43.542 0.7500000000
44062  36.213  -28.735  40.078 0.6250000000
44085  35.488  -28.347  38.147 0.2500000000
44840  19.926  -28.271  58.344 0.2500000000
44843  17.748  -27.553  58.114 0.2500000000
44851  16.742  -26.885  57.710 0.2500000000
44855  5.889  -28.531  57.381 0.8750000000
44856  4.716  -28.944  56.865 0.8750000000
44946  15.857  -28.427  48.959 0.5000000000
44967  15.419  -28.780  48.339 0.5000000000
44970  12.457  -28.787  48.283 0.5000000000
44973  38.131  -27.130  47.542 0.3750000000
44988  12.002  -28.119  48.013 0.5000000000
45025  38.642  -27.492  44.731 0.7500000000
45071  37.230  -27.940  40.788 0.8750000000
45919  16.975  -26.352  58.651 0.2500000000
45922  19.400  -27.399  58.592 0.2500000000
45934  15.685  -26.444  56.299 0.2500000000
45948  3.581  -27.745  55.126 1.0000000000
45959  27.522  -28.166  53.395 0.2500000000
46006  38.252  -26.812  47.945 0.2500000000
46014  24.221  -28.002  49.103 0.1250000000
46018  15.226  -27.110  49.984 0.5000000000
46019  10.519  -27.553  48.845 0.5000000000
46037  39.260  -27.024  46.912 0.3750000000
46044  14.645  -27.526  48.035 0.5000000000
46045  13.925  -27.429  47.470 0.5000000000
46048  11.367  -26.658  47.370 0.5000000000
46053  39.175  -27.250  46.490 0.3750000000
46079  38.706  -27.175  44.399 0.6250000000
46940  16.290  -25.445  58.511 0.2500000000
46943  18.825  -25.986  59.055 0.2500000000
46948  15.254  -25.677  57.264 0.2500000000
46979  14.599  -25.255  53.600 0.2500000000
47023  14.927  -26.582  50.375 0.3750000000
47040  39.215  -26.456  47.761 0.2500000000
47055  13.642  -26.606  47.393 0.5000000000
47058  10.910  -25.821  47.260 0.5000000000
47157  35.266  -26.693  35.561 0.1250000000
47929  16.277  -25.183  58.703 0.2500000000
47936  13.954  -24.239  56.966 0.1250000000
47945  4.701  -26.230  55.159 0.6250000000
47959  13.548  -24.327  53.433 0.1250000000
47981  30.204  -25.145  51.383 0.1250000000
48016  7.965  -25.240  49.252 0.3750000000
48025  12.594  -25.004  47.941 0.5000000000
48040  8.946  -24.956  47.945 0.3750000000
48131  6.512  -25.117  37.810 0.2500000000
48869  16.721  -24.894  59.094 0.2500000000
48873  16.575  -24.548  58.930 0.1250000000
48875  15.346  -24.423  58.192 0.1250000000
48877  18.342  -24.755  58.557 0.2500000000
48884  13.284  -23.571  56.523 0.1250000000
48889  12.640  -23.323  55.163 0.1250000000
48960  11.979  -24.887  47.494 0.3750000000
48963  4.142  -24.044  48.361 0.6250000000
49763  12.970  -22.541  57.556 0.1250000000
49861  10.252  -23.785  47.865 0.3750000000
49862  9.596  -23.788  47.876 0.3750000000
50641  14.137  -22.646  58.088 0.1250000000
50836  34.980  -22.443  40.191 0.5000000000
51582  10.847  -20.977  54.976 0.1250000000
51663  38.028  -21.747  43.294 0.5000000000
52486  11.446  -20.626  56.363 0.1250000000
52649  38.379  -18.699  38.464 0.6250000000
53509  4.277  -19.194  46.263 0.3750000000
53515  12.130  -19.071  45.565 0.1250000000
53535  4.403  -20.041  44.305 0.5000000000
54429  8.127  -18.906  53.698 0.1250000000
54451  6.780  -18.813  52.848 0.2500000000
54550  10.518  -18.796  43.713 0.2500000000
54558  9.257  -18.483  42.684 0.2500000000
55562  39.290  -16.915  35.707 0.3750000000
55573  39.531  -16.453  35.759 0.3750000000
57255  3.533  -15.610  39.588 0.1250000000
57297  39.777  -15.618  35.640 0.3750000000
59907  3.669  -13.037  41.926 0.1250000000
62711  45.424  -9.427  32.175 0.5000000000
64422  49.776  -7.673  38.793 0.1250000000
65262  42.637  -6.548  39.565 0.1250000000
67243  55.955  -4.711  28.316 0.1250000000
67275  57.035  -4.442  25.564 0.1250000000
68099  55.728  -4.030  29.214 0.1250000000
68146  55.721  -3.537  24.684 0.1250000000
68971  57.398  -3.133  27.991 0.1250000000
70730  52.323  -0.112  24.276 0.1250000000
108584  38.643  -27.313  46.866 0.3750000000
109323  34.623  -28.655  38.203 0.2500000000
111490  33.554  -28.679  39.213 0.1250000000
112237  34.489  -28.750  40.219 0.6250000000
112476  3.837  -30.265  47.862 1.0000000000
118031  10.617  -24.302  47.578 0.3750000000
118288  17.939  -29.592  54.147 0.2500000000
118979  34.146  -28.617  44.864 0.6250000000
119770  7.446  -28.079  38.581 0.1250000000
121807  25.806  -32.967  48.010 0.7500000000
123488  25.009  -32.015  46.125 0.7500000000
123828  17.344  -27.117  58.190 0.2500000000
124030  55.857  -6.666  25.191 0.2500000000
124415  7.372  -30.653  38.721 0.1250000000
124682  24.029  -33.081  44.129 0.5000000000
125287  37.799  -27.352  47.438 0.5000000000
126555  35.431  -28.931  42.323 0.8750000000
127326  17.428  -36.561  51.299 0.5000000000
127785  38.212  -18.619  37.894 0.6250000000
128419  16.711  -25.947  58.752 0.2500000000
129002  22.917  -34.088  47.609 0.6250000000
129320  11.301  -24.315  37.047 0.1250000000
129631  25.934  -33.314  48.982 0.7500000000
129664  7.541  -33.378  47.356 0.5000000000
129875  49.568  -5.023  32.190 0.3750000000
129961  19.005  -30.479  55.137 0.2500000000
130168  35.591  -29.072  40.007 0.3750000000
131052  7.575  -30.942  38.207 0.1250000000
