#!ascii label  , from subject sub-v1s13x0050005_ses-1 vox2ras=TkReg
4218
25773  13.905  -50.210  47.327 0.1000000015
25777  13.956  -50.298  46.494 0.1000000015
26584  14.006  -49.616  46.536 0.1000000015
131175  13.798  -49.319  47.250 0.1000000015
25782  14.162  -49.736  45.794 0.1000000015
26587  14.063  -48.977  45.822 0.2000000030
112582  13.238  -47.475  46.553 0.3000000119
27463  13.241  -47.430  45.126 0.2000000030
27470  13.438  -47.436  44.209 0.2000000030
29301  13.204  -45.427  46.548 0.4000000060
28394  13.081  -46.721  45.903 0.5000000000
118519  13.098  -46.409  44.832 0.4000000060
28419  13.299  -46.198  43.154 0.3000000119
30278  18.268  -44.331  34.335 0.3000000119
29385  17.157  -45.824  35.942 0.1000000015
30896  16.904  -42.330  53.740 0.4000000060
30903  17.391  -42.999  53.084 0.4000000060
30086  16.210  -43.486  52.169 0.4000000060
30084  17.833  -43.825  52.247 0.4000000060
30085  17.002  -43.675  52.392 0.4000000060
30094  15.750  -43.598  51.528 0.3000000119
30105  14.903  -43.610  50.112 0.3000000119
30117  15.170  -43.734  49.364 0.3000000119
109088  14.438  -43.663  48.938 0.3000000119
30139  13.306  -44.705  47.453 0.4000000060
30155  13.515  -44.583  45.854 0.4000000060
29316  13.183  -45.597  45.503 0.4000000060
29330  13.187  -45.531  44.385 0.4000000060
30171  13.397  -44.829  44.942 0.4000000060
29348  13.241  -45.311  43.529 0.4000000060
29426  20.414  -45.995  31.377 0.3000000119
29427  19.765  -45.293  31.670 0.3000000119
119228  19.322  -44.624  32.166 0.3000000119
30289  18.927  -44.810  33.007 0.3000000119
126599  13.338  -45.572  42.544 0.3000000119
30299  18.907  -44.056  32.630 0.3000000119
121609  19.692  -46.502  35.858 0.2000000030
30219  13.434  -44.552  42.128 0.3000000119
129305  13.411  -45.398  41.885 0.3000000119
31102  18.894  -43.232  32.966 0.3000000119
30290  18.555  -44.054  33.420 0.3000000119
31094  18.234  -43.204  34.098 0.3000000119
29399  18.893  -45.602  34.613 0.2000000030
28453  19.304  -46.442  36.374 0.2000000030
29378  13.770  -44.900  38.735 0.3000000119
29376  13.637  -45.122  39.446 0.2000000030
118192  13.540  -45.294  40.289 0.2000000030
28434  13.792  -46.248  40.682 0.2000000030
29381  14.682  -45.701  37.054 0.1000000015
31095  17.611  -43.209  34.853 0.3000000119
30279  17.725  -43.987  34.760 0.3000000119
110781  15.382  -44.922  36.108 0.2000000030
29388  14.648  -44.924  36.759 0.1000000015
30265  14.532  -44.023  36.999 0.3000000119
30076  17.915  -43.655  52.471 0.4000000060
126051  18.388  -44.079  52.114 0.5000000000
30093  16.678  -43.917  51.653 0.3000000119
29229  18.418  -44.324  51.895 0.4000000060
29235  17.619  -44.092  51.793 0.4000000060
30103  16.203  -44.094  50.904 0.3000000119
114690  15.697  -44.018  50.139 0.3000000119
115877  18.195  -44.609  51.369 0.4000000060
29244  17.239  -44.332  51.097 0.4000000060
29257  16.843  -44.330  50.160 0.3000000119
108377  13.743  -43.869  48.939 0.3000000119
30126  15.948  -44.069  48.800 0.3000000119
30116  16.087  -44.139  49.521 0.3000000119
30127  15.056  -43.702  48.492 0.3000000119
30138  13.894  -43.873  47.539 0.3000000119
113209  13.672  -44.235  46.723 0.3000000119
121909  16.800  -44.177  48.441 0.3000000119
111491  14.513  -43.562  46.969 0.4000000060
28477  27.441  -46.483  33.990 0.1000000015
28479  25.893  -46.870  33.036 0.2000000030
116011  14.068  -43.857  45.269 0.4000000060
28488  24.775  -46.701  32.006 0.2000000030
30184  13.772  -44.030  44.401 0.3000000119
118670  24.287  -46.889  31.826 0.3000000119
28498  22.366  -46.483  31.053 0.3000000119
114751  21.049  -45.306  30.828 0.3000000119
30199  13.501  -44.312  43.597 0.3000000119
31111  19.396  -43.780  32.170 0.3000000119
28464  19.179  -46.117  35.439 0.2000000030
28465  18.709  -46.089  35.987 0.2000000030
30235  13.525  -44.192  41.391 0.4000000060
29401  18.031  -44.824  35.036 0.2000000030
29390  18.449  -45.560  35.383 0.2000000030
29392  16.808  -45.128  35.632 0.2000000030
31038  13.707  -43.567  40.847 0.3000000119
31018  13.823  -43.544  41.945 0.3000000119
31965  18.787  -42.511  33.628 0.3000000119
31954  18.458  -42.165  34.293 0.3000000119
31955  17.828  -42.477  34.831 0.3000000119
30263  15.729  -44.111  35.824 0.3000000119
29382  14.375  -45.308  37.403 0.1000000015
31054  13.742  -43.471  40.030 0.3000000119
31037  14.177  -42.925  40.417 0.3000000119
117752  16.054  -44.853  35.725 0.3000000119
30264  15.023  -44.079  36.399 0.3000000119
30260  14.229  -44.523  37.495 0.2000000030
31071  14.369  -43.442  37.700 0.2000000030
31064  14.113  -43.205  38.680 0.3000000119
31053  14.069  -42.981  39.595 0.3000000119
31870  14.750  -42.607  40.012 0.4000000060
109805  14.418  -42.938  41.302 0.4000000060
31079  14.872  -43.275  36.935 0.3000000119
31894  14.733  -42.589  39.176 0.4000000060
31847  15.451  -42.499  40.460 0.3000000119
115438  15.917  -42.811  41.546 0.3000000119
31869  15.522  -42.398  39.705 0.4000000060
31846  16.256  -42.430  40.259 0.3000000119
29220  19.347  -44.502  51.984 0.4000000060
30901  18.829  -43.776  52.359 0.4000000060
28476  31.887  -46.109  33.646 0.1000000015
29228  19.230  -45.066  51.966 0.4000000060
29221  18.918  -44.505  51.992 0.4000000060
29394  32.225  -45.547  35.038 0.1000000015
28307  19.425  -45.565  51.336 0.5000000000
28308  18.749  -45.183  51.022 0.4000000060
29243  17.942  -44.705  50.607 0.4000000060
29389  31.823  -45.432  35.422 0.1000000015
28325  19.279  -45.683  50.673 0.5000000000
28326  18.635  -45.193  50.197 0.3000000119
28340  18.636  -45.114  49.282 0.3000000119
29256  17.815  -44.686  49.686 0.3000000119
29272  16.889  -44.345  49.197 0.3000000119
114049  15.897  -43.983  47.934 0.3000000119
30137  15.509  -43.580  47.249 0.3000000119
29406  27.035  -45.875  33.602 0.2000000030
28486  26.322  -46.052  33.018 0.2000000030
130675  16.244  -43.815  47.435 0.3000000119
30153  15.264  -43.358  46.520 0.3000000119
28495  24.906  -46.056  31.768 0.2000000030
110355  16.025  -43.292  46.057 0.4000000060
109540  14.977  -43.291  45.730 0.4000000060
28496  24.212  -46.381  31.511 0.2000000030
122137  22.851  -45.802  30.729 0.3000000119
128365  14.266  -43.685  44.730 0.4000000060
29425  21.941  -45.681  30.665 0.3000000119
30309  20.647  -44.588  31.045 0.3000000119
30310  19.957  -44.346  31.492 0.3000000119
30198  13.981  -43.653  43.600 0.3000000119
31953  19.183  -41.886  33.964 0.3000000119
30268  17.336  -44.573  35.285 0.2000000030
30269  16.538  -44.288  35.477 0.3000000119
31017  14.521  -43.102  42.152 0.3000000119
31086  17.097  -43.682  35.201 0.3000000119
31078  15.512  -43.225  36.263 0.3000000119
31942  18.207  -41.710  34.970 0.3000000119
31943  17.409  -41.915  35.476 0.3000000119
31944  16.728  -42.346  35.710 0.3000000119
31930  16.199  -42.309  36.321 0.3000000119
31016  15.236  -42.903  41.860 0.3000000119
31929  16.883  -41.880  36.055 0.4000000060
32828  16.819  -41.782  36.634 0.4000000060
31931  15.495  -42.560  37.026 0.4000000060
31913  14.938  -42.771  37.536 0.3000000119
31914  14.789  -42.662  38.278 0.4000000060
31893  15.571  -42.331  38.830 0.4000000060
31035  16.117  -42.578  40.961 0.3000000119
116975  15.568  -42.340  37.905 0.4000000060
31868  16.391  -42.305  39.473 0.3000000119
31845  17.110  -42.508  40.182 0.3000000119
114258  16.840  -42.638  40.768 0.4000000060
31892  16.537  -42.131  38.486 0.3000000119
31867  17.301  -42.249  39.374 0.4000000060
31034  17.674  -42.573  41.082 0.4000000060
30918  19.645  -43.588  51.968 0.4000000060
30910  20.140  -44.285  51.974 0.4000000060
30082  20.109  -44.852  51.963 0.4000000060
29227  19.911  -44.941  52.013 0.4000000060
28305  20.623  -45.818  51.659 0.5000000000
29226  20.306  -45.092  51.868 0.4000000060
28475  32.302  -46.112  34.533 0.1000000015
28293  19.711  -45.247  51.835 0.4000000060
29396  31.047  -45.222  35.511 0.1000000015
28306  19.994  -45.824  51.585 0.5000000000
28324  19.764  -46.105  50.986 0.5000000000
29404  28.765  -44.831  34.623 0.1000000015
29414  26.763  -45.222  33.167 0.2000000030
125586  20.627  -46.670  50.629 0.4000000060
27405  19.708  -46.125  50.359 0.4000000060
27414  19.357  -45.700  49.761 0.3000000119
29271  17.870  -44.498  48.707 0.3000000119
29286  17.335  -43.993  47.691 0.3000000119
29415  26.092  -45.316  32.497 0.2000000030
29423  24.529  -45.577  31.283 0.2000000030
27403  21.176  -47.018  50.322 0.4000000060
27404  20.129  -46.475  50.509 0.4000000060
27413  20.047  -46.329  49.734 0.4000000060
27423  19.759  -45.924  49.135 0.4000000060
125926  19.355  -45.330  48.291 0.3000000119
29285  18.443  -44.509  47.995 0.3000000119
114352  20.571  -46.696  49.440 0.4000000060
28363  19.157  -44.891  47.834 0.3000000119
28379  18.649  -44.281  47.181 0.3000000119
128113  16.948  -43.454  46.261 0.4000000060
30170  15.793  -43.230  45.267 0.4000000060
29434  23.311  -45.120  30.552 0.2000000030
29315  17.821  -43.554  46.029 0.4000000060
30169  16.854  -43.328  45.623 0.4000000060
30964  14.820  -43.387  44.947 0.4000000060
30317  22.067  -44.375  30.434 0.3000000119
31120  20.855  -43.843  31.262 0.3000000119
30183  15.514  -43.228  44.375 0.4000000060
30973  14.478  -43.498  44.278 0.4000000060
31121  20.110  -43.514  31.797 0.3000000119
30982  15.872  -43.171  43.627 0.4000000060
30997  15.298  -43.123  42.750 0.3000000119
30983  14.830  -43.272  43.580 0.4000000060
31964  19.462  -42.424  33.211 0.3000000119
31015  16.150  -43.029  42.178 0.4000000060
30996  16.507  -43.062  43.023 0.4000000060
32865  18.824  -41.549  34.568 0.3000000119
30995  17.222  -42.893  42.480 0.4000000060
32852  18.803  -41.159  35.214 0.3000000119
32853  18.103  -41.373  35.599 0.4000000060
32841  17.578  -41.459  36.306 0.4000000060
32827  17.284  -41.637  37.189 0.4000000060
31912  16.378  -41.997  37.355 0.4000000060
109859  16.836  -42.859  41.532 0.4000000060
32826  18.185  -41.349  37.091 0.5000000000
31911  17.095  -41.903  37.880 0.5000000000
31052  18.020  -42.332  40.249 0.4000000060
30917  20.169  -44.300  51.792 0.4000000060
30092  20.412  -44.975  51.920 0.4000000060
29233  20.831  -45.476  51.641 0.4000000060
29403  32.043  -45.160  34.170 0.2000000030
28484  31.159  -46.236  32.837 0.1000000015
29395  31.674  -44.725  34.967 0.1000000015
30276  30.711  -44.259  35.098 0.1000000015
27395  21.000  -46.534  51.076 0.5000000000
29412  30.936  -45.396  32.447 0.1000000015
29422  25.336  -45.283  31.778 0.2000000030
29433  24.067  -45.152  30.788 0.2000000030
27422  20.265  -46.268  48.862 0.4000000060
30316  22.912  -44.374  30.319 0.2000000030
27421  20.899  -46.786  48.892 0.4000000060
116172  20.587  -46.308  48.345 0.4000000060
27438  19.775  -45.728  48.501 0.4000000060
31129  21.688  -43.711  30.740 0.3000000119
31978  21.091  -42.665  32.464 0.3000000119
27453  20.603  -45.990  47.769 0.5000000000
27437  20.197  -45.867  48.106 0.4000000060
28378  19.563  -44.921  47.085 0.3000000119
29298  19.155  -44.327  46.391 0.3000000119
29299  18.504  -43.879  46.420 0.3000000119
30168  17.858  -43.478  45.335 0.4000000060
31979  20.475  -42.946  32.230 0.3000000119
28361  20.112  -45.516  47.411 0.3000000119
118300  20.029  -45.205  46.788 0.3000000119
28393  19.740  -44.737  46.278 0.3000000119
29313  19.332  -44.192  45.698 0.4000000060
29314  18.669  -43.818  45.821 0.4000000060
128598  16.251  -43.167  44.155 0.4000000060
31963  20.460  -42.490  32.981 0.3000000119
30197  17.035  -43.062  43.936 0.4000000060
32877  19.990  -41.862  33.740 0.3000000119
32864  19.560  -41.405  34.605 0.3000000119
30218  17.633  -42.887  43.337 0.4000000060
32851  19.519  -41.057  35.564 0.3000000119
31014  17.901  -42.685  42.106 0.4000000060
32840  18.671  -41.016  36.171 0.5000000000
32807  17.845  -41.777  37.829 0.4000000060
31891  17.542  -42.053  38.546 0.4000000060
112099  18.186  -42.123  39.247 0.4000000060
30110  28.005  -44.252  48.487 0.2000000030
113167  27.804  -45.156  48.234 0.2000000030
30102  20.836  -44.725  51.355 0.4000000060
29249  27.987  -45.880  48.278 0.3000000119
30091  21.115  -45.409  51.559 0.3000000119
28351  28.133  -46.570  48.128 0.3000000119
28304  21.351  -46.148  51.215 0.4000000060
27428  28.363  -46.902  47.492 0.6000000238
30277  29.675  -44.206  34.937 0.1000000015
28417  27.817  -45.515  44.470 0.6000000238
27469  28.209  -46.551  45.885 0.6000000238
27411  21.620  -47.405  49.764 0.4000000060
121230  29.998  -45.804  31.816 0.1000000015
29420  30.252  -44.919  31.812 0.1000000015
30287  28.923  -43.893  34.495 0.2000000030
116900  28.006  -44.631  34.067 0.2000000030
28425  27.535  -44.944  43.589 0.6000000238
30297  26.641  -44.364  32.698 0.2000000030
30307  25.492  -44.394  31.566 0.2000000030
29368  26.382  -44.269  41.159 0.6000000238
28403  27.998  -46.101  45.233 0.6000000238
27420  21.383  -47.012  48.614 0.4000000060
30315  23.824  -44.446  30.492 0.2000000030
31128  22.480  -43.652  30.355 0.3000000119
29367  26.983  -44.378  41.606 0.6000000238
28418  27.106  -45.017  44.482 0.6000000238
27436  21.000  -46.548  48.193 0.4000000060
113348  21.440  -42.445  31.917 0.3000000119
31961  21.932  -42.288  33.897 0.3000000119
27452  21.106  -46.213  47.574 0.5000000000
31951  21.717  -42.314  34.280 0.3000000119
31940  21.996  -42.421  35.163 0.4000000060
28391  20.770  -45.276  46.434 0.5000000000
29329  18.714  -43.709  45.175 0.4000000060
31952  20.930  -42.200  33.889 0.3000000119
28408  20.423  -44.826  45.826 0.5000000000
29327  20.156  -44.450  45.277 0.5000000000
29328  19.417  -43.912  44.963 0.4000000060
32863  20.385  -41.741  34.369 0.4000000060
30194  19.400  -43.337  43.850 0.4000000060
30195  18.980  -43.398  44.098 0.4000000060
30180  18.693  -43.522  44.574 0.4000000060
30196  18.175  -43.157  44.038 0.4000000060
30181  17.922  -43.346  44.636 0.4000000060
32850  20.321  -41.460  35.127 0.3000000119
30215  19.282  -42.908  43.265 0.4000000060
30216  18.876  -42.978  43.429 0.4000000060
127411  18.429  -42.970  43.583 0.4000000060
32839  19.545  -41.092  36.419 0.4000000060
30994  19.756  -42.858  43.178 0.4000000060
30233  19.291  -42.505  42.454 0.4000000060
30234  18.686  -42.653  42.725 0.4000000060
31013  18.512  -42.451  41.844 0.4000000060
32825  19.130  -41.210  37.134 0.4000000060
121725  18.279  -41.951  38.473 0.4000000060
31866  18.880  -42.130  39.926 0.5000000000
31032  19.038  -42.226  41.456 0.4000000060
31033  18.386  -42.323  41.082 0.4000000060
127762  18.726  -42.174  40.714 0.4000000060
121387  27.425  -44.994  48.527 0.2000000030
28303  21.678  -45.920  51.107 0.4000000060
28360  28.500  -46.743  47.581 0.6000000238
27402  21.714  -46.782  50.675 0.3000000119
27401  23.256  -47.024  50.240 0.4000000060
114265  31.726  -45.429  33.239 0.2000000030
112094  31.764  -44.248  34.207 0.2000000030
128605  21.841  -47.235  50.229 0.3000000119
26554  22.321  -47.581  49.927 0.4000000060
118378  28.492  -46.005  44.566 0.6000000238
27445  27.891  -46.918  47.239 0.5000000000
27418  28.021  -47.006  48.011 0.6000000238
26563  22.115  -47.705  49.349 0.4000000060
27434  22.308  -47.097  47.956 0.4000000060
29421  29.209  -45.586  31.316 0.1000000015
29413  27.350  -44.490  33.436 0.2000000030
26574  21.998  -47.482  48.646 0.4000000060
30305  29.695  -44.396  31.253 0.1000000015
30308  24.744  -44.647  31.008 0.2000000030
114068  27.458  -45.662  45.158 0.5000000000
27451  21.773  -46.494  47.419 0.4000000060
28375  22.024  -45.944  46.835 0.4000000060
30313  29.387  -43.673  30.752 0.1000000015
32005  22.179  -42.985  30.640 0.2000000030
31977  21.597  -42.114  32.999 0.3000000119
111382  23.234  -42.586  35.994 0.4000000060
27435  21.570  -46.824  48.062 0.4000000060
30257  25.419  -43.562  39.134 0.5000000000
30244  25.713  -44.049  40.744 0.6000000238
28376  21.245  -45.814  46.988 0.4000000060
116698  21.341  -45.448  46.489 0.5000000000
31069  24.486  -42.974  37.856 0.6000000238
31927  21.870  -42.291  36.093 0.4000000060
29346  20.343  -44.175  44.842 0.5000000000
30193  19.911  -43.687  44.223 0.5000000000
32838  20.287  -41.337  36.076 0.4000000060
125684  19.965  -42.523  42.580 0.4000000060
32824  20.174  -41.376  37.154 0.3000000119
32805  19.619  -41.533  38.014 0.4000000060
32806  18.692  -41.623  37.903 0.4000000060
31844  19.443  -42.069  40.718 0.5000000000
114418  19.923  -42.185  41.688 0.5000000000
31890  19.093  -41.956  38.866 0.4000000060
31865  19.773  -41.999  39.779 0.5000000000
29270  28.463  -45.737  47.928 0.3000000119
27458  29.329  -46.839  46.076 0.6000000238
26553  23.135  -47.487  49.988 0.4000000060
29411  31.683  -44.491  33.287 0.2000000030
113560  28.615  -46.471  45.239 0.6999999881
27444  28.777  -46.910  46.878 0.6999999881
27429  27.420  -47.056  47.835 0.5000000000
27433  23.192  -47.210  47.906 0.4000000060
26581  22.893  -47.640  48.484 0.4000000060
30295  31.481  -43.581  33.743 0.2000000030
30286  30.196  -43.356  34.661 0.2000000030
30288  28.104  -43.759  33.854 0.2000000030
30298  25.929  -44.609  32.097 0.2000000030
28424  28.186  -45.358  43.720 0.6000000238
27460  27.714  -46.694  46.625 0.5000000000
27450  22.602  -46.708  47.345 0.3000000119
31126  24.395  -43.736  30.568 0.2000000030
119736  22.820  -42.988  30.257 0.2000000030
28390  21.746  -45.263  46.194 0.5000000000
31133  28.576  -42.874  29.669 0.1000000015
32862  22.308  -41.958  33.949 0.3000000119
32015  28.319  -41.922  29.429 0.2000000030
30253  24.998  -43.658  39.662 0.5000000000
30252  25.642  -43.833  39.960 0.5000000000
29345  21.075  -44.235  44.991 0.5000000000
29311  21.411  -44.750  45.604 0.5000000000
32016  27.485  -42.357  28.695 0.1000000015
31077  23.445  -42.637  36.851 0.4000000060
31062  24.188  -43.128  38.480 0.6000000238
28407  21.024  -45.038  45.967 0.5000000000
32948  27.826  -41.449  29.080 0.1000000015
32949  27.240  -41.477  28.567 0.1000000015
31926  22.622  -42.513  36.460 0.4000000060
31070  23.573  -42.799  37.815 0.5000000000
29344  21.774  -43.569  44.424 0.5000000000
30192  20.654  -43.713  44.327 0.5000000000
29326  20.694  -44.608  45.413 0.5000000000
33919  26.178  -40.915  27.892 0.1000000015
31908  22.662  -42.496  37.377 0.4000000060
30213  21.059  -43.152  43.650 0.5000000000
30993  20.454  -42.756  43.083 0.5000000000
31012  20.673  -42.316  42.283 0.5000000000
30214  20.182  -43.286  43.689 0.5000000000
31910  21.054  -41.809  36.609 0.3000000119
28337  27.613  -46.484  48.520 0.2000000030
26572  23.565  -48.030  49.022 0.4000000060
29419  31.052  -44.437  32.406 0.2000000030
28402  29.328  -46.535  44.818 0.6999999881
27468  29.010  -46.743  45.688 0.6000000238
28352  27.555  -46.842  48.391 0.4000000060
27449  23.547  -46.794  47.380 0.4000000060
26580  23.813  -47.637  48.411 0.4000000060
31099  30.169  -42.554  34.130 0.2000000030
114509  27.808  -44.853  42.977 0.6000000238
27446  27.248  -46.862  47.322 0.5000000000
27419  27.448  -47.063  48.220 0.4000000060
31100  29.100  -42.853  34.153 0.2000000030
115203  26.929  -43.485  32.618 0.2000000030
31119  25.270  -43.717  31.099 0.2000000030
112579  27.692  -44.539  42.119 0.6000000238
28385  27.323  -46.174  45.947 0.5000000000
28389  22.596  -45.539  46.389 0.5000000000
30312  30.075  -43.460  31.310 0.1000000015
31125  24.871  -42.937  30.717 0.2000000030
32891  21.908  -41.665  31.907 0.3000000119
108618  26.864  -44.559  43.369 0.6000000238
29322  26.340  -44.819  44.959 0.6000000238
29310  22.256  -44.881  45.840 0.5000000000
31123  29.948  -42.684  31.062 0.2000000030
31124  29.241  -42.774  30.397 0.1000000015
32000  29.008  -41.890  30.186 0.1000000015
31938  23.522  -42.421  35.641 0.4000000060
31061  24.899  -43.303  38.376 0.6000000238
30230  25.713  -44.101  41.624 0.6000000238
29362  26.439  -44.290  42.257 0.5000000000
30245  24.965  -43.744  40.394 0.5000000000
30231  24.979  -43.775  41.281 0.5000000000
30212  22.185  -42.851  43.485 0.5000000000
31050  23.865  -43.103  39.345 0.6000000238
31029  24.384  -43.398  39.929 0.5000000000
33899  27.643  -40.766  29.151 0.2000000030
33900  26.838  -40.620  28.566 0.1000000015
31063  23.284  -42.829  38.786 0.5000000000
30992  21.461  -42.531  42.782 0.5000000000
31909  21.852  -42.170  37.018 0.3000000119
33901  25.990  -40.088  28.155 0.1000000015
113106  21.071  -41.801  37.593 0.3000000119
31843  20.351  -41.965  40.621 0.5000000000
31889  20.134  -41.770  38.849 0.5000000000
111860  25.815  -44.443  49.646 0.2000000030
29251  26.958  -45.513  49.164 0.2000000030
28350  28.741  -46.096  47.691 0.4000000060
29250  27.484  -45.852  48.697 0.1000000015
129779  29.084  -46.883  46.508 0.6999999881
27432  24.147  -47.187  47.930 0.4000000060
30304  30.648  -43.781  31.916 0.1000000015
31098  30.914  -42.943  34.076 0.2000000030
29360  28.361  -45.029  42.993 0.6000000238
126658  26.999  -47.107  48.156 0.3000000119
27408  27.128  -47.014  48.632 0.2000000030
28374  23.004  -46.245  46.871 0.5000000000
31109  27.620  -42.708  32.980 0.2000000030
28386  26.416  -46.223  46.424 0.5000000000
27462  26.420  -46.703  47.264 0.5000000000
130033  26.776  -46.999  47.855 0.5000000000
28388  23.524  -45.758  46.463 0.5000000000
31118  25.773  -42.787  31.249 0.2000000030
32003  23.482  -42.661  30.272 0.2000000030
32911  22.497  -41.525  30.892 0.3000000119
29371  27.248  -44.334  41.163 0.6000000238
129589  26.479  -44.540  44.093 0.6000000238
29324  22.968  -44.335  45.446 0.5000000000
31999  29.654  -41.874  30.842 0.2000000030
31990  21.992  -42.317  31.109 0.3000000119
33833  22.460  -41.067  33.433 0.4000000060
30242  26.915  -44.157  40.525 0.6000000238
30209  25.590  -43.991  42.570 0.5000000000
29342  25.783  -44.285  44.331 0.6000000238
30179  22.674  -43.737  44.879 0.5000000000
31925  23.995  -42.611  36.541 0.4000000060
31068  25.004  -43.094  37.884 0.6000000238
30251  26.004  -43.553  39.154 0.6000000238
32933  28.795  -41.129  30.010 0.2000000030
32934  28.272  -40.961  29.546 0.2000000030
30246  24.169  -43.285  40.967 0.5000000000
31011  21.591  -42.183  41.900 0.5000000000
33884  27.136  -40.159  29.368 0.2000000030
117443  26.582  -39.798  28.865 0.2000000030
31886  22.607  -42.485  38.306 0.5000000000
113316  20.948  -42.003  41.362 0.5000000000
34839  26.024  -39.196  28.659 0.2000000030
34851  25.431  -39.289  27.960 0.2000000030
31887  21.871  -42.109  37.955 0.4000000060
118215  21.336  -41.942  40.398 0.5000000000
32804  20.428  -41.626  38.065 0.4000000060
31864  20.729  -41.869  39.644 0.5000000000
30111  27.346  -44.427  48.874 0.3000000119
28358  29.969  -45.942  46.849 0.6999999881
29268  29.555  -44.832  47.707 0.5000000000
27442  30.258  -46.710  46.092 0.6000000238
29284  29.306  -45.794  47.370 0.6999999881
28423  28.984  -45.758  43.849 0.6999999881
30303  31.304  -43.646  32.808 0.2000000030
29359  29.027  -45.235  43.039 0.8000000119
26577  26.323  -47.102  48.316 0.4000000060
31107  31.137  -42.917  33.247 0.2000000030
31959  30.641  -42.297  33.352 0.2000000030
29366  28.427  -44.699  42.270 0.6000000238
28405  26.076  -45.418  45.846 0.6000000238
31108  28.641  -42.212  33.522 0.2000000030
31110  26.925  -42.908  32.338 0.2000000030
30229  27.857  -44.364  41.437 0.6999999881
30191  23.156  -43.166  44.050 0.5000000000
31989  26.364  -41.778  31.351 0.2000000030
32002  24.333  -42.208  30.461 0.2000000030
30250  26.562  -43.819  39.896 0.6000000238
30189  25.309  -43.824  43.612 0.5000000000
32922  24.012  -41.377  30.397 0.3000000119
33850  22.480  -40.842  31.452 0.3000000119
130207  23.433  -41.621  34.836 0.4000000060
31907  25.032  -42.855  37.509 0.6000000238
31059  26.077  -43.295  38.526 0.6999999881
31048  26.448  -43.504  39.294 0.6999999881
33862  28.751  -40.785  30.586 0.2000000030
33882  28.449  -40.694  30.015 0.2000000030
31067  25.473  -43.136  37.950 0.6999999881
30991  22.531  -42.524  42.503 0.5000000000
34815  27.123  -39.933  29.933 0.2000000030
33883  27.874  -40.488  29.771 0.2000000030
31051  23.041  -42.682  39.701 0.5000000000
120763  23.626  -42.945  40.258 0.5000000000
34831  26.346  -39.135  29.418 0.2000000030
31862  22.454  -42.366  39.188 0.5000000000
117524  21.968  -42.077  41.021 0.5000000000
35830  25.900  -38.443  28.933 0.2000000030
35831  25.484  -38.435  28.340 0.2000000030
127296  21.938  -42.098  38.730 0.5000000000
122971  31.618  -45.447  46.156 0.8000000119
29296  32.083  -45.807  45.746 0.8000000119
29297  31.227  -46.109  46.123 0.8000000119
29283  30.025  -45.436  47.068 0.6999999881
27456  31.078  -46.559  45.428 0.6999999881
27457  30.317  -46.741  45.807 0.6999999881
27466  30.694  -46.678  45.313 0.6999999881
28401  30.317  -46.656  44.848 0.6999999881
28422  29.578  -45.687  43.609 0.6999999881
27430  25.973  -46.950  47.933 0.5000000000
31115  30.993  -42.906  32.510 0.2000000030
125047  30.937  -42.550  32.877 0.2000000030
31960  29.681  -41.998  33.646 0.2000000030
116153  25.404  -44.636  45.278 0.6000000238
118503  25.464  -45.979  46.424 0.6000000238
31116  30.547  -42.761  31.774 0.2000000030
31973  30.013  -41.652  32.654 0.2000000030
31975  28.342  -41.709  32.845 0.2000000030
31976  27.448  -42.081  32.367 0.2000000030
114241  28.636  -44.376  41.651 0.6999999881
29343  24.845  -43.915  44.676 0.5000000000
29323  24.169  -44.539  45.543 0.5000000000
30178  23.702  -43.720  44.856 0.5000000000
31028  27.226  -43.982  40.303 0.6000000238
30211  23.350  -42.833  42.912 0.5000000000
32920  29.275  -41.265  30.671 0.2000000030
32921  24.931  -41.289  30.629 0.2000000030
32910  22.963  -40.874  30.760 0.3000000119
33840  22.249  -40.887  32.450 0.3000000119
31937  24.181  -42.382  36.004 0.5000000000
31923  25.256  -42.411  36.982 0.5000000000
31906  25.674  -42.737  37.513 0.6000000238
30210  24.803  -43.581  42.863 0.5000000000
31010  22.560  -42.406  41.591 0.5000000000
34816  26.283  -39.009  29.974 0.2000000030
36703  25.353  -37.266  30.537 0.2000000030
35796  25.986  -38.337  29.765 0.2000000030
35813  25.841  -38.026  29.366 0.2000000030
37676  27.524  -36.113  32.731 0.2000000030
37678  25.829  -36.268  32.219 0.2000000030
37711  25.479  -36.692  30.832 0.2000000030
36702  25.647  -36.820  30.183 0.2000000030
36712  25.705  -37.123  29.464 0.2000000030
31863  21.638  -42.001  39.473 0.5000000000
37663  28.686  -36.650  33.589 0.2000000030
37677  26.537  -36.125  32.521 0.2000000030
37692  26.259  -35.805  31.826 0.2000000030
36723  25.606  -37.535  28.723 0.2000000030
36735  25.087  -37.591  27.811 0.2000000030
37651  29.094  -36.996  34.079 0.4000000060
37675  28.647  -36.146  32.910 0.2000000030
37728  25.947  -36.208  29.721 0.2000000030
109893  25.794  -36.598  28.922 0.2000000030
31888  21.120  -41.841  38.633 0.5000000000
37650  29.947  -36.831  34.141 0.4000000060
37662  29.418  -36.472  33.514 0.3000000119
37649  31.025  -36.680  34.256 0.5000000000
28367  32.433  -45.906  45.339 0.8000000119
28383  32.068  -46.203  45.220 0.8000000119
28368  31.752  -45.994  45.768 0.6999999881
28399  31.763  -46.406  44.861 0.6999999881
27465  31.109  -46.625  45.036 0.6999999881
28415  30.760  -46.359  44.323 0.6999999881
29365  29.193  -44.821  42.431 0.8000000119
31987  30.244  -41.863  31.615 0.2000000030
32907  28.110  -41.236  32.211 0.2000000030
30241  28.032  -44.079  40.794 0.6999999881
32905  29.683  -41.421  31.239 0.2000000030
32906  29.153  -40.980  31.373 0.2000000030
31988  27.236  -41.515  31.851 0.2000000030
31885  26.610  -42.826  38.238 0.6999999881
31058  26.862  -43.144  38.954 0.6999999881
109112  24.041  -43.190  43.160 0.5000000000
33848  28.304  -40.722  31.205 0.2000000030
32908  27.045  -40.967  31.424 0.2000000030
116611  25.328  -40.387  30.652 0.3000000119
33867  23.717  -40.617  30.583 0.2000000030
121384  22.641  -40.241  32.003 0.3000000119
33824  23.524  -40.765  34.512 0.4000000060
32848  24.469  -41.645  35.707 0.4000000060
30232  24.298  -43.347  42.115 0.5000000000
31009  23.439  -42.807  41.845 0.5000000000
33864  26.794  -39.927  30.323 0.2000000030
119650  24.476  -40.751  30.523 0.3000000119
33849  23.147  -40.129  31.155 0.3000000119
33839  22.730  -40.192  32.860 0.4000000060
32836  25.578  -41.828  36.560 0.6000000238
32823  26.010  -42.106  37.022 0.6000000238
31030  23.358  -42.756  41.055 0.5000000000
34786  23.370  -39.418  33.188 0.4000000060
34776  23.700  -39.784  34.114 0.4000000060
33823  24.205  -40.222  34.770 0.4000000060
32847  25.398  -41.147  36.005 0.4000000060
32835  26.296  -41.276  36.551 0.6000000238
31031  22.820  -42.499  40.616 0.5000000000
35797  25.541  -38.133  30.268 0.2000000030
34785  24.019  -38.926  33.709 0.4000000060
116414  25.530  -40.051  35.545 0.4000000060
31842  22.235  -42.212  40.089 0.5000000000
36668  25.207  -36.893  32.223 0.2000000030
130922  26.112  -35.750  31.149 0.2000000030
33813  26.223  -40.344  36.078 0.6000000238
37664  27.917  -36.641  33.406 0.3000000119
37710  25.820  -36.169  30.632 0.2000000030
38754  27.100  -35.578  32.075 0.2000000030
38769  26.773  -35.369  31.320 0.2000000030
114213  26.114  -35.921  29.041 0.2000000030
37745  25.456  -36.719  28.193 0.2000000030
38753  28.097  -35.573  32.182 0.2000000030
38783  26.467  -35.465  30.420 0.2000000030
38799  26.531  -35.411  29.455 0.2000000030
37744  25.867  -35.956  28.420 0.2000000030
36633  31.820  -36.903  34.647 0.5000000000
36618  32.125  -37.200  35.253 0.5000000000
29321  34.485  -45.396  44.583 0.6999999881
112314  32.604  -46.005  45.004 0.6999999881
28411  33.628  -45.601  44.498 0.6999999881
29337  33.462  -45.553  44.017 0.6999999881
28412  32.920  -45.815  44.503 0.6999999881
28398  32.366  -46.147  44.878 0.6999999881
29354  33.168  -45.280  43.692 0.6999999881
29356  31.557  -45.330  43.439 0.6999999881
29340  31.183  -45.959  43.817 0.6999999881
28414  31.578  -46.285  44.427 0.6999999881
30227  30.420  -44.265  42.179 0.6999999881
30207  30.968  -44.761  42.838 0.6999999881
29358  29.770  -45.311  43.136 0.6999999881
126169  27.800  -43.657  40.099 0.6999999881
113414  27.845  -40.868  31.638 0.3000000119
31884  27.342  -42.588  38.622 0.6999999881
31046  27.708  -43.028  39.422 0.6999999881
123745  27.303  -40.528  30.985 0.2000000030
32909  26.132  -40.883  30.979 0.3000000119
31905  26.439  -42.401  37.585 0.6999999881
34817  25.765  -39.090  30.333 0.2000000030
33865  26.263  -39.975  30.615 0.3000000119
127479  25.433  -39.665  30.566 0.3000000119
34819  23.951  -39.713  30.778 0.3000000119
32822  26.703  -41.739  37.161 0.6999999881
35786  23.741  -38.815  31.740 0.3000000119
34794  23.167  -39.524  32.096 0.3000000119
35784  24.873  -37.702  30.979 0.2000000030
35764  23.872  -38.684  33.004 0.4000000060
34775  24.397  -39.331  34.394 0.4000000060
34762  24.937  -39.722  34.948 0.4000000060
36667  25.895  -36.644  32.873 0.2000000030
37665  26.865  -36.709  33.259 0.3000000119
36634  30.315  -37.185  34.747 0.4000000060
37661  30.391  -36.366  33.466 0.3000000119
37674  29.729  -36.055  32.794 0.3000000119
38752  29.110  -35.586  32.178 0.2000000030
38767  28.554  -35.169  31.524 0.2000000030
38768  27.645  -35.167  31.506 0.2000000030
38798  27.179  -34.863  29.895 0.2000000030
38818  26.529  -35.378  28.645 0.2000000030
125100  28.095  -34.807  30.975 0.2000000030
36617  33.237  -37.273  35.223 0.5000000000
30177  36.697  -44.621  44.214 0.8000000119
29319  36.113  -45.032  44.372 0.8000000119
29305  35.766  -44.876  44.825 0.8000000119
29306  35.047  -45.064  44.908 0.6999999881
29334  35.863  -45.252  43.899 0.6999999881
29335  35.088  -45.316  43.956 0.6999999881
118744  33.957  -45.009  43.471 0.6999999881
30205  33.057  -44.610  43.294 0.6999999881
30206  31.937  -44.532  43.027 0.6999999881
29352  35.644  -45.049  43.328 0.6999999881
120546  33.979  -44.147  43.079 0.6999999881
30989  33.195  -43.865  42.864 0.6999999881
30226  31.184  -44.164  42.432 0.6999999881
31008  29.960  -43.871  41.608 0.6999999881
31006  31.795  -43.735  42.361 0.6999999881
31007  30.837  -43.561  41.793 0.6999999881
31026  29.990  -43.272  41.130 0.6999999881
30240  29.094  -43.831  41.141 0.6999999881
110503  30.861  -42.698  41.182 0.6999999881
31841  29.210  -43.151  40.532 0.6999999881
31027  28.494  -43.601  40.491 0.6999999881
31860  29.230  -42.351  39.997 0.6999999881
116392  28.478  -43.112  39.996 0.6999999881
32788  28.823  -41.818  39.357 0.6999999881
31883  28.109  -42.233  38.952 0.6999999881
31904  27.068  -42.207  37.941 0.6999999881
34818  24.788  -39.231  30.653 0.2000000030
35785  24.318  -38.219  31.426 0.2000000030
32803  27.742  -41.853  38.286 0.6999999881
129992  26.904  -41.988  37.530 0.6999999881
35798  24.852  -38.450  30.712 0.2000000030
35775  24.107  -38.218  32.325 0.3000000119
32821  27.317  -41.492  37.612 0.6999999881
119346  25.288  -37.388  33.198 0.3000000119
35763  24.479  -38.149  33.260 0.3000000119
35750  24.704  -38.596  34.062 0.4000000060
33793  27.075  -40.999  36.955 0.6999999881
108499  26.686  -37.332  33.792 0.3000000119
35749  25.458  -38.474  34.359 0.4000000060
34774  25.030  -39.027  34.562 0.4000000060
34761  26.321  -39.501  35.623 0.4000000060
33803  26.805  -40.490  36.510 0.6999999881
36650  28.298  -37.112  33.991 0.3000000119
36619  31.098  -37.294  35.171 0.5000000000
35728  32.412  -37.595  35.933 0.5000000000
35729  31.600  -37.604  35.772 0.5000000000
38817  27.161  -34.862  29.038 0.2000000030
36649  32.187  -36.601  33.885 0.4000000060
37673  30.753  -36.100  32.614 0.3000000119
108723  33.381  -37.640  35.976 0.5000000000
36632  32.740  -36.934  34.505 0.4000000060
112589  34.418  -37.788  35.720 0.5000000000
32734  36.987  -42.309  43.949 0.6999999881
32726  37.000  -42.266  44.938 0.6999999881
30981  37.676  -43.886  43.352 0.6999999881
116319  36.895  -44.067  44.429 0.8000000119
29333  36.509  -45.039  43.718 0.6999999881
30203  35.563  -44.674  42.834 0.6999999881
110056  37.247  -44.265  43.782 0.8000000119
29351  36.380  -44.725  42.671 0.6999999881
128139  35.521  -44.248  42.570 0.6999999881
30204  34.822  -44.507  43.008 0.6999999881
31005  32.649  -43.274  42.299 0.6999999881
31826  31.689  -42.966  41.769 0.6999999881
30202  37.597  -44.635  42.453 0.6999999881
29364  37.256  -44.644  42.152 0.6999999881
126383  35.949  -43.837  42.113 0.6999999881
31823  34.381  -42.783  41.961 0.6999999881
31004  33.741  -43.366  42.486 0.6999999881
31825  32.383  -42.534  41.717 0.6999999881
31839  31.725  -42.143  41.255 0.6999999881
31840  30.036  -42.518  40.608 0.6999999881
32771  30.924  -41.784  40.603 0.6999999881
31859  30.048  -41.833  40.201 0.6999999881
32787  29.642  -41.468  39.678 0.6999999881
32802  28.453  -41.422  38.699 0.6999999881
32801  29.213  -40.996  39.090 0.6999999881
33792  27.752  -40.639  37.373 0.6999999881
36637  25.968  -37.762  33.984 0.3000000119
35762  25.133  -38.018  33.814 0.3000000119
33802  27.445  -40.193  36.773 0.6000000238
114239  27.894  -37.635  34.452 0.3000000119
36636  26.995  -37.842  34.393 0.3000000119
35748  26.282  -38.429  34.658 0.4000000060
34747  27.011  -39.696  36.193 0.4000000060
36635  29.516  -37.355  34.697 0.4000000060
118764  28.690  -37.498  34.574 0.3000000119
36623  27.608  -38.140  34.850 0.4000000060
35747  27.023  -38.471  35.039 0.3000000119
130640  26.483  -38.906  35.182 0.4000000060
34729  36.123  -39.368  37.655 0.6000000238
35714  32.679  -38.052  36.618 0.5000000000
35730  30.867  -37.942  35.912 0.6000000238
36620  30.041  -37.759  35.409 0.4000000060
34744  35.237  -38.677  37.358 0.6000000238
35713  33.738  -38.016  36.640 0.6000000238
34759  35.604  -38.450  36.434 0.6000000238
35712  34.816  -38.147  36.569 0.6000000238
37660  31.484  -36.346  33.255 0.4000000060
128812  33.848  -37.535  35.450 0.4000000060
37659  32.669  -36.580  32.835 0.4000000060
32735  36.722  -41.319  43.799 0.6999999881
33747  36.956  -40.411  42.265 0.8999999762
110371  37.478  -42.642  43.194 0.6999999881
33754  37.530  -40.497  41.625 0.8999999762
32754  37.453  -41.340  42.204 0.8999999762
31814  37.932  -43.342  42.894 0.6999999881
30988  38.298  -44.096  42.521 0.6999999881
113866  38.147  -41.443  41.491 0.8999999762
32753  38.686  -42.545  41.645 0.8000000119
31813  38.597  -43.449  42.179 0.6999999881
30221  38.525  -44.465  41.460 0.6999999881
30239  37.533  -44.480  41.642 0.6999999881
31025  36.378  -43.427  41.510 0.6999999881
31837  33.835  -41.981  41.406 0.6999999881
31824  33.283  -42.595  41.896 0.6999999881
31821  39.143  -43.535  41.598 0.8000000119
30237  38.592  -44.481  41.102 0.6999999881
31045  37.657  -43.710  40.696 0.6999999881
31835  35.896  -42.607  41.098 0.6999999881
31836  34.929  -42.200  41.350 0.6999999881
31838  32.723  -41.842  41.284 0.6999999881
32770  32.027  -41.367  40.683 0.6999999881
31001  39.437  -43.939  41.144 0.8000000119
31022  38.844  -44.344  40.731 0.6999999881
31857  37.216  -42.673  40.173 0.6999999881
32786  30.511  -41.181  39.936 0.6999999881
32785  31.402  -40.959  40.121 0.6999999881
32800  30.099  -40.712  39.335 0.6999999881
33782  28.870  -40.621  38.373 0.6999999881
32820  28.043  -40.996  38.081 0.6999999881
33791  28.514  -40.282  37.684 0.6999999881
32798  37.121  -41.147  38.787 0.6999999881
33774  36.516  -40.232  38.341 0.6999999881
33801  28.197  -39.928  37.050 0.6000000238
32819  37.146  -40.507  38.044 0.6999999881
36622  28.278  -38.053  34.997 0.3000000119
126835  34.382  -38.793  38.025 0.6000000238
35715  31.630  -38.106  36.464 0.6000000238
34760  27.020  -39.026  35.592 0.4000000060
35733  27.754  -38.581  35.459 0.4000000060
35702  34.126  -38.415  37.381 0.6000000238
35716  30.781  -38.354  36.566 0.6000000238
35717  30.106  -38.326  36.223 0.6000000238
115852  27.569  -39.135  35.963 0.4000000060
34743  36.058  -38.832  36.779 0.6000000238
36631  33.789  -37.158  34.278 0.4000000060
35727  35.371  -38.201  35.685 0.5000000000
36648  33.222  -36.819  33.621 0.4000000060
36666  33.556  -36.848  32.926 0.4000000060
33736  36.526  -40.439  43.620 0.8000000119
34680  37.095  -39.627  42.021 0.8000000119
34681  36.552  -39.796  42.905 0.8999999762
34660  36.384  -39.665  43.983 0.8000000119
34698  38.549  -39.737  40.828 0.8000000119
34714  39.569  -39.908  40.491 0.6999999881
33753  38.288  -40.606  40.996 0.8000000119
33760  38.998  -40.605  40.628 0.8000000119
31833  39.889  -43.462  40.581 0.8000000119
31820  39.575  -43.058  41.064 0.8000000119
32782  34.865  -40.758  40.159 0.6999999881
32768  34.348  -41.424  40.828 0.6999999881
32783  33.666  -40.762  40.390 0.6999999881
32769  33.318  -41.349  40.877 0.6999999881
128862  32.683  -41.354  40.815 0.6999999881
112551  40.219  -42.082  40.520 0.8000000119
31043  39.014  -43.915  40.074 0.8000000119
32780  36.759  -41.691  39.641 0.6999999881
31858  36.332  -42.166  40.395 0.6999999881
32767  35.404  -41.708  40.640 0.6999999881
119603  32.159  -40.763  40.168 0.6999999881
31832  40.617  -43.030  40.338 0.8000000119
31020  40.124  -43.518  40.200 0.8000000119
31855  38.813  -43.142  39.463 0.6999999881
31882  37.538  -42.186  39.415 0.6999999881
33770  30.977  -40.471  39.554 0.6999999881
31041  40.326  -43.459  39.862 0.8000000119
31056  40.013  -43.323  39.493 0.8000000119
32797  37.883  -41.797  38.721 0.6999999881
33776  35.336  -39.834  39.039 0.6999999881
109317  34.442  -39.643  39.154 0.6999999881
33780  30.586  -40.046  38.898 0.6999999881
33789  30.229  -39.671  38.219 0.6999999881
33781  29.715  -40.287  38.659 0.6999999881
33790  29.347  -39.831  37.915 0.6999999881
125785  28.828  -39.682  37.335 0.6999999881
31879  40.216  -42.565  38.634 0.8000000119
32796  38.602  -42.361  38.807 0.6999999881
33788  35.868  -39.740  38.475 0.6999999881
114661  27.840  -39.484  36.502 0.5000000000
32817  38.351  -41.466  38.128 0.6999999881
32818  37.638  -40.986  38.148 0.6999999881
35703  33.053  -38.420  37.343 0.6000000238
35732  28.577  -38.389  35.646 0.4000000060
127511  37.923  -40.780  37.661 0.6999999881
33786  37.433  -40.370  37.530 0.6999999881
35731  29.342  -38.299  35.880 0.5000000000
35719  28.211  -38.907  36.095 0.5000000000
33787  36.849  -39.926  37.488 0.6999999881
34742  36.626  -39.307  36.601 0.6000000238
113889  34.257  -37.517  34.904 0.4000000060
108357  32.675  -36.632  31.850 0.4000000060
36647  34.082  -37.138  33.444 0.4000000060
36685  33.410  -36.785  32.267 0.4000000060
35746  34.721  -37.623  34.058 0.4000000060
36665  34.112  -37.001  32.727 0.4000000060
34699  37.786  -39.653  41.324 0.8000000119
35609  37.169  -38.302  42.923 0.6999999881
35610  36.561  -38.852  43.412 0.6000000238
121971  38.232  -39.032  41.232 0.6999999881
35620  37.658  -38.697  41.972 0.6999999881
35665  38.963  -38.954  40.874 0.6999999881
35664  39.971  -38.927  40.632 0.6999999881
33758  40.822  -41.445  40.381 0.8000000119
128859  40.442  -40.598  40.388 0.6999999881
32781  35.911  -41.232  39.928 0.6999999881
33767  34.012  -40.116  39.812 0.6999999881
32784  32.753  -40.959  40.467 0.6999999881
33765  35.577  -40.454  39.477 0.6999999881
33766  34.861  -40.111  39.562 0.6999999881
33777  33.385  -39.649  39.277 0.6999999881
33768  32.845  -40.269  39.913 0.6999999881
33769  31.862  -40.326  39.687 0.6999999881
32764  41.076  -42.334  40.308 0.8000000119
33778  32.369  -39.768  39.189 0.6999999881
34723  31.952  -39.424  38.466 0.6999999881
34721  33.947  -39.169  38.659 0.6000000238
34724  31.093  -39.556  38.336 0.6999999881
114610  29.964  -39.296  37.660 0.6999999881
31878  40.702  -42.988  39.486 0.8000000119
34731  33.447  -38.777  38.045 0.6000000238
34734  30.708  -39.213  37.670 0.6000000238
34735  29.395  -39.235  37.232 0.6000000238
31903  39.187  -42.136  38.316 0.8000000119
35704  32.070  -38.568  37.205 0.6000000238
34745  30.212  -38.831  37.010 0.6000000238
34746  28.660  -39.193  36.759 0.6000000238
32816  39.837  -41.725  37.725 0.8000000119
35705  31.157  -38.732  37.089 0.6000000238
131213  28.833  -38.675  36.221 0.5000000000
32834  38.483  -40.876  37.372 0.6999999881
33800  37.244  -39.835  36.820 0.6999999881
126698  37.066  -39.442  36.144 0.6000000238
33812  37.760  -39.725  36.163 0.6999999881
36646  34.713  -37.440  33.274 0.4000000060
34758  36.130  -38.647  35.877 0.6000000238
35745  35.461  -38.147  34.236 0.5000000000
108563  35.062  -37.975  34.858 0.5000000000
35639  38.567  -38.369  41.514 0.6999999881
36525  38.452  -37.508  42.694 0.6999999881
36518  37.721  -37.618  43.305 0.6000000238
35638  39.434  -38.178  41.165 0.6999999881
36538  39.095  -37.582  41.898 0.6999999881
36517  38.625  -37.056  43.649 0.6999999881
35637  40.430  -38.074  40.893 0.6999999881
112399  39.925  -37.538  41.401 0.6999999881
35663  41.110  -39.017  40.646 0.6999999881
35662  42.258  -39.214  40.634 0.6999999881
118021  41.352  -40.755  40.394 0.6999999881
34712  41.783  -39.977  40.523 0.6999999881
130746  43.089  -39.446  40.575 0.6999999881
32762  42.319  -41.345  40.166 0.8000000119
33756  42.867  -40.501  40.243 0.8000000119
34722  32.887  -39.241  38.638 0.6000000238
31853  41.410  -42.600  39.672 0.8000000119
32795  42.054  -42.139  39.159 0.8000000119
32813  42.412  -41.393  38.649 0.8000000119
34733  31.567  -39.104  37.758 0.6000000238
31877  41.281  -42.453  38.784 0.8000000119
121346  41.825  -41.844  38.186 0.8000000119
32814  42.019  -41.085  37.645 0.8000000119
34732  32.465  -38.926  37.915 0.6000000238
32815  40.966  -41.840  37.773 0.8000000119
32831  41.276  -41.097  37.123 0.8000000119
33798  39.852  -40.453  36.337 0.8000000119
33809  40.270  -39.765  35.881 0.8000000119
32833  39.341  -41.034  37.060 0.6999999881
120993  39.665  -39.290  35.369 0.8000000119
34769  39.354  -38.787  34.771 0.8000000119
111846  37.877  -40.307  37.015 0.6999999881
33799  38.703  -40.300  36.471 0.6999999881
34770  38.474  -38.895  34.667 0.8000000119
35757  38.414  -38.114  33.530 0.6999999881
34755  38.035  -39.331  35.328 0.6999999881
34771  37.552  -38.907  34.801 0.6999999881
35742  37.991  -38.533  34.116 0.6999999881
34756  37.255  -39.209  35.521 0.6000000238
35774  35.269  -37.664  33.199 0.4000000060
35726  35.776  -38.395  34.968 0.5000000000
38864  31.784  -35.178  25.468 0.1000000015
38876  31.203  -35.092  25.059 0.1000000015
39848  30.838  -34.684  24.542 0.1000000015
117094  29.913  -33.373  22.995 0.1000000015
37553  41.668  -36.723  41.483 0.8000000119
37538  41.947  -36.287  42.165 0.6000000238
110326  40.014  -37.023  41.953 0.6999999881
36524  39.305  -37.075  42.726 0.6999999881
36537  40.897  -37.218  41.273 0.6999999881
37539  40.919  -36.596  41.987 0.8000000119
36523  40.210  -36.736  42.774 0.6999999881
36547  41.606  -38.157  40.808 0.6999999881
36546  42.944  -38.532  40.847 0.6999999881
33763  43.397  -40.141  40.113 0.6999999881
34720  43.306  -40.028  38.974 0.8000000119
33784  42.623  -40.600  38.330 0.8000000119
33785  42.173  -40.348  37.580 0.8000000119
34728  41.937  -39.768  37.255 0.8000000119
33796  41.533  -40.398  36.857 0.8000000119
34740  41.265  -39.702  36.519 0.8000000119
122075  40.981  -40.022  36.186 0.8000000119
34741  40.552  -39.469  35.996 0.8000000119
35739  39.706  -38.553  34.909 0.8000000119
36644  38.753  -37.350  33.039 0.6999999881
34753  39.992  -39.113  35.372 0.8000000119
35740  39.291  -38.244  34.200 0.8000000119
35756  38.945  -37.962  33.537 0.6999999881
35741  38.847  -38.430  34.057 0.6999999881
36645  38.578  -37.679  33.162 0.6000000238
37671  38.528  -36.975  32.197 0.6000000238
36679  38.199  -37.103  31.876 0.5000000000
36680  37.642  -36.925  31.336 0.5000000000
35771  38.076  -37.785  33.060 0.5000000000
123456  37.957  -37.489  32.534 0.5000000000
36698  36.953  -36.592  30.800 0.5000000000
35758  37.532  -38.228  33.577 0.6000000238
35772  37.110  -37.785  32.975 0.5000000000
36681  36.594  -36.929  31.686 0.5000000000
37704  36.243  -36.246  30.141 0.5000000000
35743  37.051  -38.591  34.236 0.6000000238
35759  36.553  -38.274  33.663 0.6000000238
36663  36.272  -37.439  32.448 0.5000000000
37705  35.206  -36.260  30.296 0.5000000000
37738  35.230  -35.586  28.621 0.5000000000
34757  36.690  -39.000  35.698 0.6000000238
35744  36.202  -38.484  34.395 0.5000000000
35773  35.992  -37.889  33.109 0.5000000000
36682  35.517  -37.013  31.880 0.5000000000
37706  34.304  -36.401  30.335 0.5000000000
38813  34.146  -35.451  27.917 0.5000000000
38831  33.923  -35.324  27.301 0.4000000060
34773  36.322  -38.645  35.155 0.6000000238
36683  34.651  -36.950  31.948 0.5000000000
37724  33.923  -36.181  29.441 0.5000000000
38848  33.653  -35.198  26.775 0.3000000119
38862  33.305  -35.045  26.243 0.1000000015
39846  32.362  -34.370  25.238 0.1000000015
38850  32.096  -35.560  26.451 0.3000000119
39847  31.664  -34.625  24.947 0.1000000015
40832  31.041  -33.935  24.348 0.1000000015
120124  30.269  -34.121  23.825 0.1000000015
37537  43.095  -36.241  42.024 0.6999999881
36505  40.111  -36.638  44.314 0.5000000000
37551  43.770  -36.959  41.498 0.6999999881
37527  41.077  -36.422  42.915 0.6999999881
36535  43.365  -37.655  41.178 0.6000000238
35661  43.669  -39.175  40.540 0.6999999881
119367  43.755  -39.402  39.303 0.8000000119
35696  43.268  -39.120  38.572 0.8000000119
34717  43.692  -39.770  39.744 0.8000000119
35701  42.369  -39.055  37.757 0.8000000119
35710  41.547  -39.070  37.055 0.8000000119
35711  40.840  -39.012  36.335 0.8000000119
36629  39.621  -37.902  34.471 0.8000000119
118285  40.027  -38.273  35.196 0.8000000119
36630  39.196  -37.738  33.684 0.8000000119
37658  39.117  -36.952  33.384 0.8000000119
37686  38.337  -36.670  31.417 0.6999999881
36697  37.778  -36.572  30.580 0.5000000000
115239  37.257  -35.980  29.402 0.5000000000
37737  36.072  -35.597  28.651 0.5000000000
38811  35.663  -35.328  28.033 0.5000000000
38830  34.667  -35.228  27.398 0.5000000000
35760  35.751  -38.120  33.715 0.5000000000
38847  34.376  -35.091  26.951 0.2000000030
39838  33.647  -34.474  25.948 0.1000000015
121442  32.961  -34.214  25.502 0.1000000015
40831  31.761  -33.778  24.766 0.1000000015
40847  29.705  -32.949  22.031 0.1000000015
38616  44.094  -35.472  43.491 0.5000000000
37536  44.134  -36.288  41.953 0.6000000238
37524  43.449  -35.812  42.975 0.5000000000
36534  44.415  -37.855  41.212 0.6999999881
35636  44.047  -38.533  40.976 0.6000000238
128381  44.820  -37.818  41.125 0.6999999881
36545  44.694  -38.243  40.837 0.6000000238
35694  44.410  -38.527  39.635 0.8000000119
35699  43.577  -38.268  38.707 0.8000000119
35695  43.975  -38.835  39.198 0.8000000119
35700  42.829  -38.253  38.128 0.8000000119
36592  41.910  -38.128  37.489 0.8000000119
36606  41.300  -37.407  36.869 0.8000000119
37629  40.708  -36.938  36.125 0.8000000119
36616  40.075  -37.416  35.342 0.8000000119
37647  39.709  -36.888  34.674 0.8000000119
37657  39.553  -36.256  34.046 0.8000000119
38734  40.244  -35.483  34.530 0.8000000119
38741  39.241  -35.834  33.253 0.8000000119
37685  38.600  -36.240  31.869 0.8000000119
38750  39.102  -35.295  32.447 0.8000000119
38764  38.487  -35.892  31.108 0.6999999881
38793  38.051  -35.865  29.897 0.5000000000
38794  37.541  -35.601  29.307 0.5000000000
38810  36.323  -35.278  28.257 0.5000000000
38829  35.364  -35.145  27.560 0.5000000000
39807  35.792  -34.825  27.482 0.3000000119
39822  34.667  -34.824  26.787 0.2000000030
40823  34.149  -33.680  26.013 0.1000000015
40824  33.314  -33.559  25.607 0.1000000015
111758  44.679  -35.029  43.702 0.5000000000
130252  44.352  -35.784  42.572 0.5000000000
37535  44.986  -36.265  41.939 0.8000000119
37534  45.406  -36.364  41.573 0.8000000119
37550  45.148  -36.883  41.395 0.6999999881
37564  45.055  -37.803  40.447 0.8000000119
36577  44.425  -37.821  39.375 0.8000000119
36578  43.893  -37.568  38.813 0.8000000119
36590  43.218  -37.458  38.342 0.8000000119
36591  42.519  -37.358  37.862 0.8000000119
37628  41.357  -36.520  36.568 0.8000000119
37641  41.144  -36.079  36.115 0.8000000119
37642  40.438  -36.116  35.350 0.8000000119
38733  41.063  -34.936  34.968 0.8000000119
128350  39.925  -36.206  34.653 0.8000000119
38740  39.892  -35.126  33.785 0.8000000119
38749  39.665  -34.862  33.104 0.8000000119
39747  39.390  -34.410  31.850 0.8000000119
38777  38.888  -34.676  31.030 0.6999999881
39778  38.657  -34.530  30.130 0.5000000000
39780  37.661  -34.910  29.031 0.4000000060
39792  37.192  -34.532  28.445 0.4000000060
39793  36.436  -34.932  28.031 0.4000000060
40800  36.589  -33.651  27.710 0.3000000119
40801  35.975  -34.170  27.379 0.3000000119
40812  35.575  -33.632  27.023 0.2000000030
40813  34.885  -33.713  26.525 0.2000000030
41669  33.670  -32.645  25.802 0.1000000015
38595  45.175  -34.607  43.922 0.5000000000
116803  45.456  -35.036  43.037 0.6000000238
123877  44.899  -35.478  42.755 0.6999999881
38614  46.171  -35.028  42.608 0.6000000238
38634  45.664  -35.720  42.175 0.6999999881
37577  45.314  -36.889  40.287 0.8000000119
37592  44.325  -36.770  39.037 0.8000000119
37593  43.561  -36.652  38.425 0.8000000119
37609  42.901  -36.584  37.957 0.8000000119
119095  42.253  -35.975  37.050 0.8000000119
38723  42.156  -34.879  36.091 0.6999999881
38724  41.436  -35.314  35.754 0.6999999881
39722  41.856  -34.481  35.320 0.6999999881
39733  40.769  -34.543  34.155 0.8000000119
39741  40.463  -34.279  33.373 0.8000000119
39746  40.067  -34.150  32.557 0.8000000119
39756  40.139  -33.766  31.926 0.6999999881
40757  39.751  -33.783  31.361 0.6999999881
40768  39.376  -33.715  30.602 0.6000000238
128258  39.431  -33.351  30.217 0.6000000238
40777  38.912  -33.706  29.863 0.6000000238
40789  38.348  -33.803  29.217 0.4000000060
40790  37.788  -33.829  28.684 0.4000000060
41633  37.771  -33.101  28.438 0.4000000060
40799  37.172  -33.802  28.172 0.3000000119
41644  36.583  -32.787  27.553 0.3000000119
40811  36.120  -33.450  27.395 0.3000000119
42495  36.496  -31.741  27.289 0.3000000119
41655  35.915  -32.699  27.199 0.3000000119
114323  46.337  -33.788  44.105 0.5000000000
39567  46.297  -34.218  43.619 0.6000000238
39589  46.596  -34.499  43.004 0.6000000238
38633  46.294  -35.412  41.954 0.8000000119
38663  45.711  -36.301  40.860 0.8999999762
38676  45.483  -35.872  40.187 0.8000000119
38689  44.533  -35.644  38.969 0.8000000119
38708  43.011  -35.029  37.185 0.8000000119
39710  42.752  -34.515  36.452 0.6999999881
39721  42.492  -34.127  35.679 0.6999999881
39731  42.184  -33.772  34.927 0.8000000119
40722  41.877  -33.462  34.155 0.6999999881
40737  40.935  -33.579  33.015 0.6999999881
40746  41.302  -33.075  32.748 0.6999999881
40747  40.715  -33.420  32.321 0.6999999881
40755  41.044  -32.957  32.117 0.6999999881
40767  40.186  -33.243  31.072 0.6999999881
41608  40.502  -32.727  30.890 0.6999999881
41609  39.885  -33.084  30.497 0.6999999881
41620  39.453  -32.949  29.908 0.6000000238
41631  39.016  -32.516  29.238 0.5000000000
41621  38.821  -33.242  29.461 0.5000000000
42481  38.378  -32.454  28.636 0.4000000060
42493  38.393  -31.657  28.308 0.3000000119
42482  37.784  -32.271  28.152 0.3000000119
43351  37.161  -31.153  27.443 0.3000000119
43367  36.952  -30.455  27.034 0.3000000119
40562  46.906  -33.964  43.438 0.6000000238
39608  46.749  -34.746  42.312 0.6999999881
39629  46.668  -34.816  41.672 0.8000000119
39665  45.712  -34.846  40.056 0.6999999881
39664  46.219  -34.400  40.544 0.8000000119
39682  44.718  -34.633  38.814 0.8000000119
109897  44.195  -34.972  38.393 0.8000000119
38699  43.662  -34.792  37.722 0.8000000119
39697  44.336  -34.054  37.994 0.8000000119
39708  43.869  -33.915  37.264 0.8000000119
39709  43.343  -34.208  36.861 0.8000000119
40686  43.719  -33.369  36.570 0.6999999881
39720  43.038  -33.768  36.104 0.8000000119
40721  42.404  -33.239  34.589 0.6999999881
40735  42.100  -33.018  33.838 0.6999999881
40745  41.794  -32.815  33.154 0.6999999881
41575  41.523  -32.682  32.513 0.6999999881
41592  41.291  -32.542  31.903 0.6999999881
42450  40.773  -32.140  30.675 0.6999999881
41619  40.174  -32.503  30.289 0.6999999881
42465  41.095  -31.391  30.457 0.6000000238
42466  40.484  -31.745  30.041 0.5000000000
42480  39.427  -31.627  29.063 0.3000000119
125061  38.855  -31.889  28.748 0.3000000119
43338  39.036  -31.157  28.494 0.3000000119
47295  45.144  -26.821  24.559 0.3000000119
43349  39.297  -30.313  28.149 0.3000000119
47286  43.072  -26.020  25.168 0.2000000030
43366  37.802  -30.337  27.379 0.2000000030
40561  47.558  -33.345  43.101 0.6999999881
40595  47.461  -33.514  41.613 0.8000000119
40608  46.471  -33.507  40.371 0.8000000119
40648  45.337  -33.187  38.748 0.8000000119
40667  44.812  -33.181  37.995 0.8000000119
41486  44.738  -32.573  37.404 0.6999999881
119075  44.258  -32.695  36.724 0.6999999881
40668  44.308  -33.271  37.285 0.8000000119
40705  43.293  -33.141  35.753 0.6999999881
41524  43.498  -32.467  35.498 0.6999999881
41542  42.968  -32.489  34.776 0.6999999881
41560  42.750  -32.253  34.148 0.6999999881
42413  42.098  -31.700  32.338 0.6999999881
41574  42.001  -32.387  32.836 0.6999999881
41591  41.695  -32.293  32.259 0.6999999881
43278  41.596  -31.133  31.025 0.6999999881
43297  41.397  -30.571  30.318 0.5000000000
43318  40.839  -30.776  29.706 0.4000000060
43337  40.360  -30.507  29.055 0.5000000000
125128  39.741  -30.779  28.749 0.4000000060
43317  49.194  -30.624  29.286 0.1000000015
47283  45.816  -26.548  25.497 0.2000000030
47284  44.941  -26.182  25.235 0.3000000119
44247  47.956  -29.750  27.273 0.1000000015
45268  47.392  -28.403  26.288 0.1000000015
46285  47.114  -27.414  26.172 0.1000000015
46293  46.457  -27.245  25.464 0.2000000030
124150  45.332  -25.965  26.027 0.3000000119
47285  44.031  -25.989  25.187 0.3000000119
47277  42.607  -26.164  26.126 0.4000000060
46276  41.676  -27.024  27.208 0.3000000119
46286  40.593  -27.418  26.314 0.2000000030
44265  39.086  -29.011  27.113 0.2000000030
47287  42.061  -26.371  25.246 0.2000000030
46295  41.102  -26.799  25.662 0.2000000030
124454  48.047  -31.975  43.347 0.6999999881
41414  48.038  -32.774  42.468 0.6999999881
40607  47.071  -33.488  41.027 0.8000000119
41455  46.506  -32.490  39.796 0.8000000119
41469  45.836  -32.470  38.928 0.8000000119
116739  45.156  -31.901  37.580 0.6000000238
41502  44.628  -32.067  36.887 0.6999999881
42341  45.000  -31.379  37.080 0.6999999881
41503  44.127  -32.224  36.219 0.6999999881
42359  43.942  -31.744  35.693 0.6999999881
42379  43.309  -31.869  34.852 0.6999999881
42398  42.513  -31.888  33.306 0.6999999881
41573  50.811  -32.299  32.464 0.1000000015
112166  42.875  -31.081  33.684 0.6999999881
43246  42.551  -31.010  32.795 0.6999999881
40753  50.414  -32.847  32.082 0.1000000015
44140  42.719  -30.208  33.356 0.6999999881
44157  42.432  -30.034  32.516 0.6999999881
43260  42.233  -30.762  32.021 0.6999999881
41589  50.504  -32.145  31.740 0.1000000015
116811  42.573  -29.299  33.074 0.6999999881
44175  42.162  -29.867  31.736 0.6000000238
43296  41.712  -30.334  30.792 0.6000000238
41590  50.220  -31.995  31.149 0.1000000015
42448  50.052  -31.335  30.652 0.1000000015
117734  41.943  -28.591  31.639 0.6999999881
45211  41.984  -29.196  31.513 0.6000000238
44190  41.845  -29.636  30.999 0.6000000238
44209  41.275  -29.934  29.708 0.5000000000
42463  49.611  -30.958  29.929 0.1000000015
46202  41.745  -27.918  31.273 0.6000000238
46223  41.586  -28.048  30.273 0.5000000000
121022  41.436  -29.318  29.825 0.4000000060
44229  40.844  -29.900  29.050 0.4000000060
44208  49.235  -29.696  29.253 0.1000000015
113413  41.630  -27.069  30.740 0.5000000000
47202  41.572  -27.017  29.751 0.4000000060
46245  41.517  -27.800  29.251 0.4000000060
45238  40.855  -29.045  28.374 0.4000000060
44248  40.269  -29.130  27.828 0.2000000030
43335  48.784  -30.343  28.639 0.1000000015
47217  41.842  -26.045  29.318 0.5000000000
46244  41.688  -26.976  28.823 0.5000000000
46263  41.485  -27.673  28.405 0.4000000060
45255  40.641  -28.385  27.517 0.2000000030
44228  48.812  -29.415  28.586 0.1000000015
45252  48.352  -28.078  27.894 0.1000000015
46284  47.714  -27.537  27.151 0.1000000015
47273  46.618  -26.687  26.249 0.2000000030
47274  45.953  -26.062  26.659 0.2000000030
48258  43.959  -25.485  27.163 0.3000000119
47258  42.874  -25.935  27.050 0.4000000060
47259  42.173  -26.440  27.539 0.4000000060
119365  41.168  -27.715  27.337 0.2000000030
45256  39.905  -28.737  27.267 0.2000000030
44246  48.432  -29.088  27.867 0.1000000015
47272  47.209  -26.815  26.843 0.1000000015
47257  45.909  -25.495  27.767 0.2000000030
48257  45.103  -25.611  26.998 0.3000000119
48238  43.868  -25.108  27.938 0.5000000000
46277  40.771  -27.773  26.948 0.2000000030
45269  40.227  -28.045  26.813 0.2000000030
47255  47.401  -26.493  27.777 0.1000000015
48217  46.339  -25.180  28.213 0.2000000030
48237  44.785  -25.118  27.768 0.4000000060
47256  46.828  -25.722  28.109 0.1000000015
52842  52.842  -20.588  26.265 0.4000000060
41426  48.321  -32.160  42.020 0.6999999881
41438  48.090  -32.104  41.534 0.8000000119
116850  47.829  -31.788  40.957 0.8000000119
116962  48.554  -30.908  42.533 0.6999999881
42268  48.518  -31.379  42.063 0.6999999881
42290  48.212  -31.376  41.336 0.8000000119
42304  46.851  -31.437  39.628 0.8000000119
42316  45.768  -31.706  38.348 0.6999999881
42328  46.018  -30.989  38.273 0.6999999881
42329  45.548  -31.194  37.737 0.6999999881
42342  44.489  -31.560  36.396 0.6999999881
43202  44.853  -30.811  36.589 0.6000000238
42378  43.761  -31.146  35.259 0.6999999881
42397  42.936  -31.668  34.102 0.6999999881
122085  44.106  -29.033  35.211 0.6999999881
44120  44.080  -29.804  35.390 0.6999999881
43228  43.612  -30.408  34.962 0.6999999881
110559  43.283  -31.106  34.507 0.6999999881
42411  51.252  -31.559  32.680 0.1000000015
45144  43.990  -28.360  34.694 0.8000000119
44121  43.553  -29.413  34.670 0.6999999881
44139  42.937  -29.415  33.857 0.6999999881
43245  43.136  -30.299  34.183 0.6999999881
42412  50.869  -31.590  32.049 0.1000000015
47166  43.938  -27.491  34.039 0.8000000119
46168  43.156  -27.883  33.420 0.8000000119
43277  41.948  -30.508  31.349 0.6999999881
43257  52.161  -29.993  32.794 0.1000000015
47165  44.660  -26.782  34.452 0.8000000119
47176  43.453  -26.918  33.274 0.8000000119
45176  42.595  -28.366  32.858 0.6999999881
47175  44.198  -26.422  33.733 0.8000000119
46183  42.436  -27.047  32.222 0.6999999881
43295  50.072  -30.317  30.444 0.1000000015
48179  42.503  -25.445  31.626 0.6000000238
47184  42.446  -26.300  31.925 0.6000000238
43316  49.652  -30.009  29.863 0.1000000015
49122  42.261  -24.543  30.335 0.5000000000
48190  41.892  -25.497  30.218 0.5000000000
45224  49.182  -28.778  29.207 0.1000000015
46260  49.040  -27.922  29.124 0.1000000015
118815  48.693  -27.138  29.067 0.1000000015
50022  42.588  -23.747  29.955 0.5000000000
45236  48.747  -28.497  28.555 0.1000000015
129693  48.623  -27.714  28.602 0.1000000015
47236  48.293  -26.352  28.930 0.1000000015
48215  47.883  -25.706  28.724 0.1000000015
131143  43.474  -23.647  28.124 0.5000000000
49145  42.589  -24.452  28.786 0.5000000000
46261  48.088  -27.030  28.375 0.1000000015
47237  47.551  -26.052  28.556 0.1000000015
49142  46.290  -24.885  28.233 0.1000000015
49160  44.651  -24.048  27.774 0.4000000060
49144  43.057  -24.275  28.283 0.5000000000
48216  47.070  -25.304  28.363 0.1000000015
48218  45.448  -24.904  27.996 0.3000000119
49161  43.738  -24.279  28.071 0.5000000000
125092  51.685  -21.281  25.404 0.3000000119
51909  52.468  -21.105  25.534 0.2000000030
43146  48.316  -30.576  41.138 0.8000000119
43147  47.862  -30.538  40.473 0.8000000119
43161  47.348  -30.643  39.754 0.8000000119
44023  48.740  -29.122  42.231 0.6999999881
43160  48.204  -29.906  40.716 0.8000000119
113097  47.667  -29.832  39.922 0.8000000119
44069  46.785  -29.732  38.703 0.8000000119
44082  45.848  -29.908  37.460 0.8000000119
43214  45.283  -30.030  36.795 0.6999999881
44043  48.457  -29.321  41.083 0.8000000119
45069  48.323  -28.636  40.788 0.8000000119
44081  46.366  -29.799  38.115 0.8000000119
44095  45.689  -29.233  37.039 0.8000000119
44105  45.107  -29.278  36.397 0.6999999881
45132  44.526  -28.392  35.337 0.6999999881
42396  51.808  -31.532  33.550 0.1000000015
47183  42.983  -26.531  32.594 0.6999999881
42429  50.598  -31.189  31.446 0.1000000015
42447  50.472  -30.495  30.966 0.1000000015
48171  43.019  -25.681  32.313 0.6000000238
44207  49.639  -29.030  29.944 0.1000000015
46243  49.272  -27.355  29.578 0.1000000015
49158  46.940  -24.193  27.408 0.1000000015
52843  51.820  -20.748  26.227 0.4000000060
52841  53.721  -20.399  26.269 0.3000000119
115563  48.696  -28.045  42.054 0.6999999881
44056  48.038  -29.242  40.413 0.8000000119
44068  47.260  -29.299  39.180 0.8000000119
123671  48.560  -27.881  41.337 0.8000000119
44057  47.677  -29.117  39.799 0.8000000119
124946  47.210  -28.643  38.873 0.8000000119
45103  46.569  -28.359  37.846 0.8000000119
51848  45.766  -21.515  30.136 0.6000000238
124555  45.292  -21.773  30.753 0.6000000238
45080  47.871  -28.591  40.071 0.8000000119
113969  47.409  -28.070  38.951 0.8000000119
45117  46.082  -28.446  37.202 0.8000000119
45118  45.541  -28.471  36.557 0.8000000119
129166  45.617  -21.893  31.448 0.6999999881
47133  46.622  -27.009  37.493 0.8000000119
47143  46.274  -26.802  36.768 0.8999999762
46143  45.449  -27.759  36.065 0.8000000119
46144  44.999  -27.706  35.463 0.8000000119
47142  46.765  -26.235  37.249 0.8999999762
47152  46.073  -26.248  35.923 0.8999999762
47153  45.598  -26.618  35.460 0.8999999762
116716  45.376  -27.212  35.618 0.8999999762
48152  45.643  -25.601  34.529 0.8999999762
47164  45.317  -26.315  34.822 0.8000000119
51849  44.960  -21.707  29.898 0.6000000238
49100  45.526  -24.643  33.693 0.8000000119
48161  44.493  -25.529  33.520 0.8000000119
51865  44.709  -21.765  29.010 0.5000000000
51864  45.452  -21.517  29.281 0.6000000238
51863  46.260  -21.312  29.477 0.6000000238
51877  44.698  -21.932  28.173 0.5000000000
113332  45.879  -21.389  28.597 0.6000000238
43258  51.692  -30.727  32.728 0.1000000015
51875  46.206  -21.332  27.868 0.6000000238
44156  51.940  -29.334  32.314 0.1000000015
45174  52.350  -28.828  32.390 0.1000000015
45175  51.783  -28.887  31.952 0.1000000015
109172  46.790  -21.577  26.436 0.6000000238
45194  51.885  -28.446  31.751 0.1000000015
46201  51.334  -27.986  31.251 0.1000000015
115567  46.738  -22.774  26.249 0.2000000030
46218  53.042  -27.495  30.945 0.1000000015
47199  51.567  -27.075  30.388 0.1000000015
47234  51.571  -26.287  28.963 0.1000000015
48212  51.102  -25.884  28.374 0.1000000015
48213  50.140  -25.784  28.540 0.1000000015
49157  48.135  -24.737  27.739 0.1000000015
50094  47.418  -22.709  25.814 0.2000000030
116540  50.738  -25.584  27.811 0.1000000015
48234  50.067  -25.356  27.584 0.1000000015
49168  49.372  -24.405  26.213 0.2000000030
50066  48.774  -23.673  25.696 0.2000000030
51019  48.616  -22.076  25.001 0.3000000119
129604  49.246  -22.091  24.821 0.2000000030
51937  49.287  -21.641  25.155 0.3000000119
52816  53.205  -20.095  27.007 0.3000000119
52815  54.040  -19.786  26.945 0.3000000119
52814  54.957  -19.664  27.128 0.4000000060
47116  48.397  -27.183  40.820 0.6999999881
47121  47.998  -26.887  40.125 0.6999999881
46104  47.772  -27.412  39.680 0.8000000119
47126  47.742  -26.713  39.300 0.8000000119
48122  47.226  -25.851  37.738 0.8999999762
49998  47.096  -23.089  33.856 0.8000000119
50921  46.874  -22.612  33.185 0.8000000119
50930  46.586  -22.122  32.507 0.8000000119
50938  46.304  -21.766  31.779 0.6999999881
51834  46.070  -21.597  30.981 0.6999999881
48133  47.049  -25.325  36.961 0.8999999762
51847  46.589  -21.358  30.381 0.6999999881
48143  46.419  -25.468  35.633 0.8999999762
49999  46.284  -23.385  33.392 0.8000000119
49092  45.953  -24.907  34.225 0.8999999762
49108  43.680  -24.451  32.414 0.6999999881
50931  45.669  -22.347  32.158 0.6999999881
51862  47.069  -21.078  29.746 0.6999999881
44188  50.506  -29.600  30.870 0.1000000015
124779  44.848  -22.307  31.367 0.5000000000
43259  51.144  -30.815  32.055 0.1000000015
51874  46.772  -21.045  28.689 0.6999999881
43275  51.512  -29.932  32.080 0.1000000015
108416  46.964  -21.055  27.461 0.6000000238
45195  51.393  -28.686  31.539 0.1000000015
48200  49.836  -26.313  29.371 0.1000000015
44173  51.477  -29.239  31.800 0.1000000015
46220  51.021  -27.417  30.742 0.1000000015
47215  50.388  -26.701  29.902 0.1000000015
123991  48.142  -21.249  26.074 0.4000000060
51911  48.907  -21.129  25.969 0.4000000060
52844  50.861  -20.765  26.610 0.3000000119
124654  51.550  -20.600  27.394 0.5000000000
52817  52.423  -20.435  27.188 0.5000000000
47115  48.710  -26.912  41.568 0.6999999881
48099  48.970  -25.922  41.718 0.6999999881
48106  48.079  -25.757  39.691 0.8000000119
49977  47.685  -23.793  36.009 0.8999999762
49976  48.157  -23.432  36.651 0.8999999762
50902  48.518  -22.291  35.453 0.8999999762
48112  47.745  -25.901  38.883 0.8000000119
49985  47.515  -23.657  35.360 0.8000000119
49984  47.811  -22.877  35.043 0.8000000119
49991  47.702  -22.674  34.287 0.8000000119
50929  47.393  -21.958  32.856 0.8000000119
51820  47.145  -21.651  32.066 0.8000000119
49992  47.234  -23.552  34.593 0.8000000119
124129  46.730  -23.778  34.028 0.8000000119
49084  46.792  -24.754  35.305 0.8999999762
51833  46.880  -21.465  31.241 0.6999999881
51846  47.419  -21.186  30.634 0.6999999881
50006  45.515  -23.155  32.743 0.6999999881
115167  48.605  -21.145  31.793 0.6999999881
51861  47.889  -20.889  30.000 0.6999999881
43276  50.947  -30.085  31.475 0.1000000015
45209  50.411  -28.309  30.727 0.1000000015
52765  48.773  -20.774  30.118 0.6999999881
52781  48.259  -20.689  29.272 0.6999999881
131127  51.248  -29.584  31.659 0.1000000015
44174  51.008  -29.186  31.367 0.1000000015
116569  50.616  -28.870  30.955 0.1000000015
52780  49.150  -20.612  29.308 0.6999999881
52796  48.588  -20.598  28.465 0.6000000238
45196  50.905  -28.447  31.145 0.1000000015
46221  50.714  -27.815  30.803 0.1000000015
52795  49.511  -20.560  28.493 0.6999999881
52820  48.964  -20.591  27.633 0.6000000238
52794  50.427  -20.593  28.486 0.6999999881
52818  50.715  -20.627  27.618 0.6000000238
52791  52.983  -20.225  28.120 0.6000000238
53766  53.612  -19.781  27.622 0.5000000000
53765  54.366  -19.547  27.775 0.5000000000
111228  56.564  -18.915  29.009 0.5000000000
53764  56.733  -19.335  28.196 0.4000000060
130439  55.489  -19.337  28.194 0.4000000060
53746  58.787  -18.757  29.185 0.3000000119
53747  57.736  -18.810  29.163 0.3000000119
48990  49.437  -24.620  43.687 0.5000000000
48092  49.229  -25.524  42.506 0.6999999881
128117  49.207  -25.276  41.841 0.6000000238
49046  49.036  -24.052  40.502 0.6000000238
49944  48.880  -23.545  39.471 0.8000000119
49958  48.676  -23.401  38.520 0.8999999762
49957  49.236  -22.488  38.088 0.8999999762
48100  48.553  -26.122  40.761 0.6000000238
49047  48.439  -24.550  39.613 0.8000000119
130575  48.361  -24.129  38.889 0.8999999762
49968  48.460  -23.410  37.592 0.8999999762
49967  48.946  -22.417  37.183 0.8999999762
50888  49.865  -21.780  36.754 0.8999999762
49063  47.561  -24.906  37.458 0.8999999762
49074  47.952  -24.131  37.239 0.8999999762
50909  49.202  -21.656  35.079 0.8000000119
48142  46.870  -24.961  36.133 0.8999999762
49090  47.122  -24.165  35.082 0.8000000119
50918  48.964  -21.553  34.330 0.8999999762
51805  48.881  -21.391  33.607 0.8000000119
51819  47.991  -21.517  32.365 0.8000000119
49091  46.655  -24.400  34.554 0.8000000119
51794  49.895  -21.184  34.710 0.8999999762
119549  49.532  -21.034  34.044 0.8000000119
51818  48.812  -21.234  32.759 0.8000000119
50000  45.346  -23.979  33.237 0.8000000119
51817  49.748  -20.838  33.285 0.8000000119
51816  50.832  -20.653  33.266 0.8999999762
114254  50.256  -20.686  32.655 0.6999999881
110853  50.236  -20.667  31.814 0.6999999881
51843  50.325  -20.659  30.865 0.6999999881
127203  49.712  -26.951  29.873 0.1000000015
51859  50.600  -20.628  30.030 0.6999999881
130295  51.070  -20.570  30.673 0.6999999881
46222  50.143  -27.659  30.396 0.1000000015
52779  50.066  -20.617  29.292 0.6999999881
52778  50.980  -20.617  29.278 0.6999999881
52793  51.312  -20.607  28.420 0.6999999881
52792  52.174  -20.537  28.250 0.6000000238
52776  53.316  -20.298  29.262 0.6000000238
53750  53.742  -19.757  28.430 0.6000000238
53749  54.620  -19.388  28.721 0.6000000238
125508  49.775  -23.739  43.403 0.4000000060
49013  49.654  -24.466  42.951 0.5000000000
49024  49.500  -24.517  41.939 0.6000000238
128435  49.330  -24.244  41.227 0.6000000238
112729  49.761  -22.855  40.219 0.8000000119
50833  50.499  -21.948  39.424 0.8999999762
50852  50.367  -21.902  38.515 0.8999999762
50869  50.164  -21.828  37.626 0.8999999762
50887  51.199  -21.736  37.187 0.8999999762
50886  52.574  -21.781  37.741 0.8999999762
51780  50.307  -21.454  35.495 0.8999999762
50900  50.754  -21.640  36.330 0.8999999762
51779  51.387  -21.519  35.890 0.8999999762
118706  52.363  -21.518  36.244 0.8999999762
51804  50.607  -20.774  34.187 0.8999999762
123866  51.802  -21.443  35.450 0.8999999762
51830  50.986  -20.585  32.422 0.6999999881
51829  51.760  -20.564  31.932 0.6999999881
116166  51.031  -20.554  31.474 0.6999999881
51857  52.207  -20.550  30.380 0.6999999881
51858  51.462  -20.580  30.104 0.6999999881
52777  52.716  -20.541  29.830 0.6999999881
109047  51.961  -20.579  29.341 0.6000000238
110135  52.659  -20.465  28.973 0.6999999881
53734  53.984  -19.783  29.198 0.8000000119
54698  57.671  -18.447  30.143 0.5000000000
55644  59.054  -17.440  30.052 0.4000000060
54680  59.397  -17.670  30.248 0.5000000000
54697  59.023  -18.187  30.224 0.5000000000
50851  51.693  -21.796  38.810 0.8000000119
50867  52.713  -22.000  38.443 0.8999999762
129132  53.344  -22.027  38.301 1.0000000000
51760  52.879  -21.508  37.215 1.0000000000
109471  52.529  -21.505  35.438 1.0000000000
51802  52.479  -21.331  34.438 0.8999999762
51814  52.599  -20.978  33.413 0.8999999762
53697  57.199  -19.037  33.793 1.0000000000
51828  52.567  -20.680  32.260 0.6999999881
54632  57.751  -17.519  33.622 0.8999999762
54633  57.361  -18.419  34.226 0.8999999762
53698  56.559  -19.461  33.000 0.8999999762
52736  55.700  -20.490  33.109 0.8999999762
52748  55.039  -20.540  32.167 0.8999999762
56454  57.725  -16.975  33.967 0.8000000119
54647  57.375  -18.395  32.829 0.8999999762
53709  55.692  -19.866  32.077 0.8999999762
52764  52.822  -20.560  30.700 0.6999999881
55594  58.193  -16.980  32.952 0.8000000119
54646  57.973  -17.499  32.776 0.8999999762
127853  53.252  -20.512  30.182 0.8000000119
122588  57.928  -17.715  31.967 0.8000000119
54657  56.585  -18.664  31.949 0.8000000119
53710  54.902  -20.213  31.377 0.8999999762
114962  54.256  -20.384  30.932 0.8000000119
55613  58.485  -17.171  31.343 0.6999999881
129069  57.353  -18.286  31.591 0.6999999881
53719  55.447  -19.106  31.199 0.8000000119
53720  54.723  -19.743  30.536 0.6999999881
52762  53.962  -20.244  30.079 0.8000000119
54666  58.671  -17.457  30.867 0.6000000238
54667  58.038  -17.940  31.269 0.6999999881
54668  56.529  -18.548  31.125 0.6000000238
53732  55.517  -18.819  30.353 0.6000000238
54682  58.349  -18.018  30.931 0.6999999881
54683  56.925  -18.470  30.613 0.6000000238
53748  55.783  -18.831  29.474 0.6000000238
54681  58.917  -17.726  30.726 0.5000000000
50830  53.174  -21.755  39.074 0.6999999881
50848  53.783  -21.953  38.635 0.6999999881
51738  53.420  -22.064  37.837 0.8999999762
51759  53.469  -21.474  37.572 1.0000000000
126850  53.341  -21.421  36.498 1.0000000000
110664  53.408  -21.564  35.268 1.0000000000
51801  53.889  -21.528  34.436 1.0000000000
126321  53.163  -21.407  34.170 1.0000000000
51813  53.498  -21.283  33.477 1.0000000000
56443  56.855  -16.078  35.535 0.8000000119
55581  57.093  -16.797  34.874 0.8999999762
52724  56.685  -20.101  34.203 1.0000000000
110841  54.696  -20.919  32.804 1.0000000000
52737  53.864  -21.056  32.709 1.0000000000
52750  53.351  -20.739  32.012 0.8999999762
56432  56.576  -15.505  36.022 0.8000000119
56455  57.198  -16.424  34.510 0.8000000119
52749  54.205  -20.695  31.820 1.0000000000
57290  56.705  -15.518  35.153 0.8000000119
57317  57.055  -15.981  33.885 0.6999999881
56468  57.815  -16.704  33.407 0.6999999881
52763  53.517  -20.575  31.033 0.8000000119
116075  58.254  -16.863  32.555 0.8000000119
55600  58.518  -17.002  32.084 0.6999999881
129676  56.317  -15.719  33.203 0.6999999881
56469  57.273  -16.358  32.723 0.8000000119
56481  58.197  -16.823  31.975 0.6999999881
55614  58.475  -17.116  31.393 0.6999999881
55628  58.253  -17.272  30.792 0.6000000238
119645  58.915  -17.574  30.622 0.5000000000
57283  55.073  -15.634  36.194 0.6000000238
118523  54.734  -14.738  36.366 0.6000000238
108680  53.592  -21.364  37.527 0.8999999762
52664  54.237  -21.090  36.770 0.8999999762
56434  55.910  -16.076  36.092 0.8000000119
55572  55.916  -16.884  35.448 0.8999999762
54621  55.859  -18.195  34.958 0.8000000119
53658  56.115  -19.436  35.544 0.8000000119
53636  56.101  -20.319  36.006 0.8999999762
51756  55.493  -21.122  36.464 0.8999999762
51777  55.052  -21.500  36.119 1.0000000000
51778  54.168  -21.475  36.217 0.8999999762
55560  56.302  -16.352  35.767 0.8999999762
116429  56.383  -17.128  35.178 0.8999999762
54620  56.488  -18.473  35.078 0.8999999762
53657  56.686  -19.860  35.334 1.0000000000
52686  56.176  -20.845  36.184 1.0000000000
51790  55.951  -21.222  35.224 1.0000000000
51791  55.230  -21.526  35.350 1.0000000000
57282  55.906  -15.150  36.324 0.6999999881
56433  56.440  -15.915  36.032 0.8999999762
55571  56.636  -16.495  35.484 0.8999999762
109388  56.726  -17.441  34.920 0.8999999762
53680  57.058  -19.432  34.714 1.0000000000
119357  56.767  -20.136  35.106 1.0000000000
52710  56.443  -20.675  35.120 1.0000000000
51812  54.410  -21.361  33.672 1.0000000000
58169  55.185  -14.152  36.305 0.6999999881
52725  55.906  -20.880  34.288 1.0000000000
129841  55.203  -21.122  33.597 1.0000000000
58168  55.798  -14.315  36.170 0.6999999881
57291  56.280  -14.813  35.947 0.8000000119
57303  56.256  -14.541  35.013 0.6999999881
57318  56.282  -15.143  34.049 0.6999999881
57304  55.690  -14.282  34.048 0.6999999881
57327  55.774  -15.898  32.301 0.8000000119
56482  56.604  -16.426  31.741 0.6999999881
56496  57.464  -16.761  31.341 0.6999999881
56483  55.156  -16.056  31.339 0.6999999881
56497  55.958  -16.561  30.929 0.6999999881
55615  57.113  -16.907  30.746 0.6000000238
56507  55.439  -16.703  30.101 0.6000000238
52689  53.721  -20.631  36.523 0.4000000060
53659  55.468  -19.252  35.292 0.6999999881
53637  55.403  -20.177  35.952 0.6999999881
52688  54.779  -20.854  36.693 0.6999999881
52665  53.951  -21.160  37.092 0.6000000238
57284  53.584  -14.525  36.100 0.3000000119
57292  54.142  -15.229  36.026 0.4000000060
56444  54.923  -16.677  35.302 0.8000000119
109333  55.017  -21.074  36.700 0.8000000119
58171  52.977  -13.786  36.034 0.3000000119
58170  54.128  -13.913  36.340 0.6000000238
58181  55.394  -13.602  36.051 0.5000000000
58192  55.864  -13.940  35.610 0.5000000000
128190  55.881  -13.967  34.848 0.6999999881
57319  55.332  -14.988  32.909 0.8000000119
57328  54.686  -15.356  31.818 0.8000000119
57345  54.645  -16.210  30.439 0.6999999881
56521  54.286  -16.748  28.655 0.6000000238
53661  53.171  -19.711  34.658 0.3000000119
55583  54.194  -17.424  34.185 0.6000000238
53638  54.089  -20.237  35.713 0.4000000060
56445  54.030  -16.071  35.264 0.4000000060
55582  55.159  -17.501  34.799 0.6999999881
54634  54.613  -18.092  34.240 0.6999999881
53681  54.862  -18.738  34.644 0.6999999881
53660  54.337  -19.512  34.852 0.6999999881
57285  52.319  -14.413  35.646 0.3000000119
59121  54.006  -12.507  35.967 0.5000000000
59110  53.549  -13.179  36.162 0.5000000000
59111  52.471  -13.225  35.816 0.3000000119
59120  54.950  -12.752  35.692 0.5000000000
126777  55.477  -13.333  35.622 0.5000000000
59133  54.590  -12.231  34.551 0.5000000000
59146  54.577  -13.208  33.328 0.6999999881
58203  54.747  -14.085  33.159 0.6999999881
59147  54.308  -13.162  32.526 0.6000000238
58209  54.477  -14.648  32.212 0.6999999881
58225  53.861  -14.194  31.057 0.6000000238
58243  53.734  -14.343  30.140 0.6000000238
57337  53.763  -14.943  30.485 0.6999999881
59198  53.755  -14.452  29.323 0.6000000238
115535  53.603  -15.056  29.612 0.6000000238
57346  53.857  -15.672  29.987 0.6999999881
58262  53.553  -15.117  28.761 0.6000000238
125947  53.796  -16.237  28.660 0.6999999881
56508  54.237  -16.372  29.457 0.6000000238
110246  53.509  -15.960  27.236 0.5000000000
56533  53.737  -16.465  27.931 0.6000000238
56456  53.883  -16.773  34.373 0.5000000000
57293  52.996  -15.401  35.289 0.4000000060
59971  53.027  -12.502  35.772 0.2000000030
59112  51.448  -13.428  35.392 0.3000000119
59972  52.044  -12.676  35.425 0.3000000119
59986  54.158  -12.153  35.309 0.5000000000
59987  53.503  -11.897  35.334 0.4000000060
60873  53.951  -11.502  34.599 0.4000000060
113571  54.339  -11.512  34.035 0.5000000000
59173  54.068  -13.453  30.704 0.6000000238
58261  53.937  -14.473  28.501 0.5000000000
58273  54.231  -14.509  27.645 0.4000000060
58274  53.642  -15.194  27.883 0.4000000060
57377  53.863  -15.213  26.918 0.4000000060
61823  54.210  -10.000  32.956 0.4000000060
61822  54.635  -10.249  32.886 0.3000000119
61806  54.035  -10.387  33.462 0.4000000060
129150  55.064  -9.655  32.532 0.3000000119
130666  53.482  -10.576  33.622 0.2000000030
60910  54.646  -11.068  33.424 0.4000000060
60918  55.486  -9.892  32.413 0.3000000119
60919  55.077  -10.805  32.815 0.3000000119
109493  54.687  -11.656  32.863 0.4000000060
29361  27.241  -44.552  42.602 0.6000000238
30243  26.364  -44.054  40.367 0.6000000238
29372  26.813  -44.286  40.873 0.6000000238
31060  25.465  -43.325  38.429 0.6999999881
31762  26.081  -43.096  49.221 0.2000000030
30099  26.013  -45.191  49.760 0.2000000030
26571  25.053  -47.571  48.746 0.3000000119
27409  26.517  -47.129  48.903 0.2000000030
28338  27.039  -46.611  49.031 0.2000000030
27448  24.541  -46.770  47.446 0.5000000000
26570  25.729  -47.301  48.664 0.3000000119
28371  25.777  -46.451  46.906 0.6000000238
28387  24.488  -45.872  46.476 0.6000000238
28406  24.974  -45.203  46.056 0.6000000238
44155  52.585  -29.403  32.945 0.1000000015
127522  43.677  -25.880  32.999 0.8000000119
48170  43.489  -25.157  32.562 0.6000000238
48178  43.024  -24.864  32.057 0.6000000238
50013  43.482  -23.309  31.286 0.5000000000
51913  46.083  -21.981  26.448 0.5000000000
50996  46.835  -22.103  25.927 0.5000000000
51889  46.102  -21.599  27.034 0.6000000238
49170  47.674  -24.220  27.017 0.1000000015
51890  45.494  -22.061  26.964 0.5000000000
50947  44.127  -22.216  29.642 0.5000000000
50007  44.043  -23.586  32.144 0.5000000000
50055  45.376  -23.205  27.072 0.4000000060
45223  49.455  -28.147  29.734 0.1000000015
50054  46.275  -23.540  26.943 0.1000000015
47216  49.004  -26.636  29.296 0.1000000015
48235  49.400  -25.464  28.232 0.1000000015
48214  49.216  -25.912  28.930 0.1000000015
50932  44.813  -22.928  32.153 0.6000000238
50948  43.907  -22.586  30.694 0.5000000000
49107  44.445  -24.199  32.811 0.6999999881
45210  49.880  -28.260  30.304 0.1000000015
46242  49.673  -27.639  30.043 0.1000000015
130897  49.241  -26.378  29.323 0.1000000015
50068  46.123  -22.581  26.488 0.2000000030
49099  46.123  -24.215  33.843 0.8000000119
115262  13.762  -50.822  47.160 0.1000000015
24951  14.001  -50.193  45.852 0.1000000015
119267  13.575  -48.529  46.716 0.1000000015
26592  14.332  -49.211  45.075 0.2000000030
28380  13.118  -46.574  46.966 0.3000000119
28365  12.982  -45.163  48.290 0.3000000119
28409  13.195  -46.346  43.886 0.3000000119
30077  17.216  -43.345  52.833 0.4000000060
30104  15.287  -43.605  50.782 0.3000000119
30128  14.187  -43.713  48.291 0.3000000119
128269  13.192  -45.587  44.925 0.3000000119
30185  13.349  -44.757  44.179 0.4000000060
119373  13.372  -44.662  42.946 0.4000000060
28499  21.398  -46.320  31.084 0.3000000119
29373  13.453  -45.216  41.231 0.2000000030
125629  13.491  -44.493  40.751 0.2000000030
30247  13.522  -44.302  40.077 0.3000000119
30254  13.702  -43.988  39.243 0.3000000119
115227  17.113  -42.766  35.251 0.3000000119
110685  14.816  -43.621  47.736 0.3000000119
30154  14.264  -43.684  46.171 0.4000000060
28478  26.671  -46.686  33.482 0.2000000030
28471  28.232  -46.306  34.549 0.1000000015
28487  25.520  -46.224  32.364 0.2000000030
28497  23.312  -46.487  31.189 0.3000000119
30999  13.636  -43.899  42.860 0.4000000060
29391  17.665  -45.325  35.560 0.2000000030
30258  13.898  -44.191  38.278 0.2000000030
31848  14.785  -42.682  40.664 0.3000000119
30911  19.301  -43.814  52.194 0.4000000060
30083  19.953  -44.377  52.093 0.4000000060
29234  18.775  -45.085  51.558 0.4000000060
28354  18.831  -44.959  48.518 0.3000000119
116446  27.361  -45.173  33.698 0.1000000015
29405  27.885  -45.572  34.182 0.1000000015
30152  16.417  -43.565  46.862 0.4000000060
29424  23.739  -45.787  30.958 0.2000000030
29436  21.733  -44.984  30.529 0.3000000119
30318  21.313  -44.455  30.759 0.3000000119
30998  14.234  -43.357  42.825 0.3000000119
31980  19.707  -43.005  32.432 0.3000000119
31087  16.326  -43.209  35.613 0.3000000119
28292  20.150  -45.316  51.859 0.4000000060
27396  20.339  -46.318  51.156 0.4000000060
29398  28.678  -45.590  34.736 0.1000000015
28362  19.684  -45.430  47.834 0.4000000060
29300  17.690  -43.685  46.759 0.3000000119
30182  16.749  -43.189  44.772 0.4000000060
31992  20.879  -43.148  31.809 0.3000000119
30285  31.197  -43.782  34.537 0.2000000030
31991  21.442  -43.054  31.330 0.3000000119
128913  21.181  -42.831  31.889 0.3000000119
31962  21.351  -42.308  33.412 0.3000000119
28377  20.583  -45.551  47.043 0.4000000060
28392  20.210  -45.033  46.316 0.4000000060
129496  28.759  -45.063  47.858 0.2000000030
129930  21.589  -45.630  51.111 0.4000000060
27459  28.539  -46.805  46.480 0.6000000238
31127  23.420  -43.549  30.254 0.2000000030
116308  22.580  -42.525  35.725 0.4000000060
29312  19.886  -44.523  45.639 0.5000000000
31941  21.135  -42.082  34.732 0.4000000060
124527  19.554  -43.678  44.399 0.5000000000
29347  19.868  -44.067  44.812 0.5000000000
31928  21.108  -41.922  35.634 0.4000000060
119002  19.666  -43.244  43.658 0.5000000000
28323  22.335  -46.546  50.505 0.4000000060
123847  22.445  -47.114  50.291 0.3000000119
26562  22.914  -47.875  49.551 0.4000000060
30296  27.429  -43.661  33.193 0.2000000030
28404  26.867  -45.490  45.419 0.5000000000
31950  22.353  -42.310  34.574 0.4000000060
31939  22.840  -42.485  35.268 0.4000000060
31049  24.630  -43.431  39.094 0.6000000238
127269  24.123  -42.745  37.269 0.6000000238
28359  29.160  -46.509  47.166 0.6999999881
31101  28.107  -42.988  33.645 0.2000000030
30306  26.175  -43.617  31.929 0.2000000030
27461  27.038  -46.578  46.726 0.6000000238
118922  24.106  -43.028  30.348 0.2000000030
32004  22.790  -42.246  30.477 0.2000000030
121153  21.968  -41.590  33.005 0.3000000119
29325  21.962  -44.288  45.219 0.5000000000
32965  26.548  -41.534  27.997 0.1000000015
114656  24.368  -47.834  48.757 0.4000000060
27467  29.887  -46.787  45.476 0.6999999881
124380  26.713  -45.862  45.938 0.5000000000
114939  26.107  -44.242  43.342 0.6000000238
29309  23.224  -45.034  46.029 0.5000000000
31949  23.049  -42.186  34.827 0.4000000060
32849  23.755  -42.058  35.343 0.4000000060
29252  26.351  -45.556  49.662 0.3000000119
29269  28.915  -45.351  47.738 0.2000000030
28370  29.724  -46.609  46.515 0.6999999881
26579  24.696  -47.461  48.394 0.4000000060
26568  26.809  -47.128  48.463 0.2000000030
28373  23.990  -46.375  46.891 0.5000000000
29308  24.060  -45.268  46.145 0.6000000238
121528  23.546  -41.975  30.363 0.2000000030
126520  26.037  -43.766  39.729 0.6000000238
32861  22.927  -41.392  34.264 0.4000000060
31076  24.574  -42.740  37.390 0.6000000238
116535  27.390  -44.212  40.803 0.6000000238
131163  25.068  -43.790  42.041 0.5000000000
31924  24.597  -42.542  36.847 0.4000000060
120892  26.672  -44.623  49.397 0.2000000030
129515  30.510  -46.018  46.567 0.8000000119
28369  30.515  -46.466  46.218 0.6999999881
28416  29.883  -46.243  44.189 0.6999999881
26569  26.269  -47.187  48.627 0.2000000030
27447  25.486  -46.724  47.452 0.5000000000
31974  29.190  -41.610  33.095 0.2000000030
31117  26.628  -42.478  31.836 0.2000000030
32001  25.399  -42.006  30.845 0.2000000030
32923  23.215  -41.411  30.511 0.3000000119
31047  27.053  -43.619  39.685 0.6999999881
31066  26.027  -42.991  37.924 0.6999999881
33863  27.898  -40.409  30.457 0.2000000030
129034  30.985  -46.381  46.012 0.8000000119
27455  31.783  -46.411  45.029 0.8000000119
29341  30.303  -45.874  43.727 0.6999999881
31986  30.705  -42.251  32.453 0.2000000030
32890  29.079  -41.209  32.304 0.2000000030
30190  24.357  -43.410  43.916 0.5000000000
33832  23.050  -40.392  33.769 0.4000000060
32837  24.891  -42.062  36.340 0.4000000060
35814  25.678  -37.605  29.904 0.2000000030
36686  25.126  -37.023  31.303 0.2000000030
37693  25.641  -36.330  31.468 0.2000000030
28413  32.282  -46.083  44.497 0.6999999881
30228  29.535  -44.366  41.920 0.6999999881
32889  29.722  -41.340  31.827 0.2000000030
119516  28.544  -40.957  31.773 0.2000000030
33866  24.568  -40.031  30.607 0.3000000119
33815  23.995  -41.178  35.132 0.4000000060
34804  23.588  -39.407  31.295 0.3000000119
35776  23.616  -38.903  32.470 0.4000000060
33814  24.728  -40.639  35.397 0.4000000060
38782  27.334  -34.928  30.750 0.2000000030
29336  34.246  -45.411  43.968 0.6999999881
28397  33.045  -45.781  44.837 0.6999999881
29355  32.457  -45.274  43.588 0.6999999881
29339  32.022  -45.845  43.976 0.6999999881
29357  30.642  -45.361  43.283 0.6999999881
30208  30.067  -44.823  42.637 0.6999999881
34803  24.169  -38.936  31.027 0.2000000030
36687  24.635  -37.555  31.805 0.2000000030
35734  25.729  -39.149  34.984 0.4000000060
36651  27.454  -37.213  33.883 0.3000000119
38751  30.095  -35.696  32.022 0.3000000119
29320  35.424  -45.208  44.489 0.6999999881
120565  36.237  -45.038  43.323 0.6999999881
29353  34.867  -45.047  43.387 0.6999999881
30990  32.528  -44.004  42.805 0.6999999881
31861  28.467  -42.544  39.538 0.6999999881
36669  24.673  -37.593  32.556 0.3000000119
36652  26.107  -37.122  33.452 0.3000000119
31798  37.060  -42.892  44.391 0.6999999881
31806  37.393  -43.151  43.687 0.6999999881
30972  37.125  -43.564  44.231 0.6999999881
30188  37.166  -44.752  43.355 0.6999999881
30225  34.876  -43.699  42.500 0.6999999881
30201  38.310  -44.563  42.117 0.6999999881
30224  36.230  -44.350  42.311 0.6999999881
31003  36.861  -44.151  41.712 0.6999999881
31822  35.450  -43.072  41.801 0.6999999881
36621  29.065  -37.874  35.209 0.4000000060
32744  37.159  -41.837  43.053 0.6999999881
32745  36.747  -40.865  42.915 0.8999999762
32743  37.915  -42.443  42.432 0.8999999762
32766  39.157  -41.768  40.852 0.8000000119
30220  39.059  -44.392  41.121 0.6999999881
30238  38.139  -44.517  41.319 0.6999999881
130672  37.097  -43.762  41.255 0.6999999881
31044  38.417  -44.028  40.499 0.6999999881
31834  36.760  -43.093  40.860 0.6999999881
31021  39.493  -44.039  40.565 0.8000000119
31856  38.106  -43.257  39.915 0.6999999881
33775  35.990  -40.166  38.915 0.6999999881
34730  35.089  -39.258  38.382 0.6000000238
35621  36.880  -38.993  42.584 0.6999999881
130878  39.849  -42.557  40.716 0.8000000119
31057  39.442  -43.504  39.663 0.8000000119
33779  31.465  -39.874  39.054 0.6999999881
126945  33.270  -36.722  31.620 0.4000000060
111568  34.663  -37.212  32.633 0.4000000060
36526  37.827  -37.995  42.578 0.6999999881
34713  40.688  -39.840  40.432 0.6999999881
35718  29.411  -38.721  36.590 0.5000000000
35761  35.209  -37.819  33.694 0.4000000060
32779  41.999  -42.131  39.950 0.8000000119
32794  42.481  -41.467  39.598 0.8000000119
34709  43.788  -39.508  40.200 0.6999999881
33773  42.876  -40.749  39.245 0.8000000119
32832  40.390  -41.164  36.966 0.8000000119
33797  40.823  -40.483  36.422 0.8000000119
33810  39.366  -39.797  35.780 0.8000000119
34754  38.939  -39.298  35.228 0.6999999881
33811  38.530  -39.697  35.776 0.6999999881
34772  36.795  -38.802  34.966 0.6000000238
124317  31.767  -35.444  25.936 0.2000000030
39855  30.217  -34.819  24.240 0.1000000015
39863  29.043  -34.245  22.919 0.1000000015
36536  42.161  -37.382  41.041 0.6999999881
37552  42.643  -36.765  41.449 0.6999999881
34727  42.619  -39.827  38.078 0.8000000119
35725  40.256  -38.849  35.582 0.8000000119
36661  38.415  -37.359  32.649 0.6000000238
37687  38.121  -36.765  31.130 0.5000000000
36662  37.348  -37.253  32.189 0.5000000000
37722  35.659  -35.902  29.390 0.5000000000
37703  37.204  -36.303  29.966 0.5000000000
36699  35.849  -36.558  31.070 0.5000000000
36700  34.832  -36.656  31.169 0.5000000000
37723  34.730  -35.959  29.460 0.5000000000
37739  34.397  -35.689  28.632 0.5000000000
38812  34.927  -35.380  27.941 0.5000000000
36664  35.333  -37.407  32.584 0.5000000000
119090  33.399  -35.635  27.813 0.5000000000
37740  33.618  -35.877  28.587 0.5000000000
36701  34.056  -36.656  31.165 0.5000000000
38832  33.184  -35.474  27.176 0.3000000119
38849  32.883  -35.369  26.600 0.3000000119
39839  32.876  -34.802  25.703 0.1000000015
38863  32.476  -35.241  25.961 0.1000000015
39840  32.281  -34.927  25.435 0.1000000015
40838  30.557  -33.191  23.598 0.1000000015
128926  44.739  -37.177  41.409 0.6000000238
35660  44.245  -38.907  40.456 0.8000000119
118062  41.167  -38.393  36.817 0.8000000119
36607  40.538  -38.096  36.083 0.8000000119
37648  39.382  -37.263  33.987 0.8000000119
37670  38.821  -36.562  32.644 0.8000000119
37720  37.746  -36.165  29.921 0.5000000000
37702  38.154  -36.317  30.593 0.6000000238
38795  36.837  -35.620  28.840 0.5000000000
38828  35.924  -35.126  27.796 0.5000000000
39808  35.055  -34.989  27.130 0.3000000119
39823  34.045  -34.873  26.538 0.1000000015
36560  44.756  -38.110  39.902 0.8000000119
127578  44.107  -38.254  39.123 0.8000000119
36605  41.937  -37.189  37.437 0.8000000119
38763  38.815  -35.294  31.670 0.6999999881
38778  38.394  -35.485  30.348 0.5000000000
111562  38.141  -35.196  29.634 0.5000000000
38809  37.001  -35.180  28.591 0.5000000000
39806  36.518  -34.392  27.845 0.3000000119
39821  35.233  -34.478  26.927 0.2000000030
39837  34.479  -34.424  26.431 0.2000000030
41670  32.821  -32.540  25.416 0.1000000015
122113  45.371  -37.148  40.792 0.8000000119
38651  45.791  -36.063  41.504 0.8999999762
37610  42.355  -36.551  37.497 0.8000000119
38710  41.828  -35.762  36.499 0.8000000119
39779  38.270  -34.426  29.449 0.4000000060
39791  37.852  -34.329  28.942 0.4000000060
41668  34.473  -32.753  26.273 0.1000000015
38615  45.907  -34.576  43.367 0.6000000238
38677  44.975  -36.352  39.630 0.8000000119
38690  43.878  -35.759  38.428 0.8000000119
38700  43.231  -35.747  37.898 0.8000000119
38701  42.695  -35.830  37.409 0.8000000119
38709  42.466  -35.308  36.770 0.8000000119
39732  41.552  -34.101  34.533 0.6999999881
39740  41.245  -33.786  33.753 0.8000000119
41632  38.373  -33.186  28.946 0.4000000060
41643  37.187  -32.969  27.947 0.3000000119
42494  37.182  -32.046  27.697 0.3000000119
38650  46.185  -35.486  41.306 0.8000000119
38662  45.982  -35.286  40.685 0.8000000119
38688  45.144  -35.265  39.511 0.8000000119
40706  42.725  -33.480  35.336 0.6000000238
40736  41.582  -33.236  33.426 0.6999999881
40756  40.488  -33.308  31.700 0.6999999881
41593  40.772  -32.851  31.509 0.6999999881
41607  41.040  -32.373  31.291 0.6999999881
42467  39.798  -32.138  29.670 0.5000000000
108806  37.811  -31.370  27.820 0.3000000119
39588  47.210  -34.136  42.691 0.6999999881
39628  47.212  -34.214  41.971 0.8000000119
39648  46.473  -34.700  41.090 0.8000000119
121655  46.672  -34.048  40.911 0.8000000119
39681  45.358  -34.126  39.346 0.6999999881
39696  44.882  -33.795  38.590 0.8000000119
40720  42.893  -32.945  35.041 0.6999999881
41543  42.535  -32.782  34.305 0.6999999881
41561  42.281  -32.571  33.571 0.6999999881
42449  41.236  -31.832  31.026 0.6999999881
42479  40.124  -31.274  29.382 0.5000000000
43350  38.513  -30.775  27.952 0.3000000119
44250  38.734  -29.855  27.573 0.2000000030
47276  43.528  -25.812  26.122 0.2000000030
47296  43.572  -26.322  24.279 0.2000000030
40579  47.662  -33.533  42.269 0.6999999881
41427  47.944  -32.843  41.835 0.6999999881
41440  46.971  -32.858  40.589 0.8000000119
40627  45.892  -33.276  39.554 0.8000000119
41470  45.270  -32.476  38.135 0.6999999881
40704  43.798  -32.769  36.141 0.6999999881
42430  41.564  -31.915  31.653 0.6999999881
112458  41.914  -31.232  31.657 0.6999999881
44230  40.159  -29.880  28.406 0.3000000119
47275  44.521  -25.768  26.090 0.3000000119
44249  39.592  -29.487  27.718 0.2000000030
45253  47.949  -28.717  27.117 0.1000000015
121124  42.223  -26.449  26.865 0.4000000060
47278  41.796  -26.630  26.312 0.3000000119
112972  41.192  -27.240  26.645 0.1000000015
47298  41.853  -26.449  24.400 0.1000000015
42245  48.305  -31.193  43.252 0.6999999881
41413  48.328  -31.886  42.651 0.6999999881
41439  47.571  -32.699  41.150 0.8000000119
109676  46.268  -31.841  39.078 0.8000000119
41454  47.221  -32.086  40.424 0.8000000119
45197  42.244  -29.045  32.216 0.6999999881
44191  41.571  -29.793  30.320 0.6000000238
112438  42.158  -27.934  32.121 0.6999999881
121625  41.753  -28.759  31.010 0.6000000238
45212  41.596  -29.034  30.332 0.6000000238
117128  41.237  -29.223  29.201 0.5000000000
117509  41.965  -27.053  31.597 0.6000000238
45225  41.464  -28.647  29.597 0.5000000000
47191  41.927  -26.103  31.076 0.5000000000
124145  41.683  -26.319  30.223 0.5000000000
45237  41.322  -28.443  28.785 0.4000000060
45254  41.193  -28.169  28.001 0.4000000060
48202  42.137  -24.996  29.414 0.5000000000
48220  42.333  -25.445  28.655 0.5000000000
47238  42.071  -26.321  28.349 0.5000000000
46262  41.765  -27.021  27.992 0.5000000000
126512  41.454  -27.532  27.770 0.3000000119
110881  46.671  -26.182  27.298 0.1000000015
48240  42.583  -25.837  27.899 0.4000000060
48219  42.805  -25.091  28.267 0.5000000000
48239  43.167  -25.397  27.695 0.4000000060
49162  43.290  -24.922  28.138 0.5000000000
109501  44.442  -24.815  28.005 0.4000000060
42303  47.539  -31.257  40.348 0.8000000119
43113  48.557  -30.172  43.105 0.4000000060
110075  48.631  -30.593  42.018 0.6000000238
42278  48.459  -30.969  41.649 0.8000000119
42291  47.995  -31.105  40.870 0.8000000119
43162  46.819  -30.732  39.186 0.8000000119
42315  46.387  -31.182  38.810 0.8000000119
43188  46.494  -30.429  38.583 0.8000000119
43189  45.945  -30.492  37.910 0.8000000119
43201  45.410  -30.647  37.269 0.6999999881
113776  44.346  -31.022  35.902 0.6999999881
43227  44.100  -30.530  35.528 0.6999999881
43215  44.624  -30.124  36.061 0.6999999881
44106  44.541  -29.186  35.764 0.8000000119
45145  43.364  -28.531  34.067 0.6999999881
46156  44.529  -27.591  34.841 0.8000000119
45156  42.857  -28.700  33.497 0.6999999881
47154  45.068  -27.013  35.114 0.8000000119
46182  42.792  -27.437  32.757 0.6999999881
116639  50.011  -29.540  30.360 0.1000000015
49114  42.584  -24.617  31.321 0.5000000000
123270  42.167  -25.216  30.938 0.5000000000
49121  42.769  -23.840  30.879 0.5000000000
49113  43.191  -24.064  31.751 0.5000000000
114541  43.106  -23.170  30.367 0.5000000000
50021  42.963  -23.234  29.470 0.5000000000
49131  42.397  -24.270  29.507 0.5000000000
50033  42.648  -23.810  29.230 0.5000000000
50043  43.056  -23.544  28.644 0.5000000000
50959  43.439  -22.757  28.953 0.5000000000
50971  43.647  -22.937  28.052 0.5000000000
49159  45.651  -24.268  27.718 0.2000000030
122133  46.374  -24.401  27.772 0.1000000015
114027  44.613  -23.099  27.326 0.5000000000
50970  44.181  -22.813  27.597 0.5000000000
49143  43.956  -23.393  27.711 0.5000000000
125702  48.496  -29.891  41.280 0.6999999881
43134  48.571  -30.216  41.639 0.6000000238
43176  47.083  -30.107  39.199 0.8000000119
44034  48.656  -29.383  41.717 0.6999999881
45057  48.618  -28.673  41.553 0.8000000119
45090  46.757  -29.024  38.425 0.8000000119
44094  46.255  -29.150  37.668 0.8000000119
45131  45.003  -28.460  35.964 0.6999999881
48153  44.934  -25.972  34.149 0.8000000119
49141  47.590  -25.082  28.397 0.1000000015
48236  48.511  -25.401  28.471 0.1000000015
48201  48.605  -26.033  29.066 0.1000000015
124185  46.911  -24.778  28.200 0.1000000015
130202  47.420  -24.624  27.854 0.1000000015
46085  48.713  -27.596  42.628 0.6000000238
46095  48.092  -27.848  40.336 0.8000000119
45081  47.524  -28.625  39.404 0.8000000119
45102  46.993  -28.192  38.444 0.8000000119
50946  44.608  -22.058  30.501 0.5000000000
46096  47.699  -28.013  39.577 0.8000000119
46115  47.203  -27.448  38.500 0.8000000119
46116  46.790  -27.581  37.961 0.8000000119
46130  46.394  -27.664  37.340 0.8000000119
46131  45.918  -27.695  36.670 0.8999999762
47132  46.986  -26.777  37.954 0.8000000119
47144  45.777  -27.050  36.101 0.8999999762
48134  46.562  -25.818  36.455 0.8999999762
48144  45.925  -25.910  35.201 0.8999999762
48151  46.274  -25.188  34.893 0.8999999762
48160  45.262  -25.256  33.892 0.8000000119
49101  44.856  -24.764  33.350 0.6999999881
48169  44.088  -24.977  32.969 0.6999999881
118513  45.204  -21.615  28.540 0.5000000000
50958  44.106  -22.303  28.569 0.5000000000
125835  44.256  -22.455  27.920 0.5000000000
51891  44.798  -22.326  27.489 0.5000000000
51876  45.426  -21.680  27.742 0.5000000000
44189  50.177  -28.913  30.560 0.1000000015
51888  47.616  -21.115  26.625 0.6000000238
46200  52.154  -27.872  31.406 0.1000000015
119306  51.557  -27.538  30.958 0.1000000015
50067  47.145  -23.509  26.507 0.1000000015
51912  47.520  -21.676  25.855 0.4000000060
51020  47.768  -22.079  25.413 0.2000000030
47214  51.155  -26.632  29.776 0.1000000015
47213  52.050  -26.670  29.590 0.1000000015
46219  52.123  -27.402  30.800 0.1000000015
47235  50.679  -26.252  29.176 0.1000000015
49169  48.510  -24.321  26.673 0.1000000015
49156  49.172  -24.920  27.392 0.2000000030
113678  47.946  -23.577  26.099 0.2000000030
50093  48.259  -22.739  25.365 0.2000000030
48256  50.856  -25.362  26.975 0.1000000015
49155  50.109  -24.950  26.587 0.1000000015
51938  48.314  -21.671  25.444 0.3000000119
50092  49.204  -22.777  24.944 0.2000000030
51018  49.991  -22.145  24.744 0.2000000030
51910  49.966  -21.041  25.976 0.3000000119
51936  50.238  -21.542  25.200 0.3000000119
46089  48.750  -27.407  42.226 0.6000000238
48113  47.423  -26.544  38.527 0.8000000119
48121  47.636  -25.437  38.215 0.8999999762
50920  47.588  -22.346  33.594 0.8000000119
50005  46.182  -22.706  32.820 0.8000000119
125675  47.519  -20.839  29.239 0.6999999881
52797  47.665  -20.749  28.446 0.6999999881
52821  48.023  -20.730  27.556 0.5000000000
47200  50.850  -26.972  30.318 0.1000000015
47201  50.447  -27.237  30.387 0.1000000015
51887  48.487  -20.825  26.767 0.5000000000
52845  49.390  -20.737  26.807 0.4000000060
125339  50.167  -20.703  26.937 0.4000000060
47109  48.908  -26.592  42.409 0.6000000238
49036  48.580  -25.056  40.345 0.6999999881
114454  48.013  -23.084  35.806 0.8999999762
49083  47.249  -24.289  35.720 0.8999999762
49975  48.705  -22.381  36.295 0.8999999762
49054  47.986  -24.986  38.868 0.8999999762
50919  48.264  -21.980  33.966 0.8000000119
50910  48.369  -22.168  34.669 0.8000000119
51832  47.734  -21.340  31.495 0.6999999881
51845  48.296  -21.013  30.866 0.6999999881
51831  49.492  -20.863  32.238 0.6999999881
51844  49.349  -20.837  31.122 0.6999999881
51860  49.702  -20.689  30.106 0.6999999881
52819  49.874  -20.592  27.673 0.6999999881
49035  49.039  -25.006  41.163 0.6000000238
115554  49.456  -22.597  39.063 0.8999999762
49062  48.106  -24.370  38.041 0.8999999762
50901  49.524  -21.743  35.903 0.8999999762
49075  47.497  -24.400  36.587 0.8999999762
50928  48.156  -21.715  33.221 0.8000000119
51793  50.966  -21.221  35.064 0.8999999762
117505  44.816  -23.560  32.632 0.5000000000
54696  59.846  -18.134  29.897 0.4000000060
50868  51.522  -21.797  38.034 0.8999999762
50899  51.939  -21.631  36.780 0.8999999762
109958  51.686  -21.217  34.699 0.8999999762
51803  51.671  -20.797  33.853 0.8999999762
51815  51.741  -20.643  32.921 0.8000000119
51841  52.350  -20.559  31.269 0.6999999881
51842  51.702  -20.538  30.965 0.6999999881
53733  54.690  -19.351  29.634 0.6999999881
54679  60.054  -17.675  29.820 0.4000000060
50850  52.684  -21.964  38.984 0.6999999881
118873  53.434  -22.044  38.729 0.8000000119
50849  53.670  -21.890  38.711 0.6999999881
50866  53.845  -22.168  38.456 0.8000000119
51827  53.160  -20.940  32.762 0.6999999881
119448  57.538  -18.119  33.455 1.0000000000
54618  57.292  -17.602  34.443 0.8999999762
52751  52.921  -20.630  31.482 0.6999999881
51717  53.243  -21.639  39.065 0.6999999881
130251  53.285  -21.053  38.676 0.6000000238
52627  53.515  -21.583  39.081 0.6000000238
51737  53.691  -21.864  38.237 0.6999999881
52643  53.689  -21.642  38.285 0.6000000238
51758  53.890  -21.235  36.871 0.8999999762
51792  54.380  -21.590  35.380 1.0000000000
125715  54.605  -21.541  34.656 1.0000000000
54619  56.914  -18.751  34.927 1.0000000000
127796  53.655  -21.233  37.687 0.6000000238
51757  54.685  -21.250  36.602 0.8999999762
54609  56.452  -19.658  35.462 0.8999999762
53635  56.341  -20.324  35.759 0.8999999762
51776  55.890  -21.324  36.013 1.0000000000
52687  55.607  -20.828  36.452 0.6999999881
52709  56.450  -20.487  35.633 1.0000000000
51775  56.330  -20.991  35.777 1.0000000000
51800  55.246  -21.394  34.433 1.0000000000
53639  52.889  -20.165  35.490 0.4000000060
115722  53.373  -20.838  37.269 0.5000000000
58172  51.769  -13.786  35.667 0.3000000119
59109  54.585  -13.314  36.200 0.6000000238
58193  55.332  -13.325  34.625 0.6999999881
57336  54.206  -15.545  30.898 0.6999999881
56509  53.654  -15.717  29.101 0.6999999881
60029  54.513  -12.225  33.357 0.5000000000
58210  54.161  -13.998  32.156 0.6999999881
59161  54.103  -13.415  31.666 0.6000000238
57329  54.078  -14.793  31.396 0.6000000238
59197  54.303  -13.779  29.202 0.6000000238
57370  53.583  -15.776  28.247 0.6000000238
55667  53.731  -16.757  27.024 0.4000000060
59988  52.607  -11.882  35.193 0.3000000119
60874  53.212  -11.314  34.669 0.4000000060
60894  54.196  -10.898  33.730 0.5000000000
60895  53.680  -10.901  34.028 0.5000000000
29240  25.683  -45.980  50.022 0.2000000030
119518  25.475  -47.101  49.341 0.2000000030
26578  25.504  -47.235  48.383 0.4000000060
28319  26.327  -46.239  49.642 0.3000000119
28339  26.175  -46.816  49.325 0.2000000030
27431  25.082  -47.073  47.963 0.4000000060
28372  24.965  -46.416  46.920 0.5000000000
50012  44.174  -22.876  31.589 0.5000000000
125110  45.151  -22.624  27.034 0.5000000000
113338  43.422  -22.713  29.817 0.5000000000
30122  30.478  -43.292  48.419 0.5000000000
30123  29.957  -43.812  48.387 0.4000000060
30929  30.020  -42.484  49.463 0.2000000030
28320  25.572  -46.606  49.740 0.2000000030
107084  31.082  -43.285  47.892 0.5000000000
107085  31.003  -42.593  48.942 0.4000000060
30943  30.316  -42.792  48.979 0.4000000060
30931  28.466  -43.470  49.224 0.2000000030
107088  30.829  -42.119  49.622 0.3000000119
30930  29.219  -43.008  49.391 0.2000000030
31758  28.699  -42.812  49.737 0.2000000030
108212  31.526  -42.113  49.470 0.4000000060
108062  30.436  -41.997  49.698 0.2000000030
31755  32.812  -41.632  49.128 0.3000000119
31756  32.018  -41.852  49.437 0.3000000119
107087  31.277  -41.919  49.616 0.2000000030
28321  24.131  -46.782  50.166 0.1000000015
27410  24.638  -47.426  49.497 0.2000000030
30932  27.785  -43.758  49.192 0.2000000030
30933  27.166  -43.845  49.346 0.1000000015
31759  27.942  -42.971  49.752 0.1000000015
31760  27.314  -43.242  49.640 0.1000000015
31757  29.346  -42.242  49.744 0.2000000030
32666  28.433  -42.200  49.809 0.2000000030
32682  27.008  -42.045  48.876 0.1000000015
32680  28.051  -41.771  49.368 0.2000000030
32694  27.602  -41.695  48.819 0.1000000015
107093  31.688  -41.624  49.370 0.3000000119
107095  31.103  -41.852  49.593 0.2000000030
107899  30.528  -41.722  49.537 0.2000000030
107096  28.677  -41.661  49.457 0.2000000030
32693  28.252  -41.519  48.780 0.2000000030
122852  31.016  -41.467  49.117 0.2000000030
123522  29.582  -41.605  49.525 0.2000000030
107097  28.944  -41.449  48.813 0.2000000030
25762  11.132  -49.398  52.859 0.1000000015
123252  10.871  -49.226  52.393 0.1000000015
119605  10.746  -49.278  51.657 0.1000000015
26550  10.890  -48.704  53.359 0.1000000015
119867  10.633  -49.352  50.725 0.1000000015
29253  25.245  -45.312  49.852 0.1000000015
129525  24.712  -46.128  50.052 0.1000000015
30934  26.411  -43.731  49.485 0.1000000015
31770  26.777  -42.578  49.299 0.1000000015
31771  26.209  -42.674  48.893 0.1000000015
32695  27.206  -41.657  48.152 0.1000000015
32683  26.382  -42.258  48.446 0.1000000015
122745  30.473  -41.442  48.889 0.2000000030
32708  28.637  -41.560  47.937 0.2000000030
32709  27.797  -41.527  47.961 0.1000000015
112216  26.624  -41.841  47.840 0.1000000015
33665  31.805  -40.833  48.820 0.2000000030
122934  31.179  -41.243  48.530 0.2000000030
122903  30.863  -41.468  47.604 0.2000000030
32707  29.764  -41.632  47.830 0.2000000030
112950  27.105  -41.543  47.099 0.1000000015
111153  29.797  -42.183  46.356 0.1000000015
127680  29.067  -41.809  47.027 0.1000000015
26552  10.708  -48.455  51.793 0.1000000015
117445  10.743  -48.658  52.716 0.1000000015
26548  10.706  -48.288  53.947 0.1000000015
26547  11.286  -48.833  53.463 0.1000000015
27390  11.400  -48.433  54.073 0.1000000015
29241  23.722  -46.268  50.154 0.1000000015
30112  24.783  -44.521  49.584 0.1000000015
29254  24.216  -45.455  49.834 0.1000000015
30113  23.664  -44.713  49.537 0.1000000015
30936  24.210  -43.891  49.196 0.1000000015
30945  24.576  -43.341  48.796 0.1000000015
32696  25.647  -42.466  48.063 0.1000000015
114645  35.276  -40.138  48.758 0.3000000119
33650  34.620  -40.381  49.031 0.3000000119
31772  25.311  -42.904  48.623 0.1000000015
33633  34.103  -39.882  49.360 0.2000000030
32711  25.887  -42.074  47.507 0.1000000015
33634  33.136  -40.471  49.210 0.3000000119
32724  26.509  -41.269  46.106 0.1000000015
125078  32.292  -40.875  49.116 0.3000000119
119118  28.131  -41.555  46.854 0.1000000015
32710  26.129  -41.640  46.751 0.1000000015
32722  28.165  -41.521  45.598 0.1000000015
32723  27.337  -41.345  46.048 0.1000000015
30904  16.727  -42.645  53.446 0.3000000119
26557  10.715  -48.421  50.826 0.1000000015
30912  16.259  -43.013  52.910 0.3000000119
30905  15.710  -42.282  53.780 0.3000000119
27417  10.730  -47.583  50.082 0.1000000015
27385  11.542  -47.915  54.550 0.1000000015
119762  15.200  -42.708  53.013 0.3000000119
28276  12.272  -46.687  54.313 0.1000000015
28322  23.266  -46.674  50.288 0.1000000015
30907  13.637  -43.054  53.315 0.3000000119
30078  13.182  -43.807  53.766 0.2000000030
29216  12.548  -45.871  54.331 0.1000000015
29255  23.165  -45.597  49.969 0.1000000015
30937  23.112  -44.082  49.136 0.1000000015
31773  24.214  -42.994  48.192 0.1000000015
30946  23.630  -43.491  48.625 0.1000000015
33649  34.789  -39.549  49.265 0.2000000030
31782  24.701  -42.560  47.763 0.1000000015
129359  33.582  -39.684  49.258 0.4000000060
109924  25.026  -42.134  47.269 0.1000000015
33651  32.517  -40.326  48.948 0.3000000119
33680  25.458  -41.381  46.179 0.1000000015
108134  30.496  -41.938  46.404 0.1000000015
107091  29.797  -42.372  45.374 0.1000000015
111599  28.964  -41.862  44.912 0.1000000015
33679  25.858  -41.223  45.976 0.1000000015
107090  30.482  -42.488  45.568 0.1000000015
33722  27.350  -40.773  44.393 0.1000000015
33702  26.004  -40.800  45.396 0.1000000015
32731  28.175  -41.312  44.584 0.1000000015
130236  10.465  -48.077  53.084 0.1000000015
27386  10.641  -47.913  54.567 0.1000000015
27398  10.478  -47.772  52.059 0.1000000015
28278  11.094  -47.465  54.931 0.1000000015
28310  10.284  -46.910  51.347 0.1000000015
27407  10.592  -47.595  51.058 0.1000000015
28277  11.851  -47.080  54.620 0.1000000015
28342  10.570  -46.624  49.409 0.1000000015
30897  16.385  -42.080  53.982 0.3000000119
29242  22.752  -46.266  50.448 0.2000000030
30906  14.478  -42.496  53.609 0.3000000119
30079  12.898  -44.836  54.249 0.1000000015
115037  13.448  -43.233  54.289 0.2000000030
30100  22.191  -45.557  50.470 0.1000000015
30101  21.484  -45.125  50.787 0.1000000015
109657  15.620  -41.636  54.581 0.3000000119
30114  22.646  -44.801  49.713 0.1000000015
30115  21.909  -44.773  50.049 0.1000000015
114277  21.273  -43.744  49.366 0.1000000015
32614  15.935  -41.205  54.800 0.3000000119
30938  22.055  -44.084  49.368 0.1000000015
35570  34.234  -38.413  49.492 0.2000000030
30947  22.607  -43.567  48.592 0.1000000015
30948  21.656  -43.491  48.668 0.1000000015
34615  34.677  -38.288  49.577 0.2000000030
35579  33.846  -38.331  49.248 0.2000000030
34616  33.707  -39.104  49.284 0.2000000030
34622  35.354  -39.312  48.988 0.2000000030
35586  33.487  -38.253  48.695 0.2000000030
31774  23.152  -43.061  48.014 0.1000000015
31775  22.165  -43.072  48.003 0.1000000015
34617  33.315  -39.199  48.911 0.2000000030
31783  23.668  -42.569  47.562 0.1000000015
31784  22.655  -42.584  47.471 0.1000000015
34623  33.050  -39.325  48.644 0.2000000030
33635  33.062  -39.960  49.063 0.2000000030
32712  24.409  -41.710  46.561 0.1000000015
33678  31.713  -41.031  47.565 0.2000000030
33703  25.205  -40.860  45.530 0.1000000015
33723  26.371  -40.459  44.603 0.1000000015
33721  28.130  -41.002  43.843 0.1000000015
33741  27.639  -40.571  43.439 0.1000000015
33742  26.792  -40.286  43.758 0.1000000015
27387  9.920  -47.572  54.461 0.1000000015
27391  10.192  -47.810  54.182 0.1000000015
121328  10.061  -47.706  53.484 0.1000000015
28345  6.222  -45.411  50.073 0.1000000015
29209  11.696  -45.733  55.039 0.1000000015
28343  10.055  -46.042  50.064 0.1000000015
28328  10.469  -46.789  50.454 0.1000000015
130247  6.424  -45.052  49.645 0.1000000015
30066  12.615  -44.027  55.091 0.1000000015
29273  10.381  -45.882  48.605 0.1000000015
30132  6.991  -43.937  48.726 0.1000000015
30898  13.360  -43.211  55.110 0.2000000030
31717  16.921  -42.164  54.051 0.3000000119
31728  14.789  -42.031  54.407 0.2000000030
31709  13.676  -42.287  55.469 0.2000000030
111886  13.811  -41.668  55.848 0.2000000030
30923  21.249  -44.269  50.246 0.1000000015
32613  16.794  -41.352  54.266 0.3000000119
31707  15.065  -41.288  55.339 0.2000000030
33577  15.280  -41.022  55.459 0.2000000030
32601  14.588  -41.140  55.820 0.2000000030
32627  17.058  -41.151  54.114 0.3000000119
33596  16.685  -40.836  54.162 0.3000000119
33584  16.427  -41.013  54.545 0.3000000119
33597  15.947  -40.667  54.668 0.3000000119
33598  15.141  -40.231  54.299 0.2000000030
30949  20.714  -43.271  48.756 0.1000000015
33607  16.534  -40.810  53.196 0.3000000119
121840  15.799  -40.715  52.638 0.2000000030
113754  15.185  -40.547  52.606 0.2000000030
36449  35.187  -37.154  49.567 0.3000000119
127863  34.948  -37.369  49.648 0.3000000119
117004  35.054  -37.902  49.578 0.3000000119
36448  35.625  -36.701  49.419 0.3000000119
35577  35.466  -37.615  49.286 0.3000000119
113972  21.339  -43.026  48.112 0.1000000015
31785  21.683  -42.615  47.503 0.1000000015
33664  32.485  -40.115  48.662 0.3000000119
32698  23.119  -42.185  46.946 0.1000000015
122432  32.236  -40.394  48.072 0.2000000030
32697  24.083  -42.146  47.084 0.1000000015
32699  22.160  -42.219  46.894 0.1000000015
32713  23.503  -41.750  46.453 0.1000000015
33725  24.681  -40.392  44.973 0.1000000015
33704  24.325  -40.813  45.393 0.1000000015
33682  23.789  -41.256  45.840 0.1000000015
32714  22.613  -41.805  46.352 0.1000000015
33743  25.960  -39.981  43.950 0.1000000015
116692  25.149  -39.748  43.851 0.1000000015
33724  25.404  -40.254  44.702 0.1000000015
33726  23.951  -40.347  44.791 0.1000000015
125455  23.608  -40.766  45.197 0.1000000015
117877  23.008  -41.442  45.929 0.1000000015
34648  24.504  -39.966  44.359 0.1000000015
33705  22.972  -41.048  45.322 0.1000000015
34649  23.599  -39.904  44.154 0.1000000015
28271  9.827  -47.071  55.222 0.1000000015
28280  9.524  -47.276  54.724 0.1000000015
27392  9.423  -47.413  53.947 0.1000000015
28295  10.026  -47.190  52.387 0.1000000015
113826  5.816  -46.140  51.491 0.1000000015
30075  18.602  -44.045  52.220 0.3000000119
112527  18.107  -43.491  52.591 0.3000000119
29210  10.942  -46.162  55.343 0.1000000015
29263  7.110  -45.052  49.896 0.1000000015
28344  6.859  -45.628  50.642 0.1000000015
29208  12.212  -45.104  54.734 0.1000000015
108795  6.628  -44.669  49.307 0.1000000015
30902  17.919  -42.874  53.008 0.3000000119
30895  17.284  -42.463  53.485 0.3000000119
31710  13.179  -42.422  55.926 0.1000000015
29260  10.109  -45.741  49.350 0.1000000015
31727  18.020  -42.273  53.134 0.3000000119
31716  17.513  -42.121  53.532 0.3000000119
32602  13.664  -41.111  56.253 0.2000000030
30924  20.499  -43.980  50.928 0.3000000119
32625  18.009  -41.788  53.135 0.3000000119
32626  17.494  -41.401  53.655 0.3000000119
34595  14.497  -39.965  54.819 0.2000000030
33578  15.042  -40.741  55.652 0.2000000030
121008  17.518  -41.400  52.264 0.3000000119
32636  17.739  -41.304  52.856 0.3000000119
33595  17.246  -40.866  53.532 0.3000000119
33609  14.725  -40.322  53.161 0.2000000030
33620  13.359  -40.483  51.828 0.2000000030
30939  20.647  -43.633  49.871 0.1000000015
31763  19.947  -43.111  49.462 0.1000000015
32644  17.644  -41.562  51.336 0.2000000030
32645  16.870  -41.227  51.698 0.1000000015
33617  16.276  -40.905  52.170 0.1000000015
33618  15.343  -40.710  51.759 0.2000000030
112133  14.611  -40.646  51.215 0.1000000015
35591  33.178  -38.485  47.928 0.2000000030
32653  16.770  -41.255  50.684 0.1000000015
33623  16.053  -40.952  51.136 0.1000000015
33624  15.188  -40.790  50.706 0.1000000015
37455  36.584  -36.460  48.203 0.3000000119
37436  36.412  -36.072  49.276 0.3000000119
37419  35.325  -36.139  49.618 0.3000000119
35578  34.675  -37.786  49.583 0.3000000119
119688  33.000  -38.636  46.823 0.3000000119
32652  17.394  -41.510  50.349 0.1000000015
33637  15.929  -40.982  50.005 0.1000000015
116663  14.902  -40.781  49.797 0.1000000015
116617  37.140  -35.804  48.728 0.2000000030
37418  35.930  -35.851  49.633 0.3000000119
38508  35.686  -35.361  49.680 0.3000000119
37420  34.798  -36.504  49.481 0.3000000119
34628  32.843  -39.580  47.704 0.3000000119
31786  20.667  -42.657  47.752 0.1000000015
38507  36.407  -35.036  49.793 0.3000000119
33700  32.053  -40.982  46.452 0.2000000030
107089  31.323  -41.575  46.345 0.2000000030
32700  21.204  -42.279  46.915 0.1000000015
107086  30.812  -42.328  45.507 0.1000000015
32715  21.700  -41.861  46.261 0.1000000015
31799  30.548  -42.531  45.072 0.1000000015
126843  21.563  -41.129  45.146 0.1000000015
33683  22.184  -41.399  45.632 0.1000000015
33706  22.192  -40.845  44.908 0.1000000015
32738  28.981  -41.524  43.782 0.1000000015
33727  23.005  -40.388  44.676 0.1000000015
126612  21.385  -40.696  44.640 0.1000000015
108690  25.689  -39.680  43.354 0.1000000015
111036  25.103  -39.461  43.039 0.1000000015
34666  24.243  -39.556  43.474 0.1000000015
34650  22.693  -39.900  43.949 0.1000000015
126497  22.034  -40.294  44.308 0.1000000015
34667  23.266  -39.593  43.441 0.1000000015
34668  22.541  -39.631  43.335 0.1000000015
29212  9.313  -46.351  55.688 0.1000000015
27388  9.265  -47.277  54.392 0.1000000015
27394  9.344  -47.115  53.047 0.1000000015
29202  10.430  -45.622  55.566 0.1000000015
28298  7.583  -46.406  52.907 0.1000000015
118251  6.860  -46.211  52.371 0.1000000015
28314  6.655  -46.056  51.497 0.1000000015
30068  11.097  -45.190  55.350 0.1000000015
28313  7.732  -46.094  51.940 0.1000000015
29247  7.801  -45.316  50.583 0.1000000015
30057  11.228  -44.070  55.476 0.1000000015
30891  12.180  -43.591  55.466 0.1000000015
28329  9.546  -45.821  50.635 0.1000000015
28312  8.835  -46.145  51.758 0.1000000015
29246  8.768  -45.406  50.543 0.1000000015
30890  12.808  -43.170  55.609 0.1000000015
29274  9.682  -45.250  48.826 0.1000000015
31698  13.234  -41.651  56.155 0.1000000015
32635  18.192  -41.790  52.409 0.3000000119
126973  13.120  -39.951  54.944 0.2000000030
36451  34.306  -37.725  49.420 0.2000000030
119469  33.336  -37.683  48.037 0.2000000030
124381  20.049  -43.589  51.422 0.3000000119
30925  19.713  -42.983  51.317 0.3000000119
33599  14.159  -40.018  53.793 0.2000000030
33610  13.751  -40.290  52.773 0.2000000030
110021  13.865  -40.556  51.156 0.2000000030
30940  20.088  -43.321  50.606 0.3000000119
110826  19.452  -42.773  50.304 0.1000000015
37421  34.392  -36.545  49.125 0.3000000119
34633  32.879  -39.634  46.364 0.3000000119
31764  19.163  -42.412  49.208 0.1000000015
32668  17.588  -41.575  49.609 0.1000000015
32669  16.836  -41.272  49.761 0.1000000015
37453  38.337  -35.681  47.747 0.3000000119
37434  37.932  -35.396  48.679 0.3000000119
38523  37.774  -34.970  49.390 0.3000000119
37417  36.633  -35.383  49.659 0.2000000030
38509  35.019  -35.676  49.521 0.3000000119
39520  35.504  -34.388  49.131 0.2000000030
33677  32.494  -40.444  46.992 0.2000000030
33699  32.572  -40.460  45.872 0.2000000030
31776  19.857  -42.702  48.469 0.1000000015
37433  39.035  -35.319  48.291 0.3000000119
39504  37.453  -34.244  49.581 0.3000000119
39505  36.850  -34.366  49.655 0.3000000119
39506  36.072  -34.538  49.621 0.2000000030
108282  31.951  -41.128  45.573 0.1000000015
31787  19.805  -42.409  47.665 0.1000000015
118328  17.724  -41.571  48.863 0.1000000015
32687  17.070  -41.327  48.973 0.1000000015
40494  37.286  -33.794  49.395 0.1000000015
40508  36.606  -33.609  48.904 0.1000000015
40519  35.507  -34.160  48.038 0.1000000015
108274  31.281  -41.749  45.321 0.1000000015
40517  36.969  -33.342  48.053 0.1000000015
40518  36.167  -33.768  48.086 0.1000000015
109590  30.923  -42.488  45.074 0.1000000015
122159  21.135  -40.234  44.073 0.1000000015
124502  21.762  -39.833  43.546 0.1000000015
34689  22.876  -39.431  42.726 0.1000000015
30058  10.233  -44.570  55.707 0.1000000015
31726  18.565  -43.020  52.615 0.3000000119
30882  11.432  -43.086  55.971 0.1000000015
124588  12.334  -42.608  56.081 0.1000000015
29275  8.730  -44.872  49.030 0.1000000015
31734  19.061  -42.966  52.327 0.3000000119
31735  18.499  -42.335  52.712 0.3000000119
32596  12.692  -41.265  56.412 0.1000000015
33581  11.749  -40.488  55.966 0.1000000015
31742  18.854  -42.330  52.106 0.3000000119
33580  12.656  -40.433  56.051 0.2000000030
33587  12.368  -40.213  55.215 0.2000000030
108422  11.918  -40.530  54.227 0.1000000015
109425  12.335  -40.488  53.345 0.2000000030
32643  18.460  -41.950  51.533 0.2000000030
108677  13.188  -40.139  53.470 0.2000000030
33611  12.793  -40.459  52.534 0.2000000030
31741  19.346  -42.793  51.883 0.3000000119
113474  13.092  -40.578  51.040 0.2000000030
37422  34.037  -36.907  48.825 0.2000000030
31748  19.046  -42.379  51.152 0.3000000119
32651  18.192  -41.874  50.474 0.1000000015
33625  14.331  -40.660  50.470 0.1000000015
123248  18.818  -42.291  50.087 0.1000000015
38522  38.438  -34.828  49.061 0.3000000119
127678  37.928  -33.581  49.131 0.3000000119
40506  38.677  -33.718  48.938 0.3000000119
41379  37.830  -33.037  47.985 0.1000000015
128353  18.744  -42.006  48.746 0.1000000015
41370  38.294  -33.272  48.627 0.1000000015
40527  37.396  -33.305  47.010 0.1000000015
40528  36.514  -33.746  47.259 0.1000000015
32730  29.804  -42.134  44.401 0.1000000015
32701  20.257  -42.284  46.940 0.1000000015
32716  20.804  -41.912  46.227 0.1000000015
31699  11.318  -42.179  56.318 0.1000000015
33576  11.321  -40.827  56.252 0.1000000015
36490  33.096  -37.540  47.138 0.2000000030
33612  11.928  -40.840  52.457 0.2000000030
36466  33.651  -37.332  48.440 0.2000000030
127518  12.375  -40.757  51.508 0.1000000015
39521  34.775  -34.769  48.818 0.2000000030
32667  18.371  -41.882  49.323 0.1000000015
38521  39.972  -35.107  48.279 0.3000000119
121484  39.444  -34.145  48.887 0.3000000119
40529  35.587  -34.215  47.242 0.1000000015
32684  19.097  -42.181  48.129 0.1000000015
32685  18.245  -41.800  48.291 0.1000000015
128871  40.152  -34.137  48.548 0.1000000015
41369  39.177  -33.305  48.316 0.1000000015
32686  17.332  -41.395  48.140 0.1000000015
40503  41.491  -33.947  48.085 0.2000000030
40504  40.717  -33.780  48.164 0.2000000030
41368  40.135  -33.348  47.944 0.1000000015
41377  39.638  -33.006  47.517 0.1000000015
40526  38.059  -33.221  46.370 0.1000000015
41386  38.263  -32.928  47.150 0.1000000015
41376  40.679  -32.959  47.386 0.1000000015
109370  40.068  -32.841  46.120 0.1000000015
113805  38.963  -32.819  47.184 0.1000000015
40540  37.477  -33.762  45.824 0.1000000015
124095  36.840  -33.875  46.445 0.1000000015
39549  45.200  -33.967  45.210 0.5000000000
41393  40.642  -32.793  45.513 0.1000000015
41394  39.277  -32.979  45.821 0.1000000015
40539  38.465  -33.405  45.513 0.1000000015
40552  37.827  -33.954  44.795 0.1000000015
40536  45.564  -33.403  45.441 0.4000000060
41392  41.472  -32.318  45.879 0.1000000015
41403  39.841  -33.023  45.235 0.1000000015
40538  39.177  -33.308  45.073 0.1000000015
125884  23.654  -39.369  42.824 0.1000000015
33720  32.377  -40.447  44.804 0.1000000015
33737  31.825  -40.648  44.145 0.1000000015
32736  31.114  -41.226  43.912 0.1000000015
32729  30.584  -41.986  44.414 0.1000000015
33626  13.467  -40.598  50.369 0.1000000015
40510  35.108  -34.412  48.398 0.1000000015
109330  36.120  -34.201  46.447 0.1000000015
32702  19.285  -42.164  46.996 0.1000000015
32703  18.581  -41.942  47.471 0.1000000015
41367  40.968  -33.300  47.716 0.1000000015
41375  41.643  -32.852  47.479 0.1000000015
39541  43.642  -34.245  46.703 0.3000000119
40516  42.776  -33.716  47.723 0.3000000119
41374  42.753  -32.957  47.660 0.1000000015
117692  42.362  -32.670  47.513 0.1000000015
41383  41.329  -32.447  46.925 0.1000000015
112156  40.791  -32.635  46.353 0.1000000015
40553  37.087  -34.196  45.035 0.1000000015
32717  19.929  -41.940  46.185 0.1000000015
40537  44.949  -33.694  46.104 0.4000000060
39540  44.317  -33.850  46.610 0.4000000060
40551  38.738  -33.772  44.433 0.1000000015
108360  41.213  -32.686  44.803 0.1000000015
41402  40.396  -33.056  44.568 0.1000000015
40550  39.600  -33.417  44.451 0.1000000015
33684  21.254  -41.489  45.646 0.1000000015
42221  45.698  -31.251  46.351 0.2000000030
41400  42.594  -31.934  44.505 0.1000000015
41401  41.872  -32.553  44.124 0.1000000015
43092  46.240  -30.369  45.906 0.3000000119
41410  41.013  -33.051  43.741 0.1000000015
40549  40.116  -33.468  43.757 0.1000000015
38525  34.180  -35.647  48.601 0.2000000030
37437  34.093  -36.234  48.699 0.2000000030
34646  32.595  -39.633  44.491 0.2000000030
39522  34.262  -35.160  48.365 0.2000000030
129500  43.304  -33.707  47.529 0.3000000119
40515  43.395  -33.238  47.559 0.2000000030
42212  42.256  -32.283  47.223 0.1000000015
40525  43.837  -33.647  47.239 0.2000000030
109383  43.411  -32.583  47.534 0.2000000030
42224  42.897  -31.708  47.019 0.1000000015
42225  42.191  -31.951  46.588 0.1000000015
41373  44.128  -32.608  47.388 0.2000000030
42209  44.674  -31.788  47.167 0.2000000030
43096  43.350  -31.195  46.816 0.1000000015
42237  42.889  -31.415  46.325 0.1000000015
42238  42.343  -31.829  45.621 0.1000000015
40565  38.664  -34.064  43.612 0.1000000015
42222  45.523  -32.186  46.384 0.3000000119
43089  44.431  -31.107  47.115 0.2000000030
43102  43.553  -30.805  46.191 0.1000000015
43965  45.352  -29.532  46.334 0.2000000030
43094  44.959  -30.348  46.748 0.2000000030
129182  43.948  -30.495  46.512 0.1000000015
119132  43.049  -31.292  45.335 0.1000000015
41408  42.547  -32.348  43.542 0.1000000015
45012  45.148  -28.526  45.657 0.2000000030
43995  44.077  -29.750  45.197 0.1000000015
44010  44.010  -30.020  44.283 0.1000000015
43107  43.662  -30.580  45.054 0.1000000015
124416  43.303  -31.364  44.319 0.1000000015
130822  43.053  -31.880  43.756 0.1000000015
41409  41.872  -32.849  43.185 0.1000000015
45023  44.877  -28.473  44.964 0.1000000015
43994  44.372  -29.207  44.615 0.1000000015
115684  43.951  -30.961  43.068 0.1000000015
42257  43.532  -31.511  43.450 0.1000000015
41415  42.579  -32.575  42.679 0.1000000015
42269  43.673  -31.611  42.623 0.1000000015
37438  33.649  -36.491  48.117 0.2000000030
36479  33.322  -37.008  47.688 0.2000000030
40530  34.709  -34.671  46.689 0.1000000015
39532  34.362  -34.818  47.880 0.1000000015
40541  36.609  -34.244  45.686 0.1000000015
41417  41.161  -33.274  42.728 0.1000000015
45046  44.640  -28.698  42.941 0.1000000015
44025  44.542  -29.510  42.401 0.1000000015
43135  44.442  -30.251  41.864 0.1000000015
43124  44.108  -30.978  42.231 0.1000000015
42270  43.177  -32.157  42.208 0.1000000015
41428  42.553  -32.623  41.807 0.1000000015
45058  44.716  -28.734  41.968 0.1000000015
44035  44.615  -29.486  41.481 0.1000000015
43148  44.390  -30.115  41.019 0.1000000015
43136  44.051  -30.856  41.381 0.1000000015
42279  43.687  -31.583  41.767 0.1000000015
42280  43.056  -32.059  41.358 0.1000000015
41441  42.413  -32.516  40.953 0.1000000015
41416  41.906  -33.000  42.277 0.1000000015
42292  43.522  -31.410  40.920 0.1000000015
42293  42.833  -31.874  40.513 0.1000000015
131321  42.247  -32.325  40.227 0.1000000015
38538  33.888  -35.479  47.962 0.1000000015
39543  33.924  -35.137  47.123 0.1000000015
39571  36.337  -34.775  44.814 0.1000000015
40564  39.331  -33.809  43.708 0.1000000015
40563  40.511  -33.509  43.097 0.1000000015
118592  44.926  -27.992  41.543 0.1000000015
45070  44.805  -28.766  41.028 0.1000000015
44044  44.575  -29.416  40.731 0.1000000015
44045  44.210  -29.802  40.242 0.1000000015
43149  43.857  -30.618  40.555 0.1000000015
43150  43.185  -31.110  40.102 0.1000000015
42305  42.412  -31.677  39.620 0.1000000015
43165  42.136  -31.108  38.783 0.1000000015
39590  38.255  -34.459  43.107 0.1000000015
40566  38.018  -34.204  43.900 0.1000000015
50779  48.087  -22.440  43.771 0.4000000060
51659  47.788  -21.928  43.205 0.4000000060
50780  47.444  -22.627  43.426 0.3000000119
129673  47.380  -22.098  42.989 0.3000000119
49892  46.570  -23.812  43.041 0.2000000030
49906  46.431  -23.083  42.474 0.2000000030
116823  45.199  -24.652  41.043 0.1000000015
48093  45.647  -25.065  41.810 0.1000000015
47117  45.193  -26.390  40.779 0.1000000015
46090  45.063  -27.226  40.233 0.1000000015
125862  44.899  -27.905  39.859 0.1000000015
44058  44.649  -28.819  39.992 0.1000000015
43163  43.587  -30.303  39.750 0.1000000015
43164  42.866  -30.751  39.282 0.1000000015
42306  41.680  -31.921  38.932 0.1000000015
128011  39.812  -33.837  43.000 0.1000000015
40580  41.235  -33.379  41.842 0.1000000015
40581  40.399  -33.752  42.228 0.1000000015
51658  48.459  -21.765  43.368 0.4000000060
51676  48.056  -21.170  42.886 0.4000000060
51657  49.180  -21.709  43.324 0.4000000060
51675  48.877  -21.080  42.959 0.3000000119
49921  45.906  -23.197  41.735 0.1000000015
48101  45.210  -25.417  40.935 0.1000000015
44059  43.951  -29.477  39.453 0.1000000015
52567  49.394  -20.515  42.450 0.4000000060
52569  47.617  -20.636  42.305 0.3000000119
51678  46.678  -21.759  41.994 0.1000000015
50794  46.279  -22.482  41.946 0.1000000015
51704  51.789  -21.178  40.484 0.6000000238
49025  45.615  -24.047  41.535 0.1000000015
52612  52.478  -21.255  39.736 0.6000000238
110546  45.041  -25.765  40.185 0.1000000015
47122  44.990  -26.478  39.797 0.1000000015
45091  44.532  -28.066  39.244 0.1000000015
52580  49.989  -20.086  41.979 0.3000000119
49922  45.343  -23.296  41.017 0.1000000015
46097  44.836  -27.260  39.424 0.1000000015
44070  43.605  -29.128  38.706 0.1000000015
44060  43.265  -29.935  38.981 0.1000000015
52568  48.468  -20.472  42.496 0.3000000119
51692  46.966  -20.951  41.942 0.3000000119
50806  45.752  -22.578  41.253 0.1000000015
49037  44.979  -24.000  40.720 0.1000000015
52596  51.249  -20.540  41.068 0.5000000000
45082  44.165  -28.759  39.155 0.1000000015
55643  59.737  -17.509  29.911 0.4000000060
45093  43.234  -28.723  38.031 0.1000000015
45092  43.941  -28.229  38.489 0.1000000015
53561  50.449  -20.029  41.373 0.4000000060
52579  50.685  -20.551  41.601 0.5000000000
52583  47.291  -20.259  41.715 0.3000000119
51693  46.441  -21.342  41.379 0.1000000015
52595  51.794  -20.935  40.614 0.5000000000
48114  44.779  -25.705  39.423 0.1000000015
55665  55.315  -17.603  27.282 0.4000000060
55666  54.453  -17.158  27.813 0.5000000000
130104  56.828  -17.325  28.671 0.5000000000
130409  56.359  -17.202  29.006 0.5000000000
55677  56.151  -17.978  26.843 0.2000000030
55646  55.722  -17.369  28.193 0.5000000000
55645  57.759  -17.292  29.761 0.5000000000
115457  57.812  -17.375  28.842 0.5000000000
47127  44.681  -26.502  38.949 0.1000000015
46106  44.422  -27.355  38.673 0.1000000015
53563  48.481  -19.527  41.373 0.3000000119
48107  44.836  -24.837  40.112 0.1000000015
55630  54.992  -16.882  29.349 0.5000000000
55647  55.245  -17.123  28.792 0.5000000000
55629  56.428  -17.052  29.799 0.5000000000
121576  49.111  -19.361  40.932 0.3000000119
52584  46.780  -20.659  41.358 0.3000000119
49935  44.846  -23.328  40.275 0.1000000015
53574  50.948  -20.097  40.769 0.5000000000
52613  51.893  -20.720  40.323 0.6000000238
49048  44.677  -23.962  40.011 0.1000000015
109450  52.783  -21.146  39.481 0.6000000238
53577  47.697  -19.534  40.753 0.3000000119
50818  45.223  -22.633  40.533 0.1000000015
52597  47.627  -19.775  41.429 0.3000000119
53575  49.893  -19.605  40.773 0.5000000000
52614  51.253  -20.212  40.062 0.5000000000
108037  31.921  -42.632  48.575 0.4000000060
114578  32.191  -42.069  49.254 0.4000000060
30942  32.870  -42.290  48.633 0.5000000000
28272  8.974  -46.875  55.243 0.1000000015
29203  9.683  -45.532  55.807 0.1000000015
28296  9.346  -46.643  52.241 0.1000000015
130717  10.856  -42.621  56.198 0.1000000015
130261  10.089  -46.291  50.805 0.1000000015
31700  10.254  -42.069  56.346 0.1000000015
28287  7.532  -46.560  53.536 0.1000000015
28297  8.562  -46.522  52.621 0.1000000015
33588  11.430  -40.605  55.168 0.1000000015
116078  12.018  -41.653  56.406 0.1000000015
29261  9.362  -45.359  49.773 0.1000000015
30935  25.365  -43.596  49.298 0.1000000015
107094  30.969  -41.980  49.754 0.2000000030
31769  27.254  -42.569  49.617 0.1000000015
32681  27.630  -42.174  49.530 0.1000000015
33636  31.706  -41.258  49.169 0.3000000119
31761  26.702  -43.122  49.497 0.1000000015
32721  28.982  -41.948  46.018 0.1000000015
26545  11.031  -48.255  54.412 0.1000000015
113401  25.299  -41.731  46.702 0.1000000015
32732  27.542  -41.158  45.183 0.1000000015
33701  26.808  -40.919  45.326 0.1000000015
29217  12.160  -46.081  54.670 0.1000000015
28285  12.560  -46.757  53.784 0.1000000015
33681  24.742  -41.291  46.026 0.1000000015
28279  10.257  -47.490  54.858 0.1000000015
28269  11.470  -46.649  55.020 0.1000000015
30072  12.562  -44.832  54.689 0.1000000015
31719  14.515  -41.695  55.112 0.2000000030
31720  13.950  -42.519  54.530 0.2000000030
31718  16.500  -41.737  54.200 0.3000000119
28270  10.625  -46.960  55.170 0.1000000015
28311  9.674  -46.349  51.443 0.1000000015
28332  6.010  -45.936  50.738 0.1000000015
30067  11.889  -44.664  55.069 0.1000000015
29276  7.653  -44.575  49.229 0.1000000015
30065  12.929  -43.867  55.112 0.1000000015
30889  13.083  -43.166  55.473 0.1000000015
30071  13.112  -44.047  54.728 0.1000000015
32612  17.280  -41.556  53.883 0.3000000119
31708  14.322  -41.508  55.581 0.2000000030
33586  15.260  -40.427  55.198 0.2000000030
34593  14.590  -40.238  55.622 0.2000000030
114180  14.336  -40.650  56.037 0.2000000030
33608  15.752  -40.557  53.574 0.2000000030
33619  14.389  -40.495  52.049 0.2000000030
29211  10.142  -46.387  55.532 0.1000000015
116258  6.060  -46.246  52.308 0.1000000015
29262  8.257  -45.018  49.847 0.1000000015
33579  13.515  -40.549  56.114 0.2000000030
34596  13.862  -39.904  55.285 0.2000000030
32637  17.103  -41.044  52.718 0.3000000119
110364  24.428  -39.264  42.455 0.1000000015
114537  8.497  -46.912  54.668 0.1000000015
28286  8.464  -46.883  53.438 0.1000000015
28299  6.700  -46.312  52.973 0.1000000015
28331  7.453  -45.777  51.143 0.1000000015
28330  8.302  -45.713  51.180 0.1000000015
108747  9.095  -45.790  51.128 0.1000000015
120100  12.751  -41.906  56.264 0.1000000015
33574  12.955  -40.849  56.341 0.1000000015
33600  12.709  -40.112  54.238 0.2000000030
34597  13.242  -40.057  55.662 0.2000000030
112009  39.284  -34.674  48.766 0.3000000119
120709  11.843  -41.094  56.463 0.1000000015
33582  10.844  -40.631  55.893 0.1000000015
41378  38.698  -32.993  47.875 0.1000000015
30883  10.420  -43.258  56.019 0.1000000015
32603  10.378  -40.935  56.118 0.1000000015
39517  40.098  -34.554  48.542 0.3000000119
112632  42.104  -33.025  47.715 0.1000000015
41385  39.496  -32.826  46.705 0.1000000015
39550  44.341  -34.227  45.861 0.4000000060
41391  45.858  -32.671  45.592 0.3000000119
40523  45.320  -33.014  46.301 0.3000000119
40524  44.657  -33.277  46.850 0.3000000119
126329  45.224  -31.749  46.857 0.2000000030
42208  45.094  -31.078  46.883 0.2000000030
43964  46.096  -29.346  46.015 0.3000000119
43979  46.849  -29.661  45.501 0.3000000119
43093  45.514  -30.300  46.428 0.2000000030
127002  43.672  -32.081  47.486 0.2000000030
42223  43.643  -31.534  47.243 0.2000000030
41382  44.995  -32.457  46.962 0.2000000030
42210  44.111  -31.784  47.401 0.2000000030
43095  43.883  -30.862  46.880 0.1000000015
43967  44.356  -30.414  46.687 0.2000000030
43966  44.722  -29.671  46.413 0.2000000030
44994  45.176  -28.923  46.108 0.2000000030
43981  44.001  -30.002  46.069 0.1000000015
43980  44.568  -29.151  45.695 0.2000000030
43114  44.070  -30.324  43.486 0.1000000015
45036  44.689  -28.577  43.950 0.1000000015
44009  44.352  -29.508  43.478 0.1000000015
43123  44.294  -30.283  42.740 0.1000000015
51677  47.326  -21.522  42.591 0.3000000119
49905  46.896  -23.048  43.109 0.2000000030
50793  46.914  -22.362  42.666 0.2000000030
126542  46.160  -23.719  42.209 0.2000000030
49014  46.096  -24.443  42.417 0.2000000030
51674  49.593  -21.227  42.744 0.4000000060
52581  49.012  -19.898  42.054 0.3000000119
51690  51.305  -20.903  41.150 0.5000000000
52582  47.998  -19.937  42.001 0.3000000119
111165  54.315  -17.355  26.727 0.5000000000
55664  56.636  -17.576  27.783 0.4000000060
33589  10.593  -40.951  55.104 0.1000000015
107083  32.841  -42.929  47.736 0.5000000000
109090  31.930  -43.254  47.326 0.4000000060
30136  30.400  -44.322  47.549 0.4000000060
30953  33.840  -43.172  47.118 0.6000000238
30957  33.873  -44.077  46.300 0.6000000238
30135  32.807  -43.899  46.593 0.6999999881
108031  31.374  -44.172  46.497 0.6000000238
30956  34.623  -43.631  46.307 0.8000000119
30151  33.462  -44.862  45.857 0.6000000238
30149  35.158  -44.132  45.631 0.6999999881
30150  34.374  -44.579  45.699 0.6999999881
29295  32.957  -45.517  45.495 0.6999999881
30166  35.501  -44.582  45.187 0.6999999881
30167  34.757  -44.915  45.248 0.6999999881
29282  30.836  -45.337  46.622 0.6000000238
30963  36.367  -43.505  45.382 0.6999999881
107082  32.404  -45.022  45.984 0.8000000119
30165  36.071  -44.300  45.092 0.6999999881
30164  36.502  -44.134  44.793 0.6999999881
29307  34.208  -45.330  45.030 0.6999999881
29294  33.889  -45.230  45.354 0.6000000238
28396  33.705  -45.557  44.847 0.6000000238
28382  33.249  -45.639  45.113 0.6000000238
128609  29.749  -35.244  30.755 0.2000000030
38765  30.357  -35.616  31.145 0.3000000119
39766  28.919  -34.647  29.933 0.3000000119
38780  29.644  -34.985  30.095 0.3000000119
38779  30.368  -35.510  30.316 0.3000000119
38796  30.273  -35.322  29.496 0.3000000119
37691  31.049  -36.069  31.660 0.3000000119
37672  31.795  -36.333  32.249 0.3000000119
37709  31.276  -36.211  30.536 0.3000000119
129129  30.870  -35.887  29.743 0.3000000119
38814  30.203  -35.244  28.724 0.2000000030
37743  30.931  -35.859  28.842 0.3000000119
37690  31.950  -36.500  31.299 0.3000000119
37727  31.529  -36.287  29.511 0.3000000119
38833  30.477  -35.636  27.876 0.2000000030
36684  33.936  -36.825  31.930 0.3000000119
37689  32.721  -36.690  31.097 0.3000000119
37707  32.803  -36.591  30.262 0.3000000119
127590  32.012  -36.565  30.044 0.3000000119
37770  30.784  -35.835  26.586 0.2000000030
37742  31.791  -36.268  28.610 0.3000000119
37741  32.744  -36.113  28.406 0.3000000119
117675  31.945  -36.076  27.681 0.2000000030
37755  31.246  -36.088  28.041 0.2000000030
113188  31.048  -36.002  27.318 0.2000000030
117438  33.585  -36.498  30.296 0.4000000060
37725  33.180  -36.349  29.380 0.3000000119
37688  33.406  -36.656  31.071 0.3000000119
37726  32.362  -36.433  29.349 0.3000000119
128936  32.750  -35.777  27.611 0.3000000119
37769  31.597  -35.857  26.893 0.2000000030
41399  46.920  -32.718  44.318 0.3000000119
40547  46.983  -33.329  43.924 0.3000000119
40535  46.283  -33.152  44.705 0.3000000119
41398  47.524  -32.551  43.732 0.5000000000
124984  47.173  -32.110  44.319 0.5000000000
41407  47.977  -32.559  43.067 0.6000000238
42247  46.508  -32.193  44.941 0.3000000119
42234  47.061  -31.422  44.689 0.3000000119
42235  46.425  -31.286  45.490 0.3000000119
128954  47.632  -29.889  44.654 0.3000000119
47288  41.329  -26.578  24.780 0.2000000030
49934  49.742  -23.494  41.404 0.5000000000
50832  51.602  -21.714  39.556 0.8000000119
123729  50.938  -21.169  25.662 0.2000000030
59989  51.704  -12.224  34.842 0.2000000030
60897  52.247  -11.434  33.472 0.2000000030
113336  51.651  -15.132  34.953 0.1000000015
59148  50.928  -13.032  32.152 0.2000000030
60032  50.786  -12.749  33.422 0.2000000030
60031  51.583  -12.180  32.825 0.2000000030
60011  51.538  -12.053  33.972 0.2000000030
60030  52.280  -11.509  32.417 0.2000000030
60921  52.950  -10.729  32.269 0.2000000030
61835  54.352  -9.365  31.720 0.3000000119
60059  56.143  -11.932  30.249 0.4000000060
59186  55.260  -12.936  29.382 0.4000000060
126879  52.916  -17.855  33.037 0.1000000015
55584  53.249  -17.173  33.472 0.2000000030
53682  53.940  -18.687  33.963 0.5000000000
58182  51.082  -14.316  35.259 0.1000000015
58173  50.738  -13.859  35.223 0.2000000030
117989  50.652  -13.647  35.064 0.2000000030
59123  50.218  -13.555  34.661 0.1000000015
59990  50.844  -12.817  34.426 0.2000000030
60044  51.711  -12.336  31.689 0.2000000030
60043  52.359  -11.489  31.240 0.2000000030
115459  53.023  -10.590  31.423 0.2000000030
61834  55.223  -9.257  32.030 0.2000000030
60051  55.862  -11.454  31.180 0.4000000060
112861  55.787  -13.066  28.529 0.4000000060
128221  55.487  -13.458  27.974 0.5000000000
56457  52.462  -16.645  33.247 0.1000000015
120704  49.928  -13.939  34.740 0.1000000015
60931  52.089  -11.735  30.056 0.1000000015
60930  52.766  -10.886  30.440 0.2000000030
125305  53.981  -9.559  30.804 0.2000000030
110408  54.803  -9.034  31.180 0.2000000030
61833  56.049  -9.461  31.639 0.2000000030
60927  56.914  -9.667  31.199 0.2000000030
58282  55.271  -14.222  26.511 0.3000000119
58295  54.523  -14.780  26.360 0.4000000060
56458  51.664  -16.310  33.145 0.1000000015
57305  52.195  -15.953  34.100 0.1000000015
57306  51.188  -15.635  33.961 0.1000000015
59149  50.144  -13.304  32.898 0.1000000015
61854  54.494  -9.855  29.267 0.2000000030
61847  54.162  -9.634  30.120 0.2000000030
61848  53.209  -10.207  29.914 0.2000000030
61846  55.252  -9.113  30.407 0.2000000030
62734  55.814  -8.970  31.287 0.1000000015
60058  57.178  -11.387  30.196 0.3000000119
60066  56.390  -12.338  29.332 0.4000000060
58272  55.210  -13.861  27.400 0.4000000060
58183  50.034  -14.322  34.756 0.1000000015
59134  49.790  -13.485  33.824 0.1000000015
61845  55.740  -9.452  29.353 0.2000000030
62742  56.384  -8.902  30.549 0.2000000030
62733  56.765  -9.132  31.058 0.1000000015
113538  56.270  -13.139  27.819 0.3000000119
60940  52.442  -11.217  29.297 0.1000000015
127299  53.485  -10.251  29.190 0.2000000030
59174  51.256  -13.136  31.063 0.2000000030
60054  51.721  -12.410  30.651 0.1000000015
113005  51.578  -12.504  29.700 0.1000000015
60950  52.882  -10.728  29.031 0.2000000030
61855  53.833  -10.593  28.387 0.2000000030
61865  55.738  -9.922  28.248 0.2000000030
129505  53.113  -10.858  28.550 0.2000000030
61866  54.834  -10.260  28.307 0.2000000030
61875  56.415  -9.955  27.625 0.2000000030
60963  55.244  -10.648  27.440 0.2000000030
60977  55.678  -10.914  26.616 0.1000000015
61884  57.865  -9.783  25.869 0.1000000015
61005  57.306  -10.633  24.963 0.1000000015
60993  56.001  -11.112  25.890 0.1000000015
60976  56.563  -10.366  26.548 0.1000000015
61893  58.048  -10.137  24.870 0.1000000015
61892  58.941  -9.458  24.681 0.1000000015
60992  56.753  -10.706  25.569 0.1000000015
61018  58.228  -10.566  23.957 0.1000000015
61902  58.982  -9.904  23.736 0.1000000015
38766  29.464  -35.325  31.412 0.2000000030
37708  32.149  -36.619  30.623 0.3000000119
125822  44.436  -26.399  24.571 0.1000000015
42246  47.738  -31.538  43.967 0.3000000119
43106  48.101  -30.554  43.896 0.4000000060
113119  53.163  -16.345  34.162 0.2000000030
54635  53.656  -17.975  33.520 0.2000000030
59122  51.127  -13.045  35.044 0.2000000030
47304  42.886  -26.543  23.804 0.1000000015
60010  52.346  -11.499  34.429 0.2000000030
43101  46.971  -30.565  45.126 0.3000000119
30148  35.873  -43.681  45.676 0.6999999881
60920  53.766  -9.988  32.212 0.2000000030
61836  53.525  -10.062  31.062 0.2000000030
60928  56.231  -10.175  31.763 0.3000000119
60939  56.784  -10.727  31.013 0.3000000119
57294  50.500  -14.985  34.632 0.1000000015
28355  12.814  -46.101  48.669 0.3000000119
28364  13.036  -46.638  47.933 0.3000000119
125978  12.915  -45.878  48.083 0.4000000060
30926  14.307  -43.449  50.721 0.2000000030
29287  13.055  -45.700  47.526 0.3000000119
29258  13.081  -44.468  48.990 0.2000000030
27425  12.917  -47.087  48.839 0.3000000119
27424  13.215  -47.698  48.201 0.3000000119
30913  15.390  -43.143  52.259 0.2000000030
30120  12.799  -44.685  49.798 0.2000000030
30106  13.000  -44.060  50.924 0.2000000030
30119  13.360  -44.032  49.648 0.2000000030
113267  13.023  -44.206  50.244 0.2000000030
30927  13.549  -43.772  50.384 0.2000000030
30107  12.674  -44.750  50.626 0.2000000030
30919  14.827  -43.277  51.519 0.2000000030
30920  14.070  -43.245  51.579 0.2000000030
30921  13.562  -43.599  51.232 0.2000000030
30952  34.772  -42.776  47.161 0.6000000238
31792  36.006  -42.739  46.521 0.6999999881
30955  35.397  -43.190  46.395 0.6999999881
31796  36.662  -42.973  45.403 0.6000000238
31791  36.499  -42.664  46.082 0.6000000238
30962  36.726  -43.541  44.868 0.6000000238
30914  14.347  -42.923  52.455 0.2000000030
121405  12.952  -44.464  53.330 0.1000000015
30915  13.591  -43.383  52.153 0.2000000030
30095  13.048  -43.906  51.791 0.2000000030
31767  35.040  -41.582  48.141 0.5000000000
31780  34.662  -42.076  47.918 0.5000000000
109272  33.537  -42.527  47.987 0.5000000000
31779  36.306  -41.976  46.982 0.5000000000
129554  35.896  -42.140  47.156 0.6000000238
33676  37.008  -41.235  46.405 0.6000000238
112695  36.698  -41.406  46.992 0.6000000238
32727  36.902  -41.633  44.632 0.6000000238
32720  37.057  -41.448  45.440 0.6000000238
31790  36.900  -42.217  45.724 0.6000000238
27400  23.991  -47.353  49.995 0.3000000119
26561  23.800  -47.728  49.602 0.3000000119
32677  35.195  -40.922  48.468 0.4000000060
32678  34.515  -41.083  48.772 0.4000000060
32664  32.386  -41.273  49.243 0.2000000030
118435  36.248  -41.123  47.527 0.6000000238
33662  36.685  -40.564  47.262 0.6999999881
33719  36.713  -40.664  44.637 0.6000000238
34639  36.665  -39.596  46.166 0.6999999881
128360  32.639  -38.295  45.331 0.2000000030
36511  31.935  -36.974  44.634 0.2000000030
125103  31.690  -37.100  43.947 0.1000000015
36516  39.670  -36.820  43.595 0.5000000000
37528  31.689  -36.341  43.934 0.1000000015
32662  33.855  -40.679  49.195 0.3000000119
34632  36.612  -39.636  47.136 0.5000000000
127314  41.216  -36.429  43.817 0.6000000238
36515  40.512  -36.612  43.698 0.5000000000
37526  41.867  -36.249  43.339 0.5000000000
128644  42.594  -36.097  42.834 0.4000000060
37525  42.576  -36.046  43.841 0.4000000060
37515  42.432  -35.919  44.869 0.4000000060
37514  43.237  -35.673  44.253 0.4000000060
115753  43.008  -35.483  45.316 0.4000000060
39569  44.814  -34.394  44.844 0.4000000060
38569  44.033  -34.694  45.283 0.4000000060
40548  45.787  -33.703  44.714 0.3000000119
113431  48.479  -28.795  43.890 0.4000000060
45035  48.699  -28.224  43.584 0.5000000000
44008  48.661  -29.104  43.270 0.4000000060
55662  59.719  -17.488  28.970 0.2000000030
55642  60.200  -17.602  29.609 0.3000000119
45045  48.713  -28.390  42.271 0.6000000238
56543  53.572  -16.440  26.352 0.3000000119
52813  56.024  -19.698  27.321 0.2000000030
46076  48.715  -27.669  43.964 0.5000000000
116954  48.732  -27.468  42.858 0.5000000000
47086  48.825  -26.598  43.753 0.5000000000
47104  48.945  -26.326  43.056 0.5000000000
48063  48.626  -25.778  44.534 0.4000000060
47098  48.863  -26.359  43.423 0.4000000060
48085  49.252  -25.427  43.267 0.4000000060
60053  54.379  -12.776  31.522 0.5000000000
49879  48.716  -23.639  44.263 0.4000000060
121871  49.102  -24.408  44.180 0.4000000060
60042  54.432  -12.570  32.317 0.4000000060
60896  52.983  -10.931  33.984 0.2000000030
60041  54.824  -11.873  32.143 0.5000000000
130087  49.938  -23.724  42.987 0.4000000060
49933  50.337  -22.348  41.117 0.5000000000
125612  50.632  -21.931  40.203 0.5000000000
50816  51.204  -21.556  40.518 0.5000000000
52644  53.208  -20.896  38.073 0.5000000000
126952  53.360  -19.228  33.987 0.3000000119
52629  51.391  -20.291  39.126 0.4000000060
51705  51.156  -21.237  41.121 0.5000000000
52690  52.535  -20.433  36.378 0.4000000060
52666  52.269  -20.518  37.276 0.4000000060
52628  52.850  -20.866  38.978 0.5000000000
114465  52.160  -20.636  39.725 0.4000000060
52645  51.970  -20.485  38.155 0.4000000060
53585  50.435  -19.875  39.609 0.3000000119
127248  50.440  -19.801  40.272 0.4000000060
126453  50.173  -19.910  38.830 0.4000000060
128272  49.843  -19.689  39.294 0.3000000119
53605  49.653  -19.875  37.964 0.4000000060
30118  14.177  -43.618  49.699 0.2000000030
120377  13.462  -47.035  43.322 0.2000000030
30129  13.464  -44.209  48.225 0.2000000030
31795  36.906  -42.912  44.945 0.6000000238
38596  44.515  -34.737  44.488 0.4000000060
38597  43.845  -35.161  44.614 0.4000000060
39568  45.646  -34.175  44.238 0.4000000060
44024  48.722  -29.483  42.588 0.5000000000
44007  48.749  -28.426  42.832 0.5000000000
51908  53.367  -20.997  25.649 0.2000000030
52812  57.109  -19.767  27.420 0.2000000030
48076  49.111  -25.520  43.694 0.4000000060
49920  49.934  -23.683  42.444 0.4000000060
131273  53.578  -15.872  26.423 0.4000000060
60929  55.554  -11.048  32.101 0.3000000119
26560  24.484  -47.787  49.164 0.2000000030
46082  48.782  -26.868  43.048 0.5000000000
50831  52.264  -21.515  39.619 0.5000000000
33663  35.740  -40.681  48.118 0.4000000060
32663  33.157  -41.046  49.274 0.3000000119
30087  13.161  -43.760  52.735 0.1000000015
35604  32.637  -38.728  44.661 0.2000000030
112141  58.846  -17.412  28.978 0.3000000119
55663  57.815  -17.615  27.863 0.3000000119
31768  33.791  -41.962  48.479 0.4000000060
31781  34.170  -42.453  47.753 0.5000000000
128603  36.226  -43.158  45.898 0.6000000238
49919  50.235  -22.825  42.096 0.5000000000
29259  12.729  -45.395  49.259 0.2000000030
30096  12.673  -44.662  51.513 0.2000000030
30951  35.426  -42.291  47.322 0.5000000000
32692  35.699  -41.519  47.668 0.5000000000
129023  34.400  -41.582  48.478 0.4000000060
115609  36.925  -40.349  46.615 0.5000000000
33698  36.960  -40.505  45.778 0.6000000238
32679  33.771  -41.316  48.969 0.3000000119
127528  36.157  -40.403  47.849 0.5000000000
35605  32.154  -37.795  44.208 0.1000000015
129393  43.380  -35.026  45.558 0.4000000060
115259  48.759  -27.471  43.368 0.5000000000
54695  60.603  -18.007  29.492 0.2000000030
55679  53.715  -17.054  26.159 0.2000000030
46068  48.784  -26.897  43.408 0.5000000000
48062  48.907  -26.008  43.960 0.4000000060
50805  50.480  -21.816  41.608 0.4000000060
33648  35.795  -39.901  48.387 0.3000000119
34627  36.258  -39.625  47.896 0.3000000119
34621  35.835  -39.107  48.591 0.2000000030
35590  36.257  -38.708  47.757 0.2000000030
118132  35.850  -38.263  48.628 0.3000000119
36508  37.645  -37.218  44.214 0.5000000000
36499  36.224  -37.807  46.027 0.6000000238
35595  36.377  -38.696  46.669 0.5000000000
35603  36.388  -38.749  44.467 0.6000000238
34645  36.534  -39.630  45.075 0.6000000238
117651  32.709  -37.790  45.983 0.1000000015
37478  39.938  -35.968  46.563 0.3000000119
109061  39.248  -35.780  47.226 0.3000000119
36495  40.085  -36.404  45.073 0.3000000119
36496  39.251  -36.376  45.329 0.4000000060
37479  38.039  -35.977  46.752 0.2000000030
36506  39.362  -36.653  44.448 0.4000000060
36497  38.241  -36.388  45.663 0.3000000119
37454  37.503  -35.956  47.849 0.2000000030
37480  37.035  -36.472  47.084 0.2000000030
37481  33.078  -36.404  46.483 0.1000000015
37507  32.724  -36.417  45.670 0.1000000015
30124  29.212  -44.376  48.146 0.1000000015
38537  40.557  -35.405  47.837 0.3000000119
37452  39.868  -35.528  47.813 0.3000000119
37477  40.722  -35.906  46.493 0.3000000119
108488  40.265  -35.763  47.224 0.3000000119
37516  41.777  -36.251  44.352 0.5000000000
37503  40.790  -36.146  45.610 0.3000000119
37504  40.035  -36.180  45.881 0.3000000119
38520  40.729  -34.938  48.236 0.3000000119
37502  41.504  -35.824  46.105 0.3000000119
37451  41.049  -35.567  47.284 0.3000000119
38536  41.261  -35.138  47.837 0.3000000119
37475  42.070  -35.402  46.532 0.3000000119
37476  41.827  -35.167  47.243 0.3000000119
122610  42.389  -35.002  46.847 0.3000000119
46315  45.476  -27.681  24.476 0.1000000015
48232  52.329  -25.792  27.248 0.1000000015
39515  41.527  -34.417  48.127 0.2000000030
38535  42.403  -34.680  47.309 0.3000000119
45287  46.146  -27.903  24.945 0.1000000015
46294  45.860  -27.166  24.913 0.1000000015
46316  44.783  -27.494  24.007 0.1000000015
47232  53.378  -26.516  28.516 0.1000000015
46238  55.255  -27.309  29.974 0.1000000015
47231  54.278  -26.633  28.372 0.1000000015
47254  52.860  -26.183  27.868 0.1000000015
39516  40.891  -34.387  48.364 0.3000000119
48274  52.084  -25.053  25.744 0.1000000015
49167  51.024  -24.976  25.886 0.1000000015
48255  51.740  -25.433  26.588 0.1000000015
49189  50.154  -24.380  25.640 0.1000000015
124826  49.532  -23.771  25.416 0.1000000015
47253  53.773  -26.292  27.682 0.1000000015
48231  53.232  -25.880  27.042 0.1000000015
46237  56.427  -27.315  29.854 0.1000000015
46259  54.769  -26.969  29.086 0.1000000015
46258  55.718  -27.067  29.073 0.1000000015
47268  58.283  -26.142  26.898 0.1000000015
48249  57.739  -25.630  26.250 0.1000000015
47249  57.787  -26.540  27.584 0.1000000015
48269  57.352  -25.121  25.790 0.1000000015
47269  57.186  -26.137  26.842 0.1000000015
49183  56.541  -24.669  25.635 0.1000000015
47227  58.555  -26.923  28.328 0.1000000015
48250  56.624  -25.529  26.162 0.1000000015
48270  55.895  -25.135  25.841 0.1000000015
49184  55.397  -24.481  25.569 0.1000000015
47250  56.689  -26.518  27.587 0.1000000015
48251  55.663  -25.601  26.336 0.1000000015
127830  55.296  -25.216  25.902 0.1000000015
50087  54.834  -23.578  25.434 0.1000000015
47270  56.149  -26.119  26.860 0.1000000015
127521  54.872  -25.554  26.315 0.1000000015
49185  54.348  -24.369  25.477 0.1000000015
47271  55.196  -26.046  26.907 0.1000000015
48271  54.664  -25.056  25.781 0.1000000015
48272  53.876  -25.013  25.704 0.1000000015
50089  53.031  -23.426  25.048 0.1000000015
49187  52.553  -24.318  25.257 0.1000000015
47251  55.663  -26.468  27.574 0.1000000015
48252  54.232  -25.437  26.141 0.1000000015
50090  52.120  -23.395  24.879 0.1000000015
48253  53.544  -25.481  26.277 0.1000000015
48273  53.023  -25.030  25.713 0.1000000015
47252  54.706  -26.381  27.593 0.1000000015
48254  52.666  -25.474  26.403 0.1000000015
49188  51.621  -24.311  25.207 0.1000000015
50091  51.215  -23.374  24.837 0.1000000015
48230  54.215  -25.900  26.844 0.1000000015
123785  50.826  -24.167  25.199 0.1000000015
116461  50.232  -23.334  24.916 0.1000000015
116181  57.389  -27.472  30.247 0.1000000015
117227  57.110  -23.026  25.701 0.1000000015
51015  56.389  -22.522  25.753 0.1000000015
51930  56.669  -21.750  26.005 0.1000000015
49182  57.647  -24.457  25.618 0.1000000015
50085  56.934  -23.812  25.542 0.1000000015
121327  56.236  -23.300  25.585 0.1000000015
51931  55.781  -21.822  25.820 0.1000000015
127758  55.583  -23.622  25.483 0.1000000015
51016  55.420  -22.780  25.568 0.1000000015
51932  54.830  -21.815  25.617 0.1000000015
47248  58.906  -26.544  27.607 0.1000000015
50086  56.122  -23.969  25.465 0.1000000015
121317  54.392  -22.662  25.398 0.1000000015
121316  53.476  -22.553  25.141 0.1000000015
50088  53.920  -23.491  25.287 0.1000000015
49186  53.452  -24.319  25.368 0.1000000015
47228  57.320  -26.907  28.477 0.1000000015
121371  50.831  -22.556  24.736 0.1000000015
46257  56.571  -27.104  29.011 0.1000000015
47229  56.177  -26.804  28.329 0.1000000015
46236  58.303  -27.574  30.120 0.1000000015
121094  57.348  -27.264  29.455 0.1000000015
51014  57.275  -22.306  25.896 0.1000000015
51904  57.094  -21.054  26.438 0.1000000015
51905  56.165  -21.005  26.230 0.1000000015
52839  55.584  -20.257  26.592 0.1000000015
51906  55.226  -20.944  25.920 0.1000000015
52840  54.621  -20.267  26.375 0.1000000015
48248  58.869  -25.616  26.363 0.1000000015
51907  54.286  -20.945  25.759 0.1000000015
51933  53.891  -21.741  25.409 0.1000000015
47226  59.713  -27.002  28.253 0.1000000015
51935  52.075  -21.721  24.991 0.1000000015
121315  52.568  -22.482  24.891 0.1000000015
51017  51.652  -22.470  24.762 0.1000000015
46256  58.367  -27.280  29.195 0.1000000015
52838  56.604  -20.311  26.782 0.1000000015
50995  57.451  -21.694  26.174 0.1000000015
52837  57.747  -20.378  27.006 0.1000000015
48268  58.303  -25.088  25.806 0.1000000015
50084  58.113  -23.485  25.655 0.1000000015
50994  58.333  -22.011  26.106 0.1000000015
51903  58.100  -21.196  26.510 0.1000000015
52811  58.701  -19.900  27.718 0.1000000015
47267  59.453  -26.156  27.060 0.1000000015
49181  58.879  -24.333  25.658 0.1000000015
51013  58.970  -22.685  25.854 0.1000000015
52836  58.993  -20.647  27.001 0.1000000015
48267  59.545  -25.030  25.942 0.1000000015
51902  59.243  -21.354  26.501 0.1000000015
52810  60.154  -20.098  27.662 0.1000000015
49180  60.265  -24.215  25.845 0.1000000015
50083  59.593  -23.430  25.752 0.1000000015
51012  60.355  -22.572  25.962 0.1000000015
130912  60.343  -21.406  26.528 0.1000000015
51934  52.981  -21.696  25.174 0.1000000015
51929  59.693  -21.980  26.200 0.1000000015
122190  51.057  -21.771  24.950 0.1000000015
129248  57.831  -19.848  27.524 0.1000000015
53763  57.909  -19.420  28.221 0.1000000015
122562  58.852  -19.309  28.500 0.1000000015
131351  59.445  -18.803  28.996 0.1000000015
126558  59.902  -26.624  27.664 0.1000000015
53762  59.666  -19.393  28.402 0.1000000015
48247  60.178  -25.651  26.578 0.1000000015
121490  60.240  -20.830  26.908 0.1000000015
53745  60.230  -18.600  29.018 0.1000000015
53761  60.726  -19.231  28.344 0.1000000015
53744  61.014  -18.418  28.802 0.1000000015
52809  61.392  -19.723  27.639 0.1000000015
53760  61.488  -18.911  28.112 0.1000000015
53743  61.313  -18.324  28.478 0.1000000015
54694  61.151  -17.976  29.037 0.1000000015
53759  61.498  -18.673  27.823 0.1000000015
54710  60.906  -17.839  28.230 0.1000000015
54723  60.333  -18.162  27.273 0.1000000015
54711  59.922  -17.671  27.995 0.1000000015
54712  58.846  -17.642  27.883 0.1000000015
54724  59.078  -18.107  26.948 0.1000000015
54725  57.924  -18.087  26.918 0.1000000015
55676  57.063  -17.917  27.135 0.2000000030
54726  56.899  -18.267  26.397 0.1000000015
54727  55.951  -18.281  26.058 0.1000000015
54738  55.687  -18.535  25.353 0.1000000015
130760  55.139  -18.168  25.767 0.1000000015
54747  55.296  -18.781  24.708 0.1000000015
54749  53.726  -17.887  24.201 0.1000000015
53806  53.990  -18.620  23.828 0.1000000015
55678  55.156  -17.880  26.408 0.1000000015
54739  54.733  -18.244  25.182 0.1000000015
115565  54.305  -17.641  25.782 0.1000000015
54748  54.353  -18.399  24.501 0.1000000015
126783  53.725  -17.242  25.444 0.2000000030
55684  53.986  -17.711  24.940 0.1000000015
56589  53.583  -17.485  23.881 0.1000000015
56573  53.617  -17.204  24.747 0.1000000015
111575  53.938  -15.813  25.111 0.2000000030
57398  53.624  -16.556  24.992 0.2000000030
56554  53.587  -16.816  25.595 0.1000000015
56572  53.582  -16.886  24.227 0.1000000015
57388  53.604  -16.166  25.731 0.3000000119
57387  54.094  -15.412  25.906 0.3000000119
59187  54.535  -13.163  30.049 0.4000000060
59188  53.966  -13.835  29.842 0.4000000060
58294  55.110  -14.634  25.639 0.2000000030
60052  54.863  -12.355  31.127 0.4000000060
60060  55.274  -12.416  30.364 0.4000000060
59204  54.799  -13.725  28.331 0.4000000060
58283  54.559  -14.511  26.942 0.3000000119
30125  28.439  -44.847  48.018 0.1000000015
36509  36.474  -37.904  45.033 0.5000000000
115618  36.888  -37.946  43.966 0.5000000000
30944  29.661  -43.304  48.849 0.1000000015
30109  28.869  -43.801  48.626 0.1000000015
36478  36.117  -37.521  48.035 0.2000000030
128879  36.380  -36.929  47.350 0.2000000030
37506  32.761  -36.919  46.301 0.1000000015
37517  40.869  -36.390  44.640 0.4000000060
37501  42.267  -35.671  45.783 0.3000000119
114654  41.610  -36.053  45.271 0.3000000119
55661  60.501  -17.631  28.944 0.1000000015
36489  36.210  -37.741  47.066 0.2000000030
126311  36.998  -37.402  44.741 0.5000000000
36488  36.484  -36.999  46.470 0.3000000119
36498  36.747  -37.203  45.549 0.5000000000
35598  36.363  -38.701  45.554 0.6000000238
36487  39.184  -36.087  46.191 0.3000000119
36507  38.399  -36.706  44.710 0.4000000060
109284  37.471  -36.840  45.122 0.5000000000
37505  37.285  -36.603  46.064 0.3000000119
47230  55.202  -26.729  28.320 0.1000000015
127457  57.917  -22.702  25.813 0.1000000015
51928  61.002  -21.773  26.236 0.1000000015
52835  61.188  -20.444  27.289 0.1000000015
54709  61.305  -18.098  28.435 0.1000000015
54722  61.293  -18.369  27.611 0.1000000015
131337  58.320  -18.367  26.443 0.1000000015
54737  56.643  -18.627  25.604 0.1000000015
26556  13.325  -49.381  51.357 0.1000000015
27397  12.832  -48.664  52.719 0.1000000015
26566  13.208  -48.511  50.502 0.1000000015
26565  13.331  -48.593  49.464 0.1000000015
111993  13.084  -48.504  51.645 0.1000000015
27416  13.028  -47.663  49.685 0.2000000030
27406  12.886  -47.530  50.737 0.1000000015
28341  12.695  -46.546  49.744 0.1000000015
28309  12.688  -46.432  52.037 0.1000000015
28327  12.647  -46.525  50.971 0.1000000015
113483  12.832  -47.573  52.023 0.1000000015
29230  12.632  -45.467  52.247 0.1000000015
29236  12.560  -45.555  51.240 0.1000000015
29245  12.575  -45.565  50.242 0.1000000015
30088  12.791  -44.552  52.470 0.1000000015
43369  35.661  -30.484  26.391 0.2000000030
53586  49.651  -19.516  39.828 0.3000000119
52646  50.716  -20.184  38.074 0.3000000119
60065  57.401  -11.939  29.315 0.2000000030
61844  57.579  -9.377  30.675 0.1000000015
129162  36.725  -31.038  27.208 0.2000000030
41656  35.214  -32.772  26.734 0.2000000030
60076  56.641  -12.608  28.625 0.3000000119
59212  56.123  -13.553  26.849 0.2000000030
60938  57.622  -10.158  30.696 0.2000000030
27415  13.213  -47.891  48.935 0.2000000030
60075  57.413  -12.404  28.381 0.2000000030
27399  24.794  -47.000  49.843 0.1000000015
38571  42.764  -35.140  46.194 0.2000000030
38549  42.909  -34.658  46.782 0.2000000030
128309  48.664  -30.203  42.400 0.3000000119
39529  43.050  -34.153  47.344 0.2000000030
42236  46.007  -31.921  45.768 0.2000000030
43993  48.316  -29.599  43.880 0.3000000119
44993  45.773  -28.693  45.967 0.1000000015
45010  46.800  -28.905  45.714 0.2000000030
43977  48.028  -28.953  44.485 0.3000000119
45008  47.792  -28.324  45.005 0.2000000030
45009  47.175  -28.369  45.537 0.2000000030
44992  46.460  -28.347  45.758 0.2000000030
45022  48.441  -28.145  44.347 0.3000000119
45011  45.640  -28.252  45.758 0.1000000015
125306  47.535  -27.912  45.305 0.3000000119
46051  46.501  -27.646  45.593 0.2000000030
46052  46.113  -27.898  45.736 0.1000000015
47087  48.701  -26.451  44.335 0.4000000060
47073  48.373  -26.992  44.846 0.4000000060
46059  48.119  -27.698  44.909 0.3000000119
47062  46.441  -27.164  45.423 0.2000000030
46063  45.440  -27.926  45.248 0.1000000015
113817  44.917  -28.019  43.363 0.1000000015
48051  48.218  -26.122  44.960 0.4000000060
47074  47.598  -26.636  45.237 0.3000000119
46060  47.601  -27.370  45.263 0.2000000030
46061  46.941  -27.173  45.429 0.2000000030
48982  48.121  -25.186  44.975 0.3000000119
47075  46.923  -26.482  45.267 0.2000000030
126372  46.640  -26.468  45.164 0.2000000030
47089  45.776  -26.880  43.958 0.1000000015
48983  47.344  -25.168  45.028 0.3000000119
48054  46.628  -26.003  44.895 0.2000000030
47088  46.224  -26.497  44.549 0.1000000015
46077  45.319  -27.239  43.098 0.1000000015
117451  44.884  -27.967  42.500 0.1000000015
48992  47.715  -24.457  44.790 0.3000000119
119648  46.430  -25.846  44.339 0.1000000015
47099  46.144  -26.115  43.845 0.1000000015
47105  45.521  -26.547  42.320 0.1000000015
47110  45.291  -26.666  41.610 0.1000000015
49904  50.102  -23.098  42.947 0.3000000119
48064  46.971  -25.385  44.935 0.2000000030
48065  46.766  -25.296  44.491 0.1000000015
48991  48.384  -24.369  44.581 0.3000000119
48993  47.220  -24.775  44.673 0.2000000030
48077  46.388  -25.343  43.725 0.1000000015
47100  45.880  -26.280  43.097 0.1000000015
116879  45.473  -25.963  41.636 0.1000000015
49890  49.754  -23.014  43.546 0.3000000119
50776  49.974  -22.356  43.047 0.3000000119
51673  50.130  -21.621  42.404 0.3000000119
49903  50.170  -22.356  42.446 0.3000000119
50761  47.770  -23.153  44.116 0.3000000119
49891  47.188  -23.461  43.746 0.1000000015
49003  46.370  -24.665  43.204 0.1000000015
50760  48.360  -22.963  44.162 0.3000000119
49880  48.013  -23.674  44.524 0.3000000119
49002  46.865  -24.452  43.941 0.1000000015
48087  45.809  -25.827  42.323 0.1000000015
50778  48.784  -22.310  43.791 0.3000000119
50777  49.465  -22.347  43.503 0.3000000119
51656  49.698  -21.839  43.030 0.3000000119
52566  50.135  -20.800  42.166 0.3000000119
114498  49.048  -19.315  40.279 0.2000000030
52615  46.539  -20.252  40.137 0.2000000030
126133  51.228  -20.329  37.364 0.2000000030
127098  50.178  -20.137  37.037 0.2000000030
52667  51.226  -20.303  36.432 0.2000000030
53620  50.271  -20.139  36.104 0.2000000030
129040  50.802  -20.007  35.522 0.2000000030
53640  51.716  -20.047  35.452 0.2000000030
53663  50.942  -19.664  34.610 0.2000000030
114867  50.077  -19.537  34.379 0.1000000015
53684  51.496  -19.334  33.693 0.1000000015
53685  50.511  -19.317  33.708 0.1000000015
53683  52.501  -19.308  33.758 0.1000000015
53662  52.100  -19.692  34.551 0.1000000015
54636  51.961  -18.903  33.029 0.1000000015
119742  53.009  -18.676  33.198 0.1000000015
60964  52.522  -11.409  28.388 0.1000000015
49878  49.425  -23.714  43.895 0.3000000119
111088  54.625  -9.636  32.484 0.2000000030
60911  53.590  -10.304  33.064 0.2000000030
26559  25.234  -47.445  49.054 0.1000000015
38570  43.456  -34.654  46.092 0.2000000030
51691  50.698  -21.116  41.684 0.3000000119
53576  48.440  -19.340  40.551 0.2000000030
53578  47.100  -19.722  40.075 0.2000000030
60912  52.887  -10.806  33.186 0.1000000015
61853  56.684  -9.317  28.876 0.1000000015
108346  54.206  -11.007  27.489 0.1000000015
118908  48.558  -27.504  44.423 0.3000000119
111515  48.890  -25.167  44.342 0.3000000119
46062  45.989  -27.528  45.489 0.1000000015
46070  45.842  -27.236  44.839 0.2000000030
47076  46.370  -26.848  45.122 0.2000000030
46071  45.246  -27.749  44.236 0.1000000015
48052  47.471  -25.827  45.169 0.3000000119
115521  45.102  -27.252  42.057 0.1000000015
49881  47.491  -23.953  44.388 0.2000000030
48086  46.057  -25.326  42.837 0.1000000015
52630  46.538  -20.081  39.260 0.2000000030
53621  49.460  -20.007  36.230 0.2000000030
53641  49.972  -19.826  35.258 0.1000000015
54648  52.243  -18.139  32.686 0.1000000015
28444  14.582  -46.672  38.418 0.1000000015
29408  18.678  -44.926  33.959 0.2000000030
127569  14.488  -48.864  44.416 0.1000000015
27474  14.649  -48.413  43.146 0.1000000015
27481  14.750  -48.170  42.309 0.1000000015
28429  14.243  -47.141  41.130 0.1000000015
27547  24.734  -47.886  32.802 0.2000000030
26682  23.862  -48.083  32.671 0.2000000030
28438  14.485  -46.856  39.239 0.1000000015
28439  13.914  -46.144  39.747 0.1000000015
26683  22.929  -48.188  32.692 0.2000000030
29375  14.055  -45.896  38.757 0.1000000015
29407  19.118  -45.617  33.643 0.2000000030
26593  13.889  -48.381  44.935 0.1000000015
26602  14.217  -48.371  43.991 0.1000000015
124733  14.012  -47.607  42.776 0.1000000015
27565  23.746  -47.036  31.676 0.2000000030
27555  23.373  -47.615  32.125 0.2000000030
27556  22.426  -47.685  32.128 0.2000000030
27557  21.528  -47.588  32.258 0.2000000030
113720  14.042  -45.183  38.047 0.1000000015
27566  22.854  -47.154  31.537 0.2000000030
27567  21.903  -47.142  31.514 0.2000000030
27568  20.990  -46.940  31.705 0.2000000030
28489  20.261  -46.633  32.133 0.2000000030
29416  19.827  -46.018  31.979 0.2000000030
28490  19.776  -46.338  32.576 0.2000000030
120697  13.582  -49.500  48.989 0.1000000015
26582  13.485  -48.528  47.674 0.1000000015
27439  13.234  -47.573  47.338 0.1000000015
115313  13.424  -47.955  45.843 0.1000000015
29369  13.613  -46.273  41.679 0.1000000015
38797  29.467  -34.773  29.198 0.2000000030
44266  38.190  -29.280  26.947 0.1000000015
45290  37.171  -27.925  25.310 0.1000000015
44283  36.799  -28.833  26.037 0.1000000015
44268  36.385  -29.828  26.439 0.1000000015
46346  37.969  -27.542  23.788 0.1000000015
45291  35.795  -28.559  25.057 0.1000000015
44285  35.358  -29.196  25.451 0.1000000015
46365  39.024  -28.144  22.779 0.1000000015
45348  37.667  -28.452  22.701 0.1000000015
45330  37.576  -27.884  23.264 0.1000000015
44326  39.376  -29.695  22.388 0.1000000015
121575  37.896  -29.059  22.426 0.1000000015
45271  38.625  -28.441  26.423 0.1000000015
46320  38.662  -27.357  23.977 0.1000000015
46321  37.990  -27.506  24.618 0.1000000015
46298  38.841  -27.354  24.913 0.1000000015
46345  38.451  -27.729  23.281 0.1000000015
45345  40.688  -28.542  22.571 0.1000000015
46344  39.293  -27.516  23.376 0.1000000015
46364  40.080  -27.788  22.878 0.1000000015
46287  39.905  -27.620  26.084 0.1000000015
46296  40.494  -26.847  24.736 0.1000000015
128706  40.373  -26.925  23.949 0.1000000015
120427  39.999  -27.269  23.529 0.1000000015
39530  42.436  -34.303  47.674 0.1000000015
39531  41.854  -34.703  47.832 0.1000000015
41365  42.124  -33.506  47.826 0.1000000015
27475  13.899  -47.790  43.480 0.1000000015
28426  13.568  -46.695  42.551 0.1000000015
29400  18.447  -45.092  34.687 0.2000000030
37754  32.422  -35.683  27.061 0.2000000030
42509  35.612  -31.637  26.780 0.1000000015
42510  34.840  -31.926  26.436 0.1000000015
43368  36.300  -30.851  26.873 0.1000000015
44267  37.295  -29.544  26.709 0.1000000015
114675  40.344  -27.132  25.599 0.1000000015
45270  39.485  -28.276  26.606 0.1000000015
26575  13.435  -48.587  48.539 0.2000000030
26673  24.318  -48.533  33.228 0.1000000015
26684  22.007  -48.187  32.805 0.1000000015
28481  19.553  -46.350  33.356 0.2000000030
27482  14.106  -47.344  41.968 0.1000000015
27558  20.741  -47.322  32.564 0.2000000030
45272  37.684  -28.578  26.247 0.1000000015
45289  38.215  -27.856  25.597 0.1000000015
45309  37.255  -27.616  24.152 0.1000000015
115126  36.410  -28.412  25.362 0.1000000015
44269  35.703  -29.693  26.003 0.1000000015
45329  38.216  -28.122  22.869 0.1000000015
113359  36.407  -28.026  24.541 0.1000000015
44284  36.064  -29.064  25.744 0.1000000015
43384  35.085  -30.003  25.838 0.1000000015
44286  34.619  -29.465  25.189 0.1000000015
45347  38.386  -28.638  22.576 0.1000000015
45349  36.781  -28.330  22.937 0.1000000015
130469  36.780  -27.884  23.649 0.1000000015
114670  39.015  -28.883  22.467 0.1000000015
45346  39.751  -28.711  22.523 0.1000000015
44327  38.518  -29.412  22.375 0.1000000015
45288  39.111  -27.744  25.832 0.1000000015
46319  39.595  -27.151  24.224 0.1000000015
46297  39.682  -27.212  25.227 0.1000000015
27546  25.524  -47.687  33.101 0.1000000015
27548  21.221  -47.925  33.082 0.1000000015
27554  24.306  -47.370  32.202 0.1000000015
28466  18.061  -45.901  35.996 0.1000000015
27553  25.161  -47.138  32.563 0.1000000015
26676  21.669  -48.475  33.626 0.1000000015
26677  20.942  -48.120  33.951 0.1000000015
28480  20.077  -46.928  33.004 0.1000000015
27522  20.303  -47.051  37.142 0.1000000015
27549  20.545  -47.531  33.470 0.1000000015
26643  21.965  -48.648  36.993 0.1000000015
26644  21.393  -47.983  37.443 0.1000000015
28452  20.014  -46.689  36.426 0.1000000015
26665  20.748  -47.985  34.886 0.1000000015
27539  20.247  -47.276  34.975 0.1000000015
28472  19.918  -47.027  34.059 0.1000000015
115750  21.537  -48.323  36.582 0.1000000015
113646  22.009  -48.856  36.040 0.1000000015
26656  21.285  -48.322  35.690 0.1000000015
27534  20.554  -47.379  35.959 0.1000000015
38852  28.421  -35.288  26.093 0.1000000015
131004  25.558  -36.108  26.994 0.1000000015
38853  27.367  -35.226  26.222 0.1000000015
115299  29.999  -35.771  26.166 0.1000000015
37772  29.260  -35.625  25.841 0.1000000015
37758  25.200  -36.701  27.402 0.1000000015
37757  26.139  -35.598  27.039 0.1000000015
112817  25.660  -36.018  27.666 0.1000000015
37771  29.413  -35.453  26.484 0.1000000015
109764  27.844  -34.963  26.702 0.1000000015
112674  27.240  -34.845  28.061 0.1000000015
38834  29.621  -35.204  27.328 0.1000000015
39809  28.221  -34.584  27.876 0.1000000015
37756  30.263  -35.741  26.911 0.1000000015
39781  28.461  -34.527  29.343 0.1000000015
39782  27.722  -34.586  29.447 0.1000000015
38815  29.654  -34.910  28.221 0.1000000015
39794  28.794  -34.574  28.517 0.1000000015
39767  28.071  -34.565  30.193 0.1000000015
38781  28.928  -34.882  30.725 0.1000000015
52668  45.730  -20.353  37.031 0.1000000015
53587  48.780  -19.361  39.504 0.1000000015
53597  48.363  -19.462  38.667 0.1000000015
53625  46.263  -20.197  36.425 0.1000000015
53606  48.727  -19.670  37.917 0.1000000015
120964  49.104  -19.856  37.095 0.1000000015
108494  47.308  -19.599  39.272 0.1000000015
53599  46.856  -19.827  38.453 0.1000000015
127166  48.440  -19.306  39.930 0.1000000015
53598  47.584  -19.556  38.516 0.1000000015
53624  47.028  -19.928  36.649 0.1000000015
53607  47.906  -19.599  37.810 0.1000000015
115417  48.245  -19.748  37.112 0.1000000015
58306  55.302  -14.907  24.654 0.1000000015
57386  54.551  -15.504  24.542 0.1000000015
108455  54.608  -15.699  23.818 0.1000000015
57397  53.977  -16.176  24.394 0.1000000015
57410  55.022  -15.560  23.166 0.1000000015
56599  54.940  -15.958  22.364 0.1000000015
126644  54.477  -16.066  23.155 0.1000000015
57458  62.293  -15.483  18.750 0.1000000015
58375  61.815  -14.594  19.492 0.1000000015
57459  61.804  -15.477  19.323 0.1000000015
123373  56.314  -15.555  21.658 0.1000000015
57469  62.564  -16.188  18.192 0.1000000015
57470  62.269  -16.215  18.744 0.1000000015
56617  61.700  -16.166  19.161 0.1000000015
56611  58.156  -15.872  20.020 0.1000000015
56612  57.259  -16.128  20.226 0.1000000015
57447  56.785  -15.788  20.964 0.1000000015
56607  55.856  -16.050  21.072 0.1000000015
56629  62.060  -16.847  18.745 0.1000000015
59222  56.029  -13.919  25.968 0.1000000015
58293  56.085  -14.287  25.133 0.1000000015
129551  55.007  -15.278  24.181 0.1000000015
58305  56.194  -14.524  24.277 0.1000000015
57409  55.480  -15.117  23.759 0.1000000015
58362  61.565  -13.738  20.011 0.1000000015
58314  56.400  -14.760  23.424 0.1000000015
110513  55.726  -15.297  22.884 0.1000000015
116324  61.983  -14.079  19.317 0.1000000015
58328  57.700  -14.673  22.419 0.1000000015
57427  56.649  -15.065  22.487 0.1000000015
128383  55.838  -15.500  22.193 0.1000000015
112180  60.999  -15.609  19.549 0.1000000015
57445  58.798  -14.890  21.035 0.1000000015
57453  57.835  -15.402  20.826 0.1000000015
57446  58.203  -14.806  21.681 0.1000000015
114023  57.232  -15.206  21.664 0.1000000015
130691  60.519  -16.014  19.436 0.1000000015
57461  59.107  -15.829  19.789 0.1000000015
57452  58.689  -15.419  20.420 0.1000000015
60949  58.094  -10.859  30.022 0.1000000015
60064  58.331  -11.489  29.160 0.1000000015
59211  57.316  -12.934  27.283 0.1000000015
114904  56.794  -13.459  26.367 0.1000000015
109319  57.643  -13.170  26.307 0.1000000015
59221  56.898  -13.679  25.551 0.1000000015
59220  57.748  -13.419  25.465 0.1000000015
59236  56.869  -14.039  24.772 0.1000000015
59249  57.956  -14.028  23.840 0.1000000015
58304  57.076  -14.294  24.035 0.1000000015
114927  58.744  -13.482  24.429 0.1000000015
58363  61.249  -13.983  20.260 0.1000000015
59248  59.437  -13.477  23.777 0.1000000015
128930  58.686  -13.829  23.634 0.1000000015
58313  57.320  -14.501  23.211 0.1000000015
57450  61.203  -14.708  19.846 0.1000000015
115637  60.480  -14.853  20.133 0.1000000015
58350  59.130  -14.476  21.779 0.1000000015
58327  58.653  -14.376  22.433 0.1000000015
58312  58.226  -14.229  23.101 0.1000000015
57451  59.562  -15.068  20.456 0.1000000015
125223  59.519  -14.538  21.194 0.1000000015
60948  58.807  -10.312  29.684 0.1000000015
60962  59.162  -10.927  28.903 0.1000000015
60074  58.426  -12.042  28.196 0.1000000015
60085  58.482  -12.458  27.152 0.1000000015
108818  58.400  -13.283  25.188 0.1000000015
59233  59.772  -12.925  24.580 0.1000000015
61017  61.610  -11.063  23.743 0.1000000015
58364  60.811  -14.091  20.585 0.1000000015
58349  59.949  -14.099  21.742 0.1000000015
58365  60.160  -14.327  20.923 0.1000000015
60073  59.302  -11.493  27.961 0.1000000015
60084  59.378  -11.960  26.965 0.1000000015
59210  58.626  -12.803  26.075 0.1000000015
60097  59.515  -12.275  26.123 0.1000000015
59234  59.221  -12.844  25.328 0.1000000015
60973  60.504  -10.173  26.249 0.1000000015
60095  60.778  -11.461  25.170 0.1000000015
122170  61.830  -13.391  19.810 0.1000000015
59278  61.375  -12.914  21.539 0.1000000015
58347  61.078  -13.445  21.107 0.1000000015
58325  60.423  -13.489  22.425 0.1000000015
59279  61.023  -13.108  21.998 0.1000000015
59264  60.984  -12.806  22.840 0.1000000015
60142  61.779  -12.316  21.636 0.1000000015
61911  59.213  -10.205  22.887 0.1000000015
61044  58.100  -11.858  21.583 0.1000000015
61051  59.021  -11.072  21.271 0.1000000015
28473  19.387  -46.254  34.365 0.1000000015
28463  20.093  -46.835  35.683 0.1000000015
59289  61.366  -13.316  20.762 0.1000000015
59288  61.627  -13.130  20.501 0.1000000015
59277  61.550  -12.872  21.097 0.1000000015
61042  61.925  -11.658  22.352 0.1000000015
61881  60.514  -9.510  25.721 0.1000000015
61901  61.765  -10.034  23.355 0.1000000015
60975  59.908  -10.909  27.558 0.1000000015
126539  62.089  -11.479  21.746 0.1000000015
60960  59.876  -9.700  27.709 0.1000000015
62766  59.986  -9.143  26.117 0.1000000015
61029  62.181  -10.655  22.107 0.1000000015
61890  61.381  -9.715  24.208 0.1000000015
61919  62.215  -9.593  21.573 0.1000000015
112968  61.732  -11.727  22.999 0.1000000015
126834  61.202  -10.756  24.746 0.1000000015
61909  61.955  -9.542  22.478 0.1000000015
61030  61.979  -10.837  22.896 0.1000000015
62797  60.584  -8.595  22.804 0.1000000015
61921  59.343  -10.395  22.087 0.1000000015
61920  59.878  -9.761  21.556 0.1000000015
58326  59.568  -14.024  22.460 0.1000000015
62765  60.223  -8.847  25.249 0.1000000015
61004  61.009  -9.874  25.100 0.1000000015
113592  60.832  -10.465  25.597 0.1000000015
59265  59.939  -13.537  23.127 0.1000000015
122303  19.735  -46.675  35.065 0.1000000015
111391  26.360  -35.420  27.822 0.1000000015
53588  47.831  -19.395  39.986 0.1000000015
127888  59.386  -9.207  24.199 0.1000000015
53596  49.277  -19.579  38.863 0.1000000015
130442  54.591  -15.250  25.163 0.1000000015
60937  58.241  -9.773  30.220 0.1000000015
53600  46.280  -20.221  38.421 0.1000000015
121571  20.466  -47.626  34.261 0.1000000015
27533  21.008  -47.682  36.797 0.1000000015
38867  27.655  -35.473  25.498 0.1000000015
38837  27.018  -35.089  27.065 0.1000000015
38836  27.781  -34.782  27.320 0.1000000015
38854  26.600  -35.414  26.454 0.1000000015
38835  28.639  -34.870  27.025 0.1000000015
38816  29.022  -34.708  27.766 0.1000000015
39795  27.893  -34.535  28.712 0.1000000015
112520  46.523  -20.053  37.075 0.1000000015
53609  46.394  -20.121  37.733 0.1000000015
108733  48.048  -19.360  39.318 0.1000000015
53608  47.108  -19.776  37.603 0.1000000015
124744  47.581  -19.766  37.117 0.1000000015
53623  47.770  -19.870  36.451 0.1000000015
56618  61.096  -16.533  19.117 0.1000000015
56613  56.314  -16.435  20.395 0.1000000015
56630  61.664  -17.437  18.633 0.1000000015
57460  60.080  -15.580  19.715 0.1000000015
115814  59.061  -16.534  19.387 0.1000000015
59235  57.707  -13.732  24.659 0.1000000015
59266  59.092  -13.914  23.084 0.1000000015
59247  60.245  -13.033  23.813 0.1000000015
60096  60.139  -12.107  25.540 0.1000000015
60130  61.390  -12.157  23.355 0.1000000015
125025  61.171  -11.813  24.249 0.1000000015
59246  60.879  -12.582  23.665 0.1000000015
60106  60.569  -12.365  24.523 0.1000000015
58348  60.597  -13.692  21.477 0.1000000015
60083  60.025  -11.500  26.607 0.1000000015
60991  60.554  -11.061  26.126 0.1000000015
61882  60.233  -9.608  26.468 0.1000000015
60974  60.269  -10.292  26.942 0.1000000015
128049  61.868  -12.762  20.247 0.1000000015
59263  61.484  -12.440  22.427 0.1000000015
122574  59.857  -8.929  23.617 0.1000000015
61043  58.715  -11.171  22.250 0.1000000015
62772  60.760  -9.115  24.816 0.1000000015
61871  59.868  -9.355  26.930 0.1000000015
62782  60.944  -8.786  23.889 0.1000000015
115596  60.536  -13.093  23.167 0.1000000015
62796  60.966  -8.461  22.992 0.1000000015
114704  60.600  -8.609  23.547 0.1000000015
61910  59.881  -9.328  22.477 0.1000000015
62795  61.466  -9.043  23.242 0.1000000015
26558  25.891  -47.273  48.922 0.2000000030
26564  21.471  -47.337  49.154 0.4000000060
26573  22.654  -47.915  49.017 0.4000000060
27412  21.030  -47.098  49.616 0.4000000060
27427  29.087  -46.872  46.953 0.6999999881
27441  30.918  -46.520  45.769 0.8000000119
27443  29.680  -46.758  46.334 0.6999999881
28353  19.279  -45.496  48.883 0.3000000119
28384  31.506  -46.367  45.407 0.8000000119
28400  31.124  -46.595  44.900 0.6999999881
29338  32.752  -45.697  44.053 0.6999999881
29350  36.869  -44.880  42.923 0.6999999881
29417  19.405  -45.605  32.578 0.3000000119
29435  22.445  -45.063  30.453 0.2000000030
30187  37.745  -44.394  42.889 0.6999999881
30217  18.171  -42.747  42.959 0.4000000060
30222  37.971  -44.635  41.752 0.6999999881
30223  36.885  -44.487  42.004 0.6999999881
31002  38.877  -44.200  41.726 0.6999999881
31023  38.243  -44.383  40.921 0.6999999881
31024  37.630  -44.263  41.263 0.6999999881
31036  15.303  -42.658  41.142 0.3000000119
31042  39.778  -43.733  39.973 0.8000000119
31831  41.312  -42.546  40.130 0.8000000119
31854  40.798  -43.111  40.014 0.8000000119
31880  39.386  -42.882  39.086 0.8000000119
31881  38.198  -42.554  39.256 0.6999999881
32611  17.641  -41.783  53.500 0.3000000119
32665  28.994  -41.885  49.762 0.2000000030
32706  36.750  -41.918  46.485 0.6000000238
32728  31.126  -41.750  44.626 0.1000000015
32763  41.754  -42.025  40.220 0.8000000119
32765  40.283  -42.887  40.544 0.8000000119
32799  36.348  -40.790  39.180 0.6999999881
33575  12.186  -40.817  56.336 0.1000000015
33585  15.662  -40.858  55.122 0.2000000030
33622  33.987  -39.161  49.465 0.2000000030
33757  42.255  -40.786  40.386 0.6999999881
33759  39.835  -41.065  40.466 0.8000000119
33764  42.954  -40.781  39.960 0.8000000119
33772  43.321  -40.302  39.678 0.6999999881
34594  13.977  -40.158  55.889 0.2000000030
34602  13.569  -39.917  54.392 0.2000000030
34614  34.970  -38.718  49.481 0.2000000030
34640  32.803  -39.645  45.274 0.2000000030
34647  32.227  -39.997  43.967 0.1000000015
34710  43.316  -39.834  40.331 0.6999999881
34711  42.716  -40.049  40.489 0.8000000119
35585  35.425  -38.486  49.165 0.2000000030
35619  38.304  -38.014  42.125 0.6999999881
35659  44.644  -38.559  40.232 0.6000000238
35684  44.190  -39.149  39.858 0.8000000119
36450  34.737  -37.226  49.542 0.3000000119
36452  33.935  -37.608  49.089 0.2000000030
36465  35.930  -37.112  48.908 0.3000000119
36510  32.377  -37.739  45.041 0.2000000030
36533  45.087  -37.525  41.080 0.6999999881
37435  37.191  -35.381  49.341 0.2000000030
37456  33.330  -36.388  47.281 0.1000000015
37549  45.415  -36.768  41.179 0.8000000119
37578  44.891  -37.369  39.760 0.8000000119
37627  41.838  -36.531  37.034 0.8000000119
37721  36.595  -35.961  29.327 0.5000000000
38505  37.897  -34.464  49.487 0.3000000119
38506  37.206  -34.808  49.708 0.3000000119
38510  34.504  -35.960  49.162 0.2000000030
38519  41.293  -34.748  48.131 0.2000000030
38524  34.622  -35.307  49.089 0.3000000119
38526  33.825  -35.904  48.207 0.2000000030
39507  35.244  -34.957  49.450 0.3000000119
39514  42.052  -34.116  47.930 0.1000000015
39518  38.624  -34.253  49.196 0.3000000119
39519  37.950  -33.942  49.378 0.3000000119
39533  33.727  -35.441  47.289 0.1000000015
39647  46.956  -34.136  41.393 0.8000000119
40495  36.576  -33.981  49.462 0.3000000119
40496  36.107  -33.999  49.250 0.2000000030
40505  39.693  -33.757  48.492 0.1000000015
40507  37.496  -33.359  48.793 0.3000000119
40509  35.835  -33.989  48.684 0.1000000015
40520  34.848  -34.493  47.557 0.1000000015
40582  39.008  -34.131  42.981 0.1000000015
41366  41.556  -33.410  47.813 0.1000000015
41384  40.342  -32.756  46.911 0.1000000015
41395  38.739  -32.946  46.445 0.1000000015
41429  41.871  -32.995  41.408 0.1000000015
42211  43.030  -32.232  47.405 0.2000000030
42248  41.882  -32.235  44.971 0.1000000015
42258  43.157  -32.089  43.048 0.1000000015
43122  48.702  -29.849  42.048 0.5000000000
43978  47.391  -29.001  45.221 0.2000000030
44991  47.013  -27.794  45.558 0.2000000030
46069  48.754  -27.087  43.993 0.4000000060
46105  47.553  -27.403  39.069 0.8000000119
48053  46.935  -25.822  45.126 0.2000000030
48108  44.494  -24.997  39.206 0.1000000015
50069  45.626  -22.453  26.732 0.5000000000
50759  49.157  -22.943  43.979 0.3000000119
52598  46.955  -20.037  40.944 0.3000000119
53562  49.538  -19.643  41.487 0.3000000119
54678  60.641  -17.814  29.395 0.2000000030
55660  61.054  -17.823  28.901 0.1000000015
57428  55.584  -15.849  21.705 0.1000000015
107092  30.769  -42.676  45.252 0.1000000015
111626  36.237  -44.642  44.694 0.8000000119
112196  20.579  -46.790  50.055 0.4000000060
112327  41.747  -41.571  40.324 0.8000000119
113803  48.788  -27.062  42.874 0.6000000238
114287  27.870  -47.055  47.839 0.6000000238
114658  34.396  -37.113  49.273 0.2000000030
115109  31.679  -41.193  44.685 0.1000000015
115790  47.553  -30.804  44.464 0.3000000119
117465  43.766  -30.830  43.930 0.1000000015
117601  22.040  -42.331  42.210 0.5000000000
117619  35.354  -36.522  49.574 0.3000000119
117853  44.965  -28.006  40.607 0.1000000015
118375  46.171  -21.996  41.477 0.1000000015
119093  20.286  -45.090  31.179 0.3000000119
120123  45.942  -34.029  39.994 0.8000000119
120514  38.984  -41.464  37.722 0.6999999881
120654  35.057  -36.835  49.630 0.3000000119
121335  41.464  -35.584  46.751 0.3000000119
121594  32.886  -38.808  45.715 0.2000000030
121785  33.140  -36.809  46.970 0.2000000030
122096  34.440  -38.941  49.504 0.2000000030
124825  26.026  -47.131  49.096 0.2000000030
125033  48.982  -25.950  43.350 0.4000000060
126537  48.353  -31.626  41.721 0.6999999881
127935  33.998  -35.173  47.716 0.2000000030
128423  46.134  -25.772  43.354 0.1000000015
128464  38.027  -41.935  41.917 0.8999999762
128496  49.240  -24.944  43.998 0.4000000060
129468  36.099  -38.968  48.269 0.3000000119
130160  24.984  -46.536  50.001 0.1000000015
130357  57.292  -13.705  25.079 0.1000000015
130700  41.567  -41.478  37.629 0.8000000119
130932  48.753  -27.077  43.137 0.5000000000
131113  48.732  -27.186  42.893 0.6000000238
131247  19.844  -44.269  45.180 0.5000000000
