#!ascii label  , from subject sub-v1s13x0050005_ses-1 vox2ras=TkReg
2811
925  12.875  -86.891  -16.678 0.8999999762
126251  12.138  -88.165  -16.504 0.8999999762
635  11.394  -87.758  -15.215 0.8999999762
651  13.255  -87.167  -17.241 0.8999999762
652  12.587  -87.575  -17.050 0.8999999762
658  12.923  -88.046  -17.920 0.8999999762
234  7.526  -90.078  -9.070 0.5000000000
905  11.512  -86.630  -14.908 0.8000000119
251  9.193  -90.061  -10.739 0.6999999881
129661  10.439  -87.573  -13.679 0.8000000119
903  13.328  -86.133  -15.177 0.8000000119
914  13.710  -86.487  -15.906 0.8000000119
124572  14.174  -86.664  -16.408 0.8999999762
118480  12.374  -88.642  -17.210 0.8999999762
934  14.085  -86.920  -17.070 0.8999999762
657  13.843  -87.447  -17.888 0.8999999762
138  17.322  -90.186  -15.685 0.6999999881
292  16.294  -89.523  -16.993 0.8000000119
131178  14.306  -88.683  -18.650 0.8999999762
162  15.959  -90.953  -17.951 0.6999999881
44  17.397  -91.090  -17.348 0.8000000119
1199  12.628  -84.949  -14.449 0.8000000119
1200  11.821  -85.258  -14.147 0.8000000119
898  11.380  -86.090  -14.185 0.8000000119
906  10.861  -86.840  -14.221 0.8000000119
105  9.682  -90.094  -11.505 0.6999999881
1209  12.894  -85.539  -14.777 0.6999999881
411  10.662  -88.964  -13.587 0.8000000119
108553  13.715  -86.214  -14.512 0.8000000119
916  11.953  -86.834  -15.730 0.8999999762
260  10.730  -90.253  -12.937 0.8000000119
426  11.634  -88.848  -15.312 0.8999999762
642  14.680  -86.680  -15.796 0.8000000119
665  13.663  -88.296  -18.485 0.8999999762
268  17.592  -89.094  -14.252 0.6999999881
641  15.584  -87.026  -15.266 0.6999999881
664  14.568  -87.870  -18.328 0.8999999762
285  16.914  -89.446  -16.122 0.8000000119
655  15.477  -87.897  -17.827 0.8999999762
124088  16.455  -91.145  -18.127 0.6999999881
226  7.782  -89.607  -8.420 0.6000000238
113448  8.600  -89.154  -9.164 0.8999999762
1954  13.648  -83.714  -13.446 0.8000000119
605  8.854  -88.044  -10.189 1.0000000000
1547  13.857  -84.422  -13.897 0.8000000119
116133  12.714  -85.527  -10.178 0.5000000000
1208  13.530  -85.586  -14.588 0.6999999881
397  9.789  -89.255  -11.771 0.8000000119
869  12.534  -86.307  -10.543 0.5000000000
636  10.895  -87.744  -14.437 0.8999999762
261  10.176  -90.146  -12.139 0.8000000119
123766  13.080  -87.372  -12.112 0.6000000238
419  11.233  -88.936  -14.524 0.8999999762
115500  11.714  -89.869  -14.673 0.8999999762
269  16.334  -89.255  -12.994 0.6000000238
287  12.187  -90.229  -16.038 0.8999999762
113  16.460  -90.461  -11.992 0.5000000000
123  16.916  -90.273  -12.848 0.6000000238
131  17.880  -90.391  -14.792 0.6999999881
656  14.839  -87.295  -17.498 0.8999999762
441  12.588  -89.300  -17.826 0.8999999762
33  18.285  -90.626  -14.254 0.6000000238
425  17.129  -88.262  -15.673 0.8000000119
666  13.088  -89.007  -18.348 0.8000000119
456  14.078  -90.014  -18.731 0.8000000119
147  16.684  -90.328  -16.667 0.8000000119
32  18.697  -90.957  -14.652 0.4000000060
146  17.157  -90.618  -16.332 0.8000000119
45  16.561  -91.043  -17.568 0.8000000119
3719  8.311  -79.135  1.153 0.6999999881
3709  8.152  -79.241  2.080 0.6999999881
4239  7.942  -78.515  0.757 0.8000000119
4226  7.432  -78.470  1.317 0.8000000119
3209  5.682  -80.295  0.692 0.8000000119
128833  8.078  -78.029  -0.791 0.8000000119
4240  7.355  -78.336  0.534 0.8000000119
4261  7.759  -78.031  -1.081 0.8000000119
3731  6.551  -78.817  -0.433 0.8000000119
3223  5.751  -80.401  0.001 0.8000000119
826  7.881  -87.053  -5.280 0.8999999762
2840  13.510  -81.684  -11.503 0.6000000238
593  8.613  -88.205  -9.459 0.8999999762
1549  12.175  -84.547  -13.809 0.8999999762
128473  8.887  -87.200  -10.452 1.0000000000
390  9.430  -88.786  -11.194 0.8000000119
125104  14.168  -84.703  -13.506 0.8000000119
114975  10.309  -86.552  -12.903 0.8000000119
611  9.518  -88.069  -11.732 0.8000000119
897  13.796  -85.994  -13.989 0.6999999881
625  13.772  -86.952  -13.800 0.6999999881
34  11.269  -91.091  -14.592 0.8000000119
257  16.223  -90.149  -12.382 0.6000000238
633  14.672  -86.965  -14.804 0.6999999881
281  11.892  -90.381  -15.079 0.8000000119
923  14.907  -86.881  -16.633 0.8999999762
118491  12.465  -90.319  -17.539 0.6999999881
300  12.956  -90.129  -18.226 0.8000000119
29  18.341  -90.651  -12.933 0.5000000000
112  17.229  -90.413  -12.552 0.5000000000
124974  17.539  -90.397  -13.263 0.6999999881
120887  17.623  -89.903  -14.778 0.6999999881
280  17.427  -89.259  -15.233 0.8000000119
298  15.113  -90.079  -18.391 0.6999999881
137  19.323  -90.859  -15.670 0.5000000000
35  18.705  -90.999  -15.447 0.5000000000
53  15.657  -91.063  -19.231 0.6999999881
3196  8.292  -80.118  2.495 0.6000000238
3207  8.549  -79.939  0.585 0.6999999881
110656  8.383  -78.780  0.232 0.8000000119
3744  8.657  -78.755  -1.286 0.8000000119
4280  7.983  -78.033  -2.101 0.8000000119
4262  6.995  -78.361  -1.127 0.8000000119
3208  6.057  -79.471  0.281 0.8000000119
4281  7.320  -78.399  -2.458 0.8000000119
3745  6.737  -78.839  -1.949 0.8000000119
3222  6.016  -79.913  -0.721 0.8000000119
368  8.164  -88.686  -7.935 0.8999999762
376  8.274  -89.233  -8.478 0.6999999881
131287  14.140  -83.128  -10.242 0.6000000238
121235  13.882  -83.017  -12.933 0.8000000119
233  8.293  -89.843  -9.015 0.8000000119
1521  14.420  -83.751  -12.490 0.6000000238
243  9.492  -89.577  -11.085 0.8000000119
116487  8.746  -90.368  -11.010 0.6999999881
127986  11.154  -85.755  -13.609 0.6999999881
112719  14.032  -85.415  -13.327 0.6999999881
1557  13.365  -84.914  -14.384 0.8000000119
617  9.862  -88.259  -12.403 0.8999999762
124883  13.536  -86.611  -12.860 0.6999999881
1210  12.143  -85.681  -14.722 0.8000000119
404  10.279  -89.328  -12.569 0.8000000119
132  11.457  -90.681  -14.307 0.8000000119
110393  12.383  -87.107  -10.667 0.5000000000
124  11.111  -90.693  -13.593 0.8000000119
102  15.663  -90.436  -11.388 0.3000000119
395  13.209  -88.309  -11.924 0.5000000000
623  14.957  -87.717  -14.041 0.6999999881
126027  15.534  -87.299  -14.549 0.6999999881
408  15.585  -88.321  -13.335 0.6000000238
407  17.134  -88.562  -13.706 0.6000000238
631  17.216  -87.701  -14.779 0.6999999881
650  15.802  -87.397  -16.816 0.8999999762
163  13.225  -89.995  -18.442 0.6000000238
28  19.131  -90.899  -13.350 0.4000000060
37  17.667  -90.643  -15.763 0.6000000238
22  19.611  -90.772  -13.034 0.4000000060
129  20.118  -90.639  -14.161 0.4000000060
131257  19.214  -91.039  -15.015 0.4000000060
40  18.132  -91.003  -16.821 0.8000000119
153  18.328  -90.930  -17.694 0.8000000119
3763  8.617  -78.464  -2.207 0.8000000119
4329  11.678  -78.603  -5.947 0.5000000000
3830  11.977  -78.694  -7.045 0.5000000000
4347  11.039  -78.598  -5.733 0.5000000000
118092  6.492  -79.107  -1.188 0.8000000119
3841  13.536  -78.821  -8.114 0.5000000000
3814  11.467  -78.626  -6.358 0.5000000000
3238  6.273  -79.893  -1.677 0.8000000119
3842  12.538  -79.006  -7.918 0.5000000000
3309  11.578  -79.409  -7.679 0.5000000000
3327  14.898  -79.947  -9.846 0.5000000000
3848  14.309  -79.340  -9.335 0.5000000000
3320  13.169  -79.506  -9.035 0.5000000000
109544  8.424  -88.463  -8.680 0.8999999762
2350  14.507  -81.660  -10.333 0.5000000000
1935  14.390  -83.062  -12.481 0.6000000238
1936  13.085  -83.156  -13.001 0.8000000119
1535  12.620  -83.834  -13.408 0.8999999762
870  9.143  -86.720  -10.959 1.0000000000
1201  10.634  -85.896  -12.888 0.8999999762
116510  10.270  -85.762  -12.155 0.8999999762
616  10.062  -87.279  -12.917 0.8999999762
117  9.811  -90.499  -12.025 0.6999999881
127633  12.111  -86.724  -10.083 0.5000000000
125  10.472  -90.731  -13.259 0.6999999881
140  10.882  -91.198  -14.735 0.8000000119
249  14.116  -89.914  -11.562 0.4000000060
410  13.855  -87.748  -13.328 0.6999999881
409  14.507  -88.235  -13.214 0.6000000238
402  14.451  -88.851  -12.425 0.5000000000
258  15.663  -89.745  -12.366 0.5000000000
403  13.829  -88.318  -12.620 0.5000000000
418  16.075  -87.659  -13.959 0.6999999881
401  15.249  -89.012  -12.653 0.6000000238
31  19.371  -90.970  -14.241 0.4000000060
122  17.707  -90.031  -13.934 0.6999999881
136  19.787  -90.337  -15.697 0.5000000000
118111  7.374  -82.817  4.809 0.4000000060
2223  7.785  -82.423  2.779 0.4000000060
2185  7.630  -81.996  5.362 0.4000000060
110998  8.625  -79.447  -0.472 0.6000000238
3774  9.536  -78.922  -3.360 0.4000000060
4311  10.271  -78.717  -4.669 0.6000000238
4312  9.550  -78.568  -4.280 0.6000000238
370  7.033  -89.121  -7.030 0.8000000119
3839  15.378  -79.009  -8.473 0.4000000060
219  6.814  -89.349  -7.779 0.6000000238
2803  15.227  -81.018  -9.423 0.4000000060
1903  13.853  -83.041  -9.496 0.4000000060
1902  14.432  -82.541  -10.492 0.6000000238
110696  8.378  -87.424  -9.022 0.8999999762
1909  14.584  -82.739  -11.306 0.6000000238
2373  14.423  -82.508  -11.849 0.6000000238
871  8.627  -87.246  -9.807 0.8999999762
1918  14.573  -83.233  -11.820 0.6000000238
1523  11.377  -83.844  -12.159 0.8999999762
1524  10.847  -84.435  -11.962 0.8999999762
1179  9.674  -86.063  -11.514 0.8999999762
1509  10.344  -84.456  -11.152 0.8999999762
120171  10.855  -91.121  -15.623 0.8000000119
250  13.339  -89.419  -11.360 0.5000000000
20  15.224  -90.593  -10.905 0.3000000119
241  13.218  -90.135  -10.875 0.4000000060
128  20.765  -89.974  -13.847 0.4000000060
423  21.504  -88.467  -15.736 0.6000000238
646  24.136  -86.758  -16.018 0.6000000238
1983  27.623  -83.417  -18.006 0.4000000060
2016  28.080  -82.971  -19.350 0.5000000000
125637  7.555  -82.850  3.337 0.3000000119
3720  6.182  -79.047  1.218 0.8000000119
3796  11.757  -78.991  -5.426 0.4000000060
3274  11.130  -78.977  -4.905 0.4000000060
3813  12.729  -78.814  -6.449 0.5000000000
4241  6.693  -78.585  0.440 0.8000000119
573  5.697  -88.303  -6.929 0.6000000238
3812  13.532  -78.896  -6.816 0.4000000060
363  6.512  -88.722  -6.566 0.6999999881
124772  6.066  -88.321  -6.169 0.8000000119
3811  14.556  -79.101  -7.137 0.4000000060
362  7.048  -88.754  -6.286 0.8000000119
564  6.869  -87.916  -4.955 0.8000000119
361  7.481  -88.621  -6.616 0.8000000119
1121  7.877  -86.256  -4.964 1.0000000000
3840  14.516  -78.868  -8.470 0.5000000000
577  8.084  -88.108  -7.245 0.8999999762
845  8.148  -87.157  -6.970 0.8999999762
2802  16.000  -80.494  -8.979 0.4000000060
369  7.684  -88.912  -7.388 0.8000000119
3336  14.258  -80.667  -10.331 0.5000000000
584  8.177  -87.188  -7.717 1.0000000000
1869  15.283  -83.697  -6.806 0.4000000060
850  8.169  -86.616  -8.473 1.0000000000
2375  12.997  -82.189  -11.952 0.6000000238
1937  12.106  -83.502  -12.629 0.8999999762
857  8.428  -86.469  -9.351 0.8999999762
1919  12.523  -82.807  -12.327 0.8000000119
1501  9.126  -84.862  -9.504 0.8999999762
1158  8.685  -85.655  -9.541 1.0000000000
1165  9.731  -85.248  -10.926 0.8999999762
1157  9.234  -85.424  -10.184 0.8999999762
16  14.109  -90.965  -10.112 0.3000000119
87  13.357  -90.864  -9.869 0.4000000060
242  12.689  -89.534  -10.755 0.4000000060
9  13.774  -91.026  -9.480 0.3000000119
4  13.818  -91.000  -8.810 0.3000000119
130246  26.153  -85.695  -15.983 0.4000000060
415  22.449  -88.389  -14.481 0.4000000060
414  22.981  -87.858  -14.967 0.5000000000
128305  23.500  -87.077  -16.241 0.6000000238
640  22.791  -87.609  -16.015 0.6000000238
1571  27.854  -83.780  -17.244 0.4000000060
1982  28.364  -83.310  -17.678 0.4000000060
2033  27.798  -82.995  -20.616 0.5000000000
1776  6.872  -83.754  5.066 0.3000000119
2222  8.069  -81.963  2.052 0.3000000119
1775  7.106  -83.666  4.268 0.3000000119
2215  7.745  -81.984  3.610 0.4000000060
2196  7.671  -81.893  4.487 0.4000000060
2683  8.288  -80.957  1.962 0.4000000060
3197  8.103  -80.051  3.347 0.6000000238
3698  8.010  -79.496  2.846 0.6999999881
809  5.475  -86.405  -2.930 1.0000000000
126119  5.661  -86.719  -3.505 0.8999999762
3784  9.874  -78.733  -3.990 0.4000000060
3711  6.573  -78.820  1.972 0.8000000119
1438  6.614  -85.475  -1.949 0.8999999762
574  5.347  -87.682  -6.412 0.8000000119
4279  9.043  -78.514  -2.993 0.8000000119
1833  5.915  -83.188  -0.653 0.8000000119
798  6.509  -86.420  -2.788 1.0000000000
2705  5.704  -81.057  -0.501 0.8000000119
1092  6.303  -86.126  -2.036 1.0000000000
555  6.757  -87.390  -4.282 1.0000000000
110445  9.140  -78.439  -3.699 0.6999999881
119496  7.806  -78.269  -2.878 0.8000000119
113725  5.614  -81.889  -0.186 0.8000000119
112095  6.512  -84.558  -1.757 0.8999999762
1101  7.471  -86.330  -3.765 1.0000000000
563  7.382  -87.649  -5.004 1.0000000000
3829  12.938  -78.737  -7.138 0.5000000000
4297  8.439  -78.296  -3.046 0.8000000119
2718  5.898  -80.900  -1.360 0.8000000119
1840  6.462  -83.449  -2.232 0.8999999762
1446  6.759  -84.469  -2.552 0.8999999762
127081  10.361  -78.641  -5.785 0.6000000238
3253  6.500  -79.827  -2.519 0.8000000119
816  7.551  -86.944  -4.421 1.0000000000
2801  16.584  -80.489  -8.307 0.4000000060
3815  10.692  -78.742  -6.318 0.6000000238
4314  7.879  -78.475  -3.594 0.8000000119
3764  6.808  -78.998  -2.753 0.8000000119
116489  5.999  -81.750  -1.881 0.8000000119
3816  9.911  -79.057  -6.178 0.6999999881
109421  6.440  -80.729  -3.042 0.8000000119
840  8.093  -87.075  -6.123 0.8999999762
3330  12.288  -80.499  -9.317 0.5000000000
851  8.017  -86.361  -7.682 1.0000000000
1144  7.915  -86.089  -6.898 1.0000000000
2338  15.545  -81.413  -8.692 0.4000000060
3328  13.951  -80.002  -9.928 0.5000000000
110697  7.557  -84.376  -6.999 0.8999999762
2826  13.062  -81.273  -10.860 0.5000000000
2330  13.776  -83.018  -8.186 0.4000000060
1889  13.408  -83.355  -8.547 0.4000000060
2351  14.393  -82.156  -9.608 0.4000000060
2365  12.509  -81.888  -11.231 0.6000000238
1493  8.172  -84.937  -8.427 0.8999999762
1502  8.590  -85.130  -9.034 0.8999999762
1920  11.656  -83.250  -11.882 0.8000000119
1905  9.533  -83.994  -9.322 0.8999999762
1911  11.230  -83.083  -11.107 0.8999999762
1510  9.801  -84.438  -10.227 0.8999999762
1912  10.542  -83.682  -10.678 0.8999999762
76  13.103  -90.426  -7.894 0.3000000119
117584  13.007  -89.975  -7.183 0.3000000119
129437  30.557  -84.216  -12.513 0.6000000238
622  23.627  -88.263  -13.707 0.4000000060
1981  29.065  -83.064  -17.230 0.4000000060
628  25.161  -87.088  -14.368 0.6000000238
630  23.860  -87.743  -14.401 0.6000000238
1562  27.759  -84.671  -16.088 0.5000000000
125528  24.552  -87.102  -15.064 0.6000000238
2448  28.920  -82.450  -17.596 0.5000000000
1975  28.669  -83.649  -16.906 0.4000000060
2917  28.179  -81.825  -18.529 0.6000000238
2468  28.181  -82.675  -19.045 0.6000000238
2928  28.008  -82.102  -19.267 0.6000000238
2478  27.586  -82.483  -20.610 0.6000000238
2479  26.933  -82.134  -21.205 0.6000000238
2066  25.945  -83.613  -22.726 0.5000000000
2503  24.956  -82.122  -23.147 0.6000000238
112766  8.342  -81.683  0.892 0.3000000119
2662  7.733  -80.975  5.034 0.4000000060
829  4.109  -85.826  -5.418 0.6000000238
3182  7.506  -79.324  3.448 0.6999999881
3681  7.017  -78.869  3.080 0.6999999881
818  5.334  -86.839  -4.298 0.8999999762
827  5.419  -87.195  -5.065 0.8000000119
1082  6.099  -85.845  -1.287 1.0000000000
566  4.988  -87.128  -5.818 0.6000000238
565  5.976  -87.855  -5.477 0.8000000119
817  6.152  -87.441  -4.605 0.8999999762
808  6.729  -86.843  -3.362 1.0000000000
2271  6.148  -82.789  -1.532 0.8000000119
1437  7.088  -85.393  -2.800 1.0000000000
807  7.143  -86.945  -3.737 1.0000000000
4313  8.957  -78.441  -4.378 0.6999999881
2272  5.809  -82.005  -0.941 0.8000000119
114073  7.411  -85.397  -3.591 0.8999999762
2286  6.272  -82.413  -2.298 0.8000000119
1110  7.675  -85.516  -4.503 1.0000000000
3826  15.881  -79.208  -8.058 0.4000000060
3828  14.031  -78.803  -7.562 0.4000000060
3799  8.802  -78.809  -5.175 0.8000000119
2730  6.275  -81.635  -2.696 0.8000000119
1849  6.749  -83.460  -3.245 0.8999999762
1445  7.071  -84.439  -3.429 0.8999999762
120562  7.720  -85.317  -5.541 1.0000000000
114052  16.979  -82.062  -7.394 0.4000000060
3326  15.752  -79.836  -9.329 0.4000000060
3817  9.125  -79.390  -5.887 0.8000000119
3265  6.660  -80.716  -3.735 0.8000000119
1468  7.670  -85.225  -6.494 0.8999999762
2328  15.671  -82.169  -7.963 0.4000000060
3276  7.242  -80.676  -4.823 0.8000000119
2329  14.493  -82.547  -8.215 0.4000000060
1871  7.534  -83.587  -6.570 0.8999999762
1479  7.865  -84.513  -7.736 0.8999999762
1494  7.832  -85.146  -7.915 1.0000000000
1890  9.229  -83.604  -8.567 0.8999999762
1492  8.836  -84.433  -8.833 0.8999999762
2366  11.602  -82.363  -10.758 0.8999999762
2367  10.866  -82.906  -10.294 0.8999999762
1904  10.180  -83.456  -9.850 0.8999999762
606  26.347  -86.816  -11.219 0.4000000060
614  24.711  -88.085  -12.045 0.4000000060
119325  26.907  -86.319  -13.851 0.6999999881
629  24.633  -87.448  -14.120 0.6000000238
1216  27.642  -85.199  -15.319 0.6000000238
1215  28.460  -84.591  -15.445 0.6000000238
3426  29.579  -80.796  -17.673 0.4000000060
3435  28.977  -80.341  -18.130 0.5000000000
120639  28.280  -80.832  -18.270 0.4000000060
2918  27.594  -80.965  -18.864 0.6000000238
3459  26.415  -80.496  -20.477 0.6000000238
2938  26.035  -81.143  -21.039 0.6000000238
3484  3.499  -80.943  -20.962 0.6999999881
2936  2.657  -81.073  -19.925 0.6000000238
3995  26.309  -79.939  -21.463 0.6000000238
3476  25.447  -81.163  -21.700 0.6000000238
2508  24.948  -82.887  -23.770 0.6999999881
115547  25.144  -81.045  -24.007 0.6000000238
2517  24.413  -82.928  -24.411 0.5000000000
2091  23.879  -83.494  -24.898 0.5000000000
3167  7.671  -79.954  4.739 0.5000000000
124587  7.788  -79.797  4.025 0.6000000238
2686  8.454  -80.878  1.162 0.5000000000
3682  6.768  -79.098  3.726 0.6999999881
3699  6.445  -79.100  2.920 0.6999999881
3721  5.703  -79.970  1.429 0.8000000119
109440  5.485  -81.020  1.318 0.8000000119
1093  5.661  -86.058  -1.618 1.0000000000
110979  5.508  -82.572  0.530 0.8000000119
797  7.066  -86.558  -3.133 1.0000000000
1452  7.316  -84.472  -4.297 0.8999999762
2300  6.505  -82.492  -3.019 0.8000000119
3287  7.969  -79.546  -5.189 0.8000000119
2742  6.533  -81.567  -3.508 0.8000000119
1848  7.032  -83.538  -4.108 0.8999999762
3831  11.112  -78.979  -6.967 0.6000000238
2756  6.857  -81.315  -4.349 0.8000000119
2310  6.794  -82.473  -3.998 0.8000000119
1461  7.423  -84.459  -5.210 0.8999999762
1875  16.121  -82.957  -7.238 0.3000000119
3321  11.987  -79.927  -8.525 0.5000000000
3297  9.453  -79.948  -6.530 0.8000000119
3299  7.939  -80.363  -5.621 0.8000000119
116753  7.445  -84.399  -6.137 0.8999999762
1876  14.926  -83.047  -7.488 0.4000000060
3329  13.103  -80.306  -9.800 0.5000000000
3286  8.430  -79.693  -5.639 0.8000000119
2785  7.900  -81.193  -6.005 0.8000000119
1879  7.987  -83.591  -7.366 0.8999999762
1477  12.963  -83.900  -7.157 0.4000000060
2813  11.628  -81.379  -9.546 0.6999999881
2827  12.059  -81.654  -10.409 0.6000000238
1891  8.849  -83.180  -7.851 0.8999999762
2352  11.228  -82.153  -9.950 0.8999999762
2353  10.544  -82.655  -9.520 0.8999999762
2354  9.889  -83.124  -9.065 0.8999999762
1194  28.636  -85.568  -12.908 0.6000000238
895  26.665  -86.763  -12.800 0.5000000000
113412  25.265  -87.630  -12.491 0.5000000000
1206  28.384  -85.214  -14.276 0.6000000238
1973  30.115  -83.195  -15.848 0.5000000000
1561  29.214  -84.230  -15.255 0.4000000060
1565  28.942  -84.004  -16.060 0.4000000060
1566  28.166  -84.162  -16.452 0.4000000060
2434  29.727  -82.780  -16.593 0.5000000000
3970  28.451  -79.606  -19.265 0.5000000000
3427  28.902  -80.980  -17.772 0.4000000060
2048  3.286  -82.580  -20.688 0.5000000000
3993  28.035  -79.534  -20.857 0.6000000238
3983  27.746  -79.452  -19.909 0.5000000000
3489  26.781  -79.987  -22.119 0.6000000238
2967  26.219  -80.783  -23.800 0.6000000238
2985  24.435  -81.916  -24.620 0.6999999881
2969  24.494  -81.988  -23.863 0.6999999881
2526  24.151  -82.528  -25.227 0.6000000238
116472  24.265  -82.201  -26.012 0.5000000000
2092  23.345  -83.932  -25.227 0.5000000000
2532  23.363  -82.981  -26.698 0.6000000238
1103  4.439  -85.701  -3.648 0.8999999762
3672  6.536  -79.381  4.529 0.6999999881
1111  4.401  -86.016  -4.464 0.8999999762
124068  4.979  -86.349  -3.628 1.0000000000
3203  5.538  -80.682  2.328 0.8000000119
117095  5.618  -83.563  0.205 0.8999999762
1072  5.837  -85.547  -0.797 1.0000000000
3277  6.960  -80.217  -4.210 0.8000000119
117285  7.094  -82.884  -4.666 0.8999999762
114440  7.466  -79.748  -4.683 0.8000000119
2309  7.043  -82.114  -4.893 0.8000000119
1863  7.339  -83.580  -5.755 0.8999999762
2755  7.198  -81.414  -5.039 0.8000000119
108775  7.273  -82.785  -5.364 0.8999999762
3322  11.109  -80.459  -8.163 0.6999999881
2784  8.408  -81.315  -6.505 0.8000000119
2333  7.860  -82.941  -6.761 0.8999999762
2804  11.445  -80.882  -8.864 0.6999999881
2341  10.257  -82.310  -8.803 0.8999999762
2342  9.588  -82.754  -8.329 0.8999999762
114127  9.120  -81.089  -27.088 0.6000000238
4584  10.668  -79.101  -27.299 0.6999999881
130906  10.441  -81.124  -28.048 0.5000000000
3543  9.788  -80.854  -27.601 0.5000000000
3534  8.839  -80.991  -26.229 0.6000000238
4583  11.345  -78.847  -27.837 0.6000000238
3006  7.569  -82.405  -25.333 0.6000000238
2524  6.914  -83.198  -24.537 0.6000000238
1555  29.882  -84.123  -14.561 0.6000000238
1195  27.815  -85.884  -13.672 0.6000000238
2525  6.403  -82.969  -23.599 0.6000000238
2071  4.287  -83.483  -22.715 0.6000000238
2063  3.658  -83.285  -21.641 0.6000000238
3425  30.495  -80.675  -17.775 0.5000000000
2500  3.346  -82.322  -21.929 0.6999999881
2467  2.517  -81.496  -18.989 0.5000000000
3487  29.193  -80.785  -22.624 0.4000000060
4052  21.895  -79.961  -28.024 0.5000000000
3034  21.616  -80.569  -28.250 0.6000000238
2965  28.461  -81.203  -24.026 0.5000000000
3488  28.052  -80.363  -22.463 0.6000000238
2983  25.990  -81.215  -24.833 0.5000000000
3023  20.167  -81.326  -28.359 0.6999999881
2982  27.402  -81.372  -24.539 0.5000000000
3502  27.120  -80.503  -23.096 0.6000000238
2998  25.515  -81.565  -25.757 0.5000000000
124420  22.038  -80.029  -28.765 0.5000000000
112042  20.847  -80.889  -28.861 0.6999999881
3047  20.245  -80.938  -30.193 0.6999999881
2999  24.855  -81.714  -26.178 0.5000000000
2559  21.172  -82.365  -29.989 0.6999999881
2531  23.918  -82.435  -26.508 0.5000000000
2095  23.678  -83.039  -25.800 0.6000000238
2538  23.387  -82.669  -27.514 0.6999999881
2172  7.433  -82.305  7.302 0.3000000119
3127  6.569  -80.837  8.569 0.3000000119
1102  4.865  -86.054  -3.033 0.8999999762
1094  5.064  -86.097  -2.208 1.0000000000
1112  4.032  -85.299  -4.203 0.8000000119
1823  5.817  -84.219  -0.237 0.8999999762
1083  5.472  -85.739  -0.956 1.0000000000
2692  5.444  -82.003  1.148 0.8000000119
130799  5.534  -84.330  0.265 0.8999999762
109340  7.533  -82.791  -6.139 0.8999999762
3312  9.093  -80.943  -6.792 0.8000000119
2323  7.943  -82.073  -6.526 0.8000000119
2794  10.319  -80.986  -7.824 0.8000000119
2332  8.410  -82.660  -7.191 0.8999999762
2805  10.705  -81.435  -8.585 0.8000000119
2806  9.929  -81.890  -8.120 0.8000000119
2331  9.184  -82.307  -7.652 0.8999999762
4045  10.112  -79.496  -26.646 0.6000000238
4568  10.725  -78.956  -26.410 0.5000000000
3533  10.099  -79.789  -27.551 0.6000000238
2992  8.126  -81.908  -24.343 0.6000000238
4596  12.695  -78.836  -28.501 0.5000000000
2993  7.563  -82.362  -23.985 0.6999999881
3505  21.942  -80.431  -23.146 0.6000000238
2514  5.391  -82.530  -23.427 0.6000000238
3525  21.743  -80.629  -25.271 0.5000000000
3515  21.922  -80.428  -24.135 0.6000000238
2987  20.983  -81.827  -24.814 0.6000000238
120584  15.398  -79.705  -28.141 0.6000000238
2515  4.427  -82.251  -23.287 0.6000000238
3038  16.491  -81.134  -28.350 0.5000000000
112680  21.774  -80.785  -26.334 0.5000000000
3001  20.868  -81.837  -25.769 0.6999999881
2527  20.083  -82.055  -26.140 0.6999999881
3025  17.150  -81.281  -27.923 0.6000000238
2501  3.188  -81.951  -21.322 0.6999999881
2944  2.955  -81.657  -20.732 0.6999999881
3022  21.081  -81.331  -27.569 0.6999999881
113021  19.060  -81.504  -28.513 0.6999999881
3036  18.079  -81.483  -28.939 0.6000000238
3050  17.729  -81.749  -29.383 0.6000000238
2563  17.354  -82.309  -29.529 0.5000000000
2564  16.338  -81.780  -28.723 0.4000000060
115824  19.742  -80.953  -29.387 0.6999999881
121358  18.940  -81.215  -29.527 0.6000000238
2562  18.089  -81.985  -30.143 0.6000000238
2124  17.673  -82.723  -29.718 0.5000000000
4060  22.245  -79.669  -29.271 0.5000000000
3559  21.087  -80.786  -30.047 0.6999999881
3056  19.898  -81.378  -30.403 0.6000000238
3007  28.301  -81.152  -26.150 0.5000000000
3008  27.524  -81.453  -26.392 0.5000000000
3009  26.576  -81.647  -26.609 0.5000000000
3054  21.634  -81.128  -30.392 0.6000000238
2123  19.567  -82.737  -29.737 0.4000000060
2115  18.377  -83.321  -29.121 0.5000000000
2546  23.786  -82.155  -28.221 0.6000000238
2548  22.426  -82.606  -29.068 0.8000000119
2121  21.067  -82.945  -29.191 0.5000000000
2101  22.925  -83.099  -27.315 0.6999999881
2113  21.817  -83.202  -28.568 0.6000000238
119024  21.607  -83.674  -27.721 0.5000000000
2173  7.041  -82.730  8.230 0.3000000119
2637  7.426  -81.408  7.611 0.3000000119
2623  7.146  -81.449  8.435 0.3000000119
2158  6.668  -81.538  9.378 0.3000000119
3658  5.784  -80.103  7.055 0.5000000000
1084  4.987  -85.846  -1.260 1.0000000000
1439  4.318  -85.228  -2.000 0.8999999762
1448  3.976  -85.000  -3.600 0.8999999762
2795  9.525  -81.428  -7.446 0.8000000119
2796  8.716  -81.798  -7.042 0.8000000119
4567  11.461  -78.602  -26.824 0.5000000000
4038  10.445  -79.376  -25.565 0.5000000000
116349  9.246  -80.500  -25.824 0.6000000238
113827  13.428  -78.399  -27.199 0.5000000000
4039  9.855  -79.920  -24.941 0.6000000238
3005  8.185  -81.688  -25.773 0.6000000238
4581  13.858  -78.423  -27.949 0.6000000238
4066  12.142  -79.369  -28.549 0.5000000000
4063  14.871  -79.168  -28.178 0.4000000060
4064  13.971  -79.165  -28.399 0.5000000000
4065  13.089  -79.215  -28.606 0.5000000000
2994  6.985  -82.567  -23.529 0.6000000238
3002  19.503  -81.866  -24.915 0.6999999881
4056  15.999  -79.057  -27.829 0.6000000238
116484  2.626  -79.607  -17.947 0.6000000238
2953  21.597  -81.111  -23.472 0.6000000238
2988  20.327  -81.886  -24.341 0.6000000238
3003  18.268  -81.365  -25.649 0.6999999881
125185  17.745  -81.347  -26.349 0.6999999881
3540  16.091  -79.678  -27.990 0.6000000238
110249  14.282  -80.582  -28.372 0.6000000238
2962  4.204  -81.401  -22.989 0.6999999881
2518  20.222  -82.079  -25.232 0.6999999881
3016  17.061  -80.739  -26.942 0.6000000238
3539  16.504  -80.257  -27.702 0.6000000238
3550  15.933  -80.360  -28.257 0.6000000238
3012  21.385  -81.357  -26.508 0.6999999881
2540  18.699  -81.962  -27.249 0.6999999881
3015  17.687  -81.704  -27.071 0.6000000238
2963  3.671  -81.662  -22.355 0.6999999881
2927  2.601  -80.722  -19.092 0.6000000238
127721  2.274  -80.296  -17.526 0.4000000060
3420  2.253  -79.783  -17.056 0.4000000060
117121  21.813  -80.799  -27.286 0.5000000000
3014  19.916  -81.864  -27.283 0.6999999881
3024  18.191  -81.749  -27.927 0.6000000238
3037  17.170  -81.508  -28.468 0.5000000000
2951  3.545  -81.501  -21.765 0.6999999881
3547  21.581  -80.447  -29.379 0.6000000238
3019  26.437  -81.475  -27.540 0.5000000000
3561  24.818  -79.523  -30.431 0.6000000238
3562  23.854  -79.948  -30.515 0.6000000238
115349  23.063  -80.211  -30.433 0.6000000238
3020  25.491  -81.579  -27.580 0.5000000000
3021  24.626  -81.767  -27.807 0.6000000238
3052  23.090  -80.824  -30.414 0.6000000238
124686  18.255  -82.512  -30.017 0.5000000000
3032  24.578  -81.511  -28.786 0.6000000238
3046  23.629  -81.228  -30.087 0.6000000238
2557  22.889  -81.790  -29.865 0.6000000238
2549  21.700  -82.686  -29.405 0.6999999881
2122  20.285  -83.177  -29.013 0.5000000000
131346  20.201  -83.801  -28.401 0.5000000000
2539  22.930  -82.767  -28.145 0.6999999881
2102  22.330  -83.372  -27.660 0.5000000000
2596  5.861  -82.144  11.604 0.3000000119
3126  7.082  -80.830  7.937 0.3000000119
2610  5.706  -81.507  10.935 0.3000000119
3657  6.196  -79.865  6.393 0.5000000000
3163  5.803  -79.966  5.689 0.5000000000
2649  5.175  -80.893  7.208 0.5000000000
3168  5.545  -80.644  5.115 0.6999999881
121398  5.501  -80.861  3.274 0.6999999881
1453  3.801  -84.550  -4.357 0.8000000119
1427  4.505  -85.157  -0.963 0.8999999762
110198  3.777  -84.028  -3.574 0.8999999762
4541  12.588  -78.523  -24.787 0.6000000238
116259  13.145  -78.497  -26.200 0.6000000238
4566  12.478  -78.402  -26.989 0.5000000000
4030  9.750  -79.844  -24.152 0.6000000238
4017  19.479  -80.163  -22.725 0.5000000000
4018  18.707  -79.343  -23.335 0.6000000238
4564  15.075  -78.547  -26.778 0.6000000238
4597  12.045  -78.771  -28.267 0.6000000238
3517  18.648  -80.587  -24.502 0.6999999881
4561  17.227  -78.824  -26.250 0.6999999881
4563  15.804  -78.759  -27.434 0.6000000238
3520  7.723  -81.837  -23.180 0.6999999881
2989  18.804  -81.412  -24.921 0.6999999881
4037  17.623  -79.253  -26.192 0.6000000238
4044  16.943  -79.149  -26.891 0.6000000238
2978  6.224  -81.441  -23.505 0.6999999881
2979  4.944  -81.563  -23.486 0.6999999881
4995  2.703  -77.393  -17.912 0.6000000238
3004  17.745  -80.414  -26.032 0.6999999881
130805  6.714  -81.214  -23.391 0.6999999881
4054  16.745  -79.766  -27.152 0.6000000238
3951  2.556  -78.823  -17.566 0.4000000060
3013  20.729  -81.763  -26.631 0.6999999881
125611  2.871  -80.288  -18.969 0.6000000238
4599  25.703  -79.106  -29.801 0.5000000000
4069  22.900  -79.166  -29.846 0.6000000238
4074  22.627  -80.081  -30.104 0.6000000238
4604  25.011  -78.962  -30.227 0.6000000238
109506  22.059  -80.320  -29.850 0.6000000238
2561  19.646  -82.073  -30.359 0.6999999881
3044  25.366  -80.470  -29.982 0.6000000238
3563  22.353  -80.746  -30.355 0.6000000238
2566  20.508  -81.861  -30.358 0.6000000238
3483  3.836  -81.088  -21.521 0.6000000238
3031  25.367  -80.916  -29.274 0.6000000238
3045  24.512  -81.027  -29.847 0.6000000238
3053  22.179  -81.372  -30.299 0.6999999881
3538  26.995  -80.816  -28.410 0.5000000000
3033  23.763  -81.687  -29.295 0.6000000238
2547  23.192  -82.276  -28.943 0.6999999881
130299  22.389  -83.023  -28.367 0.6000000238
3143  6.462  -80.281  7.768 0.4000000060
3144  5.654  -80.275  7.793 0.3000000119
2609  6.142  -81.303  10.073 0.3000000119
3128  5.939  -80.429  8.588 0.3000000119
114809  5.357  -80.639  9.286 0.3000000119
2658  4.899  -81.810  5.540 0.6999999881
3158  5.592  -80.387  6.485 0.6000000238
2663  5.202  -81.593  4.660 0.6999999881
2197  4.771  -82.421  4.305 0.6999999881
2198  4.637  -82.347  4.909 0.6999999881
109536  3.976  -84.780  -2.916 0.8999999762
1795  4.630  -83.870  1.893 0.8000000119
1857  3.628  -83.646  -4.508 0.6000000238
126994  4.604  -85.107  -0.213 1.0000000000
1428  3.883  -84.438  -1.513 0.8999999762
1440  3.768  -84.078  -2.519 0.8999999762
4552  13.748  -78.538  -25.533 0.6999999881
113540  12.025  -78.479  -24.111 0.6999999881
4551  14.687  -78.527  -25.739 0.6999999881
4554  11.250  -78.755  -25.559 0.6000000238
3519  8.882  -81.167  -24.697 0.6999999881
4538  16.238  -78.348  -25.213 0.6999999881
4565  14.058  -78.515  -26.444 0.6000000238
4543  10.882  -79.063  -24.839 0.6000000238
130616  18.161  -78.980  -24.836 0.6999999881
3518  9.402  -80.478  -24.233 0.6000000238
3508  8.822  -80.755  -23.293 0.6999999881
3516  19.479  -81.382  -24.055 0.6000000238
4036  18.171  -79.657  -25.269 0.6999999881
4580  14.796  -78.580  -27.728 0.5000000000
5003  2.973  -77.433  -18.166 0.6000000238
3526  18.300  -80.742  -25.232 0.6999999881
119611  5.399  -80.969  -23.573 0.8000000119
3967  2.935  -78.972  -18.206 0.6000000238
3512  4.858  -80.732  -23.280 0.8000000119
2528  19.407  -82.007  -25.705 0.6999999881
3966  3.464  -79.735  -18.328 0.6999999881
3498  4.072  -81.183  -22.214 0.6000000238
3454  2.962  -80.718  -19.694 0.6999999881
4602  23.235  -78.754  -29.869 0.6000000238
4606  23.818  -78.947  -30.268 0.6000000238
2650  4.902  -81.481  6.457 0.6000000238
2216  4.902  -82.512  3.688 0.8000000119
2225  4.560  -83.028  3.211 0.8000000119
129296  4.201  -84.377  1.291 1.0000000000
4539  14.308  -78.424  -24.859 0.6999999881
4542  11.357  -78.743  -24.473 0.6999999881
4019  9.949  -79.551  -23.457 0.6999999881
4530  10.756  -79.066  -23.954 0.6999999881
5545  3.138  -76.901  -18.217 0.6000000238
4549  16.545  -78.586  -26.076 0.6999999881
4479  3.285  -78.357  -18.089 0.6999999881
5525  2.503  -76.293  -17.125 0.6000000238
113451  2.492  -77.479  -17.083 0.5000000000
3977  3.207  -80.266  -19.051 0.6999999881
1789  4.237  -83.676  2.659 0.8000000119
2311  3.588  -82.668  -4.689 0.6000000238
126061  3.728  -84.363  0.301 1.0000000000
1834  3.361  -83.724  -1.193 0.8999999762
1841  3.505  -83.280  -2.468 0.8000000119
123567  3.636  -83.149  -3.923 0.6999999881
4527  13.901  -78.243  -24.059 0.6000000238
4528  12.924  -78.277  -23.877 0.5000000000
4526  14.851  -78.133  -24.130 0.6000000238
4510  12.123  -78.100  -23.156 0.6999999881
4512  10.262  -78.864  -21.810 0.6000000238
4523  17.374  -78.326  -23.775 0.5000000000
4537  16.783  -78.268  -24.511 0.6999999881
122572  15.280  -78.354  -25.019 0.6999999881
4529  11.312  -78.543  -23.369 0.6999999881
111939  10.904  -78.535  -22.401 0.6000000238
129246  9.404  -79.748  -22.931 0.6999999881
7395  4.313  -73.556  -18.425 0.6000000238
4511  11.503  -78.077  -22.318 0.6000000238
6757  3.695  -75.710  -18.132 0.6000000238
6131  3.127  -75.701  -18.036 0.6000000238
4535  18.165  -78.783  -24.099 0.6000000238
4536  17.607  -78.588  -24.724 0.6999999881
4007  9.564  -79.433  -22.274 0.6000000238
6132  2.707  -75.949  -17.687 0.6000000238
113162  8.887  -79.955  -22.520 0.6999999881
6141  3.840  -76.371  -18.076 0.6000000238
4000  9.410  -78.692  -20.858 0.6000000238
4021  7.173  -79.870  -23.257 0.6999999881
4020  8.102  -80.022  -22.905 0.6999999881
5002  3.358  -77.469  -18.115 0.6000000238
4010  7.452  -79.293  -22.728 0.6999999881
4022  6.252  -79.849  -23.290 0.6999999881
125607  5.248  -80.416  -23.369 0.6999999881
4023  5.482  -79.981  -23.194 0.6999999881
4024  4.988  -80.178  -23.065 0.6999999881
3467  4.149  -80.795  -20.970 0.6999999881
3453  3.685  -80.722  -19.730 0.6999999881
3452  4.521  -80.705  -19.663 0.6999999881
4001  4.662  -80.077  -22.266 0.6999999881
3989  4.722  -80.138  -21.316 0.6999999881
3466  4.702  -80.528  -20.316 0.6999999881
4503  5.064  -79.466  -22.073 0.6999999881
115261  3.517  -82.319  -3.686 0.6000000238
2743  3.418  -81.349  -3.733 0.5000000000
11523  4.820  -66.915  -17.964 0.6999999881
4525  15.835  -78.130  -24.289 0.6000000238
5056  12.873  -77.745  -22.883 0.5000000000
8023  4.457  -72.555  -18.425 0.6000000238
125177  3.814  -72.888  -18.896 0.6000000238
5044  12.150  -77.476  -22.146 0.6000000238
4499  10.843  -78.308  -21.355 0.5000000000
120172  2.442  -75.630  -16.762 0.6000000238
4500  10.116  -78.561  -20.757 0.6000000238
6130  4.073  -75.993  -17.888 0.6000000238
6744  3.575  -74.780  -18.164 0.6000000238
6745  2.795  -75.015  -17.682 0.6000000238
5544  3.741  -77.122  -18.054 0.6000000238
109393  2.430  -76.471  -16.261 0.5000000000
3440  4.059  -80.465  -19.116 0.6999999881
4514  7.798  -78.611  -22.112 0.6999999881
4012  5.273  -79.719  -22.644 0.6999999881
6151  5.995  -76.091  -20.036 0.5000000000
3255  2.720  -80.707  -2.180 0.8000000119
8742  4.280  -71.482  -18.653 0.6999999881
113763  5.032  -71.717  -18.012 0.6999999881
7394  5.020  -73.479  -17.756 0.6999999881
7376  2.652  -73.516  -16.513 0.5000000000
6742  4.742  -74.345  -17.892 0.6999999881
7397  3.206  -74.187  -17.903 0.6000000238
6734  2.713  -74.195  -17.199 0.6000000238
125114  2.467  -74.821  -16.809 0.5000000000
4492  9.159  -78.166  -20.487 0.6000000238
4501  8.760  -78.780  -21.355 0.6000000238
5567  9.255  -76.936  -20.329 0.6000000238
3950  5.325  -80.037  -17.694 0.6999999881
5046  7.646  -77.580  -22.216 0.6000000238
4515  6.919  -78.588  -22.518 0.6999999881
4011  5.858  -79.417  -22.723 0.6999999881
3439  4.887  -80.602  -19.016 0.6999999881
117986  7.177  -78.001  -22.289 0.6999999881
3988  5.113  -79.977  -20.303 0.6999999881
3776  3.224  -79.564  -3.359 0.6000000238
10857  4.207  -67.500  -18.253 0.6999999881
11524  3.722  -67.150  -17.974 0.8000000119
9468  4.890  -70.041  -18.382 0.6000000238
8741  4.366  -70.610  -18.526 0.6000000238
124125  3.767  -72.100  -19.009 0.6000000238
9451  3.707  -70.306  -18.194 0.6999999881
8727  4.922  -70.818  -18.263 0.6999999881
8710  2.985  -71.203  -16.967 0.6000000238
8011  2.979  -72.040  -17.843 0.6000000238
8024  3.431  -72.638  -18.616 0.6000000238
5534  4.150  -76.913  -17.326 0.6000000238
129813  2.978  -72.711  -17.940 0.6000000238
4994  4.283  -78.167  -17.197 0.6000000238
3964  5.533  -80.314  -18.527 0.6999999881
3451  5.149  -80.447  -19.494 0.6999999881
4516  6.270  -78.680  -22.277 0.6999999881
4517  5.648  -78.838  -22.049 0.6999999881
4494  5.102  -79.188  -21.166 0.6999999881
5593  6.177  -75.894  -21.785 0.5000000000
4282  3.083  -77.966  -2.743 0.6000000238
6545  6.256  -74.857  -1.629 0.5000000000
5935  6.689  -74.850  -0.815 0.6999999881
7175  6.187  -73.779  -0.784 0.6000000238
12968  4.676  -64.911  -16.288 0.6999999881
12229  4.164  -66.836  -17.933 0.6999999881
10867  4.122  -68.451  -18.423 0.6000000238
10170  3.847  -69.616  -18.253 0.6000000238
8743  3.866  -71.158  -18.675 0.6000000238
4491  9.866  -78.198  -20.023 0.5000000000
8010  5.199  -72.572  -17.415 0.6999999881
6733  4.679  -75.163  -16.877 0.6999999881
8012  2.766  -72.748  -17.061 0.5000000000
7999  2.868  -72.037  -16.391 0.6000000238
6123  4.345  -76.009  -17.100 0.6999999881
7985  2.774  -72.819  -15.627 0.5000000000
6725  2.502  -74.292  -16.092 0.5000000000
4461  5.341  -78.851  -16.548 0.6999999881
4470  5.762  -79.485  -17.056 0.6999999881
5591  8.216  -76.912  -22.410 0.5000000000
5582  8.551  -77.010  -21.147 0.6000000238
3976  5.566  -79.877  -19.351 0.6999999881
5047  6.645  -77.761  -22.045 0.6999999881
5049  5.733  -77.745  -21.458 0.6999999881
4502  5.465  -78.477  -21.476 0.6999999881
4493  5.344  -79.111  -20.243 0.6999999881
5553  5.630  -76.798  -20.191 0.6000000238
5583  5.715  -76.726  -21.229 0.6000000238
4298  3.403  -78.584  -3.528 0.5000000000
4820  2.770  -77.561  -1.954 0.6999999881
4806  2.871  -76.925  -1.730 0.6999999881
4819  3.154  -77.145  -2.584 0.5000000000
5336  3.493  -76.458  -1.414 0.6999999881
5925  4.277  -75.929  -1.119 0.8000000119
5937  4.413  -76.032  -2.024 0.6999999881
5924  5.427  -75.512  -0.976 0.8000000119
5912  5.373  -75.559  0.096 0.8999999762
14577  2.286  -62.991  -11.064 0.6000000238
14586  2.700  -62.823  -11.885 0.8000000119
13808  3.968  -64.411  -15.388 0.6999999881
12959  3.549  -64.928  -15.180 0.8000000119
13737  2.431  -63.954  -11.624 0.6000000238
110768  3.687  -65.665  -15.823 0.8000000119
112752  3.475  -66.000  -14.571 0.6999999881
12205  3.812  -66.435  -16.449 0.8000000119
118974  3.663  -66.638  -15.315 0.6000000238
11506  3.732  -67.305  -15.963 0.6000000238
10866  4.636  -68.240  -18.432 0.6999999881
11530  3.669  -67.904  -18.176 0.6999999881
111612  3.499  -67.698  -17.757 0.6999999881
10858  3.484  -68.511  -17.858 0.6999999881
9423  3.266  -69.723  -16.428 0.6000000238
10840  3.642  -68.205  -15.427 0.6000000238
118917  5.225  -69.491  -18.116 0.6999999881
116336  5.373  -71.844  -16.947 0.6999999881
9431  3.242  -70.214  -17.350 0.6000000238
8700  3.096  -71.351  -15.621 0.6000000238
6732  5.190  -74.205  -16.631 0.6000000238
5524  4.621  -76.928  -15.999 0.6000000238
4460  5.946  -78.889  -16.568 0.6999999881
115631  2.995  -72.061  -15.249 0.6000000238
7363  2.583  -73.696  -15.294 0.6000000238
5515  5.160  -76.728  -15.301 0.6999999881
4981  5.736  -78.259  -16.002 0.6999999881
4484  6.293  -78.944  -18.622 0.6999999881
3949  6.044  -79.813  -17.697 0.6999999881
5058  7.232  -77.133  -22.412 0.5000000000
5034  5.450  -77.452  -21.131 0.6999999881
4485  5.814  -79.012  -19.385 0.6999999881
118363  6.124  -77.080  -21.699 0.6999999881
118527  5.298  -78.237  -20.933 0.6999999881
5568  5.437  -76.682  -20.984 0.6000000238
5020  5.396  -77.461  -20.647 0.6000000238
5009  5.928  -77.913  -19.461 0.6000000238
5347  3.678  -76.556  -2.337 0.5000000000
5322  3.522  -76.380  -0.512 0.8000000119
125875  5.111  -75.636  -1.732 0.6000000238
5311  3.169  -76.834  -0.066 0.8999999762
5936  6.311  -75.153  -1.241 0.8000000119
6536  6.598  -74.377  -0.931 0.6999999881
5913  4.294  -75.855  -0.157 0.8999999762
5922  6.939  -74.918  -0.075 0.8999999762
7794  5.481  -73.028  0.694 0.6999999881
7787  4.931  -72.291  1.282 0.6000000238
14569  1.666  -62.984  -9.461 0.6999999881
14557  1.476  -63.010  -8.674 0.6000000238
13719  1.838  -63.937  -9.788 0.6000000238
14601  3.698  -62.917  -13.583 0.6999999881
14593  3.254  -62.620  -12.708 0.6999999881
117401  3.440  -63.747  -13.969 0.6999999881
13807  4.474  -64.361  -15.635 0.6000000238
13794  3.732  -64.095  -14.761 0.8000000119
13806  5.073  -64.274  -15.796 0.6000000238
10856  5.056  -67.717  -18.205 0.6999999881
10851  3.473  -68.432  -17.189 0.6000000238
121770  3.602  -68.954  -15.044 0.6000000238
9450  5.376  -70.129  -17.760 0.6999999881
108632  3.511  -69.761  -15.275 0.6000000238
113426  3.163  -70.489  -16.095 0.6000000238
8683  3.354  -71.606  -14.351 0.5000000000
6724  5.142  -75.204  -15.601 0.6000000238
4980  6.272  -78.285  -16.345 0.6999999881
4477  6.462  -79.235  -17.841 0.6999999881
6150  6.430  -75.846  -19.284 0.5000000000
130383  5.932  -77.133  -19.463 0.6000000238
121103  5.507  -75.509  0.906 0.8999999762
6535  6.943  -74.421  -0.265 0.8999999762
7158  6.269  -73.586  0.072 0.8000000119
15418  1.575  -62.187  -8.390 0.8000000119
121021  2.389  -64.872  -10.916 0.6000000238
13738  2.083  -63.945  -10.643 0.6000000238
12916  2.664  -65.106  -11.687 0.6000000238
14600  4.382  -62.909  -13.722 0.6999999881
14616  4.083  -63.372  -14.324 0.6000000238
12978  5.072  -65.485  -16.960 0.6999999881
109583  5.546  -66.363  -17.276 0.6999999881
10850  5.696  -68.291  -17.507 0.6999999881
9401  3.472  -70.698  -14.873 0.5000000000
5896  6.412  -75.193  1.337 0.8999999762
5874  5.547  -75.324  3.247 0.8000000119
6491  6.471  -74.866  3.886 0.8000000119
6502  7.436  -74.026  2.122 0.8999999762
7157  7.067  -73.895  0.385 0.8999999762
6512  7.183  -74.553  1.282 0.8999999762
7138  7.284  -73.423  1.913 0.8999999762
7775  6.356  -72.320  2.323 0.8999999762
7786  6.153  -72.711  1.468 0.8000000119
8449  4.559  -71.483  1.782 0.8000000119
7128  7.369  -73.204  3.005 0.8000000119
9176  3.493  -69.693  1.875 0.6999999881
15424  1.690  -62.173  -9.122 0.8000000119
122496  2.765  -61.903  -10.829 0.8000000119
15396  1.435  -62.375  -6.585 0.6999999881
15409  1.539  -62.045  -7.565 0.8000000119
16228  3.528  -61.869  -11.369 0.6999999881
16200  1.924  -61.786  -8.795 0.8000000119
16227  3.882  -61.879  -11.877 0.8000000119
16213  2.719  -61.729  -9.455 0.8000000119
16214  2.183  -61.828  -9.353 0.8000000119
12930  2.875  -65.566  -12.387 0.6000000238
15445  4.415  -62.686  -13.008 0.6999999881
16212  3.171  -61.773  -9.898 0.6999999881
12947  3.332  -64.756  -14.111 0.6999999881
13764  2.770  -64.437  -12.587 0.6000000238
12177  3.311  -66.679  -13.308 0.5000000000
14599  5.092  -63.158  -13.966 0.6999999881
15423  3.553  -61.999  -9.602 0.8000000119
16198  3.157  -61.731  -9.150 0.6999999881
16180  2.590  -61.374  -7.917 0.8000000119
110117  3.217  -65.718  -13.728 0.5000000000
11490  3.673  -67.577  -13.743 0.5000000000
120800  5.466  -63.894  -15.272 0.6999999881
13792  4.927  -63.749  -15.260 0.6000000238
15417  3.450  -62.023  -8.782 0.8000000119
121240  3.538  -66.936  -14.309 0.5000000000
12967  5.338  -64.883  -16.258 0.6000000238
14567  4.283  -63.631  -9.694 0.8000000119
14568  3.454  -63.035  -9.248 0.8000000119
11516  5.619  -67.353  -17.543 0.8000000119
111983  4.234  -63.722  -8.648 0.8000000119
10831  3.739  -68.447  -14.263 0.5000000000
10098  3.891  -69.044  -13.528 0.5000000000
10141  6.327  -69.526  -16.308 0.6999999881
131020  6.182  -68.804  -16.781 0.8000000119
9430  5.781  -70.154  -16.625 0.6999999881
8709  5.402  -70.978  -17.063 0.6000000238
129480  4.748  -64.558  -7.192 0.6000000238
10110  3.749  -69.339  -14.319 0.5000000000
108679  3.741  -70.087  -14.220 0.5000000000
9421  6.275  -70.333  -15.676 0.6999999881
9422  5.755  -70.782  -16.011 0.6999999881
9420  6.924  -69.818  -15.579 0.6000000238
8698  6.092  -71.076  -15.263 0.6999999881
8699  5.570  -71.477  -15.975 0.6999999881
6723  5.458  -74.404  -15.173 0.6000000238
5514  5.838  -76.901  -15.045 0.6999999881
15379  6.140  -62.732  -5.546 0.6000000238
8681  6.479  -71.450  -14.586 0.6000000238
8662  6.493  -72.288  -14.143 0.6999999881
7361  5.830  -73.741  -14.562 0.6999999881
6115  5.447  -76.055  -14.863 0.6999999881
10109  7.530  -70.183  -15.173 0.5000000000
5504  6.184  -76.219  -14.673 0.6999999881
4962  6.061  -77.583  -15.515 0.6000000238
4993  6.634  -78.505  -17.328 0.6000000238
7967  6.955  -73.111  -13.598 0.6000000238
5503  6.827  -76.134  -14.744 0.6000000238
6694  7.209  -74.571  -13.720 0.6000000238
6103  7.270  -75.534  -14.408 0.5000000000
117870  7.030  -76.501  -15.368 0.6000000238
5543  6.793  -76.726  -18.299 0.6000000238
110949  6.915  -77.445  -16.952 0.6000000238
115152  6.852  -77.777  -17.899 0.6000000238
5000  6.588  -78.386  -18.275 0.6000000238
126721  6.153  -76.641  -19.372 0.6000000238
125112  6.432  -74.856  2.979 0.8000000119
6490  7.121  -74.312  3.110 0.8000000119
118281  6.881  -74.207  3.993 0.8000000119
7774  7.119  -72.782  2.571 0.8000000119
8419  6.486  -72.086  2.999 0.8999999762
8436  5.744  -71.617  2.749 0.8000000119
7766  6.248  -72.252  3.711 0.8000000119
9156  5.065  -70.930  3.048 0.8999999762
8437  4.333  -70.704  2.360 0.8000000119
9175  3.928  -69.944  2.717 0.8000000119
9951  3.232  -68.497  2.177 0.6000000238
110519  2.058  -61.381  -7.496 0.8000000119
113712  1.697  -61.590  -6.979 0.6999999881
120039  4.172  -62.090  -11.516 0.8000000119
16219  3.964  -61.878  -11.060 0.8000000119
14585  4.237  -62.818  -11.576 0.6999999881
15422  3.744  -62.755  -10.192 0.8000000119
16179  3.111  -61.692  -8.324 0.8999999762
16167  2.552  -60.935  -6.945 0.8999999762
13805  5.768  -64.488  -15.516 0.6999999881
11505  6.304  -67.252  -16.692 0.8000000119
12204  5.833  -65.625  -16.470 0.6999999881
14576  4.389  -63.415  -10.727 0.8000000119
14548  3.527  -62.965  -7.298 0.8000000119
14566  4.944  -64.270  -10.091 0.6999999881
14539  5.536  -63.877  -5.771 0.6000000238
120943  6.975  -68.833  -16.223 0.6000000238
13716  5.602  -64.880  -9.526 0.4000000060
14525  5.387  -63.020  -5.507 0.6000000238
5523  6.583  -77.278  -15.771 0.6000000238
5522  7.198  -76.589  -16.317 0.6000000238
5875  4.557  -75.834  3.484 0.8000000119
5862  5.571  -75.600  4.095 0.8999999762
6480  6.557  -74.569  4.847 0.8000000119
7129  7.160  -73.586  3.596 0.8000000119
7100  6.481  -74.085  5.167 0.6999999881
7117  6.279  -73.438  4.888 0.8000000119
7750  6.704  -73.024  4.149 0.8000000119
7732  5.219  -73.105  5.325 0.6999999881
125489  4.421  -70.355  3.113 0.8999999762
8421  5.063  -71.171  3.694 0.8999999762
9939  3.243  -68.517  3.269 0.8000000119
16168  1.975  -60.944  -6.739 0.8000000119
16940  1.749  -60.678  -5.907 0.6000000238
110960  3.123  -61.469  -7.305 0.8000000119
15408  3.408  -62.022  -7.849 0.8000000119
14556  3.408  -63.067  -8.226 0.8000000119
15437  4.672  -63.070  -12.325 0.6999999881
16938  3.083  -60.239  -6.556 0.8000000119
130730  5.505  -63.589  -13.785 0.6999999881
12966  6.048  -65.168  -15.765 0.6999999881
13791  6.181  -63.999  -14.832 0.6999999881
13681  4.734  -63.945  -6.467 0.6999999881
16930  4.787  -60.918  -5.806 0.6999999881
16945  4.651  -59.947  -6.527 0.6999999881
12203  6.471  -66.500  -16.305 0.6000000238
124374  6.785  -64.251  -13.430 0.6000000238
10839  7.060  -67.936  -16.279 0.6000000238
13790  7.019  -64.639  -14.450 0.6999999881
13750  6.441  -64.420  -11.587 0.5000000000
13736  5.878  -64.606  -10.404 0.5000000000
15394  5.740  -62.008  -5.855 0.6999999881
13664  5.389  -64.712  -6.552 0.5000000000
6129  7.588  -75.759  -16.895 0.5000000000
7751  5.834  -72.589  4.504 0.8000000119
7733  3.969  -72.594  5.480 0.8000000119
7753  3.846  -71.891  5.073 0.6999999881
9130  2.614  -70.519  5.480 0.8000000119
9158  3.956  -69.973  3.613 0.8999999762
9938  3.607  -69.259  3.240 0.8000000119
10621  2.991  -67.834  3.200 0.6999999881
10622  3.021  -67.971  2.260 0.5000000000
16932  1.796  -59.863  -5.545 0.6000000238
16939  2.286  -60.176  -6.301 0.6000000238
14584  4.978  -63.577  -11.471 0.6999999881
15395  3.547  -62.337  -6.783 0.8000000119
16166  3.342  -61.020  -6.372 0.8000000119
110931  5.534  -63.905  -12.077 0.6999999881
130196  3.596  -61.787  -6.301 0.8000000119
14591  6.093  -63.887  -13.589 0.6999999881
125338  5.156  -64.079  -10.819 0.6999999881
13717  4.775  -64.466  -9.129 0.8000000119
12965  6.803  -65.791  -15.620 0.6999999881
13698  4.686  -64.570  -8.102 0.8000000119
13663  6.428  -64.585  -6.047 0.5000000000
7721  2.495  -72.547  6.662 0.6999999881
7734  2.887  -72.086  5.752 0.6999999881
9142  3.606  -70.351  4.544 0.8000000119
9925  3.504  -69.568  4.201 0.8999999762
10608  2.964  -68.192  4.238 0.8999999762
120065  2.149  -59.473  -6.133 0.6000000238
116474  2.753  -59.545  -6.418 0.6999999881
127217  4.050  -62.481  -5.974 0.8000000119
16937  3.774  -59.917  -6.386 0.8000000119
14541  4.084  -63.163  -6.534 0.6999999881
16161  4.067  -61.682  -5.810 0.8000000119
15381  4.723  -62.421  -5.679 0.8000000119
111207  6.282  -61.568  -6.248 0.6999999881
8353  2.970  -71.861  8.232 0.6999999881
7074  2.535  -72.836  7.469 0.6999999881
8367  2.310  -71.605  7.605 0.6999999881
8389  1.990  -70.760  6.381 0.6999999881
9143  2.735  -69.564  5.102 0.8999999762
129051  2.905  -67.217  3.351 0.6999999881
17690  2.380  -58.917  -6.273 0.6999999881
16931  4.051  -60.815  -5.933 0.8000000119
17689  3.281  -59.020  -6.629 0.8000000119
19357  4.020  -57.947  -9.549 0.4000000060
122269  4.465  -60.480  -6.089 0.6999999881
15393  6.630  -62.289  -6.001 0.6000000238
8366  3.525  -71.044  8.021 0.6999999881
9100  2.283  -70.773  7.391 0.6999999881
9098  4.206  -70.326  7.722 0.6999999881
8378  1.931  -71.277  7.035 0.6999999881
9912  2.210  -69.172  6.036 0.8000000119
117315  2.636  -68.603  5.224 0.8999999762
9926  3.181  -68.905  4.251 0.8999999762
124638  2.890  -67.496  4.156 0.8999999762
12772  2.497  -65.706  2.488 0.6000000238
17685  1.900  -59.034  -5.728 0.5000000000
19327  3.745  -57.867  -8.623 0.5000000000
18457  3.703  -58.180  -7.723 0.6000000238
18447  4.009  -58.751  -7.017 0.5000000000
18448  3.330  -58.371  -6.960 0.6999999881
18449  2.686  -58.315  -6.532 0.6000000238
18456  4.376  -58.692  -7.645 0.5000000000
17688  4.146  -59.347  -6.631 0.6999999881
18469  4.365  -58.430  -8.551 0.6000000238
17701  4.850  -58.964  -8.041 0.6000000238
17692  4.763  -59.296  -7.223 0.6000000238
16943  6.348  -60.550  -7.476 0.6000000238
16944  5.479  -60.147  -7.134 0.6999999881
9877  3.748  -69.477  7.523 0.6999999881
126344  1.994  -70.548  6.947 0.6999999881
9118  2.103  -69.894  6.587 0.8000000119
10596  2.704  -67.776  5.138 0.8999999762
18438  2.030  -58.304  -5.991 0.5000000000
19286  2.409  -57.605  -6.321 0.5000000000
17700  5.470  -59.559  -8.156 0.6000000238
9895  4.431  -68.942  7.047 0.6999999881
10562  2.605  -68.038  6.728 0.8000000119
9896  2.391  -68.920  6.796 0.8000000119
10581  2.403  -68.155  6.129 0.8999999762
127323  2.706  -66.119  2.971 0.8000000119
119342  3.308  -57.415  -8.096 0.6000000238
19308  2.986  -57.691  -7.137 0.5000000000
109487  3.555  -57.225  -9.015 0.4000000060
19358  3.826  -57.091  -9.947 0.4000000060
19380  4.244  -56.943  -10.614 0.4000000060
18483  4.732  -58.526  -9.437 0.5000000000
11252  3.803  -67.177  6.662 0.6999999881
12009  7.976  -66.394  3.472 0.5000000000
11269  2.616  -67.314  5.849 0.8999999762
11993  2.858  -66.290  4.693 0.8999999762
11301  2.860  -66.801  3.978 0.8000000119
13542  2.146  -64.202  2.268 0.6000000238
110653  2.311  -65.006  2.203 0.6000000238
20274  2.872  -56.806  -7.491 0.5000000000
19309  2.616  -57.026  -6.760 0.5000000000
20283  3.211  -56.549  -8.371 0.5000000000
20304  3.631  -56.366  -9.277 0.5000000000
21247  4.876  -55.845  -10.863 0.4000000060
128170  6.662  -65.919  3.745 0.5000000000
11268  4.472  -66.624  6.098 0.8000000119
11971  5.365  -66.551  5.408 0.8000000119
113769  8.293  -64.953  3.450 0.5000000000
12757  7.680  -65.539  3.428 0.5000000000
11991  5.732  -66.134  4.774 0.6999999881
11973  3.020  -66.159  5.921 0.8999999762
22055  15.234  -53.824  1.304 0.6000000238
21069  13.991  -54.956  2.048 0.6000000238
21057  11.777  -54.853  3.321 0.8000000119
22042  12.773  -53.600  2.169 0.6999999881
22033  11.370  -54.320  3.050 0.8000000119
21059  9.962  -55.395  3.018 0.8000000119
12743  2.919  -65.441  4.340 0.8000000119
21209  3.449  -55.671  -8.536 0.5000000000
20275  2.534  -56.249  -6.733 0.6000000238
21195  2.887  -55.740  -7.545 0.5000000000
110718  3.336  -54.885  -7.916 0.5000000000
11972  3.714  -65.854  5.799 0.8000000119
13522  8.233  -64.192  3.519 0.4000000060
22053  16.889  -54.094  0.342 0.5000000000
21068  14.775  -54.814  1.490 0.6000000238
13524  6.466  -64.385  3.544 0.6999999881
11974  2.845  -66.561  5.576 0.8999999762
21045  11.349  -55.679  3.598 0.8000000119
13523  7.423  -64.540  3.401 0.6000000238
22054  16.135  -53.869  0.852 0.6999999881
113281  9.213  -55.854  2.719 0.8000000119
19183  5.683  -57.508  1.294 0.6000000238
14417  6.155  -63.543  3.538 0.8000000119
13527  2.798  -64.724  3.635 0.8000000119
19181  7.316  -57.071  1.939 0.6999999881
18333  4.656  -58.484  1.371 0.6999999881
15302  1.784  -62.645  1.301 0.6000000238
13541  2.523  -64.073  3.078 0.6999999881
14421  2.683  -63.317  3.306 0.8000000119
21181  2.475  -55.330  -6.462 0.5000000000
21084  15.657  -54.696  1.010 0.5000000000
21082  17.305  -54.828  0.065 0.4000000060
21055  13.315  -54.924  2.682 0.8000000119
124558  8.398  -62.850  3.646 0.5000000000
113567  7.747  -63.478  3.489 0.6000000238
12741  5.216  -65.270  4.732 0.8000000119
12727  3.582  -65.172  5.250 0.8000000119
12728  3.133  -65.162  5.004 0.8999999762
124845  17.514  -54.365  -0.166 0.4000000060
21047  9.824  -56.017  3.294 0.8000000119
13525  5.617  -64.070  3.880 0.8000000119
13505  4.291  -64.630  4.825 0.8000000119
13506  3.479  -64.577  4.702 0.8999999762
109785  13.685  -54.255  2.306 0.6999999881
20131  8.127  -56.814  2.355 0.8000000119
15263  7.757  -62.523  3.545 0.8000000119
118199  6.905  -63.797  3.393 0.6000000238
14401  3.894  -64.008  4.518 0.8000000119
14402  3.334  -63.875  4.326 0.8000000119
22067  17.612  -53.994  -0.524 0.6000000238
22056  14.508  -53.281  1.322 0.6999999881
19168  7.881  -57.646  2.534 0.8000000119
18331  6.298  -58.065  1.777 0.6000000238
17598  5.315  -59.033  1.754 0.6999999881
17599  4.566  -59.159  1.602 0.6999999881
14419  3.955  -63.228  4.156 0.8000000119
14403  2.874  -63.918  3.860 0.8999999762
22928  15.476  -53.222  0.759 0.6999999881
22041  13.608  -53.586  1.947 0.6999999881
18332  5.516  -58.302  1.524 0.6999999881
16835  2.642  -60.774  2.024 0.6999999881
15284  2.454  -62.665  2.817 0.8000000119
16833  3.929  -59.703  1.723 0.6999999881
115324  17.503  -55.810  -0.305 0.3000000119
21044  12.157  -55.653  3.400 0.8000000119
121179  7.825  -61.851  3.586 0.6999999881
20129  9.422  -56.592  3.238 0.8000000119
19167  8.813  -57.329  3.071 0.8000000119
18318  6.930  -58.983  2.527 0.8000000119
15264  7.099  -62.052  3.466 0.8000000119
14418  5.157  -63.158  3.818 0.8000000119
22078  17.916  -54.310  -1.188 0.6000000238
22927  16.324  -53.621  0.339 0.6000000238
21058  10.820  -54.951  3.228 0.8000000119
127366  6.793  -58.459  2.235 0.8000000119
16832  5.733  -60.316  2.574 0.8000000119
16052  5.701  -61.648  3.180 0.8000000119
14420  3.146  -63.202  3.908 0.8000000119
22087  18.018  -54.681  -1.924 0.6000000238
22945  15.866  -53.205  0.063 0.6000000238
22031  13.048  -54.170  2.588 0.8000000119
15283  2.887  -62.019  3.016 0.6999999881
15267  3.466  -62.550  3.632 0.8000000119
15268  2.912  -62.712  3.430 0.8000000119
22929  13.969  -52.926  0.725 0.6999999881
118438  2.560  -61.460  2.332 0.6999999881
20154  15.878  -55.815  0.403 0.4000000060
20138  14.198  -55.842  1.434 0.6000000238
20127  13.417  -56.017  2.129 0.6999999881
20116  11.740  -56.456  3.658 0.8000000119
108772  18.700  -55.349  -0.948 0.3000000119
19157  9.812  -57.339  3.808 0.8000000119
16816  7.809  -60.662  3.471 0.6999999881
21108  18.046  -54.656  -0.699 0.4000000060
18317  8.413  -58.252  3.170 0.8000000119
21132  20.580  -55.655  -3.189 0.3000000119
115885  19.584  -55.792  -2.518 0.4000000060
17585  6.635  -59.696  2.660 0.8000000119
125737  6.550  -61.506  3.262 0.8000000119
21122  17.581  -54.976  -2.697 0.5000000000
15266  4.407  -62.422  3.657 0.8000000119
22957  16.979  -53.680  -0.558 0.6000000238
18319  6.183  -58.873  2.089 0.8000000119
16054  3.802  -61.823  3.221 0.8000000119
22079  16.579  -53.936  -1.462 0.6000000238
17586  5.784  -59.526  2.229 0.6999999881
17587  5.000  -59.694  2.058 0.6999999881
114341  4.622  -60.421  2.351 0.8000000119
16070  3.257  -61.284  2.644 0.6999999881
23859  2.956  -52.052  -7.408 0.6000000238
23055  3.869  -52.873  -8.671 0.5000000000
23056  3.460  -53.111  -7.969 0.6000000238
22145  2.751  -53.864  -6.623 0.6000000238
22146  2.506  -54.340  -5.900 0.5000000000
22176  4.104  -53.723  -8.811 0.6000000238
22177  3.765  -54.229  -8.282 0.6000000238
21119  20.106  -56.200  -2.562 0.3000000119
20165  18.272  -55.745  -0.667 0.3000000119
20118  10.158  -56.518  3.729 0.8000000119
19158  9.275  -58.134  3.676 0.8000000119
18308  8.125  -58.975  3.283 0.8000000119
21131  21.336  -55.610  -3.073 0.3000000119
17584  7.507  -59.353  2.996 0.8000000119
16830  7.425  -60.053  3.187 0.8000000119
22096  20.266  -55.014  -3.950 0.5000000000
16067  6.012  -61.071  2.927 0.8000000119
22106  19.992  -54.141  -4.338 0.5000000000
21135  17.747  -55.175  -3.396 0.6000000238
16068  5.192  -61.068  2.800 0.8000000119
23881  3.990  -52.356  -8.882 0.5000000000
23070  4.441  -53.240  -9.370 0.6000000238
22968  22.653  -53.575  -3.146 0.3000000119
24639  22.140  -51.652  -2.841 0.4000000060
24632  21.676  -50.862  -2.306 0.4000000060
23794  21.953  -52.389  -3.347 0.4000000060
24644  21.407  -51.818  -3.390 0.4000000060
24724  3.898  -50.781  -8.121 0.6000000238
24706  2.964  -51.149  -6.817 0.6000000238
24750  4.302  -51.650  -8.965 0.6000000238
24725  3.203  -51.342  -7.723 0.6000000238
119574  3.691  -51.687  -8.398 0.6000000238
23882  3.421  -52.185  -8.234 0.6000000238
25564  4.504  -49.930  -8.204 0.6000000238
24723  4.726  -50.837  -8.952 0.6000000238
25467  21.405  -50.248  -0.937 0.3000000119
26344  4.505  -48.973  -7.438 0.5000000000
25565  3.918  -49.685  -7.291 0.6000000238
115041  4.975  -49.239  -8.415 0.6000000238
25588  5.056  -50.116  -8.969 0.6000000238
28088  6.234  -47.289  -9.681 0.6000000238
26367  5.395  -48.612  -8.774 0.6000000238
28065  6.341  -45.966  -9.182 0.6000000238
25598  5.394  -50.741  -9.688 0.6000000238
119726  6.054  -49.697  -10.339 0.5000000000
26375  6.404  -49.224  -10.601 0.5000000000
119121  6.754  -47.941  -10.655 0.4000000060
28087  6.760  -46.931  -10.350 0.5000000000
124032  20.441  -49.529  -0.009 0.3000000119
26343  4.945  -48.309  -7.781 0.5000000000
130260  7.174  -45.067  -10.480 0.5000000000
27178  5.283  -47.768  -8.113 0.5000000000
27202  5.753  -47.834  -9.057 0.6000000238
26366  5.913  -48.929  -9.786 0.6000000238
27210  6.283  -48.345  -10.153 0.6000000238
26241  19.712  -49.423  0.069 0.3000000119
27927  18.033  -48.174  0.545 0.3000000119
27177  5.605  -47.255  -8.184 0.6000000238
28066  5.943  -46.800  -8.590 0.6000000238
29041  6.840  -45.923  -10.297 0.5000000000
130776  7.152  -46.719  -10.789 0.5000000000
29007  6.941  -44.721  -8.142 0.5000000000
29871  7.386  -43.639  -8.477 0.6000000238
29032  6.779  -44.661  -9.346 0.6000000238
125876  7.805  -44.825  -11.120 0.5000000000
27081  18.152  -49.052  0.241 0.3000000119
117532  8.219  -44.085  -7.332 0.5000000000
29870  8.221  -43.349  -8.035 0.6000000238
29031  7.430  -43.945  -9.995 0.5000000000
29863  7.695  -44.038  -7.467 0.6000000238
29889  8.075  -43.342  -9.455 0.6000000238
29887  10.467  -44.492  -10.234 0.6000000238
30687  8.727  -43.422  -9.514 0.5000000000
30699  8.660  -43.358  -10.340 0.4000000060
29900  8.261  -43.595  -10.893 0.4000000060
27950  18.967  -48.056  -1.395 0.4000000060
27105  17.809  -48.548  -0.266 0.4000000060
27094  17.752  -48.640  0.069 0.3000000119
28898  17.580  -46.854  -1.264 0.3000000119
27951  17.732  -47.694  -0.702 0.3000000119
27929  17.315  -46.908  -0.204 0.3000000119
27964  18.947  -47.202  -1.918 0.4000000060
27939  17.543  -47.860  -0.255 0.3000000119
30697  10.182  -43.823  -10.751 0.5000000000
30698  9.341  -43.450  -10.523 0.4000000060
30711  9.187  -43.476  -11.093 0.4000000060
30695  11.857  -44.770  -10.824 0.4000000060
30696  11.085  -44.238  -10.741 0.5000000000
28891  16.785  -46.189  -0.752 0.3000000119
28908  18.413  -46.429  -1.991 0.4000000060
27940  17.297  -47.037  -0.746 0.3000000119
28899  17.003  -46.432  -1.240 0.3000000119
29810  18.077  -45.518  -2.551 0.4000000060
110702  12.378  -43.606  -11.391 0.3000000119
30709  10.891  -43.517  -11.315 0.4000000060
30710  10.137  -43.716  -11.317 0.5000000000
30708  11.699  -43.922  -11.102 0.4000000060
29824  19.347  -45.512  -4.757 0.3000000119
30678  21.079  -44.702  -8.483 0.4000000060
31505  13.128  -43.256  -11.734 0.3000000119
130872  13.620  -43.864  -11.754 0.4000000060
29893  17.423  -45.228  -11.270 0.4000000060
30707  13.232  -44.123  -11.512 0.3000000119
31506  11.553  -43.136  -11.493 0.4000000060
30672  19.807  -44.764  -7.127 0.3000000119
29855  20.365  -45.383  -7.356 0.4000000060
30679  20.373  -44.556  -7.843 0.3000000119
31482  20.181  -43.580  -8.093 0.4000000060
116634  14.638  -44.242  -11.819 0.4000000060
29862  20.961  -45.370  -8.099 0.4000000060
31490  21.513  -44.123  -9.863 0.5000000000
30685  21.588  -44.953  -9.759 0.5000000000
31504  14.115  -43.657  -12.017 0.4000000060
29894  16.449  -45.219  -11.263 0.3000000119
32389  12.117  -42.678  -11.633 0.3000000119
30686  21.413  -44.418  -9.170 0.5000000000
31495  21.235  -43.796  -10.295 0.3000000119
29895  15.565  -45.127  -11.290 0.4000000060
30704  16.109  -44.564  -11.643 0.4000000060
31498  20.154  -43.576  -11.122 0.3000000119
128362  18.949  -44.401  -11.444 0.4000000060
117321  16.923  -44.561  -11.595 0.3000000119
31517  16.930  -43.237  -12.112 0.4000000060
31520  13.770  -42.774  -12.206 0.3000000119
31518  15.970  -43.321  -12.262 0.3000000119
30705  15.320  -44.448  -11.717 0.4000000060
31502  16.529  -43.951  -11.946 0.4000000060
129287  15.819  -44.024  -11.980 0.4000000060
31516  17.804  -43.185  -11.922 0.3000000119
122494  15.190  -43.044  -12.379 0.3000000119
31519  14.572  -43.145  -12.294 0.3000000119
902  14.040  -86.521  -15.312 0.8000000119
112677  16.469  -87.366  -15.712 0.8000000119
143  19.878  -89.896  -16.561 0.6000000238
357  7.273  -88.270  -5.742 0.8999999762
129342  9.697  -87.416  -12.245 0.8999999762
610  12.643  -87.658  -11.359 0.5000000000
259  13.922  -89.107  -11.995 0.5000000000
115  14.806  -89.789  -12.033 0.4000000060
96  13.735  -90.637  -10.629 0.4000000060
572  7.879  -87.920  -6.331 0.8999999762
1166  9.266  -85.949  -10.774 1.0000000000
396  12.663  -88.621  -11.100 0.5000000000
277  21.544  -88.739  -14.890 0.4000000060
1151  8.267  -85.724  -8.870 1.0000000000
639  23.625  -87.341  -15.434 0.6999999881
1877  13.393  -83.450  -7.779 0.4000000060
912  24.855  -86.381  -15.850 0.6000000238
2502  26.036  -83.001  -22.952 0.6000000238
3712  5.921  -79.408  2.177 0.8000000119
1832  6.223  -84.060  -1.124 0.8999999762
3798  9.706  -78.711  -5.518 0.6999999881
124409  8.507  -78.400  -3.843 0.8000000119
115273  8.469  -84.047  -8.132 0.8999999762
3444  26.966  -80.571  -19.666 0.6000000238
3541  11.211  -79.772  -28.398 0.5000000000
2968  24.916  -81.347  -23.288 0.6999999881
3198  5.764  -79.814  3.121 0.8000000119
3832  10.275  -79.464  -6.810 0.8000000119
3473  28.882  -80.219  -21.688 0.5000000000
113450  7.406  -81.964  8.154 0.3000000119
3142  7.175  -80.555  7.143 0.4000000060
120687  11.899  -78.626  -24.931 0.6000000238
4553  12.234  -78.496  -25.794 0.5000000000
4472  2.626  -78.000  -17.605 0.5000000000
4068  26.153  -79.598  -29.900 0.6000000238
2679  5.255  -81.646  3.847 0.6999999881
1850  3.612  -83.202  -3.153 0.8999999762
4548  17.103  -78.502  -25.423 0.6999999881
3129  5.295  -80.601  8.548 0.4000000060
2217  4.269  -82.955  3.907 0.8000000119
1785  3.968  -83.370  3.351 0.8000000119
1395  4.624  -84.339  1.232 1.0000000000
1811  3.326  -84.076  0.808 1.0000000000
1824  3.901  -84.531  -0.478 0.8999999762
5033  8.456  -77.909  -21.358 0.6000000238
115452  6.574  -79.231  -22.883 0.6999999881
4263  2.688  -78.159  -1.425 0.8000000119
122275  3.018  -78.803  -2.818 0.6000000238
14578  1.914  -62.985  -10.262 0.6000000238
12980  3.978  -65.842  -16.499 0.8000000119
15448  3.018  -62.050  -12.037 0.6999999881
15447  3.615  -62.035  -12.397 0.6999999881
118569  2.770  -63.437  -12.436 0.5000000000
5911  6.404  -75.285  0.372 0.8999999762
6522  7.143  -74.459  0.477 0.8999999762
7148  6.491  -73.321  0.767 0.8999999762
121900  1.390  -63.006  -7.002 0.6999999881
15439  2.675  -62.201  -11.312 0.8000000119
110679  2.966  -65.987  -11.616 0.5000000000
15455  3.956  -62.343  -13.029 0.6999999881
7983  5.791  -72.803  -14.858 0.6999999881
6105  6.059  -75.494  -14.426 0.6999999881
6710  6.590  -74.954  -14.031 0.6000000238
16199  2.521  -61.637  -8.759 0.8000000119
10849  6.281  -68.085  -16.797 0.6999999881
5885  5.875  -75.243  2.369 0.8999999762
8402  5.402  -71.773  4.073 0.8000000119
12958  6.596  -64.873  -15.181 0.6999999881
9141  4.410  -71.255  4.424 0.8000000119
14555  4.231  -63.724  -7.461 0.8000000119
8403  3.299  -71.213  5.157 0.8000000119
9878  2.817  -69.190  7.380 0.6999999881
10561  2.825  -68.299  7.185 0.6999999881
11254  2.644  -67.554  6.395 0.8999999762
20323  4.191  -56.229  -10.190 0.4000000060
11989  7.423  -66.893  3.726 0.5000000000
11962  3.347  -66.641  6.353 0.8000000119
12758  6.763  -65.327  3.565 0.6000000238
13526  4.664  -63.898  4.317 0.8000000119
22157  3.193  -53.960  -7.446 0.6999999881
20185  19.249  -56.021  -1.790 0.3000000119
17572  8.386  -59.860  3.547 0.6999999881
16831  6.795  -60.671  3.090 0.8000000119
25597  5.972  -50.470  -10.403 0.5000000000
25587  5.565  -49.716  -9.503 0.6000000238
27104  18.340  -48.795  -0.530 0.4000000060
110418  18.153  -48.169  -0.798 0.4000000060
27928  17.633  -47.649  0.246 0.3000000119
29888  9.605  -43.728  -9.899 0.5000000000
28909  17.263  -45.976  -1.856 0.4000000060
128773  17.654  -44.489  -11.572 0.4000000060
123429  17.205  -89.635  -13.474 0.6000000238
15431  1.925  -62.151  -9.850 0.6999999881
286  12.289  -90.425  -16.829 0.6999999881
127060  12.069  -90.729  -16.521 0.6999999881
50  15.424  -90.826  -18.548 0.6999999881
38  11.326  -91.096  -15.219 0.8000000119
1522  14.334  -84.021  -11.719 0.6000000238
1163  13.813  -84.910  -11.521 0.6000000238
109321  14.244  -84.644  -12.626 0.6999999881
855  12.152  -86.100  -9.752 0.5000000000
47  17.854  -91.071  -18.115 0.6999999881
291  19.668  -89.828  -18.108 0.6000000238
112837  12.278  -85.335  -9.315 0.5000000000
430  21.111  -88.609  -16.484 0.6999999881
1499  13.688  -83.699  -10.034 0.5000000000
389  12.234  -88.863  -10.384 0.5000000000
429  21.894  -88.117  -16.320 0.6999999881
1490  13.112  -83.857  -9.090 0.5000000000
125194  12.289  -89.638  -10.186 0.4000000060
3252  8.927  -79.319  -1.912 0.4000000060
2179  7.584  -82.144  6.260 0.4000000060
2704  8.509  -81.480  -0.427 0.3000000119
110991  8.272  -81.605  1.460 0.4000000060
3221  8.591  -80.522  -0.163 0.4000000060
3671  7.242  -79.404  4.297 0.6000000238
3308  16.391  -79.774  -7.707 0.4000000060
608  24.623  -87.890  -11.113 0.4000000060
1746  6.835  -83.427  7.498 0.3000000119
1752  7.086  -83.130  6.574 0.4000000060
3162  7.456  -80.171  5.597 0.6000000238
3683  6.101  -79.437  3.879 0.6999999881
2792  17.057  -81.005  -7.598 0.4000000060
887  27.086  -86.573  -11.508 0.4000000060
1193  29.260  -85.255  -12.119 0.5000000000
886  27.911  -86.086  -11.460 0.5000000000
2422  30.941  -82.938  -15.260 0.6000000238
1541  29.260  -85.033  -13.256 0.6000000238
2433  30.492  -82.546  -16.183 0.6000000238
2909  30.222  -81.364  -17.234 0.5000000000
2446  30.015  -82.095  -16.865 0.5000000000
2648  7.586  -81.368  6.748 0.4000000060
3157  7.394  -80.517  6.314 0.5000000000
3183  5.589  -80.366  4.100 0.6999999881
3969  29.290  -79.601  -19.473 0.5000000000
114433  6.862  -79.690  5.855 0.6000000238
126250  6.380  -79.640  5.373 0.6000000238
1416  5.363  -84.917  0.176 1.0000000000
2687  5.346  -82.033  1.981 0.8000000119
2241  5.341  -83.577  0.890 0.8000000119
1407  4.917  -84.777  0.677 1.0000000000
1074  4.991  -85.577  -0.511 1.0000000000
2954  21.157  -81.303  -23.038 0.6000000238
3018  27.331  -81.262  -27.378 0.5000000000
2224  4.885  -83.072  2.419 0.8000000119
1417  4.918  -85.119  0.176 1.0000000000
3531  28.079  -80.986  -27.015 0.6000000238
4067  26.649  -79.896  -29.257 0.6000000238
1825  3.102  -83.722  -0.199 0.8999999762
2273  3.192  -83.075  -1.888 0.8999999762
114212  3.307  -82.516  -2.644 0.8000000119
121329  3.222  -81.782  -3.090 0.8000000119
2732  2.904  -81.660  -2.261 0.8000000119
3266  3.292  -80.506  -3.587 0.5000000000
127611  2.755  -80.104  -2.311 0.8000000119
3765  2.793  -79.466  -2.406 0.8000000119
4251  2.784  -77.938  -0.696 0.8000000119
4807  2.703  -77.325  -1.219 0.8000000119
111552  4.381  -75.807  0.953 0.8999999762
5533  7.203  -76.294  -17.410 0.4000000060
5897  5.116  -75.559  1.730 0.8999999762
109395  5.244  -73.727  6.025 0.8000000119
7103  3.213  -72.856  6.113 0.6999999881
16160  4.843  -61.612  -5.699 0.6999999881
16165  5.460  -61.193  -5.884 0.6999999881
16178  5.930  -60.840  -6.553 0.6999999881
16177  6.815  -61.139  -6.982 0.6000000238
16164  6.930  -61.907  -6.615 0.5000000000
15378  7.111  -62.807  -5.699 0.5000000000
18494  4.765  -58.291  -10.261 0.5000000000
9894  5.515  -69.255  6.578 0.6000000238
10559  5.080  -68.444  6.507 0.6999999881
10580  4.766  -67.565  6.365 0.6000000238
11300  8.186  -67.087  3.624 0.5000000000
11267  5.532  -67.246  5.654 0.6000000238
12742  4.289  -65.286  5.340 0.8999999762
12759  5.914  -64.897  3.954 0.6999999881
21231  3.941  -55.534  -9.312 0.6000000238
116143  3.798  -55.006  -8.619 0.6000000238
21180  2.777  -54.680  -7.016 0.6000000238
22191  4.194  -54.683  -9.070 0.5000000000
16051  8.224  -61.314  3.650 0.6999999881
14416  6.825  -62.921  3.441 0.8000000119
116902  6.249  -62.203  3.398 0.8000000119
22958  16.164  -53.526  -0.675 0.6999999881
16817  7.391  -61.343  3.447 0.8000000119
21143  18.826  -55.239  -3.974 0.5000000000
22190  4.569  -54.286  -9.596 0.5000000000
114132  10.000  -58.122  4.075 0.6999999881
18307  9.774  -58.826  3.975 0.6999999881
19155  11.369  -57.290  3.946 0.6999999881
17571  9.478  -59.661  3.877 0.6999999881
23899  4.697  -52.444  -9.526 0.5000000000
22085  22.881  -54.237  -2.887 0.3000000119
24749  5.097  -51.646  -9.649 0.5000000000
25482  21.124  -50.423  -1.648 0.4000000060
25468  20.618  -50.090  -0.994 0.3000000119
26243  18.408  -49.257  0.028 0.3000000119
27093  17.973  -49.142  -0.034 0.4000000060
29869  9.000  -44.033  -8.967 0.5000000000
28920  18.972  -45.821  -2.878 0.4000000060
29818  19.162  -45.602  -3.853 0.4000000060
117201  19.598  -46.040  -4.344 0.4000000060
29836  19.581  -45.478  -5.554 0.3000000119
29847  19.266  -44.900  -5.937 0.3000000119
30677  21.496  -45.220  -8.979 0.5000000000
30702  19.753  -44.356  -11.272 0.5000000000
30673  19.156  -44.240  -6.903 0.3000000119
290  20.196  -89.292  -18.089 0.5000000000
1500  13.036  -84.630  -9.801 0.5000000000
1491  12.457  -84.581  -8.778 0.4000000060
1878  12.677  -83.932  -8.098 0.4000000060
1478  12.244  -84.432  -7.340 0.4000000060
3667  7.060  -79.486  5.117 0.6000000238
3673  5.929  -79.719  4.786 0.6999999881
118943  5.261  -82.038  2.994 0.8000000119
2230  5.224  -83.101  1.502 0.8000000119
112197  5.036  -84.005  1.317 0.8000000119
5299  3.673  -76.301  0.438 0.8999999762
7085  4.623  -73.938  6.706 0.8000000119
16197  7.033  -60.671  -7.723 0.5000000000
10578  6.719  -68.763  5.451 0.5000000000
10594  7.384  -68.235  4.676 0.5000000000
10579  5.747  -68.120  5.823 0.5000000000
10595  6.399  -67.807  5.084 0.5000000000
21230  4.462  -55.272  -9.933 0.3000000119
113053  9.226  -60.494  3.823 0.6999999881
29819  18.452  -45.210  -3.408 0.4000000060
29811  17.215  -45.330  -2.513 0.3000000119
30665  19.507  -44.863  -6.544 0.3000000119
643  12.300  -87.159  -16.383 0.8999999762
915  12.834  -86.476  -16.021 0.8000000119
433  12.165  -89.297  -16.332 0.8999999762
644  11.815  -87.860  -15.899 0.8999999762
904  12.434  -86.169  -15.259 0.8000000119
98  8.486  -90.245  -10.368 0.6999999881
111800  8.722  -89.761  -9.837 0.6999999881
391  9.133  -89.083  -10.504 0.8000000119
125599  10.199  -88.281  -13.050 0.8000000119
432  12.360  -89.834  -16.942 0.8999999762
293  15.740  -90.046  -17.673 0.8000000119
439  16.198  -88.254  -17.161 0.8999999762
440  15.722  -88.925  -17.792 0.8000000119
448  15.062  -88.616  -18.413 0.8999999762
118202  15.293  -89.467  -18.247 0.6999999881
154  16.187  -90.652  -17.386 0.8000000119
42  16.806  -90.859  -16.913 0.8000000119
1548  13.110  -84.336  -14.020 0.8999999762
1190  11.330  -85.113  -13.315 0.8000000119
274  11.312  -90.074  -13.814 0.8000000119
634  13.966  -86.607  -14.636 0.8000000119
116  10.264  -90.576  -12.493 0.8000000119
125727  12.046  -89.684  -15.479 0.8999999762
913  15.561  -86.973  -16.073 0.6999999881
424  17.507  -88.375  -14.790 0.6999999881
417  17.006  -87.757  -14.035 0.6999999881
125242  14.232  -83.477  -13.011 0.6999999881
1534  14.250  -84.104  -13.232 0.6999999881
1508  13.314  -85.040  -10.647 0.5000000000
1164  13.117  -85.707  -11.106 0.6000000238
881  12.934  -86.651  -11.550 0.5000000000
36  18.189  -90.794  -15.156 0.5000000000
30  17.966  -90.523  -13.268 0.4000000060
128391  13.429  -89.987  -18.564 0.6999999881
172  14.220  -90.462  -18.931 0.6000000238
113806  18.618  -90.805  -13.793 0.4000000060
113607  18.101  -90.924  -15.976 0.6000000238
3202  8.457  -80.010  1.607 0.5000000000
125406  7.530  -78.986  2.670 0.6999999881
4249  7.930  -78.123  -0.175 0.8000000119
2825  13.915  -81.183  -10.999 0.5000000000
2839  14.210  -81.777  -11.470 0.6000000238
1536  11.560  -84.315  -12.837 0.8999999762
882  9.405  -87.072  -11.687 1.0000000000
114  15.639  -90.359  -11.907 0.4000000060
624  14.156  -87.416  -13.997 0.6999999881
51  14.917  -90.403  -18.677 0.6999999881
130  19.746  -90.769  -14.969 0.4000000060
39  18.783  -90.962  -16.278 0.6000000238
2684  8.077  -81.175  2.920 0.5000000000
3775  7.256  -78.722  -3.210 0.8000000119
1910  14.397  -83.372  -10.943 0.6000000238
1177  13.638  -85.684  -12.194 0.6000000238
117344  15.012  -90.440  -11.492 0.3000000119
27  19.752  -90.831  -13.628 0.4000000060
273  20.376  -90.046  -14.808 0.4000000060
145  18.888  -90.762  -17.154 0.6999999881
151  19.487  -90.171  -17.341 0.6999999881
152  19.039  -90.363  -17.966 0.6999999881
2810  15.358  -80.329  -9.612 0.4000000060
2811  14.740  -80.845  -10.032 0.5000000000
119595  14.741  -81.464  -9.710 0.5000000000
1178  10.275  -85.185  -11.677 0.8999999762
278  20.904  -88.921  -15.710 0.5000000000
3237  8.721  -79.707  -1.261 0.4000000060
3762  9.236  -79.070  -2.650 0.5000000000
130996  16.338  -79.642  -8.278 0.4000000060
2339  14.691  -81.853  -8.965 0.4000000060
1507  13.797  -84.289  -10.771 0.6000000238
97  12.816  -90.337  -10.244 0.4000000060
284  20.438  -89.209  -16.542 0.5000000000
422  22.163  -88.144  -15.375 0.6000000238
647  23.062  -87.062  -16.888 0.5000000000
920  25.111  -85.951  -16.478 0.4000000060
1998  28.206  -83.042  -18.520 0.5000000000
2017  27.786  -83.133  -19.909 0.5000000000
2469  28.034  -82.755  -19.926 0.5000000000
1784  7.351  -83.666  3.495 0.3000000119
3337  13.544  -80.709  -10.389 0.5000000000
88  12.702  -90.645  -9.430 0.3000000119
406  22.906  -88.617  -13.615 0.4000000060
919  25.569  -86.021  -15.852 0.5000000000
910  26.277  -86.105  -15.024 0.6999999881
1217  26.796  -85.496  -15.654 0.4000000060
125690  23.172  -88.183  -14.234 0.6000000238
2049  27.459  -82.922  -21.217 0.5000000000
2678  7.927  -80.798  4.053 0.4000000060
1426  6.249  -85.166  -1.171 0.8999999762
112420  5.553  -81.304  0.401 0.8000000119
2812  12.593  -80.970  -10.067 0.6000000238
127629  7.843  -85.644  -7.643 1.0000000000
1554  30.797  -83.899  -13.481 0.6000000238
120109  29.964  -84.490  -13.446 0.6000000238
399  24.126  -88.394  -12.412 0.4000000060
621  24.440  -88.019  -13.245 0.5000000000
1974  29.361  -83.428  -16.395 0.5000000000
911  25.400  -86.600  -15.038 0.5000000000
901  25.936  -86.787  -13.939 0.6999999881
2447  29.415  -82.396  -17.100 0.5000000000
2911  28.654  -81.691  -17.875 0.6000000238
2064  3.450  -82.853  -21.216 0.5000000000
2937  26.766  -81.309  -20.394 0.6000000238
2065  26.514  -83.179  -22.282 0.5000000000
2490  25.904  -82.240  -22.352 0.6000000238
2656  7.664  -81.187  5.897 0.5000000000
828  4.732  -86.555  -5.193 0.6999999881
888  26.438  -87.015  -11.958 0.5000000000
613  25.872  -87.286  -11.784 0.4000000060
1207  27.200  -85.776  -14.710 0.6999999881
620  25.226  -87.363  -13.506 0.6000000238
2080  4.790  -83.085  -23.233 0.6000000238
3956  28.323  -79.994  -18.603 0.6000000238
3972  26.849  -79.780  -19.949 0.6000000238
3475  25.855  -80.549  -21.274 0.6999999881
3984  26.480  -79.819  -20.778 0.6999999881
3994  27.026  -79.598  -21.259 0.6000000238
3503  25.914  -80.389  -22.811 0.6000000238
3490  25.755  -80.331  -21.971 0.6999999881
2984  24.902  -81.405  -24.777 0.6000000238
110990  24.704  -81.523  -24.082 0.6999999881
113587  25.306  -80.777  -23.272 0.6000000238
2814  10.872  -81.896  -9.252 0.8000000119
894  27.467  -86.351  -12.630 0.5000000000
1182  28.656  -85.551  -11.530 0.5000000000
1969  29.667  -83.781  -15.548 0.5000000000
1556  29.188  -84.635  -14.436 0.6000000238
3982  28.754  -79.506  -20.047 0.6000000238
3992  29.109  -79.849  -20.795 0.4000000060
2966  27.594  -81.088  -23.803 0.5000000000
111080  24.579  -81.773  -25.445 0.6999999881
2537  23.931  -82.284  -27.240 0.4000000060
2167  7.137  -82.111  8.906 0.3000000119
1968  30.469  -83.553  -14.834 0.6000000238
3501  28.386  -80.926  -23.293 0.5000000000
114604  29.423  -81.002  -23.489 0.5000000000
2981  28.414  -81.283  -24.774 0.5000000000
2997  26.754  -81.633  -25.675 0.5000000000
3010  25.594  -81.679  -26.764 0.5000000000
3011  24.643  -81.886  -26.858 0.5000000000
2565  21.346  -81.650  -30.298 0.6999999881
1696  21.132  -84.166  -27.258 0.5000000000
3114  6.108  -80.822  9.388 0.3000000119
3000  21.432  -81.373  -25.501 0.6000000238
111176  15.150  -80.440  -28.286 0.5000000000
113117  18.808  -82.240  -30.261 0.5000000000
2103  20.955  -83.653  -28.291 0.5000000000
3432  2.548  -80.364  -18.320 0.6000000238
3441  2.967  -79.784  -18.500 0.6000000238
127973  26.172  -81.278  -28.203 0.6000000238
3558  23.923  -80.617  -30.342 0.6000000238
3557  24.736  -80.209  -30.351 0.6000000238
3560  25.412  -79.333  -30.208 0.6000000238
121056  25.411  -81.354  -28.409 0.6000000238
2638  4.731  -81.104  7.967 0.4000000060
3507  19.085  -80.362  -23.645 0.6999999881
3506  19.864  -81.011  -23.091 0.5000000000
4550  15.672  -78.522  -25.910 0.6999999881
3509  8.044  -81.053  -22.747 0.8000000119
125074  26.585  -80.308  -29.171 0.6000000238
3537  27.747  -80.591  -27.767 0.5000000000
4478  4.118  -79.430  -17.945 0.6999999881
1396  4.091  -84.096  1.988 1.0000000000
5001  3.843  -78.231  -17.861 0.6000000238
5592  6.754  -76.588  -22.213 0.6999999881
6116  4.713  -76.045  -15.781 0.6000000238
119984  1.653  -63.901  -8.958 0.6000000238
11498  3.648  -67.560  -14.800 0.6000000238
7375  5.454  -73.456  -15.646 0.6000000238
8438  3.610  -70.259  1.859 0.8000000119
116934  5.069  -71.272  2.451 0.8000000119
16221  2.586  -61.850  -10.097 0.8000000119
13680  5.330  -65.112  -7.514 0.5000000000
13697  5.422  -65.115  -8.551 0.5000000000
14524  6.026  -63.354  -5.474 0.6000000238
14523  6.697  -63.340  -5.511 0.5000000000
7752  4.790  -72.199  4.773 0.8000000119
13751  5.746  -64.194  -11.197 0.6999999881
14540  4.698  -63.208  -5.801 0.6000000238
7102  4.163  -73.325  6.040 0.8000000119
11285  2.784  -67.036  4.951 0.8999999762
12760  2.722  -65.544  3.283 0.8000000119
16957  5.975  -60.176  -8.036 0.6000000238
13507  3.039  -64.572  4.376 0.8999999762
14432  2.231  -63.385  2.568 0.6000000238
11990  6.589  -66.462  4.087 0.5000000000
21094  18.022  -55.067  -0.376 0.4000000060
20140  7.580  -56.262  1.775 0.8000000119
22915  13.107  -53.159  1.707 0.6999999881
21121  18.299  -55.122  -2.480 0.5000000000
19154  12.056  -57.115  3.547 0.6999999881
21133  19.654  -55.465  -3.487 0.4000000060
120885  21.212  -54.910  -3.588 0.3000000119
22976  21.384  -53.843  -3.841 0.4000000060
22107  19.377  -54.877  -4.247 0.5000000000
22969  22.060  -53.237  -3.472 0.3000000119
22967  23.225  -53.460  -2.694 0.3000000119
27209  6.727  -48.745  -10.841 0.4000000060
26242  18.867  -49.277  0.186 0.3000000119
28995  6.630  -46.088  -8.106 0.5000000000
28897  18.275  -47.420  -1.333 0.4000000060
30706  13.983  -44.316  -11.667 0.3000000119
29825  18.706  -45.052  -4.352 0.3000000119
31481  20.900  -43.981  -8.562 0.4000000060
31503  15.100  -43.738  -12.145 0.3000000119
31491  21.291  -43.626  -9.309 0.3000000119
31499  19.248  -43.617  -11.480 0.3000000119
31500  18.280  -43.941  -11.683 0.4000000060
31501  17.361  -43.906  -11.852 0.4000000060
130022  19.201  -43.003  -11.536 0.3000000119
114131  20.054  -89.572  -17.407 0.6000000238
11283  6.938  -67.377  4.327 0.5000000000
26257  18.738  -49.153  -0.336 0.4000000060
160  18.507  -90.478  -18.559 0.8000000119
289  20.602  -88.884  -17.336 0.6999999881
159  19.253  -89.940  -18.649 0.6000000238
648  22.331  -87.674  -16.994 0.6000000238
2898  30.824  -81.878  -16.593 0.5000000000
3981  29.885  -79.854  -20.184 0.4000000060
22956  23.801  -53.432  -2.027 0.3000000119
437  21.412  -88.200  -17.315 0.6000000238
2897  31.823  -81.747  -16.349 0.4000000060
2432  31.371  -82.331  -15.769 0.5000000000
161  17.706  -90.855  -18.727 0.6000000238
2907  32.391  -81.175  -17.030 0.4000000060
2880  32.351  -82.039  -15.313 0.4000000060
2908  31.206  -81.314  -17.160 0.4000000060
3424  31.598  -80.830  -17.753 0.4000000060
112947  31.106  -80.448  -18.282 0.3000000119
2421  31.865  -82.639  -14.633 0.5000000000
3955  29.282  -79.789  -18.733 0.3000000119
2420  32.730  -82.140  -14.083 0.4000000060
2408  32.235  -82.706  -13.160 0.5000000000
2409  31.392  -83.262  -14.022 0.5000000000
3458  29.945  -80.303  -21.227 0.3000000119
1959  31.585  -83.336  -12.825 0.5000000000
2964  29.266  -81.054  -24.339 0.4000000060
1527  30.597  -84.034  -11.554 0.5000000000
1944  31.170  -83.682  -12.138 0.5000000000
2855  32.911  -81.467  -12.903 0.4000000060
2384  32.415  -82.142  -12.463 0.5000000000
3530  28.673  -80.550  -26.617 0.4000000060
1926  30.983  -83.413  -11.439 0.4000000060
1943  31.777  -82.860  -11.975 0.4000000060
2199  3.834  -82.706  4.850 0.6999999881
112969  4.191  -82.823  4.614 0.6999999881
2680  2.992  -82.136  3.796 0.6999999881
2200  3.430  -82.508  4.316 0.6999999881
2218  3.734  -82.974  4.011 0.6999999881
109277  2.868  -82.464  2.974 0.8999999762
1786  3.585  -83.207  3.264 0.6999999881
1790  3.758  -83.664  2.751 0.8999999762
2688  2.638  -81.954  1.309 0.8999999762
2685  2.772  -81.628  2.203 0.8999999762
2226  2.653  -82.754  2.151 0.8999999762
1791  3.145  -83.274  2.755 0.8999999762
1797  2.854  -83.362  2.032 0.8999999762
2242  2.568  -82.322  0.379 0.8000000119
2188  3.444  -82.245  5.051 0.6999999881
116523  2.877  -81.367  3.095 0.8999999762
3204  2.749  -80.690  1.320 0.8000000119
128547  2.769  -79.886  1.003 0.6999999881
3210  2.626  -81.225  0.436 0.8000000119
1812  2.740  -83.327  0.607 0.8999999762
108557  2.691  -80.103  0.304 0.6999999881
116473  2.599  -81.569  -0.230 0.6999999881
2257  2.623  -82.920  -0.210 0.8000000119
3239  2.664  -80.643  -1.293 0.6999999881
113190  2.612  -81.381  -0.923 0.6999999881
1835  2.768  -82.903  -1.078 0.6999999881
116580  2.698  -81.254  -1.607 0.6999999881
2287  2.963  -82.410  -1.846 0.6999999881
109894  2.645  -79.263  -0.118 0.6999999881
109300  2.662  -79.797  -0.817 0.6999999881
3746  2.602  -79.092  -1.585 0.6999999881
3722  2.845  -79.167  0.714 0.8000000119
3732  2.598  -78.791  -0.790 0.6999999881
109698  2.904  -81.124  3.948 0.6999999881
3184  2.984  -80.316  3.295 0.8999999762
3713  2.991  -79.636  1.662 0.8000000119
121215  2.926  -80.516  2.362 0.8999999762
3684  3.196  -79.291  3.575 0.8999999762
122210  2.946  -80.118  4.179 0.8999999762
4228  3.195  -78.685  1.476 0.8000000119
127659  3.270  -78.960  2.160 0.8000000119
3700  3.149  -79.559  2.650 0.8999999762
4242  3.131  -78.092  0.707 0.8000000119
108759  2.794  -78.507  -0.043 0.6999999881
4212  3.356  -78.639  2.879 0.8999999762
126016  3.358  -77.946  1.520 0.8000000119
119018  3.411  -78.231  2.171 0.8000000119
4798  2.849  -77.239  -0.484 0.6999999881
4762  3.606  -77.449  2.088 0.8000000119
114536  3.577  -77.735  2.915 0.8000000119
4742  3.638  -77.244  4.334 0.8000000119
3674  3.091  -79.038  4.628 0.6999999881
4775  3.402  -77.338  1.190 0.8000000119
5286  4.027  -76.946  2.891 0.8000000119
4191  3.185  -77.771  4.847 0.6999999881
5278  4.046  -76.801  3.885 0.8000000119
5270  3.822  -76.833  4.645 0.8000000119
4734  3.025  -77.316  5.687 0.6000000238
5261  3.445  -76.914  5.297 0.5000000000
114709  3.476  -76.792  0.840 0.8000000119
121926  3.818  -76.264  1.457 0.8000000119
5285  3.941  -76.334  2.464 0.8000000119
5277  4.147  -76.468  3.381 0.8000000119
5248  3.854  -76.738  6.433 0.5000000000
5876  4.167  -76.353  3.747 0.8000000119
5269  4.041  -76.642  4.439 0.8000000119
5898  4.159  -75.885  2.062 0.8000000119
5886  4.742  -75.633  2.657 0.8000000119
5887  4.028  -76.000  3.006 0.6999999881
127142  4.209  -76.713  7.306 0.5000000000
5853  4.551  -76.472  5.026 0.8000000119
5260  3.756  -76.752  5.318 0.6999999881
5221  4.799  -76.413  8.605 0.5000000000
5863  4.582  -76.178  4.214 0.8000000119
127526  5.435  -76.328  5.698 0.6000000238
5247  4.907  -76.561  6.922 0.5000000000
5851  6.362  -75.291  5.515 0.6999999881
5220  5.356  -75.972  8.010 0.5000000000
120568  6.122  -75.882  6.015 0.6999999881
5258  5.581  -76.271  6.488 0.6000000238
5234  5.008  -76.458  7.765 0.5000000000
5852  5.740  -75.997  5.028 0.8000000119
5839  5.967  -75.647  6.858 0.6000000238
5827  5.071  -75.454  8.333 0.6000000238
129139  5.642  -75.798  7.365 0.5000000000
6458  6.060  -74.981  6.738 0.6999999881
7084  5.768  -74.327  6.389 0.6999999881
6446  5.550  -75.375  7.504 0.6999999881
6447  4.756  -74.826  8.068 0.6999999881
7072  3.989  -74.136  7.559 0.6999999881
6459  5.282  -74.642  7.204 0.6999999881
6434  3.734  -74.149  8.412 0.6999999881
7086  3.261  -73.376  6.899 0.6000000238
7712  2.715  -73.030  8.085 0.6000000238
7073  3.109  -73.474  7.845 0.6000000238
7043  3.547  -73.459  9.196 0.6000000238
7699  3.076  -72.790  8.571 0.6000000238
116082  3.543  -72.320  8.706 0.6000000238
8351  5.136  -71.745  8.422 0.5000000000
8352  3.992  -71.696  8.467 0.5000000000
9876  4.939  -69.750  7.204 0.6000000238
17708  5.757  -59.345  -9.043 0.5000000000
19194  14.520  -57.442  0.822 0.3000000119
20155  14.969  -55.741  0.910 0.4000000060
131081  13.499  -58.624  1.761 0.3000000119
18314  13.031  -58.085  2.140 0.4000000060
18329  13.757  -57.898  1.449 0.4000000060
19179  13.842  -56.832  1.384 0.4000000060
124635  14.461  -56.526  0.939 0.4000000060
22088  17.220  -54.481  -2.037 0.5000000000
23755  13.067  -52.822  0.140 0.6000000238
22089  16.167  -54.443  -2.518 0.5000000000
22080  15.479  -53.885  -1.777 0.5000000000
22081  15.416  -53.290  -0.645 0.5000000000
127319  13.755  -52.922  -0.176 0.6000000238
22097  16.881  -54.868  -3.190 0.5000000000
22090  15.343  -54.224  -2.913 0.5000000000
22970  14.591  -53.775  -2.529 0.5000000000
126192  14.593  -53.453  -1.385 0.6000000238
18315  12.424  -58.415  2.787 0.4000000060
18316  11.823  -58.799  3.439 0.5000000000
16814  10.963  -60.201  3.745 0.5000000000
18304  11.974  -57.896  3.517 0.6000000238
18305  11.304  -58.274  3.986 0.6000000238
111655  10.033  -60.323  3.931 0.5000000000
114686  9.691  -61.110  3.816 0.5000000000
19166  12.555  -57.405  2.850 0.5000000000
22108  18.512  -54.697  -4.368 0.5000000000
23772  12.306  -52.733  -0.491 0.6000000238
110987  17.665  -54.513  -4.386 0.5000000000
125468  16.597  -54.647  -3.850 0.5000000000
22959  13.798  -53.080  -1.047 0.6000000238
22987  18.204  -53.765  -4.600 0.5000000000
22978  15.565  -53.984  -3.653 0.5000000000
18306  10.577  -58.621  4.111 0.6000000238
17570  10.358  -59.473  4.000 0.6000000238
20115  12.385  -56.489  3.248 0.6000000238
23756  12.939  -52.831  1.093 0.6000000238
22977  20.659  -53.439  -4.217 0.4000000060
22986  19.106  -53.948  -4.568 0.5000000000
111733  18.800  -52.853  -4.646 0.6000000238
23805  20.256  -51.828  -4.340 0.6000000238
23069  4.943  -53.128  -10.001 0.3000000119
126577  9.450  -55.152  2.487 0.6000000238
24645  20.899  -51.177  -3.395 0.4000000060
124174  20.715  -50.590  -3.107 0.6000000238
23912  6.090  -52.369  -10.889 0.4000000060
23898  5.425  -52.540  -10.312 0.3000000119
22034  10.267  -54.084  2.141 0.6000000238
21060  8.755  -55.309  2.067 0.6000000238
20141  6.767  -56.510  1.332 0.5000000000
19182  6.516  -57.304  1.557 0.5000000000
21071  7.954  -55.535  1.546 0.6000000238
114775  21.370  -51.181  -2.919 0.3000000119
125295  20.939  -50.602  -2.495 0.3000000119
25483  20.606  -50.113  -1.660 0.3000000119
25494  20.621  -50.151  -2.426 0.3000000119
25484  20.337  -49.713  -1.632 0.3000000119
25469  20.095  -49.768  -0.945 0.3000000119
24759  5.893  -51.546  -10.462 0.4000000060
26256  19.334  -49.354  -0.282 0.3000000119
26269  19.665  -49.369  -0.932 0.3000000119
27103  19.306  -48.855  -1.107 0.3000000119
116430  6.622  -51.020  -11.049 0.4000000060
25596  6.507  -50.053  -10.940 0.4000000060
27117  19.782  -48.476  -2.063 0.4000000060
118870  20.283  -47.579  -4.897 0.4000000060
28011  20.541  -47.536  -6.474 0.4000000060
27134  20.099  -48.213  -3.239 0.4000000060
123598  20.341  -48.390  -4.381 0.4000000060
27963  19.548  -47.598  -2.396 0.4000000060
120576  20.156  -47.627  -4.054 0.4000000060
28007  20.402  -47.533  -5.744 0.4000000060
28001  19.956  -46.798  -4.407 0.4000000060
119147  20.219  -46.775  -5.388 0.4000000060
28012  20.366  -46.739  -6.163 0.4000000060
28968  20.556  -46.713  -6.896 0.5000000000
118104  21.070  -47.048  -7.518 0.5000000000
28017  21.403  -47.765  -7.913 0.5000000000
27174  21.434  -48.611  -8.974 0.5000000000
114043  21.425  -48.059  -9.340 0.5000000000
27983  19.804  -47.190  -3.359 0.4000000060
28958  20.092  -46.057  -5.826 0.4000000060
28038  21.608  -47.766  -8.866 0.5000000000
28053  21.449  -47.359  -9.642 0.5000000000
28077  20.999  -47.069  -10.258 0.5000000000
28078  19.994  -47.184  -10.384 0.4000000060
29022  20.149  -46.480  -10.593 0.4000000060
28907  19.283  -46.692  -2.624 0.4000000060
28919  19.514  -46.321  -3.543 0.4000000060
28939  19.852  -46.088  -5.079 0.4000000060
28969  20.271  -46.009  -6.452 0.3000000119
28981  20.406  -45.933  -6.968 0.4000000060
28979  21.480  -46.951  -8.326 0.5000000000
29002  21.623  -46.767  -9.276 0.4000000060
29020  21.491  -46.467  -10.025 0.4000000060
29879  18.588  -46.087  -10.908 0.3000000119
29892  18.225  -45.495  -11.168 0.3000000119
29846  19.798  -45.453  -6.217 0.3000000119
29856  20.026  -45.401  -6.757 0.3000000119
28980  20.904  -46.208  -7.631 0.4000000060
29861  21.482  -46.069  -8.682 0.4000000060
29868  21.626  -45.840  -9.566 0.4000000060
29876  21.444  -45.532  -10.176 0.4000000060
30694  20.180  -44.957  -11.044 0.4000000060
30703  18.285  -44.806  -11.413 0.3000000119
30692  21.337  -44.632  -10.285 0.4000000060
4197  3.352  -78.104  3.827 0.8999999762
22908  11.268  -53.836  2.356 0.6000000238
22918  10.613  -53.547  1.501 0.6000000238
52  16.465  -90.952  -19.338 0.6000000238
5838  6.261  -75.270  6.250 0.6999999881
22907  12.075  -53.569  2.147 0.6000000238
22946  14.815  -52.928  -0.012 0.6000000238
23803  21.314  -52.717  -3.844 0.3000000119
23804  20.597  -52.557  -4.212 0.4000000060
30693  20.675  -44.270  -10.801 0.3000000119
3954  30.142  -79.828  -19.257 0.3000000119
21145  17.237  -54.963  -3.981 0.4000000060
23084  4.943  -53.907  -10.123 0.3000000119
29891  19.202  -45.251  -11.191 0.3000000119
5300  3.744  -76.787  1.829 0.8000000119
5249  3.275  -76.912  6.046 0.5000000000
22098  16.060  -54.493  -3.376 0.5000000000
17583  11.693  -59.705  3.335 0.6000000238
22109  16.883  -54.290  -4.306 0.5000000000
126552  19.819  -52.967  -4.500 0.6000000238
127307  20.876  -51.886  -3.908 0.5000000000
24646  20.494  -50.987  -3.888 0.5000000000
24640  20.544  -50.314  -3.265 0.4000000060
26298  20.264  -49.122  -2.764 0.5000000000
28018  20.841  -47.650  -7.148 0.4000000060
29021  21.016  -46.072  -10.471 0.4000000060
29878  20.172  -45.660  -10.811 0.4000000060
118254  19.431  -46.071  -10.851 0.4000000060
29877  20.895  -45.181  -10.639 0.4000000060
595  25.061  -87.319  -10.777 0.3000000119
873  28.130  -85.538  -10.861 0.4000000060
874  27.475  -85.911  -10.706 0.4000000060
1528  29.963  -84.702  -12.063 0.4000000060
112699  3.959  -74.073  9.800 0.4000000060
6420  3.766  -74.120  9.134 0.5000000000
7042  4.195  -73.420  9.744 0.5000000000
22971  13.788  -53.360  -2.211 0.5000000000
23806  14.462  -52.641  -3.716 0.4000000060
22980  14.077  -53.170  -3.144 0.5000000000
23795  13.328  -52.772  -2.922 0.5000000000
22960  12.936  -52.897  -1.970 0.5000000000
23820  16.405  -51.871  -4.591 0.4000000060
23821  15.597  -51.559  -4.457 0.4000000060
22990  15.671  -53.095  -4.204 0.5000000000
23786  12.238  -52.622  -1.446 0.5000000000
23787  11.511  -52.556  -1.063 0.5000000000
109221  12.357  -52.757  0.344 0.5000000000
22930  10.884  -53.009  0.883 0.5000000000
23758  11.068  -52.797  0.254 0.5000000000
24659  17.938  -51.159  -5.058 0.4000000060
114845  18.556  -51.863  -4.716 0.4000000060
23818  17.950  -52.567  -4.678 0.5000000000
22988  17.360  -53.534  -4.574 0.5000000000
118772  10.698  -52.662  -0.655 0.5000000000
24660  17.077  -50.755  -5.084 0.4000000060
23817  19.333  -51.947  -4.588 0.4000000060
22931  10.004  -53.327  0.701 0.5000000000
23759  10.318  -52.955  0.085 0.5000000000
22043  9.336  -54.575  1.869 0.5000000000
22057  9.675  -53.862  1.302 0.5000000000
22932  9.101  -53.642  0.447 0.5000000000
22947  9.442  -53.175  -0.141 0.5000000000
24657  19.910  -51.237  -4.578 0.4000000060
22058  8.787  -54.196  0.979 0.5000000000
25498  20.341  -50.595  -4.154 0.4000000060
25495  20.427  -49.747  -2.519 0.5000000000
119905  20.408  -49.896  -3.473 0.4000000060
1181  29.369  -84.885  -11.196 0.4000000060
168  18.922  -89.864  -19.238 0.6000000238
22110  16.169  -54.081  -4.047 0.5000000000
23807  13.836  -52.202  -3.621 0.5000000000
130755  12.712  -52.387  -2.818 0.5000000000
22989  16.560  -53.297  -4.447 0.4000000060
23819  17.187  -52.203  -4.679 0.4000000060
123452  28.519  -81.184  -25.465 0.3000000119
116825  8.786  -80.540  -1.719 0.3000000119
844  10.829  -86.793  -7.794 0.3000000119
582  10.948  -87.604  -8.323 0.3000000119
382  11.809  -88.290  -9.861 0.3000000119
856  11.712  -86.749  -9.464 0.4000000060
383  11.475  -88.716  -9.133 0.3000000119
592  11.421  -87.670  -9.181 0.3000000119
231  12.188  -90.063  -9.587 0.3000000119
4142  2.700  -78.635  9.342 0.3000000119
112370  2.609  -78.472  8.022 0.4000000060
108310  2.642  -78.743  7.021 0.4000000060
108478  2.651  -80.462  7.145 0.4000000060
3164  2.795  -80.780  5.638 0.5000000000
3159  2.809  -81.161  6.593 0.4000000060
129596  3.381  -82.076  5.665 0.6000000238
109829  3.043  -81.663  5.308 0.6000000238
3169  2.855  -80.937  4.753 0.6000000238
3632  2.552  -79.686  8.720 0.3000000119
3145  2.892  -81.378  7.508 0.3000000119
120179  2.633  -80.667  8.125 0.4000000060
2639  4.055  -81.864  7.909 0.3000000119
108693  2.730  -79.046  6.252 0.4000000060
2651  3.848  -82.212  7.067 0.5000000000
2652  3.254  -81.876  6.880 0.4000000060
125019  2.820  -80.072  4.926 0.6000000238
2181  3.594  -82.176  6.262 0.5000000000
4714  2.892  -77.414  7.690 0.4000000060
3130  2.772  -80.752  9.172 0.3000000119
4172  2.738  -78.027  6.385 0.4000000060
2625  3.685  -81.534  8.590 0.3000000119
4182  2.886  -78.413  5.543 0.4000000060
4701  2.901  -77.654  8.743 0.4000000060
4156  2.713  -77.914  7.154 0.4000000060
2624  4.385  -81.114  8.820 0.3000000119
5223  3.362  -77.079  8.300 0.4000000060
5222  4.033  -76.841  8.868 0.4000000060
4724  2.903  -77.254  6.685 0.4000000060
4700  3.425  -77.262  9.207 0.4000000060
5235  4.103  -76.744  8.033 0.4000000060
131254  4.578  -75.707  9.864 0.3000000119
5816  4.812  -75.779  9.059 0.4000000060
6419  4.332  -74.852  9.717 0.3000000119
6433  4.435  -74.887  8.929 0.5000000000
7682  3.786  -72.836  9.203 0.4000000060
7681  4.759  -72.787  9.481 0.4000000060
115197  7.027  -71.728  8.859 0.3000000119
7697  5.511  -72.293  8.963 0.4000000060
7698  4.417  -72.292  8.887 0.4000000060
127524  7.971  -71.095  8.332 0.3000000119
8350  6.187  -71.754  8.553 0.4000000060
9096  6.506  -70.669  7.521 0.4000000060
9117  6.133  -70.018  6.807 0.4000000060
112813  7.926  -69.848  6.841 0.4000000060
8364  5.830  -71.203  7.955 0.4000000060
9097  5.392  -70.508  7.499 0.4000000060
9891  8.925  -69.477  6.893 0.4000000060
9115  8.720  -70.089  7.475 0.4000000060
9116  7.197  -70.272  7.089 0.4000000060
9094  9.186  -70.445  7.746 0.3000000119
129094  8.007  -70.286  7.479 0.4000000060
9910  8.064  -69.450  6.156 0.4000000060
10556  9.540  -68.860  6.514 0.4000000060
10558  5.934  -68.813  6.061 0.4000000060
10576  9.062  -68.643  5.588 0.4000000060
10577  7.993  -69.010  5.327 0.4000000060
10575  10.020  -68.206  6.038 0.3000000119
11265  10.705  -67.683  5.710 0.3000000119
10592  9.410  -68.173  5.155 0.4000000060
10593  8.571  -68.237  4.637 0.4000000060
11280  11.177  -67.121  5.249 0.3000000119
11266  10.245  -67.415  4.781 0.3000000119
11299  8.777  -67.504  3.949 0.4000000060
11298  9.663  -67.199  3.993 0.4000000060
109152  11.125  -65.021  3.673 0.3000000119
12007  9.892  -66.410  3.696 0.3000000119
13520  11.822  -64.522  3.666 0.3000000119
108846  10.098  -64.551  3.649 0.3000000119
12006  10.783  -66.314  4.006 0.3000000119
12756  8.620  -65.781  3.447 0.4000000060
111379  12.465  -64.208  3.637 0.3000000119
109213  10.955  -64.065  3.641 0.3000000119
130206  12.490  -62.053  2.990 0.3000000119
12754  10.468  -65.642  3.697 0.3000000119
130005  8.845  -65.169  3.505 0.3000000119
14413  11.778  -63.569  3.497 0.3000000119
131189  10.537  -62.398  3.619 0.3000000119
118837  10.229  -63.597  3.667 0.3000000119
108433  9.501  -63.579  3.707 0.3000000119
16049  11.707  -61.986  3.222 0.3000000119
123548  9.916  -62.710  3.735 0.4000000060
16829  11.787  -60.561  3.153 0.4000000060
112160  10.460  -61.042  3.720 0.4000000060
126097  10.111  -61.802  3.755 0.4000000060
122490  12.257  -60.082  2.797 0.3000000119
126262  11.289  -61.156  3.420 0.4000000060
24758  6.653  -51.944  -11.196 0.3000000119
15261  9.395  -61.900  3.788 0.4000000060
24779  7.375  -51.544  -11.618 0.3000000119
26389  7.899  -49.536  -11.610 0.3000000119
26374  6.995  -49.455  -11.189 0.4000000060
2879  33.286  -81.446  -14.756 0.3000000119
604  12.232  -87.965  -10.576 0.4000000060
109271  2.546  -79.597  7.621 0.4000000060
2640  3.459  -81.891  7.744 0.3000000119
112188  4.377  -81.832  7.165 0.5000000000
15259  12.405  -62.796  3.224 0.3000000119
16066  12.144  -61.376  2.985 0.3000000119
2180  4.204  -82.216  6.224 0.5000000000
16828  12.669  -60.798  2.645 0.3000000119
2186  4.195  -82.533  5.299 0.6000000238
5236  3.383  -76.928  7.201 0.4000000060
22979  14.884  -53.473  -3.526 0.4000000060
849  11.269  -86.763  -8.662 0.4000000060
109141  2.672  -80.098  6.312 0.4000000060
3668  2.792  -79.557  5.531 0.6000000238
5805  4.555  -75.228  10.340 0.3000000119
9911  7.302  -69.382  5.888 0.4000000060
11297  10.552  -66.865  4.300 0.3000000119
3810  15.595  -79.418  -7.431 0.3000000119
1142  11.603  -85.135  -7.480 0.3000000119
1132  11.366  -85.359  -6.508 0.3000000119
1149  11.846  -85.232  -8.446 0.3000000119
1150  11.310  -85.938  -8.097 0.3000000119
1156  11.688  -85.983  -8.981 0.3000000119
27221  7.310  -48.654  -11.266 0.3000000119
5  13.154  -90.818  -8.493 0.3000000119
8  14.520  -90.950  -9.352 0.3000000119
10  13.186  -90.993  -9.164 0.3000000119
15  14.878  -90.774  -10.229 0.3000000119
21  14.973  -90.606  -11.122 0.3000000119
41  17.461  -90.878  -16.503 0.8000000119
43  11.451  -91.021  -16.064 0.8000000119
48  16.869  -91.083  -18.706 0.6000000238
49  16.076  -91.114  -18.588 0.6999999881
95  14.556  -90.745  -10.742 0.4000000060
103  14.407  -90.498  -11.181 0.3000000119
104  13.735  -90.205  -11.155 0.4000000060
106  9.267  -90.357  -11.509 0.6999999881
121  20.292  -90.449  -13.268 0.4000000060
126  9.799  -90.682  -12.630 0.6999999881
133  10.999  -91.086  -14.030 0.8000000119
139  11.636  -90.908  -14.901 0.8000000119
144  19.361  -90.538  -16.481 0.6000000238
148  12.236  -90.579  -17.178 0.6999999881
155  15.558  -90.543  -18.081 0.6999999881
164  12.701  -90.157  -18.026 0.6999999881
218  7.374  -89.291  -7.828 0.6000000238
224  12.236  -90.376  -8.854 0.3000000119
279  20.333  -89.601  -15.722 0.5000000000
299  14.412  -90.172  -18.697 0.6000000238
306  13.731  -90.289  -18.714 0.6999999881
358  6.726  -88.440  -5.797 0.8000000119
377  7.910  -89.207  -7.961 0.6000000238
416  17.475  -88.138  -14.228 0.6999999881
431  16.662  -88.635  -16.492 0.8999999762
449  14.580  -89.565  -18.621 0.6999999881
450  13.683  -89.605  -18.658 0.8000000119
548  7.096  -87.359  -4.329 1.0000000000
549  6.874  -87.142  -3.855 1.0000000000
583  8.256  -87.755  -8.172 0.8999999762
591  11.908  -87.398  -9.989 0.5000000000
607  25.741  -87.107  -11.028 0.3000000119
615  13.523  -87.598  -12.789 0.6999999881
632  16.432  -87.383  -14.664 0.6999999881
649  16.576  -87.854  -16.436 0.8999999762
799  5.902  -86.350  -2.383 1.0000000000
883  9.163  -87.820  -10.979 1.0000000000
892  9.968  -86.566  -12.335 0.8999999762
896  25.932  -87.196  -12.760 0.5000000000
899  10.632  -86.526  -13.511 0.8000000119
924  13.477  -86.706  -16.556 0.8000000119
1073  5.372  -85.416  -0.394 1.0000000000
1091  6.855  -86.084  -2.591 1.0000000000
1133  7.995  -86.183  -5.870 0.8999999762
1152  7.992  -85.692  -8.208 1.0000000000
1167  8.835  -86.359  -10.179 1.0000000000
1183  28.187  -86.023  -12.400 0.5000000000
1191  10.810  -85.115  -12.458 0.8999999762
1198  13.939  -85.085  -14.107 0.8000000119
1222  27.140  -84.981  -16.289 0.5000000000
1397  3.686  -84.186  1.508 1.0000000000
1408  4.520  -84.611  0.791 1.0000000000
1409  3.972  -84.531  0.915 1.0000000000
1415  5.848  -84.995  -0.535 1.0000000000
1418  4.336  -84.781  0.333 1.0000000000
1447  4.433  -85.489  -2.895 0.8999999762
1480  7.683  -85.133  -7.330 0.8999999762
1512  30.391  -83.786  -11.143 0.5000000000
1567  27.391  -84.315  -16.770 0.5000000000
1647  3.963  -83.685  -22.072 0.6000000238
1796  3.423  -83.805  2.161 0.8999999762
1810  5.217  -84.366  0.748 0.8999999762
1856  7.221  -83.604  -4.914 0.8999999762
1921  10.966  -83.787  -11.481 0.8999999762
2072  3.684  -83.038  -22.375 0.6000000238
2081  4.056  -82.861  -23.002 0.6000000238
2187  3.789  -82.409  5.564 0.6000000238
2219  3.274  -82.840  3.538 0.6999999881
2231  2.542  -83.016  1.369 0.8999999762
2256  5.696  -82.613  -0.233 0.8000000119
2317  7.398  -81.893  -5.682 0.8000000119
2340  14.013  -82.652  -8.798 0.4000000060
2364  14.484  -82.076  -11.124 0.6000000238
2374  13.909  -82.114  -12.070 0.6000000238
2376  12.030  -82.555  -11.574 0.8000000119
2390  14.108  -82.598  -12.443 0.6000000238
2391  13.458  -82.606  -12.503 0.6000000238
2407  32.793  -82.008  -13.131 0.4000000060
2489  26.902  -82.760  -21.816 0.6000000238
2516  3.703  -82.224  -22.796 0.6999999881
2523  7.222  -82.753  -24.657 0.6000000238
2533  19.304  -82.083  -26.490 0.6999999881
2534  18.521  -81.872  -26.245 0.6999999881
2558  21.954  -82.133  -29.954 0.6999999881
2560  20.380  -82.565  -29.888 0.6999999881
2567  19.026  -81.621  -30.304 0.5000000000
2626  3.013  -81.408  8.457 0.3000000119
2657  5.415  -80.880  5.876 0.6000000238
2659  3.035  -81.749  6.079 0.4000000060
2664  3.047  -81.833  4.555 0.6999999881
2706  2.609  -82.172  -0.581 0.6999999881
2719  2.728  -81.952  -1.381 0.6999999881
2731  2.914  -81.057  -3.007 0.8000000119
2771  7.525  -80.987  -5.401 0.8000000119
2793  16.458  -81.200  -8.182 0.4000000060
2824  14.301  -81.365  -10.739 0.5000000000
2910  29.372  -81.636  -17.394 0.5000000000
2929  27.624  -81.822  -19.818 0.6000000238
2945  26.246  -81.864  -21.695 0.6000000238
2952  3.345  -81.280  -21.231 0.6999999881
2955  20.625  -81.177  -22.799 0.6000000238
2970  21.110  -81.659  -23.859 0.6000000238
2971  20.480  -81.511  -23.479 0.6000000238
2980  29.077  -81.002  -25.166 0.3000000119
2986  21.521  -81.308  -24.449 0.6000000238
2995  5.863  -81.917  -23.500 0.6999999881
2996  27.743  -81.486  -25.414 0.5000000000
3030  26.163  -80.840  -28.888 0.6000000238
3035  20.432  -80.784  -29.830 0.6999999881
3048  19.463  -81.032  -30.041 0.6000000238
3049  18.573  -81.450  -29.832 0.6000000238
3051  16.821  -81.928  -28.974 0.5000000000
3055  20.844  -81.156  -30.395 0.6999999881
3224  2.633  -80.779  -0.425 0.6999999881
3254  2.859  -80.261  -2.829 0.8000000119
3264  7.333  -79.202  -3.971 0.8000000119
3298  8.574  -80.425  -6.162 0.8000000119
3307  16.716  -80.151  -8.024 0.4000000060
3310  10.694  -79.942  -7.475 0.8000000119
3311  9.879  -80.466  -7.181 0.8000000119
3319  16.380  -79.931  -8.714 0.4000000060
3468  3.379  -80.869  -20.447 0.6999999881
3469  3.083  -80.902  -20.563 0.6999999881
3474  27.729  -79.841  -21.676 0.6000000238
3482  4.340  -80.664  -21.875 0.6000000238
3491  25.311  -80.857  -21.904 0.6000000238
3497  4.580  -80.519  -22.711 0.6000000238
3504  25.225  -80.826  -22.534 0.6999999881
3510  6.851  -80.570  -23.355 0.6999999881
3511  5.911  -80.540  -23.518 0.8000000119
3524  28.953  -80.808  -25.915 0.4000000060
3527  9.460  -80.466  -25.117 0.6000000238
3532  17.223  -79.699  -26.666 0.6000000238
3542  10.469  -80.188  -28.102 0.5000000000
3546  26.098  -80.346  -29.687 0.6000000238
3548  16.679  -80.918  -28.033 0.5000000000
3549  16.329  -80.413  -28.051 0.6000000238
3551  14.564  -79.747  -28.285 0.6000000238
3553  12.797  -80.019  -28.563 0.5000000000
3555  26.471  -79.951  -29.676 0.6000000238
3556  25.773  -79.855  -30.235 0.6000000238
3564  21.726  -80.754  -30.230 0.6000000238
3642  6.524  -80.057  6.973 0.4000000060
3643  6.049  -79.960  7.189 0.4000000060
3656  6.869  -80.006  6.445 0.6000000238
3659  2.625  -79.565  6.842 0.4000000060
3710  7.540  -78.711  1.992 0.6999999881
3730  8.352  -78.383  -0.629 0.8000000119
3785  8.073  -78.765  -4.467 0.8000000119
3795  12.150  -78.755  -5.901 0.4000000060
3797  10.896  -78.700  -5.207 0.6000000238
3827  15.048  -78.878  -7.823 0.4000000060
3846  15.936  -79.400  -8.751 0.4000000060
3847  15.241  -79.299  -9.198 0.5000000000
3957  27.876  -80.375  -18.705 0.6000000238
3963  6.097  -79.684  -18.491 0.6999999881
3965  4.679  -80.344  -18.436 0.6999999881
3971  27.512  -79.949  -19.126 0.6000000238
4006  19.089  -79.375  -22.303 0.5000000000
4008  9.008  -79.384  -21.571 0.6000000238
4009  8.388  -79.422  -22.180 0.6000000238
4013  4.869  -79.973  -22.647 0.6999999881
4028  17.771  -78.852  -25.528 0.6999999881
4029  10.361  -79.519  -24.516 0.6000000238
4046  9.661  -79.900  -25.856 0.6000000238
4055  16.379  -79.419  -27.463 0.6000000238
4057  11.465  -79.201  -28.332 0.5000000000
4058  10.782  -79.418  -28.046 0.5000000000
4062  15.572  -79.222  -28.030 0.6000000238
4070  22.480  -79.340  -29.529 0.6000000238
4071  24.761  -79.146  -30.377 0.6000000238
4072  24.187  -79.251  -30.459 0.6000000238
4073  23.430  -79.458  -30.292 0.6000000238
4211  6.974  -78.717  2.428 0.6999999881
4225  7.933  -78.756  1.479 0.8000000119
4227  6.848  -78.529  1.233 0.8000000119
4250  7.244  -78.284  -0.314 0.8000000119
4260  8.193  -78.137  -1.327 0.8000000119
4283  2.762  -78.478  -2.157 0.6000000238
4330  11.460  -78.749  -5.534 0.4000000060
4331  9.632  -78.554  -4.840 0.6000000238
4346  12.133  -78.657  -6.418 0.5000000000
4348  10.366  -78.612  -5.260 0.6000000238
4469  6.230  -79.164  -17.081 0.6999999881
4471  4.822  -79.365  -17.162 0.6000000238
4480  2.845  -78.090  -18.028 0.5000000000
4513  9.625  -79.022  -21.395 0.6000000238
4540  13.405  -78.465  -24.733 0.6999999881
4562  16.575  -78.848  -26.849 0.6000000238
4579  16.377  -79.049  -27.349 0.6000000238
4582  12.820  -78.417  -28.020 0.5000000000
4593  15.278  -78.872  -27.963 0.5000000000
4594  14.358  -78.791  -28.140 0.5000000000
4595  13.447  -78.768  -28.353 0.5000000000
4600  24.626  -78.570  -29.743 0.6000000238
4601  23.751  -78.506  -29.938 0.6000000238
4605  24.369  -78.880  -30.301 0.6000000238
4750  3.785  -77.305  3.597 0.8000000119
4787  3.127  -77.281  0.313 0.8000000119
4963  5.412  -77.484  -15.508 0.6999999881
4982  4.865  -77.932  -16.165 0.6999999881
5017  10.276  -77.410  -19.931 0.5000000000
5018  9.560  -77.581  -19.961 0.6000000238
5019  8.956  -77.509  -20.523 0.6000000238
5048  6.040  -78.028  -21.852 0.6999999881
5246  5.564  -76.143  7.284 0.5000000000
5259  4.635  -76.593  5.967 0.5000000000
5323  2.904  -76.861  -0.904 0.8000000119
5513  6.378  -76.799  -15.103 0.6999999881
5535  2.621  -76.727  -17.680 0.6000000238
5546  2.824  -76.941  -18.077 0.6000000238
5552  6.422  -77.424  -18.781 0.6000000238
5581  9.149  -76.418  -20.876 0.6000000238
5864  4.182  -76.638  4.077 0.8000000119
5910  7.015  -74.966  0.620 0.8999999762
5923  6.391  -75.230  -0.515 0.8999999762
5946  5.257  -75.482  -2.462 0.6000000238
6086  7.049  -75.165  -13.988 0.5000000000
6104  6.644  -75.582  -14.354 0.6000000238
6122  7.651  -75.948  -15.910 0.5000000000
6142  3.364  -76.344  -18.170 0.6000000238
6143  2.904  -76.425  -18.063 0.6000000238
6472  6.309  -74.641  5.834 0.6999999881
6489  7.387  -73.731  2.868 0.8000000119
6503  6.867  -74.695  2.192 0.8999999762
6511  7.333  -73.952  1.204 0.8999999762
6711  5.968  -74.659  -14.343 0.6999999881
6743  4.291  -75.191  -18.016 0.6999999881
7059  3.254  -73.481  8.503 0.6000000238
7101  6.061  -73.896  5.657 0.6999999881
7116  6.771  -73.832  4.456 0.8000000119
7137  7.370  -73.435  2.500 0.8000000119
7174  6.795  -74.009  -0.386 0.8000000119
7345  7.455  -73.757  -13.477 0.6000000238
7346  6.580  -74.037  -13.816 0.6000000238
7385  5.340  -73.247  -16.772 0.6000000238
7386  2.973  -73.382  -17.784 0.6000000238
7396  3.650  -73.656  -18.470 0.6000000238
7700  2.480  -72.408  7.888 0.6999999881
7722  2.118  -72.096  7.214 0.6999999881
7735  2.080  -71.718  6.502 0.6999999881
7765  6.998  -72.734  3.360 0.8000000119
7785  7.023  -73.372  1.256 0.8999999762
7982  6.300  -73.189  -14.119 0.6000000238
7998  5.483  -72.457  -16.061 0.6999999881
8363  6.997  -71.211  8.278 0.3000000119
8365  4.697  -71.101  7.980 0.5000000000
8388  2.431  -71.294  5.814 0.6999999881
8420  5.713  -71.580  3.315 0.8999999762
8448  5.460  -71.945  2.054 0.8000000119
8682  5.874  -71.886  -15.046 0.6999999881
8728  3.398  -71.164  -18.073 0.6000000238
9095  7.551  -70.685  7.800 0.4000000060
9099  2.980  -70.206  7.681 0.6999999881
9131  2.154  -69.986  5.932 0.8000000119
9157  4.509  -70.583  3.756 0.8999999762
9400  6.873  -70.725  -14.905 0.5000000000
9469  4.424  -69.893  -18.472 0.6000000238
9470  4.052  -70.174  -18.470 0.6000000238
9875  9.471  -69.954  7.472 0.3000000119
9879  2.335  -69.909  7.166 0.6999999881
9892  7.069  -69.792  6.436 0.4000000060
9893  6.454  -69.354  6.152 0.4000000060
9950  3.380  -68.947  2.350 0.6000000238
10142  3.376  -69.209  -17.207 0.6000000238
10156  5.231  -68.677  -18.148 0.6999999881
10157  3.549  -69.428  -17.892 0.6999999881
10168  4.703  -69.171  -18.448 0.6000000238
10169  4.124  -69.356  -18.415 0.6000000238
10546  3.447  -68.728  7.340 0.6999999881
10557  8.732  -69.117  6.076 0.4000000060
10560  3.835  -68.017  6.984 0.6999999881
10868  3.767  -68.826  -18.177 0.6999999881
11253  2.974  -67.429  6.819 0.8000000119
11281  9.438  -67.766  4.542 0.3000000119
11282  7.868  -67.631  4.031 0.5000000000
11284  6.130  -66.929  4.890 0.6000000238
11310  2.811  -66.635  3.112 0.8000000119
11517  3.647  -67.058  -17.257 0.6999999881
11963  2.797  -66.898  6.254 0.8999999762
11992  4.803  -65.888  5.470 0.8999999762
12005  11.385  -65.834  4.028 0.3000000119
12008  8.917  -66.716  3.560 0.5000000000
12010  7.155  -66.115  3.561 0.5000000000
12011  2.813  -66.149  3.699 0.8000000119
12022  2.659  -66.436  2.482 0.6000000238
12188  3.007  -65.983  -12.984 0.5000000000
12215  4.032  -66.532  -17.266 0.8000000119
12729  2.948  -65.834  5.260 0.8999999762
12740  6.159  -65.685  4.103 0.5000000000
12755  9.457  -65.465  3.553 0.3000000119
12948  2.997  -65.163  -13.200 0.6000000238
12969  3.930  -64.998  -16.105 0.6999999881
12979  4.385  -65.729  -16.709 0.6999999881
13504  5.168  -64.538  4.364 0.8000000119
13521  9.018  -64.482  3.615 0.4000000060
13528  2.500  -64.880  2.793 0.6000000238
13646  6.362  -63.864  -5.590 0.5000000000
13718  2.156  -64.826  -10.103 0.6000000238
13763  6.395  -64.238  -12.676 0.6000000238
13776  6.603  -64.070  -14.056 0.6999999881
13793  4.322  -63.809  -15.041 0.6000000238
14414  10.761  -63.150  3.578 0.3000000119
14415  8.680  -63.535  3.658 0.3000000119
14549  1.411  -63.179  -7.782 0.6000000238
14592  5.254  -63.573  -13.166 0.6999999881
14598  5.795  -63.708  -14.171 0.6999999881
14602  3.075  -63.494  -13.199 0.5000000000
14614  5.367  -63.594  -14.699 0.6999999881
14615  4.747  -63.382  -14.517 0.6999999881
15260  11.313  -62.624  3.430 0.3000000119
15262  9.091  -62.745  3.789 0.5000000000
15265  5.370  -62.317  3.472 0.8000000119
15282  13.267  -62.400  2.896 0.3000000119
15380  5.332  -62.403  -5.632 0.6000000238
15429  4.094  -62.213  -10.902 0.8000000119
15430  2.322  -62.245  -10.573 0.8000000119
15438  4.207  -62.249  -12.203 0.6999999881
15446  4.049  -62.022  -12.575 0.8000000119
16050  10.866  -61.816  3.553 0.3000000119
16053  4.784  -61.717  3.212 0.8000000119
16069  4.215  -61.139  2.755 0.8000000119
16181  1.966  -61.638  -8.206 0.8000000119
16211  3.698  -61.953  -10.374 0.8000000119
16220  3.247  -61.832  -10.716 0.8000000119
16229  3.075  -61.880  -11.381 0.6999999881
16235  3.420  -61.917  -11.835 0.6999999881
16815  8.559  -60.722  3.686 0.6999999881
16834  3.590  -60.552  2.214 0.8000000119
16936  5.144  -60.571  -6.178 0.6999999881
17569  11.150  -59.179  3.902 0.6000000238
17582  12.342  -59.318  2.773 0.3000000119
17709  5.114  -58.965  -8.858 0.5000000000
18330  14.152  -58.778  1.381 0.3000000119
19156  10.621  -57.774  4.122 0.6999999881
19165  12.875  -56.576  2.658 0.6000000238
19169  7.043  -57.839  2.134 0.6000000238
19180  13.185  -57.152  2.037 0.4000000060
20117  10.968  -56.445  3.896 0.8000000119
20128  12.840  -55.730  2.987 0.6999999881
20130  8.793  -56.529  2.694 0.8000000119
20139  8.368  -56.021  2.226 0.8000000119
20153  16.788  -55.501  0.134 0.3000000119
20186  18.706  -56.186  -1.170 0.3000000119
21046  10.492  -55.807  3.536 0.8000000119
21056  12.605  -54.830  3.115 0.8000000119
21070  10.081  -54.706  2.635 0.8000000119
21072  7.097  -55.728  1.046 0.5000000000
21083  16.505  -54.715  0.519 0.4000000060
21118  21.049  -56.230  -2.751 0.3000000119
21120  18.971  -55.433  -1.872 0.4000000060
21134  18.745  -55.416  -3.235 0.5000000000
21144  18.069  -55.130  -3.991 0.4000000060
22032  12.189  -54.073  2.873 0.8000000119
22040  14.360  -54.004  1.843 0.6999999881
22068  17.060  -53.809  0.000 0.6000000238
22077  18.481  -54.828  -1.376 0.6000000238
22916  12.420  -53.131  1.639 0.6999999881
22917  11.539  -53.260  1.582 0.6000000238
22944  16.539  -53.499  -0.065 0.6000000238
22975  22.119  -54.292  -3.340 0.3000000119
22991  15.028  -52.513  -4.028 0.5000000000
23757  11.837  -52.834  0.876 0.6000000238
23771  13.022  -52.846  -0.828 0.6000000238
23773  11.626  -52.702  -0.102 0.5000000000
109249  25.245  -87.591  -11.518 0.4000000060
109275  3.583  -69.564  2.288 0.6999999881
109369  8.899  -58.946  3.655 0.8000000119
109530  7.739  -87.709  -5.630 0.8999999762
109687  10.463  -79.023  -22.879 0.6000000238
110898  8.632  -80.591  -0.911 0.4000000060
111239  3.440  -77.090  4.997 0.8000000119
111461  14.256  -78.458  -27.296 0.6000000238
111764  7.379  -78.209  -1.743 0.8000000119
111920  3.140  -68.243  2.525 0.6999999881
112735  2.921  -82.235  -19.787 0.5000000000
112883  18.003  -90.352  -13.858 0.6000000238
112956  11.880  -90.803  -15.578 0.8000000119
113868  5.929  -75.230  -1.893 0.6000000238
114036  8.993  -61.255  3.801 0.6999999881
114245  16.005  -78.614  -26.655 0.6999999881
115064  17.136  -91.184  -18.092 0.8000000119
115193  4.149  -80.836  -20.259 0.6999999881
115274  2.988  -83.731  1.464 0.8999999762
115339  18.513  -79.586  -24.294 0.6000000238
115769  3.889  -85.176  -4.920 0.8000000119
115933  6.767  -79.732  -3.397 0.8000000119
116113  7.201  -80.025  6.058 0.6000000238
116505  5.490  -78.304  -20.196 0.6999999881
116740  6.309  -75.299  4.720 0.6999999881
116978  8.435  -81.490  -23.562 0.6999999881
117025  6.157  -80.799  -2.227 0.8000000119
117154  11.160  -88.280  -8.613 0.3000000119
117352  30.303  -80.148  -18.515 0.3000000119
117489  11.878  -89.227  -9.721 0.4000000060
117560  4.642  -66.355  -17.395 0.6999999881
118208  11.988  -78.505  -27.678 0.6000000238
118448  7.433  -82.783  4.005 0.3000000119
118450  2.736  -65.577  -11.074 0.5000000000
118508  8.567  -62.049  3.715 0.6999999881
118687  5.935  -62.834  3.483 0.8000000119
118806  6.158  -86.695  -3.066 1.0000000000
118831  5.817  -75.884  -21.255 0.6000000238
119099  3.588  -67.915  -16.635 0.6000000238
119209  7.113  -89.664  -8.373 0.6000000238
119337  3.488  -68.900  -16.144 0.6000000238
119698  7.542  -58.512  2.672 0.8000000119
119883  12.110  -84.625  -8.021 0.3000000119
119930  2.962  -77.780  -0.065 0.6999999881
119957  3.713  -70.798  -13.821 0.5000000000
120669  5.567  -75.193  -14.765 0.6999999881
120817  6.296  -87.073  -3.802 1.0000000000
121553  8.823  -88.903  -9.804 0.6999999881
121948  16.520  -88.210  -13.565 0.6000000238
122008  17.384  -53.920  -1.115 0.6000000238
122103  3.507  -71.853  -18.698 0.6000000238
122253  2.691  -79.964  -1.775 0.6999999881
122287  10.752  -54.316  2.770 0.8000000119
122436  27.198  -79.527  -20.550 0.6000000238
122596  28.713  -85.017  -10.704 0.4000000060
123466  2.754  -71.094  7.804 0.6999999881
123617  13.016  -78.535  -25.383 0.5000000000
123863  9.286  -79.984  -23.450 0.6999999881
124100  4.178  -74.300  -18.333 0.6000000238
124289  7.003  -78.547  1.805 0.8000000119
124830  9.224  -66.125  3.511 0.3000000119
124867  5.683  -69.292  -17.304 0.6999999881
124912  18.884  -81.785  -25.454 0.6999999881
125048  26.101  -86.591  -10.750 0.4000000060
125252  9.467  -80.252  -26.737 0.6000000238
125322  13.867  -79.047  -8.766 0.5000000000
125392  18.901  -48.866  0.541 0.3000000119
125437  14.593  -90.238  -11.549 0.4000000060
125742  3.195  -65.628  5.493 0.8999999762
125861  6.930  -72.867  1.885 0.8999999762
126134  7.120  -82.009  -23.303 0.6999999881
126354  7.257  -86.041  -3.100 1.0000000000
126405  3.390  -65.346  -14.402 0.6999999881
126432  3.557  -83.687  -1.937 0.8000000119
126606  28.444  -82.565  -18.258 0.6000000238
126795  27.029  -81.563  -25.110 0.5000000000
127036  20.719  -54.315  -4.078 0.4000000060
127493  10.583  -57.056  4.008 0.8000000119
127878  3.874  -69.656  -13.698 0.5000000000
128032  13.646  -53.102  1.437 0.6999999881
128116  14.051  -83.116  -7.708 0.4000000060
128576  20.635  -51.430  -3.926 0.6000000238
128782  8.200  -77.426  -21.821 0.6000000238
128799  27.744  -85.511  -14.528 0.6000000238
128900  14.776  -52.969  0.794 0.6999999881
129044  25.137  -81.269  -22.424 0.6000000238
129197  7.590  -80.267  -5.173 0.8000000119
129219  7.713  -86.319  -4.373 1.0000000000
129569  5.858  -79.662  0.886 0.8000000119
129777  15.021  -81.997  -8.454 0.4000000060
129780  3.038  -64.290  -13.453 0.6999999881
129936  9.968  -67.841  5.231 0.3000000119
129959  18.858  -82.819  -29.690 0.5000000000
130057  11.130  -81.422  -9.056 0.6999999881
130117  17.332  -90.202  -13.367 0.6999999881
130166  20.059  -55.845  -2.891 0.4000000060
130351  3.004  -67.821  2.552 0.5000000000
130382  22.044  -79.975  -23.551 0.6000000238
130489  29.707  -80.297  -18.161 0.5000000000
130599  28.632  -82.970  -17.920 0.5000000000
130779  2.453  -76.830  -16.881 0.6000000238
130959  7.012  -67.239  -16.166 0.6000000238
131104  7.568  -69.618  6.295 0.4000000060
131264  16.175  -90.267  -17.118 0.8000000119
131316  11.949  -88.791  -15.909 0.8999999762
