#!ascii label  , from subject sub-v1s13x0050005_ses-1 vox2ras=TkReg
8027
287  12.187  -90.229  -16.038 0.6000000238
127060  12.069  -90.729  -16.521 0.5000000000
432  12.360  -89.834  -16.942 0.6999999881
286  12.289  -90.425  -16.829 0.5000000000
109852  12.299  -90.110  -17.570 0.4000000060
157  11.254  -90.473  -17.420 0.2000000030
118491  12.465  -90.319  -17.539 0.5000000000
426  11.634  -88.848  -15.312 0.8999999762
125727  12.046  -89.684  -15.479 0.6999999881
126251  12.138  -88.165  -16.504 0.8000000119
118480  12.374  -88.642  -17.210 0.8000000119
300  12.956  -90.129  -18.226 0.6999999881
441  12.588  -89.300  -17.826 0.6999999881
112975  12.606  -89.925  -18.341 0.4000000060
165  11.868  -90.235  -17.925 0.3000000119
124  11.111  -90.693  -13.593 0.6999999881
906  10.861  -86.840  -14.221 0.8999999762
635  11.394  -87.758  -15.215 0.8999999762
419  11.233  -88.936  -14.524 0.8000000119
281  11.892  -90.381  -15.079 0.6999999881
34  11.269  -91.091  -14.592 0.6999999881
916  11.953  -86.834  -15.730 0.8999999762
644  11.815  -87.860  -15.899 0.8999999762
38  11.326  -91.096  -15.219 0.5000000000
409  14.507  -88.235  -13.214 1.0000000000
624  14.156  -87.416  -13.997 1.0000000000
625  13.772  -86.952  -13.800 1.0000000000
903  13.328  -86.133  -15.177 0.8999999762
915  12.834  -86.476  -16.021 0.8999999762
643  12.300  -87.159  -16.383 0.8999999762
623  14.957  -87.717  -14.041 0.8999999762
633  14.672  -86.965  -14.804 1.0000000000
925  12.875  -86.891  -16.678 0.8999999762
652  12.587  -87.575  -17.050 0.8999999762
46  11.571  -90.920  -16.791 0.2000000030
418  16.075  -87.659  -13.959 0.8999999762
126027  15.534  -87.299  -14.549 0.8999999762
641  15.584  -87.026  -15.266 0.8999999762
651  13.255  -87.167  -17.241 0.8999999762
657  13.843  -87.447  -17.888 0.8000000119
658  12.923  -88.046  -17.920 0.8000000119
665  13.663  -88.296  -18.485 0.8999999762
163  13.225  -89.995  -18.442 0.5000000000
174  13.120  -90.222  -19.038 0.3000000119
304  19.185  -89.266  -19.670 0.3000000119
310  19.025  -88.857  -20.376 0.3000000119
460  19.316  -88.226  -20.371 0.2000000030
303  19.486  -88.619  -19.980 0.3000000119
461  18.223  -88.382  -20.801 0.2000000030
261  10.176  -90.146  -12.139 0.8000000119
397  9.789  -89.255  -11.771 1.0000000000
105  9.682  -90.094  -11.505 0.6999999881
116  10.264  -90.576  -12.493 0.8000000119
117  9.811  -90.499  -12.025 0.4000000060
404  10.279  -89.328  -12.569 0.8000000119
125  10.472  -90.731  -13.259 0.5000000000
115348  9.710  -90.745  -13.379 0.4000000060
125599  10.199  -88.281  -13.050 1.0000000000
260  10.730  -90.253  -12.937 0.6999999881
129661  10.439  -87.573  -13.679 0.8999999762
114975  10.309  -86.552  -12.903 1.0000000000
411  10.662  -88.964  -13.587 0.8000000119
274  11.312  -90.074  -13.814 0.8000000119
132  11.457  -90.681  -14.307 0.6999999881
140  10.882  -91.198  -14.735 0.5000000000
127986  11.154  -85.755  -13.609 1.0000000000
636  10.895  -87.744  -14.437 0.8000000119
898  11.380  -86.090  -14.185 0.8999999762
115500  11.714  -89.869  -14.673 0.6999999881
389  12.234  -88.863  -10.384 0.6999999881
610  12.643  -87.658  -11.359 0.6999999881
395  13.209  -88.309  -11.924 0.8000000119
905  11.512  -86.630  -14.908 0.8999999762
396  12.663  -88.621  -11.100 0.8000000119
123766  13.080  -87.372  -12.112 0.8000000119
904  12.434  -86.169  -15.259 0.8999999762
1210  12.143  -85.681  -14.722 0.8999999762
250  13.339  -89.419  -11.360 0.8999999762
259  13.922  -89.107  -11.995 0.8999999762
403  13.829  -88.318  -12.620 1.0000000000
124883  13.536  -86.611  -12.860 0.8000000119
1209  12.894  -85.539  -14.777 0.8999999762
123  16.916  -90.273  -12.848 0.8999999762
401  15.249  -89.012  -12.653 1.0000000000
902  14.040  -86.521  -15.312 1.0000000000
123429  17.205  -89.635  -13.474 0.8999999762
417  17.006  -87.757  -14.035 0.8999999762
631  17.216  -87.701  -14.779 0.8999999762
913  15.561  -86.973  -16.073 0.8999999762
124572  14.174  -86.664  -16.408 0.8999999762
934  14.085  -86.920  -17.070 0.8999999762
124974  17.539  -90.397  -13.263 0.8999999762
122  17.707  -90.031  -13.934 0.8999999762
424  17.507  -88.375  -14.790 0.8999999762
439  16.198  -88.254  -17.161 0.8999999762
650  15.802  -87.397  -16.816 0.8999999762
664  14.568  -87.870  -18.328 0.8999999762
32  18.697  -90.957  -14.652 0.8999999762
131  17.880  -90.391  -14.792 0.8999999762
138  17.322  -90.186  -15.685 0.8999999762
285  16.914  -89.446  -16.122 0.8999999762
292  16.294  -89.523  -16.993 0.8999999762
118202  15.293  -89.467  -18.247 0.6999999881
456  14.078  -90.014  -18.731 0.6999999881
35  18.705  -90.999  -15.447 0.8000000119
113607  18.101  -90.924  -15.976 0.8000000119
42  16.806  -90.859  -16.913 0.6999999881
154  16.187  -90.652  -17.386 0.6999999881
298  15.113  -90.079  -18.391 0.5000000000
51  14.917  -90.403  -18.677 0.5000000000
172  14.220  -90.462  -18.931 0.6000000238
173  13.675  -90.261  -18.984 0.5000000000
136  19.787  -90.337  -15.697 0.6999999881
145  18.888  -90.762  -17.154 0.6999999881
153  18.328  -90.930  -17.694 0.6000000238
45  16.561  -91.043  -17.568 0.6000000238
53  15.657  -91.063  -19.231 0.5000000000
57  15.282  -90.974  -19.777 0.4000000060
184  14.056  -90.090  -20.726 0.3000000119
430  21.111  -88.609  -16.484 0.6000000238
284  20.438  -89.209  -16.542 0.6000000238
114131  20.054  -89.572  -17.407 0.6000000238
152  19.039  -90.363  -17.966 0.6000000238
160  18.507  -90.478  -18.559 0.6000000238
169  18.220  -90.222  -19.393 0.6000000238
56  15.990  -90.866  -19.979 0.4000000060
640  22.791  -87.609  -16.015 0.5000000000
429  21.894  -88.117  -16.320 0.5000000000
289  20.602  -88.884  -17.336 0.5000000000
159  19.253  -89.940  -18.649 0.6000000238
168  18.922  -89.864  -19.238 0.6000000238
177  17.789  -89.912  -20.327 0.4000000060
648  22.331  -87.674  -16.994 0.5000000000
437  21.412  -88.200  -17.315 0.5000000000
438  20.687  -88.602  -18.060 0.3000000119
128570  19.354  -89.542  -19.090 0.5000000000
317  17.730  -88.791  -20.991 0.2000000030
654  22.607  -87.027  -17.678 0.5000000000
119379  21.919  -87.546  -17.730 0.3000000119
445  21.269  -87.851  -18.271 0.3000000119
121694  19.627  -89.054  -19.329 0.2000000030
459  19.969  -87.991  -20.095 0.2000000030
680  19.678  -87.725  -20.206 0.2000000030
462  17.421  -88.358  -20.961 0.2000000030
661  22.034  -86.935  -18.564 0.3000000119
662  21.200  -87.507  -19.202 0.2000000030
963  19.876  -87.311  -19.954 0.2000000030
660  22.934  -86.535  -18.358 0.3000000119
671  21.062  -87.283  -19.848 0.2000000030
678  20.486  -87.453  -19.947 0.2000000030
940  23.733  -86.210  -18.625 0.2000000030
669  22.933  -86.397  -19.146 0.2000000030
670  21.955  -86.591  -19.630 0.2000000030
950  21.484  -86.523  -19.939 0.2000000030
951  20.726  -86.659  -19.899 0.2000000030
949  22.842  -86.140  -19.609 0.2000000030
117124  22.216  -86.181  -19.927 0.2000000030
1251  21.962  -85.813  -19.774 0.2000000030
1252  21.163  -85.899  -19.557 0.2000000030
251  9.193  -90.061  -10.739 0.8000000119
118  9.184  -90.547  -12.170 0.4000000060
116487  8.746  -90.368  -11.010 0.4000000060
98  8.486  -90.245  -10.368 0.6000000238
129342  9.697  -87.416  -12.245 1.0000000000
617  9.862  -88.259  -12.403 1.0000000000
119  8.343  -90.167  -12.487 0.4000000060
107  7.906  -90.333  -10.996 0.4000000060
99  7.903  -90.367  -10.218 0.6000000238
616  10.062  -87.279  -12.917 1.0000000000
135  9.370  -90.346  -14.174 0.3000000119
1201  10.634  -85.896  -12.888 1.0000000000
116510  10.270  -85.762  -12.155 1.0000000000
1190  11.330  -85.113  -13.315 1.0000000000
1200  11.821  -85.258  -14.147 1.0000000000
125194  12.289  -89.638  -10.186 0.8000000119
604  12.232  -87.965  -10.576 0.6999999881
110393  12.383  -87.107  -10.667 0.6999999881
1557  13.365  -84.914  -14.384 1.0000000000
1199  12.628  -84.949  -14.449 1.0000000000
241  13.218  -90.135  -10.875 0.8999999762
242  12.689  -89.534  -10.755 0.8999999762
881  12.934  -86.651  -11.550 0.8000000119
249  14.116  -89.914  -11.562 0.8999999762
115  14.806  -89.789  -12.033 1.0000000000
1547  13.857  -84.422  -13.897 0.8999999762
117344  15.012  -90.440  -11.492 0.8999999762
114  15.639  -90.359  -11.907 1.0000000000
258  15.663  -89.745  -12.366 1.0000000000
1208  13.530  -85.586  -14.588 0.8999999762
25  17.534  -90.422  -12.437 0.8999999762
897  13.796  -85.994  -13.989 0.8000000119
29  18.341  -90.651  -12.933 0.8999999762
113806  18.618  -90.805  -13.793 0.8999999762
22  19.611  -90.772  -13.034 0.8999999762
31  19.371  -90.970  -14.241 0.8000000119
128  20.765  -89.974  -13.847 0.8999999762
125020  20.821  -89.300  -15.046 0.6000000238
273  20.376  -90.046  -14.808 0.6999999881
423  21.504  -88.467  -15.736 0.6000000238
271  21.985  -88.889  -13.931 0.6999999881
125528  24.552  -87.102  -15.064 0.6999999881
414  22.981  -87.858  -14.967 0.6000000238
422  22.163  -88.144  -15.375 0.6000000238
415  22.449  -88.389  -14.481 0.6000000238
406  22.906  -88.617  -13.615 0.8000000119
639  23.625  -87.341  -15.434 0.6000000238
128305  23.500  -87.077  -16.241 0.6000000238
647  23.062  -87.062  -16.888 0.5000000000
931  23.370  -86.491  -17.665 0.4000000060
930  24.280  -86.075  -17.677 0.4000000060
939  24.328  -85.687  -18.325 0.3000000119
1249  24.027  -85.710  -18.846 0.1000000015
118882  23.541  -85.764  -19.248 0.2000000030
1250  22.754  -85.738  -19.557 0.2000000030
243  9.492  -89.577  -11.085 1.0000000000
111800  8.722  -89.761  -9.837 0.8999999762
611  9.518  -88.069  -11.732 1.0000000000
233  8.293  -89.843  -9.015 0.8000000119
127  9.061  -90.449  -12.915 0.3000000119
234  7.526  -90.078  -9.070 0.8000000119
1179  9.674  -86.063  -11.514 1.0000000000
882  9.405  -87.072  -11.687 1.0000000000
252  7.619  -89.985  -11.942 0.3000000119
108  7.165  -90.174  -10.497 0.3000000119
90  7.510  -90.252  -9.811 0.6999999881
121389  6.701  -89.801  -8.966 0.8000000119
276  7.866  -88.776  -14.281 0.3000000119
1178  10.275  -85.185  -11.677 1.0000000000
1524  10.847  -84.435  -11.962 1.0000000000
1523  11.377  -83.844  -12.159 0.8999999762
1536  11.560  -84.315  -12.837 1.0000000000
1937  12.106  -83.502  -12.629 0.8000000119
231  12.188  -90.063  -9.587 0.8999999762
855  12.152  -86.100  -9.752 0.8000000119
869  12.534  -86.307  -10.543 0.8000000119
1548  13.110  -84.336  -14.020 1.0000000000
1535  12.620  -83.834  -13.408 1.0000000000
1936  13.085  -83.156  -13.001 0.8000000119
88  12.702  -90.645  -9.430 0.8999999762
97  12.816  -90.337  -10.244 0.8999999762
112837  12.278  -85.335  -9.315 0.8000000119
116133  12.714  -85.527  -10.178 0.8000000119
1164  13.117  -85.707  -11.106 0.8000000119
1954  13.648  -83.714  -13.446 0.8000000119
9  13.774  -91.026  -9.480 0.8000000119
16  14.109  -90.965  -10.112 0.8999999762
1163  13.813  -84.910  -11.521 0.8000000119
112719  14.032  -85.415  -13.327 0.8000000119
1534  14.250  -84.104  -13.232 0.8000000119
112955  15.856  -90.388  -11.142 0.8999999762
102  15.663  -90.436  -11.388 0.8999999762
125104  14.168  -84.703  -13.506 0.8000000119
18  16.839  -90.341  -11.533 0.8999999762
26  16.884  -90.413  -11.971 1.0000000000
24  17.954  -90.481  -12.172 1.0000000000
23  18.931  -90.684  -12.492 1.0000000000
110  19.822  -90.486  -12.437 0.8999999762
255  22.201  -89.052  -12.597 0.8999999762
629  24.633  -87.448  -14.120 0.8000000119
622  23.627  -88.263  -13.707 0.8000000119
266  22.339  -88.966  -13.228 0.8000000119
630  23.860  -87.743  -14.401 0.6999999881
125690  23.172  -88.183  -14.234 0.6999999881
405  23.647  -88.553  -13.003 0.8999999762
911  25.400  -86.600  -15.038 0.6000000238
920  25.111  -85.951  -16.478 0.5000000000
646  24.136  -86.758  -16.018 0.5000000000
921  24.503  -86.183  -16.673 0.6000000238
1229  24.983  -85.725  -17.193 0.5000000000
1230  24.841  -85.385  -17.819 0.4000000060
390  9.430  -88.786  -11.194 1.0000000000
391  9.133  -89.083  -10.504 1.0000000000
128473  8.887  -87.200  -10.452 1.0000000000
593  8.613  -88.205  -9.459 1.0000000000
870  9.143  -86.720  -10.959 1.0000000000
121090  8.239  -89.661  -13.425 0.3000000119
109544  8.424  -88.463  -8.680 1.0000000000
1166  9.266  -85.949  -10.774 1.0000000000
262  7.508  -89.300  -12.830 0.3000000119
253  6.934  -89.802  -11.361 0.3000000119
1165  9.731  -85.248  -10.926 1.0000000000
428  7.404  -87.999  -14.930 0.3000000119
270  7.476  -88.609  -13.681 0.3000000119
412  6.711  -88.147  -13.216 0.3000000119
128206  6.254  -88.905  -11.609 0.3000000119
235  6.673  -89.937  -9.793 0.6000000238
1509  10.344  -84.456  -11.152 1.0000000000
392  5.527  -88.347  -10.460 0.4000000060
125885  5.611  -88.789  -9.782 0.6999999881
1911  11.230  -83.083  -11.107 1.0000000000
1912  10.542  -83.682  -10.678 1.0000000000
1920  11.656  -83.250  -11.882 0.8000000119
1156  11.688  -85.983  -8.981 0.6999999881
1919  12.523  -82.807  -12.327 0.8000000119
77  12.485  -90.056  -7.620 0.8000000119
1500  13.036  -84.630  -9.801 0.8000000119
4  13.818  -91.000  -8.810 0.8000000119
1508  13.314  -85.040  -10.647 0.8000000119
125242  14.232  -83.477  -13.011 0.8000000119
121235  13.882  -83.017  -12.933 0.8000000119
14  15.704  -90.458  -10.414 0.8000000119
1507  13.797  -84.289  -10.771 0.6999999881
1522  14.334  -84.021  -11.719 0.8000000119
1521  14.420  -83.751  -12.490 0.8000000119
1935  14.390  -83.062  -12.481 0.8000000119
6  16.427  -90.171  -10.220 0.8999999762
109321  14.244  -84.644  -12.626 0.8000000119
94  17.533  -89.866  -10.565 0.8999999762
11  17.549  -90.295  -11.406 0.8999999762
17  18.480  -90.355  -11.668 0.8999999762
101  19.048  -89.933  -11.211 0.8999999762
111  19.245  -90.348  -11.850 0.8999999762
256  21.402  -89.449  -12.485 0.8999999762
109065  22.023  -88.993  -11.909 0.8999999762
246  22.791  -88.836  -11.919 0.8999999762
621  24.440  -88.019  -13.245 0.8999999762
399  24.126  -88.394  -12.412 1.0000000000
265  22.957  -88.850  -12.755 0.8999999762
628  25.161  -87.088  -14.368 0.6999999881
901  25.936  -86.787  -13.939 0.8000000119
910  26.277  -86.105  -15.024 0.5000000000
130246  26.153  -85.695  -15.983 0.5000000000
121227  25.683  -85.555  -16.740 0.5000000000
126142  25.409  -85.266  -17.431 0.5000000000
1239  24.722  -85.071  -18.202 0.2000000030
1223  26.423  -85.257  -16.556 0.5000000000
1248  24.364  -84.990  -18.515 0.1000000015
1227  26.671  -84.619  -17.033 0.5000000000
605  8.854  -88.044  -10.189 1.0000000000
368  8.164  -88.686  -7.935 0.8999999762
1158  8.685  -85.655  -9.541 1.0000000000
857  8.428  -86.469  -9.351 1.0000000000
871  8.627  -87.246  -9.807 1.0000000000
369  7.684  -88.912  -7.388 0.8999999762
370  7.033  -89.121  -7.030 0.8999999762
1501  9.126  -84.862  -9.504 1.0000000000
1157  9.234  -85.424  -10.184 1.0000000000
1502  8.590  -85.130  -9.034 1.0000000000
371  6.194  -88.938  -7.488 0.8000000119
1905  9.533  -83.994  -9.322 1.0000000000
1510  9.801  -84.438  -10.227 1.0000000000
117699  7.174  -87.976  -14.141 0.3000000119
384  5.576  -88.751  -9.088 0.6999999881
2367  10.866  -82.906  -10.294 0.8999999762
1904  10.180  -83.456  -9.850 1.0000000000
398  5.508  -87.877  -11.210 0.4000000060
385  5.222  -88.096  -9.802 0.5000000000
594  4.817  -87.218  -9.800 0.5000000000
111355  4.755  -86.352  -10.726 0.4000000060
858  4.535  -86.311  -9.523 0.6000000238
2826  13.062  -81.273  -10.860 0.6999999881
2365  12.509  -81.888  -11.231 0.8000000119
129819  4.424  -85.711  -9.557 0.6000000238
2840  13.510  -81.684  -11.503 0.6999999881
1491  12.457  -84.581  -8.778 0.6999999881
1490  13.112  -83.857  -9.090 0.6999999881
2373  14.423  -82.508  -11.849 0.8000000119
2375  12.997  -82.189  -11.952 0.8000000119
128695  14.285  -90.509  -7.915 0.8000000119
3  14.574  -90.805  -8.476 0.8000000119
1499  13.688  -83.699  -10.034 0.6999999881
1909  14.584  -82.739  -11.306 0.6999999881
7  15.282  -90.665  -9.508 0.8000000119
2  15.941  -90.288  -9.536 0.8000000119
1910  14.397  -83.372  -10.943 0.6999999881
1918  14.573  -83.233  -11.820 0.8000000119
126915  18.007  -89.464  -10.461 0.8999999762
93  18.236  -89.954  -10.924 0.8999999762
91  19.581  -89.271  -11.021 0.8999999762
112408  21.369  -89.189  -11.861 0.8000000119
400  23.536  -88.661  -12.119 0.8000000119
113412  25.265  -87.630  -12.491 0.8999999762
614  24.711  -88.085  -12.045 1.0000000000
620  25.226  -87.363  -13.506 0.8999999762
895  26.665  -86.763  -12.800 0.8999999762
119325  26.907  -86.319  -13.851 0.8000000119
1206  28.384  -85.214  -14.276 0.8000000119
1207  27.200  -85.776  -14.710 0.8000000119
1195  27.815  -85.884  -13.672 0.8000000119
1216  27.642  -85.199  -15.319 0.5000000000
1217  26.796  -85.496  -15.654 0.5000000000
1215  28.460  -84.591  -15.445 0.6000000238
1562  27.759  -84.671  -16.088 0.5000000000
1238  25.485  -84.751  -17.763 0.5000000000
1975  28.669  -83.649  -16.906 0.5000000000
1566  28.166  -84.162  -16.452 0.5000000000
1572  27.013  -83.893  -17.436 0.5000000000
1571  27.854  -83.780  -17.244 0.5000000000
1983  27.623  -83.417  -18.006 0.5000000000
1585  26.233  -84.234  -17.568 0.5000000000
1586  25.953  -83.851  -17.979 0.5000000000
1981  29.065  -83.064  -17.230 0.5000000000
1982  28.364  -83.310  -17.678 0.5000000000
122038  27.652  -83.184  -18.885 0.5000000000
2448  28.920  -82.450  -17.596 0.5000000000
1998  28.206  -83.042  -18.520 0.5000000000
2017  27.786  -83.133  -19.909 0.4000000060
2911  28.654  -81.691  -17.875 0.5000000000
2469  28.034  -82.755  -19.926 0.4000000060
2049  27.459  -82.922  -21.217 0.4000000060
110696  8.378  -87.424  -9.022 1.0000000000
363  6.512  -88.722  -6.566 1.0000000000
850  8.169  -86.616  -8.473 1.0000000000
577  8.084  -88.108  -7.245 1.0000000000
578  5.353  -88.154  -7.844 0.6999999881
2354  9.889  -83.124  -9.065 1.0000000000
1890  9.229  -83.604  -8.567 1.0000000000
579  4.972  -87.551  -7.328 0.8999999762
2353  10.544  -82.655  -9.520 0.8999999762
2341  10.257  -82.310  -8.803 0.8000000119
2342  9.588  -82.754  -8.329 0.8000000119
1891  8.849  -83.180  -7.851 0.8000000119
379  5.096  -87.922  -8.869 0.6999999881
113462  4.678  -87.084  -8.992 0.8000000119
846  4.525  -86.868  -7.742 0.8000000119
2352  11.228  -82.153  -9.950 0.8999999762
2814  10.872  -81.896  -9.252 0.8000000119
852  4.471  -86.560  -8.512 0.6999999881
853  4.258  -85.737  -8.844 0.8000000119
1159  4.283  -85.147  -9.653 0.6999999881
108762  3.790  -84.507  -7.958 0.8000000119
2839  14.210  -81.777  -11.470 0.6999999881
2825  13.915  -81.183  -10.999 0.6999999881
0  14.875  -90.433  -8.023 0.8000000119
81  15.366  -90.479  -8.746 0.8000000119
1903  13.853  -83.041  -9.496 0.6999999881
131287  14.140  -83.128  -10.242 0.6999999881
1902  14.432  -82.541  -10.492 0.6999999881
80  16.012  -89.941  -9.000 0.8000000119
117233  17.545  -89.280  -10.088 0.8999999762
83  18.213  -88.972  -10.259 0.8999999762
240  18.900  -89.012  -10.567 0.8999999762
239  20.080  -88.708  -10.803 0.8999999762
238  21.062  -88.502  -11.044 0.8999999762
237  21.893  -88.462  -11.032 0.8000000119
597  23.336  -87.722  -10.379 0.8999999762
386  22.500  -88.197  -10.755 0.8000000119
128073  23.299  -88.460  -11.139 0.8000000119
613  25.872  -87.286  -11.784 1.0000000000
608  24.623  -87.890  -11.113 1.0000000000
124840  23.999  -88.067  -10.796 1.0000000000
888  26.438  -87.015  -11.958 1.0000000000
887  27.086  -86.573  -11.508 1.0000000000
894  27.467  -86.351  -12.630 0.8999999762
1194  28.636  -85.568  -12.908 0.8000000119
3951  2.556  -78.823  -17.566 0.6000000238
113451  2.492  -77.479  -17.083 0.6000000238
1541  29.260  -85.033  -13.256 0.8000000119
1193  29.260  -85.255  -12.119 0.8999999762
1561  29.214  -84.230  -15.255 0.6000000238
1556  29.188  -84.635  -14.436 0.6999999881
120109  29.964  -84.490  -13.446 0.8999999762
116484  2.626  -79.607  -17.947 0.6000000238
1565  28.942  -84.004  -16.060 0.6000000238
3420  2.253  -79.783  -17.056 0.5000000000
1974  29.361  -83.428  -16.395 0.5000000000
1973  30.115  -83.195  -15.848 0.5000000000
2434  29.727  -82.780  -16.593 0.5000000000
3426  29.579  -80.796  -17.673 0.6000000238
2446  30.015  -82.095  -16.865 0.5000000000
2433  30.492  -82.546  -16.183 0.6999999881
3427  28.902  -80.980  -17.772 0.5000000000
2917  28.179  -81.825  -18.529 0.5000000000
2928  28.008  -82.102  -19.267 0.5000000000
120639  28.280  -80.832  -18.270 0.5000000000
2478  27.586  -82.483  -20.610 0.4000000060
2918  27.594  -80.965  -18.864 0.5000000000
3444  26.966  -80.571  -19.666 0.4000000060
2937  26.766  -81.309  -20.394 0.4000000060
361  7.481  -88.621  -6.616 0.8999999762
573  5.697  -88.303  -6.929 1.0000000000
116765  4.557  -86.798  -6.851 0.8999999762
847  4.152  -86.095  -7.763 0.8000000119
1153  4.002  -85.328  -8.160 0.8000000119
1892  3.494  -83.636  -8.089 0.6999999881
2350  14.507  -81.660  -10.333 0.6999999881
114557  14.846  -90.065  -7.656 0.8000000119
78  17.069  -89.147  -9.632 0.8000000119
229  18.507  -88.278  -10.102 0.8000000119
227  20.414  -88.101  -10.676 0.8000000119
387  21.476  -88.044  -10.719 0.6999999881
862  23.771  -86.875  -10.381 0.8999999762
595  25.061  -87.319  -10.777 1.0000000000
596  24.295  -87.496  -10.526 0.8999999762
606  26.347  -86.816  -11.219 1.0000000000
122293  26.703  -86.269  -10.695 0.8999999762
886  27.911  -86.086  -11.460 1.0000000000
1182  28.656  -85.551  -11.530 1.0000000000
6131  3.127  -75.701  -18.036 0.8000000119
4995  2.703  -77.393  -17.912 0.8000000119
5525  2.503  -76.293  -17.125 0.6999999881
1528  29.963  -84.702  -12.063 0.8999999762
1181  29.369  -84.885  -11.196 0.8999999762
5545  3.138  -76.901  -18.217 0.8000000119
4472  2.626  -78.000  -17.605 0.6000000238
120172  2.442  -75.630  -16.762 0.6999999881
129437  30.557  -84.216  -12.513 0.8999999762
5003  2.973  -77.433  -18.166 0.8000000119
1555  29.882  -84.123  -14.561 0.8000000119
1554  30.797  -83.899  -13.481 1.0000000000
1944  31.170  -83.682  -12.138 0.8999999762
3432  2.548  -80.364  -18.320 0.5000000000
3441  2.967  -79.784  -18.500 0.6000000238
1969  29.667  -83.781  -15.548 0.6000000238
2422  30.941  -82.938  -15.260 0.8000000119
2421  31.865  -82.639  -14.633 0.8999999762
2408  32.235  -82.706  -13.160 0.8999999762
2909  30.222  -81.364  -17.234 0.6999999881
2898  30.824  -81.878  -16.593 0.8000000119
2432  31.371  -82.331  -15.769 0.8999999762
2880  32.351  -82.039  -15.313 0.8000000119
2908  31.206  -81.314  -17.160 0.6000000238
2897  31.823  -81.747  -16.349 0.6999999881
3955  29.282  -79.789  -18.733 0.6999999881
3425  30.495  -80.675  -17.775 0.6999999881
3970  28.451  -79.606  -19.265 0.5000000000
3956  28.323  -79.994  -18.603 0.5000000000
362  7.048  -88.754  -6.286 1.0000000000
124772  6.066  -88.321  -6.169 1.0000000000
841  4.034  -85.901  -6.802 0.8000000119
1872  3.450  -83.726  -6.805 0.8000000119
2797  3.066  -81.720  -7.612 0.4000000060
1881  3.142  -82.954  -8.118 0.6000000238
1880  3.294  -83.269  -7.421 0.8000000119
119595  14.741  -81.464  -9.710 0.6999999881
2798  2.737  -80.888  -8.015 0.3000000119
215  15.427  -89.619  -8.007 0.8000000119
121437  16.019  -89.649  -8.816 0.8000000119
373  16.740  -88.890  -9.107 0.8000000119
222  16.650  -89.331  -9.249 0.8000000119
230  17.923  -88.628  -9.728 0.8000000119
380  19.302  -88.204  -10.105 0.8000000119
586  20.017  -87.960  -10.303 0.8000000119
599  21.309  -87.590  -10.462 0.6999999881
863  22.832  -86.940  -10.357 0.8000000119
598  22.259  -87.581  -10.353 0.6999999881
1173  24.576  -85.434  -10.945 0.8999999762
1161  24.173  -86.129  -10.543 0.8999999762
1160  25.097  -86.088  -10.550 0.8999999762
861  24.662  -86.765  -10.480 1.0000000000
859  26.050  -86.023  -10.535 0.8999999762
1171  26.899  -85.639  -10.604 0.8999999762
1170  27.819  -85.149  -10.669 0.8999999762
7394  5.020  -73.479  -17.756 1.0000000000
6742  4.742  -74.345  -17.892 0.8999999762
7395  4.313  -73.556  -18.425 0.8999999762
1514  29.307  -84.375  -10.831 0.8999999762
6757  3.695  -75.710  -18.132 0.8000000119
6745  2.795  -75.015  -17.682 0.6999999881
6734  2.713  -74.195  -17.199 0.6999999881
1513  30.007  -84.273  -11.027 0.8999999762
6141  3.840  -76.371  -18.076 0.8999999762
1926  30.983  -83.413  -11.439 0.8000000119
5002  3.358  -77.469  -18.115 0.8000000119
1943  31.777  -82.860  -11.975 0.8999999762
3967  2.935  -78.972  -18.206 0.8000000119
2409  31.392  -83.262  -14.022 1.0000000000
3966  3.464  -79.735  -18.328 0.8999999762
2420  32.730  -82.140  -14.083 0.8999999762
110742  31.245  -80.202  -19.104 0.8000000119
3954  30.142  -79.828  -19.257 0.6999999881
112947  31.106  -80.448  -18.282 0.8000000119
3424  31.598  -80.830  -17.753 0.6000000238
2907  32.391  -81.175  -17.030 0.6000000238
2879  33.286  -81.446  -14.756 0.6999999881
3969  29.290  -79.601  -19.473 0.6999999881
1145  3.904  -85.263  -7.397 0.8000000119
3313  2.749  -79.619  -7.595 0.3000000119
114108  3.350  -82.023  -6.949 0.6999999881
216  14.956  -89.736  -7.420 0.8000000119
3314  2.645  -80.113  -8.135 0.3000000119
365  15.074  -89.048  -7.030 0.8000000119
374  15.915  -88.557  -8.456 0.8000000119
372  17.549  -88.716  -9.500 0.8000000119
381  18.407  -88.281  -9.928 0.8000000119
864  21.895  -86.999  -10.448 0.8000000119
600  20.385  -87.700  -10.559 0.8000000119
877  21.351  -86.656  -11.301 0.8999999762
1174  23.628  -85.521  -11.158 0.8999999762
876  22.353  -86.423  -10.857 0.8999999762
875  23.247  -86.224  -10.626 0.8999999762
6733  4.679  -75.163  -16.877 1.0000000000
7397  3.206  -74.187  -17.903 0.6999999881
1927  29.754  -83.469  -11.116 0.8000000119
2387  30.321  -82.822  -11.498 0.8000000119
6130  4.073  -75.993  -17.888 0.8999999762
3442  33.182  -79.563  -19.023 0.8000000119
2386  31.243  -82.677  -11.679 0.8000000119
5544  3.741  -77.122  -18.054 0.8999999762
4479  3.285  -78.357  -18.089 0.8000000119
3455  32.469  -79.850  -20.076 0.8999999762
3443  32.341  -80.132  -19.265 0.6000000238
2855  32.911  -81.467  -12.903 0.8000000119
3977  3.207  -80.266  -19.051 0.8999999762
3456  31.900  -80.199  -20.836 0.8999999762
118025  31.693  -80.171  -20.038 0.8999999762
3433  32.968  -80.236  -18.509 0.5000000000
3423  33.281  -80.679  -17.257 0.6000000238
3412  34.226  -80.373  -16.221 0.5000000000
3899  34.062  -79.644  -14.610 0.6000000238
3376  33.917  -80.403  -14.384 0.6999999881
2936  2.657  -81.073  -19.925 0.6000000238
3454  2.962  -80.718  -19.694 0.8000000119
3457  30.968  -80.344  -20.810 0.8999999762
3434  31.984  -80.456  -18.475 0.5000000000
2895  33.780  -80.945  -15.536 0.6000000238
2878  33.874  -80.782  -14.714 0.6000000238
2864  33.203  -81.468  -13.678 0.8000000119
3992  29.109  -79.849  -20.795 0.6000000238
3981  29.885  -79.854  -20.184 0.6999999881
3993  28.035  -79.534  -20.857 0.5000000000
3982  28.754  -79.506  -20.047 0.6000000238
3994  27.026  -79.598  -21.259 0.4000000060
4356  2.456  -78.773  -8.156 0.3000000119
123587  3.070  -80.152  -6.920 0.6999999881
364  15.457  -88.869  -7.795 0.8000000119
580  16.544  -88.218  -9.004 0.8000000119
587  18.986  -88.174  -9.974 0.8000000119
601  19.338  -87.702  -10.481 0.8000000119
865  21.120  -87.192  -10.646 0.8000000119
9422  5.755  -70.782  -16.011 0.8999999762
8709  5.402  -70.978  -17.063 1.0000000000
116336  5.373  -71.844  -16.947 1.0000000000
113763  5.032  -71.717  -18.012 1.0000000000
8010  5.199  -72.572  -17.415 1.0000000000
8023  4.457  -72.555  -18.425 0.8999999762
8024  3.431  -72.638  -18.616 0.6999999881
129813  2.978  -72.711  -17.940 0.6000000238
2388  29.350  -82.953  -11.840 0.8000000119
6732  5.190  -74.205  -16.631 1.0000000000
2850  30.891  -81.983  -12.072 0.8000000119
6116  4.713  -76.045  -15.781 1.0000000000
6123  4.345  -76.009  -17.100 0.8999999762
5534  4.150  -76.913  -17.326 0.8999999762
5001  3.843  -78.231  -17.861 0.8000000119
126351  33.494  -78.845  -18.992 0.6999999881
3377  32.014  -80.260  -13.346 0.6999999881
2856  31.531  -81.352  -12.456 0.8000000119
4478  4.118  -79.430  -17.945 0.8000000119
3470  32.199  -80.102  -21.478 0.8999999762
113869  33.832  -79.860  -18.175 0.6000000238
3943  34.429  -79.382  -17.517 0.6000000238
3888  32.924  -80.345  -13.394 0.8000000119
3453  3.685  -80.722  -19.730 0.8999999762
3914  34.387  -79.372  -15.405 0.6000000238
3915  34.266  -79.100  -15.234 0.6000000238
3901  32.501  -79.669  -13.935 0.6000000238
3364  33.087  -80.893  -13.047 0.8000000119
2951  3.545  -81.501  -21.765 0.6000000238
3484  3.499  -80.943  -20.962 0.6999999881
3467  4.149  -80.795  -20.970 0.8000000119
124349  29.814  -80.658  -22.008 0.8000000119
3395  34.233  -80.331  -15.188 0.6000000238
3473  28.882  -80.219  -21.688 0.6000000238
3488  28.052  -80.363  -22.463 0.6000000238
3489  26.781  -79.987  -22.119 0.4000000060
3503  25.914  -80.389  -22.811 0.4000000060
116603  2.446  -78.303  -7.637 0.6000000238
8699  5.570  -71.477  -15.975 0.8999999762
8727  4.922  -70.818  -18.263 1.0000000000
8742  4.280  -71.482  -18.653 1.0000000000
124125  3.767  -72.100  -19.009 0.8999999762
7375  5.454  -73.456  -15.646 0.8999999762
8743  3.866  -71.158  -18.675 0.6999999881
2865  29.504  -81.258  -13.743 0.6000000238
5524  4.621  -76.928  -15.999 0.8999999762
4026  31.810  -79.927  -24.849 0.8999999762
4025  32.330  -79.596  -24.464 0.8000000119
3367  30.637  -81.107  -13.080 0.8000000119
2857  29.980  -81.698  -12.893 0.8000000119
4461  5.341  -78.851  -16.548 0.8999999762
3485  31.701  -80.378  -23.009 0.8000000119
4014  32.328  -79.861  -23.306 0.8000000119
112081  32.321  -79.862  -20.839 0.8000000119
3968  32.881  -79.004  -19.755 0.6999999881
4994  4.283  -78.167  -17.197 0.8999999762
3439  4.887  -80.602  -19.016 0.8999999762
3452  4.521  -80.705  -19.663 0.8999999762
3513  30.997  -80.427  -24.415 0.8999999762
3499  31.197  -80.525  -23.582 0.8999999762
114689  30.944  -80.682  -23.044 0.8999999762
110509  31.926  -80.294  -22.200 0.8000000119
4481  33.402  -78.329  -19.432 0.6999999881
4473  34.009  -78.385  -18.573 0.6000000238
3942  34.720  -78.909  -16.856 0.5000000000
3902  31.463  -79.709  -14.158 0.6000000238
3917  30.965  -79.261  -14.989 0.5000000000
3514  30.072  -80.779  -24.392 1.0000000000
3500  30.379  -80.795  -23.622 0.8999999762
110874  30.240  -80.797  -22.705 1.0000000000
5004  33.648  -77.787  -19.179 0.6999999881
4983  34.282  -78.174  -17.805 0.5000000000
4444  34.064  -77.958  -16.564 0.5000000000
4445  33.364  -78.268  -15.774 0.5000000000
3916  31.996  -79.138  -14.645 0.6000000238
2500  3.346  -82.322  -21.929 0.5000000000
3483  3.836  -81.088  -21.521 0.8999999762
3522  30.342  -80.440  -25.228 1.0000000000
126019  33.499  -77.535  -17.248 0.5000000000
4966  32.857  -77.677  -16.696 0.5000000000
122222  32.214  -78.191  -15.959 0.5000000000
2964  29.266  -81.054  -24.339 1.0000000000
114604  29.423  -81.002  -23.489 1.0000000000
3487  29.193  -80.785  -22.624 0.8000000119
2965  28.461  -81.203  -24.026 0.6999999881
3501  28.386  -80.926  -23.293 0.6999999881
3502  27.120  -80.503  -23.096 0.4000000060
2981  28.414  -81.283  -24.774 0.6999999881
2966  27.594  -81.088  -23.803 0.6000000238
113587  25.306  -80.777  -23.272 0.4000000060
2983  25.990  -81.215  -24.833 0.4000000060
2967  26.219  -80.783  -23.800 0.4000000060
3818  3.097  -79.536  -6.708 0.8000000119
3300  3.397  -80.136  -6.257 0.6999999881
2786  3.244  -81.047  -6.759 0.6999999881
109312  3.522  -81.988  -6.210 0.6999999881
121893  2.719  -78.208  -6.769 0.8000000119
120088  2.893  -80.376  -7.459 0.6000000238
6023  3.220  -75.606  -8.716 0.1000000015
9430  5.781  -70.154  -16.625 1.0000000000
9421  6.275  -70.333  -15.676 0.8999999762
8698  6.092  -71.076  -15.263 0.8999999762
9468  4.890  -70.041  -18.382 1.0000000000
8741  4.366  -70.610  -18.526 0.8000000119
10170  3.847  -69.616  -18.253 0.8000000119
3396  29.426  -79.997  -14.869 0.5000000000
6724  5.142  -75.204  -15.601 1.0000000000
4031  32.408  -79.289  -25.095 0.8999999762
3379  29.975  -80.545  -14.100 0.4000000060
3521  31.154  -80.083  -25.249 0.8999999762
4505  32.534  -79.361  -22.691 0.8000000119
4486  33.006  -78.343  -20.248 0.8000000119
3918  29.957  -79.349  -15.277 0.4000000060
3903  30.430  -79.849  -14.523 0.4000000060
4981  5.736  -78.259  -16.002 1.0000000000
4470  5.762  -79.485  -17.056 0.8999999762
4033  30.812  -79.939  -25.936 0.8000000119
124539  33.123  -78.240  -22.273 0.8000000119
5021  33.170  -78.003  -20.917 0.6999999881
5005  33.143  -77.303  -19.684 0.6000000238
2979  4.944  -81.563  -23.486 0.8000000119
3964  5.533  -80.314  -18.527 0.8999999762
3451  5.149  -80.447  -19.494 0.8999999762
3528  30.080  -80.204  -25.971 0.8999999762
4997  33.302  -77.201  -18.768 0.5000000000
4433  31.553  -78.673  -15.418 0.5000000000
2993  7.563  -82.362  -23.985 0.8000000119
2978  6.224  -81.441  -23.505 0.8999999762
2962  4.204  -81.401  -22.989 0.6999999881
3498  4.072  -81.183  -22.214 0.8000000119
3466  4.702  -80.528  -20.316 0.8999999762
129517  29.674  -80.814  -24.945 1.0000000000
111669  32.759  -77.210  -17.579 0.5000000000
4967  31.767  -77.829  -16.624 0.5000000000
4446  31.145  -78.238  -16.196 0.5000000000
3512  4.858  -80.732  -23.280 0.8000000119
3523  29.589  -80.594  -25.616 1.0000000000
123452  28.519  -81.184  -25.465 0.8999999762
3530  28.673  -80.550  -26.617 0.8999999762
3007  28.301  -81.152  -26.150 0.8000000119
2982  27.402  -81.372  -24.539 0.6000000238
3008  27.524  -81.453  -26.392 0.6000000238
2997  26.754  -81.633  -25.675 0.5000000000
2998  25.515  -81.565  -25.757 0.5000000000
115547  25.144  -81.045  -24.007 0.4000000060
109510  3.454  -79.378  -5.977 0.8000000119
130980  3.106  -78.936  -6.484 0.8000000119
129716  2.592  -76.257  -6.207 0.4000000060
10141  6.327  -69.526  -16.308 0.8999999762
131020  6.182  -68.804  -16.781 0.8999999762
10850  5.696  -68.291  -17.507 1.0000000000
118917  5.225  -69.491  -18.116 1.0000000000
10856  5.056  -67.717  -18.205 1.0000000000
10866  4.636  -68.240  -18.432 1.0000000000
10867  4.122  -68.451  -18.423 1.0000000000
10858  3.484  -68.511  -17.858 0.8000000119
11530  3.669  -67.904  -18.176 0.8999999762
9431  3.242  -70.214  -17.350 0.8000000119
8662  6.493  -72.288  -14.143 0.8999999762
7983  5.791  -72.803  -14.858 0.8999999762
6723  5.458  -74.404  -15.173 0.8999999762
4532  32.853  -78.836  -24.386 0.6999999881
6115  5.447  -76.055  -14.863 1.0000000000
5515  5.160  -76.728  -15.301 1.0000000000
4040  31.205  -79.296  -26.643 0.8000000119
4504  33.000  -78.513  -22.711 0.8000000119
117369  33.253  -77.977  -22.579 0.6999999881
130592  33.012  -77.829  -21.509 0.6999999881
4460  5.946  -78.889  -16.568 0.8999999762
4041  30.270  -79.748  -26.590 0.8000000119
5011  32.842  -77.562  -20.687 0.6000000238
5536  32.593  -76.697  -19.224 0.4000000060
4434  30.527  -78.754  -15.698 0.4000000060
3949  6.044  -79.813  -17.697 0.8999999762
3976  5.566  -79.877  -19.351 0.8999999762
4049  29.601  -79.494  -27.131 0.8999999762
5526  32.649  -76.827  -18.350 0.5000000000
5527  31.856  -76.852  -17.987 0.5000000000
4968  30.832  -77.634  -16.974 0.4000000060
2992  8.126  -81.908  -24.343 0.6000000238
3535  29.032  -80.040  -26.871 1.0000000000
4985  31.863  -77.376  -17.255 0.5000000000
130805  6.714  -81.214  -23.391 0.8999999762
119611  5.399  -80.969  -23.573 0.8000000119
3989  4.722  -80.138  -21.316 0.8999999762
3536  28.368  -80.249  -27.264 0.8999999762
4001  4.662  -80.077  -22.266 0.8999999762
3531  28.079  -80.986  -27.015 0.8000000119
3018  27.331  -81.262  -27.378 0.5000000000
3009  26.576  -81.647  -26.609 0.5000000000
3010  25.594  -81.679  -26.764 0.4000000060
3019  26.437  -81.475  -27.540 0.6000000238
3011  24.643  -81.886  -26.858 0.3000000119
1857  3.628  -83.646  -4.508 1.0000000000
120182  3.517  -83.351  -5.219 1.0000000000
108752  3.730  -79.934  -4.723 0.8999999762
110821  3.602  -80.695  -5.765 0.6999999881
124578  3.585  -81.367  -5.848 0.8000000119
2318  3.492  -82.717  -5.670 0.8000000119
2324  3.327  -82.839  -6.631 0.8000000119
123739  3.677  -79.961  -5.488 0.8000000119
10125  7.722  -69.385  -15.622 0.8999999762
9420  6.924  -69.818  -15.579 0.8999999762
120943  6.975  -68.833  -16.223 0.8999999762
10849  6.281  -68.085  -16.797 0.8999999762
11505  6.304  -67.252  -16.692 1.0000000000
11516  5.619  -67.353  -17.543 1.0000000000
10857  4.207  -67.500  -18.253 1.0000000000
11524  3.722  -67.150  -17.974 1.0000000000
10109  7.530  -70.183  -15.173 0.8999999762
8681  6.479  -71.450  -14.586 0.8999999762
111612  3.499  -67.698  -17.757 0.8000000119
10851  3.473  -68.432  -17.189 0.8000000119
9423  3.266  -69.723  -16.428 0.6999999881
4447  30.139  -78.250  -16.412 0.4000000060
7361  5.830  -73.741  -14.562 0.8999999762
121770  3.602  -68.954  -15.044 0.6000000238
108632  3.511  -69.761  -15.275 0.5000000000
5061  32.825  -78.017  -25.580 0.6999999881
4986  31.124  -77.076  -17.625 0.5000000000
7967  6.955  -73.111  -13.598 0.8999999762
6105  6.059  -75.494  -14.426 0.8999999762
5514  5.838  -76.901  -15.045 1.0000000000
4048  30.510  -79.153  -27.234 0.8000000119
126299  33.023  -77.618  -23.646 0.6999999881
125986  32.015  -77.117  -22.065 0.6000000238
4980  6.272  -78.285  -16.345 1.0000000000
4477  6.462  -79.235  -17.841 0.8999999762
4572  29.998  -78.843  -27.755 0.8000000119
5547  32.458  -76.865  -20.106 0.5000000000
5548  31.778  -76.427  -19.651 0.5000000000
5528  30.903  -76.559  -18.271 0.5000000000
4573  29.256  -79.015  -27.605 0.8999999762
4493  5.344  -79.111  -20.243 0.8999999762
3988  5.113  -79.977  -20.303 0.8999999762
4050  28.793  -79.558  -27.245 0.8999999762
116501  28.688  -79.227  -27.327 0.8999999762
3520  7.723  -81.837  -23.180 0.8000000119
4051  28.060  -79.880  -27.673 0.8999999762
4574  28.073  -79.211  -27.212 1.0000000000
125607  5.248  -80.416  -23.369 0.8999999762
4024  4.988  -80.178  -23.065 0.8999999762
3537  27.747  -80.591  -27.767 0.8999999762
4059  27.337  -79.896  -28.220 1.0000000000
3544  27.358  -80.211  -28.250 1.0000000000
3538  26.995  -80.816  -28.410 0.8999999762
3020  25.491  -81.579  -27.580 0.5000000000
3021  24.626  -81.767  -27.807 0.3000000119
3032  24.578  -81.511  -28.786 0.4000000060
123567  3.636  -83.149  -3.923 1.0000000000
2743  3.418  -81.349  -3.733 1.0000000000
2311  3.588  -82.668  -4.689 0.8999999762
3278  3.642  -80.738  -4.421 1.0000000000
123855  3.722  -81.148  -5.178 0.8999999762
2757  3.631  -81.682  -4.515 1.0000000000
3800  3.715  -79.081  -5.090 0.6999999881
10124  8.611  -68.932  -15.558 0.8000000119
10838  7.781  -68.437  -15.850 0.8999999762
12201  8.135  -67.046  -15.375 0.8000000119
11504  7.664  -67.566  -15.830 0.8999999762
12203  6.471  -66.500  -16.305 0.8999999762
109583  5.546  -66.363  -17.276 1.0000000000
11523  4.820  -66.915  -17.964 1.0000000000
9399  7.817  -70.788  -14.552 0.8000000119
12205  3.812  -66.435  -16.449 1.0000000000
11506  3.732  -67.305  -15.963 0.8000000119
117132  32.488  -77.212  -24.213 0.6000000238
8680  7.282  -71.554  -14.073 0.8999999762
8661  7.267  -72.392  -13.611 0.8999999762
10840  3.642  -68.205  -15.427 0.6999999881
5595  32.250  -77.099  -23.452 0.6000000238
130433  31.985  -77.006  -22.794 0.6000000238
6710  6.590  -74.954  -14.031 0.8999999762
5504  6.184  -76.219  -14.673 1.0000000000
5594  32.712  -77.381  -23.549 0.6000000238
126862  31.720  -76.694  -20.339 0.5000000000
5537  31.692  -76.354  -18.779 0.5000000000
5503  6.827  -76.134  -14.744 0.8999999762
4962  6.061  -77.583  -15.515 1.0000000000
4993  6.634  -78.505  -17.328 1.0000000000
5086  28.430  -77.704  -27.854 0.8000000119
4588  29.539  -78.428  -28.192 0.6999999881
4484  6.293  -78.944  -18.622 0.8999999762
4557  27.486  -78.538  -26.700 1.0000000000
4575  27.237  -79.313  -27.199 0.8999999762
4012  5.273  -79.719  -22.644 0.8999999762
4503  5.064  -79.466  -22.073 0.8999999762
4589  26.784  -79.661  -28.501 1.0000000000
4020  8.102  -80.022  -22.905 0.8000000119
4598  26.327  -79.573  -29.444 1.0000000000
4067  26.649  -79.896  -29.257 1.0000000000
4068  26.153  -79.598  -29.900 1.0000000000
125074  26.585  -80.308  -29.171 0.8000000119
121056  25.411  -81.354  -28.409 0.6000000238
3031  25.367  -80.916  -29.274 0.4000000060
3044  25.366  -80.470  -29.982 1.0000000000
3045  24.512  -81.027  -29.847 0.5000000000
3033  23.763  -81.687  -29.295 0.4000000060
3046  23.629  -81.228  -30.087 0.6000000238
3557  24.736  -80.209  -30.351 0.6999999881
121329  3.222  -81.782  -3.090 1.0000000000
115261  3.517  -82.319  -3.686 1.0000000000
1850  3.612  -83.202  -3.153 1.0000000000
3266  3.292  -80.506  -3.587 1.0000000000
3776  3.224  -79.564  -3.359 1.0000000000
116597  3.530  -80.012  -4.063 1.0000000000
3786  3.644  -79.264  -4.174 0.8999999762
11503  8.383  -67.909  -15.597 0.8000000119
12195  8.652  -66.535  -14.878 0.6999999881
10837  9.015  -68.123  -15.454 0.6999999881
11497  8.903  -67.338  -15.243 0.6999999881
12202  7.336  -66.735  -15.711 0.8999999762
10830  9.571  -68.735  -15.419 0.6000000238
12196  7.811  -66.186  -15.185 0.8999999762
12965  6.803  -65.791  -15.620 0.8999999762
12204  5.833  -65.625  -16.470 1.0000000000
123874  9.230  -69.639  -15.327 0.6999999881
12958  6.596  -64.873  -15.181 0.8999999762
13805  5.768  -64.488  -15.516 1.0000000000
12978  5.072  -65.485  -16.960 1.0000000000
12229  4.164  -66.836  -17.933 1.0000000000
10108  8.455  -70.112  -15.159 0.6999999881
8679  8.282  -71.439  -13.895 0.6000000238
12967  5.338  -64.883  -16.258 1.0000000000
12968  4.676  -64.911  -16.288 1.0000000000
12980  3.978  -65.842  -16.499 1.0000000000
5555  31.334  -76.752  -20.843 0.5000000000
127531  7.961  -72.152  -13.469 0.6999999881
7344  8.279  -73.470  -13.413 0.8000000119
6693  7.633  -74.952  -14.015 0.8000000119
13806  5.073  -64.274  -15.796 1.0000000000
110768  3.687  -65.665  -15.823 1.0000000000
118974  3.663  -66.638  -15.315 0.6999999881
116662  31.825  -76.945  -24.131 0.6000000238
5596  31.487  -76.973  -23.313 0.5000000000
5584  31.318  -76.984  -22.480 0.5000000000
5569  31.313  -76.927  -21.601 0.5000000000
6694  7.209  -74.571  -13.720 0.8999999762
6103  7.270  -75.534  -14.408 0.8000000119
5523  6.583  -77.278  -15.771 1.0000000000
121240  3.538  -66.936  -14.309 0.6000000238
5554  32.077  -77.050  -21.042 0.5000000000
110949  6.915  -77.445  -16.952 1.0000000000
4489  20.023  -79.119  -20.348 0.8000000119
4490  19.309  -78.492  -20.632 0.8000000119
126645  18.833  -78.402  -21.358 0.8999999762
5000  6.588  -78.386  -18.275 0.8999999762
5068  26.868  -77.908  -26.364 0.8000000119
5069  25.973  -77.680  -25.813 0.6999999881
113861  21.019  -76.122  -25.471 0.6000000238
5631  20.280  -76.063  -25.179 0.5000000000
3997  21.065  -79.665  -21.117 0.8000000119
3998  20.334  -79.681  -21.034 0.8000000119
4497  18.671  -78.615  -22.041 0.8999999762
5039  17.270  -77.715  -21.988 0.8000000119
5020  5.396  -77.461  -20.647 0.8000000119
4485  5.814  -79.012  -19.385 0.8000000119
4558  26.655  -78.547  -26.472 0.8999999762
5077  24.388  -78.249  -26.673 0.8000000119
5630  22.219  -76.575  -25.265 0.8000000119
5646  19.951  -76.670  -26.210 0.6000000238
5632  19.785  -76.691  -25.339 0.6000000238
3493  21.074  -80.815  -22.375 0.8000000119
4005  19.874  -80.045  -21.766 0.8999999762
4524  16.409  -78.026  -23.585 0.8999999762
4525  15.835  -78.130  -24.289 0.8999999762
4541  12.588  -78.523  -24.787 0.8999999762
113540  12.025  -78.479  -24.111 0.8999999762
118527  5.298  -78.237  -20.933 0.8999999762
4494  5.102  -79.188  -21.166 0.8000000119
4576  26.272  -79.096  -27.434 0.8999999762
5645  20.881  -76.749  -26.321 0.6999999881
3506  19.864  -81.011  -23.091 0.8000000119
3507  19.085  -80.362  -23.645 0.8000000119
4535  18.165  -78.783  -24.099 0.8999999762
4536  17.607  -78.588  -24.724 0.8999999762
122572  15.280  -78.354  -25.019 0.8000000119
4554  11.250  -78.755  -25.559 0.8999999762
4030  9.750  -79.844  -24.152 0.8999999762
129246  9.404  -79.748  -22.931 0.8999999762
113162  8.887  -79.955  -22.520 0.8999999762
4517  5.648  -78.838  -22.049 0.8999999762
4590  25.455  -78.803  -28.691 0.8999999762
2954  21.157  -81.303  -23.038 0.8000000119
3516  19.479  -81.382  -24.055 0.8000000119
130616  18.161  -78.980  -24.836 0.8999999762
4548  17.103  -78.502  -25.423 0.8999999762
4550  15.672  -78.522  -25.910 0.8999999762
4022  6.252  -79.849  -23.290 1.0000000000
4599  25.703  -79.106  -29.801 0.8999999762
3560  25.412  -79.333  -30.208 1.0000000000
4604  25.011  -78.962  -30.227 0.8999999762
3563  22.353  -80.746  -30.355 0.6999999881
3053  22.179  -81.372  -30.299 0.6999999881
2565  21.346  -81.650  -30.298 0.6999999881
3561  24.818  -79.523  -30.431 0.8000000119
3562  23.854  -79.948  -30.515 0.8000000119
3052  23.090  -80.824  -30.414 0.6999999881
2557  22.889  -81.790  -29.865 0.6999999881
2566  20.508  -81.861  -30.358 0.6999999881
3056  19.898  -81.378  -30.403 0.6999999881
3036  18.079  -81.483  -28.939 0.6000000238
3558  23.923  -80.617  -30.342 0.8999999762
127611  2.755  -80.104  -2.311 1.0000000000
4315  3.611  -78.345  -4.338 0.8999999762
4859  3.201  -77.156  -5.318 0.6999999881
109567  3.850  -76.679  -4.062 0.6999999881
109802  3.502  -75.932  -4.967 0.5000000000
5976  3.686  -75.265  -4.705 0.6000000238
110854  12.549  -65.782  -13.215 0.4000000060
12184  11.711  -66.095  -13.998 0.4000000060
12185  10.856  -66.060  -14.090 0.4000000060
12186  9.982  -66.092  -14.166 0.5000000000
12944  9.460  -65.556  -13.553 0.5000000000
124087  12.864  -67.065  -14.051 0.4000000060
11489  12.130  -66.863  -14.340 0.4000000060
12193  10.485  -66.727  -14.569 0.4000000060
12187  9.107  -66.040  -14.298 0.6999999881
12945  8.599  -65.461  -13.772 0.6999999881
13774  8.050  -64.934  -13.285 0.8999999762
12946  7.814  -65.107  -14.116 0.8999999762
12192  11.296  -66.729  -14.477 0.4000000060
124604  10.170  -68.146  -15.335 0.6000000238
12956  8.264  -65.793  -14.521 0.8999999762
12957  7.421  -65.383  -14.844 0.8999999762
13790  7.019  -64.639  -14.450 0.8999999762
14591  6.093  -63.887  -13.589 0.8999999762
11495  11.649  -67.505  -14.859 0.4000000060
13791  6.181  -63.999  -14.832 0.8999999762
13808  3.968  -64.411  -15.388 1.0000000000
14616  4.083  -63.372  -14.324 1.0000000000
5549  31.120  -76.101  -19.354 0.4000000060
113779  10.420  -68.872  -15.353 0.6000000238
9398  9.487  -70.504  -14.735 0.6000000238
122243  8.666  -70.874  -14.426 0.6000000238
12959  3.549  -64.928  -15.180 1.0000000000
5597  30.645  -76.966  -23.082 0.5000000000
5557  30.155  -76.266  -20.634 0.5000000000
8660  8.692  -72.005  -13.496 0.6000000238
7965  8.529  -72.684  -13.364 0.6000000238
6709  8.376  -74.624  -14.283 0.6999999881
112752  3.475  -66.000  -14.571 1.0000000000
6129  7.588  -75.759  -16.895 0.8000000119
5522  7.198  -76.589  -16.317 0.8000000119
6786  6.451  -74.608  -20.219 0.6000000238
6140  7.013  -75.672  -18.375 0.6000000238
5533  7.203  -76.294  -17.410 0.6000000238
5543  6.793  -76.726  -18.299 0.8000000119
115152  6.852  -77.777  -17.899 0.8999999762
110117  3.217  -65.718  -13.728 0.8000000119
6164  6.030  -75.295  -20.286 0.5000000000
6150  6.430  -75.846  -19.284 0.6999999881
126721  6.153  -76.641  -19.372 0.6000000238
130383  5.932  -77.133  -19.463 0.8000000119
5615  19.726  -75.514  -24.007 0.5000000000
4506  22.002  -78.991  -22.452 0.6000000238
112931  21.772  -78.712  -21.646 0.8000000119
3477  21.527  -80.157  -21.915 0.8000000119
5025  17.641  -77.292  -21.164 0.8999999762
5027  15.540  -77.177  -21.324 0.8999999762
5028  14.637  -77.125  -21.657 0.8000000119
6151  5.995  -76.091  -20.036 0.6000000238
5553  5.630  -76.798  -20.191 0.6000000238
5009  5.928  -77.913  -19.461 0.8000000119
4004  22.025  -79.562  -22.065 0.8000000119
5026  16.495  -77.280  -21.307 0.8000000119
5041  15.360  -77.542  -22.202 0.8000000119
4526  14.851  -78.133  -24.130 0.8000000119
4528  12.924  -78.277  -23.877 0.8999999762
4529  11.312  -78.543  -23.369 1.0000000000
4530  10.756  -79.066  -23.954 1.0000000000
5034  5.450  -77.452  -21.131 0.8000000119
5657  20.064  -76.837  -27.298 0.6999999881
4547  19.885  -77.679  -25.878 0.6999999881
4534  20.461  -78.342  -25.096 0.6999999881
3505  21.942  -80.431  -23.146 0.8000000119
3492  21.562  -80.725  -22.699 0.8000000119
4539  14.308  -78.424  -24.859 0.8000000119
4552  13.748  -78.538  -25.533 0.8999999762
4512  10.262  -78.864  -21.810 1.0000000000
4007  9.564  -79.433  -22.274 1.0000000000
4502  5.465  -78.477  -21.476 0.8999999762
5080  21.046  -77.267  -28.306 0.8000000119
5081  20.247  -77.238  -27.825 0.6999999881
4578  20.061  -77.673  -27.656 0.6999999881
3515  21.922  -80.428  -24.135 0.8000000119
2953  21.597  -81.111  -23.472 0.8000000119
3003  18.268  -81.365  -25.649 0.8999999762
3526  18.300  -80.742  -25.232 0.8999999762
4037  17.623  -79.253  -26.192 0.8999999762
4551  14.687  -78.527  -25.739 0.8999999762
116259  13.145  -78.497  -26.200 0.8000000119
4021  7.173  -79.870  -23.257 0.8999999762
4011  5.858  -79.417  -22.723 0.8999999762
120666  22.125  -77.434  -28.592 0.8000000119
129680  20.727  -77.550  -28.280 0.6999999881
3004  17.745  -80.414  -26.032 0.6999999881
4054  16.745  -79.766  -27.152 0.6999999881
4010  7.452  -79.293  -22.728 0.8000000119
5095  23.601  -78.009  -29.362 0.8999999762
5096  22.904  -78.105  -29.501 0.8000000119
4074  22.627  -80.081  -30.104 0.8000000119
3054  21.634  -81.128  -30.392 0.8000000119
3559  21.087  -80.786  -30.047 0.8000000119
3015  17.687  -81.704  -27.071 0.6999999881
3016  17.061  -80.739  -26.942 0.6999999881
4606  23.818  -78.947  -30.268 0.8999999762
4602  23.235  -78.754  -29.869 0.8000000119
115349  23.063  -80.211  -30.433 0.8000000119
115824  19.742  -80.953  -29.387 0.6999999881
113021  19.060  -81.504  -28.513 0.6999999881
3024  18.191  -81.749  -27.927 0.6000000238
3765  2.793  -79.466  -2.406 1.0000000000
4298  3.403  -78.584  -3.528 0.8999999762
5363  3.873  -76.654  -3.241 0.8000000119
5378  4.002  -75.978  -4.385 0.8000000119
5975  4.403  -75.366  -3.968 0.6999999881
5997  2.373  -75.418  -7.322 0.3000000119
6587  3.079  -74.641  -5.410 0.5000000000
116636  2.742  -74.881  -6.057 0.4000000060
124747  14.247  -65.955  -11.981 0.3000000119
12175  13.902  -66.287  -12.777 0.3000000119
12176  13.087  -65.951  -13.079 0.3000000119
12925  12.485  -65.503  -12.563 0.2000000030
12941  12.040  -65.647  -13.316 0.4000000060
12927  10.745  -65.009  -12.698 0.2000000030
12928  9.825  -65.044  -12.783 0.4000000060
12929  8.904  -65.092  -12.955 0.6000000238
13762  7.362  -64.601  -12.855 0.8999999762
11494  12.621  -67.830  -14.564 0.3000000119
10828  11.887  -68.476  -15.116 0.4000000060
124374  6.785  -64.251  -13.430 0.8999999762
115829  11.210  -69.085  -15.245 0.4000000060
126126  10.661  -69.605  -15.179 0.6000000238
8678  10.869  -71.824  -14.258 0.5000000000
7980  10.552  -72.470  -14.275 0.5000000000
14599  5.092  -63.158  -13.966 1.0000000000
13807  4.474  -64.361  -15.635 1.0000000000
121093  10.243  -71.257  -14.268 0.6000000238
7963  10.087  -72.035  -13.814 0.5000000000
7981  9.851  -72.763  -13.877 0.5000000000
7373  9.647  -73.872  -15.330 0.6999999881
13792  4.927  -63.749  -15.260 1.0000000000
117401  3.440  -63.747  -13.969 1.0000000000
119487  9.288  -71.490  -13.887 0.6000000238
7964  9.284  -72.348  -13.550 0.5000000000
7343  9.113  -73.141  -13.539 0.6000000238
6722  8.638  -74.819  -15.225 0.8000000119
12947  3.332  -64.756  -14.111 1.0000000000
6730  8.660  -74.751  -16.253 0.6000000238
6731  8.065  -75.212  -16.576 0.8000000119
6139  7.493  -74.921  -18.295 0.5000000000
129801  7.431  -75.518  -17.695 0.6000000238
5052  20.376  -77.638  -23.592 0.6000000238
5023  21.540  -77.972  -20.886 0.6999999881
5578  15.004  -76.479  -20.926 0.8999999762
5029  13.766  -76.942  -21.749 0.8999999762
4521  20.503  -78.092  -24.268 0.6999999881
4016  22.066  -79.613  -22.967 0.6999999881
120095  12.927  -77.108  -21.920 0.8999999762
4499  10.843  -78.308  -21.355 1.0000000000
121873  5.787  -75.998  -20.801 0.5000000000
5583  5.715  -76.726  -21.229 0.6999999881
4027  21.347  -79.448  -25.145 0.8000000119
4533  21.576  -79.191  -24.084 0.8000000119
5033  8.456  -77.909  -21.358 0.8000000119
118363  6.124  -77.080  -21.699 0.6999999881
5049  5.733  -77.745  -21.458 0.8000000119
4592  20.706  -77.917  -28.493 0.6999999881
4043  20.565  -78.589  -27.040 0.6999999881
3525  21.743  -80.629  -25.271 0.8000000119
3012  21.385  -81.357  -26.508 0.8000000119
3013  20.729  -81.763  -26.631 0.8999999762
115452  6.574  -79.231  -22.883 0.8999999762
4516  6.270  -78.680  -22.277 0.8000000119
125185  17.745  -81.347  -26.349 0.8000000119
4069  22.900  -79.166  -29.846 0.8999999762
4603  22.326  -78.382  -29.361 0.8000000119
109506  22.059  -80.320  -29.850 0.6999999881
3047  20.245  -80.938  -30.193 0.8000000119
2540  18.699  -81.962  -27.249 0.8999999762
122275  3.018  -78.803  -2.818 0.8999999762
4282  3.083  -77.966  -2.743 0.8000000119
4819  3.154  -77.145  -2.584 0.8999999762
4834  3.517  -77.518  -3.596 0.8999999762
5347  3.678  -76.556  -2.337 0.8999999762
5362  4.403  -76.010  -3.685 0.6999999881
126487  4.069  -74.825  -4.224 0.8000000119
6560  3.753  -74.064  -4.048 0.5000000000
6577  3.439  -74.375  -4.736 0.5000000000
7222  3.393  -73.753  -4.577 0.5000000000
7270  3.588  -73.818  -7.104 0.2000000030
113927  2.943  -74.220  -7.024 0.2000000030
7236  3.235  -73.963  -5.218 0.5000000000
6588  2.949  -74.196  -6.130 0.4000000060
12924  13.335  -65.766  -12.183 0.3000000119
12926  11.617  -65.161  -12.627 0.2000000030
13759  10.232  -64.742  -11.870 0.2000000030
120134  8.808  -64.707  -11.579 0.5000000000
13761  8.236  -64.785  -12.283 0.8999999762
13750  6.441  -64.420  -11.587 0.8999999762
11488  13.520  -67.686  -14.028 0.4000000060
10105  12.120  -69.610  -15.105 0.3000000119
9396  11.918  -70.717  -14.947 0.3000000119
110931  5.534  -63.905  -12.077 0.8999999762
7979  11.278  -72.275  -14.792 0.5000000000
130730  5.505  -63.589  -13.785 0.8999999762
15437  4.672  -63.070  -12.325 1.0000000000
14600  4.382  -62.909  -13.722 1.0000000000
15455  3.956  -62.343  -13.029 1.0000000000
8677  11.639  -71.599  -14.760 0.3000000119
14601  3.698  -62.917  -13.583 1.0000000000
7372  10.223  -73.360  -15.041 0.6000000238
6708  9.078  -74.218  -14.772 0.8000000119
14593  3.254  -62.620  -12.708 1.0000000000
8754  6.620  -71.085  -20.126 0.5000000000
8034  7.326  -71.745  -19.713 0.5000000000
130694  7.493  -72.805  -20.789 0.5000000000
118569  2.770  -63.437  -12.436 0.8999999762
7432  7.375  -73.378  -20.347 0.6000000238
7419  7.938  -73.306  -19.395 0.5000000000
111480  8.113  -74.302  -17.990 0.5000000000
6741  8.459  -74.507  -17.165 0.6000000238
13764  2.770  -64.437  -12.587 0.8999999762
12916  2.664  -65.106  -11.687 0.8999999762
6785  6.530  -74.058  -20.806 0.6000000238
6767  7.211  -74.069  -19.833 0.6000000238
5580  13.090  -76.299  -21.021 1.0000000000
123360  5.901  -74.735  -20.820 0.5000000000
6178  5.801  -75.125  -21.749 0.5000000000
5593  6.177  -75.894  -21.785 0.6000000238
4053  21.027  -78.818  -27.959 0.8000000119
4042  21.621  -79.931  -27.156 0.8000000119
117121  21.813  -80.799  -27.286 0.8000000119
3022  21.081  -81.331  -27.569 0.6999999881
4515  6.919  -78.588  -22.518 0.8000000119
5047  6.645  -77.761  -22.045 0.6999999881
4591  21.727  -78.515  -29.087 0.6999999881
4052  21.895  -79.961  -28.024 0.8000000119
3034  21.616  -80.569  -28.250 0.6999999881
112042  20.847  -80.889  -28.861 0.8999999762
4060  22.245  -79.669  -29.271 0.8999999762
3547  21.581  -80.447  -29.379 0.8000000119
3023  20.167  -81.326  -28.359 0.8000000119
4820  2.770  -77.561  -1.954 0.8000000119
4806  2.871  -76.925  -1.730 0.8000000119
5336  3.493  -76.458  -1.414 0.8000000119
5937  4.413  -76.032  -2.024 0.8000000119
5959  5.049  -75.332  -3.226 0.8000000119
6551  5.279  -74.708  -3.011 0.8000000119
7896  4.146  -73.205  -6.578 0.2000000030
7223  3.406  -73.279  -3.976 0.5000000000
7880  4.063  -73.111  -5.873 0.4000000060
7237  3.481  -73.412  -4.761 0.5000000000
13745  12.472  -65.279  -10.957 0.2000000030
13746  11.621  -65.145  -11.121 0.2000000030
120678  10.814  -64.944  -11.155 0.2000000030
13731  10.456  -65.100  -10.534 0.4000000060
12174  14.860  -66.492  -12.525 0.2000000030
13757  12.021  -65.143  -11.806 0.2000000030
13732  9.741  -64.911  -10.662 0.4000000060
13747  9.539  -64.713  -11.344 0.4000000060
12181  14.504  -67.015  -13.131 0.2000000030
13748  8.109  -64.696  -11.351 0.8000000119
13749  7.291  -64.639  -11.916 0.8999999762
115966  6.449  -64.564  -10.878 0.8999999762
11493  13.505  -68.530  -14.430 0.3000000119
10827  12.783  -68.866  -14.904 0.3000000119
8676  12.528  -71.401  -15.266 0.3000000119
13751  5.746  -64.194  -11.197 0.8999999762
14585  4.237  -62.818  -11.576 1.0000000000
16227  3.882  -61.879  -11.877 1.0000000000
8006  11.548  -72.468  -15.569 0.4000000060
7997  10.806  -72.831  -14.928 0.5000000000
15447  3.615  -62.035  -12.397 1.0000000000
7382  10.007  -73.513  -15.934 0.5000000000
7383  9.537  -73.872  -16.189 0.5000000000
14586  2.700  -62.823  -11.885 1.0000000000
8740  7.774  -71.472  -19.002 0.4000000060
7418  8.007  -72.292  -19.231 0.5000000000
7407  8.280  -72.726  -18.614 0.5000000000
7374  9.175  -74.319  -15.807 0.6000000238
14577  2.286  -62.991  -11.064 0.8999999762
121021  2.389  -64.872  -10.916 0.6000000238
7408  8.248  -73.468  -18.375 0.5000000000
7384  9.104  -74.001  -16.822 0.5000000000
13738  2.083  -63.945  -10.643 0.8999999762
5604  6.660  -75.560  -22.766 0.6000000238
5592  6.754  -76.588  -22.213 0.6999999881
4807  2.703  -77.325  -1.219 0.8999999762
5322  3.522  -76.380  -0.512 0.8999999762
5924  5.427  -75.512  -0.976 0.8000000119
125875  5.111  -75.636  -1.732 0.8000000119
6545  6.256  -74.857  -1.629 0.8999999762
6550  5.729  -74.492  -2.295 0.8000000119
7206  4.402  -74.088  -3.353 0.6999999881
7207  3.593  -73.486  -3.468 0.6999999881
7846  3.592  -72.828  -4.357 0.4000000060
12914  15.788  -65.862  -11.705 0.2000000030
113624  14.777  -65.685  -11.207 0.2000000030
119258  13.718  -65.511  -11.312 0.2000000030
122317  13.295  -65.252  -10.711 0.2000000030
13729  12.897  -65.195  -10.056 0.2000000030
12173  15.976  -66.513  -12.432 0.2000000030
128449  15.127  -66.016  -12.021 0.2000000030
14564  11.462  -65.244  -9.483 0.2000000030
112238  9.236  -65.042  -10.125 0.4000000060
123418  8.548  -64.912  -10.266 0.6999999881
13735  6.880  -64.879  -10.275 0.8999999762
11481  15.497  -67.181  -12.998 0.2000000030
11487  15.023  -67.789  -13.459 0.2000000030
10821  14.431  -68.387  -13.973 0.3000000119
13736  5.878  -64.606  -10.404 0.8999999762
14566  4.944  -64.270  -10.091 0.8999999762
15422  3.744  -62.755  -10.192 1.0000000000
16219  3.964  -61.878  -11.060 1.0000000000
10826  14.158  -69.149  -14.491 0.3000000119
10103  13.839  -69.745  -14.873 0.3000000119
10104  13.060  -69.705  -14.995 0.3000000119
125338  5.156  -64.079  -10.819 0.8999999762
9418  13.790  -70.900  -15.594 0.3000000119
9419  13.214  -70.976  -15.353 0.3000000119
7996  11.942  -72.043  -15.254 0.3000000119
9496  6.123  -70.263  -20.451 0.4000000060
8005  12.585  -71.948  -15.881 0.3000000119
8007  10.720  -73.074  -15.673 0.4000000060
9481  6.499  -70.433  -19.779 0.4000000060
8033  8.233  -71.961  -18.383 0.5000000000
8008  9.542  -73.379  -16.748 0.5000000000
13719  1.838  -63.937  -9.788 0.6000000238
8726  8.670  -71.828  -17.866 0.4000000060
8009  9.064  -73.199  -17.289 0.5000000000
15424  1.690  -62.173  -9.122 1.0000000000
14578  1.914  -62.985  -10.262 0.8000000119
14569  1.666  -62.984  -9.461 0.6999999881
5913  4.294  -75.855  -0.157 0.8999999762
5912  5.373  -75.559  0.096 0.8000000119
5935  6.689  -74.850  -0.815 0.8999999762
6536  6.598  -74.377  -0.931 0.8999999762
7189  6.074  -74.129  -1.575 0.8999999762
7190  5.138  -73.756  -1.969 0.8999999762
7197  3.692  -73.370  -2.702 0.6000000238
7198  3.291  -73.003  -3.104 0.6999999881
7840  3.441  -72.658  -3.618 0.4000000060
13744  14.144  -65.250  -10.545 0.2000000030
14574  12.103  -65.233  -9.734 0.2000000030
13712  10.014  -65.177  -9.946 0.4000000060
13713  8.545  -65.145  -9.491 0.6999999881
13714  7.386  -65.131  -9.338 0.6999999881
15423  3.553  -61.999  -9.602 1.0000000000
16198  3.157  -61.731  -9.150 1.0000000000
11480  16.372  -67.140  -13.142 0.2000000030
10820  15.352  -68.397  -13.880 0.2000000030
10825  14.936  -69.048  -14.454 0.3000000119
13715  6.438  -65.022  -9.744 0.8999999762
13716  5.602  -64.880  -9.526 0.8999999762
13717  4.775  -64.466  -9.129 0.8999999762
14567  4.283  -63.631  -9.694 0.8999999762
8708  11.051  -72.578  -16.421 0.5000000000
111950  10.130  -72.938  -16.525 0.4000000060
8020  10.188  -72.177  -17.059 0.4000000060
8021  9.314  -72.552  -17.297 0.4000000060
5896  6.412  -75.193  1.337 0.8000000119
6522  7.143  -74.459  0.477 0.8999999762
6535  6.943  -74.421  -0.265 0.8000000119
7175  6.187  -73.779  -0.784 0.8999999762
7176  5.052  -73.529  -1.074 0.8999999762
7177  3.893  -73.283  -1.375 0.6999999881
111788  3.130  -72.850  -1.044 0.6000000238
7822  3.290  -73.116  -1.797 0.6000000238
8513  3.734  -72.078  -3.453 0.4000000060
14565  10.779  -65.227  -9.700 0.3000000119
124961  9.500  -65.229  -9.274 0.4000000060
13695  7.274  -65.238  -8.126 0.6999999881
13696  6.405  -65.228  -8.905 0.8999999762
14568  3.454  -63.035  -9.248 1.0000000000
13697  5.422  -65.115  -8.551 0.8999999762
13698  4.686  -64.570  -8.102 0.8999999762
14556  3.408  -63.067  -8.226 0.8999999762
6490  7.121  -74.312  3.110 0.8000000119
125112  6.432  -74.856  2.979 0.8000000119
5874  5.547  -75.324  3.247 0.8000000119
6512  7.183  -74.553  1.282 0.8000000119
7138  7.284  -73.423  1.913 0.8999999762
6502  7.436  -74.026  2.122 0.8999999762
7158  6.269  -73.586  0.072 0.8999999762
7794  5.481  -73.028  0.694 0.8999999762
7159  5.100  -73.308  -0.134 0.8999999762
7806  3.761  -72.970  -0.370 0.8999999762
112028  3.904  -71.725  -2.782 0.3000000119
7832  3.291  -72.327  -2.730 0.3000000119
128076  3.007  -72.734  -1.547 0.6000000238
9264  4.544  -71.333  -2.734 0.3000000119
8497  3.445  -71.628  -1.932 0.3000000119
128268  8.999  -65.216  -8.550 0.6000000238
13694  8.205  -65.207  -8.383 0.6999999881
13677  8.940  -64.961  -7.296 0.4000000060
113475  8.011  -65.115  -7.300 0.6999999881
113905  6.106  -65.115  -6.908 0.8999999762
13660  9.265  -64.172  -6.242 0.4000000060
13661  8.236  -64.591  -6.233 0.6999999881
129480  4.748  -64.558  -7.192 0.8999999762
14555  4.231  -63.724  -7.461 0.8999999762
14522  7.921  -63.043  -5.713 0.6000000238
13645  7.039  -64.007  -5.592 0.6999999881
14548  3.527  -62.965  -7.298 0.8999999762
15395  3.547  -62.337  -6.783 0.8999999762
15391  8.737  -62.822  -6.125 0.3000000119
15392  7.732  -62.358  -6.324 0.6000000238
15393  6.630  -62.289  -6.001 0.6999999881
16175  8.235  -61.589  -7.169 0.4000000060
16177  6.815  -61.139  -6.982 0.6999999881
16955  7.329  -60.193  -8.321 0.5000000000
16197  7.033  -60.671  -7.723 0.5000000000
16943  6.348  -60.550  -7.476 0.5000000000
16956  6.637  -60.200  -8.237 0.4000000060
16971  6.160  -59.838  -8.731 0.5000000000
16957  5.975  -60.176  -8.036 0.6000000238
118281  6.881  -74.207  3.993 0.8000000119
7129  7.160  -73.586  3.596 0.8000000119
7774  7.119  -72.782  2.571 0.8000000119
7128  7.369  -73.204  3.005 0.8000000119
7775  6.356  -72.320  2.323 0.8999999762
7148  6.491  -73.321  0.767 0.8999999762
8436  5.744  -71.617  2.749 0.8999999762
7786  6.153  -72.711  1.468 0.8999999762
7787  4.931  -72.291  1.282 0.8999999762
7795  4.314  -72.647  0.512 0.8999999762
7807  3.108  -72.294  -0.290 0.8000000119
120200  2.932  -72.284  -1.014 0.6000000238
10020  4.713  -70.546  -1.546 0.3000000119
9244  4.037  -71.159  -1.805 0.4000000060
9226  3.651  -70.808  -1.092 0.4000000060
9989  3.758  -69.836  -0.353 0.4000000060
13662  7.376  -64.506  -5.956 0.8000000119
13663  6.428  -64.585  -6.047 0.8000000119
14539  5.536  -63.877  -5.771 0.8999999762
14541  4.084  -63.163  -6.534 0.8999999762
15379  6.140  -62.732  -5.546 0.6999999881
16160  4.843  -61.612  -5.699 0.8999999762
127217  4.050  -62.481  -5.974 0.8999999762
15394  5.740  -62.008  -5.855 0.8999999762
130196  3.596  -61.787  -6.301 0.8999999762
110960  3.123  -61.469  -7.305 0.8999999762
111207  6.282  -61.568  -6.248 0.6999999881
16165  5.460  -61.193  -5.884 0.8999999762
16167  2.552  -60.935  -6.945 1.0000000000
16180  2.590  -61.374  -7.917 1.0000000000
16196  7.752  -60.800  -7.625 0.3000000119
16944  5.479  -60.147  -7.134 0.6999999881
16199  2.521  -61.637  -8.759 1.0000000000
16954  8.098  -60.223  -8.386 0.3000000119
17700  5.470  -59.559  -8.156 0.6999999881
110519  2.058  -61.381  -7.496 0.8999999762
15409  1.539  -62.045  -7.565 0.8000000119
16969  7.535  -59.849  -9.119 0.4000000060
16970  6.826  -59.880  -9.025 0.4000000060
17708  5.757  -59.345  -9.043 0.6999999881
123833  6.335  -59.404  -9.499 0.4000000060
18482  5.482  -58.904  -9.805 0.5000000000
8449  4.559  -71.483  1.782 1.0000000000
7788  3.927  -71.893  1.066 1.0000000000
7796  3.471  -72.175  0.396 0.8000000119
126942  3.309  -71.457  0.478 0.6999999881
9198  3.310  -70.769  0.345 0.6999999881
8464  3.063  -71.577  -0.329 0.5000000000
9208  3.370  -70.740  -0.404 0.6000000238
10004  4.140  -69.950  -0.772 0.2000000030
15381  4.723  -62.421  -5.679 0.8999999762
16930  4.787  -60.918  -5.806 0.8999999762
16161  4.067  -61.682  -5.810 0.8999999762
16166  3.342  -61.020  -6.372 0.8999999762
122269  4.465  -60.480  -6.089 0.8999999762
16937  3.774  -59.917  -6.386 0.8999999762
16938  3.083  -60.239  -6.556 0.8000000119
13699  1.987  -64.798  -9.256 0.4000000060
14557  1.476  -63.010  -8.674 0.6000000238
16195  8.580  -60.868  -7.779 0.3000000119
17701  4.850  -58.964  -8.041 0.8000000119
16945  4.651  -59.947  -6.527 0.8999999762
16168  1.975  -60.944  -6.739 0.8999999762
121900  1.390  -63.006  -7.002 0.6000000238
18456  4.376  -58.692  -7.645 0.8999999762
113712  1.697  -61.590  -6.979 0.8999999762
15396  1.435  -62.375  -6.585 0.6999999881
18483  4.732  -58.526  -9.437 0.6999999881
7766  6.248  -72.252  3.711 0.8000000119
8419  6.486  -72.086  2.999 0.8999999762
9156  5.065  -70.930  3.048 0.8999999762
8421  5.063  -71.171  3.694 0.8000000119
116934  5.069  -71.272  2.451 1.0000000000
8450  3.764  -71.087  1.490 0.8999999762
10677  3.998  -68.806  -0.246 0.2000000030
130175  3.625  -69.119  0.167 0.4000000060
10667  3.886  -68.878  -0.158 0.2000000030
14542  1.400  -63.389  -6.207 0.4000000060
113735  2.019  -64.845  -7.324 0.2000000030
116474  2.753  -59.545  -6.418 0.8999999762
14549  1.411  -63.179  -7.782 0.5000000000
18448  3.330  -58.371  -6.960 0.8999999762
17690  2.380  -58.917  -6.273 0.8000000119
16939  2.286  -60.176  -6.301 0.8999999762
16940  1.749  -60.678  -5.907 0.8999999762
18447  4.009  -58.751  -7.017 0.8999999762
120065  2.149  -59.473  -6.133 0.8999999762
110871  1.523  -61.664  -6.023 0.6999999881
18469  4.365  -58.430  -8.551 0.8999999762
9142  3.606  -70.351  4.544 0.8000000119
125489  4.421  -70.355  3.113 0.8000000119
8437  4.333  -70.704  2.360 0.8999999762
8438  3.610  -70.259  1.859 0.8999999762
128372  3.525  -70.181  1.599 0.8999999762
111172  3.380  -70.657  0.941 0.8000000119
9199  3.415  -69.979  0.930 0.6999999881
15382  1.321  -62.782  -5.594 0.6000000238
18494  4.765  -58.291  -10.261 0.6000000238
19357  4.020  -57.947  -9.549 0.8000000119
16162  1.484  -61.344  -5.184 0.6999999881
17689  3.281  -59.020  -6.629 0.8999999762
18449  2.686  -58.315  -6.532 0.8000000119
16932  1.796  -59.863  -5.545 0.8999999762
18457  3.703  -58.180  -7.723 0.8999999762
17685  1.900  -59.034  -5.728 0.8999999762
9143  2.735  -69.564  5.102 0.6999999881
9158  3.956  -69.973  3.613 0.8000000119
9175  3.928  -69.944  2.717 0.8999999762
9938  3.607  -69.259  3.240 0.8999999762
9176  3.493  -69.693  1.875 0.8999999762
9190  3.485  -69.997  1.497 1.0000000000
9974  3.456  -69.160  1.459 0.6999999881
11358  3.714  -67.408  0.468 0.3000000119
9990  3.515  -69.094  0.785 0.6000000238
19380  4.244  -56.943  -10.614 0.6000000238
19358  3.826  -57.091  -9.947 0.8000000119
20304  3.631  -56.366  -9.277 0.8000000119
109662  4.719  -57.207  -11.140 0.5000000000
19379  4.346  -57.602  -10.487 0.6000000238
109487  3.555  -57.225  -9.015 0.8999999762
119342  3.308  -57.415  -8.096 0.8999999762
127419  1.309  -62.246  -4.773 0.5000000000
16933  1.523  -60.673  -4.882 0.6000000238
16157  1.376  -61.465  -4.229 0.6999999881
19327  3.745  -57.867  -8.623 0.8999999762
19308  2.986  -57.691  -7.137 0.8999999762
19286  2.409  -57.605  -6.321 0.6999999881
18438  2.030  -58.304  -5.991 0.8999999762
18439  1.755  -58.406  -5.074 0.8999999762
9925  3.504  -69.568  4.201 0.8000000119
10608  2.964  -68.192  4.238 0.8999999762
9939  3.243  -68.517  3.269 0.8999999762
9951  3.232  -68.497  2.177 0.8999999762
10639  3.186  -68.321  1.906 0.6999999881
127951  3.306  -67.447  0.960 0.3000000119
10651  3.358  -68.306  1.222 0.5000000000
21247  4.876  -55.845  -10.863 0.6000000238
20323  4.191  -56.229  -10.190 0.6999999881
110860  5.103  -56.368  -11.476 0.5000000000
20322  4.664  -56.566  -11.020 0.5000000000
21231  3.941  -55.534  -9.312 0.6999999881
20283  3.211  -56.549  -8.371 0.8999999762
20274  2.872  -56.806  -7.491 0.8999999762
114619  1.486  -60.677  -3.846 0.6000000238
16928  1.450  -59.945  -4.442 0.6000000238
17686  1.632  -59.220  -4.848 0.8000000119
11989  7.423  -66.893  3.726 0.8000000119
10596  2.704  -67.776  5.138 0.8999999762
10622  3.021  -67.971  2.260 0.8999999762
129051  2.905  -67.217  3.351 0.8000000119
109576  2.914  -67.083  1.553 0.4000000060
116143  3.798  -55.006  -8.619 0.8999999762
110718  3.336  -54.885  -7.916 0.8999999762
21209  3.449  -55.671  -8.536 0.8999999762
21195  2.887  -55.740  -7.545 0.8999999762
19309  2.616  -57.026  -6.760 0.8000000119
20275  2.534  -56.249  -6.733 0.8000000119
17683  1.400  -59.322  -4.042 0.4000000060
18430  1.476  -58.628  -4.146 0.6999999881
19265  1.932  -57.473  -5.372 0.8999999762
12757  7.680  -65.539  3.428 0.8000000119
128170  6.662  -65.919  3.745 0.8000000119
12759  5.914  -64.897  3.954 0.8000000119
12741  5.216  -65.270  4.732 0.8000000119
12727  3.582  -65.172  5.250 0.8999999762
11974  2.845  -66.561  5.576 0.8999999762
11285  2.784  -67.036  4.951 0.8999999762
12728  3.133  -65.162  5.004 0.8999999762
11993  2.858  -66.290  4.693 0.8000000119
124638  2.890  -67.496  4.156 0.8000000119
12785  2.373  -65.535  1.805 0.6000000238
127323  2.706  -66.119  2.971 0.6999999881
12049  2.687  -66.246  1.523 0.4000000060
12035  2.687  -66.791  2.027 0.5000000000
11311  2.872  -67.278  2.550 0.6999999881
21180  2.777  -54.680  -7.016 1.0000000000
21163  2.334  -55.167  -5.481 0.8000000119
22131  2.557  -54.415  -4.932 0.8000000119
21230  4.462  -55.272  -9.933 0.6000000238
21181  2.475  -55.330  -6.462 0.8999999762
125404  2.274  -55.867  -5.994 0.8000000119
114039  2.151  -55.955  -5.223 0.8000000119
20257  2.245  -56.696  -5.972 0.6999999881
18420  1.627  -58.153  -3.458 0.4000000060
20237  1.839  -56.958  -4.577 0.8000000119
19255  1.641  -57.667  -4.226 0.6999999881
13525  5.617  -64.070  3.880 0.8000000119
13505  4.291  -64.630  4.825 0.8999999762
13506  3.479  -64.577  4.702 0.8000000119
13524  6.466  -64.385  3.544 0.8000000119
13507  3.039  -64.572  4.376 0.8000000119
12743  2.919  -65.441  4.340 0.8000000119
110653  2.311  -65.006  2.203 0.6999999881
12760  2.722  -65.544  3.283 0.8000000119
23010  2.600  -53.740  -5.112 0.8000000119
22118  2.854  -54.439  -4.284 0.6000000238
21141  2.798  -55.132  -3.916 0.5000000000
22157  3.193  -53.960  -7.446 1.0000000000
22145  2.751  -53.864  -6.623 1.0000000000
22146  2.506  -54.340  -5.900 0.8999999762
21152  2.472  -55.280  -4.548 0.8000000119
20214  2.808  -55.789  -3.518 0.5000000000
116322  2.432  -55.757  -3.939 0.6999999881
20224  2.041  -56.224  -4.334 0.6999999881
19247  1.842  -57.323  -3.428 0.3000000119
20236  1.972  -56.643  -5.105 0.6999999881
20225  1.828  -56.879  -3.953 0.6000000238
20346  5.793  -56.563  -12.741 0.5000000000
13526  4.664  -63.898  4.317 0.8999999762
14417  6.155  -63.543  3.538 0.8000000119
14402  3.334  -63.875  4.326 0.8000000119
13527  2.798  -64.724  3.635 0.6999999881
23009  2.910  -52.989  -4.708 0.8000000119
22117  3.220  -54.520  -3.845 0.6000000238
21151  3.208  -55.196  -3.646 0.5000000000
23026  2.635  -53.393  -5.806 1.0000000000
22191  4.194  -54.683  -9.070 0.8000000119
21274  5.445  -56.444  -12.080 0.5000000000
21261  5.390  -55.939  -11.735 0.5000000000
14416  6.825  -62.921  3.441 0.8000000119
15264  7.099  -62.052  3.466 0.8000000119
116902  6.249  -62.203  3.398 0.8999999762
15266  4.407  -62.422  3.657 0.8999999762
112825  2.737  -52.621  -5.700 0.8000000119
22205  4.950  -54.872  -10.411 0.6000000238
125737  6.550  -61.506  3.262 0.8000000119
16052  5.701  -61.648  3.180 0.8000000119
16054  3.802  -61.823  3.221 0.8000000119
130604  1.649  -60.675  1.170 0.5000000000
16071  1.791  -61.882  1.507 0.5000000000
23036  2.815  -52.988  -6.821 1.0000000000
23056  3.460  -53.111  -7.969 0.8999999762
22222  5.361  -55.242  -11.232 0.5000000000
21288  6.183  -55.986  -13.262 0.5000000000
118877  5.754  -55.980  -12.541 0.5000000000
21260  5.714  -55.334  -12.082 0.5000000000
16816  7.809  -60.662  3.471 0.8000000119
16831  6.795  -60.671  3.090 0.8000000119
16067  6.012  -61.071  2.927 0.8999999762
16832  5.733  -60.316  2.574 0.8000000119
16068  5.192  -61.068  2.800 0.8000000119
15283  2.887  -62.019  3.016 0.8000000119
16864  1.573  -60.498  0.293 0.5000000000
16082  1.903  -61.142  1.690 0.6000000238
118438  2.560  -61.460  2.332 0.6000000238
17602  1.825  -59.495  0.782 0.5000000000
16847  1.953  -60.246  1.356 0.6000000238
23834  4.595  -52.463  -4.469 0.4000000060
23835  3.567  -52.277  -4.397 0.6999999881
24680  3.976  -51.415  -4.706 0.5000000000
22177  3.765  -54.229  -8.282 0.8999999762
23836  3.109  -51.954  -5.015 0.8000000119
22190  4.569  -54.286  -9.596 0.6999999881
22176  4.104  -53.723  -8.811 0.8999999762
22204  5.352  -54.385  -10.858 0.6000000238
23084  4.943  -53.907  -10.123 0.6000000238
124043  5.670  -54.707  -11.554 0.5000000000
17585  6.635  -59.696  2.660 0.6999999881
17586  5.784  -59.526  2.229 0.8000000119
114341  4.622  -60.421  2.351 0.8000000119
23800  6.944  -52.714  -2.777 0.4000000060
22973  5.668  -53.516  -2.869 0.3000000119
22093  5.168  -54.071  -2.591 0.4000000060
20209  4.510  -55.386  -1.916 0.2000000030
17618  1.703  -59.615  0.287 0.5000000000
16833  3.929  -59.703  1.723 0.8000000119
23790  7.881  -52.644  -2.039 0.5000000000
22963  5.516  -53.493  -2.086 0.4000000060
22082  4.992  -54.042  -1.857 0.4000000060
22071  4.668  -54.764  -1.325 0.3000000119
19229  3.246  -56.753  -1.329 0.2000000030
20173  3.192  -56.581  -0.431 0.4000000060
18367  2.054  -58.233  -0.193 0.3000000119
18368  1.928  -58.222  -0.003 0.6000000238
22950  6.281  -53.355  -1.494 0.5000000000
117142  4.988  -54.345  -1.137 0.4000000060
21098  3.590  -55.883  -0.935 0.4000000060
20159  3.388  -56.713  0.070 0.4000000060
18335  2.183  -58.781  0.823 0.6000000238
21096  4.791  -54.918  -0.687 0.5000000000
20172  3.783  -56.017  -0.375 0.5000000000
23055  3.869  -52.873  -8.671 0.8999999762
23859  2.956  -52.052  -7.408 1.0000000000
23850  2.821  -51.966  -6.257 1.0000000000
23070  4.441  -53.240  -9.370 0.8000000119
18319  6.183  -58.873  2.089 0.8000000119
17598  5.315  -59.033  1.754 0.8000000119
109361  8.864  -52.308  -2.220 0.6000000238
18390  2.606  -57.599  -0.485 0.3000000119
21095  5.531  -54.568  -0.510 0.5000000000
19211  2.290  -57.662  -0.072 0.5000000000
17600  2.899  -59.134  1.292 0.6999999881
22070  5.586  -53.857  -1.163 0.5000000000
24679  4.625  -50.722  -5.139 0.5000000000
24696  3.288  -51.188  -5.634 0.6999999881
24706  2.964  -51.149  -6.817 0.8999999762
24705  3.364  -50.446  -7.125 0.8999999762
23882  3.421  -52.185  -8.234 1.0000000000
24725  3.203  -51.342  -7.723 1.0000000000
23881  3.990  -52.356  -8.882 0.8999999762
23069  4.943  -53.128  -10.001 0.6000000238
23899  4.697  -52.444  -9.526 0.8000000119
22059  7.184  -54.225  0.058 0.5000000000
18332  5.516  -58.302  1.524 0.8000000119
18333  4.656  -58.484  1.371 0.8000000119
118772  10.698  -52.662  -0.655 0.8000000119
23775  8.892  -52.840  -1.126 0.6999999881
22948  8.481  -53.352  -0.407 0.6000000238
21072  7.097  -55.728  1.046 0.6999999881
20156  6.153  -55.906  0.679 0.6999999881
20142  5.888  -56.706  1.031 0.6999999881
22961  7.902  -52.988  -1.179 0.5000000000
22069  6.512  -53.793  -0.717 0.5000000000
21086  6.478  -55.017  0.231 0.5000000000
21087  5.395  -55.299  0.020 0.5000000000
19195  4.993  -56.936  0.772 0.6000000238
19185  3.818  -57.911  1.068 0.6999999881
17599  4.566  -59.159  1.602 0.8000000119
22060  6.256  -54.271  -0.401 0.4000000060
20157  5.189  -56.106  0.429 0.6000000238
20158  4.280  -56.374  0.205 0.5000000000
108621  3.778  -58.766  1.323 0.6999999881
23789  9.805  -52.518  -1.394 0.6000000238
21088  4.522  -55.601  -0.219 0.5000000000
19196  4.059  -57.194  0.587 0.6000000238
18334  2.867  -58.252  0.938 0.6000000238
25538  5.089  -50.023  -5.561 0.5000000000
25523  4.157  -50.102  -5.694 0.6000000238
25548  3.482  -50.491  -6.188 0.6999999881
119574  3.691  -51.687  -8.398 1.0000000000
24750  4.302  -51.650  -8.965 0.8999999762
21060  8.755  -55.309  2.067 0.6999999881
23786  12.238  -52.622  -1.446 0.8999999762
23787  11.511  -52.556  -1.063 0.8999999762
23759  10.318  -52.955  0.085 0.6000000238
22933  8.148  -53.858  0.210 0.6000000238
20141  6.767  -56.510  1.332 0.6999999881
19182  6.516  -57.304  1.557 0.6999999881
19183  5.683  -57.508  1.294 0.8000000119
23795  13.328  -52.772  -2.922 0.8999999762
129184  10.957  -51.814  -2.389 0.8000000119
23788  10.663  -52.214  -1.705 0.8000000119
25537  5.309  -49.183  -6.148 0.5000000000
25547  3.868  -49.796  -6.490 0.8999999762
26316  4.490  -49.512  -5.999 0.6999999881
25565  3.918  -49.685  -7.291 0.8999999762
24724  3.898  -50.781  -8.121 1.0000000000
126577  9.450  -55.152  2.487 0.8000000119
21071  7.954  -55.535  1.546 0.6999999881
19181  7.316  -57.071  1.939 0.8000000119
22959  13.798  -53.080  -1.047 0.8000000119
23772  12.306  -52.733  -0.491 0.8000000119
23758  11.068  -52.797  0.254 0.8000000119
22057  9.675  -53.862  1.302 0.8000000119
22043  9.336  -54.575  1.869 0.6999999881
22970  14.591  -53.775  -2.529 0.8999999762
22960  12.936  -52.897  -1.970 0.8000000119
22932  9.101  -53.642  0.447 0.8000000119
22058  8.787  -54.196  0.979 0.6999999881
21085  7.562  -55.010  0.771 0.6999999881
22990  15.671  -53.095  -4.204 0.8000000119
22979  14.884  -53.473  -3.526 0.8999999762
22971  13.788  -53.360  -2.211 0.8000000119
22988  17.360  -53.534  -4.574 0.8999999762
26324  4.418  -49.119  -6.637 1.0000000000
24749  5.097  -51.646  -9.649 0.8000000119
24723  4.726  -50.837  -8.952 1.0000000000
25598  5.394  -50.741  -9.688 0.8000000119
22978  15.565  -53.984  -3.653 0.8999999762
26344  4.505  -48.973  -7.438 1.0000000000
25588  5.056  -50.116  -8.969 1.0000000000
25564  4.504  -49.930  -8.204 1.0000000000
22986  19.106  -53.948  -4.568 0.6999999881
127307  20.876  -51.886  -3.908 0.8000000119
26256  19.334  -49.354  -0.282 0.6000000238
26243  18.408  -49.257  0.028 0.6000000238
25597  5.972  -50.470  -10.403 0.8000000119
22977  20.659  -53.439  -4.217 0.6999999881
114775  21.370  -51.181  -2.919 0.4000000060
25467  21.405  -50.248  -0.937 0.4000000060
25468  20.618  -50.090  -0.994 0.5000000000
27080  19.576  -48.978  0.518 0.3000000119
27062  18.722  -48.319  0.835 0.1000000015
27915  18.044  -47.086  0.954 0.1000000015
26255  20.129  -49.672  -0.460 0.4000000060
26241  19.712  -49.423  0.069 0.3000000119
28859  17.790  -46.168  1.653 0.2000000030
29742  17.183  -45.559  1.986 0.1000000015
27081  18.152  -49.052  0.241 0.4000000060
27927  18.033  -48.174  0.545 0.3000000119
29759  16.427  -45.213  1.788 0.1000000015
27093  17.973  -49.142  -0.034 0.5000000000
27094  17.752  -48.640  0.069 0.5000000000
27928  17.633  -47.649  0.246 0.4000000060
28877  17.522  -46.506  0.614 0.2000000030
28860  17.109  -45.637  1.157 0.2000000030
29761  14.339  -45.085  1.720 0.2000000030
29776  16.459  -45.142  0.729 0.2000000030
30561  15.126  -44.878  1.633 0.2000000030
26240  21.273  -49.258  0.253 0.2000000030
26254  20.901  -49.822  -0.415 0.3000000119
116428  20.279  -48.551  1.010 0.2000000030
27061  19.495  -48.402  1.003 0.2000000030
27914  18.624  -47.501  1.280 0.1000000015
27913  19.339  -47.745  1.521 0.1000000015
27104  18.340  -48.795  -0.530 0.6000000238
28843  18.247  -46.438  2.551 0.1000000015
27105  17.809  -48.548  -0.266 0.5000000000
27929  17.315  -46.908  -0.204 0.4000000060
29760  15.764  -44.819  1.216 0.2000000030
30572  14.892  -44.500  0.904 0.2000000030
27059  21.618  -48.307  1.370 0.1000000015
27912  20.134  -47.967  1.594 0.1000000015
28845  17.014  -45.946  3.226 0.1000000015
110418  18.153  -48.169  -0.798 0.6999999881
27951  17.732  -47.694  -0.702 0.4000000060
28878  16.951  -45.908  0.173 0.3000000119
29777  15.768  -44.706  0.287 0.2000000030
123336  19.597  -47.081  2.994 0.1000000015
27963  19.548  -47.598  -2.396 0.8999999762
27964  18.947  -47.202  -1.918 0.6000000238
28908  18.413  -46.429  -1.991 0.5000000000
28909  17.263  -45.976  -1.856 0.4000000060
29804  16.525  -45.790  -1.498 0.4000000060
117688  19.016  -47.071  2.255 0.1000000015
28828  17.697  -46.312  3.513 0.1000000015
28897  18.275  -47.420  -1.333 0.6000000238
28898  17.580  -46.854  -1.264 0.4000000060
28899  17.003  -46.432  -1.240 0.4000000060
111935  16.240  -45.536  -0.997 0.2000000030
29805  15.997  -45.276  -1.514 0.1000000015
112829  15.002  -44.254  -0.972 0.1000000015
27940  17.297  -47.037  -0.746 0.4000000060
28891  16.785  -46.189  -0.752 0.4000000060
29792  16.347  -45.340  -0.259 0.2000000030
29793  15.727  -44.827  -0.758 0.2000000030
30592  14.367  -43.972  -0.431 0.1000000015
30591  15.074  -44.303  -0.110 0.2000000030
30573  14.331  -44.186  0.314 0.2000000030
28065  6.341  -45.966  -9.182 0.8000000119
29041  6.840  -45.923  -10.297 0.8000000119
28087  6.760  -46.931  -10.350 0.8000000119
130776  7.152  -46.719  -10.789 0.8000000119
28102  7.415  -47.536  -11.181 0.8000000119
118870  20.283  -47.579  -4.897 1.0000000000
120576  20.156  -47.627  -4.054 1.0000000000
28001  19.956  -46.798  -4.407 1.0000000000
29810  18.077  -45.518  -2.551 0.6000000238
29812  16.493  -45.362  -2.205 0.3000000119
127850  16.201  -45.435  -1.855 0.1000000015
30610  15.451  -44.690  -1.621 0.1000000015
131259  14.433  -43.848  -1.107 0.1000000015
27143  20.467  -48.330  -6.080 1.0000000000
28007  20.402  -47.533  -5.744 1.0000000000
29031  7.430  -43.945  -9.995 0.6999999881
29032  6.779  -44.661  -9.346 0.6999999881
28101  8.350  -47.423  -11.697 0.6000000238
28919  19.514  -46.321  -3.543 0.6000000238
28920  18.972  -45.821  -2.878 0.6000000238
29811  17.215  -45.330  -2.513 0.4000000060
29813  15.880  -45.098  -2.111 0.1000000015
30623  15.315  -44.482  -2.452 0.1000000015
117201  19.598  -46.040  -4.344 0.8000000119
29818  19.162  -45.602  -3.853 0.6999999881
119147  20.219  -46.775  -5.388 1.0000000000
27148  20.684  -48.385  -6.783 0.8999999762
28011  20.541  -47.536  -6.474 1.0000000000
30699  8.660  -43.358  -10.340 0.6000000238
125876  7.805  -44.825  -11.120 0.8000000119
29900  8.261  -43.595  -10.893 0.6999999881
29040  7.551  -46.247  -11.162 0.8000000119
121567  8.685  -46.196  -11.738 0.6000000238
27219  8.911  -48.216  -12.053 0.5000000000
30636  17.060  -44.539  -3.716 0.3000000119
30637  16.180  -44.511  -3.524 0.2000000030
29819  18.452  -45.210  -3.408 0.5000000000
29821  16.754  -44.862  -2.939 0.3000000119
29824  19.347  -45.512  -4.757 0.6000000238
29825  18.706  -45.052  -4.352 0.5000000000
28958  20.092  -46.057  -5.826 0.6999999881
28012  20.366  -46.739  -6.163 1.0000000000
28968  20.556  -46.713  -6.896 0.6999999881
120705  9.794  -44.960  -12.126 0.8000000119
30698  9.341  -43.450  -10.523 0.6000000238
126162  8.608  -44.814  -11.536 0.6000000238
29053  9.389  -45.533  -11.982 0.6999999881
29910  10.306  -45.005  -12.703 0.6999999881
29052  10.047  -45.896  -12.662 0.6999999881
29935  10.953  -45.062  -13.399 0.3000000119
29826  17.943  -44.667  -3.961 0.4000000060
30649  17.365  -44.302  -4.532 0.4000000060
30650  16.434  -44.221  -4.312 0.4000000060
29837  18.999  -44.955  -5.208 0.6000000238
30648  18.231  -44.532  -4.828 0.4000000060
29836  19.581  -45.478  -5.554 0.6000000238
29847  19.266  -44.900  -5.937 0.6000000238
28969  20.271  -46.009  -6.452 0.6999999881
29846  19.798  -45.453  -6.217 0.6999999881
118104  21.070  -47.048  -7.518 0.6999999881
28981  20.406  -45.933  -6.968 0.6999999881
28979  21.480  -46.951  -8.326 0.6999999881
29881  16.786  -45.911  -10.855 0.5000000000
29882  15.880  -45.833  -10.831 0.3000000119
29895  15.565  -45.127  -11.290 0.4000000060
29899  9.173  -44.245  -11.556 0.6999999881
29896  14.614  -44.916  -11.373 0.5000000000
29897  13.637  -44.887  -11.292 0.6000000238
30711  9.187  -43.476  -11.093 0.8000000119
31506  11.553  -43.136  -11.493 0.4000000060
30710  10.137  -43.716  -11.317 0.8000000119
29934  11.673  -45.167  -14.104 0.3000000119
30657  17.699  -44.091  -5.304 0.3000000119
30658  16.771  -43.921  -5.083 0.3000000119
30656  18.540  -44.444  -5.611 0.4000000060
30665  19.507  -44.863  -6.544 0.5000000000
29856  20.026  -45.401  -6.757 0.6000000238
29861  21.482  -46.069  -8.682 0.6999999881
29855  20.365  -45.383  -7.356 0.6000000238
118254  19.431  -46.071  -10.851 0.6000000238
29879  18.588  -46.087  -10.908 0.3000000119
29893  17.423  -45.228  -11.270 0.5000000000
29894  16.449  -45.219  -11.263 0.4000000060
30705  15.320  -44.448  -11.717 0.4000000060
116634  14.638  -44.242  -11.819 0.4000000060
30706  13.983  -44.316  -11.667 0.5000000000
30707  13.232  -44.123  -11.512 0.5000000000
110702  12.378  -43.606  -11.391 0.4000000060
29911  9.992  -44.116  -11.816 0.6999999881
32389  12.117  -42.678  -11.633 0.5000000000
31507  11.080  -42.946  -11.701 0.6999999881
31508  10.728  -43.285  -11.826 0.6000000238
32390  11.459  -42.519  -11.809 0.5000000000
30748  10.838  -43.435  -12.505 0.5000000000
114462  10.611  -44.169  -12.625 0.6000000238
30747  11.257  -44.071  -13.388 0.5000000000
117220  15.103  -43.793  -4.442 0.2000000030
30659  15.744  -43.817  -4.896 0.2000000030
31461  16.189  -43.553  -5.692 0.1000000015
31469  15.695  -43.098  -6.260 0.1000000015
30666  18.852  -44.355  -6.291 0.4000000060
30667  18.070  -43.927  -6.009 0.4000000060
31460  17.169  -43.656  -5.800 0.3000000119
31468  16.638  -43.204  -6.325 0.2000000030
30672  19.807  -44.764  -7.127 0.5000000000
30673  19.156  -44.240  -6.903 0.5000000000
29862  20.961  -45.370  -8.099 0.6999999881
30677  21.496  -45.220  -8.979 0.6999999881
30678  21.079  -44.702  -8.483 0.6000000238
30685  21.588  -44.953  -9.759 0.8000000119
29876  21.444  -45.532  -10.176 0.6999999881
29877  20.895  -45.181  -10.639 0.6000000238
30694  20.180  -44.957  -11.044 0.5000000000
29891  19.202  -45.251  -11.191 0.6000000238
30703  18.285  -44.806  -11.413 0.4000000060
128773  17.654  -44.489  -11.572 0.5000000000
30704  16.109  -44.564  -11.643 0.5000000000
129287  15.819  -44.024  -11.980 0.5000000000
31504  14.115  -43.657  -12.017 0.4000000060
31505  13.128  -43.256  -11.734 0.5000000000
31518  15.970  -43.321  -12.262 0.5000000000
31503  15.100  -43.738  -12.145 0.5000000000
31519  14.572  -43.145  -12.294 0.5000000000
31520  13.770  -42.774  -12.206 0.5000000000
31521  12.729  -42.217  -11.932 0.5000000000
32409  11.891  -41.882  -11.979 0.4000000060
32433  11.485  -42.278  -12.723 0.5000000000
31545  11.249  -43.008  -13.005 0.5000000000
31560  11.828  -43.402  -13.800 0.4000000060
32448  12.278  -42.694  -14.189 0.4000000060
31574  12.949  -43.028  -14.903 0.2000000030
31467  17.577  -43.388  -6.457 0.2000000030
31466  18.425  -43.740  -6.665 0.3000000119
31477  17.108  -42.778  -6.872 0.2000000030
32352  16.185  -42.633  -6.764 0.2000000030
31475  18.827  -43.514  -7.248 0.3000000119
31476  17.996  -43.095  -7.070 0.3000000119
32358  15.794  -42.036  -7.178 0.1000000015
30679  20.373  -44.556  -7.843 0.6000000238
31474  19.605  -43.982  -7.459 0.4000000060
30692  21.337  -44.632  -10.285 0.5000000000
30693  20.675  -44.270  -10.801 0.5000000000
128362  18.949  -44.401  -11.444 0.4000000060
31500  18.280  -43.941  -11.683 0.5000000000
31501  17.361  -43.906  -11.852 0.5000000000
31502  16.529  -43.951  -11.946 0.5000000000
31517  16.930  -43.237  -12.112 0.6000000238
122494  15.190  -43.044  -12.379 0.5000000000
32408  14.606  -42.393  -12.533 0.5000000000
110030  13.472  -41.827  -12.367 0.5000000000
33373  12.477  -41.444  -12.272 0.3000000119
33374  12.012  -41.373  -12.417 0.4000000060
33394  11.821  -41.779  -13.227 0.4000000060
32449  11.701  -42.513  -13.429 0.3000000119
112561  12.548  -43.761  -14.537 0.2000000030
33409  12.262  -41.788  -14.046 0.3000000119
32463  12.716  -42.271  -14.708 0.2000000030
32462  13.335  -42.311  -15.325 0.2000000030
33321  17.616  -42.273  -7.442 0.2000000030
32357  16.648  -42.165  -7.245 0.1000000015
33322  16.261  -41.569  -7.566 0.1000000015
32355  19.379  -43.144  -7.754 0.3000000119
32356  18.548  -42.737  -7.535 0.3000000119
126268  16.994  -41.686  -7.622 0.1000000015
31481  20.900  -43.981  -8.562 0.5000000000
31482  20.181  -43.580  -8.093 0.5000000000
33337  17.748  -41.376  -7.944 0.1000000015
30686  21.413  -44.418  -9.170 0.5000000000
32368  20.800  -43.112  -8.772 0.4000000060
32369  20.066  -42.650  -8.321 0.4000000060
31490  21.513  -44.123  -9.863 0.4000000060
31491  21.291  -43.626  -9.309 0.4000000060
32379  21.390  -43.447  -9.911 0.4000000060
30702  19.753  -44.356  -11.272 0.5000000000
31499  19.248  -43.617  -11.480 0.5000000000
31516  17.804  -43.185  -11.922 0.5000000000
32406  16.497  -42.560  -12.404 0.4000000060
120899  16.080  -42.010  -12.654 0.4000000060
32407  15.618  -42.538  -12.528 0.5000000000
33372  14.251  -41.417  -12.711 0.4000000060
34388  13.108  -40.872  -12.546 0.3000000119
34389  12.328  -40.911  -12.686 0.3000000119
33393  12.041  -41.257  -12.916 0.3000000119
130316  12.004  -42.171  -13.704 0.3000000119
131275  13.149  -40.346  -12.742 0.3000000119
34409  12.342  -40.669  -13.370 0.3000000119
123929  12.128  -41.250  -13.502 0.3000000119
33431  12.818  -41.594  -14.805 0.2000000030
33430  13.455  -41.520  -15.618 0.2000000030
32371  18.390  -42.020  -7.770 0.3000000119
33338  16.745  -41.081  -7.954 0.1000000015
33336  18.854  -41.441  -8.150 0.4000000060
34352  17.326  -40.497  -8.339 0.1000000015
33335  19.914  -41.656  -8.550 0.4000000060
34351  18.384  -40.632  -8.408 0.2000000030
32380  21.184  -42.871  -9.559 0.4000000060
112296  21.094  -42.152  -9.957 0.4000000060
32383  21.124  -42.949  -10.243 0.5000000000
31496  20.783  -43.476  -10.670 0.5000000000
32386  20.513  -42.861  -10.842 0.5000000000
32387  19.765  -42.914  -11.313 0.5000000000
130022  19.201  -43.003  -11.536 0.5000000000
32388  19.203  -42.387  -11.625 0.5000000000
32404  18.268  -42.446  -11.975 0.5000000000
32405  17.386  -42.488  -12.213 0.5000000000
33369  16.911  -41.732  -12.570 0.4000000060
33370  15.993  -41.343  -12.883 0.3000000119
34405  15.761  -40.548  -13.187 0.3000000119
33391  14.980  -40.981  -13.014 0.3000000119
35378  12.416  -39.355  -13.135 0.3000000119
34424  12.419  -40.364  -13.960 0.3000000119
114659  12.352  -41.019  -14.085 0.3000000119
34445  12.856  -40.699  -14.766 0.2000000030
33334  20.692  -42.184  -9.095 0.4000000060
34350  19.416  -40.771  -8.652 0.2000000030
131156  20.435  -41.550  -9.085 0.4000000060
33344  20.251  -40.901  -9.226 0.4000000060
34361  19.024  -39.949  -8.920 0.2000000030
33347  20.720  -41.493  -10.475 0.4000000060
112235  20.647  -40.764  -10.051 0.4000000060
119465  20.815  -42.271  -10.507 0.4000000060
122125  20.217  -42.057  -11.117 0.4000000060
33350  19.554  -41.466  -11.535 0.4000000060
33351  18.703  -41.701  -11.935 0.4000000060
33368  17.879  -41.772  -12.265 0.4000000060
118658  17.661  -41.034  -12.535 0.4000000060
34387  16.767  -40.842  -12.899 0.3000000119
35379  12.427  -39.828  -13.558 0.3000000119
124809  12.256  -39.131  -14.308 0.1000000015
34423  12.437  -39.778  -14.138 0.1000000015
34444  12.962  -39.900  -14.923 0.2000000030
34360  19.814  -40.176  -9.203 0.2000000030
34359  20.343  -40.049  -9.823 0.3000000119
128085  20.518  -40.739  -10.665 0.4000000060
33349  20.289  -41.099  -11.102 0.4000000060
113862  19.821  -40.631  -11.484 0.4000000060
34367  19.023  -40.912  -11.866 0.3000000119
129222  18.341  -41.172  -12.204 0.3000000119
34385  18.486  -40.376  -12.337 0.3000000119
112824  18.241  -39.622  -12.596 0.3000000119
35336  19.735  -39.347  -9.695 0.2000000030
34363  20.470  -40.100  -10.552 0.3000000119
34365  20.354  -40.296  -11.076 0.4000000060
35342  20.218  -39.376  -10.478 0.2000000030
35344  20.274  -39.563  -11.045 0.3000000119
131129  20.041  -39.947  -11.407 0.3000000119
34366  19.410  -40.106  -11.847 0.3000000119
35345  19.767  -39.350  -11.559 0.3000000119
34384  19.027  -39.463  -12.164 0.3000000119
36234  19.328  -38.615  -11.791 0.2000000030
35359  18.514  -38.805  -12.458 0.2000000030
113448  8.600  -89.154  -9.164 1.0000000000
109832  2.303  -77.938  -8.474 0.4000000060
4895  2.309  -77.127  -8.536 0.3000000119
119807  2.252  -76.780  -7.734 0.5000000000
5418  2.270  -75.977  -7.918 0.4000000060
5986  2.566  -75.596  -6.342 0.4000000060
4349  3.317  -78.578  -5.883 0.6999999881
5985  3.035  -75.444  -5.473 0.4000000060
4332  3.484  -78.059  -5.161 0.8000000119
5379  3.536  -76.576  -4.787 0.6000000238
4018  18.707  -79.343  -23.335 0.8999999762
4498  18.119  -78.006  -21.713 0.8999999762
4509  17.000  -78.008  -22.869 0.8999999762
5577  15.896  -76.619  -20.745 0.8000000119
2989  18.804  -81.412  -24.921 0.8000000119
3517  18.648  -80.587  -24.502 0.8999999762
2518  20.222  -82.079  -25.232 0.8000000119
5563  14.496  -75.632  -20.647 0.8999999762
3014  19.916  -81.864  -27.283 0.8999999762
5070  25.008  -77.864  -25.450 0.6999999881
5065  22.298  -77.189  -26.269 0.8000000119
4577  25.284  -78.626  -27.358 0.8000000119
5062  25.168  -77.056  -25.034 0.6000000238
5629  23.454  -76.391  -24.480 0.6000000238
5087  24.274  -78.229  -28.437 0.8000000119
127798  23.440  -77.729  -28.881 0.8000000119
5063  24.355  -77.164  -24.795 0.6999999881
15448  3.018  -62.050  -12.037 1.0000000000
16212  3.171  -61.773  -9.898 1.0000000000
119984  1.653  -63.901  -8.958 0.5000000000
15418  1.575  -62.187  -8.390 0.8999999762
16200  1.924  -61.786  -8.795 1.0000000000
15417  3.450  -62.023  -8.782 0.8999999762
16179  3.111  -61.692  -8.324 1.0000000000
15408  3.408  -62.022  -7.849 0.8999999762
22972  6.148  -53.055  -2.431 0.5000000000
433  12.165  -89.297  -16.332 0.8000000119
666  13.088  -89.007  -18.348 0.6999999881
128391  13.429  -89.987  -18.564 0.8000000119
410  13.855  -87.748  -13.328 1.0000000000
634  13.966  -86.607  -14.636 1.0000000000
914  13.710  -86.487  -15.906 1.0000000000
408  15.585  -88.321  -13.335 0.8999999762
642  14.680  -86.680  -15.796 0.8999999762
131178  14.306  -88.683  -18.650 0.8999999762
180  13.745  -90.376  -19.715 0.4000000060
312  17.426  -89.342  -20.908 0.3000000119
311  18.325  -89.053  -20.701 0.2000000030
454  20.565  -88.078  -19.432 0.2000000030
681  18.886  -87.898  -20.446 0.2000000030
402  14.451  -88.851  -12.425 1.0000000000
108553  13.715  -86.214  -14.512 0.8999999762
257  16.223  -90.149  -12.382 1.0000000000
113  16.460  -90.461  -11.992 1.0000000000
269  16.334  -89.255  -12.994 0.8999999762
112  17.229  -90.413  -12.552 0.8999999762
407  17.134  -88.562  -13.706 0.8999999762
268  17.592  -89.094  -14.252 0.8999999762
112677  16.469  -87.366  -15.712 0.8999999762
425  17.129  -88.262  -15.673 0.8999999762
923  14.907  -86.881  -16.633 0.8999999762
656  14.839  -87.295  -17.498 0.8999999762
30  17.966  -90.523  -13.268 0.8999999762
33  18.285  -90.626  -14.254 0.8999999762
120887  17.623  -89.903  -14.778 0.8999999762
280  17.427  -89.259  -15.233 0.8999999762
655  15.477  -87.897  -17.827 0.8999999762
448  15.062  -88.616  -18.413 0.8999999762
131257  19.214  -91.039  -15.015 0.8000000119
36  18.189  -90.794  -15.156 0.8999999762
37  17.667  -90.643  -15.763 0.8000000119
147  16.684  -90.328  -16.667 0.6999999881
146  17.157  -90.618  -16.332 0.6999999881
293  15.740  -90.046  -17.673 0.6999999881
440  15.722  -88.925  -17.792 0.8999999762
39  18.783  -90.962  -16.278 0.8000000119
137  19.323  -90.859  -15.670 0.8000000119
40  18.132  -91.003  -16.821 0.8000000119
44  17.397  -91.090  -17.348 0.6999999881
162  15.959  -90.953  -17.951 0.6000000238
50  15.424  -90.826  -18.548 0.5000000000
55  14.191  -90.676  -19.405 0.5000000000
278  20.904  -88.921  -15.710 0.6000000238
130  19.746  -90.769  -14.969 0.8000000119
143  19.878  -89.896  -16.561 0.6999999881
151  19.487  -90.171  -17.341 0.6000000238
47  17.854  -91.071  -18.115 0.6999999881
124088  16.455  -91.145  -18.127 0.5000000000
161  17.706  -90.855  -18.727 0.5000000000
52  16.465  -90.952  -19.338 0.4000000060
58  14.577  -90.792  -20.025 0.3000000119
291  19.668  -89.828  -18.108 0.6000000238
170  17.356  -90.598  -19.432 0.4000000060
171  16.833  -90.387  -20.083 0.3000000119
290  20.196  -89.292  -18.089 0.5000000000
297  19.787  -89.410  -18.707 0.5000000000
116864  20.130  -88.783  -19.055 0.4000000060
922  23.777  -86.522  -16.845 0.5000000000
446  20.664  -88.359  -18.785 0.3000000119
1549  12.175  -84.547  -13.809 1.0000000000
127633  12.111  -86.724  -10.083 0.6999999881
96  13.735  -90.637  -10.629 0.8999999762
87  13.357  -90.864  -9.869 0.8999999762
1177  13.638  -85.684  -12.194 0.8000000119
20  15.224  -90.593  -10.905 0.8999999762
116348  17.260  -90.401  -11.912 1.0000000000
28  19.131  -90.899  -13.350 0.8999999762
27  19.752  -90.831  -13.628 0.8999999762
120  20.966  -89.875  -13.108 0.8999999762
129  20.118  -90.639  -14.161 0.8000000119
267  21.565  -89.385  -13.338 0.8999999762
277  21.544  -88.739  -14.890 0.6000000238
912  24.855  -86.381  -15.850 0.5000000000
376  8.274  -89.233  -8.478 0.8999999762
226  7.782  -89.607  -8.420 0.8999999762
220  6.278  -89.318  -8.441 0.6999999881
219  6.814  -89.349  -7.779 0.8999999762
125568  12.718  -90.728  -8.841 0.8000000119
225  11.883  -89.954  -8.085 0.6999999881
19  16.349  -90.363  -11.569 0.8999999762
13  16.356  -90.317  -11.044 0.8999999762
125764  20.862  -89.589  -11.989 0.8000000119
919  25.569  -86.021  -15.852 0.5000000000
584  8.177  -87.188  -7.717 1.0000000000
263  6.787  -89.087  -12.243 0.3000000119
393  5.090  -87.386  -10.803 0.4000000060
2366  11.602  -82.363  -10.758 0.8999999762
76  13.103  -90.426  -7.894 0.8000000119
86  16.339  -90.062  -9.698 0.8000000119
248  20.677  -89.132  -11.384 0.8000000119
247  22.418  -88.627  -11.324 0.8000000119
125167  26.832  -83.486  -18.208 0.5000000000
2016  28.080  -82.971  -19.350 0.5000000000
2447  29.415  -82.396  -17.100 0.5000000000
2468  28.181  -82.675  -19.045 0.5000000000
2033  27.798  -82.995  -20.616 0.4000000060
117508  4.015  -84.913  -8.789 0.8000000119
73  15.389  -90.024  -8.210 0.8000000119
84  17.670  -89.153  -9.804 0.8000000119
113300  2.393  -77.898  -16.213 0.5000000000
3435  28.977  -80.341  -18.130 0.5000000000
221  17.290  -88.917  -9.548 0.8000000119
388  20.565  -87.964  -10.507 0.8000000119
860  25.483  -86.663  -10.601 1.0000000000
874  27.475  -85.911  -10.706 0.8999999762
873  28.130  -85.538  -10.861 0.8999999762
6744  3.575  -74.780  -18.164 0.6999999881
6132  2.707  -75.949  -17.687 0.6999999881
1527  30.597  -84.034  -11.554 0.8999999762
1968  30.469  -83.553  -14.834 0.8999999762
1959  31.585  -83.336  -12.825 0.8999999762
2384  32.415  -82.142  -12.463 0.8999999762
125177  3.814  -72.888  -18.896 0.8000000119
2370  30.420  -83.406  -11.264 0.8999999762
2385  31.996  -82.193  -11.975 0.8000000119
3440  4.059  -80.465  -19.116 0.8999999762
109223  32.575  -80.625  -17.817 0.6000000238
2896  32.864  -81.453  -15.955 0.6999999881
4350  2.745  -78.917  -7.193 0.6000000238
128091  21.911  -86.049  -11.661 0.8999999762
2849  31.857  -81.839  -12.032 0.8000000119
3365  32.366  -81.049  -12.642 0.8000000119
3471  31.463  -80.388  -21.585 0.8999999762
3472  30.622  -80.578  -21.794 0.8000000119
3422  34.104  -80.181  -17.271 0.6000000238
3421  34.601  -79.587  -16.589 0.6000000238
3900  33.384  -79.682  -14.105 0.6000000238
3887  33.548  -80.315  -13.788 0.6999999881
3458  29.945  -80.303  -21.227 0.6999999881
9450  5.376  -70.129  -17.760 1.0000000000
3950  5.325  -80.037  -17.694 0.8999999762
4003  32.442  -79.803  -22.045 0.8000000119
4430  34.499  -78.985  -15.746 0.6000000238
4432  32.650  -78.663  -15.128 0.5000000000
2963  3.671  -81.662  -22.355 0.6999999881
4883  2.318  -77.612  -7.659 0.5000000000
4519  32.769  -78.932  -23.454 0.8000000119
3991  32.510  -79.383  -21.224 0.8000000119
5010  33.301  -77.877  -20.032 0.6999999881
130268  29.788  -80.944  -23.926 1.0000000000
4869  2.976  -77.706  -5.971 0.6999999881
4870  2.474  -77.259  -6.822 0.6000000238
6014  2.565  -75.398  -7.980 0.2000000030
6624  3.490  -74.547  -8.033 0.2000000030
6022  3.869  -75.433  -8.660 0.1000000015
4546  32.475  -78.817  -25.756 0.6999999881
2514  5.391  -82.530  -23.427 0.6000000238
3509  8.044  -81.053  -22.747 0.8999999762
4860  2.693  -76.842  -6.092 0.6999999881
5385  2.989  -76.271  -5.564 0.4000000060
113426  3.163  -70.489  -16.095 0.6999999881
130494  33.060  -78.401  -23.841 0.6999999881
127973  26.172  -81.278  -28.203 0.6999999881
10839  7.060  -67.936  -16.279 0.8999999762
12966  6.048  -65.168  -15.765 0.8999999762
5059  32.868  -77.647  -24.886 0.6000000238
5074  28.824  -78.544  -27.704 0.8000000119
4023  5.482  -79.981  -23.194 0.8999999762
117870  7.030  -76.501  -15.368 0.8000000119
5075  28.187  -78.229  -26.994 0.6999999881
2547  23.192  -82.276  -28.943 0.4000000060
117279  9.592  -67.735  -15.281 0.6999999881
12194  9.583  -66.818  -14.803 0.6000000238
11496  10.292  -67.445  -15.073 0.5000000000
120800  5.466  -63.894  -15.272 1.0000000000
5512  7.547  -75.894  -15.030 0.8000000119
3986  20.673  -79.254  -20.540 0.8000000119
3999  19.448  -79.194  -21.281 0.8999999762
5076  27.548  -77.905  -26.645 0.6999999881
4559  25.676  -78.372  -26.383 0.8000000119
131057  22.280  -76.002  -24.755 0.6000000238
4507  18.512  -78.767  -22.767 0.8999999762
5040  16.115  -77.734  -22.688 0.8000000119
5071  23.866  -77.638  -25.678 0.8000000119
127537  23.175  -77.640  -26.816 0.8000000119
5064  23.336  -77.075  -25.085 0.6999999881
5072  19.707  -77.073  -27.122 0.6999999881
5060  19.783  -77.379  -25.121 0.6999999881
4017  19.479  -80.163  -22.725 0.8000000119
4523  17.374  -78.326  -23.775 0.8999999762
4537  16.783  -78.268  -24.511 0.8999999762
5053  15.366  -77.837  -23.269 0.8999999762
120687  11.899  -78.626  -24.931 0.8999999762
4527  13.901  -78.243  -24.059 0.8999999762
4542  11.357  -78.743  -24.473 0.8999999762
4510  12.123  -78.100  -23.156 1.0000000000
4538  16.238  -78.348  -25.213 0.8000000119
4568  10.725  -78.956  -26.410 0.6999999881
4019  9.949  -79.551  -23.457 1.0000000000
4600  24.626  -78.570  -29.743 0.8999999762
2988  20.327  -81.886  -24.341 0.8000000119
3002  19.503  -81.866  -24.915 0.8000000119
4036  18.171  -79.657  -25.269 0.8999999762
4549  16.545  -78.586  -26.076 0.8999999762
4561  17.227  -78.824  -26.250 0.8999999762
4565  14.058  -78.515  -26.444 0.8999999762
4564  15.075  -78.547  -26.778 0.8999999762
121358  18.940  -81.215  -29.527 0.6000000238
4848  3.566  -77.395  -4.531 0.8999999762
12943  10.353  -65.538  -13.475 0.4000000060
116572  10.938  -67.277  -14.887 0.4000000060
13760  9.260  -64.772  -12.133 0.6000000238
13775  7.295  -64.594  -13.692 0.8999999762
10829  10.953  -68.083  -15.277 0.4000000060
13794  3.732  -64.095  -14.761 1.0000000000
6165  5.708  -75.230  -21.175 0.5000000000
110662  19.730  -76.902  -24.476 0.6999999881
5051  21.336  -78.254  -22.541 0.6000000238
5043  13.743  -77.531  -22.578 0.8000000119
5042  14.602  -77.576  -22.532 0.8000000119
5568  5.437  -76.682  -20.984 0.6999999881
5055  13.560  -77.941  -23.375 0.8999999762
5056  12.873  -77.745  -22.883 1.0000000000
5044  12.150  -77.476  -22.146 1.0000000000
111939  10.904  -78.535  -22.401 1.0000000000
4034  21.362  -79.668  -26.178 0.8000000119
5079  22.031  -77.327  -27.692 0.8000000119
2987  20.983  -81.827  -24.814 0.6999999881
3000  21.432  -81.373  -25.501 0.8000000119
2528  19.407  -82.007  -25.705 0.8999999762
4514  7.798  -78.611  -22.112 0.8000000119
12915  12.851  -65.384  -11.559 0.2000000030
9397  11.082  -71.022  -14.563 0.4000000060
117126  7.868  -75.029  -17.462 0.6000000238
5038  20.521  -77.410  -22.717 0.6000000238
4520  21.459  -78.655  -23.288 0.6999999881
4061  21.636  -79.061  -28.721 0.8000000119
112680  21.774  -80.785  -26.334 0.8000000119
3001  20.868  -81.837  -25.769 0.8999999762
2527  20.083  -82.055  -26.140 0.8000000119
117986  7.177  -78.001  -22.289 0.8000000119
124420  22.038  -80.029  -28.765 0.6999999881
5346  4.568  -76.038  -2.905 0.8000000119
6625  3.225  -74.407  -7.623 0.2000000030
6623  3.988  -74.383  -8.193 0.2000000030
111507  3.486  -73.610  -5.574 0.3000000119
131101  10.170  -64.810  -11.106 0.3000000119
13733  8.900  -64.761  -10.837 0.6000000238
13734  7.817  -64.914  -10.170 0.8999999762
14584  4.978  -63.577  -11.471 0.8999999762
15445  4.415  -62.686  -13.008 1.0000000000
13737  2.431  -63.954  -11.624 0.8999999762
5925  4.277  -75.929  -1.119 0.8999999762
5945  5.751  -75.039  -2.489 0.8000000119
13730  12.103  -65.283  -10.465 0.2000000030
120039  4.172  -62.090  -11.516 1.0000000000
16228  3.528  -61.869  -11.369 1.0000000000
15439  2.675  -62.201  -11.312 1.0000000000
111157  8.211  -71.223  -18.442 0.4000000060
15431  1.925  -62.151  -9.850 0.8999999762
5936  6.311  -75.153  -1.241 0.8000000119
14576  4.389  -63.415  -10.727 0.8999999762
16214  2.183  -61.828  -9.353 1.0000000000
16221  2.586  -61.850  -10.097 1.0000000000
121103  5.507  -75.509  0.906 0.8999999762
5922  6.939  -74.918  -0.075 0.8000000119
5911  6.404  -75.285  0.372 0.8000000119
123892  9.703  -65.085  -8.157 0.4000000060
16213  2.719  -61.729  -9.455 1.0000000000
13680  5.330  -65.112  -7.514 0.8999999762
111983  4.234  -63.722  -8.648 0.8999999762
7157  7.067  -73.895  0.385 0.8999999762
13681  4.734  -63.945  -6.467 0.8999999762
8482  3.118  -71.551  -1.128 0.4000000060
14538  7.794  -63.890  -5.656 0.6999999881
13664  5.389  -64.712  -6.552 0.8999999762
14537  8.608  -63.560  -5.836 0.4000000060
14523  6.697  -63.340  -5.511 0.6999999881
15378  7.111  -62.807  -5.699 0.6999999881
130369  7.326  -60.964  -7.325 0.5000000000
16164  6.930  -61.907  -6.615 0.6999999881
14524  6.026  -63.354  -5.474 0.8999999762
14525  5.387  -63.020  -5.507 0.8999999762
14540  4.698  -63.208  -5.801 0.8999999762
16178  5.930  -60.840  -6.553 0.6999999881
16931  4.051  -60.815  -5.933 0.8999999762
17692  4.763  -59.296  -7.223 0.8999999762
121692  1.630  -64.143  -7.704 0.5000000000
13682  1.908  -64.693  -8.296 0.3000000119
17688  4.146  -59.347  -6.631 0.8999999762
13683  1.529  -64.016  -6.892 0.3000000119
9926  3.181  -68.905  4.251 0.8999999762
10621  2.991  -67.834  3.200 0.8999999762
11323  2.899  -67.537  1.977 0.5000000000
11301  2.860  -66.801  3.978 0.8000000119
11972  3.714  -65.854  5.799 0.8999999762
12772  2.497  -65.706  2.488 0.6000000238
22997  2.842  -53.823  -4.597 0.8000000119
22996  3.126  -53.728  -4.100 0.6999999881
20215  2.195  -56.464  -3.540 0.4000000060
23008  3.691  -53.074  -4.082 0.6000000238
16070  3.257  -61.284  2.644 0.8000000119
16835  2.642  -60.774  2.024 0.6000000238
23025  5.488  -52.463  -5.240 0.4000000060
22144  5.570  -53.503  -5.359 0.4000000060
126564  3.882  -50.713  -5.356 0.6000000238
17587  5.000  -59.694  2.058 0.8000000119
23801  6.329  -53.025  -3.149 0.4000000060
108378  9.776  -52.086  -2.110 0.6999999881
23774  9.834  -52.844  -0.646 0.6000000238
109221  12.357  -52.757  0.344 0.8000000119
22947  9.442  -53.175  -0.141 0.6000000238
22931  10.004  -53.327  0.701 0.8000000119
114765  13.034  -51.859  -3.532 0.8000000119
23808  12.233  -51.813  -3.268 0.8000000119
22980  14.077  -53.170  -3.144 0.8999999762
23807  13.836  -52.202  -3.621 0.8999999762
130755  12.712  -52.387  -2.818 0.8999999762
23796  12.174  -52.343  -2.368 0.8999999762
126192  14.593  -53.453  -1.385 0.8000000119
22090  15.343  -54.224  -2.913 0.8000000119
22110  16.169  -54.081  -4.047 0.8999999762
23806  14.462  -52.641  -3.716 0.8999999762
23822  14.652  -51.385  -4.257 0.8000000119
22989  16.560  -53.297  -4.447 0.8000000119
23821  15.597  -51.559  -4.457 0.8000000119
111733  18.800  -52.853  -4.646 0.8999999762
23820  16.405  -51.871  -4.591 0.8000000119
22109  16.883  -54.290  -4.306 0.8000000119
22987  18.204  -53.765  -4.600 0.8000000119
125468  16.597  -54.647  -3.850 0.6999999881
22098  16.060  -54.493  -3.376 0.8000000119
26367  5.395  -48.612  -8.774 1.0000000000
110987  17.665  -54.513  -4.386 0.6999999881
23803  21.314  -52.717  -3.844 0.3000000119
23804  20.597  -52.557  -4.212 0.6999999881
23805  20.256  -51.828  -4.340 0.8000000119
24645  20.899  -51.177  -3.395 0.6999999881
24644  21.407  -51.818  -3.390 0.4000000060
126552  19.819  -52.967  -4.500 0.8000000119
25469  20.095  -49.768  -0.945 0.6000000238
26242  18.867  -49.277  0.186 0.3000000119
25482  21.124  -50.423  -1.648 0.4000000060
125295  20.939  -50.602  -2.495 0.6999999881
25483  20.606  -50.113  -1.660 0.6000000238
124032  20.441  -49.529  -0.009 0.4000000060
127190  20.384  -49.102  0.461 0.2000000030
28858  18.406  -46.790  1.717 0.1000000015
28844  17.475  -45.927  2.624 0.1000000015
30562  13.587  -44.687  1.009 0.1000000015
27079  21.081  -48.686  0.928 0.1000000015
27939  17.543  -47.860  -0.255 0.4000000060
27983  19.804  -47.190  -3.359 0.6999999881
28907  19.283  -46.692  -2.624 0.6999999881
130260  7.174  -45.067  -10.480 0.8000000119
29820  17.629  -44.914  -3.117 0.4000000060
29822  15.974  -44.819  -2.767 0.1000000015
28018  20.841  -47.650  -7.148 1.0000000000
28939  19.852  -46.088  -5.079 0.6999999881
28980  20.904  -46.208  -7.631 0.6999999881
30709  10.891  -43.517  -11.315 0.6999999881
30723  10.445  -43.654  -12.012 0.5000000000
30761  12.096  -44.459  -14.233 0.4000000060
29892  18.225  -45.495  -11.168 0.4000000060
130872  13.620  -43.864  -11.754 0.5000000000
31522  11.151  -42.773  -12.205 0.6000000238
32410  11.557  -42.219  -12.214 0.5000000000
117321  16.923  -44.561  -11.595 0.5000000000
33375  11.793  -41.753  -12.529 0.4000000060
31495  21.235  -43.796  -10.295 0.5000000000
31498  20.154  -43.576  -11.122 0.5000000000
116907  18.651  -43.097  -11.709 0.5000000000
33371  15.277  -41.805  -12.768 0.5000000000
32370  19.196  -42.275  -7.963 0.4000000060
33392  13.873  -40.576  -12.854 0.3000000119
34408  12.614  -40.196  -12.917 0.3000000119
33339  15.875  -40.960  -7.869 0.1000000015
33343  20.732  -41.489  -9.623 0.4000000060
35395  12.066  -39.036  -13.679 0.3000000119
127942  2.369  -76.444  -8.458 0.2000000030
6228  25.542  -76.028  -25.804 0.5000000000
122496  2.765  -61.903  -10.829 1.0000000000
4056  15.999  -79.057  -27.829 0.8000000119
4044  16.943  -79.149  -26.891 0.6999999881
3025  17.150  -81.281  -27.923 0.5000000000
3050  17.729  -81.749  -29.383 0.3000000119
2116  17.415  -83.508  -29.127 0.1000000015
2124  17.673  -82.723  -29.718 0.4000000060
4563  15.804  -78.759  -27.434 0.8000000119
4581  13.858  -78.423  -27.949 0.8000000119
4596  12.695  -78.836  -28.501 0.4000000060
3541  11.211  -79.772  -28.398 0.2000000030
4597  12.045  -78.771  -28.267 0.4000000060
1682  20.508  -84.554  -26.996 0.2000000030
1705  19.727  -84.188  -28.069 0.1000000015
2123  19.567  -82.737  -29.737 0.5000000000
113117  18.808  -82.240  -30.261 0.5000000000
1696  21.132  -84.166  -27.258 0.3000000119
1697  20.424  -84.153  -27.735 0.3000000119
131346  20.201  -83.801  -28.401 0.3000000119
2113  21.817  -83.202  -28.568 0.4000000060
2121  21.067  -82.945  -29.191 0.5000000000
2103  20.955  -83.653  -28.291 0.4000000060
2122  20.285  -83.177  -29.013 0.5000000000
2561  19.646  -82.073  -30.359 0.6000000238
120382  26.295  -85.422  -10.687 0.8000000119
113827  13.428  -78.399  -27.199 0.6999999881
4583  11.345  -78.847  -27.837 0.4000000060
3533  10.099  -79.789  -27.551 0.2000000030
3543  9.788  -80.854  -27.601 0.3000000119
3028  9.087  -81.760  -27.763 0.3000000119
2111  9.096  -83.280  -27.286 0.3000000119
2100  7.977  -83.359  -26.507 0.3000000119
1678  7.813  -84.655  -25.291 0.2000000030
1683  19.775  -84.773  -26.842 0.1000000015
2549  21.700  -82.686  -29.405 0.5000000000
2559  21.172  -82.365  -29.989 0.6000000238
590  16.550  -87.157  -9.142 0.6999999881
589  17.071  -87.866  -9.420 0.6999999881
1148  17.373  -85.991  -9.178 0.6000000238
603  17.264  -87.163  -9.836 0.6999999881
854  17.193  -86.512  -9.533 0.6999999881
868  17.645  -86.440  -10.266 0.6999999881
1172  25.509  -85.435  -10.788 0.8000000119
1516  26.883  -84.963  -10.766 0.8000000119
1530  26.462  -84.178  -11.669 0.8000000119
4553  12.234  -78.496  -25.794 0.6999999881
4567  11.461  -78.602  -26.824 0.6000000238
4566  12.478  -78.402  -26.989 0.6999999881
4584  10.668  -79.101  -27.299 0.6000000238
125840  7.874  -82.422  -26.518 0.4000000060
1694  7.403  -83.729  -25.697 0.2000000030
1669  7.402  -85.111  -24.745 0.2000000030
2094  6.827  -84.083  -25.199 0.2000000030
1308  6.928  -85.394  -24.241 0.2000000030
1293  6.838  -85.717  -23.479 0.1000000015
1280  6.368  -85.695  -22.411 0.1000000015
581  16.008  -87.525  -8.389 0.6999999881
1147  17.945  -85.302  -9.046 0.5000000000
1141  17.550  -85.844  -8.391 0.6000000238
843  16.992  -86.382  -7.767 0.6999999881
848  16.884  -86.418  -8.803 0.6999999881
602  18.217  -87.269  -10.411 0.6999999881
1155  17.579  -85.835  -9.824 0.6000000238
867  18.276  -86.373  -11.058 0.6999999881
866  18.952  -86.900  -11.168 0.8000000119
1146  19.221  -84.839  -7.928 0.4000000060
1140  18.374  -85.293  -7.947 0.4000000060
128069  18.639  -84.800  -8.557 0.4000000060
1154  18.068  -85.253  -9.917 0.6000000238
113349  18.570  -85.525  -11.440 0.6000000238
1175  22.687  -85.748  -11.451 0.8000000119
1518  24.994  -84.811  -11.430 0.8000000119
1517  25.938  -84.848  -11.133 0.8000000119
1531  25.436  -84.244  -11.978 0.6999999881
1916  28.565  -84.004  -10.953 0.8000000119
1529  27.692  -84.342  -11.073 0.6999999881
1930  27.144  -83.635  -12.072 0.6999999881
1915  29.227  -83.954  -10.813 0.8000000119
1947  26.811  -83.091  -12.995 0.6999999881
116175  26.053  -83.116  -13.268 0.5000000000
2399  27.318  -82.659  -13.491 0.5000000000
4045  10.112  -79.496  -26.646 0.6000000238
116349  9.246  -80.500  -25.824 0.5000000000
114127  9.120  -81.089  -27.088 0.3000000119
1307  7.576  -85.638  -24.148 0.2000000030
3006  7.569  -82.405  -25.333 0.4000000060
3534  8.839  -80.991  -26.229 0.5000000000
2530  6.931  -83.591  -25.209 0.3000000119
115834  7.376  -85.751  -21.733 0.1000000015
2524  6.914  -83.198  -24.537 0.3000000119
1659  6.253  -85.142  -23.906 0.2000000030
1294  5.862  -85.361  -23.042 0.1000000015
1661  4.911  -83.919  -23.062 0.3000000119
2090  6.480  -83.816  -24.483 0.3000000119
842  17.891  -85.903  -7.574 0.4000000060
127849  16.321  -86.828  -8.390 0.6999999881
575  15.601  -87.918  -7.708 0.6999999881
1129  19.647  -85.731  -6.653 0.4000000060
118784  19.163  -85.278  -7.354 0.4000000060
836  16.922  -86.730  -6.890 0.6999999881
890  19.635  -86.173  -12.458 0.6000000238
879  19.605  -86.712  -11.796 0.6000000238
889  20.451  -86.444  -12.262 0.6999999881
1138  21.182  -85.386  -7.181 0.3000000119
1139  20.077  -85.192  -7.339 0.3000000119
1506  18.463  -84.948  -10.542 0.6000000238
891  19.151  -85.597  -12.306 0.6000000238
1187  20.221  -85.931  -12.840 0.6000000238
1176  21.294  -86.158  -12.230 0.6999999881
1184  23.048  -85.062  -12.111 0.6999999881
1543  23.473  -84.334  -12.834 0.5000000000
1476  19.936  -84.613  -8.021 0.4000000060
1489  19.363  -84.371  -8.569 0.3000000119
1498  18.691  -84.586  -9.445 0.4000000060
113182  18.798  -84.695  -11.178 0.4000000060
114249  19.319  -84.138  -12.202 0.4000000060
1188  19.779  -85.515  -12.869 0.5000000000
1196  21.266  -85.133  -13.461 0.4000000060
1532  22.491  -84.752  -13.037 0.5000000000
1519  24.020  -84.829  -11.733 0.6999999881
118858  24.527  -84.267  -12.364 0.5000000000
1474  21.533  -84.979  -7.701 0.3000000119
1475  20.745  -84.771  -7.854 0.4000000060
1488  20.351  -84.127  -8.534 0.3000000119
1505  19.209  -84.143  -10.316 0.4000000060
1908  19.695  -83.478  -10.672 0.3000000119
1520  19.213  -84.102  -11.325 0.4000000060
1487  21.448  -84.358  -8.276 0.3000000119
1901  19.948  -83.496  -9.842 0.3000000119
1932  25.010  -83.784  -12.774 0.6000000238
1931  25.741  -83.648  -12.614 0.6000000238
1948  25.187  -83.207  -13.499 0.4000000060
1928  28.931  -83.549  -11.321 0.8000000119
2401  25.759  -82.725  -14.048 0.6000000238
2398  28.766  -82.509  -12.825 0.6999999881
1946  27.595  -83.128  -12.631 0.6000000238
2397  29.763  -82.309  -12.368 0.6999999881
2858  29.096  -81.941  -13.387 0.6000000238
2410  28.066  -82.218  -13.801 0.5000000000
2411  27.077  -82.273  -14.292 0.6000000238
4038  10.445  -79.376  -25.565 0.8000000119
3005  8.185  -81.688  -25.773 0.6000000238
115490  6.426  -85.691  -21.013 0.1000000015
1272  6.036  -85.626  -21.475 0.1000000015
1660  5.561  -84.548  -23.433 0.2000000030
68  14.489  -89.760  -7.083 0.6999999881
569  15.806  -87.732  -6.911 0.6999999881
124110  15.421  -88.337  -7.156 0.6999999881
360  15.159  -88.850  -6.074 0.6999999881
1130  18.669  -85.768  -7.038 0.4000000060
835  17.929  -86.370  -6.716 0.5000000000
568  16.531  -87.299  -6.524 0.6999999881
1185  21.930  -85.468  -12.582 0.6000000238
1953  19.688  -84.138  -12.966 0.4000000060
1952  20.348  -83.995  -13.447 0.4000000060
1545  21.103  -84.323  -13.792 0.4000000060
1497  19.644  -83.993  -9.296 0.3000000119
1917  19.508  -83.462  -11.544 0.3000000119
1934  19.591  -83.482  -12.413 0.3000000119
112284  21.644  -83.828  -13.902 0.4000000060
121281  22.687  -84.201  -13.464 0.5000000000
1542  24.227  -83.625  -13.359 0.4000000060
1961  24.456  -82.885  -14.072 0.4000000060
2415  23.908  -82.459  -14.596 0.4000000060
1960  25.112  -82.707  -14.228 0.4000000060
2423  25.889  -81.806  -15.092 0.4000000060
2412  26.248  -82.310  -14.555 0.4000000060
2866  28.528  -81.489  -14.209 0.6000000238
2867  27.576  -81.653  -14.582 0.5000000000
2868  26.708  -81.739  -14.897 0.4000000060
5560  17.794  -76.600  -20.705 0.6999999881
4543  10.882  -79.063  -24.839 0.8000000119
4039  9.855  -79.920  -24.941 0.6999999881
3519  8.882  -81.167  -24.697 0.8000000119
1622  6.696  -85.120  -19.757 0.1000000015
2525  6.403  -82.969  -23.599 0.4000000060
1281  5.546  -85.359  -22.084 0.1000000015
1257  6.196  -85.117  -19.913 0.1000000015
2080  4.790  -83.085  -23.233 0.5000000000
1646  4.503  -84.134  -22.260 0.4000000060
125507  5.600  -84.964  -20.463 0.1000000015
129799  5.895  -84.928  -20.079 0.1000000015
1635  4.819  -84.791  -21.675 0.2000000030
117584  13.007  -89.975  -7.183 0.6999999881
75  13.719  -90.196  -7.470 0.6999999881
69  13.996  -89.833  -6.801 0.6999999881
63  14.237  -89.472  -6.223 0.6999999881
2389  19.834  -82.820  -12.628 0.4000000060
1933  19.919  -83.473  -13.074 0.4000000060
1951  21.032  -83.464  -13.787 0.4000000060
1950  22.350  -83.731  -13.892 0.4000000060
1949  23.221  -83.681  -13.671 0.4000000060
1907  20.318  -83.032  -10.191 0.2000000030
2372  19.661  -82.937  -11.858 0.2000000030
2403  20.382  -82.907  -13.352 0.4000000060
2402  21.045  -82.637  -13.783 0.4000000060
1964  21.828  -83.010  -14.069 0.4000000060
1962  23.635  -83.037  -14.059 0.4000000060
2371  19.896  -82.295  -11.817 0.3000000119
119765  20.121  -81.974  -12.740 0.4000000060
2860  20.646  -81.955  -13.496 0.4000000060
112949  21.441  -81.970  -14.097 0.4000000060
2416  22.481  -82.245  -14.451 0.4000000060
2425  24.200  -81.763  -15.127 0.4000000060
2885  24.197  -80.944  -15.571 0.4000000060
2884  25.463  -81.251  -15.488 0.4000000060
2424  25.090  -81.852  -15.152 0.4000000060
2882  27.166  -81.070  -15.143 0.4000000060
110308  24.955  -80.735  -15.773 0.4000000060
3380  28.960  -80.730  -14.515 0.5000000000
2881  28.009  -80.910  -14.845 0.4000000060
2883  26.320  -81.083  -15.429 0.4000000060
3398  27.560  -80.381  -15.398 0.4000000060
5576  16.826  -76.639  -20.779 0.8000000119
5015  18.489  -77.217  -20.574 0.8000000119
3518  9.402  -80.478  -24.233 0.8000000119
1596  5.666  -84.518  -18.610 0.1000000015
2994  6.985  -82.567  -23.529 0.6999999881
1609  5.741  -84.651  -19.392 0.1000000015
2071  4.287  -83.483  -22.715 0.4000000060
1266  4.917  -84.659  -20.725 0.2000000030
2515  4.427  -82.251  -23.287 0.5000000000
1636  4.222  -84.075  -21.436 0.4000000060
128654  4.111  -83.911  -20.241 0.2000000030
2063  3.658  -83.285  -21.641 0.4000000060
2047  3.765  -83.382  -20.674 0.4000000060
851  8.017  -86.361  -7.682 0.8999999762
572  7.879  -87.920  -6.331 0.8999999762
845  8.148  -87.157  -6.970 0.8999999762
826  7.881  -87.053  -5.280 0.8999999762
564  6.869  -87.916  -4.955 0.8999999762
3369  20.352  -80.556  -12.932 0.4000000060
2859  20.815  -81.080  -13.682 0.4000000060
126965  21.512  -81.219  -14.236 0.4000000060
2870  22.686  -81.459  -14.806 0.4000000060
2887  22.702  -80.677  -15.085 0.4000000060
2869  23.316  -81.967  -14.820 0.4000000060
2886  23.421  -81.217  -15.232 0.4000000060
118932  26.874  -80.564  -15.529 0.4000000060
3400  25.730  -80.580  -15.817 0.4000000060
3413  26.055  -79.891  -16.124 0.4000000060
3414  25.211  -80.017  -16.100 0.4000000060
5562  15.393  -75.778  -20.584 0.8000000119
6156  18.004  -75.683  -20.620 0.6000000238
130652  17.146  -76.122  -20.591 0.6000000238
5561  16.316  -75.988  -20.519 0.8000000119
5030  12.128  -76.768  -21.113 0.8999999762
4511  11.503  -78.077  -22.318 0.8999999762
5565  12.167  -76.105  -20.502 0.8999999762
5045  11.399  -77.535  -21.147 0.8999999762
3508  8.822  -80.755  -23.293 0.8000000119
1995  4.687  -83.959  -17.414 0.1000000015
1582  5.170  -84.290  -17.963 0.1000000015
1598  4.468  -84.156  -18.708 0.1000000015
1583  4.572  -84.145  -17.996 0.1000000015
2014  3.798  -83.705  -18.915 0.2000000030
1610  5.005  -84.422  -19.388 0.1000000015
1092  6.303  -86.126  -2.036 0.8999999762
798  6.509  -86.420  -2.788 0.8999999762
1151  8.267  -85.724  -8.870 0.8999999762
1492  8.836  -84.433  -8.833 0.8999999762
1493  8.172  -84.937  -8.427 0.8999999762
1494  7.832  -85.146  -7.915 0.8999999762
809  5.475  -86.405  -2.930 0.8999999762
127629  7.843  -85.644  -7.643 0.8999999762
1144  7.915  -86.089  -6.898 0.8999999762
1121  7.877  -86.256  -4.964 0.8999999762
840  8.093  -87.075  -6.123 0.8999999762
563  7.382  -87.649  -5.004 0.8999999762
574  5.347  -87.682  -6.412 0.8999999762
110380  23.268  -79.486  -15.600 0.4000000060
3922  23.876  -79.621  -15.854 0.4000000060
3936  23.669  -78.814  -15.839 0.4000000060
4454  23.819  -78.017  -15.845 0.3000000119
6173  16.857  -74.702  -21.097 0.6000000238
6778  18.410  -74.958  -20.270 0.5000000000
6149  18.754  -75.690  -19.898 0.6999999881
6160  13.972  -74.968  -20.473 0.6999999881
129647  12.834  -75.633  -20.552 0.8000000119
6162  12.235  -75.337  -20.536 0.6999999881
119012  11.529  -76.074  -20.383 0.8000000119
5016  10.672  -76.443  -20.204 0.8000000119
5032  10.601  -77.905  -20.267 0.8000000119
4500  10.116  -78.561  -20.757 0.8999999762
4000  9.410  -78.692  -20.858 0.8999999762
2442  5.229  -83.026  -16.175 0.1000000015
126466  4.170  -83.883  -17.538 0.1000000015
1996  3.594  -83.484  -17.471 0.1000000015
2064  3.450  -82.853  -21.216 0.3000000119
2032  3.611  -83.336  -19.938 0.3000000119
2501  3.188  -81.951  -21.322 0.4000000060
1840  6.462  -83.449  -2.232 0.8000000119
116489  5.999  -81.750  -1.881 0.8000000119
2286  6.272  -82.413  -2.298 0.8000000119
1446  6.759  -84.469  -2.552 0.8000000119
1437  7.088  -85.393  -2.800 0.8999999762
1438  6.614  -85.475  -1.949 0.8000000119
124068  4.979  -86.349  -3.628 0.8999999762
115273  8.469  -84.047  -8.132 0.8999999762
1479  7.865  -84.513  -7.736 0.8999999762
110697  7.557  -84.376  -6.999 0.8999999762
1879  7.987  -83.591  -7.366 0.8000000119
1468  7.670  -85.225  -6.494 0.8999999762
1103  4.439  -85.701  -3.648 0.8999999762
120562  7.720  -85.317  -5.541 0.8999999762
1112  4.032  -85.299  -4.203 0.8999999762
816  7.551  -86.944  -4.421 0.8999999762
1111  4.401  -86.016  -4.464 0.8999999762
1122  3.826  -85.069  -5.772 0.8999999762
1469  3.641  -84.357  -6.253 0.8000000119
1864  3.474  -83.529  -5.970 0.8000000119
114832  4.379  -86.293  -6.049 0.6999999881
1511  3.978  -83.928  -10.593 0.4000000060
113514  4.012  -84.509  -9.354 0.5000000000
1906  3.470  -83.177  -9.897 0.5000000000
6795  17.949  -73.956  -21.165 0.5000000000
6796  17.572  -74.396  -21.292 0.5000000000
6158  15.887  -75.103  -20.678 0.6000000238
6174  15.859  -74.538  -21.249 0.6000000238
6781  14.301  -74.534  -20.710 0.6000000238
6798  13.453  -73.935  -21.241 0.6000000238
6783  12.673  -74.685  -20.655 0.6000000238
117184  13.078  -73.943  -21.796 0.5000000000
117762  11.889  -74.438  -21.138 0.5000000000
4491  9.866  -78.198  -20.023 0.8000000119
4492  9.159  -78.166  -20.487 0.6999999881
4501  8.760  -78.780  -21.355 0.8000000119
2429  5.580  -82.414  -15.655 0.1000000015
2443  4.310  -83.081  -16.312 0.1000000015
2893  4.987  -82.036  -15.030 0.1000000015
125768  3.183  -83.097  -19.124 0.3000000119
2444  3.352  -82.969  -16.709 0.1000000015
2048  3.286  -82.580  -20.688 0.3000000119
1871  7.534  -83.587  -6.570 0.8000000119
116753  7.445  -84.399  -6.137 0.8999999762
1461  7.423  -84.459  -5.210 0.8999999762
807  7.143  -86.945  -3.737 0.8999999762
829  4.109  -85.826  -5.418 0.8999999762
116255  3.996  -85.653  -6.132 0.6999999881
817  6.152  -87.441  -4.605 0.8999999762
828  4.732  -86.555  -5.193 0.8999999762
7454  17.527  -73.988  -22.210 0.5000000000
6808  17.175  -74.428  -22.133 0.5000000000
6191  15.743  -75.227  -23.849 0.4000000060
6810  15.618  -74.432  -22.021 0.5000000000
6820  15.194  -74.583  -22.836 0.4000000060
6811  14.691  -74.078  -21.968 0.6000000238
127960  13.517  -74.130  -22.515 0.4000000060
6194  12.595  -74.990  -23.558 0.4000000060
6813  12.261  -74.237  -21.771 0.6000000238
6184  11.466  -74.623  -21.688 0.6000000238
6823  11.956  -74.635  -22.657 0.6000000238
6185  10.550  -75.251  -21.693 0.6000000238
6176  10.517  -75.576  -20.730 0.6999999881
122289  11.076  -75.754  -23.505 0.6000000238
6177  9.683  -75.835  -21.222 0.6999999881
5567  9.255  -76.936  -20.329 0.6999999881
5590  8.936  -76.384  -21.752 0.6999999881
5582  8.551  -77.010  -21.147 0.6999999881
2445  2.982  -82.264  -16.251 0.1000000015
2430  3.722  -82.475  -15.907 0.1000000015
3391  4.708  -80.819  -13.990 0.1000000015
5046  7.646  -77.580  -22.216 0.6999999881
114929  2.432  -81.914  -17.980 0.2000000030
1997  2.840  -82.852  -17.604 0.1000000015
2467  2.517  -81.496  -18.989 0.4000000060
2015  2.780  -82.516  -18.577 0.3000000119
2944  2.955  -81.657  -20.732 0.4000000060
112095  6.512  -84.558  -1.757 0.8000000119
2730  6.275  -81.635  -2.696 0.8000000119
3238  6.273  -79.893  -1.677 0.6999999881
1453  3.801  -84.550  -4.357 0.8999999762
1462  3.639  -84.233  -5.285 0.8999999762
1110  7.675  -85.516  -4.503 0.8999999762
555  6.757  -87.390  -4.282 0.8999999762
6182  17.076  -74.977  -22.971 0.4000000060
6809  16.566  -74.619  -22.032 0.4000000060
6204  17.372  -74.963  -23.835 0.3000000119
6183  16.314  -75.003  -22.887 0.4000000060
125594  16.221  -75.441  -25.156 0.3000000119
6192  14.624  -74.884  -23.734 0.4000000060
6206  14.106  -75.389  -24.666 0.4000000060
6193  13.569  -74.702  -23.489 0.4000000060
111534  11.761  -75.382  -23.518 0.6000000238
6209  11.424  -76.191  -24.326 0.6000000238
5602  9.735  -76.353  -23.622 0.6000000238
6210  10.563  -76.388  -24.103 0.6000000238
6186  9.647  -75.876  -22.345 0.6999999881
3410  2.532  -80.960  -15.791 0.1000000015
2431  3.183  -81.711  -15.624 0.1000000015
3392  3.591  -80.614  -14.536 0.1000000015
113856  4.924  -79.850  -13.187 0.1000000015
110584  8.977  -76.473  -23.013 0.6000000238
5591  8.216  -76.912  -22.410 0.6999999881
127721  2.274  -80.296  -17.526 0.3000000119
110923  2.184  -81.179  -17.459 0.1000000015
2906  2.487  -81.564  -16.394 0.1000000015
5058  7.232  -77.133  -22.412 0.6000000238
125611  2.871  -80.288  -18.969 0.5000000000
2927  2.601  -80.722  -19.092 0.4000000060
2300  6.505  -82.492  -3.019 0.8000000119
1093  5.661  -86.058  -1.618 0.8999999762
1094  5.064  -86.097  -2.208 0.8999999762
1849  6.749  -83.460  -3.245 0.8000000119
1102  4.865  -86.054  -3.033 0.8999999762
109421  6.440  -80.729  -3.042 0.6000000238
2742  6.533  -81.567  -3.508 0.6999999881
1445  7.071  -84.439  -3.429 0.8000000119
1448  3.976  -85.000  -3.600 0.8999999762
126119  5.661  -86.719  -3.505 0.8999999762
808  6.729  -86.843  -3.362 0.8999999762
818  5.334  -86.839  -4.298 0.8999999762
6205  15.100  -75.457  -24.902 0.4000000060
6207  13.179  -75.485  -24.522 0.4000000060
6221  13.689  -76.033  -25.633 0.4000000060
6208  12.290  -75.805  -24.442 0.5000000000
5616  11.810  -76.571  -25.384 0.6000000238
124847  2.197  -80.679  -16.671 0.3000000119
3409  3.099  -81.033  -15.195 0.1000000015
3911  4.081  -80.256  -13.818 0.1000000015
118418  9.033  -76.623  -24.104 0.6000000238
5618  9.828  -76.800  -24.858 0.6000000238
114416  8.256  -76.394  -24.267 0.6000000238
127931  8.441  -76.611  -23.472 0.6000000238
5057  7.790  -76.652  -23.187 0.6000000238
1082  6.099  -85.845  -1.287 0.8000000119
109536  3.976  -84.780  -2.916 0.8999999762
114073  7.411  -85.397  -3.591 0.8000000119
797  7.066  -86.558  -3.133 0.8999999762
1452  7.316  -84.472  -4.297 0.8000000119
1863  7.339  -83.580  -5.755 0.8000000119
1101  7.471  -86.330  -3.765 0.8999999762
130841  15.037  -75.175  -27.496 0.3000000119
6220  14.551  -75.891  -25.873 0.4000000060
6233  14.605  -75.906  -26.901 0.3000000119
5634  13.267  -76.469  -26.667 0.3000000119
5635  12.243  -76.651  -26.524 0.5000000000
5636  11.234  -76.773  -26.244 0.5000000000
3941  2.319  -79.207  -16.420 0.3000000119
109831  2.185  -80.136  -16.021 0.2000000030
3913  2.832  -79.740  -14.644 0.1000000015
3886  4.014  -78.861  -12.969 0.1000000015
4947  3.552  -77.520  -12.812 0.1000000015
5619  8.743  -76.500  -25.202 0.6000000238
5617  10.851  -76.796  -25.165 0.6000000238
108742  2.483  -79.071  -14.870 0.1000000015
4418  2.612  -77.976  -14.034 0.1000000015
3898  3.529  -79.112  -13.521 0.1000000015
4429  2.456  -78.361  -14.759 0.1000000015
1439  4.318  -85.228  -2.000 0.8999999762
110198  3.777  -84.028  -3.574 0.8999999762
2309  7.043  -82.114  -4.893 0.6999999881
117285  7.094  -82.884  -4.666 0.8000000119
1848  7.032  -83.538  -4.108 0.8000000119
108775  7.273  -82.785  -5.364 0.8000000119
6861  15.307  -74.629  -27.675 0.4000000060
6862  14.343  -75.106  -27.878 0.4000000060
115798  13.237  -76.070  -28.146 0.4000000060
5648  12.688  -76.433  -27.686 0.4000000060
6234  10.260  -76.038  -27.299 0.5000000000
5649  11.657  -76.510  -27.271 0.5000000000
5650  9.583  -76.263  -26.550 0.6000000238
114059  10.695  -76.417  -26.883 0.6000000238
4948  2.904  -77.363  -13.456 0.1000000015
5651  8.844  -76.272  -26.044 0.6000000238
108748  2.377  -77.791  -15.430 0.2000000030
4955  2.493  -77.130  -14.196 0.1000000015
5621  7.587  -75.924  -24.144 0.6000000238
5620  7.764  -76.033  -25.157 0.6000000238
110435  2.395  -77.235  -16.160 0.3000000119
1440  3.768  -84.078  -2.519 0.8999999762
6863  13.284  -75.501  -28.241 0.4000000060
6246  11.697  -75.950  -28.184 0.5000000000
6211  7.444  -75.486  -25.757 0.5000000000
4964  2.393  -76.932  -15.210 0.1000000015
5516  2.458  -75.958  -15.514 0.2000000030
1841  3.505  -83.280  -2.468 0.8999999762
1834  3.361  -83.724  -1.193 0.8000000119
1428  3.883  -84.438  -1.513 0.8999999762
114212  3.307  -82.516  -2.644 0.8999999762
2732  2.904  -81.660  -2.261 0.8999999762
6236  8.553  -75.858  -26.452 0.6000000238
6106  2.493  -75.385  -14.734 0.1000000015
5505  2.474  -76.267  -14.468 0.1000000015
6197  6.924  -75.413  -23.832 0.5000000000
1825  3.102  -83.722  -0.199 0.8000000119
1824  3.901  -84.531  -0.478 0.8000000119
1835  2.768  -82.903  -1.078 0.8000000119
2273  3.192  -83.075  -1.888 0.8000000119
1427  4.505  -85.157  -0.963 0.8000000119
2287  2.963  -82.410  -1.846 0.8000000119
3255  2.720  -80.707  -2.180 0.8999999762
6696  2.645  -74.836  -14.026 0.1000000015
125114  2.467  -74.821  -16.809 0.4000000060
6117  2.429  -75.089  -15.806 0.3000000119
1811  3.326  -84.076  0.808 0.8000000119
2257  2.623  -82.920  -0.210 0.8000000119
126061  3.728  -84.363  0.301 0.8000000119
113190  2.612  -81.381  -0.923 0.8000000119
2242  2.568  -82.322  0.379 0.8000000119
3239  2.664  -80.643  -1.293 0.8000000119
116580  2.698  -81.254  -1.607 0.8000000119
3746  2.602  -79.092  -1.585 0.8000000119
6725  2.502  -74.292  -16.092 0.3000000119
6712  2.482  -74.521  -14.984 0.2000000030
1812  2.740  -83.327  0.607 0.8000000119
1797  2.854  -83.362  2.032 0.8000000119
116473  2.599  -81.569  -0.230 0.8000000119
109300  2.662  -79.797  -0.817 0.8000000119
8012  2.766  -72.748  -17.061 0.6000000238
7985  2.774  -72.819  -15.627 0.4000000060
7363  2.583  -73.696  -15.294 0.2000000030
2688  2.638  -81.954  1.309 0.6999999881
2226  2.653  -82.754  2.151 0.8000000119
1791  3.145  -83.274  2.755 0.6999999881
128547  2.769  -79.886  1.003 0.8000000119
3210  2.626  -81.225  0.436 0.8000000119
108557  2.691  -80.103  0.304 0.8000000119
3732  2.598  -78.791  -0.790 0.8000000119
4263  2.688  -78.159  -1.425 0.6999999881
8011  2.979  -72.040  -17.843 0.6000000238
126787  2.772  -73.199  -14.623 0.1000000015
2685  2.772  -81.628  2.203 0.6999999881
109277  2.868  -82.464  2.974 0.6999999881
3204  2.749  -80.690  1.320 0.6999999881
109894  2.645  -79.263  -0.118 0.8000000119
7999  2.868  -72.037  -16.391 0.4000000060
115631  2.995  -72.061  -15.249 0.2000000030
116523  2.877  -81.367  3.095 0.6999999881
2680  2.992  -82.136  3.796 0.6999999881
3722  2.845  -79.167  0.714 0.8000000119
4251  2.784  -77.938  -0.696 0.8000000119
9451  3.707  -70.306  -18.194 0.6999999881
8710  2.985  -71.203  -16.967 0.6000000238
8683  3.354  -71.606  -14.351 0.1000000015
121215  2.926  -80.516  2.362 0.6999999881
122210  2.946  -80.118  4.179 0.6999999881
3169  2.855  -80.937  4.753 0.6999999881
4228  3.195  -78.685  1.476 0.6999999881
127659  3.270  -78.960  2.160 0.6999999881
3700  3.149  -79.559  2.650 0.6999999881
108759  2.794  -78.507  -0.043 0.8000000119
4242  3.131  -78.092  0.707 0.6999999881
8700  3.096  -71.351  -15.621 0.3000000119
119018  3.411  -78.231  2.171 0.6999999881
3684  3.196  -79.291  3.575 0.6999999881
3674  3.091  -79.038  4.628 0.6999999881
126016  3.358  -77.946  1.520 0.6999999881
5311  3.169  -76.834  -0.066 0.8000000119
4798  2.849  -77.239  -0.484 0.6999999881
4212  3.356  -78.639  2.879 0.6999999881
4182  2.886  -78.413  5.543 0.6999999881
114709  3.476  -76.792  0.840 0.6999999881
8555  4.236  -72.399  -5.409 0.3000000119
108679  3.741  -70.087  -14.220 0.2000000030
4197  3.352  -78.104  3.827 0.6999999881
4191  3.185  -77.771  4.847 0.6999999881
4724  2.903  -77.254  6.685 0.6999999881
4762  3.606  -77.449  2.088 0.6999999881
114536  3.577  -77.735  2.915 0.6999999881
5270  3.822  -76.833  4.645 0.6999999881
4775  3.402  -77.338  1.190 0.6999999881
5300  3.744  -76.787  1.829 0.6999999881
9304  4.352  -71.873  -4.762 0.3000000119
8529  3.924  -72.231  -4.137 0.3000000119
10110  3.749  -69.339  -14.319 0.3000000119
4156  2.713  -77.914  7.154 0.6999999881
4734  3.025  -77.316  5.687 0.6999999881
5278  4.046  -76.801  3.885 0.6999999881
121926  3.818  -76.264  1.457 0.6999999881
5285  3.941  -76.334  2.464 0.6999999881
5277  4.147  -76.468  3.381 0.6999999881
5299  3.673  -76.301  0.438 0.6999999881
5898  4.159  -75.885  2.062 0.6999999881
5223  3.362  -77.079  8.300 0.6999999881
5261  3.445  -76.914  5.297 0.6999999881
5876  4.167  -76.353  3.747 0.6999999881
5269  4.041  -76.642  4.439 0.6999999881
5248  3.854  -76.738  6.433 0.6999999881
5886  4.742  -75.633  2.657 0.6999999881
5887  4.028  -76.000  3.006 0.6999999881
5260  3.756  -76.752  5.318 0.6999999881
111552  4.381  -75.807  0.953 0.6999999881
5897  5.116  -75.559  1.730 0.6999999881
5863  4.582  -76.178  4.214 0.6999999881
5852  5.740  -75.997  5.028 0.6999999881
5885  5.875  -75.243  2.369 0.6999999881
5875  4.557  -75.834  3.484 0.6999999881
5862  5.571  -75.600  4.095 0.6999999881
11498  3.648  -67.560  -14.800 0.6000000238
10831  3.739  -68.447  -14.263 0.4000000060
120568  6.122  -75.882  6.015 0.6999999881
5851  6.362  -75.291  5.515 0.6999999881
6491  6.471  -74.866  3.886 0.6999999881
11490  3.673  -67.577  -13.743 0.5000000000
5839  5.967  -75.647  6.858 0.6999999881
5838  6.261  -75.270  6.250 0.6999999881
11482  3.706  -67.485  -12.778 0.4000000060
7100  6.481  -74.085  5.167 0.6999999881
7117  6.279  -73.438  4.888 0.6999999881
7750  6.704  -73.024  4.149 0.6999999881
12930  2.875  -65.566  -12.387 0.6000000238
110679  2.966  -65.987  -11.616 0.3000000119
12177  3.311  -66.679  -13.308 0.5000000000
113087  3.135  -66.391  -12.333 0.3000000119
7751  5.834  -72.589  4.504 0.6999999881
8403  3.299  -71.213  5.157 0.6000000238
8402  5.402  -71.773  4.073 0.6000000238
7752  4.790  -72.199  4.773 0.6999999881
15362  1.495  -62.277  -3.727 0.4000000060
9141  4.410  -71.255  4.424 0.6000000238
12802  2.504  -65.263  1.002 0.2000000030
9130  2.614  -70.519  5.480 0.6999999881
14450  1.873  -63.460  1.016 0.3000000119
13578  2.111  -64.302  0.897 0.3000000119
15330  2.003  -62.756  0.046 0.2000000030
14464  2.133  -63.693  0.314 0.1000000015
22907  12.075  -53.569  2.147 0.6000000238
22042  12.773  -53.600  2.169 0.4000000060
16098  1.659  -61.365  0.286 0.4000000060
119721  1.847  -62.754  0.523 0.3000000119
14432  2.231  -63.385  2.568 0.6000000238
22929  13.969  -52.926  0.725 0.6000000238
22915  13.107  -53.159  1.707 0.6000000238
22908  11.268  -53.836  2.356 0.6000000238
115724  2.786  -56.476  -3.168 0.3000000119
11269  2.616  -67.314  5.849 0.8000000119
14419  3.955  -63.228  4.156 0.8000000119
14401  3.894  -64.008  4.518 0.6999999881
15267  3.466  -62.550  3.632 0.6999999881
15268  2.912  -62.712  3.430 0.6999999881
14421  2.683  -63.317  3.306 0.6000000238
13542  2.146  -64.202  2.268 0.6000000238
22056  14.508  -53.281  1.322 0.5000000000
22041  13.608  -53.586  1.947 0.5000000000
22033  11.370  -54.320  3.050 0.5000000000
117514  2.160  -61.953  2.295 0.6000000238
23755  13.067  -52.822  0.140 0.6999999881
22930  10.884  -53.009  0.883 0.6999999881
22034  10.267  -54.084  2.141 0.6000000238
23756  12.939  -52.831  1.093 0.6999999881
22918  10.613  -53.547  1.501 0.6999999881
22130  4.637  -53.596  -4.317 0.5000000000
21058  10.820  -54.951  3.228 0.6000000238
22946  14.815  -52.928  -0.012 0.6000000238
127319  13.755  -52.922  -0.176 0.6999999881
22055  15.234  -53.824  1.304 0.4000000060
109785  13.685  -54.255  2.306 0.4000000060
22031  13.048  -54.170  2.588 0.4000000060
22928  15.476  -53.222  0.759 0.6000000238
21059  9.962  -55.395  3.018 0.6000000238
113281  9.213  -55.854  2.719 0.8000000119
22958  16.164  -53.526  -0.675 0.6000000238
20140  7.580  -56.262  1.775 0.6000000238
22081  15.416  -53.290  -0.645 0.6999999881
24641  10.721  -51.410  -3.262 0.5000000000
21057  11.777  -54.853  3.321 0.5000000000
21045  11.349  -55.679  3.598 0.5000000000
22053  16.889  -54.094  0.342 0.3000000119
22927  16.324  -53.621  0.339 0.6000000238
22945  15.866  -53.205  0.063 0.6000000238
21047  9.824  -56.017  3.294 0.6000000238
18331  6.298  -58.065  1.777 0.6999999881
22078  17.916  -54.310  -1.188 0.5000000000
22087  18.018  -54.681  -1.924 0.6000000238
22079  16.579  -53.936  -1.462 0.6000000238
21135  17.747  -55.175  -3.396 0.6000000238
22080  15.479  -53.885  -1.777 0.6999999881
22097  16.881  -54.868  -3.190 0.6999999881
127461  11.546  -51.798  -2.780 0.6999999881
23083  5.373  -53.503  -10.624 0.5000000000
21069  13.991  -54.956  2.048 0.4000000060
21055  13.315  -54.924  2.682 0.4000000060
21044  12.157  -55.653  3.400 0.5000000000
20129  9.422  -56.592  3.238 0.6000000238
19167  8.813  -57.329  3.071 0.6999999881
19168  7.881  -57.646  2.534 0.6999999881
127366  6.793  -58.459  2.235 0.8000000119
20131  8.127  -56.814  2.355 0.6999999881
24660  17.077  -50.755  -5.084 0.6000000238
24647  13.665  -51.000  -4.281 0.6999999881
23898  5.425  -52.540  -10.312 0.5000000000
24659  17.938  -51.159  -5.058 0.6999999881
23818  17.950  -52.567  -4.678 0.8000000119
25502  19.888  -50.750  -4.886 0.8000000119
24657  19.910  -51.237  -4.578 0.8000000119
23082  5.890  -53.112  -11.098 0.5000000000
23912  6.090  -52.369  -10.889 0.5000000000
124174  20.715  -50.590  -3.107 0.6999999881
25494  20.621  -50.151  -2.426 0.6000000238
119905  20.408  -49.896  -3.473 0.8000000119
25495  20.427  -49.747  -2.519 0.8000000119
24640  20.544  -50.314  -3.265 0.8000000119
27950  18.967  -48.056  -1.395 0.8000000119
27134  20.099  -48.213  -3.239 0.8999999762
27117  19.782  -48.476  -2.063 0.8000000119
27103  19.306  -48.855  -1.107 0.8000000119
27139  20.380  -49.200  -3.853 0.8999999762
25543  20.857  -50.314  -7.801 0.6999999881
25587  5.565  -49.716  -9.503 0.6999999881
115041  4.975  -49.239  -8.415 0.8999999762
118059  15.627  -45.073  1.953 0.1000000015
27144  20.382  -48.363  -5.299 0.8999999762
123598  20.341  -48.390  -4.381 0.8999999762
24700  20.519  -50.669  -8.242 0.6000000238
26322  5.981  -48.493  -6.650 0.5000000000
26323  4.995  -48.331  -6.875 0.8000000119
26343  4.945  -48.309  -7.781 0.8999999762
27178  5.283  -47.768  -8.113 0.8999999762
27156  5.209  -47.841  -7.419 0.8999999762
119726  6.054  -49.697  -10.339 0.6999999881
26366  5.913  -48.929  -9.786 0.6999999881
27202  5.753  -47.834  -9.057 0.6999999881
26375  6.404  -49.224  -10.601 0.6999999881
26374  6.995  -49.455  -11.189 0.6000000238
120913  20.864  -49.094  -7.140 0.8000000119
26340  21.012  -49.885  -8.428 0.6999999881
26319  21.246  -49.449  -7.866 0.8000000119
27154  6.221  -47.780  -7.012 0.6000000238
28020  5.656  -47.412  -7.490 0.6999999881
27155  5.586  -47.872  -7.001 0.6000000238
27177  5.605  -47.255  -8.184 0.8999999762
28088  6.234  -47.289  -9.681 0.6999999881
27221  7.310  -48.654  -11.266 0.6999999881
27209  6.727  -48.745  -10.841 0.6999999881
27210  6.283  -48.345  -10.153 0.6999999881
124469  21.307  -49.203  -8.591 0.8000000119
27152  21.460  -48.593  -8.318 0.8999999762
26339  21.091  -49.298  -9.107 0.8000000119
27174  21.434  -48.611  -8.974 0.8000000119
28017  21.403  -47.765  -7.913 0.6000000238
28078  19.994  -47.184  -10.384 0.5000000000
28019  6.314  -47.263  -7.375 0.6999999881
29023  19.081  -46.834  -10.563 0.4000000060
28995  6.630  -46.088  -8.106 0.8000000119
28041  6.058  -46.880  -7.816 0.8999999762
115229  8.727  -44.165  -7.881 0.3000000119
29002  21.623  -46.767  -9.276 0.6000000238
28038  21.608  -47.766  -8.866 0.6000000238
28077  20.999  -47.069  -10.258 0.6000000238
29022  20.149  -46.480  -10.593 0.5000000000
29024  17.994  -46.741  -10.533 0.5000000000
28994  7.377  -45.267  -7.626 0.5000000000
28993  7.953  -44.747  -7.209 0.4000000060
29870  8.221  -43.349  -8.035 0.5000000000
117532  8.219  -44.085  -7.332 0.5000000000
29007  6.941  -44.721  -8.142 0.8000000119
29871  7.386  -43.639  -8.477 0.6000000238
30696  11.085  -44.238  -10.741 0.5000000000
29020  21.491  -46.467  -10.025 0.6999999881
29021  21.016  -46.072  -10.471 0.6000000238
29878  20.172  -45.660  -10.811 0.4000000060
30708  11.699  -43.922  -11.102 0.4000000060
30697  10.182  -43.823  -10.751 0.4000000060
30687  8.727  -43.422  -9.514 0.5000000000
117135  9.655  -46.707  -12.491 0.6000000238
29868  21.626  -45.840  -9.566 0.6000000238
35328  17.959  -39.808  -8.747 0.1000000015
35337  18.649  -39.144  -9.304 0.1000000015
34404  16.571  -40.019  -13.185 0.2000000030
34406  14.470  -40.031  -13.256 0.2000000030
36220  19.855  -38.773  -10.468 0.1000000015
36212  19.242  -38.546  -10.019 0.1000000015
34386  17.542  -40.209  -12.782 0.2000000030
35360  17.412  -39.237  -12.969 0.1000000015
35375  16.131  -39.201  -13.371 0.2000000030
117578  15.539  -39.819  -13.396 0.2000000030
34407  13.175  -39.913  -12.937 0.2000000030
36219  19.915  -38.734  -11.053 0.1000000015
112419  19.443  -38.192  -10.739 0.1000000015
118224  18.707  -37.849  -12.128 0.1000000015
35376  14.580  -38.985  -13.465 0.1000000015
35377  13.079  -39.093  -13.040 0.2000000030
37164  19.249  -37.982  -11.299 0.1000000015
36235  17.810  -38.260  -12.822 0.1000000015
36244  16.744  -38.426  -13.343 0.1000000015
116842  15.618  -38.451  -13.606 0.1000000015
112893  12.864  -38.116  -13.262 0.1000000015
127440  12.052  -37.677  -13.427 0.1000000015
35413  12.811  -39.094  -15.188 0.1000000015
37171  18.614  -37.345  -11.526 0.1000000015
114493  17.233  -37.625  -13.263 0.1000000015
37179  18.245  -37.106  -12.166 0.1000000015
36245  15.942  -37.543  -13.782 0.1000000015
36246  14.324  -37.837  -13.653 0.1000000015
36255  14.341  -36.808  -13.843 0.1000000015
36256  12.768  -37.029  -13.573 0.1000000015
120205  17.972  -37.559  -12.629 0.1000000015
566  4.988  -87.128  -5.818 0.8000000119
827  5.419  -87.195  -5.065 0.8999999762
357  7.273  -88.270  -5.742 0.8999999762
109393  2.430  -76.471  -16.261 0.3000000119
565  5.976  -87.855  -5.477 0.8999999762
7376  2.652  -73.516  -16.513 0.4000000060
212  14.651  -89.356  -6.591 0.6999999881
1945  28.437  -83.102  -12.260 0.6999999881
588  17.943  -87.777  -9.863 0.6999999881
878  20.392  -87.024  -11.274 0.8000000119
2548  22.426  -82.606  -29.068 0.4000000060
2562  18.089  -81.985  -30.143 0.5000000000
5564  13.604  -75.616  -20.625 0.8000000119
13557  2.137  -64.722  1.596 0.4000000060
13541  2.523  -64.073  3.078 0.6000000238
14420  3.146  -63.202  3.908 0.6999999881
14403  2.874  -63.918  3.860 0.6000000238
22116  3.827  -53.985  -3.868 0.5000000000
15302  1.784  -62.645  1.301 0.5000000000
15284  2.454  -62.665  2.817 0.6999999881
23819  17.187  -52.203  -4.679 0.6999999881
24759  5.893  -51.546  -10.462 0.6999999881
25596  6.507  -50.053  -10.940 0.6000000238
26257  18.738  -49.153  -0.336 0.5000000000
119121  6.754  -47.941  -10.655 0.6999999881
26314  20.491  -49.200  -6.445 0.8000000119
29889  8.075  -43.342  -9.455 0.5000000000
27153  21.171  -48.521  -7.499 0.8999999762
119705  11.924  -38.142  -14.085 0.1000000015
119532  2.372  -78.618  -15.678 0.2000000030
22089  16.167  -54.443  -2.518 0.6999999881
21145  17.237  -54.963  -3.981 0.6999999881
36247  12.042  -38.475  -13.176 0.1000000015
2114  19.441  -83.464  -28.851 0.3000000119
119024  21.607  -83.674  -27.721 0.3000000119
128288  7.459  -82.735  -26.078 0.4000000060
880  18.918  -86.302  -11.858 0.6999999881
834  19.146  -86.355  -6.217 0.4000000060
1197  20.429  -85.391  -13.238 0.6000000238
1189  19.004  -84.868  -11.958 0.5000000000
1186  20.912  -85.830  -12.898 0.6000000238
1546  19.995  -84.816  -13.232 0.4000000060
127989  20.581  -84.764  -13.543 0.4000000060
1888  21.062  -83.720  -8.940 0.3000000119
1496  20.338  -83.649  -9.200 0.3000000119
359  15.538  -88.367  -6.479 0.6999999881
1963  22.788  -83.052  -14.160 0.4000000060
2363  19.962  -82.781  -11.003 0.2000000030
118250  23.213  -82.565  -14.464 0.4000000060
128963  20.347  -81.305  -13.094 0.4000000060
2851  20.258  -81.074  -12.362 0.4000000060
3935  24.601  -79.271  -16.164 0.4000000060
6175  11.341  -75.446  -20.569 0.8000000119
5566  9.918  -76.966  -19.943 0.6999999881
116655  4.648  -82.512  -15.698 0.1000000015
6812  13.877  -73.850  -21.881 0.4000000060
2876  4.386  -81.404  -14.676 0.1000000015
6190  16.776  -75.277  -23.870 0.4000000060
2877  3.657  -81.390  -15.001 0.1000000015
3393  2.687  -80.362  -15.228 0.1000000015
3912  3.465  -79.744  -13.958 0.1000000015
6219  15.351  -75.603  -26.155 0.3000000119
5638  9.457  -76.580  -25.732 0.6000000238
3713  2.991  -79.636  1.662 0.8000000119
3184  2.984  -80.316  3.295 0.6999999881
109698  2.904  -81.124  3.948 0.6999999881
125019  2.820  -80.072  4.926 0.6999999881
4172  2.738  -78.027  6.385 0.6999999881
4742  3.638  -77.244  4.334 0.6999999881
5286  4.027  -76.946  2.891 0.6999999881
5853  4.551  -76.472  5.026 0.6999999881
7753  3.846  -71.891  5.073 0.6000000238
119094  1.948  -64.007  1.531 0.5000000000
22054  16.135  -53.869  0.852 0.5000000000
21068  14.775  -54.814  1.490 0.4000000060
22957  16.979  -53.680  -0.558 0.6000000238
124845  17.514  -54.365  -0.166 0.3000000119
22088  17.220  -54.481  -2.037 0.6000000238
25503  16.070  -49.741  -5.353 0.5000000000
23817  19.333  -51.947  -4.588 0.8000000119
114845  18.556  -51.863  -4.716 0.6999999881
25498  20.341  -50.595  -4.154 0.8000000119
24646  20.494  -50.987  -3.888 0.6999999881
25484  20.337  -49.713  -1.632 0.8000000119
26269  19.665  -49.369  -0.932 0.6999999881
26298  20.264  -49.122  -2.764 0.8000000119
26285  20.067  -49.197  -1.761 0.8000000119
126526  20.390  -50.969  -7.656 0.6000000238
26341  20.520  -50.092  -8.898 0.6000000238
28066  5.943  -46.800  -8.590 0.8000000119
27190  21.207  -48.536  -9.370 0.6999999881
121695  20.271  -47.802  -10.047 0.6000000238
28053  21.449  -47.359  -9.642 0.6999999881
114043  21.425  -48.059  -9.340 0.6999999881
29863  7.695  -44.038  -7.467 0.5000000000
35329  16.908  -39.692  -8.693 0.1000000015
36221  18.776  -37.923  -10.335 0.1000000015
36270  12.899  -38.163  -15.421 0.1000000015
24661  16.322  -50.400  -4.972 0.6999999881
3329  13.103  -80.306  -9.800 0.5000000000
2812  12.593  -80.970  -10.067 0.5000000000
2813  11.628  -81.379  -9.546 0.5000000000
2805  10.705  -81.435  -8.585 0.6999999881
2804  11.445  -80.882  -8.864 0.5000000000
382  11.809  -88.290  -9.861 0.6000000238
2284  9.239  -82.764  -2.999 0.3000000119
110716  9.687  -82.080  -3.722 0.3000000119
2753  10.639  -81.755  -4.897 0.2000000030
123370  10.672  -82.462  -4.945 0.2000000030
124392  11.202  -81.275  -5.274 0.4000000060
2770  11.597  -79.967  -5.291 0.4000000060
3812  13.532  -78.896  -6.816 0.4000000060
3327  14.898  -79.947  -9.846 0.5000000000
3840  14.516  -78.868  -8.470 0.5000000000
3828  14.031  -78.803  -7.562 0.5000000000
3336  14.258  -80.667  -10.331 0.6000000238
3337  13.544  -80.709  -10.389 0.5000000000
3841  13.536  -78.821  -8.114 0.5000000000
3829  12.938  -78.737  -7.138 0.5000000000
3328  13.951  -80.002  -9.928 0.5000000000
3320  13.169  -79.506  -9.035 0.5000000000
3321  11.987  -79.927  -8.525 0.5000000000
3309  11.578  -79.409  -7.679 0.5000000000
2806  9.929  -81.890  -8.120 0.6999999881
3330  12.288  -80.499  -9.317 0.5000000000
2794  10.319  -80.986  -7.824 0.6999999881
592  11.421  -87.670  -9.181 0.6000000238
3322  11.109  -80.459  -8.163 0.6000000238
120159  25.245  -83.895  -18.283 0.3000000119
2001  24.665  -82.928  -18.658 0.2000000030
2020  25.458  -83.151  -19.500 0.1000000015
2481  21.823  -81.279  -20.028 0.1000000015
2940  22.870  -81.268  -19.783 0.1000000015
2471  21.076  -81.387  -19.274 0.1000000015
2269  9.089  -83.416  -2.269 0.2000000030
2299  10.266  -82.558  -4.484 0.2000000030
2769  11.757  -81.857  -5.622 0.2000000030
129188  11.663  -81.035  -5.515 0.3000000119
3284  12.933  -80.396  -6.143 0.4000000060
3285  12.286  -79.427  -5.746 0.5000000000
3275  10.766  -80.218  -4.639 0.5000000000
2754  10.203  -81.238  -4.158 0.4000000060
2768  12.728  -81.621  -5.827 0.3000000119
3813  12.729  -78.814  -6.449 0.5000000000
3826  15.881  -79.208  -8.058 0.5000000000
3811  14.556  -79.101  -7.137 0.4000000060
130996  16.338  -79.642  -8.278 0.5000000000
3326  15.752  -79.836  -9.329 0.5000000000
3839  15.378  -79.009  -8.473 0.4000000060
856  11.712  -86.749  -9.464 0.6000000238
1889  13.408  -83.355  -8.547 0.6000000238
2803  15.227  -81.018  -9.423 0.6000000238
2811  14.740  -80.845  -10.032 0.5000000000
2332  8.410  -82.660  -7.191 0.6999999881
2331  9.184  -82.307  -7.652 0.6999999881
1150  11.310  -85.938  -8.097 0.6000000238
3831  11.112  -78.979  -6.967 0.6000000238
2795  9.525  -81.428  -7.446 0.6999999881
849  11.269  -86.763  -8.662 0.6000000238
383  11.475  -88.716  -9.133 0.6000000238
2000  25.899  -83.526  -18.419 0.3000000119
113080  27.216  -83.254  -19.127 0.4000000060
2019  26.301  -83.314  -19.301 0.3000000119
2035  26.641  -83.432  -20.224 0.1000000015
2068  20.641  -83.276  -21.963 0.1000000015
2056  19.909  -83.680  -21.008 0.1000000015
109178  24.733  -82.753  -19.899 0.1000000015
2939  23.800  -82.036  -19.997 0.1000000015
2054  22.327  -83.295  -22.202 0.1000000015
2067  21.375  -83.447  -22.624 0.1000000015
1847  9.809  -83.369  -3.844 0.2000000030
128015  9.477  -83.941  -2.924 0.2000000030
118310  10.866  -83.001  -4.915 0.2000000030
3810  15.595  -79.418  -7.431 0.4000000060
3308  16.391  -79.774  -7.707 0.5000000000
2339  14.691  -81.853  -8.965 0.6000000238
2802  16.000  -80.494  -8.979 0.5000000000
1878  12.677  -83.932  -8.098 0.6000000238
2329  14.493  -82.547  -8.215 0.5000000000
114052  16.979  -82.062  -7.394 0.5000000000
3815  10.692  -78.742  -6.318 0.6000000238
3814  11.467  -78.626  -6.358 0.5000000000
2796  8.716  -81.798  -7.042 0.6999999881
1149  11.846  -85.232  -8.446 0.6000000238
1877  13.393  -83.450  -7.779 0.6000000238
1876  14.926  -83.047  -7.488 0.5000000000
3832  10.275  -79.464  -6.810 0.6000000238
3297  9.453  -79.948  -6.530 0.6999999881
2323  7.943  -82.073  -6.526 0.6000000238
1875  16.121  -82.957  -7.238 0.5000000000
3312  9.093  -80.943  -6.792 0.6999999881
582  10.948  -87.604  -8.323 0.6000000238
3817  9.125  -79.390  -5.887 0.6999999881
232  11.720  -89.658  -8.964 0.6000000238
127191  26.814  -83.470  -21.103 0.1000000015
2052  25.192  -83.795  -21.563 0.1000000015
1309  22.154  -84.671  -24.700 0.1000000015
1681  21.680  -84.423  -26.226 0.2000000030
1673  21.292  -84.675  -25.796 0.1000000015
5643  26.422  -77.141  -26.101 0.6000000238
761  9.328  -86.204  2.988 0.1000000015
760  9.807  -86.052  3.785 0.1000000015
756  10.019  -85.849  4.430 0.1000000015
1425  9.099  -84.856  -1.724 0.2000000030
129029  8.991  -85.824  -0.543 0.2000000030
782  8.910  -86.174  0.301 0.2000000030
124027  9.557  -86.192  1.931 0.1000000015
1831  9.355  -84.468  -2.381 0.2000000030
763  9.020  -86.290  2.098 0.1000000015
1414  8.876  -85.048  -0.856 0.2000000030
124089  8.973  -86.342  0.947 0.1000000015
1855  10.620  -83.542  -4.254 0.2000000030
1839  9.926  -84.181  -3.412 0.2000000030
2285  8.884  -82.479  -2.088 0.2000000030
2270  8.813  -82.954  -1.507 0.2000000030
3796  11.757  -78.991  -5.426 0.5000000000
3274  11.130  -78.977  -4.905 0.5000000000
3830  11.977  -78.694  -7.045 0.5000000000
3293  16.838  -80.560  -7.334 0.5000000000
2792  17.057  -81.005  -7.598 0.4000000060
2333  7.860  -82.941  -6.761 0.6999999881
2066  25.945  -83.613  -22.726 0.2000000030
2051  26.278  -83.603  -21.870 0.2000000030
1625  24.398  -84.238  -22.241 0.1000000015
1639  23.246  -84.725  -23.141 0.1000000015
1648  25.190  -83.975  -23.101 0.2000000030
1663  22.999  -84.506  -24.640 0.1000000015
2091  23.879  -83.494  -24.898 0.1000000015
2096  22.637  -83.646  -26.581 0.1000000015
759  10.243  -85.858  4.432 0.1000000015
755  10.561  -85.678  5.203 0.1000000015
789  9.748  -86.120  -0.308 0.2000000030
772  9.188  -86.333  1.242 0.1000000015
753  10.285  -85.718  5.381 0.1000000015
781  9.450  -86.194  0.347 0.1000000015
518  8.954  -86.264  2.743 0.1000000015
514  9.492  -86.055  3.803 0.1000000015
1070  9.954  -86.126  -0.885 0.2000000030
1054  8.517  -86.048  0.805 0.2000000030
510  9.580  -85.905  4.671 0.1000000015
1854  11.481  -83.521  -4.389 0.2000000030
2308  11.783  -82.915  -5.105 0.2000000030
2728  9.331  -81.300  -3.027 0.4000000060
2316  12.519  -82.471  -5.411 0.3000000119
2741  9.749  -80.908  -3.546 0.4000000060
4311  10.271  -78.717  -4.669 0.5000000000
114574  10.434  -79.109  -4.381 0.5000000000
4347  11.039  -78.598  -5.733 0.5000000000
127081  10.361  -78.641  -5.785 0.5000000000
3816  9.911  -79.057  -6.178 0.6000000238
2784  8.408  -81.315  -6.505 0.6000000238
2065  26.514  -83.179  -22.282 0.2000000030
2479  26.933  -82.134  -21.205 0.3000000119
2507  25.495  -83.299  -23.329 0.3000000119
3459  26.415  -80.496  -20.477 0.3000000119
2503  24.956  -82.122  -23.147 0.3000000119
3983  27.746  -79.452  -19.909 0.3000000119
3490  25.755  -80.331  -21.971 0.3000000119
2526  24.151  -82.528  -25.227 0.3000000119
2537  23.931  -82.284  -27.240 0.2000000030
110990  24.704  -81.523  -24.082 0.3000000119
2531  23.918  -82.435  -26.508 0.2000000030
5628  24.465  -76.402  -24.517 0.5000000000
1033  11.400  -85.596  5.878 0.1000000015
752  11.034  -85.742  6.139 0.1000000015
127826  10.069  -86.008  3.857 0.1000000015
1040  10.973  -85.543  5.069 0.1000000015
744  12.317  -85.777  7.339 0.1000000015
131017  12.814  -85.773  7.740 0.1000000015
1044  9.781  -86.092  3.100 0.1000000015
773  8.668  -86.315  1.195 0.2000000030
745  11.551  -85.833  7.004 0.1000000015
499  12.104  -85.926  7.682 0.1000000015
735  13.635  -85.671  7.915 0.1000000015
1822  8.771  -83.786  -0.981 0.2000000030
519  8.696  -86.255  3.009 0.1000000015
1809  8.588  -84.134  -0.113 0.2000000030
2729  8.929  -81.543  -2.296 0.3000000119
3263  10.004  -79.785  -3.864 0.5000000000
127571  9.438  -80.030  -3.173 0.4000000060
3784  9.874  -78.733  -3.990 0.5000000000
4312  9.550  -78.568  -4.280 0.5000000000
3798  9.706  -78.711  -5.518 0.5000000000
3286  8.430  -79.693  -5.639 0.6000000238
2785  7.900  -81.193  -6.005 0.6000000238
3995  26.309  -79.939  -21.463 0.3000000119
2999  24.855  -81.714  -26.178 0.2000000030
6217  23.786  -75.359  -24.454 0.5000000000
1020  16.117  -85.319  6.549 0.1000000015
1021  15.157  -85.349  6.604 0.1000000015
126290  13.955  -85.184  6.077 0.1000000015
1031  13.193  -85.394  6.446 0.1000000015
1032  12.366  -85.395  6.129 0.1000000015
751  12.116  -85.651  6.678 0.1000000015
750  13.239  -85.605  7.233 0.1000000015
116245  10.601  -85.491  4.171 0.1000000015
511  9.098  -86.155  4.026 0.1000000015
505  10.733  -85.799  6.492 0.1000000015
120295  10.882  -85.977  7.180 0.1000000015
492  12.840  -85.897  8.276 0.1000000015
764  8.573  -86.262  2.372 0.2000000030
506  9.934  -85.797  5.737 0.1000000015
493  11.983  -86.221  8.111 0.1000000015
2717  8.627  -81.743  -1.395 0.3000000119
112110  8.619  -85.379  0.123 0.2000000030
501  10.220  -85.860  6.694 0.1000000015
508  8.585  -86.206  5.239 0.1000000015
3774  9.536  -78.922  -3.360 0.5000000000
3799  8.802  -78.809  -5.175 0.6000000238
109340  7.533  -82.791  -6.139 0.6000000238
6202  21.861  -75.130  -24.827 0.4000000060
5612  22.783  -75.636  -24.484 0.4000000060
1055  8.235  -86.135  1.526 0.2000000030
774  8.388  -86.319  1.963 0.2000000030
765  8.080  -86.327  2.826 0.2000000030
517  8.270  -86.275  3.328 0.1000000015
512  8.592  -86.245  4.448 0.1000000015
3762  9.236  -79.070  -2.650 0.5000000000
3251  9.100  -80.294  -2.472 0.4000000060
4313  8.957  -78.441  -4.378 0.5000000000
3299  7.939  -80.363  -5.621 0.6000000238
2755  7.198  -81.414  -5.039 0.6000000238
6203  19.978  -74.851  -24.469 0.3000000119
6829  20.811  -74.739  -25.081 0.3000000119
6828  21.978  -74.845  -24.929 0.3000000119
6835  23.294  -74.810  -24.990 0.3000000119
116825  8.786  -80.540  -1.719 0.4000000060
2255  8.565  -82.547  -0.693 0.4000000060
1793  8.355  -84.288  0.713 0.2000000030
111079  8.552  -83.170  -0.172 0.4000000060
1393  8.240  -85.369  1.031 0.2000000030
1394  7.891  -85.232  1.917 0.2000000030
3252  8.927  -79.319  -1.912 0.5000000000
2704  8.509  -81.480  -0.427 0.4000000060
108674  8.398  -83.260  0.539 0.3000000119
1794  8.119  -84.261  1.532 0.2000000030
117318  7.819  -86.037  2.549 0.2000000030
762  7.749  -86.251  3.748 0.2000000030
1387  7.460  -84.742  2.858 0.2000000030
509  7.927  -86.382  5.139 0.1000000015
3221  8.591  -80.522  -0.163 0.4000000060
2240  8.379  -82.243  0.248 0.3000000119
3287  7.969  -79.546  -5.189 0.6000000238
2228  8.219  -82.471  1.208 0.2000000030
114440  7.466  -79.748  -4.683 0.6000000238
3276  7.242  -80.676  -4.823 0.6000000238
1495  3.761  -84.106  -8.768 0.6000000238
484  13.787  -85.714  8.549 0.1000000015
125269  13.117  -85.926  8.866 0.1000000015
494  10.674  -86.166  7.550 0.1000000015
485  12.489  -86.257  8.740 0.1000000015
110445  9.140  -78.439  -3.699 0.5000000000
502  9.493  -85.832  6.170 0.1000000015
4279  9.043  -78.514  -2.993 0.5000000000
3237  8.721  -79.707  -1.261 0.5000000000
503  8.738  -86.001  6.005 0.1000000015
124409  8.507  -78.400  -3.843 0.6000000238
4297  8.439  -78.296  -3.046 0.5000000000
3744  8.657  -78.755  -1.286 0.5000000000
1045  7.204  -85.595  3.482 0.2000000030
757  7.380  -86.240  4.763 0.2000000030
129721  7.408  -86.332  5.369 0.1000000015
4314  7.879  -78.475  -3.594 0.6000000238
3763  8.617  -78.464  -2.207 0.5000000000
110998  8.625  -79.447  -0.472 0.5000000000
2229  7.937  -83.154  1.974 0.2000000030
119496  7.806  -78.269  -2.878 0.5000000000
3207  8.549  -79.939  0.585 0.4000000060
2691  8.498  -81.133  0.385 0.4000000060
109688  3.065  -82.649  -9.502 0.4000000060
742  15.614  -85.419  7.270 0.1000000015
117667  15.670  -85.381  8.077 0.1000000015
740  17.441  -85.151  6.829 0.1000000015
495  9.894  -85.961  7.309 0.1000000015
1046  6.783  -85.295  4.142 0.2000000030
112766  8.342  -81.683  0.892 0.3000000119
1384  7.016  -84.621  3.766 0.2000000030
110656  8.383  -78.780  0.232 0.5000000000
2222  8.069  -81.963  2.052 0.3000000119
4280  7.983  -78.033  -2.101 0.5000000000
2756  6.857  -81.315  -4.349 0.6000000238
2310  6.794  -82.473  -3.998 0.6000000238
1893  3.358  -83.276  -8.933 0.4000000060
3775  7.256  -78.722  -3.210 0.6000000238
2686  8.454  -80.878  1.162 0.4000000060
3277  6.960  -80.217  -4.210 0.6000000238
5014  19.203  -77.356  -19.728 0.6999999881
3985  21.190  -79.057  -20.526 0.6999999881
110991  8.272  -81.605  1.460 0.4000000060
4281  7.320  -78.399  -2.458 0.6000000238
5559  18.563  -76.509  -20.222 0.6999999881
128833  8.078  -78.029  -0.791 0.5000000000
3764  6.808  -78.998  -2.753 0.6000000238
1083  5.472  -85.739  -0.956 0.6999999881
1084  4.987  -85.846  -1.260 0.6999999881
1426  6.249  -85.166  -1.171 0.6999999881
1823  5.817  -84.219  -0.237 0.6999999881
1072  5.837  -85.547  -0.797 0.6999999881
1074  4.991  -85.577  -0.511 0.6999999881
2271  6.148  -82.789  -1.532 0.6999999881
1832  6.223  -84.060  -1.124 0.6999999881
1416  5.363  -84.917  0.176 0.6999999881
2705  5.704  -81.057  -0.501 0.6999999881
113725  5.614  -81.889  -0.186 0.6999999881
2272  5.809  -82.005  -0.941 0.6999999881
1833  5.915  -83.188  -0.653 0.6999999881
117095  5.618  -83.563  0.205 0.6999999881
130799  5.534  -84.330  0.265 0.6999999881
2718  5.898  -80.900  -1.360 0.6000000238
110979  5.508  -82.572  0.530 0.6999999881
2241  5.341  -83.577  0.890 0.6999999881
112197  5.036  -84.005  1.317 0.6999999881
1417  4.918  -85.119  0.176 0.6999999881
1407  4.917  -84.777  0.677 0.6999999881
126994  4.604  -85.107  -0.213 0.6999999881
3223  5.751  -80.401  0.001 0.6000000238
112420  5.553  -81.304  0.401 0.6999999881
3222  6.016  -79.913  -0.721 0.6000000238
3721  5.703  -79.970  1.429 0.6000000238
4241  6.693  -78.585  0.440 0.6000000238
3711  6.573  -78.820  1.972 0.5000000000
3720  6.182  -79.047  1.218 0.6000000238
109440  5.485  -81.020  1.318 0.6999999881
2687  5.346  -82.033  1.981 0.6999999881
2230  5.224  -83.101  1.502 0.6999999881
3208  6.057  -79.471  0.281 0.6000000238
3209  5.682  -80.295  0.692 0.6000000238
2692  5.444  -82.003  1.148 0.6999999881
3731  6.551  -78.817  -0.433 0.6000000238
129296  4.201  -84.377  1.291 0.6999999881
3183  5.589  -80.366  4.100 0.6999999881
3683  6.101  -79.437  3.879 0.6000000238
3198  5.764  -79.814  3.121 0.6000000238
3712  5.921  -79.408  2.177 0.6000000238
3203  5.538  -80.682  2.328 0.6999999881
2224  4.885  -83.072  2.419 0.6999999881
1795  4.630  -83.870  1.893 0.6999999881
1395  4.624  -84.339  1.232 0.6999999881
1396  4.091  -84.096  1.988 0.6999999881
8389  1.990  -70.760  6.381 0.6000000238
9877  3.748  -69.477  7.523 0.6000000238
126344  1.994  -70.548  6.947 0.6000000238
9894  5.515  -69.255  6.578 0.6000000238
9876  4.939  -69.750  7.204 0.6000000238
9878  2.817  -69.190  7.380 0.6000000238
9118  2.103  -69.894  6.587 0.6000000238
9895  4.431  -68.942  7.047 0.6000000238
9896  2.391  -68.920  6.796 0.6000000238
9912  2.210  -69.172  6.036 0.6000000238
117315  2.636  -68.603  5.224 0.6000000238
10559  5.080  -68.444  6.507 0.6000000238
10561  2.825  -68.299  7.185 0.6000000238
10579  5.747  -68.120  5.823 0.6000000238
10581  2.403  -68.155  6.129 0.6000000238
10580  4.766  -67.565  6.365 0.6000000238
11252  3.803  -67.177  6.662 0.6000000238
11254  2.644  -67.554  6.395 0.6000000238
11268  4.472  -66.624  6.098 0.6999999881
11962  3.347  -66.641  6.353 0.6999999881
11267  5.532  -67.246  5.654 0.6999999881
11990  6.589  -66.462  4.087 0.6999999881
11971  5.365  -66.551  5.408 0.6999999881
11973  3.020  -66.159  5.921 0.6999999881
12742  4.289  -65.286  5.340 0.6999999881
11991  5.732  -66.134  4.774 0.6999999881
12758  6.763  -65.327  3.565 0.6999999881
113769  8.293  -64.953  3.450 0.6999999881
13523  7.423  -64.540  3.401 0.6999999881
113567  7.747  -63.478  3.489 0.6999999881
118199  6.905  -63.797  3.393 0.6999999881
15263  7.757  -62.523  3.545 0.6999999881
124558  8.398  -62.850  3.646 0.6999999881
15261  9.395  -61.900  3.788 0.6000000238
14418  5.157  -63.158  3.818 0.6999999881
121179  7.825  -61.851  3.586 0.6999999881
16051  8.224  -61.314  3.650 0.6999999881
113053  9.226  -60.494  3.823 0.6000000238
16817  7.391  -61.343  3.447 0.6999999881
17571  9.478  -59.661  3.877 0.6000000238
18307  9.774  -58.826  3.975 0.6000000238
17572  8.386  -59.860  3.547 0.6999999881
16830  7.425  -60.053  3.187 0.6999999881
17584  7.507  -59.353  2.996 0.6999999881
19158  9.275  -58.134  3.676 0.6000000238
18308  8.125  -58.975  3.283 0.6000000238
20118  10.158  -56.518  3.729 0.5000000000
19157  9.812  -57.339  3.808 0.5000000000
18317  8.413  -58.252  3.170 0.6000000238
18318  6.930  -58.983  2.527 0.6000000238
22126  14.276  -55.389  -6.189 0.1000000015
21177  14.068  -55.976  -6.590 0.1000000015
126959  13.683  -53.507  -6.098 0.1000000015
113340  12.892  -53.448  -6.119 0.1000000015
23003  13.554  -54.400  -5.892 0.1000000015
22141  15.082  -54.994  -6.426 0.1000000015
124849  11.841  -55.480  -8.098 0.1000000015
21175  15.462  -55.016  -6.882 0.1000000015
21189  14.402  -55.841  -7.106 0.1000000015
112153  13.452  -56.074  -7.386 0.1000000015
23847  10.937  -51.658  -6.120 0.1000000015
23846  11.769  -51.854  -6.424 0.1000000015
24693  11.617  -51.083  -6.224 0.2000000030
24677  10.271  -51.465  -5.396 0.3000000119
24667  9.399  -51.317  -4.779 0.4000000060
24652  8.751  -51.586  -4.469 0.4000000060
23799  7.863  -52.257  -3.143 0.4000000060
23845  13.010  -52.208  -6.419 0.1000000015
24692  12.476  -50.950  -6.447 0.2000000030
23022  14.244  -52.922  -6.227 0.1000000015
23844  13.963  -51.651  -6.464 0.1000000015
24691  13.477  -50.749  -6.510 0.2000000030
22142  14.563  -54.304  -6.123 0.1000000015
23021  15.235  -53.629  -6.278 0.1000000015
109265  15.544  -54.485  -6.546 0.1000000015
22153  14.753  -55.263  -7.593 0.1000000015
22154  13.720  -55.281  -7.924 0.1000000015
22168  15.072  -54.714  -7.979 0.1000000015
22169  14.236  -54.550  -8.290 0.1000000015
25522  11.616  -50.808  -5.782 0.2000000030
25507  11.567  -50.604  -5.277 0.3000000119
24650  10.031  -50.988  -4.105 0.4000000060
24642  9.880  -51.400  -3.334 0.4000000060
25536  12.254  -50.571  -6.187 0.2000000030
25521  12.430  -50.265  -5.854 0.2000000030
130244  16.242  -51.640  -6.439 0.1000000015
23843  14.842  -52.071  -6.388 0.1000000015
25534  14.036  -49.977  -6.520 0.2000000030
117805  13.359  -49.696  -5.874 0.2000000030
24664  13.474  -49.967  -5.130 0.2000000030
21150  4.055  -55.052  -3.820 0.3000000119
23020  16.046  -53.777  -6.569 0.1000000015
21162  4.609  -54.421  -4.203 0.3000000119
22140  16.083  -54.435  -6.866 0.1000000015
22151  15.866  -54.653  -7.207 0.1000000015
22152  15.399  -55.002  -7.362 0.1000000015
23048  14.843  -53.807  -8.506 0.1000000015
25532  16.192  -50.291  -6.298 0.3000000119
24689  15.388  -51.069  -6.393 0.1000000015
25533  14.873  -49.926  -6.336 0.4000000060
25519  14.798  -49.387  -5.860 0.4000000060
120545  17.502  -52.546  -6.685 0.1000000015
110852  16.721  -52.886  -6.593 0.2000000030
22129  5.374  -54.452  -4.989 0.2000000030
23019  16.682  -53.877  -6.838 0.1000000015
23033  16.457  -54.139  -7.355 0.1000000015
23018  17.297  -53.384  -6.899 0.1000000015
129249  17.015  -53.747  -7.178 0.1000000015
23047  17.070  -53.617  -7.652 0.1000000015
110724  15.684  -53.606  -8.441 0.1000000015
23874  15.146  -52.827  -8.766 0.1000000015
125357  16.642  -49.611  -5.898 0.2000000030
24688  17.069  -51.419  -6.393 0.3000000119
25518  15.598  -49.561  -5.684 0.4000000060
25504  15.165  -49.613  -5.392 0.5000000000
25505  14.342  -49.476  -5.714 0.3000000119
24687  18.052  -51.577  -6.472 0.2000000030
23855  18.551  -52.514  -7.650 0.3000000119
23856  17.784  -53.043  -7.787 0.1000000015
23871  18.354  -52.521  -8.165 0.2000000030
23872  16.979  -53.107  -8.309 0.1000000015
23873  16.077  -52.964  -8.672 0.1000000015
25562  17.099  -51.533  -9.040 0.2000000030
24720  15.539  -52.040  -9.009 0.1000000015
23849  5.002  -51.557  -4.936 0.3000000119
129598  16.478  -51.406  -9.165 0.2000000030
114620  16.052  -49.918  -9.488 0.2000000030
25531  17.222  -50.192  -6.237 0.3000000119
129510  17.203  -49.840  -5.907 0.6000000238
25516  17.795  -50.780  -5.618 0.6000000238
25530  18.970  -50.696  -6.038 0.5000000000
25515  19.967  -50.179  -5.268 0.6999999881
23840  18.707  -52.281  -7.067 0.5000000000
25529  19.726  -50.343  -6.128 0.6999999881
24702  19.337  -51.942  -7.461 0.4000000060
24718  17.560  -52.437  -8.507 0.2000000030
24717  19.063  -52.114  -8.128 0.3000000119
25561  18.196  -51.692  -8.759 0.2000000030
24695  5.504  -50.905  -5.473 0.4000000060
25560  19.165  -51.290  -8.690 0.2000000030
25578  18.277  -50.543  -9.245 0.2000000030
25579  17.396  -50.739  -9.278 0.2000000030
111728  16.895  -49.821  -9.479 0.2000000030
26358  16.165  -49.149  -9.536 0.2000000030
27195  15.550  -48.568  -9.586 0.2000000030
26310  20.323  -49.320  -4.965 0.6999999881
25544  20.115  -50.813  -6.934 0.5000000000
24716  19.896  -51.484  -8.063 0.5000000000
25559  19.907  -50.770  -8.755 0.4000000060
25577  19.154  -50.511  -9.147 0.2000000030
120235  18.737  -49.770  -9.434 0.3000000119
26357  17.785  -49.516  -9.517 0.3000000119
27192  18.414  -49.050  -9.611 0.2000000030
122198  17.851  -48.716  -9.670 0.2000000030
27194  16.275  -48.423  -9.647 0.3000000119
120256  18.579  -48.311  -9.827 0.5000000000
28079  18.289  -47.494  -10.181 0.4000000060
28056  16.774  -47.918  -9.823 0.2000000030
28080  17.364  -47.345  -10.155 0.4000000060
28057  15.889  -47.777  -9.803 0.2000000030
116442  15.135  -47.999  -9.665 0.2000000030
25528  20.276  -50.063  -6.571 0.6999999881
26309  20.359  -48.992  -5.714 0.6999999881
129090  20.501  -50.444  -7.226 0.6999999881
120543  20.261  -49.459  -9.350 0.5000000000
125823  19.346  -49.066  -9.599 0.4000000060
25546  6.785  -50.224  -6.919 0.4000000060
24694  6.090  -50.231  -5.968 0.4000000060
27191  20.439  -48.646  -9.619 0.6999999881
123424  19.548  -48.288  -9.859 0.5000000000
121098  7.315  -49.152  -7.593 0.2000000030
114638  6.811  -49.248  -6.963 0.4000000060
120257  19.270  -47.658  -10.171 0.5000000000
28059  13.598  -47.460  -9.826 0.1000000015
128121  8.780  -48.032  -8.764 0.1000000015
121111  7.434  -48.482  -7.795 0.3000000119
26321  6.786  -48.435  -7.126 0.3000000119
29025  17.084  -46.627  -10.490 0.4000000060
124204  15.813  -47.068  -10.109 0.2000000030
28058  14.469  -47.753  -9.714 0.1000000015
27200  9.492  -47.958  -9.045 0.1000000015
29880  17.673  -46.021  -10.874 0.4000000060
29026  16.223  -46.530  -10.456 0.2000000030
28054  21.082  -47.933  -9.766 0.5000000000
27201  8.194  -47.496  -8.344 0.2000000030
28082  15.166  -47.331  -9.905 0.2000000030
28083  14.424  -46.978  -10.045 0.1000000015
28060  12.662  -47.566  -9.793 0.1000000015
28085  12.909  -46.864  -10.094 0.1000000015
28061  11.794  -47.446  -9.801 0.1000000015
27199  10.375  -47.973  -9.417 0.1000000015
28063  9.553  -46.712  -8.978 0.1000000015
28064  8.726  -46.947  -8.589 0.2000000030
29027  15.265  -46.525  -10.371 0.2000000030
27175  7.493  -47.521  -7.904 0.4000000060
28084  13.672  -46.637  -10.246 0.1000000015
28086  12.218  -46.976  -10.027 0.1000000015
29003  11.495  -46.499  -10.067 0.1000000015
28062  10.664  -46.864  -9.599 0.1000000015
27176  6.832  -47.699  -7.408 0.5000000000
29029  13.035  -46.172  -10.493 0.3000000119
29005  9.520  -45.288  -8.943 0.2000000030
29006  8.667  -45.282  -7.796 0.2000000030
28039  7.830  -46.183  -7.719 0.3000000119
28040  6.868  -46.684  -7.598 0.5000000000
29004  10.568  -45.551  -9.853 0.2000000030
3295  13.907  -79.838  -6.539 0.4000000060
3296  12.958  -79.090  -6.195 0.4000000060
3294  15.120  -79.936  -6.742 0.4000000060
121736  16.276  -80.279  -6.905 0.4000000060
2767  13.700  -81.248  -6.092 0.4000000060
6847  22.590  -74.143  -26.006 0.3000000119
130262  24.956  -84.668  -18.203 0.2000000030
2827  12.059  -81.654  -10.409 0.6999999881
2018  27.103  -83.361  -19.775 0.3000000119
2050  27.054  -83.259  -21.589 0.2000000030
2034  27.403  -83.237  -20.775 0.3000000119
2351  14.393  -82.156  -9.608 0.6000000238
3972  26.849  -79.780  -19.949 0.3000000119
2938  26.035  -81.143  -21.039 0.3000000119
3984  26.480  -79.819  -20.778 0.3000000119
2968  24.916  -81.347  -23.288 0.3000000119
2984  24.902  -81.405  -24.777 0.3000000119
2546  23.786  -82.155  -28.221 0.2000000030
2539  22.930  -82.767  -28.145 0.3000000119
116808  6.239  -49.413  -6.405 0.4000000060
130299  22.389  -83.023  -28.367 0.2000000030
23798  9.280  -51.778  -2.944 0.4000000060
117563  21.110  -84.531  -26.516 0.2000000030
1695  21.832  -83.954  -26.846 0.2000000030
2102  22.330  -83.372  -27.660 0.2000000030
26320  20.736  -49.806  -7.168 0.6999999881
2810  15.358  -80.329  -9.612 0.5000000000
3848  14.309  -79.340  -9.335 0.6000000238
3842  12.538  -79.006  -7.918 0.5000000000
122305  25.639  -83.245  -18.778 0.3000000119
2055  21.518  -82.713  -21.806 0.1000000015
2482  20.883  -81.988  -20.169 0.1000000015
2492  22.549  -82.317  -21.346 0.1000000015
118158  22.441  -81.540  -20.610 0.1000000015
2480  23.101  -81.742  -20.592 0.1000000015
128280  23.555  -81.650  -19.275 0.1000000015
2801  16.584  -80.489  -8.307 0.5000000000
2330  13.776  -83.018  -8.186 0.5000000000
2338  15.545  -81.413  -8.692 0.5000000000
125686  25.837  -83.481  -20.643 0.1000000015
1640  20.518  -83.793  -22.800 0.1000000015
1628  20.001  -83.952  -21.998 0.1000000015
2038  20.103  -82.859  -20.133 0.1000000015
2036  24.562  -83.082  -20.613 0.1000000015
2491  23.536  -82.601  -20.928 0.1000000015
120661  23.143  -83.228  -21.643 0.1000000015
2328  15.671  -82.169  -7.963 0.5000000000
4329  11.678  -78.603  -5.947 0.5000000000
2053  24.071  -83.617  -21.480 0.1000000015
1624  25.299  -83.990  -22.417 0.2000000030
1626  23.367  -84.197  -22.347 0.1000000015
1627  22.294  -84.287  -23.050 0.1000000015
1310  21.484  -84.762  -25.165 0.1000000015
1672  22.101  -84.538  -25.446 0.1000000015
1282  22.056  -84.745  -24.316 0.1000000015
129391  22.636  -84.689  -24.201 0.1000000015
2093  22.735  -84.139  -25.626 0.1000000015
1424  9.783  -85.282  -2.167 0.2000000030
2502  26.036  -83.001  -22.952 0.3000000119
1638  23.866  -84.576  -22.778 0.1000000015
1637  24.472  -84.359  -22.865 0.1000000015
1650  23.831  -84.633  -23.311 0.1000000015
1651  23.225  -84.689  -23.807 0.1000000015
2073  24.888  -83.625  -23.724 0.2000000030
2082  24.267  -84.019  -24.213 0.1000000015
2083  23.683  -84.225  -24.533 0.1000000015
1662  23.775  -84.516  -23.965 0.1000000015
2517  24.413  -82.928  -24.411 0.2000000030
2092  23.345  -83.932  -25.227 0.1000000015
119477  23.157  -83.611  -25.979 0.1000000015
2532  23.363  -82.981  -26.698 0.1000000015
2101  22.925  -83.099  -27.315 0.2000000030
2538  23.387  -82.669  -27.514 0.2000000030
117593  9.035  -86.120  4.677 0.1000000015
2490  25.904  -82.240  -22.352 0.3000000119
3475  25.855  -80.549  -21.274 0.3000000119
3476  25.447  -81.163  -21.700 0.3000000119
2969  24.494  -81.988  -23.863 0.3000000119
116472  24.265  -82.201  -26.012 0.3000000119
111080  24.579  -81.773  -25.445 0.3000000119
2508  24.948  -82.887  -23.770 0.3000000119
2985  24.435  -81.916  -24.620 0.3000000119
2095  23.678  -83.039  -25.800 0.2000000030
10562  2.605  -68.038  6.728 0.6000000238
21176  14.804  -55.482  -6.764 0.1000000015
21188  15.072  -55.451  -7.072 0.1000000015
23830  11.081  -52.592  -6.247 0.1000000015
117694  9.914  -50.957  -4.779 0.3000000119
116968  9.429  -51.176  -4.481 0.4000000060
25535  13.166  -50.049  -6.366 0.2000000030
24690  14.405  -50.716  -6.496 0.1000000015
128394  15.165  -54.451  -6.312 0.1000000015
23842  15.788  -52.594  -6.427 0.1000000015
22167  15.760  -54.362  -7.861 0.1000000015
24665  11.610  -50.773  -4.591 0.5000000000
25520  14.171  -49.630  -6.183 0.2000000030
23841  18.004  -52.875  -7.106 0.2000000030
23032  17.449  -53.401  -7.302 0.1000000015
109911  16.423  -53.759  -8.106 0.1000000015
24719  16.518  -52.118  -8.879 0.1000000015
24740  15.917  -51.314  -9.238 0.1000000015
121673  16.464  -50.727  -9.348 0.2000000030
25580  15.555  -50.485  -9.424 0.2000000030
24674  18.374  -50.568  -5.648 0.6999999881
24686  18.882  -51.390  -6.534 0.5000000000
24685  19.550  -51.179  -6.754 0.6000000238
24701  19.936  -51.401  -7.418 0.5000000000
117012  6.164  -51.250  -6.036 0.4000000060
129264  17.555  -50.128  -9.412 0.2000000030
27193  17.031  -48.774  -9.610 0.2000000030
26315  20.185  -49.688  -5.829 0.6999999881
26356  19.662  -49.981  -9.268 0.4000000060
28055  17.625  -48.068  -9.830 0.3000000119
28081  16.519  -47.209  -10.125 0.2000000030
122215  8.263  -48.545  -8.460 0.1000000015
29028  14.357  -46.251  -10.507 0.3000000119
29030  12.241  -46.286  -10.344 0.1000000015
179  15.436  -90.494  -20.485 0.2000000030
183  14.867  -90.143  -21.109 0.2000000030
318  16.500  -89.507  -21.268 0.2000000030
526  14.541  -87.567  0.478 0.4000000060
325  14.815  -88.019  0.439 0.3000000119
326  14.075  -88.114  0.287 0.4000000060
527  13.868  -87.660  0.255 0.3000000119
530  13.272  -87.730  -0.183 0.4000000060
330  14.389  -88.353  0.077 0.4000000060
189  12.998  -88.771  -0.863 0.4000000060
119280  13.720  -89.051  -0.965 0.4000000060
190  12.484  -88.920  -1.559 0.5000000000
187  14.678  -89.038  -1.316 0.4000000060
194  12.972  -89.234  -1.703 0.5000000000
195  12.252  -89.083  -2.296 0.5000000000
199  13.125  -89.480  -3.322 0.5000000000
200  12.395  -89.273  -3.170 0.5000000000
201  11.872  -89.022  -3.081 0.5000000000
203  14.246  -89.398  -4.385 0.6000000238
60  13.289  -89.361  -4.994 0.5000000000
206  12.020  -89.147  -4.483 0.5000000000
366  11.042  -88.796  -7.512 0.5000000000
375  11.314  -89.058  -8.277 0.5000000000
209  14.243  -89.368  -5.250 0.6000000238
59  13.797  -89.435  -4.924 0.6000000238
65  13.165  -89.421  -5.847 0.5000000000
72  12.383  -89.558  -6.831 0.6000000238
124884  11.900  -89.593  -7.286 0.5000000000
208  14.744  -89.167  -5.631 0.6000000238
2783  14.593  -80.786  -6.291 0.3000000119
117858  16.013  -88.196  -0.273 0.4000000060
788  13.418  -87.071  -0.506 0.3000000119
535  12.790  -87.684  -0.811 0.4000000060
336  15.358  -88.634  -0.814 0.4000000060
126992  12.469  -88.217  -1.159 0.5000000000
192  14.958  -89.200  -2.244 0.4000000060
536  12.142  -88.388  -1.762 0.5000000000
113816  14.331  -89.386  -2.653 0.5000000000
197  14.842  -89.315  -3.866 0.6000000238
351  11.595  -88.865  -3.909 0.5000000000
214  11.362  -88.938  -6.260 0.5000000000
576  10.661  -87.850  -7.423 0.5000000000
207  11.509  -88.922  -4.867 0.5000000000
210  11.709  -88.954  -5.774 0.5000000000
211  11.339  -88.818  -5.537 0.5000000000
354  15.785  -88.429  -5.766 0.6000000238
5073  32.608  -77.548  -27.506 0.5000000000
4569  32.361  -78.253  -26.956 0.6000000238
4570  31.821  -78.355  -27.664 0.5000000000
4587  30.351  -78.342  -28.417 0.6999999881
120786  29.817  -77.944  -28.980 0.6999999881
524  16.293  -87.411  0.469 0.2000000030
520  15.924  -87.022  0.597 0.2000000030
2766  14.739  -81.740  -5.558 0.3000000119
2782  15.572  -80.878  -6.211 0.3000000119
328  16.639  -87.682  0.143 0.3000000119
120368  14.367  -86.899  0.392 0.3000000119
780  13.775  -87.179  0.065 0.3000000119
114041  15.629  -88.848  -1.742 0.4000000060
342  15.936  -88.980  -2.741 0.5000000000
795  13.129  -86.913  -1.470 0.4000000060
541  12.395  -87.710  -1.590 0.4000000060
344  16.619  -88.766  -3.525 0.4000000060
844  10.829  -86.793  -7.794 0.5000000000
345  15.642  -89.078  -3.723 0.5000000000
346  11.634  -88.707  -3.133 0.5000000000
347  11.276  -88.522  -3.789 0.5000000000
570  10.540  -86.862  -6.874 0.5000000000
571  10.563  -87.759  -6.416 0.5000000000
1142  11.603  -85.135  -7.480 0.5000000000
202  15.060  -89.127  -4.630 0.6000000238
123787  11.223  -88.722  -4.369 0.5000000000
562  10.670  -87.724  -5.384 0.5000000000
355  15.552  -88.753  -5.229 0.6000000238
5640  32.868  -76.819  -26.904 0.5000000000
5652  32.919  -76.913  -27.374 0.5000000000
5622  32.771  -77.418  -25.593 0.5000000000
6224  32.731  -76.352  -27.687 0.5000000000
5083  31.883  -77.476  -28.852 0.5000000000
5084  30.799  -77.854  -29.092 0.5000000000
5094  29.209  -77.321  -29.399 0.6000000238
5085  29.050  -77.854  -28.529 0.6999999881
5661  28.419  -77.103  -28.815 0.6000000238
129715  28.094  -77.152  -28.130 0.6999999881
5653  27.756  -77.321  -27.453 0.5000000000
5654  27.073  -77.206  -26.769 0.5000000000
1784  7.351  -83.666  3.495 0.1000000015
1788  7.639  -83.489  2.785 0.2000000030
1435  10.616  -84.591  -3.208 0.1000000015
1846  10.412  -84.069  -3.740 0.1000000015
1845  11.282  -84.142  -3.653 0.1000000015
2307  12.906  -83.082  -4.776 0.1000000015
112627  13.578  -82.418  -5.336 0.2000000030
2306  13.841  -82.898  -4.421 0.2000000030
769  15.604  -86.426  0.537 0.2000000030
128729  14.468  -82.504  -4.827 0.3000000119
112526  14.694  -86.134  0.236 0.3000000119
1068  14.791  -85.494  0.010 0.3000000119
2765  16.029  -81.546  -5.481 0.3000000119
2315  15.435  -82.171  -4.741 0.3000000119
2764  17.176  -81.461  -5.649 0.3000000119
327  16.966  -87.988  -0.620 0.3000000119
118550  16.510  -80.987  -6.164 0.3000000119
113723  17.297  -81.158  -6.926 0.3000000119
335  16.284  -88.438  -1.206 0.4000000060
125711  17.745  -88.314  -2.472 0.4000000060
787  14.171  -86.326  -0.170 0.3000000119
1079  14.324  -85.940  -1.075 0.3000000119
2780  17.578  -81.563  -6.253 0.3000000119
334  17.240  -88.271  -1.694 0.3000000119
792  13.793  -86.463  -1.012 0.3000000119
794  14.138  -86.181  -1.954 0.4000000060
341  16.967  -88.612  -2.658 0.4000000060
796  12.565  -87.001  -2.321 0.5000000000
804  13.086  -86.467  -3.115 0.5000000000
1477  12.963  -83.900  -7.157 0.5000000000
542  11.890  -87.782  -2.492 0.5000000000
805  12.097  -86.857  -3.128 0.5000000000
839  10.449  -86.968  -6.037 0.5000000000
1143  10.948  -85.973  -7.183 0.5000000000
1478  12.244  -84.432  -7.340 0.5000000000
553  11.132  -87.745  -3.874 0.5000000000
825  10.732  -86.588  -5.339 0.5000000000
1132  11.366  -85.359  -6.508 0.5000000000
350  16.123  -88.763  -4.401 0.6000000238
554  10.959  -88.184  -4.476 0.5000000000
560  16.199  -87.961  -6.083 0.5000000000
6237  32.495  -75.541  -28.304 0.4000000060
5641  32.368  -76.414  -26.713 0.5000000000
5605  32.650  -77.249  -24.968 0.5000000000
6249  32.813  -76.016  -28.511 0.4000000060
5092  31.391  -77.092  -29.516 0.5000000000
5093  30.206  -77.373  -29.670 0.5000000000
5667  29.540  -76.757  -30.156 0.5000000000
5668  28.482  -76.615  -29.803 0.5000000000
128749  28.009  -76.609  -29.279 0.4000000060
5662  27.596  -76.639  -28.729 0.5000000000
120502  26.096  -76.416  -26.174 0.3000000119
1382  6.660  -84.599  4.531 0.2000000030
1370  6.371  -84.739  5.310 0.2000000030
125637  7.555  -82.850  3.337 0.2000000030
1775  7.106  -83.666  4.268 0.2000000030
2223  7.785  -82.423  2.779 0.2000000030
1080  10.284  -85.763  -1.614 0.1000000015
125579  11.417  -85.502  -0.752 0.1000000015
1436  9.954  -84.800  -2.891 0.1000000015
1423  10.734  -85.262  -2.452 0.1000000015
1422  11.222  -85.612  -1.584 0.1000000015
1434  11.553  -84.750  -2.915 0.1000000015
1838  12.164  -84.032  -2.990 0.1000000015
1050  16.815  -85.664  0.876 0.2000000030
767  17.347  -86.386  0.681 0.2000000030
1844  12.222  -83.770  -3.705 0.1000000015
1390  16.197  -84.911  0.817 0.2000000030
2298  13.123  -83.304  -3.808 0.2000000030
2283  13.554  -82.807  -2.977 0.1000000015
523  17.228  -87.219  0.350 0.2000000030
1391  15.590  -85.171  0.463 0.2000000030
2297  14.072  -82.691  -3.771 0.2000000030
1403  15.580  -84.341  0.555 0.2000000030
108391  15.129  -84.035  0.118 0.2000000030
2751  16.649  -81.861  -4.709 0.3000000119
534  17.892  -87.731  -0.949 0.3000000119
1067  14.696  -85.442  -0.631 0.3000000119
117948  15.289  -84.771  -1.126 0.3000000119
2303  17.334  -82.275  -4.035 0.3000000119
2763  17.877  -81.920  -5.421 0.3000000119
1078  15.035  -85.443  -1.748 0.3000000119
1432  16.686  -84.196  -2.461 0.2000000030
2280  17.467  -83.175  -3.017 0.3000000119
1861  17.477  -83.600  -5.364 0.3000000119
2322  17.972  -82.120  -5.976 0.3000000119
340  17.683  -88.431  -3.343 0.4000000060
1089  15.577  -85.205  -2.568 0.3000000119
1443  17.000  -84.355  -3.309 0.3000000119
1867  17.232  -83.316  -6.180 0.4000000060
1874  16.917  -82.898  -6.814 0.4000000060
115663  13.411  -86.535  -2.411 0.5000000000
803  14.003  -86.116  -2.981 0.5000000000
1090  14.866  -85.663  -2.718 0.4000000060
1869  15.283  -83.697  -6.806 0.4000000060
1466  13.548  -84.319  -6.440 0.5000000000
1870  14.072  -83.675  -7.064 0.4000000060
109659  17.143  -88.476  -4.214 0.4000000060
806  11.470  -87.364  -3.418 0.5000000000
1109  11.999  -85.809  -4.493 0.5000000000
1119  12.521  -85.276  -5.197 0.5000000000
120855  12.054  -84.909  -5.985 0.5000000000
1467  12.586  -84.480  -6.567 0.5000000000
349  17.765  -88.078  -4.762 0.4000000060
124684  11.124  -86.978  -4.012 0.5000000000
1120  11.420  -85.654  -5.427 0.5000000000
1131  11.895  -84.771  -6.753 0.5000000000
567  17.515  -87.033  -6.067 0.4000000060
353  16.541  -88.332  -5.142 0.4000000060
7488  29.835  -74.078  -26.446 0.2000000030
7479  29.482  -73.938  -25.563 0.1000000015
7480  28.746  -74.325  -25.262 0.1000000015
7486  31.269  -73.124  -26.742 0.1000000015
6833  28.585  -74.868  -25.512 0.2000000030
6834  28.017  -75.067  -25.014 0.2000000030
7487  30.599  -73.502  -27.092 0.2000000030
6843  30.264  -74.101  -27.297 0.3000000119
6227  29.702  -75.186  -26.747 0.2000000030
6214  29.426  -75.581  -25.983 0.2000000030
5625  29.259  -76.086  -25.198 0.3000000119
6856  30.940  -74.178  -28.096 0.2000000030
6226  30.645  -75.354  -27.112 0.4000000060
114149  30.921  -76.339  -25.489 0.4000000060
6868  31.286  -73.773  -28.917 0.2000000030
6250  32.625  -75.370  -29.069 0.3000000119
5091  32.332  -76.707  -29.090 0.5000000000
6253  32.095  -75.006  -29.798 0.3000000119
6254  31.246  -75.559  -30.274 0.3000000119
6837  21.609  -73.994  -25.740 0.2000000030
5666  30.779  -76.563  -30.135 0.4000000060
6216  24.423  -75.763  -24.495 0.4000000060
5670  26.852  -76.060  -29.230 0.5000000000
5655  26.406  -76.407  -27.069 0.3000000119
6240  25.419  -75.729  -27.356 0.3000000119
6257  26.495  -75.469  -29.297 0.3000000119
5664  25.814  -75.719  -28.467 0.3000000119
2545  9.374  -82.565  -27.944 0.2000000030
4064  13.971  -79.165  -28.399 0.4000000060
3552  13.673  -79.838  -28.462 0.3000000119
129151  6.366  -85.405  5.462 0.2000000030
1361  6.209  -85.022  6.208 0.2000000030
1776  6.872  -83.754  5.066 0.2000000030
1759  6.658  -83.973  5.939 0.2000000030
2215  7.745  -81.984  3.610 0.2000000030
1061  11.014  -85.745  -0.134 0.1000000015
2683  8.288  -80.957  1.962 0.2000000030
1406  11.629  -84.746  0.102 0.1000000015
1413  11.980  -84.906  -0.942 0.1000000015
115163  11.910  -85.072  -2.043 0.1000000015
116658  12.372  -84.036  -1.195 0.1000000015
1830  12.365  -84.080  -2.190 0.1000000015
2268  12.481  -83.159  -1.341 0.1000000015
130075  12.597  -83.663  -2.472 0.1000000015
2267  12.781  -82.893  -1.981 0.1000000015
1837  12.832  -83.419  -2.888 0.1000000015
128297  13.084  -82.843  -2.504 0.1000000015
2716  12.565  -81.659  -1.777 0.1000000015
2727  13.055  -82.093  -2.314 0.2000000030
2726  13.478  -81.566  -2.809 0.1000000015
1807  15.536  -83.484  0.495 0.2000000030
2305  14.822  -82.464  -4.213 0.2000000030
2740  14.285  -82.180  -3.265 0.2000000030
2238  15.418  -82.798  0.247 0.2000000030
2304  16.071  -82.231  -3.873 0.2000000030
2296  15.184  -82.232  -3.519 0.2000000030
117551  15.076  -83.141  -0.225 0.2000000030
1821  15.194  -84.017  -0.549 0.1000000015
2295  15.518  -82.215  -2.653 0.2000000030
111916  16.662  -82.539  -3.168 0.2000000030
1828  16.617  -83.583  -2.245 0.1000000015
2281  16.558  -82.900  -2.557 0.1000000015
2293  17.975  -82.995  -3.547 0.3000000119
1442  17.585  -83.790  -3.722 0.3000000119
1862  16.591  -84.090  -5.687 0.4000000060
1464  15.625  -84.263  -6.131 0.4000000060
1100  13.591  -85.909  -3.775 0.5000000000
1098  15.490  -85.315  -3.344 0.5000000000
124678  15.847  -84.583  -5.485 0.5000000000
1458  15.064  -84.742  -5.650 0.5000000000
1107  14.094  -85.513  -4.436 0.5000000000
1117  14.601  -85.177  -5.081 0.5000000000
1459  14.092  -84.803  -5.765 0.5000000000
1465  14.628  -84.320  -6.335 0.5000000000
125200  17.991  -88.295  -4.069 0.4000000060
813  12.595  -86.183  -3.818 0.5000000000
1108  13.080  -85.653  -4.499 0.5000000000
122291  30.938  -73.088  -23.714 0.1000000015
8076  29.820  -72.988  -23.159 0.1000000015
7469  29.911  -73.315  -24.167 0.1000000015
7462  28.953  -73.422  -23.813 0.1000000015
8088  31.585  -73.173  -24.636 0.1000000015
110375  29.908  -73.573  -25.001 0.1000000015
7470  29.179  -73.740  -24.719 0.1000000015
7471  28.229  -74.074  -24.437 0.1000000015
7477  31.325  -73.278  -25.579 0.1000000015
6827  27.721  -74.722  -24.483 0.2000000030
5626  28.553  -76.008  -24.788 0.2000000030
5599  28.279  -76.495  -23.485 0.3000000119
5609  29.025  -76.458  -24.220 0.4000000060
7497  30.936  -73.438  -28.092 0.3000000119
5608  30.153  -76.525  -24.774 0.4000000060
117176  29.930  -76.840  -23.722 0.4000000060
7510  31.175  -72.798  -28.957 0.2000000030
6867  31.893  -74.551  -29.324 0.2000000030
6259  31.361  -74.672  -30.250 0.3000000119
6260  30.475  -75.051  -30.638 0.4000000060
124629  21.351  -74.389  -25.334 0.2000000030
6878  29.707  -74.470  -30.654 0.2000000030
6261  29.457  -75.345  -30.697 0.2000000030
6838  20.556  -74.134  -25.120 0.2000000030
6874  27.843  -75.023  -30.074 0.2000000030
6262  28.659  -75.354  -30.484 0.4000000060
6256  27.258  -75.648  -29.677 0.4000000060
6242  24.056  -75.000  -26.661 0.3000000119
6875  26.273  -75.025  -29.243 0.2000000030
6241  24.324  -75.148  -27.761 0.3000000119
6258  25.735  -75.253  -28.912 0.2000000030
6252  24.918  -75.135  -28.375 0.2000000030
110249  14.282  -80.582  -28.372 0.3000000119
1753  6.529  -84.215  6.856 0.2000000030
1358  6.333  -84.954  7.240 0.2000000030
1752  7.086  -83.130  6.574 0.3000000119
2196  7.671  -81.893  4.487 0.3000000119
2185  7.630  -81.996  5.362 0.2000000030
1758  7.282  -82.942  5.661 0.2000000030
2684  8.077  -81.175  2.920 0.3000000119
2678  7.927  -80.798  4.053 0.3000000119
2662  7.733  -80.975  5.034 0.3000000119
3202  8.457  -80.010  1.607 0.3000000119
3196  8.292  -80.118  2.495 0.3000000119
3197  8.103  -80.051  3.347 0.4000000060
3719  8.311  -79.135  1.153 0.3000000119
4239  7.942  -78.515  0.757 0.4000000060
110771  11.980  -83.650  -0.128 0.1000000015
2254  12.115  -82.831  -0.603 0.1000000015
125996  11.893  -81.865  -0.160 0.1000000015
4261  7.759  -78.031  -1.081 0.4000000060
2703  12.311  -81.980  -1.063 0.1000000015
3220  11.809  -81.008  -0.534 0.1000000015
3236  12.092  -80.892  -1.415 0.1000000015
3250  12.608  -80.827  -2.244 0.1000000015
2739  14.811  -81.535  -2.954 0.2000000030
2266  15.207  -82.621  -0.945 0.1000000015
2724  14.979  -80.988  -2.344 0.1000000015
2265  15.766  -83.031  -1.737 0.1000000015
2282  15.286  -82.371  -1.753 0.1000000015
8055  32.187  -73.017  -21.933 0.1000000015
7450  33.126  -73.393  -21.956 0.1000000015
121561  31.396  -72.763  -22.163 0.1000000015
8064  32.851  -73.166  -22.812 0.1000000015
8065  31.828  -72.967  -22.971 0.1000000015
121879  30.031  -72.572  -22.429 0.1000000015
8073  33.583  -73.197  -23.655 0.1000000015
8074  32.701  -73.105  -23.741 0.1000000015
113477  30.801  -72.804  -22.690 0.1000000015
8075  31.922  -73.077  -23.913 0.1000000015
8077  28.762  -73.072  -23.105 0.1000000015
8087  32.619  -73.079  -24.770 0.1000000015
120053  32.118  -73.121  -25.391 0.1000000015
8078  27.808  -73.519  -23.432 0.1000000015
6817  26.727  -74.032  -23.233 0.1000000015
8098  32.147  -72.967  -26.336 0.1000000015
8110  32.218  -72.532  -27.416 0.1000000015
7472  27.493  -74.269  -23.884 0.1000000015
6188  27.125  -75.474  -23.713 0.2000000030
8125  32.388  -72.105  -28.080 0.1000000015
130982  27.358  -76.129  -22.475 0.3000000119
5587  28.494  -76.678  -22.642 0.4000000060
5598  29.152  -76.791  -23.245 0.4000000060
8137  31.897  -72.039  -28.617 0.1000000015
5586  29.428  -76.814  -22.334 0.4000000060
5570  30.654  -76.670  -21.128 0.4000000060
117488  31.092  -72.804  -29.516 0.1000000015
7521  30.889  -73.495  -30.171 0.2000000030
8145  30.900  -72.314  -30.025 0.1000000015
7522  30.217  -73.535  -30.472 0.2000000030
6830  19.947  -74.153  -24.409 0.3000000119
6189  19.618  -74.768  -23.467 0.3000000119
5601  19.752  -75.712  -23.000 0.4000000060
8150  30.597  -72.827  -30.217 0.1000000015
121331  19.818  -76.103  -24.594 0.3000000119
6873  28.153  -74.102  -30.030 0.2000000030
6879  28.748  -74.597  -30.420 0.2000000030
7511  27.078  -73.580  -28.755 0.1000000015
118302  27.451  -74.454  -29.674 0.2000000030
6859  22.155  -74.043  -27.432 0.2000000030
7520  26.714  -74.421  -29.201 0.1000000015
6871  22.949  -73.993  -27.813 0.2000000030
6857  23.635  -74.595  -27.660 0.2000000030
7513  24.963  -74.190  -28.245 0.1000000015
128348  23.828  -74.303  -28.031 0.2000000030
4580  14.796  -78.580  -27.728 0.6000000238
4063  14.871  -79.168  -28.178 0.4000000060
6870  24.894  -74.706  -28.358 0.2000000030
120584  15.398  -79.705  -28.141 0.4000000060
111176  15.150  -80.440  -28.286 0.3000000119
2564  16.338  -81.780  -28.723 0.2000000030
1355  6.760  -84.621  9.116 0.3000000119
1022  6.569  -85.450  6.800 0.2000000030
118346  6.545  -84.690  8.212 0.2000000030
1351  6.961  -84.485  10.132 0.3000000119
1015  6.708  -85.226  7.651 0.2000000030
1743  6.406  -84.109  9.185 0.3000000119
758  6.759  -85.821  5.127 0.1000000015
1747  6.531  -83.815  8.342 0.3000000119
2168  6.659  -83.080  9.087 0.3000000119
2173  7.041  -82.730  8.230 0.3000000119
2648  7.586  -81.368  6.748 0.4000000060
2637  7.426  -81.408  7.611 0.4000000060
124587  7.788  -79.797  4.025 0.4000000060
3167  7.671  -79.954  4.739 0.3000000119
125406  7.530  -78.986  2.670 0.4000000060
3182  7.506  -79.324  3.448 0.4000000060
3709  8.152  -79.241  2.080 0.4000000060
4249  7.930  -78.123  -0.175 0.4000000060
4226  7.432  -78.470  1.317 0.5000000000
4262  6.995  -78.361  -1.127 0.5000000000
3205  11.893  -80.328  0.037 0.1000000015
3249  13.268  -80.275  -2.782 0.2000000030
3262  14.131  -80.917  -3.113 0.2000000030
2725  14.557  -80.429  -2.694 0.1000000015
112335  34.039  -73.899  -21.923 0.1000000015
130143  33.262  -73.724  -21.254 0.1000000015
125423  34.340  -73.425  -23.627 0.1000000015
8058  29.579  -72.068  -21.992 0.1000000015
8066  29.116  -72.610  -22.555 0.1000000015
8086  33.574  -73.093  -24.635 0.1000000015
110447  33.572  -72.990  -25.562 0.1000000015
8067  27.953  -72.724  -22.648 0.1000000015
123643  26.289  -73.560  -22.476 0.1000000015
3397  28.466  -80.186  -15.179 0.3000000119
8109  33.203  -72.021  -27.750 0.1000000015
6806  26.152  -74.255  -22.533 0.1000000015
6124  29.338  -75.220  -18.423 0.3000000119
5539  29.936  -75.945  -18.378 0.3000000119
4987  29.185  -76.764  -17.542 0.3000000119
6168  27.152  -75.731  -21.872 0.4000000060
113692  29.324  -75.204  -19.727 0.3000000119
6145  29.884  -75.193  -19.211 0.3000000119
5538  30.711  -75.999  -18.879 0.4000000060
116713  30.263  -76.920  -17.621 0.4000000060
4969  29.688  -77.610  -17.019 0.3000000119
8124  32.736  -71.739  -28.042 0.1000000015
8843  32.193  -71.561  -28.327 0.1000000015
6154  27.584  -75.216  -20.766 0.3000000119
6167  28.182  -75.958  -21.217 0.4000000060
6153  28.582  -75.408  -20.379 0.3000000119
6166  29.304  -75.985  -20.678 0.4000000060
120117  31.574  -71.790  -28.942 0.1000000015
8844  31.166  -71.509  -29.245 0.1000000015
6794  20.163  -74.587  -21.849 0.3000000119
8845  30.356  -71.300  -29.195 0.1000000015
7473  20.255  -73.501  -24.674 0.3000000119
7463  19.902  -73.374  -23.860 0.3000000119
7453  19.940  -73.282  -22.763 0.3000000119
6807  19.744  -74.216  -22.546 0.3000000119
114627  29.540  -72.203  -29.997 0.1000000015
8151  29.812  -72.798  -30.280 0.1000000015
7482  20.767  -73.655  -25.415 0.2000000030
127697  20.178  -75.784  -22.103 0.4000000060
123450  19.838  -76.542  -23.542 0.5000000000
8148  28.108  -72.922  -29.181 0.1000000015
7481  21.015  -73.584  -26.217 0.2000000030
8139  27.466  -72.913  -28.204 0.1000000015
8111  26.176  -72.414  -26.265 0.1000000015
8140  26.386  -73.381  -27.809 0.1000000015
110348  23.998  -73.926  -28.036 0.2000000030
7498  25.243  -73.500  -27.731 0.1000000015
7499  24.273  -73.350  -27.783 0.1000000015
3539  16.504  -80.257  -27.702 0.5000000000
3540  16.091  -79.678  -27.990 0.5000000000
3039  15.673  -81.258  -28.501 0.2000000030
3550  15.933  -80.360  -28.257 0.4000000060
124686  18.255  -82.512  -30.017 0.3000000119
1348  6.737  -84.069  11.135 0.3000000119
747  6.983  -85.916  6.406 0.2000000030
737  7.050  -85.605  7.343 0.2000000030
1740  6.477  -83.891  10.319 0.3000000119
124400  6.672  -82.372  9.745 0.3000000119
113450  7.406  -81.964  8.154 0.4000000060
2167  7.137  -82.111  8.906 0.3000000119
3142  7.175  -80.555  7.143 0.4000000060
3126  7.082  -80.830  7.937 0.4000000060
3667  7.060  -79.486  5.117 0.5000000000
114433  6.862  -79.690  5.855 0.5000000000
3699  6.445  -79.100  2.920 0.5000000000
3745  6.737  -78.839  -1.949 0.5000000000
118092  6.492  -79.107  -1.188 0.5000000000
3253  6.500  -79.827  -2.519 0.5000000000
3265  6.660  -80.716  -3.735 0.5000000000
3382  21.313  -80.529  -14.180 0.3000000119
8057  30.617  -72.372  -21.829 0.1000000015
7461  34.440  -73.178  -24.530 0.1000000015
8085  34.581  -72.877  -25.688 0.1000000015
5530  27.653  -75.832  -17.590 0.3000000119
5529  28.381  -76.273  -17.604 0.3000000119
3932  27.485  -79.059  -16.188 0.3000000119
6125  28.594  -75.217  -18.086 0.3000000119
115089  29.131  -75.833  -17.940 0.3000000119
4988  28.260  -77.072  -17.301 0.3000000119
4970  28.677  -77.631  -16.945 0.3000000119
4449  28.172  -78.389  -16.453 0.3000000119
3919  28.900  -79.371  -15.538 0.3000000119
6133  29.738  -74.971  -18.850 0.3000000119
4448  29.164  -78.247  -16.467 0.3000000119
4436  28.803  -78.751  -16.046 0.3000000119
4435  29.569  -78.782  -15.895 0.3000000119
9599  32.309  -71.207  -28.143 0.1000000015
6774  28.365  -74.673  -19.678 0.3000000119
4483  20.416  -77.964  -19.254 0.6000000238
8090  20.758  -72.243  -24.425 0.3000000119
5589  20.396  -76.654  -22.212 0.5000000000
5037  21.227  -77.721  -21.816 0.5000000000
2563  17.354  -82.309  -29.529 0.3000000119
1345  7.016  -84.147  11.777 0.2000000030
1730  6.594  -83.522  12.144 0.2000000030
1008  7.639  -84.930  9.788 0.2000000030
113429  7.369  -84.722  10.158 0.3000000119
1003  7.252  -84.575  11.035 0.3000000119
1723  6.746  -83.247  12.960 0.2000000030
729  7.306  -85.274  8.118 0.2000000030
124219  6.425  -83.477  11.442 0.3000000119
2159  6.330  -82.906  10.432 0.3000000119
2150  6.171  -82.922  11.197 0.3000000119
2158  6.668  -81.538  9.378 0.4000000060
111097  6.318  -81.978  10.540 0.3000000119
2623  7.146  -81.449  8.435 0.4000000060
3127  6.569  -80.837  8.569 0.4000000060
3143  6.462  -80.281  7.768 0.4000000060
126250  6.380  -79.640  5.373 0.5000000000
3657  6.196  -79.865  6.393 0.5000000000
121398  5.501  -80.861  3.274 0.6000000238
3368  20.673  -80.125  -13.535 0.3000000119
3381  21.947  -80.164  -14.707 0.3000000119
3403  22.650  -79.805  -15.230 0.3000000119
3402  23.495  -80.293  -15.548 0.3000000119
3933  26.488  -79.055  -16.422 0.3000000119
3921  26.960  -79.860  -15.880 0.3000000119
4971  26.913  -77.592  -16.935 0.3000000119
4450  27.186  -78.335  -16.630 0.3000000119
4451  26.356  -78.200  -16.782 0.3000000119
4989  27.456  -76.855  -17.271 0.3000000119
119120  27.758  -77.655  -16.915 0.3000000119
5574  21.194  -77.103  -21.136 0.6000000238
2129  7.180  -82.579  13.687 0.2000000030
1714  6.901  -82.980  13.458 0.2000000030
1722  7.346  -83.622  13.186 0.1000000015
1339  7.139  -83.911  12.523 0.1000000015
2136  6.286  -82.639  13.264 0.2000000030
721  7.456  -85.044  8.917 0.2000000030
2137  5.689  -82.317  12.934 0.2000000030
2596  5.861  -82.144  11.604 0.3000000119
2609  6.142  -81.303  10.073 0.4000000060
3128  5.939  -80.429  8.588 0.4000000060
3658  5.784  -80.103  7.055 0.6000000238
3144  5.654  -80.275  7.793 0.4000000060
3129  5.295  -80.601  8.548 0.5000000000
3168  5.545  -80.644  5.115 0.6000000238
3158  5.592  -80.387  6.485 0.6000000238
2649  5.175  -80.893  7.208 0.6000000238
2638  4.731  -81.104  7.967 0.5000000000
2679  5.255  -81.646  3.847 0.6000000238
118943  5.261  -82.038  2.994 0.6000000238
3904  21.857  -79.268  -14.768 0.3000000119
4453  24.429  -78.314  -16.152 0.3000000119
4973  25.519  -77.246  -16.754 0.3000000119
117586  25.643  -77.997  -16.763 0.3000000119
3934  25.560  -79.255  -16.356 0.3000000119
5532  26.059  -76.730  -17.033 0.2000000030
4972  26.162  -77.476  -16.950 0.3000000119
5551  19.201  -76.487  -19.385 0.6000000238
2135  7.566  -83.340  13.608 0.1000000015
2570  6.736  -81.649  13.804 0.2000000030
1338  7.711  -84.385  12.849 0.1000000015
1721  7.991  -84.074  13.439 0.1000000015
2130  6.379  -82.333  13.665 0.2000000030
720  7.951  -85.219  9.367 0.1000000015
712  8.052  -85.281  10.381 0.2000000030
990  8.016  -85.143  12.351 0.1000000015
490  8.664  -85.664  8.301 0.1000000015
1002  7.699  -84.925  10.682 0.2000000030
1344  7.446  -84.545  12.035 0.2000000030
728  7.750  -85.265  8.405 0.1000000015
2587  5.131  -81.721  12.640 0.2000000030
2610  5.706  -81.507  10.935 0.3000000119
2588  4.672  -81.256  12.098 0.2000000030
2144  5.547  -82.155  12.349 0.2000000030
3115  5.473  -80.870  10.223 0.4000000060
2589  4.346  -80.893  11.569 0.3000000119
2639  4.055  -81.864  7.909 0.6000000238
2624  4.385  -81.114  8.820 0.4000000060
112188  4.377  -81.832  7.165 0.6000000238
2658  4.899  -81.810  5.540 0.6000000238
2197  4.771  -82.421  4.305 0.6000000238
2663  5.202  -81.593  4.660 0.6000000238
2217  4.269  -82.955  3.907 0.6000000238
2225  4.560  -83.028  3.211 0.6000000238
1785  3.968  -83.370  3.351 0.6000000238
116313  8.057  -82.813  13.633 0.2000000030
2571  5.829  -81.711  13.729 0.2000000030
2572  5.385  -81.629  13.482 0.2000000030
2573  4.956  -81.278  13.154 0.2000000030
3095  4.370  -80.913  12.090 0.2000000030
2611  3.903  -81.105  9.452 0.3000000119
2612  3.862  -80.840  10.029 0.3000000119
3096  3.902  -80.358  11.804 0.3000000119
2640  3.459  -81.891  7.744 0.5000000000
2625  3.685  -81.534  8.590 0.5000000000
2651  3.848  -82.212  7.067 0.5000000000
2180  4.204  -82.216  6.224 0.6000000238
2181  3.594  -82.176  6.262 0.6000000238
2198  4.637  -82.347  4.909 0.6000000238
2186  4.195  -82.533  5.299 0.6000000238
129596  3.381  -82.076  5.665 0.6000000238
112969  4.191  -82.823  4.614 0.6000000238
2199  3.834  -82.706  4.850 0.6000000238
2218  3.734  -82.974  4.011 0.6000000238
1786  3.585  -83.207  3.264 0.6000000238
3070  7.605  -80.947  13.408 0.2000000030
127514  6.849  -80.710  13.629 0.2000000030
3071  6.034  -81.017  13.814 0.2000000030
3587  7.431  -79.951  13.032 0.2000000030
3082  6.404  -80.078  13.448 0.2000000030
3580  5.502  -80.426  13.458 0.2000000030
124206  4.682  -80.921  12.950 0.2000000030
3592  3.894  -79.983  12.183 0.2000000030
3130  2.772  -80.752  9.172 0.4000000060
119872  3.261  -80.703  10.036 0.3000000119
123536  3.241  -80.294  10.623 0.3000000119
3604  3.494  -79.620  11.494 0.3000000119
2652  3.254  -81.876  6.880 0.6000000238
3145  2.892  -81.378  7.508 0.6000000238
3632  2.552  -79.686  8.720 0.4000000060
3623  2.768  -79.825  10.027 0.4000000060
3612  3.220  -79.587  10.833 0.3000000119
108478  2.651  -80.462  7.145 0.6000000238
3164  2.795  -80.780  5.638 0.6000000238
109141  2.672  -80.098  6.312 0.6000000238
109829  3.043  -81.663  5.308 0.6000000238
2200  3.430  -82.508  4.316 0.6000000238
111684  7.094  -73.293  -21.207 0.5000000000
7444  6.399  -73.858  -21.779 0.5000000000
3588  6.792  -79.177  13.006 0.2000000030
3589  5.804  -79.387  13.195 0.2000000030
4099  5.197  -78.622  12.828 0.2000000030
4647  3.870  -78.482  12.016 0.3000000119
115541  3.646  -79.245  11.977 0.3000000119
4120  3.335  -78.791  10.911 0.3000000119
108310  2.642  -78.743  7.021 0.6000000238
112370  2.609  -78.472  8.022 0.5000000000
4142  2.700  -78.635  9.342 0.5000000000
108693  2.730  -79.046  6.252 0.6000000238
3668  2.792  -79.557  5.531 0.6000000238
8071  7.067  -72.227  -22.348 0.5000000000
7455  6.891  -72.952  -22.935 0.5000000000
8082  6.986  -71.990  -23.294 0.5000000000
4098  6.226  -78.450  12.805 0.2000000030
4646  4.501  -78.304  12.450 0.2000000030
4657  4.364  -77.677  12.049 0.2000000030
4658  3.814  -77.888  11.465 0.3000000119
4684  3.601  -77.410  9.920 0.4000000060
4672  3.339  -78.012  10.406 0.4000000060
4700  3.425  -77.262  9.207 0.6000000238
5249  3.275  -76.912  6.046 0.6000000238
127142  4.209  -76.713  7.306 0.6000000238
5247  4.907  -76.561  6.922 0.6000000238
8781  6.893  -71.595  -21.719 0.5000000000
8789  6.762  -71.245  -22.670 0.4000000060
4656  4.970  -76.923  12.094 0.2000000030
5192  3.991  -77.147  10.845 0.2000000030
120679  3.788  -77.548  11.060 0.2000000030
5207  4.496  -76.467  9.505 0.3000000119
5208  4.111  -76.910  10.199 0.3000000119
5220  5.356  -75.972  8.010 0.4000000060
5222  4.033  -76.841  8.868 0.5000000000
6446  5.550  -75.375  7.504 0.5000000000
129139  5.642  -75.798  7.365 0.5000000000
131254  4.578  -75.707  9.864 0.3000000119
6458  6.060  -74.981  6.738 0.6000000238
7084  5.768  -74.327  6.389 0.6000000238
6480  6.557  -74.569  4.847 0.6000000238
7732  5.219  -73.105  5.325 0.6000000238
8554  4.434  -71.767  -5.731 0.2000000030
9282  4.314  -71.718  -3.719 0.2000000030
9263  4.745  -71.357  -3.515 0.2000000030
9280  4.934  -71.025  -4.582 0.1000000015
10031  5.232  -70.886  -2.868 0.1000000015
10030  5.157  -70.743  -2.636 0.1000000015
10003  5.075  -69.963  -1.427 0.1000000015
108476  3.588  -66.858  0.537 0.2000000030
109478  3.160  -66.677  0.999 0.2000000030
12071  3.843  -66.412  0.194 0.1000000015
127422  3.363  -65.934  0.471 0.2000000030
12826  2.896  -65.351  0.282 0.2000000030
12007  9.892  -66.410  3.696 0.5000000000
12006  10.783  -66.314  4.006 0.3000000119
13520  11.822  -64.522  3.666 0.4000000060
14459  16.472  -63.396  0.398 0.1000000015
14449  16.254  -63.973  2.175 0.1000000015
122403  16.553  -63.215  1.525 0.1000000015
113943  15.426  -63.168  2.954 0.1000000015
12756  8.620  -65.781  3.447 0.6000000238
12754  10.468  -65.642  3.697 0.4000000060
109213  10.955  -64.065  3.641 0.4000000060
108846  10.098  -64.551  3.649 0.4000000060
13522  8.233  -64.192  3.519 0.6000000238
14412  12.864  -63.675  3.457 0.1000000015
108433  9.501  -63.579  3.707 0.4000000060
14431  14.603  -63.469  3.257 0.1000000015
15258  13.520  -63.170  3.183 0.1000000015
15280  16.064  -62.598  2.497 0.1000000015
123984  14.856  -62.961  2.926 0.1000000015
130005  8.845  -65.169  3.505 0.6000000238
118837  10.229  -63.597  3.667 0.4000000060
131189  10.537  -62.398  3.619 0.4000000060
123548  9.916  -62.710  3.735 0.4000000060
15300  16.510  -62.473  1.821 0.1000000015
115705  15.060  -62.400  2.641 0.1000000015
112639  14.756  -61.616  2.305 0.1000000015
130206  12.490  -62.053  2.990 0.2000000030
15259  12.405  -62.796  3.224 0.3000000119
110793  14.007  -61.989  2.542 0.1000000015
112160  10.460  -61.042  3.720 0.5000000000
126097  10.111  -61.802  3.755 0.5000000000
16049  11.707  -61.986  3.222 0.5000000000
16091  16.501  -61.637  1.248 0.1000000015
16080  16.137  -61.227  1.694 0.1000000015
16063  15.720  -61.770  2.236 0.1000000015
16066  12.144  -61.376  2.985 0.4000000060
114686  9.691  -61.110  3.816 0.5000000000
16844  15.814  -60.457  1.379 0.1000000015
16845  14.195  -60.173  1.809 0.2000000030
16064  13.814  -61.039  2.230 0.1000000015
16828  12.669  -60.798  2.645 0.4000000060
23797  10.225  -51.747  -2.571 0.4000000060
24649  11.570  -51.274  -3.712 0.4000000060
20360  6.347  -56.551  -13.362 0.3000000119
19399  6.068  -57.181  -12.886 0.3000000119
111655  10.033  -60.323  3.931 0.5000000000
126262  11.289  -61.156  3.420 0.5000000000
131008  15.032  -60.157  1.522 0.2000000030
16827  13.093  -59.976  2.242 0.2000000030
122490  12.257  -60.082  2.797 0.3000000119
16829  11.787  -60.561  3.153 0.5000000000
24648  12.559  -50.915  -4.270 0.6000000238
20347  5.476  -56.820  -12.164 0.4000000060
19400  5.689  -57.089  -12.409 0.4000000060
18503  4.901  -57.945  -11.109 0.4000000060
19398  6.721  -57.221  -13.259 0.3000000119
19390  5.328  -57.365  -11.783 0.4000000060
18510  6.504  -57.766  -12.677 0.4000000060
16868  16.211  -60.274  0.287 0.2000000030
115030  15.429  -59.746  1.133 0.2000000030
17613  14.989  -58.945  0.895 0.2000000030
16814  10.963  -60.201  3.745 0.5000000000
17596  14.580  -59.520  1.433 0.2000000030
131081  13.499  -58.624  1.761 0.3000000119
18315  12.424  -58.415  2.787 0.3000000119
18305  11.304  -58.274  3.986 0.4000000060
18306  10.577  -58.621  4.111 0.4000000060
119846  6.303  -58.228  -11.995 0.4000000060
18502  5.642  -58.104  -11.577 0.4000000060
18493  5.518  -58.479  -10.772 0.4000000060
130427  7.072  -57.820  -12.949 0.3000000119
18492  6.222  -58.558  -11.187 0.4000000060
18345  15.565  -58.631  0.179 0.2000000030
18346  14.979  -58.189  0.613 0.2000000030
18329  13.757  -57.898  1.449 0.3000000119
126688  14.486  -58.258  1.024 0.3000000119
19179  13.842  -56.832  1.384 0.3000000119
20115  12.385  -56.489  3.248 0.4000000060
17570  10.358  -59.473  4.000 0.5000000000
18314  13.031  -58.085  2.140 0.3000000119
19166  12.555  -57.405  2.850 0.3000000119
20116  11.740  -56.456  3.658 0.4000000060
114132  10.000  -58.122  4.075 0.4000000060
24675  17.587  -50.089  -5.624 0.6000000238
24658  19.023  -51.188  -5.071 0.6000000238
126885  6.261  -58.970  -10.326 0.4000000060
17727  6.924  -58.954  -10.658 0.4000000060
117292  7.000  -58.227  -12.317 0.4000000060
18501  6.911  -58.572  -11.506 0.4000000060
19194  14.520  -57.442  0.822 0.3000000119
19193  15.320  -57.593  0.239 0.1000000015
20127  13.417  -56.017  2.129 0.4000000060
20138  14.198  -55.842  1.434 0.3000000119
24673  19.359  -50.667  -5.545 0.6000000238
22221  6.089  -54.537  -12.257 0.4000000060
120605  15.090  -56.677  0.471 0.3000000119
124635  14.461  -56.526  0.939 0.3000000119
20166  16.533  -56.401  -0.156 0.1000000015
20155  14.969  -55.741  0.910 0.2000000030
115324  17.503  -55.810  -0.305 0.1000000015
21084  15.657  -54.696  1.010 0.3000000119
22067  17.612  -53.994  -0.524 0.4000000060
119550  20.277  -50.089  -4.449 0.6999999881
21094  18.022  -55.067  -0.376 0.2000000030
21108  18.046  -54.656  -0.699 0.4000000060
21133  19.654  -55.465  -3.487 0.2000000030
29886  11.452  -45.397  -10.449 0.3000000119
27220  8.267  -48.571  -11.722 0.5000000000
29883  14.970  -45.704  -10.866 0.2000000030
29885  12.412  -45.511  -10.716 0.4000000060
29887  10.467  -44.492  -10.234 0.4000000060
28120  9.781  -47.789  -13.295 0.4000000060
27259  9.471  -48.698  -13.641 0.4000000060
27241  9.338  -48.450  -12.655 0.5000000000
28100  9.235  -47.526  -12.238 0.5000000000
29884  14.094  -45.575  -10.938 0.4000000060
116209  13.253  -45.511  -10.893 0.4000000060
30695  11.857  -44.770  -10.824 0.4000000060
29888  9.605  -43.728  -9.899 0.4000000060
27258  9.905  -48.398  -14.502 0.3000000119
28119  10.211  -46.826  -13.470 0.4000000060
29898  12.627  -44.654  -11.137 0.3000000119
28139  10.305  -47.615  -14.515 0.4000000060
29105  10.797  -46.762  -14.570 0.3000000119
1069  10.680  -85.946  -0.964 0.1000000015
1062  10.143  -86.107  -0.171 0.1000000015
9303  4.635  -71.285  -5.192 0.1000000015
9281  4.666  -71.387  -4.290 0.2000000030
11367  4.297  -67.530  -0.548 0.1000000015
11368  4.177  -67.622  -0.115 0.1000000015
9261  5.184  -70.918  -3.669 0.1000000015
12082  4.006  -67.096  0.157 0.1000000015
10018  5.060  -70.359  -1.703 0.1000000015
9243  5.310  -70.449  -1.883 0.1000000015
10693  4.313  -69.397  -0.610 0.1000000015
4032  31.747  -79.536  -25.753 0.6999999881
4047  31.227  -78.844  -27.299 0.6000000238
4555  32.567  -78.279  -26.273 0.5000000000
4571  30.860  -78.654  -27.836 0.6000000238
5606  32.243  -76.917  -24.973 0.5000000000
115301  30.872  -76.879  -23.986 0.4000000060
5623  31.858  -76.530  -25.725 0.5000000000
5585  30.430  -76.901  -22.128 0.4000000060
5013  19.817  -77.700  -19.188 0.6000000238
5614  20.407  -75.283  -24.845 0.3000000119
6152  30.045  -75.717  -19.915 0.4000000060
10032  4.950  -71.026  -2.768 0.1000000015
10019  4.819  -70.701  -2.095 0.1000000015
23811  7.100  -52.713  -3.719 0.2000000030
22108  18.512  -54.697  -4.368 0.5000000000
5627  25.110  -76.311  -24.928 0.4000000060
178  16.257  -90.174  -20.695 0.2000000030
6229  24.804  -75.615  -25.403 0.4000000060
71  12.928  -89.602  -6.520 0.6000000238
64  13.744  -89.489  -5.814 0.6000000238
1790  3.758  -83.664  2.751 0.6000000238
2188  3.444  -82.245  5.051 0.6000000238
4714  2.892  -77.414  7.690 0.5000000000
5236  3.383  -76.928  7.201 0.6000000238
4701  2.901  -77.654  8.743 0.5000000000
5235  4.103  -76.744  8.033 0.6000000238
127526  5.435  -76.328  5.698 0.6000000238
5258  5.581  -76.271  6.488 0.6000000238
109395  5.244  -73.727  6.025 0.6000000238
21082  17.305  -54.828  0.065 0.2000000030
21121  18.299  -55.122  -2.480 0.4000000060
21122  17.581  -54.976  -2.697 0.3000000119
21143  18.826  -55.239  -3.974 0.4000000060
22096  20.266  -55.014  -3.950 0.4000000060
24663  14.525  -49.964  -4.948 0.5000000000
25506  12.465  -50.215  -5.247 0.4000000060
29869  9.000  -44.033  -8.967 0.4000000060
124785  9.844  -44.525  -9.580 0.4000000060
108772  18.700  -55.349  -0.948 0.2000000030
120561  10.918  -88.343  -8.053 0.5000000000
2781  17.073  -80.952  -6.556 0.3000000119
6846  23.480  -74.596  -25.847 0.3000000119
4240  7.355  -78.336  0.534 0.4000000060
3681  7.017  -78.869  3.080 0.4000000060
3673  5.929  -79.719  4.786 0.5000000000
3672  6.536  -79.381  4.529 0.4000000060
2216  4.902  -82.512  3.688 0.6000000238
1789  4.237  -83.676  2.659 0.6000000238
19154  12.056  -57.115  3.547 0.4000000060
19155  11.369  -57.290  3.946 0.4000000060
6858  23.125  -74.420  -27.031 0.2000000030
320  15.141  -89.581  -21.653 0.2000000030
193  14.001  -89.310  -1.864 0.5000000000
124067  12.777  -89.356  -2.570 0.5000000000
204  13.522  -89.444  -4.200 0.5000000000
198  14.087  -89.464  -3.450 0.6000000238
62  12.064  -89.090  -5.349 0.5000000000
213  11.814  -89.187  -6.601 0.5000000000
66  12.582  -89.258  -5.993 0.5000000000
126522  16.433  -88.654  -2.035 0.5000000000
5082  32.739  -76.789  -28.276 0.5000000000
5663  26.755  -76.382  -28.261 0.4000000060
2750  17.495  -81.896  -4.895 0.3000000119
2327  17.531  -82.451  -6.501 0.4000000060
838  10.735  -86.146  -6.235 0.5000000000
6225  31.968  -75.732  -27.374 0.3000000119
6855  32.036  -74.724  -28.736 0.2000000030
5669  27.652  -76.235  -29.551 0.3000000119
118111  7.374  -82.817  4.809 0.2000000030
2302  18.040  -82.657  -4.046 0.3000000119
2314  18.078  -82.588  -4.974 0.3000000119
1421  15.987  -84.154  -1.611 0.2000000030
1431  17.314  -83.701  -2.962 0.3000000119
1450  17.635  -83.737  -4.529 0.3000000119
124280  17.106  -84.173  -4.958 0.3000000119
1088  16.255  -84.833  -2.922 0.4000000060
1444  16.216  -84.918  -3.975 0.4000000060
1099  14.552  -85.641  -3.606 0.5000000000
6845  29.116  -75.033  -26.130 0.2000000030
7478  30.398  -73.600  -25.864 0.1000000015
6844  29.656  -74.645  -26.687 0.2000000030
6215  28.634  -75.447  -25.394 0.2000000030
125254  27.641  -75.729  -24.119 0.2000000030
7496  31.403  -72.724  -27.983 0.2000000030
6239  30.271  -74.718  -27.359 0.3000000119
127625  30.094  -75.668  -26.474 0.2000000030
5624  30.092  -76.095  -25.774 0.3000000119
6238  31.395  -74.964  -27.889 0.3000000119
119775  31.231  -73.629  -29.426 0.2000000030
6872  31.561  -74.279  -29.781 0.2000000030
128944  15.935  -82.272  -3.235 0.2000000030
1829  15.530  -83.453  -1.215 0.1000000015
1457  16.425  -84.576  -4.889 0.4000000060
1106  15.114  -85.327  -4.256 0.5000000000
1118  13.592  -85.241  -5.161 0.5000000000
5600  27.541  -76.105  -23.583 0.2000000030
119904  31.370  -72.223  -29.220 0.1000000015
7517  31.119  -73.546  -29.786 0.2000000030
7518  28.368  -73.378  -29.813 0.2000000030
7512  26.007  -74.108  -28.446 0.1000000015
124643  6.473  -84.339  7.653 0.2000000030
1746  6.835  -83.427  7.498 0.3000000119
2179  7.584  -82.144  6.260 0.2000000030
2172  7.433  -82.305  7.302 0.3000000119
3698  8.010  -79.496  2.846 0.4000000060
2656  7.664  -81.187  5.897 0.4000000060
127642  15.255  -81.109  -0.956 0.1000000015
6179  26.925  -75.824  -22.931 0.2000000030
5572  28.815  -76.518  -21.691 0.4000000060
114355  7.052  -85.051  8.628 0.2000000030
3157  7.394  -80.517  6.314 0.4000000060
3671  7.242  -79.404  4.297 0.4000000060
3682  6.768  -79.098  3.726 0.4000000060
3162  7.456  -80.171  5.597 0.5000000000
6792  26.090  -74.316  -21.862 0.1000000015
126514  30.228  -75.370  -18.967 0.3000000119
498  7.898  -85.730  7.243 0.1000000015
5531  26.779  -76.306  -17.265 0.2000000030
3931  28.238  -79.026  -15.963 0.3000000119
2143  6.041  -82.829  12.171 0.2000000030
3114  6.108  -80.822  9.388 0.3000000119
3163  5.803  -79.966  5.689 0.6000000238
719  8.297  -85.477  8.827 0.1000000015
2597  5.243  -81.642  11.875 0.2000000030
114809  5.357  -80.639  9.286 0.4000000060
2650  4.902  -81.481  6.457 0.6000000238
2598  4.833  -80.984  11.151 0.2000000030
119576  4.206  -80.785  10.326 0.4000000060
3116  4.645  -80.717  9.824 0.4000000060
113086  4.054  -80.661  11.337 0.3000000119
3072  5.349  -81.244  13.571 0.2000000030
2613  3.381  -81.182  9.314 0.3000000119
3104  3.719  -80.595  10.656 0.3000000119
3590  4.921  -79.809  13.089 0.2000000030
120179  2.633  -80.667  8.125 0.6000000238
4112  3.532  -78.669  11.448 0.3000000119
3159  2.809  -81.161  6.593 0.6000000238
109271  2.546  -79.597  7.621 0.6000000238
4130  3.053  -78.743  10.312 0.4000000060
4685  3.113  -77.866  9.731 0.5000000000
112743  3.977  -76.994  9.533 0.4000000060
5234  5.008  -76.458  7.765 0.6000000238
5221  4.799  -76.413  8.605 0.5000000000
5816  4.812  -75.779  9.059 0.4000000060
5827  5.071  -75.454  8.333 0.5000000000
6459  5.282  -74.642  7.204 0.6000000238
7085  4.623  -73.938  6.706 0.6000000238
9262  4.993  -71.101  -3.691 0.1000000015
109486  4.670  -68.423  -0.582 0.1000000015
10692  4.797  -69.590  -1.003 0.1000000015
12080  4.294  -66.974  -0.494 0.1000000015
14413  11.778  -63.569  3.497 0.3000000119
16065  13.056  -61.624  2.677 0.1000000015
16081  15.086  -60.915  1.876 0.2000000030
17581  12.980  -58.962  2.197 0.3000000119
17583  11.693  -59.705  3.335 0.3000000119
18316  11.823  -58.799  3.439 0.3000000119
123282  16.369  -60.468  -0.584 0.2000000030
17625  15.967  -59.521  0.158 0.2000000030
18304  11.974  -57.896  3.517 0.4000000060
19203  16.890  -57.495  -1.061 0.1000000015
20154  15.878  -55.815  0.403 0.2000000030
10676  4.627  -68.432  -0.433 0.1000000015
1486  22.444  -84.391  -8.294 0.2000000030
1886  22.885  -83.851  -8.767 0.2000000030
559  17.122  -87.711  -5.612 0.3000000119
1136  23.484  -85.772  -7.052 0.1000000015
1485  23.439  -84.470  -8.223 0.2000000030
1885  23.906  -83.906  -8.730 0.2000000030
1887  21.951  -83.829  -8.833 0.2000000030
824  18.638  -86.894  -5.723 0.3000000119
122573  22.106  -84.837  -7.851 0.2000000030
784  20.392  -86.246  -1.390 0.1000000015
538  20.144  -86.930  -2.876 0.1000000015
811  21.251  -86.511  -4.086 0.1000000015
1126  22.881  -86.081  -6.438 0.1000000015
1484  24.577  -84.563  -8.116 0.2000000030
129445  18.452  -87.782  -4.702 0.3000000119
833  20.256  -86.399  -5.968 0.3000000119
1896  24.366  -83.379  -9.287 0.2000000030
1128  20.718  -85.798  -6.479 0.3000000119
2346  23.682  -82.723  -9.925 0.2000000030
1897  23.303  -83.310  -9.285 0.2000000030
532  19.777  -86.747  -1.440 0.2000000030
539  19.707  -87.109  -2.158 0.2000000030
802  21.359  -86.432  -3.267 0.1000000015
820  22.481  -86.100  -5.418 0.1000000015
821  21.617  -86.350  -5.396 0.1000000015
1125  23.907  -86.038  -6.378 0.1000000015
121872  19.119  -87.147  -5.059 0.3000000119
823  19.737  -86.801  -5.368 0.3000000119
2358  24.354  -82.343  -10.463 0.2000000030
1137  22.275  -85.496  -7.199 0.2000000030
776  19.254  -86.263  -0.118 0.2000000030
786  18.832  -86.709  -0.228 0.2000000030
775  20.015  -85.883  -0.526 0.1000000015
528  19.140  -86.991  -0.869 0.2000000030
533  18.725  -87.471  -1.221 0.2000000030
540  19.016  -87.580  -2.062 0.2000000030
544  20.653  -86.719  -3.495 0.1000000015
338  19.352  -87.541  -3.015 0.2000000030
812  21.050  -86.586  -4.805 0.1000000015
831  22.260  -86.197  -5.879 0.1000000015
557  19.620  -87.001  -4.757 0.3000000119
2345  24.874  -82.901  -9.846 0.2000000030
1473  22.943  -84.993  -7.690 0.2000000030
111509  18.413  -87.235  -0.435 0.2000000030
333  18.227  -87.944  -1.848 0.3000000119
339  18.486  -88.049  -2.730 0.2000000030
545  19.908  -87.041  -3.645 0.1000000015
822  20.738  -86.610  -5.372 0.1000000015
1127  21.794  -85.908  -6.409 0.1000000015
556  20.260  -86.793  -4.798 0.1000000015
343  18.604  -88.052  -3.583 0.3000000119
832  21.286  -86.335  -5.856 0.2000000030
6212  7.116  -75.283  -24.991 0.4000000060
4065  13.089  -79.215  -28.606 0.3000000119
777  18.498  -86.546  0.202 0.2000000030
522  18.089  -87.011  0.164 0.2000000030
546  19.249  -87.558  -3.907 0.2000000030
550  20.477  -86.754  -4.205 0.1000000015
348  18.567  -87.943  -4.293 0.3000000119
6825  6.416  -74.533  -23.379 0.4000000060
6198  6.492  -74.977  -23.392 0.4000000060
6854  8.430  -75.123  -26.508 0.5000000000
126253  7.086  -74.443  -25.608 0.4000000060
6842  7.086  -74.985  -25.814 0.4000000060
6235  9.341  -75.627  -26.834 0.5000000000
766  18.174  -86.302  0.520 0.2000000030
8106  7.300  -72.909  -25.142 0.4000000060
6814  6.079  -74.476  -22.417 0.4000000060
7485  7.371  -73.771  -25.596 0.4000000060
113032  6.939  -73.232  -24.714 0.4000000060
7465  6.711  -73.970  -24.338 0.4000000060
8104  8.842  -72.172  -26.069 0.3000000119
7494  9.713  -73.667  -26.771 0.4000000060
6248  10.131  -75.433  -27.192 0.4000000060
3038  16.491  -81.134  -28.350 0.3000000119
8790  6.618  -70.238  -22.893 0.3000000119
8797  6.827  -71.003  -23.561 0.4000000060
8805  7.381  -71.849  -24.828 0.4000000060
9532  6.928  -70.299  -23.663 0.3000000119
8804  7.767  -71.192  -25.132 0.4000000060
8818  7.749  -72.114  -25.384 0.4000000060
8817  8.342  -71.642  -25.629 0.4000000060
3037  17.170  -81.508  -28.468 0.2000000030
9517  6.256  -69.673  -22.111 0.3000000119
6852  10.279  -74.479  -27.089 0.4000000060
8769  6.319  -70.928  -21.058 0.3000000119
7509  11.115  -74.381  -27.374 0.4000000060
9467  7.572  -70.752  -18.890 0.3000000119
10230  7.130  -69.808  -23.253 0.3000000119
10175  6.879  -70.241  -19.248 0.3000000119
10187  5.912  -69.453  -20.708 0.3000000119
8725  9.355  -71.669  -17.572 0.3000000119
8803  8.701  -70.856  -25.243 0.3000000119
9466  8.283  -70.393  -18.539 0.3000000119
8739  8.820  -71.033  -18.035 0.3000000119
10863  8.686  -68.942  -18.585 0.3000000119
10864  7.533  -68.806  -18.903 0.3000000119
111009  7.975  -69.582  -18.742 0.3000000119
9465  9.184  -70.296  -18.207 0.3000000119
9449  9.707  -70.901  -17.845 0.3000000119
10176  6.187  -69.501  -19.807 0.3000000119
127552  10.216  -71.473  -17.485 0.4000000060
127881  9.858  -68.710  -18.451 0.3000000119
10165  10.443  -69.483  -18.325 0.3000000119
9448  10.675  -70.902  -17.757 0.3000000119
8724  11.212  -71.756  -17.181 0.3000000119
8707  12.064  -72.225  -16.443 0.3000000119
9447  11.681  -70.911  -17.711 0.2000000030
8723  12.366  -71.634  -17.177 0.3000000119
8706  13.453  -71.550  -16.373 0.2000000030
2579  7.751  -81.897  13.560 0.1000000015
108696  8.261  -81.250  13.034 0.1000000015
111974  11.100  -64.914  -7.501 0.3000000119
13711  10.303  -65.221  -8.980 0.3000000119
13693  10.485  -65.006  -7.813 0.3000000119
7733  3.969  -72.594  5.480 0.5000000000
7072  3.989  -74.136  7.559 0.5000000000
7102  4.163  -73.325  6.040 0.5000000000
7734  2.887  -72.086  5.752 0.5000000000
17719  7.025  -59.505  -9.828 0.3000000119
8351  5.136  -71.745  8.422 0.4000000060
116082  3.543  -72.320  8.706 0.4000000060
7712  2.715  -73.030  8.085 0.5000000000
7103  3.213  -72.856  6.113 0.5000000000
9116  7.197  -70.272  7.089 0.3000000119
9096  6.506  -70.669  7.521 0.4000000060
8352  3.992  -71.696  8.467 0.4000000060
8353  2.970  -71.861  8.232 0.4000000060
7074  2.535  -72.836  7.469 0.5000000000
127524  7.971  -71.095  8.332 0.3000000119
8366  3.525  -71.044  8.021 0.5000000000
8367  2.310  -71.605  7.605 0.5000000000
7721  2.495  -72.547  6.662 0.5000000000
8378  1.931  -71.277  7.035 0.5000000000
9117  6.133  -70.018  6.807 0.4000000060
9097  5.392  -70.508  7.499 0.4000000060
9911  7.302  -69.382  5.888 0.5000000000
17718  7.649  -59.288  -10.155 0.3000000119
17726  7.654  -58.923  -10.986 0.3000000119
9910  8.064  -69.450  6.156 0.4000000060
10577  7.993  -69.010  5.327 0.5000000000
10558  5.934  -68.813  6.061 0.5000000000
10578  6.719  -68.763  5.451 0.5000000000
10595  6.399  -67.807  5.084 0.5000000000
17717  8.414  -59.154  -10.411 0.3000000119
17716  9.231  -59.016  -10.672 0.3000000119
17725  8.468  -58.734  -11.199 0.3000000119
18500  7.707  -58.486  -11.790 0.3000000119
17724  9.310  -58.464  -11.401 0.3000000119
18499  8.556  -58.244  -11.974 0.3000000119
10593  8.571  -68.237  4.637 0.5000000000
10594  7.384  -68.235  4.676 0.5000000000
11300  8.186  -67.087  3.624 0.5000000000
11283  6.938  -67.377  4.327 0.5000000000
131339  2.450  -64.632  0.442 0.2000000030
12009  7.976  -66.394  3.472 0.5000000000
115592  2.625  -60.890  -0.539 0.2000000030
16112  1.931  -61.890  -0.018 0.2000000030
17633  2.093  -59.100  -0.276 0.2000000030
113886  6.656  -56.045  -13.777 0.3000000119
21287  6.686  -55.334  -13.742 0.3000000119
21286  7.241  -55.746  -14.164 0.3000000119
21273  6.108  -55.357  -12.913 0.3000000119
23102  5.762  -53.966  -11.373 0.3000000119
22234  6.488  -54.742  -13.150 0.3000000119
23113  6.644  -53.980  -12.812 0.3000000119
23101  6.320  -53.598  -11.860 0.3000000119
22233  6.984  -54.405  -13.773 0.3000000119
23112  7.235  -53.505  -13.349 0.3000000119
23100  6.929  -53.146  -12.321 0.3000000119
23943  7.513  -52.668  -12.775 0.3000000119
23931  6.525  -52.749  -11.505 0.3000000119
24758  6.653  -51.944  -11.196 0.3000000119
25517  16.864  -49.787  -5.591 0.5000000000
23930  7.185  -52.357  -11.872 0.3000000119
24779  7.375  -51.544  -11.618 0.3000000119
116430  6.622  -51.020  -11.049 0.3000000119
23929  7.715  -51.984  -12.280 0.3000000119
25615  7.460  -50.487  -11.476 0.4000000060
26389  7.899  -49.536  -11.610 0.4000000060
30651  15.611  -44.137  -4.058 0.1000000015
31446  14.955  -43.552  -4.977 0.1000000015
119794  14.014  -71.140  -16.325 0.2000000030
111506  1.869  -60.890  -0.155 0.2000000030
24662  15.481  -50.158  -4.889 0.4000000060
9098  4.206  -70.326  7.722 0.5000000000
9100  2.283  -70.773  7.391 0.5000000000
558  18.280  -87.508  -5.201 0.4000000060
7456  6.528  -73.827  -23.296 0.4000000060
6824  6.877  -74.533  -25.144 0.4000000060
6853  9.372  -74.755  -26.808 0.5000000000
7495  8.605  -73.915  -26.412 0.4000000060
7475  6.971  -73.845  -25.169 0.4000000060
8122  8.404  -72.953  -26.092 0.4000000060
10166  9.520  -69.565  -18.395 0.3000000119
7086  3.261  -73.376  6.899 0.5000000000
8364  5.830  -71.203  7.955 0.4000000060
134  10.273  -91.039  -14.141 0.3000000119
142  9.672  -90.423  -14.838 0.2000000030
1168  4.381  -84.881  -10.697 0.3000000119
1503  4.113  -84.469  -10.006 0.3000000119
275  8.583  -89.546  -14.252 0.2000000030
282  8.903  -89.632  -15.034 0.2000000030
427  7.785  -88.067  -15.585 0.2000000030
245  5.916  -89.223  -10.203 0.3000000119
113627  5.748  -87.969  -11.801 0.2000000030
264  6.119  -88.088  -12.449 0.2000000030
618  5.708  -87.223  -12.446 0.2000000030
884  5.095  -86.121  -11.857 0.2000000030
872  4.737  -85.529  -11.122 0.2000000030
1192  5.101  -85.289  -11.581 0.2000000030
1169  4.203  -84.676  -11.000 0.2000000030
1526  4.278  -84.143  -11.212 0.2000000030
1913  3.579  -83.006  -10.508 0.3000000119
283  8.086  -88.816  -15.063 0.2000000030
1540  4.447  -84.351  -11.210 0.2000000030
123960  3.922  -83.504  -10.954 0.2000000030
893  5.239  -85.964  -12.100 0.2000000030
420  6.890  -87.273  -15.025 0.2000000030
436  6.969  -87.329  -15.542 0.2000000030
435  7.286  -87.475  -15.685 0.2000000030
116517  3.040  -82.635  -8.751 0.3000000119
4066  12.142  -79.369  -28.549 0.2000000030
5542  19.843  -76.495  -18.692 0.5000000000
4999  20.508  -76.872  -18.690 0.5000000000
5558  21.411  -76.514  -20.507 0.5000000000
5012  21.481  -77.867  -20.026 0.5000000000
4487  21.276  -78.491  -20.060 0.5000000000
5006  21.297  -77.249  -19.352 0.5000000000
6155  21.584  -75.996  -19.855 0.4000000060
6170  21.245  -75.474  -20.706 0.4000000060
124827  21.577  -74.227  -20.001 0.4000000060
7441  21.056  -73.062  -21.010 0.2000000030
108320  18.572  -74.237  -19.924 0.4000000060
7431  17.908  -72.929  -20.834 0.3000000119
6766  18.907  -74.887  -19.538 0.5000000000
8053  18.221  -72.596  -19.799 0.4000000060
6755  18.969  -74.117  -19.214 0.5000000000
6148  19.288  -75.637  -19.029 0.5000000000
116139  19.380  -73.994  -18.749 0.5000000000
6138  19.860  -75.439  -18.528 0.5000000000
5540  21.193  -75.824  -18.790 0.5000000000
6136  21.204  -74.931  -18.814 0.5000000000
6147  21.459  -75.488  -19.264 0.5000000000
6171  20.488  -75.286  -21.591 0.4000000060
7404  21.087  -72.966  -18.900 0.4000000060
6764  21.466  -74.579  -19.346 0.5000000000
7442  20.340  -73.756  -21.666 0.2000000030
108301  21.221  -73.940  -20.728 0.2000000030
8061  21.162  -72.291  -21.282 0.1000000015
8069  20.785  -72.134  -22.053 0.2000000030
8786  22.138  -71.310  -22.264 0.1000000015
8794  22.041  -71.409  -23.102 0.1000000015
9523  22.934  -70.966  -22.885 0.1000000015
10206  23.848  -69.528  -22.535 0.1000000015
7043  3.547  -73.459  9.196 0.4000000060
7073  3.109  -73.474  7.845 0.4000000060
115864  17.669  -73.149  -21.777 0.3000000119
8780  17.628  -72.009  -21.358 0.3000000119
8767  17.866  -72.045  -20.481 0.3000000119
8044  18.897  -72.812  -19.003 0.5000000000
8753  18.830  -71.911  -19.208 0.3000000119
8032  19.638  -73.295  -18.592 0.5000000000
7405  20.513  -73.615  -18.552 0.5000000000
8738  19.570  -72.265  -18.707 0.4000000060
8737  20.276  -71.773  -18.711 0.4000000060
109326  19.006  -71.118  -19.592 0.3000000119
9491  21.510  -70.681  -19.691 0.1000000015
7429  21.512  -73.352  -20.134 0.3000000119
7452  20.480  -72.777  -21.901 0.2000000030
9490  22.091  -70.212  -20.111 0.1000000015
8764  21.974  -70.814  -20.295 0.1000000015
8079  20.636  -72.255  -23.554 0.2000000030
8070  20.433  -72.448  -22.731 0.2000000030
8787  21.187  -71.808  -22.727 0.2000000030
10191  22.956  -69.406  -20.956 0.1000000015
9503  22.598  -70.242  -20.827 0.1000000015
8778  22.162  -71.086  -21.229 0.1000000015
6848  21.486  -73.846  -26.829 0.1000000015
9511  22.871  -70.710  -21.822 0.1000000015
110480  22.970  -70.568  -23.607 0.1000000015
10222  23.849  -69.442  -23.392 0.1000000015
10205  24.185  -68.799  -23.035 0.1000000015
8850  23.615  -71.991  -28.642 0.1000000015
7500  23.515  -73.040  -28.082 0.1000000015
8141  22.985  -72.783  -28.602 0.1000000015
10238  23.722  -68.738  -24.653 0.1000000015
11599  24.192  -66.932  -24.783 0.1000000015
11583  24.431  -67.264  -23.784 0.1000000015
12360  24.230  -65.883  -24.821 0.1000000015
8849  24.294  -71.114  -28.883 0.1000000015
131142  17.680  -73.505  -23.824 0.2000000030
8788  17.622  -71.531  -22.131 0.3000000119
109381  17.587  -73.253  -22.569 0.3000000119
9494  18.517  -70.840  -20.325 0.3000000119
8736  20.945  -70.888  -19.170 0.1000000015
9479  19.786  -70.779  -19.386 0.3000000119
10183  21.657  -69.940  -19.971 0.1000000015
9492  20.174  -70.254  -19.856 0.3000000119
10174  21.000  -70.315  -19.625 0.2000000030
10879  22.235  -68.951  -20.720 0.1000000015
8795  21.338  -71.711  -23.725 0.1000000015
8800  22.196  -71.099  -23.905 0.1000000015
10887  21.883  -68.380  -21.370 0.1000000015
8099  20.826  -72.288  -25.357 0.1000000015
8801  21.367  -71.619  -24.666 0.1000000015
10886  22.944  -68.524  -21.355 0.1000000015
127725  23.654  -69.772  -21.991 0.1000000015
8114  20.839  -73.284  -27.124 0.1000000015
118551  20.714  -73.052  -25.939 0.1000000015
8823  21.257  -71.496  -26.719 0.1000000015
9565  21.753  -70.830  -25.984 0.1000000015
9544  21.989  -70.976  -25.004 0.1000000015
9564  22.342  -70.223  -25.414 0.1000000015
9543  22.626  -70.366  -24.421 0.1000000015
12312  23.817  -67.037  -22.731 0.1000000015
11565  24.314  -67.513  -23.018 0.1000000015
117549  22.287  -73.087  -28.576 0.1000000015
7501  21.403  -73.645  -27.832 0.1000000015
9582  22.075  -70.194  -26.276 0.1000000015
10245  22.540  -69.445  -26.044 0.1000000015
10244  23.148  -68.843  -25.459 0.1000000015
10923  23.546  -67.928  -25.403 0.1000000015
11616  23.334  -66.979  -25.878 0.1000000015
12345  24.402  -66.358  -24.028 0.1000000015
115702  23.112  -72.004  -28.968 0.1000000015
11633  22.833  -66.499  -26.740 0.1000000015
13097  24.051  -64.936  -26.277 0.1000000015
13089  24.239  -65.048  -25.116 0.1000000015
8857  24.378  -70.817  -28.957 0.1000000015
13977  24.547  -64.282  -26.354 0.1000000015
14801  24.913  -63.807  -26.476 0.1000000015
6819  17.461  -74.554  -23.048 0.3000000119
8081  17.591  -72.728  -23.321 0.2000000030
9505  17.734  -71.025  -21.569 0.3000000119
10186  18.795  -70.255  -20.680 0.3000000119
10185  19.602  -69.771  -20.675 0.2000000030
10192  20.311  -69.072  -21.139 0.2000000030
11567  23.224  -67.416  -22.292 0.1000000015
8853  21.367  -72.084  -28.438 0.1000000015
109683  20.937  -72.345  -27.574 0.1000000015
9596  21.901  -70.469  -27.731 0.1000000015
11551  22.471  -67.802  -21.958 0.1000000015
13064  24.126  -66.033  -23.687 0.1000000015
8143  21.797  -72.670  -28.667 0.1000000015
9608  21.869  -71.132  -28.429 0.1000000015
10252  22.066  -69.847  -26.984 0.1000000015
10251  22.516  -69.068  -26.969 0.1000000015
10930  22.941  -67.503  -26.491 0.1000000015
13978  24.134  -64.709  -26.963 0.1000000015
9607  22.611  -70.896  -28.694 0.1000000015
10266  22.868  -70.124  -28.351 0.1000000015
8851  23.234  -71.315  -28.962 0.1000000015
10943  23.811  -68.948  -28.336 0.1000000015
6860  16.192  -74.431  -27.631 0.2000000030
10576  9.062  -68.643  5.588 0.4000000060
7504  15.607  -73.836  -27.935 0.2000000030
7506  13.748  -74.486  -27.952 0.3000000119
7507  12.825  -74.618  -27.989 0.3000000119
6245  12.526  -76.040  -28.304 0.3000000119
11298  9.663  -67.199  3.993 0.4000000060
10592  9.410  -68.173  5.155 0.3000000119
11299  8.777  -67.504  3.949 0.4000000060
11266  10.245  -67.415  4.781 0.3000000119
11280  11.177  -67.121  5.249 0.2000000030
8120  10.185  -72.681  -26.794 0.3000000119
12739  12.283  -65.924  4.652 0.1000000015
109152  11.125  -65.021  3.673 0.2000000030
12753  12.006  -65.297  3.966 0.1000000015
111379  12.465  -64.208  3.637 0.2000000030
10822  3.875  -68.274  -13.216 0.2000000030
11450  3.184  -66.978  -8.706 0.1000000015
12894  2.550  -65.508  -9.613 0.3000000119
12157  3.004  -66.210  -9.155 0.1000000015
12904  2.668  -65.537  -10.406 0.1000000015
11458  3.344  -66.836  -9.589 0.1000000015
11473  3.363  -66.733  -11.492 0.1000000015
120214  2.424  -65.648  -6.934 0.1000000015
12887  2.444  -65.561  -7.831 0.1000000015
13665  2.032  -64.961  -6.308 0.1000000015
13666  1.659  -64.184  -5.992 0.2000000030
16147  2.266  -61.695  -2.607 0.1000000015
16906  3.638  -60.470  -2.418 0.1000000015
16148  1.743  -61.443  -3.244 0.1000000015
118377  1.773  -60.589  -3.126 0.2000000030
23810  7.852  -52.022  -4.135 0.2000000030
16135  2.139  -60.917  -2.639 0.1000000015
16924  1.567  -59.830  -3.452 0.3000000119
18405  2.837  -58.752  -2.606 0.1000000015
16908  1.937  -60.057  -2.742 0.2000000030
18406  2.081  -58.601  -2.709 0.1000000015
17668  1.813  -59.224  -2.910 0.2000000030
18407  1.768  -58.544  -3.024 0.2000000030
20213  3.600  -56.521  -3.310 0.1000000015
18419  2.521  -57.901  -2.745 0.1000000015
20222  4.321  -56.038  -3.722 0.1000000015
19245  3.066  -57.181  -2.842 0.2000000030
19238  1.907  -57.902  -2.947 0.1000000015
21131  21.336  -55.610  -3.073 0.1000000015
21119  20.106  -56.200  -2.562 0.2000000030
115885  19.584  -55.792  -2.518 0.2000000030
21160  6.024  -55.421  -5.517 0.1000000015
21161  5.169  -55.173  -4.525 0.1000000015
20223  3.480  -55.738  -3.502 0.2000000030
21115  23.078  -54.967  -2.519 0.1000000015
22085  22.881  -54.237  -2.887 0.1000000015
22968  22.653  -53.575  -3.146 0.1000000015
117188  6.170  -53.919  -6.388 0.1000000015
23848  5.837  -51.858  -5.675 0.2000000030
24601  26.038  -51.234  1.585 0.1000000015
26222  25.383  -49.916  1.952 0.1000000015
119044  25.576  -54.789  -0.822 0.1000000015
116072  25.665  -53.957  -0.475 0.1000000015
23769  25.784  -52.287  0.474 0.1000000015
25452  25.175  -50.526  0.675 0.1000000015
22066  24.912  -54.109  -0.998 0.1000000015
22943  25.068  -53.232  -0.693 0.1000000015
23784  24.552  -52.476  -1.024 0.1000000015
24620  24.615  -51.517  -0.629 0.1000000015
22956  23.801  -53.432  -2.027 0.1000000015
23792  23.449  -52.661  -2.344 0.1000000015
24637  23.606  -52.064  -1.943 0.1000000015
23793  22.713  -52.664  -2.971 0.1000000015
23794  21.953  -52.389  -3.347 0.1000000015
24639  22.140  -51.652  -2.841 0.2000000030
24703  7.340  -51.290  -7.796 0.1000000015
23035  6.687  -53.028  -7.345 0.1000000015
26223  24.693  -49.433  1.680 0.1000000015
25464  24.221  -50.575  -0.380 0.1000000015
26237  24.122  -49.492  0.889 0.1000000015
25465  23.337  -50.338  -0.662 0.1000000015
25466  22.392  -50.255  -0.838 0.2000000030
26253  21.858  -49.728  -0.337 0.2000000030
23858  6.388  -52.121  -6.677 0.2000000030
26224  23.468  -48.995  1.109 0.1000000015
24704  6.641  -51.226  -6.832 0.2000000030
25545  7.492  -50.122  -7.830 0.1000000015
117550  8.478  -50.723  -12.740 0.3000000119
26388  8.644  -49.483  -12.157 0.3000000119
111508  8.902  -49.857  -13.638 0.3000000119
26408  9.130  -49.290  -12.935 0.3000000119
26419  9.215  -49.357  -14.092 0.3000000119
29082  10.633  -45.959  -13.466 0.3000000119
244  6.396  -89.550  -10.761 0.2000000030
413  6.101  -87.324  -13.118 0.2000000030
125597  5.316  -86.763  -12.161 0.2000000030
110599  5.023  -86.546  -11.610 0.3000000119
111947  4.934  -85.973  -11.542 0.3000000119
12890  2.459  -65.519  -8.753 0.1000000015
124565  1.315  -63.129  -4.748 0.2000000030
19246  2.282  -57.132  -2.965 0.2000000030
22106  19.992  -54.141  -4.338 0.1000000015
24632  21.676  -50.862  -2.306 0.2000000030
26387  8.955  -48.850  -12.229 0.3000000119
6840  16.944  -75.189  -25.935 0.2000000030
6231  16.098  -75.362  -26.514 0.2000000030
7505  14.704  -74.152  -27.849 0.3000000119
6864  12.319  -75.441  -28.212 0.3000000119
12169  3.106  -66.160  -10.848 0.1000000015
130320  3.125  -56.082  -3.313 0.2000000030
22107  19.377  -54.877  -4.247 0.4000000060
23824  8.169  -52.023  -4.697 0.1000000015
112759  23.280  -73.490  -28.084 0.1000000015
8810  21.309  -71.577  -25.676 0.1000000015
6447  4.756  -74.826  8.068 0.4000000060
11297  10.552  -66.865  4.300 0.2000000030
21132  20.580  -55.655  -3.189 0.1000000015
120885  21.212  -54.910  -3.588 0.1000000015
129431  13.689  -46.045  -10.615 0.2000000030
6433  4.435  -74.887  8.929 0.4000000060
6434  3.734  -74.149  8.412 0.4000000060
24778  8.100  -51.242  -12.272 0.3000000119
25614  8.349  -50.317  -12.075 0.3000000119
900  5.716  -86.189  -12.971 0.2000000030
116529  21.530  -76.925  -19.815 0.5000000000
8052  21.563  -72.392  -20.186 0.2000000030
6754  20.738  -74.433  -18.564 0.5000000000
8043  21.354  -72.145  -19.241 0.2000000030
8030  20.918  -72.015  -18.796 0.2000000030
10908  24.128  -68.737  -23.802 0.1000000015
6420  3.766  -74.120  9.134 0.4000000060
10898  23.985  -68.690  -22.353 0.1000000015
126493  21.704  -69.385  -20.364 0.1000000015
122465  3.125  -66.157  -10.014 0.1000000015
120085  3.655  -67.102  -11.061 0.1000000015
16134  2.999  -61.317  -2.367 0.1000000015
15361  2.032  -62.356  -2.953 0.1000000015
16907  2.639  -60.309  -2.474 0.1000000015
18418  3.432  -58.082  -2.836 0.2000000030
19254  4.643  -56.889  -3.633 0.1000000015
22086  22.508  -54.865  -2.899 0.1000000015
22143  6.050  -54.547  -5.986 0.1000000015
20235  5.672  -55.966  -4.723 0.1000000015
21149  4.928  -55.720  -4.136 0.1000000015
22076  23.485  -54.240  -2.313 0.1000000015
112477  24.174  -54.337  -1.617 0.1000000015
22967  23.225  -53.460  -2.694 0.1000000015
22976  21.384  -53.843  -3.841 0.1000000015
23024  6.096  -52.996  -6.322 0.2000000030
119007  6.574  -53.858  -7.120 0.1000000015
24587  25.903  -50.614  2.030 0.1000000015
24610  25.585  -51.261  0.729 0.1000000015
22942  25.727  -53.141  -0.067 0.1000000015
24619  25.292  -51.624  0.001 0.1000000015
24611  25.017  -50.868  0.025 0.1000000015
23785  24.001  -52.611  -1.711 0.1000000015
24630  24.026  -51.827  -1.390 0.1000000015
24638  23.029  -51.898  -2.376 0.1000000015
24621  23.755  -51.061  -1.028 0.1000000015
115665  23.341  -51.449  -1.710 0.1000000015
22969  22.060  -53.237  -3.472 0.1000000015
24631  22.548  -51.166  -2.060 0.1000000015
25480  22.926  -50.765  -1.347 0.1000000015
25481  22.019  -50.576  -1.565 0.2000000030
23857  6.969  -52.182  -7.528 0.1000000015
25453  24.583  -50.166  0.345 0.1000000015
25454  23.767  -49.846  -0.001 0.1000000015
26252  22.841  -49.715  -0.232 0.1000000015
25628  8.743  -50.074  -12.814 0.3000000119
181  13.061  -90.020  -19.793 0.2000000030
175  12.387  -89.780  -19.442 0.2000000030
111910  13.450  -80.795  -28.402 0.1000000015
3042  12.609  -81.073  -28.334 0.1000000015
2556  10.833  -81.870  -28.406 0.1000000015
2555  11.686  -82.127  -28.403 0.1000000015
3554  11.912  -80.374  -28.450 0.1000000015
2099  8.788  -83.677  -26.508 0.1000000015
130906  10.441  -81.124  -28.048 0.1000000015
3026  11.133  -80.820  -28.163 0.1000000015
2554  12.429  -81.962  -28.442 0.1000000015
3759  14.073  -78.955  -2.885 0.1000000015
4277  13.677  -78.221  -3.077 0.1000000015
3760  13.267  -79.056  -2.755 0.1000000015
3761  12.672  -79.616  -2.306 0.1000000015
2369  3.286  -82.382  -10.503 0.2000000030
2343  2.812  -81.948  -9.116 0.2000000030
3323  2.539  -80.270  -8.911 0.2000000030
3843  2.475  -79.397  -8.813 0.2000000030
4366  2.430  -78.403  -9.195 0.1000000015
120113  4.539  -76.149  10.326 0.2000000030
7682  3.786  -72.836  9.203 0.3000000119
7042  4.195  -73.420  9.744 0.2000000030
112699  3.959  -74.073  9.800 0.2000000030
6419  4.332  -74.852  9.717 0.2000000030
7024  5.557  -73.723  10.702 0.2000000030
6404  6.613  -74.025  11.024 0.2000000030
5781  5.152  -75.210  11.309 0.2000000030
5191  4.414  -76.523  10.923 0.2000000030
7681  4.759  -72.787  9.481 0.3000000119
6405  5.361  -74.409  11.018 0.2000000030
7697  5.511  -72.293  8.963 0.2000000030
7698  4.417  -72.292  8.887 0.3000000119
7699  3.076  -72.790  8.571 0.3000000119
115197  7.027  -71.728  8.859 0.2000000030
7041  5.171  -73.270  10.140 0.2000000030
8350  6.187  -71.754  8.553 0.3000000119
7695  7.552  -72.099  9.342 0.2000000030
7040  6.471  -73.194  10.429 0.2000000030
7679  7.056  -72.610  9.833 0.2000000030
7696  6.543  -72.193  9.195 0.2000000030
7680  5.901  -72.699  9.687 0.2000000030
9891  8.925  -69.477  6.893 0.2000000030
9115  8.720  -70.089  7.475 0.2000000030
129094  8.007  -70.286  7.479 0.2000000030
10556  9.540  -68.860  6.514 0.2000000030
112813  7.926  -69.848  6.841 0.3000000119
10575  10.020  -68.206  6.038 0.1000000015
16090  16.436  -61.002  0.415 0.1000000015
16125  17.613  -60.853  -2.558 0.1000000015
13676  9.888  -64.675  -6.955 0.2000000030
18356  16.349  -58.417  -1.004 0.1000000015
15407  8.847  -62.285  -6.710 0.2000000030
14535  10.374  -63.064  -6.222 0.2000000030
130276  10.948  -63.055  -6.293 0.2000000030
13659  10.114  -63.794  -6.353 0.2000000030
13675  10.674  -64.460  -6.789 0.2000000030
16193  10.646  -60.986  -8.172 0.2000000030
16192  11.468  -61.168  -8.170 0.2000000030
15406  10.460  -62.194  -6.987 0.2000000030
125447  9.606  -62.117  -7.031 0.2000000030
16172  11.839  -61.782  -7.531 0.2000000030
16173  10.955  -61.649  -7.585 0.2000000030
15405  11.391  -62.275  -6.961 0.2000000030
15389  10.897  -62.734  -6.500 0.2000000030
15404  12.242  -62.354  -6.951 0.2000000030
14534  11.523  -63.079  -6.319 0.2000000030
13658  10.991  -63.586  -6.378 0.2000000030
16194  9.300  -60.950  -7.896 0.2000000030
16191  12.297  -61.304  -8.171 0.2000000030
16171  12.665  -61.910  -7.552 0.2000000030
16964  13.172  -60.340  -9.289 0.2000000030
16965  12.303  -60.311  -9.221 0.2000000030
17707  11.789  -59.772  -9.721 0.2000000030
16976  10.847  -59.703  -9.813 0.2000000030
110773  13.475  -59.640  -9.676 0.2000000030
16207  11.936  -60.798  -8.776 0.2000000030
16208  10.618  -60.084  -9.098 0.2000000030
16209  9.857  -60.123  -8.904 0.2000000030
16206  12.872  -61.017  -8.837 0.2000000030
126726  11.124  -60.572  -8.653 0.2000000030
122537  9.887  -60.665  -8.270 0.2000000030
17706  12.634  -59.744  -9.710 0.2000000030
17713  12.174  -59.226  -10.259 0.2000000030
17705  14.272  -59.448  -9.584 0.2000000030
17714  11.432  -59.327  -10.231 0.2000000030
16966  9.931  -59.783  -9.608 0.2000000030
16967  9.129  -59.831  -9.385 0.2000000030
16979  7.740  -59.597  -9.649 0.2000000030
18481  13.819  -58.891  -9.984 0.2000000030
18489  12.559  -58.508  -10.695 0.2000000030
112055  10.783  -59.086  -10.534 0.2000000030
17715  9.991  -59.363  -10.240 0.2000000030
16977  9.170  -59.525  -10.013 0.2000000030
129814  13.718  -57.695  -10.592 0.2000000030
19378  12.104  -57.948  -11.225 0.2000000030
130821  11.402  -58.066  -11.347 0.2000000030
18498  10.112  -58.172  -11.603 0.2000000030
124870  14.145  -58.146  -10.222 0.2000000030
111527  11.613  -58.660  -10.792 0.2000000030
18490  10.808  -58.449  -11.180 0.2000000030
19377  12.994  -57.675  -10.998 0.2000000030
19387  12.351  -57.190  -11.471 0.2000000030
126540  10.844  -57.768  -11.698 0.2000000030
18509  7.746  -58.024  -12.566 0.2000000030
18497  11.580  -57.438  -11.654 0.2000000030
19388  10.181  -57.507  -12.143 0.2000000030
19396  9.487  -57.241  -12.648 0.2000000030
20345  7.658  -57.249  -13.312 0.2000000030
19395  10.169  -56.916  -12.558 0.2000000030
20343  9.650  -56.553  -13.113 0.2000000030
20333  10.944  -56.979  -12.202 0.2000000030
20344  8.728  -56.871  -13.325 0.2000000030
20342  10.493  -56.304  -12.795 0.2000000030
20357  8.940  -56.074  -13.924 0.2000000030
21271  10.839  -55.433  -13.096 0.2000000030
21284  9.258  -55.245  -14.220 0.2000000030
21285  8.151  -55.302  -14.498 0.2000000030
112038  7.422  -54.853  -14.353 0.2000000030
21272  9.890  -55.796  -13.456 0.2000000030
22247  7.990  -54.406  -14.738 0.2000000030
21283  10.087  -55.145  -13.726 0.2000000030
22245  9.753  -54.561  -14.272 0.2000000030
117153  10.296  -53.957  -14.253 0.2000000030
23134  8.242  -53.666  -14.935 0.2000000030
23123  9.502  -53.921  -14.791 0.2000000030
22246  8.765  -54.365  -14.800 0.2000000030
23124  7.641  -53.867  -14.403 0.2000000030
23958  7.671  -52.920  -13.932 0.2000000030
128724  7.957  -53.149  -14.750 0.2000000030
23132  9.929  -53.265  -15.078 0.2000000030
23969  8.466  -52.884  -15.105 0.2000000030
23942  8.002  -52.010  -13.305 0.2000000030
23968  9.157  -52.675  -15.492 0.2000000030
23956  8.639  -52.051  -15.218 0.2000000030
23967  9.935  -52.495  -15.519 0.2000000030
24815  9.416  -51.898  -15.711 0.2000000030
24792  8.344  -51.527  -14.338 0.2000000030
24793  8.372  -51.249  -13.219 0.2000000030
24802  8.922  -51.047  -15.207 0.2000000030
25627  8.611  -50.614  -13.830 0.2000000030
25638  9.038  -50.068  -14.661 0.2000000030
28161  10.985  -47.522  -15.695 0.2000000030
28178  13.267  -46.695  -16.567 0.2000000030
29104  11.715  -46.717  -15.491 0.2000000030
29081  11.295  -45.968  -14.274 0.2000000030
28176  14.251  -46.560  -16.203 0.2000000030
29113  13.499  -46.394  -16.678 0.2000000030
114692  11.965  -45.947  -14.843 0.2000000030
29112  13.689  -46.189  -16.678 0.2000000030
29114  12.807  -46.352  -15.736 0.2000000030
28157  14.410  -47.158  -14.850 0.1000000015
29103  14.142  -46.052  -16.065 0.2000000030
29950  13.099  -46.256  -15.538 0.2000000030
29949  13.424  -46.147  -15.907 0.2000000030
121223  13.044  -45.662  -14.892 0.1000000015
29948  14.429  -45.288  -14.403 0.2000000030
30770  13.781  -44.005  -15.058 0.1000000015
30760  12.837  -44.980  -14.735 0.1000000015
30759  13.302  -45.182  -14.756 0.1000000015
30769  14.689  -43.915  -14.889 0.1000000015
30771  13.576  -43.182  -15.243 0.1000000015
31558  15.691  -43.578  -14.905 0.1000000015
31573  14.232  -43.306  -15.314 0.1000000015
31557  16.608  -43.390  -14.737 0.1000000015
31571  15.990  -42.714  -15.197 0.1000000015
113058  15.430  -42.040  -15.863 0.1000000015
129736  13.861  -42.038  -15.986 0.1000000015
33444  14.934  -41.369  -16.344 0.1000000015
33445  14.100  -41.473  -16.221 0.1000000015
32447  16.907  -42.528  -14.843 0.1000000015
32460  16.394  -41.863  -15.469 0.1000000015
33446  13.604  -40.726  -15.712 0.1000000015
33428  16.849  -41.030  -15.732 0.1000000015
34460  14.435  -40.675  -16.238 0.1000000015
116400  14.619  -39.954  -16.170 0.1000000015
34443  13.844  -39.932  -15.691 0.1000000015
34459  15.306  -40.399  -16.372 0.1000000015
14536  9.478  -63.235  -6.094 0.2000000030
16174  9.070  -61.554  -7.365 0.2000000030
16968  8.328  -59.830  -9.176 0.2000000030
14526  1.471  -63.798  -5.231 0.2000000030
16210  9.040  -60.277  -8.509 0.2000000030
31559  13.139  -44.184  -14.911 0.1000000015
5805  4.555  -75.228  10.340 0.2000000030
20359  7.009  -56.536  -13.828 0.2000000030
16978  8.396  -59.574  -9.810 0.2000000030
18491  10.051  -58.827  -10.989 0.2000000030
19389  9.405  -57.900  -12.093 0.2000000030
19397  8.614  -57.611  -12.666 0.2000000030
20358  7.910  -56.326  -14.016 0.2000000030
26432  9.612  -49.548  -15.122 0.2000000030
3248  13.955  -79.832  -3.003 0.1000000015
7025  4.599  -74.007  10.422 0.2000000030
124800  4.357  -74.543  10.233 0.2000000030
15390  9.796  -62.656  -6.433 0.2000000030
120026  10.002  -61.421  -7.596 0.2000000030
120096  11.446  -60.166  -9.166 0.2000000030
130082  10.452  -60.451  -8.601 0.2000000030
17712  13.018  -59.094  -10.190 0.2000000030
18488  13.393  -58.353  -10.486 0.2000000030
23122  10.860  -53.358  -14.232 0.2000000030
23133  8.942  -53.454  -15.190 0.2000000030
23957  8.093  -52.413  -14.594 0.2000000030
24814  10.487  -51.842  -15.649 0.2000000030
28179  12.715  -46.765  -16.225 0.2000000030
28177  13.809  -46.846  -16.564 0.1000000015
29958  13.505  -46.398  -16.564 0.2000000030
29951  12.499  -45.512  -14.780 0.2000000030
120401  13.671  -45.673  -14.713 0.2000000030
30758  14.042  -44.791  -14.676 0.1000000015
31572  14.945  -42.901  -15.469 0.1000000015
32461  14.068  -42.650  -15.615 0.1000000015
32474  14.506  -42.093  -16.086 0.1000000015
33429  15.906  -41.217  -16.167 0.1000000015
673  18.464  -87.457  -19.567 0.1000000015
1600  22.516  -84.951  -19.058 0.1000000015
672  19.329  -87.439  -19.764 0.1000000015
674  17.564  -87.170  -19.397 0.1000000015
322  13.068  -89.113  -20.920 0.1000000015
323  12.357  -88.671  -20.722 0.1000000015
321  13.694  -89.448  -21.099 0.1000000015
119564  14.975  -89.134  -21.820 0.1000000015
130695  12.199  -87.991  -21.090 0.1000000015
973  11.470  -86.956  -20.611 0.1000000015
110046  16.327  -88.993  -21.549 0.1000000015
110533  14.782  -88.563  -21.580 0.1000000015
118065  13.380  -88.327  -21.391 0.1000000015
972  12.079  -87.001  -20.964 0.1000000015
967  11.856  -86.465  -20.558 0.1000000015
1263  10.927  -86.101  -20.174 0.1000000015
684  15.944  -87.883  -20.909 0.1000000015
110234  12.486  -86.310  -20.612 0.1000000015
683  16.877  -87.860  -20.687 0.1000000015
126836  12.153  -85.853  -20.451 0.1000000015
119808  17.019  -87.441  -19.913 0.1000000015
675  16.230  -87.276  -20.029 0.1000000015
1261  12.695  -85.369  -20.523 0.1000000015
1591  21.183  -84.476  -18.031 0.1000000015
1241  20.623  -85.180  -18.208 0.1000000015
942  19.353  -86.292  -18.189 0.1000000015
953  18.942  -86.960  -18.814 0.1000000015
954  17.344  -86.503  -18.725 0.1000000015
1260  13.383  -85.507  -20.555 0.1000000015
121665  18.499  -86.260  -17.923 0.1000000015
944  16.878  -85.888  -18.416 0.1000000015
307  11.620  -88.814  -19.600 0.1000000015
316  11.018  -87.842  -19.676 0.1000000015
465  11.029  -87.445  -20.136 0.1000000015
689  14.091  -87.981  -21.424 0.1000000015
686  13.654  -87.145  -21.008 0.1000000015
965  14.192  -86.516  -20.448 0.1000000015
966  13.266  -86.353  -20.641 0.1000000015
955  16.704  -86.635  -19.225 0.1000000015
956  15.780  -86.350  -19.449 0.1000000015
1232  19.311  -85.026  -16.861 0.1000000015
943  17.639  -86.051  -18.059 0.1000000015
1243  17.253  -85.331  -17.813 0.1000000015
957  14.933  -85.970  -19.796 0.1000000015
1618  12.854  -84.524  -20.561 0.1000000015
8051  26.524  -72.114  -19.878 0.1000000015
945  16.246  -85.813  -18.825 0.1000000015
120171  10.855  -91.121  -15.623 0.2000000030
149  10.789  -90.706  -16.621 0.1000000015
158  10.354  -89.803  -17.466 0.1000000015
167  10.095  -88.815  -17.994 0.1000000015
166  10.875  -89.494  -18.232 0.1000000015
302  9.534  -87.864  -17.972 0.1000000015
309  10.419  -87.526  -19.083 0.1000000015
466  10.411  -87.205  -19.584 0.1000000015
676  9.824  -86.860  -19.429 0.1000000015
687  10.436  -87.054  -20.016 0.1000000015
947  8.909  -86.766  -18.562 0.1000000015
935  8.697  -86.670  -18.061 0.1000000015
960  9.392  -86.793  -19.214 0.1000000015
946  9.346  -86.429  -18.800 0.1000000015
125403  13.718  -86.029  -20.403 0.1000000015
958  10.267  -86.306  -19.825 0.1000000015
7402  27.075  -73.469  -18.838 0.1000000015
126605  27.702  -74.271  -18.402 0.2000000030
1259  14.163  -85.631  -20.277 0.1000000015
7416  26.718  -72.774  -19.208 0.1000000015
6126  27.765  -74.875  -17.975 0.2000000030
1577  17.736  -84.758  -17.315 0.1000000015
1244  16.536  -85.226  -18.383 0.1000000015
1616  14.076  -84.726  -20.689 0.1000000015
1988  18.090  -84.172  -17.589 0.1000000015
1234  16.927  -84.821  -17.965 0.1000000015
8748  26.854  -70.956  -19.999 0.1000000015
1899  21.512  -83.259  -9.381 0.1000000015
141  10.288  -90.876  -15.142 0.1000000015
1900  20.711  -83.266  -9.558 0.1000000015
1898  22.356  -83.282  -9.309 0.1000000015
2347  22.667  -82.789  -9.766 0.1000000015
116491  9.859  -89.866  -16.739 0.1000000015
2362  20.652  -82.501  -10.273 0.1000000015
2822  21.197  -81.981  -10.219 0.1000000015
294  9.600  -88.908  -17.436 0.1000000015
288  8.475  -88.698  -15.938 0.1000000015
2823  20.422  -81.906  -10.967 0.1000000015
2821  21.961  -81.550  -10.433 0.1000000015
295  9.098  -88.090  -17.287 0.1000000015
296  8.534  -87.922  -16.738 0.1000000015
123300  21.068  -81.377  -10.692 0.1000000015
442  8.716  -87.404  -17.484 0.1000000015
2838  20.159  -81.605  -11.825 0.1000000015
677  9.158  -86.818  -18.858 0.1000000015
937  7.473  -87.211  -17.280 0.1000000015
3905  21.175  -79.674  -14.150 0.2000000030
1253  14.878  -84.937  -19.887 0.1000000015
111367  21.356  -77.972  -14.261 0.2000000030
1602  15.739  -84.308  -19.343 0.1000000015
4437  23.133  -78.069  -15.522 0.2000000030
1615  15.059  -84.085  -20.337 0.1000000015
9476  28.352  -70.100  -19.381 0.1000000015
9477  27.440  -70.528  -19.791 0.1000000015
1884  25.071  -83.972  -8.638 0.1000000015
3305  25.517  -80.497  -7.472 0.1000000015
2359  22.814  -82.173  -10.187 0.1000000015
2836  22.365  -80.950  -10.988 0.1000000015
443  8.203  -87.428  -17.005 0.1000000015
122179  21.385  -80.819  -11.014 0.1000000015
3351  21.761  -80.172  -11.366 0.1000000015
453  8.247  -87.074  -17.710 0.1000000015
928  6.870  -87.215  -16.046 0.1000000015
2837  20.583  -80.957  -11.411 0.1000000015
3866  22.441  -79.560  -11.780 0.1000000015
3353  20.438  -80.224  -12.068 0.2000000030
3867  21.276  -79.321  -11.563 0.1000000015
668  8.236  -86.939  -17.763 0.1000000015
3889  20.632  -79.284  -13.392 0.2000000030
4421  21.077  -78.700  -14.066 0.2000000030
6739  26.981  -74.445  -17.810 0.2000000030
4438  22.435  -78.026  -15.129 0.2000000030
4949  21.875  -77.586  -14.683 0.2000000030
6135  28.350  -74.465  -18.588 0.2000000030
113008  24.992  -77.776  -16.479 0.2000000030
4974  24.311  -77.391  -16.002 0.2000000030
4956  23.526  -77.454  -15.637 0.2000000030
2008  16.399  -84.103  -18.972 0.1000000015
9475  29.189  -70.358  -19.587 0.1000000015
1895  25.574  -83.446  -9.174 0.1000000015
1894  26.760  -83.380  -8.929 0.1000000015
2344  26.079  -82.947  -9.691 0.1000000015
3317  26.957  -81.205  -7.823 0.1000000015
2800  27.642  -82.579  -8.352 0.1000000015
127914  27.206  -82.797  -9.396 0.1000000015
2357  25.396  -82.476  -10.365 0.1000000015
2819  23.922  -81.827  -11.006 0.1000000015
3824  24.793  -79.069  -7.700 0.1000000015
3318  26.237  -80.140  -8.029 0.1000000015
2799  27.818  -81.816  -8.530 0.1000000015
2833  25.625  -81.574  -11.532 0.1000000015
2818  24.882  -82.048  -11.067 0.1000000015
2834  24.407  -81.422  -11.586 0.1000000015
4355  24.596  -79.034  -6.977 0.1000000015
2835  23.409  -81.210  -11.338 0.1000000015
4343  25.946  -77.763  -6.372 0.1000000015
4354  24.996  -78.379  -7.480 0.1000000015
3350  22.833  -80.523  -11.645 0.1000000015
917  7.032  -86.947  -15.518 0.1000000015
653  7.091  -87.284  -16.213 0.1000000015
3868  20.666  -79.325  -12.020 0.2000000030
4385  21.870  -78.617  -11.653 0.2000000030
4397  22.320  -77.873  -11.808 0.2000000030
4386  21.075  -78.589  -11.816 0.2000000030
4409  20.645  -78.519  -13.094 0.2000000030
4914  21.564  -77.947  -11.792 0.2000000030
4926  21.940  -77.369  -11.832 0.2000000030
4408  20.962  -77.914  -13.565 0.2000000030
4927  21.400  -77.386  -12.274 0.2000000030
117235  22.587  -77.010  -11.904 0.2000000030
5498  21.457  -76.731  -13.540 0.2000000030
5472  22.108  -76.182  -12.255 0.2000000030
5497  21.889  -76.654  -14.386 0.2000000030
5488  21.748  -76.083  -13.484 0.2000000030
6081  22.228  -75.325  -13.284 0.2000000030
6751  27.756  -73.991  -18.830 0.2000000030
6110  24.173  -75.566  -15.788 0.2000000030
5506  23.616  -76.554  -15.573 0.2000000030
5507  22.691  -76.190  -14.943 0.2000000030
112256  23.298  -75.574  -15.199 0.2000000030
6112  22.744  -75.479  -14.654 0.2000000030
7428  26.443  -72.892  -20.147 0.1000000015
7415  27.032  -73.479  -19.240 0.2000000030
9456  30.895  -71.049  -18.613 0.1000000015
9474  30.065  -70.733  -19.153 0.1000000015
6134  29.057  -74.685  -18.734 0.2000000030
2336  27.853  -82.442  -9.022 0.1000000015
2809  27.666  -82.116  -9.933 0.1000000015
125196  25.821  -82.119  -10.827 0.1000000015
3316  27.461  -80.739  -8.484 0.1000000015
2817  26.763  -81.911  -10.833 0.1000000015
3348  24.844  -80.993  -12.223 0.1000000015
3837  26.840  -79.683  -8.546 0.1000000015
3325  28.491  -81.101  -9.693 0.1000000015
2816  28.305  -81.536  -10.066 0.1000000015
2832  26.864  -81.344  -11.567 0.1000000015
115014  25.927  -80.998  -12.268 0.1000000015
3360  24.209  -80.322  -12.518 0.1000000015
907  6.056  -86.849  -14.272 0.1000000015
4865  25.463  -77.674  -7.264 0.1000000015
3838  25.554  -79.251  -8.214 0.1000000015
3845  27.386  -79.187  -9.091 0.1000000015
3876  24.501  -79.676  -12.999 0.1000000015
129860  6.403  -87.030  -15.274 0.1000000015
111890  23.902  -78.763  -12.706 0.2000000030
125469  24.403  -77.813  -12.869 0.1000000015
645  6.708  -87.235  -15.149 0.1000000015
4925  23.286  -77.821  -12.208 0.2000000030
114091  22.224  -75.755  -14.194 0.2000000030
3335  28.717  -81.039  -10.551 0.1000000015
3346  28.001  -80.937  -11.560 0.1000000015
3358  26.249  -80.421  -12.775 0.1000000015
3359  25.199  -80.411  -12.759 0.1000000015
4361  26.168  -78.718  -8.664 0.1000000015
3874  26.657  -79.809  -13.187 0.1000000015
3875  25.543  -79.774  -13.248 0.1000000015
1214  5.716  -86.253  -13.624 0.1000000015
638  5.987  -86.702  -13.996 0.1000000015
8763  26.726  -71.557  -20.492 0.1000000015
6750  28.565  -74.291  -18.986 0.2000000030
3865  27.377  -80.382  -12.465 0.1000000015
637  6.319  -86.956  -14.226 0.1000000015
1213  6.773  -85.909  -14.033 0.1000000015
1203  5.803  -85.749  -13.105 0.1000000015
8762  27.042  -70.989  -20.485 0.1000000015
626  6.107  -87.148  -13.621 0.1000000015
1202  6.290  -85.605  -13.206 0.1000000015
1552  5.894  -85.008  -12.564 0.1000000015
1551  6.851  -84.771  -12.983 0.1000000015
8761  27.607  -70.847  -20.730 0.1000000015
6763  27.648  -74.034  -19.341 0.2000000030
131171  26.254  -73.358  -20.650 0.1000000015
8102  18.065  -72.817  -26.538 0.1000000015
7483  17.814  -73.969  -25.720 0.1000000015
6831  17.660  -74.651  -24.683 0.1000000015
8796  17.601  -71.560  -23.049 0.1000000015
117715  17.777  -72.808  -24.331 0.1000000015
9513  17.753  -70.859  -22.435 0.1000000015
627  5.690  -86.697  -13.106 0.1000000015
117333  4.638  -82.583  -11.195 0.1000000015
1537  5.607  -84.612  -12.102 0.1000000015
1940  5.564  -83.848  -11.720 0.1000000015
2380  5.581  -83.037  -11.282 0.1000000015
9488  29.092  -70.659  -20.365 0.1000000015
6775  27.027  -74.394  -20.327 0.2000000030
8839  17.766  -71.549  -27.629 0.1000000015
7502  17.282  -73.217  -27.634 0.1000000015
7489  17.683  -73.649  -26.890 0.1000000015
6839  17.518  -74.843  -25.512 0.1000000015
8802  18.171  -71.437  -24.753 0.1000000015
127520  18.261  -72.241  -25.931 0.1000000015
9525  17.993  -71.099  -23.944 0.1000000015
9524  18.333  -70.325  -23.854 0.1000000015
10224  18.718  -69.587  -23.550 0.1000000015
9504  18.111  -70.280  -21.920 0.1000000015
10194  18.706  -69.874  -21.369 0.2000000030
10910  19.940  -68.497  -23.988 0.1000000015
10889  19.999  -68.679  -22.039 0.1000000015
1205  5.554  -85.533  -12.182 0.1000000015
2396  5.037  -83.251  -11.317 0.1000000015
9487  29.830  -70.895  -20.047 0.1000000015
9587  15.867  -70.503  -26.822 0.1000000015
8825  15.402  -71.203  -27.313 0.1000000015
8842  15.099  -72.109  -27.624 0.2000000030
8133  15.831  -72.869  -28.012 0.1000000015
6776  26.116  -73.898  -21.036 0.1000000015
9597  17.329  -71.001  -27.611 0.1000000015
9598  16.403  -71.100  -27.556 0.1000000015
8840  17.042  -71.728  -27.844 0.1000000015
8132  16.740  -72.594  -27.939 0.1000000015
7490  17.048  -74.165  -27.383 0.1000000015
10253  18.728  -69.323  -26.993 0.1000000015
8838  18.038  -70.764  -27.373 0.1000000015
8101  18.335  -71.825  -26.803 0.1000000015
118489  19.141  -69.768  -26.044 0.1000000015
10241  18.922  -69.716  -24.762 0.1000000015
10240  19.423  -69.047  -24.394 0.1000000015
10916  19.892  -68.387  -25.199 0.1000000015
11600  20.549  -67.726  -24.820 0.1000000015
10901  19.890  -68.536  -22.923 0.1000000015
1538  5.364  -84.860  -11.938 0.1000000015
1941  5.100  -84.023  -11.649 0.1000000015
2381  4.157  -82.998  -11.207 0.1000000015
2846  3.844  -82.082  -11.106 0.1000000015
3343  3.299  -81.281  -10.858 0.1000000015
124674  13.855  -70.592  -25.017 0.2000000030
117325  13.210  -70.454  -24.406 0.2000000030
9548  13.844  -70.167  -24.290 0.2000000030
9569  13.153  -70.855  -25.269 0.2000000030
8827  13.501  -71.770  -26.788 0.2000000030
113947  26.148  -73.018  -21.135 0.1000000015
9567  15.310  -70.257  -25.755 0.2000000030
9568  14.454  -70.675  -25.676 0.2000000030
8826  14.411  -71.404  -26.903 0.2000000030
8116  14.160  -72.345  -27.424 0.2000000030
8117  13.233  -72.574  -27.335 0.2000000030
10934  17.395  -68.852  -26.190 0.1000000015
126643  16.809  -69.411  -26.228 0.1000000015
9585  18.183  -69.877  -27.092 0.1000000015
10247  19.276  -68.950  -26.762 0.1000000015
10932  18.937  -68.568  -27.045 0.1000000015
10925  19.715  -68.306  -26.368 0.1000000015
1924  4.153  -83.516  -11.147 0.1000000015
2847  3.405  -82.162  -10.819 0.1000000015
122095  3.026  -81.672  -10.494 0.1000000015
3344  2.907  -80.816  -10.400 0.1000000015
9526  13.109  -70.109  -23.685 0.2000000030
10226  13.693  -69.661  -23.837 0.2000000030
9527  12.347  -69.986  -23.108 0.2000000030
108449  15.166  -69.079  -24.296 0.1000000015
8136  13.066  -73.603  -27.639 0.2000000030
10928  15.994  -69.136  -24.833 0.1000000015
10917  16.688  -68.410  -25.066 0.1000000015
10933  18.336  -68.332  -26.607 0.1000000015
2815  2.692  -81.328  -9.877 0.1000000015
118458  2.560  -79.744  -9.611 0.1000000015
3862  2.845  -79.797  -10.248 0.1000000015
3854  2.618  -78.981  -9.817 0.1000000015
11571  10.568  -67.854  -22.049 0.2000000030
10210  11.256  -69.309  -22.202 0.2000000030
11570  11.188  -67.610  -22.672 0.2000000030
9514  11.705  -69.754  -22.695 0.2000000030
9549  12.380  -70.341  -23.899 0.2000000030
11588  11.881  -67.884  -23.156 0.2000000030
10227  12.881  -69.609  -23.311 0.2000000030
8814  12.392  -71.057  -25.470 0.2000000030
10920  13.933  -68.124  -23.908 0.2000000030
131212  12.228  -71.581  -26.097 0.2000000030
8828  12.626  -71.979  -26.758 0.2000000030
8829  11.719  -71.997  -26.620 0.2000000030
8118  12.229  -72.815  -27.211 0.2000000030
7491  12.329  -73.793  -27.565 0.2000000030
11555  9.364  -67.237  -21.272 0.2000000030
10903  10.533  -68.768  -21.830 0.2000000030
9529  10.764  -70.052  -23.313 0.2000000030
9550  11.343  -70.347  -24.096 0.2000000030
8816  10.320  -71.343  -25.774 0.2000000030
8119  11.174  -72.695  -26.936 0.2000000030
12294  9.360  -66.492  -20.944 0.2000000030
10211  10.435  -69.375  -21.953 0.2000000030
9516  9.976  -69.681  -22.674 0.2000000030
9551  10.323  -70.229  -24.416 0.2000000030
9571  10.860  -70.620  -25.119 0.2000000030
115559  9.232  -70.175  -24.603 0.2000000030
9572  9.791  -70.679  -25.225 0.2000000030
10891  8.999  -68.097  -21.428 0.2000000030
10195  9.632  -68.839  -21.726 0.2000000030
9530  8.737  -69.748  -23.668 0.2000000030
129463  8.820  -66.939  -20.883 0.2000000030
10196  8.585  -68.719  -21.705 0.2000000030
10228  8.904  -69.417  -22.553 0.2000000030
10197  7.553  -68.777  -21.814 0.2000000030
10229  7.873  -69.561  -23.032 0.2000000030
12271  7.872  -66.404  -20.400 0.2000000030
11557  7.672  -67.655  -20.977 0.2000000030
109375  7.095  -66.865  -20.202 0.2000000030
10893  7.190  -68.338  -21.298 0.2000000030
114173  6.696  -67.589  -20.170 0.2000000030
10881  6.534  -68.625  -21.107 0.2000000030
128356  6.136  -68.669  -19.899 0.2000000030
10164  11.310  -69.408  -18.263 0.2000000030
9462  11.991  -70.085  -18.114 0.2000000030
9446  12.643  -70.815  -17.667 0.1000000015
8722  13.226  -71.436  -17.101 0.1000000015
10861  11.391  -68.638  -18.272 0.1000000015
10860  12.156  -69.232  -18.179 0.1000000015
9444  14.116  -70.315  -17.085 0.1000000015
125313  10.942  -66.130  -17.597 0.1000000015
11525  11.249  -67.786  -18.134 0.2000000030
10855  12.201  -68.250  -17.965 0.1000000015
112445  12.988  -69.053  -17.934 0.1000000015
10154  13.573  -69.740  -17.577 0.1000000015
9393  14.260  -70.202  -15.335 0.2000000030
12988  12.219  -66.012  -17.200 0.1000000015
11520  11.793  -67.286  -17.735 0.1000000015
11515  13.078  -67.224  -17.187 0.1000000015
12213  13.752  -66.812  -16.698 0.1000000015
120774  13.177  -68.183  -17.463 0.1000000015
11513  14.766  -67.782  -16.465 0.1000000015
127645  13.631  -68.984  -17.509 0.1000000015
10847  14.755  -68.989  -16.623 0.1000000015
10140  14.623  -69.865  -16.590 0.1000000015
10122  15.273  -69.332  -15.537 0.2000000030
10102  14.868  -69.605  -15.100 0.2000000030
12752  13.480  -65.080  4.228 0.1000000015
13519  13.243  -64.423  3.764 0.1000000015
126976  1.865  -64.337  -4.705 0.1000000015
126352  2.291  -64.407  -4.132 0.1000000015
14513  1.680  -63.682  -4.223 0.1000000015
463  16.569  -88.460  -21.203 0.1000000015
11265  10.705  -67.683  5.710 0.1000000015
13517  14.663  -64.337  3.653 0.1000000015
176  11.698  -89.628  -18.772 0.1000000015
185  13.316  -89.877  -20.518 0.1000000015
941  20.285  -86.140  -18.821 0.1000000015
1240  21.587  -85.055  -18.952 0.1000000015
1599  23.489  -84.943  -18.883 0.1000000015
126627  2.816  -81.583  -8.376 0.1000000015
5518  24.575  -76.464  -16.138 0.2000000030
129628  23.547  -82.129  -10.489 0.1000000015
8103  9.744  -71.981  -26.360 0.2000000030
10198  6.725  -68.968  -21.764 0.2000000030
7492  11.564  -73.560  -27.323 0.2000000030
10123  14.802  -70.097  -15.858 0.2000000030
125603  9.104  -88.906  -16.742 0.1000000015
111871  18.173  -70.528  -21.062 0.2000000030
116141  17.754  -71.923  -24.041 0.1000000015
6850  16.687  -74.966  -27.009 0.1000000015
8135  13.982  -73.389  -27.682 0.2000000030
6849  17.409  -74.577  -26.464 0.1000000015
8134  14.908  -73.131  -27.825 0.2000000030
315  12.153  -88.959  -20.130 0.1000000015
663  18.075  -86.770  -18.701 0.1000000015
470  13.605  -88.919  -21.341 0.1000000015
464  11.656  -88.150  -20.319 0.1000000015
469  14.207  -88.810  -21.589 0.1000000015
468  15.636  -88.644  -21.540 0.1000000015
692  11.814  -87.542  -20.857 0.1000000015
691  12.551  -87.748  -21.188 0.1000000015
688  15.044  -87.898  -21.239 0.1000000015
685  14.443  -87.335  -20.885 0.1000000015
964  15.208  -87.097  -20.317 0.1000000015
1242  19.724  -85.557  -17.593 0.1000000015
932  18.928  -85.651  -17.222 0.1000000015
308  10.929  -88.567  -19.054 0.1000000015
933  18.070  -85.522  -17.353 0.1000000015
1245  15.723  -85.240  -19.084 0.1000000015
457  9.737  -87.123  -19.055 0.1000000015
2348  21.856  -82.855  -9.742 0.1000000015
2360  22.009  -82.321  -9.989 0.1000000015
2820  23.028  -81.637  -10.737 0.1000000015
3352  20.838  -80.060  -11.478 0.1000000015
2808  28.135  -81.725  -9.392 0.1000000015
3349  23.836  -80.821  -12.007 0.1000000015
3877  23.535  -79.566  -12.442 0.1000000015
3878  22.859  -78.681  -12.076 0.2000000030
4928  20.892  -77.913  -12.688 0.2000000030
6111  23.060  -74.869  -14.711 0.2000000030
2831  27.829  -81.506  -10.738 0.1000000015
3347  26.884  -80.854  -12.181 0.1000000015
118732  17.812  -72.840  -27.313 0.1000000015
8092  18.022  -72.973  -25.346 0.1000000015
127805  17.872  -70.780  -23.197 0.1000000015
8811  18.453  -71.386  -25.898 0.1000000015
9545  18.572  -70.607  -25.088 0.1000000015
126827  19.385  -68.950  -22.426 0.1000000015
10900  20.644  -68.287  -22.569 0.1000000015
10256  16.631  -70.002  -26.654 0.1000000015
10248  16.083  -69.680  -25.688 0.2000000030
8841  16.082  -71.902  -27.833 0.1000000015
9584  18.479  -70.114  -27.012 0.1000000015
8813  13.792  -71.106  -25.954 0.2000000030
9546  15.338  -69.776  -24.840 0.2000000030
10225  14.313  -68.998  -23.937 0.2000000030
10926  19.264  -68.201  -26.901 0.1000000015
10209  12.058  -69.472  -22.772 0.2000000030
11603  15.359  -67.556  -23.987 0.1000000015
8815  11.454  -71.324  -25.754 0.2000000030
1049  17.748  -85.655  0.847 0.1000000015
1389  17.125  -84.769  1.014 0.1000000015
1804  18.324  -83.885  0.636 0.1000000015
129450  16.768  -83.203  0.739 0.1000000015
114178  15.965  -82.893  0.678 0.1000000015
2713  18.473  -81.006  -1.014 0.1000000015
1059  18.931  -86.109  0.301 0.1000000015
124750  18.520  -85.744  0.621 0.1000000015
785  19.671  -86.399  -0.748 0.1000000015
1388  18.290  -84.841  0.823 0.1000000015
1401  20.075  -84.951  0.106 0.1000000015
12272  7.418  -66.004  -19.830 0.1000000015
13034  8.590  -65.799  -20.280 0.1000000015
7894  4.536  -73.296  -7.315 0.1000000015
6024  2.997  -75.058  -8.190 0.1000000015
13862  8.235  -64.312  -19.287 0.1000000015
115568  7.393  -64.669  -18.924 0.1000000015
111917  8.525  -65.153  -19.748 0.1000000015
13887  8.855  -64.632  -19.639 0.1000000015
13033  9.113  -65.243  -20.054 0.1000000015
13032  9.739  -65.193  -20.333 0.1000000015
13048  10.010  -65.908  -21.066 0.1000000015
12293  9.886  -66.555  -21.424 0.1000000015
126723  10.634  -66.974  -22.355 0.1000000015
11586  13.125  -68.116  -23.832 0.1000000015
114231  4.788  -72.490  -7.268 0.1000000015
13845  7.461  -64.004  -18.248 0.1000000015
14686  7.979  -62.927  -18.220 0.1000000015
13005  6.964  -65.691  -18.865 0.1000000015
12252  7.016  -66.281  -19.546 0.1000000015
14702  8.931  -63.809  -19.321 0.1000000015
11522  6.823  -67.164  -19.098 0.1000000015
13884  10.816  -64.179  -19.801 0.1000000015
13911  10.459  -65.181  -20.503 0.1000000015
13057  10.673  -65.784  -21.414 0.1000000015
13047  11.138  -65.545  -21.108 0.1000000015
13056  11.266  -65.690  -22.189 0.1000000015
12334  11.760  -66.848  -23.262 0.1000000015
13046  11.873  -65.479  -21.651 0.1000000015
13055  12.149  -65.273  -22.584 0.1000000015
12333  12.417  -66.259  -23.500 0.1000000015
10919  14.873  -68.227  -23.939 0.1000000015
9278  6.893  -71.204  -3.953 0.1000000015
8528  6.783  -71.130  -5.016 0.1000000015
7895  4.251  -73.299  -7.046 0.1000000015
8552  6.609  -71.222  -5.977 0.1000000015
7268  5.032  -73.182  -7.478 0.1000000015
126004  7.438  -65.852  -18.086 0.1000000015
13846  7.250  -64.955  -18.621 0.1000000015
124657  7.066  -66.627  -18.697 0.1000000015
13817  7.507  -63.618  -17.183 0.1000000015
111351  12.946  -65.071  -22.875 0.1000000015
12352  13.053  -66.611  -23.730 0.1000000015
13054  13.663  -65.065  -22.651 0.1000000015
12351  13.737  -66.459  -23.758 0.1000000015
8584  4.376  -72.393  -6.236 0.1000000015
8599  4.535  -72.016  -7.084 0.1000000015
8598  4.968  -71.875  -7.203 0.1000000015
13828  9.004  -64.736  -17.107 0.1000000015
117602  9.833  -65.378  -17.401 0.1000000015
12992  8.370  -65.279  -17.493 0.1000000015
12991  9.123  -65.710  -17.531 0.1000000015
12240  8.311  -66.863  -18.138 0.1000000015
11529  7.529  -67.236  -18.563 0.1000000015
110680  8.002  -68.111  -18.587 0.1000000015
8582  4.763  -71.504  -6.707 0.1000000015
9324  5.001  -70.984  -6.235 0.1000000015
8581  5.365  -71.445  -6.793 0.1000000015
13827  10.213  -64.781  -17.170 0.1000000015
116460  10.092  -66.152  -17.723 0.1000000015
12239  9.136  -67.296  -18.236 0.1000000015
11528  9.004  -68.075  -18.404 0.1000000015
12238  9.975  -66.993  -18.156 0.1000000015
11521  10.906  -66.864  -17.966 0.1000000015
18385  6.760  -57.995  -1.143 0.1000000015
19210  7.447  -57.690  -0.985 0.1000000015
17628  7.778  -59.401  -0.296 0.1000000015
125707  6.730  -61.193  -0.218 0.1000000015
16107  5.975  -61.809  -0.282 0.1000000015
16108  5.114  -61.613  -0.416 0.1000000015
115746  5.773  -59.462  -0.989 0.1000000015
118017  6.274  -60.280  -0.602 0.1000000015
19226  6.568  -57.184  -1.450 0.1000000015
17629  6.791  -59.443  -0.681 0.1000000015
20207  5.904  -55.645  -2.468 0.1000000015
20193  6.815  -56.366  -1.945 0.1000000015
17630  5.236  -60.200  -0.832 0.1000000015
16872  5.696  -61.001  -0.477 0.1000000015
21128  5.967  -54.753  -3.004 0.1000000015
22103  6.392  -53.395  -3.604 0.1000000015
15326  5.356  -62.366  -0.270 0.1000000015
122304  4.452  -62.118  -0.374 0.1000000015
14476  3.991  -63.520  -0.447 0.1000000015
18363  6.203  -58.594  -1.120 0.1000000015
18386  6.044  -57.774  -1.357 0.1000000015
21129  5.139  -54.873  -2.499 0.1000000015
20194  5.699  -56.394  -2.050 0.1000000015
124909  5.369  -54.326  -2.914 0.1000000015
22092  5.609  -53.955  -3.296 0.1000000015
16109  4.300  -61.449  -0.510 0.1000000015
15328  2.852  -62.410  -0.352 0.1000000015
14477  2.988  -63.328  -0.352 0.1000000015
13597  3.444  -64.254  -0.508 0.1000000015
16873  4.727  -60.886  -0.628 0.1000000015
19227  5.350  -57.057  -1.671 0.1000000015
18387  5.080  -57.876  -1.414 0.1000000015
20195  4.634  -56.173  -1.948 0.1000000015
13598  2.839  -64.296  -0.312 0.1000000015
111190  3.298  -65.012  -0.405 0.1000000015
12825  3.482  -65.678  -0.051 0.1000000015
114878  4.603  -59.278  -1.148 0.1000000015
117335  3.698  -60.864  -0.654 0.1000000015
19228  4.123  -56.825  -1.727 0.1000000015
16110  3.380  -61.730  -0.474 0.1000000015
20196  3.700  -55.946  -1.476 0.1000000015
14478  2.394  -63.529  -0.092 0.1000000015
13599  2.588  -64.454  0.063 0.1000000015
18365  3.652  -58.428  -1.176 0.1000000015
18388  3.835  -57.588  -1.421 0.1000000015
7892  5.757  -72.533  -7.299 0.1000000015
23833  8.911  -51.671  -4.911 0.1000000015
1806  16.301  -83.863  0.897 0.1000000015
1805  17.415  -83.900  0.875 0.1000000015
112983  7.072  -67.975  -19.025 0.1000000015
10862  10.614  -68.230  -18.344 0.1000000015
11526  10.536  -67.520  -18.234 0.1000000015
127588  17.456  -82.268  0.270 0.1000000015
2236  16.676  -82.489  0.494 0.1000000015
112498  17.787  -81.711  -0.048 0.1000000015
6127  26.936  -75.401  -17.482 0.1000000015
6128  26.101  -75.879  -17.172 0.1000000015
5517  25.356  -76.357  -16.722 0.1000000015
6752  27.155  -73.805  -18.458 0.1000000015
116690  26.312  -75.069  -17.305 0.1000000015
6119  25.498  -75.257  -16.873 0.1000000015
6120  24.871  -75.742  -16.389 0.1000000015
7403  26.669  -72.951  -18.465 0.1000000015
7391  26.519  -73.634  -17.827 0.1000000015
6729  25.224  -74.274  -16.697 0.1000000015
111601  24.759  -74.980  -16.289 0.1000000015
8019  25.770  -72.405  -17.360 0.1000000015
7392  25.696  -73.369  -17.170 0.1000000015
118963  24.564  -74.165  -16.033 0.1000000015
127137  24.247  -74.738  -15.753 0.1000000015
6721  23.436  -74.134  -14.748 0.1000000015
6688  22.733  -74.698  -13.440 0.1000000015
5471  22.851  -76.126  -11.933 0.1000000015
8003  25.218  -72.533  -16.624 0.1000000015
7380  24.887  -73.393  -16.363 0.1000000015
109861  23.970  -74.098  -15.410 0.1000000015
7371  23.849  -73.409  -14.859 0.1000000015
6706  22.989  -74.309  -14.026 0.1000000015
6671  23.259  -74.098  -13.213 0.1000000015
6672  22.793  -74.818  -12.777 0.1000000015
117800  23.618  -76.881  -12.208 0.1000000015
5470  23.895  -75.932  -12.173 0.1000000015
124262  23.553  -74.505  -12.451 0.1000000015
6067  23.253  -75.279  -12.166 0.1000000015
5162  5.759  -77.102  12.332 0.1000000015
5173  6.529  -76.599  12.107 0.1000000015
5778  8.438  -75.810  11.147 0.1000000015
121951  8.857  -76.074  10.600 0.1000000015
5780  6.441  -75.793  11.834 0.1000000015
130250  5.650  -75.642  11.689 0.1000000015
5804  9.127  -75.608  10.069 0.1000000015
5790  8.868  -75.250  10.714 0.1000000015
5791  8.179  -75.020  11.198 0.1000000015
5779  7.239  -75.360  11.560 0.1000000015
6393  6.211  -74.964  11.467 0.1000000015
5815  8.998  -75.578  8.518 0.1000000015
124533  8.718  -74.387  10.589 0.1000000015
127221  9.275  -74.478  9.525 0.1000000015
6403  7.920  -74.118  10.962 0.1000000015
7058  9.383  -73.774  8.461 0.1000000015
6418  9.183  -73.855  9.986 0.1000000015
130464  9.026  -73.233  9.895 0.1000000015
7071  9.503  -73.523  7.525 0.1000000015
7037  9.193  -73.193  9.333 0.1000000015
110538  9.452  -72.872  8.417 0.1000000015
7677  8.842  -72.699  9.542 0.1000000015
7678  8.128  -72.627  9.830 0.1000000015
7711  9.760  -72.571  7.524 0.1000000015
7693  9.171  -72.381  8.884 0.1000000015
8333  8.468  -72.105  9.205 0.1000000015
8361  9.865  -71.602  7.752 0.1000000015
7694  8.942  -72.032  8.993 0.1000000015
9092  10.183  -70.758  7.490 0.1000000015
9081  9.198  -70.953  8.029 0.1000000015
8348  8.677  -71.473  8.543 0.1000000015
9093  9.644  -70.524  7.639 0.1000000015
12903  15.747  -65.514  -10.908 0.1000000015
12902  16.624  -65.266  -10.888 0.1000000015
9082  8.550  -70.698  7.965 0.1000000015
9874  10.161  -69.998  7.446 0.1000000015
13710  11.966  -65.153  -8.818 0.1000000015
13707  15.707  -64.740  -9.004 0.1000000015
115540  14.725  -65.057  -9.752 0.1000000015
13728  13.759  -65.116  -9.980 0.1000000015
112035  12.727  -65.124  -9.107 0.1000000015
13706  16.633  -64.626  -9.248 0.1000000015
13727  15.904  -64.971  -10.083 0.1000000015
130373  14.994  -65.344  -10.422 0.1000000015
13709  13.489  -65.097  -9.336 0.1000000015
13705  17.445  -64.402  -9.543 0.1000000015
13726  16.979  -64.863  -10.197 0.1000000015
12901  17.367  -64.989  -11.075 0.1000000015
12923  17.228  -65.698  -12.395 0.1000000015
12168  16.604  -65.900  -12.148 0.1000000015
12180  16.936  -66.948  -13.544 0.1000000015
9094  9.186  -70.445  7.746 0.1000000015
9890  9.896  -69.335  7.148 0.1000000015
13691  12.483  -65.004  -7.997 0.1000000015
13692  11.717  -64.962  -7.759 0.1000000015
13690  13.302  -65.000  -8.267 0.1000000015
118528  13.092  -64.583  -7.128 0.1000000015
13708  14.157  -65.057  -9.377 0.1000000015
13687  16.373  -64.260  -8.297 0.1000000015
13704  18.072  -64.077  -9.942 0.1000000015
13742  18.451  -64.115  -11.333 0.1000000015
124397  18.171  -64.250  -10.707 0.1000000015
12912  17.657  -65.120  -11.948 0.1000000015
12171  17.589  -65.573  -12.960 0.1000000015
12172  17.044  -66.409  -12.897 0.1000000015
12179  17.386  -66.330  -13.781 0.1000000015
11485  16.470  -67.549  -13.732 0.1000000015
10819  16.023  -68.195  -13.992 0.1000000015
13674  11.436  -64.394  -6.778 0.1000000015
13655  13.741  -63.936  -6.658 0.1000000015
13657  11.913  -63.656  -6.450 0.1000000015
13688  15.593  -64.470  -7.983 0.1000000015
13672  13.979  -64.619  -7.379 0.1000000015
14533  12.460  -63.076  -6.361 0.1000000015
14553  17.613  -63.369  -8.411 0.1000000015
13686  17.187  -64.053  -8.620 0.1000000015
13669  15.987  -63.867  -7.669 0.1000000015
15412  19.019  -62.314  -8.900 0.1000000015
109044  18.209  -63.292  -8.758 0.1000000015
14563  17.901  -63.844  -9.029 0.1000000015
14562  18.507  -63.455  -9.482 0.1000000015
13724  18.565  -63.715  -10.527 0.1000000015
14573  19.007  -63.112  -10.109 0.1000000015
129275  18.712  -63.646  -11.132 0.1000000015
13756  18.010  -64.779  -12.484 0.1000000015
12940  17.668  -65.558  -13.743 0.1000000015
10101  15.327  -69.133  -14.872 0.1000000015
14531  14.341  -63.296  -6.630 0.1000000015
14532  13.378  -63.239  -6.463 0.1000000015
15387  13.065  -62.889  -6.525 0.1000000015
14544  17.295  -62.912  -8.119 0.1000000015
15399  16.522  -62.886  -7.839 0.1000000015
14530  15.105  -62.995  -6.864 0.1000000015
127827  18.638  -61.874  -8.604 0.1000000015
15413  17.263  -62.251  -8.321 0.1000000015
16204  19.691  -61.744  -9.360 0.1000000015
15428  19.419  -62.498  -9.735 0.1000000015
15385  14.475  -62.831  -6.806 0.1000000015
15400  15.690  -62.805  -7.430 0.1000000015
15402  14.059  -62.477  -7.121 0.1000000015
16185  18.089  -61.741  -8.450 0.1000000015
16186  17.466  -61.420  -8.497 0.1000000015
15414  16.244  -62.325  -8.165 0.1000000015
15415  15.377  -62.219  -8.029 0.1000000015
15401  14.904  -62.580  -7.263 0.1000000015
16203  20.269  -61.170  -9.784 0.1000000015
16187  16.629  -61.455  -8.523 0.1000000015
16170  13.491  -61.984  -7.699 0.1000000015
116933  18.657  -61.193  -8.630 0.1000000015
16188  15.072  -61.507  -8.498 0.1000000015
15416  14.413  -61.983  -8.013 0.1000000015
16190  13.669  -61.366  -8.346 0.1000000015
16183  19.865  -60.901  -9.070 0.1000000015
119051  15.816  -61.737  -8.455 0.1000000015
117843  18.002  -60.960  -8.575 0.1000000015
16951  17.190  -60.653  -8.648 0.1000000015
16189  14.342  -61.285  -8.577 0.1000000015
16205  13.788  -60.903  -8.972 0.1000000015
16948  19.980  -60.058  -8.890 0.1000000015
17696  18.671  -59.929  -8.547 0.1000000015
114151  17.959  -60.204  -8.587 0.1000000015
130658  16.505  -60.770  -8.720 0.1000000015
16953  14.713  -60.748  -8.980 0.1000000015
17699  15.425  -60.043  -9.113 0.1000000015
108558  15.051  -59.280  -9.398 0.1000000015
18475  21.181  -58.267  -9.598 0.1000000015
17694  20.000  -59.232  -8.870 0.1000000015
18466  19.387  -58.966  -8.765 0.1000000015
128585  17.488  -59.064  -8.791 0.1000000015
17698  16.414  -60.057  -8.883 0.1000000015
17702  21.173  -59.090  -9.691 0.1000000015
18480  15.409  -58.449  -9.513 0.1000000015
115056  20.556  -57.998  -9.321 0.1000000015
127613  19.786  -58.326  -9.065 0.1000000015
18477  18.845  -58.433  -8.944 0.1000000015
112662  17.309  -58.413  -9.053 0.1000000015
17704  15.898  -59.171  -9.136 0.1000000015
19373  22.424  -57.511  -11.162 0.1000000015
19374  21.656  -57.790  -10.079 0.1000000015
125739  14.596  -58.662  -9.754 0.1000000015
16111  2.343  -61.735  -0.322 0.1000000015
17632  2.682  -59.400  -0.606 0.1000000015
20298  21.169  -56.592  -9.846 0.1000000015
19351  19.968  -57.301  -9.433 0.1000000015
19352  19.017  -57.641  -9.312 0.1000000015
18479  16.370  -58.238  -9.307 0.1000000015
19355  15.695  -57.589  -9.698 0.1000000015
123642  16.400  -57.403  -9.574 0.1000000015
19356  14.876  -57.837  -9.923 0.1000000015
125384  13.003  -56.924  -11.298 0.1000000015
20321  12.615  -56.476  -11.705 0.1000000015
20301  19.085  -56.821  -9.637 0.1000000015
19353  18.058  -57.833  -9.206 0.1000000015
19354  17.106  -57.611  -9.383 0.1000000015
119802  18.413  -57.120  -9.511 0.1000000015
20302  17.668  -56.991  -9.580 0.1000000015
19376  15.153  -56.932  -10.236 0.1000000015
115016  14.450  -56.699  -10.657 0.1000000015
20320  13.697  -56.963  -10.880 0.1000000015
20300  19.734  -56.495  -9.743 0.1000000015
21227  20.940  -55.938  -9.925 0.1000000015
21229  19.141  -56.041  -9.993 0.1000000015
19375  16.046  -56.827  -9.914 0.1000000015
20330  14.138  -56.177  -11.090 0.1000000015
20332  11.833  -56.689  -11.932 0.1000000015
20341  11.363  -56.125  -12.478 0.1000000015
21258  12.957  -55.759  -11.880 0.1000000015
21270  11.762  -55.303  -12.585 0.1000000015
21259  12.197  -55.946  -12.182 0.1000000015
21269  12.539  -55.180  -12.222 0.1000000015
21256  14.596  -55.497  -11.186 0.1000000015
22231  11.428  -54.599  -13.031 0.1000000015
22230  12.185  -54.473  -12.493 0.1000000015
19222  19.205  -56.677  -1.813 0.1000000015
22232  10.599  -54.613  -13.610 0.1000000015
23110  11.870  -53.719  -12.909 0.1000000015
23121  11.446  -53.377  -13.543 0.1000000015
112344  12.281  -52.899  -12.563 0.1000000015
114475  21.202  -56.905  -2.744 0.1000000015
20185  19.249  -56.021  -1.790 0.1000000015
27196  14.599  -48.629  -9.537 0.1000000015
23954  11.458  -52.818  -13.988 0.1000000015
23955  10.719  -52.651  -14.909 0.1000000015
23953  11.955  -52.328  -13.299 0.1000000015
24801  11.468  -51.932  -14.522 0.1000000015
117920  9.757  -51.249  -15.888 0.1000000015
25649  9.793  -50.413  -15.758 0.1000000015
24800  12.203  -51.471  -13.528 0.1000000015
25637  11.906  -51.073  -14.658 0.1000000015
24791  12.787  -50.953  -12.784 0.1000000015
24813  11.241  -51.219  -15.624 0.1000000015
25646  12.198  -50.486  -14.813 0.1000000015
25635  12.928  -50.146  -13.156 0.1000000015
26418  12.631  -50.003  -14.273 0.1000000015
25647  11.676  -50.569  -15.615 0.1000000015
25648  10.886  -50.515  -16.102 0.1000000015
27271  10.084  -49.024  -15.457 0.1000000015
27257  12.741  -49.299  -15.043 0.1000000015
27269  11.878  -49.101  -16.084 0.1000000015
27270  10.925  -49.145  -16.098 0.1000000015
28159  13.042  -47.586  -16.309 0.1000000015
119085  12.172  -48.212  -16.239 0.1000000015
125486  10.532  -48.361  -15.519 0.1000000015
14554  11.148  -65.174  -8.611 0.1000000015
26360  14.230  -49.549  -9.470 0.1000000015
112012  5.766  -77.837  12.592 0.1000000015
5175  4.959  -76.152  11.550 0.1000000015
5174  5.692  -76.309  12.022 0.1000000015
6392  7.277  -74.676  11.287 0.1000000015
7023  7.481  -73.507  10.678 0.1000000015
15403  13.127  -62.488  -6.928 0.1000000015
16963  14.006  -60.256  -9.340 0.1000000015
18487  14.338  -57.370  -10.399 0.1000000015
119761  10.500  -51.098  -16.084 0.1000000015
28160  12.111  -47.429  -16.240 0.1000000015
28158  13.954  -47.653  -15.745 0.1000000015
116456  26.197  -72.916  -17.797 0.1000000015
6740  26.046  -74.347  -17.296 0.1000000015
4644  6.626  -77.553  12.358 0.1000000015
108821  7.280  -76.099  11.819 0.1000000015
115351  14.888  -64.835  -8.704 0.1000000015
13673  12.237  -64.481  -6.906 0.1000000015
13656  12.819  -63.780  -6.524 0.1000000015
13671  14.609  -64.043  -6.892 0.1000000015
14546  15.766  -63.283  -7.309 0.1000000015
109449  18.139  -62.605  -8.444 0.1000000015
16949  19.246  -60.545  -8.686 0.1000000015
16952  15.785  -60.927  -8.773 0.1000000015
17697  17.306  -59.736  -8.717 0.1000000015
18467  18.742  -59.181  -8.664 0.1000000015
123383  16.780  -59.089  -8.911 0.1000000015
18478  18.074  -58.715  -8.851 0.1000000015
129028  22.070  -57.435  -10.523 0.1000000015
20303  16.840  -56.857  -9.723 0.1000000015
20331  13.365  -56.306  -11.419 0.1000000015
23941  11.831  -53.036  -13.233 0.1000000015
130648  21.643  -56.511  -2.686 0.1000000015
127449  12.669  -51.943  -12.412 0.1000000015
25636  12.432  -50.670  -13.797 0.1000000015
26431  10.424  -49.770  -15.944 0.1000000015
26429  12.114  -49.965  -15.514 0.1000000015
26430  11.334  -49.895  -16.045 0.1000000015
27256  13.579  -48.553  -14.533 0.1000000015
27268  12.896  -48.438  -15.762 0.1000000015
119360  11.414  -48.351  -16.135 0.1000000015
1  13.780  -90.695  -8.123 0.8000000119
5  13.154  -90.818  -8.493 0.8000000119
8  14.520  -90.950  -9.352 0.8000000119
10  13.186  -90.993  -9.164 0.8999999762
12  16.943  -90.191  -10.813 0.8999999762
15  14.878  -90.774  -10.229 0.8999999762
21  14.973  -90.606  -11.122 0.8999999762
41  17.461  -90.878  -16.503 0.8000000119
43  11.451  -91.021  -16.064 0.5000000000
48  16.869  -91.083  -18.706 0.5000000000
49  16.076  -91.114  -18.588 0.5000000000
54  14.832  -90.970  -19.243 0.5000000000
61  12.646  -89.218  -5.106 0.5000000000
67  12.125  -89.142  -6.138 0.5000000000
70  13.457  -89.744  -6.623 0.6999999881
74  14.371  -90.144  -7.528 0.8000000119
79  16.528  -89.548  -9.369 0.8000000119
82  12.584  -90.457  -8.319 0.8000000119
85  16.922  -89.693  -9.998 0.8000000119
89  8.140  -90.188  -9.662 0.6000000238
92  18.671  -89.367  -10.692 0.8999999762
95  14.556  -90.745  -10.742 0.8999999762
100  20.016  -89.919  -11.699 0.8000000119
103  14.407  -90.498  -11.181 0.8999999762
104  13.735  -90.205  -11.155 0.8999999762
106  9.267  -90.357  -11.509 0.4000000060
109  20.628  -90.025  -12.508 0.8999999762
121  20.292  -90.449  -13.268 0.8999999762
126  9.799  -90.682  -12.630 0.4000000060
133  10.999  -91.086  -14.030 0.6999999881
139  11.636  -90.908  -14.901 0.6999999881
144  19.361  -90.538  -16.481 0.8000000119
148  12.236  -90.579  -17.178 0.5000000000
150  9.499  -89.839  -15.794 0.2000000030
155  15.558  -90.543  -18.081 0.5000000000
156  11.990  -90.731  -17.268 0.4000000060
164  12.701  -90.157  -18.026 0.5000000000
182  15.668  -89.925  -21.385 0.2000000030
186  13.777  -88.541  -0.282 0.4000000060
188  14.453  -88.715  -0.478 0.4000000060
191  12.150  -88.792  -1.946 0.5000000000
196  11.915  -88.834  -2.545 0.5000000000
205  12.697  -89.318  -4.120 0.5000000000
217  11.402  -89.159  -6.975 0.5000000000
218  7.374  -89.291  -7.828 0.8999999762
223  16.028  -89.405  -8.634 0.8000000119
224  12.236  -90.376  -8.854 0.8999999762
228  19.589  -88.309  -10.352 0.8000000119
236  6.051  -89.400  -9.360 0.6999999881
254  5.848  -88.691  -11.012 0.4000000060
272  21.161  -89.370  -14.277 0.6999999881
279  20.333  -89.601  -15.722 0.6000000238
299  14.412  -90.172  -18.697 0.6000000238
301  10.262  -88.180  -18.539 0.1000000015
305  18.647  -89.546  -20.014 0.3000000119
306  13.731  -90.289  -18.714 0.8000000119
313  17.037  -89.881  -20.760 0.3000000119
314  12.684  -89.470  -20.334 0.1000000015
319  15.712  -89.360  -21.728 0.1000000015
324  15.687  -87.889  0.343 0.3000000119
329  15.093  -88.347  -0.010 0.4000000060
331  13.435  -88.220  -0.173 0.4000000060
332  12.855  -88.282  -0.682 0.5000000000
337  12.500  -88.629  -1.314 0.5000000000
352  11.010  -88.668  -5.041 0.5000000000
356  10.930  -88.528  -5.883 0.5000000000
358  6.726  -88.440  -5.797 1.0000000000
367  10.912  -88.619  -6.733 0.5000000000
377  7.910  -89.207  -7.961 0.8999999762
378  5.641  -88.676  -8.324 0.6999999881
394  24.085  -88.314  -11.554 1.0000000000
416  17.475  -88.138  -14.228 0.8999999762
421  6.561  -87.238  -13.992 0.2000000030
431  16.662  -88.635  -16.492 0.8999999762
434  8.102  -88.036  -15.986 0.2000000030
444  7.315  -87.523  -16.047 0.1000000015
447  20.265  -88.973  -18.553 0.4000000060
449  14.580  -89.565  -18.621 0.6999999881
450  13.683  -89.605  -18.658 0.6999999881
451  9.832  -87.402  -18.595 0.1000000015
452  9.011  -87.168  -18.378 0.1000000015
455  20.008  -88.410  -19.646 0.2000000030
458  20.428  -87.860  -19.787 0.2000000030
467  17.047  -88.904  -21.272 0.2000000030
471  12.701  -88.411  -21.168 0.1000000015
472  11.990  -88.070  -20.894 0.1000000015
473  11.541  -87.632  -20.552 0.1000000015
491  8.054  -85.488  7.919 0.1000000015
500  11.378  -85.976  7.413 0.1000000015
507  9.227  -85.953  5.346 0.1000000015
513  8.103  -86.322  4.166 0.1000000015
515  9.066  -86.213  3.336 0.1000000015
516  8.682  -86.243  3.669 0.1000000015
521  15.060  -86.999  0.563 0.3000000119
525  15.355  -87.516  0.530 0.4000000060
529  17.576  -87.470  -0.099 0.2000000030
537  20.802  -86.607  -2.817 0.1000000015
543  11.823  -88.562  -2.468 0.5000000000
547  11.452  -88.206  -3.161 0.5000000000
548  7.096  -87.359  -4.329 0.8999999762
549  6.874  -87.142  -3.855 0.8999999762
551  19.750  -87.025  -4.296 0.3000000119
552  19.049  -87.422  -4.567 0.3000000119
561  10.820  -87.191  -4.556 0.5000000000
583  8.256  -87.755  -8.172 1.0000000000
585  4.788  -87.358  -8.218 0.8000000119
591  11.908  -87.398  -9.989 0.6999999881
607  25.741  -87.107  -11.028 1.0000000000
609  19.679  -87.271  -11.094 0.8000000119
612  5.319  -87.126  -11.842 0.3000000119
615  13.523  -87.598  -12.789 1.0000000000
619  5.530  -86.226  -12.597 0.2000000030
632  16.432  -87.383  -14.664 0.8999999762
649  16.576  -87.854  -16.436 0.8999999762
659  7.443  -87.183  -17.087 0.1000000015
667  8.683  -86.931  -18.281 0.1000000015
679  20.129  -87.515  -20.057 0.2000000030
682  17.830  -87.835  -20.404 0.1000000015
690  13.268  -87.666  -21.285 0.1000000015
693  11.176  -87.198  -20.411 0.1000000015
736  7.570  -85.539  7.586 0.2000000030
746  7.455  -86.254  5.899 0.1000000015
768  16.440  -86.418  0.665 0.2000000030
770  14.978  -86.321  0.421 0.3000000119
778  17.742  -86.797  0.437 0.2000000030
779  16.869  -86.962  0.572 0.2000000030
799  5.902  -86.350  -2.383 0.8999999762
814  11.669  -86.550  -3.886 0.5000000000
815  11.207  -86.381  -4.584 0.5000000000
837  16.133  -87.065  -7.515 0.6999999881
883  9.163  -87.820  -10.979 1.0000000000
885  5.066  -85.565  -11.696 0.2000000030
892  9.968  -86.566  -12.335 1.0000000000
896  25.932  -87.196  -12.760 0.8999999762
899  10.632  -86.526  -13.511 1.0000000000
908  6.181  -87.054  -14.536 0.1000000015
909  5.905  -86.125  -13.456 0.1000000015
918  6.640  -87.139  -15.099 0.1000000015
924  13.477  -86.706  -16.556 0.8999999762
927  7.376  -86.955  -16.670 0.1000000015
929  6.849  -87.454  -15.690 0.1000000015
936  8.168  -86.851  -17.491 0.1000000015
938  7.092  -87.165  -16.957 0.1000000015
948  23.506  -86.069  -19.263 0.1000000015
952  19.858  -86.884  -19.448 0.1000000015
959  9.711  -86.499  -19.453 0.1000000015
961  20.858  -87.028  -20.127 0.2000000030
962  20.347  -87.135  -20.085 0.2000000030
968  11.337  -86.489  -20.381 0.1000000015
969  10.751  -86.736  -20.225 0.1000000015
970  9.963  -86.776  -19.772 0.1000000015
971  12.835  -87.030  -21.059 0.1000000015
997  7.689  -84.927  11.491 0.2000000030
1009  7.193  -84.798  9.410 0.3000000119
1012  6.812  -85.051  8.319 0.2000000030
1034  6.587  -85.656  5.930 0.2000000030
1041  7.109  -85.851  4.211 0.2000000030
1042  6.507  -85.384  4.784 0.2000000030
1051  15.995  -85.741  0.655 0.2000000030
1052  15.417  -85.836  0.424 0.2000000030
1060  15.085  -85.516  0.242 0.3000000119
1071  9.426  -86.075  -0.423 0.2000000030
1073  5.372  -85.416  -0.394 0.6999999881
1081  9.449  -85.721  -1.280 0.2000000030
1091  6.855  -86.084  -2.591 0.8999999762
1116  15.560  -84.968  -4.926 0.5000000000
1133  7.995  -86.183  -5.870 0.8999999762
1134  3.837  -85.130  -6.581 0.6999999881
1152  7.992  -85.692  -8.208 0.8999999762
1162  17.990  -85.729  -10.572 0.6000000238
1167  8.835  -86.359  -10.179 1.0000000000
1180  4.586  -85.222  -11.308 0.2000000030
1183  28.187  -86.023  -12.400 0.8999999762
1191  10.810  -85.115  -12.458 1.0000000000
1198  13.939  -85.085  -14.107 0.8000000119
1204  5.693  -85.896  -13.203 0.2000000030
1222  27.140  -84.981  -16.289 0.5000000000
1228  26.039  -85.045  -17.304 0.5000000000
1233  18.569  -84.979  -16.848 0.1000000015
1258  5.422  -84.649  -20.002 0.1000000015
1264  6.578  -85.505  -20.402 0.1000000015
1265  6.004  -85.386  -20.583 0.1000000015
1273  5.430  -85.204  -21.125 0.1000000015
1279  7.300  -85.860  -22.598 0.1000000015
1311  20.864  -84.833  -25.491 0.1000000015
1397  3.686  -84.186  1.508 0.8000000119
1402  19.194  -85.393  0.411 0.1000000015
1404  15.286  -84.780  0.237 0.2000000030
1405  15.050  -84.912  0.050 0.3000000119
1408  4.520  -84.611  0.791 0.6999999881
1409  3.972  -84.531  0.915 0.8000000119
1412  14.918  -84.743  -0.200 0.2000000030
1415  5.848  -84.995  -0.535 0.6999999881
1418  4.336  -84.781  0.333 0.8000000119
1433  15.878  -84.724  -2.087 0.3000000119
1447  4.433  -85.489  -2.895 0.8999999762
1451  17.084  -84.345  -4.219 0.3000000119
1460  13.042  -84.789  -5.827 0.5000000000
1480  7.683  -85.133  -7.330 0.8999999762
1481  3.685  -84.479  -7.080 0.8000000119
1504  3.816  -83.873  -9.583 0.5000000000
1512  30.391  -83.786  -11.143 0.8999999762
1515  28.642  -84.482  -10.801 0.8000000119
1525  4.449  -84.841  -11.127 0.2000000030
1533  19.425  -84.881  -12.690 0.4000000060
1539  5.039  -84.848  -11.439 0.2000000030
1544  21.925  -84.471  -13.653 0.5000000000
1553  5.653  -85.541  -12.400 0.1000000015
1567  27.391  -84.315  -16.770 0.5000000000
1575  19.665  -84.413  -17.062 0.1000000015
1584  3.920  -83.912  -18.054 0.1000000015
1587  25.408  -84.380  -18.013 0.2000000030
1592  17.403  -84.414  -17.861 0.1000000015
1593  16.339  -84.610  -18.606 0.1000000015
1597  5.132  -84.397  -18.628 0.1000000015
1611  4.258  -84.070  -19.573 0.1000000015
1617  13.478  -84.562  -20.710 0.1000000015
1623  4.236  -84.050  -20.695 0.2000000030
1645  5.116  -84.745  -22.610 0.2000000030
1647  3.963  -83.685  -22.072 0.4000000060
1649  24.430  -84.288  -23.506 0.1000000015
1670  6.672  -84.686  -24.663 0.2000000030
1671  6.056  -84.376  -24.090 0.2000000030
1679  7.149  -84.489  -25.226 0.2000000030
1680  22.218  -84.226  -26.128 0.1000000015
1693  8.308  -84.077  -25.857 0.2000000030
1796  3.423  -83.805  2.161 0.8000000119
1810  5.217  -84.366  0.748 0.6999999881
1843  17.761  -83.312  -3.448 0.3000000119
1852  18.090  -83.141  -4.116 0.3000000119
1853  12.318  -83.442  -4.392 0.1000000015
1856  7.221  -83.604  -4.914 0.6999999881
1860  18.040  -83.181  -4.908 0.3000000119
1866  17.879  -82.853  -5.676 0.3000000119
1868  16.306  -83.588  -6.507 0.4000000060
1914  29.878  -83.878  -10.914 0.8999999762
1921  10.966  -83.787  -11.481 1.0000000000
1923  4.433  -83.693  -11.297 0.1000000015
1925  4.087  -84.002  -11.223 0.1000000015
1929  28.046  -83.643  -11.659 0.8000000119
1942  4.982  -83.828  -11.654 0.2000000030
1979  4.904  -83.558  -16.791 0.1000000015
1980  4.131  -83.610  -16.970 0.1000000015
1999  26.538  -83.313  -18.746 0.3000000119
2007  16.897  -84.289  -18.410 0.1000000015
2037  20.713  -82.622  -21.123 0.1000000015
2072  3.684  -83.038  -22.375 0.4000000060
2079  5.697  -83.550  -23.567 0.3000000119
2081  4.056  -82.861  -23.002 0.5000000000
2112  8.380  -83.162  -27.082 0.3000000119
2125  16.924  -82.936  -29.505 0.1000000015
2131  5.736  -82.053  13.465 0.2000000030
2187  3.789  -82.409  5.564 0.6000000238
2219  3.274  -82.840  3.538 0.6000000238
2231  2.542  -83.016  1.369 0.8000000119
2256  5.696  -82.613  -0.233 0.6999999881
2294  17.553  -82.796  -3.341 0.3000000119
2317  7.398  -81.893  -5.682 0.6000000238
2326  17.537  -81.710  -6.811 0.3000000119
2334  3.187  -82.530  -7.489 0.6999999881
2335  3.012  -82.239  -8.222 0.4000000060
2337  27.481  -83.043  -8.601 0.1000000015
2340  14.013  -82.652  -8.798 0.6000000238
2349  21.076  -82.884  -9.850 0.1000000015
2355  2.895  -82.120  -10.011 0.2000000030
2356  26.524  -82.438  -10.201 0.1000000015
2361  21.359  -82.553  -9.920 0.1000000015
2364  14.484  -82.076  -11.124 0.6999999881
2374  13.909  -82.114  -12.070 0.8000000119
2376  12.030  -82.555  -11.574 0.8000000119
2382  3.785  -82.814  -11.012 0.1000000015
2383  3.658  -82.827  -10.768 0.1000000015
2390  14.108  -82.598  -12.443 0.8000000119
2391  13.458  -82.606  -12.503 0.8000000119
2400  26.527  -82.681  -13.823 0.6000000238
2407  32.793  -82.008  -13.131 0.8999999762
2413  25.472  -82.334  -14.692 0.4000000060
2414  24.705  -82.368  -14.700 0.4000000060
2457  2.538  -82.238  -16.990 0.1000000015
2489  26.902  -82.760  -21.816 0.3000000119
2493  21.649  -82.017  -20.911 0.1000000015
2516  3.703  -82.224  -22.796 0.5000000000
2523  7.222  -82.753  -24.657 0.3000000119
2529  7.156  -83.045  -25.596 0.3000000119
2533  19.304  -82.083  -26.490 0.8000000119
2534  18.521  -81.872  -26.245 0.8999999762
2535  7.937  -82.889  -26.942 0.3000000119
2536  7.519  -82.987  -26.359 0.4000000060
2544  10.265  -82.543  -28.104 0.1000000015
2558  21.954  -82.133  -29.954 0.6999999881
2560  20.380  -82.565  -29.888 0.6000000238
2567  19.026  -81.621  -30.304 0.5000000000
2580  5.227  -81.700  13.171 0.2000000030
2581  4.807  -81.285  12.706 0.2000000030
2599  4.191  -80.712  10.835 0.3000000119
2626  3.013  -81.408  8.457 0.6000000238
2657  5.415  -80.880  5.876 0.6000000238
2659  3.035  -81.749  6.079 0.6000000238
2664  3.047  -81.833  4.555 0.6000000238
2706  2.609  -82.172  -0.581 0.8000000119
2719  2.728  -81.952  -1.381 0.8000000119
2731  2.914  -81.057  -3.007 0.8999999762
2749  17.860  -82.259  -4.673 0.3000000119
2752  11.037  -82.294  -5.275 0.2000000030
2771  7.525  -80.987  -5.401 0.6000000238
2772  3.640  -81.926  -5.350 0.8000000119
2793  16.458  -81.200  -8.182 0.5000000000
2807  2.580  -81.071  -9.030 0.1000000015
2824  14.301  -81.365  -10.739 0.6999999881
2848  32.374  -81.687  -12.436 0.8000000119
2854  33.399  -80.885  -13.596 0.6999999881
2863  33.688  -80.988  -14.116 0.8000000119
2871  22.049  -81.582  -14.467 0.4000000060
2894  4.086  -81.996  -15.236 0.1000000015
2910  29.372  -81.636  -17.394 0.5000000000
2929  27.624  -81.822  -19.818 0.4000000060
2945  26.246  -81.864  -21.695 0.3000000119
2952  3.345  -81.280  -21.231 0.6000000238
2955  20.625  -81.177  -22.799 0.8000000119
2970  21.110  -81.659  -23.859 0.8000000119
2971  20.480  -81.511  -23.479 0.8000000119
2980  29.077  -81.002  -25.166 0.8999999762
2986  21.521  -81.308  -24.449 0.8000000119
2995  5.863  -81.917  -23.500 0.8999999762
2996  27.743  -81.486  -25.414 0.6999999881
3017  8.522  -81.706  -26.916 0.4000000060
3027  9.867  -81.824  -28.207 0.2000000030
3029  8.493  -82.538  -27.424 0.3000000119
3030  26.163  -80.840  -28.888 0.6999999881
3035  20.432  -80.784  -29.830 0.8000000119
3043  11.777  -81.458  -28.329 0.1000000015
3048  19.463  -81.032  -30.041 0.6999999881
3049  18.573  -81.450  -29.832 0.6000000238
3051  16.821  -81.928  -28.974 0.2000000030
3055  20.844  -81.156  -30.395 0.8000000119
3083  4.590  -80.943  12.675 0.2000000030
3084  4.282  -80.563  12.290 0.2000000030
3105  3.539  -80.279  11.168 0.3000000119
3224  2.633  -80.779  -0.425 0.8000000119
3254  2.859  -80.261  -2.829 1.0000000000
3264  7.333  -79.202  -3.971 0.6000000238
3288  3.755  -80.499  -5.118 0.8999999762
3298  8.574  -80.425  -6.162 0.6999999881
3307  16.716  -80.151  -8.024 0.5000000000
3310  10.694  -79.942  -7.475 0.6000000238
3311  9.879  -80.466  -7.181 0.6999999881
3319  16.380  -79.931  -8.714 0.5000000000
3324  28.715  -80.425  -9.971 0.1000000015
3333  2.593  -80.474  -9.779 0.1000000015
3361  23.350  -80.216  -12.180 0.1000000015
3366  31.530  -80.746  -12.925 0.8000000119
3375  4.657  -80.204  -13.539 0.1000000015
3378  30.990  -80.319  -13.653 0.6999999881
3394  34.310  -79.883  -15.016 0.6000000238
3399  26.384  -80.405  -15.771 0.4000000060
3401  24.382  -80.168  -15.891 0.4000000060
3411  34.497  -79.728  -15.702 0.6000000238
3468  3.379  -80.869  -20.447 0.8000000119
3469  3.083  -80.902  -20.563 0.6999999881
3474  27.729  -79.841  -21.676 0.4000000060
3478  20.758  -80.240  -21.705 0.8000000119
3482  4.340  -80.664  -21.875 0.8999999762
3486  31.153  -80.568  -22.384 0.8999999762
3491  25.311  -80.857  -21.904 0.3000000119
3494  20.311  -80.667  -22.339 0.8999999762
3497  4.580  -80.519  -22.711 0.8000000119
3504  25.225  -80.826  -22.534 0.3000000119
3510  6.851  -80.570  -23.355 0.8999999762
3511  5.911  -80.540  -23.518 0.8000000119
3524  28.953  -80.808  -25.915 0.8999999762
3527  9.460  -80.466  -25.117 0.6999999881
3529  29.452  -80.230  -26.430 1.0000000000
3532  17.223  -79.699  -26.666 0.8999999762
3542  10.469  -80.188  -28.102 0.1000000015
3545  26.918  -80.110  -28.945 1.0000000000
3546  26.098  -80.346  -29.687 0.8000000119
3548  16.679  -80.918  -28.033 0.3000000119
3549  16.329  -80.413  -28.051 0.4000000060
3551  14.564  -79.747  -28.285 0.3000000119
3553  12.797  -80.019  -28.563 0.3000000119
3555  26.471  -79.951  -29.676 1.0000000000
3556  25.773  -79.855  -30.235 1.0000000000
3564  21.726  -80.754  -30.230 0.8000000119
3581  4.873  -80.759  13.227 0.2000000030
3591  4.454  -80.386  12.728 0.2000000030
3642  6.524  -80.057  6.973 0.4000000060
3643  6.049  -79.960  7.189 0.4000000060
3656  6.869  -80.006  6.445 0.5000000000
3659  2.625  -79.565  6.842 0.6000000238
3710  7.540  -78.711  1.992 0.4000000060
3730  8.352  -78.383  -0.629 0.5000000000
3785  8.073  -78.765  -4.467 0.6000000238
3795  12.150  -78.755  -5.901 0.5000000000
3797  10.896  -78.700  -5.207 0.5000000000
3827  15.048  -78.878  -7.823 0.4000000060
3836  28.079  -80.316  -9.141 0.1000000015
3846  15.936  -79.400  -8.751 0.5000000000
3847  15.241  -79.299  -9.198 0.5000000000
3861  3.404  -79.593  -10.589 0.1000000015
3879  20.428  -79.730  -12.724 0.2000000030
3897  4.189  -79.646  -13.351 0.1000000015
3920  27.924  -79.645  -15.693 0.3000000119
3923  22.668  -78.845  -15.335 0.2000000030
3929  2.380  -79.554  -15.425 0.2000000030
3930  34.666  -79.159  -16.087 0.6000000238
3952  34.441  -78.678  -17.688 0.6000000238
3953  34.005  -79.140  -18.369 0.6000000238
3957  27.876  -80.375  -18.705 0.5000000000
3963  6.097  -79.684  -18.491 0.8999999762
3965  4.679  -80.344  -18.436 0.8999999762
3971  27.512  -79.949  -19.126 0.5000000000
3978  32.661  -78.918  -20.518 0.6999999881
3979  32.451  -79.457  -20.451 0.8000000119
3980  30.858  -80.102  -19.894 0.8999999762
3990  32.866  -78.509  -21.108 0.8000000119
3996  21.620  -79.353  -21.285 0.6999999881
4002  32.750  -78.804  -21.977 0.8000000119
4006  19.089  -79.375  -22.303 0.8999999762
4008  9.008  -79.384  -21.571 0.8999999762
4009  8.388  -79.422  -22.180 0.8000000119
4013  4.869  -79.973  -22.647 0.8999999762
4015  31.899  -80.132  -23.954 0.8000000119
4028  17.771  -78.852  -25.528 0.8999999762
4029  10.361  -79.519  -24.516 0.8999999762
4035  20.474  -78.480  -26.049 0.6999999881
4046  9.661  -79.900  -25.856 0.5000000000
4055  16.379  -79.419  -27.463 0.5000000000
4057  11.465  -79.201  -28.332 0.2000000030
4058  10.782  -79.418  -28.046 0.2000000030
4062  15.572  -79.222  -28.030 0.8000000119
4070  22.480  -79.340  -29.529 0.8999999762
4071  24.761  -79.146  -30.377 0.8999999762
4072  24.187  -79.251  -30.459 0.8000000119
4073  23.430  -79.458  -30.292 0.8000000119
4100  4.248  -79.260  12.568 0.3000000119
4119  3.507  -78.032  10.983 0.3000000119
4211  6.974  -78.717  2.428 0.4000000060
4225  7.933  -78.756  1.479 0.4000000060
4227  6.848  -78.529  1.233 0.6000000238
4250  7.244  -78.284  -0.314 0.5000000000
4260  8.193  -78.137  -1.327 0.5000000000
4283  2.762  -78.478  -2.157 0.8999999762
4330  11.460  -78.749  -5.534 0.5000000000
4331  9.632  -78.554  -4.840 0.5000000000
4344  25.072  -78.330  -6.663 0.1000000015
4346  12.133  -78.657  -6.418 0.5000000000
4348  10.366  -78.612  -5.260 0.5000000000
4362  25.287  -78.458  -8.138 0.1000000015
4387  20.775  -78.558  -12.317 0.2000000030
4417  3.303  -78.285  -13.358 0.1000000015
4419  33.708  -78.950  -14.881 0.6000000238
4420  21.843  -78.398  -14.757 0.2000000030
4428  2.838  -78.933  -14.096 0.1000000015
4431  34.209  -78.645  -15.729 0.5000000000
4443  34.576  -78.670  -16.351 0.6000000238
4452  25.168  -78.552  -16.461 0.3000000119
4462  2.443  -78.340  -16.782 0.5000000000
4463  34.509  -78.320  -17.102 0.5000000000
4469  6.230  -79.164  -17.081 0.8999999762
4471  4.822  -79.365  -17.162 0.8999999762
4480  2.845  -78.090  -18.028 0.6000000238
4482  21.111  -78.015  -19.503 0.6000000238
4488  20.688  -78.691  -19.881 0.8000000119
4495  33.137  -78.078  -21.825 0.8000000119
4496  21.477  -78.599  -20.728 0.6999999881
4508  17.866  -78.267  -22.582 0.8999999762
4513  9.625  -79.022  -21.395 0.8999999762
4518  33.206  -78.073  -23.339 0.8000000119
4522  18.068  -78.555  -23.332 0.8999999762
4531  33.080  -77.960  -24.159 0.6999999881
4540  13.405  -78.465  -24.733 0.8999999762
4544  32.943  -78.197  -24.841 0.6999999881
4545  32.780  -78.630  -25.146 0.6999999881
4556  32.076  -78.898  -26.458 0.6000000238
4560  19.785  -77.613  -26.753 0.6999999881
4562  16.575  -78.848  -26.849 0.8000000119
4579  16.377  -79.049  -27.349 0.6999999881
4582  12.820  -78.417  -28.020 0.4000000060
4585  32.142  -77.703  -28.181 0.5000000000
4586  31.302  -78.136  -28.399 0.5000000000
4593  15.278  -78.872  -27.963 0.6000000238
4594  14.358  -78.791  -28.140 0.4000000060
4595  13.447  -78.768  -28.353 0.4000000060
4601  23.751  -78.506  -29.938 0.8999999762
4605  24.369  -78.880  -30.301 0.8999999762
4645  5.083  -77.686  12.451 0.1000000015
4671  3.698  -77.503  10.545 0.3000000119
4750  3.785  -77.305  3.597 0.6999999881
4787  3.127  -77.281  0.313 0.6999999881
4879  25.380  -77.813  -7.869 0.1000000015
4940  21.142  -77.242  -13.105 0.2000000030
4950  21.335  -77.314  -13.993 0.2000000030
4957  22.690  -77.210  -15.202 0.2000000030
4963  5.412  -77.484  -15.508 1.0000000000
4965  34.052  -77.757  -17.456 0.5000000000
4982  4.865  -77.932  -16.165 0.8999999762
4984  33.404  -77.313  -17.916 0.5000000000
4990  26.651  -77.004  -17.083 0.3000000119
4996  33.879  -77.727  -18.288 0.5000000000
4998  21.092  -76.699  -18.832 0.5000000000
5007  20.843  -77.426  -18.969 0.5000000000
5008  20.149  -77.335  -18.854 0.6000000238
5017  10.276  -77.410  -19.931 0.8000000119
5018  9.560  -77.581  -19.961 0.6999999881
5019  8.956  -77.509  -20.523 0.6999999881
5022  32.561  -77.487  -21.744 0.6999999881
5024  18.583  -77.840  -21.001 0.8999999762
5031  11.247  -76.904  -20.218 0.8000000119
5035  33.055  -77.628  -23.022 0.6999999881
5036  32.536  -77.337  -22.733 0.6000000238
5048  6.040  -78.028  -21.852 1.0000000000
5050  32.794  -77.444  -24.211 0.6000000238
5054  14.349  -77.876  -23.341 0.8999999762
5066  19.637  -77.097  -26.173 0.6000000238
5067  32.817  -77.442  -26.517 0.5000000000
5078  23.159  -77.703  -28.093 0.8000000119
5088  22.847  -77.608  -29.047 0.8000000119
5089  21.979  -77.648  -29.046 0.8000000119
5090  21.265  -77.809  -28.792 0.6999999881
5176  4.302  -77.128  11.442 0.2000000030
5246  5.564  -76.143  7.284 0.5000000000
5259  4.635  -76.593  5.967 0.6000000238
5323  2.904  -76.861  -0.904 0.8999999762
5386  2.311  -76.290  -6.920 0.4000000060
5473  21.592  -76.556  -12.730 0.2000000030
5513  6.378  -76.799  -15.103 1.0000000000
5535  2.621  -76.727  -17.680 0.8000000119
5541  20.528  -76.116  -18.547 0.5000000000
5546  2.824  -76.941  -18.077 0.8000000119
5550  21.414  -76.394  -19.266 0.5000000000
5552  6.422  -77.424  -18.781 0.8999999762
5556  30.898  -76.292  -20.137 0.5000000000
5571  29.797  -76.612  -21.409 0.4000000060
5573  27.884  -76.360  -22.122 0.3000000119
5575  20.815  -76.149  -21.356 0.6000000238
5579  14.112  -76.316  -21.111 0.8000000119
5581  9.149  -76.418  -20.876 0.6999999881
5588  27.660  -76.387  -22.898 0.2000000030
5603  7.275  -76.149  -23.060 0.6000000238
5607  31.329  -76.692  -24.838 0.6000000238
5610  28.131  -76.121  -24.173 0.3000000119
5611  23.778  -75.753  -24.240 0.5000000000
5613  21.378  -75.503  -25.031 0.4000000060
5633  14.038  -76.211  -26.617 0.4000000060
5637  10.271  -76.760  -25.933 0.6000000238
5639  8.054  -76.012  -25.941 0.5000000000
5642  31.167  -75.962  -26.387 0.4000000060
5644  25.806  -76.805  -25.466 0.5000000000
5647  13.771  -76.164  -27.516 0.4000000060
5656  20.904  -76.925  -27.453 0.8000000119
5658  11.939  -76.250  -28.001 0.5000000000
5659  11.196  -76.177  -27.680 0.5000000000
5660  32.809  -76.126  -28.953 0.4000000060
5665  32.150  -76.034  -29.647 0.5000000000
5671  30.050  -75.964  -30.571 0.4000000060
5672  28.956  -76.082  -30.485 0.4000000060
5789  9.183  -74.763  10.144 0.1000000015
5792  4.711  -75.645  10.915 0.2000000030
5803  9.195  -75.190  9.380 0.1000000015
5864  4.182  -76.638  4.077 0.6999999881
5910  7.015  -74.966  0.620 0.8000000119
5923  6.391  -75.230  -0.515 0.8000000119
5946  5.257  -75.482  -2.462 0.8000000119
6068  22.460  -75.543  -12.428 0.2000000030
6069  21.919  -75.882  -12.780 0.2000000030
6086  7.049  -75.165  -13.988 0.8000000119
6096  22.577  -75.027  -14.074 0.1000000015
6102  7.975  -75.268  -14.684 0.8000000119
6104  6.644  -75.582  -14.354 0.8999999762
6121  8.114  -75.332  -15.612 0.8000000119
6122  7.651  -75.948  -15.910 0.8000000119
6137  20.608  -75.196  -18.523 0.5000000000
6142  3.364  -76.344  -18.170 0.8999999762
6143  2.904  -76.425  -18.063 0.8000000119
6144  30.450  -75.756  -19.374 0.4000000060
6146  29.250  -74.729  -19.120 0.3000000119
6157  16.992  -75.460  -20.629 0.6000000238
6159  14.841  -74.979  -20.503 0.6000000238
6161  13.122  -75.042  -20.472 0.8000000119
6163  9.844  -76.309  -20.431 0.6999999881
6169  26.388  -75.025  -22.348 0.1000000015
6172  17.534  -74.993  -20.752 0.6000000238
6180  26.501  -74.948  -23.214 0.2000000030
6181  19.861  -75.068  -22.406 0.3000000119
6187  6.152  -75.012  -22.542 0.5000000000
6195  11.164  -75.110  -22.656 0.6000000238
6196  10.409  -75.687  -22.991 0.6000000238
6199  28.049  -75.587  -24.679 0.2000000030
6200  27.575  -75.225  -24.345 0.2000000030
6201  22.972  -75.183  -24.527 0.4000000060
6213  6.691  -74.748  -24.243 0.4000000060
6218  17.191  -75.176  -24.801 0.3000000119
6222  12.776  -76.236  -25.515 0.5000000000
6223  7.718  -75.389  -26.164 0.4000000060
6230  24.062  -75.134  -25.082 0.3000000119
6232  15.264  -75.488  -27.070 0.3000000119
6243  14.463  -75.628  -27.537 0.4000000060
6244  13.803  -75.767  -27.982 0.4000000060
6247  10.933  -75.799  -27.660 0.5000000000
6251  26.209  -75.779  -29.013 0.3000000119
6255  28.071  -75.903  -30.120 0.3000000119
6406  4.687  -74.797  10.752 0.2000000030
6472  6.309  -74.641  5.834 0.6000000238
6489  7.387  -73.731  2.868 0.8000000119
6503  6.867  -74.695  2.192 0.8000000119
6511  7.333  -73.952  1.204 0.8999999762
6559  4.652  -74.788  -3.681 0.8000000119
6600  2.610  -74.784  -6.811 0.4000000060
6613  2.721  -74.840  -7.550 0.1000000015
6670  23.889  -73.770  -12.678 0.1000000015
6692  7.978  -74.280  -13.640 0.8000000119
6711  5.968  -74.659  -14.343 0.8999999762
6720  23.662  -74.819  -15.301 0.1000000015
6743  4.291  -75.191  -18.016 0.8999999762
6753  21.163  -74.031  -18.838 0.5000000000
6756  7.746  -74.193  -18.909 0.5000000000
6765  19.371  -74.737  -18.825 0.5000000000
6768  6.836  -74.918  -19.296 0.6000000238
6777  21.571  -75.075  -19.912 0.4000000060
6779  18.014  -74.739  -20.730 0.5000000000
6780  15.002  -74.519  -20.853 0.6000000238
6782  13.472  -74.414  -20.735 0.6000000238
6784  11.966  -74.718  -20.759 0.5000000000
6791  26.594  -74.804  -21.372 0.1000000015
6793  20.828  -74.615  -21.167 0.2000000030
6797  14.268  -74.037  -21.146 0.6000000238
6799  12.633  -74.175  -21.012 0.6000000238
6800  11.237  -74.843  -20.982 0.6000000238
6801  5.841  -74.630  -21.500 0.5000000000
6816  27.122  -74.800  -23.837 0.2000000030
6818  19.677  -73.927  -23.422 0.3000000119
6821  14.232  -74.259  -22.731 0.4000000060
6822  12.815  -74.348  -22.653 0.6000000238
6826  28.182  -74.652  -25.024 0.1000000015
6832  29.217  -74.556  -25.940 0.2000000030
6836  22.371  -74.567  -25.141 0.2000000030
6841  7.575  -74.508  -26.095 0.4000000060
6851  15.810  -75.074  -27.324 0.2000000030
6865  11.468  -75.244  -27.769 0.4000000060
6866  10.774  -75.114  -27.424 0.4000000060
6869  25.740  -74.734  -28.840 0.1000000015
6876  31.219  -74.048  -30.098 0.2000000030
6877  30.731  -74.202  -30.456 0.2000000030
7038  8.489  -73.395  10.285 0.1000000015
7039  7.584  -73.014  10.299 0.2000000030
7059  3.254  -73.481  8.503 0.4000000060
7101  6.061  -73.896  5.657 0.6999999881
7116  6.771  -73.832  4.456 0.6999999881
7137  7.370  -73.435  2.500 0.8000000119
7174  6.795  -74.009  -0.386 0.8999999762
7191  4.106  -73.474  -2.122 0.6999999881
7196  4.925  -73.961  -2.695 0.6999999881
7253  3.463  -73.726  -6.424 0.2000000030
7269  4.378  -73.773  -7.818 0.1000000015
7281  3.872  -73.921  -7.689 0.2000000030
7345  7.455  -73.757  -13.477 0.8999999762
7346  6.580  -74.037  -13.816 0.8999999762
7358  10.226  -73.005  -14.455 0.6000000238
7359  9.591  -73.500  -14.335 0.5000000000
7360  8.773  -73.916  -13.863 0.6999999881
7381  24.318  -73.400  -15.594 0.1000000015
7385  5.340  -73.247  -16.772 1.0000000000
7386  2.973  -73.382  -17.784 0.6000000238
7393  8.645  -73.661  -17.597 0.5000000000
7396  3.650  -73.656  -18.470 0.8000000119
7406  19.042  -73.518  -18.939 0.5000000000
7417  18.607  -73.470  -19.507 0.4000000060
7427  26.676  -73.645  -20.062 0.1000000015
7430  18.241  -73.634  -20.318 0.4000000060
7439  32.600  -73.373  -21.158 0.1000000015
7443  7.012  -73.115  -22.066 0.5000000000
7464  17.610  -73.856  -23.129 0.2000000030
7474  17.823  -73.749  -24.599 0.1000000015
7484  7.882  -73.614  -26.004 0.4000000060
7493  10.666  -73.526  -27.060 0.2000000030
7503  16.479  -73.555  -27.896 0.1000000015
7508  11.941  -74.497  -27.708 0.2000000030
7514  22.853  -73.501  -28.202 0.1000000015
7515  22.114  -73.674  -28.159 0.1000000015
7516  21.674  -73.267  -28.378 0.1000000015
7519  27.643  -73.770  -29.464 0.2000000030
7523  29.126  -73.628  -30.308 0.2000000030
7700  2.480  -72.408  7.888 0.4000000060
7722  2.118  -72.096  7.214 0.5000000000
7735  2.080  -71.718  6.502 0.5000000000
7765  6.998  -72.734  3.360 0.6999999881
7785  7.023  -73.372  1.256 0.8999999762
7823  2.986  -72.255  -1.781 0.6000000238
7831  3.139  -72.849  -2.232 0.6000000238
7861  3.832  -72.982  -5.075 0.4000000060
7893  5.207  -72.324  -7.344 0.1000000015
7966  7.732  -72.930  -13.331 0.8000000119
7982  6.300  -73.189  -14.119 0.8999999762
7984  2.994  -72.508  -14.479 0.1000000015
7998  5.483  -72.457  -16.061 0.8999999762
8022  8.625  -72.696  -17.854 0.5000000000
8031  20.351  -72.628  -18.578 0.4000000060
8045  7.686  -72.600  -20.068 0.5000000000
8062  7.284  -72.514  -21.471 0.5000000000
8080  20.128  -72.778  -23.448 0.2000000030
8089  30.657  -73.335  -24.788 0.1000000015
8091  20.258  -72.827  -24.199 0.3000000119
8093  7.129  -71.799  -24.133 0.4000000060
8100  20.530  -72.939  -25.010 0.3000000119
8105  7.807  -72.961  -25.643 0.4000000060
8115  18.068  -72.125  -27.371 0.1000000015
8121  9.222  -72.832  -26.495 0.3000000119
8127  25.670  -72.947  -26.907 0.1000000015
8130  21.081  -73.016  -28.206 0.1000000015
8131  17.514  -72.327  -27.710 0.1000000015
8142  22.493  -72.499  -28.851 0.1000000015
8144  31.199  -72.144  -29.603 0.1000000015
8146  30.310  -72.212  -30.122 0.1000000015
8149  31.009  -72.824  -29.898 0.1000000015
8347  9.227  -71.667  8.333 0.1000000015
8349  7.835  -71.589  8.806 0.1000000015
8362  9.589  -71.066  7.818 0.1000000015
8363  6.997  -71.211  8.278 0.3000000119
8365  4.697  -71.101  7.980 0.4000000060
8388  2.431  -71.294  5.814 0.6000000238
8420  5.713  -71.580  3.315 0.8999999762
8448  5.460  -71.945  2.054 0.8999999762
8451  3.477  -70.760  1.230 0.8999999762
8583  4.502  -71.829  -6.521 0.1000000015
8600  4.463  -72.495  -6.792 0.1000000015
8682  5.874  -71.886  -15.046 0.8999999762
8696  13.849  -71.261  -15.985 0.2000000030
8697  13.309  -71.414  -15.739 0.3000000119
8721  13.882  -71.094  -16.863 0.1000000015
8728  3.398  -71.164  -18.073 0.6000000238
8749  26.646  -71.422  -19.570 0.1000000015
8750  21.188  -71.404  -19.185 0.1000000015
8751  20.315  -71.110  -19.001 0.3000000119
8752  19.602  -71.438  -19.002 0.4000000060
8765  21.670  -71.612  -20.673 0.1000000015
8766  18.293  -71.595  -19.969 0.3000000119
8768  7.156  -71.903  -20.699 0.5000000000
8779  21.455  -71.709  -21.711 0.1000000015
8782  6.352  -70.609  -21.997 0.3000000119
8812  18.061  -72.123  -25.008 0.1000000015
8824  18.174  -71.429  -27.362 0.1000000015
8830  10.748  -71.931  -26.469 0.2000000030
8837  21.390  -71.329  -27.721 0.1000000015
8846  29.432  -71.392  -28.901 0.1000000015
8848  27.903  -72.327  -27.704 0.1000000015
8852  22.311  -71.821  -28.860 0.1000000015
8854  30.765  -71.795  -29.806 0.1000000015
8855  29.879  -71.715  -29.677 0.1000000015
8858  23.818  -71.356  -28.943 0.1000000015
9095  7.551  -70.685  7.800 0.2000000030
9099  2.980  -70.206  7.681 0.5000000000
9131  2.154  -69.986  5.932 0.6000000238
9157  4.509  -70.583  3.756 0.8000000119
9302  4.892  -70.914  -5.483 0.1000000015
9325  4.619  -71.239  -6.049 0.1000000015
9394  13.497  -70.362  -15.183 0.3000000119
9395  12.742  -70.478  -15.112 0.3000000119
9400  6.873  -70.725  -14.905 0.8999999762
9417  14.279  -70.812  -15.915 0.2000000030
9429  14.364  -70.631  -16.460 0.2000000030
9445  13.450  -70.621  -17.448 0.1000000015
9463  11.049  -70.155  -18.074 0.2000000030
9464  10.107  -70.212  -18.123 0.3000000119
9469  4.424  -69.893  -18.472 0.8000000119
9470  4.052  -70.174  -18.470 0.8000000119
9478  20.466  -70.662  -19.359 0.3000000119
9480  6.961  -71.016  -19.371 0.4000000060
9489  28.335  -70.423  -20.211 0.1000000015
9493  19.280  -70.464  -20.048 0.3000000119
9495  17.913  -71.296  -20.750 0.3000000119
9502  23.285  -69.950  -21.565 0.1000000015
9506  5.942  -70.038  -21.346 0.3000000119
9510  23.450  -70.250  -22.314 0.1000000015
9512  18.169  -70.194  -22.866 0.1000000015
9515  11.066  -69.796  -22.467 0.2000000030
9522  23.499  -70.213  -23.089 0.1000000015
9528  11.679  -70.092  -23.108 0.2000000030
9531  7.545  -69.983  -23.879 0.3000000119
9547  14.594  -70.268  -24.877 0.2000000030
9552  7.216  -70.844  -24.363 0.4000000060
9566  18.714  -70.406  -26.415 0.1000000015
9570  11.858  -70.648  -24.907 0.2000000030
9583  21.676  -70.649  -26.925 0.1000000015
9586  17.487  -70.322  -27.244 0.1000000015
9588  14.917  -70.776  -26.499 0.2000000030
9595  22.304  -70.450  -28.224 0.1000000015
9610  24.882  -70.493  -28.901 0.1000000015
9611  23.877  -70.968  -29.021 0.1000000015
9875  9.471  -69.954  7.472 0.1000000015
9879  2.335  -69.909  7.166 0.6000000238
9892  7.069  -69.792  6.436 0.4000000060
9893  6.454  -69.354  6.152 0.5000000000
9950  3.380  -68.947  2.350 0.8999999762
9964  3.418  -69.122  1.942 1.0000000000
10106  11.260  -70.067  -15.025 0.4000000060
10107  9.973  -69.651  -15.227 0.6000000238
10139  15.051  -69.434  -16.177 0.2000000030
10142  3.376  -69.209  -17.207 0.8000000119
10153  14.191  -69.427  -17.131 0.1000000015
10155  12.846  -69.934  -17.949 0.1000000015
10156  5.231  -68.677  -18.148 1.0000000000
10157  3.549  -69.428  -17.892 0.8000000119
10167  7.057  -69.496  -19.121 0.3000000119
10168  4.703  -69.171  -18.448 1.0000000000
10169  4.124  -69.356  -18.415 1.0000000000
10182  22.259  -69.661  -20.408 0.1000000015
10184  20.854  -69.615  -20.261 0.2000000030
10190  23.608  -69.216  -21.723 0.1000000015
10193  19.392  -69.268  -21.656 0.2000000030
10199  6.128  -69.247  -21.375 0.3000000119
10207  19.278  -68.974  -23.235 0.1000000015
10208  18.712  -69.513  -22.401 0.1000000015
10212  9.644  -69.369  -22.001 0.2000000030
10213  8.161  -69.173  -22.213 0.2000000030
10214  7.086  -69.366  -22.527 0.2000000030
10223  23.298  -69.917  -23.890 0.1000000015
10239  23.026  -69.531  -24.832 0.1000000015
10242  14.506  -69.708  -24.318 0.2000000030
10246  19.555  -69.069  -25.707 0.1000000015
10254  18.290  -69.086  -26.928 0.1000000015
10255  17.517  -69.606  -26.793 0.1000000015
10259  22.463  -69.715  -27.693 0.1000000015
10265  23.650  -69.867  -28.554 0.1000000015
10270  24.787  -70.389  -28.979 0.1000000015
10546  3.447  -68.728  7.340 0.6000000238
10557  8.732  -69.117  6.076 0.4000000060
10560  3.835  -68.017  6.984 0.6000000238
10668  3.634  -68.226  0.517 0.4000000060
10675  4.740  -69.286  -1.018 0.1000000015
10678  3.961  -67.939  0.195 0.1000000015
10824  15.612  -68.685  -14.447 0.1000000015
10835  16.067  -68.314  -14.648 0.1000000015
10846  15.344  -68.714  -16.043 0.1000000015
10848  14.087  -68.515  -17.076 0.1000000015
10865  6.615  -68.707  -19.412 0.2000000030
10868  3.767  -68.826  -18.177 0.8999999762
10873  5.926  -68.933  -20.313 0.3000000119
10880  21.323  -68.921  -20.828 0.1000000015
10885  23.605  -68.456  -21.885 0.1000000015
10890  9.861  -68.035  -21.638 0.2000000030
10892  8.047  -68.174  -21.367 0.2000000030
10897  24.259  -68.195  -22.806 0.1000000015
10902  11.667  -68.710  -22.570 0.2000000030
10907  24.360  -68.086  -23.433 0.1000000015
10909  20.623  -68.182  -23.562 0.1000000015
10911  13.476  -68.958  -23.615 0.2000000030
10912  12.522  -68.706  -23.232 0.2000000030
10915  24.256  -67.961  -24.289 0.1000000015
10918  15.778  -68.370  -24.284 0.1000000015
10924  22.896  -68.503  -26.294 0.1000000015
11253  2.974  -67.429  6.819 0.6000000238
11281  9.438  -67.766  4.542 0.3000000119
11282  7.868  -67.631  4.031 0.5000000000
11284  6.130  -66.929  4.890 0.6999999881
11310  2.811  -66.635  3.112 0.6999999881
11464  3.440  -66.815  -10.514 0.1000000015
11486  15.830  -67.777  -13.489 0.2000000030
11492  16.501  -67.729  -14.557 0.1000000015
11514  13.768  -67.693  -16.977 0.1000000015
11517  3.647  -67.058  -17.257 0.8000000119
11527  9.866  -67.798  -18.347 0.1000000015
11546  7.520  -67.163  -20.622 0.2000000030
11550  23.286  -67.973  -21.875 0.1000000015
11554  10.102  -67.099  -21.835 0.2000000030
11556  8.475  -67.509  -21.085 0.2000000030
11558  6.991  -67.828  -20.689 0.2000000030
11566  23.882  -67.882  -22.369 0.1000000015
11569  21.225  -67.751  -23.031 0.1000000015
11587  12.559  -67.397  -23.646 0.1000000015
11601  20.060  -67.769  -25.862 0.1000000015
11604  14.401  -67.165  -23.949 0.1000000015
11605  13.436  -67.311  -23.898 0.2000000030
11617  19.445  -67.524  -26.424 0.1000000015
11618  18.935  -67.796  -26.904 0.1000000015
11963  2.797  -66.898  6.254 0.6999999881
11992  4.803  -65.888  5.470 0.6999999881
12005  11.385  -65.834  4.028 0.3000000119
12008  8.917  -66.716  3.560 0.5000000000
12010  7.155  -66.115  3.561 0.8000000119
12011  2.813  -66.149  3.699 0.8000000119
12022  2.659  -66.436  2.482 0.6000000238
12081  4.029  -67.170  -0.182 0.1000000015
12182  13.508  -66.807  -13.497 0.3000000119
12183  12.561  -66.261  -13.696 0.4000000060
12188  3.007  -65.983  -12.984 0.8000000119
12191  17.011  -67.092  -14.186 0.1000000015
12215  4.032  -66.532  -17.266 1.0000000000
12223  12.346  -66.818  -17.354 0.1000000015
12224  11.605  -66.466  -17.526 0.1000000015
12225  9.155  -66.525  -17.897 0.1000000015
12226  8.203  -66.025  -17.815 0.1000000015
12227  7.541  -66.445  -18.260 0.1000000015
12228  7.032  -66.036  -18.528 0.1000000015
12241  6.842  -66.358  -19.105 0.1000000015
12292  12.341  -65.652  -21.039 0.1000000015
12295  8.670  -66.427  -20.644 0.1000000015
12296  8.139  -67.016  -20.751 0.2000000030
12315  11.743  -65.845  -23.069 0.1000000015
12316  11.089  -66.432  -22.718 0.1000000015
12317  10.509  -66.289  -21.938 0.1000000015
12328  24.255  -66.713  -23.343 0.1000000015
12361  23.696  -66.211  -25.785 0.1000000015
12371  23.270  -65.669  -26.641 0.1000000015
12376  22.821  -66.079  -27.244 0.1000000015
12729  2.948  -65.834  5.260 0.8999999762
12740  6.159  -65.685  4.103 0.8000000119
12751  14.187  -65.309  4.284 0.1000000015
12755  9.457  -65.465  3.553 0.4000000060
12837  4.132  -66.270  -0.216 0.1000000015
12913  17.058  -65.472  -11.657 0.1000000015
12942  11.231  -65.530  -13.422 0.4000000060
12948  2.997  -65.163  -13.200 0.8999999762
12969  3.930  -64.998  -16.105 1.0000000000
12979  4.385  -65.729  -16.709 1.0000000000
12993  7.654  -65.258  -17.810 0.1000000015
12994  7.185  -65.363  -18.305 0.1000000015
13019  7.164  -65.555  -19.209 0.1000000015
13035  8.067  -65.623  -19.914 0.1000000015
13049  9.270  -65.866  -20.583 0.1000000015
13069  13.753  -65.206  -23.054 0.1000000015
13070  13.171  -65.744  -23.413 0.1000000015
13083  13.951  -65.795  -23.440 0.1000000015
13090  24.010  -65.506  -25.717 0.1000000015
13504  5.168  -64.538  4.364 0.8000000119
13518  14.078  -64.697  3.955 0.1000000015
13521  9.018  -64.482  3.615 0.6000000238
13528  2.500  -64.880  2.793 0.6999999881
13596  4.285  -64.341  -0.437 0.1000000015
13646  6.362  -63.864  -5.590 0.8000000119
13647  1.906  -64.651  -5.385 0.1000000015
13670  15.366  -63.983  -7.250 0.1000000015
13678  7.153  -65.041  -6.841 0.8000000119
13679  6.294  -65.284  -7.829 0.8999999762
13689  14.120  -64.964  -8.485 0.1000000015
13700  1.548  -63.812  -8.276 0.5000000000
13718  2.156  -64.826  -10.103 0.6000000238
13725  17.688  -64.561  -10.454 0.1000000015
13743  18.140  -64.590  -11.827 0.1000000015
13758  11.177  -64.876  -11.876 0.2000000030
13763  6.395  -64.238  -12.676 0.8999999762
13776  6.603  -64.070  -14.056 0.8999999762
13793  4.322  -63.809  -15.041 1.0000000000
13816  8.095  -63.947  -16.940 0.1000000015
13829  7.891  -64.526  -17.368 0.1000000015
13863  7.628  -65.261  -19.406 0.1000000015
13885  10.061  -64.338  -19.855 0.1000000015
13886  9.435  -64.487  -19.731 0.1000000015
13888  8.085  -64.985  -19.477 0.1000000015
13965  24.387  -64.253  -25.513 0.1000000015
13987  24.658  -64.329  -27.048 0.1000000015
14414  10.761  -63.150  3.578 0.4000000060
14415  8.680  -63.535  3.658 0.4000000060
14430  15.937  -63.515  2.785 0.1000000015
14433  1.896  -63.369  1.838 0.5000000000
14448  16.393  -63.120  2.269 0.1000000015
14545  16.705  -63.461  -7.964 0.1000000015
14547  15.060  -63.479  -6.891 0.1000000015
14552  18.618  -62.953  -8.895 0.1000000015
14561  18.940  -62.892  -9.398 0.1000000015
14575  11.311  -65.214  -10.353 0.2000000030
14582  18.979  -63.233  -10.927 0.1000000015
14583  18.767  -63.433  -11.698 0.1000000015
14592  5.254  -63.573  -13.166 0.8999999762
14598  5.795  -63.708  -14.171 0.8999999762
14602  3.075  -63.494  -13.199 0.8999999762
14614  5.367  -63.594  -14.699 1.0000000000
14615  4.747  -63.382  -14.517 1.0000000000
14685  8.382  -63.308  -18.748 0.1000000015
14800  25.411  -63.471  -26.715 0.1000000015
15260  11.313  -62.624  3.430 0.4000000060
15262  9.091  -62.745  3.789 0.6999999881
15265  5.370  -62.317  3.472 0.8999999762
15281  14.212  -62.742  2.868 0.1000000015
15282  13.267  -62.400  2.896 0.2000000030
15285  1.938  -62.636  2.095 0.6000000238
15301  16.338  -61.921  1.997 0.1000000015
15314  1.710  -61.939  0.750 0.4000000060
15327  3.723  -62.661  -0.399 0.1000000015
15380  5.332  -62.403  -5.632 0.8999999762
15386  13.763  -62.853  -6.640 0.1000000015
15388  11.855  -62.737  -6.558 0.2000000030
15429  4.094  -62.213  -10.902 1.0000000000
15430  2.322  -62.245  -10.573 1.0000000000
15438  4.207  -62.249  -12.203 1.0000000000
15446  4.049  -62.022  -12.575 1.0000000000
16050  10.866  -61.816  3.553 0.5000000000
16053  4.784  -61.717  3.212 0.8000000119
16069  4.215  -61.139  2.755 0.8000000119
16083  1.547  -61.069  0.905 0.5000000000
16176  7.487  -61.486  -7.010 0.5000000000
16181  1.966  -61.638  -8.206 1.0000000000
16184  19.207  -61.433  -8.823 0.1000000015
16211  3.698  -61.953  -10.374 1.0000000000
16220  3.247  -61.832  -10.716 1.0000000000
16229  3.075  -61.880  -11.381 1.0000000000
16235  3.420  -61.917  -11.835 1.0000000000
16815  8.559  -60.722  3.686 0.8000000119
16834  3.590  -60.552  2.214 0.8000000119
16846  2.844  -59.985  1.655 0.6000000238
16848  1.603  -60.266  0.763 0.5000000000
16858  16.321  -60.777  1.038 0.1000000015
16874  3.088  -60.104  -0.727 0.1000000015
16875  2.236  -60.031  -0.414 0.2000000030
16876  1.776  -59.816  -0.052 0.5000000000
16936  5.144  -60.571  -6.178 0.8999999762
16950  18.533  -60.564  -8.579 0.1000000015
16961  20.444  -60.367  -9.478 0.1000000015
16962  14.692  -59.973  -9.308 0.1000000015
17569  11.150  -59.179  3.902 0.3000000119
17582  12.342  -59.318  2.773 0.3000000119
17597  13.717  -59.350  1.767 0.2000000030
17601  2.225  -59.492  1.206 0.5000000000
17612  15.657  -59.420  0.630 0.2000000030
17634  1.809  -58.901  -0.016 0.6000000238
17681  1.563  -58.947  -3.457 0.4000000060
17695  19.376  -59.657  -8.665 0.1000000015
17703  20.567  -59.564  -9.291 0.1000000015
17709  5.114  -58.965  -8.858 0.6999999881
18330  14.152  -58.778  1.381 0.3000000119
18349  2.237  -57.961  0.287 0.5000000000
18350  1.909  -58.789  0.286 0.6000000238
18364  5.288  -58.758  -1.220 0.1000000015
18468  18.034  -59.456  -8.649 0.1000000015
18476  20.601  -58.754  -9.224 0.1000000015
18485  21.995  -58.113  -10.809 0.1000000015
18511  5.895  -57.663  -12.295 0.4000000060
19156  10.621  -57.774  4.122 0.4000000060
19165  12.875  -56.576  2.658 0.4000000060
19169  7.043  -57.839  2.134 0.6999999881
19180  13.185  -57.152  2.037 0.3000000119
19184  4.795  -57.706  1.128 0.6999999881
19197  3.067  -57.473  0.481 0.6000000238
19204  16.091  -57.614  -0.469 0.1000000015
19230  2.832  -56.986  -0.882 0.4000000060
19350  21.030  -57.337  -9.591 0.1000000015
20117  10.968  -56.445  3.896 0.5000000000
20128  12.840  -55.730  2.987 0.4000000060
20130  8.793  -56.529  2.694 0.8000000119
20139  8.368  -56.021  2.226 0.6000000238
20153  16.788  -55.501  0.134 0.1000000015
20160  2.632  -57.152  -0.031 0.4000000060
20197  3.143  -56.505  -0.934 0.4000000060
20198  2.770  -57.072  -0.412 0.3000000119
20208  5.111  -55.692  -2.249 0.2000000030
20299  20.488  -56.562  -9.708 0.1000000015
20313  22.358  -56.707  -10.637 0.1000000015
20319  14.965  -56.088  -10.793 0.1000000015
20334  5.107  -56.780  -11.637 0.5000000000
21046  10.492  -55.807  3.536 0.6000000238
21056  12.605  -54.830  3.115 0.4000000060
21070  10.081  -54.706  2.635 0.6000000238
21083  16.505  -54.715  0.519 0.2000000030
21097  4.182  -55.344  -0.846 0.5000000000
21112  4.775  -54.676  -1.899 0.4000000060
21113  4.274  -55.349  -1.339 0.3000000119
21118  21.049  -56.230  -2.751 0.1000000015
21120  18.971  -55.433  -1.872 0.2000000030
21134  18.745  -55.416  -3.235 0.3000000119
21144  18.069  -55.130  -3.991 0.6999999881
21228  20.017  -55.787  -10.032 0.1000000015
22032  12.189  -54.073  2.873 0.5000000000
22040  14.360  -54.004  1.843 0.4000000060
22044  8.411  -54.860  1.312 0.6999999881
22068  17.060  -53.809  0.000 0.4000000060
22075  24.860  -54.962  -1.286 0.1000000015
22077  18.481  -54.828  -1.376 0.5000000000
22095  21.927  -55.220  -3.073 0.1000000015
22916  12.420  -53.131  1.639 0.6000000238
22917  11.539  -53.260  1.582 0.6000000238
22944  16.539  -53.499  -0.065 0.6000000238
22949  7.357  -53.486  -0.737 0.6000000238
22955  24.408  -53.359  -1.345 0.1000000015
22962  7.006  -52.921  -1.771 0.5000000000
22964  5.274  -53.749  -2.388 0.4000000060
22975  22.119  -54.292  -3.340 0.1000000015
22991  15.028  -52.513  -4.028 0.8000000119
23111  11.097  -53.945  -13.544 0.1000000015
23754  26.056  -51.873  1.172 0.1000000015
23757  11.837  -52.834  0.876 0.6999999881
23770  25.217  -52.367  -0.358 0.1000000015
23771  13.022  -52.846  -0.828 0.8000000119
23773  11.626  -52.702  -0.102 0.8000000119
23809  8.511  -51.761  -3.657 0.4000000060
24651  9.249  -51.332  -3.878 0.4000000060
24666  10.721  -50.850  -4.715 0.5000000000
24676  11.015  -51.174  -5.797 0.2000000030
25427  25.924  -50.257  2.851 0.1000000015
25439  25.542  -50.559  1.326 0.1000000015
25508  10.678  -50.994  -5.239 0.3000000119
27060  20.951  -48.140  1.531 0.1000000015
27272  9.601  -48.977  -14.569 0.3000000119
27902  19.892  -47.444  2.281 0.1000000015
108687  11.526  -52.226  -1.942 0.8000000119
109118  6.340  -68.378  -20.384 0.2000000030
109249  25.245  -87.591  -11.518 1.0000000000
109275  3.583  -69.564  2.288 0.8999999762
109297  12.632  -64.842  3.901 0.1000000015
109369  8.899  -58.946  3.655 0.6000000238
109480  7.536  -70.101  -18.888 0.3000000119
109530  7.739  -87.709  -5.630 0.8999999762
109551  3.056  -67.729  1.541 0.4000000060
109687  10.463  -79.023  -22.879 1.0000000000
110079  22.038  -80.952  -14.613 0.3000000119
110123  3.058  -65.987  0.798 0.2000000030
110413  7.309  -64.684  -10.950 0.8999999762
110428  7.368  -64.412  -17.859 0.1000000015
110700  28.017  -82.691  -13.063 0.6000000238
110878  7.638  -86.100  3.361 0.2000000030
110898  8.632  -80.591  -0.911 0.5000000000
110941  6.282  -85.934  -13.691 0.1000000015
110980  3.541  -74.996  -8.352 0.2000000030
110982  6.087  -84.909  -12.669 0.1000000015
111144  3.220  -80.429  -10.714 0.1000000015
111200  32.983  -77.728  -22.279 0.6999999881
111226  26.450  -72.334  -20.653 0.1000000015
111239  3.440  -77.090  4.997 0.6999999881
111320  16.743  -70.546  -27.265 0.1000000015
111461  14.256  -78.458  -27.296 0.8000000119
111503  15.006  -89.288  -3.127 0.5000000000
111543  26.953  -75.019  -29.563 0.4000000060
111662  9.824  -69.919  -23.779 0.2000000030
111764  7.379  -78.209  -1.743 0.4000000060
111805  8.147  -64.754  -10.691 0.8000000119
111854  3.462  -66.390  0.588 0.2000000030
111920  3.140  -68.243  2.525 0.8999999762
112154  22.821  -68.892  -27.393 0.1000000015
112236  6.717  -85.778  -21.715 0.1000000015
112246  29.906  -76.925  -22.905 0.4000000060
112337  17.567  -72.351  -22.358 0.3000000119
112392  15.055  -74.253  -21.384 0.6000000238
112488  8.101  -70.380  -24.602 0.3000000119
112586  24.959  -77.062  -16.438 0.2000000030
112735  2.921  -82.235  -19.787 0.3000000119
112883  18.003  -90.352  -13.858 0.8999999762
112956  11.880  -90.803  -15.578 0.5000000000
112984  6.519  -73.694  -22.552 0.4000000060
113264  6.243  -82.937  12.759 0.2000000030
113636  15.389  -66.577  -24.024 0.1000000015
113641  32.467  -79.524  -23.930 0.8000000119
113868  5.929  -75.230  -1.893 0.8000000119
113884  14.210  -67.545  -13.619 0.3000000119
113907  18.443  -70.967  -27.007 0.1000000015
113973  20.856  -72.367  -26.419 0.1000000015
114034  29.113  -74.958  -30.693 0.2000000030
114036  8.993  -61.255  3.801 0.6999999881
114172  9.777  -64.135  -16.904 0.1000000015
114245  16.005  -78.614  -26.655 0.8999999762
114386  8.772  -86.324  1.575 0.2000000030
115028  6.490  -67.904  -19.662 0.2000000030
115059  6.783  -67.008  -19.674 0.1000000015
115064  17.136  -91.184  -18.092 0.6000000238
115081  22.598  -84.729  -23.752 0.1000000015
115094  6.952  -72.906  -23.929 0.4000000060
115193  4.149  -80.836  -20.259 0.8999999762
115260  5.739  -87.106  -12.561 0.1000000015
115265  17.942  -64.622  -11.233 0.1000000015
115274  2.988  -83.731  1.464 0.8000000119
115339  18.513  -79.586  -24.294 0.8999999762
115342  32.689  -76.921  -25.925 0.5000000000
115765  18.912  -69.669  -26.765 0.1000000015
115769  3.889  -85.176  -4.920 0.8999999762
115779  10.739  -68.891  -18.401 0.2000000030
115797  7.737  -63.811  -18.639 0.1000000015
115933  6.767  -79.732  -3.397 0.6000000238
115992  12.508  -67.546  -17.531 0.1000000015
116113  7.201  -80.025  6.058 0.5000000000
116121  16.510  -61.744  0.295 0.1000000015
116127  21.923  -76.777  -12.055 0.2000000030
116431  3.536  -83.906  -7.462 0.8000000119
116504  18.009  -81.202  -0.442 0.1000000015
116505  5.490  -78.304  -20.196 0.8000000119
116550  18.269  -74.355  -20.530 0.5000000000
116581  3.817  -83.537  -21.111 0.4000000060
116665  2.303  -81.080  -18.409 0.3000000119
116695  8.046  -54.460  0.641 0.6999999881
116727  4.039  -72.439  -4.748 0.3000000119
116740  6.309  -75.299  4.720 0.6999999881
116741  24.890  -75.494  -26.640 0.3000000119
116743  9.488  -72.162  8.244 0.1000000015
116769  22.628  -67.251  -22.503 0.1000000015
116795  5.364  -84.962  -11.831 0.1000000015
116898  8.536  -90.380  -11.667 0.4000000060
116978  8.435  -81.490  -23.562 0.8000000119
117025  6.157  -80.799  -2.227 0.8000000119
117058  21.600  -71.470  -19.746 0.1000000015
117102  4.727  -84.330  -20.119 0.1000000015
117154  11.160  -88.280  -8.613 0.6000000238
117352  30.303  -80.148  -18.515 0.6999999881
117489  11.878  -89.227  -9.721 0.8000000119
117560  4.642  -66.355  -17.395 1.0000000000
117576  19.764  -78.318  -19.728 0.8000000119
117581  6.422  -83.379  9.825 0.3000000119
117703  7.865  -75.718  11.483 0.1000000015
117720  10.884  -50.970  -4.080 0.4000000060
117761  8.740  -69.754  -18.486 0.3000000119
118013  6.919  -65.977  -19.182 0.1000000015
118048  16.034  -60.051  0.825 0.2000000030
118153  3.280  -83.341  -18.225 0.3000000119
118208  11.988  -78.505  -27.678 0.4000000060
118334  19.626  -77.140  -19.039 0.5000000000
118448  7.433  -82.783  4.005 0.2000000030
118450  2.736  -65.577  -11.074 0.3000000119
118508  8.567  -62.049  3.715 0.6999999881
118547  12.048  -89.158  -3.730 0.5000000000
118665  31.758  -78.757  -27.035 0.6000000238
118667  17.646  -74.327  -23.825 0.1000000015
118687  5.935  -62.834  3.483 0.8000000119
118806  6.158  -86.695  -3.066 0.8999999762
118823  3.472  -71.499  0.899 0.8999999762
118831  5.817  -75.884  -21.255 0.6999999881
118895  1.366  -62.930  -4.112 0.2000000030
119099  3.588  -67.915  -16.635 0.8000000119
119177  19.300  -87.201  -1.507 0.2000000030
119203  19.962  -84.486  -27.446 0.1000000015
119205  15.746  -56.855  0.040 0.3000000119
119209  7.113  -89.664  -8.373 0.8999999762
119297  14.388  -89.422  -21.508 0.1000000015
119337  3.488  -68.900  -16.144 0.6999999881
119447  21.452  -73.674  -19.446 0.4000000060
119517  21.942  -80.185  -22.483 0.8000000119
119698  7.542  -58.512  2.672 0.6000000238
119815  2.486  -66.180  2.065 0.6000000238
119859  3.927  -83.326  -10.999 0.2000000030
119879  18.798  -88.457  -20.616 0.2000000030
119883  12.110  -84.625  -8.021 0.6000000238
119930  2.962  -77.780  -0.065 0.8000000119
119957  3.713  -70.798  -13.821 0.2000000030
120197  4.510  -85.657  -10.244 0.3000000119
120264  13.008  -61.447  -8.098 0.1000000015
120615  13.519  -89.448  -2.564 0.5000000000
120619  9.272  -71.434  -25.759 0.4000000060
120669  5.567  -75.193  -14.765 1.0000000000
120817  6.296  -87.073  -3.802 0.8999999762
120915  14.820  -64.574  -7.658 0.1000000015
121009  4.557  -72.677  -7.061 0.1000000015
121291  5.945  -86.610  -13.932 0.1000000015
121337  7.721  -64.582  -19.164 0.1000000015
121382  12.961  -71.422  -26.025 0.2000000030
121532  10.466  -70.370  -14.819 0.6000000238
121553  8.823  -88.903  -9.804 0.8999999762
121639  21.455  -72.892  -19.538 0.3000000119
121688  24.780  -81.327  -15.456 0.4000000060
121948  16.520  -88.210  -13.565 0.8999999762
122008  17.384  -53.920  -1.115 0.6000000238
122103  3.507  -71.853  -18.698 0.6999999881
122253  2.691  -79.964  -1.775 0.8000000119
122266  16.570  -77.645  -22.160 0.8000000119
122287  10.752  -54.316  2.770 0.5000000000
122431  21.496  -77.319  -20.397 0.5000000000
122436  27.198  -79.527  -20.550 0.4000000060
122570  12.559  -62.757  -6.597 0.2000000030
122596  28.713  -85.017  -10.704 0.8999999762
123271  21.068  -78.060  -12.108 0.2000000030
123339  11.358  -86.273  7.839 0.1000000015
123359  19.970  -74.388  -18.450 0.5000000000
123466  2.754  -71.094  7.804 0.5000000000
123617  13.016  -78.535  -25.383 0.6999999881
123663  33.430  -80.953  -16.510 0.6000000238
123793  14.182  -77.312  -22.141 0.8000000119
123840  2.941  -65.032  -0.153 0.1000000015
123863  9.286  -79.984  -23.450 0.8999999762
123884  8.397  -67.529  -18.355 0.1000000015
123959  21.907  -84.974  -13.262 0.5000000000
124100  4.178  -74.300  -18.333 0.8999999762
124289  7.003  -78.547  1.805 0.5000000000
124311  10.273  -90.545  -15.974 0.1000000015
124348  17.553  -78.307  -23.160 0.8999999762
124417  8.220  -83.450  1.215 0.2000000030
124516  5.305  -70.810  -5.679 0.1000000015
124644  19.069  -77.853  -20.328 0.8000000119
124673  12.843  -71.893  -16.592 0.3000000119
124761  21.638  -88.786  -11.428 0.8000000119
124830  9.224  -66.125  3.511 0.5000000000
124867  5.683  -69.292  -17.304 1.0000000000
124912  18.884  -81.785  -25.454 0.8999999762
125048  26.101  -86.591  -10.750 1.0000000000
125162  12.442  -65.500  -23.161 0.1000000015
125252  9.467  -80.252  -26.737 0.3000000119
125281  8.988  -83.897  -1.788 0.2000000030
125322  13.867  -79.047  -8.766 0.5000000000
125392  18.901  -48.866  0.541 0.3000000119
125437  14.593  -90.238  -11.549 1.0000000000
125522  7.887  -84.178  2.242 0.2000000030
125742  3.195  -65.628  5.493 0.8999999762
125861  6.930  -72.867  1.885 0.8999999762
125994  14.447  -69.572  -14.837 0.3000000119
126011  19.987  -77.462  -24.386 0.6999999881
126043  26.161  -79.351  -28.861 1.0000000000
126087  20.766  -71.409  -18.905 0.1000000015
126134  7.120  -82.009  -23.303 0.8999999762
126153  11.507  -89.374  -7.570 0.5000000000
126219  2.613  -75.673  -13.797 0.1000000015
126244  28.124  -81.190  -9.061 0.1000000015
126270  6.996  -85.265  8.010 0.2000000030
126353  16.407  -65.620  -11.461 0.1000000015
126354  7.257  -86.041  -3.100 0.8999999762
126405  3.390  -65.346  -14.402 1.0000000000
126429  12.150  -80.752  -5.740 0.3000000119
126432  3.557  -83.687  -1.937 0.8999999762
126446  9.319  -73.976  9.230 0.1000000015
126447  16.583  -69.092  -25.556 0.1000000015
126585  8.976  -90.237  -13.610 0.3000000119
126606  28.444  -82.565  -18.258 0.5000000000
126687  15.997  -77.526  -21.896 0.8000000119
126741  7.452  -88.206  -14.268 0.3000000119
126795  27.029  -81.563  -25.110 0.6000000238
126801  3.507  -69.901  0.247 0.6999999881
126858  19.993  -88.177  -10.210 0.8000000119
127035  25.150  -79.686  -7.748 0.1000000015
127036  20.719  -54.315  -4.078 0.1000000015
127078  7.074  -87.382  -15.791 0.2000000030
127085  12.623  -70.649  -24.795 0.2000000030
127095  1.841  -62.092  0.259 0.2000000030
127264  32.258  -80.068  -22.655 0.8000000119
127334  20.394  -76.996  -27.823 0.6999999881
127493  10.583  -57.056  4.008 0.5000000000
127759  8.204  -72.350  -25.775 0.4000000060
127794  4.512  -58.406  -1.313 0.1000000015
127851  9.019  -69.147  -21.938 0.2000000030
128032  13.646  -53.102  1.437 0.5000000000
128107  23.679  -69.293  -24.105 0.1000000015
128116  14.051  -83.116  -7.708 0.5000000000
128576  20.635  -51.430  -3.926 0.6000000238
128648  8.580  -51.976  -2.977 0.4000000060
128658  32.908  -79.188  -14.483 0.5000000000
128696  21.431  -84.298  -26.690 0.2000000030
128730  7.336  -63.389  -5.565 0.6999999881
128782  8.200  -77.426  -21.821 0.6999999881
128788  17.012  -56.764  -0.593 0.1000000015
128799  27.744  -85.511  -14.528 0.5000000000
128900  14.776  -52.969  0.794 0.6000000238
128925  9.690  -85.843  6.718 0.1000000015
129044  25.137  -81.269  -22.424 0.3000000119
129060  7.128  -72.520  -24.608 0.4000000060
129125  4.784  -80.766  10.464 0.4000000060
129197  7.590  -80.267  -5.173 0.6000000238
129219  7.713  -86.319  -4.373 0.8999999762
129250  15.955  -70.096  -26.222 0.1000000015
129401  14.346  -70.967  -26.251 0.2000000030
129542  16.429  -63.610  -0.365 0.1000000015
129569  5.858  -79.662  0.886 0.6000000238
129574  15.001  -90.827  -8.961 0.8000000119
129650  3.895  -74.889  -8.417 0.1000000015
129777  15.021  -81.997  -8.454 0.5000000000
129780  3.038  -64.290  -13.453 1.0000000000
129934  11.086  -68.553  -22.115 0.2000000030
129936  9.968  -67.841  5.231 0.1000000015
129937  12.894  -85.878  -20.546 0.1000000015
129952  3.427  -66.938  -12.324 0.4000000060
129959  18.858  -82.819  -29.690 0.3000000119
129977  33.400  -80.343  -17.845 0.5000000000
130057  11.130  -81.422  -9.056 0.5000000000
130117  17.332  -90.202  -13.367 0.8999999762
130119  32.694  -81.314  -12.755 0.8000000119
130166  20.059  -55.845  -2.891 0.2000000030
130197  8.385  -86.251  2.833 0.2000000030
130328  33.803  -80.571  -16.839 0.6000000238
130351  3.004  -67.821  2.552 0.8999999762
130352  2.426  -77.650  -14.696 0.1000000015
130381  3.196  -82.645  -10.138 0.3000000119
130382  22.044  -79.975  -23.551 0.8000000119
130489  29.707  -80.297  -18.161 0.6999999881
130499  6.073  -68.896  -20.821 0.3000000119
130506  13.478  -69.212  -14.719 0.3000000119
130570  21.362  -74.666  -20.482 0.4000000060
130599  28.632  -82.970  -17.920 0.5000000000
130669  20.551  -79.044  -12.640 0.2000000030
130779  2.453  -76.830  -16.881 0.6999999881
130810  25.830  -78.630  -16.623 0.3000000119
130907  5.112  -86.647  -11.854 0.3000000119
130927  26.420  -83.514  -12.530 0.6999999881
130959  7.012  -67.239  -16.166 0.8999999762
130990  15.244  -83.307  0.149 0.2000000030
131104  7.568  -69.618  6.295 0.3000000119
131209  22.344  -76.495  -11.980 0.2000000030
131240  9.585  -83.617  -3.328 0.2000000030
131264  16.175  -90.267  -17.118 0.6999999881
131316  11.949  -88.791  -15.909 0.8000000119
131317  24.243  -74.334  -12.392 0.1000000015
